tree
version=v4
num_class=1
num_tree_per_iteration=1
label_index=0
max_feature_idx=23
objective=quantile
feature_names=Familia_Potencial Provincia mes trimestre dia_setmana dia_anyo Potencial_EUR_anual euros_7d euros_30d euros_90d euros_180d euros_365d n_pedidos_7d n_pedidos_30d n_pedidos_90d n_pedidos_365d ratio_30d_vs_90d ratio_90d_vs_365d share_wallet_12m gap_eur dies_desde_ultima_compra cicle_mig_dies cicle_std_dies num_intervals
feature_infos=-1:0:1 -1:29:7:41:39:0:12:19:46:3:31:44:36:50:2:25:32:48:18:4:15:6:20:47:5:33:1:23:21:17:8:26:9:42:37:10:24:14:28:13:35:45:34:22:52:16:40:49:51:27:43:38:30 -1:8:5:7:6:4:0:11:2:1:9:3:10 -1:1:0:3:2 -1:2:3:1:4:0:5 [2:365] [0:26143.639999999999] [-6812.54:13625.08] [-1849.6199999999999:13625.08] [-1263.72:13644.549999999999] [-1263.72:18497.200000000001] [-524.63:23065.779999999999] [0:4] [0:6] [0:13] [0:38] [-1849619.9999999998:1343380] [1.2344802683760104e-06:185.40246406570714] [-0.4828890688855344:15.092568388498215] [0:25717.98] [-1:867] [-1:766] [-1:507.70266889194113] [0:58]
tree_sizes=5161 5473 5494 5524 5611 5611 5583 5633 5561 5567 5614 5617 5564 5581 5652 5493 5554 5593 5643 5601 5569 5617 5544 5611 5592 5613 5540 5543 5678 5587 5520 5499 5580 5564 5515 5640 5614 5567 5580 5566 5586 5582 5529 5567 5610 5571 5606 5581 5661 5647 5561 5524 5595 5580 5629 5638 5524 5611 5245 5586 5566 5488 5569 5501 5553 5567 5496 5578 5086 5505 5505 5550 3638 5488 5492 5574 4660 5682 5596 3162 5194 5543 5608 5597 5590 5601 5555 5648 5660 5502 5538 5687 5531 5329 5534 5651 5503 5587 5540 5483 5603 4729 5604 5577 5660 5556 5653 4902 5630 5537 5605 5639 5578 5598 5559 5531 5593 5088 5485 5610 5560 5581 5612 5604 5633 5650 5658 5675 5692 5568 5563 5618 5591 5668 5557 5673 5698 5664 5522

Tree=0
num_leaves=63
num_cat=8
split_feature=14 14 21 17 17 21 7 21 7 21 14 21 8 17 1 21 13 17 21 3 17 7 17 17 8 12 6 21 7 21 21 16 13 17 3 8 16 17 1 19 10 1 21 18 21 3 21 21 22 21 1 7 18 22 8 17 17 8 21 1 19 22
split_gain=698.181 189.285 103.561 102.109 67.987 42.3328 28.3959 26.564 14.1385 12.3278 12.127 13.6283 10.0956 8.67017 8.58047 8.45165 8.4045 11.7506 8.49238 6.84625 6.50721 6.31161 6.18261 5.46798 5.31125 5.57873 4.99493 4.30875 4.27999 3.49719 3.11466 3.01638 2.99275 3.52285 2.96067 2.94272 2.82286 2.69488 2.63791 2.46467 2.41397 2.33761 2.29633 2.2919 2.03269 1.78982 1.7499 1.74946 1.61078 1.52349 1.42627 1.36585 1.28771 1.20847 1.45979 1.19005 1.11872 1.05219 1.04737 1.00521 0.895808 0.86678
threshold=2.5000000000000004 1.5000000000000002 44.031250000000007 1.2307666540406972 0.88889450400478098 56.035714285714292 -1.0000000180025095e-35 46.033333333333339 288.02000000000004 33.279220779220786 1.0000000180025095e-35 70.050000000000011 575.75500000000011 1.6184922794738708 0 88.944444444444457 1.5000000000000002 2.7141534807312833 39.51315789473685 1 1.3721365464486655 719.76500000000021 0.65639299585569477 1.8662752725601452 269.77000000000004 1.5000000000000002 1734.8500000000001 63.591666666666676 60.600000000000009 100.06250000000001 67.041666666666671 1.3636237465031209 1.5000000000000002 1.4117616696578621 2 550.99500000000023 1.0639388779364871 0.61414497487845077 3 495.87999999999994 793.32000000000005 4 122.10000000000001 0.66317048663784928 38.52272727272728 5 5.5000000000000009 15.859090909090911 8.9832184809140418 221.16666666666671 6 1156.8900000000001 2.3404036445576568 14.155243313714807 352.87500000000006 0.90526384473832511 2.4999965299465616 92.63000000000001 49.550505050505059 7 1901.3400000000004 17.556021412357982
decision_type=2 2 2 2 2 2 2 2 2 2 2 2 2 2 9 2 2 2 2 1 2 2 2 2 2 2 2 2 2 2 2 2 2 2 1 2 2 2 9 2 2 9 2 2 2 1 2 2 2 2 9 2 2 2 2 2 2 2 2 9 2 2
left_child=1 4 9 7 10 16 43 31 29 13 48 37 30 -2 24 26 17 18 -5 -19 36 23 42 -11 50 -26 -10 35 -18 34 39 -3 33 -16 -8 52 -4 47 -39 -9 -24 -32 -13 -6 51 56 -15 -12 49 -1 -7 -23 -22 -29 -55 -14 -37 -31 -30 -34 -56 -46
right_child=2 3 20 5 6 14 8 12 15 21 11 22 55 46 32 -17 28 19 -20 -21 27 44 40 -25 25 -27 -28 53 58 57 41 -33 59 -35 -36 45 -38 38 -40 -41 -42 -43 -44 -45 61 -47 -48 -49 -50 -51 -52 -53 -54 54 60 -57 -58 -59 -60 -61 -62 -63
leaf_value=52.100000000000001 47.299999999999997 47.649999999999999 47.725000000000001 47.899999999999999 47.112499999999997 49.024999999999999 50.237499999999997 48.299999999999997 50.100000000000001 47.850000000000001 48.612499999999997 47.899999999999999 48.299999999999997 47.600000000000001 49.049999999999997 51.950000000000003 49.912500000000001 48.5 48.5 49.299999999999997 48 48 48.774999999999999 47.950000000000003 49.350000000000001 47.200000000000003 51.149999999999999 47.1875 47.5 49.587499999999999 48.137500000000003 48 48.137500000000003 49.950000000000003 48.649999999999999 48.674999999999997 48.200000000000003 49.274999999999999 48.299999999999997 47.950000000000003 49.8125 48.9375 49.149999999999999 48.837499999999999 48.387500000000003 48.25 47.549999999999997 47.950000000000003 49.287500000000001 47.462499999999999 48.100000000000001 48.299999999999997 48.912500000000001 48.262500000000003 49.274999999999999 49 50.600000000000001 51.049999999999997 48.200000000000003 50.049999999999997 48.612499999999997 48.549999999999997
leaf_weight=281 811 155 75 187 110 104 292 352 1233 639 38 192 49 21 215 5597 44 361 724 810 219 97 174 185 1903 91 5273 20 320 108 108 458 112 1280 587 103 136 107 393 122 386 136 114 20 56 212 623 304 224 34 228 41 24 86 234 299 27 433 22 125 24 50
leaf_count=281 811 155 75 187 110 104 292 352 1233 639 38 192 49 21 215 5597 44 361 724 810 219 97 174 185 1903 91 5273 20 320 108 108 458 112 1280 587 103 136 107 393 122 386 136 114 20 56 212 623 304 224 34 228 41 24 86 234 299 27 433 22 125 24 50
internal_value=48.9997 49.0028 48.9794 48.9966 49.006 48.9995 49.0073 48.9856 49.0075 48.9737 48.9979 48.9959 48.9905 48.9706 49.0026 49.0081 48.9943 48.9956 48.9913 48.999 48.9919 48.9782 49.0002 48.9759 49.0006 49.0016 49.0068 48.9938 48.9875 49.0027 48.9871 48.9773 49.0052 49.0061 49.0007 48.9911 48.9838 48.9913 48.9939 48.9846 49.0034 48.9923 48.9946 48.9844 48.986 48.9944 48.9755 48.9878 49.0044 49.0067 48.9948 48.9817 48.9867 48.9982 48.9991 48.9977 48.9998 49.0059 48.9856 49 49.0009 48.9924
internal_weight=27788 24105 3683 8205 15900 6526 13653 1679 13523 2523 2247 1708 1066 1455 4058 12103 2468 2082 911 1171 1160 1068 866 824 2326 1994 6506 949 386 1420 718 613 1732 1495 879 585 211 842 500 474 560 244 306 130 244 342 644 342 539 315 332 138 243 364 344 348 130 541 342 237 258 106
internal_count=27788 24105 3683 8205 15900 6526 13653 1679 13523 2523 2247 1708 1066 1455 4058 12103 2468 2082 911 1171 1160 1068 866 824 2326 1994 6506 949 386 1420 718 613 1732 1495 879 585 211 842 500 474 560 244 306 130 244 342 644 342 539 315 332 138 243 364 344 348 130 541 342 237 258 106
cat_boundaries=0 2 3 4 6 8 9 10 12
cat_threshold=816420472 864906 1 12 2181562369 131 536875008 4608 12 536903680 131204 16385
is_linear=0
shrinkage=1


Tree=1
num_leaves=63
num_cat=10
split_feature=15 20 20 21 21 15 20 17 17 21 15 21 7 2 5 20 5 8 21 21 0 2 7 7 21 7 9 7 5 1 19 8 2 21 20 7 5 0 1 2 7 8 20 17 17 5 1 21 21 7 8 5 1 7 17 11 21 8 20 21 5 21
split_gain=680.136 214.152 76.5088 75.3061 44.2282 37.979 20.6486 17.4893 17.4365 15.3521 13.2692 17.2308 11.3053 10.3325 8.84741 8.66165 8.16135 8.07825 7.98788 7.54798 6.19807 18.6036 6.15279 5.99809 5.66328 5.45997 5.05933 4.89418 4.32612 4.21792 3.82258 3.81532 3.53932 3.50895 3.47347 3.34638 3.32497 3.25227 3.03801 3.02823 2.97018 2.72913 2.10636 3.58071 2.0919 2.09017 2.03068 2.02943 1.97941 1.66177 1.57014 1.47873 1.43621 1.78505 1.36124 1.54302 1.47138 1.35929 1.35058 1.34921 2.23444 1.31824
threshold=7.5000000000000009 70.500000000000014 1.0000000180025095e-35 56.035714285714292 38.52272727272728 4.5000000000000009 47.500000000000007 1.3362166418463193 0.81103141465805295 61.519230769230781 2.5000000000000004 35.159663865546229 719.76500000000021 0 34.500000000000007 44.500000000000007 180.50000000000003 480.17000000000002 32.205263157894741 107.07142857142858 1 2 299.3250000000001 255.06000000000003 18.732142857142861 1240.0450000000003 275.78500000000003 171.36000000000004 312.50000000000006 3 3719.2950000000014 550.99500000000023 4 43.675438596491233 9.5000000000000018 302.49000000000007 3.5000000000000004 5 6 7 432.19000000000005 92.63000000000001 96.500000000000014 1.4567594701162419 0.7058056715698785 171.50000000000003 8 157.29166666666671 45.035714285714292 177.99000000000004 1161.2100000000003 314.50000000000006 9 432.19000000000005 0.82229620088665911 4684.2850000000008 39.026315789473692 928.83500000000015 65.500000000000014 44.031250000000007 165.50000000000003 146.55000000000004
decision_type=2 2 2 2 2 2 2 2 2 2 2 2 2 1 2 2 2 2 2 2 1 1 2 2 2 2 2 2 2 9 2 2 1 2 2 2 2 1 9 1 2 2 2 2 2 2 9 2 2 2 2 2 9 2 2 2 2 2 2 2 2 2
left_child=1 2 14 6 18 8 10 28 13 40 16 -12 33 38 30 34 -4 24 -2 20 22 -22 -10 44 -8 51 -16 -15 31 -17 35 -5 59 50 -9 -1 -21 -37 47 -19 42 -38 43 -7 -11 -35 -28 -3 -34 -40 -6 58 53 -25 55 -42 -56 -50 -20 60 -14 -29
right_child=4 5 3 7 12 9 17 15 19 23 11 -13 32 27 26 29 -18 39 25 36 21 -23 -24 52 -26 -27 46 61 -30 -31 -32 -33 48 45 -36 37 41 -39 49 -41 54 -43 -44 -45 -46 -47 -48 -49 57 -51 -52 -53 -54 -55 56 -57 -58 -59 -60 -61 -62 -63
leaf_value=-1.4512499999999999 -1.615 -1.265625 -1.2250000000000001 -0.80031250000000009 -1.110625 -0.96749999999999992 -0.27500000000000002 -1.5009375 0.50249999999999984 -1.0449999999999999 -1.3774999999999999 -0.979375 -0.94624999999999992 -1.3975000000000002 -0.95750000000000002 0.13249999999999992 0.82953125000000016 -0.51999999999999991 -1.05 -1.1975000000000002 -1.5550000000000002 1.2450000000000001 1.9524999999999999 -0.51906250000000009 -0.80374999999999996 -0.75 1.6425000000000001 -0.29171874999999997 0.14531250000000001 0.74750000000000016 -1.2324999999999999 -0.21499999999999986 -0.95000000000000007 -0.91499999999999992 -0.012812500000000072 0.64250000000000007 -0.051249999999999934 -0.75500000000000012 1.735625 0.051250000000000018 -0.18999999999999986 3.0525000000000002 -0.51250000000000007 0.46812499999999996 -0.058124999999999899 -0.83250000000000002 2.9800000000000004 6.4154687499999996 -1.0100000000000002 0.082187500000000038 -0.95500000000000007 -0.77812499999999996 0.79375000000000018 0.58249999999999991 -0.92749999999999988 -1.0975000000000001 -0.0037500000000000536 -0.012500000000000001 -1.0018750000000001 0.49687500000000001 0.23062500000000005 1.9175000000000002
leaf_weight=32 935 82 680 674 376 128 225 411 405 41 516 860 20 125 105 787 172 347 590 38 226 1514 4282 103 404 37 601 216 171 772 40 358 80 289 1179 354 57 61 460 394 91 5287 116 32 71 167 1088 22 29 95 20 86 544 320 41 58 346 60 40 60 40 28
leaf_count=32 935 82 680 674 376 128 225 411 405 41 516 860 20 125 105 787 172 347 590 38 226 1514 4282 103 404 37 601 216 171 772 40 358 80 289 1179 354 57 61 460 394 91 5287 116 32 71 167 1088 22 29 95 20 86 544 320 41 58 346 60 40 60 40 28
internal_value=-9.53546e-05 0.00253736 -0.00301568 -0.00533446 -0.0233183 0.00639807 -0.0106845 -0.000895522 0.00737247 -0.000191394 -0.013671 -0.0167513 -0.0155485 0.00106693 0.0050405 0.00105092 -0.00859649 -0.00577203 -0.0285038 0.00791674 0.00672434 0.00410212 0.0076839 0.0036853 -0.00994858 -0.0241237 0.00666388 -0.00546466 -0.00602197 0.00370519 -0.000841837 -0.00724638 -0.00663527 -0.0184795 -0.00152228 0.000416667 0.00932683 0.00176435 0.00481771 -0.00213374 -0.00539877 0.0094352 -0.00967742 -0.0134969 -0.00695652 -0.0149237 0.00733599 -0.0025641 -0.0109203 0.00631602 -0.0223058 -0.0251043 0.00498711 0.00237959 -0.00306122 -0.00715461 -0.0013141 -0.00529891 -0.0261848 0 -0.0047619 -0.00121457
internal_weight=27788 24959 10231 7950 2829 14728 3598 4352 12837 1891 2228 1376 1141 1028 2281 3149 852 1370 1688 11809 6427 1740 4687 1079 629 753 1794 369 1203 1559 487 1032 289 852 1590 447 5382 415 659 741 812 5344 276 160 112 456 1689 104 169 555 396 716 967 423 536 149 387 89 630 120 60 244
internal_count=27788 24959 10231 7950 2829 14728 3598 4352 12837 1891 2228 1376 1141 1028 2281 3149 852 1370 1688 11809 6427 1740 4687 1079 629 753 1794 369 1203 1559 487 1032 289 852 1590 447 5382 415 659 741 812 5344 276 160 112 456 1689 104 169 555 396 716 967 423 536 149 387 89 630 120 60 244
cat_boundaries=0 1 2 3 5 6 7 9 10 12 14
cat_threshold=300 1 256 806916456 4738 2852 1 100929536 65696 2385 2184217843 66059 537560232 294912
is_linear=0
shrinkage=0.05


Tree=2
num_leaves=63
num_cat=9
split_feature=15 14 14 17 15 7 22 17 2 7 7 22 14 0 18 5 17 7 19 5 15 22 7 14 5 22 7 17 0 2 15 2 14 2 13 0 18 22 5 18 2 5 5 13 15 10 2 11 18 9 18 5 7 7 17 17 10 7 6 18 22 10
split_gain=647.686 195.758 73.1268 50.6965 41.4576 27.6894 22.6284 22.5326 16.1464 12.8567 11.8491 11.7066 8.80135 8.7526 7.36672 6.86463 6.85838 5.80374 5.68467 5.96688 5.48645 5.31984 5.18231 4.67484 4.57637 7.00162 4.17189 4.1083 4.00363 3.38101 3.08029 2.90895 3.72577 2.66352 2.54832 2.50104 2.47551 2.42036 2.35417 2.2919 2.28449 1.63665 1.60109 1.57153 1.47039 1.46581 1.68834 1.45771 1.44384 1.32066 1.31947 1.2576 1.44678 1.0401 1.0381 1.00822 0.970858 0.802512 0.784928 0.783454 0.736068 1.04369
threshold=7.5000000000000009 1.5000000000000002 2.5000000000000004 0.88889450400478098 10.500000000000002 -1.0000000180025095e-35 21.12094790847804 1.2436211369362569 0 288.02000000000004 719.76500000000021 8.5034812033510203 1.0000000180025095e-35 1 0.63026240161405744 181.50000000000003 0.61414497487845077 467.53000000000009 2921.7400000000002 31.500000000000004 8.5000000000000018 17.556021412357982 358.89000000000004 3.5000000000000004 180.50000000000003 -1.0000000180025095e-35 165.35500000000005 1.5398436308105161 2 3 3.5000000000000004 4 3.5000000000000004 5 1.5000000000000002 6 0.26071242218143881 68.777781530079125 255.50000000000003 0.66317048663784928 7 80.500000000000014 167.50000000000003 1.5000000000000002 12.500000000000002 1591.9200000000003 8 2092.98 1.1621057578925964 -1.0000000180025095e-35 0.69133769956937419 210.50000000000003 360.12500000000006 85.910000000000011 1.1647781258883991 0.35470599156147881 1385.8950000000002 661.34500000000014 4496.4800000000005 3.1792533513583119 12.021426933115455 4744.9750000000013
decision_type=2 2 2 2 2 2 2 2 1 2 2 2 2 1 2 2 2 2 2 2 2 2 2 2 2 2 2 2 1 1 2 1 2 1 2 1 2 2 2 2 1 2 2 2 2 2 1 2 2 2 2 2 2 2 2 2 2 2 2 2 2 2
left_child=1 3 7 12 10 39 15 17 14 24 20 13 41 -10 36 23 30 29 28 -20 -2 60 37 35 25 -7 38 -13 -11 43 53 32 -24 -28 -16 -4 -9 58 -18 -5 -23 50 -31 -3 54 -19 -47 49 -49 -43 -1 52 -17 -14 -6 -32 -33 -53 -8 -42 61 -12
right_child=4 2 6 5 44 9 22 8 11 18 21 27 16 -15 34 51 26 45 19 -21 -22 40 31 -25 -26 -27 33 -29 -30 42 55 56 -34 -35 -36 -37 -38 -39 -40 -41 59 47 -44 -45 -46 46 -48 48 -50 -51 -52 57 -54 -55 -56 -57 -58 -59 -60 -61 -62 -63
leaf_value=1.0238437499999999 -0.90528125000000004 -0.8073125000000001 -0.95103125000000022 -1.7484824218749999 -1.2342499999999998 -1.1346249999999998 -1.0010312500000003 -0.75280468749999996 -0.36374999999999996 2.5448750000000002 -0.81049999999999989 -0.33809375000000003 -1.1107499999999999 -1.2348125000000001 0.56512499999999977 -1.2061015625 -0.9525468749999999 0.2607500000000002 -1.0958749999999999 0.74771875000000021 -1.0481015625000001 0.16096874999999999 -0.56632812500000007 -1.5086250000000001 1.6241250000000003 0.9225468750000001 -0.22243164062499998 0.17518749999999983 1.6827500000000002 -0.75269531250000021 -1.1717109375000001 0.8796250000000001 -1.546125 0.34450000000000003 -0.31685937499999994 -1.2592500000000002 0.086250000000000077 -0.15028125000000012 0.11268750000000019 -0.14982031250000008 -0.91200000000000014 -1.6351250000000002 -0.59339062499999995 -0.51685937500000034 -1.5842499999999999 -0.64228125000000014 -0.039249999999999834 -0.46272656250000016 0.81125000000000014 2.1321249999999998 -2.10109375 -0.81542187500000007 -0.28579687500000023 0.44736914062500016 -0.9967499999999998 -0.82762500000000017 -0.0082421874999997879 -0.51780468750000008 -0.40103125000000017 -0.60249999999999992 -0.70937500000000009 -0.9941875
leaf_weight=30 548 217 296 110 279 336 218 187 833 9216 30 655 61 481 1707 28 124 75 77 290 756 101 219 171 627 457 430 1497 2518 239 91 41 20 493 189 252 821 51 50 20 117 21 172 55 537 114 197 59 45 360 23 79 88 108 233 277 175 30 29 49 145 34
leaf_count=30 548 217 296 110 279 336 218 187 833 9216 30 655 61 481 1707 28 124 75 77 290 756 101 219 171 627 457 430 1497 2518 239 91 41 20 493 189 252 821 51 50 20 117 21 172 55 537 114 197 59 45 360 23 79 88 108 233 277 175 30 29 49 145 34
internal_value=-5.57735e-05 0.00251332 -0.00330999 0.00587878 -0.022718 0.00700802 -0.0126691 -0.001164 -2.74596e-05 0.00723251 -0.0179473 -0.00233544 -0.0011954 -0.00605543 0.00270826 -0.0178458 -0.0030391 -0.0078708 0.00776293 0.0014527 -0.0204667 -0.0108559 -0.00606812 -0.0203082 0.00267041 7.85176e-05 -0.000715909 -4.64037e-05 0.00795561 -0.0106596 -0.00766204 -0.00253821 -0.0062004 0.000580454 0.00455503 -0.0176044 -0.000692384 -0.0112126 -0.00776836 -0.0156015 -0.00578704 0.0042976 -0.0068691 -0.0152632 -0.0306915 -0.0027635 -0.00433917 0.00525102 0 0.00667318 -0.00334821 -0.0095943 -0.00504202 -0.00167151 -0.0274757 -0.0102426 0.00152838 -0.0137277 -0.01325 -0.00907821 -0.0169222 -0.0231343
internal_weight=27788 24959 9136 15823 2829 13651 1697 7439 6370 13521 1780 3466 2172 1314 2904 944 1634 1069 12101 367 1304 476 753 719 1420 793 1097 2152 11734 683 537 455 239 923 1896 548 1008 298 174 130 267 538 411 272 1049 386 311 485 104 381 53 225 116 169 512 368 216 109 247 166 209 64
internal_count=27788 24959 9136 15823 2829 13651 1697 7439 6370 13521 1780 3466 2172 1314 2904 944 1634 1069 12101 367 1304 476 753 719 1420 793 1097 2152 11734 683 537 455 239 923 1896 548 1008 298 174 130 267 538 411 272 1049 386 311 485 104 381 53 225 116 169 512 368 216 109 247 166 209 64
cat_boundaries=0 1 2 3 4 5 6 7 8 9
cat_threshold=716 1 1 3218 2530 454 1 2604 2241
is_linear=0
shrinkage=0.05


Tree=3
num_leaves=63
num_cat=7
split_feature=15 20 14 21 21 7 15 13 21 8 21 15 21 7 6 8 20 21 9 6 2 7 2 7 2 20 21 20 19 7 15 15 7 21 2 21 6 21 19 2 20 20 2 11 7 2 20 23 23 7 6 10 10 8 20 20 21 6 8 10 11 20
split_gain=628.367 188.387 81.9139 47.2176 38.363 33.3599 23.1385 18.9702 13.352 12.8136 11.9819 10.3209 10.0557 7.71774 7.04249 6.59104 6.05226 5.96158 5.62421 5.60861 11.5824 5.47714 5.47506 5.5018 5.31458 4.65356 4.42649 4.30045 3.76639 3.69824 3.50015 3.35392 3.1685 3.15183 3.07999 3.02602 2.91128 2.75466 2.6783 2.1814 2.17936 2.14594 2.11993 1.99002 1.9192 1.86851 1.80176 1.77286 1.60251 1.54453 1.50647 1.40406 2.04215 2.21384 1.33677 1.17424 1.09661 1.03081 0.931083 1.14107 0.912181 0.902149
threshold=7.5000000000000009 80.500000000000014 2.5000000000000004 35.845238095238102 46.033333333333339 446.11500000000007 4.5000000000000009 1.5000000000000002 45.035714285714292 288.03000000000003 83.062500000000014 5.5000000000000009 67.041666666666671 769.6450000000001 2501.0100000000007 835.88000000000011 21.500000000000004 107.07142857142858 342.00500000000005 1734.8500000000001 0 219.94000000000003 1 93.700000000000017 2 35.500000000000007 50.527777777777786 1.0000000180025095e-35 1389.7950000000003 358.89000000000004 12.500000000000002 2.5000000000000004 432.19000000000005 37.516666666666673 3 61.519230769230781 1734.8500000000001 161.41666666666671 3608.4750000000008 4 96.500000000000014 7.5000000000000009 5 1047.2550000000003 360.12500000000006 6 164.50000000000003 10.500000000000002 8.5000000000000018 1330.2000000000003 3650.2500000000005 689.31000000000006 2522.4100000000003 472.96500000000009 92.500000000000014 37.500000000000007 11.125000000000002 1734.8500000000001 1322.9350000000002 2827.9850000000001 4615.6200000000008 54.500000000000007
decision_type=2 2 2 2 2 2 2 2 2 2 2 2 2 2 2 2 2 2 2 2 1 2 1 2 1 2 2 2 2 2 2 2 2 2 1 2 2 2 2 1 2 2 1 2 2 1 2 2 2 2 2 2 2 2 2 2 2 2 2 2 2 2
left_child=1 2 5 30 24 10 9 11 15 22 14 27 32 51 16 -5 -1 19 55 20 -11 43 46 28 44 33 -9 -7 -24 35 41 -21 40 -26 58 -6 -28 -25 -16 61 57 -2 -20 -14 -4 -13 -3 -42 49 -34 -41 -10 53 -53 -50 -12 -27 -8 59 -17 -19 -31
right_child=3 6 4 8 29 7 12 26 13 17 18 45 21 -15 38 34 -18 60 42 31 -22 -23 23 37 25 56 36 -29 -30 39 -32 -33 48 -35 -36 -37 -38 -39 -40 50 47 -43 -44 -45 -46 -47 -48 -49 54 -51 -52 52 -54 -55 -56 -57 -58 -59 -60 -61 -62 -63
leaf_value=-0.039947753906249786 -0.9011499999999999 0.70146074218749999 -1.0733199218749998 -0.94273173828125012 -0.90306171875000008 1.6331312500000004 -0.23260000000000006 -1.4581435546875001 -0.86898593750000019 -1.5613875000000002 -1.2718357421875 0.26260312500000021 -0.2757210937500002 0.13269570312500001 -0.72922460937500022 0.13637763671874989 -0.60153671874999992 2.9226312500000002 0.7142015625 3.2676312500000004 1.1986125000000001 0.78104118652343724 -1.6811186767578121 0.13325561523437521 -1.3262574218749998 -0.20269843749999997 1.2436867187500003 0.28707968749999974 -0.60344003906249988 -0.73223437499999999 -1.5050375 0.92763125000000002 -0.017952343749999943 -1.0172296875000002 -0.86221874999999992 -0.58214843750000023 -1.06379765625 2.6742565429687506 -1.1851390625 0.34392812500000008 -0.20268554687500001 -1.1779412109375 -0.030540625000000078 -1.5677666015625 -0.25030458984375009 -0.25401093749999964 2.856132666015625 -0.83666445312500004 0.053928124999999841 1.3904437500000002 -0.45646484375000007 -0.72811093749999967 -0.78215742187500004 -0.26523593749999996 -0.64129318847656258 -0.41735253906249992 -0.88853749999999965 -0.89053945312500005 0.089149999999999799 -0.83753750000000027 2.0226312499999999 0.18602783203124984
leaf_weight=628 37 366 39 708 118 1898 29 186 54 157 152 252 33 114 589 20 1494 4762 444 2441 1166 586 52 639 378 26 75 2296 74 214 529 1764 258 118 197 166 279 157 119 230 128 727 620 23 78 653 399 21 68 43 37 161 74 127 110 111 253 81 40 41 117 32
leaf_count=628 37 366 39 708 118 1898 29 186 54 157 152 252 33 114 589 20 1494 4762 444 2441 1166 586 52 639 378 26 75 2296 74 214 529 1764 258 118 197 166 279 157 119 230 128 727 620 23 78 653 399 21 68 43 37 161 74 127 110 111 253 81 40 41 117 32
internal_value=-4.31794e-05 0.00248728 -0.00221427 -0.0223649 -0.0123744 -0.000454128 0.00649811 0.00204493 -0.0163093 0.00719807 -0.00385517 0.00299637 0.00032538 -0.00961538 -0.00569185 -0.0197473 -0.0042 0.00785663 2.81955e-05 0.00668957 0.00376131 0.00492248 0.00309911 0.00040107 -0.0194972 -0.0210184 -0.006814 0.00404456 -0.00910853 -0.00429688 -0.0294657 0.00759565 -0.00360999 -0.0244489 -0.0128738 -0.00888502 -0.00329132 0.0020025 -0.0100563 -0.00162306 -0.00806298 -0.0265971 0.00168697 -0.00932203 -0.00644231 -0.00180341 0.00618573 -0.00353618 -0.00106328 0.00102796 0.00138393 -0.0127685 -0.0111644 -0.00876289 -0.00483425 -0.00643797 -0.0152926 -0.0134956 -0.00339912 -0.00761719 0.00916376 -0.00492278
internal_weight=27788 24959 11485 2829 1689 9796 13474 5639 1536 12094 4157 5099 1380 530 2830 1006 2122 10407 1327 5528 1323 642 1687 922 892 775 540 4194 126 797 1293 4205 738 496 298 284 354 796 708 513 259 764 1064 56 117 905 765 149 479 301 267 416 362 288 178 263 279 110 101 61 4879 246
internal_count=27788 24959 11485 2829 1689 9796 13474 5639 1536 12094 4157 5099 1380 530 2830 1006 2122 10407 1327 5528 1323 642 1687 922 892 775 540 4194 126 797 1293 4205 738 496 298 284 354 796 708 513 259 764 1064 56 117 905 765 149 479 301 267 416 362 288 178 263 279 110 101 61 4879 246
cat_boundaries=0 1 2 3 4 5 6 7
cat_threshold=256 44 512 2820 421 1804 772
is_linear=0
shrinkage=0.05


Tree=4
num_leaves=63
num_cat=8
split_feature=15 20 14 15 17 17 22 20 20 20 8 5 14 5 16 23 8 17 22 5 1 15 16 1 1 1 1 1 1 5 20 17 8 8 0 11 8 5 20 22 10 8 11 6 8 22 8 5 16 23 15 15 5 8 5 5 8 8 10 20 8 10
split_gain=599.06 176.328 77.71 41.9515 34.1443 30.4502 19.9091 18.9717 19.3793 9.91547 9.11497 8.922 7.94074 7.48135 7.47941 6.78238 6.37565 5.96634 5.61512 5.06454 4.95479 4.64145 4.56601 4.11828 3.94078 3.65389 3.5229 3.32918 3.25614 3.22229 2.96595 3.8554 2.60975 2.52469 2.41442 2.26329 2.17295 2.12571 2.07394 2.03779 2.00141 1.98238 1.89155 1.83321 1.7994 1.74802 1.69123 1.66115 1.6602 1.65134 1.59551 1.48963 1.48916 1.47811 1.23675 1.22207 1.14532 1.07352 1.08203 1.04887 1.04134 0.923925
threshold=7.5000000000000009 80.500000000000014 2.5000000000000004 10.500000000000002 0.92398764115435961 1.3333348021374041 21.12094790847804 1.0000000180025095e-35 49.500000000000007 125.50000000000001 710.0150000000001 180.50000000000003 3.5000000000000004 27.500000000000004 1.0639388779364871 10.500000000000002 430.92000000000002 1.2748584559048839 18.37809961192384 315.50000000000006 0 8.5000000000000018 1.2000004164110369 1 2 3 4 5 6 181.50000000000003 161.50000000000003 0.80158027090940276 1584.3150000000003 248.01500000000001 7 2519.7750000000005 675.1450000000001 167.50000000000003 40.500000000000007 69.974393997729734 1620.3850000000004 720.80000000000018 7775.7100000000009 1376.8900000000001 189.15500000000003 26.79195804226525 841.47500000000014 3.5000000000000004 1.0070111880241863 11.500000000000002 6.5000000000000009 12.500000000000002 86.500000000000014 270.34000000000009 78.500000000000014 124.50000000000001 1290.1150000000002 1543.4850000000004 2362.3400000000006 35.500000000000007 633.62500000000011 2522.4100000000003
decision_type=2 2 2 2 2 2 2 2 2 2 2 2 2 2 2 2 2 2 2 2 9 2 2 9 9 9 9 9 9 2 2 2 2 2 1 2 2 2 2 2 2 2 2 2 2 2 2 2 2 2 2 2 2 2 2 2 2 2 2 2 2 2
left_child=1 2 5 10 15 16 12 13 11 22 21 -9 29 41 -10 20 19 27 49 25 30 61 35 50 48 -1 -15 46 36 34 31 -3 38 -30 -4 -6 -24 -14 56 44 54 -7 -40 -31 -26 -17 -11 -19 -8 59 -18 -5 -32 -49 -22 -50 -20 58 -51 -12 -42 -2
right_child=3 4 6 51 9 7 24 8 14 17 18 -13 37 26 -16 45 23 47 32 -21 40 -23 28 -25 39 -27 -28 -29 33 43 52 -33 -34 -35 -36 -37 -38 -39 42 -41 60 -43 -44 -45 -46 -47 -48 53 55 57 -52 -53 -54 -55 -56 -57 -58 -59 -60 -61 -62 -63
leaf_value=-0.50215048828125008 -0.79456810058593741 -0.46641934783935568 -0.84877879394531286 -1.0444295446777345 0.099479594726562592 -0.68250656249999975 -0.69519791015625021 -0.76943174316406227 -0.51376982421875006 0.751181875 -0.93689923828125021 -0.0007336328125000513 -1.3543808789062499 0.89702499023437543 0.34228195312500009 -0.47772374176025389 -0.27610066406249983 -0.68192061706542983 -0.8526632421875 -0.02761689453124987 0.055243962402343888 -0.94420833496093748 0.82228515624999976 0.075301093749999742 -0.9022289453125002 -0.84835508789062508 2.4388184375000006 1.1737496875000002 -0.7475401245117187 0.47241932373046897 2.0981434375000005 0.42397294067382774 0.35525331542968747 0.74029408050537104 -1.1299746289062502 -1.0927807958984377 1.4436766503906249 -0.6390410351562501 0.032562499999999876 -0.12429697265625013 -0.6777654394531254 0.30147468750000039 -0.80434866577148478 -0.76570082031249997 -0.74267216796875035 -1.0837526437377931 -1.5588214062499999 1.6650348291015626 -0.56384655517578131 -0.24389694702148434 -0.72174632812499984 -1.4297856250000001 -0.050569133300781388 3.5196059374999997 1.0891739782714847 0.61464046875000022 -0.52294786132812487 -0.14494523437500009 -0.90238418945312482 -0.76691470092773439 0.42843797851562493 -1.0509509130859376
leaf_weight=345 413 656 294 512 111 167 67 1578 399 74 138 940 162 691 2674 42 347 40 147 165 98 599 1291 365 76 569 1194 926 81 23 133 245 58 1334 252 40 1090 38 81 70 62 193 46 173 372 44 27 273 55 20 169 537 141 6165 503 107 33 22 89 72 98 62
leaf_count=345 413 656 294 512 111 167 67 1578 399 74 138 940 162 691 2674 42 347 40 147 165 98 599 1291 365 76 569 1194 926 81 23 133 245 58 1334 252 40 1090 38 81 70 62 193 46 173 372 44 27 273 55 20 169 537 141 6165 503 107 33 22 89 72 98 62
internal_value=-7.5564e-05 0.00239514 -0.00215333 -0.0218706 0.00627551 -0.00043882 -0.0120493 0.000950376 -0.00060109 0.00733304 -0.017078 -0.0038576 -0.0169048 0.00483207 0.00205218 0.000259259 -0.00601121 0.00841269 -0.0123766 -0.00860675 0.000902527 -0.0200789 0.00526266 -0.00275735 -0.00581667 -0.01006 0.00609772 0.00474515 0.00560674 -0.0142617 -0.0011048 -0.00253042 -0.0077106 0.00352766 -0.0163479 -0.00300325 0.00677214 -0.0261084 -0.00955645 -0.00814501 0.00402132 -0.00165289 -0.00394231 -0.0080402 -0.00953437 -0.0132022 -0.00339912 0.00898395 0 -0.0171148 -0.00557656 -0.0298836 0.00333935 0.00904751 0.00540149 0.00257576 -0.0131148 -0.0112873 -0.0132813 -0.0203052 -0.000613497 -0.0158211
internal_weight=27788 24959 11485 2829 13474 9796 1689 7836 5591 11452 1780 2518 942 2245 3073 2022 1960 7505 706 1079 1936 1074 3947 881 747 914 1885 1027 3796 742 1175 901 365 1415 546 151 2381 200 307 518 761 360 127 196 448 86 101 6478 229 341 516 1049 274 6438 601 162 180 131 109 210 160 475
internal_count=27788 24959 11485 2829 13474 9796 1689 7836 5591 11452 1780 2518 942 2245 3073 2022 1960 7505 706 1079 1936 1074 3947 881 747 914 1885 1027 3796 742 1175 901 365 1415 546 151 2381 200 307 518 761 360 127 196 448 86 101 6478 229 341 516 1049 274 6438 601 162 180 131 109 210 160 475
cat_boundaries=0 2 4 6 8 10 12 14 15
cat_threshold=908465634 210560 537137321 98944 524489 33282 2718434352 1310848 2452657298 333321 2147647568 32770 907847088 295059 1
is_linear=0
shrinkage=0.05


Tree=5
num_leaves=63
num_cat=10
split_feature=15 14 14 17 15 22 7 17 7 18 13 16 22 14 7 7 15 8 17 1 15 7 6 23 22 1 1 6 17 1 7 3 14 17 18 3 10 1 1 17 8 10 6 16 22 1 15 10 16 7 11 18 8 16 9 9 15 7 8 22 23 3
split_gain=570.936 163.193 61.8394 43.3537 42.1969 19.0929 17.1763 16.8766 11.3077 11.1576 11.1321 11.5582 10.7768 7.5913 7.51913 7.26988 8.23678 7.20725 5.05543 5.00067 4.67403 4.61758 4.57983 4.20723 3.92305 3.39675 3.06173 2.9766 2.95946 2.83306 2.75596 2.68958 2.20813 2.20772 1.95816 1.87459 2.48209 1.80731 1.6395 1.60532 1.4767 1.67731 1.4425 1.75822 1.42456 1.41227 1.27521 1.20467 1.12145 1.03888 0.97012 0.937424 0.866194 0.854767 1.67335 1.35506 0.761773 0.760355 0.72793 0.722954 0.702102 0.654584
threshold=7.5000000000000009 1.5000000000000002 2.5000000000000004 1.0024541409419101 10.500000000000002 21.12094790847804 -1.0000000180025095e-35 1.3333348021374041 726.9100000000002 0.22573415561107793 1.5000000000000002 1.0182646512866858 -1.0000000180025095e-35 3.5000000000000004 265.33000000000004 -1.0000000180025095e-35 5.5000000000000009 432.53000000000003 1.2811186807971768 0 8.5000000000000018 310.12000000000006 1734.8500000000001 9.5000000000000018 21.214381881432832 1 2 4168.3500000000013 0.80158027090940276 3 265.33000000000004 4 3.5000000000000004 1.6836789399240406 0.61384015774754086 5 1481.6700000000003 6 7 0.81103141465805295 2501.0250000000005 4237.7150000000011 4496.4800000000005 1.9999602693785692 18.656991406593473 8 6.5000000000000009 1276.9400000000003 2.0000022027984357 377.94500000000005 9098.4300000000021 2.8272179629025254 1219.1900000000003 1.2857160831267309 686.17500000000007 727.61500000000024 12.500000000000002 -434.39999999999992 363.92500000000007 13.881158470225367 8.5000000000000018 9
decision_type=2 2 2 2 2 2 2 2 2 2 2 2 2 2 2 2 2 2 2 9 2 2 2 2 2 9 9 2 2 9 2 1 2 2 2 1 2 9 9 2 2 2 2 2 2 9 2 2 2 2 2 2 2 2 2 2 2 2 2 2 2 1
left_child=1 3 7 15 8 13 34 17 20 29 11 27 58 35 -13 57 19 37 26 39 53 42 -20 -21 40 46 -11 -9 49 61 -14 -31 38 56 -5 36 -4 47 -23 -17 41 59 43 -7 -43 -37 -19 -3 -39 -18 -26 -27 -22 -2 -55 -56 -6 -1 -12 -10 -30 -8
right_child=4 2 5 6 33 21 9 10 24 18 12 14 30 -15 -16 16 28 25 22 23 52 32 -24 -25 50 51 -28 -29 60 31 -32 -33 -34 -35 -36 45 -38 48 -40 -41 -42 44 -44 -45 -46 -47 -48 -49 -50 -51 -52 -53 -54 54 55 -57 -58 -59 -60 -61 -62 -63
leaf_value=-0.9147299750976563 -0.91114729809570327 0.13116225878906215 -1.3465706962890627 -1.5681563103637695 -1.0071689622192384 -0.86741482006835935 0.062658765625000265 -0.48730304174804701 -0.19434641552734427 1.1620198127441406 -0.58188801367187482 -0.71562013159179694 1.2159459914550785 -1.1991618349609376 0.28836613671874967 0.32420874560546875 -0.7408213422622677 -0.32759961523437514 1.6936256406249997 -0.033501957519531091 -0.89475563122558599 0.23829159350585929 2.7514685067138673 -1.2164228785209652 -0.21026168072509777 -0.0052986093749998638 0.34423498347473153 -1.1978339597167966 0.60437100140380873 0.10796350164794949 -0.82425652398681637 2.1712167239074707 -1.2209061028747561 -0.87829515298461913 -1.0275616354980464 -0.71951264550781269 -0.32649572070312527 -0.74541322216796901 -0.37996883911132828 0.77377814416503954 0.13895194921874995 -0.85621124450683583 0.017557006835937729 -0.46690751440429717 -0.90466992202758822 -1.0023216267089843 -0.72065618212890614 -0.49266814184570312 -0.47436164990234392 -0.4661643222999578 -0.54792714749145499 0.28477625390625 -1.0864516838378904 -0.81407401806640634 -0.0025958405761720375 -0.64167774871826178 -1.35829634375 -1.7426371093749999 -1.2544741021118164 -0.63027662304687482 -0.44316143935775759 -0.8766045039672854
leaf_weight=39 234 54 32 64 481 186 129 523 44 1078 22 389 183 200 4150 757 158 237 2094 1177 739 102 7678 38 140 335 615 57 61 410 390 528 36 39 21 131 116 485 354 597 20 90 25 50 31 465 142 59 75 170 31 60 35 98 35 194 529 59 278 89 34 116
leaf_count=39 234 54 32 64 481 186 129 523 44 1078 22 389 183 200 4150 757 158 237 2094 1177 739 102 7678 38 140 335 615 57 61 410 390 528 36 39 21 131 116 485 354 597 20 90 25 50 31 465 142 59 75 170 31 60 35 98 35 194 529 59 278 89 34 116
internal_value=-9.89529e-05 0.00231302 -0.00300361 0.00538592 -0.0213762 -0.0116103 0.00667498 -0.00102963 -0.0165732 0.0068295 0.000133445 0.00103231 -0.00506564 -0.0163675 0.00189069 5.65794e-05 0.000517529 -0.00587069 0.00730838 0.00159895 -0.0189182 -0.00553902 0.00775448 -0.000702362 -0.0093471 -0.00247748 0.00469487 -0.00557461 -0.00589789 0.00213954 -0.00093316 0.00339117 -0.00252525 -0.0294083 -0.0151989 -0.0137885 -0.00621118 -0.00967086 -0.00141612 0.00367593 -0.0130866 -0.0141051 -0.0109375 -0.0121339 -0.0188508 -0.0151888 -0.00577168 -0.00228175 -0.0108202 -0.0081571 -0.0029454 0.000704657 -0.0216538 -0.0149601 -0.0124621 -0.00942888 -0.0299358 -0.0131188 -0.0127063 -0.00909926 0.00140306 -0.00247093
internal_weight=27788 24959 9136 15823 2829 1697 12733 7439 1780 12648 5992 5119 873 944 4539 3090 2992 1447 11465 2569 1335 753 9772 1215 445 774 1693 580 423 1183 573 938 492 1049 85 744 148 673 456 1354 274 254 261 236 121 596 379 113 560 328 171 395 774 561 327 229 1010 98 300 133 95 245
internal_count=27788 24959 9136 15823 2829 1697 12733 7439 1780 12648 5992 5119 873 944 4539 3090 2992 1447 11465 2569 1335 753 9772 1215 445 774 1693 580 423 1183 573 938 492 1049 85 744 148 673 456 1354 274 254 261 236 121 596 379 113 560 328 171 395 774 561 327 229 1010 98 300 133 95 245
cat_boundaries=0 2 4 6 8 9 10 12 14 16 17
cat_threshold=2174567633 115385 537137320 98432 639373957 283776 1216512 21633 1 4 557073 128 2147483657 514 2148536332 4610 6
is_linear=0
shrinkage=0.05


Tree=6
num_leaves=63
num_cat=12
split_feature=15 20 14 15 15 20 22 5 20 7 5 1 7 7 14 18 9 1 18 7 20 1 9 1 15 15 7 0 0 1 5 5 5 19 1 1 10 15 14 0 9 1 16 10 9 11 5 22 6 7 5 11 6 7 6 16 11 19 22 20 5 1
split_gain=537.052 160.439 62.1734 42.4388 31.8415 29.5353 16.6848 14.3363 11.4496 11.0658 9.71945 7.78565 7.64345 6.93799 6.74097 5.6224 5.03808 4.91615 4.78994 4.76018 4.40394 4.33759 4.18519 3.90676 3.8452 3.57099 3.30756 3.26762 3.16362 2.90765 2.72904 2.70884 2.69072 2.55182 2.55128 2.49274 2.42861 2.30044 2.28453 1.99959 1.9738 1.9534 1.88755 1.83991 1.81422 1.78945 1.77133 1.763 1.70765 1.7022 1.64409 1.60342 1.54332 1.51223 1.46569 1.80584 1.36787 1.19595 1.1542 1.77684 1.13328 1.00171
threshold=7.5000000000000009 70.500000000000014 2.5000000000000004 10.500000000000002 4.5000000000000009 1.0000000180025095e-35 21.12094790847804 170.50000000000003 134.50000000000003 726.9100000000002 34.500000000000007 0 288.02000000000004 432.19000000000005 3.5000000000000004 0.16162127130473544 333.24000000000007 1 0.37274592583933114 310.12000000000006 49.500000000000007 2 275.78500000000003 3 6.5000000000000009 8.5000000000000018 288.02000000000004 4 5 6 167.50000000000003 181.50000000000003 287.50000000000006 1450.0699999999999 7 8 1292.47 12.500000000000002 3.5000000000000004 9 333.24000000000007 10 1.4705765187479283 1591.9200000000003 1286.6900000000003 2645.4050000000002 12.500000000000002 10.894188026108671 1376.8900000000001 363.51500000000004 325.50000000000006 4615.6200000000008 3056.7900000000004 1240.0450000000003 4496.4800000000005 1.9999602693785692 6932.2800000000016 2087.3300000000004 21.473432734801484 52.500000000000007 318.50000000000006 11
decision_type=2 2 2 2 2 2 2 2 2 2 2 9 2 2 2 2 2 9 2 2 2 9 2 9 2 2 2 1 1 9 2 2 2 2 9 9 2 2 2 1 2 9 2 2 2 2 2 2 2 2 2 2 2 2 2 2 2 2 2 2 2 9
left_child=1 2 5 9 8 10 14 11 12 25 15 18 32 34 31 -1 -13 40 -7 54 -19 28 57 47 33 -2 29 -17 -14 60 -16 39 41 42 45 -24 -23 50 61 -4 -9 -3 -15 -26 -45 -6 -28 -11 -33 -36 -5 -48 -31 56 55 -8 -49 -12 59 -25 -10 -21
right_child=3 4 6 37 13 7 19 17 26 23 22 16 21 24 30 27 -18 20 -20 38 -22 36 35 58 43 -27 46 -29 -30 52 -32 48 -34 -35 49 -37 -38 -39 -40 -41 -42 -43 -44 44 -46 -47 51 53 -50 -51 -52 -53 -54 -55 -56 -57 -58 -59 -60 -61 -62 -63
leaf_value=-1.0926615188323976 -0.74510453469238314 0.43287939950218207 -0.75756318209228546 -0.97490007465515094 -0.59724064671549781 -0.70028818590545672 -0.82627730098876917 -0.83218516334228565 -0.53217639729957567 -0.7220413854064941 -0.10238436099929826 -0.97244617890624951 1.2720344390502936 -0.13564728107910168 -1.2267037432128907 0.28632752778930703 -0.48138590831298844 -0.15507878073730447 0.16550166259155291 0.22212988126220701 0.35819782988281229 0.87215483815307593 0.99405001265258797 -0.089635426588439773 0.19951012921619374 -0.85477718255004909 1.2499025472213745 -1.0091471147323607 0.68946662655029312 2.1901608903579715 -0.54713089165039042 0.46512314357910189 1.2637558618530276 -0.57370377363281266 -0.31225037823486368 2.3331234261642457 0.38333100003814685 -1.2903815265625 -1.159860797731018 -1.0352151529205327 -0.43131266055297879 -0.63630709202880853 0.39552411381225561 -0.76855059386901881 -0.19752014014930755 -0.97965208963222483 2.9906959652893073 -0.81988853901062064 -0.64447768207092304 0.42388442020568845 -0.52448238910827616 1.3024666331451422 0.24277654964294443 -0.4050795507591245 0.016679156494140913 -0.44356213868408229 -1.020146656916046 -1.5142828177467349 0.039070957983398373 -0.99448726718139613 1.9670981463989261 -0.28365585003662119
leaf_weight=87 561 247 289 461 260 99 185 85 198 34 78 341 2247 104 162 336 2783 1217 463 101 1001 651 475 72 30 774 196 64 885 624 38 23 133 75 180 1214 771 537 36 250 306 455 963 61 55 59 6144 73 170 104 51 119 131 75 25 50 66 27 88 37 36 326
leaf_count=87 561 247 289 461 260 99 185 85 198 34 78 341 2247 104 162 336 2783 1217 463 101 1001 651 475 72 30 774 196 64 885 624 38 23 133 75 180 1214 771 537 36 250 306 455 963 61 55 59 6144 73 170 104 51 119 131 75 25 50 66 27 88 37 36 326
internal_value=-0.00010435 0.0022349 -0.00257109 -0.0207406 0.00557668 -0.000850915 -0.011437 -0.00262186 0.00646904 -0.0159282 0.0040116 -0.00462863 0.00468518 -0.000455385 -0.0158824 -0.00216837 -0.00559452 0.00019621 0.00073913 -0.00559573 0.00113178 0.00549155 0.00571786 -0.00878906 0.00158792 -0.0182455 0.00775064 0.000248139 0.00655008 0.00490171 -0.0243842 -0.0134014 0.000223747 0.00259825 -0.00488861 0.00633126 0.00304878 -0.0287904 -0.00238734 -0.0153367 -0.00485767 -0.000957447 0.00325935 -0.00587248 -0.00882353 -0.00786898 0.00817665 -0.0128352 -0.00758929 -0.0010101 -0.0253398 0.00832868 0.00636393 -0.0109447 -0.0110266 -0.0122374 -0.0141725 -0.00358796 -0.00255952 -0.00613839 0 -0.00119186
internal_weight=27788 24959 10231 2829 14728 8576 1655 6295 12837 1780 2281 3686 5389 1891 932 487 3124 2609 562 723 2218 4554 1794 445 1288 1335 7448 400 3132 989 200 732 835 1142 603 1689 1422 1049 463 539 391 702 1067 146 116 319 6459 248 193 284 512 6263 755 214 260 235 139 105 197 109 234 427
internal_count=27788 24959 10231 2829 14728 8576 1655 6295 12837 1780 2281 3686 5389 1891 932 487 3124 2609 562 723 2218 4554 1794 445 1288 1335 7448 400 3132 989 200 732 835 1142 603 1689 1422 1049 463 539 391 702 1067 146 116 319 6459 248 193 284 512 6263 755 214 260 235 139 105 197 109 234 427
cat_boundaries=0 2 4 6 8 9 10 12 14 16 17 19 21
cat_threshold=2537766914 1975300 13635624 4130 641578880 315605 2717909121 66048 1 1 2248282116 266400 537399496 4113 271615122 67081 1 33554633 657 2147483657 640
is_linear=0
shrinkage=0.05


Tree=7
num_leaves=63
num_cat=16
split_feature=14 14 17 17 17 14 7 2 1 22 18 22 2 14 2 17 7 2 17 1 17 18 17 16 16 8 6 1 7 22 16 8 2 1 22 1 1 1 10 16 22 18 17 11 1 1 16 18 16 17 22 4 11 7 17 22 11 1 18 18 17 16
split_gain=489.117 113.591 59.0462 53.3397 44.1547 23.5987 16.4793 15.3717 10.9583 9.92617 9.68933 8.83221 8.55239 6.81787 6.49592 13.322 8.39021 6.44424 5.61305 5.4493 5.39619 5.30924 4.98794 4.49145 5.47513 4.41059 4.19005 4.06161 4.04907 3.6451 3.59361 3.31479 3.30638 3.23736 3.17007 2.89742 2.80831 2.80563 2.74666 2.50777 2.37683 2.24802 2.23863 2.15278 2.12104 2.10596 1.99497 1.95816 1.91244 1.76741 1.74301 1.66709 1.66249 1.63222 1.63012 1.61767 1.57328 1.55056 1.42372 1.39727 1.33455 1.25404
threshold=2.5000000000000004 1.5000000000000002 1.2307666540406972 1.3598411847406686 1.0024541409419101 3.5000000000000004 -1.0000000180025095e-35 0 1 17.157911769056842 0.25187002627733984 30.515728489399152 2 3.5000000000000004 3 0.63582554949437731 165.35500000000005 4 1.2618907795870424 5 1.0024541409419101 0.63026240161405744 0.91461817388736566 2.7000005671441598 1.5000027216611571 575.75500000000011 1734.8500000000001 6 270.34000000000009 11.316163198275598 1.5000027216611571 394.40000000000003 7 8 18.184700523333635 9 10 11 1991.5100000000002 1.3518605308489218 30.515728489399152 0.26071242218143881 1.4567594701162419 661.34500000000014 12 13 2.1760753890328792 0.61384015774754086 1.4636162535034483 0.35470599156147881 25.224987602840336 14 2645.4050000000002 83.920000000000016 0.78500398259162762 65.04741828570269 3407.1200000000003 15 0.73342908001079177 1.0111967720841888 1.5029066050535815 1.3587289701442813
decision_type=2 2 2 2 2 2 2 1 9 2 2 2 1 2 1 2 2 1 2 9 2 2 2 2 2 2 2 9 2 2 2 2 1 9 2 9 9 9 2 2 2 2 2 2 9 9 2 2 2 2 2 9 2 2 2 2 2 9 2 2 2 2
left_child=1 4 8 13 14 11 47 21 22 23 17 28 50 20 29 49 -17 -8 37 39 -2 41 40 24 -9 44 -20 51 43 -1 56 55 58 -18 -32 53 -19 -12 -21 -11 -3 -4 -29 -5 -24 -34 -15 -6 -27 -16 -7 -23 -51 -31 -37 -13 -10 -43 -30 -22 -45 -58
right_child=3 2 7 5 6 12 10 9 30 19 18 31 -14 46 15 16 33 36 26 38 59 27 25 -25 -26 48 -28 42 32 35 34 -33 45 -35 -36 54 -38 -39 -40 -41 -42 57 -44 60 -46 -47 -48 -49 -50 52 -52 -53 -54 -55 -56 -57 61 -59 -60 -61 -62 -63
leaf_value=1.6278781750850293 -1.0591969422130585 -0.83401080389129634 -0.60547483879241948 -0.61303800918151841 -1.4767119326970914 -0.83836245023437506 -0.81681501179336513 -0.58396197031066865 -0.41463989027854914 -0.72529201564392132 1.0429403674718476 -0.77603054824401851 -1.1758624502343751 -1.2258624502343751 -1.2051141956134033 -1.1611916889562985 -0.10715648485206604 0.01966013088636398 1.5531334123622129 0.49047993754043556 -0.75274002752410851 -0.3735659749221803 -0.5453900625189213 -1.0966595257057949 0.038174356772995299 -1.0776679389910506 2.5330598361865238 0.15952286705352778 -1.0273574776314545 -1.2037818392100523 -0.40074412211418153 -0.14501989103088375 -0.35447300425590528 0.44348374073347074 0.1722006308409883 0.0017678758337592805 1.4116691892388251 0.2268565444987484 -0.12185015863708487 -0.10470146845153822 -0.59291207671268686 0.3877297815484621 0.67594549714508045 -0.65690114037010172 -0.76344944796356184 -0.72694281339416522 -0.77586245023437506 -0.95211425830749485 -0.27007048515029947 -0.40804935363206973 -0.25010791271802874 0.34137558285873404 -0.80474555205686582 -0.017425930148696891 0.7759345190011594 -0.13390543388702386 -0.9057608038912961 -0.068134305362853809 0.14429503439651531 -0.67586245023437508 -0.94771736108322147 -0.5657991199417115
leaf_weight=432 262 289 187 29 64 173 211 826 128 201 1014 132 390 405 183 176 534 363 2068 607 173 149 285 342 508 41 7445 297 31 58 70 320 103 822 174 364 1007 541 333 754 89 222 1267 36 216 789 21 21 245 191 54 230 175 50 181 42 61 603 99 453 171 81
leaf_count=432 262 289 187 29 64 173 211 826 128 201 1014 132 390 405 183 176 534 363 2068 607 173 149 285 342 508 41 7445 297 31 58 70 320 103 822 174 364 1007 541 333 754 89 222 1267 36 216 789 21 21 245 191 54 230 175 50 181 42 61 603 99 453 171 81
internal_value=-0.000143931 0.00244784 -0.00232548 -0.0171087 0.00491417 -0.012558 0.00622792 -0.00016465 -0.0106793 -0.00237514 0.00637943 -0.00951567 -0.0210282 -0.0252278 -0.000355002 -0.00199976 0.000358306 0.00265941 0.00690543 7.24447e-05 -0.0223345 0.00248905 -0.0133595 -0.00518166 -0.00379581 -0.0109652 0.00736785 0.00402749 -0.0117565 0.00274362 -0.00412713 -0.00367203 -0.0102195 0.00172921 0 0.000323933 0.00392263 0.00403562 0.00278069 -0.0025439 -0.0184383 -0.000394089 0.00513633 -0.0179916 -0.0138641 -0.0112707 -0.0309441 -0.0151989 -0.00562284 -0.00867301 -0.0108854 -0.000542092 -0.00630081 -0.00661157 0.00190412 -0.00918079 -0.00815018 0.000679348 -0.00157343 -0.0193561 -0.0198214 -0.0118966
internal_weight=27788 24105 8205 3683 15900 2369 12734 6526 1679 3571 12649 1752 617 1314 3166 2081 1532 1581 11068 1895 888 2955 1165 1676 1334 787 9513 1943 1258 1085 514 494 1022 1356 244 653 1370 1555 940 955 378 1012 1564 236 501 892 426 85 286 549 227 379 366 108 545 174 270 825 130 626 207 142
internal_count=27788 24105 8205 3683 15900 2369 12734 6526 1679 3571 12649 1752 617 1314 3166 2081 1532 1581 11068 1895 888 2955 1165 1676 1334 787 9513 1943 1258 1085 514 494 1022 1356 244 653 1370 1555 940 955 378 1012 1564 236 501 892 426 85 286 549 227 379 366 108 545 174 270 825 130 626 207 142
cat_boundaries=0 1 3 4 5 6 8 10 11 13 15 17 19 21 23 24 26
cat_threshold=716 540415204 103056 3597 1060 1 612897128 611874 8913020 286720 512 637931524 34322 33591296 278529 2216202272 21633 639373957 349312 536870948 656 2147487752 4099 10 33554577 278544
is_linear=0
shrinkage=0.05


Tree=8
num_leaves=63
num_cat=14
split_feature=20 23 20 21 21 17 21 20 21 1 21 21 2 2 5 5 2 21 8 16 17 20 7 18 17 2 21 1 8 21 17 1 23 21 16 2 20 17 17 20 21 1 0 5 8 0 20 7 21 0 18 5 1 5 7 20 21 7 7 5 5 2
split_gain=346.49 149.084 78.0501 102.339 44.5464 33.7163 23.4702 20.1074 16.9326 16.34 15.0468 13.9148 9.63141 9.15201 8.94771 8.68182 7.43377 7.3022 6.36518 6.33165 5.13794 4.47459 4.47297 4.31484 3.6646 4.4282 3.65987 3.36926 3.36512 3.34843 3.48309 3.32742 3.2356 3.22676 3.04213 3.0465 2.8767 2.67841 2.67445 2.59619 2.57795 2.53471 2.3819 2.36404 2.31893 2.30589 4.06497 2.64723 2.1768 2.04039 3.28426 2.01551 1.93938 1.90426 1.87819 1.85346 1.75653 2.0729 1.74872 1.69491 1.64266 1.59952
threshold=66.500000000000014 15.500000000000002 1.0000000180025095e-35 46.690476190476197 11.125000000000002 1.2307666540406972 77.683333333333351 110.50000000000001 30.883116883116887 0 67.041666666666671 38.02272727272728 1 2 74.500000000000014 53.500000000000007 3 71.041666666666671 306.21500000000009 1.5072780045753189 1.7486267011887235 168.50000000000003 363.51500000000004 0.12776461168803829 0.73603384834252961 4 56.035714285714292 5 230.29000000000002 111.08333333333336 1.7777782349047533 6 2.5000000000000004 48.516666666666673 1.2440463250584692 7 13.500000000000002 0.42116893138902683 1.354589279961927 7.5000000000000009 71.041666666666671 8 9 13.500000000000002 359.40500000000003 10 154.50000000000003 299.3250000000001 11.125000000000002 11 0.43404689505439803 3.5000000000000004 12 31.500000000000004 554.27500000000009 217.50000000000003 31.513157894736846 726.9100000000002 615.6450000000001 257.50000000000006 126.50000000000001 13
decision_type=2 2 2 2 2 2 2 2 2 9 2 2 1 1 2 2 1 2 2 2 2 2 2 2 2 1 2 9 2 2 2 9 2 2 2 1 2 2 2 2 2 9 1 2 2 1 2 2 2 1 2 2 9 2 2 2 2 2 2 2 2 1
left_child=1 2 15 4 14 6 12 10 32 18 20 56 21 36 54 23 -10 -15 59 -14 26 -2 55 -1 25 -8 60 42 -12 30 61 -24 -6 38 48 -36 -11 -27 58 -16 -20 -30 -17 -43 -29 47 -47 -32 -22 50 -25 -31 -26 -51 -4 -21 -3 -58 -13 -5 -7 -9
right_child=5 11 3 9 8 7 24 29 16 13 28 33 19 17 39 27 -18 -19 40 22 34 -23 31 49 52 37 -28 44 41 51 45 -33 -34 -35 35 -37 -38 -39 -40 -41 -42 43 -44 -45 -46 46 -48 -49 -50 53 -52 -53 -54 -55 -56 -57 57 -59 -60 -61 -62 -63
leaf_value=-1.0011220847323656 -0.16141833782216475 -1.1812333577932279 -0.95969220006145761 -0.72388534096759816 -0.73505703988006577 -0.72722976005818918 0.70467855469273288 1.4170081752155157 -0.3646473024837682 -1.3046793800227241 -0.008635769501479108 -0.83085495350856786 -0.72249819391206449 -0.42016582777054218 -1.5915965555487739 1.2067458177609731 -0.76256905746193349 -0.031181285098083225 -0.57072903565701105 -0.73603163753603695 0.010087624288223296 2.4180990955577113 0.35498112412825872 -0.051348822828231992 1.1359266893584372 -1.774369986003935 0.11336217127358968 -0.048843418503489035 1.1131660336948774 -1.5151579439177194 0.27086194235469635 -0.27784999312075209 -1.1593556632648656 -0.32308416026141329 -0.27743176495386113 0.56583336432304387 0.37994395454704261 -0.11936581595539844 -0.5385690864195023 -0.071060980482253996 0.73545410296039204 -0.78321342587881126 -1.7586284291570689 0.98150605924727141 2.9817761771717688 -0.37040580605458823 2.7705042512035982 3.5645081752155159 -1.0728841485228537 -1.1239467469843387 2.8578581595905157 3.0732445488231894 0.70089729971373849 0.65427089166742725 -0.49651414625605689 0.68475489971216463 -0.83265912282851395 -0.46525878125435655 -0.61675874989477641 -0.72305111668420119 -0.57088326066901462 0.58156935383942976
leaf_weight=82 456 483 316 267 226 87 445 626 186 152 166 119 119 1578 100 499 1505 1813 160 313 93 222 130 421 611 50 228 80 905 24 96 690 557 47 295 633 1022 106 116 658 98 46 70 948 906 152 467 1932 60 56 137 3551 1217 30 182 28 240 55 44 78 215 594
leaf_count=82 456 483 316 267 226 87 445 626 186 152 166 119 119 1578 100 499 1505 1813 160 313 93 222 130 421 611 50 228 80 905 24 96 690 557 47 295 633 1022 106 116 658 98 46 70 948 906 152 467 1932 60 56 137 3551 1217 30 182 28 240 55 44 78 215 594
internal_value=-0.00010435 -0.00637819 -0.00463803 -0.00675486 -0.0130659 0.00486281 0.0011361 0.00632812 -0.0169661 -0.00218526 0.00327535 -0.0238934 -0.00291943 -0.00113314 -0.00532168 0.00359567 -0.0140274 -0.00245667 -0.00984172 -0.00545244 -0.000317534 0.00184515 -0.00428479 -0.000857339 0.00442537 0.000931291 -0.0043621 0.00570443 0.00609889 0.0078274 0.00674096 -0.00218712 -0.0231711 -0.0146657 0.00162592 0.00273899 0.00263269 -0.00591716 -0.016711 -0.00180683 -0.00373563 0.0066969 0.00234107 0.0046425 0.00748248 0.00778774 0.00488344 0.00864106 -0.00472756 0.000463679 0.00164884 0.00898197 0.00554342 -0.00646067 -0.0105289 -0.00912064 -0.0276248 -0.0230285 -0.0211596 -0.0144756 -0.00795082 0.00441537
internal_weight=27788 12283 11179 8898 3730 15505 4387 11118 2474 5168 3676 1104 1958 4565 1256 2281 1691 3391 603 1280 1611 678 1161 726 2429 601 530 1555 2065 7442 3867 820 783 326 1081 928 1174 156 279 758 258 1899 569 994 986 2647 619 2028 153 644 558 3575 1828 86 498 341 778 295 163 345 302 1220
internal_count=27788 12283 11179 8898 3730 15505 4387 11118 2474 5168 3676 1104 1958 4565 1256 2281 1691 3391 603 1280 1611 678 1161 726 2429 601 530 1555 2065 7442 3867 820 783 326 1081 928 1174 156 279 758 258 1899 569 994 986 2647 619 2028 153 644 558 3575 1828 86 498 341 778 295 163 345 302 1220
cat_boundaries=0 2 3 4 5 6 8 10 11 13 14 15 16 18 19
cat_threshold=3149824 4360 556 524 512 374 2451608722 332297 2181070848 4224 2340 2150904722 301812 1 1 1 1884677 118915 1926
is_linear=0
shrinkage=0.05


Tree=9
num_leaves=63
num_cat=9
split_feature=15 20 14 21 17 21 7 21 17 7 19 20 15 21 2 20 17 20 20 21 14 21 21 0 2 2 2 7 16 7 7 17 16 17 2 21 10 2 17 20 20 2 16 2 21 7 21 23 18 19 19 21 20 11 21 8 16 18 20 22 11 20
split_gain=435.092 134.741 51.5032 40.947 27.0534 26.9197 24.9747 14.5433 12.291 11.8995 10.5696 9.1597 7.65481 7.52088 7.07189 6.87819 6.61736 6.53072 12.2972 8.69504 6.33072 6.12231 4.99563 4.77085 4.19781 4.10984 4.10928 3.5672 3.55282 3.52218 3.47258 3.26476 3.1525 3.14009 3.85004 3.12977 2.77468 2.37604 2.27204 2.15863 2.40127 2.06307 2.34468 2.05764 2.05717 2.00414 1.95325 2.06673 2.17928 1.92313 1.7735 1.66133 1.55429 1.50974 1.47554 1.40686 1.20191 1.1287 1.10102 1.02043 1.00849 0.994759
threshold=7.5000000000000009 80.500000000000014 2.5000000000000004 35.845238095238102 1.2811186807971768 46.033333333333339 540.5350000000002 77.683333333333351 1.2436211369362569 255.06000000000003 3608.4750000000008 141.50000000000003 13.500000000000002 67.041666666666671 0 35.500000000000007 1.8244927733573018 1.0000000180025095e-35 30.500000000000004 71.683333333333351 1.0000000180025095e-35 45.035714285714292 30.883116883116887 1 2 3 4 269.35000000000008 1.1999725846290856 769.6450000000001 432.53000000000003 2.4378056449221295 1.3934613360574588 0.73603384834252961 5 63.038461538461547 653.40500000000009 6 1.7358949984861753 40.500000000000007 8.5000000000000018 7 1.6719497495653652 8 55.63068181818182 710.0150000000001 110.07142857142858 3.5000000000000004 0.22573415561107793 1468.3800000000003 3719.2950000000014 66.045454545454561 141.50000000000003 5053.2650000000003 151.58333333333334 1695.5700000000004 1.363868388861645 0.21930520818718161 127.50000000000001 19.973106917965477 6479.6850000000004 63.500000000000007
decision_type=2 2 2 2 2 2 2 2 2 2 2 2 2 2 1 2 2 2 2 2 2 2 2 1 1 1 1 2 2 2 2 2 2 2 1 2 2 1 2 2 2 1 2 1 2 2 2 2 2 2 2 2 2 2 2 2 2 2 2 2 2 2
left_child=1 2 6 12 7 15 8 20 26 61 14 13 39 16 -10 22 37 24 31 -20 58 25 56 -18 50 55 49 35 -15 -23 43 -19 -17 34 54 -7 -36 -6 -27 40 59 42 -29 -22 -28 -41 47 48 -13 -1 -8 -32 -35 -24 -9 -11 -4 -26 -3 -2 -43 -5
right_child=3 4 5 9 11 27 17 33 10 21 -12 46 -14 28 -16 32 23 18 19 -21 30 29 53 -25 57 38 44 41 -30 -31 51 -33 -34 52 36 -37 -38 -39 -40 45 -42 60 -44 -45 -46 -47 -48 -49 -50 -51 -52 -53 -54 -55 -56 -57 -58 -59 -60 -61 -62 -63
leaf_value=-0.30091918943312096 -0.84023723271526485 -0.032082231898569714 -0.965432693623824 -0.70104143689233178 0.23450941804286407 -0.68689856084999101 0.24272030813814924 0.20503729698587564 0.49502397599554798 -0.52777353991514142 -0.97521586795150239 1.5311899935033064 -1.1566015445594129 -0.30729865774641996 -0.28178693406680982 -0.61770607328061011 1.2316012418687166 -0.53326380153300068 -0.016057607874946634 0.8435634459461121 -0.23467694238476255 -0.4239598196617298 -0.8731032294274903 -0.42312014901762129 0.26586105716386116 -0.71147409615906876 -0.74773271172515943 -0.56888988133592977 1.3830959477743563 0.24745066589749226 -0.17816642522807788 -1.4677320509880891 0.11090498870213922 0.92766186591342759 -1.516947853688694 -0.41863216751474541 -0.040513085510823735 -0.58130018760567403 -0.0432698239461951 -1.0907328666219875 -0.85550765983299515 0.30009901354429847 0.030321056164070194 -0.73156034146431503 -0.59460290855359854 -0.60314797992506741 3.4293419836461001 0.84815650069569104 3.2523279567265591 -0.89631400588517107 -0.76015947769743986 0.32427775216745514 0.79770819830302409 -0.064870812903282102 2.3034684466480373 0.29862610852833787 -1.1111076503772839 3.2325222988178823 2.5263298224553363 -0.41331677093864416 -0.92306910008592957 -0.33452239615423612
leaf_weight=544 34 60 135 359 122 90 535 305 726 265 126 207 381 89 3126 271 683 311 1514 985 211 293 247 279 83 429 189 154 2061 114 507 233 54 1395 54 117 96 243 27 178 589 291 124 412 323 82 2802 278 2399 142 36 333 622 22 131 22 163 923 185 29 21 27
leaf_count=544 34 60 135 359 122 90 535 305 726 265 126 207 381 89 3126 271 683 311 1514 985 211 293 247 279 83 429 189 154 2061 114 507 233 54 1395 54 117 96 243 27 178 589 291 124 412 323 82 2802 278 2399 142 36 333 622 22 131 22 163 923 185 29 21 27
internal_value=-8.27606e-05 0.00202257 -0.00195312 -0.0186573 0.00541478 -0.0100103 -0.000556179 0.00212969 -0.00294458 -0.0130279 -0.0015888 0.00695369 -0.0252604 0.00488865 -0.00110246 -0.0159777 0.0018703 0.00210902 0.00073457 0.00223321 -0.00143191 -0.0103426 -0.0194079 0.00406736 0.0047231 -0.0130865 -0.00738968 -0.00323437 0.00672318 -0.00515244 -0.00270293 -0.00603291 -0.00971799 0.00448484 0.00114601 -0.00886905 -0.0053681 -0.00377038 -0.0162047 -0.0224044 -0.0242748 -0.00113828 -0.00420962 -0.00553115 -0.0108571 -0.0173004 0.00820443 0.00718739 0.00763703 -0.00447067 0.00109161 -0.000533808 0.00542698 -0.0137408 0.00356347 -0.00704167 -0.0241694 0.00664868 0.00589718 -0.0123106 0.00153846 -0.0207584
internal_weight=27788 24959 11485 2829 13474 1689 9796 4311 5176 1536 3978 9163 1293 3477 3852 892 1327 4620 3043 2499 1708 1150 567 962 1577 743 1198 797 2150 407 1463 544 325 2603 586 207 150 365 456 912 652 590 278 623 512 260 5686 2884 2606 686 571 840 2017 269 436 287 298 1006 245 63 312 386
internal_count=27788 24959 11485 2829 13474 1689 9796 4311 5176 1536 3978 9163 1293 3477 3852 892 1327 4620 3043 2499 1708 1150 567 962 1577 743 1198 797 2150 407 1463 544 325 2603 586 207 150 365 456 912 652 590 278 623 512 260 5686 2884 2606 686 571 840 2017 269 436 287 298 1006 245 63 312 386
cat_boundaries=0 1 2 3 4 5 6 7 8 9
cat_threshold=524 1 1041 3598 876 380 642 2472 1549
is_linear=0
shrinkage=0.05


Tree=10
num_leaves=63
num_cat=13
split_feature=15 14 21 21 17 14 21 17 1 21 2 5 12 9 21 21 1 15 5 17 12 2 1 16 9 17 18 1 1 16 1 1 12 9 1 16 1 9 2 22 5 17 12 5 17 16 23 5 17 17 2 11 5 5 17 5 21 18 23 17 22 23
split_gain=397.953 114.874 62.0316 39.0942 33.1802 26.0743 14.6093 13.7538 11.7689 11.4878 10.4481 9.61388 9.029 7.49399 7.46662 7.32958 6.78764 6.04559 5.89082 5.74477 4.71019 4.52608 4.48238 4.19352 4.05557 3.86402 3.79632 3.71534 3.6699 3.68368 3.53187 3.4867 3.22287 3.01486 2.88369 2.77674 2.67256 2.59311 3.65325 2.56652 2.47941 2.46245 2.40085 2.36511 2.18193 2.18021 2.8345 2.10371 1.91656 1.87095 1.99107 1.80491 1.79923 1.79819 1.86118 1.76584 1.6862 1.66312 1.66231 1.64649 1.57656 1.4767
threshold=7.5000000000000009 1.5000000000000002 56.035714285714292 35.845238095238102 1.0024541409419101 2.5000000000000004 110.07142857142858 1.3387088489912384 0 30.883116883116887 1 171.50000000000003 1.5000000000000002 551.12500000000023 78.050000000000011 45.035714285714292 2 12.500000000000002 165.50000000000003 0.017476363996596522 1.0000000180025095e-35 3 4 1.2856576148946697 890.14499999999998 1.8945478393962885 1.9438401885638208 5 6 1.2000942129549506 7 8 1.0000000180025095e-35 432.53000000000003 9 1.4999756020171089 10 342.00500000000005 11 1.4571067811865479 186.50000000000003 1.6264850510533846 1.0000000180025095e-35 80.500000000000014 0.55021562180539407 2.0000022027984357 8.5000000000000018 325.50000000000006 1.7358949984861753 1.3597379919942141 12 272.73500000000007 12.500000000000002 221.50000000000003 1.32752089628837 19.500000000000004 66.045454545454561 1.90465645038795 11.500000000000002 1.6327310423004808 80.439779452998735 7.5000000000000009
decision_type=2 2 2 2 2 2 2 2 9 2 1 2 2 2 2 2 9 2 2 2 2 1 9 2 2 2 2 9 9 2 9 9 2 2 9 2 9 2 1 2 2 2 2 2 2 2 2 2 2 2 1 2 2 2 2 2 2 2 2 2 2 2
left_child=1 4 5 17 14 10 11 22 53 39 31 13 16 30 19 18 24 47 48 -1 60 -11 45 41 -9 56 -23 44 -12 -30 -6 59 -15 -29 52 -24 -27 38 -36 -7 -41 -17 -18 -33 -21 46 -4 -2 61 50 -22 -51 -16 -5 -55 -37 -13 -20 -19 -3 -8 -10
right_child=3 2 7 8 6 9 20 12 15 21 28 25 -14 32 34 23 42 58 57 27 49 26 35 -25 -26 36 -28 33 29 -31 -32 43 -34 -35 37 55 -38 -39 -40 40 -42 -43 -44 -45 -46 -47 -48 -49 -50 51 -52 -53 -54 54 -56 -57 -58 -59 -60 -61 -62 -63
leaf_value=0.79693407540689387 -0.86215422170890688 -0.30248090339760947 -0.58612396725450255 -0.67151305160209041 -0.54051264723518533 -0.67336954806982252 0.80115904007597993 -0.16393084269245808 -0.21270359241431214 -0.95362961215663877 -0.48478607204588342 0.41153940122959515 -1.3508446513418553 -1.0361642276537062 -1.360639730895965 -0.60120335252125146 -1.3601604381469294 -0.56866991156776314 -0.6216209338844717 -0.74605934391307449 1.7546503660610222 -0.54413866884646234 -0.60001282435049641 -0.058877131242097216 0.29311475723434993 1.767236728419654 0.2559831113820259 -0.68792635210270214 -0.97214981525875555 -0.6644377592345283 0.47571448558986518 -0.4908547777320254 1.1742285214942474 -0.22873332660059484 0.40336209609579043 -0.94477894969436105 3.0238171443951978 0.38755521371262019 -1.3876424800397211 -1.049776864610237 -0.37267285990752214 0.57643035982730795 0.688872979356006 -0.19680571726337598 0.21251102193205576 -0.22717703862368738 -0.112502684008129 -0.44857693627639733 -0.069963004441104815 -0.83009146800887512 0.98423328697032386 2.9616288485920514 0.82598198803408707 -0.90442250143018976 -0.16905495629448844 0.17285691392093244 0.92288724650057297 -0.27978981974575529 -1.0627322768413454 0.2620533213108267 -1.8826659873636018 -0.74166733270376262
leaf_weight=229 685 110 217 176 537 162 163 823 32 240 332 623 233 81 21 123 52 20 203 86 573 390 161 295 1486 635 69 458 131 750 962 148 2839 425 256 27 1498 478 167 254 43 23 1621 797 349 121 91 79 28 43 639 3309 621 36 26 378 804 170 509 500 27 424
leaf_count=229 685 110 217 176 537 162 163 823 32 240 332 623 233 81 21 123 52 20 203 86 573 390 161 295 1486 635 69 458 131 750 962 148 2839 425 256 27 1498 478 167 254 43 23 1621 797 349 121 91 79 28 43 639 3309 621 36 26 378 804 170 509 500 27 424
internal_value=-8.09615e-05 0.00193244 -0.00252763 -0.0178452 0.00451077 -0.00727284 0.00563854 0.00104067 -0.0123457 -0.0135874 -0.00460123 0.00431439 0.0022967 0.00273349 -0.000121242 -0.0100877 0.002867 -0.0242959 -0.0128924 -0.00258871 0.00784633 -0.00934829 -0.00422094 -0.00470158 0.00106051 0.00625877 -0.00574682 -0.00387964 -0.00806485 -0.00982942 -0.000108189 -0.00179369 0.00420801 -0.00570592 0.0023205 -0.00107945 0.00763694 0.000396608 -0.00237676 -0.0198323 -0.0229583 -0.0115772 0.00528618 -0.00369259 0 -0.00800339 -0.0104502 -0.0209909 -0.0166324 0.00816729 0.0062963 0.00882265 0.00484733 -0.0228088 -0.0134615 0.00101103 0.0041521 -0.0078125 -0.0288299 0.00108347 0 -0.0174292
internal_weight=27788 24959 9136 2829 15823 3926 12733 5210 1536 1158 2768 7979 4215 4419 3090 1298 3982 1293 857 1547 4754 699 995 441 2309 3560 459 1318 1213 881 1499 1555 2920 883 1543 566 2133 901 423 459 297 146 1673 945 435 429 308 764 484 4564 1212 3352 642 238 62 405 1427 373 529 610 190 456
internal_count=27788 24959 9136 2829 15823 3926 12733 5210 1536 1158 2768 7979 4215 4419 3090 1298 3982 1293 857 1547 4754 699 995 441 2309 3560 459 1318 1213 881 1499 1555 2920 883 1543 566 2133 901 423 459 297 146 1673 945 435 429 308 764 484 4564 1212 3352 642 238 62 405 1427 373 529 610 190 456
cat_boundaries=0 2 3 5 6 8 10 12 14 16 18 20 21 22
cat_threshold=4096 4096 748 825005160 856962 1302 536875016 4608 2467856465 327825 2425127196 528 2149224584 282625 2265235584 279171 67895704 62001 2301122304 349225 294 1310
is_linear=0
shrinkage=0.05


Tree=11
num_leaves=63
num_cat=13
split_feature=15 20 15 20 15 2 16 20 20 20 7 16 5 7 10 7 7 10 7 5 1 16 7 15 1 1 22 9 1 7 8 19 1 1 10 16 20 15 0 19 5 0 15 15 19 7 1 15 1 10 22 23 5 2 20 7 10 7 19 5 1 15
split_gain=375.172 124.126 37.8548 33.1131 23.6827 20.6683 18.5975 12.9792 10.1776 10.1199 9.65368 8.97627 8.00552 7.07711 7.27961 6.38629 5.87298 5.74644 5.45646 4.70273 4.44404 3.90805 3.38859 3.37127 3.32577 3.30235 3.11301 3.08702 2.97831 3.29627 2.92218 2.89117 2.76426 2.60439 2.75387 2.59641 2.55278 3.03759 2.39751 3.12891 2.2664 2.23309 2.07558 1.94562 1.83162 1.7524 1.70613 1.67244 1.58337 1.9821 1.77634 1.55911 1.55792 1.42823 1.36712 1.34781 1.29424 1.26135 1.19526 1.14873 1.04527 1.04343
threshold=7.5000000000000009 69.500000000000014 10.500000000000002 1.0000000180025095e-35 4.5000000000000009 0 1.30576929649174 162.50000000000003 35.500000000000007 34.500000000000007 363.51500000000004 2.2585568955590207 34.500000000000007 540.5350000000002 1653.4050000000004 432.19000000000005 360.12500000000006 2893.4850000000001 521.99000000000012 319.50000000000006 1 1.3988091653221564 504.35000000000008 2.5000000000000004 2 3 19.973106917965477 275.78500000000003 4 727.61500000000012 530.55000000000007 4073.4000000000005 5 6 1591.9200000000003 1.4705765187479283 18.500000000000004 5.5000000000000009 7 1257.9650000000004 196.50000000000003 8 14.500000000000002 5.5000000000000009 1728.1100000000001 177.99000000000004 9 8.5000000000000018 10 1991.5100000000002 20.301531129277059 10.500000000000002 12.500000000000002 11 65.500000000000014 1229.6150000000005 2977.9300000000003 363.51500000000004 1101.5250000000003 67.500000000000014 12 13.500000000000002
decision_type=2 2 2 2 2 1 2 2 2 2 2 2 2 2 2 2 2 2 2 2 9 2 2 2 9 9 2 2 9 2 2 2 9 9 2 2 2 2 1 2 2 1 2 2 2 2 9 2 9 2 2 2 2 1 2 2 2 2 2 2 9 2
left_child=1 3 10 12 7 16 8 13 26 11 48 -8 31 14 24 33 40 -10 -11 42 53 47 23 46 -3 -17 -7 -14 -23 30 -30 38 41 57 51 56 -18 -38 39 -1 -5 -29 55 -37 -42 -16 -9 -12 49 50 -2 -35 -24 -15 -50 -4 -27 -6 -22 -34 -54 -21
right_child=2 4 19 5 15 6 9 22 17 18 21 -13 27 20 45 25 36 -19 -20 61 58 28 52 -25 -26 35 -28 32 29 -31 -32 -33 59 34 -36 43 37 -39 -40 -41 44 -43 -44 -45 -46 -47 -48 -49 54 -51 -52 -53 60 -55 -56 -57 -58 -59 -60 -61 -62 -63
leaf_value=2.6191178101293704 0.098219635073308179 -0.36761003552652061 -0.7917819375897216 -0.76722238072946747 -0.14492346001140319 -0.87892067063643875 -0.75306342462790787 2.4949902902052936 -0.43610016489756731 -0.34401238707488524 -0.4545990735948231 -0.60506918806004839 -0.87224628181905683 0.036101680493221447 0.045227166291282123 0.45181682016150049 -1.1421001495104643 -0.82206038786551694 0.062826437303084057 -0.35870453457349644 1.2623806265969293 -0.60211668727052681 0.90261037665404098 0.2006048921455629 0.60289655920267582 -0.1448660102447816 -0.74087928154636595 1.2120196883069774 0.039502098475936533 0.0062241769014509179 -0.54802822603818235 -1.0067441784862872 0.55833093565707148 -0.32416044453694592 -0.7690779965149761 0.36541826803076971 0.7552421245216524 0.072304502806355142 -1.0443071240158663 -0.3518132572467681 0.077602285533678386 -1.6531066721663514 -1.2868847187629571 -0.12572808674856903 -0.82526749573794 -1.1255920873208294 1.2645312404852644 -0.68343508247810636 -0.72334454425994488 -0.90944369197435759 -0.61114230776427991 -0.64562220673953075 3.4158516815404436 0.77448300895744104 -0.38637653258081139 -0.32678223398402512 -1.0846409289251959 0.54056759355134554 0.67832574228145703 2.9666294026247169 2.9135474061624489 -0.62016596876295693
leaf_weight=96 50 233 652 136 83 307 733 1058 970 957 174 1459 105 446 29 359 115 122 1340 73 2695 195 126 366 2783 87 223 473 74 206 205 28 286 395 48 542 591 342 67 296 361 54 242 333 83 80 487 266 488 50 35 56 2220 386 37 39 28 54 612 876 1433 43
leaf_count=96 50 233 652 136 83 307 733 1058 970 957 174 1459 105 446 29 359 115 122 1340 73 2695 195 126 366 2783 87 223 473 74 206 205 28 286 395 48 542 591 342 67 296 361 54 242 333 83 80 487 266 488 50 35 56 2220 386 37 39 28 54 612 876 1433 43
internal_value=-0.000102551 0.00185232 -0.0173508 -0.00244937 0.00474083 -0.00401221 -0.00534169 0.00552018 -0.00995385 -0.00367041 -0.0128155 -0.00610478 0.00282947 0.00410073 0.00227382 -0.000320674 0.000975015 -0.00707763 -0.00132065 -0.0249406 0.00546535 -0.00983972 0.00732039 0.00550549 0.00274925 0.00159948 -0.0157129 0.0043823 -0.00724744 -0.00459337 -0.00820035 -0.00278061 0.00491283 -0.00446009 -0.0060791 2.49252e-05 0.00323501 0.0041266 -0.00165043 0 -0.00300172 0.00164352 -0.0262153 0.00101082 -0.00111857 -0.0101563 0.00653262 -0.0136569 -0.0177225 -0.00886824 -0.00383523 -0.00476322 0.00821986 0.00201183 -0.0193076 -0.0241535 -0.00688559 0.00141667 0.00629142 0.0062766 0.00841425 -0.0138655
internal_weight=27788 24959 2829 10020 14939 7739 6111 12954 1622 4489 1780 2192 2281 7264 3125 1985 1628 1092 2297 1049 4139 1120 5690 1911 3016 1349 530 1794 680 485 279 487 1689 636 499 990 1048 933 459 392 580 527 933 875 444 109 1545 440 660 135 85 451 3779 832 525 691 115 137 3307 1162 3653 116
internal_count=27788 24959 2829 10020 14939 7739 6111 12954 1622 4489 1780 2192 2281 7264 3125 1985 1628 1092 2297 1049 4139 1120 5690 1911 3016 1349 530 1794 680 485 279 487 1689 636 499 990 1048 933 459 392 580 527 933 875 444 109 1545 440 660 135 85 451 3779 832 525 691 115 137 3307 1162 3653 116
cat_boundaries=0 1 3 5 7 9 11 13 14 15 17 19 20 22
cat_threshold=524 2575712353 1581576 19010578 131074 18121805 13473 4288 66048 305169584 332298 2147483665 262784 1 1 2693006011 295475 2147615908 144 2528 2869301758 1327107
is_linear=0
shrinkage=0.05


Tree=12
num_leaves=63
num_cat=8
split_feature=15 20 14 15 21 21 20 8 20 21 7 21 2 21 20 21 8 17 2 20 21 17 21 16 7 21 9 9 20 22 15 11 2 2 17 2 19 7 8 7 19 2 9 20 2 7 21 21 17 18 20 20 17 7 8 20 11 16 2 16 20 8
split_gain=350.568 111.511 39.8637 36.7559 25.866 21.2723 18.6593 17.7441 11.7136 13.6654 11.2332 9.7111 6.06617 6.05669 5.8081 5.72527 5.66023 5.44278 5.26985 5.23842 4.91109 9.30266 4.64548 4.36242 4.08556 4.02447 4.05189 3.77077 3.66012 3.35796 2.85291 2.79282 2.79066 2.74918 2.72741 2.58505 2.4503 2.34421 2.28949 2.25442 2.07737 2.02735 1.96588 1.90558 1.84886 3.64517 1.7961 1.79321 2.18999 1.73092 1.72516 1.70539 1.68359 1.68044 1.65771 1.64725 1.90303 1.55844 1.54262 1.53567 1.66504 1.43916
threshold=7.5000000000000009 69.500000000000014 2.5000000000000004 10.500000000000002 110.07142857142858 35.845238095238102 181.50000000000003 306.21500000000009 1.0000000180025095e-35 60.035714285714292 436.17500000000007 44.651515151515156 0 83.062500000000014 35.500000000000007 78.050000000000011 467.53000000000009 1.2307666540406972 1 47.500000000000007 67.041666666666671 1.8181843054511293 52.345238095238102 1.2000004164110369 726.9100000000002 5.5000000000000009 493.64000000000004 481.73500000000001 9.5000000000000018 20.301531129277059 14.500000000000002 1653.3950000000002 2 3 0.65639299585569477 4 3498.3700000000008 310.12000000000006 278.77000000000004 661.34500000000014 3719.2950000000014 5 744.02500000000009 35.500000000000007 6 170.31500000000003 148.77500000000003 30.883116883116887 1.1122572122850605 0.32597711463795148 5.5000000000000009 65.500000000000014 1.9393995071030297 545.35000000000014 1151.6100000000004 11.500000000000002 6130.0350000000008 1.2861958981948793 7 1.2568201136553472 8.5000000000000018 726.9100000000002
decision_type=2 2 2 2 2 2 2 2 2 2 2 2 1 2 2 2 2 2 1 2 2 2 2 2 2 2 2 2 2 2 2 2 1 1 2 1 2 2 2 2 2 1 2 2 1 2 2 2 2 2 2 2 2 2 2 2 2 2 1 2 2 2
left_child=1 2 7 11 6 14 10 13 18 19 12 24 15 32 59 -3 29 44 40 -10 21 -12 39 -16 35 58 41 46 -11 -13 33 -14 42 53 -22 43 -20 -24 -19 49 -9 -27 -1 54 45 -6 -15 -26 -49 -7 -39 -31 -40 -5 -2 -37 -57 -18 -8 -4 -61 -35
right_child=3 4 5 30 17 22 25 8 9 28 20 16 31 27 23 -17 57 38 36 -21 34 -23 37 -25 47 26 -28 -29 -30 51 -32 -33 -34 61 -36 55 -38 50 52 -41 -42 -43 -44 -45 -46 -47 -48 48 -50 -51 -52 -53 -54 -55 -56 56 -58 -59 -60 60 -62 -63
leaf_value=-0.56958570864611502 -0.83064013387728652 -0.69637590526949222 -0.86285356474147579 -0.71144738963697352 -1.9594664368055839 -0.11470803495900964 3.0204273686505916 0.076765920780647798 -0.66763844751901269 -1.0709987595719059 -0.15179708907088099 -0.033784416993297928 0.37226706431980877 -0.44895803466348028 -0.55665057753945324 0.32226139346593341 -0.41943867460429163 0.92176063459682356 2.1853715040931969 -0.095745765586208717 -1.2098108843191404 0.82024236201160439 -0.3616127486596048 0.13069748051684407 -0.7930147930628525 -0.82423703556657812 1.4083451107971627 0.5462860267899835 0.2555259465614243 -0.54812590075889733 -1.1445717328248093 -0.2039319839074632 -0.71191884221141999 -0.79286877405246681 0.66061365731821575 0.17382277293242121 -0.40470933306150236 -1.3340258049591862 1.7648085438291579 -0.44913512766822139 -0.88144357838084209 0.6178229105690779 0.038361733151196911 -0.59324026363567495 1.1792561908099302 0.61358488855633198 -1.3773188357521702 -0.5527971733788285 -0.30313150807981515 -0.73484161689481364 0.15579855093847961 -0.10075308895317399 3.2166187144782405 -0.17488987005478673 -0.34198670576413159 -0.5472120711497741 -0.85870069055362919 -0.006551750846461691 3.619277572235577 -0.71843276540563827 -0.95544555039277312 -0.64325655130007675
leaf_weight=409 217 604 147 82 31 39 520 697 1102 350 1021 44 891 199 155 236 65 263 1330 1038 28 1276 212 61 52 108 405 234 2164 166 276 462 547 347 2259 22 51 72 2084 132 45 144 108 242 881 225 99 94 161 251 334 21 2120 51 33 373 40 250 1381 43 201 293
leaf_count=409 217 604 147 82 31 39 520 697 1102 350 1021 44 891 199 155 236 65 263 1330 1038 28 1276 212 61 52 108 405 234 2164 166 276 462 547 347 2259 22 51 72 2084 132 45 144 108 242 881 225 99 94 161 251 334 21 2120 51 33 373 40 250 1381 43 201 293
internal_value=-7.73632e-05 0.00181225 -0.00226479 -0.0167505 0.00455009 -0.00937121 0.00292755 -0.000858106 0.000252581 -0.00114344 0.00154314 -0.0122827 -0.0013832 -0.00559725 -0.0168238 -0.00468933 -0.00651184 0.00724095 0.00333373 -0.00408306 0.002954 0.00128804 -0.00493768 -0.00958904 -0.0147736 0.0065697 0.00304924 -0.0011215 0.00134088 -0.0124466 -0.0242277 0.000668009 -0.00777882 -0.0221488 0.00460153 -0.0165188 0.00513809 -0.00205314 0.00803971 -0.009 -3.31126e-05 -0.00176471 -0.00459906 -0.019703 0.00404605 0 -0.00490033 -0.00923387 -0.00702519 -0.0115188 6.11247e-05 -0.0153289 0.00833135 -0.0108733 -0.0238142 -0.0119699 -0.0129507 -0.0019261 0.00775341 -0.0205901 -0.017004 -0.0238132
internal_weight=27788 24959 10020 2829 14939 1647 9335 8373 6777 4654 6777 1780 2193 1596 607 840 546 5604 2123 2140 4584 2297 1040 216 1234 2558 657 532 2514 231 1049 1353 1064 773 2287 927 1381 618 4467 422 742 252 517 492 1137 256 298 307 255 290 406 187 4204 133 250 435 413 315 1901 391 244 640
internal_count=27788 24959 10020 2829 14939 1647 9335 8373 6777 4654 6777 1780 2193 1596 607 840 546 5604 2123 2140 4584 2297 1040 216 1234 2558 657 532 2514 231 1049 1353 1064 773 2287 927 1381 618 4467 422 742 252 517 492 1137 256 298 307 255 290 406 187 4204 133 250 435 413 315 1901 391 244 640
cat_boundaries=0 1 2 3 4 5 6 7 8
cat_threshold=2384 17 620 1544 467 2755 1601 97
is_linear=0
shrinkage=0.05


Tree=13
num_leaves=63
num_cat=17
split_feature=15 20 21 16 13 21 21 7 20 21 1 1 7 16 6 2 2 21 15 21 2 20 21 21 8 21 9 1 1 2 9 1 8 7 8 2 21 12 1 23 8 19 1 15 22 21 21 23 2 2 7 7 20 9 21 2 1 9 2 8 6 9
split_gain=319.523 106.075 32.9927 29.2895 23.5816 19.0607 17.9787 15.4983 15.2754 14.8772 12.8767 9.04906 8.13192 6.47078 5.91848 5.46254 5.19832 5.07961 5.99526 5.03446 4.9602 4.85539 3.95606 3.89154 3.86018 3.83611 3.92847 3.62214 3.39779 3.34063 3.29645 2.99723 2.98066 2.83036 2.70322 2.6653 2.6361 2.59816 2.53922 2.4018 2.30984 2.29397 3.20948 2.06399 3.10138 2.02343 2.0086 1.91489 1.81884 1.70109 1.68788 1.67616 1.66526 1.65412 1.65252 1.56371 1.88818 1.52905 1.47497 1.38662 1.33787 1.30452
threshold=7.5000000000000009 80.500000000000014 36.171568627450988 1.0259301214029921 1.5000000000000002 110.07142857142858 50.527777777777786 540.5350000000002 181.50000000000003 59.607692307692311 0 1 436.17500000000007 1.4091930481011217 2501.0100000000007 2 3 80.788888888888906 2.5000000000000004 77.050000000000011 4 40.500000000000007 5.5000000000000009 45.516666666666673 278.77000000000004 5.5000000000000009 493.64000000000004 5 6 7 1563.8450000000005 8 124.83000000000001 727.5350000000002 378.15000000000003 9 202.16666666666671 1.5000000000000002 10 8.5000000000000018 92.63000000000001 1882.6100000000004 11 8.5000000000000018 18.44168907827267 38.02272727272728 38.52272727272728 28.500000000000004 12 13 85.910000000000011 1076.1900000000003 65.500000000000014 481.73500000000001 79.7638888888889 14 15 2718.2050000000004 16 1080.7100000000003 4496.4800000000005 2066.7550000000006
decision_type=2 2 2 2 2 2 2 2 2 2 9 9 2 2 2 1 1 2 2 2 1 2 2 2 2 2 2 9 9 1 2 9 2 2 2 1 2 2 9 2 2 2 9 2 2 2 2 2 1 1 2 2 2 2 2 1 9 2 1 2 2 2
left_child=1 3 15 9 7 8 30 11 12 20 52 34 16 43 -13 47 19 18 -9 -3 22 60 -1 48 35 38 49 59 -18 53 50 -8 -31 -23 -5 -7 55 -33 58 -29 -37 42 -22 44 -12 -24 -32 61 57 -27 -6 -35 -4 -11 -34 56 -26 -15 -10 -14 -17 -2
right_child=2 5 10 4 6 24 31 17 25 29 13 14 27 23 -16 21 28 -19 -20 -21 41 33 45 -25 36 26 -28 39 -30 32 46 37 54 51 -36 40 -38 -39 -40 -41 -42 -43 -44 -45 -46 -47 -48 -49 -50 -51 -52 -53 -54 -55 -56 -57 -58 -59 -60 -61 -62 -63
leaf_value=-0.811132421187995 -0.65623595231777243 -0.71647539293804385 -0.58387781106302694 -0.61601950242266301 -0.32767657083046003 1.5822507737779121 0.34155785912817493 0.74524217465864762 1.0432879141411824 -0.58112540855038264 0.084248705048970252 0.028786107569568301 -0.055993475721146706 -0.53785873197371803 -0.40909397076009013 -0.67296814618356893 -0.24969920343376001 0.91007091376242755 -0.053029206838256827 0.40996149126633058 0.041452341745936754 -0.98828588372962567 -0.96075846069668502 0.025686481304618793 1.32296167042393 -0.78302518378824904 1.3379278552573048 0.714155426531905 0.43436794966402936 -1.0358089117719125 -0.93792724510020209 -0.21247079196022922 -0.53475308093957163 0.07203827744981553 -0.15863197946360197 -1.7107439593978833 3.7253632904388656 -1.2732023734339748 3.7332752381969154 -0.10160185371618598 0.52351880567531317 -0.86765122352217094 -0.53697527359609032 -0.61949150142201148 -0.51080186108771675 -0.70753766475623137 -0.56712615148554135 -1.331304083683569 -0.21310459256584943 0.58693176504062416 -0.76111429661982632 -0.77342705717163296 -0.38032686861392745 0.60878756344033391 0.12623573708871483 1.7621879476411437 0.87622380393007993 0.065535500350052803 2.3972609009558137 0.63362360516326177 -1.0729681461835689 -0.34451790021607587
leaf_weight=87 199 446 324 306 63 339 347 1979 209 103 66 2440 822 239 770 448 447 796 1581 189 113 178 122 230 813 108 405 2508 663 179 238 503 86 33 140 47 1359 190 1344 208 233 130 324 272 148 132 63 27 165 144 422 28 24 230 141 1973 612 21 348 257 292 135
leaf_count=87 199 446 324 306 63 339 347 1979 209 103 66 2440 822 239 770 448 447 796 1581 189 113 178 122 230 813 108 405 2508 663 179 238 503 86 33 140 47 1359 190 1344 208 233 130 324 272 148 132 63 27 165 144 422 28 24 230 141 1973 612 21 348 257 292 135
internal_value=-5.57735e-05 0.00174816 -0.0159737 -0.00177903 -0.000739254 0.00475811 -0.00586386 0.000424205 0.00321257 -0.00794697 -0.010749 -0.00196775 0.00172289 -0.00783146 -0.00100062 -0.0217051 -0.00107981 0.00244322 0.00161381 -0.00464892 -0.0122393 -0.0240045 -0.0173376 -0.00450228 0.00707381 0.00641351 0.00297348 0.00302462 0.000957257 -0.00257749 -0.0115653 -0.0014861 -0.00554893 -0.0169938 -0.0085512 0.00319534 0.00756565 -0.00338173 0.00756959 0.00399414 -0.000341297 -0.00855603 -0.00667614 -0.0123211 -0.00794931 -0.0211089 -0.0159128 -0.0141377 -0.00733061 -0.00176471 -0.0086834 -0.00605469 -0.0192521 0.00104769 -0.00157609 0.00675537 0.0051895 -0.00989011 0.00423246 0.000492216 -0.0264468 -0.0129822
internal_weight=27788 24959 2829 11485 9838 13474 1826 8012 8098 1647 1489 3656 5540 1141 3210 1340 1745 4356 3560 635 908 979 341 655 5376 2558 657 3795 1110 739 786 1040 406 239 446 619 4757 693 1901 2716 280 567 437 486 214 254 301 361 425 252 485 61 348 333 227 3398 1425 260 557 1079 740 334
internal_count=27788 24959 2829 11485 9838 13474 1826 8012 8098 1647 1489 3656 5540 1141 3210 1340 1745 4356 3560 635 908 979 341 655 5376 2558 657 3795 1110 739 786 1040 406 239 446 619 4757 693 1901 2716 280 567 437 486 214 254 301 361 425 252 485 61 348 333 227 3398 1425 260 557 1079 740 334
cat_boundaries=0 2 4 5 6 7 9 11 12 14 15 17 19 20 21 22 24 25
cat_threshold=3149826 69632 6295552 331776 1548 2384 3472 2428960837 536114 553784344 282625 548 2215268401 98834 292 24892676 83072 536870921 128 497 2755 2125 2684924817 4147 1377
is_linear=0
shrinkage=0.05


Tree=14
num_leaves=63
num_cat=12
split_feature=15 20 14 21 17 7 21 1 21 13 17 1 19 21 21 17 1 21 1 1 21 7 1 19 0 17 3 3 20 16 22 17 1 8 22 7 17 17 17 8 7 8 17 20 1 8 17 20 7 8 1 22 21 7 17 21 7 10 7 17 10 17
split_gain=300.543 98.3502 41.2165 30.564 23.8417 18.9472 18.0407 12.4273 12.1695 10.5999 9.00688 8.23531 7.72335 6.81252 6.77683 7.77909 5.61282 5.36681 5.25529 5.13491 4.75528 4.52868 4.58425 4.18327 5.51623 4.1578 4.09337 3.69348 3.67462 3.57544 3.31731 3.08513 3.02233 2.82722 2.79887 3.31766 2.6895 2.68871 2.53165 2.35318 2.08536 1.9684 1.75493 1.7508 1.74745 1.69874 1.67668 2.39293 2.29119 1.67125 1.64832 1.58289 1.57929 1.56799 1.54686 1.52867 1.5273 1.73865 1.4389 1.38807 1.36025 1.23717
threshold=7.5000000000000009 97.500000000000014 2.5000000000000004 36.171568627450988 1.2811186807971768 540.5350000000002 51.519230769230781 0 61.519230769230781 1.5000000000000002 3.5272379962922433 1 3140.0350000000003 77.683333333333351 69.7638888888889 2.6839502816027898 2 45.035714285714292 3 4 111.08333333333336 1.0000000180025095e-35 5 1882.6100000000004 6 1.7777782349047533 7 8 154.50000000000003 1.2856576148946697 1.4571067811865479 1.4899327163617979 9 681.22000000000014 12.021426933115455 726.9100000000002 0.81103141465805295 2.4378056449221295 1.6264850510533846 165.35500000000005 1.0000000180025095e-35 2033.7350000000004 0.42116893138902683 6.5000000000000009 10 536.09000000000003 1.0636871869563347 40.500000000000007 83.920000000000016 1608.1650000000002 11 21.814750197581635 49.029411764705891 345.56 0.67109877190641354 39.51315789473685 675.93500000000006 1189.3200000000004 352.15000000000003 1.3421393462832487 1419.9000000000003 1.6934422122689143
decision_type=2 2 2 2 2 2 2 9 2 2 2 9 2 2 2 2 9 2 9 9 2 2 9 2 1 2 1 1 2 2 2 2 9 2 2 2 2 2 2 2 2 2 2 2 9 2 2 2 2 2 9 2 2 2 2 2 2 2 2 2 2 2
left_child=1 2 5 19 13 8 16 -5 10 14 18 45 -12 21 15 -7 43 27 -1 34 23 -3 -23 24 25 -6 58 49 -26 38 -28 -13 -16 55 -2 -36 40 -11 52 -8 -15 -39 -42 -4 60 -10 47 -21 -48 51 -41 -9 -19 -50 -24 -29 57 -25 -18 -52 -38 -35
right_child=3 4 6 7 20 9 39 17 11 37 12 31 -14 36 32 -17 26 29 -20 46 -22 22 54 56 28 -27 30 33 -30 -31 -32 -33 -34 61 35 -37 44 41 -40 50 42 -43 -44 -45 -46 -47 48 -49 53 -51 59 -53 -54 -55 -56 -57 -58 -59 -60 -61 -62 -63
leaf_value=-0.13342214456450094 -0.54638863988283115 1.1482883690505197 -0.57834268548207146 -0.55164421143627518 0.81968476771723986 -0.14649328922349589 -0.51924567226886376 -0.22170880583215544 -0.54898494690161714 -0.37986632270357962 -0.075386543706612671 -0.046067224900502524 -0.90213868979980461 0.83152465889311866 0.42630714368280143 0.61339327085752715 -0.509905205156861 -0.49196702351312765 -0.58024218849133302 -0.92669533124560965 2.2883663113727715 -0.75842100840642834 -0.63763621059038034 0.028695087884896255 -0.15440481813593446 2.93604103242847 -0.44005834085967593 -0.71218860310553511 1.5690232622203855 -0.0044051397003153523 -0.73609218239442076 0.53252088891705507 0.92395587740770146 -0.47226979098823441 -0.78973587273630896 0.026081318009683052 0.60775777630134631 -0.98631258375564246 0.6186777210496669 -0.43212003554196204 -1.27284064316097 -1.4096224176417473 -0.055199572436954461 -0.81373804295100705 0.82853680006150698 0.81119328264346147 -0.12164063700928872 -0.76845712748510531 -0.86804445089879456 0.28620723184606328 -0.26936318194165204 -0.74551456492481238 -0.46847076365273871 -0.67598039015809486 0.05727839072362953 -0.51630947682711359 1.5683473058704287 -0.60630210465026202 0.062624485571923572 0.10225567052500768 -0.55834823518742815 0.056839962400794523
leaf_weight=364 135 228 21 231 774 1343 60 223 469 256 1528 1129 133 267 753 2170 37 48 1066 309 3697 224 168 273 404 1819 187 135 619 295 352 1405 1049 211 139 62 214 168 23 106 57 40 284 324 1309 64 21 110 183 24 28 65 75 381 696 138 185 29 118 464 78 21
leaf_count=364 135 228 21 231 774 1343 60 223 469 256 1528 1129 133 267 753 2170 37 48 1066 309 3697 224 168 273 404 1819 187 135 619 295 352 1405 1049 211 139 62 214 168 23 106 57 40 284 324 1309 64 21 110 183 24 28 65 75 381 696 138 185 29 118 464 78 21
internal_value=-4.13803e-05 0.0017081 -0.00114945 -0.0154793 0.00515206 -0.000107831 -0.00843382 -0.0104474 -0.00204106 0.00194353 -0.0042542 0.000175081 -0.00170523 0.0017184 0.00258321 0.00128342 -0.012536 -0.00816286 -0.00717027 -0.0209978 0.00669614 -0.00109932 -0.00247479 0.00547674 0.00606521 0.00730451 -0.00922914 -0.0106555 0.00286306 -0.00357545 -0.0113451 0.00138398 0.0050831 -0.0133929 -0.0133238 -0.00925245 0.00341885 -0.00524625 -0.00989933 -0.00185325 0.000490998 -0.00947867 -0.00199855 -0.0181215 0.00449657 -0.00538004 -0.0231072 -0.0265699 -0.0208121 -0.00538462 -0.000790349 -0.00670103 -0.0127976 -0.0214286 -0.000684151 -0.017346 0.000994898 -0.00106557 -0.00126488 0.00039604 0.000655738 -0.00893617
internal_weight=27788 24959 13634 2829 11325 11937 1697 1489 6158 5779 3091 3067 1661 3525 5315 3513 1039 1258 1430 1340 7800 1316 1088 4103 3616 2593 694 817 1023 441 539 2534 1802 505 336 201 2209 464 146 658 608 208 341 345 1601 533 1004 419 585 312 598 288 123 564 864 273 487 302 155 492 292 232
internal_count=27788 24959 13634 2829 11325 11937 1697 1489 6158 5779 3091 3067 1661 3525 5315 3513 1039 1258 1430 1340 7800 1316 1088 4103 3616 2593 694 817 1023 441 539 2534 1802 505 336 201 2209 464 146 658 608 208 341 345 1601 533 1004 419 585 312 598 288 123 564 864 273 487 302 155 492 292 232
cat_boundaries=0 2 4 6 8 10 12 13 14 15 17 19 21
cat_threshold=4096 4096 2496000 86018 35688546 282768 2516746328 262656 2184708384 16528 282640 37378 1 4 12 3036708969 590336 52559938 262673 2149061636 262144
is_linear=0
shrinkage=0.05


Tree=15
num_leaves=63
num_cat=14
split_feature=15 14 21 21 7 14 21 7 7 8 2 2 6 0 2 23 2 2 15 11 7 2 7 0 15 16 11 21 6 0 21 12 2 8 22 21 2 13 21 22 2 2 6 10 21 16 22 23 8 21 21 21 6 8 21 21 0 21 11 8 9 14
split_gain=275.332 80.5238 44.4187 26.1579 24.6776 17.4617 16.0855 13.2871 12.9053 8.64967 8.51423 7.63307 6.83752 6.99411 7.56892 6.59963 6.56691 6.10193 5.17696 5.13796 4.99607 4.44004 4.19294 3.75188 3.93262 3.89837 3.69067 3.30217 3.29551 3.14388 3.01669 3.05736 2.87298 2.8153 2.66134 2.63911 3.31979 2.39762 2.35413 2.33644 2.20009 2.10034 1.98475 1.93195 1.84718 1.83719 1.80174 1.7667 1.71705 1.61149 1.52245 1.51775 1.49249 1.46955 1.26494 1.24357 1.24242 1.20823 1.1816 1.62323 1.15794 1.11304
threshold=7.5000000000000009 1.5000000000000002 56.035714285714292 33.822916666666679 310.12000000000006 2.5000000000000004 125.55000000000001 -1.0000000180025095e-35 719.76500000000021 165.35500000000005 0 1 3650.2500000000005 2 3 9.5000000000000018 4 5 4.5000000000000009 1112.5150000000001 358.89000000000004 6 255.06000000000003 7 5.5000000000000009 1.1020544741542266 4461.795000000001 40.51315789473685 7388.420000000001 8 69.7638888888889 1.5000000000000002 9 108.06500000000001 1.4571067811865479 21.174185463659153 10 1.5000000000000002 96.062500000000014 21.12094790847804 11 12 2501.0100000000007 1208.6900000000003 118.08333333333336 0.96640520358339266 19.973106917965477 28.500000000000004 1173.4850000000004 41.689903846153854 202.16666666666671 30.883116883116887 4496.4800000000005 288.03000000000003 65.558441558441572 110.07142857142858 13 70.050000000000011 3407.1200000000003 1401.0800000000002 551.12500000000023 1.5000000000000002
decision_type=2 2 2 2 2 2 2 2 2 2 1 1 2 1 1 2 1 1 2 2 2 1 2 1 2 2 2 2 2 1 2 2 1 2 2 2 1 2 2 2 1 1 2 2 2 2 2 2 2 2 2 2 2 2 2 2 1 2 2 2 2 2
left_child=1 4 5 21 7 10 12 43 22 55 23 18 13 15 -15 -6 29 37 44 38 -18 47 61 25 -25 -3 27 39 41 51 45 -32 -10 -21 -31 42 -37 57 -13 -24 -22 -14 -12 56 -9 -19 -29 58 -28 -34 -8 -7 -23 -39 -30 -4 -1 -11 -2 -60 -20 -5
right_child=3 2 9 8 6 16 50 11 32 17 35 19 28 14 -16 -17 20 30 60 33 40 52 26 24 -26 -27 48 46 54 34 31 -33 49 -35 -36 36 -38 53 -40 -41 -42 -43 -44 -45 -46 -47 -48 -49 -50 -51 -52 -53 -54 -55 -56 -57 -58 -59 59 -61 -62 -63
leaf_value=-1.3626138493619326 -0.46728125824189598 -0.66700823760347472 -0.54146526234606551 -0.15449157022878365 1.0894417689714098 -0.56463760191329615 1.6720321779112794 0.50504673319543603 0.036331811209070967 0.27738468838471564 0.19969522458891903 -0.46050779347504051 1.1556909628512579 -0.84218224398448904 0.55636617783671827 -0.82213369649500123 -0.62079336609333025 -0.65086117807498123 -0.39832322904285927 -1.7475381932182046 0.24229347377726393 -0.73977677812497122 -0.33734817220905211 -1.1388082343044281 -0.39552916649929837 -0.30786013534963036 -0.59020025198524839 0.0011127563948493348 -1.000594445641759 -0.44448214016381871 0.20403140608694487 -1.2193125159046074 -0.45512493872632676 -0.5247047536489442 -0.96014283291739955 0.027300780839491525 -0.37109141306160587 -0.52062300870879985 0.60662074353824424 -0.80593752588259537 -0.34685846481057442 -0.21276017933767052 -0.27191443987969433 -0.16569777793157439 1.4091862737416567 -0.12379401154568673 -0.39226425841943852 -1.2213366569544508 -0.36268598574549654 -0.23276879485898158 3.5063526200398325 -0.52090012967784749 -0.97547676397364924 0.46950180936074137 -0.064026474844140688 -0.3642983580521662 -1.2151965359581216 0.63640964033189018 -0.59435197890293046 -0.27722380523672963 0.22663192627982598 -0.51557303936451471
leaf_weight=135 43 80 270 22 6284 134 2380 1079 209 491 667 429 229 474 1636 77 179 38 159 43 121 479 169 305 140 556 290 134 32 81 1843 145 116 210 210 302 424 21 269 38 292 447 294 24 523 904 181 27 42 103 1297 141 324 326 20 100 24 1072 179 56 52 417
leaf_count=135 43 80 270 22 6284 134 2380 1079 209 491 667 429 229 474 1636 77 179 38 159 43 121 479 169 305 140 556 290 134 32 81 1843 145 116 210 210 302 424 21 269 38 292 447 294 24 523 904 181 27 42 103 1297 141 324 326 20 100 24 1072 179 56 52 417
internal_value=-1.43931e-05 0.00166002 -0.00207353 -0.0147908 0.00381887 -0.00608934 0.00476357 -0.000292373 -0.0108396 0.000944754 -0.00389751 0.000560173 0.00363372 0.0040344 0.0015026 0.00486526 -0.0112618 0.00151765 0.00247125 -0.00302127 -0.00694215 -0.0208371 -0.0133391 -0.00734689 -0.0110212 -0.00477308 -0.011056 -0.00814286 -0.000957592 -0.0152418 5.94631e-05 0.00118031 -0.00313225 -0.00913086 -0.0194303 -0.00159559 -0.00387517 0.00370515 -0.00074893 -0.0131548 -0.00381611 0 6.4834e-05 -0.0132392 0.00347352 -0.00224868 -0.00459906 -0.0131682 -0.0153731 -0.00695043 0.00757133 -0.0110162 -0.0231771 0 -0.0127273 -0.00636729 -0.0152006 0.00455779 -0.0118327 -0.0132878 -0.00473131 -0.0175622
internal_weight=27788 24959 9136 2829 15823 3926 12876 2947 1721 5210 2768 2764 9199 8471 2110 6361 1158 4840 1813 951 592 1108 1293 1081 445 636 854 522 728 566 2930 1988 428 253 291 1687 726 1910 698 207 413 676 961 183 1602 942 315 305 332 219 3677 275 803 347 52 370 159 1563 278 235 211 439
internal_count=27788 24959 9136 2829 15823 3926 12876 2947 1721 5210 2768 2764 9199 8471 2110 6361 1158 4840 1813 951 592 1108 1293 1081 445 636 854 522 728 566 2930 1988 428 253 291 1687 726 1910 698 207 413 676 961 183 1602 942 315 305 332 219 3677 275 803 347 52 370 159 1563 278 235 211 439
cat_boundaries=0 1 2 3 4 5 6 7 8 9 10 11 12 13 14
cat_threshold=3345 814 1 257 432 1612 1548 1 1 814 524 513 1420 1
is_linear=0
shrinkage=0.05


Tree=16
num_leaves=63
num_cat=23
split_feature=15 14 21 17 21 19 14 1 21 17 0 2 21 2 2 5 21 21 2 1 1 5 0 5 0 17 15 1 1 17 1 1 6 1 17 17 21 9 5 2 2 10 19 21 17 23 9 6 17 19 1 2 5 1 2 17 2 5 22 17 2 23
split_gain=248.939 75.722 42.1575 26.4634 24.8975 16.5856 16.2118 13.7452 11.4658 9.61857 8.06709 8.0156 8.00042 12.5998 6.22473 6.19607 5.98121 5.80653 6.03747 5.80402 4.64712 4.06758 3.82567 8.40956 3.81914 3.82804 3.71262 3.65789 3.54859 3.3527 3.33542 3.30775 3.27048 3.16964 3.13563 2.92839 2.90183 2.89713 2.88173 2.84206 2.67293 2.60764 2.49439 2.40149 2.26745 2.24456 2.20501 2.53194 2.19076 2.50323 2.07431 1.97444 1.92857 1.91341 1.90965 1.90067 1.87005 1.84608 1.82935 1.78873 1.92668 1.83114
threshold=7.5000000000000009 1.5000000000000002 56.035714285714292 1.2307666540406972 33.822916666666679 1562.6200000000001 2.5000000000000004 0 77.683333333333351 1.3387088489912384 1 2 64.038461538461561 3 4 334.50000000000006 45.035714285714292 112.08333333333336 5 6 7 163.50000000000003 8 89.500000000000014 9 1.6628390375128872 14.500000000000002 10 11 1.6934422122689143 12 13 1376.8900000000001 14 1.4117616696578621 1.9162060223365096 29.215384615384618 726.85000000000025 249.50000000000003 15 16 661.36500000000012 2921.7400000000002 58.035714285714292 0.61414497487845077 7.5000000000000009 2521.7450000000003 2012.74 0.75553993279761522 1656.1050000000002 17 18 9.5000000000000018 19 20 1.2550027487155813 21 160.50000000000003 13.420133610319306 1.0909945851148015 22 7.5000000000000009
decision_type=2 2 2 2 2 2 2 9 2 2 1 1 2 1 1 2 2 2 1 9 9 2 1 2 1 2 2 9 9 2 9 9 2 9 2 2 2 2 2 1 1 2 2 2 2 2 2 2 2 2 9 1 2 9 1 2 1 2 2 2 1 2
left_child=1 3 6 8 15 10 11 38 27 33 28 24 13 -12 22 26 21 18 20 37 -7 29 57 -24 41 -26 56 -1 52 45 34 48 -32 59 -13 -30 -16 -11 -6 58 -39 -3 -20 -18 -41 -9 47 -23 -10 -50 -38 -21 -5 -14 -33 -17 -2 -8 -29 61 -61 -4
right_child=4 2 9 5 7 17 14 16 31 19 12 30 53 -15 36 55 43 -19 42 51 -22 46 23 -25 25 -27 -28 39 35 -31 32 54 -34 -35 -36 -37 50 40 -40 44 -42 -43 -44 -45 -46 -47 -48 -49 49 -51 -52 -53 -54 -55 -56 -57 -58 -59 -60 60 -62 -63
leaf_value=-0.58951378419595923 -0.50305144759450771 -0.71055376653281754 -0.52151554701917602 -0.2295503666524141 -0.50136095878749887 0.32466664666220385 -0.55491854527148132 -0.35464653397924484 -0.44550454202778111 -0.2745910330018429 -1.5608358962104476 -0.51821071070730196 0.70763533180176674 0.903920625571492 -0.56656636679047234 -0.20396003204046795 -0.15421041804068594 1.5917965292587084 1.2281254851221544 0.15356134683964742 -0.59330971247203323 -0.042493110737098765 -0.59132400878320135 -1.0688210001397003 -0.40721545624592043 -1.0460706768366499 -1.0256774061220979 0.76665374375517104 0.77391372370535838 0.035220859994915268 0.24549905183281054 0.0019965026118075714 -0.34079655980084883 -0.028006508865352765 0.2140178563154283 2.503360586568014 -0.1906869522022305 0.50776420393658395 -0.45465335585918648 -0.7316410401749458 -0.0010188697745970644 -0.29893564372344877 -0.58899382588405902 -0.38191882412338218 -0.21341364771080695 -0.53069696502224528 0.056076884754794422 -0.40798323916486351 0.53842366415351217 -0.56394528019866652 -0.41697819126071711 0.72035701051984879 2.168191546098305 1.5411637928914381 0.69500924902058658 0.11459628116546422 -0.70171253633983821 -0.26753347747046624 -0.16434703823567853 0.15837126810418509 -0.38394382466195021 -0.29296309508396984
leaf_weight=253 112 83 119 65 208 397 123 35 295 533 310 131 385 829 208 50 387 595 744 584 739 95 107 113 161 284 255 358 991 34 158 257 769 442 629 1553 293 667 67 144 1305 553 138 54 644 489 61 291 663 104 253 1126 3724 855 1270 26 665 61 510 144 208 82
leaf_count=253 112 83 119 65 208 397 123 35 295 533 310 131 385 829 208 50 387 595 744 584 739 95 107 113 161 284 255 358 991 34 158 257 769 442 629 1553 293 667 67 144 1305 553 138 54 644 489 61 291 663 104 253 1126 3724 855 1270 26 665 61 510 144 208 82
internal_value=-3.41837e-05 0.00155787 -0.00206259 0.00365143 -0.0140846 0.00494019 -0.0059748 -0.0102306 0.000394357 0.000877614 0.00598967 -0.00386142 0.00345823 0.0003831 -0.0109604 -0.019982 -0.00800206 0.00141915 0.000111331 0.00192923 -0.00226284 -0.0102059 -0.0161871 -0.0213004 -0.00720978 -0.0109096 -0.0210145 -0.00253007 0.00693063 -0.0131462 -0.001625 0.00257041 -0.00363032 -0.00351954 0.000776197 0.00531873 -0.0077249 0.000362391 -0.0205295 -0.00158778 0.00126582 -0.00461659 0.00321229 -0.00301239 -0.00374532 -0.0141366 -0.00636111 -0.00777635 0.000348837 0.00180195 -0.00569217 0.00416425 0.00795963 0.00623492 0.00405032 -0.00506329 -0.0188942 -0.0104278 0.000340522 -0.00598498 -0.00366197 -0.00998775
internal_weight=27788 24959 9136 15823 2829 11325 3926 1721 4498 5210 8712 2768 2379 1139 1158 1108 1446 2613 2018 4215 1136 1005 404 220 1081 445 1032 1909 6333 558 1687 2589 927 995 760 2544 754 2505 275 1656 1972 636 882 441 788 524 447 386 1062 767 546 1710 3789 1240 1527 76 777 184 868 553 352 201
internal_count=27788 24959 9136 15823 2829 11325 3926 1721 4498 5210 8712 2768 2379 1139 1158 1108 1446 2613 2018 4215 1136 1005 404 220 1081 445 1032 1909 6333 558 1687 2589 927 995 760 2544 754 2505 275 1656 1972 636 882 441 788 524 447 386 1062 767 546 1710 3789 1240 1527 76 777 184 868 553 352 201
cat_boundaries=0 2 3 4 5 6 7 9 11 12 13 15 17 19 21 23 24 25 27 28 30 31 32 33
cat_threshold=4096 4096 1 3345 257 304 179 816363116 856970 34079765 49720 1 1 151840 36866 2083828658 297514 2264973729 316034 866267718 1452045 537138312 4608 828 1604 2685403352 641 1171 68702216 377369 65 1536 2252
is_linear=0
shrinkage=0.05


Tree=17
num_leaves=63
num_cat=20
split_feature=14 14 21 21 17 19 17 21 1 21 2 1 2 0 21 2 2 0 21 17 17 21 5 12 5 1 10 2 21 12 17 8 2 1 17 13 1 22 2 19 22 0 1 8 11 21 17 8 5 22 1 2 8 10 5 8 1 17 21 1 5 23
split_gain=225.02 54.6238 35.5254 31.9574 26.7699 16.1472 13.5585 12.2785 11.8215 8.4397 7.80509 7.59567 7.44178 7.35908 7.5623 11.6882 7.22057 6.98229 5.70209 5.53416 5.29472 5.27309 5.89436 4.91268 4.75099 4.55668 4.44117 4.40891 4.22398 3.84872 3.7898 3.78308 3.44634 3.42638 3.21681 3.16605 3.07316 3.02175 2.9864 2.98227 2.85956 2.73445 2.68373 2.35959 2.29643 2.28735 2.25629 2.18637 2.1074 2.07728 1.99263 2.00092 1.94199 1.90828 1.86834 1.83419 1.74421 1.73231 1.66893 1.65406 1.64734 2.75945
threshold=2.5000000000000004 1.5000000000000002 33.822916666666679 59.038461538461547 1.2307666540406972 1562.6200000000001 1.2113370894810651 77.683333333333351 0 45.035714285714292 1 2 3 4 64.038461538461561 5 6 7 52.345238095238102 1.3362166418463193 3.0079157151870466 141.77500000000003 31.500000000000004 1.5000000000000002 313.50000000000006 8 766.59500000000014 9 44.651515151515156 1.0000000180025095e-35 1.6628390375128872 1608.1650000000002 10 11 0.61414497487845077 1.5000000000000002 12 18.44168907827267 13 2921.7400000000002 29.701290524060305 14 15 521.99000000000012 371.57000000000005 27.032258064516132 1.2976277979716879 890.53500000000008 333.50000000000006 9.8833473611854448 16 17 184.98000000000002 756.75500000000011 164.50000000000003 612.20500000000004 18 0.017476363996596522 62.67948717948719 19 202.50000000000003 2.5000000000000004
decision_type=2 2 2 2 2 2 2 2 9 2 1 9 1 1 2 1 1 1 2 2 2 2 2 2 2 9 2 1 2 2 2 2 1 9 2 2 9 2 1 2 2 1 9 2 2 2 2 2 2 2 9 1 2 2 2 2 9 2 2 9 2 2
left_child=1 4 10 6 7 13 9 25 18 41 37 19 35 29 15 -15 -10 42 24 52 45 22 44 43 49 -1 -11 -19 31 -6 -31 40 34 -24 -27 39 -9 60 -13 -8 -18 47 -14 -21 -7 -12 -30 -3 -43 -4 -38 -52 -5 -37 -54 -28 -16 -34 -40 -48 61 -2
right_child=2 3 8 11 5 21 12 36 16 26 20 38 17 14 56 -17 28 27 -20 23 -22 -23 33 -25 -26 32 55 -29 46 30 -32 -33 57 -35 -36 53 50 -39 58 -41 -42 48 -44 -45 -46 -47 59 -49 -50 -51 51 -53 54 -55 -56 -57 -58 -59 -60 -61 -62 -63
leaf_value=-0.65956105857797431 -0.36720991151448329 -0.57579146852026863 -0.17690823232223166 -0.50688186716884487 -0.59437009857929712 -1.2721425054267486 0.11869806874289922 0.59574880771774963 0.15566422902835628 -0.57624926087539385 -0.87094669049833895 0.0063385931521005474 0.27018079586993798 -1.4827941013999251 0.51677929441557768 0.85872459429291725 -0.4196535617767248 -1.3801561695572904 -0.30173769942155215 -0.041057554122071599 -0.54599208872568317 2.0811705279447685 -0.033795261947680899 -1.2375071141231992 -0.13234713371932036 -0.65148097966017682 -0.35671175870044042 -0.34445158434268053 -0.64036410502054653 0.99076046565800846 2.6146984607638508 0.059748769481421077 0.81567572499500296 1.1650109194362939 -0.23242320333204383 0.31375642234035617 -0.84563179910750508 -0.088243285516279635 -0.046643555558948259 -0.39426780875478085 -0.84734222610128163 -0.44063943720024779 -0.32095347837429639 0.41600900165768134 -0.49984488602788951 -0.58144818713596236 -0.45892084155033541 -0.38285244954930386 0.10453154749693604 -0.47571065523521744 -0.038459783639420486 0.52868497498534095 -0.46006611497974226 -1.3897022116733058 0.14726246968053402 0.052032529313401459 1.4218595165787116 -0.098317531546475767 0.68047096851235067 -0.013495916530542829 -0.18835497708654617 -0.84351361506827949
leaf_weight=260 94 260 20 122 159 38 1096 1151 306 53 394 426 118 310 242 829 551 165 121 889 200 448 1141 76 40 167 315 408 79 1845 4329 56 200 726 624 37 106 66 96 89 50 200 748 1025 260 439 389 73 20 252 642 690 254 82 156 169 998 735 1328 307 136 183
leaf_count=260 94 260 20 122 159 38 1096 1151 306 53 394 426 118 310 242 829 551 165 121 889 200 448 1141 76 40 167 315 408 79 1845 4329 56 200 726 624 37 106 66 96 89 50 200 748 1025 260 439 389 73 20 252 642 690 254 82 156 169 998 735 1328 307 136 183
internal_value=-1.2594e-05 0.00174475 -0.0115199 -0.00156402 0.00345532 0.00475922 -0.00489768 0.000215706 -0.00736546 -0.00962946 -0.0174257 0.00134857 -0.00299071 0.00579461 0.00337427 0.0003831 -0.00535408 -0.00544938 -0.0147702 -0.000424063 -0.0200645 0.00128536 0.000236393 0.000765178 -0.0187302 -0.0027275 -0.00497685 -0.00978733 -0.00685121 0.00669389 0.0068925 -0.0099053 -0.00171075 0.00130348 -0.00412002 -0.000189825 0.00249325 -0.0108994 0.0037708 0.00055766 -0.011072 -0.0140063 -0.00256041 0.00129108 -0.00622924 -0.0221142 -0.00425771 -0.0170759 -0.00896861 -0.0210909 0.000878704 0.00144981 -0.00495327 -0.00788934 -0.00308717 -0.00328542 0.00607401 0.00030327 0.00487126 -0.00321888 -0.0127103 -0.0151339
internal_weight=27788 24105 3683 8205 15900 11325 3833 4575 2171 1090 1512 4372 2743 8712 2379 1139 1738 1439 433 2522 1033 2613 2165 1990 312 1986 537 573 1432 6333 6174 657 1726 1867 791 1304 2589 479 1850 1185 601 553 866 1914 298 833 775 333 220 272 1438 1332 532 119 410 484 1240 935 1424 696 413 277
internal_count=27788 24105 3683 8205 15900 11325 3833 4575 2171 1090 1512 4372 2743 8712 2379 1139 1738 1439 433 2522 1033 2613 2165 1990 312 1986 537 573 1432 6333 6174 657 1726 1867 791 1304 2589 479 1850 1185 601 553 866 1914 298 833 775 333 220 272 1438 1332 532 119 410 484 1240 935 1424 696 413 277
cat_boundaries=0 2 3 5 6 7 8 9 10 12 13 14 16 18 19 20 22 24 25 27 29
cat_threshold=2102274 4352 1608 815830140 856714 718 1 257 3584 1 152864 4098 256 2243 2970621656 5777 2157724985 128690 19 1 2424569865 16 270663682 1050624 2672 68702216 33304 538443972 144
is_linear=0
shrinkage=0.05


Tree=18
num_leaves=63
num_cat=1
split_feature=15 14 21 17 21 14 7 7 21 21 17 7 6 22 12 7 21 7 6 21 17 21 16 17 16 15 22 7 16 7 11 6 7 17 17 17 6 6 7 3 7 16 7 21 7 16 10 7 23 22 21 11 16 22 16 21 21 6 11 7 22 21
split_gain=207.483 63.7181 36.6023 23.5944 20.1056 14.4771 11.3171 10.5784 10.4223 9.92196 7.71963 6.79572 6.76381 6.14744 5.99787 5.85064 5.02401 4.94007 4.72539 4.48274 4.07364 7.37474 5.52835 3.77804 4.16877 3.44957 3.56463 3.34187 3.25395 3.1315 3.75155 3.0407 3.03934 2.95484 2.93885 3.31387 2.90791 2.84725 2.78014 2.61289 2.6096 2.60001 2.41056 2.2224 2.21433 2.17953 2.16497 2.09941 2.02992 2.10489 1.99065 1.88943 1.78822 1.72533 1.53059 1.51292 1.42351 1.42058 1.3527 1.39842 1.21741 1.21495
threshold=7.5000000000000009 1.5000000000000002 56.035714285714292 1.2307666540406972 33.822916666666679 2.5000000000000004 394.84000000000009 -1.0000000180025095e-35 147.58333333333334 77.683333333333351 1.3387088489912384 964.53000000000009 3056.7900000000004 20.131748597321288 1.5000000000000002 720.80000000000018 41.689903846153854 -1.0000000180025095e-35 5279.9100000000008 30.883116883116887 2.7141534807312833 44.031250000000007 2.7000005671441598 1.0495213577484683 1.8912413670921098 4.5000000000000009 12.998938495289082 1240.0450000000003 1.0182646512866858 841.47500000000014 4535.4100000000008 2012.74 171.36000000000004 0.87862244342500417 0.017476363996596522 0.80158027090940276 1734.8500000000001 2012.74 461.80000000000007 0 83.920000000000016 1.0000443128576941 352.87500000000006 45.516666666666673 -1.0000000180025095e-35 1.9999602693785692 132.45000000000002 363.51500000000004 3.5000000000000004 29.951070879836482 68.690476190476204 3667.6100000000006 1.0639388779364871 26.580261794199917 1.909093060197032 52.345238095238102 80.788888888888906 4496.4800000000005 8656.9800000000014 1240.0450000000003 11.53376436077796 129.45000000000002
decision_type=2 2 2 2 2 2 2 2 2 2 2 2 2 2 2 2 2 2 2 2 2 2 2 2 2 2 2 2 2 2 2 2 2 2 2 2 2 2 2 1 2 2 2 2 2 2 2 2 2 2 2 2 2 2 2 2 2 2 2 2 2 2
left_child=1 3 5 9 23 20 13 -5 11 34 45 12 -9 16 15 41 31 61 -13 25 21 27 28 -2 40 57 -27 -3 -22 30 -8 60 -21 53 46 47 -16 -32 -23 -34 -25 -12 -42 -15 -24 48 -1 -36 -4 -50 -17 -18 -45 -19 -39 -37 -38 -7 -31 -60 -6 -11
right_child=4 2 10 7 6 19 29 8 -10 17 14 18 -14 43 36 50 51 33 -20 32 22 38 44 24 -26 26 -28 -29 -30 58 37 -33 39 -35 35 55 56 54 -40 -41 42 -43 -44 52 -46 -47 -48 -49 49 -51 -52 -53 -54 -55 -56 -57 -58 -59 59 -61 -62 -63
leaf_value=3.6238917791367786 -0.76028864898489479 -0.64527529885050872 -0.55725692669015803 -1.1883891423168567 -0.32642583992788571 -0.35896738824626145 -0.14943989737838478 0.8842190696495873 2.3147397921468715 -0.54828109535812586 -0.39379565088366175 1.7076327998528145 -0.065804953900191879 -0.65013402316006819 1.419904950690198 0.14783996851424774 0.15746197062261819 0.55205974111903267 -0.59593120724898907 -0.54167125053989307 -0.45902288036973649 -0.39651938006777909 1.7376861008394766 0.011848194381767031 -0.21812638787787542 -0.74086744362439205 -0.63482810692399916 0.25978153471193677 0.11871160872988257 0.050285602042983518 -0.0045691695442427798 -0.3959868310064325 -0.014959757885491243 0.57196717509205863 -0.54253469839773671 -0.40035778436459107 -0.10679270842880016 -0.58378053947890118 -0.021836037604039404 -0.49892688874574986 -0.78894732292756942 0.18108199461002317 -0.58608088481274112 -0.41949247120031113 -0.78386966762716104 0.010940319334900651 -0.15190988768724323 -0.25975440241575837 -0.013206599050793244 -0.43868771000452256 1.0172497108148322 -1.0906623343115283 -0.36019846987459209 -0.13594435622504772 -0.27302268266902613 0.057061255878226018 -1.2193748653891299 -0.74351932877330218 -0.33387758059556116 -0.24034207439348274 0.093435211698470688 -1.2036803349865477
leaf_weight=121 440 332 79 75 36 212 262 4680 2769 22 399 2625 1076 228 49 291 74 434 100 101 178 400 28 21 71 139 63 28 985 181 54 199 164 1566 358 342 39 221 493 434 155 2441 421 73 324 324 106 359 305 287 851 28 116 524 68 623 145 45 43 87 51 43
leaf_count=121 440 332 79 75 36 212 262 4680 2769 22 399 2625 1076 228 49 291 74 434 100 101 178 400 28 21 71 139 63 28 985 181 54 199 164 1566 358 342 39 221 493 434 155 2441 421 73 324 324 106 359 305 287 851 28 116 524 68 623 145 45 43 87 51 43
internal_value=-3.59829e-06 0.0014497 -0.0018711 0.00337025 -0.012831 -0.00551667 -0.0093605 0.00458709 0.00471652 0.000294379 0.000868022 0.00383221 0.00283903 -0.0137222 0.00181069 0.00227729 -0.00882353 0.00231964 0.00590634 -0.0102283 -0.00351859 -0.00564291 -0.00172101 -0.0181368 -0.0153502 -0.0142045 -0.0193902 -0.011708 -1.07204e-05 -0.0054407 -0.00754523 -0.0121972 -0.00749644 0.00269094 -0.00242547 -0.00316024 -0.00587924 -0.0110188 -0.00311105 -0.00594842 -0.0167292 0.00103764 -0.0173575 -0.0180655 -0.0071831 -0.00306864 0.00277174 -0.00574653 -0.00469214 -0.00352941 0.00530568 0.000238095 -0.0129557 0.000442248 -0.0129709 -0.0011751 -0.00882353 -0.00975962 -0.00115446 -0.00507519 -0.00347222 -0.0108456
internal_weight=27788 24959 9136 15823 2829 3926 1721 11325 11250 4498 5210 8481 5756 805 4215 3982 388 2589 2725 1158 2768 1253 1515 1108 668 459 202 360 1163 916 605 286 699 2524 1909 1682 233 343 893 598 597 2840 576 417 352 995 227 717 671 592 1142 102 189 958 289 965 184 257 311 130 87 65
internal_count=27788 24959 9136 15823 2829 3926 1721 11325 11250 4498 5210 8481 5756 805 4215 3982 388 2589 2725 1158 2768 1253 1515 1108 668 459 202 360 1163 916 605 286 699 2524 1909 1682 233 343 893 598 597 2840 576 417 352 995 227 717 671 592 1142 102 189 958 289 965 184 257 311 130 87 65
cat_boundaries=0 1
cat_threshold=4
is_linear=0
shrinkage=0.05


Tree=19
num_leaves=63
num_cat=17
split_feature=14 15 21 21 21 2 14 17 1 1 9 2 23 9 21 17 2 19 1 17 21 1 1 2 13 1 16 21 18 18 1 2 21 5 1 5 2 17 1 6 19 9 9 17 21 9 11 16 16 19 1 21 5 17 13 5 16 21 18 2 11 9
split_gain=181.284 54.6298 26.0996 21.3798 19.2107 13.2204 11.2637 9.65778 9.25819 8.83846 8.78367 7.29191 9.11708 6.40026 6.35248 7.17305 5.76698 5.66504 5.64593 5.41885 5.07846 4.90159 4.53216 4.44022 3.78146 3.73252 3.33811 3.75246 3.29552 3.26039 3.24747 3.17171 3.10091 3.09114 3.04401 2.78828 2.5776 2.43652 2.39201 2.21921 2.12436 2.04334 1.98833 1.83228 1.71969 1.70633 2.67712 1.69783 1.69762 1.66942 1.6316 1.62484 1.61676 1.60077 1.50861 1.48523 1.43694 1.43108 2.23861 1.42043 1.41875 1.94144
threshold=2.5000000000000004 5.5000000000000009 34.341666666666676 89.464285714285737 45.035714285714292 0 1.5000000000000002 1.7875333010734096 1 2 410.39500000000004 3 2.5000000000000004 275.78500000000003 65.038461538461561 2.7499978736795563 4 1671.9950000000001 5 1.6705010132312692 175.58333333333334 6 7 8 1.5000000000000002 9 1.0639388779364871 46.690476190476197 2.6550362051521246 0.26760133100332156 10 11 56.035714285714292 9.5000000000000018 12 202.50000000000003 13 1.9393995071030297 14 2012.74 1836.4000000000003 837.36000000000013 2430.6700000000005 1.2550027487155813 155.58333333333334 948.84500000000014 661.34500000000014 1.0000022038956062 0.82859710586006718 1257.9650000000004 15 54.577380952380956 177.50000000000003 0.79998324067879911 1.5000000000000002 243.50000000000003 0.96640520358339266 39.026315789473692 0.99289287128000303 16 3217.9400000000005 1725.3200000000004
decision_type=2 2 2 2 2 1 2 2 9 9 2 1 2 2 2 2 1 2 9 2 2 9 9 1 2 9 2 2 2 2 9 1 2 2 9 2 1 2 9 2 2 2 2 2 2 2 2 2 2 2 9 2 2 2 2 2 2 2 2 1 2 2
left_child=1 3 11 5 25 7 10 21 41 19 18 35 -13 16 15 -8 38 -12 -7 26 23 -1 29 54 50 39 -4 28 -28 -9 47 -11 -33 -25 -16 37 -32 -2 44 52 -14 51 -38 -37 -5 46 -21 -10 -18 -23 -22 -6 -3 -50 -15 -48 -45 60 -59 -34 -27 -62
right_child=2 4 9 13 8 6 14 22 30 31 17 12 40 20 34 -17 48 -19 -20 45 24 49 -24 33 -26 57 27 -29 -30 -31 36 32 59 -35 -36 43 42 -39 -40 -41 -42 -43 -44 56 -46 -47 55 -49 53 -51 -52 -53 -54 -55 -56 -57 -58 58 -60 -61 61 -63
leaf_value=-0.37091566657474806 -0.86158483705596334 -0.3264707536149285 -0.54771468999753703 -0.80901100806775639 -0.45440547541990883 -0.87089568283350194 -0.64476284428516906 -0.58075393593592328 -0.43621041886002454 0.34284032458820762 0.73793971719056961 -0.42473695642924914 -0.62315049612559492 1.2731048264052398 -0.26332862641028854 -0.1638164701582131 -1.4028503619440311 -0.063351950038205734 -0.03877463628952596 0.96195344460103882 1.8116033704266508 0.36020245887578445 1.4594796706791293 -1.1160702572275232 -0.55825909224074555 -0.14460095486594912 -0.45987373340108262 -0.14725165624746514 0.0091935568875791251 1.1137228480795549 0.24684398175809028 -0.35016308621526249 0.5190175589890782 0.5536229632573928 0.34422156904329171 -0.21676921485463457 -0.23126843662727162 -0.4264637001891789 1.1441030231228706 -0.54510745229190327 -0.89860295941722024 -0.28519574908884116 0.22885538732635347 -0.20906934830782761 3.5386661432022302 -0.26468364118969773 -0.44626209952480533 0.28602155552777264 -0.90561604474033253 -0.1505504412497139 2.5387337520828144 -0.38499704619683661 -0.014761130190190564 -0.0093093558548429378 -0.4413392320725773 -0.21242542735051215 0.14140195322886992 -0.61353422020963611 0.031305750796957368 -0.25779352214741336 -0.58804992573269033 -0.2802833030256987
leaf_weight=346 48 57 201 71 97 362 536 119 36 144 3428 285 811 1463 337 1377 54 1035 1052 23 400 900 1232 104 143 46 188 102 36 588 228 786 113 4109 393 79 1064 55 444 349 191 179 69 28 44 215 78 419 105 257 1814 152 58 208 77 26 66 53 134 208 106 60
leaf_count=346 48 57 201 71 97 362 536 119 36 144 3428 285 811 1463 337 1377 54 1035 1052 23 400 900 1232 104 143 46 188 102 36 588 228 786 113 4109 393 79 1064 55 444 349 191 179 69 28 44 215 78 419 105 257 1814 152 58 208 77 26 66 53 134 208 106 60
internal_value=1.2594e-05 0.00159335 -0.0103127 0.00251059 -0.00458601 0.00111784 5.27364e-05 0.00372648 -0.00211393 -0.00664154 0.00127764 -0.0152379 -0.0168558 0.00434783 -0.00265023 -0.00416884 0.000349839 0.00237069 -0.00213479 -0.01053 0.00479786 0.000688911 0.00606977 0.00397194 0.00678496 -0.0109267 -0.0138915 -0.0102584 -0.0138767 0.00262153 -0.000492072 -0.0037678 -0.00469866 0.00307915 0.00126194 -0.00657439 -0.00173763 -0.0133255 0.00356206 -0.0141509 -0.0192786 -0.00861678 -0.00273778 -0.0024858 -0.00244141 -0.00543478 -0.0100962 0.00307158 -0.004375 0.00227564 0.0072959 -0.0118552 -0.00730932 -0.00280854 0.00631037 -0.0135514 0.00180412 -0.00646238 -0.00296053 -0.000424383 -0.00953488 -0.0116864
internal_weight=27788 24105 3683 20998 3107 11962 8520 3442 2244 2120 5877 1563 1287 9036 2643 1913 926 4463 1414 869 8110 1503 1939 5753 2357 863 527 326 224 707 1816 1251 1107 4213 730 276 1361 103 559 464 1002 428 1133 173 115 342 127 455 367 1157 2214 249 115 313 1540 104 94 399 187 321 212 166
internal_count=27788 24105 3683 20998 3107 11962 8520 3442 2244 2120 5877 1563 1287 9036 2643 1913 926 4463 1414 869 8110 1503 1939 5753 2357 863 527 326 224 707 1816 1251 1107 4213 730 276 1361 103 559 464 1002 428 1133 173 115 342 127 455 367 1157 2214 249 115 313 1540 104 94 399 187 321 212 166
cat_boundaries=0 1 3 5 6 7 9 11 13 14 16 18 19 21 22 24 26 27
cat_threshold=1550 3412992 102690 538973186 4352 1544 302 692264 20481 12549 103586 2442659353 357401 772 540020968 69632 2206244869 1153 512 537399369 70162 1792 33558529 20608 303157344 4252 1172
is_linear=0
shrinkage=0.05


Tree=20
num_leaves=63
num_cat=9
split_feature=14 14 17 21 21 7 19 16 7 14 17 0 17 21 2 2 0 7 2 17 12 21 22 21 7 21 11 11 21 5 11 21 19 17 21 2 17 16 5 18 11 21 2 18 4 19 16 2 18 11 5 16 5 16 18 11 10 18 7 16 18 18
split_gain=165.172 41.4874 24.2549 24.0378 23.5436 18.8016 14.6037 11.2567 8.61899 7.92755 7.35232 7.95694 6.66212 6.46746 6.18508 5.81026 8.31013 5.68112 5.42049 5.16827 4.79335 4.75125 4.91313 4.69536 4.68506 4.16985 3.94723 3.92089 3.62982 3.1878 3.72375 3.04606 2.66055 2.62494 2.80605 2.52739 2.5063 2.48143 2.12159 2.07632 2.06363 2.04336 1.91998 1.91596 1.89819 1.88638 1.88347 2.4413 2.0765 1.81423 1.78498 1.77397 1.71098 1.97044 1.71069 2.22456 1.68328 1.68262 1.58055 1.45975 1.45526 1.43967
threshold=2.5000000000000004 1.5000000000000002 0.81103141465805295 59.038461538461547 30.883116883116887 -1.0000000180025095e-35 1589.1250000000002 1.0880114513152044 394.84000000000009 1.0000000180025095e-35 1.6000008328238076 0 1.1762505289773613 77.683333333333351 1 2 3 546.05000000000007 4 1.3387088489912384 1.5000000000000002 51.519230769230781 19.118368688096492 21.174185463659153 851.44000000000005 36.620192307692314 2239.6800000000007 2701.0950000000007 113.07142857142858 327.50000000000006 1867.7350000000001 51.968750000000007 3719.2950000000014 0.35470599156147881 59.038461538461547 5 1.2673608112292247 0.98673443719012333 19.500000000000004 0.66317048663784928 5350.0950000000012 48.516666666666673 6 2.2587979774090345 7 2807.6350000000007 1.9999912401403066 8 0.57570695364472046 4105.9000000000015 76.500000000000014 1.5000027216611571 319.50000000000006 0.47238289367861508 1.0386094018016723 1260.9650000000004 922.43000000000018 0.4626016117112996 1039.97 1.941185080549509 1.2288282105457968 1.3627821321512077
decision_type=2 2 2 2 2 2 2 2 2 2 2 1 2 2 1 1 1 2 1 2 2 2 2 2 2 2 2 2 2 2 2 2 2 2 2 1 2 2 2 2 2 2 1 2 9 2 2 1 2 2 2 2 2 2 2 2 2 2 2 2 2 2
left_child=1 2 9 7 17 39 10 23 21 56 13 -12 25 -7 -8 16 -14 29 49 38 24 22 36 50 35 -9 -27 -19 -16 30 45 37 -17 -11 -35 -21 -6 -20 60 -4 -39 -25 -29 -38 -36 51 47 -40 -48 -10 -3 -2 53 -24 55 -22 -1 -26 -51 -23 -5 -58
right_child=4 3 5 19 8 6 14 12 18 33 11 -13 15 -15 28 32 -18 27 31 20 54 59 52 41 57 26 -28 42 -30 -31 -32 -33 -34 34 44 -37 43 40 46 -41 -42 -43 -44 -45 -46 -47 48 -49 -50 58 -52 -53 -54 -55 -56 -57 61 -59 -60 -61 -62 -63
leaf_value=0.88034389097842769 -0.29547614639331599 -0.70840389741443632 -1.2204042487550448 -0.32419999120328741 -0.32650264671895218 0.043027550930660935 1.2391893782038517 -0.44161433598361183 0.18894457945266332 -0.60174324770563392 2.2741015977143491 0.81827157706166942 -0.10581619951284474 0.71096938837172552 -0.24647706439213871 0.012103055219618498 -0.90087276963130991 -0.12633625167461701 -0.62454957168464376 -0.050664375621217596 -0.49100697269298599 -0.29593477523176331 -0.23151299864674135 -0.73360734223910695 -0.7434082352773167 -0.34462932230515497 -0.19359562325203578 -0.18200253717687712 0.76373938795296969 -0.19611607595770844 -0.77960693952521343 -0.21039088127083971 -0.52599425590320037 -0.4837466575533198 0.31888241030670489 0.35231664674937146 -0.29919729264107736 -0.46110331955630324 0.052202610404796707 -0.049507010596324452 -0.13005865866267188 -0.47067439889402468 -0.55430822487456821 0.3624895608169551 -0.30756840053708639 -0.69828992951614599 -0.44619807251104793 -0.45182939068396455 0.34350378922743574 -0.2176871498499626 -0.016567386648482074 0.058989718692261085 -0.45178019700732786 -0.63982897791415649 0.94063910574288911 -1.1815712768102902 -0.55388776770442139 0.81842392528369123 0.16049034901146114 0.017523210485783914 -0.91490955930826079 0.83975133623667875
leaf_weight=415 79 45 110 31 158 1242 1032 154 261 181 4591 1696 429 3506 1423 1670 305 94 98 844 44 272 22 196 20 115 601 116 389 47 495 227 66 432 292 1767 238 252 202 20 168 128 314 27 447 43 47 306 231 215 124 32 44 294 53 62 95 739 96 91 26 29
leaf_count=415 79 45 110 31 158 1242 1032 154 261 181 4591 1696 429 3506 1423 1670 305 94 98 844 44 272 22 196 20 115 601 116 389 47 495 227 66 432 292 1767 238 252 202 20 168 128 314 27 447 43 47 306 231 215 124 32 44 294 53 62 95 739 96 91 26 29
internal_value=7.19657e-05 0.00158091 0.00307175 -0.00130208 -0.00978364 0.0037905 0.00397187 -0.00419382 -0.0069191 -0.00222413 0.00479593 0.00592806 -0.00312593 0.00328352 0.000755181 -0.00176911 -0.00545515 -0.0154947 -0.00408144 0.00122286 0.00207036 -0.0101175 -0.0123569 -0.0112651 0.00248295 -0.00690149 -0.00514604 -0.0111954 -0.000986301 -0.018598 -0.019536 -0.00684367 -0.000142939 -0.00428044 -0.00333262 0.00144893 -0.00836268 -0.0090691 -0.00226064 -0.0148496 -0.0070922 -0.0148318 -0.0132217 -0.00499067 -0.00136456 -0.0116242 -0.00148923 -0.00332681 0.00169039 -0.00025641 -0.00399709 -0.00712719 -0.0168044 -0.0181818 -0.00625 -0.00986239 0.00283672 0.00595472 -0.00290605 -0.0050888 -0.0114583 -0.0019685
internal_weight=27788 24105 15900 8205 3683 14009 13879 3833 2463 1891 11035 6287 3340 4748 2844 2470 734 1220 1317 4372 3529 1146 783 493 3370 870 716 524 1812 696 649 745 1736 1352 1171 2611 423 518 843 130 420 324 430 265 739 154 786 508 278 572 169 111 360 316 159 106 539 759 311 363 57 124
internal_count=27788 24105 15900 8205 3683 14009 13879 3833 2463 1891 11035 6287 3340 4748 2844 2470 734 1220 1317 4372 3529 1146 783 493 3370 870 716 524 1812 696 649 745 1736 1352 1171 2611 423 518 843 130 420 324 430 265 739 154 786 508 278 572 169 111 360 316 159 106 539 759 311 363 57 124
cat_boundaries=0 1 2 3 4 5 6 7 8 9
cat_threshold=1 908 273 1 3628 147 1672 18 2825
is_linear=0
shrinkage=0.05


Tree=21
num_leaves=63
num_cat=18
split_feature=14 20 21 21 7 17 11 1 20 21 7 1 2 7 7 7 8 1 17 5 9 21 1 21 1 5 1 2 21 11 11 5 1 2 5 15 5 1 6 2 19 2 19 22 19 6 1 20 15 2 1 21 9 2 22 2 7 16 5 7 16 17
split_gain=151.265 58.6619 26.1392 23.3228 20.7602 12.8098 10.5064 9.62586 9.43222 8.16674 6.40531 6.14322 6.01128 5.96318 5.88994 5.06716 4.82241 4.61821 4.51233 5.94015 4.50193 4.49823 4.25112 3.94108 5.22287 3.77781 3.77329 3.62667 3.51823 3.37373 3.24589 3.94025 2.97378 2.66672 2.55044 2.5362 2.45933 2.34812 2.33561 2.17017 2.16922 2.08979 2.00433 3.07911 1.9484 1.91679 1.91278 1.72129 1.71058 1.64303 2.74713 1.61455 1.74787 1.59947 1.59927 1.59392 3.54292 1.55933 1.48711 1.45646 1.42784 2.44162
threshold=2.5000000000000004 134.50000000000003 69.7638888888889 30.883116883116887 363.51500000000004 1.8741146742062493 2743.0800000000004 0 50.500000000000007 44.031250000000007 546.05000000000007 1 2 985.63 432.53000000000003 1240.0450000000003 720.34500000000014 3 2.7141534807312833 89.500000000000014 342.00500000000005 54.577380952380956 4 124.08333333333336 5 102.50000000000001 6 7 48.029411764705891 2701.0950000000007 1867.7350000000001 319.50000000000006 8 9 313.50000000000006 7.5000000000000009 174.50000000000003 10 4496.4800000000005 11 1494.6550000000002 12 826.31000000000006 61.223247857081347 1941.3150000000003 1376.8900000000001 13 37.500000000000007 9.5000000000000018 14 15 48.516666666666673 2430.6700000000005 16 15.967452012124411 17 133.69000000000003 1.5000027216611571 201.50000000000003 285.94500000000005 1.363868388861645 0.92398764115435961
decision_type=2 2 2 2 2 2 2 9 2 2 2 9 1 2 2 2 2 9 2 2 2 2 9 2 9 2 9 1 2 2 2 2 9 1 2 2 2 9 2 1 2 1 2 2 2 2 9 2 2 1 9 2 2 1 2 1 2 2 2 2 2 2
left_child=1 2 4 10 11 23 13 14 20 15 30 35 60 26 21 -8 22 -11 28 -20 47 34 -14 24 42 -15 -6 51 -13 -12 38 -32 -7 -26 54 36 -1 41 57 -31 -35 -22 43 -3 -34 -29 -18 -4 53 -47 -51 -9 -53 -16 -5 -25 -57 -2 -41 -39 -10 -62
right_child=3 5 8 7 6 32 9 27 12 17 29 18 16 25 48 -17 46 -19 19 -21 37 -23 -24 55 33 -27 -28 45 -30 39 31 -33 44 40 -36 -37 -38 59 -40 58 -42 -43 -44 -45 -46 49 -48 -49 -50 50 -52 52 -54 -55 -56 56 -58 -59 -60 -61 61 -63
leaf_value=-0.62547117427759458 -0.28070233907365 -0.8045367065173139 -0.80148509892072584 -0.36819900541439277 0.32134459208792859 2.3203001931576681 -0.45359969265870448 -0.43309331851775107 0.30602600597196955 0.26302365131659083 -0.12001943909088625 -0.55610819237204567 -0.40373854679044729 0.18109205713964674 -0.39024132424566549 -0.15878376148722248 0.24065702619933449 -0.19258131383672197 -0.60925987278073745 0.70088550167127173 -0.66709846605474499 -0.23100879308078712 0.17146995116042341 1.7652106632333486 1.2578736030698723 2.0901118472348559 -0.076469439177240875 0.31417655033572517 -0.2325005886195399 -0.55852698569802273 -0.74438356284036422 -0.25342416983789096 2.7394428139541889 0.38000349514593013 -0.39375351556850879 -0.36565163639230563 -0.45985156032006497 0.73401401089049978 -0.66337543304033864 -0.31708989668034282 -0.34454350579209198 0.038912252125784891 0.015239809189284338 1.3644623901315909 1.8357883451785675 0.29362824081689765 0.74972601616951473 0.017592962195687002 -0.26986462594088806 -0.43319439611199573 -0.068519229196096196 -0.028370968705179678 -0.82491758098899559 0.081333375403508879 -0.46647882924140149 -1.7234492473303022 0.98056389097763352 0.070843503018979168 0.02287099614931707 0.014248618622766962 0.087694488053388586 0.99741056278028073
leaf_weight=458 79 165 194 143 660 877 459 307 281 331 94 507 268 522 106 192 362 1355 257 383 256 188 2169 697 593 604 2625 86 567 231 489 52 2747 1088 71 136 310 289 43 149 202 348 152 28 328 144 936 42 100 222 404 163 44 153 332 22 689 33 50 515 166 1325
leaf_count=458 79 165 194 143 660 877 459 307 281 331 94 507 268 522 106 192 362 1355 257 383 256 188 2169 697 593 604 2625 86 567 231 489 52 2747 1088 71 136 310 289 43 149 202 348 152 28 328 144 936 42 100 222 404 163 44 153 332 22 689 33 50 515 166 1325
internal_value=6.83675e-05 0.00151246 -0.000156628 -0.00936313 -0.00189721 0.00515084 -0.00042216 -0.00651358 0.00211595 -0.00313568 -0.015045 -0.00567531 0.00311025 0.00100532 -0.0100249 -0.00789373 0.00193103 -0.00125814 -0.00377823 -0.000388802 -0.00118397 -0.0127205 0.000599385 0.00298159 0.00163604 0.00414083 -5.70255e-05 -0.0035611 -0.00577994 -0.0105313 -0.0183119 -0.0202895 0.00713021 0.00268328 -0.0150729 -0.00905125 -0.00784695 -7.08717e-05 -0.0108386 -0.0124134 0.00132387 -0.00243112 -0.0038757 -0.00733418 0.00789751 -0.00143843 0.00440046 -0.00753138 -0.00459254 -0.00229625 -0.00340376 -0.00687856 -0.00315476 -0.00214695 -0.0164487 0.00506733 0.00309047 -0.00608696 -0.00666274 0.00165239 0.00551821 0.00618307
internal_weight=27788 24105 16517 3683 9366 7588 6748 2463 7151 2337 1220 2618 5507 4411 1093 651 3735 1686 1714 640 1644 734 2437 3636 2228 1126 3285 1370 1074 524 696 541 3952 1883 546 904 768 1408 155 430 1290 604 345 193 3075 856 1298 236 359 770 626 514 207 259 475 1408 711 112 199 804 1772 1491
internal_count=27788 24105 16517 3683 9366 7588 6748 2463 7151 2337 1220 2618 5507 4411 1093 651 3735 1686 1714 640 1644 734 2437 3636 2228 1126 3285 1370 1074 524 696 541 3952 1883 546 904 768 1408 155 430 1290 604 345 193 3075 856 1298 236 359 770 626 514 207 259 475 1408 711 112 199 804 1772 1491
cat_boundaries=0 2 4 5 7 9 11 13 14 16 17 19 20 21 23 24 26 27 28
cat_threshold=538973442 282880 2151158018 380953 780 2164318212 267281 16912934 1114114 67276800 168448 2459992838 319488 337 283722241 152600 928 545259600 345249 2358 2154 2189459785 853520 512 4718816 16 418 302
is_linear=0
shrinkage=0.05


Tree=22
num_leaves=63
num_cat=27
split_feature=20 23 20 21 20 21 21 1 17 17 1 2 2 1 2 21 8 1 2 17 2 2 17 19 1 1 20 2 2 2 2 2 7 1 1 1 7 0 10 10 19 18 21 20 22 18 1 1 22 23 10 9 18 4 19 7 2 8 1 0 19 17
split_gain=122.553 37.5081 23.9102 33.3168 22.062 16.7376 12.4845 10.4897 9.5389 8.40209 7.49397 7.15538 6.10744 6.07319 5.91692 5.71333 5.08449 4.60866 4.59292 4.33485 3.95291 3.85264 4.82327 3.64744 3.54307 3.33528 3.22638 3.15999 3.1449 3.07117 2.81636 2.80903 2.66949 2.66701 2.52865 2.46371 2.35287 2.32737 2.58024 2.19216 2.16294 2.14051 2.00602 1.9946 1.87579 1.79684 1.6915 1.67238 1.62226 1.56204 1.52225 1.51086 1.48447 1.30103 1.28826 1.26619 2.5111 1.26527 1.22285 1.09141 1.06414 0.929352
threshold=66.500000000000014 16.500000000000004 1.0000000180025095e-35 47.12916666666667 162.50000000000003 67.683333333333351 11.125000000000002 0 2.0191849041128709 1.7777782349047533 1 2 3 4 5 26.366071428571434 436.44000000000005 6 7 0.75553993279761522 8 9 0.80158027090940276 1396.4250000000002 10 11 38.500000000000007 12 13 14 15 16 710.0150000000001 17 18 19 566.93000000000018 20 1469.1450000000002 945.87500000000011 1506.1299999999999 0.26071242218143881 45.035714285714292 103.50000000000001 18.184700523333635 0.44418027354517836 21 22 27.358200553213379 22.500000000000004 361.06500000000005 557.28500000000008 1.1621057578925964 23 1589.1250000000002 689.31000000000006 24 278.77000000000004 25 26 769.625 1.5899234596658887
decision_type=2 2 2 2 2 2 2 9 2 2 9 1 1 9 1 2 2 9 1 2 1 1 2 2 9 9 2 1 1 1 1 1 2 9 9 9 2 1 2 2 2 2 2 2 2 2 9 9 2 2 2 2 2 9 2 2 1 2 9 1 2 2
left_child=1 2 12 6 5 8 26 16 13 21 27 -12 24 31 -7 36 -5 45 39 48 -17 -6 -23 35 -1 -20 29 -8 43 -4 37 54 42 57 -30 -21 -3 51 -39 -9 59 -28 49 -15 -18 -14 -25 52 -16 -22 -19 -10 -24 -42 -2 56 -35 -11 -58 -26 -47 -49
right_child=4 15 3 7 9 14 10 18 30 33 11 -13 17 28 19 20 44 50 25 23 32 22 47 46 40 -27 41 -29 34 -31 -32 -33 -34 55 -36 -37 -38 38 -40 -41 53 -43 -44 -45 -46 60 -48 61 -50 -51 -52 -53 -54 -55 -56 -57 58 -59 -60 -61 -62 -63
leaf_value=0.31223571789194904 -0.032343180210698999 -0.80641458146401934 1.3656071414406727 -0.38152251673088122 1.2699018265541484 1.1596276268891224 -0.57812525498908107 -0.22754859760388157 -0.31080395027893171 1.3227399185037676 -0.57253079326737977 -0.32147657787161354 -0.4229473516993757 -0.53040129650373513 0.34910470733985233 -0.10176730445358594 0.53307608522878247 -0.19851108417938007 -0.18665042074108032 0.12837864748408664 -0.41999739948062542 -1.0293162895769308 0.27019776367108012 0.40280293621797369 0.75307344681777533 0.12402273609381727 -0.57959309292344097 -0.084312657747147801 -0.49985602327748357 -0.67457801096680903 0.7391971692699616 0.34286168651699289 -0.14128010915579764 -0.42283239265978029 -0.12531692681658946 0.55336417337375987 -0.63517946252675028 -0.10878330101141619 -1.6760161080597413 0.45655695320666223 -0.12904333015287303 0.061517520848410716 -0.16238963814162874 -0.27676218170480205 -0.29252143515372647 -0.33795468463127831 -0.23838102227443106 0.93244267072221243 -0.38890951409628766 -0.44062463930344392 2.0983054878113516 0.66260627690453289 -0.69445873177655992 -0.79317822903847213 -0.83593588062017565 2.9803452016016281 0.024931102588089261 2.8319377567919664 2.5962354216375787 -0.66811064419067989 4.5562837988442695 0.03127029894933777
leaf_weight=247 299 197 100 539 941 1055 111 164 52 113 1054 1079 284 277 191 164 109 94 2522 741 255 102 425 220 168 834 96 392 333 603 614 291 139 107 1217 3140 76 76 31 733 132 457 30 149 258 36 447 365 301 90 1003 296 124 187 48 837 121 2151 342 65 65 99
leaf_count=247 299 197 100 539 941 1055 111 164 52 113 1054 1079 284 277 191 164 109 94 2522 741 255 102 425 220 168 834 96 392 333 603 614 291 139 107 1217 3140 76 76 31 733 132 457 30 149 258 36 447 365 301 90 1003 296 124 187 48 837 121 2151 342 65 65 99
internal_value=9.71538e-05 -0.00363117 -0.00282311 -0.00397752 0.00305407 0.0016026 -0.00747112 -0.00132943 -0.00104788 0.00552138 -0.00943539 -0.0107351 0.00173489 -0.00268437 0.00321212 -0.0131682 -0.00617519 0.00362876 -0.000266643 0.00246388 -0.0104626 0.00291404 0.000831117 0.00295539 -0.00173953 -0.00112793 -0.00329627 -0.0035126 -0.00404726 -0.00554178 0.00290345 0.0014977 -0.0125712 0.00696448 -0.00289507 0.00354338 -0.0195199 -2.67094e-05 -0.00647727 0.00287088 -0.0039823 -0.00033723 -0.0151124 -0.00791572 -0.00152027 -0.000973618 -0.000391791 0.00193159 -0.00191919 -0.0161997 0.00528153 0.00185185 0 -0.00671584 -0.00142361 0.0049912 0.00301047 0.00810277 0.00459559 -0.000158898 0.00444712 0.00408805
internal_weight=27788 12283 11332 9051 15505 9778 3892 5159 3683 5727 2636 2133 2281 2614 6095 951 906 1482 4253 5040 678 2056 1115 4548 799 3356 1256 503 1976 703 1069 638 514 3671 1550 3881 273 455 107 897 552 553 375 426 367 385 667 1013 492 345 1097 348 549 319 347 1407 570 2264 463 233 101 464
internal_count=27788 12283 11332 9051 15505 9778 3892 5159 3683 5727 2636 2133 2281 2614 6095 951 906 1482 4253 5040 678 2056 1115 4548 799 3356 1256 503 1976 703 1069 638 514 3671 1550 3881 273 455 107 897 552 553 375 426 367 385 667 1013 492 345 1097 348 549 319 347 1407 570 2264 463 233 101 464
cat_boundaries=0 2 4 5 6 8 9 11 12 13 14 16 18 19 20 21 22 23 25 27 29 30 32 34 35 36 38 39
cat_threshold=3151104 20778 2162033168 1081363 2401 17 374383368 328839 768 302289946 267785 1540 552 308 819256 17040 550240988 361104 258 2112 256 1408 2389 2886074878 1344035 2147505186 49200 276992104 1051158 1 32769 17025 538443996 365568 20 2049 8388608 21520 1
is_linear=0
shrinkage=0.05


Tree=23
num_leaves=63
num_cat=3
split_feature=15 14 21 21 7 21 21 17 19 15 7 5 8 0 5 0 7 17 8 5 5 5 5 17 22 21 7 17 21 9 8 19 23 11 5 17 8 6 5 5 17 4 10 22 17 7 10 21 7 8 6 22 6 5 10 17 5 21 5 7 5 21
split_gain=125.521 33.3326 26.8192 21.2492 19.6586 15.139 11.2281 11.2249 10.1289 9.46253 8.41566 6.26266 6.06501 5.82365 13.3923 5.29786 5.25799 4.89989 4.12168 4.04521 3.58641 3.38377 3.17287 3.02539 2.84343 3.22837 2.69684 2.61933 2.46884 2.4161 2.41501 2.33352 2.23249 2.21993 2.1251 2.03863 2.08578 1.98412 1.90035 1.81121 1.78209 1.72304 1.63943 1.61918 1.56192 1.37251 1.3366 1.28984 1.26882 1.47631 1.24698 1.20655 1.18407 1.15619 1.0156 1.01349 0.979787 0.96277 0.857292 0.835034 0.952738 0.958127
threshold=6.5000000000000009 1.5000000000000002 39.51315789473685 56.035714285714292 -1.0000000180025095e-35 158.58333333333334 26.366071428571434 0.80158027090940276 1589.1250000000002 2.5000000000000004 170.31500000000003 181.50000000000003 165.35500000000005 0 151.50000000000003 1 360.64000000000004 0.017476363996596522 1608.1650000000002 126.50000000000001 325.50000000000006 76.500000000000014 12.500000000000002 1.7239195065112967 59.584613581083033 45.035714285714292 467.53000000000009 1.7562965942176627 30.883116883116887 826.70500000000015 627.78500000000008 726.44000000000017 3.5000000000000004 488.33000000000004 80.500000000000014 1.8181843054511293 278.77000000000004 5898.4900000000007 320.50000000000006 214.50000000000003 0.61414497487845077 2 1521.5700000000004 13.227181515825054 1.0495213577484683 1523.1850000000002 3026.4100000000003 265.75000000000006 554.27500000000009 1608.1650000000002 3650.2500000000005 67.914276660777759 2501.0100000000007 353.50000000000006 1153.5550000000001 2.4614761916826295 293.50000000000006 63.591666666666676 350.50000000000006 -171.00499999999997 43.500000000000007 181.58333333333334
decision_type=2 2 2 2 2 2 2 2 2 2 2 2 2 1 2 1 2 2 2 2 2 2 2 2 2 2 2 2 2 2 2 2 2 2 2 2 2 2 2 2 2 9 2 2 2 2 2 2 2 2 2 2 2 2 2 2 2 2 2 2 2 2
left_child=1 4 6 9 31 7 26 17 15 21 29 13 59 28 -15 -9 39 34 20 -10 27 48 42 30 25 43 38 37 -11 40 -24 -1 -25 -19 -6 46 47 -8 -2 -13 -4 44 54 -12 -27 -45 -7 -37 -3 -50 56 -33 -22 -38 -14 -18 -23 -42 -43 -5 -61 -62
right_child=2 3 10 12 5 35 18 8 19 11 24 16 22 14 -16 -17 55 33 -20 -21 52 50 23 32 -26 41 -28 -29 -30 -31 -32 51 -34 -35 -36 36 53 -39 -40 -41 57 58 -44 45 -46 -47 -48 -49 49 -51 -52 -53 -54 -55 -56 -57 -58 -59 -60 60 61 -63
leaf_value=-0.22137448737579676 -0.75795279232070101 -0.41790762424413774 -0.076662709651276639 -1.7229112110111839 -1.5667003702899198 1.0268397510737655 -0.33649041933789481 0.8569111157424496 -0.2428469115650497 -0.47707071502263454 0.072422335448230513 -0.11361676433521772 -1.1853792954276832 -0.28530101644453837 -1.076228528795766 0.33093540879646499 -0.044352551149306585 -0.71654933881669081 -0.034053937750320305 0.61312869679294091 0.11136778787039843 0.082569756239781536 -0.096215407645779655 0.29549513684835793 -0.55555008796451633 -0.43500757540756524 -0.58025547654953979 -0.13587167690287602 -0.2052026165749041 -0.17996017183550866 0.22328292090748178 -1.1117393480911628 0.65477418720104485 -0.30045313195494211 0.70454860602464509 1.6282987976257051 2.8320373323515664 -0.7552386482702087 -0.29662370423632956 -0.38718114083652938 -0.44132202032941187 0.043804285071268101 -1.0336045636545881 -0.37630488395212719 -0.096904574580188557 0.14662826014457994 -2.3818906013797299 -2.3543458942209874 0.047096460093380976 -0.64143850200996944 -0.22886901623588207 -1.0045213304197282 -0.28369799038708143 0.42801015597958597 0.1827128965030731 0.38866150526033538 1.6271125456631657 -0.21365276901205235 -0.4112825863905003 0.084280509354988542 -0.41570757747880799 1.8621606472705008
leaf_weight=33 256 288 36 24 45 1127 1073 6156 1215 205 72 73 41 359 192 2637 340 20 116 1251 72 804 1101 1474 30 119 192 69 393 45 706 129 1092 994 389 59 1539 90 28 132 210 754 44 419 341 23 20 24 154 34 95 21 67 38 33 86 49 21 26 42 246 25
leaf_count=33 256 288 36 24 45 1127 1073 6156 1215 205 72 73 41 359 192 2637 340 20 116 1251 72 804 1101 1474 30 119 192 69 393 45 706 129 1092 994 389 59 1539 90 28 132 210 754 44 419 341 23 20 24 154 34 95 21 67 38 33 86 49 21 26 42 246 25
internal_value=0.000140333 0.00153221 -0.00797944 -0.00108276 0.00287341 0.00306921 -0.0121885 0.00232789 0.0028625 -0.00424072 -0.00400191 -0.00667414 0.00100393 -0.00888672 -0.0126579 0.00365649 -0.00254338 -0.00179187 -0.00994128 1.01256e-05 -0.0107078 -0.00115627 0.00149922 0.00172818 -0.00263011 -0.00231929 -0.0189979 -0.0115789 -0.00528286 -0.0115873 0.000131215 -0.0132392 0.00283184 -0.0037119 0.00257437 0.00640125 0.00757667 -0.0121462 -0.0224739 -0.00907452 -0.0133796 -0.000884956 -0.00640496 -0.00565764 -0.00327696 -0.00679775 0.0046413 0 -0.0045929 -0.00104712 0.000525762 -0.0158497 -0.00255282 0.00798259 -0.000974026 0.000524476 0.00118283 -0.0150107 0.000504414 -0.00540441 -0.00439082 -0.00552007
internal_weight=27788 23729 4059 8032 15697 15514 1963 12707 11259 3204 2096 1780 4828 1149 551 8793 631 1448 1487 2466 1371 1424 4491 4373 1784 1754 476 1232 598 312 1807 183 2566 1014 434 2807 1660 1163 284 205 267 1240 118 514 460 442 1147 83 476 188 948 150 139 1577 74 426 853 231 780 337 313 271
internal_count=27788 23729 4059 8032 15697 15514 1963 12707 11259 3204 2096 1780 4828 1149 551 8793 631 1448 1487 2466 1371 1424 4491 4373 1784 1754 476 1232 598 312 1807 183 2566 1014 434 2807 1660 1163 284 205 267 1240 118 514 460 442 1147 83 476 188 948 150 139 1577 74 426 853 231 780 337 313 271
cat_boundaries=0 1 2 3
cat_threshold=1 1 3
is_linear=0
shrinkage=0.05


Tree=24
num_leaves=63
num_cat=21
split_feature=15 20 21 21 15 21 2 20 5 7 1 21 1 7 2 7 1 2 1 7 1 9 11 19 1 16 2 2 7 6 7 9 1 7 7 7 1 5 11 2 7 7 1 21 2 1 21 2 21 18 2 20 5 7 5 1 5 18 5 1 19 18
split_gain=112.268 49.1808 24.4925 17.4761 18.9319 11.4884 8.99503 8.40982 7.82008 8.26896 7.30565 6.18199 5.7417 5.14641 5.13173 4.64935 5.12823 4.46762 4.45772 3.97202 3.90011 3.80768 3.56835 3.56823 3.52667 3.43653 3.32914 3.3254 3.27969 3.04922 2.83134 2.69309 2.65689 2.46014 2.4129 2.40144 2.33294 2.31387 2.12446 2.0881 2.03117 2.02259 1.97453 1.90201 1.86973 1.84528 1.82139 1.79445 1.69514 1.65978 1.58836 2.52124 1.51958 1.41798 1.40452 1.35346 1.30936 1.2792 1.27743 1.20044 1.13725 1.13025
threshold=6.5000000000000009 124.50000000000001 26.366071428571434 63.038461538461547 2.5000000000000004 45.035714285714292 0 46.500000000000007 177.50000000000003 302.49000000000007 1 175.58333333333334 2 363.51500000000004 3 540.5350000000002 4 5 6 432.53000000000003 7 327.14000000000004 3115.6750000000006 2631.150000000001 8 0.90913875843341474 9 10 726.9100000000002 3056.7900000000004 992.05500000000018 922.59500000000014 11 467.53000000000009 363.92500000000007 432.19000000000005 12 320.50000000000006 3407.1200000000003 13 -1.0000000180025095e-35 342.00500000000005 14 117.08333333333336 15 16 66.591666666666683 17 40.51315789473685 2.9462179617441135 18 12.500000000000002 186.50000000000003 675.93500000000006 202.50000000000003 19 97.500000000000014 2.8272179629025254 173.50000000000003 20 183.12000000000003 1.0802265884582634
decision_type=2 2 2 2 2 2 1 2 2 2 9 2 9 2 1 2 9 1 9 2 9 2 2 2 9 2 1 1 2 2 2 2 9 2 2 2 9 2 2 1 2 2 9 2 1 9 2 1 2 2 1 2 2 2 2 9 2 2 2 9 2 2
left_child=1 3 33 4 8 12 41 20 9 24 -7 15 25 42 36 16 39 -15 -16 44 21 -5 27 -11 -1 56 54 -17 38 47 -20 -29 52 37 -23 -28 -9 -2 61 -3 -34 60 -8 -38 -12 46 -24 -18 -40 -46 51 -22 -10 -13 -27 -52 -4 -43 -58 -31 -6 -14
right_child=2 11 5 7 6 10 13 14 32 23 19 53 28 17 18 22 29 -19 30 -21 50 34 45 -25 -26 26 35 31 -30 59 -32 -33 40 -35 -36 -37 43 -39 48 -41 -42 57 -44 -45 49 -47 -48 -49 -50 -51 55 -53 -54 -55 -56 -57 58 -59 -60 -61 -62 -63
leaf_value=0.19284561343726836 -0.72005515270466602 0.31763953674143058 -0.66180003755817873 -0.7107347879043957 0.018711694587395567 0.16537697525069764 -0.36762238220068771 0.047820372040320441 1.9778401181907279 0.1024067613683612 -0.1415831584895508 1.5664358637735589 -0.2608471216325402 -0.59483812369534217 -0.17492730382360053 1.862324471182685 1.1290218169298221 -0.17416830649149048 0.16924060967641399 -0.15136620255325914 -1.2100244173572057 0.026107349204255129 -1.0429770023270517 -0.2708505242801148 -0.75683247622890493 -0.38388089497221894 -0.3500309786631321 0.60275186105122192 0.17113854531321851 -0.69112581688361208 0.63041367544073723 1.938886169062402 -0.80978846915724567 -0.55124270272206288 -0.83472921258307287 -0.29764291323670328 0.60015917323381396 -0.28179251902451313 -0.4959213331370233 -0.58333905106734563 1.4280357650897839 0.0038816254760288163 -0.53777201319812118 1.4182348104729368 -0.30357062601574553 0.84814822993190764 0.25444433121957 0.34917646763123145 -0.24738314506147852 0.14460209993597761 0.088165637502311794 0.1105841373050362 -0.25214144498804741 3.1369670554048725 0.0032814625674534529 0.80803620901673345 -0.16283909922079084 0.62406547454234063 -0.45659092678216989 0.16910154937540939 -0.56793544335571233 0.12511145746908189
leaf_weight=122 256 104 105 160 66 368 317 219 61 2654 122 960 74 508 737 1418 1054 996 2839 572 96 440 72 400 454 275 360 1179 144 125 591 728 21 192 386 500 942 28 205 220 670 570 421 391 386 383 279 827 64 23 332 204 205 909 123 248 57 69 127 227 125 78
leaf_count=122 256 104 105 160 66 368 317 219 61 2654 122 960 74 508 737 1418 1054 996 2839 572 96 440 72 400 454 275 360 1179 144 125 591 728 21 192 386 500 942 28 205 220 670 570 421 391 386 383 279 827 64 23 332 204 205 909 123 248 57 69 127 227 125 78
internal_value=9.35555e-05 0.00141002 -0.00758555 -0.000285302 -0.0019724 -0.00613846 -0.00500813 0.00141177 5.17429e-05 -0.000997798 -0.00268826 0.00446071 -0.00851064 -0.0066408 0.00236587 0.00372413 0.0020166 -0.00491042 0.00142045 -0.0047155 -0.00148475 -0.00362863 0.0047852 2.45339e-05 -0.00647668 -0.0101042 -0.00890167 0.00548753 -0.0037846 0.00287734 0.00218559 0.00397786 0.00407552 -0.0182672 -0.00220145 -0.0107102 0.00482428 -0.0216028 -0.00610259 -0.0037092 0.00566406 -0.00044484 -0.0101552 0.0056185 -0.00788858 0.00152646 -0.000995879 0.00369559 -0.00877757 -0.00944905 0.000895857 -0.00191693 -8.96057e-05 0.00703125 -0.00444039 0.00244519 -0.0153682 0.000837227 -0.0117647 -0.00126761 -0.00496134 -0.000967742
internal_weight=27788 23729 4059 15244 7659 3583 3072 7585 4587 3630 1471 8485 2112 2242 5719 6616 2557 1504 4167 1103 1866 986 4059 3054 576 1547 1258 3325 565 2233 3430 1907 957 476 826 860 1552 284 421 324 691 830 738 1333 531 734 351 1881 269 409 880 300 266 1869 398 580 289 639 184 352 191 152
internal_count=27788 23729 4059 15244 7659 3583 3072 7585 4587 3630 1471 8485 2112 2242 5719 6616 2557 1504 4167 1103 1866 986 4059 3054 576 1547 1258 3325 565 2233 3430 1907 957 476 826 860 1552 284 421 324 691 830 738 1333 531 734 351 1881 269 409 880 300 266 1869 398 580 289 639 184 352 191 152
cat_boundaries=0 1 3 5 6 8 9 11 13 15 16 17 19 21 22 24 25 27 28 29 31 33
cat_threshold=526 2516615233 262801 572527311 332544 772 2281472 135296 288 281186920 1638426 816189505 86147 145 4608 680 1944 2156396600 331801 2228264 12800 721 2719481902 262144 578 537723081 296449 814 2075 2147484824 296448 536871040 16384
is_linear=0
shrinkage=0.05


Tree=25
num_leaves=63
num_cat=17
split_feature=14 20 21 21 17 17 7 1 1 20 2 23 19 2 2 1 21 19 21 9 2 21 1 21 1 2 7 6 18 1 23 7 18 21 17 7 9 1 17 18 20 22 1 20 1 1 13 4 20 20 9 7 20 20 23 20 22 2 19 20 21 17
split_gain=104.717 46.8408 18.9591 18.4634 15.792 11.1329 8.83702 8.23724 7.48561 6.7763 5.78665 5.1745 5.02297 5.31903 4.76522 4.65438 4.40046 4.2464 4.22971 3.81342 3.75643 3.66516 3.41799 3.35438 4.26725 3.26353 2.96182 2.96095 2.76334 2.70507 2.58259 2.58088 2.46751 2.3501 2.1869 2.75515 2.15748 2.09295 2.07621 2.83275 2.00429 2.42258 1.99662 1.98808 1.91685 1.87368 1.84987 1.81565 1.7928 1.75041 1.64971 1.52951 1.57493 1.49095 1.46864 1.42799 1.42492 1.39868 1.36837 1.31469 1.27906 1.25285
threshold=2.5000000000000004 134.50000000000003 26.366071428571434 69.7638888888889 1.2307666540406972 1.8741146742062493 985.63 0 1 50.500000000000007 2 2.5000000000000004 3719.2950000000014 3 4 5 48.516666666666673 1296.7700000000002 62.67948717948719 342.00500000000005 6 38.52272727272728 7 124.08333333333336 8 9 467.53000000000009 5279.9100000000008 1.4163645083917891 10 3.5000000000000004 495.66500000000008 0.47163670876965708 38.02272727272728 1.105384465362415 436.17500000000007 1408.4750000000001 11 1.7562965942176627 1.2782692042414869 211.50000000000003 27.358200553213379 12 31.500000000000004 13 14 1.5000000000000002 15 9.5000000000000018 233.50000000000003 551.12500000000023 881.20500000000004 191.50000000000003 37.500000000000007 23.500000000000004 63.500000000000007 42.132528963156894 16 2291.5450000000005 18.500000000000004 113.07142857142858 2.0541353936546582
decision_type=2 2 2 2 2 2 2 9 9 2 1 2 2 1 1 9 2 2 2 2 1 2 9 2 9 1 2 2 2 9 2 2 2 2 2 2 2 9 2 2 2 2 9 2 9 9 2 9 2 2 2 2 2 2 2 2 2 1 2 2 2 2
left_child=1 3 11 4 7 23 12 16 14 19 37 43 13 -6 31 27 55 29 34 53 33 -9 30 24 40 42 -13 -8 -23 -12 51 36 -18 54 -16 -36 61 -11 -22 -40 41 -3 -26 -2 -19 48 -17 -47 -21 -25 -14 52 -7 -5 -10 -1 -20 -51 -24 -33 -39 -4
right_child=2 5 8 9 6 22 15 21 20 10 17 26 50 -15 18 46 32 44 56 45 38 28 58 49 25 -27 -28 -29 -30 -31 -32 59 -34 -35 35 -37 -38 60 39 -41 -42 -43 -44 -45 -46 47 -48 -49 -50 57 -52 -53 -54 -55 -56 -57 -58 -59 -60 -61 -62 -63
leaf_value=-0.46304080694835731 -0.6441595347393354 -0.7957621599308804 -0.34114530686370448 -0.71373804808878294 0.47170437253138503 -0.21311078730249947 0.10154553540317438 -0.36420153891889484 -0.49688412922618613 -0.1198232750370618 0.0077220610621143498 -0.66390086937670334 -0.95649946739523151 -0.15890224183957066 -0.46958812717330567 0.8427868468274593 -0.46970999373885952 -0.43601354347917243 0.373601963422595 -1.0574877657855475 -0.15304326593781825 -0.27346174259141337 2.4570939347004987 1.1264867328703261 -0.3283631160789342 0.78718481197462586 -0.4886384639637511 -1.0121269662072139 0.088990899895336997 0.40161804601863704 -0.54514958500994481 -0.5378926607717478 -0.23341749101355883 -0.28808604810821115 -0.32691422866309999 -0.29874800856666894 -0.66252157085162156 0.61395468107919138 -0.12961105989176361 0.29236310514199965 0.64925020435045233 -0.14083990086257431 0.54978186685324038 -0.11408390057482976 0.0085917590974240454 0.71989483910459529 -0.5797502739618644 -0.058945063039139892 -0.088783976344503662 2.2713285247432369 -0.35440676137637706 2.645097005558759 2.2961429965521347 0.036847013512818806 0.032429289930146779 -0.55560125639043167 -0.25443107637732043 -0.84855625531441792 1.5027266997825146 0.17644617981515154 1.2991477385908787 0.063912199090058811
leaf_weight=290 72 138 225 194 509 190 620 303 186 110 992 303 52 4518 167 946 58 255 50 152 506 614 2383 1149 466 1068 221 50 529 2396 69 40 508 300 400 277 63 816 317 167 93 127 336 101 429 317 40 442 497 127 139 618 523 42 22 190 71 132 169 137 509 58
leaf_count=290 72 138 225 194 509 190 620 303 186 110 992 303 52 4518 167 946 58 255 50 152 506 614 2383 1149 466 1068 221 50 529 2396 69 40 508 300 400 277 63 816 317 167 93 127 336 101 429 317 40 442 497 127 139 618 523 42 22 190 71 132 169 137 509 58
internal_value=0.000111547 0.00131336 -0.00773535 -0.000177815 -0.00164105 0.00456462 -0.000396248 -0.0050501 -0.00596353 0.00173155 0.00257486 -0.0151964 -0.00141256 -0.00109592 -0.00849434 0.00277275 -0.00842776 0.00157895 -0.0106723 -0.00106254 -0.00332561 -0.00248458 0.00640961 0.00254191 0.00129987 0.00227031 -0.0177419 -0.000402635 -0.00114529 0.00231495 0.0042109 -0.00422108 -0.00531634 -0.00681382 -0.0120425 -0.0104963 -0.00680516 0.00530905 -0.00142074 0.000821355 -0.00357143 -0.00592351 -9.20245e-05 -0.00703125 -0.00196507 -3.54359e-05 0.00492993 0.00160298 -0.00202039 0.00446492 -0.00934278 0.00475075 0.00302025 -0.00690377 -0.0111374 -0.0121118 -0.0015121 0.000524809 0.00754386 0.000347222 0.00587631 -0.00458916
internal_weight=27788 24105 3683 16517 9366 7588 6874 2492 2986 7151 5507 697 5218 5027 1488 1656 1046 4072 965 1644 1498 1446 3952 3636 2228 1870 524 670 1143 3388 1400 523 566 508 844 677 346 1435 990 484 358 265 802 173 684 1408 986 759 649 1408 191 1331 713 236 208 480 121 259 2552 177 1325 283
internal_count=27788 24105 3683 16517 9366 7588 6874 2492 2986 7151 5507 697 5218 5027 1488 1656 1046 4072 965 1644 1498 1446 3952 3636 2228 1870 524 670 1143 3388 1400 523 566 508 844 677 346 1435 990 484 358 265 802 173 684 1408 986 759 649 1408 191 1331 713 236 208 480 121 259 2552 177 1325 283
cat_boundaries=0 2 4 5 6 7 9 10 12 14 15 17 19 21 23 25 26 27
cat_threshold=3544510 643330 538973191 266624 772 520 652 2458125030 71170 277 2432262657 218300 67284992 168448 2123 276992622 1116886 102895648 8192 538443916 1152 536875152 331776 545390609 345249 6 2464
is_linear=0
shrinkage=0.05


Tree=26
num_leaves=63
num_cat=17
split_feature=14 14 7 21 21 21 7 16 6 1 1 1 1 2 1 23 6 1 7 10 21 23 2 2 2 8 2 5 5 1 21 21 2 8 8 19 7 5 21 5 8 21 18 6 10 5 5 16 21 5 7 1 5 23 8 2 7 19 1 8 1 5
split_gain=94.3708 25.9854 17.9147 17.6435 14.5444 13.2906 8.77486 8.47546 8.02442 8.30101 7.1154 6.76626 6.31114 5.10261 5.03952 4.69796 4.46514 4.46116 4.44561 4.83148 4.43116 4.18971 3.78098 3.23116 3.00591 2.9767 3.28656 2.90094 2.6936 2.57905 2.51824 2.44712 2.40373 2.57047 2.39376 2.23027 2.16575 2.14146 2.01346 2.24954 1.88619 1.6971 1.56242 1.41185 1.41113 1.32922 1.29951 1.45122 1.409 1.25685 1.25112 1.22904 1.16659 1.16585 1.15566 1.81347 1.13524 2.43129 1.10468 1.06355 1.0268 1.24495
threshold=2.5000000000000004 1.5000000000000002 -1.0000000180025095e-35 26.366071428571434 60.577380952380956 158.58333333333334 720.80000000000018 1.0880114513152044 3056.7900000000004 0 1 2 3 4 5 2.5000000000000004 2501.0100000000007 6 545.35000000000014 2262.1850000000004 21.174185463659153 14.500000000000002 7 8 9 255.06000000000003 10 338.00000000000006 356.50000000000006 11 51.519230769230781 44.031250000000007 12 604.84000000000015 248.01500000000001 726.44000000000017 467.53000000000009 166.50000000000003 71.683333333333351 48.500000000000007 1452.5150000000003 49.550505050505059 1.0111967720841888 1376.8900000000001 1368.9350000000002 144.50000000000003 319.50000000000006 2.0196937982403731 32.205263157894741 104.50000000000001 665.60000000000002 13 236.50000000000003 10.500000000000002 615.6450000000001 14 345.56 586.77499999999998 15 654.22000000000014 16 196.50000000000003
decision_type=2 2 2 2 2 2 2 2 2 9 9 9 9 1 9 2 2 9 2 2 2 2 1 1 1 2 1 2 2 9 2 2 1 2 2 2 2 2 2 2 2 2 2 2 2 2 2 2 2 2 2 9 2 2 2 1 2 2 9 2 9 2
left_child=1 2 35 15 7 6 8 20 9 -4 21 18 25 16 -10 49 -8 -15 19 38 56 34 28 60 45 51 50 36 -12 44 46 -24 33 -14 -9 -1 -17 -28 39 -5 -26 -22 -35 -32 59 -20 47 -25 -48 -2 -27 -6 -43 -42 55 -31 -3 -58 -34 -7 61 -13
right_child=3 4 5 11 12 29 13 10 14 -11 22 23 32 17 -16 27 -18 -19 24 -21 41 -23 31 30 40 26 37 -29 -30 54 43 -33 58 42 -36 -37 -38 -39 -40 -41 53 52 -44 -45 -46 -47 48 -49 -50 -51 -52 -53 -54 -55 -56 -57 57 -59 -60 -61 -62 -63
leaf_value=-0.13908212120734814 -0.45381971268047611 0.049340412926225596 -0.34764326095634673 -0.27143447099071549 -0.00805224940338496 -0.20356347010800882 0.80152897156887448 -0.2624992408732405 0.1071781592979487 0.38489998469013442 0.096203362492976924 -0.22221010627110635 -0.1240300739077112 0.21492031142969026 -0.4129133874281955 -0.64370536766801745 -0.086934248682667817 1.3609791157937448 -0.26631886544420702 -0.60687961311632399 -0.57957026324814709 -0.47745608845553522 -0.30217652104916315 -0.36933641289241248 -0.38448275447597019 0.085830757443097483 -0.34881308682535067 -0.0047651342380651057 -0.79705556211705275 1.8643496900786822 0.75415780501196616 -0.017631922944260837 0.08578211816788138 -0.33747743338086877 -0.28257155557205016 -1.0592292713939238 -0.48869502339328674 0.1188540900130028 -0.10790203791858062 -0.2460878872916287 -0.39325231028650687 -0.33408992276655564 0.60195956664964378 -0.14698518704478528 -2.247788054840794 0.083374617702152376 -0.18360627888516615 -0.0097249577048387891 0.21320858760606687 -0.068682145919849447 0.50648942110861406 -0.41095636791731299 -0.77830387457644334 0.16977712401924344 2.3353715450380301 0.7390491327500428 0.041973721810641518 -0.66721024877394286 0.60496068187487007 3.2872876104843183 0.18885797690206499 0.13583398209438707
leaf_weight=33 113 111 858 94 104 82 1565 98 670 5392 950 69 318 479 937 289 931 2078 120 249 210 68 930 566 188 634 647 24 20 428 28 717 156 94 679 150 211 384 85 686 32 85 231 263 61 120 28 78 78 60 322 254 42 37 1320 857 30 28 1093 59 229 36
leaf_count=33 113 111 858 94 104 82 1565 98 670 5392 950 69 318 479 937 289 931 2078 120 249 210 68 930 566 188 634 647 24 20 428 28 717 156 94 679 150 211 384 85 686 32 85 231 263 61 120 28 78 78 60 322 254 42 37 1320 857 30 28 1093 59 229 36
internal_value=9.35555e-05 0.00123455 0.00241464 -0.00735553 -0.00104624 0.0025994 0.00191474 -0.00322337 0.000860369 0.0016752 -0.00231602 -0.0056457 0.000981722 0.00354282 -0.00227484 -0.0145536 0.00187326 0.0051216 -0.00785868 -0.00969114 -0.00928291 -0.00627914 -0.00098384 -0.00292687 -0.003775 -0.000736853 0 -0.0169829 0.00144964 0.00572509 -0.00430503 -0.00244729 0.00312336 0.000514482 -0.00517628 -0.0129704 -0.0177932 -0.00192768 -0.0077621 -0.00855683 -0.00736111 -0.0126103 0.00369665 -0.000212585 0 0.000197628 -0.00587649 -0.00672334 -0.000229358 -0.00674716 0.00211558 -0.0049169 -0.00701923 0 0.00613541 0.00493983 -0.00225291 -0.00778689 0.00440769 0.00286458 0.00122478 -0.00243644
internal_weight=27788 24105 15900 3683 8205 15717 12910 3968 7857 6250 3462 2986 4237 5053 1607 697 2496 2557 1611 1114 506 845 2617 1375 497 2345 1987 524 970 2807 1041 1647 1892 643 777 183 500 1031 865 780 257 337 325 291 202 240 750 644 106 173 956 358 127 69 2605 1285 169 58 1249 141 334 105
internal_count=27788 24105 15900 3683 8205 15717 12910 3968 7857 6250 3462 2986 4237 5053 1607 697 2496 2557 1611 1114 506 845 2617 1375 497 2345 1987 524 970 2807 1041 1647 1892 643 777 183 500 1031 865 780 257 337 325 291 202 240 750 644 106 173 956 358 127 69 2605 1285 169 58 1249 141 334 105
cat_boundaries=0 2 4 6 8 9 11 13 14 15 16 17 19 20 21 22 23 25
cat_threshold=185856 1186049 3805810 102690 572527623 332160 816092264 856718 2161 34112597 172555 2449604673 99384 1704 1568 2744 1740 295780416 4100 147 536870912 385 131092 524352 513
is_linear=0
shrinkage=0.05


Tree=27
num_leaves=63
num_cat=26
split_feature=15 20 21 21 1 0 2 12 21 2 19 20 21 8 21 0 8 4 2 6 2 15 16 1 2 1 1 1 2 1 1 21 21 1 21 19 1 2 19 1 0 8 2 9 22 4 18 19 21 10 22 21 9 10 8 2 2 20 19 19 1 22
split_gain=84.7994 34.1024 29.4029 16.7632 12.5415 10.9985 30.7494 13.7109 13.7089 12.3318 8.28682 8.1425 7.79116 6.81173 6.68959 6.58311 6.55786 5.40753 4.84106 4.78903 4.62526 4.52421 4.51487 3.77089 3.45792 3.44623 3.24477 3.23147 3.04901 2.77436 2.73192 2.71235 2.54009 2.39103 2.23613 2.44569 2.06752 2.01316 1.98971 1.98292 1.84896 1.71778 1.69529 1.68602 1.64572 1.56234 1.52762 1.70354 3.35197 1.47246 1.4181 1.41736 1.61942 1.40242 1.35988 1.33611 1.30168 2.17093 1.30007 1.72456 1.28906 1.14706
threshold=5.5000000000000009 164.50000000000003 35.845238095238102 77.683333333333351 0 1 2 1.0000000180025095e-35 57.035714285714292 3 3719.2950000000014 9.5000000000000018 26.366071428571434 430.92000000000002 11.125000000000002 4 230.29000000000002 5 6 1376.8900000000001 7 3.5000000000000004 0.82859710586006718 8 9 10 11 12 13 14 15 46.033333333333339 47.12916666666667 16 91.055555555555571 2109.9650000000006 17 18 1901.3400000000004 19 20 1452.5150000000003 21 2565.6350000000007 13.227181515825054 22 1.5831916405772068 1360.5350000000001 145.12500000000003 2159.0750000000003 17.837694164747877 38.02272727272728 310.90500000000003 2790.7650000000008 465.86500000000007 23 24 30.500000000000004 2225.5050000000006 2026.4850000000004 25 33.944632608680017
decision_type=2 2 2 2 9 1 1 2 2 1 2 2 2 2 2 1 2 9 1 2 1 2 2 9 1 9 9 9 1 9 9 2 2 9 2 2 9 1 2 9 1 2 1 2 2 9 2 2 2 2 2 2 2 2 2 1 1 2 2 2 9 2
left_child=1 3 12 5 13 9 7 21 -9 22 14 15 58 32 -11 34 23 -14 26 61 30 -7 -1 55 -25 28 -18 -24 38 -20 -8 43 44 -22 -5 -36 45 -19 54 -33 -27 -39 -42 -21 -4 49 47 60 -49 -6 -12 -38 -53 -51 -3 -13 -34 -58 59 -2 -30 -15
right_child=2 25 4 11 36 6 20 8 -10 10 50 16 17 19 -16 -17 18 37 29 31 33 -23 27 24 -26 40 -28 -29 46 -31 -32 39 56 -35 35 -37 51 41 -40 -41 42 -43 -44 -45 -46 -47 -48 48 -50 53 -52 52 -54 -55 -56 -57 57 -59 -60 -61 -62 -63
leaf_value=-0.63877156337527241 -0.46415195861608183 1.162647488745197 -0.092862502120385007 0.42013472926580953 -0.64753733285280946 0.97596407449068967 -0.43900049289731524 -1.5421816642981012 -0.16638830602922036 0.10184363024615894 -0.52765276172537845 -0.18945057070917759 -0.00017070845063287267 0.23303178685066045 -0.22476674417230555 1.2410088350705253 -0.19478133419766053 -0.19760782715013439 0.59906954141432223 -0.36735348625640984 0.29050357342477151 -0.90661390434122235 0.11811854856666537 -0.69485785547932999 0.25309054849033252 2.0278917868245205 0.89361635592522048 0.90694439976386299 0.034973878925183756 0.18057491837580297 -0.060520609931257678 -0.077422935613025781 -0.27606769932365588 -0.010436501569042633 -1.2420660400455754 0.56942338432266182 -0.21061505132915104 -0.39739457619804064 0.0041868305600864632 -0.39719701482887154 2.313036382449889 -0.16839947502951136 0.45678062723520585 -0.071748544632432326 -0.37258752372917181 -0.0040023837297038511 -0.98207559362281249 -0.51204401795921317 1.7753522385812808 0.19696510027655664 0.18625776360208413 -0.40701444307332779 0.23189585972002158 -0.43438342926100582 2.4710718412522823 -0.70316611701954324 -0.26491169021894906 -0.027051630237691526 -0.78542271357594484 -0.29213399588752259 1.0098417972783051 -0.22999752983077437
leaf_weight=77 369 422 70 31 74 129 316 368 103 2959 240 102 171 172 1558 100 141 232 878 404 339 55 512 159 552 2203 2338 926 255 2764 403 691 358 869 235 23 63 539 163 209 211 81 389 96 370 777 75 226 118 39 21 23 560 49 743 138 70 235 118 25 822 30
leaf_count=77 369 422 70 31 74 129 316 368 103 2959 240 102 171 172 1558 100 141 232 878 404 339 55 512 159 552 2203 2338 926 255 2764 403 691 358 869 235 23 63 539 163 209 211 81 389 96 370 777 75 226 118 39 21 23 560 49 743 138 70 235 118 25 822 30
internal_value=0.000145731 0.00157004 -0.00521405 0.000410062 -0.00306895 -0.00105457 -0.00380077 -0.0130427 -0.0177479 6.55178e-05 -0.00117408 0.0021587 -0.011159 -0.00512785 -0.000660951 -0.00481505 0.00255124 -0.00849172 0.00315358 -0.00300623 -0.00054768 -0.0013369 0.00398397 -0.00127096 0.000535221 0.00492673 0.00487059 0.0046669 0.00359535 0.00194938 -0.0037056 -0.00406272 -0.00819394 0.0013104 -0.00869007 -0.010249 0.00044587 -0.0100578 0.00536913 -0.00232558 0.00621005 -0.0117694 0.00356551 -0.00705765 -0.0112867 -0.00101103 0.00195494 0.00236131 -0.000576369 -0.00528571 -0.00980114 0.0026176 0.00347696 -0.000549451 0.00613228 -0.00652174 -0.00602477 -0.00294811 -0.0163107 -0.0142947 0.00334491 0.00402439
internal_weight=27788 21963 5825 16336 4290 8875 2582 655 471 6293 4778 7461 1535 2705 4517 389 7072 1023 6121 1602 1927 184 1515 951 711 5627 2479 1438 2824 3642 719 1400 1103 1208 289 258 1585 852 1328 900 2803 620 600 500 440 939 1496 1421 344 162 261 646 583 88 1165 240 663 305 512 394 1077 202
internal_count=27788 21963 5825 16336 4290 8875 2582 655 471 6293 4778 7461 1535 2705 4517 389 7072 1023 6121 1602 1927 184 1515 951 711 5627 2479 1438 2824 3642 719 1400 1103 1208 289 258 1585 852 1328 900 2803 620 600 500 440 939 1496 1421 344 162 261 646 583 88 1165 240 663 305 512 394 1077 202
cat_boundaries=0 2 3 4 5 6 7 8 9 11 12 14 16 18 19 21 23 25 27 28 30 31 32 33 34 35 37
cat_threshold=544478874 626966 1 257 776 1 16 1924 2096 2232385 348160 3137 582742593 212356 304218146 32 2159546369 38547 1956 238899731 301064 554438689 20496 2542575656 81920 655460 279200 1672 536871050 18 1 780 1 2374 2453 45203521 4096
is_linear=0
shrinkage=0.05


Tree=28
num_leaves=63
num_cat=14
split_feature=20 15 17 16 21 21 13 20 21 1 5 0 5 5 1 1 1 5 20 17 1 21 8 1 1 23 9 8 22 16 16 21 5 5 20 1 16 21 22 11 21 1 17 8 16 8 21 1 19 4 17 0 17 19 20 11 1 17 19 5 5 9
split_gain=75.9429 29.9622 18.4247 13.2496 11.9382 9.36265 8.88958 8.1227 6.63564 6.11709 6.13419 7.56507 4.71902 4.79629 4.19809 4.0722 3.88538 3.79205 3.39975 3.13367 3.06638 2.98846 2.97652 2.86393 2.79102 2.69656 2.62115 2.60219 2.51714 4.0174 2.54736 2.51318 2.44225 2.43509 2.37498 2.832 2.34669 2.5526 2.33476 2.6379 2.31625 2.31577 2.26865 2.16222 2.06522 1.84099 1.82618 1.81159 1.7108 1.66953 1.66631 1.63822 1.57686 1.55279 1.55272 1.53871 2.57523 1.5291 1.47971 1.41962 1.41566 1.41078
threshold=66.500000000000014 7.5000000000000009 1.7777782349047533 1.0259301214029921 90.937500000000014 26.366071428571434 1.5000000000000002 154.50000000000003 50.527777777777786 0 179.50000000000003 1 131.50000000000003 189.50000000000003 2 3 4 327.50000000000006 195.50000000000003 0.94238522751434284 5 61.519230769230781 394.40000000000003 6 7 2.5000000000000004 908.37000000000023 1161.2100000000003 22.279916708161881 0.71565839066356651 1.5524105731048861 112.08333333333336 338.00000000000006 32.500000000000007 29.500000000000004 8 1.9999912401403066 64.038461538461561 38.096806153619177 1410.0050000000003 68.690476190476204 9 1.3421393462832487 2033.7350000000004 1.4999972783388438 360.12500000000006 15.859090909090911 10 2225.5050000000006 11 0.72337295187931516 12 0.8959856874718416 3203.3150000000005 137.50000000000003 1271.8400000000004 13 2.0098902678645172 1836.4000000000003 38.500000000000007 306.50000000000006 726.85000000000025
decision_type=2 2 2 2 2 2 2 2 2 9 2 1 2 2 9 9 9 2 2 2 9 2 2 9 9 2 2 2 2 2 2 2 2 2 2 9 2 2 2 2 2 9 2 2 2 2 2 9 2 9 2 1 2 2 2 2 9 2 2 2 2 2
left_child=1 3 4 34 15 32 9 16 41 22 11 -11 47 -14 19 36 45 28 21 26 33 44 42 -9 -15 -12 -7 31 29 -16 -30 51 48 -10 38 40 -2 54 39 -1 58 43 -5 -8 -17 -4 -20 -6 -3 -26 -23 -18 -48 -49 -38 56 -25 61 -36 -24 -37 -47
right_child=2 5 7 6 12 14 8 23 20 10 25 -13 13 24 17 18 27 -19 46 -21 -22 50 59 55 49 -27 -28 -29 30 -31 -32 -33 -34 -35 35 60 37 -39 -40 -41 -42 -43 -44 -45 -46 57 52 53 -50 -51 -52 -53 -54 -55 -56 -57 -58 -59 -60 -61 -62 -63
leaf_value=-0.64513387100409247 0.2246999467417391 -0.45579261382908193 -0.64664859600615943 -0.39044121920746733 -0.35846998583349932 0.032320655173414536 -0.17512086744164784 2.44048012847164 -1.191774478423524 0.075257480933213744 1.1138557626230163 -0.38968692129532934 1.3264327879349809 0.87006770968229086 -0.67877668827459425 -0.42798432586880719 0.38673687581163424 -0.022631623151742986 2.0879095859523291 -0.0014163046851746409 0.14945200993253946 -0.37262636643882807 -0.86607764234406259 -0.41520200070970703 -0.37922638213647791 0.082735942153863734 -0.33109346624202707 1.1281833314259857 -0.48022205499209181 -0.18459411941006035 -0.21775117715368247 1.1316430573051492 0.050891003389797532 -0.35170420425620358 -0.10832550392603722 -0.41085565203631769 -0.41244726632742862 0.23828317578260805 -0.099134734339171665 -0.85118368891565455 0.23285045407478944 -0.56119382440101206 -0.32566457573357238 -1.0028220748798109 -0.26425765172939431 -0.89168899358315279 -0.4891572651131284 0.3077355421156277 -0.79501878155534955 0.27289982900934256 -0.015265544280409316 -0.11645930894448907 0.22898667679488033 -1.5329660153540852 0.076179065815715152 2.086283057709907 1.3466736756464461 0.38565390329275151 -0.55317636783146529 -0.0033997429332524478 -0.25776585842481342 0.029568239211602079
leaf_weight=100 415 315 109 117 383 47 285 1525 38 2903 978 899 861 476 86 185 969 177 237 432 640 193 59 122 152 928 66 400 289 920 193 521 23 362 280 610 264 523 50 61 158 466 175 35 995 85 38 1511 95 835 1157 456 92 20 220 1119 1087 405 54 339 103 150
leaf_count=100 415 315 109 117 383 47 285 1525 38 2903 978 899 861 476 86 185 969 177 237 432 640 193 59 122 152 928 66 400 289 920 193 521 23 362 280 610 264 523 50 61 158 466 175 35 995 85 38 1511 95 835 1157 456 92 20 220 1119 1087 405 54 339 103 150
internal_value=0.000145731 -0.00278874 0.00247372 -0.00148813 0.000912675 -0.00750661 -0.000711073 0.00438786 -0.00378622 0.000160131 0.000707918 -0.00044021 0.00280005 0.00431887 -0.00613421 -0.00092839 0.00244916 -0.0073823 -0.00200601 -0.00203853 -0.00110259 -0.00267469 -0.00423186 0.00592907 0.00251535 0.00302514 -0.009375 0.00344426 -0.0082495 -0.00666501 -0.0113918 0.00265521 -0.0143062 -0.00447942 -0.0059549 -0.00499793 0.00123693 -1.23762e-05 -0.0110397 -0.0139482 -0.00178218 -0.00725602 -0.00813559 -0.0033033 -0.0045224 -0.000639764 0.00239865 0.000925926 -0.0151937 0.0008875 -0.00101626 0.00151436 -0.00206767 0.00170823 -0.0026694 0.00467749 0.0033519 0.000311042 -0.00422849 -0.00130923 -0.00700758 -0.00278361
internal_weight=27788 12283 15505 9640 8557 2643 8224 6948 1826 6398 5708 3802 4238 2324 2210 4319 3095 1665 2897 545 1040 2530 690 3853 1463 1906 113 2346 1488 1006 482 1946 433 400 1416 1205 1422 1007 211 161 492 786 292 320 1180 749 367 1914 410 987 1350 1425 130 1531 484 2328 1209 640 334 398 713 235
internal_count=27788 12283 15505 9640 8557 2643 8224 6948 1826 6398 5708 3802 4238 2324 2210 4319 3095 1665 2897 545 1040 2530 690 3853 1463 1906 113 2346 1488 1006 482 1946 433 400 1416 1205 1422 1007 211 161 492 786 292 320 1180 749 367 1914 410 987 1350 1425 130 1531 484 2328 1209 640 334 398 713 235
cat_boundaries=0 2 3 5 7 9 11 13 15 17 19 21 22 23 25
cat_threshold=6296608 529666 1 2153153900 16401 2234811225 327823 2147930212 74284 311461068 282753 2214855166 1081891 244056347 37398 2692513836 262146 1053381 20995 25563738 73735 1 1 268468736 70656
is_linear=0
shrinkage=0.05


Tree=29
num_leaves=63
num_cat=7
split_feature=15 7 13 7 6 17 15 9 7 13 14 19 0 5 15 19 6 14 0 0 19 4 5 6 7 5 4 9 8 17 17 16 15 16 23 6 17 23 3 0 11 5 17 17 8 5 8 8 5 5 11 7 8 7 5 5 11 16 11 5 5 19
split_gain=65.0157 20.1654 13.9279 10.6497 8.64858 7.81302 6.47567 6.46935 6.23465 6.81331 6.28283 5.83819 6.51417 4.30799 4.06493 3.83901 3.25066 3.23757 3.21225 3.19949 3.0898 3.00424 2.67098 3.08356 2.9454 2.65338 2.26704 2.26092 2.22622 2.13672 2.13571 2.10358 1.98501 1.8519 1.8419 1.73777 1.70143 1.65153 1.499 1.46169 1.48081 1.3674 1.99543 1.72964 1.33807 1.32074 1.92561 1.77684 1.29823 1.23504 1.22201 1.10634 1.07771 1.24867 0.957253 0.952395 0.952106 0.932176 0.916881 0.895942 1.30256 1.26304
threshold=5.5000000000000009 540.5350000000002 1.5000000000000002 363.51500000000004 2501.0100000000007 1.3043385711404392 8.5000000000000018 1373.7800000000004 -1.0000000180025095e-35 1.5000000000000002 2.5000000000000004 1307.2150000000001 0 126.50000000000001 2.5000000000000004 3608.4750000000008 1734.8500000000001 1.5000000000000002 1 2 2291.5450000000005 3 342.00000000000006 5898.4900000000007 720.34500000000014 179.50000000000003 4 1944.7350000000004 371.54000000000002 2.8239667803544068 0.88889450400478098 0.86290406248165141 13.500000000000002 1.8768056052246658 9.5000000000000018 1376.8900000000001 1.2250902847076817 8.5000000000000018 5 6 2022.8000000000002 158.50000000000003 1.9586877231193094 2.335164734940534 108.06500000000001 325.50000000000006 686.15500000000009 508.87000000000006 293.50000000000006 74.500000000000014 8259.4900000000016 720.80000000000018 342.10500000000008 164.53500000000003 287.50000000000006 152.50000000000003 3476.5900000000006 1.4999972783388438 6285.6000000000013 133.50000000000003 196.50000000000003 905.51999999999998
decision_type=2 2 2 2 2 2 2 2 2 2 2 2 1 2 2 2 2 2 1 1 2 9 2 2 2 2 9 2 2 2 2 2 2 2 2 2 2 2 1 1 2 2 2 2 2 2 2 2 2 2 2 2 2 2 2 2 2 2 2 2 2 2
left_child=1 4 5 7 8 37 20 32 9 54 17 12 14 21 -7 18 49 30 41 -15 31 -13 23 24 58 -14 -19 39 -20 -17 -10 -5 45 44 57 38 -37 59 -33 40 -18 43 -43 -6 -9 46 47 -2 -12 -4 -26 -29 53 -47 -1 -39 -54 -22 -8 61 -61 -3
right_child=3 2 16 6 15 11 22 33 10 -11 48 13 25 19 -16 29 27 26 28 -21 34 -23 -24 -25 50 -27 -28 51 -30 -31 -32 35 -34 -35 -36 36 -38 55 -40 -41 -42 42 -44 -45 -46 52 -48 -49 -50 -51 -52 -53 56 -55 -56 -57 -58 -59 -60 60 -62 -63
leaf_value=-1.1111418844730077 -0.20679445844468525 0.044688728949289214 -0.42837901532976413 -0.43866977085007086 -0.18771339986676702 1.793320331450869 -0.1741702662175777 -0.30568779410818048 -0.038159942988238174 1.2478078830985333 -0.32162497946634572 -0.62727266665191539 -0.019845047479599299 0.83347162523350704 0.49007680813757198 -0.18415021870007761 -0.87991468663312655 0.044153308821920062 -0.30779351192949433 -1.6464037457971878 -0.88954090110928663 0.065845488735311972 0.058478696789334886 -0.60360008594553938 0.059080088866541126 0.61124788026566523 -0.18810007849611188 -0.11290658873396078 -0.99594135261033123 -0.55454649308971082 0.40842547594036277 -0.11952488620543883 -0.37509636375296013 -0.11874649840705126 0.0016439014762271499 -0.18925232046271445 -0.0067580077377642489 -0.50195813277002743 0.16239515179348932 0.39212159666823343 -0.21852265713018859 -0.20595616306684139 0.67902685731410095 -0.48881619226757672 -0.61370640958046097 -0.37926764685622133 0.15353679975866064 -0.45675331362890903 0.76650245579250409 1.1473208136062019 -0.13870220520095017 -1.0179686792504483 -0.023883155485131802 0.19925134019271731 -0.85609299636660241 0.01329726941106877 -1.2735348220323732 -0.61400876151869765 -0.39884526620467387 0.73410522794987265 0.042286038773462313 -0.6073962145068692
leaf_weight=132 1280 595 42 95 607 3277 436 27 1049 75 312 195 952 1143 2533 99 162 1434 48 24 29 969 73 158 189 555 759 24 66 126 4045 115 92 23 36 782 1186 62 255 26 132 471 275 332 261 65 61 112 24 80 208 117 38 64 27 47 20 50 170 319 735 93
leaf_count=132 1280 595 42 95 607 3277 436 27 1049 75 312 195 952 1143 2533 99 162 1434 48 24 29 969 73 158 189 555 759 24 66 126 4045 115 92 23 36 782 1186 62 255 26 132 471 275 332 261 65 61 112 24 80 208 117 38 64 27 47 20 50 170 319 735 93
internal_value=0.000156525 0.00140387 0.0027741 -0.00453629 -0.000266845 0.00315923 -0.00293923 -0.00745968 0.00047869 -0.00748945 0.000732691 0.00373018 0.00442794 0.00151564 0.00519095 -0.00318204 -0.00471416 0.00104767 -0.00236543 0.00366453 -0.00147001 -0.000599829 -0.00592158 -0.00651847 -0.00538022 0.00144868 -0.000540756 -0.00665409 -0.0104701 -0.009375 0.00174122 -0.00106219 -0.00619597 -0.0142118 -0.00942797 -0.000736865 -0.0013445 0.00015507 0.00234584 -0.00402477 -0.00513468 -0.00176985 -0.000100134 -0.00303875 -0.0152921 -0.00572124 -0.00624141 -0.00663082 -0.00589971 0.0022 -0.00184375 -0.012066 -0.00138158 0.000852273 -0.0133488 -0.00569196 -0.00696721 -0.0135671 -0.00759442 0.000558739 0.00149007 -0.000795948
internal_weight=27788 21963 12082 5825 9881 11499 3782 2043 7857 234 7623 9648 7317 2331 5810 2024 583 7287 1799 1167 2548 1164 1234 1161 1003 1507 2193 461 114 225 5094 2433 1732 311 115 2338 1968 1851 370 320 294 1685 746 939 288 1640 1453 1392 336 122 397 141 187 129 159 109 58 79 606 1742 1054 688
internal_count=27788 21963 12082 5825 9881 11499 3782 2043 7857 234 7623 9648 7317 2331 5810 2024 583 7287 1799 1167 2548 1164 1234 1161 1003 1507 2193 461 114 225 5094 2433 1732 311 115 2338 1968 1851 370 320 294 1685 746 939 288 1640 1453 1392 336 122 397 141 187 129 159 109 58 79 606 1742 1054 688
cat_boundaries=0 1 2 3 4 5 6 7
cat_threshold=1 1 1 1 28 2 1
is_linear=0
shrinkage=0.05


Tree=30
num_leaves=63
num_cat=13
split_feature=15 21 7 21 10 7 21 21 6 12 6 2 7 2 0 0 21 17 4 2 22 10 5 12 2 22 2 22 4 21 17 17 2 4 2 7 7 6 7 21 10 6 11 22 2 19 5 7 5 9 21 11 9 5 17 11 6 22 15 18 11 11
split_gain=58.6638 19.5299 17.9128 9.29012 8.40565 7.44027 8.12695 7.17003 6.68762 5.61468 5.46244 5.82498 4.79617 4.63124 4.165 4.13443 8.84649 5.06019 3.94648 3.44465 3.35028 3.26643 3.12633 3.09794 2.97503 2.91867 2.78598 2.73197 2.62114 2.50842 2.42238 2.23687 2.23584 2.18767 2.11699 2.246 1.99096 1.89724 1.84076 1.80647 1.7179 1.62443 1.58812 1.53397 1.78882 1.60585 1.51035 1.48127 1.45705 1.45206 1.44944 1.74974 1.75159 1.41976 1.35502 1.23865 1.23182 1.20956 1.15251 2.3998 1.1844 1.09941
threshold=5.5000000000000009 45.035714285714292 540.5350000000002 175.58333333333334 1801.1050000000002 -1.0000000180025095e-35 114.07142857142858 26.366071428571434 3056.7900000000004 1.5000000000000002 2501.0100000000007 0 172.78 1 2 3 76.050000000000011 1.8181843054511293 4 5 59.584613581083033 1235.2350000000004 345.00000000000006 1.5000000000000002 6 25.457332055064509 7 62.653417129905009 8 51.031250000000007 1.4521070596805905 1.2618907795870424 9 10 11 727.61500000000012 363.51500000000004 1734.8500000000001 394.84000000000009 129.45000000000002 2159.0750000000003 5620.6000000000013 837.34500000000014 34.519176845103324 12 3081.9199999999996 199.50000000000003 360.64000000000004 292.50000000000006 661.34500000000014 68.174242424242451 2783.1950000000006 171.82000000000002 290.50000000000006 1.3043385711404392 5146.4300000000012 3056.7900000000004 40.642444966049048 13.500000000000002 0.89198110217827409 3593.4700000000003 1426.3450000000003
decision_type=2 2 2 2 2 2 2 2 2 2 2 1 2 1 1 1 2 2 9 1 2 2 2 2 1 2 1 2 9 2 2 2 1 9 1 2 2 2 2 2 2 2 2 2 1 2 2 2 2 2 2 2 2 2 2 2 2 2 2 2 2 2
left_child=2 7 4 9 5 21 8 22 13 10 15 49 50 -7 30 17 -17 -4 32 29 28 27 47 54 -10 34 57 48 31 40 -11 37 55 -13 46 -36 39 -14 61 -31 -6 -34 -28 45 -45 -30 -20 -2 -1 -12 51 52 -3 -40 -5 -9 -22 -8 60 -60 -49 -27
right_child=1 12 3 23 19 6 26 18 24 14 11 33 20 -15 -16 16 -18 -19 25 -21 56 -23 -24 -25 -26 38 42 -29 43 36 -32 -33 41 -35 35 -37 -38 -39 53 -41 -42 -43 -44 44 -46 -47 -48 58 -50 -51 -52 -53 -54 -55 -56 -57 -58 -59 59 -61 -62 -63
leaf_value=-0.91426666436727799 -0.54481616184682247 0.0030976120029208689 0.23699127257835928 0.40048769915765664 -0.32271579862177746 0.42498319642468341 0.26591778785413428 -0.019501921138569234 0.020803478777554042 0.68169082916339829 -0.1589981826335361 -0.27246739457873942 0.010509143126228438 -0.056913590402673499 0.51531068329871887 -0.18975445465527302 0.90872587458770093 1.2155943078935108 -0.25026814523447088 -0.0041304058037916922 -0.52939777822088896 0.9575183242133406 0.060753443640359707 -0.71772936405197896 -0.34185351612862286 -0.10626114789949526 1.2801302199705313 -0.61314755571647217 0.1036033697733858 0.13453960306392662 -1.1278113978221711 -0.0011374705778633754 -0.16742561355790767 0.0039925275024765838 -0.26239908459245315 -0.1528772035151901 -0.69455421841504961 -0.38326797524879491 -0.53015931663467242 -1.7549188747369677 -0.87414621524294889 -0.92605961830255556 0.48248711362466318 -0.37903891583676846 0.11670263483922305 -0.73797709025191838 0.015579544669470737 -0.060518714771716331 -0.43409591027188416 0.6775356116425556 -0.027301751580582324 -0.13518985008004131 -0.35523385147232267 0.31055829043343802 2.1633648294118104 0.12694244890652381 -0.13779982371969518 -0.34889374105906346 -0.7701494143938401 -0.14534056012518987 -0.4439968260917857 -0.5775032256606657
leaf_weight=161 214 36 1823 89 71 1029 310 126 347 25 89 397 113 4210 67 947 724 3176 222 186 51 33 20 63 936 29 660 78 1176 110 130 507 164 2104 897 301 59 314 111 27 99 21 1322 129 211 26 219 20 25 1045 88 105 203 25 1403 98 25 218 52 88 118 116
leaf_count=161 214 36 1823 89 71 1029 310 126 347 25 89 397 113 4210 67 947 724 3176 222 186 51 33 20 63 936 29 660 78 1176 110 130 507 164 2104 897 301 59 314 111 27 99 21 1322 129 211 26 219 20 25 1045 88 105 203 25 1403 98 25 218 52 88 118 116
internal_value=0.000152927 -0.00430465 0.00133786 0.00262929 -0.000236493 0.000113856 0.000376314 -0.00727409 -0.000547893 0.00208808 0.00226159 0.000683755 -0.00145631 0.000236074 -0.00566667 0.00311329 0.000918459 0.00383597 -0.00604095 -0.00621622 -0.000606654 -0.007625 -0.0127184 0.00625 -0.0037811 -0.00698396 0.00279546 -0.00955056 -0.000262203 -0.00890501 -0.0102057 -0.00234952 -0.0012737 -0.000651352 -0.0061282 -0.00724608 -0.00477387 -0.00502907 -0.0119278 -0.000982143 -0.0137283 -0.0052399 0.00364662 0.000980707 -0.00189504 0.00184647 -0.00272577 -0.0135354 -0.0128307 0.00363993 -0.00632184 -0.00778098 -0.0101756 -0.00683453 0.00672241 0.00189873 -0.0107595 -0.000369686 -0.0104093 -0.00629371 -0.0140071 -0.0161318
internal_weight=27788 5825 21963 12082 9881 9329 9032 2841 6522 10527 10305 3635 2984 5239 222 6670 1671 4999 2329 552 2552 297 512 1555 1283 1920 2510 264 2476 366 155 934 409 2501 1639 1198 196 427 281 137 170 185 1982 1542 340 1202 441 492 186 1134 432 344 239 136 1492 224 76 528 278 140 138 145
internal_count=27788 5825 21963 12082 9881 9329 9032 2841 6522 10527 10305 3635 2984 5239 222 6670 1671 4999 2329 552 2552 297 512 1555 1283 1920 2510 264 2476 366 155 934 409 2501 1639 1198 196 427 281 137 170 185 1982 1542 340 1202 441 492 186 1134 432 344 239 136 1492 224 76 528 278 140 138 145
cat_boundaries=0 1 2 3 4 5 6 7 8 9 10 11 12 13
cat_threshold=780 524 1 1 16 2530 1796 3096 3 622 1 1672 149
is_linear=0
shrinkage=0.05


Tree=31
num_leaves=63
num_cat=16
split_feature=20 15 20 21 20 21 21 20 5 2 2 9 8 2 0 7 20 0 16 2 2 18 5 11 7 18 0 5 2 2 9 5 23 8 2 8 11 5 2 2 7 0 10 7 21 18 18 5 0 21 8 2 11 11 5 8 18 15 23 11 5 20
split_gain=59.1619 18.4551 16.735 10.7784 9.66199 9.67936 6.45016 6.00755 5.8996 4.70702 4.58862 4.54198 4.38629 4.24911 11.7931 3.94734 3.55551 3.6361 3.16855 3.08426 2.97347 2.90545 2.85295 2.83083 2.8266 2.90504 2.75719 3.00866 2.68774 2.68313 2.525 2.40555 2.44095 2.31625 2.18378 2.11133 2.0075 3.91816 2.27084 1.97206 1.95076 1.88439 1.8599 1.84339 1.84107 2.34851 1.74017 1.6973 1.66592 1.61364 1.55005 1.49547 1.43951 1.34973 1.81093 1.23984 1.22373 2.34104 1.2177 1.49513 1.23098 1.21455
threshold=66.500000000000014 7.5000000000000009 187.50000000000003 90.062500000000014 1.0000000180025095e-35 56.035714285714292 26.366071428571434 35.500000000000007 27.500000000000004 0 1 432.53000000000003 165.35500000000005 2 3 710.0150000000001 9.5000000000000018 4 1.3934613360574588 5 6 0.22573415561107793 338.00000000000006 4765.2600000000011 611.95500000000004 1.0950960563313639 7 104.50000000000001 8 9 354.39500000000004 61.500000000000007 7.5000000000000009 165.35500000000005 10 1401.0800000000002 761.45000000000016 53.500000000000007 11 12 360.64000000000004 13 900.0200000000001 186.03000000000003 197.16666666666671 0.59612616502932825 0.46640980800662618 333.50000000000006 14 31.513157894736846 864.61500000000012 15 2239.6800000000007 8656.9800000000014 47.500000000000007 769.6450000000001 0.89198110217827409 16.500000000000004 4.5000000000000009 2584.7300000000005 353.50000000000006 97.500000000000014
decision_type=2 2 2 2 2 2 2 2 2 1 1 2 2 1 1 2 2 1 2 1 1 2 2 2 2 2 1 2 1 1 2 2 2 2 1 2 2 2 1 1 2 1 2 2 2 2 2 2 1 2 2 1 2 2 2 2 2 2 2 2 2 2
left_child=1 4 3 9 8 7 22 36 46 -2 43 34 51 14 -9 23 17 -14 29 -18 24 -10 40 31 25 -4 27 -23 -28 -13 -15 32 -8 -33 61 49 37 -6 -38 -17 -3 -36 -20 -5 45 -12 -1 50 -48 -25 52 -7 -22 55 -55 -41 -42 -58 59 60 -26 -11
right_child=2 6 20 10 5 12 15 13 21 11 44 18 16 30 -16 39 19 -19 42 -21 47 26 -24 35 58 -27 28 -29 -30 -31 -32 33 -34 -35 41 -37 38 -39 -40 53 56 -43 -44 -45 -46 -47 48 -49 -50 -51 -52 -53 -54 54 -56 -57 57 -59 -60 -61 -62 -63
leaf_value=-0.55576739517709661 0.20210972496834928 -0.51641376414985651 0.29425225878869626 -0.10955186354227982 -0.6763021982642935 -0.11324351489887619 0.082196817923256893 0.017614102489331707 -0.071049532058722067 -0.56173393916209502 -0.096821208766494318 -0.065541970348340861 -0.98273648002796787 -0.34885214703837553 -1.0006325145470751 0.033401779948389401 0.26987408682350289 1.0088892628938542 0.56521601447644698 -0.045312109205833555 1.5266251825620032 0.40828926256183568 0.044772362255144672 -0.71772636561731806 2.8394590855171828 -1.8343951236781579 1.188096848991141 2.8765140694111908 -1.3688703946491196 -0.62359732332377882 -0.025805822165465564 -0.28616358024231003 -0.24771305896031326 -0.10003020592726992 -0.2748808124128086 0.046075119827472748 -0.49705118416704902 0.053781625928194292 -0.29531991345318936 -0.23867530240991855 -0.68975260162719754 -1.0736284856225387 -0.014238121139885608 1.0471319401888082 1.2242588668307921 0.31767954044589825 1.6459732618444225 -0.39231809383878941 -0.85761061653700144 -0.35495955279284974 2.6217963526791741 -0.47470919482588558 -0.85089797359394237 -0.47113462403168893 -0.1109825858517743 0.041266013871286145 -0.38724637537835549 0.036254595806363102 -0.6728757709355101 0.35958699281654138 -0.66870963594816191 0.030638838517269208
leaf_weight=272 1885 185 629 78 95 241 44 143 507 91 759 236 363 74 89 284 1238 132 246 1701 1943 577 23 140 591 36 105 623 108 112 1482 137 182 768 314 35 529 253 726 45 74 203 2603 1294 467 2411 60 27 29 316 998 293 53 41 86 132 117 34 38 185 51 255
leaf_count=272 1885 185 629 78 95 241 44 143 507 91 759 236 363 74 89 284 1238 132 246 1701 1943 577 23 140 591 36 105 623 108 112 1482 137 182 768 314 35 529 253 726 45 74 203 2603 1294 467 2411 60 27 29 316 998 293 53 41 86 132 117 34 38 185 51 255
internal_value=0.00016732 -0.00242247 0.00222224 0.00115679 -0.00139998 -0.00228369 -0.00612717 -0.00424646 0.00142842 -0.000275303 0.00286562 -0.00123987 -0.00059179 -0.00220547 -0.00836735 -0.00498192 5.09165e-05 -0.00384036 -0.000355469 0.000726547 0.00477328 0.0025481 -0.0117833 -0.00626154 0.00283539 0.000318114 0.00371645 0.00465503 -0.00133102 -0.0048433 -0.00117909 -0.00477293 -0.00949782 -0.00351046 -0.00446016 -0.00953947 -0.0064835 -0.002849 -0.00744237 -0.00135364 -0.0127724 -0.00648585 0.000179698 0.00534296 0.00189384 0.00144185 -0.00436126 0.00570616 0.00122283 -0.0104575 0.00584751 -0.00479516 0.00495248 -0.00410095 -0.00817308 -0.00104167 -0.0089364 -0.00560065 0.0047379 0.00516566 0.00631783 -0.00104457
internal_weight=27788 12283 15505 10954 9640 7359 2643 3391 2281 5945 5009 4060 3968 1788 232 2210 3434 495 3197 2939 4551 1920 433 1622 1530 665 1413 1200 213 348 1556 1131 226 905 863 491 1603 348 1255 588 410 517 2849 1372 3637 3170 361 3021 89 456 2994 534 1996 304 127 177 225 151 865 827 642 346
internal_count=27788 12283 15505 10954 9640 7359 2643 3391 2281 5945 5009 4060 3968 1788 232 2210 3434 495 3197 2939 4551 1920 433 1622 1530 665 1413 1200 213 348 1556 1131 226 905 863 491 1603 348 1255 588 410 517 2849 1372 3637 3170 361 3021 89 456 2994 534 1996 304 127 177 225 151 865 827 642 346
cat_boundaries=0 1 2 3 4 5 6 7 8 9 10 11 12 13 14 15 16
cat_threshold=1580 896 256 1 1 3660 89 1 722 449 131 2369 2984 1 1 164
is_linear=0
shrinkage=0.05


Tree=32
num_leaves=63
num_cat=20
split_feature=15 7 13 1 14 1 10 17 19 7 1 0 2 2 1 10 10 1 10 7 19 1 19 16 22 1 17 0 17 2 8 5 8 1 22 2 5 19 16 4 16 2 1 2 2 17 17 7 22 15 16 22 16 10 5 2 10 22 7 17 8 17
split_gain=47.9849 16.3828 11.3734 10.5007 9.47369 7.61547 7.36407 7.24183 6.20671 6.06046 5.15618 5.09699 10.4317 6.26608 5.47377 5.15123 4.5259 5.81722 4.17409 5.4428 3.6354 3.61908 3.40553 3.34757 3.28697 3.19855 4.03071 3.17972 2.86938 2.78435 2.74487 2.51836 2.44946 2.30688 2.20728 2.17439 2.15958 1.98724 1.97145 1.95117 1.86161 1.80186 1.73614 1.96695 1.6146 1.58167 1.54693 1.52192 1.51015 1.38468 1.36287 1.30981 1.29507 1.26536 2.9721 1.48493 1.10902 0.865399 0.857697 0.839996 0.830141 0.816145
threshold=5.5000000000000009 545.35000000000014 1.5000000000000002 0 4.5000000000000009 1 1801.1050000000002 1.3147264754660604 2066.6600000000003 432.19000000000005 2 3 4 5 6 1455.2150000000004 2262.1850000000004 7 1061.0500000000002 -1.0000000180025095e-35 2211.3100000000009 8 617.19499999999994 0.90913875843341474 14.155243313714807 9 1.8529906708379291 10 0.81103141465805295 11 330.67500000000007 333.50000000000006 1970.1600000000003 12 17.681397124855614 13 181.50000000000003 756.3950000000001 2.1760753890328792 14 1.9019869049200084 15 16 17 18 1.0776608304472688 1.2811186807971768 432.19000000000005 6.3686342311928064 4.5000000000000009 0.89922601287292159 38.897861660205727 0.69867093183690965 494.16000000000008 297.50000000000006 19 3496.0950000000007 15.624586567094029 83.920000000000016 1.3683460967874435 945.40500000000009 0.7058056715698785
decision_type=2 2 2 9 2 9 2 2 2 2 9 1 1 1 9 2 2 9 2 2 2 9 2 2 2 9 2 1 2 1 2 2 2 9 2 1 2 2 2 9 2 1 9 1 1 2 2 2 2 2 2 2 2 2 2 1 2 2 2 2 2 2
left_child=1 3 7 30 5 24 8 21 18 16 35 13 15 38 -15 -13 17 46 19 -5 23 48 -14 56 45 -4 -27 44 -25 -19 39 37 60 -20 -12 -10 59 57 -9 58 52 49 43 -23 50 -2 -7 -43 -3 -32 -8 -44 -18 55 -55 -41 -11 -6 -1 -29 -28 -26
right_child=4 2 25 6 31 9 27 11 10 20 34 12 22 14 -16 -17 40 29 33 -21 -22 42 -24 28 61 26 32 36 -30 -31 41 -33 -34 -35 -36 -37 -38 -39 -40 53 -42 47 51 -45 -46 -47 -48 -49 -50 -51 -52 -53 -54 54 -56 -57 -58 -59 -60 -61 -62 -63
leaf_value=0.61410612029677503 -0.4293880362069511 -0.22649008677703888 0.56122943229104383 -0.75523936798680613 -0.36315671079457607 -0.11401053314342557 -0.99979676114791882 0.39454544908852685 -0.085519278474765065 -0.20005036013402455 -0.12080310684010805 -0.065646521605105687 0.42218138362587176 0.023094416203377401 0.68069074823191544 -1.3268227487843072 -0.37316848833473204 -0.13114091673079528 -0.5473587144050065 0.33888869389364873 -0.61677048111348798 -0.22059266101393116 -0.41215746593614855 -0.3191951082376191 -0.095595119418485919 0.43287360749768383 -1.0594061563090198 -0.59618629407870649 -0.057451726082126259 -0.23302448877438886 0.50304614479884679 0.12708779289639258 -0.9361909906975745 -0.0011162611952848067 0.37146779319059142 -0.67075649379539581 -0.01455905968471205 -0.62936510435210102 1.717940401849777 -0.64584590912374618 -0.21765625872754485 -0.1284917030150183 -0.4860045568454453 0.42912666512909131 0.15888926220612476 0.016266303750780333 0.19068700920832926 -0.52854832702399246 0.50909572497275246 -0.4522689032680976 -0.2600137798357407 0.0076998947282136861 -0.53363590887615375 -0.57392057034732358 0.65359626510642954 -0.19682609208574675 -0.60976043197326324 -0.071549912962238435 -0.40102509808837628 -0.80299418647083454 -0.52188562705815122 0.24525304814350682
leaf_weight=39 60 100 102 148 99 304 31 648 149 49 435 158 1043 1411 4192 178 131 451 261 5205 129 430 133 249 38 93 70 21 2183 934 216 23 73 1349 210 289 52 137 1769 102 69 272 317 420 132 101 166 168 492 45 103 144 247 249 49 229 97 46 83 115 238 312
leaf_count=39 60 100 102 148 99 304 31 648 149 49 435 158 1043 1411 4192 178 131 451 261 5205 129 430 133 249 38 93 70 21 2183 934 216 23 73 1349 210 289 52 137 1769 102 69 272 317 420 132 101 166 168 492 45 103 144 247 249 49 229 97 46 83 115 238 312
internal_value=0.000172718 0.00124454 0.00248772 -0.00025113 -0.00385853 -0.00336773 0.000417009 0.00283594 0.000773388 -0.00396008 -0.0027279 0.00339801 0.000693069 0.00390128 0.00294471 -0.00687679 -0.00586768 -0.00471609 0.00132608 0.00200009 -0.00232934 0 0.00294365 -0.0018888 0.00236164 -0.00431779 -0.00600616 -0.00574398 -0.00141684 -0.00632153 -0.00416382 -0.0124594 -0.00843099 -0.000883447 9.49848e-05 -0.00681818 -0.010733 -0.0137719 0.00605453 -0.00631631 -0.0104722 -0.00182884 -0.00144449 -2.89687e-05 -0.00195167 -0.00327744 5.17598e-05 -0.00375276 0.00322314 0.00132299 -0.00561224 -0.00387658 -0.0118766 -0.00737928 -0.0100498 -0.00497754 -0.00922819 -0.00869932 0 -0.0140288 -0.00610932 0.00516997
internal_weight=27788 21963 12011 9952 5825 5520 8500 11435 8046 5009 1083 9532 1512 8020 5603 336 2302 1855 6963 5353 2707 1903 1176 2578 511 576 474 454 2432 1385 1452 305 381 1610 645 438 188 282 2417 751 447 701 1311 850 266 161 470 440 592 261 134 461 378 629 298 331 146 145 122 136 308 350
internal_count=27788 21963 12011 9952 5825 5520 8500 11435 8046 5009 1083 9532 1512 8020 5603 336 2302 1855 6963 5353 2707 1903 1176 2578 511 576 474 454 2432 1385 1452 305 381 1610 645 438 188 282 2417 751 447 701 1311 850 266 161 470 440 592 261 134 461 378 629 298 331 146 145 122 136 308 350
cat_boundaries=0 2 4 6 7 8 9 11 13 15 17 18 19 21 22 23 24 26 27 28 29
cat_threshold=19027456 1904928 3581976832 1049601 536871048 16400 1 2304 896 2462254177 599238 35127421 262272 37508624 290978 544768 66048 1 1472 27 16387 808 16 1729 603979913 98321 2225 2499 2185
is_linear=0
shrinkage=0.05


Tree=33
num_leaves=63
num_cat=14
split_feature=20 20 15 21 20 21 17 21 5 20 17 2 2 8 7 2 6 20 17 5 17 9 6 21 2 10 5 2 7 2 17 10 2 4 5 2 2 20 19 19 4 21 11 9 8 19 6 5 11 19 5 2 10 2 16 15 8 10 16 4 7 5
split_gain=50.9807 16.1561 14.3896 10.4911 8.32597 9.14024 6.74525 6.14539 6.07893 5.21432 4.97187 4.11504 3.76502 3.63242 3.62399 3.50377 6.11746 3.42807 3.77731 3.36113 3.13467 3.072 3.02894 3.00557 4.79073 2.89052 2.65639 2.65087 2.61024 2.60775 2.50518 2.20795 3.97809 2.54688 2.20053 1.99313 1.94121 1.92832 1.9022 1.88833 2.09327 2.15831 1.81114 2.39213 1.73895 1.68954 1.65027 1.61675 1.58985 1.58729 1.58287 1.70433 1.55348 1.54337 1.53809 1.483 1.42083 1.38795 1.33445 1.25808 1.25731 1.14992
threshold=66.500000000000014 187.50000000000003 7.5000000000000009 87.071428571428584 1.0000000180025095e-35 56.035714285714292 1.444948516828626 27.032258064516132 110.50000000000001 35.500000000000007 1.8529906708379291 0 1 165.35500000000005 702.73000000000013 2 1734.8500000000001 9.5000000000000018 1.482243933635824 345.00000000000006 0.80158027090940276 545.57500000000016 1734.8500000000001 49.550505050505059 3 1647.2100000000003 27.500000000000004 4 360.64000000000004 5 0.88889450400478098 2262.1850000000004 6 7 82.500000000000014 8 9 112.50000000000001 1777.6450000000002 992.96500000000003 10 148.77500000000003 4684.2850000000008 1447.7100000000003 756.22500000000014 1552.8850000000002 1734.8500000000001 249.50000000000003 371.57000000000005 1180.8500000000001 353.50000000000006 11 709.84500000000014 12 1.0000000180025095e-35 3.5000000000000004 165.35500000000005 1710.1100000000004 1.1509510655016586 13 219.94000000000003 11.500000000000002
decision_type=2 2 2 2 2 2 2 2 2 2 2 1 1 2 2 1 2 2 2 2 2 2 2 2 1 2 2 1 2 1 2 2 1 9 2 1 1 2 2 2 9 2 2 2 2 2 2 2 2 2 2 1 2 1 2 2 2 2 2 9 2 2
left_child=2 3 4 6 8 9 23 19 26 31 27 30 -8 53 34 16 -11 22 -19 28 -17 35 -15 24 47 -26 49 55 -4 -25 57 33 -33 -6 38 -14 -16 -23 58 40 -13 -42 56 -44 52 -28 -31 -2 -12 -1 51 -50 -10 -7 -55 -3 -36 -5 -9 -41 -47 -51
right_child=1 10 7 11 5 13 12 14 44 15 48 39 21 17 36 20 -18 18 -20 -21 -22 37 -24 29 25 -27 45 -29 -30 46 -32 32 -34 -35 42 -37 -38 -39 -40 59 41 -43 43 -45 -46 60 -48 -49 50 61 -52 -53 -54 54 -56 -57 -58 -59 -60 -61 -62 -63
leaf_value=0.13699660231016147 -0.89274144489469842 -0.44482673960340446 -0.46969892752109177 0.23891091689672167 -0.12574406091377019 -0.094016622891604756 0.38848625806519232 -0.31718836314156912 1.1520024668570283 -0.89092694193981203 0.36564723102454622 0.6100357638453261 -1.5629115049069697 0.94762489031378694 -0.17861806671622907 -0.5556020385096222 -0.13860901193021441 -0.13237367529870872 0.28617660670610512 0.099259086604456037 -0.026341779527345469 -0.0063388950050004668 -0.86360607321038685 0.29640483040372451 0.091503079251402664 -0.34846568448760995 0.59165463029179588 0.80996627513337194 -0.35755788616964745 0.062584757724455112 0.98469313574189765 -0.032912801346991129 -0.48178534489412272 -0.45104093785239513 -0.23403806672227853 -0.10854201267749729 0.035575443974780539 0.76040485814023784 -0.52211319739689122 -0.26753108049242352 0.0071173900683772834 0.63037636054653545 -0.61115849893970797 -0.22053354217792434 2.4915007454695735 -1.4342967789240801 -0.22682744700344346 -0.17025563623955675 3.3821698107416864 -1.1956537288045543 -0.27809219103357313 1.7712771225674182 -2.4724168475907877 -0.98879249971851346 -0.20810416087316527 0.59002942725808438 -0.081831373575328756 -1.5330215250443961 -0.083563928083854586 0.13841126099193773 -0.10374499687673798 -0.38039517206064133
leaf_weight=109 168 335 205 97 523 296 908 160 441 70 220 1189 118 120 258 67 162 1014 1925 21 1489 1127 375 335 266 193 456 1148 261 467 1338 112 345 623 107 316 317 458 56 359 1198 454 107 244 468 28 1225 94 797 71 83 1938 34 77 161 30 693 23 214 621 493 181
leaf_count=109 168 335 205 97 523 296 908 160 441 70 220 1189 118 120 258 67 162 1014 1925 21 1489 1127 375 335 266 193 456 1148 261 467 1338 112 345 623 107 316 317 458 56 359 1198 454 107 244 468 28 1225 94 797 71 83 1938 34 77 161 30 693 23 214 621 493 181
internal_value=0.000172718 0.00208038 -0.0022312 0.00103359 -0.00132739 -0.00214785 -0.000451303 -0.00550359 0.00129707 -0.00405495 0.00458663 0.00263868 0.00120734 -0.000503651 -0.00430755 -0.00214964 -0.0077551 8.00116e-05 0.000743542 -0.0106378 -0.00121096 0 -0.00373996 -0.00223555 -0.00502417 -0.00161547 -0.000838926 0.00218503 -0.0115672 -0.00121305 0.00491162 -0.00614103 -0.00921196 -0.00485205 -0.00554766 -0.00371854 -0.000800173 0.00101543 -0.00871824 0.00173774 0.00239539 0.00117117 -0.00430026 -0.00737994 0.00437368 0.000471939 -0.00202346 -0.0102727 0.00576291 -0.00449863 0.00608827 0.00629565 0.0020659 -0.00432961 -0.00727092 -0.00142196 -0.00286426 -0.00162602 -0.00709549 -0.000101729 -0.00140744 -0.00666667
internal_weight=27788 15505 12283 10954 9640 7359 5675 2643 2281 3391 4551 5279 2927 3968 2156 1788 232 3434 2939 487 1556 2019 495 2748 721 459 1338 1513 466 2027 1458 1603 457 1146 1581 434 575 1585 430 3821 2841 1652 1151 351 943 977 1692 262 3038 361 2818 2735 475 534 238 365 800 120 374 980 521 252
internal_count=27788 15505 12283 10954 9640 7359 5675 2643 2281 3391 4551 5279 2927 3968 2156 1788 232 3434 2939 487 1556 2019 495 2748 721 459 1338 1513 466 2027 1458 1603 457 1146 1581 434 575 1585 430 3821 2841 1652 1151 351 943 977 1692 262 3038 361 2818 2735 475 534 238 365 800 120 374 980 521 252
cat_boundaries=0 1 2 3 4 5 6 7 8 9 10 11 12 13 14
cat_threshold=896 557 256 2368 73 1792 530 20 272 1109 24 904 2214 9
is_linear=0
shrinkage=0.05


Tree=34
num_leaves=63
num_cat=15
split_feature=20 17 20 21 21 20 5 20 16 2 9 2 16 5 2 2 17 2 18 5 4 10 7 5 4 7 2 0 21 6 7 16 21 10 0 18 4 20 5 5 16 6 17 2 16 5 6 9 4 7 21 6 17 2 7 0 16 5 5 17 18 5
split_gain=46.9227 14.9055 13.3567 15.294 9.69497 7.66773 5.9938 5.45148 5.65617 4.61425 4.24244 4.22584 4.18085 3.90381 3.71664 3.66247 3.10979 3.07679 2.69533 2.85123 2.68568 2.6252 2.46089 2.50662 2.4385 2.3858 2.65142 11.4097 10.2271 3.99121 2.34941 2.25576 2.24615 3.81707 2.20628 2.11076 1.94547 1.89963 1.83691 3.3499 1.7939 1.77348 1.74221 1.71406 1.68392 1.66566 2.14269 1.62345 1.61171 1.60593 1.44119 1.43032 1.3905 1.33555 1.33431 1.32298 1.26289 1.14085 1.12905 1.12465 1.03137 1.02518
threshold=66.500000000000014 1.7777782349047533 1.0000000180025095e-35 49.029411764705891 90.937500000000014 167.50000000000003 110.50000000000001 27.500000000000004 0.87784432877462126 0 342.00500000000005 1 1.6666484538925783 12.500000000000002 2 3 0.80158027090940276 4 0.43404689505439803 18.500000000000004 5 928.98500000000013 1.0000000180025095e-35 110.50000000000001 6 1064.5100000000002 7 8 58.035714285714292 6744.7200000000003 133.69000000000003 0.99999879037135619 66.045454545454561 793.32000000000005 9 0.22573415561107793 10 81.500000000000014 145.50000000000003 173.50000000000003 1.1250791148552823 3372.3600000000001 0.67109877190641354 11 1.999329273996149 131.50000000000003 4496.4800000000005 720.37500000000011 12 461.80000000000007 28.75961538461539 5898.4900000000007 0.86948313337542238 13 627.74500000000012 14 1.2440463250584692 15.500000000000002 188.50000000000003 1.105384465362415 0.074003122037212779 74.500000000000014
decision_type=2 2 2 2 2 2 2 2 2 1 2 1 2 2 1 1 2 1 2 2 9 2 2 2 9 2 1 1 2 2 2 2 2 2 1 2 9 2 2 2 2 2 2 1 2 2 2 2 9 2 2 2 2 1 2 1 2 2 2 2 2 2
left_child=2 4 6 7 11 25 18 12 43 -6 -5 30 14 59 50 21 -15 -7 19 -1 44 -12 23 -14 42 26 27 40 -29 56 -2 -22 33 61 35 -8 -16 -35 -36 -40 -3 48 -11 -9 -17 46 -26 58 -32 -43 -4 -45 -47 -24 -19 -20 -28 -44 -34 -10 -21 -13
right_child=1 5 3 10 9 17 34 8 13 24 15 32 22 16 36 20 -18 54 55 60 31 -23 53 -25 45 -27 29 28 -30 -31 41 -33 47 37 38 -37 -38 -39 39 -41 -42 49 57 51 -46 52 -48 -49 -50 -51 -52 -53 -54 -55 -56 -57 -58 -59 -60 -61 -62 -63
leaf_value=-0.69779524524327696 -0.56959377773798703 -0.75683715346914071 -0.40525069111751261 -0.34531788831566229 1.0247531220399944 2.6509029918594536 0.73249745966095858 -0.17052353936174658 -0.45419837343540731 -1.6111433220078415 -0.45854158286111213 -0.1745254389326811 -0.63397411031258355 -0.36283530284310023 -0.17586801480801217 -0.2641906799027563 -0.073717476554628555 0.77027806233945606 1.2431841736124065 -1.17107094808594 -0.21336298947942539 0.66776349797891266 -0.10028199046735048 1.8213467500659164 0.19774854579459591 0.71913867618457883 -0.028146243676268414 -1.5175008620999675 0.36026413142927 -0.88618932537732542 0.15010539618816265 0.045919213223932692 0.29319074129113959 0.062723136658249606 5.6767946940968717 2.576260094841095 -0.49525609317482255 -0.36484608605307617 -2.3806534862438711 0.073960303641312217 0.46556565340134742 -0.37515695994753256 -2.5999674054795836 -0.33897868902879724 -0.042000420142729089 -0.0013664745725311179 -0.77740468740669622 0.38894657498950452 -0.15508319779015381 -0.25305595511414725 0.23349174380460022 -0.76592377381291343 0.58591068427516901 -0.37309337091488537 1.8571140421202785 -0.52615354886579768 0.53120657427091433 0.07160614088663593 -0.23157842960738143 -0.24257278271719188 -0.029658820054909541 0.59281429214502646
leaf_weight=163 60 51 57 474 493 980 204 281 32 50 64 68 86 152 110 916 2334 1025 282 45 381 329 199 121 1508 731 189 149 158 22 214 2280 338 283 32 595 512 724 27 85 678 122 40 331 482 229 107 493 901 396 57 45 1311 728 1581 80 1384 500 276 31 768 444
leaf_count=163 60 51 57 474 493 980 204 281 32 50 64 68 86 152 110 916 2334 1025 282 45 381 329 199 121 1508 731 189 149 158 22 214 2280 338 283 32 595 512 724 27 85 678 122 40 331 482 229 107 493 901 396 57 45 1311 728 1581 80 1384 500 276 31 768 444
internal_value=0.00018891 0.00201912 -0.00211725 -0.00290605 0.000614778 0.00374047 0.00131896 -0.00483363 -0.00354472 0.00231667 -0.000907892 -0.00104408 -0.00700747 -0.00244416 -0.0100135 -0.000415264 -0.00209924 0.00535665 -0.000801641 -0.00219612 -0.000874877 0.00409483 -0.0049912 0 0.00167975 0.00199851 0.00126708 -0.000667302 -0.00875 0.00254198 -0.00298212 4.20718e-05 0.000198939 -0.00102661 0.00437368 0.00540835 -0.0114567 -0.00283416 -0.00102041 -0.00434783 0.00268101 -0.00259016 -0.00120232 -0.00770833 -0.00263997 0.00223722 0.00107386 0.00192568 -0.00139758 -0.00503839 -0.000590551 -0.0100257 0.00343487 -0.00608871 0.00434326 0.00280822 0.00289499 -0.000276243 0.000121556 -0.0145833 -0.000903799 0.00242718
internal_weight=27788 15505 12283 10002 8557 6948 2281 5076 3206 4238 4926 4319 1870 2549 736 4452 2486 3586 1338 976 4059 393 1134 207 3745 3362 2631 1036 307 1595 1693 2661 2626 1519 943 799 622 1007 144 112 729 1633 590 657 1398 3155 1615 1107 1115 518 114 376 1540 927 2606 362 1573 540 614 63 813 512
internal_count=27788 15505 12283 10002 8557 6948 2281 5076 3206 4238 4926 4319 1870 2549 736 4452 2486 3586 1338 976 4059 393 1134 207 3745 3362 2631 1036 307 1595 1693 2661 2626 1519 943 799 622 1007 144 112 729 1633 590 657 1398 3155 1615 1107 1115 518 114 376 1540 927 2606 362 1573 540 614 63 813 512
cat_boundaries=0 1 2 3 4 5 6 7 8 9 10 11 12 13 14 15
cat_threshold=256 3280 520 512 1920 35 1 3345 1 1 16 106 8 1064 1
is_linear=0
shrinkage=0.05


Tree=35
num_leaves=63
num_cat=17
split_feature=20 20 20 20 1 1 16 5 16 1 17 1 17 1 6 1 17 1 19 16 17 19 10 14 5 1 17 1 10 8 16 7 4 20 1 1 18 4 9 4 7 5 11 18 7 17 20 5 19 1 1 5 20 7 4 5 9 18 19 5 5 19
split_gain=41.8052 14.3876 11.7452 8.67884 7.38567 6.96559 6.90081 5.55092 5.44687 5.03141 4.69679 4.62659 4.20101 4.00621 3.9557 4.27351 3.89784 3.42527 3.40062 3.08792 3.50495 3.55781 3.37166 3.08112 4.48873 2.80795 2.69819 2.61311 2.47264 2.80362 3.30029 2.40116 2.38875 2.30675 2.26358 2.23938 2.09349 2.09042 2.02807 2.02356 2.04554 1.86695 1.8192 1.81647 1.7889 1.77035 1.72378 1.67411 1.67006 2.13882 1.63457 1.62321 1.5353 1.47027 1.35494 1.83869 1.33213 1.38095 1.30769 1.22851 1.18384 1.1488
threshold=66.500000000000014 187.50000000000003 1.0000000180025095e-35 35.500000000000007 0 1 1.7999345622872016 110.50000000000001 1.0182646512866858 2 0.7058056715698785 3 1.9051537683405548 4 1734.8500000000001 5 2.3810584830175308 6 1531.325 1.3934613360574588 2.0296402017298001 1589.1250000000002 1385.8950000000002 5.5000000000000009 183.50000000000003 7 0.80158027090940276 8 2388.3750000000005 567.58500000000015 0.47238289367861508 165.35500000000005 9 78.500000000000014 10 11 0.89198110217827409 12 333.24000000000007 13 720.34500000000014 350.50000000000006 371.57000000000005 0.23138334916561115 585.61000000000013 2.3810584830175308 55.500000000000007 10.500000000000002 2291.5450000000005 14 15 180.50000000000003 9.5000000000000018 1003.575 16 18.500000000000004 530.99000000000012 0.24244437015401582 2310.0750000000012 140.50000000000003 188.50000000000003 2291.5450000000005
decision_type=2 2 2 2 9 9 2 2 2 9 2 9 2 9 2 9 2 9 2 2 2 2 2 2 2 9 2 9 2 2 2 2 9 2 9 9 2 9 2 9 2 2 2 2 2 2 2 2 2 9 9 2 2 2 9 2 2 2 2 2 2 2
left_child=2 5 7 6 28 43 9 13 48 23 25 -3 41 -1 39 16 -16 44 50 22 21 -21 34 24 -4 -7 46 -28 38 30 -30 32 -11 -24 -12 -22 -25 -33 -5 45 -41 47 -14 -2 -9 -8 -10 -13 49 -6 53 -50 -17 -15 -20 -56 57 -27 -49 -31 -40 -44
right_child=1 11 3 4 8 10 14 17 26 31 19 12 42 18 15 52 -18 -19 54 20 35 -23 33 36 -26 56 27 -29 29 59 -32 37 -34 -35 -36 -37 -38 -39 60 40 -42 -43 61 -45 -46 -47 -48 58 51 -51 -52 -53 -54 -55 55 -57 -58 -59 -60 -61 -62 -63
leaf_value=0.5649048002041489 -0.85777443619160543 1.9287518738916107 -0.36401354534081798 -0.33492544233152066 -0.41869093989726436 0.15608839218255266 0.13259361558485808 -0.89541302343267637 -0.18992905039357508 -0.63057964080056239 0.60653058973767993 -1.8081025126788441 -0.27638779890830423 -0.86352294701846322 -0.30682898302013417 -0.74309770914096873 -0.74923571003341571 2.110485383401405 0.0057133451556842024 0.17899156046905348 0.10869395360903732 -0.17724731480963235 -0.1466067231299992 -0.69814948777949315 -0.13415713525082534 -1.1638099877492496 0.24251082350553307 0.028843340520842722 0.0018348094512168345 -0.39981502983410988 -0.6262368341375707 -0.2964724673932092 -0.053038337056746432 -0.76323591153716641 -0.32961605038989189 0.82208013409449276 -0.19610566455425418 0.024648344105555966 -0.15800313750639428 -0.31118099624749401 0.2211460967862463 -2.0752424137615293 1.9309547774311213 -0.25838273711778309 1.5568692373583042 1.0759112866370859 -0.65247831927849054 0.48934657737173276 -0.4686432419569922 -0.075278831782062031 0.5196029444127106 -0.060269055189729186 -0.00056818849678057508 0.83551820008443023 -1.1056475017418499 -0.33811570771826499 -0.5355178116284155 -0.16458436692894929 -0.71244847469242323 -0.16491779379088278 0.064838403403962186 0.37306520883402572
leaf_weight=343 30 1426 911 144 133 217 162 102 91 176 224 30 146 71 564 308 392 704 102 6125 328 826 214 81 424 30 606 2074 23 107 56 103 118 133 160 1374 36 472 499 269 120 28 1735 626 137 134 32 995 64 697 345 34 748 64 74 339 103 564 68 169 255 123
leaf_count=343 30 1426 911 144 133 217 162 102 91 176 224 30 146 71 564 308 392 704 102 6125 328 826 214 81 424 30 606 2074 23 107 56 103 118 133 160 1374 36 472 499 269 120 28 1735 626 137 134 32 995 64 697 345 34 748 64 74 339 103 564 68 169 255 123
internal_value=0.00023029 0.00195786 -0.00194632 -0.00268616 -0.0011931 0.0009697 -0.00415754 0.00127518 -5.67575e-05 -0.00616932 0.00129231 0.00432312 0.00317479 -0.000764355 -0.00240278 -0.00352357 -0.00593395 0.00421512 -0.00239335 0.00162991 0.00189608 0.00138589 -0.00144755 -0.00798635 -0.00725897 -0.00209924 0.00102904 0.00137905 -0.0044925 -0.00813547 -0.0166159 -0.00293367 -0.00664983 -0.00503571 0.00167959 0.00394428 -0.0161458 -0.000973183 -0.00302442 0.000817587 -0.00146144 0.000678381 0.00455904 -0.00396114 -0.000843254 0.0038835 -0.00605159 0.00106068 -0.00338346 -0.00255102 0.000517598 -0.00965347 -0.00121609 -0.00380068 -0.00523649 -0.00642606 -0.00364437 -0.00263819 0.00144231 -0.00537634 -0.00188243 0.00498388
internal_weight=27788 15505 12283 10002 4984 10954 5018 2281 3731 2321 10298 4551 3125 1338 2697 2012 956 943 995 9384 8653 6951 731 1452 1335 914 2803 2680 1253 355 79 869 294 347 384 1702 117 575 898 685 389 1121 2004 656 239 296 123 1093 928 830 480 98 1056 135 515 413 697 594 1063 276 754 1858
internal_count=27788 15505 12283 10002 4984 10954 5018 2281 3731 2321 10298 4551 3125 1338 2697 2012 956 943 995 9384 8653 6951 731 1452 1335 914 2803 2680 1253 355 79 869 294 347 384 1702 117 575 898 685 389 1121 2004 656 239 296 123 1093 928 830 480 98 1056 135 515 413 697 594 1063 276 754 1858
cat_boundaries=0 2 4 6 8 10 12 14 16 18 19 21 23 24 25 27 29 30
cat_threshold=2627173 610604 268652578 256 2687537163 328594 2500273466 33339 78118933 16944 2728691468 278657 34112536 328193 557380 315408 2525093890 1187857 14 570425476 656 35947008 71208 1 4 33554690 513 2147487784 4224 4
is_linear=0
shrinkage=0.05


Tree=36
num_leaves=63
num_cat=4
split_feature=20 21 15 17 21 5 9 20 7 0 5 5 7 21 0 19 5 5 22 9 15 23 18 18 15 11 5 5 4 17 20 17 19 19 18 22 18 11 5 5 16 21 13 13 4 20 20 21 21 20 20 20 20 21 22 18 5 17 11 20 16 17
split_gain=37.3411 18.2036 15.0579 9.28524 9.23179 5.01743 5.72359 4.55718 4.4008 3.98422 20.2096 4.28244 3.75873 3.75069 3.39381 3.13497 2.9055 2.56191 2.86436 2.49061 2.48513 2.3796 2.37797 2.35651 2.29382 2.1595 2.1557 2.11007 2.06789 2.04357 2.02098 2.29017 2.42868 1.92297 1.92293 1.79695 1.78227 1.75603 1.67325 1.65438 1.6241 1.61725 1.61653 1.5918 1.45814 1.55627 1.42167 1.39556 1.31164 1.31019 1.15927 1.14649 1.13905 1.11885 1.10718 1.0996 1.0983 1.0515 1.44224 1.04363 1.17003 0.990871
threshold=124.50000000000001 63.038461538461547 2.5000000000000004 1.8529906708379291 33.822916666666679 177.50000000000003 302.49000000000007 50.500000000000007 363.51500000000004 0 151.50000000000003 138.50000000000003 719.76500000000021 91.055555555555571 1 2921.7400000000002 180.50000000000003 336.50000000000006 13.420133610319306 342.00500000000005 5.5000000000000009 3.5000000000000004 3.1792533513583119 0.53060702702627494 1.5000000000000002 2743.0800000000004 47.500000000000007 12.500000000000002 2 0.93310030224432883 195.50000000000003 2.0000018609671453 545.88 1941.3150000000003 0.22573415561107793 45.319420914828612 0.19722956925402144 507.27500000000003 353.50000000000006 34.500000000000007 -1.0000000180025095e-35 78.683333333333351 1.5000000000000002 1.5000000000000002 3 55.500000000000007 30.500000000000004 175.58333333333334 138.10000000000002 210.50000000000003 34.500000000000007 187.50000000000003 146.50000000000003 111.08333333333336 14.155243313714807 1.1156707690093206 87.500000000000014 1.482243933635824 940.84500000000014 110.50000000000001 1.337481654242106 0.7058056715698785
decision_type=2 2 2 2 2 2 2 2 2 1 2 2 2 2 1 2 2 2 2 2 2 2 2 2 2 2 2 2 9 2 2 2 2 2 2 2 2 2 2 2 2 2 2 2 9 2 2 2 2 2 2 2 2 2 2 2 2 2 2 2 2 2
left_child=1 2 5 13 15 6 39 19 44 11 -11 -8 25 24 21 17 20 18 -4 50 -10 34 -18 42 -2 37 48 -21 33 -26 31 32 41 52 47 54 -7 -9 -36 -1 -39 -16 -17 55 45 -6 -46 -5 -14 -30 -3 -33 -15 -23 -29 -38 -32 58 -51 60 -28 -27
right_child=3 7 4 14 8 36 9 12 16 10 -12 -13 26 28 30 23 22 -19 -20 27 -22 53 -24 -25 29 61 59 35 49 -31 56 51 -34 -35 38 -37 43 40 -40 -41 -42 -43 -44 -45 46 -47 -48 -49 -50 57 -52 -53 -54 -55 -56 -57 -58 -59 -60 -61 -62 -63
leaf_value=-0.89827824739959294 3.2745782318339205 -0.42971015866150364 -0.15122526611705744 -0.24957820386168247 0.027633832829803185 -0.18323699721102568 -0.028107314140569176 -0.50943454778059283 -0.32737752949271098 -0.029747179468058962 -1.8050588551230533 1.2771361610771379 -0.15759933783252633 1.0910903957178042 -1.531092902535379 0.01842671928591191 -0.046122335141818564 0.091790443223703555 -0.42613387201437675 -1.0402306322356403 -0.099108982837332882 -0.87801390799931345 0.32483248941307602 -0.66881068764883134 -0.27871331183899245 -0.50458736645140101 -0.33566165118344299 -0.1198345685539465 0.30657650003022641 0.0035453688652816954 0.11963744345099912 1.0438928514835639 -1.5468829339658683 -0.45836252346743439 1.8248862115231674 -0.20572813993720446 1.1834703751914426 -1.4477079478800954 -0.69639891508337792 -0.62255523907322297 0.15139897706455374 1.8643232319803027 -0.37402848752506568 -1.2387853941922575 -0.35609944955295791 -0.25922529839335573 -0.15787889195537619 2.123379476246114 1.4496044930845997 2.0201238787116789 0.044264129554450943 -0.43800743468356418 0.74029711790613328 1.178359256727761 0.20801818929668309 -0.90179256463617896 1.8317880489108092 0.62922112402978314 -0.91821509349902708 0.41069597265599644 0.63290303695708783 -0.069515948134063171
leaf_weight=61 154 212 920 204 200 140 2155 88 524 641 79 489 259 295 44 41 1288 61 649 38 1374 70 180 70 406 92 44 445 1237 1146 174 135 42 78 2803 693 750 22 71 205 3039 35 54 28 511 110 932 90 54 31 66 29 683 91 777 39 421 135 128 329 1150 477
leaf_count=61 154 212 920 204 200 140 2155 88 524 641 79 489 259 295 44 41 1288 61 649 38 1374 70 180 70 406 92 44 445 1237 1146 174 135 42 78 2803 693 750 22 71 205 3039 35 54 28 511 110 932 90 54 31 66 29 683 91 777 39 421 135 128 329 1150 477
internal_value=0.000233889 -0.000981129 -0.00224596 0.0029953 -0.0037191 -1.36166e-05 -0.000873933 0.000881163 -0.00261861 -0.000297 -0.00359613 0.000585569 0.00165107 0.00134136 0.00466821 -0.00682008 -0.00153606 -0.00607777 -0.0064806 -0.00101276 -0.00282746 0.00540591 0.000101971 -0.0136161 -0.000453482 0.000718893 0.00350734 -0.000351483 0.00254344 -0.00106109 0.001812 -0.0015191 -0.00675403 0.00425631 0.00570798 -8.47237e-05 0.0031901 0.00124128 0.00610879 -0.00789963 0.00145643 -0.000762195 -0.00727041 0.00410061 -0.00466259 -0.00116099 -0.00533139 0.00159933 -0.000118671 0.00128724 -0.00542705 0.00209581 0.00491845 -0.000228659 0.00104082 0.00456124 0.0034908 -0.00159933 -0.00439815 0.00428408 0.00499165 -0.00207605
internal_weight=27788 19286 11501 8502 6914 4587 3630 7785 5119 3364 720 2644 5554 4293 4209 1795 3366 1630 1569 2231 1898 3329 1468 165 1706 3718 1836 1953 2587 1552 880 285 121 1056 3168 1915 957 3149 2874 266 3061 79 95 817 1753 310 1443 294 313 1531 278 164 978 161 1222 789 595 294 159 1523 1194 569
internal_count=27788 19286 11501 8502 6914 4587 3630 7785 5119 3364 720 2644 5554 4293 4209 1795 3366 1630 1569 2231 1898 3329 1468 165 1706 3718 1836 1953 2587 1552 880 285 121 1056 3168 1915 957 3149 2874 266 3061 79 95 817 1753 310 1443 294 313 1531 278 164 978 161 1222 789 595 294 159 1523 1194 569
cat_boundaries=0 1 2 3 4
cat_threshold=1 1 24 16
is_linear=0
shrinkage=0.05


Tree=37
num_leaves=63
num_cat=25
split_feature=20 15 17 16 2 13 1 8 2 19 1 9 1 2 1 9 9 1 1 5 4 2 1 17 19 15 5 8 1 2 17 5 11 2 20 10 8 5 17 16 20 2 19 1 4 1 20 2 9 2 17 20 1 2 20 17 17 15 11 18 1 2
split_gain=34.6521 13.9351 8.49809 7.03065 7.21761 6.26176 5.82629 4.90232 4.58467 4.19304 3.69209 3.64472 3.37894 4.36042 3.3586 3.28796 2.88316 2.7751 2.6045 2.48258 2.36487 2.77487 2.38424 2.45977 2.27818 2.44606 2.18948 2.13825 2.4565 3.42315 2.10555 2.04136 1.84962 1.84447 1.83232 1.82404 3.17996 1.91528 1.72858 1.67505 1.6654 1.72117 1.65174 1.64742 2.04609 1.59865 2.04434 1.58837 1.54519 1.39955 1.36852 1.34672 1.33592 1.33314 1.58829 1.27862 1.74575 1.59856 1.21933 1.19888 1.18368 1.15364
threshold=124.50000000000001 7.5000000000000009 1.8529906708379291 1.0182646512866858 0 1.5000000000000002 1 992.0350000000002 2 2183.6600000000003 3 1543.1950000000004 4 5 6 1008.4600000000002 342.10500000000008 7 8 72.500000000000014 9 10 11 1.5716950004904213 700.04499999999996 4.5000000000000009 333.50000000000006 689.27500000000009 12 13 0.47012314971365099 25.500000000000004 940.84500000000014 14 26.500000000000004 1419.9000000000003 1.0000000180025095e-35 165.50000000000003 2.2388070887983775 1.0333069999872315 196.50000000000003 15 861.99000000000024 16 17 18 42.500000000000007 19 2066.7550000000006 20 2.012992107339699 39.500000000000007 21 22 209.50000000000003 1.2179119441777992 0.88889450400478098 2.5000000000000004 4615.6200000000008 0.33140027072724992 23 24
decision_type=2 2 2 2 1 2 9 2 1 2 9 2 9 1 9 2 2 9 9 2 9 1 9 2 2 2 2 2 9 1 2 2 2 1 2 2 2 2 2 2 2 1 2 9 9 9 2 1 2 1 2 2 9 1 2 2 2 2 2 2 9 1
left_child=1 3 12 4 24 6 16 8 -8 20 11 38 53 26 -4 -11 49 -15 -9 -18 21 -3 23 47 45 52 43 28 29 -16 -19 -12 -27 -24 -35 36 -6 58 -7 48 41 -30 -31 -14 -45 46 -1 -22 -23 -5 -39 -17 -26 -2 55 56 -55 -57 -37 -32 -29 -62
right_child=2 9 14 5 35 10 7 18 -10 15 31 -13 13 17 27 51 19 30 -20 -21 22 39 33 -25 25 32 -28 60 40 42 59 -33 -34 34 -36 37 -38 50 -40 -41 -42 -43 -44 44 -46 -47 -48 -49 -50 -51 -52 -53 -54 54 -56 57 -58 -59 -60 -61 61 -63
leaf_value=-0.38628489664718324 0.01118874133508534 0.09031807701968525 1.689221052810844 -0.032663518799833202 -0.83387073164473891 -0.029909884107660469 0.50009492731744665 0.070622935681271579 0.00072131858100821233 -0.14232655110079412 -0.93227235069795766 -0.62999782455058773 1.1957034129177786 0.62986458822635072 1.7174730370397393 -0.56292292315274095 -0.39451306711662931 -1.1561508521178947 0.59164789153333008 -0.0098060333236134056 -0.2351604606228635 -0.46377690254058185 0.04422438289267952 0.021315752925514044 0.48252540201080019 0.66304119979891341 -0.51741912702467807 -0.30586587403099941 -0.76149282367398896 -0.10937138861390423 -0.77596915836782587 0.0030510777708611771 -0.52174207975299236 -0.26020679152841986 -0.085631720654248872 -0.38717688725981214 -0.038789252498528631 -0.64339939344226105 -0.46661317385982759 -0.071305141706532821 1.2711080031613498 0.57808275398237152 -1.7220415157388969 -0.50331109289136577 0.72590114655689908 0.12636852776447469 0.074183307526376294 -0.11424031032243082 0.0189758275786895 -0.36115826589817668 -0.34581426149571287 -0.17358947713341491 -0.29064813739104434 -0.31697239305790714 0.35157720792418312 -0.3667779125371613 -1.2039802925972194 0.24997303167448326 0.062199469358568751 -0.0073433754894296046 0.87369056178916904 2.12303037414449
leaf_weight=111 417 264 1502 107 129 327 581 828 7518 90 36 237 502 427 101 135 490 37 1403 1605 452 41 177 102 111 24 23 102 112 37 66 856 117 265 687 153 225 67 372 145 718 240 70 163 1008 421 147 414 20 212 56 32 292 78 91 32 56 116 37 1277 487 840
leaf_count=111 417 264 1502 107 129 327 581 828 7518 90 36 237 502 427 101 135 490 37 1403 1605 452 41 177 102 111 24 23 102 112 37 66 856 117 265 687 153 225 67 372 145 718 240 70 163 1008 421 147 414 20 212 56 32 292 78 91 32 56 116 37 1277 487 840
internal_value=0.000241085 -0.000929286 0.00290123 -0.000368964 -0.0032356 0 0.000396172 0.000916079 0.00033788 -0.00417404 -0.00273075 -0.00489989 0.00131809 0.00198734 0.00450202 -0.0103365 -0.00180264 0.000240385 0.00299351 -0.00110224 -0.00352626 -0.00015528 -0.00423578 -0.00611621 -0.000859628 -0.00329068 0.00380339 0.00335937 0.00181499 -0.00294118 -0.000825556 -0.000331492 -0.00894097 -0.00252846 -0.00341969 -0.00737132 -0.00469188 -0.0104035 -0.00300926 -0.00445205 0.00279317 0 -0.00885417 0.00406474 0.00286106 0.00100806 -0.00193727 -0.00704833 -0.0115234 -0.00625 -0.0155754 -0.0144853 -0.00113916 -0.0015878 -0.00372409 -0.00570175 -0.00930657 -0.00198675 -0.00660622 -0.000455052 0.00472242 0.00510261
internal_weight=27788 19286 8502 16462 1890 14572 12744 10330 8099 2824 1828 936 4293 3503 4209 257 2414 1807 2231 2095 2567 470 2097 968 1223 544 1696 2707 1278 208 1380 892 141 1129 952 667 354 313 699 206 1070 352 107 1673 1171 679 258 866 61 319 123 167 403 790 373 282 134 148 190 1343 1429 1327
internal_count=27788 19286 8502 16462 1890 14572 12744 10330 8099 2824 1828 936 4293 3503 4209 257 2414 1807 2231 2095 2567 470 2097 968 1223 544 1696 2707 1278 208 1380 892 141 1129 952 667 354 313 699 206 1070 352 107 1673 1171 679 258 866 61 319 123 167 403 790 373 282 134 148 190 1343 1429 1327
cat_boundaries=0 1 3 4 6 8 9 11 13 15 16 17 19 21 22 23 24 26 27 29 30 31 33 34 36 37
cat_threshold=622 4330604 595206 512 2729739804 278672 86216800 146944 932 88080894 1081891 303325699 262206 2457927811 262761 16 619 35655873 70400 8400896 21520 2258 1544 2304 1573144 1130640 1 33821136 364561 615 1292 33554565 262656 411 304218112 8 86
is_linear=0
shrinkage=0.05


Tree=38
num_leaves=63
num_cat=18
split_feature=15 7 7 10 1 10 1 1 7 6 12 10 18 18 8 2 10 7 2 2 0 5 1 2 8 8 2 18 0 10 7 18 8 5 15 1 1 2 6 23 5 23 17 2 7 1 5 7 11 5 8 2 17 7 11 1 5 10 19 8 18 5
split_gain=25.5486 10.0562 8.39623 8.13666 6.98935 6.75154 6.60438 6.0521 5.60706 5.33879 5.08677 4.29238 3.83261 3.63193 3.54442 3.32227 3.27972 5.27667 3.25136 3.23992 3.20269 3.12219 2.83751 2.77186 2.35244 2.31379 2.27667 2.17661 2.12452 2.06999 3.00048 2.17865 2.02153 2.08032 1.98346 1.97047 1.96201 1.92849 1.92804 2.21586 1.84853 1.81555 1.77095 1.72196 1.72192 1.6871 1.63108 1.61037 1.55223 1.54206 1.51962 1.66486 1.65702 1.43516 2.09181 1.47032 1.41296 1.37756 1.37443 1.33562 1.33452 1.23375
threshold=4.5000000000000009 720.80000000000018 363.51500000000004 1710.1100000000004 0 2044.1800000000001 1 2 -1.0000000180025095e-35 3056.7900000000004 1.5000000000000002 1500.5450000000003 0.34707078340350511 0.30644094785706583 108.06500000000001 3 2417.4150000000004 1059.8950000000002 4 5 6 95.500000000000014 7 8 545.35000000000014 578.20000000000016 9 1.4641558201346572 10 2630.7650000000003 726.9100000000002 1.4309408998764503 230.29000000000002 78.500000000000014 1.5000000000000002 11 12 13 1376.8900000000001 8.5000000000000018 186.50000000000003 3.5000000000000004 2.2247413645275409 14 665.60000000000002 15 159.50000000000003 1145.9650000000001 930.29500000000019 19.500000000000004 1608.1650000000002 16 0.90526384473832511 165.35500000000005 1015.3900000000001 17 294.50000000000006 3795.5500000000006 629.20500000000004 648.28500000000008 0.63547917525297692 348.50000000000006
decision_type=2 2 2 2 9 2 9 9 2 2 2 2 2 2 2 1 2 2 1 1 1 2 9 1 2 2 1 2 1 2 2 2 2 2 2 9 9 1 2 2 2 2 2 1 2 9 2 2 2 2 2 1 2 2 2 9 2 2 2 2 2 2
left_child=1 3 5 4 13 36 16 46 34 20 11 21 -13 59 -7 25 18 24 -4 -14 -10 22 -9 -11 -18 -5 -26 41 42 31 40 45 33 -15 -6 -23 38 61 -2 -40 -31 -20 -12 58 -27 -8 47 -3 -34 -32 52 -52 -19 54 -39 -55 -29 -45 -16 -1 -60 -38
right_child=2 7 6 15 8 14 29 10 9 23 28 12 19 32 43 -17 17 50 27 -21 -22 35 -24 -25 26 44 -28 56 -30 30 49 -33 48 -35 -36 -37 37 53 39 -41 -42 -43 -44 57 -46 -47 -48 -49 -50 -51 51 -53 -54 55 -56 -57 -58 -59 60 -61 -62 -63
leaf_value=-0.3520493746960075 0.073550927036193953 -0.25865379273152611 0.26039218843303358 -0.59866406063951561 -0.78721302472043519 0.053896025018966981 -0.14513220668435381 1.8134337730366825 0.52264050230965664 0.25813546718063024 0.35060411478075371 -0.50702485701380162 -0.044074248484728434 -1.2065150346282492 -0.11207272701644461 -0.025219704135646295 -0.39850802815199809 -0.44829383217168639 0.17978173546079468 0.53312568939929972 0.10364429187722753 0.93033848076521763 0.30214733411158418 -0.18250602385605241 -0.26032296915580189 -0.16089834925579166 -0.073926693146028552 -0.020953242465513579 0.52026141242322321 -0.58528361001373141 -0.54255494440862151 0.26864438477900537 0.50710879191320257 -0.24905186778702487 -0.36010676354915694 1.6218561406858989 0.060388562372922609 -0.0098562542574597515 -0.5459170586896005 -0.18365954585830258 -0.034517061434855736 -0.23462411621905793 -0.79136713696142247 -0.41584785240104005 -0.74630545180767438 0.15809893105141129 0.069841637595111195 -0.86794547259179533 -0.04671983156173054 0.094561618756956373 0.23775669131048824 -0.009610602087443177 -0.056595980201438946 0.13673924682653915 -0.23172821816076433 -0.12665827103879609 0.30473048627068533 -0.62014563867651928 -0.066675246980328187 -1.2594961372048632 -0.67112627785899637 -0.17979223491413149
leaf_weight=652 31 162 486 197 74 80 211 208 4532 487 39 55 831 46 107 342 165 52 127 2388 2612 355 980 1232 602 202 457 566 38 76 23 495 338 257 127 1705 324 168 132 74 68 756 98 268 86 317 224 91 1104 419 101 158 351 111 465 848 84 82 20 31 21 50
leaf_count=652 31 162 486 197 74 80 211 208 4532 487 39 55 831 46 107 342 165 52 127 2388 2612 355 980 1232 602 202 457 566 38 76 23 495 338 257 127 1705 324 168 132 74 68 756 98 268 86 317 224 91 1104 419 101 158 351 111 465 848 84 82 20 31 21 50
internal_value=0.000241085 0.00123166 -0.00208032 0.000360128 0.000709004 -0.00432381 -0.00093801 0.0027205 0.00134956 0.00154382 0.00310917 0.00334483 0.00203692 -0.00165916 -0.00916523 -0.00441265 -0.00205143 -0.00356008 -0.000624382 0.00227731 0.00214775 0.00464472 0.00251889 -0.000936411 -0.00550122 -0.00700301 -0.00453154 -0.0017707 -0.0051264 0.00173397 -0.000551783 0.00310673 -0.000421911 -0.00412582 -0.00680147 0.00584101 -0.00302017 -0.00241283 -0.00735 -0.00944976 -0.00680272 -0.00340011 -0.008125 -0.0107285 -0.00395189 0.000753296 -0.00262755 -0.00541992 0.00032872 0.00140449 0 0.00300573 -0.00187808 -0.00317757 -0.00509041 -0.0018841 0.000344564 -0.012741 -0.00434783 -0.00475583 -0.0122159 0.000710594
internal_weight=27788 19493 8295 12319 11492 2781 5514 7174 9064 8863 6697 6522 3274 2428 578 827 3905 1886 2019 3219 7144 3248 1188 1719 1224 485 1059 1533 175 1609 586 1023 1745 303 201 2060 2203 1966 237 206 144 883 137 498 288 528 477 253 1442 442 662 259 403 1592 633 959 650 350 148 683 41 374
internal_count=27788 19493 8295 12319 11492 2781 5514 7174 9064 8863 6697 6522 3274 2428 578 827 3905 1886 2019 3219 7144 3248 1188 1719 1224 485 1059 1533 175 1609 586 1023 1745 303 201 2060 2203 1966 237 206 144 883 137 498 288 528 477 253 1442 442 662 259 403 1592 633 959 650 350 148 683 41 374
cat_boundaries=0 2 4 6 7 8 9 10 12 13 14 15 17 19 20 21 23 24 25
cat_threshold=19068448 1841281 846730981 885510 302121024 5128 2514 772 2113 1 25191184 147488 780 2390 1 2175796768 66048 3538952 49168 1160 1602 393232 20624 2704 33587284
is_linear=0
shrinkage=0.05


Tree=39
num_leaves=63
num_cat=26
split_feature=20 14 8 1 1 20 16 2 22 1 1 19 1 1 1 14 7 2 8 20 1 2 2 2 5 2 4 1 22 8 10 2 9 2 20 5 7 10 1 2 20 2 19 2 1 2 16 1 20 10 19 5 4 16 8 16 5 7 10 11 10 7
split_gain=30.3857 11.0307 6.41174 5.95034 5.27777 4.85618 4.77106 4.35035 4.29395 6.02612 3.96923 3.91195 3.85367 3.3961 3.07802 4.14134 2.985 2.79782 2.51084 2.46517 2.37193 2.24633 2.16544 2.08042 2.07829 2.02072 2.01455 2.00337 1.96786 1.94578 3.48614 1.9394 1.98858 1.80918 1.71387 1.71078 1.69618 3.50489 2.0438 1.93626 1.69096 2.24473 1.60834 1.57896 1.55131 1.8065 1.5178 1.50763 1.92317 1.47368 1.46893 1.37456 1.32211 1.26437 1.23199 1.22853 1.21883 1.21431 1.17338 1.16367 1.16316 1.15724
threshold=134.50000000000003 2.5000000000000004 363.51500000000004 0 1 26.500000000000004 1.2568201136553472 2 12.72836845149839 3 4 1057.1900000000001 5 6 7 4.5000000000000009 -1.0000000180025095e-35 8 412.55000000000007 46.500000000000007 9 10 11 12 325.50000000000006 13 14 15 61.223247857081347 432.53000000000003 1569.8750000000002 16 1674.6300000000003 17 28.500000000000004 29.500000000000004 924.30500000000018 1880.3250000000003 18 19 196.50000000000003 20 855.08500000000004 21 22 23 2.1014742071048125 24 187.50000000000003 2417.4150000000004 1941.3150000000003 308.50000000000006 25 0.90913875843341474 2033.7350000000004 1.7142447617546706 131.50000000000003 1080.3000000000002 1208.6900000000003 6479.6850000000004 815.68000000000018 720.80000000000018
decision_type=2 2 2 9 9 2 2 1 2 9 9 2 9 9 9 2 2 1 2 2 9 1 1 1 2 1 9 9 2 2 2 1 2 1 2 2 2 2 9 1 2 1 2 1 9 1 2 9 2 2 2 2 9 2 2 2 2 2 2 2 2 2
left_child=1 2 3 19 36 12 18 13 10 22 43 -9 51 -8 15 25 34 -16 -6 35 28 -20 -10 27 58 53 31 -18 56 30 -19 32 -14 -22 -5 -1 37 -4 54 -39 41 57 -27 -2 45 -42 -33 -45 60 -31 -37 55 -25 -7 -38 -3 -11 -12 -21 -28 -49 -35
right_child=8 5 4 16 6 14 7 11 9 20 40 -13 26 -15 17 -17 23 29 21 24 33 -23 -24 52 -26 42 59 -29 -30 49 -32 46 -34 61 -36 50 38 39 -40 -41 44 -43 -44 47 -46 -47 -48 48 -50 -51 -52 -53 -54 -55 -56 -57 -58 -59 -60 -61 -62 -63
leaf_value=-0.7665764662421175 1.0009723901845722 -0.41844392096762351 0.23223721410419673 -0.23556304564829028 0.11623358080413021 -0.16903965841120761 0.33426294087519559 0.011529075569931858 0.099281978960447506 -0.080985706055192716 -0.19598472882409582 -0.25006023287928791 -0.25009567460212934 -0.091692230516241591 0.08306335264297604 -0.5997953039695022 -0.31522728181993975 -0.001262149417442693 -0.089314889845864054 -0.18607268074279207 0.62539354861932184 -0.58299065539893358 1.3212130406977378 0.085462500087055651 0.3587298947290159 -0.1028686285186141 0.017806148048341887 0.023524965567406842 0.08181106031455343 0.20352269618933488 -0.49156804802981119 -0.35447075623555685 0.20148055170546147 -0.22889057917363831 -0.98548019160923062 -0.38392301392137079 0.18046343980354376 0.11683513345009403 0.90095060471632582 -0.39236576154343344 2.6865906511141056 0.95178041196885421 -0.28554085092758408 0.73463939748066653 2.4265537746825512 0.96558766892928327 0.0098795744854577108 -0.020310045872478179 -0.054902423009268377 -0.086374694704867055 -0.27380010952602735 -0.17221186301689723 -0.05229065880394268 0.067563783216963547 -1.0155467108128338 -0.36592778608707821 -1.0091445845138962 1.3010239262502541 -0.53170128252733073 -0.21937835559717628 -1.6593484170473247 0.24103119244663809
leaf_weight=33 551 306 1597 71 91 69 1996 4272 280 41 385 2132 69 699 560 39 523 119 122 588 708 213 587 1044 68 574 346 426 94 135 91 171 68 659 39 369 347 126 575 271 349 868 226 312 1078 781 36 32 189 242 93 78 672 190 24 251 79 83 126 113 56 456
leaf_count=33 551 306 1597 71 91 69 1996 4272 280 41 385 2132 69 699 560 39 523 119 122 588 708 213 587 1044 68 574 346 426 94 135 91 171 68 659 39 369 347 126 575 271 349 868 226 312 1078 781 36 32 189 242 93 78 672 190 24 251 79 83 126 113 56 456
internal_value=0.000199705 -0.000811761 -0.000256507 -0.0019852 0.000301773 -0.00328608 -0.000266041 -1.78532e-05 0.00289817 0.00135879 0.00384041 -0.000732429 -0.00556905 0.00165713 -0.00179604 -0.00366787 -0.000650108 0 -0.00541958 -0.00479651 -0.000115854 -0.00743343 0.00481534 -0.000295165 -0.00296178 -0.00302495 -0.00301777 -0.00216996 -0.00495595 -0.00235417 -0.00622066 -0.00588235 -0.000583333 0.000456155 -0.00862832 -0.00765562 0.00215036 0.00128943 0.00392518 -0.00284375 0.00466685 0.00317401 -0.00424354 0.00117086 0.00556309 0.00400262 -0.00892045 -0.000560631 -0.00323276 -9.86842e-05 -0.0066129 -0.00850694 0.000722961 0.000689338 0.000748698 -0.00953125 -0.00934959 0.0002079 -0.00380056 -0.000662076 -0.00934066 -0.000764628
internal_weight=27788 20200 16517 4052 12465 3683 9525 9099 7588 2904 4684 6404 1438 2695 2245 1098 2775 1147 426 1277 2037 335 867 2665 782 1059 803 949 214 587 210 344 137 1823 110 495 2940 1994 946 397 3544 1336 800 1140 2208 1130 207 589 277 377 462 635 1716 259 371 557 120 468 714 459 88 1115
internal_count=27788 20200 16517 4052 12465 3683 9525 9099 7588 2904 4684 6404 1438 2695 2245 1098 2775 1147 426 1277 2037 335 867 2665 782 1059 803 949 214 587 210 344 137 1823 110 495 2940 1994 946 397 3544 1336 800 1140 2208 1130 207 589 277 377 462 635 1716 259 371 557 120 468 714 459 88 1115
cat_boundaries=0 2 4 5 7 9 11 13 15 16 18 19 20 21 22 23 25 26 27 29 30 31 32 34 35 37 38
cat_threshold=3019298 913417 95216401 188488 780 227845439 1130536 163292260 96256 2720039949 278528 2958037124 5763 660871 332672 3682 270684160 5120 708 2067 2384 1052 6 2684387400 528 3728 1984 8684033 72 2569 2306 946 574640137 1180 2944 524292 81920 28
is_linear=0
shrinkage=0.05


Tree=40
num_leaves=63
num_cat=6
split_feature=20 21 17 17 13 7 5 11 8 20 5 8 8 21 20 0 4 0 18 5 5 20 0 7 11 7 21 11 22 5 11 6 21 22 18 23 4 15 20 17 6 22 22 17 5 20 7 21 17 5 5 7 0 22 5 6 23 22 18 7 23 5
split_gain=26.1846 14.4832 10.6024 8.04585 6.03043 5.02429 5.01951 4.55897 5.44947 3.86239 3.54555 3.25883 2.93417 2.81795 4.56604 2.72184 2.72119 2.57761 3.51303 3.11146 2.31125 2.30327 2.8698 2.25081 2.34299 2.22047 2.17245 2.20377 2.29352 2.16164 2.10515 2.08931 2.0508 2.17352 3.03906 1.9762 1.80503 1.76062 1.73939 1.70405 1.62104 1.60677 1.55995 1.52589 1.52373 1.50309 1.49632 1.48238 1.46618 1.40412 1.35034 1.23887 1.22335 1.2232 1.20697 1.25371 1.17468 1.27962 1.12446 1.09203 1.0804 1.06032
threshold=134.50000000000003 63.038461538461547 2.7499978736795563 1.8529906708379291 1.5000000000000002 363.51500000000004 101.50000000000001 3872.0000000000005 108.06500000000001 46.500000000000007 12.500000000000002 720.34500000000014 467.53000000000009 39.51315789473685 112.50000000000001 0 1 2 0.22573415561107793 151.50000000000003 343.50000000000006 8.5000000000000018 3 -1.0000000180025095e-35 2480.2700000000009 -1.0000000180025095e-35 127.08333333333336 1345.3250000000003 57.014252546687437 135.50000000000003 4461.795000000001 2501.0100000000007 221.16666666666671 21.214381881432832 0.60087484932330448 9.5000000000000018 4 5.5000000000000009 195.50000000000003 1.2748584559048839 2012.74 28.990608074858113 37.792305213114197 2.0000018609671453 12.500000000000002 236.50000000000003 1.0000000180025095e-35 158.58333333333334 1.9393995071030297 110.50000000000001 132.50000000000003 575.75500000000011 5 69.974393997729734 349.50000000000006 3056.7900000000004 4.5000000000000009 73.190839676071391 0.55781739177372358 342.00500000000005 5.5000000000000009 244.50000000000003
decision_type=2 2 2 2 2 2 2 2 2 2 2 2 2 2 2 1 9 1 2 2 2 2 1 2 2 2 2 2 2 2 2 2 2 2 2 2 9 2 2 2 2 2 2 2 2 2 2 2 2 2 2 2 1 2 2 2 2 2 2 2 2 2
left_child=1 2 5 26 6 7 25 35 -9 10 -3 23 -12 14 20 32 37 18 -8 -19 -7 22 -14 -11 41 -4 27 54 39 48 -18 -27 33 44 47 36 -1 -15 43 -29 -40 -25 -23 51 -5 50 -6 -35 -13 -30 -28 -17 -16 -26 55 60 57 -31 -37 -46 -2 -36
right_child=3 9 4 15 46 13 17 8 -10 11 12 29 21 16 52 38 30 19 -20 -21 -22 42 -24 24 53 31 45 28 49 56 -32 -33 -34 34 61 58 -38 -39 40 -41 -42 -43 -44 -45 59 -47 -48 -49 -50 -51 -52 -53 -54 -55 -56 -57 -58 -59 -60 -61 -62 -63
leaf_value=-0.16566636352256961 0.70064762338710895 -0.9212544053812638 -0.58089798881868171 -0.39586406521585932 1.0860431896630707 -0.21400587807593796 -0.11712733701223517 0.055630988531837483 -0.49648391201032621 -1.2854805227262895 -0.2379424898707676 -0.0094460820599135079 -0.69818221273588399 -0.34866071133845938 0.5378901819603662 -1.3864328156417907 0.078398322369892623 0.24807891261785395 0.80199666733553343 -0.55713531245753056 0.13223423275859264 0.50193398953271517 1.3831761313484203 0.26090022319577777 -0.076802887461403915 0.015765556148870541 0.38777065262447935 -0.33646696541730209 -0.95247675013117039 0.37382897294259704 -0.1533212685414018 -0.24587093811623717 2.5440882439076704 -0.83714758772391074 1.8927186572114707 -0.25916845705745234 -0.26262791555486109 -0.1152919337377501 1.2181377819300427 -0.0066207331511275672 -1.1141733107101708 0.029358679275932078 0.06525205062514515 0.54921767285507028 -0.0173496552728718 -0.32525139172546746 -0.29616066915272998 0.68208691658974496 0.58500044891458269 1.3188944307275747 0.92873054413391998 1.6787650771016809 -0.32295220666393087 -0.49815065476031734 -1.8056796368820067 -0.25606789578718364 0.79102347945133578 1.1241866086905057 -0.004080656239853298 1.7137134787655002 -0.6415610528827117 0.10399774717223914
leaf_weight=479 620 42 28 57 49 1659 311 90 405 23 778 690 259 297 209 69 1010 233 1233 328 67 436 79 1583 877 1278 517 631 74 655 595 586 619 167 208 187 824 721 566 611 29 1777 396 141 87 231 588 143 244 148 568 26 67 50 20 109 489 73 505 1805 39 103
leaf_count=479 620 42 28 57 49 1659 311 90 405 23 778 690 259 297 209 69 1010 233 1233 328 67 436 79 1583 877 1278 517 631 74 655 595 586 619 167 208 187 824 721 566 611 29 1777 396 141 87 231 588 143 244 148 568 26 67 50 20 109 489 73 505 1805 39 103
internal_value=0.000208701 -0.00073009 -0.0018667 0.00271374 0 -0.00307846 0.000715625 -0.00490373 -0.00926205 0.000844275 -0.00106623 0.00144067 -0.000717581 -0.00208243 -0.00350374 0.00425056 -0.000975819 0.00240157 0.00345831 -0.000421099 -0.0044679 0.000831202 -0.00256598 0.000631811 0.000731352 -0.00113456 0.000966116 0 -0.00112474 0.00303505 0.000285847 -0.000883771 0.00492246 0.00424602 0.00154247 -0.00378504 -0.00494832 -0.00298254 0.00160372 -0.00198795 0.00307274 0.00135296 0.00227545 -0.00188285 0.00507813 0.00257771 -0.00451172 -0.00183706 0.00114728 0.00344444 0.00336627 -0.0067602 0.00232975 -0.00146505 0.00214918 0.00252918 0.00443648 0.00300958 -0.00151079 0.00532982 0.00337991 0.00505573
internal_weight=27788 20200 11749 7588 4634 7115 3997 2490 495 8451 1990 6461 1948 4625 2002 4020 2623 2105 1544 561 1726 1170 338 4310 4287 1892 3568 2252 1464 2151 1605 1864 3189 2570 621 1995 1303 1018 831 1242 595 3360 832 236 1949 1316 637 310 934 222 1085 95 276 927 788 768 1217 728 692 1892 659 311
internal_count=27788 20200 11749 7588 4634 7115 3997 2490 495 8451 1990 6461 1948 4625 2002 4020 2623 2105 1544 561 1726 1170 338 4310 4287 1892 3568 2252 1464 2151 1605 1864 3189 2570 621 1995 1303 1018 831 1242 595 3360 832 236 1949 1316 637 310 934 222 1085 95 276 927 788 768 1217 728 692 1892 659 311
cat_boundaries=0 1 2 3 4 5 6
cat_threshold=1 3 1 1 18 1
is_linear=0
shrinkage=0.05


Tree=41
num_leaves=63
num_cat=5
split_feature=14 7 17 16 5 0 19 5 6 10 7 7 3 19 12 7 7 17 5 5 23 4 19 17 17 0 4 5 11 7 5 5 7 17 5 6 23 10 5 22 7 10 9 17 17 9 5 12 17 18 7 19 17 16 5 5 19 23 5 5 11 22
split_gain=18.3289 12.7 9.32463 6.93868 5.03868 4.68888 4.48717 4.15506 3.68794 3.62908 4.79403 2.96162 2.69807 2.45804 2.38733 3.08944 2.38087 2.37378 2.32737 6.36157 2.31423 2.35414 2.31086 2.06104 2.02631 2.03104 1.98654 2.42338 1.9391 1.85123 1.79977 1.77613 1.73059 1.71475 1.68285 1.60771 1.55427 1.5502 1.52417 1.48804 1.41732 2.93086 1.40713 1.39216 2.21612 1.35239 1.64105 1.28785 1.16488 1.18959 1.14432 1.12493 1.10992 1.08165 1.05139 1.01891 0.97166 0.953353 0.941451 1.43432 1.1754 0.918832
threshold=1.5000000000000002 -1.0000000180025095e-35 1.3362166418463193 1.0519424441098655 110.50000000000001 0 1296.7700000000002 3.5000000000000004 4168.3500000000013 2630.7650000000003 954.42500000000018 737.2850000000002 1 1854.9400000000003 1.5000000000000002 436.56500000000005 60.600000000000009 1.4899327163617979 137.50000000000003 180.50000000000003 11.500000000000002 2 726.44000000000017 1.7358949984861753 1.5279989436891468 3 4 9.5000000000000018 4535.4100000000008 352.87500000000006 10.500000000000002 163.50000000000003 412.55000000000007 1.3421393462832487 353.50000000000006 2501.0100000000007 20.500000000000004 815.68000000000018 315.50000000000006 42.132528963156894 575.75500000000011 2026.4650000000001 1322.7350000000004 2.9091240828828768 1.5801999278765089 1306.3900000000001 143.50000000000003 1.5000000000000002 0.87862244342500417 2.5269250736163458 890.58500000000015 2109.9650000000006 2.9091240828828768 2.8209468176472101 244.50000000000003 319.50000000000006 1531.325 5.5000000000000009 236.50000000000003 201.50000000000003 5576.670000000001 2.8503542240076025
decision_type=2 2 2 2 2 1 2 2 2 2 2 2 1 2 2 2 2 2 2 2 2 9 2 2 2 1 9 2 2 2 2 2 2 2 2 2 2 2 2 2 2 2 2 2 2 2 2 2 2 2 2 2 2 2 2 2 2 2 2 2 2 2
left_child=1 22 20 8 6 11 7 -4 16 14 12 13 29 -6 15 28 52 33 -7 -20 21 56 -1 -9 -16 51 37 -28 32 -11 -12 35 -5 36 -13 -17 -18 -8 47 55 41 -19 -30 44 -14 46 -23 -32 49 -22 -31 -26 54 -33 -2 58 -3 -58 59 -10 -60 -42
right_child=3 2 4 9 5 18 26 23 39 10 30 34 43 -15 24 31 17 40 19 -21 48 45 -24 -25 25 -27 27 -29 42 50 38 53 -34 -35 -36 -37 -38 -39 -40 -41 61 -43 -44 -45 -46 -47 -48 -49 -50 -51 -52 -53 -54 -55 -56 -57 57 -59 60 -61 -62 -63
leaf_value=0.17881674011455681 -0.53328992369531736 0.3404159580969866 -1.7337577980739718 -0.015992275690097025 0.73015590934040597 1.6159922312848416 -0.16968796638492256 0.037267858887887508 -0.35222987948127416 -0.38683356816903713 -0.73627790502870349 1.2878717140289198 -0.21943422344066296 -0.041177389175986435 0.24794941854838096 0.07975416959775937 -0.16279096024119896 0.013293627405403985 -1.2666318004180552 0.49460117934533127 -0.49013660999284964 -0.17401420471258897 -0.71617692486897089 0.88821280264252211 -0.77086232298208968 0.33368701318898331 -0.7548684498686411 0.0093070233729577023 -0.63436941472278752 0.075506661730612032 0.0033228703258767925 0.21765316997454037 -0.23665490326334415 -0.35703610420505294 -0.83634705337914894 -0.17309157323694535 0.093638575661368337 -1.0787912248645506 0.20384070873130364 0.086273944714237605 -0.18380571287421932 -0.3178920855922801 0.030220858200712544 0.10719337652755359 -0.52874531128838709 0.30092406210987055 0.017110271309440962 -0.62397450975389623 0.2312163980666668 0.063796511635766426 -0.13237062613609715 -0.0042778080235725381 0.046169576402383505 -0.31539782416292539 -0.26952047328939827 -0.11411571551122651 0.061883359229329485 -0.69896551575028765 -0.35797278946362737 0.093474477228436825 -0.69753452397350257 0.16670672298476569
leaf_weight=33 108 919 37 3002 1807 196 173 604 285 66 24 2540 412 510 77 1343 413 630 374 923 78 1908 150 1575 175 84 42 1192 38 315 945 1409 402 143 78 727 73 95 121 25 33 167 24 23 208 222 2227 100 23 22 57 32 33 85 53 52 146 26 31 21 28 124
leaf_count=33 108 919 37 3002 1807 196 173 604 285 66 24 2540 412 510 77 1343 413 630 374 923 78 1908 150 1575 175 84 42 1192 38 315 945 1409 402 143 78 727 73 95 121 25 33 167 24 23 208 222 2227 100 23 22 57 32 33 85 53 52 146 26 31 21 28 124
internal_value=0.000221295 0.00133308 0.00148934 -0.00126146 0.00239186 0.00324211 0.000907014 0.0023434 -0.003786 -0.00067592 -0.00242414 0.00398694 -0.00483164 0.0026347 -0.000131739 6.75387e-05 -0.0027177 -0.00202554 0.00074365 0 -0.000145766 0 -0.0116263 0.00265238 -0.00404313 -0.0059949 -0.0011794 -0.000260626 -0.000987316 -0.00149667 -0.0001886 0.00110737 -0.000807162 -0.0044106 0.00516024 0.000132658 -0.00281186 -0.00498221 6.41574e-05 -0.00792135 -0.00039185 -0.00129688 -0.00961538 -0.00687881 -0.00746388 -0.000512014 -0.000728009 -0.000512882 -0.00684524 -0.0092233 0 -0.00863095 -0.00799492 0.00242151 -0.00967988 -0.00866071 0.00207201 -0.00114286 -0.00961277 -0.00800971 -0.0163306 0.00382813
internal_weight=27788 15900 15717 11888 10146 6428 3718 2216 2219 9669 2271 4935 1081 2317 7398 7030 1777 1583 1493 1297 5571 5448 183 2179 368 291 1502 1234 3466 438 1190 3564 3404 629 2618 2070 486 268 1166 442 954 797 62 643 620 4357 4135 1045 123 100 372 207 194 1494 161 417 1091 172 365 306 59 157
internal_count=27788 15900 15717 11888 10146 6428 3718 2216 2219 9669 2271 4935 1081 2317 7398 7030 1777 1583 1493 1297 5571 5448 183 2179 368 291 1502 1234 3466 438 1190 3564 3404 629 2618 2070 486 268 1166 442 954 797 62 643 620 4357 4135 1045 123 100 372 207 194 1494 161 417 1091 172 365 306 59 157
cat_boundaries=0 1 2 3 4 5
cat_threshold=1 5 16 1 1
is_linear=0
shrinkage=0.05


Tree=42
num_leaves=63
num_cat=25
split_feature=20 21 6 20 2 20 1 1 1 1 1 1 20 2 0 2 23 18 2 1 18 1 21 1 20 1 18 18 20 4 1 14 1 2 19 2 10 2 23 20 4 2 8 18 20 1 19 20 22 8 21 8 16 22 2 10 20 10 21 22 21 18
split_gain=22.4002 13.8273 7.59506 6.35966 6.52079 5.66882 5.14145 4.58579 4.55626 4.51144 4.48893 4.39966 4.19194 3.7557 3.57954 3.47868 2.90452 2.61326 2.58019 2.32467 2.31262 2.24646 2.18954 2.15659 2.13235 2.44145 1.96349 2.24488 1.86768 1.83843 1.7986 1.68586 1.64671 1.6215 1.6039 1.49519 1.4785 1.44766 1.42561 1.33077 1.24663 1.22958 1.64537 2.56972 1.36864 1.6873 1.18339 1.14648 1.12397 1.10569 1.10286 1.08268 1.08151 1.01809 1.00742 1.06422 0.905641 0.904926 0.820682 0.812099 0.751147 0.744121
threshold=175.50000000000003 78.050000000000011 5898.4900000000007 1.0000000180025095e-35 0 9.5000000000000018 1 2 3 4 5 6 26.500000000000004 7 8 9 3.5000000000000004 0.38222941032868024 10 11 0.23138334916561115 12 87.071428571428584 13 337.50000000000006 14 0.22573415561107793 1.2926934650063944 36.500000000000007 15 16 5.5000000000000009 17 18 2109.9650000000006 19 459.26500000000004 20 4.5000000000000009 187.50000000000003 21 22 495.66500000000008 0.4626016117112996 188.50000000000003 23 1589.1250000000002 2.5000000000000004 1.0000000180025095e-35 972.63000000000011 172.37500000000003 689.27500000000009 1.2929839305005786 22.853591823755696 24 1469.1450000000002 388.50000000000006 8381.3299999999999 50.035714285714292 31.63381441250672 90.937500000000014 1.8233818710651302
decision_type=2 2 2 2 1 2 9 9 9 9 9 9 2 1 1 1 2 2 1 9 2 9 2 9 2 9 2 2 2 9 9 2 9 1 2 1 2 1 2 2 9 1 2 2 2 9 2 2 2 2 2 2 2 2 1 2 2 2 2 2 2 2
left_child=1 2 3 10 9 14 40 41 20 53 33 31 -8 23 22 26 24 -18 21 46 -7 -12 -3 28 25 39 56 38 -10 -21 -11 57 -20 -1 35 -24 -27 52 -28 -17 -6 -2 43 -43 48 59 -15 -33 -44 -35 -29 -16 -22 -5 55 -13 -9 -4 -45 -46 -19 -39
right_child=7 5 11 4 6 8 12 15 13 30 18 54 -14 19 51 16 17 60 32 29 37 -23 34 -25 -26 36 27 50 -30 -31 -32 47 -34 49 -36 -37 -38 61 -40 -41 -42 42 44 58 45 -47 -48 -49 -50 -51 -52 -53 -54 -55 -56 -57 -58 -59 -60 -61 -62 -63
leaf_value=0.95447777778457299 1.9389253510254378 0.46651898526499713 -0.36008848514660929 -0.088641381784656706 -0.2750415252285196 -0.74985418219872269 -0.228970762430449 0.89716239630161521 -0.69733075367321828 0.20677961366596725 0.99253794169012444 -0.53106716831470624 -0.04887436256522424 0.74257255209724604 -0.062624980460835644 -0.46029872290664819 -1.0955409338569906 -0.88418498968645742 0.35282430645800711 0.027369311475882264 -0.79615372945618068 -0.17567887063132376 -0.56004157858529913 0.97415367609526027 3.0286184770644473 -0.14121644704936109 2.2198896090707394 -0.82432490977631212 0.45374140653740797 0.27005587498671385 0.015722987510828013 -0.53858322081814825 1.6386218981259753 -0.57678569501110555 0.5753181597728606 -1.0149374122931076 0.65860672038500001 -0.34497550952314865 -0.20435682528860202 -0.07353740645141614 -0.1872423656703556 1.5933280807350638 -1.9660669871395264 1.5419893502486546 1.1422622575188186 2.0733252050832625 -0.88439740429315494 -0.59723491767436954 1.3617015155188186 -0.15574443883258057 3.4357194683544652 2.3025212738995871 0.80740138244280502 -0.37841074759607018 0.087223142549689492 -0.097888883773526211 -3.0411181920544896 0.19940920887750285 -1.0654109468714139 -0.33617083390223873 0.20051945863031051 0.87623330528297039
leaf_weight=100 728 38 415 150 948 27 1251 36 88 854 130 40 6285 335 57 47 30 68 463 3175 22 541 108 676 491 462 557 50 558 2275 891 21 759 187 24 143 1110 242 36 350 1272 175 34 29 204 315 28 43 29 69 20 47 114 83 142 73 36 27 77 72 106 25
leaf_count=100 728 38 415 150 948 27 1251 36 88 854 130 40 6285 335 57 47 30 68 463 3175 22 541 108 676 491 462 557 50 558 2275 891 21 759 187 24 143 1110 242 36 350 1272 175 34 29 204 315 28 43 29 69 20 47 114 83 142 73 36 27 77 72 106 25
internal_value=0.000244684 -0.000423468 -0.00133247 -0.00106267 -0.00153148 0.00124922 -0.00206265 0.00325271 0.00156746 0.0010673 0.0013599 -0.00620092 -0.00142403 0.0018729 -0.004375 0.0021505 0.00127008 -0.00434783 0.00234129 0.00130664 -0.00332957 -9.13743e-05 -0.0070807 0.00428839 0.00176614 0.000995183 0.00519719 0.00613739 0.00201062 0.00102965 0.00196957 -0.00881503 0.00370445 -0.00365854 -0.00867806 -0.00989173 0.00189274 -0.00224754 0.00715185 -0.00240854 -0.00418719 0.00542214 0.00394251 0.000572183 0.0053653 0.00612374 0.00515293 -0.0171642 -0.00094697 -0.00576208 -0.00171233 0.00327103 0.00167785 -0.00523374 -0.000419776 -0.00386905 -0.002 -0.00758427 -0.00527523 0.00259516 -0.00155367 -0.00433036
internal_weight=27788 22726 14744 13983 11734 7982 9756 5062 7565 1978 2249 761 7536 7135 417 3399 2664 204 1893 5813 430 671 313 1322 2460 1969 735 663 646 5450 1745 506 1222 356 275 251 1572 403 593 397 2220 1663 935 281 654 591 363 64 63 256 70 104 136 233 255 113 72 442 106 276 174 267
internal_count=27788 22726 14744 13983 11734 7982 9756 5062 7565 1978 2249 761 7536 7135 417 3399 2664 204 1893 5813 430 671 313 1322 2460 1969 735 663 646 5450 1745 506 1222 356 275 251 1572 403 593 397 2220 1663 935 281 654 591 363 64 63 256 70 104 136 233 255 113 72 442 106 276 174 267
cat_boundaries=0 1 3 5 7 9 11 13 14 15 16 17 19 21 23 25 26 28 30 31 32 33 34 35 37 38
cat_threshold=1544 5166630 308 2483291455 1082155 270733344 32 3145792 36866 2182091786 5129 537133073 328192 768 1 896 1041 201343248 32776 295184 82432 2785574984 38401 59908160 339968 7 902611846 65536 269263088 328192 2752 212 2129 10 812 268435465 1081866 589
is_linear=0
shrinkage=0.05


Tree=43
num_leaves=63
num_cat=8
split_feature=21 21 21 5 0 5 5 2 5 10 18 2 23 7 14 7 22 7 21 2 23 18 7 2 9 2 22 11 21 7 18 13 21 22 10 22 5 11 5 7 2 5 13 7 7 18 5 10 8 2 16 22 9 18 21 11 11 5 5 5 21 7
split_gain=15.1291 14.015 7.36794 5.71591 7.52506 28.5573 5.28081 4.96341 4.89345 4.10239 4.01201 3.68906 3.7541 3.57713 3.38559 3.06358 3.11542 3.35713 2.70718 2.53385 3.77078 3.49576 2.53326 2.35348 2.3209 2.17436 2.16169 2.02736 1.94974 1.80574 1.72141 1.70858 2.20781 1.97938 1.68917 1.6851 1.65704 1.64134 2.10361 1.65983 1.5815 1.50061 1.37279 1.37178 1.30959 1.37707 1.55375 1.15451 1.05665 1.01508 2.0374 1.20108 0.98634 0.986234 0.94333 0.935962 0.934427 0.928795 1.1872 0.914759 0.871792 0.868298
threshold=86.354166666666671 1.0000000180025095e-35 45.516666666666673 180.50000000000003 0 151.50000000000003 133.50000000000003 1 81.500000000000014 628.0350000000002 0.4097692402435163 2 2.5000000000000004 172.78 8.5000000000000018 681.25500000000011 43.457833800421675 -1.0000000180025095e-35 181.58333333333334 3 12.500000000000002 1.4309408998764503 -1.0000000180025095e-35 4 1815.8750000000002 5 13.881158470225367 542.71500000000003 32.205263157894741 273.00500000000005 0.363840095617945 1.5000000000000002 241.25000000000003 72.0910865878149 1760.5050000000003 67.093963894781709 3.5000000000000004 1963.8350000000003 180.50000000000003 915.83000000000015 6 183.50000000000003 1.5000000000000002 545.35000000000014 145.52500000000001 0.83764466337919941 156.50000000000003 365.15000000000003 209.65500000000003 7 1.7894102276476065 44.291848604498121 1240.0850000000003 0.1901830603806228 50.035714285714292 2328.6350000000007 2806.4550000000004 199.50000000000003 221.50000000000003 231.50000000000003 170.16666666666671 453.93500000000006
decision_type=2 2 2 2 1 2 2 1 2 2 2 1 2 2 2 2 2 2 2 1 2 2 2 1 2 1 2 2 2 2 2 2 2 2 2 2 2 2 2 2 1 2 2 2 2 2 2 2 2 1 2 2 2 2 2 2 2 2 2 2 2 2
left_child=1 3 14 4 6 8 10 18 52 27 25 13 37 57 19 16 17 30 44 20 21 -3 -5 54 -12 -1 43 -7 -28 48 -9 32 33 40 49 -25 -19 38 -13 -39 -17 -24 -43 -21 -2 56 61 -38 -8 50 -18 -51 -6 -20 -14 -36 -46 -4 -59 -15 -48 -47
right_child=7 2 11 22 5 9 29 15 -10 -11 24 12 23 59 -16 31 34 36 53 26 -22 -23 41 35 -26 -27 28 -29 -30 -31 -32 -33 -34 -35 55 -37 47 39 -40 -41 -42 42 -44 -45 45 46 60 -49 -50 51 -52 -53 -54 -55 -56 -57 -58 58 -60 -61 -62 -63
leaf_value=-0.027800768407390208 -0.06353289673826179 -0.37691190490183762 -0.99665666651346985 -0.93815389338367761 -0.23854933264265699 -1.2459231575468952 0.70065299187099994 -0.61842297757709452 0.53227143109541297 -1.9472951701200305 0.71732094177366257 -0.39758864140782291 -0.24715480541754362 0.38138871270944003 -0.55306791434611358 0.48219648493050471 -0.36681450608564198 -2.3179839320258036 0.071180595292990576 -0.074649083891999979 -0.010065534729213966 -0.53283660805547306 2.1298744139316774 -0.054566689270651919 -0.40255896132117075 -0.4837105344364554 -0.3198564648181294 0.18366453479302508 -0.15761282292448048 1.3665884265977952 -0.27396522835637321 -0.31507954462057114 2.1806235485819907 0.91583330544911312 -1.482480763226391 -0.36803245362436993 -0.061397796588054381 -0.6693609741155444 0.13463220907535697 -0.18805509052743974 0.047129090633241694 0.80016394288938208 -1.1075307997070227 0.015724309929064796 0.8689169878422871 -0.50272496478635309 0.99313545302926165 0.30183222326753384 -1.3161597527910134 -1.0613598562729107 -0.081829679756276627 0.075475692727342295 -0.53468455208715504 1.8422017705716696 0.20943881592418304 -0.54263075642618586 -0.19306967805012507 0.35585419661175144 -0.24878183134547671 -0.055560010889780999 -0.61278396724723905 0.40317070002078348
leaf_weight=1217 142 254 42 20 373 38 54 20 430 106 977 325 69 596 31 819 223 25 42 994 171 140 148 4258 161 494 471 21 1414 797 21 153 291 395 22 124 403 293 342 214 1204 2171 30 643 615 87 353 2369 28 20 554 790 95 560 512 70 39 32 21 75 20 370
leaf_count=1217 142 254 42 20 373 38 54 20 430 106 977 325 69 596 31 819 223 25 42 994 171 140 148 4258 161 494 471 21 1414 797 21 153 291 395 22 124 403 293 342 214 1204 2171 30 643 615 87 353 2369 28 20 554 790 95 560 512 70 39 32 21 75 20 370
internal_value=0.000203303 -0.000642735 -0.0017632 0.00107497 7.04005e-05 -0.00362336 0.0011391 0.00180931 -2.77469e-05 -0.0225446 7.45091e-05 -0.000754778 -0.0011687 0.00247112 -0.0034397 0.00116849 0.000345686 0.00136396 0.0038822 -0.00329156 -0.00646626 -0.00925693 0.00308284 -0.000556283 0.00238826 -0.0014367 -0.00273692 -0.00987903 -0.00391287 0.00452098 -0.0122159 0.00245201 0.00275166 0.00222016 -0.00134512 -0.00096132 0.00159375 -0.00371708 -0.00195896 -0.00590686 0.00154862 0.00325787 0.0028868 -0.00136433 0.00277778 0.00322798 0.00177071 0.00172973 -0.00205882 -0.000919811 -0.00219937 0.00027339 -0.00360934 0.00681818 0.00237795 -0.00789474 0.00498478 -0.00625 -0.000669643 0.00383902 0.00415559 -8.15217e-05
internal_weight=27788 18181 11021 7160 4791 1063 3728 9607 898 165 2849 6903 6137 766 4118 7379 4517 2838 2228 4087 565 394 2369 4963 1138 1711 3522 59 1885 879 41 2862 2709 2418 1679 4382 2797 1174 667 507 2023 2349 2201 1637 1626 1484 830 2772 82 1587 777 810 468 602 581 92 654 95 53 671 373 457
internal_count=27788 18181 11021 7160 4791 1063 3728 9607 898 165 2849 6903 6137 766 4118 7379 4517 2838 2228 4087 565 394 2369 4963 1138 1711 3522 59 1885 879 41 2862 2709 2418 1679 4382 2797 1174 667 507 2023 2349 2201 1637 1626 1484 830 2772 82 1587 777 810 468 602 581 92 654 95 53 671 373 457
cat_boundaries=0 1 2 3 4 5 6 7 8
cat_threshold=1 384 1536 256 256 112 1580 57
is_linear=0
shrinkage=0.05


Tree=44
num_leaves=63
num_cat=19
split_feature=20 21 7 10 10 1 1 7 1 7 13 1 23 1 1 9 20 7 21 20 1 1 11 1 6 20 19 17 17 19 7 23 17 20 19 17 22 6 1 4 11 7 1 4 21 9 7 7 0 20 21 3 19 3 1 1 21 21 19 0 17 11
split_gain=19.6143 11.3829 6.79139 6.69114 5.80352 5.11962 4.9751 3.97829 3.66887 4.33208 4.73762 3.65603 3.6552 3.34773 3.09313 2.90931 3.81273 2.48049 2.43937 4.3259 2.30285 2.20524 2.20236 2.09715 2.0631 2.02402 2.00182 1.72852 1.71976 1.60794 1.53261 1.53161 1.50964 1.48695 1.48492 1.47844 1.32534 1.32416 1.31387 1.31072 1.28511 1.23055 1.68479 1.23024 1.21621 1.1939 1.11686 1.43269 1.31194 1.15365 1.25056 1.11591 1.11009 1.54778 0.999907 0.966718 0.951693 1.92124 0.931147 0.883929 0.748243 0.729396
threshold=187.50000000000003 63.038461538461547 363.51500000000004 2262.1850000000004 2362.3400000000006 0 1 985.63 2 -1.0000000180025095e-35 1.5000000000000002 3 3.5000000000000004 4 5 1455.2100000000003 134.50000000000003 410.30500000000006 118.08333333333336 11.500000000000002 6 7 7775.7100000000009 8 3650.2500000000005 20.500000000000004 1127.5250000000001 1.8529906708379291 1.3464394123748249 2374.6800000000007 412.55000000000007 7.5000000000000009 0.73603384834252961 210.50000000000003 1339.3300000000002 1.7141244226031103 31.137687058556509 2012.74 9 10 2836.1200000000003 1.0000000180025095e-35 11 12 42.035714285714292 -1.0000000180025095e-35 299.3250000000001 270.34000000000009 13 38.500000000000007 27.032258064516132 14 4073.4000000000005 15 16 17 5.5000000000000009 72.105555555555569 1531.325 18 1.6409819565172425 1815.4750000000004
decision_type=2 2 2 2 2 9 9 2 9 2 2 9 2 9 9 2 2 2 2 2 9 9 2 9 2 2 2 2 2 2 2 2 2 2 2 2 2 2 9 9 2 2 9 9 2 2 2 2 1 2 2 1 2 1 9 9 2 2 2 1 2 2
left_child=1 2 3 5 7 52 12 13 26 10 45 22 17 43 31 16 -13 41 20 37 35 -17 25 44 -25 -6 36 33 -21 55 -15 -9 -22 -19 -16 -11 54 -20 40 -40 -38 -2 -43 -4 -7 -10 47 48 -5 50 -48 -35 53 -1 60 -29 -8 59 -44 -58 -3 -28
right_child=6 8 4 46 11 23 56 14 9 18 -12 15 -14 30 34 21 -18 27 19 28 32 -23 -24 24 -26 -27 61 29 -30 -31 -32 -33 -34 51 -36 -37 38 -39 39 -41 -42 42 58 -45 -46 -47 49 -49 -50 -51 -52 -53 -54 -55 -56 -57 57 -59 -60 -61 -62 -63
leaf_value=-0.46095726173151014 2.2518438794019122 0.23294440227453084 -0.44337750746007903 -0.32412058201556615 -0.27587436648244151 0.15596420658352425 2.5484173530507697 1.156503415348072 -0.19095071988245357 0.12538327707215552 1.6009804894488284 -0.42668006569652023 -0.64248402127124538 0.13336649274497603 0.47767868609259029 -0.2358195670246008 1.2379018660223737 0.59837928030484522 0.6489832907721178 0.11153843302653073 -0.30774781195326428 -0.047038844177330355 0.10902352265868293 -0.074023342714278864 -0.304718439193641 -0.020448093125215429 -0.37557733436443769 0.79253309129290561 0.77510930449130933 -0.98864176465660825 -0.013285541006029612 -0.80392300866886479 0.032292146222914743 0.96373582446095585 -0.32422711610636051 0.59308795214361942 -0.050815396902771329 -0.70352000200886877 0.017779391277375822 -0.81461143082383003 0.58103436264816433 -0.92664087971013842 0.50387238946651114 -0.12842410341256036 -0.073343575657044635 -0.89343362073473553 -0.39754952114053432 0.022885851175057481 -0.50148078306017241 -0.62961022006662848 -0.18146474093209691 -0.69047345597935639 -0.35154665048207079 -0.18442995906145188 -0.044762650738596935 1.6971865640451811 0.49339635653445113 1.1413946947682221 -0.6401958408464149 -1.9412962866570505 0.79270513594103209 -0.014812263346502165
leaf_weight=216 115 135 244 180 112 420 719 595 23 689 52 369 213 481 425 514 51 161 56 1129 321 868 208 1887 244 639 254 253 2028 76 3286 20 4248 120 176 270 213 131 141 238 93 153 239 821 174 81 39 52 105 51 50 179 25 381 357 1161 48 989 100 25 75 70
leaf_count=216 115 135 244 180 112 420 719 595 23 689 52 369 213 481 425 514 51 161 56 1129 321 868 208 1887 244 639 254 253 2028 76 3286 20 4248 120 176 270 213 131 141 238 93 153 239 821 174 81 39 52 105 51 50 179 25 381 357 1161 48 989 100 25 75 70
internal_value=0.000201504 -0.000384574 -0.00139977 -0.00316175 -0.000628404 -0.00234701 0.00320323 0.000231367 0.000820213 0.00121115 -0.00691824 -0.00252804 0.00182357 -0.000403309 0.00278917 -0.00384298 -0.00756501 0.00236816 0.00136338 0.00243502 0.000705117 -0.00268953 0 -0.00136505 -0.00210471 -0.00127653 -0.00138452 0.00323861 0.0028837 0.00406899 0.000287698 0.00523487 0.000220973 0.000431965 0.000101792 0.00291924 -0.000438247 -0.00480263 -0.00194404 -0.00385842 0.00039185 -0.000348361 -0.00151515 -0.0028641 0.0011944 -0.0130841 -0.00872396 -0.00672794 -0.00811632 -0.0129371 -0.0080163 -0.00153146 -0.00641732 -0.00589583 0.00129386 0.00446366 0.00527453 0.00420188 0.000390625 -0.003125 0.00392377 -0.00489297
internal_weight=27788 23237 12633 3824 8809 3347 4551 6048 10604 9028 156 2761 2770 4832 1216 1802 420 2557 8872 3344 5528 1382 959 2725 2131 751 1576 1950 3157 1490 3767 615 4569 460 601 959 1252 187 685 379 306 607 492 1065 594 104 477 337 285 140 89 299 622 597 567 1414 1781 1062 339 73 210 324
internal_count=27788 23237 12633 3824 8809 3347 4551 6048 10604 9028 156 2761 2770 4832 1216 1802 420 2557 8872 3344 5528 1382 959 2725 2131 751 1576 1950 3157 1490 3767 615 4569 460 601 959 1252 187 685 379 306 607 492 1065 594 104 477 337 285 140 89 299 622 597 567 1414 1781 1062 339 73 210 324
cat_boundaries=0 2 4 6 8 10 12 14 16 18 20 21 23 24 25 26 27 29 31 32
cat_threshold=2147648770 311569 700109504 488580 279122024 5408 1648418880 17553 39343136 4532 2762526737 278688 186139394 1220696 2097669 102944 349438676 1115136 2101248 5120 12 528512 282624 2 1 6 2 276824096 4128 11714560 69632 1
is_linear=0
shrinkage=0.05


Tree=45
num_leaves=63
num_cat=21
split_feature=20 21 20 20 2 0 2 2 1 1 5 2 2 1 1 1 16 1 1 23 19 1 18 16 19 1 21 22 0 5 5 5 8 18 18 9 20 9 5 1 19 2 0 5 21 23 8 9 19 19 20 22 11 18 1 22 8 20 1 16 5 5
split_gain=17.4426 9.5028 6.00702 5.74058 5.51482 10.2086 25.2808 5.40263 4.32421 4.13521 4.1268 3.88077 3.84464 3.73022 3.56154 3.54439 3.52568 3.39947 2.78679 2.71975 3.14808 2.78731 2.66035 2.281 2.10724 2.10416 2.30311 1.89553 1.83556 1.80189 1.74479 1.65522 1.6997 1.52552 1.62249 1.51665 1.45006 1.39542 1.45132 1.39101 1.36842 1.35138 2.0619 1.31832 1.28057 1.23962 1.22729 1.79489 1.20353 1.16677 1.54168 1.26945 1.16121 1.14089 1.11664 1.08041 2.19677 1.29638 1.07724 1.0727 1.04874 1.04845
threshold=175.50000000000003 63.038461538461547 1.0000000180025095e-35 26.500000000000004 0 1 2 3 4 5 110.50000000000001 6 7 8 9 10 0.86290406248165141 11 12 2.5000000000000004 1348.075 13 1.0386094018016723 1.0182646512866858 1531.325 14 84.055555555555571 30.363079876518011 15 318.50000000000006 145.50000000000003 47.500000000000007 992.0350000000002 1.2926934650063944 0.22573415561107793 185.77500000000001 294.50000000000006 976.1450000000001 40.500000000000007 16 1127.5250000000001 17 18 151.50000000000003 75.292857142857159 4.5000000000000009 410.30500000000001 85.910000000000011 1494.6550000000002 239.07999999999973 35.500000000000007 3.5438709630247485 1015.3900000000001 0.14270484724171437 19 65.04741828570269 384.08500000000009 112.50000000000001 20 0.98673443719012333 335.50000000000006 353.50000000000006
decision_type=2 2 2 2 1 1 1 1 9 9 2 1 1 9 9 9 2 9 9 2 2 9 2 2 2 9 2 2 1 2 2 2 2 2 2 2 2 2 2 9 2 1 1 2 2 2 2 2 2 2 2 2 2 2 9 2 2 2 9 2 2 2
left_child=1 2 10 9 5 7 -7 -5 41 37 17 15 33 -12 29 39 -16 -1 27 21 -21 36 25 -11 54 -20 -27 40 48 -6 -30 -24 -33 34 -10 -17 -14 38 -4 44 -13 58 -43 -35 -3 -36 47 -23 -15 51 -51 -41 -44 -25 -19 57 -57 -29 -2 -37 -39 -48
right_child=8 11 3 4 14 6 -8 -9 12 23 13 18 19 28 16 35 -18 24 22 20 -22 46 31 53 -26 26 -28 55 30 -31 -32 32 -34 43 45 59 -38 60 -40 49 -42 42 52 -45 -46 -47 61 -49 -50 50 -52 -53 -54 -55 -56 56 -58 -59 -60 -61 -62 -63
leaf_value=0.71187153865174124 0.97338794704296849 0.30519672389279617 -0.51709498273935328 0.11915018108679672 -0.13719249733701755 -1.0163740441284908 -0.069747397112774889 -0.12520438528673269 -0.29094377232122087 -0.34430469386538559 -0.32108516463553727 0.20015559276834216 -0.40689900965950127 3.0324691035881255 -0.17775353848272665 -0.53807797627827403 0.064736600732120134 -0.52117138472029567 0.53133822410240972 -0.065027344238405504 -1.1281768056799011 2.7540989082523684 -0.052444851360150584 -0.48065758146828091 -0.33272657492134394 -0.22382360454291722 0.025494444597117652 -0.15217882789505346 5.1970910471576621 0.13407466544118574 -1.2842270602891186 0.11204602723320267 0.64263640769478947 -0.97919599148113579 1.7042757498787926 -0.22862939289137163 2.3247901347368383 -0.38473481452849856 -0.087211845165243329 -1.6927755873362902 -0.20623757996875738 1.4596712091219459 0.86672625310768936 1.7229354919356845 -0.68638617770038701 -0.17082999446098876 0.98579971628229834 -0.34631241723620471 1.5770286630754726 -0.44710804506481683 0.71892789281314085 0.17574199742724517 -0.86289032741768468 -0.019124866775990235 0.39320523168312094 -0.48197082494819593 0.32599922159120037 -0.58080415729290347 1.7045164011522029 0.8769381298542176 0.022585915632205824 -1.5627487585231437
leaf_weight=328 129 37 56 750 1374 394 802 1378 76 88 214 771 273 293 423 27 2866 135 347 329 90 118 473 24 535 794 2433 621 28 199 87 1355 681 31 570 38 116 655 303 67 222 957 145 45 101 36 1231 295 321 84 324 340 119 853 340 131 287 226 452 887 34 50
leaf_count=328 129 37 56 750 1374 394 802 1378 76 88 214 771 273 293 423 27 2866 135 347 329 90 118 473 24 535 794 2433 621 28 199 87 1355 681 31 570 38 116 655 303 67 222 957 145 45 101 36 1231 295 321 84 324 340 119 853 340 131 287 226 452 887 34 50
internal_value=0.000203303 -0.000386071 -0.00131379 -0.0018342 -0.00123641 -0.00280192 -0.00650542 -0.000703895 0.00285785 -0.00423487 0.000990587 0.000739096 0.00172625 0.00352801 -0.000148718 0.00276981 0.000776045 -0.000764355 0.000264843 0.000745527 -0.00287322 0.00150407 0.000826362 -0.00172546 -0.00222385 -3.49455e-05 -0.000451389 -0.00122193 0.00520553 -0.00210435 -0.000105932 0.00207504 0.0026974 0.00483139 0.00565693 0.00492228 -0.00220771 -0.00640905 -0.00362569 0.000530538 0.000363956 0.00483471 0.00369733 -0.00126582 -0.00380795 0.00652709 0.00238723 0 0.00636143 0.00137379 0.00328467 -0.000396341 0 -0.000894886 7.84519e-05 -0.0025138 -0.000296912 -0.00354412 0.00700758 0.00534752 -0.00785766 0.00316394
internal_weight=27788 22726 12480 10199 8186 3324 1196 2128 5062 2013 2281 10246 3260 943 4862 1905 3289 1338 8341 2502 419 2083 6083 965 1010 3574 3227 2258 729 1573 115 2509 2036 758 682 952 389 1048 359 953 993 1802 1221 76 138 606 1694 413 614 815 408 407 264 877 475 1265 418 847 581 925 689 1281
internal_count=27788 22726 12480 10199 8186 3324 1196 2128 5062 2013 2281 10246 3260 943 4862 1905 3289 1338 8341 2502 419 2083 6083 965 1010 3574 3227 2258 729 1573 115 2509 2036 758 682 952 389 1048 359 953 993 1802 1221 76 138 606 1694 413 614 815 408 407 264 877 475 1265 418 847 581 925 689 1281
cat_boundaries=0 1 2 3 4 6 8 9 10 12 14 16 18 20 22 24 25 27 28 29 31 33
cat_threshold=2369 1 256 256 2483356991 1082171 2736915485 283008 768 1920 2181088344 66049 3692066 103222 2753728618 46625 78381077 16928 276959308 1918370 26386432 339968 67633410 172044 1 2232320 4096 780 1 2147487784 4224 1076 16
is_linear=0
shrinkage=0.05


Tree=46
num_leaves=63
num_cat=20
split_feature=20 21 7 17 20 10 2 10 1 1 1 0 1 2 16 2 1 17 8 7 7 21 1 5 2 17 1 8 2 1 5 1 5 5 5 21 1 17 16 7 23 5 1 10 8 8 7 5 22 9 20 2 17 10 7 4 21 1 9 20 20 21
split_gain=16.2148 9.06457 6.13124 4.74383 4.52331 4.31381 4.18791 4.89564 4.89997 3.99722 3.75433 3.6695 3.40094 3.33374 3.46526 3.11118 3.08032 3.01804 2.90216 2.62873 2.55838 2.50641 2.43654 2.2989 2.27725 2.24435 2.0901 2.03999 2.01856 1.87976 1.77581 1.6868 1.67185 1.61887 1.8907 1.8436 1.31436 1.33669 1.29554 1.23301 1.22287 1.21317 1.17524 1.17205 1.15864 1.12949 1.0782 1.04908 1.03557 1.01941 0.998598 1.44651 1.68185 1.38969 0.999576 0.966732 1.06867 0.965351 1.4747 1.31104 0.915276 0.912119
threshold=175.50000000000003 78.050000000000011 363.51500000000004 1.9162060223365096 9.5000000000000018 2262.1850000000004 0 2362.3400000000006 1 2 3 4 5 6 0.21695061192489654 7 8 0.91461817388736566 992.0350000000002 545.35000000000014 976.7600000000001 62.038461538461547 9 180.50000000000003 10 1.5279989436891468 11 563.18500000000006 12 13 139.50000000000003 14 334.50000000000006 348.50000000000006 351.50000000000006 74.683333333333351 15 1.6705010132312692 2.0074617450295653 756.61500000000012 10.500000000000002 12.500000000000002 16 395.98500000000007 290.89000000000004 436.56500000000005 93.700000000000017 308.50000000000006 28.77551568179199 1890.8950000000002 334.50000000000006 17 2.1343281833992349 1146.4700000000003 890.58500000000015 18 140.55000000000004 19 269.93000000000006 112.50000000000001 238.50000000000003 54.577380952380956
decision_type=2 2 2 2 2 2 1 2 9 9 9 1 9 1 2 1 9 2 2 2 2 2 9 2 1 2 9 2 1 9 2 9 2 2 2 2 9 2 2 2 2 2 9 2 2 2 2 2 2 2 2 1 2 2 2 9 2 9 2 2 2 2
left_child=1 2 5 15 11 12 29 9 19 49 57 25 23 14 -12 36 41 61 26 -9 -11 38 -16 30 -18 46 -15 -10 -27 32 -1 55 -4 35 -35 -14 37 -2 44 -30 -34 -5 -20 -26 -7 -13 -3 -38 60 -8 51 52 -43 -53 -52 -19 -57 -6 -59 -60 -45 -17
right_child=3 4 6 16 10 21 7 8 27 20 13 45 33 18 22 17 24 31 42 -21 -22 -23 -24 -25 43 28 -28 -29 39 -31 -32 -33 40 34 -36 -37 47 -39 -40 -41 -42 50 -44 48 -46 -47 -48 -49 -50 -51 54 53 -54 -55 -56 56 -58 58 59 -61 -62 -63
leaf_value=-0.28018947566208169 1.9274008888010365 -1.1069729074077257 0.50467527858375638 -2.0245327585050696 -0.0097076225547762188 -0.25115707777658386 0.20728849442803954 -0.17600707445715572 -0.37534687099189751 -0.09575478281278188 -1.0074879193631008 -0.22050371740308261 -0.049081834962520658 0.1445863732865906 -0.12093671133736113 -0.065697079276458667 1.9978312638746676 0.3555435110966455 0.42848378781040319 0.02627417305297515 0.32417698600424832 0.14782427129683848 0.21967808944230713 -0.11788193745255909 -0.0042776506259952999 -0.64781659243294354 0.46812232623857714 -0.18381924317712939 -1.0159677304298629 0.016318963149764089 -0.84461695303550466 0.25201811136690594 -0.04883297945731755 -0.71022769340901459 -0.065693541524891957 -0.57162333018783829 0.77622021178619061 -0.18910636151590909 -0.10980777227441695 -1.0273847750287488 0.1924986620605349 1.8899753393114709 0.94407597120248499 0.63253140823359366 -0.4086505622589332 1.8877444766991376 0.74598886447721258 -0.49031258716072446 0.30603592564950866 -0.34153609049270417 1.4587654174883458 0.49073228425792748 -0.33949428643094209 -0.87784592327508904 5.4475866974124871 -0.91163649508455968 0.28941070929593099 -0.58065193495883194 0.029492789529927333 -0.66482256242661875 2.7710631038863869 -1.0966576407864905
leaf_weight=324 194 32 463 32 878 110 1123 155 136 4205 54 32 3064 1848 1144 40 774 126 223 1012 924 45 1170 275 184 119 1217 1421 58 580 97 768 197 25 44 91 332 49 59 45 57 172 595 309 304 72 59 157 216 33 194 310 92 147 139 123 57 82 234 120 552 95
leaf_count=324 194 32 463 32 878 110 1123 155 136 4205 54 32 3064 1848 1144 40 774 126 223 1012 924 45 1170 275 184 119 1217 1421 58 580 97 768 197 25 44 91 332 49 59 45 57 172 595 309 304 72 59 157 216 33 194 310 92 147 139 123 57 82 234 120 552 95
internal_value=0.000219496 -0.000348674 -0.00108497 0.00277887 0.00100501 -0.00264017 -0.000409836 -0.000796664 -0.00256692 -2.1867e-05 0.00128997 -0.00401786 -0.002052 0.00180196 0.000293994 0.000803755 0.00398928 -0.000726268 0.0027047 -5.29661e-05 -0.000629619 -0.00695777 0.000615019 -0.00521862 0.00514526 -0.00676424 0.00197604 -0.00438694 -0.00944444 0.00222328 -0.00763561 0.000116063 0.00392123 -0.00132839 -0.00885417 -0.00114392 0.0033557 0.00639648 -0.00806197 -0.0143319 0.000486381 0.0017061 0.00538977 0.00365973 -0.00905276 0.00373832 0 0.00161853 0.00431713 0.00260907 0.00205771 0.000915055 0.00379061 -0.000718085 0.00435268 -0.00289969 -0.00518135 -0.00111153 -0.00300668 -0.00147059 0.00510706 -0.00769928
internal_weight=27788 22726 14744 5062 7982 4438 10306 9009 2724 6285 7565 417 3920 6251 2368 1941 3121 1209 3883 1167 5129 518 2314 696 2035 313 3065 1557 222 1297 421 1074 717 3224 69 3155 732 243 473 103 254 1086 818 1261 414 104 91 489 1077 1156 1054 721 264 457 333 306 180 1314 436 354 861 135
internal_count=27788 22726 14744 5062 7982 4438 10306 9009 2724 6285 7565 417 3920 6251 2368 1941 3121 1209 3883 1167 5129 518 2314 696 2035 313 3065 1557 222 1297 421 1074 717 3224 69 3155 732 243 473 103 254 1086 818 1261 414 104 91 489 1077 1156 1054 721 264 457 333 306 180 1314 436 354 861 135
cat_boundaries=0 1 3 5 7 8 10 11 12 14 16 17 19 20 22 24 26 28 29 30 32
cat_threshold=520 4081762320 545971 346071043 1892353 2418217066 787488 1 2147648514 311569 3153 292 328909569 349332 93095300 66183 1922 571499009 1178241 597 629964956 331904 68161736 103426 2148270093 114833 8421509 1 905 24 2147483752 787456
is_linear=0
shrinkage=0.05


Tree=47
num_leaves=63
num_cat=7
split_feature=7 10 7 13 10 6 2 2 4 2 6 2 18 17 5 12 5 4 6 13 17 22 8 18 7 17 10 8 5 17 8 7 23 13 8 17 10 22 23 5 9 9 10 7 7 5 22 8 7 6 8 18 18 17 9 23 18 9 18 10 10 4
split_gain=9.65591 11.0179 6.76068 6.09302 6.05209 5.68704 3.15306 3.04896 2.9423 2.84684 2.59315 2.59253 2.55338 2.64186 2.26694 2.07969 2.05765 2.00548 2.02318 1.94789 2.63062 2.14672 2.07607 1.92589 1.71701 1.45154 1.86969 1.75238 1.35989 1.33527 1.33365 1.28219 1.27971 1.22115 2.79436 1.13577 1.8629 1.24839 1.11758 1.07658 1.07601 1.06484 1.04991 1.0111 1.66353 1.28272 1.0028 0.976964 1.21142 0.975468 0.973927 0.964895 0.899651 0.898708 0.868079 0.867558 0.950067 0.857919 0.81031 1.30473 0.800162 0.785629
threshold=726.9100000000002 2262.1850000000004 -1.0000000180025095e-35 1.5000000000000002 1801.1050000000002 3056.7900000000004 0 1 2 3 13071.820000000002 4 0.70176812379953213 1.9494711629767572 17.500000000000004 1.5000000000000002 3.5000000000000004 5 2501.0100000000007 1.5000000000000002 2.3547757814695438 13.457994111319151 1298.9250000000004 0.83764466337919941 90.465000000000018 1.3421393462832487 5172.5300000000016 530.55000000000007 325.50000000000006 1.4183140772577276 945.40500000000009 479.96500000000003 8.5000000000000018 1.0000000180025095e-35 310.62500000000006 1.0495213577484683 2934.2850000000003 14.890784036793976 5.5000000000000009 342.00000000000006 2565.6350000000007 1455.2100000000003 2827.9850000000001 985.63 908.1350000000001 319.50000000000006 53.904514118182625 992.05500000000018 841.47500000000014 1734.8500000000001 864.61500000000012 0.95627084288005471 2.0215325407379354 2.270936284630849 1754.2450000000001 7.5000000000000009 0.55488498668637332 432.53000000000003 0.3589268254440538 1620.3850000000004 2873.3150000000005 6
decision_type=2 2 2 2 2 2 1 1 9 1 2 1 2 2 2 2 2 9 2 2 2 2 2 2 2 2 2 2 2 2 2 2 2 2 2 2 2 2 2 2 2 2 2 2 2 2 2 2 2 2 2 2 2 2 2 2 2 2 2 2 2 9
left_child=1 2 3 46 9 8 16 24 33 47 11 29 42 43 57 40 -6 30 55 22 21 -21 60 -16 -7 35 27 -27 54 31 58 52 -24 -4 -35 36 -13 -37 -5 -30 -15 -32 -8 44 -14 -45 -1 48 -2 -49 53 -43 -3 -50 -9 56 -19 -10 -11 -60 -18 -26
right_child=4 10 5 38 6 7 12 28 14 17 -12 25 13 15 23 -17 19 18 -20 20 -22 -23 32 -25 61 26 -28 -29 39 -31 41 -33 -34 34 -36 37 -38 -39 -40 -41 -42 51 -44 45 -46 -47 -48 49 50 -51 -52 -53 -54 -55 -56 -57 -58 -59 59 -61 -62 -63
leaf_value=-0.58039654689922604 0.99556518721977683 -0.58931372305019081 0.48452091450231127 1.8987448659359494 -1.3706157456654513 -0.79023760400115661 -0.19911392267463485 -0.17610068243433741 -0.11689454329390508 1.3330178405895095 -0.47048310370055058 -0.051090143107624546 0.023752017695722751 0.64486869476511688 0.052437400051850248 -0.37915455900212519 -0.059083247823443853 0.68466637727899138 0.052871126604223308 0.21684185671416323 -0.71365350255856197 -0.31642430034452773 0.29554012673601965 -0.10082218991380901 0.39873681076979423 -0.36180052890691428 -0.527746216962939 -0.21149156801601532 0.28506926120385501 0.085339613697976102 0.8496511651345936 0.079070729409577115 -0.12128142229886799 -0.044348675128413007 0.15824647489467658 0.060167302110377109 -0.28498589797254786 -0.13879105800855954 -0.67469741399850125 -0.052709583851521559 0.13209336643428093 0.36205662935317878 -0.50030843886047793 0.044996936176645352 -0.32200935322082691 0.32608474821384204 -0.85299235279164964 0.25216526566377928 -1.2815555885676764 1.516119078894606 0.4564557396059854 -0.74558780398440572 0.015682891935585985 0.54614254898625014 -0.58635994533137781 -0.19895249180357358 0.92817959099803427 -0.65640638060474665 -0.50680056503502513 0.66381028035051104 -0.21994601309655712 0.13231947905140232
leaf_weight=182 446 48 473 82 26 31 221 2789 73 63 37 209 395 543 2687 47 772 292 609 33 60 116 464 1728 126 130 40 463 173 185 502 73 85 1644 5741 113 207 247 24 157 215 53 68 1038 116 195 52 64 38 721 289 48 27 34 49 27 1006 168 333 57 361 493
leaf_count=182 446 48 473 82 26 31 221 2789 73 63 37 209 395 543 2687 47 772 292 609 33 60 116 464 1728 126 130 40 463 173 185 502 73 85 1644 5741 113 207 247 24 157 215 53 68 1038 116 195 52 64 38 721 289 48 27 34 49 27 1006 168 333 57 361 493
internal_value=0.0002105 -0.000450444 -4.7976e-05 -0.00699708 0.00152168 9.48883e-05 0.000260088 -0.0015899 0.000613166 0.00281897 -0.00418771 -0.00385387 0.0013241 0.00184659 -0.000374813 0.00422339 -0.00128886 0.00185648 0.00281202 -0.00106257 -0.00560142 -0.0015625 -0.000459941 -0.000104685 0.00147059 -0.00477321 -0.00666274 -0.00576762 -0.002232 3.61272e-05 4.67727e-05 -0.00331126 0.0020154 0.00120379 0.00103715 -0.00320924 -0.00501193 -0.000964187 0.00252294 0.000675676 0.00489488 0.00162954 -0.00303938 0.000715512 -0.00109436 0.00150688 -0.0114979 0.00454829 0.00319444 0.00591688 0.000858516 -0.00276442 -0.00785256 -0.004 -0.00259592 0.00392508 0.00413144 -0.00507172 -0.00194627 -0.0028626 -0.00170555 0.00215032
internal_weight=27788 18451 16672 340 9337 16332 4755 3818 12514 4582 1779 1742 2838 2549 4656 805 1917 2990 1934 1891 209 149 1682 4415 650 1409 633 593 3168 333 1056 148 549 7858 7385 776 416 360 106 330 758 603 289 1744 511 1233 234 1592 807 785 361 101 75 72 2838 1325 1298 241 453 390 1133 619
internal_count=27788 18451 16672 340 9337 16332 4755 3818 12514 4582 1779 1742 2838 2549 4656 805 1917 2990 1934 1891 209 149 1682 4415 650 1409 633 593 3168 333 1056 148 549 7858 7385 776 416 360 106 330 758 603 289 1744 511 1233 234 1592 807 785 361 101 75 72 2838 1325 1298 241 453 390 1133 619
cat_boundaries=0 1 2 3 4 5 6 7
cat_threshold=2369 768 28 1922 1544 3 2
is_linear=0
shrinkage=0.05


Tree=48
num_leaves=63
num_cat=13
split_feature=20 21 6 1 20 1 20 1 5 1 1 5 21 22 5 20 21 19 9 21 11 19 1 1 17 5 1 17 17 23 19 1 16 17 9 5 5 5 20 5 23 6 5 5 1 11 1 9 14 11 21 21 5 9 1 22 5 1 5 5 9 19
split_gain=14.2166 8.45552 5.52998 4.44189 4.26142 4.21262 3.78699 4.74849 3.2587 3.07391 2.92138 2.50137 2.30743 2.23003 2.68462 2.22198 3.51078 2.83877 2.0151 2.01213 2.20178 1.9024 1.80525 1.78912 1.73172 1.68847 1.65615 1.81425 1.65255 3.12334 1.61445 1.55631 1.54691 1.53842 1.43808 1.47622 1.41502 1.8921 1.38828 1.38037 1.30848 1.29803 1.28462 1.2841 1.27683 1.25359 1.22358 1.18246 1.16295 1.44687 1.06899 1.33129 0.966587 0.942515 0.938013 1.22012 1.20645 0.903698 0.902013 0.900204 0.888395 0.806244
threshold=187.50000000000003 63.038461538461547 5898.4900000000007 0 1.0000000180025095e-35 1 24.500000000000004 2 318.50000000000006 3 4 104.50000000000001 38.02272727272728 21.214381881432832 10.500000000000002 9.5000000000000018 88.944444444444457 11.179999999999838 432.53000000000003 119.08333333333336 181.88000000000002 1339.3300000000002 5 6 1.9162060223365096 326.50000000000006 7 1.7689159092971671 2.8239667803544068 2.5000000000000004 2109.9650000000006 8 1.1250791148552823 1.3656029838404882 976.1450000000001 27.500000000000004 46.500000000000007 38.500000000000007 26.500000000000004 327.50000000000006 4.5000000000000009 3372.3600000000001 348.50000000000006 349.50000000000006 9 398.23000000000008 10 1277.3500000000004 6.5000000000000009 10461.670000000002 1.0000000180025095e-35 73.683333333333351 271.50000000000006 1601.4800000000002 11 18.656991406593473 140.50000000000003 12 163.50000000000003 124.50000000000001 900.2850000000002 900.41999999999985
decision_type=2 2 2 9 2 9 2 9 2 9 9 2 2 2 2 2 2 2 2 2 2 2 9 9 2 2 9 2 2 2 2 9 2 2 2 2 2 2 2 2 2 2 2 2 9 2 9 2 2 2 2 2 2 2 9 2 2 9 2 2 2 2
left_child=1 2 4 50 5 34 10 8 -8 33 25 22 48 14 -5 16 52 53 -9 26 -21 40 -7 -22 -16 -6 27 -17 29 -23 -19 -13 -12 47 35 -1 37 38 -35 54 43 -30 44 -15 -38 -26 -47 57 -4 -50 -2 -52 -11 -18 56 -56 -14 -3 -28 -31 -53 -59
right_child=3 9 12 13 6 11 7 18 -10 15 32 31 39 21 24 19 17 30 -20 20 23 28 -24 -25 45 -27 58 -29 41 59 -32 -33 -34 36 -36 -37 42 -39 -40 -41 -42 -43 -44 -45 -46 46 -48 -49 49 -51 51 60 -54 -55 55 -57 -58 61 -60 -61 -62 -63
leaf_value=-0.87746582345480995 2.3451582094805405 -0.50672294783534544 -0.30387049121715504 -1.6213212692109349 -0.37374887500289183 0.67409401659981316 -0.22078892799774097 -0.14432811479660732 0.20409273863919389 1.3033803415624026 -0.2800240025769607 0.14818032844418366 -0.53658375982475737 0.47484956694963149 0.16320730241004391 -0.58924050704788422 1.0402044176891287 -0.93653191229487232 0.0074225473268219495 -0.68014731989114585 -0.12809861359751623 2.4112359570448927 -0.11361043787628802 0.43502766321198633 -0.059750086156290828 0.08660593304452871 -0.0598922641381801 0.27936158605918709 -2.7578007442987875 -1.101100275866042 0.39887337221678953 1.6254309188302174 -0.057737309499832447 -0.68937534734251393 0.59550585802368838 -0.30663961735828527 0.061482934649138614 -0.58545341874994161 0.33483081893160932 -0.37305313951794689 -0.71013607041580418 -0.67846922680349886 -0.35116635872202695 -2.6869697777742867 0.63684319150420665 1.8902554875164517 1.0083330356712943 0.54696167974943888 -0.50273608749791054 -0.40564264184193038 -0.50882172685129834 0.77919950641082658 -0.72774322732430019 -0.72521956324512082 0.15081052821746541 -0.44983292606240827 0.048860133284394182 0.125922439814876 0.054454467546779212 -0.24931841334463911 1.7917245541582432 -0.1583685719348612
leaf_weight=41 545 105 321 52 637 248 1674 974 145 84 102 208 55 563 710 114 57 155 5290 22 500 58 804 1920 134 55 2176 48 35 37 21 611 823 22 100 237 312 38 155 29 83 21 61 22 1137 868 547 108 29 20 76 476 20 22 102 73 55 1021 2191 49 275 315
leaf_count=41 545 105 321 52 637 248 1674 974 145 84 102 208 55 563 710 114 57 155 5290 22 500 58 804 1920 134 55 2176 48 35 37 21 611 823 22 100 237 312 38 155 29 83 21 61 22 1137 868 547 108 29 20 76 476 20 22 102 73 55 1021 2191 49 275 315
internal_value=0.000219496 -0.000279152 -0.00115444 0.00277503 -0.000898385 0.00104907 -0.00135525 -0.000904341 -0.00314547 0.000758933 -0.00357253 0.00203689 -0.0055313 0.00170348 0.00252269 0.000180444 -0.00362569 -0.0068314 -0.000238968 0.00038536 0.00154397 -0.000401837 0.000379147 0.00171275 0.00280172 -0.00602837 -0.000228928 -0.005 -0.0046798 -0.00136054 -0.0103352 0.00412105 -0.00158582 0.00203073 -0.0036445 -0.00560498 0.00307436 -0.000516055 0.00145833 -0.00212934 0.000819672 -0.0118644 0.00361864 0.00172194 0.00393423 0.00374517 0.00418724 0.000845683 -0.00824397 -0.0161058 0.00516245 0.0039006 0.00373832 0.000457317 -0.000824653 0.0012633 -0.00426829 0.000424169 -2.56849e-05 -0.00758427 0.00455902 0.000815419
internal_weight=27788 23237 12633 4551 11949 2249 9700 8083 1819 10604 1617 1871 684 3179 2311 7330 359 255 6264 6971 2442 868 1052 2420 2259 692 4529 162 200 144 176 819 925 3274 378 278 1725 215 177 314 668 56 1510 585 1449 1549 1415 1549 370 49 1372 827 104 79 285 175 110 1441 4367 86 751 1336
internal_count=27788 23237 12633 4551 11949 2249 9700 8083 1819 10604 1617 1871 684 3179 2311 7330 359 255 6264 6971 2442 868 1052 2420 2259 692 4529 162 200 144 176 819 925 3274 378 278 1725 215 177 314 668 56 1510 585 1449 1549 1415 1549 370 49 1372 827 104 79 285 175 110 1441 4367 86 751 1336
cat_boundaries=0 2 4 6 8 10 12 14 16 18 20 22 24 26
cat_threshold=2214920510 33339 2199000074 5129 135230246 557364 257450881 1212508 2720138268 20608 10748177 81968 2418479170 9248 131072 258 835664 328192 16777217 16 838906048 1310848 262273 65536 512 1212416
is_linear=0
shrinkage=0.05


Tree=49
num_leaves=63
num_cat=10
split_feature=20 21 7 20 1 1 1 10 0 1 17 6 18 7 10 21 1 22 17 1 16 22 5 1 22 5 1 6 5 20 20 18 3 18 20 18 7 11 20 5 5 11 7 9 21 7 10 5 11 18 20 17 5 18 18 11 7 5 11 10 11 17
split_gain=12.864 8.21235 4.61654 4.43962 3.6826 3.49734 3.44241 3.57586 3.26191 3.23105 3.14926 3.05003 2.77707 2.23732 2.67157 2.20102 2.19566 2.18383 2.13842 1.96151 1.91766 1.86218 1.82128 1.77603 1.70346 1.69785 1.68523 1.67582 1.67097 1.76261 3.26578 2.0238 1.55302 1.76708 1.75905 1.50497 1.49925 1.49242 1.48338 1.47402 1.59763 1.38556 1.24451 1.18662 1.12408 1.0782 1.06309 1.05899 1.03185 1.32232 1.01784 1.25435 0.987215 0.972369 1.18957 0.959075 1.60895 1.06024 0.953346 0.943887 1.03251 0.936132
threshold=196.50000000000003 78.050000000000011 363.51500000000004 9.5000000000000018 0 1 2 2262.1850000000004 3 4 1.9051537683405548 5898.4900000000007 0.30118715912880994 686.32500000000016 1760.5050000000003 62.038461538461547 5 30.363079876518011 1.5279989436891468 6 0.98673443719012333 7.7327380171570583 59.500000000000007 7 22.627908033689426 177.50000000000003 8 2501.0100000000007 11.500000000000002 1.0000000180025095e-35 21.500000000000004 0.26071242218143881 9 0.21225704097312642 43.500000000000007 0.60087484932330448 236.52000000000001 646.04500000000019 42.500000000000007 72.500000000000014 183.50000000000003 1963.8350000000003 717.30500000000018 503.89500000000004 124.08333333333336 93.700000000000017 720.6600000000002 353.50000000000006 1410.0050000000003 0.21930520818718161 316.50000000000006 2.3810584830175308 322.50000000000006 0.53060702702627494 0.25689558987229938 1005.6100000000001 504.35000000000008 154.50000000000003 2584.7300000000005 1681.1400000000001 2239.6800000000007 0.91461817388736566
decision_type=2 2 2 2 9 9 9 2 1 9 2 2 2 2 2 2 9 2 2 9 2 2 2 9 2 2 9 2 2 2 2 2 1 2 2 2 2 2 2 2 2 2 2 2 2 2 2 2 2 2 2 2 2 2 2 2 2 2 2 2 2 2
left_child=1 2 6 8 55 28 32 23 18 43 39 20 21 14 16 35 -11 -16 45 50 52 -12 44 41 -13 -22 -24 -25 46 31 -31 -30 34 -34 36 -9 -1 -23 -26 -6 48 -8 -10 53 -15 -3 -4 -21 49 -41 51 -14 -7 54 -5 -2 57 -57 -48 60 -20 -42
right_child=4 3 5 9 10 11 7 15 42 13 12 24 19 22 17 -17 -18 -19 59 47 25 37 26 27 38 -27 -28 -29 29 30 -32 -33 33 -35 -36 -37 -38 -39 -40 40 61 -43 -44 -45 -46 -47 58 -49 -50 -51 -52 -53 -54 -55 -56 56 -58 -59 -60 -61 -62 -63
leaf_value=-0.065098799941228344 2.3767231032935632 -0.98242865392529011 -1.3931308434747263 -0.35737802657303758 -0.3995227463042893 -0.28519378368751036 0.089636111721751732 0.080820658127455536 -0.027885736020340526 0.066801056455434354 0.26729917252449981 -0.35459208215061855 0.59313955372338401 -0.17435280894719921 0.32776936280206287 0.28748704267073094 0.38466493240108551 -0.65408371589899572 -0.77012183198105044 1.7144804729468099 -0.10656614407687215 -2.1377631030941777 0.19900877477697954 -0.059615853622417309 0.57104170688608402 0.025296550207787941 0.69648586199842966 -0.20554431359227873 -0.050722712860603286 -0.33750950391592016 0.032134544106042287 1.162628824270556 -0.47482052848508477 -0.1240488831277741 -0.87581893489971996 -0.35592546579613288 -0.51658430160475977 0.37606677191939114 -0.55737166194174714 -0.4903408199805071 -0.58592677767777068 -0.081072011118103679 2.5719124991653843 0.0048404810466553989 0.42381926463767106 0.73611863847746772 0.3606005442784172 -1.8403967769453418 0.10002319548931596 1.730075857701145 3.2082824295576802 -1.261533120896154 0.15306836316575378 -0.33112297624689213 0.38813642207641019 -1.077364541745603 1.3222977926014901 0.96292297755236211 -0.3756355294163175 -0.88964422414950739 1.8211133580489987 -0.011952727780261796
leaf_weight=105 366 32 25 78 246 254 728 30 67 2833 295 264 229 228 120 35 1192 198 118 1175 3325 56 475 1720 27 2103 1464 527 329 272 3169 611 91 412 103 362 67 26 50 33 86 338 37 1007 227 59 43 41 171 169 152 70 23 226 125 44 583 34 61 77 27 348
leaf_count=105 366 32 25 78 246 254 728 30 67 2833 295 264 229 228 120 35 1192 198 118 1175 3325 56 475 1720 27 2103 1464 527 329 272 3169 611 91 412 103 362 67 26 50 33 86 338 37 1007 227 59 43 41 171 169 152 70 23 226 125 44 583 34 61 77 27 348
internal_value=0.000185312 -0.000261968 -0.000966704 0.000968812 0.0027623 -0.000388294 -0.00230591 -0.00163869 -0.00401786 0.00123074 0.00185289 -0.00117594 0.0030044 0.00169074 0.000998044 -0.0059593 0.00135613 -0.00334891 -0.00660601 0.00388473 -0.000891293 -0.000756579 0.00293075 -0.0010668 -0.00577762 -0.000672068 0.00359809 -0.00186394 0.000657749 0.000835424 0.00029399 0.00275716 -0.00534134 -0.0033188 -0.00855035 -0.00708861 -0.00514286 -0.00735294 0.00015625 -0.000319602 0.00066358 0.00057924 0.00327103 -0.00089717 0 0 -0.00482955 0.0049227 0.00309176 0.0054878 0.000835129 -0.000703642 -0.00495536 -0.00309606 -0.000303398 0.0053726 0.00408509 -0.00216049 -0.00186916 -0.00922222 -0.00599662 -0.00131579
internal_weight=27788 23664 15074 8590 4124 10556 4518 3740 417 8173 3097 6046 2044 6737 4343 427 4025 318 313 1667 5705 377 2394 3313 341 5428 1939 2247 4510 4381 3441 940 778 503 275 392 172 82 77 1053 807 1066 104 1436 455 91 129 1216 373 202 451 299 277 429 203 1027 661 78 104 222 145 434
internal_count=27788 23664 15074 8590 4124 10556 4518 3740 417 8173 3097 6046 2044 6737 4343 427 4025 318 313 1667 5705 377 2394 3313 341 5428 1939 2247 4510 4381 3441 940 778 503 275 392 172 82 77 1053 807 1066 104 1436 455 91 129 1216 373 202 451 299 277 429 203 1027 661 78 104 222 145 434
cat_boundaries=0 2 4 6 7 9 11 13 15 17 18
cat_threshold=2214920251 1081387 4118848530 1466529 2147673088 835857 1 2418217034 797728 537700000 217603 322584576 69760 315687653 67076 58721317 86040 2
is_linear=0
shrinkage=0.05


Tree=50
num_leaves=63
num_cat=23
split_feature=20 21 20 6 2 0 2 23 2 1 1 1 1 0 1 2 8 14 2 1 1 17 19 17 22 17 17 18 2 1 1 2 21 8 1 19 2 20 21 19 17 23 1 2 21 20 8 18 20 8 13 17 8 18 8 23 21 1 6 19 22 20
split_gain=10.9157 7.53682 4.40731 4.22939 4.28495 5.61533 20.059 10.812 6.59388 4.04835 3.51135 3.40588 3.29694 3.26191 3.10424 3.58384 3.22874 2.834 2.74587 2.49141 2.48418 2.46459 3.9885 2.39664 2.41037 2.13842 2.06473 1.87966 1.82724 1.78111 1.7755 1.75875 1.72741 1.58684 1.55364 1.51653 1.49459 1.68521 1.41629 1.41629 1.33105 1.31115 1.17148 1.12107 1.10857 1.09054 1.08268 1.03837 1.1148 1.01359 0.958703 0.930818 0.916449 0.879659 0.804658 0.800065 0.777127 0.75722 0.757057 0.698035 0.6939 0.66171
threshold=202.50000000000003 78.050000000000011 9.5000000000000018 5898.4900000000007 0 1 2 6.5000000000000009 3 4 5 6 7 8 9 10 124.83000000000001 6.5000000000000009 11 12 13 1.4736827688680629 802.86000000000013 1.9051537683405548 11.93091221803429 1.5279989436891468 0.80158027090940276 0.18155720475668163 14 15 16 17 124.08333333333336 754.27500000000009 18 1101.5250000000003 19 209.50000000000003 50.527777777777786 1402.5550000000001 2.4179791118643874 9.5000000000000018 20 21 79.211111111111123 22.500000000000004 689.27500000000009 1.8710505955593943 112.50000000000001 661.34500000000014 1.5000000000000002 1.0420580626198079 378.315 1.2926934650063944 230.29000000000002 4.5000000000000009 93.816666666666677 22 3056.7900000000004 1086.5000000000002 17.556021412357982 245.50000000000003
decision_type=2 2 2 2 1 1 1 2 1 9 9 9 9 1 9 1 2 2 1 9 9 2 2 2 2 2 2 2 1 9 9 1 2 2 9 2 1 2 2 2 2 2 9 1 2 2 2 2 2 2 2 2 2 2 2 2 2 9 2 2 2 2
left_child=1 3 13 4 11 8 7 -7 29 -8 -10 21 43 25 31 20 39 34 27 -18 32 42 -23 36 30 50 41 56 59 -6 -25 54 -16 -32 52 -22 61 49 -39 -17 -28 -13 -1 -2 -26 60 -15 48 -33 -38 -3 -47 -5 55 -4 -29 -14 -46 -56 -27 -36 -20
right_child=12 2 14 17 5 6 9 -9 10 -11 -12 26 18 46 15 16 19 -19 23 -21 35 22 -24 24 44 28 40 53 -30 -31 33 47 -34 -35 45 -37 37 38 -40 -41 -42 -43 -44 -45 57 51 -48 -49 -50 -51 -52 -53 -54 -55 58 -57 -58 -59 -60 -61 -62 -63
leaf_value=-0.089340700904332604 0.41534739574915386 -0.8848517669865954 -0.367874464609659 -0.42113883560289911 0.36702607858068864 -0.93328618132520325 0.1113170860672522 -0.043389763086897619 -0.12943139103916579 -0.12422873091828386 0.044573358124999629 -0.054389198022407381 0.88514791435110551 -0.028758663020941811 0.039562006355492188 -1.1458293166432576 0.41276378238304229 -0.42465134614703604 -0.050384372086179498 -0.0087617860628128597 0.68740210617963204 0.22804736908763901 -0.33945561547266706 -0.11972741555149896 -2.704537040992351 -0.64847941542964938 0.039170363549888343 1.9703882239744293 -0.94321148971732249 0.033939922937199989 0.85761589432813357 -0.075488713852594466 0.57567735811256926 2.4287514175385496 0.029610917757704372 0.15544299716355781 1.1783724851904447 -0.03980381689027368 -0.80193089798747652 -0.12757778775285394 0.34343868653133819 -0.49392989447909141 -0.31289902160406913 1.8166637595473114 0.53495776181218846 -0.50787702227113762 1.8213179146300904 0.64115063360850755 -0.52696823349583011 -0.31364935566701641 0.67763758974788746 -0.26864661033712528 0.090257149106555357 -0.24216590628678356 0.45808913489069492 -0.025853651990139604 -0.5871155536397229 -0.33598075925031634 -0.29651836972770201 0.14727738472291407 -0.23437279790196489 2.6074790118843527
leaf_weight=333 158 33 61 21 680 531 630 212 3723 1838 1613 176 22 57 1366 67 663 49 89 2407 1417 374 315 250 21 73 2235 432 103 446 518 317 1051 470 115 323 40 187 301 60 981 88 221 798 124 109 47 53 227 28 58 280 132 40 258 28 23 194 69 46 57 150
leaf_count=333 158 33 61 21 680 531 630 212 3723 1838 1613 176 22 57 1366 67 663 49 89 2407 1417 374 315 250 21 73 2235 432 103 446 518 317 1051 470 115 323 40 187 301 60 981 88 221 798 124 109 47 53 227 28 58 280 132 40 258 28 23 194 69 46 57 150
internal_value=0.000185312 -0.000211661 0.000953305 -0.000887911 -0.00069102 -0.00129439 -0.00300638 -0.0101356 -0.000436968 -0.000785973 -0.00117779 0.00053579 0.0026477 -0.00401786 0.00120924 0.00156441 0.000284268 -0.00452023 0.00176195 0.000626424 0.00253297 -0.00168193 0.000234827 0.000985325 0.00212816 -0.00660601 0.00134555 0.00495072 -0.00922222 0.00300702 0.00316277 -0.00139028 0.00144547 0.0040959 -0.00359135 0.00399315 -0.00120614 -0.0026362 -0.00376782 -0.00740385 0.00170861 -0.00280899 -0.00417415 0.00521156 -0.00149854 -0.00476916 0.00327103 -0.00309426 -0.00383912 0.00422535 0 -0.00634566 0.000677711 0.00596421 0.00112219 0.00658747 -0.00390625 -0.000545171 0.00223485 -0.003125 -0.00114286 0.00193452
internal_weight=27788 23915 8756 15159 14396 9673 3211 743 6462 2468 5336 4723 3873 417 8339 7354 3197 763 2917 3070 4157 1243 689 2372 1577 313 3480 545 222 1126 1238 985 2417 988 714 1740 795 556 488 127 3216 264 554 956 339 561 104 597 544 68 91 389 153 500 388 460 45 318 327 119 172 239
internal_count=27788 23915 8756 15159 14396 9673 3211 743 6462 2468 5336 4723 3873 417 8339 7354 3197 763 2917 3070 4157 1243 689 2372 1577 313 3480 545 222 1126 1238 985 2417 988 714 1740 795 556 488 127 3216 264 554 956 339 561 104 597 544 68 91 389 153 500 388 460 45 318 327 119 172 239
cat_boundaries=0 1 2 3 4 6 8 10 12 13 15 16 17 19 21 22 24 26 27 29 30 32 33 35
cat_threshold=1676 1 256 256 2492506195 66057 2723849902 1315661 2626648 561463 2214920251 1081387 1 2418216960 263200 934 384 167797265 1234960 729818223 31249 597 805831115 348290 17482752 69648 3393 294912 8241 3104 529480 524289 80 537395200 81920
is_linear=0
shrinkage=0.05


Tree=51
num_leaves=63
num_cat=27
split_feature=20 7 1 6 1 1 1 22 2 12 2 2 9 1 2 23 0 6 7 2 1 1 19 18 0 19 4 15 1 17 1 17 9 6 13 16 0 23 22 2 16 20 2 17 4 2 1 15 2 20 23 1 9 22 17 7 2 4 22 17 17 23
split_gain=10.6597 5.21311 4.29938 4.22364 7.27632 5.8406 3.50026 3.51207 3.439 2.88989 2.88794 2.65992 2.60095 2.49892 2.41364 2.41163 2.23351 2.11218 2.08361 1.99517 1.94855 1.94438 1.96547 1.88253 1.66812 1.62895 1.58726 1.58377 1.55769 1.47323 1.47279 1.44133 1.38998 1.37899 1.34378 1.33817 1.32225 1.30687 1.30453 1.2929 3.17494 1.82043 1.26608 3.49889 1.8523 1.24923 1.24207 1.21774 1.20509 1.20108 1.15353 1.40488 1.13573 1.12708 1.11122 1.07773 1.43622 1.29825 1.06467 1.0281 1.02425 1.11139
threshold=196.50000000000003 726.9100000000002 0 2501.0100000000007 1 2 3 21.214381881432832 4 1.5000000000000002 5 6 1208.6850000000002 7 8 24.500000000000004 9 5898.4900000000007 881.20500000000004 10 11 12 1941.3150000000003 1.8233818710651302 13 714.07500000000005 14 13.500000000000002 15 1.4980687380625093 16 1.9586877231193094 269.93000000000006 1376.8900000000001 1.5000000000000002 0.99995108170578118 17 4.5000000000000009 119.43197661429348 18 0.4121828247032408 39.500000000000007 19 1.4255903975964732 20 21 22 7.5000000000000009 23 23.500000000000004 17.500000000000004 24 965.45500000000004 22.627908033689426 1.9861689471146264 1166.8450000000003 25 26 59.042709086050898 0.82229620088665911 2.1849692642356122 2.5000000000000004
decision_type=2 2 9 2 9 9 9 2 1 2 1 1 2 9 1 2 1 2 2 1 9 9 2 2 1 2 9 2 9 2 9 2 2 2 2 2 1 2 2 1 2 2 1 2 9 1 9 2 1 2 2 9 2 2 2 2 1 9 2 2 2 2
left_child=1 3 9 5 11 12 7 8 32 14 28 -5 50 17 46 36 29 59 49 47 34 22 -9 -20 30 54 35 33 58 -11 31 -10 -2 -14 45 -21 -13 -36 60 41 -41 -22 43 -8 -45 -7 52 -6 -32 -15 51 -1 -3 -19 -26 57 -57 -16 -4 -12 61 -23
right_child=6 2 10 4 19 20 42 21 24 16 13 15 27 18 55 -17 -18 53 23 26 39 38 -24 -25 25 -27 -28 -29 -30 -31 48 -33 -34 -35 37 -37 -38 -39 -40 40 -42 -43 -44 44 -46 -47 -48 -49 -50 -51 -52 -53 -54 -55 -56 56 -58 -59 -60 -61 -62 -63
leaf_value=-0.013209304086257223 -0.045915334808831434 -1.3221115330490363 -0.06028621057325978 -0.31385648343967748 0.17402733927744923 0.3273497750227794 -1.9409282662350464 0.60928002405237314 0.07513762845754357 0.15595831827720522 -0.2864284298540955 -0.14034692875259741 -0.042953924842793395 -0.66865656308823729 -0.33834236758080327 -0.36853605904265485 0.42871383543941344 -0.37771725171604936 -0.45696367767203089 -0.33592180745997452 -0.0733089029227557 0.26769894427433844 -0.96089534359796935 0.057885872997498033 -0.58289539303398852 -1.3190317410323067 0.032551697908169211 0.07952195255783466 -0.24976543223989875 -0.62691061406206861 1.1039512257041113 1.9510275531811949 2.242266438524092 -0.42741565333668086 0.047799195524770965 -0.08634994760282666 -0.40809746618091758 -0.31867322780912377 0.68095369260565719 -0.68283235484628213 -0.018123290469672315 0.12945986040661595 1.4138595300818404 -0.30907302497295963 2.0724386885175123 0.077980151640307277 0.51560792313637183 -0.056275034654948722 -0.5208421590009239 0.33254641738867896 0.10862502485779563 -0.18448249209977377 0.37754191954454713 0.093905324692330094 1.4488361020054565 0.84362530403560487 0.12909599491753654 0.11688691964253373 1.511740226410301 0.33695135163256734 -1.9909614523852441 -0.4552281981032632
leaf_weight=686 49 51 483 579 711 535 52 252 224 36 33 1633 74 27 265 75 50 47 285 144 885 88 33 126 77 56 542 45 1052 101 140 390 557 238 65 572 135 30 58 112 4888 2238 1292 128 211 556 1159 189 184 125 55 1128 206 33 96 108 846 1315 38 1163 81 156
leaf_count=686 49 51 483 579 711 535 52 252 224 36 33 1633 74 27 265 75 50 47 285 144 885 88 33 126 77 56 542 45 1052 101 140 390 557 238 65 572 135 30 58 112 4888 2238 1292 128 211 556 1159 189 184 125 55 1128 206 33 96 108 846 1315 38 1163 81 156
internal_value=0.000161923 -0.000245067 0.000835871 -0.000754591 -0.00204015 -0.000239426 0.00250787 0.00124796 0.00242821 0.00191867 -0.000467153 -0.0039117 -0.00253461 0.000857181 0.00221983 -0.00288928 -0.00401316 0.00209465 -0.00184462 5.75772e-05 0.000307069 -0.00178838 0.00121644 -0.00377415 0.000752119 -0.00296336 -0.00119984 -0.00649306 -0.0020413 -0.00741071 0.00172689 0.00314992 0.00545234 -0.00777778 0.00218932 -0.00274348 -0.00248447 -0.00318878 -0.00407197 2.30457e-05 -0.000468781 0.000825096 0.00426739 0.00145421 0.00347222 0.0027308 0.00388383 0.00186199 -0.000890208 0.00290323 -0.00175614 -0.00199505 0.000416667 -0.00542169 -0.000213068 0.00124656 0.00258621 0.000410613 0.000117041 0.00266889 -0.0054497 -0.0034413
internal_weight=27788 23664 7549 16115 4580 11535 4124 2441 1773 4137 3412 2422 2226 1839 3950 1843 187 1276 563 2158 9309 668 285 411 1167 229 1258 357 1573 137 938 614 606 312 1186 716 1768 95 383 8123 5000 3123 1683 391 339 1091 1416 900 324 152 1869 1814 257 80 173 2534 954 1580 521 1196 325 244
internal_count=27788 23664 7549 16115 4580 11535 4124 2441 1773 4137 3412 2422 2226 1839 3950 1843 187 1276 563 2158 9309 668 285 411 1167 229 1258 357 1573 137 938 614 606 312 1186 716 1768 95 383 8123 5000 3123 1683 391 339 1091 1416 900 324 152 1869 1814 257 80 173 2534 954 1580 521 1196 325 244
cat_boundaries=0 2 4 6 8 9 10 11 13 14 15 16 18 20 21 22 24 26 27 28 29 30 31 33 34 36 37 38
cat_threshold=2768828177 2017427 2771255593 839858 33715748 1640868 871559360 341636 464 2377 1035 9765000 70248 904 1 1806 362086656 180290 537038848 65536 1 13 1512046630 9760 838881472 512 1 558 1616 6 2695 16 32787 1572 33562624 65668 4 1
is_linear=0
shrinkage=0.05


Tree=52
num_leaves=63
num_cat=25
split_feature=21 2 21 0 2 5 5 19 21 2 1 5 1 1 2 2 1 10 1 10 1 5 10 14 1 1 22 1 5 19 10 2 22 19 19 1 1 18 8 9 1 8 10 2 1 2 23 14 8 10 8 18 2 4 19 5 5 1 18 8 18 8
split_gain=7.48049 4.59659 3.86333 5.4427 13.5086 13.5404 8.36515 5.90738 4.81489 4.65562 4.59596 4.17916 3.66337 3.2854 3.08479 2.97736 3.28149 2.91187 2.82011 2.80003 2.70571 3.78872 3.06347 2.59625 2.18661 2.12047 2.10816 3.29174 2.32995 6.55092 2.15596 1.99901 1.955 1.82384 1.73024 2.36375 2.01086 1.61634 1.61041 1.59324 1.73064 1.57221 1.55907 1.53826 1.42667 1.9537 1.42221 1.39572 1.36885 1.36377 2.37822 1.45299 1.33359 1.3328 1.36401 1.32205 1.69203 1.32108 1.31842 1.27794 1.27086 1.53186
threshold=117.08333333333336 0 1.0000000180025095e-35 1 2 180.50000000000003 151.50000000000003 1057.1900000000001 48.516666666666673 3 4 248.50000000000003 5 6 7 8 9 628.0350000000002 10 1079.3700000000001 11 12.500000000000002 615.6600000000002 6.5000000000000009 12 13 2.2153607101590729 14 180.50000000000003 148.30500000000021 636.1500000000002 15 138.08105789622593 812.00000000000011 1425.2800000000002 16 17 0.14270484724171437 306.21500000000009 1003.4500000000002 18 300.02500000000003 647.47500000000014 19 20 21 12.500000000000002 3.5000000000000004 412.55000000000007 2934.2850000000003 1383.8450000000003 2.0557161043590901 22 23 1307.2150000000001 355.50000000000006 319.50000000000006 24 0.54518533283271797 1970.1600000000003 1.6734837666045348 1277.3550000000002
decision_type=2 1 2 1 1 2 2 2 2 1 9 2 9 9 1 1 9 2 9 2 9 2 2 2 9 9 2 9 2 2 2 1 2 2 2 9 9 2 2 2 9 2 2 1 9 1 2 2 2 2 2 2 1 9 2 2 2 9 2 2 2 2
left_child=2 25 3 7 5 6 -5 10 13 57 52 -7 58 43 24 26 49 -8 19 42 22 -22 31 47 46 41 28 -28 29 -10 -30 48 39 -29 36 -36 -18 -27 -14 -23 -41 -2 -6 -4 45 -24 -15 -16 -3 51 -51 -17 -1 -46 -55 56 -45 -9 -11 -12 -39 -62
right_child=1 20 8 4 18 11 17 9 15 12 59 -13 38 14 23 16 34 -19 -20 -21 21 32 44 -25 -26 37 27 33 30 -31 -32 -33 -34 -35 35 -37 -38 60 -40 40 -42 -43 -44 55 53 -47 -48 -49 -50 50 -52 -53 -54 54 -56 -57 -58 -59 -60 -61 61 -63
leaf_value=0.42280698909678804 -0.53653557044539013 0.58741273267041483 0.057119778777961108 -0.4316809119867106 -0.42232589237895601 2.584548929837716 -0.80902294358382199 -0.1472944726200609 -1.7487181739937587 0.27673035220225106 1.1775298798720646 -0.72332472183379515 -0.46643133053519598 -0.1340778762813338 -0.099361417067240609 0.032369674587442714 -0.13311194427900902 -1.7679689921246244 0.26048285065543164 -0.76505070532589969 -1.0285147087859525 0.41142222293224462 0.58310309974421137 -0.37710656094407197 -0.31157257394607429 -0.37738212997718112 0.46805414470904405 0.1862806471883845 -1.125844166516268 0.047146549873178505 0.28981266379935244 -0.54308911224746204 -0.65269617673684133 -0.17651285795334948 -0.38107242234429883 -0.0072093347845129333 -0.032185525993906693 1.218505096156963 -0.15751464500466988 -0.021098968784403028 1.1682428174029706 0.53595483485200546 0.65001083724672337 -0.067315934693637933 -0.69743026355794935 -0.086135572808856864 0.083506657179953869 0.045608434630544051 -0.63204154602509566 -0.27963322857561751 0.24021661355120172 0.29123799365580505 -0.47916772573270183 0.51204928658760829 -0.46836547303873205 -0.41901225648276458 0.14546490939352222 1.0273771473583975 -0.73933682628917596 -0.30451511817195781 -0.55359137208438958 2.7325586467106384
leaf_weight=214 63 146 422 149 127 99 59 102 49 976 1350 99 278 192 1011 1916 865 106 791 84 63 1216 961 35 657 31 594 836 31 113 291 475 117 274 412 339 3652 997 1552 112 456 279 108 1798 148 629 88 238 81 128 118 258 170 228 32 22 189 779 41 76 40 26
leaf_count=214 63 146 422 149 127 99 59 102 49 976 1350 99 278 192 1011 1916 865 106 791 84 63 1216 961 35 657 31 594 836 31 113 291 475 117 274 412 339 3652 997 1552 112 456 279 108 1798 148 629 88 238 81 128 118 258 170 228 32 22 189 779 41 76 40 26
internal_value=0.000156525 0.00170408 -0.000276612 0.00067011 -0.00186154 -0.00847619 -0.0150631 0.00142122 -0.00074668 0.000268025 0.00376448 0.00136816 -0.000703671 -0.00207304 -0.00346352 -0.000116409 -0.00058434 -0.0228423 0.0012244 -0.00259789 0.000919393 0.00232676 -9.21489e-05 -0.00177332 -0.00567105 0.00417529 0.00149932 0.00234329 -0.0013347 -0.00621212 0.001 -0.00294326 0.00276392 0.000645592 -0.00128763 -0.00353117 -0.000904314 0.00526197 -0.00204829 0.0031897 0.00542907 0.000492958 0 -0.00076207 0.000887056 0.00157517 -0.00153584 -0.00134784 0.00078125 0.000924784 -0.00251004 0.00134359 -0.00100756 -0.00166271 0.0003663 -0.00135386 -0.00118719 0.00342562 0.00166262 0.00505559 0.0056637 -0.000362319
internal_weight=27788 6100 21688 7160 1622 512 314 5538 14528 3728 1810 198 2847 4652 2221 9876 7688 165 1110 319 4664 1964 2700 1284 937 1436 2188 1704 484 162 322 702 1901 1110 5268 751 4517 1094 1830 1784 568 342 235 2431 1998 1590 280 1249 227 2420 246 2174 384 408 260 2009 1987 881 1017 1426 1063 66
internal_count=27788 6100 21688 7160 1622 512 314 5538 14528 3728 1810 198 2847 4652 2221 9876 7688 165 1110 319 4664 1964 2700 1284 937 1436 2188 1704 484 162 322 702 1901 1110 5268 751 4517 1094 1830 1784 568 342 235 2431 1998 1590 280 1249 227 2420 246 2174 384 408 260 2009 1987 881 1017 1426 1063 66
cat_boundaries=0 1 2 3 4 6 8 10 11 12 14 16 18 20 22 24 25 27 29 31 32 34 35 36 37 39
cat_threshold=384 1 2305 780 53126184 1147908 111477713 57406 4056974434 1315347 450 1792 2406859283 1127617 791141 266768 838272706 1320120 33821192 16384 2150781507 283648 286322843 286721 546 805830784 540688 136228 262438 34078721 32768 130 540017282 262288 613 2977 5 2147651664 16
is_linear=0
shrinkage=0.05


Tree=53
num_leaves=63
num_cat=14
split_feature=20 21 20 0 6 1 1 1 18 5 8 17 0 5 5 1 6 5 1 20 20 5 17 5 1 4 19 5 23 5 17 19 10 8 4 1 10 11 19 1 20 18 0 11 1 17 5 23 5 10 8 17 11 20 5 10 5 8 21 5 21 23
split_gain=10.5689 6.62309 4.53116 3.52432 3.48788 3.32392 2.92802 2.68931 2.5823 2.50478 2.18781 2.16191 5.12203 5.10024 4.48671 2.89174 2.29432 1.91246 1.68597 1.56745 1.49969 1.88518 1.95457 1.48532 2.10219 1.45753 1.41255 1.40927 1.39293 1.38062 2.39019 1.23728 1.18005 1.13248 1.10279 1.08362 1.06865 1.76739 1.05249 1.68213 0.951464 0.944697 0.942929 1.17224 0.915158 0.874421 0.917343 0.843387 0.84301 0.841797 0.807612 0.785989 0.735455 0.746942 0.744017 0.717949 0.667004 0.641109 0.639974 0.625161 0.568565 0.546004
threshold=202.50000000000003 87.071428571428584 9.5000000000000018 0 13071.820000000002 1 2 3 1.8477200211114713 9.5000000000000018 828.86000000000013 1.5716950004904213 4 180.50000000000003 133.50000000000003 5 3056.7900000000004 163.50000000000003 6 78.500000000000014 258.50000000000006 255.50000000000003 2.1849692642356122 143.50000000000003 7 8 1901.3400000000004 10.500000000000002 4.5000000000000009 80.500000000000014 1.9861689471146264 2109.9650000000006 257.29500000000002 1492.0550000000005 9 10 3984.8800000000006 10461.670000000002 366.27000000000004 11 112.50000000000001 1.6734837666045348 12 2836.1200000000003 13 2.2247413645275409 156.50000000000003 3.5000000000000004 349.50000000000006 1170.3750000000002 1901.4150000000002 1.7358949984861753 930.29500000000019 321.50000000000006 150.50000000000003 1146.4700000000003 353.50000000000006 1543.4850000000004 133.10000000000002 159.50000000000003 134.41666666666671 1.5000000000000002
decision_type=2 2 2 1 2 9 9 9 2 2 2 2 1 2 2 9 2 2 9 2 2 2 2 2 9 9 2 2 2 2 2 2 2 2 9 9 2 2 2 9 2 2 1 2 9 2 2 2 2 2 2 2 2 2 2 2 2 2 2 2 2 2
left_child=1 4 3 31 6 20 33 8 32 19 25 15 14 -14 -13 16 -8 -17 -12 -9 21 29 51 24 28 -11 27 -22 42 30 -2 45 -4 34 44 -36 -6 -38 50 49 -34 59 43 -7 -1 46 -3 48 -29 58 -25 -23 54 -54 -28 -5 61 -47 -40 -35 -24 -41
right_child=5 2 7 55 36 23 11 9 -10 10 18 12 13 -15 -16 17 -18 -19 -20 -21 26 22 60 38 -26 -27 52 47 -30 -31 -32 -33 40 41 35 -37 37 -39 39 56 -42 -43 -44 -45 -46 57 -48 -49 -50 -51 -52 -53 53 -55 -56 -57 -58 -59 -60 -61 -62 -63
leaf_value=0.098487824790939982 -0.65886168346738683 -0.28215585051188369 -0.64885142028903209 0.012180127143256404 -0.3453193285245072 1.2691780725313042 0.0031780894916907166 -1.1881189648432546 1.6710600457182174 0.40603241304539495 0.13260244873225366 -0.083759321160274958 -0.26627925772866451 0.029024982871640681 0.14153937975056483 -0.24546520439842967 -0.12578090418405993 -0.086949548057354289 0.59441183663454444 -0.14895542872691636 -0.96471136635575361 -0.64511131825326196 -2.7269706364443511 2.0015586986022922 1.5392624417412031 0.09244651329590213 -3.1132777560674767 1.9289440245865788 -1.4776658243319183 0.61551979620966901 0.75569797730157695 0.55536139814349095 -0.001068494822520094 -0.50496195424190982 0.082244707949633886 0.17666817115778102 -0.35909070648434815 -0.34645006691607805 -0.067097408410630874 1.9879982603249495 -0.33944410766352839 0.15280123786307201 -0.72717508736276815 -1.9580143546225146 -0.080849353180891995 -0.8936656801912678 -1.378976824334746 -0.69130528992729501 -1.3295943804537833 3.2069044829532771 0.74007922946918048 0.464459378970345 -0.76841457482012943 3.0087114093376766 0.019102819004530328 1.3958573926065752 -1.1800637848514324 -0.70280655816938276 -2.2504356858539309 -0.98864874436086869 -0.69381881135803669 0.2627854603694903
leaf_weight=292 96 99 32 52 24 467 2484 29 45 921 420 2613 1349 865 2823 1353 1166 1334 1443 80 20 94 30 390 335 3491 35 704 25 251 85 24 399 44 913 421 27 28 60 519 324 40 125 41 567 70 53 26 27 24 36 109 26 34 31 36 43 29 33 25 32 175
leaf_count=292 96 99 32 52 24 467 2484 29 45 921 420 2613 1349 865 2823 1353 1166 1334 1443 80 20 94 30 390 335 3491 35 704 25 251 85 24 399 44 913 421 27 28 60 519 324 40 125 41 567 70 53 26 27 24 36 109 26 34 31 36 43 29 33 25 32 175
internal_value=0.000160124 -0.000230475 0.000991722 -0.00440574 -0.000797141 0.0025832 -0.000741929 0.00127313 -0.00141451 0.00161795 0.00175812 -0.00101518 -0.000441004 -0.00246955 0.000376908 -0.0017015 -0.000757576 -0.00294907 0.00320874 -0.00569196 0.000774954 -0.000910714 -0.0042444 0.00381124 0.00227159 0.0011325 0.00213852 0.00296474 0.000484352 0.00103448 -0.00210598 -0.00723921 -0.00219327 0.000896328 0.00116689 0.00206013 -0.011128 -0.0148707 0.00498831 0.00382147 -0.00167011 -0.00390625 0.00104167 0.00205479 -0.000186353 -0.00831693 -0.00516129 0.00337171 0.00372956 -0.00144231 0.00716783 -0.00151699 -0.00251938 0.000793651 -0.00615942 0.00384615 0.00468333 -0.0123775 -0.00403646 -0.00746528 -0.0119231 0.00512912
internal_weight=27788 23915 7547 363 16368 3873 16289 7184 800 6384 6275 13987 7650 2214 5436 6337 3650 2687 1863 109 1600 697 265 2273 993 4412 903 777 658 432 181 275 755 2302 2193 1334 79 55 1280 854 723 109 633 508 859 251 152 757 731 117 426 203 126 60 66 88 737 99 93 69 62 694
internal_count=27788 23915 7547 363 16368 3873 16289 7184 800 6384 6275 13987 7650 2214 5436 6337 3650 2687 1863 109 1600 697 265 2273 993 4412 903 777 658 432 181 275 755 2302 2193 1334 79 55 1280 854 723 109 633 508 859 251 152 757 731 117 426 203 126 60 66 88 737 99 93 69 62 694
cat_boundaries=0 1 3 5 7 8 10 12 14 15 16 18 20 21 23
cat_threshold=1 838001728 332932 1435598913 1204288 2418249792 1572896 1 2720544258 267401 176423949 262160 34082953 49690 48 5 269516801 155648 564 16 1 268468224 147456
is_linear=0
shrinkage=0.05


Tree=54
num_leaves=63
num_cat=11
split_feature=20 21 6 1 7 1 19 20 8 1 1 1 0 6 17 7 1 23 17 5 18 21 1 21 17 1 20 8 21 8 16 18 19 21 21 7 7 5 1 17 18 5 20 23 21 8 5 5 7 20 5 1 18 7 23 7 20 17 17 18 8 16
split_gain=8.34575 5.52903 3.64572 3.38816 3.31718 4.11389 3.13823 3.00622 3.10207 3.60101 3.01375 2.7681 2.76553 2.67893 2.43789 2.39077 2.28159 2.25748 2.81527 2.28185 1.96513 1.90459 1.80117 2.25274 1.51661 1.42484 1.40804 1.40432 1.5497 1.33009 1.40367 1.25681 1.23728 1.17494 2.23608 1.15179 1.13785 1.12649 1.28404 1.39271 1.07114 1.20228 1.24111 1.169 1.05369 1.01 0.983498 1.30764 0.959591 0.932701 0.931664 1.45179 0.966253 0.910533 0.907026 0.896059 0.893369 0.874421 0.847376 0.842817 0.836485 0.823716
threshold=202.50000000000003 77.683333333333351 13071.820000000002 0 985.63 1 1941.3150000000003 9.5000000000000018 661.34500000000014 2 3 4 5 2501.0100000000007 1.8831170391533443 936.58500000000015 6 7.5000000000000009 2.7897346758907386 199.50000000000003 2.0904134729569259 87.071428571428584 7 95.225000000000009 1.8662752725601452 8 210.50000000000003 504.3300000000001 82.612500000000011 1277.3550000000002 1.2131583786053866 0.54018391279867706 2109.9650000000006 24.513888888888893 74.190909090909102 769.42500000000007 -1.0000000180025095e-35 50.500000000000007 9 1.6327310423004808 0.30118715912880994 202.50000000000003 252.50000000000003 2.5000000000000004 89.464285714285737 436.56500000000005 29.500000000000004 277.50000000000006 352.87500000000006 114.50000000000001 153.50000000000003 10 0.22573415561107793 436.56500000000005 4.5000000000000009 598.84500000000014 224.50000000000003 2.2247413645275409 2.11035520728332 1.5831916405772068 1492.0550000000005 2.7000005671441598
decision_type=2 2 2 9 2 9 2 2 2 9 9 9 1 2 2 2 9 2 2 2 2 2 9 2 2 9 2 2 2 2 2 2 2 2 2 2 2 2 9 2 2 2 2 2 2 2 2 2 2 2 2 9 2 2 2 2 2 2 2 2 2 2
left_child=1 2 4 24 11 14 20 12 10 44 27 17 21 15 25 -13 -15 18 -1 -19 -7 -3 23 -12 26 -6 -2 31 -29 30 -11 -9 57 50 35 -35 -24 55 39 -39 -26 43 58 53 54 -14 -28 -48 -49 -46 51 -5 -53 -42 -10 56 -36 -23 -43 -40 -16 -31
right_child=3 7 -4 33 5 6 -8 8 9 29 22 13 45 16 60 -17 -18 19 -20 -21 -22 32 36 -25 40 -27 46 28 -30 61 -32 -33 -34 34 37 -37 -38 38 59 -41 41 42 -44 -45 49 -47 47 48 -50 -51 -52 52 -54 -55 -56 -57 -58 -59 -60 -61 -62 -63
leaf_value=-0.28888064967288773 0.45266310877817945 0.40261164941594019 -0.3445862120448458 -1.4783833885192776 -0.19587963478687859 0.094033015978646092 -0.46765433409182883 -0.038530941743091775 -1.0895775506601602 -0.44454386904122267 -0.19286696796469185 0.0056325712961386998 -0.21810283407626738 -0.16540408606684975 0.79616682979185072 -0.75287135863025345 0.0023388333574403618 -0.091866363160671816 -0.083498507676450562 0.067184315257630009 -0.15937798500188866 -0.63811949131784773 -0.88248468184494477 0.105307139607282 -0.11999229819111293 0.065174995482760428 -0.97031115683368163 -0.91165093887618454 0.27212294998577252 1.7438798960101352 0.35964989814338183 -0.49228985963001615 0.52759332823631644 -1.6828704586308163 0.20787560200286795 0.29930106901809456 0.27398958541604301 -0.34755764173809783 1.700280122684577 0.90921731015500884 -0.057283713901469295 0.061525380275361391 1.4963066311383204 -0.65969111268035996 0.2750253503052697 1.4906926891819667 0.064505460140013682 -0.23496176834262583 -1.325613364827759 -0.18123088532420706 1.9653252988388126 -1.1571334654203362 2.6087762001363082 2.8416326116048283 -0.032202147706240324 0.85788429322300352 -1.3650241937795429 -0.74290374952489302 -1.2938964203416896 -1.673440552660753 0.14115535678322785 0.67871755275867862
leaf_weight=1342 66 40 78 102 112 969 186 169 61 22 792 5760 32 1878 706 80 1046 707 944 328 412 152 24 2196 207 331 57 28 178 91 2128 320 24 47 26 30 1189 125 460 439 70 88 182 58 311 73 264 63 74 344 559 47 300 365 81 111 45 99 64 24 207 475
leaf_count=1342 66 40 78 102 112 969 186 169 61 22 792 5760 32 1878 706 80 1046 707 944 328 412 152 24 2196 207 331 57 28 178 91 2128 320 24 47 26 30 1189 125 460 439 70 88 182 58 311 73 264 63 74 344 559 47 300 365 81 111 45 99 64 24 207 475
internal_value=0.000133137 -0.000213751 -0.000796938 0.00228651 -0.000736127 0.000764696 -0.000957278 0.000777004 0.000988172 0.00212244 0.000163299 -0.00110337 -0.00330969 -0.000626638 0.00277575 0 -0.00186197 -0.00233578 -0.00322193 -0.000349229 -9.93497e-05 -0.00569969 0.000679283 0 0.000429663 -0.000140135 -0.00170778 -0.00284251 0.000358852 0.00298644 0.0023804 -0.00434451 -0.00723921 0.00349549 0.00243321 -0.00546875 0.00229405 0.00298054 0.0036156 0.0017331 0.00156702 0.00239458 0 0.00395665 -0.000787037 0.00335648 -0.00276573 -0.00170173 -0.005625 0 0.00484669 0.00290376 0.00440972 0.00488014 -0.00465517 -0.000405405 -0.00489865 -0.00831693 -0.00322581 0.0055332 0.00427129 0.00522847
internal_weight=27788 23915 15086 3873 15008 2923 1567 8829 8409 3513 4896 12085 420 8764 1356 5840 2924 3321 2286 1035 1381 315 4201 2988 1558 443 524 695 206 2716 2150 489 275 2315 1307 77 1213 1230 1048 564 1034 827 334 493 797 105 458 401 137 655 1008 449 347 435 142 182 71 251 152 484 913 566
internal_count=27788 23915 15086 3873 15008 2923 1567 8829 8409 3513 4896 12085 420 8764 1356 5840 2924 3321 2286 1035 1381 315 4201 2988 1558 443 524 695 206 2716 2150 489 275 2315 1307 77 1213 1230 1048 564 1034 827 334 493 797 105 458 401 137 655 1008 449 347 435 142 182 71 251 152 484 913 566
cat_boundaries=0 2 4 6 8 10 11 13 15 17 19 21
cat_threshold=569558080 464004 628806681 1065130 310870029 787492 2149716522 1124384 141186844 557500 1 2777972768 283136 553919680 415363 528408 16416 301990542 539 2148012032 16384
is_linear=0
shrinkage=0.05


Tree=55
num_leaves=63
num_cat=9
split_feature=20 1 16 7 1 17 17 5 20 1 1 20 7 0 7 1 16 17 20 18 1 20 17 1 11 22 5 1 23 6 18 5 5 16 8 10 11 20 18 6 22 18 20 5 11 6 17 18 9 18 7 10 6 15 7 11 17 5 6 20 5 5
split_gain=7.58584 4.11479 3.89922 3.85728 3.81072 3.14061 2.87294 2.73085 2.97005 2.81841 2.56867 2.34352 2.29033 2.18119 2.0577 3.25073 2.03588 2.07896 2.08321 2.04296 1.93955 1.91702 1.84988 1.81544 1.79071 1.76238 2.04942 2.02818 1.53629 1.52483 2.74013 1.49711 1.45507 1.35674 1.29634 1.17824 1.83412 1.35207 1.15576 1.05049 0.910858 1.4379 1.03686 0.896168 0.887903 0.846171 0.840796 0.805199 0.785061 0.880022 1.57089 0.786046 0.783537 0.745298 0.720639 1.00651 0.70837 1.55373 0.704037 0.68641 0.68181 0.66672
threshold=139.50000000000003 0 1.0519424441098655 -1.0000000180025095e-35 1 1.8741146742062493 0.63582554949437731 11.500000000000002 71.500000000000014 2 3 29.500000000000004 -434.39999999999992 4 985.63 5 0.36811305843325343 1.482243933635824 64.500000000000014 0.798976793514793 6 23.500000000000004 1.2976277979716879 7 398.23000000000008 7.7327380171570583 244.50000000000003 8 4.5000000000000009 1376.8900000000001 0.89198110217827409 80.500000000000014 201.50000000000003 0.98673443719012333 341.31500000000005 2690.4700000000007 3476.5900000000006 168.50000000000003 0.84395559304538215 2012.74 18.184700523333635 2.4537066013769748 60.500000000000007 86.500000000000014 3825.3200000000011 1376.8900000000001 0.67109877190641354 1.3792499246489391 1530.4950000000001 0.32271798864529455 180.01500000000001 1.0000000180025095e-35 5620.6000000000013 13.500000000000002 598.84500000000014 1005.6100000000001 1.2748584559048839 3.5000000000000004 3372.3600000000001 447.50000000000006 9.5000000000000018 269.50000000000006
decision_type=2 9 2 2 9 2 2 2 2 9 9 2 2 1 2 9 2 2 2 2 9 2 2 9 2 2 2 9 2 2 2 2 2 2 2 2 2 2 2 2 2 2 2 2 2 2 2 2 2 2 2 2 2 2 2 2 2 2 2 2 2 2
left_child=2 22 3 12 11 10 29 8 45 24 48 21 -1 25 20 -16 31 18 -18 -19 -11 53 43 47 -9 27 28 -7 -27 -4 58 46 33 -13 -29 36 39 -38 -26 -12 42 -42 -32 -2 -34 -8 -6 59 49 50 -3 -51 -33 -5 55 -25 60 -58 -31 -15 -10 -45
right_child=1 5 6 4 16 13 7 9 56 14 35 32 -14 23 15 -17 17 19 -20 -21 -22 -23 -24 54 38 26 -28 34 -30 30 40 52 44 -35 -36 -37 37 -39 -40 -41 41 -43 -44 61 -46 -47 -48 -49 -50 51 -52 -53 -54 -55 -56 -57 57 -59 -60 -61 -62 -63
leaf_value=-0.15882535050512289 0.765678612085123 0.56279244179841637 0.069857911714907364 -0.35844923655221417 -0.95235635480255498 1.8012785174262476 0.14727484071533717 -0.45613540855630846 0.58407519117488005 -0.019748803838670437 -0.43012911176629037 -0.30636219614537552 -0.62383985841035572 -0.84656561827851895 -0.035535479482167752 0.26737586852225775 -0.11537642349903164 -0.10634746055209046 -0.58287994913269181 0.0747975145489682 0.084692435666203464 -0.45462447969329234 1.1247576057360846 0.30790838367482681 0.0067579253583051726 0.94089244170799446 -0.42267195601840674 -1.3730533740172068 -1.1033701985714035 -0.31048113666855354 -0.29134761347946203 0.32159983869094488 0.065021671120634575 -0.019947727870713194 0.98950755838046267 1.7986584303801534 -1.5620278557628873 -0.41521344265653881 -0.082357192389343054 -0.03327578705120722 -0.69473415135048489 0.079229480118487947 0.20295250327596268 -0.81544573379955065 -0.10988443662056513 -0.50093176737370215 0.030761625565611708 1.4491571678627357 -1.0536559641161376 2.2570697929454613 -0.87419715173602031 0.10833546274406275 -0.30381416901156477 0.17297429075341128 1.3718406113786963 -2.0766511754857464 -2.249501302603671 0.30330958816529546 0.083487085147860726 7.1683480167164149 -0.029137901396974988 0.22771850376931493
leaf_weight=60 87 110 86 76 28 534 23 100 38 7931 276 481 102 172 1232 1654 436 332 51 364 2719 23 1025 269 1368 429 208 47 35 85 23 371 179 170 1238 24 33 48 1679 536 163 23 39 85 119 212 55 26 47 76 54 1651 29 26 146 21 20 65 115 22 30 82
leaf_count=60 87 110 86 76 28 534 23 100 38 7931 276 481 102 172 1232 1654 436 332 51 364 2719 23 1025 269 1368 429 208 47 35 85 23 371 179 170 1238 24 33 48 1679 536 163 23 39 85 119 212 55 26 47 76 54 1651 29 26 146 21 20 65 115 22 30 82
internal_value=0.000131337 0.00151874 -0.000358971 -0.0020568 -0.00158585 0.000951787 -7.59598e-05 3.4409e-05 -0.00409207 0.000134094 -0.000231805 -0.00388684 -0.00954545 0.00204365 0.000450218 0.00163551 -4.46694e-05 -0.00119098 -0.00369898 0.000500715 0.000124378 -0.0104492 0.00409249 -0.000455235 -0.00120649 0.00272153 0.000444444 0.00353321 0.00235546 -0.00367784 -0.00487805 0.00264918 -0.00298057 -0.00430046 0.00232088 -0.00240591 -0.00277623 -0.00997024 -0.000971311 -0.00196319 -0.00836653 -0.0101852 -0.00192308 9.72763e-05 0 -0.00761555 -0.00305233 -0.00407725 0.00078165 0.000970169 -0.00239521 0.00132225 0.00397022 -0.00642857 0.0013363 0 0.00104167 -0.0015625 -0.000246305 -0.00545685 0.00492958 -0.00183824
internal_weight=27788 7281 20507 2902 2740 6002 17605 17071 388 16683 2855 1074 162 3147 13536 2886 1666 1183 487 696 10650 125 1279 656 3147 2491 672 1819 464 534 448 483 949 651 1285 917 893 81 3047 812 248 186 62 254 298 235 83 220 1938 1891 164 1727 400 102 436 290 153 85 200 194 68 167
internal_count=27788 7281 20507 2902 2740 6002 17605 17071 388 16683 2855 1074 162 3147 13536 2886 1666 1183 487 696 10650 125 1279 656 3147 2491 672 1819 464 534 448 483 949 651 1285 917 893 81 3047 812 248 186 62 254 298 235 83 220 1938 1891 164 1727 400 102 436 290 153 85 200 194 68 167
cat_boundaries=0 2 4 6 8 9 11 13 15 17
cat_threshold=1174472502 131371 2197820051 98609 138806828 1316102 940851329 1396880 1 3531669699 590401 540570000 608944 1048705 283136 268439752 262656
is_linear=0
shrinkage=0.05


Tree=56
num_leaves=63
num_cat=18
split_feature=20 7 10 7 13 1 6 12 0 1 2 10 19 6 1 0 17 2 8 2 7 2 17 1 5 20 1 5 1 19 4 1 17 19 8 19 17 1 4 23 11 20 23 8 7 10 5 20 19 7 2 7 11 10 11 19 7 5 0 17 5 7
split_gain=6.6721 3.88987 5.37957 3.52983 5.31572 3.62736 3.85496 3.39544 3.13433 3.09409 3.47891 2.67384 2.55324 2.54352 2.38365 2.2747 2.32131 2.2707 2.19491 3.90814 2.13873 2.12295 2.11519 1.99972 1.94017 1.77735 1.71095 1.58963 2.80254 1.55901 1.30981 1.2971 1.26836 1.26176 1.18406 1.15167 1.04413 1.01163 1.1219 1.03916 0.963082 0.883466 1.38982 0.866189 0.849129 1.11503 0.834467 0.760385 1.17919 0.935718 0.906051 1.08869 0.62122 0.600881 0.572322 0.570977 0.544584 0.765676 0.531892 0.720756 0.524451 0.516329
threshold=258.50000000000006 726.9100000000002 2630.7650000000003 -1.0000000180025095e-35 1.5000000000000002 0 2501.0100000000007 1.5000000000000002 1 2 3 1343.3950000000002 3719.2950000000014 13071.820000000002 4 5 1.4980687380625093 6 490.31 7 945.40500000000009 8 1.2917813612966189 9 3.5000000000000004 38.500000000000007 10 286.50000000000006 11 2631.150000000001 12 13 1.5098423902557407 136.21000000000006 575.75500000000011 916.14500000000021 1.3597379919942141 14 15 1.0000000180025095e-35 3306.7850000000003 281.50000000000006 1.5000000000000002 554.27500000000009 -434.39999999999992 1.0000000180025095e-35 348.50000000000006 337.50000000000006 520.15499999999997 582.12500000000011 16 904.92000000000019 1015.3900000000001 1298.5450000000003 4535.4100000000008 1518.405 145.52500000000001 312.50000000000006 17 2.11035520728332 242.50000000000003 360.64000000000004
decision_type=2 2 2 2 2 9 2 2 1 9 1 2 2 2 9 1 2 1 2 1 2 1 2 9 2 2 9 2 9 2 9 9 2 2 2 2 2 9 9 2 2 2 2 2 2 2 2 2 2 2 1 2 2 2 2 2 2 2 1 2 2 2
left_child=1 2 3 4 44 27 14 9 -8 10 11 -3 21 17 -7 16 -9 34 19 22 -13 26 -2 47 -12 32 -11 31 -29 46 -23 -5 -19 -18 54 -35 -26 61 39 55 -36 -24 -43 52 45 -1 58 48 -20 -50 51 -49 -6 -46 -4 -39 -40 -58 -25 -60 -51 -21
right_child=18 7 13 5 43 6 8 15 -10 12 24 20 -14 -15 -16 -17 33 25 23 37 -22 30 41 29 36 -27 -28 28 -30 -31 -32 -33 -34 35 40 -37 -38 38 56 -41 -42 42 -44 -45 53 -47 -48 50 49 60 -52 -53 -54 -55 -56 -57 57 -59 59 -61 -62 -63
leaf_value=0.31922762054618747 -2.0759771488453551 1.2663202580744766 0.064093194877140297 -0.022462920958955745 0.85749721340082208 0.0096820160923687844 -0.14978037625842561 0.15775103916396677 -0.81146937838172295 0.27169323372892612 -1.2619088181850318 -0.014620840634055554 -0.49456984272086135 -0.31974400918064894 -0.10868632589227048 0.24620034037710603 -0.77862724633392855 -0.031935463534315603 0.96817303253166964 4.4012355778124501 0.34672106791936558 0.045696668917149769 1.0125769535527216 2.7849389377673348 -0.055037649211280563 -0.3355310075194351 -0.080711269870229529 0.02759500642600159 0.36930263355988546 -0.88087478633193117 -0.20170882554015052 0.089621498082350481 -0.2262182917828012 0.0063136985125353375 -0.55768142755755679 -0.61846028508587725 0.16377187587302303 3.1180283834747753 0.57693919195846455 -0.77546651503422481 0.091892673838687919 -0.41195682931031963 -2.5137956250848066 2.028274291245785 -0.62433291604626939 -0.78596260875328205 -1.0004118332037 -2.4359758270590839 1.0648104224792501 -1.0273342015970941 2.9477947637467552 2.9407999591044529 -0.67602745120102858 -0.085510819584724826 -0.28663057037810058 -1.0817025582833828 2.5978618723672362 0.15525049986991402 -0.38583563206130073 2.9223318838460686 -3.9498608209658479 2.0247654491105074
leaf_weight=27 22 558 37 3722 28 5277 1766 71 93 1101 27 529 78 36 1357 93 71 398 134 69 1145 676 42 792 683 246 551 715 522 31 930 2188 222 50 24 62 1747 44 83 61 184 147 28 61 144 41 28 48 28 49 111 69 25 22 77 25 102 44 58 115 32 42
leaf_count=27 22 558 37 3722 28 5277 1766 71 93 1101 27 529 78 36 1357 93 71 398 134 69 1145 676 42 792 683 246 551 715 522 31 930 2188 222 50 24 62 1747 44 83 61 184 147 28 61 144 41 28 48 28 49 111 69 25 22 77 25 102 44 58 115 32 42
internal_value=0.000102551 -0.000123109 -0.000554749 -0.000306422 -0.00527066 -0.000191779 -0.000892017 0.000758209 -0.00290682 0.000973156 0.00179977 0.0032294 -0.000179158 -0.00374898 -0.000320175 -0.00403571 -0.00651751 -0.00327456 0.00274128 0.00036868 0.00219141 2.29991e-05 -0.0046131 0.00383011 0.000470648 -0.00457907 0.00129129 0.000633729 0.00226815 0.00506268 -0.00125077 0.000283274 -0.00304976 -0.00947581 0.000223881 -0.00521739 0.000647349 0.00305383 0.00144489 -0.00192308 0.00260664 -0.00289773 -0.00456461 0.00320513 -0.00959916 -0.00352113 0.00548444 0.000903926 -0.000863821 -0.00479911 0.0030303 0 -0.000669643 -0.0116864 -0.00363248 0.0015625 0.00356405 0.00553691 0.00574638 0.00262784 -0.00758929 0.00715726
internal_weight=27788 25584 17212 15988 348 15640 8493 8372 1859 8025 4689 2232 3336 1224 6634 347 254 1188 2204 709 1674 3258 239 1495 2457 866 1652 7147 1237 1024 1606 5910 620 183 322 112 2430 470 359 130 208 217 175 114 234 68 993 471 243 109 228 117 53 166 114 69 229 146 965 173 81 111
internal_count=27788 25584 17212 15988 348 15640 8493 8372 1859 8025 4689 2232 3336 1224 6634 347 254 1188 2204 709 1674 3258 239 1495 2457 866 1652 7147 1237 1024 1606 5910 620 183 322 112 2430 470 359 130 208 217 175 114 234 68 993 471 243 109 228 117 53 166 114 69 229 146 965 173 81 111
cat_boundaries=0 2 3 5 6 8 9 10 11 12 14 16 18 19 21 23 24 25 26
cat_threshold=3602220483 189003 1 2768826943 968843 1992 558366776 856208 1 3592 2641 694 2427121665 327832 9765248 1053264 311690433 16386 56 2147779970 513 524417 49168 9 2345 1
is_linear=0
shrinkage=0.05


Tree=57
num_leaves=63
num_cat=19
split_feature=20 21 2 1 2 1 10 1 1 10 7 4 1 1 7 2 5 1 20 9 2 1 20 16 1 5 16 1 20 1 1 22 19 16 4 22 1 15 8 10 19 20 21 21 5 22 5 5 9 21 7 8 10 22 20 22 20 7 21 19 21 16
split_gain=6.20426 5.47375 4.30966 4.04684 2.76594 4.2355 3.23665 3.94345 3.04925 2.61855 2.50334 2.38441 2.17272 2.16988 2.15521 2.48129 1.93084 2.80117 1.91745 2.0976 2.62598 2.50918 1.84504 1.80313 1.78357 1.74789 1.6827 1.68238 1.62663 1.48613 1.46577 1.46386 1.46379 1.59723 1.43411 1.41884 2.87515 1.38233 1.34563 1.32706 1.26561 1.22249 1.08771 2.50761 1.08051 1.10564 1.06572 1.0604 1.6098 1.05122 1.03973 1.0067 0.985696 0.936289 0.904344 0.854972 0.847646 0.837296 0.836728 0.82444 0.772997 0.756452
threshold=258.50000000000006 77.683333333333351 0 1 2 3 2417.4150000000004 4 5 4962.4150000000018 726.9100000000002 6 7 8 611.95500000000004 9 287.50000000000006 10 8.5000000000000018 1003.4500000000002 11 12 83.500000000000014 1.0519424441098655 13 350.50000000000006 0.78967659948404634 14 50.500000000000007 15 16 34.519176845103324 476.53499999999991 2.2497594437451327 17 13.457994111319151 18 5.5000000000000009 1695.5700000000004 3718.2050000000004 545.88 1.0000000180025095e-35 41.689903846153854 78.050000000000011 138.50000000000003 55.60890018603483 202.50000000000003 172.50000000000003 1079.9400000000003 59.607692307692311 90.465000000000018 1219.1900000000003 1569.8750000000002 45.319420914828612 58.500000000000007 33.617951462307268 337.50000000000006 1177.3650000000002 27.032258064516132 1518.405 62.038461538461547 0.50000642611573443
decision_type=2 2 1 9 1 9 2 9 9 2 2 9 9 9 2 1 2 9 2 2 1 9 2 2 9 2 2 9 2 9 9 2 2 2 9 2 9 2 2 2 2 2 2 2 2 2 2 2 2 2 2 2 2 2 2 2 2 2 2 2 2 2
left_child=1 4 3 44 5 25 8 9 16 24 11 -10 32 -5 15 42 22 -18 38 21 -21 -20 -6 54 -8 50 39 -17 -25 56 -12 -31 33 -4 -29 40 46 -28 51 -9 -7 -42 -2 -44 45 -3 -37 -46 -49 -38 -1 -14 -35 -33 -15 -52 57 -16 -27 -36 -60 -34
right_child=14 2 12 13 6 35 7 26 10 -11 30 -13 18 23 29 27 17 -19 19 20 -22 -23 -24 28 -26 58 37 34 -30 31 -32 53 61 52 59 36 49 -39 -40 -41 41 -43 43 -45 47 -47 -48 48 -50 -51 55 -53 -54 -55 -56 -57 -58 -59 60 -61 -62 -63
leaf_value=-0.89319635069350056 0.12537303613253351 -0.8203244838910223 -0.34612301770422871 1.1606840802994172 0.029358089995955086 0.13667301835445295 -0.09732758857593958 -0.20447765535429119 -0.23452577386611112 0.11416614514147688 -0.10107280304622641 -0.085081459907326545 -0.53202101874324104 0.02757517918981485 0.67547469413147354 2.6252322616209316 -0.035885264385307279 0.45632092663637114 -0.073902957090703589 0.46832287169790643 0.0019485840801866773 0.19087658905177918 -0.16030586284287304 -0.040981714538062521 0.088300745331697073 0.23009233605731172 -0.23721323609224748 1.1529882036909633 0.6150556558945155 2.7564372026712736 0.23719375626655897 -1.0766777601741417 0.072899274013957446 -0.06247850983406842 0.2850668156455704 -0.44546835255047734 -0.089030713288609412 -0.099617768850619376 -0.65637529736094535 -0.39544812245751937 1.1235623082452031 -0.091260758023622657 -2.084399115966558 -0.34626468403837124 0.35848631216570692 0.054161881633792319 -0.24150094872361283 -0.49043917990056374 0.99945447728734349 0.20495126669808583 0.20778656572115795 1.7283801723053664 0.73445209431891534 0.61207895652289679 -0.83914462411298152 0.77558849733126112 2.1792797634772931 -1.2440582126006383 -0.14750892673219038 -1.0756242846565189 0.18680264551441131 -0.45512577857713288
leaf_weight=28 210 82 126 378 2889 229 725 86 916 144 360 3460 179 47 65 223 217 358 2603 938 876 1615 1156 272 235 53 562 277 1497 785 1019 23 44 173 92 64 228 1069 24 76 63 273 21 165 269 38 164 177 52 128 986 34 153 122 40 97 103 59 72 59 44 266
leaf_count=28 210 82 126 378 2889 229 725 86 916 144 360 3460 179 47 65 223 217 358 2603 938 876 1615 1156 272 235 53 562 277 1497 785 1019 23 44 173 92 64 228 1069 24 76 63 273 21 165 269 38 164 177 52 128 986 34 153 122 40 97 103 59 72 59 44 266
internal_value=0.000106149 -0.000111385 0.000807961 0.00244328 -0.000693295 0.000844595 -0.000978547 -0.00246121 -0.000560079 -4.47628e-05 -0.00132845 -0.00191825 0.000133092 0.00343792 0.00265066 0.000940476 0.000388517 0.00309256 0.000447708 0.00062966 0.00205008 5.92277e-06 0 0.00264848 -0.00103842 0.00282289 -0.00389673 0.00284262 0.00302624 0.00414871 0.000497467 0.0050106 -0.00235484 -0.00043956 0.000793651 -0.00132315 -0.00306644 -0.00337362 -0.00390625 -0.00893939 0.00037412 -0.00147493 -0.00207824 -0.00489418 -0.00106973 -0.00528455 -0.00726141 0 -0.00253233 0 0.00357944 -0.00225694 0.00129179 8.44595e-05 -0.00402778 0.00385589 0.00015625 -0.0023622 -0.00167151 -0.00282012 -0.00420168 -0.00503195
internal_weight=27788 25584 9883 2852 15701 2429 13272 2897 10375 1104 5755 4376 7031 2234 2204 1047 4620 575 6269 6032 1814 4218 4045 1856 960 1280 1793 651 1769 1157 1379 930 762 452 428 1149 584 1631 237 162 565 336 396 186 618 120 228 498 229 356 1111 213 326 145 87 1083 227 124 169 151 116 310
internal_count=27788 25584 9883 2852 15701 2429 13272 2897 10375 1104 5755 4376 7031 2234 2204 1047 4620 575 6269 6032 1814 4218 4045 1856 960 1280 1793 651 1769 1157 1379 930 762 452 428 1149 584 1631 237 162 565 336 396 186 618 120 228 498 229 356 1111 213 326 145 87 1083 227 124 169 151 116 310
cat_boundaries=0 1 3 4 6 8 10 11 13 15 16 18 19 21 23 25 27 29 30 32
cat_threshold=896 2418151498 21505 1544 3033318318 81960 1666891858 525475 2511667399 1473025 2 293668352 1900580 25174800 1277978 1625 2432958528 282624 1102 2686595464 162906 570966082 160 2181824657 49184 2425020448 65552 37750280 99338 22 3145729 36995
is_linear=0
shrinkage=0.05


Tree=58
num_leaves=60
num_cat=20
split_feature=20 14 7 13 6 1 1 2 1 2 0 1 2 1 7 2 1 1 2 1 11 1 17 7 4 16 7 2 22 0 20 4 6 4 20 22 17 20 20 22 9 11 17 17 17 22 11 7 17 11 9 7 6 11 22 22 7 11 20
split_gain=5.7367 3.68144 3.13823 5.20712 2.85581 3.49284 3.35174 2.74915 3.34606 2.56112 2.61691 2.42927 2.3751 2.29807 1.92207 2.68208 1.84069 1.76908 1.52819 2.16192 1.6046 1.49615 1.4412 1.28231 1.26897 1.14449 1.04029 0.973014 1.40349 0.904201 0.898314 0.831922 0.785786 0.941345 0.940562 0.685934 0.604693 0.571768 0.552633 0.544996 0.513092 0.480982 0.46961 0.452097 0.76642 0.432844 0.380404 0.539631 0.35512 0.328848 0.267523 0.246449 0.237853 0.224289 0.223855 0.142662 0.0808898 0.0461957 0.00757576
threshold=258.50000000000006 8.5000000000000018 -1.0000000180025095e-35 1.5000000000000002 2501.0100000000007 0 1 2 3 4 5 6 7 8 611.95500000000004 9 10 11 12 13 7458.0950000000012 14 1.3043385711404392 -434.39999999999992 15 1.8456042521854081 579.09500000000014 16 11.93091221803429 17 18.500000000000004 18 2501.0100000000007 19 321.50000000000006 22.627908033689426 2.11035520728332 285.50000000000006 291.50000000000006 1.0000000180025095e-35 85.910000000000011 853.25000000000011 1.9228163228310273 3.5272379962922433 2.0647916664006893 -1.0000000180025095e-35 252.86500000000004 524.68000000000018 1.5634309960750767 728.7600000000001 557.28500000000008 1255.9650000000004 2012.74 1345.3250000000003 21.473432734801484 54.478435474689782 992.0350000000002 893.30000000000007 437.50000000000006
decision_type=2 2 2 2 2 9 9 1 9 1 1 9 1 9 2 1 9 9 1 9 2 9 2 2 9 2 2 1 2 1 2 9 2 9 2 2 2 2 2 2 2 2 2 2 2 2 2 2 2 2 2 2 2 2 2 2 2 2 2
left_child=1 2 3 23 5 18 9 11 -9 10 -6 -7 24 -11 15 21 32 -14 19 -4 -20 -2 -17 40 -8 -5 29 28 38 36 35 46 33 54 45 -25 -24 -31 -18 49 -1 52 -41 44 -35 -34 -23 -48 -43 -33 -27 -40 -29 -36 57 -50 -45 -16 -54
right_child=14 -3 4 25 6 7 12 8 -10 13 -12 -13 17 -15 16 22 27 -19 20 -21 -22 31 26 30 -26 50 -28 41 -30 37 -32 39 34 43 53 -37 -38 -39 51 42 -42 48 -44 56 -46 -47 47 -49 55 -51 -52 -53 58 -55 -56 -57 -58 -59 -60
leaf_value=0.15194659906068642 3.4002670642781823 -0.34820670379516672 -0.31471357885942725 -0.62462062053633938 0.02009527223671155 -0.020685471331119223 -0.17508761912756601 0.18915545159892508 -0.012309050859804938 -0.32661208703657274 -0.28811370285802645 0.19594752938389545 0.010452974805332761 -0.12325945319044825 7.4672974845648632 -1.4805574563821056 -0.38919795763968568 0.15070742001693491 -0.077549826622201057 0.081572878631377854 -0.38057891849710307 -0.11463043543830641 2.317866071927523 -0.33777560193370215 0.045360323094811507 0.58052892668704259 -1.5266639563419397 3.4774732804565094 -2.0880975347227362 1.4033996135057447 -0.7737144760616449 -0.28185834621933487 -3.0572796824991628 0.42019872222841176 -0.83103058967029464 0.029433715913217997 -0.079452533098558584 -0.91935881280619991 3.4236037772834829 -1.6846092762760323 -0.62887272134469618 0.2467113916865131 -0.52320725730240025 -0.54845936060713463 -2.8650581259888845 -0.53914557695294718 1.7459083979960277 0.33059773975562123 2.9131696534225422 2.5600050598335748 1.802813979200935 1.2120780093551686 -0.41964683631249788 3.0153503549309613 0.051063711512524895 2.0405726893226266 2.5066019991464761 4.4253688138162959 3.2184832960761662
leaf_weight=35 119 31 232 21 1804 1183 626 1631 8152 313 157 3218 830 3156 20 36 30 856 1823 735 50 38 101 47 417 38 22 29 28 24 97 79 20 45 20 29 107 106 63 20 36 32 26 20 25 35 227 86 467 56 67 22 30 23 35 58 20 115 20
leaf_count=35 119 31 232 21 1804 1183 626 1631 8152 313 157 3218 830 3156 20 36 30 856 1823 735 50 38 101 47 417 38 22 29 28 24 97 79 20 45 20 29 107 106 63 20 36 32 26 20 25 35 227 86 467 56 67 22 30 23 35 58 20 115 20
internal_value=0.000113346 -9.57517e-05 -7.19009e-05 -0.00462466 -2.48154e-06 0.000364128 -0.000773401 0.000686765 0.000213097 -0.00149274 -1.8997e-05 0.00172463 0.000642779 -0.0023083 0.00256004 0.000940476 0.00397629 0.00180989 -0.00122678 0.000344388 -0.00206124 0.00291792 -0.00220049 -0.00890688 -0.00119555 0.00329457 -0.00110193 0.00535038 0.00088141 -0.000219941 -0.0112926 0.00155963 0.000831202 0.00229682 -0.00272277 -0.0056962 0.00165877 -0.00357143 0.00370763 -0.000966495 -0.00219595 0.00624037 -0.00561224 -0.00101626 -0.00376712 -0.00711207 0.00298764 0.0036788 0.00689732 0.000271739 0.0056713 0.00582386 0.00167683 0.00190217 0.0045082 0.00722064 0.00232558 0.00570652 0
internal_weight=27788 25584 25553 370 25183 17024 8159 14184 9783 5430 1961 4401 2729 3469 2204 1047 1157 1686 2840 967 1873 651 396 244 1043 126 360 779 143 338 173 532 378 280 98 76 208 130 115 181 71 636 46 110 70 55 351 313 557 135 105 85 79 43 170 525 40 135 50
internal_count=27788 25584 25553 370 25183 17024 8159 14184 9783 5430 1961 4401 2729 3469 2204 1047 1157 1686 2840 967 1873 651 396 244 1043 126 360 779 143 338 173 532 378 280 98 76 208 130 115 181 71 636 46 110 70 55 351 313 557 135 105 85 79 43 170 525 40 135 50
cat_boundaries=0 2 4 5 7 8 9 11 12 14 15 17 19 20 22 24 25 26 27 28 29
cat_threshold=138581508 13612 2981839081 889618 1696 1411448915 180225 3844 1 35913818 49665 2145 279052320 262400 2470 2425024544 115216 1107559184 1185 3212 132096 1316 2148270081 16416 13 1092 1 22 28
is_linear=0
shrinkage=0.05


Tree=59
num_leaves=63
num_cat=22
split_feature=20 21 2 1 0 2 20 23 2 1 1 9 1 17 20 2 17 1 16 20 1 16 1 21 22 1 9 2 1 20 1 4 17 16 7 2 9 20 22 16 10 21 8 1 22 1 20 18 2 17 22 16 7 21 18 23 10 18 20 9 1 7
split_gain=5.81813 4.84009 3.86392 3.82936 3.00251 20.7752 11.2426 23.7466 5.21589 4.04481 3.28475 3.2079 3.12727 3.01735 2.70321 2.28423 2.20352 2.09824 1.96578 1.92768 1.92364 1.92085 1.88167 1.86422 1.80587 2.1755 1.70024 2.4427 2.30577 2.2742 1.95027 1.78539 1.62897 1.47504 1.44533 1.95504 1.60259 1.37012 1.34297 1.53021 1.31362 1.31296 1.29647 1.28614 1.27512 1.24657 1.76163 1.31729 1.24389 2.08719 1.2287 1.21815 1.20532 1.17291 1.15109 1.13882 1.1255 1.08073 1.6638 0.982549 0.928136 0.912746
threshold=258.50000000000006 77.683333333333351 0 1 2 3 37.500000000000007 3.5000000000000004 4 5 6 1395.9650000000001 7 1.7562965942176627 1.0000000180025095e-35 8 1.482243933635824 9 2.6333368674813538 62.500000000000007 10 0.75286632974531698 11 181.58333333333334 19.001315698365151 12 1003.4500000000002 13 14 7.5000000000000009 15 16 0.92398764115435961 0.87784432877462126 954.42500000000018 17 1944.7350000000004 69.500000000000014 19.491960083456501 1.50078682983806 1829.0950000000003 61.035714285714292 177.97500000000002 18 23.851624590487642 19 179.50000000000003 0.77017718267234414 20 1.5098423902557407 14.081909929441066 1.5000989906210365 257.12000000000006 84.881944444444457 2.5924226612448575 4.5000000000000009 909.45500000000015 0.30118715912880994 329.50000000000006 1781.1200000000001 21 864.61500000000012
decision_type=2 2 1 9 1 1 2 2 1 9 9 2 9 2 2 1 2 9 2 2 9 2 9 2 2 9 2 1 9 2 9 9 2 2 2 1 2 2 2 2 2 2 2 9 2 9 2 2 1 2 2 2 2 2 2 2 2 2 2 2 9 2
left_child=1 4 3 32 8 6 11 -8 9 33 34 14 15 20 -6 51 -13 -15 19 -14 -12 -11 38 42 25 -2 30 29 -29 -28 52 -32 40 -1 35 -10 -36 -34 45 56 55 -9 -5 -39 -41 46 -4 -47 49 -27 -23 -7 -24 -26 -20 -3 -40 -51 -59 -44 61 -50
right_child=24 2 22 23 5 12 7 41 10 21 13 16 18 17 -16 -17 -18 -19 54 -21 -22 50 26 -25 53 48 27 28 -30 -31 31 -33 37 -35 36 -37 -38 43 39 44 -42 -43 59 -45 -46 47 -48 -49 60 57 -52 -53 -54 -55 -56 -57 -58 58 -60 -61 -62 -63
leaf_value=-0.11646684890185638 2.548837870200316 -0.40149331957526058 0.61852436115065068 -0.33274358207441629 -1.7941882143103403 -0.12057993754015683 -1.2669365285609411 -0.14307555872217526 -0.12096420841053571 -0.30773911217930833 -0.22998474158624627 0.099155431321934273 -0.074523909155719006 0.11755779456853831 0.13036280798016905 0.11543065790920332 -0.37050037315988882 -0.094466906338290635 -0.32428105535209029 0.120202658268812 -0.082093609820215546 0.19238434237605803 0.032518769440694317 1.6035677772975263 -0.83767687792268719 -1.8877953996448256 -0.718105563200229 -0.44369053616362142 0.11998069974866539 0.48280772962445778 -0.0056123868388506361 0.51580045376043138 -0.12553049130165908 0.40699915458686747 0.8855101813906624 0.043603137421920304 -0.036320827526325775 -0.046854296039106562 -0.20029846918124763 -0.92653730315619076 -1.9382086630937971 1.012142420698346 0.60997368079652858 0.65189163937146211 -0.079802795108678215 -1.0510847559804031 -0.42255777522628063 0.036500056176813268 -0.64587088480911126 -1.1882287114405459 -0.12792418329130414 0.01647262442365496 -0.12427953341016931 0.11321588780102446 0.20193556779954067 1.3954215036854363 -0.70477937730624429 -0.1564022646072786 4.1617863060022184 -0.12553159581735471 1.8123406127361243 2.4132129810328906
leaf_weight=78 573 64 186 70 32 341 206 92 403 42 971 37 876 1314 217 1389 117 2047 544 261 2119 453 592 302 49 28 39 232 641 891 930 669 344 1112 412 1379 125 219 43 27 21 50 1117 594 512 40 44 100 72 84 355 672 2001 343 57 29 84 141 111 92 751 52
leaf_count=78 573 64 186 70 32 341 206 92 403 42 971 37 876 1314 217 1389 117 2047 544 261 2119 453 592 302 49 28 39 232 641 891 930 669 344 1112 412 1379 125 219 43 27 21 50 1117 594 512 40 44 100 72 84 355 672 2001 343 57 29 84 141 111 92 751 52
internal_value=0.000118743 -9.18435e-05 0.000772557 0.00232112 -0.000639168 -0.00166786 -0.00924411 -0.0159544 -0.000168778 0.0020945 -0.000703063 -0.00347906 -0.000252829 -0.00128597 0 0.000900621 -0.00907643 -0.000234096 -0.00187036 -0.00060307 -0.00241675 -0.000492468 0.000133092 0.00396016 0.00258269 0.00325069 0.000480609 0.00176495 -9.87585e-05 0.00352598 -5.95948e-05 0.00129498 0.00022391 0.00396924 0.000895154 0.000182073 0.0031713 0.000829741 -0.00181125 -0.00317638 -0.00534188 0 0.00307137 0.0019761 -0.00186808 0.000469169 0.00277778 -0.00294118 0.00194688 -0.000397878 0 -0.00086501 -0.000916155 -0.000379747 -0.00420116 -0.00195312 -0.00817308 0.000589971 0.00235294 0.00347566 0.00297016 -0.000729927
internal_weight=27788 25584 9883 2852 15701 4891 751 348 10810 2040 8770 403 4140 6451 249 2402 154 3361 1738 1137 3090 850 7031 1581 2204 1812 5995 1803 873 930 4192 1599 1271 1190 2319 1782 537 1157 1036 666 114 142 1279 813 539 370 230 140 1239 364 808 1013 2593 392 601 93 127 336 252 1209 875 124
internal_count=27788 25584 9883 2852 15701 4891 751 348 10810 2040 8770 403 4140 6451 249 2402 154 3361 1738 1137 3090 850 7031 1581 2204 1812 5995 1803 873 930 4192 1599 1271 1190 2319 1782 537 1157 1036 666 114 142 1279 813 539 370 230 140 1239 364 808 1013 2593 392 601 93 127 336 252 1209 875 124
cat_boundaries=0 1 3 4 5 6 8 10 12 13 15 17 19 21 22 24 26 27 28 29 31 32 34
cat_threshold=896 2955547722 29729 1 256 768 806011354 345218 1603620928 1732777 3046679026 197121 2193 2097553 33298 655761 274 294061568 1900582 375718802 554 1102 67649601 16513 2686497176 150544 7 65 2150236232 8519680 327718 81 8523812 4096
is_linear=0
shrinkage=0.05


Tree=60
num_leaves=63
num_cat=24
split_feature=21 6 1 14 2 0 21 2 2 1 1 21 0 2 5 1 1 1 23 1 1 1 2 9 1 2 1 19 21 18 23 1 5 9 19 2 20 1 21 20 5 17 11 2 20 17 20 17 5 17 1 5 21 11 11 18 5 17 17 16 9 18
split_gain=5.30965 3.86412 3.53928 3.41185 2.93586 4.80083 6.49366 9.3256 3.37702 3.40618 2.66717 2.62551 2.29463 3.11175 2.99746 2.28574 2.2138 2.09972 2.08149 1.93349 1.80109 1.63832 1.5927 2.80334 1.46773 1.38831 2.23668 2.09297 1.94325 2.56283 2.41501 1.86013 1.673 1.30567 1.3004 1.26212 1.23711 1.24738 1.2248 1.15607 1.15109 1.12824 1.12401 1.06547 1.02957 1.16622 0.978518 0.935625 0.925044 1.00606 0.92434 0.923557 1.31848 0.915318 0.899595 0.848988 0.942432 0.845769 0.786777 0.702761 0.716734 0.700177
threshold=175.58333333333334 2501.0100000000007 0 6.5000000000000009 1 2 65.038461538461561 3 4 5 6 11.125000000000002 7 8 131.50000000000003 9 10 11 1.5000000000000002 12 13 14 15 467.54500000000007 16 17 18 1671.9950000000001 47.12916666666667 0.79394949440426077 19.500000000000004 19 78.500000000000014 1440.8850000000004 802.86000000000013 20 8.5000000000000018 21 131.3666666666667 15.500000000000002 349.50000000000006 1.0160234040767648 5576.670000000001 22 108.50000000000001 1.9993867520525368 196.50000000000003 0.80158027090940276 244.50000000000003 1.7358949984861753 23 52.500000000000007 202.16666666666671 1440.8850000000004 1543.4550000000002 0.18155720475668163 72.500000000000014 1.8128327382960161 0.7694034644761073 1.8351521672506983 1260.9650000000004 1.9764497642952248
decision_type=2 2 9 2 1 1 2 1 1 9 9 2 1 1 2 9 9 9 2 9 9 9 1 2 9 1 9 2 2 2 2 9 2 2 2 1 2 9 2 2 2 2 2 1 2 2 2 2 2 2 9 2 2 2 2 2 2 2 2 2 2 2
left_child=1 2 25 10 5 8 7 -7 24 -10 35 21 14 42 20 -16 47 -15 -8 39 -12 40 36 48 -4 26 38 46 29 31 -31 -27 58 -34 -23 59 -21 55 41 -2 -6 -1 -14 -41 -45 53 -28 -13 -24 -50 -25 52 -52 -46 -47 -38 -57 -18 -30 -3 -61 -39
right_child=19 3 4 -5 11 6 18 -9 9 -11 12 16 13 17 15 -17 57 -19 -20 22 -22 34 23 50 -26 28 27 -29 32 30 -32 -33 33 -35 -36 -37 37 61 -40 43 -42 -43 -44 44 45 54 -48 -49 49 -51 51 -53 -54 -55 -56 56 -58 -59 -60 60 -62 -63
leaf_value=-0.59851288742675313 -1.5196485965714817 0.15300725045280281 0.036643351034908102 -0.30330527790072415 0.9536057023717357 -0.5818748510784536 -0.73360419723999015 -0.059107647564976599 0.33737073304841947 -0.12058492280643751 -0.18174118578330783 -0.17110983525570847 -0.028217844966136243 -0.0084599561525184885 0.18276512525725508 -0.0061134464477823336 0.10441456562386985 -0.33495250909740709 0.2168801637642373 -0.30290656284593132 0.0012456411079954323 0.48106375105912047 -0.51148441514641318 -0.11018749018921402 0.47951218098425952 0.21068819268602096 0.050796602149416795 -0.50376066007597464 -0.70577291856012225 -0.45330965153273745 0.12887385953600133 -0.17858244573019333 -0.016964376135845782 0.44817343072195881 0.053437627586040648 -0.42731349931129242 -0.89422330333117905 1.250610429307351 2.2365967009831631 -0.47814456591372628 -0.4095659924481444 -0.22185070027013706 0.26773808291149026 1.1593779464923435 -1.5236432558195752 1.9753475396627256 1.8668120672134429 0.0093923979880022671 1.7250921217750361 -0.74142638419259232 -0.97462707914624325 0.84989666013535015 1.3477566533853613 -0.024991581367532947 -0.29451170823934236 -0.22854353014693346 1.1714399698753926 0.31055992638669727 -0.11000947280467442 0.054720635201327111 -0.93567137732428973 -0.26696877357579679
leaf_weight=33 24 51 527 55 834 517 216 1170 633 1666 2039 403 81 120 645 3392 1084 307 878 51 1132 579 156 122 1120 265 701 44 29 311 50 295 797 94 760 212 30 771 20 127 34 214 53 50 25 60 95 2966 42 51 35 505 57 36 30 115 346 447 206 31 28 21
leaf_count=33 24 51 527 55 834 517 216 1170 633 1666 2039 403 81 120 645 3392 1084 307 878 51 1132 579 156 122 1120 265 701 44 29 311 50 295 797 94 760 212 30 771 20 127 34 214 53 50 25 60 95 2966 42 51 35 505 57 36 30 115 346 447 206 31 28 21
internal_value=0.000122342 -0.00010045 0.000326644 -0.000997055 0.000673431 -6.86202e-05 -0.00166577 -0.00361686 0.00104457 -0.000178417 -0.000903447 0.00138167 -0.000705153 -0.00378989 -0.000457634 0.000436262 0.000724047 -0.00582386 0.001299 0.00224878 -0.00161074 0.0028224 0.00277538 0.0011213 0.00276355 -0.00117619 0.000212054 0.00152403 -0.00194782 -0.00366613 -0.00697115 -0.00142096 -0.0005093 0.000433445 0.00161797 -0.00529851 0.00391611 0.00426711 -0.00361607 -0.00109589 0.0045403 -0.00485 0.00255102 -0.000151057 0.00192757 0 0.00219024 0 -0.00332341 0.000130208 0.00275277 0.00354508 -0.000526316 -0.00527344 0.00349462 0.00195933 0.00261315 0.00229113 -0.0042542 -0.000203252 -0.00423387 0.00552795
internal_weight=27788 25134 16988 8146 13834 6727 2781 1687 3946 2299 8091 7107 7769 561 7208 4037 4900 427 1094 2654 3171 2207 2302 968 1647 3154 1107 840 2047 921 361 560 1126 891 1339 322 1334 1283 267 352 868 247 134 328 201 151 796 3369 249 93 719 597 92 61 90 491 461 1531 235 110 59 792
internal_count=27788 25134 16988 8146 13834 6727 2781 1687 3946 2299 8091 7107 7769 561 7208 4037 4900 427 1094 2654 3171 2207 2302 968 1647 3154 1107 840 2047 921 361 560 1126 891 1339 322 1334 1283 267 352 868 247 134 328 201 151 796 3369 249 93 719 597 92 61 90 491 461 1531 235 110 59 792
cat_boundaries=0 2 3 4 5 6 8 10 11 12 14 16 18 20 22 24 25 27 28 30 32 33 35 36 38
cat_threshold=134362636 13604 2385 1 256 272 2535718947 262674 2424504352 4352 1 578 105154056 1450024 2992898195 313858 32961 16384 330530882 262148 576980170 344600 109117827 1213066 427 2182922336 1311235 3224 139268 1280 139788 32 904 536883744 4624 2597 278528 16512
is_linear=0
shrinkage=0.05


Tree=61
num_leaves=63
num_cat=13
split_feature=21 20 6 4 2 1 1 18 1 6 18 6 1 20 2 1 4 10 1 9 1 22 19 21 18 5 9 18 7 7 10 17 10 9 18 21 1 10 20 21 5 1 9 10 7 19 5 6 20 22 19 17 7 6 5 20 18 9 22 7 19 6
split_gain=4.88046 3.59215 2.94681 2.82461 3.79863 3.15095 2.95705 2.47213 2.37922 2.34358 2.3 2.02633 1.9777 1.8876 2.11176 2.78125 1.82808 2.25357 1.71119 1.64365 1.51714 1.55605 1.50871 1.47777 1.42757 1.41901 1.23363 1.5807 1.13397 1.54846 1.41081 1.08726 1.01177 1.10438 1.00901 0.988679 0.976001 0.885701 0.867258 0.844656 1.13823 0.809119 0.722751 0.937827 1.79045 0.675699 1.10262 0.626218 0.575175 0.531039 0.509644 0.49794 0.479371 0.470057 0.439834 0.462153 0.423068 0.348248 0.346946 0.263354 0.26038 0.240341
threshold=175.58333333333334 321.50000000000006 13071.820000000002 0 1 2 3 0.22573415561107793 4 1734.8500000000001 0.074003122037212779 2501.0100000000007 5 9.5000000000000018 6 7 8 2723.8050000000007 9 1488.7350000000004 10 148.78199761334571 1901.3400000000004 63.038461538461547 0.77017718267234414 153.50000000000003 1354.7700000000002 0.4542304878969094 619.57000000000005 452.25000000000006 1950.49 2.2247413645275409 784.99500000000012 739.05000000000007 1.6949907237476063 39.51315789473685 11 684.03500000000008 382.50000000000006 146.55000000000004 140.50000000000003 12 474.3300000000001 1469.1450000000002 816.50000000000011 1086.5000000000002 52.500000000000007 2012.74 191.50000000000003 1.4571067811865479 802.86000000000013 1.7992812799234532 890.58500000000015 2012.74 287.50000000000006 472.50000000000006 1.0000000180025095e-35 1316.6800000000001 37.792305213114197 436.17500000000007 2066.6600000000003 2012.74
decision_type=2 2 2 9 1 9 9 2 9 2 2 2 9 2 1 9 9 2 9 2 9 2 2 2 2 2 2 2 2 2 2 2 2 2 2 2 9 2 2 2 2 9 2 2 2 2 2 2 2 2 2 2 2 2 2 2 2 2 2 2 2 2
left_child=1 2 3 4 6 35 23 25 16 -8 56 -12 -7 31 15 22 18 -18 -5 -4 42 26 28 -1 -21 38 27 -22 29 -15 -30 37 33 41 59 -6 52 -2 -3 45 -41 -17 49 48 -45 58 -47 -33 -44 50 -16 -51 61 -40 55 -27 -10 -49 -38 -34 -55 -9
right_child=13 7 19 8 5 12 9 36 10 -11 11 -13 -14 14 20 32 17 -19 -20 24 21 -23 -24 -25 -26 54 -28 -29 30 -31 -32 47 34 -35 -36 -37 39 -39 53 40 -42 -43 43 44 -46 46 -48 57 -50 51 -52 -53 -54 60 -56 -57 -58 -59 -60 -61 -62 -63
leaf_value=-0.099826776180154397 -1.4994304879743474 1.6748568086701547 0.11331287647398298 0.16600800440852945 0.27724995828544596 -0.17260895848310512 -0.48409846223631253 1.592247808969306 -0.28779396737770835 -0.18819728069840097 0.10242629487623162 -0.01428909791050117 -0.011092762614719521 0.92531255407574187 -0.69299321096049482 0.05692128375507384 -0.042369151530865512 -0.16348747731192168 -0.085724001126909866 -0.26815336755262564 0.52055463347611741 -1.4069371823207149 -1.1425317682024334 0.21144659564802737 -0.25601820914208212 -0.68678282999567208 2.083805199290484 -0.41648420487133447 1.9007836502697697 -1.0377540935667393 -0.52371529670899608 -0.1368143190008537 1.5205537970558993 -0.76765097831913776 -0.50935641387779929 0.070288730602005245 4.0571942916461694 5.1678508953108189 -3.9588521480788836 2.6636460925596772 -1.7613280854846227 1.228944400734745 1.1431776305887564 -0.88923123357962952 0.44703828445210725 -1.596289919296062 2.5961756521005599 -0.30171280019439595 0.73525235519136745 1.2658123403489789 0.19653649322563524 -0.16713938428771904 1.538728912344379 0.92904659920551114 5.3274284728971626 1.2438289194697747 -0.90506032301680772 -0.52200116582973777 1.8349870761069924 1.6679125626052387 -3.1071684430010742 -1.0918203687143482
leaf_weight=675 22 34 21 817 465 661 540 21 45 1717 6882 3845 3622 170 41 112 2642 470 573 33 157 27 34 453 29 33 69 300 152 86 38 23 52 20 33 676 341 31 28 24 22 202 162 20 86 31 189 30 234 39 70 36 62 21 25 27 30 21 27 387 22 31
leaf_count=675 22 34 21 817 465 661 540 21 45 1717 6882 3845 3622 170 41 112 2642 470 573 33 157 27 34 453 29 33 69 300 152 86 38 23 52 20 33 676 341 31 28 24 22 202 162 20 86 31 189 30 234 39 70 36 62 21 25 27 30 21 27 387 22 31
internal_value=0.000134936 -7.85694e-05 -0.000198355 -0.000163273 -0.000877069 -4.59812e-05 -0.00218879 0.00294899 0.000244826 -0.00323238 0.000649561 0.000716449 -0.000677956 0.0021735 0.00248518 0.00390685 -0.000714286 -0.001392 0.000766215 -0.00944767 0.000927033 -0.000949647 0.000709939 -4.38212e-05 -0.0134615 -0.00194301 -0.000236295 -0.00127717 0.0016147 -0.0003861 0.00453368 -0.00355769 0.00570818 0.00333828 0.00736842 0.00226386 0.00426099 0.00111607 -0.00590278 0.00498454 -0.000510204 0.00417981 0.00249643 0.00351485 -0.000229358 0.00558376 0.0029148 -0.00746753 0.00463659 0 -0.00230263 0.00304487 0 -0.0089527 0.00241477 0 -0.00785256 -0.0104167 0.00700809 0.00800339 -0.00353261 -0.00363636
internal_weight=27788 25134 24196 24113 8809 5424 3385 938 15304 2257 10802 10727 4283 2654 2527 1286 4502 3112 1390 83 1241 553 480 1128 62 190 526 457 446 256 190 127 806 334 472 1141 748 53 105 634 46 314 688 502 106 588 220 74 396 186 111 75 114 71 85 60 75 51 368 439 43 52
internal_count=27788 25134 24196 24113 8809 5424 3385 938 15304 2257 10802 10727 4283 2654 2527 1286 4502 3112 1390 83 1241 553 480 1128 62 190 526 457 446 256 190 127 806 334 472 1141 748 53 105 634 46 314 688 502 106 588 220 74 396 186 111 75 114 71 85 60 75 51 368 439 43 52
cat_boundaries=0 1 2 4 6 8 10 11 13 14 16 18 20 22
cat_threshold=3 2369 3716251670 1073199 270504019 288019 2282624110 275750 6701824 328976 426 2963279906 266256 16 2148012128 267264 603992219 103440 8393760 65664 136 512
is_linear=0
shrinkage=0.05


Tree=62
num_leaves=63
num_cat=15
split_feature=7 10 21 20 7 13 1 5 12 19 1 17 1 2 0 17 17 2 19 1 22 4 1 1 7 2 9 1 7 20 19 1 22 22 17 9 1 2 9 22 20 20 5 17 5 17 19 20 5 23 17 17 21 22 19 19 7 19 19 7 7 5
split_gain=4.38064 4.05532 6.04958 3.38947 2.95015 3.98553 3.08855 2.61873 2.43869 2.56282 2.35469 2.64693 2.17828 2.03843 1.80563 1.9081 1.78462 2.18339 1.68265 2.78411 1.74299 1.67117 2.12689 1.96413 1.65366 1.59193 1.45985 1.41063 1.36307 1.35484 1.33866 1.31556 1.30132 1.38568 1.15183 1.11298 1.05549 1.08098 1.01745 1.13986 0.986552 0.913471 0.822298 0.79872 0.786382 0.769828 0.763359 0.734919 0.997192 0.712504 0.709092 0.773607 0.659103 0.655435 0.646793 0.63965 0.62947 0.579837 0.543699 0.53027 0.513461 0.390617
threshold=726.9100000000002 2262.1850000000004 18.732142857142861 265.50000000000006 -1.0000000180025095e-35 1.5000000000000002 0 3.5000000000000004 1.5000000000000002 3719.2950000000014 1 1.8741146742062493 2 3 4 1.4980687380625093 0.99971538040333241 5 2183.6600000000003 6 8.1906610443835444 7 8 9 851.44000000000005 10 1286.6900000000003 11 521.99000000000012 42.500000000000007 256.49000000000029 12 34.764085455781149 67.093963894781709 3.309924417575453 1343.5150000000003 13 14 1427.8200000000002 11.316163198275598 22.500000000000004 49.500000000000007 66.500000000000014 0.42116893138902683 180.50000000000003 2.5203289142381737 892.6600000000002 337.50000000000006 138.50000000000003 17.500000000000004 2.7897346758907386 1.5486953008050115 49.029411764705891 28.056558279794292 940.69500000000005 1086.5000000000002 1032.2800000000002 366.27000000000004 18.784999999999858 595.10500000000013 816.50000000000011 87.500000000000014
decision_type=2 2 2 2 2 2 9 2 2 2 9 2 9 1 1 2 2 1 2 9 2 9 9 9 2 1 2 9 2 2 2 9 2 2 2 2 9 1 2 2 2 2 2 2 2 2 2 2 2 2 2 2 2 2 2 2 2 2 2 2 2 2
left_child=1 4 44 7 5 29 16 56 9 10 35 -12 40 38 15 -10 36 26 21 20 -20 22 -8 -23 -11 -21 -18 -19 41 43 -17 47 46 -34 -26 -9 55 -38 39 -14 53 -15 -7 -1 -3 -30 -33 48 -5 -40 51 -42 61 59 -48 -6 -2 -44 -35 -4 -56 -16
right_child=3 2 12 31 6 42 18 8 14 24 11 -13 13 28 52 30 17 27 19 25 -22 23 -24 -25 34 -27 -28 -29 45 -31 -32 32 33 58 -36 -37 37 -39 49 -41 50 -43 57 -45 -46 -47 54 -49 -50 -51 -52 -53 -54 -55 60 -57 -58 -59 -60 -61 -62 -63
leaf_value=0.40645426096941739 -0.58704024567856095 -0.57014074195570508 -0.078597470684519832 -2.5259261782613454 -0.36256584693357824 -0.7581195974531314 -0.30979506473748725 -0.19508830636895064 0.16822486788429281 0.65852538718719777 0.02149928363509801 0.33071782327546712 -0.50157974307628206 -0.14401350718467226 0.36575458131127042 -0.73556251984773113 0.022098972622380232 0.13918290587906315 -0.19849378089331238 -0.11856842994678658 0.12795689930726897 0.052910209679344171 -0.030256740093812698 -0.060156975171242882 -0.51516399334934238 -0.43857105494024307 -0.39539784604395989 0.42785539642082748 -0.012229034562006413 -0.9766726928902657 -0.41456150066906211 2.9265316060209976 -1.2908295528867189 -0.72200367991604719 -0.17093237133959832 0.021311190805752035 0.17128100753675782 -0.25456253810883694 0.098151840566937321 0.014039935972251484 -0.31145199369020937 -0.46030403115545976 -0.38660265282323736 -0.39466258612974009 -0.21719503672363316 0.3617636600658759 -2.5448051516237369 3.35947142531837 0.26576721702508976 -0.034850216776947954 0.17257183615996574 -0.43089694800101164 1.2575434009888327 -0.51492188670546413 -0.60411616909775745 0.0064590101630802371 -1.6763500743609456 2.1012380711860548 2.8099979711709291 0.27019700573084687 2.102618028068846 -0.30341611458770279
leaf_weight=29 21 40 102 25 172 24 506 591 69 34 3284 3531 45 327 22 80 567 1186 318 387 310 6216 3945 1557 64 314 43 483 270 51 102 442 42 28 62 484 132 111 293 174 206 67 21 154 30 20 20 43 34 66 20 54 40 34 29 85 22 61 43 31 194 31
leaf_count=29 21 40 102 25 172 24 506 591 69 34 3284 3531 45 327 22 80 567 1186 318 387 310 6216 3945 1557 64 314 43 483 270 51 102 442 42 28 62 484 132 111 293 174 206 67 21 154 30 20 20 43 34 66 20 54 40 34 29 85 22 61 43 31 194 31
internal_value=0.000124141 -0.000320391 -0.00258838 0.00100776 -7.49625e-05 -0.00466472 1.83655e-05 0.000688685 0.0007592 0.000940643 0.00107374 0.00141879 -0.00194947 -0.000803922 -0.00331412 -0.00556102 0.00153564 0.00214176 -0.000290248 -0.00198011 0.000390016 -0.000102233 -0.000876456 0.000335538 -0.00521472 -0.00411415 -0.000361156 0.00306926 -0.00265423 -0.00833333 -0.00824324 0.00393134 0.00459309 0 -0.00794574 -0.00106847 -0.00109344 0.00112305 0.00131134 -0.00118243 -0.00491848 -0.00459698 0.00298165 -0.00571237 -0.0167808 0 0.00546875 -0.00108696 -0.00504032 0.00300414 -0.00689046 -0.00760456 0.00221354 -0.00154412 0.00279472 -0.00328704 -0.0111413 0.00558824 0.00388514 0 0.00370575 -0.000669643
internal_weight=27788 18451 1779 9337 16672 340 16332 8437 8394 8050 7890 6815 1709 1262 344 251 2779 2279 13553 1329 628 12224 4451 7773 160 701 610 1669 684 234 182 900 798 113 126 1075 500 243 578 219 447 394 106 183 70 290 685 102 59 359 280 260 93 167 243 257 43 82 71 133 223 53
internal_count=27788 18451 1779 9337 16672 340 16332 8437 8394 8050 7890 6815 1709 1262 344 251 2779 2279 13553 1329 628 12224 4451 7773 160 701 610 1669 684 234 182 900 798 113 126 1075 500 243 578 219 447 394 106 183 70 290 685 102 59 359 280 260 93 167 243 257 43 82 71 133 223 53
cat_boundaries=0 2 4 6 7 8 9 11 12 14 16 17 19 21 23 24
cat_threshold=1447101763 1302600 1513488450 13572 528413 33186 3777 1 2081 299060 647 3 17965600 1408 2688327820 530064 3504 33555523 81920 2415919105 98304 104857603 1187840 2148
is_linear=0
shrinkage=0.05


Tree=63
num_leaves=63
num_cat=23
split_feature=4 5 1 6 8 1 1 1 6 8 1 17 2 9 1 13 0 1 17 2 23 19 2 2 8 8 9 2 17 23 22 2 2 17 22 1 19 2 17 19 8 9 19 8 12 4 2 2 17 8 23 5 19 2 19 9 5 17 17 17 23 2
split_gain=3.05312 5.15972 5.48647 3.11092 3.998 3.9753 3.31235 3.0944 2.34706 2.31881 2.23347 1.84588 1.823 1.83828 1.78673 1.72286 1.93072 1.83077 1.71802 1.65485 2.21456 2.05749 1.55092 1.50925 3.96225 1.39869 1.34448 1.67892 1.34328 1.32785 1.48994 1.30592 1.30331 1.28924 1.2265 1.16607 1.42882 1.29608 1.25059 1.18743 1.13067 1.20201 1.34352 1.36793 1.12091 1.02015 0.909669 0.904489 1.35513 0.929581 0.878015 0.862567 0.843956 0.805038 1.2684 1.1792 0.934481 0.868556 0.923314 0.78639 1.22273 0.779162
threshold=0 29.500000000000004 1 3650.2500000000005 982.68000000000018 2 3 4 13071.820000000002 436.44000000000005 5 1.3387088489912384 6 636.1350000000001 7 1.5000000000000002 8 9 1.4736827688680629 10 3.5000000000000004 1022.245 11 12 177.97500000000002 1151.6100000000004 815.18000000000018 13 1.2811186807971768 20.500000000000004 29.701290524060305 14 15 0.87862244342500417 57.566524626975145 16 1643.5700000000002 17 1.1275761366844923 1627.01 454.0750000000001 551.12500000000023 1728.1100000000001 681.22000000000014 1.5000000000000002 18 19 20 1.1809550693381154 726.9100000000002 14.500000000000002 18.500000000000004 3203.3150000000005 21 1049.0600000000002 1136.7900000000002 69.500000000000014 0.68814208961386691 0.55021562180539407 1.0420580626198079 3.5000000000000004 22
decision_type=9 2 9 2 2 9 9 9 2 2 9 2 1 2 9 2 1 9 2 1 2 2 1 1 2 2 2 1 2 2 2 1 1 2 2 9 2 1 2 2 2 2 2 2 2 9 1 1 2 2 2 2 2 1 2 2 2 2 2 2 2 1
left_child=1 28 9 4 7 8 25 53 26 19 29 14 13 -4 -8 16 -13 -17 47 -3 21 -21 -16 24 -12 -6 31 33 -1 30 -9 51 -27 -28 -29 36 37 -14 39 -37 -7 -42 43 -43 61 -25 -22 48 -11 -49 -34 -5 -10 54 55 -2 -56 58 -55 -15 -61 -20
right_child=3 2 12 5 6 40 11 10 52 18 23 15 35 59 22 17 -18 -19 44 20 46 -23 -24 45 -26 32 27 34 -30 -31 -32 -33 50 -35 -36 38 -38 -39 -40 -41 41 42 -44 -45 -46 -47 -48 49 -50 -51 -52 -53 -54 57 56 -57 -58 -59 -60 60 -62 -63
leaf_value=-0.074999420492121258 0.19140967846363832 0.060072311300414953 -0.051987950201388605 0.012441256570106663 0.22354148224894327 0.17590937004722684 0.2306370092589799 -0.19088481359024456 -0.2336675708086694 0.14277067580202499 -0.62919029829471362 0.75947461433939345 -0.38030589323061259 -0.38454704434400055 0.10510800260851179 -0.52193577556065585 0.011700243408086309 0.084596345137515266 0.21460127383645325 -0.78879699379471446 -0.11249616515230497 -0.058618759106730735 -0.18569301360995638 -0.057939239356728317 0.38327519883105671 -0.36081628023733797 -0.54222767747236189 -0.099860616934464463 -0.7943940049519308 0.203852718329712 0.013583232962961489 -0.13706027149243064 -0.12476459388754933 0.055782764285319079 -1.2651450922413343 -0.41703632547259262 -0.5862331708622972 0.068980140449922053 0.017497386505333435 0.35277167740569748 -0.60197336758213726 -0.34954638857057729 0.11874483079623191 -0.021312099200292603 -0.59281474622373931 0.011149767075606843 0.073062745114423719 0.14462472986691829 -0.45546215082394143 -0.082509527725656187 0.21804285604485329 -0.49541675623148279 -0.23860681134182729 0.071974407474753296 1.4471859817915023 -0.35980705494751031 -0.73691222460722372 0.24545817484237667 -0.99873485474577128 -0.89516593486808815 -0.11915002179629958 0.62586046709577026
leaf_weight=122 274 319 175 26 335 224 204 797 26 61 89 2227 105 54 207 107 379 394 300 105 100 116 273 2896 754 130 29 641 293 32 391 167 453 499 45 194 42 132 930 35 20 39 324 315 24 9142 120 148 65 139 35 201 20 40 26 46 143 1278 23 226 163 569
leaf_count=122 274 319 175 26 335 224 204 797 26 61 89 2227 105 54 207 107 379 394 300 105 100 116 273 2896 754 130 29 641 293 32 391 167 453 499 45 194 42 132 930 35 20 39 324 315 24 9142 120 148 65 139 35 201 20 40 26 46 143 1278 23 226 163 569
internal_value=0.000118743 -0.00106319 -0.000515152 0.000351939 0.00055796 -0.00127957 0.00183274 0.00017494 -0.00274445 0.00128668 -7.35086e-05 0.00249409 -0.00234413 -0.0046355 7.27802e-05 0.00301849 0.00353584 0.000223214 0.0025783 -0.0008519 -0.0028359 -0.00641741 -0.0015213 0.000117303 0.00214661 -0.000763458 -0.00238982 -0.00149959 -0.00636962 -0.00210868 -0.00243493 -0.00497481 -0.00221417 0.000554529 -0.00311159 -0.00129221 -0.0041524 -0.00244792 -0.000522611 -0.00382543 0.00131016 0.000249643 0.000697504 -0.00133053 0.00380859 -2.28197e-05 0.00044843 0 -0.00341727 0.00145833 -0.000798403 -0.00734375 -0.0137755 0.00210255 0.000224104 0.00216718 -0.003125 0.00274188 -0.00246212 -0.00641816 -0.00532526 0.00414278
internal_weight=27788 4537 4122 23251 20675 2576 4744 15931 1654 2066 14101 3791 2056 618 684 3107 2606 501 1306 760 441 221 480 12881 843 953 1608 1214 415 1220 1188 394 618 528 686 1438 279 237 1159 229 922 698 678 354 893 12038 220 413 126 287 488 227 46 1830 489 320 169 1341 63 443 389 869
internal_count=27788 4537 4122 23251 20675 2576 4744 15931 1654 2066 14101 3791 2056 618 684 3107 2606 501 1306 760 441 221 480 12881 843 953 1608 1214 415 1220 1188 394 618 528 686 1438 279 237 1159 229 922 698 678 354 893 12038 220 413 126 287 488 227 46 1830 489 320 169 1341 63 443 389 869
cat_boundaries=0 1 3 5 7 9 11 12 14 15 17 18 19 20 21 22 23 25 26 27 28 29 30 31
cat_threshold=1 648851746 28803 805306553 836144 178127878 1053962 1435566081 1737800 6311968 10500 2368 608 66192 1 536 262288 233 866 512 724 219 3136 1196096 328712 540 2 534 771 2082 2336
is_linear=0
shrinkage=0.05


Tree=64
num_leaves=63
num_cat=26
split_feature=21 6 7 19 1 1 0 2 2 1 1 10 21 2 1 17 1 1 21 6 1 2 15 2 16 7 2 18 1 10 10 22 1 2 21 21 18 2 1 1 21 7 1 2 7 11 2 11 10 7 1 15 10 7 21 1 17 10 7 11 11 5
split_gain=3.97062 2.86882 2.87067 2.96834 2.93931 2.56803 2.50226 2.96145 2.70648 3.15738 2.79922 2.34023 4.01865 2.72715 2.2946 2.12883 2.02477 1.8457 1.71129 1.68594 1.63214 2.05352 2.00753 2.84901 1.92089 1.5979 1.56208 1.55374 1.52442 1.51796 1.41966 1.65023 1.36498 1.6453 1.3151 1.31133 1.27446 1.20568 1.47388 1.15773 1.15705 1.14519 1.11244 1.08774 1.77375 1.17545 1.07083 1.01168 0.979368 0.888053 0.884571 0.841106 0.824005 0.791625 0.787963 0.756 1.28901 0.736612 0.692604 0.953211 1.5487 0.681519
threshold=175.58333333333334 2501.0100000000007 964.53000000000009 305.86999999999949 0 1 2 3 4 5 6 2417.4150000000004 15.859090909090911 7 8 0.90526384473832511 9 10 1.0000000180025095e-35 13071.820000000002 11 12 2.5000000000000004 13 0.31611067024994782 648.28500000000008 14 4.1017865256424857 15 1950.49 784.99500000000012 62.156386871735769 16 17 135.55000000000004 35.845238095238102 1.1818530721047262 18 19 20 27.032258064516132 1446.9900000000002 21 22 378.3250000000001 1047.2550000000003 23 4535.4100000000008 2827.9850000000001 579.09500000000014 24 1.5000000000000002 2448.4450000000006 211.25500000000002 211.58333333333334 25 1.9332779454670339 378.3250000000001 567.58500000000015 4897.9350000000004 2724.8800000000006 67.500000000000014
decision_type=2 2 2 2 9 9 1 1 1 9 9 2 2 1 9 2 9 9 2 2 9 1 2 1 2 2 1 2 9 2 2 2 9 1 2 2 2 1 9 9 2 2 9 1 2 2 1 2 2 2 9 2 2 2 2 9 2 2 2 2 2 2
left_child=1 2 11 4 26 53 8 18 10 48 19 20 -13 27 29 -11 35 -15 -8 -7 22 28 34 -24 -23 -20 47 -14 -22 36 31 39 -5 51 -1 -9 43 42 -39 57 -12 -18 -6 44 45 -2 -32 -4 -10 54 -28 -34 -31 -3 -33 56 -45 -16 -55 60 -60 -35
right_child=14 5 3 32 37 6 7 16 9 15 40 12 13 17 30 -17 41 -19 25 -21 21 24 23 -25 -26 -27 50 -29 -30 52 46 49 33 61 -36 -37 -38 38 -40 -41 -42 -43 -44 55 -46 -47 -48 -49 -50 -51 -52 -53 -54 58 -56 -57 -58 -59 59 -61 -62 -63
leaf_value=-0.18712925157602314 -1.0672119213754343 -0.050838526697859002 -0.088536397354455343 2.5629860287835551 0.061033631995889875 -0.16473458463624555 -0.89603973236269219 -0.22401946273723966 0.157629837848096 -0.24521046567572569 -0.073054049263269152 -0.81445603218890883 -0.26809712146372328 -0.097567951287270971 -0.51382230458283173 0.01268515368543497 -0.48893031314795943 0.065950975876986326 -0.15629599861406032 -0.31005234737464105 0.43768468859758802 -0.70643426768551487 -0.12318403965298695 0.040024901667297288 0.0093760290200734179 0.14696263980231589 -0.12700107188357065 0.049785421069177764 0.10437300746687761 -0.63979903017719275 0.44575593312793843 -1.3359808974084642 0.12948252009529285 -0.24384979651771613 -0.98599552980885508 0.19596143226652485 1.2939808018430818 -0.15357140026315916 0.19680427716648463 1.1119811075390733 0.076806083511393564 0.44888757546326019 0.63279121359065504 -1.045570363728767 0.081756467513157863 0.095317808948413338 1.2800595972052733 0.42247954836947832 0.0037408624622371715 -1.9357129300853211 -0.8031438837068724 -1.1836791340946065 -0.3215627874567541 -0.73475276164864312 1.9263929463464793 0.54756960743399152 0.52575690801698627 0.35036388039213939 0.0090964722568496192 0.039253452895037635 -0.82125448215963892 1.0706084611590831
leaf_weight=959 65 58 158 324 215 2163 29 67 533 327 337 27 272 310 64 2903 180 410 121 33 408 107 526 1516 7197 112 253 68 2277 33 297 66 91 58 81 55 69 446 332 283 823 21 490 37 159 23 641 67 162 23 146 28 55 57 45 527 74 193 42 49 74 222
leaf_count=959 65 58 158 324 215 2163 29 67 533 327 337 27 272 310 64 2903 180 410 121 33 408 107 526 1516 7197 112 253 68 2277 33 297 66 91 58 81 55 69 446 332 283 823 21 490 37 159 23 641 67 162 23 146 28 55 57 45 527 74 193 42 49 74 222
internal_value=0.000127739 -6.46457e-05 0.000303102 0.00175609 0.000776066 -0.000837526 -0.000656809 -0.00380527 -0.000396417 0.000485653 -0.0014396 8.82706e-06 -0.0022133 -0.00164628 0.0019665 -0.000161887 -0.00688244 6.82128e-05 9.09091e-05 -0.00248981 0.000197912 0.000511148 -0.000799677 8.55746e-05 6.8334e-05 0.00174788 -0.00204082 -0.00524079 0.00169107 7.109e-05 0.00313846 0.00129247 0.00452824 0.00215413 -0.00258869 -0.000925926 0.000705329 0.00199699 0.000537295 0.00257827 0.000511509 -0.00998832 0.0034993 0.000126689 -0.00254808 -0.00824176 0.00443677 0.00110294 0.00351342 -0.00346715 -0.00391383 -0.00236742 -0.00604396 -0.00546075 -0.000986842 0.00126728 -0.00211694 0 -0.007 -0.0046875 -0.00714286 0.00426621
internal_weight=27788 25134 16988 2830 2107 8146 7866 585 7281 3925 3356 14158 1087 1060 2654 3230 323 720 262 2196 13071 9989 3082 2042 7304 233 624 340 2685 1042 1612 674 723 399 1040 122 954 1483 778 540 1160 201 705 885 247 88 938 225 695 134 399 119 88 280 111 638 111 257 222 165 116 280
internal_count=27788 25134 16988 2830 2107 8146 7866 585 7281 3925 3356 14158 1087 1060 2654 3230 323 720 262 2196 13071 9989 3082 2042 7304 233 624 340 2685 1042 1612 674 723 399 1040 122 954 1483 778 540 1160 201 705 885 247 88 938 225 695 134 399 119 88 280 111 638 111 257 222 165 116 280
cat_boundaries=0 2 4 5 6 7 9 11 12 14 15 17 19 20 21 22 24 26 27 28 30 32 34 35 36 38 40
cat_threshold=2156147816 1328224 2156068896 528640 1 611 2147 71603714 468008 894210179 345216 262 3015163970 262156 1082049 33558940 262912 140703248 32005 548 2592 1193 67633412 1245312 612384825 278657 2061 686 555794816 65552 524428 82978 525061 70144 540 3093 274504 17408 278921282 262144
is_linear=0
shrinkage=0.05


Tree=65
num_leaves=63
num_cat=14
split_feature=20 21 6 0 19 1 20 1 17 7 1 21 21 1 1 0 1 6 21 20 19 4 1 17 11 16 9 17 11 17 7 17 6 7 7 6 15 19 1 9 6 20 17 19 17 4 17 7 19 7 21 11 20 0 11 19 19 11 7 1 21 21
split_gain=4.37429 3.45988 2.63659 2.83718 3.99645 3.58906 2.49953 2.46777 2.58403 2.44568 2.4397 2.21163 2.1258 2.11031 1.98012 1.92774 1.92595 1.76246 1.66551 1.54374 1.41628 1.8985 1.65435 1.6497 1.2256 1.18585 1.96027 1.38753 1.39453 1.162 1.15527 1.44118 1.14713 1.13906 1.12665 1.12168 1.10209 1.07028 1.01453 0.901038 0.827689 0.740156 0.727069 0.722547 1.41157 0.717667 0.6987 1.4167 0.87153 0.781113 0.664406 0.646508 0.816472 0.673072 0.589716 0.58956 0.45031 0.470597 0.44722 0.428546 0.371794 1.33253
threshold=250.50000000000003 77.683333333333351 13071.820000000002 0 802.86000000000013 1 9.5000000000000018 2 0.72337295187931516 619.57000000000005 3 41.689903846153854 84.055555555555571 4 5 6 7 1376.8900000000001 87.071428571428584 1.0000000180025095e-35 992.96500000000003 8 9 1.5486953008050115 5972.2350000000015 1.1999926898472433 720.37500000000011 0.90526384473832511 1490.2450000000001 2.0191849041128709 579.09500000000014 1.8662752725601452 2012.74 717.30500000000018 192.905 2012.74 1.5000000000000002 2109.9650000000006 10 1754.2450000000001 2012.74 91.500000000000014 1.7562965942176627 3023.3750000000005 1.2494552107107546 11 3.0079157151870466 1421.8500000000004 629.20500000000004 1003.575 157.29166666666671 609.12500000000011 276.50000000000006 12 1582.8400000000004 2459.8250000000003 2699.8750000000005 299.98500000000007 1800.5350000000003 13 133.10000000000002 174.16666666666671
decision_type=2 2 2 1 2 9 2 9 2 2 9 2 2 9 9 1 9 2 2 2 2 9 9 2 2 2 2 2 2 2 2 2 2 2 2 2 2 2 9 2 2 2 2 2 2 9 2 2 2 2 2 2 2 1 2 2 2 2 2 9 2 2
left_child=1 2 3 7 5 41 15 35 24 10 51 56 -13 20 46 18 -6 -7 -3 -10 21 38 45 -23 -9 26 54 28 -27 -28 31 -14 -18 -17 -29 42 -24 40 -8 -37 -20 -5 -1 -4 -45 -22 47 48 -11 -48 -50 -2 -53 -54 -15 58 57 -12 60 -59 -16 -62
right_child=9 6 43 4 16 17 13 8 19 14 11 12 30 25 55 33 32 -19 37 -21 22 23 36 -25 -26 27 29 34 -30 -31 -32 -33 -34 -35 -36 39 -38 -39 -40 -41 -42 -43 -44 44 -46 -47 49 -49 50 -51 -52 52 53 -55 -56 -57 -58 59 -60 -61 61 -63
leaf_value=-0.01748120092984573 2.2127975712649808 0.42393195712080795 -0.20594602504160564 0.079212349461094345 0.073963727930340367 -0.044645272688928372 0.31050341995292935 -0.15482249033361473 0.19519679061458622 1.4257863534505941 -0.64810990258138768 -1.6374931689489161 -0.79443048347057754 0.50802105895773375 2.7045568880574318 -0.033352444457698915 -0.39730037044192223 -0.12839450237452041 0.019934780774604557 -0.024089185201058072 -0.079191703533520119 -0.10376855663921668 -0.91831481304255291 0.19474631831514416 -0.44173802014654706 0.80317154262675361 -0.83151400568804235 0.69798024308859929 -0.23846152251823743 0.049006689263968187 -1.5760181923960319 0.34243697642089099 -0.47252733238263644 2.411387343902339 0.29790561444468011 0.075332073865758672 0.093350700849824622 0.52932896833382304 0.010298060799565434 -0.051220136522336729 -0.63195058171039831 -0.075476326671659516 1.2152578934366369 -0.26908866719532498 -0.20234572832804326 -0.39406219285730321 -1.2361961974825659 -3.8427986958220419 -1.6388791625704486 5.7775170043177706 1.2412130524177263 0.9825062898738971 1.4914330112387724 -1.4167811235994863 -0.11210833478753957 -0.061302635277827734 -2.4273609467753241 2.0685500307637437 1.2419757377316132 0.76645329931646633 -0.91334582769324912 1.7735088626531637
leaf_weight=40 180 40 24 915 106 1585 1238 440 1589 114 55 36 101 115 475 67 232 1617 29 6745 212 1528 61 1189 64 55 85 196 171 57 27 188 179 38 2513 1458 899 24 613 219 222 246 112 29 25 358 55 31 47 67 34 70 106 33 72 41 26 150 56 178 70 241
leaf_count=40 180 40 24 915 106 1585 1238 440 1589 114 55 36 101 115 475 67 232 1617 29 6745 212 1528 61 1189 64 55 85 196 171 57 27 188 179 38 2513 1458 899 24 613 219 222 246 112 29 25 358 55 31 47 67 34 70 106 33 72 41 26 150 56 178 70 241
internal_value=0.000116944 -7.32979e-05 -0.000536697 -0.000486334 -0.00148474 -0.000976294 0.000661727 -2.46017e-05 -0.000375664 0.00216548 0.000455334 -0.00114664 -0.00408451 0.000835558 0.00371759 -0.00307329 -0.00564904 -0.00184292 -0.00507075 -0.00015893 0.000274096 0.000721943 -0.0010274 -0.000105311 -0.00384615 0.00186146 -0.000865964 0.00219112 -0.00141921 -0.00534483 -0.00250784 -0.00132705 -0.00710495 0.00243056 0.00251198 0.00163545 0.00020555 -0.00651978 0.00195145 0.00122768 -0.00752953 0.00137351 0.00580645 -0.0095679 -0.0127193 -0.00313036 0.000277008 -0.00120087 0.000189394 0.0034 -0.00342262 0.00363806 0.00147406 -0.000440141 0.00230263 0.00495257 0.00124393 0.00178109 0.00529586 0.00256798 0.00560837 0.00378185
internal_weight=27788 25407 15625 15547 4880 4363 9782 10667 8838 2381 1150 761 352 9362 1231 420 517 3202 315 8334 6098 4568 1530 2717 504 3264 329 2935 226 142 316 289 411 105 2709 1829 960 275 1851 1677 251 1161 152 78 54 570 348 226 195 122 81 389 209 139 187 883 409 383 842 328 786 311
internal_count=27788 25407 15625 15547 4880 4363 9782 10667 8838 2381 1150 761 352 9362 1231 420 517 3202 315 8334 6098 4568 1530 2717 504 3264 329 2935 226 142 316 289 411 105 2709 1829 960 275 1851 1677 251 1161 152 78 54 570 348 226 195 122 81 389 209 139 187 883 409 383 842 328 786 311
cat_boundaries=0 1 3 5 7 9 11 12 14 15 17 19 20 21 23
cat_threshold=1 2491982963 327681 1444233281 1200168 2450391067 49696 2963756239 1342500 2424857600 119296 1 32900 16896 24 279057536 21504 547558528 1069092 18 1 536870912 17
is_linear=0
shrinkage=0.05


Tree=66
num_leaves=63
num_cat=14
split_feature=21 5 1 14 4 2 1 1 10 8 4 1 8 18 22 10 18 10 2 8 8 17 1 5 17 1 10 17 5 18 10 2 21 10 18 2 17 8 2 18 18 5 10 18 18 1 8 8 10 22 17 17 17 18 17 21 18 10 10 18 18 17
split_gain=4.01693 2.67247 3.351 2.5257 2.30316 1.94432 4.66219 2.25486 2.27839 2.86139 2.29225 1.82505 1.77418 1.50984 1.50275 1.32078 1.27536 1.24034 1.18809 2.07309 1.49659 1.18155 2.02465 1.0914 1.53678 1.07449 1.30312 1.01644 1.03578 0.915503 0.907325 0.863746 0.827526 0.821081 0.816777 0.985481 0.800746 1.05151 0.798777 0.983432 0.693475 0.670874 0.65971 1.96652 1.06463 0.631658 0.626723 1.88709 0.587793 0.467773 0.383864 0.355402 0.904384 0.307799 0.285553 0.284997 0.282422 0.279607 0.271541 0.267537 0.320523 0.266333
threshold=175.58333333333334 12.500000000000002 0 8.5000000000000018 1 2 3 4 2977.9300000000003 1440.9600000000003 5 6 769.42500000000007 0.363840095617945 64.074435624406419 3082.8750000000005 0.24244437015401582 1950.49 7 1240.0650000000003 69.425000000000011 1.6628390375128872 8 236.50000000000003 0.833722734260953 9 308.87500000000006 1.2976277979716879 143.50000000000003 1.310491561409191 2314.7600000000007 10 118.08333333333336 1079.3700000000001 1.1621057578925964 11 2.0296338026135485 290.89000000000004 12 1.5982014653363279 0.48610511353413227 195.50000000000003 727.61500000000012 1.3792499246489391 0.87068616330522086 13 579.09500000000014 521.99000000000012 1531.1400000000001 7.7327380171570583 2.2536697901900129 1.9586877231193094 1.8360016394027865 1.0950960563313639 2.6666706987621476 207.16666666666671 0.77017718267234414 862.8850000000001 1776.7700000000002 0.16988394426345946 0.63026240161405744 2.5912538733880139
decision_type=2 2 9 2 9 1 9 9 2 2 9 9 2 2 2 2 2 2 1 2 2 2 9 2 2 9 2 2 2 2 2 1 2 2 2 1 2 2 1 2 2 2 2 2 2 9 2 2 2 2 2 2 2 2 2 2 2 2 2 2 2 2
left_child=1 2 4 5 48 6 23 18 10 -10 -9 17 14 16 25 32 -4 34 19 -7 -20 22 -8 24 -3 26 -13 -16 40 -23 -19 -28 50 -25 35 46 45 -38 39 56 -29 -30 -6 44 -44 -37 47 -2 57 -34 -15 52 -40 -32 -48 -55 -14 -1 -45 -27 -61 -53
right_child=11 3 13 -5 42 7 21 8 9 -11 -12 12 38 15 27 -17 -18 30 20 -21 -22 29 -24 33 -26 59 31 28 41 -31 53 -33 49 -35 -36 36 37 -39 51 -41 -42 -43 43 58 -46 -47 54 -49 -50 -51 -52 61 -54 55 -56 -57 -58 -59 -60 60 -62 -63
leaf_value=-0.091730467656650563 1.7948859806483015 -0.32260969910432707 0.11431619747064908 -0.25946267946079421 -1.5156962384409167 0.074757417622709529 -0.0032164350684521729 -0.075141370215231262 -0.14441688375876788 0.022574046909714696 0.016721631448210417 -0.23840461555317083 1.064261304020647 0.11424487086291815 1.3174764175125935 -0.29928420769575576 -0.75432810628856128 -0.88544514282338627 -0.27551847329595808 0.59278152793570349 0.029226939975196722 -0.057406420271104257 -0.18702423032540139 0.61632499033433885 0.4097176081656187 0.5953874843375383 1.1570779114755172 -0.20612307952789283 1.4626272897790376 0.28406031865300946 1.330887501281584 -0.15211182029194675 -0.49614808057901316 -0.23654623962778418 1.1125811803232466 -0.086532896744439647 -1.373206936676886 0.52590567220469353 1.3719663294490598 -0.24821028894496067 -1.1750449451261968 -0.9115470964702217 -1.0238573200415975 -0.63312089649932579 0.24857528089916991 -0.32750782859957939 2.4083800714705039 -0.90580636732970243 -0.31122768406366497 0.46405750627311293 0.057671335670291063 0.65673844124096348 -1.3689870817223864 0.19739617915760554 1.1723178654399071 -0.93054823254382946 2.0640162143794583 0.5304956612890388 -0.48591847053058412 1.2659786253587932 1.1296427181481847 0.30903754440734643
leaf_weight=34 113 67 33 31 61 1328 248 5365 1217 665 9797 45 93 208 30 28 50 32 205 161 3232 497 184 39 1159 28 119 32 40 107 22 171 21 85 83 212 40 301 64 29 54 38 73 23 34 150 66 38 36 40 47 184 31 22 23 28 164 32 27 227 99 76
leaf_count=34 113 67 33 31 61 1328 248 5365 1217 665 9797 45 93 208 30 28 50 32 205 161 3232 497 184 39 1159 28 119 32 40 107 22 171 21 85 83 212 40 301 64 29 54 38 73 23 34 150 66 38 36 40 47 184 31 22 23 28 164 32 27 227 99 76
internal_value=0.000116944 -7.65803e-05 -0.00301667 1.17876e-05 -0.00675676 3.28421e-05 0.00138599 -0.000112587 -0.000386938 -0.00202918 -0.00017969 0.0019665 0.00309044 0 0.00156603 0.00144092 -0.0059593 0.000371829 0.000825066 0.00200566 0.000293478 -0.00109628 -0.00310345 0.00331988 0.00380391 0.00269147 0.000395115 -0.00215736 -0.00389222 0.000247117 -0.0046729 0.00179181 0.00250784 -0.000787402 0.000947522 0.000462474 -0.000436453 0.00119913 0.00514363 0.00727425 -0.00758427 0 -0.00963203 -0.00742188 -0.00284091 -0.00212329 0.00316206 0.000892857 0 -0.00214844 0.00382752 0.00295516 0 -0.000666667 0.00665761 -0.00330189 0.00850962 0.00253623 -0.015566 0.00456403 0.00509119 0.0039924
internal_weight=27788 25134 747 24387 320 24356 2386 21970 17044 1882 15162 2654 1524 427 883 344 83 1130 4926 1489 3437 1036 432 1350 1226 689 335 194 164 604 104 290 316 124 1026 943 703 341 641 286 86 78 218 157 107 362 240 151 102 61 255 355 95 72 89 50 257 66 50 354 326 260
internal_count=27788 25134 747 24387 320 24356 2386 21970 17044 1882 15162 2654 1524 427 883 344 83 1130 4926 1489 3437 1036 432 1350 1226 689 335 194 164 604 104 290 316 124 1026 943 703 341 641 286 86 78 218 157 107 362 240 151 102 61 255 355 95 72 89 50 257 66 50 354 326 260
cat_boundaries=0 2 3 4 6 8 9 11 12 14 16 17 18 19 20
cat_threshold=537427980 82049 20 1536 613040879 73912 1469415426 1759243 3 3015163970 278532 134 2183173120 295424 524428 66688 609 288 418 537034754
is_linear=0
shrinkage=0.05


Tree=67
num_leaves=63
num_cat=14
split_feature=20 21 1 20 2 8 2 1 1 10 18 1 5 1 1 5 4 8 5 22 21 21 17 5 21 22 1 21 17 10 19 5 18 19 8 10 21 22 11 17 17 20 20 16 18 4 20 22 17 20 10 2 17 20 2 10 17 22 2 20 19 20
split_gain=3.99595 3.06419 2.62673 2.47036 2.35489 2.26909 2.10233 4.46957 2.56707 2.27887 2.68486 2.33666 2.09252 2.00209 1.99341 1.89429 1.83508 2.67528 2.34394 1.91366 1.73713 2.12728 1.70872 2.88968 1.966 1.6657 1.61466 1.35491 2.29873 1.28765 1.28165 1.24767 1.23676 1.22712 1.20239 1.25015 1.21189 1.19505 1.14035 1.12378 1.56733 1.35438 1.03773 1.81428 1.02658 1.02178 0.993393 1.28736 1.21071 0.989643 0.967228 0.855409 1.24284 0.90375 0.81876 0.812009 0.808369 0.776323 0.774109 1.00441 0.953827 0.773801
threshold=250.50000000000003 127.08333333333336 0 20.500000000000004 1 619.57000000000005 2 3 4 3082.8750000000005 0.79394949440426077 5 202.50000000000003 6 7 78.500000000000014 8 330.67500000000007 271.50000000000006 45.319420914828612 41.689903846153854 79.7638888888889 2.0000018609671453 52.500000000000007 30.883116883116887 15.39805148244171 9 58.620192307692314 2.6666650375272281 1469.1450000000002 1137.1200000000001 315.50000000000006 4.1017865256424857 1402.5550000000001 2160.7300000000005 3890.3900000000003 65.038461538461561 35.030343378318797 1036.0250000000003 2.8579337185508673 1.5634309960750767 150.50000000000003 58.500000000000007 1.4999972783388438 0.25689558987229938 10 205.50000000000003 96.305935656820864 2.3810584830175308 388.50000000000006 821.81500000000017 11 1.4899327163617979 2.5000000000000004 12 365.15000000000003 2.4179791118643874 8.9832184809140418 13 337.50000000000006 826.31000000000006 348.50000000000006
decision_type=2 2 9 2 1 2 1 9 9 2 2 9 2 9 9 2 9 2 2 2 2 2 2 2 2 2 9 2 2 2 2 2 2 2 2 2 2 2 2 2 2 2 2 2 2 9 2 2 2 2 2 1 2 2 1 2 2 2 1 2 2 2
left_child=1 6 16 51 26 14 7 42 32 22 25 -12 27 -7 15 38 39 19 -19 -18 44 -22 24 -24 -10 -11 29 28 -9 -5 -29 33 34 -23 36 -36 -8 -20 -2 40 41 -3 50 57 -16 61 47 -6 -48 54 -1 52 -4 -54 -46 -28 -45 -44 59 60 -47 -15
right_child=5 2 3 4 46 13 8 12 9 10 11 -13 -14 45 20 -17 17 18 37 -21 21 31 23 -25 -26 -27 55 30 -30 -31 -32 -33 -34 -35 35 -37 -38 -39 -40 -41 -42 -43 43 56 49 58 48 -49 -50 -51 -52 -53 53 -55 -56 -57 -58 -59 -60 -61 -62 -63
leaf_value=-0.022486966994311297 0.89602074860206649 -0.87724891438063468 -0.99546577337071018 0.69998331166203309 0.34447640908277344 1.8578396694739034 -0.0071344857057484392 -0.27636784041788348 -0.24702070317125352 -0.27493876597536959 0.021021125928322528 -0.14697008942577311 0.033530965934159343 -0.948001019100704 -0.26450877832466946 2.0987608226536438 -0.0088261082119529995 0.64237990472691708 0.17176202469604754 -0.93693480723565303 -1.899879232159245 0.32114052540630811 -0.21508258091239973 0.07000243820960779 -0.043136072886992775 -0.15532741805078507 -0.034089234621397679 0.20045565694849438 0.2072639339229454 -0.13504296277966327 -0.70645114626102412 -1.012015810861459 0.087010972822371357 -0.68828651633176008 -0.76190598813780697 0.12130845303953085 0.082335873803102644 -1.1013664821949614 -1.7136975246959711 -1.4111703139626368 0.0030797368728960441 -0.014889762108389527 -0.72751299898426991 0.24063248023296888 -0.24907608759478583 -3.5039576622906972 -0.071663388436810041 -0.27292965005625547 -2.1105338620257821 5.259505994187311 0.52823510900441029 0.0035223416402531352 -0.69151122774584972 0.25460518145508193 2.0087735408358847 1.2094999540390099 1.0102773024120548 0.040367566615367424 1.6470432794776912 2.4587890215858224 1.3319973778760148 0.41205847652960093
leaf_weight=66 61 93 20 709 1338 660 3610 242 986 84 617 754 545 58 143 277 57 377 60 43 30 184 848 3448 6148 65 44 139 81 223 48 52 161 95 54 51 2092 51 21 29 164 48 43 440 108 54 242 185 31 52 405 150 22 65 127 397 87 45 325 59 28 47
leaf_count=66 61 93 20 709 1338 660 3610 242 986 84 617 754 545 58 143 277 57 377 60 43 30 184 848 3448 6148 65 44 139 81 223 48 52 161 95 54 51 2092 51 21 29 164 48 43 440 108 54 242 185 31 52 405 150 22 65 127 397 87 45 325 59 28 47
internal_value=0.000102551 -7.92011e-05 0.00112618 0.0017665 0.00216346 0.00206061 -0.000330572 0.00114322 -0.000500502 -0.000896783 -0.00272489 -0.00197416 -0.0011353 0.00355551 0.000411969 0.00346102 -0.00120321 0.000415973 0.00203666 -0.00679612 -0.000948383 -0.00353709 -0.000649436 0.000127937 -0.00112442 -0.00912829 0.00372475 -0.00346004 -0.00540644 0.00238095 0 -0.00213323 0.000351112 -0.000576241 0.000221601 -0.00497685 0.000328659 -0.00405702 -0.00264706 -0.00410663 -0.00304383 -0.00685764 0.00338944 0.00192152 0.001097 0.00117723 0.000912106 0.00143349 -0.0017663 0.00288793 0.00524789 -0.00283654 -0.0059375 -0.00291667 0.00120798 0.00630507 0.00308962 -0.0043956 0.00224426 -0.000568182 -0.00441176 -0.00286017
internal_weight=27788 25407 4348 3426 3169 2381 21059 2141 18918 12950 1520 1371 1055 1231 1150 359 922 588 488 100 791 361 11430 4296 7134 149 1373 510 323 932 187 331 5968 279 5807 105 5702 111 82 334 305 141 1086 615 430 571 1796 1523 273 287 471 257 107 87 235 441 527 88 466 141 82 105
internal_count=27788 25407 4348 3426 3169 2381 21059 2141 18918 12950 1520 1371 1055 1231 1150 359 922 588 488 100 791 361 11430 4296 7134 149 1373 510 323 932 187 331 5968 279 5807 105 5702 111 82 334 305 141 1086 615 430 571 1796 1523 273 287 471 257 107 87 235 441 527 88 466 141 82 105
cat_boundaries=0 2 3 4 6 8 10 12 14 15 17 18 19 20 21
cat_threshold=2436170242 1073312 908 1536 613040300 90296 3610624594 1726601 545783849 65538 639697822 262275 2450259979 49696 5 713740425 1040 1 2834 91 706
is_linear=0
shrinkage=0.05


Tree=68
num_leaves=58
num_cat=7
split_feature=20 14 5 7 13 6 1 1 7 1 1 5 5 7 13 23 22 5 1 18 16 19 7 5 22 17 22 20 5 1 5 17 5 20 23 0 10 6 5 18 5 20 19 18 7 20 18 22 7 19 22 19 20 9 19 5 22
split_gain=3.30369 2.48182 2.45129 2.01177 4.07511 1.92122 2.97784 1.95992 1.88131 1.88438 1.80131 1.76891 1.61701 1.59849 1.57806 1.50002 1.24426 1.23815 1.19911 1.4918 1.14449 1.03639 1.01099 0.914603 0.91393 0.795918 0.736939 0.87616 0.678085 0.607942 1.00104 0.839246 0.60394 1.36538 0.59978 0.56403 0.553417 0.452149 0.591731 0.679062 0.448768 0.396991 0.386569 0.360915 0.34804 0.328472 0.713685 0.683048 0.546677 0.50719 0.249786 0.248203 0.229614 0.192527 0.343841 0.0808898 0.03963
threshold=250.50000000000003 8.5000000000000018 3.5000000000000004 -1.0000000180025095e-35 1.5000000000000002 2501.0100000000007 0 1 665.60000000000002 2 3 118.50000000000001 320.50000000000006 -171.00499999999997 1.5000000000000002 1.5000000000000002 34.519176845103324 158.50000000000003 4 0.63026240161405744 1.8456042521854081 1901.3400000000004 255.06000000000003 284.50000000000006 19.316840757470867 1.8181843054511293 65.04741828570269 279.50000000000006 168.50000000000003 5 50.500000000000007 2.2536697901900129 63.500000000000007 285.50000000000006 3.5000000000000004 6 1553.5250000000003 4496.4800000000005 332.50000000000006 0.81813103516632257 66.500000000000014 301.50000000000006 722.73500000000024 1.5982014653363279 992.0350000000002 334.50000000000006 0.45822087876497902 5.6715474762848546 890.58500000000015 183.12000000000003 33.112434536278741 2136.4150000000004 313.50000000000006 1473.3250000000003 835.47500000000002 116.50000000000001 96.305935656820864
decision_type=2 2 2 2 2 2 9 9 2 9 9 2 2 2 2 2 2 2 9 2 2 2 2 2 2 2 2 2 2 9 2 2 2 2 2 1 2 2 2 2 2 2 2 2 2 2 2 2 2 2 2 2 2 2 2 2 2
left_child=1 2 24 4 13 7 11 12 15 45 -8 -7 -5 28 -9 18 37 -15 19 35 -6 29 51 32 -1 -25 27 -18 -4 31 -31 -20 33 -17 50 52 -26 38 43 -40 -22 -21 -37 -11 -28 47 -47 48 -10 -50 -34 -23 -2 54 -48 -49 -46
right_child=8 -3 3 5 20 6 10 14 9 16 -12 -13 -14 17 -16 23 26 -19 21 41 40 22 -24 25 36 -27 44 -29 -30 30 -32 -33 34 -35 -36 42 -38 -39 39 -41 -42 -43 -44 -45 56 46 53 55 49 -51 -52 -53 -54 -55 -56 -57 -58
leaf_value=-1.3460985935611731 2.9826949029821366 -0.24115230205682714 -0.43945775011738847 -0.065028781584089757 -0.56220505660725917 -0.63232297018605133 0.070066289454438824 0.051875460153978994 1.0220406248099381 2.3417028238015902 -0.03816358008905496 -0.13775423354875801 0.27294104176787731 -0.11657283367613901 -0.056252765636467576 0.79866427939280116 0.85115519064898892 -0.87524639179458752 0.37119153614112277 2.7710812148001418 -0.035651415727041426 -1.6585403794298701 -1.5104605010729417 -0.99844236326013602 0.16104586663965464 -0.10919558453030653 -0.99416812146171452 -1.4481067539510752 0.021999436728110257 -0.31865139386383279 1.4996203178293737 -0.75053159444522688 -0.99876303003028755 -1.6990317693743719 -0.34822121553648666 4.1424563234809169 -1.4002463094139732 -0.20878817272868064 -2.0488121785856097 3.9009578439468031 1.7287230244821785 -1.8775353733861726 -1.36414973633745 0.69914685182094449 1.7331358000052264 -2.4754514108020631 4.062799097573877 1.315789140785623 -0.97667821465868487 -1.7606317954653208 1.0268426153653827 4.416546705585505 2.0805927972380789 1.7960692852290059 0.064965077619770287 1.9643037900324705 5.3402782295276188
leaf_weight=43 90 31 101 2717 21 131 1339 12591 24 633 6383 238 247 41 1257 24 20 50 68 27 23 22 52 26 37 27 38 36 52 93 386 44 27 31 27 23 23 35 37 22 82 24 29 29 21 29 33 20 42 29 87 29 110 20 21 20 26
leaf_count=43 90 31 101 2717 21 131 1339 12591 24 633 6383 238 247 41 1257 24 20 50 68 27 23 22 52 26 37 27 38 36 52 93 386 44 27 31 27 23 23 35 37 22 82 24 29 29 21 29 33 20 42 29 87 29 110 20 21 20 26
internal_value=7.01666e-05 -9.49429e-05 -7.4865e-05 -4.10468e-05 -0.00368633 1.15434e-05 -0.000619286 0.000318168 0.00185088 0.00332821 -0.000397544 -0.0049411 -0.000839772 -0.00748988 0.000569944 0.000460368 0.0043544 -0.0128989 0.0013625 0.00391614 0.00329457 0.000106082 -0.00436321 -0.00292659 -0.00766509 -0.00870536 0 -0.00423729 -0.00376603 0.000989057 0.00180386 -0.002 -0.00100503 -0.00538793 0.000434028 0.00568627 -0.00238095 0.00520422 0.00547307 0 0.0056713 -0.00300926 0 0.00590226 0.00298295 -0.000498008 0.00129717 -0.00226449 -0.00471939 -0.00692568 0.00235043 0 0.00689655 0.00422078 0.00570175 0.00232558 0.00575
internal_weight=27788 25407 25376 25273 370 24903 8091 16812 2381 1135 7722 369 2964 244 13848 1246 897 91 997 303 126 694 103 249 103 53 141 56 153 591 479 112 196 55 141 252 60 756 721 59 105 51 52 662 85 238 103 135 95 71 114 51 200 74 54 40 47
internal_count=27788 25407 25376 25273 370 24903 8091 16812 2381 1135 7722 369 2964 244 13848 1246 897 91 997 303 126 694 103 249 103 53 141 56 153 591 479 112 196 55 141 252 60 756 721 59 105 51 52 662 85 238 103 135 95 71 114 51 200 74 54 40 47
cat_boundaries=0 2 4 6 8 10 12 13
cat_threshold=2441281568 4352 134387468 1060140 2424882176 102432 1140888852 1204300 2415919251 33312 135180 266241 1
is_linear=0
shrinkage=0.05


Tree=69
num_leaves=63
num_cat=15
split_feature=20 22 4 1 5 11 5 6 1 8 11 1 2 2 2 1 15 2 8 10 10 2 2 6 20 22 2 20 22 19 19 20 20 6 1 1 6 8 22 6 20 19 5 19 2 9 20 19 11 19 8 5 11 5 10 19 19 8 20 5 20 20
split_gain=3.45054 2.14969 2.07688 3.52326 4.03123 2.5988 2.34555 2.1377 2.24587 1.93143 1.85771 1.52573 1.46845 1.45798 1.44195 2.04311 1.50645 1.43792 1.34484 1.30447 1.42727 1.53517 1.29153 2.77438 1.58703 1.28556 1.23682 1.22498 1.21907 1.20352 1.83863 1.14385 1.55282 1.16605 1.12176 1.11375 1.29207 1.03979 1.00999 0.972582 0.773185 0.813968 0.692527 0.664021 0.83325 0.651982 0.633839 0.632979 0.61583 0.606735 0.94922 0.587344 0.569288 0.530435 0.530223 0.52884 1.17289 0.495945 0.492279 0.47377 0.472192 0.46408
threshold=270.50000000000006 19.001315698365151 0 1 29.500000000000004 272.73500000000007 180.50000000000003 13071.820000000002 2 612.20500000000004 810.31500000000017 3 4 5 6 7 4.5000000000000009 8 1020.7100000000002 459.26500000000004 1135.4250000000004 9 10 1376.8900000000001 33.500000000000007 15.39805148244171 11 115.50000000000001 21.926011208122144 1794.3950000000002 2225.5050000000006 279.50000000000006 294.50000000000006 1734.8500000000001 12 13 1734.8500000000001 806.98000000000013 11.316163198275598 4496.4800000000005 337.50000000000006 905.51999999999998 203.50000000000003 786.84000000000003 14 162.93000000000004 301.50000000000006 3081.9199999999996 1653.3950000000002 992.96500000000003 1322.9350000000002 52.500000000000007 646.04500000000019 63.500000000000007 815.68000000000018 756.3950000000001 1.0000000180025095e-35 209.65500000000003 184.50000000000003 90.500000000000014 393.50000000000006 313.50000000000006
decision_type=2 2 9 9 2 2 2 2 9 2 2 9 1 1 1 9 2 1 2 2 2 1 1 2 2 2 1 2 2 2 2 2 2 2 9 9 2 2 2 2 2 2 2 2 1 2 2 2 2 2 2 2 2 2 2 2 2 2 2 2 2 2
left_child=2 9 3 4 49 6 29 8 22 17 26 40 34 55 15 -10 -16 60 37 58 21 -21 24 -24 -7 47 59 -22 52 -4 57 -19 33 -33 48 42 -37 53 -36 43 46 -42 -14 -13 -45 -32 -11 -9 -6 50 54 -34 -28 -15 -1 56 -3 -31 -12 -5 61 -2
right_child=1 13 5 10 12 7 -8 25 14 11 19 39 35 18 16 -17 -18 31 -20 20 27 -23 23 -25 -26 -27 28 -29 -30 30 45 32 51 -35 38 36 -38 -39 -40 -41 41 -43 -44 44 -46 -47 -48 -49 -50 -51 -52 -53 -54 -55 -56 -57 -58 -59 -60 -61 -62 -63
leaf_value=-0.8214836388037926 2.1154765728140177 -2.0478542250509704 -1.0602685491229065 0.043683022650799333 -0.31247204941942147 -0.010317664588896536 0.40033755062358511 -0.20574020582675476 0.42339723799280266 0.49376706603416398 -0.10717530225486414 2.7259803234861586 -0.12561888407532296 -2.5635434035796325 0.0050205708265092857 -0.1302913525499417 -0.03684449349157113 2.8335601578330301 1.927878395238227 -0.2581593233425532 -0.18432724206685283 0.14106964430159863 0.20569469318282235 -0.022048318742366037 0.14608629873474302 0.14332354550915338 -0.30960100219664438 -0.64627580305898558 0.36274513013807408 0.56285271309415952 -0.07625108367974423 -1.8746564998589101 -0.42960645019728627 -0.74789690613296578 -0.18876573007639089 -0.034717491000092873 0.22876220877858044 -1.6501973632577505 0.27524931011989562 -0.66560841570818785 4.846772750147335 0.064721697210938706 0.14271166561792592 0.36482811609509835 2.4532832077345503 -0.95801885161620415 -1.4821334401869102 -0.24186766084220124 -0.020646841224890446 -0.82651548915009576 -1.3170885776156489 0.96643780836080995 0.077944976321990822 0.76199244030078883 0.018125292436584672 -1.1970465790634055 1.6955433439788778 -0.21278677564682377 -1.7066159203668834 1.2805689376627871 5.1491082493422713 -0.24079562596781268
leaf_weight=24 58 20 63 32 309 930 94 20 597 60 21 300 188 20 8453 328 4085 54 65 240 953 297 523 3225 3120 20 54 226 26 47 23 20 98 51 152 150 595 25 174 23 52 82 64 118 153 23 50 28 383 76 20 397 32 112 93 54 33 26 33 87 63 46
leaf_count=24 58 20 63 32 309 930 94 20 597 60 21 300 188 20 8453 328 4085 54 65 240 953 297 523 3225 3120 20 54 226 26 47 23 20 98 51 152 150 595 25 174 23 52 82 64 118 153 23 50 28 383 76 20 397 32 112 93 54 33 26 33 87 63 46
internal_value=8.27606e-05 0.00210782 -6.86999e-05 -0.00108145 0.000267738 0.000127787 -0.0046595 0.000192785 0.00022397 0.00286394 -0.00260055 0.00454816 0.000984886 -0.00146837 -0.000164181 0.00171908 -0.00030874 0.000996835 0.000744681 -0.00317259 -0.00287958 -0.000625 0.000899373 0.000212709 0.00151981 -0.0084507 0.00144231 -0.00385998 -0.002 -0.00797297 -0.00420082 -7.89889e-05 -0.000834798 -0.00760135 -0.000315228 0.00233911 0.00331464 -0.00148438 0.00199115 0.00588962 0.00077821 0.00346715 -0.000377358 0.00642422 0.00415146 -0.0117347 -0.00199115 -0.0127451 -0.00148936 -0.00619213 -0.00348214 7.53012e-05 -0.00533708 0 -0.00114583 -0.0059375 -0.0015625 0.000164474 -0.0109649 0.00482955 0.00493056 0.00233645
internal_weight=27788 1954 25834 4229 2228 21605 276 21329 21261 1625 2001 838 2015 329 13463 925 12538 787 222 1770 1716 537 7798 3748 4050 68 231 1179 112 182 119 620 566 71 1018 997 745 157 326 594 244 134 252 571 271 46 110 48 692 213 137 495 86 132 117 107 53 73 54 119 167 104
internal_count=27788 1954 25834 4229 2228 21605 276 21329 21261 1625 2001 838 2015 329 13463 925 12538 787 222 1770 1716 537 7798 3748 4050 68 231 1179 112 182 119 620 566 71 1018 997 745 157 326 594 244 134 252 571 271 46 110 48 692 213 137 495 86 132 117 107 53 73 54 119 167 104
cat_boundaries=0 1 3 5 7 8 9 10 12 13 14 15 16 18 20 21
cat_threshold=1 917279794 24759 3583107409 2065097 2156528681 114688 2342 84 512 537526408 1072 260 1619 909 740 840962064 148 8655890 17 2249
is_linear=0
shrinkage=0.05


Tree=70
num_leaves=63
num_cat=7
split_feature=21 6 12 8 18 10 2 9 0 11 2 21 2 8 14 0 15 2 22 8 15 22 22 8 22 21 18 21 21 10 14 18 18 6 9 10 17 11 22 11 10 10 9 22 22 18 11 17 2 21 21 9 17 21 18 11 11 17 8 18 10 9
split_gain=2.80998 2.4209 2.75517 2.48563 2.68833 2.1615 1.89778 1.84562 1.75831 2.94651 2.27581 2.24432 2.21546 1.7092 1.94943 1.57475 1.42747 1.32388 1.33033 1.31963 1.29173 1.23408 1.64858 1.2022 1.15574 1.14644 1.10332 1.09897 1.04397 1.04299 1.0108 1.08069 1.06597 0.983202 1.04763 0.959831 0.959801 1.331 1.001 0.877978 0.799436 0.774808 0.765707 0.763877 1.21387 0.666027 1.11227 1.26365 0.851974 0.645868 0.604905 0.587261 0.572018 0.567235 0.507205 0.683982 1.57621 0.554442 0.491001 0.47777 0.448273 0.442749
threshold=174.16666666666671 2501.0100000000007 1.5000000000000002 982.68000000000018 1.4309408998764503 2417.4150000000004 0 1800.4400000000003 1 5146.4300000000012 2 59.038461538461547 3 371.54000000000002 3.5000000000000004 4 9.5000000000000018 5 148.78199761334571 641.31000000000006 4.5000000000000009 22.627908033689426 15.211289578210918 2702.2200000000007 21.12094790847804 23.461309523809529 3.0239513236652398 150.12500000000003 57.56349206349207 1733.5800000000002 4.5000000000000009 0.21930520818718161 0.16988394426345946 13071.820000000002 704.61500000000012 976.7700000000001 2.012992107339699 330.7050000000001 89.40837939254655 3147.7850000000003 1455.2150000000004 1235.2350000000004 467.54500000000007 24.749939845654328 11.144953400709857 1.3923548470233056 2195.9150000000004 1.444948516828626 6 177.58333333333334 31.513157894736846 1322.7350000000004 1.3147264754660604 192.75000000000003 1.7241219027281767 1622.0500000000002 1395.5700000000002 1.4652662014136835 1584.3150000000003 1.6378233099904989 1950.49 1601.4800000000002
decision_type=2 2 2 2 2 2 1 2 1 2 1 2 1 2 2 1 2 1 2 2 2 2 2 2 2 2 2 2 2 2 2 2 2 2 2 2 2 2 2 2 2 2 2 2 2 2 2 2 1 2 2 2 2 2 2 2 2 2 2 2 2 2
left_child=1 2 3 5 27 16 7 -7 10 11 30 13 50 -10 -15 19 35 49 36 20 -4 22 -14 28 -18 -8 33 41 -6 -29 31 32 -3 34 -12 -1 45 -38 53 -33 42 -5 -20 44 -17 46 48 -48 -19 -2 -11 -13 -35 -39 55 56 57 -51 -21 -47 -57 -32
right_child=17 8 15 4 23 6 25 -9 9 12 26 51 21 14 -16 43 24 18 40 58 -22 -23 -24 -25 -26 -27 -28 29 -30 -31 61 39 -34 52 -36 -37 37 38 -40 -41 -42 -43 -44 -45 -46 59 47 -49 -50 54 -52 -53 -54 -55 -56 60 -58 -59 -60 -61 -62 -63
leaf_value=0.036200721832423802 -0.62054677439172368 0.12419745694619895 -0.53069057070239989 0.35989670008020697 -0.061612198329712521 -0.30652022265632689 -0.11489864347586914 -0.0097320982440924474 0.057876912167281525 0.0077641194235756224 -0.13031308503051733 -0.36195974257335473 -0.022223292985181976 -0.41944072942425592 0.12939659941283224 0.17294416417664513 0.11403110173839788 -0.11673253369970099 -0.79481229345411908 -0.77281346911139348 0.56980643541283704 0.25902752788613326 -0.43277708879042476 0.20147850785217825 -0.014424469541490305 0.034229818444570979 0.21156105138531292 -1.1789272560972408 0.13460716160834707 1.5942088191097796 -0.051576417179770399 0.28979008853087757 -0.70788558551341729 -0.19509639970083317 -0.032022282101399659 -0.020218054230617 -1.4510060986066997 1.1795346568652718 -0.10734818960309141 0.035597320067051942 -0.65456537571342466 0.8396728682523602 0.39660729193196365 0.54436297675372669 -0.74860349878385557 1.6892948297721517 -0.43866745904351279 -0.0033978389294716752 0.16861354278043664 -0.11880142098234608 0.27540661555411033 0.65259918713222476 -0.051636535126191596 0.7765141330741212 -1.018971803464761 1.6808864385273381 -0.24004175494343372 0.76848008069181084 -0.35953625894458052 0.51961582417026875 0.71603029250951489 -0.22873030554492529
leaf_weight=6967 38 56 28 521 639 235 44 148 35 37 1765 83 64 169 30 44 176 137 34 70 22 22 37 58 99 373 34 69 843 29 23 740 34 45 4312 5505 33 139 87 487 23 971 74 41 31 40 81 129 583 48 83 25 23 642 20 171 51 290 26 42 60 23
leaf_count=6967 38 56 28 521 639 235 44 148 35 37 1765 83 64 169 30 44 176 137 34 70 22 22 37 58 99 373 34 69 843 29 23 740 34 45 4312 5505 33 139 87 487 23 971 74 41 31 40 81 129 583 48 83 25 23 642 20 171 51 290 26 42 60 23
internal_value=6.11709e-05 -0.000102717 0.000235362 0.000318495 0.00158793 2.12177e-05 -0.00249066 -0.00495581 -0.000813346 -0.00346514 -0.000599735 -0.00644928 0.000558943 -0.00917722 -0.010953 -0.00481132 0.000183333 0.00158716 0.000899368 -0.00822148 -0.000471698 -0.00376838 -0.00661058 6.48088e-05 0.00373201 0 -0.00101139 0.00302888 -0.000185185 -0.00173267 0.00122638 0.00152462 -0.00349462 -0.00107149 -0.00099301 0.0001002 0.00125913 0.00244746 0.00287026 0.00194106 -0.00382463 0.00337793 -0.00135135 0 -0.00336538 0.000147783 -0.000187567 -0.00340376 0.000691563 0.00350941 0.00526316 0 -0.00704225 0.00345982 0.00396579 0.00425361 0.00271046 0.00403226 -0.0116162 0.00441176 0.00657051 -0.00561224
internal_weight=27788 25066 16939 16677 3130 13547 800 383 8127 585 7542 342 243 234 199 262 12747 2722 2044 146 50 123 101 1540 275 417 6179 1590 1482 98 1363 1317 90 6145 6077 12472 1913 901 868 1227 131 1492 108 116 75 1012 930 210 720 678 120 108 68 781 640 620 389 338 96 82 231 46
internal_count=27788 25066 16939 16677 3130 13547 800 383 8127 585 7542 342 243 234 199 262 12747 2722 2044 146 50 123 101 1540 275 417 6179 1590 1482 98 1363 1317 90 6145 6077 12472 1913 901 868 1227 131 1492 108 116 75 1012 930 210 720 678 120 108 68 781 640 620 389 338 96 82 231 46
cat_boundaries=0 1 2 3 4 5 6 7
cat_threshold=406 1 768 634 1 384 528
is_linear=0
shrinkage=0.05


Tree=71
num_leaves=63
num_cat=9
split_feature=7 11 6 7 13 15 2 0 7 7 11 19 2 4 0 2 23 2 10 5 7 18 7 11 19 11 5 8 23 15 4 6 7 19 9 11 15 18 5 9 19 18 9 11 23 9 2 10 9 5 19 10 8 11 16 6 18 7 5 5 5 19
split_gain=2.55596 2.57261 2.19759 2.03145 3.37433 1.93116 2.28939 2.14734 2.02941 1.94755 1.84664 2.34754 1.89389 1.65568 1.71531 3.63732 4.1729 2.16411 1.63448 1.63069 1.60708 1.56797 1.41649 1.35385 1.34454 1.16776 2.2743 1.169 1.16261 1.14597 1.12401 1.05831 1.03128 1.08803 0.989461 0.967751 1.35377 1.19875 1.15065 1.10328 1.02649 0.986154 0.944646 0.916752 0.911858 1.08976 0.866689 0.947198 0.834631 0.810364 0.804448 0.79992 1.7834 0.821829 0.732435 0.709933 0.696892 0.694293 0.612263 0.778419 0.610191 0.610594
threshold=945.40500000000009 4684.2850000000008 13071.820000000002 -1.0000000180025095e-35 1.5000000000000002 13.500000000000002 0 1 702.73000000000013 283.74500000000006 2864.8050000000003 3719.2950000000014 2 3 4 5 3.5000000000000004 6 3082.8750000000005 103.50000000000001 -171.00499999999997 0.51769934255952876 360.64000000000004 930.29500000000019 2666.0350000000003 272.73500000000007 178.50000000000003 1846.8350000000003 5.5000000000000009 10.500000000000002 7 2501.0100000000007 2014.8650000000002 983.07500000000005 1383.8450000000003 2601.3300000000004 1.5000000000000002 0.798976793514793 196.50000000000003 1800.4400000000003 476.53499999999991 0.54518533283271797 1306.3900000000001 2584.7300000000005 11.500000000000002 1339.72 8 2934.2850000000003 1227.1450000000002 10.500000000000002 71.764999999999887 3243.7350000000001 1512.9300000000003 4982.5700000000006 1.8586306573402236 2012.74 1.4040477007391619 1440.5050000000003 158.50000000000003 89.500000000000014 168.50000000000003 2066.6600000000003
decision_type=2 2 2 2 2 2 1 1 2 2 2 2 1 9 1 1 2 1 2 2 2 2 2 2 2 2 2 2 2 2 9 2 2 2 2 2 2 2 2 2 2 2 2 2 2 2 1 2 2 2 2 2 2 2 2 2 2 2 2 2 2 2
left_child=1 3 5 4 20 6 8 9 29 -8 19 12 30 25 17 16 -16 21 34 28 60 -15 -9 -17 -19 26 55 31 32 -3 44 -27 33 43 -7 36 37 41 39 -38 -40 -21 46 -2 45 -12 56 -48 -35 57 -51 53 -53 -32 -6 -5 -14 -44 59 -22 61 -1
right_child=10 2 -4 13 54 18 7 22 -10 -11 11 -13 42 14 15 23 -18 24 -20 35 58 -23 -24 -25 -26 27 -28 -29 -30 -31 51 -33 -34 48 -36 -37 38 -39 40 -41 -42 -43 49 -45 -46 -47 47 -49 -50 50 -52 52 -54 -55 -56 -57 -58 -59 -60 -61 -62 -63
leaf_value=-0.49638610804969457 0.7118477508395179 -0.038925999637192635 -0.1868792262480623 -1.0880498596722554 -0.51446555842857478 0.14566528182551314 -0.013719623104889412 -0.22240774146137166 0.11855810843930606 -0.34973036386818501 -0.13202818496854415 -0.35729343108382888 -0.013391856454737373 0.21006361611400212 -0.58522112679478766 0.34596321780632588 0.007965859428794797 -0.036686549127857404 0.16647538631743208 1.1641934982887576 -0.34048195166569006 -0.0019433627184771041 0.015146345670793204 -0.021214806484308558 -0.25371365024320519 0.062002453962749331 1.8481026473561728 -1.028354267535164 -0.59725323419441645 -0.26866368013518732 -0.32062483708167111 -0.023910451086277363 -0.72714417794069708 0.18848243618903276 -0.21742544930810581 1.0132105062559249 0.75372115417157026 -0.32444014424084422 0.41079854198794519 -0.18711597120562617 -0.3515052751021337 2.9138018888494734 0.015698720601735116 -0.1800793388470856 -0.29476598652838731 0.28012783533432994 0.20701357610104765 -0.27095315013474119 -0.27411900772159864 0.1513967199477847 -0.024815959149009848 -0.40497685693539759 -0.19955300546562216 0.98724275604013134 1.4983043623767027 -0.52623689889190273 -0.50305173787448532 -1.184143516471567 -0.86726359907789474 0.029112662710417105 0.025585695890245577 0.0029638146686125745
leaf_weight=72 483 294 46 64 20 25 87 40 199 324 99 46 83 939 767 234 499 2765 137 312 21 1159 240 696 277 9072 92 26 23 106 260 3013 37 286 33 248 463 59 340 61 229 195 23 90 42 213 360 56 159 1417 286 85 101 44 99 78 100 20 47 22 49 26
leaf_count=72 483 294 46 64 20 25 87 40 199 324 99 46 83 939 767 234 499 2765 137 312 21 1159 240 696 277 9072 92 26 23 106 260 3013 37 286 33 248 463 59 340 61 229 195 23 90 42 213 360 56 159 1417 286 85 101 44 99 78 100 20 47 22 49 26
internal_value=7.01666e-05 -0.000185434 -0.00215939 -3.18114e-05 -0.00376045 -0.00177251 -0.0024942 -0.00442116 -0.000102124 -0.00679348 0.000964165 0.000119673 0.000301535 3.36568e-05 -0.000557899 -0.00172806 -0.00345973 -4.86098e-05 0.00271465 0.00186161 -0.00723958 0.00117243 -0.000883392 0.000609756 -0.000908347 0.000389424 -0.00305907 0.000461243 0.000254394 -0.00223325 -0.00169195 0.000489121 0.000555293 0.000905975 -0.00368852 0.00274215 0.0022488 0.00426186 0.00115192 0.0028463 -0.000327797 0.00507353 0.00104432 0.00236545 0.000340599 0.00142857 -0.000602159 0.000582751 -0.000864955 0.0016438 0.0018391 -0.00323062 -0.00595238 -0.0014658 0.00276639 -0.00706897 -0.0033801 -0.00461957 -0.0126344 -0.00570652 -0.00341667 -0.00569307
internal_weight=27788 21568 1531 20037 356 1485 1290 691 599 411 6220 3235 3189 19681 7336 2196 1266 5140 195 2985 237 2098 280 930 3042 12345 234 12111 1078 400 844 12085 1055 1018 58 1907 1659 566 1093 524 569 507 2345 573 354 312 599 416 445 1746 1703 490 186 304 119 142 183 43 90 43 147 98
internal_count=27788 21568 1531 20037 356 1485 1290 691 599 411 6220 3235 3189 19681 7336 2196 1266 5140 195 2985 237 2098 280 930 3042 12345 234 12111 1078 400 844 12085 1055 1018 58 1907 1659 566 1093 524 569 507 2345 573 354 312 599 416 445 1746 1703 490 186 304 119 142 183 43 90 43 147 98
cat_boundaries=0 1 2 3 4 5 6 7 8 9
cat_threshold=3760 1 2128 28 1 2357 790 10 129
is_linear=0
shrinkage=0.05


Tree=72
num_leaves=40
num_cat=6
split_feature=20 18 5 14 21 1 5 5 20 1 7 8 21 1 5 1 10 21 5 18 4 1 7 20 22 22 21 7 6 5 22 18 5 11 5 18 18 18 22
split_gain=2.37153 2.56538 2.11701 1.99896 1.74681 3.05011 2.74297 2.61522 1.92006 1.83131 1.60645 1.5923 1.57818 1.51164 1.64484 1.16429 1.37237 1.18365 1.14325 0.949923 0.938961 0.915543 1.04278 0.784056 0.803273 0.752146 0.747917 0.726959 0.569343 0.468287 0.391146 0.345332 0.413379 0.250113 0.220066 0.214768 0.596487 0.0700962 0.0358417
threshold=334.50000000000006 0.28160744302076529 3.5000000000000004 8.5000000000000018 127.08333333333336 0 202.50000000000003 264.50000000000006 35.500000000000007 1 964.53000000000009 1970.1600000000003 63.038461538461547 2 13.500000000000002 3 771.58000000000015 229.33333333333334 283.50000000000006 0.94705414012738864 4 5 660.95000000000016 53.500000000000007 27.533615757874632 44.291848604498121 224.25000000000003 575.75500000000011 1376.8900000000001 301.50000000000006 14.717902832312268 0.37274592583933114 158.50000000000003 578.17000000000019 81.500000000000014 0.22573415561107793 0.15291834729431333 0.74945209057266682 -1.0000000180025095e-35
decision_type=2 2 2 2 2 9 2 2 2 9 2 2 2 9 2 9 2 2 2 2 9 9 2 2 2 2 2 2 2 2 2 2 2 2 2 2 2 2 2
left_child=2 18 23 4 9 6 8 -8 -6 10 12 -12 -4 19 -15 16 -7 -17 20 -11 27 22 33 -1 -25 31 28 35 -22 30 38 32 34 -3 -23 36 -2 -27 -24
right_child=1 21 3 -5 5 15 7 -9 -10 13 11 -13 -14 14 -16 17 -18 -19 -20 -21 26 25 29 24 -26 37 -28 -29 -30 -31 -32 -33 -34 -35 -36 -37 -38 -39 -40
leaf_value=0.021225311662092516 1.3173309814847913 0.73179199376115978 -0.026304467260051458 -0.19728999618646739 -0.19852007800864038 0.20902426593807208 -0.84275352255979685 -0.10151013013735158 0.30464408717249541 -0.080291648719145944 0.2952619613025122 -0.17687157779755217 0.089100743159347226 -0.15930107979693489 -0.015387541887310086 0.15557166349280749 1.1474424922984159 0.63010113813195356 3.8786505075993372 -0.22819595083681873 0.037734678938755907 1.4779690665611243 3.4577463781264992 -1.4501465385094563 -0.54493335546537702 0.85220743296833668 0.9101596138026985 -2.669537079217406 -1.2631600652484636 -1.4165418894431783 -0.57455563576296143 3.4033214438765427 -0.79997054851655958 -1.3054553601401737 2.2828209796480055 2.6916502771320134 -2.8020412377404513 -0.64353880987347767 3.2492126816025833
leaf_weight=20 41 20 2744 31 188 185 178 594 1525 191 1095 158 1604 485 15242 1490 275 430 52 186 25 27 84 54 39 22 27 26 117 24 20 349 38 35 35 39 37 23 33
leaf_count=20 41 20 2744 31 188 185 178 594 1525 191 1095 158 1604 485 15242 1490 275 430 52 186 25 27 84 54 39 22 27 26 117 24 20 349 38 35 35 39 37 23 33
internal_value=4.31794e-05 0.00234448 -4.77224e-05 -1.64449e-05 0 0.000855074 -0.000355284 -0.00283871 0.000735723 -0.000192901 0.000581136 0.00215963 0.000114916 -0.000465347 -0.000385165 0.00213122 0.00443975 0.00152613 -0.000953678 -0.00355769 -0.00222222 0.00410238 0.000873362 -0.00678879 -0.00872396 0.00527613 -0.00460165 0.000560897 -0.00637931 0.003125 0.004375 0.00600111 0.00242718 -0.00452586 0.005 0.00260417 0.000308642 0 0.00552083
internal_weight=27788 1074 26714 26601 26570 4865 2485 772 1713 21705 5601 1253 4348 16104 15727 2380 460 1920 364 377 312 710 216 113 93 494 169 143 142 161 137 449 100 55 62 117 78 45 117
internal_count=27788 1074 26714 26601 26570 4865 2485 772 1713 21705 5601 1253 4348 16104 15727 2380 460 1920 364 377 312 710 216 113 93 494 169 143 142 161 137 449 100 55 62 117 78 45 117
cat_boundaries=0 2 4 6 8 9 11
cat_threshold=3015066182 1073332 1462862355 1206473 134348800 260 1207968032 164354 6 2150109701 66176
is_linear=0
shrinkage=0.05


Tree=73
num_leaves=63
num_cat=8
split_feature=4 5 20 6 9 11 5 2 5 23 11 21 20 0 2 20 5 10 15 22 5 7 5 10 20 20 11 20 7 2 7 7 18 21 20 2 2 21 18 11 5 5 7 9 21 20 20 22 9 5 0 22 9 6 5 20 7 10 5 6 20 5
split_gain=2.32426 3.18521 2.75618 2.07188 2.01935 1.92714 1.86401 1.77761 1.69807 1.59071 1.54236 1.45691 2.21631 1.93936 1.84915 1.79047 1.93417 1.30567 1.30275 1.28556 1.12819 1.11992 1.29997 1.57735 1.13509 1.2948 1.18047 1.6413 1.06273 0.989131 0.963555 2.21505 1.41757 0.912602 0.893123 0.875999 0.850502 0.841688 0.834827 1.37147 0.67201 1.29749 0.666973 0.634651 0.587804 2.08812 0.97805 0.722275 0.848434 0.571668 0.572334 0.701503 0.569248 0.497708 0.642145 0.492873 0.487458 0.686314 0.480712 0.743677 0.479497 0.464968
threshold=0 29.500000000000004 250.50000000000003 13071.820000000002 669.98000000000013 272.73500000000007 180.50000000000003 1 325.50000000000006 1.5000000000000002 6285.6000000000013 118.08333333333336 9.5000000000000018 2 3 1.0000000180025095e-35 104.50000000000001 480.79500000000002 4.5000000000000009 15.39805148244171 90.500000000000014 689.31000000000006 135.50000000000003 1681.1400000000001 240.50000000000003 316.50000000000006 1563.0250000000003 146.50000000000003 1523.1850000000002 4 524.68000000000018 681.22000000000014 0.64159633720684039 265.75000000000006 117.50000000000001 5 6 122.10000000000001 0.31131697794091195 1130.6050000000002 159.50000000000003 81.500000000000014 85.910000000000011 2099.0450000000005 71.683333333333351 137.50000000000003 10.500000000000002 36.083113383039226 726.85000000000025 348.50000000000006 7 27.358200553213379 524.68000000000018 2012.74 115.50000000000001 200.50000000000003 410.30500000000006 1178.4900000000002 15.500000000000002 2501.0100000000007 191.50000000000003 15.500000000000002
decision_type=9 2 2 2 2 2 2 1 2 2 2 2 2 1 1 2 2 2 2 2 2 2 2 2 2 2 2 2 2 1 2 2 2 2 2 1 1 2 2 2 2 2 2 2 2 2 2 2 2 2 1 2 2 2 2 2 2 2 2 2 2 2
left_child=1 18 3 5 9 6 40 21 10 33 30 15 13 -13 -14 16 -7 -17 44 -5 -12 24 23 -23 26 -26 52 -28 -22 -11 32 -32 -9 35 -10 -4 53 -24 -31 -40 41 -2 -37 -25 46 47 -1 48 -46 50 61 -52 -3 -6 -55 -39 -36 -58 59 -20 -47 -38
right_child=2 7 4 19 36 11 -8 8 34 29 20 12 14 -15 -16 17 -18 -19 58 -21 28 22 37 43 25 -27 27 -29 -30 38 31 -33 -34 -35 56 42 49 55 39 -41 -42 -43 -44 -45 45 60 -48 -49 -50 -51 51 -53 -54 54 -56 -57 57 -59 -60 -61 -62 -63
leaf_value=-0.55861947144049684 -0.73918549333907557 0.14592405835587163 1.8695720555110928 -0.18716119083214672 4.364501408722365 0.0029405290074272731 0.42274102462058938 -0.027230302269907549 0.43668536682462716 0.21486944831038388 0.021202300535648977 -0.48113208810745223 0.60250806050552519 3.1053575303584977 0.15363084954129003 0.084309569334404574 1.2335853874897424 -0.015531573682269473 0.045616583658911039 0.15332669266118343 -0.35660298383662892 0.84439453066262404 0.47750006504738213 -0.73069194608933752 -1.2407744855989578 0.078955752096044496 -0.042239864260631449 -0.8798645432164538 -0.25624153500236596 -1.9135761008258751 0.20678596409121505 -0.17251511836859593 -0.23746628661175928 -0.62464640508562896 -0.61060411587176366 2.5102023600013261 -0.35170284035372679 1.0213235201007635 0.70522931725080484 -1.1258286361213894 -1.1932658121457347 -0.0053293930049770569 0.035370848008719591 -0.022061124476928207 -0.56558188822575706 1.0438537292905845 -1.4405496628112027 -1.6434448143673686 0.025620046627330775 -0.36282709650411626 2.2223981590364019 -0.58376313891860365 -0.012115364332136913 -1.880279834254607 0.58910561080447577 -0.53095841023073909 1.1318042066819984 -0.68297079063558697 0.030477529849055607 -0.42654711328874256 -0.36427685675631971 1.6775904042613761
leaf_weight=82 83 244 152 48 32 1019 90 646 85 104 41 165 725 37 3261 988 742 13968 35 20 72 53 269 31 29 30 410 26 29 28 408 869 540 113 20 89 30 54 43 36 21 77 498 22 28 24 56 30 23 34 60 31 147 39 107 35 32 30 70 28 39 611
leaf_count=82 83 244 152 48 32 1019 90 646 85 104 41 165 725 37 3261 988 742 13968 35 20 72 53 269 31 29 30 410 26 29 28 408 869 540 113 20 89 30 54 43 36 21 77 498 22 28 24 56 30 23 34 60 31 147 39 107 35 32 30 70 28 39 611
internal_value=3.41837e-05 -0.000997253 0.000238029 6.82449e-05 0.00200871 9.91548e-05 -0.00406022 -0.000563636 -0.00129264 0.000457317 -0.00162481 0.000156041 0.000990217 -0.00402439 0.00125971 -5.00897e-05 0.00145266 -0.00023063 -0.00517344 -0.0084507 -0.00672414 0.000898753 0.00289079 -0.0016055 -8.43645e-05 -0.00665323 0.000346386 -0.00136674 -0.00949519 -0.00332944 -0.00130272 -0.000302734 -0.00233389 0.00146199 0.00345588 0.00213949 0.00369588 0.00436288 -0.00635417 -0.00320122 -0.00699728 -0.00521472 0.0010625 -0.0078125 -0.00710526 -0.00408163 -0.00975177 -0.009375 -0.00393519 0.00439666 0.0047619 0.000398936 0.00237944 0.00013089 -0.000838926 0 0 0.00192308 -0.000643382 -0.00397727 0.00208333 0.00529891
internal_weight=27788 4537 23251 21244 2007 21176 271 4122 2772 1063 2605 20905 4188 202 3986 16717 1761 14956 415 68 142 1350 464 106 886 59 827 436 101 211 2463 1277 1186 852 167 739 944 358 107 79 181 160 587 53 282 144 138 81 51 766 732 91 391 178 146 89 82 62 133 63 63 641
internal_count=27788 4537 23251 21244 2007 21176 271 4122 2772 1063 2605 20905 4188 202 3986 16717 1761 14956 415 68 142 1350 464 106 886 59 827 436 101 211 2463 1277 1186 852 167 739 944 358 107 79 181 160 587 53 282 144 138 81 51 766 732 91 391 178 146 89 82 62 133 63 63 641
cat_boundaries=0 1 2 3 4 5 6 7 8
cat_threshold=1 1163 1 768 417 260 1092 1
is_linear=0
shrinkage=0.05


Tree=74
num_leaves=61
num_cat=17
split_feature=5 17 2 1 1 21 2 1 1 1 17 16 23 1 18 5 1 22 2 2 21 19 18 22 15 2 7 19 1 1 7 19 7 17 17 11 19 19 16 1 17 18 5 21 16 1 17 11 17 18 5 1 19 7 22 21 7 17 23 17
split_gain=2.18387 2.07448 2.40265 3.56967 2.83492 2.31187 2.9107 2.89905 2.84325 2.47055 2.30372 1.84017 3.0325 2.64467 1.91895 1.8083 1.80806 1.79136 1.77276 1.63125 1.61719 1.6073 1.56144 1.51453 1.42559 1.36061 1.31787 1.25116 1.78901 1.4002 1.39187 1.18016 1.17806 1.10371 1.08777 1.07673 1.00779 0.981538 0.974449 0.969225 0.95258 0.939529 0.893022 0.86663 1.19226 1.01709 0.8404 0.832112 0.814789 0.812332 0.768408 0.982934 0.741994 0.723212 0.690506 0.662752 0.629449 0.540625 0.502012 0.87004
threshold=3.5000000000000004 1.7562965942176627 0 1 2 33.822916666666679 3 4 5 6 1.5634309960750767 1.5000989906210365 4.5000000000000009 7 0.4097692402435163 349.50000000000006 8 13.420133610319306 9 10 31.513157894736846 1613.8500000000001 0.074003122037212779 16.876253255917064 11.500000000000002 11 924.30500000000018 1425.2800000000002 12 13 481.67500000000001 2728.2950000000005 945.40500000000009 0.833722734260953 1.482243933635824 272.73500000000007 2666.0350000000003 3498.3700000000008 0.74993259477851326 14 1.6934422122689143 0.7589394796104586 354.50000000000006 50.035714285714292 1.6232586442873476 15 1.6628390375128872 3407.1200000000003 1.2494552107107546 1.2085454437733125 140.50000000000003 16 568.9100000000002 183.20500000000001 21.926011208122144 87.071428571428584 363.51500000000004 1.7141244226031103 14.500000000000002 1.2307666540406972
decision_type=2 2 1 9 9 2 1 9 9 9 2 2 2 9 2 2 9 2 1 1 2 2 2 2 2 1 2 2 9 9 2 2 2 2 2 2 2 2 2 9 2 2 2 2 2 9 2 2 2 2 2 9 2 2 2 2 2 2 2 2
left_child=48 5 3 42 27 8 7 43 19 18 17 12 14 22 -6 21 35 25 34 58 -19 -11 -13 24 -21 -10 -17 29 36 56 -30 49 -15 55 -8 -5 -29 -37 -14 -20 -35 -31 50 44 -7 -45 -12 -25 -1 -18 51 -3 -52 -33 -50 -9 -4 -48 59 -2
right_child=1 2 4 16 11 6 9 33 10 15 46 13 38 32 -16 26 31 20 39 23 -22 -23 -24 47 -26 -27 -28 28 30 41 -32 53 -34 40 -36 37 -38 -39 -40 -41 -42 -43 -44 45 -46 -47 57 -49 54 -51 52 -53 -54 -55 -56 -57 -58 -59 -60 -61
leaf_value=-0.037035486000681697 -0.45487081973891752 0.0046141473149549309 -0.27511684912066309 -1.1038835159326532 0.022937301962940283 -0.00019185786148936403 -0.067528354715734193 0.10523748320546239 -0.31373577892713228 -0.028796997293096638 -1.4787184212159015 -0.73192716099830213 -0.25001685761719455 -0.32130240312702996 -0.28917650014169782 -0.36613632788468248 0.12755580689999349 -0.1901331428855588 0.18254097617224599 -0.067382668810020793 0.092074923581638102 -0.15514107927828819 0.077374299850727191 0.11305126329086415 0.059175662744062899 0.048043313576217807 0.2152871295971692 -0.35819177102041655 -0.17347941837182887 0.7030825614982732 0.6377569942366359 0.09494773918909441 0.0022467173698548226 0.25917967156470045 0.12914155468160768 -0.014116967981541252 0.088716554035951051 -0.25295344557023697 0.21178991869940572 0.062820171818253639 -0.090094157907301312 0.15954863502764649 -0.659717922444092 0.18726647534957161 -0.43173218606199026 -0.19053199435693974 0.23618754594933355 -0.21478332641321415 -1.588866975671861 0.33069962300439909 0.73698669273662454 0.35699323706811725 0.74247116142021652 -0.32839373129129934 -0.52690912950146129 -0.46186244070794108 0.15500718921940085 -0.63753889695084731 0.13782753732252698 0.45159714232426895
leaf_weight=38 37 239 53 27 205 92 1029 67 142 6157 76 38 30 784 641 187 2633 238 407 501 66 619 3586 31 247 321 42 188 127 493 232 44 410 700 296 1183 55 40 223 1739 37 554 35 487 62 128 27 95 44 508 242 261 291 205 34 37 335 30 64 49
leaf_count=38 37 239 53 27 205 92 1029 67 142 6157 76 38 30 784 641 187 2633 238 407 501 66 619 3586 31 247 321 42 188 127 493 232 44 410 700 296 1183 55 40 223 1739 37 554 35 487 62 128 27 95 44 508 242 261 291 205 34 37 335 30 64 49
internal_value=3.23846e-05 6.3234e-05 0.00050311 0.00128474 -5.3345e-05 -0.000362164 -0.000101332 0.00186383 -0.00197198 -0.000409953 -0.00399781 -0.000613406 -0.00246143 -0.000181498 -0.00391637 -0.000952907 0.000666237 -0.00287338 0.000670924 -9.6432e-05 -0.00586319 -0.000796578 0.000481166 -0.000986471 -6.65779e-05 -0.000777897 -0.00533405 0.00154268 -0.000289256 0.0023557 0.00184812 0.00127094 -0.00221624 0.00387881 -0.000738042 -0.000930325 -0.00356445 -0.000662724 0.00219727 0.00156322 0.00461149 0.00329009 0.00388529 -0.000303708 -0.00366242 0.00046521 -0.0102022 -0.00600775 -0.00672269 0.0015466 0.00421091 0.00258449 0.00562034 -0.00193452 -0.0095679 -0.00046729 -0.000124688 -0.00395833 0.00444785 0.00140449
internal_weight=27788 27672 13662 5708 7954 14010 12086 1610 1924 10476 900 5917 1099 4818 846 7005 4640 767 3471 1024 304 6776 3624 874 748 463 229 2037 602 1435 359 3390 1194 841 1325 1250 243 1223 253 2146 737 1047 1068 769 154 615 133 126 116 3141 1033 500 533 249 78 104 388 57 150 86
internal_count=27788 27672 13662 5708 7954 14010 12086 1610 1924 10476 900 5917 1099 4818 846 7005 4640 767 3471 1024 304 6776 3624 874 748 463 229 2037 602 1435 359 3390 1194 841 1325 1250 243 1223 253 2146 737 1047 1068 769 154 615 133 126 116 3141 1033 500 533 249 78 104 388 57 150 86
cat_boundaries=0 1 3 5 6 8 10 12 14 16 17 18 19 21 23 25 27 29
cat_threshold=716 106065920 1147082 1432683900 1722642 1280 2755018828 1586 639665114 327681 1309778497 38649 2819129475 360993 2550694994 274480 720 136 338 287309900 2 263200 2064 1209008704 9 2752774152 528 151552 128
is_linear=0
shrinkage=0.05


Tree=75
num_leaves=63
num_cat=15
split_feature=20 17 18 1 14 4 1 1 1 1 3 10 1 11 18 16 10 21 18 20 1 21 18 20 20 6 6 21 11 3 18 1 10 20 21 18 0 4 20 17 0 20 1 21 11 18 6 17 16 9 20 11 9 11 11 17 17 18 9 20 20 18
split_gain=2.305 1.9839 2.07887 2.76013 1.97232 1.51822 2.81916 1.79424 1.49774 1.49009 1.46723 1.51493 1.36988 1.36601 1.23395 1.72744 1.45283 1.23153 1.49471 1.15785 2.18862 1.88136 1.03606 1.10383 2.00838 1.28837 0.964639 1.01666 0.932836 0.872569 1.76404 1.72798 0.77157 0.741052 0.70559 0.722195 0.646456 0.846037 0.923098 0.749836 0.630191 1.43413 0.689746 0.683372 0.635296 0.616815 0.577392 0.597358 0.560537 0.54427 0.589691 0.532346 0.475681 0.472946 0.461951 0.455464 0.669313 0.428864 0.38788 0.378519 0.333649 0.333151
threshold=250.50000000000003 1.8529906708379291 0.29525429969309325 0 8.5000000000000018 1 2 3 4 5 6 1500.5450000000003 7 272.73500000000007 0.25187002627733984 2.3999894285343122 653.40500000000009 50.035714285714292 0.52116104209921299 1.0000000180025095e-35 8 45.035714285714292 0.32597711463795148 115.50000000000001 69.500000000000014 3372.3600000000001 4496.4800000000005 29.215384615384618 567.18000000000018 9 1.1621057578925964 10 1308.1550000000002 472.50000000000006 139.58333333333334 0.1901830603806228 11 12 321.50000000000006 2.2025288160547909 13 412.50000000000006 14 15.859090909090911 1175.5700000000004 1.0000000180025095e-35 5620.6000000000013 1.7358949984861753 1.7447392543971907 363.5150000000001 263.50000000000006 661.34500000000014 1.0000000180025095e-35 398.23000000000008 1395.5700000000002 1.5194066078253685 1.7777782349047533 0.24791059411997554 342.10500000000008 273.50000000000006 54.500000000000007 0.27548821093457293
decision_type=2 2 2 9 2 9 9 9 9 9 1 2 9 2 2 2 2 2 2 2 9 2 2 2 2 2 2 2 2 1 2 9 2 2 2 2 1 9 2 2 1 2 9 2 2 2 2 2 2 2 2 2 2 2 2 2 2 2 2 2 2 2
left_child=4 9 8 36 5 6 26 10 34 52 11 32 -13 45 15 -12 -16 55 61 20 -15 -21 46 24 -24 -25 29 48 53 30 -1 -31 -7 -30 35 -3 37 59 -39 -38 42 44 54 -44 -42 -9 47 -8 -28 -20 -51 -41 -2 58 -5 57 -57 -11 -10 -4 -47 -19
right_child=1 2 3 40 -6 7 22 13 28 17 14 12 -14 19 16 -17 -18 18 49 21 -22 -23 23 25 -26 -27 27 -29 33 31 -32 -33 -34 -35 -36 -37 39 38 -40 51 41 -43 43 -45 -46 60 -48 -49 -50 50 -52 -53 -54 -55 -56 56 -58 -59 -60 -61 -62 -63
leaf_value=0.23280745930588537 4.6861486200193951 -2.5140738662912301 2.1379178319116692 4.3292039271633813 -0.16861547529489362 0.38865115144285528 -0.21528568886510799 0.0068270890187064562 -0.11002002465036825 -0.76901792028793592 0.078674497591030956 0.15190710153506243 -0.10315216181799923 -0.32854106570162767 0.36693406685608648 -0.48633019551954199 -0.0045365795798681498 -0.7247296419970134 3.6079453500062564 -0.040422039756750051 0.50487918105641616 0.012304672728807021 -0.21070405631908803 -0.38958363569428744 0.038802591195837621 -1.1626784595675568 -0.15076737066309748 0.18263183303606334 -1.3207335756080405 -0.12390302270181608 -0.14955428749423838 0.083221679056872236 0.94812107586705141 3.0777472221008888 3.8657380380377191 4.824251797898234 -2.0141345226838285 -0.033416593060620413 3.4209979696252173 -1.4462724914950618 -0.39666855814335733 5.6769737863121001 2.08831043184786 0.57801721181479737 1.7608544650943552 -0.4282889540133189 -0.31147789716725055 0.18775451418250297 0.21684005636087247 0.776548730012943 -0.48915419233249846 5.751551374157521 0.70239550883870516 2.0170922723250384 1.6427936588272154 -0.86229945324098323 2.3990160699975465 1.2643066629876256 -1.7919551941361211 -0.71168096478991894 -1.1889136580721227 -1.2649205436340523
leaf_weight=448 29 29 21 143 31 502 41 63 105 42 29 364 227 272 136 66 958 21 21 5646 1285 11385 892 354 402 111 21 150 67 840 187 480 100 22 34 38 33 127 112 24 121 64 245 247 40 134 20 175 36 29 96 35 71 74 111 46 21 108 35 112 52 58
leaf_count=448 29 29 21 143 31 502 41 63 105 42 29 364 227 272 136 66 958 21 21 5646 1285 11385 892 354 402 111 21 150 67 840 187 480 100 22 34 38 33 127 112 24 121 64 245 247 40 134 20 175 36 29 96 35 71 74 111 46 21 108 35 112 52 58
internal_value=4.85769e-05 0.00153628 0.00232763 0.00322497 -8.90397e-05 -7.09248e-05 -0.000944245 9.83186e-05 -0.000737101 -0.00105505 0.00138831 0.00262231 0.000736532 -6.29973e-05 9.3594e-05 -0.00522959 0.000615314 -0.00236264 -0.00498904 -1.07579e-05 0.00129006 -0.000132823 -0.00229706 -0.00273127 -0.00190825 -0.00488782 0.000287356 0.0035119 -0.0025712 -3.19203e-05 0.00144676 -0.000787697 0.00442149 -0.00692935 0.00405702 0.000535714 0 0.000933333 0.00272817 -0.00368421 0.00471291 0.00202851 0.00550734 0.00386139 -0.000228659 -0.00372024 0.000627615 0.00159817 -0.00145833 -0.00151007 -0.00302734 0 0.0039823 -0.000576037 0.0079588 5.68182e-05 -0.00303571 0.00179739 -0.00244755 -0.00196918 -0.00515873 -0.0105183
internal_weight=27788 2381 1839 1435 25407 25376 4157 21219 404 542 2382 1193 591 18837 1189 95 1094 442 225 18588 1557 17031 1995 1759 1294 465 2162 207 303 1955 635 1320 602 89 101 67 464 372 239 92 971 225 746 492 161 249 236 216 57 146 125 59 100 214 254 217 67 150 140 133 186 79
internal_count=27788 2381 1839 1435 25407 25376 4157 21219 404 542 2382 1193 591 18837 1189 95 1094 442 225 18588 1557 17031 1995 1759 1294 465 2162 207 303 1955 635 1320 602 89 101 67 464 372 239 92 971 225 746 492 161 249 236 216 57 146 125 59 100 214 254 217 67 150 140 133 186 79
cat_boundaries=0 2 3 5 7 9 11 12 14 16 17 19 20 21 22 24
cat_threshold=2150289441 380952 1 615288882 28855 1158684928 2064456 2181562369 32896 524313 16400 6 8192 1015808 2181169162 5633 2 536875008 20608 1 3 1 67371396 544
is_linear=0
shrinkage=0.05


Tree=76
num_leaves=52
num_cat=13
split_feature=14 7 1 1 16 2 21 19 21 12 6 1 2 1 2 1 1 23 15 10 11 10 7 21 23 9 6 2 19 10 18 10 1 11 18 2 16 7 11 10 2 16 23 9 18 7 11 11 9 10 21
split_gain=2.02696 1.78958 2.68573 2.10058 2.45227 2.28776 1.94864 1.93088 1.80072 2.12867 1.61485 3.16782 2.89272 2.04152 1.77914 1.54741 1.51176 1.5061 1.49194 1.45572 1.36024 1.35069 1.34996 1.31941 1.29335 1.23274 1.17899 1.15758 1.14152 1.12545 1.11683 1.09735 0.94292 0.941063 0.919884 0.878829 0.85061 0.831061 0.820228 0.784045 0.759048 0.689441 0.586348 0.576774 0.572718 0.541753 0.457639 0.264844 0.377592 0.237481 0.122412
threshold=8.5000000000000018 726.9100000000002 0 1 1.5300711166705943 2 54.577380952380956 3719.2950000000014 274.50000000000006 1.5000000000000002 3056.7900000000004 3 4 5 6 7 8 9.5000000000000018 5.5000000000000009 3026.4100000000003 2073.4100000000003 2135.6350000000007 546.05000000000007 106.07142857142858 20.500000000000004 769.6450000000001 982.82000000000016 9 2087.3300000000004 2873.3150000000005 1.1528548433283785 1153.5550000000001 10 4765.2600000000011 0.97799730102177895 11 1.8673163998105768 976.7600000000001 398.23000000000008 1512.5600000000002 12 2.0593101760058823 3.5000000000000004 2314.7850000000003 1.1818530721047262 180.01500000000001 1087.6650000000002 5239.0900000000011 2232.5550000000007 2388.3750000000005 36.171568627450988
decision_type=2 2 9 9 2 1 2 2 2 2 2 9 1 9 1 9 9 2 2 2 2 2 2 2 2 2 2 1 2 2 2 2 9 2 2 1 2 2 2 2 1 2 2 2 2 2 2 2 2 2 2
left_child=1 3 18 4 5 6 28 8 9 15 13 12 25 21 20 -4 23 -11 26 36 -13 35 -14 -7 29 -12 -3 30 -1 -15 38 -8 40 -16 -18 -5 -9 44 -6 -32 -29 -34 -38 -39 -28 -23 -10 -20 -49 -48 -26
right_child=-2 2 7 10 27 16 31 19 46 17 11 14 22 24 33 -17 34 -19 47 -21 -22 45 -24 -25 50 -27 37 32 -30 -31 39 -33 41 -35 -36 -37 42 43 -40 -41 -42 -43 -44 -45 -46 -47 49 48 -50 -51 -52
leaf_value=-0.32177224279698347 -0.16018470153014897 1.0324002520068178 0.17899012665358738 0.013320448787205131 -0.072133515072428628 -0.022913107238428411 0.15127262846854786 0.31677958740980827 -0.011960493705388231 -0.31638625202562826 -0.48486085667683149 0.010357343098940586 -0.17124957960673692 0.0030362101831499459 0.073210454009219106 0.017306462444333093 0.013783684919134665 0.33246231722662445 -0.02704200435924662 -0.63582784980034968 -0.15580901413456219 -0.02090429790566746 0.01402840773786207 -0.9813842125312281 0.1591374387932096 -0.14595875088747076 0.022693620454680999 0.026567567409904316 0.037023437953361604 -0.097127896403139485 0.44197231221520855 -0.48944876639617141 0.15684471415132914 -0.10130213863875107 0.1908718045398704 -0.21777352106465442 -0.39161709634308939 -0.60123284092083995 0.53555558490175492 -0.32160478006434562 -0.48689883616601259 0.089585843879634197 0.12239871452219604 -0.16938424096431959 -0.68679152769012042 -0.36281865670098984 1.7922030466273922 0.2762233684462041 0.038965995539743406 0.38607462983566559 0.0885385772110098
leaf_weight=124 31 29 3883 406 67 337 46 33 26 237 162 396 1039 10132 1101 4361 239 60 20 33 412 24 460 58 74 112 83 225 20 278 69 72 96 182 201 503 76 161 613 64 152 621 26 29 26 117 178 23 25 22 24
leaf_count=124 31 29 3883 406 67 337 46 33 26 237 162 396 1039 10132 1101 4361 239 60 20 33 412 24 460 58 74 112 83 225 20 278 69 72 96 182 201 503 76 161 613 64 152 621 26 29 26 117 178 23 25 22 24
internal_value=5.93717e-05 7.60987e-05 0.000641472 -0.000207553 0.000994365 -0.000852273 -0.00481818 0.000825603 0.00093358 0.000809047 -0.000445416 -0.00133178 -0.00287654 -0.000144884 0 0.000963987 0.000397995 -0.00329167 -0.00330073 -0.00438596 -0.00182704 -0.00223424 -0.00192626 -0.00174632 6.17812e-05 -0.0075784 -0.00483384 0.0020877 -0.00884354 2.40085e-06 0.00352603 0 0.000925926 0.00114776 0.00242826 -0.00146656 -0.00153986 -0.00583609 0.00439239 -0.000275735 -0.00099359 0.00200342 -0.00404762 -0.00790155 -0.00167411 -0.00685764 0.00534934 0.0028169 0.00490196 0.00615764 0.00569307
internal_weight=27788 27757 9331 18426 3004 1097 262 8935 8767 8541 15422 3864 1773 11558 2091 8244 835 297 396 168 808 1050 1499 395 10508 274 328 1907 144 10410 813 118 1094 1283 440 909 135 299 680 133 377 717 102 190 109 141 226 68 48 200 98
internal_count=27788 27757 9331 18426 3004 1097 262 8935 8767 8541 15422 3864 1773 11558 2091 8244 835 297 396 168 808 1050 1499 395 10508 274 328 1907 144 10410 813 118 1094 1283 440 909 135 299 680 133 377 717 102 190 109 141 226 68 48 200 98
cat_boundaries=0 2 4 5 7 8 10 11 13 15 16 18 19 20
cat_threshold=268566592 1284 1448149314 238667 1298 2702049280 544912 6 136341028 1050916 2209 620820017 1968275 33620034 106504 1414 273743872 67 2280 2089
is_linear=0
shrinkage=0.05


Tree=77
num_leaves=63
num_cat=21
split_feature=12 17 0 6 19 1 1 1 1 5 1 4 4 4 1 1 1 1 17 19 22 6 1 19 1 9 22 1 17 10 1 17 4 5 13 8 8 13 5 1 5 22 5 8 9 5 19 4 5 1 22 11 18 18 11 5 18 11 18 17 9 16
split_gain=1.90323 2.27016 3.06236 6.34789 3.42259 3.98814 3.30524 2.96644 2.64985 2.23195 2.17076 2.17068 1.90422 1.76229 3.44883 2.56948 1.70352 1.67374 1.6371 1.63667 1.63653 1.60928 1.72516 1.51332 2.07554 1.5816 1.48111 1.77626 1.47426 1.42197 1.34761 1.34192 1.69434 1.31015 1.27814 1.26699 1.25232 1.24111 1.23745 1.20405 1.63889 1.42764 1.17079 1.14996 1.31025 1.0728 1.15814 1.02375 1.75367 0.996355 0.956685 0.913492 0.887394 2.58076 1.17186 0.802351 0.7966 0.77667 0.687147 0.638323 0.679924 0.590996
threshold=1.5000000000000002 1.8741146742062493 0 1376.8900000000001 992.96500000000003 1 2 3 4 27.500000000000004 5 6 7 8 9 10 11 12 0.75553993279761522 802.86000000000013 -1.0000000180025095e-35 3372.3600000000001 13 1402.5550000000001 14 1395.9650000000001 -1.0000000180025095e-35 15 0.58323099385221311 3890.3900000000003 16 1.5560223107213609 17 3.5000000000000004 1.5000000000000002 661.34500000000014 172.92000000000002 1.0000000180025095e-35 123.50000000000001 18 305.00000000000006 43.457833800421675 84.500000000000014 1846.8350000000003 2232.5550000000007 257.50000000000006 1713.8300000000002 19 313.50000000000006 20 4.9581511384448076 2645.4050000000002 1.0886938997087168 0.79394949440426077 3547.0500000000006 180.50000000000003 0.51769934255952876 2665.6700000000005 0.65458229875130469 2.0647916664006893 1003.4500000000002 2.3718271808197433
decision_type=2 2 1 2 2 9 9 9 9 2 9 9 9 9 9 9 9 9 2 2 2 2 9 2 9 2 2 9 2 2 9 2 9 2 2 2 2 2 2 9 2 2 2 2 2 2 2 9 2 9 2 2 2 2 2 2 2 2 2 2 2 2
left_child=1 13 4 7 5 36 47 11 59 12 -11 38 -8 15 16 33 52 -2 37 20 55 43 51 24 -10 -25 27 -7 -22 -24 -28 -19 61 -1 42 -20 -3 -18 -4 41 -41 -35 -21 50 -45 46 -34 57 -49 -13 -17 -23 53 -15 -54 -16 -36 -6 -38 -5 -61 -33
right_child=17 2 3 8 6 26 9 -9 23 10 -12 49 -14 14 19 21 18 31 35 34 28 22 29 25 -26 -27 30 -29 -30 -31 -32 32 45 39 56 -37 58 -39 -40 40 -42 -43 -44 44 -46 -47 -48 48 -50 -51 -52 -53 54 -55 -56 -57 -58 -59 -60 60 -62 -63
leaf_value=-0.68677870263021168 0.15499666639753684 -1.3310770990089376 0.01137743815459853 -0.21163962246691828 0.77639211057830326 0.62548752978485145 -0.84228523745325679 0.41455499245390259 -0.30211379749101375 0.074008399622804172 -0.13192506626914502 -0.35138252448301066 -0.037350125309155401 -0.34279566889318258 -0.95884847259322226 -0.12236847321952236 0.0072098296283694911 -0.0023639663942276457 -0.039397648535389101 0.24661733359594207 -0.15016277969153935 0.10682806590788713 -0.28739674302791268 -0.81516591289731444 -0.0087232042716554048 0.017375895467672466 0.051760224296693025 1.5125717463500639 0.17172566152056368 0.0076418776678842453 0.42243735716843711 -0.65079689497409865 -0.71079268555936892 0.15091212208001981 0.04826970507671962 0.11638437859298563 -0.28650941395514007 -0.21912171697529026 -0.68126675889993715 0.01154445432821536 -0.13662174490967108 -0.24702796549705505 -0.061865580133021951 -1.233855320250963 -0.040242845444305078 -0.064710413959740976 -0.27811703518398695 0.28786273639026411 -0.7658024306938872 0.205478887729418 -0.018685372977979321 -0.099402879526797036 -0.87901626626787532 0.83233424255335431 -0.079121184338472622 0.57087498999500619 -0.26184755104657981 -0.13550667728105034 0.059905233471261976 0.015267573894140974 0.28031537439012305 0.094757488985183755
leaf_weight=42 114 26 154 59 317 721 145 637 750 2806 1436 114 232 146 26 660 171 137 1716 159 83 237 704 104 356 33 689 403 1499 121 1135 28 125 457 22 1237 171 258 228 3070 567 90 476 20 29 33 28 471 44 610 2443 316 61 49 96 26 42 20 562 105 94 78
leaf_count=42 114 26 154 59 317 721 145 637 750 2806 1436 114 232 146 26 660 171 137 1716 159 83 237 704 104 356 33 689 403 1499 121 1135 28 125 457 22 1237 171 258 228 3070 567 90 476 20 29 33 28 471 44 610 2443 316 61 49 96 26 42 20 562 105 94 78
internal_value=5.75726e-05 0.000117899 0.000617706 -0.000692947 0.00108648 0.00226078 0.000280873 0.00133877 -0.00308344 -0.000240177 7.65607e-05 -0.000201072 -0.00391447 -0.000297619 0.000351563 -0.000752651 -0.000580464 -0.00286172 -0.000213549 0.00185955 0.00273366 -0.00157935 -0.00302317 -0.00403065 -0.00335888 -0.00919643 0.00309017 0.00456965 0.00304416 -0.00446002 0.00216201 -0.00427036 -0.00627119 0.00012385 -8.90313e-05 0.000190291 -0.000922927 -0.00309606 -0.00322785 0.000226893 -9.24658e-05 0.00238839 0.000528997 -0.000935024 -0.00841346 -0.0089196 -0.0111378 0.00312139 0.00149148 0.00135685 -0.00079282 -0.000684629 -0.00383562 -0.00132576 -0.00679687 -0.00545455 -0.00671642 0.00532143 -0.00045856 0.00138376 0.00290842 -0.000210084
internal_weight=27788 27245 12422 3244 9178 3707 5471 1743 1501 4619 4242 1106 377 14823 6067 8756 3734 543 3382 2333 1634 4530 1378 1243 1106 137 2948 1124 1582 825 1824 429 292 4226 699 2953 759 429 382 4184 3637 547 635 3152 49 186 153 852 515 724 3103 553 352 195 157 52 64 337 733 258 199 106
internal_count=27788 27245 12422 3244 9178 3707 5471 1743 1501 4619 4242 1106 377 14823 6067 8756 3734 543 3382 2333 1634 4530 1378 1243 1106 137 2948 1124 1582 825 1824 429 292 4226 699 2953 759 429 382 4184 3637 547 635 3152 49 186 153 852 515 724 3103 553 352 195 157 52 64 337 733 258 199 106
cat_boundaries=0 1 3 5 7 9 11 12 13 14 16 18 20 22 24 26 28 30 31 33 34 36
cat_threshold=1 304784384 1091124 109052993 1220664 680305392 283272 12615708 53504 543957154 868866 3 9 7 944672942 878710 941404182 338015 268566534 534532 528384 656 54526024 50720 537133955 665 2701394620 69632 9519315 129 6 402685954 8193 6 142868576 16384
is_linear=0
shrinkage=0.05


Tree=78
num_leaves=63
num_cat=10
split_feature=20 12 18 1 6 1 7 1 1 5 1 15 17 11 1 17 18 11 3 9 7 21 1 11 0 18 5 22 5 5 20 22 7 5 9 20 20 22 11 20 22 21 5 19 5 8 8 22 11 21 18 20 21 20 17 17 20 5 21 5 11 1
split_gain=2.08065 1.77922 1.75437 1.97913 1.72127 2.88687 1.82078 2.44001 1.7925 1.84325 1.68397 1.71974 1.58521 1.54818 1.32752 1.32602 1.28038 1.25915 1.28978 1.13014 1.17783 1.1248 0.99554 1.01325 0.987763 0.974503 0.9386 0.932021 1.07713 0.931159 0.854676 1.5905 1.05675 0.831523 0.806661 0.725791 0.791182 0.724692 0.95523 0.719569 0.691936 0.667184 0.614912 1.34051 0.646053 0.536347 1.74327 0.69545 0.471566 0.446723 0.60815 0.844271 0.524402 0.42185 0.402583 0.426383 0.389811 0.355477 0.83141 0.368195 0.350685 0.240779
threshold=305.50000000000006 1.5000000000000002 0.28160744302076529 0 2501.0100000000007 1 1240.0450000000003 2 3 319.50000000000006 4 18.500000000000004 1.5560223107213609 4684.2850000000008 5 0.72337295187931516 0.33140027072724992 1296.7700000000002 6 1844.7150000000001 936.58500000000015 168.12500000000003 7 1202.6950000000004 8 0.69593057720476292 279.50000000000006 44.291848604498121 108.50000000000001 13.500000000000002 63.500000000000007 53.904514118182625 412.55000000000007 350.50000000000006 576.36500000000012 337.50000000000006 313.50000000000006 32.37292843274745 827.43500000000006 6.5000000000000009 59.042709086050898 67.041666666666671 138.50000000000003 682.65500000000009 159.50000000000003 909.05500000000018 1083.5050000000003 10.377124828891519 1060.5150000000001 209.58333333333334 0.22573415561107793 382.50000000000006 5.5000000000000009 510.50000000000006 2.0296710988017153 1.9586877231193094 388.50000000000006 87.500000000000014 52.345238095238102 39.500000000000007 678.1450000000001 9
decision_type=2 2 2 9 2 9 2 9 9 2 9 2 2 2 9 2 2 2 1 2 2 2 9 2 1 2 2 2 2 2 2 2 2 2 2 2 2 2 2 2 2 2 2 2 2 2 2 2 2 2 2 2 2 2 2 2 2 2 2 2 2 9
left_child=1 4 26 35 6 30 8 17 9 13 45 15 19 -1 21 -12 -11 -8 -19 -3 -21 24 23 -10 -14 -9 34 42 -29 -27 39 32 -32 -24 49 36 -4 38 60 -6 57 -41 61 44 -44 47 -47 -7 -45 50 51 -2 -52 -40 55 -38 -28 59 -59 -16 -37 -5
right_child=2 12 3 27 5 10 7 25 22 16 11 -13 14 -15 40 -17 -18 18 -20 20 -22 -23 33 -25 -26 29 56 28 -30 -31 31 -33 -34 -35 -36 37 54 -39 53 41 -42 -43 43 48 -46 46 -48 -49 -50 -51 52 -53 -54 -55 -56 -57 -58 58 -60 -61 -62 -63
leaf_value=-0.077792478891516581 1.7116539417235008 0.3181917444223421 1.1103574446025719 0.80291325482123144 -0.69795757650266144 -0.058595963744316394 2.1759993449680608 2.6312533836526839 0.6123599958695366 -1.0600576476654495 -0.21706587164816488 -0.24828958747965638 -0.66317427355334413 -0.19740430129721914 -0.053615946302477152 -0.022095165083564086 0.28616289488797453 0.028452769165896542 -0.25016836032493334 -0.16278232210102803 0.085266645389451126 0.036003816402539822 0.01671344341733292 0.036521600472287828 -0.16517163633022794 -0.90353245412241978 -0.15447767722898931 -1.8715299123545728 0.86578656549320776 0.48923322158145482 -0.014551068489582875 0.070277605134758406 -0.77981013776242913 -0.24889027682787629 -1.2804075436171674 1.3942659279651892 -0.74066098226862553 -0.98027026919261084 3.5645568476518044 0.060683508615101106 -0.33369173859406726 -0.42264678365208541 1.4676721872354741 1.5170495838291815 2.442537923278981 1.1384389888313755 0.063422987994001465 0.05325357630081156 -0.48736491220003164 1.2014794833893561 3.4260433690354435 -1.2663722292640784 -0.76811365191551817 -0.0079635084867337724 -1.2970696355903575 1.5088188621499012 7.1290241706387576 -0.24430494052286603 0.037450987581419203 0.38190812456594853 -2.6633972941182051 3.2177020200372888
leaf_weight=2708 42 109 31 104 26 294 31 105 445 21 443 26 69 154 26 6149 286 230 241 28 35 22 11670 739 41 24 23 25 42 721 26 37 112 223 54 39 32 24 112 94 38 57 23 85 111 83 403 504 85 41 53 117 25 22 34 24 36 50 87 38 33 176
leaf_count=2708 42 109 31 104 26 294 31 105 445 21 443 26 69 154 26 6149 286 230 241 28 35 22 11670 739 41 24 23 25 42 721 26 37 112 223 54 39 32 24 112 94 38 57 23 85 111 83 403 504 85 41 53 117 25 22 34 24 36 50 87 38 33 176
internal_value=6.11709e-05 -3.64611e-05 0.00194305 0.0030597 2.12725e-05 -0.000572242 0.00030254 0.00206642 0.000152317 -0.000907448 -0.000363234 -0.000689941 -0.00286172 -0.00131763 -0.00471257 -0.000629265 0.00270161 -0.000631068 -0.00139768 0.000857143 -0.00397727 -0.00862069 0.000413484 0.00179616 -0.0112832 0.00367903 -0.000793147 0.00464985 -0.000178571 0.00295789 -0.00493151 -0.00765449 -0.0101064 0.000269822 -0.0019403 0 -0.003125 0.00160944 0.0027512 -0.00215278 -0.00183532 -0.000405844 0.00536627 0.0034202 0.00711679 0.00127217 0.00260736 0.000405743 0.000144509 -0.000622776 -0.00161458 -0.00347222 0.00154321 0.00529197 -0.00564516 -0.00169492 0.0046371 -0.000428922 -0.00205357 0.00223881 -0.00133333 0.00724382
internal_weight=27788 26395 1393 1002 25852 8254 17598 1352 16246 3169 7902 6618 543 2862 371 6592 307 502 471 172 63 132 13077 1184 110 850 391 651 67 745 352 175 138 11893 332 351 121 230 206 177 239 151 584 304 134 1284 486 798 170 278 237 159 78 134 90 56 59 201 137 64 72 280
internal_count=27788 26395 1393 1002 25852 8254 17598 1352 16246 3169 7902 6618 543 2862 371 6592 307 502 471 172 63 132 13077 1184 110 850 391 651 67 745 352 175 138 11893 332 351 121 230 206 177 239 151 584 304 134 1284 486 798 170 278 237 159 78 134 90 56 59 201 137 64 72 280
cat_boundaries=0 2 4 6 8 10 12 13 15 16 17
cat_threshold=2158645249 119337 2432892960 4352 128255440 267264 136893964 9580 1140897564 1057868 2684354692 262144 9 1409351681 753666 1 536870924
is_linear=0
shrinkage=0.05


Tree=79
num_leaves=35
num_cat=8
split_feature=7 13 14 5 6 1 7 1 2 2 1 1 1 9 2 19 7 13 8 8 19 11 21 21 11 9 11 9 21 22 11 9 5 21
split_gain=2.10685 2.83411 2.04734 1.73504 1.58484 2.32744 1.95666 2.78016 3.47656 1.80141 2.57177 2.30088 1.70798 1.72474 1.4594 1.36351 1.31572 1.17908 1.34311 1.02637 0.765617 0.691047 0.658882 1.0269 0.584491 1.2802 0.447536 0.402079 0.392538 0.303636 0.464587 0.951892 0.192065 0.00303337
threshold=-1.0000000180025095e-35 1.5000000000000002 8.5000000000000018 3.5000000000000004 2501.0100000000007 0 1240.0450000000003 1 2 3 4 5 6 2232.5550000000007 7 373.14500000000004 -171.00499999999997 1.5000000000000002 209.65500000000003 554.27500000000009 1251.2150000000001 467.7050000000001 78.050000000000011 143.10000000000002 299.98500000000007 922.59500000000014 1334.3300000000002 1343.5150000000003 224.25000000000003 38.096806153619177 1815.4750000000004 1339.72 143.50000000000003 58.620192307692314
decision_type=2 2 2 2 2 9 2 9 1 1 9 9 9 2 1 2 2 2 2 2 2 2 2 2 2 2 2 2 2 2 2 2 2 2
left_child=1 16 3 29 6 17 12 8 -8 10 -7 -11 13 -5 -14 -9 22 18 -6 20 -3 -18 24 -24 -1 -26 33 -21 -25 30 -2 -32 -19 -23
right_child=2 19 -4 4 5 9 7 15 -10 11 -12 -13 14 -15 -16 -17 21 32 -20 27 -22 26 23 28 25 -27 -28 -29 -30 -31 31 -33 -34 -35
leaf_value=-0.023777376574014977 -1.5784189094144621 -0.56533811546719093 -0.14391815202887878 -0.02154573066852148 0.082137307496723197 -0.014694082616462146 -0.68921298516460239 0.21518726883917383 0.11019747373785643 0.039281115795055048 0.32396516261320357 -0.065410272197195959 0.30316786881852348 -0.17832533732424038 0.026034047274599459 2.5097102706931551 -0.13344766335033575 0.2291105221619521 -0.5368776921997529 1.6949260677835216 1.1419997560537991 -0.29733676126483272 0.9153102475606808 -0.44570684220731671 -0.74446016127624937 -0.20331294026637936 -0.63160633383965248 0.15072348036936523 0.018099160350916854 -0.11184962390444682 0.33447244874344317 -1.045554514285078 -0.10126035726946032 -1.0342816095362177
leaf_weight=27 35 31 31 4417 37 927 111 982 268 1308 603 5439 830 108 11777 257 27 21 159 53 22 20 30 25 28 23 27 20 21 29 32 20 23 20
leaf_count=27 35 31 31 4417 37 927 111 982 268 1308 603 5439 830 108 11777 257 27 21 159 53 22 20 30 25 28 23 27 20 21 29 32 20 23 20
internal_value=6.11709e-05 -0.00364721 0.00011398 0.000130998 0.000159058 -0.000403462 0.000417267 0.00208205 -0.0015625 -0.000251809 0.00127997 -0.000608358 0.000256784 -0.000570185 0.000557647 0.00322484 -0.00677291 -0.00513834 -0.00703518 0.00213178 -0.00245536 -0.0115979 -0.00334395 0 -0.00648148 -0.00949074 -0.0144643 0.00608553 -0.00459184 -0.00588235 -0.00736111 -0.00272727 0.00106383 -0.0186047
internal_weight=27788 374 27414 27383 27267 8517 18750 1618 379 8277 1530 6747 17132 4525 12607 1239 248 240 196 126 53 94 154 76 78 51 67 73 46 116 87 52 44 40
internal_count=27788 374 27414 27383 27267 8517 18750 1618 379 8277 1530 6747 17132 4525 12607 1239 248 240 196 126 53 94 154 76 78 51 67 73 46 116 87 52 44 40
cat_boundaries=0 2 4 5 6 8 10 12 13
cat_threshold=2156068896 4352 2175009860 269314 2624 768 540545740 33329 1141942044 41069 2288185884 13612 512
is_linear=0
shrinkage=0.05


Tree=80
num_leaves=59
num_cat=19
split_feature=20 23 14 7 1 1 21 1 2 15 21 20 0 2 20 23 2 1 1 1 20 11 15 22 7 2 19 14 2 1 22 2 4 7 20 11 1 2 21 11 7 2 20 0 11 21 19 19 11 20 22 19 19 7 19 20 11 11
split_gain=1.84771 1.6725 1.52707 1.35157 1.7989 1.43405 1.3349 2.30841 2.80518 1.95492 1.87958 1.89024 1.69087 14.0902 9.43282 16.8633 3.64739 3.60283 3.35624 2.37056 2.05207 1.70393 1.59013 1.50783 1.40316 1.36066 1.15048 1.14458 1.12738 1.11125 1.10999 1.06347 1.01809 1.00823 0.997642 0.921905 0.904262 0.850456 0.821863 0.836117 0.983258 0.793473 0.821313 0.676821 0.772151 0.506383 0.413701 0.404426 0.516489 0.402854 0.378097 0.53659 0.359741 0.310414 0.307318 0.294976 0.175426 0.0409805
threshold=250.50000000000003 4.5000000000000009 8.5000000000000018 619.57000000000005 0 1 77.683333333333351 2 3 1.5000000000000002 344.00000000000006 9.5000000000000018 4 5 41.500000000000007 3.5000000000000004 6 7 8 9 1.0000000180025095e-35 3181.0800000000004 9.5000000000000018 29.951070879836482 675.93500000000006 10 2183.6600000000003 1.0000000180025095e-35 11 12 42.132528963156894 13 14 117.73500000000001 191.50000000000003 1118.8500000000004 15 16 298.25000000000006 1252.8300000000002 265.33000000000004 17 337.50000000000006 18 1036.0250000000003 207.16666666666671 1494.6550000000002 2459.8250000000003 1948.3250000000003 211.50000000000003 55.148932550733754 406.15500000000003 171.24000000000004 1277.3550000000002 1646.6650000000002 429.50000000000006 1145.9450000000004 1515.6700000000003
decision_type=2 2 2 2 9 9 2 9 1 2 2 2 1 1 2 2 1 9 9 9 2 2 2 2 2 1 2 2 1 9 2 1 9 2 2 2 9 1 2 2 2 1 2 1 2 2 2 2 2 2 2 2 2 2 2 2 2 2
left_child=2 3 6 5 37 38 12 9 23 27 11 -11 16 14 20 -16 17 33 28 25 -14 -21 -20 36 -25 -15 -19 45 -18 34 -31 35 47 -1 -10 54 -9 55 39 40 -2 42 -34 46 -45 -8 -33 48 -6 -29 51 -39 -3 -43 -7 -5 -57 -41
right_child=1 52 -4 4 32 31 7 8 29 10 -12 -13 13 19 15 -17 18 26 22 21 -22 -23 -24 24 -26 -27 -28 49 -30 30 -32 43 41 -35 -36 -37 -38 50 -40 57 -42 53 -44 44 -46 -47 -48 -49 -50 -51 -52 -53 -54 -55 -56 56 -58 -59
leaf_value=-0.22776060693132005 -0.82479395812654099 -0.17282452577987223 -0.13672224442743483 2.0794265809481032 2.1361139930107051 -0.25133464541573786 2.2526838657578936 0.18577011466112339 -0.30339325293421732 -0.36662629064710139 2.3140118548081574 0.0038374091970082348 -1.9849183260285366 -0.0230465654597257 -1.14809796569408 0.0019980348998426935 -0.078108853941320083 0.019917232593682856 -0.10063191989152998 -0.15147410109905923 -0.039055440039939396 0.016314702571406769 0.045579428706756554 -0.034197789795118186 0.6385217364132203 0.083102443406785298 -0.28746696664575655 -1.1383896110813816 0.042710810833823755 0.20538562581146796 -0.095665592435394409 2.0119515593226618 -1.9255862409306923 0.33216848847205971 0.63360721069463866 -1.0470323446194454 0.6293468767278757 2.1136722549377089 -1.6253682595091772 -1.3140601479560852 0.17612109314160734 1.2204871207095875 0.40808560604642496 0.83782158731148693 -1.5126747172738804 -0.48853896251506601 0.87997901222078312 -1.8177557905826509 0.045091824501349721 -0.30061591687456296 -0.50177596646207012 0.61477172283670001 -1.1921592440192634 -0.65621944449856362 1.7798436117862779 -2.8065361181739314 7.400873716618837 -0.6109717118315352
leaf_weight=50 102 20 31 227 211 50 23 267 390 248 82 5792 35 837 199 133 409 789 5107 949 384 597 422 555 385 1737 137 71 2752 738 527 195 62 1057 44 22 614 123 25 23 314 94 44 144 27 26 178 22 141 20 36 185 23 21 30 20 21 21
leaf_count=50 102 20 31 227 211 50 23 267 390 248 82 5792 35 837 199 133 409 789 5107 949 384 597 422 555 385 1737 137 71 2752 738 527 195 62 1057 44 22 614 123 25 23 314 94 44 144 27 26 178 22 141 20 36 185 23 21 30 20 21 21
internal_value=5.75726e-05 0.00138947 -6.5427e-05 0.0015912 0.00275826 0.000297619 -4.92533e-05 0.000406234 0.00142938 -0.000163347 -2.04082e-05 -0.000132385 -0.000338206 -0.00111048 -0.0073462 -0.0137313 8.15775e-06 0.00191227 -0.000433758 3.62932e-05 -0.00228081 -0.00149134 -0.00117963 0.00278762 0.00132556 0.000976034 -0.000346113 -0.00594406 0.0008546 -7.3014e-06 0.000714006 0.00185888 0.000637336 0.00382813 -0.00218121 -0.0023913 0.00431278 0.00464 -0.00168173 -0.00107991 -0.000238663 -0.00186966 -0.00483193 0.00278276 0 0 0.00402261 0.00226098 0.0028169 -0.00917553 0.00252101 0.00321543 -0.00788043 0.000683594 0 0.0069395 0.00142045 -0.00744681
internal_weight=27788 2381 25407 2338 1207 1131 25376 9782 3520 6262 6122 6040 15594 4871 751 332 10723 2033 8690 4120 419 1546 5529 1821 940 2574 926 140 3161 1699 1265 646 595 1107 434 102 881 612 485 460 416 221 106 544 171 49 373 374 352 91 344 308 43 115 80 268 41 44
internal_count=27788 2381 25407 2338 1207 1131 25376 9782 3520 6262 6122 6040 15594 4871 751 332 10723 2033 8690 4120 419 1546 5529 1821 940 2574 926 140 3161 1699 1265 646 595 1107 434 102 881 612 485 460 416 221 106 544 171 49 373 374 352 91 344 308 43 115 80 268 41 44
cat_boundaries=0 2 4 6 7 8 9 10 12 14 16 17 18 20 21 22 24 25 26 27
cat_threshold=637604798 262163 607129636 266369 3030856943 1854496 2956 1 256 768 805454298 345218 1605701703 159929 3029639355 459265 2192 64 16810752 65539 24 28 186122256 8196 659 2702 1
is_linear=0
shrinkage=0.05


Tree=81
num_leaves=63
num_cat=27
split_feature=10 23 2 1 1 1 7 2 1 19 7 10 1 11 18 23 9 2 21 2 7 9 22 18 2 21 18 6 0 12 1 2 1 15 2 11 2 11 2 2 22 0 2 22 1 21 18 1 1 22 21 0 18 1 1 2 18 15 22 9 10 21
split_gain=1.56193 2.69573 2.93393 3.32284 2.55906 1.96629 2.88942 2.0143 1.95961 2.00817 1.6418 1.56259 1.48041 1.3271 1.37993 1.30065 1.08149 1.06511 1.17193 1.06182 1.78928 1.02102 1.009 0.998046 1.24739 1.17351 1.03359 0.969766 2.57766 1.54261 1.32938 2.00386 1.28735 1.24224 1.18527 1.16665 1.12009 0.986676 1.30423 0.980648 0.940327 0.90466 0.896192 1.47171 2.09757 1.98822 1.61168 1.73077 1.68972 1.36506 1.25805 2.42788 2.56186 1.5889 1.17946 1.34817 0.865394 0.822701 0.818771 0.81305 1.27388 0.994468
threshold=2873.3150000000005 6.5000000000000009 0 1 2 3 985.63 4 5 1815.28 1290.3400000000004 3082.8750000000005 6 7458.0950000000012 0.7645591597380591 18.500000000000004 1322.7350000000004 7 26.366071428571434 8 514.58500000000015 1240.05 7.7327380171570583 1.4309408998764503 9 55.035714285714292 1.1818530721047262 2501.0100000000007 10 1.5000000000000002 11 12 13 2.5000000000000004 14 4403.6350000000011 15 4535.4100000000008 16 17 130.85010030823526 18 19 28.541950719393718 20 51.519230769230781 0.91791363250572755 21 22 31.63381441250672 62.67948717948719 23 1.9438401885638208 24 25 26 2.3872337829852004 13.500000000000002 26.79195804226525 2161.3250000000003 3586.6300000000006 51.968750000000007
decision_type=2 2 1 9 9 9 2 1 9 2 2 2 9 2 2 2 2 1 2 1 2 2 2 2 1 2 2 2 1 2 9 1 9 2 1 2 1 2 1 1 2 1 1 2 9 2 2 9 9 2 2 1 2 9 9 1 2 2 2 2 2 2
left_child=5 2 12 -4 13 6 42 23 9 -9 22 -12 -2 15 -15 19 -14 59 -19 56 -21 -11 -5 26 -25 -26 -8 29 30 32 31 -29 33 34 -7 -33 40 38 -32 -35 -34 -38 50 46 45 -45 48 -48 -44 -46 51 53 -53 -1 -52 -56 -3 -16 -18 60 -6 -62
right_child=1 4 3 10 17 27 7 8 -10 21 11 -13 16 14 57 -17 58 18 -20 20 -22 -23 -24 24 25 -27 -28 28 -30 -31 37 35 36 39 -36 -37 41 -39 -40 -41 -42 -43 43 44 49 -47 47 -49 -50 -51 54 52 -54 -55 55 -57 -58 -59 -60 -61 61 -63
leaf_value=-0.038954161368608811 -0.14089996697857865 -0.37472616104685463 0.13036581649910869 -0.14805190598212523 0.05366126578009385 -0.078708430415320857 0.69925886229580181 0.0084306960516441262 0.42011280241517163 -0.44591999805488886 1.0042724300021248 -0.20176011512192274 -0.22178574199549603 -0.12635254512913038 -0.12372203337198756 0.13383807460673786 0.14295127709151087 -0.080472664350582868 0.16513022962545121 -0.21898764295476339 0.27807731280168968 -0.8082131583284714 -0.3217257351216109 0.55028404226958116 -2.7911797382037338 -0.050543843350946464 1.5737926726980189 0.074575304223665026 -0.52023747824338329 -0.31301753833809465 0.072534893575795151 -0.32970327764559643 0.097220675836067194 -0.10054623216949353 -0.45800188087261412 0.14294390054332382 0.052275666325010663 -0.17555484209799063 -0.051048492428209219 0.030637176036849657 -0.90105601025318871 -0.053008410670701167 0.062911595696595768 -0.95408441172690039 -0.34325132604392333 -0.26686756638477682 0.0020768608961023284 0.1551313640715466 -0.13186915042404487 0.085844742065015342 0.45745756713348468 -0.32198579727253995 0.090703670123420205 0.1864721144132119 0.27118570325190738 -0.0086482469733809349 0.083101684085898381 0.0083793988383518963 -0.14845659020465041 0.045090707352039863 -0.49240095100935249 0.15900149822390688
leaf_weight=435 223 67 115 91 96 489 865 652 382 47 39 198 33 21 217 68 314 61 448 47 171 62 301 125 20 111 128 115 138 161 973 157 1927 289 292 29 3695 193 1855 823 27 2074 1207 33 70 854 539 471 1300 632 508 516 128 857 639 953 38 106 118 186 38 21
leaf_count=435 223 67 115 91 96 489 865 652 382 47 39 198 33 21 217 68 314 61 448 47 171 62 301 125 20 111 128 115 138 161 973 157 1927 289 292 29 3695 193 1855 823 27 2074 1207 33 70 854 539 471 1300 632 508 516 128 857 639 953 38 106 118 186 38 21
internal_value=3.23846e-05 -0.00103891 -0.00261324 -0.00475561 0.000354219 0.000164992 0.000643024 0.00219207 0.000594723 -0.000823643 -0.00621106 -0.00265625 -0.000142653 -0.00175468 -0.00403458 9.51777e-05 0.00138598 0.00223059 0.00366379 -0.00111196 0.000757576 -0.00703125 -0.00835443 0.00357567 0.000579151 -0.00251736 0.00432982 -0.000248113 -0.000967369 1.27812e-06 -0.000669173 -0.00378185 8.83668e-05 -0.00106899 -0.00259885 -0.00690955 0.000379718 -0.000325478 -7.06464e-05 0 0.00141078 1.94569e-05 0.000232367 -0.000200234 -0.00146828 -0.00306944 0.000358665 0.00204837 -0.000303785 0.000524476 0.000790319 -0.000103146 -0.00262751 0.00111969 0.00164051 0.000903427 -0.00497881 -0.00295245 0.00218391 0 -0.00261076 -0.00826613
internal_weight=27788 3017 1432 744 1585 24771 11534 2392 1143 761 629 237 688 735 344 391 465 850 509 323 218 109 392 1249 256 131 993 13237 3460 9777 3322 301 9616 1893 781 186 7723 3021 2828 1112 1954 5769 9142 5106 1589 887 3517 1010 2507 702 4036 1936 644 1292 2100 1592 105 323 432 341 155 59
internal_count=27788 3017 1432 744 1585 24771 11534 2392 1143 761 629 237 688 735 344 391 465 850 509 323 218 109 392 1249 256 131 993 13237 3460 9777 3322 301 9616 1893 781 186 7723 3021 2828 1112 1954 5769 9142 5106 1589 887 3517 1010 2507 702 4036 1936 644 1292 2100 1592 105 323 432 341 155 59
cat_boundaries=0 1 3 5 7 8 10 12 13 14 15 16 18 19 21 22 23 24 25 26 27 29 31 33 34 36 38 39
cat_threshold=1748 2621960 20482 2149585051 33696 1409659283 516347 966 268705922 344195 2147500421 278530 1356 2124 134 1 2152333344 528384 2944 136447492 1053956 498 1576 1801 2688 1 2836 8336 475298 67371408 303120 335872128 303162 1 37120 270512 8450 196779 768
is_linear=0
shrinkage=0.05


Tree=82
num_leaves=63
num_cat=16
split_feature=4 1 5 20 1 21 17 15 1 5 1 1 5 20 5 5 21 1 22 1 18 20 19 5 0 16 22 1 17 5 5 5 15 12 22 1 16 21 18 15 17 21 5 19 17 0 15 22 19 0 4 20 5 0 18 18 18 5 1 22 18 18
split_gain=1.69829 3.45365 2.84631 2.00067 1.8425 1.48708 1.95138 3.65495 3.82171 2.86167 2.85332 2.32459 2.51716 2.23233 1.9111 1.89693 1.82583 1.70105 2.78595 1.39601 1.30082 1.28249 1.43788 1.24836 1.27527 1.2464 1.14114 1.44042 1.5822 1.76692 1.18975 1.13972 1.13431 1.13326 1.12405 1.11953 1.106 1.08874 1.04088 0.984351 1.31102 1.1047 0.954465 1.08549 0.945782 1.56062 1.45749 1.05993 1.10501 1.0351 0.941034 0.93653 0.931781 0.918712 1.63267 1.5881 0.874921 0.870373 0.965015 0.830173 0.933901 0.791941
threshold=0 1 5.5000000000000009 250.50000000000003 2 78.050000000000011 2.0865299141129685 5.5000000000000009 3 320.50000000000006 4 5 180.50000000000003 105.50000000000001 165.50000000000003 89.500000000000014 20.13602941176471 6 29.951070879836482 7 0.14270484724171437 9.5000000000000018 2339.2200000000007 148.50000000000003 8 1.0006979794612769 75.854795479814442 9 0.95133203897803387 287.50000000000006 297.50000000000006 164.50000000000003 9.5000000000000018 1.5000000000000002 36.44344930243053 10 0.92295929729969717 61.519230769230781 0.81057823327769529 2.5000000000000004 2.0765998674715722 168.12500000000003 315.50000000000006 880.06000000000017 1.9741694744320704 11 1.5000000000000002 80.439779452998735 722.73500000000024 12 13 38.500000000000007 118.50000000000001 14 1.5254087348711123 2.2967981627535248 0.30644094785706583 78.500000000000014 15 13.881158470225367 0.16162127130473544 0.58161153584559588
decision_type=9 9 2 2 9 2 2 2 9 2 9 9 2 2 2 2 2 9 2 9 2 2 2 2 1 2 2 9 2 2 2 2 2 2 2 9 2 2 2 2 2 2 2 2 2 1 2 2 2 1 9 2 2 1 2 2 2 2 9 2 2 2
left_child=1 2 -1 5 42 6 7 8 9 -2 13 20 14 -9 -13 -10 -12 18 57 -14 -8 23 35 52 -25 31 27 37 30 32 51 -4 -30 53 -31 -23 -33 -3 -39 41 -41 -20 43 -5 46 56 -6 48 -47 -48 -24 -29 -19 54 -27 -55 -46 -7 -59 60 -45 -22
right_child=3 26 25 4 44 17 11 10 15 -11 16 12 19 -15 -16 -17 -18 21 39 -21 61 22 50 24 -26 33 -28 28 29 34 -32 36 -34 -35 -36 -37 -38 38 -40 40 -42 -43 -44 59 45 47 49 -49 -50 -51 -52 -53 -54 55 -56 -57 -58 58 -60 -61 -62 -63
leaf_value=-0.90831413614482881 -0.046623482839824253 -0.34467801438241907 0.022533288025982503 0.9649913602736504 2.3141389430254038 0.042667801708959632 -0.37278605817936644 -0.014652404805184283 0.0020254971990784298 0.54023044570599321 -0.22529488976586576 -0.028131569016709435 0.61074501311397766 -0.4224053871206172 -0.46708548815596063 -0.24740270173669976 0.067802823180536237 -0.16857386762978818 -0.86995954664119779 0.032840119428981573 0.36618484277525126 -0.02810990017245274 -0.46049825167088188 -0.67063043260880473 0.03681601724400059 0.16246515918965374 0.53525099630409301 -0.26680221864513387 -0.18122935019983544 0.20399232293756056 -0.93737004438913663 -0.26645827584470455 0.040980778063639228 -0.36539825649022561 -0.38006164371551421 0.09637704729933852 0.1114031103066421 -0.8769184674810504 0.35249395200642142 0.0016220921861180406 0.5145765187463881 0.31957369237446209 -0.40177343256837617 -1.4280477597072654 0.88935170304995104 2.3705473485749731 -0.92703412937479834 -1.6491940615672023 -1.5136047086763504 0.77499842766045068 0.016364979177449526 -0.097850042899239764 1.0033981729302905 -0.1475543652082239 -0.2540256643529511 0.24532009435941476 2.1708936869724633 0.10575246929321765 0.66724403076507888 -0.70153748707396635 0.53464372190036336 0.077010675023083591
leaf_weight=65 1271 122 123 329 73 263 82 2867 363 147 44 2745 446 84 208 1744 1406 100 133 607 654 1237 124 93 36 1226 147 42 1438 222 38 48 99 35 59 3970 26 31 66 886 160 124 102 50 153 112 210 21 54 44 106 181 37 358 118 93 480 236 655 73 306 416
leaf_count=65 1271 122 123 329 73 263 82 2867 363 147 44 2745 446 84 208 1744 1406 100 133 607 654 1237 124 93 36 1226 147 42 1438 222 38 48 99 35 59 3970 26 31 66 886 160 124 102 50 153 112 210 21 54 44 106 181 37 358 118 93 480 236 655 73 306 416
internal_value=2.69872e-05 -0.000854396 0.000617577 0.000201492 0.0017102 5.64786e-05 -0.000271262 -0.000766175 -0.00196641 1.74703e-05 0.000184491 0.000479558 -8.08659e-05 -0.00069585 -0.000841509 -0.00330778 0.00199932 0.000588019 0.00168522 0.00200047 0.00244635 0.000102782 0.000278033 -0.00325279 -0.00672348 0.000979064 -0.0021308 -0.00242286 -0.00194192 -0.0013866 -0.00563447 -0.0026875 -0.00206981 0.0014048 0.00215669 0.000458253 -0.00746753 -0.00630388 -0.001875 6.69985e-05 0.000786463 -0.00264423 0 0.000558476 0.00300647 0.00394897 0.000568182 0 0.00133136 -0.00107004 -0.00354077 -0.00381637 0 0.00160595 0.00226429 -0.000247797 0.00512972 0.00347882 0.00423658 -0.00101273 0 0.00295899
internal_weight=27788 4537 2092 23251 2007 21244 13084 7926 3525 1418 4401 5158 4006 2951 2953 2107 1450 8160 2457 1053 1152 5703 5437 266 129 2027 2445 2298 2079 1818 261 197 1537 1830 281 5207 74 219 97 1303 1046 257 860 758 1147 820 327 187 166 254 230 223 137 1795 1344 451 633 1154 891 429 356 1070
internal_count=27788 4537 2092 23251 2007 21244 13084 7926 3525 1418 4401 5158 4006 2951 2953 2107 1450 8160 2457 1053 1152 5703 5437 266 129 2027 2445 2298 2079 1818 261 197 1537 1830 281 5207 74 219 97 1303 1046 257 860 758 1147 820 327 187 166 254 230 223 137 1795 1344 451 633 1154 891 429 356 1070
cat_boundaries=0 1 3 5 7 9 11 13 15 16 18 20 21 22 23 24 25
cat_threshold=1 913084466 24595 2690822148 37506 492869259 206345 575410859 98742 335822929 2080802 1259954952 164569 2717921316 16 1 16777728 623616 2485420098 1063972 1 1 24 1 152109832
is_linear=0
shrinkage=0.05


Tree=83
num_leaves=63
num_cat=10
split_feature=20 19 4 5 1 13 1 6 7 10 15 7 22 1 22 1 1 10 22 23 1 19 7 7 9 7 1 20 9 19 5 10 1 10 11 22 20 7 0 11 19 19 5 20 19 19 11 11 19 5 22 7 11 5 7 22 20 5 7 5 5 22
split_gain=1.86147 1.63326 1.51381 2.10473 2.04711 1.41873 1.39011 1.4503 1.38121 1.3829 1.50351 1.45441 1.30681 1.27295 1.25428 2.04271 1.26912 1.33799 1.19861 1.19624 1.15967 1.13216 1.09551 1.02467 0.989969 0.924574 0.901558 1.05655 0.854378 0.816876 0.807739 0.765224 1.50464 0.96763 0.758885 0.693884 1.11545 0.690014 0.630745 0.627219 1.06293 0.608401 0.587954 0.577396 0.530354 0.469966 0.448644 0.451798 0.408454 0.397859 0.361609 0.593135 0.323737 0.41644 0.302294 0.345499 0.291005 0.266484 0.233594 0.192023 0.173064 0.0595486
threshold=329.50000000000006 1003.0200000000001 0 10.500000000000002 1 1.0000000180025095e-35 2 13071.820000000002 -1.0000000180025095e-35 2977.9300000000003 13.500000000000002 1299.865 125.19750436084043 3 27.533615757874632 4 5 6301.9650000000011 29.951070879836482 3.5000000000000004 6 3203.3150000000005 2092.3150000000005 -434.39999999999992 1513.2250000000001 904.92000000000019 7 371.50000000000006 1383.8450000000003 1389.7950000000003 348.50000000000006 1653.4050000000004 8 727.61500000000012 853.25000000000011 50.129831398287124 60.500000000000007 744.02500000000009 9 5350.0950000000012 343.96499999999997 1531.325 278.50000000000006 489.50000000000006 1198.0400000000002 1643.5700000000002 1622.0500000000002 2397.9750000000004 1339.3300000000002 301.50000000000006 31.63381441250672 964.53000000000009 810.31500000000017 154.50000000000003 248.01500000000001 38.677576516083171 640.50000000000011 334.50000000000006 841.47500000000014 145.50000000000003 143.50000000000003 82.043279085338028
decision_type=2 2 9 2 9 2 9 2 2 2 2 2 2 9 2 9 9 2 2 2 9 2 2 2 2 2 9 2 2 2 2 2 9 2 2 2 2 2 1 2 2 2 2 2 2 2 2 2 2 2 2 2 2 2 2 2 2 2 2 2 2 2
left_child=2 13 3 39 5 35 8 14 23 11 28 30 20 52 16 19 25 -18 -17 -16 29 -9 -22 -4 -13 -8 27 -3 -11 -6 -10 33 -33 -7 42 36 -5 -12 41 40 46 -14 43 48 60 -44 -1 -48 -28 54 51 -42 -2 -54 -15 -56 -45 -51 -29 -46 -36 -57
right_child=1 26 6 4 12 31 7 21 9 10 37 24 38 49 15 18 17 -19 -20 -21 22 -23 -24 -25 -26 -27 34 58 -30 -31 -32 32 -34 -35 44 -37 -38 -39 -40 -41 50 -43 45 56 59 -47 47 -49 -50 57 -52 -53 53 -55 55 61 -58 -59 -60 -61 -62 -63
leaf_value=-0.68182376599920813 -0.97060181057330119 -0.65235358833273027 0.35136617117344904 -0.42954791447863222 -0.0088428072438444978 0.0075834394269705292 0.0628429695961156 0.030899405919838155 -0.0075580454018790988 -0.25992993054598862 0.21331785050073498 1.4307332502835566 3.6265088130060334 0.94313765613110867 0.38079189964215043 -0.14108561528031757 0.038969994259625197 -0.073187245569267839 -0.045272732045318037 0.018046274339166325 -0.098321075467100449 -0.13870421792061893 0.17889009499196376 -0.5389897606121905 0.011581044867609247 0.22490591183523137 0.19184028886248561 3.5025002743091083 -0.095913452272054681 -0.098191730935412391 -0.084248408260562888 -0.17210567289566447 0.025431751418203242 0.17805720191794905 1.6931340693474954 -0.94141281487442896 0.34066877320922179 -0.17087586188078224 -0.83216362099004371 -0.4650328743160948 -0.79940077358235373 0.070442548959922399 -1.2312387855686382 2.3824024187306918 1.509783229215566 5.7815043454124497 0.80011122652809952 -0.082989666250447416 -1.1420658312850436 -0.57609080189689477 -0.26513961968035032 0.0015024826319873343 2.5757454048446045 -1.1457396488172946 2.9993982234527383 -0.18554559471044457 -1.0043183764994983 5.2864515541207533 3.12411349785978 0.86744744356808645 -2.0650137413354561 2.2593940397383676
leaf_weight=20 34 26 20 23 4214 527 1303 22 3109 43 38 113 51 20 456 254 6902 75 2730 623 1699 29 48 28 83 631 34 57 354 1310 94 158 387 904 24 20 41 21 32 29 92 25 21 60 53 29 33 73 179 27 32 20 39 29 301 21 24 26 20 51 26 21
leaf_count=20 34 26 20 23 4214 527 1303 22 3109 43 38 113 51 20 456 254 6902 75 2730 623 1699 29 48 28 83 631 34 57 354 1310 94 158 387 904 24 20 41 21 32 29 92 25 21 60 53 29 33 73 179 27 32 20 39 29 301 21 24 26 20 51 26 21
internal_value=2.87863e-05 0.00202222 -5.34328e-05 -0.000551226 -0.000414372 0.000964785 0.000230211 0.000480327 -0.000590526 -0.000469803 -0.00305011 -0.000106555 -0.000806615 0.00407869 0.000518225 -0.000199828 0.000851189 0.000523963 -0.000884218 0.0016369 -0.000895312 -0.00763889 -0.00202415 -0.00882353 0.0040201 0.00199024 0.000164745 0.00420259 -0.00421875 -0.000523749 -0.000378197 0.00126326 -0.000250912 0.00187413 -0.000656615 -0.00517241 -0.00149254 0.00383065 0.0045045 -0.00467715 -0.00357143 0.00696203 -0.00203571 -0.00295833 0.00207006 0.00235849 0 0.00114679 -0.00434028 0.00524476 -0.00646259 -0.00782609 -0.000652174 0.000704225 0.00597678 0.00632225 0 0.000223214 0.00765625 0.00420561 -0.00141509 0.000555556
internal_weight=27788 1122 26666 9738 9439 2060 16928 13025 3903 3855 456 3399 7379 518 12974 4063 8911 6977 2984 1079 7271 51 1747 48 196 1934 604 103 397 5524 3203 1976 545 1431 501 84 64 59 108 299 270 76 347 297 154 50 126 106 213 416 144 112 102 68 363 343 84 53 77 104 50 42
internal_count=27788 1122 26666 9738 9439 2060 16928 13025 3903 3855 456 3399 7379 518 12974 4063 8911 6977 2984 1079 7271 51 1747 48 196 1934 604 103 397 5524 3203 1976 545 1431 501 84 64 59 108 299 270 76 347 297 154 50 126 106 213 416 144 112 102 68 363 343 84 53 77 104 50 42
cat_boundaries=0 1 3 5 7 9 11 13 15 17 18
cat_threshold=3 2625736706 417871 2562084934 272678 2149601282 262784 1161921329 688641 100671488 214224 1616642237 4656 34078722 98816 343932928 16396 1
is_linear=0
shrinkage=0.05


Tree=84
num_leaves=63
num_cat=15
split_feature=4 1 5 20 6 22 20 18 2 18 20 22 1 1 1 23 20 7 18 5 22 1 19 7 1 1 20 2 2 22 6 1 1 18 8 18 18 18 2 16 5 19 18 23 16 8 7 6 23 18 22 7 8 22 18 2 18 18 20 5 20 8
split_gain=1.83589 2.80444 2.71037 1.71814 1.45489 1.57154 1.92572 1.44699 1.35778 1.46482 1.39392 1.35993 1.91086 1.33086 1.32434 1.45848 1.31712 1.31576 1.28778 1.19199 1.18525 1.03069 1.29712 1.00571 2.41519 1.61968 0.974116 0.962957 0.957752 1.03347 1.36054 1.09716 0.956341 0.94515 1.57481 0.957409 0.906191 1.44548 1.07771 1.73324 2.05072 0.903612 0.902352 0.893 0.843644 0.790733 1.39843 0.770225 0.764678 0.760791 0.729055 0.687623 0.679853 0.678859 0.663247 0.619649 0.989088 0.779981 0.571109 0.778343 0.562755 0.547057
threshold=0 1 5.5000000000000009 334.50000000000006 5898.4900000000007 31.890969178121829 69.500000000000014 0.37274592583933114 2 0.32271798864529455 114.50000000000001 2.8503542240076025 3 4 5 20.500000000000004 75.500000000000014 540.5350000000002 0.61384015774754086 203.50000000000003 22.279916708161881 6 1223.7450000000001 726.9100000000002 7 8 69.500000000000014 9 10 25.224987602840336 2012.74 11 12 1.0643235193957252 896.83000000000015 1.5831916405772068 0.23138334916561115 0.14270484724171437 13 0.89922601287292159 164.50000000000003 1854.9400000000003 1.310491561409191 9.5000000000000018 1.909093060197032 1727.9850000000001 1309.5100000000004 2012.74 8.5000000000000018 0.49581893914858405 32.37292843274745 864.61500000000012 737.08500000000015 17.837694164747877 1.7425195221130667 14 0.28160744302076529 0.32597711463795148 421.50000000000006 83.500000000000014 118.50000000000001 901.58500000000015
decision_type=9 9 2 2 2 2 2 2 1 2 2 2 9 9 9 2 2 2 2 2 2 9 2 2 9 9 2 1 1 2 2 9 9 2 2 2 2 2 1 2 2 2 2 2 2 2 2 2 2 2 2 2 2 2 2 1 2 2 2 2 2 2
left_child=1 2 -1 4 14 6 13 55 11 -10 17 33 47 49 28 23 61 19 -14 -11 53 -12 -23 25 -25 -16 -20 -15 29 30 -2 -31 51 34 -3 -35 37 -4 42 40 -40 -39 -38 -8 -19 46 -30 60 -41 -6 -34 -9 -44 -17 -49 56 58 -57 59 -5 -13 -7
right_child=3 8 36 7 5 16 43 32 9 10 21 12 18 27 15 20 -18 44 26 -21 -22 22 -24 24 -26 -27 -28 -29 45 31 -32 -33 50 35 -36 -37 38 41 39 48 -42 -43 52 -45 -46 -47 -48 54 -50 -51 -52 -53 -54 -55 -56 57 -58 -59 -60 -61 -62 -63
leaf_value=-0.76994082611991477 0.24010688278377867 -0.60214222716214005 0.15589449817919265 -0.33230065063394537 0.024030462474272429 0.21641651258709849 -0.92360510030543819 -1.600785630095847 0.24119162361319724 -0.21364976418109793 0.096820796485207347 0.42625944202239147 0.16847848552502376 0.21687474645949503 -0.077382070935244324 0.090334752234681667 0.48426902995403154 -0.015597932589579956 -0.41667276948517068 0.032583511641960071 -0.32074268834441721 -0.44872665678569351 -1.647739772308989 0.12067204152087677 -0.047946913572359723 -0.0042748219795559093 -0.19191992081621301 -0.027408585561977363 0.13346598197123447 -0.45013075048993728 -0.0067224064021549129 -0.080971386990151481 2.5853665958226459 -1.8428942664006365 0.24104867021456899 -0.25120149573398803 0.24790097038648284 -0.057890968201901316 0.27402226352732556 0.0086526691216715964 -0.30272171165756201 -0.51463447446534927 0.12604700345588846 0.018958668553642966 0.27670679227348993 -0.078843580006639963 0.98335720717484065 0.028861067753105197 0.095228795118731044 -0.13518227809902505 0.059762756103483389 1.4980683670853503 -0.27193955277869769 0.24488906215939413 -0.25887339993157238 1.6238541496079024 1.655810704757321 -1.3367126545622583 -0.070542869028464142 -2.4332265120658385 -0.26745165272275884 -0.62820604443176109
leaf_weight=68 232 212 55 37 76 28 81 28 197 252 111 56 40 100 1924 211 61 221 120 185 39 261 56 3947 1512 9669 125 133 2439 119 766 442 309 46 75 20 552 54 21 916 39 55 78 20 215 122 163 166 175 192 42 79 94 53 52 151 79 30 94 46 20 27
leaf_count=68 232 212 55 37 76 28 81 28 197 252 111 56 40 100 1924 211 61 221 120 185 39 261 56 3947 1512 9669 125 133 2439 119 766 442 309 46 75 20 552 54 21 916 39 55 78 20 215 122 163 166 175 192 42 79 94 53 52 151 79 30 94 46 20 27
internal_value=0 -0.00092033 0.000395047 0.00017785 8.94494e-05 -0.00211512 -0.00318182 0.00232461 -0.00207736 -0.00107545 -0.00171587 -0.00359788 -0.00199742 -0.00176091 0.000165196 -2.66294e-05 0.00294118 -0.000499429 -0.00482383 -0.00247159 0.00339052 -0.00406032 -0.00541667 -9.08824e-05 0.000464573 -0.000356804 -0.00640121 0.000863821 0.000951466 -7.95165e-06 0.000924076 -0.00175089 0.00428416 -0.00614466 -0.00452586 -0.0119565 0.000752938 -0.00269461 0.00108493 7.51718e-05 -0.00793651 -0.00613839 0.00257802 -0.00949519 0.00136674 0.00151626 0.00171785 0.000732899 0.000582724 -0.00409253 0.00546016 0 -0.000285714 0.00468165 -0.000565611 0.000142045 -0.00130112 0.00238402 -0.00354167 -0.0065407 0.00506329 -0.00193966
internal_weight=27788 4537 2107 23251 22356 718 602 895 2430 1498 1301 932 579 501 21638 17355 116 873 285 437 303 428 317 17052 5459 11593 245 233 4283 1559 998 561 458 353 287 66 2039 164 1875 1151 60 109 724 101 436 2724 2602 294 1091 268 351 107 172 264 218 437 256 181 177 83 76 55
internal_count=27788 4537 2107 23251 22356 718 602 895 2430 1498 1301 932 579 501 21638 17355 116 873 285 437 303 428 317 17052 5459 11593 245 233 4283 1559 998 561 458 353 287 66 2039 164 1875 1151 60 109 724 101 436 2724 2602 294 1091 268 351 107 172 264 218 437 256 181 177 83 76 55
cat_boundaries=0 1 3 4 6 8 10 12 14 16 17 18 20 22 23 24
cat_threshold=1 913080370 28695 2369 9441472 262272 536870913 262656 1426129169 1540680 8388620 32896 545845920 546963 8548896 524708 2354 51 268435472 262144 2625572 65664 1256 2785
is_linear=0
shrinkage=0.05


Tree=85
num_leaves=63
num_cat=16
split_feature=4 1 21 1 10 22 19 18 1 14 3 20 4 1 17 1 8 1 8 10 21 22 17 4 8 21 1 1 22 21 1 17 15 3 10 21 18 18 18 10 10 18 8 8 1 20 20 1 10 19 8 20 8 22 18 21 22 22 15 16 22 18
split_gain=1.59516 2.62815 1.51612 2.53412 1.5082 1.4819 1.46279 2.77426 2.05209 1.97345 2.65548 1.9261 1.9485 2.54752 1.72681 1.95328 1.6365 1.54351 1.5011 1.42977 1.36443 1.33134 1.31384 1.28932 1.17809 1.07232 1.08963 1.04094 1.02217 1.01766 0.909616 1.11357 1.45216 0.998677 0.969894 1.15002 1.02761 0.969414 1.12862 0.969344 1.73537 1.17062 0.865402 1.78291 1.51039 2.22139 1.07225 1.14523 0.823412 0.798212 0.767756 0.762726 0.751556 0.723552 0.714701 1.97964 0.819006 0.701023 0.581204 0.565027 1.03606 0.833049
threshold=0 1 224.25000000000003 2 784.99500000000012 138.08105789622593 992.96500000000003 0.66317048663784928 3 2.5000000000000004 4 329.50000000000006 5 6 2.6152779989066306 7 1360.7550000000003 8 835.88000000000011 3192.5400000000004 146.55000000000004 138.08105789622593 0.75553993279761522 9 85.330000000000013 237.25000000000003 10 11 115.27105667343501 18.732142857142861 12 1.0420580626198079 9.5000000000000018 13 1146.4700000000003 61.519230769230781 1.3360008613150123 0.48610511353413227 0.30118715912880994 538.10500000000013 1114.7050000000004 0.47698005282109129 410.30500000000001 358.74500000000006 14 58.500000000000007 6.5000000000000009 15 909.45500000000015 756.3950000000001 288.03000000000003 51.500000000000007 378.15000000000003 15.39805148244171 1.4768905737772551 113.07142857142858 9.1969186583266467 8.1906610443835444 4.5000000000000009 1.4999972783388438 20.49148336742412 1.509842023822376
decision_type=9 9 2 9 2 2 2 2 9 2 1 2 9 9 2 9 2 9 2 2 2 2 2 9 2 2 9 9 2 2 9 2 2 1 2 2 2 2 2 2 2 2 2 2 9 2 2 9 2 2 2 2 2 2 2 2 2 2 2 2 2 2
left_child=1 42 6 5 27 24 11 8 9 10 -8 12 14 22 15 -2 18 -16 57 23 52 -15 -14 -10 -4 -26 -27 -5 30 -20 34 39 33 -33 37 51 -37 38 -3 41 -41 -32 43 44 45 -1 49 -48 -46 -44 -47 -36 -13 -34 56 -56 -49 -9 -21 60 -45 -61
right_child=2 28 3 4 -6 -7 7 16 19 -11 -12 20 13 21 17 -17 -18 -19 29 58 -22 -23 -24 -25 25 26 -28 -29 -30 -31 31 32 53 -35 35 36 -38 -39 -40 40 -42 -43 46 59 48 50 47 54 -50 -51 -52 -53 -54 -55 55 -57 -58 -59 -60 61 -62 -63
leaf_value=0.086906081778494709 -0.24628443640837894 0.90508802806846456 -1.0233187316927523 -0.25351877945331086 1.4957402620607754 -0.61942418920124176 -0.097985265671760982 0.10955747949036994 -0.093671140885115994 0.028935894344088543 -0.87420598023022578 0.65953084557230568 -0.10834171125374228 0.1332816963191478 -0.082858408214241494 -0.016669509546420436 -0.43542259573173459 0.19679200901044155 -0.270284650018638 -0.2442985082340739 -0.95038471692862991 -1.9302758403735933 0.014213138243576307 0.037632998737509388 2.0678619653645605 0.385979570677835 -0.60841022754679863 0.71513867823315502 1.7190691490285197 0.10116857585232389 -0.26064041520396214 0.0010089045146285615 0.15443191396760492 -0.19328577536584765 -0.18790030179143882 -0.96598460983935974 0.86208566237966056 0.83432186372731199 -1.0606334025288067 0.17400455040374638 -0.22601451381146803 -1.3580683176838531 -0.38471451662255629 -0.018867638995392035 0.11305151076477422 -0.38830183025238818 0.18600727777592452 0.0060005722154564019 -0.021895396047212846 -0.0099370980411669588 -0.184564307353417 -0.71561555685296308 2.5819052131943407 -0.056037558841802643 0.021729768363070792 -0.57373161436291442 0.27592978109039906 -0.31557845407293034 -0.12534923875152801 -0.48910682694392166 -0.44040130213638629 0.48275428365862683
leaf_weight=98 237 21 20 102 329 31 288 36 1595 59 144 66 284 2584 220 6138 65 808 23 26 47 22 3987 4852 63 259 136 163 42 149 26 571 59 909 31 43 28 38 24 74 186 28 61 31 249 95 236 432 83 187 50 31 256 27 257 41 416 220 42 117 21 25
leaf_count=98 237 21 20 102 329 31 288 36 1595 59 144 66 284 2584 220 6138 65 808 23 26 47 22 3987 4852 63 259 136 163 42 149 26 571 59 909 31 43 28 38 24 74 186 28 61 31 249 95 236 432 83 187 50 31 256 27 257 41 416 220 42 117 21 25
internal_value=0 -0.000854396 0.000169253 0.00197785 0.0041598 -0.000550766 7.6746e-05 -0.000488203 -0.000224711 -0.00329861 -0.0045977 0.000369403 0.000273052 0.000879898 -0.000284857 -0.000597758 -0.00410786 0.00160039 -0.00278422 5.74449e-06 0.00393145 0.00210958 0.000113796 9.10853e-05 5.19751e-05 0.000704989 -0.000157035 0.00116604 -0.00212692 0.000571429 -0.00231062 -0.00187533 -0.00129063 -0.00168577 -0.00545852 -0.00836397 -0.00287162 -0.000726744 -0.00598958 -0.004653 -0.00304183 -0.0109649 0.000264303 -0.00108484 0.000237889 -0.00258789 0.000933864 0.00149819 0.00246377 -0.00199203 -0.0066723 -0.0134615 0.00515385 0.00477528 0.000754961 -0.00124585 0.00152761 -0.00521236 -0.00704225 -0.00520305 -0.01 -0.00293103
internal_weight=27788 4537 23251 1103 594 509 22148 7499 7006 491 432 14649 14280 6877 7403 6375 493 1028 428 6515 369 2606 4271 6447 478 458 395 265 2138 172 2096 1880 1566 1480 216 133 71 83 45 314 260 54 2399 769 575 243 1630 1382 332 248 145 62 322 86 1146 298 848 256 68 194 52 142
internal_count=27788 4537 23251 1103 594 509 22148 7499 7006 491 432 14649 14280 6877 7403 6375 493 1028 428 6515 369 2606 4271 6447 478 458 395 265 2138 172 2096 1880 1566 1480 216 133 71 83 45 314 260 54 2399 769 575 243 1630 1382 332 248 145 62 322 86 1146 298 848 256 68 194 52 142
cat_boundaries=0 1 3 5 7 8 9 11 13 15 16 18 20 22 23 25 27
cat_threshold=1 910995506 28823 2728837132 32898 2155897600 528386 3 38 706642172 764222 4277248 1048868 68452421 70160 8 536870924 128 524416 262160 16842752 623616 12 536870914 16512 100700162 8194
is_linear=0
shrinkage=0.05


Tree=86
num_leaves=63
num_cat=11
split_feature=6 12 0 2 22 7 2 6 2 21 15 2 22 15 18 7 7 8 2 15 2 7 20 13 22 20 2 21 0 7 2 9 21 21 21 20 20 16 16 8 10 20 21 10 21 2 18 8 22 8 7 11 20 18 15 10 6 22 7 9 10 21
split_gain=1.35557 1.74339 1.46919 4.7447 3.68625 6.22583 11.6731 3.14794 3.00505 2.09224 3.00515 2.45006 2.01876 3.0153 1.96928 1.81323 1.74477 1.4094 1.24063 1.66703 1.22574 1.46464 1.61578 1.17391 1.13113 1.06761 1.05863 1.43469 1.03771 1.23408 1.02251 1.41036 0.965992 0.954143 0.949039 0.933055 0.836259 0.832424 1.80703 1.54825 1.16139 1.28424 1.10846 1.12396 0.898469 1.40821 1.46282 1.07803 1.15202 0.898167 0.896848 0.823497 0.816946 0.784816 0.753095 1.30854 0.71427 1.51177 1.33877 0.881329 1.03699 0.669756
threshold=2501.0100000000007 1.5000000000000002 0 1 1.0000000180025095e-35 85.910000000000011 2 1376.8900000000001 3 61.035714285714292 5.5000000000000009 4 25.224987602840336 1.5000000000000002 2.4537066013769748 154.96000000000004 1240.0450000000003 1151.6100000000004 5 1.5000000000000002 6 90.465000000000018 19.500000000000004 1.5000000000000002 60.581900471795485 139.50000000000003 7 72.630681818181827 8 436.56500000000005 9 1163.6350000000002 29.825757575757578 85.944444444444457 74.190909090909102 26.500000000000004 337.50000000000006 0.4121828247032408 0.84226265640842712 165.35500000000005 1791.1850000000004 50.500000000000007 108.36666666666669 615.6600000000002 18.732142857142861 10 0.39800383573213227 1383.8450000000003 40.306327027666022 661.34500000000014 302.49000000000007 2259.6450000000004 3.5000000000000004 0.32597711463795148 4.5000000000000009 1250.4900000000002 3650.2500000000005 16.407124757554133 352.87500000000006 2000.8400000000004 2135.6350000000007 175.58333333333334
decision_type=2 2 1 1 2 2 1 2 1 2 2 1 2 2 2 2 2 2 1 2 1 2 2 2 2 2 1 2 1 2 1 2 2 2 2 2 2 2 2 2 2 2 2 2 2 1 2 2 2 2 2 2 2 2 2 2 2 2 2 2 2 2
left_child=1 2 8 4 5 33 -7 15 25 10 -6 -11 16 -14 -15 -5 17 -10 19 -9 21 22 -2 56 -20 30 27 -3 29 -28 34 -32 -25 -4 -1 -17 -27 42 39 -39 -41 -42 53 -44 45 49 -47 50 -49 -40 -46 -18 -30 -22 -55 -56 59 -58 -59 60 -23 -31
right_child=20 26 3 7 9 6 -8 18 12 11 -12 -13 13 14 -16 35 51 -19 24 -21 37 23 -24 32 -26 36 28 -29 52 61 31 -33 -34 -35 -36 -37 -38 38 44 40 41 -43 43 -45 47 46 -48 48 -50 -51 -52 -53 -54 54 55 -57 57 58 -60 -61 -62 -63
leaf_value=0.2658325128792986 0.10624539549405188 -0.62881240674889372 2.125959004083644 -0.050951593506828853 -0.26755084857263334 -1.0942497187986664 -0.10443237288678971 -0.98894431568071228 0.026245340206164425 0.42657545759551019 -0.0075209565158222969 -0.071658240734928574 -1.6557916388579317 -0.033024579396170095 -0.40923488017655069 -0.0052799194704093114 1.9407592128306819 -0.34155993089101389 -0.070423275984270367 0.040238534162732625 -0.12845195155388842 0.41040153885704034 -0.6447898695591413 -0.11600166786909308 -0.93002645429432873 0.74708433300197297 0.2303505247999722 -0.11868089187555131 -0.10666519493990334 -0.57776967513035238 -0.01933695126669286 0.29112250141112855 0.027580721797353915 0.1282430344958653 0.12411379669481733 0.23197710812939898 0.19869745803708769 -0.42607541049228459 -0.12133211296696134 0.11459067396288591 -0.14331926157549463 -0.64635497504283923 0.91789805793282397 -0.61275737591470791 0.025099027763575466 -0.12757715659969435 -0.39171277105305491 0.16716356236207713 -0.097814126365613777 0.13158380224488439 -0.047430508689191346 0.46280547533762972 0.77718978507260039 0.63245552459639898 -0.43350263486617585 0.15022010668774843 0.14467217357292134 0.18702574501333108 -0.17738225788478004 0.7873616414908593 -0.055994223528426181 0.0068066514745599663
leaf_weight=578 34 57 79 302 278 291 666 66 4463 520 572 513 52 2354 89 225 249 164 809 923 65 580 38 81 63 939 22 47 47 73 1396 404 148 64 332 1737 254 47 254 64 124 30 38 66 682 588 283 478 166 433 3543 385 50 93 34 108 212 23 198 97 190 28
leaf_count=578 34 57 79 302 278 291 666 66 4463 520 572 513 52 2354 89 225 249 164 809 923 65 580 38 81 63 939 22 47 47 73 1396 404 148 64 332 1737 254 47 254 64 124 30 38 66 682 588 283 478 166 433 3543 385 50 93 34 108 212 23 198 97 190 28
internal_value=5.39743e-06 0.000242877 0.000308338 -0.000253129 -0.0017732 -0.00407978 -0.0055599 0.000836757 0.000654905 -0.000404295 -0.00225674 0.00107384 7.723e-05 -0.00108587 -0.00080233 0.00209528 0.000638773 0.000288877 -0.000663895 0.000511477 -0.000510057 0.00072026 -0.006 0.00108518 -0.0020339 0.00178435 -0.00336391 -0.00726496 -0.000858369 -0.00406746 0.00120715 0.000468836 -0.00210129 0.00539384 0.00257313 0.00265903 0.00306229 -0.000794767 -0.000933532 -0.00499067 -0.00282805 -0.00525478 0.00135135 -0.00280374 -0.000756221 -0.00180974 -0.003125 -0.000407943 0.00146832 -1.78571e-05 -0.000706599 0.00310047 0.002625 0.0029703 0.00435924 0.00155172 0.00168841 0 -0.00284598 0.00251437 0.00184347 -0.00661058
internal_weight=27788 19091 18767 7108 2983 1100 957 4125 11659 1883 850 1033 7756 2495 2443 2264 5261 4627 1861 989 8697 1601 72 1529 872 3903 324 104 220 123 2710 1800 229 143 910 1962 1193 7096 6692 265 218 154 404 104 6427 1558 871 4869 644 687 4225 634 97 300 235 142 1300 433 221 867 770 101
internal_count=27788 19091 18767 7108 2983 1100 957 4125 11659 1883 850 1033 7756 2495 2443 2264 5261 4627 1861 989 8697 1601 72 1529 872 3903 324 104 220 123 2710 1800 229 143 910 1962 1193 7096 6692 265 218 154 404 104 6427 1558 871 4869 644 687 4225 634 97 300 235 142 1300 433 221 867 770 101
cat_boundaries=0 1 2 3 4 5 6 7 8 9 10 11
cat_threshold=1 2448 256 416 2304 585 768 321 1 256 3220
is_linear=0
shrinkage=0.05


Tree=87
num_leaves=63
num_cat=11
split_feature=10 1 1 1 17 9 9 9 7 7 1 17 10 11 7 1 18 1 9 16 16 10 1 18 17 22 18 23 10 12 7 10 7 17 10 10 9 0 11 12 9 0 6 17 7 1 18 10 1 18 18 22 23 17 10 16 10 7 22 8 17 8
split_gain=1.13181 2.60716 1.71811 1.47297 2.27798 1.88655 1.35233 1.67784 1.34516 1.33253 3.63148 1.45172 1.36669 1.29792 1.27013 1.26148 1.22145 1.19033 1.78721 1.08813 1.24101 0.976572 1.09401 0.933722 0.929923 0.973311 1.1324 0.881034 1.15054 0.983783 0.929659 0.880052 0.870337 0.866433 1.0262 0.865323 2.0076 1.38567 1.46115 0.923593 0.820846 0.817541 2.49927 1.53639 1.38936 1.21594 0.956105 0.891664 1.24036 0.78987 1.25875 0.82222 0.762007 0.750886 0.727488 0.689116 0.686935 0.662934 1.58996 0.917686 0.629874 0.706939
threshold=1791.1850000000004 0 1 2 3.5272379962922433 1322.7350000000004 720.80000000000018 493.64000000000004 352.87500000000006 720.80000000000018 3 1.7358949984861753 1584.1750000000002 2530.1200000000003 841.47500000000014 4 3.0239513236652398 5 1306.3900000000001 1.3934613360574588 1.3636237465031209 3126.2750000000001 6 0.8052669221634462 0.99971538040333241 21.12094790847804 0.83764466337919941 20.500000000000004 6301.9650000000011 1.5000000000000002 1703.8300000000002 3288.9750000000004 710.0150000000001 1.8741146742062493 1378.4700000000003 1620.3850000000004 1563.8450000000005 7 2480.2700000000009 1.5000000000000002 630.58000000000015 8 2012.74 1.9993867520525368 772.40500000000009 9 1.0886938997087168 1114.7050000000004 10 2.5269250736163458 2.4537066013769748 32.852170870091406 6.5000000000000009 1.354589279961927 3288.9750000000004 1.3333121750503947 1653.4050000000004 641.31000000000006 23.076060720500539 363.51500000000004 2.1590561702640341 342.10500000000008
decision_type=2 9 9 9 2 2 2 2 2 2 9 2 2 2 2 9 2 9 2 2 2 2 9 2 2 2 2 2 2 2 2 2 2 2 2 2 2 1 2 2 2 1 2 2 2 9 2 2 9 2 2 2 2 2 2 2 2 2 2 2 2 2
left_child=2 6 24 4 -3 16 7 -2 13 15 11 12 -11 -8 -13 56 21 18 -10 20 -19 22 -5 -16 25 -1 -27 28 29 -7 -30 -20 49 34 -34 36 39 52 -39 -12 -9 46 44 -44 45 -43 47 55 -49 50 -17 -51 -37 -29 -23 -26 57 59 -59 -4 61 -15
right_child=1 3 9 5 -6 27 8 40 17 10 35 14 -14 60 23 32 -18 19 31 -21 -22 54 -24 -25 41 26 -28 53 30 -31 -32 -33 33 -35 -36 37 -38 38 -40 -41 -42 42 43 -45 -46 -47 -48 48 -50 51 -52 -53 -54 -55 -56 -57 -58 58 -60 -61 -62 -63
leaf_value=0.052660959113211982 0.18827287859603495 0.3459248380031511 -0.19355968723106609 -0.10932855021815727 -0.6026451591467632 0.035792511576594022 0.08053443341231592 -0.93293506272126214 -0.68709890686678643 -0.4976614056487762 0.30434326147044805 0.67157801772485759 0.31827127442152592 -0.0031023364924525512 -0.51682137805522177 -0.0035290264695746034 0.1245088407283662 -0.073452336047369962 0.036563818473933106 -0.00015149236100797658 -0.48426048014752887 -0.70472421418770381 0.021099251427665267 0.086418250172895131 -0.11614214779310245 -0.54223858989721252 0.036496718602532584 0.18017004670521244 -0.2115529266267859 -0.19800146377618957 0.033996623591662355 -0.15049087345541592 1.6224802023082816 -0.77233592708591581 -0.22145059218865715 0.93289697319318032 -0.99987362216041265 -0.52495109987527544 0.56285253249351919 -0.38634033448158267 -0.50984483031497219 0.3179434008046565 0.21072097200195306 -0.65164402747553396 -0.60658218723322899 0.088582420939006132 0.82332319113769048 0.20399275412137713 -0.13657716722843791 0.18955116320536725 -0.20562060652691816 -0.079166926411932084 -0.17831395419417567 0.0070439020537563348 -0.13692664843601263 0.47082981425439496 -0.39758999461158429 -1.2000103385623537 0.15438755635904108 0.037404708100784494 -0.37957406878694472 -0.20966598281722756
leaf_weight=187 29 257 220 1109 34 2458 30 36 68 77 2908 85 30 82 194 12125 131 539 106 1723 26 32 598 120 68 80 104 91 71 86 81 83 27 108 35 303 55 29 47 83 52 114 34 69 76 432 137 235 308 129 30 50 24 56 46 876 30 48 28 297 29 133
leaf_count=187 29 257 220 1109 34 2458 30 36 68 77 2908 85 30 82 194 12125 131 539 106 1723 26 32 598 120 68 80 104 91 71 86 81 83 27 108 35 303 55 29 47 83 52 114 34 69 76 432 137 235 308 129 30 50 24 56 46 876 30 48 28 297 29 133
internal_value=2.15897e-05 -0.000478783 0.000225953 0.000202449 0.0035773 -2.61945e-06 -0.00166158 -0.00697917 -0.00142186 3.65604e-05 0.000843229 -0.00303468 -0.00829545 -0.00478339 -0.00152363 -0.00020278 -0.0012246 -0.00103513 -0.00421296 -0.000630161 -0.00253081 -0.00158697 -0.00129386 -0.00307571 0.00139041 -0.000835561 -0.00347594 0.00080376 0.000574287 0.00084413 -0.00354839 -0.0014974 -8.78805e-05 -0.00361272 0.000384615 0.00143342 0.00112332 0.00366379 -0.00189873 0.00131513 -0.0104396 0.00176977 0.000291896 -0.0067217 0.00156 0.00250455 0.00239705 0.00197148 0.000251832 -3.44492e-05 -8.7391e-05 0.00322802 0.00511364 0.00458333 -0.00709877 0.00290391 -0.00237814 -0.00190856 -0.00632911 -0.00112981 -0.00607287 -0.0046445
internal_weight=27788 7986 19802 5050 291 4759 2936 117 2819 17082 3955 506 107 274 399 13127 1916 2545 257 2288 565 1785 1707 314 2720 371 184 2843 2696 2544 152 189 12504 170 62 3449 3046 403 76 2991 88 2349 725 103 622 546 1624 1487 543 12334 12155 179 327 147 78 944 623 593 76 517 244 215
internal_count=27788 7986 19802 5050 291 4759 2936 117 2819 17082 3955 506 107 274 399 13127 1916 2545 257 2288 565 1785 1707 314 2720 371 184 2843 2696 2544 152 189 12504 170 62 3449 3046 403 76 2991 88 2349 725 103 622 546 1624 1487 543 12334 12155 179 327 147 78 944 623 593 76 517 244 215
cat_boundaries=0 2 4 6 8 10 12 14 15 16 18 20
cat_threshold=506532229 1362220 1443954947 1212524 1536 144384 2153907264 78848 25321984 524544 335610112 268 558784520 524816 1 1 100663552 4 336593154 1048584
is_linear=0
shrinkage=0.05


Tree=88
num_leaves=63
num_cat=16
split_feature=4 1 20 1 22 18 1 6 21 17 20 1 3 1 23 19 1 21 20 3 18 7 1 1 18 18 8 11 18 11 16 23 22 16 17 22 1 18 7 3 1 7 20 17 22 21 3 1 8 17 17 22 22 7 11 20 22 17 7 7 17 8
split_gain=1.63535 2.89175 1.40934 1.84269 1.59038 1.35057 1.20218 1.12907 1.0804 1.69271 2.74905 3.30682 1.52347 2.04728 1.42289 1.22241 1.50685 1.296 1.17189 1.12127 1.04896 0.984267 0.981986 0.975316 0.953959 1.21014 1.61887 1.15157 0.938625 0.90996 0.854461 1.021 1.26494 1.01044 0.846939 1.04889 0.800873 1.59004 0.895088 0.794988 1.31031 1.08296 1.80381 0.794973 0.775641 0.761833 0.759211 1.73714 1.48719 0.719219 0.718574 1.19832 2.25369 1.87914 1.39554 2.42385 1.32634 1.18367 0.852353 1.16012 1.05717 0.867516
threshold=0 1 265.50000000000006 2 1.0000000180025095e-35 0.30118715912880994 3 13071.820000000002 82.062500000000014 2.0865299141129685 74.500000000000014 4 5 6 5.5000000000000009 992.96500000000003 7 155.58333333333334 210.50000000000003 8 0.32597711463795148 841.47500000000014 9 10 2.2967981627535248 2.7356181657523657 727.61500000000012 9794.0650000000023 0.16162127130473544 2360.2450000000003 1.0639388779364871 5.5000000000000009 8.1906610443835444 0.74993259477851326 2.0098902678645172 4.9581511384448076 11 0.21930520818718161 320.59500000000008 12 13 924.30500000000018 88.500000000000014 2.3810584830175308 14.890784036793976 233.16666666666671 14 15 1970.1600000000003 1.8181843054511293 2.2536697901900129 15.211289578210918 7.1879154854981033 363.92500000000007 2565.0300000000002 111.50000000000001 33.617951462307268 1.1589934565968232 546.05000000000007 816.50000000000011 2.9091240828828768 727.5350000000002
decision_type=9 9 2 9 2 2 9 2 2 2 2 9 1 9 2 2 9 2 2 1 2 2 9 9 2 2 2 2 2 2 2 2 2 2 2 2 9 2 2 1 9 2 2 2 2 2 1 9 2 2 2 2 2 2 2 2 2 2 2 2 2 2
left_child=1 30 6 34 5 28 7 24 9 10 14 -12 13 -11 -8 18 17 -17 22 -20 36 -6 -10 -14 46 26 -26 -27 -5 -18 31 32 -1 -33 35 -4 -3 38 -38 -32 41 42 -41 -43 -9 -42 48 -48 -2 -37 51 52 57 -54 56 -56 -53 -22 60 61 -52 -60
right_child=2 20 3 4 21 -7 8 44 15 12 11 -13 23 -15 -16 16 29 -19 19 -21 50 -23 -24 -25 25 27 -28 -29 -30 -31 39 33 -34 -35 -36 49 37 -39 -40 40 45 43 -44 -45 -46 -47 47 -49 -50 -51 58 54 53 -55 55 -57 -58 -59 59 -61 -62 -63
leaf_value=0.0011906018481230435 0.11554459325973365 0.37769590472887843 -0.092950081007641933 1.2614967416908103 -0.56695706410327062 2.1912854069687593 -0.095627593207493922 -0.23591728212422561 0.014529564931032725 0.75355220428559688 -0.31696445178073174 -0.088745735340597778 0.067964322676073372 -0.00099063698418611068 0.013669235764509381 -0.5298713924074363 -0.023064629708018727 0.011324315878377789 0.34903097189508653 -0.35148133255785119 -0.66622557044188324 1.0585838285808886 0.21357123508361148 -0.045167877026391495 0.039167361990974217 0.14210945469777131 -0.49989323212671927 -0.063761734725369973 -1.1111984877790571 0.52066522318504727 -0.036494346379953503 0.28704645403181955 -0.40826130011417838 -0.10450675962352599 0.46867075614109877 -0.18811520984394792 -0.046652629463201395 0.33569576495280995 -0.57672074586508304 0.07596544539391098 0.19222599170617602 0.48221576815354106 -0.25915242962834545 -0.095800120507922415 0.0039621988742551267 -1.0080146905204914 0.1049029633942789 -0.05184564907511309 -0.17283477564464605 -1.593976740156132 -0.65528017323915377 0.095869900969029809 -0.05083968162493744 0.21826935206838094 -0.11970256817378276 -1.07609121863109 -0.2518841525024515 -0.091154272235950365 -0.30422458864734603 -0.50199526598772337 -0.29642791612459574 0.67510900173307853
leaf_weight=66 2888 105 253 67 105 532 854 36 1749 407 457 2148 836 477 2712 293 896 186 136 251 51 76 1988 2076 65 179 85 62 102 94 635 41 65 63 528 45 41 107 29 349 450 160 334 73 26 20 1158 1402 55 27 52 170 66 150 426 84 283 322 70 206 79 40
leaf_count=66 2888 105 253 67 105 532 854 36 1749 407 457 2148 836 477 2712 293 896 186 136 251 51 76 1988 2076 65 179 85 62 102 94 635 41 65 63 528 45 41 107 29 349 450 160 334 73 26 20 1158 1402 55 27 52 170 66 150 426 84 283 322 70 206 79 40
internal_value=3.23846e-05 -0.000832418 0.000203641 0.00157509 0.00315642 0.00427912 9.06176e-05 0.000695259 -0.000138059 -0.000452608 -0.000965743 -0.00219996 0.000368518 0.00217391 -4.90333e-05 0.000413242 -0.000806726 -0.00307419 0.000860189 -0.00169872 -0.00208697 -0.000747283 0.00113971 -0.00017094 0.000775818 -0.00155457 -0.00506536 0.000461066 7.26744e-05 0.000274177 0.000418687 -0.00236345 -0.00531716 0.000934579 -4.33025e-05 -0.00209604 0.000614035 -0.00125 -0.00719178 0.000771986 0.00144746 0.000269107 -0.000674198 0.00323093 -0.00576923 0.00357143 0.000951235 0.000291489 0.00150118 -0.00733333 -0.00250375 -0.00192926 -6.33446e-05 0.00388128 -0.00301501 -0.00482456 -0.000849781 -0.00249335 -0.00436111 -0.00266458 -0.0079291 0.00110619
internal_weight=27788 4537 23251 1735 882 701 21516 5956 15560 9967 6171 2605 3796 884 3566 5593 1469 479 4124 387 2281 181 3737 2912 5894 391 150 241 169 990 2256 235 131 104 853 325 282 177 70 2021 1386 916 683 233 62 470 5503 2560 2943 72 1999 1552 589 216 963 510 453 373 447 316 131 110
internal_count=27788 4537 23251 1735 882 701 21516 5956 15560 9967 6171 2605 3796 884 3566 5593 1469 479 4124 387 2281 181 3737 2912 5894 391 150 241 169 990 2256 235 131 104 853 325 282 177 70 2021 1386 916 683 233 62 470 5503 2560 2943 72 1999 1552 589 216 963 510 453 373 447 316 131 110
cat_boundaries=0 1 3 5 7 9 10 12 14 15 17 19 21 22 24 25 27
cat_threshold=1 911052850 24723 2687144036 103040 1427211073 2074185 8806432 16690 12 570834996 18 11141264 20480 2 2686874642 2084 10748048 16418 73 512 1 806158352 144 10 67109441 1025024
is_linear=0
shrinkage=0.05


Tree=89
num_leaves=63
num_cat=16
split_feature=5 7 1 18 20 1 10 18 12 17 1 21 2 1 1 2 1 2 1 7 10 15 1 20 1 17 19 18 7 7 17 2 7 7 9 19 18 2 7 2 7 21 20 17 21 11 2 7 9 10 7 11 10 10 11 7 18 10 11 7 21 20
split_gain=1.52127 2.69231 1.97948 1.74918 1.17552 1.51253 1.03782 1.02149 0.992489 1.93757 1.38942 1.11907 3.77979 3.44852 3.20636 1.80237 1.50231 1.4085 1.33539 1.70489 1.34333 1.91743 1.34774 1.25667 1.14829 1.03937 0.962601 0.894502 0.85813 0.727147 0.723611 0.681553 0.99474 0.645703 0.618559 0.6151 1.5569 0.57564 0.542324 0.536286 0.841512 0.505429 0.619156 0.493702 0.491503 0.474023 0.462798 0.620947 0.668141 0.451054 0.437809 0.7825 0.428704 0.415761 0.412363 0.587593 0.372871 0.361456 0.358336 0.350471 0.342832 0.332483
threshold=12.500000000000002 90.465000000000018 0 0.363840095617945 334.50000000000006 1 3082.8750000000005 0.1901830603806228 1.5000000000000002 1.5560223107213609 2 117.08333333333336 3 4 5 6 7 8 9 992.05500000000018 891.81000000000006 3.5000000000000004 10 198.50000000000003 11 2.3165463429384996 983.07500000000005 0.3418874851907896 453.93500000000006 691.7700000000001 1.4736827688680629 12 794.79500000000019 851.44000000000005 1844.7150000000001 395.01000000000016 0.72199710267328265 13 936.58500000000015 14 448.42500000000007 75.292857142857159 402.00000000000006 0.98181994652258753 132.29166666666671 2283.4400000000005 15 823.54500000000007 1286.6900000000003 509.37000000000006 579.09500000000014 916.36000000000024 821.81500000000017 1681.1400000000001 1637.0050000000003 727.5350000000002 0.22573415561107793 1512.5600000000002 398.23000000000008 567.58500000000015 185.58333333333334 472.50000000000006
decision_type=2 2 9 2 2 9 2 2 2 2 9 2 1 9 9 1 9 1 9 2 2 2 9 2 9 2 2 2 2 2 2 1 2 2 2 2 2 1 2 1 2 2 2 2 2 2 1 2 2 2 2 2 2 2 2 2 2 2 2 2 2 2
left_child=1 -1 28 7 8 26 35 -4 11 34 25 18 13 30 17 -16 -15 -14 19 23 22 -22 -20 -2 -21 53 37 41 -3 49 -13 52 -33 -30 57 43 -37 54 -36 40 -28 42 -7 -5 -39 -35 47 -29 -49 -9 58 -52 -12 -11 55 -6 -44 -10 -41 -43 -46 -42
right_child=4 2 3 6 5 27 -8 29 9 10 31 12 14 16 15 -17 -18 -19 20 24 21 -23 -24 -25 -26 -27 39 46 33 -31 -32 32 -34 45 38 36 -38 44 -40 50 61 59 56 -45 60 -47 -48 48 -50 -51 51 -53 -54 -55 -56 -57 -58 -59 -60 -61 -62 -63
leaf_value=-0.92492817016967921 -0.0096925319931452595 0.1893824511146118 0.12136451806511186 -0.068164037993583823 -0.50708687281516152 -1.2563259949537149 -0.17767483408715434 -0.47648676369454518 0.094927235104564203 0.071514086603837956 -0.40334411802669073 -1.1589222606436846 0.038122428303202407 0.088048146273570188 -0.22225935853589648 0.44849259889885329 0.50357779244884804 -0.28636414901343843 0.16503067874786678 0.034906081759413302 -0.15490597049318691 -0.009158183633215744 -0.015795476841685741 0.41016379182810997 0.38500795219294287 -0.62982908610752009 -0.83964509613281813 2.3458063926794028 -1.1511545810054882 0.1010933278674374 -0.19376923578880217 0.10620081695343658 -0.45404841599212686 0.089369302589168254 -0.12038939324816156 0.19062111692468733 -0.84435721792850638 2.8710866321752522 0.16667227196398005 -0.75326850814106638 2.6637465977018793 1.3305611475445389 -0.23975974528460287 0.23165455802579774 -0.81988809981680966 -0.46822062175453993 3.2754764011476598 -1.9835113047502959 3.6258166925727524 -0.83104009706580162 -2.1904875950720024 -0.16805370241638329 0.19164426428036416 -0.45667793081081137 -6.5691195592142293 2.1544078808050027 5.5124989059876448 0.40766001956589365 1.280486059335245 -0.24329590352050376 1.5608633304241033 0.073399072363974943
leaf_weight=39 8786 33 27 52 60 40 36 26 38 20 27 60 365 817 245 606 2207 1081 865 1356 2083 3876 1635 656 692 76 38 53 53 20 67 43 81 24 28 169 45 101 34 64 47 41 36 210 20 37 135 52 25 39 44 47 98 23 20 34 41 65 70 23 34 23
leaf_count=39 8786 33 27 52 60 40 36 26 38 20 27 60 365 817 245 606 2207 1081 865 1356 2083 3876 1635 656 692 76 38 53 53 20 67 43 81 24 28 169 45 101 34 64 47 41 36 210 20 37 135 52 25 39 44 47 98 23 20 34 41 65 70 23 34 23
internal_value=7.19657e-06 -0.00212177 -0.00137274 0 7.31997e-05 0.00171265 0.00116505 -0.00565217 4.82011e-06 -0.0021222 -0.0041779 5.16732e-05 0.000687947 0.00181337 -0.000838745 0.00154803 0.0021732 -0.00227896 -0.000119662 0.000228201 -0.000597557 -0.00100847 0.000359569 -5.02912e-05 0.00153584 -0.00842803 0 0.0038671 -0.00632813 -0.00838068 -0.00580357 -0.00147901 -0.0040146 -0.00876068 0.00215774 0.00187891 0 0.00225184 -0.00115385 -0.00174851 0.000826446 0.000883152 -0.000729167 0.00349057 0.00409226 -0.00371094 0.00583022 0.00227273 0 -0.0108456 -0.00309874 -0.00598404 0.000815217 -0.0013587 -0.00019685 0.000773196 0.00140625 0.00459906 -0.000912409 0.00447761 0 0.00445205
internal_weight=27788 810 771 624 26978 1048 512 112 25930 533 368 25397 5448 3151 2297 851 3024 1446 19949 11490 8459 5959 2500 9442 2048 119 602 446 147 85 127 249 124 114 165 476 214 269 62 333 108 181 117 262 155 61 265 130 77 65 225 91 125 43 114 94 77 103 134 64 54 70
internal_count=27788 810 771 624 26978 1048 512 112 25930 533 368 25397 5448 3151 2297 851 3024 1446 19949 11490 8459 5959 2500 9442 2048 119 602 446 147 85 127 249 124 114 165 476 214 269 62 333 108 181 117 262 155 61 265 130 77 65 225 91 125 43 114 94 77 103 134 64 54 70
cat_boundaries=0 2 4 6 7 9 11 12 14 15 17 19 21 22 23 24 25
cat_threshold=557068 65664 2694860972 4785 2684354688 262144 933 274726914 9216 3063431812 1163430 1088 2283212817 20640 64 4124148371 682209 33816672 99846 3766551171 524353 565 572 535 468
is_linear=0
shrinkage=0.05


Tree=90
num_leaves=63
num_cat=7
split_feature=5 1 10 10 20 7 21 1 1 20 22 6 1 19 0 20 1 21 10 10 7 5 10 19 10 17 19 19 22 10 21 9 9 9 22 5 19 19 7 22 21 9 20 21 21 9 7 1 17 20 17 9 5 5 21 9 21 5 15 20 21 22
split_gain=1.33835 2.40774 1.40548 2.07374 1.26389 1.28157 1.21084 1.0002 0.904147 1.60175 1.23766 1.06592 1.54137 1.45481 1.67426 1.35866 1.25176 1.22607 2.12743 1.03299 0.896783 0.853421 0.85282 1.44725 0.838621 1.17571 0.808935 0.827792 0.764437 0.760336 0.700478 0.695351 1.30364 0.991008 0.672644 1.18874 0.642485 1.16755 0.675476 0.615485 1.18147 0.702939 0.614954 0.598974 0.591561 0.564043 0.9909 0.87198 0.551555 0.535707 0.528299 0.512802 0.501193 0.496564 0.491306 0.342301 0.320783 0.268753 0.251228 0.235365 0.229717 0.127383
threshold=12.500000000000002 0 1710.1100000000004 689.31000000000006 334.50000000000006 1166.8450000000003 136.55000000000004 1 2 73.500000000000014 80.439779452998735 3650.2500000000005 3 109.92000000000009 4 44.500000000000007 5 202.16666666666671 567.71500000000015 529.71500000000003 514.58500000000015 158.50000000000003 3082.8750000000005 545.88 1146.4700000000003 2.6152779989066306 305.86999999999949 4622.5950000000003 31.358677688706688 480.79500000000002 87.071428571428584 2099.0450000000005 2480.2100000000005 1003.4500000000002 17.556021412357982 5.5000000000000009 1457.9150000000002 1552.8850000000002 1020.4900000000001 83.475537149077311 90.937500000000014 254.56000000000003 49.500000000000007 72.105555555555569 125.55000000000001 272.81000000000012 93.700000000000017 6 1.8529906708379291 48.500000000000007 0.97480916385441929 768.69000000000017 310.00000000000006 208.50000000000003 127.08333333333336 2185.4900000000002 147.58333333333334 252.50000000000003 2.5000000000000004 421.50000000000006 69.050000000000011 28.056558279794292
decision_type=2 9 2 2 2 2 2 9 9 2 2 2 9 2 1 2 9 2 2 2 2 2 2 2 2 2 2 2 2 2 2 2 2 2 2 2 2 2 2 2 2 2 2 2 2 2 2 9 2 2 2 2 2 2 2 2 2 2 2 2 2 2
left_child=1 2 3 29 8 7 30 21 9 39 24 16 26 15 -15 -14 31 19 -19 -18 -12 45 23 50 43 -26 -13 -28 49 -1 51 33 -33 -10 35 -25 38 -38 -9 40 41 -2 -36 -11 59 46 -6 -47 -44 -4 60 -5 55 -42 -39 61 -52 -46 -37 -23 -3 -7
right_child=4 22 28 6 5 52 -8 36 11 10 20 12 13 14 -16 -17 17 18 -20 -21 -22 44 -24 34 25 -27 27 -29 -30 -31 -32 32 -34 -35 42 58 37 54 -40 -41 53 -43 48 -45 57 47 -48 -49 -50 -51 56 -53 -54 -55 -56 -57 -58 -59 -60 -61 -62 -63
leaf_value=-0.51108457432270593 -0.72868010856649101 0.21172561580209096 -0.35241806196341896 0.58440999457535026 -0.13436215445161306 3.1421620794077683 1.5493949631469517 2.1095105590867456 0.04827011599779496 0.10475981459075392 -0.71128707048962581 -0.21533999033772036 0.086829502140057011 -0.0545751804053543 -0.34147926139894524 -0.077312794664534765 0.046389166157867659 -0.094007605163340113 0.69005806625775667 -0.0081330507767601642 1.0729146614462803 0.34137816339292471 -0.19017454478672563 -0.83695990560379219 -0.14208336747757119 -1.6479818293394777 0.2926138730312694 -0.062084990257067402 -0.87427733443747047 -1.3745310745897736 -0.37037720059281959 -0.93216446098567551 0.036296373377579981 0.32633491743343157 -0.061509314915413872 0.039245609549550413 -2.8109370372848179 -0.01016980105112566 -1.2205949580821454 -0.15047689741150841 1.7438459687566501 0.0077292436153928896 0.29136484902743337 -0.18048789349337044 0.075779584191301916 0.81117971687303558 -2.3342901217424203 -0.4742070403966423 -0.30811533905891508 0.031251068956059405 0.32746776369159725 -0.38508111729864575 -0.078700842751029398 0.049764183035843602 2.7034137091836694 1.0262240246617875 0.049354895927142178 -1.0411160432236339 -0.17822879427846658 4.3731255226855383 -0.50327244586719277 0.059189693208570662
leaf_weight=40 20 25 20 35 20 145 31 196 1281 125 26 32 314 1927 121 322 2463 408 876 15821 39 61 29 42 314 29 143 28 29 48 42 40 56 633 20 87 21 87 24 28 64 617 39 169 28 111 20 113 20 27 139 71 30 34 43 20 24 30 22 79 20 20
leaf_count=40 20 25 20 35 20 145 31 196 1281 125 26 32 314 1927 121 322 2463 408 876 15821 39 61 29 42 314 29 143 28 29 48 42 40 56 633 20 87 21 87 24 28 64 617 39 169 28 111 20 113 20 27 139 71 30 34 43 20 24 30 22 79 20 20
internal_value=0 -0.00199877 -0.00509129 -0.00319444 6.02276e-05 0.00176023 0 0.000792464 -6.74816e-06 -0.0012094 -0.00294326 6.38328e-05 -0.000834775 -0.00116796 -0.00182838 0.00086072 0.000186507 6.12839e-05 0.001554 -4.10127e-05 0.003125 -0.000684211 0.000286458 0.000963719 -0.00365234 -0.00538295 0.00318287 0.00481322 -0.0113924 -0.00934066 -0.00198675 0.00137173 -0.00252525 0.00160407 -0.00160944 -0.0036526 0.00270182 0 0.0044843 0.000310052 0.000660569 -5.85937e-05 0.00167683 -0.00143098 0.00161692 -0.00262172 -0.00813953 -0.00132159 0.0046371 -0.00525 0.00402844 0 0.00521789 0.00569307 0.00206767 0.00618351 0.00534639 -0.00204918 -0.000334821 0.0034965 0 0.00691964
internal_weight=27788 810 343 267 26978 1048 179 833 25930 1465 702 24465 2887 2684 2048 636 21578 19568 1284 18284 65 462 467 438 637 343 203 171 76 88 148 2010 96 1914 230 151 371 151 220 763 735 637 79 294 198 264 40 224 59 47 208 106 215 98 130 185 163 58 109 140 45 165
internal_count=27788 810 343 267 26978 1048 179 833 25930 1465 702 24465 2887 2684 2048 636 21578 19568 1284 18284 65 462 467 438 637 343 203 171 76 88 148 2010 96 1914 230 151 371 151 220 763 735 637 79 294 198 264 40 224 59 47 208 106 215 98 130 185 163 58 109 140 45 165
cat_boundaries=0 2 4 6 8 9 11 13
cat_threshold=545816588 82048 537137308 70273 6438976 1284 67108864 8321 1 1409384977 655424 536870912 128
is_linear=0
shrinkage=0.05


Tree=91
num_leaves=63
num_cat=12
split_feature=4 1 5 12 7 1 20 1 5 6 5 20 1 21 21 22 7 1 1 22 13 10 22 6 8 21 10 7 1 16 1 8 8 9 22 7 7 6 1 1 7 6 10 22 1 10 8 9 5 20 10 5 10 21 20 10 7 20 9 21 21 21
split_gain=1.61198 1.77137 1.45514 1.40444 2.30561 1.26311 1.23184 1.58659 1.14547 1.86285 1.46566 2.32136 1.44601 1.75337 1.06982 1.22186 0.988004 2.75046 2.64518 1.14921 1.08951 1.08539 1.11226 0.964195 0.949479 0.933941 1.84863 1.31027 1.49703 1.32447 1.29387 1.01786 1.05821 0.913445 1.37237 0.894751 1.76801 0.969011 2.05048 1.18213 1.05312 0.996258 0.977935 0.955504 0.893859 0.893793 0.884965 1.26399 0.883273 0.81598 0.798785 0.78659 1.02896 0.776524 0.765615 0.73 0.722634 0.707839 0.693376 0.680499 1.06911 0.666351
threshold=0 1 10.500000000000002 1.5000000000000002 1099.4100000000001 2 116.50000000000001 3 179.50000000000003 2012.74 161.50000000000003 84.500000000000014 4 65.558441558441572 88.944444444444457 34.519176845103324 540.5350000000002 5 6 85.561137976602112 1.5000000000000002 2204.4950000000003 49.060846150522039 2501.0100000000007 872.34000000000003 48.029411764705891 2448.4450000000006 413.43000000000006 7 1.5293302398109074 8 2160.7300000000005 1433.4200000000001 669.98000000000013 9.1969186583266467 -1.0000000180025095e-35 -434.39999999999992 2501.0100000000007 9 10 371.54000000000002 3372.3600000000001 2479.7100000000005 39.605870494004499 11 1080.6650000000004 2033.7350000000004 1114.6100000000004 201.50000000000003 68.500000000000014 2873.3150000000005 203.50000000000003 1443.5600000000002 138.10000000000002 14.500000000000002 862.8850000000001 436.17500000000007 13.500000000000002 1815.8750000000002 57.56349206349207 93.816666666666677 91.866071428571445
decision_type=9 9 2 2 2 9 2 9 2 2 2 2 9 2 2 2 2 9 9 2 2 2 2 2 2 2 2 2 9 2 9 2 2 2 2 2 2 2 9 9 2 2 2 2 9 2 2 2 2 2 2 2 2 2 2 2 2 2 2 2 2 2
left_child=2 6 49 35 45 25 8 23 10 50 12 24 13 -2 15 -11 18 19 21 20 -18 22 -7 -8 -12 30 27 28 -27 -29 51 32 -32 44 -35 36 -3 39 40 42 -39 -40 -37 -41 -20 55 47 -19 58 -1 -10 52 -4 -25 -16 -5 -9 -53 -6 -51 -61 -14
right_child=1 3 5 4 48 16 7 56 9 14 11 -13 61 -15 54 -17 17 46 33 -21 -22 -23 -24 53 -26 26 -28 29 -30 -31 31 -33 -34 34 -36 37 -38 38 41 43 -42 -43 -44 -45 -46 -47 -48 -49 -50 59 -52 57 -54 -55 -56 -57 -58 -59 -60 60 -62 -63
leaf_value=-0.26588175334048819 0.0070752600527679739 0.24092436345567167 0.0029318725690842488 -0.07068036645956062 -0.41357836267718195 0.33921684670368357 0.48389305989107356 0.15320285776487383 0.39510001450025456 0.0058247167717688821 -0.53369588735659268 -1.1203431518813154 0.022623016254137342 -0.57730516677168919 -0.35616061282885253 -0.22197699256736747 -0.099576338577885615 0.11812846987012514 -0.057783636686365818 1.6345982936563308 0.10524149170677576 -0.14176911429760139 -0.40811630480550676 -0.25789989923445589 0.33651870205999873 0.69933166822785098 0.14664817437732955 0.18762465983239007 -0.02759591752626225 -0.30253344378012309 -0.21895942738504404 0.16664877119351651 -0.62891681018825163 -0.27799403258010574 -0.066390618559823797 -0.097504997089103013 -0.43660819803865802 0.011014612723240936 -0.13606531288697821 0.047433214218169976 -0.23400542835607793 0.0045231173245420036 -0.24759927112377111 -0.022579438871754912 0.088392521015401654 0.11569290908166058 -0.41122780306288764 0.20584516437768505 -0.32567301136929827 -1.0264028108086021 -0.013238478243680031 2.1159839774262368 -0.17876851804627938 0.73955421965451618 0.66434715070376393 -0.60456428994079647 1.0039440738338266 0.010598385688417623 -0.45165233058282894 0.41572038335121136 -0.36994319512477425 0.50016887596563819
leaf_weight=121 256 58 277 50 34 362 654 109 229 495 53 33 793 157 26 60 1480 1071 1243 60 153 34 45 214 35 152 279 91 323 608 428 29 49 294 821 596 110 100 164 7025 300 3223 58 1714 726 84 39 846 22 43 40 24 210 140 144 22 394 179 34 49 101 225
leaf_count=121 256 58 277 50 34 362 654 109 229 495 53 33 793 157 26 60 1480 1071 1243 60 153 34 45 214 35 152 279 91 323 608 428 29 49 294 821 596 110 100 164 7025 300 3223 58 1714 726 84 39 846 22 43 40 24 210 140 144 22 394 179 34 49 101 225
internal_value=-7.19657e-06 0.000279523 -0.000511084 1.83729e-06 -0.00371486 -0.000398178 0.00119472 0.00233653 0.000500196 0.00183049 -0.000321543 -0.00554435 9.58856e-05 -0.00231808 0.000429258 -0.000560036 -4.52205e-05 0.000523686 -0.000648384 -0.000930539 -0.00121485 0.00289097 0.00375 0.00107738 -0.000549451 -0.00132889 -0.000437843 -0.00133815 0.000601464 -0.00272436 -0.00237698 -0.00428709 -0.00497396 -0.00117856 -0.00233676 7.49008e-05 -0.00350877 0.000125161 -0.000544195 0.000400436 -0.00387409 -0.000121324 -0.00161169 0.000558444 -0.000500761 0 0.00180295 0.00198568 -0.00994624 -0.00386435 0.00537684 -0.000817923 -0.00196429 -0.000910364 0.00390173 -0.004 0.00462694 0.00163835 -0.0126761 -0.00146684 0 0.00113967
internal_weight=27788 17651 10137 13594 246 9823 4057 1511 2546 994 1552 121 1431 413 725 555 7174 3649 3525 1693 1633 441 407 1008 88 2649 1453 1174 475 699 1196 506 477 3084 1115 13348 168 13180 3787 9393 400 3387 654 8739 1969 156 1956 1917 90 314 269 690 487 354 170 72 503 203 68 193 150 1018
internal_count=27788 17651 10137 13594 246 9823 4057 1511 2546 994 1552 121 1431 413 725 555 7174 3649 3525 1693 1633 441 407 1008 88 2649 1453 1174 475 699 1196 506 477 3084 1115 13348 168 13180 3787 9393 400 3387 654 8739 1969 156 1956 1917 90 314 269 690 487 354 170 72 503 203 68 193 150 1018
cat_boundaries=0 1 3 5 7 9 11 13 15 17 19 21 23
cat_threshold=3 1174497041 1278160 1113614184 1676752 100671489 1114320 17680 98304 2425159831 8236 2424373254 8236 33554440 1040 1080033384 36992 2434400290 256 134250500 9252 554045440 279040
is_linear=0
shrinkage=0.05


Tree=92
num_leaves=63
num_cat=2
split_feature=21 5 7 8 7 18 20 18 11 21 11 5 7 17 18 20 11 22 8 5 20 17 20 5 20 21 0 0 5 5 11 22 9 17 7 20 5 18 21 5 20 22 22 11 8 9 22 22 11 18 20 18 5 8 7 8 5 17 18 18 21 5
split_gain=1.15424 0.994648 1.6348 1.08589 2.15012 1.02618 0.980922 1.48967 0.78748 1.41786 0.811499 0.730867 0.979511 1.07763 1.04024 1.86952 0.891823 0.851085 0.75363 0.729589 0.725031 0.71802 0.683147 1.92831 1.84321 1.45846 1.33952 1.1767 1.76704 0.97138 0.937072 0.924025 0.886821 0.585466 0.567194 0.550532 1.00581 0.847097 0.53744 0.526314 0.515174 0.617702 0.776857 0.843946 0.677607 0.824988 0.532001 0.457954 0.535818 0.448242 0.43375 0.43219 0.404245 0.413556 0.397744 0.347826 0.339649 0.315462 0.301435 0.300023 0.259235 0.204848
threshold=209.58333333333334 12.500000000000002 60.600000000000009 509.29500000000007 554.27500000000009 0.363840095617945 321.50000000000006 0.39800383573213227 5350.0950000000012 58.035714285714292 3737.5200000000004 186.50000000000003 436.56500000000005 2.4999965299465616 0.42026853057442148 170.50000000000003 2618.6700000000005 233.06347194710742 582.12500000000011 287.50000000000006 154.50000000000003 1.7875333010734096 1.5000000000000002 110.50000000000001 6.5000000000000009 11.125000000000002 0 1 145.50000000000003 22.500000000000004 1118.8500000000004 11.53376436077796 1.0000000180025095e-35 1.9993867520525368 2014.8650000000002 402.00000000000006 83.500000000000014 0.095854447455161834 128.08333333333334 310.00000000000006 6.5000000000000009 31.005107105030742 1.0000000180025095e-35 3624.9800000000005 907.32000000000005 654.46500000000003 8.9832184809140418 4.9581511384448076 1611.9000000000003 0.33586438123197132 70.500000000000014 0.22573415561107793 108.50000000000001 2083.1350000000007 446.11500000000007 360.23500000000007 255.50000000000003 1.6705010132312692 0.7589394796104586 1.0731719385368315 174.16666666666671 339.50000000000006
decision_type=2 2 2 2 2 2 2 2 2 2 2 2 2 2 2 2 2 2 2 2 2 2 2 2 2 2 1 1 2 2 2 2 2 2 2 2 2 2 2 2 2 2 2 2 2 2 2 2 2 2 2 2 2 2 2 2 2 2 2 2 2 2
left_child=1 2 -1 5 50 51 22 19 10 -10 -6 17 14 16 49 55 18 40 33 35 -20 58 23 52 25 26 -24 34 -29 30 -26 -27 -31 -14 -25 36 -8 -37 39 -23 -2 42 43 -42 45 -43 -44 57 -49 -13 -5 -4 53 -3 -21 -16 -15 -7 -9 -18 -40 -58
right_child=11 6 3 4 8 47 7 21 9 -11 -12 12 13 56 15 -17 59 -19 20 54 -22 38 24 27 29 31 -28 28 -30 32 -32 -33 -34 -35 -36 37 -38 -39 60 -41 41 44 46 -45 -46 -47 -48 48 -50 -51 -52 -53 -54 -55 -56 -57 61 -59 -60 -61 -62 -63
leaf_value=-0.96620613810274159 -0.20912171042355437 -0.0076698989552305367 0.015841925402383782 -0.54525327410077862 -0.089133799991016366 -0.45069415339153918 0.92087827390904808 0.4458460236270867 -0.022705292790145038 -0.78176305909673482 0.4397726842832943 -0.48915681295471392 1.3441859338682807 -0.0030778158947946999 0.93575920651641364 -1.4922341844853113 1.3348830335490245 -0.68343474650579106 -0.50072375814959291 4.9012708620749352 -0.29932567432819751 2.7535508627744902 -0.78085193124798902 0.90779815505033001 -0.1678629511925685 0.1183571888082718 0.08872004491221519 4.9299090669461343 -0.5416465018345441 0.11640897038313228 0.14767477293332695 -0.15780766029783658 -0.0070208590437466079 -0.029934119391062098 -0.42160385481178797 -2.239929501676412 -2.0292223418499304 0.76354125026476471 -0.5852778396410816 0.98514641632838507 0.61262524679875419 0.98728153719505396 -0.70923641840480944 -0.52146682647528508 2.0401009208662853 -0.2771169465900904 0.059666957814633298 0.13759367893765306 0.054193987711989425 1.8671914465549166 -1.7825220406281905 -0.66465886255488271 -1.397157746934051 -0.61633638904019927 0.10308013621763586 -0.69996403186121436 2.2629029440354125 1.3222116195273674 -1.1570917159016394 1.9211139514972011 0.89964441264966555 0.81643594515025208
leaf_weight=20 39 1205 32 27 297 21 69 30 35 21 50 61 26 20 20 36 20 26 23 35 125 322 69 847 89 90 26 37 146 513 530 308 20467 29 29 29 85 210 48 53 629 140 29 20 83 73 85 71 109 29 34 33 22 35 32 20 52 23 24 35 25 20
leaf_count=20 39 1205 32 27 297 21 69 30 35 21 50 61 26 20 20 36 20 26 23 35 125 322 69 847 89 90 26 37 146 513 530 308 20467 29 29 29 85 210 48 53 629 140 29 20 83 73 85 71 109 29 34 33 22 35 32 20 52 23 24 35 25 20
internal_value=-5.39743e-06 -8.79507e-05 -0.00185245 -0.00137235 -0.00289079 0.000898973 -3.20159e-05 0.0015285 -0.00138547 -0.00677966 -0.000321429 0.00127815 -0.000192678 0.00120397 -0.00340237 -0.00759494 -0.000287356 0.00199645 -0.00200243 -0.000431965 -0.00397351 0.00341584 -9.57364e-05 0.000715361 -0.000183299 -0.0032006 -0.00880102 0.0022952 -0.00114247 -0.000111679 0.00182878 -0.00168329 -0.000171567 0.00237069 0.00307167 -0.00135732 -0.00366242 0 0.004102 0.00486111 0.00224796 0.00248352 0.00161554 0.00231979 0.00451505 0.00260417 -0.00192308 0.00264317 0.00382514 0 -0.0115234 -0.00422794 -0.000573123 -0.000402253 0.00410714 0 0.00578947 -0.00106383 -0.00131579 0.0049569 0 0.00733333
internal_weight=27788 26148 773 753 464 289 25375 962 403 56 347 1640 516 350 166 76 258 1124 203 460 148 502 24413 2321 22092 493 95 1059 183 21599 619 398 20980 55 876 393 154 239 448 375 1098 1059 763 649 296 213 114 224 180 90 61 65 1262 1240 67 40 92 44 54 55 73 72
internal_count=27788 26148 773 753 464 289 25375 962 403 56 347 1640 516 350 166 76 258 1124 203 460 148 502 24413 2321 22092 493 95 1059 183 21599 619 398 20980 55 876 393 154 239 448 375 1098 1059 763 649 296 213 114 224 180 90 61 65 1262 1240 67 40 92 44 54 55 73 72
cat_boundaries=0 1 2
cat_threshold=1 1
is_linear=0
shrinkage=0.05


Tree=93
num_leaves=61
num_cat=11
split_feature=7 20 20 20 18 4 2 17 5 6 2 0 5 21 22 2 6 10 21 0 22 2 5 4 2 21 17 9 5 22 4 9 18 5 20 20 9 9 20 9 18 21 20 0 17 18 7 18 5 5 20 17 22 20 17 14 17 18 17 18
split_gain=1.10736 3.01304 1.31598 1.10544 1.22295 1.09171 1.33067 1.39998 2.10326 1.63274 1.32462 1.28576 3.58524 5.32509 2.70241 1.45178 1.25099 2.64861 1.24655 1.24632 4.39421 2.61188 1.09708 1.06384 1.14039 0.932498 0.868819 0.859617 0.849671 0.814027 0.774447 0.757182 1.07507 0.735355 0.734968 0.7007 0.651908 1.40674 2.28888 1.22649 0.820064 1.34417 0.713261 0.645432 0.634744 0.617197 0.600691 0.523056 0.496315 0.482392 0.488512 0.473538 0.473466 0.456268 0.411527 0.3648 0.322096 0.300438 0.271402 0.182202
threshold=-1.0000000180025095e-35 11.500000000000002 58.500000000000007 334.50000000000006 0.54518533283271797 0 1 2.6666706987621476 180.50000000000003 1734.8500000000001 2 3 179.50000000000003 45.516666666666673 33.298898089807693 4 6391.4700000000003 2448.4450000000006 49.550505050505059 5 8.5034812033510203 6 185.50000000000003 7 8 78.050000000000011 1.3333348021374041 1601.4800000000002 287.50000000000006 34.764085455781149 9 1208.6850000000002 0.12776461168803829 301.50000000000006 243.50000000000003 421.50000000000006 208.98000000000005 360.22500000000008 32.500000000000007 432.53000000000003 0.71544324545922133 126.10000000000001 134.50000000000003 10 3.5272379962922433 0.25689558987229938 1703.8300000000002 0.22573415561107793 143.50000000000003 332.50000000000006 393.50000000000006 1.5398436308105161 10.608303208806563 357.50000000000006 1.2179119441777992 1.5000000000000002 1.2494552107107546 0.59277603781773835 1.7141244226031103 0.68020746414028854
decision_type=2 2 2 2 2 9 1 2 2 2 1 1 2 2 2 1 2 2 2 1 2 1 2 9 1 2 2 2 2 2 9 2 2 2 2 2 2 2 2 2 2 2 2 1 2 2 2 2 2 2 2 2 2 2 2 2 2 2 2 2
left_child=1 45 25 5 28 10 36 19 9 -9 11 15 13 -13 -14 27 23 18 -18 21 -21 -8 -10 34 -25 31 -17 -2 30 33 43 32 -3 58 -12 44 40 38 -38 -39 42 -42 -7 52 -32 54 -19 -37 -45 50 -30 57 -5 -31 -1 -47 -34 -27 -6 -57
right_child=3 2 -4 4 29 6 7 8 22 -11 16 12 14 -15 -16 26 17 46 -20 20 -22 -23 -24 24 -26 51 -28 -29 49 53 35 -33 56 -35 -36 47 37 39 -40 -41 41 -43 -44 48 -46 55 -48 -49 -50 -51 -52 -53 -54 -55 -56 59 -58 -59 -60 -61
leaf_value=0.008405620731516206 0.24313781494705058 0.03821234427546312 -0.80544260266350287 1.5915638115057147 0.24286770821895409 0.013480661385550975 0.15652222702199547 -0.31428845820678847 1.3862175528604577 0.055557056866336607 0.10188818384925349 -0.43037935485042084 0.15114838998866206 -0.042155179632242051 -0.28065840520639646 0.017941521401634918 -0.46553719607627042 -0.0085044492738503303 -0.0071120395524859603 -0.36815009945245009 0.0071250625519335038 -0.010258458446873632 0.37919556650224107 0.10220124243631067 -0.025455088895814451 -0.014723018992010319 -0.084110908909453219 -0.041082444387661801 0.62299093036772923 1.9112839307089573 0.19147439579660813 0.077728883853103892 -0.78728723779355458 -0.27712734102531517 1.6270454170809601 -0.68639518900591845 0.087336288781537347 0.1266978715685303 -0.2951367717000733 -0.045982614343108796 0.004797175405020138 -0.99384073065894118 1.7341805285800242 0.34146944290446302 -1.6816289478308644 -0.009545736086638501 0.49719346327438996 0.91484097457354496 -3.0054252543182125 -2.0582063320375115 6.4620490867488485 -0.71922608231427176 -0.60358712373730017 -1.0808300779962328 -0.61606751208583566 2.2926585252363503 -0.25525087560566123 1.0581153321034389 2.5844759817040162 0.64083056150828865
leaf_weight=20 712 21 32 246 26 181 1004 216 118 920 3184 215 385 299 130 628 55 106 32 715 1687 4512 537 1285 2095 33 1155 135 36 21 33 25 20 34 181 37 97 348 351 4749 110 25 155 65 80 24 20 79 29 33 52 37 33 26 20 35 47 26 242 34
leaf_count=20 712 21 32 246 26 181 1004 216 118 920 3184 215 385 299 130 628 55 106 32 715 1687 4512 537 1285 2095 33 1155 135 36 21 33 25 20 34 181 37 97 348 351 4749 110 25 155 65 80 24 20 79 29 33 52 37 33 26 20 35 47 26 242 34
internal_value=-2.69872e-05 -0.00271883 -0.00609631 8.20659e-06 0.0015814 -5.409e-05 -0.000320085 3.72866e-05 0.00130295 0 0.000335136 -0.000425517 -0.00192587 -0.00488395 0.00094112 0.000142423 0.000742361 -0.00295139 -0.00958333 -0.000243025 -0.00119543 0.000163073 0.00355243 0.000868776 0.000221043 -0.00418632 -0.000647272 0.00184593 0.000327135 0.00401278 -0.000371901 -0.00721983 -0.00934066 0.005 0.00149867 -0.0026343 -0.000903964 -0.00106119 -0.0037694 -0.000811275 0.000817511 -0.00226449 0.00221239 0.000939119 -0.00549569 0.00303309 0.00135659 0 -0.00231959 0.00413306 0.00604396 0 0.00226064 -0.00125 -0.00116279 0.00533854 -0.0123214 0.00221774 0.00590406 0.00711806
internal_weight=27788 374 241 27414 1072 26342 15725 9709 1791 1136 10617 3659 1029 514 515 2630 6958 213 87 7918 2402 5516 655 6745 3380 209 1783 847 723 349 602 113 88 302 3365 229 6016 5545 448 5097 471 135 336 373 113 133 126 116 94 121 88 96 279 47 40 93 67 59 268 69
internal_count=27788 374 241 27414 1072 26342 15725 9709 1791 1136 10617 3659 1029 514 515 2630 6958 213 87 7918 2402 5516 655 6745 3380 209 1783 847 723 349 602 113 88 302 3365 229 6016 5545 448 5097 471 135 336 373 113 133 126 116 94 121 88 96 279 47 40 93 67 59 268 69
cat_boundaries=0 1 2 3 4 5 6 7 8 9 10 11
cat_threshold=24 2145 282 1 256 1 256 16 580 22 1
is_linear=0
shrinkage=0.05


Tree=94
num_leaves=63
num_cat=18
split_feature=7 2 7 21 1 8 4 1 2 8 1 10 9 2 1 2 14 5 1 18 22 1 8 1 21 18 1 7 5 1 5 5 1 22 8 21 9 10 21 2 18 2 5 18 5 15 18 8 22 2 10 7 9 8 21 22 21 10 7 18 18 10
split_gain=1.12149 1.70622 1.30922 1.085 1.98376 1.28761 1.15571 1.87433 1.59893 1.4433 1.43525 1.74543 2.11011 1.57809 1.74485 1.54865 1.4218 1.40713 1.51729 1.43275 1.40273 1.31274 1.22911 1.22467 1.20911 1.19311 1.22094 1.21499 1.08095 2.1334 2.0398 1.59371 1.46104 1.089 1.06618 1.351 1.70617 1.03982 1.02554 1.41098 1.8078 1.02597 1.00677 0.999054 0.958152 0.952738 0.950929 0.912992 0.816503 0.729607 0.658501 0.763565 0.64636 0.521009 0.508165 0.480203 1.08696 0.433144 0.620795 0.520144 0.384114 0.271002
threshold=-1.0000000180025095e-35 0 -434.39999999999992 204.25000000000003 1 1102.7050000000002 2 3 4 1080.7100000000003 5 2417.4150000000004 1815.8750000000002 6 7 8 1.0000000180025095e-35 67.500000000000014 9 0.34707078340350511 26.952117992408329 10 694.34500000000014 11 164.87500000000003 0.11545396157190065 12 90.465000000000018 203.50000000000003 13 171.50000000000003 136.50000000000003 14 28.990608074858113 1032.1200000000001 274.50000000000006 1339.72 2388.3750000000005 259.25000000000006 15 0.63026240161405744 16 34.500000000000007 0.095854447455161834 221.50000000000003 1.5000000000000002 0.16988394426345946 422.80000000000001 35.875341790054335 17 709.84500000000014 -171.00499999999997 943.31500000000005 681.22000000000014 57.56349206349207 25.224987602840336 237.25000000000003 681.25500000000011 563.72500000000014 0.62466038720356998 0.52116104209921299 2790.7650000000008
decision_type=2 1 2 2 9 2 9 9 1 2 9 2 2 1 9 1 2 2 9 2 2 9 2 9 2 2 9 2 2 9 2 2 9 2 2 2 2 2 2 1 2 1 2 2 2 2 2 2 2 1 2 2 2 2 2 2 2 2 2 2 2 2
left_child=1 45 52 6 34 38 10 28 9 20 13 16 15 14 22 -13 54 18 -10 -19 -9 -14 -2 -11 -18 27 -27 -15 30 33 31 -8 -32 -30 49 36 -36 -7 41 40 -40 53 -16 -4 -31 -1 -41 -45 -43 55 -49 -52 60 -6 -12 -5 -57 58 -51 -59 -3 -39
right_child=3 2 43 4 5 37 7 8 17 23 11 12 21 25 42 -17 24 19 -20 -21 -22 -23 -24 -25 -26 26 -28 -29 29 44 32 -33 -34 -35 35 -37 -38 61 39 46 -42 48 -44 47 -46 -47 -48 50 -50 57 51 -53 -54 -55 -56 56 -58 59 -60 -61 -62 -63
leaf_value=-0.6845340082587299 -0.31382068211724612 -0.0037858707859020515 0.0067988332548009518 1.5460909606042763 0.95244444811232065 1.7630908164053274 -0.011889555590257129 0.0038616061903975043 0.27400988499234202 -0.039292157358000429 1.3235042582311185 -0.016481000142966894 -0.06822661726330885 0.80986413466906348 0.16766704308576125 -0.28377042641662981 -0.01308330511876883 0.13002025020197544 -0.30571113376205239 -0.1317710671090481 -0.15307373620566561 0.11628695360081079 -0.024741808918164312 0.48128094392006454 0.49767679957096789 0.048850359304711599 0.12242511213137491 -1.1714216453339363 0.26790885486791893 0.22190897669995879 0.19495767058038407 0.15170780322923572 -0.32668557635597861 0.047691611567725549 -1.5845704628870143 0.4626334878933861 -0.081799833458790411 -0.27106404220444669 -0.022553775949911526 -1.2490570000379018 -1.0826993967804281 -0.1837728247047119 -0.026696184541635762 -0.42919511655382769 -0.012873366423217193 0.55756145240683619 0.5551761618713259 1.7359862614696948 0.76981849598540197 -0.11943768241827578 -0.0092212387329436048 -0.78472197185843584 1.0968418554660804 0.086645287740487478 0.37582655614709282 3.6204629852594472 -0.67448164619666362 1.2450573444558279 -4.1835046420670281 -0.14514182598343198 -0.8981655183092303 1.4714143614609438
leaf_weight=26 172 42 27 63 210 222 1687 1416 117 218 64 282 485 36 153 333 5875 283 663 2033 707 316 169 306 355 4904 1513 51 263 99 110 545 219 89 42 35 36 34 83 24 41 198 1335 74 794 76 318 23 92 62 23 24 39 96 107 20 20 34 21 37 20 27
leaf_count=26 172 42 27 63 210 222 1687 1416 117 218 64 282 485 36 153 333 5875 283 663 2033 707 316 169 306 355 4904 1513 51 263 99 110 545 219 89 42 35 36 34 83 24 41 198 1335 74 794 76 318 23 92 62 23 24 39 96 107 20 20 34 21 37 20 27
internal_value=-8.99572e-06 -0.00271883 -0.00473684 2.64434e-05 0.00124418 0.0021447 -5.30114e-05 -0.000490222 -0.00106194 -0.000136278 0.000202623 -0.000279374 -0.00186751 0.000660496 -0.000617535 -0.00406553 6.44129e-05 -0.00183339 -0.0037037 -0.00118586 -0.000734948 -0.000108831 -0.00377825 0.00218216 -5.21418e-05 0.00102808 0.00111565 -0.00458333 0.000360042 0.00157252 -0.000209633 0.000313199 -0.00387801 0.00479452 -0.00189295 -0.00592672 -0.0095679 0.00520105 0.00129108 -0.000373134 -0.00474453 0.00267112 9.99334e-05 -0.0075431 0.00017936 0.0023913 0.00119718 -0.00918367 0.000247525 0 -0.00376712 -0.00725 0 0.00462382 0.00452586 0.00290948 0 -0.00224551 -0.00479651 0 -0.00346154 0
internal_weight=27788 374 272 27414 1715 1345 25699 9549 5743 2647 16150 7817 1416 8333 1829 615 6401 3096 780 2316 2123 801 341 524 6230 6504 6417 87 3806 1245 2561 2232 329 352 370 113 78 283 1062 466 124 596 1488 171 893 102 342 144 290 257 70 47 101 306 171 103 40 154 83 71 62 61
internal_count=27788 374 272 27414 1715 1345 25699 9549 5743 2647 16150 7817 1416 8333 1829 615 6401 3096 780 2316 2123 801 341 524 6230 6504 6417 87 3806 1245 2561 2232 329 352 370 113 78 283 1062 466 124 596 1488 171 893 102 342 144 290 257 70 47 101 306 171 103 40 154 83 71 62 61
cat_boundaries=0 1 3 4 6 7 9 10 12 13 15 17 19 21 23 25 26 27 28
cat_threshold=152 312926211 262184 28 3742208118 420365 1746 1999922945 2035929 26 286261248 851984 1650 1180672 99344 2147516548 1826 8389257 69632 572785665 1315009 100696132 8193 34111536 262144 2180 2213 354
is_linear=0
shrinkage=0.05


Tree=95
num_leaves=63
num_cat=16
split_feature=4 1 5 19 1 10 1 20 15 10 20 21 1 1 20 10 5 4 1 21 22 1 20 3 10 9 20 22 22 1 23 16 8 15 1 8 5 16 9 20 1 22 1 21 4 21 22 20 10 23 21 5 23 22 19 1 19 20 21 21 20 21
split_gain=1.14718 2.60732 2.80639 1.36976 2.08223 1.98629 2.17553 1.66401 1.62499 1.56001 1.32846 1.6696 1.46826 1.39409 2.12717 1.16174 1.14619 1.08507 2.07229 1.52847 1.42921 1.26041 1.06287 2.07803 1.99093 2.16727 1.83408 1.28086 1.80209 1.48999 1.30927 1.14325 1.01467 1.01313 1.00076 0.988412 1.47586 1.72333 0.961491 0.928478 0.917823 1.05743 0.858393 1.13033 0.857661 1.53377 1.24 1.2883 1.02839 0.90613 0.810828 0.782896 0.767032 0.763647 0.815869 0.75539 1.00017 0.74495 0.721208 0.727978 0.72033 0.805844
threshold=0 1 29.500000000000004 992.96500000000003 2 3496.0950000000007 3 352.50000000000006 3.5000000000000004 132.45000000000002 329.50000000000006 138.10000000000002 4 5 70.500000000000014 726.9100000000002 314.50000000000006 6 7 155.58333333333334 21.814750197581635 8 115.50000000000001 9 1776.7700000000002 2642.9800000000005 69.500000000000014 83.475537149077311 34.261529159802997 10 3.5000000000000004 1.6649381256881985 1251.3550000000002 1.5000000000000002 11 436.44000000000005 164.50000000000003 0.92718149152805951 2036.6300000000003 83.500000000000014 12 49.060846150522039 13 63.038461538461547 14 105.07142857142858 125.19750436084043 182.50000000000003 709.84500000000014 4.5000000000000009 138.10000000000002 78.500000000000014 13.500000000000002 15.550740336534847 2807.6350000000007 15 1231.0850000000003 41.500000000000007 224.25000000000003 190.16666666666671 31.500000000000004 61.519230769230781
decision_type=9 9 2 2 9 2 9 2 2 2 2 2 9 9 2 2 2 9 9 2 2 9 2 1 2 2 2 2 2 9 2 2 2 2 9 2 2 2 2 2 9 2 9 2 9 2 2 2 2 2 2 2 2 2 2 9 2 2 2 2 2 2
left_child=1 2 60 4 9 6 7 58 -7 -2 11 13 15 14 -6 -13 -14 18 19 -8 34 -22 23 24 42 31 40 28 29 -24 -31 -26 -20 -15 -19 36 57 -38 -10 -39 52 -42 -3 -44 46 49 47 -11 -47 -46 -12 -28 -25 54 -40 56 -37 -4 59 -5 -1 -62
right_child=3 22 35 5 10 8 17 -9 38 44 50 12 16 33 -16 -17 -18 20 32 -21 21 -23 27 26 25 -27 51 -29 -30 30 -32 -33 -34 -35 -36 55 37 39 53 -41 41 -43 43 -45 45 48 -48 -49 -50 -51 -52 -53 -54 -55 -56 -57 -58 -59 -60 -61 61 -63
leaf_value=-0.44091843692459814 -0.6204062931727975 0.39174251011596123 0.13474674310380622 0.041419595518818048 0.0042130168118941214 -1.0107329010097996 0.21579840963539632 2.8410638372683987 -0.43618987349420613 0.098285905394034326 1.9381369434059683 -0.34522485498601158 0.25254000520990055 0.52821464668040441 -0.16931723434619103 0.95605616485591727 -0.34092338700243374 0.00013884094115410584 -0.28814617719408514 -0.20973573307367879 0.05058704931342 -0.22716399942017135 0.056685385513723222 -0.21347715076857662 -0.69106133283095816 0.075717933911157109 0.0055627091203849233 0.78788584853059795 -0.50912509471892253 -0.84349697331815998 1.1023819662943122 -0.15815834440496845 0.90581957909247712 -0.002323006095934943 -0.13784562334429076 0.028806827013315231 -0.41910743428967606 0.053784579895327145 0.045840426592257802 -0.36836605618952512 0.023486803572683623 -0.57801709476943819 -0.35682232383858725 0.11531938161523314 -0.067863007447803977 -0.12778340622419934 -2.1386601223795334 1.4742643730679537 0.76553979254699844 0.038386745681657432 -0.26569804610187014 0.30510185694952913 0.13702059979963949 0.09617478461566234 -0.10965083038966555 0.17892993843582908 -0.26412799803474685 0.0008931554545998921 1.1284728387233367 -0.64106491706573976 -0.61254039340066591 0.0054334231440186015
leaf_weight=62 20 110 145 2257 583 23 852 122 23 991 252 101 1364 387 477 289 177 1930 351 122 209 877 245 165 93 42 99 59 166 259 22 77 25 9154 846 245 49 138 29 142 504 48 113 89 483 69 21 188 283 363 94 197 40 50 38 961 52 265 124 77 55 95
leaf_count=62 20 110 145 2257 583 23 852 122 23 991 252 101 1364 387 477 289 177 1930 351 122 209 877 245 165 93 42 99 59 166 259 22 77 25 9154 846 245 49 138 29 142 504 48 113 89 483 69 21 188 283 363 94 197 40 50 38 961 52 265 124 77 55 95
internal_value=1.2594e-05 -0.000711538 0.000500675 0.000156357 0.000434669 -0.000372267 -0.00025016 0.000925569 -0.00579819 0.0017791 0.00017648 8.77543e-05 0.00144131 -0.000154423 -0.00186393 0.00415633 0.000683719 -0.000842105 0.000348496 0.00159574 -0.00127097 -0.00282369 -0.00187954 -0.00109968 -0.00363128 -0.00744186 0.000152439 -0.00346485 -0.00410072 -0.00250473 -0.00488946 -0.0099711 -0.00269923 3.27088e-05 -0.000647715 0.00110625 -0.000286388 -0.0028238 -0.00314685 -0.00106007 -0.00110197 0 -0.000952381 -0.00290698 0.00192628 0.000887696 0.00288541 0.00316201 0.00366197 -0.000206125 0.0032235 0.00351171 -0.00384174 -0.000729167 -0.00446429 0.00196273 -0.000120968 0.00163438 0.000619667 0.000395807 -0.00488372 -0.00245098
internal_weight=27788 4537 2209 23251 15296 7955 7792 2580 163 2418 12878 12532 1931 10601 1060 390 1541 5212 1350 974 3862 1086 2328 1577 524 212 1053 751 692 526 281 170 376 9541 2776 1997 739 329 140 280 757 552 312 202 2398 1198 1200 1179 352 846 346 296 205 117 67 1258 297 410 2458 2334 212 150
internal_count=27788 4537 2209 23251 15296 7955 7792 2580 163 2418 12878 12532 1931 10601 1060 390 1541 5212 1350 974 3862 1086 2328 1577 524 212 1053 751 692 526 281 170 376 9541 2776 1997 739 329 140 280 757 552 312 202 2398 1198 1200 1179 352 846 346 296 205 117 67 1258 297 410 2458 2334 212 150
cat_boundaries=0 1 3 5 7 9 11 12 14 16 17 19 21 23 25 26 28
cat_threshold=1 642682930 28806 1426154241 987200 102532161 1289788 1048608 34483 134348896 36132 4 824193164 262274 131086 4097 2 193 33280 551691184 16512 2150631168 360448 128 262161 24 34340912 4
is_linear=0
shrinkage=0.05


Tree=96
num_leaves=63
num_cat=12
split_feature=17 2 0 5 5 20 23 19 2 2 22 22 19 19 9 4 19 2 4 2 17 5 9 23 16 7 17 18 18 2 16 19 18 19 19 7 8 17 22 2 7 7 22 5 7 22 5 22 20 2 18 16 9 20 4 7 6 19 17 9 23 20
split_gain=0.973965 2.08739 4.79897 5.34232 14.2044 9.41305 14.2515 3.36554 2.59818 2.40416 2.21594 1.79702 1.72581 1.64391 1.40506 1.38293 2.22952 1.58523 1.32699 1.25064 1.7773 1.65606 1.42033 3.13998 2.29655 1.7741 1.47327 1.39089 1.76423 1.31211 1.19964 1.1584 1.11665 1.75169 1.05579 1.05354 2.2051 1.15655 1.13388 1.04177 1.03521 1.02757 1.07709 1.17159 1.10479 1.02419 0.98029 0.974056 0.950655 0.931011 1.10978 0.941956 0.924439 0.914415 0.879699 0.912608 0.846407 0.961491 0.819941 0.81536 0.849902 0.80777
threshold=1.7689159092971671 0 1 180.50000000000003 152.50000000000003 162.50000000000003 3.5000000000000004 545.88 2 3 7.1879154854981033 40.306327027666022 221.28999999999988 1425.2800000000002 1869.0200000000002 4 1506.1299999999999 5 6 7 1.5716950004904213 94.500000000000014 1021.8850000000001 5.5000000000000009 1.1999926898472433 509.29500000000002 1.354589279961927 2.5269250736163458 1.3260867236708196 8 0.73700144426080272 1450.0699999999999 0.83764466337919941 415.21999999999997 905.51999999999998 371.54000000000002 425.72000000000003 0.63582554949437731 27.09567768336229 9 412.55000000000007 85.910000000000011 130.85010030823526 97.500000000000014 924.30500000000018 103.66701497482299 269.50000000000006 21.214381881432832 28.500000000000004 10 1.300519260108419 1.2000942129549506 524.68000000000018 40.500000000000007 11 172.78 2012.74 1836.4000000000003 2.1779283935534601 636.1350000000001 2.5000000000000004 19.500000000000004
decision_type=2 1 1 2 2 2 2 2 1 1 2 2 2 2 2 9 2 1 9 1 2 2 2 2 2 2 2 2 2 1 2 2 2 2 2 2 2 2 2 1 2 2 2 2 2 2 2 2 2 1 2 2 2 2 9 2 2 2 2 2 2 2
left_child=15 12 8 4 7 6 -6 18 30 10 -5 13 41 46 -12 19 35 40 -4 20 21 -1 27 24 -24 47 -27 28 53 -30 -3 -15 33 -14 -11 38 49 -38 -17 -26 -18 -2 43 44 -43 -39 -10 -25 -45 50 -37 -51 -9 -21 55 -32 -13 -58 -44 60 -42 -19
right_child=1 2 3 9 5 -7 -8 52 11 34 14 56 32 31 -16 16 17 61 -20 22 -22 -23 23 25 39 26 -28 -29 29 -31 54 -33 -34 -35 -36 36 37 45 -40 -41 59 42 58 48 -46 -47 -48 -49 -50 51 -52 -53 -54 -55 -56 -57 57 -59 -60 -61 -62 -63
leaf_value=0.078868466705628304 -1.4486883805134487 -0.28409015874660304 0.2436961941195854 0.8834063541956092 -1.1162223482774525 0.44759950367160573 0.11496755143051601 -0.23453750327833778 0.22824434101368071 -0.076534875039014599 0.093523353082762342 0.99718121830927053 0.56159551429440746 -0.60385974681147392 -0.097130216033618322 0.081279632441398422 0.080797422530263854 0.027592419418233805 -0.11446164584802228 -0.04856612207886251 0.56045278241980456 -0.37901968505852429 -0.41639134080371343 -0.041641128761983476 -0.84833494308403923 0.11730895301723471 -0.037802845382771101 0.1901857013209714 -0.30820073129664788 -0.016959929920261987 -0.48377976247568744 -0.049861228057557841 -0.3132211749726686 0.026059204870959009 -0.57380821665966553 0.26069987080511209 -0.193564373068212 0.013319486559774064 -0.00089985436685182665 -0.12231022344573966 -1.8698341065398925 0.11438043480012419 -1.2991186273212652 0.013850835507170478 -0.47938919970711213 0.95705253522388034 -0.10872958364981322 -0.2389069534520239 0.32546800512237478 0.039591541347780805 -0.38921180290712948 -0.45745603910382671 -0.3967071972393228 0.019717115270185118 0.20553029555925395 0.8199204772238059 -0.23073554290493403 0.037971116116879783 0.84749926290904654 -0.003008873455248362 -0.21713493949962698 -0.21139787902987642
leaf_weight=43 32 38 393 281 235 73 87 146 1803 268 118 58 169 38 29 1457 304 88 219 425 62 286 63 232 131 463 334 128 286 314 20 1677 183 3618 45 83 110 4375 1011 421 25 40 22 226 42 85 392 117 1330 38 35 214 208 2244 661 523 518 112 21 134 41 614
leaf_count=43 32 38 393 281 235 73 87 146 1803 268 118 58 169 38 29 1457 304 88 219 425 62 286 63 232 131 463 334 128 286 314 20 1677 183 3618 45 83 110 4375 1011 421 25 40 22 226 42 85 392 117 1330 38 35 214 208 2244 661 523 518 112 21 134 41 614
internal_value=0 0.000301768 -0.000216845 -0.00226841 -0.00413306 -0.0120917 -0.0157692 -0.000799794 0.000513435 0.00109207 0.00351474 -2.71091e-05 0.00103362 0.000376949 -0.00108333 -0.000290308 0.000101426 -0.00188172 0.00138211 -0.000905699 -0.00362005 -0.00523343 -0.000681686 -0.00183532 -0.00471278 -0.000239339 0.00101563 -6.98529e-05 -0.000286522 -0.00273632 0.00252988 -0.00076397 0.000446766 0.00064314 -0.0021089 0.000431791 0 0.000311612 0.00127479 -0.00351351 0.000193424 0.00236742 0.00256087 0.00278793 -0.00264706 0.000448129 0.00129095 -0.00323153 0.00311097 -0.00368633 0 -0.00528302 -0.00469188 0.000247942 0.00285833 0.00438399 -0.00238784 -0.00296209 -0.00461957 -0.00246305 -0.00688406 -0.00339161
internal_weight=27788 13625 7942 2102 1361 395 322 966 5840 741 428 4598 5683 3910 147 14163 8614 1206 612 5549 391 329 5158 1761 615 1146 797 3397 3269 600 1242 1715 3970 3787 313 7408 4940 4570 2468 552 504 1713 1681 1638 82 4460 2195 349 1556 370 118 252 354 2669 1204 543 688 630 43 200 66 702
internal_count=27788 13625 7942 2102 1361 395 322 966 5840 741 428 4598 5683 3910 147 14163 8614 1206 612 5549 391 329 5158 1761 615 1146 797 3397 3269 600 1242 1715 3970 3787 313 7408 4940 4570 2468 552 504 1713 1681 1638 82 4460 2195 349 1556 370 118 252 354 2669 1204 543 688 630 43 200 66 702
cat_boundaries=0 1 2 3 4 5 6 7 8 9 10 11 12
cat_threshold=716 1 256 258 37 1287 22 64 1456 896 77 6
is_linear=0
shrinkage=0.05


Tree=97
num_leaves=63
num_cat=24
split_feature=12 17 4 5 17 1 2 1 2 0 5 5 23 1 2 1 7 1 17 1 1 1 9 7 1 16 16 1 15 23 17 10 10 1 5 16 1 7 9 1 2 4 9 1 2 11 17 17 5 10 15 17 9 0 5 15 14 17 4 11 23 16
split_gain=0.931673 1.58825 1.45184 1.28461 1.02654 2.07447 2.23899 1.8814 1.7873 4.60342 4.37826 10.0625 11.8924 3.98855 3.6858 3.18644 2.59296 2.31342 2.46531 2.21764 2.06938 1.66415 1.63498 1.62189 1.87153 1.55627 1.5959 1.42135 1.40389 1.39779 1.37725 1.33736 1.33542 1.31686 1.26462 1.21005 1.19065 1.17131 2.27103 1.2009 1.16171 1.11858 1.08351 1.05072 1.0065 0.989997 0.952682 0.918416 1.14453 1.1255 0.826031 0.807259 0.789607 0.890808 0.77552 0.701713 0.644663 0.57287 0.568992 0.784322 0.595373 0.545379
threshold=1.5000000000000002 1.105384465362415 0 266.50000000000006 1.482243933635824 1 2 3 4 5 180.50000000000003 152.50000000000003 1.5000000000000002 6 7 8 394.84000000000009 9 2.4614761916826295 10 11 12 602.14999999999998 727.5350000000002 13 0.43708417127081117 0.90913875843341474 14 12.500000000000002 1.5000000000000002 1.4567594701162419 2977.9300000000003 936.65500000000009 15 98.500000000000014 1.4009392988093925 16 567.71500000000015 581.00000000000011 17 18 19 2314.7850000000003 20 21 4615.6200000000008 1.5560223107213609 2.3165463429384996 110.50000000000001 577.99500000000012 2.5000000000000004 1.3333348021374041 2642.9800000000005 22 96.500000000000014 6.5000000000000009 2.5000000000000004 1.4652662014136835 23 2701.0950000000007 4.5000000000000009 1.3428318499128016
decision_type=2 2 9 2 2 9 1 9 1 1 2 2 2 9 1 9 2 9 2 9 9 9 2 2 9 2 2 9 2 2 2 2 2 9 2 2 9 2 2 9 1 9 2 9 1 2 2 2 2 2 2 2 2 1 2 2 2 2 9 2 2 2
left_child=4 -2 52 46 5 25 7 22 13 14 11 19 -13 37 20 16 -16 18 -12 -11 42 -17 50 24 41 43 51 31 33 -9 36 -25 -26 -28 -31 -22 40 47 -39 -40 -8 -15 -10 -1 -38 -24 -4 49 -49 -6 -7 55 53 -3 -29 -27 57 -32 60 -60 -45 -30
right_child=1 2 3 -5 8 6 30 29 9 10 17 12 -14 23 15 21 -18 -19 -20 -21 35 -23 45 27 32 26 28 54 61 34 56 -33 -34 -35 -36 -37 44 38 39 -41 -42 -43 -44 58 -46 -47 -48 48 -50 -51 -52 -53 -54 -55 -56 -57 -58 -59 59 -61 -62 -63
leaf_value=0.55991745313462882 0.15561537452356033 -0.030143682753631575 -0.012739116932999228 0.075393270448577313 0.65200040718318353 0.37370272213322997 0.050063703471706057 -0.93010431165265361 0.85510872793437687 -0.33027681300673728 -0.16972625629659294 -1.2554849719299463 -0.10626257899999714 -0.038322118338531656 -0.086727985867429427 -0.014749197826257276 0.26357606375661063 0.3871169584913261 0.24229079305191698 0.02431200996756884 -0.19770622935132828 -0.16893972884708469 0.32313864790543101 0.1615041661608454 0.83455998218991612 -0.24469840942449184 -0.030249514981308592 -0.15439995961218342 0.2415917441573778 0.073201889962765068 -0.57118759059353197 -0.17107727990981125 0.042126726608313451 -0.12143149228847393 -0.1975157502775291 0.26695314195270647 0.10156838822107464 -1.6413211259545915 0.011259115578564051 -0.2392513222865631 -0.017149417972280822 0.21629438074377794 -0.037006716738243517 0.4294998494372248 0.017161365735863798 -0.19773100220525289 -0.42359481356981177 -0.44127695346197005 0.0010205146592886295 0.012046297086781977 -0.34244768458059893 -0.65241098412090026 -0.26105803485267498 0.62680000499117405 0.4940095562865075 -0.033621066856451963 0.046929289019813504 -0.30160367248930564 -0.28273614605260139 0.21097511670615463 -0.16511645403243899 0.027638168133144417
leaf_weight=155 75 99 46 55 173 23 1229 56 601 330 454 214 256 1197 469 2760 1807 409 258 802 122 973 171 214 235 22 2928 60 43 78 28 43 261 817 335 682 824 22 490 557 2459 695 46 113 1168 59 191 94 431 369 112 37 21 56 1125 77 29 62 138 39 28 66
leaf_count=155 75 99 46 55 173 23 1229 56 601 330 454 214 256 1197 469 2760 1807 409 258 802 122 973 171 214 235 22 2928 60 43 78 28 43 261 817 335 682 824 22 490 557 2459 695 46 113 1168 59 191 94 431 369 112 37 21 56 1125 77 29 62 138 39 28 66
internal_value=5.39743e-06 -0.00203755 -0.00318471 -0.0052459 4.81687e-05 -0.000319849 0.000235104 -0.00215466 0.000304142 -9.43998e-05 -0.00185712 -0.00353583 -0.0096723 0.000990968 0.000542677 0 0.00146352 0.000500445 -0.00117241 -0.00092511 0.00279201 -0.000904298 0.000429894 0.00195811 0.00112923 -0.00115337 -0.00148385 0.0033045 -0.0012769 -0.00422718 0.000591449 0 0.00383104 -0.00145077 -0.00309495 0.000979192 0.000712652 -0.000721266 -0.00190065 -0.0014881 0.000162118 0.000367454 0.0049053 0.00149685 0.00169576 0.00311159 -0.00703125 0.000408879 -0.00101799 0.00188073 -0.00371377 -0.00683453 0.00026455 0.00181962 0.00401711 -0.00355392 -0.00461066 -0.00672043 -7.55287e-05 -0.00203947 0.00202922 0.00412946
internal_weight=27788 543 468 292 27245 11096 6633 834 16149 10183 2723 1602 470 5966 7460 6009 2276 1121 712 1132 1451 3733 365 3830 2388 4463 3990 1442 3854 469 5799 257 496 3745 413 804 5680 2136 1069 1047 3688 1892 647 473 1992 230 237 1067 525 542 135 136 176 155 1185 99 119 90 318 177 141 109
internal_count=27788 543 468 292 27245 11096 6633 834 16149 10183 2723 1602 470 5966 7460 6009 2276 1121 712 1132 1451 3733 365 3830 2388 4463 3990 1442 3854 469 5799 257 496 3745 413 804 5680 2136 1069 1047 3688 1892 647 473 1992 230 237 1067 525 542 135 136 176 155 1185 99 119 90 318 177 141 109
cat_boundaries=0 1 3 4 6 7 8 10 11 13 15 17 19 21 23 25 27 29 31 32 33 35 36 37 38
cat_threshold=6 40255676 1756594 576 536872450 512 708 1 2575861590 284432 256 202307412 967217 572264580 377520 51138913 37392 2962227465 345106 595656875 12288 538980489 8333 458785 32800 33816724 1228946 3019943938 270848 2164261122 17936 1289 14 40 146 312 1 6
is_linear=0
shrinkage=0.05


Tree=98
num_leaves=63
num_cat=17
split_feature=6 1 1 12 8 1 8 1 2 2 1 16 14 14 0 2 16 2 16 7 7 5 14 0 8 18 1 1 4 14 23 18 4 23 18 16 7 13 5 18 18 8 21 7 4 7 8 8 7 23 16 14 5 8 21 7 5 1 7 18 16 7
split_gain=1.02854 1.69586 1.65721 1.3532 1.59414 2.92017 1.38644 1.48711 1.31297 1.30768 1.12943 1.59059 1.16988 1.1426 1.34857 2.12573 1.43437 1.11779 1.27148 1.19017 1.10275 1.42214 1.07144 1.06669 1.34023 1.01663 1.24709 1.01486 1.37702 1.00742 1.63543 1.04574 0.950065 1.14963 1.13427 0.910291 0.862328 0.844754 1.34111 0.840038 1.01987 0.824921 0.783338 0.757516 0.813474 0.749883 0.722284 0.717511 0.712278 0.744265 0.734434 0.68464 0.662278 0.808526 0.637706 0.733199 0.612951 0.597794 0.575386 0.689916 0.564358 0.967861
threshold=2501.0100000000007 0 1 1.5000000000000002 1240.0450000000003 2 1471.135 3 4 5 6 2.1014742071048125 4.5000000000000009 2.5000000000000004 7 8 1.0910660448885474 9 0.87784432877462126 936.58500000000015 936.58500000000015 137.50000000000003 4.5000000000000009 10 694.34500000000014 1.90465645038795 11 12 13 1.5000000000000002 6.5000000000000009 0.61384015774754086 14 1.5000000000000002 0.54970717078918907 1.4636162535034483 689.31000000000006 1.5000000000000002 88.500000000000014 2.0557161043590901 1.1331637046257625 925.07500000000016 177.58333333333334 1145.9650000000001 15 472.91500000000002 454.0750000000001 378.315 495.66500000000008 4.5000000000000009 1.3934613360574588 1.5000000000000002 156.50000000000003 412.55000000000007 46.690476190476197 719.76500000000021 55.500000000000007 16 412.55000000000007 0.47698005282109129 1.4636162535034483 823.54500000000007
decision_type=2 9 9 2 2 9 2 9 1 1 9 2 2 2 1 1 2 1 2 2 2 2 2 1 2 2 9 9 9 2 2 2 9 2 2 2 2 2 2 2 2 2 2 2 9 2 2 2 2 2 2 2 2 2 2 2 2 9 2 2 2 2
left_child=1 17 8 4 27 6 9 -8 29 -6 11 52 13 14 16 -16 -12 19 -19 48 21 46 36 24 -5 26 -15 28 45 31 60 58 33 34 -20 -30 -7 38 -13 40 -34 -33 -26 44 -29 -3 -14 -32 49 -1 -51 -35 53 -4 -25 -56 -21 -50 -2 -60 -31 -62
right_child=2 3 10 23 5 22 7 -9 -10 -11 12 37 20 25 15 -17 -18 18 32 56 -22 -23 -24 54 42 -27 -28 43 35 30 47 41 39 51 -36 -37 -38 -39 -40 -41 -42 -43 -44 -45 -46 -47 -48 -49 57 50 -52 -53 -54 -55 55 -57 -58 -59 59 -61 61 -63
leaf_value=0.10820621692941756 1.1355256098335216 -0.5512458330545924 0.093468782673489598 -0.0060405726828046021 -0.12850277888450609 -0.22838793049998413 0.028882989909012349 -0.37463287791511324 0.14439264661069659 0.41505581216439036 -0.1646202879346344 -0.95747862141581175 -0.12069804546941176 -0.032529865536918924 0.075962304263789457 -0.39255155850136469 -0.016969399378866257 -0.78407777193669426 0.7797840614266538 0.084357110285856518 0.1642903316643464 -0.12279065834601988 -0.063018085021635639 -0.11480192084792923 -0.46832247607276517 0.11233510375176872 0.031392436712874131 -0.008694481601357041 -0.029204894728231425 -0.0061861782663548588 -0.46838410437979028 -0.60826701873549571 -0.37604277928359481 -0.0070707438774979536 -0.78201121418764008 0.38414691221838737 0.58604986992303265 0.0063045478541315821 -0.27396918277101945 0.53983198409310695 -0.58611927238256334 0.083496735567080205 -0.070400566709107618 -0.2688770947772568 0.03030641597347046 0.034770810178694281 0.14710612613559387 0.091479252951692222 -0.00029081300022917313 0.2326016455247909 -0.30747907643519756 0.21898902518128127 0.18342421751553567 -0.67580197676305664 -0.78371096794671946 0.66336342929807346 -0.24960122980298857 0.55181819833598311 -0.070860317615295904 0.85701935824468911 -0.8924083101739182 -0.099714362291969047
leaf_weight=220 43 43 29 68 232 44 226 222 736 334 490 30 25 619 115 186 5010 42 65 43 21 103 30 57 75 159 520 5476 109 21 22 25 115 88 105 523 630 28 79 20 47 57 31 226 9382 70 45 43 112 22 55 85 78 55 20 45 100 129 68 31 34 25
leaf_count=220 43 43 29 68 232 44 226 222 736 334 490 30 25 619 115 186 5010 42 65 43 21 103 30 57 75 159 520 5476 109 21 22 25 115 88 105 523 630 28 79 20 47 57 31 226 9382 70 45 43 112 22 55 85 78 55 20 45 100 129 68 31 34 25
internal_value=-2.33889e-05 0.00018003 -0.000475575 0.00030732 0.000366809 0.0018158 2.43427e-05 -0.00199557 0.00130814 0.00171353 -0.000742932 -0.00372596 -0.000607377 -0.000494579 -0.000799018 -0.00407072 -0.000608759 -0.00158604 -0.00321121 -0.000126081 -0.00444162 -0.00589489 0.00425384 -0.00301003 -0.00550847 0.000826287 0.000251751 0.00020607 0.00199538 -0.0010144 -0.00430743 0.000881057 -0.00243845 -0.00059691 -0.00361272 0.00294574 0.00476366 -0.00776786 -0.00970982 -0.00525641 -0.00681818 -0.00323529 -0.00894495 0.000112605 0.000159814 -0.00267857 0 0.000919118 0.000878004 -0.000625 -0.00484375 0.00205966 -0.000151515 -0.00344828 0.0002 0.00386029 -0.00419521 0.00292008 0.00362069 0.000857843 -0.00903614 -0.0114919
internal_weight=27788 19091 8697 17843 17547 1718 1014 448 1105 566 7592 299 7293 7099 5801 301 5500 1248 567 681 194 173 704 296 174 1298 1139 15829 745 369 145 224 525 343 170 632 674 137 109 182 162 82 106 15084 14858 113 70 65 538 297 77 173 162 84 122 65 143 241 142 99 80 59
internal_count=27788 19091 8697 17843 17547 1718 1014 448 1105 566 7592 299 7293 7099 5801 301 5500 1248 567 681 194 173 704 296 174 1298 1139 15829 745 369 145 224 525 343 170 632 674 137 109 182 162 82 106 15084 14858 113 70 65 538 297 77 173 162 84 122 65 143 241 142 99 80 59
cat_boundaries=0 2 4 6 8 9 10 12 13 14 15 16 18 20 21 22 23 25
cat_threshold=134349828 1059876 1145087508 1057868 2208580049 348304 52428944 128 2089 2648 2424373280 4352 1 2642 691 1 540803201 49152 1426129152 720896 1 22 35 134217732 1048580
is_linear=0
shrinkage=0.05


Tree=99
num_leaves=63
num_cat=6
split_feature=20 18 1 18 14 20 5 23 23 23 1 15 10 1 8 17 23 8 23 18 8 1 20 4 5 21 20 18 7 7 5 16 20 1 23 5 5 17 5 18 8 5 17 5 5 21 9 20 7 20 5 7 17 20 20 18 20 5 18 5 20 21
split_gain=0.86814 1.49739 1.04451 0.90264 0.82284 0.935386 1.65313 2.1842 0.849443 0.833055 0.794949 0.797909 0.782973 2.37227 1.99269 1.52999 1.47063 1.36593 1.56646 1.35852 1.08023 0.998076 0.926868 0.735171 0.752298 0.860883 0.751765 0.800125 0.709397 0.932594 0.684707 0.668631 1.21597 0.719152 0.637424 0.605798 0.421407 1.01873 0.376782 0.372115 0.362193 0.336711 0.336697 0.32983 0.320999 0.315461 0.660394 0.4856 0.256755 0.317708 0.247632 0.350712 0.234652 0.234185 0.205909 0.15506 0.126953 0.126414 0.125347 0.0834478 0.0765799 0.0458821
threshold=334.50000000000006 0.43404689505439803 0 0.64159633720684039 4.5000000000000009 13.500000000000002 201.50000000000003 23.500000000000004 18.500000000000004 20.500000000000004 1 14.500000000000002 3192.5400000000004 2 545.72000000000014 1.1589934565968232 7.5000000000000009 2083.1350000000007 2.5000000000000004 2.9462179617441135 2033.7350000000004 3 146.50000000000003 4 287.50000000000006 224.25000000000003 472.50000000000006 0.26071242218143881 575.75500000000011 828.23500000000013 137.50000000000003 1.3988091653221564 70.500000000000014 5 29.500000000000004 301.50000000000006 72.500000000000014 1.2976277979716879 103.50000000000001 1.5254087348711123 727.61500000000012 185.50000000000003 2.2247413645275409 118.50000000000001 124.50000000000001 29.215384615384618 1447.7100000000003 22.500000000000004 410.30500000000006 382.50000000000006 139.50000000000003 828.23500000000013 1.7689159092971671 421.50000000000006 25.500000000000004 0.28160744302076529 402.00000000000006 334.50000000000006 0.25689558987229938 103.50000000000001 456.50000000000006 31.513157894736846
decision_type=2 2 9 2 2 2 2 2 2 2 9 2 2 9 2 2 2 2 2 2 2 9 2 9 2 2 2 2 2 2 2 2 2 9 2 2 2 2 2 2 2 2 2 2 2 2 2 2 2 2 2 2 2 2 2 2 2 2 2 2 2 2
left_child=4 23 3 44 9 8 7 38 43 12 45 36 19 14 15 -14 -16 18 -15 20 21 -1 -22 28 25 26 58 -28 48 55 -9 32 -21 -33 -10 41 61 -38 -7 -19 -8 50 -5 -6 -3 47 -47 -11 49 -2 52 -52 -4 -51 -13 -30 -26 -37 -25 -27 -50 -12
right_child=1 2 35 42 5 6 40 30 34 10 11 54 13 17 16 -17 -18 39 -20 31 22 -23 -24 24 56 59 27 -29 29 -31 -32 33 -34 -35 -36 57 37 -39 -40 -41 -42 -43 -44 -45 -46 46 -48 -49 60 53 51 -53 -54 -55 -56 -57 -58 -59 -60 -61 -62 -63
leaf_value=0.0085017200165533602 1.3290825475109047 -2.7355136452494797 0.049485658253950154 -0.39932757508150518 0.088511903918932072 -0.048224843652476326 0.10385259177663637 0.07469036998434149 -0.11884952087492806 0.016376300511949583 -0.021412518522313653 -0.10277905371051253 -0.41243879280976564 -0.16821782962265683 -0.14632205176454813 -0.046101674374419081 0.0031207173290930257 0.018532615914461117 0.0085878133378257896 0.099274729320147165 -0.48941533075063992 -0.020830712298272006 0.6626144817370776 -0.66294733542839634 0.076079814919028987 0.10566237919040021 -0.40121086125610933 3.831948963822204 -2.472168507860991 2.9967986442708532 -0.10828136088827188 0.040679233814194408 -0.49923973020710322 0.25747301057821687 0.025052457923401685 -0.65347891988545292 0.15714536473411467 0.015702045385918195 -0.19602103626755787 0.1823564636639623 -0.034594029157903772 2.2922051182161831 3.8638692535780734 0.24103790376969939 -0.62645244743948858 -0.31968230373810019 0.22068615306988837 -0.095406674098608174 3.0164833838312699 -1.3522096389302338 2.437697946172189 -1.1543535179415643 2.3758467946583908 0.98514942365010283 0.19328699271455763 -0.54209782392047468 6.5397860600504885 2.869070217475421 -2.1754269693615029 0.92908317364755677 2.8051445710771423 0.11356722266054585
leaf_weight=16894 25 20 20 28 27 22 26 33 37 24 23 26 38 154 424 30 356 54 788 137 108 6448 54 80 20 24 39 35 21 31 20 133 20 236 39 26 118 44 62 155 30 78 33 25 24 29 24 34 46 23 29 43 165 54 22 32 29 29 69 25 26 20
leaf_count=16894 25 20 20 28 27 22 26 33 37 24 23 26 38 154 424 30 356 54 788 137 108 6448 54 80 20 24 39 35 21 31 20 133 20 236 39 26 118 44 62 155 30 78 33 25 24 29 24 34 46 23 29 43 165 54 22 32 29 29 69 25 26 20
internal_value=-1.97906e-05 0.00136955 0.00338855 -0.000741525 -7.76659e-05 -0.00258488 -0.00478316 -0.00776786 0.000381679 -4.49879e-05 0.00231608 0.00380639 -8.01898e-05 -0.00103022 -0.00301974 -0.0112676 -0.00223499 0.000418814 -0.000343915 0 -5.74297e-05 -2.67723e-05 -0.00409091 -0.00027921 -0.00190868 -0.00309091 -0.00448009 0 0.00156827 -0.00172414 0 0.00250473 0 0.00366263 -0.00253165 0.00452854 0.00534856 0.00651515 -0.0126437 0.0040684 0.00169492 0.00543639 0.00253906 0.00545455 -0.00638298 -0.000907258 0.00111607 -0.00368852 0.00353107 0.00119048 0.00408654 0.000666667 0.00511968 0 -0.000980392 -0.00602679 0.003125 0 -0.00649671 0.00216346 0.006 0
internal_weight=27788 1074 495 105 26714 321 193 137 128 26393 364 253 26029 1999 848 68 780 1151 942 24030 23504 23342 162 579 321 272 223 74 258 84 53 526 157 369 76 390 205 162 84 209 56 335 61 52 44 111 53 58 174 102 257 72 185 77 48 53 49 55 149 49 72 43
internal_count=27788 1074 495 105 26714 321 193 137 128 26393 364 253 26029 1999 848 68 780 1151 942 24030 23504 23342 162 579 321 272 223 74 258 84 53 526 157 369 76 390 205 162 84 209 56 335 61 52 44 111 53 58 174 102 257 72 185 77 48 53 49 55 149 49 72 43
cat_boundaries=0 2 4 6 8 9 10
cat_threshold=2637832 640 33554438 4736 268701847 295840 1946522011 1499859 6 786848
is_linear=0
shrinkage=0.05


Tree=100
num_leaves=63
num_cat=20
split_feature=4 1 2 10 9 2 1 18 19 18 22 16 9 1 10 10 22 18 11 17 11 17 1 9 2 1 1 18 23 19 1 1 19 17 4 1 16 2 4 2 17 16 9 18 15 1 18 18 2 22 17 10 9 18 22 9 9 9 16 0 17 9
split_gain=0.842396 2.28788 1.50821 1.31137 1.80179 1.10326 1.60152 1.14001 1.56018 1.22996 1.07994 1.02745 1.0165 0.980675 1.76722 1.98282 2.22466 1.03885 1.04101 1.03219 0.975136 1.29251 2.02225 1.56588 1.40893 3.84096 3.24513 2.02829 1.90445 1.88454 1.90986 1.48172 1.44138 1.39565 1.34339 2.04828 1.61541 1.19335 1.06309 1.05717 1.03013 1.01561 0.946522 1.25675 0.889892 2.45706 1.08009 1.00328 1.09234 1.31334 1.05398 0.939669 1.70326 1.3584 0.850405 1.72484 1.38809 0.849561 1.00292 0.841448 0.831858 0.82367
threshold=0 1 2 1776.7700000000002 2642.9800000000005 3 4 0.44418027354517836 1022.245 0.38790454070919994 48.587721152379778 1.8279186001745684 1030.9900000000002 5 1153.5550000000001 1791.1850000000004 57.014252546687437 0.21930520818718161 467.7050000000001 1.4183140772577276 272.73500000000007 2.0541353936546582 6 2099.0450000000005 7 8 9 0.42567857944506443 9.5000000000000018 1506.1299999999999 10 11 2136.4150000000004 0.51067982023267267 12 13 0.43708417127081117 14 15 16 1.1989765425201127 1.6334005881376532 179.45500000000004 0.48610511353413227 3.5000000000000004 17 0.32597711463795148 0.55781739177372358 18 24.749939845654328 1.0420580626198079 615.6600000000002 1585.5300000000004 0.26760133100332156 14.081909929441066 890.14499999999998 354.39500000000004 410.39500000000004 2.7000005671441598 19 1.9993867520525368 410.39500000000004
decision_type=9 9 1 2 2 1 9 2 2 2 2 2 2 9 2 2 2 2 2 2 2 2 9 2 1 9 9 2 2 2 9 9 2 2 9 9 2 1 9 1 2 2 2 2 2 9 2 2 1 2 2 2 2 2 2 2 2 2 2 1 2 2
left_child=1 5 3 12 11 6 59 9 10 61 -9 -5 -3 17 -15 16 -16 18 -7 -17 38 24 23 54 25 32 42 40 -29 31 -31 -28 33 -22 35 41 -36 -37 -2 -38 -27 -24 -26 -44 45 51 -47 -46 50 -50 -49 53 -53 -4 56 -56 -23 -19 -59 -1 -34 -8
right_child=20 2 44 4 -6 13 7 8 -10 -11 -12 -13 -14 14 15 19 -18 57 -20 -21 21 22 34 -25 26 27 29 28 -30 30 -32 -33 60 -35 36 37 39 -39 -40 -41 -42 -43 43 -45 47 46 -48 48 49 -51 -52 52 -54 -55 55 -57 -58 58 -60 -61 -62 -63
leaf_value=0.026161823396594477 -0.54286664810609386 -0.25391256177786586 -0.062981119724009466 -0.74656015290171795 0.053431797947617987 0.043770708997624419 -0.48570421787409102 -0.037445024107867299 0.47847480379935203 -0.87684878866801985 -1.1182928770577938 -0.44411516530326517 0.52842759268175343 0.1035944467829264 -0.51032844817946443 -0.12789076556099718 0.87227824121654474 -0.021479125684360414 -0.20707051191061288 0.2935537106716602 -0.80974143229126561 -0.41332631563201866 0.0049820852241429852 -0.094039655896418148 0.22617432466987097 -0.11955312703030643 -0.096083861249814717 -0.13963719321233903 0.028780226487326834 -0.24171736737438609 -0.004406185045109901 -0.018033414185868502 -0.058636352632228043 0.19087510333062499 -0.73491670271885234 0.092184384572442074 0.10338222706398126 -0.25009790818091426 0.0035604662475078545 -0.059306360608670873 0.59816252369235767 0.35844060268238676 -0.094351029350548649 0.023966272630428522 0.2506840940847978 0.26320453559769791 -0.17405941757972238 -0.23467158117185552 0.13641990807122026 -0.10222874207542471 -0.025115620205859248 -0.20560466965020485 -0.62039972228713303 -1.5629857284764501 0.71734270260900468 -0.29657782714502673 0.43563698769540199 0.059903585185769971 0.65295347123259762 0.3729945111828441 -0.77230964350006914 0.26579914763822193
leaf_weight=176 159 199 33 71 25 46 37 303 66 28 60 59 67 251 94 65 24 147 39 93 45 61 619 185 346 47 685 1008 254 571 319 5507 169 2364 52 510 724 434 209 2029 101 1455 479 3288 89 179 585 99 221 198 240 146 25 35 105 187 1314 337 410 44 25 46
leaf_count=176 159 199 33 71 25 46 37 303 66 28 60 59 67 251 94 65 24 147 39 93 45 61 619 185 346 47 685 1008 254 571 319 5507 169 2364 52 510 724 434 209 2029 101 1455 479 3288 89 179 585 99 221 198 240 146 25 35 105 187 1314 337 410 44 25 46
internal_value=-1.07949e-05 -0.000634615 -0.00175679 -0.00446429 -0.00830696 0.000471698 -0.00103493 -0.00253165 -0.00124421 -0.00712719 -0.00262978 -0.0107143 -0.00213755 0.00126728 -0.000393519 -0.00322581 -0.00805785 0.00220514 -0.00269886 0.00015528 0.000109074 0.000152386 0.000682144 0.00211796 -0.000111761 0.000686165 -0.000402614 -0.00138791 -0.0020751 -0.00105356 -0.00321948 -0.000734463 0.00183008 0.0021818 0.000212046 0.000948532 -0.000563343 -0.000940439 -0.00242588 -0.000376451 0.00397351 0.00183277 0.000705889 0.000460875 -0.00108696 -0.0020999 -0.000579151 4.41176e-05 -0.000492773 0.00112847 -0.00259233 -0.00639881 -0.00409483 -0.0119718 0.00262725 0 0.00314768 0.0027592 0.00345 0.00236052 -0.00215736 -0.00305233
internal_weight=27788 4537 2271 421 155 2266 760 540 429 111 363 130 266 1506 527 276 118 979 85 158 23251 22883 7675 1852 15208 4013 11195 1410 1262 7082 890 6192 2603 2409 5823 3018 2805 944 368 2753 148 2074 4113 3767 1850 1003 764 847 758 419 339 239 171 68 1667 292 1375 894 747 220 194 83
internal_count=27788 4537 2271 421 155 2266 760 540 429 111 363 130 266 1506 527 276 118 979 85 158 23251 22883 7675 1852 15208 4013 11195 1410 1262 7082 890 6192 2603 2409 5823 3018 2805 944 368 2753 148 2074 4113 3767 1850 1003 764 847 758 419 339 239 171 68 1667 292 1375 894 747 220 194 83
cat_boundaries=0 1 3 4 5 7 9 11 12 14 16 18 20 21 23 24 25 26 28 29 30
cat_threshold=1 904835122 28806 320 2565 426034 130 872984578 16384 1149591633 2017362 769 881983889 1435282 3476395788 70249 805830673 524304 8519680 157958 20 2987923080 73729 461 18 580 1065472 328721 2692 1
is_linear=0
shrinkage=0.05


Tree=101
num_leaves=54
num_cat=4
split_feature=20 11 5 23 5 20 6 5 21 0 5 5 23 6 6 16 15 9 3 5 21 21 8 20 20 21 8 9 13 3 5 5 11 21 16 15 8 21 8 5 10 20 20 20 21 4 8 11 11 8 20 6 10
split_gain=0.863515 0.906056 0.895124 0.87933 0.822735 0.658741 0.800622 0.653 0.673659 1.40732 3.6457 17.7675 22.8421 1.78887 1.61746 1.32378 1.23895 2.07654 1.28577 2.17982 1.50057 1.37752 1.33704 1.28385 1.09554 1.05454 1.43053 1.03487 1.51014 1.03231 1.00264 0.900333 0.664536 0.697075 0.65721 0.61602 0.564926 0.741893 0.525121 0.450958 0.418919 0.351218 0.349114 0.337448 0.445842 0.297035 0.41697 0.379277 0.230469 0.217857 0.191413 0.102671 0.0942235
threshold=334.50000000000006 791.96500000000003 287.50000000000006 1.5000000000000002 331.00000000000006 412.50000000000006 1376.8900000000001 3.5000000000000004 78.050000000000011 0 180.50000000000003 158.50000000000003 4.5000000000000009 2012.74 1376.8900000000001 2.6333368674813538 1.5000000000000002 481.73500000000001 1 138.50000000000003 117.08333333333336 80.211111111111123 1277.3550000000002 219.50000000000003 9.5000000000000018 75.292857142857159 384.08500000000009 422.81500000000005 1.5000000000000002 2 138.50000000000003 236.50000000000003 979.86500000000012 298.25000000000006 2.1760753890328792 3.5000000000000004 124.83000000000001 233.16666666666671 345.56 242.50000000000003 1776.7700000000002 371.50000000000006 393.50000000000006 382.50000000000006 147.58333333333334 3 1033.3750000000002 2226.3250000000003 1015.3900000000001 273.03500000000008 276.50000000000006 3372.3600000000001 891.81000000000006
decision_type=2 2 2 2 2 2 2 2 2 1 2 2 2 2 2 2 2 2 1 2 2 2 2 2 2 2 2 2 2 1 2 2 2 2 2 2 2 2 2 2 2 2 2 2 2 9 2 2 2 2 2 2 2
left_child=7 2 5 4 45 36 -7 35 9 13 11 15 -13 27 29 -11 17 32 19 22 -21 34 -18 -19 -23 30 -27 38 -29 -12 -15 -16 33 -10 -20 52 -2 41 -9 49 -37 -38 -4 44 -5 46 48 -47 -3 -8 -25 -48 -1
right_child=1 3 42 43 -6 6 39 8 16 10 14 12 -14 25 31 -17 18 23 21 20 -22 24 -24 50 -26 26 -28 28 -30 -31 -32 -33 -34 -35 -36 40 37 -39 -40 -41 -42 -43 -44 -45 -46 47 51 -49 -50 -51 -52 -53 -54
leaf_value=-1.400477792037325 0.59253913224048349 1.8295691493354242 0.054243735697755473 1.1418943879821832 -3.3695177254916575 4.3944629540159612 -2.1845528312292424 0.094189488984051953 1.4717945353162407 0.007956845066557694 0.19086295449332821 -0.97487798250998026 0.055809956638157091 -0.020838141379009658 0.039913568214175577 -0.13445435561553173 -0.057033789082604258 -1.247580824214924 0.54329280094573151 0.088447162952611083 0.53522671864270099 -0.30116949261882653 1.1005768348477571 0.67789695701180364 0.00083589178183913766 -0.55706717338096023 -0.034531322839260525 0.47122948007575877 -0.54965057898825787 0.035632819010164511 0.017036289898899604 -0.049550876687469249 -0.73928212362792189 -0.15632193621157398 0.0064168870602023809 0.44593327593775378 -0.69503321891511483 0.91745254820689193 -0.24126309946477387 -2.8848054530929703 -0.80246081864953034 -1.7414347052924903 6.0097274672280783 -1.1284749466511041 -0.59094123175429214 2.2346586297571132 3.1948728231008623 0.47663354336784214 -1.5205115925358954 0.84730318321501918 -0.46164929957571721 1.2839493998366167 -0.65864450484350723
leaf_weight=27 29 39 28 33 32 60 27 166 93 1666 552 215 171 4680 373 826 1415 72 118 737 944 259 158 27 6308 56 201 552 31 424 5491 796 33 40 108 34 44 31 69 25 22 83 56 20 38 216 71 24 45 151 20 22 30
leaf_count=27 29 39 28 33 32 60 27 166 93 1666 552 215 171 4680 373 826 1415 72 118 737 944 259 158 27 6308 56 201 552 31 424 5491 796 33 40 108 34 44 31 69 25 22 83 56 20 38 216 71 24 45 151 20 22 30
internal_value=2.69872e-05 0.00141597 0 0.00285451 0.00378872 -0.00093819 0.000516917 -2.71363e-05 -8.92723e-06 -0.000211252 -0.00090778 -0.00207393 -0.012018 9.55641e-05 0.000634311 -0.000501002 0.00030479 -0.00290799 0.000401741 0.00121671 0.00247179 1.83661e-06 -8.72462e-05 -0.00788934 -0.000123668 -7.66945e-05 -0.00322115 0.0023447 0.00347696 0.00214505 0 -0.000586604 0.000443787 0.00229779 0.00382096 -0.00377155 -0.00322368 -0.00450311 -0.000262605 -0.000788835 0 -0.00625 0.0045977 -0.00119681 0 0.00443452 0.00190789 0.00573123 0 0 -0.00025 0.00429688 -0.00729167
internal_weight=27788 1074 534 540 449 450 263 26714 26601 16269 5023 2878 386 11246 2145 2492 10332 285 10047 3254 1681 6793 1573 119 6567 10428 257 818 583 976 10171 1169 166 133 226 113 187 158 235 203 56 127 84 91 71 417 177 240 84 178 47 93 57
internal_count=27788 1074 534 540 449 450 263 26714 26601 16269 5023 2878 386 11246 2145 2492 10332 285 10047 3254 1681 6793 1573 119 6567 10428 257 818 583 976 10171 1169 166 133 226 113 187 158 235 203 56 127 84 91 71 417 177 240 84 178 47 93 57
cat_boundaries=0 1 2 3 4
cat_threshold=1 2 10 9
is_linear=0
shrinkage=0.05


Tree=102
num_leaves=63
num_cat=5
split_feature=6 21 5 22 20 21 12 4 17 5 7 17 21 10 17 0 5 21 9 5 5 21 5 17 9 22 22 22 18 7 22 20 6 10 10 22 21 11 7 20 5 18 5 17 11 17 5 4 17 20 20 11 7 17 3 18 5 5 0 10 5 11
split_gain=0.684529 1.15343 1.14019 0.993791 2.50438 2.30435 0.927078 1.75205 1.48779 1.18427 0.969143 1.27283 1.98461 1.53208 1.09863 0.986228 1.15846 0.976455 0.968218 0.95606 1.85322 0.909138 0.897244 0.890132 1.27366 1.08535 0.934117 1.23981 0.922432 0.871014 1.15857 0.857459 0.829305 0.910235 0.807897 1.90707 2.27239 1.00547 0.820919 1.13363 0.80364 0.801462 1.47138 1.26382 0.924409 1.06538 0.772641 0.67342 0.895267 1.4554 1.30756 0.77748 1.19458 1.13699 1.23534 1.04025 0.681051 0.649354 0.631727 0.670416 0.626767 0.623652
threshold=2501.0100000000007 33.822916666666679 310.00000000000006 20.560283139465572 28.500000000000004 29.825757575757578 1.5000000000000002 0 1.6524209133969545 257.50000000000006 976.7600000000001 1.4736827688680629 35.845238095238102 1114.7050000000004 1.2250902847076817 1 278.50000000000006 115.07142857142858 2430.6700000000005 350.50000000000006 357.50000000000006 174.16666666666671 136.50000000000003 1.3333348021374041 2642.9800000000005 12.72836845149839 25.883304530820876 47.706465025662972 2.6550362051521246 299.3250000000001 10.894188026108671 198.50000000000003 2012.74 1488.0950000000003 1061.0500000000002 2.8503542240076025 129.45000000000002 1118.8500000000004 -1.0000000180025095e-35 28.500000000000004 335.50000000000006 1.2502114145885066 178.50000000000003 1.1809550693381154 4105.9000000000015 1.0909945851148015 39.500000000000007 2 2.4757838791553071 35.500000000000007 281.50000000000006 2701.0950000000007 954.42500000000018 3.5272379962922433 3 0.61384015774754086 172.50000000000003 214.50000000000003 4 815.68000000000018 131.50000000000003 1334.3300000000002
decision_type=2 2 2 2 2 2 2 9 2 2 2 2 2 2 2 1 2 2 2 2 2 2 2 2 2 2 2 2 2 2 2 2 2 2 2 2 2 2 2 2 2 2 2 2 2 2 2 9 2 2 2 2 2 2 1 2 2 2 1 2 2 2
left_child=6 2 3 41 -5 -6 10 18 -9 21 19 12 14 -14 -12 32 22 -15 -8 34 58 -10 -17 24 25 29 28 -28 -27 57 -31 -4 33 -13 38 36 -36 -37 39 -1 -40 44 46 -44 60 -46 -43 48 50 -50 -25 53 56 54 -49 -54 -53 -3 59 -21 -2 -33
right_child=1 23 31 4 5 -7 7 8 9 -11 11 15 13 17 -16 16 -18 -19 -20 20 -22 -23 -24 47 -26 26 27 -29 -30 30 -32 61 -34 -35 35 37 -38 -39 40 -41 -42 42 43 -45 45 -47 -48 51 49 -51 -52 52 55 -55 -56 -57 -58 -59 -60 -61 -62 -63
leaf_value=-0.0066693868893694663 -0.096398943359899431 -0.33319830996298094 0.11678440623647385 0.40143776546042409 0.16330079376149406 -0.62489339255885712 0.44609623142191773 0.073828464096989829 -0.55681168243392321 0.058597314431540863 -0.02461247509238227 2.2071661766941939 -0.66642997005381499 0.12644926720613256 -0.23980632784713674 0.075485605618910698 0.71325657979041124 -0.1573763423450707 -0.37811629159351923 -1.8710954595674267 0.25046379979370598 -0.070286494354723852 -0.35378344117649241 0.049954188486619457 0.14343382163848836 0.041449451489826927 -0.10868666371874554 0.078136153279372789 -0.082238885373918616 -0.22896337069086245 -0.47874989024524006 0.86758044549900371 0.33597123472542756 0.16902131879333454 -0.22671214236561604 -0.71835861332424422 0.59170688487473788 0.0074896840884838061 0.033651921216917423 -0.63744889308756092 0.32020470110418864 -0.30404433717991125 0.11525297038429004 -0.12798945462205857 -0.024312198715480252 -0.074604018806354463 0.13101258455814113 0.23699568775447802 -0.021424109149751305 0.60573671895573966 -1.567853792929411 -0.30855837615351467 -0.35119744746096448 -0.38757412009394537 -0.01997169539125121 0.040040762328886717 -0.020386332825472798 0.086371774740295323 -0.078613238178884978 -0.28062636726554779 -0.0071069036824894741 -0.95863938956687633
leaf_weight=131 1194 69 176 27 20 46 105 52 87 30 37 128 26 414 21 223 66 189 20 45 92 30 176 1118 94 824 807 405 23 285 38 26 1783 51 1391 42 222 4995 8302 44 242 21 22 53 104 116 98 476 60 163 29 219 37 100 412 501 184 52 85 62 853 45
leaf_count=131 1194 69 176 27 20 46 105 52 87 30 37 128 26 414 21 223 66 189 20 45 92 30 176 1118 94 824 807 405 23 285 38 26 1783 51 1391 42 222 4995 8302 44 242 21 22 53 104 116 98 476 60 163 29 219 37 100 412 501 184 52 85 62 853 45
internal_value=1.07949e-05 -0.000354885 -0.00119026 -0.00151545 -0.00664063 -0.0119565 0.00018003 -0.00244648 -0.00524764 -0.00808333 0.000228423 0.00103465 -0.000815217 0 -0.00942623 0.00157922 -0.000400641 0.000556931 0.00190217 6.46717e-05 -0.00278746 -0.0103125 -0.00152363 3.39041e-05 -0.000649038 -0.000882881 -0.000369787 -0.00127572 0.000867647 -0.00313199 -0.0044862 0.00195 0.00207379 0.00542582 0.000121162 -0.000289343 -0.00178682 0.000181052 0.000439979 -0.00287921 0.000514801 -0.00129363 0.00164975 -0.00336538 -0.00156938 -0.00470852 0.00522541 0.000586766 0.00142805 0.00436947 0.000815217 0 -0.00104608 0.000958628 0.00157127 0.000415896 -0.00310961 0.000100806 -0.00564103 -0.00829545 -0.00120122 -0.00219595
internal_weight=27788 8697 2801 2554 93 66 19091 324 199 147 18767 3114 687 629 58 2427 465 603 125 15653 284 117 399 5896 2597 2503 2059 1212 847 444 323 247 1962 179 15369 6650 1613 5037 8719 175 8544 2461 194 75 2267 220 119 3299 1370 223 1147 1929 941 988 888 538 403 121 192 107 2047 71
internal_count=27788 8697 2801 2554 93 66 19091 324 199 147 18767 3114 687 629 58 2427 465 603 125 15653 284 117 399 5896 2597 2503 2059 1212 847 444 323 247 1962 179 15369 6650 1613 5037 8719 175 8544 2461 194 75 2267 220 119 3299 1370 223 1147 1929 941 988 888 538 403 121 192 107 2047 71
cat_boundaries=0 1 2 3 4 5
cat_threshold=6 1 18 6 1
is_linear=0
shrinkage=0.05


Tree=103
num_leaves=63
num_cat=27
split_feature=6 2 1 0 23 2 2 1 1 1 9 1 10 23 2 4 9 9 1 8 2 11 4 16 11 9 1 8 2 12 1 11 9 8 11 8 1 16 4 16 1 16 11 12 1 9 2 23 9 15 9 1 1 9 13 1 10 1 4 11 9 19
split_gain=0.763343 4.05167 2.20917 1.97829 3.01512 3.22657 2.73821 3.04581 2.15228 2.10264 1.90548 1.79495 1.77023 1.88398 3.72539 6.01829 1.67953 1.44864 1.44105 1.64149 1.60152 1.41929 1.41299 1.42539 1.38906 2.00268 1.78347 1.36345 1.63887 1.35602 1.3469 1.29972 1.21314 1.20963 1.19948 1.19099 1.14584 1.11966 1.09519 1.08925 1.08855 1.08105 1.0711 0.998906 0.957899 1.02034 0.936261 1.15469 1.13287 0.912163 0.948132 0.910713 0.896224 1.14953 0.912836 0.873092 0.862315 0.83946 0.92404 1.28313 0.837865 0.777337
threshold=1376.8900000000001 0 1 2 2.5000000000000004 3 4 5 6 7 467.54500000000007 8 561.27500000000009 3.5000000000000004 9 10 1322.7350000000004 720.80000000000018 11 1240.0650000000003 12 4535.4100000000008 13 1.4999972783388438 4461.795000000001 1102.0650000000003 14 430.92000000000002 15 1.5000000000000002 16 2022.8000000000002 1306.3900000000001 633.62500000000011 827.43500000000006 -1.0000000180025095e-35 17 1.4209648442688601 18 0.96640520358339266 19 1.2440463250584692 1306.4600000000003 1.0000000180025095e-35 20 1408.4750000000001 21 6.5000000000000009 3214.9400000000001 3.5000000000000004 1130.1650000000002 22 23 717.85500000000013 1.0000000180025095e-35 24 2665.3100000000004 25 26 4982.5700000000006 2270.8450000000007 940.69500000000005
decision_type=2 1 9 1 2 1 1 9 9 9 2 9 2 2 1 9 2 2 9 2 1 2 9 2 2 2 9 2 1 2 9 2 2 2 2 2 9 2 9 2 9 2 2 2 9 2 1 2 2 2 2 9 9 2 2 9 2 9 9 2 2 2
left_child=1 11 -3 6 5 -5 7 22 31 16 -11 49 42 14 15 -14 -7 52 19 34 60 39 23 -2 29 41 -27 28 -10 30 -20 -6 -15 -31 40 -36 -12 -34 -22 -9 -8 -26 -13 -29 61 -46 47 -33 -48 50 -1 -25 -4 54 -54 -45 -23 -19 -59 -60 -21 -24
right_child=3 2 17 4 8 9 18 21 27 10 36 12 13 32 -16 -17 -18 57 24 20 38 56 44 51 25 26 -28 43 -30 33 -32 46 37 -35 35 -37 -38 -39 -40 -41 -42 -43 -44 55 45 -47 48 -49 -50 -51 -52 -53 53 -55 -56 -57 -58 58 59 -61 -62 -63
leaf_value=0.062089600296278392 -0.16352712011059264 0.33895708168748001 0.34076166459800028 0.037495121193328367 0.36856912237729206 -0.93218783840853048 -0.055102303986446804 -0.088389584363917043 0.0096535217442142787 0.073578358447035516 0.064414047272190716 0.28851261931014088 -0.20619390827348572 0.061705537013216905 -0.083283593770618586 -1.1955081813355606 0.0037786417783825855 0.23265699722208436 0.0092233509995070413 0.44417880385188546 0.43143047634308324 -0.31757768082688576 1.1389062820722351 0.52896242762507839 0.05300004636385483 0.034320385314764938 -0.086291304218674328 -0.38595155664644526 -0.2559440398942357 0.035259541942790441 -0.058671262181192854 -0.05086044486659063 -0.34611785761666497 -0.3708421006445386 -0.76411133198229342 -0.00066726185396479573 -0.45961625062258271 -0.016189542662424072 1.0473754045916106 0.38819871602118011 0.43046405592222325 -0.50492977506133496 -1.1683299644248375 -0.15993307947809032 -0.087885740583630245 0.58268407012786128 0.004044299384795824 0.20689275234007637 -0.16852493904282109 0.11187018458125074 -0.81726977915759724 -0.15455699313907267 -0.39145796552702594 -0.40719724640284022 0.025524917346143639 0.027402469994388137 0.043826747566313606 0.1717050494411316 -0.20796153289794761 0.21622969965558703 -0.50145348136790158 0.24158072317185422
leaf_weight=220 88 375 140 419 177 175 219 48 119 260 114 268 116 309 353 100 43 431 9223 177 130 27 59 100 24 605 835 29 245 54 2271 109 46 142 22 3051 501 68 211 1214 522 106 23 120 182 43 537 168 34 192 30 270 92 48 796 812 136 287 147 25 38 63
leaf_count=220 88 375 140 419 177 175 219 48 119 260 114 268 116 309 353 100 43 431 9223 177 130 27 59 100 24 605 835 29 245 54 2271 109 46 142 22 3051 501 68 211 1214 522 106 23 120 182 43 537 168 34 192 30 270 92 48 796 812 136 287 147 25 38 63
internal_value=1.07949e-05 0.000645122 0.00200191 -9.58904e-05 -0.00113195 -0.00287129 0.000103207 0.00174989 0 -0.00428345 -0.00299831 -0.00117232 -0.00213156 -0.00316583 -0.00504808 -0.0100437 -0.00876623 0.0012759 -0.00010344 0.000678759 0.00322004 0.00313804 -0.00065709 -0.00249469 -0.000365403 -0.00176414 -0.0011781 -0.00133595 -0.00395095 -0.000173181 -9.78516e-05 0.00169798 -0.000498826 -0.00427136 0.000294734 -0.000125975 -0.00455097 -0.00491453 0.0052613 0.00373518 0.00210013 -0.00770677 0.00114796 -0.000298237 0.00163194 -0.000157563 0.000822562 0.00314655 -0.000278253 0.00148352 -0.000296443 -0.00100536 0 -0.00052687 -5.61167e-05 0 -0.000978916 0.00277156 0.00103284 -0.00162162 -5.48246e-05 0.005
internal_weight=27788 4066 2341 23722 3862 1512 19860 2230 2350 1093 875 1725 1283 992 569 216 218 1966 17630 4370 556 1425 805 458 13260 1570 1440 1325 364 11690 11494 1025 423 196 3814 3073 615 114 341 1262 741 130 291 961 347 225 848 277 571 442 250 370 1076 936 888 932 163 890 459 172 215 122
internal_count=27788 4066 2341 23722 3862 1512 19860 2230 2350 1093 875 1725 1283 992 569 216 218 1966 17630 4370 556 1425 805 458 13260 1570 1440 1325 364 11690 11494 1025 423 196 3814 3073 615 114 341 1262 741 130 291 961 347 225 848 277 571 442 250 370 1076 936 888 932 163 890 459 172 215 122
cat_boundaries=0 1 3 4 5 6 8 10 12 14 15 16 18 19 20 22 23 25 27 28 30 32 33 35 37 39 41 42
cat_threshold=2448 380674064 1049355 1 704 256 101634158 41632 298353501 131728 2148274240 262201 8663377 6145 256 4 1313100554 696952 89 25 2695921664 5251 2752 537624821 266371 67108892 16384 3 266760 8 32 33408 616 67670018 32 2147483744 98304 1310720 32800 554434688 262160 28
is_linear=0
shrinkage=0.05


Tree=104
num_leaves=63
num_cat=15
split_feature=19 1 1 11 1 19 1 18 7 1 17 6 1 10 1 4 7 16 19 1 0 17 21 19 10 15 1 21 10 16 7 18 18 10 16 20 16 20 17 17 4 21 1 21 19 21 21 21 17 7 16 7 7 21 4 18 1 21 19 17 20 20
split_gain=0.792167 2.09468 1.27972 1.44886 1.61038 1.47687 1.43668 1.28169 1.24461 1.88972 1.21412 1.17043 1.15231 1.11024 1.09004 1.29274 1.3583 1.06885 2.69211 1.2102 1.04602 1.41604 1.02237 1.6463 0.951089 1.45451 1.03984 1.97689 1.42959 0.997536 0.943948 1.27173 1.04675 0.841151 0.841041 3.51255 1.19988 0.827916 0.809069 0.808825 0.779393 0.764909 0.75563 0.948861 0.789815 0.787042 0.741245 0.700486 0.687926 1.0607 0.92255 0.632529 1.42596 3.03432 1.39128 1.49609 0.985594 0.989587 0.860269 0.835288 1.1657 1.32962
threshold=1589.1250000000002 0 1 1015.3900000000001 2 900.41999999999985 3 0.47163670876965708 446.11500000000007 4 1.1705396739282936 6391.4700000000003 5 521.0100000000001 6 7 422.80000000000001 2.7000005671441598 629.20500000000004 8 9 3.309924417575453 50.527777777777786 2631.150000000001 1407.8200000000002 9.5000000000000018 10 88.309523809523824 228.72000000000003 1.9565248877516537 117.73500000000001 0.66317048663784928 0.82446829119157428 270.17500000000013 1.3988091653221564 78.500000000000014 1.4209648442688601 195.50000000000003 0.95997762378332074 0.75553993279761522 11 106.07142857142858 12 174.16666666666671 2374.6800000000007 90.062500000000014 121.08333333333336 202.16666666666671 2.1207550941459945 358.89000000000004 1.6449558309643295 412.55000000000007 285.94500000000005 75.292857142857159 13 0.14270484724171437 14 71.683333333333351 2699.8750000000005 1.9586877231193094 55.500000000000007 63.500000000000007
decision_type=2 9 9 2 9 2 9 2 2 9 2 2 9 2 9 9 2 2 2 9 1 2 2 2 2 2 9 2 2 2 2 2 2 2 2 2 2 2 2 2 9 2 9 2 2 2 2 2 2 2 2 2 2 2 9 2 9 2 2 2 2 2
left_child=2 51 8 4 48 14 7 -7 9 24 -8 20 -10 -14 15 -5 -17 19 -19 -16 -11 -22 38 42 26 29 28 -28 -1 -26 33 37 -33 -6 35 -15 -36 -32 39 -3 -9 -25 43 45 -44 -24 -43 -12 49 -4 -50 52 54 -54 56 -56 57 -2 -57 -53 -61 -62
right_child=1 22 3 5 30 6 10 40 12 11 47 -13 13 34 17 16 -18 18 -20 -21 21 -23 23 41 25 -27 27 -29 -30 -31 31 32 -34 -35 36 -37 -38 -39 -40 -41 -42 46 44 -45 -46 -47 -48 -49 50 -51 -52 59 53 -55 55 58 -58 -59 -60 60 61 -63
leaf_value=1.7194080183208009 -0.022814376128560323 -0.040161624840190951 0.51024438597747446 0.008545930624613441 -0.21711167139438042 -2.0301399783636174 0.0050324633309132066 -0.21106762121173295 0.16627548706624895 0.0591004786974203 -0.37961688745864475 -0.41581131519243597 0.56050428254474294 -0.0011499999494917646 0.0019836731527139938 -0.34252175644263655 -0.062038567768780875 -0.058461374205299954 0.56487566364817199 0.09988808826188933 -0.05108007067863643 0.19156284763923204 0.1276737387062267 0.49368459152338656 -0.26356320758329677 0.041826767685773272 0.0060091749255032139 -0.75812223569459281 -0.029052647100686446 -0.15966900248027574 -0.15620965784137414 1.0578821515251129 -0.051223079152369788 0.23605857241906608 0.38212116790336276 -0.55950306302894004 0.036075981549176461 0.50022859937363828 0.00084875822187364675 -0.24175361946769847 0.10104427941422918 -0.12321838202823764 0.35271481123752085 0.63889983303509013 -0.08703277775289156 -0.78569215830016648 0.84335454092942674 0.056912501492331916 -0.58608912082828601 -0.69193618983858107 2.0327753423093533 -0.30225070066051107 0.18765797437155918 -0.54240508926440023 0.27030601981244989 0.035922154340654801 -0.20596257719520372 1.4643522806087301 -0.14743111488642272 -0.16770826702449018 0.78753567877155417 -0.043625078633502318
leaf_weight=38 75 53 105 528 56 34 134 139 1289 1829 488 35 206 708 1602 162 552 2327 334 767 1463 268 63 124 209 96 138 104 730 82 524 59 42 116 45 61 6570 191 1323 36 234 22 296 87 47 135 102 58 20 54 184 405 251 92 91 244 496 41 74 699 38 413
leaf_count=38 75 53 105 528 56 34 134 139 1289 1829 488 35 206 708 1602 162 552 2327 334 767 1463 268 63 124 209 96 138 104 730 82 524 59 42 116 45 61 6570 191 1323 36 234 22 296 87 47 135 102 58 20 54 184 405 251 92 91 244 496 41 74 699 38 413
internal_value=2.33889e-05 -0.00053023 0.000153317 -0.000318124 0.00117245 -0.000599362 -0.00230505 0 0.000452859 -0.00017017 -0.00367965 0.000426136 0.000809221 0.000562278 -0.000294821 -0.00161355 -0.00299175 2.47868e-05 -0.000652215 0.000806282 0.000533258 -0.000324394 0.000586701 0.00193402 -0.00172872 -0.00387821 -0.000863771 -0.00362745 0 -0.00565476 4.995e-05 -0.000610501 0.00444712 0.00342857 0.000453499 -0.00108484 0.000640299 -0.00141017 -0.000212014 -0.00475543 0.000964096 0.00537849 0.000475436 -0.00130034 0.00207163 -0.00335821 0.0019685 -0.00478142 0.00395612 0.00115741 0.00603865 -0.00141968 -0.000585223 0.0021315 -0.00155029 0.000622038 -0.00304 0.000775194 -0.000856698 -0.00212612 -0.001366 0.000523128
internal_weight=27788 5207 22581 8710 1351 7359 1087 407 13871 4992 680 3595 8879 7590 6272 1242 714 5030 2661 2369 3560 1731 2288 876 1397 387 1010 242 768 291 988 816 101 172 7384 769 6615 715 1412 89 373 248 628 285 343 198 124 546 363 159 204 2919 1364 343 1021 409 612 116 318 1555 1150 451
internal_count=27788 5207 22581 8710 1351 7359 1087 407 13871 4992 680 3595 8879 7590 6272 1242 714 5030 2661 2369 3560 1731 2288 876 1397 387 1010 242 768 291 988 816 101 172 7384 769 6615 715 1412 89 373 248 628 285 343 198 124 546 363 159 204 2919 1364 343 1021 409 612 116 318 1555 1150 451
cat_boundaries=0 2 4 6 8 10 12 14 15 17 18 20 21 23 24 26
cat_threshold=2971210648 791050 4111549329 930395 35651654 1083428 425996 1097760 1065856 270337 1091568384 401409 167772164 1083684 50 791650 65664 1 1048704 1 24 100663361 32929 26 0 512
is_linear=0
shrinkage=0.05


Tree=105
num_leaves=63
num_cat=23
split_feature=4 1 15 2 10 11 16 1 20 2 1 16 18 10 11 1 20 23 2 6 1 9 1 16 16 1 9 9 20 21 2 1 1 0 2 2 16 9 6 11 2 16 4 21 2 16 11 9 20 20 20 18 18 18 20 21 2 1 1 15 21 10
split_gain=0.797204 2.36549 1.243 1.73899 1.83849 1.36111 1.17924 1.45522 1.42194 1.40281 1.17637 1.09416 1.23213 1.04004 1.02853 1.00624 1.22385 1.38987 1.24324 1.52783 1.3914 1.33093 1.22002 1.14868 1.3805 1.06332 0.9894 0.980447 0.975423 0.973561 1.26988 2.0129 1.21123 1.21853 4.19323 1.20455 1.47997 1.41739 1.12492 1.2277 1.10335 0.970297 0.959792 0.923949 0.873682 1.00813 0.964517 1.13116 0.967505 0.931444 0.870906 0.870429 1.77816 0.929389 0.889168 1.80762 0.87345 1.12952 1.10924 0.829086 0.817382 0.793907
threshold=0 1 3.5000000000000004 2 1189.3200000000004 3147.7850000000003 1.6499127846150146 3 115.50000000000001 4 5 1.2857160831267309 1.9438401885638208 3984.8800000000006 6130.0350000000008 6 294.50000000000006 1.5000000000000002 7 2012.74 8 185.77500000000001 9 1.0259301214029921 0.59992715140602326 10 1979.615 565.15500000000009 177.50000000000003 85.309523809523824 11 12 13 14 15 16 1.1133986672467178 1640.4450000000002 4496.4800000000005 2131.2650000000008 17 0.98673443719012333 18 75.292857142857159 19 -1.0000000180025095e-35 1426.3450000000003 1260.9650000000004 160.50000000000003 83.500000000000014 215.50000000000003 1.4502568462341219 2.0557161043590901 1.3792499246489391 60.500000000000007 86.354166666666671 20 21 22 4.5000000000000009 111.08333333333336 726.9100000000002
decision_type=9 9 2 1 2 2 2 9 2 1 9 2 2 2 2 9 2 2 1 2 9 2 9 2 2 9 2 2 2 2 1 9 9 1 1 1 2 2 2 2 1 2 9 2 1 2 2 2 2 2 2 2 2 2 2 2 1 9 9 2 2 2
left_child=1 13 3 5 10 28 9 8 14 -4 60 -11 -13 51 -8 16 18 -18 19 21 23 -2 41 24 -20 -23 -24 -12 43 30 31 38 35 40 -35 36 -32 -37 39 -17 -34 -21 -25 -3 46 -46 48 -48 49 -31 -50 53 54 56 59 -56 58 -58 -1 -53 -5 -30
right_child=15 2 6 4 -6 -7 7 -9 -10 11 27 12 -14 -15 -16 29 17 -19 20 22 -22 25 26 42 -26 -27 -28 -29 61 44 32 -33 33 34 -36 37 -38 -39 -40 -41 -42 -43 -44 -45 45 -47 47 -49 50 -51 -52 52 -54 -55 55 -57 57 -59 -60 -61 -62 -63
leaf_value=-0.3901816728828349 -0.77156936866503278 0.0028580884444258103 0.023889243707443965 -0.19438556834641504 -0.73600139108199369 -0.489405039137983 0.20477682320413426 0.25644833248488291 -0.39026906950216073 -0.014422490988314253 -0.66544531134130969 -0.13637352431114724 -0.71586664457025617 0.16176103207492246 -0.24125636445072496 -0.1558862336545529 1.4335847618012751 -0.56296973456162436 0.0018850440804506264 -0.48463496051352845 0.16053857608627242 -0.12366743549271125 0.02801394677255882 -0.051230564230574149 -0.19212773504614289 0.17249751366566279 -0.19174425740173842 -0.023657569223247955 -1.1643382334664401 -0.29542118031650233 0.053040886485944717 0.084133497303016211 0.12280329511768384 -0.26857915898065948 -0.001662194769654235 -0.16896383135103221 -0.34540634543592807 0.36845727510935045 -0.45986626472827563 0.18686205944050319 -0.0093549972091935274 -0.08324234198765873 0.065976405924849768 0.62994456260630638 -0.34047104725598748 0.064328902949016081 0.10585205153665421 -0.74247774213503837 -1.0897339043527148 1.0064731438625214 -0.17538953835744026 0.15710014526804761 0.05857058883340352 0.41676476042576616 0.13484149697681655 -0.86277288003372599 -0.035866604397939296 0.092979637542289467 0.045316214837740003 -0.27020396681992198 0.57939067755055262 2.8108768083660722
leaf_weight=170 24 191 248 155 240 24 131 212 42 113 107 96 37 79 26 217 422 95 261 69 1617 116 1282 904 201 752 163 86 44 37 74 1340 646 590 1601 329 296 78 35 104 4166 948 2088 94 34 4331 247 52 33 64 35 20 204 33 82 73 566 1052 223 65 91 33
leaf_count=170 24 191 248 155 240 24 131 212 42 113 107 96 37 79 26 217 422 95 261 69 1617 116 1282 904 201 752 163 86 44 37 74 1340 646 590 1601 329 296 78 35 104 4166 948 2088 94 34 4331 247 52 33 64 35 20 204 33 82 73 566 1052 223 65 91 33
internal_value=1.79914e-06 -0.000601648 -0.00190368 -0.00307818 -0.00457009 -0.00018797 -0.000481828 0.00141908 -0.00147406 -0.00216298 -0.00251697 -0.00472973 -0.00799632 0.000382752 0.000390625 0.00012197 0.000538805 0.00290865 0.000387103 -0.000348975 0.000882671 0.00139665 -0.00100406 0.000295645 -0.00198925 0.00177956 -2.57202e-05 -0.00527913 0.000479452 -0.000135281 -0.000432535 0.000789936 -0.000705762 -0.000486388 -0.00146422 -0.00257911 -0.00463446 -0.000505952 -0.00243902 -0.00135031 -3.11526e-05 -0.00231796 0.00066778 0.00195312 0.000436828 0.000665258 -0.00155925 0 -0.00457849 -0.000841346 -0.00915493 0.00018065 -0.00178971 0.000635076 -0.00473251 -0.00197785 0.000465492 0.000996321 -0.0015702 -0.00894886 0 -0.00421875
internal_weight=27788 4537 1970 1065 679 386 905 411 199 494 439 246 133 2567 157 23251 8942 517 8425 3354 5071 892 2462 3454 462 868 1445 193 362 14309 9476 1696 7780 7003 2191 777 370 407 356 321 4812 1017 2992 285 4833 4365 468 299 169 101 68 2488 444 2044 240 155 2011 1618 393 85 246 77
internal_count=27788 4537 1970 1065 679 386 905 411 199 494 439 246 133 2567 157 23251 8942 517 8425 3354 5071 892 2462 3454 462 868 1445 193 362 14309 9476 1696 7780 7003 2191 777 370 407 356 321 4812 1017 2992 285 4833 4365 468 299 169 101 68 2488 444 2044 240 155 2011 1618 393 85 246 77
cat_boundaries=0 1 3 4 5 6 8 10 11 13 15 17 18 20 22 23 24 25 26 27 28 29 31 33
cat_threshold=1 896438331 28807 680 2155872452 1071 8388800 528 3573630929 2073689 91 2214659793 9217 2231371584 1409048 16777472 65537 1537 49283080 20480 134873120 2308 1 258 228 256 4 3072 2049 17698825 132 536870912 16384
is_linear=0
shrinkage=0.05


Tree=106
num_leaves=63
num_cat=16
split_feature=6 2 1 1 23 12 2 21 1 20 2 1 4 1 1 22 1 20 21 21 20 14 11 20 21 10 1 6 20 1 18 20 6 20 18 1 18 1 18 21 17 18 23 21 10 17 20 17 1 20 10 20 17 21 20 21 20 17 20 17 11 22
split_gain=0.738542 3.82513 2.28025 2.19411 1.35819 1.50948 2.41506 6.23122 1.2414 1.4566 1.20498 2.7294 1.81326 3.35392 2.24511 1.72947 1.87507 1.69738 1.62845 1.41511 1.41086 1.69969 1.56988 1.16442 1.24301 1.15219 1.12703 1.12646 2.05124 1.86002 1.30499 1.36644 1.09635 1.0819 1.3461 1.62567 1.60817 1.07745 1.32759 1.14763 1.06759 1.92082 1.62485 1.04541 1.03285 1.02526 1.26854 1.25706 0.999973 0.993791 0.992738 0.97324 0.95786 0.914026 0.898661 1.12091 1.30187 1.00214 1.39255 1.34366 0.896811 0.88565
threshold=1376.8900000000001 0 1 2 8.5000000000000018 1.0000000180025095e-35 3 75.292857142857159 4 153.50000000000003 5 6 7 8 9 35.529096056776531 10 316.50000000000006 90.937500000000014 87.071428571428584 63.500000000000007 1.5000000000000002 1847.9600000000003 162.50000000000003 89.464285714285737 647.47500000000014 11 1734.8500000000001 252.50000000000003 12 2.4537066013769748 16.500000000000004 5898.4900000000007 166.50000000000003 1.3792499246489391 13 1.2502114145885066 14 2.2967981627535248 51.519230769230781 1.2976277979716879 1.3627821321512077 7.5000000000000009 34.341666666666676 1620.3850000000004 0.81103141465805295 260.50000000000006 1.8128327382960161 15 27.500000000000004 3795.5500000000006 79.500000000000014 2.2025288160547909 121.08333333333336 131.50000000000003 79.7638888888889 182.50000000000003 1.7486267011887235 27.500000000000004 1.1894128112404341 1898.5450000000003 7.1879154854981033
decision_type=2 1 9 9 2 2 1 2 9 2 1 9 9 9 9 2 9 2 2 2 2 2 2 2 2 2 9 2 2 9 2 2 2 2 2 9 2 9 2 2 2 2 2 2 2 2 2 2 9 2 2 2 2 2 2 2 2 2 2 2 2 2
left_child=1 2 40 54 5 52 7 -7 -5 53 11 33 13 15 17 18 19 50 26 -17 22 -22 25 -11 -25 -15 -12 28 29 -16 48 -32 -24 34 36 43 49 38 -13 -40 -1 51 -43 -36 -8 -35 -47 -48 -29 -2 -14 -42 -4 -10 57 -56 -57 59 -59 -3 -18 -52
right_child=10 3 4 8 -6 6 44 -9 9 23 12 37 14 20 27 16 60 -19 -20 -21 21 -23 32 24 -26 -27 -28 30 -30 -31 31 -33 -34 45 35 -37 -38 -39 39 -41 41 42 -44 -45 -46 46 47 -49 -50 -51 61 -53 -54 -55 55 56 -58 58 -60 -61 -62 -63
leaf_value=0.025885193776050832 0.055193644376723944 0.029216661381019637 -0.061052216949465346 0.65557236683142706 0.11627027088248454 -0.50114040578960373 0.059828163217627808 0.51899758503377924 0.10992699574274437 -1.1596781780122769 -0.34322800200328685 0.18407367988007756 -0.1170862052776343 0.64279236751234103 0.11178803894581263 -0.3335130036814678 -1.0765690574213065 1.9256031678992045 0.44471212916530728 0.23577454257479077 0.36788663308364883 -0.15963547434967451 0.3115093333830759 0.85653410772007765 -0.31884852851434264 -0.05624358433279824 -0.0018038356377875432 0.03747499926948912 -1.72328579782969 -0.1695155648025656 -0.49936084096088618 -0.031108344546110802 -0.0066625228248029141 -1.6238399362163829 -0.085618345698575959 -0.071916492762447257 -0.51429103397602616 0.026155821010799076 -0.3747800912760722 0.47048508435977543 0.7347845589315678 -0.99259871573331504 0.0036828340996814648 0.48521185180030102 -0.22740147021540694 0.55923450243226114 -0.8161611268130905 0.16495274141312227 -0.013400251435660638 -0.099858855964258281 -0.18390389377073557 -0.53064128929099585 1.2955990793480936 1.4358391113405677 -0.74672698499872303 -0.37336315120955704 2.0201509104537938 -0.2407967083502067 0.42560028100442598 -0.17359143640725183 -0.35022756240549024 0.027246188576573439
leaf_weight=76 447 144 63 219 213 188 724 149 895 37 111 1352 2521 87 302 64 68 150 392 145 568 143 250 156 146 148 930 1941 53 478 24 185 32 20 23 275 103 4944 33 31 74 88 30 117 155 225 27 163 5740 1280 35 90 66 125 74 37 38 59 106 114 142 173
leaf_count=76 447 144 63 219 213 188 724 149 895 37 111 1352 2521 87 302 64 68 150 392 145 568 143 250 156 146 148 930 1941 53 478 24 185 32 20 23 275 103 4944 33 31 74 88 30 117 155 225 27 163 5740 1280 35 90 66 125 74 37 38 59 106 114 142 173
internal_value=0 0.000620546 -0.000984966 0.00206889 -0.000111394 -0.000732567 -0.00131255 -0.00482143 0.00303268 0.00235969 -0.000108535 0.000342428 -0.000389588 0.000678952 -0.000678003 -0.000643432 -0.00346564 -0.00188883 0.000147981 0 0.00269944 0.00117297 0.00473558 -0.000328947 0.00057377 0.00141807 -0.000850096 -0.000270433 -0.00201854 -0.00127714 -7.91841e-05 -0.00395047 0.0072807 -0.000984033 -0.00144017 0.00104665 -0.00203219 0.000910089 0.00213436 -0.00447761 -0.00451482 -0.00605263 -0.0109504 0.00522876 4.20404e-05 0.00122717 0.00188397 -0.000906736 2.11478e-05 -0.00162572 -0.00219162 -0.00209581 0.00426136 0.00332356 -0.000512821 -0.00386513 0 0.000557512 0.00364583 -0.00124521 -0.00661435 0.000947867
internal_weight=27788 4066 1916 2150 1558 1345 1216 337 1578 1359 23722 9040 14682 3080 11602 1852 419 2879 1433 209 1228 711 517 339 302 235 1041 8723 833 780 7890 209 282 2680 2245 415 1830 6360 1416 64 358 282 118 140 879 435 415 190 7681 1727 2729 164 129 1020 572 149 75 423 165 258 210 208
internal_count=27788 4066 1916 2150 1558 1345 1216 337 1578 1359 23722 9040 14682 3080 11602 1852 419 2879 1433 209 1228 711 517 339 302 235 1041 8723 833 780 7890 209 282 2680 2245 415 1830 6360 1416 64 358 282 118 140 879 435 415 190 7681 1727 2729 164 129 1020 572 149 75 423 165 258 210 208
cat_boundaries=0 1 3 5 6 8 9 11 12 14 16 18 20 22 24 26 28
cat_threshold=2456 134791172 377472 17044236 284688 256 371236864 1114379 912 2385928230 37677 48 820413596 909474 64594273 1789188 537034768 278528 8553472 262144 2147483804 144 2506758 4096 272729872 1009728 1275346950 307720
is_linear=0
shrinkage=0.05


Tree=107
num_leaves=55
num_cat=1
split_feature=5 20 21 10 20 5 17 17 19 0 8 5 10 20 19 5 20 20 5 17 21 5 20 5 11 5 23 22 5 17 21 16 21 19 17 5 21 21 20 5 20 11 10 19 17 19 8 19 19 19 22 5 19 16
split_gain=0.933007 1.36946 1.8437 1.74656 0.857016 0.781211 1.37006 0.872254 0.753715 1.23504 1.56652 1.31528 1.23283 1.23549 1.07969 1.08092 1.14116 1.08803 0.98838 0.882788 0.881245 0.865773 2.01112 1.10367 0.865466 0.864655 0.847085 1.74489 1.60671 1.27184 3.60349 1.68398 1.24416 0.821764 0.804626 0.735557 0.632913 0.626864 0.803551 0.613752 0.592155 0.580914 0.577301 0.821996 0.568067 0.505561 0.387373 0.28556 0.70056 0.386552 0.632114 0.285015 0.276477 0.271661
threshold=12.500000000000002 46.500000000000007 51.519230769230781 1531.1400000000001 489.50000000000006 3.5000000000000004 1.2494552107107546 2.4999965299465616 900.41999999999985 0 467.53000000000009 160.50000000000003 3026.4100000000003 61.500000000000007 826.31000000000006 265.50000000000006 189.50000000000003 141.50000000000003 180.50000000000003 1.009888440397462 62.67948717948719 131.50000000000003 1.0000000180025095e-35 129.50000000000003 3407.1200000000003 81.500000000000014 7.5000000000000009 13.881158470225367 154.50000000000003 1.8181843054511293 35.159663865546229 0.6284070346888041 24.513888888888893 2400.5900000000006 2.9831836162386547 318.50000000000006 237.25000000000003 183.16666666666671 65.500000000000014 158.50000000000003 65.500000000000014 979.86500000000012 689.31000000000006 1740.3300000000002 1.7689159092971671 1214.5550000000003 467.53000000000009 1257.9650000000004 2310.0750000000012 873.81000000000006 16.978417559131092 74.500000000000014 1457.9150000000002 1.3804492515234035
decision_type=2 2 2 2 2 2 2 2 2 1 2 2 2 2 2 2 2 2 2 2 2 2 2 2 2 2 2 2 2 2 2 2 2 2 2 2 2 2 2 2 2 2 2 2 2 2 2 2 2 2 2 2 2 2
left_child=1 2 42 -4 8 6 -3 37 14 12 11 25 21 24 26 17 40 19 -13 -16 34 23 -23 -10 -14 -11 29 32 -29 30 -2 -31 -28 -15 -12 39 -19 38 53 46 -17 -40 43 -1 -8 -9 -6 49 -49 50 -44 -48 -22 -7
right_child=4 5 3 -5 35 7 44 45 9 10 20 18 13 33 15 16 -18 36 -20 -21 52 22 -24 -25 -26 -27 27 28 -30 31 -32 -33 -34 -35 -36 -37 -38 -39 41 -41 -42 -43 47 -45 -46 -47 51 48 -50 -51 -52 -53 -54 -55
leaf_value=-0.52398132294683286 -0.24726116040430066 0.41415835731665818 -0.12131989098318133 -0.74889025870365256 -0.5509882027212154 0.016045767912070508 -1.4073851198887952 0.024089361412235635 -0.024498851117926712 -0.30729371990029936 -0.53531460653089424 -0.70061164724251024 0.49206479887690957 -0.49942554126428312 -0.41035315920566656 -0.23416152866212486 -1.2502471373841662 1.1137595119939327 -0.077746071464796174 0.28491889357621875 0.27819148292158075 0.92060311699635511 0.0018290980486367126 -0.26454238769073735 -0.018613060223155831 0.31400999340162478 -0.014669861317188415 -0.02092637058702547 0.041571066850101437 -0.75212314762461641 -0.0038053990584644205 0.051798942219539956 0.077506490556713825 -0.20475203930776936 -0.26226953235281869 -2.8801250019682052 -0.18226143692143992 1.2539438194760741 0.63341320270601964 3.7605499493605077 0.46440854668665782 -0.060462212335706061 -0.19934042142319958 0.082540412055052137 -0.3576087985093962 -0.42067282058051769 5.1615456829907211 -1.1674390434615078 0.045785274687812821 1.6585012819167955 0.2033090091897127 0.32236837522208078 -1.1873999480348101 0.17596082565078947
leaf_weight=44 501 33 31 28 38 26 29 20 4070 85 40 38 22 38 29 36 40 130 175 235 36 562 4295 104 178 118 112 1612 1451 114 6367 5525 563 24 150 32 23 30 41 80 55 253 38 24 40 20 43 34 21 22 24 37 20 52
leaf_count=44 501 33 31 28 38 26 29 20 4070 85 40 38 22 38 29 36 40 130 175 235 36 562 4295 104 178 118 112 1612 1451 114 6367 5525 563 24 150 32 23 30 41 80 55 253 38 24 40 20 43 34 21 22 24 37 20 52
internal_value=3.59829e-05 -0.00162977 -0.0045539 -0.0122984 8.80249e-05 -9.14077e-05 -0.00404762 0.000730337 5.98108e-05 -0.000282436 -0.00236842 -0.000357995 -0.000127743 -0.00349057 0.000265688 0.00245009 -0.00121269 0.00372024 -0.00318287 0.00149813 -0.00552209 -2.35222e-05 0.000424383 -0.00055662 -0.00123153 0.0023665 0.000188485 0.000848704 0.000322081 -4.996e-06 -0.000465726 0.000547235 0.00315265 -0.00961538 -0.00712435 0.00311159 0.00713141 0.00154321 0.0008 0.00435323 0.00146277 -0.000252525 -0.00196429 -0.0056338 -0.00815972 -0.00581395 0.00144628 0 -0.00280172 0.00172414 0 0.00361446 0 0.00524691
internal_weight=27788 810 266 59 26978 544 102 442 26748 9955 662 416 9293 262 16793 548 131 417 213 264 246 9031 4857 4174 200 203 16245 3738 3063 12507 6868 5639 675 62 190 230 153 402 372 198 91 294 207 68 69 40 118 139 55 84 62 80 56 78
internal_count=27788 810 266 59 26978 544 102 442 26748 9955 662 416 9293 262 16793 548 131 417 213 264 246 9031 4857 4174 200 203 16245 3738 3063 12507 6868 5639 675 62 190 230 153 402 372 198 91 294 207 68 69 40 118 139 55 84 62 80 56 78
cat_boundaries=0 1
cat_threshold=1
is_linear=0
shrinkage=0.05


Tree=108
num_leaves=63
num_cat=1
split_feature=6 5 5 22 20 21 17 18 11 21 17 5 7 10 10 10 8 22 16 8 21 7 7 20 5 5 21 5 5 8 9 10 7 18 10 22 22 11 6 6 21 20 20 5 20 18 22 6 17 20 21 3 20 20 8 5 20 10 11 10 22 22
split_gain=0.750371 1.87321 6.81365 12.1718 5.28894 2.63255 1.62421 1.16356 2.17186 1.09654 1.13654 1.00537 0.996144 0.941342 0.848532 0.826787 0.815517 0.733804 1.0663 1.46268 1.27511 0.721418 0.898803 1.65505 0.901194 1.60493 1.6713 0.956898 1.41917 1.10021 0.744005 0.710315 0.940169 0.698811 0.906067 0.68916 1.2328 1.25797 0.925052 0.74361 0.796915 0.676161 0.666777 0.830268 1.47642 1.52104 0.794437 0.818345 0.687816 0.649243 0.630742 0.896708 0.992682 0.630708 0.614119 0.57072 0.539931 0.497393 0.77439 0.462067 0.418029 0.376057
threshold=1376.8900000000001 180.50000000000003 159.50000000000003 1.4571067811865479 179.50000000000003 45.516666666666673 2.3011577898489342 0.53060702702627494 436.20500000000004 250.16666666666671 1.9228163228310273 10.500000000000002 302.49000000000007 1419.9000000000003 647.47500000000014 909.45500000000015 454.0750000000001 10.608303208806563 1.0639388779364871 223.16500000000002 57.035714285714292 945.40500000000009 928.81500000000017 112.50000000000001 350.50000000000006 355.50000000000006 49.550505050505059 326.50000000000006 299.50000000000006 530.55000000000007 384.52500000000003 330.69000000000005 436.56500000000005 1.1528548433283785 603.42500000000007 18.824935689339686 26.79195804226525 2881.8400000000006 2012.74 4168.3500000000013 145.12500000000003 69.500000000000014 362.50000000000006 101.50000000000001 1.0000000180025095e-35 0.70761521461351728 65.04741828570269 7388.420000000001 1.9228163228310273 27.500000000000004 110.07142857142858 0 7.5000000000000009 388.50000000000006 1008.6350000000001 310.00000000000006 196.50000000000003 1776.7700000000002 4535.4100000000008 1500.5450000000003 19.801514932551893 74.618387021930147
decision_type=2 2 2 2 2 2 2 2 2 2 2 2 2 2 2 2 2 2 2 2 2 2 2 2 2 2 2 2 2 2 2 2 2 2 2 2 2 2 2 2 2 2 2 2 2 2 2 2 2 2 2 1 2 2 2 2 2 2 2 2 2 2
left_child=1 2 6 4 14 -5 13 8 12 10 17 35 -8 31 -4 61 -10 54 19 -19 -20 22 24 -24 27 26 -26 28 -13 -29 -27 -1 -33 34 -7 38 -37 -38 -2 40 -40 -39 43 46 -45 -46 47 -23 -48 -17 51 52 -12 -44 -3 -55 -53 60 -59 -35 -15 -9
right_child=11 9 3 5 -6 33 7 15 16 -11 50 21 -14 57 -16 49 -18 18 20 -21 -22 42 23 -25 25 30 -28 29 -30 -31 -32 32 -34 59 -36 36 37 41 39 -41 -42 -43 53 44 45 -47 48 -49 -50 -51 -52 56 -54 55 -56 -57 -58 58 -60 -61 -62 -63
leaf_value=0.12072949117645609 0.36398011183642476 -0.0005995111934742781 -0.59852710075845239 -0.16866870872870152 1.1987937094977876 0.2897871911438929 -0.0051878857668230978 0.62946261377279833 -0.82353794449971796 -0.91951715227959174 -0.059422115223242949 -0.0019130758393373526 3.0790060674315907 0.25634754328438164 -1.4453093186074939 -0.19946888243719219 -0.26764365568430615 0.054317295519569299 0.15964415867470994 -0.42057495726144989 0.064901235124503395 -0.05818658000998287 -0.46661191785164668 0.39714185854738526 0.05809550985235528 1.2947934215992885 -0.68180491284685507 0.088492541118807555 -0.13926206743694911 -0.01225311804293483 -0.042055377442558675 -0.20495804539350734 0.077880417758046869 0.98008361148148182 -0.50167283195723444 0.17673619291238563 0.024554010587731191 -0.64328896434380489 -0.51274118217610665 0.043496010953422017 0.044904968008889573 -0.61403281922961139 3.3643112415631951 1.5757521695654149 -0.18826463023561898 0.036691323127939594 0.93168579382521954 0.20168397377409095 0.0077979158523700633 0.16431791802042151 1.2866279365819329 -0.056297112426054334 0.80607797678175364 1.5555375756874383 -0.45037642021826402 -4.4488169234458939 2.1368954528574298 -0.067513247348350097 0.075083810474553619 0.013575662107197673 0.046416524591638364 0.0767816805429547
leaf_weight=131 34 316 31 35 26 26 55 162 38 37 58 14825 45 61 66 76 46 54 182 42 371 1483 94 43 58 31 100 650 1131 442 196 499 309 68 20 55 90 24 136 25 26 26 63 377 499 2939 63 49 87 211 127 188 245 151 23 25 38 175 126 41 117 21
leaf_count=131 34 316 31 35 26 26 55 162 38 37 58 14825 45 61 66 76 46 54 182 42 371 1483 94 43 58 31 100 650 1131 442 196 499 309 68 20 55 90 24 136 25 26 26 63 377 499 2939 63 49 87 211 127 188 245 151 23 25 38 175 126 41 117 21
internal_value=2.87863e-05 0.00065741 -0.000225084 -0.0070807 -0.0191468 0.000647668 0.000795181 0.00285388 -0.00026738 0.00193735 0.00215543 -7.69231e-05 0.00436893 -0.000123153 -0.024375 0.00417548 -0.00632184 0.00100908 0.00201304 -0.00252525 0.00290018 -3.11039e-05 -0.000192056 -0.00419643 -0.000157003 -0.0025451 -0.00636646 -9.97009e-05 -0.000200514 0.0013242 0 -0.00107484 -0.00166461 0.00371835 -0.000510204 -0.00250597 -6.31313e-05 -0.0027972 -0.00440848 -0.00585526 -0.00712121 -0.00896226 0.000453041 0.000329545 0.00074319 0.000399593 -0.000578635 -0.000944625 0.00277778 0.00219828 0.00379363 0.00284305 0.00454905 0.00304752 -0.000767544 0.00111732 0.000104603 0.00163382 0.000205592 0.00591518 0.00372928 0.00692204
internal_weight=27788 4066 2385 313 123 190 2072 654 184 1681 1644 23722 100 1418 97 470 84 988 649 96 553 23306 17570 137 17433 385 158 17048 15956 1092 227 939 808 155 46 416 195 140 221 187 162 50 5736 5497 3815 3438 1682 1532 150 287 656 529 303 239 339 176 226 479 301 109 178 183
internal_count=27788 4066 2385 313 123 190 2072 654 184 1681 1644 23722 100 1418 97 470 84 988 649 96 553 23306 17570 137 17433 385 158 17048 15956 1092 227 939 808 155 46 416 195 140 221 187 162 50 5736 5497 3815 3438 1682 1532 150 287 656 529 303 239 339 176 226 479 301 109 178 183
cat_boundaries=0 1
cat_threshold=10
is_linear=0
shrinkage=0.05


Tree=109
num_leaves=63
num_cat=19
split_feature=5 1 7 21 21 4 6 1 1 2 5 8 7 1 1 21 6 10 2 6 2 8 1 1 10 13 7 1 1 4 1 2 2 17 17 23 17 5 17 5 17 8 10 1 5 17 10 23 5 7 1 17 21 7 5 10 6 10 17 5 15 17
split_gain=0.908182 2.40549 2.87574 1.61576 1.399 1.31052 0.789089 2.00031 1.94993 1.60662 1.40633 1.38445 1.80656 1.5758 1.24152 1.23321 1.16771 1.06871 1.4857 1.06536 1.88799 1.73122 1.47064 1.04812 1.2632 1.6157 1.14203 1.82558 1.55372 0.970619 1.54698 1.09399 0.967118 1.51366 1.35318 0.963106 1.29384 1.01566 1.01075 0.94625 0.936416 0.84846 0.952072 0.847899 1.14942 0.813693 0.788528 1.01799 0.778527 0.77648 0.77068 0.766508 0.74477 0.690601 0.67921 0.723845 0.613675 0.601054 0.564142 0.522118 0.507307 0.499123
threshold=12.500000000000002 0 137.89500000000001 141.77500000000003 132.29166666666671 1 3056.7900000000004 2 3 4 15.500000000000002 1240.0450000000003 1145.9650000000001 5 6 99.062500000000014 1734.8500000000001 1897.6950000000004 7 2012.74 8 453.93500000000006 9 10 1208.6900000000003 1.5000000000000002 627.74500000000012 11 12 13 14 15 16 1.0909945851148015 1.7689159092971671 3.5000000000000004 1.7358949984861753 319.50000000000006 1.6409819565172425 165.50000000000003 2.4806825284506257e-05 108.06500000000001 1455.2150000000004 17 78.500000000000014 1.1428541970209334 2873.3150000000005 2.5000000000000004 259.50000000000006 342.00500000000005 18 1.8662752725601452 72.105555555555569 792.58000000000015 186.50000000000003 1966.4550000000004 1376.8900000000001 647.47500000000014 2.0296710988017153 251.50000000000003 4.5000000000000009 1.1511036076486525
decision_type=2 9 2 2 2 9 2 9 9 1 2 2 2 9 9 2 2 2 1 2 1 2 9 9 2 2 2 9 9 9 9 1 1 2 2 2 2 2 2 2 2 2 2 9 2 2 2 2 2 2 9 2 2 2 2 2 2 2 2 2 2 2
left_child=1 2 -1 5 51 -4 8 9 19 43 -9 12 14 15 -10 16 -13 -15 -19 20 41 22 -22 24 -12 -26 28 -28 -25 30 39 -32 34 -34 -31 36 37 -11 45 -21 -16 -2 -43 44 -8 -37 47 -14 -17 -7 -38 -3 -40 -6 61 -56 -51 -5 -53 -46 -23 -45
right_child=6 4 3 57 53 49 7 10 11 35 23 13 46 17 40 48 -18 18 -20 29 21 60 -24 26 25 -27 27 -29 -30 32 31 -33 33 -35 -36 38 50 -39 52 -41 -42 42 -44 54 59 -47 -48 -49 -50 56 -52 58 -54 -55 55 -57 -58 -59 -60 -61 -62 -63
leaf_value=-1.1274275195097871 -0.72380051179389726 0.1622085098720624 0.0066554322144942724 -1.4589434697440116 -0.44781338110441066 0.21476681156045174 -0.095762646283815353 0.56612530589248133 0.17442883756887398 -0.16350852242037561 0.037678096830998702 -0.10480129898833131 -0.63179880538377242 1.6305745974211836 0.44215593297017985 -0.49934214948021655 0.11999263189075791 -0.055207838612871818 0.24586092258757911 -0.1365355836533074 -0.18411993161405818 0.34469037557801685 0.063993254026238774 0.033391172110252491 -0.44916722313815821 0.053420906263873039 0.036156110400282063 -0.071625682342303779 -0.067267955669765914 0.018034693401585679 -0.36595493001599899 0.055729002590799229 -0.32638888684829181 0.16462385702165705 -0.17534185123395407 0.04793402050165696 -0.011195920514230729 0.76385318045857631 -0.05801067566358889 -0.42220448262547594 0.0093000400967237166 -0.0075117964804057641 -0.21809453847517357 -0.35982980506175039 0.36926081039741987 0.26611795528642895 -1.0337966187377776 0.61434755931321272 0.010913545926490542 0.0057378482343499295 0.42140051361667563 -0.86119281720358787 0.51975535303902809 0.60756810414258611 -0.020407786417221144 -0.42669232476013924 -0.65590907699531975 1.0304343135027718 0.047585310873521539 -0.027512299868146784 0.17970531158185565 0.28530124993236056
leaf_weight=22 35 184 111 20 35 21 36 62 527 149 81 114 137 406 270 132 329 291 226 130 123 320 243 491 154 35 2288 1145 2580 268 114 277 94 472 255 175 139 20 38 127 13054 387 130 31 114 187 32 60 41 30 222 22 69 23 88 57 191 52 99 73 88 62
leaf_count=22 35 184 111 20 35 21 36 62 527 149 81 114 137 406 270 132 329 291 226 130 123 320 243 491 154 35 2288 1145 2580 268 114 277 94 472 255 175 139 20 38 127 13054 387 130 31 114 187 32 60 41 30 222 22 69 23 88 57 191 52 99 73 88 62
internal_value=1.43931e-05 -0.00162977 -0.00404891 -0.00300818 0.00129654 -0.00445927 6.5787e-05 -0.00033739 0.000247525 0.00132383 -0.000700832 0.000475787 0.000315984 0.00190499 0.000392486 0 0.00131726 0.00319177 0.0015625 -0.000898082 0.000131678 0.00174714 -0.000609756 -0.000778368 -0.00379859 -0.0061849 -0.000636796 0 -0.00133783 -0.00171695 -0.00325265 -0.00102104 -0.00071461 0.000647668 -0.00226213 0.002458 0.000891182 -0.0025436 0.00415784 -0.00625 0.00029242 -0.0020354 -0.00141827 -0.00102848 0.00100636 0.00541096 -0.00404095 -0.0024375 -0.00362216 -0.00637255 0.00264423 0.00280032 0 -0.00532787 -0.00308765 -0.00532095 -0.00753348 0.00333333 0 0.00282895 0.0040146 0
internal_weight=27788 810 447 425 363 353 26978 8296 18682 1460 6836 15619 14080 1539 13851 616 443 923 517 3063 1326 774 366 6774 270 189 6504 3433 3071 1737 648 391 1089 566 523 999 530 169 469 257 13324 552 517 461 223 362 229 197 173 242 361 305 107 58 238 145 221 72 121 187 408 93
internal_count=27788 810 447 425 363 353 26978 8296 18682 1460 6836 15619 14080 1539 13851 616 443 923 517 3063 1326 774 366 6774 270 189 6504 3433 3071 1737 648 391 1089 566 523 999 530 169 469 257 13324 552 517 461 223 362 229 197 173 242 361 305 107 58 238 145 221 72 121 187 408 93
cat_boundaries=0 2 3 5 7 8 10 12 13 14 16 18 20 22 23 25 26 27 29 31
cat_threshold=545816716 82048 20 1073784404 1844237 137553476 1322276 2600 2206466176 4234 1157693440 720960 839 1413 147456 262432 2415984672 4352 541982985 17136 36704258 65538 9 2121796 36 2116 1146 1604 1032 4 1033
is_linear=0
shrinkage=0.05


Tree=110
num_leaves=63
num_cat=4
split_feature=19 19 18 21 4 17 7 8 22 8 21 20 22 5 23 22 20 7 5 23 11 8 5 7 0 19 7 11 8 20 20 5 7 16 17 17 21 18 22 5 17 20 19 17 22 20 18 5 0 5 21 20 8 4 11 5 21 21 20 5 19 5
split_gain=0.911014 1.97512 1.32832 1.4073 1.17185 1.97927 2.1914 1.07165 1.06896 1.82749 1.07534 1.87789 1.06785 1.06007 1.11604 1.88158 1.69262 1.97342 1.29185 1.05041 1.2003 1.02732 1.02148 1.00821 1.00817 1.84946 1.32391 0.957962 0.948361 1.03683 0.947551 1.0092 0.877415 1.24605 0.85273 1.40698 1.15386 0.838358 0.854789 1.54155 1.49632 0.797984 0.780323 0.773735 0.731426 0.978833 0.711517 1.35071 0.68564 1.81943 0.682887 0.683299 0.676095 0.664912 0.596108 0.585204 0.548607 1.10757 0.698196 0.547337 0.521603 0.50407
threshold=992.96500000000003 1022.245 0.66037203152246948 1.0000000180025095e-35 0 2.9091240828828768 177.99000000000004 769.42500000000007 148.78199761334571 1134.9150000000002 112.08333333333336 3.5000000000000004 62.156386871735769 353.50000000000006 3.5000000000000004 115.27105667343501 111.50000000000001 60.600000000000009 143.50000000000003 11.500000000000002 2283.4400000000005 1343.4050000000004 81.500000000000014 538.10500000000013 1 1402.5550000000001 720.80000000000018 3147.7850000000003 278.77000000000004 61.500000000000007 174.50000000000003 272.50000000000006 803.86000000000001 1.4999972783388438 0.75553993279761522 0.92398764115435961 55.035714285714292 0.22573415561107793 28.541950719393718 18.500000000000004 2.8579337185508673 130.50000000000003 485.71000000000004 0.80158027090940276 26.952117992408329 98.500000000000014 0.20361931238343248 299.50000000000006 2 157.50000000000003 74.190909090909102 291.50000000000006 1727.9850000000001 3 272.73500000000007 201.50000000000003 195.16666666666671 118.08333333333336 150.50000000000003 132.50000000000003 1198.0400000000002 361.50000000000006
decision_type=2 2 2 2 9 2 2 2 2 2 2 2 2 2 2 2 2 2 2 2 2 2 2 2 1 2 2 2 2 2 2 2 2 2 2 2 2 2 2 2 2 2 2 2 2 2 2 2 1 2 2 2 2 9 2 2 2 2 2 2 2 2
left_child=4 43 24 -4 8 13 22 19 10 42 34 59 21 14 15 27 17 -16 -18 20 -5 -9 -7 -17 37 50 41 -6 29 -8 52 -32 33 -15 44 36 -36 46 39 -39 -40 -27 -10 -2 45 -1 53 -48 -30 -50 51 -26 -13 -3 -37 -46 57 58 -45 -12 -52 -35
right_child=1 2 3 7 5 6 28 12 9 -11 11 30 -14 32 16 23 18 -19 -20 -21 -22 -23 -24 -25 25 26 -28 -29 48 -31 31 -33 -34 61 35 54 -38 38 40 -41 -42 -43 -44 56 55 -47 47 -49 49 -51 60 -53 -54 -55 -56 -57 -58 -59 -60 -61 -62 -63
leaf_value=-0.066220874080076153 0.20602600522289763 0.021903061666345106 -0.40997239763985427 0.53496475814133226 -0.055165776713979403 -0.01665250233623965 -0.4972734798001664 0.079414367388275064 -0.73161477433743416 -1.9304774387546857 -0.045336366066240079 0.4751091825605096 -0.77345850675760919 0.058300884665846778 -0.20578337033298089 -0.26740630209605598 -0.27373112297293839 0.023080135356651967 0.008547784028672822 0.0086619675819443586 -0.39965533877585441 -0.044644746792009943 1.6109329570030102 1.6434036071040712 0.020374488071487742 -0.35909716177428863 -1.4465615397905858 -0.14200341766474675 0.36441357976457933 0.91181405812748173 0.30698195487495089 -0.23977638167113718 0.15093037064951306 -0.70926012282687978 0.15220130048870883 -0.57706126296002391 0.047130052319821661 -0.10699387745031919 -0.0078538139770516942 0.055381463200907893 -0.41895770033613772 0.33784735514590453 3.0278994108808175 -0.31082771999369968 -0.5178883989121289 0.32861850854644098 -0.27133648259069432 1.3229670004930107 0.058337730321089687 -0.47161605893542041 0.20335352665100181 -1.7411192545022538 -0.31365657868146291 -0.051134377946776492 0.017426307364859641 0.0085173870328357996 0.13314234459395727 -1.5262586632719615 0.92178263699239293 -0.89035548713612533 1.3790460380021135 -0.016549802831597928
leaf_weight=138 20 533 30 25 3609 21 25 189 28 23 21 1098 43 38 306 56 386 3864 389 80 155 65 93 96 172 129 35 722 499 28 456 114 55 83 155 28 216 230 1509 4789 127 45 22 111 101 94 268 27 440 164 45 28 35 776 4743 55 22 23 26 22 39 24
leaf_count=138 20 533 30 25 3609 21 25 189 28 23 21 1098 43 38 306 56 386 3864 389 80 155 65 93 96 172 129 35 722 499 28 456 114 55 83 155 28 216 230 1509 4789 127 45 22 111 101 94 268 27 440 164 45 28 35 776 4743 55 22 23 26 22 39 24
internal_value=1.79914e-05 -0.000375891 -0.000263595 -0.00256356 0.000226712 -9.85244e-05 0.00174784 -0.00185268 0.000714819 -0.00509868 0.000783075 0.0018725 4.16667e-05 -0.000347835 -0.000265083 -0.00083872 0.000245049 0.000653007 -0.00187982 -0.00418251 -0.00628415 0.00145914 0.00833333 0.00451613 -0.000102798 -0.00229335 -0.00583726 -0.00104119 0.00103538 -0.00513393 0.00216149 0.00039267 -0.00394089 -0.00599662 0.000429243 0.000607386 0.0035762 2.26943e-05 0.000275984 0.000604839 -0.000701647 -0.00353107 0 -0.0052439 -0.00179028 0 -0.000995644 -0.00322987 0.00139014 0.000164745 0.000174216 -0.00123153 0.00300396 -0.00044779 0.000363951 -0.00440252 -0.00635135 -0.00736196 -0.00491071 -0.00788043 0.00402299 -0.00875
internal_weight=27788 9541 9339 587 18247 10898 1270 557 7349 73 7276 1746 297 9628 9428 4483 4945 4170 775 260 180 254 114 152 8752 493 209 4331 1156 53 1703 570 200 145 5530 5142 371 8259 6655 5019 1636 174 50 202 388 232 1604 295 1103 604 284 200 1133 1309 4771 156 182 160 137 43 84 107
internal_count=27788 9541 9339 587 18247 10898 1270 557 7349 73 7276 1746 297 9628 9428 4483 4945 4170 775 260 180 254 114 152 8752 493 209 4331 1156 53 1703 570 200 145 5530 5142 371 8259 6655 5019 1636 174 50 202 388 232 1604 295 1103 604 284 200 1133 1309 4771 156 182 160 137 43 84 107
cat_boundaries=0 1 2 3 4
cat_threshold=24 1 1 6
is_linear=0
shrinkage=0.05


Tree=111
num_leaves=63
num_cat=21
split_feature=19 1 1 7 2 22 5 2 15 9 1 18 9 11 22 1 2 1 2 7 1 19 19 5 9 18 0 1 1 5 5 18 22 17 18 17 2 1 22 1 0 1 7 13 7 23 18 7 7 7 11 11 4 11 10 17 1 9 4 9 11 10
split_gain=0.850339 1.62371 1.09976 1.55186 1.33558 1.55168 1.34118 1.31365 1.49202 1.52533 2.01774 1.40242 1.30663 1.27754 1.23149 1.12327 1.07306 1.29938 0.999175 1.49298 1.50968 1.45911 1.01307 1.00821 0.993812 1.33593 0.960432 2.13113 1.2724 0.943308 0.938258 1.59573 0.921216 1.11366 0.87162 1.72707 0.850349 1.641 1.41348 2.57735 2.26276 1.35937 1.33705 1.28033 1.23485 1.18058 1.08891 1.0237 0.997307 0.95643 0.82409 0.797973 1.16699 1.61869 1.13271 1.02998 0.893338 0.777127 0.775584 0.719668 1.52971 1.57424
threshold=1589.1250000000002 0 1 1240.0450000000003 2 37.382667578949523 10.500000000000002 3 5.5000000000000009 826.70500000000015 4 0.69133769956937419 756.61500000000012 714.62000000000023 31.137687058556509 5 6 7 8 1.0000000180025095e-35 9 2183.6600000000003 2666.0350000000003 283.50000000000006 636.1350000000001 0.38222941032868024 10 11 12 178.50000000000003 351.50000000000006 0.89198110217827409 39.999236096522402 1.1428541970209334 0.42567857944506443 1.4117616696578621 13 14 1.0000000180025095e-35 15 16 17 85.910000000000011 1.5000000000000002 352.15000000000003 6.5000000000000009 1.0000000180025095e-35 689.31000000000006 881.20500000000004 744.02500000000009 957.62500000000011 4897.9350000000004 18 1530.2100000000003 1227.5800000000002 1.2748584559048839 19 1.0000000180025095e-35 20 384.52500000000003 720.89000000000021 1146.4700000000003
decision_type=2 9 9 2 1 2 2 1 2 2 9 2 2 2 2 9 1 9 1 2 9 2 2 2 2 2 1 9 9 2 2 2 2 2 2 2 1 9 2 9 1 9 2 2 2 2 2 2 2 2 2 2 9 2 2 2 9 2 9 2 2 2
left_child=2 18 3 7 5 -5 -6 8 9 12 -11 50 -1 -9 -13 29 17 34 21 22 23 58 -20 -21 25 -22 28 -28 -15 -8 36 -32 33 -33 -3 -36 38 46 39 42 -41 49 -4 47 -43 -45 -38 -39 -48 -40 -10 52 56 54 -54 -55 -18 -24 -2 -23 -61 -62
right_child=1 16 30 4 6 -7 15 13 11 10 -12 14 -14 26 -16 -17 51 -19 19 20 24 59 57 -25 -26 -27 27 -29 -30 -31 31 32 -34 -35 35 -37 37 43 41 40 -42 44 -44 45 -46 -47 48 -49 -50 -51 -52 -53 53 55 -56 -57 -58 -59 -60 60 61 -63
leaf_value=-0.031278202936983135 -0.0052037533134306818 0.1769979130016498 1.0988757655503789 -0.46308414918781049 -1.6401254823114237 0.84908033692795704 0.25790175414175742 0.49575061280577021 -0.012407104426927518 -0.23668580289450852 0.11110666151355285 0.030184165143654365 0.56779161704581094 -0.017021403041696592 -0.16050422694549049 0.55167759376545511 -0.043159354903302298 0.25166986777927991 0.57759206224100446 -0.41911718258780656 -0.17677465089184868 0.049738667183127208 -0.4048541018329595 -1.8137666259741829 -0.026643158922428925 -0.34168132996590084 -0.08490452037873375 0.10370292486280415 0.099216326537851271 -0.061599960385090483 -0.98401983086843048 -0.051859911161039919 -0.43067980519692706 0.29951169401789451 0.026346433076756843 -0.74291283193499857 1.2099339414016872 0.022616841174879988 0.06794228300394832 0.12632103523467181 -0.31578298538445826 -0.12483419316500495 -0.34061679071185691 -0.29594107401393083 -0.0033783708976777406 0.052407296989823986 -0.017111836824971506 0.17443147502969564 -0.15103282292659373 -0.027212060699307952 0.20255465793903965 -0.030964255234397567 -0.12764433422888075 -0.074863019701941785 -0.47658380792478411 0.22822955998117253 0.17772727776038108 0.31367762219489004 0.23343900282671903 -0.42679222920791954 0.093017689397967562 -0.22874794799460349
leaf_weight=1955 413 182 45 76 20 26 291 406 20 911 264 714 174 720 174 632 350 291 129 89 493 127 23 26 546 90 1029 518 2012 192 108 45 36 70 34 37 33 2511 803 969 465 464 621 283 2065 222 1085 1803 393 344 82 86 436 54 57 140 759 22 283 68 182 290
leaf_count=1955 413 182 45 76 20 26 291 406 20 911 264 714 174 720 174 632 350 291 129 89 493 127 23 26 546 90 1029 518 2012 192 108 45 36 70 34 37 33 2511 803 969 465 464 621 283 2065 222 1085 1803 393 344 82 86 436 54 57 140 759 22 283 68 182 290
internal_value=4.31794e-05 -0.00053023 0.00017767 0.000562127 0.00222782 -0.00282609 0.00273301 0.000327043 -0.00029603 -0.00081645 -0.00226019 0.00138469 0 0.000907301 0.000673401 0.00302996 0.000399754 0.00233393 -0.00135558 -0.00228861 -0.00292702 -0.000336119 0.00183616 -0.00830078 -0.00222198 -0.00369027 0.000639304 -0.000330645 0.00120658 0.000982863 -0.000136331 -0.00310115 0 0.00243644 -0.000140977 -0.00489865 -6.81311e-05 0.000327132 -0.000509587 -0.00154541 -0.000293711 6.79532e-05 -0.00408689 0.000783837 -0.0005655 -0.0015502 -0.00109088 0.00107135 -0.00133356 0.00149784 0.00690476 -0.000145119 5.55864e-05 -0.00151786 -0.0030998 0.00215736 0.00108066 -0.00390625 0.00121602 -0.00203358 -0.00285451 -0.00168421
internal_weight=27788 5207 22581 10216 1237 102 1135 8979 4294 3304 1175 990 2129 4685 888 1115 2426 544 2781 1418 1244 1363 174 115 1129 583 4279 1547 2732 483 12365 259 151 115 253 71 12106 6330 5776 2100 1434 3676 666 4819 2529 505 1511 4314 1478 1147 102 1882 1796 687 493 194 1109 45 696 667 540 472
internal_count=27788 5207 22581 10216 1237 102 1135 8979 4294 3304 1175 990 2129 4685 888 1115 2426 544 2781 1418 1244 1363 174 115 1129 583 4279 1547 2732 483 12365 259 151 115 253 71 12106 6330 5776 2100 1434 3676 666 4819 2529 505 1511 4314 1478 1147 102 1882 1796 687 493 194 1109 45 696 667 540 472
cat_boundaries=0 2 4 5 6 8 10 11 13 14 15 16 18 20 21 23 25 26 28 29 31 32
cat_threshold=2973369234 791048 1963008787 750155 2 2225 536879376 82443 1694564354 4098 530 266245 144 2953 286785536 1 553648643 522 67117329 593921 2388 174067784 1312 2324333604 1051648 1 141070408 33824 22 40 16513 25
is_linear=0
shrinkage=0.05


Tree=112
num_leaves=63
num_cat=27
split_feature=19 18 1 2 7 1 2 4 22 4 1 11 1 22 2 7 4 1 7 7 9 16 1 9 17 1 2 17 14 1 4 7 11 10 2 18 11 10 8 20 1 7 17 7 8 2 1 1 2 20 20 2 2 16 14 20 2 12 1 1 19 8
split_gain=0.6402 1.53688 1.69061 1.27952 1.48076 1.2424 1.20222 2.80156 1.36368 1.90724 1.72644 1.17528 1.0313 1.52342 1.33933 1.79631 1.25843 1.9789 1.61299 1.45912 1.15136 1.22233 1.05211 1.34142 1.01676 1.5417 1.15763 1.41065 1.2685 1.54313 1.14448 1.8079 2.41955 2.26598 2.00515 1.43785 1.24479 1.47912 1.2038 1.08073 1.06331 1.01382 1.00879 1.0023 0.999159 0.992512 1.49745 1.33118 0.944472 1.13858 0.937892 0.990004 0.89361 0.865231 0.816044 0.799301 0.789508 1.29082 1.19001 0.955417 1.20227 0.780802
threshold=992.96500000000003 0.66317048663784928 0 1 567.71500000000015 2 3 4 26.41071713904898 5 6 330.7050000000001 7 52.008813053334869 8 1402.95 9 10 1039.97 1290.3400000000004 436.63000000000005 1.1742579038398491 11 873.10500000000002 2.0541353936546582 12 13 2.1590561702640341 1.5000000000000002 14 15 377.94500000000005 1118.8500000000004 3431.6150000000002 16 0.86418187052430839 728.7600000000001 444.04000000000002 164.53500000000003 87.500000000000014 17 1635.5000000000002 2.270936284630849 833.75000000000011 1251.3550000000002 18 19 20 21 9.5000000000000018 69.500000000000014 22 23 1.184213768190115 2.5000000000000004 211.50000000000003 24 1.0000000180025095e-35 25 26 1120.8650000000002 85.330000000000013
decision_type=2 2 9 1 2 9 1 9 2 9 9 2 9 2 1 2 9 9 2 2 2 2 9 2 2 9 1 2 2 9 9 2 2 2 1 2 2 2 2 2 9 2 2 2 2 1 9 9 1 2 2 1 1 2 2 2 1 2 9 9 2 2
left_child=12 2 3 61 54 56 8 11 10 -10 -7 -8 13 14 15 20 50 18 -18 -19 -1 -22 23 -15 30 26 28 39 29 -26 31 34 35 -34 38 -33 37 -32 -14 -28 -36 43 -29 48 -9 46 -38 -47 -3 -50 53 -52 -27 -16 -5 -6 57 -4 -59 60 -58 -2
right_child=1 41 5 4 55 6 7 44 9 -11 -12 -13 24 22 16 -17 17 19 -20 -21 21 -23 -24 -25 25 52 27 42 -30 -31 36 32 33 -35 40 -37 45 -39 -40 -41 -42 -43 -44 -45 -46 47 -48 -49 49 -51 51 -53 -54 -55 -56 -57 59 58 -60 -61 -62 -63
leaf_value=0.24778006462047061 0.025582804102437962 0.020714386605705126 -0.84231791724413885 -0.0161034644564662 -0.27695690923981209 -0.073977622833345968 -0.43717196705596106 -0.088200961208736051 -0.50055416724988078 0.024952553362743581 0.21290115679258861 0.063291877067921651 -0.43259743751137836 0.53296807170660188 0.0020017327168574185 0.26048506980322789 0.0042694830986284684 -0.040681337400816191 0.47285997639391264 -0.21143853742338231 0.035429961961408775 -0.22143231047594725 0.42294690424938325 -0.48189343937149387 1.5753666078529609 0.46456924047682674 0.5510614334697046 -0.43030357822147086 0.0053904750604676366 -0.020546055499002593 -0.023642144842683122 -1.8416500506333067 0.076863194929563505 -0.054842652084821003 0.076256821727081023 0.26382385206368114 -0.13608788315451364 -0.25344655698224516 0.018932833539439999 0.54496778835734649 0.27914141484583083 -0.66582061268723547 -0.017004127515777158 0.0098809419395710311 -0.50364361131342261 0.0013879247619527748 0.048780877035850524 -0.087002569445938704 0.028181364888933337 -0.31144178074853635 -0.19757078565962527 0.40515645622918123 0.14637504966119033 0.24672809768225365 0.10733216685503343 -1.7823359071727936 0.52449996489187212 -0.0055795882032516177 0.46538503499986422 0.16508844004910506 -0.15420809929600976 -0.67434229525655009
leaf_weight=134 29 105 40 345 112 437 97 2608 217 379 1477 1810 36 54 92 92 818 1007 143 134 118 863 439 46 234 460 69 159 504 107 108 54 2551 365 511 27 309 76 298 90 297 27 1169 211 116 2477 2014 1258 34 237 124 179 646 185 55 25 25 129 325 331 251 119
leaf_count=134 29 105 40 345 112 437 97 2608 217 379 1477 1810 36 54 92 92 818 1007 143 134 118 863 439 46 234 460 69 159 504 107 108 54 2551 365 511 27 309 76 298 90 297 27 1169 211 116 2477 2014 1258 34 237 124 179 646 185 55 25 25 129 325 331 251 119
internal_value=3.23846e-05 -0.000297307 -0.00012458 -0.00248926 -0.00115909 6.96548e-05 -0.000165991 -0.000648686 0.000703528 -0.00133556 0.00136933 0.000800781 0.000207534 -0.000450349 -0.000806141 -0.00218238 -0.000157699 -0.000744681 0.000885524 -0.00215555 -0.00278399 -0.00339177 0.00200646 -0.00221239 0.000422029 0.00116972 0.000405117 -0.000408333 0.00187937 0.00425145 0.000169732 0.000815872 0.000154167 0.0004111 0.00251092 -0.00818452 -0.000251799 -0.00427807 -0.000648415 0.00393519 0.00383678 -0.00271475 -0.000976709 -0.00213983 -0.00168067 -0.000119617 0.00067958 -0.000630336 -0.00369393 -0.00514965 0.00185497 0 0.00270331 0.00397321 0.000248139 -0.005625 0.00162702 0.00310651 0.00399344 0.000302419 -0.0017301 -0.00652174
internal_weight=27788 9541 8927 685 537 8242 7141 4631 2510 596 1914 1907 18247 4428 3889 1207 2682 2102 961 1141 1115 981 539 100 13819 3438 2332 1487 845 341 10381 4139 2997 2916 1142 81 6242 184 334 159 808 614 1328 587 2724 6058 2323 3735 376 271 580 303 1106 277 400 137 1101 494 454 607 276 148
internal_count=27788 9541 8927 685 537 8242 7141 4631 2510 596 1914 1907 18247 4428 3889 1207 2682 2102 961 1141 1115 981 539 100 13819 3438 2332 1487 845 341 10381 4139 2997 2916 1142 81 6242 184 334 159 808 614 1328 587 2724 6058 2323 3735 376 271 580 303 1106 277 400 137 1101 494 454 607 276 148
cat_boundaries=0 2 3 5 6 7 8 10 12 13 14 16 18 20 21 23 24 25 27 28 30 32 33 34 35 36 38 40
cat_threshold=2157986336 5184 518 71763010 1222716 788 20 18 50368516 131 190447716 1092404 400 16 135397376 41744 1048640 2084 3022030723 70784 201 536871552 128 24 1298 536908184 16385 1922 2149590016 17409 2954925442 201730 3089 1093 3640 1671 67108864 20 459840 172032
is_linear=0
shrinkage=0.05


Tree=113
num_leaves=63
num_cat=17
split_feature=6 1 5 20 22 11 9 16 2 15 1 9 22 2 1 1 22 1 2 10 17 1 1 2 15 2 1 17 11 5 15 6 11 1 18 18 1 10 1 6 1 10 10 5 10 9 18 17 17 5 16 16 18 16 18 5 22 18 20 20 22 5
split_gain=0.851291 2.03264 1.10919 1.0572 2.22535 1.58231 0.977787 1.12785 0.872818 0.742839 1.95527 1.38735 1.69695 2.11927 1.85433 1.55244 1.38413 1.36206 1.59761 1.54341 1.1038 1.72154 1.47002 1.10316 0.95064 0.945386 0.925184 1.00031 0.903483 0.874682 0.869488 0.838375 0.835758 0.803893 0.790287 1.2255 2.1646 0.842917 2.38467 0.893298 0.743161 0.83061 0.73032 0.73024 0.724535 0.703321 0.678114 0.627 0.603111 0.595586 0.578656 0.686354 0.538698 0.526229 0.521907 0.520171 0.45954 0.45923 0.449332 0.432981 0.430942 0.404906
threshold=5898.4900000000007 0 189.50000000000003 61.500000000000007 31.890969178121829 8656.9800000000014 992.0350000000002 1.3988091653221564 1 5.5000000000000009 2 283.86000000000018 31.137687058556509 3 4 5 19.316840757470867 6 7 3496.0950000000007 2.7897346758907386 8 9 10 16.500000000000004 11 12 2.0437670928084395 3147.7850000000003 10.500000000000002 3.5000000000000004 982.82000000000016 2686.775000000001 13 1.0000000180025095e-35 0.21930520818718161 14 1760.5050000000003 15 4496.4800000000005 16 2522.4100000000003 756.75500000000011 321.50000000000006 2546.6050000000005 1157.3550000000002 1.0306563200011285 0.86948313337542238 1.2364286188363558 307.50000000000006 1.5184979959193807 2.3718271808197433 0.74945209057266682 1.8069237056795939 1.17083723175837 164.50000000000003 13.227181515825054 0.89198110217827409 100.50000000000001 43.500000000000007 16.546902910873921 292.50000000000006
decision_type=2 9 2 2 2 2 2 2 1 2 9 2 2 1 9 9 2 9 1 2 2 9 9 1 2 1 9 2 2 2 2 2 2 9 2 2 9 2 9 2 9 2 2 2 2 2 2 2 2 2 2 2 2 2 2 2 2 2 2 2 2 2
left_child=9 2 -2 8 5 6 -5 -8 45 17 25 16 15 42 -15 24 -12 18 26 20 22 -22 -20 -17 -13 40 31 30 32 -29 -28 54 59 60 -19 36 -36 39 -39 -37 41 46 -14 -38 -33 -3 -11 -10 57 -18 55 -52 -47 -50 -1 -21 -35 -49 -6 -27 -30 -54
right_child=1 3 -4 4 58 -7 7 -9 47 10 11 12 13 14 -16 23 49 34 19 50 21 -23 -24 -25 -26 28 27 29 33 -31 -32 44 -34 56 35 37 43 38 -40 -41 -42 -43 -44 -45 -46 52 -48 48 53 -51 51 -53 61 -55 -56 -57 -58 -59 -60 -61 -62 -63
leaf_value=1.173102672427786 0.25916690078544063 -0.033753270668783267 -0.012589174567248219 -0.31609070113844678 -0.088183472420470824 0.26534368750408904 -0.049519545889691235 -0.85017275974492434 0.050993938686173947 0.050975515781403094 -0.22381491549285348 0.021702550344939554 -0.094281441490440931 0.038176348331734999 -0.27784054700237892 -0.084665349771058163 0.095946217390560931 0.27112237797612498 0.3172933088705393 -0.010511789926378245 -0.42261884519418375 0.35036550651870724 0.01227678801645702 0.0016613021355512459 0.11410258714446053 -0.066800153774788693 -0.14262774490310923 -0.9241401164388261 -0.044615241780438547 0.19515219014679383 0.05564270332699426 -0.055326423652976867 -0.33366190355736702 0.001116875853462318 0.11958448105124241 -0.014774786154397646 -0.42807176711963407 0.009892823809197893 -0.1499669661448762 0.52452023746347554 0.18587636790120785 0.14440919843277555 0.094019336433518064 0.80869528978234928 0.071520265912784001 0.13106762231469188 -0.34953191055569166 -0.16095826211082914 -0.0038741113744382716 -0.090781869710546303 0.37612763017778844 -0.34638456399870282 0.085425493067778163 -0.18902209597293754 -0.076217223266830919 -0.30488827446050809 0.30277321118775158 -0.016872472380524427 0.55302576625382782 0.1401103121409637 0.075236017203763828 -0.1909897436856669
leaf_weight=51 85 41 52 36 29 28 21 60 35 26 32 2361 52 136 420 356 159 130 788 26 241 1187 4580 746 37 34 670 22 55 909 359 4460 34 49 166 5471 340 927 732 143 257 37 260 20 185 86 41 64 141 20 45 65 63 50 29 53 93 28 28 37 72 28
leaf_count=51 85 41 52 36 29 28 21 60 35 26 32 2361 52 136 420 356 159 130 788 26 241 1187 4580 746 37 34 670 22 55 909 359 4460 34 49 166 5471 340 927 732 143 257 37 260 20 185 86 41 64 141 20 45 65 63 50 29 53 93 28 28 37 72 28
internal_value=3.41837e-05 -0.00149487 0.00375 -0.00256325 -0.00573171 -0.00903716 -0.0115625 -0.0147321 -0.0012987 8.59154e-05 0.000615949 0.000215048 1.1439e-05 -0.00195178 -0.00377856 0.000513845 0.0041472 -4.22415e-05 0.000257619 0.000787725 0.000919253 0.00216632 0.000577174 -0.00100897 0.00123393 0.00299131 -0.000289265 0.000608211 0.000968992 0.00180675 -0.000423934 -0.000672752 -0.00266204 0.00261949 -0.000565034 -0.000636055 -0.00297732 -0.0004587 -0.00145156 -0.000155777 0.00484626 0.00042735 0.00123077 -0.00509383 -0.000771837 0.000974026 -0.00232143 -0.00294562 -0.00388986 0.00597527 -0.00358073 -0.000663717 0.00256944 -0.00186856 0.00421687 -0.00685976 0.005 -0.00736842 0.001875 0 -8.92857e-05 0
internal_weight=27788 875 137 738 202 145 117 81 536 26913 5314 4579 4368 868 556 3500 211 21599 13670 6985 6796 1428 5368 1102 2398 735 6685 1960 374 931 1029 4725 105 269 7929 7799 526 7273 1659 5614 361 104 312 360 4645 218 67 318 283 179 189 110 177 191 80 79 142 92 57 71 127 91
internal_count=27788 875 137 738 202 145 117 81 536 26913 5314 4579 4368 868 556 3500 211 21599 13670 6985 6796 1428 5368 1102 2398 735 6685 1960 374 931 1029 4725 105 269 7929 7799 526 7273 1659 5614 361 104 312 360 4645 218 67 318 283 179 189 110 177 191 80 79 142 92 57 71 127 91
cat_boundaries=0 2 3 5 6 8 10 12 13 15 17 18 19 21 23 25 27 28
cat_threshold=32768 532641 570 3498189121 17409 3904 266244 640 655917742 1314816 1984235163 1024602 2161 538 65536 100664336 196682 416 315 570427008 393802 2155872257 16384 2147516484 1 2301161472 5248 131392
is_linear=0
shrinkage=0.05


Tree=114
num_leaves=63
num_cat=19
split_feature=6 1 8 10 5 1 2 2 22 20 1 8 17 5 21 10 1 2 20 1 8 8 11 8 2 1 15 8 1 22 22 1 15 21 1 10 18 18 2 17 4 8 2 20 8 2 2 11 10 17 11 5 5 20 10 21 8 4 5 10 5 18
split_gain=0.720075 2.02703 1.06669 1.03783 1.63557 1.4969 2.25493 2.04196 2.04128 1.22008 1.11059 1.55503 1.71994 1.01229 0.94161 1.09698 0.981597 0.917409 1.02294 0.872148 1.6281 2.59018 1.54331 1.4684 1.43574 1.64857 1.37841 0.969583 0.94876 0.935834 1.27268 0.973899 0.925581 1.86927 1.10116 1.45014 1.94243 1.56488 1.07123 1.41661 1.39617 1.01143 1.48304 1.03614 0.985009 0.888857 0.841611 1.3786 1.01645 0.822186 0.791346 0.770409 0.743902 0.707084 0.686974 0.683379 0.632227 0.538005 1.09106 1.17783 0.855229 0.929561
threshold=3650.2500000000005 0 2501.0250000000005 2204.4950000000003 158.50000000000003 1 2 3 38.897861660205727 47.500000000000007 4 1298.9250000000004 1.1275761366844923 322.50000000000006 109.08333333333336 1455.2150000000004 5 6 5.5000000000000009 7 2160.7300000000005 1185.0450000000003 827.43500000000006 2501.0250000000005 8 9 2.5000000000000004 2978.3050000000003 10 20.49148336742412 69.974393997729734 11 5.5000000000000009 84.055555555555571 12 2690.4700000000007 1.8233818710651302 1.9438401885638208 13 1.4255903975964732 14 270.34000000000009 15 113.50000000000001 278.77000000000004 16 17 2062.6150000000002 1829.0950000000003 1.9393995071030297 1450.8700000000001 25.500000000000004 74.500000000000014 1.0000000180025095e-35 4744.9750000000013 141.77500000000003 425.72000000000003 18 118.50000000000001 3243.7350000000001 122.50000000000001 0.92681045429075237
decision_type=2 9 2 2 2 9 1 1 2 2 9 2 2 2 2 2 9 1 2 9 2 2 2 2 1 9 2 2 9 2 2 9 2 2 9 2 2 2 1 2 9 2 1 2 2 1 1 2 2 2 2 2 2 2 2 2 2 9 2 2 2 2
left_child=19 2 46 5 57 7 50 9 51 13 17 12 -12 -3 16 -16 -9 -6 -19 20 21 22 29 -22 25 -24 -26 32 45 31 -31 -1 34 41 38 37 -37 -36 39 -21 -40 42 -34 -43 -35 49 47 -2 -49 -23 -7 -8 -52 -48 -13 56 -55 58 59 -5 -59 -62
right_child=1 3 -4 4 10 6 8 14 -10 -11 11 54 -14 -15 15 -17 -18 18 -20 27 23 28 24 -25 26 -27 -28 -29 -30 30 -32 -33 33 44 35 36 -38 -39 40 -41 -42 43 -44 -45 -46 -47 53 48 -50 -51 52 -53 -54 55 -56 -57 -58 60 -60 -61 61 -63
leaf_value=0.89247785248752276 1.1678067819195377 -0.089630967560825961 -0.68040907560104713 0.011757063108069855 -0.064602504552025014 0.17803995007341814 -0.10606638824751542 0.087058145886770397 0.064534420983706653 0.24351053462166616 0.043258454479045527 0.4613933746304702 -0.23617134224808078 0.54154428324241022 -1.0089911475161366 0.029188640322540496 -0.19670183339271685 -0.088427967873114022 0.10412609956181562 -0.13400281632737698 -0.87209258170419135 -0.22189808350615367 -0.074597084959475354 0.71080799234245884 -0.17549924468925771 0.21876170063167139 -0.00095751440312614739 0.57909627815749465 0.63263545761103457 -0.24718022097215622 0.7204459510159702 0.040161812303042548 0.008687384525845188 0.28738124392308562 -0.052284012548729608 -0.55843451152141466 -0.00067056918033077124 0.26086904917621484 -0.11351646406601859 0.27147976950545927 0.0057930838090364039 0.011145956588860306 0.07511412469107813 -0.26187293374561549 -0.62678199969053061 -0.11341847340883363 -0.31374343737225419 -0.2791298469199493 -0.0063371288024796973 1.1615874271450453 -0.28007807340652147 -0.49693606461207235 0.20231461040918469 0.2625794973887336 -0.136322431559808 -0.19661284041245805 0.12445485736899053 0.10141740276429784 0.24355894458001226 -0.21992995712862379 -0.11339162321505061 0.16672123750392212
leaf_weight=483 26 85 21 88 110 46 30 190 55 180 42 71 137 26 49 25 363 22 197 448 35 47 399 28 686 700 1606 48 480 68 60 314 358 20 4236 122 126 212 1425 1417 7803 2932 346 62 50 101 29 27 57 64 27 169 61 97 50 27 271 265 77 85 59 48
leaf_count=483 26 85 21 88 110 46 30 190 55 180 42 71 137 26 49 25 363 22 197 448 35 47 399 28 686 700 1606 48 480 68 60 314 358 20 4236 122 126 212 1425 1417 7803 2932 346 62 50 101 29 27 57 64 27 169 61 97 50 27 271 265 77 85 59 48
internal_value=3.95812e-05 -0.000674157 0.00200264 -0.00127918 -0.00020933 -0.00227273 -0.00486284 -0.00104726 -0.00758427 0.00226151 -0.00203718 -0.00415335 -0.00721154 -0.00142544 -0.00267578 -0.00811688 -0.00186601 0 0.00188578 0.000131691 0.00071548 0.000828178 0.000358879 -0.00700758 -0.000121538 0.00133768 -0.000845987 -1.72036e-05 0.00366906 0.00216864 -0.00152672 0.00282813 -3.77045e-05 0.000662954 -0.000208175 -0.000849437 -0.00458167 -0.000629072 5.96524e-05 0.00115149 -0.000156909 0.000830857 0.00254597 0.000408742 -0.00719178 0.000444444 0.00256052 -0.00101626 -0.0045977 0.00352823 0.000170068 -0.0102104 -0.0021978 0.00354691 0 0.00423995 0.00485175 0.00156 -9.5057e-05 -0.0024858 0.00272727 -0.000568182
internal_weight=27788 3112 555 2557 1251 1306 388 918 254 291 629 300 179 111 627 74 553 329 219 24676 5071 5008 4316 63 3391 1099 2292 19605 692 925 128 797 19557 3768 15789 4696 248 4448 11093 1865 9228 3698 704 2994 70 212 534 110 84 111 134 199 88 424 121 395 368 622 250 173 372 107
internal_count=27788 3112 555 2557 1251 1306 388 918 254 291 629 300 179 111 627 74 553 329 219 24676 5071 5008 4316 63 3391 1099 2292 19605 692 925 128 797 19557 3768 15789 4696 248 4448 11093 1865 9228 3698 704 2994 70 212 534 110 84 111 134 199 88 424 121 395 368 622 250 173 372 107
cat_boundaries=0 2 4 5 6 8 10 11 13 14 16 18 20 22 23 24 25 26 27 28
cat_threshold=2221147206 8325 570982528 82432 564 1294 570425353 50 536870912 16384 264 1413587729 950858 778 71311361 557066 4259840 262218 268435969 164354 587482282 82096 640 33 812 934 524 18
is_linear=0
shrinkage=0.05


Tree=115
num_leaves=63
num_cat=6
split_feature=5 4 10 20 6 11 10 0 5 5 22 20 21 8 20 6 6 7 22 10 21 7 5 10 5 8 21 5 7 10 5 5 4 22 21 7 7 11 9 9 4 5 3 20 20 6 21 3 11 9 8 5 6 8 9 11 16 9 5 5 6 10
split_gain=0.581171 1.56487 1.63207 1.3519 1.19012 1.05935 0.926661 0.56288 2.27067 7.38959 18.3077 12.2645 3.63692 1.95693 1.85412 1.71131 1.45557 1.57211 1.21528 1.3898 1.17015 1.14202 1.06416 1.235 1.40188 0.983876 0.944651 0.89528 0.859138 1.08343 0.817866 1.43361 1.06231 0.783244 0.770973 0.87896 2.44711 1.83517 1.12711 1.06377 1.03978 0.864708 0.786986 0.790349 0.750523 0.692153 0.634304 0.632075 0.899511 0.879268 0.621803 0.60016 0.562258 0.527428 0.499794 0.906601 0.44308 0.442141 0.866622 0.40244 0.391052 0.339435
threshold=12.500000000000002 0 653.40500000000009 35.500000000000007 1734.8500000000001 519.82500000000016 3082.8750000000005 1 180.50000000000003 158.50000000000003 1.4571067811865479 179.50000000000003 61.035714285714292 269.77000000000004 41.500000000000007 1376.8900000000001 2012.74 -1.0000000180025095e-35 130.85010030823526 669.8900000000001 250.16666666666671 772.40500000000009 236.50000000000003 1086.0150000000003 249.50000000000003 702.73000000000013 265.75000000000006 350.50000000000006 726.9100000000002 4962.4150000000018 132.50000000000003 82.500000000000014 2 1.0000000180025095e-35 224.25000000000003 412.55000000000007 446.11500000000007 1653.3950000000002 342.00500000000005 327.14000000000004 3 131.50000000000003 4 18.500000000000004 60.500000000000007 4496.4800000000005 170.16666666666671 5 488.33000000000004 115.37500000000004 1111.575 135.50000000000003 1734.8500000000001 627.78500000000008 1240.0850000000003 2397.9750000000004 2.0259078810955167 410.72500000000008 11.500000000000002 263.50000000000006 2012.74 936.65500000000009
decision_type=2 9 2 2 2 2 2 1 2 2 2 2 2 2 2 2 2 2 2 2 2 2 2 2 2 2 2 2 2 2 2 2 9 2 2 2 2 2 2 2 9 2 1 2 2 2 2 1 2 2 2 2 2 2 2 2 2 2 2 2 2 2
left_child=1 3 5 4 -1 -3 52 16 9 18 11 13 14 -11 -12 20 17 -2 30 -20 47 25 28 44 -25 27 -23 -19 53 -30 31 -9 -32 -27 35 38 37 -37 39 -18 -40 -38 50 51 -24 -45 -14 49 -49 -10 59 -44 56 -17 55 -54 -4 58 -5 -36 -7 -59
right_child=7 2 6 57 -6 60 -8 8 15 10 12 -13 46 -15 -16 22 34 21 19 -21 -22 26 23 24 -26 33 -28 -29 29 -31 32 -33 -34 -35 42 36 41 -39 40 -41 -42 -43 43 45 -46 -47 -48 48 -50 -51 -52 -53 54 -55 -56 -57 -58 61 -60 -61 -62 -63
leaf_value=-0.68179357382270678 -0.48171772420975983 -0.23222242492519252 -0.0084203422073151121 0.37949870764473737 -0.032403815520344104 -1.2411258410070791 -0.34301795997617135 -0.031491969503657201 -0.26736111459108403 -0.57042915104883141 -0.0065907590614980201 1.3625765786980097 0.649559572141712 -1.3485181033844158 -0.25111336483098723 0.11822307870820731 -0.0042743853134130207 0.2222429546704964 -1.122319371052958 0.069967768123716037 -0.94914408192689814 1.2823315369997097 -0.40375500699475569 -0.20437784389088681 0.016889594275408547 0.01021146087708651 -0.36567768747055285 -0.55889269824339649 0.48126225768787523 -0.0078742610165306818 0.26551618790401127 0.073572665599712303 -0.14233711856794562 -0.37720654753452187 -0.82578871534985443 -0.032474902320372222 -0.03184711970623795 -0.21245375108491357 0.13024463268601921 -0.24745741197920124 0.014522511128534888 0.015881336071615595 1.367155813126337 0.57711422475198038 -0.10261932985587219 -0.21702473161551758 -0.28327286059760798 -0.6276139417130846 0.050572573847462637 0.21312309740875188 0.26899307194016869 -0.67190204296940537 -0.040708201484548213 -0.081899568871083128 0.17188824416717341 -0.7199594127382376 0.87460292942361662 -0.090162636717436406 -0.0028639852718609585 0.56198911069719237 -1.6446314160713553 0.10997137535639206
leaf_weight=21 32 34 20 47 77 21 25 1677 32 25 101 45 200 147 84 261 1617 1184 33 40 36 279 85 63 682 52 25 28 80 33 182 1301 469 30 75 281 4558 291 693 123 2617 6657 26 658 318 38 29 53 607 917 49 28 103 117 52 48 33 80 24 20 37 188
leaf_count=21 32 34 20 47 77 21 25 1677 32 25 101 45 200 147 84 261 1617 1184 33 40 36 279 85 63 682 52 25 28 80 33 182 1301 469 30 75 281 4558 291 693 123 2617 6657 26 658 318 38 29 53 607 917 49 28 103 117 52 48 33 80 24 20 37 188
internal_value=5.21752e-05 -0.00126076 -0.00359456 0.000694444 -0.00420792 -0.00947368 -0.00154049 9.35844e-05 -0.000267388 -0.00102341 -0.00601341 -0.0176705 5.9952e-05 -0.0237143 -0.0049867 0.000714938 0.0002382 0.00166871 -0.000155196 -0.00641447 0.00185831 0.00192067 -0.000403471 -0.00125977 0 0.00121434 0.00472313 0.00160494 0.00149291 0.00528017 -1.03249e-05 0.000327071 -0.00162462 -0.00382353 0.000103615 2.44952e-05 -0.000208863 -0.0033913 0.000578864 -0.000430293 0.00112436 -4.12284e-05 0.00153289 0.00219528 -0.00347906 0.00271817 0.00436422 0.00208592 0.000742942 0.0029236 -0.00159236 -0.00307018 -0.0003861 0.00019685 -0.00175971 -0.00332792 0.00379464 0.00230263 0.00591216 -0.00420918 -0.0135246 0.00110701
internal_weight=27788 810 373 437 98 92 281 26978 7617 4333 631 217 414 172 185 3284 19361 1630 3702 73 1645 1598 1639 1148 745 1294 304 1212 491 113 3629 2978 651 82 17731 16837 11787 572 5050 1740 3310 11215 894 750 403 696 229 1609 660 949 144 54 256 378 203 151 53 339 71 95 58 268
internal_count=27788 810 373 437 98 92 281 26978 7617 4333 631 217 414 172 185 3284 19361 1630 3702 73 1645 1598 1639 1148 745 1294 304 1212 491 113 3629 2978 651 82 17731 16837 11787 572 5050 1740 3310 11215 894 750 403 696 229 1609 660 949 144 54 256 378 203 151 53 339 71 95 58 268
cat_boundaries=0 1 2 3 4 5 6
cat_threshold=6 1 2 16 4 10
is_linear=0
shrinkage=0.05


Tree=116
num_leaves=63
num_cat=23
split_feature=19 1 2 1 13 19 8 16 1 2 20 21 1 8 12 1 17 4 21 2 1 8 0 19 10 2 4 1 19 2 21 15 21 20 20 2 10 16 1 1 17 11 21 21 10 17 8 10 10 4 17 11 2 11 19 1 10 1 2 10 17 8
split_gain=0.512707 1.85208 1.09276 1.17444 1.12001 1.09756 1.07471 1.33776 1.00369 1.22568 1.27419 1.16871 1.84128 1.38796 0.893334 1.33783 1.3333 1.19436 1.00011 0.95125 0.8924 0.884618 0.882625 2.24129 2.03649 1.69501 1.4913 1.65163 1.44661 1.42278 1.51296 1.36884 1.32944 1.24848 1.20313 1.15009 1.06031 1.04981 1.03462 1.00879 0.993058 0.97217 0.918023 0.853903 0.961836 2.74692 0.817504 0.797267 1.61213 1.04009 0.810578 1.00747 0.788541 0.7645 0.762672 0.748465 0.747369 0.738989 0.75639 1.0694 0.738982 0.719924
threshold=1589.1250000000002 0 1 2 1.5000000000000002 1671.9950000000001 675.1450000000001 0.36811305843325343 3 4 66.500000000000014 202.16666666666671 5 1134.9150000000002 1.0000000180025095e-35 6 0.63582554949437731 7 46.690476190476197 8 9 1251.3550000000002 10 78.865000000000023 839.21000000000015 11 12 13 1402.5550000000001 14 25.514705882352946 9.5000000000000018 1.0000000180025095e-35 32.500000000000007 48.500000000000007 15 2388.3750000000005 1.8351521672506983 16 17 2.3810584830175308 761.45000000000016 20.13602941176471 233.16666666666671 1362.6300000000003 2.012992107339699 633.62500000000011 1801.1050000000002 1620.3850000000004 18 1.6409819565172425 5350.0950000000012 19 7775.7100000000009 1643.5700000000002 20 957.75500000000011 21 22 1481.6700000000003 1.6184922794738708 509.37000000000006
decision_type=2 9 1 9 2 2 2 2 9 1 2 2 9 2 2 9 2 9 2 1 9 2 1 2 2 1 9 9 2 1 2 2 2 2 2 1 2 2 9 9 2 2 2 2 2 2 2 2 2 9 2 2 1 2 2 9 2 9 1 2 2 2
left_child=8 2 3 6 5 -5 7 -2 22 10 -10 14 13 56 15 17 18 -11 -16 -17 -18 52 25 29 28 32 27 34 33 30 53 55 -1 -25 -27 -26 46 -33 -32 40 -31 -29 -41 44 -12 -46 -34 48 49 -4 51 -49 -14 -24 61 -28 -13 58 -56 -60 -9 -3
right_child=1 54 47 4 -6 -7 -8 60 9 11 43 12 21 -15 16 19 20 -19 -20 -21 -22 -23 23 24 35 26 31 41 -30 39 38 37 36 -35 -36 -37 -38 -39 -40 42 -42 -43 -44 -45 45 -47 -48 50 -50 -51 -52 -53 -54 -55 57 -57 -58 -59 59 -61 -62 -63
leaf_value=2.2542997364325998 0.36102433309899667 0.32388268555522437 0.25898459320791373 0.090857946670655929 0.56642277595900159 -0.62175126345882914 0.1037990857638677 -0.24814818117144422 0.23417979752233897 -0.23219240763122073 0.44563972710770977 -0.55328003001204162 0.74403700422784702 -1.8397057300531097 0.0071666823944665841 0.54323237369977595 -0.057115222520703668 0.08740010169229917 -0.41080051048525168 0.027324635057572877 -0.0093333669154038734 1.5949938364965288 -0.48404963216804664 0.161533877976553 -0.027235289096056103 -0.30080625543145489 0.010972840274360253 1.0729633798688425 -1.2754745241511305 0.002119094169652769 -0.078760461683709163 0.10372938414438543 0.034432323298887728 -0.043638372345560589 -0.10004259071248983 -0.50704956103742516 -0.046456845054192099 -0.027501539795779052 0.094325600432340284 -0.060639238195431711 0.10850050681706343 -0.0027963616211835077 0.11661399683396763 -1.6085574630276387 0.20066334667233293 -0.99340304400333723 0.77529763705043653 -0.34363780354197188 0.83004237532550185 -0.06042259866865294 -0.0068984887287721897 0.15320214051127012 -0.00099099389146846124 0.022446250128357728 0.72241183860124636 0.067079656572101951 4.4316873506911447 0.0093771507845135556 -0.0059702612375424737 0.7550824256206099 -0.12746118184577152 -0.59902461676216834
leaf_weight=156 87 61 168 39 21 140 228 196 333 121 211 55 222 22 83 133 1356 172 181 225 7394 127 55 257 206 135 2961 60 23 1059 399 191 333 789 356 255 132 62 275 82 139 817 633 25 148 59 191 63 60 761 98 21 304 21 106 1795 28 2391 268 41 382 76
leaf_count=156 87 61 168 39 21 140 228 196 333 121 211 55 222 22 83 133 1356 172 181 225 7394 127 55 257 206 135 2961 60 23 1059 399 191 333 789 356 255 132 62 275 82 139 817 633 25 148 59 191 63 60 761 98 21 304 21 106 1795 28 2391 268 41 382 76
internal_value=4.85769e-05 -0.000395873 -0.00147123 -0.00261076 -0.00610329 -0.00776099 -0.00169702 -0.00275075 0.000153317 -0.000179495 0.00171103 -0.000326993 0.00154402 -0.00413136 -0.000479675 0.00128058 -0.000612732 -0.00110294 -0.00411985 0.00330189 -0.000499829 0.00257132 0.000484862 -8.04337e-05 -0.00161448 0.000822094 0.000534038 -0.000905141 -0.000361474 0.000783008 -0.00101573 0.000938371 0.0029697 -2.38322e-05 -0.0031994 -0.00439116 0.00189681 0.00454102 -0.000184638 0.0015122 0.000557391 0.000351124 0.00300481 0 0.000534442 -0.00172619 0.00294118 -0.000348395 0.00016381 -0.000308476 -0.00337838 -0.00689655 0.00155955 -0.00759494 0.00041864 0.000735449 -0.000726744 0.000614098 0.00254089 0.000970497 -0.00365749 -0.003125
internal_weight=27788 5207 2264 1093 200 179 893 665 22581 11199 776 10423 758 105 9665 651 9014 293 264 358 8750 653 11382 4193 1530 7189 6377 1368 1069 2663 750 5009 812 1046 491 461 656 253 674 1913 1198 877 715 443 418 207 524 1171 989 929 182 84 526 76 2943 4756 83 2806 415 309 578 137
internal_count=27788 5207 2264 1093 200 179 893 665 22581 11199 776 10423 758 105 9665 651 9014 293 264 358 8750 653 11382 4193 1530 7189 6377 1368 1069 2663 750 5009 812 1046 491 461 656 253 674 1913 1198 877 715 443 418 207 524 1171 989 929 182 84 526 76 2943 4756 83 2806 415 309 578 137
cat_boundaries=0 2 3 5 7 8 10 12 13 14 16 17 18 19 21 22 23 25 27 28 29 31 33 34
cat_threshold=2971140880 274952 118 536870928 266752 4117827921 930377 512 42098688 2 33817220 65584 11 260 36 68900 1 256 36 2147483729 4609 770 1146 2684354880 512 626003969 262153 4 166 807469392 786433 41944096 37 534
is_linear=0
shrinkage=0.05


Tree=117
num_leaves=57
num_cat=0
split_feature=15 21 11 8 5 20 7 10 5 8 5 10 9 21 22 21 23 22 17 15 16 9 11 21 20 20 20 10 21 10 21 23 7 5 23 20 7 7 21 19 20 17 14 17 21 21 17 11 20 20 17 17 17 16 22 22
split_gain=0.602377 1.64592 1.48947 1.64447 1.17068 1.13388 1.03828 1.52876 1.42756 1.76671 1.29061 1.01222 0.9951 0.992615 1.13048 1.74021 1.23609 1.20609 1.00203 1.66587 1.36251 1.35388 0.988359 0.968778 1.09744 0.968667 0.914899 1.23281 0.910513 0.854621 0.957426 0.838983 0.821893 0.816116 1.39937 0.875889 0.813218 1.63618 0.774503 0.721694 0.807347 0.703462 0.684707 0.617724 1.23108 0.60748 0.650371 0.589103 0.548262 0.541021 0.539436 0.526518 0.464043 0.429341 0.327106 0.280042
threshold=3.5000000000000004 15.859090909090911 3181.0800000000004 1433.4200000000001 3.5000000000000004 18.500000000000004 720.80000000000018 1710.1100000000004 180.50000000000003 720.34500000000014 348.50000000000006 6301.9650000000011 636.1350000000001 127.08333333333336 11.746108768714258 32.205263157894741 20.500000000000004 25.457332055064509 0.99020670983469949 9.5000000000000018 1.1509510655016586 448.24000000000001 9098.4300000000021 152.77500000000003 170.50000000000003 13.500000000000002 25.500000000000004 1776.7700000000002 136.55000000000004 1268.3050000000001 145.12500000000003 2.5000000000000004 727.5350000000002 116.50000000000001 5.5000000000000009 70.500000000000014 171.36000000000004 992.0350000000002 74.190909090909102 1.0000000180025095e-35 198.50000000000003 2.0000018609671453 1.5000000000000002 1.8128327382960161 90.062500000000014 214.16666666666671 1.4521070596805905 1582.8400000000004 27.500000000000004 46.500000000000007 2.4000028183304218 0.84758172096316364 1.8128327382960161 1.0006979794612769 29.20659146773372 7.1879154854981033
decision_type=2 2 2 2 2 2 2 2 2 2 2 2 2 2 2 2 2 2 2 2 2 2 2 2 2 2 2 2 2 2 2 2 2 2 2 2 2 2 2 2 2 2 2 2 2 2 2 2 2 2 2 2 2 2 2 2
left_child=2 5 4 36 41 -2 7 23 9 -9 33 39 -10 14 18 22 31 -18 20 21 49 -20 25 28 -25 -16 27 52 -6 47 -31 -17 -24 34 -8 -35 -4 55 -22 43 42 -1 -41 44 -5 46 -39 -12 -21 -3 -45 -28 -15 -53 -55 -38
right_child=1 13 3 11 6 -7 10 8 12 -11 29 -13 -14 26 15 16 17 -19 19 48 38 -23 32 24 -26 -27 51 -29 -30 30 -32 -33 -34 35 -36 -37 37 45 -40 40 -42 -43 -44 50 -46 -47 -48 -49 -50 -51 -52 53 -54 54 -56 -57
leaf_value=-1.1768876303394471 0.044948521771400879 -0.33627946659380387 0.37448310690244002 -2.1575491636870008 -0.015353120631265416 -0.4422074475073936 0.0098939535452974084 -0.5169395560114276 -0.64784841686177974 0.010511254978876172 1.6363670985124601 -2.243575366517756 0.29780044483132001 2.1687430626074038 0.027479075049290504 -0.057308050471189545 0.15848724627197572 -0.47598043439213705 0.47681703122702618 0.055057142777848525 0.068640459544038593 0.011880867829424791 0.021612340904244534 0.1986629656859826 -0.040694328405060889 -0.073851479783034843 -0.21051054120195323 -0.92368381915708953 -0.31021221944301963 -1.9241369374859865 0.0088273405648809696 0.007580299168912852 -0.031705430098570186 0.4265755921809305 -0.93673065040690773 0.12846786069765487 -0.79781635264510919 -0.19884463045862619 -0.46327149001960111 0.66645127127553683 -4.686899942130025 -0.098680455141908929 -0.10194029050257941 1.1408578704322108 0.43058124086779093 1.2050216472394031 -0.27168688546626074 -0.19885399498198686 0.12003572540669812 -0.25717144917255352 -0.0017458928381988593 -0.093957352066640007 -0.026948209703581139 -0.035129468898075715 0.841497231808777 -1.0619248961907759
leaf_weight=29 23 48 39 28 6874 41 1961 147 29 58 28 24 111 24 106 848 116 24 51 107 168 970 70 1143 930 472 30 28 474 35 23 8238 87 671 56 2201 33 289 54 33 25 26 20 160 113 27 108 38 121 23 70 25 31 24 223 33
leaf_count=29 23 48 39 28 6874 41 1961 147 29 58 28 24 111 24 106 848 116 24 51 107 168 970 70 1143 930 472 30 28 474 35 23 8238 87 671 56 2201 33 289 54 33 25 26 20 160 113 27 108 38 121 23 70 25 31 24 223 33
internal_value=4.85769e-05 0.000317859 -0.000151525 -0.00201493 -2.19047e-05 -0.00746269 2.53687e-06 -0.000294298 -0.00355603 -0.0061899 0.00059061 2.62605e-05 0 0.000365823 0.000277029 7.65255e-05 0.000268176 0.0048951 0.00153722 0.00216653 -0.000971284 0.00123291 -0.00225271 -0.000168453 0.000776734 -0.00322719 0.00286727 -0.00130814 -0.000442117 -0.00433071 -0.00860656 0.00018979 0.00101563 0.00072823 -1.85644e-05 0.00126957 -0.00392387 -0.00451318 0.000777778 0.000691372 -0.00339506 -0.00711207 0 0.00170455 -0.000607639 -0.00316159 -0.00371875 0 0.00606061 -0.00692568 0.00332618 0.00418033 0.00237069 0.00490909 0.00555 -0.0119565
internal_weight=27788 11952 15836 1002 14834 64 14779 9766 345 205 5013 473 140 11888 11503 9961 9226 140 1542 1249 293 1021 735 9421 2073 578 385 83 7348 124 58 9086 157 4889 2017 2872 529 490 222 449 78 55 53 371 141 424 397 66 228 71 230 302 55 272 247 66
internal_count=27788 11952 15836 1002 14834 64 14779 9766 345 205 5013 473 140 11888 11503 9961 9226 140 1542 1249 293 1021 735 9421 2073 578 385 83 7348 124 58 9086 157 4889 2017 2872 529 490 222 449 78 55 53 371 141 424 397 66 228 71 230 302 55 272 247 66
is_linear=0
shrinkage=0.05


Tree=118
num_leaves=63
num_cat=7
split_feature=7 20 2 20 19 5 17 1 2 5 1 5 1 5 10 20 8 23 1 0 5 19 17 17 7 7 23 18 8 8 8 8 17 17 11 9 9 10 7 8 9 18 20 20 20 6 5 20 5 10 7 20 18 14 5 7 20 17 17 10 9 11
split_gain=0.598499 2.00491 1.79457 1.20993 0.953359 1.30034 0.856817 0.640517 1.02479 0.818895 2.46788 1.12 3.22957 1.61162 1.79175 1.15762 1.41334 1.09352 3.02618 1.57055 0.993578 1.06729 0.992251 1.27931 0.984069 0.938923 0.876418 0.704776 0.696545 1.41305 1.02658 0.80302 0.971859 0.689423 0.646134 0.609845 1.61236 1.1873 0.833497 1.29057 0.600335 0.588659 0.585544 0.768117 0.525211 0.517297 0.62903 0.507659 0.470731 0.433952 0.39477 0.389475 0.312153 0.301772 0.463789 0.283792 0.275996 0.252726 0.179615 0.176039 0.161826 0.152636
threshold=-1.0000000180025095e-35 62.500000000000007 0 11.500000000000002 1494.6550000000002 164.50000000000003 2.6666650375272281 1 2 348.50000000000006 3 319.50000000000006 4 315.50000000000006 1607.6600000000003 41.500000000000007 794.81500000000005 3.5000000000000004 5 6 357.50000000000006 2459.8250000000003 1.9993867520525368 1.4312415981245266 717.30500000000018 992.05500000000018 1.5000000000000002 1.0572202385149696 499.74500000000006 288.03000000000003 756.22500000000014 1032.1200000000001 1.3464394123748249 1.4736827688680629 1370.7150000000004 879.1350000000001 726.85000000000025 1385.8950000000002 579.09500000000014 1636.2050000000002 826.70500000000015 0.83061418187052449 124.50000000000001 211.50000000000003 222.50000000000003 4496.4800000000005 351.50000000000006 55.500000000000007 308.50000000000006 3431.6150000000002 689.31000000000006 99.500000000000014 0.19722956925402144 1.5000000000000002 129.50000000000003 755.94000000000017 61.500000000000007 1.6000008328238076 1.7041648798672855 1162.9300000000003 1163.6350000000002 864.51500000000021
decision_type=2 2 1 2 2 2 2 9 1 2 9 2 9 2 2 2 2 2 9 1 2 2 2 2 2 2 2 2 2 2 2 2 2 2 2 2 2 2 2 2 2 2 2 2 2 2 2 2 2 2 2 2 2 2 2 2 2 2 2 2 2 2
left_child=1 2 53 6 5 -5 58 8 35 11 44 13 15 17 41 16 -13 19 -19 -9 21 25 23 -14 -17 -12 -24 34 29 48 60 32 -32 -31 -22 36 42 47 -39 -40 55 -15 51 -44 45 46 -11 -37 -10 -33 -16 -2 -6 54 -1 -38 -35 -55 61 -7 -30 -4
right_child=7 -3 3 4 52 59 -8 9 28 10 20 12 22 14 50 24 -18 18 -20 -21 27 -23 26 -25 -26 -27 -28 -29 30 33 31 49 -34 56 -36 37 40 38 39 -41 -42 -43 43 -45 -46 -47 -48 -49 -50 -51 -52 -53 -54 57 -56 -57 -58 -59 -60 -61 -62 -63
leaf_value=0.1848411048238463 0.05917187255569481 -0.68520253376257334 0.049807312763705681 -0.54844398666631811 -0.025409820989338708 -0.5491497979590737 -0.1078809476927341 0.001461197891749322 0.47337253904121912 0.10718648402731415 -0.35740304545268914 -0.078055536800878095 0.0038308577389784661 -0.99485769754260966 -0.32036219863289744 0.52244810442874579 0.36744496819157568 -0.096718194131591426 0.016031554578467812 -0.074370042057365901 1.1713281403154221 0.11311419307937937 0.80756658792563207 -0.1952424683682672 0.22845866607530924 -0.059459457956147516 -0.032025260149208992 0.57788727335108048 0.78692975921949826 -0.25767919118952248 0.49142978611895211 0.89205135140850556 -0.48894909973724021 -0.7783400106920193 -0.55719469430543966 0.10089157511558017 -0.87969775507813575 0.088799067533730458 -0.24011170685793015 0.24766429509569488 -0.28222091350250872 -0.4093521388901829 -0.78088020823617121 1.4540581071488008 -1.6767576459584057 -0.011387474429292511 0.44326743735220131 1.0165051147900557 -0.078285554989584408 -0.016352486692750603 0.30259171865877477 1.3778896813074317 0.16086492631549432 0.12385054788054438 -0.34279942678067787 -0.6346424443991705 0.54203584949032513 1.7080905182948094 1.9541289657633663 0.33687075958390572 0.30463355402941333 -0.014466424330484007
leaf_weight=20 85 26 20 53 33 23 27 10759 47 58 265 86 553 74 21 324 53 637 8482 3687 20 20 213 279 141 75 151 43 121 38 24 147 67 20 34 34 20 38 123 56 27 24 64 39 41 33 110 65 27 36 47 32 27 20 26 21 27 34 20 21 26 24
leaf_count=20 85 26 20 53 33 23 27 10759 47 58 265 86 553 74 21 324 53 637 8482 3687 20 20 213 279 141 75 151 43 121 38 24 147 67 20 34 34 20 38 123 56 27 24 64 39 41 33 110 65 27 36 47 32 27 20 26 21 27 34 20 21 26 24
internal_value=5.0376e-05 -0.00192308 -0.000712251 -0.00306513 -0.00585938 -0.008875 0.000930851 7.93303e-05 0.00121136 2.57211e-05 -0.00165598 7.3921e-05 0.00127565 -1.52734e-05 -0.00488166 0.00421394 0 1.75025e-05 0.000448093 -0.000250882 -0.00380319 -0.00509642 -0.000206782 -0.0011976 0.00547543 -0.0058309 0.00190736 0.000125 0.00269815 0 0.00380307 0.0017148 -0.00172872 -0.00440341 -0.00307018 -0.000162075 -0.00189003 0.00125392 -0.000625 -0.00226648 -0.0084507 -0.00915842 0 -0.00247642 0.0022549 0.00349265 0.00467836 0.0057598 0.00487013 0.00369624 0.000704225 0.00260417 0 0.00442478 0.000510204 -0.0122159 0 0.00745614 0.00447761 -0.00106383 0.00725 0.00106383
internal_weight=27788 374 348 248 157 97 91 27414 1184 26230 699 25531 1800 23731 166 604 139 23565 9119 14446 457 360 1196 832 465 340 364 97 580 159 421 274 91 85 54 604 288 316 217 179 68 98 220 103 242 201 168 99 74 183 68 117 60 100 46 41 47 54 64 44 147 44
internal_count=27788 374 348 248 157 97 91 27414 1184 26230 699 25531 1800 23731 166 604 139 23565 9119 14446 457 360 1196 832 465 340 364 97 580 159 421 274 91 85 54 604 288 316 217 179 68 98 220 103 242 201 168 99 74 183 68 117 60 100 46 41 47 54 64 44 147 44
cat_boundaries=0 1 3 4 6 8 10 11
cat_threshold=2194 1140918016 139328 2401 2181074957 16897 285790302 16915 16400 1302 1
is_linear=0
shrinkage=0.05


Tree=119
num_leaves=63
num_cat=21
split_feature=6 2 20 23 2 20 1 0 21 2 1 1 2 2 1 14 2 2 17 1 22 1 19 21 21 20 21 19 20 1 17 10 17 10 10 10 1 17 20 20 22 4 20 23 20 23 10 1 2 9 8 1 10 17 9 17 22 20 9 9 10 1
split_gain=0.696444 3.03676 2.07936 3.3227 4.71581 6.40128 2.05099 1.85886 3.02715 3.0392 2.58155 2.10864 1.9801 1.8121 2.31216 1.97523 1.53474 1.47478 1.41423 1.36667 2.66517 1.24889 1.22084 1.12133 1.21828 1.05836 1.05654 1.04739 1.01346 1.00496 0.996252 1.13371 1.08887 1.40232 2.55815 0.976048 0.965699 0.949329 1.24627 0.926316 0.913241 0.888709 0.954723 0.888569 0.877716 0.863606 0.848548 0.817815 1.2616 1.26212 1.06533 1.43378 1.02785 1.00543 0.804785 0.803313 0.789451 0.787708 0.770781 0.767148 1.47187 0.768618
threshold=1376.8900000000001 0 27.500000000000004 1.5000000000000002 1 179.50000000000003 2 3 15.859090909090911 4 5 6 7 8 9 4.5000000000000009 10 11 3.0851813490915716 12 52.376839664417311 13 764.59500000000014 74.190909090909102 177.58333333333334 119.50000000000001 224.25000000000003 2165.275000000001 39.500000000000007 14 1.9586877231193094 752.47000000000014 1.3721365464486655 909.45500000000015 1791.1850000000004 2044.1800000000001 15 2.4999965299465616 166.50000000000003 27.500000000000004 8.9832184809140418 16 86.500000000000014 6.5000000000000009 1.0000000180025095e-35 3.5000000000000004 1399.4350000000002 17 18 1373.7800000000004 1240.0650000000003 19 1801.1050000000002 0.7694034644761073 1306.3900000000001 2.1207550941459945 64.074435624406419 1.0000000180025095e-35 1208.6850000000002 794.98500000000001 2522.4100000000003 20
decision_type=2 1 2 2 1 2 9 1 2 1 9 9 1 1 9 2 1 1 2 9 2 9 2 2 2 2 2 2 2 9 2 2 2 2 2 2 9 2 2 2 2 9 2 2 2 2 2 9 1 2 2 9 2 2 2 2 2 2 2 2 2 9
left_child=1 2 29 4 5 18 30 13 9 22 17 -11 -12 14 23 27 59 -10 -4 20 -14 -15 55 41 45 -26 -6 35 58 44 32 -32 -3 -34 -35 -16 -8 38 -13 -33 -18 42 -2 -30 -1 -25 -43 48 49 -23 52 -52 -49 -50 -42 -9 -21 -39 -19 61 -61 -5
right_child=7 6 3 16 26 -7 36 8 10 11 12 37 19 21 15 -17 40 28 -20 56 -22 47 -24 24 25 -27 -28 -29 43 -31 31 39 33 34 -36 -37 -38 57 -40 -41 54 46 -44 -45 -46 -47 -48 50 53 -51 51 -53 -54 -55 -56 -57 -58 -59 -60 60 -62 -63
leaf_value=-1.3632976793034517 -0.17530521329847454 0.0024371868199212889 -1.0496166961879372 -0.006850502425202621 -0.013904909425653856 1.838911793290003 0.32303930796902308 -0.54890967586748052 0.02801678372780856 0.00041975816796266944 0.03614490619501072 -0.79156377028045954 -0.037705417084179432 0.2890788223091354 0.53540105654207337 -0.12373457005357524 0.26175255093576094 0.17395030648584112 -0.097336717235464179 -0.0010541032868808032 -0.86738402248393021 -0.036528956574888131 0.27506618952032158 -0.94538749798025179 -0.13180089353677746 1.3358704511299231 -2.2998958293010978 -0.016977991681932505 -0.60498616484635415 0.2928788571148836 -0.16140414838295991 -0.29331350715007076 0.20678743548178247 -0.58607317077459897 0.15130016590961609 0.04027961282738593 0.12192649051410749 -1.0490416103298414 -1.4544913933223569 0.51946251738488702 -0.078559215697897505 0.013128577869577241 0.85775318209623852 -0.025748045263708622 0.035068665311782966 -0.18194422446068864 0.53198155208433029 0.0031973822878019753 0.074570611404569664 0.30356913438143096 0.21051253876484141 -0.0069049544172146045 -0.028947456591709164 -0.086268503490891046 -0.22822117666446415 -0.012668344327498905 1.0600823120954641 -0.19051887267883016 -0.052163476449767487 -0.15100162377315424 0.066419053609089174 0.23106432880879677
leaf_weight=24 109 348 105 100 318 41 217 29 109 103 1378 50 656 472 983 22 21 45 20 609 100 801 155 91 22 66 30 194 127 232 137 37 57 82 38 348 1296 62 35 129 329 140 36 41 89 105 114 9927 139 182 967 1007 2710 1425 59 71 51 169 72 138 48 171
leaf_count=24 109 348 105 100 318 41 217 29 109 103 1378 50 656 472 983 22 21 45 20 609 100 801 155 91 22 66 30 194 127 232 137 37 57 82 38 348 1296 62 35 129 329 140 36 41 89 105 114 9927 139 182 967 1007 2710 1425 59 71 51 169 72 138 48 171
internal_value=5.21752e-05 0.00065741 -0.000913406 -0.00180766 -0.00498066 -0.0115922 0.00183199 -4.95258e-05 -0.00105433 -0.00409897 -0.000391727 -0.00662616 0.000133595 0.000143483 0.00148239 0.00255609 2.87687e-05 -0.00411548 -0.0178711 -0.00115465 -0.00260078 -2.40889e-05 0.000139925 -0.000880029 -0.0033101 0.0010989 -0.00124654 0.00282232 -0.00599832 0.00247845 -0.000118906 0.00208333 -0.00149148 -0.00465278 -0.00772358 0.00332646 0.00292431 -0.00866261 -0.0140625 0.00488166 -0.00210308 0.000715174 -0.00213608 -0.00877193 -0.00109127 -0.00552764 0.00252809 -9.75482e-05 -0.000922852 0.000439257 4.35927e-05 0.00112544 -0.000121638 -0.00180723 -0.0028133 -0.0038835 0.000445765 -0.00667735 -0.00197917 0.00204787 -0.000132275 0.0037865
internal_weight=27788 4066 1725 1380 514 166 2341 23722 3862 674 3188 419 2794 19860 2230 1547 866 394 125 1416 756 17630 255 683 284 88 348 1525 285 345 828 303 525 177 120 1331 1513 316 85 166 409 399 145 168 113 196 254 17158 2547 983 14611 1974 12637 1564 388 100 660 231 117 457 186 271
internal_count=27788 4066 1725 1380 514 166 2341 23722 3862 674 3188 419 2794 19860 2230 1547 866 394 125 1416 756 17630 255 683 284 88 348 1525 285 345 828 303 525 177 120 1331 1513 316 85 166 409 399 145 168 113 196 254 17158 2547 983 14611 1974 12637 1564 388 100 660 231 117 457 186 271
cat_boundaries=0 1 2 4 5 6 8 10 11 12 14 15 16 18 20 22 24 25 27 28 30 31
cat_threshold=2448 256 283407 350352 1 1734 68161538 37153 28 16528 2665 256 101601582 45216 2304 581 2990538904 327704 1207960064 139304 224 4736 380665856 13 17 2441094480 1049863 153 604557448 33296 2684354688
is_linear=0
shrinkage=0.05


Tree=120
num_leaves=63
num_cat=24
split_feature=6 2 1 1 15 17 4 23 2 10 0 23 2 1 1 2 1 14 6 11 9 1 8 10 21 12 8 9 21 2 4 10 1 21 4 9 10 8 2 18 17 21 15 1 1 9 15 23 23 9 2 4 17 17 10 9 1 15 8 1 11 1
split_gain=0.633765 2.70176 2.0023 1.69588 1.60174 1.50267 1.42418 1.93022 3.14303 1.97828 1.35889 2.77237 2.55823 2.14929 1.79064 1.39121 2.30091 1.85141 1.2978 1.25273 1.37491 1.28922 1.22198 1.85183 1.26529 1.13052 1.1202 1.44582 1.20833 1.06444 1.13209 1.36455 1.11626 1.10888 1.05603 1.37743 2.11291 1.46538 1.2843 1.27133 1.01736 2.17406 2.37679 1.00863 0.995966 1.36854 1.12933 1.62942 1.15625 0.995286 0.981702 1.78349 0.981521 1.69263 0.968748 1.68275 0.931229 0.930811 0.898726 1.7562 1.40239 2.61987
threshold=1376.8900000000001 0 1 2 3.5000000000000004 1.7486267011887235 3 3.5000000000000004 4 542.47500000000014 5 2.5000000000000004 6 7 8 9 10 4.5000000000000009 3056.7900000000004 3245.2300000000005 630.58000000000015 11 1260.9650000000004 726.9100000000002 20.13602941176471 1.0000000180025095e-35 681.25500000000011 1439.3900000000003 39.51315789473685 12 13 701.60500000000013 14 61.035714285714292 15 1235.7300000000002 864.51500000000021 1608.1650000000002 16 1.3923548470233056 1.9332779454670339 50.527777777777786 8.5000000000000018 17 18 661.36000000000013 3.5000000000000004 3.5000000000000004 5.5000000000000009 1306.3900000000001 19 20 3.5272379962922433 1.4567594701162419 1620.3850000000004 1363.8700000000001 21 1.5000000000000002 1240.0650000000003 22 4535.4100000000008 23
decision_type=2 1 9 9 2 2 9 2 1 2 1 2 1 9 9 1 9 2 2 2 2 9 2 2 2 2 2 2 2 1 9 2 9 2 9 2 2 2 1 2 2 2 2 9 9 2 2 2 2 2 1 9 2 2 2 2 9 2 2 9 2 9
left_child=1 3 -3 4 57 19 7 8 -5 -10 15 12 -12 54 34 16 52 -18 25 20 -4 -22 23 43 -24 -15 27 -21 -28 32 31 -31 -16 -32 35 36 -13 -37 -36 -40 41 42 -8 -7 45 46 47 -17 -48 -43 56 -52 53 -2 -14 -56 -47 -1 60 -60 -46 -62
right_child=10 2 5 6 -6 22 40 -9 9 -11 11 14 13 18 29 44 17 -19 -20 26 21 -23 24 -25 -26 -27 28 -29 -30 30 33 -33 -34 -35 38 37 -38 -39 39 -41 -42 49 -44 -45 58 50 48 -49 -50 -51 51 -53 -54 -55 55 -57 -58 -59 59 -61 61 -63
leaf_value=1.0602479839802832 -0.098023397642409554 0.23634112418014369 0.0018731201974801161 -0.040437278385401947 0.057376776762269002 -0.50895738695976755 -0.46394931110787074 0.035967320333088713 -0.20911776762855183 -1.0159308642028901 0.10764662246925667 -0.2843301263701658 0.33987233242941706 0.2682203032543839 0.013078450115707208 0.016040922434261428 0.17476583794969136 -0.13094236287389058 -0.44282085301848967 0.046455170244874472 0.0064653742242485992 -0.29103211957396641 -0.45379198621470612 0.37354826320165346 0.35233915651334313 -0.35753740445679338 -0.053606973847180585 -0.17375733991657408 0.50239643245876386 -1.1980091457921176 -0.029099845982212047 -0.023756974067613613 0.12874824611071586 0.25417054698241376 0.088285130047649318 -0.26432080419068033 0.18012488937994037 -0.011279976871394082 -0.23732207003195757 0.021309404895317387 0.059074299977516724 0.034746657508143743 0.087677811130874528 0.38752844027317668 0.0018865054449547004 -0.042718453090513364 0.75890760863281814 -1.1425050502938796 -0.0014874391087975171 -0.42070834836714649 -0.134401733296132 0.097522772300186134 -0.56036299816002588 0.29875235768059566 -0.9048727264978812 0.20006986224555023 -0.24364795243341791 -0.12846626150171478 0.65261118536182572 0.0075573092108211174 -0.18049415584849299 0.019760029705561333
leaf_weight=67 165 429 542 114 255 107 66 137 31 96 277 21 170 87 442 414 1680 25 72 90 107 124 40 453 28 865 37 24 104 21 399 389 310 298 110 62 73 30 74 121 372 233 31 256 12424 281 125 53 105 27 283 417 102 258 20 21 404 296 499 1616 635 374
leaf_count=67 165 429 542 114 255 107 66 137 31 96 277 21 170 87 442 414 1680 25 72 90 107 124 40 453 28 865 37 24 104 21 399 389 310 298 110 62 73 30 74 121 372 233 31 256 12424 281 125 53 105 27 283 417 102 258 20 21 404 296 499 1616 635 374
internal_value=1.79914e-05 0.00059597 0.00170455 -0.000884638 0.00114897 0.000961039 -0.00206473 -0.00453964 -0.00732582 -0.0122321 -7.90306e-05 -0.000937904 -0.00260726 -0.00357572 0.000116872 8.55863e-05 0.00125947 0.00216094 -0.0045323 -0.00029098 -0.00133698 -0.0045406 0.00248027 0.0030525 -0.00352113 -0.00397906 0.00266473 -0.000641026 0.00564236 0.000848024 -0.000100446 -0.00218676 0.00228758 0.00107394 -0.00250496 -0.00540201 -0.000773196 -0.01 -0.00043239 -0.00294471 -0.000657008 -0.00260417 -0.008875 0.000239071 -6.09307e-05 -0.00108592 0.000660714 -0.000664894 0.00354077 0 -0.00200829 -0.00056101 -0.00155669 -0.000381455 0.000837054 -0.00539773 -0.00334885 -0.000853825 7.39027e-05 0.00103281 -7.34966e-05 -0.00186512
internal_weight=27788 4066 2341 1725 618 1912 1107 378 241 127 23722 3862 1512 1235 2350 19860 2230 1705 1024 1028 773 231 884 816 68 952 255 114 141 1859 1107 410 752 697 491 186 94 92 305 195 729 357 97 363 17630 2082 697 467 230 260 1385 700 525 423 211 41 685 363 15548 2115 13433 1009
internal_count=27788 4066 2341 1725 618 1912 1107 378 241 127 23722 3862 1512 1235 2350 19860 2230 1705 1024 1028 773 231 884 816 68 952 255 114 141 1859 1107 410 752 697 491 186 94 92 305 195 729 357 97 363 17630 2082 697 467 230 260 1385 700 525 423 211 41 685 363 15548 2115 13433 1009
cat_boundaries=0 1 3 5 6 7 8 9 11 13 14 16 17 18 19 21 22 23 25 27 28 29 31 33 35
cat_threshold=2448 381198368 1081359 2157196113 71681 3 144 1 576 272663580 16384 374345730 102689 256 101077036 41120 536871048 2616 9 2684388288 262656 6 2656 136 266384 2441094224 1049862 118 6 8208 1049602 67686920 33297 539754660 376848
is_linear=0
shrinkage=0.05


Tree=121
num_leaves=63
num_cat=3
split_feature=15 21 22 8 8 16 23 17 20 21 14 10 15 5 7 23 20 6 5 4 7 0 5 5 20 9 20 21 0 16 21 7 5 20 17 15 5 22 5 21 9 16 20 22 5 15 22 21 8 17 7 9 17 16 20 5 16 16 20 8 22 10
split_gain=0.831471 0.978451 1.92026 1.50053 1.55848 1.24875 0.959766 1.93538 1.16036 0.909448 1.34411 0.899537 1.22111 1.98929 1.16123 0.869356 0.881858 0.854348 1.09472 1.2342 2.64658 1.59571 1.13608 1.4362 1.58222 1.24737 0.971133 0.899743 1.12737 1.83851 1.50698 1.26847 1.1038 1.01481 1.00451 2.41294 1.44569 0.937818 1.73034 0.892453 0.855557 0.843426 0.840304 0.840081 0.814676 1.43077 0.805565 0.805245 0.832466 0.755426 0.690652 0.699377 0.676187 0.633832 0.734581 0.627838 1.1476 0.81761 0.592105 1.22109 0.664413 0.56451
threshold=6.5000000000000009 45.516666666666673 25.642575260815565 149.98500000000004 710.0150000000001 1.6826233246911586 12.500000000000002 1.2364286188363558 46.500000000000007 20.13602941176471 6.5000000000000009 1455.2150000000004 9.5000000000000018 333.50000000000006 117.73500000000001 5.5000000000000009 30.500000000000004 2501.0100000000007 18.500000000000004 0 363.51500000000004 1 35.500000000000007 50.500000000000007 1.5000000000000002 137.89500000000001 321.50000000000006 62.038461538461547 2 1.4545114423491061 60.035714285714292 611.95500000000004 133.50000000000003 132.50000000000003 1.32752089628837 3.5000000000000004 333.50000000000006 42.431807693809709 329.50000000000006 75.292857142857159 539.7650000000001 1.3300187807462565 55.500000000000007 31.63381441250672 203.50000000000003 16.500000000000004 68.777781530079125 53.041666666666679 480.17000000000002 0.96764073987633037 717.30500000000018 1021.8850000000001 1.5899234596658887 2.1352151198721363 26.500000000000004 177.50000000000003 1.5293302398109074 1.8673163998105768 60.500000000000007 1023.7500000000001 20.938356236560598 684.03500000000008
decision_type=2 2 2 2 2 2 2 2 2 2 2 2 2 2 2 2 2 2 2 9 2 1 2 2 2 2 2 2 1 2 2 2 2 2 2 2 2 2 2 2 2 2 2 2 2 2 2 2 2 2 2 2 2 2 2 2 2 2 2 2 2 2
left_child=6 2 9 -4 5 43 17 8 -8 10 44 53 13 -13 -14 47 41 18 19 26 -21 -22 25 49 -25 -20 40 28 30 -30 32 -32 -19 -31 35 39 -37 38 -36 -29 -1 -17 -39 -5 45 -2 -27 50 -49 -24 51 -3 -18 61 -55 56 -6 -57 59 60 -9 -11
right_child=1 15 3 4 55 -7 7 58 -10 11 -12 12 14 -15 -16 16 52 27 22 20 21 -23 23 24 -26 46 -28 34 29 33 31 -33 -34 -35 37 36 -38 42 -40 -41 -42 -43 -44 -45 -46 -47 -48 48 -50 -51 -52 -53 -54 54 -56 57 -58 -59 -60 -61 -62 -63
leaf_value=0.12108262586180629 -0.28700380064645098 0.16235721382476953 0.1981702287547675 -0.43653693272391419 -0.44024194444647391 -0.053009016100717954 0.17908772711766457 0.15082871187038904 -0.27675705528467437 -0.076812424139190594 0.033783777829324672 -0.010218987566176452 -0.173719250498796 -0.42644895390635684 0.022093522098226528 -0.43793326604741112 0.04441686764787494 -0.063497522998946287 -0.36779664568108733 -1.0764936684218585 -0.24083855788221592 0.089174960240597484 0.21900867709214733 0.40442455846999065 0.0029431879011641016 0.18496769203519819 2.9332712917671317 0.068687550721035967 0.044980166188819573 -0.29874045108662983 -0.068494446942347145 -0.69246900739133321 0.019644203542029004 0.18500266592783562 0.040298687640503331 0.034751457564009415 -0.071643526577311434 -0.31069120210431012 0.46284582450765593 -0.30843104374863056 -0.076087508437587562 0.070051715596811628 0.0081786154496806592 -0.084278887415329254 0.019927381262342038 0.02106128770087895 -0.46728904671600269 0.071441019856913715 -0.38394604381862829 -0.17931157084150229 0.28900269275225021 -0.29997520185248439 0.30951881479858168 -0.1371542638626338 0.1108687655068633 0.46096181776121892 0.015374117386091068 -0.17692312333773891 0.29668756528775914 0.70800755602917154 -0.57356239229038652 0.055968987367254336
leaf_weight=165 45 41 27 68 20 43 20 21 47 37 36 693 63 51 995 48 808 1305 29 53 189 81 59 1252 12991 869 30 29 57 112 52 54 1377 20 1360 829 65 229 124 463 291 281 678 25 26 22 74 25 50 692 21 24 124 20 47 31 43 23 50 24 38 322
leaf_count=165 45 41 27 68 20 43 20 21 47 37 36 693 63 51 995 48 808 1305 29 53 189 81 59 1252 12991 869 30 29 57 112 52 54 1377 20 1360 829 65 229 124 463 291 281 678 25 26 22 74 25 50 692 21 24 124 20 47 31 43 23 50 24 38 322
internal_value=8.63589e-05 0.000747784 0.00015625 -0.00371025 -0.0050293 -0.00863309 -2.47556e-05 -0.00344828 -0.0101786 0.00064089 -0.00331439 0.000896459 0.000373961 -0.00113788 0.00148445 0.00180702 0.00226464 2.65596e-06 0.000195941 -0.00158559 -0.00390625 -0.00173993 0.000289624 0.000178369 0.000293942 0.00194872 0 -0.000469883 -0.00111997 -0.00488281 -0.000841992 -0.00665138 -0.000586592 -0.00814815 2.97619e-05 -0.00102592 0.000473802 0.000663116 0.00144586 -0.00383838 -0.000544662 0 -0.000563187 -0.011849 -0.00664063 -0.00946429 0.00231237 -0.00144817 -0.00528846 -0.00193966 0.00140449 -0.000551471 0.00304813 0.00297203 -0.000892857 -0.0003125 -0.00397727 0.00307018 0 -0.00247093 -0.00665323 0.00383287
internal_weight=27788 4059 2637 280 253 136 23729 200 67 2357 129 2228 1802 744 1058 1422 1261 23529 16775 809 323 270 15966 14994 14243 972 486 6754 2977 189 2788 106 2682 132 3777 1386 894 2391 1484 492 456 329 907 93 93 67 943 161 75 751 86 65 932 426 67 117 63 54 133 83 59 359
internal_count=27788 4059 2637 280 253 136 23729 200 67 2357 129 2228 1802 744 1058 1422 1261 23529 16775 809 323 270 15966 14994 14243 972 486 6754 2977 189 2788 106 2682 132 3777 1386 894 2391 1484 492 456 329 907 93 93 67 943 161 75 751 86 65 932 426 67 117 63 54 133 83 59 359
cat_boundaries=0 1 2 3
cat_threshold=22 1 1
is_linear=0
shrinkage=0.05


Tree=122
num_leaves=63
num_cat=12
split_feature=15 1 2 23 16 23 17 18 1 17 17 16 1 4 11 2 1 11 20 1 9 11 9 11 2 1 17 22 22 20 18 16 22 23 9 22 18 23 9 16 20 22 1 9 2 9 9 11 18 11 7 9 9 7 11 8 7 7 20 23 16 23
split_gain=0.800858 1.66471 2.2152 1.31425 1.35057 1.10395 1.4038 1.08771 0.872894 0.864688 1.53133 1.4982 0.829024 1.18935 1.43302 1.32115 2.57211 1.32142 1.31461 1.20863 1.14001 1.11252 1.02146 0.984361 0.821664 2.05468 1.81998 1.48339 1.70991 1.09152 1.18028 0.909384 0.832091 0.81708 1.86548 1.54178 0.927068 1.37043 1.25719 0.896067 0.87351 0.805104 0.801728 0.798219 0.741287 0.977598 0.725726 0.700667 0.764545 0.746507 0.6852 0.671202 0.660025 0.653478 1.14218 0.867883 0.643232 0.951456 0.640294 0.908705 0.617463 0.693067
threshold=6.5000000000000009 0 1 7.5000000000000009 1.941185080549509 12.500000000000002 1.2364286188363558 2.0215325407379354 2 1.0024541409419101 0.95133203897803387 1.3587289701442813 3 4 330.7050000000001 5 6 992.05500000000018 21.500000000000004 7 3765.9400000000005 930.29500000000019 1373.7800000000004 2462.6950000000002 8 9 0.94238522751434284 30.158006477231389 48.084127657496786 489.50000000000006 0.25689558987229938 1.4999972783388438 138.08105789622593 7.5000000000000009 1373.7800000000004 10.377124828891519 1.4768905737772551 12.500000000000002 2957.8300000000004 2.0196937982403731 48.500000000000007 16.546902910873921 10 1800.4400000000003 11 2232.5550000000007 208.98000000000005 272.73500000000007 0.095854447455161834 452.25000000000006 378.3250000000001 2314.7850000000003 3214.9400000000001 164.53500000000003 1047.2550000000003 358.74500000000006 540.00000000000011 371.54000000000002 63.500000000000007 5.5000000000000009 1.7447392543971907 13.500000000000002
decision_type=2 9 1 2 2 2 2 2 9 2 2 2 9 9 2 1 9 2 2 9 2 2 2 2 1 9 2 2 2 2 2 2 2 2 2 2 2 2 2 2 2 2 9 2 1 2 2 2 2 2 2 2 2 2 2 2 2 2 2 2 2 2
left_child=5 33 3 4 -3 12 7 -7 43 10 -4 -12 24 14 46 16 17 -15 -18 21 23 -16 -21 -17 25 27 31 -1 -29 47 -31 -27 -28 34 40 -35 53 38 -38 -39 56 -13 50 -5 51 -46 -14 48 -26 -49 -11 -36 -47 54 -37 -55 57 -2 -42 -60 61 -10
right_child=1 2 9 8 -6 6 -8 -9 60 42 11 41 13 15 19 20 18 -19 -20 22 -22 -23 -24 -25 29 26 32 28 -30 30 -32 -33 -34 35 44 36 37 39 -40 -41 58 -43 -44 -45 45 52 -48 49 -50 -51 -52 -53 -54 55 -56 -57 -58 -59 59 -61 -62 -63
leaf_value=0.4287937245472957 -0.0051104687684306871 0.1506410677732779 0.048238050279449496 -0.26161488551773388 -0.76430536633260071 -0.2425091380939712 -0.006371674189149701 -0.10913965486868077 -0.080658736021002 -0.073294067930835913 -0.44228682701970556 0.090551058561954403 -0.028335561763058337 1.5302809920699134 0.23811160088440497 -0.0092702920979956371 0.020481062800649853 -0.080315161255385459 -0.68657559665102175 0.036462054114749433 0.5645758419584771 -0.071223345659307574 0.16823309661726144 -0.055988080679337318 -0.54236865146666902 0.011561654735817318 0.070011736084954465 -0.58765654301179815 0.63945829600248105 -0.1700272879337982 5.2073927816325716 -0.38719889630699805 -0.61304751453625661 0.050569757932694873 0.024302909907784456 0.16638122624130311 -0.13372879991723918 -0.0028378865381581079 0.14468848059002357 0.096507363852214395 0.14725898382082728 -0.10735992984521268 0.10050233505450974 0.0025439245353572728 -0.34307314512300852 0.078191170257647352 -0.40274757328635213 0.27597921532331088 0.85933916962089274 -0.001890540365272031 0.049885359055002 -0.30125955354164868 -0.35355205559787289 0.070552653520601138 -0.091039229413225356 0.014642872953997488 0.15264954661961616 -0.21557957382508397 -0.37773760068554474 0.17548028670488558 0.32003637916245575 0.010889583414247018
leaf_weight=537 116 92 243 95 20 44 133 23 66 50 27 22 70 53 252 3731 53 165 210 2222 31 849 361 1353 96 74 2459 77 111 40 78 178 36 133 76 24 404 531 40 85 74 21 495 37 75 33 63 322 51 10057 154 42 26 238 130 462 32 43 32 37 37 67
leaf_count=537 116 92 243 95 20 44 133 23 66 50 27 22 70 53 252 3731 53 165 210 2222 31 849 361 1353 96 74 2459 77 111 40 78 178 36 133 76 24 404 531 40 85 74 21 495 37 75 33 63 322 51 10057 154 42 26 238 130 462 32 43 32 37 37 67
internal_value=8.63589e-05 0.000735475 0.00210215 -0.00087822 0.00347826 -2.26487e-05 -0.00369458 -0.00946429 -0.00270492 0.00336585 0.000988924 -0.00513699 6.90549e-06 -0.000354074 0.00031658 -0.000820111 -0.00331478 0.000541126 -0.00656703 0.000515324 -0.00056796 -0.000841562 0.00111229 -0.000638883 0.000251256 0.000918221 0.00026721 0.00326897 -0.00026178 2.81505e-05 0.00475207 -0.00372549 0.000695556 0 -0.00165535 0.000457317 6.52061e-05 -0.000893697 -0.00302013 0.000565428 0.000667656 0 0.00439815 -0.00551724 -0.00490196 -0.00731293 -0.0046875 -2.13696e-05 -0.00341667 2.28761e-05 0.00115207 -0.000954198 -0.00181452 0.00131272 -0.00143312 0.00199147 -0.00135309 -0.00285494 0.00368151 0 0 -0.00174632
internal_weight=27788 4059 1426 414 112 23729 200 67 302 1012 313 70 23529 9413 3817 5596 481 218 263 3684 5115 1101 2583 5084 14116 3472 2747 725 188 10644 118 252 2495 2633 586 2047 1914 1060 444 616 334 43 699 132 252 134 133 10526 147 10379 204 118 59 854 154 700 191 159 143 69 170 133
internal_count=27788 4059 1426 414 112 23729 200 67 302 1012 313 70 23529 9413 3817 5596 481 218 263 3684 5115 1101 2583 5084 14116 3472 2747 725 188 10644 118 252 2495 2633 586 2047 1914 1060 444 616 334 43 699 132 252 134 133 10526 147 10379 204 118 59 854 154 700 191 159 143 69 170 133
cat_boundaries=0 2 3 5 7 8 9 11 13 14 16 18 19
cat_threshold=576983710 820096 1604 2148007937 4096 1044751249 745710 18 64 2159034372 295424 1084359684 35089 644 100663552 196810 2148663296 65552 595
is_linear=0
shrinkage=0.05


Tree=123
num_leaves=63
num_cat=13
split_feature=14 21 1 5 11 10 1 16 1 22 18 1 18 1 18 5 1 18 7 22 11 9 2 18 16 7 7 1 2 22 9 7 16 11 22 1 7 7 9 5 8 2 21 22 10 2 16 16 22 16 8 5 18 22 18 8 5 22 7 21 2 23
split_gain=0.98703 1.75753 1.26945 1.32112 1.26137 1.08754 2.00017 2.00348 1.49578 1.08793 1.04744 1.03397 1.28286 2.7273 1.84124 1.3648 3.00583 1.39311 1.22789 1.31142 3.03199 1.43036 1.20888 1.64917 1.50845 1.08962 1.0164 0.981182 1.15296 1.12847 0.931548 0.921793 1.17493 0.913328 0.897173 0.88764 1.19884 2.46932 1.07428 0.897111 2.20463 0.86587 0.89678 0.856258 1.9388 1.86026 1.26417 1.74733 1.32426 1.27009 0.903966 0.855685 0.826856 0.759035 0.727547 0.720094 0.672816 0.658742 0.622693 0.609175 0.526845 0.855403
threshold=2.5000000000000004 15.859090909090911 0 299.50000000000006 3217.9400000000005 3192.5400000000004 1 1.3333121750503947 2 20.744842364190749 0.37684162062615112 3 1.9438401885638208 4 1.7970569889764538 287.50000000000006 5 1.7425195221130667 992.05500000000018 73.190839676071391 3035.5350000000003 247.07000000000002 6 0.11545396157190065 0.47238289367861508 377.94500000000005 1018.3150000000002 7 8 36.083113383039226 1408.4750000000001 1020.4900000000001 0.65226185826365035 4333.0950000000003 52.008813053334869 9 546.05000000000007 489.07000000000005 2788.7300000000009 166.50000000000003 575.75500000000011 10 91.055555555555571 25.883304530820876 799.79000000000008 11 0.66689796173514437 1.2002539444244096 8.1906610443835444 1.6579836356143269 268.3300000000001 315.50000000000006 2.1719715235045047 30.750855838344119 1.3481632329378712 1219.1900000000003 322.50000000000006 12.480270107142848 540.00000000000011 40.023809523809533 12 8.5000000000000018
decision_type=2 2 9 2 2 2 9 2 9 2 2 9 2 9 2 2 9 2 2 2 2 2 1 2 2 2 2 9 1 2 2 2 2 2 2 9 2 2 2 2 2 1 2 2 2 1 2 2 2 2 2 2 2 2 2 2 2 2 2 2 1 2
left_child=5 10 43 35 53 11 9 31 -9 54 -2 18 14 41 15 17 -17 -13 19 22 21 -21 24 -24 -1 -16 -20 29 -29 -28 55 32 -8 -6 -27 36 37 -4 -38 -37 -41 42 -14 46 -45 -46 50 48 -48 -49 -3 -35 -47 -5 -7 -10 -32 -52 -12 -34 61 -15
right_child=1 2 3 4 33 6 7 8 30 -11 58 12 13 60 25 16 -18 -19 26 20 -22 -23 23 -25 -26 34 27 28 -30 -31 56 -33 59 51 -36 39 38 -39 -40 40 -42 -43 -44 44 45 52 47 49 -50 -51 57 -53 -54 -55 -56 -57 -58 -59 -60 -61 -62 -63
leaf_value=-0.68280682418726002 0.083583631856567031 -0.1713275802281751 0.015675594403040404 -0.0050881371368989292 -0.24009347723793595 -0.095746065395433053 -0.066498100025542781 -0.25175546117729691 -0.0053138471804628834 0.25160528931589216 -0.38927030107851879 -0.036545728588551894 -0.29418126692399194 -0.1550685646783192 0.060053017744332943 0.38603012964506234 -0.035748794234675786 0.70507373695235476 0.42265578450570196 0.93061800226475322 -0.95320509783469287 -0.18632649360695552 -0.36908092111030122 0.0035088639049005721 0.070816103018196949 -0.85906244494764195 0.63903190508701901 0.30121147613992783 -0.055448651815331297 -0.041165799846717026 -0.0064806765882563511 0.0049821328023430317 -0.60417923170439247 -0.19315279316079212 0.8326079166592143 0.10195973249079229 0.17971457685783562 -0.16733420326318227 -0.005473167192297357 -0.039875185162520137 0.28060910191561683 0.017009752595641994 0.26706045700218661 -0.35242070105880319 0.19655002507165317 -0.047124509337545466 -0.0011419848873899241 -0.046463812374425296 0.078263893514219612 0.048243002986263855 0.092632726380572405 0.0052070905485123832 -0.38063530720770117 0.46915036155525558 0.090802236069863262 -0.65208383655862345 0.44589074002500395 -0.16798328135781226 -0.11570273429844946 -0.29723184264075758 0.25465546816034784 0.6745528258801935
leaf_weight=38 22 62 470 53 38 38 34 117 56 75 31 6057 85 80 20 444 733 56 148 77 43 699 220 8898 1885 84 441 1074 1199 113 575 31 21 39 24 362 247 73 127 147 100 123 32 34 120 226 137 339 351 387 26 106 53 41 104 47 42 29 63 54 311 27
leaf_count=38 22 62 470 53 38 38 34 117 56 75 31 6057 85 80 20 444 733 56 148 77 43 699 220 8898 1885 84 441 1074 1199 113 575 31 21 39 24 362 247 73 127 147 100 123 32 34 120 226 137 339 351 387 26 106 53 41 104 47 42 29 63 54 311 27
internal_value=0.000102551 0.000864759 0.00107493 0.00200303 -0.00102679 -1.19255e-05 -0.00148287 -0.00246212 -0.00147321 0.00266304 -0.00504202 6.27346e-05 -0.000389418 0.00170197 -0.000582806 -0.000469628 0.00106992 -0.000774608 0.000312332 8.00809e-05 -0.00184002 -0.00102696 0.000227499 -8.21378e-06 0.00136235 -0.00648855 0.00122146 0.000984982 0.000486658 0.00286596 -0.00047749 -0.00804196 -0.0101563 -0.00356183 -0.00855856 0.00259974 0.00146505 0 0.00364721 0.00411977 0.00155 -0.00237154 -0.00528846 8.44119e-05 -0.00180619 -0.000652985 0.000740255 0.00125308 0.00356415 -0.000240055 -0.0040625 -0.00126689 -0.00295377 0.00335052 0 -0.00483491 0.000181452 0 -0.00747423 -0.0136218 0.00411833 0.0003125
internal_weight=27788 3683 3567 1803 277 24105 1194 977 837 217 116 22911 8076 658 7418 7290 1177 6113 14835 11860 819 776 11041 9118 1923 128 2975 2827 2273 554 720 140 109 183 108 1526 917 543 374 609 247 240 117 1764 433 399 1331 1214 488 726 117 145 279 94 142 103 617 55 94 75 418 107
internal_count=27788 3683 3567 1803 277 24105 1194 977 837 217 116 22911 8076 658 7418 7290 1177 6113 14835 11860 819 776 11041 9118 1923 128 2975 2827 2273 554 720 140 109 183 108 1526 917 543 374 609 247 240 117 1764 433 399 1331 1214 488 726 117 145 279 94 142 103 617 55 94 75 418 107
cat_boundaries=0 2 4 6 8 10 12 13 15 16 18 19 20 21
cat_threshold=659588886 820096 36176648 17 278609 1024 2114291095 483576 17000 34050 16456 1049091 1552 67110160 24656 488 921729 16401 3480 584 2184
is_linear=0
shrinkage=0.05


Tree=124
num_leaves=63
num_cat=5
split_feature=15 11 21 2 17 18 7 10 17 13 4 2 21 18 14 11 17 21 2 19 5 13 21 7 2 17 18 8 7 18 17 17 21 18 19 8 15 11 11 11 8 10 18 11 15 21 5 21 8 10 19 22 22 8 11 7 5 22 22 5 8 11
split_gain=0.871743 1.11432 1.65129 1.05551 0.991965 1.31365 0.951778 0.885631 1.17617 0.871264 0.823166 1.49092 2.16125 1.04976 1.77962 1.4636 0.953153 1.86746 2.72181 1.9448 1.54738 1.53538 1.70794 1.4722 1.45314 1.43261 1.90742 1.39334 1.24308 1.20817 1.98765 1.12451 1.22715 1.12125 1.19374 1.04641 1.02761 0.966495 0.952814 0.93613 1.52692 0.968859 0.909502 0.874079 0.815581 1.6098 1.6031 1.33824 0.812082 1.26285 1.19835 0.898458 0.768276 1.04919 0.735916 1.85198 0.70996 0.690381 0.895661 0.689493 0.72172 0.652993
threshold=6.5000000000000009 3476.5900000000006 20.13602941176471 0 0.61414497487845077 3.0239513236652398 540.5350000000002 1114.7050000000004 1.5486953008050115 1.5000000000000002 1 2 61.519230769230781 1.0479037449533375 2.5000000000000004 2160.6500000000005 2.4999965299465616 65.558441558441572 3 4257.3200000000006 81.500000000000014 1.5000000000000002 1.0000000180025095e-35 412.55000000000007 4 0.65639299585569477 1.2173263966675385 165.35500000000005 171.36000000000004 1.0802265884582634 1.3656029838404882 0.65639299585569477 157.29166666666671 0.11545396157190065 972.60999999999979 1365.5200000000002 2.5000000000000004 791.96500000000003 968.06500000000017 3147.7850000000003 1471.135 2088.2250000000008 2.2092732975184388 536.03000000000009 3.5000000000000004 109.08333333333336 248.50000000000003 124.08333333333336 371.54000000000002 1260.6750000000002 71.764999999999887 29.951070879836482 31.005107105030742 165.35500000000005 1026.0950000000003 446.11500000000007 163.50000000000003 20.301531129277059 27.601673500931454 12.500000000000002 278.77000000000004 488.33000000000004
decision_type=2 2 2 1 2 2 2 2 2 2 9 1 2 2 2 2 2 2 1 2 2 2 2 2 1 2 2 2 2 2 2 2 2 2 2 2 2 2 2 2 2 2 2 2 2 2 2 2 2 2 2 2 2 2 2 2 2 2 2 2 2 2
left_child=10 2 -2 7 5 6 -3 52 9 -9 11 12 13 38 15 -15 17 18 25 27 28 33 23 -23 31 -12 -27 -20 -18 37 -31 32 -19 34 -22 -24 -33 -26 43 41 42 54 -41 -1 45 46 -14 56 57 51 -51 -50 53 -4 61 -56 -46 -5 -59 -30 -61 -13
right_child=1 4 3 48 -6 -7 -8 8 -10 -11 16 39 44 14 -16 -17 20 24 19 -21 21 22 35 -25 29 26 -28 -29 59 30 -32 36 -34 -35 -36 -37 -38 -39 -40 40 -42 -43 -44 -45 47 -47 -48 -49 49 50 -52 -53 -54 -55 55 -57 -58 58 -60 60 -62 -63
leaf_value=-0.012118402537620377 -0.150712339751472 -0.47624284226892111 -0.3898405379867142 0.069356962657182206 0.0048122489249311506 0.12774185291950246 -0.0067883767785492212 0.23773621218730981 -0.10196427306165151 -0.15403965464268532 0.25180119748934476 -0.019125305378625515 -0.81912569345445019 -1.0962816993559323 0.13928720735446509 -0.36967284599426403 -0.40974280967637944 -0.41361642317687597 0.093462921650349584 -0.30728167866750838 2.6538557960964164 0.04486221667532151 0.016326122352613704 -0.79136152757635347 0.234772394054375 -0.082088535123028369 -0.21732924264337969 -0.010392530061528404 -0.27035300134773282 0.0088100819940059704 0.33736378243946563 -0.15058848517524021 1.9909370103130255 0.20909970619896759 -0.56442483246163544 -0.067464579853422094 0.0052099531064374819 -0.0044964946764286754 -0.032538258894578224 -0.32447525428511703 0.50076045458775764 0.34280843610164469 0.25694540120573567 -0.3680510590333898 0.039665220426460125 0.0066056152751176713 0.27070363029980166 -0.54913591013296281 -0.03022672398810591 0.099177259385922548 -0.014730347404782762 -0.27128109763020536 0.0798639114049252 -0.075328643981837834 -0.30025977826692546 0.07714799327992089 0.48792050493523009 -0.0014675694365932303 0.047543518013417746 -0.33908932273443004 0.018602481610877141 0.25321583294252259
leaf_weight=119 45 47 23 337 2470 33 42 69 47 20 72 120 102 29 27 110 132 110 406 37 21 31 246 57 415 1219 457 2375 140 983 1002 770 24 3535 120 87 2998 3039 366 187 74 102 41 222 309 495 34 44 67 244 127 23 26 40 326 686 119 187 212 62 1520 359
leaf_count=119 45 47 23 337 2470 33 42 69 47 20 72 120 102 29 27 110 132 110 406 37 21 31 246 57 415 1219 457 2375 140 983 1002 770 24 3535 120 87 2998 3039 366 187 74 102 41 222 309 495 34 44 67 244 127 23 26 40 326 686 119 187 212 62 1520 359
internal_value=8.27606e-05 0.000760094 0.00186224 0.00219298 0.000115607 -0.0042 -0.00747283 -0.000787815 0.00143885 0.00502717 -3.10762e-05 -0.000698378 -0.00165913 -0.00352454 -0.00724852 -0.00959507 9.68748e-05 -0.000126707 -0.00095754 0 0.000627729 0.00117378 -0.00162146 -0.00769231 0.00027424 -0.00249858 -0.00282906 0.000166128 -0.000551966 0.000804751 0.001792 -0.000453384 -0.00492701 0.00150856 -0.00269097 0 -0.000278441 0.000224183 -0.00255282 0.000281709 -0.00221311 0.00079104 -0.004329 -0.00446948 -0.000146926 -0.00136041 -0.00611511 0.00136842 0.00277893 0.000996767 0.00237299 -0.00403226 -0.00475543 -0.00776515 0.000426707 -0.000295567 0.00232019 0.00385656 0.00220771 -0.00015942 0.00011041 0.00204876
internal_weight=27788 4059 1467 1422 2592 122 89 225 136 89 23729 3871 1976 873 166 139 19858 13907 4566 2818 5951 4097 421 88 9341 1748 1676 2781 1854 5439 1985 3902 134 3676 141 333 3768 3454 707 1895 302 1593 228 341 1103 631 136 472 1197 461 371 90 89 63 1491 1012 428 736 399 1722 1582 479
internal_count=27788 4059 1467 1422 2592 122 89 225 136 89 23729 3871 1976 873 166 139 19858 13907 4566 2818 5951 4097 421 88 9341 1748 1676 2781 1854 5439 1985 3902 134 3676 141 333 3768 3454 707 1895 302 1593 228 341 1103 631 136 472 1197 461 371 90 89 63 1491 1012 428 736 399 1722 1582 479
cat_boundaries=0 1 2 3 4 5
cat_threshold=516 33 2401 1488 2202
is_linear=0
shrinkage=0.05


Tree=125
num_leaves=63
num_cat=24
split_feature=14 20 1 20 1 20 16 18 2 2 1 7 1 16 4 2 7 2 1 20 4 1 10 20 2 1 19 2 2 22 1 2 1 23 1 20 20 18 1 20 5 10 17 11 19 11 1 18 10 23 2 11 17 20 20 22 20 17 17 11 18 1
split_gain=0.718556 1.33822 2.13613 1.78333 1.64744 1.41176 1.29737 1.24844 1.16097 1.05929 1.74083 1.59416 1.49231 1.14919 1.0529 1.41712 1.59148 1.38116 1.35936 0.997287 0.932679 2.07878 1.5293 1.57965 1.8349 1.47676 1.5419 1.44884 1.44072 1.42953 1.35403 1.24748 3.74415 1.89203 2.42083 2.68586 2.13484 2.43822 2.09183 1.83592 1.4349 1.16546 1.12156 1.11445 0.996048 0.970676 1.65089 1.33878 1.32803 1.30635 1.15378 1.02775 0.968413 0.92934 1.22522 1.25245 1.23051 0.928355 0.910216 0.900483 0.845114 0.82643
threshold=2.5000000000000004 24.500000000000004 0 38.500000000000007 1 23.500000000000004 2.0196937982403731 0.81813103516632257 2 3 4 472.91500000000002 5 1.8510080417710355 6 7 936.58500000000015 8 9 16.500000000000004 10 11 3586.6300000000006 72.500000000000014 12 13 2921.7400000000002 14 15 15.05314641201713 16 17 18 3.5000000000000004 19 229.50000000000003 106.50000000000001 1.1055048760300841 20 58.500000000000007 351.50000000000006 4744.9750000000013 0.833722734260953 3962.4500000000003 1013.7900000000001 1653.3950000000002 21 0.49871544161352194 1086.0150000000003 3.5000000000000004 22 2378.9450000000002 1.7689159092971671 182.50000000000003 91.500000000000014 49.599226966662755 117.50000000000001 0.58323099385221311 1.4652662014136835 916.36000000000024 1.2629009310874248 23
decision_type=2 2 9 2 9 2 2 2 1 1 9 2 9 2 9 1 2 1 9 2 9 9 2 2 1 9 2 1 1 2 9 1 9 2 9 2 2 2 9 2 2 2 2 2 2 2 9 2 2 2 1 2 2 2 2 2 2 2 2 2 2 9
left_child=20 4 3 8 19 14 9 -8 -3 10 -4 12 -11 -13 17 -16 -17 60 -19 -2 22 28 25 24 41 26 27 29 57 -1 -29 32 42 36 40 -36 37 -33 -38 -34 -35 -24 43 -23 -41 47 51 49 -48 -27 -49 -47 -25 54 55 -30 -56 -22 -10 -55 -6 -59
right_child=1 2 6 -5 5 -7 7 -9 58 11 -12 13 -14 -15 15 16 -18 18 -20 -21 21 31 23 52 -26 45 -28 30 53 -31 -32 33 39 34 35 -37 38 -39 -40 44 -42 -43 -44 -45 -46 46 48 50 -50 -51 -52 -53 -54 59 56 -57 -58 61 -60 -61 -62 -63
leaf_value=0.15565923471144771 0.11328547119372151 -0.031571267972892871 0.10925287012945627 -0.16478957574959352 -0.09376217445149955 -0.21499836744121126 0.00207256662437727 0.18064817194639821 0.023512126779749301 -0.07618513177778459 0.01628502138266948 0.11528345389536937 0.00048973102898841603 -0.074288952927436744 0.13617317563971074 0.0012131564492567526 -0.42289854028156637 0.082886908952959013 -0.094777899721523978 -0.024950533550960909 -0.43664979584225866 0.019094206296589845 -0.38610355036495692 -0.39407705758185557 0.13253814495236532 0.12175199664544999 -0.35220844976038068 -0.0070219734250684066 0.096233160053756331 -0.03440694929717978 -0.16535375462577009 -0.089273988743334254 0.30341418521606944 0.073600133286722172 -0.016160410944906192 -1.8624617987458785 0.092595967360955461 -0.24314259239275524 -0.15417245059774026 -0.48642220338598641 -0.22418317649886729 0.01618828702539812 0.26754194538276582 -1.2086963827726773 -0.0059812873145759227 -0.129086294827367 -0.069001514511332837 0.070123494321586669 0.17284287962808556 -0.17848333272989081 0.39955638656156633 0.0076554707064319773 -0.059612184090360822 -0.3113823244625506 -0.37356748813330648 -0.58893417242470869 -0.013365253001769162 0.040943526552343457 0.34622602198293295 1.264626782289793 -0.13599884202339899 0.34461029964471657
leaf_weight=856 119 109 228 172 143 60 49 94 59 110 748 364 359 44 217 176 40 101 227 88 24 71 72 84 108 1795 105 859 543 692 438 2806 122 1628 1830 41 1989 489 1344 278 56 46 1049 21 108 961 177 534 884 178 1004 1447 44 76 138 66 240 368 48 182 128 352
leaf_count=856 119 109 228 172 143 60 49 94 59 110 748 364 359 44 217 176 40 101 227 88 24 71 72 84 108 1795 105 859 543 692 438 2806 122 1628 1830 41 1989 489 1344 278 56 46 1049 21 108 961 177 534 884 178 1004 1447 44 76 138 66 240 368 48 182 128 352
internal_value=6.47692e-05 0.000715545 0.00142438 -0.00187032 -0.000547235 -0.00135747 0.00209059 0.0067637 0.000913242 0.00170393 0.00283114 0.000351124 -0.0015625 0.0026764 -0.000869565 0.000924888 -0.00174672 -0.00222631 0 0.00335227 -3.26655e-05 -0.000302696 0.000325337 -0.00287115 -0.00010917 0.000445485 -0.000480931 -0.000241397 0.00118007 0.000768738 -0.00147901 -0.000557197 0.000699458 -0.000766232 0.000151068 -0.00106821 -0.00126678 -0.00217177 -0.000355965 -0.00278311 0.00153212 -0.00438931 0.00230719 -0.00263158 -0.00456298 0.000843701 0.000234015 0.00143355 0.00187384 0.000537702 0.00254705 -0.00047501 -0.00725191 8.94277e-05 -0.000568182 0.000755719 -0.00282152 0.00290621 0.00447917 0.00277778 -0.00479754 0.0033195
internal_weight=27788 3683 2384 388 1299 1092 1996 143 216 1853 976 877 469 408 1032 433 216 599 328 207 24105 13821 10284 354 226 9930 2950 2845 1989 1548 1297 11832 1649 10183 3555 1871 6628 3295 3333 508 1684 118 1141 92 386 6980 3469 3511 1061 1973 1538 2408 128 1245 987 609 378 744 107 258 271 720
internal_count=27788 3683 2384 388 1299 1092 1996 143 216 1853 976 877 469 408 1032 433 216 599 328 207 24105 13821 10284 354 226 9930 2950 2845 1989 1548 1297 11832 1649 10183 3555 1871 6628 3295 3333 508 1684 118 1141 92 386 6980 3469 3511 1061 1973 1538 2408 128 1245 987 609 378 744 107 258 271 720
cat_boundaries=0 2 4 5 6 8 10 11 12 13 15 16 18 19 21 22 23 25 26 28 30 32 34 35 37
cat_threshold=34243638 65792 34209826 65793 1476 3297 2150629440 4226 1048640 262785 7 175 299 4288 512 20 2491449362 674124 355 2231013426 543558 2851 1178 71864338 16896 516 571085260 66179 574562304 1310881 688916448 373763 956563593 1147952 1298 2147483650 16396
is_linear=0
shrinkage=0.05


Tree=126
num_leaves=63
num_cat=19
split_feature=15 1 2 22 17 1 11 1 6 2 1 21 2 1 17 9 1 1 5 17 20 8 9 20 11 17 9 22 8 22 5 5 5 2 2 1 5 17 22 17 11 11 8 1 4 1 8 2 1 17 5 21 6 5 20 18 1 9 6 18 21 15
split_gain=0.881337 1.2009 2.42062 1.04078 1.68099 0.90217 0.965418 0.838697 1.16883 1.494 1.33141 1.27804 1.17626 1.85405 1.48949 1.41837 2.50945 2.29328 1.43773 1.40708 1.11904 1.05228 1.04103 1.03602 1.32781 0.844125 0.836965 0.973148 0.832421 0.77332 1.31751 5.99935 0.839392 0.835745 0.71719 1.313 1.17432 1.21294 1.33556 1.2102 1.0885 1.39946 1.10306 0.989042 0.923872 1.31395 1.52643 1.31049 2.83818 1.42936 1.1464 1.0571 0.931281 1.33014 0.912505 0.904692 0.900172 0.882052 0.845667 0.696393 0.682478 1.09522
threshold=6.5000000000000009 0 1 12.480270107142848 1.0223846326214827 2 2480.2700000000009 3 1376.8900000000001 4 5 85.309523809523824 6 7 1.0000009304835726 524.68000000000018 8 9 13.500000000000002 0.75553993279761522 152.50000000000003 540.33500000000015 493.64000000000004 152.50000000000003 2360.2450000000003 1.7486267011887235 3214.9400000000001 15.624586567094029 425.72000000000003 14.155243313714807 159.50000000000003 180.50000000000003 46.500000000000007 10 11 12 72.500000000000014 1.3656029838404882 130.85010030823526 1.1809550693381154 1653.3950000000002 2462.6950000000002 290.89000000000004 13 14 15 149.98500000000004 16 17 0.86948313337542238 351.50000000000006 157.29166666666671 3650.2500000000005 151.50000000000003 224.50000000000003 0.19722956925402144 18 1064.5100000000004 3650.2500000000005 0.51158057144913471 30.883116883116887 13.500000000000002
decision_type=2 9 1 2 2 9 2 9 2 1 9 2 1 9 2 2 9 9 2 2 2 2 2 2 2 2 2 2 2 2 2 2 2 1 1 9 2 2 2 2 2 2 2 9 9 9 2 1 9 2 2 2 2 2 2 2 9 2 2 2 2 2
left_child=7 60 3 4 -3 28 -7 34 9 29 11 25 15 14 -14 16 20 18 -17 -18 -10 -19 -16 -15 -25 -11 -4 -28 -5 30 32 -32 -9 -31 35 40 43 39 -39 -38 54 42 -42 55 47 -46 51 52 59 -50 -48 -47 56 -54 57 -37 -36 -1 -43 -49 61 -2
right_child=1 2 26 5 -6 6 -8 8 12 10 -12 -13 13 23 22 17 19 21 -20 -21 -22 -23 -24 24 -26 -27 27 -29 -30 33 31 -33 -34 -35 44 36 37 38 -40 -41 41 58 -44 -45 45 46 50 48 49 -51 -52 -53 53 -55 -56 -57 -58 -59 -60 -61 -62 -63
leaf_value=-0.12318599131379476 -0.062108862882024246 -0.17039101073616481 0.05912049494892653 0.32733505467941282 -0.0046623127579263459 -0.042688379856322504 0.1050518958535144 -0.68265174034239051 0.13571886496440652 -0.18782210494325202 0.24488073070648042 0.21050729658204831 0.039156169871775684 -0.031912611598969944 -0.52854534899366445 -1.0063851710545648 -0.31579330382834381 -0.14488825447039153 0.21930804197551784 0.0090542662490701534 0.70532914533096902 -0.033909683563441463 -0.11349023527348141 0.49490713808867359 -0.14411276758836264 0.058817893416613837 -0.15389835281414005 0.25475652630796902 -0.33993106455837463 0.1937448253885414 -0.59425869404765896 0.14161806243944569 0.39667086881090952 -0.087880881080881684 0.6143741974485416 0.36273223626170648 0.043840719637720585 0.20495414667469164 -0.59962032125214293 -0.21687085399646053 -0.93097014719356008 0.039963581591773691 -0.30260902437565995 0.4225107291210119 0.090753524697413351 -0.29072114320838999 -0.029269636330805593 -0.94673121209621058 -0.26971739620300605 0.045983252073369223 -0.53102935913696214 0.056354623945449461 0.21162846670105151 -0.096358460757083639 2.0953598423761748 -0.24732590113337949 0.055707005607521509 0.49184292030636423 -0.38811292138310716 -0.17219528922994556 0.0063191393605023906 0.0058679100436725314
leaf_weight=400 317 45 867 27 88 56 159 31 340 113 549 79 161 2404 198 40 70 436 432 475 135 1817 640 649 164 99 27 24 77 143 63 113 130 128 267 29 703 2435 45 314 23 269 202 106 690 125 4200 67 87 1206 125 21 46 139 125 352 1985 85 77 197 2079 293
leaf_count=400 317 45 867 27 88 56 159 31 340 113 549 79 161 2404 198 40 70 436 432 475 135 1817 640 649 164 99 27 24 77 143 63 113 130 128 267 29 703 2435 45 314 23 269 202 106 690 125 4200 67 87 1206 125 21 46 139 125 352 1985 85 77 197 2079 293
internal_value=5.39743e-05 0.000735475 0.0019342 -0.000967742 -0.0046875 0.000427019 0.00235746 -6.05722e-05 -0.000428518 0.000861475 0.00222743 -0.000370066 -0.000670203 -0.00124143 -0.003125 -9.97871e-06 0.00156403 -0.000618585 0.00247423 -0.000694444 0.0041752 -0.00129634 -0.00401308 -0.000630805 0.000873162 -0.00255814 0.00341031 -0.00208333 -0.00299145 -0.000966184 -0.00261029 -0.00558659 0.000381098 0.000866788 0.000177911 0.000649382 0.00108832 0.00141786 0.00201369 0 -0.000785176 -0.00237369 -0.00542763 -0.00114796 -8.31697e-05 -0.000529088 -0.000850245 0.000480409 -0.000628981 0.00031585 -0.000667167 -0.00587248 0.00120918 -0.00206117 0.000611746 -0.00237944 0.00150776 -0.000281762 -0.0002149 -0.00523466 9.71503e-05 -0.00134584
internal_weight=27788 4059 1370 452 133 319 215 23729 9409 1448 840 291 7961 4216 999 3745 1020 2725 472 545 475 2253 838 3217 813 212 918 51 104 608 337 176 161 271 14320 5165 3984 3497 2480 1017 1181 571 225 487 9155 5161 4471 3994 1557 1293 4325 146 2437 185 610 381 2252 485 346 264 2689 610
internal_count=27788 4059 1370 452 133 319 215 23729 9409 1448 840 291 7961 4216 999 3745 1020 2725 472 545 475 2253 838 3217 813 212 918 51 104 608 337 176 161 271 14320 5165 3984 3497 2480 1017 1181 571 225 487 9155 5161 4471 3994 1557 1293 4325 146 2437 185 610 381 2252 485 346 264 2689 610
cat_boundaries=0 2 3 5 7 8 10 11 13 15 17 18 19 21 23 24 26 27 29 31
cat_threshold=574886559 557952 588 2621472 278529 2017846169 247980 2448 16781318 266240 1419 26346560 1052673 2198869088 19 25166848 1323008 272 612 268796433 18432 536887424 128 12 272670976 149508 2328 4202760 81952 268435985 65536
is_linear=0
shrinkage=0.05


Tree=127
num_leaves=63
num_cat=14
split_feature=15 1 2 19 21 1 21 2 1 11 10 21 5 1 20 1 17 5 11 9 1 18 5 20 17 12 17 5 10 9 23 15 23 1 20 16 19 2 18 1 1 15 19 5 2 1 11 19 17 23 9 9 7 5 20 11 10 11 23 9 17 16
split_gain=0.754696 1.0546 1.82462 1.28265 1.28077 0.985861 1.20958 1.88772 1.78948 3.1939 1.61739 1.51192 1.33803 1.91361 1.98676 1.68076 1.32484 1.32279 1.25644 1.86282 1.22868 1.48515 1.19531 1.36834 1.19286 1.10851 1.04306 1.03252 0.997465 0.98259 0.893548 1.93141 1.66125 1.3514 1.31223 1.05214 1.00782 1.42518 2.13272 1.81491 1.75139 1.57532 1.29337 1.24762 1.14752 1.65435 1.01003 0.982741 0.973575 0.889226 0.876187 0.873534 0.859389 0.78963 0.779107 0.77474 1.10396 0.768537 0.742694 0.774466 0.843024 0.74024
threshold=6.5000000000000009 0 1 1307.2150000000001 34.341666666666676 2 131.3666666666667 3 4 1370.7150000000004 1776.7700000000002 192.75000000000003 180.50000000000003 5 56.500000000000007 6 1.444948516828626 286.50000000000006 398.23000000000008 524.68000000000018 7 1.2085454437733125 84.500000000000014 25.500000000000004 1.9162060223365096 1.0000000180025095e-35 2.6666706987621476 250.50000000000003 1199.9250000000002 1030.9900000000002 4.5000000000000009 2.5000000000000004 10.500000000000002 8 97.500000000000014 0.99898318911206363 366.27000000000004 9 3.1792533513583119 10 11 4.5000000000000009 992.96500000000003 193.50000000000003 12 13 2041.0200000000002 1317.53 1.7486267011887235 3.5000000000000004 524.68000000000018 697.20500000000015 582.12500000000011 179.50000000000003 54.500000000000007 957.62500000000011 992.01500000000021 930.29500000000019 6.5000000000000009 2036.6300000000003 1.3464394123748249 1.0000022038956062
decision_type=2 9 1 2 2 9 2 1 9 2 2 2 2 9 2 9 2 2 2 2 9 2 2 2 2 2 2 2 2 2 2 2 2 9 2 2 2 1 2 9 9 2 2 2 1 9 2 2 2 2 2 2 2 2 2 2 2 2 2 2 2 2
left_child=5 2 3 58 61 30 12 20 9 16 -11 -10 13 14 54 17 -9 24 25 -20 28 27 49 -24 -14 -17 -16 -22 50 -19 36 55 33 47 35 -34 37 39 40 41 -39 -1 43 52 45 -44 -46 -33 -45 -15 -8 -35 -38 -41 -7 -32 -57 -3 -2 60 -60 -4
right_child=1 57 4 -5 -6 6 7 8 11 10 -12 -13 15 22 26 18 -18 29 19 -21 21 -23 23 -25 -26 -27 -28 -29 -30 -31 31 32 34 51 -36 -37 42 38 -40 53 -42 -43 44 48 46 -47 -48 -49 -50 -51 -52 -53 -54 -55 -56 56 -58 -59 59 -61 -62 -63
leaf_value=-0.39517662678847515 0.29446164675643616 0.30557211205928647 -0.048649171655688321 -0.10858589116977058 0.086636139045105948 -0.040101396620418589 -0.17964306010420811 -1.1456934513048826 0.55497238597284493 0.62974427982543668 -0.27407368236146751 0.079449082715000729 -0.046755337163028446 0.0018906305319404738 0.034864215505508202 0.31834394552316225 -0.10050089627408987 0.39273904776176993 0.085454557083962351 -0.036823013326583089 -0.79699235507466426 1.4844074438334651 0.0068114245025722832 -0.17409971951714792 0.20155544479146351 -1.0592025968113152 0.43815372415997889 -0.048221671208186129 -0.43121694176552378 -0.0050468096877178681 0.034573587754903205 0.092511017805301243 -0.27169664656872289 0.022418659358335358 -0.48979554942307263 0.006958878906850075 0.10384991810538757 -0.26219125116510222 0.62732511749782738 -0.016115280693919234 0.01090310189355872 0.013906241856932768 -0.12079890518236197 0.15411662424714248 -0.01561442039405141 0.21911073491138533 -0.16962913269735547 -0.19789853648256975 -0.17621917920766361 -0.12542636565347662 1.8479219507192064 0.27324734613003143 0.58023786962235346 0.26983846789645904 -0.45858185078030833 -1.018648325108936 -0.60463579555203428 0.0009878052020582341 -0.0079673922546181341 0.10729341916063025 -0.29398867695405556 0.043547300182199503
leaf_weight=830 46 22 55 29 419 663 31 67 595 210 61 426 479 975 854 24 202 413 472 1298 152 24 334 1474 439 54 171 64 34 158 25 1156 20 240 32 204 831 459 75 173 2259 134 288 322 2950 805 512 172 538 466 49 519 748 138 33 31 46 3210 111 25 41 101
leaf_count=830 46 22 55 29 419 663 31 67 595 210 61 426 479 975 854 24 202 413 472 1298 152 24 334 1474 439 54 171 64 34 158 25 1156 20 240 32 204 831 459 75 173 2259 134 288 322 2950 805 512 172 538 466 49 519 748 138 33 31 46 3210 111 25 41 101
internal_value=3.05854e-05 0.00066162 0.00224702 -0.00113208 0.00380527 -7.53202e-05 -0.000446996 0.000671272 0.00143742 -0.000813743 0.00287409 0.00267166 -0.000711492 -0.00123165 9.3714e-05 4.86527e-05 -0.00473346 0.00130659 -0.000940355 -0.000634518 -0.00252044 -0.00454545 -0.00194283 -0.00281612 8.14332e-05 -0.00709877 0.00151994 -0.00616438 0.00137795 0.00320122 0.000202478 0.0010672 0.00138001 0.00186005 -0.0023166 -0.000660793 6.77813e-06 -0.0006141 4.45474e-06 -0.00198952 -0.000211319 -0.00307062 0.000375161 0.00130528 -0.00011244 0.00127712 -0.000568345 0.000820283 -0.000173812 -0.000822368 0.00481928 0.00354598 0.00214128 0.00119599 -0.00193133 -0.00547619 -0.00796875 0.000231125 0 -0.00131944 -0.00290323 0
internal_weight=27788 4059 827 252 575 23729 10222 1915 1561 540 271 1021 8307 4970 1721 3337 269 1489 1848 1770 354 240 3249 1808 918 78 1025 216 114 571 13507 2445 2343 2087 256 224 11062 4068 2793 1275 2718 964 6994 2439 4555 1093 3462 1328 860 1441 80 759 1579 311 696 102 77 3232 223 177 152 156
internal_count=27788 4059 827 252 575 23729 10222 1915 1561 540 271 1021 8307 4970 1721 3337 269 1489 1848 1770 354 240 3249 1808 918 78 1025 216 114 571 13507 2445 2343 2087 256 224 11062 4068 2793 1275 2718 964 6994 2439 4555 1093 3462 1328 860 1441 80 759 1579 311 696 102 77 3232 223 177 152 156
cat_boundaries=0 2 3 5 6 8 10 12 14 16 17 19 21 22 24
cat_threshold=2494039296 282641 1668 2019926673 1294508 3136 2148552710 274432 2165310470 792642 109072456 8961 67653632 262160 536871056 65536 2320 671350912 1097864 409207297 32 532 270566016 8
is_linear=0
shrinkage=0.05


Tree=128
num_leaves=63
num_cat=1
split_feature=23 15 17 4 10 19 12 11 20 17 21 20 11 10 19 20 5 17 5 17 23 5 5 5 5 10 18 21 20 21 7 17 5 16 7 20 7 18 21 20 5 5 17 20 18 5 16 16 5 5 18 20 18 18 9 11 10 10 15 9 9 16
split_gain=0.682975 2.15187 2.23887 1.36833 1.4735 2.52799 1.40319 1.23431 1.6297 1.18776 1.07811 1.26714 1.05257 1.85347 1.79144 1.0385 1.42382 1.76395 2.33702 1.8685 1.66557 1.31155 1.22016 1.19108 1.18869 1.14137 1.1688 1.00903 1.00292 0.99998 1.24098 1.15421 1.49103 1.56205 0.994805 0.957949 0.952797 0.948445 0.943025 0.923221 1.44212 1.39422 0.901484 0.898874 0.862823 0.851838 0.794793 1.92261 1.12383 1.15023 1.00337 0.970018 0.770907 1.8867 0.750126 0.728487 1.24695 1.26013 1.1948 1.03949 0.724626 0.674964
threshold=3.5000000000000004 2.5000000000000004 1.9332779454670339 0 3243.7350000000001 89.985000000000028 1.0000000180025095e-35 272.73500000000007 28.500000000000004 2.0280997381408752 146.55000000000004 91.500000000000014 1543.4550000000002 2026.4650000000001 861.99000000000024 113.50000000000001 297.50000000000006 2.6666706987621476 139.50000000000003 1.0420580626198079 1.5000000000000002 146.50000000000003 165.50000000000003 26.500000000000004 3.5000000000000004 270.17500000000013 1.1528548433283785 60.577380952380956 57.500000000000007 24.513888888888893 363.92500000000007 2.3165463429384996 165.50000000000003 1.5300711166705943 352.15000000000003 388.50000000000006 93.700000000000017 2.5269250736163458 106.07142857142858 231.50000000000003 180.50000000000003 349.50000000000006 0.79998324067879911 114.50000000000001 0.50216332688299137 195.50000000000003 1.6499127846150146 1.6047999025599047 332.50000000000006 154.50000000000003 1.0643235193957252 76.500000000000014 0.48216920364172883 0.40342379178811766 1079.9400000000003 4765.2600000000011 1419.9000000000003 936.65500000000009 12.500000000000002 493.64000000000004 2314.7850000000003 1.7735956772629105
decision_type=2 2 2 9 2 2 2 2 2 2 2 2 2 2 2 2 2 2 2 2 2 2 2 2 2 2 2 2 2 2 2 2 2 2 2 2 2 2 2 2 2 2 2 2 2 2 2 2 2 2 2 2 2 2 2 2 2 2 2 2 2 2
left_child=3 10 42 4 6 37 -1 8 -8 36 12 -12 14 -14 -2 16 17 19 23 38 -21 -20 24 -19 -17 -26 -27 39 -11 30 -4 43 33 -33 -16 -10 -9 -6 -5 40 -24 -41 55 44 -31 -34 47 51 49 -48 -49 -44 53 -29 -50 56 57 -3 -57 -58 -39 -7
right_child=1 2 29 15 5 61 7 9 35 28 11 -13 13 -15 34 22 -18 18 21 20 -22 -23 27 -25 25 26 -28 52 -30 31 -32 32 45 -35 -36 -37 -38 60 -40 41 -42 -43 46 -45 -46 -47 48 50 54 -51 -52 -53 -54 -55 -56 58 59 -59 -60 -61 -62 -63
leaf_value=0.27334317106330314 0.51597403456950275 0.0099020690898993027 -0.1029597745832716 -0.018685472200321129 0.09835897115524378 -0.21189058397302107 -0.54238722818259011 -0.64828725424979139 2.7795387066560537 0.0076933333456600476 -0.63648162122312046 0.92220504914257617 -1.0576379738350734 0.74565908795985436 0.019551475543068266 -1.0239810113290713 0.08309340589525771 -0.2640399409802221 1.1003077453350523 -0.30896089961548445 -0.077580331083315815 0.082516656788516329 -0.68984640608989312 -0.021037807352688589 -0.51250642800491375 0.28874350895689921 -0.17802718457589287 -0.05785031264072913 0.27298247570928885 -0.00025763570687260541 0.018785131461801233 0.27382893996202046 -0.35681831151602517 -0.030044012772552975 -0.76369706327728881 -0.77750161780553528 -0.010403523982039432 -0.85672792435877365 0.15198677157416451 1.0798746325704565 -0.0021271743239736907 -1.8502133742673668 0.003491111500276034 -0.51075635749974746 0.27631348273689726 0.016356791734650277 0.0062953304550055211 0.0062263973036339243 -0.15559824239404421 0.091493010216387519 -0.21163778377421183 -0.04165286479129629 -0.040570315165967236 -0.86283371752117199 0.11621784229602145 -0.18664904440400978 0.27209136878650053 -0.17597642453924772 0.062764375411432982 0.010901985307666529 -0.12258756979558748 -1.4004853584223342
leaf_weight=653 77 350 32 233 123 29 57 47 26 1697 22 51 91 21 28 49 542 292 86 651 907 698 45 1656 170 1616 324 200 1695 91 47 102 75 105 74 25 2956 23 118 343 669 26 3501 44 641 114 1997 49 135 1700 99 379 918 95 100 270 96 246 46 174 37 25
leaf_count=653 77 350 32 233 123 29 57 47 26 1697 22 51 91 21 28 49 542 292 86 651 907 698 45 1656 170 1616 324 200 1695 91 47 102 75 105 74 25 2956 23 118 343 669 26 3501 44 641 114 1997 49 135 1700 99 379 918 95 100 270 96 246 46 174 37 25
internal_value=2.69872e-05 0.000340381 0.000477347 -0.000168046 0.000339252 -0.00348958 0.000474927 0.000244006 -0.00495495 0.000341904 -0.00340599 0.00148026 -0.00480442 -0.00869565 -0.00199176 -0.000562118 -0.00104368 -0.00133236 -0.000493601 -0.00250392 -0.00325112 0.00177891 0 -0.00143516 0.000849907 0.00105301 0.00141534 -0.000804698 0.000986745 0.00246212 -0.00259146 0.00285106 0.000501253 0.0035119 -0.00642857 0.000694444 -0.000370093 -0.000336022 0.000670904 0.000264733 -0.000732218 0.00231855 0.000199563 0.00397946 0.00442177 -0.00253906 0.00039558 -8.68271e-05 0.00090216 0.001125 -0.00562914 0.00011589 -0.00179893 -0.00406879 -0.00236345 -0.00107595 -0.000258918 -0.00158598 -0.0031348 0.00247253 -0.00555556 -0.0127193
internal_weight=27788 10757 10393 17031 7393 237 7156 6503 108 6395 364 73 291 112 179 9638 5183 4641 2732 1909 1558 784 4455 1948 2159 2110 1940 2296 3392 1251 79 1172 396 207 102 51 3003 183 351 1083 714 369 9142 776 732 189 7960 4028 3932 3697 148 3880 1213 295 235 1182 866 596 316 270 60 54
internal_count=27788 10757 10393 17031 7393 237 7156 6503 108 6395 364 73 291 112 179 9638 5183 4641 2732 1909 1558 784 4455 1948 2159 2110 1940 2296 3392 1251 79 1172 396 207 102 51 3003 183 351 1083 714 369 9142 776 732 189 7960 4028 3932 3697 148 3880 1213 295 235 1182 866 596 316 270 60 54
cat_boundaries=0 1
cat_threshold=20
is_linear=0
shrinkage=0.05


Tree=129
num_leaves=63
num_cat=22
split_feature=23 1 20 21 4 20 6 22 1 2 20 1 2 1 1 11 4 9 17 2 9 5 1 7 1 7 1 7 20 7 2 1 21 17 2 6 2 4 1 2 21 20 5 5 20 11 2 7 20 20 22 2 9 21 9 9 11 9 7 21 22 22
split_gain=0.650137 1.99687 2.00155 1.61022 1.45287 2.074 2.35882 1.38273 1.3046 1.65814 1.33925 1.11842 1.49349 2.65544 1.97125 2.01105 1.46614 1.11645 1.34984 1.08182 1.09944 1.06558 1.00908 1.00359 2.40415 1.2447 2.10718 1.29305 1.18995 1.31557 1.17205 1.48824 1.13233 1.34634 1.02391 1.16705 0.993594 0.96376 1.05174 0.956747 1.38381 1.51998 1.07425 0.950016 1.46072 1.16084 0.936169 0.932409 0.92643 1.36214 0.920693 1.13285 1.09785 0.916606 0.904339 0.873289 1.33383 0.872458 1.22291 0.965297 0.867359 1.86287
threshold=4.5000000000000009 0 83.500000000000014 103.86607142857144 1 30.500000000000004 4496.4800000000005 77.080585307260563 2 3 181.50000000000003 4 5 6 7 299.98500000000007 8 2185.4900000000002 1.3597379919942141 9 1114.6100000000004 13.500000000000002 10 358.89000000000004 11 400.4550000000001 12 412.55000000000007 365.50000000000006 446.11500000000007 13 14 78.050000000000011 2.0049353783127932 15 1376.8900000000001 16 17 18 19 53.041666666666679 111.50000000000001 199.50000000000003 183.50000000000003 31.500000000000004 979.86500000000012 20 320.59500000000008 193.50000000000003 279.50000000000006 40.306327027666022 21 680.69000000000017 44.651515151515156 2642.9800000000005 2480.2100000000005 2062.6150000000002 755.81500000000017 1368.1800000000001 103.86607142857144 38.370127259522782 62.653417129905009
decision_type=2 9 2 2 9 2 2 2 9 1 2 9 1 9 9 2 9 2 2 1 2 2 9 2 9 2 9 2 2 2 1 9 2 2 1 2 1 9 9 1 2 2 2 2 2 2 1 2 2 2 2 1 2 2 2 2 2 2 2 2 2 2
left_child=11 2 4 22 -2 6 -6 17 19 60 -11 23 13 21 43 -16 55 18 46 -5 -21 -13 50 24 36 26 32 -27 29 -29 37 47 -25 -34 -28 -36 -1 -26 -39 40 42 -42 -24 48 45 -45 -4 -32 53 -50 -3 -52 -53 -14 -23 56 -15 59 -59 -18 -10 -62
right_child=1 3 7 8 5 -7 -8 -9 9 10 -12 12 14 16 15 -17 57 -19 -20 20 -22 54 39 25 30 27 34 28 -30 -31 31 -33 33 -35 35 -37 -38 38 -40 -41 41 -43 -44 44 -46 -47 -48 -49 49 -51 51 52 -54 -55 -56 -57 -58 58 -60 -61 61 -63
leaf_value=0.0051969817722770321 0.024694532422152894 0.0040649714654132476 0.010311903120495458 -0.34434824227213756 -0.24917425244566369 -0.00054874301786567159 0.072883221967253095 0.77442552567611145 0.5444512970839126 0.90815429461003117 -1.0168353051399381 -0.23280546500155941 -0.13165786324945428 -0.0063140842295803523 -0.44532669827407112 -0.0035655690752447455 0.027868503781805744 0.20993964792947306 -0.7464433687547376 0.49785012131144346 -0.066268736131555178 0.2506154558563653 -0.1433159462249268 -0.18948141947073902 -0.023089313716392071 0.51180238890424667 0.25465901742919234 -0.27380459743317864 1.4967117212158041 0.00013852832155123452 -0.020929462409410252 -0.38295751451442794 -1.9261719631614449 -0.22516840076298206 0.11693485597801755 -0.42580293523429802 0.46612984613132363 0.55721731220904314 0.076191612841807768 0.031970989430083828 0.1749527391223884 -0.70455559942826662 0.0010263778195787054 -0.096992660823920579 -0.1526015791927133 -0.70701029803294857 -0.20813570897760958 0.53940426565896438 1.3212333277136712 -0.32899915468662527 0.00015114428900773192 -0.0046928715287553047 -0.33137505420628355 -0.0058616059758620056 -0.035058427171096265 -0.29359771438030774 0.4797930501992812 -0.27530897152918854 0.041332011054636658 -0.2352033465792685 -0.84998348688015291 0.29534182327234676
leaf_weight=130 827 3060 135 104 93 384 60 22 38 274 22 86 323 420 73 2311 385 22 120 153 55 818 149 167 376 206 248 531 320 7777 829 302 54 28 85 159 364 242 524 1927 244 49 146 41 564 82 188 169 83 64 349 87 146 311 28 27 187 434 90 218 42 36
leaf_count=130 827 3060 135 104 93 384 60 22 38 274 22 86 323 420 73 2311 385 22 120 153 55 818 149 167 376 206 248 531 320 7777 829 302 54 28 85 159 364 242 524 1927 244 49 146 41 564 82 188 169 83 64 349 87 146 311 28 27 187 434 90 218 42 36
internal_value=3.05854e-05 0.000389239 -0.00105284 0.000785103 -3.65764e-05 -0.00206818 -0.00697115 -0.00380102 0.00302613 0.00482353 0.00679612 -0.000131172 -0.000661406 0.000226349 -0.00129366 -0.000375469 -0.00089487 -0.00446047 -0.00507287 0.000307692 0.00248869 0.00238095 0.000513393 0.000142726 0.000952705 -0.000100491 -0.00206653 5.94093e-05 -2.89654e-05 -0.000150403 0.000274949 -0.000723534 -0.00567748 -0.0108824 0 -0.00233463 0.0040927 0.00145022 0.00247112 0.00128066 -0.000415973 0.00190034 -0.0028943 -0.00273464 -0.00414855 -0.00922619 -0.00310583 0.000173096 -0.00145089 0.00191667 -6.83995e-06 -0.00183761 -0.00442073 -0.00231554 0.00297409 0.000965997 0.00145492 -0.00198465 -0.00351044 -0.000598185 0 -0.00339506
internal_weight=27788 8732 1851 6881 1364 537 153 487 724 412 296 19056 6545 2693 3852 2384 1761 465 443 312 208 932 6157 12511 2936 9575 741 8834 8628 8308 2442 1300 249 82 492 244 494 1142 766 2515 588 293 295 1468 687 123 323 998 781 147 3642 582 233 634 846 634 607 1127 524 603 116 78
internal_count=27788 8732 1851 6881 1364 537 153 487 724 412 296 19056 6545 2693 3852 2384 1761 465 443 312 208 932 6157 12511 2936 9575 741 8834 8628 8308 2442 1300 249 82 492 244 494 1142 766 2515 588 293 295 1468 687 123 323 998 781 147 3642 582 233 634 846 634 607 1127 524 603 116 78
cat_boundaries=0 2 3 5 6 8 9 11 13 14 15 17 19 21 22 24 25 26 27 29 30 31 32
cat_threshold=1149240408 591638 26 2718961921 262144 25 1715799257 771923 3233 2306916896 270340 2306925088 272388 17 616 570429574 1081480 37748808 132114 137 32769 798 537198721 512 2701 2116 17 17 66049 580 790 996
is_linear=0
shrinkage=0.05


Tree=130
num_leaves=63
num_cat=13
split_feature=23 1 10 15 20 2 20 1 4 2 1 1 20 6 18 7 18 20 23 18 2 16 19 1 20 2 19 18 15 15 1 18 14 7 20 2 10 13 7 19 2 20 7 8 10 19 23 19 20 10 16 16 20 10 18 8 18 10 7 20 8 15
split_gain=0.603142 1.48869 0.932653 1.20271 1.55439 0.842726 0.763465 0.572437 1.15213 1.67348 1.3441 1.16122 1.85892 1.14704 1.11801 2.24021 1.90537 1.0142 1.67891 0.968869 1.18507 1.06492 0.930778 1.25379 0.809894 0.778848 0.99868 1.3039 0.750904 1.24591 1.40028 2.42247 0.861969 1.19428 1.59178 0.827463 1.61063 1.12577 0.696671 0.961292 0.646096 1.01014 0.733881 0.619372 1.01016 0.600048 0.591435 0.585526 0.571263 0.542864 0.657046 0.513241 0.927839 0.545226 0.458267 0.457065 0.417605 0.370218 0.366841 0.246182 0.197096 0.134646
threshold=20.500000000000004 0 2977.9300000000003 12.500000000000002 18.500000000000004 1 15.500000000000002 2 3 4 5 6 1.5000000000000002 3372.3600000000001 5.5731891252350243 1080.3000000000002 3.6604934048840803 2.5000000000000004 2.5000000000000004 0.31131697794091195 7 0.43708417127081117 2339.2200000000007 8 285.50000000000006 9 4257.3200000000006 0.24791059411997554 9.5000000000000018 8.5000000000000018 10 1.5831916405772068 3.5000000000000004 60.600000000000009 43.500000000000007 11 3243.7350000000001 1.5000000000000002 479.96500000000003 548.81000000000029 12 19.500000000000004 864.61500000000012 1365.5200000000002 1914.2050000000004 2431.0050000000006 13.500000000000002 2459.8250000000003 34.500000000000007 4097.7050000000008 1.5184979959193807 1.30576929649174 34.500000000000007 3431.6150000000002 1.0731719385368315 1116.6650000000002 1.1331637046257625 1850.2800000000004 1446.9900000000002 210.50000000000003 1020.7100000000002 4.5000000000000009
decision_type=2 9 2 2 2 1 2 9 9 1 9 9 2 2 2 2 2 2 2 2 1 2 2 9 2 1 2 2 2 2 9 2 2 2 2 1 2 2 2 2 1 2 2 2 2 2 2 2 2 2 2 2 2 2 2 2 2 2 2 2 2 2
left_child=7 2 3 -2 -5 56 -7 22 9 11 43 12 -9 -14 16 -16 19 -13 -19 20 -10 -21 28 25 40 45 47 -28 29 35 48 -32 33 -30 -35 36 -1 -37 54 -40 41 -25 -42 44 -11 -24 61 -27 -31 -4 55 52 -34 -53 -12 -51 57 -3 -45 -47 -8 -18
right_child=1 5 49 4 -6 6 60 8 14 10 38 17 13 -15 15 -17 46 18 -20 21 -22 -23 23 24 -26 26 27 -29 32 30 31 -33 51 34 -36 37 -38 -39 39 -41 42 -43 -44 58 -46 59 -48 -49 -50 50 -52 53 -54 -55 -56 -57 -58 -59 -60 -61 -62 -63
leaf_value=0.0019413077200653107 0.043584907193571602 0.036188235295154851 0.26942508924339109 -0.029707785122070264 -0.2217583634221923 -0.018167043275683893 0.15835882884083305 -1.4217653452031591 -0.066595899385440305 0.020980414894686827 0.32410380674199324 0.80079252862295314 0.010057844190401788 0.66708513014406956 -0.12974842503376866 0.0575769757897584 0.51451509692606923 -0.50154301415652902 -0.0042522517550122709 0.073782298535137736 0.15070677325797446 -0.019650667503189556 -0.24469040491484614 -0.13053780618795163 -1.7540439056988875 -0.69331179878423332 0.19533491253566801 -0.24637375458400612 -0.2832221222289994 0.061470800140330531 -0.59048935502799205 -0.039940083682622918 0.15618127272319821 0.093330256045964399 -0.013616557405326725 0.041904534295032964 -0.16764257905352475 -0.061565878779647677 0.30242912166801561 -0.037075299815720796 -0.13872593597964933 0.22520425162379995 0.010830910503008795 0.42823178977187609 -0.28169337633050306 -0.076293592241119076 -0.031059476763928198 0.3445996489811709 -0.050262054616633384 -0.088721376021766094 -0.044430094667657009 -0.18191487717898613 -0.25204600280883993 0.046603200142175588 0.16291120922991453 0.06918892798012255 0.032010358416972105 -0.034474014352943394 0.033021723193016751 2.1965690923409791 0.068679753653701339 0.13722863593178644
leaf_weight=6089 42 21 41 27 31 30 114 26 269 348 247 36 279 78 47 31 20 153 167 292 735 6315 20 80 52 30 23 21 23 56 64 128 60 266 93 8026 323 637 258 180 608 109 169 23 91 183 24 193 49 36 24 48 25 43 67 33 60 31 40 30 34 90
leaf_count=6089 42 21 41 27 31 30 114 26 269 348 247 36 279 78 47 31 20 153 167 292 735 6315 20 80 52 30 23 21 23 56 64 128 60 266 93 8026 323 637 258 180 608 109 169 23 91 183 24 193 49 36 24 48 25 43 67 33 60 31 40 30 34 90
internal_value=3.23846e-05 0.00170778 -0.00111336 -0.00485437 -0.00942623 0.0040429 0.00615183 0 -0.000305219 0.000753988 0.00187451 -0.00108045 0.00072601 0.00184028 -0.000582249 -0.00648148 -0.000514649 -0.00311653 -0.00417957 -0.000625493 0.000794439 -0.000849092 0.000171811 -0.00100263 -0.00201261 0.000974659 0.0028125 -0.00319149 0.00028714 0.000217886 -0.00295833 -0.00536585 0.00209447 0.00344156 0.00424724 0.000284355 -0.000140078 0.000603677 0.00320261 0.00175737 -0.00162539 0.000804455 -0.00226266 -4.85437e-05 -0.000820136 -0.000965447 0.00529197 0.00436947 0.00137712 0.00127737 -0.000390625 -0.000558659 0.00184659 -0.00332447 0.00512618 0.0015625 0 -0.00272727 0.00435606 0 0.00794702 0.00685841
internal_weight=27788 524 234 100 58 290 178 27264 9816 1993 1254 739 383 357 7823 78 7745 356 320 7611 1004 6607 17448 1518 1018 500 267 44 15930 15372 297 192 558 382 359 15075 6412 8663 752 438 966 189 777 502 439 233 134 223 105 134 93 176 85 91 314 69 112 52 63 213 148 110
internal_count=27788 524 234 100 58 290 178 27264 9816 1993 1254 739 383 357 7823 78 7745 356 320 7611 1004 6607 17448 1518 1018 500 267 44 15930 15372 297 192 558 382 359 15075 6412 8663 752 438 966 189 777 502 439 233 134 223 105 134 93 176 85 91 314 69 112 52 63 213 148 110
cat_boundaries=0 2 3 5 6 7 9 11 12 14 15 17 18 19
cat_threshold=33554567 4736 662 2118500753 970961 16 1812 9044494 9482 2164798476 1049602 2065 33816577 135297 1829 129 4096 2134 1552
is_linear=0
shrinkage=0.05


Tree=131
num_leaves=63
num_cat=21
split_feature=23 1 11 1 1 11 9 16 5 5 11 2 22 1 2 1 19 5 2 0 5 5 5 22 13 1 5 1 20 17 1 8 22 20 11 2 17 1 9 2 1 11 5 2 1 2 17 20 5 9 5 1 2 9 17 22 16 5 20 20 22 17
split_gain=0.660054 2.5045 3.02605 1.6793 1.6788 1.3779 1.57169 1.44288 2.60833 1.33089 1.80057 1.28569 1.19705 1.17992 1.21375 1.222 1.52004 1.46976 1.16397 2.27779 4.40629 6.87844 1.98668 1.46457 2.17027 1.83025 1.46107 1.95151 1.46318 2.45035 1.90604 1.15238 1.11824 1.80224 1.11356 1.30934 1.5626 1.41237 1.145 1.11333 1.3291 1.10799 0.949094 0.937558 0.918313 1.19548 0.9359 0.917102 0.887594 0.884127 0.770175 0.741496 0.852561 0.988254 0.731504 1.06219 0.715349 0.695549 0.69431 0.919563 0.766556 0.678147
threshold=3.5000000000000004 0 2546.0350000000008 1 2 2462.6950000000002 1271.6200000000001 0.85719839971562584 101.50000000000001 108.50000000000001 1990.5000000000002 3 12.021426933115455 4 5 6 812.00000000000011 116.50000000000001 7 8 180.50000000000003 154.50000000000003 245.50000000000003 27.358200553213379 1.5000000000000002 9 138.50000000000003 10 112.50000000000001 3.1765125458045773 11 2083.1350000000007 31.890969178121829 189.50000000000003 4684.2850000000008 12 0.90526384473832511 13 1702.1050000000002 14 15 3737.5200000000004 129.50000000000003 16 17 18 2.0541353936546582 42.500000000000007 257.50000000000006 1090.6800000000003 137.50000000000003 19 20 508.87000000000006 1.2618907795870424 21.12094790847804 1.5289560855403375 24.500000000000004 175.50000000000003 154.50000000000003 15.39805148244171 0.79998324067879911
decision_type=2 9 2 9 9 2 2 2 2 2 2 1 2 9 1 9 2 2 1 1 2 2 2 2 2 9 2 9 2 2 9 2 2 2 2 1 2 9 2 1 9 2 2 1 9 1 2 2 2 2 2 9 1 2 2 2 2 2 2 2 2 2
left_child=4 2 9 11 5 7 32 8 -1 57 42 54 39 14 15 16 17 -6 19 23 21 -21 -22 24 -15 -25 28 -28 29 -20 -30 44 33 50 38 37 -37 -36 43 40 -5 -29 -11 -14 -4 46 -46 -47 -18 -12 -7 52 -16 -54 55 -3 -57 -2 59 60 -13 -42
right_child=1 3 31 12 13 6 -8 -9 -10 10 49 58 34 18 51 -17 48 -19 26 20 22 -23 -24 25 -26 -27 27 41 30 -31 -32 -33 -34 -35 35 36 -38 -39 -40 -41 61 -43 -44 -45 45 47 -48 -49 -50 -51 -52 -53 53 -55 -56 56 -58 -59 -60 -61 -62 -63
leaf_value=0.3478023472383367 -0.050381345627121023 0.094983014452078157 0.030655750138541205 -0.050231983672785301 -1.0246704371155613 -0.20750018218889546 -0.021566597816938704 -0.013183423183683997 -1.1972974392691917 1.4612175351856909 -0.29323624032301049 -0.04314832238320996 0.073728117773399229 0.086241001795469077 0.16773529050090349 0.07454717847254165 -0.33012688407702923 0.38602573810155438 -0.14062638052186602 -0.013269811735826621 0.47111402403900532 -0.58627004194957566 -0.13259996980538399 -0.25318308457622435 -0.42395407855846784 -0.0022707159781523603 -0.12088174605475679 0.16820927784508935 -0.041822755274099427 -0.00073637462357571963 0.49771078377903 0.37300195712503809 -0.0098078294320206542 0.92994199209959205 0.00442311405576481 -0.1391634592050997 0.017434645541770429 -0.11680014777968628 0.25320256621853598 0.04820262969204752 -0.15946545974563309 -0.12963271970124132 -0.085553070199221815 0.00093324361061846166 -0.10424018218292108 0.26809711933163016 -0.85759736088476402 -0.0086825189639391457 -1.218378687710173 0.13212870135425483 -0.84180921536099906 0.38541273571032664 0.44623573217231183 -0.20528364942585428 0.19914217178110016 -0.36969047956099588 0.070087551333982742 -0.53204915386472451 0.79334067163894817 -1.674652727671974 0.044179850109237861 0.063758528281032123
leaf_weight=51 27 137 367 112 31 20 180 1554 53 24 80 186 812 2683 382 568 78 139 940 302 246 290 483 273 101 424 308 2882 1187 2006 633 60 37 20 282 200 776 392 239 361 20 187 107 4528 266 67 23 133 46 25 62 600 47 218 422 42 164 102 34 25 588 156
leaf_count=51 27 137 367 112 31 20 180 1554 53 24 80 186 812 2683 382 568 78 139 940 302 246 290 483 273 101 424 308 2882 1187 2006 633 60 37 20 282 200 776 392 239 361 20 187 107 4528 266 67 23 133 46 25 62 600 47 218 422 42 164 102 34 25 588 156
internal_value=5.57735e-05 0.000363615 -0.00169049 0.000648119 -0.000135758 -0.00150126 -0.00454193 -0.000888019 -0.00654206 -0.00553668 -0.00292887 0.00212601 0.000338994 4.14814e-05 0.0011369 -0.000257143 -0.00285016 0 -0.000134087 -0.000752856 -0.00252077 -0.00571429 1.70765e-05 -6.81688e-05 0.000430571 -0.002125 0.000225294 0.00102441 -0.000330258 -0.00102577 0.000767965 -0.000108814 -0.00853873 -0.0111905 0.000146916 -0.000983061 0.000151668 -0.00265648 0.000490416 0.00239647 0 0.00141548 0.000652985 0.000327531 -0.000640279 -0.00206673 -0.00409768 0.000704225 -0.00708661 -0.00775463 -0.0144118 0.00213294 0.000814394 -0.00121403 0.00361504 0.00169798 -0.000358852 -0.00975379 0.000664894 0.000296135 0.000675676 0.0026455
internal_weight=27788 10757 1281 9476 17031 1977 319 1658 104 365 236 1598 7878 15054 2109 862 294 170 12945 4802 1321 592 729 3481 2784 697 8143 3377 4766 2946 1820 916 139 102 7229 1650 976 674 5579 649 288 3069 131 5340 856 489 289 200 124 105 82 1247 647 265 765 343 206 129 833 799 774 176
internal_count=27788 10757 1281 9476 17031 1977 319 1658 104 365 236 1598 7878 15054 2109 862 294 170 12945 4802 1321 592 729 3481 2784 697 8143 3377 4766 2946 1820 916 139 102 7229 1650 976 674 5579 649 288 3069 131 5340 856 489 289 200 124 105 82 1247 647 265 765 343 206 129 833 799 774 176
cat_boundaries=0 2 4 6 7 9 10 12 13 14 16 18 20 21 23 24 25 26 28 29 31 32
cat_threshold=67110480 75094 2416173312 1329161 2417139718 1050632 1355 1140917328 722002 2252 1104 524288 2307 1 33558688 262784 165675008 262176 571228289 262177 2378 570949668 128 409 536870921 1280 67110464 8194 3552 67108864 65554 1824
is_linear=0
shrinkage=0.05


Tree=132
num_leaves=63
num_cat=24
split_feature=19 19 2 1 2 1 19 19 1 2 4 23 13 19 22 8 2 9 2 1 1 22 9 1 0 19 7 23 8 22 1 8 2 22 1 1 19 1 23 4 5 9 22 8 8 19 9 7 16 5 1 2 10 16 5 10 4 9 9 5 4 4
split_gain=0.634034 1.68755 1.41521 1.35027 1.75147 1.25174 1.5559 1.4466 1.97423 1.32569 1.66837 1.48738 1.56997 1.32288 1.88856 1.92834 1.42348 1.76579 1.31646 1.56199 1.50284 1.41852 1.51824 1.26694 1.41615 1.10884 1.08349 1.24647 1.14829 1.06688 1.06373 1.06186 1.05308 1.74847 2.87506 1.59397 1.32978 1.087 1.15445 1.06472 1.30362 1.02286 1.00937 0.976681 0.956557 0.931828 0.927988 0.886304 0.864799 0.864131 0.777574 1.14532 1.01814 1.01423 0.783792 0.76819 0.758556 1.81748 0.762858 0.748376 0.726805 0.684134
threshold=992.96500000000003 1030.9100000000001 0 1 2 3 256.49000000000029 568.9100000000002 4 5 6 6.5000000000000009 1.5000000000000002 78.865000000000023 80.439779452998735 689.27500000000009 7 654.46500000000003 8 9 10 63.5217667589041 1440.8850000000004 11 12 646.72500000000002 60.600000000000009 5.5000000000000009 180.11500000000004 14.369710324128539 13 248.01500000000001 14 26.41071713904898 15 16 6498.8750000000009 17 10.500000000000002 18 78.500000000000014 992.0350000000002 1.0000000180025095e-35 394.40000000000003 907.32000000000005 1115.4100000000003 596.09500000000014 881.20500000000004 1.1999926898472433 315.50000000000006 19 20 3288.9750000000004 1.3934613360574588 357.50000000000006 1469.1450000000002 21 636.1350000000001 1178.8300000000002 349.50000000000006 22 23
decision_type=2 2 1 9 1 9 2 2 9 1 9 2 2 2 2 2 1 2 1 9 9 2 2 9 1 2 2 2 2 2 9 2 1 2 9 9 2 9 2 9 2 2 2 2 2 2 2 2 2 2 9 1 2 2 2 2 9 2 2 2 9 9
left_child=5 2 -2 4 -3 7 13 18 25 10 -8 12 -12 50 16 -16 17 -15 19 21 43 22 -1 48 30 42 -10 28 -28 31 -25 -22 33 35 55 60 -37 39 -39 46 -41 -18 -9 -20 -26 -6 -34 -31 -11 -36 51 53 -53 -7 59 -35 58 -58 -21 -52 -5 -50
right_child=1 3 -4 32 45 6 9 8 26 23 11 -13 -14 14 15 -17 41 -19 20 56 29 -23 -24 24 44 -27 27 -29 -30 47 -32 -33 37 34 49 36 -38 38 -40 40 -42 -43 -44 -45 -46 -47 -48 -49 61 -51 54 52 -54 -55 -56 -57 57 -59 -60 -61 -62 -63
leaf_value=-0.20903795345218634 0.012060241020770813 0.04318309121522939 -0.26132785150092985 -0.34453186779442363 0.09436163632415609 0.099466336402379965 0.1489838851459096 -0.89344023551640894 0.15029202930641478 -0.33653096331308724 -0.110002380971644 0.093458621747897833 -0.65503723771920086 -0.72176358954454978 -1.643985352933047 0.54950393857284219 0.22471683636112819 -0.024807344501136443 -0.039097580875526554 0.10729023204902965 -0.53189393328534906 1.2793151039742634 0.0096872709316636399 0.22964792908562759 0.056801183516247633 0.15308090344295044 -1.3146094367642789 0.086172953983277317 -0.29235470986184103 -0.029576676088157061 0.35232751821765462 0.083402536734242347 0.45645010578325107 -0.38694286273521605 0.1190285200730597 0.12208287082441274 -0.16685241282587829 -0.083076184653646662 0.092955818485433286 -0.38723268645629966 0.021104785654972827 -0.19629714985290933 0.030536802704888278 0.08549183809358199 -0.82480267913920358 -0.30238444303542206 0.0047829872008841486 0.042577547356678028 0.23353533136937998 -0.21416778360424937 0.0025908024559832656 0.24606621738628487 -0.0035328279670443054 -0.062174379927775553 0.32655375293352296 -0.00058008342233160091 -0.13182134474156548 0.014987312085966665 -0.085116660969698998 -0.14855698255370067 -0.0036866555305765658 -0.096829112293705596
leaf_weight=596 112 238 157 129 54 67 638 47 50 52 706 75 48 177 33 22 250 256 147 256 23 70 190 1201 623 358 22 80 458 750 411 626 406 411 460 2485 44 2702 157 190 404 136 41 748 28 301 549 277 132 46 6277 699 252 266 50 114 162 452 128 115 582 252
leaf_count=596 112 238 157 129 54 67 638 47 50 52 706 75 48 177 33 22 250 256 147 256 23 70 190 1201 623 358 22 80 458 750 411 626 406 411 460 2485 44 2702 157 190 404 136 41 748 28 301 549 277 132 46 6277 699 252 266 50 114 162 452 128 115 582 252
internal_value=3.59829e-05 -0.000292068 -0.00418199 -0.000172507 -0.00245462 0.000210274 0.000483215 -0.000416363 -0.00207743 0.00127728 2.53378e-05 -0.00141033 -0.00214663 9.29908e-05 -0.00173888 -0.0105603 -0.00104927 -0.00299888 -8.46883e-06 -0.00103107 0.000711107 -0.00258918 -0.00326362 0.00193123 0.00241103 0.000381264 -0.00389246 -0.00461812 -0.00559006 -0.000148017 0.00321981 0.00139954 -7.19052e-06 0.000545635 -0.00122099 0.0011255 0.00171617 -0.000554173 -0.00113597 0.000488156 -0.00111203 0.00106516 -0.0043956 0.00235407 0.00036315 -0.00465353 0.00153667 -0.00117718 -0.000445434 0.00139692 0.000307284 0.00142637 0.00232106 -0.000975434 7.35864e-05 -0.00378717 0.000272008 -0.000757576 0.00201511 1.56372e-05 -0.000915055 0.000258398
internal_weight=27788 9541 269 9272 593 18247 12766 5481 1056 4166 1467 829 754 8600 874 55 819 433 4425 1854 2571 856 786 2699 2263 446 610 560 480 1676 1612 649 8679 4271 1031 3240 2529 4408 2859 1549 594 386 88 895 651 355 955 1027 436 506 7726 1284 951 333 6442 525 998 614 384 6392 711 384
internal_count=27788 9541 269 9272 593 18247 12766 5481 1056 4166 1467 829 754 8600 874 55 819 433 4425 1854 2571 856 786 2699 2263 446 610 560 480 1676 1612 649 8679 4271 1031 3240 2529 4408 2859 1549 594 386 88 895 651 355 955 1027 436 506 7726 1284 951 333 6442 525 998 614 384 6392 711 384
cat_boundaries=0 1 3 4 6 8 9 10 11 12 14 16 18 19 21 22 24 26 28 29 31 32 33 34 35
cat_threshold=1256 2306884352 4160 1193 39466062 1092397 135182 32804 542 12 2443 2464 131080 41769 33686528 11017 2195713 131090 1 813711536 589952 2838 805830784 66064 2102300 1175 372016133 106686 22 1344340737 196688 70 18 16 17
is_linear=0
shrinkage=0.05


Tree=133
num_leaves=63
num_cat=8
split_feature=6 1 23 9 16 17 1 10 1 10 21 7 10 10 21 7 17 5 1 5 7 21 20 13 5 5 21 14 7 1 8 5 17 9 8 8 1 5 5 9 10 17 7 9 17 5 17 23 10 5 13 10 7 9 7 23 23 20 21 3 20 1
split_gain=0.54183 1.84277 1.91937 2.5065 1.83378 1.86957 1.44612 1.31125 1.90787 1.67757 1.33674 1.43988 1.24431 1.06527 1.0649 0.974299 0.890953 1.20617 0.872065 0.834924 1.0294 1.08161 0.801879 0.787372 0.905736 0.793361 0.785021 0.990708 0.976526 0.90563 0.77443 1.46975 1.11917 0.769783 0.940647 1.04507 2.14951 0.916188 1.0455 0.761674 0.734617 0.733533 0.706661 0.68538 1.63252 1.10122 0.67438 0.88247 1.38763 0.679494 0.7851 0.66113 1.33062 1.45184 1.157 1.11943 1.11361 1.08369 1.0346 0.743539 1.30215 0.992359
threshold=3056.7900000000004 0 3.5000000000000004 1188.5400000000002 1.5674999155617215 2.2025288160547909 1 1268.3050000000001 2 1199.9250000000002 47.612500000000004 660.95000000000016 171.00000000000009 2362.3400000000006 127.08333333333336 410.72500000000008 1.9494711629767572 19.500000000000004 3 12.500000000000002 93.700000000000017 39.026315789473692 52.500000000000007 1.5000000000000002 68.500000000000014 231.50000000000003 49.550505050505059 2.5000000000000004 432.19000000000005 4 710.0150000000001 165.50000000000003 1.3208154502903859 3065.5850000000005 1901.4150000000002 1240.0450000000003 5 123.50000000000001 271.50000000000006 474.3300000000001 1071.7950000000003 2.7897346758907386 2204.5350000000003 768.69000000000017 1.033226954763961 166.50000000000003 1.4980687380625093 2.5000000000000004 1542.0450000000003 259.50000000000006 1.5000000000000002 2522.4100000000003 726.9100000000002 1674.6300000000003 864.61500000000012 20.500000000000004 16.500000000000004 34.500000000000007 22.10923423423424 6 19.500000000000004 7
decision_type=2 9 2 2 2 2 9 2 9 2 2 2 2 2 2 2 2 2 9 2 2 2 2 2 2 2 2 2 2 9 2 2 2 2 2 2 9 2 2 2 2 2 2 2 2 2 2 2 2 2 2 2 2 2 2 2 2 2 2 1 2 9
left_child=6 2 3 23 -5 13 19 8 9 16 11 12 -10 -6 41 -12 17 -3 46 20 -1 -22 -7 24 -2 -26 27 28 -20 -29 31 -4 -33 34 35 40 -37 -36 -39 -17 -21 -11 51 44 -28 -45 47 48 -9 50 -48 55 53 57 -54 59 -56 -53 -55 60 -8 -61
right_child=1 7 30 4 5 22 42 18 10 14 15 -13 -14 -15 -16 39 -18 -19 26 33 21 -23 -24 -25 25 -27 43 29 -30 -31 -32 32 -34 -35 37 36 -38 38 -40 -41 -42 -43 -44 45 -46 -47 49 -49 -50 -51 -52 52 54 58 56 -57 -58 -59 -60 61 -62 -63
leaf_value=-0.44098425795262275 0.30029106714935216 0.32412988826774303 0.028454859021587755 -0.61132152185157507 -1.1611820111428608 -0.059232782396080569 -0.13891222873992853 0.68179761102791514 2.0137445052092295 -0.70947114824552093 0.23873575642127004 0.27952689740294723 -0.16174519731880477 -0.32749351639792351 0.09185671273388181 -0.59285761279575711 -0.012229496892022129 -0.15377673259960761 0.11033264351668333 0.046675175415424874 -0.15748733010976645 0.03390882817471854 1.5200954373602953 0.31585360062497408 -0.43885595575206982 -0.0012873565743081628 0.0988479416426324 0.073062201049758621 -0.14543134537004274 -0.0024877705527422966 0.078011057973695327 -0.11519730954081001 0.016426012554087422 0.055543501216200532 -0.58364890651010171 -0.032029695129043745 0.55120005337288613 0.23117244075320828 -1.1371332354988433 0.058275144413457804 -0.00032008993862167048 -0.38168459781282638 1.3939429592403139 0.0041189630727462402 -0.35956149123167408 0.15455292651561711 0.60077491634285751 0.023844095348904304 -1.0525115768665907 -0.0098141314918564152 -0.012905603074088924 -0.48219476936833988 0.13157909833500056 -0.44023118254371119 -0.0049437594913730905 0.21569275772733754 -0.10748481225786871 -0.097000313259598736 0.0042851783041789829 -0.11774149422571015 0.020670918560137964 -0.0041694877467155942
leaf_weight=21 46 45 168 70 32 44 526 28 22 101 284 177 323 44 32 40 734 595 145 5841 131 230 30 22 110 84 214 234 783 600 240 75 51 156 39 406 504 44 29 298 4902 37 30 1021 105 827 285 369 49 87 69 36 73 25 304 26 38 60 143 997 2639 2068
leaf_count=21 46 45 168 70 32 44 526 28 22 101 284 177 323 44 32 40 734 595 145 5841 131 230 30 22 110 84 214 234 783 600 240 75 51 156 39 406 504 44 29 298 4902 37 30 1021 105 827 285 369 49 87 69 36 73 25 304 26 38 60 143 997 2639 2068
internal_value=3.05854e-05 -0.00029919 -0.00228377 -0.00458763 -0.00852018 -0.00473856 0.000179025 -1.99548e-05 -0.000910442 -0.00205523 0.000605013 -0.00119048 -0.003125 -0.0101266 -0.00679191 0.0022 -0.00143428 -0.00279938 0.000466902 0.000506455 -0.00175325 -0.000927198 0.000324675 -0.00103774 -0.00205761 -0.0036802 0.00013001 -0.000637394 -0.00177229 0.000567503 -0.000139665 -0.00193603 -0.00600775 0.000583906 0.000532163 0.000580173 0.00221796 -0.00391304 0 0.000219941 0.000436209 -0.00868794 -0.000392304 0.00077765 -0.00128106 0.00116153 0.001875 0.000389755 -0.00421875 0.00329392 0.00427171 -0.000434203 -0.00192449 -0.00468165 -2.99043e-05 -0.00026362 -0.00137681 -0.00959596 -0.00146199 -0.000316862 0.000208464 -0.000873132
internal_weight=27788 8520 1016 482 220 150 19268 7504 2688 1544 1144 522 345 76 170 622 1374 640 4816 12303 382 361 74 262 240 194 3929 1762 928 834 534 294 126 11921 11765 11653 910 112 73 338 10743 138 6965 2167 319 1848 887 446 77 441 354 6935 679 264 415 6256 342 96 168 6230 3165 3065
internal_count=27788 8520 1016 482 220 150 19268 7504 2688 1544 1144 522 345 76 170 622 1374 640 4816 12303 382 361 74 262 240 194 3929 1762 928 834 534 294 126 11921 11765 11653 910 112 73 338 10743 138 6965 2167 319 1848 887 446 77 441 354 6935 679 264 415 6256 342 96 168 6230 3165 3065
cat_boundaries=0 2 4 6 8 10 12 13 15
cat_threshold=3565752610 37121 1997357475 1036371 554959041 738330 22183960 812104 262276 146 50610560 266242 9 144834628 1049992
is_linear=0
shrinkage=0.05


Tree=134
num_leaves=63
num_cat=12
split_feature=18 11 10 2 17 10 15 17 17 20 22 8 10 22 2 19 19 9 15 17 18 17 9 11 10 21 21 9 0 2 20 20 2 10 19 20 2 4 21 9 2 20 18 2 22 17 21 8 8 2 22 9 21 11 17 17 8 2 22 4 20 8
split_gain=0.577866 0.60567 1.13556 1.03861 1.02019 1.14544 1.29407 0.645832 1.28878 0.969354 0.63044 0.622987 0.58455 0.563695 1.92793 1.10656 1.53927 1.18682 1.73422 1.07165 2.58435 1.18658 1.10587 1.65482 1.28203 0.968691 0.898666 2.50149 1.76101 5.67482 5.96695 7.56657 1.95604 1.70487 1.67331 1.57481 1.50377 1.4684 1.56589 1.4747 1.38032 1.31799 1.28374 1.23273 1.1861 1.16165 1.12554 1.0145 1.12569 0.941511 0.897811 0.879651 0.835136 0.834744 0.960356 0.826142 0.78913 1.23235 1.1663 0.766535 1.25465 1.14885
threshold=2.9462179617441135 7214.3800000000019 4341.8900000000003 0 1.4255903975964732 3288.9750000000004 13.500000000000002 1.3147264754660604 1.482243933635824 14.500000000000002 15.05314641201713 2033.7350000000004 3431.6150000000002 40.642444966049048 1 2759.3100000000004 1013.7900000000001 1.0000000180025095e-35 1.5000000000000002 1.482243933635824 1.4502568462341219 1.1511036076486525 517.38000000000011 1226.7950000000003 1407.8200000000002 245.25000000000003 63.038461538461547 1240.0850000000003 2 3 83.500000000000014 179.50000000000003 4 719.04000000000008 706.30999999999995 143.50000000000003 5 6 66.591666666666683 1033.3750000000002 7 63.500000000000007 2.4537066013769748 8 22.523644979445194 1.5194066078253685 87.071428571428584 1584.3150000000003 619.57000000000005 9 21.214381881432832 557.28500000000008 141.77500000000003 1665.7000000000003 1.2976277979716879 1.3505951293322236 465.86500000000007 10 57.014252546687437 11 164.50000000000003 164.53500000000003
decision_type=2 2 2 1 2 2 2 2 2 2 2 2 2 2 1 2 2 2 2 2 2 2 2 2 2 2 2 2 1 1 2 2 1 2 2 2 1 9 2 2 1 2 2 1 2 2 2 2 2 1 2 2 2 2 2 2 2 1 2 9 2 2
left_child=13 3 4 12 5 -3 -7 9 -9 -4 11 -11 -2 26 19 16 56 -18 -19 20 53 -22 25 52 -25 -21 28 37 32 30 33 -32 59 -30 44 41 47 39 51 46 -36 -34 -38 -40 -31 -41 -28 48 -29 -37 -49 -39 -24 54 -15 -23 57 -16 -58 61 -61 -1
right_child=1 2 7 -5 -6 6 -8 8 -10 10 -12 -13 -14 14 15 -17 17 18 -20 22 21 55 23 24 -26 -27 27 36 29 34 31 -33 35 -35 40 49 42 38 43 45 -42 -43 -44 -45 -46 -47 -48 50 -50 -51 -52 -53 -54 -55 -56 -57 58 -59 -60 60 -62 -63
leaf_value=-0.25199539768575441 -0.21351662176111499 0.08737483344348701 -0.064946289535454935 0.068752951295345088 0.42779825355614354 -0.22076420155879842 0.025555431370178551 -0.085882647798490516 0.034519000526288403 0.12100761702767888 0.012868238832539271 -0.0013767753308965959 0.095705076775664477 0.070225614243463727 0.080833374895296128 0.56791536154022249 1.7508377461103259 -1.5515610370353003 -0.17041884205618982 0.46437251918242534 -0.093828273314080238 -0.88306054871319406 -0.26260705633122472 0.60381855251744132 -0.0031948583369503683 -0.32817209523641111 -0.010228260033942151 -0.80557473801063684 0.17865020849339822 0.03088071812112041 -0.7828188195909862 1.013335936641161 -0.0029755941448132098 -0.17091794254520976 0.03080851508114657 1.1527160553009488 0.29063042485488921 0.33269168608241984 -0.081226334554861168 0.12813951268252169 -0.20436157096899452 -0.12137055035733049 -0.22084175905859801 0.011414970951198278 -0.029733607873236423 -0.49643234176663714 0.37899094067804362 -0.512427194429394 0.2587974534307545 0.072893298509676185 0.046592151295557473 0.049762997936159264 -0.024873333127362063 0.16346917441176761 -0.38013000429340349 -0.11515604595584109 -0.11223725518336902 -0.15827302654071068 0.16898194045441467 0.062984058124143524 -0.053589512994301106 0.011406332562836142
leaf_weight=47 107 25 21 626 21 76 27 42 85 86 87 23 33 202 169 103 39 45 756 178 82 53 50 377 406 22 295 32 84 1879 111 34 3870 335 239 436 1021 86 2091 69 377 1215 60 2852 430 119 842 65 355 765 31 184 86 419 98 37 674 548 824 1758 474 1205
leaf_count=47 107 25 21 626 21 76 27 42 85 86 87 23 33 202 169 103 39 45 756 178 82 53 50 377 406 22 295 32 84 1879 111 34 3870 335 239 436 1021 86 2091 69 377 1215 60 2852 430 119 842 65 355 765 31 184 86 419 98 37 674 548 824 1758 474 1205
internal_value=5.39743e-05 0.00109945 -0.000176411 0.00198309 -0.00386513 -0.00572519 -0.00813679 0.00129683 -0.00125 0.00301136 0.00427136 0.00680804 -0.00163399 2.35565e-06 -0.000464127 -0.00123778 -0.00142659 -0.00326216 -0.0037158 0.000729115 -0.000517338 -0.006 0.00177139 0.000962581 0.00189249 0.00517241 0.000117604 0.000533621 -0.000132899 -0.00109894 -0.00563258 -0.0144426 0.000207204 -0.00251777 -0.000182948 -0.000313542 0.00232929 9.55511e-05 -0.000275067 0.00157885 -0.00250404 -0.00070509 0.00334781 -0.000487768 0.000416306 -0.00235602 0.00229167 0 0.00112179 0.00129776 -0.00454545 0.00338828 -0.00395683 0.00074446 -0.00115512 -0.00994624 -0.000704463 -0.00206597 -1.66556e-05 0.00115814 0.00171492 0.000118577
internal_weight=27788 1259 493 766 149 128 103 344 127 217 196 109 140 26529 5168 3158 3055 840 801 2010 891 172 1119 919 783 200 21361 8102 13259 3489 564 145 9770 419 2925 6286 1564 6538 5213 1325 616 5085 1081 4943 2309 188 1137 483 387 1201 96 270 136 719 300 90 2215 717 1498 3484 2232 1252
internal_count=27788 1259 493 766 149 128 103 344 127 217 196 109 140 26529 5168 3158 3055 840 801 2010 891 172 1119 919 783 200 21361 8102 13259 3489 564 145 9770 419 2925 6286 1564 6538 5213 1325 616 5085 1081 4943 2309 188 1137 483 387 1201 96 270 136 719 300 90 2215 717 1498 3484 2232 1252
cat_boundaries=0 1 2 3 4 5 6 7 8 9 10 11 12
cat_threshold=2176 897 1 256 2322 1298 16 1730 2258 672 3080 17
is_linear=0
shrinkage=0.05


Tree=135
num_leaves=63
num_cat=14
split_feature=14 18 1 20 18 1 22 8 11 22 20 1 11 11 1 18 7 4 9 1 1 23 1 19 19 1 20 19 1 10 9 7 17 19 4 1 17 18 10 20 1 1 22 15 22 22 18 8 10 7 20 18 9 7 19 11 19 7 15 17 11 20
split_gain=0.596738 1.07232 0.978682 1.13588 1.79085 1.54794 1.35176 1.45833 1.04388 0.878435 1.05348 0.84807 1.57222 1.74444 1.6464 1.23398 1.61605 1.22813 1.75419 2.0741 1.44144 1.73013 1.37345 1.24712 1.11578 1.56205 1.33162 1.17617 1.07955 0.988347 1.14047 0.912151 0.990635 0.878305 1.0538 0.874198 0.849457 1.88683 0.843383 0.839155 0.835835 0.803414 0.800846 1.20869 0.931814 0.900906 0.866689 0.786967 0.785986 0.75993 0.705733 0.688472 0.667735 0.564353 0.533884 0.530134 0.520293 0.662405 1.07002 0.589201 0.506701 0.520089
threshold=2.5000000000000004 0.32597711463795148 0 24.500000000000004 1.90465645038795 1 11.53376436077796 1139.9150000000002 4403.6350000000011 14.155243313714807 14.500000000000002 2 1026.0950000000003 1036.0250000000003 3 0.62466038720356998 117.73500000000001 4 524.68000000000018 5 6 2.5000000000000004 7 2540.8200000000002 1307.2150000000001 8 412.50000000000006 1022.245 9 3243.7350000000001 697.20500000000015 481.67500000000001 0.99971538040333241 1205.5050000000001 10 11 0.63582554949437731 0.72742258799052795 1681.1400000000001 27.500000000000004 12 13 16.707782550687583 11.500000000000002 26.41071713904898 14.544215659262454 2.0904134729569259 1080.0000000000002 352.55500000000006 1083.2350000000004 56.500000000000007 0.23138334916561115 2036.6300000000003 265.33000000000004 2374.6800000000007 7775.7100000000009 795.51999999999998 93.700000000000017 1.5000000000000002 1.1589934565968232 827.43500000000006 131.50000000000003
decision_type=2 2 9 2 2 9 2 2 2 2 2 9 2 2 9 2 2 9 2 9 9 2 9 2 2 9 2 2 9 2 2 2 2 2 9 9 2 2 2 2 9 9 2 2 2 2 2 2 2 2 2 2 2 2 2 2 2 2 2 2 2 2
left_child=11 39 42 6 5 38 7 47 -7 10 -8 24 14 -14 15 16 48 20 19 -19 23 -22 -20 -15 26 31 33 -28 -18 30 35 32 -26 36 -35 -27 37 -1 -5 51 -32 -11 43 45 53 -3 -46 -4 -13 50 -6 -2 -38 -44 -33 -51 -16 58 -58 -59 -17 -62
right_child=1 2 3 4 49 8 9 -9 -10 41 -12 12 13 17 56 60 28 18 22 -21 21 -23 -24 -25 25 29 27 -29 -30 -31 40 54 -34 34 -36 -37 52 -39 -40 -41 -42 -43 44 -45 46 -47 -48 -49 -50 55 -52 -53 -54 -55 -56 -57 57 59 -60 -61 61 -63
leaf_value=0.35620167154743942 -0.08872515374840946 -0.053234365221161033 0.015561186390906423 0.0039604768046112683 0.091569650083729748 0.0439141420758574 -0.16648740698005149 0.20121712523450103 -0.017351921642469615 0.071051634466749961 -0.03036064227734361 0.23414092215144802 -1.0777560174466316 -0.0097736796404415578 0.5206314046797299 0.64454566593634421 -0.24802495535729108 -0.021665639149855309 -0.099004644131363409 0.31565369397832999 -0.24655167388524379 -0.021416321500359815 0.0056791916432104017 0.47947756763335847 -0.45989309881686946 -0.11875121704951255 4.7309349299097727 -0.39157147400158349 -0.01963717226911417 -0.17915884266044593 0.346906180420746 -0.49763307822901376 0.018114379257755078 -0.058667663534940573 0.48101430339153739 0.051021589077064181 0.02132497868404748 -0.17589421354083951 -0.042452456962173681 0.21480418432135526 0.016397245700316001 -0.024899309638255842 -0.31419412440616246 0.038706416967314208 -0.04839865534493875 -0.60605314226879359 -0.34548627414698702 -0.28077884945851928 -0.21047585581850239 0.20973679146788449 -0.031593263130155778 0.085122885964053915 -0.051932233138435091 0.094155905056331091 -0.048618334895750875 -0.0061172483268956412 0.81098574361743092 0.68489896844495834 -0.4567430288421408 0.14039058052435252 0.1231161381563417 -0.51149131523706648
leaf_weight=127 35 156 151 233 455 613 58 82 166 112 73 158 50 2145 234 70 416 275 523 246 754 976 1756 71 26 1389 111 40 342 38 104 110 137 181 209 676 9339 381 340 90 1251 524 35 58 105 31 33 20 107 39 42 41 650 122 39 69 69 51 72 911 46 25
leaf_count=127 35 156 151 233 455 613 58 82 166 112 73 158 50 2145 234 70 416 275 523 246 754 976 1756 71 26 1389 111 40 342 38 104 110 137 181 209 676 9339 381 340 90 1251 524 35 58 105 31 33 20 107 39 42 41 650 122 39 69 69 51 72 911 46 25
internal_value=6.83675e-05 0.000661286 0.000458097 0.000823579 0.00153699 0.000479705 -0.000488759 0.00258789 0.00194129 -0.00157468 -0.00531716 -2.02215e-05 -0.000396079 -0.000794234 0.000663938 -0.000679694 -0.00132797 -0.000714921 7.10985e-05 0.00269561 -0.00128189 -0.00236661 -0.000509422 -0.000403769 0.000212536 -0.000523456 0.000468708 0.00511364 -0.00252957 -0.000194468 -8.76424e-05 -0.00384615 -0.000978916 0.000398301 0.00273537 -0.000840184 0.000305952 -0.00166341 -0.00142918 0.0045858 0.00102172 -0.000704225 -0.00144665 -0.00357863 0.000125839 -0.00559211 -0.00265957 0 0.00191231 0.00380345 0.004625 0 0.000411579 0.00289063 -0.00682566 0 0.00186111 0.00134494 -0.00164931 0.00183938 0.00355903 0
internal_weight=27788 3683 3517 2977 1957 1352 1020 253 779 767 131 24105 9297 6796 2501 1164 1023 6746 2800 521 3946 1730 2279 2216 14808 3770 11038 151 758 3458 3420 312 163 10887 390 2065 10497 508 573 166 1355 636 540 245 295 187 138 171 265 605 497 76 9989 157 149 108 1337 1103 141 962 141 71
internal_count=27788 3683 3517 2977 1957 1352 1020 253 779 767 131 24105 9297 6796 2501 1164 1023 6746 2800 521 3946 1730 2279 2216 14808 3770 11038 151 758 3458 3420 312 163 10887 390 2065 10497 508 573 166 1355 636 540 245 295 187 138 171 265 605 497 76 9989 157 149 108 1337 1103 141 962 141 71
cat_boundaries=0 2 4 6 8 9 11 13 15 17 19 20 22 24 26
cat_threshold=2265580820 16640 1085602 66177 4115122065 943296 1576968 69641 13 34082824 515 143134734 71697 142606402 33046 2432778752 1088 1052680 4096 12 604110864 802944 67240960 262144 4136 65552
is_linear=0
shrinkage=0.05


Tree=136
num_leaves=63
num_cat=6
split_feature=15 1 17 21 1 23 22 23 20 21 11 11 21 18 1 8 1 18 9 17 8 22 1 22 8 11 11 20 10 8 17 15 20 18 1 17 21 23 8 8 23 17 11 20 22 7 20 7 9 18 5 5 7 17 17 21 5 7 7 20 18 22
split_gain=0.624697 1.76946 2.10619 1.70304 1.66078 1.55104 1.43955 1.92364 1.34215 1.30589 1.18217 1.49538 1.15785 1.14359 1.94807 1.473 1.13416 1.12279 1.01069 3.9245 1.84026 1.38165 1.23342 1.03036 1.01277 2.082 0.951422 1.19355 0.864415 0.855179 0.842683 1.45531 1.23696 1.10571 0.821751 0.828904 0.828016 0.843518 0.809922 0.803802 0.774066 0.762273 2.52895 1.27834 1.04003 0.738747 1.9135 0.83652 2.10037 1.34057 1.30804 1.12663 1.10535 0.674406 0.674396 0.643554 0.633317 0.606329 0.580896 0.570822 0.569039 0.554602
threshold=3.5000000000000004 0 0.80158027090940276 59.038461538461547 1 10.500000000000002 25.030517082713164 10.500000000000002 107.50000000000001 23.461309523809529 5972.2350000000015 5702.5250000000005 120.10000000000001 2.9462179617441135 2 2033.7350000000004 3 0.31131697794091195 432.53000000000003 1.2673608112292247 149.98500000000004 56.315426468562947 4 12.021426933115455 1636.2050000000002 3593.4700000000003 8656.9800000000014 13.500000000000002 5787.2450000000017 1901.4150000000002 2.7141534807312833 6.5000000000000009 67.500000000000014 1.9438401885638208 5 0.42116893138902683 47.612500000000004 14.500000000000002 275.78500000000003 1151.6100000000004 3.5000000000000004 1.6046877608960823 1047.2550000000003 94.500000000000014 65.04741828570269 -1.0000000180025095e-35 45.500000000000007 245.29500000000002 290.89000000000004 0.53060702702627494 118.50000000000001 97.500000000000014 358.89000000000004 1.1275761366844923 2.0765998674715722 129.45000000000002 19.500000000000004 554.27500000000009 83.920000000000016 154.50000000000003 1.0386094018016723 28.990608074858113
decision_type=2 9 2 2 9 2 2 2 2 2 2 2 2 2 9 2 9 2 2 2 2 2 9 2 2 2 2 2 2 2 2 2 2 2 9 2 2 2 2 2 2 2 2 2 2 2 2 2 2 2 2 2 2 2 2 2 2 2 2 2 2 2
left_child=4 2 6 17 28 10 34 8 58 26 11 12 -5 14 38 -16 29 -3 22 21 54 23 41 57 25 -22 27 -4 45 -15 31 33 -33 -19 36 -36 37 -2 -11 -32 -12 42 43 -6 -44 46 -1 50 49 -49 51 -47 -50 -29 -21 -52 -37 -20 -8 -10 -26 -25
right_child=1 3 9 5 18 -7 7 -9 59 13 40 -13 -14 16 15 -17 -18 30 19 20 24 -23 -24 61 60 -27 -28 53 -30 -31 39 32 -34 -35 35 56 -38 -39 -40 -41 -42 -43 44 -45 -46 47 -48 48 52 -51 55 -53 -54 -55 -56 -57 -58 -59 -60 -61 -62 -63
leaf_value=-0.01434900545497666 -0.35075516915342925 0.061369693695331851 0.071496384120189216 0.033013051364027747 0.69544714819097031 0.34606411189690012 -0.43861926730754491 -0.80204243681455711 -0.55314503816514249 0.01987972191801575 -0.10248881426181972 -1.3759109428987513 0.5933132186583493 -0.046100374112375331 0.011244167962180375 -0.16602128380220266 0.048006729258485682 -0.10137306094265211 -0.68791463281921783 -1.0239603094624647 -0.032790915202031548 0.30098546930047942 -0.063903962276596005 -2.1674958673206075 0.0081918510199226469 -0.80320078683918161 0.1803669347199815 0.0064680350972603946 -2.0945950164418554 0.14273283475397749 0.3180358671382954 0.00030746152106040373 0.13486190377291304 0.063413201696694718 -0.34818062412304462 0.11976363497273962 0.18152805721362686 0.15065222016730095 -0.097779080739512567 -0.020933365314423427 0.40848948447609534 0.52194166112744189 0.66711773547226338 -0.54059310047339759 -0.79272736661182985 0.021546036703169947 -0.52112202054496348 -0.38604472373399906 0.15437119592732174 0.14519103052414728 0.1769585957187898 -0.68530007558191786 0.010049080862349014 -0.17730903497533543 -0.96107978503714486 0.99811307825496565 -0.012891279200129981 -0.046007321716058418 0.038926854843017368 0.016777375674729502 0.76239098232173752 -1.1541400417010228
leaf_weight=150 24 57 47 1683 22 101 47 55 129 100 22 20 193 230 5215 106 435 467 33 24 3283 34 872 23 94 81 21 21 22 46 71 1141 116 131 49 22 56 27 613 38 77 267 145 122 20 530 21 208 611 89 455 53 8230 107 42 203 266 52 191 28 109 41
leaf_count=150 24 57 47 1683 22 101 47 55 129 100 22 20 193 230 5215 106 435 467 33 24 3283 34 872 23 94 81 21 21 22 46 71 1141 116 131 49 22 56 27 613 38 77 267 145 122 20 530 21 208 611 89 455 53 8230 107 42 203 266 52 191 28 109 41
internal_value=7.73632e-05 0.000351317 -8.44164e-05 0.00118947 -0.000126271 0.00219152 -0.00236901 -0.00435982 -0.00292085 0.000203413 0.0018456 0.00152712 0.00170303 0.000327875 9.5246e-05 0.00043354 0.00222339 0.000129694 -0.000852757 -0.00128306 -0.000904153 -0.00840054 0.000241213 -0.0104441 -0.000731793 -0.000950401 -0.00376884 -0.0051264 0.00023146 -0.00017301 -5.08388e-05 -0.000329656 0.000605159 -0.00237105 -0.000223714 -0.00153571 0.00322917 -0.000231481 -0.00232438 0.00412946 0.00723039 0.00203735 0.000200321 -0.00442177 0.00453869 0.00025822 -0.0029454 0.000316654 0.000144951 -0.00395833 0.00153738 -0.000106655 0.000289744 -0.00763359 -0.00905797 0.00306354 -0.000343643 -0.00553977 -0.000311203 -0.00648438 0.00260922 -0.0156716
internal_weight=27788 11952 7835 4117 15836 2096 894 450 395 6941 1995 1896 1876 6745 6034 5321 711 2021 5264 3816 3633 183 1448 149 3567 3364 196 175 10572 276 1964 1855 1257 598 444 337 107 51 713 109 99 576 309 144 165 10550 171 10379 9138 297 1241 583 8841 128 66 658 288 85 238 157 203 64
internal_count=27788 11952 7835 4117 15836 2096 894 450 395 6941 1995 1896 1876 6745 6034 5321 711 2021 5264 3816 3633 183 1448 149 3567 3364 196 175 10572 276 1964 1855 1257 598 444 337 107 51 713 109 99 576 309 144 165 10550 171 10379 9138 297 1241 583 8841 128 66 658 288 85 238 157 203 64
cat_boundaries=0 2 4 6 8 10 12
cat_threshold=648348926 361354 1720010171 508362 2424880 33034 536870924 66056 2435874884 1072 35651664 128
is_linear=0
shrinkage=0.05


Tree=137
num_leaves=63
num_cat=20
split_feature=15 1 17 2 21 1 20 5 22 10 20 17 22 20 2 2 1 21 18 1 18 22 22 15 19 2 1 2 2 16 16 22 2 16 10 11 1 2 18 21 5 2 17 1 1 20 10 11 1 5 20 17 18 19 11 22 2 6 5 5 5 1
split_gain=0.592849 1.35287 1.38897 2.24488 1.37768 1.24824 1.11536 1.08518 1.60921 1.07402 1.23669 1.0661 1.05421 1.60722 1.24576 1.0238 1.24823 1.04719 1.96255 1.40632 1.2891 1.04461 1.17348 1.04187 1.01765 0.994989 0.974364 1.4772 1.08529 1.05075 0.992798 0.895438 1.3014 1.40924 1.1486 1.41053 1.00014 1.14243 1.39797 0.97129 0.890773 0.887964 2.23197 3.04851 1.92183 1.76268 1.51002 1.46609 1.46173 1.28039 1.2694 1.22205 1.21017 1.40777 1.07833 1.07399 0.887251 0.882945 1.94695 5.66559 1.56761 1.0769
threshold=3.5000000000000004 0 0.80158027090940276 1 61.035714285714292 2 125.50000000000001 264.50000000000006 32.121729979253182 1079.3700000000001 115.50000000000001 2.4806825284506257e-05 46.853850160291351 104.50000000000001 3 4 5 93.816666666666677 1.509842023822376 6 1.3627821321512077 43.457833800421675 48.084127657496786 4.5000000000000009 3140.0350000000003 7 8 9 10 0.96640520358339266 0.75286632974531698 25.457332055064509 11 1.2993843550730835 1214.9000000000003 2480.2700000000009 12 13 1.9438401885638208 20.13602941176471 249.50000000000003 14 2.3011577898489342 15 16 51.500000000000007 752.47000000000014 968.06500000000017 17 3.5000000000000004 161.50000000000003 0.80158027090940276 0.3589268254440538 3140.0350000000003 1202.6950000000004 30.515728489399152 18 1734.8500000000001 180.50000000000003 152.50000000000003 181.50000000000003 19
decision_type=2 9 2 1 2 9 2 2 2 2 2 2 2 2 1 1 9 2 2 9 2 2 2 2 2 1 9 1 1 2 2 2 1 2 2 2 9 1 2 2 2 1 2 9 9 2 2 2 9 2 2 2 2 2 2 2 1 2 2 2 2 9
left_child=5 2 3 6 31 11 7 8 -2 -5 -11 -1 26 14 -14 17 21 18 19 -6 -19 -17 -23 -20 -13 -15 27 -4 29 -28 -30 36 34 -34 -33 -36 37 38 -3 -38 -39 44 48 45 46 54 -7 -48 49 -43 -47 -51 53 -50 -44 -54 -41 58 59 -46 -60 -59
right_child=1 4 12 9 15 41 -8 -9 -10 10 -12 24 13 25 -16 16 -18 20 23 -21 -22 22 -24 -25 -26 -27 28 -29 30 -31 -32 32 33 -35 35 -37 39 40 -40 56 -42 42 43 -45 57 50 47 -49 52 51 -52 -53 55 -55 -56 -57 -58 61 60 -61 -62 -63
leaf_value=0.96074580520272979 -0.28101805885750791 -0.06803461195794272 -0.096947720208480109 0.11448118659997074 -0.26621420933982737 1.2215777498372491 -0.60545080964239306 0.0043331816347480512 0.04021227949689106 0.015032483534728414 -0.7741685998512855 -0.037621484228406388 -0.013911296414482034 0.8974568817904619 -0.19847708414368226 0.030466052125616462 0.24870912952262031 0.41896911969776263 -0.38640723380126202 -0.0063683062550292215 -0.037960496550793726 -1.0119836395271105 -0.018730218870528149 0.2948145196263896 -0.26355452726318535 -0.058098337435994199 -0.077130640371043668 0.0080521414977333446 0.088610339861818765 0.0031845236445255942 0.021172859834549487 0.13244508154752657 0.010252951029119739 -0.21680329961447226 -0.19994510098246279 0.0060814324652041845 -0.11474720890456039 -0.0057408379996203521 0.074885163562380619 0.078296996335706776 0.05471299837616761 -0.99450273580152992 -0.023318347620676153 0.48914041631980026 0.036733675396062891 0.31157492438865297 -1.2638625310134193 0.27118407520582316 -0.68402380967566323 -0.50867312535474651 -0.026150857316033085 0.045171162560531823 -0.071076430262486667 0.89556993910235649 -0.23837298711236141 -0.25416778975728854 0.015101104556465251 0.14327040028194676 0.75040506070103641 -0.55937233691153121 -0.0088651244316388048 -0.029391780264991497
leaf_weight=102 214 244 275 131 120 157 67 165 91 181 33 3979 402 104 358 156 850 252 64 300 113 24 79 159 147 130 269 395 217 1763 2951 107 95 179 28 127 44 376 85 142 196 33 781 714 534 382 37 396 100 59 384 1400 1045 21 286 408 466 2732 145 223 355 1416
leaf_count=102 214 244 275 131 120 157 67 165 91 181 33 3979 402 104 358 156 850 252 64 300 113 24 79 159 147 130 269 395 217 1763 2951 107 95 179 28 127 44 376 85 142 196 33 781 714 534 382 37 396 100 59 384 1400 1045 21 286 408 466 2732 145 223 355 1416
internal_value=9.71538e-05 0.000363864 -2.25545e-05 -0.00189266 0.00108438 -0.000101016 -0.00388636 -0.00290698 -0.00466721 0.00115223 -0.000806452 -0.000837067 0.000211155 -0.00127884 -0.00242464 0.00198703 0.00304144 0.000734574 -0.000406347 -0.00248227 0.00288723 0 -0.00389151 0.00326327 -0.000974812 0.00221519 0.000472501 -0.00128111 0.000709764 -0.000171149 0.0012889 0.000149379 -0.00157699 -0.00391986 0.000818182 -0.00166139 0.000779242 -0.000259847 -0.00259503 0.00225564 0.00102564 0.000163497 -0.000282172 0.00079902 0.000588798 -0.000264085 0.00327529 0.00163417 -0.00119746 -3.32226e-05 0.00152796 0.000162449 -0.00225268 -0.00715726 -0.00160047 -0.00181147 0.00286416 0.000279162 -0.000863095 -0.00248355 0.00149105 0.0006384
internal_weight=27788 11952 7746 882 4206 15836 537 470 305 345 214 4228 6864 994 760 2117 1109 1008 643 420 365 259 103 223 4126 234 5870 670 5200 2032 3168 2089 536 274 262 155 1553 901 329 652 572 11608 5613 2547 5995 1833 590 433 3066 1492 766 1459 1574 121 1067 1453 608 5405 1257 757 500 4148
internal_count=27788 11952 7746 882 4206 15836 537 470 305 345 214 4228 6864 994 760 2117 1109 1008 643 420 365 259 103 223 4126 234 5870 670 5200 2032 3168 2089 536 274 262 155 1553 901 329 652 572 11608 5613 2547 5995 1833 590 433 3066 1492 766 1459 1574 121 1067 1453 608 5405 1257 757 500 4148
cat_boundaries=0 2 3 5 6 7 9 11 12 14 15 16 17 19 20 21 23 25 27 28 30
cat_threshold=646190334 361290 2278 2574954560 1064468 845 151 2334720 135168 2147483648 4144 406 8388612 98634 393 308 63 2171076865 540689 708 1956 570427297 458881 67109120 229442 579077667 262177 193 1610891948 786440
is_linear=0
shrinkage=0.05


Tree=138
num_leaves=63
num_cat=13
split_feature=15 16 16 21 6 2 16 21 6 2 10 2 11 2 17 9 5 8 19 6 5 9 10 8 21 10 10 8 11 17 9 17 16 17 12 10 8 2 17 5 17 2 2 4 9 10 6 10 17 9 8 2 11 4 16 21 16 2 4 11 2 8
split_gain=0.592057 0.999842 1.18293 0.957154 1.13075 1.51377 1.83402 1.3439 1.31541 1.07872 1.10735 1.07476 0.918131 2.29371 0.993084 1.96357 1.10958 0.910027 1.1661 0.895226 1.67796 0.89449 0.864474 1.24086 0.931774 0.847578 1.00022 0.943911 0.844225 0.824362 0.783687 0.884781 0.775777 0.884611 0.842 0.774498 2.05156 1.45939 1.22169 1.9211 1.04012 1.10818 0.974526 1.56084 1.56345 0.967554 2.41806 1.59092 1.93006 1.33795 0.962709 0.943494 0.878379 1.30213 0.85803 1.12888 0.851019 0.837521 1.43736 1.94382 1.86981 0.877386
threshold=4.5000000000000009 1.6499127846150146 1.6047999025599047 60.577380952380956 1376.8900000000001 0 1.9282510834379483 55.035714285714292 2501.0100000000007 1 1268.3050000000001 2 2041.0200000000002 3 1.5801999278765089 283.86000000000018 144.50000000000003 270.34000000000009 520.15499999999997 3372.3600000000001 145.50000000000003 425.78500000000003 1260.6750000000002 743.10000000000002 99.062500000000014 1108.3400000000004 864.51500000000021 472.96500000000009 3010.4750000000004 1.3333170350342449 630.58000000000015 1.6524209133969545 1.4999972783388438 1.8128327382960161 1.0000000180025095e-35 1801.1050000000002 835.88000000000011 4 2.6666650375272281 109.50000000000001 1.3043385711404392 5 6 7 1585.5300000000004 1620.3850000000004 1734.8500000000001 1776.7700000000002 1.3859280806057663 1513.2250000000001 540.33500000000015 8 1963.8350000000003 9 1.3738454483283375 50.527777777777786 1.8000010583951911 10 11 2308.6800000000003 12 1260.9650000000004
decision_type=2 2 2 2 2 1 2 2 2 1 2 1 2 1 2 2 2 2 2 2 2 2 2 2 2 2 2 2 2 2 2 2 2 2 2 2 2 1 2 2 2 1 1 9 2 2 2 2 2 2 2 1 2 9 2 2 2 1 9 2 1 2
left_child=35 2 12 4 9 6 -6 28 -8 10 -3 25 13 30 15 -15 -16 18 -14 20 -4 -20 23 -13 -24 26 -5 -27 -7 -9 -2 -32 33 -19 -34 45 37 56 52 -40 41 -38 43 44 -42 49 47 48 -47 57 -50 -48 -39 -54 55 -44 -37 61 60 -60 -59 -1
right_child=1 3 19 11 5 7 8 29 -10 -11 -12 22 17 14 16 -17 -18 32 21 -21 -22 -23 24 -25 -26 27 -28 -29 -30 -31 31 -33 34 -35 -36 36 40 38 39 -41 42 -43 54 -45 -46 46 51 -49 50 -51 -52 -53 53 -55 -56 -57 -58 58 59 -61 -62 -63
leaf_value=0.025968601902300749 0.037805741859161301 -0.29754128897422466 0.0033718323880437499 -0.017922368402429091 0.029187530655007524 0.081497198320136299 -0.30378191206892774 -0.19682350680722022 -0.011639754483021791 0.18334857504138144 0.0410881166109359 0.032855926366740819 0.055272842198757749 0.06599609325560328 -0.074138380913009644 -0.19453518470062506 0.19940735021007622 -0.0088903087353887408 -0.31672068997401692 -0.0087859330534229233 -0.35976199467041842 0.00085895394137361922 0.38508335396911397 -0.53906586262703782 -0.27334657464324635 -1.399616535943885 0.71392541934865461 -0.046150246557296097 0.0035876468791515848 0.30617210438140596 -0.17614367702294909 0.11172966768216266 -0.2822239280511436 0.021305465172045526 0.024170990037935127 0.16447952745526165 -0.44780207489485435 0.0017114368937713566 -0.37404683041147024 0.21985220380774972 0.22044027755027643 0.034506540589667088 0.37245058931148667 0.19771275667374444 -0.1748272899224359 0.62651343120963154 0.69350159017039492 0.29751189999394539 -0.017417880293632493 -0.42971394853910372 -0.4847979192562033 0.21555086054597039 -0.29494720530458313 -0.58474959298448148 -0.0366478514006797 -0.19894475896581776 -0.5020084415234044 0.38843413134936056 -0.013148514142890378 -0.24442251320005789 -0.037784428071614862 0.71746310619315068
leaf_weight=7029 255 21 37 64 153 311 166 143 152 133 105 397 317 68 108 189 70 1810 21 85 46 116 655 24 61 24 39 204 646 52 58 74 21 424 1246 174 220 38 20 82 133 254 38 554 171 39 137 35 25 178 69 566 108 179 1339 29 66 878 5429 653 784 266
leaf_count=7029 255 21 37 64 153 311 166 143 152 133 105 397 317 68 108 189 70 1810 21 85 46 116 655 24 61 24 39 204 646 52 58 74 21 424 1246 174 220 38 20 82 133 254 38 554 171 39 137 35 25 178 69 566 108 179 1339 29 66 878 5429 653 784 266
internal_value=8.99572e-05 0.000444384 0 0.00111095 0.000331565 -0.000130689 -0.00250517 0.000815451 -0.00475078 0.0033874 0 0.00207342 0.000138598 -0.00136364 -0.00382254 -0.00591346 -0.000690608 0.00046425 0.00257112 -0.00409357 -0.00770349 -0.000982143 0.00279348 0.000854953 0.0038943 -0.000327035 0.00318396 -0.0021645 0.0016276 -0.00284091 0.00134375 -0.00148148 0.0001748 -0.000368797 0.00117126 -5.83453e-05 -0.000744572 -0.00322761 -0.00491477 0 -0.00011857 -0.00225367 0.000308778 0.00163605 -0.0011041 8.38978e-05 0.00170195 -0.00350877 -0.00615809 -5.74901e-06 -0.0100515 0.00302762 -0.00651677 -0.0074569 -0.000475687 0.00482143 0 4.23813e-05 -0.000315844 -0.000676784 0.000970149 0.000429324
internal_weight=27788 8295 4945 3350 1882 1623 471 1152 318 259 126 1468 4777 822 435 257 178 3955 454 168 83 137 1137 421 716 331 103 228 957 195 387 132 3501 2234 1267 19493 3405 667 427 102 2738 474 2264 858 304 16088 871 168 133 15217 94 703 325 287 1406 67 240 15039 7744 6082 1662 7295
internal_count=27788 8295 4945 3350 1882 1623 471 1152 318 259 126 1468 4777 822 435 257 178 3955 454 168 83 137 1137 421 716 331 103 228 957 195 387 132 3501 2234 1267 19493 3405 667 427 102 2738 474 2264 858 304 16088 871 168 133 15217 94 703 325 287 1406 67 240 15039 7744 6082 1662 7295
cat_boundaries=0 1 2 3 4 5 6 7 8 9 10 11 12 13
cat_threshold=588 944 192 3849 549 2101 1189 9 1049 9 932 16 2113
is_linear=0
shrinkage=0.05


end of trees

feature_importances:
Provincia=1002
dia_anyo=678
mes=638
cicle_mig_dies=622
dies_desde_ultima_compra=612
ratio_90d_vs_365d=581
euros_7d=560
share_wallet_12m=396
cicle_std_dies=386
euros_180d=372
euros_30d=355
euros_365d=320
euros_90d=314
gap_eur=313
ratio_30d_vs_90d=248
Potencial_EUR_anual=203
num_intervals=187
n_pedidos_365d=178
dia_setmana=169
Familia_Potencial=155
n_pedidos_90d=96
n_pedidos_30d=56
n_pedidos_7d=45
trimestre=31

parameters:
[boosting: gbdt]
[objective: quantile]
[metric: quantile]
[tree_learner: serial]
[device_type: cpu]
[data_sample_strategy: bagging]
[data: ]
[valid: ]
[num_iterations: 1000]
[learning_rate: 0.05]
[num_leaves: 63]
[num_threads: 0]
[seed: 42]
[deterministic: 0]
[force_col_wise: 0]
[force_row_wise: 0]
[histogram_pool_size: -1]
[max_depth: 7]
[min_data_in_leaf: 20]
[min_sum_hessian_in_leaf: 0.001]
[bagging_fraction: 0.8]
[pos_bagging_fraction: 1]
[neg_bagging_fraction: 1]
[bagging_freq: 0]
[bagging_seed: 400]
[bagging_by_query: 0]
[feature_fraction: 0.7]
[feature_fraction_bynode: 1]
[feature_fraction_seed: 30056]
[extra_trees: 0]
[extra_seed: 12879]
[early_stopping_round: 0]
[early_stopping_min_delta: 0]
[first_metric_only: 1]
[max_delta_step: 0]
[lambda_l1: 1]
[lambda_l2: 3]
[linear_lambda: 0]
[min_gain_to_split: 0]
[drop_rate: 0.1]
[max_drop: 50]
[skip_drop: 0.5]
[xgboost_dart_mode: 0]
[uniform_drop: 0]
[drop_seed: 17869]
[top_rate: 0.2]
[other_rate: 0.1]
[min_data_per_group: 100]
[max_cat_threshold: 32]
[cat_l2: 10]
[cat_smooth: 10]
[max_cat_to_onehot: 4]
[top_k: 20]
[monotone_constraints: ]
[monotone_constraints_method: basic]
[monotone_penalty: 0]
[feature_contri: ]
[forcedsplits_filename: ]
[refit_decay_rate: 0.9]
[cegb_tradeoff: 1]
[cegb_penalty_split: 0]
[cegb_penalty_feature_lazy: ]
[cegb_penalty_feature_coupled: ]
[path_smooth: 0]
[interaction_constraints: ]
[verbosity: -1]
[saved_feature_importance_type: 0]
[use_quantized_grad: 0]
[num_grad_quant_bins: 4]
[quant_train_renew_leaf: 0]
[stochastic_rounding: 1]
[linear_tree: 0]
[max_bin: 255]
[max_bin_by_feature: ]
[min_data_in_bin: 3]
[bin_construct_sample_cnt: 200000]
[data_random_seed: 175]
[is_enable_sparse: 1]
[enable_bundle: 1]
[use_missing: 1]
[zero_as_missing: 0]
[feature_pre_filter: 1]
[pre_partition: 0]
[two_round: 0]
[header: 0]
[label_column: ]
[weight_column: ]
[group_column: ]
[ignore_column: ]
[categorical_feature: 0,1,2,3,4]
[forcedbins_filename: ]
[precise_float_parser: 0]
[parser_config_file: ]
[objective_seed: 16083]
[num_class: 1]
[is_unbalance: 0]
[scale_pos_weight: 1]
[sigmoid: 1]
[boost_from_average: 1]
[reg_sqrt: 0]
[alpha: 0.25]
[fair_c: 1]
[poisson_max_delta_step: 0.7]
[tweedie_variance_power: 1.5]
[lambdarank_truncation_level: 30]
[lambdarank_norm: 1]
[label_gain: ]
[lambdarank_position_bias_regularization: 0]
[eval_at: ]
[multi_error_top_k: 1]
[auc_mu_weights: ]
[num_machines: 1]
[local_listen_port: 12400]
[time_out: 120]
[machine_list_filename: ]
[machines: ]
[gpu_platform_id: -1]
[gpu_device_id: -1]
[gpu_use_dp: 0]
[num_gpu: 1]

end of parameters

pandas_categorical:[["Anestesia", "Bioseguridad"], ["A Coru\u00f1a", "Albacete", "Alicante", "Almer\u00eda", "Asturias", "Badajoz", "Baleares", "Barcelona", "Burgos", "Cantabria", "Castell\u00f3n", "Ceuta", "Ciudad Real", "Cuenca", "C\u00e1ceres", "C\u00e1diz", "C\u00f3rdoba", "Gip\u00fazkoa", "Girona", "Granada", "Guadalajara", "Huelva", "Huesca", "Ja\u00e9n", "La Rioja", "Las Palmas", "Le\u00f3n", "Lleida", "Lugo", "Madrid", "Melilla", "Murcia", "M\u00e1laga", "Navarra", "Orense", "Palencia", "Pontevedra", "Salamanca", "Segovia", "Sevilla", "Soria", "Sta.Cruz Tenerife", "Tarragona", "Teruel", "Toledo", "Unknown", "Valencia", "Valladolid", "Vizcaya", "Zamora", "Zaragoza", "\u00c1lava", "\u00c1vila"], ["1", "10", "11", "12", "2", "3", "4", "5", "6", "7", "8", "9"], ["1", "2", "3", "4"], ["0", "1", "2", "3", "4", "5", "6"]]
