tree
version=v4
num_class=1
num_tree_per_iteration=1
label_index=0
max_feature_idx=23
objective=quantile
feature_names=Familia_Potencial Provincia mes trimestre dia_setmana dia_anyo Potencial_EUR_anual euros_7d euros_30d euros_90d euros_180d euros_365d n_pedidos_7d n_pedidos_30d n_pedidos_90d n_pedidos_365d ratio_30d_vs_90d ratio_90d_vs_365d share_wallet_12m gap_eur dies_desde_ultima_compra cicle_mig_dies cicle_std_dies num_intervals
feature_infos=-1:0:1 -1:29:7:41:39:0:12:46:19:3:31:44:50:36:2:25:32:48:18:15:4:6:20:47:5:33:1:21:23:8:17:9:42:26:37:24:10:14:28:13:35:34:45:16:22:52:40:49:51:27:43:38:30 -1:5:6:0:4:8:2:11:1:7:9:3:10 -1:0:1:3:2 -1:2:1:3:4:0:5 [2:365] [0:26143.639999999999] [-6812.54:13625.08] [-1849.6199999999999:13625.08] [-1263.72:13644.549999999999] [-1263.72:18497.200000000001] [-738.52999999999997:23274.550000000003] [0:4] [0:6] [0:13] [0:38] [-1849619.9999999998:1343380] [7.3888577256972779e-07:195370] [-0.84000227479526834:15.092568388498215] [0:25717.98] [-1:1164] [-1:1001] [-1:659.73062684704882] [0:80]
tree_sizes=5121 5547 5492 5514 5641 5647 5603 5577 5580 5519 5608 5601 5587 5585 5709 5525 5620 5585 5645 5667 5591 5652 5635 5632 5679 5699 5588 5592 5721 5633 5525 5615 5616 5615 5623 5730 5691 5623 5616 5654 5656 5594 5586 5609 5674 5675 5625 5604 5686 5722 5622 5566 5580 5677 5667 5693 5612 5619 5621 5665 5634 5654 5613 5612 5659 5688 5650 5642 5645 5606 5553 5579 5714 5587 5655 5692 5651 5698 5650 5610 5596 5551 5615 5660 5600 5504 5436 5651 5597 5692 5317 5683 5635 5585 5606 5663 5567 5585 5636 5652 5239 5616 5327 5585 5699 5647 5612 5624 4108 5548 4211 5639 5642 5669 5678 5630 5543 5638 5623 5626 5248 5629 5637 5607 5533 5418 5630 5640 5651 5587 5630 5509 5564 4235 5588 5638 5693 5654 5296 4553 5639 5615 5528 5699 5630 5501 5612 5595 5627 5602 5620 5610 5596 5581 5589 5568 5745 4255

Tree=0
num_leaves=63
num_cat=11
split_feature=14 17 21 21 17 21 14 21 17 17 7 21 19 21 17 21 7 21 16 17 1 3 21 7 16 3 1 10 3 17 21 17 3 17 3 1 1 7 9 10 16 21 16 17 21 22 19 21 19 12 21 18 21 17 9 4 1 22 17 22 17 21
split_gain=1867.72 490.383 337.618 148.039 90.1791 58.7517 43.7045 43.5102 37.6537 35.9684 33.111 24.6417 22.7268 18.3509 17.006 16.4363 16.1924 12.2329 11.8634 10.3392 10.1935 9.57612 9.37281 8.58439 8.21151 7.86709 7.17063 6.19368 6.11395 5.60001 6.54914 4.96984 4.93939 4.77222 4.77081 4.76735 4.74536 4.67143 4.57939 4.32533 4.03225 3.82684 3.75001 3.60616 3.19787 3.08333 2.9854 2.86943 3.62209 3.05276 2.79367 2.68628 2.61821 2.61595 3.06714 2.59291 2.49419 2.44581 2.40091 2.39938 2.28699 3.44841
threshold=1.5000000000000002 1.2333721479377482 82.26136363636364 94.527777777777786 1.7195004606467987 137.26785714285717 2.5000000000000004 15.127441244620988 1.8088111978570265 0.91366865059978819 299.27500000000003 56.51315789473685 2736.0750000000003 127.08333333333336 1.6000008328238076 69.70714285714287 83.350000000000009 102.5777777777778 1.6509751525707292 0.20393128018403753 0 1 47.861904761904768 -1.0000000180025095e-35 1.5603923651569076 2 3 1.0000000180025095e-35 4 3.0279568109081638 63.029411764705891 1.144057780363535 5 1.4054274137182259 6 7 8 1064.5100000000002 524.59500000000014 324.2050000000001 1.8275672068246342 134.29166666666671 1.0433188584727604 2.4919269774923376 101.04545454545456 32.171045838443874 3572.6550000000007 124.06250000000001 2133.8750000000005 1.5000000000000002 74.348484848484858 0.45822087876497902 65.083916083916094 0.91366865059978819 422.81500000000005 9 10 47.698008332645799 1.1048000227672057 81.286940183696515 1.4788620746640913 112.05555555555557
decision_type=2 2 2 2 2 2 2 2 2 2 2 2 2 2 2 2 2 2 2 2 9 1 2 2 2 1 9 2 1 2 2 2 1 2 1 9 9 2 2 2 2 2 2 2 2 2 2 2 2 2 2 2 2 2 2 9 9 2 2 2 2 2
left_child=1 3 4 7 11 10 24 19 18 15 32 -2 14 36 17 57 59 -12 37 -1 52 -16 -8 -15 29 -14 41 -25 45 30 -6 -20 -3 -13 -31 -17 58 60 -18 -34 -35 51 -28 -30 -33 -26 -27 48 -44 -49 -22 -10 -11 54 -38 -41 -55 -9 -5 -7 -4 -62
right_child=2 5 8 13 6 16 22 9 26 20 12 33 25 23 21 35 38 -19 31 -21 50 -23 -24 27 28 46 42 -29 43 34 -32 44 39 40 -36 -37 53 -39 -40 55 -42 -43 47 -45 -46 -47 -48 49 -50 -51 -52 -53 -54 56 -56 -57 -58 -59 -60 -61 61 -63
leaf_value=102.59999999999999 93.950000000000003 96.599999999999994 95.075000000000003 97.450000000000003 95.049999999999997 100 93.950000000000003 95 95.900000000000006 96.400000000000006 97.75 95.125 99.224999999999994 93.549999999999997 100.65000000000001 95.799999999999997 101.05 98.799999999999997 95.200000000000003 97.200000000000003 96.049999999999997 101.55 95.349999999999994 103.25 95.049999999999997 97.150000000000006 96.650000000000006 98.650000000000006 96.049999999999997 94.900000000000006 96.349999999999994 96.549999999999997 99.349999999999994 95.5 96.25 96.424999999999997 97 97.924999999999997 102.3 96.375 96.099999999999994 98.299999999999997 97.650000000000006 97.049999999999997 97.650000000000006 97.400000000000006 95.900000000000006 99.5 96.400000000000006 98.099999999999994 96.650000000000006 96.950000000000003 97.450000000000003 97.599999999999994 96.049999999999997 98.25 96.875 95.625 98.400000000000006 95.575000000000003 95.849999999999994 96.799999999999997
leaf_weight=167 4824 322 270 552 453 121 1036 1164 103 86 1040 1394 216 51 1864 441 1373 1051 98 285 425 4042 517 263 403 175 152 1185 303 246 361 239 349 846 548 434 245 32 3832 142 173 375 624 492 255 43 121 466 67 82 529 467 290 295 94 212 230 72 130 46 303 97
leaf_count=167 4824 322 270 552 453 121 1036 1164 103 86 1040 1394 216 51 1864 441 1373 1051 98 285 425 4042 517 263 403 175 152 1185 303 246 361 239 349 846 548 434 245 32 3832 142 173 375 624 492 255 43 121 466 67 82 529 467 290 295 94 212 230 72 130 46 303 97
internal_value=96.9998 97.0092 96.9864 96.9982 96.9823 97.0143 96.988 96.9918 96.9998 96.9899 97.0119 96.9788 97.013 97.0065 97.0136 96.9858 97.0185 97.0097 96.9929 97.0063 96.9964 97.015 96.9812 97.0104 96.9917 97.0026 97.0035 97.0112 96.9948 96.9893 96.9863 96.9982 97.0034 96.9831 96.9925 96.9912 97.0026 96.9885 97.019 97.0057 96.986 97.0001 97.0058 96.9977 97.0002 96.9902 96.9974 97.0067 97.0044 97.0095 96.9936 96.9976 97.0032 97.0001 96.9967 97.0017 97.0023 96.982 97.0057 97.0028 96.9876 96.9904
internal_weight=37113 21844 15269 6938 11639 14906 4402 3893 3630 3441 9534 7237 8509 3045 7997 2111 5372 2091 1294 452 1330 5906 1553 1499 2849 512 2336 1448 1241 1608 814 592 1025 2413 794 875 1546 702 5205 703 1019 945 1391 795 494 446 296 1239 691 548 954 570 376 864 339 354 525 1236 682 167 670 400
internal_count=37113 21844 15269 6938 11639 14906 4402 3893 3630 3441 9534 7237 8509 3045 7997 2111 5372 2091 1294 452 1330 5906 1553 1499 2849 512 2336 1448 1241 1608 814 592 1025 2413 794 875 1546 702 5205 703 1019 945 1391 795 494 446 296 1239 691 548 954 570 376 864 339 354 525 1236 682 167 670 400
cat_boundaries=0 2 3 4 6 7 8 9 11 13 14 16
cat_threshold=34521728 65664 1 10 892514384 274436 1 1 1 570462340 46208 60031381 57488 19 537432128 327680
is_linear=0
shrinkage=1


Tree=1
num_leaves=63
num_cat=11
split_feature=15 20 21 17 20 21 20 5 8 21 21 2 20 5 15 21 7 19 1 15 21 10 7 21 0 21 21 1 8 2 20 17 20 15 17 17 2 21 20 17 7 10 20 21 21 5 5 0 8 17 19 0 20 1 5 2 22 17 17 20 20 1
split_gain=1996.04 507.563 121.517 81.832 80.4171 142.163 52.4532 27.4846 25.6226 22.189 22.0884 21.5289 18.5465 17.3403 13.1784 12.5169 11.4555 11.2364 10.8628 9.80548 9.22231 8.9245 8.80181 8.36489 7.79591 7.57056 7.41264 7.06847 6.36195 6.06476 5.90524 5.72358 5.18721 4.98674 4.83811 4.82319 4.78936 4.57193 4.39925 5.63962 4.19955 4.06313 3.98094 3.70437 3.57775 3.53458 5.48048 3.46584 3.40623 3.25884 3.22421 2.9673 2.76225 2.76133 2.9815 2.69794 2.65419 2.47932 2.45546 2.50489 2.37395 2.32808
threshold=4.5000000000000009 125.50000000000001 66.031250000000014 1.2939355190953006 1.0000000180025095e-35 101.90454545454547 72.500000000000014 70.500000000000014 688.91500000000008 120.05555555555557 47.861904761904768 0 76.500000000000014 180.50000000000003 1.5000000000000002 174.16666666666671 661.36500000000012 3163.0600000000009 1 2.5000000000000004 77.720779220779235 378.3250000000001 550.99500000000012 85.292857142857159 2 78.759615384615401 125.29166666666667 3 461.74000000000007 4 143.50000000000003 1.8461546955788284 152.50000000000003 5.5000000000000009 0.91366865059978819 1.9019221855909783 5 108.52777777777779 82.500000000000014 1.7286926697355598 172.32500000000002 661.3900000000001 104.50000000000001 177.55000000000004 76.348484848484858 131.50000000000003 222.50000000000003 6 1206.9500000000003 1.2637369114378576 3699.4950000000003 7 154.50000000000003 8 166.50000000000003 9 48.986321037123496 8.9055816639684034e-06 1.5074773002692223 97.500000000000014 90.500000000000014 10
decision_type=2 2 2 2 2 2 2 2 2 2 2 1 2 2 2 2 2 2 9 2 2 2 2 2 1 2 2 9 2 1 2 2 2 2 2 2 1 2 2 2 2 2 2 2 2 2 2 1 2 2 2 1 2 9 2 1 2 2 2 2 2 9
left_child=1 4 10 9 7 6 13 17 23 14 42 24 28 20 -3 22 26 41 -13 -15 -6 -9 32 58 -8 38 -14 56 43 -30 31 45 44 53 -29 37 40 -24 39 -10 -11 -1 -2 -7 -5 -12 -47 -43 55 -18 51 -23 57 54 -25 -27 -16 -38 59 -4 -50 -34
right_child=2 3 8 15 5 12 11 21 25 36 30 18 16 19 27 -17 49 -19 -20 -21 -22 50 35 33 -26 48 -28 34 29 -31 -32 -33 61 -35 -36 -37 52 -39 -40 -41 -42 47 -44 -45 -46 46 -48 -49 60 -51 -52 -53 -54 -55 -56 -57 -58 -59 -60 -61 -62 -63
leaf_value=0.19249999999999973 -2.9975000000000005 5.7700000000000005 -1.7562500000000001 0.31750000000000012 -2.0975000000000001 -0.52999999999999969 0.7174999999999998 1.1200000000000003 -1.3062500000000001 -2.5075000000000003 -2.0500000000000003 -0.73000000000000009 0.11500000000000021 1.0375000000000001 -0.98250000000000037 6.0975000000000001 0.66749999999999976 -1.3200000000000003 -0.12750000000000022 -0.80249999999999988 -0.52999999999999969 5.1924999999999999 1.9625000000000001 -0.69249999999999978 -0.30000000000000004 0.46562500000000001 1.4674999999999998 -0.13999999999999987 2.0249999999999999 0.1875 -0.63125000000000009 -1.6174999999999997 1.5975000000000001 -1.8731249999999999 0.73999999999999988 5.7725000000000009 -0.032500000000000286 2.7350000000000003 -0.15249999999999986 -0.20249999999999987 1.4174999999999998 2.1174999999999997 -1.9012500000000001 1.125 1.4050000000000002 -1.4975000000000003 -1.8062500000000001 -0.48250000000000032 0.41749999999999976 2.4100000000000001 -0.011249999999999717 3.0225000000000004 3.5618750000000001 -0.89812499999999995 0.41749999999999976 -0.43250000000000033 0.70625000000000004 1.8850000000000002 -1.175 -1.1500000000000001 1.1674999999999998 4.0393749999999997
leaf_weight=436 4422 213 826 160 2051 589 775 187 260 34 1419 846 648 315 174 3057 287 86 1088 736 362 1101 728 139 313 104 1015 431 451 692 49 268 135 136 769 2505 39 959 197 106 223 441 100 251 188 670 1226 56 157 746 31 125 684 312 111 285 47 273 465 221 47 1346
leaf_count=436 4422 213 826 160 2051 589 775 187 260 34 1419 846 648 315 174 3057 287 86 1088 736 362 1101 728 139 313 104 1015 431 451 692 49 268 135 136 769 2505 39 959 197 106 223 441 100 251 188 670 1226 56 157 746 31 125 684 312 111 285 47 273 465 221 47 1346
internal_value=-0.000174453 0.00760373 -0.0174564 0.0151174 0.00100139 -0.000799158 -0.00559408 0.00917478 -0.00942416 0.00774221 -0.0207613 -0.000760331 0.00583618 -0.00979233 0.0038485 0.017454 0.0085402 0.00281311 -0.00392912 -0.00434061 -0.0121378 0.0136144 0.0160649 -0.0125847 0.00481381 -0.00332183 0.00589736 0.00205407 0.00212739 0.00455934 -0.0177579 -0.0179936 0.0130049 -0.00784593 0.00358615 0.0173778 0.0127588 0.015074 -0.00746466 -0.0107046 0.00546296 0.00446047 -0.0231492 -0.00112693 0.00712251 -0.018588 -0.01693 0.00755 0.000545302 0.0127172 0.0151389 0.0155411 0.0143707 -0.00557522 -0.00114068 -0.00210459 -0.00587607 0.01 -0.0147195 -0.0162143 0.0057971 0.0143363
internal_weight=37113 25593 11520 11965 13628 11165 6486 2463 3366 2887 8154 3022 4679 3464 1634 9078 2696 1019 1934 1051 2413 1444 6021 2210 1088 1156 1663 1421 1983 1143 3632 3583 1829 698 1200 4192 1253 1687 563 366 257 933 4522 840 348 3315 1896 497 593 1033 1257 1226 996 562 250 389 221 312 1512 1047 204 1481
internal_count=37113 25593 11520 11965 13628 11165 6486 2463 3366 2887 8154 3022 4679 3464 1634 9078 2696 1019 1934 1051 2413 1444 6021 2210 1088 1156 1663 1421 1983 1143 3632 3583 1829 698 1200 4192 1253 1687 563 366 257 933 4522 840 348 3315 1896 497 593 1033 1257 1226 996 562 250 389 221 312 1512 1047 204 1481
cat_boundaries=0 1 3 4 6 7 8 9 10 12 13 15
cat_threshold=896 2986479941 268326 1 176416 46081 708 1553 1 1 536870929 266896 3968 692224 4096
is_linear=0
shrinkage=0.05


Tree=2
num_leaves=63
num_cat=7
split_feature=15 14 17 15 7 14 22 15 19 17 2 2 7 22 11 17 22 7 5 18 15 22 0 19 7 7 5 22 15 10 7 10 7 2 10 2 2 19 22 17 5 19 10 7 5 19 13 7 7 6 17 7 2 17 6 5 15 13 18 15 11 17
split_gain=1902.79 405.644 176.326 101.812 45.1155 40.1167 30.4678 28.0517 25.7444 18.7144 18.5186 17.3993 16.326 14.382 13.6199 12.325 11.7394 9.00452 8.47308 8.44931 7.32632 6.92351 6.89039 8.91236 6.3838 6.14705 5.91012 5.90946 5.41435 5.26136 5.20259 4.85777 4.68067 4.6418 4.27892 4.0883 3.98919 3.94604 3.70565 3.46349 3.28876 3.1271 3.03464 3.31004 2.99676 2.91516 2.85321 2.83865 2.64106 2.49276 2.95693 2.49219 2.47535 2.43464 2.29057 2.24213 2.12663 1.93728 1.9225 1.88346 1.79276 1.7707
threshold=4.5000000000000009 1.5000000000000002 1.2333721479377482 6.5000000000000009 278.66000000000003 2.5000000000000004 31.405280865271791 2.5000000000000004 2736.0750000000003 1.7195004606467987 0 1 615.23500000000013 45.765817697618338 1174.5650000000003 1.0024686650050745 40.739756573717621 170.31500000000003 90.500000000000014 0.61157038549457388 7.5000000000000009 16.098481594617102 2 2568.335 582.12500000000011 -1.0000000180025095e-35 86.500000000000014 48.519755396300333 5.5000000000000009 1.0000000180025095e-35 130.94000000000003 793.16500000000019 448.42500000000007 3 690.67500000000007 4 5 3572.6550000000007 21.933403132321306 1.9318007444091612 180.50000000000003 280.64999999999992 1177.0500000000004 172.32500000000002 134.50000000000003 2085.0700000000002 1.5000000000000002 661.34500000000014 1624.0100000000002 3650.2500000000005 1.8686466400402952 454.0750000000001 6 1.0643698444759015 3372.3600000000001 220.50000000000003 5.5000000000000009 1.5000000000000002 1.0539320668456915 3.5000000000000004 2975.4700000000007 2.4679614824653431
decision_type=2 2 2 2 2 2 2 2 2 2 1 1 2 2 2 2 2 2 2 2 2 2 1 2 2 2 2 2 2 2 2 2 2 1 2 1 1 2 2 2 2 2 2 2 2 2 2 2 2 2 2 2 1 2 2 2 2 2 2 2 2 2
left_child=1 2 7 6 26 11 21 10 9 35 25 32 33 22 -11 19 40 -17 37 59 38 -2 23 -13 -23 -1 -4 -19 52 -27 -12 45 42 46 -24 -6 -21 -10 -5 -15 -7 -32 54 -44 -26 -28 51 -20 60 50 -34 -8 53 -14 -3 -46 57 -35 -41 -9 -30 -51
right_child=3 5 4 20 8 16 12 15 18 14 30 13 28 39 -16 17 -18 27 47 36 -22 24 34 -25 44 29 31 -29 48 -31 41 -33 49 56 -36 -37 -38 -39 -40 58 -42 -43 43 -45 55 -47 -48 -49 -50 61 -52 -53 -54 -55 -56 -57 -58 -59 -60 -61 -62 -63
leaf_value=-1.5509999999999999 -1.8475625000000002 0.41175 -0.19849999999999959 -2.0962500000000004 2.2085781250000003 -2.7426250000000003 -1.3587968750000003 -0.56068750000000023 0.43287499999999995 4.3801250000000005 -2.69475 -0.44931249999999995 -1.0542499999999997 -0.63037500000000013 5.230125000000001 -0.74253125000000009 -0.22100000000000009 0.23662500000000009 1.2203281249999998 -0.3298750000000002 -2.8726250000000002 -1.6162500000000002 -0.14837500000000006 -1.7476250000000002 -1.2944062500000002 5.5594062500000003 2.4794375000000004 1.407375 0.059124999999999518 2.0056562499999999 -1.5533750000000006 -0.22862500000000027 -0.26431250000000012 -1.2645625 -1.6355625 1.5801250000000004 0.2916249999999998 -1.0444375000000001 -1.8049374999999999 0.33374999999999988 -1.2173750000000003 1.2394062499999998 2.5887499999999997 -1.2366875000000002 -0.59093749999999978 0.75381250000000011 0.57996874999999981 2.9872500000000004 0.50378125000000018 0.56662499999999982 0.77962499999999979 -0.13176562500000025 0.18146875000000018 -0.21918749999999998 -1.5623750000000003 -1.0596874999999997 -1.7184375000000003 -0.80678124999999989 1.711875 -1.000875 -1.3073749999999997 -0.79681250000000015
leaf_weight=51 892 403 372 716 1036 481 208 262 158 4545 127 1500 86 254 4457 100 125 1158 184 816 3985 1373 111 254 406 500 640 428 25 516 35 169 100 694 750 2847 698 109 1017 399 76 111 35 164 217 122 52 166 24 65 728 92 346 206 77 359 483 98 182 222 241 60
leaf_count=51 892 403 372 716 1036 481 208 262 158 4545 127 1500 86 254 4457 100 125 1158 184 816 3985 1373 111 254 406 500 640 428 25 516 35 169 100 694 750 2847 698 109 1017 399 76 111 35 164 217 122 52 166 24 65 728 92 346 206 77 359 483 98 182 222 241 60
internal_value=-0.000244504 0.00734978 0.010744 -0.0171179 0.013491 -0.00431767 -0.0124203 0.00263577 0.0143502 0.0148297 0.00882353 -0.00277286 -0.00827795 -0.00477909 0.0161022 0.000366151 -0.0156934 0.00352279 0.00423387 -0.00227386 -0.0218668 -0.0156538 -0.00661765 -0.00475242 -0.0141115 0.0117361 0.00453675 0.00446822 -0.00290011 0.0127085 -0.00270979 0.00666488 0.00145897 -0.0113037 -0.0103299 0.0118567 -0.000395517 -0.00231481 -0.0188796 0.000865155 -0.0187946 0.0033557 -0.00164956 -0.00680693 -0.0108122 0.00836601 -0.00534247 0.00934844 -0.00853242 0.00373954 0.00475331 -0.00742574 -0.000234009 -0.00360656 0.000414079 -0.0082038 -0.0127523 -0.0109434 0.00303938 -0.00800821 -0.0100372 -0.00253906
internal_weight=37113 25593 19829 11520 14805 5764 5802 5024 13502 12885 1340 5082 2555 3450 9002 3684 682 1686 617 1998 5718 3247 2615 1754 2355 1067 1303 1586 928 1016 273 931 1632 1627 861 3883 1514 267 1733 835 557 146 679 199 982 762 352 350 290 953 828 300 638 292 480 576 1275 792 581 484 266 125
internal_count=37113 25593 19829 11520 14805 5764 5802 5024 13502 12885 1340 5082 2555 3450 9002 3684 682 1686 617 1998 5718 3247 2615 1754 2355 1067 1303 1586 928 1016 273 931 1632 1627 861 3883 1514 267 1733 835 557 146 679 199 982 762 352 350 290 953 828 300 638 292 480 576 1275 792 581 484 266 125
cat_boundaries=0 1 2 3 4 5 6 7
cat_threshold=2222 652 1 896 388 3129 3141
is_linear=0
shrinkage=0.05


Tree=3
num_leaves=63
num_cat=8
split_feature=15 20 21 14 21 15 7 21 8 15 20 21 19 7 21 21 20 2 15 21 21 15 21 8 14 7 7 2 20 19 20 21 15 2 21 6 23 20 23 8 2 19 20 8 21 21 2 11 21 11 21 19 2 2 23 21 10 23 20 7 2 8
split_gain=1800.75 467.75 122.094 101.626 83.5088 41.6958 40.9459 35.8005 28.4027 25.5314 20.0451 17.4958 16.1912 15.843 13.1117 11.2225 10.9003 10.6706 10.1336 9.64326 9.37511 8.99667 8.91612 8.0303 7.68689 6.93423 6.89092 6.72393 5.27157 5.09916 4.80179 4.76766 4.69995 4.66068 4.17598 4.04661 4.02313 3.9268 3.90873 3.73103 3.67002 3.6143 3.26545 3.26522 3.18278 3.13801 2.98775 2.76646 2.70944 2.68351 2.6128 2.60205 2.54826 2.53869 2.46382 4.22976 2.44659 2.434 2.41861 4.61188 2.402 2.29522
threshold=4.5000000000000009 126.50000000000001 61.519230769230781 1.5000000000000002 84.809090909090926 2.5000000000000004 373.2050000000001 108.52777777777779 720.5200000000001 3.5000000000000004 68.500000000000014 45.020000000000003 3699.4950000000003 619.82000000000005 104.05000000000001 85.292857142857159 195.50000000000003 0 2.5000000000000004 154.73333333333338 74.348484848484858 3.5000000000000004 124.06250000000001 605.81500000000017 2.5000000000000004 582.12500000000011 290.89000000000004 1 143.50000000000003 2085.0700000000002 94.500000000000014 69.70714285714287 5.5000000000000009 2 199.45000000000002 3056.7900000000004 11.500000000000002 61.500000000000007 4.5000000000000009 310.62500000000006 3 2164.2950000000005 160.50000000000003 675.67500000000018 47.861904761904768 102.5777777777778 4 4322.6800000000012 68.677083333333357 2517.9350000000004 138.53571428571431 1830.1700000000003 5 6 4.5000000000000009 86.77500000000002 1071.5250000000003 9.5000000000000018 97.500000000000014 299.27500000000003 7 480.17000000000002
decision_type=2 2 2 2 2 2 2 2 2 2 2 2 2 2 2 2 2 1 2 2 2 2 2 2 2 2 2 1 2 2 2 2 2 1 2 2 2 2 2 2 1 2 2 2 2 2 1 2 2 2 2 2 1 1 2 2 2 2 2 2 1 2
left_child=1 3 11 6 10 13 21 25 15 12 24 30 17 16 31 36 19 -8 -12 51 49 29 23 33 41 35 -9 61 -29 34 -2 -11 53 -6 -1 56 58 -22 47 -24 -41 -5 46 -16 -26 -40 -27 -15 -23 -10 -28 -3 -51 -17 -18 -56 -7 -44 -4 -60 -39 -13
right_child=2 5 8 4 22 7 9 26 20 14 18 27 -14 38 43 32 54 -19 -20 -21 37 48 39 -25 44 42 50 28 -30 -31 -32 -33 -34 -35 -36 -37 -38 60 45 40 -42 -43 57 -45 -46 -47 -48 -49 -50 52 -52 -53 -54 -55 55 -57 -58 -59 59 -61 -62 -63
leaf_value=0.12147656250000019 -2.8039937500000001 1.5148687500000002 -1.4078828125000002 -1.3008515624999999 0.041609375000000171 0.78827812500000016 1.042618749999999 0.62455937500000047 0.68108437500000041 -0.82963124999999993 0.40855937500000011 -1.6060625000000002 -0.99221562500000005 5.9648687500000008 0.25991874999999992 -0.072639062500000059 5.3129937500000004 2.2938687500000001 -0.81590937499999971 3.5215593750000007 -0.46740468750000019 -1.32145625 0.035268750000000182 0.448409375 -2.6054937500000004 0.14399375000000064 1.8086687499999998 -1.810246875 -0.9376250000000006 -0.85622031249999964 -1.3845265625000001 -0.13801875000000016 -1.6896921874999997 -0.98440937499999992 4.4321546874999997 -0.80350624999999953 -1.5819453125000007 -0.10805156250000003 0.31736874999999931 0.9219375000000003 2.3117421874999997 -1.8992671875000005 2.01394609375 1.0985437499999997 -1.3504937499999998 3.4186187500000003 1.3150710937500003 4.2454937500000005 -0.49357499999999987 -0.15644843749999923 2.7511187500000007 0.1350296874999998 -1.0479195312499996 -0.81499062500000052 -1.4313812500000005 3.5714804687499999 -0.28820625 -0.17133125000000007 -1.8116875000000001 -0.44847031249999997 0.56514531250000033 -0.68024687500000036
leaf_weight=1376 3912 612 1286 1468 310 537 1490 211 21 135 414 198 111 3550 225 236 2482 2735 441 475 313 80 275 584 445 285 973 2815 49 317 106 688 138 393 183 147 546 224 49 438 550 318 385 264 128 193 161 54 417 139 1231 137 482 344 25 136 132 33 71 174 185 281
leaf_count=1376 3912 612 1286 1468 310 537 1490 211 21 135 414 198 111 3550 225 236 2482 2735 441 475 313 80 275 584 445 285 973 2815 49 317 106 688 138 393 183 147 546 224 49 438 550 318 385 264 128 193 161 54 417 139 1231 137 482 344 25 136 132 33 71 174 185 281
internal_value=-0.000360357 0.00702747 -0.0167751 0.000766971 -0.00429166 0.0143299 0.00440865 0.0102062 -0.00989308 0.00672447 -0.00965185 -0.0206511 0.0085734 0.0165079 0.000570342 -0.0127859 0.0141667 0.0090764 -0.00300117 0.0101059 -0.00391368 -0.00108375 0.0024481 -0.000445736 -0.0120343 0.00454545 0.0141129 -0.0178646 -0.0188738 0.000478978 -0.0229421 -0.0032385 -0.00721221 -0.00407224 0.00168054 0.00115995 -0.0146755 0 0.0188361 0.00543049 0.00686176 -0.010313 0.00767013 0.00706301 -0.0172309 0.0118367 0.00445434 0.019282 -0.00705 -0.00829457 0.0149524 0.00641622 -0.00893429 -0.00506003 0.0160147 0.0089939 0.00286458 0.0109264 -0.0131845 -0.00796371 0.00321602 -0.0110264
internal_weight=37113 25593 11520 13785 5764 11808 8021 4095 4159 5648 3214 7361 4336 7713 1312 2795 3867 4225 855 1224 1364 2373 2550 1287 2359 1680 2415 3343 2864 1876 4018 823 718 703 1559 816 2077 722 3846 1263 988 1786 864 489 573 242 446 3604 497 642 2204 749 621 580 2643 161 669 418 1531 245 409 479
internal_count=37113 25593 11520 13785 5764 11808 8021 4095 4159 5648 3214 7361 4336 7713 1312 2795 3867 4225 855 1224 1364 2373 2550 1287 2359 1680 2415 3343 2864 1876 4018 823 718 703 1559 816 2077 722 3846 1263 988 1786 864 489 573 242 446 3604 497 642 2204 749 621 580 2643 161 669 418 1531 245 409 479
cat_boundaries=0 1 2 3 4 5 6 7 8
cat_threshold=3089 768 780 2099 2590 1920 3852 93
is_linear=0
shrinkage=0.05


Tree=4
num_leaves=63
num_cat=6
split_feature=15 20 15 14 17 17 14 16 20 5 8 17 22 17 15 5 22 22 1 15 22 16 6 1 8 20 17 20 8 1 1 23 23 22 22 5 17 20 6 1 8 15 23 22 20 20 22 5 17 23 8 9 20 10 17 20 23 22 22 17 17 0
split_gain=1698.88 443.439 106.237 100.575 58.6357 54.3068 35.0725 30.3246 19.4325 18.5616 16.2412 15.9946 15.9083 15.0187 16.6116 12.3518 10.3472 9.45643 9.39042 8.9571 8.87756 8.79064 8.64084 7.71615 7.26658 7.03838 6.59102 6.51675 6.42663 5.74478 5.1802 4.56132 4.36049 4.36023 4.11889 3.85384 3.67208 3.52008 3.54854 3.50918 3.38519 3.33602 3.18728 2.98917 2.98151 2.62196 2.60682 2.52215 2.50962 2.39785 2.07191 2.05662 2.21798 2.00357 1.94365 2.00302 1.7859 1.74714 1.6972 3.05061 1.66689 1.55823
threshold=4.5000000000000009 134.50000000000003 6.5000000000000009 1.5000000000000002 1.2333721479377482 1.8686466400402952 2.5000000000000004 1.7142820356028439 69.500000000000014 81.500000000000014 726.9100000000002 0.88889378883204972 24.042620865182638 1.2333721479377482 1.5000000000000002 116.50000000000001 40.200025664965729 31.046045237836697 0 7.5000000000000009 24.042620865182638 1.580204107503518 4496.4800000000005 1 358.89000000000004 78.500000000000014 1.8461546955788284 1.5000000000000002 410.33500000000009 2 3 7.5000000000000009 4.5000000000000009 23.854469470632377 21.933403132321306 155.50000000000003 2.6662290264091095 85.500000000000014 2501.0100000000007 4 909.32500000000016 3.5000000000000004 9.5000000000000018 61.521990730528053 105.50000000000001 198.50000000000003 37.477172535760438 334.50000000000006 1.8088111978570265 14.500000000000002 345.88500000000005 541.18000000000018 152.50000000000003 719.76500000000021 1.215529279303291 85.500000000000014 5.5000000000000009 72.499999997722114 14.228425060964632 1.4788620746640913 2.1751758365269178 5
decision_type=2 2 2 2 2 2 2 2 2 2 2 2 2 2 2 2 2 2 9 2 2 2 2 9 2 2 2 2 2 9 9 2 2 2 2 2 2 2 2 9 2 2 2 2 2 2 2 2 2 2 2 2 2 2 2 2 2 2 2 2 2 1
left_child=1 3 7 4 18 13 8 20 12 22 23 46 15 14 56 -5 35 25 37 34 58 36 24 -11 -6 47 54 -12 53 -14 41 51 45 -24 -4 -8 -10 -1 -39 48 -41 -16 -32 44 -20 61 -9 -13 -19 -27 -48 52 -15 -7 -22 -56 -3 -53 -2 -60 -23 -30
right_child=2 5 19 6 9 28 16 11 21 10 27 17 29 31 30 -17 -18 39 43 -21 26 60 33 -25 -26 49 -28 -29 32 -31 42 -33 -34 -35 -36 -37 -38 38 -40 40 -42 -43 -44 -45 -46 -47 50 -49 -50 -51 -52 57 -54 -55 55 -57 -58 -59 59 -61 -62 -63
leaf_value=-0.6013222656250008 -1.8650471875000001 5.156618984375001 -1.8935922656250004 -1.7077803906250004 -0.65651265625000021 4.2409096874999994 -2.4752190625000008 -1.3383626562499999 -0.36773890624999911 0.35518855468749994 5.5876753125 -1.5300245703125002 -0.53549804687500002 0.84678218749999989 0.27520968749999997 -0.65552941406249987 -0.21012999999999984 -0.64277562499999985 -0.57378007812500087 -2.6137940625000002 -1.7621214843750004 0.17259812500000038 -1.2271673437500006 1.4665792968749998 1.1442378124999995 -0.13249707031250005 -0.78701304687500062 1.4604253125 3.6241253125000004 0.48043164062500027 1.0826540625000001 0.53467144531250033 3.1519314843750004 0.50381031250000063 -1.6264282812499999 -1.4662315625000006 0.30226875000000036 0.31815968749999968 -0.14824968750000025 -0.28992867187499982 0.6993703124999997 -0.7737035546874993 -0.46479031249999991 0.23235574218749946 -0.23043031250000043 6.5691253124999989 -1.6998152343750002 0.10494101562499979 0.46347382812500015 -1.3451204687500002 -0.50260367187500066 2.2299284374999999 2.3903314062500001 1.2447735156250006 -1.2359808593750004 -0.53262773437499999 0.25495566406250064 3.2316878125000006 -1.6053134375000004 -1.1701517968750001 1.34430625 2.8688284374999999
leaf_weight=217 458 452 716 900 220 803 441 682 691 686 661 446 719 185 227 1196 128 470 697 3985 351 180 118 1573 1566 224 331 1115 1048 534 1252 145 324 39 1017 113 504 804 337 211 183 105 61 232 619 3357 99 33 113 26 197 1610 813 45 1057 67 21 327 444 410 358 170
leaf_count=217 458 452 716 900 220 803 441 682 691 686 661 446 719 185 227 1196 128 470 697 3985 351 180 118 1573 1566 224 331 1115 1048 534 1252 145 324 39 1017 113 504 804 337 211 183 105 61 232 619 3357 99 33 113 26 197 1610 813 45 1057 67 21 327 444 410 358 170
internal_value=-0.000523359 0.00665241 -0.0164671 0.000958979 0.00429841 0.0142652 -0.00417895 -0.011671 -0.00273353 0.00713091 0.00907008 -0.00772237 -0.00495973 0.0105268 0.00721358 -0.00762268 -0.0148175 -0.00473961 -0.00151255 -0.0213162 -0.0150433 0.0015409 0.0030704 0.00620027 0.00408049 -0.00905055 -0.0126313 0.0126757 0.0176304 -0.000457803 0.00477852 0.0127798 0.018365 -0.00796875 -0.0180732 -0.0177738 -0.000813856 0.00149526 0.00264423 -0.00145408 0.00208845 -0.000724638 0.00616516 -0.004164 -0.00511751 0.018791 -0.012844 -0.0126037 -0.00390101 -0.00197628 -0.0083612 0.0132148 0.011039 0.0132785 -0.01409 -0.0128217 0.0154937 0.0142912 -0.018289 -0.0165111 0.00683919 0.01638
internal_weight=37113 25593 11520 14648 8884 10945 5764 5802 5082 5978 4035 2684 3349 5198 2118 2096 682 1706 2906 5718 3118 1733 1943 2259 1786 729 1806 1776 5747 1253 1645 3080 4899 157 1733 554 1195 1358 1141 977 394 332 1313 1548 1316 4575 978 479 583 250 296 2935 998 848 1475 1124 473 1937 1312 854 538 1218
internal_count=37113 25593 11520 14648 8884 10945 5764 5802 5082 5978 4035 2684 3349 5198 2118 2096 682 1706 2906 5718 3118 1733 1943 2259 1786 729 1806 1776 5747 1253 1645 3080 4899 157 1733 554 1195 1358 1141 977 394 332 1313 1548 1316 4575 978 479 583 250 296 2935 998 848 1475 1124 473 1937 1312 854 538 1218
cat_boundaries=0 2 4 6 8 10 11
cat_threshold=127690385 319706 2150166552 18581 545427664 267793 2233602152 430080 537137325 282753 1
is_linear=0
shrinkage=0.05


Tree=5
num_leaves=63
num_cat=14
split_feature=15 14 17 15 7 14 22 15 7 17 18 22 8 16 1 7 22 22 7 10 3 3 3 16 17 15 17 7 1 16 16 1 6 16 1 1 18 3 22 17 7 1 17 17 3 1 1 11 17 22 10 17 7 8 22 18 1 10 17 15 15 18
split_gain=1603.57 320.683 147.299 109.244 37.8293 33.5763 28.5645 22.8706 13.49 13.1226 18.4204 12.3121 11.8639 11.8201 11.3609 10.749 10.2147 9.9272 8.80211 8.21561 8.77311 7.95488 7.78765 7.93997 7.40487 6.75993 6.22179 6.02615 5.80752 5.5196 5.43388 5.2382 5.06033 4.93787 4.87207 4.79396 4.35881 4.26894 4.15173 4.30816 4.14299 3.95745 3.89325 3.67875 3.64155 3.47744 3.4581 3.44763 2.91125 2.84039 2.75904 2.67136 2.48529 2.46511 2.24152 2.23749 2.02142 1.97822 1.96387 1.95896 1.9311 1.76569
threshold=4.5000000000000009 1.5000000000000002 1.2333721479377482 6.5000000000000009 550.99500000000012 2.5000000000000004 36.356070722020547 2.5000000000000004 278.66000000000003 1.7195004606467987 0.33690938860700281 23.439105445963964 688.91500000000008 1.6824738055471873 0 -1.0000000180025095e-35 35.282026987054834 26.023644669623629 720.80000000000018 537.93000000000018 1 2 3 1.5000027216611571 1.8805658043044196 1.5000000000000002 0.95497619947432044 165.35500000000005 4 1.5408900450599987 1.6656285657141485 5 1734.8500000000001 1.9756109122964414 6 7 0.47682530663689232 8 16.098481594617102 1.215529279303291 992.05500000000018 9 0.66986026768764362 1.0024686650050745 10 11 12 4389.505000000001 1.6703023402307838e-05 -1.0000000180025095e-35 1125.2250000000004 1.7286926697355598 130.94000000000003 1117.1500000000001 -1.0000000180025095e-35 0.72828052466803428 13 1729.4150000000002 1.4858690245868402 9.5000000000000018 7.5000000000000009 0.91774753139104648
decision_type=2 2 2 2 2 2 2 2 2 2 2 2 2 2 9 2 2 2 2 2 1 1 1 2 2 2 2 2 9 2 2 9 2 2 9 9 2 1 2 2 2 9 2 2 1 9 9 2 2 2 2 2 2 2 2 2 9 2 2 2 2 2
left_child=1 2 7 6 8 11 13 15 28 31 21 22 30 38 26 -1 -7 59 -15 20 -10 -11 46 37 33 55 56 48 50 41 -8 57 -12 58 51 -25 -33 -24 -2 -40 60 -26 -32 -29 -30 -27 -3 -20 -16 -21 -4 -14 -28 -49 -48 -17 -9 -6 -13 -5 -19 -44
right_child=3 5 4 17 9 16 12 14 19 10 32 24 34 18 27 25 -18 40 47 49 -22 -23 23 35 29 45 52 43 44 -31 42 36 -34 -35 -36 -37 -38 -39 39 -41 -42 -43 61 -45 -46 -47 54 53 -50 -51 -52 -53 -54 -55 -56 -57 -58 -59 -60 -61 -62 -63
leaf_value=-2.8198299023437503 -1.6287245546875004 -1.6707672910156248 2.8286948691406248 -1.9076205429687498 1.2675669160156251 -2.2014581093750003 -1.3263932539062502 -0.44583368750000008 2.1295193593749997 1.1832759218749993 3.9962209218750004 -1.6191645507812511 -0.88201458007812517 -1.329164005859375 -0.25816925585937511 4.5978615507812499 -0.30172139062499925 -1.6264750703125004 -0.26074695898437489 0.70101863769531259 3.9650408847656244 3.7184088476562502 0.096827883789062957 -0.91416954492187452 0.50116669921875001 -0.79162188867187533 -0.58535044921875046 -0.29120879687500006 -0.47960087499999987 1.0291916386718751 -1.5349467382812501 0.088708035156250281 4.5581690468750002 0.15405618749999947 0.30428114648437515 0.46649831347656279 1.7098682656249999 -0.89901477343750003 -1.7852055781250002 -1.1921751093749997 -1.0653030000000001 -0.2848897734375001 -0.075003720703125165 0.14268697851562492 0.87861976757812499 1.3193410468749995 -1.20791527734375 -1.2495363789062499 -1.226933802734375 1.2889009218750005 -0.4400388437500013 0.10878932031250024 0.41016116015624959 -0.6785128759765624 0.3369311874999994 -0.19725883984374981 0.25227135156250002 0.37615092187500071 -0.71217822265624953 -2.6831043593749997 -2.3717917031249995 -0.77271317578124943
leaf_weight=92 614 394 289 2267 340 544 671 360 778 507 742 89 202 1001 124 533 138 647 310 460 1465 615 182 221 217 110 41 685 307 672 113 82 5193 250 394 750 2145 1069 328 1285 180 601 266 716 660 581 285 96 234 941 47 100 1108 240 107 24 416 234 245 1941 683 182
leaf_count=92 614 394 289 2267 340 544 671 360 778 507 742 89 202 1001 124 533 138 647 310 460 1465 615 182 221 217 110 41 685 307 672 113 82 5193 250 394 750 2145 1069 328 1285 180 601 266 716 660 581 285 96 234 941 47 100 1108 240 107 24 416 234 245 1941 683 182
internal_value=-0.000569162 0.00640237 0.00942038 -0.0160592 0.0119311 -0.00397087 -0.0111972 0.00200915 0.00832828 0.0137309 0.0149044 -0.00255654 -0.00616261 -0.0136833 -1.35612e-05 0.00759494 -0.0143796 -0.0209754 -0.0103485 0.00989855 0.0118099 0.00888889 -0.0045998 -0.00299776 0.000385171 0.00883293 0.00261868 -0.00292043 0.00388591 0.00227729 -0.00910931 0.0107436 0.0160281 -0.00434412 -0.000858369 0.000333676 0.0118862 -0.00564195 -0.0161099 -0.0145885 -0.0172505 -0.000426309 -0.00527482 -0.0014067 0.0017602 0.00536744 -0.00888611 -0.00562404 -0.00872576 0.00678419 0.00945559 -0.00555556 0.00496962 -0.00914454 -0.00493827 0.0129911 -0.000770218 0.00587734 -0.00830861 -0.0222869 -0.0182671 -0.00299335
internal_weight=37113 25593 19829 11520 14805 5764 5802 5024 4947 9858 7057 5082 1928 3874 3684 1340 682 5718 1647 3644 2243 1122 3008 2222 2074 1248 1925 1759 1303 1490 1232 2801 5935 584 696 971 2227 1251 2227 1613 1510 818 561 1401 967 691 786 646 358 1401 336 302 1149 336 392 557 776 574 334 4208 1330 448
internal_count=37113 25593 19829 11520 14805 5764 5802 5024 4947 9858 7057 5082 1928 3874 3684 1340 682 5718 1647 3644 2243 1122 3008 2222 2074 1248 1925 1759 1303 1490 1232 2801 5935 584 696 971 2227 1251 2227 1613 1510 818 561 1401 967 691 786 646 358 1401 336 302 1149 336 392 557 776 574 334 4208 1330 448
cat_boundaries=0 2 3 4 5 7 9 11 13 14 16 17 19 21 23
cat_threshold=62710685 114832 1 1 1 42730507 99840 304297030 1860609 813695140 344064 2147536932 5633 8 2149318668 83073 1 2134016 36992 2718990537 3 34373917 128
is_linear=0
shrinkage=0.05


Tree=6
num_leaves=63
num_cat=9
split_feature=15 20 15 16 20 20 22 7 6 22 15 15 15 13 11 1 16 7 5 7 7 1 7 0 1 16 14 11 1 22 7 1 11 1 16 9 22 7 5 5 5 22 22 22 11 20 11 7 20 7 11 11 18 5 5 5 9 1 5 18 7 0
split_gain=1491.67 402.283 111.487 80.4323 37.3603 29.7985 26.9332 25.9284 16.5944 16.0726 12.4917 11.6798 11.6278 11.5288 12.1314 10.753 10.4875 10.3995 10.3778 9.26094 8.90029 8.6242 8.19079 7.93947 7.08319 7.07953 6.64613 6.59091 6.10617 5.72547 5.60403 5.11785 4.84878 4.60652 4.09833 3.96404 3.96281 3.86752 3.82065 5.66476 3.81384 3.39847 3.2667 3.10419 3.03785 4.33905 3.03663 3.019 2.66225 2.46231 4.36536 2.42609 2.53314 2.38656 2.38159 2.25344 2.24041 2.11995 2.00431 1.92608 1.92184 1.83704
threshold=4.5000000000000009 134.50000000000003 6.5000000000000009 2.2828038465605913 61.500000000000007 198.50000000000003 36.356070722020547 720.80000000000018 4168.3500000000013 28.112274892802898 3.5000000000000004 3.5000000000000004 8.5000000000000018 1.5000000000000002 3133.9450000000006 0 1.6824738055471873 627.78500000000008 181.50000000000003 480.17000000000002 687.63000000000022 1 720.80000000000018 2 3 1.580204107503518 2.5000000000000004 1735.6050000000002 4 21.933403132321306 192.905 5 2239.4400000000005 6 2.0000022027984357 360.13000000000005 16.098481594617102 551.1350000000001 134.50000000000003 220.50000000000003 28.500000000000004 38.891301510102274 50.382012874549652 59.497749014481279 4389.505000000001 64.500000000000014 2997.8350000000005 467.30500000000001 32.500000000000007 827.4000000000002 3025.3000000000002 2546.5850000000005 1.1027915150456014 5.5000000000000009 322.50000000000006 108.50000000000001 2045.1950000000004 7 94.500000000000014 1.0613784531049459 1139.5900000000001 8
decision_type=2 2 2 2 2 2 2 2 2 2 2 2 2 2 2 9 2 2 2 2 2 9 2 1 9 2 2 2 9 2 2 9 2 9 2 2 2 2 2 2 2 2 2 2 2 2 2 2 2 2 2 2 2 2 2 2 2 9 2 2 2 1
left_child=1 3 6 4 9 11 16 8 10 18 15 20 29 14 23 -5 36 27 26 34 24 42 -18 -9 54 33 -1 40 -16 -4 -13 51 -26 -23 -8 -12 -2 57 53 -40 -7 -10 -6 -32 45 -24 -19 -31 -39 50 -33 52 -21 -38 -3 -27 59 -11 -44 -15 -46 -22
right_child=2 5 12 7 21 17 19 13 41 37 35 30 -14 56 28 -17 22 46 -20 31 61 25 44 -25 32 55 -28 -29 -30 47 43 49 -34 -35 -36 -37 38 48 39 -41 -42 -43 58 -45 60 -47 -48 -49 -50 -51 -52 -53 -54 -55 -56 -57 -58 -59 -60 -61 -62 -63
leaf_value=-1.4598562574218747 -1.5472883269531257 0.26663153276367169 -1.7377233322265626 1.9916825515625001 -0.72564407250976581 1.9017411218750007 -1.4277314505859373 2.2485823882812497 -1.65273636640625 -1.1778299890625004 -0.68162094072265589 -2.1143265157226567 -2.4489491414062501 -1.4794796985351562 0.93922313359374954 0.43287313647460979 -1.2627058055664067 5.6537267195312495 -0.42277083749999989 -0.7901571772460948 2.5612605945312512 0.3039009652343751 -1.2552287672851563 0.40075619208984326 1.781179227343749 0.21663519150390656 -2.2913852039062506 0.60231204653320314 -0.067525132031250129 -1.8680551939453125 0.4419863013671872 0.32169310400390644 -0.026433989941406111 -0.27064528476562516 -0.71567011542968761 -0.067802604882812645 -0.57370721328125041 -1.2258345706542966 -0.69463935781249975 -1.3606978265624996 4.479131335595703 -0.095242112500000087 -1.3666270263671878 1.6977956882812508 -1.2756708294921872 0.29860806083984315 3.5058854773437504 -1.2797259662109373 0.83939063696289085 0.45651496611328285 -0.8809971627929678 -0.59466560571289051 1.0448837663085944 -1.3657914984374999 2.4849887874023437 1.1790970774902345 -2.9911894127929686 -0.26638034096679669 1.2960087930664059 2.2080707648437503 -0.49455765893554687 1.6518118435546871
leaf_weight=1027 614 334 1284 691 476 235 574 2002 219 242 307 41 2900 154 427 3316 1001 2790 379 45 1543 547 125 348 1949 178 417 136 512 834 441 151 96 1159 378 976 20 36 381 562 2556 87 47 153 115 185 381 700 208 215 103 424 38 650 48 348 77 320 87 61 221 242
leaf_count=1027 614 334 1284 691 476 235 574 2002 219 242 307 41 2900 154 427 3316 1001 2790 379 45 1543 547 125 348 1949 178 417 136 512 834 441 151 96 1159 378 976 20 36 381 562 2556 87 47 153 115 185 381 700 208 215 103 424 38 650 48 348 77 320 87 61 221 242
internal_value=-0.000659419 0.00606442 -0.0155992 0.000641594 -0.00415144 0.0133152 -0.0106891 0.0035049 0.00136632 -0.00844415 0.00203098 0.0103454 -0.0205646 0.00682896 0.0076777 0.00341022 -0.0131029 0.0156614 -0.0110487 -0.0058001 0.0113049 -0.000158172 -0.00995455 0.00960476 0.00924897 0.00126949 -0.0129924 0.0134044 0.00278662 -0.0181319 0.00387931 -0.00229826 0.0104106 -0.000263312 -0.00931937 -0.00223561 -0.0153924 -0.00247219 -0.0139078 -0.0116015 0.0139316 -0.00987055 -0.00537721 0.00519263 -0.00539291 -0.00159744 0.0177142 -0.0158426 0.00263158 0.00140041 -0.00175097 -0.00572115 0.00145349 -0.0170134 0.00253165 0.0063327 -0.00254237 -0.00477876 0.00109489 0 -0.00870206 0.014052
internal_weight=37113 25593 11520 14648 5471 10945 5802 9177 5596 2629 5290 4847 5718 3581 3289 4007 3874 6098 1823 1928 4212 2842 1647 2350 2427 2232 1444 2927 939 2818 635 976 2045 1706 952 1283 2227 806 1613 943 2791 306 610 594 646 310 3171 1534 244 469 254 507 83 670 382 526 292 562 134 215 336 1785
internal_count=37113 25593 11520 14648 5471 10945 5802 9177 5596 2629 5290 4847 5718 3581 3289 4007 3874 6098 1823 1928 4212 2842 1647 2350 2427 2232 1444 2927 939 2818 635 976 2045 1706 952 1283 2227 806 1613 943 2791 306 610 594 646 310 3171 1534 244 469 254 507 83 670 382 526 292 562 134 215 336 1785
cat_boundaries=0 2 4 5 7 9 11 13 15 16
cat_threshold=353108549 230410 18927714 537186 1 2240156160 20512 2409352 98960 805568740 376835 282657804 17553 570429456 278657 1
is_linear=0
shrinkage=0.05


Tree=7
num_leaves=63
num_cat=22
split_feature=14 17 17 14 10 17 7 22 22 9 17 18 22 16 2 2 17 1 22 6 1 1 1 2 7 16 1 2 1 22 2 2 14 2 1 22 17 10 17 17 17 2 8 10 11 2 17 2 2 17 10 6 17 2 22 17 2 1 4 22 17 17
split_gain=1248.7 297.283 209.633 108.617 36.3239 37.1846 32.804 23.5943 21.7356 21.2126 19.9136 23.7788 18.0498 15.4983 15.2867 13.4573 11.7963 11.4518 10.2119 11.235 9.0541 7.99323 7.36027 7.22109 6.92824 6.91275 6.66715 6.37024 6.17656 5.92575 5.6862 5.62894 5.34699 6.19973 4.72628 4.62979 4.40443 4.34563 4.27068 4.20025 3.95861 3.67273 3.63683 3.65285 3.62478 3.14846 3.14379 3.05122 2.99582 2.79806 2.7455 3.71304 2.60356 2.48104 2.35019 2.30686 2.30375 2.27851 2.25719 2.24461 2.19485 2.16976
threshold=1.5000000000000002 1.222054471302386 1.4934129165957402 2.5000000000000004 1.0000000180025095e-35 0.91366865059978819 340.54500000000007 25.438700467801937 31.189875445684205 1.0000000180025095e-35 1.7195004606467987 0.2248390793765728 43.13447962361704 2.2500006506429222 0 1 0.71763517081854766 2 -1.0000000180025095e-35 1734.8500000000001 3 4 5 6 165.35500000000005 1.7232064145184356 7 8 9 -1.0000000180025095e-35 10 11 2.5000000000000004 12 13 50.868457800820487 1.2012484113443633 324.2050000000001 1.8248922176912752 1.2333721479377482 1.8088111978570265 14 508.99000000000007 1629.3600000000001 1556.7850000000005 15 2.0296257185303714 16 17 1.3333348021374041 756.61500000000024 2501.0100000000007 1.8686466400402952 18 19.012840270198492 2.0251712499049677 19 20 21 3.7716029769593651 1.4697032788760447 1.6940294071316067
decision_type=2 2 2 2 2 2 2 2 2 2 2 2 2 2 1 1 2 9 2 2 9 9 9 1 2 2 9 1 9 2 1 1 2 1 9 2 2 2 2 2 2 1 2 2 2 1 2 1 1 2 2 2 2 1 2 2 1 9 9 2 2 2
left_child=1 4 7 12 15 9 22 32 54 44 26 23 14 49 20 -1 34 27 19 -13 46 -18 37 -12 -19 40 47 -7 61 -25 -26 58 33 39 -11 41 53 -3 -22 -2 -16 -28 -10 -44 -6 -30 -4 -8 -27 -9 51 -33 -20 -15 -5 -47 -37 -29 -24 -35 -52 -14
right_child=2 6 3 8 5 17 10 13 42 16 11 18 28 36 25 -17 21 24 52 -21 38 -23 31 29 30 48 35 57 45 -31 -32 50 -34 59 -36 56 -38 -39 -40 -41 -42 -43 43 -45 -46 55 -48 -49 -50 -51 60 -53 -54 -55 -56 -57 -58 -59 -60 -61 -62 -63
leaf_value=4.4463665948132327 -1.6005245093652343 2.7997435006445324 -0.66145078698242199 -2.1768159437109382 0.95978975896484331 0.75438976754882825 1.1148212249194331 -1.8681743582714845 -1.5681857717236323 -0.77739678850341787 3.2664142855590819 1.8562296679577643 -0.20876755119140641 -0.48534101426513704 -1.0296618844531249 -2.7225699434765627 0.084032438894043437 -1.1253143429016117 2.6130896726171873 3.735074258554687 -0.43911422306640591 -0.77242961214843797 0.41891365214477538 -0.23964812621093828 0.34693463058105434 -1.354177345958252 1.6626988548498536 -0.09313199524902345 0.24763908884765584 5.4634332271862789 -0.25454825067382852 1.6237149671069333 -2.3765016843359379 -1.4695375642968753 -1.4230122880175777 1.5316765766796878 -0.15000418303710961 0.92678855595214815 0.39817385447265607 -0.75538145169555693 -0.89343668580810631 0.87438096185668968 0.24619912213867182 -1.0775843324999994 -0.34691249608886743 -0.90664714364013654 -0.38529288384155258 0.43383698431152351 -0.33791063198608384 -1.2177558977832037 -0.75058773585937577 -0.72157637523437446 4.3313242585546874 -1.4517485570996103 -1.6611305102246101 -0.0063940551879881017 2.0190794164245611 0.43472597929321211 -0.73146861101318317 -1.7201543931860355 0.58950602540038977 1.254906675371094
leaf_weight=518 359 315 438 1157 327 649 621 1227 268 210 267 718 53 104 568 101 436 138 505 3566 277 873 146 459 600 356 788 460 663 78 752 565 1891 26 1133 162 217 260 881 212 1203 1136 97 250 324 265 642 572 596 635 29 84 3653 169 563 273 724 314 251 1578 110 301
leaf_count=518 359 315 438 1157 327 649 621 1227 268 210 267 718 53 104 568 101 436 138 505 3566 277 873 146 459 600 356 788 460 663 78 752 565 1891 26 1133 162 217 260 881 212 1203 1136 97 250 324 265 642 572 596 635 29 84 3653 169 563 273 724 314 251 1578 110 301
internal_value=-0.000765842 0.00690026 -0.0117355 -0.00673424 -0.00173662 -0.00289436 0.0108363 -0.0186186 -0.0159859 -0.00652601 0.0116907 0.0129798 -0.00340543 -0.0145223 -0.00488014 0.00976688 -0.00851224 0.00120885 0.0137655 0.0119781 -0.00175478 -0.00504954 0.00436756 0.00464684 -0.00182967 -0.00739218 0.00869321 0.0044046 0.00126765 0.00104545 -0.000701107 0.00198247 -0.0209634 -0.0190427 -0.0118314 0.0100602 -0.00638945 0.00897109 0.00128096 -0.0131421 -0.00928692 0.00861443 -0.00772654 -0.00407143 0.00149083 -0.000432455 -0.00503202 0.00528607 -0.00387435 -0.016622 0.00443196 0.00586656 0.0155852 -0.0105978 -0.0188915 -0.00326679 0.0132171 0.00120712 -0.0027439 -0.020872 -0.00158451 0.00694823
internal_weight=37113 21844 15269 8851 6835 6216 15009 6418 2335 3303 13249 9246 6516 2352 4961 619 2652 2913 8442 4284 2238 1309 1760 804 1490 2723 4003 1423 1555 537 1352 1185 4066 2175 1343 2810 490 575 1158 571 1771 1924 615 347 651 1201 1080 1193 952 1862 788 649 4158 273 1720 538 886 774 397 1604 139 354
internal_count=37113 21844 15269 8851 6835 6216 15009 6418 2335 3303 13249 9246 6516 2352 4961 619 2652 2913 8442 4284 2238 1309 1760 804 1490 2723 4003 1423 1555 537 1352 1185 4066 2175 1343 2810 490 575 1158 571 1771 1924 615 347 651 1201 1080 1193 952 1862 788 649 4158 273 1720 538 886 774 397 1604 139 354
cat_boundaries=0 1 2 4 6 8 10 11 13 14 16 17 18 19 21 22 23 24 25 26 27 29 30
cat_threshold=908 2084 43829137 123552 2686759030 37472 2158493832 278545 2189952075 67090 2830 61551694 547329 1938 2150416484 33968 996 49 904 268435797 344066 484 965 414 17 960 48 1081744 82464 6
is_linear=0
shrinkage=0.05


Tree=8
num_leaves=63
num_cat=14
split_feature=20 23 16 21 17 21 17 21 21 21 21 20 13 17 5 21 5 21 21 21 17 23 2 10 18 17 1 23 21 7 1 7 2 21 2 7 7 23 17 20 7 2 20 7 20 2 17 2 1 20 1 0 2 7 21 1 23 2 21 7 17 18
split_gain=1091 326.424 160.419 140.813 114.032 59.3619 46.8192 44.2688 36.5639 35.0034 33.4015 28.8959 27.0443 23.304 21.7717 14.3897 13.8696 13.0879 12.8739 12.8201 12.0656 10.8289 9.64707 9.46237 9.19836 9.07237 8.11542 7.98079 7.40976 6.37693 5.87417 5.51767 7.02672 5.49812 5.42413 5.41838 4.95456 4.89625 4.67469 4.50061 4.18282 4.14776 4.9172 4.14101 3.97506 3.95976 3.7711 3.74338 3.65668 3.61604 3.598 3.04829 2.95034 2.8724 2.71874 2.7168 2.70755 2.5876 2.52024 2.51957 2.44904 2.44004
threshold=113.50000000000001 9.5000000000000018 2.2828038465605913 79.292857142857159 1.2710859993584009 55.025000000000006 1.3393993157084931 7.5000000000000009 126.06250000000001 47.861904761904768 79.292857142857159 145.50000000000003 1.5000000000000002 1.8805658043044196 72.500000000000014 181.12500000000003 109.50000000000001 130.70833333333334 73.25833333333334 73.89898989898991 2.4240271445233805 9.5000000000000018 0 1.0000000180025095e-35 0.43284814592363258 1.4593223264002357 1 7.5000000000000009 44.51315789473685 514.56500000000017 2 321.39500000000004 3 126.06250000000001 4 504.39000000000004 756.57500000000016 4.5000000000000009 2.2265362457016349 250.50000000000003 89.77000000000001 5 154.50000000000003 130.94000000000003 78.500000000000014 6 0.84956043835623241 7 8 69.500000000000014 9 10 11 488.30000000000001 78.759615384615401 12 11.500000000000002 13 72.232142857142875 172.32500000000002 2.0296775808124896 0.37024447026716129
decision_type=2 2 2 2 2 2 2 2 2 2 2 2 2 2 2 2 2 2 2 2 2 2 1 2 2 2 9 2 2 2 9 2 1 2 1 2 2 2 2 2 2 1 2 2 2 1 2 1 9 2 9 1 1 2 2 9 2 1 2 2 2 2
left_child=1 2 3 7 8 28 10 16 21 -9 48 17 14 44 24 27 49 36 22 40 -16 23 -7 37 -8 -11 54 35 -3 45 -20 -12 -33 -31 -28 47 57 -2 -24 -37 -14 59 -43 -21 50 -15 -23 -13 -4 -1 -5 -17 -30 -19 -25 -18 -32 61 -29 -10 -59 -6
right_child=4 5 6 13 11 18 12 9 41 25 31 15 19 29 20 51 55 53 30 43 -22 46 38 26 -26 -27 34 58 52 33 56 32 -34 -35 -36 39 -38 -39 -40 -41 -42 42 -44 -45 -46 -47 -48 -49 -50 -51 -52 -53 -54 -55 -56 -57 -58 60 -60 -61 -62 -63
leaf_value=-1.370877655377716 4.436695827600647 -2.2076766001191408 -0.77039409068936182 -0.99174344276025295 -0.51537986676092551 -0.38643717550219742 -0.39381536281054752 -2.0464507909394536 -2.5396834363005376 -1.3382534343250734 -0.51165773429553174 2.8619772223176274 1.2605057123282171 -0.66241539244427516 0.6923764239293515 4.8666313518769533 1.1123568952939455 0.90596817086468562 -0.8614228480747077 3.0552211171915893 3.3233956488557137 -1.5226539171884768 -1.2543816019956056 0.031768403631652835 1.3061846371894525 -0.85082126686260939 0.078985994257568137 -1.3297924222230837 -0.77396798385400423 0.35921851205096406 0.13636347012380981 0.73695064789855991 -0.031777786944092411 2.3539480704725348 -0.580895261861053 2.1496958860566404 0.94300370928997879 -1.1630820161566768 0.99723249662744173 6.1940445868689276 -2.046007320924744 1.1945328131388853 2.8512297815466621 0.1037711385036019 -0.045868968445800823 0.4316191304501949 -0.15405493062329115 1.9515695016251826 -1.1349983141517332 -0.13656466141638113 -0.40245180986065637 4.5759495255708016 -1.5645325099294425 2.2663848809487916 0.75405381289502038 -0.30013213043682829 -0.43370298626470927 -0.41284012884234544 1.051386265544404 0.97556647853533895 2.441245087522705 0.73653481265924015
leaf_weight=492 214 2630 296 579 92 208 849 1997 36 1077 363 660 68 296 1092 2229 150 173 546 90 1732 168 1397 218 535 1531 785 28 157 591 226 336 949 342 666 2410 549 20 28 1480 435 372 610 469 331 607 163 712 726 116 463 425 1013 577 381 457 112 195 118 209 32 305
leaf_count=492 214 2630 296 579 92 208 849 1997 36 1077 363 660 68 296 1092 2229 150 173 546 90 1732 168 1397 218 535 1531 785 28 157 591 226 336 949 342 666 2410 549 20 28 1480 435 372 610 469 331 607 163 712 726 116 463 425 1013 577 381 457 112 195 118 209 32 305
internal_value=-0.000791438 -0.00739834 -0.00378123 -0.00833979 0.0103308 -0.0171005 0.00139746 -0.0129744 0.0029909 -0.0152181 -0.00398429 0.0131483 0.00413427 5.44832e-05 0.00593683 0.0144699 -0.00441297 0.0075675 -0.0110813 -0.00295775 0.00845419 -0.000334225 -0.0137378 0.000874508 0.00075703 -0.0113367 -0.000194837 0.0129366 -0.0210623 0.00375204 -0.00608794 0.000393701 0.0019604 0.00665064 -0.00223702 0.0132574 0.00418793 0.0103376 -0.0151773 0.0142564 -0.00874506 0.0101016 0.0115578 0.00217972 -0.00485102 0.000689845 -0.00875749 0.0103636 -0.0110732 -0.00973813 -0.00636364 0.0175574 -0.0174339 0.012749 0.00461601 0.000860656 -0.000569801 0.00103668 0.00100671 0.00339147 -0.00302083 0.00347561
internal_weight=37113 23286 16969 9029 13827 6317 7940 5820 3842 4605 2670 9985 5270 3209 4208 8062 1215 1923 2517 1062 2824 2615 1633 2284 1384 2608 2050 5408 3800 1836 884 1648 1285 933 1451 5262 1173 234 1425 3890 503 1227 982 559 1373 903 331 1372 1022 608 1042 2654 1170 750 599 607 338 624 146 245 227 397
internal_count=37113 23286 16969 9029 13827 6317 7940 5820 3842 4605 2670 9985 5270 3209 4208 8062 1215 1923 2517 1062 2824 2615 1633 2284 1384 2608 2050 5408 3800 1836 884 1648 1285 933 1451 5262 1173 234 1425 3890 503 1227 982 559 1373 903 331 1372 1022 608 1042 2654 1170 750 599 607 338 624 146 245 227 397
cat_boundaries=0 1 3 5 6 7 8 9 10 12 14 15 16 18 19
cat_threshold=768 59557381 90240 2751467724 50720 896 934 1553 1105 972 2148024464 90240 2686488652 82577 1 768 262273 327808 2954
is_linear=0
shrinkage=0.05


Tree=9
num_leaves=63
num_cat=12
split_feature=15 20 21 21 20 17 20 21 21 2 2 2 7 21 8 7 14 2 21 19 18 20 20 21 20 17 21 7 15 2 16 2 8 2 2 8 22 0 0 20 2 21 11 19 2 23 17 20 20 16 17 11 21 17 20 21 19 15 17 19 10 23
split_gain=1248.74 327.62 140.442 66.7502 83.7339 51.5789 32.3861 28.8422 26.6313 26.0002 15.0668 13.9254 13.4781 13.4417 12.5253 11.6659 10.9915 10.5978 10.4432 9.68575 9.18305 8.22898 8.16047 7.58933 6.88274 8.16641 6.74844 6.51492 6.41381 5.85929 5.65137 5.38665 5.2039 5.11199 5.08755 4.88852 4.79778 4.59933 4.57267 3.86726 3.72235 3.5911 3.55322 3.38263 3.36962 3.11702 3.09443 3.47104 2.97252 2.78604 2.71831 2.70169 2.60055 2.55534 2.47301 2.44994 2.33679 2.28961 2.285 2.28141 2.39987 2.24931
threshold=4.5000000000000009 134.50000000000003 55.025000000000006 113.05555555555557 1.0000000180025095e-35 1.8686466400402952 72.500000000000014 76.348484848484858 124.06250000000001 0 1 2 524.85000000000014 44.51315789473685 702.68000000000018 688.1350000000001 2.5000000000000004 3 174.16666666666671 3572.6550000000007 0.2248390793765728 32.500000000000007 99.500000000000014 100.17424242424245 272.50000000000006 1.2402422752990117 160.53571428571431 410.33500000000009 2.5000000000000004 4 1.6172836853457302 5 256.74500000000006 6 7 363.51500000000004 19.389491469466002 8 9 143.50000000000003 10 127.08333333333336 3236.0850000000005 660.34000000000003 11 5.5000000000000009 1.8461546955788284 89.500000000000014 202.50000000000003 1.8000010583951911 1.5999524162982057 1872.4900000000002 48.340579710144937 0.88889378883204972 55.500000000000007 35.019230769230781 3106.7700000000004 1.5000000000000002 1.02240014157513 1289.365 1277.3550000000002 11.500000000000002
decision_type=2 2 2 2 2 2 2 2 2 1 1 1 2 2 2 2 2 1 2 2 2 2 2 2 2 2 2 2 2 1 2 1 2 1 1 2 2 1 1 2 1 2 2 2 1 2 2 2 2 2 2 2 2 2 2 2 2 2 2 2 2 2
left_child=1 3 13 4 9 8 10 11 24 19 28 35 26 22 39 29 -12 32 27 38 56 40 55 -19 25 57 34 -7 -6 30 50 -15 -8 -23 -5 -4 48 -22 -1 45 -14 -35 -31 54 -27 -13 47 -33 -29 -16 -9 -38 -26 -51 -17 -2 -11 -3 -32 60 -28 -56
right_child=2 5 7 12 6 18 17 15 -10 20 16 14 21 31 49 43 -18 23 -20 -21 37 33 -24 -25 52 44 59 36 -30 42 58 46 -34 41 -36 -37 51 -39 -40 -41 -42 -43 -44 -45 -46 -47 -48 -49 -50 53 -52 -53 -54 -55 61 -57 -58 -59 -60 -61 -62 -63
leaf_value=1.0289754778361748 -2.2801101346706787 3.2434432619079439 -1.3559564414551333 0.79332716169379869 0.40644065438617361 2.62009004744275 -1.103959683871782 -0.9832335025186858 2.1347277916265508 1.2930315954789684 -1.1397663550575048 -1.0666377676895085 2.124709007256159 -0.87169365161980039 -0.90534700848919991 -0.20767608921065844 -1.8656526069784185 -0.42045415002759656 4.8060936537844485 -1.4544648368575204 4.8140304797466689 1.8502303206283359 -0.79627842427094753 0.21227123775798307 6.1996667090095343 0.3628610163587368 1.8517669805006465 2.242709057574122 -0.59588378676203291 -0.74398500995234329 -0.24878877296699928 -1.4772879257315013 0.36985659737407561 0.3330987370550933 -0.11501061734339935 -0.006176392866937875 1.7781729763326064 2.2804902329832704 -1.0909444572373415 0.43491388270926451 -2.5926335394424154 1.7146859027015147 -1.3404411599415593 -0.81211103604631918 1.2333062719982799 -1.2934725565955334 -1.0605507642406373 -1.3318215466167205 6.2960103783928822 -0.91501055317219204 -0.20413821344450656 3.5213058162835069 1.137602139922441 -0.37628314910503563 0.48735501060689046 -1.7822256499417968 -0.7800897249371439 -0.011814721770971915 0.76943526938023976 1.0384689489992298 0.45048799622859975 -0.95125728052424174
leaf_weight=1016 1992 80 114 276 403 550 113 115 2514 275 1849 526 113 299 450 169 459 2197 2283 81 754 729 71 637 251 388 533 630 1076 755 84 1475 1243 298 878 363 522 146 146 25 128 833 146 69 886 1477 100 234 1459 129 125 303 90 467 336 1857 45 989 118 317 103 24
leaf_count=1016 1992 80 114 276 403 550 113 115 2514 275 1849 526 113 299 450 169 459 2197 2283 81 754 729 71 637 251 388 533 630 1076 755 84 1475 1243 298 878 363 522 146 146 25 128 833 146 69 886 1477 100 234 1459 129 125 303 90 467 336 1857 45 989 118 317 103 24
internal_value=-0.00082781 0.00532407 -0.0144971 0.000430005 -0.00170928 0.0118675 -0.00420113 -0.00868972 0.00822919 0.00633617 -0.00755277 -0.0113745 0.00574685 -0.0197728 -0.0126012 -0.00374228 -0.0100819 -0.00115669 0.0151435 0.00113455 0.0114761 0.00859078 -0.0215651 -0.00289779 0.00472646 0.0037191 0.00287915 0.0133256 -0.0034685 -0.00633358 -0.00131868 -0.0163903 0.00244704 0.00971551 0.000259291 -0.0030102 0.0142955 0.014175 0.00236052 -0.014968 0 0.00723339 -0.00861597 0.00199667 0.0064213 -0.0152168 -0.0174945 -0.0181221 0.0156429 -0.00805529 -0.00658436 0.010779 0.0114099 -0.00559265 0.00343045 -0.0218782 0.00402477 0.000443097 0.00463415 0.00598849 0.00774648 0.00578512
internal_weight=37113 25593 11520 14648 10440 10945 7977 5492 5198 2463 3787 3551 4208 6028 3074 1941 2308 4190 5747 1243 1220 2101 3920 2834 2684 2343 2107 3464 1479 1343 442 2108 1356 1860 1154 477 2914 900 1162 2028 241 1131 901 598 1274 2003 1809 1709 2089 1046 240 825 341 596 529 3849 320 1069 202 953 636 360
internal_count=37113 25593 11520 14648 10440 10945 7977 5492 5198 2463 3787 3551 4208 6028 3074 1941 2308 4190 5747 1243 1220 2101 3920 2834 2684 2343 2107 3464 1479 1343 442 2108 1356 1860 1154 477 2914 900 1162 2028 241 1131 901 598 1274 2003 1809 1709 2089 1046 240 825 341 596 529 3849 320 1069 202 953 636 360
cat_boundaries=0 1 2 3 4 5 6 7 8 9 10 11 12
cat_threshold=49 2830 768 896 1924 768 2948 896 1 1 724 19
is_linear=0
shrinkage=0.05


Tree=10
num_leaves=63
num_cat=14
split_feature=15 14 21 17 21 21 21 21 18 21 15 5 2 5 21 1 17 16 1 1 17 17 2 5 17 2 15 21 9 14 5 16 16 9 1 21 9 2 5 1 21 5 16 17 1 21 16 9 16 17 1 9 15 5 21 18 16 17 2 2 1 21
split_gain=1178.88 216.401 140.004 104.848 62.3011 47.0404 39.9129 27.1536 23.9554 15.8548 14.3581 14.8168 13.473 13.0125 12.838 11.3423 11.3131 9.43369 8.57247 8.07548 7.63011 7.23211 7.04956 6.39006 6.26951 5.69535 5.56908 6.13899 5.5388 5.4519 4.93392 4.92844 4.51699 5.9542 4.36942 4.24795 4.13961 4.04895 3.85809 3.80448 3.80137 3.7834 3.26151 3.25561 3.21497 3.15218 2.99976 2.97124 2.68533 2.66984 2.55063 2.46803 2.43585 2.43147 2.88252 2.42803 2.42035 3.65998 2.39889 2.37032 2.35267 2.20465
threshold=4.5000000000000009 1.5000000000000002 55.025000000000006 1.3366910195307835 85.292857142857159 168.55000000000004 125.29166666666667 79.292857142857159 0.2248390793765728 44.51315789473685 2.5000000000000004 108.50000000000001 0 73.500000000000014 63.639610389610397 1 2.4679614824653431 1.7743309739257433 2 3 1.5704428808759481 1.8805658043044196 4 139.50000000000003 0.85976471514372521 5 1.5000000000000002 87.527777777777786 630.58000000000015 1.5000000000000002 50.500000000000007 1.5147842397069724 1.7455310035482421 947.9050000000002 6 101.90454545454547 726.85000000000025 7 143.50000000000003 8 1.0000000180025095e-35 96.500000000000014 1.9999873053070043 0.7308617252099967 9 201.70833333333334 1.7506055439321841 351.60500000000008 2.8108300119689624 1.3778579273416878 10 846.5100000000001 5.5000000000000009 111.50000000000001 111.06250000000001 0.11612129556012962 1.8000745921650483 1.9999742566032597 11 12 13 274.16666666666669
decision_type=2 2 2 2 2 2 2 2 2 2 2 2 1 2 2 9 2 2 9 9 2 2 1 2 2 1 2 2 2 2 2 2 2 2 9 2 2 1 2 9 2 2 2 2 9 2 2 2 2 2 9 2 2 2 2 2 2 2 1 1 9 2
left_child=1 3 9 6 10 8 15 12 19 29 11 -3 36 18 23 35 -15 20 -10 41 -14 46 31 -12 -19 60 55 -28 -7 -2 43 -9 52 -34 58 40 48 -16 -21 -32 -1 -5 -25 -8 61 -41 -6 -48 -4 -38 -13 -26 -24 54 -36 -17 57 -27 -23 -49 -11 -30
right_child=2 4 7 5 21 28 30 22 13 25 14 50 17 16 37 26 -18 24 -20 38 -22 34 32 42 51 56 27 -29 44 -31 39 -33 33 -35 53 -37 49 -39 -40 45 -42 -43 -44 -45 -46 -47 47 59 -50 -51 -52 -53 -54 -55 -56 -57 -58 -59 -60 -61 -62 -63
leaf_value=0.38539045014715545 -1.5491962065691554 -1.2146390989477522 -1.2849176742608437 0.47418620978053527 -0.65455941594488753 3.3262801350299243 -2.6212698992301178 -0.35327081698126506 2.3361019997249346 -0.28711606093450115 -1.8676929591032652 0.80662461624663928 -1.2180886214991973 1.572564727131557 0.016316179041989898 1.3510004600902086 4.7233289557593352 -1.0388485664950036 0.66535938925067128 -0.64068758631597944 -0.82174978381536268 -0.55325415320936566 -0.58023648201175537 -1.2380005794174012 -1.0478010441254433 -1.460456326197666 -0.29243096085951809 0.2870819833727925 2.331845270144131 -1.9991634867318162 0.8734924646739608 0.70281600627718077 -0.52431491598111857 0.29301933516007284 -0.24908215204607809 0.0060207593386905961 -0.27443358363459219 -0.75129188576660377 0.74551652708781124 1.2771161311137744 -0.61207552778573315 3.0770973626945022 -0.26585911818775826 0.59613795842989392 4.438513857453259 3.9695558806036608 -2.0397703308442909 -0.29727132592307653 -0.12179939943498966 0.25440721620083268 -0.32186722392750089 -0.3667671841633407 -1.3533292373482801 1.0967981380838083 1.4774890678901245 3.7765071427987111 -1.2258910585559173 -0.96216530834084191 0.44400689847694752 1.2409941774332882 -1.0319682706378914 4.9493417284212704
leaf_weight=177 243 800 88 157 304 1473 50 169 773 115 544 224 1331 4312 238 92 2077 514 1423 504 603 176 429 517 364 1058 998 1460 158 3677 368 222 420 243 86 480 166 345 325 1154 960 218 87 249 1879 365 26 115 65 205 482 532 141 681 237 109 547 44 756 146 344 68
leaf_count=177 243 800 88 157 304 1473 50 169 773 115 544 224 1331 4312 238 92 2077 514 1423 504 603 176 429 517 364 1058 998 1460 158 3677 368 222 420 243 86 480 166 345 325 1154 960 218 87 249 1879 365 26 115 65 205 482 532 141 681 237 109 547 44 756 146 344 68
internal_value=-0.000942316 0.00503497 -0.0142237 0.00751437 -0.00348535 0.010043 0.00227378 -0.00842584 0.00823376 -0.019491 -0.0080787 -0.00444003 -0.0107078 0.00916104 -0.0112024 -0.000525824 0.0103137 -0.0118707 0.00577535 0.00157415 -0.014223 0.00238142 -0.00295022 -0.0142919 -0.0086695 -0.0158456 0.00146894 0.000792361 0.0149679 -0.0214249 0.0077661 0.00278465 -0.00479535 -0.00191441 0.00386797 -0.00381902 -0.00288641 -0.00499147 -0.00115796 0.00871693 -0.00550439 0.00753866 -0.0104613 0.00157285 0.0167102 0.00984008 -0.00239899 0.00112069 -0.00977564 0 0.00077574 -0.00600667 -0.00811518 0.00614553 0.0023773 0.00943627 -0.0173436 -0.0190045 0.00126984 0.00293561 -0.0096928 0.00878661
internal_weight=37113 25593 11520 19829 5764 13367 6462 5492 9789 6028 3237 1506 3868 8585 1731 4276 6389 3344 2196 1204 1934 2527 1624 1148 1410 2108 2659 2458 3578 3920 2186 391 1233 663 1936 1617 524 583 829 1887 1137 375 604 299 2105 1519 591 287 153 371 706 896 570 1004 323 201 1649 1102 932 261 459 226
internal_count=37113 25593 11520 19829 5764 13367 6462 5492 9789 6028 3237 1506 3868 8585 1731 4276 6389 3344 2196 1204 1934 2527 1624 1148 1410 2108 2659 2458 3578 3920 2186 391 1233 663 1936 1617 524 583 829 1887 1137 375 604 299 2105 1519 591 287 153 371 706 896 570 1004 323 201 1649 1102 932 261 459 226
cat_boundaries=0 1 3 5 7 8 9 11 12 14 16 18 19 20 21
cat_threshold=768 2952933738 1580130 2226984733 57376 2181300293 98832 1920 776 884117586 276000 800 2167414860 81924 304300352 3 262281 331920 1072 2339 2181562521
is_linear=0
shrinkage=0.05


Tree=11
num_leaves=63
num_cat=19
split_feature=15 20 15 16 20 20 22 19 20 15 5 9 2 2 1 8 23 19 7 7 22 2 23 1 1 16 7 0 1 7 2 16 2 19 23 1 20 23 22 22 1 1 22 5 1 2 15 1 22 2 20 20 10 7 10 5 2 7 1 10 23 9
split_gain=1106.47 290.173 116.233 51.0723 34.8732 24.4502 20.5996 20.4312 20.0113 19.5617 19.2274 14.6193 13.1216 10.7306 10.7991 10.5897 10.4755 9.53798 8.58016 7.98743 7.21477 6.35791 6.34548 5.89583 5.70441 5.43176 5.28805 4.89899 4.75969 4.73756 4.47411 5.97645 4.26523 4.24767 4.1625 4.09917 3.85561 5.1815 3.83698 3.62453 3.60364 3.51351 3.36981 3.32795 3.32718 3.48936 3.23547 3.19809 2.79404 2.60872 2.56198 2.78591 2.54753 3.29546 2.51999 2.48255 2.38883 2.31787 2.29853 2.27141 2.25606 2.10821
threshold=4.5000000000000009 134.50000000000003 6.5000000000000009 1.8772336829562402 250.50000000000003 69.500000000000014 31.405280865271791 3699.4950000000003 1.0000000180025095e-35 9.5000000000000018 72.500000000000014 965.19500000000005 0 1 2 720.5200000000001 6.5000000000000009 1320.8550000000002 582.12500000000011 726.9100000000002 39.245943072033533 3 4.5000000000000009 4 5 1.580204107503518 793.08500000000015 6 7 627.78500000000008 8 1.7455310035482421 9 2045.4900000000002 7.5000000000000009 10 74.500000000000014 12.500000000000002 21.933403132321306 23.854469470632377 11 12 70.559549167950408 107.50000000000001 13 14 5.5000000000000009 15 40.200025664965729 16 23.500000000000004 62.500000000000007 1756.8000000000004 554.27500000000009 719.76500000000021 134.50000000000003 17 284.2050000000001 18 1629.3600000000001 17.500000000000004 399.43500000000006
decision_type=2 2 2 2 2 2 2 2 2 2 2 2 1 1 9 2 2 2 2 2 2 1 2 9 9 2 2 1 9 2 1 2 1 2 2 9 2 2 2 2 9 9 2 2 9 1 2 9 2 1 2 2 2 2 2 2 1 2 9 2 2 2
left_child=1 3 6 5 11 12 18 8 10 19 24 16 20 14 -10 32 21 -15 36 38 27 23 29 -3 -5 40 -12 -1 -23 58 -20 -32 50 35 47 -14 -2 57 -4 -21 -7 -18 -24 -41 45 59 -46 -13 -43 -49 -8 -52 53 -34 -42 -9 61 -38 -6 -17 -45 -40
right_child=2 4 9 7 22 25 15 55 13 -11 26 34 33 17 -16 44 41 -19 30 39 -22 28 42 -25 -26 -27 -28 -29 -30 -31 31 -33 52 -35 -36 -37 37 -39 56 43 54 48 -44 60 46 -47 -48 49 -50 -51 51 -53 -54 -55 -56 -57 -58 -59 -60 -61 -62 -63
leaf_value=-1.0355684727689105 -1.2074883566291512 2.4215798108908881 -1.4799897194898333 2.5076215314519246 1.7598156654387418 -0.41323412562641981 1.0321588124512833 -1.9609399440500703 -0.1613414790096826 -1.983329089043059 2.1499890933723083 1.1458233100423685 -0.50885098198975953 0.14265089657234356 0.83500464153781417 0.25456225816911132 0.83982179064080642 -0.50898783539775327 -0.45617539658554307 -1.0925430815900499 -0.48394820697747037 1.6700664792836157 0.26296129566059107 1.4132604322512272 -0.1197012786041956 0.86680148208910524 4.4296625079713676 -1.5777605323577806 0.73497345070799236 6.3591961024712225 -1.1337338380076294 -0.61708446735788591 -1.0942699828899236 -0.96767461766395302 0.54838162933325241 0.46054886703724485 -1.2009229749244641 -1.3510404304602781 -2.2375888788540252 -1.2519922225814217 0.83055047286388728 -0.55631585757078106 3.5903850379454449 -0.12729132862636874 0.43613709460140665 0.10290410392778924 -0.58757470144646973 1.6654267461776606 0.45367403380523047 3.005283989548778 -0.92308904961748617 -0.18192872575831276 -1.1986656278567829 -0.10214234924607624 -0.071945590513536925 -0.41605462396308684 -1.5161513164474352 -0.43728260556613563 4.6441431874824621 -0.84469539258076698 -0.95545866285958148 -0.70366197730898394
leaf_weight=972 1303 1488 1252 129 109 347 40 163 559 2148 714 204 369 3959 1620 37 107 1107 497 579 399 727 139 923 826 287 654 610 1587 1814 388 438 713 128 114 448 117 126 28 142 289 140 54 188 322 155 146 897 184 814 306 345 187 103 1007 61 1195 378 1644 201 35 151
leaf_count=972 1303 1488 1252 129 109 347 40 163 559 2148 714 204 369 3959 1620 37 107 1107 497 579 399 727 139 923 826 287 654 610 1587 1814 388 438 713 128 114 448 117 126 28 142 289 140 54 188 322 155 146 897 184 814 306 345 187 103 1007 61 1195 378 1644 201 35 151
internal_value=-0.00103123 0.00475953 -0.0138983 0.000153573 0.0109175 -0.00403375 -0.00888889 0.00223583 0.00259116 -0.0189652 0.00663156 0.00885156 -0.00691362 0.00128656 0.00420849 -0.0054828 0.00740454 9.84446e-06 -0.0115462 -0.0166107 -0.00921515 0.00808481 0.0148419 0.00995256 0.00112213 0.000310398 0.0104303 -0.0107886 0.00603782 0.0153291 -0.00831448 -0.0106079 -0.00777843 -0.00190501 0.0124877 -0.000518293 -0.013726 -0.0101362 -0.0180867 -0.0124076 -0.000774605 0 0.00548469 -0.00808424 -0.000896991 -0.00424877 0.0018711 0.0130474 -0.00267062 0.0137906 -0.0043679 -0.005237 -0.00991634 -0.00860806 0.000420168 -0.0125551 -0.0159768 -0.00758032 0.013283 -0.00796813 -0.00387168 -0.00794271
internal_weight=37113 25593 11520 14648 10945 4856 5802 9792 9568 5718 2323 7185 2926 7245 2179 2555 5156 5066 3247 3570 1981 4725 3760 2411 955 1930 1368 1582 2314 3567 1323 826 1694 945 2029 817 1924 621 2626 944 1643 431 193 365 861 393 468 1915 324 1711 691 651 1003 816 1296 224 1374 495 1753 238 223 179
internal_count=37113 25593 11520 14648 10945 4856 5802 9792 9568 5718 2323 7185 2926 7245 2179 2555 5156 5066 3247 3570 1981 4725 3760 2411 955 1930 1368 1582 2314 3567 1323 826 1694 945 2029 817 1924 621 2626 944 1643 431 193 365 861 393 468 1915 324 1711 691 651 1003 816 1296 224 1374 495 1753 238 223 179
cat_boundaries=0 1 2 4 5 7 9 10 12 13 14 16 18 20 22 23 25 26 27 29
cat_threshold=1520 896 2189594922 5676 996 857243793 50315 786449 16384 1 2148565023 33335 1804 1932 2684653648 17968 318804320 340066 2181070848 656 813695140 344065 2405 320929856 5152 2071 768 2331648 4096
is_linear=0
shrinkage=0.05


Tree=12
num_leaves=63
num_cat=8
split_feature=15 20 21 21 20 17 21 14 2 2 2 21 7 8 15 18 8 2 16 21 20 20 16 17 2 7 20 20 21 19 8 20 6 23 2 16 11 17 20 11 19 2 17 20 15 7 16 23 21 18 22 23 22 17 22 7 21 2 7 15 21 6
split_gain=1039.95 270.445 139.095 61.4873 72.4089 41.8994 32.1111 24.1359 20.7147 17.1606 16.4363 15.8574 14.0775 11.8846 11.829 10.5931 9.32943 8.79161 7.39815 7.33731 6.97485 6.29831 6.07618 6.00971 5.99712 5.73664 5.71513 5.65128 7.08151 5.45478 4.71959 4.6383 4.6119 4.2324 4.15001 4.01951 3.99817 3.83694 3.53003 3.51496 3.48662 3.45991 4.98104 3.3804 3.34067 3.29369 3.15909 3.01966 2.85032 2.81874 2.80022 2.7726 2.71081 2.68225 2.63148 2.4306 2.39683 2.36131 3.81863 2.32308 2.27405 2.16792
threshold=4.5000000000000009 143.50000000000003 51.511904761904766 103.29285714285716 1.0000000180025095e-35 1.8686466400402952 76.348484848484858 2.5000000000000004 0 1 2 119.05555555555557 690.69000000000017 524.68000000000018 9.5000000000000018 0.2248390793765728 967.1400000000001 3 1.5000027216611571 182.77500000000003 269.50000000000006 117.50000000000001 2.2828038465605913 1.1257198383115916 4 410.33500000000009 73.500000000000014 39.500000000000007 127.08333333333336 3572.6550000000007 303.13500000000005 322.50000000000006 1734.8500000000001 5.5000000000000009 5 1.8000010583951911 3294.0250000000005 1.6615242494221736 77.500000000000014 1984.1050000000002 3106.7700000000004 6 0.90418370714450924 143.50000000000003 5.5000000000000009 529.10500000000013 1.6509751525707292 3.5000000000000004 172.10000000000002 0.43284814592363258 67.70149760280286 2.5000000000000004 36.892152981655187 0.93985599767854022 18.304404303666043 603.19500000000016 44.51315789473685 7 908.1350000000001 1.5000000000000002 160.53571428571431 5279.9100000000008
decision_type=2 2 2 2 2 2 2 2 1 1 1 2 2 2 2 2 2 1 2 2 2 2 2 2 1 2 2 2 2 2 2 2 2 2 1 2 2 2 2 2 2 1 2 2 2 2 2 2 2 2 2 2 2 2 2 2 2 1 2 2 2 2
left_child=1 3 14 4 8 11 10 9 29 18 30 20 33 26 22 40 24 53 -6 25 23 -11 56 59 46 -7 48 -19 -29 49 -4 54 -17 38 -9 37 45 -14 -12 60 -10 42 -13 -35 -18 -26 55 -25 50 -1 -5 -22 -24 -15 -27 -8 -2 58 -58 -3 -28 -55
right_child=2 5 6 13 7 19 16 34 15 21 12 41 35 17 -16 32 44 27 -20 -21 51 -23 52 47 36 31 39 28 -30 -31 -32 -33 -34 43 -36 -37 -38 -39 -40 -41 -42 -43 -44 -45 -46 -47 -48 -49 -50 -51 -52 -53 -54 61 -56 -57 57 -59 -60 -61 -62 -63
leaf_value=-0.28034985911220645 -1.6483452570154278 2.8005805840295666 -1.3376514882975963 -0.097022119894701581 -0.51029543527604138 2.2316868051766838 -0.48408572718247173 -1.7000973020564452 1.0454415043000787 -0.82319144055875959 -1.1204351985372007 -1.9641950409054738 -0.88713732272236356 -0.37132980664373538 -1.8841626345909064 1.3929873991547019 0.59897335601055635 -0.2086004562429544 0.030678344934716509 4.3608052092437815 4.3077383514786778 -0.11756993383393066 -1.2526730339929537 1.1530504291824599 -0.71472505002334685 3.0591057295552808 0.33856376632567625 0.1493534709579489 1.4996163443223409 -1.2082629752932861 -0.027054620736081961 7.5426658615103008 3.6656793825728005 -1.1431287755993644 -0.57640988174426011 -0.41135745990640804 -0.96320658371681178 -0.52258724653511734 -0.5507915955043885 -0.23792674494520868 -0.76025153081159902 2.0810185777468067 1.2389375282727344 0.50763352160233033 -0.9355217835754126 -0.020576225906052771 0.51625776490861142 0.21622807505894992 1.0191415217328961 1.1493386318155381 -1.3143705505207777 0.13831236656504836 0.026082985665205529 1.7430114843062974 2.0262835119656479 0.6499109819880069 -0.80192413259385165 -1.3086614179899927 0.050439268167270512 -0.20463626552604383 1.6038209758362312 -0.39525189276493222
leaf_weight=571 1617 70 119 410 1027 548 173 493 359 2720 424 49 384 35 2102 175 305 355 2472 2079 299 565 496 719 673 1326 844 706 995 60 476 874 1015 1962 125 549 254 151 204 204 69 1832 547 22 80 255 174 430 293 214 168 52 42 1035 734 27 295 677 59 609 484 31
leaf_count=571 1617 70 119 410 1027 548 173 493 359 2720 424 49 384 35 2102 175 305 355 2472 2079 299 565 496 719 673 1326 844 706 995 60 476 874 1015 1962 125 549 254 151 204 204 69 1832 547 22 80 255 174 430 293 214 168 52 42 1035 734 27 295 677 59 609 484 31
internal_value=-0.00105952 0.00455442 -0.0135338 0.00037756 -0.00198875 0.0108839 -0.00845229 -0.0044632 0.00542376 -0.00358774 -0.0108698 0.00732646 -0.0121057 0.00458386 -0.0195048 0.00870632 -0.00307356 0.00660601 -0.0011176 0.0138165 0.00418194 -0.00617799 -0.0174663 0.00289459 -0.00481078 0.0123242 0.0019015 0.00454326 0.00576585 -0.000903263 -0.00283717 0.0132278 0.0111903 -0.0141491 -0.0139291 -0.00722171 -0.0065272 -0.0103625 -0.0102219 0.00374593 0.00185615 0.0101193 0.00615764 -0.0153498 0.00380155 -0.00494092 0.000645995 0.00509983 -0.00128719 0.000158629 -0.00335628 0.0106638 -0.0121996 0.0102558 0.0118032 -0.00344828 -0.0185025 -0.016175 -0.0108992 -0.000769795 0.00469572 0.0108045
internal_weight=37113 25593 11520 15425 9865 10168 6232 7402 2463 6784 4291 4607 3696 5560 5288 1618 1941 3157 3499 5561 2179 3285 3186 1828 1556 3482 2403 2056 1701 845 595 2934 1190 2612 618 1084 1182 535 628 1532 428 2428 596 1984 385 928 374 1149 871 785 578 351 538 1101 2060 200 2648 1031 354 679 1328 1066
internal_count=37113 25593 11520 15425 9865 10168 6232 7402 2463 6784 4291 4607 3696 5560 5288 1618 1941 3157 3499 5561 2179 3285 3186 1828 1556 3482 2403 2056 1701 845 595 2934 1190 2612 618 1084 1182 535 628 1532 428 2428 596 1984 385 928 374 1149 871 785 578 351 538 1101 2060 200 2648 1031 354 679 1328 1066
cat_boundaries=0 1 2 3 4 5 6 7 8
cat_threshold=17 910 768 960 1920 496 1553 780
is_linear=0
shrinkage=0.05


Tree=13
num_leaves=63
num_cat=25
split_feature=15 20 21 21 20 21 21 20 20 2 2 7 15 2 20 2 8 7 1 2 21 11 1 1 2 21 1 21 15 1 16 2 1 16 1 1 1 1 8 1 20 2 21 19 1 23 20 9 16 1 20 15 7 2 6 11 20 2 22 1 7 2
split_gain=986.072 250.478 138.328 57.4443 67.3859 30.3118 28.6153 22.1228 19.4564 17.9536 15.3428 13.4157 13.1282 10.8443 10.604 9.71268 9.31181 9.00988 8.88758 7.54993 7.5216 7.22218 7.22188 6.39983 6.35339 6.14679 6.0291 5.97035 5.82348 5.79203 5.79025 5.17356 5.3954 5.81157 5.09252 4.82983 4.75238 4.75193 4.64117 4.30903 4.03702 4.91225 3.82044 3.79169 3.7411 3.68149 3.45191 3.31343 3.30199 3.28871 3.05273 2.96242 2.92457 2.90405 2.87392 2.7625 2.6365 2.59844 3.10604 2.51694 2.51108 2.45198
threshold=4.5000000000000009 143.50000000000003 51.511904761904766 101.90454545454547 1.0000000180025095e-35 76.348484848484858 181.12500000000003 68.500000000000014 250.50000000000003 0 1 690.69000000000017 9.5000000000000018 2 84.500000000000014 3 720.5200000000001 661.34500000000014 4 5 81.7638888888889 792.47500000000014 6 7 8 7.5000000000000009 9 130.70833333333334 2.5000000000000004 10 2.1513994878699481 11 12 1.0003538922897268 13 14 15 16 1159.365 17 260.50000000000006 18 78.759615384615401 1425.9550000000002 19 4.5000000000000009 143.50000000000003 495.65500000000009 1.8000010583951911 20 77.500000000000014 5.5000000000000009 173.06000000000003 21 2501.0100000000007 1260.9950000000003 200.50000000000003 22 18.816477594037995 23 923.97500000000014 24
decision_type=2 2 2 2 2 2 2 2 2 1 1 2 2 1 2 1 2 2 9 1 2 2 9 9 1 2 9 2 2 9 2 1 9 2 9 9 9 9 2 9 2 1 2 2 9 2 2 2 2 9 2 2 2 1 2 2 2 1 2 9 2 1
left_child=1 3 12 4 9 10 8 13 17 36 35 45 30 28 31 22 23 29 -17 44 -15 34 -9 53 49 -10 -13 59 -6 56 57 32 -5 -34 -11 -4 -1 -33 42 -18 41 -8 -27 -38 -16 50 -47 -29 -28 -19 -12 -25 -46 -7 -31 -43 -3 58 -2 -21 -60 -23
right_child=2 6 5 14 7 16 40 15 25 21 11 26 -14 20 19 18 39 24 -20 27 -22 61 -24 51 -26 38 48 47 -30 54 -32 37 33 -35 -36 -37 43 -39 -40 -41 -42 55 -44 -45 52 46 -48 -49 -50 -51 -52 -53 -54 -55 -56 -57 -58 -59 60 -61 -62 -63
leaf_value=1.8080340634289465 -1.3043844940565563 -0.5626629510304586 -1.0668756565334363 0.1037825462193851 0.28388729496736681 0.17573028484163161 3.270231403547724 0.25743452560226959 6.4631706787836665 -0.29757798416879311 -0.99518913444302237 0.093261883483024027 -1.789954502861361 -1.281339239930313 0.19513839370002978 0.18023359822420632 -0.17917919102934904 0.23671641618337205 -0.5352388067228987 0.68991632330132413 -0.14402749464505576 2.2737972567772089 -0.35382931381755967 -0.60304827546734074 2.0248540876473853 -0.38897306988627528 -0.87545775476398691 0.5206680389932824 -0.64208454466701859 1.1230226877561689 -1.1623711557079817 -0.56912117619754987 -0.44072543946908987 1.7286190032993873 2.1247194816893944 -0.0076751727029733992 0.4836402654866177 0.38916260235269751 3.730734651668806 0.29316855286143734 5.6977041045542522 1.8263555684450297 2.5217106640206719 -0.84665769428159554 -0.45128052279822661 -1.0881389210744321 0.48225184552221378 1.5042214707548809 -0.50513460485210337 0.86328378491127467 -0.29931377938534143 -1.226345963833424 1.6262015209306506 -0.39440436964596942 0.21759216866496162 2.4723661266464703 1.3188089761197717 -1.4532778908389732 -1.1264575188285613 0.023675109180074119 -0.30820473562619743 4.1858047487518197
leaf_weight=111 546 224 135 559 354 150 682 1330 1419 239 265 206 2102 1762 108 478 298 225 1646 126 243 195 637 401 1260 110 449 506 822 1730 603 520 98 471 625 460 282 671 179 351 1238 481 684 452 40 2170 26 768 429 759 151 145 895 596 433 661 83 1613 350 928 74 559
leaf_count=111 546 224 135 559 354 150 682 1330 1419 239 265 206 2102 1762 108 478 298 225 1646 126 243 195 637 401 1260 110 449 506 822 1730 603 520 98 471 625 460 282 671 179 351 1238 481 684 452 40 2170 26 768 429 759 151 145 895 596 433 661 83 1613 350 928 74 559
internal_value=-0.00109185 0.00437471 -0.0132387 0.000354874 -0.00197422 -0.00817161 0.010466 -0.00439863 0.00870024 0.00516018 -0.0105205 -0.0117147 -0.019193 -0.00752984 0.00434744 -0.00194797 -0.00294496 0.00680517 -0.0042817 0.00614256 -0.00977453 0.00821582 0.000568182 -0.00540541 0.00912328 0.0124008 -0.00694572 0.00444255 -0.00353238 0.00467044 -0.0170586 0.00171189 0.00411919 0.00751718 0.0050173 -0.00275493 -0.000728438 -0.000560631 0.00914447 0.00187883 0.0145351 0.0128626 0.00734003 -0.00227577 0.00973011 -0.0137094 -0.0145748 0.00677369 -0.00869809 0.0057673 -0.00894988 -0.00948122 0.0107859 -0.00217391 0.00557215 0.010303 -0.00164063 -0.0181458 -0.0148016 0.00160833 -0.0112412 0.011889
internal_weight=37113 25593 11520 15425 9735 6232 10168 7272 7106 2463 4291 3696 5288 3181 5690 4091 1941 4714 2124 3371 2005 1618 1967 1292 2244 2392 1084 2328 1176 2470 3186 2319 1128 569 864 595 845 1191 973 649 3062 1824 794 734 1043 2612 2196 1274 878 984 416 546 935 746 2163 1142 307 2583 970 1054 424 754
internal_count=37113 25593 11520 15425 9735 6232 10168 7272 7106 2463 4291 3696 5288 3181 5690 4091 1941 4714 2124 3371 2005 1618 1967 1292 2244 2392 1084 2328 1176 2470 3186 2319 1128 569 864 595 845 1191 973 649 3062 1824 794 734 1043 2612 2196 1274 878 984 416 546 935 746 2163 1142 307 2583 970 1054 424 754
cat_boundaries=0 1 2 3 4 6 7 9 11 12 14 16 17 19 21 23 25 27 29 30 32 34 35 36 38 39
cat_threshold=17 768 2830 906 77088256 107677 960 823705817 279179 2719089681 283264 2067 2181595393 266241 8794408 4136 964 2685669404 266769 41975832 279169 2147487744 4608 786452 16384 546345536 361633 2952790216 98304 480 2147491912 1025 2149580800 348305 1792 780 266496 295937 32
is_linear=0
shrinkage=0.05


Tree=14
num_leaves=63
num_cat=13
split_feature=15 20 21 21 20 17 21 20 21 3 21 7 21 15 20 7 1 8 18 1 19 1 7 17 1 20 18 8 20 20 17 17 7 7 21 1 16 1 21 17 1 22 15 1 15 22 19 16 17 21 19 1 10 10 19 21 19 1 1 16 1 17
split_gain=918.025 230.416 134.577 47.985 53.1834 41.8154 27.5143 24.5719 18.9805 14.6759 13.7041 13.2168 11.2565 13.2476 9.55584 9.0039 8.59068 8.45845 7.79089 7.40663 7.35131 7.25379 7.12573 6.37322 6.36102 6.24446 6.18011 5.81144 5.65841 5.13235 5.02659 4.93399 4.5842 4.53684 4.41814 4.25143 3.99494 3.96442 3.66889 3.52561 3.11748 3.18293 3.07145 3.03804 2.96864 2.95336 2.83195 2.77915 2.65939 2.63082 2.60081 2.58021 2.50833 2.41106 2.35766 2.32121 2.65658 2.24688 2.14896 2.13846 2.08332 2.0731
threshold=4.5000000000000009 134.50000000000003 51.02272727272728 116.05555555555557 1.0000000180025095e-35 1.8686466400402952 76.348484848484858 64.500000000000014 127.08333333333336 0 37.051315789473691 690.69000000000017 75.788888888888906 2.5000000000000004 233.50000000000003 524.85000000000014 1 720.5200000000001 0.25349665986322739 2 3572.6550000000007 3 719.94500000000016 2.0099107839442456 4 32.500000000000007 0.36051757879871787 582.12500000000011 269.50000000000006 99.500000000000014 2.0899038115743571 0.91366865059978819 340.54500000000007 719.94500000000016 160.53571428571431 5 1.941185080549509 6 104.05000000000001 1.2585155410019777 7 61.521990730528053 7.5000000000000009 8 5.5000000000000009 6.0964317284530036 45.204999999999934 1.7506055439321841 1.5238170145698593 98.045454545454561 2825.1550000000007 9 360.22500000000008 270.04000000000008 643.27999999999986 167.08333333333334 1352.4550000000002 10 11 1.6985419622709628 12 1.0296196586129023
decision_type=2 2 2 2 2 2 2 2 2 1 2 2 2 2 2 2 9 2 2 9 2 9 2 2 9 2 2 2 2 2 2 2 2 2 2 9 2 9 2 2 9 2 2 9 2 2 2 2 2 2 2 9 2 2 2 2 2 9 9 2 9 2
left_child=1 3 10 4 9 8 11 12 21 20 29 30 13 -6 33 34 38 24 53 -13 35 -3 42 -18 48 -17 60 -14 31 -2 32 -23 -4 50 40 -1 -34 -19 -9 46 41 -5 -12 -10 -26 -30 -27 -21 49 -8 58 -28 -42 -11 -39 56 -35 -20 -7 -50 -16 -49
right_child=2 5 6 15 7 14 17 16 43 18 22 19 27 -15 26 25 23 37 57 47 -22 28 -24 -25 44 39 51 -29 45 -31 -32 -33 36 55 -36 -37 -38 54 -40 -41 52 -43 -44 -45 -46 -47 -48 61 59 -51 -52 -53 -54 -55 -56 -57 -58 -59 -60 -61 -62 -63
leaf_value=2.2461306264371403 -1.7504567777182929 -0.69496352541593964 -1.2462509482068229 -0.012338857389605452 -0.858031955190522 2.1699261622060817 -0.76748232513913239 -0.00041958992834985055 1.4213392717216415 -0.49144485321292386 -1.1491482202749423 0.22549510272791196 -0.65009115757836544 -1.2675564140559759 5.7940688636299091 -0.096154773792184761 -0.40934456959926746 -0.15246782961509064 2.5828457163608203 -0.79363852050614314 -1.2551121280449422 -0.19178145347969355 -0.83034665660192108 0.016190600237479914 -0.56636205472191037 0.74232044353499804 3.7127694381093579 0.42169799749438969 3.9801050000571752 -0.36735420959092696 0.083165211156078556 0.63608038033342496 -0.89676849265540926 2.2724254829375554 1.3138201813232329 0.084244781040740693 -0.61679129131614729 0.42395813984230063 0.37284421518557381 1.5600537391208669 -0.92782646789279477 -1.2522251727018636 -1.4679168607326041 1.7603941058464558 -1.2109121232980251 0.30834152876574594 -0.43482982479911814 -0.71154549320644134 -0.085824325863963935 0.11472990014569398 -0.3977684562413657 5.4308655961821879 0.4061184287723304 1.4325931859675067 -0.45409961913964952 2.8088545564690848 0.74748317800126507 4.1054053930481063 1.0672565845460305 1.5396318224661962 3.3488009817753084 -0.23544230434874436
leaf_weight=220 2387 222 1172 246 1297 701 387 1802 649 86 841 224 526 1139 333 233 1854 308 100 544 81 462 752 838 383 224 367 373 268 36 65 1767 1291 644 953 942 579 291 403 1406 73 118 1167 1761 141 69 100 204 229 94 33 1930 600 354 50 581 113 680 434 58 611 317
leaf_count=220 2387 222 1172 246 1297 701 387 1802 649 86 841 224 526 1139 333 233 1854 308 100 544 81 462 752 838 383 224 367 373 268 36 65 1767 1291 644 953 942 579 291 403 1406 73 118 1167 1761 141 69 100 204 229 94 33 1930 600 354 50 581 113 680 434 58 611 317
internal_value=-0.00113226 0.00414225 -0.0128526 3.75401e-05 -0.00169892 0.00962961 -0.00794558 -0.00363084 0.00635455 0.00473439 -0.0188344 -0.0101387 -0.00694278 -0.00871259 0.0125783 0.00474596 -0.00136224 -0.00294496 0.00859692 -0.0057856 0.000816083 0.00351129 -0.0163047 -0.00325323 -0.00528958 0.00715921 0.0144189 -0.00207871 0.00426522 -0.0216715 -0.0119212 0.00332661 -0.0122167 0.0101634 0.00233317 0.00188841 -0.0105446 0.00164877 0.000935528 0.00819388 2.40385e-05 -0.0035809 -0.0179264 0.00961459 -0.00949721 0.0103676 0.00321101 -0.00749072 -0.0021767 -0.0044938 0.00772844 0.0158804 0.00207726 0.00316027 0.00529661 0.0122297 0.0100987 0.0116858 0.00815026 0.00146552 0.0107709 -0.00472328
internal_weight=37113 25593 11520 14648 10695 10945 6337 8232 5198 2463 5183 4396 3335 2436 5747 3953 4897 1941 1220 1289 1243 2788 2760 2692 1292 1963 3241 899 2566 2423 3107 2229 3042 2506 1990 1162 1870 649 2205 1730 1037 364 2008 2410 524 337 324 1065 768 481 1168 2297 673 440 341 1338 757 780 1135 287 944 521
internal_count=37113 25593 11520 14648 10695 10945 6337 8232 5198 2463 5183 4396 3335 2436 5747 3953 4897 1941 1220 1289 1243 2788 2760 2692 1292 1963 3241 899 2566 2423 3107 2229 3042 2506 1990 1162 1870 649 2205 1730 1037 364 2008 2410 524 337 324 1065 768 481 1168 2297 673 440 341 1338 757 780 1135 287 944 521
cat_boundaries=0 1 3 5 7 9 11 13 15 17 19 21 23 25
cat_threshold=1 230508424 255129 2181615617 262145 67317824 4096 2719089681 283280 786453 81952 2952790216 98305 2150765010 331777 2208449804 1331257 305324032 1376266 8667153 512 570982537 531 2181038275 49680
is_linear=0
shrinkage=0.05


Tree=15
num_leaves=63
num_cat=14
split_feature=15 14 21 21 21 7 21 15 21 2 7 7 15 21 7 6 2 15 8 21 2 6 2 2 7 10 7 8 11 8 21 2 2 2 21 21 23 2 16 15 22 2 14 10 8 7 2 7 8 0 7 2 7 16 21 7 22 2 6 21 23 6
split_gain=844.366 140.43 129.898 76.2927 48.2715 29.6587 23.2749 22.317 18.0627 12.9897 12.29 11.6097 11.3453 11.886 10.1045 9.41529 8.99739 8.56426 8.4242 7.97742 7.8499 7.79767 6.9635 5.94277 5.85029 5.73988 5.39037 5.3514 5.2039 5.2024 4.88419 4.60268 4.47239 4.21418 4.10221 3.94606 3.87205 3.84394 3.69359 3.52599 3.15939 3.15712 3.07521 3.07054 3.03697 2.94875 2.80867 2.80609 2.7759 2.66881 2.60017 2.58211 2.53107 2.3311 2.15365 2.57969 2.11774 2.04873 2.0114 1.98457 2.04513 1.94251
threshold=4.5000000000000009 1.5000000000000002 52.514705882352949 167.08333333333334 85.292857142857159 321.39500000000004 73.25833333333334 3.5000000000000004 38.509259259259267 0 936.58500000000015 619.82000000000005 2.5000000000000004 63.639610389610397 690.69000000000017 4496.4800000000005 1 2.5000000000000004 720.5200000000001 104.05000000000001 2 2501.0100000000007 3 4 -1.0000000180025095e-35 324.2050000000001 727.61500000000012 360.23500000000007 3236.0850000000005 443.06000000000006 210.41666666666671 5 6 7 274.16666666666669 94.527777777777786 4.5000000000000009 8 1.7142820356028439 7.5000000000000009 172.9011777451386 9 1.5000000000000002 1771.4300000000001 310.62500000000006 89.77000000000001 10 275.56500000000005 2014.5350000000001 11 220.68000000000004 12 508.99000000000007 1.5074172715619711 137.26785714285717 636.82500000000016 42.796482193948059 13 3372.3600000000001 117.06250000000001 6.5000000000000009 2501.0100000000007
decision_type=2 2 2 2 2 2 2 2 2 1 2 2 2 2 2 2 1 2 2 2 1 2 1 1 2 2 2 2 2 2 2 1 1 1 2 2 2 1 2 2 2 1 2 2 2 2 1 2 2 1 2 1 2 2 2 2 2 1 2 2 2 2
left_child=1 3 8 5 12 17 9 10 42 27 15 24 16 31 36 -7 50 23 22 32 47 -12 -8 61 -5 -25 39 -4 44 45 41 -14 -9 54 43 -19 53 -15 -16 -22 -32 -26 -2 49 -24 -6 -20 -10 58 -13 -3 -21 -52 -11 55 -31 -40 -37 -35 60 -47 -1
right_child=2 4 6 11 29 7 18 19 20 14 21 34 13 37 38 -17 -18 35 46 51 26 -23 28 25 30 -27 -28 -29 -30 33 40 -33 -34 48 -36 57 -38 -39 56 -41 -42 -43 -44 -45 -46 59 -48 -49 -50 -51 52 -53 -54 -55 -56 -57 -58 -59 -60 -61 -62 -63
leaf_value=-0.55846808662453995 -1.4230538847746514 -0.16768765444918615 -1.0976210233458346 -3.6642668673083509 -1.4697249532607146 1.0074412093052783 0.052509359087404311 0.3272317613167417 -1.5212583785101068 -0.90059125308810062 2.6938950697283577 3.0166530371221407 -0.40630868154348865 0.10799838897959263 -0.719680678440767 -0.49402513269919129 0.38540198903483686 -0.66887302197644949 0.56967070024960653 1.4945780492317398 -1.1008912371341555 0.94048371501609729 -1.0849594898766417 1.677839724321875 2.0861090507346307 -0.059415151626259544 -0.81552013872900919 0.052180188500656755 -1.0504743290330556 0.0078495172367162528 3.36899296099284 -1.4272578422233715 -0.24718280257720623 0.56057725046658258 5.6667675518486496 -0.4283576363199309 -0.99901391336900858 -0.59040323404878092 -0.53403332984909857 -1.3829836764989203 2.1318197832939036 0.81588076333850246 -1.6347725234756021 1.5606516178807723 -0.35959139731078837 -0.65952820780162191 -0.025632139892375963 -0.32343045299786372 -3.3759434659718561 1.6325198548187219 -1.2098885373255452 0.35229190678788247 -0.62905099895152439 -0.3574855453118943 2.6424415924032618 1.108715552735714 0.35764951350799523 0.12577185622759721 -0.081209246253574827 0.36452632832144904 0.35437126728964652 -2.1247537223412465
leaf_weight=197 122 148 110 64 110 6322 279 335 87 195 2089 1184 169 238 434 250 493 571 162 116 854 1347 330 870 396 644 586 386 190 187 1191 979 1121 612 573 153 1903 345 418 909 113 559 2643 394 725 227 600 319 45 129 368 650 497 178 258 231 90 506 324 447 86 55
leaf_count=197 122 148 110 64 110 6322 279 335 87 195 2089 1184 169 238 434 250 493 571 162 116 854 1347 330 870 396 644 586 386 190 187 1191 979 1121 612 573 153 1903 345 418 909 113 559 2643 394 725 227 600 319 45 129 368 650 497 178 258 231 90 506 324 447 86 55
internal_value=-0.00113496 0.00392346 -0.0123752 0.00592099 -0.00293914 0.00420907 -0.00726304 0.00530123 -0.017916 -0.00971213 0.00630806 0.0115664 -0.00698302 -0.00976067 -0.0108635 0.00501901 -0.0037442 -0.000233411 -0.0032547 0.000741573 -0.0149474 0.00875254 -0.00540275 0.00197852 0.00899613 0.00317616 -0.0160986 -0.0018664 -0.00697536 0.00222332 0.0094275 -0.0127281 -0.00140507 0.00387048 0.0141481 -0.00344688 -0.0127249 -0.00379693 -0.00640212 -0.0176246 0.0114767 0.0065501 -0.0208363 0.0127632 -0.00555293 -0.000859107 0.000980392 -0.0075179 0.00163481 0.0140008 -0.00640838 0.00487646 -0.00751728 -0.00764628 0.00689405 0.00451306 -0.00332681 -0.000717523 0.00228967 0.000196592 -0.00276899 -0.00490566
internal_weight=37113 25593 11520 19829 5764 15226 6000 12230 5520 3714 10008 4603 3237 1731 3218 6572 1506 2996 2286 2222 2755 3436 1524 1766 2323 1514 2349 496 1245 2527 2259 1148 1456 1657 2280 1230 2276 583 942 1763 1304 955 2765 1707 1055 870 762 406 981 1313 1013 766 865 373 676 418 508 659 936 760 313 252
internal_count=37113 25593 11520 19829 5764 15226 6000 12230 5520 3714 10008 4603 3237 1731 3218 6572 1506 2996 2286 2222 2755 3436 1524 1766 2323 1514 2349 496 1245 2527 2259 1148 1456 1657 2280 1230 2276 583 942 1763 1304 955 2765 1707 1055 870 762 406 981 1313 1013 766 865 373 676 418 508 659 936 760 313 252
cat_boundaries=0 1 2 3 4 5 6 7 8 9 10 11 12 13 14
cat_threshold=768 1145 768 1792 1041 514 1920 708 800 420 896 1 384 5
is_linear=0
shrinkage=0.05


Tree=16
num_leaves=63
num_cat=20
split_feature=15 14 21 17 21 21 21 21 19 2 2 21 0 15 21 5 1 1 2 1 1 19 1 17 17 17 17 15 18 1 14 17 9 1 2 17 4 1 23 5 9 5 9 19 21 10 14 1 2 15 9 1 22 5 9 6 1 19 1 4 10 22
split_gain=785.452 129.233 122.044 73.3736 44.84 35.7947 32.5953 27.4934 20.9995 17.0668 13.5568 12.2163 12.1269 11.357 11.5796 11.3874 8.88293 8.63509 7.77966 7.54992 6.78237 6.47469 6.12127 6.06019 5.82756 5.10884 4.83782 5.03951 4.80484 4.61756 4.45222 5.34586 4.41242 4.2454 4.19726 4.18418 3.99015 3.79462 3.53561 3.4312 3.33902 3.02817 2.80244 2.74359 2.71024 2.76222 2.66204 2.62422 2.60642 3.02439 2.84809 2.53743 2.49605 2.42022 3.11934 2.41034 2.3481 2.47648 2.33283 2.27742 2.27444 2.05238
threshold=4.5000000000000009 1.5000000000000002 57.519230769230781 1.4312748090620639 84.809090909090926 168.55000000000004 127.08333333333336 38.509259259259267 1712.9100000000001 0 1 79.89444444444446 2 2.5000000000000004 55.613247863247871 108.50000000000001 3 4 5 6 7 3441.485000000001 8 2.0463597758153407 1.8805658043044196 1.683931765999872 1.0024686650050745 1.5000000000000002 0.11612129556012962 9 1.5000000000000002 0.88889378883204972 623.52500000000009 10 11 2.1158028339427752 12 13 8.5000000000000018 66.500000000000014 413.35000000000014 333.50000000000006 1362.5400000000002 1700.5600000000002 77.720779220779235 1268.3250000000003 1.5000000000000002 14 15 1.5000000000000002 681.25000000000023 16 81.286940183696515 50.500000000000007 272.85000000000008 3056.7900000000004 17 2568.335 18 19 1720.7700000000004 19.012840270198492
decision_type=2 2 2 2 2 2 2 2 2 1 1 2 1 2 2 2 9 9 1 9 9 2 9 2 2 2 2 2 2 9 2 2 2 9 1 2 9 9 2 2 2 2 2 2 2 2 2 9 1 2 2 9 2 2 2 2 9 2 9 9 2 2
left_child=1 3 7 6 13 8 17 46 12 29 40 20 19 15 34 -3 28 26 -14 -5 -11 -18 39 38 -6 30 27 -1 -10 -4 31 -12 -7 55 61 -16 -26 -38 -22 -8 -9 -27 -32 -39 45 -31 -2 52 49 -19 -50 -28 -34 54 -24 -13 -17 -58 -55 -41 -49 -15
right_child=2 4 9 5 24 32 22 10 16 11 25 33 18 14 35 56 21 48 -20 -21 23 -23 53 -25 36 41 51 -29 -30 44 42 -33 47 -35 -36 -37 37 43 -40 59 -42 -43 -44 -45 -46 -47 -48 60 50 -51 -52 -53 -54 58 -56 -57 57 -59 -60 -61 -62 -63
leaf_value=1.3502254127128162 -1.3519011905359188 -0.9221935106673087 0.22020921745368582 3.0136705957046619 -0.29428010297212098 2.682250064125399 -0.44990785806384648 -1.7209610753263676 -1.4755936481459306 -0.22652434447158074 -1.0469520194566457 -0.46761215507916565 0.30317225512960633 -0.75198370876961718 -0.71040000738450648 0.79772155570121583 0.073994247235167884 2.929587745645104 1.932848739617947 1.8729087368009047 -0.70875828124091922 -0.97871271109780267 -1.3261694853823933 0.34205758836379091 1.282742371426046 -0.84577099744855255 0.043287399134270647 -0.64227181831818569 1.8969704287488647 -1.1041326255178092 -1.1849179866581963 -0.15403643442036669 2.4001975543037193 -0.0099308528057942894 -1.4299032911007297 -0.25995676457936379 -0.035328619506190866 0.91029393847969231 -0.87328731088521183 0.9318750953447662 -0.41474902214562309 0.29821828537967221 -0.99020239129419352 -0.31175614991072681 0.19735409161396192 -0.096186530484908425 -1.5530338973018218 3.7793845409662836 -0.16286714534853994 0.22222707067044853 0.25294053986421833 -0.4462094806739007 -0.9691065497563941 1.7847612945489801 0.55708829721939068 -0.93484447275289717 0.11135500623794031 -1.5276179809185859 1.2463978122219943 -0.06785055356410688 2.2256197938366529 0.56583497711581721
leaf_weight=148 122 800 385 1364 597 1336 166 59 70 353 482 494 1016 82 338 246 1119 131 899 3561 1090 142 52 88 414 317 1042 919 620 97 1451 102 83 602 785 468 794 650 1345 346 504 34 824 95 149 180 2643 1551 890 1089 456 272 34 334 268 199 400 60 1408 200 313 35
leaf_count=148 122 800 385 1364 597 1336 166 59 70 353 482 494 1016 82 338 246 1119 131 899 3561 1090 142 52 88 414 317 1042 919 620 97 1451 102 83 602 785 468 794 650 1345 346 504 34 824 95 149 180 2643 1551 890 1089 456 272 34 334 268 199 400 60 1408 200 313 35
internal_value=-0.00117402 0.00370468 -0.0120151 0.00562097 -0.00287845 0.00805053 0.00180282 -0.0165112 0.00636514 -0.00609829 -0.0136719 -0.0073793 0.00767207 -0.00680758 -0.00961426 -0.00357853 0.00175281 -0.000621212 0.00423618 0.00899452 -0.00922195 -0.00072606 0.00613972 -0.0101242 0.0020564 -0.0149395 -0.00278822 -0.00530374 0.00625889 0.000515777 -0.0157145 -0.011414 0.0124925 -0.00329353 -0.0135359 -0.00512979 0.00338701 0.00211018 -0.0106337 0.00193103 -0.00594618 -0.00882768 -0.0167801 0.0046504 -0.00296128 -0.00598214 -0.0203486 0.0140751 0.0013765 0.00304136 -0.000110375 -0.000721336 0.00442308 0.00751807 0.00325077 -0.0059136 0.000987306 -0.00105708 0.00830946 0.00391621 0.0145445 -0.00288462
internal_weight=37113 25593 11520 19829 5764 12108 7721 6538 8791 4982 3773 4171 6840 3214 1708 1506 1951 4947 1915 4925 2876 1261 2774 2523 2550 3210 2381 1067 690 811 2859 584 3317 1295 902 806 1953 1539 2435 712 563 351 2275 745 426 277 2765 1981 2566 1220 1346 1314 117 2062 320 693 706 460 1742 546 1864 117
internal_count=37113 25593 11520 19829 5764 12108 7721 6538 8791 4982 3773 4171 6840 3214 1708 1506 1951 4947 1915 4925 2876 1261 2774 2523 2550 3210 2381 1067 690 811 2859 584 3317 1295 902 806 1953 1539 2435 712 563 351 2275 745 426 277 2765 1981 2566 1220 1346 1314 117 2062 320 693 706 460 1742 546 1864 117
cat_boundaries=0 1 2 3 5 7 8 10 12 14 16 18 19 20 22 24 25 27 29 31 32
cat_threshold=1792 768 1 2517369861 82088 809678190 1842754 2353 336941631 180234 272261377 17441 2150969406 1069100 537002153 278673 540053708 6177 1538 16 613715986 276096 302137600 2 1452 536907790 262658 295049 364688 67158529 33282 26
is_linear=0
shrinkage=0.05


Tree=17
num_leaves=63
num_cat=18
split_feature=14 21 17 17 21 21 14 17 19 21 21 17 17 21 17 5 0 21 1 21 1 8 2 1 2 2 22 5 21 1 1 8 5 5 2 8 21 21 22 2 22 19 21 8 2 1 2 1 23 19 1 4 19 22 8 8 8 21 8 19 17 2
split_gain=628.443 185.231 131.205 61.7465 42.8916 40.4651 32.9799 26.7 17.5783 15.6004 14.3314 14.054 13.8655 11.9203 11.0738 11.5484 10.9651 10.8882 9.46168 9.04436 8.91218 8.1699 7.74424 7.48751 7.19009 6.76992 6.65652 6.28341 6.05409 5.74404 5.50572 5.15789 5.08048 5.02612 4.3805 4.13609 4.28828 4.09135 4.15699 3.79314 3.75286 3.75223 3.66863 3.65009 3.62655 4.12988 3.06741 2.94455 2.91776 2.8991 2.84595 2.78218 2.6908 2.66849 2.64626 2.60135 2.55727 2.54185 2.78842 2.5332 2.49868 2.39695
threshold=1.5000000000000002 69.70714285714287 1.2012484113443633 1.3056376964384035 86.77500000000002 168.55000000000004 2.5000000000000004 1.8181788226775535 1668.1100000000001 46.033333333333339 15.127441244620988 0.71763517081854766 1.7830550543230326 35.019230769230781 3.1238932479627572 81.500000000000014 0 182.77500000000003 1 109.38750000000002 2 628.36500000000012 3 4 5 6 10.624763711443919 81.500000000000014 55.613247863247871 7 8 170.66 166.50000000000003 204.50000000000003 9 448.42500000000007 124.06250000000001 126.06250000000001 75.890767101070608 10 60.115067967335726 1517.8900000000001 274.16666666666669 425.72000000000003 11 12 13 14 7.5000000000000009 2320.5450000000005 15 16 2347.0050000000006 23.64095380380822 756.61500000000024 1309.5100000000004 127.55000000000001 35.019230769230781 837.36000000000013 3441.485000000001 1.4188769872585543 17
decision_type=2 2 2 2 2 2 2 2 2 2 2 2 2 2 2 2 1 2 9 2 9 2 1 9 1 1 2 2 2 9 9 2 2 2 1 2 2 2 2 1 2 2 2 2 1 9 1 9 2 2 9 9 2 2 2 2 2 2 2 2 2 1
left_child=2 3 4 9 10 8 14 29 12 57 25 61 19 -8 22 -16 26 30 54 40 -13 50 28 -21 -18 -1 -14 -20 -5 48 46 -9 55 -34 -19 36 -31 41 -39 -22 -4 47 -23 -11 -32 -46 -6 -33 60 -17 -7 -40 56 -24 -10 -15 -36 -2 -59 -29 -3 -12
right_child=1 7 5 6 17 21 13 31 18 43 11 20 16 32 15 49 24 34 27 23 39 42 53 -25 -26 -27 -28 59 -30 35 44 37 33 -35 52 -37 -38 38 51 -41 -42 -43 -44 -45 45 -47 -48 -49 -50 -51 -52 -53 -54 -55 -56 -57 -58 58 -60 -61 -62 -63
leaf_value=2.7620764750094637 -1.5535436177935069 -1.4157687791456888 0.082341023667966348 -0.75050182248615371 0.8440454791525579 2.6079257914156204 -1.5095330747501841 -1.2711512509416245 0.73506395719125028 -1.299006265459302 -1.2912121115005839 -0.75698587196884448 2.8098634834052882 -1.1844131403165419 -1.1189065376589959 0.17028943968213711 0.15318782837613548 -0.04274788531912499 -0.81952925699204615 1.318945662536251 0.077200960499148152 2.4029058709819839 -0.97142593356526918 0.46922541998055894 2.1848882389450415 -0.926219401943984 1.2044153262202912 0.48455441424399837 -0.19321690351218879 -0.86654529580928852 -0.20324682971088992 0.48747633567331194 -0.1960587400696987 -0.91937942319441612 3.8589855308854988 -0.077628969890131225 0.40273014916679134 1.8129942434017801 1.535585338065538 -0.48676570033162964 1.1504405490105101 -0.52314484617628743 5.2432441112981163 -0.85985095959090119 0.33305822505705723 -0.2518649230976216 0.14149530921162992 0.10489813495068959 -0.80016067346790443 -1.0575452063251127 1.7746767962365917 -0.26874537026555601 -0.11012738030512566 -0.76583037019509992 2.3105133507463949 -0.62301041350155095 1.340387368967467 -1.3035853872365912 -0.82055054454565135 -0.60646378708112714 -0.21952303847804588 -0.83237242400617228
leaf_weight=283 1214 187 1542 515 256 647 1028 157 518 661 354 502 3100 692 522 840 696 116 585 963 622 1621 585 900 830 156 729 896 625 532 831 221 264 527 250 876 66 594 132 597 186 231 578 890 1040 425 303 1185 353 161 992 235 45 461 294 115 152 862 274 82 264 753
leaf_count=283 1214 187 1542 515 256 647 1028 157 518 661 354 502 3100 692 522 840 696 116 585 963 622 1621 585 900 830 156 729 896 625 532 831 221 264 527 250 876 66 594 132 597 186 231 578 890 1040 425 303 1185 353 161 992 235 45 461 294 115 152 862 274 82 264 753
internal_value=-0.00116055 -0.00894284 0.00427748 -0.012804 -0.00155129 0.00685101 -0.00973099 -0.00107724 0.00533601 -0.0177702 -0.00564985 -0.00695867 0.00635267 -0.0140358 -0.00666083 -0.00332569 0.00797406 0.00235311 0.00148234 0.00391625 -0.00407483 0.0112991 -0.00895386 0.00633708 0.00431655 0.00265837 0.00941414 -0.000777284 -0.00581093 -0.00508549 0.00107593 0.00222081 -0.0112117 -0.00815491 0.00870141 -0.00309348 -0.0063228 0.00276817 0.00536826 -0.00164367 0.00127094 0.00120427 0.0133401 -0.0137227 0 0.00147158 0.00546329 0.00220014 -0.00850673 -0.000124502 0.00851096 0.00101351 0.0108152 -0.0121341 0.00581818 -0.0141049 0.0123457 -0.0203995 -0.0182616 0.00163099 -0.00567181 -0.0113739
internal_weight=37113 15269 21844 10236 6685 15159 6335 5033 11321 3901 3267 2828 8946 2626 3709 1523 5355 3418 2375 3591 1721 3838 2186 1863 1526 439 3829 1563 1140 2278 2855 2755 1598 791 563 1474 598 2598 961 1219 1728 1637 2199 1551 2296 1465 559 1406 804 1001 1639 367 447 1046 812 807 402 2350 1136 978 451 1107
internal_count=37113 15269 21844 10236 6685 15159 6335 5033 11321 3901 3267 2828 8946 2626 3709 1523 5355 3418 2375 3591 1721 3838 2186 1863 1526 439 3829 1563 1140 2278 2855 2755 1598 791 563 1474 598 2598 961 1219 1728 1637 2199 1551 2296 1465 559 1406 804 1001 1639 367 447 1046 812 807 402 2350 1136 978 451 1107
cat_boundaries=0 1 3 5 6 8 9 10 12 14 15 16 17 19 20 22 24 25 26
cat_threshold=1 2248934405 213152 286265359 365058 1806 756597273 102545 2321 2092 2214596780 596096 60572692 32786 657 918 3145 603980170 83585 2500 655617 90129 2181595267 17922 18 195
is_linear=0
shrinkage=0.05


Tree=18
num_leaves=63
num_cat=5
split_feature=15 21 21 14 17 21 21 15 7 7 7 21 21 7 6 6 13 16 21 10 3 21 7 0 7 10 3 17 21 11 17 17 16 17 14 17 10 17 11 7 22 22 3 7 10 7 6 17 17 7 11 23 10 17 3 15 6 16 17 14 11 16
split_gain=666.304 113.41 111.391 75.1353 40.4152 34.4552 17.9704 15.5939 14.1809 14.0833 10.6137 10.0779 9.79093 9.3186 8.13141 7.66309 7.55042 7.36368 7.16296 6.91457 6.83001 6.43101 5.56098 5.50249 5.24662 4.98738 4.87107 4.42844 4.13284 4.01118 4.00885 3.65101 4.03542 3.64213 3.48558 3.4384 3.38744 3.22174 3.20562 3.09495 4.49335 3.16554 2.96986 2.91624 3.18862 2.79085 2.76912 2.69589 2.57486 2.40057 2.33497 2.32626 2.89523 2.27526 3.31161 2.18801 2.12259 2.10043 2.00485 1.98869 1.92613 1.91128
threshold=4.5000000000000009 44.51315789473685 137.26785714285717 1.5000000000000002 1.4697032788760447 68.677083333333357 70.035714285714292 2.5000000000000004 964.53000000000009 619.82000000000005 502.85500000000008 101.90454545454547 35.019230769230781 585.61000000000013 3056.7900000000004 2501.0100000000007 1.5000000000000002 1.5516938542463803 215.70833333333334 935.75000000000011 0 199.45000000000002 619.82000000000005 1 744.02500000000009 1.0000000180025095e-35 2 0.91366865059978819 47.861904761904768 3101.4400000000001 1.7523699198429232 0.85976471514372521 2.3999564551245647 1.4117718927051073 1.5000000000000002 1.8088111978570265 1378.8700000000001 2.0381009370404719 2893.4450000000006 -1.0000000180025095e-35 185.46192241195732 55.319081249243339 3 310.62500000000006 1020.8750000000001 908.1350000000001 4168.3500000000013 2.2953307678907442 1.3333348021374041 172.32500000000002 275.56500000000005 10.500000000000002 436.17500000000007 1.346441026743548 4 7.5000000000000009 2501.0100000000007 1.4999973398689803 1.1748550686185089 1.0000000180025095e-35 7257.6000000000013 1.0000022038956062
decision_type=2 2 2 2 2 2 2 2 2 2 2 2 2 2 2 2 2 2 2 2 1 2 2 1 2 2 1 2 2 2 2 2 2 2 2 2 2 2 2 2 2 2 1 2 2 2 2 2 2 2 2 2 2 2 1 2 2 2 2 2 2 2
left_child=2 12 3 4 11 10 7 20 14 21 48 25 -2 29 19 23 18 38 -11 -6 -5 36 33 -10 35 50 -17 -27 -9 43 34 56 -33 55 45 -8 53 -30 -12 41 -41 -23 -13 -7 -45 -15 -16 -18 51 -22 -1 52 -3 59 -55 -14 -19 -26 -44 -4 -36 -37
right_child=1 5 9 6 8 13 24 28 15 16 17 42 22 30 46 26 47 31 -20 -21 49 39 -24 -25 57 27 -28 -29 37 -31 -32 32 -34 -35 60 61 -38 -39 -40 40 -42 -43 58 44 -46 -47 -48 -49 -50 -51 -52 -53 -54 54 -56 -57 -58 -59 -60 -61 -62 -63
leaf_value=-0.064258787166198775 -1.4758664369038315 -0.54909853185918045 1.8825239504295093 -0.92465269680959716 1.6734581311612307 -0.79100141521711087 -0.84603996586374075 -1.3193129438505942 3.53068839898163 1.6254235920802502 0.12291049678081621 1.0018208709037013 -0.96239322014900786 -0.23476960281504802 0.18741693474064186 -0.050621886849963008 2.355483317015596 -0.45851210974260326 3.7198032146783384 0.12094527445765807 0.8068817548256022 -3.8421924429655849 -0.77470234774947544 0.71884561397944191 -0.19507685005311615 -0.67018304893669767 1.4234400468223058 -0.12445056390592342 -1.0063007627048504 -0.91991937547159641 0.78443153101791696 -0.56999871323177198 0.059209153497673132 -1.1426758382916309 -0.23359917705325017 -1.2894702901739636 -0.43882572298592959 -0.48669614774740211 -0.7592962814899753 2.6635511033398576 0.79212889021713417 4.6038776920031745 -0.010173511663629854 0.22083003184527641 -0.3677327656886103 0.49317292180281386 -0.56803274046592944 -3.7047091188819046 -0.72753885168534471 -0.25758103315512954 2.7910436866732229 -1.1098295277112917 -0.94608053991632923 2.2499875610017899 0.89269803355139465 -1.2773855685174063 -1.0991263765257757 0.70286542689500853 0.49156315464267597 0.18499849172013613 -0.84337766293052496 0.0019669425598593192
leaf_weight=129 2014 53 206 607 3376 635 347 676 1329 2173 62 507 185 175 762 306 64 153 1298 783 113 34 593 241 99 903 623 2115 188 279 245 650 314 349 513 97 154 463 956 1602 147 39 955 220 652 175 198 78 795 785 148 763 763 306 843 779 144 458 850 666 53 925
leaf_count=129 2014 53 206 607 3376 635 347 676 1329 2173 62 507 185 175 762 306 64 153 1298 783 113 34 593 241 99 903 623 2115 188 279 245 650 314 349 513 97 154 463 956 1602 147 39 955 220 652 175 198 78 795 785 148 763 763 306 843 779 144 458 850 666 53 925
internal_value=-0.00123599 -0.011221 0.00325734 0.00110781 0.00304846 -0.00764172 -0.00427431 -0.00680776 0.00541924 0.00832786 -0.0103254 -0.000164884 -0.0181366 -0.00338136 0.00389008 0.00852318 0.0106126 -0.00781113 0.0110751 0.00484743 -0.00326592 0.00624375 -0.0154007 0.0106802 -0.000518403 -0.00194815 0.0048015 -0.00254882 -0.0107707 -0.00564561 6.4433e-05 -0.00516218 -0.00356774 -0.0173062 -0.00141458 -0.00220481 0.00435032 -0.00768349 -0.0110186 0.00846575 0.00888984 -0.000986842 0.00235421 -0.00455298 -0.00257143 0.00240793 -0.000207684 -0.000344828 -0.0127051 -0.000384193 0.004375 -0.0139855 -0.0117827 0.00490366 0.00640191 -0.0190279 -0.0100833 0.00352679 0.00133388 0.00285714 -0.00386643 -0.000682927
internal_weight=37113 11520 25593 17983 13225 7600 4758 2832 7618 7610 4653 5607 3920 2947 5119 2499 3613 2279 3471 4159 1505 3997 1906 1570 1926 3295 929 3018 1327 1786 1161 1261 964 1313 916 1369 2175 651 1018 1822 1749 73 2312 1507 872 350 960 142 2374 898 277 1579 816 2021 1149 964 297 557 1805 872 566 1022
internal_count=37113 11520 25593 17983 13225 7600 4758 2832 7618 7610 4653 5607 3920 2947 5119 2499 3613 2279 3471 4159 1505 3997 1906 1570 1926 3295 929 3018 1327 1786 1161 1261 964 1313 916 1369 2175 651 1018 1822 1749 73 2312 1507 872 350 960 142 2374 898 277 1579 816 2021 1149 964 297 557 1805 872 566 1022
cat_boundaries=0 1 2 3 4 5
cat_threshold=1 1 1 2 2
is_linear=0
shrinkage=0.05


Tree=19
num_leaves=63
num_cat=20
split_feature=15 14 17 21 21 21 21 19 15 2 1 17 5 2 16 1 21 15 23 6 5 1 19 1 9 2 1 1 17 15 17 17 1 16 17 17 2 1 2 2 21 5 17 23 11 16 5 21 1 2 1 17 1 11 6 16 1 18 17 23 2 16
split_gain=625.955 139.062 75.6887 54.267 47.8545 30.2519 27.6181 16.0911 15.2124 15.1786 10.7864 10.4616 10.4557 10.0743 9.28419 8.50124 8.37591 8.32652 8.08739 9.62188 8.16566 7.6796 6.42164 5.56392 5.25375 5.11558 4.9172 4.70908 4.12016 5.85172 4.09511 4.86538 3.97842 3.97342 3.96794 3.86472 3.7821 4.92832 3.64679 3.46459 3.42597 3.33754 3.1921 2.89878 2.89173 2.76456 2.67856 2.65127 2.55644 2.46072 2.7134 2.44324 2.41162 2.68718 2.37741 2.37589 2.35616 2.3248 2.14765 2.08041 2.07388 2.04259
threshold=5.5000000000000009 1.5000000000000002 1.3366910195307835 44.51315789473685 73.25833333333334 181.12500000000003 94.527777777777786 1425.9550000000002 2.5000000000000004 0 1 1.8181788226775535 81.500000000000014 2 1.574676793999658 3 201.70833333333334 12.500000000000002 4.5000000000000009 1734.8500000000001 73.500000000000014 4 2773.8450000000003 5 630.58000000000015 6 7 8 1.0024686650050745 1.5000000000000002 3.518417933307038e-05 0.66986026768764362 9 1.1447956351312316 0.8958494933451534 1.4934129165957402 10 11 12 13 55.613247863247871 314.50000000000006 1.1330973592228504 1.5000000000000002 1152.6950000000004 1.6910875814126198 173.50000000000003 111.06250000000001 14 15 16 2.004977408553628 17 1807.9800000000002 3372.3600000000001 1.867465748001983 18 0.11612129556012962 2.0296775808124896 3.5000000000000004 19 0.9230838505874529
decision_type=2 2 2 2 2 2 2 2 2 1 9 2 2 1 2 9 2 2 2 2 2 9 2 9 2 1 9 9 2 2 2 2 9 2 2 2 1 9 1 1 2 2 2 2 2 2 2 2 9 1 9 2 9 2 2 2 9 2 2 2 1 2
left_child=1 2 6 17 8 7 21 18 12 10 -5 32 -3 55 35 57 26 25 19 -4 -20 30 -17 -16 48 -2 38 43 29 -23 -1 -32 -6 47 -25 56 52 -38 -8 44 46 -36 -35 -26 -18 -39 -15 -34 -7 61 -51 -29 53 -13 -28 -10 -11 -9 -42 -50 -30 -14
right_child=3 4 5 9 11 24 16 15 13 14 -12 36 49 40 23 22 39 -19 20 -21 -22 28 -24 34 27 -27 54 51 60 -31 31 -33 33 42 41 -37 37 45 -40 -41 58 -43 -44 -45 -46 -47 -48 -49 59 50 -52 -53 -54 -55 -56 -57 -58 -59 -60 -61 -62 -63
leaf_value=1.0706312304280339 -1.0020731150586399 -1.0167285759355658 0.88364564750118013 -0.75801251394559732 -0.83432800273477603 2.8277101416487684 0.38478600457395662 -0.51547526987415115 -1.1180000710418951 -0.68143521958197306 0.091208004020941938 -0.7460048665246195 0.65529801850262714 -1.7876429739668194 -0.14783389947244904 0.37893690577636507 -1.3729527295760346 -1.5774894813618623 -0.28538938251946638 1.9605511870914278 1.0298651753774999 1.648351385742155 -0.69672324835887345 -0.94568054708447891 4.1812813235933559 -1.2020731150586401 0.67218670870845687 2.3483247989607072 0.10514309626275704 -0.73432876864492203 -1.0317192793781083 -0.018420624457093027 -1.0759672736048493 -1.2864353984687442 -0.74238774517536332 -0.67606512464088986 0.83506101283296352 -0.068101247522770691 -0.083806437741847623 3.0267280931570326 -0.35913786885515153 -0.050895642303290071 0.046681190801943023 1.3615252214247719 1.1448654457888281 0.96009197987836359 -0.54941060471760605 0.007750305535870439 2.0523878656753864 1.1811503277655007 0.006095426525628867 4.0045745979643375 0.33249151631093704 0.15336901899964134 0.21523188859624512 -0.92976501644338905 -0.96969892624370402 1.3248837251823546 -0.019368670485459562 -0.27137454284765855 -0.45798779304797749 -0.59724415219365667
leaf_weight=174 978 522 1825 313 337 512 1032 93 873 388 470 182 33 194 246 1417 52 815 402 4183 825 150 348 447 227 1847 889 494 271 1018 191 1250 105 87 811 507 603 486 1221 377 431 152 883 343 83 248 404 53 728 114 464 782 790 247 441 250 1216 1169 258 72 417 373
leaf_count=174 978 522 1825 313 337 512 1032 93 873 388 470 182 33 194 246 1417 52 815 402 4183 825 150 348 447 227 1847 889 494 271 1018 191 1250 105 87 811 507 603 486 1221 377 431 152 883 343 83 248 404 53 728 114 464 782 790 247 441 250 1216 1169 258 72 417 373
internal_value=-0.00123734 0.00221686 0.0043499 -0.0134383 -0.00341625 0.00660434 0.000343506 0.00527521 -0.00734881 -0.00976279 -0.00317211 0.000403827 -0.00334659 -0.0098218 -0.011078 0.00218647 0.00312958 -0.0180071 0.00655913 0.00731991 0.00278455 -0.0029289 -4.21822e-05 -0.00819771 0.0108984 -0.0166107 0.00225181 0.0126825 -0.00510968 -0.00695986 -0.000353194 -0.00126385 -0.00294619 -0.00140228 -0.00938159 -0.0133515 0.00234467 0.00416667 0.000783319 0.00912621 -0.00651923 -0.0074793 -0.000154162 0.00806175 0.00118243 0.00127175 -0.009401 -0.00869565 0.008327 -0.000253293 0.00177665 0.0145074 0.000263799 -0.00265837 0.00465376 -0.0133583 -0.0146235 0.00529412 -0.00401012 0.00608856 -0.00195369 -0.00322196
internal_weight=37113 28923 20986 8190 7937 13420 7566 10262 3916 4550 783 4021 1506 2410 3767 3027 4095 3640 7235 6008 1227 3471 1765 1656 3158 2825 3583 1846 1856 1168 1615 1441 1465 1128 1410 2111 2556 1337 2253 512 1287 963 970 570 135 734 598 158 1312 984 578 1276 1219 429 1330 1123 1604 1262 689 800 688 406
internal_count=37113 28923 20986 8190 7937 13420 7566 10262 3916 4550 783 4021 1506 2410 3767 3027 4095 3640 7235 6008 1227 3471 1765 1656 3158 2825 3583 1846 1856 1168 1615 1441 1465 1128 1410 2111 2556 1337 2253 512 1287 963 970 570 135 734 598 158 1312 984 578 1276 1219 429 1330 1123 1604 1262 689 800 688 406
cat_boundaries=0 1 3 4 6 8 10 11 13 15 17 18 20 21 22 24 25 27 29 31 32
cat_threshold=1792 2148798532 4753 2288 2521703429 246970 2225948305 213660 2458648576 262145 780 2686595242 1727117 304760640 69803 276959340 331808 2103 573569 353937 434 1617 2181595267 50194 1096 2147483656 331920 101748944 337024 2208965984 545 774
is_linear=0
shrinkage=0.05


Tree=20
num_leaves=63
num_cat=11
split_feature=14 21 17 17 21 14 21 17 7 5 17 21 21 17 17 5 21 14 21 19 2 5 16 17 7 2 19 17 7 21 21 2 21 16 19 17 17 2 9 2 10 4 16 4 16 7 12 2 2 17 19 19 4 2 18 21 7 22 22 7 21 10
split_gain=501.236 156.182 98.433 54.8944 32.9397 31.0222 30.7537 25.9229 15.1467 12.0125 11.9946 11.5815 11.4008 10.5119 10.243 10.2644 10.1447 9.62861 8.84589 8.40471 7.52238 6.98721 6.5747 7.44424 6.52573 6.50746 5.1199 4.88767 4.74615 4.63714 4.47701 4.45418 4.43303 4.13379 3.67273 3.52772 3.49094 3.35968 3.50521 3.34795 3.12359 3.18152 3.01459 2.98134 2.95087 2.89195 2.84425 2.78841 2.60141 2.49215 2.46614 2.39985 2.36781 2.3472 2.34582 2.31677 2.14311 2.31849 2.14107 2.12572 3.47577 2.11764
threshold=1.5000000000000002 66.031250000000014 1.1048000227672057 1.2333721479377482 181.12500000000003 2.5000000000000004 88.050000000000011 1.8181788226775535 283.50000000000006 73.500000000000014 2.2953307678907442 15.127441244620988 32.257352941176478 0.71763517081854766 3.1238932479627572 81.500000000000014 43.978260869565226 1.0000000180025095e-35 127.08333333333336 2108.3350000000005 0 165.50000000000003 1.941185080549509 1.3333348021374041 619.82000000000005 1 1425.9550000000002 1.5904540937358533 550.99500000000012 69.035714285714292 55.613247863247871 2 182.77500000000003 1.5565913265213329 1289.365 1.9673430017677587 0.66986026768764362 3 726.85000000000025 4 189.15500000000003 5 1.6824738055471873 6 1.0000443128576941 727.61500000000012 1.5000000000000002 7 8 2.1751758365269178 2347.0050000000006 2347.0050000000006 9 10 0.56853876061695396 114.06250000000001 -1.0000000180025095e-35 235.82011152571363 45.270045034659979 616.57000000000005 30.169540229885062 1511.7350000000004
decision_type=2 2 2 2 2 2 2 2 2 2 2 2 2 2 2 2 2 2 2 2 1 2 2 2 2 1 2 2 2 2 2 1 2 2 2 2 2 1 2 1 2 9 2 9 2 2 2 1 1 2 2 2 9 1 2 2 2 2 2 2 2 2
left_child=2 3 6 16 8 14 11 22 40 19 18 25 -7 -13 20 -16 59 32 -11 27 30 -14 23 -3 56 -1 -12 -10 -23 -15 -5 -25 43 -22 42 -26 -19 -24 -39 44 -4 58 45 -8 -36 53 52 -31 61 -46 -17 -34 -44 -9 -50 -41 -6 -58 -42 -2 -61 -38
right_child=1 7 4 5 24 12 17 34 9 10 26 13 21 29 15 50 -18 36 -20 -21 33 28 37 31 35 -27 -28 -29 -30 47 -32 -33 51 -35 39 -37 48 38 -40 55 41 -43 46 -45 49 -47 -48 -49 54 -51 -52 -53 -54 -55 -56 -57 57 -59 -60 60 -62 -63
leaf_value=-1.1594817016342576 -1.2945315385356595 -0.93060278805103713 1.3389221186308449 -0.5931655721737048 -4.2002900966799066 -1.3503411677597297 1.3764147514695069 0.4022916429404923 0.06745638074604017 0.47786510680348687 3.7804654615257784 -0.83600035724435995 -1.0461144991830842 -0.54227778917585534 -0.96589214713878779 0.17215583049702909 -0.94786881037054949 -0.69754589523101984 1.2208079471052173 -0.51181200694275053 -0.80797633132777025 -0.91831423912609977 -0.62392319243190575 0.050336723455491499 1.7727319830849853 2.3715587322708003 1.6113817587708554 1.4510195583659358 -0.29963927665689422 -0.46380134995410177 -0.11615384165964784 -0.47595330446196127 3.292226210880715 -0.63962087967676529 -1.5025401172633523 3.2737678710178701 0.69885636530222406 -0.44496938656531704 0.59946405969348826 -1.0352005419617325 0.48493954001596723 -0.53620970167050608 1.682160837617257 -0.020517550261629935 -0.44620843830993312 0.69458174185970456 -1.568844739184047 0.081586669828140765 -0.52427560866476808 0.59683641416000588 -1.0086016243961879 -0.44158420704106477 0.66533299485237984 -0.21438033092198056 0.066746074572162681 -0.095262266222957956 2.143937366334105 -0.63450620226641807 -0.88566539926539889 -1.2731986409905467 -0.82138890621975769 -0.03764258250714541
leaf_weight=104 1391 515 183 502 28 917 221 303 832 4070 1558 1134 942 710 522 844 1313 329 1713 420 790 563 320 253 578 305 1063 1694 377 395 452 1144 237 416 55 1315 345 170 254 122 407 516 287 242 99 420 133 442 215 232 155 33 417 715 1058 102 1424 52 79 229 315 142
leaf_count=104 1391 515 183 502 28 917 221 303 832 4070 1558 1134 942 710 522 844 1313 329 1713 420 790 563 320 253 578 305 1063 1694 377 395 452 1144 237 416 55 1315 345 170 254 122 407 516 287 242 99 420 133 442 215 232 155 33 417 715 1058 102 1424 52 79 229 315 142
internal_value=-0.00127236 -0.00822256 0.00358402 -0.0120388 0.00562912 -0.00935524 -0.00191885 -0.00151064 0.00443651 0.00499868 0.00596527 -0.00536696 -0.0133387 -0.00656669 -0.00630429 -0.00310039 -0.0173639 0.00184071 0.00467076 0.00222109 -0.00852982 -0.011008 -0.0050771 -0.00663185 0.0100074 0.0023665 0.00879383 0.00332147 -0.00779427 -0.00382258 -0.0049121 -0.00466071 0.00675951 -0.0111977 0.00175727 0.0120121 8.3652e-05 -0.00100402 0.00183066 -0.00163132 -0.000904882 -0.0020398 0.00268876 0.00359442 0.00112782 0.00124913 0.00508929 -0.00122024 0.000992626 0.00306886 -7.48503e-05 0.0119048 0.00636492 -0.000146915 -0.000174961 -0.00632911 0.00743198 0.00770791 0.000801603 -0.0197497 -0.016362 0.00405
internal_weight=37113 15269 21844 9728 15932 6480 5912 5541 12535 11350 8404 3090 2799 2681 3681 1521 3248 2822 5783 2946 2160 1882 2656 1912 3397 409 2621 2526 940 1547 954 1397 733 1206 2885 1893 2089 744 424 610 1185 1002 2275 463 386 1438 837 837 1760 331 999 270 704 1018 1273 224 1504 1476 486 1935 544 487
internal_count=37113 15269 21844 9728 15932 6480 5912 5541 12535 11350 8404 3090 2799 2681 3681 1521 3248 2822 5783 2946 2160 1882 2656 1912 3397 409 2621 2526 940 1547 954 1397 733 1206 2885 1893 2089 744 424 610 1185 1002 2275 463 386 1438 837 837 1760 331 999 270 704 1018 1273 224 1504 1476 486 1935 544 487
cat_boundaries=0 1 2 3 4 5 6 7 8 9 10 11
cat_threshold=1804 339 1792 1299 845 12 24 3177 1412 24 896
is_linear=0
shrinkage=0.05


Tree=21
num_leaves=63
num_cat=18
split_feature=15 20 21 21 15 20 20 5 2 17 2 15 2 17 21 1 5 1 7 1 1 21 7 1 1 8 21 7 23 8 19 1 17 1 19 20 16 1 8 23 23 8 2 19 1 22 7 8 19 1 22 2 17 2 20 15 19 1 20 7 16 23
split_gain=540.764 205.915 52.0043 45.9853 47.9107 33.0246 18.4965 16.1509 14.3518 12.7191 12.144 11.0941 11.068 10.5205 9.98932 9.97477 9.67398 7.87737 7.8382 6.79833 6.74825 6.16017 5.98846 5.61724 5.38825 5.29026 5.24153 5.14017 5.69934 4.95575 4.70081 4.69579 4.66939 4.60544 4.33199 4.23997 4.05305 4.00046 3.71288 3.69297 3.69103 3.64842 3.38272 3.37521 3.21555 3.1924 3.17353 3.11855 3.08404 2.99774 2.89394 3.11919 2.66587 2.66548 2.66392 2.65601 2.56393 2.46182 2.23453 2.12983 2.41962 2.11529
threshold=5.5000000000000009 145.50000000000003 44.51315789473685 87.527777777777786 1.5000000000000002 266.50000000000006 69.500000000000014 110.50000000000001 0 2.004977408553628 1 12.500000000000002 2 1.3393993157084931 68.677083333333357 3 139.50000000000003 4 726.9100000000002 5 6 128.29166666666671 615.23500000000013 7 8 189.00000000000003 7.5000000000000009 360.31500000000005 2.5000000000000004 853.7700000000001 1507.1700000000001 9 2.4000495357084399 10 2858.9050000000002 153.50000000000003 1.8069237056795939 11 395.92000000000002 4.5000000000000009 3.5000000000000004 578.70500000000015 12 1436.6949999999999 13 35.282026987054834 616.57000000000005 374.52500000000003 1145.4100000000005 14 11.90946817891777 15 2.1045215743110259 16 112.50000000000001 2.5000000000000004 2226.1750000000006 17 83.500000000000014 172.32500000000002 1.6509751525707292 6.5000000000000009
decision_type=2 2 2 2 2 2 2 2 1 2 1 2 1 2 2 9 2 9 2 9 9 2 2 9 9 2 2 2 2 2 2 9 2 9 2 2 2 9 2 2 2 2 1 2 9 2 2 2 2 9 2 1 2 1 2 2 2 9 2 2 2 2
left_child=1 3 11 4 7 10 16 24 15 14 13 22 17 20 -8 59 26 41 37 27 -3 31 42 53 47 -19 -6 -12 -29 39 -26 54 -18 -23 -27 -21 58 52 -9 44 -37 -5 -2 -33 -7 -39 -15 -1 -35 -40 -24 -52 -10 -20 -14 -11 -46 -31 -25 -4 -61 -22
right_child=2 5 8 12 6 29 9 38 18 55 19 -13 21 46 -16 -17 32 25 23 35 61 33 50 36 30 34 -28 28 -30 57 -32 43 -34 48 -36 40 -38 45 49 -41 -42 -43 -44 -45 56 -47 -48 -49 -50 -51 51 -53 -54 -55 -56 -57 -58 -59 -60 60 -62 -63
leaf_value=-0.75019798245490577 -0.6402703246360929 -0.66988364812030243 -1.6223609275323079 -0.44167890468647042 -0.80905176600353179 2.3160522788176112 -0.67598153320595178 0.44124536819080618 -0.87474812361042076 0.50444628543942116 -0.4533603671966418 -1.4418924760933973 0.079092038284730395 1.587411262020848 -0.14097223020577232 0.093245270747218001 -0.56014995863663408 -0.50966892813166886 0.51435186925288934 -0.021802453551256918 1.7617662069735829 1.0530536043123377 -1.131013452904198 -0.685353443272949 0.38528674224373277 0.9466054866773046 -1.0570398376974268 0.9962697035896213 0.08058602811846001 2.9007314398818682 -0.91595529956938082 -0.091626839036187499 -0.30143639790628357 0.40900721718020566 -0.52966427242311342 1.6403171652895041 -0.34130027998176832 -0.71185953875775354 -0.045493819633328769 0.82073748035447247 0.35199008769850199 0.50181441048917819 -1.1272428823789251 -0.49054234118335105 4.03698879625711 -0.44483233830818103 2.1545384381084256 1.617769896063848 -0.37013661324614022 3.0801004958896701 -0.8425633146630509 -0.4769959710431696 0.13413946540336213 -0.48206463127003829 0.76739928084211406 -0.18153450772242011 1.8237604821802251 5.6810679569741742 0.091629961579696231 -0.67481550199032869 -0.0065020336700719389 -0.53709580216065189
leaf_weight=50 161 214 66 340 855 253 1626 243 1785 756 461 815 287 655 1504 470 1074 172 111 188 500 735 196 390 498 1806 1119 1215 1014 319 675 2180 745 1196 47 1108 317 742 107 107 400 308 1730 379 1576 248 1056 317 403 858 378 360 33 121 134 390 163 821 20 152 95 69
leaf_count=50 161 214 66 340 855 253 1626 243 1785 756 461 815 287 655 1504 470 1074 172 111 188 500 735 196 390 498 1806 1119 1215 1014 319 675 2180 745 1196 47 1108 317 742 107 107 400 308 1730 379 1576 248 1056 317 403 858 378 360 33 121 134 390 163 821 20 152 95 69
internal_value=-0.00131682 0.00189363 -0.0126571 -0.00119902 -0.00332486 0.00764424 -0.00526821 0.00236278 -0.00905996 -0.00299135 0.00566613 -0.0171287 0.00167397 0.00847627 -0.00464411 -0.0026696 -0.00781744 0.00429077 -0.0103373 0.00402364 0.00359415 0.000337901 -0.0155499 -0.00631497 -0.00100454 0.00582679 -0.0102681 0.00240474 0.00341622 0.0118214 -0.00267707 -0.00115655 -0.005118 0.00226786 0.00664063 0.00652428 -0.00841216 -0.0117218 0.00668869 0.010264 0.0074454 -0.000453858 -0.0172518 -0.00197317 0.0107519 -0.00857428 0.0107205 0.00414474 0.000697891 0.00808368 -0.0120064 -0.0103239 -0.0132714 0.000408163 0.00362903 0.00147955 0.0115439 0.0146107 -0.0118644 -0.00943252 -0.0071 0.00640034
internal_weight=37113 28923 8190 18804 10817 10119 8069 2748 4550 4276 6880 3640 7987 2494 3130 783 3793 2673 3767 4386 783 5314 2825 959 1540 2025 1974 2690 2229 3239 1173 2980 1819 2334 1853 1696 727 2808 1208 2099 1508 648 1891 2559 1992 990 1711 367 1599 965 934 738 1818 232 421 1146 1739 1140 410 313 247 569
internal_count=37113 28923 8190 18804 10817 10119 8069 2748 4550 4276 6880 3640 7987 2494 3130 783 3793 2673 3767 4386 783 5314 2825 959 1540 2025 1974 2690 2229 3239 1173 2980 1819 2334 1853 1696 727 2808 1208 2099 1508 648 1891 2559 1992 990 1711 367 1599 965 934 738 1818 232 421 1146 1739 1140 410 313 247 569
cat_boundaries=0 1 2 3 5 7 9 11 13 15 17 19 21 22 24 26 27 28 30
cat_threshold=1792 992 960 2148798532 4753 2424713226 15489 636887456 349353 2181206084 37377 2424832259 299521 70124117 81954 102261248 8328 2173609293 37378 873762955 4242 512 2266656 4256 53249 512 2290 2218 2460541953 102912
is_linear=0
shrinkage=0.05


Tree=22
num_leaves=63
num_cat=23
split_feature=20 23 21 21 20 21 21 21 20 8 17 2 2 2 21 23 1 2 17 2 1 2 18 21 7 21 19 1 1 2 1 1 1 7 1 1 20 1 17 20 1 21 1 17 22 1 0 2 17 1 21 21 7 8 23 18 10 17 19 17 18 20
split_gain=429.088 176.866 59.0534 93.0033 50.3765 32.2418 28.9854 15.66 13.177 12.189 12.0682 10.5964 10.4466 10.3897 8.0738 7.34729 7.03974 6.76832 6.85396 6.44815 6.30324 6.25151 6.08074 6.06554 6.72918 5.76046 5.5421 5.24828 4.9355 5.32149 4.73094 4.68524 4.55614 4.49885 4.372 4.35701 4.30621 4.15661 5.14735 5.00225 4.0416 4.03434 3.84254 3.49963 3.38304 3.19027 3.07517 3.07397 3.07351 3.0317 3.10947 2.92999 2.82468 2.7078 2.78818 2.56937 2.36327 2.24257 2.21152 2.02508 2.30056 2.00159
threshold=119.50000000000001 11.500000000000002 78.759615384615401 7.5000000000000009 245.50000000000003 42.878676470588239 50.511904761904766 130.70833333333334 1.0000000180025095e-35 720.5200000000001 1.144057780363535 0 1 2 125.29166666666667 4.5000000000000009 3 4 1.2511406545496373 5 6 7 0.2248390793765728 31.513157894736846 726.9100000000002 33.345490716180379 2446.2350000000001 8 9 10 11 12 13 395.92000000000002 14 15 38.500000000000007 16 2.0788802316561745 196.50000000000003 17 94.527777777777786 18 1.4382280132401069 1.4571067811865479 19 20 21 1.3505921089871387 22 106.07142857142858 63.639610389610397 467.53000000000009 432.53000000000003 14.500000000000002 1.0613784531049459 1847.8150000000003 1.6240672743159779 1127.8000000000002 2.2462255873870092 0.19305075749397246 139.50000000000003
decision_type=2 2 2 2 2 2 2 2 2 2 2 1 1 1 2 2 9 1 2 1 9 1 2 2 2 2 2 9 9 1 9 9 9 2 9 9 2 9 2 2 9 2 9 2 2 9 1 1 2 9 2 2 2 2 2 2 2 2 2 2 2 2
left_child=1 2 3 8 7 23 25 10 12 14 49 42 35 31 28 26 -15 18 53 32 55 -11 -14 -3 -25 44 34 -23 -4 -30 57 -8 -10 -27 -6 -1 -29 39 47 -12 43 -17 -9 -19 -5 -21 -36 -39 -44 61 -51 -42 -20 -7 -55 -13 -32 -16 -48 60 -28 -2
right_child=4 5 9 6 15 17 13 11 19 21 37 20 22 16 30 41 -18 40 52 45 -22 27 -24 24 -26 33 59 36 29 -31 56 -33 -34 -35 46 -37 -38 38 -40 -41 51 -43 48 -45 -46 -47 58 -49 -50 50 -52 -53 -54 54 -56 -57 -58 -59 -60 -61 -62 -63
leaf_value=1.1623909048974916 -0.046598974636381033 -1.2874440851363496 -0.81453023556665416 -1.0520782428331121 2.8021118511022993 -0.99059052354539967 -0.66839509637088312 0.73818859176492568 0.086232350468419136 1.1176131748166782 0.54130374986750418 0.12388595987622893 -0.01141942929576807 -0.21820803866629035 -0.67961302701870996 -1.6591818770102955 -0.61328965275186675 -0.46693161560522684 -0.52657103170037234 0.79670819432422102 1.1870254366885611 0.73885705494125886 2.2725957584864243 -1.0666846173876317 -0.50635639762230766 -1.0277811789590903 5.3928369563301359 -0.76121113602101298 0.024543003417257125 -0.3324235297099648 0.63578847552492102 0.073020201454934514 -0.78060946183162871 -0.67675007899378703 3.9167578014759137 -0.65992366721079854 0.17530973326352425 -0.062454689041639359 1.974191281259843 2.0250045782754711 -0.83711778295545258 1.6203037165523 1.2853960385998633 0.34451276954563181 -1.2911880593589362 -0.20390318242238195 4.400064867290455 0.47090133226913339 2.0900041862767993 -0.35890762495221229 0.21648017658857413 -0.67170063100620581 0.13558618601190206 0.024859839576006949 -0.65779507325839148 0.98822956469995238 -1.5525692703889242 0.015928861846728638 0.30858826092099606 2.6895703517828928 -0.92189259027813975 1.7110843922485388
leaf_weight=103 52 911 328 240 746 174 237 282 238 658 702 1045 428 519 166 67 2614 145 173 216 882 594 1190 1008 296 883 31 331 1223 1513 1386 576 997 1161 2100 742 977 956 452 217 1124 145 469 74 740 877 570 1180 900 1226 338 528 264 91 113 327 47 201 71 142 62 65
leaf_count=103 52 911 328 240 746 174 237 282 238 658 702 1045 428 519 166 67 2614 145 173 216 882 594 1190 1008 296 883 31 331 1223 1513 1386 576 997 1161 2100 742 977 956 452 217 1124 145 469 74 740 877 570 1180 900 1226 338 528 264 91 113 327 47 201 71 142 62 65
internal_value=-0.00129661 -0.00525136 -0.00308135 -0.00528519 0.00601113 -0.0137286 -0.00897031 0.00395504 6.77931e-05 0.000403932 0.00213832 0.00635235 0.00262571 -0.00611547 -0.00105815 0.0107442 -0.00741418 -0.00998512 -0.00576691 -0.0026169 0.00401412 0.00319938 0.00496628 -0.0182259 -0.0157995 -0.0126693 0.0112617 0.00167102 -0.00262471 -0.00187341 0.0015807 -0.000938257 -0.00506811 -0.0110405 0.0117693 -0.00183566 -7.57002e-05 0.00381054 0.0027105 0.00673283 -0.0116906 0.00139535 0.00942007 -0.00420259 -0.0159715 0.000158228 0.0127723 0.00165965 0.0105825 -0.00132126 -0.00193405 -0.0126126 -0.00142045 -0.0107612 -0.00628019 0.00180505 0.00288728 -0.00335526 0.00943323 0.00346639 -0.00182292 0.00596154
internal_weight=37113 24086 19185 11761 13027 4901 6970 9093 4791 7424 5188 3905 2463 3946 4864 3934 3133 2686 815 2328 2254 2560 1618 2215 1304 3024 3722 1902 3064 2736 1800 813 1235 2044 3487 845 1308 3507 2588 919 1871 212 1651 219 980 1093 2741 2136 1369 1681 1564 1652 437 378 204 1372 1433 367 641 235 93 117
internal_count=37113 24086 19185 11761 13027 4901 6970 9093 4791 7424 5188 3905 2463 3946 4864 3934 3133 2686 815 2328 2254 2560 1618 2215 1304 3024 3722 1902 3064 2736 1800 813 1235 2044 3487 845 1308 3507 2588 919 1871 212 1651 219 980 1093 2741 2136 1369 1681 1564 1652 437 378 204 1372 1433 367 641 235 93 117
cat_boundaries=0 1 2 3 5 6 7 9 10 12 14 15 17 19 21 23 25 27 29 31 33 34 35 37
cat_threshold=992 17 768 2151309392 74785 1804 1137 909582724 345257 704 2226930460 131601 10620960 202784 3976 2167673464 32773 33853465 37376 8393220 17024 15892480 1382567 786512 16384 2484356666 1474607 63341824 294912 2293244739 5120 17334345 65680 1 2067 16795152 196608
is_linear=0
shrinkage=0.05


Tree=23
num_leaves=63
num_cat=3
split_feature=15 21 14 21 17 21 19 15 21 15 21 0 23 7 5 21 5 8 5 7 5 7 5 17 17 7 7 22 10 5 5 5 8 11 4 5 17 22 19 21 23 7 7 4 8 17 23 19 5 7 7 22 11 19 11 19 5 23 19 5 8 9
split_gain=467.66 97.5664 61.1265 52.0282 40.3459 18.5937 14.762 14.1831 13.9384 12.7844 9.55444 9.11699 10.1437 8.77032 8.17465 8.1155 7.99933 7.86619 7.51172 6.80444 6.4142 6.2596 5.96102 5.28475 5.12908 5.07462 4.79987 4.80283 4.79019 4.26666 4.24185 4.06947 4.03904 4.14158 3.83618 3.45428 3.34954 3.31718 3.18638 3.08328 3.00038 2.78773 2.78107 2.78061 2.69939 2.47635 2.4656 2.41772 2.18638 2.09606 3.23775 2.39537 1.98942 1.94652 1.9145 1.86665 1.859 1.82667 1.73861 1.65316 1.65037 1.64379
threshold=5.5000000000000009 127.08333333333336 1.5000000000000002 44.51315789473685 1.6095125282966587 70.683333333333351 1726.4250000000002 2.5000000000000004 215.70833333333334 12.500000000000002 78.759615384615401 0 3.5000000000000004 427.0750000000001 139.50000000000003 15.127441244620988 81.500000000000014 605.81500000000017 151.50000000000003 615.23500000000013 108.50000000000001 756.57500000000016 235.50000000000003 1.2996815599229943 3.518417933307038e-05 342.65000000000003 384.06999999999999 147.12821546262526 1446.7350000000004 137.50000000000003 36.500000000000007 222.50000000000003 182.12000000000003 2795.3700000000003 1 194.50000000000003 2.0381009370404719 11.302654339031692 3106.7700000000004 29.532388663967616 11.500000000000002 1654.5450000000003 143.71500000000003 2 1800.5350000000003 2.0000018609671453 2.5000000000000004 92.024999999999935 80.500000000000014 -1.0000000180025095e-35 164.53500000000003 61.521990730528053 720.89000000000021 3699.4950000000003 2975.4700000000007 2347.0050000000006 72.500000000000014 3.5000000000000004 2226.1750000000006 32.500000000000007 1945.0900000000001 1240.0850000000003
decision_type=2 2 2 2 2 2 2 2 2 2 2 1 2 2 2 2 2 2 2 2 2 2 2 2 2 2 2 2 2 2 2 2 2 2 9 2 2 2 2 2 2 2 2 9 2 2 2 2 2 2 2 2 2 2 2 2 2 2 2 2 2 2
left_child=1 2 4 9 10 7 11 16 21 19 15 12 -6 23 -9 24 53 32 40 48 46 28 -22 52 -1 -17 49 45 30 38 42 -20 -7 -34 56 -32 -16 -21 -8 -31 54 -39 -3 -13 -33 58 -12 -36 -2 51 -51 -10 -5 -4 -15 -18 -30 -47 -28 -19 -42 -56
right_child=3 8 5 13 6 17 29 14 26 -11 20 43 -14 18 36 25 55 59 31 37 22 -23 -24 -25 -26 -27 27 -29 34 39 35 44 33 -35 47 -37 -38 41 -40 -41 60 -43 -44 -45 -46 57 -48 -49 -50 50 -52 -53 -54 -55 61 -57 -58 -59 -60 -61 -62 -63
leaf_value=2.6786792834705526 -1.0675465073905976 -1.9550733444340651 -0.74694504587029664 0.38205684034823939 2.0749762164275327 -1.0829771567056887 -0.13088442224500768 -0.98962844284460871 -3.7699151445974337 -1.3164636214193459 0.22715857643880213 -0.11835062736637809 -0.30697709210125057 -0.16861267570211994 -0.57288633833801017 -0.80067611667215888 0.11306386743704665 -0.26005681230930872 0.023616847597206461 -1.0290315214683947 0.55165977648435038 1.241824646191799 0.007835870989086403 -0.58480302833092535 -0.13935882535604946 -0.30240056279550559 2.087505203896479 1.1689288607662121 0.55185446207293187 1.2781702624920535 1.1472197059745448 -0.45385596910951947 -0.085999951637020192 -0.72800524276151857 1.2566023329545275 0.5135895354542509 -0.39510798551793053 -0.64634960499953198 -0.84273445717452489 -0.54092154125741276 -0.65919853398780437 0.1086037274120903 0.079491058626584288 0.83266133606903103 0.4478100914289016 3.6944751900589199 -0.278295124620767 -0.66017572119122581 -0.97597147612889723 3.5491405659287354 1.0270257408351047 4.6885235011249327 -0.92820221945919179 -1.6977550773620071 -0.75999169108851561 -0.87868848178462011 -1.0578078422538262 0.19073484273613844 -0.49704145820163464 0.19929148711558575 0.1892461622429604 -0.45578277738040074
leaf_weight=141 431 50 482 22 3442 258 756 847 33 815 359 506 267 115 680 591 832 128 407 182 949 2123 1620 743 596 1312 664 205 28 636 1654 845 1214 178 112 1322 706 698 186 101 548 54 377 940 45 1087 1152 96 1460 309 440 24 1227 40 231 151 91 31 25 1182 20 347
leaf_count=141 431 50 482 22 3442 258 756 847 33 815 359 506 267 115 680 591 832 128 407 182 949 2123 1620 743 596 1312 664 205 28 636 1654 845 1214 178 112 1322 706 698 186 101 548 54 377 940 45 1087 1152 96 1460 309 440 24 1227 40 231 151 91 31 25 1182 20 347
internal_value=-0.00127506 0.0017104 -0.000187608 -0.0118211 0.0017408 -0.0040964 0.00444639 -0.00644213 0.00614768 -0.0162915 -0.00100402 0.00577259 0.00709186 -0.00822535 -0.00897809 -0.00334847 -0.00263594 -0.00111374 -0.00622804 -0.0146128 0.000502082 0.00473446 0.00203149 -0.0107519 0.0010473 -0.00507608 0.00905707 0.010397 0.00346906 0.000341855 0.00402965 -0.00348077 -0.00341803 -0.00229391 -0.00219697 0.00469956 -0.00651548 -0.0108858 -0.00185185 0.00320946 -0.00899921 -0.0092053 -0.000523256 0.00234645 -0.00537514 0.0112293 -0.00206407 0.00180995 -0.0164071 0.00562423 0.00634973 -0.00291667 -0.0127995 -0.00761905 -0.00657328 0 -0.00890152 0.0128011 0.00856214 0.00175171 -0.0118214 -0.00774527
internal_weight=37113 28923 20252 8190 13554 6698 6834 3738 8671 3640 6720 5155 3709 4550 2233 2640 1505 2960 2558 2825 4080 5853 2569 1992 737 1903 2818 2012 3730 1679 3403 1297 1650 1392 327 2976 1386 934 942 737 1261 752 427 1446 890 1807 1511 208 1891 806 749 57 1249 522 693 983 119 1118 689 1310 568 578
internal_count=37113 28923 20252 8190 13554 6698 6834 3738 8671 3640 6720 5155 3709 4550 2233 2640 1505 2960 2558 2825 4080 5853 2569 1992 737 1903 2818 2012 3730 1679 3403 1297 1650 1392 327 2976 1386 934 942 737 1261 752 427 1446 890 1807 1511 208 1891 806 749 57 1249 522 693 983 119 1118 689 1310 568 578
cat_boundaries=0 1 2 3
cat_threshold=1 5 3
is_linear=0
shrinkage=0.05


Tree=24
num_leaves=63
num_cat=17
split_feature=15 20 21 21 15 20 20 2 5 1 2 15 2 1 1 5 1 1 2 9 11 19 16 1 7 1 2 21 1 7 7 11 9 1 6 9 19 15 7 15 19 20 19 23 1 23 21 18 7 21 5 21 7 5 19 20 1 5 11 1 5 7
split_gain=438.603 160.354 53.1769 34.7975 36.9861 26.9105 14.6398 14.1049 13.738 10.6649 9.88267 9.12151 8.43539 8.0781 8.04432 7.59803 7.38783 6.47607 6.15765 6.03771 5.39008 5.23538 5.14279 4.99014 4.99 4.65299 4.64737 4.24482 4.21524 4.17389 4.16868 3.88299 3.79445 3.82391 3.72624 3.5002 3.46127 3.33589 3.22791 3.11177 3.07913 3.01473 2.9551 2.92886 2.87109 2.79468 2.66415 2.66403 2.55177 2.51203 2.51077 2.45027 2.33064 2.30505 2.27247 2.24383 2.20267 2.52804 2.19768 1.97354 1.95118 1.92203
threshold=5.5000000000000009 150.50000000000003 40.020000000000003 87.527777777777786 1.5000000000000002 272.50000000000006 56.500000000000007 0 110.50000000000001 1 2 12.500000000000002 3 4 5 139.50000000000003 6 7 8 611.04000000000008 302.49000000000007 2446.2350000000001 1.9999873053070043 9 619.82000000000005 10 11 114.06250000000001 12 720.80000000000018 690.69000000000017 1133.8750000000002 1198.9600000000003 13 4496.4800000000005 792.69500000000016 1120.8550000000002 6.5000000000000009 793.08500000000015 2.5000000000000004 2446.2350000000001 97.500000000000014 888.44500000000005 3.5000000000000004 14 4.5000000000000009 127.08333333333336 1.9108969976129646 373.2050000000001 79.89444444444446 21.500000000000004 60.63068181818182 702.73000000000013 83.500000000000014 1014.4350000000002 24.500000000000004 15 101.50000000000001 2175.9700000000007 16 312.50000000000006 1744.9550000000002
decision_type=2 2 2 2 2 2 2 1 2 9 1 2 1 9 9 2 9 9 1 2 2 2 2 9 2 9 1 2 9 2 2 2 2 9 2 2 2 2 2 2 2 2 2 2 9 2 2 2 2 2 2 2 2 2 2 2 9 2 2 9 2 2
left_child=1 3 11 4 8 10 15 17 20 30 16 26 13 -5 52 23 43 55 -16 31 -1 32 37 -6 34 27 47 54 -22 41 49 -12 33 50 -15 59 60 -11 -29 -17 -26 -28 46 -3 -33 -35 -27 -2 -24 58 -7 -50 -8 -39 -14 -4 57 -21 -9 -10 -18 -31
right_child=2 5 7 12 6 21 14 9 35 22 19 -13 25 24 18 39 36 -19 -20 56 28 -23 48 -25 40 42 29 38 -30 61 -32 44 -34 45 -36 -37 -38 53 -40 -41 -42 -43 -44 -45 -46 -47 -48 -49 51 -51 -52 -53 -54 -55 -56 -57 -58 -59 -60 -61 -62 -63
leaf_value=-2.1490728134936825 -0.74932679289693283 1.5421470482198913 0.41329130265371816 -0.35115839883429062 -0.39708369417656614 -3.1139327750142529 -0.74349034223327704 -0.17961792271743812 -0.42201575878453146 -0.65411079634038749 1.3858342988211707 -1.2408771599345401 -0.15435566504983955 0.45878379756968857 -0.01458266163689359 0.19264623354698146 0.26012760528175144 0.092084841326310854 -0.41961773193912255 1.9794125689020499 1.093805892370159 1.4134797536865571 -0.82765717715172227 -1.0021025115286697 1.163765251371143 0.077279220213385014 -1.0214918235850903 -0.10420460281045507 -0.41721438594351029 -0.81928793962928603 -0.022493402267055984 -0.59804824648913102 5.1286439577732326 3.8335920559322703 -0.5948526234089293 3.0334197145879891 -0.19162229983115397 -0.98823450784654376 0.69249482215007285 -0.48984435754931327 -0.35137748838893118 0.088256845034519499 -0.088289058419197639 0.25214904355385992 0.72115877038674303 1.1182437530179541 0.88338544405218267 -0.40224662936803263 -0.55230419053900659 0.17841180437915938 2.712360198426047 -0.1359490008923622 -0.23704255362471116 -0.76543315696555825 -0.65200384604452566 -0.65446375203882146 1.1291311871006002 2.0542227595250546 -0.53667051124646736 1.4664289944339808 0.87509419420228207 -0.28520845869969236
leaf_weight=133 324 903 21 342 264 34 724 112 135 981 866 805 793 1321 2259 198 1110 483 1957 416 389 212 333 1273 989 1238 1149 1113 1020 350 315 116 587 1801 85 520 603 566 331 1071 39 22 916 322 483 100 935 204 374 54 354 235 473 1021 231 237 553 624 564 556 534 40
leaf_count=133 324 903 21 342 264 34 724 112 135 981 866 805 793 1321 2259 198 1110 483 1957 416 389 212 333 1273 989 1238 1149 1113 1020 350 315 116 587 1801 85 520 603 566 331 1071 39 22 916 322 483 100 935 204 374 54 354 235 473 1021 231 237 553 624 564 556 534 40
internal_value=-0.00128449 0.00160669 -0.0114976 -0.00101901 -0.00287016 0.00688078 -0.00455181 -0.00849217 0.00213171 -0.00952824 0.00504362 -0.0169658 0.00141255 0.00365722 -0.00301422 -0.00749377 0.00315638 -0.00188992 -0.00195082 0.00713123 -0.000970874 0.0107409 -0.0108856 -0.00988636 0.0046792 0.000273788 -0.0150932 -0.00133011 -1.77054e-05 -0.0166296 -0.00484405 0.00475136 0.011306 0.0102858 0.00269695 0.00611614 0.00140487 -0.0121159 0.000380097 -0.00454009 0.00737148 -0.0183348 0.00157157 0.00628029 0.00153654 0.0112461 0.00258502 -0.00988909 -0.00756614 -0.00695771 0.00498753 -0.00543301 -0.00663223 -0.0136321 -0.00379747 -0.00811808 0.00932018 0.0108262 -0.0078056 0.00363833 0.00261081 -0.0117048
internal_weight=37113 28923 8190 19305 10972 9618 8219 5296 2753 4555 6530 2894 8333 2776 5413 2806 3472 741 4216 3058 1542 3088 3510 1537 2434 5557 2089 2468 1409 1561 1045 1465 2876 2289 1406 1211 2247 2568 1444 1269 1028 1171 3089 1225 599 1901 2173 528 942 730 388 609 1197 1587 1024 258 1593 1040 676 691 1644 390
internal_count=37113 28923 8190 19305 10972 9618 8219 5296 2753 4555 6530 2894 8333 2776 5413 2806 3472 741 4216 3058 1542 3088 3510 1537 2434 5557 2089 2468 1409 1561 1045 1465 2876 2289 1406 1211 2247 2568 1444 1269 1028 1171 3089 1225 599 1901 2173 528 942 730 388 609 1197 1587 1024 258 1593 1040 676 691 1644 390
cat_boundaries=0 1 3 4 5 7 9 11 13 14 16 18 19 21 23 25 27 29
cat_threshold=768 2479506721 1360929 2063 960 2424442890 14336 42275174 561510 2450101855 1180190 1314884 4752 910 135696 71168 941790224 1989717 524 336466205 49186 3904036 1052704 2181300228 513 2684637613 1425569 32768 279041
is_linear=0
shrinkage=0.05


Tree=25
num_leaves=63
num_cat=22
split_feature=14 21 20 17 17 21 17 21 21 20 21 2 21 2 20 17 2 1 1 1 1 18 1 1 18 2 1 2 17 1 1 16 16 7 16 1 7 17 23 22 16 2 18 1 20 7 21 1 1 7 9 16 17 1 21 2 20 19 20 19 1 20
split_gain=347.042 112.815 100.952 47.6739 33.664 23.3479 22.4159 19.0199 16.5829 14.6895 13.8581 10.5207 10.412 10.3448 7.88774 7.71217 11.2484 7.28509 6.82049 6.80221 6.33552 6.15731 5.58894 5.3967 5.15559 5.11739 5.03923 5.85521 4.93547 4.71111 4.68521 4.51393 4.40238 4.33168 4.11428 4.07628 4.02134 3.77957 3.7776 3.67726 3.66595 3.79242 3.6572 3.55845 3.31104 3.15197 3.12305 2.97764 2.9398 2.87398 2.80148 2.7097 2.67735 2.54501 2.49675 2.47605 2.46715 2.45768 2.43662 2.41987 2.41085 2.40763
threshold=1.5000000000000002 63.029411764705891 188.50000000000003 1.2333721479377482 1.0024686650050745 7.5000000000000009 1.8181788226775535 33.345490716180379 86.77500000000002 290.50000000000006 35.019230769230781 0 120.05555555555557 1 69.500000000000014 2.1276771679597974 2 3 4 5 6 0.37473138890562252 7 8 0.2248390793765728 9 10 11 1.2774386583206505 12 13 2.225673504765127 2.2500006506429222 688.1350000000001 2.4390723915429047 14 1.0000000180025095e-35 1.4000107664242707 6.5000000000000009 23.325756552332653 1.5677525332844793 15 0.87704516960783219 16 106.50000000000001 717.30500000000018 199.45000000000002 17 18 615.23500000000013 363.92500000000013 1.9917436644918043 0.58639208136169907 19 177.55000000000004 20 79.500000000000014 2226.1750000000006 78.500000000000014 1436.6949999999999 21 124.50000000000001
decision_type=2 2 2 2 2 2 2 2 2 2 2 1 2 1 2 2 1 9 9 9 9 2 9 9 2 1 9 1 2 9 9 2 2 2 2 9 2 2 2 2 2 1 2 9 2 2 2 9 9 2 2 2 2 9 2 1 2 2 2 2 9 2
left_child=2 3 4 10 8 14 19 32 26 13 -2 22 15 38 36 23 35 25 -15 34 -12 53 -9 39 -18 -14 -1 -28 51 50 54 -13 -7 -27 58 -17 -5 -20 49 -6 41 -30 46 -38 -25 55 -19 -39 -23 -4 -8 -21 -29 57 -10 -22 -52 -11 -3 -31 -44 -32
right_child=1 6 9 5 12 7 29 11 30 21 20 31 17 18 -16 16 24 42 37 28 45 48 -24 44 -26 33 27 52 40 59 61 -33 -34 -35 -36 -37 43 47 -40 -41 -42 -43 60 -45 -46 -47 -48 -49 -50 -51 56 -53 -54 -55 -56 -57 -58 -59 -60 -61 -62 -63
leaf_value=-0.64460363197247517 -1.044138196934582 -0.73735235185826653 1.9023653566251113 3.1293522420065614 -0.66296100739709518 -1.078802245787938 -1.2154000585698748 -0.060447462220502859 0.14514258903732227 1.9572738645777563 -0.42078897086491551 -0.68580465439449245 1.593439205722551 -0.13343407314506664 0.48973690224565519 1.4767389358642362 0.050235966549262656 -0.16364127164825748 0.34025604854176877 -0.7808595435186888 -0.8001032943020997 3.198584440005467 -0.5332499773616437 -0.17025500015249551 1.6251008230190991 0.080726735835777677 0.61508974296765695 -0.83863518269875825 -0.0056774712400091687 0.60724679042174046 -0.30942332697662245 -0.16663602016047677 -0.43535207020562477 1.1529965650400642 -0.022535029974807233 -0.65714965221768085 -0.11414632766830302 1.1407924701077725 -0.50189280818396831 -0.022592316838576921 0.083517133322028064 -0.38632110018929072 -0.015355750221068122 -0.82379145113283236 0.18908565625854623 -0.52240685091048944 0.94283154687320236 1.8415006979239168 4.4861725815870619 2.4277649900717608 -0.10395284012939393 -0.37285586182596159 -0.23821700702207593 4.0661120050757793 2.0334762462776923 -0.97025787447967626 0.31063874701390798 -1.8600321833310944 -0.21200037420460305 -0.066079170099154538 0.94481541008440006 0.18753323742364858
leaf_weight=1269 1108 470 496 37 718 1020 96 574 642 254 293 1858 756 568 395 108 506 718 586 370 336 276 981 867 1765 507 110 304 432 1118 630 136 59 392 101 808 330 1080 40 677 685 665 217 724 1869 340 343 843 1296 507 1200 242 678 750 103 1054 330 45 60 255 691 425
leaf_count=1269 1108 470 496 37 718 1020 96 574 642 254 293 1858 756 568 395 108 506 718 586 370 336 276 981 867 1765 507 110 304 432 1118 630 136 59 392 101 808 330 1080 40 677 685 665 217 724 1869 340 343 843 1296 507 1200 242 678 750 103 1054 330 45 60 255 691 425
internal_value=-0.00122791 -0.0070112 0.00281274 -0.0104806 0.000537866 -0.00788785 -0.00167579 -0.00964155 -0.0032841 0.00789961 -0.0155153 -0.00783361 0.00199635 0.00600291 -0.00238415 0.000901516 0.00275078 0.00419079 0.00445793 -0.00471433 -0.0129442 0.0108518 -0.00457589 -0.00051403 0.00463004 0.00663969 -0.00603849 -0.00334842 -0.00340673 0.00137408 0.000305047 -0.0102641 -0.0155037 0.00386513 -0.00935559 -0.00188375 -0.00459324 0.00558089 0.0103456 -0.00303622 -0.00204482 -0.00384091 0.002056 -0.00520341 0.000763914 -0.0141136 2.34962e-05 0.00668484 0.0128889 0.0110586 -0.00042709 -0.00731707 -0.00462312 0.00772338 0.00333113 -0.0153266 6.52316e-05 0.003125 -0.011257 0.00351732 0.00439078 -0.00180243
internal_weight=37113 15269 21844 9245 15103 6114 6024 4628 4161 6741 3131 3549 10942 4120 1486 7318 3187 3624 3077 3025 2023 2621 1555 4131 2271 1655 2361 1092 2394 2999 1800 1994 1079 899 631 916 1091 2509 1043 1395 1782 1097 1969 1054 2736 1730 1061 1923 1572 1003 1626 612 982 1049 745 1390 1530 299 530 1373 908 1055
internal_count=37113 15269 21844 9245 15103 6114 6024 4628 4161 6741 3131 3549 10942 4120 1486 7318 3187 3624 3077 3025 2023 2621 1555 4131 2271 1655 2361 1092 2394 2999 1800 1994 1079 899 631 916 1091 2509 1043 1395 1782 1097 1969 1054 2736 1730 1061 1923 1572 1003 1626 612 982 1049 745 1390 1530 299 530 1373 908 1055
cat_boundaries=0 1 2 3 5 7 9 11 13 15 16 18 19 21 23 25 26 28 30 32 34 35 37
cat_threshold=1804 928 17 587777829 98826 149037568 340098 67145772 595970 46138649 278529 2518548872 360576 2441327971 1727028 992 576065838 561714 264 3071389746 302306 127669392 295066 786704 16384 1809 8655364 348802 2736260225 1048584 2157641761 4128 537169936 1 1800 2292199424 17408
is_linear=0
shrinkage=0.05


Tree=26
num_leaves=63
num_cat=31
split_feature=14 21 21 21 21 23 21 2 19 0 21 2 2 21 7 1 1 1 7 1 7 5 8 1 19 2 1 1 23 1 2 2 1 1 1 1 8 10 2 1 8 19 1 5 21 4 8 2 2 1 2 23 2 1 4 16 10 1 10 8 21 7
split_gain=322.571 106.283 47.6824 43.012 39.2417 29.4639 27.6557 17.3412 15.1666 14.8464 13.6015 9.79147 9.72476 9.10456 8.9197 8.37607 8.09835 7.50773 7.05166 6.74259 6.3656 6.31309 6.22853 5.72129 5.68395 5.67923 5.54756 5.47378 5.25754 5.0983 5.02911 4.67086 4.56016 4.19499 4.19411 4.05263 3.90363 3.84954 3.63971 3.44646 3.37129 3.33186 3.24245 3.52235 3.23011 3.11021 2.89025 2.79715 2.78214 2.73844 2.98669 2.50723 2.87339 2.45518 2.43848 2.41125 2.31373 2.30337 2.29398 2.29126 2.22584 2.20829
threshold=1.5000000000000002 63.029411764705891 149.3666666666667 7.5000000000000009 35.019230769230781 1.5000000000000002 69.70714285714287 0 1617.05 1 123.06250000000001 2 3 212.70833333333334 720.80000000000018 4 5 6 284.2050000000001 7 -1.0000000180025095e-35 81.500000000000014 194.09500000000006 8 2773.8450000000003 9 10 11 1.5000000000000002 12 13 14 15 16 17 18 628.36500000000012 630.3950000000001 19 20 461.74000000000007 1272.1200000000001 21 348.50000000000006 27.032258064516132 22 1260.9800000000002 23 24 25 26 8.5000000000000018 27 28 29 0.9230838505874529 1014.5250000000002 30 3258.1500000000005 111.66000000000001 130.70833333333334 923.97500000000014
decision_type=2 2 2 2 2 2 2 1 2 1 2 1 1 2 2 9 9 9 2 9 2 2 2 9 2 1 9 9 2 9 1 1 9 9 9 9 2 2 1 9 2 2 9 2 2 9 2 1 1 9 1 2 1 9 9 2 2 9 2 2 2 2
left_child=2 3 5 21 25 8 32 18 9 17 12 29 22 26 34 61 38 44 -6 60 -15 -2 -3 -14 45 -5 -4 -20 -27 -8 37 -18 51 -16 -9 59 49 -28 -11 -19 56 -21 -24 -44 -1 -17 -31 -34 55 -22 -51 52 -7 -50 -37 -23 -25 -32 -38 -12 -13 -10
right_child=1 10 13 4 7 6 11 14 15 16 35 19 23 20 33 24 31 39 27 41 36 48 42 40 -26 28 30 -29 -30 46 57 -33 47 -35 -36 54 58 -39 -40 -41 -42 -43 43 -45 -46 -47 -48 -49 53 50 -52 -53 -54 -55 -56 -57 -58 -59 -60 -61 -62 -63
leaf_value=1.2482386904913634 -0.72691925502301302 -0.7641250129797087 1.6251875136868961 -0.60064610372358374 -0.87250387172028498 -0.9083052133145082 -0.66826581965703724 -0.3949426644639793 0.6126742055432004 -1.5161233802704701 -2.1165308173476314 0.082063531221431063 -0.58267336198346198 -3.3487407866990235 0.12873507026080233 0.4773631913189057 -0.16867904958354318 2.8311066390569608 0.011060966966418029 -0.074952696417997802 2.4954850464600207 0.84246447214565956 -0.10361605751425849 -0.36006847336355752 -0.9831139749519906 -0.86050979017313445 -0.72993789838110035 -0.4306259568543418 -1.0159040745041239 0.48192504833867283 0.059191569708826823 1.2852061891834556 0.041667783846046552 -0.55102766595823105 -0.84486476743433137 0.33327847172125402 2.7245145603772465 0.42186263356744935 0.28071935936674564 1.5890532138592635 -0.10776610894644811 -0.4877541934871033 0.27768172364398608 -0.45723618612364486 -0.37717218527004026 -0.45402396732077366 0.97691817590378816 -0.49979019020778215 1.6224853629071072 0.4383456166306573 2.3372174413994755 -0.75645789948050535 -0.15218716697908549 0.1068263034842028 1.6385121736714952 -0.50868652551013227 -0.78346258314563466 0.99616132423394532 -0.56487982380427582 0.15742605649659647 0.84237717521233368 3.8057824429490483
leaf_weight=716 515 210 601 217 578 226 107 393 607 267 34 1544 853 47 121 469 445 361 544 2651 466 33 1238 272 351 222 209 1055 1908 1018 256 720 289 737 1980 283 1274 426 203 2626 954 630 769 68 171 675 152 462 101 343 455 497 349 442 407 399 312 1613 21 624 418 179
leaf_count=716 515 210 601 217 578 226 107 393 607 267 34 1544 853 47 121 469 445 361 544 2651 466 33 1238 272 351 222 209 1055 1908 1018 256 720 289 737 1980 283 1274 426 203 2626 954 630 769 68 171 675 152 462 101 343 455 497 349 442 407 399 312 1613 21 624 418 179
internal_value=-0.00122925 -0.00680494 0.00266627 -0.0101725 -0.0116686 0.001272 -0.000787803 -0.00929588 0.0034839 0.00490294 -0.00162602 0.000728193 -0.0029066 0.00659345 -0.0116446 3.28371e-05 0.000869963 0.00659015 -0.00569635 -0.000223554 0.00879647 -0.00234427 -0.000533072 -0.00512687 -0.00213859 -0.0170957 0.00472169 -0.00394819 -0.0179188 0.00463178 0.00359555 0.00311969 -0.00622946 -0.00714286 -0.0132891 0.00277572 0.00914325 -0.000192901 -0.00455487 0.00779167 -0.00319149 -0.00161658 0.000276708 0.00267647 0.00236111 -0.000392328 0.0056213 -0.00297775 0 0.00702447 0.00487053 -0.00834101 -0.00592561 0.00238309 0.00540541 -0.00292135 -0.00621806 0.0049017 0.0111518 0 0.00207595 0.00419274
internal_weight=37113 15269 21844 9245 7755 16133 8343 5408 7790 5509 6024 6520 4676 5711 3231 2281 1635 3874 2177 5243 2606 1490 2285 2391 1495 2347 3105 1599 2130 1277 2504 1165 1823 858 2373 1348 2559 635 470 2987 1538 3281 2075 837 887 1144 1170 751 975 1264 798 1072 575 543 690 432 584 1869 1295 658 1962 786
internal_count=37113 15269 21844 9245 7755 16133 8343 5408 7790 5509 6024 6520 4676 5711 3231 2281 1635 3874 2177 5243 2606 1490 2285 2391 1495 2347 3105 1599 2130 1277 2504 1165 1823 858 2373 1348 2559 635 470 2987 1538 3281 2075 837 887 1144 1170 751 975 1264 798 1072 575 543 690 432 584 1869 1295 658 1962 786
cat_boundaries=0 1 2 3 4 6 8 10 12 14 15 17 19 21 22 23 25 27 29 31 32 34 36 37 38 39 41 42 43 45 46 48
cat_threshold=1804 1 896 1932 2533885445 147624 143921191 266424 2343732740 93190 194954109 1148040 2223018156 529446 512 1157656675 33282 273154191 299136 135488 5120 2057 2305 544215495 53762 524296 315394 2277670940 49153 605065240 300161 1829 335565074 131080 3037073511 53922 6 1294 1098 34340993 18064 3156 3265 2147745792 331920 12 2292711936 1024
is_linear=0
shrinkage=0.05


Tree=27
num_leaves=63
num_cat=26
split_feature=15 20 15 21 15 20 2 21 20 2 1 2 2 1 1 1 1 8 9 1 18 1 2 21 22 1 22 2 8 1 1 2 19 16 1 20 1 8 21 8 1 8 10 1 21 19 15 8 0 1 21 1 2 19 22 18 20 22 8 20 10 2
split_gain=356.47 126.753 53.2659 29.0789 29.8413 21.8825 13.7089 13.8656 12.3916 11.5451 9.01797 8.76272 8.31916 8.30587 7.82204 7.32072 7.2396 7.08799 6.86966 6.06974 5.96823 5.03804 4.94397 4.31602 4.29537 6.17749 4.09198 3.76687 3.9039 3.70264 3.69114 3.63569 3.54822 3.4184 3.38079 3.34129 3.9166 3.15426 3.12016 2.93417 2.89258 2.87429 3.68385 2.82609 2.72282 2.56413 2.39505 2.43536 2.2866 2.28442 2.08611 2.06343 1.98761 1.74235 1.70546 1.55152 1.53258 1.51779 1.51571 1.4153 1.39629 1.39151
threshold=5.5000000000000009 153.50000000000003 10.500000000000002 87.527777777777786 1.5000000000000002 290.50000000000006 0 44.51315789473685 53.500000000000007 1 2 3 4 5 6 7 8 1021.8850000000002 1198.9600000000003 9 0.25845444628215514 10 11 221.55000000000004 12.293013514647027 12 12.030738275513285 13 384.08500000000009 14 15 16 2446.2350000000001 1.6172836853457302 17 85.500000000000014 18 1654.3250000000003 110.06250000000001 720.5200000000001 19 616.79000000000008 1132.5850000000003 20 56.023809523809533 545.88 12.500000000000002 872.6350000000001 21 22 71.215384615384622 23 24 2226.1750000000006 11.90946817891777 0.19305075749397246 18.500000000000004 53.860906534764183 909.32500000000016 83.500000000000014 1516.4750000000001 25
decision_type=2 2 2 2 2 2 1 2 2 1 9 1 1 9 9 9 9 2 2 9 2 9 1 2 2 9 2 1 2 9 9 1 2 2 9 2 9 2 2 2 9 2 2 9 2 2 2 2 1 9 2 9 1 2 2 2 2 2 2 2 2 1
left_child=1 3 6 4 11 9 13 24 19 41 33 29 15 -2 39 -5 23 30 32 50 34 -14 -16 26 -8 59 -11 28 -12 55 -17 -21 40 61 -13 43 -37 -27 -19 -10 -7 42 49 -23 56 57 47 -4 -31 -3 -6 -22 -35 -25 -42 -1 -15 -18 -49 -26 -43 -9
right_child=2 5 46 12 8 18 7 10 14 16 27 20 21 44 22 17 45 38 -20 31 51 35 -24 53 25 37 -28 -29 -30 48 -32 -33 -34 52 -36 36 -38 -39 -40 -41 54 60 -44 -45 -46 -47 -48 58 -50 -51 -52 -53 -54 -55 -56 -57 -58 -59 -60 -61 -62 -63
leaf_value=-0.98934574384468521 0.23444893747835671 2.2185669440225726 -0.86058668166220409 -0.13122859503389536 -0.96735164962792342 1.3005821418727592 -0.93153086481879566 -0.0662388703815779 -0.70142068602038921 1.1071230305558417 -0.65444141169921588 -0.96883656079485692 -0.32882934401186859 0.10317965120530169 -0.48443915560482442 0.924678251268653 0.15445909181127604 0.56358810809834736 4.9110392691353075 0.014606780876825454 0.90208449837759874 -0.47596744340438096 -0.07437266352256415 1.8385520459593991 -0.85616048622262619 -0.55551677125644205 0.32861477923582499 -0.64711407046507774 -0.33587386321407992 -0.47621693154591044 0.2818585910838145 -0.68777746307298893 1.2402516294910839 0.55400191562312318 0.42873345878484131 0.50340774312677183 0.055487801205762827 0.2222213485304721 1.7170566399556044 -0.20228070955076483 4.5171924797542529 2.1482126199988274 -0.66050909877669428 0.030594541965832181 -0.011951011741579622 -0.17865399013537628 -1.0911360833626469 0.10812165410981081 -2.0676442811213422 0.97021958459252888 -0.59517721424223247 2.9215783762325773 -0.25768963981668397 -0.644422146128386 2.0407845295407525 3.6154933208015962 -0.58299625590052784 1.1411686749992911 -0.73523894792710198 -0.58478611767120758 1.332487453104173 -0.37297886426333093
leaf_weight=20 205 311 527 677 525 120 386 123 732 1422 667 105 559 26 1211 310 577 219 521 254 380 617 3375 554 696 732 1681 1812 1013 683 2016 1678 177 104 638 585 2170 53 402 426 1268 457 66 975 124 768 818 20 102 387 104 733 216 23 535 93 163 235 194 54 232 257
leaf_count=20 205 311 527 677 525 120 386 123 732 1422 667 105 559 26 1211 310 577 219 521 254 380 617 3375 554 696 732 1681 1812 1013 683 2016 1678 177 104 638 585 2170 53 402 426 1268 457 66 975 124 768 818 20 102 387 104 733 216 23 535 93 163 235 194 54 232 257
internal_value=-0.00125889 0.0013474 -0.0104663 -0.000935331 -0.00262837 0.00614223 -0.00849035 -0.00914545 -0.00412554 0.00461212 -0.00750894 0.00186797 0.00125396 -0.00047081 -0.00281886 0.00306571 0.00347999 0.00414696 0.0100324 -0.00703003 0.00382558 -8.13173e-05 -0.0018591 0.00469808 -0.0127209 -0.0113947 0.00393593 -0.00854494 -0.00658594 -0.0021405 0.0028553 -0.00547558 0.00867808 -0.00210379 0.000301609 0.000487385 0.00155004 -0.0077381 0.00893429 -0.00649018 0.00930685 0.00857776 0.00632334 -0.00131661 -0.00559816 0.000596359 -0.018806 -0.0162298 -0.00341479 0.00741797 -0.0114097 0.00616039 0.00154799 0.00875 0.009788 0.00575397 -0.00950521 0.00257669 -0.0108295 -0.01481 0.011091 -0.00535248
internal_weight=37113 28923 8190 19589 11059 9334 6631 6113 8305 6713 4192 2754 8530 518 5744 3624 5260 2947 2621 2561 1856 4906 4586 3680 1921 1535 3103 3492 1680 898 2326 1932 2100 700 743 4347 2755 785 621 1158 1923 1453 764 1592 313 1580 1559 741 785 698 629 1113 320 577 1803 113 189 812 214 750 689 380
internal_count=37113 28923 8190 19589 11059 9334 6631 6113 8305 6713 4192 2754 8530 518 5744 3624 5260 2947 2621 2561 1856 4906 4586 3680 1921 1535 3103 3492 1680 898 2326 1932 2100 700 743 4347 2755 785 621 1158 1923 1453 764 1592 313 1580 1559 741 785 698 629 1113 320 577 1803 113 189 812 214 750 689 380
cat_boundaries=0 1 2 4 5 6 8 10 12 14 16 18 19 21 22 24 26 27 29 31 33 35 36 38 40 41 42
cat_threshold=512 800 2479374337 1327105 17 964 538443912 16 33886502 561510 2558660654 276544 806211743 1230390 1112023395 262195 134222848 1772645 3136 538186242 4736 3372 790544 16384 51429376 229386 1544 8421400 9 2241610277 8200 1216544 32 605454945 294912 1 2686189576 32899 2181321345 70161 1292 1285
is_linear=0
shrinkage=0.05


Tree=28
num_leaves=63
num_cat=13
split_feature=15 20 15 21 20 16 8 21 20 15 5 21 1 1 9 17 1 8 5 21 8 1 5 14 5 1 21 1 17 21 1 17 19 1 5 16 1 5 5 17 11 16 1 22 20 8 5 16 1 5 0 23 11 11 1 17 20 11 8 9 5 20
split_gain=333.577 115.036 52.9165 27.4716 21.2891 19.4995 13.477 13.2567 9.28681 9.10189 10.4096 9.65813 9.06253 8.11308 6.78313 6.61219 5.44749 5.24015 6.37817 5.00651 4.97791 6.01673 4.94244 4.87504 4.48773 4.44747 4.30806 4.1668 3.64888 3.60864 3.47735 3.35051 3.20467 3.20027 3.93034 3.36108 3.16757 3.06813 3.04335 3.01196 3.00806 2.85584 2.84488 2.84258 2.82088 2.8185 2.72594 2.57018 2.56011 2.53401 2.44669 2.43257 2.2877 2.10209 2.08515 2.07595 2.04824 2.03245 1.99722 1.97507 1.95496 1.93496
threshold=5.5000000000000009 153.50000000000003 10.500000000000002 115.05555555555557 290.50000000000006 1.7143053914371891 288.03000000000003 44.51315789473685 78.500000000000014 1.5000000000000002 110.50000000000001 68.677083333333357 0 1 1198.9600000000003 1.9673430017677587 2 385.85500000000008 130.50000000000003 57.519230769230781 798.10000000000014 3 210.50000000000003 3.5000000000000004 165.50000000000003 4 137.26785714285717 5 1.4697032788760447 104.05000000000001 6 1.4788620746640913 2446.2350000000001 7 210.50000000000003 1.3499488514921787 8 183.50000000000003 143.50000000000003 0.94736573926134826 2563.1450000000004 1.6656285657141485 9 10.442148157672895 31.500000000000004 288.03000000000003 311.50000000000006 1.941185080549509 10 73.500000000000014 11 11.500000000000002 2916.4750000000004 3260.7500000000005 12 1.2637369114378576 64.500000000000014 4876.1300000000001 85.330000000000013 410.39500000000004 40.500000000000007 202.50000000000003
decision_type=2 2 2 2 2 2 2 2 2 2 2 2 9 9 2 2 9 2 2 2 2 9 2 2 2 9 2 9 2 2 9 2 2 9 2 2 9 2 2 2 2 2 9 2 2 2 2 2 9 2 1 2 2 2 9 2 2 2 2 2 2 2
left_child=1 3 7 5 15 8 39 24 13 10 -8 -11 41 23 32 16 26 55 47 -15 21 -5 38 -1 30 -10 42 43 -4 54 56 -20 48 35 37 -26 53 -35 50 -7 45 57 -3 -24 -38 -23 -36 -19 -6 -46 -17 -27 -31 -22 -18 -14 -2 -9 -28 -50 -43 -29
right_child=2 4 28 20 14 6 9 12 25 11 -12 -13 17 19 -16 22 29 18 31 -21 36 40 27 -25 33 51 58 61 -30 52 -32 -33 -34 34 46 -37 44 -39 -40 -41 -42 60 -44 -45 49 -47 -48 -49 59 -51 -52 -53 -54 -55 -56 -57 -58 -59 -60 -61 -62 -63
leaf_value=-0.15692747639157717 -0.87276689956078679 0.080796588520078677 -0.87116651758421271 -0.22668068133145597 0.43091675840027011 -1.0902220399380405 -0.053234437713324215 -0.35654658802761363 0.31401896391812373 -0.37528380975158343 2.0075344475550811 0.047658602326619365 -0.77174000875421322 -0.82876066100711232 4.6654873056785418 1.6843953457922822 1.0535614380889247 -0.60520155818798005 -0.3724801229393549 -0.40556937396978904 0.76695229431517475 0.018441975063943163 1.8936608922197544 -1.409237073152819 -0.95297297882643761 -0.077384918438860958 2.0813177253638186 -0.18443995914107492 -0.66384363024061632 0.20532951822847212 -0.70247545334209482 0.019957770910426477 1.1782390480165306 -1.0893955003833558 -0.63191639102082142 -0.56040712004857063 0.49966651473478479 0.1380951451911841 1.9687266964161545 -0.60142574932628856 -0.34203738004973661 -0.72460887311919464 0.98393274517164997 0.71301031356142275 0.30954179973049956 0.67947121331780669 -0.25268986031209195 -0.42946526923803713 3.0422970735712989 1.1971380336546105 0.48541666090988828 -0.55905051753454205 0.9987189476899645 -0.44641446673362567 -0.50930415257676387 -0.51617214137821821 -0.47449799679316484 0.13304142235301414 0.9165688497322706 3.703557395558815 0.28674974039105833 0.91283974970500315
leaf_weight=1455 493 919 1416 955 108 331 1395 369 229 2725 1046 3525 843 1121 521 867 110 715 952 1242 129 650 380 46 213 830 141 277 143 652 364 386 177 84 359 255 280 104 424 548 198 48 471 246 262 1709 187 364 608 727 218 91 189 95 473 483 58 69 925 1207 285 421
leaf_count=1455 493 919 1416 955 108 331 1395 369 229 2725 1046 3525 843 1121 521 867 110 715 952 1242 129 650 380 46 213 830 141 277 143 652 364 386 177 84 359 255 280 104 424 548 198 48 471 246 262 1709 187 364 608 727 218 91 189 95 473 483 58 69 925 1207 285 421
internal_value=-0.00123599 0.00128518 -0.0101428 -0.000889394 0.00585306 -0.00198807 -0.000658101 -0.0081738 -0.00451465 -5.46354e-05 0.0025266 -0.00107149 -0.00660837 -0.00568916 0.00968941 0.0043441 0.0029745 -0.00762114 -0.00618802 -0.00752315 0.00230132 0.00125178 0.00619711 -0.00269155 -0.0114741 -0.000520382 0.00439449 0.00388093 -0.0184539 0.000452331 -0.0142429 -0.00380313 0.00834522 -0.00929461 -0.00669344 -0.0127859 0.00472928 -0.00026178 0.00818452 -0.00654762 0.00251946 -0.00149872 0.00251256 0.00680751 0.00567473 0.00303768 -0.00892532 -0.00908041 0.00894341 0.00698085 0.00664063 -0.00211456 0.00257701 -0.000632911 -0.00251706 -0.0102333 -0.0170656 -0.00419501 0.00682881 0.00936816 0.00186012 0.00105485
internal_weight=37113 28923 8190 19589 9334 14584 9570 6631 5014 8691 2441 6250 4514 3864 2621 6713 3880 3743 2417 2363 5005 3512 2833 1501 2117 1150 2456 1324 1559 1424 915 1338 2100 1202 734 468 1493 188 1509 879 2557 771 1390 626 1269 2359 546 1079 1923 989 1085 921 841 224 583 1326 551 438 1066 1815 333 698
internal_count=37113 28923 8190 19589 9334 14584 9570 6631 5014 8691 2441 6250 4514 3864 2621 6713 3880 3743 2417 2363 5005 3512 2833 1501 2117 1150 2456 1324 1559 1424 915 1338 2100 1202 734 468 1493 188 1509 879 2557 771 1390 626 1269 2359 546 1079 1923 989 1085 921 841 224 583 1326 551 438 1066 1815 333 698
cat_boundaries=0 2 4 6 8 10 12 14 16 18 20 22 23 25
cat_threshold=2454339585 1327137 365257880 419712 3088946323 1229874 136720442 1778309 18644992 70673 2517155999 1553 2718961666 332432 2183926343 20608 42078529 267296 537493633 33792 3309600 32 1 16777224 262152
is_linear=0
shrinkage=0.05


Tree=29
num_leaves=63
num_cat=3
split_feature=15 14 15 17 19 14 7 16 15 0 17 5 17 15 17 19 19 5 6 17 5 6 17 16 9 19 19 5 5 5 17 19 4 7 5 5 7 5 19 23 5 14 23 5 9 16 17 9 16 7 19 15 16 5 5 5 7 17 0 11 6 17
split_gain=307.572 54.6175 53.0225 37.4656 12.5275 11.3183 10.6151 9.44399 9.08219 8.98306 7.49379 6.71131 6.00687 5.57213 8.66934 5.17526 5.12213 4.79179 4.38987 4.16252 3.87007 3.67145 3.63566 3.50147 3.53535 3.45894 3.45777 3.42547 3.56706 3.38792 3.35648 4.31222 3.25341 3.12128 2.91513 2.74799 2.46821 2.4588 2.44218 3.95107 2.38547 2.28136 2.26341 2.18226 2.13927 2.12525 3.13626 2.3123 2.17616 2.07046 1.96119 1.88753 1.76236 1.75309 1.61736 1.60855 1.70285 1.55779 1.40289 1.37956 1.36318 1.67139
threshold=5.5000000000000009 1.5000000000000002 10.500000000000002 1.6095125282966587 1436.6949999999999 2.5000000000000004 726.9100000000002 1.7063916761553755 7.5000000000000009 0 2.4240271445233805 66.500000000000014 1.4054274137182259 1.5000000000000002 1.02240014157513 2987.3950000000004 3699.4950000000003 169.50000000000003 1376.8900000000001 1.0577355839216114 89.500000000000014 3650.2500000000005 1.4697032788760447 1.5305791159563371 2109.7650000000003 1137.5700000000002 217.14500000000001 171.50000000000003 215.50000000000003 145.50000000000003 0.66986026768764362 1382.0550000000003 1 -1.0000000180025095e-35 125.50000000000001 58.500000000000007 410.33500000000009 318.50000000000006 745.95500000000015 2.5000000000000004 269.50000000000006 3.5000000000000004 1.0000000180025095e-35 254.00000000000003 767.21500000000015 1.3636017878912841 1.2402422752990117 1457.5900000000004 2.1513994878699481 1654.5450000000003 1450.0699999999999 12.500000000000002 1.4780607498417486 15.500000000000002 42.500000000000007 33.500000000000007 1021.8850000000002 0.98508245476115186 2 275.56500000000005 2012.74 0.69951360853932698
decision_type=2 2 2 2 2 2 2 2 2 1 2 2 2 2 2 2 2 2 2 2 2 2 2 2 2 2 2 2 2 2 2 2 9 2 2 2 2 2 2 2 2 2 2 2 2 2 2 2 2 2 2 2 2 2 2 2 2 2 1 2 2 2
left_child=1 3 6 11 9 7 8 12 45 10 26 30 -3 20 32 35 19 41 53 -9 59 34 51 24 54 -16 -5 -10 52 -25 31 -1 -15 -21 -14 42 -12 -30 39 -32 -20 -7 -6 -22 -19 60 48 -48 -47 -31 -37 -4 -29 -11 -8 -17 -57 -40 -46 -13 -2 -62
right_child=2 5 22 4 15 17 23 16 27 18 36 13 21 14 25 55 -18 44 40 33 43 -23 -24 29 -26 -27 -28 28 37 49 38 -33 -34 -35 -36 50 -38 -39 57 -41 -42 -43 -44 -45 58 46 47 -49 -50 -51 -52 -53 -54 -55 -56 56 -58 -59 -60 -61 61 -63
leaf_value=-1.6095508920110744 -0.47278937726915871 -0.76120947203892375 -0.7573372231816502 1.4863140834206519 -0.41770935451377017 -0.72170822487376407 -0.71565228649755075 -1.0766967566743273 -0.7860251213639281 -0.41412935341533341 0.23422029507847952 2.0621611371363655 -0.33854754035913254 0.16620763871751551 0.37720486329369013 -1.5312995492994468 -1.2767928727610542 -1.4808027000473243 -0.33863053318411007 2.4525041113225488 -3.0022609796431436 -0.51136225473270613 -0.6306514487285857 -0.42647637278334649 -0.48642314679888354 -0.063553755396154807 0.92988489762027915 -0.69259885771414753 -0.74233072532775379 -0.038476154230242449 0.41920073470665359 0.42100942013335152 -0.21022891642139216 0.16032282152906491 -0.054637108266705071 -1.4262238428772229 3.611508836424004 -0.50503884764146112 -1.0011353264042739 -0.2308463750338639 1.1354777392412529 -1.0299151341022801 1.207656169019699 1.2318726203847641 0.36718839353253191 -0.59976800631933291 -0.22672718812332138 -0.9890206259926384 -0.41475426971497548 0.62768063300190635 1.0244215779342596 -0.9930209533153036 0.19330507824302448 1.6214735664209003 -0.025232028807619857 -0.50313260721181019 0.67102496250488675 -0.2130638798741977 -0.44315182702671341 2.8378729281396846 -0.82315169569778923 -0.66837220190780666
leaf_weight=158 291 338 656 1279 523 581 47 80 955 68 81 78 1494 641 3474 97 64 70 523 103 48 466 143 449 448 874 2453 109 452 463 441 64 2421 2235 2125 24 1688 246 102 887 175 120 223 208 173 575 829 106 568 70 2118 760 78 1382 233 236 90 419 88 211 76 636
leaf_count=158 291 338 656 1279 523 581 47 80 955 68 81 78 1494 641 3474 97 64 70 523 103 48 466 143 449 448 874 2453 109 452 463 441 64 2421 2235 2125 24 1688 246 102 887 175 120 223 208 173 575 829 106 568 70 2118 760 78 1382 233 236 90 419 88 211 76 636
internal_value=-0.00119962 0.00122122 -0.00975223 0.00255848 0.00457904 -0.00230793 -0.00778188 -0.00156702 -0.00897136 0.00569459 0.00677235 0.000344002 -0.00295413 0.00100842 0.000640766 0.00198401 0.000885312 -0.00719807 0.00290563 0.00128046 0.00588504 -0.00240338 -0.0180698 -0.00431991 -0.00697674 0.00207998 0.00546185 -0.0118014 -0.00931869 -0.00228426 -0.00218177 -0.008 -0.00138662 0.00168731 -0.0018429 0.00274991 0.00949492 -0.0109843 -0.00144438 -0.00026296 -0.000285307 -0.00955256 6.67557e-05 0.0011583 -0.00202096 -0.00725519 -0.006247 -0.00397122 -0.00804974 0.000326493 0.00365967 -0.0188865 -0.00276316 0.0044735 -0.00229682 -0.00311033 -0.00121581 -0.0043416 0 0.00984589 -0.00926938 -0.0105594
internal_weight=37113 28923 8190 20986 10960 7937 6631 6905 4921 7649 5501 10026 4423 7955 7410 3311 2482 1032 2148 2418 545 4085 1559 1710 728 4348 3732 1840 885 982 2071 222 3062 2338 3619 2888 1769 698 1849 1328 698 701 746 256 331 3081 2078 935 1143 533 2142 1416 187 1450 280 423 326 521 261 289 1003 712
internal_count=37113 28923 8190 20986 10960 7937 6631 6905 4921 7649 5501 10026 4423 7955 7410 3311 2482 1032 2148 2418 545 4085 1559 1710 728 4348 3732 1840 885 982 2071 222 3062 2338 3619 2888 1769 698 1849 1328 698 701 746 256 331 3081 2078 935 1143 533 2142 1416 187 1450 280 423 326 521 261 289 1003 712
cat_boundaries=0 1 2 3
cat_threshold=1 16 1
is_linear=0
shrinkage=0.05


Tree=30
num_leaves=63
num_cat=14
split_feature=15 21 21 21 21 19 0 19 2 21 2 2 10 19 2 7 2 2 4 7 2 2 15 17 18 7 6 2 5 22 10 2 22 17 10 9 17 22 4 21 15 22 11 10 7 21 4 11 10 9 9 22 7 6 7 22 19 7 15 17 10 9
split_gain=285.152 57.6854 55.1446 34.9518 39.117 13.9962 15.222 13.0321 12.013 11.4565 10.2351 8.71425 9.90839 8.5963 8.29682 7.21148 6.90079 6.61041 6.24304 6.12131 5.63652 5.23336 5.22701 4.75753 4.17643 3.79186 3.38742 3.29789 3.23899 3.08808 3.04762 3.03241 2.93957 2.88706 3.89379 2.81547 3.81463 2.67059 2.57801 2.15205 2.14083 2.2496 2.13469 3.50054 2.12559 2.09877 2.05455 2.16722 1.94719 1.92601 1.91668 1.90669 2.00571 1.83519 2.00379 2.16552 1.79067 1.68264 1.67385 1.65726 1.67806 1.61058
threshold=5.5000000000000009 127.08333333333336 35.763888888888893 7.5000000000000009 63.029411764705891 2773.8450000000003 0 1120.8550000000002 1 215.70833333333334 2 3 711.05500000000018 1517.8900000000001 4 248.01500000000001 5 6 7 710.0150000000001 8 9 7.5000000000000009 0.69951360853932698 1.4018649933634906 619.82000000000005 5898.4900000000007 10 215.50000000000003 40.200025664965729 2323.275000000001 11 1.4571067811865479 1.2585155410019777 1309.6100000000004 551.12500000000023 1.2585155410019777 139.33681727070672 12 53.52272727272728 13.500000000000002 17.3860206509104 803.66000000000008 756.61500000000024 654.86000000000013 149.3666666666667 13 937.18000000000006 868.75500000000011 567.71500000000015 524.59500000000014 32.171045838443874 284.2050000000001 5620.6000000000013 619.82000000000005 14.62885792898321 929.93999999999994 1080.5100000000002 8.5000000000000018 1.1948821139688892 2525.7050000000008 1653.4050000000002
decision_type=2 2 2 2 2 2 1 2 1 2 1 1 2 2 1 2 1 1 9 2 1 1 2 2 2 2 2 1 2 2 2 1 2 2 2 2 2 2 9 2 2 2 2 2 2 2 9 2 2 2 2 2 2 2 2 2 2 2 2 2 2 2
left_child=1 3 17 5 10 6 7 30 15 20 51 12 -8 14 23 42 -9 28 -16 22 24 -17 -10 -6 38 27 -7 49 -2 32 -1 39 -12 34 -22 -23 -37 -27 50 58 41 -19 -4 -44 45 -35 47 -29 -45 -11 -3 -5 -53 54 -30 -56 -13 -43 -21 -26 -61 -39
right_child=2 9 8 4 13 26 11 16 19 25 29 56 -14 -15 18 21 -18 40 -20 31 33 35 -24 -25 59 37 -28 46 53 -31 -32 -33 -34 44 -36 36 -38 61 -40 -41 -42 57 43 48 -46 -47 -48 -49 -50 -51 -52 52 -54 -55 55 -57 -58 -59 -60 60 -62 -63
leaf_value=1.9679005847594802 -0.43933461602122748 -0.56632937204381339 0.090769254563624113 -0.31206652678609004 -1.1164300365975017 -0.4091686363573544 0.32255751305157471 1.1488243584339444 -0.50060014392126462 2.3578932441958984 -0.66090916421320367 0.90818981669993448 -1.2907796270293117 -0.40882291061147175 0.086561039434703002 0.099498315665809051 0.019674145312389868 -0.81091297301311749 -0.17228218108120644 -0.36486075205386331 0.57126445562857675 0.40629738108179403 -0.71543498652655169 0.33726153175534218 -0.061175389600827405 2.3273423478892292 -1.2193997565029742 1.8660930251688059 -0.62899853790928406 -0.25778026440335466 0.34813275779335129 -0.48674470660372865 -0.92896009559493753 0.13391761470150954 -0.51849264120544591 -0.48854826326406348 -0.22889487054405536 1.5323663385550006 0.34421908795807354 0.20632490634944889 -1.0444365505267943 -0.8370159001186499 -0.90269311994554835 0.13711459423083686 1.0532863904422756 0.9795954731863632 1.356349696437519 -1.3941506880307557 -0.70241686847414186 1.2812240199105176 -0.0033059264689512704 -0.55878237163428179 0.35519166234374389 -0.9439032280881664 -0.55769196287291722 0.28868026561767252 -0.30954531785039524 -0.094716408879962799 0.13287089853467668 1.8078075774909721 0.47970844417580455 -1.5538305612177596
leaf_weight=1898 219 246 32 747 69 601 406 1533 1861 559 635 721 452 1317 2693 354 1773 654 3794 164 603 86 1113 1800 56 1212 99 100 201 124 253 677 943 457 211 561 709 121 1248 173 424 286 171 46 1399 899 592 69 201 138 499 60 156 76 49 46 178 27 60 181 54 27
leaf_count=1898 219 246 32 747 69 601 406 1533 1861 559 635 721 452 1317 2693 354 1773 654 3794 164 603 86 1113 1800 56 1212 99 100 201 124 253 677 943 457 211 561 709 121 1248 173 424 286 171 46 1399 899 592 69 201 138 499 60 156 76 49 46 178 27 60 181 54 27
internal_value=-0.00116324 0.00116763 -0.00939827 -0.000291286 -0.00195689 0.00229885 0.00295829 0.00426282 -0.00706005 0.00457978 -0.00731822 -0.00106534 -0.00464983 -0.000472819 0.00011365 -0.00393465 0.00226655 -0.0166751 -0.000726923 -0.00868013 0.00330003 -0.00242265 -0.00989251 0.00304198 0.00130605 0.00721375 -0.00440967 0.00533881 -0.0111341 -0.00965015 0.00730037 -0.0053389 -0.0103099 0.00454355 0.00183599 -0.00383492 -0.00447761 0.00917095 0.000463427 -0.00152439 -0.01875 -0.0171907 -0.00960265 -0.0105701 0.00533901 0.00382634 0.00281008 -0.00178571 -0.0063 0.00785211 -0.00181398 -0.00299693 0.000913242 -0.0142667 -0.0118729 -0.00484694 0.00233004 -0.0128956 -0.00484581 0.00688776 0.00871849 0.00231788
internal_weight=37113 28923 8190 20252 12338 7914 7214 5457 6208 8671 2665 1757 858 9673 8356 2160 3306 1982 6487 4048 5853 1710 2974 1869 2284 2818 700 1458 591 1702 2151 1074 1578 3569 814 1356 1270 1360 1993 397 1391 967 450 418 2755 1356 761 169 247 697 745 963 216 372 296 95 899 313 224 291 235 148
internal_count=37113 28923 8190 20252 12338 7914 7214 5457 6208 8671 2665 1757 858 9673 8356 2160 3306 1982 6487 4048 5853 1710 2974 1869 2284 2818 700 1458 591 1702 2151 1074 1578 3569 814 1356 1270 1360 1993 397 1391 967 450 418 2755 1356 761 169 247 697 745 963 216 372 296 95 899 313 224 291 235 148
cat_boundaries=0 1 2 3 4 5 6 7 8 9 10 11 12 13 14
cat_threshold=1 1804 1566 1329 896 3876 1548 24 3097 512 362 2082 9 4
is_linear=0
shrinkage=0.05


Tree=31
num_leaves=63
num_cat=11
split_feature=15 20 21 21 16 8 2 23 2 20 8 2 7 15 5 21 7 20 18 2 0 20 20 2 21 2 23 2 2 16 5 18 20 20 8 10 7 2 21 7 8 7 16 21 11 10 11 18 7 10 11 2 23 11 15 20 23 5 21 9 8 23
split_gain=266.637 96.6892 55.4799 33.361 17.5672 12.0651 11.8047 9.42507 7.79416 7.50069 7.38772 7.12168 6.65537 6.50564 7.92216 6.33532 5.94063 5.56978 6.72562 5.40104 6.17748 5.38843 5.16393 4.93809 4.10399 3.80663 3.71449 3.60538 3.25143 3.18694 3.12911 3.11745 3.1167 3.04956 3.28214 2.93352 2.82308 2.72441 2.67581 2.41289 2.37737 2.02602 1.99034 1.96062 1.90972 2.22375 1.84945 2.07182 1.82975 1.82793 1.80212 1.76289 1.72344 2.55206 1.58518 2.16154 1.55243 1.52905 1.51032 1.45007 1.38412 1.36215
threshold=5.5000000000000009 198.50000000000003 36.242647058823536 104.05000000000001 1.7143053914371891 299.99500000000006 0 2.5000000000000004 1 70.500000000000014 1229.1400000000001 2 719.94500000000016 1.5000000000000002 110.50000000000001 127.08333333333336 248.01500000000001 315.50000000000006 0.38490143391698811 3 4 119.50000000000001 38.500000000000007 5 177.55000000000004 6 11.500000000000002 7 8 1.4691762355204305 215.50000000000003 1.091930739815369 35.500000000000007 55.500000000000007 1192.1800000000003 2480.1800000000007 1227.2500000000002 9 127.08333333333336 1263.4900000000002 272.59500000000008 310.62500000000006 1.9999873053070043 46.033333333333339 826.69500000000016 743.04500000000007 2175.9700000000007 1.1269014052426869 1849.7300000000002 1999.1600000000001 3842.7850000000003 10 7.5000000000000009 3078.1150000000002 2.5000000000000004 243.50000000000003 17.500000000000004 276.50000000000006 302.25000000000006 1778.8850000000004 872.6350000000001 3.5000000000000004
decision_type=2 2 2 2 2 2 1 2 1 2 2 1 2 2 2 2 2 2 2 1 1 2 2 1 2 1 2 1 1 2 2 2 2 2 2 2 2 1 2 2 2 2 2 2 2 2 2 2 2 2 2 1 2 2 2 2 2 2 2 2 2 2
left_child=1 3 11 4 9 37 16 17 10 19 21 30 33 14 -7 39 44 23 -19 59 -21 24 -15 -3 -5 -18 28 35 -11 -27 60 49 -13 34 43 -14 -34 40 -33 46 -6 -25 -37 -8 -4 -46 47 -9 -12 58 -40 61 53 -35 55 -53 -31 -51 -10 -1 -2 -17
right_child=2 7 6 8 5 13 12 15 31 26 48 32 27 22 -16 51 25 18 -20 20 -22 -23 -24 41 -26 29 -28 -29 -30 56 -32 38 36 52 -36 42 -38 -39 50 -41 -42 -43 -44 -45 45 -47 -48 -49 -50 57 -52 54 -54 -55 -56 -57 -58 -59 -60 -61 -62 -63
leaf_value=-0.23921618193143104 -0.51908001809677207 2.6385380638110023 0.10027980971561057 -0.022044579620654051 -0.72012986445169069 -0.073942216119025517 -0.66848406441943009 -0.52027355684451138 -0.050845705718131032 -0.32274333976975883 1.4131785363953804 -0.84332048543341731 0.31261085589716942 -0.46862927097110685 1.7750962667694949 -0.13185271076764379 0.096297282874537163 3.1566889929980597 4.9476869496450924 -0.41634200462085719 -0.87906949730523642 0.76042394155797988 -0.018220571665224838 0.63138592624409573 1.5231706023401133 -0.54299135885793104 -0.45417221793972473 -0.45286997774936766 0.027941956683490334 0.00046744939183085421 -0.57726066944644516 -0.010195150177356638 -0.77787237939208342 -0.12889478515090644 -0.037539524765004197 -0.30394689270665509 -0.089980588435964751 -1.0050251367803813 0.95825491420048936 1.4687601458287873 0.26814476815772859 1.3195639266894306 0.088347022136976969 -0.61798459364109926 -0.98634886978672542 -0.60319296788541221 -0.68636010035180994 1.0940799626619118 0.33746589727004167 -0.71119932673644759 -0.026554022234552124 0.78884461981076159 -0.46589363964386515 -0.54074227057912128 2.0132690585678574 1.8228623037804887 -0.46228502825146744 0.090129658301439264 1.9048724193720166 0.11934726003085815 -0.19216607338750402 1.1707935377216458
leaf_weight=643 125 417 27 1591 332 1387 694 332 2211 309 524 998 134 1099 1043 210 347 880 951 1377 862 1766 5387 273 517 303 189 664 1167 558 384 512 426 253 80 270 35 562 529 81 100 1922 113 1199 127 206 100 50 64 130 155 260 911 157 109 336 78 76 144 137 101 189
leaf_count=643 125 417 27 1591 332 1387 694 332 2211 309 524 998 134 1099 1043 210 347 880 951 1377 862 1766 5387 273 517 303 189 664 1167 558 384 512 426 253 80 270 35 562 529 81 100 1922 113 1199 127 206 100 50 64 130 155 260 911 157 109 336 78 76 144 137 101 189
internal_value=-0.00117267 0.00108121 -0.00913585 -0.000413087 -0.0018497 -0.000650661 -0.00672355 0.00666612 0.00213148 -0.0043738 0.0035419 -0.0162283 -0.00806038 -6.16661e-05 0.00213728 0.0033982 -0.00298373 0.00787787 0.0100463 -0.00586532 -0.0071159 0.00273407 -0.00089382 0.00632887 0.000994789 -0.00135764 -0.00163369 -0.00475084 -0.000743746 -0.00301996 -0.0106742 0.000431034 -0.0182914 -0.00925083 -0.0105643 -0.00136792 -0.0143858 -0.0058676 0.00254379 -0.000839223 -0.00247191 0.0052423 -0.00369171 -0.0109836 -0.00867769 -0.00974702 -0.00226804 -0.000519481 0.00879865 -0.000536271 0.00458515 0.00560072 -0.00723187 -0.00423729 0.00713788 0.00601002 -0.000938967 -0.00502392 -0.000116624 -0.00208071 -0.00567686 0.00248786
internal_weight=37113 28923 8190 22813 14594 9910 6121 6110 8219 4684 4462 2069 4475 8916 2430 1667 1646 4443 1831 3019 2239 3874 6486 2612 2108 1286 1665 1181 1476 939 610 3757 1459 3294 1973 517 461 994 1196 563 432 2195 383 1893 360 333 482 382 588 2561 684 1104 1321 410 705 596 636 206 2355 780 226 399
internal_count=37113 28923 8190 22813 14594 9910 6121 6110 8219 4684 4462 2069 4475 8916 2430 1667 1646 4443 1831 3019 2239 3874 6486 2612 2108 1286 1665 1181 1476 939 610 3757 1459 3294 1973 517 461 994 1196 563 432 2195 383 1893 360 333 482 382 588 2561 684 1104 1321 410 705 596 636 206 2355 780 226 399
cat_boundaries=0 1 2 3 4 5 6 7 8 9 10 11
cat_threshold=1796 996 1548 525 1 288 512 2090 2066 1922 3077
is_linear=0
shrinkage=0.05


Tree=32
num_leaves=63
num_cat=21
split_feature=15 15 14 17 2 7 1 1 16 22 2 19 1 1 1 7 10 1 1 7 22 7 1 2 10 16 13 17 7 16 19 17 1 10 8 2 2 19 17 19 15 22 7 4 1 19 10 15 2 15 1 2 0 10 17 5 1 7 15 5 16 5
split_gain=249.69 53.9904 43.0202 28.907 11.2634 10.2182 10.637 9.99679 9.56612 8.19459 7.7009 7.49011 7.44979 7.03549 6.72613 5.63525 5.61318 5.58714 5.32656 5.07572 4.93094 3.95453 3.89736 3.82507 4.18034 3.65022 3.98575 3.61506 3.5934 3.58744 3.56267 3.54427 3.5304 3.50142 3.44667 3.3519 3.25502 3.24234 2.88235 2.86397 2.75635 2.63685 2.5592 2.49742 2.46741 2.40283 2.39032 2.30855 2.25203 2.08036 2.04229 1.98088 2.47392 2.06668 1.99582 1.9407 1.93826 1.88626 1.81828 1.61472 1.57904 1.57296
threshold=5.5000000000000009 10.500000000000002 1.5000000000000002 1.6095125282966587 0 1009.8600000000001 1 2 1.0259625827648244 50.382012874549652 3 2987.3950000000004 4 5 6 436.56500000000005 1602.8500000000001 7 8 502.85500000000008 12.293013514647027 945.2850000000002 9 10 189.15500000000003 1.7143053914371891 1.5000000000000002 1.0000009304835726 1080.5100000000002 1.7506055439321841 3353.2800000000002 1.4697032788760447 11 2134.7550000000006 2074.3750000000005 12 13 1617.05 2.0000018609671453 1912.9850000000001 7.5000000000000009 100.40990986671626 363.51500000000004 14 15 1162.6850000000002 2894.4100000000003 3.5000000000000004 16 2.5000000000000004 17 18 19 970.60500000000013 1.4054274137182259 119.50000000000001 20 1290.0650000000003 13.500000000000002 141.50000000000003 1.8894461770014306 306.50000000000006
decision_type=2 2 2 2 1 2 9 9 2 2 1 2 9 9 9 2 2 9 9 2 2 2 9 1 2 2 2 2 2 2 2 2 9 2 2 1 1 2 2 2 2 2 2 9 9 2 2 2 1 2 9 1 1 2 2 2 9 2 2 2 2 2
left_child=2 4 3 9 13 11 39 19 32 14 17 12 15 -2 35 -5 -14 59 30 40 -9 33 27 42 -25 26 -20 47 60 46 55 58 -4 -19 -27 43 -24 -23 44 41 -6 -7 -16 -1 -8 -40 -21 -11 -31 -29 -37 54 -53 -54 -34 -12 -42 -38 61 -10 -22 -3
right_child=1 31 8 5 7 6 38 20 10 22 18 -13 16 -15 23 -17 -18 21 25 29 28 37 36 24 -26 34 -28 49 -30 48 -32 -33 51 -35 -36 50 57 -39 45 -41 56 -43 -44 -45 -46 -47 -48 -49 -50 -51 -52 52 53 -55 -56 -57 -58 -59 -60 -61 -62 -63
leaf_value=0.084542004197356857 0.23847793411134363 -0.65850536944594573 0.13562439525525358 -0.8370019260758671 -0.54345127635248114 0.46598721987364017 -0.31081294630641881 -0.64586700973898159 -1.2746276024830105 0.72794095583445828 0.18914053364173428 -0.65164507090206314 1.0356646687873627 -0.26323135016163984 -0.83367355708949731 0.64817533255631055 -0.71997902832057581 0.093899352200920563 -0.37334753760710843 -0.4345559038007073 -0.24844421955540633 0.73017967914416182 0.43910346198576211 1.333383102017291 -0.12908990976129076 -0.158676031909258 -1.0449459243600216 -0.098022390062368112 0.55873979668864782 -0.65229565080982965 -1.1527105075435231 -0.5308934829903198 -1.6614430471472088 -0.35101031175833769 -1.7879662005436723 0.51099292059102985 -0.46490059603743106 -0.41765255471483587 2.7731896697585712 -0.78946536458623351 -0.48571795690069203 3.6652932277608232 -0.24209201277258963 -0.42403470630303208 1.0874416903136535 1.3014088959356016 -0.56874887223522497 -0.54329225865427022 -0.13951379155294674 0.8677963227914347 0.10510547835360279 -0.80566886390458314 -0.61577601301028428 -1.1073216907883219 -0.15285140191115332 -0.30547416365185642 -0.78563692393837992 1.250796454822805 -0.90225445915359437 -0.27007700105556015 -0.12107969039580785 -0.41374075548999034
leaf_weight=827 205 715 101 328 1461 686 117 232 56 329 499 305 6105 313 343 559 204 1923 1605 642 838 478 540 269 2524 1181 67 114 143 167 43 143 32 301 76 648 554 71 1343 130 257 65 782 476 613 505 633 177 620 937 1456 445 44 194 217 174 772 50 559 430 348 142
leaf_count=827 205 715 101 328 1461 686 117 232 56 329 499 305 6105 313 343 559 204 1923 1605 642 838 478 540 269 2524 1181 67 114 143 167 43 143 32 301 76 648 554 71 1343 130 257 65 782 476 613 505 633 177 620 937 1456 445 44 194 217 174 772 50 559 430 348 142
internal_value=-0.00114304 -0.00884902 0.00103799 0.00222497 -0.00686238 0.00399982 0.00626083 -0.00745593 -0.00209383 0.00027919 -0.00141161 0.00294843 0.00327823 0.000188324 -0.000583379 -0.000972222 0.00387931 0.000343826 -0.0029866 -0.00866375 -0.00385959 0.00122936 0.00263499 -0.00199695 -0.000971133 -0.0039344 -0.00549254 0.00425159 -0.0026464 -0.00675545 0.000823045 -0.0172375 -0.00658784 0.000269421 -0.00184524 0.0010307 0.000345722 0.00502717 0.00787341 0.00137025 -0.0102487 0.00261936 -0.00445958 -0.000930851 0.00504775 0.00899514 -0.00843114 0.000687623 -0.0039557 0.00595351 0.00226736 -0.00751323 -0.0090158 -0.0134855 -0.00295802 0.00181213 -0.0123789 -0.00210697 -0.0180409 -0.00450902 -0.00357443 -0.0161337
internal_weight=37113 8190 28923 20986 6631 10960 3459 6113 7937 10026 6904 7501 7196 518 7325 887 6309 3259 3645 4552 1561 2773 2701 3918 2793 2929 1672 1557 1329 2062 716 1559 1033 2224 1257 3407 1144 549 2578 881 2490 751 1125 1303 730 1848 1275 506 787 1051 2104 932 683 238 249 673 1029 604 1416 486 1186 857
internal_count=37113 8190 28923 20986 6631 10960 3459 6113 7937 10026 6904 7501 7196 518 7325 887 6309 3259 3645 4552 1561 2773 2701 3918 2793 2929 1672 1557 1329 2062 716 1559 1033 2224 1257 3407 1144 549 2578 881 2490 751 1125 1303 730 1848 1275 506 787 1051 2104 932 683 238 249 673 1029 604 1416 486 1186 857
cat_boundaries=0 1 3 5 6 8 10 12 14 16 18 19 21 22 23 24 25 26 28 29 30 32
cat_threshold=512 2329977921 1152050 607393502 594838 1932 145768992 1325057 538443912 16 412934833 239035 11022694 96 19481616 213540 622085767 1425426 3585 50188 65536 3153 3496 28 67895312 129 411582992 137 523 1 2098316 528
is_linear=0
shrinkage=0.05


Tree=33
num_leaves=63
num_cat=8
split_feature=15 20 21 21 21 21 2 17 5 17 2 2 8 2 7 2 16 15 2 20 21 10 20 11 6 21 21 16 19 19 2 16 2 20 5 7 6 10 7 5 7 11 9 15 20 8 19 19 21 20 21 6 10 8 17 20 19 19 5 21 17 20
split_gain=229.432 86.6804 54.3022 29.1976 16.9823 17.1803 11.2333 9.65233 7.9679 9.99389 7.9005 7.22835 7.05362 6.36466 6.18122 5.99446 5.9277 5.67867 5.29926 5.12291 4.52356 4.96238 4.4352 4.00524 3.71562 3.69645 4.71419 3.6938 3.66268 3.34961 3.33848 3.47488 3.259 3.20098 3.17471 3.16223 2.85632 3.07925 2.83802 2.82189 2.75861 2.66281 2.53157 2.51811 2.42212 2.34348 2.3252 2.31846 2.30326 2.17692 1.97761 1.95964 2.75462 1.88583 1.87011 1.86442 1.83541 1.73737 1.69276 1.67781 1.65402 1.52363
threshold=5.5000000000000009 188.50000000000003 35.763888888888893 87.527777777777786 7.5000000000000009 63.029411764705891 0 1.9673430017677587 72.500000000000014 2.1276771679597974 1 2 620.02500000000009 3 385.85500000000008 4 1.6656285657141485 8.5000000000000018 5 245.50000000000003 116.05555555555557 1829.1050000000005 120.50000000000001 379.11500000000007 1734.8500000000001 1.0000000180025095e-35 212.70833333333334 0.99964393156750286 1372.6450000000002 3106.7700000000004 6 1.4691762355204305 7 42.500000000000007 215.50000000000003 1227.2500000000002 3372.3600000000001 363.98500000000007 502.85500000000008 74.500000000000014 964.53000000000009 2997.8350000000005 2347.9950000000003 7.5000000000000009 136.50000000000003 1842.3300000000004 227.96999999999994 2825.1550000000007 210.41666666666671 82.500000000000014 148.07142857142858 3056.7900000000004 658.6350000000001 1800.5350000000003 1.0848324498708537 103.50000000000001 1668.1100000000001 2568.335 39.500000000000007 56.51315789473685 1.3778579273416878 22.500000000000004
decision_type=2 2 2 2 2 2 1 2 2 2 1 1 2 1 2 1 2 2 1 2 2 2 2 2 2 2 2 2 2 2 1 2 1 2 2 2 2 2 2 2 2 2 2 2 2 2 2 2 2 2 2 2 2 2 2 2 2 2 2 2 2 2
left_child=1 3 13 4 8 10 14 18 29 24 45 12 20 34 43 27 -11 38 57 32 55 -22 -12 -21 -10 47 -27 -7 -17 40 -16 54 -9 -15 -2 -35 37 56 59 44 -1 -40 -19 -4 -14 -6 -34 -25 -41 -38 -39 -20 -53 -33 -32 -5 -13 -3 -43 -8 -45 -44
right_child=2 7 6 11 5 15 17 19 9 16 22 36 39 33 30 28 -18 42 51 23 21 -23 -24 25 -26 26 -28 -29 -30 -31 31 53 46 35 -36 -37 49 50 41 48 -42 58 61 60 -46 -47 -48 -49 -50 -51 -52 52 -54 -55 -56 -57 -58 -59 -60 -61 -62 -63
leaf_value=-0.59928417256672262 -0.36712798647029282 1.7410463594627161 -0.32641550368792277 -0.2304329270307843 -0.22107753546227046 -1.487762687370985 -0.58518596945274293 1.4279744528846408 -1.741254238872413 -0.18808144862200146 -0.73498495902915539 -0.97790833856495285 -0.65272300734770006 -0.76215804236951357 0.12980769031228406 -0.19506512350140889 0.94702820814185107 -0.62169810965616046 0.59670390489485958 2.0382887845059474 0.46722548329142377 -1.9636131471330995 -0.093822387875138705 4.7902578177514599 -0.22048136363750859 1.23474486797681 2.962807655962159 0.1875551148944169 -0.58823245368742649 -0.90519142908361483 -0.88203543993271583 -0.10374370810450557 1.4160955427861552 -0.72327342005591722 -0.52219898781512808 0.41914974220925461 -0.57041273417867266 0.014405889861329513 0.20184254066751636 0.5883726393596177 0.28170146382775701 -0.48462783051053082 0.25679691499993712 -0.70627430683776127 1.0957276944010954 0.69466057347524179 0.39031239550419206 -0.84940515058771604 1.985040310745366 -0.065425883038227536 0.63899326941707324 -0.88919518682679244 0.46117835310236721 0.63222165542515896 -0.38878218857750685 0.12361012652275179 0.1364935930864995 -0.2927366275397702 -0.30548130646627031 -0.35295757471827366 -0.47239817555877939 -0.58569266631405981
leaf_weight=1089 219 740 508 800 771 38 872 467 268 708 1580 133 117 1101 277 2358 2312 730 1418 318 1922 48 135 906 874 766 755 687 426 166 35 663 259 265 372 25 392 2084 133 2006 394 351 23 260 60 24 615 22 265 927 1126 160 266 36 278 417 59 45 1043 831 103 65
leaf_count=1089 219 740 508 800 771 38 872 467 268 708 1580 133 117 1101 277 2358 2312 730 1418 318 1922 48 135 906 874 766 755 687 426 166 35 663 259 265 372 25 392 2084 133 2006 394 351 23 260 60 24 615 22 265 927 1126 160 266 36 278 417 59 45 1043 831 103 65
internal_value=-0.00116324 0.000927366 -0.00854998 -0.000579116 -0.00227753 -0.00413899 -0.00623088 0.00589392 -0.000339697 0.000816327 -0.00730203 0.00135631 0.00256285 -0.0157683 -0.00322135 -0.00185792 0.00233212 -0.00779365 0.00348594 0.00741912 0.000995298 0.00248353 -0.00921586 0.00867329 -0.0031441 0.0093699 0.00772638 0.00213415 -0.00291384 -0.0032839 -0.000986842 -0.00234146 0.00478051 -0.0177885 -0.0103891 -0.0124573 -7.92142e-05 0.000675477 -0.00682029 0.00458996 -0.00247308 -0.00514706 -0.0116322 -0.00649314 -0.00125 -0.00293936 0.00276212 0.0119764 0.00506816 -0.00206127 0.0010582 0.00193861 -0.000932401 -0.000320513 -0.00672468 -0.00137295 -0.00538462 0.00692356 -0.00579814 -0.0082796 -0.00976776 -0.00274725
internal_weight=37113 28923 8190 22186 11830 6019 6208 6737 5811 4162 2510 10356 5635 1982 2160 3509 3020 4048 2629 4108 3187 1970 1715 2767 1142 2449 1521 725 2784 1649 1289 1012 1341 1391 591 290 4721 3402 3230 2448 1483 1527 818 871 177 795 874 928 2271 1319 3210 1844 426 699 313 1217 192 785 1394 1703 363 88
internal_count=37113 28923 8190 22186 11830 6019 6208 6737 5811 4162 2510 10356 5635 1982 2160 3509 3020 4048 2629 4108 3187 1970 1715 2767 1142 2449 1521 725 2784 1649 1289 1012 1341 1391 591 290 4721 3402 3230 2448 1483 1527 818 871 177 795 874 928 2271 1319 3210 1844 426 699 313 1217 192 785 1394 1703 363 88
cat_boundaries=0 1 2 3 4 5 6 7 8
cat_threshold=1804 1550 996 1548 1792 928 512 1968
is_linear=0
shrinkage=0.05


Tree=34
num_leaves=63
num_cat=8
split_feature=15 20 15 21 16 21 17 17 20 2 2 2 7 21 2 2 2 10 17 7 21 16 18 21 21 5 7 18 2 20 2 16 20 17 5 5 18 17 6 21 5 15 6 10 18 18 17 10 21 9 7 20 5 5 20 18 18 21 21 5 6 7
split_gain=214.961 77.459 53.6724 28.0445 13.3176 12.1417 10.8592 9.22214 8.28997 8.13865 6.79083 6.23766 5.20507 4.96433 4.84288 4.72327 4.60411 4.32566 4.09559 4.03701 4.86311 3.88591 3.84932 3.79472 6.80919 3.68856 3.65139 3.50056 3.42802 3.3499 3.32104 3.28804 3.11105 3.0517 2.567 2.39704 2.24181 2.10053 2.05753 2.00889 1.92893 1.87239 1.84884 1.81963 1.81346 1.80745 1.90659 1.80027 1.78875 1.77824 1.77618 2.85118 1.73356 1.72766 1.72201 1.71856 1.68895 1.59734 1.49646 1.47591 1.42874 1.41355
threshold=5.5000000000000009 198.50000000000003 10.500000000000002 114.06250000000001 1.7143053914371891 44.51315789473685 0.63395837775238928 1.9673430017677587 70.500000000000014 0 1 2 986.95000000000005 63.029411764705891 3 4 5 763.44500000000016 1.4697032788760447 803.25500000000011 182.77500000000003 1.4875021723648842 0.14455548908517205 39.535885167464123 215.70833333333334 222.50000000000003 719.94500000000016 1.0694215786822128 6 127.50000000000001 7 1.574676793999658 82.500000000000014 1.8461546955788284 12.500000000000002 30.500000000000004 1.5067606126431283 1.6703538930915829 5279.9100000000008 130.70833333333334 171.50000000000003 3.5000000000000004 2501.0100000000007 1999.1600000000001 0.41775436328695587 1.1696523001919772 0.69951360853932698 2552.6200000000003 71.759615384615401 223.37499999999997 771.79500000000019 327.50000000000006 276.50000000000006 286.50000000000006 62.500000000000007 1.2167810168977449 0.99653801466417535 302.25000000000006 250.58333333333334 188.50000000000003 1376.8900000000001 310.62500000000006
decision_type=2 2 2 2 2 2 2 2 2 1 1 1 2 2 1 1 1 2 2 2 2 2 2 2 2 2 2 2 1 2 1 2 2 2 2 2 2 2 2 2 2 2 2 2 2 2 2 2 2 2 2 2 2 2 2 2 2 2 2 2 2 2
left_child=1 3 5 4 8 16 -6 14 13 17 19 34 -13 15 58 -1 60 49 36 20 29 45 -9 50 48 40 -11 43 54 -5 32 -27 -10 -15 -8 37 -4 -16 -30 55 -19 -32 -37 57 -44 -18 -47 -41 -25 -7 56 -52 -45 -23 -28 -29 -24 -12 -3 -22 -2 -26
right_child=2 7 18 10 6 9 11 22 30 26 27 12 -14 33 35 -17 21 25 -20 -21 59 53 23 24 61 31 28 39 38 -31 41 -33 -34 -35 -36 42 -38 -39 -40 47 -42 -43 44 52 -46 46 -48 -49 -50 -51 51 -53 -54 -55 -56 -57 -58 -59 -60 -61 -62 -63
leaf_value=-0.0081541147097428986 0.19930041416192079 1.2090970079611916 -0.71675290489614396 -0.066786607381347105 -1.0075365797791225 0.067545501282550907 -0.61259178526063496 0.15855048547564934 -0.060145920966522229 -0.45314886748464683 -0.062154588886316732 -0.025712538354118311 0.40618249854547134 -0.32410638915855189 -0.90939163593799821 -0.65064671885103909 -0.73364545892012778 -0.43784282195387975 -0.48072890006286467 0.99704614480316067 1.356883554375071 -0.53762485405784521 3.0230687951426698 -2.6233178841418523 0.14812222773720549 -0.41524323180538975 -0.43763448159151558 0.5724373562293934 0.1986875211097674 0.53889288309524519 -0.015883682886552463 0.043670666458218224 0.35883256942190905 -0.016933635527769299 -0.18553531434465961 0.8641304833106247 -0.55297951416644053 0.96502869475458941 -0.36807864285012465 0.90053475075857825 0.13850860384443636 -0.28708891540767001 -1.0475084820324996 -0.76969789961773794 0.36032504703182228 0.012494055024503226 -0.61012030632304826 -0.18418701825991876 1.0150504306806796 -0.79878450521145727 1.8780772987613574 7.6310066940352943 0.11383357465249021 -0.19958112011053686 -0.16636461819944942 -0.17452808188902438 -1.6763884910403464 1.7769175223892504 3.4670833334164612 0.44660327928503424 -0.23496759520195171 2.6198583565386286
leaf_weight=232 30 648 690 1113 336 39 355 182 404 2174 1835 5308 1983 830 163 1558 339 166 143 1042 679 750 706 50 38 455 310 77 224 709 471 303 294 572 2882 991 726 79 43 561 448 698 87 105 192 35 548 116 1225 149 315 307 59 249 203 238 20 144 110 212 166 997
leaf_count=232 30 648 690 1113 336 39 355 182 404 2174 1835 5308 1983 830 163 1558 339 166 143 1042 679 750 706 50 38 455 310 77 224 709 471 303 294 572 2882 991 726 79 43 561 448 698 87 105 192 35 548 116 1225 149 315 307 59 249 203 238 20 144 110 212 166 997
internal_value=-0.00114977 0.000873781 -0.00829977 -0.000463491 -0.00161842 -0.00631972 -0.000625748 0.00587273 -0.00373864 -0.00482621 0.00219788 -0.0003371 0.000468921 -0.00528951 0.0032996 -0.00705521 -0.00946934 -0.00181182 -0.0166613 0.00362925 0.00258652 -0.0101991 0.00737705 0.00773013 0.00642023 -0.0008 -0.00637007 0.000452668 -0.00332056 0.00106849 -0.00105615 -0.00315375 0.00161744 -0.00298932 -0.00216154 0.00157377 -0.0175123 -0.00285714 0.00116071 0.00291457 0.00202593 -0.00268613 0.00247447 -0.000664026 -0.000975177 -0.0127027 -0.0106229 0.00444853 0.0038928 -0.00890052 0.00991858 0.01208 -0.00568862 -0.00790918 -0.00565589 -0.000235849 0.0079561 -0.00021443 0.00654994 0.00562081 -0.00143541 0.00946532
internal_weight=37113 28923 8190 22813 15923 6631 10864 6110 5059 4514 6890 10528 7291 3192 2270 1790 2117 1560 1559 3755 2713 1921 3840 3658 2310 1372 2954 3135 780 1822 1867 758 698 1402 3237 1512 1416 242 267 992 614 1169 1270 2143 279 922 583 677 1275 188 1348 622 164 999 513 315 726 1979 758 891 196 1035
internal_count=37113 28923 8190 22813 15923 6631 10864 6110 5059 4514 6890 10528 7291 3192 2270 1790 2117 1560 1559 3755 2713 1921 3840 3658 2310 1372 2954 3135 780 1822 1867 758 698 1402 3237 1512 1416 242 267 992 614 1169 1270 2143 279 922 583 677 1275 188 1348 622 164 999 513 315 726 1979 758 891 196 1035
cat_boundaries=0 1 2 3 4 5 6 7 8
cat_threshold=1804 996 2065 1832 516 512 209 908
is_linear=0
shrinkage=0.05


Tree=35
num_leaves=63
num_cat=15
split_feature=14 20 17 17 14 20 16 5 14 5 1 1 1 1 1 1 9 1 5 5 1 1 1 4 20 5 1 8 20 8 17 9 7 1 8 17 5 17 18 18 17 20 16 20 1 1 19 7 6 16 20 7 19 10 17 10 20 5 10 16 20 16
split_gain=177.848 92.6047 26.2884 22.0388 24.1309 16.7211 13.6902 8.45031 9.64282 7.97149 6.77642 6.43741 6.14903 5.73675 5.6034 4.88437 4.84491 4.8022 4.61179 5.66673 7.3554 4.55669 4.50648 4.26816 4.07846 3.77472 3.6701 3.6022 3.55052 3.45945 3.10258 3.01709 3.01474 2.92891 2.927 2.8761 2.86683 2.8036 2.76091 2.70999 2.67889 2.55183 2.36348 2.34797 2.32899 2.29826 2.12335 2.29066 2.10425 2.10013 2.02879 1.8974 1.8475 1.82826 1.80619 1.77958 1.77206 1.76192 1.72502 1.65012 1.6636 1.63025
threshold=2.5000000000000004 150.50000000000003 1.3598110796522227 1.2012484113443633 1.5000000000000002 290.50000000000006 1.7142447617546706 169.50000000000003 3.5000000000000004 73.500000000000014 0 1 2 3 4 5 1198.9600000000003 6 243.50000000000003 53.500000000000007 7 8 9 10 82.500000000000014 109.50000000000001 11 269.77000000000004 96.500000000000014 1008.8100000000001 0.90418370714450924 336.42000000000002 137.89500000000001 12 864.85000000000014 0.94736573926134826 222.50000000000003 1.2710859993584009 2.23087147792292 0.15459317589004148 1.553804378010132 35.500000000000007 0.75036216784513199 177.50000000000003 13 14 903.47500000000002 488.30000000000001 4496.4800000000005 2.076927486291583 62.500000000000007 1021.8850000000002 2705.1400000000008 2938.6500000000005 1.6305433811694823 442.93000000000006 14.500000000000002 313.50000000000006 2993.2600000000007 1.0674425299771289 56.500000000000007 1.3333151273679607
decision_type=2 2 2 2 2 2 2 2 2 2 9 9 9 9 9 9 2 9 2 2 9 9 9 9 2 2 9 2 2 2 2 2 2 9 2 2 2 2 2 2 2 2 2 2 9 9 2 2 2 2 2 2 2 2 2 2 2 2 2 2 2 2
left_child=1 3 10 4 14 15 13 8 41 11 48 -8 29 50 28 37 33 59 19 40 -21 43 49 42 25 -15 -26 -14 35 -11 44 -13 -32 -7 56 -1 53 -3 -38 -35 -17 61 -19 -20 -16 -30 -39 -48 57 -6 51 -5 -41 -25 -43 -23 -24 -2 -36 60 -9 -4
right_child=2 5 7 6 22 16 9 17 -10 12 -12 31 27 24 30 18 -18 23 21 20 -22 55 34 36 26 -27 -28 -29 45 -31 32 -33 -34 39 58 -37 38 46 -40 52 -42 54 -44 -45 -46 -47 47 -49 -50 -51 -52 -53 -54 -55 -56 -57 -58 -59 -60 -61 -62 -63
leaf_value=-0.39804652171568233 -0.59431000127433331 0.16868350469820328 -0.78546039047496174 -0.14943521982678371 -0.69767859115940711 3.330574737707614 -0.58442281999107881 -0.88007300093459362 -0.8248532618118285 0.34312976023873709 -0.45311486292506054 -1.3906875261070093 -0.95383336779462979 -0.43574059314736147 -0.22708661132368135 -0.30561045469197623 3.7104381193986371 -0.63217290701214379 -0.030892475297547864 1.2942014092940555 0.22759573347387488 -0.74960279090465431 -0.1734955085111988 0.31586502604608385 0.51749471224898547 -0.20006835988955807 -0.19126270618313443 0.076547149336643375 0.29273334280700708 0.9599745098448722 -0.52812043312417778 0.044404513117043014 -0.016289255703992821 -0.45892656051732533 0.18011030256710614 0.091007253053010481 -0.66886100209637878 1.5643505622333835 0.14537477135411869 2.2645407406841058 0.64691033831973788 -0.54550415540440478 0.15797963779422838 0.9359087734597914 -0.54236906099524596 -0.0042561495451437286 -0.30220837740018713 1.4393738881975986 -0.7891790979443063 -0.57407178914169832 0.14748809036424435 0.43341296176053279 -1.7876430372256622 -0.61278973728060271 -0.21651928091925365 -0.029636862617385164 -0.47766331821902813 -0.34022225809584122 -0.38903478518967316 -0.46143233747719298 0.077692749058391547 -0.56080179332834135
leaf_weight=460 643 235 201 436 451 858 815 156 396 2396 698 117 190 1379 789 381 521 58 411 1471 906 292 79 105 241 2648 433 3517 602 886 156 1853 1186 142 101 234 118 571 36 1067 584 116 410 844 889 677 104 144 443 116 602 47 33 48 367 1078 1307 104 188 304 21 452
leaf_count=460 643 235 201 436 451 858 815 156 396 2396 698 117 190 1379 789 381 521 58 411 1471 906 292 79 105 241 2648 433 3517 602 886 156 1853 1186 142 101 234 118 571 36 1067 584 116 410 844 889 677 104 144 443 116 602 47 33 48 367 1078 1307 104 188 304 21 452
internal_value=-0.0011134 0.000199599 -0.0102265 -0.00153632 -0.00381666 0.00430793 -0.000472274 -0.00709423 -0.00960912 0.000664826 -0.014807 -0.00158716 0.00156965 -0.00240111 -0.00186649 0.00302178 0.00772675 -0.00397141 0.00243729 0.00367713 0.0049895 0.000846651 -0.00812918 -0.00136421 -0.00315549 -0.00376551 0.000369276 0.00015457 0.000188822 0.00314112 -0.00321464 0 -0.00137546 0.00658583 -0.00659064 -0.00265423 -0.00585938 0.00618557 -0.010828 0.00478088 0.000387397 -0.0071554 0.00155925 0.00301656 -0.00466984 0.00177457 0.00763382 0.00338645 -0.0172901 -0.0121983 0.000842441 -0.00149177 0.00566636 -0.000801282 -0.00416667 -0.00112075 -0.00759539 -0.0153667 -0.00179795 -0.00784413 -0.0120833 -0.00926067
internal_weight=37113 32437 4676 22795 7235 9642 15560 2788 1532 9774 1888 2785 6989 5786 4993 7021 2621 1256 5967 3342 2377 2625 2242 775 4701 4027 674 3707 1973 3282 3020 1970 1342 2100 1675 694 307 1054 154 1242 965 1136 468 1255 1678 1279 819 248 1190 567 1085 483 1100 153 483 1370 1386 747 289 481 177 653
internal_count=37113 32437 4676 22795 7235 9642 15560 2788 1532 9774 1888 2785 6989 5786 4993 7021 2621 1256 5967 3342 2377 2625 2242 775 4701 4027 674 3707 1973 3282 3020 1970 1342 2100 1675 694 307 1054 154 1242 965 1136 468 1255 1678 1279 819 248 1190 567 1085 483 1100 153 483 1370 1386 747 289 481 177 653
cat_boundaries=0 2 4 6 8 10 12 14 16 18 20 21 23 25 27 29
cat_threshold=570462283 332032 2182284482 266257 607675905 500252 286778896 149632 2275198485 25817 1342279706 1212422 2183173186 332547 537150369 344232 2315797189 17945 3411970 69776 26 537395208 16 310666435 115217 205032 295426 2173485569 8193
is_linear=0
shrinkage=0.05


Tree=36
num_leaves=63
num_cat=2
split_feature=15 20 21 21 21 21 23 0 19 15 21 15 5 5 20 18 9 5 5 5 20 5 5 20 11 5 21 7 20 5 17 19 22 5 11 17 22 19 5 23 19 21 7 22 5 5 9 5 18 21 5 7 23 11 19 21 22 18 18 11 4 21
split_gain=183.928 64.6498 51.3992 25.0772 15.2038 14.2833 9.64664 9.56453 10.1993 8.61441 7.21511 7.16563 5.75857 7.78742 5.49062 6.96045 5.40522 5.18923 5.06299 4.57577 5.6576 4.5676 13.1811 4.38153 3.98321 3.69217 3.59082 3.54408 3.54365 3.49073 3.303 3.19436 2.9769 2.84186 2.69953 2.67028 2.39789 2.37623 2.44339 2.21683 2.18816 2.17871 2.08148 2.55381 1.98955 2.89768 2.56851 1.98522 1.97674 1.9378 1.91657 1.83502 1.82217 1.80051 1.79549 2.01431 1.9517 1.78773 1.7707 2.46774 1.75746 1.74687
threshold=5.5000000000000009 188.50000000000003 35.763888888888893 87.527777777777786 7.5000000000000009 63.029411764705891 2.5000000000000004 0 1912.9850000000001 9.5000000000000018 109.38750000000002 13.500000000000002 165.50000000000003 215.50000000000003 330.50000000000006 0.37473138890562252 351.60500000000008 73.500000000000014 280.50000000000006 190.50000000000003 107.50000000000001 180.50000000000003 151.50000000000003 61.500000000000007 1512.8950000000002 183.50000000000003 179.10000000000002 690.69000000000017 125.50000000000001 181.50000000000003 2.2013847206078681 3699.4950000000003 11.681269548367892 215.50000000000003 3199.9850000000001 1.6047647691494056 67.70149760280286 828.13999999999999 220.50000000000003 15.500000000000002 1529.5000000000002 77.720779220779235 719.94500000000016 20.072883226279192 229.50000000000003 50.500000000000007 314.72500000000008 171.50000000000003 2.067242434056642 128.29166666666671 257.50000000000006 267.42000000000007 14.500000000000002 4019.2850000000003 871.51000000000033 259.16666666666669 31.699105912329266 3.0250386705042844 1.0694215786822128 3842.7850000000003 1 21.357142857142858
decision_type=2 2 2 2 2 2 2 1 2 2 2 2 2 2 2 2 2 2 2 2 2 2 2 2 2 2 2 2 2 2 2 2 2 2 2 2 2 2 2 2 2 2 2 2 2 2 2 2 2 2 2 2 2 2 2 2 2 2 2 2 9 2
left_child=1 3 11 4 7 18 14 8 30 12 36 29 23 24 44 -16 41 49 28 20 26 22 -9 -4 -14 -23 -19 53 -6 32 -1 -10 -2 -31 -11 39 -8 -12 -39 -25 -18 -7 -35 -44 45 46 -3 -36 -22 57 -46 -40 -49 -15 56 -56 -21 -5 60 -60 -51 -17
right_child=2 6 9 17 5 16 10 21 31 34 37 -13 13 27 15 61 40 19 -20 54 48 25 -24 35 -26 -27 -28 -29 -30 33 -32 -33 -34 42 47 -37 -38 38 51 -41 -42 -43 43 -45 50 -47 -48 52 -50 58 -52 -53 -54 -55 55 -57 -58 -59 59 -61 -62 -63
leaf_value=-0.056168448192521231 -0.73792338694354287 -0.77646500404659102 -0.46435713509331511 -0.17665262255815861 -0.58382306856200905 -0.87531671522258003 -0.63749230357292819 -0.33257883338262179 -0.2333737107797596 -0.58660684407918251 0.9736772539613654 -0.7669353216145649 -0.89839924370022151 -0.30657914149339566 2.6551313441728013 5.8413301150542871 -0.022988112388316041 0.035055395963445334 -0.092846273443448632 -0.0051224835487381883 0.70574023209659775 3.0911636987777444 -4.6895228904026309 -0.19585349595690255 0.13572428922039564 -0.44845241875992842 1.7014577274330123 -0.071177873720056975 -0.052805716179419454 -0.23962188830173262 0.78184159010968424 -0.95378614457488387 -0.5219190535466488 -0.5643917840056053 -0.54865983959724074 0.41858298170596059 1.0633157594337106 0.9403283536573106 1.6318219872271897 -0.46213467561020161 -0.39126704885750602 -0.39950771294016008 -0.43374370877839574 0.15249742022531054 -0.13153587635889039 1.5758376499198903 0.93714023823876857 0.183452070980335 1.3835898557724815 -0.32974428943648065 1.0465415340152944 -0.77628866886074377 -0.32883769547869762 -0.5102300894388726 -0.18374123654136129 2.0816065832917778 0.34880024128387038 0.35223301311719768 1.1454497776803449 -0.21230279704674118 0.20282425445954289 3.4837800014419202
leaf_weight=729 225 49 1893 1195 2009 280 367 746 1173 252 867 588 59 1198 814 415 2679 1663 340 1232 1598 85 141 713 559 347 325 580 161 175 2383 207 461 376 227 88 71 384 53 168 325 225 122 35 241 1164 503 43 74 397 1218 182 107 321 1137 124 1660 30 286 94 541 409
leaf_count=729 225 49 1893 1195 2009 280 367 746 1173 252 867 588 59 1198 814 415 2679 1663 340 1232 1598 85 141 713 559 347 325 580 161 175 2383 207 461 376 227 88 71 384 53 168 325 225 122 35 241 1164 503 43 74 397 1218 182 107 321 1137 124 1660 30 286 94 541 409
internal_value=-0.00107568 0.000795997 -0.00768949 -0.000504755 -0.00207893 -0.00384009 0.00508531 -0.000245098 0.000845384 -0.00543391 0.00204982 -0.0147103 -0.00478771 -0.00309743 0.00628634 0.00868373 -0.00175826 0.00128873 -0.00672503 0.00192874 0.0032214 -0.00399017 -0.00603933 -0.00636998 0.00177134 0.000114943 0.00138122 -0.00455519 -0.0076162 -0.0125984 0.00243981 -0.0027115 -0.015312 -0.00984529 -0.0110364 -0.00352366 -0.00351474 0.00372733 0.00124598 -0.00438348 -0.000931161 -0.00654528 -0.0117071 -0.00609375 0.00502675 0.00622455 0.00306306 -0.00796053 0.00537313 -0.000657895 0.00357387 -0.00262605 -0.00294118 -0.00583114 0.000775987 -0.000771361 0.00146805 -0.00209691 0.000643452 0.0035248 -0.000478215 0.011971
internal_weight=37113 28923 8190 22186 11830 6019 6737 5811 4492 6208 1924 1982 5579 2717 4813 1638 3509 10356 2510 7813 3660 1319 887 2862 618 432 1988 2099 2170 1394 3112 1380 686 708 629 969 438 1486 619 881 3004 505 533 157 3175 1716 552 377 1672 2543 1459 235 150 1519 4153 1261 2892 1225 1318 380 938 824
internal_count=37113 28923 8190 22186 11830 6019 6737 5811 4492 6208 1924 1982 5579 2717 4813 1638 3509 10356 2510 7813 3660 1319 887 2862 618 432 1988 2099 2170 1394 3112 1380 686 708 629 969 438 1486 619 881 3004 505 533 157 3175 1716 552 377 1672 2543 1459 235 150 1519 4153 1261 2892 1225 1318 380 938 824
cat_boundaries=0 1 2
cat_threshold=1 12
is_linear=0
shrinkage=0.05


Tree=37
num_leaves=63
num_cat=23
split_feature=15 20 15 20 6 1 8 1 2 1 2 16 2 2 2 1 20 1 1 1 1 1 16 19 1 17 5 16 17 17 9 10 2 11 11 1 18 5 20 2 19 1 5 15 17 18 16 17 11 2 8 9 2 8 9 20 1 9 2 18 8 15
split_gain=169.579 59.2166 48.412 13.9315 11.1516 9.588 9.03619 8.37228 8.33148 6.60055 5.76479 5.75908 4.84154 4.66286 4.60563 4.46214 4.36111 4.24587 4.16907 4.07449 3.98345 3.97428 3.88555 3.88517 3.87632 3.59206 3.09122 3.02092 3.01174 2.92509 2.89561 2.80029 2.72523 2.60286 2.5374 2.44064 2.39812 2.39169 2.30482 3.42397 2.24506 2.18227 2.41554 2.18213 2.52466 2.16996 2.11987 2.1122 2.04452 2.00756 1.90691 2.28445 1.90344 1.82191 1.79262 1.76425 1.73954 1.74577 1.72477 2.164 1.68374 1.66709
threshold=5.5000000000000009 150.50000000000003 10.500000000000002 266.50000000000006 3650.2500000000005 0 360.23500000000007 1 2 3 4 1.5074172715619711 5 6 7 8 62.500000000000007 9 10 11 12 13 1.2995519202830994 1893.53 14 0.96264417044662676 298.50000000000006 1.3499488514921787 2.1546851836741499 1.4261482695730368 1187.9100000000003 606.97500000000014 15 2001.6700000000003 900.38999999999999 16 3.0250386705042844 286.50000000000006 39.500000000000007 17 653.35500000000002 18 208.50000000000003 13.500000000000002 1.5999524162982057 1.1189628423266174 0.95877326446282818 1.0912034495426417 2257.0750000000003 19 1134.5550000000001 137.89500000000001 20 352.87500000000006 491.91500000000002 19.500000000000004 21 1320.5600000000002 22 0.94618505146020471 1134.5550000000001 3.5000000000000004
decision_type=2 2 2 2 2 9 2 9 1 9 1 2 1 1 1 9 2 9 9 9 9 9 2 2 9 2 2 2 2 2 2 2 1 2 2 9 2 2 2 1 2 9 2 2 2 2 2 2 2 1 2 2 1 2 2 2 9 2 1 2 2 2
left_child=1 4 5 8 6 12 7 26 21 46 29 19 36 -13 54 23 20 -16 53 -11 25 -3 52 58 31 60 55 -18 -27 -4 48 34 -22 -20 -10 40 41 -33 -24 -40 -29 42 -2 44 -12 -37 -8 -38 -17 -48 51 -19 -14 -9 61 -1 57 -56 59 -5 -7 -6
right_child=2 3 10 15 14 16 9 18 24 11 43 13 22 -15 17 30 27 50 33 -21 32 -23 38 -25 -26 28 -28 35 -30 -31 -32 37 -34 -35 -36 45 47 -39 39 -41 -42 -43 -44 -45 -46 -47 49 -49 -50 -51 -52 -53 -54 -55 56 -57 -58 -59 -60 -61 -62 -63
leaf_value=-0.053774525478646501 0.093890632002107566 -0.37649001383440606 -0.45699760672223211 2.9967607865723425 -1.4956953198897887 -0.56143696174914093 -0.82512413582230837 0.24312610180229444 1.1788252903506204 0.16258866200368588 -0.50184527812763735 -0.0059971786422053702 -0.52791988553445213 0.33063902852859467 0.14574167914624675 2.4822253479809251 -0.42427607068622425 0.13572628775199433 -0.21474939812248089 -0.20088144398382612 -0.51054315675150441 0.30073053072398753 -0.56888541576073504 -0.36037099619022117 0.33531385864914115 -0.24412377619630271 0.21329127307633869 -0.22258814485156295 -0.98124819968902866 -0.0082562345363786701 3.1940538694361886 1.1064581805126807 0.00084424761578425498 -0.46703255503390295 0.014201809166556245 -0.19391921568964429 -0.28606810151269341 0.64259740031340051 0.013337805178308671 -0.40195337089863764 0.7868663814122101 -0.46842024433771601 -0.29623834274267263 -0.77817658871732476 -0.27241593151674409 0.26498206407138947 0.0077261715858647053 0.24048120687731789 -0.80867330724373687 -0.23116543925455915 -0.27730028429862869 -0.72118152478774533 -0.77449025866169297 -0.55381290392850713 0.52163113376523573 -1.0432570233099783 0.10504967184651229 -0.5784203124753603 0.87525345827385559 0.05263951504775051 0.10163932226542016 -0.0036961737255452932
leaf_weight=58 149 825 364 536 29 199 29 726 423 342 658 3417 495 4886 206 1291 188 53 2430 1382 108 760 722 221 1912 1021 77 313 90 73 390 1272 578 407 525 153 36 662 240 907 33 235 387 435 29 305 1041 59 39 2001 359 743 392 113 51 496 378 51 682 80 21 30
leaf_count=58 149 825 364 536 29 199 29 726 423 342 658 3417 495 4886 206 1291 188 53 2430 1382 108 760 722 221 1912 1021 77 313 90 73 390 1272 578 407 525 153 36 662 240 907 33 235 387 435 29 305 1041 59 39 2001 359 743 392 113 51 496 378 51 682 80 21 30
internal_value=-0.00105817 0.000738955 -0.00740876 0.0039445 -0.000855863 -0.00552834 -0.00045525 -0.002442 0.00257364 0.000194642 -0.0153489 0.000819223 -0.00727648 0.00136949 -0.00449291 0.006624 -0.00336698 -0.00602256 -0.00149092 -0.00179502 -0.00471535 -0.000547559 -0.00834236 0.00445496 0.00360932 -0.0063058 -0.00772516 -0.000603015 -0.00509425 -0.00927778 0.0084247 0.00478411 -0.00143062 -0.00241228 0.00247108 0.000681537 -0.00375427 0.0059112 -0.00698451 -0.00545652 -0.00236769 -0.00474806 -0.00264117 -0.0174009 -0.0153261 0.00307856 -0.00182393 0.00331633 0.00723931 -0.00167488 -0.00721318 -0.00869837 -0.0112079 0.00155516 -0.000407609 -0.00915619 0.000517598 -0.00478261 0.0055342 0.00755167 -0.0123318 -0.00846774
internal_weight=37113 28923 8190 9618 19305 6631 17405 4307 6379 13098 1559 10027 3622 8303 1900 3239 3009 1361 3676 1724 2017 1585 2756 1519 4794 1331 631 992 1111 437 1720 2882 686 2837 948 804 866 1934 1869 1147 346 771 536 1122 687 458 3071 95 1330 3042 1155 796 887 839 539 554 480 102 1298 616 220 59
internal_count=37113 28923 8190 9618 19305 6631 17405 4307 6379 13098 1559 10027 3622 8303 1900 3239 3009 1361 3676 1724 2017 1585 2756 1519 4794 1331 631 992 1111 437 1720 2882 686 2837 948 804 866 1934 1869 1147 346 771 536 1122 687 458 3071 95 1330 3042 1155 796 887 839 539 554 480 102 1298 616 220 59
cat_boundaries=0 2 4 5 7 8 9 10 11 13 15 17 19 21 23 25 26 28 29 31 32 33 35 36
cat_threshold=607392322 595846 2101282 1093636 3073 2330068334 527698 1548 524 3091 1550 2700788736 1381544 336068612 172160 8464217 1170 352636929 69640 2147517852 278545 612397220 22049 814338226 1294894 2064 42074536 32 1312 537919552 642 2689 2272 388 130 952
is_linear=0
shrinkage=0.05


Tree=38
num_leaves=63
num_cat=25
split_feature=15 15 7 10 1 1 10 1 6 1 7 2 10 10 1 1 1 1 1 5 1 10 2 2 7 6 1 19 6 1 2 11 0 2 8 11 15 8 2 8 1 9 9 2 19 5 2 17 1 17 7 2 0 8 8 11 17 18 9 10 17 17
split_gain=159.083 45.5713 21.3434 17.7031 12.093 11.6603 9.29706 8.54223 8.39487 8.03185 7.60627 7.57962 6.81765 6.41436 5.66415 5.48156 5.16019 5.14316 4.90272 4.52025 4.28555 4.17119 3.8908 3.87553 3.86583 3.82826 3.82693 3.88648 3.7962 3.50123 3.49293 3.0047 2.98505 2.95736 2.75849 2.69397 2.62551 2.6081 2.55828 2.59853 2.47576 2.44732 2.92887 2.36147 2.32025 2.225 2.1663 2.15609 2.56703 2.1135 2.11119 2.0514 1.99759 1.95207 1.9495 1.94292 1.86019 1.85774 1.8432 1.83719 1.75093 1.72143
threshold=5.5000000000000009 10.500000000000002 720.80000000000018 1071.5250000000003 0 1 1477.1550000000002 2 3056.7900000000004 3 1163.2600000000002 4 1756.8000000000004 2552.6200000000003 5 6 7 8 9 66.500000000000014 10 1322.6850000000002 11 12 502.85500000000008 2501.0100000000007 13 1251.55 3650.2500000000005 14 15 2639.3100000000009 16 17 926.38000000000022 4019.2850000000003 13.500000000000002 275.60000000000008 18 545.20000000000016 19 689.30500000000018 314.72500000000008 20 2593.7000000000007 348.50000000000006 21 1.9019221855909783 22 2.1751758365269178 633.99500000000023 23 24 1179.4950000000001 717.30500000000018 3050.1700000000005 2.0296775808124896 2.2706612513758255 1064.5100000000004 3446.2150000000011 0.92305466608672282 1.4117718927051073
decision_type=2 2 2 2 9 9 2 9 2 9 2 1 2 2 9 9 9 9 9 2 9 2 1 1 2 2 9 2 2 9 1 2 1 1 2 2 2 2 1 2 9 2 2 1 2 2 1 2 9 2 2 1 1 2 2 2 2 2 2 2 2 2
left_child=2 7 3 4 41 25 26 11 9 37 13 29 17 20 50 36 59 21 46 -11 -8 44 -18 -23 35 57 27 55 -16 -2 -17 -26 53 -27 -29 54 61 -6 -19 -40 -33 42 51 -43 -5 -44 -14 48 -28 -9 -10 -1 -48 -20 -13 -7 -35 58 -4 -12 -34 -3
right_child=1 15 5 12 8 6 10 49 14 19 16 24 18 -15 28 30 22 38 32 -21 -22 23 -24 -25 31 33 47 34 -30 -31 -32 40 60 56 -36 -37 -38 -39 39 -41 -42 43 45 -45 -46 -47 52 -49 -50 -51 -52 -53 -54 -55 -56 -57 -58 -59 -60 -61 -62 -63
leaf_value=-0.28228495332991382 -0.39919626990334972 -0.47675301422125538 -0.13067498471803418 -0.099216257500897603 -0.810916420122895 1.0448874720631722 -0.19126648819144379 -0.11903234665633421 -0.76838591761442077 -0.13232899767703721 1.4734221842556785 -0.45727567154373755 0.43744668054596547 -0.34687962340479683 0.10340054857628332 -0.15969970204743389 -0.046699064309792961 -0.48732542400497253 -0.47981585626544221 0.33006147150248499 0.2915574244278602 -0.15203667699236939 0.36837050955874279 0.41970237876341765 0.45342482387915894 0.19569676034332917 -0.4867643780579165 0.67805605195110141 -0.67140409547431268 0.12177663341908983 -0.4892677592814586 -0.70731137168586877 -0.2623252718536751 -0.67304755410266781 -0.46172227576716413 -0.66880047107372664 -0.75096380856744571 -0.12923628260719192 -0.24480690708967431 0.0020545721357471793 -0.32564722315461908 0.93356397016005954 1.3061069311436988 -0.49161925122938205 -0.96722300227985869 -1.2198032864382933 -0.092134319758308436 1.9876434870389135 0.90222748158881394 -0.89922877181557548 0.53072964211907703 0.80313414136469641 -0.74728335316338246 0.23917543757017087 -0.31746572458427913 -0.095148732851485118 -0.18843125717341708 -0.29938809500285402 0.48693305019683675 0.005346862711795808 -0.86429372867271059 -0.38191181303588562
leaf_weight=218 101 476 365 1023 517 1731 698 1939 614 1646 545 1877 113 368 836 116 760 1036 541 5626 1354 412 1137 572 82 113 108 306 179 255 467 212 35 283 315 406 417 518 781 955 1583 112 1310 126 55 36 270 1298 225 84 47 391 143 79 92 143 185 126 388 68 216 83
leaf_count=218 101 476 365 1023 517 1731 698 1939 614 1646 545 1877 113 368 836 116 760 1036 541 5626 1354 412 1137 572 82 113 108 306 179 255 467 212 35 283 315 406 417 518 781 955 1583 112 1310 126 55 36 270 1298 225 84 47 391 143 79 92 143 185 126 388 68 216 83
internal_value=-0.00101371 -0.00716465 0.000726855 -0.000297393 0.000808769 0.002524 0.00319219 -0.00533992 6.2525e-05 0.000719013 0.00171295 -0.00653538 -0.00246631 -0.000268262 -0.00315664 -0.0148688 0.00364107 -0.00156088 -0.00555357 0.00131091 0.00080292 0.000313253 0.0022644 0.0026849 -0.00712778 -0.00159538 0.00495277 0.00361842 -0.000705253 0.000406504 -0.0100252 -0.00535904 -0.00783371 -0.00475171 0.000120192 -0.00852607 -0.0173913 -0.00336355 -0.0029623 -0.00171527 -0.00579811 0.00415911 0.00476251 -0.000414938 -0.00180389 0.00607858 -0.00148423 0.00688869 0.0030506 -0.00254175 -0.00671365 0.00175654 -0.0032277 -0.00585875 -0.00766988 0.00476825 -0.00644491 0.00042517 0.00142196 0.0076278 -0.0126969 -0.0148132
internal_weight=37113 8190 28923 18407 12176 10516 9056 6631 9983 8307 4930 4608 6231 2420 1676 1559 2510 4834 1397 7272 2052 2062 1897 984 4252 1460 4126 2495 1015 356 583 1877 871 581 621 2375 976 1035 2772 1736 1795 2193 1955 238 1078 1346 526 1631 333 2023 661 609 413 620 1969 1874 468 879 753 613 251 559
internal_count=37113 8190 28923 18407 12176 10516 9056 6631 9983 8307 4930 4608 6231 2420 1676 1559 2510 4834 1397 7272 2052 2062 1897 984 4252 1460 4126 2495 1015 356 583 1877 871 581 621 2375 976 1035 2772 1736 1795 2193 1955 238 1078 1346 526 1631 333 2023 661 609 413 620 1969 1874 468 879 753 613 251 559
cat_boundaries=0 2 4 6 8 9 11 13 15 17 19 21 22 23 25 27 28 29 30 31 33 34 35 37 38 39
cat_threshold=1443365201 164966 3527541057 537924 607393482 611206 27267104 1062912 512 537071626 262169 570462283 69888 67650104 35328 76649856 91853 27574425 98432 3712060 295098 3121 2633 683181744 98850 4160 4608 1036 1 1538 1075 70259200 65796 783 516 67436548 16384 3603 1
is_linear=0
shrinkage=0.05


Tree=39
num_leaves=63
num_cat=24
split_feature=14 20 14 20 16 8 1 2 2 1 2 2 5 1 20 1 1 9 1 22 10 11 1 18 1 1 20 1 2 20 1 1 20 7 22 20 11 8 7 11 22 16 1 5 2 11 20 22 2 4 20 2 19 22 22 5 11 1 20 16 22 4
split_gain=135.328 66.612 16.2501 14.8417 12.5109 10.9874 8.83704 8.50141 8.28261 10.2586 7.47326 7.44614 6.90728 6.67698 6.35132 5.85668 5.84914 5.60228 5.56516 5.53583 4.37819 4.13546 4.24337 4.05674 3.95315 3.81519 4.24166 3.79913 3.76909 3.68887 3.33263 3.29701 3.1478 4.05122 3.02416 2.95988 2.90118 3.74872 3.65383 2.73668 2.7143 2.6849 2.52781 2.44646 2.42418 2.30363 2.12416 2.08222 2.06715 2.06393 1.95997 2.58341 2.04912 1.92001 2.54774 1.8886 1.98949 1.88486 1.81156 1.80434 1.89281 1.7373
threshold=2.5000000000000004 136.50000000000003 3.5000000000000004 266.50000000000006 1.7142447617546706 310.62500000000006 0 1 2 3 4 5 73.500000000000014 6 81.500000000000014 7 8 611.04000000000008 9 3.7716029769593651 1645.1700000000001 1588.7850000000003 10 0.37473138890562252 11 12 12.500000000000002 13 14 327.50000000000006 15 16 69.500000000000014 310.62500000000006 66.960560530264942 18.500000000000004 3050.1700000000005 550.99500000000023 1446.9900000000002 862.54000000000008 12.293013514647027 0.75567703491441995 17 255.50000000000003 18 1711.0050000000003 157.50000000000003 77.080585307260563 19 20 391.50000000000006 21 2736.0750000000003 72.499999997722114 37.766718139309837 312.50000000000006 1260.9950000000003 22 35.500000000000007 2.0616626033328695 18.107812020516228 23
decision_type=2 2 2 2 2 2 9 1 1 9 1 1 2 9 2 9 9 2 9 2 2 2 9 2 9 9 2 9 1 2 9 9 2 2 2 2 2 2 2 2 2 2 9 2 1 2 2 2 1 9 2 1 2 2 2 2 2 9 2 2 2 9
left_child=1 4 6 10 8 21 35 25 15 49 16 41 18 20 31 53 55 27 45 23 -14 22 -6 50 -19 -4 -27 -12 -15 42 -20 -11 33 -17 -21 -2 37 -13 40 -29 -38 -8 -25 57 -16 -7 -45 -26 -24 -10 51 -5 -52 54 -1 -3 -57 -18 -37 60 -9 -43
right_child=2 3 7 19 5 12 11 59 9 14 17 36 13 28 44 32 43 24 30 34 -22 -23 48 29 47 26 -28 39 -30 -31 -32 -33 -34 -35 -36 58 38 -39 -40 -41 -42 61 -44 46 -46 -47 -48 -49 -50 -51 52 -53 -54 -55 -56 56 -58 -59 -60 -61 -62 -63
leaf_value=0.19208910441060267 -0.39551074143006154 -0.20814709177540749 -0.54954402561699112 -0.65647262809538498 0.11889842552253604 0.91639703102541759 -0.66595447027775256 -0.71141456968842476 -0.16838084679039761 -0.3458242197367028 0.86727257589260354 -0.45927543923963443 0.035592471624660504 0.43282516556897299 0.06909613738286069 -0.53188528286220349 -0.45306687227979697 -0.14723349564001184 -0.56947980991764069 0.24902712682408323 -0.25333398011700087 -0.84858685262466771 -0.23621515145735472 1.9846506575103349 0.85013252222543523 0.39201844836704719 -0.23080983507244035 0.40930830841965787 0.085251445351556765 4.7480864425763931 -0.21190928782878515 -0.52060212575467468 0.08361880229519586 -0.075246956529517572 1.7582570707803626 -0.52757499546400732 -0.52636312136349128 -0.0039464766396221764 0.068316797393894999 -0.26703782133918424 -0.44891180382827689 -0.21662514208267611 0.86735253333535178 0.037589897474725832 -0.37135234103331388 -0.016847981294272431 0.9919351626082098 1.5260567944472314 -0.80267329456107683 0.072297593575305547 4.2633285252565543 2.6755086510828252 -0.37506013434843055 -0.60741556975596755 1.0222700501649917 -0.36895685348065399 0.59296466696392469 0.26134222972014243 -0.49786240761028006 -0.44359316705836704 -0.61100366458894007 0.1530454419779016
leaf_weight=428 146 1808 105 140 332 272 60 625 504 2679 837 434 1747 1698 539 391 205 234 431 578 1057 230 346 311 1553 58 242 363 3931 697 2281 1118 474 706 516 515 203 319 68 735 818 157 294 230 365 312 670 320 621 864 465 177 61 25 97 173 305 317 303 59 268 296
leaf_count=428 146 1808 105 140 332 272 60 625 504 2679 837 434 1747 1698 539 391 205 234 431 578 1057 230 346 311 1553 58 242 363 3931 697 2281 1118 474 706 516 515 203 319 68 735 818 157 294 230 365 312 670 320 621 864 465 177 61 25 97 173 305 317 303 59 268 296
internal_value=-0.000984077 0.000161067 -0.00893353 0.00332742 -0.00145914 -0.000505241 -0.00700632 -0.0135846 -0.00299646 -0.00393374 0.00212821 -0.00522593 1.06546e-05 0.000773471 -0.00504349 -0.000269447 0.000483741 0.00361282 -0.00192483 0.00617674 -0.00120696 -0.0044876 -0.00332181 0.00766993 0.00541469 -0.00663876 -0.00319489 0.00163829 0.00176799 0.0094636 -0.00288073 -0.00595395 -0.00184659 -0.00334091 0.00319052 -0.0111054 -0.00671159 -0.00419974 -0.0084478 -0.000270027 -0.0092041 4.75285e-05 0.00637336 0.00299652 -0.00121279 0.00242881 0.00459579 0.00616384 -0.00497449 -7.24113e-05 0.00481678 0.00148438 0.00671078 0.00408526 0.00487689 -0.00106568 0.0016632 0.000190476 -0.0124239 -0.0162176 -0.0169922 0.00148026
internal_weight=37113 32437 4676 10989 21448 13258 3319 1357 8190 6069 7750 2355 11729 8433 4701 2121 3708 4042 3296 3239 2804 1529 1299 2145 2107 405 300 1935 5629 1302 2712 3797 1571 1097 1094 964 1842 753 1089 1098 1021 513 605 1422 904 584 900 1873 967 1368 843 317 526 550 525 2286 478 522 818 952 893 453
internal_count=37113 32437 4676 10989 21448 13258 3319 1357 8190 6069 7750 2355 11729 8433 4701 2121 3708 4042 3296 3239 2804 1529 1299 2145 2107 405 300 1935 5629 1302 2712 3797 1571 1097 1094 964 1842 753 1089 1098 1021 513 605 1422 904 584 900 1873 967 1368 843 317 526 550 525 2286 478 522 818 952 893 453
cat_boundaries=0 2 3 4 6 7 8 10 12 14 16 18 20 21 23 24 26 28 30 31 32 33 34 36 37
cat_threshold=102896738 332032 1548 772 2479055889 18656 3079 1544 2294751567 1593194 72918280 369795 2783077088 349345 19546900 17450 2192180289 1680 302645312 5136 2147487809 2685960784 99460 800 5243970 790545 539787978 271877 536875138 283265 1256 802 37 23 528388 33296 5
is_linear=0
shrinkage=0.05


Tree=40
num_leaves=63
num_cat=4
split_feature=15 20 21 21 20 15 22 21 20 17 5 5 5 5 0 7 21 20 7 8 20 18 7 22 4 17 21 22 5 20 5 22 22 17 8 15 11 15 5 5 0 18 5 22 4 8 5 21 15 11 5 22 23 18 7 8 17 5 5 23 18 18
split_gain=136.173 47.3801 43.6992 21.6453 12.334 9.53925 8.27419 7.66611 6.57368 7.67613 6.06005 5.73289 6.50594 5.34451 5.6341 5.07627 4.85406 4.32843 4.31681 4.26766 4.00387 5.5527 3.92226 3.96903 3.88593 3.78345 3.74547 3.67401 3.52963 3.22837 3.5662 3.15698 3.01341 2.75703 2.68633 2.59718 2.54414 2.52332 2.47128 3.23097 2.36719 4.04813 2.36294 2.26044 2.41565 2.24879 2.21759 2.16408 3.21095 2.1508 2.11654 2.09936 2.02913 1.99055 1.96417 1.92554 1.81231 1.80295 2.48477 1.76856 1.69462 1.52847
threshold=5.5000000000000009 188.50000000000003 39.017857142857146 87.527777777777786 1.0000000180025095e-35 12.500000000000002 1.4571067811865479 107.05555555555557 53.500000000000007 2.1276771679597974 110.50000000000001 165.50000000000003 215.50000000000003 180.50000000000003 0 504.39000000000004 69.70714285714287 61.500000000000007 726.9100000000002 1192.1800000000003 350.50000000000006 0.39545098780092852 1227.2500000000002 11.302654339031692 1 2.0296775808124896 224.12500000000003 9.8706905179914326 181.50000000000003 108.50000000000001 21.500000000000004 66.960560530264942 11.302654339031692 1.5459946582059472 1800.5350000000003 2.5000000000000004 792.47500000000014 9.5000000000000018 256.50000000000006 314.50000000000006 2 0.44768460020052459 26.500000000000004 14.62885792898321 3 605.81500000000017 344.50000000000006 154.73333333333338 2.5000000000000004 1512.8950000000002 31.500000000000004 90.528170519769517 11.500000000000002 1.6133856921803595 452.25000000000006 702.68000000000018 1.3683211111211584 16.500000000000004 202.50000000000003 11.500000000000002 1.044995713717721 1.6684000384312279
decision_type=2 2 2 2 2 2 2 2 2 2 2 2 2 2 1 2 2 2 2 2 2 2 2 2 9 2 2 2 2 2 2 2 2 2 2 2 2 2 2 2 1 2 2 2 9 2 2 2 2 2 2 2 2 2 2 2 2 2 2 2 2 2
left_child=1 3 5 4 10 22 20 31 13 16 40 17 49 14 -6 -11 -10 37 43 24 57 -22 28 -24 47 -15 35 -28 32 45 -31 -8 -2 59 56 51 55 -4 -30 -40 41 -1 -42 -14 -45 -26 -20 48 -5 -13 -36 -9 -7 -52 -37 -12 -21 -3 -59 61 -58 -19
right_child=2 6 11 19 8 52 7 26 9 15 36 12 18 25 -16 -17 -18 33 46 34 21 -23 23 -25 29 -27 27 -29 38 30 -32 -33 -34 -35 50 54 -38 -39 39 -41 42 -43 -44 44 -46 -47 -48 -49 -50 -51 53 -53 -54 -55 -56 -57 60 58 -60 -61 -62 -63
leaf_value=-0.26087570634735047 -0.63502650781064074 -0.2935212033431121 -0.37483363403109016 -0.85112073427400825 -0.43818765114884145 -0.052178977491815104 -0.64302366273215983 -0.00041080335371717074 -0.3497603269323335 -0.24344598271027815 1.1033062451771536 -0.78498510700077384 0.027394862704441358 -0.38551276025585896 -0.70522942847255266 0.37608057744488799 -0.083030124077583173 -0.32509576314985228 -0.10957585696102967 0.19030198307562574 2.86767395363391 5.1253902724035738 -0.53306909591279317 0.17657793761657228 -0.19703402778428228 0.17565343740689343 -0.92760077546310815 1.7589167738541143 -0.2907990785214784 -0.32742854437566288 0.20957040631801649 1.0102254412143841 -0.42487937103912898 0.3437481246574674 -2.7828886407345688 -0.1248536553735292 2.0309723165532456 -0.58479582112936368 -0.51504348669654654 -0.19811100389795069 -3.1761809737948172 1.8023597223290595 -0.40556267360999387 -0.40602787960128062 -0.17365890716976617 0.13680195720148944 0.33658175995385203 0.84322099031434206 0.2303465142724356 0.12843436020138449 -1.0959945095814376 0.88516514784063249 -0.59924820209392016 0.7218391672774378 0.9740548785627724 -1.8259957172466921 0.41701818721715544 1.4154907112763611 0.85573631522420046 -0.32670957228756808 1.2989770931594735 0.12137178287905109
leaf_weight=985 195 124 1782 126 1235 21 397 1028 2807 690 504 60 196 412 665 1075 2000 312 402 452 677 504 43 94 2363 483 36 638 366 218 3175 112 667 118 36 90 484 171 309 206 54 269 107 796 545 1220 80 614 1139 540 97 376 780 142 369 60 307 1185 1201 319 467 188
leaf_count=985 195 124 1782 126 1235 21 397 1028 2807 690 504 60 196 412 665 1075 2000 312 402 452 677 504 43 94 2363 483 36 638 366 218 3175 112 667 118 36 90 484 171 309 206 54 269 107 796 545 1220 80 614 1139 540 97 376 780 142 369 60 307 1185 1201 319 467 188
internal_value=-0.000961176 0.00064907 -0.00665202 -0.000464194 -0.00192681 -0.0118946 0.00432122 0.00236143 -0.00275614 -0.00187833 0.00120641 -0.00408654 -0.00235507 -0.00479807 -0.00630583 0.000919118 -0.0029158 -0.00563429 -0.00372156 0.00120185 0.00592177 0.0083826 -0.0098513 -0.00125 0.000776135 -0.00153118 0.00349409 0.00672083 -0.0104954 0.000221777 0.00133245 -0.00317383 -0.0128902 -0.00273936 0.00367354 0.002291 0.00409134 -0.00699131 -0.00805995 -0.0103764 -0.000899154 -0.000119332 -0.00655488 -0.00501623 -0.00574777 -0.000815672 0.000309278 0.00278805 0.00155757 0.00215589 -0.000629496 0.00117271 -0.0165734 0.000929752 0.00557359 0.00167549 0.0046786 0.00473538 0.00504395 -0.0038017 0.00617761 -0.00178926
internal_weight=37113 28923 8190 22186 11830 2681 6737 3046 9367 6572 2463 5509 2619 2795 1900 1765 4807 2890 2019 10356 3691 1181 1880 137 8855 895 2537 674 1743 6976 3393 509 862 937 1501 1863 1048 1953 881 515 1415 1254 161 1537 1341 3583 482 1879 1265 600 275 1404 801 239 459 564 1226 2510 2386 819 774 500
internal_count=37113 28923 8190 22186 11830 2681 6737 3046 9367 6572 2463 5509 2619 2795 1900 1765 4807 2890 2019 10356 3691 1181 1880 137 8855 895 2537 674 1743 6976 3393 509 862 937 1501 1863 1048 1953 881 515 1415 1254 161 1537 1341 3583 482 1879 1265 600 275 1404 801 239 459 564 1226 2510 2386 819 774 500
cat_boundaries=0 1 2 3 4
cat_threshold=1 48 1 13
is_linear=0
shrinkage=0.05


Tree=41
num_leaves=63
num_cat=8
split_feature=14 23 17 14 17 17 19 14 14 5 18 17 0 5 5 22 6 17 19 7 10 5 10 19 17 22 14 17 23 16 9 10 17 17 4 4 5 19 0 7 19 16 5 9 16 3 4 5 5 7 11 16 0 7 7 4 18 5 23 17 18 23
split_gain=119.503 32.6894 21.7323 17.711 11.5738 10.668 9.99461 8.58815 6.17491 6.95872 6.04849 5.5294 5.3757 4.72576 5.06361 4.17129 3.95216 3.66608 3.61561 3.34652 5.26669 3.10433 3.10291 2.98465 2.94997 2.84158 2.82757 7.23111 2.79101 2.56066 2.46356 2.38554 2.35693 2.31982 2.31927 2.29596 2.21198 2.09291 2.09023 2.02993 1.99676 1.97003 2.58538 1.95136 1.90397 1.98728 3.03439 1.89337 1.87631 2.33416 1.79745 1.79722 1.74878 1.74818 1.68048 1.61215 1.60843 1.59691 1.82329 2.08731 1.58152 1.45013
threshold=2.5000000000000004 6.5000000000000009 1.2585155410019777 1.5000000000000002 2.0000018609671453 1.2511406545496373 1436.6949999999999 1.5000000000000002 3.5000000000000004 181.50000000000003 1.2077999818183953 1.2091709731129139 0 113.50000000000001 238.50000000000003 50.868457800820487 3650.2500000000005 0.8958494933451534 2987.3950000000004 945.2850000000002 2182.8350000000005 171.50000000000003 2993.2600000000007 911.11500000000001 2.2013847206078681 27.113538208846816 1.0000000180025095e-35 0.61536805492666291 21.500000000000004 0.98184409077813795 630.58000000000015 3086.9850000000001 0.99999445588277125 0.90418370714450924 1 2 215.50000000000003 35.20000000000028 3 454.0750000000001 410.73500000000001 2.076927486291583 307.50000000000006 1.0000000180025095e-35 2.4390723915429047 4 5 79.500000000000014 153.50000000000003 1277.345 3492.3050000000007 1.4517405595750763 6 172.32500000000002 2010.8550000000002 7 0.60277769189288932 204.50000000000003 6.5000000000000009 1.7286926697355598 0.12888644449468895 10.500000000000002
decision_type=2 2 2 2 2 2 2 2 2 2 2 2 1 2 2 2 2 2 2 2 2 2 2 2 2 2 2 2 2 2 2 2 2 2 9 9 2 2 1 2 2 2 2 2 2 1 9 2 2 2 2 2 1 2 2 9 2 2 2 2 2 2
left_child=1 3 10 4 15 7 12 17 29 39 28 31 24 25 48 26 19 61 52 20 -13 33 -21 -14 -6 -7 35 -28 -2 -4 43 41 -12 38 -32 -1 -23 54 -9 -10 -39 42 -5 -17 45 46 -31 -46 49 -15 -43 53 -8 -34 -16 -35 -50 -11 -59 -60 -18 -3
right_child=2 5 8 11 6 13 18 21 9 57 32 16 23 14 37 30 60 -19 -20 22 -22 36 -24 -25 -26 -27 27 -29 -30 44 34 -33 51 55 -36 -37 -38 40 -40 -41 -42 50 -44 -45 47 -47 -48 -49 56 -51 -52 -53 -54 -55 -56 -57 -58 58 59 -61 -62 -63
leaf_value=1.1156662762525329 -0.48877134896243463 -0.1871823263950681 -0.52156524516633063 -0.63005637891145005 0.61471457684621245 -0.2810917707295616 0.48210773547207425 -0.68590076806976874 -0.83769276156282224 0.12654853743235145 -0.54595227835438187 -0.03522455653992012 1.1683034491638509 -0.052836465483798278 -0.0063209120439097436 1.2915308589979704 -1.1999262600666716 -0.0016583681572328148 -0.43302609970262085 0.72636975596525133 -0.46852459090461668 0.0030139092989522002 -0.099928051964546682 -0.78674938936209393 2.2529640066427903 -0.11850035517340239 -0.93393716810137417 0.017867327687698522 -0.62154203274816489 -0.3771085745124676 0.19909188600211536 -0.97284818105544346 0.079688274724505889 -0.5020526053681692 0.92003851310412521 -0.053900922009152558 -0.31289849870253228 -0.59493176806665315 -0.35069601807161882 -0.43369982039474131 -0.12365202768084771 -0.53145837835171617 0.13402271074408745 0.039253374030131738 -0.73995898830701778 -0.33024695147487793 0.090465454083279273 0.83049498761640528 -0.089080276191720043 1.3375834758911165 0.60770475882822061 -0.2418726042964382 -2.7270006202365908 -0.35278043833789785 1.7438429636561255 -0.24151539095610275 0.37427323789371947 -0.36231864211385312 -0.21217573040944357 0.17232261535189508 -0.38342215461664042 -0.3574857298414415
leaf_weight=485 289 751 505 260 1135 445 2286 210 247 91 310 3861 1211 285 595 291 38 1003 346 550 387 184 251 240 2168 950 320 7302 318 122 465 69 26 410 740 228 687 66 112 257 274 105 87 1447 26 1396 236 63 79 40 37 224 67 333 26 281 458 45 148 40 567 638
leaf_count=485 289 751 505 260 1135 445 2286 210 247 91 310 3861 1211 285 595 291 38 1003 346 550 387 184 251 240 2168 950 320 7302 318 122 465 69 26 410 740 228 687 66 112 257 274 105 87 1447 26 1396 236 63 79 40 37 224 67 333 26 281 458 45 148 40 567 638
internal_value=-0.000950399 0.000125617 -0.0084206 0.000997154 0.00176551 -0.00276777 0.003296 -0.00440523 -0.00603964 -0.00980746 -0.0134065 -0.00131134 0.00467732 -0.000574356 0.0010816 0.000749047 -0.000830829 -0.00237996 0.000841969 -0.000361243 -0.000929193 -0.00694224 0.00258085 0.00208047 0.00580006 -0.00277182 0.000170904 -0.000104918 -0.017418 -0.00467886 0.00236762 -0.00606061 -0.0105748 -0.00888287 0.00411838 0.00317737 -0.00460526 -0.00137448 -0.0126154 -0.0135108 -0.00451895 -0.00462398 -0.00664286 0.00112005 -0.00375135 -0.00412635 -0.000539084 0.00298913 0.00387283 0.000685976 0 -0.00840444 0.00155985 -0.0107044 0.000280449 -0.0070245 0.00569444 -0.00382263 -0.00603814 -0.00340314 -0.00464638 -0.00404095
internal_weight=37113 32437 4676 24943 18731 7494 7453 4276 3176 828 1500 6212 4754 3218 1823 11278 5654 2392 2699 5049 4248 1884 801 1451 3303 1395 8335 7622 607 2348 2943 558 893 1013 1205 713 871 961 322 504 340 489 347 1738 1843 1754 358 89 862 325 142 583 2353 359 621 691 537 324 233 188 605 1389
internal_count=37113 32437 4676 24943 18731 7494 7453 4276 3176 828 1500 6212 4754 3218 1823 11278 5654 2392 2699 5049 4248 1884 801 1451 3303 1395 8335 7622 607 2348 2943 558 893 1013 1205 713 871 961 322 504 340 489 347 1738 1843 1754 358 89 862 325 142 583 2353 359 621 691 537 324 233 188 605 1389
cat_boundaries=0 1 2 3 4 5 6 7 8
cat_threshold=1 5 28 1 4 5 1 7
is_linear=0
shrinkage=0.05


Tree=42
num_leaves=63
num_cat=33
split_feature=14 20 21 21 21 22 1 2 20 22 21 0 2 19 1 2 1 21 4 1 1 2 1 21 2 1 1 2 1 2 2 20 1 2 18 20 2 8 1 1 19 1 8 20 1 10 2 1 2 16 10 6 8 8 1 1 2 6 1 22 19 16
split_gain=107.925 52.4354 24.0407 20.9494 16.704 10.4058 9.80013 8.53014 8.332 8.15046 8.00287 7.40916 7.54023 7.37583 7.28112 6.92929 7.91999 6.50229 6.32218 6.24611 6.02918 5.89285 5.55424 5.40348 5.15795 5.0967 5.00857 4.70062 3.97921 3.89404 3.87768 3.73451 3.6806 3.66265 3.49231 3.43322 3.39721 3.34178 3.31367 3.26106 3.12844 2.99728 2.85946 3.25123 2.79473 2.67509 2.46414 2.43157 3.51731 2.40481 2.36479 2.59448 2.38937 2.29595 2.25345 2.15248 2.10617 2.09351 2.01925 2.01737 2.00121 1.99353
threshold=2.5000000000000004 150.50000000000003 34.519230769230781 69.70714285714287 20.200395843641765 1.4571067811865479 0 1 37.500000000000007 67.70149760280286 39.017857142857146 2 3 1563.0050000000001 4 5 6 112.05555555555557 7 8 9 10 11 199.45000000000002 12 13 14 15 16 17 18 205.50000000000003 19 20 0.48216920364172883 343.50000000000006 21 620.02500000000009 22 23 1260.2550000000001 24 509.37000000000006 28.500000000000004 25 588.66500000000019 26 27 28 2.1513994878699481 1912.49 1376.8900000000001 1277.3550000000002 299.99500000000006 29 30 31 4496.4800000000005 32 23.094491882786336 899.20500000000004 1.0824186972416909
decision_type=2 2 2 2 2 2 9 1 2 2 2 1 1 2 9 1 9 2 9 9 9 1 9 2 1 9 9 1 9 1 1 2 9 1 2 2 1 2 9 9 2 9 2 2 9 2 1 9 1 2 2 2 2 2 9 9 1 2 9 2 2 2
left_child=1 3 7 4 11 15 21 26 57 17 47 13 18 22 29 28 31 40 -13 -15 -5 42 -1 27 -25 56 60 38 -3 -12 55 46 -10 -8 -29 39 -16 -32 -22 -18 41 -7 49 -44 -14 -30 -17 -6 -49 -4 51 -35 58 -33 -27 -11 -19 -9 -52 -28 -2 -45
right_child=2 5 6 20 10 9 33 8 32 30 14 12 44 19 36 16 35 25 -20 -21 23 -23 -24 24 -26 54 59 34 45 -31 37 53 -34 50 -36 -37 -38 -39 -40 -41 -42 -43 43 61 -46 -47 -48 48 -50 -51 52 -53 -54 -55 -56 -57 -58 -59 -60 -61 -62 -63
leaf_value=-0.10522068166676563 -0.30921931762502552 0.80688743770069926 -0.432650820789857 -0.19495768058909171 -0.59915826855334164 -0.63363997453254195 0.19924216971708886 -0.47046826338025166 0.06186387227895445 1.2014103657683508 -0.18341025225610574 -0.10091994720579721 -0.66441563841206208 -0.76534035118778831 -0.10511316777832179 0.94959226478937497 0.23390048415423692 -0.88908905186395093 -3.1167424458217265 -0.0034727754384718426 -0.21767921095022943 -0.52202964507002392 1.0362316876513085 -0.26662615220647157 1.9820073121757233 1.340581256655998 -0.17136090856739339 -0.32487258908267197 1.7590620491897013 0.079743516392636771 0.77809990136309182 0.75225164820467194 -0.49339082532604089 0.53548873857727775 0.022708183006996664 2.7301923625993925 -0.34377487470671025 1.6901459050643752 0.2780166755885663 -0.72881761194419148 -1.1876456305423482 0.1100654547249917 -0.33339742586207421 -0.15144415593653449 0.0083136616453284521 2.057067274777137 -0.053035018034938021 0.060191125765613411 -0.42271647165769299 0.543538332567152 -0.036924000780783575 -0.089368235004417332 -0.031579783040104559 2.3408108048873149 0.26894641409946446 -0.067745191724173995 -0.18030285291677473 -0.67958412490048536 -0.41585460513280881 0.61835882588905378 -0.69761148217333957 0.47917475486863881
leaf_weight=683 162 356 357 1870 425 308 180 685 105 229 600 127 201 511 1069 107 592 119 214 1541 133 740 1354 249 637 238 259 857 779 754 485 131 225 48 5680 285 2988 567 1844 373 188 479 154 74 674 1025 306 135 249 21 125 358 202 789 1578 461 247 422 359 29 68 103
leaf_count=683 162 356 357 1870 425 308 180 685 105 229 600 127 201 511 1069 107 592 119 214 1541 133 740 1354 249 637 238 259 857 779 754 485 131 225 48 5680 285 2988 567 1844 373 188 479 154 74 674 1025 306 135 249 21 125 358 202 789 1578 461 247 422 359 29 68 103
internal_value=-0.00092615 9.63317e-05 -0.00802522 -0.00120954 -0.00270862 0.00318818 -0.00494677 -0.0122702 -0.0142931 0.00155549 -0.0044673 -0.000635833 -0.00406071 0.000372678 -0.00375416 0.00486199 0.00303351 2.37342e-05 -0.0102401 -0.00172749 0.000319347 -0.00774624 0.00251225 0.000839265 0.00455568 0.00155606 -0.00612053 0.000446166 0.00697193 -0.00051207 0.00429799 0.00570208 -0.00705706 -0.00163424 -0.000194656 0.000118765 -0.00480958 0.00619718 0.00257538 -0.0012655 -0.00334867 -0.00186709 -0.00418975 -0.000673653 -0.00143581 0.00795267 0.0016226 -0.00914409 -0.00541562 -0.00721785 -0.00276018 0.000122249 -0.00457184 0.00752979 0.00265172 0.0012091 -0.00369393 -0.016509 -0.00646817 -0.0013289 -0.0115226 0.00375
internal_weight=37113 32437 4676 22795 11525 9642 2721 1955 1437 4899 6220 5305 1216 4089 5411 4743 2583 3157 341 2052 11270 1449 2037 9400 886 2182 518 8514 2160 1354 1742 1333 330 1272 6537 1250 4057 1052 1977 965 975 787 709 331 875 1804 413 809 384 378 1092 406 686 920 1816 690 366 1107 484 288 230 177
internal_count=37113 32437 4676 22795 11525 9642 2721 1955 1437 4899 6220 5305 1216 4089 5411 4743 2583 3157 341 2052 11270 1449 2037 9400 886 2182 518 8514 2160 1354 1742 1333 330 1272 6537 1250 4057 1052 1977 965 975 787 709 331 875 1804 413 809 384 378 1092 406 686 920 1816 690 366 1107 484 288 230 177
cat_boundaries=0 2 3 4 5 7 8 10 11 13 15 16 18 19 21 23 24 26 27 28 30 31 32 33 35 37 39 40 42 43 45 47 48 50
cat_threshold=2788430946 4352 1548 1 1281 2521555465 271361 952 319570835 444043 4 20283730 8729 404885514 1842468 716 2156565924 5 3090 2157970690 349216 33591489 4097 896 2199552004 262176 2257 3085 2181038209 128 1536 772 2147483649 2751529992 16 537395285 37377 34865345 262160 4 536875141 69760 3090 561156 32768 2149843081 295440 2241 524296 278672
is_linear=0
shrinkage=0.05


Tree=43
num_leaves=63
num_cat=10
split_feature=15 21 21 21 21 2 13 2 7 10 8 15 15 21 2 2 8 18 7 8 7 10 2 0 8 2 8 2 8 21 5 18 22 10 18 23 18 5 7 7 22 18 7 22 21 10 22 10 18 7 18 2 2 7 5 11 11 10 11 16 23 7
split_gain=103.674 37.4988 24.1101 15.9912 22.9279 8.44132 7.43664 7.32658 6.13004 6.12442 6.37676 5.95789 5.79783 5.60331 5.24604 4.41494 4.02334 3.95682 3.63192 3.21397 3.05479 2.9051 2.89024 2.8186 2.77175 2.67561 2.60566 2.36258 4.18834 2.33896 2.30576 2.22497 2.21721 2.1773 2.07364 2.02897 2.02538 2.00957 2.15629 2.00321 1.99674 1.98575 1.96587 1.90004 1.87218 1.86748 1.81341 1.81159 2.25934 2.07041 1.71571 2.60317 1.71021 1.6509 1.64716 1.54058 1.49786 1.46528 1.44059 1.41344 1.40055 1.37023
threshold=5.5000000000000009 39.017857142857146 127.08333333333336 7.5000000000000009 63.029411764705891 0 1.5000000000000002 1 964.53000000000009 926.3950000000001 395.92000000000002 9.5000000000000018 14.500000000000002 215.70833333333334 2 3 182.12000000000003 1.1189628423266174 1654.5450000000003 488.30000000000001 60.600000000000009 1829.1050000000005 4 5 1298.9250000000004 6 1277.115 7 395.92000000000002 94.527777777777786 30.500000000000004 0.55921466463736513 40.428640742135869 1801.1050000000002 1.0694215786822128 3.5000000000000004 1.4137930775966512 313.50000000000006 272.59500000000008 726.9100000000002 1.4571067811865479 1.0613784531049459 538.73000000000013 46.844730607753668 55.025000000000006 2182.8350000000005 32.171045838443874 1142.5700000000002 0.14455548908517205 422.66000000000003 0.44768460020052459 8 9 321.39500000000004 188.50000000000003 2713.8100000000004 4112.0600000000004 630.3950000000001 1319.1750000000004 0.85701673611503615 5.5000000000000009 -1.0000000180025095e-35
decision_type=2 2 2 2 2 1 2 1 2 2 2 2 2 2 1 1 2 2 2 2 2 2 1 1 2 1 2 1 2 2 2 2 2 2 2 2 2 2 2 2 2 2 2 2 2 2 2 2 2 2 2 1 1 2 2 2 2 2 2 2 2 2
left_child=2 5 3 6 7 17 8 46 9 10 -1 15 18 22 16 19 60 31 37 -3 -8 30 26 -11 29 -23 47 45 57 -16 -10 -2 40 36 -18 -26 -21 38 -7 -13 -9 52 44 -35 -17 -15 -5 48 -4 -49 -30 -52 -24 -43 -48 -46 -55 61 -59 -19 -6 -29
right_child=1 11 13 4 14 12 20 32 21 23 -12 39 -14 27 24 42 34 59 -20 33 -22 25 41 -25 35 -27 -28 28 50 -31 -32 -33 -34 43 -36 -37 -38 -39 -40 -41 -42 53 -44 -45 55 -47 54 49 -50 -51 51 -53 -54 56 -56 -57 -58 58 -60 -61 -62 -63
leaf_value=-0.13621711030765413 0.04400138514934504 -0.23178265036511103 -0.86305159120014607 -0.21802976090901538 -1.2420225605509616 -0.43296398967501731 3.2306891529907995 -0.42155162057460704 0.11312328743457983 -0.040260488054205727 0.82574618119858345 -0.50434921357609641 -0.64006605866212363 1.8828055908601087 -0.20293773750721514 -0.40003166860433342 0.080817649271594058 -0.35071937827140687 0.25190356456292307 0.024427920199795495 -1.1590394361305081 0.62071085095862921 0.18212047997396041 -0.78368293001997236 0.74603692924531906 -0.25830656820792797 0.92661499969346162 -2.9397739101298193 1.9146897559402873 -0.033041347360987315 1.7701366033903867 -0.34918363674414388 -0.067242372625964816 -0.0089498335654297993 0.26110523760364474 0.0077911334857148525 0.54629101166436378 -0.19999147719632335 -0.37781444492789551 -0.018585472493832002 -0.64198792825199913 -0.73332782512714234 -0.18581087084091552 -0.77532517857132532 -0.10122134570038775 -0.71452052323803061 0.51724620941231414 -0.87181549733804653 0.6298216803638198 0.2830756240378513 -0.015648991460568595 1.4113218679548944 -0.16472667916249151 0.68510208448179355 -0.0050470944448420601 -0.47975019073467173 -0.2110324101217117 -1.104098825338889 0.19974431235533885 -0.0015531507625503593 0.15388039895255334 0.75492685308185592
leaf_weight=1684 42 1006 64 747 132 448 31 635 206 957 2521 257 358 682 3339 802 1276 51 39 167 329 280 1273 340 186 287 327 24 319 3211 1279 164 119 857 1023 449 128 127 1156 40 948 62 1309 54 531 47 30 106 1383 594 322 926 1167 752 186 358 125 89 47 296 57 362
leaf_count=1684 42 1006 64 747 132 448 31 635 206 957 2521 257 358 682 3339 802 1276 51 39 167 329 280 1273 340 186 287 327 24 319 3211 1279 164 119 857 1023 449 128 127 1156 40 948 62 1309 54 531 47 30 106 1383 594 322 926 1167 752 186 358 125 89 47 296 57 362
internal_value=-0.000899208 -0.00586476 0.0005056 -0.000436929 -0.00156389 -0.0107209 0.00131363 -0.00566904 0.0016541 0.000772025 0.00170509 -0.00348784 -0.0121672 0.00271213 -0.000426313 -0.00307766 0.00153938 -0.00472615 -0.0109419 -0.00132584 -0.00564738 0.00399027 0.00181438 -0.00221154 -0.00111489 0.000833333 0.0031162 0.00455512 0.00357992 -0.00142683 0.00515793 -0.0102871 -0.00763848 0.000372208 0.00213944 0.00199843 0.00411074 -0.0112889 -0.0117922 -0.0104167 -0.00818096 0.000832842 -0.00433123 -0.000793217 -0.00550472 0.00710916 -0.00202357 0.00245349 0.00346552 0.000284495 0.00488854 0.00395683 6.13999e-05 0.00278662 0.00182648 -0.00378363 0.00338068 -0.000190476 -0.00467626 -0.00135714 -0.00533854 0.00128535
internal_weight=37113 8190 28923 20252 12338 2681 7914 2665 7554 5502 4205 5509 2128 8671 9673 5212 2488 553 1770 2212 360 2052 5853 1297 7185 567 2474 2818 2089 6550 1485 206 1702 1206 2299 635 295 1731 1604 297 1583 3379 3000 911 1691 729 963 2147 1447 700 1567 1248 2440 939 216 889 877 522 136 347 189 386
internal_count=37113 8190 28923 20252 12338 2681 7914 2665 7554 5502 4205 5509 2128 8671 9673 5212 2488 553 1770 2212 360 2052 5853 1297 7185 567 2474 2818 2089 6550 1485 206 1702 1206 2299 635 295 1731 1604 297 1583 3379 3000 911 1691 729 963 2147 1447 700 1567 1248 2440 939 216 889 877 522 136 347 189 386
cat_boundaries=0 1 2 3 4 5 6 7 8 9 10
cat_threshold=1544 1566 1920 3852 992 1 2716 296 2050 22
is_linear=0
shrinkage=0.05


Tree=44
num_leaves=63
num_cat=20
split_feature=15 20 21 20 17 1 20 1 1 17 1 17 1 1 1 20 22 17 1 15 7 3 7 7 4 20 7 1 1 19 10 1 21 1 3 1 23 23 1 19 20 19 19 6 1 0 19 0 21 7 10 9 20 17 20 7 6 21 21 21 19 20
split_gain=97.4726 51.5525 17.0172 14.3969 13.5194 11.7185 6.65919 6.62619 6.20779 5.69251 5.4762 5.42279 6.47836 5.01919 4.97518 4.50305 4.34476 4.27618 4.0832 4.03689 3.73336 3.5548 3.51476 3.48292 3.4686 3.43239 3.30981 3.30459 3.1356 3.08391 3.04182 2.97296 2.95452 2.91491 2.84383 2.66138 2.63683 2.60977 2.3434 2.33805 2.30554 2.37702 2.28455 2.17363 2.14798 2.13309 1.98796 2.14561 1.83913 1.76132 1.75186 1.74949 1.74624 1.69875 1.68322 1.71942 2.33573 1.68087 1.56873 1.46152 2.49455 1.52715
threshold=8.5000000000000018 125.50000000000001 76.348484848484858 1.0000000180025095e-35 2.2265362457016349 0 233.50000000000003 1 2 1.2585155410019777 3 1.4858690245868402 4 5 6 44.500000000000007 50.382012874549652 2.7202298097481399 7 10.500000000000002 1240.0450000000003 8 667.3950000000001 992.0350000000002 9 76.500000000000014 1151.6100000000004 10 11 1517.8900000000001 467.54500000000007 12 137.26785714285717 13 14 15 10.500000000000002 10.500000000000002 16 344.99500000000012 322.50000000000006 1539.2150000000001 2487.1800000000007 4496.4800000000005 17 18 2773.8450000000003 19 359.75000000000006 402.08000000000004 1125.2250000000004 876.65500000000009 88.500000000000014 1.8088111978570265 13.500000000000002 443.31000000000006 2012.74 66.031250000000014 39.535885167464123 179.10000000000002 1023.1900000000001 391.50000000000006
decision_type=2 2 2 2 2 9 2 9 9 2 9 2 9 9 9 2 2 2 9 2 2 1 2 2 9 2 2 9 9 2 2 9 2 9 1 9 2 2 9 2 2 2 2 2 9 1 2 1 2 2 2 2 2 2 2 2 2 2 2 2 2 2
left_child=1 2 3 14 6 9 13 23 42 19 22 12 -4 -3 46 21 27 -17 30 54 34 -9 59 57 52 31 33 -15 -26 45 -13 -20 -32 51 37 -18 58 -7 -27 -21 41 -24 53 48 -25 -16 47 -1 -10 -31 -35 -12 -14 -8 -2 -56 -57 -5 -36 60 -6 -61
right_child=5 4 11 7 10 20 8 15 43 -11 26 18 24 16 29 17 35 -19 25 39 -22 -23 40 44 28 38 -28 -29 -30 49 32 -33 -34 50 36 -37 -38 -39 -40 -41 -42 -43 -44 -45 -46 -47 -48 -49 -50 -51 -52 -53 -54 -55 55 56 -58 -59 -60 61 -62 -63
leaf_value=-0.0069286604187176696 0.35340082302673292 -0.26593355095522142 -0.46657540279665072 -0.52583100075293676 2.0202206262352975 -0.57176912263575697 0.88162083695278715 -0.0049387529631200527 0.44797899619228193 -0.30184061599152767 4.0293163899741806 -0.90405099438120518 -0.4786064111487271 0.3055794271462986 2.2231771890790974 -0.1629028255281405 1.2432781967916242 0.072832966883290592 -0.053346004031516264 -0.36323404485749811 0.19037871618033686 -0.38456803025957886 0.69400729559780672 0.31837343273219504 -0.030897060356994646 0.14853126099074815 3.9293473233436744 -0.031027629741839747 0.31853405844050436 -0.90955827684683477 -0.17287748144094481 0.39210953344726107 1.1270387890202114 1.8842892965676428 -0.2389686384508366 0.38134947971959293 -0.3295344173285088 0.092767958571873532 0.65617747137640947 -0.56306829328372687 3.9006914316715537 -1.7915455795091491 -1.0546625021733007 -1.4866849129986166 -0.35183244424458471 0.044470299215863922 -0.92096558163531739 -1.8032208338656077 2.7812211883559712 0.38980969077090322 -0.41829304273474793 0.16603471792572863 -0.068854460393198022 1.7564164927210015 -0.46251144475667605 0.48222630353109008 -0.38464498052634472 -0.14758426859146567 0.14621250440650721 -0.18374818306223945 -1.6787572755448581 5.9704153801242974
leaf_weight=722 20 928 698 1465 76 32 340 418 1532 561 184 96 381 1073 534 4937 265 1015 1243 486 77 2587 228 115 1460 501 405 3267 670 119 696 865 322 1011 147 1541 639 160 666 325 254 35 25 73 156 184 122 117 67 665 82 34 909 571 262 22 109 273 60 81 160 45
leaf_count=722 20 928 698 1465 76 32 340 418 1532 561 184 96 381 1073 534 4937 265 1015 1243 486 77 2587 228 115 1460 501 405 3267 670 119 696 865 322 1011 147 1541 639 160 666 325 254 35 25 73 156 184 122 117 67 665 82 34 909 571 262 22 109 273 60 81 160 45
internal_value=-0.000883042 -0.000135171 -0.0015885 -0.00269692 0.00245725 -0.00967964 0.00159009 -0.00347343 0.00375335 -0.0122219 0.00566782 0.000155699 -0.0011405 0.000784231 0.000740065 -0.00286789 0.00130703 -0.00205709 0.0013832 -0.0142624 -0.00538564 -0.0044631 0.00227018 -0.00609545 -0.000218468 0.00227342 0.00731637 0.000437486 0.00100327 0.00254125 -0.00119787 0.00104216 -0.000342801 0.0060312 -0.006244 0.00337203 -0.00745052 -0.000243902 0.00446581 -0.0164312 0.00495192 0.00140977 0.00700738 0.00183976 -0.000638686 0.00492372 -0.00202772 -0.00109857 0.0022628 0.000317662 0.00472423 0.0114719 -0.00226401 0.00752188 -0.00979567 -0.0105429 -0.00503731 -0.00695003 -0.0022619 -0.00136986 -0.00376569 0.00271318
internal_weight=37113 34213 21936 13429 12277 2900 9682 10966 2608 1785 2595 8507 4118 7074 2463 8957 6146 5952 4389 1224 1115 3005 879 2009 3420 3275 1716 4340 2130 1502 1114 2108 1018 1311 1038 1806 846 192 1167 811 517 263 936 1672 271 718 961 839 1599 784 1093 218 1290 911 413 393 131 1738 207 362 236 126
internal_count=37113 34213 21936 13429 12277 2900 9682 10966 2608 1785 2595 8507 4118 7074 2463 8957 6146 5952 4389 1224 1115 3005 879 2009 3420 3275 1716 4340 2130 1502 1114 2108 1018 1311 1038 1806 846 192 1167 811 517 263 936 1672 271 718 961 839 1599 784 1093 218 1290 911 413 393 131 1738 207 362 236 126
cat_boundaries=0 2 4 6 8 10 12 14 16 17 18 20 22 24 26 27 29 31 33 34 35
cat_threshold=570462283 332033 1077154114 1839400 2432807322 168464 2179108994 1381538 2418151434 1644550 107098400 14352 2207483882 5649 337646692 787705 4 5 1484898818 1245898 537428420 320048 2685698690 26624 33563745 32768 4 17825861 1114114 25821321 37380 2101504 266240 1 1
is_linear=0
shrinkage=0.05


Tree=45
num_leaves=63
num_cat=23
split_feature=20 23 21 20 20 21 1 1 1 6 22 1 1 2 1 22 5 1 1 21 2 22 8 2 1 1 1 1 1 1 5 22 8 5 0 19 1 19 20 5 16 23 2 20 21 16 18 8 11 5 22 5 21 1 19 22 2 9 22 21 2 9
split_gain=76.4053 42.4549 16.8348 18.3822 14.3598 9.13903 8.29564 6.57733 6.34834 6.30741 5.4078 5.74342 5.04158 5.0136 5.13486 5.05759 4.91718 4.86428 4.84899 6.01423 4.21637 4.14565 4.11891 4.01271 3.94165 3.88237 3.68532 3.29353 3.08951 3.07155 2.92093 2.71239 2.59878 2.56458 2.5229 2.49134 2.43702 2.44875 2.39786 2.39543 2.35942 2.28985 2.25648 2.18205 2.17679 2.15096 2.11557 2.0457 2.26956 2.0226 1.95705 1.903 1.89722 1.89381 1.78961 1.78149 1.75426 1.74335 2.73129 1.89654 1.66211 1.64932
threshold=113.50000000000001 17.500000000000004 68.193750000000009 1.5000000000000002 233.50000000000003 38.509259259259267 0 1 2 3650.2500000000005 3.7716029769593651 3 4 5 6 70.559549167950408 110.50000000000001 7 8 105.21111111111112 9 15.44258861469946 837.36000000000013 10 11 12 13 14 15 16 31.500000000000004 1.0000000180025095e-35 182.12000000000003 185.50000000000003 17 1137.5700000000002 18 1120.8550000000002 78.500000000000014 116.50000000000001 1.0433188584727604 9.5000000000000018 19 263.50000000000006 274.16666666666669 0.31578313878559933 0.47682530663689232 638.50000000000011 1524.5900000000004 108.50000000000001 43.476057534039526 263.50000000000006 50.023809523809533 20 2736.0750000000003 60.837351446812995 21 1240.05 1.4571067811865479 302.25000000000006 22 983.15000000000009
decision_type=2 2 2 2 2 2 9 9 9 2 2 9 9 1 9 2 2 9 9 2 1 2 2 1 9 9 9 9 9 9 2 2 2 2 1 2 9 2 2 2 2 2 1 2 2 2 2 2 2 2 2 2 2 9 2 2 1 2 2 2 1 2
left_child=1 2 3 16 7 8 40 30 -3 23 11 61 38 15 57 24 25 42 44 -20 28 -11 27 -8 31 46 -24 -22 -19 -18 -2 -9 -30 -10 53 55 56 50 52 -26 45 51 -4 -36 -12 -5 -1 48 -17 -39 -38 -16 -7 54 -13 -21 -32 59 -59 -15 -31 -6
right_child=4 5 17 6 10 12 9 13 33 21 18 34 -14 14 41 47 29 20 19 35 22 -23 26 -25 39 -27 -28 -29 32 60 36 -33 -34 -35 43 -37 37 49 -40 -41 -42 -43 -44 -45 -46 -47 -48 -49 -50 -51 -52 -53 -54 -55 -56 -57 -58 58 -60 -61 -62 -63
leaf_value=-0.0017325563598738825 -0.62639148778163478 -0.40516695900424654 -0.024329440684935477 -0.20082030926065908 2.2086452321085268 0.22382317756450051 0.023818332952984633 1.5848155238414194 -0.33503055960953676 -0.51987399304135173 -0.48452608442614464 2.0182447874953637 -0.3578187665940547 -0.13399020278026372 0.18350511154099394 1.3610595924533038 -0.37134321466781162 0.4575522776063714 -1.1692803864357557 0.74721908508537926 0.070299981572448197 -0.23114720871126054 -0.053466261486509487 -0.23597177865384433 -0.26495367021827188 -0.73453251748726989 0.51569976143468566 -0.20340738129564073 -0.71146353366785142 1.9062458158840188 -0.087191215185101367 0.30577781998682241 0.11410023921852713 -0.11051802718849296 -1.8190921902167432 0.5756009977894323 -0.0067676978178987214 0.43272040112584736 -0.75813913691755619 0.38125442376648633 -0.35816910420283571 -0.45245832681133646 -0.49963356057678254 1.3532775412783544 2.0750828854846199 -0.64748660279657533 2.4118557243187171 1.5402403858405025 -0.43849060797206613 -0.54907110740565379 0.68451076495921448 0.69845344436194312 -0.31693640181466382 0.39826498082890116 -0.79823059718471834 2.2671865158571669 -0.69331368958525386 2.1429816165335831 -0.034111399805897238 1.7475334252436285 0.52166018591252772 3.1188257833004749
leaf_weight=554 265 699 306 102 728 149 829 313 329 635 457 871 683 2145 570 152 252 396 151 316 1146 744 834 5301 489 749 690 3089 166 521 245 465 1635 225 61 345 1275 122 34 726 1709 54 586 310 74 383 146 227 54 364 612 673 66 334 47 340 238 114 249 63 328 378
leaf_count=554 265 699 306 102 728 149 829 313 329 635 457 871 683 2145 570 152 252 396 151 316 1146 744 834 5301 489 749 690 3089 166 521 245 465 1635 225 61 345 1275 122 34 726 1709 54 586 310 74 383 146 227 54 364 612 673 66 334 47 340 238 114 249 63 328 378
internal_value=-0.000835893 -0.00258491 -0.00189419 -0.0030944 0.00210593 -0.00922075 -0.00408768 0.000995434 -0.0120422 -0.00326708 0.00446206 0.00584736 -0.00534759 0.00192643 0.00078588 0.00371054 0.000665883 -0.000225963 0.00217972 0.00399142 0.000163132 -0.00634949 -0.000541407 -0.00256807 0.00261774 -0.00122245 0.00166994 -0.00135087 0.00202489 0.00319293 -0.000869496 0.00537295 0.00108875 -0.00731922 0.00380501 0.00545319 -0.00038475 0.000261945 0.000667939 0.000753257 -0.00681921 0.00333969 -0.00370166 6.68449e-05 -0.00170037 -0.0100922 0.00140252 0.00865826 0.00454545 -0.00286299 0.00109788 0.00383226 0.00286697 0.0049004 0.00606874 0.00728376 -0.00357863 -0.000493421 0.00266393 -0.00104025 0.00461137 0.00866845
internal_weight=37113 23286 21101 12253 13827 2185 9703 9415 1253 7509 4412 2729 932 6294 3868 2426 2550 8848 1683 1152 7956 1379 5759 6130 1993 1449 1524 4235 2197 1101 3121 778 1801 554 1623 1001 2856 2373 249 1215 2194 1297 892 371 531 485 700 433 206 486 1887 1243 215 1252 918 656 483 2571 363 2208 849 1106
internal_count=37113 23286 21101 12253 13827 2185 9703 9415 1253 7509 4412 2729 932 6294 3868 2426 2550 8848 1683 1152 7956 1379 5759 6130 1993 1449 1524 4235 2197 1101 3121 778 1801 554 1623 1001 2856 2373 249 1215 2194 1297 892 371 531 485 700 433 206 486 1887 1243 215 1252 918 656 483 2571 363 2208 849 1106
cat_boundaries=0 2 4 6 8 10 11 13 15 17 18 19 21 23 25 27 29 31 32 34 35 37 38 39
cat_threshold=3150182 790828 2221289858 793712 536907851 4352 386205684 181761 2150105133 66176 992 572064824 114820 402657320 525638 313541396 348291 1920 520 537919520 32783 875299157 376866 595608643 348321 2199528723 20488 34628160 327705 2189477457 513 1 6430976 530432 708 549982219 266384 3864 2884
is_linear=0
shrinkage=0.05


Tree=46
num_leaves=63
num_cat=25
split_feature=20 23 21 21 21 17 1 1 2 17 5 17 2 17 1 20 1 1 2 1 1 1 20 1 1 1 20 10 22 5 0 4 7 6 23 21 20 21 5 16 2 1 7 1 4 1 22 1 23 10 2 22 8 17 6 22 2 22 2 10 22 10
split_gain=70.1787 41.7682 15.7888 16.5762 16.6718 14.4537 9.03659 8.21001 7.28258 7.09132 7.60119 6.22737 5.43669 5.36537 5.30133 5.07704 5.2481 4.86255 4.82273 4.61364 4.49484 4.44284 4.55305 4.51312 4.35443 4.23206 3.91252 3.44278 3.43521 3.34011 3.14799 3.41752 3.08488 3.03465 3.00143 2.76071 2.7485 2.71602 2.6492 2.60157 2.51573 2.44094 2.4338 3.27216 2.40166 2.28388 2.11295 2.62649 2.23402 2.03101 1.97497 1.9585 1.93269 1.84657 1.78044 1.74547 1.72804 1.53772 1.53764 1.52784 1.5168 2.36813
threshold=114.50000000000001 18.500000000000004 68.193750000000009 7.5000000000000009 35.019230769230781 2.2265362457016349 0 1 2 2.4919269774923376 72.500000000000014 1.3920198234788959 3 1.8805658043044196 4 79.500000000000014 5 6 7 8 9 10 233.50000000000003 11 12 13 189.50000000000003 630.3950000000001 50.033216680274812 280.50000000000006 14 15 288.02000000000004 4496.4800000000005 2.5000000000000004 135.3666666666667 150.50000000000003 38.509259259259267 47.500000000000007 0.85701673611503615 16 17 1151.6100000000004 18 19 20 82.394224127922044 21 2.5000000000000004 828.02500000000009 22 1.4571067811865479 603.6350000000001 1.0643698444759015 2501.0100000000007 83.712901949584605 23 14.819084278917446 24 2686.9950000000003 39.583925758811453 1087.4850000000004
decision_type=2 2 2 2 2 2 9 9 1 2 2 2 1 2 9 2 9 9 1 9 9 9 2 9 9 9 2 2 2 2 1 9 2 2 2 2 2 2 2 2 1 9 2 9 9 9 2 9 2 2 1 2 2 2 2 2 1 2 1 2 2 2
left_child=1 2 3 9 18 8 29 11 20 -1 24 37 -8 15 27 16 57 -12 39 32 28 38 45 54 -11 35 30 -7 34 -6 31 -22 -17 -20 36 44 -2 -3 -10 -5 -29 -9 43 -16 -15 -23 48 -48 -27 -21 -18 -44 -39 -40 -24 -37 -45 -4 -47 -36 61 -42
right_child=5 7 13 4 6 14 12 41 21 10 17 -13 -14 25 42 19 50 -19 33 49 26 22 23 -25 -26 46 -28 40 -30 -31 -32 -33 -34 -35 59 55 -38 52 53 -41 60 -43 51 56 -46 58 47 -49 -50 -51 -52 -53 -54 -55 -56 -57 -58 -59 -60 -61 -62 -63
leaf_value=-0.99273005185798491 0.11220483418699559 -0.39752000050441549 -0.75382237128005869 -0.56400106348624846 -0.51782619132454644 -0.47308217075694903 -0.24759219563178406 -0.0068014837236018977 -0.17324573415855335 -0.72576879308940634 -0.43581618561176028 -0.17325930622413585 -0.059163601780336708 -0.28275706055987654 1.3469460240106201 -0.20047495845038343 -0.5197944261440256 0.56854287747155896 -0.44990951256652423 0.20599717978350185 0.5186179350898027 -0.67191030906927551 1.1188006412468496 -0.1953894092785447 0.039850316217162535 0.29308480066436288 0.86276604689467296 3.1757722554107235 1.1722395729441359 -0.10305352221810615 -1.0607482262779964 -0.35161518131216951 0.20805851128652295 -0.57670746684512775 -0.10715440998605744 1.1648821502789688 1.252533017512456 -0.41751139004485832 0.04202328364980943 -0.093918481254832653 2.4441997691423114 -0.27612328851647233 4.4237732190474297 1.3207991412170856 0.11528477082047602 0.015932842707761099 -0.97533760473572784 0.83789769535755243 0.52158605778003631 -0.24090752226366732 -0.19732906016935098 1.4913419033562079 -0.14229768732001455 0.76855072653632139 -0.019072092651612138 -0.61411707784245595 3.6256374985894939 0.14985813625621633 -0.1505383843160388 0.88615144008152991 -1.1402763515249248 -0.44158808040537284
leaf_weight=504 312 578 56 55 893 309 2253 172 270 908 356 151 2973 605 1007 368 632 2325 857 215 210 288 783 619 613 557 435 273 589 230 194 381 1589 294 437 346 736 165 239 302 100 758 284 128 390 2581 121 188 681 795 1775 145 91 728 157 195 247 413 2055 32 57 113
leaf_count=504 312 578 56 55 893 309 2253 172 270 908 356 151 2973 605 1007 368 632 2325 857 215 210 288 783 619 613 557 435 273 589 230 194 381 1589 294 437 346 736 165 239 302 100 758 284 128 390 2581 121 188 681 795 1775 145 91 728 157 195 247 413 2055 32 57 113
internal_value=-0.000812992 -0.00247789 -0.00184371 -0.00298623 -0.00439249 0.0020256 -0.00325488 -0.00955422 0.00122183 -0.00062646 3.56718e-05 -0.0128006 -0.00234778 -0.000229589 0.00533571 -0.0011247 -0.00262244 0.00164866 -0.00913302 0.000311448 0.0031746 0.00036855 -0.000150092 0.0021927 -0.00277231 0.0014501 0.000689376 0.00190751 0.00457763 -0.00732835 -0.00136421 0.000378788 0.00173858 -0.0107174 0.00327303 -0.000387347 0.00475737 -0.0146356 0.0031 -0.00344595 0.00434982 -0.00583245 0.00686678 0.00577617 -0.00197896 -0.000903187 0.00328526 -0.000240385 0.00423046 -0.00239492 -0.00356405 0.0103588 -0.00965251 0.00435567 0.00435467 0.00243566 0.00985825 0.00212656 -0.000613035 0 0.000530035 0.00266204
internal_weight=37113 23404 21489 12563 7857 13709 6349 1915 11046 4706 4202 985 5226 8926 2663 5843 2876 2681 1508 2967 3326 7720 6483 1559 1521 3083 1220 852 2106 1123 785 591 1957 1151 1517 1536 1048 834 1237 357 543 930 1811 1382 995 4924 1547 309 1238 1010 2407 429 256 967 940 541 375 469 4636 469 270 213
internal_count=37113 23404 21489 12563 7857 13709 6349 1915 11046 4706 4202 985 5226 8926 2663 5843 2876 2681 1508 2967 3326 7720 6483 1559 1521 3083 1220 852 2106 1123 785 591 1957 1151 1517 1536 1048 834 1237 357 543 930 1811 1382 995 4924 1547 309 1238 1010 2407 429 256 967 940 541 375 469 4636 469 270 213
cat_boundaries=0 2 4 5 6 8 10 12 13 15 17 19 21 23 25 26 27 28 30 32 33 35 37 38 39 40
cat_threshold=3159298 594180 536907851 4352 928 2257 2153943170 1381538 51390034 1056980 5357866 8201 1548 664064929 103961 881428153 245902 1493221952 1188363 537333944 53264 2727477387 299027 890507889 9843 1 24 250 525344 128 823657244 16913 7 4403456 526336 2621568 128 19 2241 86
is_linear=0
shrinkage=0.05


Tree=47
num_leaves=63
num_cat=9
split_feature=15 14 17 14 17 15 17 22 14 2 2 2 2 18 22 7 18 2 7 17 18 17 18 8 5 5 5 5 8 17 8 15 7 5 15 9 4 14 17 4 5 2 17 18 2 7 10 17 22 17 9 7 18 7 7 5 6 5 17 22 13 6
split_gain=76.9041 25.6417 11.2377 10.7277 9.69635 6.79985 5.98101 5.57282 5.17324 5.1187 4.43225 4.37524 3.69054 3.61606 3.60596 3.56896 3.29864 2.97923 2.86224 2.85912 2.72697 2.64919 2.75092 2.36761 2.8248 2.35757 2.35384 2.70017 2.95997 2.43196 2.30258 2.18832 2.09985 2.07191 2.03375 2.03176 1.99128 1.92256 3.57529 2.81052 1.91661 1.8531 1.94901 1.80329 1.80229 2.02548 2.57828 1.87976 1.78918 1.63271 1.91891 1.9138 1.60147 1.55633 2.24231 1.72121 1.53395 1.41138 1.39985 1.37572 1.35315 1.28428
threshold=8.5000000000000018 1.5000000000000002 1.6095125282966587 3.5000000000000004 1.2511406545496373 10.500000000000002 1.0434785760653262 50.868457800820487 2.5000000000000004 0 1 2 3 0.2248390793765728 31.699105912329266 641.31000000000006 0.63204319736594383 4 945.2850000000002 0.5590015179347041 0.33158155282093554 2.2187695313078328 0.47157373421137866 837.36000000000013 47.500000000000007 181.50000000000003 257.50000000000006 247.50000000000003 310.62500000000006 2.2462255873870092 463.15000000000003 2.5000000000000004 355.88500000000005 199.50000000000003 2.5000000000000004 453.98000000000019 5 1.0000000180025095e-35 0.5590015179347041 6 312.50000000000006 7 1.222054471302386 0.41775436328695587 8 180.01500000000001 2525.7050000000008 0.68326800191191206 4.6565362803985808 1.0358007381102416 2070.8950000000009 237.25500000000002 1.4292675758993372 83.350000000000009 275.60000000000008 255.50000000000003 4774.3700000000017 312.50000000000006 0.66986026768764362 20.500871028736459 1.5000000000000002 5620.6000000000013
decision_type=2 2 2 2 2 2 2 2 2 1 1 1 1 2 2 2 2 1 2 2 2 2 2 2 2 2 2 2 2 2 2 2 2 2 2 2 9 2 2 9 2 1 2 2 1 2 2 2 2 2 2 2 2 2 2 2 2 2 2 2 2 2
left_child=1 2 7 4 30 15 52 11 10 26 18 16 59 -11 -12 44 20 32 -6 -18 -1 31 -23 24 58 -5 27 28 -4 34 60 -15 57 -27 -28 -14 -26 39 -39 -13 -35 42 -25 -31 45 47 -47 -2 -29 50 -32 -51 -7 -19 -55 -56 -17 -8 -9 -10 -3 -43
right_child=5 3 9 25 8 6 17 23 12 13 14 37 35 21 -16 56 19 53 -20 -21 -22 22 -24 41 36 33 29 48 -30 43 49 -33 -34 40 -36 -37 -38 38 -40 -41 -42 61 -44 -45 -46 46 -48 -49 -50 51 -52 -53 -54 54 55 -57 -58 -59 -60 -61 -62 -63
leaf_value=-0.036472066054679432 0.1111763516084503 -0.3737953214905112 -1.2396983304840774 -0.69813739359909754 0.014290932099074638 -0.51457067142943846 -0.37184851868367375 -1.7852588245619878 -0.54271965831073288 -0.0041741830279562464 -0.167794047486991 0.76798110917681373 -0.80509881207785838 0.27551228873939382 0.030477869032306162 -0.027889909234050592 -0.68651367573762279 0.066588263353034624 0.40611091557393025 -0.071968914116200364 -0.69337538451795389 0.88265248193633572 1.974534413674232 0.24791495059394322 -0.079874645306533418 0.333246798963174 -0.17419519104366579 -0.35273287238210926 0.10938584248989969 0.33269147407187066 -0.25509577508382364 0.87703744678830164 0.012577611053292515 -0.54016487116365153 0.84770682200413461 -0.059517326226663239 0.45865819214912523 -0.53146976422605641 0.00062089303897323595 -0.21624113674244719 0.36182695469415838 0.47697655852156801 1.140674000233912 2.4358281855924862 -0.37250896983918375 0.15369680104885752 -0.37920740559022975 -0.39132701107751822 -1.2651184226448209 0.98810567113972203 -0.79859023545570362 -0.13728655564032977 -0.3650326110288134 -0.34337010883439412 -0.2183924396744665 -0.5556150696178257 -0.43110623674590071 -0.14973991225824471 -0.38631851124193339 -0.32044685182582527 -0.098021996856754973 -0.71327266205111783
leaf_weight=239 24 1015 113 238 2423 325 63 41 330 1007 3221 501 81 2873 1810 321 209 26 569 2062 545 1681 1419 61 660 34 680 248 1533 316 332 526 181 49 162 1152 1133 316 4046 214 20 327 181 310 600 159 75 112 93 34 36 637 371 122 369 62 50 40 270 349 92 25
leaf_count=239 24 1015 113 238 2423 325 63 41 330 1007 3221 501 81 2873 1810 321 209 26 569 2062 545 1681 1419 61 660 34 680 248 1533 316 332 526 181 49 162 1152 1133 316 4046 214 20 327 181 310 600 159 75 112 93 34 36 637 371 122 369 62 50 40 270 349 92 25
internal_value=-0.000798173 -0.000133709 0.000898183 -0.00194769 -0.00169439 -0.00861178 -0.0108995 -0.000240007 -0.00102888 0.00202709 -0.000464117 -0.000897357 -0.00336815 0.00275968 -0.00137292 -0.00589658 -0.00238755 -0.0079388 0.00104825 -0.00139622 -0.00520966 0.00319517 0.00427006 0.00172158 0.000901756 -0.0106831 0.0004109 -0.000690955 0.000121286 0.00193746 -0.00474639 0.00219724 -0.0030303 -0.00353774 0.000118343 -0.0016252 0.0016843 0 -0.000389462 0.00240251 -0.00868056 0.00452261 0.00784314 0.00429253 -0.00750257 -0.004047 -0.00105485 -0.00899281 -0.00472384 -0.00295106 -0.00566038 -0.0013724 -0.0144492 -0.0100084 -0.0107464 -0.00869816 -0.00153743 -0.00872642 -0.00342357 -0.00632225 -0.00637387 0.00178082
internal_weight=37113 34213 21791 12422 12081 2900 1559 10830 9935 10961 8023 8132 1912 7506 5031 1341 3055 863 2992 2271 784 6499 3100 2698 2104 341 3455 1987 1646 1468 2146 3399 284 103 842 1233 1793 5077 4362 715 69 594 242 626 970 370 234 136 341 1039 368 671 696 579 553 431 371 103 311 679 1107 352
internal_count=37113 34213 21791 12422 12081 2900 1559 10830 9935 10961 8023 8132 1912 7506 5031 1341 3055 863 2992 2271 784 6499 3100 2698 2104 341 3455 1987 1646 1468 2146 3399 284 103 842 1233 1793 5077 4362 715 69 594 242 626 970 370 234 136 341 1039 368 671 696 579 553 431 371 103 311 679 1107 352
cat_boundaries=0 1 2 3 4 5 6 7 8 9
cat_threshold=3075 1804 3265 308 1548 5 28 1954 3624
is_linear=0
shrinkage=0.05


Tree=48
num_leaves=63
num_cat=15
split_feature=14 20 21 21 17 1 1 21 21 1 1 1 17 1 3 1 16 17 1 6 1 11 21 20 5 16 21 1 22 20 5 1 11 9 17 14 9 19 5 17 1 16 5 5 16 1 1 19 20 19 5 19 20 16 11 17 9 11 21 22 6 5
split_gain=69.6862 33.0559 16.8993 16.41 10.4887 9.37618 8.73072 7.30087 7.21441 7.8205 5.9964 5.82084 5.0314 4.83619 3.6413 4.71718 3.77513 3.53474 3.33812 3.25567 3.17105 3.25263 3.10793 2.94621 2.75185 2.68079 2.56904 2.95955 2.62637 2.54234 3.05485 2.64275 2.5383 3.1347 2.49429 2.47174 2.46628 2.42847 2.4277 2.38052 2.34005 2.2591 2.18037 3.28021 2.12654 2.10239 2.0819 2.07636 2.0557 1.87792 1.95866 1.85619 1.82837 1.7739 1.90187 1.75582 1.74508 1.70278 1.66147 1.63486 3.04029 1.62727
threshold=2.5000000000000004 198.50000000000003 30.84954751131222 87.527777777777786 1.2511406545496373 0 1 15.127441244620988 215.70833333333334 2 3 4 1.3712015419788861 5 6 7 1.0530568869425665 1.0434785760653262 8 5898.4900000000007 9 1080.6750000000004 73.89898989898991 49.500000000000007 50.500000000000007 1.0182646512866858 149.3666666666667 10 81.286940183696515 37.500000000000007 181.50000000000003 11 2546.5850000000005 1891.1750000000004 0.80003257221576585 1.5000000000000002 1490.8400000000004 1.0000000180025095e-35 50.500000000000007 1.4788620746640913 12 1.398568249249543 25.500000000000004 255.50000000000003 1.4517405595750763 13 14 2631.2900000000009 23.500000000000004 1113.24 75.500000000000014 1893.53 6.5000000000000009 2.2828038465605913 1028.4700000000003 1.6514225073577018 1042.2950000000003 2454.0050000000006 165.10000000000002 23.325756552332653 2012.74 328.50000000000006
decision_type=2 2 2 2 2 9 9 2 2 9 9 9 2 9 1 9 2 2 9 2 9 2 2 2 2 2 2 9 2 2 2 9 2 2 2 2 2 2 2 2 9 2 2 2 2 9 9 2 2 2 2 2 2 2 2 2 2 2 2 2 2 2
left_child=1 3 17 4 6 12 35 11 9 22 24 49 59 37 15 -15 -17 -2 34 39 21 -10 -9 32 -6 -26 27 -16 -28 30 52 55 -7 36 -8 -1 -34 -5 -14 -12 -35 -25 -13 51 -31 -45 -39 56 -33 -3 -51 -44 -19 54 -40 -32 -22 -24 -48 60 -4 -11
right_child=2 7 5 13 10 23 18 8 20 61 19 42 38 14 26 16 -18 29 -20 -21 47 -23 57 41 25 -27 28 -29 -30 44 31 48 33 40 -36 -37 -38 46 53 -41 -42 -43 43 45 -46 -47 58 -49 -50 50 -52 -53 -54 -55 -56 -57 -58 -59 -60 -61 -62 -63
leaf_value=-0.357446377494675 -0.49644411478600503 2.8249912131708479 0.048114202694599942 0.035936222985326796 -0.51572715443982708 0.0747244818802308 -0.41660331996269129 -1.1217415147173537 2.7266209914757358 -0.23158979237131805 -0.12720238106644235 -1.4158336371519262 -0.56738888135904231 -0.059506470538794078 -0.057946221313054026 -0.71538882237243484 0.58715058735728154 -0.18820320568069829 -0.043070729896709285 -0.68255551000506132 1.3858191195605998 -0.5649815705047353 1.1000640079457484 0.025738872276414249 -0.78905246802247153 -0.11228549466968474 0.48472937975107017 0.17309866923534864 -0.13786412510786478 -0.36024703531071833 -0.52918155492545726 0.065287562843615629 -0.194398956668174 -0.3044245092345339 -0.16300616984836155 -0.46200137013576176 -0.48312924501368965 -0.11440331243274252 -0.94593946927712413 0.077551910226947032 0.029312644555403014 0.43304988245325493 2.3824686141698863 2.7751340283998474 0.70774734687643681 -0.11946237233935193 -0.73159574862220822 -0.83339426290866081 -0.26491239668467159 -0.27232014725933384 2.8050950628273039 -0.52861102892167933 -0.51197563968813575 0.58839937700971212 -0.17298067567663883 -0.13460613807133051 2.1880752283518432 0.077120192748151351 -0.1083952938424794 -0.58879778642188263 -0.24040217520232299 0.67810101464166628
leaf_weight=428 391 390 63 1073 636 343 1004 74 169 1665 948 110 91 619 2823 64 1475 58 1517 172 792 218 591 206 207 3018 1625 1194 585 217 91 96 338 119 2029 469 219 926 95 5167 372 58 619 109 29 367 228 37 81 64 228 87 469 40 664 22 312 124 118 248 366 156
leaf_count=428 391 390 63 1073 636 343 1004 74 169 1665 948 110 91 619 2823 64 1475 58 1517 172 792 218 591 206 207 3018 1625 1194 585 217 91 96 338 119 2029 469 219 926 95 5167 372 58 619 109 29 367 228 37 81 64 228 87 469 40 664 22 312 124 118 248 366 156
internal_value=-0.000782008 3.93033e-05 -0.00648643 -0.000728312 -0.00176465 -0.00443411 -0.0035367 0.00335241 0.00213716 0.000516648 -0.000807802 0.00586748 -0.00719937 0.000773316 0.00133663 0.00310917 0.00459085 -0.0109815 -0.00260793 0.000138889 0.0048661 0.0006875 0.00464464 -0.00172362 -0.00235545 -0.00174257 0.000709135 -3.10945e-05 0.00207863 -0.00931051 -0.0107012 -0.00614334 -0.00267217 -0.00390105 -0.00357026 -0.00804945 -0.00647321 -0.00121925 -0.00464726 0.000339163 -0.000860324 0.00299625 0.00371648 0.00438819 -0.00441767 0.00104384 -0.00270588 0.00617418 -0.00144737 0.00964029 0.00627119 0.00655853 -0.013066 -0.00364713 -0.00423228 -0.0117063 0.00663957 0.00574513 -0.00598886 -0.0105515 -0.00827546 -0.00126772
internal_weight=37113 32437 4676 26325 15595 3222 5447 6112 4138 2610 10148 1974 1567 10730 8385 2158 1539 1454 4550 6287 1528 387 789 1655 3861 3225 6227 4017 2210 1063 817 290 1391 1048 3033 897 557 2345 890 6115 491 264 1292 1182 246 476 1272 1141 177 682 292 706 527 799 759 113 1104 715 346 677 429 1821
internal_count=37113 32437 4676 26325 15595 3222 5447 6112 4138 2610 10148 1974 1567 10730 8385 2158 1539 1454 4550 6287 1528 387 789 1655 3861 3225 6227 4017 2210 1063 817 290 1391 1048 3033 897 557 2345 890 6115 491 264 1292 1182 246 476 1272 1141 177 682 292 706 527 799 759 113 1104 715 346 677 429 1821
cat_boundaries=0 2 4 6 8 10 12 13 15 17 19 21 22 24 26 28
cat_threshold=607130720 4352 70520834 102660 2500235370 1196594 2291241446 1587511 2453735316 50185 2418413608 801861 2 209724231 672 805503948 787096 2452251658 266251 537404627 1229346 33591433 33554436 66048 266248 262688 2147614728 275461
is_linear=0
shrinkage=0.05


Tree=49
num_leaves=63
num_cat=14
split_feature=14 20 21 21 17 1 1 21 21 1 1 1 7 7 1 1 11 18 9 17 6 10 7 1 21 1 1 1 17 5 20 17 6 18 20 6 5 21 0 5 16 18 5 1 16 21 6 18 22 6 20 17 22 5 5 22 20 7 17 18 1 18
split_gain=66.1134 29.5822 15.54 14.6392 9.5104 9.0097 7.95834 7.07778 6.57123 6.988 6.46694 5.84075 5.21098 4.8176 4.39347 3.23719 4.16941 3.11874 3.34636 3.06483 3.02963 2.93188 3.4315 3.55527 2.83135 3.48894 3.13283 2.78307 2.72177 2.47291 2.59432 2.46849 2.43563 2.39108 2.37985 2.31031 2.29334 2.26371 2.75022 2.1979 2.62346 2.22657 2.07984 3.7413 2.18757 2.05512 2.01309 1.99038 1.98452 1.98181 1.9312 1.81333 1.9098 1.766 2.78762 1.69119 1.59163 1.53766 1.48811 1.4879 1.4858 1.82023
threshold=2.5000000000000004 198.50000000000003 30.84954751131222 87.527777777777786 1.2511406545496373 0 1 15.127441244620988 215.70833333333334 2 3 4 509.73000000000008 1009.8600000000001 5 6 1080.6750000000004 1.9457084337927479 137.89500000000001 1.0024686650050745 5279.9100000000008 1665.9550000000002 1263.4900000000002 7 127.08333333333336 8 9 10 1.2091709731129139 334.50000000000006 37.500000000000007 0.80003257221576585 3650.2500000000005 1.3516784114688052 32.500000000000007 2501.0100000000007 186.50000000000003 73.89898989898991 11 313.50000000000006 1.9999974548554997 0.33158155282093554 287.50000000000006 12 1.0182646512866858 39.535885167464123 1376.8900000000001 1.0852230049888576 1.4571067811865479 5620.6000000000013 47.500000000000007 2.6662290264091095 172.9011777451386 208.50000000000003 327.50000000000006 139.33681727070672 55.500000000000007 1021.8850000000002 1.0434785760653262 0.58787521451821101 13 2.5915807513764446
decision_type=2 2 2 2 2 9 9 2 2 9 9 9 2 2 9 9 2 2 2 2 2 2 2 9 2 9 9 9 2 2 2 2 2 2 2 2 2 2 1 2 2 2 2 9 2 2 2 2 2 2 2 2 2 2 2 2 2 2 2 2 9 2
left_child=1 3 19 4 6 12 17 10 9 37 -3 42 39 32 51 16 -10 18 -1 -2 -15 46 23 50 26 33 -16 31 -14 30 60 -8 -13 -26 -30 -12 -36 38 -9 41 -41 -4 44 -44 -6 -19 -7 -27 -32 -24 -23 52 -5 -17 -55 57 -50 -11 -25 -28 61 -21
right_child=2 7 5 14 11 21 27 8 15 55 35 13 28 20 24 53 -18 45 -20 29 -22 22 49 58 25 47 59 -29 34 -31 48 -33 -34 -35 36 -37 -38 -39 -40 40 -42 -43 43 -45 -46 -47 -48 -49 56 -51 -52 -53 -54 54 -56 -57 -58 -59 -60 -61 -62 -63
leaf_value=-0.075383830660004494 -0.50575739010186871 2.6164635672709027 0.030443083645971748 -0.10847707629381419 -0.86387093322588238 0.45993442457998662 -0.39443872548424963 2.0838583885181365 2.5540788904791798 -0.3315944367498922 1.3516062859956977 -0.037532887199905933 -0.27048671553705078 0.49185999606895553 0.30160998108069781 1.9470478296629452 -0.37900786626115918 -0.74948240569032765 -0.53700156531568732 -0.50695661672911807 -0.28745242773128016 -0.025554503531540363 0.42866429908005943 -0.60320017220656796 -0.13097091885247211 0.26862988055781617 -0.25760606464188174 -0.040917193401873678 -0.21802325755038832 0.0092548816433282617 0.07968038054460802 -0.13795192089488301 -0.39580515523310639 0.68046840918229634 -0.019457268829716767 -0.15423126519478103 0.51641689344556208 0.77336017933380607 -2.2676883202030296 -0.29435543523998614 0.56816852922588212 -0.37059393358933851 0.3916582550672047 -0.26404483912526616 -0.21112906734244774 -0.048201800968397636 0.010721571795919616 0.77517649714788783 -0.2597741905109171 -0.15397147682918302 0.34846190654698256 0.65083580248368345 -2.003212922037517 0.41774583813800492 3.1671433051012907 2.2067822301314814 -0.80179022512895293 0.13871734384837139 -0.21374159453095559 0.015405035618638863 -0.41888838597809414 0.32318839773517216
leaf_weight=125 330 656 44 1653 191 49 966 40 210 1250 1099 4591 65 1331 700 627 252 25 659 86 162 224 97 69 1041 2539 762 1517 178 58 78 1922 433 194 104 219 66 750 37 121 28 912 281 214 2945 233 359 775 117 43 53 146 45 331 108 106 48 427 810 2875 708 29
leaf_count=125 330 656 44 1653 191 49 966 40 210 1250 1099 4591 65 1331 700 627 252 25 659 86 162 224 97 69 1041 2539 762 1517 178 58 78 1922 433 194 104 219 66 750 37 121 28 912 281 214 2945 233 359 775 117 43 53 146 45 331 108 106 48 427 810 2875 708 29
internal_value=-0.000769884 3.00555e-05 -0.00632614 -0.000696027 -0.00167489 -0.00435659 -0.00336239 0.00316435 0.00196812 0.000420972 0.00563986 -0.000763472 -0.00715219 0.00012634 0.000722072 0.00457218 0.000842105 -0.00729858 -0.00895807 -0.0106383 0.00262366 -0.00177635 -0.00296382 -0.00388266 0.00118553 0.00205953 0.000259217 -0.00239362 -0.00222356 -0.00922804 -0.00977549 -0.0033092 -0.000606724 -0.000180288 -0.0002849 0.00345605 0.00375723 0.00419643 -0.0034375 -0.00900271 -0.00279605 -0.00990615 -0.0023669 0.000552209 -0.00285123 -0.00229885 0.00182482 0.00290051 -0.00477642 0.0041958 0.000948276 -0.00148088 -0.00196943 0.00607044 0.00345023 -0.00132238 -0.0078869 -0.00174107 -0.00540919 -0.000321918 -0.0111683 -0.00371094
internal_weight=37113 32437 4676 26325 15595 3222 5447 6112 4138 2610 1974 10148 1518 6517 10730 1528 462 1042 784 1454 1493 1704 1296 1156 8886 4549 4337 4405 413 1124 1066 2888 5024 1235 348 1318 170 827 77 1105 149 956 3631 495 3136 258 408 3314 243 140 277 1844 1698 1066 439 1783 165 1677 879 3637 823 115
internal_count=37113 32437 4676 26325 15595 3222 5447 6112 4138 2610 1974 10148 1518 6517 10730 1528 462 1042 784 1454 1493 1704 1296 1156 8886 4549 4337 4405 413 1124 1066 2888 5024 1235 348 1318 170 827 77 1105 149 956 3631 495 3136 258 408 3314 243 140 277 1844 1698 1066 439 1783 165 1677 879 3637 823 115
cat_boundaries=0 2 4 6 8 10 12 14 16 18 20 22 23 25 27
cat_threshold=606082146 4352 68423946 102660 2500235306 1262130 314640276 50185 2291241446 1585447 2418151432 797765 2452317194 266763 4718600 786593 101982258 1069216 51405314 1081512 807600836 787096 1 2147487936 4097 524292 65680
is_linear=0
shrinkage=0.05


Tree=50
num_leaves=63
num_cat=27
split_feature=14 20 21 21 1 17 1 23 2 1 1 22 2 2 1 1 1 1 0 19 2 2 1 1 1 17 21 20 2 20 21 1 20 14 21 2 2 8 23 2 8 19 1 18 17 21 17 20 20 6 2 1 1 19 6 20 23 18 20 2 15 21
split_gain=60.5514 26.9789 14.512 13.9086 8.84676 8.46097 6.7197 6.25359 5.93741 5.88601 5.20009 4.45717 4.22476 4.08692 7.65135 4.02183 4.01458 3.95937 3.92421 4.50625 3.79334 3.53343 5.3747 3.71449 3.46903 3.43821 3.35965 3.2476 3.12372 2.7797 2.77063 2.59922 2.56006 2.46685 2.37306 2.26013 2.20187 2.18268 2.10585 2.10475 2.03699 2.0167 2.00163 1.97646 1.92224 1.84811 1.81352 1.8041 1.8021 1.79782 1.76765 3.95239 1.95915 1.74427 1.73409 1.89571 1.69205 1.68789 1.67871 1.6515 1.57215 1.56041
threshold=2.5000000000000004 198.50000000000003 30.84954751131222 87.527777777777786 0 1.2511406545496373 1 1.5000000000000002 2 3 4 67.70149760280286 5 6 7 8 9 10 11 1849.5850000000007 12 13 14 15 16 1.6703538930915829 116.05555555555557 42.500000000000007 17 34.500000000000007 254.41666666666671 18 49.500000000000007 1.5000000000000002 153.55000000000004 19 20 950.05000000000007 3.5000000000000004 21 1290.0650000000003 2295.3050000000007 22 0.47682530663689232 0.90418370714450924 302.25000000000006 1.215529279303291 14.500000000000002 250.50000000000003 2012.74 23 24 25 1657.2750000000005 4496.4800000000005 391.50000000000006 6.5000000000000009 0.64360199860471856 838.50000000000011 26 4.5000000000000009 27.032258064516132
decision_type=2 2 2 2 9 2 9 2 1 9 9 2 1 1 9 9 9 9 1 2 1 1 9 9 9 2 2 2 1 2 2 9 2 2 2 1 1 2 2 1 2 2 9 2 2 2 2 2 2 2 1 9 9 2 2 2 2 2 2 1 2 2
left_child=1 3 12 5 8 6 33 9 25 54 35 15 16 14 26 39 38 -15 19 -12 -20 22 -8 -23 -13 -4 31 53 -11 34 41 -5 44 -1 -16 42 -31 -28 -2 48 -30 -17 -7 45 -6 -19 -10 -37 -9 -41 51 -46 -52 57 55 -3 -48 -18 -57 -34 -14 -62
right_child=2 7 4 13 32 10 21 11 46 28 18 24 60 17 29 30 27 43 20 -21 -22 23 -24 -25 -26 -27 37 -29 40 36 -32 -33 59 -35 -36 47 -38 -39 -40 49 -42 -43 -44 -45 50 -47 56 -49 -50 -51 52 -53 -54 -55 -56 58 -58 -59 -60 -61 61 -63
leaf_value=-0.33716396857152109 -0.33482743600519599 1.2438745731200471 -0.229219739964136 0.007286062447402486 -0.70269649680473489 0.088785306285859636 -0.38985550963265525 1.108669711778228 -0.30806231685621377 -0.32947717273366384 0.16399353590278878 0.17366477860406918 -0.35432104023737793 0.17883337021030954 -0.78888131766239133 0.074669449301494245 0.12680066107239157 -0.43940432581812988 -0.42994266844894152 -0.20268458204338061 0.02864579115937076 -0.20281540036883855 -0.043745767085911783 0.023077622907057106 1.3678697146939856 0.097290764136401364 0.4854266406861541 0.1278057656074319 0.86107369516121612 0.38944815771642 1.784502910056434 0.74412356918523559 0.35005584711333881 -0.44288440551569241 1.0507407735661674 -0.12020273321557653 -0.044680272354707284 0.88431606874212898 0.1351969271164177 -0.16470962739973347 3.0130412791441046 -1.4254405827435201 -0.24040947492880421 -0.057778129853713625 -0.27513651246566601 1.3122895329143931 -0.70432481346157949 -0.30297415450361725 -0.65224633566548396 -1.0969545713885098 0.059142527480726417 0.10169751648989554 -0.26036376628039265 -0.68876708324648961 -0.083514034520769095 4.9451143976172922 -0.25420840276337969 -0.34168031402970062 -0.76740319892189468 -0.043083232419822259 -0.56456655871389505 -0.3292459740196364
leaf_weight=392 67 1190 445 1079 26 733 1198 54 249 437 3500 499 78 1534 179 1038 23 468 955 1279 868 1423 603 1395 615 282 1683 59 1142 318 152 181 104 436 89 661 1747 531 90 75 118 60 412 2868 118 53 178 1740 59 158 231 323 736 103 73 417 364 324 25 166 453 257
leaf_count=392 67 1190 445 1079 26 733 1198 54 249 437 3500 499 78 1534 179 1038 23 468 955 1279 868 1423 603 1395 615 282 1683 59 1142 318 152 181 104 436 89 661 1747 531 90 75 118 60 412 2868 118 53 178 1740 59 158 231 323 736 103 73 417 364 324 25 166 453 257
internal_value=-0.000741594 2.38903e-05 -0.00605899 -0.000669439 -0.00415504 -0.00162361 -0.0032156 0.00301717 -0.00692358 0.00444934 -0.000763472 0.00119794 -0.0102265 0.000712755 0.00161082 -0.000469043 -0.00670103 -0.000339344 6.04686e-05 0.000820786 -0.00190307 -0.00243415 -0.00417585 -0.0012893 0.00362578 -0.00341216 0.00309722 -0.00886015 0.00226608 -0.000586104 0.000831354 0.000989707 -0.00160163 -0.00737218 -0.00535055 -0.00230402 1.2089e-05 0.00428507 0.000147059 -0.0051532 0.00353496 0 -0.00041019 -0.00130071 -0.00247042 -0.00415076 -0.00998134 -0.00317937 0.000198413 -0.0078252 -0.00216159 0.000385463 -0.00334184 -0.0104857 0.00653376 0.00691131 -0.00816514 -0.00835714 0.00988764 0.00274725 -0.0128589 -0.0138149
internal_weight=37113 32437 4676 26325 3222 15595 5447 6112 1518 3402 10148 2710 1454 10730 5807 1596 666 4923 6602 4779 1823 4619 1801 2818 1114 727 3474 509 1697 2333 1250 1260 1704 828 268 3546 2065 2214 157 346 1260 1098 1145 3389 1434 521 791 2401 113 233 1408 441 967 450 1705 1632 542 347 442 270 788 710
internal_count=37113 32437 4676 26325 3222 15595 5447 6112 1518 3402 10148 2710 1454 10730 5807 1596 666 4923 6602 4779 1823 4619 1801 2818 1114 727 3474 509 1697 2333 1250 1260 1704 828 268 3546 2065 2214 157 346 1260 1098 1145 3389 1434 521 791 2401 113 233 1408 441 967 450 1705 1632 542 347 442 270 788 710
cat_boundaries=0 2 4 5 7 9 10 11 13 15 17 19 20 21 22 24 26 28 29 31 32 33 34 36 37 39 41 42
cat_threshold=606082146 4352 1314818 102660 716 369444787 444041 2291241444 1585447 1640 996 790218466 114860 44040512 316545 536870950 81936 2445230357 12802 1 2353 3265 539494281 643 937566280 279728 571629698 4224 67 638091392 82048 1580 256 1592 2147586240 8193 1576 2147483648 262672 425992 360465 2832
is_linear=0
shrinkage=0.05


Tree=51
num_leaves=63
num_cat=24
split_feature=15 20 16 20 1 17 2 1 22 1 1 1 1 2 1 17 2 19 23 2 20 1 18 7 7 17 9 2 22 2 20 7 18 7 22 2 2 2 22 9 18 7 20 17 1 9 22 17 18 2 15 4 2 1 20 1 18 1 9 23 20 18
split_gain=54.0833 27.9201 9.5285 11.6246 8.75811 8.51841 6.46322 5.94926 5.66727 6.17608 5.70974 5.38908 4.76898 4.71665 4.43607 4.33799 4.19584 3.77803 3.55856 3.48708 3.47524 3.41791 3.28456 3.19352 2.9229 2.88104 2.84514 2.79056 2.67717 2.558 2.52125 2.46658 2.43532 2.43215 3.05965 2.3715 2.30041 2.24011 2.1453 2.10488 2.0305 1.92695 1.79823 1.79425 2.89807 1.7904 1.7085 1.68549 1.65565 1.63992 1.60243 1.58747 1.55892 1.55208 1.52632 1.48953 1.47897 1.47872 1.46351 1.42332 1.42151 1.41829
threshold=8.5000000000000018 198.50000000000003 1.7063916761553755 35.500000000000007 0 0.71763517081854766 1 2 -1.0000000180025095e-35 3 4 5 6 7 8 1.2585155410019777 9 3699.4950000000003 7.5000000000000009 10 65.500000000000014 11 3.8623255771142451 1240.0450000000003 443.31000000000006 1.4054274137182259 3174.0900000000006 12 71.507229551248926 13 420.50000000000006 352.15000000000003 1.6514873129377279 726.9100000000002 19.914876037234098 14 15 16 26.164775007977791 436.63000000000005 0.2248390793765728 395.92000000000002 728.50000000000011 2.1276771679597974 17 2347.9950000000003 105.67718120232597 1.1794695605854733 0.94618505146020471 18 10.500000000000002 19 20 21 508.50000000000006 22 0.28387789831955001 23 1457.5900000000004 21.500000000000004 20.500000000000004 0.12888644449468895
decision_type=2 2 2 2 9 2 1 9 2 9 9 9 9 1 9 2 1 2 2 1 2 9 2 2 2 2 2 1 2 1 2 2 2 2 2 1 1 1 2 2 2 2 2 2 9 2 2 2 2 1 2 9 1 9 2 9 2 9 2 2 2 2
left_child=1 2 3 14 15 21 12 22 9 40 18 13 28 26 32 24 61 19 43 -13 -14 35 -8 -15 -2 -9 -7 50 -5 38 37 -23 -1 34 49 41 -32 -11 -16 -33 -3 -4 -38 44 -10 48 53 -19 -36 -6 -26 59 -17 -18 -42 -45 -48 -35 -29 -51 -52 -12
right_child=4 8 5 6 33 11 7 25 10 30 16 17 20 23 29 52 46 47 -20 -21 -22 31 -24 -25 27 -27 -28 58 -30 -31 36 39 -34 57 45 -37 42 -39 -40 -41 54 -43 -44 55 -46 -47 56 -49 -50 51 60 -53 -54 -55 -56 -57 -58 -59 -60 -61 -62 -63
leaf_value=0.17831960304423333 -0.34723418833451947 0.84990276670993481 -0.55323376667167423 0.29749592242323042 0.072968411603416425 0.33454323562312072 0.028641192880218824 -0.30482542475612695 0.017457588718733066 -0.1780642765682785 -0.86247933558340506 -0.32934545096429918 -0.1594438232493694 -0.067428310983807901 -0.57654743684044374 -0.095274873084198936 -0.086621928811992183 0.29975371940196638 -1.0634093359985173 -0.012311749124484095 0.075205501754041046 -0.70037793616037414 -0.40850629301245772 0.34805984431815989 0.15959903105752193 -0.19330749210280873 -0.99077156669831856 -0.18962696300788054 -0.55088954209909713 -0.23210912453809307 1.8739731723386428 0.57160643685165125 -0.41888167649882679 -0.16834371818667224 0.36505098111375922 -0.699952556202044 6.1729457908574634 0.90651816089213788 -0.57146761578403371 -0.18432474974938168 2.0979980374725322 0.21074380413165061 0.24515191277238985 0.7633684526995097 0.9023435212505071 0.20722580421703951 -2.6783775673981296 -0.96318493133555982 -0.45311041865950941 -0.15542035247045832 -0.30781845134321489 -0.30100618706165894 -0.26023904101075462 -0.54685053034700493 9.198571865774376 2.177035425603576 1.2899051425631427 0.12411901252397045 -0.32775026777560368 0.28467626138802232 -0.049149703065671346 0.72181388928354417
leaf_weight=191 836 100 167 679 117 3551 1387 1066 427 415 58 959 1493 3714 574 238 855 21 36 8069 1292 303 52 705 100 2171 44 65 52 421 115 105 66 107 23 350 142 571 300 144 492 79 30 143 550 30 30 146 244 79 44 188 387 574 72 372 171 142 165 38 97 959
leaf_count=191 836 100 167 679 117 3551 1387 1066 427 415 58 959 1493 3714 574 238 855 21 36 8069 1292 303 52 705 100 2171 44 65 52 421 115 105 66 107 23 350 142 571 300 144 492 79 30 143 550 30 30 146 244 79 44 188 387 574 72 372 171 142 165 38 97 959
internal_value=-0.000698486 -0.000141016 -0.000808604 -0.00207243 -0.00725112 -0.000134804 -0.00131178 -0.00252719 0.00291905 0.00516753 0.00186094 0.00014089 0.000297535 0.00109007 -0.00604502 -0.00920308 0.000422932 -0.000681473 0.00428293 -0.000537039 -0.000634382 -0.00430061 0.000120523 0 -0.0109351 -0.00371538 0.0024321 -0.00743671 0.00386425 -0.00720566 0.00297434 -0.00123894 0 -0.00316004 -0.00467452 -0.00689655 0.00715517 0.00171891 -0.00885006 0.00228175 0.00908419 -0.00250965 0.0105405 0.00471572 0.00334184 -0.00858333 -0.00112599 -0.00808824 -0.00990741 -0.00176471 -0.00285433 -0.00369497 -0.00561306 -0.00176327 0.0104056 0.00719112 0.00306373 0.000892857 -0.0113169 0.000576923 -0.00642361 0.00293689
internal_weight=37113 34213 28101 9744 2900 18357 8192 4676 6112 1937 4175 17209 3516 8014 1552 1932 2647 9195 1528 9028 2785 1148 1439 4419 1307 3237 3595 471 731 1295 1273 552 257 968 719 596 287 986 874 249 664 246 172 1492 977 297 1630 167 267 422 241 305 625 1429 564 515 201 249 230 117 141 1017
internal_count=37113 34213 28101 9744 2900 18357 8192 4676 6112 1937 4175 17209 3516 8014 1552 1932 2647 9195 1528 9028 2785 1148 1439 4419 1307 3237 3595 471 731 1295 1273 552 257 968 719 596 287 986 874 249 664 246 172 1492 977 297 1630 167 267 422 241 305 625 1429 564 515 201 249 230 117 141 1017
cat_boundaries=0 2 3 5 7 9 11 13 14 16 17 18 20 21 22 23 24 25 27 28 29 30 32 34 35
cat_threshold=2717945867 332545 804 2477253721 1179792 306251668 312329 1292276333 1294896 1999159829 245834 72885256 361602 992 42075669 81952 824 1 573440137 129 2858 498 2360 2181 15 16777804 1097744 560 24 3596 814235922 131 36864 66080 132
is_linear=0
shrinkage=0.05


Tree=52
num_leaves=63
num_cat=28
split_feature=14 21 21 21 21 1 1 1 2 1 1 2 2 9 0 19 10 2 2 1 1 4 21 2 15 2 1 2 5 21 5 10 1 2 15 21 2 1 21 1 18 1 8 19 9 21 9 18 4 10 2 2 21 15 21 23 5 18 5 1 8 22
split_gain=50.1311 15.9008 13.6431 11.3359 13.0761 8.38252 8.09547 6.32183 6.11761 5.67273 5.15956 4.87205 4.43732 4.42974 4.26074 6.71783 6.53908 5.03959 4.74972 4.71922 3.94689 3.88434 3.18394 3.12992 3.01108 2.90725 2.90004 3.43845 3.21259 2.92116 2.85572 2.85059 3.30549 2.94571 2.7842 2.74437 2.61757 2.52507 2.37853 3.32448 2.34581 2.28222 2.24247 2.17837 2.06338 1.91908 1.79676 1.79055 1.7549 1.9321 1.93352 1.68108 1.67509 1.60939 1.78304 1.60433 1.59393 4.88473 1.57031 1.55554 1.50611 1.91664
threshold=2.5000000000000004 127.08333333333336 30.84954751131222 21.357142857142858 55.613247863247871 0 1 2 3 4 5 6 7 1277.3550000000005 8 1251.55 719.76500000000021 9 10 11 12 13 39.017857142857146 14 8.5000000000000018 15 16 17 42.500000000000007 332.25000000000006 251.50000000000003 1665.9550000000002 18 19 5.5000000000000009 239.12500000000003 20 21 184.70833333333334 22 0.57366190274694906 23 1075.0450000000003 1749.3250000000003 1653.4050000000002 37.58957219251338 1130.1850000000002 0.35514641124681606 24 2299.8900000000008 25 26 35.763888888888893 4.5000000000000009 27.032258064516132 15.500000000000002 197.50000000000003 1.1341553012582919 315.50000000000006 27 1260.9800000000002 119.71744512220909
decision_type=2 2 2 2 2 9 9 9 1 9 9 1 1 2 1 2 2 1 1 9 9 9 2 1 2 1 9 1 2 2 2 2 9 1 2 2 1 9 2 9 2 9 2 2 2 2 2 2 9 2 1 1 2 2 2 2 2 2 2 9 2 2
left_child=1 3 12 9 10 26 11 41 13 23 22 24 20 -9 15 37 19 -17 -18 -16 55 -10 -5 -1 -4 -24 27 29 -28 30 -3 33 44 -8 36 48 -12 -11 39 -29 -34 -6 -42 -25 -33 58 -35 -13 -7 50 -50 -43 -36 -14 -55 -2 -22 -58 -26 -40 -30 -62
right_child=2 5 6 4 7 35 31 8 21 14 34 47 53 -15 16 17 18 -19 -20 -21 56 -23 25 43 45 -27 28 38 60 -31 -32 32 40 46 52 -37 -38 -39 59 -41 42 51 -44 -45 -46 -47 -48 -49 49 -51 -52 -53 -54 54 -56 -57 57 -59 -60 -61 61 -63
leaf_value=-0.55423119579108471 -0.14014927415643949 -0.96371726624268783 0.0019526147411994543 -0.33471445259409338 0.45097627074041213 0.05746920126483062 0.29574146663205669 -0.050240836181618322 0.024813623617679428 0.45474214060778806 0.065571872978518547 0.060750727299013541 -0.33323357267631853 0.23145362148521045 -1.1460229178484611 0.92806159338252181 -1.6417799696962814 -0.054531659347798113 -0.16460782856312905 1.0978290927589256 -0.4289211857958094 -0.22795435768685446 -0.34637745994856994 0.39236489841520455 -0.13119005063109235 -0.19326556123514821 -0.13011191533570213 0.47800945554022578 0.8226417936144359 2.47926641311378 0.019922818331230021 -0.1487553309520509 -0.50520980987081543 -0.30286920014330898 -0.37583149958893325 0.8026800923286459 -0.57381158264706122 1.2305218794397117 -0.15532473998857199 -0.10651697522367556 -0.18742478328071022 0.16244535645296951 0.0042338944311971719 -0.72380203776205065 0.33509416312759654 -0.34909059932922804 0.21236377212497395 -0.32006160152218188 -0.67639648446365974 0.6949179323537934 -0.15130190300888843 -0.013130692101994869 0.07635324208619565 -0.52335188447582104 -0.30760510893365134 0.095330795535825186 -0.25417518812003265 0.089305815338329 0.20907021210840071 1.0619051342782002 1.7024396835038518 -0.20978764632593397
leaf_weight=720 102 176 368 571 399 794 114 3596 1158 714 126 28 78 881 125 609 248 2408 528 551 347 4239 512 502 142 1262 259 911 1380 110 961 162 83 190 114 643 279 1444 129 620 582 716 345 114 124 164 104 763 528 112 443 1316 678 453 257 60 61 96 53 1305 213 43
leaf_count=720 102 176 368 571 399 794 114 3596 1158 714 126 28 78 881 125 609 248 2408 528 551 347 4239 512 502 142 1262 259 911 1380 110 961 162 83 190 114 643 279 1444 129 620 582 716 345 114 124 164 104 763 528 112 443 1316 678 453 257 60 61 96 53 1305 213 43
internal_value=-0.000697139 0 -0.00553537 -0.000665603 -0.00144006 0.00183951 -0.00368992 -0.000664202 -0.00122889 0.00086932 -0.00411848 -0.00633573 -0.00957447 0.000128062 0.00147214 0.00214851 -0.000893471 0.000604305 -0.00404365 0.00265096 -0.00603829 -0.00236137 -0.00548134 -0.00207561 -0.00314189 -0.00438942 0.00283905 0.00207101 0.00449423 -9.92063e-05 -0.000899123 -0.00125218 -0.00242494 0.00231144 -0.00134298 -0.000572444 -0.00471814 0.00428043 0.00299698 0.00158083 -0.00376344 0.00160597 -0.00298387 0.000476948 0.00217391 -0.00642265 -0.000325733 -0.0091107 -0.00155585 -0.00285128 -0.0036191 0.000880196 0.000314465 -0.0122347 -0.0131837 0.000571429 -0.0082205 -0.00359375 -0.00265152 0.00448852 0.00533862 0.00907336
internal_weight=37113 32437 4676 23810 15847 8627 3222 12305 9874 7963 3542 1518 1454 4477 6627 5175 1452 3017 776 676 666 5397 2345 1336 727 1774 6107 4212 1895 1247 1137 1704 1296 408 1197 2520 405 2158 2965 1531 1010 2431 927 616 286 359 294 791 1877 1083 971 2032 792 788 710 162 504 157 195 1434 1636 256
internal_count=37113 32437 4676 23810 15847 8627 3222 12305 9874 7963 3542 1518 1454 4477 6627 5175 1452 3017 776 676 666 5397 2345 1336 727 1774 6107 4212 1895 1247 1137 1704 1296 408 1197 2520 405 2158 2965 1531 1010 2431 927 616 286 359 294 791 1877 1083 971 2032 792 788 710 162 504 157 195 1434 1636 256
cat_boundaries=0 2 4 6 7 9 11 12 13 14 15 16 18 20 21 22 23 25 26 28 29 30 32 34 36 37 38 39 40
cat_threshold=1838010861 246290 606082146 4352 2318460432 1204233 1954 2293399840 1060945 808858322 627376 716 1640 1 772 3344 528449 128 536870982 65552 16 1369 1155 545526156 16402 3078 4718616 524449 1043 534 800332 99366 545259788 16 3162624 1048584 52 1365 269 8388616
is_linear=0
shrinkage=0.05


Tree=53
num_leaves=63
num_cat=15
split_feature=14 20 17 21 21 17 1 1 1 21 1 1 21 21 1 5 5 0 1 8 21 1 20 1 23 18 5 11 4 20 20 18 16 5 20 16 23 16 1 18 20 20 20 11 5 19 18 18 23 20 21 23 18 5 23 5 1 1 4 21 14 17
split_gain=45.7003 20.7842 13.127 11.1378 6.83498 6.75753 6.58038 6.5352 6.3327 4.94467 5.99878 5.38254 4.64464 4.26243 4.90675 4.21099 3.71692 3.64458 3.60727 3.12127 3.10945 3.77894 3.08323 2.94063 2.87833 2.65044 2.55369 2.55094 2.48041 2.57896 2.47617 2.38754 2.25394 2.07147 2.06561 2.97805 2.93638 2.33329 2.0535 2.00509 1.90234 2.15445 1.89958 2.04903 2.29986 2.26046 1.8817 1.88074 2.79568 1.82458 1.79439 1.74577 1.73527 1.71263 1.69223 1.6819 1.57115 1.55332 1.50893 1.46896 1.44622 1.59308
threshold=2.5000000000000004 198.50000000000003 0.99999445588277125 87.527777777777786 30.84954751131222 2.0296257185303714 0 1 2 15.127441244620988 3 4 215.70833333333334 39.017857142857146 5 278.50000000000006 139.50000000000003 6 7 518.82000000000005 199.45000000000002 8 181.50000000000003 9 6.5000000000000009 0.2248390793765728 180.50000000000003 2947.3450000000003 10 139.50000000000003 420.50000000000006 0.32518848796236149 1.2655450716656527 46.500000000000007 35.500000000000007 1.2000004164110369 7.5000000000000009 1.9999974548554997 11 0.11612129556012962 28.500000000000004 7.5000000000000009 49.500000000000007 2546.5850000000005 23.500000000000004 309.58999999999997 1.4916746437907296 0.56853876061695396 4.5000000000000009 508.50000000000006 309.75000000000006 18.500000000000004 2.23087147792292 100.50000000000001 2.5000000000000004 348.50000000000006 12 13 14 82.26136363636364 1.0000000180025095e-35 2.1844487299411335
decision_type=2 2 2 2 2 2 9 9 9 2 9 9 2 2 9 2 2 1 9 2 2 9 2 9 2 2 2 2 9 2 2 2 2 2 2 2 2 2 9 2 2 2 2 2 2 2 2 2 2 2 2 2 2 2 2 2 9 9 9 2 2 2
left_child=1 3 -2 5 34 8 15 19 55 10 25 24 -13 14 -10 32 39 -18 47 31 28 22 -22 -15 33 -3 27 -14 29 -20 -12 -6 -7 -11 36 -36 -4 46 -30 -8 41 -21 43 45 -45 -9 -38 60 52 -27 -28 -44 -49 -42 -23 -1 -35 -33 -50 -26 -5 -62
right_child=2 9 4 18 7 6 16 42 13 11 30 12 26 23 -16 -17 17 -19 20 40 21 54 -24 -25 59 49 50 -29 38 -31 -32 57 -34 56 35 -37 37 -39 -40 -41 53 -43 51 44 -46 -47 -48 48 58 -51 -52 -53 -54 -55 -56 -57 -58 -59 -60 -61 61 -63
leaf_value=-0.33746098618993586 -0.37070694588926723 0.49659253353374599 -0.50251525876675307 0.58672013497374287 0.045649528528654316 -0.66783687040470108 -1.2165103687900349 0.94879134307897517 -0.45867808904273955 0.019354034743081172 0.33390463305580059 -0.19014931920402917 1.7882094183236696 -0.11197967607016041 0.010541641173097461 0.75274030549285809 0.88176933722152462 -0.14721408664263294 -0.074924892169227778 0.13564154366574571 1.543362510815939 0.70597224134489955 -0.57413142594192557 0.022368363296184413 -1.1306908859197742 1.8012100997000446 -0.3019178998989645 -1.4272206625087336 0.094581121563589943 0.18037325698826268 3.3605263896551749 -0.15552741388653574 -0.22019935317713149 0.50973155350179056 -0.32704045184706793 0.11613960090202831 -0.33031960756456552 0.016025544908166368 0.35990863887292979 0.034279560558123028 -0.19242127469943179 -0.24616038968241255 0.27661374531109589 -0.36457651168575467 -0.057492253225904837 -0.019250106842796558 -0.10190850465524015 0.10770629630979585 -0.051595851255437711 8.0114814605656104 1.715465827041792 -0.32377653968080478 1.7855658100569429 0.070546892843436029 -0.15113685530922824 0.30861582720118225 1.2533629119801988 -0.31166939421759177 -0.45571804853383713 -0.10282642847322734 -0.62680419513571772 -0.03487185326017439
leaf_weight=1562 565 121 349 55 52 177 84 90 1169 226 862 1618 498 4841 503 232 1010 373 3061 105 415 575 63 1855 24 641 285 28 2251 1213 255 115 2025 480 216 72 225 49 833 1725 115 380 168 56 649 151 215 837 429 95 132 21 42 308 295 39 803 775 226 44 317 118
leaf_count=1562 565 121 349 55 52 177 84 90 1169 226 862 1618 498 4841 503 232 1010 373 3061 105 415 575 63 1855 24 641 285 28 2251 1213 255 115 2025 480 216 72 225 49 833 1725 115 380 168 56 649 151 215 837 429 95 132 21 42 308 295 39 803 775 226 44 317 118
internal_value=-0.000659419 5.39457e-06 -0.00527891 -0.00060297 -0.004272 -0.00145692 -6.2178e-05 -0.00298695 -0.00223877 0.00263287 0.0047041 0.00163004 0.000184538 -0.00167045 -0.0039403 -0.00202289 0.00141966 0.00337302 0.00063356 -0.00480408 0.00107811 0.00329386 0.00682281 -0.00109718 0.00391509 0.00784483 0.00298626 0.00529301 0.00066567 -0.000104969 0.00214602 -0.00687831 -0.00272109 0.00441468 -0.00761736 -0.00360825 -0.00891795 -0.00614837 0.00174362 -4.13907e-05 -0.00263447 -0.00476434 0 -0.00089568 -0.0022952 0.00297131 -0.00733634 -0.00125184 -0.00035784 0.00906631 0 0.00455729 0.00144558 -5.86854e-05 0.00118913 -0.00512701 0.00519051 -0.0075028 -0.00284954 -0.0056338 -0.00395538 -0.00496575
internal_weight=37113 32437 4676 26325 4111 15595 5626 2985 9969 6112 1974 4138 2561 8368 1672 2434 3192 1383 10730 1850 8706 1348 478 6696 1577 857 943 526 7358 4274 1117 942 2202 1509 1126 288 838 489 3084 1809 908 485 1135 946 705 241 440 2024 1534 736 417 189 879 423 870 1601 1283 890 655 68 490 435
internal_count=37113 32437 4676 26325 4111 15595 5626 2985 9969 6112 1974 4138 2561 8368 1672 2434 3192 1383 10730 1850 8706 1348 478 6696 1577 857 943 526 7358 4274 1117 942 2202 1509 1126 288 838 489 3084 1809 908 485 1135 946 705 241 440 2024 1534 736 417 189 879 423 870 1601 1283 890 655 68 490 435
cat_boundaries=0 2 4 6 8 10 12 13 15 17 19 20 22 24 26 27
cat_threshold=2331099882 1095249 641504354 21248 266502 594212 2454259636 316425 1560711983 1294896 2694480609 640 1 2619478056 797765 524433 49666 1899167992 49810 7 537723286 115248 268566542 1064976 3145728 512 26
is_linear=0
shrinkage=0.05


Tree=54
num_leaves=63
num_cat=13
split_feature=15 20 21 1 15 20 1 21 1 20 1 1 1 5 23 17 7 1 9 19 21 1 20 7 5 18 5 1 19 8 19 5 21 19 1 5 17 8 23 18 16 17 17 1 23 5 5 5 1 5 7 21 6 16 18 9 23 5 5 23 17 1
split_gain=37.4494 21.1811 12.4131 7.57915 6.26891 7.41895 5.52685 5.30736 5.00016 4.48716 4.47477 4.34568 3.792 3.73019 3.55639 3.48429 3.3081 3.28829 3.0383 2.94925 2.89555 3.66797 2.95744 2.76974 2.58447 2.42539 3.3474 2.42365 2.3447 2.14551 2.06948 1.95714 1.94435 1.92018 1.88272 1.81016 1.80287 1.78789 1.73676 2.36673 2.09326 2.20213 1.90207 1.72172 1.70009 1.68129 1.97255 1.6952 1.67563 1.65971 1.6031 1.56846 1.54438 1.52467 1.52405 1.50834 1.72099 1.35277 1.33668 1.2844 1.26476 1.62638
threshold=8.5000000000000018 198.50000000000003 87.527777777777786 0 1.5000000000000002 35.500000000000007 1 37.58957219251338 2 295.50000000000006 3 4 5 347.50000000000006 2.5000000000000004 2.7202298097481399 615.23500000000013 6 2299.2250000000008 1617.05 199.45000000000002 7 181.50000000000003 726.9100000000002 9.5000000000000018 1.091930739815369 342.00000000000006 8 983.07500000000005 452.70500000000004 3106.7700000000004 47.500000000000007 395.25000000000006 1977.0000000000002 9 31.500000000000004 1.2710859993584009 989.1350000000001 4.5000000000000009 0.56853876061695396 0.73500235127128011 2.1751758365269178 1.2710859993584009 10 1.5000000000000002 320.50000000000006 238.50000000000003 263.50000000000006 11 322.50000000000006 936.58500000000015 41.771241830065371 1376.8900000000001 1.7232064145184356 1.8782346158671237 2593.1150000000002 17.500000000000004 61.500000000000007 55.500000000000007 6.5000000000000009 2.2013847206078681 12
decision_type=2 2 2 9 2 2 9 2 9 2 9 9 9 2 2 2 2 9 2 2 2 9 2 2 2 2 2 9 2 2 2 2 2 2 9 2 2 2 2 2 2 2 2 9 2 2 2 2 9 2 2 2 2 2 2 2 2 2 2 2 2 9
left_child=1 2 4 16 10 7 13 14 -9 12 19 28 35 -7 -6 -8 27 38 50 24 25 22 -22 29 -1 26 -19 49 60 36 32 -12 51 -33 -27 -3 -5 -31 39 44 -40 -42 -41 -21 -4 46 48 -48 -13 55 54 -14 -37 -20 -18 56 -2 -56 -23 -54 61 -11
right_child=3 9 17 23 5 6 15 8 -10 11 31 45 30 -15 -16 -17 18 20 53 43 21 58 -24 -25 -26 34 -28 -29 -30 37 -32 33 -34 -35 -36 52 -38 -39 40 42 41 -43 -44 -45 -46 -47 47 -49 -50 -51 -52 -53 59 -55 57 -57 -58 -59 -60 -61 -62 -63
leaf_value=-2.9931390027199081 -0.17674153941421783 -0.23792366854891328 -1.1696953206921357 -0.15820223682675164 -0.43020756633384744 -0.28680823867340449 -0.086208798862567451 0.20205549597837377 -0.27602778809681361 1.5637430068444609 -1.0039935045740465 0.35852040630011217 0.49164410949859277 0.32256232808917745 -0.54179963853656354 0.082551692534941171 -0.03902125754193158 0.013268493014462025 -0.18958491507475694 0.8258902992868784 1.4661943852751422 -0.22043627300071478 -0.54542485464482982 0.054554622568709382 1.7865052836466746 0.52159094751358315 -0.66653736675720987 -0.35637527088324328 -0.20551288130688478 -0.26681912918518835 -1.3290287229903912 0.26109556111696225 2.3961513697537371 -0.54833395541809082 0.09815298588647324 1.1342226058474212 0.11973262719239869 -0.035054978344705036 0.32493620910800519 -0.1924463894143088 -0.34991558132155165 0.54246778025903453 0.50126244799719477 -0.54290257472692505 -0.069206998339853956 3.7274217678427264 -0.87917089092991541 1.6074260943138925 2.4223240638062316 -0.011141557300592986 -0.35835560785682063 -0.027626889428404411 0.63092618663039424 -0.034708266730911673 -0.092492364119482681 0.028555982766082445 -0.27036534700659093 0.52745253900716527 0.39954644603329403 -1.0170123025786768 2.600820848484537 -0.76216535551550502
leaf_weight=25 366 73 140 187 674 1714 8421 267 1628 122 369 130 766 55 322 1311 57 4641 219 301 415 165 63 250 752 489 213 484 505 396 47 712 34 208 2138 87 58 120 66 257 643 107 668 417 250 195 100 267 798 96 50 2051 545 61 21 30 443 62 670 22 261 109
leaf_count=25 366 73 140 187 674 1714 8421 267 1628 122 369 130 766 55 322 1311 57 4641 219 301 415 165 63 250 752 489 213 484 505 396 47 712 34 208 2138 87 58 120 66 257 643 107 668 417 250 195 100 267 798 96 50 2051 545 61 21 30 443 62 670 22 261 109
internal_value=-0.000627088 -0.000162935 -0.000744556 -0.00607992 -0.00158333 -0.00200417 -0.00142776 -0.00427609 -0.00267387 0.00250204 0.000574094 0.00414659 0.0013575 -0.00399832 -0.00725726 -0.000949205 -0.00795216 0.000569638 -0.00412262 0.002437 0.000999205 0.00317249 0.00661914 -0.00241699 0.00458333 0.000611304 -4.11777e-05 -0.00922996 0.0014604 -0.00395942 0.000515287 -0.0015553 0.00070953 -0.000270856 0.0018346 0.00456081 0 -0.00578035 -0.00117771 -1.89681e-05 -0.00299145 -0.00378486 0.00132004 6.93481e-05 -0.00330789 0.00585496 0.00514253 0.00182432 0.00639098 -0.00725211 0.000518135 0.00054078 0.00547945 -0.00742049 0.0034965 -0.00804632 -0.00846675 0.00784884 0.00103184 0.00434211 0.00393939 0.000961538
internal_weight=37113 34213 28101 2900 17176 14392 11501 2891 1895 6112 2784 2487 3625 1769 996 9732 1889 10925 470 1495 8794 1313 478 1011 777 7481 4854 1419 997 761 2898 1289 2851 920 2627 727 245 516 2131 1315 816 750 925 718 390 1490 1295 367 928 935 190 2817 654 280 140 839 809 83 835 567 492 231
internal_count=37113 34213 28101 2900 17176 14392 11501 2891 1895 6112 2784 2487 3625 1769 996 9732 1889 10925 470 1495 8794 1313 478 1011 777 7481 4854 1419 997 761 2898 1289 2851 920 2627 727 245 516 2131 1315 816 750 925 718 390 1490 1295 367 928 935 190 2817 654 280 140 839 809 83 835 567 492 231
cat_boundaries=0 2 4 6 8 10 12 14 16 18 20 22 24 25
cat_threshold=2717945931 70400 332582 528676 33603605 160 879501333 245926 2699284528 4256 2483081520 1212964 2485261352 797733 524433 49666 2717909058 4608 134595152 131090 67633157 16512 1310984 262144 536875008
is_linear=0
shrinkage=0.05


Tree=55
num_leaves=63
num_cat=12
split_feature=15 20 6 1 7 1 1 23 1 22 10 0 6 1 1 1 8 5 8 7 10 5 16 5 15 22 5 20 18 1 22 17 10 1 20 18 11 16 23 6 10 17 1 5 7 18 18 1 9 7 16 18 6 17 18 16 17 10 7 10 16 7
split_gain=34.8285 19.1419 7.2775 8.54614 7.47546 6.81847 6.76525 4.9349 4.92359 4.36576 4.25989 4.17147 4.07461 4.04761 3.94769 3.57575 3.55957 3.11652 2.83732 2.81618 4.48293 2.81432 2.77398 2.76571 2.99346 2.94075 2.72778 2.72687 2.64501 2.56336 2.52098 2.86952 2.88615 2.48556 2.41098 2.36184 2.28686 2.25999 2.20455 2.07701 2.05624 2.04647 2.03281 1.78638 1.76347 1.72123 1.64592 1.64148 1.60355 1.49318 1.52021 1.45338 1.41897 1.40338 1.35365 1.34919 1.6443 1.34358 2.13829 1.87334 1.25487 1.21886
threshold=8.5000000000000018 188.50000000000003 2501.0100000000007 0 1009.8600000000001 1 2 1.5000000000000002 3 66.960560530264942 1432.9550000000002 4 8525.1000000000022 5 6 7 303.13500000000005 290.50000000000006 550.99500000000023 605.6600000000002 3933.8750000000005 15.500000000000002 0.98184409077813795 322.50000000000006 14.500000000000002 11.003245795502352 117.50000000000001 71.500000000000014 1.091930739815369 8 33.17003568763095 1.0784941637935075 2033.72 9 245.50000000000003 1.9108969976129646 2085.2250000000004 1.0080916135409423 7.5000000000000009 982.82000000000016 993.3850000000001 1.4382280132401069 10 247.50000000000003 719.94500000000016 0.5361260753496947 1.2077999818183953 11 1249.6850000000002 726.9100000000002 0.4055013137236046 1.3649533088632195 4496.4800000000005 1.2710859993584009 2.7459350121972697 1.0000022038956062 2.1935037172339032e-05 2552.6200000000003 550.99500000000012 1790.0700000000002 1.8749902175021402 1323.7950000000003
decision_type=2 2 2 9 2 9 9 2 9 2 2 1 2 9 9 9 2 2 2 2 2 2 2 2 2 2 2 2 2 9 2 2 2 9 2 2 2 2 2 2 2 2 9 2 2 2 2 9 2 2 2 2 2 2 2 2 2 2 2 2 2 2
left_child=1 2 3 16 10 28 19 8 34 14 26 12 18 -12 45 -11 17 38 -7 23 -21 -10 -18 24 25 37 -5 48 55 61 31 32 -8 44 47 57 -31 -2 -1 -16 -24 -35 -41 -17 -30 -9 52 -3 -13 50 -34 -45 -36 -27 -37 56 -4 59 -59 -33 -22 -6
right_child=6 7 5 4 29 11 30 9 21 15 13 27 -14 -15 39 43 22 -19 -20 20 60 -23 40 -25 -26 53 -28 -29 33 36 -32 35 49 41 46 54 -38 -39 -40 42 -42 -43 -44 51 -46 -47 -48 -49 -50 -51 -52 -53 -54 -55 -56 -57 -58 58 -60 -61 -62 -63
leaf_value=-0.70682666371482028 -0.23836053264807902 -0.01317954334495397 -0.093400287960013637 -0.059285814074632626 0.64301067010875324 -0.20169082175040318 0.084746198172683765 -0.1278501793662386 -1.7067827943759852 0.088082567145646357 0.095256417683677166 -0.25240857085351681 -0.53179357855072984 -0.1565521191430973 3.1247656953639495 1.6763184048401429 -0.5245871190590462 0.055170948716700613 -6.9812372136368597e-05 0.13185940265356139 -0.20008978478913911 0.64117015171893577 0.1395674094500329 -0.037445877299212692 -0.55927128731762987 -0.24308962549601781 0.11024908527365369 -0.16083383426552747 -0.65969285845574976 1.3601408078275015 -0.49169968510076906 -0.12277183437718922 0.21341424533187628 -0.24577492638039899 2.1009569513658941 0.37546820583339413 0.051064831896883336 0.041288069770544847 -0.21932484376584541 0.984640433922219 -0.13223716611943512 0.49704383446555767 -0.033683367871250883 0.06135278894596894 -0.075075441417030223 -0.73340433057347032 3.2340327655952397 1.1107272720308685 -0.65438803631780706 -0.010051333526021012 -0.35678940625676026 2.9010631000376272 -0.17379879557019109 -0.21839933359273297 0.0058353634419347601 -0.3717063196739499 -0.89219649200810824 -0.63056171364768909 -0.014300618732693239 0.31626955920352562 -0.065765869721436596 1.0874725508823815
leaf_weight=600 62 273 28 3768 313 2249 84 155 93 688 824 71 213 3200 23 358 54 181 4411 173 249 1881 700 144 255 617 5291 134 36 439 38 54 20 175 1038 104 1191 85 311 111 1626 103 1287 194 83 239 75 257 198 72 230 24 45 282 163 974 124 60 113 39 56 175
leaf_count=600 62 273 28 3768 313 2249 84 155 93 688 824 71 213 3200 23 358 54 181 4411 173 249 1881 700 144 255 617 5291 134 36 439 38 54 20 175 1038 104 1191 85 311 111 1626 103 1287 194 83 239 75 257 198 72 230 24 45 282 163 974 124 60 113 39 56 175
internal_value=-0.000597451 -0.000149784 -0.000737034 -0.000175359 0.000333574 -0.00192286 -0.00585601 0.00223532 0.00347885 0.000738157 -0.000108895 -0.00126904 -0.000970768 -0.00146511 -0.000811331 0.00299921 -0.00241033 -0.00479452 -0.000742909 -0.00758006 -0.00405405 0.00171112 -0.00130088 -0.00875345 -0.00949003 -0.00815062 0.000488303 -0.00621921 -0.00496419 0.00308817 -0.00229798 -0.00172505 -0.00488998 -0.0013125 0.00546737 0.000606343 0.00203895 -0.00116667 -0.00599015 0.000400976 -0.00100902 0.00120275 0.000107066 0.00585739 -0.00700758 -0.00515971 0.00680448 0.00253283 -0.00909926 -0.00707692 -0.00889328 0.0020362 0.00619245 -0.00922949 0.00398148 -0.00624446 -0.0109677 -0.00260223 -0.00525568 0.00182292 -0.00771104 0.00628743
internal_weight=37113 34213 27472 18673 15201 8799 2900 6741 3662 3079 13083 7276 6873 4024 1815 1264 3472 1092 6660 1923 478 1974 2380 1445 1301 1046 9059 403 1523 2118 977 939 406 397 1688 533 1630 147 911 1421 2326 278 1398 576 119 394 1158 530 269 322 250 218 1083 899 267 1126 152 266 173 93 305 488
internal_count=37113 34213 27472 18673 15201 8799 2900 6741 3662 3079 13083 7276 6873 4024 1815 1264 3472 1092 6660 1923 478 1974 2380 1445 1301 1046 9059 403 1523 2118 977 939 406 397 1688 533 1630 147 911 1421 2326 278 1398 576 119 394 1158 530 269 322 250 218 1083 899 267 1126 152 266 173 93 305 488
cat_boundaries=0 2 4 6 8 9 11 13 15 17 18 19 21
cat_threshold=170005606 538892 3491631370 525585 2717945931 70401 385959847 181897 1 93372425 1277953 44040800 316930 2996265090 266370 803336 48 269488136 336629760 67108997 16384
is_linear=0
shrinkage=0.05


Tree=56
num_leaves=63
num_cat=27
split_feature=15 20 6 1 7 1 1 1 2 1 1 10 2 8 7 2 1 2 2 1 23 19 1 17 10 2 1 7 8 1 1 2 4 7 8 20 20 19 1 17 20 1 1 2 17 2 10 20 17 11 5 2 20 11 19 7 23 7 20 10 5 1
split_gain=31.9675 17.4063 6.66424 8.20354 6.52347 5.98933 5.90227 4.41849 4.10716 4.44099 4.2739 4.03522 5.57469 3.73085 3.68385 3.49318 3.43822 3.3285 3.16851 3.11074 2.91749 3.02125 2.92661 2.89281 2.86332 2.65009 2.63441 2.59933 2.56183 2.54474 2.52087 2.50961 2.32816 2.63047 3.48714 2.28848 2.24493 2.10581 2.05823 2.01742 2.0098 1.95979 1.91925 1.8999 1.86224 1.8057 3.22325 1.713 1.65863 1.61415 1.60003 1.54572 1.6415 1.52092 1.5167 1.49047 1.48425 1.48694 1.40437 1.37949 1.35714 1.29692
threshold=8.5000000000000018 233.50000000000003 2501.0100000000007 0 1009.8600000000001 1 2 3 4 5 6 1432.9550000000002 7 272.59500000000008 881.80500000000018 8 9 10 11 12 1.5000000000000002 1436.6949999999999 13 0.96996937111068993 2480.1800000000007 14 15 83.350000000000009 550.99500000000023 16 17 18 19 726.9100000000002 576.38000000000011 147.50000000000003 12.500000000000002 2705.1400000000008 20 1.7830550543230326 35.500000000000007 21 22 23 1.1562467743520979 24 606.97500000000014 3.5000000000000004 1.02240014157513 2713.8100000000004 241.50000000000003 25 420.50000000000006 3101.4400000000001 410.73500000000001 452.25000000000006 23.500000000000004 143.71500000000003 78.500000000000014 2427.8750000000005 334.50000000000006 26
decision_type=2 2 2 9 2 9 9 9 1 9 9 2 1 2 2 1 9 1 1 9 2 2 9 2 2 1 9 2 2 9 9 1 9 2 2 2 2 2 9 2 2 9 9 1 2 1 2 2 2 2 2 1 2 2 2 2 2 2 2 2 2 9
left_child=1 2 3 13 11 14 17 20 10 53 35 12 -5 25 43 19 -13 38 29 -6 45 22 39 55 48 -1 -17 -25 -11 -16 -20 -26 44 34 59 -7 -36 51 60 -22 47 -12 -42 58 -8 46 -3 -29 -15 -27 -23 52 54 -10 -9 -19 -40 -58 -4 -34 -2 -53
right_child=6 7 5 4 15 8 32 37 9 28 41 16 -14 24 18 26 -18 23 30 -21 21 50 -24 27 31 49 -28 40 -30 -31 -32 -33 33 -35 36 -37 -38 -39 56 -41 42 -43 -44 -45 -46 -47 -48 -49 -50 -51 -52 61 -54 -55 -56 -57 57 -59 -60 -61 -62 -63
leaf_value=-0.77529131942000673 -0.38379934328860943 -0.38772967890098614 -0.25303298757871601 -0.12231349590369832 0.58690647536457308 -0.16565050814571336 -0.41606279737970309 0.24219977113652577 0.12245164832215104 -0.41525751364985503 0.43973174162399914 0.11681541892339205 0.13135914496264861 -0.23273073936200339 -0.35727199397875187 -0.049762813634185221 -0.14715360979374933 -0.38865647252542779 0.051208682376093155 -0.12332074755004073 -1.4750632487472999 0.041266328481847483 1.3068240129061146 0.2541545267264233 0.050119299778269705 -0.36745144719422052 0.62766271506829274 -0.0063330939661178755 -0.17513815278169034 0.42655762602540365 -0.64344393634233588 -0.3535051074976055 0.1451281596300035 0.15942547294186415 0.29215563575859882 0.35193505076096021 -0.32708576102876691 -1.1407519599233922 -0.10851985936340754 0.6655800345152848 0.0087496392000598888 0.093946906765300042 -0.24301261438214683 -0.60100651428548935 -0.088332183120177987 2.2167455424103886 1.8571757586975892 -0.20245474383058026 -0.00091961290244562126 0.30731606481761847 -1.6256245550371511 -0.014320245760703188 2.1512567126859325 -0.22000431506496235 -0.94782033465051685 -0.1936654715559275 -0.13171534048196509 0.084328803404910335 0.019443844180191405 -0.20616037343744831 -0.019317724692395191 0.8296708202426708
leaf_weight=310 229 201 373 3303 133 1431 151 118 695 794 132 699 6995 298 109 238 3308 290 153 663 75 130 418 36 100 642 1395 48 2031 293 258 280 127 152 30 223 179 93 276 182 125 1719 122 670 159 866 287 569 2053 49 66 433 83 261 238 137 23 94 193 84 69 1222
leaf_count=310 229 201 373 3303 133 1431 151 118 695 794 132 699 6995 298 109 238 3308 290 153 663 75 130 418 36 100 642 1395 48 2031 293 258 280 127 152 30 223 179 93 276 182 125 1719 122 670 159 866 287 569 2053 49 66 433 83 261 238 137 23 94 193 84 69 1222
internal_value=-0.000559732 -0.000130787 -0.000566199 -5.86252e-05 0.000412014 -0.00167327 -0.00559766 0.00279728 -0.000986436 -0.00212836 0.000234508 1.74727e-06 0.000529075 -0.00217623 -0.00406159 0.00280633 -0.0013404 -0.0070901 -0.00137868 0 0.00436774 0.00203089 0.00365044 -0.00863806 -0.00119788 -0.00480578 0.00411604 -0.00692137 -0.0031272 0.00168675 -0.00442217 -0.00522193 -0.00201117 0 -0.00212766 -0.00158968 -0.0067217 0.00114773 -0.00394176 -0.000462963 -0.00749712 0.00189109 -0.0033 -0.00581114 -0.00541796 0.00585851 0.00299401 -0.00907258 -0.000520391 -0.0028054 -0.00326633 0.00150215 -0.00105088 0.000773994 -0.00264624 -0.0122674 -0.0012931 0.003125 -0.00328152 0.00221963 -0.00707395 0.00220324
internal_weight=37113 34213 29801 20466 16734 9335 2900 4412 7286 3781 3505 14305 10298 3732 2049 2429 4007 2018 813 796 2225 871 675 1327 2731 1001 1633 900 2825 402 411 380 882 572 420 1654 209 2187 691 257 864 1851 247 1236 310 1354 488 617 2351 691 196 2094 439 956 356 427 393 117 566 211 298 1655
internal_count=37113 34213 29801 20466 16734 9335 2900 4412 7286 3781 3505 14305 10298 3732 2049 2429 4007 2018 813 796 2225 871 675 1327 2731 1001 1633 900 2825 402 411 380 882 572 420 1654 209 2187 691 257 864 1851 247 1236 310 1354 488 617 2351 691 196 2094 439 956 356 427 393 117 566 211 298 1655
cat_boundaries=0 2 4 6 8 9 11 13 14 15 17 18 19 21 23 24 26 28 30 31 32 34 36 38 39 40 41 43
cat_threshold=170013796 538892 3502183178 791825 2717945931 332545 352925677 184881 1844 50332692 1180168 587202672 131616 1105 3329 92323849 1245185 556 910 2148024320 65538 525061 16897 401 2172715010 263234 2294026 1024 2162952 16 3096 3 2181074953 262400 67126272 8264 2684354561 262144 1813 2115 1092 48545792 65546
is_linear=0
shrinkage=0.05


Tree=57
num_leaves=63
num_cat=23
split_feature=15 20 21 7 1 1 1 13 1 19 2 2 1 1 1 2 21 5 2 21 20 2 15 1 2 19 1 22 15 1 16 4 21 20 9 1 4 5 1 9 22 21 20 5 7 7 2 22 20 15 21 2 21 20 21 21 19 5 1 19 5 16
split_gain=28.7148 16.4275 10.5168 5.72145 8.19228 5.2043 5.06785 4.72281 4.45094 4.35107 4.16621 3.62188 7.23171 5.02109 3.56054 3.42949 3.30518 3.03838 2.9876 2.97077 3.17034 2.73568 3.02985 2.69701 2.59089 2.48273 2.25228 2.24135 2.21518 2.15564 2.54903 2.70015 2.42648 2.34985 2.15339 2.26807 2.09652 3.0537 2.10576 2.02343 2.02088 1.93874 2.18126 1.88639 2.53988 2.91415 1.88486 1.83681 1.78589 1.82435 1.75268 1.68685 1.68499 1.5756 1.47823 2.2897 1.47533 1.92053 1.76428 1.3582 1.31814 1.31414
threshold=8.5000000000000018 295.50000000000006 104.05000000000001 436.44000000000005 0 1 2 1.5000000000000002 3 3572.6550000000007 4 5 6 7 8 9 199.45000000000002 167.50000000000003 10 75.788888888888906 1.0000000180025095e-35 11 3.5000000000000004 12 13 944.28499999999997 14 22.119989570545016 14.500000000000002 15 1.0000443128576941 16 35.763888888888893 30.500000000000004 1001.2100000000002 17 18 21.500000000000004 19 1102.0650000000003 21.933403132321306 39.535885167464123 322.50000000000006 162.50000000000003 726.9100000000002 83.350000000000009 20 24.248253082805977 13.500000000000002 11.500000000000002 217.70833333333334 21 212.70833333333334 3.5000000000000004 259.16666666666669 1.0000000180025095e-35 1145.4100000000005 315.50000000000006 22 1507.1700000000001 269.50000000000006 1.0182646512866858
decision_type=2 2 2 2 9 9 9 2 9 2 1 1 9 9 9 1 2 2 1 2 2 1 2 9 1 2 9 2 2 9 2 9 2 2 2 9 9 2 9 2 2 2 2 2 2 2 1 2 2 2 2 1 2 2 2 2 2 2 9 2 2 2
left_child=1 2 3 4 21 15 19 10 40 14 -8 12 16 56 -6 29 26 -9 23 20 -5 22 -1 48 -21 41 -4 -20 43 30 -2 33 -33 -32 35 -14 37 -15 -38 -36 51 42 -10 53 45 -45 52 50 -7 61 -43 -3 -42 -17 55 -27 57 -13 -58 -57 -49 -50
right_child=5 8 11 6 9 18 7 17 25 -11 -12 13 34 36 -16 28 -18 -19 27 24 -22 -23 -24 -25 -26 54 -28 -29 -30 -31 31 32 -34 -35 39 -37 38 -39 -40 -41 46 47 -44 44 -46 -47 -48 60 49 -51 -52 -53 -54 -55 -56 59 58 -59 -60 -61 -62 -63
leaf_value=-0.47693961785773387 -0.16767494150029308 1.2873477939950106 0.18539142718444737 0.1869580439732218 -0.12945346561523649 0.030697393017601549 -0.096155200666763474 -0.49309848674332407 -0.9213956884880532 -0.66338478206779061 0.086289235656966667 -0.14491072007094488 0.1553786835615327 -0.68838257949947634 0.080853140999597173 0.14613582659234201 1.2433732788409757 0.037705865259779439 0.12864065203441441 -0.11002062996242508 -0.21545324482697323 -0.26092806779357114 -0.63875288478597148 0.028710380124494964 0.19920405556821663 1.1787064409641346 1.0413319280904076 -0.21496532530812226 -0.40268361012345716 -0.22247065226556284 -0.26351339661659667 0.18247280234169311 -0.017563839935762538 0.6004850118849826 1.2896438609016969 -0.36955711632696231 0.028081202525643792 0.16299318719685943 0.47703553838210627 0.13133050423348253 -1.8996068973286797 -0.86909701670615791 3.9775045474672504 0.48139590853487385 0.091291633028037833 -0.2005653163008134 1.6457082271596279 1.1249855053780806 -0.40542265207310813 -0.38456594968263946 0.72526480502815649 3.1705884698799816 2.2876464947597208 -0.25057377147367499 1.4624939772539194 -1.5241322544057483 -0.12222607947616027 0.26614137242699204 -0.82024580798090208 -0.088007736520233956 3.8278415525184233 -0.12211111984854135
leaf_weight=339 130 301 1646 415 4179 42 3068 438 54 204 6119 2158 563 109 1263 20 721 246 282 450 2066 1551 498 189 345 285 308 102 220 392 89 98 84 32 84 738 502 798 991 442 72 80 218 31 89 297 189 127 58 76 132 510 38 525 147 133 581 645 259 154 47 144
leaf_count=339 130 301 1646 415 4179 42 3068 438 54 204 6119 2158 563 109 1263 20 721 246 282 450 2066 1551 498 189 345 285 308 102 220 392 89 98 84 32 84 738 502 798 991 442 72 80 218 31 89 297 189 127 58 76 132 510 38 525 147 133 581 645 259 154 47 144
internal_value=-0.000530095 -0.00012348 -0.000431782 -0.0010751 -0.00212766 -0.00530486 -0.000427757 0.000134055 0.00378514 -0.00106909 0.000437976 0.000855612 0.00192691 4.54095e-05 -0.000789715 -0.0067203 0.00358073 -0.00385735 -0.00195916 -0.00212831 -0.00298913 -0.00458142 -0.00697059 -0.00445402 0.000469925 0.00178058 0.00247828 0.00125945 -0.00853556 -0.00396778 -0.00128924 0.00106209 0.00487179 -0.00429104 -0.000475543 -0.00159126 0.00182346 -2.71739e-05 0.00297145 0.00217391 0.00614426 0.00400908 0.00727273 -0.00740933 -0.00458333 -0.00664653 0.00240066 0.00154242 -0.00720721 -0.0088968 -0.00139535 0.00752457 -0.00243902 -0.00944343 -0.00017313 -0.0013913 -0.00111461 -0.000543478 -0.0029656 -0.00456897 0.00536723 -0.00585366
internal_weight=37113 34213 31726 21181 8034 2900 13147 9871 2487 5646 9187 10545 4502 6043 5442 2007 2675 684 893 3276 2481 2388 837 509 795 1377 1954 384 1182 825 433 303 182 121 1827 1301 2400 907 1493 526 1110 658 272 962 417 328 299 386 320 278 212 811 110 545 719 572 3643 2803 840 287 174 202
internal_count=37113 34213 31726 21181 8034 2900 13147 9871 2487 5646 9187 10545 4502 6043 5442 2007 2675 684 893 3276 2481 2388 837 509 795 1377 1954 384 1182 825 433 303 182 121 1827 1301 2400 907 1493 526 1110 658 272 962 417 328 299 386 320 278 212 811 110 545 719 572 3643 2803 840 287 174 202
cat_boundaries=0 2 4 6 8 9 10 12 14 16 17 18 19 21 22 24 26 27 29 30 32 33 34 36
cat_threshold=100012162 604432 2717945933 332545 1211409252 528230 353642183 246289 3137 992 923386768 245932 794846898 871588 2718500136 279169 684 215 2448 2359458 16 2151 571015312 180360 536870980 4608 12 143660129 263186 9 2147520776 90 2332 3203 587203216 16384
is_linear=0
shrinkage=0.05


Tree=58
num_leaves=63
num_cat=23
split_feature=14 20 17 2 1 20 2 1 16 16 1 1 16 6 1 17 7 11 15 22 22 1 7 4 1 1 1 7 1 1 22 17 17 17 2 7 4 2 20 16 7 2 17 1 6 16 7 11 11 1 20 7 4 17 17 2 11 11 1 11 20 17
split_gain=26.9616 15.0495 8.27749 6.66883 8.05391 5.91502 6.68673 5.11223 5.99145 4.65788 4.50202 4.45498 4.41586 3.62893 3.44964 3.36655 3.0143 4.31111 2.94821 2.88379 2.79397 2.62178 2.4488 2.35865 2.75042 2.33171 2.32411 2.30585 2.95602 2.63147 2.21277 2.12664 2.08698 1.9373 1.86051 2.60549 1.89196 1.84456 1.75942 1.72854 1.66166 1.65637 1.6128 1.59722 1.55872 2.37264 1.54857 1.5332 1.50271 1.40499 1.38984 1.36574 1.33564 1.3097 1.38183 1.25848 1.68932 1.50629 1.38756 1.52556 1.74723 1.24102
threshold=2.5000000000000004 295.50000000000006 1.0024686650050745 0 1 35.500000000000007 2 3 1.7455310035482421 1.0336951205271083 4 5 2.0616626033328695 6391.4700000000003 6 0.7308617252099967 936.58500000000015 1970.6750000000004 7.5000000000000009 23.439105445963964 13.28045978364516 7 1299.3300000000002 8 9 10 11 615.23500000000013 12 13 48.519755396300333 1.351606537519821 1.4054274137182259 1.7142848027942685 14 833.47000000000014 15 16 7.5000000000000009 0.91276003532301864 1928.9900000000002 17 0.88889378883204972 18 4168.3500000000013 1.3427770771590246 321.39500000000004 717.2700000000001 889.31500000000005 19 57.500000000000007 726.9100000000002 20 1.1948821139688892 0.74915590021197931 21 792.47500000000014 1750.6550000000004 22 2274.4299999999998 405.50000000000006 1.4382280132401069
decision_type=2 2 2 1 9 2 1 9 2 2 9 9 2 2 9 2 2 2 2 2 2 9 2 9 9 9 9 2 9 9 2 2 2 2 1 2 9 1 2 2 2 1 2 9 2 2 2 2 2 9 2 2 9 2 2 1 2 2 9 2 2 2
left_child=1 3 44 4 18 6 14 22 21 26 34 51 38 16 39 43 17 -6 27 -17 -11 47 23 25 -25 -5 50 28 -1 -29 46 -18 -23 42 36 48 -3 52 -13 -4 -24 -22 -15 -10 45 -2 -16 -9 -36 -38 -7 -8 -28 54 -20 56 -12 -58 -57 60 -60 -39
right_child=2 10 5 7 13 9 11 8 15 20 55 12 -14 33 30 19 31 -19 53 -21 41 32 40 24 -26 -27 37 29 -30 -31 -32 -33 -34 -35 35 -37 49 61 -40 -41 -42 -43 -44 -45 -46 -47 -48 -49 -50 -51 -52 -53 -54 -55 -56 58 57 -59 59 -61 -62 -63
leaf_value=0.022350070999450369 -0.29150317549319665 3.0111261968620866 -0.72811575303067821 -0.18545854883588364 0.1908410565466781 -0.31914760662134611 -0.0700184728082828 1.7332220060571311 0.083831377030255186 0.2415283528357117 0.28980712260426317 -0.13339465718318771 -0.086007000962975338 -0.71139000002576869 -0.12974185966359295 -0.17297480019864617 0.011143007250649362 -0.048962201110142094 -0.11313348744916994 0.031720794492555625 0.17623042046584772 -0.29959112607344668 0.61311420793676852 0.42438403313038081 0.015588874961609635 0.079703491937086576 -0.28402311132102176 0.29944084201705262 -0.31922315556868885 -0.07664471515672773 -0.63914909826308708 0.53574832444419129 -0.20870237046151807 -0.76573475595665519 0.47880107176731035 2.6940335001830364 -0.022056947629948101 -0.33572088632008423 -0.30020108544961188 -0.091025596717136642 -0.513700535488816 -0.10168115253321873 0.24249984147259449 -0.41713107549585082 -0.39329961091507876 -0.13111570671346248 0.11557608896297805 -0.10714548148891759 -1.2417718621208564 2.8262082351987603 0.033021473359317537 0.42432288983944794 0.13390570923110054 0.37905724174925448 -0.32320102208797313 -0.85138633885294013 2.0158849605069649 0.1852486513874112 -0.50392053165096728 2.2364632074489754 1.8704013183706139 -0.12008041977511433
leaf_weight=977 169 265 52 1369 5166 185 208 56 103 148 336 184 260 47 134 3990 515 2804 61 3477 221 944 309 427 1313 851 116 658 1533 915 42 1874 1123 74 200 204 108 85 1223 224 76 247 83 445 225 180 380 598 86 255 36 38 171 28 134 141 253 127 252 50 210 148
leaf_count=977 169 265 52 1369 5166 185 208 56 103 148 336 184 260 47 134 3990 515 2804 61 3477 221 944 309 427 1313 851 116 658 1533 915 42 1874 1123 74 200 204 108 85 1223 224 76 247 83 445 225 180 380 598 86 255 36 38 171 28 134 141 253 127 252 50 210 148
internal_value=-0.000501805 8.47719e-06 -0.00405001 -0.000300471 0.000448528 -0.00323995 -0.00457606 -0.0010418 -0.00162806 -0.000496324 0.00374498 -0.00619159 -0.00712798 0.00119374 -0.000710059 -0.000932277 0.00132938 0.000852878 -0.00136606 -0.000645917 0.00266559 -0.00366189 0.000395824 1.26167e-05 0.0013976 -0.0010524 -0.0031922 -0.00104626 -0.00198965 0.000428299 0.00149385 0.00289507 -0.00453125 -0.00531401 0.0061008 0.00337972 0.00803432 -0.0011257 -0.00828014 -0.00519031 0.00418814 0.000636943 -0.00112782 -0.00471869 -0.00970537 -0.0071733 0.00251451 -0.000749625 0.00017301 0.0049867 -0.00737179 0 0.00141667 -0.00696903 -0.0084596 0.00171852 0.00315501 0.00548303 3.75375e-05 0.00133333 0.000322581 -0.00436992
internal_weight=37113 32437 4676 29950 14869 4102 2745 15081 10736 1357 2487 1913 1667 10563 832 8015 10359 7970 4306 7467 616 2721 4345 3960 1740 2220 741 4083 2510 1573 556 2389 2067 204 1118 490 628 520 1407 276 385 468 130 548 574 349 514 654 286 363 221 246 287 223 195 1369 716 380 653 512 462 233
internal_count=37113 32437 4676 29950 14869 4102 2745 15081 10736 1357 2487 1913 1667 10563 832 8015 10359 7970 4306 7467 616 2721 4345 3960 1740 2220 741 4083 2510 1573 556 2389 2067 204 1118 490 628 520 1407 276 385 468 130 548 574 349 514 654 286 363 221 246 287 223 195 1369 716 380 653 512 462 233
cat_boundaries=0 1 3 4 6 8 10 12 14 15 17 19 21 23 25 26 27 28 29 31 33 34 35 37
cat_threshold=940 2335576386 539444 1548 1401865491 1213292 354166469 180753 262160 36995 2183139393 4352 2154897472 24720 13 25183233 1179652 277628161 1180160 34865222 4625 2182086976 16 154144768 14848 636 24 2928 587 2147483652 86032 1152 16 6 2744 8486946 4224
is_linear=0
shrinkage=0.05


Tree=59
num_leaves=63
num_cat=28
split_feature=20 16 17 2 13 16 7 17 1 1 1 2 1 17 1 2 2 1 1 8 1 10 1 9 21 2 1 22 18 1 18 1 21 2 22 1 20 7 20 2 22 20 1 1 17 7 18 21 22 1 2 23 2 17 1 22 22 4 21 1 20 21
split_gain=21.7214 11.2944 7.47136 7.41603 6.83443 6.4945 7.0675 6.27402 5.70319 5.55154 5.17418 5.03687 4.69641 4.30879 4.16589 4.00932 3.91323 4.90673 4.0003 3.55586 3.30311 3.23018 3.0681 3.02485 2.90086 2.56154 2.55759 2.54339 2.48722 2.48092 2.45371 2.44238 2.43962 2.3812 2.36308 2.55391 2.23971 2.2256 2.1682 2.16356 2.17854 2.13723 3.71747 2.30629 2.26548 1.97693 1.90485 1.8544 3.30819 1.7838 2.33556 1.71509 1.70946 1.70908 1.6915 1.77098 2.5079 1.67556 1.77526 1.66448 1.6598 1.61998
threshold=113.50000000000001 1.2857160831267309 2.2265362457016349 0 1.5000000000000002 1.8357657501539195 -1.0000000180025095e-35 1.580158512017922 1 2 3 4 5 1.2585155410019777 6 7 8 9 10 1229.1400000000001 11 5090.5650000000014 12 -1.0000000180025095e-35 28.013157894736846 13 14 50.033216680274812 0.39545098780092852 15 0.15459317589004148 16 32.257352941176478 17 15.918801154595231 18 35.500000000000007 165.35500000000005 138.50000000000003 19 27.644117316704079 233.50000000000003 20 21 1.8088111978570265 986.95000000000005 0.15459317589004148 182.77500000000003 79.791840862109481 22 23 4.5000000000000009 24 1.1620154412494506 25 14.921136432348083 105.67718120232597 26 116.05555555555557 27 42.500000000000007 270.16666666666669
decision_type=2 2 2 1 2 2 2 2 9 9 9 1 9 2 9 1 1 9 9 2 9 2 9 2 2 1 9 2 2 9 2 9 2 1 2 9 2 2 2 1 2 2 9 9 2 2 2 2 2 9 1 2 1 2 9 2 2 9 2 9 2 2
left_child=1 3 16 14 7 49 53 8 37 30 33 29 -13 23 34 31 18 39 45 22 -21 26 -12 -5 -17 54 -15 38 -27 -8 -4 -10 -16 -9 -1 -36 -28 -3 59 40 -18 43 -43 -19 -45 61 -44 48 -34 50 -6 -40 -39 -7 -11 -56 -57 58 -41 -20 -49 -2
right_child=2 4 9 13 5 6 11 10 15 25 19 12 -14 21 32 24 17 41 27 20 -22 -23 -24 -25 -26 28 36 -29 -30 -31 -32 -33 47 -35 35 -37 -38 52 51 57 -42 42 46 44 -46 -47 -48 60 -50 -51 -52 -53 -54 -55 55 56 -58 -59 -60 -61 -62 -63
leaf_value=-0.10715026718732688 -0.34797786663570351 -0.56255670455611428 -2.162825994706806 0.48881873641033452 -0.33338102415397891 -0.29277203550672865 0.33670883454474443 0.10555400858858538 0.21698133060821229 1.5278613149714595 0.51886577639383091 0.052009035122947016 -0.33752636909710038 0.13537098034635839 -0.26805384572587165 -0.73227922927339373 -0.70720985310646689 -0.46867750224476201 0.44121432276858208 1.1235648677145194 0.28493989424081295 -0.50119636644483589 0.032130858738191749 -0.27460170777242182 -0.077249176587832133 1.2463580322805123 -0.35393672275850374 0.92301112818416731 2.6848978234388228 -0.054784221570220386 0.29581171365798725 -0.093233253599823318 -0.072093859624311918 -0.24359854025070399 0.003933158583294372 0.36880959217232495 -0.20363134653757398 -0.014540347502308216 0.6427999009734201 0.79028671241068449 0.44738665041646475 0.85055826765971154 3.1998430040269512 -0.012835736556003497 -0.28175008265974455 0.40702034738653342 -0.19729885524763091 6.9458558576471949 -1.3577906666882278 -0.28361740518623657 0.012083864896859709 -0.18085702578447496 -0.23795019699404918 2.5649529415284555 0.96364846860330011 -2.2610392699233581 3.1653259530198463 0.67396103072379399 -0.38201729765839193 -0.17519097531733507 -0.023740364368021717 1.4079143039096396
leaf_weight=225 579 216 61 51 122 23 268 378 809 274 283 403 1273 245 309 77 165 323 118 223 818 105 5148 967 3774 498 450 717 603 365 927 430 1190 1108 212 212 1180 412 1180 58 165 457 48 3545 1286 149 1090 20 65 570 211 153 999 111 228 60 22 588 57 439 34 37
leaf_count=225 579 216 61 51 122 23 268 378 809 274 283 403 1273 245 309 77 165 323 118 223 818 105 5148 967 3774 498 450 717 603 365 927 430 1190 1108 212 212 1180 412 1180 58 165 457 48 3545 1286 149 1090 20 65 570 211 153 999 111 228 60 22 588 57 439 34 37
internal_value=-0.000477557 -0.00141054 0.00109002 -0.00345008 -0.000811418 -0.0028516 -0.00148201 -0.000342349 -0.00146949 0.00346599 0.000602939 -0.00215182 -0.003582 -0.00508137 -0.00123904 -0.000627082 0.000515372 -9.62155e-05 0.00193501 0.0012182 0.00390326 -0.00368129 0.0006947 -0.00778648 -0.00142987 0.00519729 -0.00315495 0.00287214 0.00666517 0.00158669 0.0003996 0.00181709 -0.00260576 -0.00203469 0.00207704 0.00433255 -0.00386488 -0.00403963 0.00187533 0.00308317 -0.000145773 -0.000595238 0.000985607 -0.0010956 -0.000799959 -0.00118895 -0.000521286 -0.00161966 -0.0020469 -0.00648455 -0.00296243 0.0029753 -0.00327086 0.00948905 0.00226131 -0.000154799 -0.00647059 0.00464385 -0.000585938 -0.000669643 0.00701754 -0.00250404
internal_weight=37113 23286 13827 5265 18021 3346 2443 14675 6717 2673 7958 2309 1676 2998 2267 5090 11154 7782 3372 6472 1041 1980 5431 1018 3851 1685 1875 2607 1101 633 988 1239 1618 1486 649 424 1630 1627 1890 1033 330 6749 1595 5154 4831 765 1138 1309 1255 903 333 1333 1411 134 584 310 82 703 115 557 54 616
internal_count=37113 23286 13827 5265 18021 3346 2443 14675 6717 2673 7958 2309 1676 2998 2267 5090 11154 7782 3372 6472 1041 1980 5431 1018 3851 1685 1875 2607 1101 633 988 1239 1618 1486 649 424 1630 1627 1890 1033 330 6749 1595 5154 4831 765 1138 1309 1255 903 333 1333 1411 134 584 310 82 703 115 557 54 616
cat_boundaries=0 1 3 5 7 8 10 12 13 14 16 18 20 22 23 24 26 28 29 31 32 34 36 38 39 40 42 43 45
cat_threshold=556 2149715978 758182 2162331802 1250466 177214053 1581121 1604 409670 103170 2161656108 639154 1800 928 1476411970 1188361 2149994562 4625 69779728 263168 272769024 196612 2433 312608076 571478085 16528 537166561 262656 2086 1572864 606352 1041 430472 36880 4399376 526336 34082980 145 2496 274 537919585 16 1 33587241 128
is_linear=0
shrinkage=0.05


Tree=60
num_leaves=63
num_cat=22
split_feature=14 20 17 21 1 2 2 1 1 1 1 16 21 2 18 5 20 16 16 19 1 19 9 2 19 1 21 17 21 2 16 17 21 21 1 11 1 1 2 1 1 23 21 2 9 23 20 21 21 1 23 17 2 17 21 2 23 20 19 6 23 21
split_gain=21.2756 13.235 8.65849 7.25606 5.97926 4.99817 4.9563 6.99281 5.92773 4.58274 3.82974 3.75061 3.42679 3.08312 3.05852 3.02572 2.99411 4.04237 3.68347 2.87008 2.59666 2.52602 2.50918 2.44637 2.41563 2.64747 2.57527 2.3986 4.67778 2.37066 2.23188 2.22472 2.20705 2.59093 2.09138 2.07807 2.34397 2.02442 2.02341 1.95273 1.89823 1.86253 1.83043 1.81792 1.81383 1.74126 1.73939 1.63859 2.01214 1.63783 1.63107 1.60906 1.57814 2.53806 2.03575 1.53292 1.46875 1.45133 1.45004 1.50902 1.42956 1.3431
threshold=2.5000000000000004 302.50000000000006 0.96996937111068993 127.08333333333336 0 1 2 3 4 5 6 1.7455310035482421 27.032258064516132 7 1.5067606126431283 67.500000000000014 35.500000000000007 1.7142447617546706 0.99997887114595474 1436.6949999999999 8 1014.4350000000002 1729.3050000000003 9 456.94000000000011 10 197.16666666666671 3.249355560219036 64.607692307692318 11 2.9999999999999996 0.85976471514372521 232.12500000000003 1.0000000180025095e-35 12 5165.4550000000008 13 14 15 16 17 42.500000000000007 25.015151515151519 18 1354.9050000000002 14.500000000000002 45.500000000000007 39.535885167464123 274.16666666666669 19 27.500000000000004 1.8181788226775535 20 2.0391458849605621 302.25000000000006 21 19.500000000000004 327.50000000000006 2593.7000000000007 2012.74 2.5000000000000004 274.16666666666669
decision_type=2 2 2 2 9 1 1 9 9 9 9 2 2 1 2 2 2 2 2 2 9 2 2 1 2 9 2 2 2 1 2 2 2 2 9 2 9 9 1 9 9 2 2 1 2 2 2 2 2 9 2 2 1 2 2 1 2 2 2 2 2 2
left_child=1 3 29 6 13 22 7 15 11 16 43 39 60 -5 49 31 17 41 -18 -13 -16 47 40 -19 25 26 -6 28 -9 45 -27 -1 33 -23 -29 36 -14 55 -17 -8 -4 -7 -24 -3 -42 -2 -20 57 -49 -10 -47 -45 53 -15 -54 -26 -46 -12 59 -34 -11 -39
right_child=2 10 5 4 24 9 8 27 14 12 21 19 35 52 20 38 18 23 46 -21 -22 32 42 -25 37 30 -28 34 -30 -31 -32 -33 58 -35 -36 -37 -38 61 -40 -41 44 -43 -44 51 56 50 -48 48 -50 -51 -52 -53 54 -55 -56 -57 -58 -59 -60 -61 -62 -63
leaf_value=-0.50246741521695526 -0.81325026642090925 3.0260485304075249 -0.28575806916641044 1.3036540573576503 0.14798015874820258 -0.28120977243856976 -0.013459958300397902 -0.28250889594358813 -0.16143251236112804 -0.12909453068112456 -0.22472175374450815 -0.066633400979883115 -0.14246457387954692 -0.19595610026188412 0.60890026020784982 0.17190335215523761 -0.32458393898282445 0.032918620131382248 0.15574186156521891 -0.48560523484979756 0.044052861651312017 1.0340410214016218 -0.17872168987223863 -0.22442837867222423 0.14573872134639743 1.1882636750031026 1.083942621722467 0.85954980707263084 -0.017553303281202304 -0.32504447692223731 -0.20116146514325806 -0.16331142571910837 -1.9938305062555743 -0.99628075876172772 -0.15362779443032437 0.12948042379330893 0.075369479254091237 -0.15917850926652335 0.021139282751386192 -0.23316349054455651 0.14345439475153707 0.019205584739866312 0.16167334598168673 -1.4644600654916964 -0.36847172911711717 0.085618504496524042 -0.16272678197981494 -0.027535667030471701 1.9689125867627952 0.028990079549127759 -0.302211270581908 1.7726851553533352 0.29444022811961262 1.5591875621467843 1.6956429887472184 -0.59589192262981217 0.25864125520839265 3.3926874347252696 -0.71404771346339835 2.4110418515498937 -0.28456957776875508 1.1949335505345686
leaf_weight=70 27 340 119 271 760 961 460 1769 1335 76 62 4235 357 529 230 3200 263 244 215 1222 617 311 54 352 127 153 284 243 2016 383 722 330 37 267 556 221 319 1318 2487 1942 196 42 266 48 103 45 249 313 142 1873 37 373 2380 168 202 351 24 265 20 151 123 258
leaf_count=70 27 340 119 271 760 961 460 1769 1335 76 62 4235 357 529 230 3200 263 244 215 1222 617 311 54 352 127 153 284 243 2016 383 722 330 37 267 556 221 319 1318 2487 1942 196 42 266 48 103 45 249 313 142 1873 37 373 2380 168 202 351 24 265 20 151 123 258
internal_value=-0.000449267 3.85327e-06 -0.0036012 -0.000275647 0.0010663 -0.00284213 -0.000724942 5.38188e-05 -0.00142534 -0.00365357 0.00363422 -0.00222624 -0.000901713 0.00255403 0.000116765 0.00116803 -0.00491663 -0.00616417 -0.00215753 -0.0014881 0.00279412 0.00211891 0.000774194 -0.00275459 -0.00025715 0.00100156 0.00269631 -0.00141397 -0.00194694 -0.00989899 -0.00098536 -0.00297767 6.33714e-05 -0.00146299 0.00102868 0.000361111 -0.00095729 -0.00145843 0.00147188 -0.00388773 -0.00157303 -0.00812624 0.00417957 0.00655685 0.000372024 -0.00184426 0.000428266 0.00414013 0.00201965 -0.000576145 0.00117647 0.00385945 0.0020884 0 0.00265896 -0.00427699 -0.00403846 0.00689394 0.00450237 0.00602094 -0.00680693 -0.000534928
internal_weight=37113 32437 4676 30108 7523 4184 22585 10671 11914 3422 2329 7859 1096 3550 4055 6087 2326 1599 727 5457 847 1568 762 596 3973 1919 1044 4584 3785 492 875 400 786 578 799 897 676 2054 5687 2402 442 1003 320 761 323 109 464 782 455 3208 82 421 3279 697 2582 478 127 327 208 188 199 1576
internal_count=37113 32437 4676 30108 7523 4184 22585 10671 11914 3422 2329 7859 1096 3550 4055 6087 2326 1599 727 5457 847 1568 762 596 3973 1919 1044 4584 3785 492 875 400 786 578 799 897 676 2054 5687 2402 442 1003 320 761 323 109 464 782 455 3208 82 421 3279 697 2582 478 127 327 208 188 199 1576
cat_boundaries=0 2 3 4 6 8 10 12 13 15 16 18 19 21 23 25 26 28 30 31 33 34 35
cat_threshold=1753858409 229986 520 1956 877749417 976074 693187055 898242 640194247 82688 85206605 49681 256 69354000 60 3268 85329556 262168 552 2164424720 69668 1048624 4240 89522194 270336 800 17899523 262272 2147487808 4097 620 2217345024 1067060 2064 1218
is_linear=0
shrinkage=0.05


Tree=61
num_leaves=63
num_cat=26
split_feature=20 21 17 2 1 20 5 22 1 1 21 1 20 10 1 4 2 1 1 1 2 1 6 9 1 5 19 1 19 22 10 9 1 17 19 1 20 1 2 20 7 5 22 18 19 1 22 8 20 18 2 4 2 9 21 18 22 2 5 1 10 1
split_gain=17.5295 10.5699 12.1356 8.5499 7.03446 5.92901 5.77186 4.85876 4.73039 4.48618 4.35486 4.19649 3.94908 3.93116 3.7184 3.70844 5.612 4.85241 4.15434 3.47052 4.03787 3.43067 3.35463 3.3536 3.28797 3.66164 2.94239 2.92219 4.63112 3.32335 2.84131 2.83951 2.71282 2.58351 3.43709 2.8131 2.4011 2.28767 2.27377 2.24419 2.24221 2.19342 2.16655 2.04532 1.89979 2.36505 1.89292 1.87361 1.79228 1.78891 1.76659 1.74266 1.82745 1.7274 1.72605 2.12583 1.70896 1.6774 1.6629 1.64183 1.64048 1.85337
threshold=125.50000000000001 63.029411764705891 3.0279568109081638 0 1 302.50000000000006 116.50000000000001 12.551177221749857 2 3 33.345490716180379 4 117.50000000000001 2156.1500000000001 5 6 7 8 9 10 11 12 3650.2500000000005 1122.4250000000002 13 282.50000000000006 1014.4350000000002 14 1067.4950000000003 46.572345155696389 1020.8750000000001 1530.3100000000002 15 1.8181788226775535 158.88499999999968 16 69.500000000000014 17 18 1.5000000000000002 702.73000000000013 335.50000000000006 53.860906534764183 1.4018649933634906 2219.1350000000007 19 79.791840862109481 1.0000000180025095e-35 41.500000000000007 0.25349665986322739 20 21 22 1240.05 30.84954751131222 2.9473408433600565 94.331020774602266 23 342.00000000000006 24 853.58000000000004 25
decision_type=2 2 2 1 9 2 2 2 9 9 2 9 2 2 9 9 1 9 9 9 1 9 2 2 9 2 2 9 2 2 2 2 9 2 2 9 2 9 1 2 2 2 2 2 2 9 2 2 2 2 1 9 1 2 2 2 2 1 2 9 2 9
left_child=1 2 3 9 10 19 8 12 22 41 13 -3 -6 -5 -12 18 17 -17 23 42 24 50 -4 30 25 49 -23 58 29 -29 -13 -9 48 35 -35 -18 39 -28 -39 -10 -40 -1 43 60 45 -34 -19 -25 -8 -21 56 -44 -53 -45 59 -56 -7 -46 -22 -11 61 -2
right_child=5 11 6 4 7 21 32 31 36 54 14 15 -14 -15 -16 16 33 46 -20 20 27 26 -24 47 -26 -27 37 28 -30 -31 -32 -33 44 34 -36 -37 -38 38 40 -41 -42 -43 51 53 57 -47 -48 -49 -50 -51 -52 52 -54 -55 55 -57 -58 -59 -60 -61 -62 -63
leaf_value=-0.28072845322477458 0.09201126144124637 -0.30849032531110265 0.48255164848983939 -0.27504052730595302 -0.27114190513522596 3.2460163473793133 -0.14324508359024862 -0.058844517155459998 -0.31697222811769027 0.020423632743601951 -0.30498958761639927 0.073150821725046819 1.6600147925090614 -0.39474618855947075 -0.16495734987929805 -0.10531369655821871 0.06859649996711159 0.31884822362116555 0.23379752835858625 1.138655800449929 0.51440426358490754 1.2934790972587635 -0.64115988985980976 -0.54687214359396707 -0.098424946653706519 1.2095965951798959 -0.70148044801531606 0.097878434146117507 -0.29454858534439765 0.77874817315784817 -0.15986936023750717 0.23278972753566426 0.44467479673991428 0.36509860262031779 -0.24913381180535624 -0.20531856952252278 0.60225630140004327 2.2064539949293649 -1.1515606661739028 -0.31426578383390891 2.3329701447901017 0.037444559327020954 0.77669462642930687 -0.11089531898866661 -0.91220538214229452 1.1836591915393879 -0.40378156246708985 0.27899150903676606 -1.0922390286597712 0.016911823902917435 1.034013027190656 0.53984782463185188 -0.66870595811042011 0.95603087505573259 0.0014689261856693392 0.20355055159761903 -0.1533541138517478 0.40801631915430436 -0.13255200601738223 -0.26430764036832849 -0.68866435386286329 -0.51566785770206425
leaf_weight=480 285 654 493 580 646 355 159 787 1141 150 478 1006 36 653 2706 500 386 1165 1131 30 2077 820 80 20 2763 143 353 1320 743 593 1152 292 934 563 781 2625 136 248 126 910 77 124 178 83 111 507 125 960 55 565 307 101 136 56 1606 251 43 179 190 273 511 175
leaf_count=480 285 654 493 580 646 355 159 787 1141 150 478 1006 36 653 2706 500 386 1165 1131 30 2077 820 80 20 2763 143 353 1320 743 593 1152 292 934 563 781 2625 136 248 126 910 77 124 178 83 111 507 125 960 55 565 307 101 136 56 1606 251 43 179 190 273 511 175
internal_value=-0.000439837 -0.00120481 -0.00212963 -0.00319912 -0.0042481 0.00110333 -5.84112e-05 -0.00150789 -0.00153818 -0.000914739 -0.00532167 -4.96793e-05 -0.00481752 -0.00790858 -0.0043144 0.00019181 -0.000588665 0.00174709 0.00132532 0.000565213 0.000965983 0.00337693 0.00243174 0.000364964 -0.000320148 0.00259654 0.00201588 0.00188918 0.000730611 0.00204854 -0.000717261 0.000531423 0.00201489 -0.0015625 0.000222717 -0.00238056 -0.00260227 -6.19579e-05 0.00220905 -0.00305501 -0.00150463 -0.00470016 -0.00160923 -0.00278527 0.00268062 0.00344529 0.00337682 0.00279756 -0.0030837 0.000794314 0.00630223 0.0013756 -0.0013 0.00264085 8.7222e-05 0.000766129 0.00863747 -0.000853242 0.00321272 -0.00275822 -0.0036191 -0.0012959
internal_weight=37113 24835 13767 9062 6178 12278 4705 1761 2760 2884 4417 11068 682 1233 3184 10414 6145 1790 4269 9949 8424 2329 573 3138 3501 738 1624 4923 2656 1913 2158 1079 1945 4355 1344 3011 2187 804 451 2051 203 604 1525 1110 1731 1441 1290 980 214 595 705 415 237 139 2280 1857 398 290 2267 423 971 460
internal_count=37113 24835 13767 9062 6178 12278 4705 1761 2760 2884 4417 11068 682 1233 3184 10414 6145 1790 4269 9949 8424 2329 573 3138 3501 738 1624 4923 2656 1913 2158 1079 1945 4355 1344 3011 2187 804 451 2051 203 604 1525 1110 1731 1441 1290 980 214 595 705 415 237 139 2280 1857 398 290 2267 423 971 460
cat_boundaries=0 1 3 5 7 9 11 12 13 15 17 19 20 22 24 26 28 30 32 33 35 36 37 38 39 41 43
cat_threshold=556 540308439 332600 67391765 245794 327189010 315664 406851584 1575170 12608 65792 50 800 2159935554 119845 2686813149 369296 124133380 538640 2067 353633861 49681 269598995 131591 2013790721 1557576 50214 1 34660880 40961 545296696 4096 636 2727874769 20520 636 24 2705 130 536871012 65537 33824768 4112
is_linear=0
shrinkage=0.05


Tree=62
num_leaves=63
num_cat=22
split_feature=14 20 17 21 17 5 0 5 1 2 1 2 1 1 10 1 2 17 23 1 1 21 19 1 19 2 0 1 19 21 10 4 2 20 22 22 7 21 5 21 17 7 9 21 19 20 5 7 2 21 21 1 19 21 1 21 5 1 7 4 22 10
split_gain=16.226 10.0796 7.0977 5.18518 6.18854 5.11749 6.11939 6.77987 4.27598 4.10088 3.97195 3.9437 4.6984 3.73285 3.60906 3.5033 3.35948 3.31441 3.29316 4.19234 3.7598 5.14498 3.20631 2.98216 2.9182 2.98726 3.08185 2.89145 2.84757 2.79585 2.73925 2.723 2.69907 2.54615 2.52907 2.46322 2.44318 2.41956 2.37541 2.30841 2.14793 2.14448 2.74215 2.12413 2.04681 1.89738 1.8624 1.84666 2.01278 1.82152 2.81879 1.77233 1.75917 1.71996 1.56416 1.50211 1.46796 1.46015 1.40384 1.34054 1.33721 1.29106
threshold=2.5000000000000004 233.50000000000003 0.96996937111068993 63.029411764705891 2.4919269774923376 141.50000000000003 0 180.50000000000003 1 2 3 4 5 6 410.90000000000003 7 8 1.3566824682876779 1.5000000000000002 9 10 210.41666666666671 1577.1700000000003 11 2825.1550000000007 12 13 14 1552.8600000000001 15.127441244620988 685.58000000000004 15 16 391.50000000000006 32.437577404756148 67.70149760280286 480.17000000000002 27.032258064516132 116.50000000000001 104.05000000000001 3.249355560219036 384.06999999999999 669.98000000000013 33.345490716180379 1470.4400000000001 181.50000000000003 34.500000000000007 352.15000000000003 17 332.25000000000006 46.775000000000006 18 1189.7950000000001 63.639610389610397 19 25.015151515151519 328.50000000000006 20 726.9100000000002 21 69.440878926447212 588.66500000000019
decision_type=2 2 2 2 2 2 1 2 9 1 9 1 9 9 2 9 1 2 2 9 9 2 2 9 2 1 1 9 2 2 2 9 1 2 2 2 2 2 2 2 2 2 2 2 2 2 2 2 1 2 2 9 2 2 9 2 2 9 2 9 2 2
left_child=1 3 41 4 8 27 22 -8 -1 36 37 12 17 31 46 30 23 45 19 49 21 28 -7 -10 25 26 -12 -6 39 -29 -14 38 33 54 -18 56 -4 58 -13 -20 -19 42 -2 -43 -16 -5 -15 48 -39 50 57 -27 -52 -17 -21 -38 -22 -3 -11 -57 -30 -33
right_child=2 18 9 11 5 6 7 -9 16 10 24 13 15 14 44 53 34 40 20 32 35 -23 -24 -25 -26 51 -28 29 60 -31 -32 61 -34 -35 -36 -37 55 47 -40 -41 -42 43 -44 -45 -46 -47 -48 -49 -50 -51 52 -53 -54 -55 -56 59 -58 -59 -60 -61 -62 -63
leaf_value=0.01462433836732089 -0.11309083208068955 1.1291735985908582 -0.12894677308639244 0.16767753722509868 -0.49490988989926593 1.414553905012081 -2.6798114972339153 0.16893660253759252 -0.26442278700332589 -0.34060144412432081 -0.14346520041450042 0.027519842031917818 -0.79325367660682611 -0.9965490430588011 -0.027998084641610889 0.53676983400289913 -0.2658486398700774 1.0165469852380995 -1.4355803294438534 0.011672397456422345 -0.88088466136192667 1.4400224921857898 0.26450432098727322 -0.029990993587316696 -0.50311843805140455 -0.21746449947107963 -0.5463262761868436 0.00081775841417055519 -1.4024563458220372 -0.46064172573631978 -0.028634980752118368 0.38263666604588026 0.97746714380035371 2.159899226867374 0.012981887785519142 0.18721133746986426 -0.24430409636463501 0.14334093656070543 0.55203080012790806 0.68920876554953459 -1.307898479257446 -0.19663199875852772 -0.54903463421644128 0.096812412871964793 -0.31425667338099861 -1.0466779204770831 -0.34376011776048615 0.085459274326812648 -0.20790675822760785 3.0210470734107027 -0.20960318649324777 -0.038573950246514159 1.1079945343287463 0.063824920953658548 -1.1741134379732465 0.34627300506814207 1.6727275629712866 2.3260305442082569 0.043470966040346504 0.053047317920377784 0.048425489811911859 -0.081620857685408055
leaf_weight=1312 109 312 382 286 477 640 114 342 230 123 437 470 191 96 5739 28 3061 381 108 125 299 359 547 1873 175 650 301 2455 99 91 451 189 819 148 348 294 42 108 594 481 27 140 204 39 708 27 393 376 143 160 248 1072 163 5730 192 132 25 531 37 206 49 1225
leaf_count=1312 109 312 382 286 477 640 114 342 230 123 437 470 191 96 5739 28 3061 381 108 125 299 359 547 1873 175 650 301 2455 99 91 451 189 819 148 348 294 42 108 594 481 27 140 204 39 708 27 393 376 143 160 248 1072 163 5730 192 132 25 531 37 206 49 1225
internal_value=-0.000431754 -3.31381e-05 -0.00318444 -0.000384437 -0.00120073 0.000192761 0.00244532 -0.00239651 -0.00216054 -0.00249582 -0.00323144 0.000179889 0.00106883 -0.00048796 -0.00108649 0.000623733 -0.00276923 0.00487057 0.00218573 0.00327656 0.000436808 0.0022092 0.00434874 -0.00114603 -0.00416352 -0.00369468 -0.00639148 -0.00101619 -0.000101351 -0.000312622 -0.00282443 0.00116419 0.00111796 -0.00183054 -0.00374781 -0.0026149 0.000774194 -3.125e-05 0.00306407 0.00139358 0.00790754 -0.00888889 -0.0114715 -0.00398352 -0.000763566 0.000870253 -0.00523374 0.00130952 -0.00187008 0.00515067 0.00445505 -0.00244957 0.000905797 0.00102235 -0.00445313 0.00365535 -0.00565749 0.00611702 -0.00552147 0.00483871 -0.00629139 -0.00024527
internal_weight=37113 32437 4676 28025 11490 4666 1643 456 6824 4184 3422 16535 7121 9414 6936 6400 5512 721 4412 2698 1714 1096 1187 2103 2635 2460 738 3023 737 2546 642 2478 1284 465 3409 618 762 787 1064 589 408 492 313 179 6447 313 489 627 251 1414 1254 1722 411 5758 317 380 324 843 160 338 148 1414
internal_count=37113 32437 4676 28025 11490 4666 1643 456 6824 4184 3422 16535 7121 9414 6936 6400 5512 721 4412 2698 1714 1096 1187 2103 2635 2460 738 3023 737 2546 642 2478 1284 465 3409 618 762 787 1064 589 408 492 313 179 6447 313 489 627 251 1414 1254 1722 411 5758 317 380 324 843 160 338 148 1414
cat_boundaries=0 1 3 4 6 7 9 11 13 14 16 18 20 21 22 24 25 26 27 29 30 32 33
cat_threshold=1 323060745 1467402 520 2160460056 823459 932 101736992 229384 415155473 131585 274862144 6176 572 302843813 448137 2753081581 164400 1073666 4100 274 1 2152956448 274441 18 71 167 2659458 16640 536870912 262176 279168 10
is_linear=0
shrinkage=0.05


Tree=63
num_leaves=63
num_cat=27
split_feature=14 6 8 17 1 1 1 4 2 1 1 1 8 2 1 2 23 2 22 17 8 16 17 2 1 2 2 1 16 2 22 9 9 5 1 17 5 14 2 19 16 1 17 9 19 2 2 1 22 12 1 16 23 1 17 8 23 16 22 22 9 2
split_gain=15.1157 7.40498 7.44433 6.66783 6.57656 5.59639 5.23375 4.31534 4.0957 4.27408 3.92655 3.79249 3.57558 3.53664 3.39804 3.2439 3.24135 3.25871 2.80112 2.57387 2.50085 3.85281 2.45829 2.37778 2.31778 2.22863 2.17148 2.16281 2.14274 2.09677 2.0722 2.05953 2.22649 2.02832 2.49063 2.02405 2.163 1.92806 1.86426 1.75841 1.74051 2.34333 1.86872 1.71916 1.71778 1.78158 1.72175 1.79252 1.64126 1.63207 1.59012 1.57735 1.63845 1.56725 1.53119 1.53051 1.52701 1.50089 1.74282 1.49749 1.49186 1.47086
threshold=2.5000000000000004 2501.0100000000007 1229.1400000000001 0.96996937111068993 0 1 2 3 4 5 6 7 550.99500000000023 8 9 10 12.500000000000002 11 37.766718139309837 0.8253637730621054 272.59500000000008 0.87807660600008786 1.3683211111211584 12 13 14 15 16 1.105495581393001 17 69.440878926447212 410.72500000000008 1169.5750000000003 25.500000000000004 18 1.3225165246576509 123.50000000000001 3.5000000000000004 19 378.07999999999998 1.3051707797289669 20 0.8253637730621054 1947.0150000000001 21.099999999999799 21 22 23 27.644117316704079 1.5000000000000002 24 0.84450718947315684 14.500000000000002 25 1.2462057845981271 764.0350000000002 24.500000000000004 1.0003538922897268 24.769518978822102 48.083854513394378 738.95000000000016 26
decision_type=2 2 2 2 9 9 9 9 1 9 9 9 2 1 9 1 2 1 2 2 2 2 2 1 9 1 1 9 2 1 2 2 2 2 9 2 2 2 1 2 2 9 2 2 2 1 1 9 2 2 9 2 2 9 2 2 2 2 2 2 2 1
left_child=1 2 4 25 20 44 29 10 11 31 15 40 48 27 23 -6 17 -9 -12 -14 21 53 35 24 28 51 -16 43 -15 -4 50 -10 -33 -22 -35 36 -8 -28 -18 -26 41 -7 -42 -5 45 -3 -46 54 -11 -24 -13 -2 -53 -1 -48 -49 -54 -25 -59 -29 -39 -23
right_child=3 5 6 13 7 8 22 16 9 12 18 30 19 14 26 -17 38 -19 -20 -21 33 61 49 57 39 -27 37 59 -30 -31 -32 32 -34 34 -36 -37 -38 60 -40 -41 42 -43 -44 -45 46 -47 47 55 -50 -51 -52 52 56 -55 -56 -57 -58 58 -60 -61 -62 -63
leaf_value=0.80631912491100344 -0.76972013318999766 0.35574737567144848 -0.79277475541305265 -0.27674114437307173 -0.17578454027467921 0.28863989165529208 0.67163641883783143 0.30753436783726262 0.55288640119895438 -0.49605332665331336 -0.17081345369640105 0.13346626163009531 -0.53680384376636359 -0.1779540960445555 0.032088211192697801 0.41822682940100897 0.021508421983899597 0.056894259693455497 0.047515685164891512 -0.073464296232820914 -0.57512667262291584 -0.034539170778152696 1.052113682635097 -0.44065372418153975 -0.089526921900481865 -0.26593723879828257 -0.043638125269958118 0.084886783988894626 0.026328885592531215 0.022452070892470744 -0.55895752950936384 -0.16870170821740765 0.24847450003502658 0.18702993189321016 -0.10928767649547738 -0.38540929564950943 -0.16779488361101472 0.080616735782333929 -0.20638716099104182 -0.46767169837425515 -0.33063351448512623 -0.52059126954907275 0.020610928900800476 0.21128734055210946 -0.5978705394072874 -0.22717552259570956 -0.47236015205166598 -0.96466104105170558 -0.23153548564110801 -1.908643903340498 0.3551009827112715 -0.47903271834467809 0.22468283373374984 -0.10157752160778344 0.11094062789779145 -0.31069402001533963 -0.22262664013048186 -0.11612303758121847 -0.49205305498018642 -0.31491539063128648 -0.28230912835329214 -0.51868960574315037
leaf_weight=106 20 106 125 114 328 137 93 3512 132 528 3423 917 121 305 512 1060 257 6912 1516 2070 192 135 1459 206 140 383 834 580 393 341 169 594 387 587 1671 92 112 21 291 132 160 280 1841 22 396 368 91 121 352 52 361 23 30 206 243 108 36 374 198 46 307 485
leaf_count=106 20 106 125 114 328 137 93 3512 132 528 3423 917 121 305 512 1060 257 6912 1516 2070 192 135 1459 206 140 383 834 580 393 341 169 594 387 587 1671 92 112 21 291 132 160 280 1841 22 396 368 91 121 352 52 361 23 30 206 243 108 36 374 198 46 307 485
internal_value=-0.000399423 -1.46424e-05 0.000469335 -0.00305621 0.000168004 -0.00119135 0.00318401 0.000564637 -0.000666708 -0.00175125 -0.000469243 0.00049639 -0.00271563 -0.00238834 -0.00307132 0.00185582 0.00116523 0.00136664 -0.0011359 -0.00160665 -0.00184094 -0.00406417 0.00439319 -0.00462805 -0.00279756 -0.00858586 -0.00139301 0.000645161 -0.00112518 -0.00146138 0.00251712 0.000865897 2.54065e-05 -0.000978394 -0.000530739 8.33333e-05 0.00300481 -0.00259574 -0.00254083 -0.00666667 -0.000699301 -0.00363095 -6.23752e-05 -0.00469799 -0.00406293 -0.00146751 -0.00532744 -0.0031684 -0.00543601 0.00523448 0.00323966 -0.00102459 0.0013587 0.00031746 -0.000576369 -0.00650826 0.0057971 -0.00676359 -0.00530435 0.00195618 -0.00589124 -0.00634029
internal_weight=37113 32437 22955 4676 20681 9482 2274 17299 8049 4184 6327 3865 3071 4184 3422 1388 10972 10424 4939 2191 3382 932 1808 1748 970 492 1674 762 698 466 1447 1113 981 2450 2258 297 205 1162 548 272 2418 417 2001 136 1433 474 959 563 880 1511 1278 109 89 312 334 229 66 778 572 626 328 620
internal_count=37113 32437 22955 4676 20681 9482 2274 17299 8049 4184 6327 3865 3071 4184 3422 1388 10972 10424 4939 2191 3382 932 1808 1748 970 492 1674 762 698 466 1447 1113 981 2450 2258 297 205 1162 548 272 2418 417 2001 136 1433 474 959 563 880 1511 1278 109 89 312 334 229 66 778 572 626 328 620
cat_boundaries=0 2 4 6 7 8 10 12 14 15 17 18 19 20 22 23 24 26 27 29 30 32 33 34 36 38 39 40
cat_threshold=136335404 538950 3504279810 529680 2206336082 69664 35 1844 52430356 1212936 277152787 508968 572523033 426657 520 641242631 82176 832 808 2276 571478532 65536 552 1043 2147487744 4353 322 4096 4096 3654 0 672 1184 3128 270340098 1024 16778372 16450 4104 1058
is_linear=0
shrinkage=0.05


Tree=64
num_leaves=63
num_cat=24
split_feature=14 21 7 1 21 6 7 1 10 1 1 1 2 1 1 2 2 1 16 22 2 10 17 1 1 17 2 2 16 1 17 2 1 1 22 14 1 18 11 10 10 22 7 21 2 7 10 11 10 17 19 11 22 19 17 2 18 7 21 2 10 10
split_gain=12.8114 6.69239 6.25673 6.14621 5.75825 5.42433 6.09255 6.19256 5.26058 5.24353 5.24109 4.7929 3.85658 4.30427 3.75925 3.73731 3.67349 3.04997 3.02141 2.98412 2.9199 2.90479 2.55807 2.47717 2.42614 2.42169 2.4173 2.37026 2.29961 2.21486 2.16868 2.10063 3.19899 2.14499 2.08307 2.66789 2.60841 2.06053 2.05013 1.91559 1.87158 1.85096 1.83246 2.19823 1.73848 1.90688 1.72521 1.66171 4.41762 2.56823 1.58969 1.52526 1.50369 1.48039 1.44675 1.43706 2.11661 1.78932 1.43552 1.42521 1.41182 1.62959
threshold=2.5000000000000004 199.45000000000002 529.10500000000013 0 27.032258064516132 2501.0100000000007 978.62500000000011 1 1061.0500000000002 2 3 4 5 6 7 8 9 10 1.0951343076929856 35.507628244764753 11 5090.5650000000014 1.446673937028498 12 13 0.98508245476115186 14 15 1.0674425299771289 16 2.5130660756344763 17 18 19 24.769518978822102 3.5000000000000004 20 1.0299319516904124 1088.4650000000001 807.81000000000006 1516.4750000000001 185.46192241195732 170.31500000000003 309.75000000000006 21 1446.9900000000002 3380.1700000000005 5165.4550000000008 2525.7050000000008 1.8570389352036487 1761.7700000000002 1102.2750000000003 3.7716029769593651 2593.7000000000007 2.1935037172339032e-05 22 0.33690938860700281 504.39000000000004 25.015151515151519 23 672.69500000000016 1250.2900000000002
decision_type=2 2 2 9 2 2 2 9 2 9 9 9 1 9 9 1 1 9 2 2 1 2 2 9 9 2 1 1 2 9 2 1 9 9 2 2 9 2 2 2 2 2 2 2 1 2 2 2 2 2 2 2 2 2 2 1 2 2 2 1 2 2
left_child=1 5 4 38 16 6 7 31 26 27 22 28 13 18 -14 23 -2 -10 -12 -16 58 24 54 42 -22 -13 -9 51 52 -29 -15 33 -33 -1 36 -36 -30 -24 55 -17 -41 -42 50 -44 -23 -46 59 48 -26 -49 -5 -8 -6 -18 -7 -3 -57 -58 -4 -11 -27 -62
right_child=2 3 20 15 11 10 9 8 17 46 12 25 14 30 19 39 53 -19 -20 -21 21 44 37 -25 47 60 -28 29 34 -31 -32 32 -34 -35 35 -37 -38 -39 -40 40 41 -43 43 -45 45 -47 -48 49 -50 -51 -52 -53 -54 -55 -56 56 57 -59 -60 -61 61 -63
leaf_value=0.08734402922718143 -0.025306475034585319 2.3704574644150966 -0.27672132731002552 2.4441926491841892 0.018576029564396634 0.12723671099098582 4.3041015533523623 0.021566325696021418 0.18455831518809163 0.3690990246913714 -0.54093999896608735 -0.19172952433261578 0.10999393220107337 0.17871370452277163 -0.20816182328597643 0.74700571232423418 -0.35770412168500276 -0.094592813369297354 0.015135117456943804 -0.01362126536783137 0.22215985351495854 -0.014755988187338432 -0.29921052406148035 0.96683077285348418 0.03953934286496779 -0.25305799780146787 0.28583098016658254 -0.5331879920616942 0.025971610867511787 -0.0078792450767025454 1.1551014076849495 -0.0049266322891682538 -0.26313505108718688 -0.30581491471798083 -0.28660951829170395 -0.552096326390485 -0.27275017650736866 0.30321493771693009 -0.31122393795240844 1.5322366094055988 0.61824266748915024 -0.78834389563590079 -0.85467720239342748 0.92615398283018713 -0.24949601746393155 -0.052162525522253138 -0.15994445815904809 -0.0080591119158039959 -0.35832380813713238 0.80667143732534896 -0.91788108228505083 0.20427893337183392 -0.28111387101593127 -0.6077650204319397 -0.39348010525252397 -1.2104818071810435 -0.12988006355035112 2.9676734274224774 0.12430584742490272 0.80543589882592748 0.11843438815684984 -0.01342590525472236
leaf_weight=374 106 105 46 50 40 51 40 2458 422 511 177 112 772 497 2589 871 385 3691 1822 1195 106 112 662 247 358 97 3732 218 289 730 144 3475 960 1611 237 67 113 156 610 630 247 22 312 122 149 51 138 440 305 37 22 639 435 70 752 112 97 51 316 1123 191 614
leaf_count=374 106 105 46 50 40 51 40 2458 422 511 177 112 772 497 2589 871 385 3691 1822 1195 106 112 662 247 358 97 3732 218 289 730 144 3475 960 1611 237 67 113 156 610 630 247 22 312 122 149 51 138 440 305 37 22 639 435 70 752 112 97 51 316 1123 191 614
internal_value=-0.000375175 -2.08076e-05 -0.00282112 0.00204227 -0.0043494 -0.000272096 0.000178882 -0.00021075 0.000545269 0.00210905 -0.00130669 -0.00315059 -0.000714385 0.000791557 -0.00159772 0.00334188 -0.00890957 -0.000832119 -0.000335487 -0.00225178 -0.000598024 -0.00155952 -0.00387087 0.000293734 -0.000440352 -0.00053554 0.0014694 1.52439e-05 -0.00529732 -0.00156087 0.00431957 -0.00143013 -0.000803732 -0.00279029 -0.00338505 -0.00651466 -0.000864198 -0.00182704 -0.00129049 0.00459899 0.00629157 0.00248162 -0.00163776 -0.00297483 -0.00587302 -0.0084507 0.00397759 -0.00117086 -0.00281532 0.000989583 0.00533333 0.00227601 -0.00810669 -0.0107372 -0.00592432 0.0015625 -0.0003663 0.00331126 0.00333333 0.00445938 0.000276243 0.00102104
internal_weight=37113 32437 4676 3498 2756 28939 20122 16723 10303 3399 8817 2195 7196 2640 4556 2523 561 4113 1999 3784 1920 1558 1621 753 1246 1014 6190 1627 1181 948 641 6420 4435 1985 706 304 402 818 975 1770 899 269 506 434 312 200 1772 1140 663 477 72 679 475 455 803 365 260 148 362 1634 902 805
internal_count=37113 32437 4676 3498 2756 28939 20122 16723 10303 3399 8817 2195 7196 2640 4556 2523 561 4113 1999 3784 1920 1558 1621 753 1246 1014 6190 1627 1181 948 641 6420 4435 1985 706 304 402 818 975 1770 899 269 506 434 312 200 1772 1140 663 477 72 679 475 455 803 365 260 148 362 1634 902 805
cat_boundaries=0 2 4 6 8 10 11 13 15 16 17 19 20 22 24 25 26 28 29 31 33 34 35 36 37
cat_threshold=2541150250 1315085 136728812 539015 2308965845 1430632 3504017682 595216 2724500578 16658 1812 572524165 33442 50349572 1212456 3078 524 360719362 196672 520 536872064 82098 262152 262403 1107 174 2172650500 1081408 3137 147692 4225 136708160 8454 536875072 1121 35 2305
is_linear=0
shrinkage=0.05


Tree=65
num_leaves=63
num_cat=13
split_feature=20 16 17 17 1 4 1 1 1 16 14 1 1 1 11 21 19 20 7 9 11 9 9 17 15 20 16 21 1 1 1 1 7 11 6 21 21 20 6 11 11 1 16 6 19 11 20 23 20 20 21 19 11 7 9 11 11 20 20 11 11 17
split_gain=12.9297 7.66677 6.5092 5.08966 5.36641 4.71249 4.66978 4.58695 4.4207 3.59354 3.38882 3.21064 3.01181 2.67128 2.66192 2.48971 2.51285 2.82326 2.43038 3.47794 2.36458 2.33271 2.29079 3.52228 4.12937 4.4969 2.1297 2.59162 2.18413 2.12759 2.06124 2.04273 2.00454 1.95639 1.8693 1.84214 2.46571 2.59987 1.80895 2.11963 1.77445 1.74226 1.69218 1.68375 1.42217 1.41059 2.3173 1.44006 1.38162 1.37169 2.35125 1.55081 1.36171 1.34681 1.39572 1.33072 1.83063 1.32183 1.31795 1.30535 1.28125 1.21212
threshold=125.50000000000001 1.2857160831267309 0.61536805492666291 2.2265362457016349 0 1 2 3 4 0.6246670218950876 3.5000000000000004 5 6 7 342.00500000000005 182.77500000000003 2666.9950000000003 70.500000000000014 532.15500000000009 1277.3550000000005 2877.1200000000003 314.72500000000008 1.0000000180025095e-35 0.69951360853932698 2.5000000000000004 233.50000000000003 0.82862129325928569 30.84954751131222 8 9 10 11 1031.1550000000002 1363.3600000000001 1376.8900000000001 7.5000000000000009 274.16666666666669 397.50000000000006 5620.6000000000013 4952.8500000000013 4876.1300000000001 12 0.99997887114595474 2501.0100000000007 327.22000000000008 734.08500000000015 343.50000000000006 1.5000000000000002 45.500000000000007 391.50000000000006 120.05555555555557 955.96000000000015 2639.3100000000009 272.59500000000008 154.67500000000004 965.00500000000011 2121.7350000000001 102.50000000000001 473.50000000000006 833.32500000000016 1319.1750000000004 2.1045215743110259
decision_type=2 2 2 2 9 9 9 9 9 2 2 9 9 9 2 2 2 2 2 2 2 2 2 2 2 2 2 2 9 9 9 9 2 2 2 2 2 2 2 2 2 9 2 2 2 2 2 2 2 2 2 2 2 2 2 2 2 2 2 2 2 2
left_child=1 8 29 13 14 6 38 32 9 33 11 -9 -12 -2 53 16 18 -18 19 -10 -20 59 41 -24 25 -25 -11 42 -29 -3 -26 -23 40 -1 -31 -16 60 -38 39 -4 -7 -15 -28 -34 52 49 55 -48 61 -6 51 -51 -43 54 -5 -47 -57 -35 -55 -8 -37 -17
right_child=3 2 5 4 45 7 21 10 15 26 12 -13 -14 22 35 48 17 -19 20 -21 -22 31 23 24 30 -27 27 28 -30 34 -32 -33 43 57 -36 36 37 -39 -40 -41 -42 44 -44 -45 -46 46 47 -49 -50 50 -52 -53 -54 58 -56 56 -58 -59 -60 -61 -62 -63
leaf_value=-0.35061878447388328 -0.23461426379998046 0.12222900690541749 0.14133949465249832 -3.0262932876747324 -1.0070890087937288 0.012140619022764554 -0.3396695757185228 -0.13950347686076975 -0.1486063717650575 -0.54072864626974249 -0.36680992319234634 -0.031785476436537861 -0.099650005442242673 -0.39541216963691483 3.2526766601913892 -0.46292125327115774 -0.48301196194950968 0.60810249954462781 0.23100481976770784 -0.33031467702849293 -0.059517702198443705 0.047817393414781154 -0.75963806205943385 -0.22376679232228014 0.56868095732727686 0.23415165195599175 0.12510558365907584 -0.14746024986837369 0.11663510665241859 0.17310579462270825 0.13310847328916539 -0.18533478871286127 0.85049513808447019 0.11764555312917722 -0.49828271517019512 0.1130369817014568 3.9960887151438444 1.6001675808552336 -0.3262701163002506 0.34335049425682823 0.31990447955523305 -0.9588492809740693 -0.2897900176880146 0.036454777589731792 1.1277067003533716 1.2242483708392358 2.9603453535117854 -0.045013003215139236 -0.20393947959591011 1.7222184076470144 2.2505019444855523 -1.7086264466078007 1.5911242590149635 -3.3103915700544118 3.5836101844071928 -0.73825363270470068 1.3266565333738669 1.2441614654221689 1.6903462963882916 -1.1527483696529852 1.4899975480144549 4.1965847960544327
leaf_weight=111 771 107 1702 22 176 1442 77 2778 2246 128 245 9723 297 118 534 22 270 43 110 636 704 1168 299 2288 265 1825 39 221 245 75 3501 544 252 310 445 373 131 83 88 210 72 66 127 210 523 81 210 80 88 43 89 105 27 36 48 281 97 34 26 36 180 30
leaf_count=111 771 107 1702 22 176 1442 77 2778 2246 128 245 9723 297 118 534 22 270 43 110 636 704 1168 299 2288 265 1825 39 221 245 75 3501 544 252 310 445 373 131 83 88 210 72 66 127 210 523 81 210 80 88 43 89 105 27 36 48 281 97 34 26 36 180 30
internal_value=-0.000396729 -0.00105383 -0.000589247 0.000928263 0.00289646 -0.000419165 0.00113992 -0.000819918 -0.00272964 -2.03583e-05 -0.0011623 -0.000989683 -0.00504587 0.0003949 0.00492739 -0.00350192 -0.00374501 -0.00814873 -0.00335226 -0.00403813 -0.000856793 -0.000666485 0.000644258 0.000397262 0.000605811 -0.000479835 -0.00216252 -0.000866142 0.000959488 -0.00559524 0.00180419 -0.000174927 0.00140774 0.00343886 -0.00684803 0.00565567 0.00392857 0.00852535 0.00280676 0.00315927 0.000494397 0.00332429 -0.00621302 0.00430108 0.00437202 0.000297872 0.00162899 0.00511945 0.0027972 -0.00198317 0.0003125 -0.00331126 -0.00078125 -0.00148148 0.00273973 -0.000487013 -0.00183727 0.00533141 -0.00692308 -0.0075431 0.00202338 0.00909091
internal_weight=37113 24835 19471 12278 2595 18844 3825 15019 5364 1215 13043 12501 542 9683 1433 4149 4009 313 3696 2882 814 1825 8912 8178 7879 4113 760 632 466 627 3766 1712 1976 455 520 1301 767 214 2000 1912 1514 734 166 462 616 1162 749 290 140 413 237 148 93 132 70 459 378 344 62 113 553 52
internal_count=37113 24835 19471 12278 2595 18844 3825 15019 5364 1215 13043 12501 542 9683 1433 4149 4009 313 3696 2882 814 1825 8912 8178 7879 4113 760 632 466 627 3766 1712 1976 455 520 1301 767 214 2000 1912 1514 734 166 462 616 1162 749 290 140 413 237 148 93 132 70 459 378 344 62 113 553 52
cat_boundaries=0 2 3 5 7 9 11 13 15 17 19 21 23 25
cat_threshold=907626357 442377 48 2207851205 1167911 340680720 157704 3301139772 1082534 2291209312 1610086 2717941760 262928 107094304 534592 8397872 1154 4128 331792 143671810 1048588 872436736 271504 2147483669 262144
is_linear=0
shrinkage=0.05


Tree=66
num_leaves=63
num_cat=30
split_feature=14 17 21 1 1 8 21 1 2 1 10 22 1 2 2 16 2 15 17 1 2 1 1 10 1 1 2 1 1 17 2 21 10 22 2 2 4 4 21 1 13 16 21 1 1 18 2 5 10 16 1 21 17 21 22 18 1 10 18 18 4 22
split_gain=10.5027 6.1537 5.18886 4.41793 4.309 3.74855 3.59946 3.52781 4.09721 3.4696 3.33197 3.29752 3.26925 3.42615 3.04938 2.8182 2.76975 2.76386 3.3306 2.8245 2.74354 3.12787 2.60728 2.55648 2.35147 2.28998 2.17849 2.4841 2.29228 2.14227 2.1581 2.13946 2.05763 1.99496 1.98166 1.96361 1.93272 1.88679 2.3179 2.1329 3.58872 2.81737 1.76693 2.28628 2.25392 1.75341 2.93378 1.7411 1.72411 1.79269 1.70703 1.69061 2.00553 1.69025 1.67199 1.62787 1.58316 1.57152 2.58097 1.50461 1.45297 1.38871
threshold=2.5000000000000004 1.4697032788760447 26.017241379310349 0 1 452.70500000000004 228.70833333333334 2 3 4 1.0000000180025095e-35 39.83172928819053 5 6 7 1.7063916761553755 8 2.5000000000000004 2.5130660756344763 9 10 11 12 711.05500000000018 13 14 15 16 17 1.3628709906078298 18 61.026315789473692 1967.2150000000004 3.7716029769593651 19 20 21 22 36.242647058823536 23 1.5000000000000002 1.0000443128576941 103.29285714285716 24 25 1.8782346158671237 26 64.500000000000014 5090.5650000000014 1.9576082161966351 27 53.52272727272728 1.2333721479377482 65.083916083916094 13.047431568048209 1.1269014052426869 28 1071.5250000000003 0.66618536111411009 1.3272448549253004 29 36.356070722020547
decision_type=2 2 2 9 9 2 2 9 1 9 2 2 9 1 1 2 1 2 2 9 1 9 9 2 9 9 1 9 9 2 1 2 2 2 1 1 9 9 2 9 2 2 2 9 9 2 1 2 2 2 9 2 2 2 2 2 9 2 2 2 9 2
left_child=1 4 14 6 10 9 15 8 56 23 -1 12 13 54 -2 26 51 18 -17 -19 50 32 47 -5 35 -16 28 -28 -3 36 -31 -15 -22 -25 -26 61 -14 38 -10 41 -41 -39 43 -24 -44 60 -47 59 49 -18 -7 52 -9 -53 -6 -54 -4 58 -11 -13 -12 -8
right_child=2 3 7 5 11 20 24 16 37 57 45 22 29 31 25 17 48 19 -20 -21 21 -23 42 33 34 -27 27 -29 -30 30 -32 -33 -34 -35 -36 -37 -38 39 -40 40 -42 -43 44 -45 -46 46 -48 -49 -50 -51 -52 53 55 -55 -56 -57 -58 -59 -60 -61 -62 -63
leaf_value=1.585716197535203 -0.38766689429499729 0.47050388910128726 -0.10328907965427608 1.1190031624953904 -0.61075971041846133 0.028142969144195007 -0.76118207223207868 -0.023979403738520411 0.087824051692358296 -0.44607893662336695 -0.17917226178866985 -0.86731800287991456 0.016447375294514899 -0.023078539757069905 0.012675266827676879 -0.072189914524633997 -0.10741890703933397 -0.05828139650140543 0.45357142311061271 0.6057443081061813 0.43045531133093534 -0.054450855380619605 -0.24370679609069512 -0.94505564561992161 -0.089362054577584615 -0.28037652127699636 0.12453590571128359 -0.17066812147014332 0.035316166448694376 -0.32307126242665823 -0.013521999320876433 0.2496600240209027 -0.047506968600875159 0.2157994669730684 1.8127332061756833 0.73431748449437895 -0.10790465292806567 -0.17978430169411244 -0.08808790663407802 -0.047298787003899445 -0.37264711122482713 0.0083231946778250087 0.26301874254889696 0.12184372316361874 -0.16601760332842197 -0.45027399287572545 0.22546643993639962 0.71570215308644236 -0.26704589186994598 0.15099832187123674 -0.30199687899598082 -0.43319407674551941 0.055758625740684666 0.34706718851715695 -0.036614012332853996 0.27389673162518607 -0.23008468805200818 -0.47520817165153917 0.24992803256849996 0.56057419278969789 -0.43802440187810848 0.75619062933510584
leaf_weight=78 253 108 126 191 135 617 211 104 146 1123 941 42 1150 597 219 2606 578 468 3109 1397 1831 1443 919 69 118 373 281 1391 696 358 278 805 458 90 556 286 4440 428 198 166 148 859 1482 461 470 148 279 282 70 138 898 59 103 74 406 166 468 289 165 21 631 113
leaf_count=78 253 108 126 191 135 617 211 104 146 1123 941 42 1150 597 219 2606 578 468 3109 1397 1831 1443 919 69 118 373 281 1391 696 358 278 805 458 90 556 286 4440 428 198 166 148 859 1482 461 470 148 279 282 70 138 898 59 103 74 406 166 468 289 165 21 631 113
internal_value=-0.000381911 -6.08816e-05 -0.00259671 0.000534644 -0.000856312 -0.000431334 0.00114948 -0.00179317 -0.0028703 -0.00231865 -0.00295455 -0.000480648 -0.0010432 0.000728528 -0.00616156 0.000825132 0.000306513 0.00130555 0.000747639 0.00298448 0.000252381 0.000987984 0.000754076 0.00206612 0.0036519 -0.00380165 -0.000625252 -0.00166172 0.00146879 -0.00160282 -0.00438185 0.00204947 0.00213944 -0.00231481 0.00567686 0.00120385 -0.00127838 -0.00169816 0.00154062 -0.00243185 -0.00611621 -0.00144231 0.000298954 -0.00104845 0.00127877 -0.00338412 -0.000406977 0.00481844 -0.00150188 -0.00069541 -0.0015216 0.00317919 0.0049867 -0.00128676 -0.0025722 0.00726103 -0.00650741 -0.00331761 -0.00251743 -0.00189394 -0.00415873 -0.00133531
internal_weight=37113 32437 4676 18514 13923 7174 11340 3831 2539 1927 2077 11846 8169 1943 845 10056 1292 7580 5715 1865 5247 3732 3677 350 1284 592 2476 1672 804 6226 636 1402 2289 159 674 610 5590 1945 344 1601 314 1287 3332 1380 1952 1999 427 345 786 716 1515 506 373 133 541 269 594 1577 1288 63 1572 324
internal_count=37113 32437 4676 18514 13923 7174 11340 3831 2539 1927 2077 11846 8169 1943 845 10056 1292 7580 5715 1865 5247 3732 3677 350 1284 592 2476 1672 804 6226 636 1402 2289 159 674 610 5590 1945 344 1601 314 1287 3332 1380 1952 1999 427 345 786 716 1515 506 373 133 541 269 594 1577 1288 63 1572 324
cat_boundaries=0 2 4 6 7 9 11 12 13 14 16 17 19 21 22 24 25 27 29 30 31 32 33 34 36 38 40 41 43 45 46
cat_threshold=1997227805 249480 6492426 596224 2788169058 348944 1296 2151710784 36 1518895649 1187929 720 387 1592 269026833 3200 3075 9449632 1323013 67388932 1048582 906118408 570425346 328192 1793 16860424 128 269090816 99328 2095 2304 2740 16 16 571478112 4624 805830848 33424 537919681 311952 2053 2155118594 262211 0 279312 26
is_linear=0
shrinkage=0.05


Tree=67
num_leaves=63
num_cat=20
split_feature=20 16 17 20 2 1 4 1 1 2 1 1 1 2 1 21 21 1 1 16 5 1 19 17 1 11 17 18 11 19 5 18 8 11 2 21 1 19 17 19 19 11 2 19 19 11 16 20 22 22 8 17 21 2 22 1 8 11 17 18 19 20
split_gain=11.2962 7.44411 5.47498 4.95406 4.9172 4.33907 4.12955 4.53112 4.27342 3.8472 4.48651 4.04843 3.02432 2.99888 4.71842 2.95036 3.91259 3.12318 2.77669 2.76047 2.63511 2.58393 2.56975 2.42758 2.12248 2.0101 2.00815 1.96506 2.8388 1.92577 1.98182 1.91354 1.89473 1.8744 1.86557 1.85026 1.83732 1.83122 2.25205 1.74326 2.73463 1.7284 1.7273 1.71428 1.7074 1.69339 1.73359 1.64844 1.57889 1.55502 1.53474 1.49405 1.35785 1.34901 1.71437 1.94246 1.38813 1.43364 1.27337 1.26113 1.25602 1.48616
threshold=125.50000000000001 1.2857160831267309 0.61536805492666291 295.50000000000006 0 1 2 3 4 5 6 7 8 9 10 7.5000000000000009 274.16666666666669 11 12 1.0259625827648244 45.500000000000007 13 1893.53 1.1048000227672057 14 6224.1100000000015 0.93107345018391097 2.2706612513758255 1064.4750000000001 764.59500000000014 21.500000000000004 1.5250891485143871 508.99000000000007 1440.5950000000003 15 99.354166666666671 16 1152.8300000000002 2.2462255873870092 1726.4250000000002 2666.9950000000003 619.52500000000009 17 1657.2750000000005 627.72500000000002 6730.8250000000007 0.9702945187864298 76.500000000000014 12.771096119656775 31.046045237836697 1298.9250000000004 1.7142848027942685 80.436507936507951 18 40.200025664965729 19 432.19000000000005 3492.3050000000007 2.5130660756344763 0.33690938860700281 1106.9100000000001 315.50000000000006
decision_type=2 2 2 2 1 9 9 9 9 1 9 9 9 1 9 2 2 9 9 2 2 9 2 2 9 2 2 2 2 2 2 2 2 2 1 2 9 2 2 2 2 2 1 2 2 2 2 2 2 2 2 2 2 1 2 9 2 2 2 2 2 2
left_child=1 4 36 12 19 45 8 31 29 11 -11 -9 53 14 -14 41 17 34 37 24 49 -18 25 -21 27 32 -27 28 -1 44 -31 33 -7 -8 -17 -19 -3 38 -15 50 -41 -5 -37 -22 -4 -6 -47 -24 -29 -20 -10 -23 -26 -2 56 -56 -55 -58 60 -53 61 -43
right_child=3 2 6 15 5 22 7 9 39 10 -12 -13 13 18 -16 16 21 35 20 23 43 51 47 -25 52 26 -28 48 -30 30 -32 -33 -34 -35 -36 42 -38 -39 -40 40 -42 58 -44 -45 -46 46 -48 -49 -50 -51 -52 59 -54 54 55 -57 57 -59 -60 -61 -62 -63
leaf_value=-0.24836940538788888 -0.041889471286772562 0.1179482571767892 0.2136248458741119 1.239471337841036 0.084955674827828717 -0.089866603889965549 0.34671227698158025 -0.26867961136751256 -0.043083638468559116 0.034548744972803296 -0.10659939275188074 -0.088731397578983365 -0.017397522851365466 -0.051940160889317612 0.53476544246617974 -0.19975515072707495 2.857649855507626 -1.6857952893928152 -0.33614311387920637 -0.32614040530941751 0.5094432935555514 3.4081843642517216 -0.36866067272543912 -0.019838982273615358 -0.41205508580830141 -0.53206877300221711 -0.086730100976038754 -0.34177653719200729 -0.47348427584018965 1.4612317495014242 -0.0011777485909348685 0.25343215415520642 0.06455266321592 -0.095025297404528974 1.6595690261133171 -0.80931767804468679 -0.39917167856695779 -0.32939551877101148 1.2499270822995301 -0.61755280836196469 0.090720658808708082 -0.24339774034955042 0.2721393322574045 -0.089461206389673018 0.88834173155526563 0.039625647823705812 -0.15870988735219493 0.28791761046325387 0.083314143649026562 0.1092894882479481 0.36614527513183931 -1.5071826461054714 0.236001529960879 -0.11474857845595637 0.66911811080789152 -0.40283094174920786 -0.90244998740024307 0.31976593085363092 3.939535038276766 0.91771337904472294 -0.33965132694945627 2.489687220198272
leaf_weight=100 746 107 1148 377 890 1759 643 1687 1357 4945 3058 3445 1586 2334 1771 118 109 94 222 69 1121 45 387 491 349 74 243 27 331 54 725 465 331 776 213 261 520 870 221 173 94 64 334 172 73 49 42 60 53 202 201 83 109 84 110 114 209 29 346 212 74 157
leaf_count=100 746 107 1148 377 890 1759 643 1687 1357 4945 3058 3445 1586 2334 1771 118 109 94 222 69 1121 45 387 491 349 74 243 27 331 54 725 465 331 776 213 261 520 870 221 173 94 64 334 172 73 49 42 60 53 202 201 83 109 84 110 114 209 29 346 212 74 157
internal_value=-0.000371134 -0.000985385 -0.000527627 0.000867193 -0.00263648 -0.00164371 -0.000371412 -0.00074674 0.00108781 -0.00107811 -0.000383608 -0.00214772 0.000354809 0.00070195 0.00186202 0.00286145 0.00137568 -0.000293255 -4.84966e-05 -0.00504215 0.00157514 0.00525442 -0.00263341 -0.00213144 -0.00671296 -0.00196058 -0.00570312 -0.00901718 -0.0105415 0.00268256 0.000671355 0.00152873 -0.00136168 0.000580169 0.00356105 -0.00224359 -0.00511905 -0.000879872 -0.000185692 -0.000639282 -0.00435185 0.00494613 -0.00112876 0.00271991 0.00394199 0.00118209 -0.00505319 -0.00616667 -0.00120482 -0.00175644 0 0.00254958 -0.0037155 -0.00187739 -0.00375671 -0.000220264 -0.00615385 -0.00809129 0.00656056 0.0010906 0.00377517 0.00569196
internal_weight=37113 24835 19471 12278 5364 3835 18844 15019 3825 13135 8003 5132 9791 8499 3357 2487 1469 1020 5142 1529 1717 449 2854 560 969 2407 317 511 431 2000 779 1884 2090 1419 331 689 627 3425 2555 1825 267 1018 595 1293 1221 981 91 447 80 424 1558 340 458 1292 546 224 322 238 641 295 295 221
internal_count=37113 24835 19471 12278 5364 3835 18844 15019 3825 13135 8003 5132 9791 8499 3357 2487 1469 1020 5142 1529 1717 449 2854 560 969 2407 317 511 431 2000 779 1884 2090 1419 331 689 627 3425 2555 1825 267 1018 595 1293 1221 981 91 447 80 424 1558 340 458 1292 546 224 322 238 641 295 295 221
cat_boundaries=0 1 3 4 6 8 9 11 13 15 16 18 20 22 24 26 27 29 30 31 32
cat_threshold=1426 2264024372 1606818 48 340672528 157760 2207851205 1167911 2129 536979081 856201 71393 626693 124133376 538640 2016 2157450462 1569 2215641103 86545 939541921 378086 133 344064 2719485987 69649 2563 4128 331792 3462 2613 100933632
is_linear=0
shrinkage=0.05


Tree=68
num_leaves=63
num_cat=13
split_feature=20 6 1 7 10 1 1 22 7 5 23 16 7 17 5 10 1 1 5 19 10 1 20 1 10 18 1 9 20 6 22 10 9 9 13 17 9 10 1 1 9 20 17 6 3 1 22 5 19 6 5 18 19 10 7 19 5 9 10 6 20 1
split_gain=10.3725 8.62446 5.73963 5.41897 7.78039 6.2274 4.89553 4.36668 4.78638 3.9536 3.24134 3.08885 2.92628 3.20091 3.02685 2.88931 3.10008 2.82302 2.78179 2.63917 2.48419 2.4438 2.32593 2.38217 2.00804 2.76157 1.98637 2.01924 1.94644 1.7018 1.7014 1.68966 1.66442 1.58943 1.5602 3.18151 1.68514 3.12709 2.35701 1.5529 1.50128 1.44567 1.3569 1.31102 1.57087 1.3099 1.9814 1.27167 1.29423 1.24311 1.19527 1.19204 1.17009 1.1599 1.12325 1.09227 1.08319 1.07248 1.89073 0.992314 0.951309 1.53888
threshold=295.50000000000006 3650.2500000000005 0 540.15500000000009 2253.4550000000004 1 2 20.500871028736459 452.25000000000006 16.500000000000004 20.500000000000004 1.8772336829562402 1.0000000180025095e-35 0.66986026768764362 66.500000000000014 2376.1000000000004 3 4 201.50000000000003 944.28499999999997 1277.345 5 8.5000000000000018 6 908.37000000000023 2.067242434056642 7 413.35000000000014 16.500000000000004 5898.4900000000007 1.0000000180025095e-35 989.1350000000001 1213.8450000000003 177.88000000000002 1.5000000000000002 1.7955599633226662 1748.3950000000002 1528.3300000000004 8 9 1450.8800000000003 47.500000000000007 1.9211189828285065 1734.8500000000001 10 11 38.891301510102274 336.50000000000006 4089.6550000000011 2012.74 12.500000000000002 0.75913222425543403 2825.1550000000007 1115.8100000000002 275.60000000000008 1470.4400000000001 332.50000000000006 2149.3700000000003 3664.0200000000004 2012.74 385.50000000000006 12
decision_type=2 2 9 2 2 9 9 2 2 2 2 2 2 2 2 2 9 9 2 2 2 9 2 9 2 2 9 2 2 2 2 2 2 2 2 2 2 2 9 9 2 2 2 2 1 9 2 2 2 2 2 2 2 2 2 2 2 2 2 2 2 9
left_child=1 3 47 4 5 24 34 8 26 39 29 22 14 -14 -7 18 -17 30 -11 42 31 54 -6 -24 28 -26 27 -4 -1 -10 50 41 -13 -28 36 49 37 -5 -38 -8 -34 -9 -19 -21 -45 -32 55 48 57 -36 -2 -48 -12 -41 -22 -47 -44 -3 -59 -46 61 -52
right_child=17 2 7 6 11 12 9 20 10 15 52 32 13 -15 -16 16 -18 19 -20 43 21 -23 23 -25 25 -27 33 -29 -30 -31 45 -33 40 -35 35 -37 38 -39 -40 53 -42 -43 56 44 59 46 51 -49 -50 -51 60 -53 -54 -55 -56 -57 -58 58 -60 -61 -62 -63
leaf_value=1.0719732234457688 -0.82270604139435055 0.26127548261350103 -0.61696024627927315 0.007237257274021758 0.10191615823432586 -0.54867421274434569 -0.84050870453466975 -0.70660817052686442 -0.11691439523449497 0.25793862553096575 0.05504356675610609 -0.27156561849962063 -0.46728892889374712 -0.091254080415775277 0.15181855655376283 -0.10617226250232142 0.048291223321690425 -0.18281981171376957 0.046046895252584367 -1.8129741454307891 0.24796065618444044 -0.21594786149647743 -0.37181601054654129 -0.22380395610135545 -0.064339014773182157 0.18416833412192821 0.26896465375956602 -0.12872184820861979 0.099586808342915847 -0.30680509637006959 -0.46096234080278864 -0.81796905246370533 0.53016371048716493 -0.47205354272723704 0.13304295620189679 -1.1256537745038286 -0.072991527066302284 -0.14905932649286521 0.33812214046844108 -0.60196519048960162 0.019522122130482523 0.029068528289136 1.1050710701200814 0.46119273128106358 2.7922960627803644 0.093271820977608402 2.2037019661320119 -0.87435760760089998 -0.44896463334066183 -0.11185623657865698 8.9998974345917304e-05 0.14389794077555962 -0.35878563960069737 0.013246098522816042 0.0068761137860674287 -2.7631841680366649 3.7396584833625641 -0.56725308445737355 0.58069198154932955 -1.088742668700408 3.5608834891923777 2.3099526192711979
leaf_weight=413 20 329 63 1718 45 239 108 31 692 5052 138 103 510 7394 1223 1052 1369 132 3338 55 106 296 342 447 1843 124 25 323 2355 346 144 136 32 355 50 147 316 1358 291 172 88 137 461 348 42 40 106 27 65 110 154 40 28 313 876 21 43 39 62 256 411 214
leaf_count=413 20 329 63 1718 45 239 108 31 692 5052 138 103 510 7394 1223 1052 1369 132 3338 55 106 296 342 447 1843 124 25 323 2355 346 144 136 32 355 50 147 316 1358 291 172 88 137 461 348 42 40 106 27 65 110 154 40 28 313 876 21 43 39 62 256 411 214
internal_value=-0.000372481 -0.000597765 -0.00275938 -0.000307642 -0.000979487 -0.000664705 0.000350718 -0.00347826 -0.00506842 0.000880266 -0.00302403 -0.00511792 -0.00141273 -0.00179588 0.000614334 0.00110274 -0.000402228 0.00274096 0.00154295 0.00109259 -0.00148265 -0.000468384 -0.00651135 -0.0071654 0.000805602 -0.000393401 -0.00819246 -0.00488722 0.00167809 -0.00408261 0.00455718 -0.00553746 0 -0.0109415 -0.00114914 -0.00459677 -0.000847802 -0.0013316 0.00151639 -0.00306208 0.00406504 -0.00175439 0.00344288 -0.000958807 -0.000231125 0.00148305 0.00397727 0.00205607 0.00276104 0 0.00589152 0.00738255 0.00325444 -0.00155622 0.000703518 -0.00273438 0.00463511 0.00381062 -0.000240385 -0.00289389 0.00623402 0.00404313
internal_weight=37113 34626 4074 30552 15158 14101 15394 3552 1970 11404 1204 1057 9366 7904 1462 10811 2421 2487 8390 1337 1582 1278 834 789 4735 1967 766 386 2768 1038 1150 304 223 380 3990 307 3683 3076 607 593 120 168 636 701 646 351 207 522 495 160 799 146 166 485 982 61 504 430 101 298 779 368
internal_count=37113 34626 4074 30552 15158 14101 15394 3552 1970 11404 1204 1057 9366 7904 1462 10811 2421 2487 8390 1337 1582 1278 834 789 4735 1967 766 386 2768 1038 1150 304 223 380 3990 307 3683 3076 607 593 120 168 636 701 646 351 207 522 495 160 799 146 166 485 982 61 504 430 101 298 779 368
cat_boundaries=0 2 4 6 8 10 12 14 16 18 20 21 23 25
cat_threshold=2153776176 172167 2522728021 706060 2289444164 568710 385945761 584 353633991 377369 536904133 344592 2718437378 17152 536871106 512 262212 128 8945664 327681 5 128 344064 67371136 33280
is_linear=0
shrinkage=0.05


Tree=69
num_leaves=63
num_cat=27
split_feature=20 16 2 6 20 1 4 2 1 1 1 11 22 2 1 1 16 1 2 2 2 1 2 1 16 1 4 11 5 4 5 15 1 1 19 1 15 22 11 19 9 2 8 20 1 11 15 10 9 1 5 16 22 11 11 10 20 1 5 11 8 20
split_gain=9.61049 6.22086 5.99376 4.2809 4.2684 4.02503 3.66828 4.34743 5.12097 4.50296 3.87184 3.2369 2.87791 2.80228 3.04952 2.9455 2.68606 2.60189 2.58573 2.5339 2.47241 2.35792 2.66378 2.32415 2.21787 2.09966 2.01974 1.96812 1.90726 1.78556 1.77516 1.90764 2.95982 2.63746 1.68762 1.67112 1.64781 1.55727 1.5522 2.05233 1.57937 1.54883 1.52598 2.19459 1.52289 2.20334 1.50584 1.49264 1.94936 1.47313 1.46528 1.44424 1.41293 1.4123 2.08855 2.0851 1.61844 1.39444 1.56504 1.3588 2.10493 1.32051
threshold=125.50000000000001 1.0336951205271083 0 4774.3700000000017 295.50000000000006 1 2 3 4 5 6 4205.3050000000012 -1.0000000180025095e-35 7 8 9 0.36811305843325343 10 11 12 13 14 15 16 1.5000027216611571 17 18 619.52500000000009 10.500000000000002 19 10.500000000000002 2.5000000000000004 20 21 608.84999999999991 22 4.5000000000000009 15.918801154595231 2239.4400000000005 222.93999999999986 1152.7900000000002 23 63.055000000000007 250.50000000000003 24 1839.9300000000001 1.5000000000000002 2323.275000000001 1947.0150000000001 25 258.50000000000006 1.5222987751454828 14.137647161115176 1064.4750000000001 3924.8800000000006 4897.2600000000011 74.500000000000014 26 258.50000000000006 5787.0250000000005 467.53000000000009 565.00000000000011
decision_type=2 2 1 2 2 9 9 1 9 9 9 2 2 1 9 9 2 9 1 1 1 9 1 9 2 9 9 2 2 9 2 2 9 9 2 9 2 2 2 2 2 1 2 2 9 2 2 2 2 9 2 2 2 2 2 2 2 9 2 2 2 2
left_child=1 2 25 6 13 16 10 8 -8 -9 19 20 27 14 46 28 37 34 -11 -3 -12 24 -23 -10 -5 53 -16 -6 -15 57 -17 33 -33 -32 -14 -21 -30 -4 39 -18 -40 50 -28 -44 51 -46 -2 -27 -49 -29 -36 -24 -50 -1 56 -56 -55 -7 -59 60 -31 -19
right_child=4 3 5 21 12 29 7 9 23 18 11 -13 17 15 26 30 38 61 -20 35 -22 22 44 -25 -26 47 42 49 36 59 31 32 -34 -35 41 -37 -38 -39 40 -41 -42 -43 43 -45 45 -47 -48 48 52 -51 -52 -53 -54 54 55 -57 -58 58 -60 -61 -62 -63
leaf_value=-0.28075757348548774 1.4931531033036991 -0.09014235952632639 -0.030673887449940197 0.32850694204335729 1.0086251220570632 -0.14845461551926784 0.035880808455586437 -0.10263516430708181 -0.12750345875891986 0.17979776673469702 -0.20077266569475682 0.14964032778224379 -0.075086732679801579 0.74720472040868846 0.10840162783323599 -0.46168249529246386 0.97500897933885577 0.11720716226514086 -0.0026542972530386069 0.50787517803751925 0.010568220849336285 -0.33192259715355288 -0.3536825288539408 -0.22334977057555092 -0.16842071215541488 -0.052476394696983154 -1.2011710810186622 0.47418746026534681 -0.25604687093492162 -0.18288727974279206 0.42559853049437635 0.52795068945495094 0.091142032642459014 -0.11139515510969318 -0.59069852622496988 0.14018594680573812 0.4533670206376087 0.43262482833177884 -0.50826487780089769 -0.14911355384798419 -0.026394236254563098 2.539528179780294 -0.42429913822444121 1.2286199910691948 -1.1973833448931661 -0.03885513648176922 0.46121536287141257 -0.62206969925984945 -0.48041423103574454 2.6636953563790287 2.589477641361714 0.40534970004704329 0.062988333469125024 -0.47572002820040782 -0.037864795595993789 -0.59737312505761708 -0.49592464450898111 -0.00020860462215672727 0.46834455071016878 -0.22722745494013843 0.073288661443692157 -1.7120312339072485
leaf_weight=102 100 295 103 90 370 207 1748 2363 4072 2166 703 421 95 49 746 185 31 1044 4275 342 1407 542 35 1147 184 246 72 121 1607 1254 807 342 2353 2099 64 841 51 264 75 86 257 150 311 42 31 284 1027 87 24 510 46 67 72 277 111 33 29 157 77 197 133 87
leaf_count=102 100 295 103 90 370 207 1748 2363 4072 2166 703 421 95 49 746 185 31 1044 4275 342 1407 542 35 1147 184 246 72 121 1607 1254 807 342 2353 2099 64 841 51 264 75 86 257 150 311 42 31 284 1027 87 24 510 46 67 72 277 111 33 29 157 77 197 133 87
internal_value=-0.000372481 -0.000939085 -0.00279739 -0.000598354 0.000769481 -0.00158549 -0.000417025 -0.000761847 -0.00169413 -1.70126e-05 0.000926156 -0.000245676 0.00262048 0.000293547 0.0018174 -0.000169864 0.0013269 0.00117529 0.00066238 0.00295104 -0.00106484 -0.00345874 -0.00460391 -0.00247993 0.000522648 -0.00616197 0 0.00470618 -0.00199128 -0.00278459 0.000362131 0.000530871 0.00149185 -0.000343761 0.00482337 0.00399247 -0.00231788 0.00452703 -0.0011615 0.00354167 -0.00298507 0.00703422 -0.00268265 -0.00119382 -0.00133721 -0.003125 0.00366228 -0.00311086 -0.00658602 0.00642744 0.00121951 0.00347826 -0.0010101 -0.00831858 -0.00971302 -0.00408163 -0.0121359 0 0.00263158 -0.00356919 -0.00296763 0
internal_weight=37113 24835 3822 21013 12278 2841 19780 15771 6967 8804 4009 2531 2487 9791 2298 7493 816 1486 6441 1478 2110 1233 959 5219 274 981 1171 1001 1707 2025 5786 5601 2695 2906 355 1183 1658 367 449 117 332 260 425 353 417 315 1127 429 183 631 110 102 96 552 450 144 306 441 234 1584 1387 1131
internal_count=37113 24835 3822 21013 12278 2841 19780 15771 6967 8804 4009 2531 2487 9791 2298 7493 816 1486 6441 1478 2110 1233 959 5219 274 981 1171 1001 1707 2025 5786 5601 2695 2906 355 1183 1658 367 449 117 332 260 425 353 417 315 1127 429 183 631 110 102 96 552 450 144 306 441 234 1584 1387 1131
cat_boundaries=0 1 3 4 5 7 9 11 12 14 16 18 19 20 21 23 24 26 28 29 30 32 34 36 37 38 40 42
cat_threshold=1426 2194687037 558242 48 2137 2414273296 85042 2326803266 1574694 2491490917 1561127 800 832087649 345226 90580004 548034 1048583 344592 768 272 1318 16 533121 2499 806879374 303744 2719486002 70161 28 16 143704834 1187852 2450067457 164360 2147491905 1048581 2819 536870912 2359321 66048 536903744 66048
is_linear=0
shrinkage=0.05


Tree=70
num_leaves=63
num_cat=7
split_feature=6 21 21 0 2 8 21 2 15 22 17 6 6 17 18 8 11 8 6 9 8 18 13 15 18 15 21 2 12 11 17 10 10 2 18 8 12 17 8 6 18 10 10 22 21 17 9 22 8 2 17 18 15 10 11 10 2 21 21 18 10 21
split_gain=8.87018 5.10186 5.07374 4.50402 7.75198 6.09662 5.81222 11.3477 5.95161 6.6958 4.10671 4.7463 3.83483 3.71786 3.48665 3.21024 3.12103 2.79457 2.69472 2.69313 2.60813 2.38473 2.49275 2.36329 2.32262 2.07367 1.84307 1.69023 1.64797 1.63675 1.7816 1.61394 1.59228 2.12594 1.68615 1.56182 1.53609 1.48805 1.41959 2.00709 1.43479 1.37755 1.27706 1.2764 1.43871 1.24098 2.22085 1.23463 1.20935 1.15633 2.06779 2.66961 0.962173 0.948303 1.37396 0.929394 0.886264 1.3841 1.26344 0.872128 0.84 0.830028
threshold=3650.2500000000005 39.535885167464123 295.25000000000006 0 1 615.23500000000013 58.027777777777786 2 1.5000000000000002 11.472100537918161 2.2265362457016349 2012.74 1376.8900000000001 1.4261482695730368 0.86052872023285876 586.06500000000017 3392.8900000000003 603.6350000000001 2012.74 1277.3550000000005 165.35500000000005 2.3490184965274037 1.0000000180025095e-35 7.5000000000000009 0.7993825726450714 2.5000000000000004 86.77500000000002 3 1.5000000000000002 5673.5700000000006 1.5704428808759481 1087.4850000000004 1277.345 4 0.62631230132197879 907.57000000000005 1.0000000180025095e-35 0.31130587915950542 323.43500000000006 1376.8900000000001 0.82591208151906648 1579.0900000000001 8060.2050000000008 291.43483897748536 555.50000000000011 0.90418370714450924 2166.4450000000006 21.630996154985052 502.04000000000002 5 2.1158028339427752 0.29792055225158653 4.5000000000000009 1033.3750000000002 847.57000000000005 743.04500000000007 6 22.509259259259263 22.509259259259263 0.98404050978874158 970.60500000000013 332.25000000000006
decision_type=2 2 2 1 1 2 2 1 2 2 2 2 2 2 2 2 2 2 2 2 2 2 2 2 2 2 2 1 2 2 2 2 2 1 2 2 2 2 2 2 2 2 2 2 2 2 2 2 2 1 2 2 2 2 2 2 1 2 2 2 2 2
left_child=2 17 3 4 13 15 7 8 36 -10 25 -12 20 21 24 16 -6 -2 55 -17 -9 22 -1 38 32 -7 -26 35 -20 30 52 -19 34 47 -3 48 -5 -14 40 -40 -8 -35 56 44 49 -37 -47 -34 -16 61 -51 -52 -29 54 -46 -15 57 -33 -58 -32 -45 -4
right_child=1 14 43 6 5 10 23 12 9 -11 11 -13 37 18 27 19 -18 31 28 -21 -22 -23 -24 -25 26 -27 -28 29 -30 -31 59 42 33 41 -36 45 -38 -39 39 -41 -42 -43 -44 60 53 46 -48 -49 -50 50 51 -53 -54 -55 -56 -57 58 -59 -60 -61 -62 -63
leaf_value=0.20871756936019353 -0.31447476601800944 -0.2138673362780466 0.61180581045913984 3.4912425582155353 -0.066672180559068303 -0.20643705245399246 0.071675893893028683 -0.33801126345524612 -2.0016609185570191 -0.49863692398160214 3.2792441025276222 0.24835033525588504 0.62678439604892633 1.1933893508254798 0.34689508584363549 -0.59994566695382834 -0.18600455926334158 0.22248341369972735 0.2495120301753346 0.25662096454259181 0.040570943275077202 0.66640525723463218 -0.059619668225038683 -0.50790198412095744 -0.44887283518346238 0.02126047927411321 -0.016593991384401718 0.084255816414642484 -1.0855257232855604 -0.1130658235005134 -1.1103037673957641 -0.38546131645584758 -0.62801237254354525 0.26443951270790561 -1.2590270105817822 -0.45108837878424524 -3.4029087106522358 -0.15213752818376156 0.14399801363178463 -0.038406848334672367 -0.32148005855758444 -0.023813858615711683 0.30126513663932608 1.2277839662138215 -2.2222027465717646 0.73847318599734602 0.22459815257917395 -0.12242880092864539 -0.40130836520828606 -0.063460020424264491 -0.54680744193352948 2.5338936812128248 0.39962816612715724 -3.3027706372558572 1.9545133896417468 1.1267608694564204 -0.21100573866894834 0.035516269540530492 -0.20619263947915326 0.25645209914062689 -1.6778083539809132 2.3635775660024581
leaf_weight=685 634 495 134 59 7287 1581 544 210 267 230 219 2242 34 179 28 303 542 111 3195 27 1693 73 1527 60 81 4075 48 67 62 322 44 173 70 194 43 22 56 2105 2158 1838 495 676 27 22 34 56 112 103 48 244 76 202 104 20 29 189 208 205 226 47 30 243
leaf_count=685 634 495 134 59 7287 1581 544 210 267 230 219 2242 34 179 28 303 542 111 3195 27 1693 73 1527 60 81 4075 48 67 62 322 44 173 70 194 43 22 56 2105 2158 1838 495 676 27 22 34 56 112 103 48 244 76 202 104 20 29 189 208 205 226 47 30 243
internal_value=-0.00034015 -0.00251989 -6.44486e-05 -0.000177688 0.00021407 -0.00034686 -0.00107414 -0.0023513 -0.00864 -0.01115 0.000618842 0.00232346 -0.00135635 0.00176431 -0.00111198 -0.00131402 -0.00110125 -0.0047574 0.00276323 -0.00615616 0.000249213 0.000163899 -0.000112867 8.3366e-05 -0.00242265 -0.000114861 -0.00890152 0.00146542 0.00227761 0 0.00283019 -0.00293809 -0.00184659 -0.000645315 -0.00406654 0.0046595 0.00105932 -0.00281279 0.000213378 0.000650163 -0.00141555 0.000339751 -0.0037114 0.00337512 0.00380711 0.00725389 0.00877193 -0.00551075 -0.000632911 0.00440687 0.00252336 0.00551601 0.0058908 -0.00203488 0.000378788 0.00687332 -0.00411043 -0.00191816 -0.0057047 -0.00239362 -0.00363636 0.00660256
internal_weight=37113 4144 32969 31935 22186 16276 9749 4654 612 497 8117 2461 4042 5910 2560 8159 7829 1584 3625 330 1903 2285 2212 5095 1710 5656 129 850 3257 584 262 950 1581 1043 538 266 115 2139 5035 3996 1039 870 839 1034 982 190 168 173 76 899 522 278 171 83 63 368 812 378 434 91 52 377
internal_count=37113 4144 32969 31935 22186 16276 9749 4654 612 497 8117 2461 4042 5910 2560 8159 7829 1584 3625 330 1903 2285 2212 5095 1710 5656 129 850 3257 584 262 950 1581 1043 538 266 115 2139 5035 3996 1039 870 839 1034 982 190 168 173 76 899 522 278 171 83 63 368 812 378 434 91 52 377
cat_boundaries=0 1 2 3 4 5 6 7
cat_threshold=1 800 256 1604 2176 1720 1740
is_linear=0
shrinkage=0.05


Tree=71
num_leaves=63
num_cat=10
split_feature=6 7 10 2 8 13 15 23 18 10 10 0 5 6 7 2 0 12 6 23 2 23 10 11 19 7 16 4 9 11 0 5 6 9 8 2 0 9 19 18 2 16 11 7 6 19 8 15 11 9 8 6 18 11 5 5 5 19 9 10 19 11
split_gain=7.87555 6.10576 5.39278 5.09585 3.80987 3.7396 3.43474 3.69392 3.12919 3.0167 2.92794 3.02904 3.04906 2.83296 3.27674 2.80752 3.15647 2.79141 2.78457 2.99264 2.41784 2.41071 2.59151 3.99114 2.3244 2.31234 2.77899 2.13854 2.13637 2.31512 2.12754 3.01367 2.09906 2.00272 2.68666 2.34696 1.99987 1.89632 1.73304 1.65977 1.65936 1.64675 1.60702 1.57546 1.56573 1.5263 1.48967 1.48206 1.45552 2.12407 1.45296 1.43023 1.37088 1.31243 1.30069 1.29552 1.19943 1.26365 1.1808 2.6236 1.17735 1.12776
threshold=2501.0100000000007 720.80000000000018 1071.5250000000003 0 310.62500000000006 1.0000000180025095e-35 2.5000000000000004 2.5000000000000004 3.4576780980483894 711.05500000000018 2427.8750000000005 1 194.50000000000003 1376.8900000000001 -1.0000000180025095e-35 2 3 1.5000000000000002 6744.7200000000003 1.5000000000000002 4 1.0000000180025095e-35 2784.1700000000005 5165.4550000000008 158.88499999999968 615.23500000000013 0.4055013137236046 5 541.18000000000018 1574.3850000000002 6 183.50000000000003 2012.74 1090.6450000000002 737.3950000000001 7 8 1440.8850000000004 680.11000000000001 1.6879686430381551 9 1.105495581393001 1952.8300000000002 467.53000000000009 2012.74 1.0000000180025095e-35 467.53000000000009 9.5000000000000018 1539.2150000000001 803.86000000000001 480.17000000000002 8525.1000000000022 0.20939439499591339 1922.2000000000003 81.500000000000014 4.5000000000000009 235.50000000000003 2066.6350000000007 2911.7150000000006 2824.145 1800.4600000000003 2296.2650000000008
decision_type=2 2 2 1 2 2 2 2 2 2 2 1 2 2 2 1 1 2 2 2 1 2 2 2 2 2 2 9 2 2 1 2 2 2 2 1 1 2 2 2 1 2 2 2 2 2 2 2 2 2 2 2 2 2 2 2 2 2 2 2 2 2
left_child=1 2 4 30 5 13 7 9 18 -6 33 20 -13 54 -15 48 17 32 25 -20 -12 -18 24 -24 -23 26 60 42 29 -7 51 -32 39 34 45 46 -37 -34 -29 -17 47 -28 -8 -42 -9 -4 -35 -21 -3 -50 -14 52 -2 -27 -1 -55 -54 -58 59 -53 -5 -36
right_child=3 15 10 8 6 28 27 44 -10 -11 11 12 50 14 -16 16 21 -19 19 40 -22 22 23 -25 -26 53 41 38 -30 -31 31 -33 37 35 61 36 -38 -39 -40 -41 43 -43 -44 -45 -46 -47 -48 -49 49 -51 -52 58 56 55 -56 -57 57 -59 -60 -61 -62 -63
leaf_value=-0.75192180398898789 -0.50016686639488628 1.1292441237506605 -0.021841637913628455 0.078664582477465939 0.34790087832393796 -0.15392486796911273 0.5060021575747804 -0.079448315472351538 0.55350621137456602 -0.17285661366267249 -0.24983043754676404 -0.43505027412343367 -0.29244481999103583 -3.5306765879996962 0.46981670908577017 1.3598658526655734 -0.99853271328383153 -1.789182029408275 -0.74664753825744123 0.10072488043019111 0.21292931993142261 0.23058661688953219 -0.53359423232676517 -0.03466603423629238 -1.1971033335720467 0.056454767760170201 -0.27608503071413182 -0.023230001956420845 0.15282990679308101 -0.28633708749051262 -0.84406246803492135 0.060154683022241251 0.074357592443852386 -0.03946522225153011 -1.0988663872571636 0.026575210695378361 -0.18966343575412986 0.33042922246348216 0.50322044459694126 -0.38191442505685558 -0.52181697094710844 -0.15933241782765073 0.018621163217332183 -0.10529304040499349 -0.95006722790454323 -0.19908616258375533 0.20675496576723287 -0.38292977997146987 -0.23374703220464463 0.22078025167385107 0.022457972671357497 0.37077225074484094 0.11765569306437484 -0.91279959170721137 0.097040056955247422 -0.062795166045100714 -0.33795814895620391 0.29560616626406644 0.35474349688034956 -0.58112834687795001 -0.15037249026344954 -0.18924981354242548
leaf_weight=107 125 622 2698 334 2721 2635 1354 286 37 737 101 359 80 55 804 294 227 101 131 122 174 796 111 297 60 1015 569 706 361 195 85 82 2322 142 67 657 438 712 302 43 153 2934 293 409 319 1573 420 46 172 1745 184 31 1691 47 128 3362 79 26 22 45 297 73
leaf_count=107 125 622 2698 334 2721 2635 1354 286 37 737 101 359 80 55 804 294 227 101 131 122 174 796 111 297 60 1015 569 706 361 195 85 82 2322 142 67 657 438 712 302 43 153 2934 293 409 319 1573 420 46 172 1745 184 31 1691 47 128 3362 79 26 22 45 297 73
internal_value=-0.00033072 0.000159967 -0.000338026 -0.00140833 0.000347538 -0.000810401 0.00109359 0.000166011 -0.0019115 0.000809015 -0.00142775 -0.00410655 -0.00603035 0.00168642 0.00304524 0.00135909 0.000648111 0.00148201 -0.00197676 -0.00471644 8.99281e-05 -0.00125502 -0.00035517 -0.00364964 0.00116414 -0.00169373 -0.00255016 0.00249248 -0.00168284 -0.00215319 0.000750341 -0.00455882 0.00174126 -0.00102125 -0.0015802 0.000436747 -0.000879964 0.00130063 0.000587659 0.00551471 -0.00334243 -0.00310183 0.0035994 -0.0046087 -0.00341283 -0.00133949 0.00304348 0.000828729 0.00271356 0.00199219 -0.00168539 0.00122404 0.00154626 -0.000880958 -0.00304622 -0.00135551 0.00191773 -0.00300926 -0.00445545 -0.00759494 0.000433754 -0.00839161
internal_weight=37113 25471 17969 11642 11003 4285 6718 4063 9456 3458 6966 898 623 1094 859 7502 4963 3472 9419 861 275 1491 1264 408 856 8558 4134 2655 3191 2830 2186 167 3371 6068 4411 1657 1095 3034 1008 337 730 3503 1647 562 605 4271 562 168 2539 1917 264 2019 1921 4424 235 3409 1796 105 98 76 631 140
internal_count=37113 25471 17969 11642 11003 4285 6718 4063 9456 3458 6966 898 623 1094 859 7502 4963 3472 9419 861 275 1491 1264 408 856 8558 4134 2655 3191 2830 2186 167 3371 6068 4411 1657 1095 3034 1008 337 730 3503 1647 562 605 4271 562 168 2539 1917 264 2019 1921 4424 235 3409 1796 105 98 76 631 140
cat_boundaries=0 1 2 3 4 5 6 7 8 9 10
cat_threshold=1792 1 106 1 2117 28 1 645 1 34
is_linear=0
shrinkage=0.05


Tree=72
num_leaves=63
num_cat=13
split_feature=20 6 1 8 1 7 1 6 1 10 7 0 1 7 1 1 21 1 1 8 5 7 8 1 7 1 21 18 10 18 21 21 1 22 7 5 11 6 21 22 7 21 22 18 11 5 18 20 10 20 5 10 11 11 11 14 22 20 18 11 6 7
split_gain=8.39801 5.53779 5.14731 4.95776 4.46599 5.33723 3.78617 3.36637 3.1682 3.15202 3.27995 3.14086 3.05592 2.43592 3.07179 2.69488 2.3492 3.08839 2.25 2.22363 2.25028 2.09744 2.04058 1.90458 1.86038 2.17012 1.80565 1.76989 2.08008 1.7411 1.72642 1.75178 1.69081 1.75268 2.05809 1.68487 1.59317 1.49618 1.48098 1.43703 1.94832 1.38728 1.38096 1.30142 1.29378 1.71495 1.31251 1.23682 1.2176 1.2075 1.12216 1.5822 1.08494 1.09714 1.07976 1.0792 1.07096 1.06756 2.28952 1.41651 0.994861 1.59721
threshold=295.50000000000006 2501.0100000000007 0 1240.0450000000003 1 619.82000000000005 2 6744.7200000000003 3 1071.5250000000003 480.17000000000002 4 5 690.69000000000017 6 7 38.509259259259267 8 9 85.330000000000013 282.50000000000006 661.36500000000012 172.32500000000002 10 719.94500000000016 11 136.22500000000002 0.12888644449468895 1061.0500000000002 1.0539320668456915 7.5000000000000009 103.29285714285716 12 17.3860206509104 363.51500000000004 262.50000000000006 5084.8350000000009 3372.3600000000001 63.029411764705891 15.717390441742744 402.08000000000004 49.572916666666679 28.741955281527797 0.16255742762796763 2066.7550000000006 82.500000000000014 0.75459347968565826 1.5000000000000002 2552.6200000000003 420.50000000000006 31.500000000000004 2050.5450000000005 3492.3050000000007 2657.9450000000006 3460.440000000001 1.5000000000000002 31.405280865271791 34.500000000000007 0.49226537478858551 3294.0250000000005 1376.8900000000001 1.0000000180025095e-35
decision_type=2 2 9 2 9 2 9 2 9 2 2 1 9 2 9 9 2 9 9 2 2 2 2 9 2 9 2 2 2 2 2 2 9 2 2 2 2 2 2 2 2 2 2 2 2 2 2 2 2 2 2 2 2 2 2 2 2 2 2 2 2 2
left_child=1 2 11 6 5 7 52 23 48 29 -11 13 -2 15 47 41 17 27 19 -18 -21 26 -17 37 35 -26 -7 -6 -29 -8 43 -32 38 -34 -35 -23 -25 -3 56 -9 -41 -1 -16 -14 45 -19 -46 -15 -5 -45 51 -10 53 -4 -52 -50 -13 58 -20 -59 -33 -62
right_child=12 4 3 8 16 21 9 39 50 10 -12 32 30 14 42 22 18 44 57 20 -22 24 -24 36 25 -27 -28 28 -30 -31 31 60 33 34 -36 -37 -38 -39 -40 40 -42 -43 -44 49 46 -47 -48 -49 55 -51 54 -53 -54 -55 -56 -57 -58 59 -60 -61 61 -63
leaf_value=-0.13850722658284234 1.4180701040841286 -0.54642788811323839 0.63637562142945614 0.1885173942559778 -0.68973161078121492 0.12402476149616036 0.038614527455095707 -0.82797545671708661 0.87157634122804817 -0.10626986041688902 -0.0044716062697620629 -0.092167722761139367 -1.0904657104176807 -0.19942624786656751 -0.11192650599385008 -0.14182631238139792 0.23716588961842505 -0.35985558843807869 -0.31411967770935423 -0.020876391738446288 -0.24209017884261819 -0.20467922872287261 0.024846786733488103 -0.36157265858709098 0.014790059976993675 -0.15306782869180627 3.2954346039762705 0.067731523555122672 -0.22155178010360466 0.22056234525541499 -1.6290606464624702 1.1623128992668512 -0.28143109544415096 -0.42370224373236437 0.017561013693654991 -0.71217723523140397 -0.048798185858253976 -0.142853865750277 0.058493047595752759 -0.49572612239975311 0.067377793503682781 -0.35584167200726213 0.16027562435328449 0.6280166850938379 -0.49629270823734972 0.4542719551184668 0.017567082192165275 0.80774048936159493 -0.61538326011938338 2.8318874726593339 0.85435352762325467 -0.77252030096822544 -0.61541929616662117 3.2849636220965319 0.44141653309065704 -0.017286137577204919 -0.48354726952992877 0.11568212051110366 0.61306521227846611 -0.07372128790360187 1.1803305462012972 -0.26207363653329879
leaf_weight=157 863 90 321 244 75 129 7162 104 88 2531 5399 386 80 49 428 558 161 117 60 1618 452 145 1213 741 1490 1042 24 253 708 1149 107 152 484 262 297 55 150 1467 372 99 44 293 256 332 73 283 157 247 94 242 584 61 28 43 491 142 78 1107 139 426 49 662
leaf_count=157 863 90 321 244 75 129 7162 104 88 2531 5399 386 80 49 428 558 161 117 60 1618 452 145 1213 741 1490 1042 24 253 708 1149 107 152 484 262 297 55 150 1467 372 99 44 293 256 332 73 283 157 247 94 242 584 61 28 43 491 142 78 1107 139 426 49 662
internal_value=-0.00032129 -0.000524127 -8.43296e-05 0.000303815 -0.00143819 -0.00244055 3.75691e-05 -0.0040493 0.00287053 -7.84422e-05 -0.000794151 -0.00149224 0.00247992 -0.000522784 0.00152594 -0.00145009 -0.000429812 -0.00200719 0.000220625 -0.00081328 -0.00127834 -0.000926247 -0.000518498 -0.00344757 -0.00126143 -0.00086785 0.00464744 -0.00367016 -0.00303423 0.000598388 0.00113012 -0.000154162 -0.00312168 -0.00447443 -0.00244662 -0.00591133 -0.00533739 -0.00227707 -0.00129564 -0.0097 -0.00565068 -0.00485961 -0.000286944 0.00312024 0.000699844 0.00248139 -0.00214592 0.00566343 -0.000507099 0.00398614 0.00420372 0 0.00481481 0.00572207 0.00480056 -0.00313808 -0.00321199 0.00157593 0.00507426 0.00109049 0.000548499 -0.00017507
internal_weight=37113 34626 23417 18337 11209 5580 16633 2695 1704 16241 7930 5080 2487 3201 980 2221 5629 1666 3963 2231 2070 2885 1771 2448 2732 2532 153 1036 961 8311 1624 970 1879 1043 559 200 891 1557 836 247 143 450 684 654 630 400 230 296 480 574 1224 149 392 364 1075 236 464 1732 199 1533 863 711
internal_count=37113 34626 23417 18337 11209 5580 16633 2695 1704 16241 7930 5080 2487 3201 980 2221 5629 1666 3963 2231 2070 2885 1771 2448 2732 2532 153 1036 961 8311 1624 970 1879 1043 559 200 891 1557 836 247 143 450 684 654 630 400 230 296 480 574 1224 149 392 364 1075 236 464 1732 199 1533 863 711
cat_boundaries=0 2 4 6 8 9 11 13 15 17 19 21 23 25
cat_threshold=186791014 1587532 4097774347 857360 1342242816 196608 2155872513 362018 1 117450309 377369 50335746 1058824 18874404 2048 32928 33441 4195536 180386 536936963 70656 2751992072 262160 153101348 4160
is_linear=0
shrinkage=0.05


Tree=73
num_leaves=63
num_cat=15
split_feature=20 21 7 15 10 23 21 21 2 9 2 22 20 7 0 6 2 0 6 2 20 11 13 10 18 20 2 4 5 20 9 20 21 2 2 9 6 21 15 11 15 22 18 2 15 2 23 2 7 22 6 18 7 9 10 20 11 18 20 2 18 2
split_gain=7.66293 5.47019 4.74321 3.94584 3.66694 4.47036 3.44283 3.63005 3.28026 3.40253 3.01127 2.57923 2.51494 2.358 2.61693 2.79742 2.46537 3.08817 2.28797 2.2431 3.95681 3.39255 2.34085 2.14134 2.08992 2.0588 2.04103 2.53213 2.21712 1.99832 1.93098 2.72149 1.90215 1.8719 1.77713 1.76186 1.75132 2.34471 1.74972 1.74303 1.68912 2.41265 2.32147 1.67444 2.16556 1.62525 1.54407 1.52523 2.536 1.80074 1.42116 1.41257 1.3124 1.30871 1.27117 1.24222 1.2409 1.5621 1.74522 1.21631 1.32276 1.19396
threshold=188.50000000000003 63.029411764705891 363.51500000000004 13.500000000000002 2427.8750000000005 6.5000000000000009 21.357142857142858 246.25000000000003 0 1476.8350000000003 1 66.960560530264942 154.50000000000003 964.53000000000009 2 3372.3600000000001 3 4 2012.74 5 21.500000000000004 1819.6550000000002 1.0000000180025095e-35 363.98500000000007 1.6133856921803595 24.500000000000004 6 7 130.50000000000003 420.50000000000006 85.750000000000014 131.50000000000003 73.89898989898991 8 9 1476.8350000000003 3372.3600000000001 117.06250000000001 4.5000000000000009 1646.2800000000004 3.5000000000000004 60.115067967335726 0.44272427889408922 10 2.5000000000000004 11 20.500000000000004 12 627.78500000000008 139.33681727070672 3372.3600000000001 0.75913222425543403 299.27500000000003 336.42000000000002 1930.0200000000002 343.50000000000006 3392.8900000000003 1.1607852927417326 250.50000000000003 13 0.41775436328695587 14
decision_type=2 2 2 2 2 2 2 2 1 2 1 2 2 2 1 2 1 1 2 1 2 2 2 2 2 2 1 9 2 2 2 2 2 1 1 2 2 2 2 2 2 2 2 1 2 1 2 1 2 2 2 2 2 2 2 2 2 2 2 1 2 1
left_child=1 2 3 19 13 10 29 11 46 -10 35 32 -12 16 15 -15 18 -18 -4 20 21 -1 -22 61 47 -21 28 30 39 56 -28 -32 50 -5 -31 -6 37 -29 -38 -25 42 -42 -30 -34 -45 51 -7 49 -49 -13 -8 -9 -47 -27 -35 -53 57 59 -59 60 -2 -3
right_child=6 23 4 33 5 8 7 45 9 -11 12 24 -14 14 -16 -17 17 -19 -20 25 22 -23 -24 26 -26 53 27 36 40 34 31 -33 43 54 -36 -37 38 -39 -40 -41 41 -43 -44 44 -46 52 -48 48 -50 -51 -52 55 -54 -55 -56 -57 -58 58 -60 -61 -62 -63
leaf_value=0.77487772295858126 0.21687689471737032 -0.41557639365003785 0.031694780104355405 -0.40930191363741991 -0.32296319552219899 0.011259960521352853 -1.3996866975965994 0.49666907045581471 -0.21570605001529541 -0.027444832319952185 -0.38535054226434939 -0.46585385364284027 2.7070393215801127 1.0989128675212727 -0.36303966161533907 -0.017226586030356827 0.099387477714686423 -0.098765242374730278 -0.18655412882168712 -0.25950734819201121 0.090532739607735557 -0.50190988580437623 -0.3826940673860062 0.20560867431348342 3.2806482779381501 -0.14796228668662384 0.94919937995879844 -0.049748201961270416 0.35686999324924007 0.26465965437261335 0.16782179942133235 -0.13107584849969386 0.075162901561343184 -0.29848575972853464 3.3539031191133022 0.014795946268650086 -0.20636650885666796 0.15420972144431888 0.014137947959311959 -0.46003986195149338 0.2382673618900995 -0.061743367457196288 -0.026211227327551968 -0.53284859842742738 0.097564390159702447 3.9171969508939952 0.094871216304204434 -0.096649132669077889 1.1763049796721958 2.3791924736078101 0.084360474482831904 -0.48260108572584104 0.82240517708073502 -0.0010876478299618243 -0.060500514973458409 3.9147327314670819 -0.49789510953854976 0.031549344650558454 2.8656485144695134 0.18592555225347313 1.9384108987047712 -0.076401001562400248
leaf_weight=211 114 337 725 111 132 506 147 420 306 1143 668 254 20 705 171 507 2226 1002 1671 794 82 104 853 102 53 650 118 3455 253 133 1725 515 1071 44 334 368 1812 2514 802 230 1416 261 1437 792 336 86 212 318 348 60 56 163 495 1695 107 21 47 47 66 1190 190 382
leaf_count=211 114 337 725 111 132 506 147 420 306 1143 668 254 20 705 171 507 2226 1002 1671 794 82 104 853 102 53 650 118 3455 253 133 1725 515 1071 44 334 368 1812 2514 802 230 1416 261 1437 792 336 86 212 318 348 60 56 163 495 1695 107 21 47 47 66 1190 190 382
internal_value=-0.000332067 -0.000671605 -0.00135023 -0.00268049 -0.000747709 -0.00210691 0.00118995 0.000410989 -0.000725806 -0.00210328 -0.00457599 -0.000399942 -0.00670471 -8.91583e-05 0.00174964 0.00259259 -0.000550915 0.000339401 -0.00176422 -0.00230533 -0.00411718 0.000550314 -0.00578358 -4.88218e-06 0.00166506 -0.00154664 0.000122926 -0.000216816 0.0011382 0.00286017 0.00122311 0.000869371 -0.00130977 -0.00867925 0.00579787 -0.00136452 -0.000619474 -0.000138145 -0.00170042 -0.00268657 0.00153561 0.00266369 0.000383934 -0.000851499 -0.00219106 0.00279882 0.00198358 0.00106816 0.00243004 -0.00168196 -0.0059466 0.000810373 0.00467172 -0.000777257 -0.0035061 -0.0026738 0.00199155 0.00225155 0.00797414 0.00177021 0.00457413 -0.0026662
internal_weight=37113 30372 15013 4651 10362 3355 6741 4620 2167 1449 1188 3435 688 7007 1383 1212 5624 3228 2396 4389 1250 315 935 15359 1033 3139 14640 10941 3699 2121 2358 2240 2402 262 467 500 8583 5969 2614 332 3367 1677 1690 2199 1128 1185 718 980 666 314 203 604 581 2345 151 184 1654 1607 113 1494 304 719
internal_count=37113 30372 15013 4651 10362 3355 6741 4620 2167 1449 1188 3435 688 7007 1383 1212 5624 3228 2396 4389 1250 315 935 15359 1033 3139 14640 10941 3699 2121 2358 2240 2402 262 467 500 8583 5969 2614 332 3367 1677 1690 2199 1128 1185 718 980 666 314 203 604 581 2345 151 184 1654 1607 113 1494 304 719
cat_boundaries=0 1 2 3 4 5 6 7 8 9 10 11 12 13 14 15
cat_threshold=808 1625 1 1219 1 2320 1920 16 659 2177 700 3270 2054 672 2823
is_linear=0
shrinkage=0.05


Tree=74
num_leaves=63
num_cat=20
split_feature=7 11 1 1 1 11 21 19 11 1 1 2 5 1 2 11 21 1 1 19 18 2 15 1 22 2 7 7 18 1 11 22 15 11 2 22 11 7 16 1 5 5 1 1 7 2 14 15 7 15 17 17 17 1 23 16 5 19 19 22 17 14
split_gain=4.95233 6.12625 5.04243 4.3707 4.08938 3.70409 3.66327 3.50095 3.01383 3.65541 2.91911 2.88952 2.75175 2.69121 3.36046 2.58231 2.49771 2.35336 2.32174 2.29605 2.24677 2.22873 2.50622 3.05027 2.65609 2.19062 2.06112 2.5601 2.05432 2.02313 1.93497 1.92169 1.78164 2.91668 1.78113 2.39252 2.26088 1.72981 1.71911 1.78345 1.61446 1.60967 1.55816 1.52674 1.50197 1.49578 1.47136 1.41543 1.39435 1.39318 1.83223 1.3593 2.07848 1.64408 1.34406 1.37597 1.32659 1.28183 1.27833 1.22786 1.21764 1.20868
threshold=720.80000000000018 5787.0250000000005 0 1 2 862.54000000000008 83.387500000000017 1893.53 1697.1600000000001 3 4 5 12.500000000000002 6 7 3720.1550000000007 270.16666666666669 8 9 1563.0050000000001 0.99188881146499297 10 6.5000000000000009 11 46.087222211380244 12 302.46000000000009 410.72500000000008 7.3331523139796042 13 9246.4750000000022 28.285970921240501 7.5000000000000009 7540.2050000000008 14 30.382209505838961 1501.8150000000003 1446.9900000000002 1.3051707797289669 15 66.500000000000014 123.50000000000001 16 17 769.6450000000001 18 1.0000000180025095e-35 3.5000000000000004 2088.8900000000003 9.5000000000000018 1.144057780363535 1.0065900017382272 0.85976471514372521 19 25.500000000000004 1.1923251864449926 39.500000000000007 357.1699999999999 770.42999999999995 34.271059937535576 1.1794695605854733 4.5000000000000009
decision_type=2 2 9 9 9 2 2 2 2 9 9 1 2 9 1 2 2 9 9 2 2 1 2 9 2 1 2 2 2 9 2 2 2 2 1 2 2 2 2 9 2 2 9 9 2 1 2 2 2 2 2 2 2 9 2 2 2 2 2 2 2 2
left_child=1 2 5 16 -3 17 7 13 9 11 28 58 -8 15 -15 -4 21 56 -14 47 40 22 23 -2 -25 -21 29 -28 49 -9 43 32 45 -34 35 -7 -37 44 -33 -40 -11 -32 48 61 60 -12 -20 -19 -39 50 -10 52 -36 -53 -45 -56 -1 -58 -5 -44 -23 -6
right_child=3 4 6 8 30 34 12 26 10 20 31 -13 18 14 -16 -17 -18 19 46 25 -22 37 -24 24 -26 -27 27 -29 -30 -31 41 38 33 -35 51 36 -38 42 39 -41 -42 -43 59 54 -46 -47 -48 -49 -50 -51 -52 53 -54 -55 55 -57 57 -59 -60 -61 -62 -63
leaf_value=-0.26078045586101556 0.27766873197091896 -0.4421551357752197 -0.19265744695783837 -1.9732161587998718 -0.26999904096403399 -0.0084013290627371617 -0.64217003360997149 -0.16723964588018767 -0.078085033352565614 -0.081369477349754152 -0.21677743545766895 1.9766435090519394 -0.14703116154210819 0.081408075997511098 -0.07059747686070815 0.071327731874230874 1.5870177472367062 0.86119930010808765 0.44118252482685566 0.42907958557597414 -0.64948356859893863 -0.25625214661645401 0.096430579156470492 -0.25632599778619181 0.43097200793988438 -0.99953908934786717 0.10249692326799753 -0.3346509538693182 -0.14874108451514037 -0.40529858771943916 -0.097205084001733694 -0.69127792425971679 0.20189850175461788 -0.066804705558235797 -0.039603665149012812 1.304141067359553 0.10485685562092258 1.7470264734338017 -0.0660402592060855 0.20536536076927803 0.60196786399565816 0.1716254690914063 -0.36963076605083284 -0.23754496099848668 -0.18525908960510407 -0.034774752559738435 0.022297726064157433 -0.34088015835447938 -0.12765449801102999 0.29413377448049333 0.31759892779883536 -0.12296261213612213 -0.50537706684741257 0.076541119038428473 -0.067436765966898987 0.13630856565927571 -0.13766848153011324 1.2100189210864869 0.43325604275623564 0.4350686333442777 0.34866203053139205 0.27397510460217678
leaf_weight=63 407 212 1732 28 208 806 282 278 244 414 566 435 1149 1828 5865 266 156 335 502 116 99 45 177 633 166 165 244 626 40 578 43 73 225 213 273 160 306 83 690 1654 1050 53 162 186 1335 1990 5864 21 29 35 1364 620 185 950 33 20 27 474 87 80 139 24
leaf_count=63 407 212 1732 28 208 806 282 278 244 414 566 435 1149 1828 5865 266 156 335 502 116 99 45 177 633 166 165 244 626 40 578 43 73 225 213 273 160 306 83 690 1654 1050 53 162 186 1335 1990 5864 21 29 35 1364 620 185 950 33 20 27 474 87 80 139 24
internal_value=-0.000305124 -0.000720496 -0.000574458 0.000497148 -0.00508312 0.0009249 -0.000928382 -0.00149956 0.00106562 0.00272921 0.000563618 0.0062167 -8.65385e-05 -0.00112183 -0.000684532 -0.00275982 -0.0010219 0.0033015 8.97845e-05 0.00103846 0.0014118 -0.00133477 0.000161175 -0.000620347 -0.00243227 -0.0022007 -0.00358589 -0.00177549 0.00237323 -0.00535506 -0.0025431 0 -0.000850851 0.00204082 4.54133e-05 0.00151751 0.004371 -0.00245228 0.00104339 0.00129953 0.00194274 0.00353535 0.000560224 -0.0039557 -0.00320302 -0.00136772 0.000470293 0.00376045 0.0052 0.00268834 0.00242086 -0.000857423 -0.0032538 -0.000127146 -0.000694444 0.00580357 0.00563258 0.00659722 -0.000585938 -0.00156863 0.000802139 -0.00673469
internal_weight=37113 24494 23715 12619 779 4501 19214 11417 9207 2113 7094 550 7797 9691 7693 1998 3412 1201 7515 637 1563 3256 1383 1206 799 281 1726 870 1683 856 567 5411 2994 438 3300 1272 466 1873 2417 2344 1464 96 354 471 1519 2556 6366 356 112 1643 1608 2028 458 1570 239 53 564 501 115 242 184 232
internal_count=37113 24494 23715 12619 779 4501 19214 11417 9207 2113 7094 550 7797 9691 7693 1998 3412 1201 7515 637 1563 3256 1383 1206 799 281 1726 870 1683 856 567 5411 2994 438 3300 1272 466 1873 2417 2344 1464 96 354 471 1519 2556 6366 356 112 1643 1608 2028 458 1570 239 53 564 501 115 242 184 232
cat_boundaries=0 2 4 6 8 10 11 13 14 16 18 19 21 22 24 25 27 29 30 31 33
cat_threshold=3590390869 230408 2456946005 628036 2147487745 65808 84254720 278585 151540266 1189891 257 161763618 526642 776 33554433 230400 23204392 1313092 1960 272630784 626752 710 524416 4628 165 75571200 278688 35651600 32768 536871108 3584 2181038080 33792
is_linear=0
shrinkage=0.05


Tree=75
num_leaves=63
num_cat=18
split_feature=20 21 0 17 18 1 21 1 15 1 1 17 22 1 1 21 1 1 1 22 20 1 20 17 15 15 18 1 21 10 21 16 6 21 21 15 6 21 21 4 1 1 22 15 18 10 1 21 18 10 18 11 18 18 10 9 10 4 17 10 11 3
split_gain=6.84673 4.3663 3.84594 5.24556 4.72633 4.85618 3.34369 4.70614 3.28318 4.93352 4.89758 4.60252 3.70712 3.13854 3.00764 2.71344 2.69291 2.65204 2.41341 2.63537 2.40853 2.37853 2.33462 2.26131 3.27709 2.6643 2.18474 3.23119 3.43143 2.15165 2.88854 2.10677 2.03879 2.03678 2.00963 2.17255 1.99354 1.99275 1.96774 1.96364 4.55651 2.8673 2.60632 2.03415 1.94597 1.81124 1.7946 1.72535 1.5335 1.38719 1.38359 1.38014 1.6857 1.35454 2.54095 1.89709 1.74829 1.78407 1.82769 1.5409 1.44753 1.5863
threshold=198.50000000000003 68.193750000000009 0 2.4919269774923376 0.58787521451821101 1 43.339743589743598 2 5.5000000000000009 3 4 2.1751758365269178 47.698008332645799 5 6 128.29166666666671 7 8 9 11.003245795502352 420.50000000000006 10 210.50000000000003 0.93107345018391097 13.500000000000002 4.5000000000000009 0.48216920364172883 11 94.527777777777786 863.6350000000001 58.027777777777786 1.9310517988568454 7388.420000000001 309.75000000000006 332.25000000000006 2.5000000000000004 2012.74 73.89898989898991 86.045454545454561 12 13 14 75.890767101070608 2.5000000000000004 0.2248390793765728 1351.6750000000002 15 82.809090909090926 0.16255742762796763 360.22500000000008 0.29792055225158653 425.72000000000003 0.66618536111411009 1.3272448549253004 1125.2250000000004 957.75500000000011 1528.3300000000004 16 1.2822047976870385 793.16500000000019 575.7850000000002 17
decision_type=2 2 1 2 2 9 2 9 2 9 9 2 2 9 9 2 9 9 9 2 2 9 2 2 2 2 2 9 2 2 2 2 2 2 2 2 2 2 2 9 9 9 2 2 2 2 9 2 2 2 2 2 2 2 2 2 2 9 2 2 2 1
left_child=1 2 3 18 5 36 7 44 9 -4 -10 12 -12 -6 -8 16 22 53 19 -1 -9 51 47 24 -20 -25 27 38 48 46 -31 -21 -7 -30 35 -23 -5 -18 -19 40 45 49 -43 -42 -2 -28 -11 -16 -29 -41 -36 -17 -53 54 60 -56 59 -58 -59 -55 -3 -62
right_child=6 17 8 4 13 32 14 20 10 29 11 -13 -14 -15 15 21 37 26 23 31 -22 34 -24 25 -26 -27 39 28 33 30 -32 -33 -34 -35 50 -37 -38 -39 -40 41 43 42 -44 -45 -46 -47 -48 -49 -50 -51 -52 52 -54 56 55 -57 57 58 -60 -61 61 -63
leaf_value=-0.40409180522438287 -0.047990766243691502 -0.89422988262318559 0.037454252982993812 0.90739936920192366 0.88858555958769048 0.28634311716174354 -0.36369550525501071 0.012287927730222848 -0.23517712400109261 0.047766026908218608 0.018883033509546721 -0.45225765159612008 -0.5344317198685602 0.016104544083580485 0.88103930833290178 3.685259453898857 -1.1298930394367026 0.88175667449589312 -0.12041832525933636 -0.12575597305760661 1.9347301392804781 -0.073426940344641881 -0.71689557849112484 -0.23356265927121778 -0.32064154588618099 0.0079812170571193167 -0.18383418706672361 0.24103276887095221 -0.11129816264995754 -0.48717359654720538 -0.051286806296126745 0.091522628135139963 -0.51678682483938931 1.796410338608557 -1.1631135303720654 0.6483346644231347 -0.30893549315066982 0.63965570201365163 0.10651093782429727 -1.0161487057128555 1.5638090125027475 0.053653926454558847 -0.24860890191703364 -2.7831749205375902e-05 1.7414588658394863 -0.61877792033361134 -0.32535434627968129 -0.27533800249534013 -0.537827337690721 0.22973324959446267 1.8599976428360314 0.3433544522296984 1.2701349583283958 0.39441386688882574 -0.68342348655807406 -0.1757908838056082 0.59142399410580893 -0.33274590033071921 0.27898513639923411 -0.53620859999562143 0.41561661658008336 -0.1339614553938894
leaf_weight=333 86 73 531 102 437 1771 509 1120 253 354 2167 102 77 318 25 46 58 41 1169 537 341 1759 416 1414 94 3381 248 27 1203 1068 269 234 32 135 50 185 1329 252 347 34 124 6119 919 1070 471 264 349 74 407 2088 236 275 209 31 220 310 143 78 153 149 242 255
leaf_count=333 86 73 531 102 437 1771 509 1120 253 354 2167 102 77 318 25 46 58 41 1169 537 341 1759 416 1414 94 3381 248 27 1203 1068 269 234 32 135 50 185 1329 252 347 34 124 6119 919 1070 471 264 349 74 407 2088 236 275 209 31 220 310 143 78 153 149 242 255
internal_value=-0.000275488 -0.000578151 -0.00114096 -0.000611888 0.000832916 0 0.00125102 0.00291935 -0.00227141 -0.00354507 -0.000989623 -0.00023315 0.000222519 0.00438654 0.000414938 0.000938021 -0.00153986 4.42689e-05 -0.00142359 -0.00358102 0.00133989 0.00170105 -0.00374053 -0.00101301 -0.00290284 -0.000505419 0.000287599 -0.0011558 -0.00207283 -0.00465173 -0.00587687 -0.00190568 0.00172081 -0.000782998 0.000936246 0.000333847 -0.00216413 0.00201238 0.00286783 0.00057963 -0.00095986 0.000872125 0.000375833 0.000704225 0.00679825 -0.00485714 -0.0023017 0.00269608 -0.00594966 0.00248244 0.00484429 0.00469613 0.00379877 -0.00182963 -0.00285585 -0.00534709 8.97666e-05 0.00212202 -0.000512295 -0.00382514 -0.0004363 0.00045
internal_weight=37113 31001 16321 11151 3989 3234 6112 2018 5170 2571 2599 2346 2244 755 4094 3585 825 14680 7162 1104 1461 2760 515 6058 1263 4795 13026 2160 1772 2040 1337 771 1803 1338 2230 1944 1431 310 388 10866 1706 9160 7038 1194 557 512 703 99 434 2122 286 530 484 1654 1100 530 554 374 231 180 570 497
internal_count=37113 31001 16321 11151 3989 3234 6112 2018 5170 2571 2599 2346 2244 755 4094 3585 825 14680 7162 1104 1461 2760 515 6058 1263 4795 13026 2160 1772 2040 1337 771 1803 1338 2230 1944 1431 310 388 10866 1706 9160 7038 1194 557 512 703 99 434 2122 286 530 484 1654 1100 530 554 374 231 180 570 497
cat_boundaries=0 1 3 5 7 9 11 13 15 17 19 21 23 24 26 28 30 31 32
cat_threshold=1 2165950382 340481 306251654 295945 348164636 229378 4624 65792 2684899465 66177 39863312 267276 537395397 33408 337645608 1576228 1186103808 98612 1157730337 164352 34080256 8321 1 42623044 4737 143901508 135689 536871040 279040 9 10
is_linear=0
shrinkage=0.05


Tree=76
num_leaves=63
num_cat=23
split_feature=6 1 1 7 7 1 7 2 10 2 1 15 2 6 10 11 2 1 9 16 1 1 11 1 21 6 21 7 11 1 2 1 18 7 6 23 23 6 18 19 2 21 1 2 21 1 2 1 10 10 15 9 18 2 9 19 7 11 19 18 16 2
split_gain=5.94905 4.42726 4.33307 4.77309 3.55905 3.21556 3.0446 4.3107 2.90507 3.73387 3.57977 2.83116 2.92328 2.79239 2.70812 3.01222 2.57768 2.47263 2.3871 2.47766 2.31853 2.25954 2.20146 2.16954 2.15955 2.05116 2.04039 2.02445 2.89338 2.49938 1.94111 1.8137 1.79447 1.78383 1.74589 1.71546 2.76048 1.71036 1.69282 1.52863 1.77423 2.04131 1.5776 1.51797 1.45466 4.33784 2.71432 2.97918 2.74606 2.57319 2.13325 1.84528 2.10583 1.74724 1.80919 2.81249 1.48637 1.42327 1.97291 1.35116 1.34754 1.34354
threshold=2501.0100000000007 0 1 422.80000000000001 1240.0450000000003 2 299.27500000000003 3 1071.5250000000003 4 5 9.5000000000000018 6 6744.7200000000003 2480.1800000000007 4446.630000000001 7 8 1373.4550000000002 0.98184409077813795 9 10 4737.045000000001 11 224.12500000000003 3372.3600000000001 60.026315789473692 619.82000000000005 584.2850000000002 12 13 14 1.0613784531049459 540.15500000000009 3056.7900000000004 3.5000000000000004 16.500000000000004 1376.8900000000001 0.98404050978874158 1605.6000000000001 15 67.029411764705898 16 17 38.509259259259267 18 19 20 1343.3950000000002 1720.7700000000004 1.5000000000000002 1868.6500000000003 0.87087966461549549 21 474.89500000000004 1481.0200000000002 432.53000000000003 2517.9350000000004 2593.7000000000007 0.23075240033965508 1.4999973398689803 22
decision_type=2 9 9 2 2 9 2 1 2 1 9 2 1 2 2 2 1 9 2 2 9 9 2 9 2 2 2 2 2 9 1 9 2 2 2 2 2 2 2 2 1 2 9 1 2 9 1 9 2 2 2 2 2 1 2 2 2 2 2 2 2 1
left_child=1 6 3 13 5 38 7 35 9 10 -7 12 27 23 18 26 20 -11 -8 -20 -17 34 -18 -2 33 -25 -16 28 -5 -29 -13 43 -23 -10 -14 -1 -37 -21 -3 40 42 -42 -9 -6 45 53 48 -48 -46 -50 59 56 -53 57 -55 -56 -52 58 -4 -47 -38 -27
right_child=2 4 44 11 31 8 14 39 24 17 -12 30 21 -15 15 16 22 -19 19 37 -22 32 -24 25 -26 61 -28 29 -30 -31 -32 -33 -34 -35 -36 36 60 -39 -40 -41 41 -43 -44 -45 46 50 47 -49 49 -51 51 52 -54 54 55 -57 -58 -59 -60 -61 -62 -63
leaf_value=0.83101350055305412 -0.33599950983323945 0.77810592034988701 -0.0059371880185246084 1.7840899367931813 0.46693047935399223 -0.10113540945127185 -0.0060657585735990338 -0.035396273097181567 -0.079199767648272079 0.25347670852133675 0.50340656501899728 -0.065410319979481102 -0.49900825663971227 -0.52194980179841366 -0.37260575302959648 0.13534305011390177 0.85675634072334794 -0.053227406127481919 -0.45401444651525846 -0.078046014622199789 -0.14908757227700314 -0.28656961322517188 -0.1560915798194584 -0.77585260168459058 0.81246736950441023 -0.021421000950626202 -0.13086230257849538 -0.0050063780565755781 -0.47122205517047466 -0.34421758201543118 0.091131605274442862 0.64892207572052252 0.017941067264737143 0.0021601235670413387 0.051132226371494484 -0.18225554553267553 0.028283711456827201 0.66831998782369484 2.2971387137957038 -1.1215733675758732 -0.13029344960520356 0.062013606427360028 -0.43304821351969669 -0.1652916194176598 -0.019335623077229514 0.17142271238342346 0.10016369956455691 -0.093540300997406345 0.80316467957461735 0.10695583844994233 0.056685882422300618 -0.68777688244050172 0.50395235706253805 -0.54868643624884439 -0.24520998079921341 0.23642658781659948 -0.47447885808381829 -0.29273161760427086 -0.51711784467794719 3.8132953681490314 0.1657213536609673 -0.25298029341254846
leaf_weight=269 375 164 212 31 201 591 5166 172 2540 1761 2056 142 68 175 195 244 29 3689 44 103 124 334 372 50 238 632 123 626 333 531 241 896 202 3648 1467 346 79 451 61 192 545 448 368 316 497 99 1027 1900 176 557 150 29 46 73 199 261 234 192 200 122 40 461
leaf_count=269 375 164 212 31 201 591 5166 172 2540 1761 2056 142 68 175 195 244 29 3689 44 103 124 334 372 50 238 632 123 626 333 531 241 896 202 3648 1467 346 79 451 61 192 545 448 368 316 497 99 1027 1900 176 557 150 29 46 73 199 261 234 192 200 122 40 461
internal_value=-0.000274141 0.000152116 -0.00121082 -0.00220032 0.000653827 0.00042031 -0.00071329 -0.0022238 0.000321615 0.000953704 0.0024906 -0.00123806 -0.00168289 -0.00443691 -0.000164138 -0.00245413 -0.000680052 0.000192202 0.000260101 0.00324459 0.00223097 -0.000419866 -0.00344203 -0.00368179 -0.000466636 -0.00244377 -0.00654206 -0.00334094 -0.00667575 -0.00226293 0.00278497 0.00305438 -0.00318761 -0.000654175 0.000532946 0.000937082 -0.000801282 0.00421903 0.00619748 -0.0035817 -0.00301107 -0.00161531 -0.00533454 0.000518868 -0.000258894 -0.00144231 0.000246394 -0.000569728 0.00221239 0.00417799 0.00165945 -0.000162338 0.00673077 -0.00332609 -0.00105311 0 -0.00167959 -0.00518639 -0.00337349 0.00569196 0.00553279 -0.00193887
internal_weight=37113 25471 11642 5668 16161 14748 9310 2459 14523 8097 2647 3975 3592 1693 6851 1087 769 5450 5764 598 368 2071 401 1518 6426 1143 318 1521 364 1157 383 1413 536 6188 1535 734 465 554 225 1725 1533 993 540 517 5974 1817 4157 2927 1230 733 680 459 75 1137 533 460 384 604 412 221 119 1093
internal_count=37113 25471 11642 5668 16161 14748 9310 2459 14523 8097 2647 3975 3592 1693 6851 1087 769 5450 5764 598 368 2071 401 1518 6426 1143 318 1521 364 1157 383 1413 536 6188 1535 734 465 554 225 1725 1533 993 540 517 5974 1817 4157 2927 1230 733 680 459 75 1137 533 460 384 604 412 221 119 1093
cat_boundaries=0 2 4 6 7 8 10 11 12 14 16 18 20 22 23 25 26 28 29 31 32 34 35 36
cat_threshold=2334274788 1587462 4043247883 857360 1342242816 131072 42 808 9748746 56 2091 1323 68681985 115256 2181038240 4096 2958037003 327680 5640456 327680 537264384 16 1045 8454402 345249 769 2236640 2 1706 33587840 33409 1824 16810500 1057289 865 2668
is_linear=0
shrinkage=0.05


Tree=77
num_leaves=63
num_cat=17
split_feature=6 7 1 5 1 18 1 7 1 0 22 10 10 1 10 1 5 1 1 8 11 9 8 17 4 4 19 1 7 1 7 11 5 11 11 7 5 22 1 22 0 1 17 10 9 11 5 17 1 10 19 7 8 10 18 19 9 10 8 5 5 9
split_gain=5.20086 4.15764 5.22802 3.79135 3.70101 3.69518 3.83244 3.72579 3.60797 3.38691 3.15452 3.12345 3.071 3.33161 3.05522 3.07102 2.77987 2.59087 2.53626 2.53503 2.48747 2.54436 2.37053 2.70765 2.35436 2.26903 2.3782 2.26717 2.488 2.0344 2.12616 1.96902 2.61885 1.90249 2.03597 1.80391 1.96346 1.85941 1.8354 1.65617 1.64731 1.62855 3.09854 2.39763 1.92936 1.74046 1.60643 1.89048 1.57915 1.57639 1.56646 1.52599 1.43049 1.42897 1.3678 1.36617 1.2975 2.43733 1.51459 1.27965 1.20309 1.17425
threshold=2501.0100000000007 615.23500000000013 0 251.50000000000003 1 3.4576780980483894 2 352.15000000000003 3 4 50.382012874549652 648.16500000000008 727.25000000000011 5 1077.8850000000004 6 342.00000000000006 7 8 919.31500000000017 2546.5850000000005 360.22500000000008 278.72500000000008 1.2462057845981271 9 10 3441.485000000001 11 576.38000000000011 12 1432.9600000000003 1064.4750000000001 70.500000000000014 1447.6300000000003 3236.0850000000005 540.15500000000009 144.50000000000003 64.352544363396092 13 28.958354739250797 14 15 0.81627148153588047 4651.3250000000007 852.0200000000001 5559.0650000000014 305.00000000000006 1.2996815599229943 16 1861.1250000000002 1086.4950000000001 248.01500000000001 579.77500000000009 2156.1500000000001 1.3918946283273814 21.099999999999799 185.03000000000003 1135.4250000000004 667.04500000000019 292.50000000000006 351.50000000000006 514.69500000000005
decision_type=2 2 9 2 9 2 9 2 9 1 2 2 2 9 2 9 2 9 9 2 2 2 2 2 9 9 2 9 2 9 2 2 2 2 2 2 2 2 9 2 1 9 2 2 2 2 2 2 9 2 2 2 2 2 2 2 2 2 2 2 2 2
left_child=1 2 14 27 -5 6 7 18 10 11 24 -10 -13 -14 15 31 17 54 19 49 21 -6 -20 -24 -3 26 56 28 40 30 59 32 -1 -26 -35 37 38 53 -37 -19 -4 42 44 -44 -9 61 -31 -48 -22 -2 -33 -39 -38 -16 -11 -12 57 -8 -58 -27 -18 -43
right_child=5 8 3 4 20 -7 25 41 9 16 55 12 13 -15 35 -17 60 39 22 -21 48 -23 23 -25 33 29 -28 -29 -30 46 -32 50 -34 34 -36 36 52 51 -40 -41 -42 45 43 -45 -46 -47 47 -49 -50 -51 -52 -53 -54 -55 -56 -57 58 -59 -60 -61 -62 -63
leaf_value=-0.51813583034042388 -0.16072236503977264 0.10925022165736645 -0.010526241249624492 -0.25965982791782682 -0.013724245576158367 0.70496171708431599 0.66690557287731778 -0.28229510073468023 1.7247067869407802 -0.11398757128870454 1.3332935901695167 -0.27733518586991579 0.1328209318787284 0.48627448463605583 -0.019141203832817411 0.55636276673920548 1.1558063992895886 -0.1332641883912242 -0.2835700145749378 0.63251713222100114 0.1300628367413264 0.32820342036332451 -0.53055340715618005 -0.41901400087959062 0.041311869301803486 0.26643947949284075 -0.35848756272497123 -0.20546134526839471 -0.60963860714869722 -0.032326022377803909 -0.60359944899069695 0.083771244581823723 0.054908535537893322 -0.75182216488749953 -0.0830527789389926 0.15916227341131731 0.25524460297008073 0.42774562786900888 -0.30855297618845445 0.078144454014727679 -0.15468849556261477 0.56615922706631994 -0.0027696763537406357 -0.1461404677275919 -0.46419494977410669 0.013775043742226956 -0.11011788802950556 0.65701115533239196 -0.15576103004566591 -0.41410918053361923 0.80461725756880653 -0.63946298375815869 -0.06831981297043975 -0.18560088903344563 0.54595565863857876 -0.18334267249323269 -0.12845694894173398 -0.26257410622618987 -0.00077785023077545654 -0.015042236825088651 0.020021185877766891 -0.27051325970862766
leaf_weight=629 530 184 2084 342 511 44 110 93 190 208 111 403 3764 1650 1585 1428 58 1181 361 38 115 919 172 151 172 457 249 1640 170 1648 40 1569 1906 312 291 175 390 37 207 531 1259 37 2887 268 76 221 118 153 238 92 120 114 109 356 405 66 1337 32 1768 109 42 651
leaf_count=629 530 184 2084 342 511 44 110 93 190 208 111 403 3764 1650 1585 1428 58 1181 361 38 115 919 172 151 172 457 249 1640 170 1648 40 1569 1906 312 291 175 390 37 207 531 1259 37 2887 268 76 221 118 153 238 92 120 114 109 356 405 66 1337 32 1768 109 42 651
internal_value=-0.000262016 0.000136414 -0.000356784 -0.00134412 0.000411184 -0.00113783 -0.00119817 -0.00214222 0.000961237 0.00132031 -0.00165361 0.00195923 0.00173969 0.00205833 0.000471753 0.00115827 -0.00023682 -0.000612113 -0.00445434 -0.00200594 0.00135022 0.00230286 -0.00659971 -0.00989264 -0.00283264 -0.000310739 -0.00113993 -0.0020801 -0.00132587 0.000817573 0.00331179 0.000460231 -0.000403861 -0.00402919 -0.00540429 -0.000814852 0.00104638 -0.00162291 -0.00155844 -0.00162319 -0.00100867 -0.00139873 -0.000854061 -0.000482901 -0.00741279 -0.00328091 0 0.00355839 -0.00231742 -0.00288 0.00178783 -0.00698052 0.00313745 -0.00117027 0.00211661 0.00430556 -0.000761538 0.0037931 -0.000989382 0.00421793 0.00776699 -0.00455861
internal_weight=37113 25471 15903 7278 2125 11642 11598 5577 9568 8432 1136 6007 5817 5414 8625 5652 2425 2325 1344 660 1783 1430 684 323 959 6021 3496 5153 3513 2525 606 4224 2535 775 603 2973 881 2092 382 1712 3343 4233 3324 3155 169 909 1919 271 353 622 1689 151 499 1941 613 177 3247 142 3105 566 100 688
internal_count=37113 25471 15903 7278 2125 11642 11598 5577 9568 8432 1136 6007 5817 5414 8625 5652 2425 2325 1344 660 1783 1430 684 323 959 6021 3496 5153 3513 2525 606 4224 2535 775 603 2973 881 2092 382 1712 3343 4233 3324 3155 169 909 1919 271 353 622 1689 151 499 1941 613 177 3247 142 3105 566 100 688
cat_boundaries=0 2 4 6 8 9 11 13 15 17 18 19 21 23 25 26 28 30
cat_threshold=4099490581 509084 60948480 10498 4038791451 857360 2151679044 37124 1 774570681 607330 2752512004 327836 145293848 147505 539033600 529408 16 13 42344648 530978 1092 16425 536870912 65664 1 805441819 327680 4096 4609
is_linear=0
shrinkage=0.05


Tree=78
num_leaves=63
num_cat=15
split_feature=20 6 1 8 1 22 1 7 15 6 1 1 1 15 8 20 1 17 11 18 8 22 1 15 22 7 9 20 20 7 0 21 1 17 3 19 1 15 7 7 11 11 8 1 19 1 21 22 18 11 9 1 19 20 19 5 11 19 5 19 20 20
split_gain=5.66872 3.99344 3.12835 3.16729 2.98191 3.38746 2.77272 3.44744 3.31452 3.01684 2.29955 2.25997 2.2367 2.1756 2.08873 2.33094 3.04017 1.95553 1.93381 1.85784 1.81687 1.92317 1.95669 1.81558 1.77755 1.71543 1.7095 1.63565 1.61156 1.59422 2.0499 1.53173 2.15701 1.77113 1.51662 1.50968 1.50608 1.60771 1.53329 1.97207 1.49632 1.89536 1.47194 1.86037 1.45435 1.44671 1.73123 1.4396 1.38721 1.38333 1.25361 1.24964 1.30599 1.24729 1.08691 1.07885 1.95411 1.05446 0.999276 0.967457 1.23188 1.7535
threshold=350.50000000000006 2501.0100000000007 0 310.62500000000006 1 5.3815460895502056 2 422.80000000000001 9.5000000000000018 6744.7200000000003 3 4 5 10.500000000000002 352.87500000000006 43.500000000000007 6 2.4679614824653431 2517.9350000000004 0.40687197655924012 992.05500000000018 7.0828333482315324 7 2.5000000000000004 70.559549167950408 936.58500000000015 3336.1900000000005 69.500000000000014 10.500000000000002 2555.6650000000004 8 38.509259259259267 9 0.66986026768764362 10 4089.6550000000011 11 8.5000000000000018 164.53500000000003 524.85000000000014 9246.4750000000022 5084.8350000000009 252.17500000000001 12 2825.1550000000007 13 160.53571428571431 48.083854513394378 1.9457084337927479 456.94 2593.1150000000002 14 398.32499999999987 33.500000000000007 803.71500000000003 310.50000000000006 1254.1600000000001 597.38499999999999 59.500000000000007 2736.0750000000003 488.50000000000006 674.00000000000011
decision_type=2 2 9 2 9 2 9 2 2 2 9 9 9 2 2 2 9 2 2 2 2 2 9 2 2 2 2 2 2 2 1 2 9 2 1 2 9 2 2 2 2 2 2 9 2 9 2 2 2 2 2 9 2 2 2 2 2 2 2 2 2 2
left_child=1 2 11 10 5 25 7 9 29 12 42 -1 -3 23 18 16 -16 -17 27 59 21 22 -13 -12 -7 58 44 -5 -14 30 -9 32 33 -8 57 -35 38 50 47 -40 41 -11 54 -44 -10 -22 -47 -33 -31 -23 -38 52 -36 -15 -4 -53 -57 -21 -2 60 -6 -62
right_child=4 6 3 14 19 24 31 8 26 40 13 20 28 53 15 17 -18 -19 -20 34 45 49 -24 -25 -26 -27 -28 -29 -30 48 -32 36 -34 35 51 -37 37 -39 39 -41 -42 -43 43 -45 -46 46 -48 -49 -50 -51 -52 55 -54 -55 -56 56 -58 -59 -60 -61 61 -63
leaf_value=1.3338466441045398 -0.72427917071218817 -0.29468116744416067 0.27437243728160132 0.50968553378848291 -0.52213554269107054 -2.1196889322754786 -0.47548902984611346 -0.086817291117350773 0.08235604619084072 -0.4652855211699336 -0.10102460395034214 -0.3436192291012205 0.15163618242263049 0.070835818686661597 0.023199419331599105 0.00014028537299033418 -0.12762557136388555 0.25121291367865978 -0.36048874899923639 2.7212345798501421 -0.016120831394202995 1.2698451198431551 0.0061269877024244584 -0.20365855293021334 1.3436753077186325 4.5018421289636334 -0.041721167469088986 0.12748428328402639 -0.16530470660275487 -0.017646788463417096 -0.31958995543928276 -0.003328667514786865 0.0629590008766856 -0.10645648771989294 0.34581337541392404 -0.50434863590871937 0.070374664205380993 0.33654767897751725 -0.33672888815213897 -0.019892843924121453 -0.75553966317737586 0.052094911268981296 -0.74564787822116019 0.10495833344048276 -0.49283160597413062 0.55213350881173329 -0.089038152862066511 1.3511680649977873 1.024239991546362 0.056545834552731836 -0.12440264771786076 1.3729078624345163 3.5347100554667636 -0.022348023898756786 0.0010617448479308678 4.9970296072101608 -2.7941522967604833 -2.2380920105227178 2.8663975932012891 -1.6997009764072146 2.1065203960263363 -1.0487407806927109
leaf_weight=167 45 301 276 156 354 69 55 3248 296 91 912 454 116 106 1921 8623 1873 1248 42 51 353 52 1329 1919 60 135 54 378 1084 64 279 154 540 997 22 90 1856 46 445 1363 46 37 106 164 34 719 229 84 34 2736 61 173 79 61 335 21 22 59 230 56 146 57
leaf_count=167 45 301 276 156 354 69 55 3248 296 91 912 454 116 106 1921 8623 1873 1248 42 51 353 52 1329 1919 60 135 54 378 1084 64 279 154 540 997 22 90 1856 46 445 1363 46 37 106 164 34 719 229 84 34 2736 61 173 79 61 335 21 22 59 230 56 146 57
internal_value=-0.000253934 -0.000385514 -1.9659e-05 -0.00035019 0.00267067 0.00566123 -0.00115794 -0.00193962 -0.00112787 -0.00385876 -0.00161643 0.000962492 -0.00307513 -0.00227499 -1.75512e-06 -0.000129865 -0.00118515 0.000270914 0.0029361 0.000997151 0.000781648 0.000300612 -0.000965845 -0.00261997 -0.00094697 0.00799031 0.00322997 0.0038175 -0.00197857 -0.00160557 -0.00179178 -0.00036378 -0.00163205 -0.00285714 0.00354651 -0.00236239 0.000155783 0.00115132 -0.000777076 -0.00129763 -0.0101695 -0.00648855 0.000587248 -0.00238095 0.00465465 0.00243482 0.00343392 0.00290456 0.00445545 0.00112863 0.000898437 0.00522727 0.00986842 0.00308824 0.00199511 0.00240175 -0.00380435 -0.00121951 0.00530576 -0.000689935 0 0.00303398
internal_weight=37113 35534 24159 18120 1579 539 11375 5684 4009 1675 3879 6039 1501 2998 14241 13665 3794 9871 576 1040 5872 4571 1783 2831 129 410 384 534 1200 3625 3527 5691 1682 1142 427 1087 4009 1963 2046 1808 174 128 881 270 330 1301 948 238 98 2788 1917 317 101 167 611 216 43 110 275 613 557 203
internal_count=37113 35534 24159 18120 1579 539 11375 5684 4009 1675 3879 6039 1501 2998 14241 13665 3794 9871 576 1040 5872 4571 1783 2831 129 410 384 534 1200 3625 3527 5691 1682 1142 427 1087 4009 1963 2046 1808 174 128 881 270 330 1301 948 238 98 2788 1917 317 101 167 611 216 43 110 275 613 557 203
cat_boundaries=0 2 4 6 8 10 12 14 16 17 19 20 22 24 26 27
cat_threshold=1348321793 213169 75514565 311816 4106162955 857360 2206212378 34304 1342177280 131072 68292616 262144 537002078 1348614 1098240 1 1 33587360 33441 2 4195536 147586 8388608 33280 0 81952 537133072
is_linear=0
shrinkage=0.05


Tree=79
num_leaves=63
num_cat=28
split_feature=6 2 1 1 7 1 1 2 8 1 2 2 7 21 2 1 0 2 5 6 1 8 2 7 19 7 13 6 1 2 9 9 1 23 11 1 9 1 1 5 15 7 23 22 1 8 11 7 1 2 9 4 1 19 7 7 22 0 2 7 7 19
split_gain=4.24016 3.43968 5.09302 4.31978 3.29314 4.37285 3.49094 3.32471 3.22624 2.94986 2.61165 2.49579 2.25892 3.26059 2.13073 2.35614 2.31817 3.69187 4.93657 2.7833 2.41679 2.28484 2.21758 2.11086 2.01656 2.10781 1.96544 1.92104 1.8354 2.32199 1.82451 1.82006 1.80424 1.92212 1.7812 2.50908 1.92003 1.7232 1.71416 1.67376 1.64427 2.70511 1.95152 2.23459 2.1395 2.57855 1.9318 1.90949 1.79605 1.63488 2.49419 2.78308 1.96307 1.61126 1.59336 1.80111 1.90479 1.87559 1.53187 1.68163 1.51973 1.47558
threshold=2501.0100000000007 0 1 2 726.9100000000002 3 4 5 247.40000000000003 6 7 8 1.0000000180025095e-35 193.10000000000002 9 10 11 12 169.50000000000003 1376.8900000000001 13 283.74500000000006 14 352.15000000000003 3240.0100000000007 1.0000000180025095e-35 1.5000000000000002 2012.74 15 16 1001.2100000000002 336.42000000000002 17 5.5000000000000009 6224.1100000000015 18 915.72000000000014 19 20 19.500000000000004 14.500000000000002 452.25000000000006 11.500000000000002 19.158640443293002 21 628.36500000000012 2476.5350000000008 425.72000000000003 22 23 1457.5900000000004 24 25 1605.6000000000001 1928.9900000000002 345.51000000000005 54.423887347607952 26 27 605.6600000000002 358.89000000000004 2858.9050000000002
decision_type=2 1 9 9 2 9 9 1 2 9 1 1 2 2 1 9 1 1 2 2 9 2 1 2 2 2 2 2 9 1 2 2 9 2 2 9 2 9 9 2 2 2 2 2 9 2 2 2 9 1 2 9 9 2 2 2 2 1 1 2 2 2
left_child=4 2 61 23 5 14 11 8 32 12 34 30 13 -9 16 58 20 18 -18 -19 53 38 -22 24 25 -3 28 -28 29 -12 -6 -14 -7 -34 35 36 -8 -10 -17 -30 42 -42 44 47 46 -46 -5 -44 -45 52 -51 -52 -25 -1 55 -4 57 -57 59 -16 -23 -2
right_child=1 3 54 40 6 7 10 9 37 -11 26 -13 31 -15 15 21 17 19 -20 -21 22 60 -24 49 -26 -27 27 -29 39 -31 -32 -33 33 -35 -36 -37 -38 -39 -40 -41 41 -43 43 48 45 -47 -48 -49 -50 50 51 -53 -54 -55 -56 56 -58 -59 -60 -61 -62 -63
leaf_value=0.024807142008835825 -0.014798838803871917 -0.014480659259701413 -0.03405594318165335 0.15122414396479372 -0.2643131454688174 0.081042083222038389 -0.44807851857374392 0.10841390290963721 0.14017756640170376 -0.17464899574350456 -0.17844431541291572 -0.16826938840750361 -0.19884639519796679 1.8081902300117108 -0.27883954634685287 -0.33771423245525445 -1.0617871711683164 0.27333807174229036 0.11394045321236775 -0.079499166982088462 0.48453051239113026 0.2763072169596747 0.044802331981504295 -0.25683978554497849 -0.8272503301577907 -0.29964861668545462 0.12818292707239323 -0.97034349349808557 -0.24053215472381739 0.18914808397736921 0.1234487807646179 0.022530801032833558 -1.1081956058297568 -0.11520684988589665 -0.12124429279569125 0.71077916606733982 0.36153432657952822 -0.11201333390526998 0.015368839479108942 0.41616051108092833 -0.44509504851679793 0.11933369035948829 0.1902405616247819 0.11498262046155645 -0.22713965933322378 -0.044655804891956669 -0.07375189214725815 0.0099126839632770469 -0.11818251533196787 -0.44511459525504549 0.13917188123356858 -0.37033183640915973 0.040931021246451142 -0.99630374165807611 -1.0578938980634867 0.43837083398069476 -0.10083031072153759 -0.38995221591280993 0.14417636262595793 1.4327170368986275 -0.057069313278178414 -0.37132078262211365
leaf_weight=442 1177 145 163 582 273 113 141 514 291 1239 644 897 611 90 216 610 206 757 277 591 1178 544 563 291 47 312 133 141 133 1879 566 2910 242 231 89 786 420 2176 247 1291 101 55 165 235 2084 3028 376 239 611 397 107 138 543 79 22 522 71 52 1356 35 2560 179
leaf_count=442 1177 145 163 582 273 113 141 514 291 1239 644 897 611 90 216 610 206 757 277 591 1178 544 563 291 47 312 133 141 133 1879 566 2910 242 231 89 786 420 2176 247 1291 101 55 165 235 2084 3028 376 239 611 397 107 138 543 79 22 522 71 52 1356 35 2560 179
internal_value=-0.000252586 -0.00104337 0.000727603 -0.00145739 0.000106972 -0.000254411 0.000997161 -0.00108837 -0.00240541 -0.00032546 0.00160053 -0.000943396 0.00030812 0.00313015 0.000467749 -0.000161261 0.00133341 0 -0.00367944 0.00135929 0.00240618 -0.000824107 0.00329247 -0.00353738 -0.00641026 -0.00516304 0.000950638 -0.00306859 0.00124684 0.00040418 0.00096831 -0.000163167 -0.0057725 -0.00704733 0.00345066 0.00394444 0.00117596 -0.00158907 -0.00311047 0.00267919 -0.000894645 -0.00597484 -0.00077837 0.000997606 -0.00115264 -0.00156098 0.000978373 0.00405405 -0.00041225 -0.0025355 -0.00442748 -0.000302419 -0.00094451 -0.000514981 0.00379597 0.00425401 0.00543981 0.00641248 0.00143519 -0.00198864 -0.00017702 -0.00113221
internal_weight=37113 11642 2186 9456 25471 18078 7393 8417 3053 5364 5657 1736 4125 604 9661 5568 4093 1831 483 1348 2262 3961 1741 1980 504 457 4221 274 3947 2523 839 3521 586 473 1436 1347 561 2467 857 1424 7476 156 7320 1250 6070 5112 958 404 846 1476 642 245 834 521 830 808 645 574 1607 251 3104 1356
internal_count=37113 11642 2186 9456 25471 18078 7393 8417 3053 5364 5657 1736 4125 604 9661 5568 4093 1831 483 1348 2262 3961 1741 1980 504 457 4221 274 3947 2523 839 3521 586 473 1436 1347 561 2467 857 1424 7476 156 7320 1250 6070 5112 958 404 846 1476 642 245 834 521 830 808 645 574 1607 251 3104 1356
cat_boundaries=0 1 3 5 7 9 10 12 13 14 15 17 18 19 21 22 24 25 27 29 31 33 35 37 38 39 41 42 43
cat_threshold=1792 574231317 34450 3495858186 853248 4099506513 1033307 2387739984 578894 1729 142620298 4768 104 2730 936 3557851393 163864 1 256 2147516432 1033 800 547709572 1311280 3584 10485760 640 539492361 65537 33948160 1048576 536936512 262146 184559108 1187884 1312 17040 205 24 4456448 591104 1 16
is_linear=0
shrinkage=0.05


Tree=80
num_leaves=63
num_cat=30
split_feature=20 1 21 1 19 1 4 1 2 1 2 1 1 19 2 0 2 20 7 11 21 1 1 2 7 15 1 2 21 22 22 1 23 11 2 21 1 19 1 1 11 1 11 4 22 21 11 22 1 2 20 10 22 22 20 11 10 21 1 22 2 2
split_gain=4.57062 3.32421 3.12695 4.38004 3.13921 4.87359 3.36535 4.86285 3.85964 3.37289 3.10555 3.60192 3.3621 2.86659 2.48097 2.37726 2.31592 2.37939 2.24787 2.26611 2.03983 2.02764 2.00543 1.83381 2.847 1.75384 2.53185 2.94699 2.09915 2.07237 2.52424 2.2116 1.93009 1.74819 1.74028 1.72692 1.70989 1.66882 1.78335 1.64951 1.59422 1.55566 1.54645 1.45383 1.36162 1.42386 1.33844 1.33311 1.31677 1.30851 1.80926 1.7401 1.27885 1.27276 1.2725 1.25968 1.23511 1.2342 1.7977 1.4216 1.14748 1.13868
threshold=302.50000000000006 0 127.08333333333336 1 1866.7950000000003 2 3 4 5 6 7 8 9 963.06500000000005 10 11 12 39.500000000000007 248.01500000000001 803.66000000000008 35.763888888888893 13 14 15 833.47000000000014 2.5000000000000004 16 17 203.29166666666671 85.561137976602112 46.087222211380244 18 5.5000000000000009 1711.0050000000003 19 189.10000000000002 20 2593.7000000000007 21 22 511.60500000000002 23 3720.1550000000007 24 58.866020140620485 135.3666666666667 1141.0750000000005 235.82011152571363 25 26 211.50000000000003 410.90000000000003 98.139231599140615 2.8503542240076025 458.50000000000006 5445.550000000002 935.75000000000011 184.70833333333334 27 42.796482193948059 28 29
decision_type=2 9 2 9 2 9 9 9 1 9 1 9 9 2 1 1 1 2 2 2 2 9 9 1 2 2 9 1 2 2 2 9 2 2 1 2 9 2 9 9 2 9 2 9 2 2 2 2 9 1 2 2 2 2 2 2 2 2 9 2 1 1
left_child=2 23 4 16 6 34 7 8 22 49 12 -12 -11 41 -7 -10 17 -4 20 -20 -16 60 -1 24 -2 26 27 -5 -29 30 32 -32 -27 -28 -6 -26 57 46 -39 42 53 -3 -31 -43 56 -46 -36 -42 54 51 -51 -8 -35 -19 -15 -23 -38 59 -59 -18 -9 -41
right_child=1 13 3 25 5 14 9 21 15 10 11 -13 -14 48 18 -17 36 40 19 -21 -22 55 -24 -25 35 29 33 28 -30 39 31 -33 -34 52 37 -37 44 38 -40 61 47 43 -44 -45 45 -47 -48 -49 -50 50 -52 -53 -54 -55 -56 -57 -58 58 -60 -61 -62 -63
leaf_value=0.013376108840895285 -0.7386497820859369 1.3238366229688232 -1.5016023537699479 0.7983263464204754 0.20702400341556154 -0.4438790734946178 -0.65577151224156582 -0.016694228031306223 0.12000317185585807 0.1021771407483433 -0.20887086626077364 -0.08598090313028238 -0.047948454393633891 -1.6263448639074376 -0.1422135112368654 -0.21916989224553537 -0.084893448948239233 0.12588789510490841 0.62651659846970498 -0.14166445530685579 -0.49944419925723821 -0.0067355729092938082 0.29303268979297031 1.856120303977292 2.97170139090254 0.025603350028199759 -0.22897526506864524 -0.70012661516943531 0.018171518462224867 -1.2376203220787645 0.058279844655973537 0.8757591565522671 -0.47226312972997708 -1.0778319574867179 0.68836444781531447 -0.14970353290084121 0.74567109591734215 -0.34962232598719911 0.021842043930000801 -0.53194873817960653 0.06043517204630007 -1.128529793106712 0.25348596950058461 0.55457728669584583 1.9949192074741469 -0.042776348835266736 -0.11154700555415716 -2.1829503347195653 -0.26988275131803335 -0.032850871566680699 1.1404403022604832 0.11845100981386772 1.8497389027433222 2.3952974484988205 -0.0043993258832870199 0.046402633668548889 1.051907000816503 -0.30597142261949772 0.82949256635304924 0.34083149587269901 -0.11065692019680765 0.79412631755865282
leaf_weight=385 242 324 112 262 396 849 57 948 843 950 1900 5737 2234 70 197 540 598 22 154 689 158 3799 1393 737 114 672 451 331 425 92 229 262 58 154 186 66 199 334 244 109 1297 106 20 128 20 191 341 21 501 2051 124 1098 24 27 41 483 199 122 812 685 1122 178
leaf_count=385 242 324 112 262 396 849 57 948 843 950 1900 5737 2234 70 197 540 598 22 154 689 158 3799 1393 737 114 672 451 331 425 92 229 262 58 154 186 66 199 334 244 109 1297 106 20 128 20 191 341 21 501 2051 124 1098 24 27 41 483 199 122 812 685 1122 178
internal_value=-0.000241809 0.00189751 -0.000386639 0.000508251 -0.000637516 -0.0020276 -0.000426755 0.000296557 0.00189824 -0.000916055 -0.0013453 -0.00189216 -1.56397e-05 0 -0.00360437 -5.37249e-05 0.00155743 -1.6756e-05 -0.00202312 -0.000561466 -0.00537709 -0.000494894 0.00343384 0.0037756 0.00091954 -0.00086128 -0.00201515 -0.000387973 -0.0020156 0.000277264 0.00132761 0.00409919 -0.00047749 -0.00447819 0.000115588 0.0057377 0.00239521 -0.000872093 -0.00275387 -0.00279851 0.000529197 0.00258467 -0.0076 -0.000404858 0.00478296 0.00128505 0.00108491 0.0001514 -0.00235772 0.000463655 -0.000239945 0.00181935 -0.00883978 0.00913462 -0.00705645 0.000116414 0.00660848 0.00169283 0.00309498 0.000641524 -0.00177628 -0.000416667
internal_weight=37113 2329 34784 7572 27212 3548 23664 9513 3161 14151 10821 7637 3184 1170 2047 1383 4305 1479 1198 843 355 6352 1778 1159 422 3267 1647 1018 756 1620 1221 491 730 629 1501 180 2826 1105 578 399 1367 558 112 234 609 211 527 1318 612 3330 2175 1155 178 49 111 4282 398 2217 934 1283 2070 287
internal_count=37113 2329 34784 7572 27212 3548 23664 9513 3161 14151 10821 7637 3184 1170 2047 1383 4305 1479 1198 843 355 6352 1778 1159 422 3267 1647 1018 756 1620 1221 491 730 629 1501 180 2826 1105 578 399 1367 558 112 234 609 211 527 1318 612 3330 2175 1155 178 49 111 4282 398 2217 934 1283 2070 287
cat_boundaries=0 2 4 6 7 9 10 12 13 15 17 18 19 20 22 24 25 27 28 30 31 33 35 37 39 40 41 42 44 45 46
cat_threshold=85591783 377369 1753858533 231946 319063604 681708 24 2219860817 1508061 2668 1376665606 454698 652 206611560 1114944 68198985 524817 2183 1 2578 185472006 569600 2147500048 20 2307 2164667928 17568 552 2149588992 21632 1031 679543237 512 33849344 25088 2371592 1 537153800 4096 24 10785032 912 8388672 512 1260 716
is_linear=0
shrinkage=0.05


Tree=81
num_leaves=63
num_cat=18
split_feature=21 1 6 1 2 1 19 1 7 10 1 2 23 7 11 1 18 2 9 11 21 2 10 1 23 21 7 7 10 15 21 1 9 9 9 22 9 2 2 10 1 9 22 10 2 21 2 7 21 6 22 7 2 9 10 10 10 9 7 19 23 15
split_gain=3.27749 2.98339 2.84284 4.36674 3.5025 3.37114 3.03675 3.18841 2.44951 3.1607 2.98309 3.27995 2.41641 2.30016 2.24673 2.9797 2.75643 2.2474 2.23098 3.28317 2.20581 2.19546 2.09777 1.919 3.24296 1.90148 1.89837 1.81826 1.77338 1.73576 1.69204 1.68634 1.61007 1.88735 1.60975 1.61023 1.60248 1.57581 1.57402 1.55448 1.51837 1.68584 1.5001 1.47474 1.65218 1.62801 1.44713 1.39594 1.37996 1.29022 1.25071 1.15716 1.1549 1.74999 0.998087 1.95891 0.984362 0.982765 0.981129 0.942271 0.840149 0.839583
threshold=309.75000000000006 0 3650.2500000000005 1 2 3 729.75999999999999 4 540.15500000000009 2993.2600000000007 5 6 26.500000000000004 1210.8600000000001 1203.5150000000001 7 0.66261380402317482 8 1778.8850000000004 2476.5350000000008 39.535885167464123 9 2253.4550000000004 10 6.5000000000000009 71.215384615384622 1.0000000180025095e-35 -1.0000000180025095e-35 2755.2050000000004 6.5000000000000009 118.06250000000001 11 351.60500000000008 171.08000000000001 1701.6700000000003 15.918801154595231 378.31000000000017 12 13 3933.8750000000005 14 604.49500000000012 291.43483897748536 638.20000000000016 15 555.50000000000011 16 1277.345 42.133928571428577 1376.8900000000001 20.072883226279192 1703.6700000000003 17 2109.7650000000003 2347.1850000000004 1061.0500000000002 1287.0400000000002 565.07500000000016 452.25000000000006 365.7999999999999 18.500000000000004 11.500000000000002
decision_type=2 9 2 9 1 9 2 9 2 2 9 1 2 2 2 9 2 1 2 2 2 1 2 9 2 2 2 2 2 2 2 9 2 2 2 2 2 1 1 2 9 2 2 2 1 2 1 2 2 2 2 2 1 2 2 2 2 2 2 2 2 2
left_child=2 59 5 4 30 13 7 -5 9 12 18 29 26 14 15 16 -1 -17 19 -10 28 23 -13 24 -8 60 -7 -3 -9 -12 34 52 33 -16 35 -4 -34 51 61 -36 41 -23 43 44 -29 -45 -20 -25 -22 -40 -14 -33 53 -15 55 -27 -39 -46 -42 -2 -6 -11
right_child=1 27 3 6 25 8 21 20 10 38 11 22 50 31 32 17 -18 -19 46 -21 48 40 -24 47 -26 54 -28 42 -30 -31 -32 37 36 -35 39 -37 -38 56 49 -41 58 -43 -44 45 57 -47 -48 -49 -50 -51 -52 -53 -54 -55 -56 -57 -58 -59 -60 -61 -62 -63
leaf_value=-0.33089355796817088 1.6490948735550461 -3.6217694228580353 -0.053456211169608553 -0.18527772288205605 0.025468701926658 0.040911398860276907 -0.098646888226796223 -0.31584973814333045 -0.028608843958298814 -0.22351889354815901 -0.15200793785203359 0.19618816949749843 0.089586656690606337 -0.74001889319236724 0.01717842582963627 0.063240952030804473 0.67290314891458969 0.75442038814839663 -0.033180851355322186 -0.26428041835253391 0.25831225399921837 -0.56078008498460363 -0.019645004336048901 -0.18223294346621161 0.49723066174609959 1.0086077702399521 -0.070364515101993597 1.6911557908953598 -0.017815237722997958 0.053987250132973591 -1.2422688855116992 1.1604889646206034 0.39923130836172194 -0.68359072343785243 -0.61391898429725134 0.21459082520392059 -0.012549427074908692 2.0543699612239066 0.007849485469816387 0.39905736891826465 -0.3582907342008177 0.01727100904448502 -1.0392537333964569 2.1436075619301049 0.78427523144715683 -1.2612405245823695 0.18299081759094726 0.35706818361943837 0.10541999003498717 -0.33423968980128704 -0.10879546462928663 0.30483250844959431 0.080885780805940763 0.33627182812326278 1.0076254743449198 -0.0038326555298382916 0.27798718756850321 -0.35401305758914675 -0.30558266911841026 -0.97134653865700649 0.25542215490265896 0.073025596988576955
leaf_weight=459 39 25 118 252 211 1783 182 42 812 72 1998 5482 127 80 151 979 103 1157 226 728 50 98 1882 695 78 27 9305 102 249 211 58 115 144 149 60 147 4675 86 37 29 314 287 43 360 171 35 178 66 471 211 37 26 287 34 51 56 536 36 556 77 21 37
leaf_count=459 39 25 118 252 211 1783 182 42 812 72 1998 5482 127 80 151 979 103 1157 226 728 50 98 1882 695 78 27 9305 102 249 211 58 115 144 149 60 147 4675 86 37 29 314 287 43 360 171 35 178 66 471 211 37 26 287 34 51 56 536 36 556 77 21 37
internal_value=-0.000240462 0.00274972 -0.000315364 -0.00155302 0.00176991 -0.000154936 -0.00234119 -9.37207e-05 -0.000475388 -0.000988202 3.68924e-05 0.000404235 -0.000835184 0.000664332 0.000348465 0.00151796 -0.00165217 0.0023732 -0.00173735 -0.00262476 0.00139394 -0.00337867 0.000915006 -0.00152321 0.00201465 0.00527704 -0.000928681 0.00388535 -0.00195578 -0.00127138 -0.00129412 0.00274207 -0.000258688 -0.00379538 0 0.00195896 -2.59229e-05 0.00409149 -0.005625 -0.00570652 -0.00479101 -0.00182161 0.00443333 0.00502122 0.00216346 0.00709799 0.0014742 -0.00281008 0.0033874 -0.00766284 0.00508982 0.00892857 0 -0.00393701 0.010219 0.00552326 0.00275591 -0.000340909 -0.00600227 -0.00426357 0.00234043 0
internal_weight=37113 888 36225 4118 778 32107 3340 1064 23126 11609 11517 9573 11252 8981 7817 2698 562 2136 1944 1540 812 2276 7364 1021 260 366 11088 772 291 2209 412 1164 5119 300 354 265 4819 763 357 89 1255 385 747 704 309 395 404 761 521 248 164 141 401 114 134 83 622 207 870 116 232 109
internal_count=37113 888 36225 4118 778 32107 3340 1064 23126 11609 11517 9573 11252 8981 7817 2698 562 2136 1944 1540 812 2276 7364 1021 260 366 11088 772 291 2209 412 1164 5119 300 354 265 4819 763 357 89 1255 385 747 704 309 395 404 761 521 248 164 141 401 114 134 83 622 207 870 116 232 109
cat_boundaries=0 2 4 5 7 9 11 12 13 14 15 17 19 20 21 23 24 25 26
cat_threshold=67109912 4144 6554738 41159 2221 1444463113 246312 33554444 65536 2153971780 533828 3073 1097736 2497 1836 101712000 81952 33554432 81920 1090 548 268435460 393744 554 978 2116
is_linear=0
shrinkage=0.05


Tree=82
num_leaves=63
num_cat=16
split_feature=20 1 4 1 17 1 18 1 16 23 0 1 22 5 1 20 20 15 3 23 18 16 0 21 20 17 14 1 5 20 5 18 1 18 17 4 20 18 18 19 18 19 19 1 18 19 1 20 20 20 21 22 18 22 22 21 19 1 5 18 19 20
split_gain=4.22459 3.1925 3.14089 5.05772 2.90959 4.27277 3.21461 3.02437 3.04013 2.99233 3.21653 2.73901 2.73333 2.53543 2.78644 3.45361 2.40094 2.4382 2.24486 2.08771 2.12458 2.00966 1.9794 1.79404 3.10486 1.75116 1.71838 1.68429 1.66998 2.11376 1.62171 1.61354 1.5988 1.53414 1.48305 1.47336 1.44531 1.40962 1.32948 1.28894 2.00463 1.28326 1.78586 1.51887 1.39775 2.30496 2.08581 1.28194 1.23275 1.20909 1.194 1.14674 1.05827 1.02048 0.94918 0.93475 0.892944 0.833866 1.71327 0.915134 0.829648 2.15675
threshold=350.50000000000006 0 1 2 1.0024686650050745 3 0.29792055225158653 4 1.0259625827648244 7.5000000000000009 5 6 3.7716029769593651 64.500000000000014 7 69.500000000000014 38.500000000000007 4.5000000000000009 8 1.5000000000000002 0.33690938860700281 0.66694676376297746 9 152.10000000000002 133.50000000000003 8.9055816639684034e-06 4.5000000000000009 10 74.500000000000014 35.500000000000007 67.500000000000014 1.091930739815369 11 0.73425707284975117 1.3421386874147583 12 150.50000000000003 0.36051757879871787 1.2374707593270442 35.20000000000028 0.93139756767441861 1617.05 1800.4600000000003 13 0.76558652624781587 158.88499999999968 14 198.50000000000003 123.50000000000001 59.500000000000007 88.7638888888889 139.33681727070672 0.2248390793765728 48.519755396300333 86.999900398968549 235.83333333333334 1189.7950000000001 15 210.50000000000003 1.0299319516904124 1657.2750000000005 473.50000000000006
decision_type=2 9 9 9 2 9 2 9 2 2 1 9 2 2 9 2 2 2 1 2 2 2 1 2 2 2 2 9 2 2 2 2 9 2 2 9 2 2 2 2 2 2 2 9 2 2 9 2 2 2 2 2 2 2 2 2 2 9 2 2 2 2
left_child=2 19 3 26 5 6 52 41 9 10 -9 12 -5 14 38 -16 22 -18 35 20 30 -14 -10 28 49 -8 39 54 32 -30 -2 -23 -13 -29 -11 50 -26 -20 -7 57 47 44 53 -44 46 -46 -6 -41 -27 -25 -3 56 -4 -43 -15 -52 -21 58 -1 -59 61 -32
right_child=1 18 4 11 7 13 25 8 16 34 -12 23 21 27 15 -17 17 -19 37 51 -22 31 -24 24 36 48 -28 33 29 -31 60 -33 -34 -35 -36 -37 -38 -39 -40 40 -42 42 43 -45 45 -47 -48 -49 -50 -51 55 -53 -54 -55 -56 -57 -58 59 -60 -61 -62 -63
leaf_value=0.29955414128804064 -2.2978268252387681 1.9429275274685083 0.51898507863822907 -0.6939126462104227 0.047020552623286353 -0.075425238740075076 0.072148363906647722 -0.14029256463709922 -0.053739933536421085 0.03086452785781706 -0.51244874838337473 0.07198398336684271 0.69741904232225238 0.19670583390546739 -0.33330941344607989 -0.14754167720218164 -0.035681619577783867 0.04767464936214303 -0.050949729023803771 0.14574181535658112 3.3168475862867894 -0.18660959780778194 -0.18551854580161981 0.071816215456799171 -1.0726822023943974 -0.15376072297881116 -0.31935707712634787 0.047016646911482954 0.128462488548195 -0.011731189193755043 -2.0617169878830199 0.043016996817557107 -0.23180448927664374 -0.087732710425604668 -0.11986738279704597 -1.6014085403279155 0.38584347054487012 1.4519960312678331 0.38467414020089574 0.13203392495789359 -0.32978518575613802 -0.27652575619881026 0.17390333706796995 -0.15218677956706037 0.05380188728322928 -0.22278031831570219 0.5630380869385192 1.1842952486051346 -0.72884611393371412 1.5607921274362084 -1.3960732914998688 3.1446679690951003 2.3682708603598726 -1.6549835503348789 -0.52419661006443552 2.0756648434406144 -0.9262830428213662 -0.13348138009857849 -0.10931099792922937 0.50257461642326706 3.7139723009902554 3.8710583622050736
leaf_weight=167 39 63 48 269 818 54 97 580 2954 362 313 260 50 381 230 380 8767 2490 378 71 233 228 1249 95 66 866 28 987 723 2368 53 255 680 1685 370 107 477 346 53 687 49 176 375 588 2637 639 883 141 268 197 35 22 25 30 24 27 64 28 107 330 105 36
leaf_count=167 39 63 48 269 818 54 97 580 2954 362 313 260 50 381 230 380 8767 2490 378 71 233 228 1249 95 66 866 28 987 723 2368 53 255 680 1685 370 107 477 346 53 687 49 176 375 588 2637 639 883 141 268 197 35 22 25 30 24 27 64 28 107 330 105 36
internal_value=-0.000201396 0.00232301 -0.000315164 0.000613051 -0.000553066 -0.00163693 -0.00410023 -0.000313119 -0.00065651 -0.00271806 -0.0046596 -7.04101e-05 -0.00276074 -0.000761755 -0.0034375 -0.00473515 -0.000436526 -5.10657e-05 0.000412797 0.00507075 0.00682303 -0.000606343 -0.00145625 0.000368928 0.00247613 -0.00476094 0.00314516 -0.000121753 -5.57759e-05 0.000492889 0.00307203 -0.00169753 -0.0019088 -0.000595903 -0.000272109 -0.00367347 0.000137363 0.00183175 0.00354167 0.00342262 0.00207386 0.00063322 -0.000831911 2.58799e-05 0.000988956 0.000365965 0.00215669 0.00270758 -0.00532102 0.00661017 0 0 0.00559211 -0.00502392 0.002811 -0.00461538 -0.00163043 0.00519685 0.00243902 0.00687332 0.00507614 0.000815217
internal_weight=37113 1579 35534 7205 28329 5098 1304 23231 17085 1625 893 5668 802 3794 717 610 15460 11257 956 623 466 533 4203 4866 835 1231 1537 3077 4031 3091 233 483 940 2672 732 232 543 724 107 1509 877 6146 1169 963 4977 3276 1701 828 1134 292 125 157 73 206 405 62 135 632 274 358 194 89
internal_count=37113 1579 35534 7205 28329 5098 1304 23231 17085 1625 893 5668 802 3794 717 610 15460 11257 956 623 466 533 4203 4866 835 1231 1537 3077 4031 3091 233 483 940 2672 732 232 543 724 107 1509 877 6146 1169 963 4977 3276 1701 828 1134 292 125 157 73 206 405 62 135 632 274 358 194 89
cat_boundaries=0 2 3 5 7 9 10 12 14 15 16 18 20 21 23 25 27
cat_threshold=88097999 311832 16 2148607585 1201157 70254895 1553668 1543553311 239786 1 203554842 526672 2181431360 16385 2 1 298410496 24 835584 66178 19 268468240 8320 402702337 75904 1114176 21504
is_linear=0
shrinkage=0.05


Tree=83
num_leaves=63
num_cat=17
split_feature=20 1 23 4 1 19 9 1 1 10 1 7 13 7 11 5 7 3 1 20 1 23 20 3 1 20 15 11 23 10 23 1 7 1 20 22 15 6 1 20 1 22 5 11 11 11 9 19 1 9 11 11 9 20 22 5 7 5 20 4 6 9
split_gain=3.55227 2.93275 2.87891 2.85457 4.20952 2.56677 3.01777 3.20122 2.37147 2.60969 3.56307 2.85886 3.03058 2.37146 2.30295 2.19479 2.65813 3.04804 2.69121 2.21187 2.7112 2.15708 2.00118 1.99784 2.62969 2.72316 1.99241 1.76561 1.78996 1.74455 1.63197 1.61932 1.57848 1.46216 1.50287 1.44696 1.39938 1.39508 1.38906 1.37669 1.41121 1.35357 1.32866 1.30948 1.29179 1.29025 1.26127 1.65246 2.04729 1.63355 1.29628 1.39424 1.2156 1.21392 1.24454 1.14138 1.11505 0.994849 1.49821 1.05193 0.948347 0.806614
threshold=350.50000000000006 0 1.5000000000000002 1 2 899.20500000000004 399.43500000000006 3 4 2480.1800000000007 5 540.15500000000009 1.0000000180025095e-35 720.80000000000018 4952.8500000000013 72.500000000000014 605.6600000000002 6 7 48.500000000000007 8 7.5000000000000009 51.500000000000007 9 10 16.500000000000004 9.5000000000000018 803.66000000000008 19.500000000000004 1033.3750000000002 14.500000000000002 11 1798.8550000000002 12 28.500000000000004 172.9011777451386 15.500000000000002 3056.7900000000004 13 674.00000000000011 14 -1.0000000180025095e-35 318.50000000000006 379.11500000000007 1018.3000000000001 10546.255000000003 342.00500000000005 2164.2950000000005 15 1272.0350000000001 1681.3150000000003 3133.9450000000006 1373.4550000000002 545.50000000000011 -1.0000000180025095e-35 301.50000000000006 413.43000000000006 16.500000000000004 52.500000000000007 16 2012.74 3843.3850000000002
decision_type=2 9 2 9 9 2 2 9 9 2 9 2 2 2 2 2 2 1 9 2 9 2 2 1 9 2 2 2 2 2 2 9 2 9 2 2 2 2 9 2 9 2 2 2 2 2 2 2 9 2 2 2 2 2 2 2 2 2 2 9 2 2
left_child=3 2 13 4 5 6 55 29 37 15 30 12 -12 42 -13 19 18 -18 -17 26 -21 31 36 33 27 -26 -10 41 -29 -8 61 -7 -27 34 -6 43 -23 38 -5 40 44 -25 -2 -35 -3 -32 50 49 -49 -48 -39 -52 -9 -42 -55 -1 -33 58 -40 -59 -41 -11
right_child=1 39 -4 8 23 21 7 52 9 10 11 14 -14 -15 -16 16 17 -19 -20 20 -22 22 -24 24 25 32 -28 28 -30 -31 45 56 -34 35 -36 -37 -38 46 57 60 53 -43 -44 -45 -46 -47 47 48 -50 -51 51 -53 -54 54 -56 -57 -58 59 -60 -61 -62 -63
leaf_value=0.36485840905419736 0.23260274977824766 -1.4665524461498223 -0.064982815126328572 0.61791762459864263 -0.7593648256654405 -0.067872816416603851 1.3874795508834319 -0.0011025804165790021 -0.32979513154157447 -0.51963114676792588 0.27722254606039026 -0.17105487822598758 -0.27270564318357693 3.5183447791180584 0.017218901708655209 -0.3385256717858649 -0.14413778753742151 0.16686004122726744 -0.028552939782305133 -0.28259967052568696 0.018622923569456874 0.1986655352399529 -0.50448489319771717 0.070960025241701891 0.59812203385983909 -0.42278491462919165 0.024002333012129819 -0.063576104534828204 0.19817686914565674 0.22133759853818413 0.010722671800021823 0.87243334613588885 0.64730032036962803 -1.3922648470872965 -0.014623015663777572 -1.4111617376714432 -0.30920997811454376 -0.083784868205640003 -0.79871488529943968 0.4328404408586124 0.40215355634611288 1.4985810995491073 3.7853285692022269 0.079101554081335484 0.40770621089337172 -0.23396563901437731 -0.16038136154498339 -0.29009879690801682 0.25959265349233507 0.0090339158942649433 -1.0919488980223304 0.04107120463399383 0.14888093285616819 4.0605261195546039 0.0060620252079743864 1.5675742847033547 0.11847339965664716 0.093441659100441402 -0.018020091943728288 -0.0067872528144501849 -1.5933494899960294 -0.068544937600016814
leaf_weight=207 227 66 156 175 79 505 98 977 1310 258 37 854 498 239 1229 537 1001 3081 8059 628 1971 64 97 96 83 553 137 1141 53 403 102 219 22 33 250 20 26 164 64 41 601 70 39 1491 37 42 959 256 445 1174 64 32 432 71 46 51 235 2731 173 2324 56 24
leaf_count=207 227 66 156 175 79 505 98 977 1310 258 37 854 498 239 1229 537 1001 3081 8059 628 1971 64 97 96 83 553 137 1141 53 403 102 219 22 33 250 20 26 164 64 41 601 70 39 1491 37 42 959 256 445 1174 64 32 432 71 46 51 235 2731 173 2324 56 24
internal_value=-0.000181189 0.00213338 0.0046365 -0.000285618 0.000599196 0.00190863 0.00292492 0.0021955 -0.00051249 -0.000813912 -0.00216606 -0.00142531 -0.00469331 0.00654528 -0.000563279 -0.000564955 -0.000236574 0.000807834 -0.000738458 -0.00158064 -0.000682168 0 -0.00486842 -0.000505891 -0.0016002 -0.00417288 -0.00315517 -0.000291333 -0.00100251 0.00559339 -0.00637813 0.000961538 -0.00549308 0.000649523 -0.00226608 0.00131663 0 0.000177863 0.000662706 0.000214823 0.000940534 0.00443787 0.00297398 0.00153897 -0.00409483 -0.00170068 -0.000661931 -0.000334861 0.00174006 -0.00104167 -0.0039924 -0.00858586 0.000896624 0.00177839 0.00645833 0.00804598 0.00310493 0.000499529 -0.00260417 0.000657374 -0.00525 -0.00877193
internal_weight=37113 1579 661 35534 7205 3314 2168 1910 28329 19768 3044 2618 535 505 2083 16724 12678 4082 8596 4046 2599 1146 187 3891 2018 658 1447 1360 1194 501 426 959 575 1873 329 1544 90 8561 5467 918 821 166 266 1524 103 144 3094 2834 701 2133 260 96 1409 718 117 258 454 5292 237 5055 97 282
internal_count=37113 1579 661 35534 7205 3314 2168 1910 28329 19768 3044 2618 535 505 2083 16724 12678 4082 8596 4046 2599 1146 187 3891 2018 658 1447 1360 1194 501 426 959 575 1873 329 1544 90 8561 5467 918 821 166 266 1524 103 144 3094 2834 701 2133 260 96 1409 718 117 258 454 5292 237 5055 97 282
cat_boundaries=0 2 3 5 7 9 11 12 14 16 17 19 21 23 25 27 29 30
cat_threshold=90195695 311816 16 2148873953 1463813 2147561985 1048581 1577632026 780536 2164264964 260 4 14942720 1048834 6566497 267268 5 648052996 41128 2147489441 262144 111182096 8 1342177280 655360 1093888 131104 67633160 114704 12
is_linear=0
shrinkage=0.05


Tree=84
num_leaves=63
num_cat=24
split_feature=6 22 7 1 20 1 1 20 18 1 22 20 23 22 1 2 1 2 2 18 18 22 2 16 7 16 2 1 22 4 1 7 16 22 22 2 23 1 7 4 23 18 19 8 4 2 7 23 19 1 19 16 8 4 2 20 19 8 16 1 1 20
split_gain=3.40904 3.26465 3.21311 4.01555 3.18334 4.08611 3.19294 3.02639 2.94721 2.8876 2.4256 5.77869 2.6136 3.6275 2.33237 2.31878 2.12917 3.59345 2.39992 1.97787 1.86715 1.85486 1.84208 2.69996 1.91324 1.81924 1.60657 4.17184 2.62305 2.32451 2.09957 1.63305 1.60546 2.27885 2.30244 2.02072 1.96363 1.67763 1.58151 2.52853 1.85234 1.7441 1.81708 1.56436 1.75766 1.49477 1.85902 1.49172 1.44729 1.41532 1.38649 1.31658 1.23006 1.22409 1.68366 1.20742 1.18882 1.1635 1.13142 2.41075 1.52837 1.8749
threshold=5898.4900000000007 10.442148157672895 720.80000000000018 0 70.500000000000014 1 2 330.50000000000006 1.8559844854446763 3 54.423887347607952 19.500000000000004 5.5000000000000009 20.072883226279192 4 5 6 7 8 0.81843408467399081 2.23087147792292 46.572345155696389 9 1.6509751525707292 461.80000000000007 0.21695061192489654 10 11 154.99502675292243 12 13 793.08500000000015 1.8511752942595969 -1.0000000180025095e-35 53.860906534764183 14 11.500000000000002 15 384.06999999999999 16 23.500000000000004 0.50287203375913492 3163.0600000000009 360.23500000000007 17 18 810.03000000000009 5.5000000000000009 2631.2900000000009 19 2133.8750000000005 1.5305791159563371 711.2750000000002 20 21 473.50000000000006 1761.7700000000002 288.03000000000003 2.9999999999999996 22 23 391.50000000000006
decision_type=2 2 2 9 2 9 9 2 2 9 2 2 2 2 9 1 9 1 1 2 2 2 1 2 2 2 1 9 2 9 9 2 2 2 2 1 2 9 2 9 2 2 2 2 9 1 2 2 2 9 2 2 2 9 1 2 2 2 2 9 9 2
left_child=2 15 4 8 6 58 22 26 32 45 12 47 14 -14 -8 -2 18 52 56 -13 -10 -20 23 24 -1 -19 27 29 30 -5 -28 -29 35 37 -35 51 -37 -34 39 57 41 -40 48 49 -45 55 -47 -12 -43 -24 -25 -4 -18 -22 -55 -9 -7 -3 59 -6 -60 -62
right_child=1 38 3 7 5 16 10 9 20 -11 11 19 13 -15 -16 -17 17 25 21 -21 53 -23 43 50 -26 -27 28 31 -30 -31 -32 -33 33 34 -36 36 -38 -39 40 -41 -42 42 -44 44 -46 46 -48 -49 -50 -51 -52 -53 -54 54 -56 -57 -58 -59 60 -61 61 -63
leaf_value=-0.047098563114807493 -0.55174498198255983 -0.02769698473906166 -0.29270873555361393 0.026206167661055171 0.34782812764271009 -0.69111594975997215 -0.11571707741259303 -1.4378949367553291 1.0641972275296305 2.4020583869859182 1.4257434629643173 -0.4986213475475218 0.028412683871167667 -0.059021653852486013 -0.26080258551164803 -0.18130354207324528 0.19158044914960684 0.20471232642495601 -0.2112920970288954 -0.53907892187399831 0.047646784409465862 0.57524602099332045 -0.39872602902701343 0.235970212327139 -0.25644695102739812 -0.089989345941581089 0.46308485264318194 0.49842137996539582 -1.707789999784042 -0.14077463475685975 0.074027059675802684 0.13376944422634801 0.51602143669467471 -0.38406408248405555 -0.11353167814616115 0.37011522456160723 -0.39240140285731828 -0.43292014890966546 0.23995908132913826 0.079579698336508464 0.10560134752189043 -0.10256242963126123 -0.49043305598745202 0.023043320511049362 0.26607794320006983 -2.1102193000228424 1.8553174718546843 -0.51037523540098151 0.47278747745591354 0.039281332802120164 -0.27268339211845077 0.27399762054487731 -1.081638289591649 0.1942385209780822 -0.21988939484206185 3.700271495613987 0.067585186047026374 -0.54665508929473761 -0.03592155947072833 0.0095230918206265624 0.0677909401799031 2.9480897366012671
leaf_weight=522 116 48 72 1258 546 364 2753 86 99 302 153 339 1476 2182 1061 112 1810 752 376 323 136 137 108 503 210 5338 421 235 55 1748 4244 1128 220 727 281 131 25 256 171 113 105 304 60 559 429 34 237 64 46 376 103 42 30 105 146 25 44 88 1134 440 1684 121
leaf_count=522 116 48 72 1258 546 364 2753 86 99 302 153 339 1476 2182 1061 112 1810 752 376 323 136 137 108 503 210 5338 421 235 55 1748 4244 1128 220 727 281 131 25 256 171 113 105 304 60 559 429 34 237 64 46 376 103 42 30 105 146 25 44 88 1134 440 1684 121
internal_value=-0.000189271 -0.00285163 -0.000101521 0.000563832 -0.000437552 9.78167e-05 -0.00105473 0.00100399 -0.00133156 0.00422125 -0.00154531 -0.00405329 -0.00124415 -0.000273149 -0.00216138 -0.00822511 -0.000493569 -0.00022032 -0.00275696 -0.00639098 0.00204499 -0.0003327 0.000389656 -0.000925241 -0.0029932 -0.000811077 0.000756159 5.13464e-05 0.00139446 -0.000977145 0.00153706 0.00234375 -0.00230507 -0.00295898 -0.00430267 0.0010989 0.00473373 0 -0.00146588 -0.00486111 -0.000145138 -0.00132705 -0.0031477 0.00161616 0.00277497 0.00101266 0.00308099 0.00284091 -0.00155807 -0.000616016 0.00147783 -0.00354331 0.00169995 0.000320513 -0.00160985 -0.00342742 -0.00558195 -0.0090604 0.00144109 0.00293225 0.000926241 0.00182893
internal_weight=37113 1163 35950 12013 23937 12776 11161 9773 2240 684 8351 879 7472 3658 3814 228 8851 7930 921 662 486 513 2810 1338 732 6090 9089 4369 4720 3006 4665 1363 1754 1484 1008 270 156 476 935 249 686 581 410 1472 988 382 271 217 350 484 606 114 1840 387 251 111 408 136 3925 986 2939 1805
internal_count=37113 1163 35950 12013 23937 12776 11161 9773 2240 684 8351 879 7472 3658 3814 228 8851 7930 921 662 486 513 2810 1338 732 6090 9089 4369 4720 3006 4665 1363 1754 1484 1008 270 156 476 935 249 686 581 410 1472 988 382 271 217 350 484 606 114 1840 387 251 111 408 136 3925 986 2939 1805
cat_boundaries=0 2 4 6 8 10 11 13 14 15 16 17 19 20 22 23 25 26 27 28 30 31 32 34 36
cat_threshold=3530753360 537956 3524888401 37945 340131909 1477252 546062857 65665 538514584 95522 225 23334944 1575172 784 817 434 2323 738206351 1147032 20 134225920 1247256 346 272696592 32 25 7 292 393216 294912 24 2154 2416542720 37904 557072 5136
is_linear=0
shrinkage=0.05


Tree=85
num_leaves=63
num_cat=16
split_feature=6 22 21 1 8 1 1 22 1 20 10 1 15 19 1 20 1 17 6 1 4 17 22 20 20 8 12 17 22 20 4 1 3 17 8 1 19 10 1 19 20 3 17 20 22 22 20 16 8 8 8 8 10 15 1 10 22 18 18 19 21 10
split_gain=3.11044 3.00678 2.80781 2.63315 2.3744 5.62253 2.65975 2.52789 2.2134 1.9828 1.97844 4.19856 3.47264 1.80342 5.01029 2.26339 1.77819 1.76903 1.62768 1.60445 1.54357 1.48577 1.55536 1.42517 1.41019 1.37379 1.37097 1.35626 1.47728 1.31566 1.30066 3.78947 1.30026 1.49038 1.2898 1.284 1.28381 1.15255 1.12478 1.88556 2.8712 1.02116 0.958347 0.958327 0.955092 1.19818 0.917215 0.833468 0.813488 1.43966 0.783565 0.754574 0.808867 0.742849 0.731867 0.999829 0.706659 0.655651 0.655613 0.654739 0.633433 0.621547
threshold=5898.4900000000007 15.55822386453268 309.75000000000006 0 1229.1400000000001 1 2 18.61774509286413 3 247.50000000000003 1756.8000000000004 4 4.5000000000000009 1893.53 5 448.50000000000006 6 3.4872313556791226 2012.74 7 8 0.88889378883204972 16.619516214105875 12.500000000000002 63.500000000000007 638.50000000000011 1.5000000000000002 1.2402422752990117 9.4334661315223922 20.500000000000004 9 10 11 1.1111178434273674 410.72500000000008 12 1198.115 1694.7250000000001 13 2896.8650000000002 22.500000000000004 14 0.93107345018391097 2.5000000000000004 8.4950909611769774 13.912534315966992 126.50000000000001 1.8275672068246342 1206.9500000000003 2074.3750000000005 1059.5250000000003 540.15500000000009 2033.72 6.5000000000000009 15 1487.4950000000001 18.304404303666043 0.42879372382728653 0.6935906636812651 1280.8950000000002 73.25833333333334 1054.3950000000002
decision_type=2 2 2 9 2 9 9 2 9 2 2 9 2 2 9 2 9 2 2 9 9 2 2 2 2 2 2 2 2 2 9 9 1 2 2 9 2 2 9 2 2 1 2 2 2 2 2 2 2 2 2 2 2 2 9 2 2 2 2 2 2 2
left_child=2 38 4 9 6 7 17 27 30 -4 13 12 -12 15 -15 -8 24 32 20 -13 -10 51 29 43 -9 41 -20 28 -6 -23 35 -32 33 -1 -34 -7 61 -29 39 40 42 56 -2 -5 47 -46 -43 -40 54 -50 -11 52 -3 -18 58 -56 -25 -38 -24 -19 -51 -27
right_child=1 21 3 23 5 8 10 16 18 50 11 19 -14 14 -16 -17 53 59 26 -21 -22 22 48 25 -26 36 -28 37 -30 -31 31 -33 34 -35 -36 -37 57 -39 44 -41 -42 46 -44 -45 45 -47 -48 -49 49 60 -52 -53 -54 -55 55 -57 -58 -59 -60 -61 -62 -63
leaf_value=-0.35696722989074631 -0.11338668847384509 -0.32578975877262517 0.83565411890800767 2.6803086639627436 0.15090057346500477 0.24000166115497734 0.002652949398106941 0.18180326446151868 0.81592766593052957 -4.6435659728438257 -0.14590436065423126 -0.17707967743667599 0.059102616620444429 -0.26317362004522099 0.021566417682518237 1.7933528478020209 0.023261732180080232 3.6786018475978182 0.026931017991442374 -0.058693321725144187 0.053345610179089856 -0.118921300691256 -0.067205008192826557 1.0807697848331088 -0.67514099587416043 1.5226705393284412 -1.7168558828552034 -0.21569887132824164 -0.13952066658638387 0.22113112192615125 -0.39287272104634746 0.75838281334911106 -0.091344136550882027 0.21715435645429404 -0.45612599789198915 0.71199520881848999 2.541278202590715 -0.31838273955031221 0.083474427162150283 -0.62289363912348172 -0.3112701474166768 3.0570460958603833 0.20331288027704347 -4.6341903246319065 0.63772137910698867 -0.23076482380237309 -0.59036764694975619 -0.6594300943109499 0.16685279719657925 -0.60591087868084592 -0.69596108870836426 -0.41060968639168594 0.32084738327455081 0.47793514315162577 -0.66713618685563503 -0.17462619188758169 2.5658754978252789 3.0115937184467074 0.26383970632387249 -0.19454171156487804 0.16592612176873303 0.58433756535572456
leaf_weight=45 22 26 51 20 30 299 19719 37 143 30 770 856 1428 1325 1810 391 256 24 2415 3499 158 33 93 176 79 82 77 170 49 66 230 227 98 56 184 392 55 242 41 134 114 49 37 26 24 37 110 54 150 33 21 77 32 26 29 117 87 25 24 32 20 151
leaf_count=45 22 26 51 20 30 299 19719 37 143 30 770 856 1428 1325 1810 391 256 24 2415 3499 158 33 93 176 79 82 77 170 49 66 230 227 98 56 184 392 55 242 41 134 114 49 37 26 24 37 110 54 150 33 21 77 32 26 29 117 87 25 24 32 20 151
internal_value=-0.000179842 -0.00272298 -9.59586e-05 0.00268059 -0.000167522 0.00085868 -0.000333168 -0.00268847 0.00167552 -0.00434783 -0.000273389 -0.00104103 0.000723654 -5.48434e-05 -0.00117113 0.00011684 0.000124688 -0.00414823 0.000882038 -0.00194025 0.00435855 -0.00056899 0.000484155 0.00368388 -0.00465116 0.00430217 0.000440882 -0.00511134 0.000304878 0.00612745 0.00353144 0.0012234 -0.00550518 0 -0.00711864 0.00493608 0.00688291 -0.00626506 -0.00584764 -0.00757812 -0.00383523 0.00223529 0.00443548 -0.00408163 -0.00147929 0.00273438 -0.000726744 -0.00484694 -0.000639659 0.00157767 -0.0115741 -0.00525362 0 0.00237288 -0.00253759 -0.00471698 0.00407609 0.0126506 0.000192308 0.00338983 -0.00491071 0.00455508
internal_weight=37113 1163 35950 883 35067 4830 30237 889 3941 102 29798 6553 2198 23245 3135 20110 398 439 2793 4355 301 700 565 781 116 735 2492 491 79 99 1148 457 383 101 282 691 313 412 463 307 173 422 59 46 156 61 159 95 466 203 51 135 58 282 263 146 263 80 117 56 53 233
internal_count=37113 1163 35950 883 35067 4830 30237 889 3941 102 29798 6553 2198 23245 3135 20110 398 439 2793 4355 301 700 565 781 116 735 2492 491 79 99 1148 457 383 101 282 691 313 412 463 307 173 422 59 46 156 61 159 95 466 203 51 135 58 282 263 146 263 80 117 56 53 233
cat_boundaries=0 2 4 6 8 10 12 13 15 16 17 19 20 21 23 24 25
cat_threshold=67108888 4144 3548583266 4160 2097152 526592 68730905 305665 159663467 1520177 873697562 266267 268505154 68300820 17484 19 26 49153 262657 1 67633176 536870913 327696 9 537133184
is_linear=0
shrinkage=0.05


Tree=86
num_leaves=62
num_cat=4
split_feature=21 6 0 2 21 15 15 2 6 8 22 6 7 15 7 20 16 21 22 16 22 8 7 7 10 7 20 22 22 22 8 18 8 7 22 20 16 2 15 7 21 10 10 7 20 6 18 7 18 11 9 22 8 11 20 10 10 18 20 8 11
split_gain=3.071 2.39169 2.41105 6.27112 10.395 5.65472 9.14429 5.61174 4.59201 3.93391 3.60694 3.36472 3.47514 3.3336 2.75935 2.3839 2.27356 2.24875 2.18599 3.93804 2.14656 2.12114 1.93681 1.90661 2.14667 1.87871 1.78148 1.68617 1.56888 1.4622 1.45935 1.3802 1.32523 1.72988 1.70034 1.58871 1.26055 1.21071 1.15057 1.77941 1.14284 1.13222 1.1221 0.953343 0.81262 0.775641 0.700606 0.689766 2.18781 0.556461 0.473585 0.568819 0.472408 0.447092 0.435697 0.351865 0.324926 0.76466 0.155359 0.120357 0.061256
threshold=309.75000000000006 8525.1000000000022 0 1 49.020833333333336 1.5000000000000002 7.5000000000000009 2 2012.74 967.1400000000001 29.176025665915461 1376.8900000000001 137.89500000000001 2.5000000000000004 183.86500000000004 69.500000000000014 0.36811305843325343 201.70833333333334 1.4571067811865479 2.3999564551245647 37.170455823483891 1750.4450000000002 1115.8100000000002 255.47500000000002 887.6450000000001 -1.0000000180025095e-35 1.0000000180025095e-35 55.319081249243339 291.43483897748536 54.826087762711836 272.59500000000008 0.71748488610601324 1030.9900000000002 385.85500000000008 15.44258861469946 12.500000000000002 0.8838555967147429 3 7.5000000000000009 687.63000000000022 555.50000000000011 606.97500000000014 1397.6000000000001 550.99500000000012 76.500000000000014 10798.460000000001 1.4619766923411499 255.47500000000002 0.33690938860700281 965.00500000000011 545.90500000000009 15.44258861469946 272.59500000000008 1349.9950000000001 42.500000000000007 1109.4650000000004 2652.6300000000006 0.90479756149613844 293.50000000000006 1260.9800000000002 792.47500000000014
decision_type=2 2 1 1 2 2 2 1 2 2 2 2 2 2 2 2 2 2 2 2 2 2 2 2 2 2 2 2 2 2 2 2 2 2 2 2 2 1 2 2 2 2 2 2 2 2 2 2 2 2 2 2 2 2 2 2 2 2 2 2 2
left_child=1 2 7 4 5 26 -7 10 22 16 23 12 17 15 -11 -13 -10 -5 19 -6 42 32 29 44 -25 -2 -4 -15 37 -9 -20 -22 33 34 -3 59 -14 41 43 -40 47 50 -12 -35 -1 54 -24 58 -49 60 51 -27 -36 -51 -23 -30 -37 -58 -39 -34 -43
right_child=25 21 3 11 18 6 -8 8 9 14 20 13 36 27 -16 -17 -18 -19 30 -21 31 45 46 24 -26 28 -28 -29 55 -31 -32 -33 35 38 52 56 -38 40 39 -41 -42 49 -44 -45 -46 -47 -48 48 -50 53 -52 -53 -54 -55 -56 -57 57 -59 -60 -61 -62
leaf_value=-0.14895721354051047 -3.6025202384488546 -0.6371176277572852 -4.9849703559825151 -0.32914377219774293 -2.905391846990014 -1.6585424553848964 0.029826828792040419 0.075663965450658219 0.070468398204510049 0.97695340097894712 -0.50288997765539389 -0.80777495128814203 -0.19926867039480245 -0.0051595399460371283 0.025198306615635959 -0.28441768519632266 -0.06031683235032901 2.5150710335945838 -0.50105514145278673 0.059351709595389934 -0.13922978022048263 -0.17554574610051077 2.7717249643861082 1.4852656132219211 0.26501123389162162 -1.0336926664001538 3.3141636346894616 -0.36429085389785687 -0.83279222811156617 0.81162325378235289 0.23061840271313302 0.36129727448953269 -0.32148944615025243 0.31450419434273585 0.16798950157740045 -0.66604304634718337 0.077178621994467636 4.1538881632288227 -0.25926099992517043 0.31476564866697693 -1.1334200941022303 1.9002540366099545 -0.067092788276486459 -0.42209949108038036 0.63526468702681993 0.13900687673136575 0.004101740118993647 -0.91644862391219706 1.5417098963326581 -0.40791114124082811 -2.1601956881497713 2.0969539245468121 -0.29617599771365688 0.61993230021967138 0.29014668716126729 -1.218797072514898 -0.41624335676493929 -0.042019573065168639 3.6355304680907241 0.21921636529255784 4.5648135408065338
leaf_weight=143 27 31 35 506 50 330 93 1493 1439 156 94 346 129 3039 6082 630 13880 30 37 116 242 23 97 272 979 93 81 416 20 318 416 292 25 21 23 22 3829 63 28 31 39 20 87 73 54 23 32 62 311 49 25 22 20 86 29 26 78 33 23 22 22
leaf_count=143 27 31 35 506 50 330 93 1493 1439 156 94 346 129 3039 6082 630 13880 30 37 116 242 23 97 272 979 93 81 416 20 318 416 292 25 21 23 22 3829 63 28 31 39 20 87 73 54 23 32 62 311 49 25 22 20 86 29 26 78 33 23 22 22
internal_value=-0.000146163 -0.000218753 -0.000169949 -0.000825402 -0.00426985 -0.00936347 -0.0120305 8.57265e-05 -0.000137176 -0.000349026 0.00251608 -0.000366413 0.000589282 -0.00134754 0.000705015 -0.00393258 -0.000781556 -0.00315399 4.01929e-05 -0.00473373 -0.00031337 -0.00371134 0.00218734 0.00396278 0.00468501 0.00274972 0 -0.000600058 0.00321181 0.00172271 0.00191886 0.00121043 -0.00518293 -0.00228261 -0.00844156 -0.00846995 0.00111083 0.00375917 0.000480769 0.00604839 0.00528376 0.000984848 -0.00502717 -0.00257732 -0.000375 0.00352564 0.00814394 0.00611472 0.00485372 0.00375 -0.0020979 -0.000211864 -0.000543478 0.00163043 0 -0.00510204 -0.0112132 -0.0125 0.0106742 0 0.00888889
internal_weight=37113 36225 35743 10083 1158 539 423 25660 23497 21557 2163 8925 4494 4431 6238 976 15319 536 619 166 715 482 1940 1448 1251 888 116 3455 861 1811 453 534 407 227 74 180 3958 815 153 59 498 317 181 94 197 75 129 459 373 177 140 115 43 135 52 46 133 111 86 47 42
internal_count=37113 36225 35743 10083 1158 539 423 25660 23497 21557 2163 8925 4494 4431 6238 976 15319 536 619 166 715 482 1940 1448 1251 888 116 3455 861 1811 453 534 407 227 74 180 3958 815 153 59 498 317 181 94 197 75 129 459 373 177 140 115 43 135 52 46 133 111 86 47 42
cat_boundaries=0 1 2 3 4
cat_threshold=1 256 256 326
is_linear=0
shrinkage=0.05


Tree=87
num_leaves=63
num_cat=10
split_feature=10 1 9 7 1 15 6 1 17 15 0 7 15 1 11 6 1 9 11 1 22 16 22 17 6 13 10 1 11 17 16 8 23 23 10 11 11 8 11 13 11 23 7 23 9 15 1 3 11 7 16 16 17 17 10 8 11 15 11 15 18 22
split_gain=2.52939 3.75554 3.04703 3.01319 4.54655 2.72568 2.65498 2.63972 2.47905 3.44541 2.79093 2.44506 2.98521 2.36856 3.04313 2.63793 3.91859 2.64031 2.17038 1.83348 1.77518 1.76324 1.7009 1.5777 2.67869 1.50539 2.99674 2.05389 1.46556 1.46043 1.4136 1.40119 1.79501 1.35302 1.32614 2.55261 1.9327 1.30129 1.29695 1.56864 1.28381 1.50052 1.28217 1.19376 1.18021 1.1731 1.16479 1.06024 2.32315 1.20383 1.08596 1.48307 1.19684 0.987624 0.955393 0.92698 0.918143 1.43083 0.885012 0.837469 0.832659 0.82033
threshold=4033.0100000000007 0 2299.2250000000008 720.80000000000018 1 7.5000000000000009 8525.1000000000022 2 2.0463597758153407 2.5000000000000004 3 454.0750000000001 12.500000000000002 4 1188.9400000000003 2501.0100000000007 5 630.58000000000015 5941.4900000000007 6 -1.0000000180025095e-35 1.6670233926770248 10.624763711443919 1.7413159368936111 3056.7900000000004 1.0000000180025095e-35 270.04000000000008 7 7540.2050000000008 1.05087516136231 1.0000022038956062 1277.3550000000002 6.5000000000000009 16.500000000000004 1432.9550000000002 2975.4700000000007 1080.6750000000004 1429.1250000000002 3492.3050000000007 1.5000000000000002 6224.1100000000015 14.500000000000002 702.73000000000013 14.500000000000002 2299.2250000000008 9.5000000000000018 8 9 11540.230000000001 803.25500000000011 1.5603923651569076 1.4999973398689803 1.4593223264002357 1.3163981976638361 793.16500000000019 1250.4900000000002 5787.0250000000005 6.5000000000000009 4205.3050000000012 2.5000000000000004 2.7459350121972697 34.271059937535576
decision_type=2 9 2 2 9 2 2 9 2 2 1 2 2 9 2 2 9 2 2 9 2 2 2 2 2 2 2 9 2 2 2 2 2 2 2 2 2 2 2 2 2 2 2 2 2 2 9 1 2 2 2 2 2 2 2 2 2 2 2 2 2 2
left_child=3 11 -3 13 18 6 8 40 9 -6 -10 -2 31 14 21 19 17 20 23 34 -17 -1 -14 24 -5 27 -27 -21 33 -19 53 -13 -33 -9 36 -36 -15 56 39 -25 43 -42 45 -7 -34 -18 -26 48 49 -32 51 -49 -52 -4 -23 -24 57 -16 -40 -56 -55 -8
right_child=1 2 30 4 5 7 61 28 10 -11 -12 12 22 15 37 16 42 29 -20 25 -22 54 55 38 46 26 -28 -29 -30 -31 47 32 44 -35 35 -37 -38 -39 58 -41 41 -43 -44 -45 -46 -47 -48 50 -50 -51 52 -53 -54 60 59 -57 -58 -59 -60 -61 -62 -63
leaf_value=-0.047820745120010069 -0.48336852709862516 -0.2056998366530797 0.057097919521754296 -0.073795999097243839 -0.2172921707581594 -0.26957011770623468 -0.76534588409353932 0.28196325991419402 0.44501417509055446 0.062640791828830797 -0.1559641120501386 -0.25915467139762322 0.11432213591498241 -0.054280027918220598 -0.080855814659208047 -0.82959713018682713 -0.22495249786706639 -0.1360777390796015 0.26259489456877605 0.7719179550263221 -0.035222409793369283 0.44535534624471468 0.060982319770481214 -0.090297248920749959 -0.067420677036469104 -0.96098044074284317 -0.05357172789952154 -0.074208982096040196 -0.0038380059589170124 0.061852609604777169 0.52366352174218389 -0.2667802707723263 -0.45841155605387168 0.37491736178236512 -0.1102242580863127 0.024639122330708575 0.06015172399765021 1.1050458609085014 0.43979699824521251 -1.0131011879948868 0.10681095843609506 -0.57408693189652737 -0.47319005179575502 0.43118789250078998 0.031470108016856457 -0.00086058400852149228 -0.62042517428164323 -0.01355553310835287 0.91778556857312366 0.10839993196975968 0.060896407494608874 0.30534702393453766 -0.4433270834912133 -0.7121608569700506 1.3051573380387111 -0.082594729051652938 -0.19170951115345539 0.065312025041325592 -0.065967402209919618 0.15833544837712915 0.063708511123479292 -0.06029000493461361
leaf_weight=352 111 222 31 370 1421 31 59 124 3173 3911 647 168 20 3770 1824 192 2197 228 110 153 752 1057 62 843 109 177 5060 298 46 1087 28 145 27 92 904 897 4037 40 85 52 25 45 60 23 173 385 162 74 28 153 68 61 67 48 121 64 95 391 73 32 29 24
leaf_count=352 111 222 31 370 1421 31 59 124 3173 3911 647 168 20 3770 1824 192 2197 228 110 153 752 1057 62 843 109 177 5060 298 46 1087 28 145 27 92 904 897 4037 40 85 52 25 45 60 23 173 385 162 74 28 153 68 61 67 48 121 64 95 391 73 32 29 24
internal_value=-0.0001758 -0.00213338 0.000212895 -8.7233e-05 0.000579716 0.00101464 0.00083622 0.00514139 0.000922993 0.000215558 0.00189642 -0.0045977 -0.00336103 -0.0004054 0.000713376 -0.000624691 -0.00163642 -7.70246e-05 -0.00170611 -0.000297405 -0.00211193 0.00242812 0.00268456 -0.00218032 -0.00415373 -0.00100859 -0.00125477 0.00170705 0.00781818 0.00134674 0.00216102 -0.00518411 -0.00308908 0.00981735 0.00011953 -0.00109479 0.00040653 -0.00040374 -0.000923295 -0.00169822 -0.000729927 -0.00547945 -0.00293785 0.00438596 0 -0.00274662 -0.00793796 0.00337137 0.00596847 0.00366848 0.000883392 0.00416667 -0.00199275 -0.0027027 0.00333883 0 -0.000583658 -0.000349414 0.00310559 0.00721154 -0.0059375 -0.00784884
internal_weight=37113 1579 809 35534 11425 9621 9235 386 9152 5332 3820 770 659 24109 3912 20197 4901 2259 1804 15296 944 1562 146 1694 641 5688 5237 451 262 1315 587 513 345 216 9608 1801 7807 2350 1053 895 124 70 2642 54 200 2582 271 479 209 181 270 135 135 108 1210 126 2310 2215 158 153 77 83
internal_count=37113 1579 809 35534 11425 9621 9235 386 9152 5332 3820 770 659 24109 3912 20197 4901 2259 1804 15296 944 1562 146 1694 641 5688 5237 451 262 1315 587 513 345 216 9608 1801 7807 2350 1053 895 124 70 2642 54 200 2582 271 479 209 181 270 135 135 108 1210 126 2310 2215 158 153 77 83
cat_boundaries=0 2 4 6 7 9 11 13 15 17 18
cat_threshold=3808694281 344064 2423456848 537926 137 512 1 1442907221 238600 17088642 1053349 2690154754 807507 135176 128 3276864 2 12
is_linear=0
shrinkage=0.05


Tree=88
num_leaves=63
num_cat=20
split_feature=21 19 1 17 0 1 1 20 1 0 6 1 1 21 1 22 20 1 3 6 18 1 18 9 7 1 11 9 9 17 4 22 20 4 7 8 1 18 4 11 6 22 20 1 22 22 19 22 20 17 6 18 4 21 3 7 21 8 19 20 22 21
split_gain=2.41542 2.40374 4.09945 2.80871 6.64504 6.23086 5.48851 3.35299 3.06192 2.45441 2.48611 3.40667 2.89184 2.2739 2.27142 2.26735 2.20424 1.9611 1.78462 1.75538 1.69528 1.66128 1.75339 1.61549 1.61423 2.8011 1.77194 1.56756 2.02461 1.4907 2.77698 1.47266 1.57406 1.60346 1.9817 1.72683 1.57211 2.95976 1.52147 1.7138 1.43493 1.64809 1.42348 1.34929 1.3297 1.29682 1.28178 1.17656 1.16764 1.16662 1.14778 1.12907 1.09068 1.34089 0.997747 0.991787 0.962277 0.954301 0.924064 0.88558 0.873174 0.822677
threshold=309.75000000000006 1120.8550000000002 0 2.5449285935906683 1 2 3 74.500000000000014 4 5 4496.4800000000005 6 7 208.41666666666671 8 5.3815460895502056 15.500000000000002 9 10 2012.74 1.0784055741480445 11 0.17265599697722123 557.24000000000012 1554.1950000000004 12 6369.5300000000016 669.98000000000013 1947.0150000000001 0.93107345018391097 13 39.583925758811453 21.500000000000004 14 60.600000000000009 272.59500000000008 15 0.40687197655924012 16 1273.5700000000002 1376.8900000000001 42.796482193948059 81.500000000000014 17 27.113538208846816 37.766718139309837 1173.3100000000002 2.8503542240076025 217.50000000000003 1.3299972614509821 1376.8900000000001 0.54544374846042876 18 104.05000000000001 19 385.85500000000008 82.809090909090926 1477.9700000000003 357.1699999999999 21.500000000000004 28.741955281527797 555.50000000000011
decision_type=2 2 9 2 1 9 9 2 9 1 2 9 9 2 9 2 2 9 1 2 2 9 2 2 2 9 2 2 2 2 9 2 2 9 2 2 9 2 9 2 2 2 2 9 2 2 2 2 2 2 2 2 9 2 1 2 2 2 2 2 2 2
left_child=1 3 31 8 6 7 52 16 15 10 12 23 46 -13 55 19 -6 47 -14 56 43 -11 -23 -12 26 -26 -19 59 61 30 -17 36 -33 34 -34 -35 37 -3 44 -40 41 -7 -31 -8 -38 -22 -4 48 -10 -21 -49 -24 57 -54 -9 -2 -1 -5 -57 -16 -39 -29
right_child=14 2 9 4 5 40 20 54 17 21 11 13 18 -15 27 29 -18 24 -20 49 45 22 51 -25 25 -27 -28 28 -30 42 -32 32 33 35 -36 -37 38 60 39 -41 -42 -43 -44 -45 -46 -47 -48 50 -50 -51 -52 -53 53 -55 -56 58 -58 -59 -60 -61 -62 -63
leaf_value=-0.64693116325503019 1.2516365032107133 -0.26891904711796927 -0.38644317448211468 0.36470572417439656 -0.13204272427885827 0.31384652850449335 1.4162290286053225 0.49769063112285039 -0.38760692549000525 0.17138679508904897 -0.44146756367928702 0.050805344234050413 0.12647346620568456 -1.8366833205872872 -3.3783203926527499 0.29286493861963303 -0.45263182942177455 -0.0087775019812125887 -0.079150765917414392 0.73806980318482118 -0.12617467265903351 1.2819044214756865 -1.2485830871361294 -0.11550656051744355 0.33234554198327421 -0.043764963660367334 -0.094442896424539763 1.7443176255550044 -0.79198816716585441 0.043220324904396534 -0.098330692830245786 0.4681593235327256 -1.4677853050451359 -0.32655182328819787 -0.10286944532161613 -0.91575354317726543 -0.51235535059612702 -0.59006332840216835 -0.16925645788037366 0.083914910955738622 -0.033077334806284851 2.4211923031691036 0.2832667727292339 1.017711864451228 0.5533651914538833 1.296230001989936 0.38672061341444747 -0.17928936632286663 0.090062768938179272 -0.10582610398898568 -0.03062561997545217 0.38377720942381721 -0.066901636416708501 -0.98178056853992501 -0.50906657835684399 -0.19743653477211823 -0.042447937210883427 -0.20246908456310708 -2.3162689202420639 0.65887958472862285 -0.23305897674945886 -0.52791400505606778
leaf_weight=173 33 369 38 259 235 438 237 159 313 116 236 473 1966 20 26 108 493 14156 2385 69 101 31 224 1133 328 391 888 306 27 1280 427 47 40 96 311 159 284 173 1038 557 295 66 878 795 26 39 796 438 106 251 2161 23 179 67 129 30 111 80 52 390 34 24
leaf_count=173 33 369 38 259 235 438 237 159 313 116 236 473 1966 20 26 108 493 14156 2385 69 101 31 224 1133 328 391 888 306 27 1280 427 47 40 96 311 159 284 173 1038 557 295 66 878 795 26 39 796 438 106 251 2161 23 179 67 129 30 111 80 52 390 34 24
internal_value=-0.000154246 -0.000218753 -0.000853186 4.09309e-05 0.00134266 -0.000756326 0.00353693 -0.00335277 -0.000167565 -0.000204588 3.5461e-06 -0.00155496 0.000573439 0.00192688 0.00241302 0.00123112 -0.00519836 -0.000416356 4.01008e-05 -0.0014827 0.00548523 -0.00403023 -0.00601375 -0.00284009 -0.000188578 0.00211219 -0.000302386 0.00340331 0.00590278 0.00186387 -0.000418216 -0.00236733 -0.00453506 -0.00525452 -0.00254121 -0.00830224 -0.0017814 -0.0040747 -0.00102972 -0.000357587 0.00249384 0.00414201 0.00245257 0.00623188 -0.00417957 0 0.00324675 -0.00158364 -0.00408768 0.000928793 -0.00116257 -0.0077 -0.000376254 -0.00289575 0.00103093 -0.00371094 -0.0043554 0.00134943 -0.00705882 0.00119332 -0.00892857 0.00705706
internal_weight=37113 36225 10575 25650 3572 1815 1757 1016 22078 7441 7047 1862 5185 493 888 3297 728 18781 4351 604 1172 394 278 1369 15763 719 15044 773 357 2693 535 3134 653 606 351 255 2481 576 1905 1595 799 504 2158 1032 310 140 834 3018 419 320 2599 247 585 246 288 115 284 339 82 416 207 330
internal_count=37113 36225 10575 25650 3572 1815 1757 1016 22078 7441 7047 1862 5185 493 888 3297 728 18781 4351 604 1172 394 278 1369 15763 719 15044 773 357 2693 535 3134 653 606 351 255 2481 576 1905 1595 799 504 2158 1032 310 140 834 3018 419 320 2599 247 585 246 288 115 284 339 82 416 207 330
cat_boundaries=0 2 3 5 7 9 10 12 14 16 18 19 21 23 24 25 27 28 30 31 32
cat_threshold=3232879538 856066 1 655663585 4248 2167543355 17568 1276166435 1183840 1 604505101 147984 100672513 1084456 67109896 4145 39989316 527620 6 5 16385 537133720 528 16 11 3223405314 4096 1 262212 262674 19 10
is_linear=0
shrinkage=0.05


Tree=89
num_leaves=63
num_cat=14
split_feature=21 5 1 20 2 1 1 5 10 11 1 1 5 20 1 7 17 1 18 20 5 1 21 1 9 9 1 10 9 5 17 11 19 1 20 12 7 9 9 11 9 1 20 10 19 15 20 20 9 2 7 10 19 15 7 19 5 10 10 5 20 10
split_gain=2.42575 2.11619 4.7113 3.06826 2.86801 4.23994 3.35606 2.66061 2.57432 3.98892 4.05569 2.49255 2.29645 2.65469 2.41256 2.26995 2.25223 2.14805 3.64631 2.40504 2.01268 1.99594 1.92276 2.73823 1.9043 2.20163 2.63794 1.8866 1.86888 1.83267 1.76111 1.75351 1.66598 1.64689 2.94769 1.75249 1.61659 1.66544 2.4014 1.58006 1.55251 1.55087 2.10874 1.4921 1.39276 1.32179 1.26737 1.20279 1.11513 1.04999 1.0486 1.04445 1.04192 0.996386 0.904991 0.875321 0.801531 0.774235 0.728885 0.593881 0.549629 0.529908
threshold=309.75000000000006 72.500000000000014 0 44.500000000000007 1 2 3 210.50000000000003 2784.1700000000005 4112.0600000000004 4 5 208.50000000000003 39.500000000000007 6 992.05500000000018 0.66986026768764362 7 0.66618536111411009 287.50000000000006 190.50000000000003 8 54.026315789473692 9 302.49000000000007 769.6450000000001 10 638.20000000000016 1947.0150000000001 75.500000000000014 1.4312748090620639 803.66000000000008 936.45999999999992 11 12.500000000000002 1.5000000000000002 1849.7300000000002 413.35000000000014 510.20000000000005 2563.1450000000004 2911.7150000000006 12 7.5000000000000009 2134.7550000000006 2736.0750000000003 7.5000000000000009 45.500000000000007 508.50000000000006 1440.8850000000004 13 137.89500000000001 1589.6250000000002 420.02500000000003 1.5000000000000002 237.25500000000002 1343.3150000000003 179.50000000000003 3601.7150000000006 393.38000000000005 113.50000000000001 311.50000000000006 1861.1250000000002
decision_type=2 2 9 2 1 9 9 2 2 2 9 9 2 2 9 2 2 9 2 2 2 9 2 9 2 2 9 2 2 2 2 2 2 9 2 2 2 2 2 2 2 9 2 2 2 2 2 2 2 1 2 2 2 2 2 2 2 2 2 2 2 2
left_child=1 2 31 24 5 7 15 41 33 40 -11 44 13 29 30 22 32 18 -9 -19 -15 58 23 -6 -4 51 -27 49 53 -7 -14 54 -13 34 -8 -35 37 50 -39 61 -10 45 -43 -24 48 -3 -16 -18 -5 59 -33 -26 -41 -29 -1 56 -55 -38 -2 -23 -56 -17
right_child=21 4 3 11 6 12 8 17 9 10 -12 16 14 20 46 39 47 19 -20 -21 -22 27 43 -25 25 26 -28 28 -30 -31 -32 36 -34 35 -36 -37 57 38 -40 52 -42 42 -44 -45 -46 -47 -48 -49 -50 -51 -52 -53 -54 55 60 -57 -58 -59 -60 -61 -62 -63
leaf_value=0.54249187069079707 1.9166032959639994 0.26264774695981113 -0.69920108802117875 -0.37882203514180335 -0.36337443004446685 0.47124006290338888 0.48779982528251226 -0.43526556989346388 -0.41636383390562348 -0.15396662754865958 0.02318161435794526 -0.49079383395574827 0.0092833648507616214 0.054649637198938096 0.054868938424108296 2.3310472980053256 -0.0012012924158803175 -0.11181367103808776 0.66079429295873382 2.294109263998692 -0.18773174852769722 -1.7236717790544043 0.20057559459185939 0.068455697138339475 -0.012412055235700237 0.006525805610229707 -0.24605968711250653 0.65497834718172498 -0.75238875880756173 -0.44839523812142307 0.66422896068365389 0.55611264346375122 0.0011709472333329529 -0.0013541270202793499 -0.14245254988999925 -0.55059209080163074 -2.3767204220965858 1.5472883531596353 0.14503340139950005 0.2525372693569608 0.10494046778962254 0.81118521200412919 0.081328021295063918 -0.33301842482942701 0.2768504653797777 0.34951282746285073 -0.23552134592709673 3.3328989272076202 0.06645915984451492 0.99558689359664643 -0.59462098110775519 -0.32597264913666707 -0.097725973055534612 2.2740325920566717 -0.86813847591186466 2.9796442067381421 0.57104627950870968 0.0016333753642001625 -1.4916089835842401 -0.019473111134156087 0.0025749308743272083 0.091643309006806825
leaf_weight=48 21 633 157 461 423 34 287 64 317 850 990 187 258 904 111 162 3719 1076 113 64 442 54 1192 406 824 344 1144 112 27 478 277 41 125 12844 2285 167 25 47 992 287 40 224 2146 106 21 64 314 71 76 215 71 20 71 137 117 59 105 21 94 64 43 42
leaf_count=48 21 633 157 461 423 34 287 64 317 850 990 187 258 904 111 162 3719 1076 113 64 442 54 1192 406 824 344 1144 112 27 478 277 41 125 12844 2285 167 25 47 992 287 40 224 2146 106 21 64 314 71 76 215 71 20 71 137 117 59 105 21 94 64 43 42
internal_value=-0.000159635 -0.000224274 -0.000911534 -0.00143466 -9.93713e-06 0.000845461 -0.00031369 0.00181942 -0.000564829 -0.00217045 -0.00119371 -0.000664808 -0.000653479 -0.00169264 0.00129803 0.00132309 -0.000218712 -1.89394e-05 0.00486842 -0.000867303 -0.000481838 0.00241302 0.000551643 -0.00129207 -0.00285915 -0.00246253 -0.00362173 0.00333969 0.00553047 -0.00475728 0.00351277 0.00171016 -0.00428571 -0.000335237 -0.00148936 -0.000101735 0.00247917 0.00288128 0.00352687 0.00415929 -0.00701389 0.00263029 0.00195132 0.00176787 -0.00376532 0.00475352 -0.00142694 0.000105457 -0.00439815 0.000372024 -0.0026087 -0.000354191 0.00193906 0.00643029 -0.00236967 0.00797697 0.00612245 -0.00612245 -0.00332031 -0.00305344 -0.00429448 0.00772947
internal_weight=37113 36225 8554 7149 27671 7202 20469 4384 17780 2197 1840 4660 2818 1858 960 2689 4102 1317 177 1140 1346 888 2127 829 2489 2332 1488 773 440 512 535 1405 312 15583 2572 13011 1197 1151 1039 562 357 3067 2370 1298 558 697 425 3790 537 333 112 844 358 413 208 301 242 46 115 118 160 204
internal_count=37113 36225 8554 7149 27671 7202 20469 4384 17780 2197 1840 4660 2818 1858 960 2689 4102 1317 177 1140 1346 888 2127 829 2489 2332 1488 773 440 512 535 1405 312 15583 2572 13011 1197 1151 1039 562 357 3067 2370 1298 558 697 425 3790 537 333 112 844 358 413 208 301 242 46 115 118 160 204
cat_boundaries=0 2 3 5 7 9 11 13 15 17 19 21 23 25 26
cat_threshold=1149715712 1206752 552 609298159 469170 1560854528 427020 4799 69888 134222368 263181 8687632 20993 1539 65536 67109896 4145 67682304 131072 16814138 262161 10618368 551330 1048612 198818 2369
is_linear=0
shrinkage=0.05


Tree=90
num_leaves=60
num_cat=8
split_feature=21 6 0 1 6 22 1 17 9 9 1 1 10 1 10 1 20 16 7 22 9 7 22 15 6 1 17 6 5 15 9 5 7 10 9 7 10 19 19 7 7 9 20 20 19 19 20 10 9 21 10 20 20 16 22 7 9 15 20
split_gain=2.28262 2.18485 2.07963 5.80399 4.53405 4.32147 4.08747 3.61835 4.63127 3.42372 6.11852 4.20699 3.23958 2.78131 2.5729 2.532 2.18954 2.06536 2.00351 2.36595 1.62177 1.60047 2.05618 1.58732 1.55478 1.53859 1.47353 1.3844 2.5238 1.35656 1.3086 1.29645 1.29222 1.25045 1.23593 1.19652 1.16914 1.36252 1.57921 1.14193 1.12951 1.12576 1.11427 1.10276 1.57039 0.948317 0.897802 0.886618 0.831212 0.820321 0.809182 0.69772 0.840011 0.903034 0.644444 0.428879 0.382576 0.350962 0.0104167
threshold=332.25000000000006 8525.1000000000022 0 1 2012.74 7.772814029103027 2 2.1158028339427752 410.39500000000004 1260.9650000000004 3 4 3135.9650000000006 5 2938.6500000000005 6 70.500000000000014 0.59189637795131655 -1.0000000180025095e-35 291.43483897748536 551.13500000000022 370.23500000000007 15.44258861469946 12.500000000000002 2012.74 7 1.9895039082367292 2501.0100000000007 86.500000000000014 7.5000000000000009 1701.6700000000003 98.500000000000014 220.68000000000004 1061.0500000000002 769.6450000000001 550.99500000000012 638.20000000000016 1003.2500000000002 729.75999999999999 302.46000000000009 771.79500000000019 1249.6850000000002 41.500000000000007 473.50000000000006 478.77499999999981 571.38500000000022 238.50000000000003 5705.6100000000015 992.05500000000018 555.50000000000011 2323.275000000001 34.500000000000007 7.5000000000000009 1.8580214936950064 14.62885792898321 578.73000000000013 1286.2500000000002 8.5000000000000018 280.50000000000006
decision_type=2 2 1 9 2 2 9 2 2 2 9 9 2 9 2 9 2 2 2 2 2 2 2 2 2 9 2 2 2 2 2 2 2 2 2 2 2 2 2 2 2 2 2 2 2 2 2 2 2 2 2 2 2 2 2 2 2 2 2
left_child=1 2 4 27 6 13 40 26 -9 11 32 20 -13 24 -12 17 -17 -7 -2 25 -6 22 -3 -15 -5 33 -8 43 55 35 -30 -24 -11 34 58 -23 37 38 -27 -39 42 49 -1 44 -4 -45 -43 50 -42 -38 -37 52 54 -54 -31 -29 -35 -53 -20
right_child=18 21 3 5 9 15 7 8 -10 10 14 12 -14 23 -16 16 -18 -19 19 -21 -22 29 31 -25 -26 36 -28 28 30 51 -32 -33 -34 56 -36 47 41 39 -40 -41 48 46 -44 45 -46 -47 -48 -49 -50 -51 -52 57 53 -55 -56 -57 -58 -59 -60
leaf_value=0.44184811504164401 -3.3688755343436791 -0.60579678517807789 0.16779720853641467 -0.12179042747004908 -0.031450655329717851 0.36725064624206427 0.26177262552470637 -0.94267023924940474 1.8624225516904873 0.26197422028901446 0.25092805377969113 -0.0038209355922667501 -0.76579177291990264 -0.44171925900178688 0.0077323201070754527 -0.080266811128169913 0.00233575316311061 0.042394699082088844 -1.1355313812130745 -1.8809128028031807 -0.24846119605588302 0.23858111742492305 0.11678936335774744 0.13349399307369386 -0.63488809626964127 0.25280000150883025 -0.1408900998679794 0.93937634331633224 -0.73935523486867982 0.18449514707151318 0.0090913517235414083 -0.27774396165816245 -0.031714715797810558 2.4279444040765288 -2.6645634919525634 -0.335346981373144 2.1410761158294336 4.0600417475020043 -1.8792830463526642 0.076790469344690859 2.1698940754738167 -0.67080163115015101 -0.25724946309359781 0.089893363224717859 -0.16394820847287708 5.8904441272635006 2.0155197775558067 0.017395367089103785 0.0034252223967207842 0.81359520890721349 -0.33320612340277478 0.13324422434711689 -0.18931805908399532 0.092560488018157472 -0.18080845406227317 0.090491920818590199 -0.23501382373447655 0.14188227708649101 3.273778996356167
leaf_weight=87 23 41 1775 1370 905 73 757 94 509 169 2013 14659 74 824 809 2296 1949 988 21 35 1780 23 20 20 187 66 234 26 88 22 45 39 3251 30 23 62 174 66 26 89 28 37 339 20 402 34 47 29 97 25 108 26 44 26 20 23 21 23 22
leaf_count=87 23 41 1775 1370 905 73 757 94 509 169 2013 14659 74 824 809 2296 1949 988 21 35 1780 23 20 20 187 66 234 26 88 22 45 39 3251 30 23 62 174 66 26 89 28 37 339 20 402 34 47 29 97 25 108 26 44 26 20 23 21 23 22
internal_value=-0.000158288 -0.000214221 -0.000167697 -0.000775462 6.87771e-05 -0.00144754 0.00226955 0.00354698 0.00664191 -0.000128893 0.000872698 -0.000490787 -0.000154279 -0.00321339 0.00259259 -0.000640422 -0.00119187 0.00151304 0.00264831 0.00321168 -0.00230726 -0.00354938 -0.0092233 -0.00554259 -0.00186306 0.00396154 0.00163481 0.00134996 -0.0027027 -0.00187824 -0.00643382 -0.00201613 -0.000538887 -0.000961538 -0.0057971 -0.00444444 0.00506446 0.0023 -0.00210526 0.00522152 -0.00137411 0.00743007 -0.00268065 0.00171218 0.00150229 0.00877193 0.00172414 -0.00581683 0.00253906 0.0095297 -0.00722543 0.00137195 -0.000434783 -0.00410959 0.00444444 0.00625 0.00416667 0.00625 0
internal_weight=37113 36408 35925 10120 25805 7707 2145 1594 603 23660 6242 17418 14733 2401 2822 5306 4245 1061 705 682 2685 483 100 844 1557 647 991 2413 182 383 133 59 3420 117 66 222 530 247 92 155 551 283 426 2231 2177 54 84 199 125 199 170 161 112 70 42 49 51 49 43
internal_count=37113 36408 35925 10120 25805 7707 2145 1594 603 23660 6242 17418 14733 2401 2822 5306 4245 1061 705 682 2685 483 100 844 1557 647 991 2413 182 383 133 59 3420 117 66 222 530 247 92 155 551 283 426 2231 2177 54 84 199 125 199 170 161 112 70 42 49 51 49 43
cat_boundaries=0 1 3 5 7 9 11 13 15
cat_threshold=1 2159133724 443424 151135500 1050275 4075364966 87494 2149859384 951300 608711552 66307 402653217 8401 67371546 32800
is_linear=0
shrinkage=0.05


Tree=91
num_leaves=63
num_cat=12
split_feature=4 1 1 5 1 5 6 7 1 20 15 8 20 21 16 16 1 1 5 5 10 5 16 5 10 22 22 1 9 1 22 22 22 21 5 1 8 21 8 1 20 6 22 1 20 20 20 20 22 20 9 8 20 5 9 7 22 8 8 16 22 7
split_gain=2.23314 4.22767 3.15092 5.46881 2.67691 2.18066 2.12781 2.5454 2.56685 2.66979 2.11268 2.76111 2.10119 2.10042 2.04443 2.06134 2.04139 1.85349 2.1483 2.68406 1.95223 1.9737 1.83386 1.80436 1.78928 1.97405 1.78867 1.70062 2.12494 1.63452 1.56763 1.53795 1.46295 1.45059 1.42269 1.40775 1.38522 2.09127 1.99786 2.27397 1.71216 1.68177 3.06962 1.67397 3.22766 1.42385 2.00607 1.34162 1.31922 1.24797 1.24695 1.20625 1.25068 1.83594 1.71856 1.20299 2.40965 1.1898 1.18909 1.17548 1.16284 1.15835
threshold=0 1 2 265.50000000000006 3 346.50000000000006 2501.0100000000007 1009.8600000000001 4 437.50000000000006 10.500000000000002 269.77000000000004 69.500000000000014 35.019230769230781 2.9999999999999996 1.6329691590901034 5 6 34.500000000000007 40.500000000000007 2619.8600000000006 287.50000000000006 2.9999999999999996 61.500000000000007 270.04000000000008 70.559549167950408 74.839510784576234 7 1922.0100000000002 8 10.624763711443919 46.844730607753668 185.46192241195732 107.05555555555557 32.500000000000007 9 872.6350000000001 152.10000000000002 579.77500000000009 10 51.500000000000007 5620.6000000000013 24.042620865182638 11 250.50000000000003 181.50000000000003 59.500000000000007 40.500000000000007 86.999900398968549 161.50000000000003 302.49000000000007 1179.4950000000001 198.50000000000003 153.50000000000003 1947.0150000000001 928.8950000000001 48.083854513394378 504.3300000000001 1277.115 1.0259625827648244 46.087222211380244 550.99500000000012
decision_type=9 9 9 2 9 2 2 2 9 2 2 2 2 2 2 2 9 9 2 2 2 2 2 2 2 2 2 9 2 9 2 2 2 2 2 9 2 2 2 9 2 2 2 9 2 2 2 2 2 2 2 2 2 2 2 2 2 2 2 2 2 2
left_child=1 23 3 10 5 24 7 8 9 60 12 13 33 -12 15 -14 22 20 29 -20 31 -22 -3 50 -5 -26 -6 48 49 -19 -24 61 -16 -2 -30 -21 37 38 40 -40 -18 43 -43 44 -38 46 -39 -23 -9 -29 -1 52 53 -25 -55 -10 -57 -13 -33 -35 -4 -8
right_child=2 16 6 4 26 -7 17 27 55 -11 11 57 14 -15 32 -17 36 18 19 35 21 47 30 51 25 -27 -28 28 34 -31 -32 58 -34 59 -36 -37 41 45 39 -41 -42 42 -44 -45 -46 -47 -48 -49 -50 -51 -52 -53 -54 54 -56 56 -58 -59 -60 -61 -62 -63
leaf_value=-1.4518820688931744 -0.1503463753285427 0.035154007745345876 0.024289215831604594 -1.1460868238711834 -0.12993480962260959 0.86293677655956358 -0.40210448140466071 -0.012771458189176599 -0.021087034537768546 3.6081252363910212 0.12126664848842594 -0.18301627638750537 -0.0056217589953384108 0.012775708770785155 -0.20751324620267511 0.63769767141112066 0.086582696679207594 0.04941916230468877 0.27884125386014863 0.065575545987094239 0.14180013666808158 0.01651851013435426 -1.1153339094921522 0.55697016240151243 0.077782366874940223 1.4856574379963157 1.2887716037675916 0.71237216813076154 -0.455089163954915 -0.25264161965379339 -0.076403457577535153 -0.64379396745589679 -3.8312667701090648 -0.24122315563468177 0.0036032349233739327 -0.033253863442570267 0.036106943611109443 -0.231472603487477 -0.3005647080548503 0.017365599965220468 -0.056594287128821467 -0.22339570291420741 0.36283626958291182 0.22009664842527921 -2.3093956688599913 -0.026633749177381108 0.74459326984499086 -0.85490608891155839 2.1007813248609071 0.3228808166680594 0.020560307678975678 0.00032374938392152334 1.2682665482335609 0.05276316885510788 0.44159390711229918 -0.44373407741058629 0.59238390772954685 0.012505681995884733 0.010406322814278113 -1.2238946112220994 0.35710135621007955 -0.023450335786359491
leaf_weight=33 1791 184 2228 52 554 102 240 1139 9805 110 48 74 388 48 1490 104 755 270 140 518 207 26 128 293 613 61 54 538 35 603 121 136 26 46 234 5649 224 74 598 362 1551 102 63 1276 32 342 315 33 86 501 261 165 145 453 23 295 49 122 34 142 690 332
leaf_count=33 1791 184 2228 52 554 102 240 1139 9805 110 48 74 388 48 1490 104 755 270 140 518 207 26 128 293 613 61 54 538 35 603 121 136 26 46 234 5649 224 74 598 362 1551 102 63 1276 32 342 315 33 86 501 261 165 145 453 23 295 49 122 34 142 690 332
internal_value=-0.000142122 0.000625582 -0.000338385 -0.00139228 0.00125087 0.00309156 -8.36435e-05 0.000254566 -2.08649e-05 0.00124959 -0.00229449 0.00169492 -0.00260025 0.00858586 -0.00141721 0.00131313 5.29316e-05 -0.000738616 -0.000444877 -0.000114897 -0.00274241 0.000743494 -0.00319507 0.00312049 0.00205761 0.0028065 -0.00120773 0.00170544 0.00295231 -0.00276826 -0.00605159 -0.00409396 -0.00233706 -0.00377144 -0.000827206 -0.000279579 0.000315402 -0.00018125 -0.000734169 -0.00264798 4.33088e-05 0.00151471 -0.003125 0.00205212 -0.00148699 0.0022139 0.00427296 -0.00685484 0.000302908 0.00400672 -0.00016835 0.00408965 0.00479826 0.00385363 0.00177453 -0.000405924 -0.00331412 -0.00150754 -0.0083815 -0.00811518 0.000941458 -0.00269565
internal_weight=37113 7500 29613 5715 1436 828 23898 15710 13177 3028 4279 292 3987 96 2008 492 6127 8188 7180 6307 1008 266 433 1373 726 674 608 2533 1308 873 249 742 1516 1979 269 6167 5694 3997 3266 960 2306 1697 165 1532 256 731 389 59 1225 1039 294 1079 914 769 476 10149 344 196 170 188 2918 572
internal_count=37113 7500 29613 5715 1436 828 23898 15710 13177 3028 4279 292 3987 96 2008 492 6127 8188 7180 6307 1008 266 433 1373 726 674 608 2533 1308 873 249 742 1516 1979 269 6167 5694 3997 3266 960 2306 1697 165 1532 256 731 389 59 1225 1039 294 1079 914 769 476 10149 344 196 170 188 2918 572
cat_boundaries=0 1 3 5 7 9 11 13 15 17 19 21 23
cat_threshold=16 2148611680 1197061 2150643296 1053957 13888 4097 1350631443 1018000 75628562 526592 1351549184 917506 25297035 376946 33554462 16912 88129536 8296 570704264 32896 2359296 98344
is_linear=0
shrinkage=0.05


Tree=92
num_leaves=63
num_cat=2
split_feature=5 20 23 20 18 15 23 21 20 17 3 0 22 8 7 7 5 23 21 9 11 14 9 17 15 21 21 17 5 18 9 11 7 7 20 7 22 5 11 21 18 13 16 21 23 20 17 5 20 18 21 7 17 21 21 21 7 9 8 7 20 5
split_gain=1.94757 3.5873 2.29157 2.23126 3.40529 2.18055 2.0878 3.47627 3.81969 3.06784 2.61333 2.47138 2.3708 2.24396 4.78259 2.02633 2.15245 2.01954 2.48627 2.01324 2.00465 1.91917 1.87848 1.87154 2.24435 1.80242 1.761 1.75682 1.72027 1.87105 1.6784 2.57441 1.70747 1.62512 1.55241 1.52297 1.43717 1.40413 2.40705 1.379 1.36501 1.27016 1.62291 2.08904 1.30369 1.21824 1.17997 1.16415 1.15303 1.14064 1.13501 1.13325 1.10963 1.24105 1.06843 1.06826 1.71016 1.3453 1.03896 1.01403 1.56114 1.00833
threshold=72.500000000000014 41.500000000000007 4.5000000000000009 116.50000000000001 0.71072575146491657 1.5000000000000002 13.500000000000002 63.029411764705891 208.50000000000003 1.0434785760653262 0 1 40.739756573717621 1240.0450000000003 220.68000000000004 -1.0000000180025095e-35 127.50000000000001 1.5000000000000002 95.267857142857153 378.31000000000017 1952.8300000000002 8.5000000000000018 302.49000000000007 2.5449285935906683 2.5000000000000004 139.81666666666669 92.316666666666677 2.2013847206078681 75.500000000000014 0.35514641124681606 436.63000000000005 567.37000000000012 425.72000000000003 278.66000000000003 111.50000000000001 864.61500000000012 82.394224127922044 110.50000000000001 1133.8750000000002 99.354166666666671 1.7549630556191718 1.0000000180025095e-35 1.909078566934225 41.771241830065371 22.500000000000004 65.500000000000014 0.31130587915950542 81.500000000000014 87.500000000000014 0.91081138063427958 123.06250000000001 85.750000000000014 0.81627148153588047 47.267857142857146 319.25000000000006 90.045454545454561 585.61000000000013 820.81500000000017 -1.0000000180025095e-35 1240.0850000000003 55.500000000000007 17.500000000000004
decision_type=2 2 2 2 2 2 2 2 2 2 1 1 2 2 2 2 2 2 2 2 2 2 2 2 2 2 2 2 2 2 2 2 2 2 2 2 2 2 2 2 2 2 2 2 2 2 2 2 2 2 2 2 2 2 2 2 2 2 2 2 2 2
left_child=1 22 19 34 26 15 7 8 10 41 27 -12 21 23 -15 16 -2 28 -19 20 54 48 58 24 -9 49 33 -7 -17 51 32 -32 -21 -5 36 -16 45 -20 -39 -25 -33 46 43 -43 -44 -4 -8 -31 -11 -6 55 -30 -10 -54 -3 -24 57 -57 -1 60 -14 -27
right_child=5 2 3 4 25 6 9 13 52 12 11 -13 59 14 35 17 -18 18 37 30 -22 -23 50 39 -26 61 -28 -29 29 47 31 40 -34 -35 -36 -37 -38 38 -40 -41 -42 42 44 -45 -46 -47 -48 -49 -50 -51 -52 -53 53 -55 -56 56 -58 -59 -60 -61 -62 -63
leaf_value=0.34177325245505658 2.7007184726792151 -0.14112049644965907 0.036593463638774713 0.15757540235121398 -0.72943464807173131 -0.027592778376311425 -0.060963175630448778 -0.17395769331680455 -0.65627965953199241 0.074980249806733748 -0.068689761846549055 -0.21759937637083057 -0.59119979674148271 2.8664168203952336 -0.72735523453829964 3.414679435533694 -4.2975372982693107 -3.6763984936364227 0.91410746048067326 0.40699873108521278 -1.1363315756706236 -0.70814456390530001 -0.093655710782664423 -0.02836738903969618 0.0087615242577410157 1.9149839721954736 0.37857758624114696 0.17552600223472956 0.92828935782084876 -0.59237583147641859 -2.335277409051554 0.070314407790174019 1.4729271091237131 -0.90430096197244303 0.56461078458506686 0.11246788154563597 -0.83376991299799819 0.039822718983572973 -1.8208226123012325 0.78449120957291363 0.28047518347261191 -0.029188266296118218 -0.021202625324302993 -0.26025999050010679 0.12574999749454535 -0.073130781390382538 0.11943447997499367 1.3297106609573235 -0.69876385158612286 -0.42602412584761745 0.1420819479699432 0.0031343237591194397 0.58366451141883435 -0.67499329379771145 2.9296503811227077 -1.2600629483728853 -2.1853096444461522 0.60494238568537717 -0.66855297522453938 0.53371031064734176 0.032504578404042306 -0.59776995397186572
leaf_weight=21 41 603 777 28 82 1795 25 2552 35 1555 3439 1817 51 46 68 55 51 43 121 135 33 20 2328 247 8594 27 216 511 269 61 46 2220 55 39 70 1792 65 230 69 589 219 437 327 162 89 981 60 1047 25 270 175 1239 805 22 48 36 37 42 153 21 25 72
leaf_count=21 41 603 777 28 82 1795 25 2552 35 1555 3439 1817 51 46 68 55 51 43 121 135 33 20 2328 247 8594 27 216 511 269 61 46 2220 55 39 70 1792 65 230 69 589 219 437 327 162 89 981 60 1047 25 270 175 1239 805 22 48 36 37 42 153 21 25 72
internal_value=-0.000123262 -0.000774399 -7.51378e-05 -0.00118821 -0.00352782 7.67521e-05 -7.86477e-05 -0.00024199 -0.00104426 0.00120536 -0.0014078 -0.00202126 0.00254412 0.000241163 0.00183342 0.00130071 -0.00578947 0.00153012 -0.0014485 0.000780785 -0.00160116 0.00302558 -0.00225403 -8.34376e-06 -0.000183873 -0.00622247 0.000611888 0 0.00206619 0.00185185 0.00140963 0.00103497 0.00595855 -0.00607143 -0.000250527 0.0013956 -0.000561336 -0.000118203 -0.00206954 0.0022646 0.00127969 -0.000815956 -0.00135069 -0.00303156 0.000954654 -0.000255537 0.00482955 0.00342034 0.00325332 -0.00788732 -0.00188859 0.000661813 0.00208092 0.0025 -0.000879205 -0.00217702 -0.00699153 -0.00185185 -0.00734463 -0.00475 -0.00759494 0
internal_weight=37113 8778 5986 2627 734 28335 25109 22312 8424 2797 7562 5256 1697 13888 1906 3226 92 3134 463 3359 684 1600 2792 11982 11146 451 283 2306 2671 2616 2675 2485 190 67 1893 1860 1823 420 299 836 2439 1100 1015 599 416 1758 85 1108 1580 352 2618 1508 862 827 651 2443 115 78 174 97 76 99
internal_count=37113 8778 5986 2627 734 28335 25109 22312 8424 2797 7562 5256 1697 13888 1906 3226 92 3134 463 3359 684 1600 2792 11982 11146 451 283 2306 2671 2616 2675 2485 190 67 1893 1860 1823 420 299 836 2439 1100 1015 599 416 1758 85 1108 1580 352 2618 1508 862 827 651 2443 115 78 174 97 76 99
cat_boundaries=0 1 2
cat_threshold=9 1
is_linear=0
shrinkage=0.05


Tree=93
num_leaves=63
num_cat=6
split_feature=6 9 14 2 20 0 2 21 5 23 6 6 15 2 17 2 23 5 22 15 7 9 22 5 22 4 9 17 9 7 7 21 22 14 15 21 6 22 20 17 21 18 17 23 10 9 7 18 22 7 6 5 18 10 7 6 23 5 10 18 22 23
split_gain=1.94053 1.95406 3.3603 2.24155 1.76178 1.70213 6.03937 9.92687 6.59279 10.9713 4.41148 3.3705 3.90322 3.33971 3.19354 2.80469 2.65837 4.78436 2.44298 2.34728 2.26133 2.24239 1.86203 2.59721 1.71822 1.71056 2.26507 1.96551 1.67052 1.51504 2.45897 1.94092 1.39247 1.38293 1.37205 1.36934 1.36153 1.35384 1.31413 1.74134 1.37606 1.44008 1.29496 1.27983 1.1905 1.76514 1.1604 1.47979 1.15998 1.13169 1.12626 1.6049 1.27868 1.06869 1.04885 1.04039 1.00317 1.00136 0.817623 1.01033 0.762395 0.777113
threshold=8525.1000000000022 342.00500000000005 1.0000000180025095e-35 0 114.50000000000001 1 2 49.020833333333336 180.50000000000003 8.5000000000000018 2012.74 1376.8900000000001 2.5000000000000004 3 2.1158028339427752 4 3.5000000000000004 180.50000000000003 55.319081249243339 2.5000000000000004 352.87500000000006 410.39500000000004 29.176025665915461 164.50000000000003 44.257924488174652 5 669.98000000000013 0.96996937111068993 -1.0000000180025095e-35 370.23500000000007 60.600000000000009 38.016666666666673 29.956714781221088 1.5000000000000002 7.5000000000000009 184.70833333333334 4496.4800000000005 147.12821546262526 62.500000000000007 0.66986026768764362 46.033333333333339 0.54544374846042876 1.2333721479377482 4.5000000000000009 363.98500000000007 -1.0000000180025095e-35 436.44000000000005 2.1855134359110804 34.271059937535576 550.99500000000012 2012.74 82.500000000000014 0.72828052466803428 672.69500000000016 259.17500000000007 2012.74 3.5000000000000004 160.50000000000003 5705.6100000000015 0.46646275858310471 15.717390441742744 44.500000000000007
decision_type=2 2 2 1 2 1 1 2 2 2 2 2 2 1 2 1 2 2 2 2 2 2 2 2 2 9 2 2 2 2 2 2 2 2 2 2 2 2 2 2 2 2 2 2 2 2 2 2 2 2 2 2 2 2 2 2 2 2 2 2 2 2
left_child=1 2 4 38 35 10 7 8 9 -7 14 46 15 22 20 -13 17 -9 -14 -10 32 -16 54 -24 -22 27 -27 -15 -6 30 -2 -32 -3 -23 49 44 55 50 40 43 41 -4 -42 -40 45 -1 53 -48 -46 -31 51 -5 -52 -8 -12 -30 -41 -18 59 -51 61 -36
right_child=29 5 3 37 28 6 11 16 19 -11 13 12 18 25 21 -17 57 -19 -20 -21 24 33 23 -25 -26 26 -28 -29 36 34 31 -33 -34 -35 60 -37 -38 -39 39 56 42 -43 -44 -45 48 -47 47 -49 -50 58 52 -53 -54 -55 -56 -57 -58 -59 -60 -61 -62 -63
leaf_value=0.21417298265420578 0.051249773515933586 0.92019068513603353 -0.12704600401815327 -0.47549241141586196 -4.0925881740944776 -2.1680331323792097 0.60041785065617226 -1.3075875502665768 3.0805233464988024 0.066815621807645803 -0.057060098574407907 0.01807203917606728 0.010630844522490435 -0.14666802694835007 -1.4416000060370182 -0.76686587292362618 -0.13225705906912497 0.15903812785838697 -0.41750276751997151 -0.59928973367755434 -0.12589949240664566 1.9467796292720749 -0.27197616847989681 0.20573484256415642 0.56166164724235512 -0.042304944455041585 0.045934455809922795 -0.016233342102604808 0.1402762345606611 0.22475292317313775 -0.51541030185226522 -0.34158015660202629 0.22554418018297931 0.24206927026473793 -0.06749824995270863 5.5734592691801783 -0.8410263989857687 -1.4027223430986084 0.024899078655082008 0.057532239812787017 -0.4342013845343784 0.21823372058536689 -0.058323246012539444 -0.42394057237365357 -0.20121182120367254 -1.7657074587916561 0.32492434233031564 0.0035451945988517865 0.28429900659896745 -0.33332770996697114 -0.26657723345364381 0.10150431309468928 -0.59901337435622293 -0.027420322891817863 0.33657441313306224 0.64768763367917759 0.21981023001310335 0.45280928107387375 0.021622779999104582 -0.31504038625951253 0.13542918005717636 0.15539213802708718
leaf_weight=28 27 103 159 194 22 235 405 152 61 88 105 287 2923 1064 55 558 77 136 355 87 635 501 273 315 268 2356 5770 10287 252 23 43 30 90 203 77 25 54 58 107 594 132 29 111 117 99 49 1321 956 91 102 1003 479 111 1073 1139 571 271 194 29 70 57 27
leaf_count=28 27 103 159 194 22 235 405 152 61 88 105 287 2923 1064 55 558 77 136 355 87 635 501 273 315 268 2356 5770 10287 252 23 43 30 90 203 77 25 54 58 107 594 132 29 111 117 99 49 1321 956 91 102 1003 479 111 1073 1139 571 271 194 29 70 57 27
internal_value=-9.36254e-05 -5.05037e-05 -0.00101996 -0.00183343 0.00123534 8.57366e-05 -0.000499383 -0.00407478 -0.00944093 -0.0134202 0.000312945 -1.9009e-05 -0.00101188 0.000106747 0.0026507 -0.00403892 0.000311388 -0.00292096 -0.00021335 -0.000331126 0.000864422 0.00515092 0.00214092 -8.46024e-05 -0.000137969 -8.33761e-05 0.000466888 -0.000481785 0.00235588 -0.00322746 -0.00873786 -0.0134868 0.0057398 0.00594059 -0.00161082 -0.0020339 0.00275568 -0.00300054 -0.000358774 0.000526557 -0.00270737 0.00026178 -0.00518293 -0.00330396 -0.00324074 -0.0084375 0.00105774 0.00176535 -0.000777202 -0.00418502 -0.00272346 -0.000998521 -0.00371531 0 0.00324779 0.00329903 0.0015841 0.00392336 -0.00551471 -0.00685714 0.00167683 -0.00046729
internal_weight=37113 36628 4556 3365 1191 32072 8908 1030 471 323 23164 7878 4123 21309 1855 845 559 288 3278 148 1096 759 1832 588 903 19477 8126 11351 899 485 100 73 193 704 385 292 877 1845 1520 1089 431 188 243 224 267 77 3755 2277 190 224 1787 673 1114 1478 1244 823 865 271 201 172 161 104
internal_count=37113 36628 4556 3365 1191 32072 8908 1030 471 323 23164 7878 4123 21309 1855 845 559 288 3278 148 1096 759 1832 588 903 19477 8126 11351 899 485 100 73 193 704 385 292 877 1845 1520 1089 431 188 243 224 267 77 3755 2277 190 224 1787 673 1114 1478 1244 823 865 271 201 172 161 104
cat_boundaries=0 1 2 3 4 5 6
cat_threshold=1818 1 256 256 586 7
is_linear=0
shrinkage=0.05


Tree=94
num_leaves=63
num_cat=16
split_feature=2 1 5 10 8 1 16 15 18 1 7 1 1 7 22 22 15 9 1 18 8 1 1 8 7 10 18 22 10 8 21 8 8 2 16 8 7 9 2 5 7 22 1 15 8 22 5 9 18 21 1 5 4 18 1 18 7 5 1 22 5 10
split_gain=1.91462 3.56812 3.39131 2.9741 2.85984 5.23836 3.31561 2.67638 2.64592 2.64579 2.58437 2.46553 2.44161 2.78107 2.40292 2.24152 2.23671 2.21156 2.17871 2.12793 2.12707 1.89288 1.87348 1.77186 1.72308 1.57799 1.55797 1.5107 1.50535 1.42361 1.40184 1.38616 2.43075 1.38539 1.35263 1.34248 2.13556 1.66807 1.33104 1.2502 1.26691 1.93849 1.25013 1.24377 1.66753 1.25807 2.27489 1.23691 1.23658 1.59833 2.01622 1.78776 1.43327 1.1302 1.7578 1.73596 1.49051 1.48105 1.48018 1.34036 1.10531 1.15703
threshold=0 1 72.500000000000014 4303.7850000000008 288.03000000000003 2 1.0259625827648244 8.5000000000000018 1.2271424844362879 3 641.31000000000006 4 5 702.73000000000013 25.013867715047947 27.644117316704079 1.5000000000000002 1272.0350000000001 6 0.73425707284975117 360.12500000000006 7 8 717.30500000000018 -182.96499999999997 1454.6050000000002 1.1984222991163191 28.285970921240501 3933.8750000000005 554.27500000000009 232.12500000000003 1075.0450000000003 720.5200000000001 9 0.86483092314221754 269.77000000000004 509.73000000000008 1224.7350000000004 10 70.500000000000014 259.17500000000007 28.958354739250797 11 8.5000000000000018 2374.9600000000005 26.787484826973778 113.50000000000001 1083.2400000000002 0.2248390793765728 36.242647058823536 12 348.50000000000006 13 0.5938276185040029 14 0.3057664072686857 690.69000000000017 89.500000000000014 15 36.892152981655187 355.50000000000006 2525.7050000000008
decision_type=1 9 2 2 2 9 2 2 2 9 2 9 9 2 2 2 2 2 9 2 2 9 9 2 2 2 2 2 2 2 2 2 2 1 2 2 2 2 1 2 2 2 9 2 2 2 2 2 2 2 9 2 9 2 9 2 2 2 9 2 2 2
left_child=1 8 22 4 5 38 10 15 16 53 18 17 13 -5 25 19 47 20 26 -7 -8 -18 39 -23 29 -9 -6 -17 -12 -13 -19 32 -14 -20 -16 -24 -37 -38 -2 40 41 -3 -26 45 -45 -15 -47 -1 52 50 -50 -51 -11 54 55 -4 58 -58 -55 -56 61 -10
right_child=3 2 9 12 6 7 11 14 60 48 28 24 31 43 34 27 21 30 33 -21 -22 23 35 -25 42 -27 -28 -29 -30 -31 -32 -33 -34 -35 -36 36 37 -39 -40 -41 -42 -43 -44 44 -46 46 -48 -49 49 51 -52 -53 -54 56 59 -57 57 -59 -60 -61 -62 -63
leaf_value=1.687459950696335 -0.18358157144001305 0.18332956734266653 -0.22238369243044379 -0.46993923175315333 -0.17831060627949144 -0.27053012699728357 0.26771190829834607 0.086152470190812916 0.38100189339554247 -1.5470924749320234 0.16141985257979635 -1.572626566079157 0.083409534913546149 -0.32641796034466508 0.11207509033414534 0.68847921600225215 -0.10951544184176552 0.25427318519298581 -0.057324380216455945 -0.44478476107085108 0.0025527215909836088 -0.021877409533706784 -0.017273726027787008 0.82560979317733263 0.01009930229636602 -0.042761712930291476 0.21745882472470532 -0.15525597852538661 -0.32583043584113425 1.6732004755082539 -0.92381052450193413 0.012732626009842552 -0.28948151564900898 -0.31505063252939269 -0.11834772382462946 -0.5074303367102625 -0.54854329241026678 0.02285585964658168 0.19530354122838106 -0.57648390421413964 -0.044575946139754311 -0.070270888898998338 -0.043096793779147907 -0.041256514912640624 0.37998217684981522 -0.98639888083523752 0.32050218588714685 -0.11254244637003269 0.41884692758486858 0.06998949192389077 0.01483850961341009 -0.096921099503610011 0.18792528363273889 -0.13322954321084488 0.01614062413105195 0.67844795292764637 0.33478541113212279 -0.099935037349013101 -0.55618534394481645 -0.44597661176614101 -0.14802527353044362 0.077280315866669017
leaf_weight=229 152 66 76 117 49 1171 220 193 252 103 81 21 39 136 32 25 632 591 304 286 2010 105 277 115 12679 69 55 1322 28 77 33 368 57 318 76 258 247 177 901 33 175 58 6505 159 29 25 44 74 537 2662 456 489 189 414 212 139 130 329 204 89 27 187
leaf_count=229 152 66 76 117 49 1171 220 193 252 103 81 21 39 136 32 25 632 591 304 286 2010 105 277 115 12679 69 55 1322 28 77 33 368 57 318 76 258 247 177 901 33 175 58 6505 159 29 25 44 74 537 2662 456 489 189 414 212 139 130 329 204 89 27 187
internal_value=-0.000101708 0.000533281 5.45479e-05 -0.000305127 -0.000205875 -0.00140071 1.19701e-05 -0.00241607 0.00264688 0.000559516 -0.00307279 0.000130991 -0.00301945 -0.00535373 0.00147453 -0.00295689 0.00131693 0.00149983 -0.00418381 -0.00433219 0.000738916 0 -0.00226043 0.00386266 -6.99663e-05 0.00415094 0.00213675 -0.00142593 0.00379464 0.00643564 0.00414673 -0.000209644 -0.00555556 -0.00527559 -0.0045045 -0.00336934 -0.00459854 -0.00222482 0.0016182 0.000869565 0.00206954 0.00590551 -0.000106843 -0.0032197 0 -0.00588942 0 0.00498366 0.00119128 0.00142272 0.00318775 0.000848129 -0.00186441 -0.0011675 0.000674374 0.00405702 -0.00210648 0 -0.0037037 -0.00167197 0.00586354 0.00650452
internal_weight=37113 8941 7320 28172 27198 4227 22971 3174 1621 6029 835 22136 974 510 370 2804 1155 2854 726 1457 2230 852 1291 220 19282 262 104 1347 109 98 624 464 96 622 108 959 682 424 1053 332 299 124 19184 393 188 205 69 303 4436 4144 993 3151 292 1593 516 215 1077 459 618 301 466 439
internal_count=37113 8941 7320 28172 27198 4227 22971 3174 1621 6029 835 22136 974 510 370 2804 1155 2854 726 1457 2230 852 1291 220 19282 262 104 1347 109 98 624 464 96 622 108 959 682 424 1053 332 299 124 19184 393 188 205 69 303 4436 4144 993 3151 292 1593 516 215 1077 459 618 301 466 439
cat_boundaries=0 1 3 5 7 9 11 13 15 17 18 19 21 23 24 25 27
cat_threshold=552 206644771 198880 131867929 1278997 1395560704 1086732 1527828481 131080 33820677 328336 2147745792 262657 68157475 160 2191954240 49154 71 1088 604897666 1372692 536870916 278547 9 302678016 2920704 5120
is_linear=0
shrinkage=0.05


Tree=95
num_leaves=63
num_cat=13
split_feature=4 1 5 23 1 5 15 1 19 22 5 16 21 7 5 20 20 7 10 8 1 8 7 12 23 21 19 20 16 1 23 22 1 7 10 5 1 5 1 1 21 5 22 21 10 10 1 22 5 15 21 5 9 22 1 1 7 19 22 10 23 19
split_gain=1.9741 3.53583 2.45888 2.55285 2.3501 2.4393 2.17923 2.07416 2.4374 1.93051 1.89878 1.89283 1.82614 1.82284 1.81026 2.31757 1.8761 1.77559 1.72644 1.97847 3.15968 1.85078 1.68959 1.68291 1.64955 1.62376 1.57249 1.46067 3.70557 2.16986 1.76294 1.73454 1.4565 1.4437 1.4061 1.36488 3.97763 2.77743 4.5647 3.77603 2.30025 1.9653 1.35427 1.34418 1.31063 1.95772 2.95587 1.85706 2.77522 2.63494 1.72747 1.23298 1.18669 1.17014 1.21464 1.1213 1.6628 1.29186 1.03678 1.05916 1.6103 0.966263
threshold=0 1 81.500000000000014 10.500000000000002 2 201.50000000000003 4.5000000000000009 3 1364.0250000000001 98.139231599140615 104.50000000000001 0.73500235127128011 332.25000000000006 1255.4050000000002 215.50000000000003 56.500000000000007 41.500000000000007 443.31000000000006 4303.7850000000008 1240.0450000000003 4 1750.4450000000002 573.36500000000012 1.5000000000000002 29.500000000000004 87.527777777777786 2825.1550000000007 27.500000000000004 2.0616626033328695 5 15.500000000000002 44.59465588272225 6 908.1350000000001 436.17500000000007 139.50000000000003 7 235.50000000000003 8 9 199.45000000000002 83.500000000000014 41.72229609002823 40.51315789473685 1054.3950000000002 756.61500000000024 10 39.83172928819053 343.50000000000006 7.5000000000000009 287.25000000000006 74.500000000000014 2299.2250000000008 96.54584403138125 11 12 436.56500000000005 1234.6800000000001 27.644117316704079 6200.9450000000006 13.500000000000002 1058.4300000000001
decision_type=9 9 2 2 9 2 2 9 2 2 2 2 2 2 2 2 2 2 2 2 9 2 2 2 2 2 2 2 2 9 2 2 9 2 2 2 9 2 9 9 2 2 2 2 2 2 9 2 2 2 2 2 2 2 9 9 2 2 2 2 2 2
left_child=1 2 61 13 5 24 9 8 10 55 53 -12 44 -4 16 42 -8 -5 19 35 26 58 -13 32 27 -17 -21 28 31 30 -29 -2 -22 -30 -14 36 41 39 -39 -37 -38 -6 -16 -23 45 50 -47 49 -49 -46 -9 -26 -31 54 -3 57 -57 -7 59 -20 -61 -1
right_child=4 7 3 17 18 6 14 12 -10 -11 11 22 34 -15 15 25 -18 -19 21 20 23 43 -24 -25 51 -27 -28 29 33 52 -32 -33 -34 -35 -36 37 40 38 -40 -41 -42 -43 -44 -45 47 46 -48 48 -50 -51 -52 -53 -54 -55 -56 56 -58 -59 -60 60 -62 -63
leaf_value=0.019862944948109806 -0.2835881007702919 0.34823827364170817 0.64885652650048042 -0.17116140421706616 -0.08821015629062999 -0.52304704264779645 0.32979881711771708 0.030695998005030846 -0.33153466025284034 1.3471365346852417 0.89371571649018833 -0.25693850270305596 -0.35011941654133527 -0.15344934374807906 0.0022100629049569775 0.24612946022714724 0.021714000459355277 0.29635173632547412 -0.21289517524365689 0.42307470789253898 -0.18153614026581266 0.053901604866601005 -0.0077514645459350719 -1.7761201671509541 0.16856572531094882 -0.5373872895595142 -0.48932689416388586 -0.2844073855980126 0.025538059769497325 -0.023858419396087707 0.026954547185631308 0.89421132121967306 0.068281424145239106 -1.1939082269629069 2.7580149873303954 -0.094938285481562454 -0.024345358899384453 0.084249910944955542 -0.10079681645116888 0.17373633207249173 0.50323913551282684 -0.3722900291268772 -0.68033014965081129 -0.059174122311033632 -0.074856362686483643 -0.062814222464419353 0.52935531075082309 0.30517865061760574 -0.73846331842704205 0.05513100569023948 -2.6239980753334446 -0.0017862183419726564 0.70352801584047053 -1.2545181407167307 -0.026572026218317293 -0.23263083750438229 0.074121860467961653 0.047650629950302205 0.092655095551014463 -0.21811763286090377 0.25636337450745156 -0.25234324156236915
leaf_weight=142 226 160 470 54 1287 187 37 1369 258 106 46 255 27 51 470 300 28 39 390 875 285 135 324 74 36 29 43 1114 357 1570 160 24 1544 134 73 1209 6335 1926 4634 2977 771 867 82 174 1976 218 554 705 32 484 28 27 44 21 129 365 579 45 86 49 32 85
leaf_count=142 226 160 470 54 1287 187 37 1369 258 106 46 255 27 51 470 300 28 39 390 875 285 135 324 74 36 29 43 1114 357 1570 160 24 1544 134 73 1209 6335 1926 4634 2977 771 867 82 174 1976 218 554 705 32 484 28 27 44 21 129 365 579 45 86 49 32 85
internal_value=-9.63196e-05 0.000625582 0.00365925 0.00534846 -0.000281003 -0.00117141 0.000112057 0.000228567 -0.00163765 -0.00120623 -0.000399787 -0.00203025 0.000647928 0.0067271 0.00194942 0.00127262 0.00992647 -0.00182292 -5.5893e-05 2.51862e-05 0.00126593 -0.00224396 -0.00287801 6.52401e-05 -0.00196211 0.00459337 0.00365199 -0.00211316 -0.00413306 -0.00157385 -0.003108 -0.00909091 0.000395742 -0.00146761 0.00728155 -0.000147434 -0.00059376 0.00023258 -0.000403779 0.00124135 -1.40469e-05 -0.00246885 -0.000630631 0.000721154 0.0005122 0.00146179 0.00348387 -0.000117187 0.00206081 -0.000791717 0.000303571 0.00568182 -0.000307314 0.00271565 0.00368151 -0.00182358 -0.000940439 -0.00489796 -0.00397321 -0.00490506 0 -0.000543478
internal_weight=37113 7500 841 614 29613 5920 2228 6659 1193 1282 935 625 5466 521 946 881 65 93 23693 22827 2821 866 579 1903 3692 329 918 3629 741 2888 1274 250 1829 491 100 20006 9260 10746 6560 4186 7106 2154 552 309 5366 2169 772 3197 737 2460 1397 63 1614 310 289 1176 944 232 557 471 81 227
internal_count=37113 7500 841 614 29613 5920 2228 6659 1193 1282 935 625 5466 521 946 881 65 93 23693 22827 2821 866 579 1903 3692 329 918 3629 741 2888 1274 250 1829 491 100 20006 9260 10746 6560 4186 7106 2154 552 309 5366 2169 772 3197 737 2460 1397 63 1614 310 289 1176 944 232 557 471 81 227
cat_boundaries=0 1 3 5 7 9 11 13 15 17 19 21 23 25
cat_threshold=16 1128000 1180677 2150708832 1316100 96632858 600400 67944473 567816 4672 5376 12583174 16 557064 549385 192971019 537 260456706 563 2181562372 4258 32776 65552 74784 1048580
is_linear=0
shrinkage=0.05


Tree=96
num_leaves=63
num_cat=8
split_feature=6 18 2 0 2 5 23 20 2 22 5 20 7 22 6 17 17 7 19 17 5 17 23 22 7 22 5 9 19 5 9 7 6 23 22 23 17 22 9 0 2 22 2 17 2 17 8 12 17 9 9 5 12 22 6 20 8 5 7 7 17 8
split_gain=1.86652 2.42191 2.07625 1.91949 4.91946 8.09047 18.5321 8.20326 4.82359 3.44142 3.30366 3.20171 2.95658 2.79147 2.64681 2.7033 2.58098 2.52269 2.48879 2.34325 2.24958 3.96705 2.17441 1.96911 1.96577 1.87698 1.84075 1.82195 1.79968 1.7937 1.7405 1.56253 1.55335 1.52759 1.9624 1.49976 2.39232 1.79335 3.8992 1.72986 3.08029 2.08039 1.67737 1.65824 1.61145 3.11509 1.49509 1.43907 1.39971 1.94386 1.35825 1.82159 1.49905 1.30739 1.28691 2.52271 1.75384 1.27563 1.73963 1.2193 1.21655 1.21577
threshold=2501.0100000000007 3.4576780980483894 0 1 2 180.50000000000003 3.5000000000000004 150.50000000000003 3 11.003245795502352 81.500000000000014 74.500000000000014 1554.1950000000004 50.033216680274812 2012.74 2.1751758365269178 2.1751758365269178 -1.0000000180025095e-35 936.45999999999992 2.4240271445233805 254.00000000000003 0.69951360853932698 4.5000000000000009 77.080585307260563 207.53500000000005 44.59465588272225 96.500000000000014 1362.5400000000002 545.88 61.500000000000007 410.39500000000004 278.66000000000003 2012.74 17.500000000000004 35.789790294106005 9.5000000000000018 0.88889378883204972 19.158640443293002 799.1500000000002 4 5 1.0000000180025095e-35 6 1.4788620746640913 7 2.7638196669384523 488.30000000000001 1.5000000000000002 0.6532748404044818 524.59500000000014 1891.1750000000004 318.50000000000006 1.5000000000000002 36.356070722020547 1376.8900000000001 18.500000000000004 111.66000000000001 61.500000000000007 1240.0850000000003 1432.9600000000003 1.7286926697355598 582.12500000000011
decision_type=2 2 1 1 1 2 2 2 1 2 2 2 2 2 2 2 2 2 2 2 2 2 2 2 2 2 2 2 2 2 2 2 2 2 2 2 2 2 2 1 1 2 1 2 1 2 2 2 2 2 2 2 2 2 2 2 2 2 2 2 2 2
left_child=3 2 61 8 5 6 7 13 9 17 11 22 14 -5 15 27 31 -1 23 24 21 -16 32 -13 28 -24 48 -10 -7 60 -17 -8 -6 34 -31 39 42 38 -38 44 41 -41 -37 -39 45 -4 -35 -22 -12 -50 -14 52 -52 -44 55 -28 -56 -19 -59 -46 -11 -2
right_child=1 -3 35 4 10 19 16 -9 12 29 26 18 50 -15 20 30 -18 57 -20 -21 47 -23 25 -25 -26 -27 54 -29 -30 33 -32 -33 -34 46 -36 36 37 43 -40 40 -42 -43 53 -45 59 -47 -48 -49 49 -51 51 -53 -54 -55 56 -57 -58 58 -60 -61 -62 -63
leaf_value=-2.8590084542871814 0.19797551372438651 0.60193734487920936 -0.019244934074713171 -2.7580487568220011 -0.3881371025830152 -0.76461231679972286 -0.34988417292993007 -0.062377105946004013 0.033694941246499611 -0.84787223994055982 0.81814580683254912 0.15585754524812218 1.4493780828891289 -0.49340962696332086 -0.43696754292838413 -0.85429703014657365 -0.47427371068385338 -0.31897328099247063 -1.1463587147143812 0.99625682218126776 0.037329700198424833 -0.04863658375725919 -0.0026694448559403841 -0.6868827568415945 0.43243686616120169 -0.36794362723281537 0.58773544269131417 -0.79099484505611528 0.34620517064128864 -0.093067310607807485 1.4809452568820207 0.26355099199678167 -0.64246279330177003 0.14707199440384305 0.22508805099204779 0.0016033916295048912 0.45720410899664937 -0.037648412552240273 0.015727561963791103 -0.53717610877295419 -0.47746727960373719 0.52430561731044212 -0.23273018113013 0.092216755406460932 -0.07677200304497625 1.3623207760959533 -0.29495233205890764 -2.5056422447071318 -0.45172448830043099 0.15402291344993557 0.24411936961147662 0.97835866918910419 -2.4500214606715387 0.19694792742566972 0.59147199353054281 0.020018033565102122 -0.045526097768826546 0.7596028523175179 -0.39330529548163895 -0.30787887518579549 0.37351560404481321 0.010535018731209789
leaf_weight=28 304 44 1469 279 463 103 37 99 1151 39 69 957 217 23 250 88 36 69 88 138 3807 6544 535 165 58 139 198 26 23 694 519 291 67 54 847 283 68 859 745 49 271 75 276 432 5415 271 23 43 148 351 139 24 25 38 100 2752 2370 1241 125 530 29 513
leaf_count=28 304 44 1469 279 463 103 37 99 1151 39 69 957 217 23 250 88 36 69 88 138 3807 6544 535 165 58 139 198 26 23 694 519 291 67 54 847 283 68 859 745 49 271 75 276 432 5415 271 23 43 148 351 139 24 25 38 100 2752 2370 1241 125 530 29 513
internal_value=-0.000101708 -0.000626878 -0.000676666 0.000136414 -0.000424041 -0.00356818 -0.00641276 -0.0137995 0.000472318 0.0022217 -5.94177e-06 -0.0015722 3.69765e-05 -0.0178689 -9.65329e-05 0.00167879 0.00163488 0.0040075 0.000206101 0.00292308 -0.000399173 -0.000948948 -0.00339685 0.000888889 -0.000534759 -0.00140325 0.000617593 0.000233051 -0.00426357 0.000651273 0.00438525 0.00317221 -0.00581614 0.00101789 0.000631477 -0.000863906 0.000138683 0.000949217 0.00278799 -0.00120624 -0.0044598 0.00182482 -0.002625 -0.000173879 -0.00103083 0.000285225 0.0078125 0.000558007 0.0033275 0.00224104 0.00422794 0.00078534 -0.000898204 -0.00504587 0.0003227 0.00103285 -0.000505459 0.00432893 0.00467495 -0.00142246 -0.00704225 0.00171687
internal_weight=37113 11642 11598 25471 9489 1087 765 401 15982 3149 8402 2414 12833 302 12428 1784 364 1463 1210 322 10644 6794 1204 1122 184 674 5988 1177 126 1686 607 328 530 1618 1541 10781 2701 2104 813 8080 395 124 597 1291 7685 1740 77 3850 568 499 405 188 164 314 5420 2950 2470 1435 1366 5945 68 817
internal_count=37113 11642 11598 25471 9489 1087 765 401 15982 3149 8402 2414 12833 302 12428 1784 364 1463 1210 322 10644 6794 1204 1122 184 674 5988 1177 126 1686 607 328 530 1618 1541 10781 2701 2104 813 8080 395 124 597 1291 7685 1740 77 3850 568 499 405 188 164 314 5420 2950 2470 1435 1366 5945 68 817
cat_boundaries=0 1 2 3 4 5 6 7 8
cat_threshold=512 1 256 288 1 1105 294 1284
is_linear=0
shrinkage=0.05


Tree=97
num_leaves=63
num_cat=19
split_feature=10 1 2 2 0 17 7 1 15 5 11 23 7 17 1 1 1 2 2 1 1 5 9 1 11 7 16 5 11 5 10 2 7 23 10 5 1 5 23 12 1 11 7 5 17 16 10 14 16 10 9 4 23 2 10 11 15 2 5 9 11 11
split_gain=1.87013 4.38987 2.71699 2.40053 2.67527 2.60796 1.90061 5.18795 1.89633 1.87286 1.83551 1.76187 2.0932 1.63799 2.99742 2.1207 1.59061 2.89715 2.71029 2.84377 2.58852 2.14948 2.10628 2.10437 1.82875 1.82738 1.79882 1.78285 1.52804 1.4806 1.42398 1.50196 1.37029 1.73155 1.633 1.55729 1.51257 2.34259 1.47286 1.36946 1.30802 1.34461 1.65197 1.30431 1.29172 1.21012 2.09118 1.32819 1.49926 1.25089 1.26062 1.20414 1.20287 1.20215 1.17755 1.17686 1.17233 1.76533 1.11632 1.11146 1.05967 1.20425
threshold=2686.9950000000003 0 1 2 3 1.4788620746640913 1227.2500000000002 4 4.5000000000000009 12.500000000000002 660.95000000000016 14.500000000000002 710.0150000000001 2.056293750633015 5 6 7 8 9 10 11 286.50000000000006 1130.1850000000002 12 1750.6550000000004 616.57000000000005 1.0003538922897268 264.50000000000006 6086.6150000000007 117.50000000000001 1240.0550000000003 13 2375.9000000000005 2.5000000000000004 2894.4100000000003 137.50000000000003 14 287.50000000000006 20.500000000000004 1.5000000000000002 15 4205.3050000000012 143.71500000000003 178.50000000000003 2.9003824133111071 0.79335020374389698 2894.4100000000003 2.5000000000000004 1.0259625827648244 3258.1500000000005 2347.9950000000003 16 17.500000000000004 17 436.17500000000007 302.49000000000007 2.5000000000000004 18 180.50000000000003 2501.0150000000008 1254.1600000000001 1501.8150000000003
decision_type=2 9 1 1 1 2 2 9 2 2 2 2 2 2 9 9 9 1 1 9 9 2 2 9 2 2 2 2 2 2 2 1 2 2 2 2 9 2 2 2 9 2 2 2 2 2 2 2 2 2 2 9 2 1 2 2 2 1 2 2 2 2
left_child=6 2 45 4 43 -6 9 8 60 10 54 -4 52 14 30 51 17 20 23 29 22 27 -11 58 -23 -22 -21 -19 -14 -20 -9 -32 33 34 35 -5 38 -38 -35 -25 -12 42 -42 -3 -17 49 -47 -48 -49 -2 -51 -15 -13 -53 55 -1 57 -16 -18 -36 -8 -62
right_child=1 3 11 32 5 -7 7 13 -10 16 40 12 28 15 56 44 18 21 19 26 25 24 -24 39 -26 -27 -28 -29 -30 -31 31 -33 -34 36 59 -37 37 -39 -40 -41 41 -43 -44 -45 -46 46 47 48 -50 50 -52 53 -54 -55 -56 -57 -58 -59 -60 -61 61 -63
leaf_value=-1.8727365657485433 0.44839279784649888 0.11885499772535352 -0.23381061492957944 -0.38538673227934606 0.0038345587558250571 -0.82505904834332855 1.7855335187352992 -1.0724024132661569 0.45114435655889484 -0.61680893403477666 -0.22160676990697681 0.065164873425698835 0.71282378527981516 1.1154056539483364 0.79943318490883541 1.3827976479267692 0.030929999588199131 -0.028336504050895429 0.0028545203943506794 -0.19768323307217842 0.34936573288028328 -0.031379809936120752 0.66121232014394438 0.030888156720376259 -0.16297191948663237 -0.030370794964047224 -0.02219245629733102 0.11589040404692846 0.0015232220480296378 0.32960022285124002 0.1477768178392001 -0.23433077962132245 0.5762373732341296 -0.010493262563749007 -0.38752129282825509 0.62943245025787753 0.20149339759216894 -0.10383787968906653 0.067654173849430427 -0.8746213794113622 -1.204199167120062 -0.2011962228852805 0.070220887730760503 -0.28981575498222867 0.80398409254014713 -0.28231091850487861 -0.036267691199061501 0.26352929335729663 0.028657825384277302 -0.65254952253060383 -0.047592405081126901 -1.2156414729015959 -0.16807785013423493 0.26528586578754698 -3.0629649536165404 0.5028048808287352 0.34665374494857848 -0.25079909877185574 0.24956508989635326 -0.020209029460406924 -2.4956147587146043 -0.34832467104190601
leaf_weight=21 26 124 944 24 44 72 20 51 27 99 407 48 35 223 111 251 848 8973 530 659 505 1380 22 5004 1308 216 6521 800 179 620 230 269 125 1026 131 45 406 127 219 45 26 28 470 43 430 113 313 51 265 27 34 136 145 190 58 45 350 195 1059 73 44 303
leaf_count=21 26 124 944 24 44 72 20 51 27 99 407 48 35 223 111 251 848 8973 530 659 505 1380 22 5004 1308 216 6521 800 179 620 230 269 125 1026 131 45 406 127 219 45 26 28 470 43 430 113 313 51 265 27 34 136 145 190 58 45 350 195 1059 73 44 303
internal_value=-0.000100361 -0.00103942 -0.00266758 0.000394417 -0.00380068 -0.00966387 3.23306e-05 0.00127074 -0.0039312 -8.43256e-05 -0.00215028 -0.00405059 -0.00115854 0.00214373 0.000785773 0.00344688 -6.12059e-06 -0.000407405 0.000339891 -0.000263694 0.00239766 -0.000603255 -0.00391791 0.00106902 -0.00185805 0.00357629 -0.000639511 -0.000253171 0.00207373 0.00202064 -0.00186501 -0.000946215 0.000982184 0.000645083 -0.00298913 0.003125 0.00123526 0.00343407 0.000218601 0.00051857 -0.00131156 0.00027933 0.001002 0 0.00529539 -0.000326603 0.000268456 0.00146361 0.00376176 -0.00583333 -0.00976562 0.000934164 -0.00497449 -0.000884956 -0.00787402 -0.00217391 0.00306428 0.000647249 0.00248698 -0.00531401 -0.00506757 -0.00578571
internal_weight=37113 4639 2180 2459 283 116 32474 2830 394 29644 1055 1351 407 2436 1206 1230 28589 13303 15286 8330 842 12461 121 6956 2688 721 7180 9773 214 1150 550 499 2176 2051 273 69 1778 533 1245 5049 931 524 496 167 681 829 742 629 316 87 61 549 193 326 124 66 656 306 1907 204 367 347
internal_count=37113 4639 2180 2459 283 116 32474 2830 394 29644 1055 1351 407 2436 1206 1230 28589 13303 15286 8330 842 12461 121 6956 2688 721 7180 9773 214 1150 550 499 2176 2051 273 69 1778 533 1245 5049 931 524 496 167 681 829 742 629 316 87 61 549 193 326 124 66 656 306 1907 204 367 347
cat_boundaries=0 2 3 4 5 7 9 11 13 14 15 17 19 21 22 24 26 27 28 29
cat_threshold=2198417559 70024 1592 256 1 2462254658 5120 606863380 49665 2109824 344722 673603960 818482 512 302 1129381888 1245196 2097424 4128 1417777665 131145 922 872415784 788018 2148012209 4753 18 43 1456
is_linear=0
shrinkage=0.05


Tree=98
num_leaves=63
num_cat=21
split_feature=4 1 2 19 1 2 2 1 21 19 5 21 6 1 23 7 1 14 2 1 1 8 8 1 14 2 23 1 2 2 8 21 21 1 5 7 19 18 23 2 7 18 21 2 1 19 16 21 23 18 21 19 18 19 18 21 21 5 16 5 5 5
split_gain=1.58339 3.25456 3.86857 2.69828 2.5497 4.62921 2.83167 4.61169 3.58627 2.54341 2.91685 2.75755 2.2131 5.05458 2.20184 2.03126 3.95926 3.19589 2.26742 2.85639 2.43626 1.94351 1.84813 1.84559 1.78594 1.76981 1.75544 1.721 2.04452 1.68545 2.26044 1.58046 1.47786 1.47063 1.42685 1.32489 1.30858 1.51143 1.29571 2.35095 2.57044 1.20742 1.1606 1.55697 1.52681 1.14591 1.08665 1.06133 1.0433 1.02603 0.99636 0.976515 1.43335 0.964136 0.95965 0.929064 1.60461 1.61112 1.44751 1.31522 1.94738 1.39874
threshold=0 1 2 1668.1100000000001 3 4 5 6 78.174242424242451 597.38499999999999 169.50000000000003 54.026315789473692 1376.8900000000001 7 3.5000000000000004 540.15500000000009 8 5.5000000000000009 9 10 11 330.67500000000007 1366.0900000000004 12 1.5000000000000002 13 16.500000000000004 14 15 16 360.23500000000007 53.023809523809533 332.25000000000006 17 39.500000000000007 115.38000000000001 2487.1800000000007 1.9798114061918988 13.500000000000002 18 207.53500000000005 3.6616729341346104 90.045454545454561 19 20 1402.8050000000001 1.4999973398689803 67.677083333333357 15.500000000000002 1.1696523001919772 120.05555555555557 1402.8050000000001 1.0299319516904124 1761.7700000000002 5.4530853061374769 39.535885167464123 26.017241379310349 286.50000000000006 1.4996182460148617 139.50000000000003 215.50000000000003 123.50000000000001
decision_type=9 9 1 2 9 1 1 9 2 2 2 2 2 9 2 2 9 2 1 9 9 2 2 9 2 1 2 9 1 1 2 2 2 9 2 2 2 2 2 1 2 2 2 1 9 2 2 2 2 2 2 2 2 2 2 2 2 2 2 2 2 2
left_child=1 2 -1 34 5 36 7 8 22 10 11 -9 13 29 33 16 24 -18 19 -17 -20 46 23 -6 -14 -15 -12 28 45 30 -8 -31 38 -10 47 -30 37 48 42 40 -40 -41 44 -44 -29 -3 -11 -4 -2 -27 -16 52 -36 -23 55 56 58 -58 -7 61 -61 -57
right_child=4 27 3 -5 6 54 12 9 14 21 26 -13 15 25 50 18 17 -19 20 -21 -22 53 -24 -25 -26 49 -28 32 35 31 -32 -33 -34 -35 51 -37 -38 -39 39 41 -42 -43 43 -45 -46 -47 -48 -49 -50 -51 -52 -53 -54 -55 -56 59 57 -59 -60 60 -62 -63
leaf_value=0.36813323207809817 -0.363382871976415 0.32179372048706051 -0.20594383365572391 -0.36172933183960582 -0.3935801177037288 -0.26637735963246884 -0.51825932298633937 -0.51486632239636576 -0.77032754984007001 -0.22933628607990322 0.15038693659017746 0.071563613569762916 -0.11022436768897706 0.75368697135685181 0.37433108361229517 0.075782144171153476 0.016581343700764872 -0.43918358417660158 0.051641520649506494 -0.16284849703476445 -0.047002530950335603 0.72741833636315789 -0.71665156972187938 -0.10964538493861227 -0.16049408264526691 1.7051759896346692 0.43918338308201366 -0.19627627421789492 0.63986252166479651 0.15109583859308345 -0.0064904206767881336 -0.0079937233680972501 1.3851868109779919 0.30689759619926849 -0.016833056582285445 -0.50934148389375977 0.14398832948101054 -0.010400995002797231 -0.18120359662346158 -0.071181052959467195 0.20706195666584737 0.15596251869874342 -0.048586695091994869 0.24752580259953519 -0.0089933860880815793 -1.2036663523131326 0.33530761693125655 0.08444600219387724 -0.0038350569326425447 -0.0034892484281094484 0.044470852903126003 1.5695618196574275 0.22814595165021406 0.24512887180336806 -0.18407333708358734 -0.069586486886468887 0.096632956588315902 -0.028823506169678572 0.086654113844802802 0.53119716791983052 -0.0084506622195913653 -0.48517245724261343
leaf_weight=647 1154 114 37 124 235 70 271 194 101 87 1086 288 2557 335 155 824 3454 44 5173 2030 2406 629 66 457 2003 168 61 617 47 325 573 658 104 152 394 264 58 277 34 240 211 33 899 1218 2122 21 191 25 125 239 65 41 308 281 62 611 234 90 471 103 1140 110
leaf_count=647 1154 114 37 124 235 70 271 194 101 87 1086 288 2557 335 155 824 3454 44 5173 2030 2406 629 66 457 2003 168 61 617 47 325 573 658 104 152 394 264 58 277 34 240 211 33 899 1218 2122 21 191 25 125 239 65 41 308 281 62 611 234 90 471 103 1140 110
internal_value=-0.000107097 0.000539066 0.00254877 0.000398089 -0.000272565 -0.00136676 -7.36436e-05 0.00113273 -0.00138666 0.00225265 0.000934436 -0.00226804 -0.000308452 0.00105949 0.00194328 -0.000501514 -0.00109788 0.000156651 -3.59333e-05 -0.00123823 0.000411617 0.00403023 -0.00354796 -0.00266187 -0.00206648 0.00450331 0.00232609 0 -0.00294118 -0.000339674 -0.00198366 0.00102912 0.000245857 -0.00107422 0.00151609 -0.00516975 -0.00350338 -0.00381655 0.000120885 0.0024952 0.00591085 -0.000611888 -0.000123482 0.000742925 -0.000811451 0.00185811 0.000177936 -0.00538462 -0.00454368 0.00196429 0.00560538 0.00217828 0.00163121 0.00514786 -0.00014635 0 0.00135369 0.00412844 -0.000229779 -0.000610066 0.000341091 -0.00231354
internal_weight=37113 7500 1576 929 29613 4505 25108 4048 1231 2817 1629 482 21060 2569 473 18491 8058 3498 10433 2854 7579 1188 758 692 4560 742 1147 5924 446 1827 844 983 5478 253 805 311 1614 1556 5374 518 245 273 4856 2117 2739 135 278 62 1279 407 220 743 702 910 2891 2829 865 324 541 1964 1243 721
internal_count=37113 7500 1576 929 29613 4505 25108 4048 1231 2817 1629 482 21060 2569 473 18491 8058 3498 10433 2854 7579 1188 758 692 4560 742 1147 5924 446 1827 844 983 5478 253 805 311 1614 1556 5374 518 245 273 4856 2117 2739 135 278 62 1279 407 220 743 702 910 2891 2829 865 324 541 1964 1243 721
cat_boundaries=0 1 3 4 6 7 8 10 12 14 15 17 19 21 22 24 25 26 28 29 30 32
cat_threshold=16 2148611681 1184773 99 2149593696 1053956 833 768 328614147 33329 990380165 289411 614269080 475208 3073 319946763 803040 801931395 33339 58720258 49 2241 75497490 534856 3096 2146 393218 512 2642 790 35831816 32912
is_linear=0
shrinkage=0.05


Tree=99
num_leaves=63
num_cat=13
split_feature=10 1 5 23 8 1 7 18 7 20 1 10 18 9 1 23 4 1 1 5 17 15 17 5 21 17 9 5 7 1 16 5 1 10 10 9 10 8 7 23 1 21 23 18 15 5 20 9 18 18 20 5 17 18 10 0 21 21 1 1 20 9
split_gain=1.56307 3.6357 2.85065 2.18736 1.83097 4.77356 2.20858 2.20722 2.57268 1.75266 1.6215 1.58211 1.53779 3.12044 1.5333 1.52817 2.31121 1.96976 1.78756 1.68471 1.49984 2.28401 1.94689 1.46951 2.38197 1.66606 1.45933 1.45629 1.45255 1.44649 1.43013 1.40733 1.38885 1.4009 2.49121 1.99698 2.61813 1.78066 2.60812 1.59935 1.52732 1.36674 1.30578 1.30435 1.27518 1.21678 1.21499 1.20901 1.18282 1.17015 1.16961 2.58311 1.6844 1.16688 1.70785 1.80751 2.58939 2.28112 1.64624 1.5331 1.77841 1.76916
threshold=2686.9950000000003 0 343.50000000000006 21.500000000000004 1229.1400000000001 1 384.06999999999999 2.0292760368345824 480.17000000000002 150.50000000000003 2 2868.4750000000004 3.4576780980483894 2478.6700000000005 3 8.5000000000000018 4 5 6 148.50000000000003 2.0788802316561745 2.5000000000000004 2.3585763847455925 86.500000000000014 58.027777777777786 1.6615242494221736 2546.4750000000008 165.50000000000003 1227.2500000000002 7 1.3636017878912841 52.500000000000007 8 189.15500000000003 289.13500000000005 137.89500000000001 1.0000000180025095e-35 -1.0000000180025095e-35 -1.0000000180025095e-35 4.5000000000000009 9 123.06250000000001 5.5000000000000009 0.2248390793765728 5.5000000000000009 312.50000000000006 136.50000000000003 1947.0150000000001 0.16255742762796763 0.71072575146491657 33.500000000000007 110.50000000000001 1.3683211111211584 0.89801365966381641 1014.5250000000002 10 107.84523809523812 86.045454545454561 11 12 102.50000000000001 591.3900000000001
decision_type=2 9 2 2 2 9 2 2 2 2 9 2 2 2 9 2 9 9 9 2 2 2 2 2 2 2 2 2 2 9 2 2 9 2 2 2 2 2 2 2 9 2 2 2 2 2 2 2 2 2 2 2 2 2 2 1 2 2 9 9 2 2
left_child=4 2 15 9 32 7 -7 8 -6 12 50 -5 23 28 49 29 18 26 19 -17 21 -12 -22 25 -25 -3 -18 -20 -14 46 -15 -13 53 35 40 36 41 38 -36 -38 48 -34 -42 -39 -4 -31 -2 -46 -35 -10 51 -8 -52 54 59 56 -56 -57 -55 61 -61 -1
right_child=1 3 44 11 5 6 10 -9 14 -11 20 31 13 30 -16 16 17 -19 27 -21 22 -23 -24 24 -26 -27 -28 -29 -30 45 -32 -33 33 34 37 -37 39 43 -40 -41 42 -43 -44 -45 47 -47 -48 -49 -50 -51 52 -53 -54 58 55 57 -58 -59 -60 60 -62 -63
leaf_value=0.52128766709257979 -0.32645130795249178 0.087424651540475656 -0.21320759345470253 -0.077421784134686797 1.7866263962229565 1.7216710166020819 -1.0445475806029625 0.48259715808423354 0.3448756120789675 0.67052192195342153 -0.2661153806787695 -0.27413256036070072 0.087781685160363845 0.017104780701390789 -0.92315985392288846 -0.10666014440961487 0.044347367595462567 -0.056360615195392684 -0.035009129410678422 0.11513005945964379 1.5725545513540873 0.31320434023236565 0.63432285890435769 -0.11472140305530587 0.047030085018226947 -0.14123375673084482 0.1781689469224606 -0.43538191700214379 -1.0054943964174949 -0.17365954249290674 0.71129617503864306 0.11627254457605032 -0.094132669347685299 1.7417863207682676 -2.3986824284298174 0.78483063518879137 -1.349626225956875 -0.16295199778286218 0.65167091879564765 1.2746956995541148 -0.75152344726411835 0.88428524580335621 0.064449842819851 -0.0061658996429486031 -0.00057351237514318147 0.44052391063900276 0.33485907120721808 0.10631041762077996 -0.36181769075034115 -0.34463188335378236 -0.1152265159047218 0.43406722697582012 0.44918981762237564 -0.19458511260881439 0.021832545423785633 -0.78430256910670271 -0.45850212998783352 0.47294540119020212 0.071724724782417232 -0.14279881614391493 0.10813606489061095 -0.099358419108898491
leaf_weight=613 269 267 34 33 20 77 196 46 80 91 239 26 91 32 149 211 176 237 169 206 110 306 474 723 551 110 108 132 30 780 62 148 227 62 62 192 133 1093 36 41 301 211 37 20319 21 57 22 53 165 162 197 169 869 196 1016 115 423 39 1844 908 1120 227
leaf_count=613 269 267 34 33 20 77 196 46 80 91 239 26 91 32 149 211 176 237 169 206 110 306 474 723 551 110 108 132 30 780 62 148 227 62 62 192 133 1093 36 41 301 211 37 20319 21 57 22 53 165 162 197 169 869 196 1016 115 423 39 1844 908 1120 227
internal_value=-0.000116527 -0.000974795 -0.00228095 0.000505282 4.61865e-06 0.00116242 0.00199057 -0.00345745 -0.00477053 0 0.00171674 0.00535714 -0.00034778 0.00355505 -0.00577411 -0.00266878 -0.00138889 0.00107678 -0.00321477 -0.000872093 0.00313047 0.00114051 0.00494037 -0.000891778 -0.00172279 0.00177632 0.00387205 -0.00613057 -0.00141129 -0.00402299 0.0103093 0.00734463 -0.000115713 -0.000300323 -0.000377072 0.00173482 0.000243902 -0.000288198 -0.00693069 -0.00480226 -0.00365317 0.00238095 -0.00569801 -0.000254495 0.00540541 -0.00273529 -0.00715461 0.00909091 -0.000104167 -0.00254902 0.000536704 -0.00183424 0.00140318 0.000525791 6.16039e-05 -0.00123747 -0.00064147 -0.00636943 0.00151738 0.000801115 2.44978e-05 0.00257913
internal_weight=37113 4639 2475 2164 32474 3094 2637 457 411 1957 2560 207 1866 215 391 2367 1239 521 718 417 1129 545 584 1651 1274 377 284 301 121 1128 94 174 29380 22879 22075 804 612 21510 98 174 565 438 338 21412 108 837 291 74 227 242 1431 365 1066 6501 4461 1593 1439 154 2040 2868 2028 840
internal_count=37113 4639 2475 2164 32474 3094 2637 457 411 1957 2560 207 1866 215 391 2367 1239 521 718 417 1129 545 584 1651 1274 377 284 301 121 1128 94 174 29380 22879 22075 804 612 21510 98 174 565 438 338 21412 108 837 291 74 227 242 1431 365 1066 6501 4461 1593 1439 154 2040 2868 2028 840
cat_boundaries=0 2 4 6 7 8 10 12 13 15 17 18 20 22
cat_threshold=3338743991 70536 2462257730 5120 555754624 114843 310448640 11 2181038214 65536 2181038240 640 2181107750 1396803079 196749 2148012096 4624 1 4 4 4194309 131076
is_linear=0
shrinkage=0.05


Tree=100
num_leaves=59
num_cat=21
split_feature=14 4 1 2 1 2 2 1 19 23 17 0 19 1 17 2 19 18 11 15 1 17 1 2 2 1 2 2 19 17 1 22 19 16 18 18 9 1 11 22 22 23 18 18 11 1 22 10 17 11 15 18 2 11 19 16 10 16
split_gain=1.3633 1.30329 3.0882 2.73418 2.10797 3.24753 2.37376 3.87936 2.87191 3.77526 2.84839 3.15216 2.27079 1.89301 2.0248 5.7306 2.44755 1.71964 2.53301 1.65507 3.44708 3.49713 2.05424 2.47719 2.32269 2.01323 1.96705 1.78145 1.70866 1.63455 1.59369 1.48599 1.72591 1.45464 1.41548 1.32616 1.30385 2.1068 2.15779 1.61083 1.25634 1.20457 1.26884 1.12018 1.59114 1.36699 1.03255 1.01048 0.992641 0.958189 1.7234 1.61758 1.10042 0.940578 0.869544 0.78187 0.501263 0.0369565
threshold=8.5000000000000018 0 1 2 3 4 5 6 608.84999999999991 3.5000000000000004 1.9895039082367292 7 929.93999999999994 8 0.80633253027532559 9 1113.24 2.23087147792292 1363.3600000000001 2.5000000000000004 10 2.4000495357084399 11 12 13 14 15 16 817.73500000000001 1.4697032788760447 17 13.28045978364516 1308.345 1.2560533095464981 0.5938276185040029 0.80556627498181355 425.78500000000014 18 1102.2750000000003 61.521990730528053 48.519755396300333 3.5000000000000004 0.40687197655924012 2.3490184965274037 1281.9250000000004 19 14.921136432348083 598.57500000000016 0.81627148153588047 10546.255000000003 10.500000000000002 2.1026563823128752 20 1711.0050000000003 1939.0550000000001 1.5473101872606434 588.66500000000019 1.5001575542363172
decision_type=2 9 9 1 9 1 1 9 2 2 2 1 2 9 2 1 2 2 2 2 9 2 9 1 1 9 1 1 2 2 9 2 2 2 2 2 2 9 2 2 2 2 2 2 2 9 2 2 2 2 2 2 1 2 2 2 2 2
left_child=1 2 3 43 5 30 7 10 9 -9 12 -12 -6 17 15 -15 -16 18 -8 20 21 26 24 29 28 -26 -4 -23 -21 -24 31 35 -33 -10 -25 -3 54 39 -39 -38 55 42 -32 44 47 -46 -19 -1 -43 50 52 -52 -7 -42 56 -22 -5 -45
right_child=-2 4 19 36 6 49 13 8 33 -11 11 -13 -14 14 16 -17 -18 46 -20 22 40 27 23 34 25 -27 -28 -29 -30 -31 41 32 -34 -35 -36 -37 37 38 -40 -41 53 48 -44 57 45 -47 -48 -49 -50 -51 51 -53 -54 -55 -56 -57 -58 -59
leaf_value=0.011804754318733401 -0.53778655274634735 -0.16152006125619922 0.011716170837230068 0.37791603481039504 0.19196781446175137 0.022829681163758411 0.26830222145979976 -0.15020760534161681 -0.092799752178680001 0.16476261180698942 -0.19036124019625406 -0.73148603437577187 -0.35757605137762882 0.023288611597671507 0.0044705009278480645 -0.34450570657162827 -0.12441075484485964 -0.048306117779736195 -0.026819928146809072 0.19774076793090495 -0.036063833418319646 1.5358893444484296 -0.23740847057982251 -0.29514393447451232 -0.05759351583415722 0.20639532802023963 -0.66008834454766685 0.12405029212856533 -0.00064354702528888206 0.0091101386287729021 -0.24737366573453984 -0.19773010201072713 0.33127193363989171 0.52741142786321127 0.088698782271271537 0.2809008604146756 0.07311472678828182 -0.41683219841627023 0.56648932633633009 -1.0660263878054843 0.91479885797818106 0.095136959516541358 -0.65785484617650458 -0.17377232953002048 -0.023124084333613126 0.19244549349671553 0.27008074867383841 -0.39506656478939245 -0.1073563349642086 -0.24647082713687285 0.10487423604364121 -0.02637925265293797 -0.054748168048802628 -1.5253879783711164 0.078401231207075747 -0.83174053409319848 0.59827053358052573 -0.10813752359004242
leaf_weight=114 32 95 504 120 346 1453 1585 814 135 939 272 117 138 890 9611 663 4491 89 2804 869 70 237 501 160 655 217 441 646 293 282 217 254 26 1168 814 83 219 55 326 28 63 95 474 20 102 128 274 70 649 39 140 70 1659 30 32 385 83 27
leaf_count=114 32 95 504 120 346 1453 1585 814 135 939 272 117 138 890 9611 663 4491 89 2804 869 70 237 501 160 655 217 441 646 293 282 217 254 26 1168 814 83 219 55 326 28 63 95 474 20 102 128 274 70 649 39 140 70 1659 30 32 385 83 27
internal_value=-0.000120568 -0.000109886 0.000476413 0.0026552 -0.000260109 -0.00116765 -6.16042e-05 0.00105911 0.00190616 0.000555239 -0.00183409 -0.00503827 0.000616016 -0.000280362 -0.000547294 -0.00226542 -0.000354484 0.000587618 0.000301685 0 -0.00102984 0 0.000652346 -0.000579096 0.00173425 -0.000169492 -0.00208333 0.00228555 0.00319149 -0.0026696 -0.00282004 -0.000106157 -0.0024735 0.00369449 0.00106383 0.00331492 0.00430936 0.00301109 0.0052665 -0.000480769 -0.00445633 -0.00364296 -0.00522334 -0.000369198 0.000359712 0.00321888 0.00389344 -0.00294118 -0.0021419 -0.000214878 -0.000105263 0.00422535 -0.000417335 0.000260417 0.00766807 -0.00562227 0.00885922 -0.0075
internal_weight=37113 37081 7491 1324 29590 5254 24336 3929 3056 1753 873 389 484 20407 15655 1553 14102 4752 4389 6167 2376 1828 3791 1757 2034 872 945 883 1162 783 1893 458 280 1303 974 178 863 628 381 247 548 1435 691 461 414 230 363 184 744 3361 3322 210 3112 93 235 455 203 47
internal_count=37113 37081 7491 1324 29590 5254 24336 3929 3056 1753 873 389 484 20407 15655 1553 14102 4752 4389 6167 2376 1828 3791 1757 2034 872 945 883 1162 783 1893 458 280 1303 974 178 863 628 381 247 548 1435 691 461 414 230 363 184 744 3361 3322 210 3112 93 235 455 203 47
cat_boundaries=0 1 3 4 6 7 8 10 11 13 14 16 18 19 20 22 23 24 25 27 29 30
cat_threshold=16 2148611680 1184773 788 2150708832 1054020 833 768 327434498 33328 1 1594114067 559162 2104 944504969 115352 103596423 279074 286 2142 34357381 512 2101 328 3146784 1052704 5120 2148532288 1049600 2084
is_linear=0
shrinkage=0.05


Tree=101
num_leaves=63
num_cat=2
split_feature=6 23 6 20 0 5 5 23 21 20 20 9 9 9 10 21 14 10 16 11 12 10 20 16 16 6 11 10 9 21 20 11 16 16 20 5 15 16 16 21 9 4 9 9 10 20 10 21 10 11 20 21 10 8 10 15 9 20 5 9 10 9
split_gain=1.57191 1.73162 1.91116 1.93833 1.61042 2.49988 9.08043 16.1947 9.28922 5.16683 2.70956 2.25647 3.53532 2.38405 2.36426 2.1228 2.032 1.8821 1.83001 2.25767 1.7336 1.71686 1.67012 1.52462 3.69021 1.50514 1.43814 1.43489 1.40475 2.18773 1.44169 2.49603 1.38974 1.80333 1.34388 1.59289 3.5144 1.54851 1.30472 2.00373 1.25307 1.2479 1.29204 1.22522 1.2111 1.20731 1.30587 1.38181 1.25935 1.82819 1.52295 1.1832 1.11965 1.08596 1.07936 1.07616 1.06373 1.06217 1.41026 1.04689 0.999484 1.38825
threshold=2501.0100000000007 9.5000000000000018 13071.820000000002 5.5000000000000009 0 180.50000000000003 151.50000000000003 3.5000000000000004 117.06250000000001 150.50000000000003 43.500000000000007 1233.8450000000005 1177.3650000000002 1114.7050000000002 1087.4850000000004 201.70833333333334 2.5000000000000004 2323.275000000001 2.3999564551245647 1188.9400000000003 1.5000000000000002 685.58000000000004 33.500000000000007 1.0530568869425665 0.55945774487833499 2012.74 803.66000000000008 2480.1800000000007 1419.075 69.70714285714287 24.500000000000004 4952.8500000000013 1.1488072988992426 1.1698889590527395 90.500000000000014 67.500000000000014 13.500000000000002 1.8772336829562402 2.3333711273494857 36.718253968253975 1513.2350000000004 1 342.00500000000005 1309.3000000000002 302.49000000000007 20.500000000000004 2014.0450000000003 47.861904761904768 1629.3600000000001 2502.9050000000002 28.500000000000004 172.10000000000002 1895.3350000000003 1277.115 1351.6750000000002 4.5000000000000009 1163.0050000000003 49.500000000000007 111.50000000000001 1325.5650000000003 1618.2250000000001 1163.0050000000003
decision_type=2 2 2 2 1 2 2 2 2 2 2 2 2 2 2 2 2 2 2 2 2 2 2 2 2 2 2 2 2 2 2 2 2 2 2 2 2 2 2 2 2 9 2 2 2 2 2 2 2 2 2 2 2 2 2 2 2 2 2 2 2 2
left_child=4 23 34 -4 11 6 10 8 9 -8 20 12 13 14 21 -16 25 -18 52 -20 51 -1 -14 24 -2 -12 -7 45 29 -29 31 -30 -25 -34 35 36 37 -3 39 -37 -32 42 -35 -22 -28 46 59 -48 49 -47 -50 -6 -9 -31 -40 -43 -38 58 -26 -13 -15 -62
right_child=1 2 3 -5 5 26 7 18 -10 -11 16 27 22 60 15 -17 17 -19 19 -21 43 -23 -24 32 57 -27 44 28 30 53 40 -33 33 41 -36 38 56 -39 54 -41 -42 55 -44 -45 -46 48 47 -49 50 -51 -52 -53 -54 -55 -56 -57 -58 -59 -60 -61 61 -63
leaf_value=-0.0025679611581693965 -0.025095660132733146 0.025394293833674642 0.017500446990591546 -0.50717483551503617 -0.10483689782768622 0.52780243131444904 -2.7395347249079687 0.19098343961383935 0.050475867708826172 -0.069506363358615889 0.029745506828769665 0.45109675874552696 0.12591522087479987 0.67247942423114082 -0.073795423853368902 0.67971232194690578 0.30086510728255611 -0.062766863170087547 -0.52689479145079543 1.1449636597916339 1.1263206355551489 0.077892736731323894 -0.39801318842040062 0.19639764137631488 0.027972067756336118 -0.19058910463841627 -0.82435793866384666 -0.66629304681938073 -1.7858898233999392 1.0182697634503206 0.94350563653547193 0.1421356212093908 -0.25639875549861929 -0.38219526959269107 -0.11711658044742262 0.059406829146547761 -0.2737542767537483 -0.13885581405495204 -0.10012042976909258 0.0041840967297069659 0.049994888099269025 -0.12551119892962248 0.00079153970112315624 -0.12256831725780373 0.0074249953614861754 0.53815987182214831 1.1734317959725702 -1.905830825541819 -0.24449151638265115 -0.18600815782307054 0.26647821988708248 2.2817693283518885 -0.24296546559932183 -0.059491113233381299 0.32188702265137081 0.0075217151453223609 -0.085691466564293606 -0.68750848143975252 -0.22730744875358672 2.271209594883095 -0.062752579393129088 0.50190446599061145
leaf_weight=4731 623 400 38 41 1206 774 257 99 99 45 2747 130 82 264 3425 253 66 42 27 119 45 3687 239 116 85 265 59 93 59 22 51 71 28 277 334 598 36 121 39 1099 537 2280 4344 49 3426 455 32 23 27 407 855 45 119 137 159 622 63 165 174 184 169 49
leaf_count=4731 623 400 38 41 1206 774 257 99 99 45 2747 130 82 264 3425 253 66 42 27 119 45 3687 239 116 85 265 59 93 59 22 51 71 28 277 334 598 36 121 39 1099 537 2280 4344 49 3426 455 32 23 27 407 855 45 119 137 159 622 63 165 174 184 169 49
internal_value=-9.76668e-05 -0.000579648 0.000460594 -0.0070122 0.000120711 -0.000392436 -0.00112746 -0.00615234 -0.0130569 -0.017377 -0.000251791 0.000428527 0.0001337 0.000270249 0.00012811 -0.000923662 0.000544348 0.00720721 0.0013624 0.0057047 -0.00213279 0.000593754 -0.00501543 -0.000934955 -0.0027381 0.000281924 0.000498592 0.00164452 0 -0.00313725 0.00117892 -0.00338346 -0.000681226 -0.000771115 0.000692496 0.00110207 -0.00104334 0.000524809 0.00183087 0.00133824 0.00228426 -0.000714191 -0.000188822 0.00412371 5.0172e-05 0.00237476 0.00504032 -0.0012931 0.00177447 0.000346821 0.00310734 -0.00265152 -0.00135747 0.000154321 0.00572139 -0.00152659 -0.00955882 -0.00632319 -0.00391221 0.00630915 0.00371134 0.000904977
internal_weight=37113 11642 2928 79 25471 9489 5230 765 401 302 4465 15982 12899 12578 12096 3678 3120 108 364 146 1345 8418 321 8714 1047 3012 4259 3083 970 252 718 130 7667 7551 2849 2515 620 521 1895 1697 588 7523 4621 94 3485 2113 369 55 1744 862 882 1251 218 159 198 2902 99 424 259 314 482 218
internal_count=37113 11642 2928 79 25471 9489 5230 765 401 302 4465 15982 12899 12578 12096 3678 3120 108 364 146 1345 8418 321 8714 1047 3012 4259 3083 970 252 718 130 7667 7551 2849 2515 620 521 1895 1697 588 7523 4621 94 3485 2113 369 55 1744 862 882 1251 218 159 198 2902 99 424 259 314 482 218
cat_boundaries=0 1 2
cat_threshold=1 26
is_linear=0
shrinkage=0.05


Tree=102
num_leaves=60
num_cat=3
split_feature=14 4 20 18 5 0 17 22 5 22 6 20 17 10 18 7 10 11 22 21 22 6 5 5 7 22 21 20 10 21 22 10 6 11 3 17 9 5 7 5 5 22 20 21 5 6 7 20 20 21 17 7 17 17 22 11 20 10 22
split_gain=1.37185 1.30095 1.49375 1.90107 1.61904 2.18656 4.27527 3.07332 5.16273 2.13586 2.05529 1.68081 1.55047 1.46917 2.57473 1.87448 1.80247 2.00184 2.41122 1.77666 1.39757 1.6023 1.9828 1.39082 1.95799 1.68193 1.27155 1.22004 1.30384 1.21449 1.18993 1.73129 1.35092 2.28592 1.28783 1.22458 1.14318 1.12524 3.78738 1.98957 1.03095 1.57255 0.997957 2.97242 0.93859 0.891227 0.884086 1.4486 1.3169 1.29026 1.1599 1.09449 0.82892 0.8224 0.919495 1.20874 0.818915 0.757199 0.716414
threshold=8.5000000000000018 0 330.50000000000006 0.63728292043495094 139.50000000000003 1 2.5714275338332668 7.772814029103027 180.50000000000003 235.82011152571363 2012.74 24.500000000000004 1.5619973957240696 1071.5250000000003 0.77043299506999185 678.47000000000003 756.61500000000024 1006.9200000000002 58.866020140620485 217.70833333333334 12.293013514647027 2012.74 307.50000000000006 123.50000000000001 165.35500000000005 185.46192241195732 82.809090909090926 64.500000000000014 818.06500000000017 160.53571428571431 39.583925758811453 2938.6500000000005 5620.6000000000013 4205.3050000000012 2 1.3683211111211584 1450.8800000000003 83.500000000000014 302.46000000000009 132.50000000000003 70.500000000000014 8.4950909611769774 19.500000000000004 24.035714285714288 13.500000000000002 2012.74 786.61500000000012 391.50000000000006 397.50000000000006 78.759615384615401 1.7195004606467987 463.15000000000003 1.5074773002692223 1.7955599633226662 98.139231599140615 1970.6750000000004 16.500000000000004 951.37 54.826087762711836
decision_type=2 9 2 2 2 1 2 2 2 2 2 2 2 2 2 2 2 2 2 2 2 2 2 2 2 2 2 2 2 2 2 2 2 2 1 2 2 2 2 2 2 2 2 2 2 2 2 2 2 2 2 2 2 2 2 2 2 2 2
left_child=1 13 4 46 11 6 9 8 -7 -6 -8 42 -9 16 15 19 20 27 44 36 37 22 -22 25 -25 -13 -23 28 -18 -20 32 34 33 -16 -32 -33 -15 38 -1 -39 41 -17 45 -44 -19 -3 48 58 50 -49 -4 -50 -42 -5 55 -55 -34 -29 -48
right_child=-2 2 3 53 5 7 10 12 -10 -11 -12 23 -14 14 30 40 17 18 29 -21 21 26 -24 24 -26 -27 -28 57 -30 -31 31 35 56 -35 -36 -37 -38 39 -40 -41 52 -43 43 -45 -46 -47 47 49 51 -51 -52 -53 -54 54 -56 -57 -58 -59 -60
leaf_value=-1.5827420921737194 -0.49970302494981778 0.030800182675614175 0.61388997127386846 -0.7191191976829181 0.0029376628305994856 -1.548418964120694 1.6768877429875086 0.027784637621517661 -0.082565088014193766 -1.3306975204497495 0.24230524424064726 -0.0079858235596157456 -0.064602345699335123 -0.26863949667993625 -0.022815164926643306 -0.0075814038546152323 0.58741960845592056 -0.64704423021799196 -0.54045811557252821 1.5329419665275978 -0.043528653069783735 -0.29028058262538176 1.2810281001937012 -0.57317757768012711 -0.11088396720731596 -1.1437381966339863 -0.080725162537532924 0.0056729869509268838 -0.49224656714253001 0.7082489055171387 0.63739785757549727 -1.1168474250119897 0.055426463358821468 0.068186805541815151 0.19892182744567322 0.21777439884164451 0.055418741512074293 1.0745976596274847 0.38810815061747167 0.19219502033837871 0.27127771241461363 1.9305258530460201 -0.55456640797915036 -0.028756464014315954 0.44212093932565255 -0.18962138957030694 1.4721222070208086 2.3881167664796794 2.0442174679883438 -0.88849197049207196 -0.87850776109840401 -0.24470714873034183 -0.16565208604840187 1.4842128080187196 -0.87301202692120583 2.37491259592545 -0.20970818306891881 1.5198335730197081 3.22049408139668
leaf_weight=84 32 493 74 38 9184 311 170 1989 1069 31 1385 9101 1130 529 1573 74 34 21 113 33 289 162 58 75 932 106 442 125 125 59 274 34 21 749 369 60 44 222 218 555 66 48 89 275 650 1746 71 120 273 130 252 227 364 164 28 102 73 23 25
leaf_count=84 32 493 74 38 9184 311 170 1989 1069 31 1385 9101 1130 529 1573 74 34 21 113 33 289 162 58 75 932 106 442 125 125 59 274 34 21 749 369 60 44 222 218 555 66 48 89 275 650 1746 71 120 273 130 252 227 364 164 28 102 73 23 25
internal_value=-9.36254e-05 -8.29199e-05 -0.000233084 0.00129396 -0.00031685 2.78287e-05 0.000417711 -0.000894047 -0.00285611 2.71209e-06 0.00284018 -0.000731279 -8.00769e-06 0.000503065 -8.69263e-05 -0.00211025 0.00131951 0.00290546 0.00416667 -0.00402299 0.000393507 -0.000969602 0.00164286 -0.000435549 -0.00220297 -0.000236156 -0.00255354 -0.000403226 -0.00354938 -0.000857143 0.000641635 0.00239865 8.26788e-05 0.000344086 0.00336687 -0.00360825 -0.0047309 0.00164048 -0.000819672 0.00266026 0 0.004 -0.00187068 -0.00435967 0.00552671 -0.00143845 0.000297872 0.00243553 -0.000542823 0.000197628 -0.00303951 0.000994036 -0.00115473 0.00462687 0.00555556 0.00650558 -0.0056701 0.00264901 0.00757576
internal_weight=37113 37081 29590 1504 28086 15269 10770 4499 1380 9215 1555 12817 3119 7491 4311 1158 3180 1150 843 606 2030 951 347 10214 1007 9207 604 307 159 172 3153 737 2416 2322 643 94 573 1079 302 777 552 122 2603 364 671 2239 1172 346 826 250 326 500 430 332 294 266 94 148 96
internal_count=37113 37081 29590 1504 28086 15269 10770 4499 1380 9215 1555 12817 3119 7491 4311 1158 3180 1150 843 606 2030 951 347 10214 1007 9207 604 307 159 172 3153 737 2416 2322 643 94 573 1079 302 777 552 122 2603 364 671 2239 1172 346 826 250 326 500 430 332 294 266 94 148 96
cat_boundaries=0 1 2 3
cat_threshold=16 1 6
is_linear=0
shrinkage=0.05


Tree=103
num_leaves=63
num_cat=24
split_feature=6 1 1 2 4 23 1 8 1 9 11 8 1 19 9 9 4 1 2 1 10 2 1 16 8 4 1 23 1 2 9 11 1 2 2 19 6 19 9 11 9 19 2 1 16 16 2 10 15 9 15 19 1 19 9 8 16 16 8 23 10 8
split_gain=1.40489 2.26583 1.81791 2.34015 1.92926 1.83975 2.03041 1.7512 3.19322 2.17501 1.91897 1.84739 2.23918 1.93151 1.74947 1.73659 1.71594 2.73564 2.72254 2.26008 1.90804 1.63593 2.70136 2.38418 1.91239 1.72212 1.66031 1.6254 1.84376 2.37118 1.8547 2.44502 1.62636 2.02555 1.56063 1.5283 1.47942 2.40093 1.51799 2.64865 1.45862 2.78386 1.60327 2.00101 1.6427 1.46046 1.43598 1.5175 1.38829 1.3638 1.32142 1.34469 1.31758 1.30736 1.67056 1.27108 1.31063 1.23746 1.22081 1.18306 1.15631 1.15224
threshold=2501.0100000000007 0 1 2 3 9.5000000000000018 4 1229.1400000000001 5 1891.1750000000004 4064.6100000000006 1129.8350000000003 6 660.34000000000003 1177.3650000000002 1623.3650000000002 7 8 9 10 1895.3350000000003 11 12 1.0336951205271083 508.99000000000007 13 14 9.5000000000000018 15 16 2409.8700000000003 2819.0950000000007 17 18 19 1800.4600000000003 13071.820000000002 3049.0700000000002 661.34500000000014 2975.4700000000007 336.42000000000002 447.11999999999995 20 21 1.0433188584727604 0.75036216784513199 22 1362.5050000000003 9.5000000000000018 1891.1750000000004 8.5000000000000018 6217.4800000000014 23 944.28499999999997 171.08000000000001 661.36500000000012 2.025899696865705 1.0908735336457009 1477.9700000000003 16.500000000000004 3832.8950000000004 413.43000000000006
decision_type=2 9 9 1 9 2 9 2 9 2 2 2 9 2 2 2 9 9 1 9 2 1 9 2 2 9 9 2 9 1 2 2 9 1 1 2 2 2 2 2 2 2 1 9 2 2 1 2 2 2 2 2 9 2 2 2 2 2 2 2 2 2
left_child=2 21 3 4 -1 6 58 11 9 15 -11 16 14 49 -13 -9 17 18 -4 34 -21 22 24 -24 -2 -23 -27 28 29 30 31 -3 33 48 -18 -19 38 -38 -34 -40 41 45 43 44 -42 -5 -10 -48 -29 -14 51 61 -44 -43 -55 -26 -57 -45 -6 -25 -28 -30
right_child=1 27 7 40 5 -7 -8 8 46 10 -12 12 13 -15 -16 -17 19 35 -20 20 -22 25 23 59 55 26 60 32 50 -31 -32 -33 36 -35 -36 -37 37 -39 39 -41 42 53 52 57 -46 -47 47 -49 -50 -51 -52 -53 -54 54 -56 56 -58 -59 -60 -61 -62 -63
leaf_value=0.071592590043874443 0.1587565064834518 0.088961442346773376 -0.12735562701003253 -0.13468346459004402 -0.10727449726935633 0.0023107165745291703 -0.42421268112543786 -0.1428516733066296 0.47284919657148311 -1.0948643626789198 -0.080344619269688708 1.2934643643080841 -0.81047207010872813 0.7796521006704169 -0.36636451449214463 1.5988829114281318 0.41239829068548117 -0.072801663914808051 0.2570252707512703 0.039773314872169868 -0.062384813373069649 -0.10917345105866333 -0.26424449899189834 0.2871025345766402 -0.31854268445430201 0.17928571930378451 -0.039106223844119374 -0.50332123996792466 -0.1965090704828576 -0.34244891322555343 0.56201017430530908 -0.36243757896584161 -0.10105423984489025 0.02141246936210699 0.039897738365183247 0.52750025451308535 0.018716616870205271 -0.51216520058945381 0.23773054620483727 0.018136937879636328 -0.066431846986576212 0.21945361973723615 -0.10737626003187195 0.1089606112175357 0.26864205191296886 -0.62934485230019588 1.0148733838436272 0.014315857741926053 0.032453905895976833 0.068967652912970051 -0.17812661574640265 -0.45487789279922952 0.022019943014342139 0.13378365354030652 -0.18914508418899062 -0.19790571628388492 0.27151779375793339 -0.054857163090352407 1.8453999878132057 -0.16411856174585238 0.57912009279635157 -0.015908394720564802
leaf_weight=309 204 306 392 59 223 352 760 304 625 53 124 51 246 64 79 93 526 5333 842 8583 1396 806 42 292 105 470 877 99 1017 679 47 197 278 105 990 159 44 35 153 1432 93 133 477 100 535 80 196 618 21 48 134 75 740 158 176 79 146 534 20 29 39 3931
leaf_count=309 204 306 392 59 223 352 760 304 625 53 124 51 246 64 79 93 526 5333 842 8583 1396 806 42 292 105 470 877 99 1017 679 47 197 278 105 990 159 44 35 153 1432 93 133 477 100 535 80 196 618 21 48 134 75 740 158 176 79 146 534 20 29 39 3931
internal_value=-8.9584e-05 -0.000545298 0.000116786 -0.000761235 -0.00226595 -0.00308845 -0.0041998 0.000320714 0.00172371 -0.00136286 -0.00597222 0.000167005 -0.00285132 -0.00485175 0.00244755 0.0005625 0.000251043 -0.000378394 0.00172414 0.000623479 0.000342774 0.000604449 0.00239011 0.0056516 0 -0.000113379 0.000929235 -0.000966028 -0.00136954 -0.00311997 -0.00053286 -0.00153162 0.000195853 -0.00367647 0.00241988 -0.000862852 0.000690537 -0.00579268 0.00100482 0.00162154 4.03486e-05 -0.00213465 0.000594279 0.00184314 0.00382215 -0.00827465 0.00297865 0.00145103 -0.00789474 -0.00673401 -0.000933269 -0.000790887 -0.000670732 -0.000159574 -0.00192878 -0.00225225 0 -7.72798e-05 0 0.00733025 -0.000269107 -0.000676631
internal_weight=37113 11642 25471 4749 1664 1355 1003 20722 2013 574 177 18709 488 358 130 397 18221 6726 1234 11495 9979 3089 897 363 534 2192 1386 8553 6386 1229 550 503 2167 225 1516 5492 1942 79 1863 1585 3085 606 2479 1262 628 139 1439 814 120 294 5157 5023 1217 467 334 330 225 634 243 321 916 4948
internal_count=37113 11642 25471 4749 1664 1355 1003 20722 2013 574 177 18709 488 358 130 397 18221 6726 1234 11495 9979 3089 897 363 534 2192 1386 8553 6386 1229 550 503 2167 225 1516 5492 1942 79 1863 1585 3085 606 2479 1262 628 139 1439 814 120 294 5157 5023 1217 467 334 330 225 634 243 321 916 4948
cat_boundaries=0 2 4 5 6 8 10 12 13 15 16 18 19 21 22 24 26 27 29 30 31 32 34 35 37
cat_threshold=251709028 1057390 186651236 1064256 833 16 2097156 3072 2424505618 327721 536870912 66048 35 281034763 933932 848 1410573568 196624 1542 16778756 514 9 50332164 72 15667466 922624 789 3492806672 557312 378 2594 172 4612 1052672 122 136319492 1048576
is_linear=0
shrinkage=0.05


Tree=104
num_leaves=63
num_cat=14
split_feature=10 1 19 1 15 20 17 21 1 1 1 4 1 19 1 7 18 20 1 17 15 11 11 10 19 11 7 1 15 11 10 7 10 1 1 1 20 17 19 11 16 11 1 7 21 17 11 7 7 17 10 19 16 16 7 17 19 19 21 7 10 19
split_gain=1.33681 3.30538 2.68229 1.68988 1.68129 2.54133 3.16724 7.44959 3.17417 3.12888 2.64718 2.61177 2.37556 2.29101 2.33225 2.23238 2.17353 2.06534 1.77958 2.62617 2.10918 2.01654 1.65288 3.25437 1.93359 1.76415 1.43564 1.92775 1.90959 1.43502 1.68463 2.00719 2.0807 1.93767 1.4206 1.37642 1.22016 1.30919 1.20506 1.18317 2.68685 2.60526 1.13205 1.08333 1.17348 1.046 1.01967 2.01244 1.6026 1.52701 1.45246 1.2463 0.982257 0.97324 2.07217 1.39357 0.960781 0.908356 0.902637 1.29339 0.892654 0.984317
threshold=4033.0100000000007 0 2896.8650000000002 1 4.5000000000000009 113.50000000000001 2.0099107839442456 69.70714285714287 2 3 4 5 6 3106.7700000000004 7 395.92000000000002 0.42281002723454636 24.500000000000004 8 1.0577355839216114 2.5000000000000004 772.19500000000005 803.66000000000008 730.76500000000021 2568.335 6224.1100000000015 1.0000000180025095e-35 9 3.5000000000000004 1077.9550000000002 935.75000000000011 358.89000000000004 1132.5850000000003 10 11 12 73.500000000000014 1.8570389352036487 2085.0700000000002 2121.7350000000001 1.4426421615865184 4019.2850000000003 13 2881.7650000000008 71.759615384615401 1.8378178308756659 1711.0050000000003 378.3250000000001 1343.4050000000004 2.1045215743110259 1.0000000180025095e-35 1458.8300000000002 0.75000136083057856 1.8511752942595969 1128.6050000000002 1.1678033611690284 1605.6000000000001 2705.1400000000008 37.58957219251338 227.03500000000005 467.54500000000007 685.36500000000001
decision_type=2 9 2 9 2 2 2 2 9 9 9 9 9 2 9 2 2 2 9 2 2 2 2 2 2 2 2 9 2 2 2 2 2 9 9 9 2 2 2 2 2 2 9 2 2 2 2 2 2 2 2 2 2 2 2 2 2 2 2 2 2 2
left_child=4 -2 3 43 5 6 7 16 38 46 11 -9 17 14 -10 -15 57 35 19 21 -21 -11 60 24 -24 -25 27 -20 -28 36 58 33 -33 -32 -18 45 37 52 56 40 -37 -41 -12 44 -3 -6 47 50 49 -48 -7 -49 -14 54 55 -5 -8 -1 -31 -60 61 -19
right_child=1 2 -4 53 12 9 8 10 13 18 42 -13 29 15 -16 -17 34 22 26 20 -22 -23 23 25 -26 -27 28 -29 -30 30 31 32 -34 -35 -36 39 -38 -39 -40 41 -42 -43 -44 -45 -46 -47 48 51 -50 -51 -52 -53 -54 -55 -56 -57 -58 -59 59 -61 -62 -63
leaf_value=-0.043597017565712194 -0.066830620013803535 -0.0035785540217020185 -0.43576938391983239 -0.11298991477992049 0.093442789055281139 1.2254198221736716 -0.18115102948718162 0.0082588067078326333 0.26956662231533368 1.2862025614607653 0.15780691133994226 -0.3467920821351399 0.043915204402712418 -0.65320141087505379 -0.00054932061692340999 -0.033028267184231908 -0.23753439090711198 -0.36579316318973876 -0.035141204549929132 0.19511765719592128 0.50311485109473753 -0.5026988108368613 -0.26191817069027723 0.027366384640557941 0.28707715771570863 -0.13311777069315625 -0.013162987583657682 0.63481978220141999 0.13066491655685616 0.17849073172020608 -0.18873589230164678 -0.17734454715268413 0.068511542897691416 0.019110071678062026 -0.8530250656352063 -0.51915595791534874 0.51989655384340505 0.55034166244797278 0.025627378238498012 -0.3052298725059821 0.14947443502004171 -0.029589179823365265 -0.016808427154276728 0.65753462429700138 -0.56794535959699888 -0.22064637783994956 -0.34948740761437946 0.45698956006225161 0.018068568795153794 -1.1832685339250986 -0.4532605013230086 -0.94086129836008758 -0.29326187012737481 0.0064114713293868426 0.38607417028335506 0.087751213243745338 -1.2197360883080628 -0.54594755953233687 0.0085429427878081828 0.34275554138876035 -0.014932240920700224 0.52440974251677308
leaf_weight=202 808 309 44 66 157 49 422 563 1134 76 365 840 24 155 5243 270 209 21 282 906 445 215 401 4603 23 383 8302 379 1022 50 255 133 2245 399 392 47 48 38 119 282 134 320 2023 35 45 68 558 417 208 40 248 75 98 121 91 60 84 60 216 194 21 71
leaf_count=202 808 309 44 66 157 49 422 563 1134 76 365 840 24 155 5243 270 209 21 282 906 445 215 401 4603 23 383 8302 379 1022 50 255 133 2245 399 392 47 48 38 119 282 134 320 2023 35 45 68 558 417 208 40 248 75 98 121 91 60 84 60 216 194 21 71
internal_value=-7.8807e-05 -0.00150126 0.000797194 0.00160959 -1.40698e-05 -0.000234134 -0.000759268 -0.00178226 -0.000111036 0.000241966 -0.00081049 -0.00252472 0.00052521 0.000198092 0.00044279 -0.00332944 -0.00597575 -4.20232e-05 0.000530498 0.00205438 0.0030096 -0.00212585 0.000330257 0.000193977 -0.00398126 0.000561235 0.000272555 0.00252259 0.000107216 0.00153515 0.00178827 0.00133443 0.00201596 -0.00106545 -0.00765728 -0.00212661 -0.00236967 -0.00460123 -0.00348746 -0.0031093 0.00013587 -0.00421488 0.000187422 -0.000559701 -0.00154062 0.00115546 -0.00181903 -0.000473485 -0.00309023 -0.00440932 -0.00375 0.00141414 -0.0072 0.00413105 0.00625 0.00155039 -0.0046169 -0.00188679 0.00464363 0.00363196 0.00625 0.00842105
internal_weight=37113 1579 771 727 35534 25303 12081 4654 7427 13222 3791 1403 10231 6802 6377 425 863 6531 11627 1642 1351 291 5523 5410 424 4986 9985 661 9324 3700 3492 3032 2378 654 601 1008 208 160 625 783 181 602 2388 389 354 225 1595 789 806 598 297 492 122 338 217 126 506 262 460 410 113 92
internal_count=37113 1579 771 727 35534 25303 12081 4654 7427 13222 3791 1403 10231 6802 6377 425 863 6531 11627 1642 1351 291 5523 5410 424 4986 9985 661 9324 3700 3492 3032 2378 654 601 1008 208 160 625 783 181 602 2388 389 354 225 1595 789 806 598 297 492 122 338 217 126 506 262 460 410 113 92
cat_boundaries=0 2 4 6 8 10 11 13 15 17 19 21 23 25 27
cat_threshold=3808694284 344576 128 400 151044706 1056832 73802000 530720 2441679461 1922574 18 820057806 574438 335814929 737572 1476395557 139341 2717908992 278528 2148401168 262161 2181595372 4096 0 17026 68609280 8256
is_linear=0
shrinkage=0.05


Tree=105
num_leaves=63
num_cat=24
split_feature=10 9 1 2 15 20 1 21 4 2 1 20 1 1 1 2 2 1 16 2 1 1 23 15 9 23 2 20 21 20 15 1 11 1 2 2 11 21 9 18 9 16 1 1 2 21 9 10 23 18 20 9 21 11 18 20 6 10 2 9 18 20
split_gain=1.17156 2.80919 3.52819 3.0931 1.53285 2.32115 2.78777 2.64723 3.52176 3.29609 3.08037 2.69773 2.48063 2.39328 2.29781 2.11799 1.90465 3.05255 1.85368 1.67833 3.11779 2.50685 2.26793 1.948 1.66519 2.14201 2.08445 1.8093 1.93922 1.63988 1.64847 2.11981 1.5604 1.55972 2.17789 1.73803 1.50228 1.49941 1.48242 1.48184 1.4778 1.45564 1.44518 1.43092 1.4171 1.3795 1.3661 1.35381 1.29816 1.50198 1.62597 1.29767 1.29049 1.60244 1.27298 2.1892 1.25385 1.76339 1.72558 1.92337 1.11426 1.10155
threshold=4033.0100000000007 2299.2250000000008 0 1 4.5000000000000009 113.50000000000001 2 116.05555555555557 3 4 5 16.500000000000004 6 7 8 9 10 11 2.9999999999999996 12 13 14 1.5000000000000002 2.5000000000000004 1748.3950000000002 10.500000000000002 15 72.500000000000014 57.519230769230781 21.500000000000004 9.5000000000000018 16 5084.8350000000009 17 18 19 734.08500000000015 35.763888888888893 3174.0900000000006 0.50822042894670572 378.30500000000006 1.5147842397069724 20 21 22 79.292857142857159 1982.9600000000003 1720.7700000000004 8.5000000000000018 2.3975089064018142 62.500000000000007 756.61500000000012 82.809090909090926 1784.2550000000003 1.9108969976129646 59.500000000000007 3056.7900000000004 1.0000000180025095e-35 23 1177.3650000000002 0.35514641124681606 104.50000000000001
decision_type=2 2 9 1 2 2 9 2 9 1 9 2 9 9 9 1 1 9 2 1 9 9 2 2 2 2 1 2 2 2 2 9 2 9 1 1 2 2 2 2 2 2 9 9 1 2 2 2 2 2 2 2 2 2 2 2 2 2 1 2 2 2
left_child=4 -2 48 37 5 6 15 11 10 -10 -9 12 -8 56 24 52 17 40 -13 20 39 44 -22 -23 27 26 45 33 47 32 36 -32 51 34 -6 -35 -31 -4 -39 -15 61 -40 -30 46 -21 -26 -17 -29 49 -3 -51 -18 -1 -54 55 -5 57 -7 59 -58 -59 -16
right_child=1 2 3 54 14 13 7 8 9 -11 -12 18 -14 19 16 43 29 -19 -20 21 22 23 -24 -25 25 -27 -28 28 42 30 31 -33 -34 35 -36 -37 -38 38 41 -41 -42 -43 -44 -45 -46 -47 -48 -49 -50 50 -52 -53 53 -55 -56 -57 58 60 -60 -61 -62 -63
leaf_value=-0.20306046979549208 -0.19167744189440797 -0.077270673444384388 -0.20084964678082395 0.30431984577022181 0.026301454490866585 1.8448428017916159 -0.23524946094317017 -0.41001449898386189 0.99028617472878866 0.00088097113550134054 0.14198191849647018 -0.041974505130319889 0.21761437101263931 0.18553009060754277 0.16316478668239434 -0.098086765163186138 -0.015293024036295934 -0.0080364437869029359 -0.2223723169730043 -0.12710022428953316 0.40979928529812071 -0.12622725347620189 -0.080685410357133946 0.046511763312291524 -0.22229612941257956 0.17029608743392297 0.25095208437743216 0.1360242766132693 -0.0032547825982781834 0.36986793546522884 0.052383523774462051 -0.020303540729782112 0.069892113975686607 0.10007872540990875 -0.14788232105465299 -0.0070133614429353846 -0.02324381922616894 0.31746150031124254 0.15988159731640011 0.75032390974784635 0.13335808351073855 -0.61670866150407988 0.24436015254974139 -0.59415640316793561 0.36286730442427739 0.24705109046798343 -0.73762858777364859 -0.34623074512153917 -0.012519195625383263 -0.44624247867467748 0.10253768398845367 -0.26355625191691628 -0.19534510175977893 0.42788911916464589 0.32274419922214453 -0.10132412760589755 -0.20176495887205023 -0.82146803941785373 -0.59771538902891208 0.48327109550328945 -0.076656515263344716 -0.83227711020616302
leaf_weight=179 392 127 81 71 457 49 829 559 577 489 1012 3409 1994 232 44 478 187 1037 2040 160 1249 3976 1545 2723 79 215 115 117 119 85 432 252 159 348 419 408 4243 93 35 480 644 32 399 333 1119 21 39 94 428 67 26 336 60 83 195 32 51 161 264 54 1159 21
leaf_count=179 392 127 81 71 457 49 829 559 577 489 1012 3409 1994 232 44 478 187 1037 2040 160 1249 3976 1545 2723 79 215 115 117 119 85 432 252 159 348 419 408 4243 93 35 480 644 32 399 333 1119 21 39 94 428 67 26 336 60 83 195 32 51 161 264 54 1159 21
internal_value=-7.47656e-05 -0.00140645 -0.000147059 0.00276268 -1.40698e-05 -0.000224255 -0.000726167 -0.000469236 0.000899621 0.00310473 -0.000583965 -0.000912387 0.000327318 0.000230624 0.000500782 -0.00303797 3.35435e-05 0.00147811 -0.00156365 0.000495782 0.00140665 8.75985e-05 0.000623441 -0.000294249 0.00172076 0.00461894 0.000802752 0.00117386 0.00324454 -0.000403014 -7.97607e-05 0.00218341 -0.00270073 0.000214067 -0.0011811 0.00188557 -0.000450242 -0.00127953 0.00122699 0.00434483 0.00398199 -0.00392857 0.00489443 -0.00434531 0.00210913 -0.0039823 -0.00240566 -0.000584112 -0.0026475 -0.0058296 -0.0106771 -0.00403992 0.000298507 0.00393836 0.00610932 0.00117925 -0.00148487 -0.000747085 -0.00409946 0.00105932 -0.00113379 -0.00257353
internal_weight=37113 1579 1187 539 35534 25303 12081 10909 2637 1066 1571 8272 2823 13222 10231 1172 7440 1746 5449 11484 3506 7978 2794 6699 2791 430 215 2361 729 5694 5012 684 682 1632 876 756 4328 241 160 712 709 67 518 850 1279 100 517 211 648 220 93 523 322 143 298 103 1738 1369 369 105 1320 65
internal_count=37113 1579 1187 539 35534 25303 12081 10909 2637 1066 1571 8272 2823 13222 10231 1172 7440 1746 5449 11484 3506 7978 2794 6699 2791 430 215 2361 729 5694 5012 684 682 1632 876 756 4328 241 160 712 709 67 518 850 1279 100 517 211 648 220 93 523 322 143 298 103 1738 1369 369 105 1320 65
cat_boundaries=0 2 3 5 6 7 9 11 13 15 16 17 19 20 22 24 25 27 29 30 31 33 35 36 37
cat_threshold=3791917065 328192 2371 159400546 1057868 13 3281 68321289 377473 2181203096 65537 73802000 531808 2265375027 1444889 1668 2816 537919560 34 424 2148632100 98313 1207976001 131612 419 536875008 4224 2147615025 1041 1701 3347 33554448 262144 25182786 64 1 898
is_linear=0
shrinkage=0.05


Tree=106
num_leaves=63
num_cat=18
split_feature=21 22 1 11 19 2 1 1 1 21 1 2 18 1 1 19 10 11 10 18 1 20 1 2 10 1 10 2 2 20 23 11 11 21 23 11 17 10 20 10 12 19 4 11 20 14 19 21 21 20 18 19 10 11 17 19 10 1 10 11 2 17
split_gain=1.14669 1.4109 1.37734 2.90678 1.12601 3.46258 5.3858 4.05889 2.8003 2.36535 2.28815 2.07667 2.04142 3.06835 1.94176 1.92292 1.91713 1.91528 1.88286 3.03737 1.98101 1.94246 1.81614 1.60894 1.56003 1.70574 1.84746 1.70082 1.55277 2.65445 2.12816 1.36263 1.32953 1.31621 1.30827 1.28823 1.26758 1.25695 1.87874 1.18052 1.14431 2.01524 1.1233 1.17186 1.04313 1.00227 0.96119 1.4345 1.16762 0.915284 0.843969 1.22247 1.01975 1.34138 0.893458 0.835006 0.817733 1.66744 0.762037 0.758876 0.728883 1.12782
threshold=332.25000000000006 291.43483897748536 0 408.55000000000007 1120.8550000000002 1 2 3 4 47.267857142857146 5 6 0.76558652624781587 7 8 1086.4950000000001 467.54500000000007 826.69500000000016 494.15500000000009 0.20087309726870348 9 240.50000000000003 10 11 289.13500000000005 12 567.65000000000009 13 14 35.500000000000007 8.5000000000000018 2101.9500000000003 2795.3700000000003 15.127441244620988 9.5000000000000018 3761.0750000000003 0.81627148153588047 598.57500000000016 307.50000000000006 393.38000000000005 1.0000000180025095e-35 1893.53 15 342.00500000000005 49.500000000000007 1.5000000000000002 1866.7950000000003 59.029411764705891 54.026315789473692 108.50000000000001 0.18500248137321587 333.91499999999991 951.37 1260.9950000000003 2.0391458849605621 1226.1650000000002 690.67500000000007 16 189.15500000000003 1018.3000000000001 17 1.4312748090620639
decision_type=2 2 9 2 2 1 9 9 9 2 9 1 2 9 9 2 2 2 2 2 9 2 9 1 2 9 2 1 1 2 2 2 2 2 2 2 2 2 2 2 2 2 9 2 2 2 2 2 2 2 2 2 2 2 2 2 2 9 2 2 1 2
left_child=4 2 3 -2 10 6 42 18 9 17 11 14 13 45 28 37 -11 -8 20 -20 -7 -22 31 -21 -14 27 -27 -26 29 -1 -30 33 34 -9 -15 -33 -16 39 -39 -13 41 -24 46 58 -45 -12 47 -6 -48 -38 -4 54 53 -53 -52 -42 59 -58 -44 -10 -5 -62
right_child=1 -3 50 60 5 7 8 22 56 16 12 15 24 32 36 -17 -18 -19 19 23 21 -23 40 -25 25 26 -28 -29 30 -31 -32 35 -34 -35 -36 -37 49 38 -40 -41 55 -43 43 44 -46 -47 48 -49 -50 -51 51 52 -54 -55 -56 -57 57 -59 -60 -61 61 -63
leaf_value=-0.075958538051696334 -1.5364640647375118 -1.6429383300826843 2.7051969928943027 0.28002396775835198 1.2824631296837161 -0.69433097117776799 0.8087209631351282 -0.53859737393003682 -0.34560494106422085 -0.47511668915079497 1.7377099725920659 0.033779129966636394 -1.0439769964703896 0.063653137627937548 0.10991941879463757 1.0355266011981954 0.0237992316674287 0.015127596221047668 -0.84246445178205043 0.11770501897909398 0.86210173654983402 -0.023749441693585994 1.3140941400923971 -0.087718316764439488 -0.087115836884566811 0.26533564302388996 -0.011661329066072312 0.060047268614273008 -0.52162447843948034 0.26741265517297741 0.10036950774469632 0.10859127390732182 -0.75012674749999064 -0.45735937885857719 0.13580703892168913 -0.19375038514828519 -0.37664232144450732 -0.01110941168477151 1.1651195998318629 -0.40758290152382132 -0.33605310992346138 -0.53150340309462862 1.7526006617020344 0.10011798836659125 0.8672181529441837 -0.0099099136401228811 -0.37524695850496903 -0.096189142036555361 0.041747261964706441 -0.1923708887510685 -0.43541720450173432 -0.39341413852567514 1.1319268776983649 -1.451216134464633 3.8613868403513294 -0.1140609211681511 0.066057817473524599 -0.12203544548864187 -2.8952880843433486 -0.72709878612678469 -0.95421587025538424 2.3764053093358002
leaf_weight=110 46 37 37 114 107 134 448 378 434 274 177 129 83 4828 75 37 763 582 102 504 325 109 101 1102 302 452 12671 2039 174 326 55 100 25 363 303 49 310 3088 92 173 378 91 33 173 327 40 70 90 53 267 34 105 85 23 35 2952 278 240 24 68 20 169
leaf_count=110 46 37 37 114 107 134 448 378 434 274 177 129 83 4828 75 37 763 582 102 504 325 109 101 1102 302 452 12671 2039 174 326 55 100 25 363 303 49 310 3088 92 173 378 91 33 173 327 40 70 90 53 267 34 105 85 23 35 2952 278 240 24 68 20 169
internal_value=-4.7823e-05 0.00194209 0.00253353 0.00462707 -8.78855e-05 -0.000520882 0.000641187 -0.00121624 -0.000330645 0.000709135 8.92892e-05 -0.000886781 0.00031768 0.00115792 -0.00257519 -0.000233579 -0.0009375 0.00242014 0.000480559 -0.000321449 0.00297723 0.00458613 -0.00210169 0.000186451 2.41158e-05 6.46538e-05 -0.000154157 0.00130629 -0.000553097 0.00111359 -0.00382231 -0.00415282 0.000889921 -0.00507392 0.000959291 0 -0.00451128 -0.000373027 -6.28338e-05 -0.00344262 -0.00155587 0.00205128 0.00407303 0.00548246 0.00636183 0.00684783 0.00135135 0.003625 -0.00178571 -0.00538793 0 -0.000877193 -0.00289352 -0.00572519 0.00451389 -0.00178518 -0.00246854 -0.000959693 -0.000416667 -0.0039604 0.00661765 0.0085396
internal_weight=37113 705 668 349 36408 10652 3964 6688 3087 2067 25756 4836 20920 5373 1317 3519 1037 1030 2276 1708 568 434 4412 1606 15547 15464 13123 2341 665 436 229 890 5156 741 5131 149 652 3482 3180 302 3522 192 877 557 500 217 320 197 123 577 319 282 213 128 69 3330 1020 518 57 502 303 189
internal_count=37113 705 668 349 36408 10652 3964 6688 3087 2067 25756 4836 20920 5373 1317 3519 1037 1030 2276 1708 568 434 4412 1606 15547 15464 13123 2341 665 436 229 890 5156 741 5131 149 652 3482 3180 302 3522 192 877 557 500 217 320 197 123 577 319 282 213 128 69 3330 1020 518 57 502 303 189
cat_boundaries=0 2 3 5 7 9 11 12 14 16 18 20 21 23 24 25 26 28 29
cat_threshold=2686980225 327824 804 374285352 271522 60949078 1099325 553685189 770048 170013796 1600836 2308 1140916224 163872 136327264 1344 8519684 1 2483110184 856066 3074 1074840323 131075 1040 2052 5 16 4616 2338
is_linear=0
shrinkage=0.05


Tree=107
num_leaves=63
num_cat=2
split_feature=21 15 17 19 0 21 17 20 8 20 17 0 6 10 6 15 22 10 17 21 17 15 16 20 22 20 20 22 21 11 20 20 20 5 21 21 5 21 21 22 23 22 19 11 5 8 21 5 22 22 6 21 20 17 21 5 5 5 19 20 8 5
split_gain=1.07158 1.24035 2.74391 2.77723 3.68478 2.33132 3.995 2.40494 2.3215 2.45869 2.66083 2.2754 2.99822 2.51753 2.01434 1.93437 2.93927 3.54754 3.26733 2.34262 2.26662 2.68676 2.37147 2.08481 1.91571 2.06883 1.89552 2.54914 1.88647 1.80963 1.80736 1.74374 1.64644 1.5221 1.42572 1.42066 1.44628 1.41793 1.41597 1.40143 1.34312 1.32936 1.31528 1.30947 1.2707 1.21502 1.1272 1.07674 1.04045 1.03446 0.956083 0.886588 1.10713 0.886797 2.12095 1.79527 1.41144 1.33539 0.928333 0.861969 0.849259 0.83822
threshold=332.25000000000006 2.5000000000000004 2.2462255873870092 920.505 0 127.08333333333336 1.3683211111211584 133.50000000000003 252.17500000000001 205.50000000000003 1.4000107664242707 1 2012.74 970.60500000000013 3056.7900000000004 3.5000000000000004 39.83172928819053 876.33000000000015 1.7830550543230326 18.514583333333338 0.61536805492666291 5.5000000000000009 1.9999873053070043 8.5000000000000018 92.360480332103535 105.50000000000001 93.500000000000014 73.646791964742178 112.05555555555557 302.49000000000007 94.500000000000014 92.500000000000014 141.50000000000003 83.500000000000014 210.41666666666671 122.10000000000001 46.500000000000007 84.809090909090926 250.58333333333334 26.942846494903886 2.5000000000000004 43.842521175838492 835.96499999999992 1938.3450000000005 80.500000000000014 256.74500000000006 232.12500000000003 89.500000000000014 291.43483897748536 40.200025664965729 3372.3600000000001 555.50000000000011 172.50000000000003 2.1751758365269178 345.16666666666669 111.50000000000001 86.500000000000014 270.50000000000006 946.91499999999996 120.50000000000001 832.73500000000013 151.50000000000003
decision_type=2 2 2 2 1 2 2 2 2 2 2 1 2 2 2 2 2 2 2 2 2 2 2 2 2 2 2 2 2 2 2 2 2 2 2 2 2 2 2 2 2 2 2 2 2 2 2 2 2 2 2 2 2 2 2 2 2 2 2 2 2 2
left_child=1 2 8 11 29 15 7 24 35 38 37 12 46 34 26 16 17 31 -19 23 21 -21 -22 -17 41 -26 27 -8 -12 45 33 -3 50 -18 -13 44 -37 -11 39 -10 -31 -7 -28 -15 -1 -5 -4 -46 51 -38 -9 53 -53 54 -2 -55 58 -58 -56 -32 -6 -40
right_child=48 5 3 4 60 6 14 32 9 10 28 13 -14 43 -16 19 30 18 -20 20 22 -23 -24 -25 25 -27 42 -29 -30 40 59 -33 -34 -35 -36 36 49 -39 61 -41 -42 -43 -44 -45 47 -47 -48 -49 -50 -51 -52 52 -54 55 56 -57 57 -59 -60 -61 -62 -63
leaf_value=-0.65839730865411283 2.3678517128866985 -0.20328616853881096 2.5442494305312944 -0.4388423040729702 -0.52361346041921031 -0.24714150232654647 0.7419904017990675 0.90412573047857314 -0.29063992264386512 -0.21361333390853901 0.25210162480306553 0.55665298101779759 0.41405647966080328 -0.49377407200624934 0.01141247205432876 0.091388428094079377 -0.23551065949053901 -0.42761863432723929 -0.027575032597034976 -0.50036429052333353 -0.0019516716589823347 0.006425824191240004 0.048220697165327488 -0.36983541356605637 -1.7693252181921348 -0.28867342149993647 0.9661895919281811 -0.28088555174681534 -0.13445751040059406 0.059940290829243993 -0.33695834171453143 0.14770933195393995 0.016109830752650822 0.52442061004892904 -1.1263425339644222 -1.6465990425910151 0.041265131862105876 -1.6052041945691657 -0.17562112669271812 -0.49488794100694877 -0.50294721299933376 0.054008581424497493 0.23354698059549792 0.095540719453953399 1.3055161726384186 -1.0488735717535864 -0.48350572331163022 -0.19156748586797862 -1.5607914135785508 0.83008483438410541 -0.036226181602219756 -2.3839241475794339 0.66316495608086334 0.4222678516489623 -0.0056720229626463954 1.6116622741562752 -0.6898858019212547 0.31987159225400319 2.868832257804661 0.068635801306789188 -1.2556494485705711 0.81101629924315832
leaf_weight=144 51 214 194 178 353 427 466 98 1523 61 892 709 777 339 557 42 90 923 992 383 9383 492 5382 102 64 71 610 276 1377 3688 192 588 786 204 88 21 317 111 99 662 247 326 106 74 157 98 22 396 37 315 35 33 52 130 45 187 85 58 27 628 42 87
leaf_count=144 51 214 194 178 353 427 466 98 1523 61 892 709 777 339 557 42 90 923 992 383 9383 492 5382 102 64 71 610 276 1377 3688 192 588 786 204 88 21 317 111 99 662 247 326 106 74 157 98 22 396 37 315 35 33 52 130 45 187 85 58 27 628 42 87
internal_value=-5.18644e-05 -9.0632e-05 -0.00048366 0.00020185 -0.000488175 0.000124787 0.0012549 -0.000428177 -0.00124899 -0.00176532 -0.000623977 0.00166591 0.00343876 0.00016488 0.00278741 -9.30268e-05 -0.00110198 -0.00199449 -0.00316736 0.000148857 0.000210957 -0.00224943 0.000360577 -0.00612245 -0.00230079 -0.00778986 0.00376454 0.00187919 -0.000143046 -4.15282e-05 0.00102954 0.000745342 0.00132863 0.0043771 0.00184375 0.000554324 0.00224848 -0.00657143 -0.00291702 -0.00327925 0.000222194 -0.00122354 0.00563282 -0.00294471 -0.000964286 -0.00394265 0.0086758 4.4964e-05 0.00187147 0.00275591 0.00643382 0.0023845 -0.00198864 0.00311433 0.000743494 0.00492188 -0.00126147 -0.00428082 0.004 -0.000121507 -0.00508794 0.0010582
internal_weight=37113 36408 12971 6809 4606 23437 3822 1807 6162 4812 2441 2203 993 1210 2015 19615 3831 2717 1915 15784 15640 875 14765 144 888 135 1458 742 2269 4211 1114 802 919 294 797 1350 653 172 2371 2185 3935 753 716 413 697 276 216 553 705 632 133 668 85 583 266 317 215 143 72 820 395 186
internal_count=37113 36408 12971 6809 4606 23437 3822 1807 6162 4812 2441 2203 993 1210 2015 19615 3831 2717 1915 15784 15640 875 14765 144 888 135 1458 742 2269 4211 1114 802 919 294 797 1350 653 172 2371 2185 3935 753 716 413 697 276 216 553 705 632 133 668 85 583 266 317 215 143 72 820 395 186
cat_boundaries=0 1 2
cat_threshold=1 1
is_linear=0
shrinkage=0.05


Tree=108
num_leaves=46
num_cat=1
split_feature=20 22 14 20 7 23 20 21 18 22 8 20 22 18 22 7 7 6 20 5 3 18 23 5 5 18 11 23 18 11 17 18 18 20 20 5 5 8 16 21 5 18 20 5 7
split_gain=1.18915 1.10057 1.09479 1.73372 1.36845 1.05506 3.11652 2.78235 2.63066 2.4789 1.99006 1.75473 2.73176 2.42118 1.78423 2.44218 1.60705 1.54795 0.966213 1.1384 1.04796 1.07997 1.59495 1.34031 1.03301 0.950848 1.23214 0.879033 0.872113 0.822072 0.797469 0.77105 0.970452 0.696366 0.628398 0.60629 0.885699 0.567376 0.557222 0.52878 0.432411 0.416667 0.272592 0.123616 0.0869565
threshold=350.50000000000006 291.43483897748536 5.5000000000000009 7.5000000000000009 384.06999999999999 9.5000000000000018 153.50000000000003 71.215384615384622 0.68802892591775633 22.119989570545016 156.88500000000002 72.500000000000014 50.382012874549652 0.87704516960783219 58.866020140620485 -462.12499999999994 964.53000000000009 8525.1000000000022 838.50000000000011 157.50000000000003 0 0.39545098780092852 1.5000000000000002 313.50000000000006 328.50000000000006 0.43284814592363258 1970.6750000000004 30.500000000000004 0.89801365966381641 638.5200000000001 2.0099107839442456 0.66261380402317482 0.57749116318333371 94.500000000000014 397.50000000000006 12.500000000000002 47.500000000000007 1033.3750000000002 0.86483092314221754 154.73333333333338 123.50000000000001 0.71072575146491657 448.50000000000006 241.50000000000003 765.97000000000014
decision_type=2 2 2 2 2 2 2 2 2 2 2 2 2 2 2 2 2 2 2 2 1 2 2 2 2 2 2 2 2 2 2 2 2 2 2 2 2 2 2 2 2 2 2 2 2
left_child=1 2 5 27 38 11 8 43 10 -10 -7 14 17 -14 16 -16 -1 -13 20 -20 30 24 25 39 35 -23 -27 -4 33 42 -2 32 34 -3 -32 -22 -37 -29 -5 -24 -33 -9 -26 -8 -6
right_child=18 28 3 4 44 6 7 41 9 -11 -12 12 13 -15 15 -17 -18 -19 19 -21 21 22 23 -25 29 26 -28 37 -30 -31 31 40 -34 -35 -36 36 -38 -39 -40 -41 -42 -43 -44 -45 -46
leaf_value=-0.047786658885564215 -1.361804722871871 1.8988493693732718 -0.24771278872680239 -0.34233706939063596 0.1683585336078684 -0.030220519085380638 -1.2184024401599687 -1.1952833343969267 0.019902201850621817 -0.032983053868710942 0.12057010293851356 -0.011370285371387468 0.0057388318847607428 0.31300606482281879 2.0746425421436814 -0.34634144853493964 0.038490125442606882 -0.9493330316492582 0.033539447562647241 -3.4412477185184827 -3.0202360301290812 6.9239781706565013 -0.34641297676570276 -0.98500595867656249 6.8125056047714967 1.1428063611233341 3.2912316758126736 0.24109359056484739 -1.2716784112982626 -1.1661380779082335 -1.3148072036119345 3.1925179251204683 -2.5886976413848815 -0.69441084116367557 0.49044715191365074 2.521056556881851 -0.1434915460179397 0.00059077810624907912 -0.21407980972499052 1.9508386739273988 0.72260209821219379 0.34147079819894732 3.1409682515978066 -0.76224153937160188 -0.04879756214942868
leaf_weight=8264 26 24 29 24 20 273 30 21 2530 2852 804 12809 2623 1868 48 1075 1960 41 25 26 26 42 37 28 20 275 46 24 22 20 85 20 20 38 201 95 452 20 55 72 32 37 31 23 20
leaf_count=8264 26 24 29 24 20 273 30 21 2530 2852 804 12809 2623 1868 48 1075 1960 41 25 26 26 42 37 28 20 275 46 24 22 20 85 20 20 38 201 95 452 20 55 72 32 37 31 23 20
internal_value=-5.86001e-05 -0.000119594 -0.000104364 -0.00384615 -0.00758197 -8.22438e-05 0.00048684 -0.00767544 0.000638347 0.000176416 0.00289352 -0.000214353 9.9458e-05 0.00116266 -0.000698238 -0.00259769 -0.000484013 -0.00026842 0.00128003 -0.00509259 0.00153494 0.00229041 0.00407555 -0.000178571 0.000850077 0.00580601 0.00455247 0.00164474 -0.00574713 0.00641892 -0.000629723 0 -0.000970874 -0.00153846 0 4.34028e-05 0.0005 0.00638298 -0.0112805 0.00200893 0.00545455 0 0.00972222 -0.015625 0
internal_weight=37113 35534 35450 192 119 35258 6570 111 6459 5382 1077 28688 17341 4491 11347 1123 10224 12850 1579 51 1528 1144 500 137 644 363 321 73 84 71 384 358 306 62 286 573 547 44 79 109 52 58 51 53 40
internal_count=37113 35534 35450 192 119 35258 6570 111 6459 5382 1077 28688 17341 4491 11347 1123 10224 12850 1579 51 1528 1144 500 137 644 363 321 73 84 71 384 358 306 62 286 573 547 44 79 109 52 58 51 53 40
cat_boundaries=0 1
cat_threshold=2
is_linear=0
shrinkage=0.05


Tree=109
num_leaves=63
num_cat=20
split_feature=10 7 2 1 15 21 1 2 13 14 1 2 4 1 1 2 1 1 8 1 2 7 8 17 1 5 7 2 10 10 1 2 8 21 2 8 7 7 10 1 15 5 8 21 7 10 10 7 7 5 5 17 6 17 17 8 7 21 5 14 23 8
split_gain=0.937699 2.14715 2.39409 1.82697 1.6068 3.02325 1.74223 1.44556 1.41736 1.39314 1.3083 1.39528 1.28158 3.81789 2.13682 1.98334 3.68469 3.55738 1.41883 2.44944 1.23087 1.88458 2.05647 1.21006 1.2043 1.3943 1.15586 1.13947 1.49205 1.08108 1.57812 1.34187 1.07672 0.996898 0.99233 0.959661 0.957552 1.16835 0.946155 0.90925 1.42336 0.885714 0.807725 0.788468 0.773504 0.772766 1.91067 0.74084 0.734687 0.654757 0.567519 0.557248 0.513665 0.512233 1.17625 1.19801 0.892816 0.785532 0.472599 0.417636 0.385845 0.363195
threshold=4033.0100000000007 1134.8100000000002 0 1 9.5000000000000018 47.267857142857146 2 3 2.5000000000000004 4.5000000000000009 4 5 6 7 8 9 10 11 1260.9800000000002 12 13 798.10000000000014 802.69500000000016 2.4000495357084399 14 194.50000000000003 521.99000000000012 15 3745.1950000000006 800.03000000000009 16 17 1454.5100000000002 287.25000000000006 18 495.96500000000009 1323.7950000000003 1475.1900000000003 2592.6800000000003 19 8.5000000000000018 273.50000000000006 1192.1800000000003 28.013157894736846 992.05500000000018 1816.2250000000001 2050.5450000000005 472.79000000000008 384.06999999999999 32.500000000000007 130.50000000000003 1.4188769872585543 4168.3500000000013 1.8570389352036487 2.8039684353752583 2374.9600000000005 2555.6650000000004 71.759615384615401 313.50000000000006 2.5000000000000004 24.500000000000004 278.72500000000008
decision_type=2 2 1 9 2 2 9 1 2 2 9 1 9 9 9 1 9 9 2 9 1 2 2 2 9 2 2 1 2 2 9 1 2 2 1 2 2 2 2 9 2 2 2 2 2 2 2 2 2 2 2 2 2 2 2 2 2 2 2 2 2 2
left_child=4 10 3 43 9 6 7 45 27 12 11 26 13 33 29 17 -17 -15 23 -20 21 22 -12 -16 25 59 -2 48 -29 30 -14 -31 39 34 -1 60 -26 -38 -10 58 -41 -27 -37 -3 -28 61 -47 -7 -8 -39 -11 -34 -23 56 55 -55 57 -5 -22 -4 -9 -6
right_child=1 2 24 53 5 47 8 35 38 50 20 -13 14 15 18 16 -18 -19 19 -21 32 52 -24 -25 36 41 44 28 -30 31 -32 -33 51 -35 -36 42 37 49 -40 40 -42 -43 -44 -45 -46 46 -48 -49 -50 -51 -52 -53 -54 54 -56 -57 -58 -59 -60 -61 -62 -63
leaf_value=0.001900909133981088 -0.36226257632118486 0.0022446410110525507 -0.38660948785350552 -0.004560054563700078 -0.14379877137261482 -0.40251994102521249 0.050061500622584722 -0.15021381169738099 -0.24886760159905005 -0.11813381023488692 -0.21688433846008817 -0.23130494475615287 -0.45491187297037111 0.040635268049713957 -0.0035231267916602249 -0.3454337441528299 0.022570051136023041 -0.43391444162002668 0.35781318738802742 0.0090512230208986463 -0.35435876286477641 -0.074170838596850794 0.38422975213045057 0.061232005413653215 0.25247019562454209 -0.19387439714441115 0.053302389650812465 0.013421390049799432 0.23640324449738001 0.012924298252772816 0.029405038586851708 -0.11738890816996257 0.092973299642868143 -1.9013764506202577 0.18169102924009251 0.11488586309958899 -0.49630224011962681 -0.37057998182361412 0.017466495316101317 -0.25560984346989563 0.065363222835344459 -0.050132117629624245 -0.063727576594094157 0.2435443232184632 -0.2477744253398953 0.3257258546258317 -0.097721644979977818 -0.02403753581577224 0.10919867193960969 0.032469375181609549 -0.24601204524051187 -0.060735662592464837 0.016772804591295553 0.93808588915968949 -0.068806746695710255 -0.021536252416522753 0.60569760462355049 -0.47373899411641746 -0.034103297328173278 0.06136271350641636 0.043569664111487244 -0.23206281581174279
leaf_weight=349 27 23 40 141 25 55 306 52 40 32 36 167 112 400 16060 718 2375 1036 883 1550 105 33 43 5416 42 62 51 476 22 733 1354 2184 40 41 666 154 34 23 39 73 76 26 21 81 24 21 145 22 143 132 22 45 26 51 40 24 29 37 21 27 46 36
leaf_count=349 27 23 40 141 25 55 306 52 40 32 36 167 112 400 16060 718 2375 1036 883 1550 105 33 43 5416 42 62 51 476 22 733 1354 2184 40 41 666 154 34 23 39 73 76 26 21 81 24 21 145 22 143 132 22 45 26 51 40 24 29 37 21 27 46 36
internal_value=-5.72529e-05 -0.00124842 0.000490798 0.00307517 -2.81397e-06 0.0015411 0.00206017 -0.000292398 0.00322425 -7.7356e-05 -0.00314935 -0.00593972 -6.27214e-05 -0.000754734 7.24254e-05 -0.00139256 -0.000651964 -0.00293306 0.000260221 0.00140599 -0.00136986 0.00231788 0.00762195 0.000128032 -0.00225564 -0.00550595 -0.000434783 0.00381579 0.0018591 -0.000938353 0.000136147 -0.00149829 -0.00294906 0.00191768 0.00228389 0.00201049 0 -0.00143229 -0.0027439 -0.00458633 -0.00108025 -0.00989011 0.00435393 0.00854701 0.00224359 -0.00322917 -0.00118343 -0.0078125 0.00568182 0.000158228 -0.00789474 0.00142045 -0.00362903 0.000895522 0.00360169 0.00737179 -0.000357143 -0.0019337 -0.00755396 0 -0.00148515 -0.00820313
internal_weight=37113 1579 812 426 35534 1603 1526 500 1026 33931 767 269 33877 5585 28292 4529 3093 1436 23909 2433 498 138 79 21476 386 155 102 947 498 4383 1466 2917 360 1056 1015 273 231 189 79 275 149 88 175 104 75 227 166 77 449 155 54 85 59 322 115 75 207 178 126 67 98 61
internal_count=37113 1579 812 426 35534 1603 1526 500 1026 33931 767 269 33877 5585 28292 4529 3093 1436 23909 2433 498 138 79 21476 386 155 102 947 498 4383 1466 2917 360 1056 1015 273 231 189 79 275 149 88 175 104 75 227 166 77 449 155 54 85 59 322 115 75 207 178 126 67 98 61
cat_boundaries=0 1 3 5 6 8 9 10 12 14 15 17 19 21 22 24 25 27 28 29 31
cat_threshold=492 33555205 514 34111716 16913 551 2181042689 262656 3224 33 2484076568 679998 2557481010 534790 3329 9364546 1310848 11321666 263296 84197389 360968 545 570688004 65536 1386 32 10240 2180 1354 132 65792
is_linear=0
shrinkage=0.05


Tree=110
num_leaves=47
num_cat=2
split_feature=22 11 21 7 17 16 7 20 16 17 21 22 17 11 21 22 4 20 20 19 19 0 22 18 21 11 5 17 22 21 21 20 5 20 22 21 18 11 11 18 22 17 7 19 21 18
split_gain=1.05388 2.36054 1.21446 2.37841 1.17253 1.00561 4.02154 2.67505 2.35034 2.17775 1.84011 1.97814 2.07691 1.73469 2.10505 2.01865 1.94176 1.78223 1.40685 1.75437 1.35532 1.95914 1.61214 1.22011 0.982151 1.19631 1.1727 0.964785 0.913684 0.807099 1.07787 0.817661 0.797069 0.842626 0.707919 1.83608 1.00986 0.534022 0.968254 0.486508 0.433171 0.401413 0.309178 0.189516 0.169828 2.58478e-05
threshold=235.82011152571363 926.3950000000001 302.25000000000006 -1.0000000180025095e-35 1.2774386583206505 0.36811305843325343 -1.0000000180025095e-35 42.500000000000007 0.98184409077813795 0.44787137144516459 42.133928571428577 24.769518978822102 1.4312748090620639 2713.8100000000004 182.77500000000003 20.635215471799594 0 229.50000000000003 92.500000000000014 1481.0200000000002 1120.8550000000002 1 53.023422469174882 1.2691423286379588 30.169540229885062 862.54000000000008 55.500000000000007 0.66986026768764362 59.497749014481279 555.50000000000011 395.25000000000006 172.50000000000003 249.50000000000003 174.50000000000003 11.302654339031692 359.75000000000006 0.5265551471560892 1839.9300000000001 900.38999999999999 0.71072575146491657 60.837351446812995 1.6615242494221736 567.71500000000015 1352.4550000000002 345.16666666666669 0.75913222425543403
decision_type=2 2 2 2 2 2 2 2 2 2 2 2 2 2 2 2 9 2 2 2 2 1 2 2 2 2 2 2 2 2 2 2 2 2 2 2 2 2 2 2 2 2 2 2 2 2
left_child=2 43 5 -4 -3 6 7 37 10 18 24 12 -12 14 16 27 -8 -16 40 -20 22 -22 -11 -13 25 -7 -26 -15 -17 30 34 -31 33 -32 36 -36 -5 38 -1 -34 -10 -6 -33 -2 45 -43
right_child=1 4 3 29 41 8 13 -9 9 20 11 23 -14 15 17 28 -18 -19 19 -21 21 -23 -24 -25 26 -27 -28 -29 -30 31 32 42 39 -35 35 -37 -38 -39 -40 -41 -42 44 -44 -45 -46 -47
leaf_value=-0.8329785641550087 1.355637563515866 -1.2248785853050734 -3.6442640306097078 -0.33032640165867094 0.11857571203383942 0.21956509275676339 -0.61392967260310649 -3.0024629417606956 0.041837040227161996 2.2798457331418833e-05 -0.64479539406874786 0.042611375283523503 -0.29069315887800296 -0.1904350842891642 1.3543522910684835 0.28859939372266757 0.043156834198881812 -0.081740509733621999 -0.92611203100626516 0.324643957605945 -0.021120268720592607 -0.40381862881997715 0.12304153096762445 -0.28834644713748009 -0.1115931981004458 -0.099804702124101224 0.044987409426694484 0.10129488519734249 -0.21241883307010384 -2.2951269859779786 2.9050011492387018 3.7490149524269407 3.2097659327247925 -0.079290593846080532 1.6503048560513265 -0.17675211062705573 0.59646436228802746 -0.84733277438872645 1.6156740054040228 1.8388954448847039 -0.31812551604915101 -1.1155254791686475 -1.1549428513393358 0.5291680738294019 -0.26530503237422992 -2.6650802495058521
leaf_weight=60 28 23 26 188 25 52 132 55 120 18959 100 308 167 79 134 270 1094 91 185 36 8631 476 3884 183 64 388 346 106 30 29 53 28 67 87 153 42 185 29 32 20 22 28 24 31 22 21
leaf_count=60 28 23 26 188 25 52 132 55 120 18959 100 308 167 79 134 270 1094 91 185 36 8631 476 3884 183 64 388 346 106 30 29 53 28 67 87 153 42 185 29 32 20 22 28 24 31 22 21
internal_value=-5.86001e-05 -0.0038674 -3.85782e-05 0.00176796 -0.0079918 -8.53313e-05 0.000969267 -0.00614525 -0.000152547 -5.80208e-05 -0.00201738 -0.00381078 -0.00731481 0.00165034 0.00073934 0.00425205 -4.06835e-05 0.00515351 -0.00389344 -0.00636161 -1.25184e-05 -0.000529638 0.0001915 -0.00177126 -0.0003517 -0.0020316 0.00133172 0 0.00676568 0.00227531 0.00278822 -0.00208333 0.00576087 0.0027972 0.00148862 0.00391414 6.64894e-05 -0.00141129 0 0.00972222 0 -0.00454545 0.000909091 0.00362903 -0.00641892 -0.00817308
internal_weight=37113 178 36935 902 119 36033 2112 176 33921 32313 1608 758 267 1936 1451 485 1226 225 363 221 31950 9107 22843 491 850 440 410 185 300 876 795 81 227 140 568 195 373 121 92 87 142 96 52 59 71 49
internal_count=37113 178 36935 902 119 36033 2112 176 33921 32313 1608 758 267 1936 1451 485 1226 225 363 221 31950 9107 22843 491 850 440 410 185 300 876 795 81 227 140 568 195 373 121 92 87 142 96 52 59 71 49
cat_boundaries=0 1 2
cat_threshold=33 1
is_linear=0
shrinkage=0.05


Tree=111
num_leaves=63
num_cat=25
split_feature=4 1 18 1 15 2 1 22 1 2 1 15 1 11 0 1 2 23 1 18 19 22 11 1 1 2 11 11 1 23 2 5 5 5 9 17 11 1 1 18 13 9 1 7 22 9 17 22 1 19 7 7 22 2 18 10 18 7 2 10 2 7
split_gain=1.01699 2.62672 2.5771 1.73952 2.15473 1.82198 2.0889 2.70798 1.99287 1.58058 4.89799 4.04076 3.65801 2.56072 2.54404 3.10134 4.74541 3.89468 2.82626 2.22891 1.88268 1.84993 1.68572 3.5231 2.46353 2.33482 1.73161 1.64944 1.62181 1.60834 1.63213 1.60237 1.47397 1.46807 1.50832 1.43532 2.53733 2.53271 2.17997 1.98202 1.89013 1.87037 1.55808 1.51677 1.41314 1.39957 1.2948 1.28044 1.2699 1.22029 1.20917 1.15074 1.46771 1.13169 1.10168 1.59984 2.46574 2.03186 1.97256 1.89121 3.23564 2.40376
threshold=0 1 2.0292760368345824 2 9.5000000000000018 3 4 11.302654339031692 5 6 7 4.5000000000000009 8 529.17000000000019 9 10 11 7.5000000000000009 12 1.6133856921803595 1086.4950000000001 69.440878926447212 1601.4750000000001 13 14 15 1750.6550000000004 3492.3050000000007 16 5.5000000000000009 17 250.50000000000003 235.50000000000003 42.500000000000007 2299.2250000000008 1.2091709731129139 814.92000000000019 18 19 0.37954192716510798 1.0000000180025095e-35 2593.1150000000002 20 822.1350000000001 124.27639874695974 1224.7350000000004 0.94736573926134826 11.302654339031692 21 3890.3700000000003 259.17500000000007 1200.8150000000003 28.958354739250797 22 0.12888644449468895 1054.3950000000002 0.78790974592673413 690.69000000000017 23 887.6450000000001 24 822.1350000000001
decision_type=9 9 2 9 2 1 9 2 9 1 9 2 9 2 1 9 1 2 9 2 2 2 2 9 9 1 2 2 9 2 1 2 2 2 2 2 2 9 9 2 2 2 9 2 2 2 2 2 9 2 2 2 2 1 2 2 2 2 1 2 1 2
left_child=1 2 -1 4 5 6 7 -3 -7 10 11 13 22 -2 18 16 20 -18 33 21 -16 -15 23 25 29 -11 28 45 -26 48 -31 -29 -28 -14 -35 37 42 51 39 -38 -39 -40 -37 -42 -8 -13 -10 -6 -24 -25 -27 52 -12 -17 -5 59 57 -57 -58 61 -61 -56
right_child=9 3 -4 54 47 8 44 -9 46 12 35 27 14 19 15 53 17 -19 -20 -21 -22 -23 24 49 26 50 32 31 -30 30 -32 -33 -34 34 -36 36 38 40 41 -41 43 -43 -44 -45 -46 -47 -48 -49 -50 -51 -52 -53 -54 -55 55 56 58 -59 -60 60 -62 -63
leaf_value=0.31628006338722803 0.80057594949272082 -1.0236644334980569 -0.097693036725957694 -1.2361384646007794 -0.0048536352870053538 0.18902503704753748 -0.44321969675620071 0.73827203872625236 0.22057465653348132 1.1066109897235734 0.052479195611411816 0.13605937950884589 -0.47891094297898607 -0.16536409823134621 -0.0005154696179946683 0.13334718239316645 -0.54951141567906636 -0.013038691193861496 0.026137187074933621 0.29548418464018483 -1.1588245065027198 0.38920231507998582 0.32752745178641479 0.042992903018814844 -0.013632612284463975 1.2571186271078993 0.027953089808289634 -0.0085445320722918449 -0.64638531175342173 -0.16494656805109181 0.044917246556459213 0.1057861222200363 -0.069648801021213111 -0.088424065880348846 0.35306241781747832 -1.2232146992841757 1.7554779851755271 0.16003739995139768 0.025255199462007206 -0.27756309203467711 -0.29627804485465614 -0.26949097079995044 -0.38903539614927213 -0.010862210225512571 1.5012722148920703 0.58170203454070979 -0.20359733040797609 0.2759248197663709 0.11604525975802815 -0.7166502517876604 0.14911695781577805 -0.82723744577994496 -0.28147061529998679 -0.038150127116885105 0.070669056172504699 -0.20834327135713268 -0.044729061230104256 0.047249948457557527 0.080286372758608421 0.11696904441799916 1.030540491736575 -1.0911077827214839
leaf_weight=536 240 44 58 109 26 540 415 59 55 535 299 594 123 1933 1123 286 760 328 5804 185 63 307 348 2841 151 89 2512 455 146 217 507 110 1470 2006 90 216 55 85 1903 683 576 100 344 127 21 58 285 42 529 32 469 38 199 677 1674 497 824 405 1409 237 200 64
leaf_count=536 240 44 58 109 26 540 415 59 55 535 299 594 123 1933 1123 286 760 328 5804 185 63 307 348 2841 151 89 2512 455 146 217 507 110 1470 2006 90 216 55 85 1903 683 576 100 344 127 21 58 285 42 529 32 469 38 199 677 1674 497 824 405 1409 237 200 64
internal_value=-5.18644e-05 0.000465859 0.00362438 0.000180662 -0.00131667 -0.00177567 -0.0040308 0.00193966 -0.000279955 -0.000184804 -0.000759977 0.000539153 4.49832e-05 -0.000534108 -0.000567728 -0.00175154 -0.0027547 -0.0051317 -8.41017e-05 -0.00103995 -0.000500417 -0.00149354 0.000750583 0.00154951 0.000203978 0.0039557 -0.00041356 0.00293033 -0.00408333 0.00187423 6.87758e-05 0.000836268 -0.000125471 -0.0016017 -0.00126251 -0.00185964 -0.00127875 -0.00327807 -0.000628644 -0.00292943 -0.00505618 0.000210813 -0.00435169 -0.00598442 -0.00556793 0.00465649 -0.00325779 0.00704225 0.00332386 0.000597713 0.00148862 -0.000455373 9.98004e-05 0.000589139 0.000602909 0.000715227 0 -0.00220994 0.000883274 0.0017562 0.00471591 0.00097645
internal_weight=37113 7500 594 6906 1487 1419 539 103 880 29613 8507 3882 21106 2665 11260 3237 2274 1088 8023 2425 1186 2240 9846 3966 5880 1093 4279 1217 297 1601 724 565 3982 2219 2096 4625 3301 1324 2741 738 788 2003 560 703 436 652 340 68 877 2873 558 536 498 963 5419 5310 3135 902 2233 2175 437 1738
internal_count=37113 7500 594 6906 1487 1419 539 103 880 29613 8507 3882 21106 2665 11260 3237 2274 1088 8023 2425 1186 2240 9846 3966 5880 1093 4279 1217 297 1601 724 565 3982 2219 2096 4625 3301 1324 2741 738 788 2003 560 703 436 652 340 68 877 2873 558 536 498 963 5419 5310 3135 902 2233 2175 437 1738
cat_boundaries=0 1 3 5 6 7 9 10 12 14 15 17 18 20 22 24 25 26 27 29 31 33 35 36 37 38
cat_threshold=16 75328 1188869 266518546 559554 338 16957440 31457296 32898 2113 2876432656 33330 1426686351 776427 1 709103680 1057552 668 2150778416 263172 1140916481 688298 1090551818 596041 550 524420 36 8650884 16768 8455172 1659205 524356 278657 1073774594 4161 1058 1812 2247
is_linear=0
shrinkage=0.05


Tree=112
num_leaves=63
num_cat=23
split_feature=4 1 1 2 16 20 22 1 2 2 1 0 19 17 8 20 19 22 22 22 2 7 1 1 1 2 20 7 8 16 1 17 10 19 17 22 22 1 10 17 17 1 17 10 1 11 19 18 18 8 19 10 1 11 22 1 18 9 1 2 1 20
split_gain=1.00054 2.32192 1.62512 2.71291 2.0299 2.38385 2.10358 1.39489 2.54695 2.33802 4.33018 2.6566 2.25549 2.18831 2.06804 2.05924 1.96095 2.17813 1.85778 2.71475 2.29293 1.85265 1.68415 1.6282 1.61812 2.20643 1.68926 1.55423 1.54376 1.42155 3.78347 2.2636 1.40489 1.32692 1.32419 1.67401 1.96516 1.72828 1.92323 1.78801 1.6115 1.33968 1.53652 1.28134 1.26719 1.78861 1.24464 1.21531 1.52661 1.20357 1.08438 1.0603 2.47549 2.41252 2.07439 2.39867 1.81821 2.12551 2.39487 1.84138 3.35882 1.68207
threshold=0 1 2 3 2.1693094277393503 147.50000000000003 26.787484826973778 4 5 6 7 8 3353.2800000000002 1.9895039082367292 1.0000000180025095e-35 350.50000000000006 608.84999999999991 9.0968841410382293 3.7716029769593651 15.086869197430095 9 521.99000000000012 10 11 12 13 162.50000000000003 1290.1350000000002 950.05000000000007 0.36811305843325343 14 0.80633253027532559 1756.8000000000004 708.38000000000045 1.222054471302386 37.477172535760438 45.002407324347253 15 711.05500000000018 2.056293750633015 2.0099107839442456 16 1.1257198383115916 2050.5450000000005 17 2997.8350000000005 1563.0050000000001 0.40687197655924012 0.49922709260140991 532.48500000000013 817.73500000000001 1071.5250000000003 18 2052.3650000000002 41.72229609002823 19 0.77043299506999185 636.10000000000002 20 21 22 52.500000000000007
decision_type=9 9 9 1 2 2 2 9 1 1 9 1 2 2 2 2 2 2 2 2 1 2 9 9 9 1 2 2 2 2 9 2 2 2 2 2 2 9 2 2 2 9 2 2 9 2 2 2 2 2 2 2 9 2 2 9 2 2 9 1 9 2
left_child=1 -1 3 -3 -5 6 -6 8 34 10 11 12 21 32 -12 24 17 -16 23 20 -20 -9 -17 -10 25 26 -11 -27 33 30 -26 -31 -13 -24 41 37 40 39 -39 -36 -37 42 50 -22 45 -21 -38 -25 -49 -44 -2 52 53 -4 -54 -56 57 -53 -59 61 -61 -58
right_child=7 2 51 4 5 -7 -8 9 18 15 14 13 -14 -15 16 22 -18 -19 19 44 43 -23 28 47 29 27 -28 -29 -30 31 -32 -33 -34 -35 35 36 46 38 -40 -41 -42 -43 49 -45 -46 -47 -48 48 -50 -51 -52 56 54 -55 55 -57 59 58 -60 60 -62 -63
leaf_value=0.31801220461736934 -0.0091451092527251813 -0.56991320764532394 -0.042340950025508306 0.2878188874423655 -1.2076736378887263 0.14745657061895656 0.11777496582880467 0.1796417403550663 0.19614277151544429 -0.0052163697353229573 -2.7019430828983961 0.54218913507094979 -0.57242884429008889 -0.57393817973420946 -0.17322164053401662 2.6910771231655817 0.39624928554767491 0.13801633534302482 0.15640917455750358 0.026633983255202765 0.067380082390861601 -0.043368755174055452 2.2861744038053895 -0.2641706534751016 -0.17099640520657289 0.10516352791894157 -0.76305959612895158 0.64940327018606614 1.359596744646683 -0.18551064222734637 0.17265636020803576 -0.021353034685613361 -0.34452362757505456 -0.38238264195023253 0.082957896380388974 -0.78936235171222435 0.28180999818784508 -0.053295463266047706 0.35833935312287224 -0.34198522354697547 0.60888093402725973 -0.14510199686690103 -0.56306074651639892 -0.15404849514078142 -0.12816086044633224 -0.24700309069223964 -0.98067294322286791 -1.4258955084528511 -0.35465075208679941 0.013826354475396308 0.34135238270253332 -0.63226180216360184 0.19209229031350078 -0.98359022083199088 -0.45630643668363507 0.30276493412238853 0.10212602124342496 0.078985850675175412 -0.17230853805045998 0.04740421360767897 -0.17647677595813285 0.020235603052155684
leaf_weight=433 322 118 340 99 59 69 34 279 101 317 34 62 26 125 503 208 1240 1217 117 627 84 439 100 258 443 934 91 121 227 1174 729 16082 93 437 204 64 282 154 425 176 20 222 46 79 743 186 34 70 366 30 122 215 1784 31 237 461 532 448 382 667 613 978
leaf_count=433 322 118 340 99 59 69 34 279 101 317 34 62 26 125 503 208 1240 1217 117 627 84 439 100 258 443 934 91 121 227 1174 729 16082 93 437 204 64 282 154 425 176 20 222 46 79 743 186 34 70 366 30 122 215 1784 31 237 461 532 448 382 667 613 978
internal_value=-4.10874e-05 0.000472514 0.000243644 -0.0028699 0 -0.00333333 -0.00859375 -0.00017299 -0.000958904 -2.10894e-05 0.00107914 -0.00168756 -6.69344e-05 -0.00583039 0.00204523 -0.000235917 0.0022106 0.00107371 -0.00199508 -0.00108755 0.00335689 0.000416089 0.002 -0.00404135 -0.000348095 0.00123645 -0.00178147 0.00245787 0.000772201 -0.000477198 0.00119149 -0.000593893 -0.00142405 -0.000601852 0.0003193 0.00126652 -0.00136476 0.00241684 0.00409628 -0.000127226 -0.00804598 -0.00134228 0 -0.000426136 -0.00192431 -0.000453995 0.00031348 -0.00487977 -0.00660592 -0.00632911 0.00123043 0.000432771 0.00116422 -0.00253906 0.00174349 -0.000499287 -9.77071e-05 -0.00188454 -0.000660264 0.000554959 -0.000812065 0.00173999
internal_weight=37113 7500 7067 379 261 162 93 29613 4732 24881 4018 1024 744 280 2994 20863 2960 1720 2631 1836 280 718 972 795 19891 1463 408 1055 764 18428 1172 17256 155 537 2101 1359 400 959 579 380 84 742 520 163 1556 813 316 694 436 76 444 6688 2853 371 2482 698 3835 1045 830 2790 1280 1510
internal_count=37113 7500 7067 379 261 162 93 29613 4732 24881 4018 1024 744 280 2994 20863 2960 1720 2631 1836 280 718 972 795 19891 1463 408 1055 764 18428 1172 17256 155 537 2101 1359 400 959 579 380 84 742 520 163 1556 813 316 694 436 76 444 6688 2853 371 2482 698 3835 1045 830 2790 1280 1510
cat_boundaries=0 1 3 5 6 8 9 10 12 13 14 16 18 20 21 23 25 27 29 31 33 35 36 38
cat_threshold=16 1123840 1188868 151011346 526656 389 2150707776 1062148 2108 768 59130118 33392 1 194 100663335 32896 2097152 1280 1224753410 559144 2057 100958352 344065 2149580800 1058052 2147488256 13568 2148536320 1056772 33685772 262178 8392704 86673 2717909068 262801 2251 67666093 331939
is_linear=0
shrinkage=0.05


Tree=113
num_leaves=63
num_cat=18
split_feature=15 22 1 20 2 20 1 5 9 2 16 20 5 10 9 1 2 1 1 1 9 1 15 1 1 9 10 22 9 20 22 1 22 16 18 5 16 17 22 2 16 10 1 18 20 6 2 1 10 10 9 15 10 17 10 9 9 22 20 2 16 16
split_gain=1.43142 2.94195 2.52384 1.92083 2.12208 1.69505 4.53375 2.9262 1.93693 1.77988 1.67518 2.11772 1.86131 1.64451 1.61303 1.60933 1.59711 3.39148 3.32073 1.96185 1.84905 1.82122 1.68831 2.44902 1.65246 1.59772 1.66318 2.25372 1.53163 1.51874 3.03139 2.37539 2.30027 1.83298 1.51645 1.43353 1.42396 1.38883 1.37776 2.29484 1.77409 1.43511 1.36939 1.79415 1.56454 1.36516 1.30534 2.11881 1.56065 1.33572 1.25073 1.24746 1.28608 1.24697 1.19482 2.03289 1.89117 1.18093 1.14997 1.14637 1.11578 1.10482
threshold=9.5000000000000018 25.771379234172496 0 25.500000000000004 1 38.500000000000007 2 82.500000000000014 302.49000000000007 3 1.105495581393001 37.500000000000007 210.50000000000003 1549.1800000000003 2070.8950000000009 4 5 6 7 8 1434.9350000000002 9 4.5000000000000009 10 11 1729.3050000000003 896.81000000000017 61.521990730528053 447.3250000000001 14.500000000000002 81.286940183696515 12 32.171045838443874 0.21695061192489654 0.37024447026716129 26.500000000000004 0.84450718947315684 1.0180951402644289 14.228425060964632 13 2.4077253458752783 6200.9450000000006 14 0.46263844698481477 7.5000000000000009 2501.0100000000007 15 16 4464.1100000000015 2270.8450000000007 711.6450000000001 7.5000000000000009 2231.1050000000005 1.1748550686185089 567.71000000000026 1163.0050000000003 399.43500000000006 12.293013514647027 57.500000000000007 17 1.5516938542463803 1.9999974548554997
decision_type=2 2 9 2 1 2 9 2 2 1 2 2 2 2 2 9 1 9 9 9 2 9 2 9 9 2 2 2 2 2 2 9 2 2 2 2 2 2 2 1 2 2 9 2 2 2 1 9 2 2 2 2 2 2 2 2 2 2 2 1 2 2
left_child=5 2 35 4 13 6 9 8 -8 -1 11 59 58 -4 36 54 17 46 25 20 28 37 24 -24 -21 26 50 -28 -20 31 33 34 -33 -31 -9 53 -3 -19 39 -37 41 -40 44 -44 -10 -15 48 49 -7 -48 -18 52 -23 -2 56 -56 -11 -53 -12 -5 -22 -32
right_child=1 14 3 10 -6 16 7 29 42 15 12 -13 -14 45 -16 -17 18 21 19 22 60 51 23 -25 -26 -27 27 -29 -30 30 61 32 -34 -35 -36 38 -38 -39 40 -41 -42 -43 43 -45 -46 -47 47 -49 -50 -51 -52 57 -54 -55 55 -57 -58 -59 -60 -61 -62 -63
leaf_value=-0.28275730025687834 -0.17387598396849829 0.10537410954035797 -0.08405003451827292 0.10126246016973176 -0.062150905499690982 0.0025491364106379425 -0.75295968566017923 -0.037554630755882105 0.07503257335604907 -0.0095743038172386719 0.13904159386179379 -0.081272918251668186 0.028929304071283114 0.0094277411380699234 0.56080095141058306 0.39692242546519552 -0.22772310769715196 -0.054998881217824196 -0.012005495993270188 -0.10678880684153516 -0.28505408532369519 0.054093886447971334 0.12045349083078705 0.0011304677659275343 -0.018453337145629689 0.31804896858212184 -0.54379755136802754 0.074427587720259689 0.35307192930396597 0.43579413812750833 -1.0590546051093181 -0.24282918550215379 0.45259633138913746 -0.062140177921087773 0.51824185425786273 -0.045444927428236429 -0.17007415378230428 0.39374606756751018 -0.14510039015838103 0.08447356179338153 0.27855192631248754 0.10094172340852464 -0.13559127851199318 -0.43089268034744815 -0.23397146225217222 0.33147781882489513 -0.071854027442367394 -0.27901321647387223 -0.50800112641285988 0.2778043717924305 1.448262199176054 -0.082568554171636069 -0.037990852714447604 0.051240253427572213 -0.14323858502805872 0.13344010721723762 1.5764113182779385 0.12887368783499015 -0.030324502237561293 0.0049901460659486753 0.094400458183330122 -0.49361398201423551
leaf_weight=136 47 28 22 108 260 1469 154 385 503 156 215 145 148 34 21 432 162 129 309 2449 94 7657 579 2633 7642 60 288 59 721 69 66 578 148 1781 554 125 168 372 365 184 26 55 372 469 411 55 233 671 28 63 28 36 1164 21 662 576 150 301 21 100 170 46
leaf_count=136 47 28 22 108 260 1469 154 385 503 156 215 145 148 34 21 432 162 129 309 2449 94 7657 579 2633 7642 60 288 59 721 69 66 578 148 1781 554 125 168 372 365 184 26 55 372 469 411 55 233 671 28 63 28 36 1164 21 662 576 150 301 21 100 170 46
internal_value=-4.10874e-05 0.00120874 0.0018485 0.00338983 0.000334225 -0.000119395 -0.000777676 -0.00153181 -0.003125 0.00117647 0.00489865 0.00217697 0.00723514 0.00584677 -0.00420455 0.00158371 6.31406e-05 0.000492337 -0.000276189 -0.000121492 0.0017215 0.000917597 -0.000306023 0.000684292 -0.00062661 -0.00389344 -0.00486111 -0.00692857 0.00271055 -0.000681818 -0.0016285 0.000404676 -0.00169147 -0.00110631 0.00207458 -0.00020933 -0.00577889 0.00384241 0.000362797 0.00296474 -0.0013363 -0.00224586 -0.00260239 -0.00406909 -0.00113269 0.00951087 -0.00115059 -0.00257653 -0.000182119 0.000809061 -0.000777202 0.00074692 0.000626133 -0.00704225 0.000770713 4.02901e-05 0.00355987 0.00375 0.0100418 0.00545024 -0.00187266 -0.00956522
internal_weight=37113 2148 1931 1108 371 34965 7648 5536 1909 2112 737 353 384 111 217 1976 27317 12123 15194 14597 1294 9659 13303 3212 10091 597 537 347 1030 3627 1962 1665 726 1850 939 823 196 501 755 309 446 420 1755 841 914 89 2464 967 1497 296 190 9158 8821 68 1544 1238 306 337 236 208 264 112
internal_count=37113 2148 1931 1108 371 34965 7648 5536 1909 2112 737 353 384 111 217 1976 27317 12123 15194 14597 1294 9659 13303 3212 10091 597 537 347 1030 3627 1962 1665 726 1850 939 823 196 501 755 309 446 420 1755 841 914 89 2464 967 1497 296 190 9158 8821 68 1544 1238 306 337 236 208 264 112
cat_boundaries=0 2 3 5 6 8 9 11 13 15 17 19 21 23 24 26 27 29 30
cat_threshold=2147516621 66305 3593 1146052661 707108 2 925745 49664 563 460591648 1934372 197632 657700 402657792 327688 1082262784 131136 2196259138 1048578 48259446 4226 823132288 4234 612 824214026 327705 545 33816576 1060 459
is_linear=0
shrinkage=0.05


Tree=114
num_leaves=63
num_cat=18
split_feature=15 21 21 2 20 22 1 5 15 20 1 5 2 8 8 11 1 21 21 10 18 15 21 17 1 8 1 21 1 15 1 1 20 20 1 8 1 11 2 8 2 20 5 10 10 4 1 2 6 5 10 18 5 21 22 1 15 6 20 18 17 20
split_gain=1.17548 3.46218 1.97095 2.27758 2.14915 1.74278 1.73089 2.12221 1.98267 1.5577 4.32948 3.29132 2.33685 2.33091 2.15024 2.38118 2.09007 2.05967 1.65031 1.99396 1.54333 1.53814 2.29849 2.21869 2.96893 3.28106 3.42151 2.62315 6.41173 3.39923 6.45555 3.76295 3.15987 3.15058 2.03954 2.0743 1.98778 1.80906 1.75266 1.65949 1.57309 1.48755 2.56017 1.39514 1.75047 1.38079 3.06329 2.09344 1.29476 1.26925 1.23797 1.33594 1.19582 1.14334 1.12965 1.12253 1.1099 1.08865 1.07245 1.07238 0.961441 0.901734
threshold=9.5000000000000018 46.775000000000006 22.509259259259263 0 10.500000000000002 10.442148157672895 1 53.500000000000007 11.500000000000002 38.500000000000007 2 82.500000000000014 3 2014.5350000000001 299.99500000000006 2877.1200000000003 4 154.73333333333338 108.52777777777779 1294.7800000000002 2.8367374176208542 4.5000000000000009 27.032258064516132 2.2013847206078681 5 979.80500000000006 6 77.038461538461561 7 2.5000000000000004 8 9 141.50000000000003 147.50000000000003 10 1290.0650000000003 11 6224.1100000000015 12 798.10000000000014 13 19.500000000000004 66.500000000000014 1816.2250000000001 2067.3050000000007 14 15 16 3056.7900000000004 37.500000000000007 1653.4050000000004 0.48216920364172883 292.50000000000006 193.10000000000002 14.228425060964632 17 7.5000000000000009 1376.8900000000001 8.5000000000000018 2.067242434056642 2.6662290264091095 12.500000000000002
decision_type=2 2 2 1 2 2 9 2 2 2 9 2 1 2 2 2 9 2 2 2 2 2 2 2 9 2 9 2 9 2 9 9 2 2 9 2 9 2 1 2 1 2 2 2 2 9 9 1 2 2 2 2 2 2 2 9 2 2 2 2 2 2
left_child=9 2 3 54 -5 -6 43 8 -8 10 12 13 16 14 15 -12 50 20 45 -20 56 23 -23 27 52 36 -27 28 32 30 -29 -31 -11 -30 35 38 -26 39 -24 -36 -39 -9 -43 -4 -45 47 -47 -13 -18 -10 51 -1 60 -21 -2 -16 -14 -54 -52 -37 -25 -46
right_child=1 -3 6 4 5 -7 7 41 49 21 11 18 17 -15 55 -17 48 -19 19 53 -22 22 34 24 25 26 -28 29 33 31 -32 -33 -34 -35 37 59 -38 40 -40 -41 -42 42 -44 44 61 46 -48 -49 -50 -51 58 -53 57 -55 -56 -57 -58 -59 -60 -61 -62 -63
leaf_value=0.24008591777286503 0.14073349449436706 -0.3256471617363117 -0.1591685660841119 0.083173052096408739 0.0024259310027161976 -0.2041564857918452 0.023104937378517754 0.0031490370097584375 -0.044378547036718174 -0.10503498660085385 -0.5049124666430107 -0.1692791697812524 0.177380996714642 -1.2476634797743775 -0.39622565622182188 0.22137015507319618 -0.018043657130586154 4.5307021624284802 -0.055263113315077918 -0.96537693101928557 -0.38227689055936126 -0.36832391936081149 -0.035957132899732257 -0.24134083198750178 0.34465943880817207 0.011425232121287366 1.1927118837137116 -0.47270560175119414 -0.39763910432658278 -0.12458335373009249 -0.019948985702443169 0.056010198342037402 0.68567939491092744 -0.16627488537711202 0.0072739320722590151 0.12440720586102927 -0.019344636141354246 0.015772467352279662 0.084319925026211356 0.16502190695684718 -0.14170804890350386 0.12234764443270052 0.054537097709545984 0.19855732045754337 0.17497455572345899 -0.2880234314466929 0.1547602612286558 0.0132985746723854 -0.2281652665310995 -0.31002716805547398 -1.8706250094565164 1.2154717902057723 2.8165572694899939 0.25021577783914495 -0.1823260789262231 -0.1112945127175447 0.38621499521783353 0.027556014554076927 0.19856695115627013 0.78788844448273998 -0.039221182018896177 -0.030128992850659488
leaf_weight=131 59 84 51 58 43 118 117 190 81 445 260 643 1013 81 472 25 473 83 280 126 38 48 604 535 756 371 592 784 1419 1086 2791 6429 545 1533 3569 62 1769 235 1040 753 352 54 742 24 66 119 966 1365 304 42 25 56 55 36 46 1009 81 266 62 51 1227 373
leaf_count=131 59 84 51 58 43 118 117 190 81 445 260 643 1013 81 472 25 473 83 280 126 38 48 604 535 756 371 592 784 1419 1086 2791 6429 545 1533 3569 62 1769 235 1040 753 352 54 742 24 66 119 966 1365 304 42 25 56 55 36 46 1009 81 266 62 51 1227 373
internal_value=-6.26414e-05 0.00106927 0.00149976 -0.00198777 -0.00484914 -0.00807927 0.00218015 0.00318805 -0.000823045 -0.000133694 -0.000764606 -0.00153846 0.00105309 -0.00325676 -0.00282646 -0.00685764 -0.000634398 0.00254479 -0.000628886 -0.00348315 0.00193833 4.11786e-05 0.000699717 -0.000171067 0.000677252 0.00157098 0.00406315 -0.000488859 -0.00159696 -9.01469e-05 -0.00136249 0.000508779 0.00184447 -0.0027656 0.000787224 0.00224576 0.000603244 0.000248883 0.00176078 0.000612717 -0.00233051 0.00424671 0.00519399 -0.000189753 0.000590129 -0.000201873 0.00120674 -0.000989609 -0.00199367 -0.00535714 0.00296167 0.00539474 -0.000799141 -0.00787879 0.00360169 -0.00200472 0.00232452 0.00192901 -0.00138889 0.00883621 -0.00133144 -5.65611e-05
internal_weight=37113 2148 2064 324 219 161 1740 1226 240 34965 7648 5382 2266 1847 1766 285 1051 1215 3535 442 1132 27317 6714 20603 5571 3488 963 15032 3942 11090 3575 7515 990 2952 6666 1757 2525 4909 1644 4322 587 986 796 514 463 3093 1085 2008 777 123 274 187 2083 162 105 1481 1094 321 87 113 1762 439
internal_count=37113 2148 2064 324 219 161 1740 1226 240 34965 7648 5382 2266 1847 1766 285 1051 1215 3535 442 1132 27317 6714 20603 5571 3488 963 15032 3942 11090 3575 7515 990 2952 6666 1757 2525 4909 1644 4322 587 986 796 514 463 3093 1085 2008 777 123 274 187 2083 162 105 1481 1094 321 87 113 1762 439
cat_boundaries=0 1 3 5 6 8 10 12 14 16 18 20 22 23 24 25 26 27 29
cat_threshold=3096 1048812 82177 1162854421 772644 675 16973828 16416 8294794 1062754 2189444673 65664 4261518 1442825 371214086 1327133 17379416 658436 2494099739 1051658 310469697 786572 209 2193 14 2418017346 74 2189428192 1024
is_linear=0
shrinkage=0.05


Tree=115
num_leaves=63
num_cat=2
split_feature=4 20 5 5 5 21 0 5 21 16 6 22 21 6 5 8 22 5 5 5 8 21 21 16 8 11 5 11 11 21 6 20 10 11 10 9 20 11 22 6 8 8 22 10 5 11 22 6 9 10 5 8 8 16 5 8 11 21 13 10 14 10
split_gain=0.993826 0.964305 1.16909 1.6727 3.01573 2.62722 2.49162 3.98422 7.32053 2.04547 1.50049 2.59549 1.52437 1.34557 1.91466 3.46242 1.82806 1.73767 1.9335 1.722 1.47126 1.41219 1.20231 1.10184 1.02469 1.2767 1.03379 0.94993 1.05844 0.936607 0.91548 0.890219 0.82387 2.49665 2.19046 1.87681 1.66547 1.56582 1.83566 1.69559 1.41322 1.40545 1.38044 1.33016 1.16651 1.07706 1.04226 1.66112 1.00404 1.27514 1.00246 1.70427 1.15 1.002 0.966677 0.883766 0.880461 0.862744 1.42675 1.43971 1.00926 1.23653
threshold=0 330.50000000000006 139.50000000000003 235.50000000000003 249.50000000000003 228.70833333333334 1 180.50000000000003 58.519230769230781 1.3636017878912841 2501.0100000000007 124.27639874695974 50.023809523809533 2012.74 89.500000000000014 620.02500000000009 69.440878926447212 134.50000000000003 115.50000000000001 72.500000000000014 226.83500000000001 98.954545454545467 35.763888888888893 2.0335524704037273 85.330000000000013 911.79500000000019 187.50000000000003 1970.6750000000004 3025.3000000000002 107.05555555555557 1734.8500000000001 84.500000000000014 1026.3050000000003 1984.1050000000002 896.81000000000017 1440.8850000000004 64.500000000000014 1254.1600000000001 29.956714781221088 3372.3600000000001 1260.9800000000002 821.81500000000017 27.538544407666496 756.61500000000024 271.50000000000006 1006.9200000000002 20.288250163582561 2012.74 1800.4400000000003 1618.2250000000001 18.500000000000004 681.22000000000014 508.99000000000007 1.8275672068246342 83.500000000000014 573.36500000000012 2066.7550000000006 24.035714285714288 1.5000000000000002 1645.1700000000001 3.5000000000000004 2755.2050000000004
decision_type=9 2 2 2 2 2 1 2 2 2 2 2 2 2 2 2 2 2 2 2 2 2 2 2 2 2 2 2 2 2 2 2 2 2 2 2 2 2 2 2 2 2 2 2 2 2 2 2 2 2 2 2 2 2 2 2 2 2 2 2 2 2
left_child=32 2 13 6 5 9 24 8 -8 -5 12 -12 -6 17 19 20 -17 18 30 23 -16 -20 -21 -15 26 -26 -4 -3 -29 -9 -2 -19 34 35 41 37 45 53 40 -40 -39 43 -38 46 56 55 54 -48 49 -37 51 52 -35 -34 -1 -36 -44 58 59 -52 -59 -62
right_child=1 27 3 4 10 -7 7 29 -10 -11 11 -13 -14 14 15 16 -18 31 21 22 -22 -23 -24 -25 25 -27 -28 28 -30 -31 -32 -33 33 50 36 48 42 38 39 -41 -42 -43 44 -45 -46 -47 47 -49 -50 -51 57 -53 -54 -55 -56 -57 -58 60 -60 -61 61 -63
leaf_value=-0.18896791249886391 -0.016747322580938029 0.11931203848409098 0.022366992280200296 -0.30597866407771779 0.071215281637958941 -1.7064322798223366 -0.56860045119448677 0.10719956713096349 0.20714025252916138 -0.11236908940732304 -0.024918689723680033 -1.3965551484177894 -0.0089124794225597277 0.0030463638569461441 -0.43745162709030611 -0.060425039761545923 0.25109258346660968 -0.092838643633047016 0.25721421563569818 0.18199407238658855 -0.19476490902768209 -0.070376259256855186 0.010760984033289135 -0.12226249639548287 0.46367672493593376 0.048741026278439396 -0.42945698282494082 1.5646822065855135 -0.6954459684379799 -0.14913885074659847 0.13401665234823454 -1.1747918224542915 0.46689538370468253 0.078850645817431092 -0.87696560893287667 0.21903430005439103 0.90163650245928229 -0.36681078290835567 0.18037924205668629 -0.92993052312448798 0.08637954267897073 -0.72761950792591645 0.69044146547724417 0.22593722241408473 -0.13079378359443297 0.41301413716087138 0.13894475265775252 -0.21283852949861137 -0.75615034203586884 1.099548861032537 -0.52290357991375902 0.9408608792564529 -0.58992255265023619 -0.14253397462314191 0.36931912254215721 -0.020619315374987936 -0.77112622505717787 0.01824992129552001 -0.22753804767114671 0.076667877365709111 -0.12837734054632383 0.14726582017550724
leaf_weight=341 2378 1367 55 120 1723 38 491 850 428 668 2586 68 3960 1711 310 1437 154 50 300 395 1151 136 1006 3084 541 3505 45 111 25 177 587 56 72 24 20 42 161 400 194 59 72 97 88 433 41 88 322 564 22 48 53 89 20 234 831 39 31 2819 86 163 46 101
leaf_count=341 2378 1367 55 120 1723 38 491 850 428 668 2586 68 3960 1711 310 1437 154 50 300 395 1151 136 1006 3084 541 3505 45 111 25 177 587 56 72 24 20 42 161 400 194 59 72 97 88 433 41 88 322 564 22 48 53 89 20 234 831 39 31 2819 86 163 46 101
internal_value=-4.7823e-05 -0.00018035 -0.000248099 4.42391e-05 -0.000379118 -0.00325694 0.000689089 -0.000769625 -0.00317245 -0.00252845 -8.69305e-05 -0.00107264 0.000364931 -0.000601583 -0.00091882 -0.00194763 -0.000297992 0.000220798 0.000433314 -0.000403291 -0.0037056 0.00353075 0.00112179 -0.000859733 0.00138588 0.00151889 -0.00339806 0.00104582 0.00503597 0.00133495 -8.42318e-06 -0.0059633 0.00045974 2.19925e-05 0.00109513 -0.00198517 0.00424628 -0.00268375 -0.00394918 -0.000292969 -0.00578947 0.000501737 0.00625 0.000751804 0.00245399 0 0.000194081 -0.00106862 0.00391304 0.00645161 0.000712397 0.00496324 -0.00212766 0.000161812 0.00119149 -0.00524194 0.00512295 0.000519719 -0.00196721 0 0.000791512 0.00483333
internal_weight=37113 29513 28010 15255 9163 826 6092 1946 919 788 8337 2654 5683 12755 9248 3052 1591 3507 3401 6196 1461 436 1401 4795 4146 4046 100 1503 136 1027 2965 106 7600 4544 3056 1143 468 1031 725 253 472 2588 321 2491 160 147 2058 886 112 90 3401 133 44 306 1172 59 119 3268 302 216 2966 147
internal_count=37113 29513 28010 15255 9163 826 6092 1946 919 788 8337 2654 5683 12755 9248 3052 1591 3507 3401 6196 1461 436 1401 4795 4146 4046 100 1503 136 1027 2965 106 7600 4544 3056 1143 468 1031 725 253 472 2588 321 2491 160 147 2058 886 112 90 3401 133 44 306 1172 59 119 3268 302 216 2966 147
cat_boundaries=0 1 2
cat_threshold=48 1
is_linear=0
shrinkage=0.05


Tree=116
num_leaves=63
num_cat=24
split_feature=15 21 1 2 20 11 20 2 10 2 0 2 21 15 1 1 2 19 20 1 17 1 19 20 2 1 17 19 17 10 1 10 8 2 2 20 20 8 20 15 4 11 1 2 2 1 2 21 8 21 2 10 16 11 11 1 10 20 8 19 21 16
split_gain=1.23244 3.51401 2.01508 1.72801 2.41147 1.32747 1.28003 2.08966 1.66924 1.63238 1.24366 5.7058 9.77929 5.2335 4.62193 3.09324 3.04791 3.72516 3.00727 2.59616 2.39571 2.39046 2.30679 2.00002 1.93537 3.95025 2.7184 2.06833 3.11686 2.80283 2.45524 2.48696 1.91792 2.84506 1.90359 1.768 2.58429 1.6932 1.61482 1.51177 1.51112 3.78149 1.8266 1.82518 1.81402 1.75127 1.83368 1.46788 1.46549 1.45888 1.41119 1.59694 1.42962 1.39927 1.35523 1.30636 1.25272 1.2143 1.24018 1.1756 1.15412 1.14209
threshold=9.5000000000000018 46.775000000000006 0 1 21.500000000000004 3356.6150000000002 24.500000000000004 2 1618.2250000000001 3 4 5 49.020833333333336 1.5000000000000002 6 7 8 778.84500000000003 61.500000000000007 9 2.0381009370404719 10 365.7999999999999 8.5000000000000018 11 12 1.2012484113443633 1120.8550000000002 0.80003257221576585 1061.0500000000002 13 494.15500000000009 934.86000000000013 14 15 174.50000000000003 42.500000000000007 402.58500000000009 1.0000000180025095e-35 7.5000000000000009 16 7922.5900000000011 17 18 19 20 21 309.75000000000006 299.99500000000006 72.70714285714287 22 752.47000000000014 0.85701673611503615 911.79500000000019 2175.9700000000007 23 1277.345 32.500000000000007 832.73500000000013 3699.4950000000003 101.90454545454547 1.0080916135409423
decision_type=2 2 9 1 2 2 2 1 2 1 1 1 2 2 9 9 1 2 2 9 2 9 2 2 1 9 2 2 2 2 9 2 2 1 1 2 2 2 2 2 9 2 9 1 1 9 1 2 2 2 1 2 2 2 2 9 2 2 2 2 2 2
left_child=10 2 3 5 -5 -2 7 8 -4 -8 19 12 13 38 32 20 21 18 -18 40 48 22 -16 -23 25 26 39 28 34 -30 31 -29 -13 -34 -26 36 -15 -19 -12 -21 41 42 44 -44 -1 46 56 -32 -14 -48 52 -52 -47 59 -28 -55 -42 58 -11 -27 -22 -59
right_child=1 -3 6 4 -6 -7 9 -9 -10 57 11 14 15 35 16 -17 17 37 -20 24 60 23 -24 -25 27 53 54 30 29 -31 47 -33 33 -35 -36 -37 -38 -39 -40 -41 45 -43 43 -45 -46 50 49 -49 -50 -51 51 -53 -54 55 -56 -57 -58 61 -60 -61 -62 -63
leaf_value=0.14969436730490779 -0.11737814922067571 -0.31016464624193357 -0.022196984216095218 0.025645536452876885 -0.15029447706555424 0.030767504503826083 0.083686676601224808 -0.060876344772168613 0.10209751900448705 0.087800740678516939 -4.1824588606347479 0.29054988034250701 -0.22792801709307753 -0.45761113726618136 0.25813224449585803 -0.29998061437409335 -0.11678574213098472 -0.46165100688243454 0.0013514328310076707 0.029750077882548711 -0.82984123089909945 0.85170124951317172 -0.23473474789551574 -0.032507521466818012 -0.027271759334307078 0.35422078071922841 0.36364297978110227 0.3932434101891758 0.21112940878260533 0.0075159477524479714 -0.137907603615923 -0.030648374112590915 -0.46370366240993666 0.285226297985748 -0.42943060417300605 0.1024095035453314 -2.1239934058151668 -1.0870107881654663 2.7681206199557753 -0.36378416749679127 -0.22112523669656137 0.50296718828062414 -0.067574135371892302 -0.33594876659458617 -0.18958498977183247 0.62612561848906667 0.19574345693311984 0.94497275712510886 0.63272294970907983 0.014764981499070018 -0.40101536979254038 0.06606843962333997 -0.26072362172408109 0.036706389802967719 0.39671975773961954 -0.063067325139918043 0.11314996111571461 -0.060783577482087917 -0.010384289431963546 -0.142742814459446 2.5064645262036982 0.081890478103473191
leaf_weight=414 51 84 28 175 263 394 280 258 94 145 35 1392 24 170 557 399 1161 258 2130 375 36 121 132 2192 281 967 617 365 1787 5012 3487 914 101 120 235 20 179 180 81 32 196 35 910 933 377 52 745 129 149 905 247 774 726 2985 414 1407 141 160 64 44 22 152
leaf_count=414 51 84 28 175 263 394 280 258 94 145 35 1392 24 170 557 399 1161 258 2130 375 36 121 132 2192 281 967 617 365 1787 5012 3487 914 101 120 235 20 179 180 81 32 196 35 910 933 377 52 745 129 149 905 247 774 726 2985 414 1407 141 160 64 44 22 152
internal_value=-2.08805e-05 0.00113901 0.00157233 -0.000195313 -0.00243902 0.00191048 0.00291039 0.000391645 0.00555556 0.00407338 -9.36571e-05 -0.000583915 -0.00392287 -0.00927254 -0.000125643 7.89889e-05 -0.000708037 -0.00166355 -0.00107013 8.62441e-05 0.00461066 0.000464345 0.00302707 -0.000290198 0.000381609 0.00105413 0.00337698 0 0.000536349 0.000826963 -0.000791139 0.00106424 0.00226015 -0.00189732 -0.00317919 -0.012164 -0.0129972 -0.00600907 0 0 -0.000776902 -0.00168717 -0.00193402 -0.00278825 3.10945e-05 -0.000118452 0.0008875 -0.00146046 0.0078125 0.00159351 -0.00125552 0 -0.0028445 0.000420052 0.00476306 2.27531e-05 -0.00235714 0.00210674 0.00507075 0.00209566 -0.00327869 0
internal_weight=37113 2148 2064 883 438 445 1181 380 122 801 34965 9459 1115 485 8344 630 6731 3729 3291 25506 231 3002 689 2313 19051 6841 1438 12210 7315 6799 4895 1279 1613 221 516 369 349 438 116 407 6455 2669 2634 1843 791 3786 1987 3616 173 1650 1799 1021 778 5403 1031 4392 337 521 209 1011 58 312
internal_count=37113 2148 2064 883 438 445 1181 380 122 801 34965 9459 1115 485 8344 630 6731 3729 3291 25506 231 3002 689 2313 19051 6841 1438 12210 7315 6799 4895 1279 1613 221 516 369 349 438 116 407 6455 2669 2634 1843 791 3786 1987 3616 173 1650 1799 1021 778 5403 1031 4392 337 521 209 1011 58 312
cat_boundaries=0 2 3 4 5 6 7 9 11 12 14 16 17 19 21 22 23 24 26 27 28 30 31 32 34
cat_threshold=2148565197 82689 2488 3593 354 1 256 2155955220 442401 565384 21120 716 2158167100 840960 73667112 65560 804 1280323841 204890 33555008 1049149 709 3090 12 131092 557056 938 839 2147483656 283648 1096 852 536871552 161
is_linear=0
shrinkage=0.05


Tree=117
num_leaves=63
num_cat=0
split_feature=15 22 19 21 20 8 7 10 21 16 9 8 22 22 20 10 16 5 9 5 22 11 8 7 8 21 19 10 5 9 11 10 11 20 7 23 7 23 21 21 22 7 8 21 22 22 22 5 22 22 5 17 23 19 21 10 5 5 8 20 21 10
split_gain=1.12926 2.37355 3.63173 2.47605 2.35255 2.34344 2.18384 1.94296 2.2417 2.13325 2.01583 1.91355 1.64998 2.0798 2.44023 1.60143 1.66391 1.51329 2.38357 1.67357 1.49889 2.19763 2.17036 1.92912 1.92518 1.9103 1.88329 1.80262 1.6361 1.42535 1.40908 2.13495 2.07649 2.13242 2.12218 1.84854 1.65148 1.58722 1.56756 1.36702 1.41406 1.35519 1.47598 1.55616 1.34166 1.32757 1.90226 1.59231 1.98212 1.52881 1.28248 1.25885 2.27746 1.3544 1.25767 1.21328 1.16883 1.16238 1.14805 1.14079 2.28585 1.1291
threshold=5.5000000000000009 34.525554142525102 369.44 18.514583333333338 74.500000000000014 384.08500000000009 719.94500000000016 2755.2050000000004 68.193750000000009 1.4996182460148617 1342.6350000000002 2074.3750000000005 36.356070722020547 47.698008332645799 67.500000000000014 393.38000000000005 0.51850527987030537 255.50000000000003 2299.2250000000008 318.50000000000006 39.83172928819053 2517.9350000000004 686.88000000000011 -1.0000000180025095e-35 -1.0000000180025095e-35 21.357142857142858 1272.1200000000001 1080.6650000000004 286.50000000000006 290.89000000000004 6224.1100000000015 2784.1700000000005 5445.550000000002 22.500000000000004 596.55000000000007 7.5000000000000009 688.1350000000001 46.500000000000007 26.017241379310349 65.083916083916094 36.892152981655187 302.46000000000009 1.0000000180025095e-35 49.020833333333336 43.13447962361704 78.430436043222343 29.176025665915461 314.50000000000006 108.28800317254432 6.0964317284530036 322.50000000000006 0.87814269290485947 10.500000000000002 2320.5450000000005 74.348484848484858 2156.1500000000001 195.50000000000003 338.50000000000006 648.63000000000011 113.50000000000001 172.10000000000002 3519.8000000000006
decision_type=2 2 2 2 2 2 2 2 2 2 2 2 2 2 2 2 2 2 2 2 2 2 2 2 2 2 2 2 2 2 2 2 2 2 2 2 2 2 2 2 2 2 2 2 2 2 2 2 2 2 2 2 2 2 2 2 2 2 2 2 2 2
left_child=7 3 5 6 29 15 -2 10 9 -9 20 -11 -7 50 -15 -3 -17 54 -19 -20 21 23 27 25 -25 -1 -24 -22 -28 56 32 -32 33 37 61 36 -33 -5 -35 40 -31 42 -12 -44 -29 46 49 48 -47 -43 -14 52 -23 -53 -10 -48 -4 -37 -41 -56 -61 -34
right_child=1 2 4 30 -6 12 -8 8 17 11 41 -13 13 14 -16 16 -18 18 19 -21 22 51 26 24 -26 -27 28 44 -30 39 31 35 34 38 -36 57 -38 -39 -40 58 -42 45 43 -45 -46 47 55 -49 -50 -51 -52 53 -54 -55 59 -57 -58 -59 -60 60 -62 -63
leaf_value=-0.40378837572711324 -0.30370300510454568 0.77045038270925503 -0.21793698384147506 -0.086968332399442266 0.60527561233079119 -0.26342862227797109 0.080833165588785783 0.0062637151999675568 0.33054240206093016 -0.376477688664275 -0.42566815367133659 -0.016091722388543062 0.036507996829532985 -0.34291569509702491 0.5355205643401959 0.10548186532849507 -0.46528522320324622 -0.28933064775213779 -0.26283428939455827 1.1332557595855413 0.022555404018120132 0.11003051896204533 0.26743277289812822 1.5938865682849011 -0.014424746469452288 -2.2331846375475251 0.038983863877454186 0.098305256210493755 -0.85403995249831155 0.24212830846746983 -0.23726897488517038 -0.65256190984734141 0.04504327631894061 -0.10943483012498163 0.21977732975158393 0.0055103155500638937 -0.054215301226327034 0.21610070737044113 0.041671666343296027 0.35454285069025676 -0.43096037897340161 0.07648451365673524 0.25918873985119062 0.94355171765712109 -0.16448868351577917 -0.35324185342749531 0.12686599106304969 -2.5656489828367803 1.0951841711007562 -0.086746414374231764 0.44977821531579498 -0.13841476935021149 -0.1679167926680819 0.69707357527910718 -0.038507244343735897 0.35905219528029875 0.68013162771959623 0.07650763440904261 -0.90872888034219512 0.50408966171113156 -0.52889677785585432 -0.11169796135849462
leaf_weight=111 60 24 30 651 82 107 40 204 76 409 32 136 317 167 56 35 222 193 46 47 3541 388 1989 52 14321 73 267 171 73 30 86 35 211 128 274 1155 181 25 3890 109 63 1430 47 86 1183 137 496 34 108 479 42 1711 109 40 417 314 30 80 30 148 55 30
leaf_count=111 60 24 30 651 82 107 40 204 76 409 32 136 317 167 56 35 222 193 46 47 3541 388 1989 52 14321 73 267 171 73 30 86 35 211 128 274 1155 181 25 3890 109 63 1430 47 86 1183 137 496 34 108 479 42 1711 109 40 417 314 30 80 30 148 55 30
internal_value=-5.86001e-05 0.000457708 -0.00144766 0.000839539 0.00265252 -0.00308325 -0.00679612 -0.000206562 -0.00183103 -0.00388963 -0.000101122 -0.00552007 -0.00140896 -0.00025641 -0.00409292 -0.00695423 -0.00817308 -0.000203046 -0.0032872 0.00286458 -0.00025903 -0.000519098 0.000339007 -0.000290179 -0.000220854 -0.00534759 0.00159734 -0.000250102 -0.00174927 0.000338983 0.000963106 -0.000340909 0.00135744 0.00101128 0.00439189 8.59697e-05 -0.00410959 -0.00154639 0.00145486 -0.0012766 -0.00598958 0.00108181 0.00550595 0.00790441 -0.00180545 0.000816395 0.00116642 -0.00239362 -0.000705645 0.000274582 0.00200276 -0.0019769 0.00015 -0.00260832 0.00100143 0.00319803 0.00714286 0.000868336 0.00158451 0.000160514 0.0032767 0.000717213
internal_weight=37113 8190 1344 6846 374 970 100 28923 1731 749 27192 545 689 582 223 281 257 982 286 93 24029 16805 7224 14557 14373 184 2329 4895 340 292 6746 1537 5209 4694 515 1451 216 676 4018 232 93 3163 165 133 1354 2998 2719 279 245 1909 359 2248 497 1751 696 810 60 1235 139 620 203 241
internal_count=37113 8190 1344 6846 374 970 100 28923 1731 749 27192 545 689 582 223 281 257 982 286 93 24029 16805 7224 14557 14373 184 2329 4895 340 292 6746 1537 5209 4694 515 1451 216 676 4018 232 93 3163 165 133 1354 2998 2719 279 245 1909 359 2248 497 1751 696 810 60 1235 139 620 203 241
is_linear=0
shrinkage=0.05


Tree=118
num_leaves=63
num_cat=18
split_feature=5 5 1 1 17 11 20 5 19 20 6 9 11 1 20 9 9 19 1 1 11 11 1 2 2 7 2 1 10 10 10 23 1 18 1 1 20 9 5 1 17 10 2 0 19 18 1 20 23 17 8 7 10 5 11 6 10 19 7 0 5 11
split_gain=0.89498 1.72518 3.85531 1.70072 1.91746 1.95232 2.06171 1.91191 1.69479 1.46566 1.39795 1.25242 1.40476 1.52445 1.15 1.41581 1.83536 1.27306 1.20796 1.06289 2.33178 2.62629 4.39334 2.28835 2.12737 1.83364 1.78291 3.52051 2.56474 2.07778 2.20173 2.20251 1.97101 1.64883 1.85626 1.80843 1.63278 1.63258 1.86647 1.62254 1.86193 1.54867 1.46377 2.4211 2.0914 1.35307 1.30847 1.11096 0.999162 0.997778 0.988954 0.972422 0.935664 0.900408 0.888997 0.78827 0.696877 0.677579 0.660949 0.702679 0.660595 0.65409
threshold=353.50000000000006 325.50000000000006 0 1 1.346441026743548 3294.0250000000005 143.50000000000003 356.50000000000006 319.28999999999979 47.500000000000007 6744.7200000000003 378.31000000000017 1188.9400000000003 2 295.50000000000006 447.3250000000001 567.2800000000002 1272.1200000000001 3 4 5255.9250000000002 3639.9400000000005 5 6 7 720.80000000000018 8 9 2525.7050000000008 720.6600000000002 2784.1700000000005 21.500000000000004 10 0.40170866826155832 11 12 34.500000000000007 358.73000000000008 34.500000000000007 13 0.92305466608672282 3380.1700000000005 14 15 899.20500000000004 0.36548149740874863 16 105.50000000000001 1.5000000000000002 3.518417933307038e-05 1600.6800000000003 550.99500000000012 648.16500000000008 348.50000000000006 1303.5750000000003 2012.74 2938.6500000000005 1280.8950000000002 905.59000000000003 17 328.50000000000006 992.05500000000018
decision_type=2 2 9 9 2 2 2 2 2 2 2 2 2 9 2 2 2 2 9 9 2 2 9 1 1 2 1 9 2 2 2 2 9 2 9 9 2 2 2 9 2 2 1 1 2 2 9 2 2 2 2 2 2 2 2 2 2 2 2 1 2 2
left_child=1 19 10 7 8 6 54 9 -5 -2 11 49 -13 -14 15 53 17 -17 -18 20 21 42 24 39 -23 56 27 28 45 33 32 -32 -31 34 -28 -35 -24 38 -29 40 -22 -27 43 -1 -44 -21 -39 -41 61 60 -30 -16 -51 55 -6 -4 -25 -10 59 -11 -3 -8
right_child=3 2 14 4 5 -7 48 -9 57 58 -12 12 13 -15 51 16 18 -19 -20 26 23 22 36 25 -26 41 29 37 50 30 31 -33 -34 35 -36 -37 -38 46 -40 47 -42 -43 44 -45 -46 -47 -48 -49 -50 52 -52 -53 -54 -55 -56 -57 -58 -59 -60 -61 -62 -63
leaf_value=0.1200447602949339 0.74018131326686198 0.1473044918716255 0.10594855167927762 -0.49980022565248811 -0.38346914476972532 0.2193425684859916 2.0807406610084271 0.7341563549091199 0.35889485384782066 -1.0203154179553107 -0.14479581438736214 1.4996668697621709 0.15348028297222813 0.40124289635314486 3.4811949543124627 1.0516902866576705 -0.10585869113769669 -0.41805004540549562 0.021581113630060503 0.041886683879723385 -0.23759680415253276 -0.14074412697968822 -0.14891171497913569 -0.31909748053501552 0.53752868276043864 0.3505420011282997 0.19402637035612785 -0.33173692237405245 -0.058511856376595978 0.063083008707439353 -0.088760051968363743 0.045019553882342224 -0.011612316739651974 -0.084647059492975532 -0.15240461747156023 -0.31060526779398751 -0.085955949572295159 0.15731176951157552 0.29974844915313387 0.10391022903554906 0.054266777970767781 -0.0099047060433175467 0.022848424187584728 -0.042179461969939429 -0.079820738009158995 -0.53969413994097981 0.013016498093323215 -0.27428516185737273 1.0233587885930462 0.044453798247215209 0.13184879820319903 -0.49148848260182237 -0.2071011899458835 -0.74624560332158874 -0.71009357750495428 -0.3912979963218014 -0.098609125617681315 -0.12302967693436298 0.56541770784795709 -0.069623068372219168 3.5249468700969473 -0.9051113564012816
leaf_weight=3217 22 47 111 117 38 66 28 69 39 32 39 154 513 312 59 76 342 26 585 70 72 114 426 63 154 112 398 38 83 1111 1333 250 6358 773 1174 681 1372 327 316 463 232 296 6032 1468 4541 275 1762 42 37 146 46 50 49 33 76 176 124 42 20 21 25 40
leaf_count=3217 22 47 111 117 38 66 28 69 39 32 39 154 513 312 59 76 342 26 585 70 72 114 426 63 154 112 398 38 83 1111 1333 250 6358 773 1174 681 1372 327 316 463 232 296 6032 1468 4541 275 1762 42 37 146 46 50 49 33 76 176 124 42 20 21 25 40
internal_value=-4.51288e-05 -1.09682e-05 0.00119264 -0.00188462 -0.00337702 -0.000607639 -0.00304054 0.00225989 -0.00721393 -0.00178571 0.00317797 0.00352282 0.00435336 0.00341184 -0.000543848 -0.00098003 -2.42248e-05 0.00619048 -0.00077957 -0.000110449 0.000138733 -1.7314e-05 -0.00169164 0.00209666 0.00409253 -0.000205592 -0.000424773 0.000674061 -0.00318275 -0.000694732 -0.000309221 -0.00200189 4.34957e-05 -0.00183229 -0.000666667 -0.00305422 -0.00259525 0.00145562 0.00462185 0.0038017 0.000630915 0.00158151 0.000206408 0.00094189 -0.000115719 -0.00553161 0.000896272 0.00555019 0.00162037 0.000277778 0.00246212 0.00424107 -0.00138889 -0.00386997 -0.00769231 -0.00267241 -0.00434211 -0.000892857 -0.00559211 -0.00848214 0.00533333 -0.00140845
internal_weight=37113 36466 2743 647 483 285 219 164 198 95 1285 1246 979 825 1458 1349 1029 102 927 33723 18728 17324 2066 1404 268 595 14995 2917 474 12078 9052 1583 7469 3026 1572 1454 1798 2443 354 809 304 408 15258 4685 10573 345 2089 505 105 267 129 109 195 320 114 287 187 81 73 53 72 68
internal_count=37113 36466 2743 647 483 285 219 164 198 95 1285 1246 979 825 1458 1349 1029 102 927 33723 18728 17324 2066 1404 268 595 14995 2917 474 12078 9052 1583 7469 3026 1572 1454 1798 2443 354 809 304 408 15258 4685 10573 345 2089 505 105 267 129 109 195 320 114 287 187 81 73 53 72 68
cat_boundaries=0 2 4 6 8 10 12 13 14 15 17 19 21 23 25 26 27 29 30
cat_threshold=212341655 1119873 2149613696 512 67637633 1153 2198995040 278576 4112237833 442550 67257344 32786 741 404 18 140509792 73728 12320 73736 39845958 66560 35651728 4105 524297 295040 800 1 8650752 530688 1
is_linear=0
shrinkage=0.05


Tree=119
num_leaves=63
num_cat=23
split_feature=4 1 1 22 8 2 8 2 17 2 1 1 8 10 1 2 1 9 1 10 10 21 14 23 6 1 17 4 9 1 8 8 20 10 1 8 2 9 22 20 1 21 21 1 10 10 21 1 19 2 20 8 23 9 1 19 1 21 8 8 22 20
split_gain=0.98421 2.19638 1.64355 3.69469 1.72583 1.91313 2.14975 1.36253 1.32887 1.29912 3.93738 3.3969 2.08397 2.56176 3.61963 2.67093 2.30593 2.97086 1.89117 1.72043 1.66327 1.56391 1.45331 1.42153 1.37819 1.36829 1.34327 1.30826 3.52533 1.98254 1.58507 1.394 1.30184 1.27646 1.40959 2.68769 1.77835 1.21875 1.21173 1.8724 1.56158 3.03641 2.49822 1.56492 1.4703 2.33957 1.38943 1.44193 1.22705 1.19787 1.18974 1.15753 1.13709 1.12984 2.57353 2.5882 1.8069 1.28556 1.20336 1.12368 1.09641 1.09492
threshold=0 1 2 10.624763711443919 85.330000000000013 3 643.44500000000005 4 1.2822047976870385 5 6 7 1159.365 2400.3700000000003 8 9 10 1152.7900000000002 11 2510.8450000000007 3664.0200000000004 26.017241379310349 4.5000000000000009 21.500000000000004 1734.8500000000001 12 0.7308617252099967 13 342.00500000000005 14 1096.1400000000003 352.87500000000006 293.50000000000006 442.93000000000006 15 278.72500000000008 16 576.45500000000015 11.90946817891777 335.50000000000006 17 72.70714285714287 212.70833333333334 18 1167.1200000000001 2755.2050000000004 22.509259259259263 19 1552.8600000000001 20 95.500000000000014 1102.7050000000002 21.500000000000004 1107.1150000000002 21 2942.0050000000006 22 112.05555555555557 283.74500000000006 410.33500000000009 34.525554142525102 75.500000000000014
decision_type=9 9 9 2 2 1 2 1 2 1 9 9 2 2 9 1 9 2 9 2 2 2 2 2 2 9 2 9 2 9 2 2 2 2 9 2 1 2 2 2 9 2 2 9 2 2 2 9 2 1 2 2 2 2 9 2 9 2 2 2 2 2
left_child=1 7 3 37 -5 6 -6 -1 -7 10 27 32 13 16 15 -15 17 -13 20 -20 24 -22 -18 -21 -14 26 -12 28 50 60 -29 -31 33 49 36 -36 -35 -3 40 46 44 43 -43 -42 48 -46 -40 -48 -4 -11 -2 -16 -28 56 58 -56 57 -27 -55 -39 -30 -32
right_child=9 2 38 4 5 8 -8 -9 -10 11 25 12 18 14 51 -17 22 -19 19 23 21 -23 -24 -25 -26 53 52 30 29 31 61 -33 -34 34 35 -37 -38 59 39 -41 41 42 -44 -45 45 -47 47 -49 -50 -51 -52 -53 -54 54 55 -57 -58 -59 -60 -61 -62 -63
leaf_value=0.052195818232998549 -0.19962979645930795 -1.1863052673688246 0.3762604464576853 0.95994499371129194 -0.57125439069381734 -0.044454566383702515 0.039737526769435053 0.6325565955425404 0.28062306623372368 -0.73698328901156041 0.22411532787549984 -0.22241239754090503 0.17690069327825686 0.084724352531666547 -0.15990685841678048 -0.14088612181372612 -0.0043916113887480183 0.25276822898121626 0.38430773367590237 -0.010667659714802014 -0.14356798212536576 0.11216161066560595 -0.3985553463261779 0.14804819584920673 -0.29746298226862111 0.0047247589195816182 -0.30127515062105914 0.067205775572565338 -0.021572618586289141 -0.28086570064962973 0.048421275688244773 0.18352798994871389 1.1568494029657601 0.30093925962496898 0.23906369346979961 0.0023692878836528487 0.056809584543709594 0.29236416693503031 -0.22933225407345628 -1.6692212724485047 -0.044965891681553675 0.86274164003733211 0.28584977122774408 0.22191162583404173 -0.36502865543154289 0.068741154811514701 0.1194433279010938 -0.0037179709981959522 -0.4640320310329184 -0.0041499543503675795 -1.6410590992611027 -0.6571585263823625 0.02319256634712712 0.12402685504269116 0.15998524552202104 -0.36836891086789936 -0.31339889884799566 -0.34154709178538667 -0.13483062595554146 -0.31208663720150587 -0.36301517479783724 -0.1954936533160222
leaf_weight=116 32 105 425 40 53 148 49 159 220 101 43 871 34 297 630 292 10507 120 871 800 48 103 35 75 353 1206 546 2956 411 27 248 212 373 291 256 2560 1127 32 53 83 666 272 172 443 290 79 678 3034 174 385 49 46 21 25 622 26 971 597 966 209 170 310
leaf_count=116 32 105 425 40 53 148 49 159 220 101 43 871 34 297 630 292 10507 120 871 800 48 103 35 75 353 1206 546 2956 411 27 248 212 373 291 256 2560 1127 32 53 83 666 272 172 443 290 79 678 3034 174 385 49 46 21 25 622 26 971 597 966 209 170 310
internal_value=-3.03104e-05 0.000479169 0.000300497 -0.00172612 0.000877193 0 -0.00565217 0.00477431 0.00170604 -0.000161176 -0.000645434 6.31563e-05 -0.000311361 -0.000562456 -0.0027011 0.000124585 -0.000322902 -0.00261454 0.00107127 0.00187607 -0.00145191 0.00275974 -9.94789e-05 0.000256264 -0.00326923 -0.00160346 -0.00385233 0.000434734 -0.00123085 -0.00018226 0.000878934 0.00347222 0.00117998 0.000942198 0.00122728 0.000547897 0.00251572 -0.00573066 0.000583673 1.29836e-05 0.00143621 0.0024106 0.00592841 0.000966727 -0.000101937 -0.00262097 0.00019241 0.000323015 0.00137043 -0.00143149 -0.0110119 -0.00515239 -0.00460526 -0.0012709 -0.000197929 0.00219365 -0.00189053 -0.000894824 -0.00181773 -0.00338115 -0.00180976 -0.00151515
internal_weight=37113 7500 7225 856 510 470 102 275 368 29613 9438 20175 15082 12798 1265 589 11533 991 2284 1746 538 151 10542 875 387 5023 610 4415 901 820 3514 239 5093 4720 4234 2816 1418 346 6369 3848 2521 1553 444 1109 968 369 3765 3712 599 486 81 676 567 4413 1639 648 2774 1803 991 241 581 558
internal_count=37113 7500 7225 856 510 470 102 275 368 29613 9438 20175 15082 12798 1265 589 11533 991 2284 1746 538 151 10542 875 387 5023 610 4415 901 820 3514 239 5093 4720 4234 2816 1418 346 6369 3848 2521 1553 444 1109 968 369 3765 3712 599 486 81 676 567 4413 1639 648 2774 1803 991 241 581 558
cat_boundaries=0 1 3 5 6 7 8 10 12 14 15 17 19 21 22 24 26 27 29 31 33 34 36 38
cat_threshold=16 74240 1180676 84049946 559360 644 2864 3137 4214374706 270896 1153532171 727243 538181744 294960 550 154419200 1057056 2449609312 263168 73728 1708097 1 587350018 528 1149272064 661505 10 2687762720 8248 8930432 266880 2150892577 12288 136 8652484 65920 8689348 65668
is_linear=0
shrinkage=0.05


Tree=120
num_leaves=59
num_cat=19
split_feature=15 21 1 11 10 18 2 17 1 2 2 2 9 1 1 6 9 11 10 1 1 9 10 9 0 21 2 1 21 1 12 4 1 8 10 17 21 21 18 17 21 15 1 11 10 10 1 6 8 21 4 10 17 17 21 18 8 15
split_gain=1.29575 2.47087 1.94611 2.00039 3.59202 2.13771 3.38755 1.58852 1.61135 1.9355 1.57262 1.43764 2.6353 3.20126 1.98965 1.94955 1.87083 1.74501 1.56242 3.64909 1.96301 1.8187 1.81484 1.3705 1.43317 2.51632 1.34271 2.08135 1.32369 1.28853 1.25186 1.2117 1.2038 1.16119 1.15395 1.30941 2.39477 1.23643 1.10813 1.5377 1.23318 3.61838 2.08795 1.00238 1.35494 0.859695 0.781851 1.65471 1.37959 0.74237 1.07017 0.637376 0.538126 0.818519 0.375035 0.400788 0.282178 0.0681412
threshold=4.5000000000000009 18.514583333333338 0 734.08500000000015 743.04500000000007 0.69797027001091572 1 4.178170899523134e-06 2 3 4 5 314.72500000000008 6 7 5279.9100000000008 255.06000000000003 3761.0750000000003 2569.5250000000005 8 9 1277.3550000000005 2166.4150000000004 1653.4050000000002 10 75.035714285714292 11 12 70.035714285714292 13 1.5000000000000002 14 15 1573.8300000000002 1.0000000180025095e-35 0.81627148153588047 90.816666666666677 215.70833333333334 0.27778077656626726 1.4934129165957402 59.029411764705891 6.5000000000000009 16 4019.2850000000003 1277.345 2686.9950000000003 17 2012.74 323.43500000000006 68.677083333333357 18 1464.8300000000002 2.2852341977612327 2.9873648046050696 126.06250000000001 0.41775436328695587 93.085000000000022 14.500000000000002
decision_type=2 2 9 2 2 2 1 2 9 1 1 1 2 9 9 2 2 2 2 9 9 2 2 2 1 2 1 9 2 9 2 9 9 2 2 2 2 2 2 2 2 2 9 2 2 2 9 2 2 2 9 2 2 2 2 2 2 2
left_child=7 30 3 56 46 6 -6 43 9 23 -7 18 13 31 15 -14 -15 -16 20 21 22 -20 -10 24 32 -26 27 49 -21 -22 57 -13 -9 45 54 36 -36 -37 39 -28 41 -40 -42 44 -1 -29 47 -5 -48 50 -4 -51 -25 -54 55 -11 -3 -2
right_child=1 2 26 4 5 10 -8 8 11 34 -12 12 14 16 17 -17 -18 -19 19 28 29 -23 -24 52 25 -27 38 33 -30 -31 -32 -33 -34 -35 35 37 -38 -39 40 -41 42 -43 -44 -45 -46 -47 48 -49 -50 51 -52 -53 53 -55 -56 -57 -58 -59
leaf_value=0.99621805992655088 -0.15489659400969896 0.37449432641881392 -0.017555576542768136 0.48182389701743844 0.2584411799797291 -0.065099264993962611 0.012449715723765209 0.14346994628862042 -0.15210328839291876 -0.55904750795855307 0.0035328215923620121 -1.0478157369534331 0.33927455330838652 0.32745137304140359 -0.011926287282379634 -0.5029532876768904 -0.5010177358490765 -0.14118582531579768 -0.80232775119930722 -0.41061792157589921 0.27576923774988132 0.36984003317114827 0.23914821438774361 -0.90751411910216717 -1.033910573187969 -0.037747202835755903 0.038155300593323282 0.086439641082605961 -0.10260333746196154 0.048733487394972033 0.010287967655224863 -0.32479272237689261 -0.1425014007906647 0.34720075387743282 -0.98481456371636245 0.0020966995590235627 0.1008370226452236 -0.16363064958497944 -0.12746934060190807 -0.54900649957334735 0.008657087707928569 0.041397617090501895 0.16351787180325525 0.75846509109887073 -0.79123147924779857 -0.067263049973250943 -0.30387308505122806 -0.29736216663761111 0.030605637300161172 0.2775936188291972 -0.2660948284433497 -0.25488052926019017 0.10497388374592882 -0.66643184153989454 2.2693135636755444 1.3329481822763136 0.65472264455677309 -0.28305292363862317
leaf_weight=28 52 30 116 57 271 994 637 230 1493 34 4345 230 648 366 8171 30 176 660 28 194 408 227 136 48 150 177 34 222 257 7751 39 461 567 23 86 2455 117 294 591 28 570 1710 966 27 32 92 274 98 39 43 175 42 24 27 41 20 47 25
leaf_count=28 52 30 116 57 271 994 637 230 1493 34 4345 230 648 366 8171 30 176 660 28 194 408 227 136 48 150 177 34 222 257 7751 39 461 567 23 86 2455 117 294 591 28 570 1710 966 27 32 92 274 98 39 43 175 42 24 27 41 20 47 25
internal_value=-2.22276e-05 0.000416558 0.00049531 -3.67377e-05 -0.00013769 0.000172 0.00241493 -0.000221714 -0.000246972 -0.00113238 -0.000201235 -6.58855e-05 -0.000474198 -0.00264968 -0.000186606 0.00238784 0.00018018 -0.000392922 0.000347387 -0.00190409 0.00051578 0.00270522 -0.00105055 -0.00281149 -0.00226264 -0.00507576 0.00128649 -0.00065427 -0.00457974 0.000835169 -0.00672269 -0.00486506 -0.00103125 0.00207143 -0.000433007 -0.000626058 -0.00449029 -0.000317951 0.00165516 -0.00461538 0.00177734 0.00100911 0.00289149 0.00638889 0.0015873 0.0011041 -0.00435244 -0.000744048 -0.00575153 -0.00321337 -0.0045068 0.000284091 -0.00857843 -0.00324074 0.00484694 0.000877193 0.0078125 -0.0103125
internal_weight=37113 11520 11404 6792 6715 6247 908 25593 25506 4270 5339 21236 10742 1233 9509 678 542 8831 10494 706 9788 255 1629 1223 1124 327 4612 713 451 8159 116 691 797 337 3047 2952 203 2749 3899 62 3837 2301 1536 87 60 314 468 155 313 376 291 85 99 51 95 54 77 77
internal_count=37113 11520 11404 6792 6715 6247 908 25593 25506 4270 5339 21236 10742 1233 9509 678 542 8831 10494 706 9788 255 1629 1223 1124 327 4612 713 451 8159 116 691 797 337 3047 2952 203 2749 3899 62 3837 2301 1536 87 60 314 468 155 313 376 291 85 99 51 95 54 77 77
cat_boundaries=0 2 3 5 6 7 8 10 12 14 16 17 18 20 22 23 25 27 28 29
cat_threshold=1884624524 639778 3588 35811682 1056080 1289 1154 938 605029012 262149 1410335232 8236 262684 65666 286523928 73768 1 640 2183790594 266368 1208058880 655360 3 33566720 1050624 92831792 401428 536871936 20
is_linear=0
shrinkage=0.05


Tree=121
num_leaves=63
num_cat=3
split_feature=15 6 0 23 21 21 6 23 6 17 19 21 9 21 4 17 10 20 22 20 19 9 7 10 9 10 17 20 5 5 20 20 20 22 20 7 5 10 23 4 15 21 20 20 17 23 22 7 7 23 8 22 17 20 7 21 15 21 23 23 20 10
split_gain=1.2906 2.40159 2.55673 3.30955 4.85357 2.76947 2.71594 2.64355 2.05482 1.89267 3.15837 1.7151 1.66505 1.61513 3.36764 2.05547 2.67125 2.44032 1.66041 2.1016 1.60534 1.50531 2.57437 1.87426 1.48642 1.44217 2.22175 1.6807 1.41464 4.76092 6.30839 1.88488 1.40593 1.77782 1.38528 1.93666 1.43046 1.38288 1.29913 1.27308 2.11565 1.99529 2.39836 1.76979 1.76898 1.59654 2.48067 1.5174 2.41483 2.26546 2.6659 1.49856 1.44919 2.20162 1.36508 1.36308 1.3161 2.10318 1.49796 1.31023 1.29166 1.92268
threshold=2.5000000000000004 4168.3500000000013 0 2.5000000000000004 127.08333333333336 250.58333333333334 1376.8900000000001 4.5000000000000009 2012.74 2.1158028339427752 888.44500000000005 345.16666666666669 604.49500000000012 149.3666666666667 1 1.580158512017922 818.06500000000017 96.500000000000014 42.796482193948059 112.50000000000001 478.77499999999981 557.24000000000012 1383.8450000000003 2253.4550000000004 1177.3650000000002 126.01000000000001 1.9393648833006294 136.50000000000003 180.50000000000003 150.50000000000003 193.50000000000003 77.500000000000014 136.50000000000003 85.561137976602112 35.500000000000007 384.06999999999999 215.50000000000003 763.44500000000016 3.5000000000000004 2 4.5000000000000009 103.29285714285716 49.500000000000007 26.500000000000004 0.44787137144516459 6.5000000000000009 36.892152981655187 60.600000000000009 183.86500000000004 18.500000000000004 -1.0000000180025095e-35 16.971901860199242 3.249355560219036 31.500000000000004 370.23500000000007 21.357142857142858 8.5000000000000018 104.05000000000001 24.500000000000004 20.500000000000004 118.50000000000001 452.25000000000006
decision_type=2 2 1 2 2 2 2 2 2 2 2 2 2 2 9 2 2 2 2 2 2 2 2 2 2 2 2 2 2 2 2 2 2 2 2 2 2 2 2 9 2 2 2 2 2 2 2 2 2 2 2 2 2 2 2 2 2 2 2 2 2 2
left_child=1 2 3 8 -5 7 28 -6 9 -1 -11 12 38 39 15 18 -17 20 -15 -20 -18 -3 23 -23 -7 27 -27 -10 29 -4 -31 -30 33 37 35 -35 -36 -16 -8 47 41 52 -43 45 -44 46 -42 49 56 50 -2 -52 -41 -54 -47 -50 57 -49 -58 -57 -45 -62
right_child=13 21 6 4 5 24 11 -9 25 10 -12 -13 -14 14 32 16 17 -19 19 -21 -22 22 -24 -25 -26 26 -28 -29 31 30 -32 -33 -34 34 36 -37 -38 -39 -40 40 43 42 44 60 -46 54 -48 48 55 -51 51 -53 53 -55 -56 59 58 -59 -60 -61 61 -63
leaf_value=0.00024196774777891507 -1.5946038864705998 -0.83192771688559619 -0.0072041441120404672 -1.0799250993947282 -0.2656338575418275 2.1499327756656008 -0.44910462297803805 0.39380726328565463 -1.093044102914789 2.251978798048428 0.57364977199685541 3.7126923829303764 -0.66282371045001764 -0.40689685591268587 -0.18148404188654227 1.6830435700169291 -0.0018912458429028334 1.3758630460216423 -0.56544039480347441 0.28105613890338005 -0.88060325941030337 -0.055747014189677202 -1.1779674276936107 0.34377575845622399 -0.14911288292323235 -0.19991380852037111 0.057757405709958576 0.80013514784419193 1.6232187941780225 -2.9671227861993077 0.65021904979802803 -0.012049114676607076 0.6045298923940976 3.906097393536156 -1.1080195982120473 -1.8686950428813569 1.0229895414831092 0.68557204274487238 0.56347818549932072 -0.1217491498122044 -0.28827577879704641 -0.58367944086134649 -0.77818828931906092 0.021608332724466984 0.048924201510575929 -0.076405920822231105 0.56647577887930112 -0.29062303393963979 -0.12201077387123066 -0.16085768342280007 -0.019662069297291043 0.30336248964572476 -0.069792385237989057 0.29801486172976049 0.022529546593421657 0.016664240951909905 0.028004424318239175 0.15278033752410849 -0.065305889580581408 0.03602506421464078 0.66141130122010172 -0.31519593833903381
leaf_weight=441 21 159 945 303 913 114 466 291 72 235 406 34 569 265 145 105 111 72 96 184 68 405 133 46 37 1095 5696 245 209 108 51 577 553 34 136 37 47 461 99 3111 247 245 68 5392 2141 440 85 404 174 60 94 375 119 147 466 6595 121 84 50 453 22 236
leaf_count=441 21 159 945 303 913 114 466 291 72 235 406 34 569 265 145 105 111 72 96 184 68 405 133 46 37 1095 5696 245 209 108 51 577 553 34 136 37 47 461 99 3111 247 245 68 5392 2141 440 85 404 174 60 94 375 119 147 466 6595 121 84 50 453 22 236
internal_value=-3.16575e-05 -0.000419352 -0.000255636 0.000131966 -0.00189645 -0.000570692 -0.00151911 -0.00140845 0.000549249 0.00258065 0.00430901 -0.00341588 -0.00378188 0.000191759 0.00144584 -0.000902626 0.00194986 -0.000688976 -0.00287409 0 -0.00398352 -0.00318365 -0.00187394 0 0.00568182 0.000232035 6.99146e-05 0.00351563 -0.000316957 -0.00149051 -0.00941358 0.00126743 0.00296283 0.00162225 -0.00175097 0.00371622 -0.00416667 0.00311987 -0.00171655 5.20021e-05 -0.000261153 -0.000964176 0.00010175 0.000326513 0.000644213 -0.00136986 -0.00432836 0.000529962 0.000345637 0.00307414 0.00425963 0.00513771 -0.00175296 0.00167286 -0.000220022 0.000615917 -0.00253021 -0.00386965 0.00100575 0.000730393 0.000707589 -0.00268199
internal_weight=37113 13649 12906 9848 1658 1355 3058 1204 8190 1082 641 1168 1134 23464 2314 901 356 251 545 280 179 743 584 451 151 7108 6791 317 1890 1104 159 786 1413 860 254 71 183 606 565 21150 12719 5831 2454 6888 2209 1238 332 8431 7881 550 490 469 3377 266 906 7222 659 488 171 7048 5650 258
internal_count=37113 13649 12906 9848 1658 1355 3058 1204 8190 1082 641 1168 1134 23464 2314 901 356 251 545 280 179 743 584 451 151 7108 6791 317 1890 1104 159 786 1413 860 254 71 183 606 565 21150 12719 5831 2454 6888 2209 1238 332 8431 7881 550 490 469 3377 266 906 7222 659 488 171 7048 5650 258
cat_boundaries=0 1 2 3
cat_threshold=1 9 24
is_linear=0
shrinkage=0.05


Tree=122
num_leaves=63
num_cat=17
split_feature=18 1 8 17 20 16 2 22 7 15 6 7 16 4 1 2 20 15 2 1 1 16 1 1 22 11 1 16 17 15 1 11 22 11 2 11 1 1 2 20 7 7 22 15 16 11 11 1 16 20 11 7 6 22 18 7 7 18 16 22 18 7
split_gain=1.14581 3.49733 1.41722 1.40861 1.3932 1.22069 1.37813 1.30559 1.23576 1.10272 0.958546 2.23209 1.11367 0.89758 2.70334 2.03475 1.40506 2.4895 1.38341 3.55998 2.59277 2.05242 2.51371 2.38647 1.88961 1.8649 2.132 2.04125 1.79261 2.89114 2.10847 1.95734 1.94831 1.77785 1.74489 1.65974 2.75067 1.83556 1.83414 1.43134 1.43019 1.40115 1.37082 1.31187 1.30818 1.22912 1.1711 1.16815 1.48956 1.13919 1.12068 1.58717 1.12066 1.10077 1.34075 1.10803 1.05258 1.03377 1.03177 0.987758 0.933346 0.855513
threshold=3.1563703263881395 0 907.57000000000005 1.7830550543230326 21.500000000000004 2.0187637333782766 1 34.759491100756847 1083.2350000000004 8.5000000000000018 1376.8900000000001 1343.4050000000004 1.7997503211758692 2 3 4 203.50000000000003 3.5000000000000004 5 6 7 1.5000027216611571 8 9 19.389491469466002 814.92000000000019 10 0.99964393156750286 1.2402422752990117 4.5000000000000009 11 529.17000000000019 24.042620865182638 4876.1300000000001 12 1601.4750000000001 13 14 15 120.50000000000001 -1.0000000180025095e-35 1139.5900000000001 22.676030965145575 9.5000000000000018 0.82862129325928569 1152.6950000000004 1750.6550000000004 16 2.9999999999999996 112.50000000000001 660.95000000000016 1021.8850000000002 3372.3600000000001 36.689359338899131 1.7120338383293154 1.0000000180025095e-35 413.43000000000006 2.9473408433600565 0.95877326446282818 11.90946817891777 0.6935906636812651 619.82000000000005
decision_type=2 9 2 2 2 2 1 2 2 2 2 2 2 9 9 1 2 2 1 9 9 2 9 9 2 2 9 2 2 2 9 2 2 2 1 2 9 9 1 2 2 2 2 2 2 2 2 9 2 2 2 2 2 2 2 2 2 2 2 2 2 2
left_child=13 2 -2 5 9 7 -7 8 -3 -4 12 -12 -6 14 15 16 17 -1 19 28 35 22 24 33 -22 27 60 40 30 31 34 -30 -32 -23 -15 36 38 42 -20 -28 -21 -24 -37 -38 -31 -25 -39 48 56 -50 -18 -52 -19 55 -55 -17 58 -49 -16 -57 -27 -51
right_child=1 3 4 -5 10 6 -8 -9 -10 -11 11 -13 -14 18 47 53 50 52 20 25 21 23 41 45 -26 26 39 -29 29 44 32 -33 -34 -35 -36 37 43 46 -40 -41 -42 -43 -44 -45 -46 -47 -48 57 49 61 51 -53 -54 54 -56 59 -58 -59 -60 -61 -62 -63
leaf_value=-0.41747621722103467 -0.14599267587751524 0.069838958191955139 -0.41302564038770329 0.50311509971058688 -0.10165666119483917 0.49608305253634022 0.014961295238769169 -0.38512913525317888 -0.068558493657352143 -0.010721928426902139 0.25481275005890858 -0.073565448556514215 0.11135920010771533 0.30223713024357918 -0.073888498376229975 -0.33919422551901945 -0.7505347314506573 -0.021473516961728303 0.13828057453052622 -1.3286866056775082 0.048441980601034378 -0.14899581388028091 -0.11617852299268475 -0.056106212918351162 -0.072404871841990834 -0.14088728119463489 -0.08070526672702201 -0.76245299786198473 0.85912414041303975 -0.10371755448426097 -0.12488601774382602 -0.028077693296053498 -0.0088123971006264235 0.19358292633874755 -0.099095443715886244 0.085871375454090612 0.0175958505148067 -0.48215481499485624 0.88138720855896402 0.023410938934212311 1.4693490547375097 0.14107913582792123 -0.00026989762398130782 0.067200157780885575 0.12702009434903197 0.045770766966565901 -0.0151361573953551 0.010038818654935257 -0.7297361996633811 -0.99286652567266886 2.8836206105752158 -0.16971149864106749 0.20317435423313751 1.2714762541576192 -0.35253415510461433 0.43401875858568673 -0.10888212122129844 -0.22340425108653081 0.3003047112802133 0.029027503939507683 -0.36001288141466825 0.023099324791993326
leaf_weight=153 194 455 25 93 45 102 121 64 111 61 55 63 41 130 48 31 24 104 351 26 757 1376 1666 2430 905 70 2640 617 258 69 491 2266 640 81 105 671 1792 188 682 1553 54 77 613 52 703 4815 2231 5713 97 63 39 20 50 166 20 253 76 41 52 178 142 104
leaf_count=153 194 455 25 93 45 102 121 64 111 61 55 63 41 130 48 31 24 104 351 26 757 1376 1666 2430 905 70 2640 617 258 69 491 2266 640 81 105 671 1792 188 682 1553 54 77 613 52 703 4815 2231 5713 97 63 39 20 50 166 20 253 76 41 52 178 142 104
internal_value=-2.35747e-05 0.00136078 -0.00201207 0.00312826 0 0.00242407 0.00564159 0.00118483 0.00202109 -0.00505618 0.00241546 0.0053719 -0.0011236 -8.05638e-05 0.000414079 0.00275928 0 -0.00169355 -0.000208158 -0.000690396 4.14439e-05 -0.000389851 -0.00143046 1.14877e-05 0 -0.00160313 -0.00120803 -0.00403571 0.000299465 0.000939679 -0.00120526 9.89315e-05 -0.00211976 -0.00181973 0.00292339 0.000841802 0.00174479 0.000128171 0.00380019 -0.000933191 0.00301205 -0.00274772 0.00165767 0.000538503 0.0036129 0.000389226 -0.000668174 8.05542e-06 -0.00242826 -0.00486891 0.00552326 0.00927419 0.00254777 0.00446293 0.00793651 0.00301075 0.000837989 0.00020808 0.00436893 0.00374424 -0.006 -0.00191176
internal_weight=37113 1430 484 946 290 853 223 630 566 86 204 118 86 35683 7232 1038 390 307 28451 9764 18687 12107 3405 8702 1662 5102 4405 697 4662 3296 1366 2524 1131 1457 235 6580 2877 3703 1033 4193 80 1743 1284 1844 772 7245 2419 6194 440 264 83 59 154 648 186 462 176 5754 100 431 212 167
internal_count=37113 1430 484 946 290 853 223 630 566 86 204 118 86 35683 7232 1038 390 307 28451 9764 18687 12107 3405 8702 1662 5102 4405 697 4662 3296 1366 2524 1131 1457 235 6580 2877 3703 1033 4193 80 1743 1284 1844 772 7245 2419 6194 440 264 83 59 154 648 186 462 176 5754 100 431 212 167
cat_boundaries=0 2 3 4 6 7 8 10 12 14 16 18 20 21 23 25 26 28
cat_threshold=2164273484 82440 2115 16 2148607552 1451013 1301 2121 2942490130 3600 1409909005 784623 2169909440 1050112 2288394816 1049600 73728 1704268 2197946368 16 2049 1140916481 688298 1342210056 604225 1168 153124880 526592
is_linear=0
shrinkage=0.05


Tree=123
num_leaves=63
num_cat=15
split_feature=18 1 9 8 10 7 1 18 10 2 9 1 11 23 9 0 1 2 1 1 21 5 19 23 11 2 1 1 8 19 5 1 22 2 18 9 8 8 18 22 9 22 16 7 9 21 2 22 23 22 21 22 5 9 8 14 5 7 5 9 11 5
split_gain=0.914512 2.85626 1.46257 1.41037 1.22498 2.35883 1.83224 1.44433 1.13379 1.09459 1.46674 1.31903 1.49556 1.07099 0.992455 0.955563 5.70228 3.27826 3.92884 2.64907 2.35394 2.18711 1.93978 1.7752 1.78305 1.65823 2.35969 2.13483 2.16014 1.36282 1.35025 1.26703 1.81051 1.69042 1.07386 1.01674 2.06019 1.18468 1.02633 0.920031 0.896098 0.879248 0.819079 0.812512 0.979698 0.788329 1.21362 1.38882 0.977853 0.899696 0.7563 0.734136 0.701219 0.897859 0.726171 0.69696 0.637083 0.602922 1.00035 0.935354 1.18662 0.587917
threshold=3.1563703263881395 0 1260.9650000000004 2514.9700000000007 4897.2600000000011 545.71500000000015 1 1.1793821905066377 1816.2250000000001 2 1800.4400000000003 3 9870.2800000000025 22.500000000000004 3843.3850000000002 4 5 6 7 8 63.029411764705891 353.50000000000006 786.73000000000013 17.500000000000004 2239.4400000000005 9 10 11 957.42000000000007 3163.0600000000009 34.500000000000007 12 73.646791964742178 13 1.2077999818183953 1585.5300000000004 1051.1750000000004 1298.9250000000004 2.1855134359110804 37.477172535760438 1134.8700000000001 35.282026987054834 2.4390723915429047 923.97500000000014 2546.4750000000008 26.017241379310349 14 32.171045838443874 30.500000000000004 27.538544407666496 50.511904761904766 26.787484826973778 271.50000000000006 872.60500000000013 909.32500000000016 2.5000000000000004 34.500000000000007 1139.5900000000001 155.50000000000003 2850.3450000000007 8700.595000000003 356.50000000000006
decision_type=2 9 2 2 2 2 9 2 2 1 2 9 2 2 2 1 9 1 9 9 2 2 2 2 2 1 9 9 2 2 2 9 2 1 2 2 2 2 2 2 2 2 2 2 2 2 1 2 2 2 2 2 2 2 2 2 2 2 2 2 2 2
left_child=4 8 40 9 15 7 13 -6 -2 10 51 56 -13 43 -12 19 35 18 20 21 -18 23 -20 24 -1 26 39 29 -29 -27 -28 33 -33 -19 -25 36 38 -38 -17 -21 52 55 -5 -7 -45 48 47 50 -10 -48 -47 -4 53 -3 -55 -37 -11 58 -8 -59 -61 -23
right_child=1 2 3 42 5 6 57 -9 45 11 14 12 -14 -15 -16 16 17 31 22 25 -22 61 -24 34 -26 27 30 28 -30 -31 -32 32 -34 -35 -36 41 37 -39 -40 -41 -42 -43 -44 44 -46 46 49 -49 -50 -51 -52 -53 -54 54 -56 -57 -58 59 -60 60 -62 -63
leaf_value=-0.00076935992631206325 -0.22229584549452142 0.56324877601832424 0.078137526523485337 0.39582602580179299 -0.34175558995796679 0.066851836315121191 0.14151064728080875 -0.11101620932745285 -0.22948445843062634 0.066347010282357385 0.12535049780438287 0.079288783545872307 -0.25705954119467028 0.11786342352211321 -0.058655778903695936 0.17361817914455671 -0.12800574325983849 -0.17658137904702687 -0.21427179447157985 1.0010760963489873 0.2404504989765556 -0.4721504731435367 -1.1142746129714547 0.002771761412687113 -0.065320990225461631 0.073646106850431187 -0.20419222938367787 -0.037092116310723004 0.05160552350591914 -0.27404067546448624 0.037369289435531527 0.025555881351232303 -0.41214409236106814 -0.010252573399806942 0.072585523364669419 -0.11990872220109453 -0.78586775486798432 0.088254963689110622 -0.049816612209725442 0.16156806896126899 0.46928642936913612 4.1969560183879242 0.25741919096375609 0.0042112408636540977 -0.27562772371262695 0.052577609394432838 -0.0031042693977568095 0.9119012082469784 0.031655131591720044 -0.46148682157089493 -0.29394566306272607 -0.8813238126355103 -0.02189217515874109 -0.35954421713923718 0.86016871251597848 0.063166919409751193 -0.1700221836930072 0.25731902310058441 -0.41435890438810397 -0.046736345969817177 0.39579840961101792 -0.32894616090884554
leaf_weight=3892 48 55 55 43 35 24 27 45 57 31 155 154 34 31 24 1856 340 521 1363 283 303 73 190 111 2855 2061 281 6823 2570 90 6889 2635 298 947 113 49 91 52 182 128 55 30 30 41 158 136 147 22 20 45 60 21 48 36 22 51 132 38 47 57 44 59
leaf_count=3892 48 55 55 43 35 24 27 45 57 31 155 154 34 31 24 1856 340 521 1363 283 303 73 190 111 2855 2061 281 6823 2570 90 6889 2635 298 947 113 49 91 52 182 128 55 30 30 41 158 136 147 22 20 45 60 21 48 36 22 51 132 38 47 57 44 59
internal_value=-1.5492e-05 0.00122121 0.00294604 0.00172287 -6.65527e-05 -0.00240909 -0.000904255 -0.010241 -0.00159672 0.000821018 0.00326493 -0.000892857 0.00174129 -0.00374532 0.00590659 -2.84584e-05 -0.000476939 -0.0012292 -0.0028067 0.000121993 0.000419207 -0.000699129 -0.00416667 -0.000569974 -0.000722222 0.000429773 0.00100408 4.75902e-05 -0.000273761 0.00146719 0.000779619 -0.000424785 0.000161236 -0.00162053 0.00374449 0.00164587 0.00136218 -0.00428082 0.00178834 0.00465802 0.006621 0.00601504 0.00822368 -0.00519912 -0.00631188 -0.000765306 0 0.0025974 -0.0053125 -0.00268293 0.00100503 -0.00189873 0.00411585 0.00625 0.000819672 0.00291262 -0.00411932 0.00232301 -0.000649351 0.00440141 0.00120192 -0.00703704
internal_weight=37113 1430 895 679 35683 547 467 80 535 606 255 351 188 254 179 35136 8908 6597 2196 26228 643 7103 1553 6971 6747 19125 7581 11544 9393 2151 7170 4401 2933 1468 224 2311 2181 143 2038 411 216 130 73 223 199 487 410 218 77 192 196 76 161 113 58 100 163 213 74 139 101 132
internal_count=37113 1430 895 679 35683 547 467 80 535 606 255 351 188 254 179 35136 8908 6597 2196 26228 643 7103 1553 6971 6747 19125 7581 11544 9393 2151 7170 4401 2933 1468 224 2311 2181 143 2038 411 216 130 73 223 199 487 410 218 77 192 196 76 161 113 58 100 163 213 74 139 101 132
cat_boundaries=0 2 4 5 7 8 10 11 13 15 16 18 20 22 23 24
cat_threshold=2147496300 21000 537133184 66176 1932 33554560 65664 1 2158085180 443457 1314 286793731 6284 2158183484 836931 1840 71303168 198688 1259344385 1052684 453521411 6916 641 2854
is_linear=0
shrinkage=0.05


Tree=124
num_leaves=63
num_cat=16
split_feature=15 21 7 22 2 17 21 4 18 22 18 18 7 17 13 7 22 10 2 22 19 2 15 8 0 2 7 17 2 10 10 17 22 14 17 2 17 18 22 8 7 11 2 5 17 4 2 18 11 10 4 2 5 5 8 21 2 4 17 19 2 17
split_gain=1.12704 2.46562 1.96289 1.79915 3.18108 3.23354 2.88747 4.16292 2.19353 2.07606 1.82401 1.76949 1.93283 1.6847 2.82476 3.6932 2.48519 3.4048 3.3104 2.61364 2.39308 2.62689 2.32398 2.41553 1.75889 2.29482 3.33827 1.7015 1.58196 1.78456 1.51104 1.45537 2.5373 2.1909 2.6532 2.23204 2.36837 1.72841 1.6263 1.4535 1.43069 1.37425 2.29241 2.29111 2.83814 2.02025 1.37424 1.47536 1.35935 1.34793 1.32302 1.29258 2.19806 1.54122 1.27982 1.27018 1.46808 1.26735 1.70892 1.67734 1.50925 1.26713
threshold=3.5000000000000004 18.514583333333338 756.61500000000012 19.158640443293002 0 1.4593223264002357 81.7638888888889 1 0.31006423404944405 18.304404303666043 2.4525606568241227 2.6610461873403151 237.25500000000002 2.2013847206078681 1.5000000000000002 1.0000000180025095e-35 39.83172928819053 876.33000000000015 2 1.0000000180025095e-35 1436.6949999999999 3 2.5000000000000004 226.83500000000001 4 5 259.17500000000007 1.144057780363535 6 807.81000000000006 4897.2600000000011 0.44787137144516459 22.528808703078635 1.5000000000000002 1.2402422752990117 7 1.1111178434273674 0.64360199860471856 62.228878602989631 719.94500000000016 540.15500000000009 1152.6950000000004 8 67.500000000000014 2.0191536243324046 9 10 1.4760479266376387 1970.6750000000004 1125.2250000000004 11 12 117.50000000000001 312.50000000000006 488.30000000000001 48.340579710144937 13 14 1.5999524162982057 1092.78 15 0.52591091123455203
decision_type=2 2 2 2 1 2 2 9 2 2 2 2 2 2 2 2 2 2 1 2 2 1 2 2 1 1 2 2 1 2 2 2 2 2 2 1 2 2 2 2 2 2 1 2 2 9 1 2 2 2 9 1 2 2 2 2 1 9 2 2 1 2
left_child=13 2 48 4 5 10 8 -8 -6 -10 49 12 -7 16 20 54 17 57 19 -19 24 -22 23 -18 28 -26 -27 61 29 -15 -30 32 -5 35 39 36 -33 -37 -36 -35 -29 42 -24 44 -43 -45 47 -25 -2 -3 -12 52 -17 -54 -16 -34 -57 60 -59 -60 -1 -20
right_child=1 3 -4 31 6 11 7 -9 9 -11 50 -13 -14 14 15 51 22 18 27 -21 21 -23 41 46 25 26 -28 40 30 -31 -32 33 55 34 38 37 -38 -39 -40 -41 -42 43 -44 45 -46 -47 -48 -49 -50 -51 -52 -53 53 -55 -56 56 -58 58 59 -61 -62 -63
leaf_value=0.38712826521618526 -0.032826952867988625 0.079044339624073257 0.12241777189982256 -0.82552078814408447 0.43565519464391056 -0.31460829343177077 -0.010157283431306752 0.81079946598702302 0.012471425742157295 0.1341886606200797 0.15084436064834766 -0.29164305366427284 -0.034774099412744168 1.5792801175330766 -0.32219604624675285 -0.31064570342266845 0.42152580061360112 0.17739359943579736 -0.027413712956649763 -0.18952087874051105 -0.40512599637708857 0.036321273264503517 0.46105359088527964 -0.50543717391321008 0.12894705929414405 0.60894351783710199 -0.44143653952375106 -0.61607033085445484 0.48492975507301356 -0.18045352510020757 -0.87920303193138494 -0.11307574166556478 0.20654165408976227 -0.089375809979570786 0.016681097772420196 0.24607762169533773 0.24356416281468116 0.067207273811484933 -0.14792009342486381 0.017774311557929679 -0.16660391447157397 -0.29132030027153244 -0.43330783066302136 0.02919870941835967 2.0274980255270565 0.55928767315613193 -0.068408110181604448 1.1233532658318823 -0.36220041100595241 -0.024705688653594751 0.023160036102672168 -1.2118252896590176 4.303755194185392 -1.2853485047061719 3.2756786806717559 0.057018568190732213 -0.62388172686957288 -0.19814235658908502 -0.10861270340545987 0.37188753697125421 -0.03560741501597136 -0.68311292804992163
leaf_weight=621 29 246 45 36 54 69 144 195 2580 215 116 71 397 65 21 332 432 656 61 453 1168 2012 137 502 904 195 845 358 2704 332 26 947 47 1482 4742 403 354 1821 635 533 2144 414 241 587 31 949 848 21 70 794 192 264 31 23 54 100 144 1062 572 412 943 232
leaf_count=621 29 246 45 36 54 69 144 195 2580 215 116 71 397 65 21 332 432 656 61 453 1168 2012 137 502 904 195 845 358 2704 332 26 947 47 1482 4742 403 354 1821 635 533 2144 414 241 587 31 949 848 21 70 794 192 264 31 23 54 100 144 1062 572 412 943 232
internal_value=-2.02069e-06 0.000305211 -0.00612245 0.000366115 0.00114756 -0.000461012 0.00210872 0.00650585 0.00156907 0.00134918 0.000814212 -0.00375 -0.00245203 -0.000249334 0.000261722 -0.00271291 -0.000646459 -0.00119063 -0.00221397 6.68449e-05 0.000530046 -0.000534087 0.00032413 -0.00101052 0.00120713 0 -0.00156695 -0.003125 0.00194089 -0.000914634 0.00236967 8.89126e-06 -0.00325758 0.000112179 -0.000371873 0.00114087 -0.000475647 0.00210103 0.000199814 -0.00192022 -0.00267465 0.00136537 -0.00131234 0.00190272 -0.00117188 0.00282651 -0.00205604 -0.00405784 -0.010049 -0.000143816 0.00418006 -0.00398162 -0.00175439 0.00701754 0.00737179 -0.00144558 -0.00303644 -6.91946e-05 -0.000898494 0.000557244 0.000982879 -0.00684122
internal_weight=37113 16461 144 16317 5073 1885 3188 339 2849 2795 1348 537 466 20652 8976 725 11676 7514 3904 1109 8251 3180 4162 1803 5071 1944 1040 2795 3127 397 2730 11244 327 10917 7392 3525 1301 2224 5377 2015 2502 2359 378 1981 445 1536 1371 523 99 1040 308 650 386 54 75 291 244 3610 2046 984 1564 293
internal_count=37113 16461 144 16317 5073 1885 3188 339 2849 2795 1348 537 466 20652 8976 725 11676 7514 3904 1109 8251 3180 4162 1803 5071 1944 1040 2795 3127 397 2730 11244 327 10917 7392 3525 1301 2224 5377 2015 2502 2359 378 1981 445 1536 1371 523 99 1040 308 650 386 54 75 291 244 3610 2046 984 1564 293
cat_boundaries=0 1 2 3 4 5 6 7 8 9 10 11 12 13 14 15 16
cat_threshold=2321 20 169 2187 1 234 64 744 579 5 2220 9 116 104 20 306
is_linear=0
shrinkage=0.05


Tree=125
num_leaves=61
num_cat=9
split_feature=5 4 1 10 11 17 22 18 1 5 20 2 1 1 19 20 7 17 5 23 23 1 2 10 23 16 7 17 5 2 7 5 11 20 5 7 16 5 5 18 23 17 10 17 5 20 16 17 18 20 17 10 22 10 22 18 11 10 7 7
split_gain=0.917088 3.03734 2.26951 1.31177 1.49513 1.39072 1.0715 0.996429 0.991958 1.4649 1.38795 1.31255 3.26868 1.96838 1.85729 2.12148 1.72488 1.67131 1.64804 1.54702 2.11238 1.53265 1.34382 1.40983 1.36573 1.15007 1.30208 1.12926 1.80661 1.21223 1.09925 2.16014 1.42561 1.22293 1.08016 0.953606 1.56379 1.22449 0.953602 0.95022 0.920904 0.833443 1.20356 0.981571 0.813861 0.823431 0.962912 0.819054 1.56051 0.750373 0.660328 0.645267 0.603333 0.578571 0.539291 0.469721 0.459394 0.172199 0.10462 0.302618
threshold=12.500000000000002 0 1 1756.8000000000004 687.99000000000012 1.6164304617005343 33.714240241346793 0.20087309726870348 2 353.50000000000006 838.50000000000011 3 4 5 1849.5850000000007 260.50000000000006 494.17500000000007 2.1751758365269178 70.500000000000014 19.500000000000004 23.500000000000004 6 7 3258.1500000000005 26.500000000000004 0.4714760027092279 -462.12499999999994 2.8039684353752583 188.50000000000003 8 -1.0000000180025095e-35 83.500000000000014 3924.8800000000006 31.500000000000004 18.500000000000004 85.750000000000014 1.909078566934225 9.5000000000000018 5.5000000000000009 0.87087966461549549 3.5000000000000004 0.90418370714450924 2270.8450000000007 1.3598110796522227 10.500000000000002 53.500000000000007 1.7232064145184356 2.0000018609671453 1.4619766923411499 112.50000000000001 1.4382280132401069 962.8850000000001 17.579489763408212 1227.7450000000001 25.013867715047947 0.77662924178631842 2035.3850000000004 2347.1850000000004 370.23500000000007 661.34500000000014
decision_type=2 9 9 2 2 2 2 2 9 2 2 1 9 9 2 2 2 2 2 2 2 9 1 2 2 2 2 2 2 1 2 2 2 2 2 2 2 2 2 2 2 2 2 2 2 2 2 2 2 2 2 2 2 2 2 2 2 2 2 2
left_child=1 44 3 4 7 39 -5 -3 9 25 11 12 19 22 15 -14 18 -18 -15 34 -21 -16 24 -24 -13 30 -27 29 -29 -28 33 32 -32 -2 -10 -4 37 56 40 -6 -38 -11 58 -44 47 -46 -47 48 49 55 -33 52 -48 -40 -7 -1 -37 -50 -43 -60
right_child=8 2 35 6 5 54 -8 -9 10 41 -12 13 14 16 21 -17 17 -19 -20 20 -22 -23 23 -25 -26 26 27 28 -30 -31 31 50 -34 -35 -36 36 38 -39 53 -41 -42 42 43 -45 45 46 51 -49 57 -51 -52 -53 -54 -55 -56 -57 -58 -59 59 -61
leaf_value=-0.1679491415721758 1.8412035923377787 -0.03033392175164451 -0.9384526472814948 -0.52822170613038866 -0.73739452463297472 -0.22331867023496133 -0.17114501391013698 -2.6806125170069919 0.28862098642547701 0.083701569830377492 -3.729388373325528 0.074804576202455661 0.061896879607336787 -0.18044895234614372 0.057837975101909224 1.0899020202741341 -0.0097512568963535884 0.11158586990905306 -0.022485381878082224 0.27518587021249113 -0.16477471525347662 -0.31368124140992748 0.0091219085886201871 -0.35171670466955818 0.13821565861190735 1.6776514390170449 -0.00015369739283457309 -0.013492259004696017 0.76534888974962179 -0.052353189287266844 -0.12079786450556647 0.37785192503124815 0.29176140649108151 -2.8810641808760873 -0.10198045364657632 0.02871616854778436 -0.095333137576619015 -0.086880831999533115 -0.1679405525243105 -0.13690700365506814 -0.80198113574392238 -0.366627148936497 -0.21373246850376867 0.14590417514581092 -0.13944271156738833 0.200281501608913 -1.6311004795854451 1.884398153391885 0.49994182947420501 -0.75518032525159917 1.0790455312613809 0.20026807721289189 0.036112526737327059 0.29521100341933199 1.0795344029448555 0.15882315207529168 0.34707545061746714 0.10827874411271764 -0.64863244487789595 -1.1508973090969119
leaf_weight=26 20 21 24 74 65 96 36 46 103 22 34 2158 5077 1261 426 417 5669 2552 5119 30 23 517 2457 128 30 23 2580 1142 354 3575 257 190 49 26 1399 20 64 37 132 93 51 20 23 21 38 33 27 45 25 34 48 34 20 75 71 35 52 20 33 36
leaf_count=26 20 21 24 74 65 96 36 46 103 22 34 2158 5077 1261 426 417 5669 2552 5119 30 23 517 2457 128 30 23 2580 1142 354 3575 257 190 49 26 1399 20 64 37 132 93 51 20 23 21 38 33 27 45 25 34 48 34 20 75 71 35 52 20 33 36
internal_value=-3.36782e-06 -0.00131072 -0.00275773 -0.00504854 -0.0035443 -0.00190549 -0.010177 -0.0103571 4.25716e-05 -0.00042991 0.000189691 0.000204611 0.000743285 -1.54743e-05 0.00124419 0.00160087 -0.000306213 0.000167194 -0.00092433 -0.00129145 0.00669643 -0.000766385 0.000861889 6.73595e-05 0.00177192 -0.000332648 -0.000501498 -0.000545466 0.000667111 -0.00084849 0.00177066 0.00246801 -0.000161812 -0.00510204 -0.00162791 -5.34188e-05 0.000403226 0.00558036 -0.00123077 -0.0052795 -0.00487288 -0.00522152 -0.00680147 0 0.00264286 0 0.00213675 0.00492021 0.00244755 -0.000765306 0.0060166 -0.000297619 -0.0045 0.000595238 0.00102941 0.00195312 0.00933333 0.00989583 -0.0100543 -0.0114583
internal_weight=37113 1294 957 502 392 325 110 67 35819 8419 27400 27366 7992 19374 6437 5494 14601 8221 6380 1555 53 943 4773 2585 2188 8264 7674 7651 1496 6155 590 544 306 46 1502 455 431 109 322 158 115 155 133 44 337 152 114 185 140 95 238 81 47 207 167 61 72 45 89 69
internal_count=37113 1294 957 502 392 325 110 67 35819 8419 27400 27366 7992 19374 6437 5494 14601 8221 6380 1555 53 943 4773 2585 2188 8264 7674 7651 1496 6155 590 544 306 46 1502 455 431 109 322 158 115 155 133 44 337 152 114 185 140 95 238 81 47 207 167 61 72 45 89 69
cat_boundaries=0 1 3 5 6 8 10 12 13 14
cat_threshold=4 2685927528 344704 318125428 3362 777 2299019266 1609812 3372826626 1609932 536903688 90112 1188 666
is_linear=0
shrinkage=0.05


Tree=126
num_leaves=63
num_cat=20
split_feature=15 21 1 2 22 1 20 9 20 20 4 9 1 1 2 1 20 20 8 18 20 21 22 7 22 17 21 2 1 5 0 1 5 7 8 1 1 2 17 22 22 22 20 11 21 1 8 2 11 21 21 21 21 1 15 21 1 1 8 22 20 20
split_gain=1.1849 2.46772 1.77807 1.61688 1.5531 2.07871 1.92196 2.02485 1.65283 1.57379 2.27084 2.01524 1.68011 1.51833 1.67109 1.72889 3.08382 2.32432 1.7631 1.67965 1.5685 1.81302 2.73855 2.47582 2.05972 1.87442 2.79714 2.64981 2.32782 2.09389 3.48152 1.70514 2.42665 1.50754 1.50171 2.64022 2.0609 1.72701 1.50917 1.45681 1.67193 1.68827 1.45437 1.44589 1.55348 1.43633 1.41368 1.40296 1.37703 1.33336 2.12352 1.64204 1.3239 2.62264 2.57878 3.06815 2.96923 1.31315 1.31313 1.30287 1.27491 1.88503
threshold=4.5000000000000009 18.514583333333338 0 1 61.521990730528053 2 50.500000000000007 422.81500000000005 29.500000000000004 26.500000000000004 3 1102.0650000000003 4 5 6 7 79.500000000000014 146.50000000000003 1277.3550000000002 0.31006423404944405 113.50000000000001 201.70833333333334 77.080585307260563 -1.0000000180025095e-35 37.170455823483891 2.1751758365269178 70.035714285714292 8 9 139.50000000000003 10 11 44.500000000000007 327.55500000000012 518.82000000000005 12 13 14 1.2885771359515235 38.3023684346282 15.55822386453268 21.630996154985052 14.500000000000002 772.19500000000005 82.26136363636364 15 272.59500000000008 16 2454.0050000000006 191.10000000000002 146.70833333333334 309.75000000000006 21.357142857142858 17 2.5000000000000004 77.038461538461561 18 19 1720.095 53.023422469174882 172.50000000000003 198.50000000000003
decision_type=2 2 9 1 2 9 2 2 2 2 9 2 9 9 1 9 2 2 2 2 2 2 2 2 2 2 2 1 9 2 1 9 2 2 2 9 9 1 2 2 2 2 2 2 2 9 2 1 2 2 2 2 2 9 2 2 9 9 2 2 2 2
left_child=13 42 3 39 9 46 8 -8 -7 10 57 -12 47 14 15 16 -1 -18 -17 -19 21 25 23 -23 -25 26 27 -15 -28 45 -31 32 -22 -24 35 37 38 59 -36 40 -3 -42 -2 -37 -45 -27 -6 -11 -35 50 -38 -51 53 -33 56 -56 -54 -4 -5 -16 -34 -62
right_child=1 2 4 58 5 6 7 -9 -10 12 11 -13 -14 20 34 18 17 19 -20 -21 31 22 33 24 -26 29 28 -29 -30 30 -32 52 60 48 36 43 49 -39 -40 -41 41 -43 -44 44 -46 -47 -48 -49 -50 51 -52 -53 54 -55 55 -57 -58 -59 -60 -61 61 -63
leaf_value=0.31212345493880633 0.0051299530702112687 -0.16584119216175211 -0.13664953853304329 -0.10658624076565673 0.32092598378492987 0.090183450753716879 1.3369159680381051 0.038098046115678845 -0.7386993750586579 -0.03293566501802303 -0.044119323762713415 0.049580026738980813 0.019222219706920642 0.0071695996858920814 -0.70605735208516629 -0.19894756131311697 -0.74561113615022812 1.8798001277559822 -0.54260647183065636 -0.063251653335363756 -1.0798652864966058 -2.6324101041231258 1.2094317850953733 1.348382541426659 2.8546075792225838 0.12481661035492486 -0.15560104833142605 -0.58716654188223527 0.0089861043418572716 0.33982525169949301 -0.21492554511722517 1.6065916716966209 0.79977687704659606 -1.8927397604179341 0.54371153368993674 0.53300463520219921 -0.040061677074691819 -0.065458433709786504 0.21895139962674862 -0.272658544830718 0.22496556640278875 0.065964567910986469 -0.2476225867664745 -0.2074062418815551 0.07845513081198377 -0.088221490164413302 -0.50837689611389825 0.094897257213663627 2.2664030206943901 -0.84698276902751957 1.1143928961363592 1.6163253504592008 -0.31376491521768557 0.11455449953722052 -0.26585315417890815 0.097965570624385032 -0.031782738450999659 -0.0018575432821261728 0.040551107543755904 0.007856466969244736 -1.2028340350514939 0.81464576020956092
leaf_weight=224 48 44 414 611 26 55 40 104 50 104 383 622 7672 255 133 1066 185 23 119 252 41 30 90 265 62 342 1155 567 2057 1518 650 112 105 87 79 304 814 312 574 66 76 163 68 146 299 2790 182 390 23 141 96 38 820 2447 537 3578 3068 337 65 32 36 121
leaf_count=224 48 44 414 611 26 55 40 104 50 104 383 622 7672 255 133 1066 185 23 119 252 41 30 90 265 62 342 1155 567 2057 1518 650 112 105 87 79 304 814 312 574 66 76 163 68 146 299 2790 182 390 23 141 96 38 820 2447 537 3578 3068 337 65 32 36 121
internal_value=-7.4092e-06 0.000412219 0.000490927 -0.00146917 0.000690435 -0.00211957 0.000858779 0.0047619 -0.00393519 0.000826196 -0.000511654 0.00100688 0.00112009 -0.000198273 -0.000994845 -0.00216525 -7.1736e-05 -0.0024838 -0.00331803 0.000269784 -9.62974e-06 -0.000467455 0.00227679 0.00493056 0.00628788 -0.00063725 -0.0014491 -0.00406061 -0.000762053 -9.42863e-06 0.00117457 0.000402558 0.00403481 -0.00221675 -0.000234821 -0.00158666 0.000687679 -0.00443878 0.00289039 0.00117403 0.00288462 0.00464876 -0.00672269 0.000229659 -0.0015067 -0.000845295 -0.00565611 0.00394477 -0.00619469 -0.000612523 0.000109529 -0.00453297 0.000288416 0.0012783 -2.18586e-05 0.000843856 -0.000950912 -0.00258508 -0.00290276 -0.00856742 0.00603774 0.00265625
internal_weight=37113 11520 11404 1025 10379 457 249 144 105 9922 1756 1005 8166 25593 4837 1869 684 460 1185 275 20756 9891 557 357 327 9334 4034 822 3212 5300 2168 10865 303 200 2968 1226 1742 477 653 349 283 239 116 749 445 3132 208 494 110 1089 910 179 10562 2559 8003 4115 3888 751 676 165 262 157
internal_count=37113 11520 11404 1025 10379 457 249 144 105 9922 1756 1005 8166 25593 4837 1869 684 460 1185 275 20756 9891 557 357 327 9334 4034 822 3212 5300 2168 10865 303 200 2968 1226 1742 477 653 349 283 239 116 749 445 3132 208 494 110 1089 910 179 10562 2559 8003 4115 3888 751 676 165 262 157
cat_boundaries=0 2 3 4 5 7 9 10 12 13 15 16 18 20 22 23 25 26 28 30 32
cat_threshold=1077936644 639234 368 537395336 12 69230848 1311816 44446066 1064192 1353 2367506 1050624 1551 2416509445 983724 1 1207960064 8 2109458 1058816 8400912 12288 656 16385 655410 656 4195328 5 2487239684 278533 2684358784 528
is_linear=0
shrinkage=0.05


Tree=127
num_leaves=63
num_cat=16
split_feature=15 1 1 2 1 1 1 5 9 19 9 2 21 1 17 20 2 15 17 7 7 18 5 1 15 17 21 20 2 21 2 1 5 9 10 1 19 15 20 21 17 7 19 23 9 7 18 11 9 20 2 11 17 10 20 19 16 9 1 9 7 17
split_gain=1.03235 3.8491 2.54582 2.17773 2.64156 1.99099 1.93341 2.59707 2.08333 1.96353 1.75279 1.69782 1.66439 2.11363 1.6396 3.29809 2.53637 2.32912 1.66892 1.64659 1.57427 1.55662 1.54439 1.46707 1.92485 2.52787 1.60312 2.2761 1.69299 1.45263 1.49225 1.44733 1.42469 1.41596 3.04229 2.27134 2.16251 1.99493 1.58524 1.43162 1.40743 3.91746 1.92163 1.40424 2.20475 1.65954 1.40174 1.59547 2.04873 1.48006 1.36587 1.33365 1.31843 1.28729 1.22204 1.84765 1.18279 1.12589 1.56966 1.15854 1.09557 1.85244
threshold=2.5000000000000004 0 1 2 3 4 5 291.50000000000006 314.72500000000008 1849.5850000000007 261.81500000000005 6 199.45000000000002 7 2.1751758365269178 196.50000000000003 8 1.5000000000000002 1.6514225073577018 370.23500000000007 524.85000000000014 1.2167810168977449 346.50000000000006 9 4.5000000000000009 2.0251712499049677 89.408333333333346 16.500000000000004 10 302.25000000000006 11 12 26.500000000000004 351.60500000000008 1061.0500000000002 13 1939.0550000000001 9.5000000000000018 34.500000000000007 21.357142857142858 2.3147776803815332 964.53000000000009 1067.4950000000003 2.5000000000000004 363.92500000000013 -1.0000000180025095e-35 1.8782346158671237 2164.2050000000004 510.20000000000005 101.50000000000001 14 619.52500000000009 1.7523699198429232 1177.0500000000004 105.50000000000001 319.28999999999979 1.5125530413409158 727.61500000000024 15 661.34500000000014 744.02500000000009 2.009889695415962
decision_type=2 9 9 1 9 9 9 2 2 2 2 1 2 9 2 2 1 2 2 2 2 2 2 9 2 2 2 2 1 2 1 9 2 2 2 9 2 2 2 2 2 2 2 2 2 2 2 2 2 2 1 2 2 2 2 2 2 2 9 2 2 2
left_child=1 14 11 4 -3 51 7 -5 10 -10 -9 21 23 20 15 29 57 -17 -19 -20 -14 -2 -23 24 26 32 27 -4 -28 30 31 -1 -26 35 36 37 -35 -25 -37 -36 60 42 -42 45 -45 -7 47 48 49 -13 -15 -6 -48 -43 56 -56 -52 59 -59 -16 61 -8
right_child=2 3 12 6 5 43 40 8 9 -11 -12 46 13 50 16 17 -18 18 19 -21 -22 22 -24 33 25 -27 28 -29 -30 -31 -32 -33 -34 34 39 38 -38 -39 -40 -41 41 53 -44 44 -46 -47 52 -49 -50 -51 54 -53 -54 -55 55 -57 -58 58 -60 -61 -62 -63
leaf_value=0.17833415117659507 0.19735763753211871 -0.17825660882822164 0.40936944111575307 0.0020625199794146454 -0.059596057940345309 -1.8555283736807597 -0.26322400971848697 0.66784542999174479 1.5448746017422594 -0.25295200426511216 -3.2597073161374612 -0.58796940865763148 0.020151961697621346 0.69281209205159167 0.63969797968069742 1.6939434386718866 -0.24401193642662378 -0.80214472723381514 0.95750218119522124 -0.14574740360778124 1.6458827617310363 -0.010707881697296352 0.68357257565821428 -0.17638848034649757 -0.10933933384238177 0.2348239701370389 0.11646409678660632 -0.315632210811161 -0.13859013057921174 1.4581832210620065 -0.74366776788055233 -0.82469750922621943 0.001889367120528185 0.11150088713875572 -0.078184788833444513 -0.19157785517815196 -0.1427313126392285 0.056834384984187206 0.085879670904536465 0.0016191926356839304 0.1680002880288356 1.3206124751904782 -0.37109556018886425 0.57708874490256012 -0.61347796651904829 0.31301353318187924 0.031546704008859908 -0.10877951288943706 0.11635033641029971 0.1556576626334728 1.3066506062141763 1.2945778289798306 1.0626133709170209 0.16968045990740102 3.2052439617850754 -1.214957621756696 -1.4021995964298826 -0.0057104751401098504 1.4842220631053289 -1.5725992945083396 -0.39241043791108865 0.3873956743524602
leaf_weight=118 563 526 44 1554 59 55 1150 59 227 47 21 73 133 106 165 84 1201 123 53 413 181 350 31 1129 192 128 595 681 711 33 380 174 2010 2822 250 47 355 57 431 11621 538 253 1273 153 292 2401 117 369 206 72 20 186 36 546 31 47 56 101 128 20 935 381
leaf_count=118 563 526 44 1554 59 55 1150 59 227 47 21 73 133 106 165 84 1201 123 53 413 181 350 31 1129 192 128 595 681 711 33 380 174 2010 2822 250 47 355 57 431 11621 538 253 1273 153 292 2401 117 369 206 72 20 186 36 546 31 47 56 101 128 20 935 381
internal_value=-1.01035e-05 -0.000357091 0.000189628 8.43565e-05 0.00107191 0.00163026 -0.000428755 0.000910984 0.0047619 0.00685921 -0.00180723 0.00198087 3.57802e-05 0.00268631 -0.00193779 -0.0032223 -0.000818912 -0.000628698 -0.00181588 -0.000319829 0.00535168 0.00344828 0.000846354 -3.43993e-05 -0.000851623 0.000107158 -0.00197886 -0.00388049 -0.000878533 -0.00561441 -0.00614815 -0.00278689 -0.000272109 0.000176383 0.000332204 -0.00119976 0.00170597 -0.00237698 0.00162933 -3.15816e-05 -0.000943211 -0.000114811 -0.00141951 0.00122684 -0.00128348 0.00170801 0.000310384 -0.00055325 0.00176554 -0.00253378 -0.000549451 0.00591085 0.00464744 0.00277431 -0.00359281 0 -0.00822785 0.00245902 0.00484914 -0.000132979 -0.00180235 -0.000928944
internal_weight=37113 13649 23464 10656 3672 3146 6984 1908 354 274 80 1817 21647 574 2993 1378 1615 673 589 466 314 944 381 21073 4361 2330 2031 725 1306 705 672 292 2202 16712 15048 1664 3177 1186 478 11871 5076 2610 1811 2901 445 2456 873 720 351 145 260 245 153 799 154 78 76 414 229 185 2466 1531
internal_count=37113 13649 23464 10656 3672 3146 6984 1908 354 274 80 1817 21647 574 2993 1378 1615 673 589 466 314 944 381 21073 4361 2330 2031 725 1306 705 672 292 2202 16712 15048 1664 3177 1186 478 11871 5076 2610 1811 2901 445 2456 873 720 351 145 260 245 153 799 154 78 76 414 229 185 2466 1531
cat_boundaries=0 2 4 5 7 9 11 12 14 15 17 18 19 21 23 24 25
cat_threshold=2595668256 1060949 469811968 1056833 808 70 808 1078010896 133120 1091047431 558888 287 537395349 53248 3204 1091114065 625952 3780 2635 35782656 17 571867264 20614 2256 2183413760
is_linear=0
shrinkage=0.05


Tree=128
num_leaves=63
num_cat=1
split_feature=4 14 23 18 18 10 7 9 11 7 23 17 21 10 18 15 15 14 9 9 21 15 5 17 10 15 10 7 9 17 10 11 10 16 9 16 18 12 15 14 11 16 23 20 9 5 17 18 7 10 21 17 9 18 17 5 10 9 5 10 23 16
split_gain=0.931044 1.23174 1.35576 1.33442 1.17581 1.88126 1.72975 1.66979 1.97615 2.1868 1.91631 1.79839 1.75877 1.38959 1.6026 1.43895 1.51892 1.31645 1.24555 1.56138 1.21736 1.19623 1.54878 1.45453 1.16681 1.154 1.34881 1.46222 1.84901 1.85697 1.82676 1.40425 2.88141 1.48373 1.26314 1.56004 1.23356 1.15922 1.24624 1.15427 1.13001 1.12528 1.52587 1.32172 1.15381 2.44972 1.18508 1.03524 2.25718 1.15387 1.79648 1.38309 0.990327 0.986035 0.975954 0.972724 0.924899 2.25372 1.13115 0.972638 1.33764 1.09972
threshold=0 5.5000000000000009 50.500000000000007 2.1026563823128752 1.1027915150456014 1071.5250000000003 -1.0000000180025095e-35 1272.0350000000001 4205.3050000000012 954.42500000000018 9.5000000000000018 0.87814269290485947 26.017241379310349 1054.3950000000002 1.8559844854446763 5.5000000000000009 2.5000000000000004 1.5000000000000002 1208.5850000000003 661.36000000000013 97.441558441558456 10.500000000000002 102.50000000000001 1.1330973592228504 752.47000000000014 6.5000000000000009 4303.7850000000008 827.4000000000002 2259.0500000000006 1.0024686650050745 3601.7150000000006 2755.2850000000003 793.16500000000019 0.4055013137236046 2204.5350000000003 1.7743309739257433 1.2374707593270442 1.5000000000000002 5.5000000000000009 4.5000000000000009 2139.2350000000001 1.9576082161966351 10.500000000000002 64.500000000000014 314.72500000000008 82.500000000000014 1.3421386874147583 3.1563703263881395 402.08000000000004 2723.4300000000007 62.677083333333336 1.4934129165957402 277.08000000000004 0.68802892591775633 1.8570389352036487 314.50000000000006 3380.1700000000005 2149.3700000000003 280.50000000000006 3034.6850000000004 18.500000000000004 1.5074272393455268
decision_type=9 2 2 2 2 2 2 2 2 2 2 2 2 2 2 2 2 2 2 2 2 2 2 2 2 2 2 2 2 2 2 2 2 2 2 2 2 2 2 2 2 2 2 2 2 2 2 2 2 2 2 2 2 2 2 2 2 2 2 2 2 2
left_child=4 25 3 -3 5 6 17 11 9 20 -10 12 -7 14 15 16 24 -1 19 -13 -9 56 23 -23 -6 37 27 31 29 -29 -30 32 -27 -33 35 -28 39 47 -39 -36 -11 42 43 -8 45 -43 -46 49 -49 51 -51 -2 -44 -20 -50 -14 59 58 -58 60 -15 -61
right_child=1 2 -4 -5 13 7 41 8 10 40 -12 18 55 21 -16 -17 -18 -19 53 -21 -22 22 -24 -25 -26 26 34 28 30 -31 -32 33 -34 -35 36 -37 -38 38 -40 -41 -42 44 52 -45 46 -47 -48 48 54 50 -52 -53 -54 -55 -56 -57 57 -59 -60 61 -62 -63
leaf_value=-3.3636301841372394 -0.029469510988579729 -0.14928850483649045 0.15953183034899734 0.19418588751766874 -1.4013113158102364 -0.21313734273213517 0.014838711637992042 -0.1329970502403782 -0.40931078542313631 0.23715253220828603 0.03857967450800457 -0.35425621179902012 0.13401132600626653 0.053910797930729615 -0.18306114902500711 -0.19296674982993203 1.0332798017285476 0.92289752351198118 -0.10629444780583769 -0.029524674751901084 1.6491749049239315 -0.085442138447695645 0.06351453828650265 0.24544202506393609 3.0109446062495167 -0.030103653858349677 -0.27691949162803259 -0.041492036063113608 -0.39387297529633614 0.28005319620995162 0.23789868951279125 0.16780755924955973 0.080000932082858078 -0.0062404400852877021 0.13166763701171699 0.034234263217846818 -0.017427473889274927 -0.36690542752192673 -0.93471016794343209 -0.094805319677329886 1.0343795823348778 -0.8976574262091902 -0.34877951619612058 0.59533688997634548 0.29489625473143949 0.0064035005075027129 0.019233863927442488 -0.55374758326445495 0.069470164312706126 -0.1459367809908054 -0.00030075465052377127 0.010311220678190481 0.0044543543261853285 -0.95326917817170487 0.24002781362484066 -0.053211514470869761 -0.39625224824843247 0.015811719368296017 0.063947473399560195 0.6190181306634216 -0.15423028939288097 0.11797411097316193
leaf_weight=31 8514 99 25 24 20 21 238 163 69 146 67 333 124 1495 38 20 165 20 62 798 50 46 113 25 23 388 64 72 50 246 85 102 712 2200 60 42 422 291 50 21 196 123 21 425 277 274 1398 49 293 694 894 14140 88 75 76 25 79 234 29 41 82 66
leaf_count=31 8514 99 25 24 20 21 238 163 69 146 67 333 124 1495 38 20 165 20 62 798 50 46 113 25 23 388 64 72 50 246 85 102 712 2200 60 42 422 291 50 21 196 123 21 425 277 274 1398 49 293 694 894 14140 88 75 76 25 79 234 29 41 82 66
internal_value=6.73564e-07 -0.000124046 -0.00463576 -0.00694444 0.000499135 4.97315e-05 0.000888544 -0.00106707 0.000900576 0.00228495 -0.00431655 -0.00204719 0.00260116 0.00139169 0.00483271 0.00649351 0.00781991 -0.00787037 -0.0027144 -0.00209436 -0.00150463 0.000948938 0.00481283 -0.000337838 0 -9.92602e-05 0.000638012 0.000991446 0.00367325 0.00576324 -0.000905797 0.00061674 0.00208522 -6.50759e-05 -0.00151144 -0.00642202 -0.00034585 -0.000232963 -0.003125 0.00505952 0.00478261 0.0010713 0.00270968 0.00364114 0.000433735 -0.0019375 0.00102801 -0.000190569 0.00225653 -0.0002351 -0.00153991 -0.000141237 -0.00245536 -0.00732143 0.00369624 0.00476974 0.000566782 -0.00173913 -0.00765766 0.00106698 0.000712025 0.00568182
internal_weight=37113 29613 148 123 7500 5024 2895 2129 691 555 136 1438 170 2476 266 228 208 51 1268 1131 213 2210 184 71 43 29465 4464 3855 453 318 135 3402 1100 2302 609 106 503 25001 341 81 342 2844 772 663 2072 397 1675 24660 418 24242 1588 22654 109 137 369 149 2026 342 108 1684 1577 107
internal_count=37113 29613 148 123 7500 5024 2895 2129 691 555 136 1438 170 2476 266 228 208 51 1268 1131 213 2210 184 71 43 29465 4464 3855 453 318 135 3402 1100 2302 609 106 503 25001 341 81 342 2844 772 663 2072 397 1675 24660 418 24242 1588 22654 109 137 369 149 2026 342 108 1684 1577 107
cat_boundaries=0 1
cat_threshold=16
is_linear=0
shrinkage=0.05


Tree=129
num_leaves=63
num_cat=18
split_feature=15 22 1 21 1 2 2 1 17 2 17 23 20 6 20 2 7 7 23 7 22 6 17 2 20 7 23 11 22 6 2 21 5 17 1 20 20 1 7 23 11 17 2 2 2 1 2 1 1 17 11 22 23 22 7 5 22 7 9 6 9 7
split_gain=0.912446 3.54418 5.2588 3.04454 2.42757 2.32906 2.02599 1.94807 1.88526 2.01507 1.7567 1.71103 1.66989 1.51401 2.28697 2.36344 1.50494 1.22475 1.21934 1.80622 1.21266 1.19197 1.45289 1.13407 2.75522 1.89024 1.10581 1.09343 1.04506 1.00256 1.83934 1.21094 1.20812 0.982639 0.974371 1.12479 0.9518 2.7375 2.01206 1.91328 2.95677 2.78042 3.99109 2.00974 1.83841 1.82249 1.80855 3.63795 2.60718 2.20961 1.72867 1.6573 1.65371 1.48375 1.48201 0.924111 0.910662 0.858012 0.827822 0.81844 0.815336 0.795671
threshold=7.5000000000000009 22.119989570545016 0 30.169540229885062 1 2 3 4 1.2012484113443633 5 1.7830550543230326 10.500000000000002 23.500000000000004 2012.74 56.500000000000007 6 436.56500000000005 363.51500000000004 25.500000000000004 756.57500000000016 31.925853127611983 5620.6000000000013 1.1257198383115916 7 15.500000000000002 60.600000000000009 10.500000000000002 11540.230000000001 8.4950909611769774 8525.1000000000022 8 53.023809523809533 127.50000000000001 0.87814269290485947 9 20.500000000000004 76.500000000000014 10 -1.0000000180025095e-35 13.500000000000002 2732.8500000000004 1.0978825622055763 11 12 13 14 15 16 17 2.0463597758153407 7257.6000000000013 40.200025664965729 16.500000000000004 48.986321037123496 936.58500000000015 139.50000000000003 20.072883226279192 427.0750000000001 495.65500000000009 13071.820000000002 2478.6700000000005 130.94000000000003
decision_type=2 2 9 2 9 1 1 9 2 1 2 2 2 2 2 1 2 2 2 2 2 2 2 1 2 2 2 2 2 2 1 2 2 2 9 2 2 9 2 2 2 2 1 1 1 9 1 9 9 2 2 2 2 2 2 2 2 2 2 2 2 2
left_child=29 3 6 7 5 12 11 17 20 -10 21 -3 -5 56 15 -15 -14 -2 19 -7 61 22 -8 34 27 -26 -19 -25 -28 36 31 32 -31 -22 -9 -36 37 44 -38 41 52 42 -39 -42 -1 -43 47 50 53 -50 -40 -49 -41 -48 55 -46 -6 -20 -13 60 -32 -4
right_child=1 2 8 4 13 18 10 23 9 -11 -12 58 16 14 -16 -17 -18 26 57 -21 33 -23 -24 24 25 -27 28 -29 -30 30 59 -33 -34 -35 35 -37 38 39 46 40 43 45 -44 -45 54 -47 48 51 49 -51 -52 -53 -54 -55 -56 -57 -58 -59 -60 -61 -62 -63
leaf_value=0.016644389105859504 -0.012733758317716238 0.1415134750037744 0.023010726994320052 0.39575663927972349 0.28993848772129333 -0.16971214151936334 -0.14141751792507479 -0.058612725264144142 0.310954597920998 0.040164222562342644 0.15866579646559523 0.12846634914660574 0.21989629828113877 0.10053751725012408 -0.05264605261589779 0.020843907265023633 -0.083927669958750784 -0.065316585806900737 0.10759475693732723 0.025635416324698391 0.20389934890499309 0.041020636408016037 -0.40489080770938912 0.061430533642237876 0.37397922472074879 -0.13006066504735569 -0.027829546154579179 -0.15083528837521989 0.13816884886484573 0.058586508511773522 -0.6032761181671692 0.20303973936191363 -0.40662314545757039 0.0046326410778149809 -0.076493098073446494 0.080596663893005183 -3.8256383780373016 -0.015057804340372983 -0.072506752938612348 0.29409050975934864 0.1596471059376576 -0.08253094421286776 -0.38941425749462227 -0.059858050478698743 -0.035796742273720386 -0.0059704947392532409 -0.1413058907234003 0.034249807618549254 -0.01276723907070334 0.30572045794364017 1.1170413444713057 0.20565364260003066 0.0084428597273880964 0.016834818634918491 2.4832347981700025 0.39630085644493462 -0.0046444106274298848 -0.037181041170450339 -0.098926284581908427 0.17779802621714699 -0.01657151700811035 -0.078109252916507194
leaf_weight=379 101 49 42 20 172 152 148 107 116 129 25 31 56 453 210 550 56 28 22 56 21 27 213 124 24 276 27 21 103 32 86 50 26 39 54 101 22 588 2689 165 124 2121 517 507 86 8290 2728 4957 4641 1410 32 2379 111 908 61 143 30 26 179 24 52 197
leaf_count=379 101 49 42 20 172 152 148 107 116 129 25 31 56 453 210 550 56 28 22 56 21 27 213 124 24 276 27 21 103 32 86 50 26 39 54 101 22 588 2689 165 124 2121 517 507 86 8290 2728 4957 4641 1410 32 2379 111 908 61 143 30 26 179 24 52 197
internal_value=-4.71495e-06 0.000708375 -0.00151764 0.00170455 0.00292082 -0.000498753 -0.00445255 -0.000515996 0.00206463 0.00534274 -0.00663146 -0.000643382 0.00448276 0.00386905 0.00314556 0.0041501 0.00173913 0.00303309 -0.00334572 -0.00521327 -0.000413907 -0.00767263 -0.0084478 -0.00190972 -0.00343886 -0.00627063 0.00590062 0.00185811 0.00789474 -9.20588e-05 -0.00311355 0.00165289 -0.00245902 0.00555556 0.000545455 0.003125 -6.54271e-05 -0.000397098 0.000151753 -0.000568913 0.00162088 -0.000746593 -0.00313628 -0.000197161 0.00267595 -0.000487325 0.000172178 0.000642999 -0.000311856 0.000317447 -0.000905267 0.00122466 0.00591398 -0.00137024 0.00561056 0.00355603 0.00804878 0.00294118 -0.0028169 -0.00628571 -0.00815603 -0.00216942
internal_weight=37113 3985 1216 2769 1803 388 672 966 544 245 413 259 132 1415 1213 1003 112 259 256 208 299 388 361 707 445 300 158 145 130 33128 270 108 58 60 262 155 32858 13092 19766 12423 907 11516 1105 631 669 10411 19744 10057 9687 6051 2721 7336 276 3636 290 229 202 48 210 162 138 239
internal_count=37113 3985 1216 2769 1803 388 672 966 544 245 413 259 132 1415 1213 1003 112 259 256 208 299 388 361 707 445 300 158 145 130 33128 270 108 58 60 262 155 32858 13092 19766 12423 907 11516 1105 631 669 10411 19744 10057 9687 6051 2721 7336 276 3636 290 229 202 48 210 162 138 239
cat_boundaries=0 2 4 5 6 8 9 10 11 12 14 16 17 18 19 21 22 24 26
cat_threshold=537925312 274 2183397472 65665 1059 3649 104 262528 2476 2000 1368 1697 32769 512 339812352 1189988 1134 776 315 2299041632 265 442 476450920 2072980 79815830 1596261
is_linear=0
shrinkage=0.05


Tree=130
num_leaves=63
num_cat=18
split_feature=16 7 1 20 15 10 23 1 20 19 8 1 20 10 10 2 20 15 1 10 1 19 18 1 23 1 2 2 2 8 1 16 1 1 18 2 15 10 8 2 20 1 10 23 10 8 20 4 20 20 20 20 14 10 6 19 23 15 18 18 23 18
split_gain=0.874355 3.75372 3.69509 2.55493 2.22859 2.57598 2.05745 2.91753 2.11657 2.01808 1.76345 4.01979 1.55867 1.57288 2.34725 1.86716 1.33747 1.24722 2.89844 2.61216 2.66577 2.31833 2.93996 2.30916 2.14074 4.75094 2.72657 2.68129 2.33181 2.12582 2.47264 2.19573 1.83803 1.64717 1.6264 1.30047 1.0775 1.05675 2.42486 1.3719 1.31351 1.05003 1.89974 1.03648 1.02835 1.35912 0.945742 0.929947 0.889682 0.830262 0.745019 0.704684 0.852447 0.648913 0.576494 0.520228 0.515377 0.45091 0.443147 1.47974 1.29856 0.921055
threshold=0.36811305843325343 -1.0000000180025095e-35 0 44.500000000000007 3.5000000000000004 807.81000000000006 5.5000000000000009 1 161.50000000000003 507.76000000000016 165.35500000000005 2 263.50000000000006 823.97000000000014 786.96500000000015 3 33.500000000000007 2.5000000000000004 4 1071.5250000000003 5 2858.9050000000002 0.48699421965317929 6 2.5000000000000004 7 8 9 10 384.08500000000009 11 0.60482533185432985 12 13 0.11612129556012962 14 8.5000000000000018 352.31000000000012 374.52500000000003 15 196.50000000000003 16 1188.2100000000003 18.500000000000004 3933.8750000000005 979.80500000000006 75.500000000000014 17 177.50000000000003 153.50000000000003 222.50000000000003 295.50000000000006 1.5000000000000002 1109.4650000000004 3056.7900000000004 1092.78 4.5000000000000009 5.5000000000000009 0.5265551471560892 0.23075240033965508 1.0000000180025095e-35 0.76558652624781587
decision_type=2 2 9 2 2 2 2 9 2 2 2 9 2 2 2 1 2 2 9 2 9 2 2 9 2 9 1 1 1 2 9 2 9 9 2 1 2 2 2 1 2 9 2 2 2 2 2 9 2 2 2 2 2 2 2 2 2 2 2 2 2 2
left_child=1 3 4 -1 58 57 7 9 41 56 11 55 13 14 15 -13 36 18 37 20 21 22 -19 44 26 27 32 -26 -27 30 -25 -31 -20 50 -28 -35 -15 39 40 -12 -39 42 -8 -43 45 -21 54 -40 -41 -11 -22 52 -9 -18 -7 -2 -4 -6 59 60 -3 -60
right_child=10 2 6 -5 5 46 8 51 -10 49 17 12 -14 16 -16 -17 53 19 24 23 33 -23 -24 29 25 28 34 -29 -30 31 -32 -33 -34 35 -36 -37 -38 38 47 48 -42 43 -44 -45 -46 -47 -48 -49 -50 -51 -52 -53 -54 -55 -56 -57 -58 -59 61 -61 -62 -63
leaf_value=-0.26869967464336847 0.058811690586738054 0.54803949232775029 -0.58759330621865613 -2.7417717319123036 -0.49302822819032105 0.035162594969249027 -0.8027891038533842 -0.75519918444253387 -1.3918242419104745 0.0457513544912235 -0.33528350294469933 0.039374219476357733 -2.3008130148643531 -0.36706379541414447 0.63267346351253306 -0.19982002323057363 -0.28282006018211714 -0.12372401525705429 -0.0021913869707290701 0.032768138576336363 -0.31347861054075105 0.83573529717089989 0.31250555956170456 0.00066558909066998244 0.16190588068592576 -0.29243193643778514 -0.799833117691513 -0.73128569813402189 0.51264065756907662 -0.46501729512628992 -0.14890588132728305 -5.1306381602245212e-05 0.5131991259960117 -0.0201497184427776 -0.0063179553635352549 0.059345973078114872 0.20229313344754962 -0.60204226378960102 -0.058546900698436849 -0.48190661557044479 0.51280727565580342 0.208400076760028 0.30582494400636495 -0.023977877617553569 -0.083945815427697926 0.27853686108385889 -0.25546060276922306 -0.29511421557805306 1.965797844198371 0.57496929168115973 0.34278895837013368 1.32851642527518 0.10244538064578279 -0.4294137132509791 0.3568050149934443 0.37319507984855993 0.042744106388731856 -0.070625611622148199 1.7606968557386009 0.072154496951970515 2.4270033865786815 0.69593771417632277
leaf_weight=138 63 32 113 56 33 67 48 242 41 222 115 279 57 25 21 562 74 229 839 822 228 46 858 810 194 240 144 703 356 47 979 12997 1338 1313 5878 2549 22 200 1217 23 26 312 52 44 111 374 41 839 77 237 26 36 25 67 61 157 32 22 70 125 59 100
leaf_count=138 63 32 113 56 33 67 48 242 41 222 115 279 57 25 21 562 74 229 839 822 228 46 858 810 194 240 144 703 356 47 979 12997 1338 1313 5878 2549 22 200 1217 23 26 312 52 44 111 374 41 839 77 237 26 36 25 67 61 157 32 22 70 125 59 100
internal_value=-1.27977e-05 0.000949796 0.0016113 -0.00558376 0.00481541 0.000660793 0.000141143 -0.00123626 0.00275 0.000729335 -7.51977e-05 -0.0018609 -0.00310268 -0.00261159 -0.0016185 -0.00210308 -0.00680628 -2.97787e-06 -0.000408054 0.000225552 0.00119478 0.0033377 0.0028211 -8.67249e-05 -1.0304e-05 -0.00175468 0.000301756 -0.00403846 0.00164204 -0.000267749 -0.00188337 -4.21553e-05 0.00181507 0.000581255 -0.000240265 0.000851613 0 -0.00192231 -0.00225383 0.00126147 -0.00720524 0.00381264 -0.000442478 0.00501355 0.00191288 0.00237698 0.00392442 -0.00167557 0.00530973 0.00243506 -0.00318352 -0.00514241 -0.0062037 -0.00920139 0.00610687 0.00407725 -0.00422297 -0.00818966 0.00719794 0.00502283 0.00984043 0.00953757
internal_weight=37113 2208 2014 194 610 224 1404 907 497 604 34905 1327 1107 1050 862 841 188 33578 12189 21389 5249 1133 1087 16140 9692 1493 8199 897 596 14833 1789 13044 2177 4116 6022 3862 47 2497 2282 215 226 456 100 356 1307 1196 169 2056 100 459 254 303 267 141 128 220 145 55 386 216 91 170
internal_count=37113 2208 2014 194 610 224 1404 907 497 604 34905 1327 1107 1050 862 841 188 33578 12189 21389 5249 1133 1087 16140 9692 1493 8199 897 596 14833 1789 13044 2177 4116 6022 3862 47 2497 2282 215 226 456 100 356 1307 1196 169 2056 100 459 254 303 267 141 128 220 145 55 386 216 91 170
cat_boundaries=0 2 4 6 7 9 11 13 15 16 17 18 20 22 24 25 26 27 28
cat_threshold=293995624 104112 2684883078 16386 2183135299 16401 1298 2553594210 1061205 2417508630 1335301 134529792 1060864 545391248 278658 296 528 2586 859963404 295424 34213900 345642 16786944 101376 2400 309 524672 21
is_linear=0
shrinkage=0.05


Tree=131
num_leaves=62
num_cat=13
split_feature=22 11 6 1 2 9 1 16 6 1 22 2 5 9 22 1 1 20 20 9 22 11 1 17 2 16 16 20 20 5 1 20 16 16 17 8 1 8 11 2 22 23 8 20 8 9 19 17 1 17 8 23 8 17 22 8 5 20 17 17 19
split_gain=0.925029 2.19824 0.892715 1.91203 2.38934 1.7712 3.51712 1.76686 1.85126 1.70721 3.82615 2.12309 1.86548 1.83285 1.53247 2.10107 2.04117 1.53534 1.49428 1.41109 1.52556 1.41464 1.39781 1.37641 1.37431 1.37267 1.61711 1.34312 1.33194 1.28392 4.56765 1.43273 1.2428 1.23447 1.19344 1.15569 3.35095 1.55559 1.09711 1.08677 3.18754 1.35742 1.08147 0.944448 0.908717 0.880832 0.839349 0.817327 0.797558 0.7917 0.69424 0.647582 0.564915 0.463294 0.320548 0.313933 0.281382 0.244318 0.299202 0.273715 0.189516
threshold=235.82011152571363 926.3950000000001 2501.0100000000007 0 1 1513.2350000000004 2 1.1538355951265364 5279.9100000000008 3 72.499999997722114 4 159.50000000000003 655.48500000000001 12.030738275513285 5 6 7.5000000000000009 30.500000000000004 1543.1950000000004 58.866020140620485 6086.6150000000007 7 2.1158028339427752 8 1.6449558309643295 1.9999873053070043 287.50000000000006 99.500000000000014 325.50000000000006 9 293.50000000000006 1.4334221746230897 2.8108300119689624 2.1935037172339032e-05 1240.0450000000003 10 1192.1800000000003 379.11500000000007 11 58.866020140620485 10.500000000000002 494.15500000000009 437.50000000000006 616.79000000000008 1395.3050000000003 1712.9100000000001 2.1546851836741499 12 1.2774386583206505 786.61500000000012 3.5000000000000004 288.03000000000003 0.61536805492666291 22.528808703078635 681.22000000000014 52.500000000000007 189.50000000000003 2.3864110089550059 1.6615242494221736 1352.4550000000002
decision_type=2 2 2 9 1 2 9 2 2 9 2 1 2 2 2 9 9 2 2 2 2 2 9 2 1 2 2 2 2 2 9 2 2 2 2 2 9 2 2 1 2 2 2 2 2 2 2 2 9 2 2 2 2 2 2 2 2 2 2 2 2
left_child=2 60 9 19 14 6 33 46 -9 10 11 12 50 52 15 23 28 -18 -17 21 24 39 27 -5 44 32 -27 42 -16 35 31 -31 -13 -6 -8 37 -37 -24 -32 40 -4 -41 51 -29 -21 53 -7 -22 -26 -3 -1 -11 -12 -23 -44 -14 -15 58 59 -51 -2
right_child=1 49 3 4 5 7 34 8 -10 22 13 25 55 56 16 18 17 -19 -20 20 47 45 29 -25 48 26 -28 43 -30 30 38 -33 -34 -35 -36 36 -38 -39 -40 41 -42 -43 54 -45 -46 -47 -48 -49 -50 57 -52 -53 -54 -55 -56 -57 -58 -59 -60 -61 -62
leaf_value=-0.50762428176136443 1.1629306043276333 -1.1112612078920763 -0.09790544946406339 -0.1622908742435005 -0.1260516936670438 -0.19584851882486448 0.16885999162666465 0.074148118830380125 -0.017510383344339343 0.32566818124659563 -1.3761087899760995 -0.026435503527770091 -0.36522706877164385 0.61304115333004683 0.17710053518822236 -0.38513390378541867 0.28864601245835558 -0.0028870606060475978 -0.024191818695451419 0.50674002541126961 -0.022466885454841191 -0.57954894963634096 0.00096964135233879034 0.61190658380297558 -0.027549945633083085 0.20684041529627351 -0.029000028042838723 -0.56143870793185191 -0.080556922092667099 -0.15266967404863863 -0.96827522736780269 1.7560216242074462 -0.21793380101254628 0.016728525032759924 -0.28221442928940732 -0.061258220304028124 0.24145019923524488 -0.44276127423438683 0.28698460800355435 0.025876328008080665 0.99887555902177361 0.089319419035020789 0.44814908509404072 2.9837172051039005 -0.14329095863737873 0.095738649393428341 0.031492783233199172 -0.90138436448312442 0.086077120793318335 -0.44627526787110272 0.4148008175134269 -0.14312188066500883 1.5350460117662565 -0.79464481635147344 2.8238838354875768 -0.92349190424085958 3.3635659081021729 -0.0024092556539315525 -0.81002665994132395 -1.6049432775644137 0.51995011912198097
leaf_weight=31 28 23 654 86 659 167 57 547 230 54 20 357 69 20 191 266 81 1385 493 42 35 25 18672 135 370 113 1026 36 61 717 59 64 219 906 875 737 1356 173 1228 2876 100 505 99 20 395 23 46 40 313 21 21 38 33 35 50 65 60 31 21 23 31
leaf_count=31 28 23 654 86 659 167 57 547 230 54 20 357 69 20 191 266 81 1385 493 42 35 25 18672 135 370 113 1026 36 61 717 59 64 219 906 875 737 1356 173 1228 2876 100 505 99 20 395 23 46 40 313 21 21 38 33 35 50 65 60 31 21 23 31
internal_value=-2.49219e-05 -0.00359116 -6.09129e-06 -0.000370658 -0.000972088 -0.00183571 -0.00255 0 0.00105769 0.00015884 -0.0012213 -0.00182511 -0.00678392 0.00680147 0.000129104 -0.00142421 0.0010459 0.000270453 -0.00268782 0.000308699 -0.00118948 0.000746269 0.000281995 0.00267094 -0.000667854 -0.00120081 -0.00015324 0.00362903 0.00509434 0.000234589 0.00142443 -0.00154282 -0.00319516 -0.00102978 -0.00497354 0.000114608 0.00122853 -6.632e-06 0.00325 0.00088811 -0.000782269 0.00127431 0.00543033 -0.00254237 -0.00283333 -0.00552326 -0.00405093 -0.00801282 0.000682471 -0.00758197 0 0.000526316 0 -0.00873016 0.00805921 -0.010219 0.0114458 -0.00454545 -0.00625 -0.00851064 0.00362903
internal_weight=37113 178 36935 11598 6185 3487 2497 990 777 25337 2034 1901 186 133 2698 980 1718 1466 759 5413 1195 4218 23303 221 1120 1715 1139 297 252 23006 2068 781 576 1565 932 20938 2093 18845 1287 4135 754 3381 241 56 437 83 213 75 683 119 52 92 53 60 149 134 80 96 65 44 59
internal_count=37113 178 36935 11598 6185 3487 2497 990 777 25337 2034 1901 186 133 2698 980 1718 1466 759 5413 1195 4218 23303 221 1120 1715 1139 297 252 23006 2068 781 576 1565 932 20938 2093 18845 1287 4135 754 3381 241 56 437 83 213 75 683 119 52 92 53 60 149 134 80 96 65 44 59
cat_boundaries=0 2 3 5 7 8 9 11 13 14 16 18 19 21
cat_threshold=251708132 1073895 961 538972169 4120 167773252 1057124 256 271062033 2151679242 263168 1342242816 655360 610 2702622760 2 2172785459 103434 192 33554656 544
is_linear=0
shrinkage=0.05


Tree=132
num_leaves=63
num_cat=17
split_feature=15 22 1 10 2 16 16 2 10 1 2 9 8 15 8 8 7 19 6 2 16 16 8 7 5 2 19 16 16 22 8 23 10 15 8 7 22 7 16 4 1 22 2 1 1 5 7 1 1 22 13 5 6 8 1 2 8 10 1 7 22 15
split_gain=1.2274 3.14194 4.34986 2.42899 2.26466 2.08524 2.04702 1.81582 1.74115 1.50166 1.74616 2.80623 1.39032 1.33326 1.82463 1.22198 1.16455 1.24153 1.11695 1.10577 1.12662 1.58739 1.07999 1.23141 1.0674 0.974353 1.66731 1.6565 1.92329 1.44955 1.20467 0.964655 0.95471 0.949654 0.949043 0.918483 1.08105 1.21987 0.91638 0.90673 2.78758 3.88156 3.05106 3.68535 2.57392 1.7393 1.91264 1.73297 1.65868 1.63879 1.6337 1.58881 1.38958 1.71765 1.68101 1.36913 1.29478 1.28397 4.09393 2.00073 1.91008 1.63375
threshold=7.5000000000000009 22.119989570545016 0 4651.3250000000007 1 1.5370087135226123 1.8069237056795939 2 8060.2050000000008 3 4 567.2800000000002 1033.3750000000002 13.500000000000002 605.81500000000017 1477.9700000000003 463.15000000000003 21.099999999999799 8525.1000000000022 5 1.5222987751454828 1.281757529750738 579.77500000000009 687.63000000000022 127.50000000000001 6 1.0000000180025095e-35 0.9702945187864298 1.6449558309643295 19.012840270198492 182.12000000000003 12.500000000000002 685.58000000000004 12.500000000000002 182.12000000000003 905.59000000000003 13.912534315966992 545.71500000000015 1.8772336829562402 7 8 41.040953307403804 9 10 11 5.5000000000000009 1174.4700000000003 12 13 119.71744512220909 1.5000000000000002 186.50000000000003 1376.8900000000001 1240.0450000000003 14 15 1083.2350000000004 1703.4250000000004 16 1083.2350000000004 79.791840862109481 2.5000000000000004
decision_type=2 2 9 2 1 2 2 1 2 9 1 2 2 2 2 2 2 2 2 1 2 2 2 2 2 1 2 2 2 2 2 2 2 2 2 2 2 2 2 9 9 2 1 9 9 2 2 9 9 2 2 2 2 2 9 1 2 2 9 2 2 2
left_child=18 3 4 9 5 34 -7 8 31 25 11 -11 -13 33 -15 -6 17 -4 39 24 21 -21 -18 -24 -20 26 29 -27 -29 -2 -28 -5 -19 -12 -3 36 -9 -38 -37 40 41 42 43 -1 -44 -42 56 -43 49 52 -48 -51 54 -54 -41 -49 -47 61 59 -59 -60 -50
right_child=1 2 16 7 15 6 -8 35 -10 10 13 12 -14 14 -16 -17 22 32 19 20 -22 -23 23 -25 -26 27 30 28 -30 -31 -32 -33 -34 -35 -36 38 37 -39 -40 48 45 47 44 -45 -46 46 50 55 57 51 -52 -53 53 -55 -56 -57 -58 58 60 -61 -62 -63
leaf_value=-0.10462346227991742 0.14221807535422146 0.031907677082446018 -0.028776659917289393 -0.035080957096502455 -0.23751513169925148 0.20287680532038924 -0.038556958500824128 0.087233464127267277 0.22547530872666216 -0.074079600708737203 0.028090670093929227 0.11581058074015474 0.017582094347533328 -0.1485148261297736 0.032196360429379921 0.057852344375837639 0.62205130062393443 -0.0049805063127289278 0.19796229310016733 -0.59238631274237108 -0.33320304148406132 0.17626020486304556 -0.38327689081435817 0.38282364342002817 -0.11253601663950691 0.084806256350885442 0.086963888527189059 -0.13033382427736068 0.0037043662163236848 -0.14548206292266139 -0.039310489291438433 0.017739473452936406 0.28488913606604988 0.092583006386855266 -0.1700552852956129 -0.16369505326078421 -0.22256463044065247 0.21435221747661704 0.0068266844238618063 0.17874777043282952 -1.8127844803933435 0.49875928078702714 0.089233046075374745 -0.63714531835473387 -0.29661403415434118 0.010137564373495068 0.34376562757570178 -0.38992338749400091 -0.0059352601528409824 2.0126352333463333 -0.81459506656668657 -0.62032953971031546 -0.14620116650849155 0.027704082771855099 -0.29750024608803044 0.059354942386168119 -0.39420220829107822 0.0177408087716719 -0.026806202729833473 0.23044060173923953 -0.4969361495008553 0.033701541246228039
leaf_weight=295 103 52 159 63 341 44 72 53 25 65 902 523 83 99 109 32 31 69 31 32 88 33 42 121 86 50 34 106 63 33 64 148 66 50 187 112 30 25 29 382 62 293 539 544 340 2344 374 115 9351 52 22 40 1773 532 118 300 149 864 4388 641 272 9068
leaf_count=295 103 52 159 63 341 44 72 53 25 65 902 523 83 99 109 32 31 69 31 32 88 33 42 121 86 50 34 106 63 33 64 148 66 50 187 112 30 25 29 382 62 293 539 544 340 2344 374 115 9351 52 22 40 1773 532 118 300 149 864 4388 641 272 9068
internal_value=-6.06208e-06 0.000821214 -0.00127153 0.00175866 -0.0037112 -0.000611413 0.00462185 -0.0013832 0.00160643 0.00244862 0.00307755 0.00515351 0.00632184 0.00179028 -0.00165877 -0.00641192 0.00229541 0.00016835 -0.00010715 -0.0032967 -0.00587349 -0.000367647 0.00532995 0.00316265 0.000192308 -5.36481e-05 0.00202429 -0.00247845 -0.00508721 0.0057554 -0.00247525 0 0.00380435 0.0026178 -0.00340909 -0.00429389 -0.00045045 -0.00560345 -0.00711806 -7.91211e-05 -0.000672542 -0.00192702 -0.00322487 -0.00536972 -0.001037 0.000345816 0.000544606 0.00112518 3.54623e-05 -0.00109107 0.0037594 0.00526316 -0.00132657 -0.00185225 0.000994036 -0.000876168 1.0016e-05 0.000170753 -0.000449903 0.00179513 -0.00118767 0.000381338
internal_weight=37113 3985 1216 2769 728 355 116 485 236 2284 1831 671 606 1160 208 373 488 294 33128 270 153 65 194 163 117 453 234 219 169 136 98 211 135 952 239 249 108 55 141 32858 5377 2426 1718 839 879 2951 2889 708 27481 2897 396 92 2805 2305 500 415 2493 24584 6165 1505 4660 18419
internal_count=37113 3985 1216 2769 728 355 116 485 236 2284 1831 671 606 1160 208 373 488 294 33128 270 153 65 194 163 117 453 234 219 169 136 98 211 135 952 239 249 108 55 141 32858 5377 2426 1718 839 879 2951 2889 708 27481 2897 396 92 2805 2305 500 415 2493 24584 6165 1505 4660 18419
cat_boundaries=0 2 3 4 6 7 8 9 10 12 13 15 17 19 21 23 24 26
cat_threshold=537925316 274 3653 490 33587236 69761 3656 1702 1331 33 17228743 1413760 2393 442626 262656 709 102528 16810176 327680 140510264 534790 2098232 2 704 92553729 233984
is_linear=0
shrinkage=0.05


Tree=133
num_leaves=47
num_cat=8
split_feature=20 5 20 1 21 7 20 23 1 5 1 20 1 21 13 1 7 7 5 21 1 8 20 17 21 1 7 9 9 7 10 21 6 8 5 3 23 5 20 20 7 6 5 5 5 10
split_gain=0.781889 0.907248 0.876018 3.19624 1.32686 1.11765 1.0959 0.849648 2.61631 2.31333 3.15789 2.57633 2.40068 2.02614 1.91452 4.14959 4.16613 3.06071 2.79271 2.11461 2.02247 2.64361 1.96003 1.86118 1.78573 1.55198 1.50923 1.39563 1.62569 1.28139 0.929814 0.891608 0.861066 0.876478 0.809417 0.756832 0.682912 0.623577 0.534388 1.38532 0.731401 0.482548 0.386152 0.205708 0.439771 0.168263
threshold=838.50000000000011 157.50000000000003 473.50000000000006 0 118.06250000000001 567.58500000000015 525.50000000000011 9.5000000000000018 1 52.500000000000007 2 34.500000000000007 3 82.809090909090926 1.5000000000000002 4 1.0000000180025095e-35 -1.0000000180025095e-35 125.50000000000001 21.357142857142858 5 -1.0000000180025095e-35 42.500000000000007 1.1421299354205205 50.511904761904766 6 220.68000000000004 756.61500000000012 908.1500000000002 310.62500000000006 1142.5700000000002 77.720779220779235 4496.4800000000005 704.6600000000002 74.500000000000014 7 14.500000000000002 229.50000000000003 674.00000000000011 545.50000000000011 540.15500000000009 2012.74 270.50000000000006 291.50000000000006 110.50000000000001 363.98500000000007
decision_type=2 2 2 9 2 2 2 2 9 2 9 2 9 2 2 9 2 2 2 2 9 2 2 2 2 9 2 2 2 2 2 2 2 2 2 1 2 2 2 2 2 2 2 2 2 2
left_child=2 -2 7 4 38 -6 37 14 23 10 13 24 -13 -10 17 32 18 22 -17 -18 26 -22 34 27 -11 31 -19 36 -29 -12 -27 -25 35 -34 -1 -16 -9 -5 39 40 -4 -8 -41 44 -43 -24
right_child=1 -3 3 6 5 -7 41 8 9 11 29 12 -14 -15 15 16 19 20 -20 -21 21 -23 45 25 -26 30 -28 28 -30 -31 -32 -33 33 -35 -36 -37 -38 -39 -40 42 -42 43 -44 -45 -46 -47
leaf_value=-1.6761356815654986 0.10156672428149847 -3.275328026082847 -2.9856316898107922 6.4233679368477787 -0.7269083373157621 -3.5131166670113263 3.2516343466636428 0.17621122369882231 -0.001805718442011628 0.032386668066097447 -0.30470318149942344 0.023484284754312058 -0.055618016333776769 0.3500419403993178 0.40178902941458344 -0.26353903741898604 -0.58348475320589088 -0.17545422137669142 1.7100609652509278 -0.10924486812047524 1.3351182053971902 0.0071914566249795088 -2.3110772122805159 0.083873671749336159 -0.023896705851935353 0.036009366685506451 -0.014632865826107634 -0.19603825460306945 0.0036821963964047914 -0.096356136851717622 0.28925902817624805 -0.5017016804211718 -0.20654283550220801 0.022521556476299054 -0.23243291397950649 0.029214292299657177 -0.0095237149343375908 0.64825558642101555 -1.8595756021362462 0.80477427788738543 1.7886022069188146 1.3347269840099103 5.1463265023102993 1.2502157835016732 -0.97141369997355376 -2.5688534414624424
leaf_weight=47 25 26 20 62 32 33 82 132 376 1272 124 1544 1507 55 160 71 325 900 96 1196 63 22603 20 257 428 32 3801 40 237 501 143 22 28 114 178 160 63 41 38 41 22 51 25 38 46 36
leaf_count=47 25 26 20 62 32 33 82 132 376 1272 124 1544 1507 55 160 71 325 900 96 1196 63 22603 20 257 428 32 3801 40 237 501 143 22 28 114 178 160 63 41 38 41 22 51 25 38 46 36
internal_value=-6.06208e-06 -0.00601852 1.34898e-06 0.00201311 -0.00256696 -0.00845588 0.00510511 -2.66875e-05 0.000478771 7.30241e-05 -0.00203022 0.000552167 -0.000302881 0.00118243 -0.000142613 -0.00157919 -0.00273369 -2.8932e-05 0.00455882 -0.00359252 2.28352e-05 0.000220468 -0.00519366 0.00292865 0.00211392 0.00525164 -0.00091748 0.000631579 -0.00151786 -0.00427116 0.00890957 0.00231164 0.00252632 -0.000344828 -0.00274123 0.00402477 0.00391414 0.00966981 0 0.0018018 -0.00444444 0.00284091 0.00652174 0.000543478 -0.00025 -0.0135593
internal_weight=37113 51 37062 531 211 65 320 36531 6733 5807 1056 4751 3051 431 29798 2150 1688 27648 167 1521 27367 22666 281 926 1700 454 4701 472 277 625 175 279 462 142 225 320 195 103 146 108 42 217 66 135 97 56
internal_count=37113 51 37062 531 211 65 320 36531 6733 5807 1056 4751 3051 431 29798 2150 1688 27648 167 1521 27367 22666 281 926 1700 454 4701 472 277 625 175 279 462 142 225 320 195 103 146 108 42 217 66 135 97 56
cat_boundaries=0 2 4 6 8 10 12 14 15
cat_threshold=2684621328 66065 6996256 270352 33558656 4992 3019912219 98567 335561281 98866 140660840 1849676 6815776 16 6
is_linear=0
shrinkage=0.05


Tree=134
num_leaves=63
num_cat=9
split_feature=15 22 11 11 20 4 10 10 11 10 2 4 9 21 18 18 2 8 20 22 2 9 18 8 8 20 10 9 21 2 21 17 18 8 8 20 2 4 21 20 17 17 21 20 11 18 19 20 10 9 19 20 17 11 17 15 17 19 2 20 21 22
split_gain=1.17059 1.73512 3.07989 1.91754 1.68113 1.99632 2.30151 2.51703 1.85331 2.07487 1.99245 1.74256 1.58886 1.7412 1.42744 1.85492 1.41049 1.39646 1.37428 1.59904 1.50542 1.33609 1.29635 1.28848 1.27481 1.15301 1.14172 1.82541 3.5347 1.71864 1.92364 1.73715 1.47529 1.34708 1.27958 1.50613 1.2391 1.73943 1.32912 5.45932 2.28942 1.98091 1.65377 1.30695 1.18096 1.81744 1.70394 1.4415 1.36674 1.31109 1.30257 1.1753 2.5347 1.98189 1.20949 2.19223 1.72903 1.09294 1.09168 2.55641 1.18073 1.39402
threshold=5.5000000000000009 61.521990730528053 2035.3850000000004 4806.545000000001 26.500000000000004 0 2784.1700000000005 5090.5650000000014 6224.1100000000015 3034.6850000000004 1 2 1674.7100000000003 26.017241379310349 1.7120338383293154 1.0694215786822128 3 909.32500000000016 82.500000000000014 26.164775007977791 4 3174.0900000000006 1.7824952809973864 378.315 737.3950000000001 23.500000000000004 2686.9950000000003 2166.4450000000006 63.029411764705891 5 172.10000000000002 1.3920198234788959 0.66261380402317482 793.08500000000015 686.88000000000011 125.50000000000001 6 7 90.816666666666677 129.50000000000003 1.3333325877446094 1.1111178434273674 172.10000000000002 838.50000000000011 2502.9050000000002 2.7459350121972697 903.47500000000002 77.500000000000014 2480.1800000000007 1343.4200000000003 702.2650000000001 76.500000000000014 1.5904540937358533 3639.9400000000005 2.5449285935906683 2.5000000000000004 3.249355560219036 292.12500000000006 8 31.500000000000004 103.29285714285716 59.497749014481279
decision_type=2 2 2 2 2 9 2 2 2 2 1 9 2 2 2 2 1 2 2 2 1 2 2 2 2 2 2 2 2 1 2 2 2 2 2 2 1 9 2 2 2 2 2 2 2 2 2 2 2 2 2 2 2 2 2 2 2 2 1 2 2 2
left_child=26 4 -3 -4 5 17 14 16 12 -10 22 -12 18 -14 15 -7 -8 23 19 -6 -20 -19 -11 57 -16 -9 36 28 32 -30 33 -32 -28 -31 -34 -36 37 38 41 42 -41 -1 -40 51 46 48 50 -47 -46 -48 -39 52 53 -38 55 -53 -56 -2 60 -60 -29 -62
right_child=1 2 3 -5 8 6 7 25 9 10 11 -13 13 -15 24 -17 -18 21 20 -21 -22 -23 -24 -25 -26 -27 27 58 29 30 31 -33 34 -35 35 -37 43 44 39 40 -42 -43 -44 -45 45 47 49 -49 -50 -51 -52 54 -54 -55 56 -57 -58 -59 59 -61 61 -63
leaf_value=-0.24452636469885969 -0.36023444130608262 0.28763276786421982 -0.62182192058813224 0.037086372315988214 0.032030518033222502 -0.0046411950749918772 0.0067158116848196059 0.00037684844137775286 -0.22131106015357149 -0.03368197170244152 -0.062225344245412553 0.025335866507365169 -0.17581838071945199 0.17410258010282684 -0.12677380956770909 -0.22402287085560924 0.17074100126315842 -0.15913506689976123 -0.085409063179309908 -0.014938931431739189 0.22804282042199731 0.018233876935612781 0.095694668522312121 0.023761876464991085 0.34323205348233921 -0.11948174063665072 0.079979777709518987 0.0090147041924801396 -0.19219142954168761 0.4522581833519933 0.32125118093335348 -1.4155008999823453 -0.020429808524848173 0.029223483829823496 -0.5185512078107809 -0.053982081583187735 -0.15671648323124218 -0.010742955470895765 0.43969612691708559 0.33448885283410662 -0.21666664741279079 0.016858620027457506 2.3681083729132513 -2.5093030548838735 -0.20970858734739153 -0.11644769926582584 -0.22849523619125842 0.48252620450878325 0.070532459333318795 0.55896702886376637 0.55857028753825089 -0.055291286572042256 0.006470911020536008 0.081928952012920678 0.76398031147512602 0.040818159773927221 0.079525420370171684 -0.048888312732215417 -0.6723754094440928 0.014062659905088993 2.3160292884236378 -0.028775051002262943
leaf_weight=120 50 52 103 35 2484 291 113 111 136 86 413 300 35 540 40 148 221 278 146 1366 483 64 258 281 61 27 22 310 238 54 22 35 53 364 235 50 982 2223 358 115 387 741 110 36 1149 23 2702 67 151 119 418 4640 5176 140 489 5667 1217 68 100 321 51 38
leaf_count=120 50 52 103 35 2484 291 113 111 136 86 413 300 35 540 40 148 221 278 146 1366 483 64 258 281 61 27 22 310 238 54 22 35 53 364 235 50 982 2223 358 115 387 741 110 36 1149 23 2702 67 151 119 418 4640 5176 140 489 5667 1217 68 100 321 51 38
internal_value=-1.95334e-05 0.00050653 -0.00414508 -0.00815603 0.000624766 -0.000726082 0.000682927 0.00326316 0.001012 -0.000731605 0 -0.00148072 0.00143366 0.00393599 -0.0014733 -0.00277149 0.00563798 -0.00268568 0.00109884 0.000726706 0.00328323 -0.00507246 0.00308123 -0.000559701 0.00360577 -0.00212766 -0.000170262 -0.00135812 -0.0027184 -0.000593575 0.00107582 -0.00708333 -0.00674931 0.0023753 -0.00762463 -0.00894097 -8.50812e-05 -0.000577852 0.000772777 0.0020555 -0.00148515 -0.000607639 0.0059448 0.000145697 -0.000946832 -0.00226131 -0.000603843 0.00430108 -0.00276285 -0.00146069 0.000293116 0.000167904 -0.000380892 -0.00253333 0.000459804 0.000249758 0.0016969 -0.00495868 0.00036452 -0.00132488 0.00224515 0.00733696
internal_weight=37113 8190 190 138 8000 1753 1012 472 6247 1193 1057 713 5054 575 540 439 334 741 4479 3850 629 342 344 399 101 138 28923 1893 1073 713 475 57 360 418 338 285 27030 8683 1831 970 502 861 468 18347 6852 1390 5462 90 1300 2821 2641 18311 6298 1122 12013 10307 1706 118 820 421 399 89
internal_count=37113 8190 190 138 8000 1753 1012 472 6247 1193 1057 713 5054 575 540 439 334 741 4479 3850 629 342 344 399 101 138 28923 1893 1073 713 475 57 360 418 338 285 27030 8683 1831 970 502 861 468 18347 6852 1390 5462 90 1300 2821 2641 18311 6298 1122 12013 10307 1706 118 820 421 399 89
cat_boundaries=0 1 2 3 4 5 6 7 8 9
cat_threshold=12 2440 19 2340 176 78 3137 16 1244
is_linear=0
shrinkage=0.05


Tree=135
num_leaves=63
num_cat=10
split_feature=15 1 19 18 11 1 18 1 17 20 23 7 17 9 22 22 1 1 22 8 8 20 20 18 18 22 10 9 8 20 10 4 11 9 1 19 11 11 17 18 20 11 1 7 17 22 4 9 23 10 18 8 10 8 19 10 20 9 20 9 1 23
split_gain=1.30763 2.16673 2.73902 2.17467 2.05047 3.83632 3.10629 2.01465 2.15156 2.0525 1.87086 1.74106 1.60081 2.10844 1.62242 1.54625 2.74605 1.9447 2.58518 2.4717 1.7189 1.48675 1.47285 1.33821 1.44878 1.28431 1.27414 1.71942 1.47485 1.25065 2.15451 2.05392 1.23497 1.22369 1.19397 1.31618 1.46155 1.68062 1.22738 2.01335 1.63682 1.97472 1.78138 1.3768 1.21308 1.17485 1.15243 1.67522 1.6607 1.68307 1.55449 1.34075 1.25787 1.13305 1.1262 1.10035 1.09458 1.40253 1.05249 1.04967 0.992196 0.972915
threshold=3.5000000000000004 0 2164.2950000000005 0.68802892591775633 3168.8850000000007 1 1.1341553012582919 2 0.44787137144516459 107.50000000000001 5.5000000000000009 1041.1500000000003 1.3683211111211584 327.14000000000004 41.414283214467865 12.030738275513285 3 4 133.65409289509725 63.055000000000007 425.72000000000003 69.500000000000014 98.500000000000014 1.1984222991163191 1.3272448549253004 124.27639874695974 3601.7150000000006 1800.4400000000003 1309.5100000000004 69.500000000000014 561.23000000000013 5 2579.1550000000002 983.15000000000009 6 1657.2750000000005 833.32500000000016 2334.3650000000002 2.0463597758153407 0.12888644449468895 106.50000000000001 1681.3150000000003 7 964.53000000000009 2.1426094545856826 85.561137976602112 8 2850.3450000000007 15.500000000000002 2938.6500000000005 0.84561376112890174 1720.095 4150.8300000000008 562.50000000000011 2631.2900000000009 378.3250000000001 193.50000000000003 1405.3800000000003 112.50000000000001 1395.3050000000003 9 11.500000000000002
decision_type=2 9 2 2 2 9 2 9 2 2 2 2 2 2 2 2 9 9 2 2 2 2 2 2 2 2 2 2 2 2 2 9 2 2 9 2 2 2 2 2 2 2 9 2 2 2 9 2 2 2 2 2 2 2 2 2 2 2 2 2 9 2
left_child=1 2 3 11 34 6 -6 46 9 22 25 33 13 -7 21 16 61 29 19 -19 -20 -14 -9 -8 -25 58 27 -18 -28 31 -31 -17 -11 -1 35 36 55 -38 40 60 42 -42 -36 -41 -37 -16 48 52 49 -2 -50 -51 -48 -12 -46 -3 57 -13 -5 -55 -40 -10
right_child=7 4 -4 10 5 12 23 8 15 32 53 56 14 -15 45 17 26 18 20 -21 -22 -23 -24 24 -26 -27 28 -29 -30 30 -32 -33 -34 -35 38 44 37 -39 39 43 41 -43 -44 -45 54 -47 47 -49 50 51 -52 -53 -54 59 -56 -57 -58 -59 -60 -61 -62 -63
leaf_value=-0.41651356680403639 0.11963870896401972 -0.10430069103496607 0.1591420111775623 -0.13687271107577034 -0.21359704441803409 0.64766165408765353 1.2961224284191843 -0.21418220264571383 -0.091871468306473331 -1.067576228773867 0.0602057741175301 2.4733024824289203 0.11267463737768112 -0.54872993779481016 0.40755848001669082 0.0047889855067152712 0.082623048199373453 0.13869467097278054 -0.89597221728501109 0.0084421230865011406 -0.32538589207639534 -0.46194742753880008 0.46166596701811219 -0.37142653141238002 0.38276227277697078 2.899748642980545 -0.068539601011513268 0.22042720605533345 0.040355698402978216 0.45127706575495241 -0.014675038815329345 -0.079072742758914322 -0.22344244528086321 -0.55796163564525425 -0.022517992989897807 0.26944373111174119 0.019576120502366835 0.7482542710951251 -0.74683594919165786 0.012030526527291842 0.03236126833981956 -0.10588568005585799 -0.48058622481311031 0.32824873527604415 -1.151118936736353 -0.90607751536472003 0.058552002394889696 0.39470692028752269 -0.19643949245927728 -0.15193297992749352 -0.021583393045773037 0.35405999414093192 -0.14502364039943796 -0.80486138506865645 0.0327400293063441 2.4193936054459799 -1.2136746765676891 -0.48949190837223144 0.067472222229666562 -0.075606322166913043 -0.063465898407225649 0.011095854201620981
leaf_weight=636 351 36 236 254 247 25 33 226 333 59 35 53 58 254 73 946 820 308 40 8937 58 183 43 46 294 43 149 84 79 116 1357 1333 58 80 870 99 640 238 152 5541 4129 2528 593 2001 110 30 748 53 29 73 47 21 24 53 71 141 36 20 540 23 251 169
leaf_count=636 351 36 236 254 247 25 33 226 333 59 35 53 58 254 73 946 820 308 40 8937 58 183 43 46 294 43 149 84 79 116 1357 1333 58 80 870 99 640 238 152 5541 4129 2528 593 2001 110 30 748 53 29 73 47 21 24 53 71 141 36 20 540 23 251 169
internal_value=2.6269e-05 -0.000237231 -0.00179278 -0.00249155 -6.56625e-05 -0.00202648 0.0007109 0.000359876 0.000190045 -0.00347044 -0.000788644 -0.00437802 -0.00475629 -0.00771277 -0.00230548 0.000290185 0.00174099 0.000104978 0.000494335 0.000586613 -0.00742574 -0.00461066 -0.000827206 0.00365691 0.00247813 0 0.00310044 0.00396913 0 -0.000849934 0.000254065 -0.00158852 -0.00895833 -0.00528512 7.18267e-05 0.00150223 0.00233932 0.00141884 -4.50927e-05 0.000393181 -0.000480118 -0.000138889 -0.00199523 0.000583168 -0.00141343 0.00259434 0.00220751 0.00337112 0.000234082 0.0015067 -0.00632911 -0.00412371 0.00270968 -0.00679825 -0.00394022 0.00652778 0.00111607 0.00493421 -0.000439147 -0.0101266 -0.00301724 -0.00126214
internal_weight=37113 20652 2009 1773 18643 1243 620 16461 15115 386 948 825 623 279 344 14729 1634 13095 9343 9245 98 241 269 373 340 837 1132 904 228 3752 1473 2279 117 716 17400 1335 1055 878 16065 7945 8120 6657 1463 7542 280 103 1346 825 521 445 76 94 772 111 181 177 109 73 794 76 403 502
internal_count=37113 20652 2009 1773 18643 1243 620 16461 15115 386 948 825 623 279 344 14729 1634 13095 9343 9245 98 241 269 373 340 837 1132 904 228 3752 1473 2279 117 716 17400 1335 1055 878 16065 7945 8120 6657 1463 7542 280 103 1346 825 521 445 76 94 772 111 181 177 109 73 794 76 403 502
cat_boundaries=0 2 4 6 8 10 11 13 15 16 18
cat_threshold=157345120 1057088 604242460 82480 153141504 1056852 2462060544 360579 1074987612 548648 6 1073807360 753706 2752643208 281616 5 536875024 262272
is_linear=0
shrinkage=0.05


Tree=136
num_leaves=63
num_cat=12
split_feature=15 1 19 22 21 19 6 11 1 17 21 20 20 11 11 1 1 18 22 1 17 1 22 17 5 8 1 7 11 11 7 19 1 20 1 23 7 22 20 14 17 21 11 7 7 5 22 1 6 10 6 9 19 21 23 1 5 20 22 17 1 5
split_gain=0.991537 2.16754 2.62245 1.8284 2.67239 1.95554 1.80818 1.74505 1.69581 1.93056 1.75112 1.79781 1.61845 1.89023 1.58176 3.80395 1.60909 1.57751 1.51956 2.04912 2.169 1.77915 2.46872 1.46082 1.87347 1.58093 1.40986 1.39547 1.80988 1.39413 1.40319 1.37901 1.3196 1.25558 2.14321 1.6594 1.20433 1.17989 1.16325 1.6299 1.11107 1.08585 1.062 0.906183 1.68284 0.886093 0.817473 0.806135 1.08281 0.989981 0.820625 0.802585 0.790531 1.58432 0.784919 0.783373 0.701881 0.837204 1.12273 0.66465 1.38745 1.39859
threshold=3.5000000000000004 0 2164.2950000000005 128.7419808889729 217.70833333333334 571.38500000000022 4168.3500000000013 408.55000000000007 1 0.44787137144516459 18.514583333333338 10.500000000000002 113.50000000000001 2579.1550000000002 3168.8850000000007 2 3 1.8296834740614505 12.030738275513285 4 3.0279568109081638 5 133.65409289509725 1.3566824682876779 270.50000000000006 252.17500000000001 6 633.99500000000023 511.60500000000002 3101.4400000000001 1.0000000180025095e-35 2257.5450000000005 7 119.50000000000001 8 5.5000000000000009 -1.0000000180025095e-35 20.072883226279192 29.500000000000004 2.5000000000000004 2.4919269774923376 20.200395843641765 6224.1100000000015 554.27500000000009 803.25500000000011 346.50000000000006 23.439105445963964 9 2501.0100000000007 1167.1200000000001 3372.3600000000001 908.1500000000002 3890.3700000000003 28.924501424501429 14.500000000000002 10 130.50000000000003 2.5000000000000004 29.700835087010731 1.1111178434273674 11 174.50000000000003
decision_type=2 9 2 2 2 2 2 2 9 2 2 2 2 2 2 9 9 2 2 9 2 9 2 2 2 2 9 2 2 2 2 2 9 2 9 2 2 2 2 2 2 2 2 2 2 2 2 9 2 2 2 2 2 2 2 9 2 2 2 2 9 2
left_child=1 2 3 5 -5 33 14 -8 38 12 11 -11 47 -14 16 17 36 55 19 20 -12 37 -23 25 -25 -17 52 28 -7 30 -18 -4 -29 34 -1 -35 -3 -20 39 51 -38 -41 -21 -28 -45 59 -31 50 49 -49 -10 -2 53 -9 -50 -16 57 -33 -59 -40 -61 -62
right_child=8 6 31 4 -6 27 7 26 9 10 18 -13 13 -15 15 23 29 -19 21 42 -22 22 -24 24 -26 -27 43 32 -30 46 -32 56 -34 35 -36 -37 40 -39 45 41 -42 -43 -44 44 -46 -47 -48 48 54 -51 -52 -53 -54 -55 -56 -57 -58 58 -60 60 61 -63
leaf_value=-0.56705093968028442 -0.64342964028078953 -2.4507315731350006 2.3885983426138608 3.4563340967085523 -0.38516673721877909 -0.17810735743781836 -0.89096217151365276 0.38990504959725603 -0.013416407231779816 0.018811666466469035 -0.0026859062641516832 -0.23835556782057885 -1.3100222253972575 -0.17545602002394922 -0.045983768942645047 0.24766672973037346 0.17994687484469127 0.83342521787785384 0.015903377864875525 0.086204218270138452 0.38441877619808384 0.0091629685873900971 -0.69497081522426007 -0.34653853730369377 0.17384475564799118 -0.62279372230557262 -0.55064901984410786 0.32429845204312713 -0.631747370215205 0.050059213836291153 -0.022775719829309083 0.49134919514578396 -0.41859743856192466 0.11437384997365002 -0.051043172428310871 -0.3985805433359268 0.03712635685552499 -0.043775885233479174 0.013438979641835758 0.030198591561256462 0.54017717180949776 -0.11835391472552886 -0.009703384533833237 0.35469404832321311 -0.22673769017644718 -0.16033613286482692 0.99311948882189904 0.047516807432855759 0.32074562204968093 -0.40441144709922272 -0.70338459379865492 1.0990995516642472 -0.20952306455507036 -0.025056286476167245 -0.23305804868079338 0.15402823959665107 0.22521430892272676 -0.20416228998506655 0.18294359693283796 -0.0093550487576058213 0.33467406049421999 0.093291154913161742
leaf_weight=104 32 35 33 42 44 134 41 100 62 47 875 84 51 54 193 21 1355 112 390 606 44 11171 107 255 67 200 185 122 442 23 12245 40 263 554 270 65 1515 1607 365 28 963 77 87 110 389 40 26 69 49 40 47 34 99 176 24 172 137 87 33 112 174 185
leaf_count=104 32 35 33 42 44 134 41 100 62 47 875 84 51 54 193 21 1355 112 390 606 44 11171 107 255 67 200 185 122 442 23 12245 40 263 554 270 65 1515 1607 365 28 963 77 87 110 389 40 26 69 49 40 47 34 99 176 24 172 137 87 33 112 174 185
internal_value=1.14506e-05 -0.000217865 -0.00163659 -0.00232501 0.00449438 -0.00265713 -3.00629e-05 -0.00199456 0.000302174 0.000165295 0.000259637 -0.00541045 -0.00325815 -0.00856481 9.31045e-05 -0.00180841 0.000216517 0.00137755 0.000313969 0.00176471 0.00013412 0.00013368 0.000380834 -0.00463129 -0.00230769 -0.00792411 -0.00153013 -0.00427905 -0.00587219 0 -2.94053e-05 0.0024024 -0.00173969 -0.00102912 -0.00331565 0.00028135 0.00137569 -0.00123134 0.00224057 -0.0012931 0.00153164 -0.00532407 0.00378895 -0.00286944 -0.00164343 0.00301479 0.00817308 -0.00110544 0.000769231 -0.00200893 -0.00430328 0.00434783 0.000837629 0.00232975 0.00559211 -6.79348e-05 0.00108333 -0.000920245 -0.00325203 0.0033969 0.00469409 0.00611559
internal_weight=37113 20652 2370 2040 86 1954 18282 1100 16461 15414 15018 131 396 105 17182 1020 16162 477 14887 1612 919 13275 11278 543 322 221 1059 961 576 13649 13600 330 385 993 374 619 2513 1997 1047 171 2478 105 693 684 499 876 49 291 182 109 109 66 375 276 73 365 297 160 120 836 471 359
internal_count=37113 20652 2370 2040 86 1954 18282 1100 16461 15414 15018 131 396 105 17182 1020 16162 477 14887 1612 919 13275 11278 543 322 221 1059 961 576 13649 13600 330 385 993 374 619 2513 1997 1047 171 2478 105 693 684 499 876 49 291 182 109 109 66 375 276 73 365 297 160 120 836 471 359
cat_boundaries=0 2 4 6 8 10 12 14 15 17 19 20 22
cat_threshold=190899552 1057088 157335808 1058884 612631068 66096 1073807361 770094 2994733089 360595 1073938972 529704 268697748 295057 151035904 134251552 1048576 33554560 4736 537133068 16793600 2048
is_linear=0
shrinkage=0.05


Tree=137
num_leaves=63
num_cat=8
split_feature=15 1 22 2 20 22 17 5 11 18 17 20 10 10 21 10 20 16 5 21 14 5 5 5 1 19 22 1 22 16 1 5 20 17 19 2 1 22 1 21 5 22 16 16 16 17 22 18 16 11 18 6 5 10 11 10 21 11 10 10 19 10
split_gain=1.03009 1.91117 1.87085 1.75007 2.45417 1.66145 1.54726 1.51077 1.3974 1.15754 1.11506 1.35119 1.05025 1.04754 1.28874 0.988903 1.35384 2.35287 2.07908 0.965655 0.958518 0.935325 0.921685 1.41874 5.35586 1.54072 2.99637 2.43001 2.11654 1.45507 1.41124 2.38332 1.59601 2.25746 1.54967 1.31084 2.03019 1.53388 1.4566 1.28169 1.28081 1.25632 1.16647 1.10353 1.09972 1.62118 1.58854 1.0909 1.63794 1.3488 1.06115 0.990581 0.979481 0.960536 0.952014 1.19973 0.943497 0.850307 0.786298 0.772047 0.747361 1.04074
threshold=9.5000000000000018 0 24.435288629882816 1 15.500000000000002 14.228425060964632 0.80633253027532559 162.50000000000003 7922.5900000000011 3.8623255771142451 1.1562467743520979 27.500000000000004 661.3900000000001 1679.9400000000003 32.257352941176478 3745.1950000000006 22.500000000000004 1.0951343076929856 201.50000000000003 26.017241379310349 6.5000000000000009 294.50000000000006 353.50000000000006 319.50000000000006 2 1086.4950000000001 31.699105912329266 3 41.040953307403804 1.5293483133845405 4 265.50000000000006 53.500000000000007 2.0381009370404719 1205.5100000000002 5 6 37.766718139309837 7 127.08333333333336 359.50000000000006 72.499999997722114 2.0616626033328695 1.5147842397069724 2.0000022027984357 1.7142848027942685 40.739756573717621 1.6293227536075428 1.3427770771590246 4446.630000000001 2.5181651612748452 3372.3600000000001 215.50000000000003 2894.4100000000003 1303.5750000000003 1362.5050000000003 82.26136363636364 1120.7000000000003 2454.6850000000004 1618.2250000000001 1481.0200000000002 711.05500000000018
decision_type=2 9 2 1 2 2 2 2 2 2 2 2 2 2 2 2 2 2 2 2 2 2 2 2 9 2 2 9 2 2 9 2 2 2 2 1 9 2 9 2 2 2 2 2 2 2 2 2 2 2 2 2 2 2 2 2 2 2 2 2 2 2
left_child=22 3 8 5 20 -2 -6 12 15 -8 11 -10 -4 -7 19 16 18 -18 -3 -15 -5 -9 23 30 25 27 51 28 -25 47 31 32 33 -1 41 36 37 -32 52 -40 42 -33 59 -34 46 -46 -31 48 -26 -49 -29 -27 -37 -38 -42 -56 -36 -28 60 -24 61 -44
right_child=1 2 7 4 6 13 9 21 10 -11 -12 -13 -14 14 -16 -17 17 -19 -20 -21 -22 -23 40 24 29 26 57 50 -30 44 35 34 43 -35 56 38 53 -39 39 -41 54 -43 58 -45 45 -47 -48 49 -50 -51 -52 -53 -54 -55 55 -57 -58 -59 -60 -61 -62 -63
leaf_value=-0.20047545052633897 0.058526070415035394 -0.083600163487742407 0.013404115591898247 0.10330988365812993 -0.2965707197140634 -0.21953475791497362 -0.13694145724443593 0.059978145629925629 -0.1205890670409521 0.017123547990207124 -0.075959001718853086 0.044102029138099401 -0.10991582846709136 0.035283048802484542 0.089660291631494984 0.17035659911219003 0.0066256796880947988 0.09979623433272132 0.071196381987472898 -0.10897400255451251 -0.50712760017547032 -0.10927949601578001 -0.15075062568108813 0.03299724976289866 -0.17568950570592393 0.098551737557714611 -0.20485079399462763 0.64580079738195195 0.57413294547706362 0.48002456497650353 -0.015142478667217319 -0.012280535558527463 0.038898752322908695 -0.045746027993880389 0.64122004161433499 0.145370671472665 -0.060365772631506331 0.1042981381406186 -0.0053651099796148578 0.059747644033068786 2.7449657844844229 1.3078682387552107 -1.3289975726479559 -0.06261519794610991 0.095868565767036534 -0.31053332787571081 -0.50440994867764499 0.13734212052645098 -0.35790153749936754 -0.20659419983614313 -0.10180673581650659 0.7174955725217711 -0.29354345973194479 -0.19325544159109215 -0.81415510969140414 0.2755721635801372 0.025773641624463651 -0.86177292727340038 1.6061440884382336 -0.35266891630816155 0.2920265443962009 -0.062795652452750525
leaf_weight=644 172 138 20 100 56 20 217 66 42 75 42 56 84 83 112 58 266 335 70 86 25 25 74 497 295 126 78 382 193 106 3942 470 569 645 81 1313 3627 1663 12181 3885 42 55 62 1640 449 464 38 84 120 45 32 144 58 406 52 76 64 73 27 68 53 142
leaf_count=644 172 138 20 100 56 20 217 66 42 75 42 56 84 83 112 58 266 335 70 86 25 25 74 497 295 126 78 382 193 106 3942 470 569 645 81 1313 3627 1663 12181 3885 42 55 62 1640 449 464 38 84 120 45 32 144 58 406 52 76 64 73 27 68 53 142
internal_value=6.06208e-06 0.00106927 0.00238683 -0.000573514 -0.00272634 0.00149177 -0.00498575 -0.00189394 0.00329208 -0.00322034 -0.00104895 0.00148515 -0.00607477 -0.000575658 8.80282e-05 0.00405172 0.00347906 0.00467715 0 -0.00247093 0.00292969 0.00239362 -5.79101e-05 -2.25474e-05 0.000990732 0.00310468 0.000412736 0.00411021 0.00206259 -0.00100682 -0.000125616 -0.000980627 -0.00151385 -0.00292183 0.00170877 4.61459e-06 -0.000461092 0.000146849 0.000265043 0.000127495 -0.00200334 0.000331439 -0.0034965 -0.000666817 2.35849e-05 -0.000573144 0.00408163 -0.00310786 -0.00436603 0.000568182 0.00714286 0.003663 0.00182442 -0.00131611 0.00144509 -0.000381679 0.00625 -0.00503247 -0.00139373 -0.00724138 -0.00240385 -0.00386473
internal_weight=37113 2148 1202 946 473 473 348 195 1007 292 140 98 104 301 281 867 809 601 208 169 125 91 34965 34369 3126 1525 421 1104 690 1601 31243 4168 3498 1289 670 27075 9638 5605 17437 16066 596 525 426 2209 1057 913 144 544 415 129 414 270 1371 4033 170 128 145 151 284 142 257 204
internal_count=37113 2148 1202 946 473 473 348 195 1007 292 140 98 104 301 281 867 809 601 208 169 125 91 34965 34369 3126 1525 421 1104 690 1601 31243 4168 3498 1289 670 27075 9638 5605 17437 16066 596 525 426 2209 1057 913 144 544 415 129 414 270 1371 4033 170 128 145 151 284 142 257 204
cat_boundaries=0 2 3 5 7 9 10 12 14
cat_threshold=2181071045 82705 2520 211818207 104075 157 37378 136320578 5385 2118 3055337745 1180214 1078132736 673858
is_linear=0
shrinkage=0.05


Tree=138
num_leaves=60
num_cat=6
split_feature=15 12 4 5 17 17 5 19 4 6 21 9 5 8 8 10 11 13 2 16 2 15 2 4 8 11 21 15 10 6 10 19 19 19 6 9 9 9 5 10 5 17 8 19 19 6 10 21 9 10 21 9 11 8 10 5 17 11 5
split_gain=1.04875 1.20142 1.32773 2.24258 1.21376 1.03057 1.52726 1.79298 1.60737 1.88648 1.49631 1.55554 1.52019 1.36845 1.30029 2.35253 1.4406 1.22769 3.20187 2.39528 2.5543 2.23403 2.80281 1.93637 1.86591 0.95103 0.988421 0.902772 2.13151 0.917798 0.897867 0.845644 0.825766 0.926198 0.974699 0.852333 0.811413 2.14818 0.93963 0.706513 1.06661 0.66699 0.948887 0.885565 0.658321 1.07823 0.577408 0.695808 0.570929 0.849462 0.536314 0.421879 0.404009 0.368525 0.315833 0.298213 0.293372 0.173963 0.0309144
threshold=7.5000000000000009 1.5000000000000002 0 148.50000000000003 1.5384615384615388 2.0463597758153407 180.50000000000003 1470.4400000000001 1 1376.8900000000001 31.513157894736846 1623.3650000000002 215.50000000000003 448.42500000000007 540.15500000000009 2323.275000000001 1984.1050000000002 1.0000000180025095e-35 2 0.95877326446282818 3 2.5000000000000004 4 5 1383.8450000000003 1080.6750000000004 18.514583333333338 2.5000000000000004 1091.4050000000002 5898.4900000000007 2480.1800000000007 2631.2900000000009 4313.3250000000007 3106.7700000000004 7388.420000000001 351.60500000000008 1146.1000000000001 846.5100000000001 82.500000000000014 -1.0000000180025095e-35 292.50000000000006 2.9003824133111071 1192.1800000000003 45.204999999999934 757.55500000000018 1734.8500000000001 2619.8600000000006 175.55000000000004 1543.1950000000004 1720.7700000000004 45.020000000000003 1059.2450000000001 889.31500000000005 719.94500000000016 917.05000000000007 162.50000000000003 1.311219598121806 6086.6150000000007 155.50000000000003
decision_type=2 2 9 2 2 2 2 2 9 2 2 2 2 2 2 2 2 2 1 2 1 2 1 9 2 2 2 2 2 2 2 2 2 2 2 2 2 2 2 2 2 2 2 2 2 2 2 2 2 2 2 2 2 2 2 2 2 2 2
left_child=1 5 4 30 55 17 14 8 9 -8 11 -9 -12 -10 15 16 -7 18 36 20 52 24 -23 -22 -21 50 31 29 -29 -16 41 53 33 34 35 -28 37 -1 -38 -20 -41 43 -43 -4 45 -6 47 51 49 -35 -2 -5 -19 -27 -46 -3 -36 -34 -52
right_child=25 2 3 46 44 6 7 10 13 -11 12 -13 -14 -15 27 -17 -18 19 39 21 23 22 -24 -25 -26 26 32 28 -30 -31 -32 -33 57 48 56 -37 38 -39 -40 40 -42 42 -44 -45 54 -47 -48 -49 -50 -51 58 -53 -54 -55 -56 -57 -58 -59 -60
leaf_value=0.060754957280074788 0.025669281090309505 -0.41331730232131447 1.8194544114735933 -1.7060837727841667 -0.10378959729596815 -0.093742113082215542 0.84322144187181891 0.036421490865211584 -0.0049076545208841084 -0.034000939476744922 0.15061947016047272 3.0526632606215891 -0.30069735321585256 0.59532618600408183 0.013548269657011502 -0.58154835040279562 0.36453704238866536 -0.15011384020581639 0.15371807256616388 -0.090044617730860921 -0.3574464244580936 -0.038178637570991471 0.016050205292151534 0.16758695562528134 -0.35589422769186502 -0.14518802117877774 0.049139431546122575 1.5367039104814062 0.022375036799320472 -0.27795274654408236 -0.90701584335879426 -0.15562345301832226 0.32636379399992493 -0.12702154856674711 0.03718023593054607 0.0084387871292967986 0.26374980848431501 0.38011968923518752 -0.2909211494238278 -1.7326769819571148 0.1479072008687993 1.1201184889729796 0.21171415173395475 -0.39483290585638681 -2.4570303241113591 -2.9054741512777276 1.3531763144556408 -0.064583809240693318 -0.33811473468167974 0.060602577562327037 -0.22551129531496114 -0.2035886784188623 -0.48679520821835354 0.070387948340899967 0.31183301826870108 0.76743307491131962 0.017809631216567291 0.022554947026422578 -0.26710537594687089
leaf_weight=1488 20 20 39 39 37 2434 409 524 239 1282 130 24 393 907 3429 37 74 28 38 4334 124 3553 11083 197 240 21 150 94 1054 68 35 30 39 28 73 3436 26 60 31 88 27 49 24 44 20 62 27 24 28 24 23 32 210 34 30 21 32 20 27
leaf_count=1488 20 20 39 39 37 2434 409 524 239 1282 130 24 393 907 3429 37 74 28 38 4334 124 3553 11083 197 240 21 150 94 1054 68 35 30 39 28 73 3436 26 60 31 88 27 49 24 44 20 62 27 24 28 24 23 32 210 34 30 21 32 20 27
internal_value=-6.06208e-06 -9.96046e-05 -0.00251976 -0.000230061 -0.00566502 -6.05308e-05 0.000328799 0.00112503 0.00178697 0.000748239 -0.000581937 0.00117967 -0.00251901 0.00323555 -9.73168e-05 -0.0010106 -0.000796495 -0.000263586 0.000993754 -0.00037806 -0.0036032 -0.00028106 1.70777e-05 -0.000374251 -0.00124536 0.000758526 0.00087417 0.000392642 0.0016073 0 0.00296392 -0.00426136 0.00100444 0.000894277 0.00102193 0.00086375 0.00168418 0.00193424 -0.00375 -0.00557229 -0.00783898 0.00471698 0.00822368 0.000872093 -0.00805921 -0.0105392 -0.0056 -0.00739796 -0.00421687 0 -0.00479452 -0.0097973 -0.00737052 0 -0.00188679 0.000568182 0.00578704 0.00685484 -0.00754717
internal_weight=37113 33128 503 313 190 32625 11098 3908 2837 1691 1071 548 523 1146 7190 2545 2508 21527 1758 19769 559 19210 14636 321 4574 3985 3915 4645 1148 3497 191 85 3830 3771 3691 3586 1605 1548 57 153 115 156 73 83 149 99 122 95 80 52 70 71 238 55 50 41 105 59 50
internal_count=37113 33128 503 313 190 32625 11098 3908 2837 1691 1071 548 523 1146 7190 2545 2508 21527 1758 19769 559 19210 14636 321 4574 3985 3915 4645 1148 3497 191 85 3830 3771 3691 3586 1605 1548 57 153 115 156 73 83 149 99 122 95 80 52 70 71 238 55 50 41 105 59 50
cat_boundaries=0 1 2 3 4 5 6
cat_threshold=9 7 2084 1430 2088 20
is_linear=0
shrinkage=0.05


Tree=139
num_leaves=51
num_cat=7
split_feature=22 11 7 16 7 16 1 21 9 11 15 10 1 8 1 22 17 23 17 1 8 2 7 15 23 18 18 1 21 11 21 23 2 7 18 21 15 8 8 19 8 7 10 18 8 8 7 17 21 17
split_gain=0.92729 1.77412 0.93448 3.10986 2.70149 1.91963 3.85091 2.29897 2.16215 2.00874 1.70723 1.66617 1.7136 1.62855 3.69079 1.60846 1.49826 1.48671 1.24648 1.62577 1.55559 1.41357 1.30134 1.28662 1.21394 2.13573 1.15048 1.1076 1.0947 1.07759 1.0358 0.902924 0.895894 0.873768 0.841146 0.639739 0.503059 0.651199 0.457409 0.44 0.422526 0.773422 0.416695 0.39477 0.352263 0.312836 0.29561 0.85437 0.244983 0.147291
threshold=235.82011152571363 926.3950000000001 -1.0000000180025095e-35 1.6232050022123847 -462.12499999999994 0.21695061192489654 0 123.06250000000001 567.71500000000015 1750.6550000000004 1.5000000000000002 828.02500000000009 1 165.35500000000005 2 81.286940183696515 1.1257198383115916 3.5000000000000004 0.61536805492666291 3 179.45500000000004 4 373.2050000000001 3.5000000000000004 9.5000000000000018 0.74023444528410531 2.6610461873403151 5 199.45000000000002 2085.2250000000004 96.77500000000002 12.500000000000002 6 143.71500000000003 0.68179622352459113 105.21111111111112 2.5000000000000004 909.32500000000016 -1.0000000180025095e-35 1234.6800000000001 579.77500000000009 756.61500000000012 1132.5850000000003 0.2248390793765728 727.61500000000012 374.52500000000003 -182.96499999999997 1.5322128557806927 295.25000000000006 0.69951360853932698
decision_type=2 2 2 2 2 2 9 2 2 2 2 2 9 2 9 2 2 2 2 9 2 1 2 2 2 2 2 9 2 2 2 2 1 2 2 2 2 2 2 2 2 2 2 2 2 2 2 2 2 2
left_child=2 45 3 4 29 6 7 8 27 11 44 12 -8 14 28 43 -12 35 19 26 21 -20 -21 -22 25 -16 -15 -4 33 38 -10 -19 -26 -7 -17 -11 37 -18 -1 -13 42 -42 -3 -9 -5 -2 47 -6 -43 -48
right_child=1 40 5 10 46 13 9 15 30 17 16 39 -14 18 24 34 36 31 20 22 23 -23 -24 -25 32 -27 -28 -29 -30 -31 -32 -33 -34 -35 -36 -37 -38 -39 -40 -41 41 48 -44 -45 -46 -47 49 -49 -50 -51
leaf_value=1.6855406544406499 0.13207134246612426 -1.9162032506067073 -0.094655931039048374 -1.7920779062136292 -1.5158248675830543 0.0097080838564878036 0.61085312665702107 3.2422500642251317 0.28634099890341036 0.043302083665309965 -0.29906993731060327 -0.70751446961590259 -0.42577639831696956 -0.045551079543236742 -0.22158260084282411 1.0814155372479675 -0.75675443692586597 0.25024831419668064 -0.0060787001429715385 -0.44696689131728001 -0.021687619952692219 0.15666704628467373 -0.046133171818475566 0.0079795054090837422 0.042286389079761837 -0.57731429418644564 0.42261854097493345 0.17462449548784387 1.7977476993629169 -0.98887495927620361 -0.022263149335639554 -0.021660624212039892 -0.064218491603461034 0.76378888866236139 -2.1328552310067117 -1.5018686107429098 1.1922198557881458 3.3216366622964717 -0.059719658508916321 -1.4673010500300696 1.9333456611432269 -0.47158912768476002 -0.82417275694747527 0.73831754508480152 -3.1801971055552949 2.4130676840589391 -1.525261295600262 0.095774146462856188 -1.502463232730598 -1.9097798421963508
leaf_weight=29 38 30 373 26 49 176 127 62 184 27 36 30 260 147 697 72 36 147 242 238 18031 248 197 14087 109 99 39 242 28 24 35 59 193 41 21 28 79 25 30 22 21 20 25 223 20 21 20 27 23 50
leaf_count=29 38 30 373 26 49 176 127 62 184 27 36 30 260 147 697 72 36 147 242 238 18031 248 197 14087 109 99 39 242 28 24 35 59 193 41 21 28 79 25 30 22 21 20 25 223 20 21 20 27 23 50
internal_value=-2.08805e-05 -0.00359116 -2.03043e-06 -0.00225771 -0.00635776 2.46663e-05 0.00156658 0.00326531 0.00173238 -0.0013324 0.00177778 -0.00345023 -0.00211538 -5.92914e-05 -0.00176449 0.00656168 0.00418994 0.00198864 8.27516e-06 -0.00220353 5.21296e-05 0.00283976 -0.00385045 7.78307e-06 -0.0030153 -0.00406758 0.00150754 0.000121359 0.00358527 0.000290698 0.00596847 0.00406699 -0.000163934 0.00215909 0.000260417 -0.00474138 0.00664336 0.00195312 0.00443548 -0.0118182 -0.00717213 -0.00298507 -0.0107759 0.00842014 -0.00612245 0.00282258 -0.0104027 -0.00632911 -0.00706522 -0.0136986
internal_weight=37113 178 36935 451 229 36484 1912 1212 834 700 222 439 387 34572 1343 378 176 261 33229 621 32608 490 435 32118 1098 796 186 615 245 83 219 206 302 217 93 55 140 61 59 52 119 64 55 285 46 59 146 76 43 70
internal_count=37113 178 36935 451 229 36484 1912 1212 834 700 222 439 387 34572 1343 378 176 261 33229 621 32608 490 435 32118 1098 796 186 615 245 83 219 206 302 217 93 55 140 61 59 52 119 64 55 285 46 59 146 76 43 70
cat_boundaries=0 2 4 6 8 9 11 12
cat_threshold=835065064 104112 2148007936 278528 2183136323 16403 537133092 69648 837 537137224 640 3138
is_linear=0
shrinkage=0.05


Tree=140
num_leaves=63
num_cat=20
split_feature=5 1 9 1 9 11 16 4 1 0 2 11 20 11 5 21 10 10 11 2 5 11 1 10 18 1 1 20 2 1 5 18 18 20 2 16 1 1 19 16 5 18 1 10 10 18 1 20 19 18 1 4 20 21 18 18 18 18 21 1 21 6
split_gain=1.00434 4.47536 1.35964 1.24521 1.13279 1.11929 1.3899 0.962787 2.63695 2.33431 2.22781 2.16538 1.97333 1.46038 1.35624 1.66691 1.82392 1.39573 1.43952 1.28898 1.67388 1.76538 1.57862 1.27438 1.64571 1.24919 1.23461 1.89919 1.72695 2.14233 2.05141 2.06723 1.52022 1.61539 1.4815 2.32691 2.22171 1.38096 1.32002 1.17854 1.14388 1.06775 2.90131 1.0603 1.44497 1.03919 3.06237 2.64847 2.14741 2.01807 2.00202 1.26767 0.992573 1.45028 0.975134 1.16735 0.912254 0.864015 0.860112 0.841582 0.724972 0.713114
threshold=350.50000000000006 0 269.77000000000004 1 1674.7100000000003 6730.8250000000007 1.580204107503518 2 3 4 5 2388.4650000000006 129.50000000000003 3639.9400000000005 30.500000000000004 187.10000000000002 980.04000000000008 3034.6850000000004 2850.7150000000006 6 329.50000000000006 6536.1850000000013 7 302.49000000000007 0.97011058223085611 8 9 448.50000000000006 10 11 10.500000000000002 0.93139756767441861 3.1563703263881395 62.500000000000007 12 1.6910875814126198 13 14 1735.8250000000003 1.5147842397069724 38.500000000000007 0.2707184308589054 15 2323.275000000001 588.66500000000019 1.0852230049888576 16 22.500000000000004 309.58999999999997 3.8623255771142451 17 18 19.500000000000004 56.51315789473685 0.63728292043495094 0.853380118410063 1.2077999818183953 2.9473408433600565 27.032258064516132 19 217.70833333333334 2501.0100000000007
decision_type=2 9 2 9 2 2 2 9 9 1 1 2 2 2 2 2 2 2 2 1 2 2 9 2 2 9 9 2 1 9 2 2 2 2 1 2 9 9 2 2 2 2 9 2 2 2 9 2 2 2 9 9 2 2 2 2 2 2 2 9 2 2
left_child=7 58 -3 61 -5 6 -6 8 19 14 23 12 -12 -13 15 16 -10 18 -16 25 21 22 -21 -11 -25 43 27 34 29 30 39 -32 57 -34 35 37 -37 -9 40 -28 -29 42 -36 44 -1 48 49 -48 51 -47 -50 -30 -27 -54 -22 -56 -23 -31 -2 -43 -42 -4
right_child=1 2 3 4 5 -7 -8 26 9 10 11 13 -14 -15 17 -17 -18 -19 -20 20 54 56 -24 24 -26 52 28 38 45 32 31 -33 33 -35 41 36 -38 -39 -40 -41 60 59 -44 -45 -46 46 47 -49 50 -51 -52 -53 53 -55 55 -57 -58 -59 -60 -61 -62 -63
leaf_value=-0.21158935237193363 -0.0020762342793172908 1.055270714482188 0.054467732244067694 -0.45848127665083749 0.29141140186560438 -0.19071244442702026 -0.007183957135741892 -0.0088272137720197819 -1.072266566730415 -1.5309515613140983 -1.0276442474639709 0.29536843107718264 -0.27581690395578845 -0.18870476111477219 0.11180178886063033 1.2179516877210617 -0.0070131602782716133 0.16416801499821718 -0.040149939779443859 -0.15298011647155293 1.279657588816778 0.0032829820110459986 0.014284466016481723 1.3139117408941177 -0.0017532127314254355 0.0022284375524393774 -0.090433345982786059 -0.13413642603626955 -0.24417770187310595 0.035582215721401411 0.023068158395754781 -0.092966646212471471 0.24261389985008572 -0.089313785066421403 0.14430810426279236 -0.25081027738706291 -0.018923698204471862 0.10061984278712154 -0.61248613714317557 0.49240696138990647 4.6512975362755276 0.053166889766743886 -0.49651676585948651 -0.25534941029042829 0.4391013601288094 0.11866328740117425 -0.17581266667002496 -0.0047436948297695739 0.0017088762838632478 -0.1050722549560959 -0.1345710006741804 -0.03126171275613903 -0.36134322510745487 -0.36617262101624704 -0.66090650730879508 0.20685562335980681 -0.317975483084944 -0.2460181214912403 0.73784285024656815 0.024453931782587549 6.1903455674976247 -0.25197373506910242
leaf_weight=29 21 28 191 318 21 32 26 588 80 21 188 84 135 103 1515 26 133 130 408 716 51 22 1099 94 215 96 23 23 633 4102 1100 1091 120 48 527 752 1463 442 72 96 111 1860 276 29 92 1045 263 2139 4698 93 1199 758 223 387 20 50 97 29 83 6681 27 91
leaf_count=29 21 28 191 318 21 32 26 588 80 21 188 84 135 103 1515 26 133 130 408 716 51 22 1099 94 215 96 23 23 633 4102 1100 1091 120 48 527 752 1463 442 72 96 111 1860 276 29 92 1045 263 2139 4698 93 1199 758 223 387 20 50 97 29 83 6681 27 91
internal_value=-1.27977e-05 -0.00175061 -0.00322917 -0.00377566 -0.00554878 0 0.0045 2.479e-05 -0.000549042 0.000445151 -0.00177936 -0.00382409 -0.00636503 0.000131579 0.0012854 -0.00216942 -0.00381944 0.00171449 0.00133697 -0.00163304 -0.000906673 -0.00129066 -0.000866337 0.00131195 0.00232372 -0.00327963 0.00014122 0.000514219 -0.000130372 0.000502114 -0.000710288 -0.0010825 0.00116535 0.00584795 0.000426858 -0.000483425 -0.00140893 0.00145208 0.00497881 0.00553279 0.00746951 0.000748103 -0.000961538 0.000613497 0.00302419 -0.00052117 0.000169348 -0.000828157 -0.000864079 0.00230235 -0.000436441 -0.0026363 -0.00417246 -0.00497553 0.0046371 0 -0.00717213 0.000961538 0.00726496 0.000915847 0.00921986 -0.000847458
internal_weight=37113 811 707 679 397 79 47 36302 6043 3132 840 510 323 187 2292 239 213 2053 1923 2911 2055 1934 1815 330 309 856 30259 12822 17437 6609 2310 2191 4299 168 12589 3245 2215 1030 233 119 161 9344 803 150 121 10828 3540 2402 7288 1138 5897 1391 706 610 121 70 119 4131 104 8541 138 282
internal_count=37113 811 707 679 397 79 47 36302 6043 3132 840 510 323 187 2292 239 213 2053 1923 2911 2055 1934 1815 330 309 856 30259 12822 17437 6609 2310 2191 4299 168 12589 3245 2215 1030 233 119 161 9344 803 150 121 10828 3540 2402 7288 1138 5897 1391 706 610 121 70 119 4131 104 8541 138 282
cat_boundaries=0 2 4 5 7 8 9 10 12 14 16 17 19 20 22 24 26 28 30 31 33
cat_threshold=2130432 513 34083020 16512 33 27715271 1413764 1 1760 330 2286593 1053188 2129920 266240 1369096327 1545356 2571 2321887240 540962 2561 277397506 1348608 16777351 69632 17301637 99456 140850216 540768 2785292352 17202 24 268451842 1347588
is_linear=0
shrinkage=0.05


Tree=141
num_leaves=63
num_cat=2
split_feature=15 21 8 7 18 4 17 19 5 16 23 21 17 19 17 21 21 5 17 23 16 15 23 21 21 21 21 21 21 5 10 21 21 17 10 21 17 7 7 10 18 18 7 16 8 5 9 21 21 16 23 5 15 23 7 5 19 21 21 4 7 21
split_gain=0.787778 1.50242 1.38613 1.38266 2.02485 1.11101 2.65442 2.44305 2.0997 1.90132 1.52059 1.4033 1.33591 2.00309 1.75851 1.53225 1.64366 1.31144 1.70042 1.26157 1.84785 1.4145 2.75661 2.3544 1.17905 2.02613 1.15589 1.14806 1.12269 1.09325 1.09227 1.17748 1.06481 1.00384 1.04051 0.974818 2.91731 1.14417 0.928579 0.909185 0.891873 2.58281 1.45532 2.5822 2.26057 1.50974 1.3383 1.28767 1.08118 1.04799 2.02195 1.65507 0.806593 0.739166 0.678532 0.639468 0.585386 0.585051 0.559913 0.484614 0.482008 0.450245
threshold=3.5000000000000004 18.514583333333338 -1.0000000180025095e-35 756.61500000000012 0.72391099990079155 0 1.4697032788760447 1735.8250000000003 26.500000000000004 1.5603923651569076 3.5000000000000004 109.38750000000002 3.518417933307038e-05 1830.1700000000003 0.99999445588277125 111.06250000000001 123.06250000000001 329.50000000000006 1.2710859993584009 9.5000000000000018 2.025899696865705 2.5000000000000004 1.5000000000000002 113.05555555555557 90.045454545454561 83.387500000000017 122.10000000000001 61.519230769230781 134.29166666666671 81.500000000000014 363.98500000000007 179.10000000000002 21.357142857142858 1.5238170145698593 2723.4300000000007 72.70714285714287 0.90418370714450924 1277.3550000000002 554.27500000000009 324.2050000000001 0.65192786147545578 0.60277769189288932 352.15000000000003 0.55945774487833499 352.87500000000006 26.500000000000004 551.13500000000022 22.509259259259263 60.026315789473692 1.3333558952110012 9.5000000000000018 72.500000000000014 5.5000000000000009 3.5000000000000004 384.06999999999999 146.50000000000003 660.34000000000003 72.232142857142875 135.3666666666667 1 -182.96499999999997 117.06250000000001
decision_type=2 2 2 2 2 9 2 2 2 2 2 2 2 2 2 2 2 2 2 2 2 2 2 2 2 2 2 2 2 2 2 2 2 2 2 2 2 2 2 2 2 2 2 2 2 2 2 2 2 2 2 2 2 2 2 2 2 2 2 9 2 2
left_child=5 3 60 4 -2 6 7 17 11 26 28 54 13 27 15 24 61 35 -19 21 -21 22 -16 -23 25 -14 38 56 32 -15 59 -32 -9 58 -35 36 -1 -37 -10 -26 41 49 43 48 -44 -45 -46 -43 -42 51 -51 -4 -49 -18 -8 -5 -7 -22 -11 -29 -3 -17
right_child=1 2 40 55 -6 12 8 10 9 33 -12 -13 14 29 19 16 53 18 -20 20 57 23 -24 -25 39 -27 -28 30 -30 -31 31 -33 -34 34 -36 37 -38 -39 -40 -41 42 47 44 45 46 -47 -48 52 -50 50 -52 -53 -54 -55 -56 -57 -58 -59 -60 -61 -62 -63
leaf_value=-1.8670112282350098 0.01330558320020736 -1.4818915686705147 -0.23278677218073335 0.23616548344791957 -0.35513214623482237 0.042319628611289774 -1.983174227264433 0.74611026431153538 -0.55624834688792502 3.3030817151783651 1.0096278614262055 0.61346324896790072 -0.5077994699529832 -0.9489126783557652 0.012103162846742066 0.050811722744425941 -0.26064215413134095 0.34440536141406319 -0.2693401166649238 0.77987783230412022 -2.3385465850440097 -0.02595065859726713 -0.17455019423949808 0.15252579489088305 0.075232636445376505 0.93740224920159188 0.1474680149500614 0.47107163787167394 0.99341281015820337 0.061822314291045191 0.15905314252498146 1.1900770249797306 -1.4938303818171115 0.094656471034661405 -0.62810630801146283 -0.65514664030259917 0.74056646560802908 0.069650258572572107 -0.0043824494098082317 -1.0472488727667579 -0.0017586472653964515 -0.19701409666804653 0.43405706054167403 0.08414694405799672 0.097979223797345583 -0.070309323166478602 0.0028760150288329456 0.2078283881406712 0.091772163086265846 0.0020992383320468377 0.085182500553907303 0.00046014851149784876 0.13298954443382316 0.44380757608467436 -1.2632789729028859 -0.010762215172780643 1.3095976243353491 -0.43378457625898331 0.35188700916613702 -0.3666354158838509 -0.071093401926761154 1.4931629258901395
leaf_weight=23 44 21 136 24 55 25 26 28 159 24 30 73 181 56 7889 26 243 34 34 32 26 2112 2721 2958 20 20 71 101 33 91 267 52 23 1852 49 530 62 38 80 86 332 28 51 176 1019 1874 9624 297 275 1295 484 503 182 92 129 21 87 72 24 142 20 31
leaf_count=23 44 21 136 24 55 25 26 28 159 24 30 73 181 56 7889 26 243 34 34 32 26 2112 2721 2958 20 20 71 101 33 91 267 52 23 1852 49 530 62 38 80 86 332 28 51 176 1019 1874 9624 297 275 1295 484 503 182 92 129 21 87 72 24 142 20 31
internal_value=-6.06208e-06 0.000250547 0.000298713 -0.0047619 -0.00808824 -0.000213023 -0.00104948 -0.00349045 -0.000210843 0.000232095 0.00299145 -0.0047619 -4.90111e-05 0.00191141 -0.000149891 -0.00259972 -0.000379747 -0.00459254 0.00140845 -3.79435e-05 -0.00488722 0 -0.000325073 0.000689927 -0.00524194 -0.00257353 -0.00335463 0.00310192 0 -0.00316667 0.0020354 0.00395963 -0.00509259 0.00083248 0.000617122 -0.00529726 0 -0.00604203 -0.00506198 -0.00963303 0.000325573 0.00111851 0.000147896 -0.000892857 0.00041133 -0.00175353 0.000354593 0.00436275 0.00192623 0.000413052 0.00105219 -0.00128505 0.00503112 -0.00184911 -0.00743671 0.0015625 0.00782609 -0.00841584 0.00784314 -0.000304878 -0.00852273 0.00708333
internal_weight=37113 16461 16317 144 99 20652 3322 835 2487 2259 114 228 17330 821 16509 699 392 721 68 15810 130 15680 10610 5070 307 201 310 674 84 147 562 319 51 1949 1901 653 85 568 239 106 16276 2925 13351 2657 10694 2050 10643 507 607 2418 1779 639 479 335 155 45 112 98 48 243 41 57
internal_count=37113 16461 16317 144 99 20652 3322 835 2487 2259 114 228 17330 821 16509 699 392 721 68 15810 130 15680 10610 5070 307 201 310 674 84 147 562 319 51 1949 1901 653 85 568 239 106 16276 2925 13351 2657 10694 2050 10643 507 607 2418 1779 639 479 335 155 45 112 98 48 243 41 57
cat_boundaries=0 1 2
cat_threshold=33 10
is_linear=0
shrinkage=0.05


Tree=142
num_leaves=63
num_cat=8
split_feature=18 21 21 2 23 2 7 17 17 9 16 9 22 0 2 5 23 21 2 22 22 22 6 7 23 21 6 17 2 18 18 11 11 11 21 23 21 8 22 21 11 5 21 8 7 21 6 21 22 8 7 2 16 7 8 7 22 5 2 21 12 17
split_gain=0.746026 1.21597 1.65736 1.33028 1.39029 0.992721 1.62841 2.10195 1.10069 1.07923 1.55395 1.39353 1.0574 0.84294 4.46375 6.42737 13.1815 8.77433 2.10826 2.35634 1.90115 2.11431 1.8887 2.24176 2.12054 3.28953 1.80356 1.70647 4.27424 1.82821 1.73272 1.68787 2.4922 2.28268 1.64001 1.6381 1.78555 1.75106 1.56237 1.53853 2.24853 1.48052 1.31731 1.3035 1.51117 1.30168 1.1624 1.98138 2.36786 1.61221 1.58297 1.53 1.1163 2.24853 1.32677 2.01531 1.73765 1.23231 1.15206 1.10854 1.10418 1.07227
threshold=3.1563703263881395 33.947619047619057 37.051315789473691 0 7.5000000000000009 1 864.61500000000012 1.3225165246576509 1.9895039082367292 1585.5300000000004 1.7148557355987382 1130.1850000000002 27.918034752453789 2 3 180.50000000000003 3.5000000000000004 115.05555555555557 4 29.176025665915461 49.506565210888617 53.860906534764183 1376.8900000000001 165.35500000000005 9.5000000000000018 168.55000000000004 2012.74 1.9999742566032597 5 0.90479756149613844 2.6610461873403151 2819.0950000000007 2411.0150000000008 1574.3850000000002 67.677083333333357 8.5000000000000018 66.031250000000014 874.55500000000018 17.180455581428841 54.575187969924819 2388.4650000000006 12.500000000000002 50.023809523809533 755.94000000000017 360.31500000000005 106.07142857142858 2012.74 53.023809523809533 57.138008175841144 288.03000000000003 737.3950000000001 6 0.21695061192489654 -1.0000000180025095e-35 827.04500000000019 227.03500000000005 185.46192241195732 123.50000000000001 7 35.019230769230781 1.5000000000000002 2.1751758365269178
decision_type=2 2 2 1 2 1 2 2 2 2 2 2 2 1 1 2 2 2 1 2 2 2 2 2 2 2 2 2 1 2 2 2 2 2 2 2 2 2 2 2 2 2 2 2 2 2 2 2 2 2 2 1 2 2 2 2 2 2 1 2 2 2
left_child=13 3 -3 -2 -5 8 7 12 -4 11 -11 -8 -7 18 15 16 17 -15 19 31 35 -22 23 24 25 -16 61 30 60 -30 41 32 33 -1 -26 37 -37 -21 -32 -25 -41 -24 -28 44 -18 -34 47 50 51 -50 59 -49 53 57 56 -56 -54 -48 -55 -20 -29 -17
right_child=1 2 5 4 -6 6 9 -9 -10 10 -12 -13 -14 14 22 26 43 -19 46 20 21 -23 27 39 34 -27 42 28 29 -31 38 -33 45 -35 -36 36 -38 -39 -40 40 -42 -43 -44 -45 -46 -47 52 48 49 -51 -52 -53 54 58 55 -57 -58 -59 -60 -61 -62 -63
leaf_value=0.46294132958014489 -0.048488289675930579 0.17037720813131882 0.057919577613360224 -0.21103541606860327 0.029275175887557126 0.073667967028750253 -0.031790953835588102 -0.37013711178981662 0.5687609829306659 0.15666290572428176 -0.24378545946665434 1.1488015410174832 -0.35680195015318683 -2.0701741757290324 -0.57080505941802162 0.021564331768557921 -0.18829708960085229 0.038636018446763391 0.16280985830958344 -0.14923417019635643 0.72785460519087131 0.0056690788726037056 -0.31598070818560164 0.12892938876340451 -0.0014649569075102953 1.0419785614545802 -0.74879058287627653 -0.019781267248213653 -0.71967667710230965 -0.054222885945275939 0.011631076689638321 -0.0018940987770889707 0.57606563206278416 -0.021953975147329177 0.76561363805293114 -0.16110579173669751 0.60752694426874754 -0.55460364018398778 -0.39608606862095219 0.10022958939165996 -0.10824693462828705 0.015374987832581866 0.54592559536799712 -0.16843728267939043 0.39444510977474895 0.11930716570260672 -0.039606248778460085 0.062019054138760056 -0.53675173142822286 1.0594928869851061 2.5185563447867212 -0.1792247680038031 -0.01878882026393569 0.4989351893636661 0.42901040042440752 0.0044609590326047058 -0.79765295541763881 -1.1681218333783057 0.032024079124614246 0.45290904616539618 1.0208632055390063 0.98660962507034045
leaf_weight=697 239 62 277 23 201 154 32 90 40 111 106 43 52 314 360 118 57 103 485 184 57 285 83 1179 100 72 40 847 400 177 47 364 90 329 39 52 46 99 105 1762 424 2319 21 99 171 27 64 366 70 277 182 627 12755 192 249 7832 106 64 1127 43 25 152
leaf_count=697 239 62 277 23 201 154 32 90 40 111 106 43 52 314 360 118 57 103 485 184 57 285 83 1179 100 72 40 847 400 177 47 364 90 329 39 52 46 99 105 1762 424 2319 21 99 171 27 64 366 70 277 182 627 12755 192 249 7832 106 64 1127 43 25 152
internal_value=-6.73564e-07 0.00111654 0.00213918 -0.000912017 0.00168776 0.00151432 0.000166389 -0.00234114 0.00371212 0.00288136 0.000795455 0.00801282 0.000239234 -4.69372e-05 -0.000465787 -0.00346967 -0.00609103 -0.0119643 9.27939e-05 0.00156041 -0.00072314 0.00188406 -4.71579e-05 0.000723534 -0.00213415 -0.00390805 0.00217066 -0.000817524 -0.00218664 -0.0054661 -1.95542e-05 0.00269868 0.00364311 0.00276968 0.00299296 -0.0031901 0.0019802 -0.00515734 -0.00516129 0.00122476 0.000411147 0.00029106 -0.00507813 0.00128788 0.0034632 0.010625 -3.9874e-05 0.00109596 0 0.0035 0.00322581 -0.00128012 -0.000146258 0.00118966 -0.000241108 0.00025668 -0.000557758 -0.00496183 0.00183434 0.00169492 0 0.0040293
internal_weight=37113 1430 967 463 224 905 588 296 317 292 217 75 206 35683 9014 1075 744 417 26669 2230 723 342 7939 3936 571 432 331 4003 1449 577 2554 1507 1143 1026 139 381 98 283 152 3365 2186 2402 61 327 228 117 24439 2050 1340 347 710 993 22389 1447 20942 8081 12861 128 1319 528 872 270
internal_count=37113 1430 967 463 224 905 588 296 317 292 217 75 206 35683 9014 1075 744 417 26669 2230 723 342 7939 3936 571 432 331 4003 1449 577 2554 1507 1143 1026 139 381 98 283 152 3365 2186 2402 61 327 228 117 24439 2050 1340 347 710 993 22389 1447 20942 8081 12861 128 1319 528 872 270
cat_boundaries=0 1 2 3 4 5 6 7 8
cat_threshold=2772 582 1 256 256 730 657 2056
is_linear=0
shrinkage=0.05


Tree=143
num_leaves=63
num_cat=8
split_feature=15 17 1 14 11 22 16 7 16 18 7 1 11 1 18 7 11 22 1 5 17 5 5 1 11 16 18 22 6 7 18 17 5 23 23 11 11 17 17 5 18 3 1 22 18 5 1 18 22 5 16 18 11 23 11 22 5 9 6 18 11 18
split_gain=0.80755 1.42282 1.38995 1.82575 1.69716 2.55154 1.61715 1.58306 1.55836 1.85076 1.7568 1.26701 1.17528 2.82783 2.44621 2.31392 2.1844 1.54484 1.86223 1.25275 1.06216 1.02976 1.52153 1.39169 1.21802 1.07762 1.075 1.01135 0.967612 0.956507 2.05324 1.78098 1.41713 1.32609 1.64111 0.946745 1.1795 0.904348 1.76404 1.11264 1.34161 0.928674 2.41044 2.39304 1.87926 1.07551 1.04426 0.834821 0.830656 0.808992 0.791691 0.695555 1.61419 1.01971 0.694037 0.668687 0.807323 0.601818 0.594241 0.574295 0.482475 0.46727
threshold=4.5000000000000009 1.2836439961192729e-05 0 6.5000000000000009 734.08500000000015 62.228878602989631 1.9999596810772851 596.55000000000007 1.0000000180025095e-35 1.6133856921803595 143.71500000000003 1 2755.2850000000003 2 3.1563703263881395 964.53000000000009 1077.9550000000002 90.528170519769517 3 329.50000000000006 0.90418370714450924 12.500000000000002 21.500000000000004 4 720.89000000000021 1.5073627907034217 0.25349665986322739 139.33681727070672 3650.2500000000005 615.23500000000013 2.3490184965274037 0.81627148153588047 72.500000000000014 25.500000000000004 17.500000000000004 1574.3850000000002 4064.6100000000006 2.1935037172339032e-05 0.71763517081854766 82.500000000000014 0.41775436328695587 5 6 40.200025664965729 0.60277769189288932 354.50000000000006 7 1.3516784114688052 38.603390765444679 351.50000000000006 1.8173802157160128 1.1984222991163191 3802.4600000000005 5.5000000000000009 2850.7150000000006 66.960560530264942 317.50000000000006 811.28500000000008 4496.4800000000005 1.4760479266376387 3133.9450000000006 0.45822087876497902
decision_type=2 2 9 2 2 2 2 2 2 2 2 9 2 9 2 2 2 2 9 2 2 2 2 9 2 2 2 2 2 2 2 2 2 2 2 2 2 2 2 2 2 1 9 2 2 2 9 2 2 2 2 2 2 2 2 2 2 2 2 2 2 2
left_child=11 47 4 29 6 8 -3 -5 9 -6 -10 37 15 20 19 21 58 18 -18 48 59 24 23 -23 26 -26 -13 -19 -24 33 31 -31 -32 34 -4 50 -37 39 54 -1 -41 42 44 -44 -40 46 -43 -2 -15 -21 -7 52 -22 -53 55 56 -39 -35 61 60 -14 -17
right_child=1 2 3 7 5 35 -8 -9 10 -11 -12 12 13 14 -16 16 17 27 -20 49 51 22 28 -25 25 -27 -28 -29 -30 30 32 -33 -34 57 -36 36 -38 38 41 40 -42 45 43 -45 -46 -47 -48 -49 -50 -51 -52 53 -54 -55 -56 -57 -58 -59 -60 -61 -62 -63
leaf_value=-0.32901125803503711 -0.44639114487561571 0.028341799988751151 0.01334953003536743 -0.35882605894430164 0.16541902534709438 -0.53032946207947307 1.4262162385398278 0.19758206521562638 -0.1012959474283644 -0.019554689410843554 0.0028008472953469977 -0.34990714266967693 0.71099109144452233 -0.04837779424304927 0.38448973567175387 2.1304104184546802 -0.088896658708203805 1.132305074504609 0.2214955631488863 0.37118154742213821 -0.36054293330745896 -0.14700472147431043 -0.0011708600852202266 0.43193497600830644 1.196107322985118 -0.20566383329427965 -2.1413376994389526 -0.31849789689817459 -0.14162767980814836 -0.083006423086374959 -0.1151743883611463 0.15102822252095616 0.024903423642855672 0.0013360688482340066 -0.064522087680535203 -0.46777953630976477 0.00012900730893949941 -0.91528999065619565 -0.077631088289635386 -0.17680548009064836 1.1632039844706938 0.032613814366840188 -0.10686207418985845 0.38061458264589804 -0.6896680247189686 -0.3064853468220875 -0.044382465282450316 0.012874714706423873 0.036047859304301259 -0.021538084781960978 0.69137623405660953 -0.28957667202899467 0.24712565774481698 -0.38320215608073238 0.5671031719713 -0.27353546743967388 0.096731355333168886 0.040313422283057149 -0.27644342467848587 0.75658583514263145 -0.70013984765835391 1.43583714041379
leaf_weight=94 31 43 2130 35 156 20 34 23 465 87 6260 47 21 1222 80 114 773 139 1445 126 185 107 12794 281 23 327 53 64 637 80 127 849 352 67 327 176 60 92 194 28 71 1510 907 296 191 45 2154 22 751 48 22 288 92 138 24 31 20 154 20 29 27 105
leaf_count=94 31 43 2130 35 156 20 34 23 465 87 6260 47 21 1222 80 114 773 139 1445 126 185 107 12794 281 23 327 53 64 637 80 127 849 352 67 327 176 60 92 194 28 71 1510 907 296 191 45 2154 22 751 48 22 288 92 138 24 31 20 154 20 29 27 105
internal_value=-2.49219e-05 0.000321097 0.000363993 0.00109454 -4.43021e-05 -0.000131053 0.0071875 -0.00737705 5.0208e-05 0.00396341 -8.54637e-05 -0.000182646 2.50639e-06 -0.000905316 0 0.000166844 0.00152084 0.00104167 0.000630347 -0.000313953 -0.00346784 -8.2329e-05 -1.80871e-06 0.00306905 -0.00242826 -0.000849858 -0.00728155 0.00521845 -9.49084e-05 0.00123502 0.00230333 0.00367489 -0.000259336 0.000652742 0.000294715 -0.00480427 -0.00606695 -0.000842152 -0.000969453 0.00242347 0.00612745 -0.00079717 -0.00181137 -0.000637336 -0.00521357 -0.000342558 -0.000231797 -0.00758929 -0.00069585 0.00367232 0.00111111 -0.00414306 -0.001875 -0.00547786 -0.00602941 -0.00736301 -0.00913043 0.00435268 0.00609504 0.0015625 -0.000980392 0.00686937
internal_weight=37113 11520 11467 4144 7323 7246 77 58 6968 243 6725 25593 19936 3007 2227 16929 2660 2421 2218 2147 780 14269 13819 388 450 350 100 203 13431 4086 1408 929 479 2678 2457 278 236 5657 5464 193 99 5297 1588 1203 385 3709 3664 53 1973 174 42 703 277 426 167 143 112 221 239 77 48 219
internal_count=37113 11520 11467 4144 7323 7246 77 58 6968 243 6725 25593 19936 3007 2227 16929 2660 2421 2218 2147 780 14269 13819 388 450 350 100 203 13431 4086 1408 929 479 2678 2457 278 236 5657 5464 193 99 5297 1588 1203 385 3709 3664 53 1973 174 42 703 277 426 167 143 112 221 239 77 48 219
cat_boundaries=0 2 4 6 8 10 11 13 15
cat_threshold=4048557708 901926 36074864 1064297 2433318913 311296 2176844418 98816 1048580 262784 2 132160 12608 33685568 12617
is_linear=0
shrinkage=0.05


Tree=144
num_leaves=63
num_cat=24
split_feature=15 1 21 9 2 14 9 21 1 16 22 23 8 9 22 2 16 23 10 23 6 1 2 21 1 1 1 21 19 22 8 1 2 2 22 1 8 1 21 8 21 1 8 2 21 9 1 2 1 1 19 8 21 8 1 8 2 2 10 22 21 2
split_gain=0.828971 1.60385 1.68798 1.5781 1.1911 1.96225 1.60144 1.42409 1.16574 1.67622 1.0931 1.04651 1.07829 1.54331 1.39651 1.03608 0.957459 0.901846 1.18164 0.865188 0.724786 2.73685 2.00309 2.47069 1.90887 1.63416 1.31753 1.82528 1.19996 1.68917 1.4528 1.09245 1.58469 1.01381 2.34663 1.77964 1.48576 2.10407 2.17292 2.13 1.80226 1.85874 1.21709 0.928448 0.916262 1.09365 0.89032 1.32721 2.62039 2.13366 1.89533 1.63326 1.3896 1.16846 2.37004 1.60268 1.27707 1.27535 0.967394 0.905527 0.884001 1.52138
threshold=9.5000000000000018 0 46.775000000000006 1017.1550000000002 1 4.5000000000000009 352.31000000000012 38.509259259259267 2 1.0951343076929856 27.644117316704079 16.500000000000004 1021.8850000000002 1051.1750000000004 21.213530794795219 3 1.1923251864449926 8.5000000000000018 3034.6850000000004 24.500000000000004 2501.0100000000007 4 5 33.947619047619057 6 7 8 107.05555555555557 2593.7000000000007 18.816477594037995 283.74500000000006 9 10 11 78.430436043222343 12 410.72500000000008 13 163.90000000000003 330.67500000000007 199.45000000000002 14 1212.7400000000002 15 254.41666666666671 680.69000000000017 16 17 18 19 1668.1100000000001 216.66500000000005 152.10000000000002 1240.0450000000003 20 1171.7 21 22 1071.5250000000003 24.634924132340078 50.511904761904766 23
decision_type=2 9 2 2 1 2 2 2 9 2 2 2 2 2 2 1 2 2 2 2 2 9 1 2 9 9 9 2 2 2 2 9 1 1 2 9 2 9 2 2 2 9 2 1 2 2 9 1 9 9 2 2 2 2 9 2 1 1 2 2 2 1
left_child=20 11 4 -4 5 8 -6 10 -3 -10 -8 17 13 19 15 -15 -14 -2 -19 -13 31 22 23 25 28 -22 27 -25 29 -24 -30 32 -1 34 35 42 37 39 -39 -35 41 -38 -23 -37 45 -36 47 48 50 52 -33 -51 -49 55 56 58 -55 -56 -48 -50 -26 -62
right_child=1 2 3 -5 6 -7 7 -9 9 -11 -12 12 16 14 -16 -17 -18 18 -20 -21 21 33 24 26 60 -27 -28 -29 30 -31 -32 46 -34 36 44 43 40 38 -40 -41 -42 -43 -44 -45 -46 -47 53 49 59 51 -52 -53 -54 54 57 -57 -58 -59 -60 -61 61 -63
leaf_value=-0.09061994168182573 -0.11276562859087012 -0.020493628326530455 -0.42279531539261656 0.086136167377990791 0.10836092681656347 -0.2106476433957587 0.033008868055852861 -0.047628497220212833 -0.042071952805936168 0.15423661779163292 -0.053837237120897809 -0.29525154801442854 0.11585467986313845 0.089849431358136306 -0.19160514701052664 -0.0064141958194417377 -0.23506408877016352 0.18332605282074452 0.00018015223458043295 -0.059276299632957219 0.16712274824017534 -0.034719054935091975 -0.16853248201587193 0.16711916452446191 -0.070227911973496412 -0.28378642445935326 0.0065467471827425072 -0.21975446391400055 -0.21404964997273837 -0.012792966826016895 0.23902501669938783 0.00074556414275193114 0.89584473921513919 -0.23538539702905475 0.10999434376730761 0.011592917759591615 -0.16216882815128369 0.21087441930413889 -1.1047944759133494 0.46417954026977137 0.85326906784890189 -0.0046119768949054677 0.27017258802197264 0.13900736741401049 2.4938237174268894 -0.72807210866764516 0.027451652981114096 -0.15563763493245092 -0.52682654216863767 -0.081274616631780816 -1.3281527090560732 0.096828672735835397 0.26185688594323298 0.5285907016139525 0.066128800329196477 -0.47190824811331461 0.057436616652736916 -0.18723449684319321 -0.015632690478214074 -0.047023027023894319 -0.087931861009222179 -0.59228434470974423
leaf_weight=118 40 161 35 30 50 53 679 88 83 158 24 29 20 112 53 123 120 89 136 65 112 740 613 165 252 437 1303 73 81 970 221 968 177 209 57 353 860 386 43 74 141 1261 184 1297 22 127 10538 660 262 273 38 1101 171 525 435 265 595 343 7805 153 314 243
leaf_count=118 40 161 35 30 50 53 679 88 83 158 24 29 20 112 53 123 120 89 136 65 112 740 613 165 252 437 1303 73 81 970 221 968 177 209 57 353 860 386 43 74 141 1261 184 1297 22 127 10538 660 262 273 38 1101 171 525 435 265 595 343 7805 153 314 243
internal_value=-4.37817e-05 0.000906555 0.00194687 -0.00551471 0.00238645 0.000160256 0.00348361 0.00286524 0.00148148 0.00364173 0.00364731 -0.00084375 -0.00219048 -0.000649351 0.00103093 0.00283613 -0.00594406 0.00158582 0.00296053 -0.00618557 -0.000103666 -0.000450621 -0.00133417 -0.000142653 -0.00223495 -0.00303442 0.000858161 0.00418327 -0.001304 -0.00187579 0.00147541 4.40033e-05 0.00300325 0.000277441 0.000966702 0.00139697 -0.000351523 0.00160839 0.00378959 -0.00160473 -0.000993377 -0.00137712 -0.000320171 0.00237523 -0.00406699 -0.00534759 4.14164e-06 -0.000714482 -0.00190028 3.38142e-05 -0.000441609 0.00126172 -0.00192536 0.000134022 0.0013151 1.07463e-05 0.00278023 -0.000758534 6.94974e-05 -0.0051986 -0.00428832 -0.00549107
internal_weight=37113 2148 1361 65 1296 455 841 791 402 241 703 787 522 382 288 235 140 265 225 94 34965 10538 4784 2090 2694 549 1541 238 1885 1583 302 24427 295 5754 2780 2574 2974 712 429 283 2262 2121 924 1650 206 184 24132 3626 1421 2205 1006 1374 831 20506 1898 18608 1120 778 18343 415 809 557
internal_count=37113 2148 1361 65 1296 455 841 791 402 241 703 787 522 382 288 235 140 265 225 94 34965 10538 4784 2090 2694 549 1541 238 1885 1583 302 24427 295 5754 2780 2574 2974 712 429 283 2262 2121 924 1650 206 184 24132 3626 1421 2205 1006 1374 831 20506 1898 18608 1120 778 18343 415 809 557
cat_boundaries=0 2 3 5 6 8 9 11 12 14 16 17 18 20 22 24 25 27 28 30 32 34 35 36 37
cat_threshold=2147779757 16897 2580 33558592 4096 2575 4036964634 1021232 961 545587456 103472 270274584 2415923458 263168 1342242816 655360 728 3349 34337 514 50331648 16897 23101537 24712 1 186664036 1061154 2825 2098276 12290 2098244 8194 537665672 19600 850 2109 1062
is_linear=0
shrinkage=0.05


Tree=145
num_leaves=63
num_cat=17
split_feature=15 22 1 2 18 22 10 8 2 20 7 1 7 9 2 19 19 4 7 9 23 23 22 7 9 9 18 2 20 8 9 10 1 7 2 2 8 9 18 2 20 5 18 22 1 7 7 8 5 2 11 18 23 7 7 2 20 1 2 1 10 18
split_gain=1.03319 1.87024 3.77216 2.23665 1.97399 2.08223 1.67279 1.66947 2.25583 2.1769 2.08331 1.82762 2.41889 1.57388 2.50956 1.76891 1.48596 1.45033 1.60436 1.44422 1.42398 1.28498 1.27704 1.26323 1.2463 1.19819 1.17623 1.67089 1.1763 1.15518 1.13033 1.09808 2.74334 2.86258 2.59021 2.28271 4.0071 1.58861 1.36407 1.64651 3.05637 1.2703 1.11915 1.21991 1.1074 1.67608 2.03487 1.62495 1.44652 1.355 1.08199 1.0686 1.01336 1.00603 1.32337 1.67623 0.977919 0.938233 1.37512 4.53141 3.60668 2.59364
threshold=7.5000000000000009 22.119989570545016 0 1 2.0024336839267498 27.644117316704079 1999.1600000000001 605.81500000000017 2 48.500000000000007 384.06999999999999 3 562.8900000000001 573.36500000000012 4 1749.3250000000003 2164.2950000000005 5 765.97000000000014 1653.4050000000002 10.500000000000002 33.500000000000007 20.288250163582561 545.71500000000015 2166.4450000000006 1490.8400000000004 1.8559844854446763 6 34.500000000000007 1477.9700000000003 1008.3800000000002 2824.145 7 978.62500000000011 8 9 1339.7550000000003 2045.1950000000004 3.1563703263881395 10 93.500000000000014 60.500000000000007 1.7549630556191718 38.891301510102274 11 863.62500000000011 567.58500000000015 1240.0450000000003 73.500000000000014 12 6224.1100000000015 2.8367374176208542 10.500000000000002 1411.2250000000001 1033.3750000000002 13 56.500000000000007 14 15 16 2166.4150000000004 0.93139756767441861
decision_type=2 2 9 1 2 2 2 2 1 2 2 9 2 2 1 2 2 9 2 2 2 2 2 2 2 2 2 1 2 2 2 2 9 2 1 1 2 2 2 1 2 2 2 2 9 2 2 2 2 1 2 2 2 2 2 1 2 9 1 9 2 2
left_child=31 6 3 52 26 24 13 8 9 25 -10 12 19 14 15 -2 21 20 -19 -9 -13 23 -16 -15 -6 -8 27 28 -4 -5 -18 38 33 41 53 36 50 -38 57 40 -40 -33 -37 -44 47 46 -46 48 -36 -47 -35 -49 -3 54 55 -34 -14 -1 59 60 -59 -61
right_child=1 2 4 29 5 -7 7 11 10 -11 -12 17 56 16 22 -17 30 18 -20 -21 -22 -23 -24 -25 -26 -27 -28 -29 -30 -31 -32 32 34 35 44 42 37 -39 39 -41 -42 -43 43 -45 45 49 -48 51 -50 -51 -52 -53 -54 -55 -56 -57 -58 58 -60 61 -62 -63
leaf_value=0.013608651779158621 -0.13863571108162384 0.35793657519096228 0.12180602289806189 -0.18525623711256245 -0.036313617213350295 -0.42098105727757523 0.01842800236557629 0.058825592995016864 -0.089425268908453731 -0.29964035096495378 0.10312472860852565 -0.10516189446132636 0.16337550129517384 0.11638852647363258 0.078989848161786475 0.19649589794087188 0.040190799382891301 0.049198700100660457 -0.0040002579700811223 -0.17306715527072189 0.0032669437357562892 -0.12068665792174955 -0.1123399013555198 -0.18162116572434642 0.50586727496246964 -0.15136416844017406 0.45010824866921023 0.1440348932804498 -0.12855809730945822 0.052228676159688452 -0.29155843789990393 0.035611933630504924 0.11544496149814716 0.33629849865824257 -0.41184879520000522 -0.016694494056207355 -0.10907870523467836 -0.42785969818355113 -0.3114955762182261 0.26150058155505107 0.70976406645962342 -0.2873967294362359 0.22038805791620178 -0.42059532304061131 -0.39137540778135094 0.023325085748662391 0.35912471961359338 0.40023586046973741 0.10308487813891816 -0.25073588390094664 -0.090497058261305163 -0.016008771456028369 -0.01991318507935649 0.0025428146417937115 -0.27832184644708491 -0.25275114695804873 -0.029592410388600499 -0.23650528650202426 -0.026023814579067307 0.19166162751759366 0.12390811691312109 -0.031461059627793019
leaf_weight=11509 76 28 53 470 105 68 106 38 172 60 194 159 179 458 163 26 40 230 189 47 398 30 26 29 56 83 25 190 51 32 34 27 114 76 55 204 56 110 80 257 25 233 113 30 42 109 48 228 115 182 28 42 138 270 233 166 32 968 14352 2266 147 1043
leaf_count=11509 76 28 53 470 105 68 106 38 172 60 194 159 179 458 163 26 40 230 189 47 398 30 26 29 56 83 25 190 51 32 34 27 114 76 55 204 56 110 80 257 25 233 113 30 42 109 48 228 115 182 28 42 138 270 233 166 32 968 14352 2266 147 1043
internal_value=-1.27977e-05 0.000745988 -0.000861362 -0.00337739 0.00213904 -0.00118534 0.00147006 0.000595238 -0.00149676 -0.00505725 0.000923483 0.00164706 0.00501618 0.00327684 8.5034e-05 -0.00565217 0.00475589 0.000505561 0.00271991 -0.00142045 -0.00109649 0.00572115 0.00358911 0.00637755 0.00167683 -0.00221354 0.00473602 0.00353535 -0.00128205 -0.00504854 -0.0012987 -0.000105641 -0.00111715 -0.0033427 9.27644e-05 -0.00141129 -0.00477032 -0.00976331 -2.20228e-05 0.0030137 -0.00190678 -0.00779468 0.00118056 0.00462329 0.00206835 0 0.00591398 0.00375276 0 -0.00178571 0.00233645 0.00622711 0.00139665 -0.00191583 -0.00324612 -0.000706714 0.00806075 -6.02549e-05 -0.000279419 0.000484562 -0.00223848 0.00142234
internal_weight=37113 3985 1216 668 548 229 2769 1887 615 249 366 1272 296 882 291 102 591 976 419 85 557 517 189 487 161 189 319 294 104 502 74 33128 2481 877 1604 617 270 166 30647 362 105 260 347 143 821 381 90 440 170 291 104 270 166 783 513 280 211 30285 18776 4424 1115 3309
internal_count=37113 3985 1216 668 548 229 2769 1887 615 249 366 1272 296 882 291 102 591 976 419 85 557 517 189 487 161 189 319 294 104 502 74 33128 2481 877 1604 617 270 166 30647 362 105 260 347 143 821 381 90 440 170 291 104 270 166 783 513 280 211 30285 18776 4424 1115 3309
cat_boundaries=0 2 3 4 6 7 8 9 11 12 13 14 16 17 18 20 21 23
cat_threshold=537925312 16402 2561 1317 1572867 16657 2888 7 3904 3338702871 267160 2822 339 25 547357448 99330 1072 514 3590951046 196764 770 167010912 1085728
is_linear=0
shrinkage=0.05


Tree=146
num_leaves=63
num_cat=21
split_feature=5 1 17 11 9 19 10 5 1 12 9 9 9 5 22 1 9 22 1 10 5 1 20 4 1 2 22 1 2 23 20 20 22 1 2 1 9 17 19 17 17 20 2 2 1 1 1 1 4 11 1 17 10 9 20 10 22 22 9 17 19 10
split_gain=0.753273 4.13992 1.92947 1.30527 1.23321 1.1221 1.07418 1.0211 3.58784 1.79818 1.57133 1.26189 1.9872 2.00665 1.50443 1.19661 1.18531 1.44015 1.28408 1.15172 1.04921 1.04162 1.04647 0.996008 3.21644 2.99865 2.02104 1.56787 1.71183 2.13711 1.66696 1.54025 1.52237 1.46105 1.46789 3.51924 1.95792 1.77482 1.35362 1.19973 1.13815 1.13376 2.93001 2.50851 3.49002 2.20865 1.81512 1.3482 1.09147 0.99454 1.23186 0.982833 0.902944 0.898986 0.889828 0.866027 0.801652 0.801128 0.769787 0.788644 0.764769 0.738412
threshold=350.50000000000006 0 1.346441026743548 3199.9850000000001 579.09500000000014 497.97999999999985 719.76500000000021 319.50000000000006 1 1.5000000000000002 2109.7650000000003 1320.5600000000002 922.59500000000014 336.50000000000006 21.446724151024419 2 363.92500000000013 11.472100537918161 3 2894.4100000000003 321.50000000000006 4 65.500000000000014 5 6 7 50.382012874549652 8 9 2.5000000000000004 107.50000000000001 24.500000000000004 53.023422469174882 10 11 12 342.10500000000008 2.0463597758153407 2773.8450000000003 1.8378178308756659 1.0559438049104922e-05 47.500000000000007 13 14 15 16 17 18 19 1077.9550000000002 20 1.05087516136231 1816.2250000000001 1022.4150000000002 76.500000000000014 467.54500000000007 36.065334117282084 33.974969235251244 717.85500000000013 0.94736573926134826 1939.0550000000001 4897.2600000000011
decision_type=2 9 2 2 2 2 2 2 9 2 2 2 2 2 2 9 2 2 9 2 2 9 2 9 9 1 2 9 1 2 2 2 2 9 1 9 2 2 2 2 2 2 1 1 9 9 9 9 9 2 9 2 2 2 2 2 2 2 2 2 2 2
left_child=7 6 52 4 -4 -6 -2 23 9 16 11 12 15 -14 -13 -10 21 20 -19 -12 -18 60 -23 24 25 49 31 28 29 -26 32 -27 -29 34 35 36 -25 39 -37 -36 -30 42 46 44 -43 -45 -35 -44 -39 -1 -51 53 58 -8 -16 -32 -5 -53 59 -3 -9 -21
right_child=1 2 3 56 5 -7 51 8 10 -11 19 14 13 -15 54 -17 17 18 -20 61 -22 22 -24 33 27 26 -28 30 40 -31 55 -33 -34 41 37 38 -38 48 -40 -41 -42 43 47 45 -46 -47 -48 -49 -50 50 -52 57 -54 -55 -56 -57 -58 -59 -60 -61 -62 -63
leaf_value=0.681056817483362 -0.22498657913959905 -0.283828156481718 0.42646556785101242 0.17971210516538322 -0.13283742814452335 -0.76114990054790832 0.59520817200299059 -0.20511828483487698 0.24886879467966772 -0.51185468364683462 -0.36490225026973883 0.0064413817280990493 0.41869160147378609 -0.091437676881069768 -0.4574583326227174 -0.14289056368353387 2.154109470747374 0.034323244360663453 0.19251538621428069 0.24931737862130668 0.83440099630044673 -0.46865639574942652 0.62724890434078384 1.054598474530513 -0.74920394188656092 0.018334129120321487 0.020391869458023848 0.017924747108722095 -1.0669536068997647 -0.0087037785404451284 -0.039334427497890095 -0.64313903750407109 -0.61964167768414102 -0.035826679848744818 -0.0089243588220853098 0.007507953989059857 -0.53631054966008518 -0.040914903077322151 -0.88049241241524412 -0.13387342898057319 0.012009933037385779 0.13900982457456168 0.015480557182647027 -0.12766484729550492 0.029465674830021271 0.0045592575209443707 0.052876310234597136 -0.08879608804929498 0.10495035201121397 0.01440878584441947 -0.25373430335221342 0.36860783882100245 -0.37774007388769193 -0.16530039110511119 -0.086571108262587876 0.5093428930431404 -0.42739823328942994 0.082347190421036498 0.045369589264122823 -0.54643188021212019 0.84734032206390641 0.0081930935909454664
leaf_weight=147 59 45 61 61 70 107 27 90 255 29 24 108 223 136 82 756 42 474 307 71 303 30 130 28 522 46 83 526 32 768 78 270 72 536 3038 495 219 441 24 669 2063 1272 690 821 6970 6012 2070 2906 1444 281 282 113 70 20 51 330 23 63 31 61 23 33
leaf_count=147 59 45 61 61 70 107 27 90 255 29 24 108 223 136 82 756 42 474 307 71 303 30 130 28 522 46 83 526 32 768 78 270 72 536 3038 495 219 441 24 669 2063 1272 690 821 6970 6012 2070 2906 1444 281 282 113 70 20 51 330 23 63 31 61 23 33
internal_value=0 -0.00150491 -0.00410517 -0.00153846 -0.00352697 -0.00569444 0.00322034 3.30533e-05 0.000891167 0.00274115 -0.000613584 -0.00106877 -0.000436999 0.00269337 -0.00440574 -0.00160256 0.00304922 0.00376439 0.00245536 0.00458015 0.00653736 0 0.00260116 -4.75285e-05 -0.000662071 -0.00305258 -0.00649272 -3.97366e-05 -0.00056651 -0.0019954 0.0016683 -0.00846395 0 7.32422e-05 -0.000588605 -0.00263158 -0.00740385 -0.00029438 -0.000140977 -0.000936658 0.00029649 0.000273603 -0.000290089 0.00050902 0.00109631 -0.000193544 0.000973654 -0.00121917 0.000940148 -0.000968188 -0.00198763 0.00497788 -0.00797619 -0.0005 -0.00790441 0.00413625 0.00344828 0.00670391 -0.00482143 -0.00688073 -0.00337302 0.00700935
internal_weight=37113 811 529 322 238 177 282 36302 3167 1428 1739 1611 1370 359 241 1011 1399 1126 781 128 345 273 160 33135 5500 1109 399 4391 3385 1290 1006 316 598 27635 6358 766 247 5592 519 3707 2095 21277 6202 15075 8242 6833 2606 3596 1885 710 563 223 207 47 133 408 84 176 137 106 113 104
internal_count=37113 811 529 322 238 177 282 36302 3167 1428 1739 1611 1370 359 241 1011 1399 1126 781 128 345 273 160 33135 5500 1109 399 4391 3385 1290 1006 316 598 27635 6358 766 247 5592 519 3707 2095 21277 6202 15075 8242 6833 2606 3596 1885 710 563 223 207 47 133 408 84 176 137 106 113 104
cat_boundaries=0 2 4 6 8 10 11 13 14 16 17 19 20 22 23 24 26 28 30 32 33 35
cat_threshold=35689160 513 210245319 38537 54526240 344064 67637377 32896 524292 4609 33 16934661 1147400 691 581701856 267413 263 203494010 550187 1152 67109392 8451 3780 1331 1350739204 4164 276866052 6208 32896 4096 1095294977 1085440 8 16778752 33280
is_linear=0
shrinkage=0.05


Tree=147
num_leaves=63
num_cat=6
split_feature=23 20 2 20 7 2 6 22 7 2 9 21 17 18 20 17 23 17 17 22 2 2 9 19 17 10 17 18 9 9 22 20 23 19 9 7 10 9 20 7 21 21 23 20 22 22 17 22 16 20 6 22 2 21 10 21 9 17 10 8 10 21
split_gain=0.837035 2.60511 2.06528 1.04682 2.21792 1.51304 1.35868 1.33133 3.42311 2.071 2.40004 1.52006 2.37444 2.6521 2.13773 1.30475 1.25236 3.45474 2.05764 1.92417 1.88681 1.74931 1.59477 1.23339 1.21068 1.71769 1.67664 1.42701 1.30509 1.18403 1.1656 1.13552 1.10863 1.08696 1.05884 0.928531 1.29049 1.53148 1.02141 0.871111 0.824697 2.55635 1.99377 1.80791 1.39569 2.33021 1.0485 0.951177 0.850436 0.820469 0.755347 1.39316 1.07329 0.718759 0.866994 0.712466 1.26164 0.614045 0.582808 0.529086 0.522725 0.496104
threshold=13.500000000000002 116.50000000000001 0 75.500000000000014 -1.0000000180025095e-35 1 8525.1000000000022 73.646791964742178 -1.0000000180025095e-35 2 717.85500000000013 125.29166666666667 1.4858690245868402 1.4916746437907296 7.5000000000000009 3.1238932479627572 5.5000000000000009 3.0279568109081638 0.87814269290485947 48.986321037123496 3 4 410.39500000000004 1260.2550000000001 2.0296775808124896 2050.5450000000005 2.0191536243324046 0.15459317589004148 2259.0500000000006 399.43500000000006 139.33681727070672 7.5000000000000009 3.5000000000000004 2024.8100000000004 1114.7050000000002 1277.3550000000002 4897.2600000000011 2593.1150000000002 34.500000000000007 524.85000000000014 55.025000000000006 50.511904761904766 17.500000000000004 31.500000000000004 27.918034752453789 41.414283214467865 1.7523699198429232 31.699105912329266 2.2496246403557194 61.500000000000007 3372.3600000000001 185.46192241195732 5 63.029411764705891 2376.1000000000004 131.70833333333334 596.55000000000007 1.8896533885006674 3745.1950000000006 127.55000000000001 2652.6300000000006 41.020833333333336
decision_type=2 2 1 2 2 1 2 2 2 1 2 2 2 2 2 2 2 2 2 2 1 1 2 2 2 2 2 2 2 2 2 2 2 2 2 2 2 2 2 2 2 2 2 2 2 2 2 2 2 2 2 2 1 2 2 2 2 2 2 2 2 2
left_child=3 2 35 7 -5 24 50 11 23 15 31 16 55 14 -14 34 17 21 22 -20 -19 -1 -18 30 26 29 27 -6 -27 -26 -9 -11 -28 -25 -10 36 37 38 -2 -17 41 46 47 44 -42 -46 48 -43 -4 -37 51 -7 -52 58 -55 -13 -57 -12 -45 -44 -15 -48
right_child=1 -3 40 4 5 6 -8 8 9 10 57 12 13 60 -16 39 18 20 19 -21 -22 -23 -24 33 25 28 32 -29 -30 -31 -32 -33 -34 -35 -36 49 -38 -39 -40 -41 43 42 59 53 45 -47 61 -49 -50 -51 52 -53 -54 54 -56 56 -58 -59 -60 -61 -62 -63
leaf_value=-0.020490524125188616 0.0075465256055432311 -0.4007131641356132 0.012882143207268638 -3.0500286922656326 0.80974122729018916 0.047274607514981075 -0.46360405279023098 0.47939765986629157 -0.4565329467846862 2.6322958849466227 -0.73625011344045044 0.42541700261779103 -2.5878712899015341 2.487493964414119 0.60115396494178919 6.0582282355212111 0.049857433227943386 0.49524034714082393 0.021655959707656349 -0.12912184048708292 -0.024648752567397736 -0.12483727415445607 -0.1273812015637045 -1.1069250794036574 -0.41557016816640702 0.98391096924748356 -0.69031874380781599 -0.044166529284316705 0.016632791955593619 0.10372873730718482 5.1823002187594085 -0.25270243851471152 1.0060353399373383 1.7400910116893151 0.17987682237005009 0.0087015407981848366 -0.13935626955367156 0.17991101907308243 -0.055791540901185148 0.15321631395604138 -0.6793082784114125 0.077860008782012546 -0.21972765087748769 0.27070772867781567 0.6017376224025931 -0.80031047177687609 0.36647586418689571 -0.39337140834112483 0.07135680788266914 0.2331387075684539 0.093798945580436319 -0.47704771583686495 -0.02142150446436979 0.084246202231169687 -0.132680262608838 -1.455601734950686 0.050784100200563391 -1.1832156891576957 -0.081429148626822823 -0.26925239942725715 1.2668780102351704 0.07647830344258183
leaf_weight=1253 535 83 1296 23 114 9566 38 41 126 23 91 23 109 50 502 22 174 710 3348 414 3731 1976 321 20 203 69 81 4726 62 1297 24 145 21 20 98 59 93 46 719 20 28 110 21 226 41 20 32 22 142 35 799 133 2549 145 46 85 45 203 28 86 25 20
leaf_count=1253 535 83 1296 23 114 9566 38 41 126 23 91 23 109 50 502 22 174 710 3348 414 3731 1976 321 20 203 69 81 4726 62 1297 24 145 21 20 98 59 93 46 719 20 28 110 21 226 41 20 32 22 142 35 799 133 2549 145 46 85 45 203 28 86 25 20
internal_value=-6.73564e-07 0.000697341 0.000905942 -8.26248e-05 0.000148598 0.000170388 0.000482898 -0.000420894 -0.00236244 -0.00362517 -0.00557895 -0.000289764 0.00175178 0.0030479 0.00183225 0 -0.000437972 -0.000821061 0.00024061 0.00065073 7.31323e-05 -0.00206528 -0.00276104 0.00578704 -0.000444124 0.000719094 -0.000839232 -0.00069172 0.00615672 0.000199601 0.00992647 -0.000584795 -0.00714286 0 -0.00154185 -0.000516667 -0.000877507 -0.000422103 -0.000795545 0.00777778 0.00185633 0.00128464 -0.00340909 0.00363128 -0.00244565 0.00117188 0.00207636 0.00037037 0.0017696 0.00412371 0.000515326 0.000739538 -0.000119367 0.00496652 0.00219072 -0.0036859 -0.00526316 -0.00841751 0.00680934 -0.00840909 0.011859 0.00909091
internal_weight=37113 3833 3750 33280 19681 19658 13085 13599 833 728 462 12766 839 686 611 266 11927 7670 4257 3762 4441 3229 495 105 6573 1631 4942 4840 131 1500 65 168 102 40 224 1487 1393 1300 1254 42 2263 1729 239 534 89 61 1490 132 1438 94 13047 9699 3348 445 191 153 130 294 254 107 75 52
internal_count=37113 3833 3750 33280 19681 19658 13085 13599 833 728 462 12766 839 686 611 266 11927 7670 4257 3762 4441 3229 495 105 6573 1631 4942 4840 131 1500 65 168 102 40 224 1487 1393 1300 1254 42 2263 1729 239 534 89 61 1490 132 1438 94 13047 9699 3348 445 191 153 130 294 254 107 75 52
cat_boundaries=0 1 2 3 4 5 6
cat_threshold=1173 3140 329 2308 1549 384
is_linear=0
shrinkage=0.05


Tree=148
num_leaves=63
num_cat=12
split_feature=15 1 22 22 20 1 18 22 5 5 17 1 11 1 18 4 17 5 20 16 9 20 9 5 18 19 10 1 9 20 22 12 0 1 1 5 9 22 23 20 1 16 17 16 11 5 21 5 17 1 22 16 5 4 9 18 16 19 18 18 20 11
split_gain=1.08077 2.21659 2.15737 2.00619 2.13784 1.91507 2.11669 1.81079 2.17944 2.03729 1.79004 2.82442 1.72376 2.36574 1.77302 1.70249 1.70226 2.43877 1.67128 2.08082 1.71886 1.64911 1.60847 1.53281 1.41952 2.22631 1.66885 1.41055 1.39002 1.38693 1.29703 1.27707 1.57222 5.33743 2.00477 1.55575 1.62146 1.24065 3.01431 2.32477 1.22701 1.21335 1.17446 1.80256 1.29192 1.04265 1.00882 0.99314 0.847317 0.824621 1.90978 0.9788 0.801418 0.752673 1.41284 0.711764 0.767448 0.699966 0.844503 1.45581 1.96052 0.914192
threshold=3.5000000000000004 0 12.030738275513285 133.65409289509725 117.50000000000001 1 3.1563703263881395 32.171045838443874 346.50000000000006 25.500000000000004 1.0024686650050745 2 3168.8850000000007 3 1.0694215786822128 4 1.3566824682876779 303.50000000000006 68.500000000000014 1.5074172715619711 1476.8350000000003 26.500000000000004 327.14000000000004 202.50000000000003 0.62631230132197879 778.84500000000003 800.03000000000009 5 811.28500000000008 22.500000000000004 27.538544407666496 1.5000000000000002 6 7 8 243.50000000000003 1778.8850000000004 52.134841195758746 10.500000000000002 182.50000000000003 9 0.93329436348331296 0.5590015179347041 1.0000000180025095e-35 937.18000000000006 215.50000000000003 91.041666666666671 70.500000000000014 0.71763517081854766 10 34.996507739240748 2.0000467368159751 130.50000000000003 11 1373.4550000000002 0.67691828606215476 1.1488072988992426 3106.7700000000004 1.1027915150456014 1.3030764065792562 128.50000000000003 1922.2000000000003
decision_type=2 9 2 2 2 9 2 2 2 2 2 9 2 9 2 9 2 2 2 2 2 2 2 2 2 2 2 9 2 2 2 2 1 9 9 2 2 2 2 2 9 2 2 2 2 2 2 2 2 9 2 2 2 9 2 2 2 2 2 2 2 2
left_child=5 7 10 27 29 57 12 21 9 46 15 18 31 14 52 48 22 -18 20 -20 -12 28 -15 41 26 40 47 37 45 -5 -28 32 34 -34 -7 36 -33 39 -39 -4 -26 -13 44 -44 -29 -2 -9 -23 -3 50 -11 -51 -14 54 -30 -17 -57 58 61 -60 -61 -1
right_child=1 2 3 4 -6 6 -8 8 -10 49 11 23 13 16 -16 55 17 -19 19 -21 -22 24 -24 -25 25 -27 30 42 53 -31 -32 35 33 -35 -36 -37 -38 38 -40 -41 -42 -43 43 -45 -46 -47 -48 -49 -50 51 -52 -53 -54 -55 -56 56 -58 -59 59 60 -62 -63
leaf_value=-0.25614405690749181 -0.75662751318521237 -0.21141635225078154 -0.020117581110367766 0.16991785953277994 0.89816775314025965 -0.12643898423299546 0.64135016312264248 0.39733039291562983 -0.39050686615508073 0.41150351632658516 0.11662725281095376 -0.074772814643599791 -1.7718084125896827 0.53768297528515097 0.7083260916695594 0.035143439216620824 -0.13781026570533897 0.45067594655233595 -0.49113706582226868 0.017732345501787705 -0.0124982983938148 0.69763429889702033 -0.40956553937906437 0.21051738302176562 -0.00027135289394273346 -0.15469435660915423 0.48058954738259385 0.57628221246504874 0.041413627365813978 -0.76400087213783474 -0.24284276410106076 0.10627664005348336 -0.29062457860867141 0.070462107490568471 0.034112513183761455 -3.7339702718950485 -1.6083438285423766 0.0073417728361931727 0.98951902471593867 -1.0494160500575931 0.054849188341664148 0.053936510333405609 0.2231567134084827 0.0057356638309510547 -0.24158079016364395 -0.10918361959389583 -0.83146279878130402 -0.035898052673143964 0.099710682351104307 0.071313545930646427 0.019627462076565651 0.59857758807980588 0.074913881754863895 0.022229142005632599 -0.26998013107037888 -0.16721022737203384 -0.086539756768860887 0.057337179064821525 0.39005056789822279 -0.49945374072761273 0.33430609857488564 -0.42844686023046707
leaf_weight=411 31 28 3243 24 27 1412 51 44 45 53 247 41 24 30 166 28 543 91 69 95 254 21 404 192 834 109 82 24 40 67 23 136 2190 2366 12357 45 26 501 40 23 583 203 201 7549 322 21 39 79 96 189 343 271 20 140 71 38 131 25 74 76 80 125
leaf_count=411 31 28 3243 24 27 1412 51 44 45 53 247 41 24 30 166 28 543 91 69 95 254 21 404 192 834 109 82 24 40 67 23 136 2190 2366 12357 45 26 501 40 23 583 203 201 7549 322 21 39 79 96 189 343 271 20 140 71 38 131 25 74 76 80 125
internal_value=-4.71495e-06 0.000296101 1.67212e-05 -0.000197522 -0.00661157 -0.000246914 -0.000147177 0.00151765 0.00329281 0.0038482 0.00185965 0.00283062 -0.000176652 -0.0019516 0.00269058 -0.00131173 -0.00291397 -0.00117739 0.000626844 -0.00359281 0.00213294 0.000638193 -0.00537757 0.005902 0.00125433 0.000686723 0.00516827 -0.000128087 -0.00269608 -0.0103723 0.00949074 -5.12544e-05 -4.0921e-06 -0.000811581 0.000259585 -0.00392857 -0.00121212 -0.000922775 0.00124081 -0.00130009 0.00125 0.00303644 0.000240474 0.000374049 -0.0025788 -0.01 -0.00319767 0 0.00291971 0.00459837 0.00244499 0.00613108 -0.00531915 -0.000885827 -0.00383065 -0.00416667 -0.0056686 -0.00264303 -0.0029909 -0.000214592 -0.00314465 -0.00408163
internal_weight=37113 16461 13443 12021 118 20652 19861 3018 984 939 1422 1101 19810 1278 210 321 1068 634 665 164 501 2034 434 436 1731 1526 205 11903 303 91 105 18532 18325 4556 13769 207 162 3807 541 3266 1417 244 8096 7750 346 52 83 100 124 856 396 460 44 251 111 197 169 791 766 230 156 536
internal_count=37113 16461 13443 12021 118 20652 19861 3018 984 939 1422 1101 19810 1278 210 321 1068 634 665 164 501 2034 434 436 1731 1526 205 11903 303 91 105 18532 18325 4556 13769 207 162 3807 541 3266 1417 244 8096 7750 346 52 83 100 124 856 396 460 44 251 111 197 169 791 766 230 156 536
cat_boundaries=0 2 4 6 8 9 11 12 14 15 17 18 19
cat_threshold=2338899216 1056852 2097440 1057088 813695136 360579 67134988 528 18 1073939020 614186 1 705442369 6678 2232468496 2198355984 4 34111504 5
is_linear=0
shrinkage=0.05


Tree=149
num_leaves=63
num_cat=13
split_feature=15 1 22 5 4 7 7 22 5 6 21 10 13 5 5 17 14 22 11 22 11 21 12 0 7 5 0 1 5 1 1 5 5 5 6 7 11 7 10 1 7 7 4 10 17 4 1 11 15 1 11 11 5 5 22 1 23 21 11 5 17 17
split_gain=0.900513 2.88349 2.2463 1.92915 1.44393 1.73057 1.68167 1.23967 1.45918 1.43165 1.22527 1.10119 1.00708 1.09637 1.60142 1.18728 0.986437 0.95141 1.28675 1.22957 2.19213 1.20809 0.940831 1.64393 1.08473 1.01679 0.959375 4.7653 2.78862 4.31628 2.57075 2.27835 4.46366 2.98543 2.08793 1.81467 2.42105 2.8132 2.23029 1.66247 1.89588 1.66752 1.50216 1.49086 1.69984 1.15821 1.75014 1.24437 1.10854 2.47163 1.85959 1.81405 1.80602 1.34431 1.0703 0.984984 0.826852 1.21086 0.796338 0.958244 0.7946 0.768815
threshold=6.5000000000000009 0 13.912534315966992 32.500000000000007 1 810.03000000000009 978.62500000000011 38.3023684346282 158.50000000000003 3650.2500000000005 26.017241379310349 2014.0450000000003 1.5000000000000002 150.50000000000003 291.50000000000006 1.2822047976870385 2.5000000000000004 36.356070722020547 3720.1550000000007 33.974969235251244 2035.3850000000004 46.775000000000006 1.5000000000000002 2 793.08500000000015 21.500000000000004 3 4 287.50000000000006 5 6 132.50000000000003 180.50000000000003 82.500000000000014 3372.3600000000001 1277.345 2713.8100000000004 220.68000000000004 1277.3550000000002 7 1589.8700000000001 130.94000000000003 8 4303.7850000000008 1.351606537519821 9 10 177.88000000000002 2.5000000000000004 11 979.53500000000008 1440.5950000000003 179.50000000000003 150.50000000000003 24.435288629882816 12 13.500000000000002 83.387500000000017 1458.7900000000002 78.500000000000014 1.0434785760653262 1.553804378010132
decision_type=2 9 2 2 9 2 2 2 2 2 2 2 2 2 2 2 2 2 2 2 2 2 2 1 2 2 1 9 2 9 9 2 2 2 2 2 2 2 2 9 2 2 9 2 2 9 9 2 2 9 2 2 2 2 2 9 2 2 2 2 2 2
left_child=22 3 4 -2 5 11 10 17 9 16 -6 -3 -5 15 -15 -14 -9 19 -19 21 -21 -4 26 24 58 -26 30 48 31 42 34 33 -33 -29 39 36 38 -38 -32 40 -1 -41 -30 44 -37 46 -36 -47 49 52 -51 53 -28 -50 -31 -53 57 -10 59 -24 -12 -27
right_child=1 2 7 12 6 -7 -8 8 56 -11 60 -13 13 14 -16 -17 -18 18 -20 20 -22 -23 23 -25 25 61 27 28 29 54 35 32 -34 -35 45 43 37 -39 -40 41 -42 -43 -44 -45 -46 47 -48 -49 51 50 -52 55 -54 -55 -56 -57 -58 -59 -60 -61 -62 -63
leaf_value=0.03478749705532138 0.26770998477809443 0.025111161575307864 -0.0057043991450655088 0.085580140362248258 0.007974491048455868 0.17304520351940988 -0.019840027273699514 -0.10538951164429644 0.4064571341643472 0.09744872397542946 0.032820681552213848 -0.10433444335715727 -0.11849942827670912 0.17645607403809294 -0.077544499205308356 0.022767116504697784 -0.33281928815548556 0.010231313469631333 0.58165582310916975 0.25973985592455623 -0.4597900290634172 0.035811087586778 0.53788841647922325 0.19541223256478679 0.68263234485286939 -0.037998025582896139 -0.53433879534000039 -0.1909557805625994 0.025787170832381179 -0.26491086138762088 -0.062446964263564553 -0.47087360455064275 -0.06580930550253683 0.061155378481790736 -0.18153182910146093 -0.09243407423509567 0.095429483799117781 -0.1280201330155574 0.078448325542652242 0.55733239858726413 1.0185785650834889 0.11921724210638161 0.82348360374274143 0.4467243041064819 0.096489862610873445 7.1233641219636556 0.078803250570364025 -0.048517784910216834 0.53530954045176882 0.78233801043114404 -0.29537213514997235 -0.085301721758186497 0.20995085904885047 0.23752769160017062 0.0039861425543897154 0.10408520176235109 -0.37857483154323823 -0.72580082853094297 0.48534667533694142 -0.95100052991150008 0.10450049191313299 -2.3680085209670314
leaf_weight=6745 93 79 2200 537 209 34 118 86 111 26 186 101 46 69 46 35 94 47 23 30 76 1089 28 116 24 30 258 1529 212 273 4732 737 1553 974 264 222 206 1342 1279 226 147 1853 293 65 929 22 1826 2988 121 287 167 181 175 202 268 851 51 21 41 59 311 170
leaf_count=6745 93 79 2200 537 209 34 118 86 111 26 186 101 46 69 46 35 94 47 23 30 76 1089 28 116 24 30 258 1529 212 273 4732 737 1553 974 264 222 206 1342 1279 226 147 1853 293 65 929 22 1826 2988 121 287 167 181 175 202 268 851 51 21 41 59 311 170
internal_value=-7.4092e-06 0.000568083 9.17431e-05 0.00327771 0.00216138 -0.00132159 0.00310633 -0.000453721 -0.003125 -0.00598086 0.00409027 -0.00355191 0.00234375 -0.000502513 0.00233051 -0.00505952 -0.00765027 -0.000136967 0.00547945 -0.000272219 -0.00550459 -8.35358e-05 -0.000113861 -0.00233546 -0.00408451 -0.0061674 -7.84028e-05 -0.000547378 -0.00130297 0.00100095 8.53429e-05 -0.00181922 -0.00296555 -0.000748204 0.000505893 -0.000583182 -0.000876091 -0.00264346 -0.00041154 0.000966682 0.00057929 0.0022108 0.00429537 0.0011895 0.000714905 -0.000293945 0.000594389 -0.000926232 0.0013969 0 0.00256959 0.00230118 -0.00263453 0.00559816 -0.00203069 0.00120773 0 0.00222222 0 -0.00305556 0.00545 -0.00738916
internal_weight=37113 5718 4892 826 1038 214 824 3854 389 206 706 180 733 196 115 81 180 3465 70 3395 106 3289 31395 468 352 224 30927 8081 5839 1046 22846 4793 2290 2503 14071 8775 7559 1548 6011 8971 6892 2079 505 1216 1151 5100 2090 3010 2242 887 454 1355 433 323 541 1032 183 132 128 87 497 200
internal_count=37113 5718 4892 826 1038 214 824 3854 389 206 706 180 733 196 115 81 180 3465 70 3395 106 3289 31395 468 352 224 30927 8081 5839 1046 22846 4793 2290 2503 14071 8775 7559 1548 6011 8971 6892 2079 505 1216 1151 5100 2090 3010 2242 887 454 1355 433 323 541 1032 183 132 128 87 497 200
cat_boundaries=0 2 3 4 5 7 9 11 13 14 15 17 19 21
cat_threshold=365437232 294961 4 1 1 2159134268 443456 335548545 70281 1867264963 202972 688390848 69824 6 10 67895552 131088 8437800 409600 1048576 262144
is_linear=0
shrinkage=0.05


Tree=150
num_leaves=63
num_cat=16
split_feature=15 1 22 1 16 16 1 22 21 17 1 8 22 1 7 1 19 22 19 21 23 19 3 18 18 16 8 16 17 17 22 1 1 21 15 4 23 4 17 8 22 1 17 16 7 4 8 17 22 23 15 22 7 17 8 4 1 18 18 19 19 1
split_gain=0.903288 1.7971 1.70694 1.69753 2.33348 1.52425 2.08178 3.21501 2.10136 1.828 1.56023 2.48618 2.66919 1.49579 1.48846 1.44399 1.90222 2.11725 1.69349 1.57713 1.4082 1.27286 1.25423 1.20734 1.29099 1.19895 1.89066 1.18419 1.12905 1.69904 3.28497 1.62377 1.52035 1.05833 2.1733 1.72163 1.66579 1.56246 1.53448 1.48075 2.54003 1.36189 1.64698 2.12392 1.83958 1.79714 1.34839 1.33599 1.12336 1.08324 1.04947 1.02932 0.977622 0.931217 0.915621 0.912236 0.891634 0.847856 0.836746 0.83579 0.829442 1.41034
threshold=3.5000000000000004 0 12.030738275513285 1 1.0080916135409423 1.9999873053070043 2 79.791840862109481 138.53571428571431 2.856806641613129 3 1090.6800000000003 17.678938604574679 4 873.13000000000022 5 2188.9100000000003 124.27639874695974 2257.5450000000005 217.70833333333334 2.5000000000000004 571.38500000000022 6 3.1563703263881395 2.8367374176208542 2.0000467368159751 727.61500000000012 2.0187637333782766 3.518417933307038e-05 1.9130396405201349 39.83172928819053 7 8 63.029411764705891 6.5000000000000009 9 10.500000000000002 10 2.0296775808124896 378.315 34.996507739240748 11 1.1048000227672057 1.5473101872606434 1446.9900000000002 12 1171.7 1.0065900017382272 18.61774509286413 15.500000000000002 7.5000000000000009 13.912534315966992 494.17500000000007 0.99999445588277125 1240.0650000000003 13 14 2.3975089064018142 0.65192786147545578 264.34999999999997 1226.1650000000002 15
decision_type=2 9 2 9 2 2 9 2 2 2 9 2 2 9 2 9 2 2 2 2 2 2 1 2 2 2 2 2 2 2 2 9 9 2 2 9 2 9 2 2 2 9 2 2 2 9 2 2 2 2 2 2 2 2 2 9 9 2 2 2 2 9
left_child=15 33 3 22 50 6 7 8 -4 20 11 12 -7 14 -6 16 17 21 -18 -19 -8 -1 -3 24 28 26 -12 -27 31 30 -30 -17 -31 34 35 39 37 -36 49 51 -41 42 47 45 -45 -44 -43 53 -40 -37 -5 -2 -9 -35 -39 -13 -33 -15 -11 -49 -23 -62
right_child=1 2 5 4 13 10 9 52 -10 58 25 55 -14 57 -16 23 18 19 -20 -21 -22 60 -24 -25 -26 27 -28 -29 29 32 -32 56 -34 41 36 38 -38 54 48 40 -42 46 43 44 -46 -47 -48 59 -50 -51 -52 -53 -54 -55 -56 -57 -58 -59 -60 -61 61 -63
leaf_value=-0.034888199212189268 0.22678240588299589 0.061345477274797139 0.004004187306701823 -0.14362496898457752 0.08848619938114731 0.22195506374347007 -0.42259421333262354 -0.60929672975978988 1.2547063007822166 -0.097127790740219322 0.66010932890890439 0.41586143494372368 -0.25521245282116461 0.16738992434586708 -0.057913694112217057 0.89257090784616189 2.4805041427460055 3.0346439734828103 0.015217024876786046 -0.31326093696691687 -0.017783385678899678 -0.4815795783710215 -0.078075792997943261 0.61883044399464004 -0.6135634550605279 -0.30009490712606246 -0.025897929136092658 0.024752902001896084 -0.12860438158832893 0.13997506962960848 0.032159079828855401 -0.23807667250692718 -0.011929944798137627 -0.01579869577247912 0.33398851149149711 -0.34993726969380962 0.002620141666519693 0.0555649620642793 -0.096605499056120356 0.013660990088908066 0.86235920321281834 0.27139185651783254 0.075032236815646067 0.48993607364753378 -0.47375487870668498 -0.14749829647937782 -0.010239273352059187 -0.45890455444600686 0.72679959082832901 0.016466774770002246 0.0099665967367989165 -0.44589266455324328 -0.18916478100009543 0.43787390146067651 -0.15770520077221237 -0.0092357031179872706 0.084489435496457335 0.033256087639253272 -0.50492947520403886 -0.011818693031109008 -0.47888060624510659 0.03522187096788585
leaf_weight=934 35 110 4159 98 329 62 98 78 34 23 65 100 418 243 130 146 26 44 266 43 2641 459 314 45 34 59 51 3898 3757 2546 2344 112 8922 278 133 187 558 189 40 209 34 399 115 335 27 208 88 68 29 27 120 80 62 43 21 123 552 67 29 47 160 262
leaf_count=934 35 110 4159 98 329 62 98 78 34 23 65 100 418 243 130 146 26 44 266 43 2641 459 314 45 34 59 51 3898 3757 2546 2344 112 8922 278 133 187 558 189 40 209 34 399 115 335 27 208 88 68 29 27 120 80 62 43 21 123 552 67 29 47 160 262
internal_value=-1.81862e-05 0.000256621 0 0.00164427 0.002775 -0.000193229 -0.000659464 1.72572e-05 0.000280029 -0.00172076 0.000491735 -0.00164106 -0.00372671 0.00411269 0.00195975 -0.000239651 -0.00144993 -0.00204724 0.00220339 0.00527778 -0.00152261 -0.00243399 -0.000915332 -9.20362e-05 -0.000115389 0.000874939 0.00588235 0.000713384 -9.38418e-05 -0.000180685 -0.000855996 0.00172202 0.000174353 0.00132785 0.000355987 -0.00182453 0.0019635 0.00469653 -0.00464527 0.000404313 0.0027439 0.00223464 0.00116843 0.00272529 0.00534247 -7.66871e-05 0.00445 -0.00113895 0.00104167 -0.00691244 -0.00158371 -0.00402542 -0.00734266 0.000385802 0.00134529 0.00254425 0.000516987 0.00681115 -0.0109091 -0.00572034 -0.00381787 -0.002
internal_weight=37113 16461 13311 1411 987 11900 7124 4333 4193 2791 4776 703 480 769 459 20652 2194 1902 292 87 2739 1815 424 18458 18413 4073 116 3957 18379 17569 6101 810 11468 3150 1542 641 901 343 283 358 243 1608 1121 685 362 323 487 436 69 214 218 115 140 321 210 223 664 310 52 115 881 422
internal_count=37113 16461 13311 1411 987 11900 7124 4333 4193 2791 4776 703 480 769 459 20652 2194 1902 292 87 2739 1815 424 18458 18413 4073 116 3957 18379 17569 6101 810 11468 3150 1542 641 901 343 283 358 243 1608 1121 685 362 323 487 436 69 214 218 115 140 321 210 223 664 310 52 115 881 422
cat_boundaries=0 2 4 6 8 10 12 13 15 17 18 19 21 22 23 25 27
cat_threshold=258524434 1189973 2425356320 360578 2961580169 295040 8716360 294946 536871041 16384 174122336 1057024 4 4104 37008 1426132997 150020 21 24 122191872 133141 3 18 67109380 262147 2146560 8192
is_linear=0
shrinkage=0.05


Tree=151
num_leaves=63
num_cat=8
split_feature=5 1 17 20 19 1 5 18 1 22 20 11 20 20 5 1 18 22 5 11 21 20 5 17 1 11 17 9 20 20 21 18 22 18 9 4 1 22 11 5 19 6 1 9 6 20 5 20 5 11 9 19 19 19 17 11 21 18 21 19 20 9
split_gain=0.739092 4.25193 1.07824 1.46954 1.2474 0.830376 1.03931 0.928436 0.824927 1.57932 0.888997 0.828167 0.816027 0.900983 0.806325 3.22136 2.07831 1.68136 1.6063 1.44533 2.219 1.24876 1.23264 1.1704 1.10402 1.27399 1.7436 1.08916 1.04448 1.34277 1.36039 1.02085 0.956842 0.907325 0.860488 0.817257 2.71557 2.13395 1.37849 1.35789 1.65871 1.41068 1.21998 1.73595 1.67465 1.35916 2.02495 1.34916 1.18873 0.788661 1.05721 0.680755 0.643463 0.636718 0.581731 0.498626 0.489265 0.984705 0.540642 0.227023 0.206434 0.121677
threshold=350.50000000000006 0 2.0296257185303714 19.500000000000004 456.94000000000011 1 359.50000000000006 0.97011058223085611 2 28.530737248820177 146.50000000000003 5559.0650000000014 87.500000000000014 283.50000000000006 319.50000000000006 3 2.3490184965274037 115.91214120602184 338.50000000000006 360.55000000000007 7.5000000000000009 10.500000000000002 339.50000000000006 0.66986026768764362 4 3392.8900000000003 0.93107345018391097 1169.5750000000003 293.50000000000006 160.50000000000003 206.10000000000002 1.1027915150456014 27.538544407666496 2.6610461873403151 2166.4450000000006 5 6 50.382012874549652 1077.9550000000002 26.500000000000004 1215.5650000000001 1734.8500000000001 7 3552.2050000000004 1376.8900000000001 47.500000000000007 73.500000000000014 59.500000000000007 98.500000000000014 4587.005000000001 2501.0150000000008 1563.0050000000001 845.18999999999994 1067.4950000000003 1.580158512017922 251.95500000000001 63.029411764705891 1.4619766923411499 41.020833333333336 1652.5200000000002 5.5000000000000009 1080.2850000000003
decision_type=2 9 2 2 2 9 2 2 9 2 2 2 2 2 2 9 2 2 2 2 2 2 2 2 9 2 2 2 2 2 2 2 2 2 2 9 9 2 2 2 2 2 9 2 2 2 2 2 2 2 2 2 2 2 2 2 2 2 2 2 2 2
left_child=14 8 3 -3 -4 6 7 -5 9 11 51 52 60 -14 24 19 17 23 -19 55 59 54 -23 31 25 28 -27 -25 29 30 -1 -17 -31 -18 -28 36 37 38 -26 40 -38 -41 43 44 -37 46 -44 -47 -39 -35 -51 -10 -2 -30 -22 -16 58 -58 -7 61 -6 -21
right_child=1 2 4 5 12 56 -8 -9 10 -11 -12 -13 13 -15 15 16 33 18 -20 20 21 22 -24 27 35 26 34 -29 53 32 -32 -33 -34 49 -36 42 39 48 -40 41 -42 -43 45 -45 -46 47 -48 -49 -50 50 -52 -53 -54 -55 -56 -57 57 -59 -60 -61 -62 -63
leaf_value=0.043646902976042061 0.85046672331631756 0.28850827498653259 1.6560802903525234 -0.79674544708869066 -0.40257190183034769 -0.20124648384104982 0.62769023403418778 -0.035170911046042086 0.64328354280724787 -0.40285795631622145 0.2506006531737654 -0.14155463566447732 4.3735124370047433 -0.99761686842961417 0.20984209225735029 -0.4492857547280249 0.31035537200200047 -1.9498440947840139 0.049913104302221005 2.122959417289596 -0.046474264063904869 0.18857036185795695 -0.0064446909713012706 0.02569461658527139 -0.017779356827543325 0.34335037738875163 -0.78299440869150061 -0.056318937251175073 1.1800783407824811 0.29743874724050701 -2.1060823395141051 0.34006253849213125 2.7691343286227936 -0.27775451294921966 0.0099470092253412194 0.10525129075175457 -0.046647334342851114 0.68003810796328112 -0.21471945646504267 -0.097912372847685003 -0.89929813820977889 0.02722263920147441 -0.074872849712436823 0.55244249527836775 -0.043460127784244663 0.051095993852562319 0.0034606895337141452 0.010991350689049285 -0.10917651033392134 0.35738264180706669 -0.036992292278750942 0.10293837635235442 0.096864543880187531 -1.393840649344849 -1.9899321629823064 -1.2809410107198369 -0.49737123190249766 0.022852930390936166 -0.55009211528708557 1.3966414138675931 -1.0234200811394438 1.3449291510921861
leaf_weight=316 28 28 36 55 25 39 31 78 56 29 38 20 25 29 24 123 40 42 22 106 26 785 319 1040 249 20 47 390 24 47 20 25 35 27 32 603 292 106 949 769 112 2774 2116 30 4033 1623 4733 14010 165 34 25 20 26 30 23 25 117 44 58 45 29 46
leaf_count=316 28 28 36 55 25 39 31 78 56 29 38 20 25 29 24 123 40 42 22 106 26 785 319 1040 249 20 47 390 24 47 20 25 35 27 32 603 292 106 949 769 112 2774 2116 30 4033 1623 4733 14010 165 34 25 20 26 30 23 25 117 44 58 45 29 46
internal_value=-1.41448e-05 -0.00150491 -0.00370675 -0.00496689 0 -0.00576471 -0.0019774 -0.00422794 0.00423913 0.000215517 0.00708661 0.00454545 -0.0027027 0.000877193 1.79039e-05 0.000780757 -0.000617631 -0.00112462 -0.00895522 0.00256728 0.00291944 0.00201125 0.00239386 -0.000759013 -5.35639e-05 0.0020976 -0.00269608 -0.000279135 0.00326316 0.00415677 0.00250737 -0.00496689 0.01 0.00542636 -0.00640244 -9.36243e-05 -0.000653896 -0.00247976 -0.00341382 1.89394e-05 -0.0027027 0.00034546 1.65679e-05 -0.000715965 -0.000808364 0.000171149 -0.000412288 0.000430097 0.00136861 0.00168539 0.00524194 0.0107595 0.00789474 -0.00263158 -0.00528846 -0.00528846 -0.00756458 -0.00533537 -0.01125 0.007875 -0.00701754 0.00903226
internal_weight=37113 811 594 450 144 422 164 133 217 103 114 74 108 54 36302 3167 1768 1642 64 1399 1350 1153 1104 1578 33135 571 99 1430 472 418 336 148 82 126 79 32564 5416 1469 1198 3947 404 3543 27148 4666 4636 22482 6849 15633 271 86 59 76 54 54 49 49 258 161 97 197 54 152
internal_count=37113 811 594 450 144 422 164 133 217 103 114 74 108 54 36302 3167 1768 1642 64 1399 1350 1153 1104 1578 33135 571 99 1430 472 418 336 148 82 126 79 32564 5416 1469 1198 3947 404 3543 27148 4666 4636 22482 6849 15633 271 86 59 76 54 54 49 49 258 161 97 197 54 152
cat_boundaries=0 2 4 6 8 10 11 13 15
cat_threshold=35689032 16897 2147483781 128 33554504 16384 143406791 46603 1342177280 133188 33 16934725 1409545 203489818 550179
is_linear=0
shrinkage=0.05


Tree=152
num_leaves=63
num_cat=18
split_feature=15 1 1 2 1 18 1 22 23 22 6 1 22 22 18 1 10 7 17 17 2 18 4 19 16 22 2 10 9 16 19 18 20 9 2 17 20 5 17 1 2 20 10 2 20 22 1 1 1 19 22 19 6 1 18 7 18 20 19 23 5 5
split_gain=1.00684 3.11726 1.81655 1.51631 1.90532 1.75436 1.83419 1.6592 1.40268 2.30273 2.03989 2.01675 2.33278 2.81624 2.43968 1.62539 3.51445 1.60555 1.5937 1.53288 1.91438 1.44645 1.39943 1.36212 1.28845 1.34597 1.28625 1.49934 1.26541 1.24752 1.21186 1.18188 1.15465 2.08656 1.1022 1.55461 1.38092 1.09764 1.18965 2.87588 2.71427 2.39591 2.20142 1.79519 1.51714 2.16932 6.97199 2.14936 1.82705 1.72134 1.68121 1.45039 1.10067 1.04585 1.02517 1.13808 0.99285 0.985498 0.975775 0.933811 1.31447 0.982561
threshold=2.5000000000000004 0 1 2 3 0.99653801466417535 4 92.360480332103535 3.5000000000000004 38.3023684346282 3650.2500000000005 5 85.561137976602112 128.7419808889729 0.77662924178631842 6 575.86000000000013 1227.2500000000002 1.6047647691494056 1.9130396405201349 7 0.60277769189288932 8 2736.0750000000003 1.6656285657141485 27.113538208846816 9 3258.1500000000005 1383.8450000000003 2.9999999999999996 1152.8300000000002 0.40687197655924012 211.50000000000003 799.1500000000002 10 2.0391458849605621 159.50000000000003 353.50000000000006 0.66986026768764362 11 12 129.50000000000003 1323.7450000000001 13 125.50000000000001 86.999900398968549 14 15 16 1162.6850000000002 53.860906534764183 264.34999999999997 1376.8900000000001 17 0.27778077656626726 384.06999999999999 1.8559844854446763 30.500000000000004 1617.05 5.5000000000000009 139.50000000000003 80.500000000000014
decision_type=2 9 9 1 9 2 9 2 2 2 2 9 2 2 2 9 2 2 2 2 1 2 9 2 2 2 1 2 2 2 2 2 2 2 1 2 2 2 2 9 1 2 2 1 2 2 9 9 9 2 2 2 2 9 2 2 2 2 2 2 2 2
left_child=1 3 26 4 31 6 29 28 10 18 15 34 14 -14 -13 16 30 -18 21 20 -17 -10 -6 -21 -24 -26 27 56 -7 58 -3 54 33 -8 36 -36 -11 38 39 40 51 43 -42 -41 45 47 -47 -40 50 -50 -46 -4 -43 -12 55 -1 -2 -28 -5 60 -59 -61
right_child=2 8 37 5 22 7 32 -9 9 11 53 12 13 -15 -16 19 17 -19 -20 23 -22 -23 24 -25 25 -27 57 -29 -30 -31 -32 -33 -34 -35 35 -37 -38 -39 44 41 42 52 -44 -45 48 46 -48 -49 49 -51 -52 -53 -54 -55 -56 -57 -58 59 -60 61 -62 -63
leaf_value=0.16170943883472264 -0.0030254492540876757 0.49044620887401325 -0.5371124221871959 0.93149375558519021 0.066714337161204895 -1.0054736254581813 -0.59419305947122825 2.7801307098417141 -1.6350635396121367 -0.35468564589731388 0.023795772570782959 0.26181536727226185 1.2014351775285121 -0.24698929278469564 -0.8762857654217342 0.024945566257358467 -0.079323820939589507 0.63755487183953718 -1.3359457429543427 0.073966159389601674 -0.37230363807885142 0.14045004923896337 -0.67599187040610831 -0.63910241181754657 -0.58823725198488686 1.2448996406277715 -0.19631908306090473 -0.89159219113987342 -0.065836217460423549 0.017311166575623104 1.4125946802224889 -0.92817108575774299 0.017616340430497247 0.017601900582592124 0.67346880418450117 -1.2535373048486094 -1.528461590994477 -0.067041691955294885 0.025492469208526904 -0.14335875604735193 -0.16617473060218835 -0.80815458950520869 0.12824484804027919 0.17750241757012264 -0.1438626277993599 1.3221885079913478 -0.44773604139569834 -0.0010635619762759064 0.16970019218125501 -0.042085706564700946 0.1673689205310197 -0.12892352351081202 -0.34423259012293528 -0.3699025770235787 0.59262807259326566 -0.60247787742277237 0.5688359351778729 0.17379989029950738 -0.10311800744792024 0.25763399804359183 0.55527910692011706 -0.038459385102769521
leaf_weight=33 188 249 181 148 276 175 295 23 22 54 145 262 130 53 113 652 808 248 137 5833 801 28 56 260 227 79 41 29 87 770 353 155 241 165 86 59 68 429 2148 104 322 20 232 405 546 101 564 14115 2657 532 233 128 91 428 37 40 45 97 53 66 108 82
leaf_count=33 188 249 181 148 276 175 295 23 22 54 145 262 130 53 113 652 808 248 137 5833 801 28 56 260 227 79 41 29 87 770 353 155 241 165 86 59 68 429 2148 104 322 20 232 405 546 101 564 14115 2657 532 233 128 91 428 37 40 45 97 53 66 108 82
internal_value=-3.36782e-06 -0.000346103 0.000193889 -0.00180995 -0.00352074 -0.000977157 -0.000328358 -0.00460069 3.93446e-05 -0.00172414 0.000227505 -0.000513285 0.00113835 0.00577957 -0.000992063 0.000412729 0.00182525 4.72144e-05 -0.00671053 9.26048e-05 -0.00135646 0 -0.00184332 0.000447014 -0.00386667 -0.00242718 0.00276532 0 -0.00584906 0.00104167 0.00487603 -0.00710432 -0.00227591 -0.0037797 -0.00401786 -0.000474684 -0.00740741 0.000116121 0.000166428 -0.00119448 -0.00305365 0.00134281 -0.000793651 0.00288086 0.000265563 5.61101e-05 -0.00273204 0.000173675 0.00114581 0.00167864 -0.000978535 -0.00675466 -0.00504386 -0.00264757 -0.00265487 -0.00625 0.00137712 0.00454545 0.00453431 0.00554775 0.0078125 0.00198675
internal_weight=37113 13649 23464 2860 903 1957 1672 285 10789 1012 9777 825 558 183 375 9204 1658 1056 187 7546 1453 50 638 6093 362 306 656 262 262 971 602 265 701 460 267 145 122 22808 22379 1483 863 620 554 509 20896 16928 665 16263 3968 3189 779 309 111 573 110 73 233 394 201 353 205 148
internal_count=37113 13649 23464 2860 903 1957 1672 285 10789 1012 9777 825 558 183 375 9204 1658 1056 187 7546 1453 50 638 6093 362 306 656 262 262 971 602 265 701 460 267 145 122 22808 22379 1483 863 620 554 509 20896 16928 665 16263 3968 3189 779 309 111 573 110 73 233 394 201 353 205 148
cat_boundaries=0 2 4 5 7 9 11 13 14 15 16 17 19 20 21 23 25 27 29
cat_threshold=2562113888 1060945 402669824 1056832 321 2281701440 1060864 2290483264 4112 657 17410 1141376001 691242 353 5 2634 2339 573079705 327811 709 408 2181038085 4608 103161920 262145 120530032 525313 148 128
is_linear=0
shrinkage=0.05


Tree=153
num_leaves=63
num_cat=24
split_feature=15 7 1 2 1 1 4 2 16 1 17 7 9 17 7 7 2 9 1 17 19 1 16 2 20 2 23 7 20 9 11 16 16 9 11 1 2 9 1 19 7 23 15 11 9 20 15 7 2 16 2 20 6 1 9 1 4 7 1 2 0 2
split_gain=1.03381 1.37005 2.11088 1.75279 5.49977 3.49 2.46064 2.32691 2.45721 2.36336 2.26381 1.65108 1.61655 2.39338 1.7125 1.67814 1.75117 1.59666 2.05235 1.82199 1.45532 2.08376 1.6217 1.46378 1.44204 1.42504 1.86488 1.51755 1.47676 1.42235 1.35249 1.3466 1.48951 1.56161 1.34204 3.17569 2.32945 2.44298 1.61564 1.58352 1.57518 1.30756 2.00577 1.3619 1.29338 1.31787 1.27305 1.26642 2.04486 1.26444 1.43858 1.15902 1.15107 2.01832 1.31734 3.47441 2.51559 2.02579 1.208 2.16758 1.14104 2.21625
threshold=3.5000000000000004 352.15000000000003 0 1 2 3 4 5 1.3333558952110012 6 1.776783855552708 615.23500000000013 567.2800000000002 0.71763517081854766 719.94500000000016 495.96500000000009 7 872.60500000000013 8 0.83726071045203765 670.34500000000003 9 0.91276003532301864 10 78.500000000000014 11 16.500000000000004 275.60000000000008 55.500000000000007 926.50500000000011 1524.5900000000004 0.75000136083057856 1.2995519202830994 1051.1750000000004 3168.8850000000007 12 13 1729.3050000000003 14 1.0000000180025095e-35 227.03500000000005 3.5000000000000004 9.5000000000000018 2101.9500000000003 1701.6700000000003 62.500000000000007 11.500000000000002 1151.6100000000004 15 0.95877326446282818 16 153.50000000000003 3650.2500000000005 17 1373.4550000000002 18 19 422.80000000000001 20 21 22 23
decision_type=2 2 9 1 9 9 9 1 2 9 2 2 2 2 2 2 1 2 9 2 2 9 2 1 2 1 2 2 2 2 2 2 2 2 2 9 1 2 9 2 2 2 2 2 2 2 2 2 1 2 1 2 2 9 2 9 9 2 9 1 1 1
left_child=34 2 25 4 31 12 10 8 -8 -9 11 -7 15 -14 -15 30 -17 19 29 -6 21 46 -23 -24 -12 26 27 28 -2 -19 -5 -3 -33 -34 38 36 37 -36 60 44 -37 -27 43 -43 -38 -46 -4 51 -49 50 -22 -42 54 -54 58 57 -57 -56 59 -40 -1 -62
right_child=1 3 20 5 17 6 7 9 -10 -11 24 -13 13 14 -16 16 -18 18 -20 -21 49 22 23 -25 -26 41 -28 -29 -30 -31 -32 32 33 -35 35 40 39 -39 52 -41 47 42 -44 -45 45 -47 -48 48 -50 -51 -52 -53 53 -55 55 56 -58 -59 -60 -61 61 -63
leaf_value=-0.030434332697876699 0.14646357895463522 -0.37413551537449918 -0.1147720853902353 0.44930154497612629 -0.082846214359600628 -0.12534567072010924 -0.039090194896756005 -0.014888765239034464 0.24623939636628736 0.078214012400983801 0.28436067905954199 0.013852577980177118 -0.28548898704249626 -0.038421417178789864 0.006338445056395337 0.014423397754451273 0.43845383790900511 -0.66257781054397569 -0.082148643973100205 0.1593998874660798 0.01715115113516923 0.053353600653298111 -0.1026410775284174 0.069137628687560779 -0.29165929667047907 0.11133176528897196 -0.10834128703344761 -0.5051757885740038 -0.015129036550129449 0.030751079840645623 -0.11610779938199799 0.21380982544491084 0.33376475167521563 0.053816103685598193 -0.87024283795145152 0.15496829768933049 1.0880496211862898 0.4339444064546612 -0.31592332385648592 -0.15020173658503622 -0.88032417921896655 -0.24950485598744834 0.0025125575982546168 -0.42250678106247153 2.877081615578799 -0.067181095368982827 0.010727180828614014 0.081423226693775774 -0.23978919348750907 0.047287619444368191 -0.15017178125614397 -0.41208746834172916 -0.25969430582747893 0.043109536448928412 0.62310784250610229 1.2226241279769461 0.13795103453633681 -0.18093365775966497 -0.0077178176153395841 0.34873521936180513 0.011716220216911211 -0.46484266570138222
leaf_weight=1991 146 29 667 96 96 537 105 698 576 644 203 556 173 2412 2226 101 102 35 627 375 217 350 408 355 50 81 87 77 112 677 319 222 447 593 67 74 131 65 329 60 118 115 89 140 22 96 100 138 615 1441 177 61 580 330 34 260 402 428 13001 1174 277 399
leaf_count=1991 146 29 667 96 96 537 105 698 576 644 203 556 173 2412 2226 101 102 35 627 375 217 350 408 355 50 81 87 77 112 677 319 222 447 593 67 74 131 65 329 60 118 115 89 140 22 96 100 138 615 1441 177 61 580 330 34 260 402 428 13001 1174 277 399
internal_value=-3.43518e-05 0.000259657 -0.000470975 0.000544026 0.00156551 0.000175916 0.00144145 0.00254175 0.00493516 0.00125461 -0.000183959 -0.00120894 -0.000601801 -0.000919194 -0.000689507 0.00177134 0.00546117 -0.000191991 -0.00109911 0.00226793 3.353e-05 -0.000929368 0.000421847 -0.000815927 0.00400391 -0.00270349 -0.00045977 0.00110947 0.00306513 0.000689655 0 0.00404525 0.00434783 0.00345158 -0.000271121 -0.00174138 0.00170705 -0.00344828 -0.000157486 0.00411491 -0.00328754 -0.00473744 -0.00619597 -0.00843023 0.00605159 0.00165289 -0.00291667 -0.00390374 -0.00287698 0.00104733 -0.00138539 -0.00782967 2.41677e-05 -0.0016977 0.000127951 0.00177462 0.00407407 -0.00147368 0 0.00133575 -0.00129664 -0.00309278
internal_weight=37113 16461 4562 11899 3101 8798 3369 2023 681 1342 1346 1093 5429 4811 4638 618 203 1810 1339 471 3715 1880 1113 763 253 847 422 335 258 712 415 1291 1262 1040 20652 1447 441 132 19205 309 1006 425 344 255 249 118 767 932 753 1835 394 179 16538 910 15628 1124 662 462 14504 1503 2667 676
internal_count=37113 16461 4562 11899 3101 8798 3369 2023 681 1342 1346 1093 5429 4811 4638 618 203 1810 1339 471 3715 1880 1113 763 253 847 422 335 258 712 415 1291 1262 1040 20652 1447 441 132 19205 309 1006 425 344 255 249 118 767 932 753 1835 394 179 16538 910 15628 1124 662 462 14504 1503 2667 676
cat_boundaries=0 2 3 5 7 8 9 11 12 14 16 17 18 20 21 23 24 25 27 29 30 32 33 34 35
cat_threshold=2229174273 327954 784 269386887 86448 1880895662 219626 12 2058 77727057 528 78 631247144 557056 2102484 1537 2992 677 75784728 66066 67 186967808 1057040 6 2152 537395331 82464 616632417 37504 18 1346437121 623624 26 1 3288
is_linear=0
shrinkage=0.05


Tree=154
num_leaves=63
num_cat=11
split_feature=15 16 22 21 11 23 2 5 16 23 16 2 21 21 5 21 22 10 10 16 11 10 22 5 15 4 11 11 21 14 21 2 18 20 10 10 4 22 5 10 4 10 6 2 20 18 21 4 2 21 2 11 15 23 23 20 4 5 21 10 21 10
split_gain=0.842989 1.32956 2.30533 2.58162 1.89783 2.0959 1.82576 3.52646 1.88737 1.50151 1.55623 1.25775 2.26502 2.40112 2.568 1.69378 1.65953 1.48905 2.40011 2.73076 1.97754 2.17264 1.56171 1.35584 1.77064 1.32138 1.14214 1.47797 1.10009 1.09908 1.12004 1.72742 1.2879 1.16356 1.87014 1.76031 1.57828 1.36262 1.16085 1.04434 1.04168 1.03593 1.01718 1.33991 1.13968 1.48838 1.16202 1.0966 2.12286 1.91065 1.49973 1.3611 1.34273 1.21787 0.891698 1.00156 0.878856 1.23028 0.85947 0.83041 0.800345 0.618663
threshold=3.5000000000000004 1.8461237846651612 81.286940183696515 135.3666666666667 979.53500000000008 4.5000000000000009 0 235.50000000000003 0.31578313878559933 8.5000000000000018 0.36811305843325343 1 130.70833333333334 101.90454545454547 82.500000000000014 162.08333333333334 11.90946817891777 1260.6750000000002 1077.8850000000004 1.9999873053070043 2732.8500000000004 1790.0700000000002 41.414283214467865 262.50000000000006 6.5000000000000009 2 3168.8850000000007 3133.9450000000006 56.023809523809533 1.0000000180025095e-35 135.3666666666667 3 1.044995713717721 147.50000000000003 2231.1050000000005 2723.4300000000007 4 59.497749014481279 310.50000000000006 1589.6250000000002 5 2166.4150000000004 4168.3500000000013 6 160.50000000000003 0.45822087876497902 87.527777777777786 7 8 203.29166666666671 9 2480.1350000000007 2.5000000000000004 10.500000000000002 4.5000000000000009 129.50000000000003 10 293.50000000000006 101.04545454545456 1135.4250000000004 124.06250000000001 2253.4550000000004
decision_type=2 2 2 2 2 2 1 2 2 2 2 1 2 2 2 2 2 2 2 2 2 2 2 2 2 9 2 2 2 2 2 1 2 2 2 2 9 2 2 2 9 2 2 1 2 2 2 9 1 2 1 2 2 2 2 2 9 2 2 2 2 2
left_child=26 2 3 6 -4 -6 7 8 -2 10 -8 12 13 23 60 -14 56 18 19 -18 21 -19 -20 24 -3 -22 27 42 -25 -28 33 54 38 34 58 36 -35 -36 -33 -34 -11 -16 47 44 45 -44 -46 50 49 -49 51 -1 -52 -50 55 -32 -13 -58 -31 -5 -15 -45
right_child=1 11 4 59 5 -7 9 -9 -10 40 -12 16 15 14 41 -17 17 20 22 -21 25 -23 -24 28 -26 -27 29 -29 -30 30 31 32 39 35 37 -37 -38 -39 -40 -41 -42 -43 43 61 46 -47 -48 48 53 -51 52 -53 -54 -55 -56 -57 57 -59 -60 -61 -62 -63
leaf_value=0.090499295487009246 -0.55320311326159233 -0.06787614732582696 0.29453732005672428 0.56073330682295652 -0.033522175607153315 -0.59381752601178028 0.023993741447934272 -0.21032594055169185 0.016542033249307232 0.021481733544557714 -0.053114105629384505 0.0064117260106939973 -0.57262659164744822 -0.26456560786470645 0.67648469047140736 0.3056301497931358 -0.2703652003859926 0.34955388486232764 -0.054801604238288705 0.075817251039305242 0.14425126259956864 -0.058777927007451325 -0.68246566375430939 -0.027578162408237183 0.018589003878015653 -0.0016181847349871605 0.61869797745259736 0.95601410537672538 0.32598152423879584 -0.34517541439697941 -0.29042583974930808 -0.4359155602722723 -0.24588962069465836 0.18684565961203106 -0.28330785498368699 0.60870836542052587 -0.64868583645691169 0.38101407971324835 0.75209870919546162 0.40247989136643203 -0.0062793593950527084 0.0039221424551350026 0.014203772118304238 -0.30672048449903572 1.2447668914642323 -0.6950828592835685 0.0078950890416749075 -0.17952957776871303 0.01502065369832728 0.1628175103515794 -0.063758944208592544 0.57659589974303782 0.080165168417904914 -0.36815139377002809 0.027852126311795192 -0.74857932460135579 0.35538268404251278 0.063832431181786123 -1.1821973875200897 1.6060826578186806 1.3947204996519602 0.020713624678580803
leaf_weight=2850 47 1551 37 34 75 126 305 112 3564 1031 2316 119 124 180 226 49 68 414 238 1033 686 80 129 72 481 1150 36 42 158 27 36 65 54 105 371 61 160 30 26 351 1750 48 350 428 41 87 80 3139 6548 596 3261 246 1460 33 25 57 113 79 43 40 26 44
leaf_count=2850 47 1551 37 34 75 126 305 112 3564 1031 2316 119 124 180 226 49 68 414 238 1033 686 80 129 72 481 1150 36 42 158 27 36 65 54 105 371 61 160 30 26 351 1750 48 350 428 41 87 80 3139 6548 596 3261 246 1460 33 25 57 113 79 43 40 26 44
internal_value=-3.30046e-05 0.000232325 -0.000150953 -1.90176e-05 -0.00497925 -0.00698529 -0.000101337 0.000742773 0.00103071 -0.000692521 -0.00155297 0.000754234 -2.56148e-05 0.000309654 0.00351967 -0.00553977 0.00131611 0.00101289 -0.000203943 0.000928442 0.00180026 0.00462777 -0.00371622 -0.000353201 -0.000786241 0.00100598 -0.000246914 -0.000141868 0.00321888 -0.00160345 -0.00185644 -0.000162075 0.00108055 -0.00309375 -0.00469409 -0.000607903 -0.00251866 -0.00315594 -0.00398936 0.00238971 9.87787e-05 0.0066787 -0.000165658 -0.00169409 0 -0.00119318 0.00423387 -7.58161e-05 -0.000416304 -0.0013674 0.000367178 0.00122226 -0.000184833 0.000117531 -0.00534351 -0.00807292 0.00485669 0.00682927 -0.0123288 0.00909091 -0.000478469 -0.00360825
internal_weight=37113 16461 9437 9199 238 201 9125 3723 3611 5402 2621 7024 2915 2742 480 173 4109 3798 1468 1101 2330 494 367 2262 2032 1836 20652 19205 230 1447 1411 614 496 797 471 326 265 401 91 405 2781 274 19163 1030 558 437 121 18133 10316 3735 7817 3096 4721 6581 118 93 311 192 70 74 206 472
internal_count=37113 16461 9437 9199 238 201 9125 3723 3611 5402 2621 7024 2915 2742 480 173 4109 3798 1468 1101 2330 494 367 2262 2032 1836 20652 19205 230 1447 1411 614 496 797 471 326 265 401 91 405 2781 274 19163 1030 558 437 121 18133 10316 3735 7817 3096 4721 6581 118 93 311 192 70 74 206 472
cat_boundaries=0 1 2 3 4 5 6 7 8 9 10 11
cat_threshold=1617 2721 9 66 24 9 1331 20 1353 1321 5
is_linear=0
shrinkage=0.05


Tree=155
num_leaves=63
num_cat=5
split_feature=15 11 2 22 22 8 11 21 8 8 21 22 22 20 5 19 19 2 23 5 11 11 2 6 8 20 5 19 9 9 8 11 5 8 20 5 20 23 22 23 2 6 19 22 23 21 23 19 11 9 8 23 20 0 19 22 19 22 5 8 5 9
split_gain=0.782712 1.60474 2.36371 1.6936 1.52306 1.46519 1.9314 1.41247 1.89856 1.6042 1.72757 1.56086 1.411 1.36906 1.23757 1.19725 1.16348 1.64494 1.44008 1.40614 1.37528 1.2841 1.78016 1.21914 1.15869 1.11629 1.08733 1.07546 1.60861 1.57973 1.21549 1.0366 0.982765 0.902687 1.36767 0.901833 1.01235 1.86567 1.80463 2.99489 1.65403 1.84433 1.83563 1.6029 1.31219 1.20835 1.18943 1.05039 0.956439 0.901379 1.25766 1.09329 0.941881 0.881249 0.817473 0.816949 2.49475 1.12761 1.00551 0.785139 0.761541 0.961682
threshold=2.5000000000000004 1711.0050000000003 0 83.712901949584605 115.91214120602184 1260.9800000000002 2502.9050000000002 199.45000000000002 422.66000000000003 189.00000000000003 242.70833333333334 185.46192241195732 133.65409289509725 15.500000000000002 96.500000000000014 737.02500000000009 2736.0750000000003 1 9.5000000000000018 12.500000000000002 720.89000000000021 1618.9550000000002 2 4168.3500000000013 837.36000000000013 213.50000000000003 144.50000000000003 2896.8650000000002 491.91500000000002 154.67500000000004 545.72000000000014 4667.005000000001 11.500000000000002 85.330000000000013 83.500000000000014 353.50000000000006 125.50000000000001 1.5000000000000002 86.999900398968549 3.5000000000000004 3 1376.8900000000001 344.99500000000012 105.67718120232597 13.500000000000002 142.07142857142858 2.5000000000000004 3240.0100000000007 1524.5900000000004 1714.7350000000004 283.74500000000006 3.5000000000000004 110.50000000000001 4 264.34999999999997 90.528170519769517 292.12500000000006 1.0000000180025095e-35 262.50000000000006 681.25500000000011 144.50000000000003 1286.2500000000002
decision_type=2 2 1 2 2 2 2 2 2 2 2 2 2 2 2 2 2 1 2 2 2 2 1 2 2 2 2 2 2 2 2 2 2 2 2 2 2 2 2 2 1 2 2 2 2 2 2 2 2 2 2 2 2 1 2 2 2 2 2 2 2 2
left_child=1 16 12 5 26 -4 25 35 9 14 15 13 55 -10 -9 -11 18 27 19 20 -1 53 -23 33 -13 -7 -5 30 29 -29 -18 -8 -22 -19 -35 36 37 40 45 -40 41 -2 -42 44 47 -39 48 -38 -45 50 -37 -52 -53 -21 -14 57 -57 58 -3 -30 61 -6
right_child=7 2 3 4 60 6 31 8 11 10 -12 24 54 -15 -16 -17 17 23 -20 21 32 22 -24 -25 -26 -27 -28 28 59 -31 -32 -33 -34 34 -36 49 43 38 39 -41 42 -43 -44 46 -46 -47 -48 -49 -50 -51 51 52 -54 -55 -56 56 -58 -59 -60 -61 -62 -63
leaf_value=-1.7623307148364562 0.50837904836701353 -0.033459589923675995 -0.57712733202493927 1.0595522868712095 0.62444902752471876 0.075205372708049376 -0.28773310054444184 2.6298928530560435 -0.1196207650790882 0.43834102666669 -1.4288508246019902 -1.0021123908815057 -1.9415903548423388 1.4041418110665491 -0.024447671171287058 -0.54044004749422392 -1.2935878061341541 1.5202461454808607 -0.78102583986772522 0.04868015454621144 0.34138581072737395 -0.27763059768644638 0.66082418957283062 -0.73879667296005358 0.056596045274666551 3.0260638870991787 3.7980833793154987 0.87268380579023774 0.70807168052744629 -0.53764298058060478 -2.554815133812838e-05 1.3258038881854401 -0.79541003732211024 0.101216674214335 -1.0806948564872003 0.024494440976891241 0.019044690800262033 0.0018805568279510966 0.18438750353021868 -0.36904163442938143 -0.31373283730104551 -0.033236922954396779 -0.036122094362719535 0.60703309834911401 -0.41222003120746464 0.33048137761715179 0.10980713216661969 0.61737404605675439 2.5063095019192789 0.020407646867329987 -0.00066943104278323069 -0.10736762175139686 -0.88212796174383579 -0.069767200857363321 -2.0742294814514817 1.2127018422551985 -0.60185682324207945 -0.13204395846356648 0.57082917451722326 0.085993089577812043 -0.52808966621197728 -2.4740517399415349
leaf_weight=115 99 635 655 41 29 87 355 26 56 40 33 35 23 318 37 40 41 50 32 6555 171 111 202 163 33 42 28 51 89 148 64 28 36 89 54 43 3920 15435 204 398 411 422 603 22 49 634 119 53 41 93 90 164 46 2621 26 69 36 503 321 126 29 24
leaf_count=115 99 635 655 41 29 87 355 26 56 40 33 35 23 318 37 40 41 50 32 6555 171 111 202 163 33 42 28 51 89 148 64 28 36 89 54 43 3920 15435 204 398 411 422 603 22 49 634 119 53 41 93 90 164 46 2621 26 69 36 503 321 126 29 24
internal_value=-3.30046e-05 -0.000335116 -0.00137185 -0.00293013 0.00178571 -0.00361111 -0.00145631 0.000140623 0.00249597 -0.00167598 -0.00538793 0.00426966 -4.61255e-05 0.00557029 0.00416667 -0.00060241 -4.66374e-05 -0.00179385 0.000104103 0.000145201 -0.00307692 0.000260746 0.0034019 -0.00433604 -0.00211268 0.00359848 0.00729167 0 0.00119904 -0.00185644 -0.00439815 -0.00330311 -0.000357143 -0.00140306 -0.00359589 7.44015e-05 0.000120466 -3.84425e-05 0.000112451 -0.00256198 -0.00170676 0.000514981 -0.00287244 0.000820062 0.000596273 0.000216215 0.00540541 0.000710513 0.0109848 -0.00216401 -0.00339595 -0.00462046 -0.00657277 0.000147075 -0.00817308 0.000191449 0.00439815 -8.54993e-05 0.00088634 0.00424312 -0.00235294 0.000446429
internal_weight=37113 13649 2931 1318 151 1167 512 23464 618 176 113 442 1613 374 63 80 10718 875 9843 9811 322 9489 313 356 68 129 69 519 414 199 105 383 207 193 143 22846 22410 18206 16671 602 1535 521 1014 4204 4022 16069 182 3973 63 436 343 300 210 9176 49 1564 105 1459 956 215 82 53
internal_count=37113 13649 2931 1318 151 1167 512 23464 618 176 113 442 1613 374 63 80 10718 875 9843 9811 322 9489 313 356 68 129 69 519 414 199 105 383 207 193 143 22846 22410 18206 16671 602 1535 521 1014 4204 4022 16069 182 3973 63 436 343 300 210 9176 49 1564 105 1459 956 215 82 53
cat_boundaries=0 1 2 3 4 5
cat_threshold=2349 349 298 186 1
is_linear=0
shrinkage=0.05


Tree=156
num_leaves=63
num_cat=13
split_feature=15 1 9 19 9 9 14 20 20 1 1 17 21 1 1 1 21 1 15 1 1 19 1 8 10 20 21 9 8 19 7 14 9 20 1 20 7 1 10 1 7 10 15 7 17 23 17 8 21 21 9 21 16 21 15 20 19 6 22 20 16 17
split_gain=0.653584 1.51629 1.35764 1.35674 1.54147 1.5473 1.15551 2.78386 1.46659 3.02627 2.87241 1.564 2.73632 1.79297 1.56791 1.54512 1.532 2.87188 1.95725 3.46117 2.54223 1.38303 1.54181 1.2795 1.1786 1.16423 1.32408 1.42153 1.17885 1.14638 1.13927 2.11888 1.55429 1.13274 1.12462 1.10846 1.10067 2.87109 2.29823 2.10776 2.43986 2.31358 1.80988 2.2785 1.91128 1.82025 1.6978 1.42967 1.39076 1.3633 1.33031 1.17609 1.09894 2.06514 1.93976 1.24671 1.40487 1.14228 1.0597 1.05756 1.03822 1.03404
threshold=4.5000000000000009 0 4315.7700000000013 685.36500000000001 1107.1150000000002 1815.8750000000002 2.5000000000000004 28.500000000000004 113.50000000000001 1 2 2.0128060829231038 101.90454545454547 3 4 5 21.357142857142858 6 2.5000000000000004 7 8 1078.2250000000004 9 1945.0900000000001 1004.8650000000001 59.500000000000007 42.133928571428577 1714.7350000000004 509.37000000000006 2532.0250000000005 267.42000000000007 1.5000000000000002 744.04000000000008 16.500000000000004 10 172.50000000000003 352.15000000000003 11 793.16500000000019 12 1139.5900000000001 2253.4550000000004 6.5000000000000009 283.50000000000006 1.3628709906078298 16.500000000000004 1.2402422752990117 422.80000000000001 46.775000000000006 79.292857142857159 1022.4150000000002 81.7638888888889 2.1693094277393503 89.408333333333346 5.5000000000000009 30.500000000000004 1332.0250000000001 2012.74 34.271059937535576 193.50000000000003 1.9996499707111555 0.8253637730621054
decision_type=2 9 2 2 2 2 2 2 2 9 9 2 2 9 9 9 2 9 2 9 9 2 9 2 2 2 2 2 2 2 2 2 2 2 9 2 2 9 2 9 2 2 2 2 2 2 2 2 2 2 2 2 2 2 2 2 2 2 2 2 2 2
left_child=6 2 3 4 -2 61 8 33 9 30 21 12 14 -14 -11 29 17 59 20 -20 -18 -10 24 -17 -23 26 -9 28 -28 -13 31 34 -33 60 -1 -19 37 52 47 41 51 46 48 45 -45 -44 -40 -38 -39 -42 -43 -41 55 54 -54 56 -3 -57 -5 -12 -8 -6
right_child=1 36 -4 58 5 -7 7 25 10 11 16 15 13 -15 -16 23 18 35 19 -21 -22 22 -24 -25 -26 -27 27 -29 -30 -31 -32 32 -34 -35 -36 -37 38 42 39 40 49 50 43 44 -46 -47 -48 -49 -50 -51 -52 -53 53 -55 -56 57 -58 -59 -60 -61 -62 -63
leaf_value=0.02961890652272281 -0.27126885616205793 -0.054779700241217991 0.30415907290179878 0.098666366779860945 0.19177162505823855 -0.06224850844294938 -0.13589883944601039 0.21010943211694644 -0.047796109732425408 -0.39487778947196972 0.18551843399333309 0.22741412936598027 0.22320448137439294 -0.011389490268192404 -0.084497079404077635 0.0085677623538970241 -0.21571366134626119 -0.11985856223853233 0.33896121271807012 0.013634522365229884 0.01296301835211864 -0.36688163661170281 -0.32239674016335162 -0.8682611908372202 0.75004638680299252 -0.095609780552808138 0.037556712129094907 -0.24797972883674008 0.98486337940491853 -0.24204382654807768 -0.1479329257293811 0.035318371606813774 0.88926143445794859 -0.2928975938303417 -0.55031919682472086 0.22542919977834189 0.69778440662678232 -0.42098505976213102 -0.0088967004689596511 0.037316968298132469 0.16342740852646465 0.12858889392710485 0.12480648722555543 -0.32485524752539513 0.18176428339992354 -0.0363637402024704 0.082867376329207876 -0.031352566286762598 -0.1787794726967995 0.94376625417815418 -0.014798004389957597 -0.080517403556422812 -0.14904973846918104 1.6272417672346551 0.16153867011907677 0.16933468855753483 0.034816033039815952 0.00087819976787670848 -0.50401362540832795 1.9181633503799007 0.49925870850106335 -0.0059082095802594388
leaf_weight=112 164 462 35 139 36 322 89 215 1757 377 158 761 350 1582 1377 4353 1168 649 434 3872 2824 194 352 110 93 55 39 50 23 114 2038 140 68 149 223 1526 82 68 1164 1454 187 156 249 111 35 182 1502 30 493 51 2510 207 144 39 264 306 118 827 32 279 62 151
leaf_count=112 164 462 35 139 36 322 89 215 1757 377 158 761 350 1582 1377 4353 1168 649 434 3872 2824 194 352 110 93 55 39 50 23 114 2038 140 68 149 223 1526 82 68 1164 1454 187 156 249 111 35 182 1502 30 493 51 2510 207 144 39 264 306 118 827 32 279 62 151
internal_value=-5.05173e-05 0.000260349 -0.00170964 -0.00218418 -0.00321746 -0.00170898 -0.000192413 0.00182482 -0.00024986 -0.000661182 0.000105192 -0.000221312 -0.00101654 0.000258398 -0.00244735 0.000318292 0.000453172 0.00151052 0.000114444 0.000858668 -0.000675845 -0.00145289 -0.00346573 -5.02681e-05 -0.000416667 0.00467532 0.00583333 0.000869565 0.00615385 0.0022241 -0.00216847 -4.57875e-05 0.00379147 -0.00165017 -0.00258876 0.000719835 0.000429416 -0.000318085 0.000772529 0.000653166 0.00207897 0.000130964 -0.00234579 -0.000301724 -0.0057047 0.00144009 0.00118022 0.00782609 -0.0043883 0.00684647 -0.000899213 0.00136719 0.000736309 0.00294444 0.00170316 0.000131119 -0.00171527 0.00112236 0.00158046 0.00516667 0.00113636 0.00171053
internal_weight=37113 11520 879 844 673 509 25593 682 24911 11605 13306 9024 3686 1932 1754 5338 10910 2612 8298 4306 3992 2396 639 4463 287 382 327 112 62 875 2581 543 208 300 335 2175 10641 3298 7343 7231 1899 5332 1138 577 146 431 2666 112 561 238 2666 1661 2160 447 408 1713 580 1133 171 437 151 187
internal_count=37113 11520 879 844 673 509 25593 682 24911 11605 13306 9024 3686 1932 1754 5338 10910 2612 8298 4306 3992 2396 639 4463 287 382 327 112 62 875 2581 543 208 300 335 2175 10641 3298 7343 7231 1899 5332 1138 577 146 431 2666 112 561 238 2666 1661 2160 447 408 1713 580 1133 171 437 151 187
cat_boundaries=0 2 4 6 8 10 12 14 16 18 20 22 24 26
cat_threshold=1073742340 82246 2316354153 1057805 73871632 547168 94777606 524288 294523138 16418 336068866 674082 301991490 294925 412107296 1056782 2458928134 1319055 4390912 540672 33587272 1024 909119602 1347585 907292922 1086113
is_linear=0
shrinkage=0.05


Tree=157
num_leaves=48
num_cat=7
split_feature=7 7 16 13 16 1 15 9 1 23 15 8 1 15 19 9 22 2 22 7 10 20 8 10 20 1 2 17 17 20 2 17 22 22 22 20 10 10 10 22 20 23 23 22 17 22 19
split_gain=0.597959 1.3694 3.50198 2.26545 1.45772 4.22844 1.47159 1.98258 1.31798 2.04951 1.43465 1.27447 3.25894 1.31629 1.83802 1.57254 1.29572 1.1626 1.1522 1.05963 1.03618 1.02094 1.01784 0.998272 0.940048 0.912188 0.859021 0.835819 0.803008 0.772429 0.751595 0.744718 0.718661 0.691867 0.684834 0.534784 0.470186 0.422256 0.470833 0.390592 0.374038 0.298679 0.292662 0.271795 0.0747679 0.071561 0.00961538
threshold=-462.12499999999994 -1.0000000180025095e-35 1.7142820356028439 1.5000000000000002 0.21695061192489654 0 3.5000000000000004 573.36500000000012 1 7.5000000000000009 5.5000000000000009 165.35500000000005 2 4.5000000000000009 1517.8900000000001 283.86000000000018 235.82011152571363 3 66.960560530264942 580.38000000000011 189.15500000000003 179.50000000000003 -1.0000000180025095e-35 1142.5700000000002 58.500000000000007 4 5 1.1562467743520979 1.3393993157084931 52.500000000000007 6 2.7638196669384523 37.766718139309837 34.525554142525102 79.791840862109481 166.50000000000003 756.61500000000024 1208.6900000000003 681.25500000000011 27.361137895051005 12.500000000000002 5.5000000000000009 7.5000000000000009 12.771096119656775 1.3333325877446094 53.432949694380909 1382.0550000000003
decision_type=2 2 2 2 2 9 2 2 9 2 2 2 9 2 2 2 2 1 2 2 2 2 2 2 2 9 1 2 2 2 1 2 2 2 2 2 2 2 2 2 2 2 2 2 2 2 2
left_child=18 2 29 37 5 6 30 24 17 22 -11 12 26 14 -14 -15 20 34 40 31 21 -13 -10 -21 -8 -22 32 -9 -19 33 42 -18 -6 36 -7 -32 -2 38 -4 -28 44 45 -3 -42 -1 -5 -35
right_child=1 4 3 41 11 8 7 27 9 10 -12 16 13 15 -16 -17 19 28 -20 23 25 -23 -24 -25 -26 -27 39 -29 -30 -31 35 -33 -34 46 -36 -37 -38 -39 -40 -41 43 -43 -44 -45 -46 -47 -48
leaf_value=0.73064904665763886 -1.3183922082915096 0.68329740579787668 -1.29327737047055 1.6424542056880824 0.18834505228808551 0.24972271866482176 -0.2296251867169545 0.29453384888047723 1.7763719510573097 0.23198095147631151 -0.017930119705298255 -0.62205453454918447 -0.78938719711061722 0.043606331390616052 -0.087457800656541809 -0.1081842380808844 -1.3529070849676827 -0.1532376684371638 1.9294732743052749 2.2859007413995691 -0.010902120514996129 0.56651184377966501 -0.58034929401169644 -0.6478466670415628 0.010469612904817717 0.0030218551048831091 0.17237341469437509 -0.15172013144917182 0.062163880706708245 -2.4163457027413973 1.5059712541649575 -0.68834642691146541 -0.40904976226396567 -0.55035243718476112 -0.59559679941420574 0.54980834623402186 -0.66808693418942244 0.016612502134837115 -2.7712388572442821 0.82438383612588317 0.14952805784819886 0.11537503753103291 -0.078465330332714703 -0.63161264979943854 0.099980927164907751 1.6881635774230581 0.076629906835437911
leaf_weight=26 39 234 30 23 76 545 75 75 24 47 42 34 299 253 274 297 47 160 44 28 7615 130 297 39 82 25450 84 20 51 41 99 21 28 23 81 67 27 22 27 45 26 22 31 36 23 34 20
leaf_count=26 39 234 30 23 76 545 75 75 24 47 42 34 299 253 274 297 47 160 44 28 7615 130 297 39 82 25450 84 20 51 41 99 21 28 23 81 67 27 22 27 45 26 22 31 36 23 34 20
internal_value=-5.59058e-05 -7.03444e-05 -0.00337621 0.0015528 -4.09243e-05 0.00129333 0.0044181 0.00117647 -0.000416667 -0.00271868 0.00353261 -0.000116637 -0.00161884 -0.00275088 -0.00447049 -0.000904159 -5.39455e-05 0.000676471 0.00300633 -0.0048913 -3.23483e-05 0.00389222 -0.00470679 0 -0.00203125 -5.36773e-05 0.00355691 0.00688776 -0.00234375 -0.00882353 0.0062788 -0.00915493 0 -0.00558036 0.00179969 0.00921788 -0.00869565 -0.00396341 -0.00625 0.00616197 0 0.00762195 0.00368705 -0.00230769 0.00336538 0.00958333 0
internal_weight=37113 36958 308 158 36650 1930 683 252 1247 410 89 34720 1356 1123 573 550 33364 837 155 135 33229 164 321 67 157 33065 233 95 211 150 431 68 104 109 626 166 66 79 57 129 111 79 265 62 49 57 43
internal_count=37113 36958 308 158 36650 1930 683 252 1247 410 89 34720 1356 1123 573 550 33364 837 155 135 33229 164 321 67 157 33065 233 95 211 150 431 68 104 109 626 166 66 79 57 129 111 79 265 62 49 57 43
cat_boundaries=0 2 4 6 7 9 10 11
cat_threshold=298194024 104114 2684944517 262144 2183136323 16401 2088 326181984 1616754 3228 96
is_linear=0
shrinkage=0.05


end of trees

feature_importances:
Provincia=1350
mes=766
cicle_mig_dies=743
dies_desde_ultima_compra=660
ratio_90d_vs_365d=611
euros_7d=578
dia_anyo=567
cicle_std_dies=536
euros_180d=452
gap_eur=385
euros_365d=377
share_wallet_12m=369
euros_30d=361
euros_90d=359
n_pedidos_365d=325
ratio_30d_vs_90d=320
num_intervals=279
Potencial_EUR_anual=219
dia_setmana=153
n_pedidos_90d=105
Familia_Potencial=98
trimestre=36
n_pedidos_30d=29
n_pedidos_7d=21

parameters:
[boosting: gbdt]
[objective: quantile]
[metric: quantile]
[tree_learner: serial]
[device_type: cpu]
[data_sample_strategy: bagging]
[data: ]
[valid: ]
[num_iterations: 1000]
[learning_rate: 0.05]
[num_leaves: 63]
[num_threads: 0]
[seed: 42]
[deterministic: 0]
[force_col_wise: 0]
[force_row_wise: 0]
[histogram_pool_size: -1]
[max_depth: 7]
[min_data_in_leaf: 20]
[min_sum_hessian_in_leaf: 0.001]
[bagging_fraction: 0.8]
[pos_bagging_fraction: 1]
[neg_bagging_fraction: 1]
[bagging_freq: 0]
[bagging_seed: 400]
[bagging_by_query: 0]
[feature_fraction: 0.7]
[feature_fraction_bynode: 1]
[feature_fraction_seed: 30056]
[extra_trees: 0]
[extra_seed: 12879]
[early_stopping_round: 0]
[early_stopping_min_delta: 0]
[first_metric_only: 1]
[max_delta_step: 0]
[lambda_l1: 1]
[lambda_l2: 3]
[linear_lambda: 0]
[min_gain_to_split: 0]
[drop_rate: 0.1]
[max_drop: 50]
[skip_drop: 0.5]
[xgboost_dart_mode: 0]
[uniform_drop: 0]
[drop_seed: 17869]
[top_rate: 0.2]
[other_rate: 0.1]
[min_data_per_group: 100]
[max_cat_threshold: 32]
[cat_l2: 10]
[cat_smooth: 10]
[max_cat_to_onehot: 4]
[top_k: 20]
[monotone_constraints: ]
[monotone_constraints_method: basic]
[monotone_penalty: 0]
[feature_contri: ]
[forcedsplits_filename: ]
[refit_decay_rate: 0.9]
[cegb_tradeoff: 1]
[cegb_penalty_split: 0]
[cegb_penalty_feature_lazy: ]
[cegb_penalty_feature_coupled: ]
[path_smooth: 0]
[interaction_constraints: ]
[verbosity: -1]
[saved_feature_importance_type: 0]
[use_quantized_grad: 0]
[num_grad_quant_bins: 4]
[quant_train_renew_leaf: 0]
[stochastic_rounding: 1]
[linear_tree: 0]
[max_bin: 255]
[max_bin_by_feature: ]
[min_data_in_bin: 3]
[bin_construct_sample_cnt: 200000]
[data_random_seed: 175]
[is_enable_sparse: 1]
[enable_bundle: 1]
[use_missing: 1]
[zero_as_missing: 0]
[feature_pre_filter: 1]
[pre_partition: 0]
[two_round: 0]
[header: 0]
[label_column: ]
[weight_column: ]
[group_column: ]
[ignore_column: ]
[categorical_feature: 0,1,2,3,4]
[forcedbins_filename: ]
[precise_float_parser: 0]
[parser_config_file: ]
[objective_seed: 16083]
[num_class: 1]
[is_unbalance: 0]
[scale_pos_weight: 1]
[sigmoid: 1]
[boost_from_average: 1]
[reg_sqrt: 0]
[alpha: 0.5]
[fair_c: 1]
[poisson_max_delta_step: 0.7]
[tweedie_variance_power: 1.5]
[lambdarank_truncation_level: 30]
[lambdarank_norm: 1]
[label_gain: ]
[lambdarank_position_bias_regularization: 0]
[eval_at: ]
[multi_error_top_k: 1]
[auc_mu_weights: ]
[num_machines: 1]
[local_listen_port: 12400]
[time_out: 120]
[machine_list_filename: ]
[machines: ]
[gpu_platform_id: -1]
[gpu_device_id: -1]
[gpu_use_dp: 0]
[num_gpu: 1]

end of parameters

pandas_categorical:[["Anestesia", "Bioseguridad"], ["A Coru\u00f1a", "Albacete", "Alicante", "Almer\u00eda", "Asturias", "Badajoz", "Baleares", "Barcelona", "Burgos", "Cantabria", "Castell\u00f3n", "Ceuta", "Ciudad Real", "Cuenca", "C\u00e1ceres", "C\u00e1diz", "C\u00f3rdoba", "Gip\u00fazkoa", "Girona", "Granada", "Guadalajara", "Huelva", "Huesca", "Ja\u00e9n", "La Rioja", "Las Palmas", "Le\u00f3n", "Lleida", "Lugo", "Madrid", "Melilla", "Murcia", "M\u00e1laga", "Navarra", "Orense", "Palencia", "Pontevedra", "Salamanca", "Segovia", "Sevilla", "Soria", "Sta.Cruz Tenerife", "Tarragona", "Teruel", "Toledo", "Unknown", "Valencia", "Valladolid", "Vizcaya", "Zamora", "Zaragoza", "\u00c1lava", "\u00c1vila"], ["1", "10", "11", "12", "2", "3", "4", "5", "6", "7", "8", "9"], ["1", "2", "3", "4"], ["0", "1", "2", "3", "4", "5", "6"]]
