tree
version=v4
num_class=1
num_tree_per_iteration=1
label_index=0
max_feature_idx=23
objective=quantile
feature_names=Familia_Potencial Provincia mes trimestre dia_setmana dia_anyo Potencial_EUR_anual euros_7d euros_30d euros_90d euros_180d euros_365d n_pedidos_7d n_pedidos_30d n_pedidos_90d n_pedidos_365d ratio_30d_vs_90d ratio_90d_vs_365d share_wallet_12m gap_eur dies_desde_ultima_compra cicle_mig_dies cicle_std_dies num_intervals
feature_infos=-1:0:1 -1:29:7:41:39:0:12:46:19:3:31:44:50:36:2:25:32:48:18:15:4:6:20:47:5:33:1:21:23:8:17:9:42:26:37:24:10:14:28:13:35:34:45:16:22:52:40:49:51:27:43:38:30 -1:5:6:0:4:8:2:11:1:7:9:3:10 -1:0:1:3:2 -1:2:1:3:4:0:5 [2:365] [0:26143.639999999999] [-6812.54:13625.08] [-1849.6199999999999:13625.08] [-1263.72:13644.549999999999] [-1263.72:18497.200000000001] [-738.52999999999997:23274.550000000003] [0:4] [0:6] [0:13] [0:38] [-1849619.9999999998:1343380] [7.3888577256972779e-07:195370] [-0.84000227479526834:15.092568388498215] [0:25717.98] [-1:1164] [-1:1001] [-1:659.73062684704882] [0:80]
tree_sizes=5168 5534 5555 5501 5661 5639 5639 5643 5577 5542 5651 5604 5597 5598 5671 5512 5598 5626 5650 5687 5583 5630 5598 5642 5641 5623 5605 5616 5673 5630 5599 5560 5623 5573 5574 5742 5720 5588 5607 5621 5650 5669 5604 5608 5700 5607 5587 5509 5728 5666 5632 5568 5586 5611 5630 5681 5556 5613 5554 5595 5543 5607 5607 5558 5613 5637 5590 5657 5658 5567 5537 5440 5677 5545 5609 5644 5650 5726 5638 5580 5500 5618 5646 5603 5607 5629 5584 5688 5608 5694 5644 5718 5654 5528 4021 5247 5567 4633 5619 5604 5701 5660 4946 5645 5678 5694 5632 5709 4385 4987 4970 5197 5663 5684 5541 4536

Tree=0
num_leaves=63
num_cat=9
split_feature=14 14 17 21 17 21 21 7 21 21 17 17 22 12 7 21 8 8 21 17 13 21 14 8 3 17 21 21 7 21 14 17 1 7 21 7 9 16 7 17 14 7 3 21 3 3 6 18 16 17 18 1 17 22 1 8 6 16 17 1 16 1
split_gain=959.927 297.37 157.466 139.473 84.7804 52.1769 36.9641 33.266 29.5667 18.992 18.5043 15.2651 11.9987 11.5215 11.5054 10.6859 10.1157 10.0239 8.46472 8.21382 15.8275 8.37032 7.41381 6.88027 6.45058 5.21871 4.98863 4.8844 4.67675 4.43984 4.30906 5.56816 4.28878 4.27294 4.17196 5.90155 3.96732 3.79605 3.76155 3.25594 2.95583 2.80956 2.78379 2.64991 2.49924 2.43083 2.32866 2.24239 2.04591 1.95307 1.92543 1.91105 1.82465 1.75645 1.74135 1.67128 1.65656 1.60973 1.54423 1.457 1.38112 1.31062
threshold=2.5000000000000004 1.5000000000000002 1.2402422752990117 42.878676470588239 0.88889378883204972 56.023809523809533 46.033333333333339 -1.0000000180025095e-35 79.89444444444446 86.77500000000002 1.3333325877446094 1.6514225073577018 5.3815460895502056 1.5000000000000002 288.02000000000004 59.029411764705891 310.62500000000006 427.0750000000001 73.25833333333334 2.5714275338332668 1.5000000000000002 39.535885167464123 3.5000000000000004 864.12500000000011 0 1.2710859993584009 59.029411764705891 63.639610389610397 60.600000000000009 68.677083333333357 1.0000000180025095e-35 0.44787137144516459 1 130.94000000000003 33.345490716180379 619.82000000000005 358.73000000000008 1.2000004164110369 180.01500000000001 1.3333325877446094 1.0000000180025095e-35 1475.1900000000003 2 37.58957219251338 3 4 1734.8500000000001 3.6616729341346104 1.5305791159563371 1.446673937028498 0.65192786147545578 5 1.1330973592228504 82.394224127922044 6 355.88500000000005 2012.74 2.1818190815399885 1.1421299354205205 7 2.1513994878699481 8
decision_type=2 2 2 2 2 2 2 2 2 2 2 2 2 2 2 2 2 2 2 2 2 2 2 2 1 2 2 2 2 2 2 2 9 2 2 2 2 2 2 2 2 2 1 2 1 1 2 2 2 2 2 9 2 2 9 2 2 2 2 9 2 9
left_child=1 4 6 10 8 19 23 50 12 14 34 39 40 16 42 43 32 26 -18 21 24 -4 41 -3 -21 -16 -8 38 -22 44 51 -32 -7 53 -2 -36 -17 -23 -13 57 -1 -12 -9 -14 -19 -40 -15 48 -41 -48 -6 -10 -28 -11 -33 -29 -42 -5 -25 -57 -24 -35
right_child=3 2 5 11 7 13 17 9 30 33 22 27 15 46 25 36 18 29 -20 20 28 37 60 58 -26 -27 52 55 -30 -31 31 54 -34 61 35 -37 -38 -39 45 47 56 -43 -44 -45 -46 -47 49 -49 -50 -51 -52 -53 -54 -55 -56 59 -58 -59 -60 -61 -62 -63
leaf_value=53.399999999999999 48.25 48.850000000000001 48.799999999999997 48.700000000000003 48.100000000000001 50.25 49.049999999999997 50.862499999999997 50.237499999999997 51.524999999999999 48.799999999999997 48.950000000000003 48.875 50.950000000000003 50.549999999999997 49.149999999999999 50.100000000000001 49.975000000000001 50.899999999999999 49.5 51.200000000000003 49.112499999999997 48.399999999999999 48.987499999999997 50.149999999999999 52.450000000000003 49.149999999999999 49.25 48.450000000000003 49.950000000000003 49.087499999999999 50.850000000000001 49.25 52.450000000000003 48.712499999999999 49.149999999999999 50.012500000000003 49.600000000000001 49.875 48.950000000000003 48.725000000000001 49.549999999999997 49.662500000000001 49.25 49.450000000000003 49 52.049999999999997 50.174999999999997 49.25 48.049999999999997 48.549999999999997 51.850000000000001 49.299999999999997 49.637500000000003 50.350000000000001 49.549999999999997 50.299999999999997 49.1875 49.825000000000003 50.462499999999999 48.600000000000001 52.950000000000003
leaf_weight=181 913 642 176 253 123 409 334 342 106 379 872 61 103 39 1074 281 1397 103 2963 377 44 130 605 160 925 6092 296 90 323 237 168 217 468 925 438 111 474 706 203 305 35 45 618 626 526 244 29 31 141 145 31 622 133 80 625 111 97 32 31 198 23 8645
leaf_count=181 913 642 176 253 123 409 334 342 106 379 872 61 103 39 1074 281 1397 103 2963 377 44 130 605 160 925 6092 296 90 323 237 168 217 468 925 438 111 474 706 203 305 35 45 618 626 526 244 29 31 141 145 31 622 133 80 625 111 97 32 31 198 23 8645
internal_value=50 50.003 49.9961 49.9788 50.0063 49.9995 49.9851 50.0077 49.9993 50.0079 49.9723 49.9904 49.9948 50.0023 50.0061 49.9929 50.0028 49.9895 50.0038 49.9938 49.996 49.9902 49.9764 49.9765 49.9986 50.0068 49.9853 49.9949 49.9869 49.9934 50.0039 50.0017 49.9979 50.0094 49.9681 49.9726 49.9971 49.9924 49.9917 49.9852 50.0035 49.9796 50.0009 49.9885 49.9912 49.9935 49.991 49.9882 49.9872 49.9886 49.9849 50.0068 49.9893 50.0044 50.0034 49.9992 49.9981 49.9806 49.9858 50.0008 49.9719 50.0096
internal_weight=37113 32437 10593 4676 21844 8131 2462 18309 3535 18155 3007 1669 1797 5450 8126 1484 5237 1629 4360 2681 1669 1012 1545 833 1302 7166 763 907 367 866 1738 1010 877 10029 1462 549 755 836 508 762 313 917 960 729 629 447 213 477 446 174 154 728 429 459 842 399 132 285 191 309 628 9570
internal_count=37113 32437 10593 4676 21844 8131 2462 18309 3535 18155 3007 1669 1797 5450 8126 1484 5237 1629 4360 2681 1669 1012 1545 833 1302 7166 763 907 367 866 1738 1010 877 10029 1462 549 755 836 508 762 313 917 960 729 629 447 213 477 446 174 154 728 429 459 842 399 132 285 191 309 628 9570
cat_boundaries=0 1 3 4 5 6 8 10 12 14
cat_threshold=1 536903821 16401 12 4 12 33559060 65537 9961492 21009 536870912 262656 1352877120 1583425
is_linear=0
shrinkage=1


Tree=1
num_leaves=63
num_cat=8
split_feature=15 20 21 20 21 17 15 21 1 15 17 20 5 21 9 21 20 9 7 21 5 17 5 20 20 5 2 0 7 7 21 8 20 17 17 11 21 5 9 1 20 19 0 7 22 15 8 5 21 22 17 1 8 11 20 19 11 21 1 21 2 22
split_gain=1033.47 245.394 153.906 56.8995 96.7377 38.9768 31.9407 25.764 22.0176 17.9988 16.9345 16.2679 15.1472 15.057 12.9428 11.6358 10.3878 10.255 8.99784 8.34435 8.15532 6.83342 6.70535 6.62868 6.4964 6.42249 6.31614 29.3588 5.64313 5.24705 4.90027 4.48142 4.46677 4.42293 4.42124 4.3572 3.95322 3.92351 3.9078 3.87765 3.71981 3.45137 3.31811 2.92692 2.74827 2.69708 2.60737 3.85418 2.52636 2.40683 2.31783 2.2605 2.19412 3.14948 2.06806 2.06005 2.05634 2.0423 1.91281 1.89474 1.73066 1.72219
threshold=6.5000000000000009 80.500000000000014 40.020000000000003 1.0000000180025095e-35 56.023809523809533 0.88889378883204972 2.5000000000000004 35.019230769230781 0 10.500000000000002 1.3366910195307835 44.500000000000007 80.500000000000014 88.7638888888889 1.0000000180025095e-35 45.55533596837946 164.50000000000003 302.49000000000007 378.3250000000001 70.683333333333351 167.50000000000003 0.66986026768764362 215.50000000000003 35.500000000000007 7.5000000000000009 34.500000000000007 1 2 427.0750000000001 726.9100000000002 69.70714285714287 247.40000000000003 7.5000000000000009 1.2333721479377482 1.7286926697355598 2657.9450000000006 160.53571428571431 313.50000000000006 -1.0000000180025095e-35 3 38.500000000000007 2942.0050000000006 4 432.53000000000003 21.79971373896748 4.5000000000000009 821.81500000000017 308.50000000000006 45.020000000000003 13.436698590309087 1.2996815599229943 5 288.03000000000003 1113.6300000000001 7.5000000000000009 2219.1350000000007 4806.545000000001 72.70714285714287 6 15.127441244620988 7 14.62885792898321
decision_type=2 2 2 2 2 2 2 2 9 2 2 2 2 2 2 2 2 2 2 2 2 2 2 2 2 2 1 1 2 2 2 2 2 2 2 2 2 2 2 9 2 2 1 2 2 2 2 2 2 2 2 9 2 2 2 2 2 2 9 2 1 2
left_child=1 3 9 17 6 14 12 23 15 29 37 24 40 16 38 46 26 55 -9 43 31 36 -22 -8 -12 41 27 -7 50 54 -13 -17 -14 -24 -28 -33 -21 39 -3 -6 -5 42 -19 59 -31 -40 49 -48 -30 -4 61 -27 53 -15 -2 -1 -45 -39 -23 -16 -50 -10
right_child=2 5 8 4 10 13 7 18 28 -11 11 30 32 52 19 20 -18 25 -20 21 22 58 33 -25 -26 51 34 -29 48 44 -32 35 -34 -35 -36 -37 -38 57 45 -41 -42 -43 -44 56 -46 -47 47 -49 60 -51 -52 -53 -54 -55 -56 -57 -58 -59 -60 -61 -62 -63
leaf_value=-0.47062500000000007 -0.83468749999999992 -2.0337499999999999 -0.83125000000000004 -1.2995312500000002 -0.95750000000000002 2.1550000000000002 -1.49 -1.0625 -0.38562500000000005 -1.52 -1.7524999999999999 0.069999999999999937 -1.6968750000000001 2.0642187499999998 -0.40062500000000001 -1.0024999999999999 3.7737499999999997 0.73999999999999988 -0.58999999999999986 -0.71390624999999996 0.19750000000000015 0.33249999999999996 -0.8712500000000003 -0.98999999999999988 -0.048750000000000071 1.5774999999999999 0.47250000000000014 -1.8892187499999999 -0.49750000000000005 -1.068125 0.70500000000000007 -0.13500000000000015 0.034999999999999969 -0.67374999999999996 1.3564062500000003 -0.80281249999999993 1.56734375 -0.41250000000000003 1.7925000000000002 -0.39031250000000012 -0.42500000000000004 -0.87250000000000016 -0.79750000000000021 0.10453124999999996 -0.60953124999999986 -0.27500000000000002 -1.0687500000000001 0.20062500000000016 0.089999999999999858 -1.1356249999999999 -0.34375 2.7275 2.7025000000000001 -0.57500000000000007 -1.1925000000000001 -1.4725000000000001 -0.61250000000000004 0.34734375000000006 0.83250000000000002 -0.93625000000000014 -0.27250000000000013 -0.85249999999999992
leaf_weight=124 23 26 50 374 237 337 341 523 58 1486 432 723 110 648 83 171 2738 346 795 316 137 369 266 274 1415 578 1718 132 156 238 2317 89 903 186 1268 463 68 113 936 1115 202 64 64 224 68 44 115 29 251 333 141 1230 9200 76 888 57 91 138 361 285 317 253
leaf_count=124 23 26 50 374 237 337 341 523 58 1486 432 723 110 648 83 171 2738 346 795 316 137 369 266 274 1415 578 1718 132 156 238 2317 89 903 186 1268 463 68 113 936 1115 202 64 64 224 68 44 115 29 251 333 141 1230 9200 76 888 57 91 138 361 285 317 253
internal_value=0.000145827 0.00370844 -0.0193978 -0.00173205 -0.00340989 0.007298 -0.010078 -0.0144047 -0.0115847 -0.0280719 0.000204066 0.00167434 -0.00476602 0.00824519 0.0018309 -0.0150175 0.00628026 0.00506387 -0.010352 -0.0006875 -0.0124335 0.00194718 -0.00783361 -0.0229167 -0.00200676 0.00598468 0.00442091 -0.000907676 -0.0059714 -0.0232684 0.00392705 -0.016064 -0.00102116 -0.0107692 0.00526009 -0.0135135 -0.00335917 -0.00424191 0.00636769 -0.00531365 -0.0112263 0.000681342 0.00248184 -0.00504738 -0.0167476 0.0069176 -0.021533 -0.0142857 -0.00316369 -0.0239961 -0.0104396 0.00734401 0.00946409 0.0065337 -0.0253419 -0.00618207 -0.00129717 0.00132874 0.004809 -0.00808625 -0.00148862 -0.0129379
internal_weight=37113 31395 5718 12475 10012 18920 3522 1933 3015 2703 6490 4887 1589 16117 2803 1839 6193 2463 1318 1797 1312 1114 589 615 1847 2282 3455 469 1176 1217 3040 723 1013 452 2986 552 384 1603 1006 1352 576 474 410 683 306 980 527 144 724 383 452 1808 9924 724 911 181 315 251 730 368 568 311
internal_count=37113 31395 5718 12475 10012 18920 3522 1933 3015 2703 6490 4887 1589 16117 2803 1839 6193 2463 1318 1797 1312 1114 589 615 1847 2282 3455 469 1176 1217 3040 723 1013 452 2986 552 384 1603 1006 1352 576 474 410 683 306 980 527 144 724 383 452 1808 9924 724 911 181 315 251 730 368 568 311
cat_boundaries=0 2 3 4 6 7 9 11 12
cat_threshold=540284096 594308 256 1 4170 299008 1 305169619 66058 2717946000 99344 1932
is_linear=0
shrinkage=0.05


Tree=2
num_leaves=63
num_cat=7
split_feature=15 14 14 15 17 17 7 22 2 14 7 7 22 17 0 17 19 5 15 2 19 7 15 5 7 22 17 5 22 14 15 2 17 5 18 15 5 7 13 14 7 9 17 18 5 5 7 17 0 11 9 7 10 2 9 11 5 6 2 17 17 6
split_gain=975.589 270.523 74.1349 63.6883 60.7642 36.678 32.4611 28.6875 19.5071 17.8343 16.7543 14.6132 12.4759 11.8526 8.08549 7.18636 7.0183 6.88157 6.24367 6.16727 6.09621 5.81328 5.46799 5.36257 5.05534 4.2949 4.26097 4.18192 8.24906 3.97947 3.83381 3.73675 3.35009 3.14287 3.04254 3.01518 2.91786 2.89147 3.71671 2.84005 2.44297 2.34055 2.17722 1.92543 1.82168 2.08545 1.78171 1.66642 1.60854 1.53922 1.49805 1.43965 1.43506 1.48821 2.4774 1.42558 1.41548 1.41053 1.38264 1.35559 1.24217 0.985044
threshold=7.5000000000000009 1.5000000000000002 2.5000000000000004 10.500000000000002 0.8958494933451534 1.2402422752990117 -1.0000000180025095e-35 21.033184564544801 0 1.0000000180025095e-35 726.9100000000002 288.02000000000004 8.4950909611769774 0.61536805492666291 1 1.4934129165957402 2942.0050000000006 181.50000000000003 8.5000000000000018 2 429.51500000000004 143.71500000000003 3.5000000000000004 31.500000000000004 302.46000000000009 12.030738275513285 1.5149480176878707 180.50000000000003 -1.0000000180025095e-35 3.5000000000000004 4.5000000000000009 3 1.2333721479377482 137.50000000000003 2.9473408433600565 12.500000000000002 254.00000000000003 551.1350000000001 1.5000000000000002 3.5000000000000004 183.86500000000004 -1.0000000180025095e-35 0.80003257221576585 0.65192786147545578 174.50000000000003 215.50000000000003 360.12500000000006 0.44787137144516459 4 4737.045000000001 1080.2850000000003 1240.0450000000003 756.61500000000024 5 1001.2100000000002 619.52500000000009 312.50000000000006 4496.4800000000005 6 1.3628709906078298 1.2012484113443633 1376.8900000000001
decision_type=2 2 2 2 2 2 2 2 1 2 2 2 2 2 1 2 2 2 2 1 2 2 2 2 2 2 2 2 2 2 2 1 2 2 2 2 2 2 2 2 2 2 2 2 2 2 2 2 1 2 2 2 2 1 2 2 2 2 1 2 2 2
left_child=1 4 5 10 9 19 43 17 20 30 18 27 14 22 -10 -14 32 29 52 34 26 36 58 -18 55 -12 -7 28 -8 48 41 -26 -13 -22 40 60 -15 38 -21 -33 -3 -1 -23 -6 -20 -46 -19 -24 -4 -27 -39 -51 59 54 -54 -9 -53 -57 -11 -2 -5 -48
right_child=3 2 7 35 6 8 11 24 12 13 25 16 15 21 -16 -17 23 46 44 37 33 42 47 -25 31 49 -28 -29 -30 -31 -32 39 -34 -35 -36 -37 -38 50 -40 -41 -42 -43 -44 -45 45 -47 61 -49 -50 51 -52 56 53 -55 -56 57 -58 -59 -60 -61 -62 -63
leaf_value=-1.8408125000000002 -1.017765625 -0.93937500000000007 -0.99687500000000007 -1.1864999999999999 -1.7400234375000001 0.034812499999999962 -1.1067500000000003 0.43623437499999995 -0.4005000000000003 -0.80010742187499995 -0.99596874999999985 1.0488750000000004 -0.37656250000000002 -0.89496874999999998 -1.2710390624999999 0.15649999999999997 -1.1038750000000002 -1.0381328125000002 -1.0782187500000002 -0.79659374999999999 -0.19298437499999999 -0.015744140625000024 -1.0156875000000001 0.76737499999999992 0.093374999999999819 -0.14810156249999987 0.68025976562500012 1.4441718750000001 0.94065624999999986 -1.5454999999999999 -0.57692578124999994 -0.4504999999999999 2.9596796875 0.25795312500000006 0.503859375 -1.6364999999999998 0.19062500000000002 0.012156249999999959 -0.48439062500000002 -1.5454999999999999 -0.27143749999999989 1.6497500000000003 0.44487500000000008 -1.357984375 -1.1282187500000003 -1.032875 0.0093750000000000014 -0.76315234375000007 -1.2770937499999999 -0.76095312500000001 -0.55887500000000012 -0.75171093749999995 -0.27993749999999995 -0.93358593750000007 -0.8803749999999998 -1.0371250000000001 0.26552343750000018 0.019687499999999858 0.68465820312500014 -1.0303749999999998 -1.0439999999999998 -0.54437499999999994
leaf_weight=32 80 101 302 470 123 551 377 22 829 110 61 2633 781 169 480 2004 84 66 573 588 733 772 233 365 296 62 1610 887 668 171 50 323 13073 1020 56 818 67 66 132 25 319 960 627 31 105 373 25 334 256 307 221 134 71 512 101 263 22 26 116 25 271 151
leaf_count=32 80 101 302 470 123 551 377 22 829 110 61 2633 781 169 480 2004 84 66 573 588 733 772 233 365 296 62 1610 887 668 171 50 323 13073 1020 56 818 67 66 132 25 319 960 627 31 105 373 25 334 256 307 221 134 71 512 101 263 22 26 116 25 271 151
internal_value=0.000183546 0.00299719 -0.00323008 -0.0231789 0.00627418 -0.00140747 0.00742778 -0.0121695 -6.24142e-05 0.000194356 -0.0180218 0.00762507 -0.00247748 -0.00213904 -0.00650724 -0.000569405 0.00811904 -0.0182367 -0.0204015 -0.00862214 0.00245098 0.000267094 -0.0071451 0.00179757 -0.00591075 -0.010399 0.00423406 0.00346253 0.00125239 -0.020748 0.00566986 -0.00324575 0.0082962 0.000234909 -0.00347648 -0.031122 -0.00690377 -0.0108456 -0.0127248 -0.0066482 -0.00508274 0.00638191 0.00152461 -0.0151274 -0.0231143 -0.0199064 -0.0103061 -0.00975877 -0.0182264 -0.00868845 -0.00625 -0.00968348 -0.0166509 -0.0154294 -0.00837838 -0.0111863 -0.00503145 -0.0121147 -0.000327511 -0.0234954 -0.0279402 -0.00698324
internal_weight=37113 33128 11417 3985 21711 9491 18241 1926 8008 3470 2426 18087 4094 2428 1309 2785 16155 971 1840 1483 3914 1635 793 449 955 586 2161 1932 1045 729 1042 644 15706 1753 476 1559 236 1007 720 348 420 992 1399 154 1051 478 242 567 558 525 287 463 789 684 172 311 156 289 226 105 741 176
internal_count=37113 33128 11417 3985 21711 9491 18241 1926 8008 3470 2426 18087 4094 2428 1309 2785 16155 971 1840 1483 3914 1635 793 449 955 586 2161 1932 1045 729 1042 644 15706 1753 476 1559 236 1007 720 348 420 992 1399 154 1051 478 242 567 558 525 287 463 789 684 172 311 156 289 226 105 741 176
cat_boundaries=0 1 2 3 4 5 6 7
cat_threshold=1740 1 780 1549 1 524 787
is_linear=0
shrinkage=0.05


Tree=3
num_leaves=63
num_cat=10
split_feature=15 20 14 21 21 15 7 13 21 7 15 21 21 7 11 19 21 21 21 7 2 20 2 2 20 2 15 9 7 21 2 21 20 6 21 19 2 2 8 2 7 2 23 8 21 9 19 14 20 7 9 2 11 8 21 15 9 7 10 6 20 7
split_gain=929.15 268.343 79.8964 68.698 46.4123 36.8508 35.7052 21.9334 19.4371 18.5832 17.7009 15.9826 13.1194 10.173 7.56741 7.60944 7.41997 7.30379 6.94057 6.63768 6.29078 5.66375 5.32247 5.31279 5.05201 4.91988 4.86404 4.57274 4.26509 4.19713 3.93502 3.59807 3.47999 3.22297 3.22162 3.17417 2.88633 2.81575 2.64873 3.32718 3.27164 2.48662 2.43338 2.38382 2.34379 1.98343 1.6632 1.59756 1.57309 1.55538 1.50091 1.47779 1.34125 1.31569 1.24248 1.23921 1.27098 1.23606 1.22621 1.1809 1.1541 1.10924
threshold=7.5000000000000009 82.500000000000014 2.5000000000000004 35.763888888888893 46.033333333333339 4.5000000000000009 448.42500000000007 1.5000000000000002 78.174242424242451 536.09000000000003 5.5000000000000009 104.05000000000001 61.026315789473692 504.39000000000004 833.32500000000016 2085.0700000000002 43.978260869565226 44.51315789473685 56.51315789473685 275.56500000000005 0 175.50000000000003 1 2 35.500000000000007 3 12.500000000000002 342.00500000000005 358.89000000000004 50.023809523809533 4 37.58957219251338 189.50000000000003 1734.8500000000001 15.127441244620988 45.204999999999934 5 6 310.62500000000006 7 60.600000000000009 8 4.5000000000000009 827.04500000000019 61.519230769230781 378.30500000000006 1657.2750000000005 1.5000000000000002 110.50000000000001 360.12500000000006 358.73000000000008 9 814.92000000000019 934.86000000000013 72.232142857142875 9.5000000000000018 272.85000000000008 615.23500000000013 2376.1000000000004 1376.8900000000001 69.500000000000014 340.54500000000007
decision_type=2 2 2 2 2 2 2 2 2 2 2 2 2 2 2 2 2 2 2 2 1 2 1 1 2 1 2 2 2 2 1 2 2 2 2 2 1 1 2 1 2 1 2 2 2 2 2 2 2 2 2 1 2 2 2 2 2 2 2 2 2 2
left_child=1 2 6 26 20 11 8 10 14 17 22 13 35 21 15 -1 30 47 -16 52 49 23 -8 -3 31 -12 57 42 44 -9 -11 -22 37 -31 -23 45 54 -15 39 -13 -41 -29 -10 -32 -6 48 50 -5 -7 -4 -21 -18 -14 -45 -30 56 -19 60 -46 -47 -2 -49
right_child=3 5 4 9 28 12 7 29 27 16 25 38 19 32 18 -17 51 55 -20 46 24 34 -24 -25 -26 -27 -28 41 36 33 43 -33 -34 -35 -36 -37 -38 -39 -40 40 -42 -43 -44 53 58 59 -48 61 -50 -51 -52 -53 -54 -55 -56 -57 -58 -59 -60 -61 -62 -63
leaf_value=-0.19720019531249974 -1.2271749999999999 -0.76075937500000035 -1.1548121093749997 -0.7396279296874998 -0.94720312499999992 -0.91740356445312521 1.0857370117187501 -1.6090925781250001 -1.1387779296875 -0.58533203125000011 0.22155703125000026 2.1353875000000002 0.2553499999999998 1.5181666992187499 -0.82451298828124997 -1.0868643554687498 -0.65725253906250014 -1.01937734375 -0.4589228515624999 -0.44475163574218773 -1.368225 3.2835250000000005 0.4119250000000001 0.5558910156250001 -0.92566874999999982 -0.30734765625000027 -1.554675 0.63627421875000012 -0.74174335937500036 0.9965982177734376 -0.94701601562500037 -1.0717109374999998 4.3685003906250008 -1.286311328125 0.23333046874999985 -0.77451718750000031 0.14906093750000027 0.93710783691406252 2.8693910156250002 -2.1349908203125003 1.130755859375 -0.03025429687499992 0.057235156249999974 -0.5109035156249998 -0.60820624999999995 0.25174584960937507 -0.50431655273437492 -1.0315195312500003 -0.29784150390624992 -0.30122187499999975 0.63353720703124994 -0.28958740234375002 -0.83346874999999976 -0.89734257812499973 -0.061334374999999941 -1.1776722656250005 -0.84094843750000026 -1.1363937499999996 -1.4582062499999999 -0.14872700195312483 -0.90634765625000002 -0.94667685546875013
leaf_weight=918 609 375 46 42 136 42 1285 199 266 131 461 1068 51 993 1061 266 139 40 1074 60 377 825 3716 1369 282 870 788 620 260 96 140 123 1704 367 303 235 296 1880 7973 23 426 1030 129 44 185 75 59 439 35 86 933 254 105 171 106 88 437 308 21 318 31 324
leaf_count=918 609 375 46 42 136 42 1285 199 266 131 461 1068 51 993 1061 266 139 40 1074 60 377 825 3716 1369 282 870 788 620 260 96 140 123 1704 367 303 235 296 1880 7973 23 426 1030 129 44 185 75 59 439 35 86 933 254 105 171 106 88 437 308 21 318 31 324
internal_value=0.000184893 0.00293079 -0.00223755 -0.0226147 -0.0117257 0.00684699 -0.000758434 0.00158997 -0.00382895 -0.0167573 0.00250197 0.00758987 0.000241388 0.00583233 -0.0061898 -0.00290649 -0.0108985 -0.0204479 -0.00798059 0.00342692 -0.0198746 0.00346087 0.0038694 0.00163137 -0.0216038 -0.00259558 -0.0301323 0 -0.00422046 -0.00703008 -0.0150818 -0.0251491 0.00730622 -0.00421137 0.00623342 -0.00513771 -0.00176692 0.00617611 0.00896187 0.00688322 0.00284091 0.00116455 -0.00480528 -0.0178329 -0.00876812 -0.00258985 0.00488152 -0.023685 -0.00984375 -0.00689655 0.00538404 -0.00552399 -0.00597484 -0.0140482 -0.00468338 -0.015647 -0.0141406 -0.0271293 -0.00490431 -0.000978535 -0.0290047 -0.0242983
internal_weight=37113 33128 14276 3985 1918 18852 12358 6994 5364 2249 6332 16939 1913 7449 3319 1184 879 1370 2135 1208 914 2872 5001 1744 782 1331 1736 2045 1004 662 486 500 4577 463 1128 705 662 2873 9490 1517 449 1650 395 355 342 470 1052 805 77 132 993 393 156 215 366 565 477 948 206 393 640 763
internal_count=37113 33128 14276 3985 1918 18852 12358 6994 5364 2249 6332 16939 1913 7449 3319 1184 879 1370 2135 1208 914 2872 5001 1744 782 1331 1736 2045 1004 662 486 500 4577 463 1128 705 662 2873 9490 1517 449 1650 395 355 342 470 1052 805 77 132 993 393 156 215 366 565 477 948 206 393 640 763
cat_boundaries=0 1 2 3 4 5 6 7 8 9 10
cat_threshold=513 1550 336 780 772 483 1549 2350 780 67
is_linear=0
shrinkage=0.05


Tree=4
num_leaves=63
num_cat=10
split_feature=15 20 14 15 17 17 22 13 8 14 20 8 22 1 1 14 17 1 8 12 22 1 1 17 15 16 5 1 15 1 1 5 5 15 15 8 16 1 23 23 16 17 10 6 23 5 17 17 17 16 20 0 22 10 5 22 17 17 8 23 10 11
split_gain=894.452 249.562 75.1158 65.7383 41.3731 38.6517 25.5967 21.7326 15.7124 13.2539 12.6485 10.8641 10.1171 9.54596 8.64238 7.81308 7.77264 7.32433 7.32026 6.76628 6.46576 5.64716 5.5585 5.43296 5.42792 4.45421 4.38845 4.29812 3.76889 3.63381 3.57179 4.33827 3.41764 3.26795 3.26454 3.1525 2.91024 2.90418 2.75661 2.56743 2.52636 2.26269 2.2306 2.06121 1.97607 1.91513 1.88756 1.77851 1.73071 1.60087 1.57613 1.525 1.50104 1.47565 1.31907 2.0494 1.13541 1.0777 1.07134 1.05173 1.04232 1.03572
threshold=7.5000000000000009 82.500000000000014 2.5000000000000004 10.500000000000002 1.4788620746640913 0.88889378883204972 21.033184564544801 1.5000000000000002 363.51500000000004 1.0000000180025095e-35 121.50000000000001 704.6600000000002 -1.0000000180025095e-35 0 1 3.5000000000000004 0.61536805492666291 2 482.25500000000005 1.5000000000000002 12.293013514647027 3 4 1.2774386583206505 8.5000000000000018 1.2500032401047205 164.50000000000003 5 12.500000000000002 6 7 152.50000000000003 181.50000000000003 3.5000000000000004 3.5000000000000004 1277.115 0.85726365958956541 8 8.5000000000000018 12.500000000000002 2.1513994878699481 1.4858690245868402 1589.6250000000002 1376.8900000000001 14.500000000000002 167.50000000000003 0.80633253027532559 1.3712015419788861 0.44787137144516459 1.4334221746230897 7.5000000000000009 9 25.208558637147583 756.61500000000024 10.500000000000002 21.213530794795219 1.0296196586129023 1.3628709906078298 299.99500000000006 8.5000000000000018 4651.3250000000007 6086.6150000000007
decision_type=2 2 2 2 2 2 2 2 2 2 2 2 2 9 9 2 2 9 2 2 2 9 9 2 2 2 2 9 2 9 9 2 2 2 2 2 2 9 2 2 2 2 2 2 2 2 2 2 2 2 2 1 2 2 2 2 2 2 2 2 2 2
left_child=1 2 4 11 14 9 15 8 13 34 25 24 -9 -6 56 32 33 -10 22 -14 60 40 -16 37 53 42 -20 46 47 49 44 35 51 -11 -3 -32 -23 -12 -33 -31 41 -8 -7 -34 52 -17 -18 -5 -35 -27 -26 -4 -22 57 55 -25 -1 -2 -56 -36 -13 -29
right_child=3 5 6 28 7 10 21 12 17 16 23 20 19 -15 18 45 27 -19 26 -21 30 36 -24 54 50 29 -28 61 -30 39 31 38 43 48 59 -37 -38 -39 -40 -41 -42 -43 -44 -45 -46 -47 -48 -49 -50 -51 -52 -53 -54 -55 58 -57 -58 -59 -60 -61 -62 -63
leaf_value=-0.24118843139648424 -0.91801785156249993 1.6773938378906252 -0.89724499999999952 -1.050845090332031 -0.94757613769531268 0.35489255859375002 -1.2409342968750003 -1.3498630285644533 0.27444396118164044 -0.024253681640624872 0.54540522460937491 -0.75381127441406226 0.38480130493164044 0.069901026611327938 -0.51370872558593772 -1.3873137499999999 -0.6625928350830077 0.75763814941406271 -0.38837214355468747 -1.6690439306640625 -0.81737249999999984 -0.84765859374999986 -0.87236028808593769 0.089889716796874908 -0.5157229699707031 -0.033883603515625006 -0.020393125000000369 0.43945918823242186 -1.4769412499999999 0.81863466705322241 -0.91111158203124987 -1.1957368603515623 0.10542195312499986 -0.99546334960937488 0.12509294921875025 -0.68842682617187523 0.037355917968749708 1.27146169921875 -0.53163021972656244 -0.14341070251464824 -0.1271183203125002 -0.80969601562499993 -0.86981945312499986 -0.79404679687500035 0.067881068115234644 -0.70999499999999971 0.17252698730468749 -0.99459469604492168 -0.58620700195312492 1.2008662289428713 -0.96987250000000003 -1.1729771240234375 0.090463437500000063 -0.81720637695312492 2.038644765625 2.52592146484375 0.13659083984375009 -0.92728027343749986 3.4724034960937504 -1.1226051708984375 -1.1893506249999999 -0.2514607589721683
leaf_weight=184 80 896 300 595 530 155 61 318 3330 171 235 66 438 1158 1137 162 276 2705 723 182 81 77 623 110 20 51 625 840 818 2570 202 89 27 167 68 81 385 1568 213 78 67 359 51 185 86 39 150 146 243 1776 813 256 37 572 599 134 405 25 8612 40 61 62
leaf_count=184 80 896 300 595 530 155 61 318 3330 171 235 66 438 1158 1137 162 276 2705 723 182 81 77 623 110 20 51 625 840 818 2570 202 89 27 167 68 81 385 1568 213 78 67 359 51 185 86 39 150 146 243 1776 813 256 37 572 599 134 405 25 8612 40 61 62
internal_value=0.000206447 0.00290061 -0.00208348 -0.0221634 -0.000649219 0.00667727 -0.0112832 0.00123644 0.00211461 0.00135888 0.00764568 -0.0169308 -0.00592455 -0.00212892 -0.0050777 -0.0170139 -0.00106564 0.00331028 -0.00611983 -0.00208668 -0.0124048 -0.00534401 -0.00828134 0.00856274 -0.0196134 0.00542538 -0.00329386 0.00101427 -0.0302257 0.00575871 -0.0105271 -0.0125209 -0.0144617 -0.00588613 0.00600794 -0.0173514 -0.00110526 0.00594546 -0.00811475 0.00445321 -0.009025 -0.0106383 -0.00155502 -0.00837209 -0.00368664 -0.0261642 -0.00301822 -0.0268649 -0.00829298 0.00754755 -0.0225329 -0.0166369 -0.00805785 -0.015864 0.0090545 0.0048583 0.000436047 -0.0225694 0.00915862 -0.0018018 -0.0231731 0.00297814
internal_weight=37113 33128 14276 3985 12358 18852 1918 8661 7723 2913 15939 2426 938 1688 3697 969 1909 6035 3108 620 916 949 1760 11258 1510 4681 1348 1328 1559 4475 789 585 768 581 1004 283 462 1803 302 2648 487 420 206 212 204 201 426 741 410 1827 833 556 118 677 9455 244 589 105 9211 108 127 902
internal_count=37113 33128 14276 3985 12358 18852 1918 8661 7723 2913 15939 2426 938 1688 3697 969 1909 6035 3108 620 916 949 1760 11258 1510 4681 1348 1328 1559 4475 789 585 768 581 1004 283 462 1803 302 2648 487 420 206 212 204 201 426 741 410 1827 833 556 118 677 9455 244 589 105 9211 108 127 902
cat_boundaries=0 2 4 6 8 10 12 14 16 18 19
cat_threshold=2150240294 299025 2214846532 1321988 810554601 590603 573707300 282896 587727027 66177 570691586 102400 118333874 296146 786445 278800 2149744720 303104 1
is_linear=0
shrinkage=0.05


Tree=5
num_leaves=63
num_cat=9
split_feature=15 14 15 14 17 7 17 22 14 7 16 16 7 22 14 17 7 8 15 6 7 1 7 1 15 6 22 17 15 1 11 22 1 9 1 14 1 8 10 1 15 18 22 3 10 22 15 16 1 7 11 16 16 11 6 6 7 17 23 8 8 8
split_gain=861.347 218.856 67.2389 62.5464 50.957 30.6447 26.3814 25.2713 16.5168 15.8828 15.3704 13.7959 12.1676 10.4586 8.44739 8.42816 8.20479 8.15955 7.06647 5.57928 5.38696 4.75191 4.67997 4.55975 4.04571 3.93389 3.68293 3.61502 3.42629 3.33603 2.9284 2.80851 2.7714 2.62061 2.56347 2.39729 2.29363 2.03486 2.01666 2.01332 1.94193 1.92543 1.83235 1.61998 1.5953 1.58912 1.54911 1.54806 1.53492 1.52738 1.77238 1.29007 1.28659 1.28087 1.24146 1.15594 1.11967 1.0777 1.05961 0.984537 0.967212 0.886533
threshold=7.5000000000000009 1.5000000000000002 10.500000000000002 2.5000000000000004 0.87814269290485947 -1.0000000180025095e-35 1.3333348021374041 21.033184564544801 1.0000000180025095e-35 596.55000000000007 2.9999999999999996 1.0182646512866858 288.02000000000004 -1.0000000180025095e-35 3.5000000000000004 0.61536805492666291 269.77000000000004 432.53000000000003 8.5000000000000018 4168.3500000000013 302.46000000000009 0 641.31000000000006 1 3.5000000000000004 1734.8500000000001 12.030738275513285 1.4697032788760447 3.5000000000000004 2 567.37000000000012 -1.0000000180025095e-35 3 137.89500000000001 4 3.5000000000000004 5 -1.0000000180025095e-35 756.61500000000024 6 12.500000000000002 0.65192786147545578 15.44258861469946 7 2510.8450000000007 59.497749014481279 5.5000000000000009 1.2864543906160237 8 1240.0450000000003 6224.1100000000015 1.5000027216611571 2.0066065223840797 619.52500000000009 4496.4800000000005 1376.8900000000001 85.750000000000014 1.3628709906078298 8.5000000000000018 1134.5550000000001 363.92500000000007 1343.4050000000004
decision_type=2 2 2 2 2 2 2 2 2 2 2 2 2 2 2 2 2 2 2 2 2 9 2 9 2 2 2 2 2 9 2 2 9 2 9 2 9 2 2 9 2 2 2 1 2 2 2 2 9 2 2 2 2 2 2 2 2 2 2 2 2 2
left_child=1 4 9 6 8 41 17 14 28 18 11 34 23 60 43 24 -13 32 38 25 53 33 -15 -7 56 -14 -11 40 37 47 -21 -25 -3 -17 -8 39 51 -1 57 -22 -4 -6 -31 44 -5 -26 -23 -19 -39 50 -38 -28 -34 -9 -55 -45 -10 -2 -30 -40 -12 -20
right_child=2 3 27 7 5 12 10 20 15 26 13 16 19 22 -16 21 -18 29 61 30 35 46 -24 31 45 -27 36 -29 58 42 -32 -33 52 -35 -36 -37 49 48 59 -41 -42 -43 -44 55 -46 -47 -48 -49 -50 -51 -52 -53 -54 54 -56 -57 -58 -59 -60 -61 -62 -63
leaf_value=-1.7258920258789066 -0.87211695898437469 -0.25475596485900881 -0.99618176892089816 -0.85238274999999963 -1.6377126085205078 -0.44062082226562532 0.18889955598449701 0.48579230175781263 -1.1432892414550782 -0.83503934374999966 -0.48315796917724613 -0.62746889208984369 1.5598148854980474 0.4115367169799804 -1.2304480625000001 -1.3141577218017582 0.27931288745117178 -0.95954054028320324 -0.92485401171875026 -1.009614333557129 0.14137203808593776 0.43998143023681602 -1.5249322370605469 0.53305621388626123 -0.82584650622558609 2.2023012900390628 -0.36188894711303715 -1.0855941874999997 0.050525060791015625 -0.26304173388671892 0.91784059252929717 1.1398782731933594 -0.73184019482421903 -0.19460435864257841 -0.73339840592956529 -1.2077331054687503 -0.49047544238281271 1.110798345214844 -0.76491363623046882 -0.42405209277343803 -1.4030941874999998 -1.2641700172119141 0.056118115936279446 0.10015085546874972 -1.1177472473144527 -0.029175309082031298 -0.24167670727539062 -0.32836869750976555 1.6447484331054689 -0.5968788405761718 -0.88531033984375007 0.21362047070312506 -0.49494423657226538 -0.88993106787109366 0.10120684692382804 -0.7543444570312503 0.59801549658203146 -0.88091625976562471 -1.0215409523925782 -0.39408300488281256 -1.2960237040405271 -0.71920640441894523
leaf_weight=26 80 132 656 383 123 368 100 22 70 84 23 504 3198 427 201 40 5212 46 921 35 235 815 267 542 519 12044 55 143 71 82 981 1049 698 441 620 40 249 111 580 369 760 31 415 27 175 48 209 572 793 135 209 46 97 263 26 185 156 25 41 20 296 22
leaf_count=26 80 132 656 383 123 368 100 22 70 84 23 504 3198 427 201 40 5212 46 921 35 235 815 267 542 519 12044 55 143 71 82 981 1049 698 441 620 40 249 111 580 369 760 31 415 27 175 48 209 572 793 135 209 46 97 263 26 185 156 25 41 20 296 22
internal_value=0.000164686 0.00280855 -0.0217872 -0.00279225 0.00575608 0.0067888 -0.00111781 -0.0110031 5.98265e-05 -0.0164986 0.000256643 0.00116478 0.00697928 -0.0054503 -0.0166966 -0.00229248 0.00199336 -0.00614914 -0.0193216 0.00743035 -0.00512787 -5.80239e-05 -0.001901 0.00320464 -0.00645415 0.00767301 -0.0104033 -0.0299376 0.00528708 -0.00318649 0.00372915 0.0043563 -0.0096371 -0.00412449 -0.00532503 -0.00239567 -0.00900287 0.00629689 -0.015166 -0.0014827 -0.0308316 -0.0151274 0 -0.0140686 -0.0158056 -0.00870614 0.00183221 -0.00558637 0.00672547 -0.0101279 -0.0117679 -0.000767544 -0.0107209 -0.0105494 -0.0114298 -0.008 -0.000545852 -0.0225694 -0.0026087 -0.0136816 -0.012927 -0.0223177
internal_weight=37113 33128 3985 11417 21711 18371 9491 1926 3340 2426 7449 6436 18217 1013 971 2298 5716 2042 1648 16258 955 1505 694 1959 793 15242 778 1559 1042 1115 1016 1591 927 481 720 644 694 930 705 604 1416 154 497 770 558 567 1024 618 904 593 458 101 795 311 289 212 226 105 112 600 319 943
internal_count=37113 33128 3985 11417 21711 18371 9491 1926 3340 2426 7449 6436 18217 1013 971 2298 5716 2042 1648 16258 955 1505 694 1959 793 15242 778 1559 1042 1115 1016 1591 927 481 720 644 694 930 705 604 1416 154 497 770 558 567 1024 618 904 593 458 101 795 311 289 212 226 105 112 600 319 943
cat_boundaries=0 2 4 6 8 10 12 14 15 17
cat_threshold=537137152 102452 16912896 20513 537661576 98944 2147517460 128 311301 16384 786432 16400 2147487885 642 3 33559056 65539
is_linear=0
shrinkage=0.05


Tree=6
num_leaves=63
num_cat=12
split_feature=15 20 14 15 15 7 22 13 7 15 20 15 5 14 9 1 15 1 1 0 7 7 1 1 6 19 15 1 1 20 5 1 0 16 1 15 11 16 22 7 11 16 10 22 20 22 5 0 5 15 5 5 15 5 7 9 7 5 7 5 20 16
split_gain=814.175 220.4 67.2381 65.2729 36.0518 28.7983 22.9593 20.1584 15.1634 13.2676 12.7667 10.9036 9.9322 8.14525 7.70156 6.53501 6.30657 5.80628 5.78536 5.27342 4.96277 4.40472 4.3635 4.3197 4.04971 3.78328 3.58334 3.45693 3.38423 3.31848 3.19545 3.04628 2.85792 2.78127 2.60052 2.58106 2.52064 2.23695 2.22958 2.22568 2.64277 2.19522 2.04501 2.00313 1.94049 1.93251 2.88969 1.89731 1.88035 1.81395 1.77422 1.70567 1.65159 1.59254 1.58146 1.48803 1.30746 1.2954 1.81098 1.29295 1.26425 1.20227
threshold=7.5000000000000009 82.500000000000014 2.5000000000000004 10.500000000000002 4.5000000000000009 545.20000000000016 21.033184564544801 1.5000000000000002 726.9100000000002 5.5000000000000009 122.50000000000001 5.5000000000000009 180.50000000000003 3.5000000000000004 360.13000000000005 0 8.5000000000000018 1 2 3 360.31500000000005 288.02000000000004 4 5 1734.8500000000001 1673.6950000000002 13.500000000000002 6 7 23.500000000000004 181.50000000000003 8 9 1.5293136148801316 10 5.5000000000000009 3199.9850000000001 1.9310517988568454 11.003245795502352 340.54500000000007 2893.4450000000006 1.0042716907887483 567.71000000000026 17.678938604574679 7.5000000000000009 -1.0000000180025095e-35 174.50000000000003 11 291.50000000000006 6.5000000000000009 117.50000000000001 81.500000000000014 3.5000000000000004 167.50000000000003 504.39000000000004 1623.3650000000002 864.61500000000012 169.50000000000003 567.58500000000015 169.50000000000003 20.500000000000004 1.5370087135226123
decision_type=2 2 2 2 2 2 2 2 2 2 2 2 2 2 2 9 2 9 9 1 2 2 9 9 2 2 2 9 9 2 2 9 1 2 9 2 2 2 2 2 2 2 2 2 2 2 2 1 2 2 2 2 2 2 2 2 2 2 2 2 2 2
left_child=1 2 5 8 10 9 13 11 16 12 20 19 15 30 -6 -1 39 37 38 -7 45 28 -16 49 51 35 57 -14 42 -26 47 56 36 -13 -34 -24 -23 54 -10 -2 -41 -19 -12 -25 -18 46 -3 -4 -40 -11 -27 -9 -30 -15 -8 -39 -22 -5 -59 -33 -43 -42
right_child=3 4 6 26 14 7 17 24 18 23 21 33 27 53 22 -17 44 41 -20 -21 31 32 25 43 29 50 -28 -29 52 -31 -32 59 34 -35 -36 -37 -38 55 48 40 61 60 -44 -45 -46 -47 -48 -49 -50 -51 -52 -53 -54 -55 -56 -57 -58 58 -60 -61 -62 -63
leaf_value=-0.86505499077758796 -0.85224810090332059 -1.0423030555206303 -0.80976361249999984 -1.0338207049316404 -0.66862304124908423 0.78455512908935543 -0.86526148249511692 -1.0812225188385007 -0.7690917808593748 -0.65095601325378438 0.48114383701171831 -0.26818827606201162 -0.53805721218261737 -1.2564256593750001 0.62644304264297501 -0.30312082940368623 -0.49123668117370606 -0.64412013605957008 -0.14082715602378873 0.038517860693359655 0.85699898721618628 2.9963767187011721 0.36039069053420986 -0.5425167993804928 -1.5208356252075195 -0.37316458457336454 -1.3404394781249995 0.37542904602661142 1.7738308552001958 -0.17116538031311024 -0.63187487578124957 0.43797611718444784 1.2331210201293945 0.063593622082519646 2.0829302401000973 -0.16056911656417849 1.758876718701172 0.096142149444579869 -0.82650512094726558 -0.093230952465820138 -0.70462374006347628 -0.79966267819824222 -1.2242501700454711 -0.27812842237243629 -0.87513617441406244 0.46800126174602497 0.71497867471618626 -1.0584409054565427 -0.22459805949401881 -0.82437352077636705 -0.82744368499145482 1.6099656880157469 -0.16481119620895379 -0.61297284687499953 -0.5225129266113282 -1.1226194278320314 1.3508339311798097 -1.0329394781249996 -0.68097086832275411 1.0485290602996831 0.29263848429565442 -0.46416464223022463
leaf_weight=664 339 125 300 508 358 3416 260 37 39 226 196 521 379 162 244 2506 30 127 236 709 1589 7148 802 268 367 30 601 1583 1512 104 212 617 515 542 1733 432 1030 94 255 49 289 108 44 786 1021 910 73 256 56 185 47 65 90 39 121 27 823 293 157 534 212 112
leaf_count=664 339 125 300 508 358 3416 260 37 39 226 196 521 379 162 244 2506 30 127 236 709 1589 7148 802 268 367 30 601 1583 1512 104 212 617 515 542 1733 432 1030 94 255 49 289 108 44 786 1021 910 73 256 56 185 47 65 90 39 121 27 823 293 157 534 212 112
internal_value=0.00010676 0.00267725 -0.00200644 -0.0212356 0.00622647 -0.000649219 -0.0107106 0.00192791 -0.0160251 -0.0029072 0.00696125 0.00291851 -0.00169426 -0.0161394 -0.000254436 -0.00342736 -0.0182854 -0.00508141 -0.00878608 0.00408491 0.00470421 0.00781517 0.00124358 -0.00711001 -0.00692274 2.83233e-05 -0.0292654 0.00108142 0.0054607 -0.00888713 -0.0135538 0.00561904 0.00822466 -0.00155957 0.00653043 0.000747777 0.0086817 -0.00868932 -0.012741 -0.0145676 -0.011755 -0.000679348 0 -0.00513121 -0.0209796 0.00171017 -0.00261194 -0.015653 -0.0111863 -0.0115861 -0.0104688 0.00166667 0.00626935 -0.0254289 -0.0107747 -0.00231855 0.00665979 -0.026769 -0.0235651 0.00329682 0.00139319 -0.0130879
internal_weight=37113 33128 14276 3985 18852 12358 1918 5761 2426 6597 16939 5188 5132 969 1913 3170 1840 949 586 4125 4671 12268 1555 1465 573 1311 1559 1962 1842 471 768 3563 10426 1063 2248 1234 8178 502 350 789 450 447 240 1054 1051 1108 198 556 311 411 77 102 1602 201 381 121 2412 958 450 1151 320 401
internal_count=37113 33128 14276 3985 18852 12358 1918 5761 2426 6597 16939 5188 5132 969 1913 3170 1840 949 586 4125 4671 12268 1555 1465 573 1311 1559 1962 1842 471 768 3563 10426 1063 2248 1234 8178 502 350 789 450 447 240 1054 1051 1108 198 556 311 411 77 102 1602 201 381 121 2412 958 450 1151 320 401
cat_boundaries=0 2 4 6 7 9 11 13 15 17 18 20 21
cat_threshold=10490738 102409 540152868 283024 2717909697 66048 1 51545088 5248 3412104 36880 9064450 21520 35787776 135204 3054870962 315603 1 338190436 168498 1
is_linear=0
shrinkage=0.05


Tree=7
num_leaves=63
num_cat=16
split_feature=14 14 17 17 17 14 2 7 17 22 14 22 14 17 1 2 18 17 7 17 2 16 6 2 16 12 16 8 2 17 1 8 1 1 18 22 2 8 1 1 1 18 22 18 22 6 22 13 1 1 10 7 2 6 10 17 18 16 17 7 22 16
split_gain=685.277 172.508 90.3789 81.9635 56.5725 31.8668 18.4394 18.1708 15.7606 12.4358 11.2109 10.4714 9.91016 21.0226 9.45871 8.83947 8.73574 8.15946 6.69656 6.65666 6.37311 5.7966 5.78155 5.58955 5.5407 6.17327 5.23074 4.84585 4.83289 4.73662 4.45086 4.27963 4.09252 4.09041 4.02163 3.99472 3.59217 3.51198 3.12055 3.06223 2.97039 2.96191 2.9409 2.82547 2.70011 2.66954 2.65109 2.47419 2.44952 2.4058 2.22807 2.19837 2.15367 2.00821 1.98672 1.9263 2.23434 1.91612 1.87241 1.82772 2.49028 1.77523
threshold=2.5000000000000004 1.5000000000000002 1.2402422752990117 1.3712015419788861 1.0024686650050745 3.5000000000000004 0 -1.0000000180025095e-35 0.90418370714450924 30.551322928209292 3.5000000000000004 11.302654339031692 1.0000000180025095e-35 0.61536805492666291 1 2 0.25349665986322739 1.0024686650050745 165.35500000000005 1.2333721479377482 3 1.0674425299771289 1734.8500000000001 4 1.1999856968626057 1.5000000000000002 1.4003167695654242 -1.0000000180025095e-35 5 0.81627148153588047 6 283.74500000000006 7 8 1.8559844854446763 25.546401208752343 9 363.92500000000007 10 11 12 1.1189628423266174 53.023422469174882 0.65192786147545578 -1.0000000180025095e-35 1734.8500000000001 69.440878926447212 1.5000000000000002 13 14 1950.5100000000002 395.92000000000002 15 2012.74 2552.6200000000003 1.4697032788760447 0.24793308503364644 2.2570433064425637 1.4054274137182259 310.62500000000006 19.012840270198492 1.5073627907034217
decision_type=2 2 2 2 2 2 1 2 2 2 2 2 2 2 9 1 2 2 2 2 1 2 2 1 2 2 2 2 1 2 9 2 9 9 2 2 1 2 9 9 9 2 2 2 2 2 2 2 9 9 2 2 1 2 2 2 2 2 2 2 2 2
left_child=1 4 8 10 12 9 24 43 35 23 17 30 27 42 34 59 20 -2 52 40 44 58 -21 41 55 36 31 -1 -28 -20 -8 -16 -25 -23 -10 53 -26 46 -22 50 -18 -5 49 -6 -9 -27 -11 -32 -29 -14 -19 57 -15 61 -34 -4 -57 -37 -13 -7 -61 -3
right_child=3 2 6 5 7 15 11 16 14 37 -12 21 13 18 26 -17 19 39 29 22 38 33 -24 32 25 45 28 48 -30 -31 47 -33 54 -35 -36 51 -38 -39 -40 -41 -42 -43 -44 -45 -46 -47 -48 -49 -50 -51 -52 -53 -54 -55 -56 56 -58 -59 -60 60 -62 -63
leaf_value=-1.6888617546297457 -1.1153795842968748 -0.54218817446437828 -0.71655359484682046 -0.61181765464721638 -1.4912066183100892 -0.82474918991210944 -0.18142744947204542 -0.93969539852020256 -0.77758721287913346 -0.87165951648803741 -1.2659175042187496 -0.84825050748756436 -0.33137683780434601 -0.1566127831763458 -0.47879586207008401 -1.1352533745605855 -0.32310177988769517 -0.32755488589111331 -0.044596628025307353 1.5962136152750399 -0.041742417593269202 -0.12755898423202527 2.5572527069848636 -0.8246265077452084 0.66225464171241766 2.7773511007566838 -0.04331753751136791 -0.44244653257715216 -0.45729295998292435 0.44327720812934895 -0.68264269134231559 -0.85651021032024421 -0.51639508031250014 0.31141441730174058 -0.63096382085815506 -0.85574353126098657 0.19962741982719462 -0.18072660326751733 1.4149094934006212 -0.74376725631835972 0.81242796768689163 -0.04657400666419962 -0.23666801688724526 0.18132078857856782 1.5980094451579288 -1.3988318322283939 0.30044849079956076 -1.2511942833684921 1.2238194686901858 -0.78400667638004296 -0.79615427291992202 -0.34977809651031466 -0.92866944121623263 -0.88081256881835945 -0.82774482917678793 -0.78538440796421072 0.021942049477081227 -0.85395136723506959 -0.63331766094341058 -0.67030153751953103 0.024097512851257542 -0.26529240550548538
leaf_weight=63 388 60 103 141 72 70 541 205 218 153 658 64 120 214 135 482 113 58 902 2783 278 1566 10061 594 1516 29 430 108 702 1469 641 208 291 926 73 134 1719 457 1472 617 1904 172 139 27 66 109 41 204 1023 629 205 70 196 330 202 46 437 58 230 87 60 44
leaf_count=63 388 60 103 141 72 70 541 205 218 153 658 64 120 214 135 482 113 58 902 2783 278 1566 10061 594 1516 29 430 108 702 1469 641 208 291 926 73 134 1719 457 1472 617 1904 172 139 27 66 109 41 204 1023 629 205 70 196 330 202 46 437 58 230 87 60 44
internal_value=9.46357e-05 0.00267609 -0.00255639 -0.0177923 0.00521582 -0.0121958 -7.6838e-06 0.00657751 -0.0109432 -0.00898856 -0.0257258 -0.00232975 0.000449548 -0.000827206 -0.00835218 -0.0214566 0.00670566 -0.0226987 0.00129759 0.0071288 0.00356349 -0.000546791 0.00755429 -0.0116536 0.00242636 0.00321757 -0.00649362 0.00440685 -0.00480176 0.00233256 -0.00588553 -0.0120303 -0.013375 0.000220441 -0.016653 -0.017382 0.00367125 -0.00315367 0.00466534 -0.0197055 0.00438738 -0.00486963 -0.00751964 -0.0143382 -0.00338908 -0.00691489 -0.00875635 -0.00814394 0.0051918 -0.00875997 -0.0123641 -0.0117925 -0.00453995 -0.0205378 -0.00906621 -0.00199491 -0.000540123 -0.0146154 -0.00715488 -0.0105978 -0.00708333 -0.0126168
internal_weight=37113 32437 10593 4676 21844 2750 8131 16981 2462 2051 1926 4172 4863 3669 1766 699 16882 1268 2781 14861 2021 2786 12844 1400 3959 3373 1475 1194 1132 2371 1386 343 1087 2492 291 696 3235 651 1750 880 2017 313 888 99 271 138 194 845 1131 749 263 262 410 434 493 586 483 192 294 217 147 104
internal_count=37113 32437 10593 4676 21844 2750 8131 16981 2462 2051 1926 4172 4863 3669 1766 699 16882 1268 2781 14861 2021 2786 12844 1400 3959 3373 1475 1194 1132 2371 1386 343 1087 2492 291 696 3235 651 1750 880 2017 313 888 99 271 138 194 845 1131 749 263 262 410 434 493 586 483 192 294 217 147 104
cat_boundaries=0 1 3 4 5 6 7 9 11 13 14 16 18 20 22 24 25
cat_threshold=1740 1445888 102400 1548 1 524 812 2424328604 49664 573052002 348304 612577517 70178 524 269627392 21505 2150105228 656 147552 1 33559040 65537 2148565044 49168 38
is_linear=0
shrinkage=0.05


Tree=8
num_leaves=63
num_cat=16
split_feature=20 23 20 21 21 21 21 17 21 1 21 20 2 21 5 5 7 2 21 20 17 7 1 8 23 8 18 16 20 21 1 0 2 20 0 20 17 1 1 1 20 20 2 1 9 5 21 5 7 2 18 2 5 2 7 18 20 17 11 18 11 8
split_gain=522.051 205.352 85.8822 152.169 56.4499 55.1662 47.3147 41.6979 25.2166 19.4989 14.8961 21.2311 11.726 11.2297 10.1635 10.0143 9.7555 8.666 8.21369 8.02806 7.11267 6.6354 5.56159 5.51357 4.76298 4.6571 4.183 4.07726 3.9754 3.93036 3.85694 3.48773 4.19313 8.25992 3.35952 3.30738 3.18316 3.09141 3.06358 2.95465 2.94 2.87587 2.73686 2.69443 2.61001 2.59461 2.55901 2.45327 2.37503 2.31877 2.28795 1.97417 2.16024 1.94672 3.87315 2.99416 1.96194 1.92111 1.91257 1.85908 1.75384 1.95848
threshold=69.500000000000014 17.500000000000004 1.0000000180025095e-35 48.340579710144937 91.732142857142875 7.5000000000000009 38.509259259259267 1.7195004606467987 30.84954751131222 0 66.031250000000014 121.50000000000001 1 73.25833333333334 34.500000000000007 72.500000000000014 529.10500000000013 2 45.020000000000003 106.50000000000001 1.2996815599229943 321.39500000000004 3 165.35500000000005 2.5000000000000004 345.88500000000005 0.16255742762796763 1.4999733487931388 10.500000000000002 15.127441244620988 4 5 6 154.50000000000003 7 36.500000000000007 1.3505921089871387 8 9 10 7.5000000000000009 114.50000000000001 11 12 374.41500000000002 257.50000000000006 107.05555555555557 158.50000000000003 992.05500000000018 13 0.23075240033965508 14 70.500000000000014 15 172.32500000000002 0.37954192716510798 200.50000000000003 0.71763517081854766 2657.9450000000006 0.44272427889408922 4064.6100000000006 754.3850000000001
decision_type=2 2 2 2 2 2 2 2 2 9 2 2 1 2 2 2 2 1 2 2 2 2 9 2 2 2 2 2 2 2 9 1 1 2 1 2 2 9 9 9 2 2 1 9 2 2 2 2 2 1 2 1 2 1 2 2 2 2 2 2 2 2
left_child=1 2 14 5 7 15 36 10 24 25 11 18 28 -14 26 -4 35 -10 41 30 37 51 -20 -16 -7 45 -1 -22 -11 39 48 50 33 -33 59 -8 -3 -6 -23 -13 -17 -2 -32 -25 -45 -5 -29 -38 -9 -27 -21 52 -12 54 55 -39 -56 -31 -37 -28 -18 -62
right_child=4 6 3 9 20 8 16 19 17 12 21 29 13 -15 23 40 60 -19 22 31 27 38 -24 43 -26 49 34 46 -30 57 42 32 -34 -35 -36 58 47 53 -40 -41 -42 -43 -44 44 -46 -47 -48 -49 -50 -51 -52 -53 -54 -55 56 -57 -58 -59 -60 -61 61 -63
leaf_value=-1.0507011116419676 -0.87392068981876714 -1.0501212376308595 -0.88850516401685276 -0.76419779673835997 -0.46883974545871648 -0.84357720290848059 -0.82360633117045789 0.4093685122073516 -0.4025074149161596 -1.2577749085857239 -0.33946665861608277 -1.1076485177778737 -0.4317992948256737 -0.0026316005335324634 -1.6128549539762027 -1.4810672776587201 0.19178527297136655 -0.78157293183650589 0.12600959900110062 1.0919422154325076 0.50266968930691536 0.68973556579011031 -0.45626541574301704 0.87849051475468376 -1.2026216290078122 -0.80311581264510723 -0.043661155838745191 1.1536197026947692 0.33336317227877982 -0.71288034412999735 -0.35361656049617163 -2.2748510792749905 1.8641806629624451 2.4759960163703827 -1.1330195541042694 -0.41904414567440296 -1.0901444622494985 1.087854573997775 0.26362794736131007 1.9543777817231689 -0.10554879328658268 0.11619981949132452 0.56911169621124713 0.051301697898831211 2.340612101555664 -0.74950310947229004 2.8145047542528077 -0.86915363141674684 1.1452969498344767 0.10781176586328432 3.6109867855028073 -0.58316577446791651 0.43866527953893847 1.1623459786295196 0.99136234976218707 -1.7758151862478631 -0.37336018338757349 0.085225061624823531 -0.65830013834906043 2.6809921112602542 -0.43023168126629624 -0.33464256840008955
leaf_weight=96 437 978 486 344 119 263 262 756 224 181 42 106 2004 2367 36 111 45 1977 343 253 378 806 877 520 629 121 260 794 1708 150 284 40 571 83 67 81 140 35 1269 510 741 36 209 126 1267 102 6824 91 211 124 2022 264 203 2326 872 36 95 322 133 91 57 208
leaf_count=96 437 978 486 344 119 263 262 756 224 181 42 106 2004 2367 36 111 45 1977 343 253 378 806 877 520 629 121 260 794 1708 150 284 40 571 83 67 81 140 35 1269 510 741 36 209 126 1267 102 6824 91 211 124 2022 264 203 2326 872 36 95 322 133 91 57 208
internal_value=5.96104e-05 -0.00681058 -0.00464237 -0.00647563 0.00517778 -0.013715 -0.0218031 0.00238083 -0.0173894 -0.00184965 -0.000575168 -0.00312051 -0.000948509 -0.00237511 0.00380677 -0.00516406 -0.0120722 -0.0144226 -0.00662588 0.00597078 0.00755857 0.00214534 -0.00437449 0.00546235 -0.024581 -0.00974787 -0.00236944 0.0083948 0.00231993 0.00229148 0.00287081 0.00747392 0.00419656 -0.00376838 -5.93824e-05 -0.0165971 -0.0280425 0.0056189 0.00341073 0.0049273 -0.00181287 -0.0122637 -0.000666996 0.00585204 0.00701458 -0.0129733 0.00865044 -0.0212073 0.00468112 -0.00398185 0.00844491 -0.00290527 0.000242248 0.0058928 0.00382969 -0.00692568 0.00472938 -0.00105263 -0.0111751 0.00180085 -0.0048722 -0.00648321
internal_weight=37113 15840 13845 11382 21273 4431 1995 9794 3093 6951 5365 2781 6260 4371 2463 1338 786 2201 1693 4429 11479 2584 1220 1949 892 691 514 7996 1889 1088 1460 2969 694 123 418 476 1209 3483 2075 616 852 473 493 1913 1393 446 7618 231 967 245 2275 509 245 3364 1038 71 967 472 214 351 310 265
internal_count=37113 15840 13845 11382 21273 4431 1995 9794 3093 6951 5365 2781 6260 4371 2463 1338 786 2201 1693 4429 11479 2584 1220 1949 892 691 514 7996 1889 1088 1460 2969 694 123 418 476 1209 3483 2075 616 852 473 493 1913 1393 446 7618 231 967 245 2275 509 245 3364 1038 71 967 472 214 351 310 265
cat_boundaries=0 2 3 4 6 8 9 10 11 13 15 17 18 20 21 22 23
cat_threshold=2101248 4360 1548 512 2181071164 147 3070789000 315920 1 288 1 2228224 1181700 2173993091 86152 4096 70272 2467 271615122 66057 2737 1828 195
is_linear=0
shrinkage=0.05


Tree=9
num_leaves=63
num_cat=13
split_feature=15 20 15 14 21 21 17 17 21 21 19 20 20 21 7 20 7 15 21 2 17 7 0 2 20 17 8 20 17 7 7 22 17 21 21 21 7 2 2 16 11 17 8 2 10 2 2 0 14 2 20 2 17 16 2 20 11 16 18 2 7 21
split_gain=685.486 184.563 61.1532 52.4633 35.2833 33.0504 28.9128 22.0609 14.1245 13.903 12.261 12.0939 23.4286 11.1461 8.47438 7.99645 7.0829 6.35918 6.32432 5.87868 5.85423 5.3023 5.25794 14.7325 13.5777 5.1184 5.05423 4.37094 4.35449 4.27039 4.06173 3.80739 3.56505 3.51485 3.44502 3.35121 3.31368 3.14808 2.67414 2.4376 2.36625 2.34027 2.33758 2.15297 2.68505 2.12384 2.07464 2.16966 2.07379 2.05074 2.03522 1.96017 1.87197 1.74028 1.56717 1.45992 1.41548 1.40842 1.35551 1.34676 2.39185 1.32767
threshold=7.5000000000000009 82.500000000000014 10.500000000000002 2.5000000000000004 110.06250000000001 44.51315789473685 1.4934129165957402 1.7286926697355598 44.51315789473685 77.038461538461561 3699.4950000000003 1.0000000180025095e-35 54.500000000000007 56.51315789473685 719.94500000000016 198.50000000000003 463.15000000000003 13.500000000000002 30.84954751131222 0 1.2012484113443633 432.53000000000003 1 2 196.50000000000003 1.3712015419788861 562.50000000000011 37.500000000000007 1.4261482695730368 432.53000000000003 378.3250000000001 20.288250163582561 0.66986026768764362 32.257352941176478 48.340579710144937 56.023809523809533 299.27500000000003 3 4 1.398568249249543 1018.3000000000001 1.2836439961192729e-05 323.43500000000006 5 685.58000000000004 6 7 8 1.5000000000000002 9 40.500000000000007 10 1.1948821139688892 1.2438299025135053 11 139.50000000000003 3720.1550000000007 1.5370087135226123 1.5067606126431283 12 180.01500000000001 18.514583333333338
decision_type=2 2 2 2 2 2 2 2 2 2 2 2 2 2 2 2 2 2 2 1 2 2 1 1 2 2 2 2 2 2 2 2 2 2 2 2 2 1 1 2 2 2 2 1 2 1 1 1 2 1 2 1 2 2 1 2 2 2 2 1 2 2
left_child=1 3 8 6 7 18 13 9 14 15 11 19 -13 21 59 29 31 28 27 -8 43 54 36 24 -24 -7 48 -5 58 -3 -12 56 41 -16 -17 40 61 -28 -35 -29 -27 -11 -37 44 -6 -23 47 -20 -15 50 -18 -34 -33 -38 -1 -22 -10 -52 -4 60 -2 -9
right_child=2 4 17 5 20 25 10 22 16 32 30 12 -14 26 33 34 49 -19 46 -21 55 45 23 -25 -26 35 37 39 -30 -31 -32 52 51 38 -36 42 53 -39 -40 -41 -42 -43 -44 -45 -46 -47 -48 -49 -50 -51 57 -53 -54 -55 -56 -57 -58 -59 -60 -61 -62 -63
leaf_value=-0.39285369987585322 -0.82880183311091216 -0.5437959404404481 -0.81467791619664254 -1.09292937622783 -0.94440539003758406 -0.97741903646558248 0.11497303471679859 0.66667408191166799 0.065914546949070285 0.58632281614679893 -1.2486393717939763 -0.5313306318631551 0.36937824901326205 -0.10955259219425129 -0.93546590616826153 2.3674516051048662 -0.61636250679484528 -1.1731971539198831 -0.60882782461625473 2.3475439574500614 1.6749837266084484 -0.56340138532812023 -2.1429053513812595 1.2468685854949901 4.8034309154415027 -0.73585603415242284 -0.32283519339465294 -0.60817322186495204 -0.86222264882560928 -0.012636296871545839 -0.41731359375133509 -0.75240693882311271 0.50292198317653136 -0.15825615148371253 -0.54543611577150841 -0.6132178753218952 -0.58086677213588589 0.26498890158851512 -0.64961112386662512 0.12796632945039121 -0.46052736219053103 -0.41473974338127928 0.081453564708140649 1.3420484810431641 0.81780954825123331 -0.15798018193122312 -0.60913332671412934 -1.3896920876777437 -0.40798704786154838 0.025543522045193792 -0.45090367421694144 0.85094920842296817 -0.63288614443089963 2.4626958257369007 -0.72968394467353459 3.2856545165401672 -0.92294521524613016 0.18219600932279825 -0.88550686238302778 -0.78483267537089851 -0.61163603658899868 -0.64684754917575094
leaf_weight=166 47 1037 340 316 86 90 798 133 57 163 77 2869 3126 556 78 394 106 601 51 1525 1869 268 79 896 36 21 295 117 137 1493 190 221 1171 118 97 117 24 634 210 29 290 194 533 1643 205 302 302 52 1110 170 87 1390 188 2806 442 5080 20 53 481 937 134 56
leaf_count=166 47 1037 340 316 86 90 798 133 57 163 77 2869 3126 556 78 394 106 601 51 1525 1869 268 79 896 36 21 295 117 137 1493 190 221 1171 118 97 117 24 634 210 29 290 194 533 1643 205 302 302 52 1110 170 87 1390 188 2806 442 5080 20 53 481 937 134 56
internal_value=0.000102719 0.00246144 -0.0194803 -0.00182436 0.00570936 -0.00951327 -0.000624949 0.00365649 -0.0144401 0.00170608 0.000973742 0.00131895 0.000122958 -0.0042737 -0.0174198 -0.000657242 -0.00930939 -0.0272487 -0.0167385 0.00437984 0.00800557 -0.00831922 0.006515 0.00329142 -0.0125977 -0.00347486 -0.00241051 -0.020914 -0.0242716 -0.00180616 -0.00949074 -0.0134458 0.00416809 -0.0108191 0.00513664 -0.00232106 0.00757363 0.000496245 -0.0081571 -0.0125839 -0.00656847 -0.000381944 -0.000191424 0.00548529 0.0011102 -0.00466841 -0.0117341 -0.0186422 -0.00405932 -0.00429594 -0.00704633 0.00482157 -0.0153823 0.00800388 -0.0116203 0.00869714 -0.00234375 -0.0027972 -0.0257737 -0.0197368 -0.0115335 0.000846354
internal_weight=37113 33128 3985 14276 18852 1918 12358 9969 2426 5939 8585 8318 5995 3773 1524 3021 902 1559 867 2323 8883 1178 4030 1011 115 1051 2595 462 958 2530 267 486 2918 406 491 961 3019 929 328 146 311 357 650 1934 291 570 405 103 1666 416 246 2561 409 2830 608 6949 77 140 821 1118 181 189
internal_count=37113 33128 3985 14276 18852 1918 12358 9969 2426 5939 8585 8318 5995 3773 1524 3021 902 1559 867 2323 8883 1178 4030 1011 115 1051 2595 462 958 2530 267 486 2918 406 491 961 3019 929 328 146 311 357 650 1934 291 570 405 103 1666 416 246 2561 409 2830 608 6949 77 140 821 1118 181 189
cat_boundaries=0 1 2 3 4 5 6 7 8 9 10 11 12 13
cat_threshold=1041 1 256 1185 780 65 3139 1280 1 2259 227 1548 2560
is_linear=0
shrinkage=0.05


Tree=10
num_leaves=63
num_cat=12
split_feature=15 14 21 15 21 17 14 17 21 12 21 18 2 17 16 1 17 21 1 15 12 17 5 1 2 14 1 21 21 5 1 5 17 17 22 17 15 18 16 16 18 23 18 5 2 10 16 2 16 1 22 5 2 1 5 16 5 21 17 22 18 18
split_gain=633.483 152.725 78.0515 60.0263 39.9381 26.2236 25.8757 17.3921 13.1212 12.4827 11.5792 10.9207 10.6048 7.87547 7.68539 6.6825 6.55215 7.00069 6.51662 6.27634 6.06397 6.02599 6.35527 5.75309 5.64197 5.49871 5.40044 5.20404 5.19889 5.13629 4.95216 4.9039 4.358 4.22514 3.86372 3.85578 3.81097 3.46675 3.38549 3.3721 3.1937 3.11973 3.03727 2.8947 2.77173 3.12229 2.71868 2.70369 2.56861 2.55401 2.45755 2.43533 2.42606 2.39366 2.37635 2.31482 2.26197 2.19962 1.98558 1.81869 1.63984 1.5937
threshold=7.5000000000000009 1.5000000000000002 56.023809523809533 10.500000000000002 110.06250000000001 0.87814269290485947 2.5000000000000004 1.3366910195307835 30.84954751131222 1.5000000000000002 44.51315789473685 0.2248390793765728 0 1.2333721479377482 1.0530568869425665 1 1.8686466400402952 77.038461538461561 2 13.500000000000002 1.0000000180025095e-35 2.5714275338332668 181.50000000000003 3 4 1.0000000180025095e-35 5 35.763888888888893 69.70714285714287 31.500000000000004 6 180.50000000000003 1.0024686650050745 0.61536805492666291 20.288250163582561 1.4261482695730368 6.5000000000000009 0.16255742762796763 1.0003538922897268 2.0000022027984357 1.7120338383293154 8.5000000000000018 2.6610461873403151 171.50000000000003 7 685.58000000000004 1.0951343076929856 8 1.7628985516473592 9 1.4571067811865479 171.50000000000003 10 11 313.50000000000006 2.9999999999999996 186.50000000000003 80.436507936507951 2.0391458849605621 24.634924132340078 0.74023444528410531 1.5067606126431283
decision_type=2 2 2 2 2 2 2 2 2 2 2 2 1 2 2 9 2 2 9 2 2 2 2 9 1 2 9 2 2 2 9 2 2 2 2 2 2 2 2 2 2 2 2 2 1 2 2 1 2 9 2 2 1 9 2 2 2 2 2 2 2 2
left_child=1 4 6 10 5 15 12 30 50 14 18 29 21 44 49 36 17 -13 42 35 58 22 -3 34 -10 -17 46 -20 -16 37 39 -18 -29 -27 -12 54 52 -7 59 41 -26 -4 -2 -37 45 -6 -14 -34 -44 -9 -8 -36 -1 -31 61 -23 -52 -11 -15 -32 -41 -5
right_child=3 2 7 19 13 11 8 9 24 57 23 16 26 20 28 25 31 -19 27 -21 -22 55 -24 -25 40 33 -28 32 -30 53 38 -33 47 -35 51 43 -38 -39 -40 60 -42 -43 48 -45 -46 -47 -48 -49 -50 -51 56 -53 -54 -55 -56 -57 -58 -59 -60 -61 -62 -63
leaf_value=-0.71883521439238407 -0.74603593300241045 -0.67578536552617607 -0.65920569375416105 -0.77416750905899046 -1.0600132605721777 -1.2857751775598159 -0.72776456077170448 0.17417032685587436 -0.97427157078660653 -0.085564473642240568 -0.19438891152070747 0.17636674055979712 -0.87781409878800187 0.97188238449148978 0.03196920045172149 0.90995911831154719 1.6263581552956901 0.78863438309832345 -0.96652140938779896 -1.1145372962238889 2.5851332397701068 0.21480449194241871 -0.13649822662617322 -0.36370379059516544 -0.58757805719302014 -0.52575942044465873 -0.30784224881344829 -0.67618349432969294 0.59768989455090915 -0.48981361863922929 -0.86573394721184693 2.9445439630065966 -0.033511308454571419 0.22795712657080858 -0.61998524653961307 -0.83885527444990482 -0.61155887116448404 0.3522739225916045 0.014100269332554661 -0.63043733242613753 0.060432728928334359 -0.40473623252376678 -0.59693515702625821 -0.79799866473936631 1.2025487921252578 0.73533225851366246 -0.61901684702924575 -0.56161087569771773 0.037892579945744936 -0.67489111761332088 -1.0823746030867272 -0.75148804139549485 -0.20539488075299703 0.50695950969183246 -0.54729790032461545 -1.1539474341869977 -0.45159407739349078 -1.4089007503817523 -1.3746147844708763 -0.33625143655116718 0.25848790259157423 -0.85222958350148748
leaf_weight=257 608 211 253 303 118 116 165 294 222 71 79 1838 144 144 1182 230 2832 2314 222 601 6668 689 351 467 427 281 628 179 3554 249 33 2023 145 518 209 61 98 73 654 60 109 207 97 76 1839 228 1004 243 30 358 254 147 957 832 108 97 45 218 96 65 122 410
leaf_count=257 608 211 253 303 118 116 165 294 222 71 79 1838 144 144 1182 230 2832 2314 222 601 6668 689 351 467 427 281 628 179 3554 249 33 2023 145 518 209 61 98 73 654 60 109 207 97 76 1839 228 1004 243 30 358 254 147 957 832 108 97 45 218 96 65 122 410
internal_value=0.00013505 0.00240258 -0.00227561 -0.0186904 0.00486495 0.00303661 -0.00754771 0.0009595 -0.0137347 0.0021941 -0.0136991 0.00412573 -0.00510074 0.00739473 0.00274532 -0.00172248 0.00473779 0.0032491 -0.0164047 -0.0263844 0.00823325 -0.0016532 -0.00561947 -0.00903315 -0.00949409 0.0012596 -0.00762996 -0.0123286 0.00345009 -0.000176748 -0.00402649 0.00599784 -0.00967105 -0.000639027 -0.0131975 -0.0234391 -0.00407547 -0.0077474 -0.00111111 -0.00721374 -0.006102 -0.00961123 -0.0202039 -0.0141964 0.00471321 0.000348189 -0.00973299 -0.00639386 -0.0120192 -0.00229008 -0.0204497 -0.0157382 -0.00326623 0.00111854 -0.0248635 0.001109 -0.0235513 -0.0078339 0.000205761 -0.00965347 -0.00121622 -0.0260999
internal_weight=37113 33128 11417 3985 21711 12618 4346 7071 1222 5677 2426 10277 3124 9093 5388 2341 9007 4152 1524 1559 6908 1348 562 902 758 1029 1776 789 4736 1270 1394 4855 567 799 435 958 1312 189 752 642 536 460 735 137 2185 346 1148 388 127 652 464 356 1214 1081 821 786 299 289 240 98 182 713
internal_count=37113 33128 11417 3985 21711 12618 4346 7071 1222 5677 2426 10277 3124 9093 5388 2341 9007 4152 1524 1559 6908 1348 562 902 758 1029 1776 789 4736 1270 1394 4855 567 799 435 958 1312 189 752 642 536 460 735 137 2185 346 1148 388 127 652 464 356 1214 1081 821 786 299 289 240 98 182 713
cat_boundaries=0 1 3 5 7 8 10 12 13 14 16 17 19
cat_threshold=716 908464256 87203 572788802 70144 537923648 4096 1298 578433249 69795 536875032 102912 65 2596 2684387461 81920 386 136192 21633
is_linear=0
shrinkage=0.05


Tree=11
num_leaves=63
num_cat=17
split_feature=15 20 15 7 13 16 20 15 1 1 19 7 5 15 7 2 23 1 22 22 9 1 7 2 15 2 15 1 20 1 1 1 10 15 7 23 2 5 1 5 2 15 7 2 22 20 2 20 22 5 5 23 5 7 5 5 10 8 19 2 10 8
split_gain=589.905 166.318 57.9412 38.126 30.0986 19.2823 16.5643 13.0452 12.5961 12.4115 12.1003 9.60876 9.36631 8.4447 8.12039 7.51977 6.90318 6.66775 7.19897 5.76942 5.32546 5.26969 5.07365 4.94146 4.9334 4.40769 3.84971 3.75552 3.60313 3.48013 3.47143 3.44995 3.07396 2.88339 2.73032 2.71002 2.6462 2.58402 2.419 2.35399 2.24743 2.22477 2.28735 2.15735 2.04318 1.94612 2.1201 1.92452 1.89832 1.84481 1.7417 1.73572 2.0013 1.67202 1.56678 1.54279 1.53458 1.67212 1.5245 1.74293 1.52371 1.70192
threshold=7.5000000000000009 97.500000000000014 10.500000000000002 448.42500000000007 1.5000000000000002 1.0530568869425665 162.50000000000003 4.5000000000000009 0 1 3572.6550000000007 402.08000000000004 180.50000000000003 5.5000000000000009 360.31500000000005 2 2.5000000000000004 3 16.619516214105875 9.8706905179914326 2109.7650000000003 4 837.40500000000009 5 5.5000000000000009 6 2.5000000000000004 7 38.500000000000007 8 9 10 442.93000000000006 4.5000000000000009 633.99500000000023 6.5000000000000009 11 207.50000000000003 12 181.50000000000003 13 12.500000000000002 1227.2500000000002 14 25.438700467801937 247.50000000000003 15 117.50000000000001 31.925853127611983 313.50000000000006 194.50000000000003 9.5000000000000018 10.500000000000002 355.88500000000005 122.50000000000001 327.50000000000006 3311.9600000000005 1543.6250000000002 2593.7000000000007 16 2755.2050000000004 1064.5100000000002
decision_type=2 2 2 2 2 2 2 2 9 9 2 2 2 2 2 1 2 9 2 2 2 9 2 1 2 1 2 9 2 9 9 9 2 2 2 2 1 2 9 2 1 2 2 1 2 2 1 2 2 2 2 2 2 2 2 2 2 2 2 1 2 2
left_child=1 3 9 7 5 25 14 10 35 11 12 39 16 15 21 -7 -1 -6 20 28 -19 37 36 53 30 -5 58 -15 -10 -21 -16 -14 45 38 -20 49 60 -3 -23 -2 -32 42 -25 -13 -26 46 -28 -46 -27 -9 -41 52 -34 -4 -12 -38 -24 -58 -8 -60 -11 -62
right_child=2 6 23 4 17 13 26 8 19 22 54 43 31 27 24 -17 -18 18 34 29 -22 33 56 41 44 48 32 -29 -30 -31 40 -33 51 -35 -36 -37 55 -39 -40 50 -42 -43 -44 -45 47 -47 -48 -49 -50 -51 -52 -53 -54 -55 -56 -57 57 -59 59 -61 61 -63
leaf_value=-0.57306214173943493 -0.69099682908680049 -1.0699298886442781 -0.85170061695499732 -0.05391394063992188 0.073829378536631296 0.69830239205535494 3.4318162529251008 -0.68850971913596659 -1.1492305644045155 -0.28609235962567975 -1.0641959385937305 -0.18105926124582813 -0.47089527615822074 0.22365249676670623 0.63309689851302664 0.20371324437782568 0.071853622198458034 -1.070611202660041 0.20384481415070327 0.041414967162129029 -1.1769374308113958 0.83954351047809217 0.42784978075627511 -0.76874198402817639 0.20398578951248991 -0.69654072126107514 -0.5063872558564867 -0.12541955381566297 -0.32332473019472047 -0.38611705353570908 0.90512561206757636 0.46128583912299953 -0.16118204400697655 -0.27034213676814084 -1.1939170098663729 -0.63042079890588409 -0.69674743859197774 0.08267389363677867 0.32405082392280299 -0.28855107632680127 1.1598854399128944 -1.0758988093166171 -0.38383627164372208 -0.57675596901115544 -0.099493855361837732 -0.77105083549218789 1.0663632074029477 -0.90279822496136719 -0.4872120897167907 -0.54253635926910138 -0.70046428673732908 -0.19058409421652744 1.6669694524873429 -0.68572884461908079 -0.64828534209556166 -0.33448297584840908 -0.54022618101140862 0.32009408994750582 -0.063304383366219949 2.8676832988508871 -0.90880952880864607 -0.046341963590116379
leaf_weight=1749 431 141 172 123 243 2604 6262 378 50 276 99 150 261 399 1009 3951 858 265 138 418 113 490 49 506 92 207 102 1247 54 1402 2116 1302 76 174 324 556 383 100 787 23 2638 594 22 467 87 48 197 59 59 65 311 52 1437 265 62 22 156 52 121 213 80 26
leaf_count=1749 431 141 172 123 243 2604 6262 378 50 276 99 150 261 399 1009 3951 858 265 138 418 113 490 49 506 92 207 102 1247 54 1402 2116 1302 76 174 324 556 383 100 787 23 2638 594 22 467 87 48 197 59 59 65 311 52 1437 265 62 22 156 52 121 213 80 26
internal_value=0.000140438 0.00232863 -0.018026 -0.00113482 0.000915926 0.00191144 0.00594992 -0.00387557 -0.0064636 -0.0131227 -0.0021141 -0.0163262 -0.00157561 0.00243326 0.00425058 0.00323841 -0.00341475 -0.00691759 -0.00896835 -0.00397522 -0.0142388 0.00115044 -0.00856197 -0.0255842 0.00511534 -0.00889668 0.00747856 -0.000742874 -0.0154206 -0.00329128 0.00540886 0.00146073 0.0054047 0.00231387 -0.00467742 -0.0110301 -0.0106487 -0.0054626 0.00317383 -0.0202962 0.00598385 -0.0279075 -0.0247646 -0.0115121 -0.00176349 0.000964286 0.00260762 -0.00553691 -0.012276 -0.0142657 -0.0162463 0.00635364 0.00667051 -0.0183056 -0.0154726 -0.0137261 -0.00225962 -0.0042654 0.0080694 0.00437685 -0.00664557 -0.012156
internal_weight=37113 33128 3985 16927 9673 8590 16201 7254 2923 2426 4331 1382 4170 8201 7693 6555 2607 1083 840 1924 378 1692 1044 1559 6001 389 8508 1646 104 1820 5763 1563 1912 1451 462 999 787 241 1277 765 4754 1122 528 617 238 347 299 146 266 443 334 1565 1513 437 161 405 257 208 6596 334 382 106
internal_count=37113 33128 3985 16927 9673 8590 16201 7254 2923 2426 4331 1382 4170 8201 7693 6555 2607 1083 840 1924 378 1692 1044 1559 6001 389 8508 1646 104 1820 5763 1563 1912 1451 462 999 787 241 1277 765 4754 1122 528 617 238 347 299 146 266 443 334 1565 1513 437 161 405 257 208 6596 334 382 106
cat_boundaries=0 2 4 5 7 9 10 11 13 15 17 19 20 22 23 24 25 26
cat_threshold=23860386 53264 2721059394 70400 1614 9191424 115234 2147749888 86016 1548 525 2474811420 5121 2457985025 1048577 425918538 1453063 303583234 69632 1593 34079175 1043 2250 524 2689 2691
is_linear=0
shrinkage=0.05


Tree=12
num_leaves=63
num_cat=9
split_feature=15 20 15 14 7 21 17 21 7 21 17 21 20 20 21 21 19 20 17 20 21 2 2 17 17 20 9 18 21 7 2 21 20 6 11 7 22 7 22 2 7 22 20 11 2 17 22 16 11 9 11 2 7 2 16 2 20 19 17 17 7 2
split_gain=550.744 155.601 60.8014 50.4874 28.422 26.6195 26.2317 20.597 13.2808 12.6935 9.52114 8.21598 16.2286 13.6501 7.86374 7.72552 7.38199 5.99119 5.9812 5.9508 5.49052 5.19715 5.07665 4.80166 4.37794 4.3594 4.49994 4.26358 3.92031 3.72551 3.68946 3.5925 3.50177 3.47366 3.44977 3.35458 3.25652 3.37757 3.01192 2.79725 3.10241 2.66966 2.45858 2.21643 2.12725 5.16805 2.12328 2.11814 2.03642 1.98875 1.92528 1.89126 1.73974 1.71605 1.65003 1.64825 1.60115 1.57559 1.5487 1.45293 2.17985 1.41317
threshold=7.5000000000000009 97.500000000000014 10.500000000000002 2.5000000000000004 550.99500000000012 44.51315789473685 1.2333721479377482 76.348484848484858 726.9100000000002 78.174242424242451 1.2402422752990117 69.70714285714287 1.0000000180025095e-35 23.500000000000004 110.06250000000001 44.51315789473685 3572.6550000000007 13.500000000000002 1.2333721479377482 35.500000000000007 38.016666666666673 0 1 1.3712015419788861 1.8686466400402952 49.500000000000007 342.00500000000005 1.2167810168977449 30.84954751131222 550.99500000000012 2 59.029411764705891 154.50000000000003 1734.8500000000001 1152.6950000000004 461.80000000000007 20.288250163582561 425.72000000000003 1.4571067811865479 3 180.01500000000001 20.819539371481735 168.50000000000003 8301.1650000000027 4 0.52591091123455203 62.979890950568752 1.2995519202830994 5025.7450000000008 1008.3800000000002 1807.9800000000002 5 1.0000000180025095e-35 6 1.3333151273679607 7 155.50000000000003 1577.1700000000003 1.5619973957240696 0.8958494933451534 60.600000000000009 8
decision_type=2 2 2 2 2 2 2 2 2 2 2 2 2 2 2 2 2 2 2 2 2 1 1 2 2 2 2 2 2 2 1 2 2 2 2 2 2 2 2 1 2 2 2 2 1 2 2 2 2 2 2 1 2 1 2 1 2 2 2 2 2 1
left_child=1 3 8 4 7 19 9 10 15 21 31 12 22 33 24 39 -12 -14 27 28 41 42 -6 -7 57 26 -9 -4 54 32 -27 -1 -26 -13 46 -20 48 -38 47 40 52 -10 -3 -37 45 -11 -25 -21 -17 -42 51 -23 -2 -36 -5 -22 -47 61 -39 60 -46 -8
right_child=2 6 18 5 11 23 14 25 20 44 16 13 17 -15 -16 36 -18 -19 35 38 55 50 -24 34 29 30 -28 -29 -30 -31 -32 -33 -34 -35 53 43 37 58 -40 -41 49 -43 -44 -45 59 56 -48 -49 -50 -51 -52 -53 -54 -55 -56 -57 -58 -59 -60 -61 -62 -63
leaf_value=-0.56613655457882683 -0.60539760947951449 0.0074479641446156819 -1.0930735352032321 -0.87113505216117382 -0.13823676207894522 -0.85985472987406963 1.1809454329501763 -0.91763605199954112 -0.79315053367463939 -1.1972071272954483 -0.23389389834813556 1.9158473507759792 -1.4210473491461124 0.68647926886006339 2.4468916561002874 -0.0036292531064098911 -0.90444023983313038 -0.094022495068114872 -0.87772684027428649 -0.48475275494997688 0.15942944994041383 -0.17954013955346079 1.9568165715307941 -0.63375172826959281 -0.18662715393244123 -0.10210732116022569 0.038652437018602638 -0.74113094685912451 -0.70861229237860945 2.8543939345297824 0.51845998463232479 -0.37001619937302199 2.1603449105312187 -1.2840120330021749 0.25248761891275501 -0.4532664149896552 -0.56359145053185034 -0.38495506262058871 -0.70546003609566832 -0.70925578753365037 -0.23501997875395669 -0.1411595790034923 2.4303445680225249 -0.70449344704954364 1.2582501793001117 0.70275432345927136 0.38595159809315494 0.54042124095045452 -0.66466325722062969 -0.61714627148456414 -0.12305301472071833 -0.84664681460834501 -0.80998785563899789 -0.31796053425398241 -0.97691486712910036 -0.41327721332201089 0.064942668657464966 0.043282833277548075 0.18299975070377653 0.87790556914553552 0.15622586989438877 0.49375751214543728
leaf_weight=803 84 333 474 130 309 90 753 255 154 63 3165 64 139 2530 6373 122 138 2437 219 90 122 132 1353 87 250 513 988 640 251 2107 1412 637 713 258 221 142 367 160 188 579 112 38 234 84 650 829 31 40 21 274 694 233 89 628 170 272 290 268 32 1076 415 788
leaf_count=803 84 333 474 130 309 90 753 255 154 63 3165 64 139 2530 6373 122 138 2437 219 90 122 132 1353 87 250 513 988 640 251 2107 1412 637 713 258 221 142 367 160 188 579 112 38 234 84 650 829 31 40 21 274 694 233 89 628 170 272 290 268 32 1076 415 788
internal_value=0.000153909 0.00226827 -0.0173991 -0.00108166 -9.91402e-05 -0.00869622 0.00577095 -0.00216231 -0.0123816 0.0027186 -0.00424831 0.00219583 0.000784013 0.0042732 0.00710795 -0.0144872 -0.00274123 -0.0016867 -0.025136 -0.0151806 -0.00564516 -0.00087477 0.00463964 -0.00329009 0.00555868 0.000946074 -0.00133427 -0.0272829 -0.0184341 0.00672795 0.00244424 -0.00765766 0.00402433 -0.00530769 -0.00217784 -0.0195033 -0.0101064 -0.011855 -0.00926791 -0.0171122 -0.0130463 -0.0125641 0.00290948 -0.0143013 0.00449113 0.00261506 -0.010124 -0.00281955 -0.00282534 -0.010347 -0.00295009 -0.00594429 -0.0192472 -0.000982981 -0.0226073 -0.00207809 0.0034648 0.00353891 -0.00589744 0.00546077 0.00403792 0.00415317
internal_weight=37113 33128 3985 16927 15001 1926 16201 7911 2426 4949 4743 7090 4238 2852 11252 1840 3303 2576 1559 869 586 1626 1662 1057 4879 3168 1243 1114 551 3070 1925 1440 963 322 967 445 702 559 318 1138 559 192 567 226 3323 1182 118 130 143 386 1059 365 173 849 300 394 1119 1809 192 2141 1065 1541
internal_count=37113 33128 3985 16927 15001 1926 16201 7911 2426 4949 4743 7090 4238 2852 11252 1840 3303 2576 1559 869 586 1626 1662 1057 4879 3168 1243 1114 551 3070 1925 1440 963 322 967 445 702 559 318 1138 559 192 567 226 3323 1182 118 130 143 386 1059 365 173 849 300 394 1119 1809 192 2141 1065 1541
cat_boundaries=0 1 2 3 4 5 6 7 8 9
cat_threshold=548 1 145 3628 203 11 1544 2572 1686
is_linear=0
shrinkage=0.05


Tree=13
num_leaves=63
num_cat=16
split_feature=15 20 15 21 16 13 21 21 7 20 7 1 21 21 7 2 2 1 1 2 2 10 15 21 21 12 2 8 1 1 21 2 7 8 7 22 21 7 8 2 10 19 6 22 21 20 1 6 7 21 2 15 7 21 22 9 22 2 21 1 21 22
split_gain=509.025 147.374 55.2455 30.984 30.7401 24.1115 20.9682 18.9965 16.9832 14.5242 12.3715 10.5238 10.4865 9.15272 7.69569 7.22442 6.84533 6.49296 6.26189 6.1031 5.28782 5.27041 5.01179 4.62236 4.57986 4.34624 3.94892 4.17425 3.90565 3.85106 3.92416 3.80674 3.76098 3.72882 3.55791 3.51484 3.25027 3.19886 2.67287 4.31799 2.90745 2.6294 2.53181 2.41422 2.38387 2.35993 2.34896 2.26092 3.23154 2.25523 2.14056 2.09262 2.0719 2.87224 2.05968 2.04103 1.85436 1.84549 1.71727 1.59186 1.49202 1.54976
threshold=7.5000000000000009 82.500000000000014 10.500000000000002 125.29166666666667 1.0259625827648244 1.5000000000000002 50.511904761904766 59.029411764705891 550.99500000000012 186.50000000000003 384.06999999999999 0 77.038461538461561 35.763888888888893 432.53000000000003 1 2 3 4 5 6 2454.6850000000004 2.5000000000000004 15.127441244620988 79.292857142857159 1.5000000000000002 7 127.55000000000001 8 9 46.775000000000006 10 504.39000000000004 256.74500000000006 89.77000000000001 1.0000000180025095e-35 39.535885167464123 687.63000000000022 341.05000000000007 11 126.01000000000001 4313.3250000000007 1734.8500000000001 48.519755396300333 79.89444444444446 133.50000000000003 12 4496.4800000000005 726.9100000000002 36.242647058823536 13 5.5000000000000009 495.96500000000009 22.509259259259263 172.9011777451386 1562.2000000000003 18.816477594037995 14 38.016666666666673 15 210.41666666666671 133.65409289509725
decision_type=2 2 2 2 2 2 2 2 2 2 2 9 2 2 2 1 1 9 9 1 1 2 2 2 2 2 1 2 9 9 2 1 2 2 2 2 2 2 2 1 2 2 2 2 2 2 9 2 2 2 1 2 2 2 2 2 2 1 2 9 2 2
left_child=1 4 10 9 7 8 34 20 11 12 18 33 14 -12 19 52 -13 21 -2 -3 35 -10 -16 59 32 51 -9 -28 -14 -15 31 -31 -25 -6 -7 -1 -20 -30 39 40 -5 -19 -27 -32 -29 -41 -22 48 -17 -49 -48 -8 -4 -54 -42 -36 -38 -26 -37 -11 61 -40
right_child=2 3 15 38 5 6 25 26 17 23 13 16 28 29 22 47 -18 41 36 -21 46 -23 -24 24 57 42 27 44 37 30 43 -33 -34 -35 55 58 56 -39 60 45 54 -43 -44 -45 -46 -47 50 49 -50 -51 -52 -53 53 -55 -56 -57 -58 -59 -60 -61 -62 -63
leaf_value=-0.92183134737158035 -0.63608445884107079 0.14243429983250122 -0.74940831546231412 -2.1936141666995121 -0.6493315686083122 -0.51322843764834603 0.39586310741614528 -0.0049976352306657645 0.24914577964123874 2.1707649474177479 -0.81166005828741816 0.77609868854094555 -0.11577682637567968 -0.035651541071200742 1.2125384321387713 -0.74648575541722684 -0.12499349145311411 0.55554162646803906 -0.81151943654486058 -0.61891153354316319 -0.11087232713835658 -0.24490190039153426 0.01135392726897635 -0.84867114461645921 0.12920344433567924 0.77909519440181407 -1.194319785369881 -0.61993700239162797 0.40353098119434377 -0.12607021747696798 -0.19059055621864973 -0.56980422404811115 0.61302639594890929 -0.31555270821612108 -0.86858646915187276 -0.99980418612672528 -0.079403945430271433 0.93548385627929154 1.9175996690333805 0.72785853107534815 0.91824688200627591 -0.43606481063367541 -1.2219230045412719 -0.59718401939269583 0.1043840786949719 2.5572654074500556 -0.2170181479345967 -1.1272802273930882 -0.49027158770234025 -0.3732797161526149 -0.68688001177254854 -0.30168101238883804 -1.0444700104601574 -0.32507213774668919 -1.600844733319132 -0.92806912377264517 -0.5325680542908916 1.4639599484250971 -0.718260906897911 3.8616742378032933 3.9964238982663733 1.2170454793396825
leaf_weight=113 661 614 249 28 260 86 629 691 2405 715 229 296 431 204 1150 547 3614 2052 158 746 114 881 1541 141 174 73 171 96 2224 125 309 435 161 457 440 91 112 1487 3804 251 251 25 284 45 149 719 141 388 167 20 501 329 39 149 21 295 148 632 83 1417 2126 219
leaf_count=113 661 614 249 28 260 86 629 691 2405 715 229 296 431 204 1150 547 3614 2052 158 746 114 881 1541 141 174 73 171 96 2224 125 309 435 161 457 440 91 112 1487 3804 251 251 25 284 45 149 719 141 388 167 20 501 329 39 149 21 295 148 632 83 1417 2126 219
internal_value=0.000140438 0.00217319 -0.0167346 0.00507558 -0.00165628 -0.000674004 -0.00549322 -0.00716442 0.000352747 0.00343324 -0.0119494 -0.00186015 0.00230143 -0.00863889 0.000477923 -0.0241117 -0.00080933 0.00227124 -0.0160005 -0.00256787 -0.01201 0.00085632 0.00203693 0.00627505 0.00355536 -0.00152693 -0.00253378 -0.00629371 0.00407117 -0.00666815 -0.00800971 -0.010746 -0.00155738 -0.00738014 -0.0117567 -0.0182083 -0.00991879 0.00458848 0.00759735 0.00536135 0 0.00445574 -0.00621528 -0.00371148 -0.00196573 0.00694303 -0.00916775 -0.02663 -0.0244421 -0.0307786 -0.0104198 0.000182102 -0.0164167 -0.0117801 0.00163636 -0.0128896 -0.00627376 0.00553152 -0.0235876 0.00765808 0.0080482 0.00739878
internal_weight=37113 33128 3985 18852 14276 12126 2136 2150 9990 11433 2426 4627 8193 1347 4051 1559 3910 5363 1079 1360 1043 3286 2691 3240 1108 1315 1107 416 4142 1118 914 560 302 717 821 287 418 3711 7419 1270 300 2077 357 354 245 970 756 1122 714 408 642 958 437 188 272 735 260 806 174 2132 6149 4023
internal_count=37113 33128 3985 18852 14276 12126 2136 2150 9990 11433 2426 4627 8193 1347 4051 1559 3910 5363 1079 1360 1043 3286 2691 3240 1108 1315 1107 416 4142 1118 914 560 302 717 821 287 418 3711 7419 1270 300 2077 357 354 245 970 756 1122 714 408 642 958 437 188 272 735 260 806 174 2132 6149 4023
cat_boundaries=0 2 3 4 6 8 9 10 11 13 15 16 17 19 20 21 23
cat_threshold=14815240 4106 1548 512 1913652709 590762 2684358722 4608 1708 1424 3628 268570696 1190944 655406 278545 2564 1681 2155872309 128 516 65 31118341 87168
is_linear=0
shrinkage=0.05


Tree=14
num_leaves=63
num_cat=14
split_feature=15 20 15 14 17 21 7 21 7 21 20 20 21 1 21 20 21 1 18 0 1 1 1 17 20 17 0 19 1 21 3 7 7 20 21 17 1 17 21 17 1 1 21 22 16 22 17 21 16 8 17 21 17 21 1 10 1 7 22 8 16 20
split_gain=471.653 138.242 51.9236 43.2507 25.0409 23.1528 22.5467 14.3366 12.6054 12.1184 16.3435 11.2645 10.8492 8.23802 8.05798 7.717 6.72282 6.26015 5.70665 5.47185 5.45312 5.41421 5.25416 4.79703 4.77084 4.21957 4.17804 4.50189 3.67172 3.71619 3.52488 3.51316 3.87133 3.4901 6.34576 3.40814 3.26907 3.21428 3.00316 2.97442 2.82399 2.80353 2.77447 2.68139 2.58673 2.57353 2.5213 2.48977 2.44999 2.42853 2.25756 2.23006 2.17292 3.58091 1.92215 1.71895 1.71261 1.68583 1.65769 1.55585 1.54289 1.40483
threshold=7.5000000000000009 97.500000000000014 10.500000000000002 2.5000000000000004 1.2885771359515235 44.51315789473685 452.25000000000006 77.038461538461561 384.06999999999999 69.70714285714287 1.0000000180025095e-35 8.5000000000000018 78.174242424242451 0 35.763888888888893 47.500000000000007 142.07142857142858 1 1.044995713717721 2 3 4 5 0.90418370714450924 35.500000000000007 1.5322128557806927 6 1849.5850000000007 7 46.775000000000006 8 1.0000000180025095e-35 524.85000000000014 150.50000000000003 64.035714285714292 1.8461546955788284 9 1.2585155410019777 30.84954751131222 1.446673937028498 10 11 39.535885167464123 50.868457800820487 1.3333151273679607 48.519755396300333 1.3505921089871387 38.016666666666673 1.4334221746230897 514.30000000000007 1.1048000227672057 68.193750000000009 0.8958494933451534 129.53571428571431 12 730.76500000000021 13 302.46000000000009 18.816477594037995 170.66 1.0721667929357839 16.500000000000004
decision_type=2 2 2 2 2 2 2 2 2 2 2 2 2 9 2 2 2 9 2 1 9 9 9 2 2 2 1 2 9 2 1 2 2 2 2 2 9 2 2 2 9 9 2 2 2 2 2 2 2 2 2 2 2 2 9 2 9 2 2 2 2 2
left_child=1 3 8 6 12 24 7 13 17 10 19 39 21 23 -10 -12 26 60 37 -8 43 31 49 -1 38 -15 27 35 47 30 -30 -3 -33 34 -28 -6 -14 -4 44 -11 -35 -13 -19 -9 -5 -31 -24 -16 -26 51 59 -7 53 -38 -54 -23 -22 -48 -44 -20 -2 -51
right_child=2 4 18 5 16 22 9 20 14 11 15 41 36 25 28 -17 -18 42 50 -21 56 55 46 -25 48 -27 33 -29 29 45 -32 32 -34 40 -36 -37 52 -39 -40 -41 -42 -43 58 -45 -46 -47 57 -49 -50 61 -52 -53 54 -55 -56 -57 -58 -59 -60 -61 -62 -63
leaf_value=-0.53092673569102866 -0.65221475117502381 0.8212244218348641 -1.017074876104284 -0.79852608105548617 1.020058495423448 -0.66575477589979482 1.2626352013138156 -0.032641269777074822 -0.77107705537304738 0.54601511872912545 -0.58699114695686194 0.3684470706885753 -0.18684226299238632 -0.57257075207508379 -0.57786299676882824 -0.058603080671392506 2.7864835383600659 -0.72826849741583422 -0.45655865017422709 -0.77659374275292947 0.12993444549146213 0.69898358786180181 -0.98052315062755602 -0.14169823505003265 -0.50228226235011986 -0.53623251370505542 -1.2648583559566591 0.71267253090600846 -0.25927598755245312 -0.1883141950307845 -0.57633057700288182 -0.76253434077128224 -0.1017619206691311 -0.4754036399597073 0.78279706870460053 2.785222797488399 0.049860289507274308 -0.76848842432203668 -0.63190180166113152 -1.2023930875420366 1.7619985829423257 0.77690113415922957 -0.075433748158757835 -0.63520813938305776 -0.88166566758401288 -0.51256004373696307 -0.50959080278864299 0.11244809710085449 0.15587418267435194 -1.0359710917312268 -0.61101449360534488 -0.36006256761757882 0.9140949162995885 1.5953600270277726 0.73140443406902544 0.013165902546795749 0.49398767939875476 0.21206794900016357 -0.51655835825568264 -0.71990744909662918 -0.5761769422197861 -0.011311964051114655
leaf_weight=337 279 129 421 130 1659 139 1798 518 229 68 788 1547 273 709 45 2405 4644 146 25 197 1134 302 43 1911 271 795 257 734 236 320 305 388 267 131 305 2182 721 147 251 212 889 1595 112 369 170 47 102 165 47 67 442 104 1003 589 1104 624 618 452 144 524 398 150
leaf_count=337 279 129 421 130 1659 139 1798 518 229 68 788 1547 273 709 45 2405 4644 146 25 197 1134 302 43 1911 271 795 257 734 236 320 305 388 267 131 305 2182 721 147 251 212 889 1595 112 369 170 47 102 165 47 67 442 104 1003 589 1104 624 618 452 144 524 398 150
internal_value=0.000148521 0.00210528 -0.0160952 -0.00105213 0.00540684 -0.00810005 -0.000142462 -0.00239482 -0.0114553 0.00152386 0 0.00383212 0.00260966 -0.00438083 -0.00812037 -0.00221762 0.00679956 -0.0155384 -0.0232474 0.0035473 0.00041162 -0.000656743 -0.00305425 -0.00238832 -0.0141485 -0.00725115 0.00568385 0.00646298 -0.00626673 -0.00760043 -0.0103631 -0.00370138 -0.00526216 0.00339117 0.000132743 0.00715726 0.0041362 -0.0276708 -0.0170803 -0.00565371 0.00513196 0.00469793 -0.00933735 -0.00273611 -0.0207921 -0.0035473 2.04918e-05 0 -0.00880062 -0.00697674 -0.020586 -0.0106199 0.00455175 0.0028751 0.00558649 0.00189031 0.00203966 0.00103232 -0.00598456 -0.0231658 -0.0186775 -0.00289773
internal_weight=37113 33128 3985 16927 16201 1926 15001 6391 2426 8610 5188 3422 5400 3752 1347 3193 10801 1079 1559 1995 2639 1710 1057 2248 869 1504 6157 4575 1118 908 541 784 655 1582 562 3841 3690 568 551 280 1020 3142 402 887 300 367 597 210 318 460 991 243 3417 1310 2107 926 1752 554 256 549 677 217
internal_count=37113 33128 3985 16927 16201 1926 15001 6391 2426 8610 5188 3422 5400 3752 1347 3193 10801 1079 1559 1995 2639 1710 1057 2248 869 1504 6157 4575 1118 908 541 784 655 1582 562 3841 3690 568 551 280 1020 3142 402 887 300 367 597 210 318 460 991 243 3417 1310 2107 926 1752 554 256 549 677 217
cat_boundaries=0 2 4 5 7 9 11 12 14 15 17 19 21 23 25
cat_threshold=3053838429 1066658 2717913154 4608 1 287576704 356355 604393496 300546 540545024 282640 1 655395 278545 12 2228288 1189893 2646020 4608 3053560941 591016 2685190929 66690 545932335 34304
is_linear=0
shrinkage=0.05


Tree=15
num_leaves=63
num_cat=15
split_feature=15 14 21 15 21 7 14 7 7 8 2 12 15 0 6 2 7 2 21 21 2 2 21 21 7 11 2 7 2 2 21 0 2 6 6 10 0 7 21 2 7 21 21 7 7 22 21 22 11 9 12 8 7 7 2 22 11 8 9 21 16 2
split_gain=439.711 106.55 57.6763 44.7857 31.3575 19.624 18.8529 15.6223 11.7924 11.395 9.32756 9.27083 8.42118 8.2032 8.84483 7.72557 7.38048 7.35568 7.28113 7.12361 6.12824 5.02445 10.1534 4.70845 4.45608 5.07974 4.38273 4.32781 4.2174 4.16024 3.74215 3.64583 5.31994 3.867 3.5821 3.5513 3.50123 3.39216 3.23999 3.49268 2.80524 3.81552 2.29857 3.85297 2.22712 2.20132 2.19005 2.12434 2.08109 2.34082 1.9878 1.71942 1.67456 1.66789 2.04492 1.61222 1.60927 1.55529 1.42408 1.57454 1.42181 1.41241
threshold=7.5000000000000009 1.5000000000000002 56.023809523809533 10.500000000000002 110.06250000000001 363.51500000000004 2.5000000000000004 -1.0000000180025095e-35 726.9100000000002 310.62500000000006 0 1.5000000000000002 4.5000000000000009 1 3372.3600000000001 2 -1.0000000180025095e-35 3 44.51315789473685 73.25833333333334 4 5 58.027777777777786 38.016666666666673 661.36500000000012 2274.4299999999998 6 360.12500000000006 7 8 112.05555555555557 9 10 4496.4800000000005 7388.420000000001 561.23000000000013 11 360.31500000000005 21.357142857142858 12 726.9100000000002 33.947619047619057 22.509259259259263 495.96500000000009 173.06000000000003 20.288250163582561 208.41666666666671 20.819539371481735 3133.9450000000006 1102.2650000000003 1.5000000000000002 443.06000000000006 793.08500000000015 170.31500000000003 13 7.0828333482315324 6224.1100000000015 1206.9500000000003 557.24000000000012 60.026315789473692 0.31578313878559933 14
decision_type=2 2 2 2 2 2 2 2 2 2 1 2 2 1 2 1 2 1 2 2 1 1 2 2 2 2 1 2 1 1 2 1 1 2 2 2 1 2 2 1 2 2 2 2 2 2 2 2 2 2 2 2 2 2 1 2 2 2 2 2 2 1
left_child=1 4 6 8 5 12 10 -6 18 30 38 17 16 14 26 27 55 51 29 -19 42 22 -15 47 25 46 -7 -8 -18 44 53 33 -33 -17 -16 -20 52 -12 50 -40 -22 -42 -5 -44 -2 -37 -9 56 -26 -50 -3 -11 -13 -4 -55 -1 -10 -47 59 -14 -32 -27
right_child=3 2 9 20 7 13 15 24 23 11 37 36 58 21 34 31 28 19 35 -21 40 -23 -24 -25 48 61 -28 -29 -30 -31 60 32 -34 -35 -36 45 -38 -39 39 -41 41 -43 43 -45 -46 57 -48 -49 49 -51 -52 -53 -54 54 -56 -57 -58 -59 -60 -61 -62 -63
leaf_value=-1.2659259111034642 -0.80404336211055194 0.048078837337922134 -0.52437603097662111 -1.0446342369350237 -1.5926388869723962 1.9280796884844424 -0.60418949002715494 0.99306262633750997 -0.53725708881933432 0.28573198035411579 -0.71023956577404557 -0.36897843627177596 -0.59729436679762249 -1.7334955066585023 0.36871750976998485 -0.50565077517614943 0.86004286099106408 -0.096820882888880355 -0.57622944157082512 0.35525721359768625 -0.86336393226692432 0.32963817813886087 0.56496278112484777 -0.1559329189507066 2.5977749400732275 -0.77277281524711139 1.0403652588105099 -0.023684334190570235 -0.024929910434065585 -0.58510060439819855 -1.8939041310856881 -1.1469768645570821 -0.52408679665869828 -0.679819092212118 -0.74991553768119135 -0.21056529327579412 0.9098639094487887 -0.42988118244268164 -0.059228177227825009 -0.45815802954891327 -0.53436840497034532 -0.10545562135596161 -0.58153057587355783 -0.27282315840452326 -0.20384675663691842 -0.43370187550948991 2.7167003039949402 -0.060832669945790931 0.19934934011143321 1.6601157312081414 -1.1269545078113201 0.78053904329180179 -1.2051417955642523 0.42852364120096609 -0.31271416679360309 -0.10368744652801905 -0.69777621170138593 0.65097071529083816 -0.09542215718469356 -0.39820099731439423 0.37637281976970238 0.63863502735903743
leaf_weight=87 26 940 434 98 95 843 116 3174 47 274 452 90 245 238 2670 301 598 1575 52 2636 871 1686 212 394 3109 104 3698 215 1887 970 39 107 314 169 57 143 67 932 375 382 216 35 190 149 142 487 1443 38 183 789 43 933 174 108 420 26 107 20 96 275 321 196
leaf_count=87 26 940 434 98 95 843 116 3174 47 274 452 90 245 238 2670 301 598 1575 52 2636 871 1686 212 394 3109 104 3698 215 1887 970 39 107 314 169 57 143 67 932 375 382 216 35 190 149 142 487 1443 38 183 789 43 933 174 108 420 26 107 20 96 275 321 196
internal_value=0.000140438 0.00202982 -0.00187719 -0.0155435 0.00408665 0.00246613 -0.00640952 0.00632833 -0.0112289 0.000902954 -0.00431724 0.00187109 -0.00089369 0.00361964 0.00442168 -0.0116939 0.000336409 0.00237502 -0.0132122 0.00135831 -0.0221911 0.00086489 -0.0037257 -0.00488115 0.00654649 0.00549035 0.0057796 -0.0043968 0.000929461 -0.0157537 -0.00326415 -0.0141178 -0.017895 -0.0108351 0.00213828 -0.00897163 -0.00617515 -0.00737294 -0.00179692 -0.00425987 -0.0245154 -0.01875 -0.0150833 -0.012902 -0.00635359 -0.00777182 0.00590097 -0.0112821 0.00780179 0.00558974 3.80325e-05 0.00580943 -0.0088015 -0.00489637 -0.00282486 -0.0119612 -0.0138535 -0.00933824 -0.00613893 -0.00717017 0.000964187 -0.000660066
internal_weight=37113 33128 11417 3985 21711 12618 4346 9093 2426 7071 3124 5749 3214 9404 7268 1222 2598 5418 1840 4211 1559 2136 450 586 8998 4917 4541 331 2485 1138 1322 891 421 470 2727 702 331 1384 1740 757 1122 251 437 339 168 650 4617 192 4081 972 983 1207 264 962 528 113 154 507 616 520 360 300
internal_count=37113 33128 11417 3985 21711 12618 4346 9093 2426 7071 3124 5749 3214 9404 7268 1222 2598 5418 1840 4211 1559 2136 450 586 8998 4917 4541 331 2485 1138 1322 891 421 470 2727 702 331 1384 1740 757 1122 251 437 339 168 650 4617 192 4081 972 983 1207 264 962 528 113 154 507 616 520 360 300
cat_boundaries=0 1 2 3 4 5 6 7 8 9 10 11 12 13 14 15
cat_threshold=748 1 2573 1540 1548 257 1792 1548 520 1 256 1 524 520 89
is_linear=0
shrinkage=0.05


Tree=16
num_leaves=63
num_cat=25
split_feature=15 14 21 21 17 1 14 21 17 21 5 2 2 19 1 0 1 1 1 2 1 5 2 21 2 17 22 2 9 1 1 19 5 5 1 15 15 23 0 17 1 2 0 0 2 22 15 5 9 1 10 22 19 2 1 18 17 5 22 5 18 18
split_gain=401.538 98.894 51.3001 36.7897 33.068 17.9307 17.8798 16.1038 12.4401 12.2012 9.69501 8.52729 8.29441 7.45062 7.1729 6.90033 6.72942 6.10119 5.99053 5.59043 5.32363 5.21779 5.15141 4.65873 4.24151 4.16243 4.00396 3.80605 7.10843 3.72584 3.65926 4.26551 3.61307 3.59768 3.36931 3.2951 3.18505 3.18346 3.05958 3.05243 3.4405 3.0476 2.81983 2.81853 2.74708 2.61896 2.59813 2.54489 2.49356 3.23795 2.43553 2.40174 2.18021 2.12685 2.07112 2.04779 1.97614 1.88918 1.69299 1.67749 1.63993 1.88421
threshold=7.5000000000000009 1.5000000000000002 56.023809523809533 35.763888888888893 1.0024686650050745 0 2.5000000000000004 110.06250000000001 1.3366910195307835 78.174242424242451 171.50000000000003 1 2 2593.7000000000007 3 4 5 6 7 8 9 301.50000000000006 10 46.775000000000006 11 1.9019221855909783 48.083854513394378 12 342.00500000000005 13 14 3890.3700000000003 33.500000000000007 319.50000000000006 15 1.5000000000000002 9.5000000000000018 7.5000000000000009 16 1.3628709906078298 17 18 19 20 21 9.8706905179914326 8.5000000000000018 73.500000000000014 1008.3800000000002 22 1.0000000180025095e-35 81.286940183696515 1577.1700000000003 23 24 2.1855134359110804 1.4541377926917811 296.50000000000006 12.293013514647027 186.50000000000003 1.1189628423266174 0.5938276185040029
decision_type=2 2 2 2 2 9 2 2 2 2 2 1 1 2 9 1 9 9 9 1 9 2 1 2 1 2 2 1 2 9 9 2 2 2 9 2 2 2 1 2 9 1 1 1 1 2 2 2 2 9 2 2 2 1 9 2 2 2 2 2 2 2
left_child=1 4 6 11 9 21 12 10 29 20 13 60 30 15 37 -6 23 58 48 -16 22 -5 50 24 -7 52 36 28 45 55 31 -3 -15 -26 -14 -29 -25 -8 -21 40 -9 51 -36 -27 -42 -11 -18 -32 49 -10 -1 -20 -12 -50 -37 57 -23 -4 -13 -48 61 -2
right_child=3 2 8 5 7 16 14 39 18 27 25 17 34 32 19 -17 46 -19 41 38 -22 56 -24 26 33 43 -28 35 -30 -31 47 -33 -34 -35 42 54 -38 -39 -40 -41 44 -43 -44 -45 -46 -47 59 -49 53 -51 -52 -53 -54 -55 -56 -57 -58 -59 -60 -61 -62 -63
leaf_value=2.0612410854184602 -1.0002402598527049 0.10783370481318749 -0.48823130762312666 -0.5001281296727037 0.91661414650417117 -0.041825655428323574 -0.79005689460130069 1.2189987576381016 -0.55562488354120565 -1.7857545737357154 0.63309339414448818 -0.51977326520399292 -0.063686737124161577 -0.91897849702069778 -0.077986471435536941 -0.17199280026880148 -0.031360136827519904 -0.81813737074196613 0.20417110492315144 -0.51452666642235678 0.02368579038299945 -0.52522894436380096 -0.6253036178419491 -0.11644680511397745 -0.59149067543161782 2.6503530534438156 -0.52001172246073823 3.5906378108378476 0.3658382032399729 -0.076064374405423518 -0.56672232255755017 -1.0632126634946855 -0.10350028843038786 -0.21063642772209645 -0.39663557961398443 0.12970944058391298 -0.63391235709025806 -0.16568539717104597 -0.66655124365010487 2.289123243928902 0.92789186988279537 0.76737385673215541 -0.83657592808758552 1.0580155741613726 -0.0022818469626903594 -0.46093092346274001 -0.37562886244335181 -0.21904773792335394 -0.00043004295385387083 0.03734422413063037 -0.31093867305401945 -0.67697775040783925 -0.12393425070058167 0.30785525621872695 0.67817171782204688 0.032238264273724136 1.0476266492730588 -0.044548704676260445 -0.6301436214901508 -0.088682144787983752 -0.29913479698775819 -0.62949576577083055
leaf_weight=128 20 741 449 455 3408 109 336 1138 309 70 1584 150 212 148 245 1089 334 1095 1103 327 804 69 719 277 514 1849 61 314 618 766 99 24 339 100 701 592 32 46 268 5590 500 1233 471 601 488 245 175 876 893 1148 453 156 244 835 790 86 21 93 225 102 174 72
leaf_count=128 20 741 449 455 3408 109 336 1138 309 70 1584 150 212 148 245 1089 334 1095 1103 327 804 69 719 277 514 1849 61 314 618 766 99 24 339 100 701 592 32 46 268 5590 500 1233 471 601 488 245 175 876 893 1148 453 156 244 835 790 86 21 93 225 102 174 72
internal_value=0.000133702 0.00193927 -0.00182465 -0.0148539 0.00392086 -0.0105628 -0.0060991 0.00495112 0.000796932 0.000213788 0.00353211 -0.0203565 -0.0040614 0.00201524 -0.0112449 0.00265833 -0.00780431 -0.0219319 0.00184199 -0.00814771 -0.00261035 -0.018526 -0.00456969 -0.0102057 -0.0126894 0.00528498 -0.00542895 0.00249335 -3.96406e-05 -0.00341804 -0.00168283 0.000851542 -0.00380102 -0.0142344 -0.00694345 0.00389116 -0.00284455 -0.0171519 -0.0107936 0.00664594 0.00494364 0.00367265 -0.00801688 0.00665512 0.0025974 -0.00617138 -0.00330529 -0.00370698 0.000379143 -0.00112158 -0.000904882 0.00183766 0.00341344 0.00167533 0.00279783 -0.00624025 -0.00672043 -0.00747706 -0.0143363 -0.00691964 -0.0101254 -0.0163158
internal_weight=37113 33128 11417 3985 21711 2249 4346 16978 7071 4733 9262 1736 3124 4984 1222 4497 1704 1470 5677 840 2104 545 1300 1093 723 4278 370 2629 933 1394 1740 765 487 614 1384 1696 309 382 595 7716 2126 2492 1172 2450 988 315 611 975 3185 1457 581 1259 1828 1728 1382 628 90 542 375 277 266 92
internal_count=37113 33128 11417 3985 21711 2249 4346 16978 7071 4733 9262 1736 3124 4984 1222 4497 1704 1470 5677 840 2104 545 1300 1093 723 4278 370 2629 933 1394 1740 765 487 614 1384 1696 309 382 595 7716 2126 2492 1172 2450 988 315 611 975 3185 1457 581 1259 1828 1728 1382 628 90 542 375 277 266 92
cat_boundaries=0 2 3 4 6 7 9 11 13 14 16 17 18 19 21 23 25 26 28 29 30 31 32 34 35 37
cat_threshold=3149888 69632 520 748 52465698 282768 1 2684356226 770 2184708384 16529 874755692 865066 3589 610669958 348722 1588 3584 729 536875032 70144 2267043232 311939 277086492 16 1 2752815631 328354 2259 1 1 798 2232320 69634 315 580947983 81953
is_linear=0
shrinkage=0.05


Tree=17
num_leaves=63
num_cat=21
split_feature=14 14 21 17 17 21 17 21 21 21 2 19 0 12 17 1 2 12 1 21 5 1 1 17 8 2 1 8 1 1 2 21 23 1 1 21 22 8 5 21 21 2 17 4 8 11 1 5 2 23 8 11 0 19 2 21 21 5 8 1 5 5
split_gain=335.915 83.8254 52.27 45.1938 35.3594 21.7491 19.4165 16.2387 13.5696 12.483 10.5349 10.4176 8.70251 8.06152 8.04566 7.62857 7.38838 6.92551 6.51135 6.48691 6.31492 5.97178 5.77454 5.72873 5.30103 4.96355 4.84943 4.30037 4.97042 3.48343 3.43254 3.25755 3.18391 3.17478 3.06143 3.0349 3.33146 2.84503 2.83297 2.81691 2.62646 2.51082 4.44702 2.46113 2.38329 2.3172 2.23114 2.22332 2.20724 2.1753 2.01483 3.46762 1.97427 1.92757 1.90831 1.86029 1.84268 1.83727 1.69642 1.90858 1.69459 1.68749
threshold=2.5000000000000004 1.5000000000000002 44.51315789473685 1.144057780363535 1.0024686650050745 64.607692307692318 1.0434785760653262 142.07142857142858 78.174242424242451 39.017857142857146 0 1577.1700000000003 1 1.5000000000000002 1.3712015419788861 2 3 1.0000000180025095e-35 4 77.038461538461561 31.500000000000004 5 6 1.4858690245868402 551.1350000000001 7 8 278.72500000000008 9 10 11 49.020833333333336 2.5000000000000004 12 13 32.844129554655879 1.4571067811865479 182.12000000000003 199.50000000000003 21.357142857142858 28.013157894736846 14 0.68326800191191206 15 514.30000000000007 3324.6800000000003 16 315.50000000000006 17 3.5000000000000004 628.36500000000012 1872.4900000000002 18 3572.6550000000007 19 25.015151515151519 56.023809523809533 257.50000000000006 690.69500000000005 20 98.500000000000014 122.50000000000001
decision_type=2 2 2 2 2 2 2 2 2 2 1 2 1 2 2 9 1 2 9 2 2 9 9 2 2 1 9 2 9 9 1 2 2 9 9 2 2 2 2 2 2 1 2 9 2 2 9 2 1 2 2 2 1 2 1 2 2 2 2 9 2 2
left_child=1 4 6 9 8 16 -2 11 22 -3 29 12 23 21 -4 31 46 -9 32 -14 53 24 25 -6 -7 49 44 39 -29 55 -23 47 60 -22 45 36 -20 -33 -31 -18 -34 43 -43 -36 57 -10 -5 -11 -48 -1 51 -19 61 -13 -37 -8 -28 -16 59 -17 -12 -15
right_child=2 3 14 5 7 13 10 17 34 15 18 20 19 52 26 58 27 50 35 -21 33 30 -24 -25 -26 -27 56 28 -30 38 -32 37 40 -35 41 54 -38 -39 -40 -41 -42 42 -44 -45 -46 -47 48 -49 -50 -51 -52 -53 -54 -55 -56 -57 -58 -59 -60 -61 -62 -63
leaf_value=0.71851681941637013 -0.78008455339571892 -0.54752554645594886 -0.52995909590702561 0.32463245478209563 0.5296503250872171 -0.14772134081095276 -0.94372240165452759 -1.1763758250157526 -0.65767805674035784 -0.51897168670937688 -0.6058921564775358 -0.43207751245209747 -0.021486615097165897 -0.94565635639423129 -0.5244548743598284 0.075821186460785839 -0.46402625469522257 1.6352898526547204 -0.48578303730190131 0.87396888879687973 0.022802641756969246 0.15519401146238643 0.009310932967111718 1.959214108164774 0.4152443889194839 -0.56014900833719139 -0.25599643841750003 -0.42934468039394463 -0.051401518562437867 -0.72902319983274633 0.67235636066698334 -0.46281552679347587 -0.83009034352015554 0.94137438040913379 -0.068320678215045394 -0.1069787237893543 -0.74249377569071351 -0.36926821823402567 -0.17390904171832677 -0.56591147654433571 -0.47377260172408459 -0.60175599032167282 0.36325415492233903 0.86056289674955555 -0.25447026723217869 0.86765587450049431 0.47514484990777445 -0.060714587741861517 -0.20000391528455924 -0.34949582884966301 2.8735824131853209 -0.32751795761967256 1.1642423783314222 -1.0295352328616798 -0.49948689458814965 0.1702895247443042 0.23302967477285652 -0.065044860891656606 0.108425305955668 -0.35871864674133108 -0.30358678969942376 -1.0798476364003993
leaf_weight=235 642 377 316 496 2344 1097 34 162 202 216 108 288 1501 81 216 116 141 2227 80 1201 1230 1026 879 3812 998 769 281 1573 875 114 1508 133 315 1092 160 124 341 384 147 195 740 272 808 1146 284 41 160 23 434 351 3014 50 41 60 262 131 376 65 199 429 100 91
leaf_count=235 642 377 316 496 2344 1097 34 162 202 216 108 288 1501 81 216 116 141 2227 80 1201 1230 1026 879 3812 998 769 281 1573 875 114 1508 133 315 1092 160 124 341 384 147 195 740 272 808 1146 284 41 160 23 434 351 3014 50 41 60 262 131 376 65 199 429 100 91
internal_value=0.000126967 0.00193473 -0.0123958 -0.00171173 0.00370531 -0.000189242 -0.0161016 0.00478171 -4.36704e-05 -0.00874335 -0.0140256 0.0037074 0.00453391 0.00203818 -0.00478585 -0.00662009 -0.00298556 0.00704041 -0.0155185 0.00213494 0.000944632 0.00248543 -0.00291685 0.0055772 0.000468454 -0.00494335 -0.00287755 -0.00434394 -0.00359037 -0.00609339 0.00411268 -0.010143 -0.0180741 0.00190323 0.00237937 -0.0112348 -0.0144752 -0.00776442 -0.00962591 -0.00973451 -0.0194353 0.0029283 0.00105215 0.00441622 -0.00620675 -0.0027832 0.000475975 -0.0153409 -0.00152389 -0.00129382 0.00735502 0.0061239 -0.00734954 -0.00527066 -0.00777635 0 1.86567e-05 -0.00963908 -0.00277411 -0.00426551 -0.0116114 -0.00971429
internal_weight=37113 32437 4676 10593 21844 8716 3138 16981 4863 1877 2496 11528 8858 4842 1538 1500 3874 5453 2070 2702 2670 4629 2234 6156 2095 1355 1222 2784 2448 426 2534 756 1263 2322 2629 807 421 517 261 336 1055 2386 1080 1306 565 243 1090 239 594 586 5291 2277 213 348 386 165 657 281 744 545 208 172
internal_count=37113 32437 4676 10593 21844 8716 3138 16981 4863 1877 2496 11528 8858 4842 1538 1500 3874 5453 2070 2702 2670 4629 2234 6156 2095 1355 1222 2784 2448 426 2534 756 1263 2322 2629 807 421 517 261 336 1055 2386 1080 1306 565 243 1090 239 594 586 5291 2277 213 348 386 165 657 281 744 545 208 172
cat_boundaries=0 1 2 4 5 7 9 11 12 14 16 18 19 21 23 24 25 27 28 29 30 32
cat_threshold=520 1 3444890 103056 652 572559435 283392 872625260 864290 606475654 348690 1588 540546052 282624 542770161 66465 536871042 528 2099 823170802 13825 270570050 133124 2340 1 2198110377 37505 512 1 1122 2155872261 1
is_linear=0
shrinkage=0.05


Tree=18
num_leaves=63
num_cat=4
split_feature=15 14 21 15 17 21 14 21 17 12 7 7 3 7 7 21 7 17 13 21 21 7 0 21 6 16 17 17 7 7 3 16 15 7 7 15 17 3 16 21 17 10 22 15 22 21 17 6 11 7 22 6 23 17 16 22 21 17 7 11 7 10
split_gain=327.469 86.8643 43.802 29.4805 28.4678 16.0317 15.5197 13.2407 10.0847 9.9642 9.39916 7.6008 7.37341 7.26299 6.60719 6.09144 5.86322 5.81439 6.90218 6.45968 5.60546 5.57178 5.56387 5.10225 4.66309 4.08617 3.79964 3.78896 3.64595 3.49123 3.45865 3.37841 3.2707 2.96225 2.90902 3.14783 3.83591 2.86702 2.83992 2.81903 2.80865 2.8043 2.77785 2.74364 3.9446 2.62941 2.96072 2.53187 2.42572 2.37641 2.3381 2.27506 2.12597 2.1142 2.8948 2.63681 2.53862 1.95827 1.93849 1.88187 2.08987 1.74829
threshold=7.5000000000000009 1.5000000000000002 56.023809523809533 9.5000000000000018 1.2333721479377482 78.174242424242451 2.5000000000000004 110.06250000000001 1.3366910195307835 1.5000000000000002 352.15000000000003 425.72000000000003 0 -1.0000000180025095e-35 -1.0000000180025095e-35 30.84954751131222 726.9100000000002 2.7202298097481399 1.5000000000000002 43.978260869565226 39.017857142857146 550.99500000000012 1 33.947619047619057 5620.6000000000013 1.9999873053070043 1.0180951402644289 1.0180951402644289 172.32500000000002 1255.4050000000002 2 1.0182646512866858 13.500000000000002 661.34500000000014 -1.0000000180025095e-35 1.5000000000000002 0.61536805492666291 3 1.0000443128576941 208.41666666666671 0.93985599767854022 711.05500000000018 162.76757482510055 4.5000000000000009 13.047431568048209 160.53571428571431 0.8958494933451534 1734.8500000000001 275.56500000000005 -182.96499999999997 28.530737248820177 2501.0100000000007 21.500000000000004 1.7286926697355598 1.1999856968626057 13.28045978364516 46.775000000000006 1.2585155410019777 -462.12499999999994 7922.5900000000011 726.9100000000002 685.58000000000004
decision_type=2 2 2 2 2 2 2 2 2 2 2 2 1 2 2 2 2 2 2 2 2 2 1 2 2 2 2 2 2 2 1 2 2 2 2 2 2 1 2 2 2 2 2 2 2 2 2 2 2 2 2 2 2 2 2 2 2 2 2 2 2 2
left_child=1 4 6 10 5 34 17 12 25 16 61 32 21 58 -9 43 38 19 31 29 52 51 33 27 -23 26 -4 -13 -17 -3 -30 -19 57 -14 -1 48 -37 -24 -10 42 -25 -21 -16 -8 -45 46 -15 -11 -36 -20 -28 -6 -12 54 55 -22 -56 -5 -7 60 -29 -2
right_child=3 2 8 11 7 13 15 14 9 47 20 23 22 45 39 28 -18 18 49 41 53 24 37 40 -26 -27 50 59 30 -31 -32 -33 -34 -35 35 36 -38 -39 -40 -41 -42 -43 -44 44 -46 -47 -48 -49 -50 -51 -52 -53 -54 -55 56 -57 -58 -59 -60 -61 -62 -63
leaf_value=-1.4348422679152908 -0.47725104842262367 -0.64889883749914501 -0.50381614491753235 -0.55829449528876463 -0.11199617536997888 -0.051131237330212902 -0.47202086005112814 -1.5257248727655472 -0.31538909279049121 0.63048311724011263 -0.62783206752040821 -0.64698317939798933 0.88014424244100598 0.088355085646747614 1.3731026261813852 -0.57951322511641257 0.60416410211667382 -0.48091125418451741 2.1780692987951689 -0.55476734285365659 0.13919835985679035 0.79481233861999989 1.1015814068273275 0.023522811807004374 -0.95605511163382784 0.043216257031650863 -0.02143399404120272 -0.57586687997859931 0.0098501406122228023 0.26789098491869118 -0.52091744154318675 0.091308548198235334 -0.89698317939798933 1.9309234746322084 -0.55889677206297894 -0.4928210048629712 -0.12408144360335918 0.048168321975690279 0.18655377359110528 3.2531890633866052 -0.35678908742624416 -0.2240701140317489 -0.60525505866870288 -0.7522735730709339 -0.6912410194084313 1.5505661930583317 0.47897327332610229 -1.0177973848417408 3.8559124651861669 -0.84573187318262633 -0.42451010106188419 -0.73802751530867716 -0.26758413712060575 0.22780967225302826 -0.32967639915977148 -0.4657435487985499 0.012696262529037839 -0.38814087611191223 -1.5056102970518563 -0.48838604562968824 -0.082053244409077228 -0.51168957618019373
leaf_weight=52 128 362 192 579 692 29 262 37 534 61 283 233 1732 1345 4388 108 1579 186 21 57 24 1588 413 53 51 440 382 134 173 29 477 1041 336 2409 99 607 1695 941 3275 2369 294 1082 114 139 63 783 2004 228 141 346 380 172 46 63 343 175 307 225 50 227 67 468
leaf_count=52 128 362 192 579 692 29 262 37 534 61 283 233 1732 1345 4388 108 1579 186 21 57 24 1588 413 53 51 440 382 134 173 29 477 1041 336 2409 99 607 1695 941 3275 2369 294 1082 114 139 63 783 2004 228 141 346 380 172 46 63 343 175 307 225 50 227 67 468
internal_value=0.000172769 0.00180345 -0.00172395 -0.013362 0.00366066 0.000971284 -0.00567372 0.00488463 0.000697979 0.00163952 -0.00863451 -0.017364 0.00348394 0.00288028 0.00649689 -0.0104694 0.00213318 -0.00377358 -0.0016124 -0.005985 -0.00605908 0.0011874 0.00450935 -0.0139466 0.00291565 -0.00309592 -0.0049373 -0.0166227 -0.007523 -0.0115799 -0.00593415 0.000152439 -0.0202975 0.00543255 -0.0021082 -0.00183694 -0.00241866 0.00167649 0.0010526 0.00661733 -0.00860714 -0.00399518 0.00583241 -0.0150964 -0.019878 0.00318017 0.00253953 -0.00732021 0.00349794 -0.00760135 -0.00323529 -0.00201845 -0.0117093 -0.00393443 -0.00462148 -0.00996287 -0.00287136 -0.0181537 -0.0117378 -0.0133411 -0.00900735 -0.0138564
internal_weight=37113 33128 11417 3985 21711 6805 4346 14906 7071 5677 1837 2148 7998 4211 6908 1222 5388 3124 1594 1530 1241 2503 5495 1008 1639 1394 954 661 758 391 650 1227 1140 4141 2594 2542 2302 1354 3809 6871 347 1139 4502 464 202 4132 3349 289 240 367 762 864 329 912 849 199 650 804 79 428 201 596
internal_count=37113 33128 11417 3985 21711 6805 4346 14906 7071 5677 1837 2148 7998 4211 6908 1222 5388 3124 1594 1530 1241 2503 5495 1008 1639 1394 954 661 758 391 650 1227 1140 4141 2594 2542 2302 1354 3809 6871 347 1139 4502 464 202 4132 3349 289 240 367 762 864 329 912 849 199 650 804 79 428 201 596
cat_boundaries=0 1 2 3 4
cat_threshold=1 1 4 8
is_linear=0
shrinkage=0.05


Tree=19
num_leaves=63
num_cat=24
split_feature=15 14 21 21 17 1 21 14 18 17 2 1 21 2 2 5 1 2 1 1 19 1 19 1 6 2 9 2 1 1 1 6 5 1 16 18 1 17 17 2 9 13 1 16 16 2 1 16 21 6 5 19 6 5 16 17 21 16 5 1 1 21
split_gain=291.985 78.5607 38.8824 29.1315 26.7027 16.2132 15.0345 14.0128 13.3033 9.76638 8.77669 8.62591 7.49697 7.25631 7.06477 6.01859 5.62794 5.51683 6.37839 5.25819 6.56725 5.14432 4.50271 4.43375 4.37445 4.68314 4.33518 3.74731 3.59856 3.48995 3.48874 4.89604 3.48085 3.40353 3.27863 3.01183 2.94118 2.90241 2.83948 2.81748 2.80267 2.83546 2.79096 2.64408 2.32611 2.31896 3.25446 2.30205 2.22467 2.19566 2.16828 2.0932 2.08417 2.05758 1.9896 1.93928 1.92242 1.87501 1.85923 1.80411 1.77902 1.77709
threshold=7.5000000000000009 1.5000000000000002 56.023809523809533 35.763888888888893 1.2996815599229943 0 77.720779220779235 2.5000000000000004 0.29792055225158653 1.4934129165957402 1 2 174.16666666666671 3 4 50.500000000000007 5 6 7 8 2446.2350000000001 9 398.32499999999987 10 1734.8500000000001 11 2546.4750000000008 12 13 14 15 4168.3500000000013 249.50000000000003 16 1.4068325669017965 2.7459350121972697 17 1.3299972614509821 1.0024686650050745 18 463.02000000000015 1.5000000000000002 19 2.0066065223840797 1.5073627907034217 20 21 0.99041266350260571 51.511904761904766 1376.8900000000001 201.50000000000003 2666.9950000000003 4496.4800000000005 306.50000000000006 1.2352822254687765 2.1935037172339032e-05 64.607692307692318 -1.0000000180025095e-35 17.500000000000004 22 23 98.045454545454561
decision_type=2 2 2 2 2 9 2 2 2 2 1 9 2 1 1 2 9 1 9 9 2 9 2 9 2 1 2 1 9 9 9 2 2 9 2 2 9 2 2 1 2 2 9 2 2 1 9 2 2 2 2 2 2 2 2 2 2 2 2 9 9 2
left_child=1 4 7 10 6 32 23 14 15 16 50 38 24 22 30 28 27 -7 26 48 -21 40 -9 55 25 -10 34 47 -6 -17 31 -3 35 -26 -19 -5 -8 -34 -12 -23 -11 -42 -16 -29 -13 59 -47 -4 -15 -32 -2 -31 57 -40 -20 -1 -41 -38 -30 -25 -14 -18
right_child=3 2 9 5 8 17 36 13 12 21 11 44 60 19 42 29 61 18 54 20 -22 39 -24 45 33 -27 -28 43 58 51 49 -33 37 -35 -36 -37 52 -39 53 56 41 -43 -44 -45 -46 46 -48 -49 -50 -51 -52 -53 -54 -55 -56 -57 -58 -59 -60 -61 -62 -63
leaf_value=1.6100715116100699 -0.74656696122862742 0.26932251573763999 -0.76511915609814529 -0.44855268865562792 1.483776269276543 0.031291803705592085 -0.034182717781827243 -0.95237929395570253 -0.042533950214751926 -0.50377044514441482 -0.86505022528808384 -0.4885731241372675 1.2738549004962689 -0.64586839575937649 -0.12241978181433986 -0.19211734752072226 0.033797417360636399 -0.50281231266172843 -0.32649838402500536 -0.20728665074182695 -0.50465959513008429 0.13339967327768018 -0.3974463595905503 0.57169185206581963 0.62202654987442352 1.0462520924274956 0.068874714142422452 -0.42627350960537885 -1.0100595504335559 1.5438088737394282 0.25014274159178779 -0.56407565506781587 -0.53006704922698711 1.3802462866730012 -0.37742344907048886 -0.030371116190013581 -1.1401752429412466 0.0099668224695562916 -0.66761027103066228 0.046656577752647449 0.21035504809621453 -0.57591655150165688 -0.5100666982664871 -0.095864367017021834 -0.29776473604249415 -0.43680355793019249 0.01176207706626089 0.11564837896302588 -0.20753949636974786 -0.31730780316847867 -0.11291486624173075 0.079699556181259373 -0.088131158151269068 -0.56402494219675636 0.0078952511514977178 -0.61400940050601749 0.75437230662900623 0.51599783990748971 -0.29025540645279657 -0.068435254316370472 2.8336383761637371 0.58960114872050107
leaf_weight=29 85 595 44 318 116 227 624 137 903 239 398 317 210 283 245 359 628 455 140 588 103 991 61 238 872 1172 99 739 130 1241 165 101 90 5619 546 21 49 49 509 194 1855 402 1139 229 180 641 586 410 50 879 181 422 319 66 304 309 1226 3774 362 873 2863 114
leaf_count=29 85 595 44 318 116 227 624 137 903 239 398 317 210 283 245 359 628 455 140 588 103 991 61 238 872 1172 99 739 130 1241 165 101 90 5619 546 21 49 49 509 194 1855 402 1139 229 180 641 586 410 50 879 181 422 319 66 304 309 1226 3774 362 873 2863 114
internal_value=0.00019567 0.00173553 -0.00161887 -0.0125846 0.00350177 -0.00876443 0.00106447 -0.00534031 0.00476895 0.000662638 -0.0174813 -0.0190324 0.00549626 -0.00989796 -0.00353374 0.00152867 -0.00212275 -0.00636911 -0.00745022 -0.00781099 -0.00498935 0.00190173 -0.0188389 -0.00192236 0.00471759 0.00266482 -0.00952381 -0.0039547 -0.00278232 0.00285185 -0.00134056 0.00133992 -0.0169552 0.00536457 -0.0105951 -0.020212 0.00275215 -0.00959507 -0.0221476 0.0035427 0.000278996 0.000846239 -0.00619184 -0.00570846 -0.0124265 -0.00109528 -0.00259073 -5.35332e-05 -0.0131142 -0.00316935 -0.00761649 0.00381116 0.00323105 -0.0194853 -0.00207877 -0.00719373 0.00498953 0.00356443 -0.00465347 0.000522687 0.00764386 0.00135762
internal_weight=37113 33128 11417 3985 21711 2249 7442 4346 14269 7071 1736 1470 11639 1222 3124 2630 2164 1771 1544 1024 691 4907 198 2676 8566 2075 1100 1422 608 2022 1740 696 478 6491 1001 339 4766 139 973 2411 2496 2257 1384 968 497 2338 1227 454 333 1044 266 1663 4142 575 444 338 1420 3823 492 1111 3073 742
internal_count=37113 33128 11417 3985 21711 2249 7442 4346 14269 7071 1736 1470 11639 1222 3124 2630 2164 1771 1544 1024 691 4907 198 2676 8566 2075 1100 1422 608 2022 1740 696 478 6491 1001 339 4766 139 973 2411 2496 2257 1384 968 497 2338 1227 454 333 1044 266 1663 4142 575 444 338 1420 3823 492 1111 3073 742
cat_boundaries=0 2 3 5 6 7 9 10 12 14 16 18 19 20 22 24 26 28 30 31 33 34 36 38 40
cat_threshold=2101824 69632 520 536907919 328448 256 748 549458332 103330 2560 537920642 525202 52989990 282752 874755694 815146 413954 36864 2337 2572 34078809 16384 293647416 5153 2264944768 344707 2195783745 524308 270733378 1248261 2131 310640924 16 1836 541590549 344578 524373 344080 280051712 4096
is_linear=0
shrinkage=0.05


Tree=20
num_leaves=63
num_cat=12
split_feature=14 14 21 21 17 17 17 21 18 16 2 0 17 21 2 2 17 12 7 5 7 21 7 9 17 7 2 17 16 7 4 2 7 9 16 7 5 22 2 16 22 2 7 4 2 21 16 21 5 17 17 5 19 21 17 21 17 7 18 16 5 2
split_gain=250.612 63.7627 37.5185 32.9478 27.8149 19.3916 16.1299 15.1462 12.7072 8.87023 7.9581 7.81811 7.79277 7.37555 10.7658 7.14234 6.82289 8.34931 6.7343 5.97937 5.90268 5.64992 5.46014 4.85499 4.84996 4.60082 4.37698 3.92059 3.88188 3.62475 3.49851 3.21001 5.95417 2.79725 2.72984 2.63651 2.6184 2.35397 2.30232 2.30442 2.29286 2.22881 2.21896 2.21696 2.17715 2.15863 2.75835 2.69679 1.9843 2.0026 1.93177 1.91759 1.92948 1.89489 2.4288 1.84082 1.82864 1.81843 1.81597 1.78539 1.77848 1.75064
threshold=2.5000000000000004 1.5000000000000002 30.84954751131222 64.607692307692318 1.2996815599229943 1.2710859993584009 0.87814269290485947 77.720779220779235 0.29792055225158653 1.0182646512866858 0 1 0.95497619947432044 68.677083333333357 2 3 1.4934129165957402 1.5000000000000002 -1.0000000180025095e-35 50.500000000000007 432.19000000000005 55.025000000000006 -1.0000000180025095e-35 447.3250000000001 1.8686466400402952 -1.0000000180025095e-35 4 3.0279568109081638 1.0530568869425665 172.32500000000002 5 6 363.51500000000004 1080.2850000000003 2.1221068457491774 436.44000000000005 62.500000000000007 44.257924488174652 7 1.4999973398689803 65.141311546614347 8 340.54500000000007 9 10 20.200395843641765 0.99999879037135619 48.340579710144937 197.50000000000003 1.7055060021666646 2.1546851836741499 17.500000000000004 2532.0250000000005 15.127441244620988 0.74915590021197931 142.07142857142858 1.9491286733152704 -462.12499999999994 3.2891994134369722 1.9007717716334909 60.500000000000007 11
decision_type=2 2 2 2 2 2 2 2 2 2 1 1 2 2 1 1 2 2 2 2 2 2 2 2 2 2 1 2 2 2 9 1 2 2 2 2 2 2 1 2 2 1 2 9 1 2 2 2 2 2 2 2 2 2 2 2 2 2 2 2 2 1
left_child=1 4 12 6 7 20 38 31 19 45 33 22 -2 14 -13 -11 35 28 57 51 59 29 -10 -17 -24 -21 48 34 40 -12 -20 53 -33 37 -28 -5 -30 -7 -3 -40 -18 -22 -23 -34 -32 46 -8 -47 50 -50 -14 55 -53 -1 -55 -6 -27 -9 -31 -4 -37 -15
right_child=2 3 5 16 8 10 9 18 11 15 21 13 26 61 -16 23 17 -19 30 25 41 42 24 -25 -26 56 27 -29 36 58 44 32 43 -35 -36 60 -38 -39 39 -41 -42 -43 -44 -45 -46 47 -48 -49 49 -51 -52 52 -54 54 -56 -57 -58 -59 -60 -61 -62 -63
leaf_value=1.8475220705668243 -0.90991600727175914 -0.33115029648066313 -0.53702630090238757 -0.2833414327660439 -0.95955657291187824 -0.46135352727458329 -0.11152050642964265 -0.044168117556138857 -1.3769217760102579 0.44410446790504177 -0.39946747064479138 -1.4948653102978362 -0.70589756900980705 0.68803677806596042 0.86985644426565245 -0.39442813743275063 0.05667305887387606 -0.89974033356307059 0.89567212806878482 -1.3672594348908682 -0.029048835442670475 -0.33227331012404671 0.81953571388614632 -0.18127651752312382 2.4230858770621531 -0.1620818324184434 -0.6677674641009177 -0.52013622225704459 0.10701786715391091 -0.41718832947655909 0.53526952918796877 -0.5573637981854499 0.062776046350330184 0.092414352744350128 -0.27294112705961288 -0.263241181407039 0.59457613788276464 0.92342727325864282 -0.62856263724361794 -0.43767226037121276 -0.89946799980943182 -0.36601254172364583 -0.037895006250424502 -0.24014708772766263 0.11994520557850166 -0.69011591629518887 -1.0321741055668519 -0.38622754439141921 -0.41610113484143219 0.17149817514682494 -0.24231855637968469 0.57417126101695359 -0.58399160268432504 -0.3174866516847028 0.25386157149017824 1.6890633394404297 0.98941245304934144 -1.411069022527826 -0.046783354516272004 -0.31248678347724046 0.14898721790112265 1.3492470905048988
leaf_weight=257 264 118 440 755 146 148 136 29 44 315 149 397 42 761 708 259 293 174 970 28 104 194 3224 3757 5587 217 636 285 664 887 1867 644 479 479 34 170 2602 42 120 254 92 212 387 680 1849 150 28 200 123 43 27 283 155 370 379 24 1777 51 74 106 506 918
leaf_count=257 264 118 440 755 146 148 136 29 44 315 149 397 42 761 708 259 293 174 970 28 104 194 3224 3757 5587 217 636 285 664 887 1867 644 479 479 34 170 2602 42 120 254 92 212 387 680 1849 150 28 200 123 43 27 283 155 370 379 24 1777 51 74 106 506 918
internal_value=0.000194323 0.00175593 -0.0106219 -0.00142389 0.00330022 -0.00757364 -0.00419242 0.000842901 0.00460079 -0.00329775 -0.00518409 0.00531159 -0.017313 0.00296017 -0.000169224 -0.00254096 0.00137859 0.00248498 0.00256343 0.00143373 -0.0140173 -0.0069909 0.00604397 -0.00311492 0.00613654 0.00275309 -0.0154023 -0.0170067 0.00300698 -0.00914196 0.00282043 -0.00205814 -0.00331085 -0.000421554 -0.0194279 -0.00154289 0.00357143 -0.00556995 -0.0128283 -0.0147933 -0.00164304 -0.00815047 -0.00288955 -0.00112952 0.00207831 -0.00952611 -0.00419162 -0.0118272 -0.00751008 -0.00428994 -0.0151042 -0.00286416 -0.000963719 0.000171737 -0.00104721 -0.00736994 0.0030671 -0.0114458 -0.00787085 -0.0172587 0.000662739 0.00504608
internal_weight=37113 32437 4676 10593 21844 3222 5337 7575 14269 4845 2360 11639 1454 2784 1105 4331 5256 3825 4766 2630 862 1691 8855 4016 8811 2022 1190 955 3651 1110 4686 2809 1803 669 670 1431 3266 190 492 374 385 316 581 1159 3716 514 164 350 235 166 69 608 438 1006 749 170 1994 80 961 546 676 1679
internal_count=37113 32437 4676 10593 21844 3222 5337 7575 14269 4845 2360 11639 1454 2784 1105 4331 5256 3825 4766 2630 862 1691 8855 4016 8811 2022 1190 955 3651 1110 4686 2809 1803 669 670 1431 3266 190 492 374 385 316 581 1159 3716 514 164 350 235 166 69 608 438 1006 749 170 1994 80 961 546 676 1679
cat_boundaries=0 1 2 3 4 5 6 7 8 9 10 11 12
cat_threshold=524 1 2305 512 1544 16 1572 3592 2824 52 1830 2225
is_linear=0
shrinkage=0.05


Tree=21
num_leaves=63
num_cat=21
split_feature=15 20 21 21 21 21 7 17 20 17 5 1 2 2 21 2 1 7 1 21 1 1 1 2 8 1 1 9 1 1 21 1 16 2 1 5 7 20 21 6 16 22 17 1 5 20 7 11 20 1 7 2 23 2 23 23 19 7 7 22 7 20
split_gain=234.999 93.0108 30.1402 27.5156 21.7616 20.1876 14.9611 14.9081 14.2588 8.99907 9.64058 8.6324 7.95922 7.79583 7.57535 7.40468 6.83297 6.69037 5.49496 5.36061 5.2505 5.17991 5.17285 4.87242 4.72374 4.64965 4.1381 4.05291 3.78922 3.6526 3.61572 3.66605 3.44482 3.22269 3.17588 3.01978 2.99261 2.87442 2.83223 2.74555 2.66266 2.64479 2.81808 2.6186 2.60014 2.32011 2.27981 2.22934 2.59703 2.20405 2.18419 2.17279 2.09843 2.00416 1.97738 1.90081 1.84893 1.77187 1.76072 1.72722 1.6951 2.0079
threshold=7.5000000000000009 121.50000000000001 63.029411764705891 7.5000000000000009 35.763888888888893 43.978260869565226 384.06999999999999 1.8686466400402952 50.500000000000007 1.6000008328238076 74.500000000000014 0 1 2 91.732142857142875 3 4 177.88000000000002 5 27.032258064516132 6 7 8 9 726.9100000000002 10 11 463.02000000000015 12 13 174.16666666666671 14 2.2570433064425637 15 16 113.50000000000001 207.53500000000005 8.5000000000000018 99.354166666666671 3056.7900000000004 2.1999832488448283 13.912534315966992 0.7308617252099967 17 201.50000000000003 30.500000000000004 452.25000000000006 3566.8050000000007 20.500000000000004 18 554.27500000000009 19 4.5000000000000009 20 10.500000000000002 15.500000000000002 1811.6949999999999 60.600000000000009 1361.8800000000003 139.33681727070672 717.30500000000018 38.500000000000007
decision_type=2 2 2 2 2 2 2 2 2 2 2 9 1 1 2 1 9 2 9 2 9 9 9 1 2 9 9 2 9 9 2 9 2 1 9 2 2 2 2 2 2 2 2 9 2 2 2 2 2 9 2 1 2 1 2 2 2 2 2 2 2 2
left_child=1 2 3 9 13 12 16 14 20 -1 22 17 32 43 29 36 35 -7 -14 46 27 -12 -11 -13 26 51 -17 -4 -26 -3 31 56 -5 -22 59 40 38 -29 -10 53 -6 -31 -43 -2 -45 55 57 -18 -49 -38 52 -8 -33 -36 -50 -46 -9 -15 -41 -16 -21 -62
right_child=4 7 8 5 6 11 25 30 15 10 21 23 18 19 34 24 47 -19 -20 60 33 -23 -24 -25 28 -27 -28 37 -30 41 -32 50 -34 -35 39 -37 49 -39 -40 58 -42 42 -44 44 45 -47 -48 48 54 -51 -52 -53 -54 -55 -56 -57 -58 -59 -60 -61 61 -63
leaf_value=-1.2265744695791558 -0.88727784533829512 -0.37377785236521599 -0.60865701641649506 -0.96440782392755908 -0.45589617348952505 -0.49363547593265089 -0.07953045722888348 1.7342221474340704 -0.48708248068700932 0.69125338414993931 -0.091179115462986723 0.1170632065915541 -0.61493164130825351 -0.51901166402208188 1.3574191752606326 -0.5360490871035245 -0.088950213880686579 -0.29343065708203797 -0.299169584472601 -0.4904761531260089 -0.22584869699040555 0.70670893217847286 -0.38790399133333153 -0.24537486699500122 -0.24130695909419508 -0.082737140102880968 0.081549773129806269 -1.0144922423658809 0.55003316805845504 0.90110095816632418 3.3815851990739776 1.4701118996127693 -0.88595091432288631 0.33932540640390507 0.52061209463935754 -0.3980661096155686 0.96876088652457071 -0.083343771928253929 0.70079073616544574 0.084763052908890302 -0.21133261857190161 -0.64861651539695586 0.22846353504319339 -0.49190219183143746 -0.10075777206996772 -0.1408841574613495 -0.63949505774522286 0.10341637915415483 -0.43068772101812058 0.489084208029962 2.4995809543237053 -0.40013877608525911 -0.88150472118370216 1.1185139114796254 -0.65456440227496104 0.20773176903948731 -0.18873302798059921 -0.83245689110577714 1.5371134431855744 -0.1776112914582022 -0.29768996300288075 -0.039728292374257283
leaf_weight=180 145 506 369 236 274 180 122 868 141 217 987 824 332 20 1025 268 208 430 836 553 637 2078 1361 2088 238 641 3144 240 1392 925 2352 786 49 663 1057 406 905 986 173 743 27 179 602 185 47 82 205 21 37 1424 1782 454 48 1564 59 50 190 254 82 41 139 56
leaf_count=180 145 506 369 236 274 180 122 868 141 217 987 824 332 20 1025 268 208 430 836 553 637 2078 1361 2088 238 641 3144 240 1392 925 2352 786 49 663 1057 406 905 986 173 743 27 179 602 185 47 82 205 21 37 1424 1782 454 48 1564 59 50 190 254 82 41 139 56
internal_value=0.000234737 0.00161631 -0.00047716 -0.00247679 -0.0112306 -0.00508487 -0.00792074 0.0049655 0.00137012 0.000204621 0.000643026 -0.00301418 -0.0100532 -0.0154687 0.00332986 0.00249902 -0.0123671 -0.00838684 -0.00787468 -0.017752 -0.00160887 0.00228569 -0.00251423 -0.00182906 0.00135015 -0.00408811 0.000278184 -0.00352146 0.00356705 0.000902935 0.00677973 0.00574517 -0.0177433 0.000723534 0.0045072 -0.0151562 0.00464514 -0.0020952 0 0.00369326 -0.0195312 0.00202152 -4.78316e-05 -0.00926724 -0.00623342 -0.00171703 -0.0223288 -0.00543639 -0.0111458 0.0052798 0.00677064 -0.00730051 0.00451016 0.00450171 -0.0146465 0.003125 0.00305789 -0.0259025 0.00110205 0.00697405 -0.0149134 -0.00991162
internal_weight=37113 33128 20378 9798 3985 4975 2249 12750 10580 4823 4643 3522 1453 1736 6724 7685 1032 610 1168 1227 2895 3065 1578 2912 5042 1217 3412 1595 1630 2212 6026 3674 285 1300 4512 707 2643 1226 314 3446 301 1706 781 509 364 179 479 325 117 2329 2616 576 834 2621 96 97 1058 274 825 1066 748 195
internal_count=37113 33128 20378 9798 3985 4975 2249 12750 10580 4823 4643 3522 1453 1736 6724 7685 1032 610 1168 1227 2895 3065 1578 2912 5042 1217 3412 1595 1630 2212 6026 3674 285 1300 4512 707 2643 1226 314 3446 301 1706 781 509 364 179 479 325 117 2329 2616 576 834 2621 96 97 1058 274 825 1066 748 195
cat_boundaries=0 2 3 4 5 7 9 11 13 15 16 18 20 22 24 26 27 29 31 33 34 35
cat_threshold=1090786306 348424 256 1576 1804 536875202 4112 36175943 20608 817246786 382369 2554508920 275981 278800 17920 518 36704908 590720 4640 1118210 310411360 590849 1224704 37506 28884995 160920 2199 269525504 99986 32905 4096 311194497 144435 552 2633
is_linear=0
shrinkage=0.05


Tree=22
num_leaves=63
num_cat=25
split_feature=20 23 20 20 21 21 21 1 17 21 17 21 2 2 2 21 7 2 7 7 20 1 2 21 1 18 7 10 8 19 1 2 1 1 1 21 1 19 18 1 2 1 1 17 2 22 18 1 2 22 4 17 17 10 2 21 21 7 22 2 9 0
split_gain=186.524 50.3192 33.1253 29.3159 46.2271 21.0341 14.6643 12.5921 12.5827 10.5687 10.1131 10.0979 7.74759 7.19968 7.06349 6.99294 6.92819 6.48151 6.35582 5.23909 5.01014 4.82915 4.35049 4.44527 4.30332 4.29445 4.23732 4.12653 3.89195 3.84535 3.72215 3.50682 3.33882 3.18539 3.02138 2.99692 3.00439 2.85699 2.76276 2.6281 2.56716 2.77509 2.49825 2.45212 2.42848 2.42462 2.40815 2.36828 2.34634 2.88704 2.20589 2.13142 2.0762 1.88667 1.80966 1.73986 3.67213 1.73407 1.7227 1.72233 1.63334 1.62578
threshold=66.500000000000014 17.500000000000004 134.50000000000003 1.0000000180025095e-35 48.340579710144937 66.031250000000014 7.5000000000000009 0 1.8686466400402952 28.013157894736846 2.0296257185303714 30.84954751131222 1 2 3 124.06250000000001 248.01500000000001 4 726.9100000000002 363.51500000000004 8.5000000000000018 5 6 44.51315789473685 7 0.11612129556012962 355.88500000000005 917.05000000000007 345.88500000000005 1320.8550000000002 8 9 10 11 12 174.16666666666671 13 1189.7950000000001 0.43700477120502995 14 15 16 17 0.77540776308686765 18 20.635215471799594 0.65703272107350397 19 20 1.0000000180025095e-35 21 1.3333348021374041 0.93107345018391097 681.25500000000011 22 29.532388663967616 69.035714285714292 352.15000000000003 23.439105445963964 23 1778.8850000000004 24
decision_type=2 2 2 2 2 2 2 9 2 2 2 2 1 1 1 2 2 1 2 2 2 9 1 2 9 2 2 2 2 2 9 1 9 9 9 2 9 2 2 9 1 9 9 2 1 2 2 9 1 2 9 2 2 2 1 2 2 2 2 1 2 1
left_child=1 3 5 14 6 10 32 28 15 26 17 31 27 39 33 24 -13 19 22 58 -14 -15 53 45 51 -16 -3 -9 46 43 -19 -8 44 -1 -27 36 -10 -34 50 57 47 -42 -21 -23 -5 -24 -6 -26 49 -12 -35 -4 -25 -11 -30 -38 -57 -7 -2 -28 -37 -40
right_child=2 9 8 4 7 13 11 12 35 18 48 16 20 21 25 -17 -18 30 -20 42 -22 29 23 52 40 34 59 -29 54 -31 -32 -33 37 38 -36 60 55 -39 61 -41 41 -43 -44 -45 -46 -47 -48 -49 -50 -51 -52 -53 -54 -55 -56 56 -58 -59 -60 -61 -62 -63
leaf_value=1.2221061763104517 -0.89486139651785734 -0.89788391818060953 -0.54496364016821919 -0.76208685018368827 -0.34010011640682913 -1.8349051037791781 -0.82292693034598718 -0.31878573262957827 1.4961726510634603 -0.43805072007278811 0.1513265584526903 -0.46595234546970837 -0.91938198351567024 0.46522743251015941 -1.1654901377370279 1.2890143939915957 -0.34569356603985391 0.2680172989828446 -0.1139185393589254 0.054369391155165397 -0.042549220615077224 -0.20324447023002437 -0.29451308321937963 -0.57384860753774303 0.3104777100817428 0.13380646420682005 -0.38793386147277326 0.70382545297349886 -0.64990325760351464 -0.19711845863106969 -0.14872069232152257 -0.4883645660395175 -0.1621298720426923 0.48758270561359895 2.2216810090049814 3.29170120891802 2.6948507709524105 -0.82049285550379958 1.3731228568958238 0.97359883366975153 -0.19941091766424163 0.50092049980561482 -0.38398305613494998 0.27667807825096241 0.18813866691625583 -0.51571997407568571 -0.56698203875342157 0.99296839730051412 0.55874471158843952 -0.66493663880735265 -0.57662272036516582 0.27107614325641338 -0.2479262414717999 -0.091399889032516779 0.16376538795963411 -0.75203818336753037 1.6554411918773337 0.55700501600485841 -0.54302278791909464 -0.63723380880152125 1.5922566692493199 -0.89357796825261604
leaf_weight=113 220 208 206 166 290 36 222 76 1119 22 416 549 570 1336 101 2520 1581 253 362 216 4684 406 432 58 555 366 117 461 122 756 1037 655 327 109 1151 2204 1475 384 137 1342 724 513 776 3057 414 198 160 769 497 30 435 109 198 192 187 52 819 182 135 176 79 51
leaf_count=113 220 208 206 166 290 36 222 76 1119 22 416 549 570 1336 101 2520 1581 253 362 216 4684 406 432 58 555 366 117 461 122 756 1037 655 327 109 1151 2204 1475 384 137 1342 724 513 776 3057 414 198 160 769 497 30 435 109 198 192 187 52 819 182 135 176 79 51
internal_value=0.00026168 -0.00397493 0.00322715 -0.00286634 -0.00398581 0.00123271 -0.00801558 -0.00133145 0.00513591 -0.0114509 -0.0018839 -0.00993771 -0.000519039 0.00280802 0.00204278 0.00338026 -0.00800516 -0.00348011 -0.00919795 -0.00589154 -0.00111544 0.00193741 -0.0111061 -0.0126529 0.00166725 0.00396996 -0.0178323 0.00511364 -0.00733484 0.001084 -0.000863392 -0.0145313 -0.00348725 -0.00161713 0.00467928 0.00677274 0.00578503 -0.00574931 -0.00288591 0.00581691 0.00235528 0.00065 -0.00396985 0.00179962 -0.000505902 -0.0151264 -0.0104305 0.0038893 0.00252378 -5.44662e-05 -0.0047532 -0.00369665 -0.00675676 -0.00363436 -0.00284455 0.00683552 0.00490561 0.000324675 -0.0112081 -0.0133024 0.00824038 0.00209424
internal_weight=37113 15274 21839 13311 10848 10695 4298 6550 11144 1963 3580 3007 5791 7115 2463 5396 2130 2637 1462 1347 5254 5555 1100 886 2876 1618 501 537 759 4219 1290 877 1291 845 1517 5748 3465 711 732 1560 2561 1237 992 3463 580 630 450 1324 943 446 544 315 256 214 309 2346 871 218 355 293 2283 188
internal_count=37113 15274 21839 13311 10848 10695 4298 6550 11144 1963 3580 3007 5791 7115 2463 5396 2130 2637 1462 1347 5254 5555 1100 886 2876 1618 501 537 759 4219 1290 877 1291 845 1517 5748 3465 711 732 1560 2561 1237 992 3463 580 630 450 1324 943 446 544 315 256 214 309 2346 871 218 355 293 2283 188
cat_boundaries=0 2 3 4 5 6 8 9 11 13 14 16 18 20 22 24 25 27 29 30 32 33 34 35 36 37
cat_threshold=2101248 4362 512 772 17 2385 2301944066 315428 544 241728 45056 557416 131 2305 2191807617 119424 294928 16896 302306330 5641 2176368643 1209496 36831328 303136 948 605552780 17536 2181071112 282643 2065 2717909537 549 420 4 2225 1832 1
is_linear=0
shrinkage=0.05


Tree=23
num_leaves=63
num_cat=2
split_feature=15 14 21 21 7 21 10 17 21 21 19 0 5 8 7 5 7 5 15 23 17 8 7 0 5 22 21 17 17 22 21 5 5 5 7 21 19 17 11 5 22 5 22 8 11 5 21 5 5 17 8 5 6 21 7 8 19 17 11 17 7 21
split_gain=192.649 44.9018 34.3715 26.2331 23.9269 20.4093 13.8365 12.1282 11.7628 11.1128 7.81479 7.50392 6.95554 6.9027 5.29249 5.27284 5.2678 4.24095 4.10356 4.01871 3.96707 3.82819 3.63188 3.51481 3.47102 3.42791 3.17819 3.17524 3.80105 3.0052 2.76214 3.02587 2.73354 2.67667 2.63016 2.52751 2.49238 2.35419 2.27283 2.23883 2.2203 2.19176 1.95731 1.83589 2.276 1.78104 1.75084 1.71479 1.62757 1.61926 1.61641 1.49281 1.48344 1.40972 1.39191 1.44721 1.37018 1.36398 1.32894 1.29814 1.28672 1.25695
threshold=6.5000000000000009 1.5000000000000002 39.535885167464123 56.023809523809533 -1.0000000180025095e-35 127.08333333333336 756.61500000000024 0.8958494933451534 26.017241379310349 7.5000000000000009 1577.1700000000003 0 181.50000000000003 170.66 619.82000000000005 61.500000000000007 360.12500000000006 75.500000000000014 9.5000000000000018 13.500000000000002 1.7195004606467987 1383.8450000000003 452.25000000000006 1 32.500000000000007 69.440878926447212 45.020000000000003 3.518417933307038e-05 0.5590015179347041 172.9011777451386 70.035714285714292 52.500000000000007 325.50000000000006 50.500000000000007 345.51000000000005 208.41666666666671 878.98000000000002 1.2585155410019777 1726.5300000000004 165.50000000000003 67.70149760280286 320.50000000000006 13.912534315966992 480.17000000000002 3133.9450000000006 254.00000000000003 1.0000000180025095e-35 220.50000000000003 4.5000000000000009 1.0358007381102416 310.62500000000006 301.50000000000006 4496.4800000000005 265.16666666666669 554.27500000000009 1600.6800000000003 597.38499999999999 1.2511406545496373 4019.2850000000003 1.4593223264002357 545.20000000000016 177.55000000000004
decision_type=2 2 2 2 2 2 2 2 2 2 2 1 2 2 2 2 2 2 2 2 2 2 2 1 2 2 2 2 2 2 2 2 2 2 2 2 2 2 2 2 2 2 2 2 2 2 2 2 2 2 2 2 2 2 2 2 2 2 2 2 2 2
left_child=1 4 8 9 36 7 45 27 22 17 11 -9 19 61 29 37 38 54 25 23 43 32 41 -11 -12 26 42 46 -29 35 39 -32 52 -31 -28 -7 -1 -10 -14 -22 -38 -2 -8 44 -15 50 -6 -18 -45 -34 -4 -47 -17 -16 -3 -56 60 -21 -55 -39 -20 -5
right_child=2 3 6 13 5 14 18 10 15 12 24 -13 16 20 53 21 47 -19 56 57 30 -23 -24 -25 -26 -27 34 28 -30 33 31 -33 49 -35 -36 -37 40 59 -40 -41 -42 -43 -44 48 -46 51 -48 -49 -50 -51 -52 -53 -54 58 55 -57 -58 -59 -60 -61 -62 -63
leaf_value=-1.0756115491481641 -0.79801975716234974 -0.47085842741217976 -0.35020285690493191 -0.43944398510749871 3.5971769189441005 0.65496240338225964 0.099568449259921366 0.78790169673388921 -0.4700845125579064 -0.41671100227522601 -0.52552938105944313 0.25939567641487998 -0.21618206495995784 -0.070715242207853454 1.6451269722805315 -0.34554188574985178 0.1958298866819119 0.05340752377471656 -0.5755147492938798 -0.88760831457756817 -0.46760218634670897 -0.054531313131738028 -0.57565861441788557 -0.68996144113251123 0.23002844315185467 -0.5524242453558319 -0.29440741740845716 -0.49494371783171226 -0.047684039242658474 -1.125679596129088 -0.082691317750581472 0.66609096069342533 -0.48068405116180524 0.3099715330841008 -0.035503479920957662 2.0210339179471157 -1.2924556886481977 -0.19014481873324607 -0.57013725331215837 0.28259224918101877 -0.22648549221624201 -0.39028433422925313 -0.34539372077293468 -1.193451269773848 -0.52301881989089594 0.06065428281322234 0.038275985042914851 -0.1564312388775238 0.07985551302803176 0.041617252491201032 -0.12876045538114972 -0.60828752288218224 -0.52253574914273926 4.4069726387983108 0.045077674897561162 -0.91629650570052401 -0.098829128618393991 0.24711299246576088 -1.0871497158277845 -0.51848518499399132 -0.14704730532904406 0.42538749856287822
leaf_weight=53 333 271 233 426 135 2269 106 6079 302 594 365 2687 111 915 3000 942 216 1024 111 21 222 165 261 535 2326 50 396 434 1482 29 426 2384 64 153 1463 1244 141 66 70 359 24 33 539 27 105 33 430 314 1554 113 20 66 277 630 159 36 42 75 22 40 63 48
leaf_count=53 333 271 233 426 135 2269 106 6079 302 594 365 2687 111 915 3000 942 216 1024 111 21 222 165 261 535 2326 50 396 434 1482 29 426 2384 64 153 1463 1244 141 66 70 359 24 33 539 27 105 33 430 314 1554 113 20 66 277 630 159 36 42 75 22 40 63 48
internal_value=0.000269762 0.00180863 -0.00816728 -0.00097524 0.00309158 0.00326299 -0.0046 0.0021322 -0.0124279 -0.00451298 0.00281959 0.00354373 -0.00701392 0.000892719 0.00539966 -0.0104399 -0.00295868 -0.00122237 -0.00338082 -0.00931393 0.00135947 -0.00900735 -0.0185119 -0.010148 0.000440794 -0.00278647 -0.00249302 -0.00102154 -0.00200625 0.00402582 0.002486 0.00313722 -0.00986419 -0.00202703 -0.00140306 0.00435509 -0.0132353 -0.0156934 -0.0102582 -0.000577911 -0.0162946 -0.022019 -0.00553627 -9.12058e-05 -0.00175953 -0.0139437 0.00222271 -0.00032833 0.000954861 -0.00354167 -0.0163574 -0.00698529 -0.0107304 0.00677155 -0.00517058 -0.00157828 -0.0100457 0 0.00908397 -0.00802752 -0.0120056 -0.00487421
internal_weight=37113 31395 5718 9892 21503 21285 3122 13938 2596 3426 11457 8766 1936 6466 7347 1969 711 1490 2770 1225 5992 1561 627 1129 2691 2554 2504 2481 1916 3695 3391 2810 1396 182 1859 3513 218 408 181 581 165 366 645 2601 1020 352 565 530 1581 177 253 99 1219 3652 466 195 216 96 652 106 174 474
internal_count=37113 31395 5718 9892 21503 21285 3122 13938 2596 3426 11457 8766 1936 6466 7347 1969 711 1490 2770 1225 5992 1561 627 1129 2691 2554 2504 2481 1916 3695 3391 2810 1396 182 1859 3513 218 408 181 581 165 366 645 2601 1020 352 565 530 1581 177 253 99 1219 3652 466 195 216 96 652 106 174 474
cat_boundaries=0 1 2
cat_threshold=1 1
is_linear=0
shrinkage=0.05


Tree=24
num_leaves=63
num_cat=24
split_feature=15 20 21 21 7 1 20 20 20 20 2 19 21 7 5 1 7 21 7 1 2 6 1 1 1 5 23 1 7 2 2 1 1 5 7 1 11 7 2 1 2 20 9 1 1 21 15 1 18 19 23 1 19 2 16 5 2 16 11 2 9 7
split_gain=174.262 64.7324 31.051 19.6795 23.0076 17.2388 12.6833 9.37395 8.92128 11.1226 8.79359 8.02276 7.9117 7.04299 6.83362 6.30829 5.81979 5.56777 5.51232 4.71597 4.59248 4.56491 4.4603 4.31075 4.24715 4.16739 3.94654 3.81877 3.69518 3.68413 3.65949 3.92251 3.40313 3.40209 3.2364 3.34082 3.16295 3.13045 3.11055 3.006 2.93412 2.92799 2.74978 2.61238 2.57912 2.57392 2.52748 2.45572 2.42502 2.37975 2.26962 2.25536 2.33646 1.98743 1.86106 1.95257 1.80875 1.80763 1.75919 1.73807 1.7327 1.66664
threshold=6.5000000000000009 121.50000000000001 35.019230769230781 77.720779220779235 363.51500000000004 0 8.5000000000000018 195.50000000000003 1.0000000180025095e-35 44.500000000000007 1 3699.4950000000003 27.032258064516132 720.80000000000018 67.500000000000014 2 352.15000000000003 108.52777777777779 402.08000000000004 3 4 1734.8500000000001 5 6 7 322.50000000000006 9.5000000000000018 8 452.25000000000006 9 10 11 12 201.50000000000003 690.69000000000017 13 862.54000000000008 -1.0000000180025095e-35 14 15 16 47.500000000000007 342.10500000000008 17 18 91.041666666666671 2.5000000000000004 19 1.8074185529046269 2257.5450000000005 9.5000000000000018 20 1198.115 21 2.1693094277393503 117.50000000000001 22 1.3333558952110012 3168.8850000000007 23 922.59500000000014 596.55000000000007
decision_type=2 2 2 2 2 9 2 2 2 2 1 2 2 2 2 9 2 2 2 9 1 2 9 9 9 2 2 9 2 1 1 9 9 2 2 9 2 2 1 9 1 2 2 9 9 2 2 9 2 2 2 9 2 1 2 2 1 2 2 1 2 2
left_child=1 3 10 4 11 18 21 17 14 20 33 15 28 22 47 50 23 30 25 -11 -10 -5 42 -7 41 54 34 38 -12 -20 39 61 -16 -2 35 40 -17 -24 -15 -3 -9 53 -8 48 -35 -23 -37 -6 -14 -47 -1 52 -19 -18 55 -4 -45 -29 -36 -53 -33 -32
right_child=2 7 5 6 8 16 13 26 9 19 12 -13 43 27 32 36 24 51 29 -21 -22 45 37 -25 -26 -27 -28 57 -30 -31 31 60 -34 44 58 46 -38 -39 -40 -41 -42 -43 -44 56 -46 49 -48 -49 -50 -51 -52 59 -54 -55 -56 -57 -58 -59 -60 -61 -62 -63
leaf_value=-0.55988806789884615 -0.61897781409768315 0.13690171959540223 -0.34450553937412121 1.2832050652296703 1.4480618779454266 -0.37695594260272813 -0.55764800531507985 1.9208119417403595 -0.56433154423780429 0.16353842751046843 -0.7416350964775601 -0.75881978642362446 -0.64121315984345684 1.2421182108348243 0.36706184277709042 -0.053581110163967695 0.062494910072344825 0.63363011701233918 0.078219377286561809 -0.080825305696670929 -0.17518523498693439 0.082139313436496053 -1.0818381036858544 -0.039993618506993837 0.10633316380118735 -0.043688528766382274 -0.85706508805532666 -0.15469188703708525 -0.5365161506016255 -0.38074797388479409 -0.64999507623414099 0.025058686850358926 2.5822640306954554 -0.24013887132538764 3.0595387769552946 2.0637010236731879 -0.3439481746621933 0.25704846773763795 -0.3133180041071299 0.67777184600633089 -0.31025738009189524 -0.04323212046037668 -0.014063368445023273 -0.050808878278147424 0.044327517112763198 -1.2215503837878172 0.42018493394486822 -0.23219752400576255 -0.41713178895759057 0.33599590763635928 -0.21363680452647921 1.4717294307701516 -0.39862298183320566 -0.28660849716907144 -0.1879561926860947 -0.36244301169725235 -0.30119676137017537 0.85187956449633973 1.4411450776219743 0.6537312550677612 0.86738673884335304 -0.17639328405512344
leaf_weight=775 98 551 271 105 103 448 200 261 639 1669 339 118 209 215 429 773 141 542 139 2487 720 61 146 218 554 70 45 53 238 480 240 969 902 101 2516 2478 1289 4384 299 713 304 645 476 113 163 303 358 766 263 26 125 1281 113 571 104 322 231 1601 342 1509 350 159
leaf_count=775 98 551 271 105 103 448 200 261 639 1669 339 118 209 215 429 773 141 542 139 2487 720 61 146 218 554 70 45 53 238 480 240 969 902 101 2516 2478 1289 4384 299 713 304 645 476 113 163 303 358 766 263 26 125 1281 113 571 104 322 231 1601 342 1509 350 159
internal_value=0.000258985 0.00172264 -0.00776525 -0.000149997 -0.00153848 -0.00528555 0.00174829 0.0044713 -7.28816e-05 -0.00115304 -0.0133177 -0.00518975 -0.0151405 0.00227396 0.00261008 -0.00464587 -0.0027944 0.00310848 -0.00977484 0.000120221 -0.00507526 -0.0059488 0.00126224 -0.00683857 -0.00136494 -0.0127435 0.00585064 0.00467526 -0.0198922 -0.00612942 0.00149916 0 0.00486319 -0.00553333 0.00596255 0.0048656 -0.0030241 0.00183249 0.000711575 0.00352388 0.00114619 -0.00287409 -0.00246734 -0.0118437 -0.00243446 -0.00846056 0.00556336 -0.000788417 -0.0145361 -0.0102033 -0.00815991 0.00448448 0.00162799 -0.0051049 -0.0139107 -0.0150797 -0.00728291 0.00583383 0.00724397 0.0051106 0.00130443 -0.00427791
internal_weight=37113 31395 5718 18664 10795 3963 7869 12731 7715 5515 1755 3080 1393 7374 2200 2962 2577 6427 1386 4156 1359 495 5206 666 1911 767 6304 2168 577 619 2982 1718 1331 362 6259 3401 2062 4530 514 1264 565 1357 676 816 264 390 2836 869 472 329 900 3445 655 712 697 593 344 1654 2858 2790 1319 399
internal_count=37113 31395 5718 18664 10795 3963 7869 12731 7715 5515 1755 3080 1393 7374 2200 2962 2577 6427 1386 4156 1359 495 5206 666 1911 767 6304 2168 577 619 2982 1718 1331 362 6259 3401 2062 4530 514 1264 565 1357 676 816 264 390 2836 869 472 329 900 3445 655 712 697 593 344 1654 2858 2790 1319 399
cat_boundaries=0 2 3 5 7 8 10 12 14 16 17 18 20 22 24 25 27 28 30 32 34 36 37 38 39
cat_threshold=3150530 69892 1544 19534850 381201 2212669066 54297 2497 270668386 628768 537396232 33298 2730885164 557728 310456392 589993 552 1677 2248544256 37392 310695122 4617 32601636 12420 1940 2685571400 34307 242 570949765 66432 570458113 4096 8683792 16384 2510749698 1311856 1540 162 972
is_linear=0
shrinkage=0.05


Tree=25
num_leaves=63
num_cat=24
split_feature=14 20 21 21 17 17 21 1 20 7 19 2 17 2 2 16 1 21 2 16 7 1 1 1 7 1 2 1 1 21 23 18 2 2 16 9 1 2 2 9 20 1 16 1 2 4 19 16 7 1 21 1 21 7 7 7 7 9 16 20 16 7
split_gain=148.648 66.0813 21.6125 21.4768 20.6595 13.443 12.0619 10.6182 10.3518 9.3551 7.2796 7.05953 6.42658 6.33107 5.94507 5.79888 5.61638 5.56146 5.34023 5.17572 5.0403 4.68883 4.65945 4.25793 3.87744 4.25273 3.82661 3.73257 3.71295 3.63107 3.39922 3.31317 3.16747 3.16072 3.27343 3.07855 3.05018 2.96891 2.90144 2.83585 3.05616 2.5997 2.47696 2.38776 2.21066 2.09216 2.08753 1.98905 2.09373 1.97881 1.97868 1.94623 1.91407 1.84923 1.8188 1.80754 1.78856 1.769 1.6889 1.58446 1.53059 1.50867
threshold=2.5000000000000004 124.50000000000001 64.607692307692318 30.84954751131222 2.0296257185303714 1.8686466400402952 45.020000000000003 0 50.500000000000007 432.53000000000003 3699.4950000000003 1 0.96996937111068993 2 3 1.4999973398689803 4 91.732142857142875 5 1.5073627907034217 177.88000000000002 6 7 8 855.18000000000018 9 10 11 12 52.02272727272728 4.5000000000000009 0.31567428802962505 13 14 1.9999596810772851 378.30500000000006 15 16 17 358.73000000000008 8.5000000000000018 18 0.21695061192489654 19 20 21 1726.4250000000002 2.1221068457491774 453.96500000000009 22 39.017857142857146 23 74.348484848484858 551.1350000000001 1003.575 188.68500000000003 1075.0450000000003 557.24000000000012 1.1995468724089289 40.500000000000007 0.85701673611503615 1703.6700000000003
decision_type=2 2 2 2 2 2 2 9 2 2 2 1 2 1 1 2 9 2 1 2 2 9 9 9 2 9 1 9 9 2 2 2 1 1 2 2 9 1 1 2 2 9 2 9 1 9 2 2 2 9 2 9 2 2 2 2 2 2 2 2 2 2
left_child=1 2 4 12 6 17 15 20 23 16 13 41 56 19 29 42 31 21 -17 -6 -8 -3 -15 39 25 -13 27 46 -26 61 35 -5 -18 34 -33 43 -19 -9 -25 -4 -41 55 -1 -7 51 -46 -14 48 -28 -37 59 -38 -32 -54 -50 -10 -2 -12 -43 -34 -40 -11
right_child=3 5 8 9 10 30 7 37 11 14 57 24 26 22 -16 18 32 36 -20 -21 -22 -23 -24 38 28 -27 47 -29 -30 -31 52 33 50 -35 -36 49 44 -39 60 40 -42 58 -44 -45 45 -47 -48 -49 54 -51 -52 -53 53 -55 -56 -57 -58 -59 -60 -61 -62 -63
leaf_value=-0.50558031810327453 -0.76127471352297071 -0.29555749900356487 -0.64631193260336917 0.079751767251941802 -0.66128328633734457 -0.3844100164666408 -0.39456657769650172 -0.2484242984344478 -0.97360947201062054 -0.36398640821435041 -0.91680963301484553 0.31932080490921066 -0.39646376921144966 0.088678142711985333 0.017914323701791624 -0.030303500142544595 0.036716541123944603 1.0872878087591118 -0.53741555566394805 0.014341024457182173 -0.2985767546851214 0.34428375567332009 0.69375808594364341 -0.22764884535443031 -0.3211771209486049 -0.049605192026945133 -0.62169192430921183 -0.19423515224079085 0.56562437865008808 -0.11052274266982494 -0.63477028876021224 -0.36681267744680168 -0.45882579953546698 -0.38311942264684018 0.12863864718256696 1.9017441706690361 0.09292213428160033 0.03766153514687938 -0.44834819320615882 -0.88927075318250681 -0.079703885544962827 0.22087872499605449 -0.4725405456053352 1.2889661218386703 -0.31179541221140106 0.45982715706027921 -0.87376727505365348 -0.28689128769577021 -0.35540278394922586 2.5928097440018512 -0.27217755534421395 1.0601445299366727 -0.27979567743507838 1.2660496079417367 -0.53773699997776847 0.17840920500496227 -0.023026918916771201 -0.32972163670557475 0.7165639869876711 -0.14920218514238179 0.39189734535876508 0.21578566630991267
leaf_weight=203 270 851 221 46 405 221 216 895 48 568 53 1005 267 1161 722 409 223 1148 952 2013 509 1264 1048 596 237 3013 221 283 1077 265 30 404 71 568 74 1156 247 1582 91 188 749 252 305 498 274 1546 83 42 193 3711 235 1104 79 288 75 199 20 162 1874 24 557 22
leaf_count=203 270 851 221 46 405 221 216 895 48 568 53 1005 267 1161 722 409 223 1148 952 2013 509 1264 1048 596 237 3013 221 283 1077 265 30 404 71 568 74 1156 247 1582 91 188 749 252 305 498 274 1546 83 42 193 3711 235 1104 79 288 75 199 20 162 1874 24 557 22
internal_value=0.000272457 0.00147542 -0.000299655 -0.00805728 -0.00196022 0.00434078 -0.00419048 -0.00230109 0.00132418 -0.00574419 0.000366357 0.0022201 -0.0131263 0.000796436 -0.00293513 -0.00739183 -0.00839654 0.00273808 -0.00559934 -0.000956397 -0.00757114 0.000607885 0.0027284 -0.00152807 0.00118803 0.000404128 -0.0113111 -0.00795279 0.00354973 -0.00571717 0.00605371 -0.0104977 -0.00386484 -0.0111773 -0.00728106 0.00637413 0.00376851 -0.000697791 0.000477327 -0.00369342 -0.00243351 0.00448973 -0.0120352 0.00316828 0.00290122 0.00169122 -0.0115014 -0.0147289 -0.0159299 0.00683522 -0.0069242 0.00446298 0.00140625 0.00253378 -0.0121771 -0.000240385 -0.0200512 -0.00854358 0.00506078 -0.0133929 0.00279879 -0.00796796
internal_weight=37113 32437 20020 4676 9913 12417 5071 3202 10107 3222 4842 7705 1454 4627 1577 1869 1645 6434 1361 2418 725 2115 2209 2402 5332 4018 1164 633 1314 855 5983 1092 553 1046 478 5586 4319 2477 1244 1158 937 2373 508 719 3171 1820 350 531 489 4867 330 1351 397 367 268 247 290 215 2126 95 648 590
internal_count=37113 32437 20020 4676 9913 12417 5071 3202 10107 3222 4842 7705 1454 4627 1577 1869 1645 6434 1361 2418 725 2115 2209 2402 5332 4018 1164 633 1314 855 5983 1092 553 1046 478 5586 4319 2477 1244 1158 937 2373 508 719 3171 1820 350 531 489 4867 330 1351 397 367 268 247 290 215 2126 95 648 590
cat_boundaries=0 2 3 4 5 7 8 10 12 14 16 17 19 21 22 23 25 26 27 29 31 32 33 35 37
cat_threshold=1096029186 119088 780 305 467 538973410 20480 1578 9613480 38531 2961884280 71177 815796800 349345 2341503249 950341 1644 33591499 640 310411337 589825 1667 716 269547264 104070 2241 2079 2297952 38916 537923584 20480 294 1 2460107776 210396 2183266369 262176
is_linear=0
shrinkage=0.05


Tree=26
num_leaves=63
num_cat=19
split_feature=14 21 21 21 21 8 13 21 5 0 5 19 1 1 7 7 2 2 2 1 2 13 1 7 5 1 21 11 5 21 7 1 1 19 1 10 2 13 21 16 2 7 1 7 7 4 8 7 13 6 7 16 11 5 18 11 7 2 13 5 5 2
split_gain=136.747 38.0045 27.7212 21.0208 19.9724 11.0882 10.8306 9.07079 9.05307 11.0724 29.4649 13.3571 8.18769 7.50815 6.83223 6.53693 5.81047 5.32341 5.17024 4.68142 4.65946 4.60262 4.30063 4.28466 4.13334 3.80313 3.79874 3.60691 3.32566 3.32146 3.27255 3.10291 3.04446 2.80479 2.79043 2.55621 3.24762 2.49645 2.42237 2.40086 2.28497 2.28183 2.23962 2.17619 2.14674 2.1332 2.60434 2.03422 2.03212 2.02221 2.01823 3.06638 1.99318 1.87737 1.87578 1.85373 1.83025 1.76883 1.74702 1.72981 1.72933 1.63877
threshold=2.5000000000000004 86.77500000000002 15.127441244620988 45.020000000000003 30.169540229885062 341.05000000000007 1.5000000000000002 175.55000000000004 180.50000000000003 0 151.50000000000003 1382.0550000000003 1 2 -1.0000000180025095e-35 550.99500000000012 3 4 5 6 7 1.5000000000000002 8 681.25500000000011 319.50000000000006 9 55.613247863247871 2155.2850000000003 250.50000000000003 51.02272727272728 619.82000000000005 10 11 4089.6550000000011 12 2231.1050000000005 13 1.5000000000000002 35.763888888888893 1.5000027216611571 14 627.78500000000008 15 -1.0000000180025095e-35 220.68000000000004 16 862.54500000000007 432.53000000000003 1.5000000000000002 4496.4800000000005 467.53000000000009 1.9999596810772851 3969.5900000000006 201.50000000000003 0.32518848796236149 1938.3450000000005 -182.96499999999997 17 1.5000000000000002 238.50000000000003 145.50000000000003 18
decision_type=2 2 2 2 2 2 2 2 2 1 2 2 9 9 2 2 1 1 1 9 1 2 9 2 2 9 2 2 2 2 2 9 9 2 9 2 1 2 2 2 1 2 9 2 2 9 2 2 2 2 2 2 2 2 2 2 2 1 2 2 2 1
left_child=1 2 6 22 15 12 8 18 9 11 -11 -1 44 20 37 24 59 -15 25 -18 50 30 38 31 27 55 47 49 39 45 34 57 61 42 -16 -17 53 -9 -4 -24 -14 -23 -10 -27 -5 46 -19 -22 -45 -2 51 54 -32 -37 -6 -3 -8 -20 -34 -7 -52 -25
right_child=4 7 3 5 13 16 56 14 33 10 -12 -13 40 17 21 35 19 29 23 -21 26 41 28 32 -26 43 -28 -29 -30 -31 52 -33 58 -35 -36 36 -38 -39 -40 -41 -42 -43 -44 48 -46 -47 -48 -49 -50 -51 60 -53 -54 -55 -56 -57 -58 -59 -60 -61 -62 -63
leaf_value=1.366387782355599 -0.19727911532661555 -0.4677048675067017 -0.72929209350063873 -0.41338863564465939 0.31308227967203384 0.51569437067758561 2.1524093196843324 -1.1976243587782518 0.67084099564658473 0.042329336499211757 -1.988252352307627 -0.020883292790658193 -0.0014459344808018138 0.14364727461322482 1.7335312115834509 -0.052219082985972776 0.1595870489759042 -0.45515842053758865 0.17533499047631551 -0.098255937814342081 -0.36354795911439991 1.0720378377500468 -0.36379992140091955 0.38590923023447526 -0.35744906092482309 -1.1956147998355195 -0.19136848712239268 -0.67346874543822155 -0.0078660793410354479 -0.058796985777997079 2.5881473532129529 0.25069052766252664 0.75075529536684449 -1.0440999483636932 0.77247389866836391 -0.35665939665868507 -0.41459277649928616 4.4147492859004531 -0.34929567532918099 -0.30643419494953189 -0.31402170223601672 -0.78019498642691953 1.5053225460460848 0.96588982491505182 -0.20949844994203853 -0.20154619520741579 -0.20544887326758215 -0.28598872403292147 -0.58381817795382251 -0.61947457792469507 -0.3084904387364712 0.10959742731584772 0.35074343346230208 0.091545808426682751 -0.34585019527589778 0.68715831790982329 -0.71486838988587953 -0.31187981512529267 -0.27442119035504625 -0.096481590602703449 0.065723011961252104 -0.34598600827709353
leaf_weight=1692 120 229 216 411 27 657 20 67 594 871 165 2126 690 348 1055 82 1451 267 925 4173 480 77 297 270 63 30 224 555 322 401 2055 2648 2289 28 1232 61 360 21 520 301 667 89 2087 1949 100 278 165 261 76 54 138 83 103 70 443 179 344 935 82 52 196 342
leaf_count=1692 120 229 216 411 27 657 20 67 594 871 165 2126 690 348 1055 82 1451 267 925 4173 480 77 297 270 63 30 224 555 322 401 2055 2648 2289 28 1232 61 360 21 520 301 667 89 2087 1949 100 278 165 261 76 54 138 83 103 70 443 179 344 935 82 52 196 342
internal_value=0.000284581 0.00143842 -0.000112442 -0.00188514 -0.00770464 -0.000839529 0.00208544 0.00332372 0.00249637 0.00118901 -0.00336862 0.00244046 -0.00422234 -0.00557106 0.00514409 -0.0128198 0.00015191 -0.00275985 0.00245807 -0.000381409 -0.00769437 0.00541558 -0.0070223 0.00178405 -0.0158491 0.00445779 -0.0102122 -0.0169228 -0.00444802 -0.00445952 0.00572448 0.000798049 0.00326105 0.00481656 0.00433952 -0.00848524 -0.00984312 -0.00824176 -0.0099466 -0.00669717 -0.00207117 -0.00251479 0.00499721 0.00533728 -0.00956584 -0.0065568 -0.00876404 -0.01208 0.00557816 -0.00974576 -0.00479167 -0.00672212 0.00716104 -0.00182292 -0.0082981 0 -0.00626703 -0.000747464 0.00406355 0.00438019 -0.00155786 0
internal_weight=37113 32437 17784 9857 4676 8201 7927 14653 7563 4854 1036 3818 1868 3311 4699 1365 6333 1459 9954 5624 1852 4611 1656 7491 792 2463 965 729 920 1111 4445 4508 2983 2709 2287 573 491 88 736 598 1357 166 2681 2055 511 710 432 741 2025 174 887 553 2158 131 470 408 364 1860 2371 709 334 612
internal_count=37113 32437 17784 9857 4676 8201 7927 14653 7563 4854 1036 3818 1868 3311 4699 1365 6333 1459 9954 5624 1852 4611 1656 7491 792 2463 965 729 920 1111 4445 4508 2983 2709 2287 573 491 88 736 598 1357 166 2681 2055 511 710 432 741 2025 174 887 553 2158 131 470 408 364 1860 2371 709 334 612
cat_boundaries=0 1 3 5 6 7 8 10 11 13 15 17 19 21 22 23 25 26 27 28
cat_threshold=1 397314 20498 572527975 282880 1536 1568 772 2535645953 1331273 716 2625711 594048 2183286832 268320 86906782 1163355 310579264 594081 2190221699 17035 1545 1580 430588929 1381388 7 2216 178
is_linear=0
shrinkage=0.05


Tree=27
num_leaves=63
num_cat=22
split_feature=15 20 21 21 16 1 20 13 8 2 2 21 21 18 8 0 21 21 21 0 1 1 19 1 1 1 1 2 21 2 1 19 1 2 1 9 21 10 8 20 2 8 22 18 2 8 10 10 21 19 10 2 8 1 8 1 20 9 10 10 18 22
split_gain=132.179 53.1568 26.9645 17.7322 12.1907 11.9537 11.6829 9.45565 8.99147 7.83191 7.30229 7.10172 5.94131 5.76075 5.62878 5.53061 5.18786 5.1728 5.09748 4.836 4.65357 4.32676 4.74849 4.17506 4.15532 4.02251 3.6052 3.39192 3.07677 3.01663 2.89441 2.79344 2.51643 2.50375 2.49599 2.27776 2.14874 2.60799 2.14451 1.99029 1.9536 1.93613 1.99742 1.91597 1.89585 1.83355 2.05008 1.82462 1.80818 1.79986 1.7871 1.76085 1.72884 1.91519 1.65468 1.62322 1.60347 1.534 1.60443 1.41017 2.13929 1.38251
threshold=6.5000000000000009 138.50000000000003 30.169540229885062 77.720779220779235 1.0182646512866858 0 8.5000000000000018 1.5000000000000002 363.51500000000004 1 2 174.16666666666671 52.02272727272728 2.4525606568241227 802.69500000000016 3 15.127441244620988 39.017857142857146 91.041666666666671 4 5 6 1866.7950000000003 7 8 9 10 11 51.511904761904766 12 13 1152.8300000000002 14 15 16 283.86000000000018 91.041666666666671 1720.7700000000004 643.44500000000005 181.50000000000003 17 165.35500000000005 20.500871028736459 2.3490184965274037 18 595.08500000000015 661.3900000000001 2569.5250000000005 127.08333333333336 2825.1550000000007 1323.7450000000001 19 620.02500000000009 20 661.34500000000014 21 38.500000000000007 3552.2050000000004 3601.7150000000006 1300.3950000000002 1.1269014052426869 16.619516214105875
decision_type=2 2 2 2 2 9 2 2 2 1 1 2 2 2 2 1 2 2 2 1 9 9 2 9 9 9 9 1 2 1 9 2 9 1 9 2 2 2 2 2 1 2 2 2 1 2 2 2 2 2 2 1 2 9 2 9 2 2 2 2 2 2
left_child=1 3 10 4 9 13 19 8 20 -1 -2 16 30 27 24 -10 23 51 26 36 -6 -11 -23 39 35 -16 -18 41 -29 -26 -9 -28 43 47 -20 -8 -5 -38 -12 54 -41 -4 -43 50 -27 46 -25 -15 -36 -40 -19 -7 53 -13 -3 59 -45 58 -35 -54 -61 -30
right_child=2 11 5 6 7 17 14 12 15 21 38 52 -14 33 25 -17 18 32 34 -21 -22 22 -24 45 29 44 31 28 61 -31 -32 -33 -34 57 48 -37 37 -39 49 40 -42 42 -44 56 -46 -47 -48 -49 -50 -51 -52 -53 55 -55 -56 -57 -58 -59 -60 60 -62 -63
leaf_value=-0.61595454879515232 -0.32031972847949364 -0.82941721767616527 -0.29350811633156504 0.08463156386670008 0.10706272127083666 -0.0015686149732908384 -0.86386200276726233 -0.16788850775940001 0.13628623616070198 -0.52629747145873551 -0.67103287647943266 2.0675682000318063 0.036775886173782094 -0.072303245421196802 0.023249085921547952 -0.16390259893111978 -0.69911639447981533 -0.35703236275035943 1.1597465491294774 1.0125044624966069 -0.40360387678012233 0.034777420439984753 -0.68503375008307499 1.8350405658646427 0.44767680788062336 0.44603663208977445 0.26017867618120366 -0.32808615459990187 0.096247493998272038 0.08619067575352464 -0.61985348321405886 -0.54172891499163922 0.13667344220115352 0.023074471939246166 0.19718096229214482 -0.10328257086137889 -0.92806804464060466 -1.080274533971088 -0.39890699012345865 0.055352662562601122 2.279083726239429 -0.061460125239739587 -0.33754517405498669 -0.54078993096307715 0.93594361805307558 2.7336347849457732 0.0099240092607132627 -0.37245053402914086 0.86567809962016407 -0.92585192606068234 0.040600746134838772 -0.35537007925890507 1.9021551983706873 1.1718853981131307 1.1294002722372998 2.9176019197040461 -0.09122983033893757 0.57371704745215413 -0.25371409771133957 -2.8472564966025753 2.4278212849053133 -0.28587865231845949
leaf_weight=385 184 120 100 55 378 104 101 221 5466 249 361 716 315 96 510 1962 105 150 1023 115 1229 541 103 783 1862 671 757 1012 42 4007 516 221 482 214 1125 321 223 102 489 290 463 349 423 77 1258 914 177 148 1383 41 450 370 153 831 90 1581 103 33 102 37 36 388
leaf_count=385 184 120 100 55 378 104 101 221 5466 249 361 716 315 96 510 1962 105 150 1023 115 1229 541 103 783 1862 671 757 1012 42 4007 516 221 482 214 1125 321 223 102 489 290 463 349 423 77 1258 914 177 148 1383 41 450 370 153 831 90 1581 103 33 102 37 36 388
internal_value=0.000263027 0.00153792 -0.00672522 4.49182e-05 -0.00127441 -0.00505004 0.00167561 -0.000685084 -0.000156285 -0.00587432 -0.0138799 0.00437754 -0.00516588 -0.00700771 0.00210409 0.000571928 0.0034998 -0.00168668 0.00244206 -0.00574799 -0.00354814 -0.00307671 -0.000761035 0.00519806 0.00130084 0.00415131 -0.000517956 -0.00816789 -0.00974227 0.00165122 -0.00761824 0.00042886 0 -0.00249581 0.00336375 -0.0033908 -0.00848564 -0.0100229 -0.0157218 0.00234375 0.00358796 -0.00531073 -0.0043871 -0.00176545 0.00518151 0.00658453 0.0049325 -0.00622568 0.00243951 -0.0133677 -0.000331675 -0.00613208 0.00630772 0.00495968 -0.00176056 0.00742403 -0.00628415 0.000172652 -0.000783699 0.00261506 -0.00246711 -0.00594688
internal_weight=37113 31395 5718 20590 11365 4643 9225 10087 9035 1278 1075 10805 1052 2907 8730 7428 7451 1736 4614 495 1607 893 644 2837 6291 2439 1083 2314 1442 5869 737 978 1262 593 3531 422 380 325 891 963 753 872 772 780 1929 1874 960 244 2508 530 600 474 3354 1547 210 1807 180 349 316 226 73 430
internal_count=37113 31395 5718 20590 11365 4643 9225 10087 9035 1278 1075 10805 1052 2907 8730 7428 7451 1736 4614 495 1607 893 644 2837 6291 2439 1083 2314 1442 5869 737 978 1262 593 3531 422 380 325 891 963 753 872 772 780 1929 1874 960 244 2508 530 600 474 3354 1547 210 1807 180 349 316 226 73 430
cat_boundaries=0 2 3 4 5 6 8 10 12 14 16 18 19 20 22 24 25 27 28 29 30 32 34
cat_threshold=540283618 119044 1427 520 1 1 2182152384 640 37890 86545 27956225 1136260 270668320 1638400 2458031173 786465 1183744 36864 906 780 1052896 4609 12715036 524978 209 454076188 1057410 2121 2089 1544 34345347 115341 312557888 4099
is_linear=0
shrinkage=0.05


Tree=28
num_leaves=63
num_cat=14
split_feature=15 20 21 21 17 20 16 1 13 8 5 5 8 21 0 8 1 0 19 1 21 1 1 21 1 8 23 20 8 23 8 1 1 8 8 17 1 21 19 21 1 5 17 21 5 19 20 8 17 17 9 1 21 22 23 21 11 1 8 9 8 5
split_gain=120.672 48.4447 24.3467 15.8961 11.2825 11.2262 11.1917 11.1525 8.29092 7.46806 6.37918 5.27403 5.19757 5.18237 5.12864 4.88435 4.8808 4.7271 4.49707 4.34815 4.16161 4.32116 4.00459 3.95643 3.75853 3.0949 2.84619 2.77905 2.70268 2.93882 2.57203 2.46686 2.46205 2.4435 2.42236 2.40514 2.3734 2.08769 2.27076 2.08675 2.07958 2.02718 1.95685 1.88489 1.80725 1.64737 2.26056 1.49581 1.49311 1.89028 1.75817 1.33736 1.33191 1.32555 1.3175 1.54996 1.50992 1.30691 1.31158 2.13406 1.29794 2.20492
threshold=6.5000000000000009 139.50000000000003 30.169540229885062 77.720779220779235 1.8686466400402952 8.5000000000000018 1.0182646512866858 0 1.5000000000000002 363.51500000000004 334.50000000000006 61.500000000000007 802.69500000000016 52.02272727272728 1 165.35500000000005 2 3 1893.53 4 124.06250000000001 5 6 38.509259259259267 7 93.085000000000022 4.5000000000000009 50.500000000000007 425.72000000000003 7.5000000000000009 378.30500000000006 8 9 1477.9700000000003 628.36500000000012 1.215529279303291 10 91.041666666666671 2257.5450000000005 45.55533596837946 11 327.50000000000006 1.6164304617005343 74.348484848484858 12.500000000000002 2387.0250000000005 200.50000000000003 88.52000000000001 0.81627148153588047 0.86953271924100906 1286.2500000000002 12 53.52272727272728 13.047431568048209 16.500000000000004 61.026315789473692 1214.2600000000002 13 330.67500000000007 1434.9350000000002 371.27500000000003 50.500000000000007
decision_type=2 2 2 2 2 2 2 9 2 2 2 2 2 2 1 2 9 1 2 9 2 9 9 2 9 2 2 2 2 2 2 9 9 2 2 2 9 2 2 2 9 2 2 2 2 2 2 2 2 2 2 9 2 2 2 2 2 9 2 2 2 2
left_child=1 3 10 6 20 17 16 11 9 19 34 28 22 36 -11 54 18 37 25 -8 21 35 42 57 -14 -1 30 -24 53 -30 51 -25 -23 39 47 -3 -10 -5 -39 -17 44 -18 -7 -28 -22 46 -32 -2 -36 -50 -51 -6 -31 -4 55 -13 -56 58 -9 -60 61 -42
right_child=2 4 7 5 26 12 8 23 13 14 -12 15 24 -15 -16 33 41 -19 -20 -21 40 32 27 31 -26 -27 43 -29 29 52 45 -33 -34 -35 48 -37 -38 38 -40 -41 60 -43 -44 -45 -46 -47 -48 -49 49 50 -52 -53 -54 -55 56 -57 -58 -59 59 -61 -62 -63
leaf_value=0.40133553280283202 -0.34766928451614343 -0.55854257635146964 -0.14947530160570929 0.080399985673365038 -0.027257992345967354 -0.55928763541808613 0.098839980792940277 0.05382159561915021 0.046905261307263184 0.12972529200411706 0.036911704651941872 -0.37948263255708753 0.022086631625470511 0.03493709186509282 -0.15751160483790702 -0.20229114426299086 -0.48469390984432192 0.96187923937177655 -0.67650116308108632 -0.38790667112229243 -0.35969933929138165 0.84276838609123184 -0.057977374574221058 0.2299414053274294 0.74574173303633273 -0.23281289491260371 -0.59892468427685164 0.24422574390571575 0.016378843812804612 -0.40872160732118712 1.2909332727515066 -0.073139428345597862 0.14799807900067405 0.14756335313890059 -0.47561942067829066 0.061483439951509317 -0.5623955695192876 -1.0988233222696668 0.35845772778643764 -0.17512919808831909 -1.7862520648917242 0.015478789443647578 0.25474309093479769 0.80927942683188125 1.3290509140176874 1.0780422057504593 3.0938861122311589 -0.60005363570085324 0.070172648116082578 0.12132848392955947 -0.45613479128473194 1.1499085762117998 -0.099220858211494012 -0.32569345481074974 -0.23095752747655532 -0.18634035944693839 -0.084933412863049548 -0.071045633967063093 -0.76867516477813447 -0.1881760206924101 0.78838978635892232 0.2116795050440759
leaf_weight=211 21 218 25 55 229 234 401 29 106 5483 74 166 514 315 1966 1017 633 115 104 1208 51 522 992 261 1953 266 27 4924 84 235 1140 1038 1714 138 64 203 631 299 26 792 20 64 190 335 1243 236 3230 370 20 24 502 455 66 240 29 36 79 171 76 161 762 320
leaf_count=211 21 218 25 55 229 234 401 29 106 5483 74 166 514 315 1966 1017 633 115 104 1208 51 522 992 261 1953 266 27 4924 84 235 1140 1038 1714 138 64 203 631 299 26 792 20 64 190 335 1243 236 3230 370 20 24 502 455 66 240 29 36 79 171 76 161 762 320
internal_value=0.000292664 0.00151084 -0.00638437 9.54429e-05 0.00424099 0.00163084 -0.00115442 -0.00479176 -0.000590824 -9.65677e-05 -0.0131841 -0.00668236 0.00204739 -0.00478673 0.000565284 -0.00550332 -0.00556206 -0.00564759 -0.00191498 -0.00318703 0.00250445 0.00111372 0.001277 -0.00154374 0.00400304 2.60417e-05 0.00578249 0.00161916 -0.010758 -0.00769974 0.00607878 -0.000124808 0.00200089 -0.00451923 -0.0142306 -0.00342742 -0.0070777 -0.00835509 -0.00987043 -0.00501518 0.00402251 -0.00836268 -0.00331808 0.00130137 0.00541316 0.00651443 0.00674022 -0.0176713 -0.0118679 -0.0107013 -0.0112949 0.00305677 -0.00999178 -0.0148787 -0.0114217 -0.0140244 -0.00585586 -0.00565341 -0.0077957 -0.00932292 0.00226457 -0.000145773
internal_weight=37113 31395 5718 20690 10705 9302 11388 4643 10110 9058 1075 2907 8807 1052 7449 2257 1278 495 581 1609 5053 2657 6340 1736 2467 477 5652 5916 650 385 5290 1299 2236 1947 1001 421 737 380 325 1809 2396 697 424 362 1294 4606 4370 391 610 546 526 684 301 265 310 202 108 437 266 237 1102 340
internal_count=37113 31395 5718 20690 10705 9302 11388 4643 10110 9058 1075 2907 8807 1052 7449 2257 1278 495 581 1609 5053 2657 6340 1736 2467 477 5652 5916 650 385 5290 1299 2236 1947 1001 421 737 380 325 1809 2396 697 424 362 1294 4606 4370 391 610 546 526 684 301 265 310 202 108 437 266 237 1102 340
cat_boundaries=0 2 3 5 6 8 10 12 14 16 18 20 22 24 26
cat_threshold=540283618 119044 1 2700623933 294946 1 2182152386 640 68399168 307200 270668320 1638400 2458031173 786465 369107201 262145 19154715 1048606 1052768 512 838923051 104074 538447872 16384 34078725 640
is_linear=0
shrinkage=0.05


Tree=29
num_leaves=63
num_cat=3
split_feature=15 14 7 17 14 16 7 13 7 19 17 11 7 5 5 15 4 17 8 7 6 5 5 11 17 9 5 6 7 8 17 4 19 7 17 5 14 5 6 6 5 15 8 19 7 17 5 5 23 5 7 19 23 19 0 17 5 9 7 7 19 11
split_gain=106.399 26.6485 20.7379 14.6181 12.6107 9.93285 9.14946 9.03353 8.78427 5.77816 5.12474 5.06341 4.81609 4.8132 4.66438 4.63207 4.38783 4.27694 3.7169 3.68637 3.46977 3.38306 3.1399 3.03373 2.89967 5.99031 3.85425 2.54561 2.48797 2.37616 2.32216 2.27301 2.25335 2.22559 2.01126 1.96156 1.94151 1.8624 1.81431 1.78514 1.76781 1.70044 1.68951 1.68852 1.67453 1.89112 1.6342 1.55759 2.04697 1.53339 1.49008 1.47148 2.38212 1.46661 1.97433 1.3596 1.20402 1.16772 1.08262 0.98852 0.983046 0.822421
threshold=6.5000000000000009 1.5000000000000002 -1.0000000180025095e-35 1.3333348021374041 4.5000000000000009 1.0182646512866858 384.06999999999999 1.5000000000000002 992.05500000000018 2631.2900000000009 2.1546851836741499 4205.3050000000012 275.56500000000005 334.50000000000006 17.500000000000004 8.5000000000000018 0 1.2996815599229943 165.35500000000005 1.0000000180025095e-35 5898.4900000000007 46.500000000000007 179.50000000000003 2713.8100000000004 0.81627148153588047 1.0000000180025095e-35 131.50000000000003 6744.7200000000003 978.62500000000011 85.330000000000013 0.96996937111068993 1 878.98000000000002 1703.6700000000003 1.0358007381102416 111.50000000000001 3.5000000000000004 31.500000000000004 1376.8900000000001 2012.74 314.50000000000006 5.5000000000000009 2374.9600000000005 2825.1550000000007 60.600000000000009 2.3336560948953862 324.50000000000006 314.50000000000006 6.5000000000000009 311.50000000000006 -1.0000000180025095e-35 1120.8650000000002 7.5000000000000009 2446.2350000000001 2 1.7195004606467987 350.50000000000006 137.89500000000001 -462.12499999999994 719.94500000000016 571.38500000000022 9246.4750000000022
decision_type=2 2 2 2 2 2 2 2 2 2 2 2 2 2 2 2 9 2 2 2 2 2 2 2 2 2 2 2 2 2 2 9 2 2 2 2 2 2 2 2 2 2 2 2 2 2 2 2 2 2 2 2 2 2 1 2 2 2 2 2 2 2
left_child=1 2 32 16 6 20 11 12 9 14 37 18 44 43 -5 34 51 22 23 -12 50 38 -14 57 25 -18 -26 35 -19 -13 -31 59 -1 -21 39 -10 46 55 -17 -8 -11 -39 -33 -6 45 -7 -20 48 -36 -46 -3 -4 -53 54 -52 -9 -49 -2 -34 -23 -25 -40
right_child=4 5 3 8 13 7 15 10 27 40 19 29 17 -15 -16 21 24 28 36 33 -22 31 -24 60 26 -27 -28 -29 -30 30 -32 42 58 -35 47 -37 -38 41 61 -41 -42 -43 -44 -45 49 -47 -48 56 -50 -51 53 52 -54 -55 -56 -57 -58 -59 -60 -61 -62 -63
leaf_value=-0.83182583452138781 -0.085271813851653999 -1.3498601487689623 0.58665642483188207 -0.27671236654504749 -0.59930166953642705 -1.0597428865493916 0.10565938841969613 -0.95328542163111618 1.0197341953250685 -0.33664549032402552 1.256529914632694 -0.28324225541635811 -0.53270346635870014 0.11004640025640616 0.77422985753475637 0.10841525399926609 0.36617367694545067 0.081627880249273768 -0.15937851408026332 -0.46319287377096141 -0.49885571981841431 -0.14384311392447699 0.082715308606193194 0.13619893055722301 -0.092524684676536767 -0.29969377181514884 0.31107108347060369 -0.39189975112043068 0.37307605285150408 -0.5787304418572411 -0.37018405906099522 -0.22532419863511235 -0.78485476818512301 -0.82026052553282591 -0.36036252630453047 1.8934761039757675 -0.30617856248205216 0.39255120577804203 -0.38850833760351594 -0.31755825741610155 1.4512783197629298 -0.35608588580100947 0.13595325907535027 -0.91627406161959934 -0.19374058764847712 -0.39330520000548302 0.040837307366864375 0.32707840428119433 -0.016906451269357171 0.36665666666431812 -0.098110801705998091 0.40590361441537431 -0.56894560340757039 -0.59601343570564014 -0.31022232957828549 0.55744438664009011 -0.073492372342789741 -0.29673019244490856 -1.245000589432911 0.1444009916229054 -0.5819526841966296 -0.4739996850363315
leaf_weight=53 27 62 1192 476 327 76 88 44 1616 600 89 72 291 29 8032 24 753 4254 1046 944 56 121 255 48 1624 1340 2535 55 1236 214 234 838 44 60 262 2545 196 479 172 318 72 215 25 56 506 58 139 144 812 63 679 370 75 82 419 24 41 317 121 100 22 46
leaf_count=53 27 62 1192 476 327 76 88 44 1616 600 89 72 291 29 8032 24 753 4254 1046 944 56 121 255 48 1624 1340 2535 55 1236 214 234 838 44 60 262 2545 196 479 172 318 72 215 25 56 506 58 139 144 812 63 679 370 75 82 419 24 41 317 121 100 22 46
internal_value=0.000287275 0.00143122 0.00241967 0.0025795 -0.00598235 -0.000712481 -0.00530703 -9.01477e-05 0.00358609 0.00270609 -0.00318219 -0.00768443 0.000754598 -0.0144578 0.00306074 -0.00344439 0.000863216 0.00121709 -0.00634733 -0.00537181 -0.00478478 -0.00566215 -0.00295993 -0.0106115 0.000247406 -0.00125835 0.00101814 0.00548708 0.001643 -0.0121415 -0.0135255 -0.00436983 -0.0127828 -0.00625621 -0.00164119 0.00563461 -0.00501264 0 -0.0111224 -0.0047066 -0.0017037 0.000753228 -0.00549372 -0.015965 -0.00313385 -0.00821168 -0.00415614 -0.0006042 -0.00136955 -0.00181381 -0.00415663 0.00315909 0.000585938 -0.00367709 -0.00311081 -0.00774648 0.00352394 -0.012536 -0.0156994 5.34188e-05 -0.000342466 -0.0125566
internal_weight=37113 31395 21503 21285 5718 9892 5306 8594 13396 9180 1855 2315 6739 412 8508 2991 7889 6036 1795 1093 1298 1326 546 414 6252 2093 4159 4216 5490 520 448 1084 218 1004 1665 4161 1381 762 242 406 672 694 863 383 703 134 1185 1259 1074 569 1242 1637 445 1180 1098 68 185 344 165 221 70 218
internal_count=37113 31395 21503 21285 5718 9892 5306 8594 13396 9180 1855 2315 6739 412 8508 2991 7889 6036 1795 1093 1298 1326 546 414 6252 2093 4159 4216 5490 520 448 1084 218 1004 1665 4161 1381 762 242 406 672 694 863 383 703 134 1185 1259 1074 569 1242 1637 445 1180 1098 68 185 344 165 221 70 218
cat_boundaries=0 1 2 3
cat_threshold=16 16 1
is_linear=0
shrinkage=0.05


Tree=30
num_leaves=63
num_cat=10
split_feature=15 21 21 7 7 7 2 19 15 21 0 19 2 12 2 18 5 7 19 2 22 2 17 21 22 10 19 21 22 17 21 22 2 21 21 5 10 12 11 7 21 15 4 10 9 7 22 6 2 11 5 9 19 2 19 17 7 11 5 15 5 11
split_gain=96.2734 27.3853 17.736 15.9725 8.97717 8.47024 7.49561 6.58493 6.51562 10.9737 7.02154 10.3173 7.41362 6.19747 5.55853 5.92076 5.42088 4.93505 4.69197 4.61696 4.45913 3.9758 3.89097 3.2888 3.25581 3.0972 3.08869 2.82304 2.79186 2.7915 2.72842 2.56188 2.47675 2.40182 2.2994 2.19213 2.68185 2.15416 2.08705 2.04824 2.04388 2.15373 2.04248 2.01048 1.99557 1.89795 1.78178 1.77002 1.74979 1.74454 1.71042 1.60782 1.38557 1.35953 1.34891 1.33209 1.32841 1.12288 1.1062 0.982837 0.981442 1.03771
threshold=6.5000000000000009 119.05555555555557 35.019230769230781 363.51500000000004 -1.0000000180025095e-35 165.35500000000005 0 4089.6550000000011 2.5000000000000004 64.607692307692318 1 1308.345 2 1.5000000000000002 3 1.4018649933634906 334.50000000000006 633.99500000000023 2108.3350000000005 4 63.648447914279068 5 1.8686466400402952 45.020000000000003 115.91214120602184 1744.2300000000002 1517.8900000000001 78.174242424242451 78.430436043222343 0.96264417044662676 55.025000000000006 22.311300111846375 6 174.16666666666671 57.519230769230781 195.50000000000003 1.0000000180025095e-35 1.5000000000000002 2819.0950000000007 1090.6800000000003 26.017241379310349 9.5000000000000018 7 1516.4750000000001 767.21500000000015 509.73000000000008 14.137647161115176 3650.2500000000005 8 2017.2650000000001 148.50000000000003 744.04000000000008 1396.5350000000001 9 429.51500000000004 1.6095125282966587 -462.12499999999994 2975.4700000000007 215.50000000000003 8.5000000000000018 335.50000000000006 847.57000000000005
decision_type=2 2 2 2 2 2 1 2 2 2 1 2 1 2 1 2 2 2 2 1 2 1 2 2 2 2 2 2 2 2 2 2 1 2 2 2 2 2 2 2 2 2 9 2 2 2 2 2 1 2 2 2 2 1 2 2 2 2 2 2 2 2
left_child=1 3 16 7 24 44 22 14 10 21 11 -8 -12 17 35 27 18 20 29 57 49 -10 26 31 54 -22 30 -16 48 38 -5 42 -11 52 -17 36 -1 47 -2 -40 41 -31 -21 -35 46 -33 -4 -24 -25 -6 -15 -20 -19 -42 -3 -28 -56 -7 -37 -46 61 -48
right_child=2 4 5 6 13 19 8 -9 9 32 12 -13 -14 50 15 34 -18 33 51 23 25 -23 37 28 -26 -27 55 -29 -30 40 -32 45 -34 43 -36 58 -38 -39 39 -41 53 -43 -44 -45 59 -47 60 -49 -50 -51 -52 -53 -54 -55 56 -57 -58 -59 -60 -61 -62 -63
leaf_value=1.7154984070516868 -0.13403261082141071 -0.4610123871954378 0.059450766991515726 -0.22068060653945309 0.94067384100667051 -0.059146885306930665 1.2411244522733662 -0.63622976546266485 -0.68153626375124476 0.85459790283009984 -1.892283061391649 0.060393730967251008 0.00011327157801641619 -0.31130549635108151 -0.31417021442440207 -0.81858753102841109 0.0068744502581221667 0.91680966561552324 -0.17431145576344476 -0.19122682059256732 0.24586123481735145 -0.14542343379501849 0.94588077277466009 0.019467846984550976 1.5733426593362592 -1.478017899757166 -0.25108924315935471 0.023029474467326595 -0.48412175927499812 -0.58163936541265626 0.25400491161311328 -0.42578925917016203 0.038887300624419918 2.5783160252305479 -0.57507762946380137 0.59511890185860084 -0.18243773826816226 -1.1441654207250396 -0.52107734894042967 -0.0071957812161024043 -0.016317790296697731 -0.34929790023029217 -0.04851249792234285 1.0509089378463397 0.037448304481371507 -0.16376072970421199 -0.070990994458197496 0.11654218129403447 -0.16403202270562434 0.088419995545024221 -0.60074600903278663 -0.79993279639197246 0.045178463406680261 -0.21405301100271626 -0.63161793476528183 -1.0936355213664382 -1.5221041223877489 0.50161551475440191 0.064476585276603077 -0.46980196697249821 -0.19807372922189925 -0.33756840740217781
leaf_weight=157 41 23 22 311 2983 63 2068 113 389 561 131 2059 903 88 2190 112 117 1927 39 592 1612 1766 1654 663 52 55 141 853 41 53 1480 148 4144 1529 168 190 1120 40 369 29 138 266 397 666 73 178 32 171 1129 357 69 162 219 541 22 33 53 163 986 44 30 388
leaf_count=157 41 23 22 311 2983 63 2068 113 389 561 131 2059 903 88 2190 112 117 1927 39 592 1612 1766 1654 663 52 55 141 853 41 53 1480 148 4144 1529 168 190 1120 40 369 29 138 266 397 666 73 178 32 171 1129 357 69 162 219 541 22 33 53 163 986 44 30 388
internal_value=0.000287275 0.00137549 -0.00567646 0.000388631 0.00359158 -0.00379791 0.00121657 -0.00183087 0.000595189 -0.000407985 0.0019389 0.00286622 -0.00171167 0.0037876 -0.00158332 -0.00291142 -0.00987628 0.0039568 -0.0106185 -0.00280574 0.00286178 -0.00336538 0.00314208 -0.00330592 -0.00833333 0.000711078 0.00155615 -0.00225295 -0.00189951 -0.00950521 0.00219482 -0.00524469 0.000937234 0.00520546 -0.00989399 0.000207826 -0.00120117 0.00479791 -0.0130373 -0.0141521 -0.00786713 -0.0113742 -0.00386845 0.00640924 -0.00935389 -0.00919453 -0.0108421 0.00506701 -0.00155989 0.00391864 -0.00585938 -0.018076 0.00394369 -0.00610337 -0.0136139 -0.00466102 -0.0168269 0.00387029 0.00178117 -0.0028125 -0.0115342 -0.0121749
internal_weight=37113 31395 5718 21740 9655 3963 15851 5889 12021 6860 5161 4127 1034 9505 5776 3323 1755 9348 1638 3374 5007 2155 3830 3148 150 1667 1965 3043 1833 1437 1791 1315 4705 4341 280 2453 1277 1865 439 398 998 319 989 2195 589 326 472 1825 1792 3340 157 201 2146 679 98 174 75 226 1176 117 450 420
internal_count=37113 31395 5718 21740 9655 3963 15851 5889 12021 6860 5161 4127 1034 9505 5776 3323 1755 9348 1638 3374 5007 2155 3830 3148 150 1667 1965 3043 1833 1437 1791 1315 4705 4341 280 2453 1277 1865 439 398 998 319 989 2195 589 326 472 1825 1792 3340 157 201 2146 679 98 174 75 226 1176 117 450 420
cat_boundaries=0 1 2 3 4 5 6 7 8 9 10
cat_threshold=1548 1 256 1580 512 256 256 7 1418 1216
is_linear=0
shrinkage=0.05


Tree=31
num_leaves=63
num_cat=12
split_feature=20 15 20 21 20 21 21 2 2 5 20 7 5 7 7 9 18 20 0 11 8 11 8 0 8 2 9 2 21 18 7 16 20 23 2 0 18 18 10 8 5 5 5 9 5 2 21 16 2 23 16 2 11 21 11 11 5 0 18 10 7 23
split_gain=85.6101 29.7949 26.785 13.5146 11.1475 10.1251 7.74418 6.71666 6.54033 6.37627 5.42406 5.05261 5.01752 4.42625 4.30957 4.20797 3.6327 3.47632 4.61493 3.43399 3.29137 3.10401 3.12774 2.9838 2.87942 2.81857 2.74932 2.61725 2.52093 2.49599 2.31732 2.8076 2.28588 2.2592 2.18685 8.68384 2.14808 2.07412 2.05644 2.04974 2.0451 3.02778 2.02768 2.15377 2.02359 1.9758 1.91746 1.76953 2.3246 1.80658 1.73652 1.66074 1.63376 1.83567 1.56124 1.55864 1.50128 1.47629 1.46884 1.42126 1.34957 1.33369
threshold=62.500000000000007 7.5000000000000009 188.50000000000003 87.527777777777786 1.0000000180025095e-35 56.023809523809533 27.032258064516132 0 1 110.50000000000001 35.500000000000007 864.61500000000012 346.50000000000006 536.09000000000003 360.31500000000005 342.00500000000005 0.43284814592363258 8.5000000000000018 2 4667.005000000001 853.7700000000001 4265.2350000000006 862.54500000000007 3 165.35500000000005 4 774.41500000000008 5 38.016666666666673 0.49226537478858551 259.17500000000007 1.1582448958751921 25.500000000000004 4.5000000000000009 6 7 0.2248390793765728 1.044995713717721 1386.6700000000003 1322.8100000000002 145.50000000000003 173.50000000000003 11.500000000000002 290.89000000000004 108.50000000000001 8 184.70833333333334 0.86483092314221754 9 3.5000000000000004 2.4390723915429047 10 2476.5350000000008 65.083916083916094 511.60500000000002 2997.8350000000005 47.500000000000007 11 1.3516784114688052 352.31000000000012 467.53000000000009 4.5000000000000009
decision_type=2 2 2 2 2 2 2 1 1 2 2 2 2 2 2 2 2 2 1 2 2 2 2 1 2 1 2 1 2 2 2 2 2 2 1 1 2 2 2 2 2 2 2 2 2 1 2 2 1 2 2 1 2 2 2 2 2 1 2 2 2 2
left_child=1 4 3 7 9 10 12 30 45 16 47 21 14 19 -3 61 42 18 -17 24 33 22 -9 36 26 -19 -8 -15 -29 44 58 38 -26 37 35 -12 -11 51 -32 -21 -25 -42 -1 -44 -10 -5 -31 49 -49 -6 -33 -4 -13 -54 -35 -22 -23 -18 -2 -36 -39 -7
right_child=2 6 20 8 5 15 13 11 29 23 34 52 -14 27 -16 17 57 25 -20 39 55 56 -24 40 32 -27 -28 28 -30 46 31 50 -34 54 59 -37 -38 60 -40 -41 41 -43 43 -45 -46 -47 -48 48 -50 -51 -52 -53 53 -55 -56 -57 -58 -59 -60 -61 -62 -63
leaf_value=-0.96606970819975635 -0.32534741766855113 -0.58317950783501438 2.4900267353548453 1.1911431114386044 -0.38757059969206376 -0.63579139093500803 -0.31800627036624141 -0.15107701370000265 0.1392875424315542 0.93949422806992333 0.055408665079879162 0.88696910123780204 0.10417494576968744 0.12032876865665916 -0.38964775192182655 -0.73205616808694118 1.587609066730622 0.60261626602653162 0.91676660997330728 -0.53658820939165075 2.5875395494652516 -0.70905355809688819 -2.0042988244192843 5.9887300165079083 -0.30002967428076649 -0.010643983117781187 0.16373176749089763 -0.19511957285105197 -0.081478216854211818 0.16898121940124045 0.54672146942111388 0.27721824594417405 -0.080573607495963678 -0.77255560826362124 -0.65006763130091083 -1.2347151323297345 2.9483035493046317 -1.3392068762073117 -0.39604332515343366 0.056893969907394308 -2.1849039300612083 -0.2055717640541479 -0.95786477443516227 -0.098403628002231625 -0.31500380143445972 0.57936667355511051 0.91271813262104262 -0.14698767233854326 -0.43624110877215511 -0.48253260644715418 0.14299771475877457 1.1768959312031377 -0.12910666303006257 0.2351126330898996 0.36439881925858075 0.92498792569452459 -0.29443387144425737 -0.51380975118232719 0.15606360331745509 -0.071840499090687002 0.7152200166971362 -0.16836612650681976
leaf_weight=82 499 275 985 611 96 256 207 3093 562 241 132 241 30 187 368 430 291 335 146 385 1933 72 34 32 301 3362 23 461 481 3509 23 1032 848 36 34 75 652 49 118 31 27 96 82 877 312 2590 674 259 1284 85 1539 2746 508 424 394 435 146 83 86 1503 163 242
leaf_count=82 499 275 985 611 96 256 207 3093 562 241 132 241 30 187 368 430 291 335 146 385 1933 72 34 32 301 3362 23 461 481 3509 23 1032 848 36 34 75 652 49 118 31 27 96 82 877 312 2590 674 259 1284 85 1539 2746 508 424 394 435 146 83 86 1503 163 242
internal_value=0.000279192 -0.00275224 0.00218149 0.00106759 -0.00142223 -0.00230678 -0.00669097 -0.000417306 0.00247851 0.00151561 -0.00436474 -0.00167182 -0.0115939 -0.00553468 -0.012558 -0.000798597 -0.000643512 -0.000277713 -0.00388601 -0.00709816 0.00482837 -0.0026695 -0.00224042 0.00447193 -0.00579776 0.000273649 -0.0110515 -0.00299249 -0.00405759 0.00133383 0.00128776 0.00191529 -0.00467665 0.00397909 -0.00234688 -0.00710227 0.00559431 0.00435568 -0.00477431 -0.0112172 -0.00166139 -0.00486111 -0.00219109 -0.0014683 -0.00105473 0.00425093 0.00184842 -0.00636943 -0.00573254 -0.0113451 0.00230672 0.00462975 0.00111607 0.000106952 0.000404157 0.00636862 -0.00848416 0.00351459 -0.00150935 -0.00160484 -0.000232558 -0.00513972
internal_weight=37113 14299 22814 16073 10702 8239 3597 7815 8258 2463 3468 4518 673 2924 643 4771 1415 4273 576 1795 6741 3345 3127 1048 1379 3697 230 1129 942 5057 3297 2712 1149 4373 1744 207 893 3943 141 416 155 123 1041 959 874 3201 4183 1724 1543 181 2571 3731 1173 932 430 2368 218 374 585 1537 212 498
internal_count=37113 14299 22814 16073 10702 8239 3597 7815 8258 2463 3468 4518 673 2924 643 4771 1415 4273 576 1795 6741 3345 3127 1048 1379 3697 230 1129 942 5057 3297 2712 1149 4373 1744 207 893 3943 141 416 155 123 1041 959 874 3201 4183 1724 1543 181 2571 3731 1173 932 430 2368 218 374 585 1537 212 498
cat_boundaries=0 1 2 3 4 5 6 7 8 9 10 11 12
cat_threshold=1708 902 1 1 512 520 256 1 256 1542 416 1
is_linear=0
shrinkage=0.05


Tree=32
num_leaves=63
num_cat=22
split_feature=15 14 7 17 14 2 19 0 1 16 2 7 2 2 1 1 2 1 13 1 17 10 5 1 2 1 1 10 1 16 1 1 7 1 15 16 19 19 19 22 2 22 15 7 5 17 17 22 7 17 16 22 12 7 8 1 17 8 8 2 12 16
split_gain=76.1638 20.7898 18.7468 12.7446 9.89175 9.48531 7.4909 8.47676 7.44354 7.12711 5.61376 5.54661 5.25464 5.16797 4.89509 4.69121 5.02741 4.65647 4.61879 5.76613 4.17084 4.09076 3.89494 3.77371 3.70461 3.5216 3.42166 3.30694 3.21843 3.03703 3.03563 3.01127 2.5825 2.58066 2.5548 2.51585 2.19654 2.04349 2.02573 2.55512 2.02257 1.93746 1.83696 1.80492 1.76587 1.70353 1.68318 1.54266 1.54033 1.50438 1.52196 1.47973 1.83247 1.43614 1.43282 1.4017 1.3749 1.8391 2.30115 1.34631 1.33863 1.33266
threshold=6.5000000000000009 1.5000000000000002 -1.0000000180025095e-35 1.7195004606467987 4.5000000000000009 0 1552.8600000000001 1 2 1.0182646512866858 3 352.15000000000003 4 5 6 7 8 9 1.5000000000000002 10 2.1546851836741499 1861.1250000000002 334.50000000000006 11 12 13 14 1756.8000000000004 15 1.5074172715619711 16 17 373.2050000000001 18 5.5000000000000009 1.7232064145184356 1657.2750000000005 2825.1550000000007 878.98000000000002 67.70149760280286 19 11.302654339031692 13.500000000000002 1263.4900000000002 201.50000000000003 1.5459946582059472 1.1191346729340703 24.634924132340078 576.38000000000011 1.8378178308756659 0.71540769877163324 68.596039404782644 1.5000000000000002 363.51500000000004 63.055000000000007 20 1.8181788226775535 1240.0450000000003 448.42500000000007 21 1.0000000180025095e-35 1.0080916135409423
decision_type=2 2 2 2 2 1 2 1 9 2 1 2 1 1 9 9 1 9 2 9 2 2 2 9 1 9 9 2 9 2 9 9 2 9 2 2 2 2 2 2 1 2 2 2 2 2 2 2 2 2 2 2 2 2 2 9 2 2 2 1 2 2
left_child=1 2 38 13 8 30 7 31 10 23 33 28 -9 17 59 -8 -17 45 19 32 40 -22 37 -7 41 -26 46 60 42 -21 56 -5 -11 -2 -28 43 -19 53 -1 -40 -20 -16 -10 54 -35 -4 -15 -30 -29 50 -32 52 -51 -6 -12 -52 -3 58 -58 -13 -25 -49
right_child=4 5 3 6 22 9 15 12 11 18 35 14 -14 26 24 16 -18 36 20 29 21 -23 -24 27 25 -27 34 48 47 -31 49 -33 -34 44 -36 -37 -38 -39 39 -41 -42 -43 -44 -45 -46 -47 -48 61 -50 51 55 -53 -54 -55 -56 -57 57 -59 -60 -61 -62 -63
leaf_value=-0.75959644697193451 0.19626407171392693 -0.32397107297492556 0.098374238267043973 1.09094254159642 -0.58562763721648403 0.031532168751604493 1.2282482247607611 -0.42017223743321108 -0.26853118886688032 -0.38067064066159573 -0.24541871822041009 0.017877049025773629 1.0172787518422115 -0.14559151905831413 -0.17464123715037552 -0.34753143983036694 0.81457891182879139 -0.0894159624406866 -0.52988899693555636 -0.041554957031741592 -0.27781453236580322 -0.4846774709527395 0.098991610442195288 -1.1772960283079255 -0.40697232915730663 -0.13255527427510119 0.41541172075741317 -0.61016760111921953 -0.030389177803239242 0.12892934486649085 -0.46136812204033917 1.7693692866180883 -0.13337616806982577 -0.29102182769673385 -0.21479986124379657 -0.22285120916526671 -0.50198357349618161 -0.80777385483255171 -1.0803071238177488 -0.066013166775666141 0.15915602859805028 0.018050670780354407 -0.50777481058955853 -0.15290693277173856 -0.022828627657956704 0.94799766416628239 0.26085129651248112 -0.026816631501981016 -0.30883442132603744 0.68176784803973289 0.45235860061732408 -0.11833967760727315 -0.59446838669003055 -0.31240499847242148 -0.36386040557732685 0.073100349211207491 -0.29041361533849486 -1.1901248481628801 1.1755263419527182 0.25170492193714955 -0.20017262183784768 -0.31907767097303258
leaf_weight=53 160 194 2042 1313 156 213 877 887 559 171 50 222 1162 737 109 950 956 2288 156 2480 645 284 29 51 274 1024 4599 188 353 1964 55 4223 515 93 192 326 322 56 141 24 445 822 80 46 105 201 536 89 90 871 108 119 49 171 614 650 83 40 101 203 420 177
leaf_count=53 160 194 2042 1313 156 213 877 887 559 171 50 222 1162 737 109 950 956 2288 156 2480 645 284 29 51 274 1024 4599 188 353 1964 55 4223 515 93 192 326 322 56 141 24 445 822 80 46 105 201 536 89 90 871 108 119 49 171 614 650 83 40 101 203 420 177
internal_value=0.000283234 0.00125127 0.00212441 0.00227652 -0.00502098 -0.000641738 0.00353389 0.00435062 -0.00442174 -0.00148985 -0.00758706 -0.00324841 0.00156555 0.00107715 -0.00192887 0.00128769 -9.11933e-05 -0.000131011 -0.000900495 -0.000170466 -0.0033105 -0.00540504 -0.0125301 -0.00551813 -0.00287132 -0.00459573 0.00204871 -0.00713583 -0.00600714 0.000482387 0.00217915 0.00537101 -0.00439914 -0.00181941 0.00266184 -0.00948522 -0.00157263 -0.0138925 -0.0123303 -0.0151042 0 -0.000384004 -0.00853144 -0.0113254 -0.00556872 0.00152371 -0.000223561 -0.00310522 -0.0116548 0.0030563 0.00136336 0.00435461 0.00503792 -0.0118561 -0.011994 0.00200394 -0.00156613 0.000881057 0.00320856 0.00288242 -0.00445675 -0.00604089
internal_weight=37113 31395 21503 21285 5718 9892 10368 7585 5306 7622 1394 3912 2049 10917 2654 2783 1906 4853 6660 5130 1530 929 412 962 2229 1298 6064 749 1258 4444 2270 5536 686 358 4791 1036 2610 383 218 165 601 931 639 710 198 2243 1273 619 278 1852 813 1039 920 327 664 758 418 224 184 425 471 266
internal_count=37113 31395 21503 21285 5718 9892 10368 7585 5306 7622 1394 3912 2049 10917 2654 2783 1906 4853 6660 5130 1530 929 412 962 2229 1298 6064 749 1258 4444 2270 5536 686 358 4791 1036 2610 383 218 165 601 931 639 710 198 2243 1273 619 278 1852 813 1039 920 327 664 758 418 224 184 425 471 266
cat_boundaries=0 1 2 4 5 6 7 9 11 12 14 16 18 19 20 22 24 26 28 30 31 33 34
cat_threshold=524 1 35655810 65796 1800 2337 2257 83928320 266259 2274166021 180266 177 2327109813 435366 71831652 34 2158264365 49152 1708 5505636 3223523364 1480737 537427977 262674 3277410 331936 2195883009 81040 130 65536 1281 25 33793 3273
is_linear=0
shrinkage=0.05


Tree=33
num_leaves=63
num_cat=13
split_feature=20 20 15 21 20 21 2 17 5 20 6 17 2 2 10 21 2 7 7 20 8 19 6 17 5 19 17 4 11 20 17 11 4 16 16 7 16 11 5 2 4 17 7 17 2 5 7 6 2 19 10 4 2 20 19 6 11 7 16 2 9 17
split_gain=72.3661 24.5217 22.0375 12.1643 10.2509 10.0828 6.70483 6.52455 6.30331 4.84931 4.84906 4.80542 4.70735 4.64372 5.9752 4.42809 3.91025 3.85789 3.57407 3.37185 3.68004 3.26059 2.89203 2.72283 2.65602 2.54848 2.95408 3.14784 2.39149 2.50156 2.37171 2.34258 2.31089 2.29257 2.27861 2.25113 2.13099 2.11345 3.52324 2.72963 2.11304 2.3203 2.07833 2.04744 1.99628 1.96355 1.94583 1.94082 1.88752 1.77797 1.66729 1.65776 1.55214 1.78402 1.54911 1.52999 1.49289 1.44767 1.38737 1.47417 1.37046 1.35574
threshold=62.500000000000007 188.50000000000003 8.5000000000000018 77.720779220779235 1.0000000180025095e-35 48.340579710144937 0 2.0296257185303714 110.50000000000001 36.500000000000007 5620.6000000000013 1.8461546955788284 1 2 935.75000000000011 51.511904761904766 3 717.30500000000018 504.39000000000004 8.5000000000000018 443.06000000000006 1300.6900000000001 1734.8500000000001 0.93107345018391097 333.50000000000006 1415.99 1.5322128557806927 4 4667.005000000001 25.500000000000004 0.7631991160095607 660.95000000000016 5 1.4262758321506672 1.0259625827648244 756.61500000000012 1.0530568869425665 762.22500000000014 53.500000000000007 6 7 3.518417933307038e-05 1128.6050000000002 0.80633253027532559 8 11.500000000000002 321.39500000000004 1734.8500000000001 9 4758.5250000000005 2231.1050000000005 10 11 203.50000000000003 2446.2350000000001 3372.3600000000001 4876.1300000000001 702.73000000000013 0.84450718947315684 12 630.58000000000015 1.446673937028498
decision_type=2 2 2 2 2 2 1 2 2 2 2 2 1 1 2 2 1 2 2 2 2 2 2 2 2 2 2 9 2 2 2 2 9 2 2 2 2 2 2 1 9 2 2 2 1 2 2 2 1 2 2 9 1 2 2 2 2 2 2 1 2 2
left_child=2 3 4 7 8 9 23 12 21 37 17 16 30 14 -7 18 -3 28 -14 22 -21 47 -15 -5 42 26 27 -8 29 44 -2 -13 61 -9 -11 57 -31 38 -6 -39 -18 -42 -12 -30 -4 -23 -17 -1 -35 60 -36 -47 -33 -54 -55 -32 -45 -10 -34 -60 -27 -19
right_child=1 11 10 6 5 13 25 33 35 34 24 31 15 19 -16 46 40 32 -20 20 -22 45 -24 -25 -26 49 -28 -29 43 36 55 52 58 48 50 -37 -38 39 -40 -41 41 -43 -44 56 -46 51 -48 -49 -50 -51 -52 -53 53 54 -56 -57 -58 -59 59 -61 -62 -63
leaf_value=-0.26245861781329333 -0.24136627253290863 2.1376620560716399 -0.09299670879728357 0.020509335569719057 -0.71199809761504551 -0.53447888083326589 0.24452230813223111 -0.15028537106929446 1.1326601129654528 -0.27534509877536806 -0.63496824578129119 1.1807239674871397 -0.44565236663619778 0.38060248059740759 0.65448833532522177 -0.31016607746959041 0.62628583429503815 0.26400318218265134 -0.2298361731073392 -0.17317983794371281 0.016946947585763008 -1.0406066055712144 -0.72385905743140011 0.74591750391737721 0.071122021713618186 -0.13861465712754981 0.55513952393324861 -0.132045525319435 -0.55120448168548164 -0.16242210551472064 0.13936988030921224 3.1168046130785223 -0.38225595499634496 0.079758774481279465 0.030141399652222491 2.7224282420066093 -0.033085139214563776 -0.59251356667660637 0.02519914525556546 -0.29261511967550113 -2.2545375455939247 -0.040424456409756719 -0.034505257205105 -0.66259243264737566 -0.39329251005822818 -0.6132153533507726 -0.027177250216391436 1.0891884187553935 0.60659120081518469 -1.2868758234107158 -0.22483206940068279 -0.089365183892808633 0.47779247679554121 2.1805785387112251 0.162694191866051 -0.057636691978505364 -0.26006184195768772 -2.0676024172265905 -0.2543433599876796 0.035409075355307844 0.2176258199761561 -0.08553728607377914
leaf_weight=143 418 495 119 367 97 97 2305 307 505 412 371 929 606 153 416 284 1073 73 702 2126 2706 70 487 2525 31 658 1902 1331 114 309 1124 727 24 381 687 502 435 351 274 993 21 611 34 48 180 133 1462 331 783 28 310 738 319 2463 103 526 567 41 221 172 364 29
leaf_count=143 418 495 119 367 97 97 2305 307 505 412 371 929 606 153 416 284 1073 73 702 2126 2706 70 487 2525 31 658 1902 1331 114 309 1124 727 24 381 687 502 435 351 274 993 21 611 34 48 180 133 1462 331 783 28 310 738 319 2463 103 526 567 41 221 172 364 29
internal_value=0.000272457 0.00202152 -0.00251451 0.000955617 -0.00155508 -0.00233072 0.00210376 -0.000687917 0.00129258 -0.00463703 -0.00656136 0.00455405 -0.00153659 -0.00111682 0.00335076 -0.00277959 0.00258738 -0.00558522 -0.00499619 -0.00154968 -0.00108583 -0.000855078 -0.00497667 0.0041136 -0.0115034 0.00120436 0.00163779 0.000783182 -0.00670423 -0.00503107 0.000288323 0.00549351 -0.0016523 0.00223033 -0.00239908 0.00423406 -0.00334672 -0.00643917 -0.00284091 -0.00738679 0.00137515 -0.000852713 -0.0125919 -0.00899932 -0.00898179 -0.0025821 -0.00110063 0.00246331 0.00325621 -0.00102089 -0.0010375 -0.00184497 0.00608575 0.00542184 0.0058875 0.00116455 -0.0076254 0.00186703 -0.00334302 -0.00249369 -0.000609756 0.00456522
internal_weight=37113 22814 14299 16073 11572 9109 9480 6593 2463 3124 2727 6741 5122 5985 513 3054 2200 2291 1308 5472 4832 1415 640 2892 436 6588 5538 3636 1772 1043 2068 4541 519 1471 1409 1048 744 1715 371 1344 1705 632 405 729 299 941 1746 474 1164 1050 997 871 3612 2885 2566 1650 615 546 417 393 1022 102
internal_count=37113 22814 14299 16073 11572 9109 9480 6593 2463 3124 2727 6741 5122 5985 513 3054 2200 2291 1308 5472 4832 1415 640 2892 436 6588 5538 3636 1772 1043 2068 4541 519 1471 1409 1048 744 1715 371 1344 1705 632 405 729 299 941 1746 474 1164 1050 997 871 3612 2885 2566 1650 615 546 417 393 1022 102
cat_boundaries=0 1 2 3 4 5 6 7 8 9 10 11 12 13
cat_threshold=900 1708 512 288 26 16 2305 26 1802 384 1 1920 756
is_linear=0
shrinkage=0.05


Tree=34
num_leaves=63
num_cat=11
split_feature=20 20 15 21 20 21 2 17 5 2 10 2 6 17 20 2 7 7 21 6 7 20 18 0 18 16 20 0 20 20 16 5 16 6 16 18 16 21 7 4 17 2 10 5 5 17 9 17 2 9 20 2 2 6 6 5 17 5 21 20 5 10
split_gain=65.0935 22.1969 20.9741 10.5419 9.45023 9.03384 7.60072 6.89016 6.0172 4.82976 5.14419 4.79446 4.47803 4.46775 4.12247 4.04609 3.61382 3.32841 3.27133 4.97442 3.26408 3.24943 3.20918 3.19922 3.10584 2.926 2.73523 2.72036 2.69949 3.88171 4.29415 2.90947 2.37247 2.36166 2.29586 2.25302 2.25004 2.2391 2.19773 2.19483 2.18163 2.11459 4.64924 2.0451 3.02778 2.01914 1.92442 1.77938 1.75859 1.75737 1.71001 1.62083 1.60728 8.56067 1.9289 1.58758 1.54017 1.52103 1.47041 1.72467 1.4891 1.42251
threshold=62.500000000000007 186.50000000000003 8.5000000000000018 68.193750000000009 1.0000000180025095e-35 48.340579710144937 0 2.0000018609671453 110.50000000000001 1 935.75000000000011 2 5898.4900000000007 1.8570389352036487 35.500000000000007 3 726.9100000000002 833.47000000000014 51.511904761904766 1734.8500000000001 436.56500000000005 7.5000000000000009 0.43284814592363258 4 0.36051757879871787 1.8580214936950064 40.500000000000007 5 25.500000000000004 32.500000000000007 1.0951343076929856 199.50000000000003 1.0259625827648244 2501.0100000000007 -1.0000000180025095e-35 0.2248390793765728 1.4334221746230897 42.878676470588239 183.86500000000004 6 1.446673937028498 7 681.25500000000011 145.50000000000003 173.50000000000003 1.7195004606467987 302.49000000000007 2.6666684063749879 8 591.3900000000001 7.5000000000000009 9 10 1734.8500000000001 2012.74 25.500000000000004 3.249355560219036 11.500000000000002 215.70833333333334 196.50000000000003 351.50000000000006 2894.4100000000003
decision_type=2 2 2 2 2 2 1 2 2 1 2 1 2 2 2 1 2 2 2 2 2 2 2 1 2 2 2 1 2 2 2 2 2 2 2 2 2 2 2 9 2 1 2 2 2 2 2 2 1 2 2 1 1 2 2 2 2 2 2 2 2 2
left_child=2 3 4 7 8 14 38 11 22 10 -7 18 16 15 41 -3 28 33 19 -2 26 23 46 -11 -15 -23 50 35 31 -30 -31 55 -16 34 -8 -10 56 -33 -5 40 -18 42 -6 -29 -45 -13 -1 -34 -19 -20 -14 -17 53 -38 -54 -4 -9 -48 59 -26 -61 -43
right_child=1 13 12 6 5 9 17 36 27 21 -12 45 20 24 32 51 39 48 49 -21 -22 25 -24 -25 58 -27 -28 43 29 30 -32 37 47 -35 -36 -37 52 -39 -40 -41 -42 61 -44 44 -46 -47 57 -49 -50 -51 -52 -53 54 -55 -56 -57 -58 -59 -60 60 -62 -63
leaf_value=-0.86097932304352354 -1.1780400720536788 1.9749934469411266 0.079673659496509119 -0.44711363240035101 -0.1475582874668829 -0.50775493679160277 -1.4565407126449217 -0.50062672498476857 0.75120967275757988 -0.69925346279210876 0.62176391855896085 -0.075075166810691138 -0.45177502551429055 1.0708768222866121 -0.27559987389783719 -0.21841783078159846 0.17774037103690365 0.11073166416037311 0.14133553357823045 -0.26876745521475487 -0.39636903125755618 -0.12688337899900884 0.83212311831306041 0.26300890606284089 0.077329814766346774 0.067167396367425178 -0.32986235802642455 5.5817965724421299 -0.039486720732681495 -0.31252207167208523 -0.12501202091260985 -0.081451590822906456 -0.17726365877900518 -0.088500755125964767 0.15755631246269408 2.6000937777802595 -1.7736866697250691 -0.52950368647495594 0.84984366621209595 -0.13268854170433669 -0.45537552756986294 -0.27888605197417443 -0.49844885351434293 -2.1907715337868177 -0.20888242536659529 0.341226202720181 -0.79551935328399159 0.054256965240946635 0.54652124549689807 -0.24833486688601028 -0.76065420824160901 0.64639266025258879 0.81090663111162875 1.0721579284408749 0.33430557854005549 -0.3655997563289452 0.038469692026777483 -0.082659222904229071 3.1117731697630333 2.0037370852250862 -0.66406915066817518 0.014463067079979731
leaf_weight=91 231 512 22 85 151 97 21 97 241 430 416 1779 25 1140 433 548 148 649 234 699 202 3178 374 155 185 1709 22 32 481 471 281 232 516 1537 4930 652 33 37 1389 295 37 756 599 27 96 492 79 518 1987 461 103 1253 319 150 665 371 193 871 979 2180 66 151
leaf_count=91 231 512 22 85 151 97 21 97 241 430 416 1779 25 1140 433 548 148 649 234 699 202 3178 374 155 185 1709 22 32 481 471 281 232 516 1537 4930 652 33 37 1389 295 37 756 599 27 96 492 79 518 1987 461 103 1253 319 150 665 371 193 871 979 2180 66 151
internal_value=0.000285928 0.00194482 -0.00235719 0.000917482 -0.00142117 -0.0021661 0.00183237 -0.000884522 0.00131285 -0.00101662 0.00354087 -0.00198769 -0.00630495 0.00432384 -0.00434922 0.00248813 -0.00547204 0.00128051 -0.0040522 -0.00602894 -0.0116901 -0.00145852 -0.000784556 -0.00499575 0.0052438 -0.00102505 -0.0174837 0.00418649 -0.00646075 -0.00496561 -0.00721854 -0.00913534 -0.00235544 0.000662456 0.00119853 0.00525949 0.00202911 -0.00473346 0.0051614 -0.00144928 0.00258838 -0.00607681 -0.00815858 -0.00166139 -0.00486111 -0.000465193 -0.00223898 -0.000988428 0.00278515 -0.00137894 -0.020229 0.00130237 0.0030235 -0.00108418 0.00381143 -0.0119634 -0.00179181 -0.00149528 0.00601377 0.00527424 0.00565807 -0.00414402
internal_weight=37113 22814 14299 15951 11572 9109 10598 5353 2463 5985 513 3896 2727 6863 3124 2313 2375 9124 1625 930 352 5472 1415 585 4550 4887 150 1048 1895 1233 752 662 1467 6488 4951 893 1457 269 1474 480 185 1657 750 155 123 2271 1041 1034 2636 695 128 1801 1167 183 984 393 290 950 3410 2431 2246 907
internal_count=37113 22814 14299 15951 11572 9109 10598 5353 2463 5985 513 3896 2727 6863 3124 2313 2375 9124 1625 930 352 5472 1415 585 4550 4887 150 1048 1895 1233 752 662 1467 6488 4951 893 1457 269 1474 480 185 1657 750 155 123 2271 1041 1034 2636 695 128 1801 1167 183 984 393 290 950 3410 2431 2246 907
cat_boundaries=0 1 2 3 4 5 6 7 8 9 10 11
cat_threshold=768 512 2369 288 1 1 20 2371 2049 73 256
is_linear=0
shrinkage=0.05


Tree=35
num_leaves=63
num_cat=14
split_feature=20 20 14 20 1 20 5 17 5 17 1 16 1 16 1 1 10 1 5 10 7 17 1 18 1 18 18 1 1 1 17 16 17 7 19 1 7 10 19 18 5 20 5 16 1 16 7 6 17 20 7 5 11 20 7 1 11 5 5 5 19 20
split_gain=58.5693 20.8959 16.313 11.2901 6.2261 5.91788 5.74958 5.66568 5.57526 5.47157 5.05695 4.67456 4.59252 4.40576 4.3959 4.04691 3.85215 3.7827 3.49229 3.40854 3.28627 3.21002 3.19433 3.06386 3.03683 2.98395 2.91997 2.87478 2.74537 2.65183 2.44628 2.43804 2.31365 2.31278 2.29545 2.19854 2.16687 2.4861 2.02722 1.84938 1.82139 1.76777 1.76361 1.66252 1.65566 1.65475 1.63028 2.13311 1.74448 1.61679 1.61136 1.5773 1.56605 1.5658 1.51347 1.46178 1.42348 1.38974 2.44164 1.35552 1.35447 1.30405
threshold=62.500000000000007 175.50000000000003 3.5000000000000004 1.0000000180025095e-35 0 41.500000000000007 12.500000000000002 0.81627148153588047 110.50000000000001 1.9130396405201349 1 1.4999973398689803 2 1.0182646512866858 3 4 2253.4550000000004 5 333.50000000000006 1386.6700000000003 545.20000000000016 1.4697032788760447 6 2.23087147792292 7 0.43284814592363258 0.36051757879871787 8 9 10 2.0296383136610827 1.0433188584727604 2.5449285935906683 755.94000000000017 1529.5000000000002 11 363.51500000000004 3832.8950000000004 1956.9550000000002 0.11612129556012962 26.500000000000004 7.5000000000000009 3.5000000000000004 0.55945774487833499 12 1.8461237846651612 363.51500000000004 2012.74 0.44787137144516459 335.50000000000006 352.87500000000006 178.50000000000003 1903.8400000000004 72.500000000000014 165.35500000000005 13 8700.595000000003 87.500000000000014 96.500000000000014 320.50000000000006 835.96499999999992 105.50000000000001
decision_type=2 2 2 2 9 2 2 2 2 2 9 2 9 2 9 9 2 9 2 2 2 2 9 2 9 2 2 9 9 9 2 2 2 2 2 9 2 2 2 2 2 2 2 2 9 2 2 2 2 2 2 2 2 2 2 9 2 2 2 2 2 2
left_child=2 7 3 8 18 6 42 10 17 22 54 19 32 16 21 45 29 -1 36 44 -18 -15 40 30 33 35 28 -28 -11 -7 -14 59 34 -10 -13 -19 37 41 -17 -30 50 -4 -5 -12 -9 -8 48 -48 -45 -41 -3 -16 -6 -33 -2 -25 -54 -42 -59 -21 -46 -56
right_child=1 9 4 5 52 13 15 11 24 26 43 12 23 14 51 38 20 25 -20 31 -22 -23 -24 55 -26 -27 27 -29 39 -31 -32 53 -34 -35 -36 -37 -38 -39 -40 49 57 -43 -44 46 60 -47 47 -49 -50 -51 -52 -53 56 -55 61 -57 -58 58 -60 -61 -62 -63
leaf_value=-0.6301816908169976 0.32554998567921029 -1.6798650415613599 0.038272463873700605 0.25768810220846655 0.1612869879658807 -0.2654276937973018 -0.25230145297098733 0.40706494532971782 -0.6405664909246811 2.7739280877408223 -0.050188886405331347 0.30743540237914257 -0.015690376896392168 -0.19398669203065239 0.015419007189889601 -0.092409592417435432 -0.44212554608576504 0.30913067242821007 0.043291062358456325 -0.4763061355367838 -0.18253980440802009 0.0050140555586346116 0.88708110548224683 -0.016658916714482077 2.3451789420267013 0.98168491208503927 1.3218639396571605 2.4115714787252216 -0.40534820726294857 0.050778628294375766 0.44303875985417918 0.079907263027227782 0.90066122028182005 1.8016468048002183 -0.04563866694609562 -0.2950306947768418 -0.29993623611355053 -0.72921232791415258 -0.42245819100993709 -0.2168513378149971 0.72084941935826807 -0.43256886613736117 -0.78206574871091072 -0.70332652514945448 0.18760143493828707 -0.2422190387434906 0.23342652743452047 -0.36614638677584754 -0.31902381663552837 1.361423957925129 -0.42588816033022997 0.18910125542413622 -0.19190028261137823 -0.27026720562760131 0.27703434563666846 0.57054917246281234 0.098374426523338346 -1.7609864077495712 0.28647299934715459 0.31498972594252383 -0.22167100799995723 -0.30495649025366006
leaf_weight=229 250 28 31 20 58 331 1679 304 228 359 473 4171 4513 638 1108 2357 175 260 54 263 128 742 1253 113 610 305 1161 2310 81 410 1157 265 463 210 608 621 432 56 355 244 393 283 112 147 249 1617 175 402 354 481 141 811 396 343 194 362 43 30 1080 38 246 163
leaf_count=229 250 28 31 20 58 331 1679 304 228 359 473 4171 4513 638 1108 2357 175 260 54 263 128 742 1253 113 610 305 1161 2310 81 410 1157 265 463 210 608 621 432 56 355 244 393 283 112 147 249 1617 175 402 354 481 141 811 396 343 194 362 43 30 1080 38 246 163
internal_value=0.000296705 0.00187032 -0.00221036 -0.00165843 -0.00743916 -0.00237579 -0.00337783 0.000800505 0.00137368 0.00402069 -0.00156178 0.00119388 0.00156168 -0.000946272 -3.40703e-05 -0.00313592 -0.00377268 -0.000643512 -0.0100115 -0.00122735 -0.00853758 -0.00218952 0.00229252 0.000619113 0.00413892 0.000479566 0.00509808 0.00583981 0.00283604 -0.00173051 0.000286445 -0.00333059 0.00264986 0.000720621 0.00230813 -0.000947398 -0.0109627 -0.014008 -0.00165138 0.00106838 0.000801187 -0.0117508 -0.0137037 -0.00307705 0.00110661 -0.00432155 -0.00418594 -0.00221983 -0.0063244 0.00194025 -0.00399709 0.00149457 -0.00262255 -0.00139116 0.0022379 0.00447176 -0.00376131 0.00138612 0.000426774 -0.00703125 -0.000615157 3.47222e-05
internal_weight=37113 22814 14299 12946 1353 10483 6140 15253 2463 7561 2158 13095 11387 4343 3299 6008 1044 1415 856 1708 303 1380 2925 6145 1048 1186 4636 3471 1165 741 5670 909 5242 438 4779 881 802 370 2712 806 1672 314 132 1551 799 3296 1078 577 501 725 169 1919 497 608 607 475 439 1503 1110 301 495 357
internal_count=37113 22814 14299 12946 1353 10483 6140 15253 2463 7561 2158 13095 11387 4343 3299 6008 1044 1415 856 1708 303 1380 2925 6145 1048 1186 4636 3471 1165 741 5670 909 5242 438 4779 881 802 370 2712 806 1672 314 132 1551 799 3296 1078 577 501 725 169 1919 497 608 607 475 439 1503 1110 301 495 357
cat_boundaries=0 2 4 6 8 10 12 14 16 18 20 22 24 26 28
cat_threshold=2717945865 82816 2446894428 57347 261138321 1500299 24940773 611366 1612724086 364944 303042602 5123 620434132 1446956 42521753 328193 2347950113 496786 2449506383 98816 570687488 21121 67895573 49664 570949633 144 2147487844 512
is_linear=0
shrinkage=0.05


Tree=36
num_leaves=63
num_cat=2
split_feature=20 15 20 21 7 5 21 17 21 20 20 7 11 23 17 13 17 15 5 5 20 9 5 20 0 18 5 7 21 17 19 21 5 19 9 18 17 5 5 21 21 21 21 22 21 4 22 16 16 22 19 20 5 5 18 16 5 11 17 19 5 11
split_gain=52.6583 17.808 17.7044 8.49476 7.80716 6.60733 6.08496 5.32747 6.41067 5.15758 4.53832 4.48165 5.99724 4.18436 3.8422 3.61341 4.24061 4.02039 3.26669 3.19952 3.19937 3.18285 3.08272 3.03212 3.14535 2.87896 2.77873 2.74786 2.70782 2.67497 8.13809 2.81897 2.77771 2.67391 2.55438 2.33291 2.22722 2.86238 2.17724 2.11832 2.02516 2.09391 3.56985 1.85548 4.40692 1.79691 1.78402 1.61024 1.57849 2.13552 1.53819 1.52411 1.49089 1.46438 1.43868 1.43105 1.4055 1.36903 1.35327 1.28599 1.17323 1.15586
threshold=69.500000000000014 8.5000000000000018 188.50000000000003 125.29166666666667 363.51500000000004 169.50000000000003 56.023809523809533 2.0296775808124896 62.038461538461547 1.5000000000000002 21.500000000000004 550.99500000000012 9870.2800000000025 9.5000000000000018 0.7308617252099967 1.5000000000000002 1.9211189828285065 3.5000000000000004 222.50000000000003 157.50000000000003 132.50000000000003 915.72000000000014 53.500000000000007 108.50000000000001 0 0.23075240033965508 74.500000000000014 1290.0650000000003 39.017857142857146 3.0279568109081638 3106.7700000000004 35.763888888888893 180.50000000000003 1372.6450000000002 545.90500000000009 1.7824952809973864 0.90418370714450924 46.500000000000007 3.5000000000000004 124.06250000000001 239.12500000000003 15.127441244620988 79.292857142857159 13.436698590309087 32.257352941176478 1 24.769518978822102 1.9999873053070043 1.8511752942595969 21.79971373896748 2942.0050000000006 196.50000000000003 5.5000000000000009 158.50000000000003 0.23075240033965508 1.4517405595750763 305.00000000000006 2893.4450000000006 0.66986026768764362 1644.0900000000001 333.50000000000006 2035.3850000000004
decision_type=2 2 2 2 2 2 2 2 2 2 2 2 2 2 2 2 2 2 2 2 2 2 2 2 1 2 2 2 2 2 2 2 2 2 2 2 2 2 2 2 2 2 2 2 2 9 2 2 2 2 2 2 2 2 2 2 2 2 2 2 2 2
left_child=1 4 3 7 6 9 29 8 23 26 27 12 22 21 20 16 18 -17 -7 -12 -10 40 52 28 -25 -8 45 -11 -2 31 32 50 -31 -16 -5 -14 37 -27 -36 -19 41 51 -43 -13 60 -6 -33 -38 49 -24 -1 -4 -3 -46 -28 -9 -42 -23 -50 -54 -45 -15
right_child=2 11 13 34 5 15 25 55 14 10 19 43 35 61 33 17 -18 39 -20 -21 -22 57 48 24 -26 36 54 -29 -30 30 -32 46 -34 -35 38 -37 47 -39 -40 -41 56 42 -44 44 53 -47 -48 -49 58 -51 -52 -53 59 -55 -56 -57 -58 -59 -60 -61 -62 -63
leaf_value=-0.53041359501596375 -0.58767142650913173 -0.046228390291353352 -0.50211777017989567 0.24187714361971313 -0.48207133421310289 0.29683719314870916 -0.48253587874149978 -0.0030009440206417715 -0.040643913762042419 -0.35722518924399582 -0.060022601070949526 0.0089763941073546238 -0.72149084692878596 -1.3283116185760968 0.15914984309433128 -0.70752853529086157 0.71907504716910409 0.16869597108603662 -0.079035671029341892 -0.42838902848917293 -0.63879251524837888 2.2488427197845353 -0.14545766211186512 0.10693624925830676 -0.45698496139481315 -0.85568536961839481 -0.25393006113486083 -0.84549664658319912 -0.12876110383419537 -0.28382664031275201 -0.69495951050080862 -0.13859464566408228 0.99490035169248259 -0.16119771089170634 -1.4603322985332481 -0.19409880081841743 -0.094767859783776581 -0.16367996559355158 0.75220575917873167 -1.0353288761711539 2.4068003236244482 -0.80967224781346558 0.56163749329327395 -0.45755816378395714 -0.14768850754225538 0.018784600618892002 -0.2650653097038646 0.31787299391612261 -0.5043854921855403 -0.39402996549342578 -0.00046289393997742682 1.7362863611610899 -0.26864063011637102 0.078332828032228186 1.3761662033517195 0.50278280982123824 1.183949520137159 0.85017992273124554 0.017984749633851393 -0.47975050610410364 0.099689696452452792 0.1798452105981852
leaf_weight=195 450 31 84 1568 177 413 174 340 592 437 2718 282 43 31 4432 118 1214 387 1018 253 183 1681 876 933 376 42 157 106 1053 642 141 544 225 699 23 45 1234 325 2550 29 680 193 2039 228 227 822 343 666 34 310 27 1370 239 213 619 1333 162 478 216 50 20 23
leaf_count=195 450 31 84 1568 177 413 174 340 592 437 2718 282 43 31 4432 118 1214 387 1018 253 183 1681 876 933 376 42 157 106 1053 642 141 544 225 699 23 45 1234 325 2550 29 680 193 2039 228 227 822 343 666 34 310 27 1370 239 213 619 1333 162 478 216 50 20 23
internal_value=0.000296705 -0.00188411 0.00192294 0.000935673 -0.00109947 -0.000194782 -0.00276803 0.000167164 -0.000323931 -0.0012826 -0.00239551 -0.00549343 -0.00695723 0.00404248 0.000605009 0.00159884 0.00236499 -0.00209497 0.000479428 -0.00160138 -0.00265103 0.00416106 -0.00625355 -0.0022913 -0.000485899 -0.00103826 0.000892857 -0.0066163 -0.00382636 -0.00473467 -0.00276954 -0.00646358 -0.000876437 0.00110781 0.00285051 -0.0197802 -0.000534141 -0.00408784 0.00382861 0.000119332 0.00337674 0.00283952 0.00183445 -0.00264645 -0.0040521 -0.000810878 -0.00507022 0.000131372 -0.00517721 -0.00595038 -0.0116667 0.00434111 -0.0108359 -0.000902935 0.00314506 0.00275209 0.00565089 0.0057759 -0.00128458 -0.0119435 -0.00936255 -0.00921053
internal_weight=37113 15840 21273 14532 13026 8468 4558 10391 8718 5289 3514 2814 1844 6741 5906 3179 2645 534 1431 2971 775 6687 1756 2812 1309 2441 1775 543 1503 2117 1008 1109 867 5131 4141 88 2267 367 2573 416 4528 3686 2232 970 688 999 887 1900 1436 1186 222 1454 320 440 776 1673 842 2159 250 289 248 54
internal_count=37113 15840 21273 14532 13026 8468 4558 10391 8718 5289 3514 2814 1844 6741 5906 3179 2645 534 1431 2971 775 6687 1756 2812 1309 2441 1775 543 1503 2117 1008 1109 867 5131 4141 88 2267 367 2573 416 4528 3686 2232 970 688 999 887 1900 1436 1186 222 1454 320 440 776 1673 842 2159 250 289 248 54
cat_boundaries=0 1 2
cat_threshold=1 1
is_linear=0
shrinkage=0.05


Tree=37
num_leaves=63
num_cat=21
split_feature=20 15 17 19 2 16 1 1 1 10 1 1 19 2 6 5 2 1 1 20 2 16 2 17 20 16 8 18 9 6 8 10 15 17 19 16 8 10 13 2 1 4 2 1 9 11 4 18 9 10 9 18 11 18 1 1 6 17 15 20 1 8
split_gain=47.4798 24.1222 7.68621 7.46483 7.11226 6.06484 5.45139 5.35077 5.2841 4.51901 4.20046 4.06723 3.44224 3.6851 3.41905 3.18238 2.83729 5.46417 4.1495 3.68723 2.83598 3.09157 2.62036 2.55238 2.44811 2.34424 2.28935 2.13959 2.04377 2.01979 2.81996 2.00964 1.90027 1.87573 1.81161 1.75585 1.9836 1.77404 1.7285 1.67608 2.10826 1.932 1.55595 1.507 1.40461 1.3974 1.33903 1.32057 1.3013 1.41411 1.29611 1.28237 1.25928 1.23536 1.21226 1.19931 1.19664 1.19133 1.17483 1.16963 1.09301 1.04049
threshold=139.50000000000003 7.5000000000000009 1.8686466400402952 3699.4950000000003 0 1.3125108741005138 1 2 3 1790.0700000000002 4 5 1308.345 6 13071.820000000002 12.500000000000002 7 8 9 188.50000000000003 10 2.025899696865705 11 0.52591091123455203 250.50000000000003 0.94736895940338894 1440.9600000000003 0.47157373421137866 661.34500000000014 3056.7900000000004 628.36500000000012 4033.0100000000007 2.5000000000000004 1.6164304617005343 2631.2900000000009 0.95877326446282818 545.20000000000016 2323.275000000001 1.5000000000000002 12 13 14 15 16 630.58000000000015 2947.3450000000003 17 0.096398710998104861 744.04000000000008 763.44500000000016 453.98000000000019 0.38490143391698811 10546.255000000003 0.7993825726450714 18 19 2012.74 0.86953271924100906 3.5000000000000004 200.50000000000003 20 1138.7650000000001
decision_type=2 2 2 2 1 2 9 9 9 2 9 9 2 1 2 2 1 9 9 2 1 2 1 2 2 2 2 2 2 2 2 2 2 2 2 2 2 2 2 1 9 9 1 9 2 2 9 2 2 2 2 2 2 2 9 9 2 2 2 2 9 2
left_child=1 3 16 4 10 7 14 31 15 -9 33 34 26 25 20 -7 18 -18 -2 32 35 57 47 -10 27 -14 39 -24 44 53 -31 -6 -20 56 61 36 -3 -37 -35 40 -8 -41 48 -34 -12 -27 -21 -13 49 -5 -15 -26 -16 54 -19 -55 -1 -22 -30 -32 -53 -4
right_child=2 6 11 42 5 8 12 9 23 -11 28 22 13 50 52 -17 17 29 19 46 21 -23 24 -25 51 45 -28 -29 58 30 59 -33 43 38 -36 37 -38 -39 -40 41 -42 -43 -44 -45 -46 -47 -48 -49 -50 -51 -52 60 -54 55 -56 -57 -58 -59 -60 -61 -62 -63
leaf_value=0.02785730775225588 0.9378013896796088 -0.5044700489413444 1.4693847804263347 -0.05941482292815508 -0.33569276229805073 -0.56550215876584231 0.15313514162831368 0.025468270268718386 -0.41846969056559902 -0.2483326125566423 0.22228726486164715 -0.72590558124489424 -0.17024008130155069 -0.349424322070918 -0.69688318623355239 -0.059355267300467321 0.69017255535182187 -0.2953471458486831 -0.8011944730253131 -0.0030103316883128175 -0.41781681533611387 -0.079195522482640349 -0.74620365526948307 0.091164231996514605 0.21858566586085573 -0.3259705879766801 0.10884145837381692 0.26939858627666274 0.7789834918944849 -0.79861422590941666 0.28338746806354748 -0.47267177691575757 -0.65913335420089825 0.32326401831314122 -0.11364702594903396 0.033137763978694147 -0.028049757063140304 -0.12328381796122301 -0.8923709425256936 -0.19512937710945738 -0.074169247653499679 -0.077273470716650833 -0.52440941806334851 0.26840281400770344 -0.74300262546493934 -0.41689680569377824 1.4466885971697021 1.8168287909283014 0.043367322336446669 -1.2536609889941728 -0.018485526851309154 0.16961751774202158 -0.68618995810315608 0.3589190621152078 0.56836747766098494 -0.3379320785167565 -0.48593129482834785 -0.27818498392964147 0.27286946282604491 -0.40575921269581983 2.6258319891541109 2.732622114971083
leaf_weight=97 1434 89 1747 39 963 333 109 1437 149 639 750 25 24 20 29 7215 673 103 134 145 154 120 283 7836 369 36 121 667 662 196 250 48 117 263 108 250 44 372 51 511 413 775 303 200 44 47 239 1106 146 26 134 110 49 219 566 681 240 684 1173 109 509 728
leaf_count=97 1434 89 1747 39 963 333 109 1437 149 639 750 25 24 20 29 7215 673 103 134 145 154 120 283 7836 369 36 121 667 662 196 250 48 117 263 108 250 44 372 51 511 413 775 303 200 44 47 239 1106 146 26 134 110 49 219 566 681 240 684 1173 109 509 728
internal_value=0.000296705 -0.000841446 0.00310372 -0.000201856 -5.93526e-05 -0.000440079 -0.00442708 -0.00246359 -3.45971e-05 -0.000957396 0.00208017 0.00437666 -0.00266682 -0.00809659 -0.00649252 -0.000985319 0.00167193 0.000573843 0.00298532 0.000103184 -0.00599505 -0.00785273 0.00307025 0.000858027 0.00188365 -0.0146875 -0.00190864 2.62329e-05 0.00297597 -0.000655124 -0.00324821 -0.00543213 -0.00289097 -0.00144955 0.00586961 -0.00340169 -0.00873162 -0.0022 0.00118297 -0.00237438 0 -0.00332948 -0.0061412 -0.000585938 0.000784191 -0.0199128 0.00374677 0.0050153 -0.00206473 -0.00790441 -0.00194611 0.00363269 -0.0169753 0.000230598 0.00187872 -0.000941307 -0.00408088 -0.00900713 0.0039105 -0.000448895 0.00504421 0.00616929
internal_weight=37113 26395 10718 22414 21900 18620 3981 3087 15533 2076 3280 5652 2190 261 1791 7548 5066 2797 2269 835 1713 958 3069 7985 1938 107 1929 950 2629 2124 555 1011 451 651 2583 755 133 622 314 1808 522 1286 514 317 794 83 384 1131 211 65 154 988 78 1569 669 900 337 838 1835 359 619 2475
internal_count=37113 26395 10718 22414 21900 18620 3981 3087 15533 2076 3280 5652 2190 261 1791 7548 5066 2797 2269 835 1713 958 3069 7985 1938 107 1929 950 2629 2124 555 1011 451 651 2583 755 133 622 314 1808 522 1286 514 317 794 83 384 1131 211 65 154 988 78 1569 669 900 337 838 1835 359 619 2475
cat_boundaries=0 1 3 5 7 9 11 12 13 15 17 18 19 20 22 23 24 26 27 29 31 33
cat_threshold=516 35689157 66304 69997362 344849 1614943340 71091 2452722722 266240 201693182 1229389 147 932 2583754291 526 563873180 1131674 1944 1992 1576 1048578 145 3 1814 135232 33281 9 76546052 16400 93585668 145 33693696 327680
is_linear=0
shrinkage=0.05


Tree=38
num_leaves=63
num_cat=29
split_feature=15 7 12 10 7 1 1 1 7 10 2 6 23 0 2 2 1 1 15 1 0 7 2 1 8 17 10 11 6 1 5 1 9 23 1 1 6 19 2 1 1 1 17 2 9 8 0 2 8 2 9 1 19 7 1 18 15 2 17 10 2 7
split_gain=38.4907 14.5404 9.71815 7.94976 8.51396 7.2759 6.69506 6.24907 5.97362 5.70681 5.04389 4.92721 4.90014 4.52089 4.38401 4.15964 4.09791 4.03915 4.00323 3.68155 3.50209 3.28316 3.25901 3.17636 3.1635 3.1267 2.72027 2.61326 2.46737 2.37993 3.21196 2.37208 2.36272 2.21141 2.21126 2.19816 2.19043 2.17878 2.08332 2.01759 2.0046 1.89222 1.85999 1.78982 2.7768 1.74274 1.72098 1.71472 1.63162 1.60825 1.5722 1.56474 1.53411 1.40037 1.34077 1.40588 1.32181 1.31871 1.3004 1.28879 1.24475 1.16801
threshold=6.5000000000000009 720.80000000000018 1.5000000000000002 1511.7350000000004 -1.0000000180025095e-35 0 1 2 165.35500000000005 1477.1550000000002 3 2501.0100000000007 28.500000000000004 4 5 6 7 8 1.5000000000000002 9 10 726.9100000000002 11 12 1.0000000180025095e-35 2.0191536243324046 2723.4300000000007 2755.2850000000003 2501.0100000000007 13 155.50000000000003 14 983.15000000000009 7.5000000000000009 15 16 5898.4900000000007 1425.9550000000002 17 18 19 20 1.446673937028498 21 720.37500000000011 63.055000000000007 22 23 1309.5100000000004 24 876.65500000000009 25 983.07500000000005 756.61500000000012 26 1.5787447189254618 16.500000000000004 27 1.3598110796522227 1539.2000000000003 28 143.71500000000003
decision_type=2 2 2 2 2 9 9 9 2 2 1 2 2 1 1 1 9 9 2 9 1 2 1 9 2 2 2 2 2 9 2 9 2 2 9 9 2 2 1 9 9 9 2 1 2 2 1 1 2 1 2 9 2 2 9 2 2 1 2 2 1 2
left_child=1 3 6 4 18 8 28 11 45 32 41 19 15 42 17 33 38 -11 -1 -6 40 26 34 27 -20 -25 47 -17 46 48 -31 -24 39 -10 -9 -13 -16 60 -12 -8 -18 43 -4 44 -5 -2 57 58 -30 -22 -48 -35 -34 56 61 -56 -39 -3 -7 -45 -14 -49
right_child=5 2 13 10 7 21 9 22 12 14 16 35 37 -15 36 23 20 -19 24 -21 49 -23 31 25 -26 -27 -28 -29 29 30 -32 -33 52 51 -36 -37 -38 53 -40 -41 -42 -43 -44 59 -46 -47 50 54 -50 -51 -52 -53 -54 -55 55 -57 -58 -59 -60 -61 -62 -63
leaf_value=-0.98530002338258849 -0.21573230931863102 -0.0080190064226151499 0.14654715414291922 -1.2474380529005824 -0.18698389196451012 0.056965074841420819 0.36274163975506685 0.74380130343076312 -0.30609424273052394 0.60241693771812754 -0.50913368912135581 -0.35162706050611309 -0.021166441943322845 0.66115623694066294 0.41070185682377325 0.052110177023600816 -0.42518692861428475 -0.27159279754947935 -0.7995596657939914 0.12108839518481035 -0.96211015173189685 0.17395743053482315 0.28591983596622911 -0.10123944421817131 0.42811497100007068 -0.41917492903313802 -0.29319898670668065 -0.33501716559286315 -0.25098783240894512 -0.80119809143875009 -0.025373361500742587 -0.0054354538512454203 1.5861714618411726 0.13238799093429474 0.33399403193776334 -0.026755321325422177 -0.17065882150178752 -0.29765467434976806 0.17976871117751569 1.1937308249213303 -0.15897592623954307 0.12819776701406776 -0.56411296141638234 -0.64483890367593077 0.53739729832837679 -0.3967869026643891 -0.65368487643962914 0.012398123496165515 0.44550799167687316 -0.25545179525953865 0.058823282781371368 -0.071162627099279605 1.2242692513454512 -0.67840187311479527 -0.1678825287797274 0.13029038015469005 -0.62516770627505946 1.0106137045894954 -0.085006676995604741 -0.26929573245620303 -0.30016346007746081 -0.2008327222761862
leaf_weight=114 120 289 35 23 1266 303 638 638 149 220 142 947 101 69 3924 57 255 709 91 5683 171 406 1554 1566 147 58 243 558 213 168 166 2903 1485 382 3170 496 206 25 204 979 690 732 201 27 149 403 60 98 252 319 224 272 796 24 185 93 64 541 96 499 168 347
leaf_count=114 120 289 35 23 1266 303 638 638 149 220 142 947 101 69 3924 57 255 709 91 5683 171 406 1554 1566 147 58 243 558 213 168 166 2903 1485 382 3170 496 206 25 204 979 690 732 201 27 149 403 60 98 252 319 224 272 796 24 185 93 64 541 96 499 168 347
internal_value=0.000287275 0.000975779 0.00242329 0.00017307 0.00060619 -0.00348278 0.00267405 0.000772059 -0.00467487 0.00324554 -0.00210408 -0.000184414 -0.00389554 -0.00629058 0.0021212 -0.00319376 -0.00386706 -0.000942144 -0.00704225 0.000361407 -0.00505007 -0.000763733 0.0017471 -0.00429063 -0.0030083 -0.00302382 -0.00196455 -0.00742436 0 -0.00213529 -0.00525937 0.000808166 0.00469751 -1.53186e-05 0.00282649 -0.00284405 0.00281801 -0.00928571 0.000905292 0.00315586 -0.00320411 8.66251e-05 -0.00962343 -0.00172293 0.00243243 -0.00971958 0.00149955 -0.000866667 0.000130753 -0.00856998 -0.00174216 0.0011796 0.00576292 -0.0154095 -0.00232677 0.000257732 -0.0183424 0.00267107 0.00166869 -0.00320037 -0.00638787 -0.00401201
internal_weight=37113 31395 11175 20220 17009 5718 10870 16657 3947 8957 3211 8392 3424 305 5059 3042 1781 929 352 6949 1435 1771 8265 2239 238 1624 1365 615 1913 799 334 4457 3898 803 3808 1443 4130 382 346 1617 945 1430 236 698 172 523 1114 1122 465 490 284 654 2281 113 723 278 89 830 399 526 269 445
internal_count=37113 31395 11175 20220 17009 5718 10870 16657 3947 8957 3211 8392 3424 305 5059 3042 1781 929 352 6949 1435 1771 8265 2239 238 1624 1365 615 1913 799 334 4457 3898 803 3808 1443 4130 382 346 1617 945 1430 236 698 172 523 1114 1122 465 490 284 654 2281 113 723 278 89 830 399 526 269 445
cat_boundaries=0 2 4 6 7 8 9 10 12 14 16 17 18 20 22 24 26 28 29 31 33 35 36 37 38 39 41 43 44 45
cat_threshold=576754381 377604 1382154338 333088 690156072 866705 543 1 2049 1576 58753128 360481 2155926037 32770 2241024 6400 1 910 2097796 65792 2097152 328736 2462122259 32870 369164608 1081418 537001992 790545 320 2214856081 164480 3805191 1154 2685948985 295074 512 1 1073 256 536871052 262144 2147876896 528530 197 3372
is_linear=0
shrinkage=0.05


Tree=39
num_leaves=63
num_cat=26
split_feature=20 14 7 10 14 1 20 4 1 2 1 7 11 19 2 2 1 1 1 2 19 10 1 1 2 7 1 2 1 1 9 18 11 18 19 16 2 1 8 8 19 5 1 22 1 18 20 1 12 8 2 16 7 2 11 2 22 9 11 20 7 18
split_gain=42.665 17.9782 7.62942 9.32146 5.66584 5.30105 5.02051 4.82077 6.19345 5.36363 4.44098 4.33946 6.77216 4.16344 3.71746 3.5055 3.16969 3.01275 2.83808 2.68202 2.65973 2.58929 2.46949 2.45881 2.44919 2.43731 3.06733 2.62325 2.4232 2.34533 2.32852 2.30869 2.19883 2.18722 2.03229 1.96729 1.84472 1.78205 1.77649 2.70902 1.64095 1.80509 1.77311 1.57893 1.56369 1.51658 1.51472 1.53234 1.47615 1.4142 1.40334 1.40236 1.39664 1.38576 1.58377 1.37753 1.3679 1.35668 1.33247 1.27701 1.19905 1.16665
threshold=139.50000000000003 2.5000000000000004 945.2850000000002 2784.1700000000005 4.5000000000000009 0 250.50000000000003 1 2 3 4 550.99500000000012 3720.1550000000007 903.47500000000002 5 6 7 8 9 10 1402.8050000000001 2652.6300000000006 11 12 13 627.78500000000008 14 15 16 17 327.14000000000004 2.0292760368345824 1214.2600000000002 0.99653801466417535 2631.2900000000009 1.4068325669017965 18 19 992.05500000000018 1206.9500000000003 1481.0200000000002 3.5000000000000004 20 9.4334661315223922 21 0.11612129556012962 26.500000000000004 22 1.5000000000000002 638.50000000000011 23 0.86483092314221754 395.92000000000002 24 1120.7000000000003 25 172.9011777451386 2045.1950000000004 5941.4900000000007 130.50000000000003 93.085000000000022 1.0784055741480445
decision_type=2 2 2 2 2 9 2 9 9 1 9 2 2 2 1 1 9 9 9 1 2 2 9 9 1 2 9 1 9 9 2 2 2 2 2 2 1 9 2 2 2 2 9 2 9 2 2 9 2 2 1 2 2 1 2 1 2 2 2 2 2 2
left_child=1 2 3 7 11 20 14 10 36 -10 56 12 16 -12 22 38 31 -16 34 48 21 44 -2 -5 49 26 33 45 35 -27 43 -3 -32 -8 -6 -21 -9 52 -13 -40 41 -19 -43 -29 -4 60 47 -17 -7 -25 -39 -48 -14 -42 -55 -23 -1 -31 -20 -30 -28 -50
right_child=6 4 5 23 18 19 25 8 9 -11 13 15 37 -15 17 46 -18 40 58 28 -22 55 -24 24 -26 29 27 30 59 57 32 -33 -34 -35 -36 -37 -38 50 39 -41 53 42 -44 -45 -46 -47 51 -49 61 -51 -52 -53 -54 54 -56 -57 -58 -59 -60 -61 -62 -63
leaf_value=-0.11753640024246687 0.05619018234176601 -0.16571615401236617 -0.16648041553394963 0.090874532004299097 -0.49621975350773262 0.71096026515824562 2.7515967167031334 -0.072544930059446955 -0.35674700753933775 -0.10241248088209454 0.11841157709843984 0.12566184357169252 -0.47112045484937748 -0.059615687700037868 0.64574261714755754 -0.54706774512176892 0.010523340143925621 -0.67997234699397646 -0.19491746947875319 -0.5233408404283203 -0.48147989358049054 -0.29025245707716046 1.0302713274730941 -0.32477939668888678 -0.73303107341880436 1.3760270943026791 2.6470044194169589 -0.39303395433377236 0.624621314008866 3.0937987546147867 1.0395066886712219 0.14856059045204964 -1.1928947779070278 -1.1995024271907255 -0.60781045046476379 0.084286667063678433 0.27129308610255443 0.026687419192233719 -0.19642878784591475 0.064011839206363816 -0.90756760333264708 0.31442371094274152 -0.092330435940196409 -1.2307051618088751 0.63382154762235121 1.7149449727160737 -0.42264166044272067 -0.10448611272620459 -0.47486147944909374 -0.021189647768298417 -0.2850602735853342 -0.037067749015704803 -0.278200017461882 0.80094511626967424 -0.37634929316951243 0.031992206952977754 -0.9958954067895105 -2.1148669051457114 0.044480162539682191 -0.76535169040081308 -0.97236039900754145 0.47022338637563171
leaf_weight=2289 423 1020 249 101 172 1013 546 613 1554 3182 4861 366 247 3145 1335 106 671 41 147 32 217 390 1353 114 296 447 63 129 533 1405 439 87 73 21 55 1005 905 106 126 254 147 2442 763 63 612 496 52 216 22 160 290 507 184 233 218 333 34 50 70 32 31 27
leaf_count=2289 423 1020 249 101 172 1013 546 613 1554 3182 4861 366 247 3145 1335 106 671 41 147 32 217 390 1353 114 296 447 63 129 533 1405 439 87 73 21 55 1005 905 106 126 254 147 2442 763 63 612 496 52 216 22 160 290 507 184 233 218 333 34 50 70 32 31 27
internal_value=0.000246861 -0.000831976 -0.000223851 -0.000702613 -0.00364394 0.00161426 0.00290784 -0.000465001 -0.00155976 -0.00245315 0.000194595 -0.00305785 -0.00432803 0.000757576 0.00209651 -0.000989264 -0.00254071 0.00139397 -0.0090604 0.00302578 -0.000461687 0.000220542 0.00408049 -0.00647255 -0.00767581 0.00439126 0.00303782 0.00158761 0.00165635 0.00568241 -0.00041841 -0.00416295 0.00126214 0.00609914 -0.0129688 0.000154762 0.00119203 -0.00808735 0.00148221 -0.00078329 0.000661136 0.00111573 0.00126637 -0.00512821 0.0020978 0.00402156 -0.00311801 -0.00592308 0.005 -0.00357143 -0.00488998 -0.00144573 -0.0105011 -0.00170549 -0.000134698 -0.00194559 -0.00171768 0.00666723 -0.0038587 0.00426038 -0.00128866 -0.00264423
internal_weight=37113 26395 21719 17254 4676 4465 10718 16583 6254 4736 10329 4232 2605 8006 6955 1627 1778 5179 444 2664 1801 1584 1776 671 570 3763 1861 1294 1602 1902 704 1107 512 567 227 1037 1518 827 746 380 3844 3246 3205 192 861 590 881 322 1062 274 396 559 431 598 451 723 2323 1455 217 565 94 49
internal_count=37113 26395 21719 17254 4676 4465 10718 16583 6254 4736 10329 4232 2605 8006 6955 1627 1778 5179 444 2664 1801 1584 1776 671 570 3763 1861 1294 1602 1902 704 1107 512 567 227 1037 1518 827 746 380 3844 3246 3205 192 861 590 881 322 1062 274 396 559 431 598 451 723 2323 1455 217 565 94 49
cat_boundaries=0 2 3 5 6 8 9 10 12 14 16 17 19 21 22 24 25 27 29 30 32 34 36 38 39 40 41
cat_threshold=2462384359 591171 28 2341568534 303213 2081 137515562 854327 904 3752 2686489682 262800 202426175 132620 4105 328192 902 78299456 300544 1310721 16400 3636 2458673418 98872 2466 553653768 266896 42623296 70200 1361 2720043137 256 2970357888 65683 2189426758 1 570425348 512 1696 3 2163
is_linear=0
shrinkage=0.05


Tree=40
num_leaves=63
num_cat=4
split_feature=20 21 17 13 17 20 20 5 8 7 21 7 7 0 5 7 17 5 6 15 0 11 23 7 6 6 0 21 18 5 6 21 6 15 22 7 21 20 22 5 17 7 6 20 5 4 18 17 22 5 15 15 22 17 18 7 15 7 22 20 11 5
split_gain=38.9604 19.442 13.1945 7.51445 7.19158 6.91708 5.81019 5.5829 4.85496 3.96323 3.94214 3.57962 3.56351 3.45773 3.45331 3.19618 3.04641 2.96513 4.26841 3.86385 11.9584 3.56185 2.94114 2.73639 2.97721 2.56733 2.38427 4.01523 2.38137 2.37644 2.30462 2.13745 2.06448 2.62769 2.03649 1.86484 1.88467 1.68207 2.3188 1.6274 2.37873 1.61008 1.55485 1.54813 1.87085 1.45519 1.44172 1.51511 1.82428 1.4322 1.40885 1.37239 2.19491 1.31737 1.30757 1.33407 1.30229 1.29911 1.30772 1.21433 1.18828 1.1619
threshold=139.50000000000003 62.038461538461547 2.7202298097481399 1.5000000000000002 1.8686466400402952 26.500000000000004 8.5000000000000018 104.50000000000001 341.05000000000007 -1.0000000180025095e-35 124.06250000000001 410.33500000000009 370.23500000000007 0 151.50000000000003 -1.0000000180025095e-35 1.9211189828285065 186.50000000000003 1376.8900000000001 5.5000000000000009 1 3969.5900000000006 4.5000000000000009 1323.7950000000003 3056.7900000000004 2501.0100000000007 2 89.408333333333346 0.2248390793765728 235.50000000000003 6744.7200000000003 38.016666666666673 3650.2500000000005 1.5000000000000002 54.826087762711836 1.0000000180025095e-35 54.575187969924819 40.500000000000007 58.363230430986867 61.500000000000007 0.90418370714450924 60.600000000000009 3056.7900000000004 219.50000000000003 244.50000000000003 3 0.7993825726450714 0.81627148153588047 50.382012874549652 324.50000000000006 8.5000000000000018 3.5000000000000004 1.4571067811865479 1.3427204581682941 0.37954192716510798 -1.0000000180025095e-35 9.5000000000000018 -462.12499999999994 47.698008332645799 146.50000000000003 772.19500000000005 19.500000000000004
decision_type=2 2 2 2 2 2 2 2 2 2 2 2 2 1 2 2 2 2 2 2 1 2 2 2 2 2 1 2 2 2 2 2 2 2 2 2 2 2 2 2 2 2 2 2 2 9 2 2 2 2 2 2 2 2 2 2 2 2 2 2 2 2
left_child=1 2 5 7 10 12 26 9 15 -4 42 -6 30 28 -15 57 23 19 56 20 -7 -21 43 24 -10 -11 27 -3 -9 -20 45 -14 33 -18 -34 -5 -37 38 -17 40 -12 -39 46 44 61 -1 -2 59 -49 -46 -32 52 -44 -54 60 -56 -19 -8 -59 -48 -29 -13
right_child=4 6 3 35 11 17 8 13 16 25 39 22 31 14 -16 37 32 18 29 21 -22 -23 -24 -25 -26 -27 -28 54 -30 -31 50 -33 34 -35 -36 36 -38 41 -40 -41 -42 -43 51 -45 49 -47 47 48 -50 -51 -52 -53 53 -55 55 -57 -58 58 -60 -61 -62 -63
leaf_value=-0.07080267435920358 0.47252640049909617 0.21439595872156608 -0.83379416440105847 0.98891263927742878 0.26891585358793385 -0.15446166414139884 -0.29663786580171631 0.015134842403371086 0.12196235808060774 0.030346197257857456 -1.3720990973605141 -0.48389776157090802 -0.22992047433002871 0.30937829149226137 -0.64182465533013289 -0.093408005281234274 -1.0799887697002024 0.22268991043797881 0.038500155982711885 -0.018135298456911111 -1.0453479947602733 -0.21410218322869437 -0.0071509353046982586 0.46410522710625879 -0.070201567591739081 -0.25937116600943855 0.35066589188303932 -1.4253919780859197 0.94555002048560211 -0.11856776744246873 -0.21009764519135343 -0.030353912117552808 0.26888871623021798 0.60855878355211956 -1.0509111297370006 -0.36505208834757402 0.47190934405906493 0.18080378838886091 -0.44668719716162164 0.83869179937685334 0.11232322827314221 -0.047416095711555431 0.030227022984017894 2.3047026120484904 0.062223930174062227 -0.37873449736017456 0.70772514726782276 -0.089762122647461251 1.0350452062252342 1.0841630064664227 -0.52749362773159247 0.10533695029913358 -1.023468423600272 -0.15579854324388781 0.79531211154915016 -0.8223971907854053 -0.18118098042104569 -1.0204414476323596 -1.0173715739878149 -0.61298079119458315 0.85507697248296854 1.4787533212306148
leaf_weight=154 865 116 31 55 840 791 39 342 4292 1405 33 64 484 208 356 304 39 414 663 1317 438 1370 318 484 1935 672 149 26 1258 2178 20 351 181 2204 71 588 26 661 112 1950 413 1507 243 2889 560 655 32 699 180 135 56 246 159 110 23 262 63 29 44 136 22 846
leaf_count=154 865 116 31 55 840 791 39 342 4292 1405 33 64 484 208 356 304 39 414 663 1317 438 1370 318 484 1935 672 149 26 1258 2178 20 351 181 2204 71 588 26 661 112 1950 413 1507 243 2889 560 655 32 699 180 135 56 246 159 110 23 262 63 29 44 136 22 846
internal_value=0.000267068 -0.000763789 -0.00205155 1.26416e-05 0.00280991 -0.00319582 0.000663841 0.000795322 0.000909282 -0.00101847 0.00142533 0.00404067 -0.006065 0.00258422 -0.000705467 -0.000944794 0.00145781 -0.00250449 -0.0013776 -0.00344476 -0.00579343 -0.00234665 0.00456906 0.000891793 0.00059992 -0.000715144 -0.00411814 -0.0059458 0.00377417 -0.00212289 -0.00831926 -0.00359487 0.00295737 0.00344501 -0.00117647 -0.00489211 -0.00571313 -0.000560495 -0.00346062 0.00289704 5.56793e-05 0 8.41751e-05 0.00489771 0.00355255 -0.00737377 0.000861619 -0.000345238 0.000439342 0.00148639 -0.0170886 -0.00180683 -0.00330097 -0.00638787 -0.00874256 -0.010026 0.00294271 -0.00913043 -0.0129934 -0.00467836 0 0.00506572
internal_weight=37113 26395 13895 4941 10718 8954 12500 4272 11902 2108 5066 5652 1720 2164 564 2696 9206 7234 3318 3916 1229 2687 4812 6711 6227 2077 598 449 1600 2841 885 835 2495 2243 252 669 614 2584 416 2396 446 2168 2670 4494 1605 809 1912 1047 879 695 76 758 512 269 333 285 477 112 73 168 48 910
internal_count=37113 26395 13895 4941 10718 8954 12500 4272 11902 2108 5066 5652 1720 2164 564 2696 9206 7234 3318 3916 1229 2687 4812 6711 6227 2077 598 449 1600 2841 885 835 2495 2243 252 669 614 2584 416 2396 446 2168 2670 4494 1605 809 1912 1047 879 695 76 758 512 269 333 285 477 112 73 168 48 910
cat_boundaries=0 1 2 3 4
cat_threshold=1 1 1 16
is_linear=0
shrinkage=0.05


Tree=41
num_leaves=63
num_cat=3
split_feature=14 7 16 17 7 14 17 12 6 5 17 17 4 5 10 19 6 5 17 17 0 10 23 17 4 19 16 19 22 7 5 11 23 22 10 23 5 9 5 19 11 6 7 22 19 5 7 10 10 17 7 23 9 19 5 7 7 22 18 9 5 9
split_gain=27.0012 15.267 10.3487 8.21189 6.81108 6.12916 4.81093 4.73346 4.22493 3.94081 3.9985 3.87515 3.75659 3.73584 3.66123 3.26212 3.07669 3.01615 3.10095 2.97182 2.70978 2.69861 2.62234 2.60424 2.55556 2.5398 2.28386 2.19976 2.3577 2.17295 2.15898 2.62654 2.12748 2.0771 1.87153 2.10045 1.85856 1.84679 1.80328 1.74643 1.73243 2.5026 1.94659 1.88824 1.64879 1.59902 1.45392 2.82176 1.44595 1.42038 1.61544 1.38487 1.32302 1.26088 1.23014 1.22404 1.21168 1.18384 1.1565 1.0974 1.08654 0.97406
threshold=1.5000000000000002 -1.0000000180025095e-35 1.0530568869425665 1.7195004606467987 964.53000000000009 3.5000000000000004 0.7631991160095607 1.5000000000000002 4496.4800000000005 131.50000000000003 0.95497619947432044 1.5238170145698593 0 190.50000000000003 1.0000000180025095e-35 3106.7700000000004 6744.7200000000003 12.500000000000002 3.4872313556791226 1.4697032788760447 1 1020.8750000000001 1.5000000000000002 1.3225165246576509 2 1234.6800000000001 2.8108300119689624 878.98000000000002 67.70149760280286 60.600000000000009 282.50000000000006 5350.8650000000007 3.5000000000000004 41.040953307403804 2253.4550000000004 15.500000000000002 58.500000000000007 102.18000000000001 87.500000000000014 1657.2750000000005 2772.2400000000002 1734.8500000000001 360.31500000000005 13.436698590309087 983.07500000000005 98.500000000000014 550.99500000000012 1895.3350000000003 1511.7350000000004 0.95497619947432044 60.600000000000009 15.500000000000002 261.81500000000005 2347.0050000000006 334.50000000000006 986.95000000000005 641.31000000000006 2.8503542240076025 1.0852230049888576 177.88000000000002 305.00000000000006 2149.3700000000003
decision_type=2 2 2 2 2 2 2 2 2 2 2 2 9 2 2 2 2 2 2 2 1 2 2 2 9 2 2 2 2 2 2 2 2 2 2 2 2 2 2 2 2 2 2 2 2 2 2 2 2 2 2 2 2 2 2 2 2 2 2 2 2 2
left_child=1 27 8 9 15 6 30 12 19 14 26 -9 23 22 36 17 44 18 -5 34 -13 -19 -12 -8 58 40 51 -1 -29 32 31 -4 -21 49 35 52 -3 -28 -26 -15 41 -7 -42 -44 48 -46 47 -31 -6 50 -10 -11 -2 -51 -32 -14 59 -48 -16 -17 -27 -36
right_child=2 3 5 4 16 25 7 11 33 10 13 20 55 39 24 56 -18 21 -20 29 -22 -23 -24 -25 38 60 37 28 -30 46 54 -33 -34 -35 61 -37 -38 -39 -40 -41 42 -43 43 -45 45 -47 57 -49 -50 53 -52 -53 -54 -55 -56 -57 -58 -59 -60 -61 -62 -63
leaf_value=-0.59390991357738832 0.082608467030438962 -1.1896941409922421 -0.0011937929456218299 0.45259672454383876 1.7232375238083222 -0.25255526198610062 -0.096885470627240719 0.34531145186742995 -0.33636806092027222 0.45396917165922057 0.011414616442128357 -0.52576772629631119 0.044318612340256094 0.21944515258908126 0.034643574016247139 2.0323779909242918 -0.47859181137415518 0.63850184070150395 -1.1210737850708934 0.0072621144464799061 -0.023800405031804497 -0.079280002679323947 0.94060303060049544 -0.011360362470207976 -0.072426817921231651 -0.37891655772969762 -0.62782931539136022 -0.8821680040390163 0.074614250387987996 -0.0017012229652998202 -0.45288254455162724 -0.50084814708172121 -0.72834916493792312 0.10412776880461783 -0.26213163831799074 0.01574528996423661 2.9160322645030066 -0.037042177524259048 -0.34345213439405087 -0.1892416959811376 -0.31935073950037651 0.16984969290266314 0.018839505276026538 -0.20147227556771538 0.30476528433266881 1.3347190705542229 -0.36447476192374995 -0.29306690890314613 1.0436178726014791 -0.25872935534242114 -0.61845136613708585 -0.39522509368480518 -0.27200705006708581 -0.36163220092274395 -0.16377689082367849 0.24319410908246059 0.13848886413597397 0.20214021105879798 0.55668486527203209 -0.82125998250537657 0.026130869587708629 -0.18418178398845236
leaf_weight=53 37 24 167 137 1429 49 1675 121 24 412 236 282 3534 2893 538 23 49 5452 124 45 101 834 827 4679 2653 203 97 141 24 709 61 77 63 48 309 195 310 1567 984 368 143 87 169 249 449 670 41 207 1008 271 58 27 370 156 20 768 64 199 322 129 28 124
leaf_count=53 37 24 167 137 1429 49 1675 121 24 412 236 282 3534 2893 538 23 49 5452 124 45 101 834 827 4679 2653 203 97 141 24 709 61 77 63 48 309 195 310 1567 984 368 143 87 169 249 449 670 41 207 1008 271 58 27 370 156 20 768 64 199 322 129 28 124
internal_value=0.000269762 0.00139836 -0.00134151 0.00153382 0.00255038 -0.000711783 -0.000390625 -0.000210517 -0.00405736 0.000592754 0.00140552 -0.00493097 9.38174e-06 0.0022764 -0.000478382 0.00160176 0.00431333 0.00180725 -0.00336174 -0.00306798 -0.0074158 0.00203132 0.00486632 -0.000757814 -0.000863889 -0.00461869 -0.000362061 -0.0116516 -0.0145089 -0.00138122 -0.00636433 -0.00364372 -0.00810811 -0.00801339 -0.00506985 -0.00309917 0.00452522 -0.00122975 -0.00144863 0.00141314 -0.00298214 0.00179856 -0.00423316 -0.00231591 0.00449564 0.00279635 -0.00069025 -0.00163221 0.00525102 -0.00895996 -0.0155882 0.00279977 -0.00515244 -0.00747093 -0.0135417 0.00115295 -0.0043379 0.0026749 0.00154639 -0.00677419 -0.00924145 -0.00765482
internal_weight=37113 21844 15269 21626 10368 12413 11485 11160 2856 11258 6427 504 10656 4324 4831 6763 3605 6547 261 2299 383 6286 1063 6354 4497 928 2103 218 165 1264 325 244 108 557 1035 602 334 1664 3637 3261 697 136 561 418 3556 1119 1156 916 2437 509 82 439 407 427 81 4302 216 240 860 152 231 433
internal_count=37113 21844 15269 21626 10368 12413 11485 11160 2856 11258 6427 504 10656 4324 4831 6763 3605 6547 261 2299 383 6286 1063 6354 4497 928 2103 218 165 1264 325 244 108 557 1035 602 334 1664 3637 3261 697 136 561 418 3556 1119 1156 916 2437 509 82 439 407 427 81 4302 216 240 860 152 231 433
cat_boundaries=0 1 2 3
cat_threshold=7 1 16
is_linear=0
shrinkage=0.05


Tree=42
num_leaves=63
num_cat=28
split_feature=20 21 20 20 21 1 20 2 1 1 2 1 1 1 1 6 2 1 2 19 21 6 8 2 1 2 22 8 21 4 1 18 20 2 1 18 20 4 8 2 10 1 22 1 10 19 10 4 1 22 8 22 20 8 0 0 20 19 6 2 22 21
split_gain=32.1283 16.7183 10.5689 8.1578 6.01178 5.75358 5.3394 4.96853 4.95222 4.54398 4.11061 4.01735 3.72984 3.64394 3.62868 3.46272 3.37092 3.3177 3.24393 3.12114 3.11917 3.05642 2.78935 3.29198 3.02647 2.78628 2.72935 2.60143 2.53524 2.39926 3.09288 2.51972 2.34428 2.23636 2.0625 2.04123 2.03353 2.00636 1.98994 1.83328 1.71219 1.69823 1.88491 1.65721 1.50997 1.50806 1.50596 1.76388 1.486 2.52256 1.48389 1.43109 1.4135 2.02117 1.40108 1.30452 2.09149 1.29893 1.28999 1.27819 1.27749 1.24842
threshold=139.50000000000003 62.038461538461547 1.0000000180025095e-35 26.500000000000004 181.12500000000003 0 8.5000000000000018 1 2 3 4 5 6 7 8 10798.460000000001 9 10 11 1495.7149999999999 1.0000000180025095e-35 1734.8500000000001 363.51500000000004 12 13 14 17.877726212951384 1064.5100000000002 78.759615384615401 15 16 0.58787521451821101 133.50000000000003 17 18 0.16255742762796763 196.50000000000003 19 755.94000000000017 20 2686.9950000000003 21 67.70149760280286 22 360.22500000000008 2858.9050000000002 588.66500000000019 23 24 54.423887347607952 182.12000000000003 1.4571067811865479 245.50000000000003 1240.0450000000003 25 26 155.50000000000003 745.95500000000015 1734.8500000000001 27 133.65409289509725 95.267857142857153
decision_type=2 2 2 2 2 9 2 1 9 9 1 9 9 9 9 2 1 9 1 2 2 2 2 1 9 1 2 2 2 9 9 2 2 1 9 2 2 9 2 1 2 9 2 9 2 2 2 9 9 2 2 2 2 2 1 1 2 2 2 1 2 2
left_child=1 2 10 9 8 15 18 11 26 46 17 50 27 -12 -6 25 -16 58 -3 -19 36 40 23 -7 -24 -5 34 60 52 30 -14 -31 44 -28 55 -15 39 -21 61 -10 -11 -35 -43 -30 -13 -38 -4 -48 49 -18 51 -8 -22 -54 -50 -2 -57 -56 -1 -23 -9 -36
right_child=4 6 3 5 14 22 7 12 20 21 13 32 29 35 16 -17 48 19 -20 37 28 59 24 -25 -26 -27 33 -29 43 31 -32 -33 -34 41 38 -37 45 -39 -40 -41 -42 42 -44 -45 -46 -47 47 -49 54 -51 -52 -53 53 -55 57 56 -58 -59 -60 -61 -62 -63
leaf_value=-0.78199433436601928 1.2585167820852576 0.073179215917408419 0.32958402756748173 -0.065118415778205652 1.7038318575688955 -0.28530704131272627 -1.0107140804804737 -0.17557827086131825 -0.35904738179852985 0.0041461557054851992 -0.29439983536389036 -0.49908274828186922 0.20972431547196602 -0.55909370303238981 2.1560558832810854 -0.58204151829309581 0.48584957290129033 0.10060840203516648 -0.66210775346231066 -0.049136713184211804 0.012061327261754684 -0.29726570243722117 0.10696214441695027 -0.034708119812396278 -0.046278355756753521 -0.21248298941595062 -0.34833416832307762 0.2383950182406295 0.27342401552941276 -0.081881127857374031 -0.052373880504278075 0.24922763901848521 -0.33338771262131495 0.34204036661213738 -0.48410012065641655 1.9045454890520206 2.1980443534486058 -0.69002197090314721 0.86290460154225068 1.0354506981203941 -0.26369426729037393 -0.66911906161858004 0.39740966894965624 0.75472714330636037 0.68237774529089534 -0.90180331159925731 -0.23363117615119672 0.009503112483947751 0.82308493646250303 -2.3139614589137816 0.27787798410545062 -0.025840817390146764 -1.1462560394663048 4.1384540855802348 0.23707398396393417 -1.1062397355568696 0.85839017763378966 -1.4051074105113674 0.67939261369821602 -0.47071839679613109 -1.0184527122075571 0.80802405236087727
leaf_weight=29 581 238 71 914 1531 505 56 1133 217 233 235 20 622 115 491 57 72 409 360 180 345 394 957 1263 2939 2386 581 337 1484 717 3651 2395 63 652 464 870 1068 305 448 253 135 157 57 874 1165 48 498 284 829 32 1500 183 82 22 105 21 124 47 320 796 60 133
leaf_count=29 581 238 71 914 1531 505 56 1133 217 233 235 20 622 115 491 57 72 409 360 180 345 394 957 1263 2939 2386 581 337 1484 717 3651 2395 63 652 464 870 1068 305 448 253 135 157 57 874 1165 48 498 284 829 32 1500 183 82 22 105 21 124 47 320 796 60 133
internal_value=0.000244167 -0.000691814 -0.00188606 -0.00252733 0.0025534 -0.00182707 0.000631848 0.000867283 0.00178454 -0.00512117 0.00106955 0.00262917 0.000267417 0.00312247 0.0044172 -0.0034681 0.00261171 -0.000925557 -0.00395175 -0.0025634 0.00287392 -0.00673138 -0.00083671 -0.00248447 -7.69428e-05 -0.00323948 0.000270814 -0.00196047 0.00184609 0.000738375 -2.04153e-05 0.001792 0.00479778 -0.00131897 0.00159949 0.00447144 0.00467275 -0.00530225 0.000106333 0.00174419 -0.00256065 0.000255973 -0.0034141 0.00250953 0.00535564 0.00585344 -0.00200635 -0.00270701 0.000967668 -0.0042735 0.00102026 -0.00253099 -0.00152102 -0.00654206 0.00162223 0.00361976 -0.000253378 -0.00258065 0.0030732 -0.00802598 -0.00308319 -0.00172917
internal_weight=37113 26395 13895 11432 10718 9021 12500 11902 7611 2411 2463 2987 8915 1220 3107 3357 1576 1243 598 894 4393 1558 5664 1768 3896 3300 3218 1530 2807 7385 4273 3112 1248 1447 1771 985 1586 485 1045 470 368 866 214 2358 1185 1116 853 782 1085 104 1739 239 449 104 981 726 145 152 349 1190 1193 597
internal_count=37113 26395 13895 11432 10718 9021 12500 11902 7611 2411 2463 2987 8915 1220 3107 3357 1576 1243 598 894 4393 1558 5664 1768 3896 3300 3218 1530 2807 7385 4273 3112 1248 1447 1771 985 1586 485 1045 470 368 866 214 2358 1185 1116 853 782 1085 104 1739 239 449 104 981 726 145 152 349 1190 1193 597
cat_boundaries=0 2 3 5 7 8 10 12 14 16 17 19 20 21 23 24 25 27 28 30 31 32 34 36 37 39 40 41 42
cat_threshold=3035815 98612 772 12234880 916708 10228642 102418 49 2721223787 301605 268440172 1639698 2189476882 4609 67154103 116381 928 11304981 16944 1984 275 394305544 1601537 1576 7 56934402 41064 2097 2097280 296032 12 3091 1613952 344192 3087352144 131097 14 2114624 2 1 1 1676
is_linear=0
shrinkage=0.05


Tree=43
num_leaves=63
num_cat=5
split_feature=21 15 7 10 21 7 2 5 11 2 5 8 13 5 0 5 5 5 22 23 22 22 7 11 21 7 9 15 18 9 7 21 10 18 5 16 10 2 5 22 16 7 9 9 13 9 11 13 18 13 10 9 18 18 21 7 13 23 2 10 7 18
split_gain=24.2556 13.3067 8.86842 6.98027 6.66281 5.97581 4.9033 4.71953 3.91456 3.99631 3.69962 3.65152 3.53097 3.45539 3.20484 23.1986 5.98572 2.88993 2.86613 3.85152 2.66787 2.41671 2.41635 2.61581 2.40242 2.36225 2.50595 2.41638 1.94023 1.89924 1.89254 1.88964 1.77707 1.87063 1.74605 1.6345 2.1315 1.86459 1.61907 1.60508 1.5987 1.53999 1.4692 1.43076 1.32375 1.31271 1.2707 1.21727 1.31198 1.2075 1.12205 1.08886 1.07063 1.05473 1.01864 1.01358 0.961347 1.21555 0.949516 0.946242 0.918155 1.67995
threshold=119.05555555555557 7.5000000000000009 978.62500000000011 4303.7850000000008 27.032258064516132 -1.0000000180025095e-35 0 180.50000000000003 2502.9050000000002 1 215.50000000000003 194.09500000000006 1.5000000000000002 102.50000000000001 2 152.50000000000003 151.50000000000003 346.50000000000006 139.33681727070672 4.5000000000000009 20.072883226279192 20.635215471799594 717.30500000000018 6086.6150000000007 184.70833333333334 360.31500000000005 1674.7100000000003 13.500000000000002 1.021160950987777 2166.4450000000006 427.0750000000001 65.083916083916094 1240.0550000000003 0.70335674193776521 46.500000000000007 0.82862129325928569 2156.1500000000001 3 12.500000000000002 43.13447962361704 1.2438299025135053 529.10500000000013 755.84500000000014 1643.9300000000001 1.5000000000000002 272.85000000000008 1051.6650000000002 1.5000000000000002 0.40170866826155832 1.5000000000000002 5375.1350000000011 759.6400000000001 1.8296834740614505 0.84561376112890174 309.75000000000006 302.46000000000009 1.5000000000000002 8.5000000000000018 4 1054.3950000000002 1059.5250000000003 1.8074185529046269
decision_type=2 2 2 2 2 2 1 2 2 1 2 2 2 2 1 2 2 2 2 2 2 2 2 2 2 2 2 2 2 2 2 2 2 2 2 2 2 1 2 2 2 2 2 2 2 2 2 2 2 2 2 2 2 2 2 2 2 2 1 2 2 2
left_child=1 2 3 7 17 12 44 14 13 31 11 -9 54 47 16 -16 -1 25 24 34 35 -12 23 30 38 26 55 -27 -29 -25 -22 50 -11 -34 -20 36 53 40 59 58 -37 -38 -40 -36 45 -7 -21 48 -4 -33 -10 -39 -47 -6 -2 -3 57 -5 -24 -8 -26 -62
right_child=5 4 8 56 20 6 18 10 9 32 21 -13 -14 -15 15 -17 -18 -19 19 46 22 -23 39 29 60 27 -28 28 -30 -31 -32 49 33 -35 43 37 41 51 42 -41 -42 -43 -44 -45 -46 52 -48 -49 -50 -51 -52 -53 -54 -55 -56 -57 -58 -59 -60 -61 61 -63
leaf_value=-0.087072591480954031 -1.183521727511115 -0.15029892785267013 -0.36616068722231604 -0.74071903827531782 -0.21425437273603853 0.36931931224034892 -0.85254507526290313 -0.38233617417119564 -0.29174368224924013 -0.4941446342512576 0.061943459565732086 0.33476132755215177 1.8344466043412133 1.3980493137745136 -0.04342210784461642 -1.2486332180564625 0.39348525227207098 0.18167898412406244 -0.87531485398104358 0.041606083140580369 -0.16483037280952467 -0.062298448321051407 -0.14793842703073357 -0.60704492324385573 0.84287792219263735 -0.33312607363595342 -0.48869237846445945 -0.51492209783810072 0.020312688679682545 -0.23100703663117772 -0.051908163084363371 0.096572886313523842 -0.30774950763656794 0.33240723682987761 0.61432513606715367 0.038437135261819404 -0.50747855292950061 0.091089483819944403 0.14552387163351491 -0.38646616966743752 -0.15286833150377863 -0.1497027266339977 0.50622844415183865 -2.6151831580227816 -0.29220154867336556 1.327184393715612 -1.1552217060575274 -0.39466809451952478 0.69857365270305183 -0.60287444780223609 0.10955625903685817 0.0036423105200195319 -0.092045047643430966 0.11525038313108507 -0.8324720163501077 -0.46807152834461796 -0.21408062932722488 -0.32384296773060939 0.22322371711581362 0.097516989184925337 1.6345279535911086 -0.47811253854559999
leaf_weight=6161 84 190 161 44 59 123 115 191 578 56 3167 1553 42 1164 2771 498 1014 32 110 23 741 2994 128 95 2356 130 65 91 161 51 300 767 102 1503 428 160 88 239 2332 23 311 41 1812 31 48 1150 64 46 538 38 69 803 47 56 24 29 35 21 191 112 719 38
leaf_count=6161 84 190 161 44 59 123 115 191 578 56 3167 1553 42 1164 2771 498 1014 32 110 23 741 2994 128 95 2356 130 65 91 161 51 300 767 102 1503 428 160 88 239 2332 23 311 41 1812 31 48 1150 64 46 538 38 69 803 47 56 24 29 35 21 191 112 719 38
internal_value=0.000217224 -0.00053946 -8.36031e-05 -0.000592754 -0.00321043 0.00237294 0.00253391 -0.000516974 0.00177612 0.000661906 0.000399911 0.00243274 -0.00735294 0.00356302 -0.00121566 -0.00251757 -0.000614726 -0.00766762 0.00204833 -0.00106222 -0.00224232 -0.000168316 -0.00377774 -0.00484244 0.00233071 -0.00840807 -0.0120209 -0.00551948 -0.00235294 -0.0112416 -0.00386734 -0.00122867 0.00233722 0.0026819 0.000371503 -0.00087358 -0.00465587 -0.000222625 0.00155178 0 -0.00281508 -0.00899621 0.00178442 0.00181277 0.00532223 0.00566893 -0.0106944 0.00081885 0.0014067 0.000324876 -0.00325 0.000924171 0.00617708 0 -0.0121622 -0.00884009 -0.0135922 -0.0174632 0.000892857 -0.00244565 0.00340581 0.00501645
internal_weight=37113 27455 23471 18449 3984 9658 9508 18349 5022 3113 7905 1744 150 1909 10444 3269 7175 698 8140 656 3286 6161 1529 1187 7484 666 284 382 252 146 1041 1452 1661 1605 569 1757 244 1513 4371 342 471 129 4144 459 1368 1320 87 745 699 805 647 1042 1197 115 108 219 100 65 319 227 3113 757
internal_count=37113 27455 23471 18449 3984 9658 9508 18349 5022 3113 7905 1744 150 1909 10444 3269 7175 698 8140 656 3286 6161 1529 1187 7484 666 284 382 252 146 1041 1452 1661 1605 569 1757 244 1513 4371 342 471 129 4144 459 1368 1320 87 745 699 805 647 1042 1197 115 108 219 100 65 319 227 3113 757
cat_boundaries=0 1 2 3 4 5
cat_threshold=384 2401 1 69 195
is_linear=0
shrinkage=0.05


Tree=44
num_leaves=63
num_cat=18
split_feature=20 21 17 17 7 11 1 20 13 7 1 1 3 1 1 7 1 22 10 1 7 1 21 1 1 1 19 3 3 1 23 1 7 9 22 19 1 6 17 23 20 1 7 19 7 20 11 23 21 21 11 20 9 20 19 10 17 10 17 21 11 21
split_gain=27.3484 14.4022 9.19353 5.96758 5.52022 6.88486 6.18919 5.04582 4.62308 4.36658 3.78076 3.71519 3.61435 4.56569 3.29351 3.22813 3.26764 3.19645 5.04764 3.1777 3.16228 3.05103 2.98594 4.40941 2.94366 2.69571 2.56004 2.49349 2.38829 2.33327 2.32132 2.28255 2.81807 2.27918 2.08368 1.8956 1.79466 1.77994 1.74685 1.68255 1.65232 1.82437 1.64885 1.81213 1.63299 1.61268 1.59468 1.58026 1.51104 1.45911 1.45823 1.43665 1.38643 1.38188 2.03273 1.30106 1.29424 1.2437 1.2299 1.21787 1.3019 1.34437
threshold=143.50000000000003 62.038461538461547 2.7202298097481399 1.8686466400402952 363.51500000000004 4265.2350000000006 0 8.5000000000000018 1.5000000000000002 -1.0000000180025095e-35 1 2 3 4 5 837.40500000000009 6 67.70149760280286 1744.2300000000002 7 -1.0000000180025095e-35 8 124.06250000000001 9 10 11 2257.5450000000005 12 13 14 4.5000000000000009 15 864.61500000000012 378.30500000000006 14.228425060964632 2631.2900000000009 16 3056.7900000000004 1.8181788226775535 15.500000000000002 252.50000000000003 17 1.0000000180025095e-35 888.44500000000005 1446.9900000000002 150.50000000000003 701.81000000000006 3.5000000000000004 54.026315789473692 22.509259259259263 4952.8500000000013 630.00000000000011 792.69500000000016 1.5000000000000002 981.53499999999997 302.49000000000007 2.44094073448366 685.58000000000004 1.5459946582059472 274.16666666666669 511.60500000000002 33.947619047619057
decision_type=2 2 2 2 2 2 9 2 2 2 9 9 1 9 9 2 9 2 2 9 2 9 2 9 9 9 2 1 1 9 2 9 2 2 2 2 9 2 2 2 2 9 2 2 2 2 2 2 2 2 2 2 2 2 2 2 2 2 2 2 2 2
left_child=1 2 4 22 5 14 31 28 9 -4 55 35 24 -14 39 17 26 20 -19 -7 -12 42 23 -2 -11 48 -17 -16 44 38 33 32 -6 46 -27 59 -25 -38 45 -1 41 -35 -10 -44 57 -24 -13 -39 -8 -23 -21 -42 -30 -54 -55 -9 -46 -3 -18 60 61 -5
right_child=3 7 8 11 6 19 25 10 21 12 15 30 13 -15 27 16 58 18 -20 50 -22 49 29 36 -26 34 -28 -29 52 -31 -32 -33 -34 40 -36 -37 37 47 -40 -41 51 -43 43 -45 56 -47 -48 -49 -50 -51 -52 -53 53 54 -56 -57 -58 -59 -60 -61 -62 -63
leaf_value=-0.11232068460997074 0.65616759564671456 -1.2392282320246775 -0.74532343118866773 2.0131010691751245 -0.11631009870104246 -0.46975186208449132 -0.30974534234688483 -0.64334897527937063 1.2177519988256655 0.56980801722603491 -0.71383579270980313 0.24049899515598377 -0.1220033017595915 0.46932938669187574 -0.027327927451524216 0.53753036909576513 -0.14512095466657779 -0.092110059325984664 -0.80759938087556127 -0.35635897685635481 0.038210846924639608 -0.16140671716032703 -0.23007790531578109 -0.55843773333356383 -0.18628750288513976 -0.011013716109657335 -0.91420649791783881 -0.289859471941112 -0.46315337638390697 0.2913072421377777 -0.74302882710364104 0.14511512357015841 0.10588811622073742 -0.26343625087206352 -0.21376323125084104 -0.40508601528783789 0.035991985314268504 -0.079967467952951676 -1.9962213256350698 0.021836576850775159 2.1192355784114567 0.62646466459772654 -0.20812087604037793 -0.49536693208721821 0.21785966707992271 1.3189663617091434 -1.3993158967936177 -0.42516058154521374 -0.079316441958470651 0.14552605460764664 -0.18438478846353226 -0.096191912922180656 -0.07238196271631088 -1.0668981058430753 1.674278264134609 0.26149634742058442 -0.40270378234905363 0.60671889334870999 0.25780911057152522 2.9195957774805525 1.359555168352468 -0.67858739470975726
leaf_weight=808 506 39 61 77 1468 221 503 24 38 206 103 374 657 1835 347 1369 539 1122 178 110 6638 198 53 141 1518 872 58 1116 144 1689 185 741 533 239 1631 84 1317 285 30 380 1295 1089 153 184 20 497 60 234 92 96 218 92 39 110 25 1707 20 201 477 286 1699 82
leaf_count=808 506 39 61 77 1468 221 503 24 38 206 103 374 657 1835 347 1369 539 1122 178 110 6638 198 53 141 1518 872 58 1116 144 1689 185 741 533 239 1631 84 1317 285 30 380 1295 1089 153 184 20 497 60 234 92 96 218 92 39 110 25 1707 20 201 477 286 1699 82
internal_value=0.000222613 -0.000617958 -0.00172814 0.00241107 -0.0026761 -0.00435529 -0.00174568 0.000590083 0 0.000610397 0.000813349 0.0035265 0.000817729 0.00203593 -0.00326394 0.000447747 0.00203904 -2.95251e-05 -0.00230238 -0.00948822 0.000402209 -0.00385045 0.00109359 -8.54787e-05 -0.000921128 -0.00327065 0.00356771 -0.00485264 -0.00386855 0.00240427 0.00241261 0 -0.000887537 0.00274826 -0.00248907 0.00513164 -0.00117462 -0.000703083 0.00514334 -0.00120733 0.00328826 0.00195342 -0.00673325 -0.00805147 -0.000170648 0.00592224 -0.000514874 -0.00318487 -0.0063528 0 -0.00542522 0.00452338 -0.00672205 -0.0100282 -0.0124094 0.00297448 -0.00930233 0.00123457 -9.71817e-05 0.00544946 0.00490328 0.000231481
internal_weight=37113 26799 13986 10314 9040 3200 5840 12813 4946 4277 12215 5562 4216 2492 2651 10484 2443 8041 1300 549 6741 669 4752 2483 1724 3098 1427 1463 598 2269 3334 2742 2001 3149 2503 2228 1977 1836 580 1188 2715 1328 375 337 280 550 434 519 595 294 328 1387 318 174 135 1731 40 240 1016 2144 1858 159
internal_count=37113 26799 13986 10314 9040 3200 5840 12813 4946 4277 12215 5562 4216 2492 2651 10484 2443 8041 1300 549 6741 669 4752 2483 1724 3098 1427 1463 598 2269 3334 2742 2001 3149 2503 2228 1977 1836 580 1188 2715 1328 375 337 280 550 434 519 595 294 328 1387 318 174 135 1731 40 240 1016 2144 1858 159
cat_boundaries=0 2 4 6 7 9 11 13 15 17 19 21 23 24 25 27 29 31 33
cat_threshold=898147608 1856659 232382720 172108 67474174 1213005 1 714098 13861 315920421 1314944 539361968 7728 33558657 327680 2684911768 278672 61097491 1179710 8667152 16432 2363396 65572 4 6 268480545 104066 562561024 787600 143360 32768 330432768 5122
is_linear=0
shrinkage=0.05


Tree=45
num_leaves=63
num_cat=19
split_feature=20 21 6 2 0 5 5 5 1 20 2 1 2 11 21 21 1 20 1 23 1 6 1 20 9 1 21 8 1 0 8 21 2 18 2 18 21 1 2 21 1 8 2 19 8 21 19 6 5 22 23 11 19 20 8 11 11 20 20 21 20 6
split_gain=25.2126 14.2875 8.96156 6.01616 11.8892 19.1475 13.9093 7.83238 5.11347 5.07957 5.56263 4.52506 3.94974 3.93643 3.8883 3.62634 3.50629 3.44686 3.2438 3.2385 3.22676 3.04703 2.83468 2.67119 2.42772 3.7161 2.3782 2.32301 2.24985 2.2474 2.20557 2.15752 2.12641 1.97585 1.96868 2.25005 1.95273 1.91038 1.85035 1.81653 1.74898 1.74806 1.7456 2.16377 1.89989 1.57683 1.54534 1.44632 1.3964 1.37326 1.2903 1.78794 1.24359 1.21081 1.20673 1.35602 1.17195 1.15653 1.15236 1.10636 1.8231 1.09676
threshold=186.50000000000003 65.083916083916094 5898.4900000000007 0 1 151.50000000000003 180.50000000000003 152.50000000000003 2 35.500000000000007 3 4 5 4587.005000000001 35.019230769230781 7.5000000000000009 6 42.500000000000007 7 7.5000000000000009 8 1376.8900000000001 9 330.50000000000006 811.28500000000008 10 177.55000000000004 827.04500000000019 11 12 172.32500000000002 97.441558441558456 13 0.096398710998104861 14 0.49581893914858405 134.29166666666671 15 16 26.017241379310349 17 1309.5100000000004 18 197.63500000000002 1543.6250000000002 81.7638888888889 253.09500000000011 1376.8900000000001 178.50000000000003 94.331020774602266 11.500000000000002 2164.2050000000004 545.88 258.50000000000006 862.54500000000007 2411.0150000000008 529.17000000000019 229.50000000000003 12.500000000000002 52.02272727272728 43.500000000000007 1376.8900000000001
decision_type=2 2 2 1 1 2 2 2 9 2 1 9 1 2 2 2 9 2 9 2 9 2 9 2 2 9 2 2 9 1 2 2 1 2 1 2 2 9 1 2 9 2 1 2 2 2 2 2 2 2 2 2 2 2 2 2 2 2 2 2 2 2
left_child=1 2 3 4 7 17 -7 13 21 16 20 29 23 -1 41 37 31 -6 36 26 30 -5 -9 40 25 -20 33 -23 -26 -2 48 34 -18 -14 35 -3 -12 -10 -31 -17 52 -4 43 -33 -44 -36 -32 -40 -11 -38 51 -16 -13 -35 55 -42 -25 -49 61 60 -52 -34
right_child=11 9 14 8 5 6 -8 22 15 10 18 12 19 -15 50 39 32 -19 24 -21 -22 27 -24 56 28 -27 -28 -29 -30 38 46 42 58 53 45 -37 49 -39 47 -41 54 -43 44 -45 -46 -47 -48 57 -50 -51 59 -53 -54 -55 -56 -57 -58 -59 -60 -61 -62 -63
leaf_value=-0.067292947848533666 1.431240902136095 -0.44658383091957865 -0.44229005903366403 0.25678364608179044 -0.21998667532686197 -1.2014496274322024 -0.23308455636391542 -0.1383146026029905 0.3931347218627454 1.0118741129833737 -0.16338449497914037 -0.067404490908764464 -0.65204390120204225 -0.28830983759635437 0.27287606953189042 -0.21004242025347142 0.31348426358134357 0.050724712697677893 -0.070085665447022202 -1.034333564342262 0.76610944929028624 -0.026861594100216293 0.37440527620815367 0.0013342270264487866 0.3130140095283187 0.20219798138664746 1.8647748044708423 0.20475294297753452 0.043705882344120012 2.0498889304520747 -0.035789659977090736 1.2463980367651084 1.624368620906363 0.36990680296128109 -0.32823250827904182 0.49934538224744202 0.50303671419046558 -0.11820007457485904 1.2050157106368595 -0.083385239528212474 -0.0071602354854292116 -0.25157691762808093 -0.60061674037662183 -0.44146212234244508 -1.1546458615248312 0.021317610235403708 0.68294122062058094 0.30300007022822445 -0.88261108993115112 -0.81591989140896648 0.097899507150705833 -0.37938932026384475 -1.1668261241530844 2.2416820225224305 0.54945627834596122 -1.2696809923449643 2.7490581861110894 -1.409742326003832 0.077571560181211655 0.29797692189592812 -0.30513177725705287 -0.7381194218017666
leaf_weight=2573 1522 58 323 577 706 451 207 208 634 20 1232 192 66 434 25 300 360 612 3226 39 1098 2170 735 173 2423 2159 841 987 1519 118 394 73 20 635 131 204 384 964 206 2979 1025 101 384 111 60 89 321 39 34 109 79 234 171 717 562 29 456 72 260 50 88 144
leaf_count=2573 1522 58 323 577 706 451 207 208 634 20 1232 192 66 434 25 300 360 612 3226 39 1098 2170 735 173 2423 2159 841 987 1519 118 394 73 20 635 131 204 384 964 206 2979 1025 101 384 111 60 89 321 39 34 109 79 234 171 717 562 29 456 72 260 50 88 144
internal_value=0.000218572 -0.000400787 -0.00146616 -0.00116145 -0.00238677 -0.00555836 -0.0125189 -0.000790539 -0.000308731 0.000706162 0.00106311 0.00295478 0.00210917 -0.00204734 -0.00631229 -0.00137781 -0.00170005 -0.00202498 0.000628107 0.00362397 0.00358378 0.00107419 0.00315803 0.000743991 0.000999732 0.000299276 0.00390694 0.000446994 0.0019455 0.00500635 0.000975064 -0.0034951 0.000815558 0.00258621 -0.000876289 0.00190909 -0.00134494 0.000546533 0.00168379 -0.0023347 -0.000132442 -0.00983607 -0.00546751 -0.000761421 -0.0071116 -0.00429185 0.00179318 -0.000265152 -0.00833333 0.00123488 -0.00302714 -0.00539122 -0.00322473 0.00302583 0.000552486 -0.000402081 0.00357991 -0.00493421 -0.00148741 0 -0.00213235 -0.00479042
internal_weight=37113 30250 15437 14537 5926 1976 658 3950 8611 14813 12919 6863 4906 3007 900 4877 1894 1318 11052 2298 1867 3734 943 2608 9327 5385 2259 3157 3942 1957 769 1110 784 1418 482 262 1725 1598 435 3279 1979 424 628 184 444 220 715 317 54 493 476 259 363 1352 1616 1054 629 111 424 217 167 164
internal_count=37113 30250 15437 14537 5926 1976 658 3950 8611 14813 12919 6863 4906 3007 900 4877 1894 1318 11052 2298 1867 3734 943 2608 9327 5385 2259 3157 3942 1957 769 1110 784 1418 482 262 1725 1598 435 3279 1979 424 628 184 444 220 715 317 54 493 476 259 363 1352 1616 1054 629 111 424 217 167 164
cat_boundaries=0 1 2 4 5 7 8 10 12 14 16 18 20 21 22 23 25 26 28 29
cat_threshold=337 1 630301473 1254555 768 2500165678 33593 2077 2963608129 282801 268570700 601378 2753728553 5153 33722404 528 539763330 1184272 689701523 1216600 1 1752 2868 39850180 32768 268 11689984 1515522 196
is_linear=0
shrinkage=0.05


Tree=46
num_leaves=63
num_cat=27
split_feature=20 21 20 17 20 1 5 2 20 1 8 1 1 1 7 21 9 1 21 1 2 2 17 1 2 7 1 13 6 1 2 20 1 2 4 5 4 1 8 9 4 7 16 22 22 2 17 7 10 4 1 2 23 21 4 21 7 9 20 0 22 10
split_gain=23.2278 11.1939 7.7517 6.36818 5.8257 4.92313 4.77472 4.68209 4.18373 4.17165 4.0157 4.25965 3.85975 3.7251 3.66615 3.54126 3.46351 3.02718 2.95125 3.59893 2.8818 2.87678 2.68033 2.647 2.64325 3.76539 3.06783 2.56738 2.50936 2.48257 2.34228 3.81482 2.20984 2.57193 2.12311 2.10269 2.06242 2.03313 2.012 2.00621 1.97028 2.222 1.90789 1.85433 1.81524 1.74343 1.72587 1.71005 1.73809 1.69342 1.65239 1.64751 1.64223 1.63331 1.62711 1.59483 1.56261 1.43437 1.90838 1.43258 1.41674 1.40142
threshold=139.50000000000003 63.029411764705891 1.0000000180025095e-35 1.8686466400402952 26.500000000000004 0 104.50000000000001 1 8.5000000000000018 2 661.34500000000014 3 4 5 -1.0000000180025095e-35 160.53571428571431 436.05500000000006 6 124.06250000000001 7 8 9 1.2939355190953006 10 11 137.89500000000001 12 1.5000000000000002 1734.8500000000001 13 14 238.50000000000003 15 16 17 10.500000000000002 18 19 1499.9650000000001 269.77000000000004 20 283.50000000000006 1.6449558309643295 42.08585109771947 235.82011152571363 21 2.6666684063749879 1446.9900000000002 702.74500000000012 22 23 24 4.5000000000000009 319.25000000000006 25 274.16666666666669 1343.4050000000004 1169.5750000000003 1.5000000000000002 26 30.382209505838961 818.06500000000017
decision_type=2 2 2 2 2 9 2 1 2 9 2 9 9 9 2 2 2 9 2 9 1 1 2 9 1 2 9 2 2 9 1 2 9 1 9 2 9 9 2 2 9 2 2 2 2 1 2 2 2 9 9 1 2 2 9 2 2 2 2 1 2 2
left_child=1 2 6 18 9 16 23 46 20 42 11 44 55 21 27 -16 39 -8 19 49 47 -12 37 34 26 -26 -20 -13 54 -9 31 56 43 -34 -1 -23 -27 -15 -18 -6 -25 -42 45 61 51 -4 -7 48 -3 -2 -33 -10 -32 -52 -11 -5 -14 60 -59 -19 -22 -21
right_child=3 8 4 12 5 7 17 29 10 28 13 14 30 22 15 -17 38 59 24 32 57 35 -24 40 25 36 -28 -29 -30 -31 52 50 33 -35 -36 -37 -38 -39 -40 -41 41 -43 -44 -45 -46 -47 -48 -49 -50 -51 53 -53 -54 -55 -56 -57 -58 58 -60 -61 -62 -63
leaf_value=-0.21186985227375416 -0.15950890731431216 -1.1024207185935637 0.019887719596559619 1.1512414017575119 -0.016869247941816923 -0.38912207627523721 -0.38843898681458972 -0.2376901330650755 -0.072560890764323288 0.08000788747661769 0.43265288940913821 -0.8394926858617574 -0.56862874442570177 0.39994108832893221 -0.065977217644844904 0.50632430007479456 -0.0076513469923306767 1.8795407273540023 -0.12983049342587166 -0.4981129077107988 -0.72825162597483473 -1.543639728504006 0.41852277099169372 0.33588074739543522 -2.2347826872232974 -0.693344817591246 0.98448281064726262 0.99826779128079124 -0.40735348973698327 -0.058496202364957388 1.2937142747755677 1.7323552334357553 -0.26517397382239455 0.21443013689132587 0.97955860265116579 -0.080613552000158614 0.35658752937347632 -0.078102977277797692 0.21106927157165117 -0.26659329546658672 -1.0437134256664411 -0.24148276106916669 0.00071001858324470923 0.057939553979647229 -0.80079493916398814 -0.25779089090854529 -0.15436205950417303 -0.45415903737598207 1.2718303584198947 0.74633304890718222 0.72099874260678432 0.32360424736270094 -0.62679912434567964 -3.1703631598938049 -0.28763117850696479 2.6797084242820848 1.0190888179781836 0.75347961563503651 -0.85690921110568297 -0.0068925860103522755 -0.2566825338493815 -1.4472177020280232
leaf_weight=150 109 33 122 2076 301 905 218 361 481 138 357 89 576 209 4429 773 4284 753 360 90 78 38 2175 192 34 137 1089 23 1045 2317 1711 490 885 990 249 998 776 722 210 547 50 729 634 75 22 314 301 28 159 457 272 1367 108 23 182 313 83 27 108 122 155 64
leaf_count=150 109 33 122 2076 301 905 218 361 481 138 357 89 576 209 4429 773 4284 753 360 90 78 38 2175 192 34 137 1089 23 1045 2317 1711 490 885 990 249 998 776 722 210 547 50 729 634 75 22 314 301 28 159 457 272 1367 108 23 182 313 83 27 108 122 155 64
internal_value=0.000230696 -0.00056491 -0.00152545 0.00219429 -0.00206511 -0.00148174 0.00100872 -0.00283551 0.000536704 -0.00425041 0.00074769 6.95701e-06 0.00335102 0.00191859 -0.000708654 -0.000504323 -0.000480859 0.00347856 0.000892681 -0.00023382 -0.0035533 -0.000204481 0.00287752 -0.000928623 0.00216757 3.90625e-05 0.00349692 -0.00956522 -0.00608672 -0.00162579 0.00217872 0.000617708 -0.00120453 -0.000589248 0.00239684 -0.00157293 0.000723253 0.000575482 6.11519e-05 -0.00340776 -0.0023501 -0.00348801 -0.00177747 -0.00573347 0.00205789 -0.00432802 -0.00543478 0.000858369 0.00282051 0.00323834 0.0029981 0.00226904 0.00337746 0 -0.00201238 0.00489696 -0.00213369 -0.00616798 -0.0105978 0.00477196 -0.00354873 -0.00907643
internal_weight=37113 26395 14124 10718 11661 9226 2463 3884 12271 2435 11683 7184 5652 4499 5314 5202 5342 1093 5066 2670 588 1393 3106 1370 2396 947 1449 112 1365 2678 3263 1444 2104 1875 399 1036 913 931 4494 848 971 779 1070 229 1870 436 1206 220 192 566 785 1848 1819 295 320 2389 659 368 135 875 233 154
internal_count=37113 26395 14124 10718 11661 9226 2463 3884 12271 2435 11683 7184 5652 4499 5314 5202 5342 1093 5066 2670 588 1393 3106 1370 2396 947 1449 112 1365 2678 3263 1444 2104 1875 399 1036 913 931 4494 848 971 779 1070 229 1870 436 1206 220 192 566 785 1848 1819 295 320 2389 659 368 135 875 233 154
cat_boundaries=0 2 3 5 7 9 11 13 15 16 17 19 20 22 24 25 27 28 29 30 32 33 34 35 37 38 39 40
cat_threshold=3083969544 1472131 321 9212834 103186 517064003 32989 67474174 1213021 310445167 606661 2181092368 4609 2166638099 1048639 960 1796 78413841 17056 2350 237240448 266272 1075855874 65828 2055 241728 32768 2123 5 1 19452416 266272 4 537 2 570949633 16512 208 4 1
is_linear=0
shrinkage=0.05


Tree=47
num_leaves=63
num_cat=14
split_feature=15 7 10 7 13 12 6 5 2 7 7 7 10 18 2 17 4 22 4 10 6 2 6 6 4 10 6 8 5 10 8 18 2 2 6 23 22 7 5 8 22 22 4 23 18 17 22 10 2 2 2 10 23 2 15 8 10 4 17 5 7 23
split_gain=14.7354 8.45555 6.20657 5.41755 6.80242 5.41457 5.01116 4.39751 4.00808 3.81144 3.52856 3.41195 5.00289 3.22957 3.0684 3.00312 2.62876 2.58289 2.56195 2.46102 2.25582 3.64787 2.24721 2.21082 2.18615 1.94233 1.99965 1.93596 1.84807 1.82161 3.04687 2.66517 2.55625 1.8447 1.81835 3.24864 1.80762 1.79807 1.75302 1.67396 1.65892 2.82768 1.64564 1.57861 1.54847 1.54767 1.54351 1.51075 1.48074 1.47826 1.40731 1.37301 1.36019 1.3151 1.30564 1.24821 1.25752 1.2036 1.1891 1.1501 1.13431 1.09256
threshold=4.5000000000000009 756.57500000000016 1744.2300000000002 -1.0000000180025095e-35 1.5000000000000002 1.5000000000000002 5898.4900000000007 72.500000000000014 0 452.25000000000006 -462.12499999999994 443.31000000000006 2253.4550000000004 0.65192786147545578 1 1.2996815599229943 2 21.033184564544801 3 935.75000000000011 1734.8500000000001 4 2012.74 8525.1000000000022 5 1135.4250000000004 3650.2500000000005 681.25500000000011 28.500000000000004 2400.3700000000003 514.30000000000007 1.4018649933634906 6 7 2501.0100000000007 9.5000000000000018 15.55822386453268 1383.8450000000003 3.5000000000000004 247.40000000000003 24.435288629882816 14.228425060964632 8 11.500000000000002 1.3272448549253004 1.1872623231550741 172.9011777451386 1629.3600000000001 9 10 11 1829.1050000000005 3.5000000000000004 12 8.5000000000000018 330.67500000000007 3086.9850000000001 13 2.0296775808124896 199.50000000000003 102.40000000000002 11.500000000000002
decision_type=2 2 2 2 2 2 2 2 1 2 2 2 2 2 1 2 9 2 9 2 2 1 2 2 9 2 2 2 2 2 2 2 1 1 2 2 2 2 2 2 2 2 9 2 2 2 2 2 1 1 1 2 2 1 2 2 2 9 2 2 2 2
left_child=1 2 3 4 10 7 11 16 -4 13 -1 12 17 47 24 49 38 22 55 53 21 -17 -2 -22 28 26 -16 39 -5 31 40 50 57 43 35 -18 -15 58 -3 -20 41 -31 -21 -33 -34 -11 -26 -8 -24 -9 -13 -39 -27 -19 -49 -14 -57 -32 -7 -53 -10 -47
right_child=6 5 8 14 -6 37 9 15 60 45 -12 29 18 36 25 20 34 19 27 42 23 -23 48 -25 46 52 -28 -29 -30 30 32 33 44 -35 -36 -37 -38 51 -40 -41 -42 -43 -44 -45 -46 61 -48 54 -50 -51 -52 59 -54 -55 -56 56 -58 -59 -60 -61 -62 -63
leaf_value=-0.12832194893454316 0.14814323988386432 -3.3683690954722629 0.019491365212620338 -1.0452142548693704 1.5275336141772533 2.9054757561964344 -0.30358004255017423 0.35040767004056356 -0.40524716665198729 -0.28843742324968713 -0.86800407951476444 -0.23482711646206669 -0.079044930639441097 -0.48201520106837903 0.25756219861031227 -1.0449585763525453 0.50095884254421674 0.037578554441541193 0.1025472499320169 -0.34024812792359177 0.76934194828655666 0.46443229876375941 0.05109306950251833 -0.27897966664874757 0.017823417346003012 -0.084342671749967665 -0.28535847479296628 0.052707040918051722 -0.11958545559340852 0.040653518717575748 0.085908248926817574 0.16403644385757046 0.097324940922234232 0.24651344844821851 -0.069614692179447601 -1.145762014904113 -0.54752451511027933 0.024546655356152393 -0.41068725736843614 -0.20956309934859446 0.22808236779424826 -0.59395334070115602 -0.13908397525488497 -0.17091473287582312 -0.13628794408531295 -0.19234535115184831 -0.76769846991421942 0.35071976738961957 -0.050966431832829076 -0.17006329312400581 0.016273153849673962 -0.57032911854998003 0.1464561780006873 -0.099794832108080031 -0.22966122807034772 -0.29680513305490097 -0.59455342878637241 -0.031513447484076453 -0.38131615340210434 -0.034103599139168404 -0.43036689119488686 0.11751434252159187
leaf_weight=63 448 20 359 189 88 20 55 378 111 236 172 494 57 51 8055 169 1115 522 62 592 5024 489 267 43 3909 1500 281 175 542 29 714 342 211 869 691 33 90 26 320 222 25 56 945 177 1312 155 86 31 757 469 964 46 782 741 44 165 95 473 95 21 497 144
leaf_count=63 448 20 359 189 88 20 55 378 111 236 172 494 57 51 8055 169 1115 522 62 592 5024 489 267 43 3909 1500 281 175 542 29 714 342 211 869 691 33 90 26 320 222 25 56 945 177 1312 155 86 31 757 469 964 46 782 741 44 165 95 473 95 21 497 144
internal_value=0.000254944 0.000924461 0.000253952 0.000496969 -0.00586656 0.0021633 -0.00122798 0.00235749 -0.00362113 -0.00503708 -0.0103466 -0.00093543 -0.00188082 -0.00989964 0.000635303 0.0030038 0.000383822 -0.00119298 -0.00558408 -0.00208705 0.00341524 0.000567322 0.000474576 0.00377465 -0.000416755 0.00110761 0.00146301 -0.00278072 -0.00290659 -8.3789e-05 -0.000991853 0.000798526 -0.000635827 0.00237239 0.00115416 0.00238923 -0.015191 -0.0056872 -0.00354108 -0.0054007 -0.0090708 -0.012358 -0.00343344 0 -0.00199382 -0.00243959 3.43064e-05 -0.00357143 -0.000778968 0.000161765 -0.000667351 -0.0108073 -0.000164114 -0.000404818 0.000480769 -0.00905303 -0.0108365 0.00107292 -0.00095339 -0.0144643 -0.00603865 0
internal_weight=37113 25593 16634 15667 323 8959 11520 8751 967 806 235 10714 5048 271 15344 6572 2179 4272 776 2800 5725 658 1472 5067 4726 10618 8336 459 731 5666 2820 2846 2710 1388 1839 1148 141 208 340 284 110 85 1537 519 1523 535 3995 130 1024 847 1458 93 2282 1263 75 317 260 1187 115 67 608 299
internal_count=37113 25593 16634 15667 323 8959 11520 8751 967 806 235 10714 5048 271 15344 6572 2179 4272 776 2800 5725 658 1472 5067 4726 10618 8336 459 731 5666 2820 2846 2710 1388 1839 1148 141 208 340 284 110 85 1537 519 1523 535 3995 130 1024 847 1458 93 2282 1263 75 317 260 1187 115 67 608 299
cat_boundaries=0 1 2 3 4 5 6 7 8 9 10 11 12 13 14
cat_threshold=550 3089 1 5 2304 1 1706 225 3 1304 1802 154 3097 22
is_linear=0
shrinkage=0.05


Tree=48
num_leaves=63
num_cat=17
split_feature=20 21 20 17 20 1 5 20 6 1 1 17 3 1 15 1 1 1 19 9 20 21 1 1 1 5 1 19 23 9 17 5 1 21 1 23 19 20 6 6 5 5 9 22 9 5 20 1 17 23 21 1 14 9 1 16 17 13 6 19 20 9
split_gain=21.1543 9.17562 7.10555 5.95686 4.54383 5.03634 4.41586 4.19586 3.66017 3.65541 3.41781 3.32036 3.28427 3.22362 3.144 2.81148 2.69108 2.60373 3.26423 2.51957 2.48708 2.42002 3.78155 2.23554 2.15077 2.12609 2.05619 2.0236 1.93394 2.62422 1.93199 1.92992 1.89678 1.86483 1.80452 2.67873 2.1393 1.88387 1.78479 1.73856 1.73638 1.70925 1.68319 1.6269 1.53052 1.49696 2.07167 1.44259 1.27841 1.23282 1.2212 1.18284 1.18111 1.14506 1.13868 1.26614 1.12749 1.11426 1.06424 2.19943 1.13062 1.04219
threshold=140.50000000000003 62.038461538461547 1.0000000180025095e-35 1.8686466400402952 26.500000000000004 0 110.50000000000001 8.5000000000000018 13071.820000000002 1 2 1.4858690245868402 3 4 1.5000000000000002 5 6 7 1495.7149999999999 436.05500000000006 82.500000000000014 119.05555555555557 8 9 10 312.50000000000006 11 2593.7000000000007 4.5000000000000009 378.30500000000006 0.79326891290364587 66.500000000000014 12 130.70833333333334 13 2.5000000000000004 487.56000000000006 205.50000000000003 1734.8500000000001 1734.8500000000001 350.50000000000006 82.500000000000014 756.61500000000012 6.6542773372209814 774.41500000000008 241.50000000000003 252.50000000000003 14 7.2577938121923334e-06 10.500000000000002 274.16666666666669 15 6.5000000000000009 1729.3050000000003 16 1.2142609931193193 1.3852904432316644 1.5000000000000002 1734.8500000000001 540.2700000000001 233.50000000000003 604.49500000000012
decision_type=2 2 2 2 2 9 2 2 2 9 9 2 1 9 2 9 9 9 2 2 2 2 9 9 9 2 9 2 2 2 2 2 9 2 9 2 2 2 2 2 2 2 2 2 2 2 2 9 2 2 2 9 2 2 9 2 2 2 2 2 2 2
left_child=1 2 6 21 9 19 17 26 12 54 27 13 -7 -9 -13 -16 42 38 47 32 25 22 49 31 -17 -15 -3 50 29 51 -22 -23 -6 41 35 -24 -37 44 -1 43 -21 -28 -8 -11 -36 61 -47 -19 -33 -2 58 -12 -41 57 -4 -56 -50 -35 59 -5 -60 -31
right_child=3 7 4 10 5 8 16 11 -10 39 28 14 -14 20 15 24 -18 18 -20 40 30 23 34 -25 -26 -27 33 -29 -30 45 -32 48 -34 53 37 36 -38 -39 -40 52 -42 -43 -44 -45 -46 46 -48 -49 56 -51 -52 -53 -54 -55 55 -57 -58 -59 60 -61 -62 -63
leaf_value=-0.72730971812686562 0.44704812685666301 0.36275687657300204 0.11407869353983219 1.3509515814693125 0.010658209101432581 -0.24924955477399546 -0.63927534195589752 0.1319437762680101 -0.52555350249712873 0.11594193688642847 1.9254265433874238 -1.0505486235588974 -0.064670720138553336 -0.19008513422669904 0.61054136722161767 -0.09037555271923399 1.6684874355427404 -0.63198851574407378 -0.4077551823280201 0.022954839319192823 -0.21937989839164596 -0.020231860337701593 0.3917042664148106 0.12513672419376204 0.22630703007998465 0.11961327274991938 -0.78440475574457658 -0.44203765114452198 -0.75188781665436066 0.5324174184401258 0.093456259047593457 -1.0894790595946897 -0.35218092595129336 -1.88325940173944 -0.2528514091030587 -0.025866704576229971 -0.64477095545016627 0.26665410564348163 0.62868214578478598 -0.32326263833183178 -0.37673285291990766 0.028006220058748112 1.5712645297132575 -0.26522053637201271 -1.7120570024876842 -0.064203059973630877 1.5376091508094554 0.49928559311911541 1.1792153868904038 -0.50625905155010931 2.5317218970013622 -0.37940749252183825 -0.5129370861996273 -0.40871040849330137 -0.32421010436332987 -0.063081235146486184 0.61567692911064997 -0.16010133211667477 0.69608640339031924 -0.99810402129299625 2.4453740279603879 1.8628677756079484
leaf_weight=31 809 106 103 277 290 1506 188 1196 38 137 101 76 2979 1430 391 732 712 104 574 3687 788 203 572 1624 4218 266 64 92 180 463 2923 22 472 57 277 307 194 161 340 1103 79 208 148 234 93 612 539 366 433 27 299 325 57 35 119 658 230 128 728 106 837 1059
leaf_count=31 809 106 103 277 290 1506 188 1196 38 137 101 76 2979 1430 391 732 712 104 574 3687 788 203 572 1624 4218 266 64 92 180 463 2923 22 472 57 277 307 194 161 340 1103 79 208 148 234 93 612 539 366 433 27 299 325 57 35 119 658 230 128 728 106 837 1059
internal_value=0.00022396 -0.000527857 -0.00141352 0.00211624 -0.00193851 -0.00141512 0.00100872 0.000445686 -0.00259314 -0.00387842 0.00323341 0.000652915 -0.0024482 -9.27187e-05 0.00157057 0.0017239 0.00347288 -0.000784556 -0.00208136 -0.000220216 -0.000620387 0.000837538 -0.000266066 0.00192843 0.00137518 -0.00220718 -0.00361897 0.00471407 0.00213776 0.002446 9.08724e-05 0.00394007 -0.00284314 -0.0049505 -0.00170068 -0.000448895 -0.0031498 -0.0040671 0.00270182 -0.00535136 0.000298488 -0.002 -0.000143266 -0.00217246 -0.0060992 0.00303158 0.00159229 0.00089852 0.00525073 0.00241461 0.00503889 -0.00110723 -0.00636285 -0.00852018 -0.00117581 -0.00188291 0.00568694 -0.00631649 0.00451051 0.00191062 0.00511001 0.00408197
internal_weight=37113 26543 13925 10570 11462 9051 2463 12618 4523 2411 5618 12020 4485 6603 5417 5341 1048 1415 1044 4528 5407 4952 2440 2512 4950 1696 598 2339 3279 3099 3711 888 762 492 1604 1073 501 531 371 1531 3766 272 336 371 370 2673 1151 470 685 836 2247 426 1160 220 880 777 663 185 1948 383 1565 1522
internal_count=37113 26543 13925 10570 11462 9051 2463 12618 4523 2411 5618 12020 4485 6603 5417 5341 1048 1415 1044 4528 5407 4952 2440 2512 4950 1696 598 2339 3279 3099 3711 888 762 492 1604 1073 501 531 371 1531 3766 272 336 371 370 2673 1151 470 685 836 2247 426 1160 220 880 777 663 185 1948 383 1565 1522
cat_boundaries=0 2 4 6 7 9 11 13 15 17 19 21 23 25 27 29 30 32
cat_threshold=936485912 1471619 9212834 102418 67474174 1213013 2 491381760 319592 13648642 1214472 2190005272 328193 78381329 16944 2200192571 1392702 269595505 104089 270734432 786466 2148040704 66048 34603008 4097 881852548 132225 2147487776 4224 2181038081 8651010 32768
is_linear=0
shrinkage=0.05


Tree=49
num_leaves=63
num_cat=12
split_feature=20 21 6 7 17 20 1 10 7 1 21 21 7 7 5 1 7 0 1 20 5 21 1 1 18 20 5 1 9 17 10 20 18 20 10 11 0 21 1 6 1 17 5 5 11 11 22 5 17 22 17 5 5 20 1 5 5 18 6 22 20 21
split_gain=19.1777 7.97878 6.06636 5.44125 5.27541 5.15239 4.75497 4.1837 3.56208 3.39443 3.36547 3.23495 3.16995 3.01649 2.94834 2.9378 3.49279 2.90772 2.64214 2.63165 2.39474 2.33353 3.54521 2.2665 2.17509 2.42171 2.9386 2.11785 1.99321 2.13629 1.90093 1.84225 1.6689 1.66672 1.66172 1.79442 1.65147 2.58061 1.69275 1.62287 2.04502 1.61169 1.60348 1.50556 1.48892 2.08356 1.47919 1.40978 1.38771 1.38693 1.31277 1.27962 1.25475 1.24226 1.23754 1.22611 1.18299 1.17579 1.15063 1.1283 1.12001 1.50584
threshold=140.50000000000003 77.720779220779235 5898.4900000000007 986.95000000000005 1.8686466400402952 8.5000000000000018 0 2299.8900000000008 -1.0000000180025095e-35 1 35.019230769230781 18.514583333333338 521.99000000000012 443.31000000000006 180.50000000000003 2 798.10000000000014 3 4 27.500000000000004 125.50000000000001 119.05555555555557 5 6 0.17265599697722123 224.50000000000003 248.50000000000003 7 2045.1950000000004 1.9211189828285065 1454.6050000000002 23.500000000000004 0.3057664072686857 35.500000000000007 1511.7350000000004 1872.4900000000002 8 25.015151515151519 9 3056.7900000000004 10 0.85976471514372521 107.50000000000001 181.50000000000003 2274.4299999999998 4587.005000000001 92.360480332103535 53.500000000000007 7.2577938121923334e-06 25.208558637147583 1.3628709906078298 87.500000000000014 332.50000000000006 182.50000000000003 11 192.50000000000003 19.500000000000004 0.80556627498181355 2012.74 119.71744512220909 66.500000000000014 53.023809523809533
decision_type=2 2 2 2 2 2 9 2 2 9 2 2 2 2 2 9 2 1 9 2 2 2 9 9 2 2 2 9 2 2 2 2 2 2 2 2 1 2 9 2 9 2 2 2 2 2 2 2 2 2 2 2 2 2 9 2 2 2 2 2 2 2
left_child=1 2 3 7 21 17 36 8 19 32 13 43 -13 31 -10 20 28 34 41 -1 42 22 53 47 -11 26 56 49 29 -17 -8 -4 54 -32 35 59 38 -38 -5 40 -24 -18 58 -9 -41 -46 -19 -23 -49 -27 -50 -29 -28 -2 -6 -22 -26 -42 -7 -3 -12 -62
right_child=4 5 10 6 9 15 30 11 14 24 60 12 -14 -15 -16 16 18 46 -20 -21 55 23 39 -25 25 27 52 51 -30 -31 33 -33 -34 -35 -36 -37 37 -39 -40 44 57 -43 -44 -45 45 -47 -48 48 50 -51 -52 -53 -54 -55 -56 -57 -58 -59 -60 -61 61 -63
leaf_value=-0.40319031158136981 0.022642094974994545 -0.80499086263109665 -0.28341417195381102 -0.2270167148782079 1.9314374079080014 0.49742167139186561 1.5396144293730059 -0.91103911793140469 -0.091859989202501435 -0.29099480964699592 -0.037915985077297522 -0.1892618946448156 -0.06991388095849764 -0.26900423594023043 0.014634907988928525 -0.043357145398532727 -0.387795889709248 1.5651806016342462 -0.049573717969164835 -0.96900596192752886 0.89871399700593035 -0.032612170075759651 -0.41436391710062354 0.1275160370323718 -0.93356567063578177 1.0831033493712099 -0.48293072136844162 0.8783781724311801 -1.0645775346150403 0.27359069572115235 -0.10924208039883149 -0.45532656966915347 1.285988770259233 0.25156728244893928 -0.56206067709285656 0.51401610294429467 -0.74047631077036613 -0.014855843476665732 0.20161352705556085 -0.5355502196949129 0.47677831319449704 0.48233008675971512 -0.38410463537978856 -0.095265914916175962 0.21803718225292892 -1.186951723425915 -1.4867405981898973 -0.99144595692483328 1.0861763742356794 -1.0294262512303931 0.6222288766802706 1.7119440864646813 0.32310759755455937 0.67085361933933185 -0.061055220407108028 0.31032330953602094 0.93151642722010897 -0.15781466700799893 0.038472781905790225 1.7091135030125451 -0.57933119292730806 -0.07928966022145599
leaf_weight=148 404 127 82 338 100 247 448 44 6475 178 401 969 1567 266 4056 3554 27 94 455 48 426 169 263 1597 58 251 434 556 36 1402 297 75 1818 780 163 62 96 188 581 211 436 1057 161 20 202 38 24 24 455 121 267 1047 97 426 264 970 694 460 671 31 73 84
leaf_count=148 404 127 82 338 100 247 448 44 6475 178 401 969 1567 266 4056 3554 27 94 455 48 426 169 263 1597 58 251 434 556 36 1402 297 75 1818 780 163 62 96 188 581 211 436 1057 161 20 202 38 24 24 455 121 267 1047 97 426 264 970 694 460 671 31 73 84
internal_value=0.000219919 -0.000495837 -0.00114443 -0.000906869 0.00202166 0.000661146 0.00111681 -0.00132502 -0.000881873 0.0030733 -0.00496697 -0.003131 -0.00281607 -0.00836268 -0.000751139 0.000940726 0.000372479 -0.00424107 0.00245623 -0.00753769 0.00240655 0.000817356 -0.000266066 0.00188867 0.00204407 0.00235357 0.000612364 0.00345677 -0.00026026 -0.000161323 0.00296651 -0.0139844 0.00463554 0.00177083 -0.00637953 -0.00313901 -0.00120271 -0.00452962 -0.000122017 -0.00164818 -0.000613167 0.00378304 0.000589187 -0.0141791 -0.00421256 -0.00123457 0.00227273 0.00386584 0.00483979 0 0.00527586 0.00423113 -0.00217697 0.00234282 0.0013624 0.00378842 0.00264901 0.00049505 0.00143865 -0.0060559 -0.00227273 -0.00585938
internal_weight=37113 26543 17036 16055 10570 9507 2728 13327 10727 5618 981 2600 2536 423 10531 9006 6531 501 1539 196 2475 4952 2440 2512 3436 3258 1283 1975 4992 4956 1525 157 2182 1077 383 220 1203 284 919 1610 1159 1084 1079 64 451 240 118 915 746 372 722 1603 531 830 364 1396 752 896 918 158 558 157
internal_count=37113 26543 17036 16055 10570 9507 2728 13327 10727 5618 981 2600 2536 423 10531 9006 6531 501 1539 196 2475 4952 2440 2512 3436 3258 1283 1975 4992 4956 1525 157 2182 1077 383 220 1203 284 919 1610 1159 1084 1079 64 451 240 118 915 746 372 722 1603 531 830 364 1396 752 896 918 158 558 157
cat_boundaries=0 2 4 6 7 9 11 13 15 16 18 20 22
cat_threshold=3523548902 296288 67212030 164437 265666832 188634 1 539632288 71168 2166638139 1392703 269595513 104088 308436992 69634 1 3221225574 1344 700420 36864 32838 32768
is_linear=0
shrinkage=0.05


Tree=50
num_leaves=63
num_cat=18
split_feature=20 21 6 20 2 1 23 20 1 2 1 1 2 8 21 20 18 1 21 1 2 6 19 8 20 1 8 2 21 21 15 1 2 22 19 20 22 6 2 0 8 1 18 8 20 21 6 8 18 17 20 18 20 20 19 17 17 1 18 18 18 19
split_gain=17.3917 8.96703 5.80528 5.13627 4.6924 4.73161 4.37827 4.04089 4.02071 3.88868 4.50502 3.35829 3.55438 3.02302 3.0208 2.93596 2.83622 2.62202 2.50314 2.47556 2.43764 2.33261 2.1602 2.0247 1.92424 1.85935 1.75225 1.72621 1.6798 1.60701 2.09213 1.50361 1.44156 1.98517 1.43921 1.35772 1.73418 1.3085 1.23866 1.36397 1.18755 1.22207 1.17371 1.16343 1.102 1.19798 1.06572 1.05495 0.986398 0.960316 0.952209 0.944742 0.94254 0.940493 0.863161 0.790455 0.755963 0.75509 1.096 0.717432 0.716991 0.696519
threshold=175.50000000000003 87.527777777777786 13071.820000000002 8.5000000000000018 0 1 9.5000000000000018 1.0000000180025095e-35 2 3 4 5 6 182.12000000000003 210.41666666666671 104.50000000000001 0.2248390793765728 7 1.0000000180025095e-35 8 9 1734.8500000000001 2257.5450000000005 934.86000000000013 47.500000000000007 10 85.330000000000013 11 36.242647058823536 165.10000000000002 2.5000000000000004 12 13 112.27279187985242 4313.3250000000007 247.50000000000003 34.759491100756847 3650.2500000000005 14 15 1945.0900000000001 16 0.77043299506999185 881.82500000000016 1.5000000000000002 68.677083333333357 4496.4800000000005 189.00000000000003 0.20087309726870348 1.1748550686185089 385.50000000000006 1.3649533088632195 6.5000000000000009 208.50000000000003 936.45999999999992 2.0391458849605621 2.0099107839442456 17 0.32129145522073199 0.49922709260140991 0.44768460020052459 1120.8650000000002
decision_type=2 2 2 2 1 9 2 2 9 1 9 9 1 2 2 2 2 9 2 9 1 2 2 2 2 9 2 1 2 2 2 9 1 2 2 2 2 2 1 1 2 9 2 2 2 2 2 2 2 2 2 2 2 2 2 2 2 9 2 2 2 2
left_child=1 2 4 21 8 23 11 20 44 10 15 38 17 27 16 -5 50 35 -18 29 -7 55 32 34 -9 -25 -10 -12 42 30 -11 -15 52 -34 -6 59 -37 -28 61 46 41 -21 -4 -19 48 -46 53 -41 -1 -8 -14 -31 -23 -40 -49 -3 -48 60 -59 -13 -16 -2
right_child=6 3 28 9 5 7 49 24 26 19 13 12 14 31 57 -17 18 43 -20 40 -22 22 -24 25 -26 -27 37 -29 -30 51 -32 -33 33 -35 -36 36 -38 -39 39 47 -42 -43 -44 -45 45 -47 56 54 -50 -51 -52 -53 -54 -55 -56 -57 -58 58 -60 -61 -62 -63
leaf_value=-1.2885313449163833 1.6748427589340924 1.7390097521595451 -0.49279169568625064 0.14830692231666545 -0.014990974422124737 1.0149681733388132 -0.36644939879735006 -0.15433231607810677 -0.40464432381642124 -0.97043890883299777 0.55113567112622786 -0.43020442339694809 0.53531584024346557 0.69297899084984349 2.9937886310978459 -0.68620515432200746 1.962687822337134 -0.5963306712234735 0.18633199057963382 0.41279653695888058 -0.11027135401174136 0.0168617454714747 0.55371222427299605 -0.10867874894712132 -0.10037633138634697 0.30621073931629877 0.21734987820788021 -0.25711495732486739 -0.15213144685597524 0.00053927260269812647 -0.17252861904427591 0.39375160865258751 -0.75165502003682738 0.049940959590200867 -0.29698622966860327 1.8321027850751492 -0.10370182455211463 -0.017630971967646004 0.39123164271856936 2.3216997734304692 -1.6155203019122404 0.052600706636252249 -0.39897980117408355 0.24003317798967744 -0.11006695140735126 0.13558331502109322 -0.68826928011433253 0.045744223367232099 2.1962038802695143 -1.2766536701809961 -1.1178412615950761 0.71790576628846781 -1.8457862518849102 1.6564207847838763 -1.9460523879044105 -0.71568284310597596 2.8037579941543203 0.94935524489173195 2.5932145363392074 0.087151586457469676 -0.52363697146301857 0.5604376327931867
leaf_weight=23 459 57 36 284 3353 659 32 4113 36 104 148 236 86 868 41 232 747 334 1259 804 953 95 26 353 6073 703 1471 270 26 321 969 2985 165 28 60 579 215 256 332 43 33 2412 50 159 1123 288 46 251 54 36 111 57 28 854 39 36 21 122 555 676 65 263
leaf_count=23 459 57 36 284 3353 659 32 4113 36 104 148 236 86 868 41 232 747 334 1259 804 953 95 26 353 6073 703 1471 270 26 321 969 2985 165 28 60 579 215 256 332 43 33 2412 50 159 1123 288 46 251 54 36 111 57 28 854 39 36 21 122 555 676 65 263
internal_value=0.000228001 -0.000318051 -0.000938471 0.000904282 -0.000869576 -0.00121698 0.00236813 -0.00174202 0.000854013 0.00115253 0.00215365 0.00248966 0.00175308 0.00269316 0.00287596 -0.00217391 0.00189823 0.000197785 0.00247636 0.000116698 0.000557276 -0.00436644 -0.00630435 0.000158969 -0.00211257 0.00207743 0.00247044 -0.00124703 -0.0121739 -0.00157958 -0.00259061 0.00314121 -0.00752351 -0.0101335 -0.000420814 0.00114892 0.00266625 0.00273844 0.00409306 0.00317386 0.000892857 0.00100963 -0.0154494 -0.00293972 -0.00103264 -0.00138791 0.00395104 0.000186012 0.00453125 -0.00985915 -0.0036875 0.00111549 -0.00193015 0.00431034 -0.000767918 0.00221354 -0.00160714 0.00558206 0.00617754 -0.00010929 0.000630252 0.00595238
internal_weight=37113 29552 19630 9922 19518 16267 7561 11798 3251 9487 4787 7493 5185 4271 2986 516 2203 2199 2006 4700 1612 435 342 4469 10186 1056 1763 418 112 1451 1073 3853 316 193 3413 1706 794 1727 2308 1586 3249 3216 86 493 1488 1411 1253 333 77 68 197 378 123 1186 290 93 67 783 677 912 106 722
internal_count=37113 29552 19630 9922 19518 16267 7561 11798 3251 9487 4787 7493 5185 4271 2986 516 2203 2199 2006 4700 1612 435 342 4469 10186 1056 1763 418 112 1451 1073 3853 316 193 3413 1706 794 1727 2308 1586 3249 3216 86 493 1488 1411 1253 333 77 68 197 378 123 1186 290 93 67 783 677 912 106 722
cat_boundaries=0 1 3 5 6 8 10 11 13 15 16 18 19 21 22 23 24 26 28
cat_threshold=1544 1437696273 2013379 2201096257 824211 966 2427584522 526336 2483322991 33555 2061 709448320 83104 338073090 1791591 2498 1343226128 266304 4 67229200 1282638 212 780 1 2341543948 8216 42008832 262184
is_linear=0
shrinkage=0.05


Tree=51
num_leaves=63
num_cat=22
split_feature=20 7 1 9 16 4 1 1 1 2 20 2 0 6 7 7 13 1 6 22 2 7 18 0 2 1 19 17 19 6 9 2 20 20 7 16 22 2 16 7 1 13 2 20 1 19 0 23 17 1 17 2 19 19 2 19 7 18 23 17 18 6
split_gain=15.9732 6.66171 5.62591 5.74018 4.95825 4.53837 4.31321 3.80267 3.66228 4.45878 3.51195 3.11903 5.08546 3.35778 2.61271 2.5099 5.0103 2.59044 2.66896 2.38635 2.08453 2.06674 1.96828 1.93856 2.92796 2.20176 1.88549 3.01289 1.7859 1.76791 1.64732 1.64587 1.63018 1.82188 2.58619 1.61672 1.60754 1.58682 1.49143 2.16175 1.44494 1.4416 1.38665 1.34805 1.30732 1.29505 1.28859 1.23909 1.21383 1.20549 1.51128 2.31608 1.17071 1.17006 1.14769 1.10666 1.09346 1.09286 1.07324 1.07279 1.06229 1.05608
threshold=186.50000000000003 363.51500000000004 0 1476.8350000000003 0.98184409077813795 1 2 3 4 5 252.50000000000003 6 7 2501.0100000000007 627.78500000000008 -1.0000000180025095e-35 1.5000000000000002 8 2501.0100000000007 64.352544363396092 9 -462.12499999999994 0.81193316684589822 10 11 12 1450.0699999999999 2.4240271445233805 2320.5450000000005 1376.8900000000001 1868.6500000000003 13 2.5000000000000004 16.500000000000004 -1.0000000180025095e-35 1.7142447617546706 53.432949694380909 14 0.36811305843325343 93.085000000000022 15 1.5000000000000002 16 95.500000000000014 17 929.93999999999994 18 6.5000000000000009 1.683931765999872 19 1.9130396405201349 20 2593.7000000000007 1181.5450000000001 21 1893.53 1240.0450000000003 0.46263844698481477 7.5000000000000009 1.346441026743548 0.24793308503364644 4168.3500000000013
decision_type=2 2 9 2 2 9 9 9 9 1 2 1 1 2 2 2 2 9 2 2 1 2 2 1 1 9 2 2 2 2 2 1 2 2 2 2 2 1 2 2 9 2 1 2 9 2 1 2 2 9 2 1 2 2 1 2 2 2 2 2 2 2
left_child=1 2 3 32 42 6 20 41 9 28 26 12 -9 -13 22 16 21 18 30 37 43 -4 55 49 47 29 53 60 58 -26 -17 -20 -1 -34 -35 -18 -23 -8 45 -40 -16 56 -3 -6 -44 -19 -22 -25 -21 50 51 -10 -51 59 -27 -12 -7 -53 -2 -11 -28 -46
right_child=8 4 15 -5 5 7 19 11 23 10 14 13 -14 -15 40 17 35 38 31 48 46 36 -24 24 25 54 27 -29 -30 -31 -32 -33 33 34 -36 -37 -38 -39 39 -41 -42 -43 44 -45 61 -47 -48 -49 -50 52 -52 57 -54 -55 -56 -57 -58 -59 -60 -61 -62 -63
leaf_value=-1.2201522202898021 1.3371293136241438 -0.43575247658298544 -0.28196791346894107 -0.39197192182137308 -0.2590411670231223 0.19083325463332734 -0.12348382872012637 0.41681737350240411 0.65811914160354879 0.11224770981059483 0.38369955465961003 0.049927704765695857 -0.22034859315429225 -0.082740068246880766 -0.093415200175873112 -0.026123215778727983 -0.71667285788087343 0.39329137921980167 -0.033347496209067538 -0.16062323372532267 0.21392145106625851 -0.69259094820714229 -1.4361072358855607 2.1241281369753517 -0.36199816988580324 -0.56649492556743331 1.5458427115667064 -2.8180921067604161 -1.0516985621878976 -2.6616008685094439 -0.29981742623375002 -0.20639923230232596 0.16884103882437493 -0.99003317980524208 -0.21373831161526696 1.1843760390107598 -0.93228693833585563 -0.34013823820030176 -0.40675102717393596 0.03478283886255689 2.0607160261583362 -0.11613875811698798 0.040216307830788445 0.19020963009606895 -0.12437541109897587 0.017703968043322593 -0.10092688224808857 -0.89479290309594584 1.0809501638913699 1.3361145778695729 1.4517848854991033 1.5323581407847462 -0.2891168428413991 0.39351611768883643 1.3967283857435682 -1.0472682573017236 0.59188618049563235 -0.8434252040429393 -0.3484414409968391 -0.38672929435418735 -0.79660262734516218 -0.48339727027024076
leaf_weight=60 1306 105 61 178 365 2311 716 1749 245 216 481 7670 674 3980 128 3891 23 236 483 72 703 118 51 225 71 136 35 32 91 34 49 805 184 30 1179 112 48 898 206 1237 499 290 185 252 271 159 259 20 78 1072 836 30 43 101 181 84 498 105 25 688 128 115
leaf_count=60 1306 105 61 178 365 2311 716 1749 245 216 481 7670 674 3980 128 3891 23 236 483 72 703 118 51 225 71 136 35 32 91 34 49 805 184 30 1179 112 48 898 206 1237 499 290 185 252 271 159 259 20 78 1072 836 30 43 101 181 84 498 105 25 688 128 115
internal_value=0.000230696 -0.000261957 -0.00139732 -0.00405262 0.000221171 0.000362487 -0.00131481 0.000692464 0.00240861 0.00135701 3.5627e-05 0.000338102 0.00196531 0 0.00191613 -0.000799624 -0.00486301 -0.000583534 -0.00115436 -0.00301069 0.000557475 -0.00940217 -0.000323102 0.003728 0.00125 -0.0012069 -0.00187032 -0.00637626 0.00357143 -0.00709746 -0.000494547 -0.0031371 -0.00297905 -0.00256984 -0.00329002 0.00244565 -0.0122781 -0.00360235 0.00101297 0.000233402 0.00418651 0.00227747 -0.00397644 -0.00164683 -0.00267551 0.00373744 0.00202564 0.00547481 0.00277778 0.00442909 0.00313263 0.000391645 0.005707 -0.00093006 0.000795455 0.000462148 0.00263602 -0.00447635 0.00407609 -0.00154355 -0.00308735 -0.00432331
internal_weight=37113 30250 9059 1631 21191 20515 3343 17172 6863 3865 2443 14073 2423 11650 1243 7428 362 7066 5228 1764 1579 227 616 2998 667 422 1200 195 1422 105 3940 1288 1453 1393 1209 135 166 1614 1838 1443 627 3099 676 617 571 395 962 245 150 2331 1216 380 1115 1005 317 565 2809 135 1331 904 163 386
internal_count=37113 30250 9059 1631 21191 20515 3343 17172 6863 3865 2443 14073 2423 11650 1243 7428 362 7066 5228 1764 1579 227 616 2998 667 422 1200 195 1422 105 3940 1288 1453 1393 1209 135 166 1614 1838 1443 627 3099 676 617 571 395 962 245 150 2331 1216 380 1115 1005 317 565 2809 135 1331 904 163 386
cat_boundaries=0 2 3 5 7 9 10 11 12 14 15 16 17 19 20 21 22 23 25 26 28 29 30
cat_threshold=2147639811 1401144 1 874300722 286861 83936017 1486922 1660569216 1521798 2016 768 1 741380248 563329 2115 1 332 2147487744 552 352 1678 11026944 272 2684354624 262272 1 134578525 17408 2469 3216
is_linear=0
shrinkage=0.05


Tree=52
num_leaves=63
num_cat=31
split_feature=21 21 21 0 2 5 19 1 2 2 4 19 1 1 19 1 1 1 10 21 2 1 2 23 22 1 22 8 4 1 2 8 22 5 4 1 2 1 1 22 2 8 10 1 1 2 10 2 18 5 22 2 9 9 19 2 8 10 18 8 9 1
split_gain=13.9296 6.32401 6.15058 5.62833 12.3944 23.4283 5.8078 5.59563 4.96296 4.48211 4.26468 4.3101 4.64183 4.49991 4.15274 3.9169 3.71222 3.67721 3.60594 3.22167 3.10865 3.01883 2.87257 2.81129 2.76784 2.65097 2.52837 2.82016 2.43013 2.28908 2.26936 2.26871 2.23354 4.72226 2.31258 3.08245 2.52579 2.20596 2.19468 2.05305 2.01712 1.93262 1.90534 1.87374 1.84455 1.80823 1.99785 1.79265 1.86248 1.78596 1.82343 1.65135 1.63242 1.55797 1.50796 1.48873 1.45533 1.7616 1.44791 1.41691 1.41643 1.38171
threshold=119.05555555555557 1.0000000180025095e-35 34.519230769230781 0 1 180.50000000000003 1320.8550000000002 2 3 4 5 1014.4350000000002 6 7 903.47500000000002 8 9 10 630.3950000000001 89.408333333333346 11 12 13 19.500000000000004 9.4334661315223922 14 13.912534315966992 711.2750000000002 15 16 17 395.92000000000002 133.65409289509725 46.500000000000007 18 19 20 21 22 12.030738275513285 23 848.17500000000007 3933.8750000000005 24 25 26 887.6450000000001 27 0.14455548908517205 141.50000000000003 45.270045034659979 28 177.88000000000002 1107.1150000000002 1878.4700000000005 29 504.3300000000001 189.15500000000003 2.3975089064018142 786.61500000000012 2010.3400000000004 30
decision_type=2 2 2 1 1 2 2 9 1 1 9 2 9 9 2 9 9 9 2 2 1 9 1 2 2 9 2 2 9 9 1 2 2 2 9 9 1 9 9 2 1 2 2 9 9 1 2 1 2 2 2 1 2 2 2 1 2 2 2 2 2 9
left_child=1 3 7 6 5 18 17 26 38 14 11 13 52 51 25 47 49 45 -5 -15 -17 -10 29 28 -24 -6 40 42 39 -18 -29 -16 34 41 36 53 -23 -11 -2 -9 -3 -34 -28 -22 -38 -1 -47 48 -8 50 -12 -4 -13 -36 -40 -25 57 -35 -30 -37 61 -19
right_child=8 2 10 4 9 -7 15 23 21 37 16 12 -14 19 31 20 22 60 -20 -21 43 32 24 55 -26 -27 27 30 58 -31 -32 -33 33 56 35 59 44 -39 54 -41 -42 -43 -44 -45 -46 46 -48 -49 -50 -51 -52 -53 -54 -55 -56 -57 -58 -59 -60 -61 -62 -63
leaf_value=0.89494122810034615 -0.025184607433174123 -0.21235698441881257 0.17988346054974472 -1.1608922940668076 0.34799459457010901 3.0251813973943742 -0.50569243510264739 -0.080634240517665573 -0.202649480359786 -0.39282233555999435 -0.36942545177532926 -0.73978284927964233 0.044749295627075462 -0.046197845493001925 -0.25485754751366685 0.48686315273319036 0.43484774697830275 1.59119706623708 -2.0005694737891377 0.19290662911132872 -0.53177961109347771 -0.3907298096358961 -0.38166072859228922 0.092887814812426722 -0.080471524245834661 -0.54047685193102468 -0.44990787629993828 0.031401675989095289 0.060497063423450827 -0.019173529168063655 -0.3186882625781875 -0.89898324020120313 -1.0111815274462355 2.3689888425953116 0.18277384382306128 0.44076859685416708 0.8441656317049141 0.61368605333406201 1.1146051827517898 -0.29569263384396244 -0.014798609810286401 0.16699009720895208 -0.49901781934404338 -0.18502615910547085 -0.11758308850399679 0.58927988481234361 -0.54349052409961018 1.0093551419631754 0.34440900103467265 -0.12570625046064787 0.56059886091539723 0.073178902995667802 -0.18150787449262099 0.68969568769656642 0.070533446981099604 -0.046273470414196542 0.69489486659848587 -0.670589970236523 -0.22596464966762853 1.0081522688301108 -0.048268976390447804 0.81891244808513253
leaf_weight=261 219 214 1053 59 296 75 74 365 755 111 210 145 968 3925 112 615 267 605 106 1469 208 412 477 252 3241 312 196 134 303 1869 243 106 94 68 2690 1413 327 572 1067 182 341 34 42 1588 352 98 301 390 414 386 49 2003 1070 696 107 215 302 205 51 917 147 1335
leaf_count=261 219 214 1053 59 296 75 74 365 755 111 210 145 968 3925 112 615 267 605 106 1469 208 412 477 252 3241 312 196 134 303 1869 243 106 94 68 2690 1413 327 572 1067 182 341 34 42 1588 352 98 301 390 414 386 49 2003 1070 696 107 215 302 205 51 917 147 1335
internal_value=0.000232043 -0.000340975 -0.000819651 0.000861903 -0.00161958 -0.0118577 0.00158967 -0.00311885 0.00186575 7.39159e-05 -0.000475635 0.000137376 -0.00183554 0.000653614 -0.00235399 0.00015568 -0.0014838 0.00328636 -0.0228423 -0.000208064 -0.000871493 0.00138469 -0.00106954 -0.000868936 -0.00190968 -0.000163666 -0.00564243 -0.00794903 -0.00253042 0.000372266 -0.00496711 -0.00825792 0.00169148 -0.000938385 0.0019732 0.00237389 -0.000101902 0.00307112 0.00463193 -0.00457589 -0.003069 -0.00954198 -0.0123444 -0.00193477 0.00171604 0 -0.00209345 0.00300224 0.000798403 -0.00507219 -0.00844466 0.00218312 -0.00387826 0.0013754 0.00549705 0.00220745 0.000929931 -0.00158514 0.000613079 0.00378788 0.00430357 0.00468348
internal_weight=37113 27455 19670 7785 1749 240 6036 2538 9658 1509 17132 10633 2183 8450 826 3289 6499 2747 165 5394 2411 8265 5854 1368 3718 608 1170 615 901 2136 377 218 7510 703 6807 5716 1091 683 1393 547 555 128 238 1796 679 660 399 878 488 645 259 3056 1215 3386 1174 467 575 273 354 2330 2087 1940
internal_count=37113 27455 19670 7785 1749 240 6036 2538 9658 1509 17132 10633 2183 8450 826 3289 6499 2747 165 5394 2411 8265 5854 1368 3718 608 1170 615 901 2136 377 218 7510 703 6807 5716 1091 683 1393 547 555 128 238 1796 679 660 399 878 488 645 259 3056 1215 3386 1174 467 575 273 354 2330 2087 1940
cat_boundaries=0 1 2 4 5 6 7 9 11 13 15 17 18 20 21 23 24 26 27 28 30 31 33 35 36 38 40 41 42 43 44 46
cat_threshold=1 256 34078861 82576 384 2609 28 2953187467 577666 2646221605 1184464 369960273 229438 6497124 65856 2181735464 1152004 1804 7471104 1845282 1550 2684354584 360593 13 100713482 9216 1225 1 1787561168 151644 3089 528388 327696 2149732867 5120 323 5406722 1025 536907920 16896 2464 2155 676 2155 335614231 262291
is_linear=0
shrinkage=0.05


Tree=53
num_leaves=63
num_cat=14
split_feature=20 21 6 20 4 5 1 1 1 17 1 16 1 23 19 6 1 0 5 8 1 10 1 20 1 20 11 18 1 21 21 18 20 1 17 8 21 10 8 5 8 5 17 8 5 6 10 10 5 23 17 8 0 6 17 18 18 5 20 8 8 8
split_gain=14.3755 7.78927 5.53997 5.49742 3.45395 4.53363 4.5564 3.1613 3.03903 2.69606 3.93695 2.71143 2.68797 3.3843 2.45393 2.74743 2.35004 2.33539 2.2385 2.26245 3.74393 2.5917 2.32287 2.17388 1.97733 1.9111 1.89945 1.82556 2.31256 1.72181 1.56081 1.47856 1.43535 1.35438 1.44393 1.75853 1.23856 1.20182 1.48472 1.16883 1.16385 0.98137 0.964691 1.51722 1.06831 0.903163 0.89286 0.889625 1.32729 1.28222 0.829584 0.800218 0.573578 0.998046 0.559986 0.551822 1.1257 0.524897 0.485883 0.479883 1.17557 0.553354
threshold=250.50000000000003 104.05000000000001 13071.820000000002 8.5000000000000018 0 183.50000000000003 1 2 3 0.7631991160095607 4 1.0080916135409423 5 4.5000000000000009 2257.5450000000005 1734.8500000000001 6 7 9.5000000000000018 688.91500000000008 8 1790.0700000000002 9 35.500000000000007 10 82.500000000000014 2314.6950000000006 0.29792055225158653 11 36.242647058823536 65.083916083916094 0.77043299506999185 108.50000000000001 12 1.5149480176878707 1.0000000180025095e-35 92.316666666666677 1790.0700000000002 1240.0450000000003 94.500000000000014 1383.8450000000003 11.500000000000002 1.0978825622055763 278.72500000000008 80.500000000000014 4496.4800000000005 1790.0700000000002 3258.1500000000005 346.50000000000006 10.500000000000002 1.2996815599229943 461.74000000000007 13 1376.8900000000001 1.9673430017677587 0.83267113627203826 0.55921466463736513 109.50000000000001 302.50000000000006 410.72500000000008 127.55000000000001 550.99500000000023
decision_type=2 2 2 2 9 2 9 9 9 2 9 2 9 2 2 2 9 1 2 2 9 2 9 2 9 2 2 2 9 2 2 2 2 9 2 2 2 2 2 2 2 2 2 2 2 2 2 2 2 2 2 2 1 2 2 2 2 2 2 2 2 2
left_child=1 2 4 14 8 7 26 30 47 10 -10 -11 45 27 15 39 -8 -9 25 21 32 22 -20 -23 -22 -5 -7 28 -14 31 -6 -4 -21 34 35 -29 -15 38 -17 -3 -39 -36 44 -44 -30 52 51 48 -1 -49 -38 -35 59 -54 -52 56 -27 -55 -56 60 -2 -61
right_child=12 3 29 18 5 6 16 17 9 11 -12 -13 13 36 -16 37 -18 -19 19 20 24 23 -24 -25 -26 55 -28 33 42 -31 -32 -33 -34 46 41 -37 50 40 -40 -41 -42 -43 43 -45 -46 -47 -48 49 -50 -51 54 -53 53 57 58 -57 -58 -59 -60 61 -62 -63
leaf_value=0.18267186937355506 3.3498391833201868 -1.6020841046587286 -0.42922216536677604 -1.1793394391563798 -0.082796197717069753 0.58620835987131881 -0.011327246767667276 -0.13829371266926338 0.072709740134452264 -0.10398030058821051 -0.29066994733774137 0.0097242083636658993 3.744915592044455 -1.1248434037092812 1.9657408433247341 -0.82275902572893811 -0.20350951145568158 -0.36014547716012157 -0.13218321472833239 0.48995388057582406 0.8405588054236669 -1.1586760039946491 0.22205378459480551 -0.22598629416205115 0.37227786444595312 0.58411790086875504 0.032873733222877899 3.5477635316341947 4.2939156166902128 -0.022069895818530229 0.3214264064263766 -0.35013568610020523 -0.85057727985968112 0.73472226621123038 -2.4376417697408903 -1.5210540385428892 -1.0811835760317721 -0.49989331942140613 2.667291361660892 2.8184770611268481 -0.4798184046504812 1.3071514604749919 -0.92768871066018377 -0.15655619598386183 -0.21182162474594435 -0.81401984264483862 -3.0882916437584398 -0.12267408254266661 -0.16735707506019804 0.11460865914233116 1.3938719498054566 1.8759385841346756 2.0024734308312953 -1.0910196967534045 0.68594141939796804 0.2227526112395154 -1.4907726925618476 0.21996485321662362 -1.5252164805103605 2.8495320950760159 -0.39537210689191371 2.6911562129616984
leaf_weight=1157 68 23 36 34 772 423 2077 2932 380 1494 748 10556 137 38 23 153 745 1176 949 61 599 24 4377 151 2907 36 434 20 38 27 297 50 150 316 22 42 24 21 28 51 51 407 91 305 65 26 32 142 48 79 32 977 196 27 22 92 47 39 21 80 89 649
leaf_count=1157 68 23 36 34 772 423 2077 2932 380 1494 748 10556 137 38 23 153 745 1176 949 61 599 24 4377 151 2907 36 434 20 38 27 297 50 150 316 22 42 24 21 28 51 51 407 91 305 65 26 32 142 48 79 32 977 196 27 22 92 47 39 21 80 89 649
internal_value=0.00021453 -0.000114682 -0.00060814 0.00106979 -0.000551933 -0.00133048 0 -0.00228523 -7.52548e-05 -0.000316504 -0.00265252 -9.33378e-05 0.00314326 0.00217621 -0.00502833 -0.00625 -0.000961199 -0.00291191 0.00130302 0.00142338 0.00238239 0.000765352 0.000971102 -0.0051264 0.00277778 -0.00371462 0.00317529 0.00262729 0.000234742 -0.0115302 0.000103974 -0.0148876 -0.00385045 0.00343595 0.000967262 -0.00576923 -0.00526786 -0.00874023 -0.00591033 0.00162338 -0.0146667 0.00211227 -0.00129395 -0.00250627 0.00271226 0.00516007 0.00426943 0.00210215 0.00265935 -0.000613839 -0.00159314 0.00452353 0.00543006 0.00292453 0.000480769 -0.00119382 -0.00421512 -0.00181159 -0.00244565 0.00610236 0.00289063 0.00671107
internal_weight=37113 33350 23573 9777 23460 8856 3679 5177 14604 13178 1128 12050 3763 2589 350 327 2822 4108 9427 9218 3717 5501 5326 175 3506 209 857 2452 636 113 1069 86 211 1816 491 62 137 253 181 74 72 429 499 396 103 1174 1325 1426 1205 221 99 1293 1148 262 75 175 83 66 43 886 157 729
internal_count=37113 33350 23573 9777 23460 8856 3679 5177 14604 13178 1128 12050 3763 2589 350 327 2822 4108 9427 9218 3717 5501 5326 175 3506 209 857 2452 636 113 1069 86 211 1816 491 62 137 253 181 74 72 429 499 396 103 1174 1325 1426 1205 221 99 1293 1148 262 75 175 83 66 43 886 157 729
cat_boundaries=0 1 3 5 7 9 11 13 14 16 18 20 22 24 25
cat_threshold=28 2526068782 8235 287130641 311302 1159799568 1286208 2148794476 21121 520422042 1083418 536876753 542340 1 306316288 525344 69628462 466944 68169765 131609 2147483713 66048 2163908608 131200 1
is_linear=0
shrinkage=0.05


Tree=54
num_leaves=63
num_cat=11
split_feature=20 21 20 6 7 1 19 7 1 20 5 8 1 20 6 1 21 1 5 1 9 7 5 1 17 5 5 5 6 19 8 1 17 5 1 17 19 5 1 8 21 6 7 17 19 5 23 17 21 9 5 7 5 18 5 21 5 13 1 18 17 17
split_gain=12.5632 6.44306 5.96365 5.39851 5.26455 5.55578 3.56915 3.43486 3.41223 3.30875 2.85149 2.84557 4.3541 2.75688 2.69158 2.27252 2.17192 2.12603 2.06573 1.90461 1.84235 2.32577 1.80224 2.14656 2.01442 1.83921 1.7744 1.84005 1.74631 1.74144 1.7283 1.95158 1.70841 1.88896 1.64675 1.64514 1.61785 1.58777 1.53276 1.37947 1.37091 1.30936 1.30076 1.29889 1.71871 1.29497 1.36492 1.29417 1.26196 1.2301 1.17558 1.88453 1.14333 1.14098 1.09644 1.08608 1.0743 1.07416 0.957642 0.894287 0.887255 0.855999
threshold=198.50000000000003 87.527777777777786 8.5000000000000018 13071.820000000002 986.95000000000005 0 1234.6800000000001 -1.0000000180025095e-35 1 27.500000000000004 325.50000000000006 341.05000000000007 2 272.50000000000006 2501.0100000000007 3 137.26785714285717 4 47.500000000000007 5 1653.4050000000002 681.22000000000014 249.50000000000003 6 3.249355560219036 129.50000000000003 338.50000000000006 346.50000000000006 1734.8500000000001 2257.5450000000005 853.7700000000001 7 1.8248922176912752 101.50000000000001 8 2.1844487299411335 2320.5450000000005 62.500000000000007 9 303.13500000000005 142.07142857142858 3372.3600000000001 2010.8550000000002 1.9999742566032597 420.02500000000003 40.500000000000007 6.5000000000000009 2.7638196669384523 149.3666666666667 3336.1900000000005 269.50000000000006 -1.0000000180025095e-35 265.50000000000006 0.78790974592673413 319.50000000000006 56.51315789473685 94.500000000000014 1.5000000000000002 10 0.69797027001091572 1.9019221855909783 1.8248922176912752
decision_type=2 2 2 2 2 9 2 2 9 2 2 2 9 2 2 9 2 9 2 9 2 2 2 9 2 2 2 2 2 2 2 9 2 2 9 2 2 2 9 2 2 2 2 2 2 2 2 2 2 2 2 2 2 2 2 2 2 2 9 2 2 2
left_child=1 3 28 4 7 32 38 9 13 57 14 12 18 22 -9 26 19 -12 -4 -17 -5 -22 25 24 60 41 42 -28 56 -30 31 40 49 -34 -18 54 37 -33 -7 -20 55 58 -13 44 -32 -10 -47 -37 -43 -6 51 -14 -8 -23 -25 -15 -3 -1 -2 -42 -24 -38
right_child=8 2 11 20 5 6 52 10 45 -11 17 15 50 30 -16 16 34 -19 39 -21 21 53 23 35 -26 -27 27 -29 29 -31 43 36 33 -35 -36 47 61 -39 -40 -41 59 48 -44 -45 -46 46 -48 -49 -50 -51 -52 -53 -54 -55 -56 -57 -58 -59 -60 -61 -62 -63
leaf_value=-0.43352875065689639 0.82174558224492533 -1.2941794447631929 -0.9961934303881439 0.16864470891614547 0.010376718939119733 -0.17307218045722858 -0.40511622801914787 -0.04310159818738804 0.2981692217077111 -0.86869743866727911 0.2449551613807259 0.54216399556456241 -0.67409953938400013 -0.21158719339747398 -0.11551415455667878 -0.14904334974785166 -0.086256700466389447 -0.0013358397053906401 -0.23816042819615602 0.10412394506301902 -0.33453629014362707 -0.44518085295108989 -0.1772735512040029 -0.69785294455531732 -1.5185830306401429 0.90802719493608852 -0.95195342816722506 0.2092611135174911 -0.52956154432179392 0.45901239928220711 1.2547727664727057 -0.17278177999092892 0.20049791367464628 0.85406540885284132 0.48218520698570128 -2.6495897704034181 -1.7123012371919146 2.0087584408090637 0.071807129515499751 -1.3258244564223809 0.7810958372686051 -0.86188535359644813 -0.49965619140929363 2.2674816584143471 -2.3146207771629976 1.3183421985338655 -0.197726395621768 -0.5282156947980704 0.096426238884930987 0.22460669016828683 0.47001903329110317 0.036760973433302445 0.071144522860177514 0.31297628159213708 0.23741292080873322 -2.0874016707705554 2.1186961982521502 0.27133799608478099 -0.020858982920418614 -2.0219798038372874 0.38343530632395684 -0.019104975799004366
leaf_weight=100 117 28 55 25 560 444 274 10055 324 59 385 1377 43 92 4654 840 485 897 402 3194 41 22 223 118 21 370 22 62 316 26 66 213 372 635 2308 41 21 681 1320 24 80 98 33 520 30 2036 63 28 74 64 381 1268 47 25 83 40 65 93 437 20 259 57
leaf_count=100 117 28 55 25 560 444 274 10055 324 59 385 1377 43 92 4654 840 485 897 402 3194 41 22 223 118 21 370 22 62 316 26 66 213 372 635 2308 41 21 681 1320 24 80 98 33 520 30 2036 63 28 74 64 381 1268 47 25 83 40 65 93 437 20 259 57
internal_value=0.000192976 -0.000214085 0.000760382 -0.000747198 -0.000681921 0.00100834 -0.000685176 -0.0010718 0.00226492 -0.00686275 -0.000976147 0.00100267 -0.000591682 0.00127296 -0.00117506 0.0014251 0.00102156 0.00126459 -0.00473178 0.000266287 -0.0115302 -0.0148352 -4.67415e-05 -0.00191688 0 0.00122839 0.00320173 -0.00344828 -0.00493721 -0.0065942 0.00266045 0.0014913 0.00318583 0.00449257 0.00209675 -0.00538869 0.00248731 0.00314939 0.000169779 -0.00343823 -0.00244898 -0.000171468 0.00366242 0.00484653 0 0.0037305 0.00420433 -0.0123264 -0.004 0.00103668 0.00058651 -8.56164e-05 -0.00551698 -0.00525 -0.0028799 -0.00592593 0.000651042 -0.00325255 0.000942549 0.00145631 0.000773196 -0.00401235
internal_weight=37113 31001 10929 20072 19959 3716 2085 16243 6112 252 15991 10494 2173 3689 14709 8321 6827 1282 481 4034 113 88 1869 773 503 1096 1494 84 435 342 1820 1204 1631 1007 2793 270 972 894 1764 426 232 726 1410 616 96 2423 2099 69 172 624 1692 1311 321 47 201 132 93 193 554 100 482 78
internal_count=37113 31001 10929 20072 19959 3716 2085 16243 6112 252 15991 10494 2173 3689 14709 8321 6827 1282 481 4034 113 88 1869 773 503 1096 1494 84 435 342 1820 1204 1631 1007 2793 270 972 894 1764 426 232 726 1410 616 96 2423 2099 69 172 624 1692 1311 321 47 201 132 93 193 554 100 482 78
cat_boundaries=0 2 4 6 8 10 12 14 16 18 20 22
cat_threshold=620287001 577664 989513168 342150 2234388994 321568 185619217 1220632 2147786862 4609 2416091242 787462 570982592 2 11699200 4224 271459328 4129 3221233766 1376 557072 331776
is_linear=0
shrinkage=0.05


Tree=55
num_leaves=63
num_cat=13
split_feature=20 7 10 7 6 1 20 6 1 1 1 1 5 15 1 23 5 1 9 5 6 10 8 18 7 11 20 7 5 1 1 8 18 8 6 11 5 6 1 17 8 9 17 17 9 18 16 22 5 0 6 1 11 23 22 1 5 22 18 5 7 20
split_gain=11.1186 6.21403 9.35216 5.00136 4.62594 4.5283 4.20391 3.64534 6.62112 3.19666 3.04519 2.9732 2.63144 2.50839 2.32529 2.66233 2.01721 1.95709 2.35724 2.50992 2.3277 2.05375 2.39706 1.91051 1.85179 1.84693 2.44126 1.76221 1.74152 1.68068 1.66389 1.60435 1.51637 1.4783 1.42971 1.3737 1.34271 1.84263 1.30887 1.2741 1.8026 1.22223 1.18997 1.13428 1.12619 1.10197 1.09326 1.06193 1.02573 1.14725 2.79241 1.54963 1.02479 0.909845 0.816794 0.811953 0.80059 0.794757 0.787167 1.30519 0.683566 1.80684
threshold=250.50000000000003 726.9100000000002 2253.4550000000004 -1.0000000180025095e-35 13071.820000000002 0 18.500000000000004 2501.0100000000007 1 2 3 4 324.50000000000006 13.500000000000002 5 4.5000000000000009 26.500000000000004 6 759.6400000000001 141.50000000000003 3372.3600000000001 2784.1700000000005 1600.6800000000003 0.074862242207750798 -462.12499999999994 1458.7900000000002 18.500000000000004 1373.2600000000002 25.500000000000004 7 8 2153.9600000000005 0.88310347619561713 226.83500000000001 9661.7800000000025 965.00500000000011 95.500000000000014 2501.0100000000007 9 1.3421386874147583 545.72000000000014 2546.4750000000008 1.4188769872585543 1.9211189828285065 837.36000000000013 0.62127205029057775 2.0472582294341932 22.528808703078635 348.50000000000006 10 1376.8900000000001 11 6086.6150000000007 32.500000000000007 58.363230430986867 12 351.50000000000006 50.033216680274812 0.38987225380458496 34.500000000000007 1151.6100000000004 295.50000000000006
decision_type=2 2 2 2 2 9 2 2 9 9 9 9 2 2 9 2 2 9 2 2 2 2 2 2 2 2 2 2 2 9 9 2 2 2 2 2 2 2 9 2 2 2 2 2 2 2 2 2 2 1 2 9 2 2 2 9 2 2 2 2 2 2
left_child=1 2 3 6 9 25 16 11 23 13 -10 12 -5 33 56 28 -1 21 -19 20 -20 36 45 -9 -8 35 29 34 32 43 -21 -31 -16 -4 -28 58 37 -7 -29 41 -41 -11 -13 -27 -18 -23 -37 -24 49 51 -51 -30 -38 -6 -26 -48 60 -17 -3 -60 -2 -62
right_child=14 5 4 7 53 17 24 8 10 39 -12 42 -14 -15 15 57 44 18 19 30 -22 22 47 -25 54 26 27 38 48 31 -32 -33 -34 -35 -36 46 52 -39 -40 40 -42 -43 -44 -45 -46 -47 55 -49 -50 50 -52 -53 -54 -55 -56 -57 -58 -59 59 -61 61 -63
leaf_value=-1.1347095147308512 1.453639562300296 1.02879897068174 0.015988597238023594 -0.067272614376873818 -0.28380775412907433 0.16054568817921577 -0.30806622328274624 -0.95599912463440662 -0.053455443953907888 -0.035652374438992052 0.1399919041380743 0.09306276141663386 0.20850264134305868 0.028131267077538571 -1.1614097384360818 -1.0961705014959779 -0.19467044043178011 -1.0153915678530845 -0.059872822370560068 0.44827757485508357 -0.52377189718529427 -0.88661572420648871 -0.049236291209017138 -0.21320631306221793 -0.67277937120995956 -0.18886839761712082 0.12111690864497558 0.50184895961823572 0.14722310836934299 0.51441716122756187 -0.043573839196753998 -0.33220183725185559 2.7836227910663975 -0.35584856946186805 -0.32684283037150608 -0.12939781868821632 0.37200874853199029 -0.34753399655239436 0.27162477377097682 -0.24634444364708036 -0.12488724285163531 0.25174947584247859 0.018963605008651463 -0.48370451377823759 1.3893703611145427 -0.22712631518640777 0.65869532040013012 0.72272530972674509 -0.63705037892674954 1.6391654375717981 -0.75709698617124921 1.7850690378460001 -1.0501386254427165 -0.31748840436467635 -1.0831847712935148 1.4258749928263568 -0.76065280893113296 -0.10266729659243623 -1.318664422254932 0.10844119257413105 0.69751636822842267 4.3471974438110781
leaf_weight=20 1104 177 65 5153 26 479 48 21 2245 859 844 4066 511 104 157 52 157 51 352 247 249 25 215 1800 87 109 3984 410 311 146 437 50 44 609 35 28 1540 283 478 179 499 32 5066 105 58 552 111 145 67 286 126 1145 21 22 33 514 38 64 20 83 124 245
leaf_count=20 1104 177 65 5153 26 479 48 21 2245 859 844 4066 511 104 157 52 157 51 352 247 249 25 215 1800 87 109 3984 410 311 146 437 50 44 609 35 28 1540 283 478 179 499 32 5066 105 58 552 111 145 67 286 126 1145 21 22 33 514 38 64 20 83 124 245
internal_value=0.000209142 -8.02027e-05 -0.000555383 -0.000200751 -0.00350813 0.000901005 -0.00569581 -8.49866e-05 -0.00126705 -0.00315426 0.000132979 0.000304075 -0.0005901 -0.00578382 0.00278478 0.00169978 -0.00110294 -0.000282057 -0.00189029 -0.00142663 -0.00378725 0.000366636 -0.00158245 -0.0036464 -0.0116959 0.00177631 0.00140273 0.00171843 0.00212716 -0.00223971 0.000582242 0.000956938 -0.00214461 -0.00697932 0.00125249 0.00385951 0.00117691 -0.000490196 0.00375982 -0.00176201 -0.0034141 -0.000461409 0.00086386 -0.00517621 0.000172018 -0.00359914 0.00512576 0.00151515 0.00259933 0.00283271 0.000361446 0.00349554 0.00202206 -0.0186275 -0.0150407 0.00559315 0.00432251 -0.00546218 0.000706714 -0.00247642 0.00454776 0.00661962
internal_weight=37113 33350 22504 20109 2395 10846 403 19706 4910 2347 3089 14796 5664 778 3763 2252 235 4596 1336 1285 601 3260 937 1821 168 6250 5317 4907 2136 410 684 196 201 674 4019 933 2323 762 888 1569 678 891 9132 214 215 577 653 360 1935 1868 412 1456 1561 48 120 625 1511 116 280 103 1473 369
internal_count=37113 33350 22504 20109 2395 10846 403 19706 4910 2347 3089 14796 5664 778 3763 2252 235 4596 1336 1285 601 3260 937 1821 168 6250 5317 4907 2136 410 684 196 201 674 4019 933 2323 762 888 1569 678 891 9132 214 215 577 653 360 1935 1868 412 1456 1561 48 120 625 1511 116 280 103 1473 369
cat_boundaries=0 2 4 6 8 10 12 14 16 18 20 21 23 24
cat_threshold=2903044925 1763472 2686320938 856114 2181566524 639364 352321685 17025 136475308 1121597 251986910 1097753 8650880 328235 2684354573 16400 4195330 5440 536908060 32768 1 5399584 4228 561188
is_linear=0
shrinkage=0.05


Tree=56
num_leaves=63
num_cat=23
split_feature=20 7 10 7 13 6 1 2 1 1 6 1 0 1 1 19 1 2 17 5 15 2 5 12 11 7 5 0 2 4 8 6 4 8 15 1 7 6 2 20 7 5 0 6 0 10 2 5 1 11 10 19 17 19 20 8 1 7 17 5 1 5
split_gain=10.7889 6.11813 9.00119 4.77944 5.82766 4.66848 4.01857 3.76243 3.78975 3.20282 3.17131 5.78466 3.85351 2.91068 2.88787 2.68691 2.62163 3.00232 4.07138 3.67365 2.46373 2.46365 2.39655 2.92489 2.77901 2.34189 2.33797 2.48922 2.15932 2.1004 2.63516 2.02066 1.90915 1.84199 1.77947 1.76529 1.73616 1.62181 1.42522 1.35533 1.31688 1.94589 1.29087 1.41416 1.2439 1.23678 1.21777 1.20627 1.19741 1.17433 1.1568 1.15059 1.12654 1.46064 1.12017 1.19082 1.05524 0.999996 0.996316 0.957455 0.953218 1.27223
threshold=250.50000000000003 726.9100000000002 2253.4550000000004 -1.0000000180025095e-35 1.5000000000000002 13071.820000000002 0 1 2 3 3056.7900000000004 4 5 6 7 1364.0250000000001 8 9 1.2996815599229943 324.50000000000006 13.500000000000002 10 70.500000000000014 1.5000000000000002 1363.3600000000001 550.99500000000012 139.50000000000003 11 12 13 596.55000000000007 3372.3600000000001 14 551.1350000000001 11.500000000000002 15 -462.12499999999994 9661.7800000000025 16 18.500000000000004 422.66000000000003 53.500000000000007 17 1376.8900000000001 18 2755.2050000000004 19 42.500000000000007 20 979.53500000000008 3086.9850000000001 1251.55 1.4188769872585543 992.65500000000009 44.500000000000007 848.17500000000007 21 378.3250000000001 1.5074773002692223 95.500000000000014 22 259.50000000000006
decision_type=2 2 2 2 2 2 9 1 9 9 2 9 1 9 9 2 9 1 2 2 2 1 2 2 2 2 2 1 1 9 2 2 9 2 2 9 2 2 1 2 2 2 1 2 1 2 1 2 9 2 2 2 2 2 2 2 9 2 2 2 9 2
left_child=1 2 3 4 36 9 22 8 45 20 14 28 -13 52 46 34 42 60 19 -19 21 -4 35 24 -24 40 47 -28 -12 38 -31 48 -16 51 -15 54 -1 -26 -11 -38 57 -42 -2 56 58 -8 -5 -10 -27 -33 -47 -6 -9 -54 55 -3 59 -20 -25 -44 61 -18
right_child=16 6 5 10 33 -7 7 13 26 29 11 12 -14 15 32 -17 17 18 25 -21 -22 -23 23 44 37 31 27 -29 -30 30 -32 49 -34 -35 -36 -37 39 -39 -40 -41 41 -43 43 -45 -46 50 -48 -49 -50 -51 -52 -53 53 -55 -56 -57 -58 -59 -60 -61 -62 -63
leaf_value=-0.35063156673553042 1.6470043255437987 -0.39263859427377013 -0.38949868190858267 -0.00091033662236910122 -0.88446628025769503 -0.29135575217031068 0.54418609399589923 -0.13282363415047779 0.029354341398612194 -0.36827528501984963 -0.07021405711224192 -0.13300257686745401 -0.54824800920002059 -0.26324602330802732 0.074294216127387097 -0.64452413592476454 0.78660914410929772 -1.6339802903931888 -0.25355457011950744 0.099782109918260892 0.026724703723661716 -0.15680251360499833 1.5782033059435803 -0.020968342117824858 0.20894682810697673 1.9543789866914407 0.26809244561695639 -0.39965781661444277 0.17757718958742982 -0.12202791794827506 0.1110426343720274 -1.9423287341331836 -0.014496792837789397 2.0055799419117402 0.096628308530152834 -0.054172799843848374 -0.35252590619596302 -0.34709786107379825 -0.044806767701157393 -0.81460147356462898 -1.487187560225312 -0.08720131369699545 -1.8452974784714309 -0.79705766208132622 0.22777078815455562 -0.43503407672059186 -0.16154984748806492 -0.81294840183816364 0.56207184924656062 -0.1978697613630061 0.097473081995772634 1.2273718020905766 0.21073650474207925 -0.25997158452491947 0.47202627081934356 0.18954027411327631 2.6571367052807258 2.0366240482906579 -0.45790605750591651 1.4592965889477876 1.9031208452351458 -1.5249792652422913
leaf_weight=79 1486 23 374 981 36 48 1027 595 68 352 350 3550 128 897 7932 136 185 51 204 43 104 300 422 40 3783 288 434 149 807 444 477 20 4768 73 41 1140 82 36 296 109 44 77 39 153 45 103 1190 163 255 129 344 24 714 279 219 103 149 33 85 80 506 21
leaf_count=79 1486 23 374 981 36 48 1027 595 68 352 350 3550 128 897 7932 136 185 51 204 43 104 300 422 40 3783 288 434 149 807 444 477 20 4768 73 41 1140 82 36 296 109 44 77 39 153 45 103 1190 163 255 129 344 24 714 279 219 103 149 33 85 80 506 21
internal_value=0.000207794 -7.72044e-05 -0.000548718 -0.000200751 -0.00557266 -0.00344558 0.000896396 -0.000146081 0.00132551 -0.00309043 -8.75235e-05 -0.00120143 -0.00217421 -0.00142991 0.000271447 -0.00342686 0.00274495 0.00133761 -0.000216076 -0.0100515 -0.00572061 -0.00690547 0.00177695 0.00236464 0.00263018 0.000641026 -0.00136034 0.000234642 0.00184829 -0.0016988 -9.36831e-05 0.0023741 0.000562416 0.00266544 -0.00241764 8.40054e-06 -0.00979853 0.00218145 -0.00385779 -0.0124356 -0.00256233 -0.00675403 0.00405599 0.00144458 -0.00390173 0.00284129 -0.00140224 -0.00560897 0.00382326 -0.00254934 0.000527778 -0.0031746 -3.12305e-05 0.000966365 0.00310754 -0.000193798 0.00369004 -0.00015625 -0.00654297 0 0.00386207 0.000570776
internal_weight=37113 33350 22504 20109 403 2395 10846 4950 2288 2347 19706 4835 3678 2662 14871 1074 3763 1856 1144 94 778 674 5896 4411 4241 1050 814 583 1157 1569 921 692 12700 133 938 1485 270 3819 648 191 358 121 1907 421 170 1474 2171 231 543 149 447 60 1588 993 345 126 268 237 125 119 712 206
internal_count=37113 33350 22504 20109 403 2395 10846 4950 2288 2347 19706 4835 3678 2662 14871 1074 3763 1856 1144 94 778 674 5896 4411 4241 1050 814 583 1157 1569 921 692 12700 133 938 1485 270 3819 648 191 358 121 1907 421 170 1474 2171 231 543 149 447 60 1588 993 345 126 268 237 125 119 712 206
cat_boundaries=0 2 3 5 7 9 10 12 14 16 17 18 19 20 21 22 23 24 25 26 27 29 31 33
cat_threshold=2903044925 1747152 1938 8717442 348417 2181566524 639364 39965764 1188941 1 1083310208 17963 134378028 2316 520422367 1360409 3488 2530 1 2081 5 28 2164302136 2382 1 1 3468 537006112 4224 262288 278528 8581120 4226
is_linear=0
shrinkage=0.05


Tree=57
num_leaves=63
num_cat=18
split_feature=20 21 2 20 7 10 2 1 1 8 16 1 1 4 1 19 1 19 1 10 2 8 1 1 8 19 2 1 8 5 21 20 2 9 13 22 20 5 8 19 2 2 22 19 5 15 19 7 19 21 21 20 20 5 20 21 19 20 19 5 20 22
split_gain=10.3656 5.95537 5.46793 4.3921 3.88031 4.99198 3.62848 4.14366 3.44467 3.0807 3.07852 2.96283 2.77235 2.70948 3.076 2.51953 2.45811 2.44082 2.95373 2.28961 3.06907 2.68807 2.17752 2.02143 1.83265 2.09822 2.02141 2.15131 1.85381 1.79569 1.79289 1.55819 1.4637 1.45829 1.69547 2.22313 1.37461 1.30728 2.26099 1.77532 1.29271 1.26606 1.24922 1.2321 1.17034 1.48216 1.09001 1.07779 1.07365 1.03965 1.00704 0.992746 1.09065 0.856868 0.854405 0.941329 0.816675 0.767736 0.753846 0.713625 0.713538 0.674035
threshold=266.50000000000006 104.05000000000001 0 12.500000000000002 363.51500000000004 2253.4550000000004 1 2 3 283.74500000000006 1.0721667929357839 4 5 6 7 4089.6550000000011 8 222.93999999999986 9 2376.1000000000004 10 567.58500000000015 11 12 853.7700000000001 2226.1750000000006 13 14 265.33000000000004 9.5000000000000018 7.5000000000000009 15.500000000000002 15 1701.6700000000003 1.5000000000000002 82.394224127922044 330.50000000000006 131.50000000000003 909.32500000000016 1260.2550000000001 16 17 2.8503542240076025 786.73000000000013 199.50000000000003 4.5000000000000009 1878.4700000000005 299.27500000000003 1735.8250000000003 76.348484848484858 149.3666666666667 63.500000000000007 15.500000000000002 44.500000000000007 8.5000000000000018 181.12500000000003 5.79499999999996 40.500000000000007 92.024999999999935 351.50000000000006 391.50000000000006 34.271059937535576
decision_type=2 2 1 2 2 2 1 9 9 2 2 9 9 9 9 2 9 2 9 2 1 2 9 9 2 2 1 9 2 2 2 2 1 2 2 2 2 2 2 2 1 1 2 2 2 2 2 2 2 2 2 2 2 2 2 2 2 2 2 2 2 2
left_child=1 4 16 33 5 11 7 44 37 -7 31 40 59 14 29 23 51 22 -19 20 -10 -21 -15 -13 25 26 28 47 -14 -5 -30 -11 -12 34 35 -4 43 39 -39 -8 61 -16 -27 53 45 -6 54 -28 -46 -42 -44 52 -3 -26 -18 -56 -36 -17 -54 -2 -38 -1
right_child=12 2 3 13 6 9 8 -9 19 10 32 15 24 17 41 57 46 18 -20 21 -22 -23 -24 -25 36 42 27 -29 30 -31 -32 -33 -34 -35 56 -37 60 38 -40 -41 49 -43 50 -45 48 -47 -48 -49 -50 -51 -52 -53 58 -55 55 -57 -58 -59 -60 -61 -62 -63
leaf_value=0.15454331177458935 2.199550460698132 0.7308550176521138 -1.9192299913440172 -1.9096949479789462 -0.24662821388161929 -0.024149290998683084 0.03313214633690844 0.42174810053333617 -0.19202473028852368 -0.10815640164209235 -0.29102200621196345 0.056849925269500813 -1.0781001261920253 0.03678548736551477 -0.15532346052069335 -0.39616912773829749 -0.19235963546178075 -0.18089394597234509 0.21524281623968761 -0.24219118665524794 0.01201555066294633 -0.076123452377017398 0.39877817476375149 -0.071354091150831606 -0.56669096236874095 -0.073934010700488884 1.344025724368719 1.7030973476375821 1.3465519792055138 0.17056811283295642 -0.88150604137964739 -0.38505530239751695 -0.021998797050534181 -0.65783623343821096 1.3228662803518985 1.6859738661168362 3.6604226815534449 0.022212565032836907 0.24981447712301588 -0.18458162088616703 -0.65193972040107229 -0.70439909842365944 -1.6048846641734795 -0.92769928390079748 0.22729504044840487 -0.48605523755373015 0.0084029806353702174 -1.3690155550485859 -0.70970111636616096 -0.21224788337948797 -1.2474716743492644 0.4587282535896835 0.35818962129944509 1.3921404609332158 0.64818133554678325 1.5822361469326311 -0.18334653092053133 -0.20544469343223382 -1.0082331692758428 -1.2136666131392564 1.554335589401783 -0.58730645417495564
leaf_weight=78 1139 30 80 40 96 210 2031 962 1316 29 217 1400 43 873 236 67 32 1231 2696 243 5054 2549 2070 4560 39 90 50 787 115 770 211 120 136 47 43 29 171 2301 1101 774 161 277 22 71 134 90 99 72 23 49 27 308 20 175 707 314 162 40 42 28 199 27
leaf_count=78 1139 30 80 40 96 210 2031 962 1316 29 217 1400 43 873 236 67 32 1231 2696 243 5054 2549 2070 4560 39 90 50 787 115 770 211 120 136 47 43 29 171 2301 1101 774 161 277 22 71 134 90 99 72 23 49 27 308 20 175 707 314 162 40 42 28 199 27
internal_value=0.000194323 -6.27269e-05 0.000952122 0.000446481 -0.000496403 -0.00147598 -7.64526e-05 0.00243741 -0.000294988 -0.00545455 -0.00757426 -0.00102193 0.00289559 0.000690886 -0.00135666 -0.000758635 0.00367412 0.00109327 0.000263995 -0.000912807 -0.000380512 -0.00211091 0.00218517 -0.000612108 0.00172662 0.000677817 0.0013466 0.00261659 -0.00166885 0.000516403 -0.000227964 -0.0137336 -0.00474017 -0.00491071 -0.00339117 -0.00837054 0.00393237 0.000608923 0.00127019 -0.000173611 -0.00567835 -0.00434886 -0.00501761 0.00108507 -0.00214185 -0.00489418 0.00484979 -0.00314815 0.000703125 -0.00795964 -0.0112981 0.000121065 -0.00421053 0.0031106 0.00536222 0.00562744 -0.000420673 -0.00829545 -0.00807692 0.00486229 0.00596515 -0.000317797
internal_weight=37113 33874 10106 8554 23768 7094 16674 1305 15369 712 502 6382 3239 8193 1323 6067 1552 6870 3927 9162 6370 2792 2943 5960 2072 1417 1278 909 369 810 326 149 353 361 314 109 655 6207 3402 2805 315 513 139 285 343 186 1152 122 157 210 49 400 92 214 1053 1021 205 107 62 1167 370 105
internal_count=37113 33874 10106 8554 23768 7094 16674 1305 15369 712 502 6382 3239 8193 1323 6067 1552 6870 3927 9162 6370 2792 2943 5960 2072 1417 1278 909 369 810 326 149 353 361 314 109 655 6207 3402 2805 315 513 139 285 343 186 1152 122 157 210 49 400 92 214 1053 1021 205 107 62 1167 370 105
cat_boundaries=0 1 2 4 6 8 10 11 13 15 17 18 20 22 23 25 26 27 28
cat_threshold=384 512 2182091328 295425 2651448338 2028241 131072 16688 117785242 49171 1 613974483 37394 2151305227 266241 7611282 1024019 3 136549472 1395902 326173492 42628 19 10620932 4096 937 581 1580
is_linear=0
shrinkage=0.05


Tree=58
num_leaves=63
num_cat=18
split_feature=20 6 7 11 1 7 13 1 1 6 2 1 7 2 1 2 11 16 20 2 12 11 2 1 17 1 17 7 1 2 15 9 17 4 1 20 20 6 1 22 7 0 17 16 9 11 20 20 11 11 22 20 9 6 20 7 11 20 11 20 11 11
split_gain=9.96153 5.92233 5.45613 5.36301 4.12742 4.05046 5.99555 3.78822 3.44678 3.19139 2.50943 3.58104 2.46618 2.34018 2.20117 2.08085 1.86956 1.74613 1.67634 1.6674 1.82519 1.94299 1.65549 1.58996 1.53841 1.52013 1.61552 1.46801 1.45861 1.24805 1.22004 1.18229 1.12217 1.11698 0.896995 1.06361 0.895429 0.839171 0.892549 0.788741 0.788409 0.76135 0.742593 0.70786 0.655614 0.625415 0.601211 0.774462 0.593591 0.572718 0.41511 0.380219 0.285654 0.253031 0.214668 0.192653 0.179131 0.209105 0.113126 0.102109 0.0892562 0.0857449
threshold=293.50000000000006 13071.820000000002 726.9100000000002 3881.0700000000011 0 -1.0000000180025095e-35 1.5000000000000002 1 2 2501.0100000000007 3 4 1139.5900000000001 5 6 7 3426.3450000000007 1.8580214936950064 10.500000000000002 8 1.5000000000000002 1363.3600000000001 9 10 1.6615242494221736 11 1.6164304617005343 727.61500000000012 12 13 10.500000000000002 1419.075 1.4934129165957402 14 15 319.50000000000006 45.500000000000007 2501.0100000000007 16 23.64095380380822 827.4000000000002 17 1.7195004606467987 0.21695061192489654 269.77000000000004 792.47500000000014 330.50000000000006 391.50000000000006 2139.2350000000001 1501.8150000000003 2.8503542240076025 565.00000000000011 290.89000000000004 1376.8900000000001 412.50000000000006 978.62500000000011 1363.3600000000001 359.50000000000006 3025.3000000000002 302.50000000000006 1401.325 408.55000000000007
decision_type=2 2 2 2 9 2 2 9 9 2 1 9 2 1 9 1 2 2 2 1 2 2 1 9 2 9 2 2 9 1 2 2 2 9 9 2 2 2 9 2 2 1 2 2 2 2 2 2 2 2 2 2 2 2 2 2 2 2 2 2 2 2
left_child=1 2 3 5 19 6 18 22 13 -10 25 39 14 -7 41 23 -3 -8 -1 28 21 -21 43 -9 -17 30 -27 -18 36 45 -6 -24 -22 -30 -14 59 -4 38 49 -12 -13 48 -43 -5 -40 52 50 -48 61 -31 -39 58 -16 54 -44 -29 57 -47 60 -36 -37 -2
right_child=12 16 4 7 10 8 17 15 9 -11 11 40 34 -15 29 24 27 -19 -20 20 32 -23 31 -25 -26 26 -28 55 33 37 -32 -33 -34 -35 35 51 -38 46 44 -41 -42 42 53 -45 -46 56 47 -49 -50 -51 -52 -53 -54 -55 -56 -57 -58 -59 -60 -61 -62 -63
leaf_value=-0.15264758948589352 1.7385480052503668 0.28548679191611365 -0.016699836104338762 0.28288537785016743 -0.3546934533655588 0.26358221211089167 -0.79970621793191432 -0.027266912815620617 -0.0019811680625387851 -0.10613588976520401 0.10599305330887657 0.29343906434684291 3.5599263628686937 0.012031735793233267 -0.12004688841396671 -0.089306209066896 -0.28165650069087483 1.3877193813501207 -0.65580325616599988 1.3865631843255664 0.39832510617280781 0.19054443701608365 -0.36916592285370664 0.14464942601706451 -0.26629762463264328 -0.13525100269328974 0.0949523823937648 -0.31658296245747208 -0.17777223194020009 0.44542779413905936 0.079656368705523228 -0.16711491668698364 -0.17744316203384702 0.13192661071041636 0.30236247535057786 1.2694380462944137 0.61624662924718487 -0.32584573807822576 0.029118304071420732 0.44308974311033433 -0.21516502083147701 3.2206790510207011 -0.31273068581747077 -0.14597256813925927 1.4661541997580203 2.2458442164397474 1.487869365207098 -0.45237047174867584 -0.28677681481567063 -1.9259637395290263 -2.5480761973479389 -0.28554304868013319 -1.7594521843679189 -0.92558296605635837 4.6755577247409503 -0.43339406841621558 -0.67183201223013045 -0.7886554626461475 3.3159480826947503 -2.4261171819417116 4.7308592547539359 2.6158782035219219
leaf_weight=59 64 26 88 65 661 1667 23 423 12220 3467 1126 123 258 2869 27 615 48 119 208 483 33 4371 299 310 54 704 808 24 692 83 26 400 137 460 25 78 177 35 174 863 569 24 66 317 777 34 56 77 20 26 20 27 81 34 38 22 23 25 24 30 104 327
leaf_count=59 64 26 88 65 661 1667 23 423 12220 3467 1126 123 258 2869 27 615 48 119 208 483 33 4371 299 310 54 704 808 24 692 83 26 400 137 460 25 78 177 35 174 863 569 24 66 317 777 34 56 77 20 26 20 27 81 34 38 22 23 25 24 30 104 327
internal_value=0.000198365 -2.31488e-05 1.45184e-05 -0.000424453 0.000915092 -0.000157499 -0.00506675 -0.00261967 -5.50035e-05 -0.000408439 -0.000173718 0.000839829 0.00320801 0.0011541 0.00235228 -0.000830389 -0.0109756 0.00293103 -0.00949074 0.00174504 0.00217391 0.00236257 -0.00483318 0.000955094 -0.00284091 -0.0014297 -0.000491803 -0.0141753 0.000183566 0.00122329 -0.003375 -0.00633778 -0.00274566 -0.00055794 0.00623862 0.00348837 0.00346223 0.00182395 0.00239887 0.00192932 -0.00219858 0.00497014 0.00166667 -0.00183544 0.0028916 -0.0023399 -0.00104712 0.000459559 0.00625 -0.00153689 -0.00538793 0.00513771 -0.00495495 0 0.00140187 -0.00561224 0.000294118 0.00221774 0.00586124 -0.00193966 0.00635135 0.00669416
internal_weight=37113 34556 34436 23115 11321 20632 409 2483 20223 15687 4880 2681 2557 4536 2011 1402 120 142 267 6441 5024 4854 1081 733 669 2199 1512 94 1417 1438 687 699 170 1152 546 288 265 1248 1060 1989 692 573 162 382 951 190 188 133 411 109 55 233 108 138 104 46 82 59 206 55 182 391
internal_count=37113 34556 34436 23115 11321 20632 409 2483 20223 15687 4880 2681 2557 4536 2011 1402 120 142 267 6441 5024 4854 1081 733 669 2199 1512 94 1417 1438 687 699 170 1152 546 288 265 1248 1060 1989 692 573 162 382 951 190 188 133 411 109 55 233 108 138 104 46 82 59 206 55 182 391
cat_boundaries=0 2 4 6 7 9 10 12 13 14 15 17 19 20 21 22 24 26 27
cat_threshold=2768827193 1747666 34083005 606516 1590789393 1303630 2125 8717446 348161 1798 117727426 360472 2725 17 616 2686451714 262274 48563264 266240 2164293912 513 11 604242841 16384 10617632 32 1
is_linear=0
shrinkage=0.05


Tree=59
num_leaves=63
num_cat=21
split_feature=20 21 2 7 1 10 18 23 2 20 7 8 4 2 1 1 1 1 1 7 9 18 23 1 1 1 2 21 21 20 17 22 22 1 7 7 4 1 20 10 17 12 4 13 22 7 2 18 8 20 0 7 8 22 10 16 18 8 16 17 17 2
split_gain=9.14536 5.611 4.03479 3.55977 4.56533 4.46695 5.38941 3.41281 3.08711 3.00523 2.79419 2.67486 2.6261 2.97785 2.73306 2.61375 2.34824 2.26767 2.0866 2.14378 1.89971 1.84779 1.8427 1.76732 1.73337 1.72217 1.91096 1.87493 1.7885 1.69291 1.66837 1.59826 1.39427 2.33247 1.36319 1.34622 2.1046 1.33312 1.68375 1.44788 1.33295 1.36497 1.30041 1.28528 1.38832 1.1606 1.15388 1.12982 1.10967 1.09212 1.07915 1.07253 0.998406 0.984658 0.97036 0.951112 0.857129 0.853294 0.882302 0.789897 0.764118 1.4338
threshold=272.50000000000006 119.05555555555557 0 986.95000000000005 1 4303.7850000000008 1.0299319516904124 10.500000000000002 2 13.500000000000002 -1.0000000180025095e-35 853.7700000000001 3 4 5 6 7 8 9 -1.0000000180025095e-35 1701.6700000000003 1.0852230049888576 4.5000000000000009 10 11 12 13 142.07142857142858 43.978260869565226 335.50000000000006 1.3366910195307835 86.999900398968549 29.956714781221088 14 1290.1350000000002 1033.3750000000002 15 16 90.500000000000014 1061.0500000000002 1.2280771428271928 1.5000000000000002 17 1.5000000000000002 90.528170519769517 -182.96499999999997 18 0.44272427889408922 278.72500000000008 19.500000000000004 19 1928.9900000000002 1008.8100000000001 62.979890950568752 2253.4550000000004 1.4426421615865184 0.71072575146491657 620.02500000000009 1.1303382722294002 1.4697032788760447 1.553804378010132 20
decision_type=2 2 1 2 9 2 2 2 1 2 2 2 9 1 9 9 9 9 9 2 2 2 2 9 9 9 1 2 2 2 2 2 2 9 2 2 9 9 2 2 2 2 9 2 2 2 1 2 2 2 1 2 2 2 2 2 2 2 2 2 2 1
left_child=1 3 16 5 32 12 57 49 30 20 45 15 18 14 -14 60 59 21 46 -20 43 -12 25 29 -15 27 48 28 -17 53 34 -19 35 54 -6 -5 -37 39 -39 -10 -18 55 -9 44 -4 -11 -1 -28 -27 -8 -32 -22 -35 -13 -34 -42 -29 -7 -59 -3 -2 -62
right_child=11 2 9 4 8 6 7 42 37 10 17 23 13 24 -16 22 40 31 19 -21 51 -23 -24 -25 -26 26 47 56 -30 -31 50 -33 33 52 -36 36 -38 38 -40 -41 41 -43 -44 -45 -46 -47 -48 -49 -50 -51 -52 -53 -54 -55 -56 -57 -58 58 -60 -61 61 -63
leaf_value=-0.039817083606625482 2.8797285719320453 -1.5307265153546945 -1.6909464100441847 0.22497200066928946 -0.074338614291991137 -0.37503019166771517 -0.045621520253157626 -0.070874938529277912 1.3390461313428326 -0.50127468473058456 0.28537158869595397 -1.1586286621295301 0.23567420314003296 -0.010963785536968374 -0.049922287149213457 -0.43784379043336802 0.22404815697411992 0.1503203846094909 -0.50960013088024725 -0.0280556212391069 -1.2866261928852856 0.873118021628709 -0.92929270991891721 2.2610141352152477 -0.17892358808652542 -1.0863501029295293 1.1408106378126319 0.74672813257915238 -2.0870723043346957 2.1675167127078474 0.65053702006978298 -0.14477657686568099 0.014138509051526249 -0.81090147169879701 0.22125291853775197 0.19235984453817989 -0.30184620874249446 0.47525265460492183 -0.033744964663506495 -0.065184770603880615 -0.048389930790687791 -0.13506677102077003 0.13836481390791341 0.041385956152858297 1.204963387427564 -0.94266302798177015 0.064473481426143314 2.3173903583580797 0.14735528494406688 -0.38077057671965764 0.029043747771793083 -0.064457889395630824 0.45339868058125354 2.5790416566965835 -0.79140044484964267 1.1207347379629375 -1.2706842236926676 -0.10322447683780911 -0.27170205052600266 0.13344035912747287 -0.29833471317884275 1.9483068294086856
leaf_weight=1282 119 33 71 126 242 26 34 136 89 46 974 100 530 1172 2050 105 184 4126 106 8225 26 298 67 772 4057 58 446 88 42 174 987 1066 44 24 167 166 631 391 289 1323 46 21 107 174 24 23 3020 239 386 107 184 21 287 39 62 883 21 26 52 67 137 295
leaf_count=1282 119 33 71 126 242 26 34 136 89 46 974 100 530 1172 2050 105 184 4126 106 8225 26 298 67 772 4057 58 446 88 42 174 987 1066 44 24 167 166 631 391 289 1323 46 21 107 174 24 23 3020 239 386 107 184 21 287 39 62 883 21 26 52 67 137 295
internal_value=0.000210489 -2.46121e-05 0.00112386 -0.000384467 0.000807577 -0.000672383 -0.00539715 -0.00245478 0.0017232 0.000635748 0.000874006 0.00281462 -0.000556371 -0.00127685 9.64134e-05 0.00168868 0.003749 0.00098964 -0.000105765 -0.000570769 -0.00407524 0.00287938 0.000511945 0.00483686 -0.00196251 0.000945605 0.00180604 -0.00260223 -0.00641667 0.00126534 0.00338983 0.000509126 -0.00166297 0.000625 0.000515777 -0.00276728 -0.00354688 0.000427553 0.00223665 -0.000421053 0.00442459 0.00522036 0.000965447 -0.00215993 -0.0067602 -0.00885417 0.000782155 0.0034563 -0.000656455 -0.00859375 0.00437606 -0.01325 0.00289352 -0.00255282 -0.0052521 0.00553916 0.00189732 -0.0154206 -0.0108025 -0.00309735 0.00458777 0.00344828
internal_weight=37113 34025 8083 25942 5012 20930 488 384 3672 6849 6533 3088 20442 7809 2580 2003 1234 6464 12633 8331 316 1272 1452 1085 5229 1385 1129 256 147 313 1580 5192 1340 417 409 923 797 2092 680 1412 1134 950 243 269 95 69 4302 685 444 141 1171 47 311 139 106 929 109 104 78 100 551 432
internal_count=37113 34025 8083 25942 5012 20930 488 384 3672 6849 6533 3088 20442 7809 2580 2003 1234 6464 12633 8331 316 1272 1452 1085 5229 1385 1129 256 147 313 1580 5192 1340 417 409 923 797 2092 680 1412 1134 950 243 269 95 69 4302 685 444 141 1171 47 311 139 106 929 109 104 78 100 551 432
cat_boundaries=0 1 3 4 5 6 8 10 12 14 16 18 20 22 23 25 26 28 29 30 31 32
cat_threshold=384 3238469734 591681 1932 28 1550 2517664810 8201 319045834 426000 2150629378 5120 2374010215 36864 2500666132 1775299 2450046976 361120 294772817 483380 11703328 4224 155 196672 1281 16 813700737 266386 13 1410 1 2096
is_linear=0
shrinkage=0.05


Tree=60
num_leaves=63
num_cat=20
split_feature=21 6 1 6 0 2 11 20 1 1 1 2 2 1 21 0 2 2 1 1 11 21 20 21 17 2 1 2 23 5 9 19 1 20 1 20 9 11 18 20 20 20 17 5 11 17 5 17 6 6 17 1 5 21 17 18 9 18 21 21 9 21
split_gain=8.07593 5.43573 4.06269 3.90284 4.47602 4.24425 3.58711 3.45794 3.3758 3.32884 3.2524 2.4389 2.39805 2.377 2.22557 2.19953 7.98608 3.39019 2.17499 2.05436 2.28921 1.97733 1.94445 1.81024 1.76572 1.65033 2.31175 1.57553 1.87852 1.55073 1.74132 1.52782 1.4657 1.35171 1.326 1.2968 1.27766 1.2546 1.1654 1.10044 1.42185 1.0856 1.00871 0.964937 1.00718 0.895299 0.849509 0.79459 0.786165 1.14142 1.52827 1.05365 0.780704 0.771897 0.668536 1.05632 0.736734 0.643638 0.632224 1.16802 0.624207 0.58319
threshold=181.12500000000003 13071.820000000002 0 2501.0100000000007 1 2 5084.8350000000009 198.50000000000003 3 4 5 6 7 8 15.127441244620988 9 10 11 12 13 5025.7450000000008 73.89898989898991 245.50000000000003 36.242647058823536 0.93107345018391097 14 15 16 2.5000000000000004 351.50000000000006 447.3250000000001 2226.1750000000006 17 7.5000000000000009 18 68.500000000000014 2347.9950000000003 302.49000000000007 0.77043299506999185 25.500000000000004 82.500000000000014 8.5000000000000018 1.8570389352036487 80.500000000000014 2296.2650000000008 1.4188769872585543 150.50000000000003 1.7055060021666646 3372.3600000000001 2012.74 1.351606537519821 19 190.50000000000003 345.16666666666669 1.8805658043044196 0.69797027001091572 378.30500000000006 0.20087309726870348 239.12500000000003 193.10000000000002 1509.9150000000002 274.16666666666669
decision_type=2 2 9 2 1 1 2 2 9 9 9 1 1 9 2 1 1 1 9 9 2 2 2 2 2 1 9 1 2 2 2 2 9 2 9 2 2 2 2 2 2 2 2 2 2 2 2 2 2 2 2 9 2 2 2 2 2 2 2 2 2 2
left_child=1 3 27 7 5 19 13 9 34 25 14 32 60 -6 -9 17 -17 -11 22 24 -21 -16 39 38 -5 26 -1 31 53 30 -12 42 48 -15 -7 -14 -10 -27 -3 52 -41 -34 -2 44 -44 -30 -45 -43 49 50 -4 -51 -13 61 55 -24 -56 -20 59 -50 -8 -29
right_child=2 23 11 4 6 8 12 10 36 15 29 18 35 33 21 16 -18 -19 57 20 -22 -23 54 -25 -26 37 -28 28 45 -31 -32 -33 41 -35 -36 -37 -38 -39 -40 40 -42 47 43 46 -46 -47 -48 -49 58 51 -52 -53 -54 -55 56 -57 -58 -59 -60 -61 -62 -63
leaf_value=-0.036192520621778891 1.4178665401880686 -0.31895481475708715 1.7592698030091634 -0.29435383410841459 -0.084769114140022861 0.27880708953465766 -0.042761662682890972 2.1103076851358096 -0.14395768581220098 0.60022974314987598 -0.090972042447820381 -0.1173048562381768 -0.27856744809075185 -0.087677521483718837 -1.4086926360055434 -0.51049294167000225 0.021972167546859645 0.044308345679217709 -0.32183963665416315 0.36337081765647494 -0.094728694293404206 0.61372125615011441 1.9035256563782603 -0.079328628994210337 0.062822622942006315 -0.98332692171752856 -0.30884346512657479 -0.43300841469885543 0.060096312986991141 -1.9362444269328329 0.66528091474364714 -1.0321464903341633 -0.7271609913214192 -0.47013460887157443 -0.016241705250866722 0.12481737636711686 0.032073926376167843 -0.011102044585291538 -0.26224343746733497 0.71813057925651003 -0.19502103635358453 0.59725466970800267 -0.18872652316578709 2.0439354246510066 -1.0719892461244929 -1.0220374725817221 -0.084283245339670645 1.7062883656420618 1.2474978754684953 0.11031411155283398 -0.22785091134813484 1.4516496737187954 -0.70192444106433649 -0.78507793439635309 -0.84380390207544598 -1.4713367509870736 1.5391608167847615 0.84301473376633551 1.7813146541792648 -1.0352832508042029 0.25504519655880192 1.3298857927039056
leaf_weight=817 88 36 58 145 124 258 24 484 3653 744 740 31 181 34 43 757 5441 7885 44 1016 221 401 71 34 1050 44 652 87 26 58 1393 20 26 267 3051 40 474 2497 50 103 758 253 47 36 20 88 57 520 28 101 229 337 44 63 48 41 340 684 54 52 90 55
leaf_count=817 88 36 58 145 124 258 24 484 3653 744 740 31 181 34 43 757 5441 7885 44 1016 221 401 71 34 1050 44 652 87 26 58 1393 20 26 267 3051 40 474 2497 50 103 758 253 47 36 20 88 57 520 28 101 229 337 44 63 48 41 340 684 54 52 90 55
internal_value=0.000192976 -7.64362e-05 0.00220138 -3.52901e-05 -0.000823065 -0.000531861 -0.00452163 0.000343823 -0.00112767 8.55892e-05 0.00188581 0.00279661 -0.000480769 -0.00756425 0.00435707 0.000433794 -0.000278181 0.000951402 0.00163068 0.00126789 0.00269 0.00167785 0.000448585 -0.0105691 -0.000175911 -0.00118693 -0.00252193 -0.00160417 -0.00395331 0.000788339 0.00103581 0.00106762 0.00426391 -0.0098328 4.89163e-05 -0.00357906 -0.00208031 -0.000386648 -0.0143258 -0.00085197 -0.000274884 0.00589594 0.00239044 0 -0.00446429 -0.00918803 0.00325521 0.00633054 0.00262328 0.00331387 0.000646552 0.00493197 -0.00657051 -0.000901442 0.00298211 0 0.00396419 0.00384615 -0.000547445 -0.00361446 0.00492126 0.000862069
internal_weight=37113 32704 4409 32584 10628 9868 760 21956 7436 18837 3119 3822 335 425 928 14827 6198 8629 2164 2432 1237 444 1436 120 1195 4010 1469 587 319 2191 2133 268 1658 301 3309 221 4127 2541 86 936 861 799 248 160 67 114 93 773 859 725 287 438 75 205 500 112 388 728 134 80 114 142
internal_count=37113 32704 4409 32584 10628 9868 760 21956 7436 18837 3119 3822 335 425 928 14827 6198 8629 2164 2432 1237 444 1436 120 1195 4010 1469 587 319 2191 2133 268 1658 301 3309 221 4127 2541 86 936 861 799 248 160 67 114 93 773 859 725 287 438 75 205 500 112 388 728 134 80 114 142
cat_boundaries=0 2 3 4 6 8 10 11 12 14 15 16 17 19 21 22 24 25 27 29 31
cat_threshold=271730496 270339 1 772 1325438541 1483437 2151822348 11580 2499879770 34363 488 616 32896 49281 1 256 256 659300484 67232 2702938600 557073 402 13320 2068 3504 2726826042 5640 201327104 1187884 41943074 512
is_linear=0
shrinkage=0.05


Tree=61
num_leaves=63
num_cat=12
split_feature=20 6 7 10 1 7 20 18 6 1 1 1 1 21 21 4 2 12 5 21 20 1 6 1 21 7 2 7 8 5 1 8 20 18 22 20 2 20 19 7 10 21 17 18 19 21 18 19 5 9 17 20 21 20 5 20 18 5 18 20 7 7
split_gain=8.04393 5.48653 4.64784 5.17909 4.10408 3.53091 4.35909 2.88068 2.86701 3.94562 2.69074 2.6849 2.54322 2.25504 3.64156 2.24696 2.50444 2.20787 2.0499 2.10557 2.16761 2.0961 1.87818 2.71561 1.81024 1.98347 1.65761 1.61257 1.52056 1.46015 1.45032 1.44043 1.38714 1.35645 1.08642 1.02744 1.00645 1.22998 0.994725 0.928529 0.989156 0.9254 0.903946 0.883824 0.89651 0.85414 0.850859 0.8094 0.855974 0.620502 0.568375 0.563414 0.738508 0.488782 0.470798 0.558986 0.376947 0.821024 0.359225 0.356617 0.658778 0.335743
threshold=293.50000000000006 13071.820000000002 726.9100000000002 2253.4550000000004 0 -1.0000000180025095e-35 28.500000000000004 0.37473138890562252 3650.2500000000005 1 2 3 4 153.55000000000004 7.5000000000000009 5 6 1.5000000000000002 98.500000000000014 131.70833333333334 1.0000000180025095e-35 7 2501.0100000000007 8 36.242647058823536 744.02500000000009 9 -182.96499999999997 551.1350000000001 134.50000000000003 10 1800.5350000000003 10.500000000000002 0.55921466463736513 88.592295405285668 13.500000000000002 11 335.50000000000006 1113.24 1139.5900000000001 1071.5250000000003 73.89898989898991 1.9211189828285065 0.25845444628215514 1999.9000000000001 221.55000000000004 0.23075240033965508 3163.0600000000009 153.50000000000003 2740.7999999999997 2.856806641613129 330.50000000000006 265.16666666666669 1.5000000000000002 320.50000000000006 405.50000000000006 0.81193316684589822 78.500000000000014 1.1696523001919772 355.50000000000006 881.80500000000018 567.71500000000015
decision_type=2 2 2 2 9 2 2 2 2 9 9 9 9 2 2 9 1 2 2 2 2 9 2 9 2 2 1 2 2 2 9 2 2 2 2 2 1 2 2 2 2 2 2 2 2 2 2 2 2 2 2 2 2 2 2 2 2 2 2 2 2 2
left_child=1 2 3 5 18 6 32 13 10 -10 -7 36 26 14 46 33 -17 22 21 20 -20 42 30 -24 25 -3 28 -8 -5 53 -6 -21 -1 -14 -23 -28 38 -38 59 40 58 -16 -4 44 -43 -42 47 48 -2 -27 -31 -15 -53 -19 55 -48 57 -39 -13 60 -9 -54
right_child=7 24 4 12 17 8 27 11 9 -11 -12 39 15 51 41 16 -18 29 19 31 -22 34 23 -25 -26 49 35 -29 -30 50 -32 -33 -34 -35 -36 -37 37 56 -40 -41 45 43 -44 -45 -46 -47 54 -49 -50 -51 -52 52 61 -55 -56 -57 -58 -59 -60 -61 -62 -63
leaf_value=0.26035552922991245 -1.4278001346766858 -0.24149671066955725 0.05120674792735383 -0.29954891692160113 -0.049204106841999717 0.093728034478789371 -0.55265369383527674 -0.90743522840007107 0.15158832375763398 -0.21649129813617096 -0.017358287214535917 1.9659403310577077 0.18862486548787036 -0.43298693750068723 -2.1425679618579245 -0.10623296992046952 0.065728302101294211 -0.21764882878352584 1.5265080919439171 0.79638846652865003 0.09904982885077232 -0.043407717294248818 -0.011692076460632929 -0.33182810841870353 -0.075362197544499757 -0.4146751307628449 -0.049672051139832779 -0.81506762729407645 0.034037030017819346 0.1047984059751923 0.16810936371639684 -0.11685688548424898 -0.46960503118918873 -0.18879251689061169 0.78349509470217615 -0.3703040296571814 -0.41108055823790757 0.073524884190312889 2.5834872516675831 3.2851867843621885 -2.3219120134994928 0.64256402699989512 1.2212225539441821 -1.7015854299407231 -0.91642380080183772 2.6415832309179614 0.16114674398862405 5.2403300561354769 0.3991850957261992 0.26557004478031426 -0.17596082923655543 2.0798653428911202 2.1277171928142127 -0.52078164875025468 -1.1934952283076188 3.332925627134852 0.45467282042866625 3.4297748023665022 -0.70452607496524888 -2.7303159183018999 1.6370577969486875 -0.15323090829614686
leaf_weight=118 104 45 108 157 893 4828 52 36 372 1133 14030 665 31 60 42 263 674 20 332 933 2941 1756 1414 433 34 21 58 40 196 61 1983 68 195 633 118 335 110 27 27 375 36 53 164 54 32 22 77 23 96 20 22 179 110 75 20 131 40 79 26 46 31 56
leaf_count=118 104 45 108 157 893 4828 52 36 372 1133 14030 665 31 60 42 263 674 20 332 933 2941 1756 1414 433 34 21 58 40 196 61 1983 68 195 633 118 335 110 27 27 375 36 53 164 54 32 22 77 23 96 20 22 179 110 75 20 131 40 79 26 46 31 56
internal_value=0.000171422 -2.74892e-05 8.71105e-06 -0.000396336 0.00084003 -0.000142025 -0.00474877 0.00287598 -4.72601e-05 -0.00214688 0.000117968 0.00426789 -0.00262234 0.00078125 -0.00102362 -0.00141729 0.000118421 -0.000241656 0.00167107 0.00230886 0.00166743 0.000383899 -2.38045e-05 -0.00127703 -0.0105691 -0.0143258 -0.00503953 -0.0142105 -0.00215164 -0.00566298 0.000764154 0.00434512 -0.00170095 -0.00361891 -0.000198728 -0.00735837 0.000488998 0.00241636 -0.00261438 0.00549692 0.00433843 -0.00699728 0.00438596 -0.00431338 -0.000426136 -0.00122951 0.00129405 -0.000719027 -0.00197044 -0.00426136 -0.000145349 0.00370711 0.00448994 -0.00982143 0.0034632 0.0042654 0.00553691 0.00711009 0.00488112 -0.00506466 -0.00160714 0.00162722
internal_weight=37113 34556 34436 23115 11321 20768 405 2557 20363 1505 18858 1520 2347 1037 632 1601 937 4901 6420 4274 3273 2146 4723 1847 120 86 746 92 353 178 2876 1001 313 664 1874 393 396 256 140 1124 749 181 272 139 85 58 451 223 200 41 83 405 345 95 228 208 146 106 691 113 67 166
internal_count=37113 34556 34436 23115 11321 20768 405 2557 20363 1505 18858 1520 2347 1037 632 1601 937 4901 6420 4274 3273 2146 4723 1847 120 86 746 92 353 178 2876 1001 313 664 1874 393 396 256 140 1124 749 181 272 139 85 58 451 223 200 41 83 405 345 95 228 208 146 106 691 113 67 166
cat_boundaries=0 2 4 6 8 10 11 12 13 15 16 18 19
cat_threshold=621343545 2009810 100664402 199 1588954385 705096 2192195617 672 34082876 639380 5 304 16777496 2149844164 82984 1581 39846976 21548 2328
is_linear=0
shrinkage=0.05


Tree=62
num_leaves=63
num_cat=19
split_feature=20 21 2 1 20 0 2 23 5 2 23 19 1 1 1 19 10 20 1 1 2 14 1 22 7 17 2 17 1 19 4 22 20 1 20 9 19 7 23 19 17 22 22 10 20 21 22 9 19 2 7 1 5 9 9 1 20 7 20 10 21 17
split_gain=7.86831 4.30495 5.38872 4.43956 3.87583 3.84365 20.0379 12.7244 35.3896 4.58541 4.33517 3.52269 4.46596 3.66816 3.17441 2.70519 5.1288 4.15879 3.84473 3.09414 2.57135 2.55844 2.54638 2.49841 2.49456 2.4411 2.18078 2.07678 2.04812 2.03348 1.92146 1.89006 2.01675 1.88449 1.81435 1.76562 1.64827 1.63857 1.63459 1.88324 1.58307 1.5389 1.58918 1.53882 1.53334 1.51706 1.96701 1.48877 1.46302 1.48422 1.38472 1.30963 1.30125 2.47577 2.08322 1.16895 1.36097 1.07481 1.0361 1.02484 1.01856 0.959554
threshold=293.50000000000006 77.038461538461561 0 1 69.500000000000014 2 3 4.5000000000000009 180.50000000000003 4 2.5000000000000004 447.11999999999995 5 6 7 1539.2150000000001 3664.0200000000004 1.0000000180025095e-35 8 9 10 2.5000000000000004 11 13.912534315966992 1139.5900000000001 0.90418370714450924 12 1.6703538930915829 13 1402.8050000000001 14 18.816477594037995 191.50000000000003 15 193.50000000000003 1260.9650000000004 983.07500000000005 170.31500000000003 4.5000000000000009 1390.135 0.94736573926134826 46.844730607753668 26.023644669623629 2112.5900000000006 21.500000000000004 212.70833333333334 185.46192241195732 1342.6350000000002 1495.7149999999999 16 192.905 17 171.50000000000003 720.80000000000018 864.25000000000011 18 322.50000000000006 1083.2350000000004 33.500000000000007 2938.6500000000005 33.947619047619057 1.9895039082367292
decision_type=2 2 1 9 2 1 1 2 2 1 2 2 9 9 9 2 2 2 9 9 1 2 9 2 2 2 1 2 9 2 9 2 2 9 2 2 2 2 2 2 2 2 2 2 2 2 2 2 2 1 2 9 2 2 2 9 2 2 2 2 2 2
left_child=1 5 3 4 52 9 7 8 21 28 -10 13 26 23 34 17 19 36 -19 -17 -15 -7 29 -8 33 41 -13 -9 30 31 57 32 -4 61 -6 -14 -11 -30 39 51 -16 42 -5 -39 -18 46 47 -24 -41 -50 -31 60 54 -54 -3 56 -26 -1 -33 -32 -35 -2
right_child=24 2 22 25 14 6 11 27 10 15 -12 12 35 20 40 16 44 18 -20 -21 -22 -23 45 -25 55 -27 -28 -29 37 50 59 58 -34 38 -36 -37 -38 43 -40 48 -42 -43 -44 -45 -46 -47 -48 -49 49 -51 -52 -53 53 -55 -56 -57 -58 -59 -60 -61 -62 -63
leaf_value=-0.45297730112668921 2.7604676070585832 -0.068252345939929709 0.38674717353508936 0.091038561011195548 -0.55709375522932236 -1.5719786166086325 0.018935616043053074 0.082941593134081698 1.3633703262204162 2.0243238738702405 -0.57438394642889556 -0.15679447822064604 0.018584816848367502 0.13670119627784594 -0.34700030290075223 0.11436825895029906 -0.22185705281800594 0.032773819832564624 -0.093450172780290955 -0.13660587564610632 -0.0029790432568577163 -0.37868227804839577 0.010633228487226632 -0.22567573357311868 -3.8149939494485383 0.75391570910461092 -0.54332045178316124 -0.1737306285317787 -0.060256062085978182 -0.0024728026326061637 0.40571912289577061 -0.47131784909592445 -0.29743283441752127 2.1328017388064899 0.98430380104102122 -0.4669353552536703 0.60974154522226476 0.75434144256572377 -0.96284669204198181 -1.2131968472333257 0.72823183070499198 0.67387253300322547 -1.1042774892148293 0.084569968042275082 -0.27238251762743354 0.38042176318875409 -1.3824152122115489 0.21665332800568679 0.95489362444942005 -0.6616046007741645 -0.38321669059731384 1.570600626328063 -0.76299003205629956 0.36628434169603347 -0.91206404331885915 2.6071619844598022 2.643435318651667 1.0691137198383263 -0.067048020965035524 -0.12575391757947618 -1.0699612729946837 1.5791465273861416
leaf_weight=96 86 120 646 36 153 231 486 211 135 266 64 109 562 1115 105 709 69 4572 3046 2746 1970 56 5993 710 28 1408 209 58 91 198 182 233 173 104 57 46 562 534 66 67 965 43 31 248 93 1199 55 980 387 182 364 744 108 164 125 434 84 28 2150 46 133 242
leaf_count=96 86 120 646 36 153 231 486 211 135 266 64 109 562 1115 105 709 69 4572 3046 2746 1970 56 5993 710 28 1408 209 58 91 198 182 233 173 104 57 46 562 534 66 67 965 43 31 248 93 1199 55 980 387 182 364 744 108 164 125 434 84 28 2150 46 133 242
internal_value=0.000161992 -3.47232e-05 0.000589523 0.00237004 0.000642265 -0.000533683 -0.00158843 -0.00913086 -0.0140593 -5.64292e-05 0.00191832 -0.000462165 -0.00325619 0.000131303 0.00214341 -0.000357113 -0.00150207 0.000127234 -0.000232909 -0.0010736 0.0010531 -0.0252155 9.05948e-05 -0.00219189 0.00283691 0.0043599 -0.00793051 -0.000321691 0.00283724 -0.000979613 -0.000273973 -0.000475819 0.0015663 0.00197989 -0.00325112 -0.000563607 0.00348977 0.00413375 0.00123084 0.00158179 0.00325485 -0.00243363 -0.00732143 0.00493631 -0.0101515 0.000587075 0.000298677 0.000381666 -0.000469484 0.000284091 -0.00376106 0.00295986 -0.00295673 -0.000363636 -0.00559476 0.00587432 0.0004 -0.00510949 -0.00119971 0.00228216 -0.00015 0.00542522
internal_weight=37113 34556 15306 3315 1797 19250 5962 755 486 13288 199 5207 926 4281 1280 12063 3617 8446 7618 3455 3085 287 11991 1196 2557 1518 318 269 1225 3764 352 3202 819 2011 210 608 828 873 1683 1617 1070 110 67 782 162 8227 7028 6973 636 569 562 981 517 272 245 546 112 124 2383 228 237 328
internal_count=37113 34556 15306 3315 1797 19250 5962 755 486 13288 199 5207 926 4281 1280 12063 3617 8446 7618 3455 3085 287 11991 1196 2557 1518 318 269 1225 3764 352 3202 819 2011 210 608 828 873 1683 1617 1070 110 67 782 162 8227 7028 6973 636 569 562 981 517 272 245 546 112 124 2383 228 237 328
cat_boundaries=0 1 3 4 5 6 8 10 11 13 15 16 18 19 21 22 24 25 27 29
cat_threshold=896 3022132239 286209 1 256 256 35393729 4112 54546692 181122 2418147338 3075510293 1062643 35722609 32822 586 270676676 1902642 204 2182512693 1584 17 100950082 294936 2166 12190472 4640 2148007936 327808
is_linear=0
shrinkage=0.05


Tree=63
num_leaves=63
num_cat=21
split_feature=6 8 1 6 1 1 8 14 0 12 9 2 2 23 2 16 2 5 17 12 5 4 12 19 5 22 1 5 8 8 2 17 2 9 1 1 2 17 5 6 1 16 1 2 17 17 0 19 22 5 1 17 17 8 23 19 17 19 0 16 17 19
split_gain=4.85537 4.78751 3.6443 3.43094 4.50414 3.03452 2.7359 2.43438 2.26961 2.16796 2.01004 1.99146 1.91572 1.88569 1.88058 1.90832 1.84658 2.16468 1.93867 1.7609 1.75391 1.74991 1.89365 1.71925 1.71241 1.71006 1.61496 1.57527 1.4619 2.74503 2.44057 1.6384 1.73999 1.44819 1.39465 1.36346 1.84072 1.30214 1.30137 1.23875 1.20115 1.18683 1.11751 1.3354 1.04099 1.03015 0.949049 0.92045 0.751115 0.733527 0.696732 2.02773 0.674572 0.647248 0.592261 0.547917 0.514055 0.467409 0.350691 0.287923 0.243166 0.0200998
threshold=13071.820000000002 967.1400000000001 0 2501.0100000000007 1 2 -1.0000000180025095e-35 1.0000000180025095e-35 3 1.5000000000000002 154.67500000000004 4 5 3.5000000000000004 6 2.0616626033328695 7 94.500000000000014 2.0000018609671453 1.0000000180025095e-35 319.50000000000006 8 1.5000000000000002 4313.3250000000007 78.500000000000014 69.440878926447212 9 192.50000000000003 165.35500000000005 156.88500000000002 10 0.6532748404044818 11 1653.4050000000002 12 13 14 1.0024686650050745 111.50000000000001 2501.0100000000007 15 0.36811305843325343 16 17 1.4934129165957402 1.0848324498708537 18 497.97999999999985 2.8503542240076025 158.50000000000003 19 1.7628019157202279 2.6858948180376228 1059.5250000000003 6.5000000000000009 579.7399999999999 1.1794695605854733 3163.0600000000009 20 2.0616626033328695 1.0024686650050745 1657.2750000000005
decision_type=2 2 9 2 9 9 2 2 1 2 2 1 1 2 1 2 1 2 2 2 2 9 2 2 2 2 9 2 2 2 1 2 1 2 9 9 1 2 2 2 9 2 9 1 2 2 1 2 2 2 9 2 2 2 2 2 2 2 1 2 2 2
left_child=1 3 8 5 11 28 56 47 9 16 -9 13 19 20 15 39 18 -18 -3 -6 -5 25 35 34 -11 42 38 -26 29 30 -1 49 -33 -2 -13 36 -23 -37 -14 -10 -21 -28 53 -44 59 -31 -15 -8 -25 -30 51 -16 -52 -4 -17 -27 61 60 -46 -24 -35 -7
right_child=33 2 21 4 12 6 7 10 14 24 -12 23 26 46 50 54 17 -19 -20 40 -22 22 44 48 27 55 41 -29 31 45 -32 32 -34 57 -36 37 -38 -39 -40 -41 -42 -43 43 -45 58 -47 -48 -49 -50 -51 52 -53 -54 -55 -56 -57 -58 -59 -60 -61 -62 -63
leaf_value=0.026783084626676692 -0.011813694912066986 -0.0072216764232438287 1.5098644556557606 -0.15019239738109552 -0.63091215822527347 -0.81786594113901934 0.035888935924249132 -0.38043944860531032 -0.19581030243287945 0.33713425876582159 0.055164144309500784 0.30669810533418168 -0.10865971756218698 0.17334171595828904 -0.37207889676926142 -0.2270296624489519 -1.001595563097222 0.45070415664907615 0.63675599901433455 -0.22903126261800077 1.3936372557238088 0.36031664211250275 -0.40344952485758229 -0.87473179648084887 -0.55323132294440791 1.6974228563212279 0.04848412415261541 0.011109668643005577 -0.56698721854219503 -0.090404330749396425 -0.22463904476864027 0.060558028178801453 -0.060642561473220627 -0.2480916414419696 -0.048028499861619882 0.22174965211803324 0.046124195196502883 -0.071088225533518165 -0.70862915650337155 -0.50316731616721422 0.18124753391636342 -0.14272172086954224 0.059023582512007969 -0.60526318188254102 -0.51542144218964858 -0.3053114799313712 -0.16645673016636373 1.9026487674399093 -0.154831274488298 -0.090451642576585917 0.10573188687682702 0.28870365555073735 -0.074680931981039936 -0.17493234834567772 0.25457408824907762 -0.15841120871314163 -0.26825685316490816 -0.26202062604827425 -0.13629302325187442 0.65899338903636928 -0.1310256780692243 -0.79428492944276197
leaf_weight=707 31 891 31 414 20 36 140 280 88 33 11629 136 94 565 62 120 33 2215 812 115 73 891 20 28 46 47 350 36 88 35 383 2892 3663 27 1867 83 1583 955 130 37 476 2993 134 348 79 88 39 355 38 95 269 84 93 94 55 25 28 39 21 22 23 29
leaf_count=707 31 891 31 414 20 36 140 280 88 33 11629 136 94 565 62 120 33 2215 812 115 73 891 20 28 46 47 350 36 88 35 383 2892 3663 27 1867 83 1583 955 130 37 476 2993 134 348 79 88 39 355 38 95 269 84 93 94 55 25 28 39 21 22 23 29
internal_value=0.000153909 0.000188196 0.00117671 -0.000137644 -0.00106593 0.000193145 0.000680456 0.000749577 0.00211275 0.00259892 0.000601284 0.000346675 -0.00214149 0.00207201 -0.000246609 -0.00335463 0.00280412 0.0037594 0.00147873 0.000380609 -0.000127551 0.00010642 0.000552223 -0.00054635 -0.00391949 -0.00218569 -0.00258729 -0.00794118 -0.000566612 -0.002169 -0.00130375 -0.000270731 -0.000131519 -0.0097561 -0.000255484 0.000796586 0.00143747 -0.000689819 -0.00675105 -0.00810547 0.000989057 -0.00226833 -0.00313525 -0.00419192 -0.005 -0.00922619 0.00395387 0.00419177 -0.00833333 -0.00490591 0.00153551 -0.00110063 0.00273333 0.000815217 0 0.00466667 -0.00768229 -0.0129076 -0.00776699 0.000555556 -0.00707547 -0.0101103
internal_weight=37113 36993 9207 27786 7338 20448 12497 12404 4874 4066 11909 3160 4178 1091 808 300 3951 2248 1703 611 487 4333 3654 2069 115 679 3567 82 7951 1213 1090 6738 6555 120 2003 3512 2474 1038 224 125 591 3343 607 482 142 123 604 495 66 183 508 146 362 125 175 72 93 89 100 42 50 65
internal_count=37113 36993 9207 27786 7338 20448 12497 12404 4874 4066 11909 3160 4178 1091 808 300 3951 2248 1703 611 487 4333 3654 2069 115 679 3567 82 7951 1213 1090 6738 6555 120 2003 3512 2474 1038 224 125 591 3343 607 482 142 123 604 495 66 183 508 146 362 125 175 72 93 89 100 42 50 65
cat_boundaries=0 2 4 6 7 8 9 10 11 12 14 15 16 18 20 21 23 25 26 27 29 30
cat_threshold=742979352 1239766 1258655812 1205967 140685964 1145262 1 263 768 2307 3121 1 2418163968 524288 3110 220 327680 139276 2157969573 331777 1952 1572864 294960 2359299 4096 1066 1 67108864 17024 1
is_linear=0
shrinkage=0.05


Tree=64
num_leaves=63
num_cat=15
split_feature=21 6 7 1 1 11 2 1 1 2 16 7 1 5 7 6 1 1 22 21 7 19 1 10 22 18 2 21 6 1 22 21 16 7 5 2 21 15 16 15 2 11 5 21 2 18 6 10 7 5 7 22 10 19 11 17 5 5 17 19 5 17
split_gain=7.11664 4.59525 3.89558 3.39673 3.32011 3.01698 3.0129 2.97464 2.85987 2.67622 2.43878 2.67373 2.3142 3.04106 2.22287 2.10683 1.80746 1.74856 1.71042 1.52213 1.45768 1.44395 2.30196 1.40014 1.38342 1.38002 1.32855 1.25897 1.25808 1.73832 1.28443 1.2547 1.25114 1.15233 1.5095 1.1504 1.142 1.13982 1.05607 1.02439 1.01922 1.04327 1.12437 0.998178 0.997937 1.14703 0.935466 1.24811 1.64033 1.13552 0.803196 0.84275 1.4516 1.43499 0.793158 0.743293 0.737444 0.602781 0.539254 0.530083 0.449894 0.392803
threshold=181.12500000000003 13071.820000000002 986.95000000000005 0 1 4737.045000000001 2 3 4 5 -1.0000000180025095e-35 -1.0000000180025095e-35 6 348.50000000000006 -1.0000000180025095e-35 2501.0100000000007 7 8 15.086869197430095 36.242647058823536 756.61500000000012 1352.4550000000002 9 567.71000000000026 22.676030965145575 1.5787447189254618 10 1.0000000180025095e-35 3056.7900000000004 11 41.414283214467865 60.026315789473692 1.2438299025135053 702.73000000000013 40.500000000000007 12 309.75000000000006 1.5000000000000002 1.8511752942595969 4.5000000000000009 13 1750.6550000000004 87.500000000000014 191.10000000000002 14 1.4292675758993372 3372.3600000000001 672.69500000000016 173.06000000000003 95.500000000000014 321.39500000000004 55.864312582319108 917.05000000000007 292.12500000000006 342.00500000000005 2.2612491735778795 15.500000000000002 12.500000000000002 2.0191536243324046 2108.3350000000005 72.500000000000014 1.0434785760653262
decision_type=2 2 2 9 9 2 1 9 9 1 2 2 9 2 2 2 9 9 2 2 2 2 9 2 2 2 1 2 2 9 2 2 2 2 2 1 2 2 2 2 1 2 2 2 1 2 2 2 2 2 2 2 2 2 2 2 2 2 2 2 2 2
left_child=1 2 5 28 40 10 8 18 37 17 11 23 13 -12 -11 -14 36 46 26 20 -3 27 -23 -1 25 -9 -7 -8 44 30 -30 -20 -10 34 -18 -26 56 -5 55 -31 41 -2 -43 -35 57 -46 47 48 -6 59 -42 53 -53 58 -38 -19 -16 -4 -52 -48 -49 -40
right_child=4 19 3 6 9 7 21 24 32 14 12 -13 15 -15 16 -17 33 38 31 -21 -22 22 -24 -25 35 -27 -28 -29 29 39 -32 -33 -34 43 -36 -37 54 -39 61 -41 50 42 -44 -45 45 -47 49 60 -50 -51 51 52 -54 -55 -56 -57 -58 -59 -60 -61 -62 -63
leaf_value=-0.37097042125172053 1.1551967134868322 -0.23167154085140243 -0.53564036190142061 0.51332355379611772 3.1059105359208021 -0.14597978816267401 1.0907700304992043 -0.12217605505618617 -0.28592628943134407 -0.661578371247315 0.064344042697201329 0.35559215620159251 -0.0045213719715656358 -0.35145846705585432 0.78579367874466721 -0.080464946092479298 -0.82034459661010006 1.4719798531336652 -0.30569774471308703 -0.061569411703531786 -0.30330456896384217 -0.60845966769119719 0.25696622492369059 -0.84620513017717514 0.010488567396268423 0.046979112569466658 0.079821668281273447 0.18569478212486754 -0.16199691793954438 -0.64040747979595813 0.42722838005862673 -0.034979121019978091 0.37716438017428811 -0.056689976771138011 0.73805409789683951 -0.23119807183450458 -1.6367493013318801 -0.16279142612705516 0.62056672333851803 -0.16786712300564466 0.1593436822235216 -0.81757239768421164 1.6508385424170671 1.1732827183857821 0.23978898117527639 -0.25603167850548519 -1.1970905538060852 0.062584035294786844 -0.33616812132412122 1.3174175976320628 -0.24579401461830486 0.075109041937917453 -2.4801254113678812 -0.60940086761471202 0.92527992818373583 -0.41015444103314852 -0.059976953458871309 0.39219593563187516 1.8580779109920806 -0.1338497497462072 1.3559080978722697 1.6259548676215774
leaf_weight=55 89 47 30 289 108 102 718 246 21 39 4553 60 14245 127 90 4701 102 89 506 34 39 116 301 53 122 680 121 2084 295 133 92 108 638 55 436 244 23 1182 26 82 47 29 25 389 174 185 31 36 225 67 27 30 52 73 275 32 1097 321 27 29 306 555
leaf_count=55 89 47 30 289 108 102 718 246 21 39 4553 60 14245 127 90 4701 102 89 506 34 39 116 301 53 122 680 121 2084 295 133 92 108 638 55 436 244 23 1182 26 82 47 29 25 389 174 185 31 36 225 67 27 30 52 73 275 32 1097 321 27 29 306 555
internal_value=0.000145827 -0.000107011 -6.90459e-05 0.00100728 0.00203139 -0.000347624 0.00156891 -0.00215174 8.16612e-05 0.00246706 -0.000183847 -0.00614035 -0.000138601 0.000852333 0.00141921 -0.00038636 0.00163462 0.00415293 -0.00445588 -0.0097561 -0.0132022 0.00253326 -8.92857e-05 -0.0108108 -0.000574713 0.00040366 -0.000497788 0.00295009 -0.00124528 -0.00293388 -0.00065625 -0.0058752 0.00280878 0.00329146 0.00161738 -0.00318428 0.000475634 -0.00112028 0.00604895 -0.00641447 -0.00221481 0.00088141 -0.00394737 0.00525727 0.000105189 -0.00164651 0.00236196 0.00315265 0.00078125 -0.00125 -0.00408922 -0.00560142 -0.00970588 -0.00240385 0.0032392 0.00131048 -0.000178571 0.0020261 0.00307018 -0.00634921 0.00528986 0.00704195
internal_weight=37113 32704 32584 6661 4409 25923 5349 2129 2130 4010 23794 168 23626 4680 2506 18946 2467 1504 837 120 86 3219 417 108 1292 926 223 2802 1312 602 387 614 659 982 538 366 1485 1471 702 215 399 143 54 444 710 359 802 675 333 127 256 209 82 127 298 121 1187 351 54 60 342 581
internal_count=37113 32704 32584 6661 4409 25923 5349 2129 2130 4010 23794 168 23626 4680 2506 18946 2467 1504 837 120 86 3219 417 108 1292 926 223 2802 1312 602 387 614 659 982 538 366 1485 1471 702 215 399 143 54 444 710 359 802 675 333 127 256 209 82 127 298 121 1187 351 54 60 342 581
cat_boundaries=0 2 4 5 7 9 10 12 14 16 18 19 21 22 23 24
cat_threshold=3229818982 591136 271712832 1056771 2145 36176021 360450 575411328 1331841 480 394592323 1549386 642532742 263328 2726596651 5648 145 528 428 2147483652 65568 3120 432 3087
is_linear=0
shrinkage=0.05


Tree=65
num_leaves=63
num_cat=14
split_feature=20 4 7 1 11 1 6 1 19 17 0 23 9 1 23 17 19 20 21 1 9 19 1 17 19 1 23 6 1 1 7 7 17 6 13 21 1 19 1 16 23 9 7 9 23 7 6 7 20 11 17 7 9 20 20 7 23 6 11 23 1 19
split_gain=6.62351 4.04078 4.07143 3.40518 3.22343 3.02315 2.76409 2.67561 3.56256 2.60658 2.60423 2.94445 2.49171 2.71977 2.31158 2.26421 2.23541 2.12714 1.80773 1.75893 1.75114 1.65967 1.64761 1.64137 1.61546 1.64126 1.51357 1.47569 1.4415 1.43324 1.29834 1.26257 1.76429 1.65856 1.53952 1.70537 1.24978 1.24874 1.23634 1.18171 1.12814 1.10971 1.09701 1.04906 1.01147 1.01339 0.984914 1.18279 0.901102 0.898638 0.854322 0.815242 2.25598 1.61796 0.951454 0.702068 0.981739 0.695887 0.685348 0.861322 0.682984 0.678181
threshold=302.50000000000006 0 992.0350000000002 1 4737.045000000001 2 13071.820000000002 3 1977.0000000000002 0.87814269290485947 4 3.5000000000000004 832.70500000000015 5 7.5000000000000009 1.3056376964384035 3699.4950000000003 243.50000000000003 224.12500000000003 6 2593.1150000000002 1458.8300000000002 7 0.74915590021197931 1120.8550000000002 8 22.500000000000004 2012.74 9 10 1290.0650000000003 352.15000000000003 1.9673430017677587 2012.74 1.5000000000000002 62.677083333333336 11 4089.6550000000011 12 1.7143053914371891 2.5000000000000004 1450.8800000000003 443.31000000000006 661.36000000000013 3.5000000000000004 130.94000000000003 2501.0100000000007 1373.2600000000002 335.50000000000006 1303.5750000000003 2.0296775808124896 1151.6100000000004 1277.3550000000005 121.50000000000001 124.50000000000001 1186.9050000000004 2.5000000000000004 3372.3600000000001 2035.3850000000004 2.5000000000000004 13 1215.5650000000001
decision_type=2 9 2 9 2 9 2 9 2 2 1 2 2 9 2 2 2 2 2 9 2 2 9 2 2 9 2 2 9 9 2 2 2 2 2 2 9 2 9 2 2 2 2 2 2 2 2 2 2 2 2 2 2 2 2 2 2 2 2 2 9 2
left_child=1 5 4 51 7 31 14 37 20 46 15 17 13 50 27 28 18 22 -11 21 -9 -17 -12 -16 60 -26 36 -6 30 48 -7 32 57 41 35 -35 -13 39 -10 -3 -39 49 -30 -21 45 -27 -5 -48 -14 -33 61 58 53 -53 -54 56 -31 -1 -4 -60 -15 -2
right_child=12 2 3 9 6 10 -8 8 38 16 11 26 29 24 23 19 -18 -19 -20 43 -22 -23 -24 -25 25 44 -28 -29 42 55 -32 33 -34 34 -36 -37 -38 40 -40 -41 -42 -43 -44 -45 -46 -47 47 -49 -50 -51 -52 52 54 -55 -56 -57 -58 -59 59 -61 -62 -63
leaf_value=-0.8121920776703645 -0.62945221810031426 0.093011954339870404 -0.44399146407796197 0.071022277295946346 0.056533967930814069 -0.17228569165201418 -0.20019416154914774 -0.00038223841213920197 -0.048522294809607305 0.20990328322454774 -0.79984331798027952 0.40385812836901824 -0.85465084074404918 0.26051118863142675 -0.25452255844903127 0.36204721453012323 -0.39866561525581656 -2.2371795021320744 1.4913672522962007 0.17435193512142055 -0.69128929477689982 -0.042904707944023818 -0.090621701070229224 -0.0009290412161715001 2.1485652073552703 2.158264876214377 -0.32274125248547064 -0.35587118762757153 -0.061929571525779895 1.4758778494553966 0.42560920142058561 -0.21820540461174912 -0.009667730531130304 -0.49776593551255416 0.13922509324995086 -0.15602927815835166 -0.081405120850630217 -0.4017544735644184 -0.26877327392903821 0.036746065835824474 0.091793810926705716 -0.25839895666176899 0.21974922520478057 -0.11195140038434347 -0.99313356992313617 -0.12166214994704916 -0.5820894596804197 0.59340411563690421 1.568732960859029 0.65866904905240009 -0.71733173636782122 -0.064714988771969226 -0.069365187849191656 -0.88138557236662862 0.51503725601547845 2.8945198791636098 -0.54123068432180244 -0.15422678516149341 0.57345140962449681 0.024658981841493954 2.1339963108631337 3.5021726448738892
leaf_weight=116 43 2524 149 51 54 595 53 12845 465 3783 249 152 58 130 226 633 65 35 278 446 38 243 240 1232 106 79 51 282 283 218 31 54 73 220 59 287 520 88 864 4380 72 27 176 1037 32 463 56 20 187 102 168 125 601 165 304 332 40 53 121 261 426 47
leaf_count=116 43 2524 149 51 54 595 53 12845 465 3783 249 152 58 130 226 633 65 35 278 446 38 243 240 1232 106 79 51 282 283 218 31 54 73 220 59 287 520 88 864 4380 72 27 176 1037 32 463 56 20 187 102 168 125 601 165 304 332 40 53 121 261 426 47
internal_value=0.000148521 -2.29971e-05 0.000213807 0.00137705 -8.48612e-05 -0.00124232 -0.00208784 8.69402e-05 -0.0003058 0.00213608 -0.000693559 -0.00265 0.00272834 0.00145291 -0.00171119 0 0.0023674 -0.00550285 0.00252522 0.000883785 -4.75322e-05 0.00264342 -0.00444614 -0.000804244 0.00244195 0.000732064 -0.000499311 -0.00545723 -0.0018727 0.00493735 -0.00340376 -0.00374751 -0.00704082 -0.00264295 -0.00399824 -0.00492647 7.40741e-05 0.000883143 -0.00276839 0.000991748 -0.00337423 0.00127688 0.000185381 -0.000142045 -0.000298126 0.000137615 -0.00471154 -0.00822785 0.00121124 0.00314465 -0.00304428 -0.000474411 -0.00122078 -0.00503413 0 0.00626036 0.0039272 -0.00981105 0.00110019 0.00227273 0.00447227 0.000268817
internal_weight=37113 34784 29102 5979 23123 5682 1847 21276 14212 4253 4691 1247 2329 1494 1794 3444 4126 524 4061 2359 12883 876 489 1458 1236 680 723 336 1085 835 626 991 242 749 566 507 672 7064 1329 6904 160 183 459 1483 574 542 127 76 245 156 258 1726 1195 290 905 590 258 169 531 382 556 90
internal_count=37113 34784 29102 5979 23123 5682 1847 21276 14212 4253 4691 1247 2329 1494 1794 3444 4126 524 4061 2359 12883 876 489 1458 1236 680 723 336 1085 835 626 991 242 749 566 507 672 7064 1329 6904 160 183 459 1483 574 542 127 76 245 156 258 1726 1195 290 905 590 258 169 531 382 556 90
cat_boundaries=0 1 3 5 7 8 10 12 14 16 18 20 22 24 26
cat_threshold=1 3555655750 591136 2166571588 1934336 394626369 1541825 1 288527392 4257 612897026 6 570429576 4096 33554434 360464 546047129 18 2156412928 361121 33176 16384 4244 8230 524416 16896
is_linear=0
shrinkage=0.05


Tree=66
num_leaves=63
num_cat=24
split_feature=21 4 2 1 1 1 1 18 15 2 1 2 15 17 2 1 5 8 8 22 8 10 1 10 1 1 1 1 2 21 8 8 2 18 16 15 5 0 21 10 1 22 18 16 18 8 1 18 16 10 8 2 10 8 2 22 8 17 16 21 1 5
split_gain=5.46509 4.02951 3.9547 4.49597 3.21856 2.97211 2.74947 2.66245 2.53077 2.52793 3.11802 2.42278 2.27199 2.11915 2.05347 2.00574 1.98881 2.54598 1.81775 1.61943 1.60632 1.75746 1.60386 1.57532 2.15049 1.88423 1.50031 1.4843 1.47016 1.45238 1.43389 1.93867 1.42082 1.20355 1.18745 1.8096 1.17805 1.14808 2.73198 1.13097 1.09626 1.23786 1.06453 2.12055 1.17065 1.55137 1.18228 1.08485 1.04593 1.02613 1.01706 0.953915 0.909289 1.62218 0.888898 0.970001 0.999255 0.882851 0.858517 0.858393 0.831758 0.81986
threshold=181.12500000000003 0 1 2 3 4 5 0.11612129556012962 1.5000000000000002 6 7 8 21.500000000000004 1.2402422752990117 9 10 15.500000000000002 690.69500000000005 686.88000000000011 86.999900398968549 1290.2750000000003 3519.8000000000006 11 951.37 12 13 14 15 16 88.050000000000011 926.38000000000022 798.10000000000014 17 0.24793308503364644 1.7993797455232075 3.5000000000000004 9.5000000000000018 18 59.029411764705891 887.6450000000001 19 24.634924132340078 0.55138079756040759 2.9999999999999996 0.43700477120502995 536.02500000000009 20 0.58787521451821101 1.1250062961141001 4033.0100000000007 1064.5100000000002 21 1014.5250000000002 737.3950000000001 22 54.423887347607952 755.94000000000017 1.3056376964384035 1.8511752942595969 191.10000000000002 23 251.50000000000003
decision_type=2 9 1 9 9 9 9 2 2 1 9 1 2 2 1 9 2 2 2 2 2 2 9 2 9 9 9 9 1 2 2 2 1 2 2 2 2 1 2 2 9 2 2 2 2 2 9 2 2 2 2 1 2 2 1 2 2 2 2 2 9 2
left_child=1 2 3 33 54 23 11 -8 16 10 -10 20 -11 52 27 36 17 -9 60 -18 40 -22 42 25 28 32 30 -6 -25 -27 31 -13 -4 -1 39 -36 57 51 -39 -35 41 -3 44 -44 46 -46 -16 -45 -26 -42 61 -28 -7 -54 -2 -56 -57 -5 -29 -52 -15 -24
right_child=4 6 5 15 14 13 7 8 9 12 -12 26 -14 18 22 -17 19 -19 -20 -21 21 -23 50 24 48 29 37 58 -30 -31 -32 -33 -34 34 35 -37 -38 38 -40 -41 49 -43 43 47 45 -47 -48 -49 -50 -51 59 -53 53 -55 55 56 -58 -59 -60 -61 -62 -63
leaf_value=-0.59594554630057672 0.487852330229811 0.15717341965087905 -0.16064175390929974 -0.18417009183508892 0.6161162618982895 -0.2460184352882803 -0.42420619150587796 -1.3325693454859506 0.52750549332941965 -0.02505320697346507 -0.029372959775581277 0.12407020730215308 -0.23565260642510222 0.49368593937414718 0.8710645467651652 -0.52589664833626759 0.73422492522157301 0.21298830988834699 0.49881157488970057 -1.1644629252277512 1.4566721299867584 0.047771558728249633 0.018847620958172231 -0.069676612176262157 -0.13016601872884942 0.038812865073123252 0.10927736496830215 0.39071203732750315 -0.46074464936887127 -0.80130559300804727 0.41769080912946133 -0.3686642110040157 0.34230941375008367 0.171472846278239 0.056955050014618008 0.29810621373064988 -0.18010167838733582 -0.2782438998454449 0.13209982752466837 -0.2001298301696168 0.16156095955220826 -0.29221100947307665 1.6276290348237652 1.7198258746305193 -1.5444454116866773 -0.1220548191591206 -0.40543234907235093 -0.033463216596086108 -0.020281686846472892 -0.56200240182026151 -0.078205627275628478 -0.0072883686913442604 0.092178311773098903 -0.46842991819255747 -0.066650057649226227 -0.077496119423507814 -2.0697612025983445 -1.7177332144776913 1.3913118039577996 1.4952798257788693 -0.036411736218231419 0.7128117519699444
leaf_weight=51 103 302 108 35 795 227 306 55 553 15608 672 559 50 109 113 387 2027 75 540 52 148 89 409 107 113 171 1245 118 281 97 360 68 162 52 216 122 868 733 665 195 1455 215 65 62 73 121 246 614 606 22 38 2083 222 104 172 65 57 71 591 254 518 513
leaf_count=51 103 302 108 35 795 227 306 55 553 15608 672 559 50 109 113 387 2027 75 540 52 148 89 409 107 113 171 1245 118 281 97 360 68 162 52 216 122 868 733 665 195 1455 215 65 62 73 121 246 614 606 22 38 2083 222 104 172 65 57 71 591 254 518 513
internal_value=0.000129661 -9.17235e-05 -0.00134419 -0.00310323 0.00178207 -0.000277531 0.000152623 -0.000166143 -8.90285e-05 -0.000299805 0.00186793 0.000936283 -0.000473805 0.00115407 0.00221118 -0.00472162 0.00149751 -0.00432331 0.00238248 0.00189121 0.002334 0.00630208 0.00128917 -0.00180187 -0.00289414 0.000323475 0.000377663 0.0036915 -0.00586035 -0.0024911 0.0021375 0.000615079 0.00326855 0.000308166 0.00104167 0.00300587 -0.00331814 0 -0.00119557 -0.00145 0.00184026 -7.07547e-05 1.91278e-05 0.00129368 -0.00159622 -0.00469543 0 0.000368189 -0.00110997 0.00252517 0.00258761 0.000510357 -0.00132644 0.000227964 -0.00240854 -0.00382736 -0.0074 -0.00848624 0.00541898 0.00525424 0.000456349 0.0017027
internal_weight=37113 32704 5362 1997 4409 3365 27342 19398 19092 16883 1225 7944 15658 1720 4012 1361 2209 130 1167 2079 2231 237 2508 1645 1107 538 5713 1504 388 268 987 627 270 636 585 338 974 4726 1398 247 1994 517 1294 741 553 194 359 676 719 1477 1214 3328 553 326 397 294 122 106 709 292 627 922
internal_count=37113 32704 5362 1997 4409 3365 27342 19398 19092 16883 1225 7944 15658 1720 4012 1361 2209 130 1167 2079 2231 237 2508 1645 1107 538 5713 1504 388 268 987 627 270 636 585 338 974 4726 1398 247 1994 517 1294 741 553 194 359 676 719 1477 1214 3328 553 326 397 294 122 106 709 292 627 922
cat_boundaries=0 1 2 4 6 8 10 11 13 14 15 17 19 21 23 25 27 28 29 30 32 34 35 36 38
cat_threshold=1 2369 279761234 4626 271712832 8199 2419017685 333313 523617090 1483339 512 545914884 66608 1158 480 2685534336 279685 659309844 1310888 2147615312 70144 2148007953 5632 335545088 172096 2726301707 22032 1034 656 1 201327424 303104 33554436 262272 2305 416 33554464 49158
is_linear=0
shrinkage=0.05


Tree=67
num_leaves=63
num_cat=20
split_feature=20 21 2 20 2 1 1 1 18 4 1 5 8 5 1 1 1 8 5 8 1 1 18 1 1 19 18 1 10 22 2 4 17 21 13 1 19 1 17 17 8 13 19 5 5 18 8 2 8 11 8 20 19 18 8 21 8 19 17 8 22 5
split_gain=6.41198 3.28664 4.15442 3.4391 2.91569 3.66885 2.98157 2.64578 2.48498 2.4767 2.17927 2.0888 2.08444 2.25673 2.07232 2.05665 2.02953 1.8713 1.85279 1.84257 1.77852 1.72671 1.7136 2.0485 1.68949 1.64638 1.91898 1.61821 1.57369 1.53651 1.48497 2.33021 2.14314 1.46271 1.30653 1.27326 1.25861 1.25354 1.1717 1.14987 1.14098 1.19551 1.12557 1.05324 1.01408 0.936691 0.977762 0.922319 1.51993 0.992304 0.89491 0.843943 1.19378 1.43216 1.25546 0.839436 0.820704 0.790888 0.768198 1.36499 1.32001 0.799236
threshold=302.50000000000006 119.05555555555557 0 13.500000000000002 1 2 3 4 0.37473138890562252 5 6 52.500000000000007 111.66000000000001 353.50000000000006 7 8 9 837.36000000000013 195.50000000000003 299.99500000000006 10 11 1.4018649933634906 12 13 1830.1700000000003 0.50287203375913492 14 2400.3700000000003 54.423887347607952 15 16 0.7308617252099967 195.41666666666671 1.5000000000000002 17 4313.3250000000007 18 2.2265362457016349 1.9211189828285065 1695.5700000000004 1.5000000000000002 1014.4350000000002 28.500000000000004 357.50000000000006 1.7120338383293154 1212.7400000000002 19 832.73500000000013 1889.6700000000003 688.91500000000008 2.5000000000000004 144.86499999999992 0.83267113627203826 872.6350000000001 61.519230769230781 1138.7650000000001 1878.4700000000005 2.0296257185303714 278.72500000000008 24.769518978822102 80.500000000000014
decision_type=2 2 1 2 1 9 9 9 2 9 9 2 2 2 9 9 9 2 2 2 9 9 2 9 9 2 2 9 2 2 1 9 2 2 2 9 2 9 2 2 2 2 2 2 2 2 2 1 2 2 2 2 2 2 2 2 2 2 2 2 2 2
left_child=1 4 10 40 5 51 30 22 27 25 19 14 18 24 -11 47 -13 21 -7 -3 -19 -9 23 -5 -14 28 -27 -2 -8 56 31 32 -6 38 45 -33 37 -32 -31 -24 41 -4 -43 -29 -15 57 -47 49 55 -10 -38 -1 54 -54 -53 -49 -17 -12 61 -60 -61 -45
right_child=8 2 3 7 6 12 9 17 15 11 34 16 13 44 -16 29 -18 20 -20 -21 -22 -23 39 -25 -26 26 -28 43 -30 33 36 35 -34 -35 -36 -37 50 -39 -40 -41 -42 42 -44 58 -46 46 -48 48 -50 -51 -52 52 53 -55 -56 -57 -58 -59 59 60 -62 -63
leaf_value=0.73683422239727348 2.1078553434776626 -1.130164604866255 -1.1645061590940529 -0.69937141355083243 -0.17915243989347973 -1.0248421357510753 0.012807766299866153 -0.024977971086258322 2.1818795180929396 0.08760235971871029 0.93775920792278811 -0.32718605542468221 0.039275732185834224 -0.20149209409377455 -0.33221331394193671 1.8908492856345291 -0.074070326759242897 0.068127183458425125 -0.059125535982642141 0.081112746952731213 0.6895870346775882 0.34738113955492622 0.11194774523766356 -0.034647958723028262 0.22596421366747121 -0.090784857825330481 -0.22305183274229706 -0.83155849637466805 -0.074843953469429625 -1.2756870966129541 -0.073204566750756331 -0.12262985552750615 0.21246587966329417 2.3305341926454886 -0.19043224937819428 0.066055245927707062 -0.33242557382032073 0.034300926108701106 1.7082020028840696 1.8710567387218717 -0.42354225115663946 -0.15020646768151813 1.1929715271233012 2.4594675489734601 0.063681976838257978 -1.3215369787621443 2.2760880588089898 0.019978337012351233 0.94470704219371315 -1.209051380187421 0.24678245999803006 -0.11624659087163353 -0.19961621304016913 -0.49219820445365708 0.31794543746964199 -2.5423886969333647 3.6861729686802214 0.41511823202387821 -0.74551217270797709 0.67078044766349343 -1.0022969542005213 0.031404324085167093
leaf_weight=32 232 46 96 232 121 29 5757 1729 188 236 892 288 1483 248 850 460 3735 409 95 164 642 933 314 2544 1756 882 196 56 1764 46 2856 881 1291 73 44 1071 60 1900 39 132 45 111 64 58 135 29 23 34 136 69 24 179 258 30 105 43 242 73 77 385 105 86
leaf_count=32 232 46 96 232 121 29 5757 1729 188 236 892 288 1483 248 850 460 3735 409 95 164 642 933 314 2544 1756 882 196 56 1764 46 2856 881 1291 73 44 1071 60 1900 39 132 45 111 64 58 135 29 23 34 136 69 24 179 258 30 105 43 242 73 77 385 105 86
internal_value=0.000147174 -2.15598e-05 0.000829912 0.000356209 -0.000299829 0.00087669 -0.000535918 0.000596353 0.00268546 -0.000987537 0.003456 -0.00186207 0.00146981 0.00170345 -0.00383379 0.00410728 -0.00131955 0.00150631 -0.00472441 -0.00100897 0.00330882 0.000778612 -0.000440495 -0.000917596 0.00213988 -0.000460114 -0.00228955 0.000736028 -0.000191055 0.00555556 0.000212973 0.00102162 0.0025614 0.000776398 0.0043878 -7.63359e-05 -0.000339996 -0.000220635 -0.00326705 0.00239421 -0.00470219 -0.00314781 -0.000351124 -0.000336538 -0.00184585 0.00481618 -0.000909091 0.00119048 -0.00105088 0.00319444 -0.00632184 -0.00267423 -0.00321739 -0.00549828 -0.000696864 -0.00671875 0.00663121 0.0051782 0.000122549 -0.000635965 0.00025355 0.00340136
internal_weight=37113 34784 8522 7251 26262 4350 21912 6935 2329 13708 1271 5109 3746 3622 1086 1330 4023 3713 124 210 1051 2662 3222 2776 3239 8599 1078 999 7521 860 8204 3364 1412 158 1061 1952 4840 4756 85 446 316 271 175 767 383 1017 52 470 213 257 84 604 572 288 284 77 702 965 711 567 490 144
internal_count=37113 34784 8522 7251 26262 4350 21912 6935 2329 13708 1271 5109 3746 3622 1086 1330 4023 3713 124 210 1051 2662 3222 2776 3239 8599 1078 999 7521 860 8204 3364 1412 158 1061 1952 4840 4756 85 446 316 271 175 767 383 1017 52 470 213 257 84 604 572 288 284 77 702 965 711 567 490 144
cat_boundaries=0 1 2 4 6 8 9 11 13 15 17 19 21 23 25 27 28 29 31 33 34
cat_threshold=384 1544 287506689 561412 2670845968 1503939 2457748116 1927230 28 2149584899 21504 9307203 1024 2192138273 332449 1568 65792 8492033 5249 553656328 131776 2228736 1583104 2249510980 281219 2181562439 32784 135 50 2215649280 315395 2182201344 57923 2276
is_linear=0
shrinkage=0.05


Tree=68
num_leaves=63
num_cat=13
split_feature=20 6 7 10 7 13 1 20 1 1 23 18 1 6 5 1 1 9 5 7 23 7 1 16 20 10 20 1 0 9 7 0 6 1 16 18 10 16 10 1 20 5 18 17 5 16 7 20 7 19 20 10 18 7 1 20 22 5 7 19 18 5
split_gain=5.35178 3.5445 2.75609 3.02902 2.74253 4.99348 2.74025 2.31439 2.28802 2.28002 2.21535 2.20044 2.1968 2.61118 1.64067 1.66955 1.66558 1.52697 1.48857 2.27189 1.3546 1.67467 1.45758 1.27564 1.27562 1.26054 1.15632 1.0995 1.53423 1.09466 1.27148 1.08448 1.48842 1.04636 1.99304 1.46094 1.22226 1.47074 1.19604 1.03097 1.23023 0.986507 0.9595 1.40481 1.03247 0.939481 0.896094 0.88934 0.859695 0.85186 0.769811 0.74865 0.748603 0.715401 0.975384 0.689004 0.581822 0.549749 0.458323 0.45167 1.21633 0.640122
threshold=266.50000000000006 13071.820000000002 726.9100000000002 2253.4550000000004 -1.0000000180025095e-35 1.5000000000000002 0 10.500000000000002 1 2 15.500000000000002 0.37473138890562252 3 3056.7900000000004 98.500000000000014 4 5 1373.4550000000002 25.500000000000004 550.99500000000012 7.5000000000000009 576.38000000000011 6 1.8357657501539195 7.5000000000000009 3519.8000000000006 61.500000000000007 7 8 1653.4050000000002 681.22000000000014 9 1376.8900000000001 10 1.4068325669017965 1.8782346158671237 2868.4750000000004 2.0000467368159751 5705.6100000000015 11 299.50000000000006 349.50000000000006 0.55921466463736513 1.5322128557806927 257.50000000000006 1.41235590445395 855.18000000000018 45.500000000000007 793.08500000000015 2487.1800000000007 359.50000000000006 2938.6500000000005 0.78790974592673413 580.38000000000011 12 335.50000000000006 42.08585109771947 115.50000000000001 567.71500000000015 2736.0750000000003 0.15459317589004148 62.500000000000007
decision_type=2 2 2 2 2 2 9 2 9 9 2 2 9 2 2 9 9 2 2 2 2 2 9 2 2 2 2 9 1 2 2 1 2 9 2 2 2 2 2 9 2 2 2 2 2 2 2 2 2 2 2 2 2 2 9 2 2 2 2 2 2 2
left_child=1 2 3 4 5 7 14 -1 10 18 24 27 26 -14 15 47 51 -12 19 -2 21 -10 -22 -7 -5 -18 -6 28 49 -3 -31 39 56 36 -35 -36 37 -8 -38 40 58 -41 46 -44 55 -17 53 -4 -46 -11 57 -16 -32 54 -20 -45 -33 -34 -13 61 -61 -29
right_child=9 29 6 8 12 23 33 -9 20 11 17 31 13 -15 16 45 25 -19 42 -21 22 -23 -24 -25 -26 -27 -28 59 -30 30 52 32 50 34 35 -37 38 -39 -40 41 -42 -43 43 44 48 -47 -48 -49 -50 -51 -52 -53 -54 -55 -56 -57 -58 -59 -60 60 -62 -63
leaf_value=0.0084720437250380698 -2.6857745034936791 0.0076663328914813537 -0.00406866689727714 0.13124999229676323 -0.0030177518060823696 -0.7060472317727341 0.39160037658975355 -0.52922944830270569 -0.17745393790161162 2.3666450973164257 -0.4047038389566292 0.46050680762531582 0.0043166627936063852 -0.088120261055366023 0.5227708749971306 -0.28055153256586468 0.16499685561354502 0.085183752130440216 2.5584635290220543 -0.34654222903992588 -0.041404811826921954 0.016158691025945426 0.052110391348910892 1.036270862014202 -0.43634403554097539 -0.034578841800459163 0.15971939942176505 -0.38971995875475046 -0.9697727703918283 -0.16724923151332038 -0.25920738975696683 2.7281003655095031 -1.413697343414932 0.086054181093550328 -0.26183451704667465 0.038463570746712521 -0.12312038211500718 0.022133559660536054 0.088931077682868676 1.7977932046156484 1.9716226391748468 -3.400171250918961 -1.3205916520205554 -0.17773487362005583 1.4935158901304455 -0.019258146908355391 1.3765253075413342 0.47313267170166751 -1.1315801240178569 -0.34050715190605491 1.4550088016906899 0.038898996183074352 0.33379643186266206 -1.4166614167073277 -0.051531752391916541 3.1269528930586077 -0.02179741746356996 -0.15789833188086286 -0.71696093747649359 0.020623060310086316 -1.5030688604613507 0.3394959076167105
leaf_weight=59 24 31 143 30 1144 20 387 211 443 194 47 30 12972 3838 1115 101 2288 145 118 50 733 230 424 113 295 439 2026 117 59 41 23 207 27 106 888 272 772 2223 130 825 240 22 38 89 20 1574 86 256 60 43 29 330 25 71 209 69 73 43 84 37 27 348
leaf_count=59 24 31 143 30 1144 20 387 211 443 194 47 30 12972 3838 1115 101 2288 145 118 50 733 230 424 113 295 439 2026 117 59 41 23 207 27 106 888 272 772 2223 130 825 240 22 38 89 20 1574 86 256 60 43 29 330 25 71 209 69 73 43 84 37 27 348
internal_value=0.000121578 -6.27269e-05 -3.03641e-05 -0.000346413 -0.000147773 -0.00421798 0.000616668 -0.00815018 -0.00204787 0.00206277 -0.00497642 0.00283809 -6.25532e-05 -0.000292754 0.00130612 0.000132403 0.00188024 -0.000512821 -0.00014758 -0.00681818 -0.00115301 -0.00294009 -7.5431e-05 0.00340074 -0.00758384 0.00110858 0.00113886 0.000679348 0.00307443 -0.00853659 -0.0112772 0.0039482 0.00140707 -0.00027656 -0.00150508 -0.00214961 0.000156028 0.000717566 -0.00140884 0.00470307 0.00197548 0.00568314 0.000458716 -0.00179211 -0.000103734 -0.000540581 0.00184805 0.00300364 -0.00481928 0.00505208 -0.00355392 0.00326646 -0.00392157 0.000685786 0.0017803 0.00201863 0.00335689 -0.00650685 -0.00192308 -0.000622694 -0.00447761 0
internal_weight=37113 33874 33754 22730 20383 403 11024 270 2347 3239 517 2405 19980 16810 6246 2074 4172 192 834 74 1830 673 1157 133 325 2727 3170 825 296 120 89 1580 379 4778 1266 1160 3512 2610 902 1201 354 847 760 276 238 1675 484 399 80 237 99 1445 48 398 327 158 280 70 114 529 64 465
internal_count=37113 33874 33754 22730 20383 403 11024 270 2347 3239 517 2405 19980 16810 6246 2074 4172 192 834 74 1830 673 1157 133 325 2727 3170 825 296 120 89 1580 379 4778 1266 1160 3512 2610 902 1201 354 847 760 276 238 1675 484 399 80 237 99 1445 48 398 327 158 280 70 114 529 64 465
cat_boundaries=0 2 4 6 8 10 12 14 16 17 18 20 22 23
cat_threshold=2768827193 1747602 34082836 573824 2163901505 5249 1455523152 1237064 2164265240 524288 67658273 1190018 539000993 327680 33554562 360976 1 1 143917190 344097 302015012 360968 2159542272
is_linear=0
shrinkage=0.05


Tree=69
num_leaves=63
num_cat=19
split_feature=20 6 4 1 1 2 1 16 6 1 1 10 15 2 5 2 8 1 2 20 20 1 8 8 11 19 5 1 19 2 22 5 1 5 4 1 22 11 19 6 19 10 22 20 5 5 20 19 5 22 8 4 22 19 22 20 19 8 20 2 11 8
split_gain=5.1415 3.23211 2.70513 5.38483 2.90642 2.43094 3.47062 3.71002 3.28256 2.91387 2.86878 2.68967 2.66032 2.00027 1.99917 1.92326 1.82615 1.89704 2.03951 1.75325 1.69925 1.66042 1.58313 1.54302 3.01275 1.41159 1.39697 1.33907 1.31701 1.28391 1.27564 1.25649 1.25314 1.23262 1.20491 1.179 1.16661 1.08044 0.972084 0.946364 0.853978 0.849445 0.848797 0.723195 0.716529 0.69024 0.625472 0.651652 0.806971 0.602997 0.568035 0.532723 0.491441 0.487979 0.403367 0.388371 0.589867 0.263132 0.474233 0.233183 0.242018 0.213406
threshold=302.50000000000006 13071.820000000002 0 1 2 3 4 0.99997887114595474 2501.0100000000007 5 6 2868.4750000000004 12.500000000000002 7 313.50000000000006 8 832.73500000000013 9 10 56.500000000000007 25.500000000000004 11 265.33000000000004 989.1350000000001 4112.0600000000004 992.65500000000009 153.50000000000003 12 1120.8650000000002 13 32.437577404756148 315.50000000000006 14 48.500000000000007 15 16 81.286940183696515 3426.3450000000007 1215.5650000000001 5898.4900000000007 273.51999999999992 5375.1350000000011 45.270045034659979 335.50000000000006 249.50000000000003 301.50000000000006 458.50000000000006 1652.5200000000002 249.50000000000003 -1.0000000180025095e-35 881.82500000000016 17 21.79971373896748 299.34999999999985 15.44258861469946 428.50000000000006 1120.8550000000002 1212.7400000000002 405.50000000000006 18 2224.5850000000005 1361.0800000000002
decision_type=2 2 9 9 9 1 9 2 2 9 9 2 2 1 2 1 2 9 1 2 2 9 2 2 2 2 2 9 2 1 2 2 9 2 9 9 2 2 2 2 2 2 2 2 2 2 2 2 2 2 2 9 2 2 2 2 2 2 2 1 2 2
left_child=1 2 3 15 14 6 23 30 9 20 12 -9 -10 25 26 19 17 29 22 33 -7 -11 -19 24 -4 -6 -5 -21 -20 42 -8 -25 -15 -1 -12 43 39 -3 -30 -17 -24 54 55 44 -18 59 47 48 -31 -42 -38 -40 53 -45 -39 56 -2 -47 -59 60 -37 -55
right_child=16 37 5 4 13 8 7 11 10 21 34 -13 -14 32 -16 36 35 18 28 27 -22 -23 40 31 -26 -27 -28 -29 38 46 -32 -33 -34 -35 -36 45 50 41 51 -41 49 -43 -44 52 -46 57 -48 -49 -50 -51 -52 -53 -54 61 -56 -57 -58 58 -60 -61 -62 -63
leaf_value=0.062650366897875731 -1.3163978471389628 0.27815351129940097 0.18600883226646669 -0.56815968656740667 0.21983258422354268 -0.26595768391810815 -0.22250483709555191 0.043948857671038871 -0.25338926810850965 0.4691759749779803 -0.026058697913797158 -0.083496822734589318 0.13577598103049957 0.041057761259753738 -1.1154031228802106 0.30472859592654045 -2.4593629617032611 -1.7312513045692655 2.1755916323915918 0.40499019512965434 -0.028459911078429469 0.02066858557114486 -1.4404688859471553 0.404167600312627 -0.27960729249495869 -0.047957937221812741 0.2810227728175545 0.067922072061880098 -1.7066489793149822 -1.4082487194564193 -0.017241307185521037 -0.057732159001962692 -0.12622062715733673 -0.32250705222868209 -0.13751562812221585 2.009646331562712 -0.31302874299005623 -0.20698265954647807 1.5571439527052746 -0.094893652522753599 2.015617255270914 -0.22181741133174035 3.051297295216457 4.0824094153310417 2.4872228092385695 -1.5560989763415578 -1.3168771275385951 0.70748363524792668 0.13438783663500153 -0.05728740141287219 2.5088113777817878 0.016709204672339696 -0.46181181576690733 0.38993385811398085 -0.19290309010257056 -1.5725232952461015 4.3098428268392697 4.7083764866198443 -2.1083166343525179 2.4074931794782106 -0.15883425168235307 3.7187631613519523
leaf_weight=79 21 26 2064 53 939 937 415 5733 844 364 2564 742 42 1312 24 1615 36 48 344 130 4510 5974 36 781 178 468 56 318 28 38 157 142 1645 203 2194 68 93 29 261 47 168 41 23 39 28 31 37 25 26 215 41 151 53 88 24 40 33 32 23 368 33 36
leaf_count=79 21 26 2064 53 939 937 415 5733 844 364 2564 742 42 1312 24 1615 36 48 344 130 4510 5974 36 781 178 468 56 318 28 38 157 142 1645 203 2194 68 93 29 261 47 168 41 23 39 28 31 37 25 26 215 41 151 53 88 24 40 33 32 23 368 33 36
internal_value=0.000112148 -3.88076e-05 -8.65376e-06 0.000865193 -0.000163525 -0.000232787 0.000376528 -0.000235482 -0.000592679 -0.000113463 -0.00158491 9.841e-05 -0.00419911 5.71167e-05 -0.00710616 0.00270776 0.00238529 0.00128591 0.00208663 0.000437416 -0.000963828 0.00061014 -0.000442708 0.00175031 0.00101336 0.00161092 -0.00390625 0.00243902 0.00363864 -0.00258789 -0.00408696 0.00349622 -0.000669192 -0.00254386 -0.0010742 0.00428103 0.00359315 -0.00813008 0.001693 0.00397898 0.000444313 -0.010567 0.000865385 0.00119454 -0.00298507 0.0056118 -0.00593525 -0.003125 -0.00597015 0.00126295 -0.000547445 0.00240964 0.00273973 0.00414157 -0.0149554 -0.000773196 0.00131579 0.000842697 0.00323276 0.00648835 0.00230263 0.0019685
internal_weight=37113 34784 34664 7023 4497 27641 10212 7047 17429 11785 5644 6475 886 4364 133 2526 2329 1494 1251 730 5447 6338 467 3165 2242 1407 109 448 784 243 572 923 2957 282 4758 835 1796 120 440 1662 419 94 117 280 64 555 126 89 64 383 134 412 216 163 53 94 54 86 55 469 101 124
internal_count=37113 34784 34664 7023 4497 27641 10212 7047 17429 11785 5644 6475 886 4364 133 2526 2329 1494 1251 730 5447 6338 467 3165 2242 1407 109 448 784 243 572 923 2957 282 4758 835 1796 120 440 1662 419 94 117 280 64 555 126 89 64 383 134 412 216 163 53 94 54 86 55 469 101 124
cat_boundaries=0 1 3 5 6 8 10 12 13 14 16 17 19 21 22 24 25 27 28 29
cat_threshold=16 2243524193 1185301 402784256 524288 1924 390907665 1548490 21895084 1201404 2494977376 267520 680 1808 86152224 4257 665 1476395026 524288 17309696 4112 188 38043790 24576 44 2156412936 361121 22 2304
is_linear=0
shrinkage=0.05


Tree=70
num_leaves=63
num_cat=4
split_feature=21 6 8 8 10 2 11 12 2 10 9 18 6 10 11 2 9 8 10 6 8 11 11 22 9 11 11 22 11 18 22 9 21 10 17 17 8 11 11 22 2 6 17 8 9 11 15 11 18 18 18 17 10 8 22 17 22 18 10 21 21 11
split_gain=4.20148 2.59293 2.59099 2.31318 2.63592 2.14052 2.34738 2.10882 2.07343 1.80986 2.44747 1.73636 1.72945 1.72089 1.66294 1.60825 1.16673 1.09222 1.13634 1.09009 1.06382 0.894204 0.821958 0.747854 0.744663 1.37016 0.927078 1.67291 0.972919 0.748148 1.01656 0.728331 0.723909 0.659859 0.626935 0.832047 0.924029 0.79806 1.1449 0.624219 0.623673 2.11957 0.948967 0.613785 0.598007 0.550964 0.52524 0.504511 0.668034 0.499549 0.45895 0.451949 0.802758 0.750978 0.472499 0.392919 0.330661 0.251499 0.182002 0.178736 0.175416 0.146877
threshold=184.70833333333334 13071.820000000002 -1.0000000180025095e-35 967.1400000000001 2400.3700000000003 0 4265.2350000000006 1.5000000000000002 1 3086.9850000000001 1395.3050000000003 2.067242434056642 2501.0100000000007 542.29500000000019 4737.045000000001 2 1198.9600000000003 802.69500000000016 2050.5450000000005 4496.4800000000005 562.50000000000011 3426.3450000000007 3566.8050000000007 202.80795346918191 1224.7350000000004 2224.5850000000005 2334.3650000000002 31.046045237836697 3881.0700000000011 0.70335674193776521 12.293013514647027 1342.6350000000002 212.70833333333334 5090.5650000000014 1.3333325877446094 2.2953307678907442 436.44000000000005 1064.4750000000001 792.47500000000014 119.71744512220909 3 1734.8500000000001 3.4872313556791226 236.94500000000002 1325.5650000000003 4587.005000000001 1.5000000000000002 1174.5650000000003 0.45822087876497902 0.44768460020052459 0.7993825726450714 2.1158028339427752 2525.7050000000008 1573.8300000000002 11.90946817891777 2.856806641613129 14.228425060964632 0.72391099990079155 1446.7350000000004 203.29166666666671 215.70833333333334 1349.9950000000001
decision_type=2 2 2 2 2 1 2 2 1 2 2 2 2 2 2 1 2 2 2 2 2 2 2 2 2 2 2 2 2 2 2 2 2 2 2 2 2 2 2 2 1 2 2 2 2 2 2 2 2 2 2 2 2 2 2 2 2 2 2 2 2 2
left_child=1 2 13 4 11 20 -7 9 17 12 -11 14 -5 46 -4 -13 58 19 23 31 -6 -3 -18 47 25 34 27 61 50 -27 -31 40 -32 -23 37 43 -37 38 -10 -39 42 -42 -2 -36 -29 -30 -1 49 -49 -19 57 52 60 -53 -54 -15 -35 -28 -9 -52 -20 -26
right_child=8 21 3 7 5 6 -8 16 24 10 -12 15 -14 55 -16 -17 22 18 51 -21 -22 33 -24 -25 26 29 28 44 45 30 32 -33 -34 56 35 36 -38 39 -40 -41 41 -43 -44 -45 -46 -47 -48 48 -50 -51 59 53 54 -55 -56 -57 -58 -59 -60 -61 -62 -63
leaf_value=-0.38464031165137719 0.96059554588848117 0.26424583573443094 -0.0087018381648813481 0.34855657377309968 -0.065628471875218794 -0.31662436742997746 -0.081215006333629533 0.092281891116665099 0.99607977923067181 -0.39824892374313842 0.0083435597657760315 0.14412211436919728 0.02501641686904801 -0.80478008525035571 -0.30038376719690496 -0.0061195942260352078 -0.42720074745297421 1.7851767000261209 -0.31818177001779091 -1.5566729049762458 0.071614163247170029 -0.19843870354014936 -0.096243104436851648 -1.3830614684279432 1.0682127139035615 1.4339803235050927 2.0748073580576656 0.14370078278176557 -3.2673981119155706 -0.66261157889544509 -0.86650345658126882 -1.5349194280830665 0.19617565648934462 0.038759998228314087 0.71522295591354035 -0.25937080820262221 0.73614267904579556 1.5917839217324519 -1.89936475244402 -0.34037632340204527 -0.88354537773254549 0.56715913144601016 -0.14022239832877401 -0.17928083629824629 -0.85145370222768202 0.36583248370270721 1.2242257556004283 -0.070554323758027601 1.5989946862138602 -0.18066091218216723 0.38119951568460664 0.7926439869599291 -0.013350730642303611 -0.3626456099800498 1.7311349456045755 -0.27107603847328016 -0.21792639880652881 -0.15954743038716618 0.64228626015951085 1.815856493798961 0.66390039126599165 2.2012590067217146
leaf_weight=57 692 26 21050 3202 286 398 925 20 92 156 2034 681 2330 70 173 563 93 22 33 30 533 36 141 20 25 20 20 20 24 30 42 24 40 21 49 151 337 94 44 30 109 331 136 798 40 20 23 30 443 47 52 20 20 27 40 24 37 26 20 161 25 50
leaf_count=57 692 26 21050 3202 286 398 925 20 92 156 2034 681 2330 70 173 563 93 22 33 30 533 36 141 20 25 20 20 20 24 30 42 24 40 21 49 151 337 94 44 30 109 331 136 798 40 20 23 30 443 47 52 20 20 27 40 24 37 26 20 161 25 50
internal_value=0.000120231 -6.87648e-05 -4.00372e-05 -5.75012e-06 -0.000247339 -0.00192308 -0.00315307 0.000731341 0.00160659 0.000889968 -0.000307798 -8.51135e-05 0.00137308 -0.00607345 -0.000193748 0.00172414 -0.00351986 0.00274612 0.00436644 0.00183019 4.50721e-05 -0.00731707 -0.00495781 0.00544248 0.000487833 0 0.00232426 -0.000815217 0.00388072 -0.00481481 -0.00652174 0.00208494 -0.00264706 -0.00953608 0.000430225 0 0.00162933 0.0026616 0 0.00551181 0.00228167 0.000551876 0.00309156 -0.000955882 -0.00714286 -0.00212766 0 0.00582569 0.00643382 0.000868056 0.00510496 0.000372024 0.00227273 -0.00325 0.00634921 -0.010567 -0.0045082 0 0.00348837 0.00607639 -0.00122951 0.0036859
internal_weight=37113 32899 32779 32605 24609 2142 1323 7996 4214 7722 2190 22467 5532 174 21223 1244 274 2049 727 1322 819 120 234 562 2165 1727 438 135 303 132 112 1292 82 94 1595 1335 488 260 136 124 1268 440 828 847 60 44 80 542 473 69 259 165 118 47 60 94 58 46 40 213 58 75
internal_count=37113 32899 32779 32605 24609 2142 1323 7996 4214 7722 2190 22467 5532 174 21223 1244 274 2049 727 1322 819 120 234 562 2165 1727 438 135 303 132 112 1292 82 94 1595 1335 488 260 136 124 1268 440 828 847 60 44 80 542 473 69 259 165 118 47 60 94 58 46 40 213 58 75
cat_boundaries=0 1 2 3 4
cat_threshold=3593 496 2637 352
is_linear=0
shrinkage=0.05


Tree=71
num_leaves=63
num_cat=15
split_feature=7 11 7 13 10 6 23 12 0 19 19 2 2 4 0 2 2 2 15 0 7 8 19 0 2 11 4 10 2 11 7 5 4 11 9 10 19 2 11 19 11 18 7 9 19 23 8 6 7 7 5 23 7 19 10 19 10 10 23 7 5 9
split_gain=3.75065 3.16911 2.79386 5.16828 2.40083 2.22214 2.16502 2.15403 2.37662 4.01669 2.46501 2.42547 2.37781 2.05043 2.33387 4.5405 2.50715 2.03226 1.74591 1.66453 2.85916 1.56085 1.55107 2.27976 1.60976 1.52795 1.34115 1.3182 1.4588 1.34577 1.25646 1.18387 1.18374 1.68216 1.16151 1.96399 1.15758 1.13153 1.10637 1.06437 1.05571 1.05268 0.987539 0.939202 0.886233 0.874144 0.86955 0.852597 1.2555 0.830974 0.81491 0.81064 0.777279 0.770416 0.739353 0.660935 0.906681 0.648169 2.12907 0.626481 0.595789 0.576181
threshold=945.2850000000002 4737.045000000001 -1.0000000180025095e-35 1.5000000000000002 2938.6500000000005 13071.820000000002 7.5000000000000009 1.5000000000000002 0 680.11000000000001 3699.4950000000003 1 2 3 4 5 6 7 1.5000000000000002 8 283.50000000000006 551.1350000000001 903.47500000000002 9 10 2850.7150000000006 11 2824.145 12 5350.8650000000007 -462.12499999999994 152.50000000000003 13 5025.7450000000008 2149.3700000000003 3446.2150000000011 1003.2500000000002 14 3392.8900000000003 983.07500000000005 5787.0250000000005 0.853380118410063 463.15000000000003 1383.8450000000003 1041.075 2.5000000000000004 603.6350000000001 1376.8900000000001 1475.1900000000003 717.30500000000018 95.500000000000014 4.5000000000000009 188.68500000000003 2219.1350000000007 4033.0100000000007 410.73500000000001 588.66500000000019 3086.9850000000001 5.5000000000000009 727.61500000000012 332.50000000000006 1815.8750000000002
decision_type=2 2 2 2 2 2 2 2 1 2 2 1 1 9 1 1 1 1 2 1 2 2 2 1 1 2 9 2 1 2 2 2 9 2 2 2 2 1 2 2 2 2 2 2 2 2 2 2 2 2 2 2 2 2 2 2 2 2 2 2 2 2
left_child=1 2 3 30 13 6 17 8 10 11 12 26 38 22 16 -16 -15 57 39 20 -19 51 24 -24 -4 50 -10 37 46 -30 -1 -28 33 41 35 49 -20 43 44 -14 -21 -9 -36 -8 -2 -43 -29 60 -49 -6 -12 -5 -39 -40 -44 -32 -57 58 -3 -7 -13 -34
right_child=7 5 4 21 34 59 27 32 9 -11 25 47 18 14 15 -17 -18 19 36 40 -22 -23 23 -25 -26 -27 31 28 29 -31 55 -33 61 -35 42 -37 -38 52 53 -41 -42 45 54 -45 -46 -47 -48 48 -50 -51 -52 -53 -54 -55 -56 56 -58 -59 -60 -61 -62 -63
leaf_value=-0.21960791160622517 0.94389581115479759 -0.75756125764214066 -0.079096724245001943 0.64007672312759623 -0.0057040672209805804 -0.13689957943074091 -0.08860617136544971 -0.071969056761214081 0.07230403778180837 -1.5479002984605399 -0.39917256489659192 0.54836770856254058 2.0645115154098264 0.14445895820447172 -0.8323884738870011 -0.076216000302698109 -0.035235731118684568 0.1554083401876902 0.095711558939782837 0.22593261396565512 -0.50106457885223021 1.5287817234296908 0.010600184419446636 -0.32889756084936517 0.076613572767622623 -0.35963389346464847 -0.062423576137615205 -0.046054745055839424 -0.32040680162886592 -0.00097907703322324129 -0.18568265774275172 -0.56165037294011599 0.15128128615180039 0.16152774842682308 -0.58044746188282104 -0.77114941362072154 -0.1139359721669404 -0.3166967884713332 0.18626602497850797 0.27444194302429054 -0.12996855420380182 -0.68239106095903856 0.27670523924747686 -0.245201676022021 0.35535044119977643 -0.47310364743023503 0.13998635989402547 -0.085272187492581253 0.16532406912293285 -0.64800321120847681 0.32556309354174817 -0.863687546719758 0.036748121480152454 -0.3033504136165201 -0.4394201714040234 -0.36347637899102631 -0.6566498609450101 -0.72717455343654303 0.09082479820606669 -0.17626087177235095 -0.19502541507993298 -0.16267842946345479
leaf_weight=83 975 25 1709 39 101 45 162 22 109 36 28 224 329 1631 264 2606 5254 77 3058 50 110 92 6161 526 7772 50 174 109 109 673 24 160 103 35 26 49 453 63 953 522 29 26 53 94 421 39 226 249 141 58 38 21 266 26 22 96 82 59 30 22 28 96
leaf_count=83 975 25 1709 39 101 45 162 22 109 36 28 224 329 1631 264 2606 5254 77 3058 50 110 92 6161 526 7772 50 174 109 109 673 24 160 103 35 26 49 453 63 953 522 29 26 53 94 421 39 226 249 141 58 38 21 266 26 22 96 82 59 30 22 28 96
internal_value=0.000121578 -0.000146594 4.68656e-07 -0.00394886 6.86106e-05 -0.00199233 -0.00166667 0.00105899 0.0012254 -0.000878559 0.00157709 -0.000264246 0.00170809 0.000122946 -0.000446611 -0.00164462 4.53688e-05 -0.00509138 0.000988571 -0.00206093 -0.00480263 0.00322581 0.000469687 -0.000106502 0.000881748 -0.00546218 -0.00309759 -0.000865103 0.000100446 -0.00103774 -0.00794271 -0.004683 -0.00289352 -0.00648148 -0.00428686 -0.0063981 0.000480222 -0.00278486 0.0029889 0.00302986 0.0035061 -0.0106944 0 -0.00520446 0.00393138 -0.0137868 0.00283764 0.00164122 6.36132e-05 -0.00316358 0 -0.00238095 -0.000548246 0.0016166 0.00304487 -0.010122 -0.0111878 -0.0104331 -0.00538793 -0.0108929 0.00392157 -5.89623e-05
internal_weight=37113 28818 26669 437 26232 2149 2082 8295 7974 1121 6853 1085 6737 25923 9755 2870 6885 380 4362 266 187 152 16168 6687 9481 116 443 1702 1117 782 285 334 321 122 309 208 3511 585 2375 851 79 87 101 256 1396 65 335 642 390 159 66 60 329 979 75 202 178 114 55 67 252 199
internal_count=37113 28818 26669 437 26232 2149 2082 8295 7974 1121 6853 1085 6737 25923 9755 2870 6885 380 4362 266 187 152 16168 6687 9481 116 443 1702 1117 782 285 334 321 122 309 208 3511 585 2375 851 79 87 101 256 1396 65 335 642 390 159 66 60 329 979 75 202 178 114 55 67 252 199
cat_boundaries=0 1 2 3 4 5 6 7 8 9 10 11 12 13 14 15
cat_threshold=1 2321 1922 28 1 256 772 265 1 1 18 8 3112 9 3522
is_linear=0
shrinkage=0.05


Tree=72
num_leaves=63
num_cat=14
split_feature=20 18 4 5 1 21 6 1 1 5 22 18 8 0 5 1 1 10 7 1 1 21 21 20 6 1 6 18 1 5 1 21 5 8 21 18 7 21 1 18 22 22 20 5 8 8 22 20 22 21 20 18 10 0 20 5 10 22 14 20 20 11
split_gain=4.56519 2.6191 2.6188 3.36277 3.22817 2.55846 2.55515 2.78335 2.32386 2.43719 2.84305 2.30182 2.1893 2.15512 3.32717 2.12171 1.95408 1.86848 2.54525 1.9755 1.84631 1.83066 2.4992 1.82076 1.75869 1.67671 1.65863 1.59815 1.57709 1.46936 1.86703 1.54593 1.43859 1.41818 1.36777 1.29633 1.29572 1.14378 1.10063 1.24324 1.05778 0.907447 0.898721 0.891434 0.885372 0.855234 0.809448 0.802436 0.727347 1.4513 0.765309 0.721211 0.714996 0.696541 0.696395 0.856382 0.64088 0.614819 0.607576 0.584256 0.522812 0.455532
threshold=302.50000000000006 0.37473138890562252 0 5.5000000000000009 1 77.038461538461561 5898.4900000000007 2 3 125.50000000000001 35.789790294106005 0.58787521451821101 137.89500000000001 4 180.50000000000003 5 6 1240.0550000000003 363.51500000000004 7 8 148.07142857142858 7.5000000000000009 115.50000000000001 2012.74 9 1734.8500000000001 1.4760479266376387 10 208.50000000000003 11 119.05555555555557 157.50000000000003 -1.0000000180025095e-35 274.16666666666669 2.067242434056642 -1.0000000180025095e-35 195.41666666666671 12 0.56853876061695396 31.699105912329266 43.842521175838492 355.50000000000006 25.500000000000004 573.19000000000017 769.6450000000001 11.681269548367892 53.500000000000007 54.423887347607952 195.41666666666671 330.50000000000006 0.2248390793765728 8060.2050000000008 13 350.50000000000006 276.50000000000006 2510.8450000000007 18.397414736122819 1.5000000000000002 397.50000000000006 61.500000000000007 619.52500000000009
decision_type=2 2 9 2 9 2 2 9 9 2 2 2 2 1 2 9 9 2 2 9 9 2 2 2 2 9 2 2 9 2 9 2 2 2 2 2 2 2 9 2 2 2 2 2 2 2 2 2 2 2 2 2 2 1 2 2 2 2 2 2 2 2
left_child=2 21 3 47 12 6 7 41 9 38 16 29 32 24 -15 -3 -11 19 25 36 -12 22 43 -20 -9 -19 35 -28 52 31 -31 -10 40 -13 -35 -14 -6 -21 39 -7 -5 53 -24 -2 54 -43 58 -1 -17 50 -50 61 60 -4 -23 -56 -40 -48 -30 -53 -8 -45
right_child=1 15 5 4 17 8 28 13 11 10 20 33 26 14 -16 48 -18 18 23 37 -22 44 42 -25 -26 -27 27 -29 46 30 -32 -33 -34 34 -36 -37 -38 -39 56 -41 -42 45 -44 51 -46 -47 57 -49 49 -51 -52 59 -54 -55 55 -57 -58 -59 -60 -61 -62 -63
leaf_value=-0.27376002754974416 -2.6059715564482393 0.18056102988310771 0.20369336879470873 -0.61563246643975655 -0.69954367942759177 0.15904030252466958 -0.11375493017382887 0.28927519393792478 -0.13341356864585779 0.10946030051021563 -0.14271269988372098 -0.75751048362384399 -0.33887835071268219 -0.14780337264886365 0.014360593991087623 2.1796172233313911 0.68172381767387868 -0.11457160058034202 -0.042343377628007418 -0.00038547161056881054 0.30446487588843107 -0.073043326852450366 1.2294227816438323 -0.57107096864016282 -0.006186594290633618 -0.35183721373954069 0.21040377639471616 -0.083486287826107841 -0.38973076214825914 0.19336417868536435 -0.47264806711004859 0.21445625829106751 -0.44670339220806599 0.059482898875046791 0.72823785822959586 0.13314673268760502 -0.27681349082788226 1.1123192599761633 0.30541458530096688 -0.15276389090113407 0.67090111060133839 -0.50474006780707237 -0.95541297672902914 -0.15921977886190036 -0.1308883617241893 0.28389047264687495 0.12315880812078808 -1.7358243798514499 -2.8042551886574532 2.1354162254470141 0.30962563103496521 -0.1247269865566306 0.1854837630514406 0.010733653340326299 2.0992711534199073 0.18735942000442096 -0.18407771917157706 -0.086895381751046413 -0.011289150576384089 2.8181656711024221 -0.37115618089519309 5.4256637157221199
leaf_weight=35 26 404 1197 48 22 310 348 674 482 355 397 22 286 2377 1970 749 767 105 1123 1120 703 58 25 368 8394 162 1358 242 27 227 707 1076 47 6386 250 124 416 122 466 811 35 46 142 173 108 33 107 69 33 81 63 68 31 581 160 64 53 159 61 153 85 22
leaf_count=35 26 404 1197 48 22 310 348 674 482 355 397 22 286 2377 1970 749 767 105 1123 1120 703 58 25 368 8394 162 1358 242 27 227 707 1076 47 6386 250 124 416 122 466 811 35 46 142 173 108 33 107 69 33 81 63 68 31 581 160 64 53 159 61 153 85 22
internal_value=0.000136397 0.00227809 -5.74927e-06 -0.000987709 -0.000810787 0.000184613 -0.000234574 -8.51064e-05 0.000706877 0.00173548 0.00282022 0.000264651 0.000696702 -0.000339775 -0.00125575 0.00373218 0.0046 -0.00176036 -0.00291028 -0.000534759 0.000951949 0.000286926 -0.00136846 -0.00204987 9.37052e-05 -0.0074537 0.00113015 0.00187149 -0.00295371 -0.00102204 -0.00258805 -4.80461e-05 -0.00545113 0.000754391 0.000805844 -0.00163438 -0.00338137 0.000458167 0.000243457 -0.000606261 -0.000726744 0.00171791 -0.00654412 0.000505618 0.00298982 -0.00320122 -0.00020436 -0.00981308 0.00503195 0.00173611 -0.0020202 0.00119332 -0.0048218 0.00197923 0.00447368 0.00572687 0.00213816 0.0010223 -0.0043956 0.0031808 -0.00547592 -0.000820707
internal_weight=37113 2329 34784 5682 5578 29102 16090 15272 13012 3862 2222 9150 2140 13415 4347 1330 1122 3438 1758 1680 1100 999 609 1491 9068 267 2010 1600 818 2492 934 1558 130 6658 6636 410 438 1242 1640 1121 83 1857 167 442 390 79 354 104 926 177 96 416 464 1778 282 224 519 266 88 221 433 195
internal_count=37113 2329 34784 5682 5578 29102 16090 15272 13012 3862 2222 9150 2140 13415 4347 1330 1122 3438 1758 1680 1100 999 609 1491 9068 267 2010 1600 818 2492 934 1558 130 6658 6636 410 438 1242 1640 1121 83 1857 167 442 390 79 354 104 926 177 96 416 464 1778 282 224 519 266 88 221 433 195
cat_boundaries=0 1 3 5 7 8 10 12 14 16 18 20 22 24 25
cat_threshold=1 612925746 24630 337716753 1507392 1268115232 165833 1 2192138273 66208 192938784 1032 2432706060 1377280 1171744 136 33554624 640 536870929 65664 135249 81920 142902784 33409 1
is_linear=0
shrinkage=0.05


Tree=73
num_leaves=63
num_cat=12
split_feature=20 4 5 7 18 6 18 13 23 10 2 2 5 2 2 11 21 21 6 22 9 18 22 5 23 5 9 22 18 7 20 2 7 7 18 2 2 7 20 4 9 4 18 0 11 2 7 18 7 11 18 5 5 20 5 22 20 20 18 18 20 20
split_gain=4.22308 2.42227 3.02579 2.31459 2.20776 1.7355 1.75557 1.60058 1.90927 1.58412 2.3304 1.8463 1.57267 1.9354 1.56538 1.82777 1.43966 2.44227 1.31041 1.4602 1.30445 1.24548 2.46539 2.39523 1.23007 1.20015 1.60611 1.13986 1.13915 1.11723 2.3716 1.20764 1.02749 0.930859 0.940116 0.910933 0.894518 0.854887 0.837361 0.833872 0.787024 0.777631 0.831713 0.766845 0.766347 0.763269 1.08216 0.889201 0.73902 0.700289 1.43358 0.695231 0.680342 0.678669 0.623 0.589922 0.519012 0.585913 0.515578 0.627968 0.501483 0.451381
threshold=302.50000000000006 0 5.5000000000000009 992.0350000000002 0.37473138890562252 2501.0100000000007 0.074862242207750798 1.5000000000000002 2.5000000000000004 4033.0100000000007 1 2 322.50000000000006 3 4 1447.6300000000003 148.07142857142858 7.5000000000000009 4168.3500000000013 34.525554142525102 1343.4200000000003 1.0539320668456915 9.8706905179914326 317.50000000000006 4.5000000000000009 353.50000000000006 360.22500000000008 154.99502675292243 0.15459317589004148 -1.0000000180025095e-35 12.500000000000002 5 83.350000000000009 1240.0450000000003 1.295782479016599 6 7 540.15500000000009 355.50000000000006 8 171.08000000000001 9 0.24793308503364644 10 3969.5900000000006 11 567.58500000000015 0.32518848796236149 1105.0600000000002 3260.7500000000005 0.99188881146499297 351.50000000000006 346.50000000000006 53.500000000000007 55.500000000000007 15.918801154595231 397.50000000000006 630.00000000000011 0.25845444628215514 0.096398710998104861 385.50000000000006 338.50000000000006
decision_type=2 9 2 2 2 2 2 2 2 2 1 1 2 1 1 2 2 2 2 2 2 2 2 2 2 2 2 2 2 2 2 1 2 2 2 1 1 2 2 9 2 9 2 1 2 1 2 2 2 2 2 2 2 2 2 2 2 2 2 2 2 2
left_child=1 2 53 5 16 25 40 14 33 11 -11 -8 13 28 15 -5 17 36 20 -20 -16 23 -23 -15 44 29 -27 -17 54 30 -3 -31 -14 -9 -35 55 41 -30 -19 -28 -7 43 -43 -2 52 47 61 60 -37 51 -51 -34 -6 -1 -4 -10 -38 -58 59 -40 -18 -47
right_child=4 3 12 7 24 6 9 8 35 10 -12 -13 32 21 18 27 45 38 19 -21 -22 22 -24 -25 -26 26 39 -29 37 31 -32 -33 49 34 -36 48 56 -39 58 -41 -42 42 -44 -45 -46 46 -48 -49 -50 50 -52 -53 -54 -55 -56 -57 57 -59 -60 -61 -62 -63
leaf_value=-0.260072026172257 2.0709358373696349 0.16607923353839898 -0.10398011348200178 1.8526185546630971 1.4379132367070575 -0.15729169629285736 0.0548789732600806 0.019505577003195686 -0.10454414234110754 -0.3046509201726868 0.020180871593006123 -0.058890244731328249 -0.85023821765141505 -0.061928802914926709 -2.4920004041639743e-05 0.19957090444764738 -0.46629970410071098 1.1679516425616405 -0.12734615878480998 0.28698954862235587 0.21058187902776668 -0.78842534329587799 -0.15035299266244664 -0.80349457337697516 -1.2062390967400753 0.97832857445824828 -0.41353850358117566 -1.2603305329507095 -0.065514178801107686 0.14157631391601591 -0.48520421236304356 0.0083651150952523071 0.42222218410680912 -0.33689516458115992 0.031512451259076889 -0.20260753555592484 -0.09064410100469332 0.025605221484068255 -0.59883332724158012 -0.094035677314405319 -0.98757314001640195 -1.0969388437328944 -0.097840427300799254 -2.0117319806647984 -0.95822071955133115 0.046695099280644574 0.07888199574273394 -1.8977658228349967 0.029890828851324082 -0.54162523883843106 0.069593978934211848 -0.0089811345429181341 -0.48532634677486364 -1.6490331608588773 0.70692518270291138 0.53655463924536861 3.2855432278992112 0.029584025298081153 -2.7860816786329274 -0.071937095724477026 2.60451131864742 2.0487430635661705
leaf_weight=35 75 93 20 224 1195 39 2011 50 35 122 136 4143 27 1309 1448 2151 36 25 372 159 1120 145 721 45 49 43 139 26 1326 1811 147 14297 329 83 24 45 63 1355 29 105 37 58 52 25 24 25 92 22 153 24 148 68 62 69 61 89 117 52 46 67 72 143
leaf_count=35 75 93 20 224 1195 39 2011 50 35 122 136 4143 27 1309 1448 2151 36 25 372 159 1120 145 721 45 49 43 139 26 1326 1811 147 14297 329 83 24 45 63 1355 29 105 37 58 52 25 24 25 92 22 153 24 148 68 62 69 61 89 117 52 46 67 72 143
internal_value=0.000110801 -2.58717e-05 -0.000970149 0.000157135 0.00217088 -6.75646e-05 -0.000762594 0.00103435 -0.00168568 -0.00066251 -0.00450192 -0.000491311 -0.000801828 -0.00109829 0.00128112 0.00224213 0.000336826 -0.00112337 0.000510122 -0.0017088 0.000991832 -0.00219436 -0.00371116 -0.00119749 0.00350713 0.000200595 -0.00297414 0.00177179 -0.000189189 0.000259923 -0.00308642 0.00031345 0.00158598 -0.00617188 -0.00875 0.000384615 0.000730337 -0.00038655 -0.00625 -0.00465587 -0.00822785 -0.0014574 -0.00426829 0.00132743 0.00382593 0.00273537 0.00421245 -0.000174825 -0.00154028 0.00211976 -0.000285714 0.00328125 0.00401786 -0.00934579 0.00550595 0.00364964 0.00285714 0.00443314 -0.00775862 -0.00454545 0.00135135 0.00672515
internal_weight=37113 34784 5682 29102 2329 23123 6488 5979 479 6412 258 6154 5578 4982 5500 2401 999 609 3099 531 2568 2220 866 1354 1330 16635 287 2177 2762 16348 240 16108 596 157 107 322 442 2681 167 244 76 210 110 100 1281 390 260 130 198 569 172 397 1257 104 81 124 232 169 142 96 108 168
internal_count=37113 34784 5682 29102 2329 23123 6488 5979 479 6412 258 6154 5578 4982 5500 2401 999 609 3099 531 2568 2220 866 1354 1330 16635 287 2177 2762 16348 240 16108 596 157 107 322 442 2681 167 244 76 210 110 100 1281 390 260 130 198 569 172 397 1257 104 81 124 232 169 142 96 108 168
cat_boundaries=0 1 2 3 4 5 6 7 8 9 10 11 12
cat_threshold=1 1421 773 1714 964 520 2220 2721 6 6 1 7
is_linear=0
shrinkage=0.05


Tree=74
num_leaves=63
num_cat=14
split_feature=21 1 7 1 1 7 22 12 17 16 2 22 16 7 21 17 11 2 5 22 5 15 19 2 7 11 19 2 2 1 2 7 17 1 1 15 17 21 11 11 14 22 19 5 18 19 1 12 17 5 19 22 22 1 17 18 5 11 17 11 5 5
split_gain=3.35021 2.5317 2.20325 3.87086 2.54296 2.02083 1.85791 1.80395 1.78496 1.77704 2.45608 1.72319 1.75435 2.48654 1.62752 1.55729 1.87813 1.43293 1.51855 1.40507 1.39116 1.42634 3.56606 1.74408 1.35168 2.26991 1.41018 1.90436 1.42552 1.25469 1.48099 1.22796 1.35758 2.00057 1.42322 1.18202 1.15249 1.21552 1.13653 1.12379 1.09201 0.910948 0.900048 0.878955 0.827648 0.818385 0.804603 0.904953 1.27751 0.802083 0.940031 0.729365 0.711643 0.691492 0.831474 0.648727 0.672721 0.634055 0.601025 1.19559 0.744812 0.559953
threshold=184.70833333333334 0 340.54500000000007 1 2 -1.0000000180025095e-35 11.681269548367892 1.5000000000000002 1.4934129165957402 0.89999327349951008 3 139.33681727070672 -1.0000000180025095e-35 -1.0000000180025095e-35 345.16666666666669 1.9393648833006294 1133.8750000000002 4 93.500000000000014 53.860906534764183 5.5000000000000009 1.5000000000000002 1605.6000000000001 5 355.88500000000005 3025.3000000000002 3699.4950000000003 6 7 8 9 130.94000000000003 1.9130396405201349 10 11 4.5000000000000009 0.48811659273392333 24.035714285714288 3842.7850000000003 2517.9350000000004 1.5000000000000002 9.8706905179914326 151.83999999999995 110.50000000000001 1.2578326320452253 429.51500000000004 12 1.0000000180025095e-35 0.48811659273392333 195.50000000000003 1673.6950000000002 73.646791964742178 26.942846494903886 13 2.6662290264091095 0.25845444628215514 152.50000000000003 1088.4650000000001 1.6703023402307838e-05 1080.6750000000004 328.50000000000006 186.50000000000003
decision_type=2 9 2 9 9 2 2 2 2 2 1 2 2 2 2 2 2 1 2 2 2 2 2 1 2 2 2 1 1 9 1 2 2 9 9 2 2 2 2 2 2 2 2 2 2 2 9 2 2 2 2 2 2 9 2 2 2 2 2 2 2 2
left_child=2 6 3 35 9 14 -2 20 -9 10 38 12 13 -5 -3 51 -17 18 -7 -18 41 22 -22 -23 25 -11 28 -28 -26 42 -31 58 34 -34 -33 46 52 43 -4 -39 -13 45 -14 -38 -43 -6 55 -48 -49 50 -10 -8 -37 54 -20 56 -1 -57 59 -19 -60 -12
right_child=1 5 4 11 7 17 15 8 49 24 61 40 29 -15 -16 16 19 31 53 -21 21 23 -24 -25 26 -27 27 -29 -30 30 -32 32 33 -35 -36 36 37 39 -40 -41 -42 44 -44 -45 -46 -47 47 48 -50 -51 -52 -53 -54 -55 -56 57 -58 -59 60 -61 -62 -63
leaf_value=-0.4559336504037152 0.37167187394539281 -0.21053640626757888 0.029417897227558543 -0.60610024966996023 0.048168875957235895 -1.5793110268714117 -0.55107073907099091 0.25552474815641202 -0.70933818843005547 0.64588594509337305 -0.29203956230066291 -1.309874821805477 -0.48781892772692492 0.52115128946226918 -0.31150318593433646 0.46186403819461574 -0.37215624332646091 -1.9454213814278902 0.66478565122248723 -2.032133405601837 1.2293673233637215 0.28158496303506547 -0.052913080464083252 0.021024169322946307 0.22542533596832703 -0.38006696157155057 -0.47227289400476774 0.020543929098666383 -0.027432967234611728 -0.12716651858018899 -0.018720800359138413 -0.4201656171947839 0.003027018355726341 0.73991300821285222 0.14179905331591583 -0.4915320858847938 -0.25486746469540539 -0.011154318163208466 -0.32091735589858011 0.102681158034284 -0.12750355839327168 0.11895038078500808 -0.24749708330323675 -0.10445314063386846 -0.33394106404003221 -1.3859044881614431 0.49575463176794649 -0.89383130959258039 0.14494199066701671 -0.014645506468072967 0.037669370281971148 0.79266563028352843 0.074615233953407592 1.2016009003955994 -0.56873797877657217 1.0166804107155192 0.2594353523994461 -0.13608069809013765 1.8908276524914573 2.6432112301699311 -0.10028079214728153 0.069025868381955124
leaf_weight=39 120 51 20 68 26 25 32 60 104 291 144 39 108 43 20 28 28 45 95 58 947 786 729 9935 848 42 100 106 10456 1781 3560 291 869 1064 560 40 32 359 84 291 34 68 261 55 56 41 370 31 546 49 22 42 34 547 25 53 31 114 234 59 21 96
leaf_count=39 120 51 20 68 26 25 32 60 104 291 144 39 108 43 20 28 28 45 95 58 947 786 729 9935 848 42 100 106 10456 1781 3560 291 869 1064 560 40 32 359 84 291 34 68 261 55 56 41 370 31 546 49 22 42 34 547 25 53 31 114 234 59 21 96
internal_value=0.000101371 0.00142874 -6.72452e-05 -0.000796693 0.000160916 0.00177979 -0.00280374 0.000653436 -0.00362395 -0.000353484 -0.00389049 -0.0014432 -0.00133714 -0.00756579 -0.00625 -0.00602094 -0.00961538 0.00195089 0.00404255 -0.0132022 0.000738623 0.00080746 0.00217391 0.000588633 -0.000245864 0.00286458 -0.000340919 -0.00442584 -0.0002609 -0.0012034 -0.000987579 0.00145358 0.00107643 0.00181431 -0.000541569 0.00108939 -0.000322482 0.000219595 -0.00982906 0.00103369 -0.00904605 -0.00341495 -0.00402487 -0.00513889 -0.000393701 -0.00803571 0.00210615 0.0027474 0.00140086 -0.00625 -0.00833333 0 -0.00616883 0.00460821 0.00037594 -0.00035 -0.00445205 0.00110294 0.00424724 0.00046729 0.00557171 -0.000592885
internal_weight=37113 4214 32899 7889 25010 3906 308 12823 235 12187 344 5894 5821 111 71 188 114 3835 692 86 12588 12397 1676 10721 11843 333 11510 206 11304 5710 5341 3143 2784 1933 851 1995 811 737 104 650 73 191 369 87 124 67 1184 947 577 175 126 74 74 667 120 237 70 167 359 104 255 240
internal_count=37113 4214 32899 7889 25010 3906 308 12823 235 12187 344 5894 5821 111 71 188 114 3835 692 86 12588 12397 1676 10721 11843 333 11510 206 11304 5710 5341 3143 2784 1933 851 1995 811 737 104 650 73 191 369 87 124 67 1184 947 577 175 126 74 74 667 120 237 70 167 359 104 255 240
cat_boundaries=0 2 4 6 7 8 9 10 11 13 14 16 18 20 22
cat_threshold=270680640 6 132448302 200326 2196115629 593796 2324 320 512 2721 512 134349312 24872 581 2790793474 266289 8388761 640 65574 67584 2148270088 20480
is_linear=0
shrinkage=0.05


Tree=75
num_leaves=63
num_cat=13
split_feature=20 4 1 21 20 1 1 18 1 21 6 22 10 18 0 18 1 1 15 10 22 1 21 22 10 11 18 9 1 11 20 17 22 1 20 1 11 18 18 22 11 21 16 21 17 22 22 21 20 18 17 18 4 17 20 20 17 17 20 18 20 9
split_gain=4.05989 2.55944 2.31605 2.1285 3.2664 2.11067 1.99576 1.84728 1.8603 1.8549 1.83158 1.75606 1.653 1.57784 1.56207 1.84307 1.76154 1.57593 1.54932 1.54908 1.51647 1.48482 1.39879 1.39538 1.83879 1.32889 1.6078 1.30434 1.29833 1.2981 1.23905 1.21004 1.18017 1.51822 1.03913 1.02474 0.989564 1.31244 1.38688 0.988591 0.964348 0.918477 0.830665 0.820386 0.816508 0.789616 0.974507 1.03143 1.02941 0.77987 0.956455 0.77852 0.774279 0.828005 0.759642 0.746836 0.783704 0.670081 1.08979 0.657292 0.661919 0.65553
threshold=302.50000000000006 0 1 119.05555555555557 10.500000000000002 2 3 0.23075240033965508 4 162.08333333333334 13071.820000000002 86.999900398968549 452.25000000000006 0.15459317589004148 5 1.5406230882723382 6 7 4.5000000000000009 1132.5850000000003 1.4571067811865479 8 99.354166666666671 21.933403132321306 2569.5250000000005 2334.3650000000002 2.23087147792292 866.5150000000001 9 275.56500000000005 1.5000000000000002 1.2939355190953006 44.257924488174652 10 112.50000000000001 11 1281.9250000000004 1.0852230049888576 0.65703272107350397 35.789790294106005 3168.8850000000007 332.25000000000006 1.0000000180025095e-35 287.25000000000006 1.2822047976870385 112.27279187985242 25.438700467801937 179.10000000000002 335.50000000000006 2.067242434056642 1.2091709731129139 1.7120338383293154 12 3.4872313556791226 6.5000000000000009 330.50000000000006 1.3333348021374041 2.0381009370404719 327.50000000000006 0.14455548908517205 525.50000000000011 900.2850000000002
decision_type=2 9 9 2 2 9 9 2 9 2 2 2 2 2 1 2 9 9 2 2 2 9 2 2 2 2 2 2 9 2 2 2 2 9 2 9 2 2 2 2 2 2 2 2 2 2 2 2 2 2 2 2 9 2 2 2 2 2 2 2 2 2
left_child=1 2 13 10 36 12 -2 9 45 52 28 35 34 -1 15 17 20 19 25 -4 -16 -13 61 24 -20 27 -27 -15 32 -30 -31 -19 40 -34 -6 -7 41 38 -38 -25 -3 54 -14 -11 -22 46 48 -48 -9 50 -17 -39 59 -54 -5 57 -57 58 -10 -8 -61 -18
right_child=6 3 14 4 5 11 7 8 55 43 -12 21 42 18 16 49 22 31 23 -21 44 -23 -24 39 -26 26 -28 -29 29 30 -32 -33 33 -35 -36 -37 37 51 -40 -41 -42 -43 -44 -45 -46 -47 47 -49 -50 -51 -52 -53 53 -55 -56 56 -58 -59 -60 60 -62 -63
leaf_value=0.34750735204205863 1.9941169232759195 0.19498420049692167 0.05838736854000235 1.8677606185218556 0.19232031361586854 0.27487013284100303 0.87731979153600403 -1.0143847000352419 1.3267860773965727 1.3592678124484852 -0.16193714017013758 -0.30013482473515529 -0.37165962745051861 -0.32615093065623335 -0.65658691767182198 -0.3646621342045136 -0.20357836030797963 -0.012400427440964945 0.19485110696871244 -0.15160991889967904 0.00010728213236674833 0.35391509327380677 1.0191183942928268 -0.21733120680863696 -0.083721633989943547 -0.67513704270682173 0.5251585302251417 0.11195823883598024 -0.47043513644337215 0.11973546964661184 -0.011097946951067784 0.23801385741185294 0.18866358019900106 -0.39591176517369941 -0.65924369458634013 0.56378413530549065 -0.03544055025085862 0.555719877586342 -0.9949900547363788 0.070455592147667195 -0.0076099137202621852 -0.19159220617843947 0.099659508864853308 -0.7581931620850284 -0.26559965995847146 2.2104330524707261 -1.5337170953369168 1.2078858994172397 1.3874538754896404 0.0031313736692698772 -0.10731237359710058 -0.62776228833876424 0.1107506983087264 -0.8485809347712 -1.0191099819621248 -0.56406700401772703 1.4327286336161251 -1.386930532136984 -2.1684174703735248 -4.2358357487472773 1.7523071543103701 0.13428252237003768
leaf_weight=55 471 1239 692 54 63 2128 47 99 124 76 91 592 115 444 209 78 112 382 131 793 289 312 70 123 93 215 32 177 259 1831 17810 976 125 140 288 1139 27 39 75 91 453 25 2235 47 309 36 58 36 272 127 147 27 36 117 35 38 721 74 20 35 22 137
leaf_count=55 471 1239 692 54 63 2128 47 99 124 76 91 592 115 444 209 78 112 382 131 793 289 312 70 123 93 215 32 177 259 1831 17810 976 125 140 288 1139 27 39 75 91 453 25 2235 47 309 36 58 36 272 127 147 27 36 117 35 38 721 74 20 35 22 137
internal_value=0.000108107 -2.58717e-05 -0.000996488 0.000162287 0.000911695 0.00113455 0.002128 0.00132282 0.00214382 -0.00169713 -7.9723e-05 0.00183736 2.30287e-05 -0.00279294 -0.000412437 0.000136804 -0.00201506 0.000575369 -0.00318946 -0.000525701 -0.00324695 -5.51268e-05 0.00101657 -0.000623583 0.00198238 -0.00442021 -0.00765 -0.00302484 -4.74611e-05 -0.000170743 -0.000121538 0.00180525 0.00117386 -0.00181903 -0.00314266 0.0023815 -0.00429825 -0.00672515 -0.0102381 -0.00357143 0.00168142 -0.000213675 0.000520612 0.0030754 -0.00187188 -0.00026751 -0.000934829 -0.00541237 0.000100267 -0.00323944 -0.00498904 -0.000362319 -0.00418269 -0.00625 0.0017663 0.00339646 0.00418307 0.000565611 0.00272109 0 -0.00395833 -0.000545635
internal_weight=37113 34784 5682 29102 7154 6872 2329 1858 1478 380 21948 4171 2701 1361 4321 3195 1126 2843 1306 1485 807 904 319 438 224 868 247 621 21857 19900 19641 1358 1957 265 351 3267 282 168 102 214 1692 114 2350 123 598 501 465 94 371 352 225 66 257 153 89 977 759 218 144 104 57 249
internal_count=37113 34784 5682 29102 7154 6872 2329 1858 1478 380 21948 4171 2701 1361 4321 3195 1126 2843 1306 1485 807 904 319 438 224 868 247 621 21857 19900 19641 1358 1957 265 351 3267 282 168 102 214 1692 114 2350 123 598 501 465 94 371 352 225 66 257 153 89 977 759 218 144 104 57 249
cat_boundaries=0 1 3 5 7 9 10 12 14 16 18 20 22 23
cat_threshold=1 2198037068 1934345 2558132886 1337366 369361486 32792 2158673953 197153 1 605557120 4736 1082497 21170 570707968 4737 336675344 1450048 1065488 1048576 637829193 66664 6
is_linear=0
shrinkage=0.05


Tree=76
num_leaves=63
num_cat=18
split_feature=7 1 19 14 1 21 1 2 7 1 1 10 7 1 2 1 10 23 18 2 1 16 7 11 19 21 7 21 2 11 21 19 1 2 23 9 11 2 11 6 10 21 9 2 10 2 7 19 11 21 11 18 23 23 23 10 11 16 19 18 9 2
split_gain=2.90936 3.37196 2.66154 2.33622 2.10893 1.97715 3.14005 2.11664 2.0123 1.98451 1.92595 1.71483 2.11313 1.65576 1.97803 4.40356 2.22965 4.11603 1.95868 1.85 1.92893 2.01329 1.78845 1.52895 1.43428 2.12246 1.39857 1.36573 1.3604 2.07499 1.31997 1.27027 1.25266 1.69832 2.60014 1.54724 1.47583 1.18424 1.41086 1.23631 1.17836 2.06695 1.17202 1.08986 1.08776 1.08577 1.15021 1.69304 1.77148 1.56375 1.01247 0.959664 0.948817 0.941754 0.908081 0.879701 1.08288 0.872631 0.79223 0.789973 0.779696 0.7246
threshold=945.2850000000002 0 1372.6450000000002 8.5000000000000018 1 149.3666666666667 2 3 342.65000000000003 4 5 3601.7150000000006 1134.8100000000002 6 7 8 1790.0700000000002 7.5000000000000009 0.11612129556012962 9 10 1.4999973398689803 115.38000000000001 3969.5900000000006 420.02500000000003 99.354166666666671 -1.0000000180025095e-35 46.775000000000006 11 3526.4400000000005 179.10000000000002 786.73000000000013 12 13 9.5000000000000018 1373.4550000000002 1512.8950000000002 14 4952.8500000000013 3372.3600000000001 542.29500000000019 319.25000000000006 1208.5850000000003 15 1323.7450000000001 16 1310.4000000000003 2320.5450000000005 4510.6900000000014 7.5000000000000009 2476.5350000000008 0.33690938860700281 13.500000000000002 4.5000000000000009 17.500000000000004 1516.4750000000001 2819.0950000000007 2.0066065223840797 2257.5450000000005 2.7459350121972697 2478.6700000000005 17
decision_type=2 9 2 2 9 2 9 1 2 9 9 2 2 9 1 9 2 2 2 1 9 2 2 2 2 2 2 2 1 2 2 2 9 1 2 2 2 1 2 2 2 2 2 1 2 1 2 2 2 2 2 2 2 2 2 2 2 2 2 2 2 1
left_child=3 11 4 5 28 13 8 9 30 31 -9 32 -13 19 15 54 18 -18 -16 20 23 -22 -17 -1 27 -26 -12 -21 42 60 53 -8 33 55 36 -36 -35 39 50 -6 41 -10 -3 -14 -44 -4 47 48 -47 -49 -39 -11 59 -7 -15 56 -2 -40 61 -45 -30 -34
right_child=1 2 45 -5 37 6 7 10 40 51 26 12 43 14 16 22 17 -19 -20 24 21 -23 -24 -25 25 -27 -28 -29 29 -31 -32 -33 58 34 35 -37 -38 38 57 -41 -42 -43 44 52 -46 46 -48 49 -50 -51 -52 -53 -54 -55 -56 -57 -58 -59 -60 -61 -62 -63
leaf_value=0.23213528578111778 0.41888578608102522 -0.35639212207691068 0.087207683056610821 -0.21945431887823724 0.17705217333113021 -1.0351924133705275 0.91766720362547438 0.81052086847021521 0.78641817781954837 -0.41563594438065793 -0.71580524500098219 -0.20835021516634422 0.16250684745975869 -0.30881525804158588 -0.39338249521267771 -0.52556625342489716 -0.23045419304426862 -0.009441206617769371 -0.018621660266090245 0.094687855037613747 -0.14731377362678658 -0.036924846987730665 0.36641725576911777 -0.14572716415928794 0.029669681751186519 -0.3063271905802829 0.33096339341880709 0.03919657762330804 0.75535880992254545 0.007340431142421 0.57464319784945628 0.053965245867434501 0.13607815295840028 1.4644593362812772 -1.4199715988000829 -0.055665163145930042 0.011230676572121756 -0.033719667852396641 -0.055560958037498769 -0.24194699433285471 -0.57600452323430706 -2.3136784685521121 0.94395087575029324 -0.04593308138342396 -0.010387994893389863 -1.2742385521292086 -0.01710753417684252 0.50421482925039673 0.039773284459136707 -0.21410213636682551 -0.60459373406680317 -0.066881279582612405 0.1691188309248367 1.2572014107938605 0.073087150302621584 0.40248467902884077 -0.81030479643858111 0.44066644073657973 -0.060745037493122038 -0.18510510487531162 -0.21378329877559549 0.70035755445169667
leaf_weight=445 539 264 105 29 302 73 135 576 88 193 36 101 277 101 294 54 1408 1885 11341 751 591 1790 923 70 2097 540 1881 1735 756 692 217 242 317 284 29 62 1076 124 103 164 452 21 96 127 570 93 116 62 25 71 204 799 52 28 23 845 64 48 68 56 24 579
leaf_count=445 539 264 105 29 302 73 135 576 88 193 36 101 277 101 294 54 1408 1885 11341 751 591 1790 923 70 2097 540 1881 1735 756 692 217 242 317 284 29 62 1076 124 103 164 452 21 96 127 570 93 116 62 25 71 204 799 52 28 23 845 64 48 68 56 24 579
internal_value=8.25116e-05 0.000908351 -0.000172886 -0.000153534 0.000309701 -0.000136757 0.000793107 0.0014129 -0.00186379 -0.000135673 0.00227953 0.00183783 -0.00054789 -0.000322232 -0.000616351 0.0014026 -0.000769694 -0.00192279 -0.000439294 0.000259898 -0.000739086 -0.00135234 0.00258838 0.00196496 0.000834794 4.73485e-06 0.00145725 0.00169747 0.00110766 0.00205387 0.00116822 0.00285256 0.00223422 0.00166123 0.000401298 -0.00757979 0.000990462 -0.0016571 -0.00337907 5.21921e-05 -0.00370124 0.000558036 -0.000344645 0.000679612 0.000710015 -0.00368421 -0.00490132 -0.00693898 -0.0113636 -0.00248162 -0.00528701 -0.00134328 -0.00166331 -0.00324519 -0.00693431 0.00287474 0.0012995 0.000243506 0.00383828 -0.00356183 0.00383142 0.00428254
internal_weight=37113 8295 3819 28818 3347 28789 4741 3862 879 1369 2493 4476 613 24048 16029 1101 14928 3293 11635 8019 2896 2381 977 515 5123 2637 1917 2486 2402 1472 318 377 3863 2899 1451 91 1360 945 479 466 561 109 930 512 666 472 367 251 118 133 328 992 235 101 124 1448 603 151 964 183 780 896
internal_count=37113 8295 3819 28818 3347 28789 4741 3862 879 1369 2493 4476 613 24048 16029 1101 14928 3293 11635 8019 2896 2381 977 515 5123 2637 1917 2486 2402 1472 318 377 3863 2899 1451 91 1360 945 479 466 561 109 930 512 666 472 367 251 118 133 328 992 235 101 124 1448 603 151 964 183 780 896
cat_boundaries=0 2 4 6 7 9 11 13 14 16 17 19 20 22 23 24 25 26 27
cat_threshold=626554648 1243857 1344569507 327714 2422351384 1257488 3098 34639939 263681 201703457 32934 2461378162 1516105 512 16781312 4096 848 268509776 1245248 3085 542639128 1101953 414 3087 948 1800 184
is_linear=0
shrinkage=0.05


Tree=77
num_leaves=63
num_cat=14
split_feature=4 5 7 1 1 1 10 8 6 1 10 7 7 18 9 11 1 1 10 22 19 8 7 8 1 1 5 11 7 18 17 22 5 8 5 18 18 6 17 5 1 5 18 1 18 0 19 1 11 17 0 16 7 13 5 9 17 11 6 18 11 22
split_gain=2.7251 3.16859 2.85005 2.72543 2.66495 2.53215 2.61774 2.17384 1.81367 3.17019 1.73713 2.54327 2.43812 1.73194 1.74392 1.68197 1.6672 1.53823 1.53091 2.00237 2.38178 1.54576 2.35391 1.78911 1.92947 1.59663 1.51297 1.47129 1.39772 1.38322 1.34396 1.27316 1.26676 1.22953 1.64683 1.43216 1.81817 1.42542 1.21663 1.65445 1.1818 1.11146 1.0947 1.05677 1.39042 0.99819 0.919693 1.02764 1.92787 1.46386 1.75693 1.09348 0.893671 0.839255 0.969034 0.744206 1.37607 1.73285 1.22274 0.83804 1.27982 0.737264
threshold=0 5.5000000000000009 726.9100000000002 1 2 3 2894.4100000000003 1083.2350000000004 2501.0100000000007 4 1240.0550000000003 -1.0000000180025095e-35 363.51500000000004 0.2248390793765728 630.58000000000015 2893.4450000000006 5 6 3664.0200000000004 50.868457800820487 1181.5450000000001 2153.9600000000005 2375.9000000000005 1250.4900000000002 7 8 280.50000000000006 678.5200000000001 -1.0000000180025095e-35 0.074862242207750798 1.2462057845981271 29.700835087010731 319.50000000000006 137.89500000000001 169.50000000000003 1.3272448549253004 2.067242434056642 1734.8500000000001 2.0381009370404719 12.500000000000002 9 220.50000000000003 1.1984222991163191 10 1.8559844854446763 11 3699.4950000000003 12 4876.1300000000001 1.8570389352036487 13 1.4262758321506672 744.02500000000009 2.5000000000000004 188.50000000000003 535.90500000000009 1.0296196586129023 1667.8050000000003 1734.8500000000001 0.55138079756040759 1412.9450000000004 14.921136432348083
decision_type=9 2 2 9 9 9 2 2 2 9 2 2 2 2 2 2 9 9 2 2 2 2 2 2 9 9 2 2 2 2 2 2 2 2 2 2 2 2 2 2 9 2 2 9 2 1 2 9 2 2 1 2 2 2 2 2 2 2 2 2 2 2
left_child=1 30 5 18 13 38 8 43 17 29 11 -6 40 14 -3 45 42 28 21 20 41 23 -23 25 -25 -4 -18 -19 -7 -10 -1 -17 -11 34 -15 37 -37 -35 55 -40 -12 -20 -14 44 -8 -13 47 49 51 52 -51 -49 -5 54 -9 59 58 -58 -57 60 -2 -48
right_child=2 4 3 46 10 6 7 53 9 32 12 15 16 33 -16 31 26 27 19 -21 -22 22 -24 24 -26 -27 -28 -29 -30 -31 -32 -33 -34 35 -36 36 -38 -39 39 -41 -42 -43 -44 -45 -46 -47 61 48 -50 50 -52 -53 -54 -55 -56 56 57 -59 -60 -61 -62 -63
leaf_value=-0.026296783242973111 0.17624914705506164 -0.10935967036281086 0.32463577168977653 0.22047593235729224 -0.66970501262667781 -0.20697868737630448 -0.24995933901366707 -0.0057257363817418087 -0.75648504017894036 -0.015442034398975402 -0.095707248937817194 0.06376758966075613 -0.17769607210362087 0.069242493736924621 -0.67663740614318135 -1.4889207300733529 -0.23765238184493465 -0.28212768161721763 0.11040908958658804 -0.51636092500948516 -0.36339576802172829 -1.3469028869349995 0.13685682304726896 0.34184782667820884 0.8275582772973572 0.070846371129152527 0.049776049838478366 -0.008414018131364465 0.041528532953867631 -0.15865927858306306 -1.6322445116485416 0.33399553490331552 0.25238190595145654 -0.18102868575919473 -0.43539657418326105 -0.21863808149402331 0.11277841115461894 0.22310117130395454 -0.57745151593914368 0.30943752661118734 -0.33110045702976204 -0.045221787486402404 0.17112763408871953 -0.22167866199877864 0.049970945667823591 -0.09953867045298681 -0.31568390388238915 0.765122601228304 0.063210352618883997 0.5257073273355154 -0.18609641546911765 -0.16507012912601982 -0.049625907158497289 -0.098549767392233006 0.20864468121566324 0.26934359758424781 -0.26223421076948344 0.094378632468844703 -0.27239748198328462 0.23744994655767437 -0.74819606821458073 0.060400646974308893
leaf_weight=31 331 136 1130 73 38 153 117 126 37 2179 105 1289 208 71 27 29 831 744 373 36 44 34 51 657 715 2363 228 4004 8146 1744 78 24 255 225 37 314 211 1315 22 711 158 187 242 314 173 466 39 29 386 1415 327 1023 1500 45 84 37 149 635 214 375 47 26
leaf_count=31 331 136 1130 73 38 153 117 126 37 2179 105 1289 208 71 27 29 831 744 373 36 44 34 51 657 715 2363 228 4004 8146 1744 78 24 255 225 37 314 211 1315 22 711 158 187 242 314 173 466 39 29 386 1415 327 1023 1500 45 84 37 149 635 214 375 47 26
internal_value=7.57759e-05 -0.0008908 0.000266394 0.000941312 -0.000726037 -7.14459e-05 -0.00028055 -0.00297274 -0.000143354 -0.00104611 -0.0015767 -0.000473229 -0.00270423 0.000574713 -0.00429217 -0.000165654 -0.00187665 0.000144636 0.00169106 -0.000544323 8.23723e-05 0.00199374 -0.00440341 0.00211843 0.00367273 0.00149099 -0.00295009 -0.000567108 0.000557928 -0.00264075 -0.00926339 -0.00870536 0.000112383 0.000970818 -0.00405405 0.0012633 -0.000923295 0.00204148 0.00140588 0.00314198 -0.00718985 0.00106572 0.000593952 -0.00461285 -0.00189769 7.82139e-05 5.6924e-05 0.000149811 -0.000947622 0.000642278 0.00164756 -0.00208531 -0.000436231 0.000726744 0.00223005 0.000670017 -0.000156551 0.000825921 -0.00339567 0.00186839 6.56168e-05 -0.00569853
internal_weight=37113 6063 31050 10408 5954 20642 18121 859 17262 4215 3618 1846 1772 2336 163 1808 1509 13047 5590 640 604 4950 85 4865 1372 3493 1059 4748 8299 1781 109 53 2434 2173 108 2065 525 1540 2521 733 263 560 450 604 290 1755 4818 4753 1438 3315 1742 1052 1573 255 210 1788 1035 784 251 753 378 65
internal_count=37113 6063 31050 10408 5954 20642 18121 859 17262 4215 3618 1846 1772 2336 163 1808 1509 13047 5590 640 604 4950 85 4865 1372 3493 1059 4748 8299 1781 109 53 2434 2173 108 2065 525 1540 2521 733 263 560 450 604 290 1755 4818 4753 1438 3315 1742 1052 1573 255 210 1788 1035 784 251 753 378 65
cat_boundaries=0 1 3 5 7 9 11 13 15 17 19 21 22 24 25
cat_threshold=1 629274172 1358544 887652402 155698 1448411200 1279048 2685011257 528400 2165575945 262144 2710045971 803475 545334276 4224 92366336 1314960 33554624 640 2686452096 262160 1 786819 737281 1
is_linear=0
shrinkage=0.05


Tree=78
num_leaves=63
num_cat=19
split_feature=20 1 18 21 1 22 1 8 20 17 0 7 19 3 1 3 7 15 20 1 6 5 1 9 1 5 1 5 21 0 21 9 1 17 6 5 1 5 1 1 5 7 19 18 11 11 5 5 15 1 5 19 9 17 1 22 18 22 21 1 21 22
split_gain=3.22094 2.1687 2.82992 1.64701 2.48989 2.41548 2.09842 2.29959 1.85894 1.81616 2.18897 1.86891 2.97304 1.72874 2.02117 1.70969 2.90098 1.78328 1.69962 2.14884 1.66229 1.57579 2.25674 1.69096 1.97909 1.8198 1.57039 1.55361 1.97416 1.55085 1.54366 1.47152 3.07968 1.4372 1.43699 1.39143 1.3734 1.33921 1.36171 1.28444 1.2595 1.31971 1.22856 1.91212 1.2143 1.23847 1.2017 1.19522 1.17176 1.12383 1.27734 1.11316 1.11089 1.10129 1.04533 1.00525 0.992832 0.975076 1.04839 1.05343 1.13358 1.01535
threshold=266.50000000000006 0 0.37473138890562252 65.083916083916094 1 24.769518978822102 2 545.20000000000016 19.500000000000004 2.4679614824653431 3 881.80500000000018 92.024999999999935 4 5 6 102.40000000000002 5.5000000000000009 34.500000000000007 7 3056.7900000000004 199.50000000000003 8 410.39500000000004 9 164.50000000000003 10 104.50000000000001 20.200395843641765 11 81.7638888888889 1240.0850000000003 12 1.9393648833006294 1376.8900000000001 213.50000000000003 13 336.50000000000006 14 15 25.500000000000004 550.99500000000012 2705.1400000000008 0.23647051011280948 1970.6750000000004 456.94 103.50000000000001 336.50000000000006 5.5000000000000009 16 319.50000000000006 2487.1800000000007 283.86000000000018 0.6532748404044818 17 41.72229609002823 1.3388386149798952 8.0581179494340702 105.21111111111112 18 254.41666666666671 26.023644669623629
decision_type=2 9 2 2 9 2 9 2 2 2 1 2 2 1 9 1 2 2 2 9 2 2 9 2 9 2 9 2 2 1 2 2 9 2 2 2 9 2 9 9 2 2 2 2 2 2 2 2 2 9 2 2 2 2 9 2 2 2 2 9 2 2
left_child=3 40 26 4 5 21 37 18 34 15 27 -12 -13 14 33 16 -6 -18 44 46 -21 23 -23 24 -1 -25 29 28 -11 51 -31 36 -33 -9 -7 -24 -15 42 -39 48 41 -2 43 -5 45 -8 -20 -42 -10 56 -51 -3 -41 -45 -16 -46 -17 -4 -59 60 -60 -61
right_child=1 2 57 6 9 8 7 13 39 10 11 12 -14 31 54 49 17 -19 19 20 -22 22 35 25 -26 -27 -28 -29 -30 30 -32 32 -34 -35 -36 -37 -38 38 -40 52 47 -43 -44 53 55 -47 -48 -49 -50 50 -52 -53 -54 -55 -56 -57 -58 58 59 61 -62 -63
leaf_value=0.21826778453974588 -2.5235461214866057 2.2091874087321308 1.8546561936627719 -0.68375996895957769 -0.56345414381382786 -0.52734540700643595 -0.66456684641373198 -0.44342773992723328 -0.59497990853695293 0.011079840248130468 -0.044845608802637577 -0.037928287004837059 -0.79843432570694084 0.033580309534425014 0.89086334740149631 -0.41641717397680411 -0.53378192780560896 -0.047557040608303063 -0.057397548176270165 -0.075494801773349357 -0.29418120140082821 0.17298190999894134 0.3816058043425784 0.028801102679957148 -0.21605410097321709 -0.10745847894974048 -0.1948555400916348 0.36873888862671289 -0.33593537073571045 -2.3634594120827095 0.46269563444611284 -0.21814941602308507 0.25856669088219403 0.53629816117938445 -0.28840950844381635 0.010310110175761979 -0.12205553228693766 0.37626340619366455 -0.28380729240414582 0.082912628970839564 0.10813500999172519 -0.4036281076013577 0.60582233958673537 -0.09055192722233088 -0.15174152100745861 -0.059886392108603387 0.24002308870883102 -2.5043272861859962 -0.19086062950909641 -0.064815248199378936 0.098892808843734858 -0.78902413116520698 -0.028216696291384836 0.11846706801646079 0.24864509374437349 -0.80170324034985474 -0.008933863958472444 -0.34062491298515668 -0.81111921717494351 -0.48698169210635744 1.6601555484570143 1.4858307963924784
leaf_weight=102 25 195 1027 85 53 25 49 91 96 698 413 98 33 1561 227 134 430 554 524 2727 524 521 209 4025 638 780 577 799 47 24 34 428 1170 38 163 2073 1663 106 222 211 650 46 178 365 56 363 950 31 223 2361 422 38 1189 4694 1385 70 101 71 132 59 42 288
leaf_count=102 25 195 1027 85 53 25 49 91 96 698 413 98 33 1561 227 134 430 554 524 2727 524 521 209 4025 638 780 577 799 47 24 34 428 1170 38 163 2073 1663 106 222 211 650 46 178 365 56 363 950 31 223 2361 422 38 1189 4694 1385 70 101 71 132 59 42 288
internal_value=7.84702e-05 0.00158467 0.002295 -6.42029e-05 -0.000425279 4.74776e-05 0.000271755 -0.000103472 -0.00155105 -0.00122035 0 -0.00274223 -0.0079291 0.000515915 0.00186003 -0.00183896 -0.00360714 -0.0029382 -0.000885397 -0.000568422 -0.00129059 0.000419111 0.00138542 -6.08327e-05 -0.00228802 0.000272983 0 0.000937298 -0.000651738 0.00291941 -0.00368852 1.55119e-05 0.00126483 -0.00378521 -0.00628272 0.000664488 -0.000588782 0.00106392 -0.00196375 -0.000994483 -0.000718954 -0.00692568 0.00126291 0.00110744 -0.00355823 -0.00204819 0.00099193 0 -0.00380271 -0.00119597 -0.000880722 0.00492585 -0.000283086 0.0012421 0.00236923 -0.00794574 -0.00448589 0.0035373 0.00176471 0.00260019 -0.00040107 0.00413194
internal_weight=37113 3239 2487 33874 16398 10255 17476 11826 1907 6143 2088 544 131 6563 1741 4055 1037 984 5263 4725 3251 8348 2803 5545 740 4805 868 1544 745 291 58 4822 1598 129 188 2282 3224 5650 328 1719 752 71 5322 5144 538 412 1474 681 319 3018 2783 233 1400 5059 1612 126 235 1619 592 521 174 347
internal_count=37113 3239 2487 33874 16398 10255 17476 11826 1907 6143 2088 544 131 6563 1741 4055 1037 984 5263 4725 3251 8348 2803 5545 740 4805 868 1544 745 291 58 4822 1598 129 188 2282 3224 5650 328 1719 752 71 5322 5144 538 412 1474 681 319 3018 2783 233 1400 5059 1612 126 235 1619 592 521 174 347
cat_boundaries=0 2 4 6 7 8 10 11 13 15 17 19 20 22 24 25 27 29 31 33
cat_threshold=2159706209 4224 915517530 456387 3420242727 1220812 1 2 131080 1024 2 268501072 22033 100737090 132099 34603088 128 301990018 295440 1 2167872 278563 604181504 282657 2147516929 34603010 311424 1094860800 524292 2110464 327680 644 279040
is_linear=0
shrinkage=0.05


Tree=79
num_leaves=63
num_cat=26
split_feature=21 1 4 1 5 1 19 1 1 1 11 8 22 9 15 2 8 2 8 21 2 1 2 9 2 2 1 5 2 6 1 1 13 2 23 0 22 21 19 9 0 21 1 2 21 2 7 6 7 15 1 7 19 7 7 4 11 21 5 13 22 8
split_gain=2.84364 2.566 2.53217 2.57477 2.47992 3.12734 2.3689 3.77513 3.13931 2.15142 2.33349 2.13128 1.90979 1.7936 1.78957 2.04224 1.75124 1.57844 1.5916 1.576 1.81982 1.66248 1.45769 1.79876 1.44235 1.41534 1.97021 1.40251 1.23621 1.2324 1.67844 1.63269 1.40032 1.24246 1.18998 1.0829 0.944614 1.51627 0.900031 1.21697 1.06477 0.891333 0.923622 1.54322 1.12271 0.931657 0.877863 0.95559 0.849993 1.17097 0.877853 0.841164 0.838105 0.769591 0.95647 0.788737 0.769061 0.748368 0.687726 0.682447 0.683208 0.715986
threshold=212.70833333333334 0 1 2 52.500000000000007 3 992.65500000000009 4 5 6 992.05500000000018 1695.5700000000004 139.33681727070672 1177.3650000000002 1.5000000000000002 7 2014.5350000000001 8 1440.9600000000003 89.408333333333346 9 10 11 846.5100000000001 12 13 14 5.5000000000000009 15 2501.0100000000007 16 17 1.5000000000000002 18 3.5000000000000004 19 23.325756552332653 68.677083333333357 2631.2900000000009 604.49500000000012 20 555.50000000000011 21 22 332.25000000000006 23 1128.6050000000002 5898.4900000000007 363.51500000000004 2.5000000000000004 24 463.15000000000003 1977.0000000000002 502.85500000000008 180.01500000000001 25 1323.7450000000001 68.193750000000009 174.50000000000003 1.5000000000000002 172.9011777451386 603.6350000000001
decision_type=2 9 9 9 2 9 2 9 9 9 2 2 2 2 2 1 2 1 2 2 1 9 1 2 1 1 9 2 1 2 9 9 2 1 2 1 2 2 2 2 1 2 9 1 2 1 2 2 2 2 9 2 2 2 2 9 2 2 2 2 2 2
left_child=2 52 3 17 5 46 8 13 12 25 24 -12 16 22 15 57 28 18 48 21 -21 -16 -8 -24 -11 26 -6 -19 -4 31 35 32 -9 -33 -27 -31 -29 -38 40 -40 -7 42 45 53 -45 -3 47 -5 49 -1 -50 -14 59 54 -44 -55 -32 -10 -54 60 -2 -62
right_child=1 41 6 4 9 38 7 29 14 10 11 -13 51 -15 19 -17 -18 27 -20 20 -22 -23 23 -25 -26 34 -28 36 -30 30 56 33 -34 -35 -36 -37 37 -39 39 -41 -42 -43 43 44 -46 -47 -48 -49 50 -51 -52 -53 58 55 -56 -57 -58 -59 -60 -61 61 -63
leaf_value=-0.50919634824217441 0.3328249916106355 0.28985579583743121 0.038443781611254661 0.019742291543238057 -0.10993107335571209 -0.15087637480546634 0.0038653461959432533 0.4731247313310955 2.46905788448835 0.54164936142232578 -0.16665233376078029 0.3928440059552899 -0.014761426040503879 -0.26534093982661278 -0.00024595731840229009 0.13066412834237653 -0.45672700698639856 -1.2730142920883847 -0.82414022869491432 -0.038475164130640144 0.22593793912050125 -0.082881243494633605 -0.33583746484052474 0.14513283825728501 -0.078061845297017929 -0.07222011340349814 0.31398876270068521 0.25427763263655562 0.14734709075721839 -0.057826144514751654 -0.061390946795910395 -0.23427420992176487 -0.4848574519326001 0.18341295975279373 0.026388537774885812 -0.54305008350958361 -0.23336519314935444 0.28028228084900092 -0.060552312489126341 -0.75308246311350457 -0.32946277224653681 -0.32821306646359949 1.4503398155756333 -0.11148237502841454 0.91379980422963603 1.4007339362031332 0.38699180545744477 -0.38006850182081497 0.54181607576242496 0.036244956869831271 0.0019150689306018265 -2.156425169605066 -0.13215803427437864 0.37199217778167226 -0.13968768440200102 1.5754982076812576 0.18227543793126855 -0.64526058940435582 -1.4146412477715902 -0.20450717483735525 0.070183387415681336 -2.6124810242629302
leaf_weight=92 499 130 1058 402 115 892 519 1184 197 258 2501 170 28 202 4763 301 130 25 50 1643 2140 1438 639 81 288 2296 512 664 2952 2359 274 459 60 496 2573 88 106 386 33 59 359 64 142 636 165 297 75 24 121 162 471 34 36 232 246 353 496 25 32 35 22 24
leaf_count=92 499 130 1058 402 115 892 519 1184 197 258 2501 170 28 202 4763 301 130 25 50 1643 2140 1438 639 81 288 2296 512 664 2952 2359 274 459 60 496 2573 88 106 386 33 59 359 64 142 636 165 297 75 24 121 162 471 34 36 232 246 353 496 25 32 35 22 24
internal_value=8.25116e-05 0.00158179 -4.38558e-05 -0.000606863 -0.00092597 -0.00259881 0.000283841 -0.000479227 0.000643182 -0.000566487 -0.00159056 -0.00221111 0.00179715 -0.00274243 0.000174667 0.00301806 0.00194304 0.000986842 -0.000550055 2.0026e-05 0.000828711 -0.000465426 -0.00198269 -0.00341064 0.00132058 2.72282e-05 0.00224609 0.00218802 0.00213681 0.000119727 -0.000493012 0.00103883 0.00222753 -0.000477789 -0.000253482 -0.00114329 0.00250216 0.000707071 -0.00384403 -0.00894737 -0.003439 0.00237599 0.00256919 0.00197258 0.000261057 0.00474432 0.000705253 -5.82751e-05 0 -0.00243191 0.0010084 -0.00653846 -0.00113464 0.00330882 0.00140665 0.00452806 0.00150064 0.00648936 -0.00633803 -0.000428816 0 -0.00561224
internal_weight=37113 2913 34200 12634 10557 1844 21566 6857 14709 8713 3217 2671 4202 1441 10507 523 4140 2077 896 9984 3783 6201 1239 720 546 5496 627 1181 4010 5416 3217 2199 1244 955 4869 2447 1156 492 1343 92 1251 2265 2201 1774 801 427 501 426 846 254 592 62 648 973 388 585 770 222 68 580 545 46
internal_count=37113 2913 34200 12634 10557 1844 21566 6857 14709 8713 3217 2671 4202 1441 10507 523 4140 2077 896 9984 3783 6201 1239 720 546 5496 627 1181 4010 5416 3217 2199 1244 955 4869 2447 1156 492 1343 92 1251 2265 2201 1774 801 427 501 426 846 254 592 62 648 973 388 585 770 222 68 580 545 46
cat_boundaries=0 2 3 5 7 9 11 13 14 15 16 18 19 20 21 23 24 26 28 29 30 31 33 34 35 37 38
cat_threshold=2436024066 294955 3 479313922 188455 2147876953 262656 2424524835 790529 1439786787 922304 1648890060 1840200 323 3424 3121 2854883472 1064979 1456 1732 528 4160 267264 274 559710592 116384 559186768 98864 2721 1 1 67186705 70656 250 35 67108864 16384 5
is_linear=0
shrinkage=0.05


Tree=80
num_leaves=63
num_cat=28
split_feature=20 0 2 21 23 20 2 2 1 10 19 1 1 4 19 1 1 2 16 19 11 4 21 7 2 10 22 2 4 2 1 4 1 7 10 1 1 22 2 11 19 21 7 21 20 22 2 22 10 4 19 21 2 4 7 10 20 2 2 19 21 7
split_gain=3.41347 2.23955 8.19336 10.1478 8.55278 11.3851 8.84085 6.33678 4.21081 3.67573 3.51789 3.5002 3.04635 2.47765 2.42155 3.23172 2.73277 2.64529 2.18577 2.10045 2.04558 2.15274 1.99475 1.95216 1.93816 1.91914 1.88299 1.83212 2.16717 1.6719 3.16382 2.17667 1.66811 1.65784 1.55602 1.51805 1.51286 1.47732 1.4725 1.40162 1.38945 1.6055 1.23884 1.21421 1.18089 1.17714 1.17554 1.149 1.11151 1.09871 1.0922 1.08294 1.01467 1.103 1.55023 0.902241 0.867481 0.863315 0.852269 0.823719 0.814752 0.762098
threshold=330.50000000000006 0 1 56.023809523809533 6.5000000000000009 27.500000000000004 2 3 4 2868.4750000000004 447.11999999999995 5 6 7 1539.2150000000001 8 9 10 0.73500235127128011 992.65500000000009 1601.4750000000001 11 157.55000000000004 1240.0450000000003 12 2067.3050000000007 2.8503542240076025 13 14 15 16 17 18 1240.0450000000003 1418.7150000000004 19 20 33.391282960528734 21 979.53500000000008 1189.7950000000001 1.0000000180025095e-35 60.600000000000009 7.5000000000000009 62.500000000000007 38.603390765444679 22 19.389491469466002 1135.4250000000004 23 3572.6550000000007 15.127441244620988 24 25 554.27500000000009 4897.2600000000011 47.500000000000007 26 27 1023.1900000000001 232.12500000000003 192.905
decision_type=2 1 1 2 2 2 1 1 9 2 2 9 9 9 2 9 9 1 2 2 2 9 2 2 1 2 2 1 9 1 9 9 9 2 2 9 9 2 1 2 2 2 2 2 2 2 1 2 2 9 2 2 1 9 2 2 2 1 1 2 2 2
left_child=1 7 3 4 5 9 -7 18 24 -3 12 -12 42 38 16 17 40 50 59 36 23 -22 43 -18 26 35 -5 32 -29 30 -17 -31 -14 -19 -26 48 60 58 -13 -15 57 -42 -4 52 56 -45 -44 55 -20 -27 -16 -51 53 -21 -55 -6 -10 -9 -38 -1 -2 -46
right_child=19 2 10 8 47 6 -8 14 44 -11 11 13 27 39 15 29 20 33 25 22 21 -23 -24 -25 34 49 -28 28 -30 31 -32 -33 -34 -35 -36 -37 37 -39 -40 -41 41 -43 46 45 61 -47 -48 -49 -50 51 -52 -53 -54 54 -56 -57 -58 -59 -60 -61 -62 -63
leaf_value=0.052182561041941883 0.98552616529027226 -0.064992951038707156 -0.43658194111150783 -1.6939503046600457 0.11985526780550614 -0.13596682288379941 -1.0911126362881567 0.19779314102096279 0.1959066821912801 -0.2959945310423901 0.28837078789180082 0.24357975466629089 0.029866648794911878 -0.32787132316926293 -0.060450654368433734 -0.27938121764653323 0.070592784408547257 0.13988204103254614 -0.067911369838751595 1.1677180771241544 -0.058733143469576192 0.032903506273849546 1.1954556884477214 2.0130922582151407 -0.81557736795597158 -0.10120346814497908 0.70037172140029691 -0.065294741035916107 0.047362818049516968 -0.12146101493775022 0.0099555707425759369 -0.42733583962169863 0.25299397159568304 -0.16146465294350973 0.023418812019014901 0.62181448846994913 0.92242847911544357 0.45715721183282909 -0.30366886479681698 -0.48633605543589609 1.2404738087037956 -0.25138515960412749 -0.2825133684963696 -1.1332772575793764 -0.3937615420700919 -0.0078565941006079505 -0.014875258420089877 -0.13636238141855711 0.38691544328183514 1.2249967316251866 -0.34739347328452092 0.044348386269593393 1.5349081293561548 -2.7713510205990932 0.56011868663904563 -0.14052162341553198 -0.40362072020711326 0.04965995555575136 3.0410041324008703 -0.35166386641271963 -2.2784412101071054 0.6660004463934549
leaf_weight=23 100 245 63 75 147 108 247 621 143 54 365 132 1186 403 681 340 4546 1330 250 130 6663 4836 415 175 194 221 193 1349 2108 994 1512 586 1050 80 66 1043 112 157 299 207 65 180 175 92 20 79 462 142 230 44 104 288 200 69 66 46 36 603 421 38 28 276
leaf_count=23 100 245 63 75 147 108 247 621 143 54 365 132 1186 403 681 340 4546 1330 250 130 6663 4836 415 175 194 221 193 1349 2108 994 1512 586 1050 80 66 1043 112 157 299 207 65 180 175 92 20 79 462 142 230 44 104 288 200 69 66 46 36 603 421 38 28 276
internal_value=6.23047e-05 -4.68125e-05 -0.000690474 -0.00354115 -0.00714466 -0.0104642 -0.0165154 0.000198873 0 -0.00302152 3.68024e-05 -0.00221789 0.000541354 -0.00368833 -3.85786e-05 -0.000943606 0.00024658 0.000537817 0.00279651 0.00214343 5.54426e-05 -0.000301035 0.000604839 0.00093406 -0.00304991 0.00310245 0 0.000931038 0.000190922 -0.00190131 -0.000831099 -0.00310734 0.00204535 0.00184469 -0.00604396 0.00402195 0.00404994 0.0049431 -0.000591216 -0.00573836 0.00230263 -0.000957661 -0.00252454 -0.00109546 0.00335553 -0.00466954 -0.00177734 -0.000480769 0.00141988 0.000472122 -0.00173872 0.00231884 0.000133547 -0.0017536 -0.00481419 0.00184949 0 0.00301548 0.00627332 -0.00605469 -0.00070922 0.00535117
internal_weight=37113 35244 9791 1992 989 654 355 25453 1003 299 7799 1406 6393 1041 23316 5627 17689 2195 2137 1869 16220 11499 1051 4721 528 2076 268 5693 3457 3432 1852 1580 2236 1410 260 1523 818 690 431 610 1469 245 700 636 475 171 637 335 480 553 785 332 465 265 135 193 179 1224 533 61 128 296
internal_count=37113 35244 9791 1992 989 654 355 25453 1003 299 7799 1406 6393 1041 23316 5627 17689 2195 2137 1869 16220 11499 1051 4721 528 2076 268 5693 3457 3432 1852 1580 2236 1410 260 1523 818 690 431 610 1469 245 700 636 475 171 637 335 480 553 785 332 465 265 135 193 179 1224 533 61 128 296
cat_boundaries=0 1 2 3 4 6 8 10 11 13 15 16 17 18 19 20 21 23 24 26 28 30 31 32 33 34 35 36 37
cat_threshold=1 272 16 256 2751496321 360465 2227208470 33409 218107910 26912 18 46470524 172788 1427112450 143432 2248 7 256 586 35 2776 2434269698 791552 22 2722128736 4738 2184103011 5296 2148007936 66081 194 1154 9 2233 6 1197 2564
is_linear=0
shrinkage=0.05


Tree=81
num_leaves=63
num_cat=26
split_feature=0 2 21 23 15 2 2 6 1 1 1 12 10 6 1 1 23 7 1 9 21 1 2 15 1 2 21 1 9 1 12 23 7 10 2 6 9 21 11 21 1 1 2 10 9 1 9 9 21 2 1 19 1 21 23 9 21 10 1 1 15 19
split_gain=2.23813 6.96908 8.13868 5.46595 8.34125 8.2002 5.06767 4.28193 3.77133 3.55289 3.43901 3.18195 3.01732 2.7541 3.1608 2.46376 2.38398 2.26447 2.12832 1.98965 1.98589 2.27957 1.97641 1.94483 2.29781 1.78178 1.96493 1.98882 1.86979 1.70997 1.6598 2.12442 1.98611 1.59508 1.56577 1.61 1.65686 1.58227 1.53337 1.49272 1.80921 1.53685 1.48214 1.38406 1.29597 1.26081 1.24931 1.23605 1.2296 1.19267 1.37467 1.18845 1.17547 1.16225 2.52789 1.20025 1.12053 1.11592 1.11492 0.984794 0.977131 0.964261
threshold=0 1 49.020833333333336 6.5000000000000009 1.5000000000000002 2 3 1376.8900000000001 4 5 6 1.0000000180025095e-35 537.93000000000018 2012.74 7 8 3.5000000000000004 255.47500000000002 9 358.73000000000008 215.70833333333334 10 11 2.5000000000000004 12 13 27.032258064516132 14 1530.3100000000002 15 1.5000000000000002 9.5000000000000018 1310.4000000000003 2205.1950000000002 16 4496.4800000000005 2593.1150000000002 36.718253968253975 4510.6900000000014 61.026315789473692 17 18 19 363.98500000000007 557.24000000000012 20 529.10500000000013 2409.8700000000003 104.05000000000001 21 22 2226.1750000000006 23 76.348484848484858 1.5000000000000002 185.03000000000003 22.509259259259263 2253.4550000000004 24 25 4.5000000000000009 2858.9050000000002
decision_type=1 1 2 2 2 1 1 2 9 9 9 2 2 2 9 9 2 2 9 2 2 9 1 2 9 1 2 9 2 9 2 2 2 2 1 2 2 2 2 2 9 9 1 2 2 9 2 2 2 1 9 2 9 2 2 2 2 2 9 9 2 2
left_child=6 2 3 4 11 -6 18 9 16 19 22 -2 -7 14 -8 34 17 -4 -1 -3 30 -22 59 -24 -25 28 45 -28 33 42 32 -32 -17 -12 57 36 -36 -37 -20 41 43 47 48 -41 46 -27 -31 -11 -16 58 -51 -23 -46 54 -10 -55 -30 61 -21 -9 -61 -15
right_child=1 7 8 -5 5 12 13 10 53 39 25 -13 -14 15 29 20 -18 -19 38 49 21 51 23 24 -26 26 27 -29 56 44 31 -33 -34 -35 35 37 -38 -39 -40 40 -42 -43 -44 -45 52 -47 -48 -49 -50 50 -52 -53 -54 55 -56 -57 -58 -59 -60 60 -62 -63
leaf_value=0.01720768646716575 2.3465955837868959 -0.17346123439778732 0.0080191331383341891 -0.007351637217258622 -0.086838642350828374 -0.080430445557481939 0.79133257331283691 0.11834525530729501 -1.4710077541766413 0.084253303130284965 0.054391714572777076 -0.94193482367968595 -0.89940717423870076 0.10525307956717961 -0.4172853286385107 -0.029971552494205869 -0.040954025733501001 -1.5002548189904261 0.50968088437233428 0.3619071521716315 -0.246081304569994 0.78483275466081048 -1.2164943389462333 0.036167729432613885 -0.28987052968103566 -0.34399025068591255 -0.1379136436978424 0.10783105828151261 -0.16893605208301402 0.19085735024807704 -0.52121402321565202 0.049478255773989455 0.14090160663676343 -0.36752701288556477 0.093403507827460971 -0.34301003674100633 -1.2454836522150197 -0.025485354038765354 -0.032474412742623394 -0.63273122348652544 0.41652105230640973 0.29422697361659261 0.30626793244221107 0.046073397884819303 -0.037966725555395799 -0.14834037511439463 -0.40651250617538165 -0.20516509603649721 -0.014735234171601342 -0.39708294250617798 0.08161622435002798 -0.13641524165357694 0.72208792003035294 -0.76794766640163614 0.040213784801448507 0.56824470587860521 0.19310990874440359 0.40869258430995176 -0.0037520402172793511 0.20217601034011212 -0.17669842744694542 0.60722597608075202
leaf_weight=765 63 435 72 250 149 28 310 103 21 272 836 108 288 697 139 15261 269 163 1311 337 326 1049 100 149 211 106 891 699 47 605 206 114 1567 109 2410 155 27 432 169 81 585 713 166 608 115 275 80 24 95 274 521 121 542 23 227 418 313 124 309 81 113 56
leaf_count=765 63 435 72 250 149 28 310 103 21 272 836 108 288 697 139 15261 269 163 1311 337 326 1049 100 149 211 106 891 699 47 605 206 114 1567 109 2410 155 27 432 169 81 585 713 166 608 115 275 80 24 95 274 521 121 542 23 227 418 313 124 309 81 113 56
internal_value=6.49989e-05 -0.000560882 -0.00313695 -0.00677728 -0.00923318 -0.012687 0.000306389 9.14077e-05 -0.000407609 0.00122237 -0.00106231 0 -0.0170213 9.59976e-05 0.00184915 -6.15354e-05 -0.00367505 -0.00740546 0.00257418 -0.000370566 -0.000302835 0.00143429 -0.00407468 -0.00613108 -0.00426997 -0.000334448 -0.00129158 -0.000486503 0.0010717 0.000954416 -0.000457699 -0.00402477 -0.000386192 -3.9557e-05 0.00107626 0.000510372 0.00109119 -0.00180085 0.00368386 0.00254247 0.00135082 0.00401433 -0.00181598 -0.000338319 0.00182657 -0.00452474 0.000236192 0.000647249 -0.00435223 0.000493421 -0.000758045 0.00247253 0.00342803 0.00194088 -0.00059761 0.00351914 0.00413223 0.00293539 0.00208649 -0.000604839 -0.00277778 0.00213294
internal_weight=37113 10271 2079 886 636 465 26842 8192 1193 4159 4033 171 316 24597 2052 22545 504 235 2245 1876 18644 1496 757 460 360 3276 1971 1590 1305 1742 17148 320 16828 945 3901 3024 2437 587 1480 2283 1274 1009 400 689 1342 381 685 296 234 1441 795 1170 657 689 248 441 360 877 646 297 194 753
internal_count=37113 10271 2079 886 636 465 26842 8192 1193 4159 4033 171 316 24597 2052 22545 504 235 2245 1876 18644 1496 757 460 360 3276 1971 1590 1305 1742 17148 320 16828 945 3901 3024 2437 587 1480 2283 1274 1009 400 689 1342 381 685 296 234 1441 795 1170 657 689 248 441 360 877 646 297 194 753
cat_boundaries=0 1 2 3 4 6 8 10 12 14 16 18 19 20 21 23 25 26 28 30 31 33 34 36 38 40 42
cat_threshold=1 272 16 256 2751496192 376857 151531983 1341968 389296128 135466 42205252 344072 1325478400 172648 101069932 13988 11977750 2 588 319029248 712 541589594 328320 136457 33281 1030 537920000 32773 2147762192 65664 235 129 16 1102 72 1069568 2148007936 1042 136 1053184 67112960 131112
is_linear=0
shrinkage=0.05


Tree=82
num_leaves=63
num_cat=10
split_feature=20 4 1 1 18 1 17 0 5 19 19 12 1 19 1 18 18 18 21 21 14 5 20 18 17 17 22 5 21 20 5 18 21 3 5 17 19 19 15 18 5 19 22 18 20 22 20 17 19 5 18 5 1 20 19 1 20 20 22 17 18 19
split_gain=2.94845 2.18154 4.48607 2.54858 1.975 1.94753 2.34217 2.11668 1.90905 1.74254 1.7144 1.65657 1.551 1.52905 1.49768 1.43622 1.41566 1.39681 1.36817 2.64893 1.30953 1.26174 2.79352 2.38374 1.57126 1.1693 2.26316 1.39198 1.15159 1.12066 1.10693 1.02462 1.52181 1.01606 1.00995 0.980417 0.941118 1.7431 0.926164 0.940918 0.87252 0.853279 1.11064 0.875642 0.846405 0.837056 0.954292 0.811871 0.783839 0.780713 1.19179 0.873843 0.723865 0.802665 0.638714 0.632977 0.962914 0.838974 0.599441 0.862242 0.667106 0.589418
threshold=330.50000000000006 0 1 2 0.37473138890562252 3 0.74915590021197931 4 3.5000000000000004 1617.05 911.11500000000001 1.5000000000000002 5 1137.5700000000002 6 0.39545098780092852 0.074862242207750798 0.50822042894670572 148.07142857142858 7.5000000000000009 8.5000000000000018 25.500000000000004 16.500000000000004 0.26305591269350187 0.8958494933451534 1.9211189828285065 1.0000000180025095e-35 50.500000000000007 208.41666666666671 1.5000000000000002 327.50000000000006 1.2167810168977449 157.55000000000004 7 70.500000000000014 2.3864110089550059 1364.0250000000001 795.95500000000004 1.5000000000000002 0.39545098780092852 270.50000000000006 1529.5000000000002 29.176025665915461 0.25349665986322739 119.50000000000001 45.765817697618338 2.5000000000000004 2.1426094545856826 1999.9000000000001 222.50000000000003 0.61157038549457388 40.500000000000007 8 405.50000000000006 2593.7000000000007 9 84.500000000000014 188.50000000000003 9.8706905179914326 1.9770330993487575 1.1269014052426869 1563.0050000000001
decision_type=2 9 9 9 2 9 2 1 2 2 2 2 9 2 9 2 2 2 2 2 2 2 2 2 2 2 2 2 2 2 2 2 2 1 2 2 2 2 2 2 2 2 2 2 2 2 2 2 2 2 2 2 9 2 2 9 2 2 2 2 2 2
left_child=1 2 13 28 18 6 17 8 44 -10 12 16 -9 30 -6 45 -5 38 19 52 21 22 23 -7 -24 26 -23 -27 36 -13 55 32 -19 -33 -31 -18 37 -4 54 -40 47 43 48 -21 -8 46 -15 -20 -43 51 -51 -17 -2 -54 -3 56 -1 -57 -16 -60 -61 -49
right_child=4 5 3 11 14 20 7 10 9 -11 -12 29 -14 15 58 49 35 31 40 41 -22 25 24 -25 -26 27 -28 -29 -30 34 -32 33 -34 -35 -36 -37 -38 -39 39 -41 -42 42 -44 -45 -46 -47 -48 61 -50 50 -52 -53 53 -55 -56 57 -58 -59 59 60 -62 -63
leaf_value=0.25400571652756149 -0.65467760187221369 2.1901828125073579 -0.47794454093057537 -1.054730629443114 -0.038042682756839953 0.071002169852255118 -0.01145341483584943 0.19929205573570263 0.090103028345218217 -0.013804489076837713 -0.39230240104615044 0.109071241169855 -0.043519272917050024 -0.0255696814564506 2.9699931645227071 0.087488263640218389 0.0017182445208152597 -0.34842181101222208 2.3302129344120077 -0.31176459273732143 -0.165803968496962 -0.32056295538512725 -0.28396720208205978 -0.87675022352207288 -0.006084072381205452 -0.17574625611313516 -0.025216941438073983 0.041051787018678537 1.3571529344276805 0.085397432933475015 0.54958360176801857 0.059173032752235601 1.2319908559224892 -0.20589020243647724 -0.781586340539692 0.22737968963941224 -0.57530837732667361 0.67755784047599588 -0.39092876373364049 0.30562402225490315 -0.046946993853101304 0.12544135698169862 0.047709156165745982 -2.7865488986777005 -2.0102256383290298 -0.24046388947772909 0.50504290224820947 1.3938666757646929 -1.2980235170323065 0.1496924733599517 -0.20628110045940753 -0.29691373011185379 -0.13511859741829771 1.4934733608138402 -0.53764372951559103 0.14138246058677906 -0.11417770989818923 0.74429491208812815 -0.6192356522116701 1.4392537098820186 -1.9027660881594013 0.40237972824212814
leaf_weight=172 162 97 176 27 217 47 39 510 7244 2525 300 36 2987 94 516 30 3607 448 53 27 23 1008 128 135 712 401 6599 4223 25 20 132 189 67 172 49 1023 51 28 105 88 102 22 47 34 37 70 198 77 25 81 27 140 72 181 25 834 184 131 35 159 22 118
leaf_count=172 162 97 176 27 217 47 39 510 7244 2525 300 36 2987 94 516 30 3607 448 53 27 23 1008 128 135 712 401 6599 4223 25 20 132 189 67 172 49 1023 51 28 105 88 102 22 47 34 37 70 198 77 25 81 27 140 72 181 25 834 184 131 35 159 22 118
internal_value=4.88334e-05 -5.24867e-05 0.000725727 -7.4184e-05 0.00198317 -0.000252027 0.000138926 0.000327959 0.000717151 0.000784128 -0.000667763 0.000193717 -0.000339286 0.002665 0.00358456 0.000544323 0.00034603 -0.00197864 0.000270856 -0.00117801 -0.000692302 -0.000666679 -0.00236585 -0.00797297 -0.00106762 -0.000520067 -0.000901774 9.72552e-05 -0.00460751 -0.00590278 0.00358001 -0.00301479 -0.00446429 -0.000789835 -0.00954861 0.00042629 -0.0058624 -0.00386473 0.000746855 -0.00121173 0.00276204 -0.00672468 -0.00283505 -0.0115234 -0.00696203 0.00267123 0.00389831 0.00438247 -0.00825 -0.00204626 0.000900901 -0.00419075 0.000807416 0.0024906 0.0042 0.00306835 0.000948509 0.00374489 0.00463087 0.00205479 0.00360054 0.00246212
internal_weight=37113 35244 7135 5042 1869 28109 14833 13642 9845 9769 3797 4762 3497 2093 949 640 4657 1191 920 570 13276 13253 1022 182 840 12231 7607 4624 280 105 1453 876 515 361 69 4630 255 204 315 193 350 155 94 61 76 362 292 248 47 278 108 170 415 253 122 1321 356 965 732 216 181 195
internal_count=37113 35244 7135 5042 1869 28109 14833 13642 9845 9769 3797 4762 3497 2093 949 640 4657 1191 920 570 13276 13253 1022 182 840 12231 7607 4624 280 105 1453 876 515 361 69 4630 255 204 315 193 350 155 94 61 76 362 292 248 47 278 108 170 415 253 122 1321 356 965 732 216 181 195
cat_boundaries=0 1 3 5 7 8 10 12 13 15 17
cat_threshold=16 87127139 1185301 402784256 591872 2118419218 1024747 1 268468240 196673 2148007984 4784 5 536870913 278657 67125248 513
is_linear=0
shrinkage=0.05


Tree=83
num_leaves=63
num_cat=12
split_feature=20 4 5 1 19 1 11 7 1 10 23 1 1 1 11 9 19 10 5 5 20 19 1 19 10 11 10 4 22 22 7 1 5 20 9 4 20 5 20 20 22 22 15 9 4 22 22 5 19 7 9 5 11 7 10 20 9 11 11 19 19 7
split_gain=2.38415 1.9119 2.62838 2.24762 1.80948 1.76173 1.82431 1.80729 2.36652 2.78497 2.27567 1.87269 1.5694 1.51721 1.44235 1.35185 2.03207 1.79517 1.30566 1.52298 1.28949 1.25839 1.78532 1.24262 1.15623 1.68872 1.70236 1.14684 1.12015 1.07868 1.33212 1.07015 1.10371 1.04982 1.04571 0.887374 2.56022 0.85257 0.815194 0.807894 0.762437 0.754875 0.748347 0.727466 0.695243 0.988637 0.909707 0.731487 0.655201 0.616074 1.44587 0.591456 0.585618 0.574991 0.563492 0.563287 0.546815 0.897833 0.541524 0.536339 0.531297 0.981291
threshold=330.50000000000006 0 5.5000000000000009 1 992.65500000000009 2 862.54000000000008 436.44000000000005 3 3034.6850000000004 3.5000000000000004 4 5 6 251.95500000000001 947.9050000000002 2226.1750000000006 1087.4850000000004 350.50000000000006 355.50000000000006 243.50000000000003 1893.53 7 3890.3700000000003 2993.2600000000007 2916.4750000000004 1967.2150000000004 8 -1.0000000180025095e-35 46.087222211380244 1744.9550000000002 9 23.500000000000004 224.50000000000003 385.84000000000015 10 69.500000000000014 150.50000000000003 38.500000000000007 53.500000000000007 63.648447914279068 108.28800317254432 5.5000000000000009 1395.3050000000003 11 26.787484826973778 -1.0000000180025095e-35 94.500000000000014 764.59500000000014 855.18000000000018 579.09500000000014 180.50000000000003 678.5200000000001 615.23500000000013 1446.7350000000004 437.50000000000006 1152.7900000000002 1120.7000000000003 792.47500000000014 35.20000000000028 1243.6250000000002 509.73000000000008
decision_type=2 9 2 9 2 9 2 2 9 2 2 9 9 9 2 2 2 2 2 2 2 2 9 2 2 2 2 9 2 2 2 9 2 2 2 9 2 2 2 2 2 2 2 2 9 2 2 2 2 2 2 2 2 2 2 2 2 2 2 2 2 2
left_child=1 2 35 23 13 7 31 8 9 -4 -10 20 44 41 51 17 -17 -8 21 -20 -9 27 -23 24 25 26 -3 -16 -15 43 -31 58 -33 -13 -21 36 42 52 54 -37 59 -2 -1 -26 49 46 -46 -47 -27 50 55 -5 -30 -40 -25 -6 57 60 -7 -39 61 -14
right_child=4 3 5 14 12 6 15 11 10 -11 -12 33 56 28 18 16 -18 -19 19 34 -22 22 -24 38 29 48 -28 -29 37 30 -32 32 -34 -35 -36 39 -38 40 53 -41 -42 -43 -44 -45 45 47 -48 -49 -50 -51 -52 -53 -54 -55 -56 -57 -58 -59 -60 -61 -62 -63
leaf_value=-0.83533604094804348 3.2241603593436254 0.11785421441525608 0.093007787127679528 -0.52405587033600198 1.751640344901972 0.85454829676373945 -0.059107220609889134 0.29923500457062674 -0.30985567939307757 -0.31901593046786342 -0.0085807725395566688 -0.0038032861460708389 -0.40182413115313698 3.0305396261383373 -0.0029058687078306281 -0.0066454759858564751 -0.23462010343735376 -0.2205292224160047 -0.44690745350111388 1.3130135957390945 -0.56949473837768216 0.062264088444191901 -0.12006797528183828 -0.45514735416506658 -0.47860953264281125 0.25491328046982531 -0.21962713660135835 0.055844951345237842 -0.82596481456767634 -0.78125266445191466 0.15674928755296544 -0.5208336865293427 0.028451043954357137 0.52195007133745719 -0.071603162076037299 -0.16262276320187366 0.34079653584460029 0.61743717233103368 -0.29116458418029251 -1.552256315550735 1.3998671849189208 -0.24593413836491376 -0.46471744770075507 0.028643365778405185 -0.58413640413935453 2.0076661726337179 -1.075952361880951 -0.23705435790025292 0.002958636003283388 2.0756196510245859 -2.6991956115079812 -0.044701234489177823 1.4900652937048513 -0.64569729825606148 0.31519278621385677 -0.3492600871976308 3.296469006116121 -1.4840369411366803 -0.022491274716854994 -1.5848011247841094 0.19460663771005215 3.7735397647906694
leaf_weight=29 270 2816 680 108 61 183 1386 869 883 20 1127 2728 25 228 10280 2650 236 1135 128 33 61 415 1330 25 49 783 229 4959 33 31 27 38 574 269 216 35 67 24 32 71 32 24 20 458 116 31 89 32 117 45 35 51 111 23 33 41 57 28 40 96 421 70
leaf_count=29 270 2816 680 108 61 183 1386 869 883 20 1127 2728 25 228 10280 2650 236 1135 128 33 61 415 1330 25 49 783 229 4959 33 31 27 38 574 269 216 35 67 24 32 71 32 24 20 458 116 31 89 32 117 45 35 51 111 23 33 41 57 28 40 96 421 70
internal_value=5.69162e-05 -3.40455e-05 -0.000513764 0.000247676 0.00179621 -0.000416279 -0.00101918 0.000144737 -0.000838555 0.0016129 -0.00171775 0.000836514 0.000367647 0.00356273 -8.5553e-06 -0.00136091 -0.000597092 -0.00221375 3.23946e-05 -0.00286184 0.00278367 0.000100077 -0.00116562 0.00122681 0.00136827 0.0016749 0.00108678 0.000248491 0.00167598 -0.000682218 -0.00696721 0.00111874 0 0.000203488 -0.000347222 -0.00588889 -0.00155039 -0.000167224 -0.00377155 -0.00903361 -0.00290323 0.00643322 -0.0103365 0 -0.00178186 -0.00338078 -0.00522837 0.00132576 0.00359911 0.000384615 -0.000982143 -0.00470679 0.00238095 -0.00797414 0 0.00166667 0.00205619 0.00146252 0.00397246 -0.00487805 0.00202312 0.00548469
internal_weight=37113 35244 13101 22143 1869 12879 6242 6637 2710 700 2010 3927 1051 818 17520 5407 2886 2521 17361 377 930 16984 1745 4623 4510 3945 3045 15239 524 565 58 835 612 2997 249 222 116 296 113 106 152 294 49 507 450 268 205 63 900 182 137 159 144 55 58 102 601 544 223 120 516 95
internal_count=37113 35244 13101 22143 1869 12879 6242 6637 2710 700 2010 3927 1051 818 17520 5407 2886 2521 17361 377 930 16984 1745 4623 4510 3945 3045 15239 524 565 58 835 612 2997 249 222 116 296 113 106 152 294 49 507 450 268 205 63 900 182 137 159 144 55 58 102 601 544 223 120 516 95
cat_boundaries=0 1 3 5 7 9 11 13 15 16 18 19 20
cat_threshold=35 1426138928 1245888 3189624838 286767 2449571846 46 202428416 286720 562336568 4225 536876812 49152 33554497 9257 12 8519761 66560 2 20
is_linear=0
shrinkage=0.05


Tree=84
num_leaves=63
num_cat=22
split_feature=20 18 4 1 2 1 22 6 1 2 1 20 1 1 1 7 4 18 6 5 23 8 7 1 23 1 1 1 20 6 1 16 1 20 20 18 20 1 18 18 2 6 8 8 8 22 18 20 2 5 4 22 6 18 22 20 6 2 22 19 20 20
split_gain=2.13504 1.99711 1.65774 3.87358 2.36718 4.44148 3.06151 2.75521 3.09307 2.24923 2.97672 2.16948 3.09783 2.15336 2.14591 2.35829 1.98804 1.80957 1.79988 7.25005 12.6879 2.5713 2.43313 1.71117 1.53896 1.52578 1.52239 1.50928 1.4914 1.48852 1.4856 1.38618 1.31477 1.27316 1.26786 1.25519 1.23426 1.16764 1.14281 1.13638 1.08369 1.05492 1.04009 0.983173 1.15824 0.928059 0.923506 0.895663 0.875641 0.769252 0.77844 1.18065 0.76194 0.74955 0.742306 0.738774 0.735246 0.711296 0.710598 0.707304 0.686683 0.673232
threshold=330.50000000000006 0.37473138890562252 0 1 2 3 37.170455823483891 2501.0100000000007 4 5 6 26.500000000000004 7 8 9 1654.5450000000003 10 0.97011058223085611 1734.8500000000001 180.50000000000003 3.5000000000000004 182.12000000000003 115.38000000000001 11 11.500000000000002 12 13 14 57.500000000000007 3372.3600000000001 15 0.98184409077813795 16 188.50000000000003 1.0000000180025095e-35 0.65703272107350397 290.50000000000006 17 1.6684000384312279 0.33158155282093554 18 5898.4900000000007 1890.7850000000003 448.42500000000007 360.12500000000006 19.792222939958773 0.11612129556012962 630.00000000000011 19 327.50000000000006 20 40.200025664965729 1734.8500000000001 0.38987225380458496 9.8706905179914326 174.50000000000003 2012.74 21 86.999900398968549 92.024999999999935 48.500000000000007 397.50000000000006
decision_type=2 2 9 9 1 9 2 2 9 1 9 2 9 9 9 2 9 2 2 2 2 2 2 9 2 9 9 9 2 2 9 2 9 2 2 2 2 9 2 2 1 2 2 2 2 2 2 2 1 2 9 2 2 2 2 2 2 1 2 2 2 2
left_child=2 37 3 33 5 18 16 8 24 10 28 12 -10 39 41 32 17 -7 19 20 -4 -21 35 -13 36 56 -18 -3 53 38 -31 -12 -16 40 -24 -20 -6 48 -15 -9 43 46 -33 44 -1 -43 -11 54 -2 50 57 61 -30 -5 -29 -42 -8 -39 -35 -41 -26 -52
right_child=1 27 4 9 7 6 25 13 11 14 31 23 -14 29 15 -17 26 -19 22 21 -22 -23 34 -25 60 -27 -28 47 52 30 -32 42 -34 58 -36 -37 -38 49 -40 59 55 45 -44 -45 -46 -47 -48 -49 -50 -51 51 -53 -54 -55 -56 -57 -58 -59 -60 -61 -62 -63
leaf_value=-0.031458713185529598 -0.67447971834102849 -0.07121757094493511 -1.2189017172708363 0.11120851700402756 0.11326517440929403 -0.10026256759965975 0.2831382955760039 0.13028657142570718 -0.23803527050458842 -1.0108721899864308 -0.5115931113485952 -0.063839305951997369 0.02945994175712734 -0.34717771340635617 -0.0029393499360151898 0.44932029579688249 0.040162789696514614 -0.54044967715838166 0.02602026183008084 -1.6050228600879741 0.38065029064856615 0.59131744665290131 1.4699210779877534 0.013691678036350342 0.010984130041609808 0.54149452383214691 -0.19699448080462176 2.8965074298523135 -0.14651187482278108 0.12393566909542245 -0.054741013655514162 -0.18859254295496122 -0.32354825706538493 1.2940101964206958 0.26914347712246639 -0.27597142050991874 1.7044598860603046 -0.63047797244009685 -0.0027191797436288746 -0.16791753709833401 0.26930346933062027 -0.15711442623098215 -0.64099229478965192 0.14322061396193284 -0.6986882986881281 0.22172907872295369 0.20187252104306747 -0.16463533829669785 1.4849867618533723 4.7811670043041463 -1.5588972620369554 0.76485465310314782 0.44916634578024106 -0.25554172926750918 0.61640948536238227 -0.64291398629439844 -0.21231457202278214 1.1310484959663083 -0.26340913499836205 -0.61323603300848084 -0.18528282117892278 -0.29787302446552072
leaf_weight=107 101 216 165 66 1603 151 78 73 1218 26 48 2321 1047 201 2104 88 567 112 83 22 168 430 145 9452 88 172 474 471 103 389 6343 815 328 135 1907 54 81 104 110 215 703 52 29 153 30 23 1680 51 245 45 63 58 413 185 211 24 132 126 23 230 78 178
leaf_count=107 101 216 165 66 1603 151 78 73 1218 26 48 2321 1047 201 2104 88 567 112 83 22 168 430 145 9452 88 172 474 471 103 389 6343 815 328 135 1907 54 81 104 110 215 703 52 29 153 30 23 1680 51 245 45 63 58 413 185 211 24 132 126 23 230 78 178
internal_value=7.03874e-05 0.00171608 -1.56042e-05 0.000662773 -0.000189798 0.000834582 -0.00119188 -0.000395853 -1.88786e-05 0.000133936 -0.00141298 -0.000275781 -0.00169202 -0.00118158 0.000744669 -0.000177655 -0.00237184 -0.00620471 0.00200033 0 -0.00561756 0.00406593 0.00274293 0 0.00189211 0.00266234 -0.00126898 0.00332195 0.000817308 -0.000937146 -0.000772086 -0.00337017 -0.000492813 0.00327231 0.00318735 -0.00348214 0.00237107 0 -0.00433917 -0.00428437 0.00256127 0.0020694 -0.00283353 0 -0.003125 -0.00336538 0.00235518 0.00437332 0.00229805 -0.00132027 -0.00195019 -0.00356571 0.00240848 -0.00221457 0.00492701 0.00356419 -0.000112108 0.000102881 0.0076087 -0.00532924 -0.00251479 -0.00527664
internal_weight=37113 1869 35244 7135 28109 4660 1686 23449 15888 5960 1659 14038 2265 7561 4301 2520 1304 263 2974 785 333 452 2189 11773 1850 382 1041 949 767 7043 6732 892 2432 1175 2052 137 1684 920 311 518 1017 1781 844 290 137 75 1706 733 346 574 529 299 516 251 682 727 210 230 158 445 166 241
internal_count=37113 1869 35244 7135 28109 4660 1686 23449 15888 5960 1659 14038 2265 7561 4301 2520 1304 263 2974 785 333 452 2189 11773 1850 382 1041 949 767 7043 6732 892 2432 1175 2052 137 1684 920 311 518 1017 1781 844 290 137 75 1706 733 346 574 529 299 516 251 682 727 210 230 158 445 166 241
cat_boundaries=0 1 3 4 6 8 9 11 13 15 17 18 20 22 24 26 28 30 32 33 34 35 36
cat_threshold=16 3241058 1184773 768 810206131 1533075 1598357778 589896 1298 2152497292 16912 2149201612 4241 2156085554 4352 2273313541 311984 1 549412 1502500 2216689672 37376 111153224 33288 2148024368 4768 1049096 139372 537657480 73738 2181038278 377360 784 652 6 85
is_linear=0
shrinkage=0.05


Tree=85
num_leaves=63
num_cat=20
split_feature=20 1 10 1 20 8 1 4 21 22 1 16 21 1 10 17 4 17 15 4 17 20 1 1 4 17 1 4 1 18 6 22 6 16 10 21 1 10 21 21 20 6 17 1 21 1 22 20 21 4 1 1 18 18 10 21 20 22 19 18 19 19
split_gain=1.86435 1.79959 2.04096 2.19726 1.76329 1.73965 1.66956 1.63937 1.58349 1.58145 3.98954 2.90741 2.50066 2.1802 2.14841 2.2055 1.89828 1.75752 2.33196 1.66552 1.7516 1.62394 3.57821 1.95256 1.72156 1.67521 1.66342 2.01528 1.72166 1.59439 1.54007 1.57433 1.42516 1.41944 1.35711 1.47506 1.33026 1.26454 1.51271 1.20666 1.20654 1.20266 1.33099 1.19758 1.16245 1.13533 1.30884 1.26262 1.12851 2.02967 1.09562 1.07902 2.07529 1.07819 1.03212 1.03118 0.958308 0.952519 1.25405 0.970389 0.913787 0.881027
threshold=141.50000000000003 0 1235.9350000000002 1 198.50000000000003 88.52000000000001 2 3 270.16666666666669 67.70149760280286 4 1.5147842397069724 77.720779220779235 5 606.97500000000014 2.9003824133111071 6 1.9211189828285065 1.5000000000000002 7 1.1748550686185089 89.500000000000014 8 9 10 1.1748550686185089 11 12 13 1.2077999818183953 5898.4900000000007 58.866020140620485 4496.4800000000005 2.1693094277393503 520.6600000000002 235.83333333333334 14 1386.6700000000003 235.83333333333334 97.441558441558456 7.5000000000000009 2012.74 2.1045215743110259 15 103.29285714285716 16 73.646791964742178 121.50000000000001 7.5000000000000009 17 18 19 0.14455548908517205 1.7824952809973864 2592.6800000000003 97.441558441558456 8.5000000000000018 15.55822386453268 680.11000000000001 1.1420638562020946 378.07999999999998 1127.8000000000002
decision_type=2 9 2 9 2 2 9 9 2 2 9 2 2 9 2 2 9 2 2 9 2 2 9 9 9 2 9 9 9 2 2 2 2 2 2 2 9 2 2 2 2 2 2 9 2 9 2 2 2 9 9 9 2 2 2 2 2 2 2 2 2 2
left_child=9 2 6 37 8 -6 32 55 43 12 11 14 21 33 -11 29 34 19 -19 20 -15 26 -23 24 -24 -25 27 28 -1 -16 31 -28 48 57 -13 -36 -21 -4 -39 -34 -20 42 -35 -3 -18 61 -47 -48 -2 -50 -29 -7 -53 -54 60 -8 -46 58 -14 -59 -45 -12
right_child=1 4 3 -5 5 51 7 -9 -10 10 45 16 13 17 15 -17 44 18 40 36 -22 22 23 25 -26 -27 30 50 -30 -31 -32 -33 39 41 35 -37 -38 38 -40 -41 -42 -43 -44 54 56 46 47 -49 49 -51 -52 52 53 -55 -56 -57 -58 59 -60 -61 -62 -63
leaf_value=-0.056842094478006103 0.41694466183879797 0.016543352453737014 0.72229191722637442 0.65171756688494897 2.3434359240365747 0.27875689587765468 0.1529398469590568 0.14417789359362346 1.4303356446315147 0.028091632185312323 1.0517793312971426 0.58028366775684403 0.24801189521151557 0.01288305414762423 -1.1557561194319848 0.14383672987894655 -0.60538804642653488 -1.3612805242103905 -0.080322543296582713 -0.098565347476915838 -0.3584574568978578 0.15136326160527658 -0.32131349289891931 -0.098822007643122947 -0.010896557087210114 -0.69176191773687778 0.016767093214377082 0.014214396244770611 -0.19265290504736302 -0.19113856270361432 -0.059664312854822654 -0.3689907224391259 0.046176313651030657 0.4001785661405679 -0.30782739033787437 -0.7780179701169434 0.042219166431780947 -0.019847589442986192 -2.5264243280795888 -1.6064970952404725 0.40806266468185265 0.0025681340610724137 -0.667539933214646 -0.56756798174628931 -0.767835560723507 0.31947238089281599 -0.13042383290677226 0.6131533747810014 -0.29818525488272984 0.034529247981539161 -0.063057915886607502 -0.8453146980302102 -0.029859369896108313 -1.2953767451707916 0.46646137268661492 1.1208454324501997 0.39688683943221437 0.42898089788021193 -0.1530255496005874 0.17936821516258519 -0.15126048997699817 -0.055602178874741885
leaf_weight=959 993 442 239 1170 151 1041 105 1023 67 71 154 42 137 243 151 44 56 36 107 833 356 552 288 379 1029 325 9392 1799 548 87 725 68 42 428 369 47 2167 453 38 55 1220 1189 43 391 27 131 468 90 530 2124 888 24 808 25 58 180 258 442 106 341 500 59
leaf_count=959 993 442 239 1170 151 1041 105 1023 67 71 154 42 137 243 151 44 56 36 107 833 356 552 288 379 1029 325 9392 1799 548 87 725 68 42 428 369 47 2167 453 38 55 1220 1189 43 391 27 131 468 90 530 2124 888 24 808 25 58 180 258 442 106 341 500 59
internal_value=5.82633e-05 0.000624881 0.00109117 0.00249606 -0.000287642 0.00063962 0.000553907 0.00208176 -0.0016256 -0.000162246 -0.0014949 -0.00343348 -4.87745e-05 0.000699255 -0.00726826 -0.00921053 -0.00169888 6.53266e-05 0.00160139 -0.000503193 -0.0028799 -0.000389266 -0.00154794 -0.00252581 -0.00130639 -0.00467225 -0.000178174 -0.00101616 -0.00247533 -0.0110996 0.000163022 0.000338159 0 0.00184328 -0.00376858 -0.00477327 0 0.000235532 -0.00113866 -0.005875 0.00198308 0.000901984 0.0030327 -0.00201758 0.00102401 0.000956284 0 -0.00111408 0.000174658 -0.000348137 -0.000171296 0.000197265 -0.00107759 -0.000583134 -0.00300156 0.00541107 0.00247396 0.00332847 0.000355691 0.00418257 -0.00348154 0.00403761
internal_weight=37113 10459 6952 1900 3507 2049 5052 1308 1458 26654 2054 1152 24600 7648 353 282 799 4962 1363 3599 599 16952 2573 2021 1317 704 14379 4194 1507 238 10185 9460 3744 2686 458 416 3000 730 491 97 1327 1660 471 1391 341 902 689 558 3647 2654 2687 1898 857 833 949 285 285 1026 243 783 891 213
internal_count=37113 10459 6952 1900 3507 2049 5052 1308 1458 26654 2054 1152 24600 7648 353 282 799 4962 1363 3599 599 16952 2573 2021 1317 704 14379 4194 1507 238 10185 9460 3744 2686 458 416 3000 730 491 97 1327 1660 471 1391 341 902 689 558 3647 2654 2687 1898 857 833 949 285 285 1026 243 783 891 213
cat_boundaries=0 2 4 6 7 9 11 12 13 15 17 18 20 21 23 24 26 28 29 31 33
cat_threshold=905975807 1245599 369098944 1048721 536875933 65542 16 641344185 51 238403968 434378 7 1 45646688 8329 608175245 5634 2 1241647076 533787 9 1073741984 524563 2416456239 18399232 263232 2147500038 1536 8 33687236 9216 3221528576 57888
is_linear=0
shrinkage=0.05


Tree=86
num_leaves=63
num_cat=9
split_feature=20 18 21 21 0 2 21 20 15 20 2 6 16 2 22 16 2 9 11 9 20 20 6 2 11 22 7 21 22 7 10 20 21 12 10 20 7 2 22 9 13 22 18 15 7 7 11 18 21 2 11 16 21 18 21 22 18 2 7 9 22 9
split_gain=1.75833 1.65787 1.75251 2.60224 1.49818 6.42474 7.74378 8.16766 8.42983 6.78427 4.90696 2.60083 2.28545 2.25179 2.07712 5.70496 2.02806 1.85802 1.72588 1.6456 2.03009 1.63337 1.51027 1.54039 1.45118 1.43847 1.39147 1.38304 1.36095 1.31985 1.61412 3.06662 1.2866 2.41563 1.46364 1.25837 1.19787 1.17794 2.58717 1.17188 2.1065 1.04684 1.04185 1.02038 0.977444 0.96938 0.958486 0.955326 0.919637 0.966187 1.21048 0.877646 0.875234 1.66363 1.48666 0.869256 0.866449 0.850467 1.00463 0.834042 0.832786 0.812208
threshold=330.50000000000006 0.39545098780092852 153.55000000000004 7.5000000000000009 0 1 49.020833333333336 43.500000000000007 5.5000000000000009 177.50000000000003 2 1376.8900000000001 0.75567703491441995 3 1.4571067811865479 2.2570433064425637 4 358.73000000000008 2850.7150000000006 1530.3100000000002 42.500000000000007 3.5000000000000004 2012.74 5 847.57000000000005 85.561137976602112 688.1350000000001 59.029411764705891 41.414283214467865 1310.4000000000003 3034.6850000000004 71.500000000000014 28.924501424501429 1.0000000180025095e-35 1801.1050000000002 60.500000000000007 1411.2250000000001 6 53.023422469174882 755.84500000000014 1.5000000000000002 2.8503542240076025 0.67042948350523868 1.5000000000000002 717.30500000000018 -1.0000000180025095e-35 1296.1800000000003 0.23075240033965508 39.535885167464123 7 619.52500000000009 0.55945774487833499 75.035714285714292 0.97011058223085611 187.10000000000002 34.996507739240748 0.55138079756040759 8 567.58500000000015 820.81500000000017 26.023644669623629 255.06000000000003
decision_type=2 2 2 2 1 1 2 2 2 2 1 2 2 1 2 2 1 2 2 2 2 2 2 1 2 2 2 2 2 2 2 2 2 2 2 2 2 1 2 2 2 2 2 2 2 2 2 2 2 1 2 2 2 2 2 2 2 1 2 2 2 2
left_child=4 2 3 47 10 6 7 32 9 -9 12 17 51 19 15 46 27 52 26 20 -13 -15 23 61 56 -23 60 -16 -18 30 45 -32 33 -6 -34 -10 -28 55 -39 44 -41 -21 -20 -26 -25 -24 -8 -2 -3 50 -50 -1 53 -7 -54 -31 -19 -4 -59 -51 -14 -12
right_child=1 48 57 -5 5 11 14 8 35 -11 22 13 18 21 16 -17 28 24 42 41 -22 25 29 39 43 -27 36 -29 -30 37 31 -33 34 -35 -36 -37 -38 38 -40 40 -42 -43 -44 -45 -46 -47 -48 -49 49 59 -52 -53 54 -55 -56 -57 -58 58 -60 -61 -62 -63
leaf_value=-0.095203325432882846 -0.18277390843811078 3.1719678045419273 -0.03315237535259765 -0.87813689361505576 0.97265986444708974 -0.20222005534019846 -1.0529824816219546 -1.0863615229689401 -0.19110402710872787 0.14790259969387984 -0.13384802220736902 -0.2209525138726175 0.36183144354822688 -0.48624911224458861 -0.11926432839841478 0.20572312206109775 0.041553444412027934 0.45696298791056478 -0.12374828916263364 -0.067591191679163165 0.067109820758789948 -0.053074247934446733 -0.22236979289675221 -0.018975819254385407 -0.75515283857733007 -0.62523294846404343 1.0018443399421506 0.6855081432398904 -0.47525490825197192 0.33155053199258017 -0.034115454147656092 -0.34694792001344393 0.043065293535152809 -0.18373831057349177 -0.27252685782789748 0.18524085828508197 -0.32875874104491987 -0.088564460637457931 1.2576686651378457 0.47424940007602745 -0.19987703214589345 0.12257137333960949 0.077117936777705162 0.080960210732602275 -1.8486266879172732 -0.0046796430166146765 -1.7808544370493626 0.90686297402199623 -2.6413489501056393 1.0554930549910708 1.2317178643106776 -0.34294016637728691 -0.28772337686869137 0.11180103864656368 0.43524613434884502 0.01361225464808209 0.64490817403635292 1.5913554435094093 0.062911313202193495 -0.72178503104926195 0.044180166158243939 0.54528513910783216
leaf_weight=43 212 404 134 164 74 246 24 180 36 36 54 277 617 107 94 160 253 117 50 60 828 2123 311 935 32 133 438 346 231 690 1060 242 57 254 165 46 30 800 204 353 32 397 542 2776 23 17856 36 217 20 93 242 26 290 76 93 306 244 146 87 150 391 450
leaf_count=43 212 404 134 164 74 246 24 180 36 36 54 277 617 107 94 160 253 117 50 60 828 2123 311 935 32 133 438 346 231 690 1060 242 57 254 165 46 30 800 204 353 32 397 542 2776 23 17856 36 217 20 93 242 26 290 76 93 306 244 146 87 150 391 450
internal_value=6.23047e-05 0.00155582 5.19211e-05 -0.00157299 -1.56042e-05 -0.000542424 -0.00306733 -0.006698 -0.0133721 -0.0184932 0.000185123 0.000100806 0.00247093 -0.000798753 -0.000348736 -0.00470852 0.000647249 0.00102528 0.00280058 0.000650794 -0.000349729 -0.00177294 -2.35758e-05 0.00134459 0.00154871 -0.00146082 0.00371873 0.00309051 -0.00150905 -0.000143792 -0.000271544 -0.00197318 -0.00293852 -0.000755287 -0.00588889 0 0.00605096 0.00107339 -9.83284e-05 0.000396386 0.0027384 0.00317935 0.000420168 0.00113838 -0.000494277 -0.000146533 -0.0174603 0.000376157 0.00308388 0.00150098 0.00354545 -0.00607639 -0.00125353 0.000538462 -0.00288212 0.00227948 0.00456731 0.00280405 0.00452236 -0.000634766 0.00257171 0.00367505
internal_weight=37113 1869 960 593 35244 9791 1992 848 298 216 25453 7799 2137 3925 1144 220 924 3874 2068 1562 1105 2363 23316 1847 3169 2256 1476 440 484 21469 19469 1302 550 328 222 82 468 2000 1004 1343 385 457 592 2808 958 18167 60 429 909 505 262 69 705 322 383 996 361 367 233 243 1008 504
internal_count=37113 1869 960 593 35244 9791 1992 848 298 216 25453 7799 2137 3925 1144 220 924 3874 2068 1562 1105 2363 23316 1847 3169 2256 1476 440 484 21469 19469 1302 550 328 222 82 468 2000 1004 1343 385 457 592 2808 958 18167 60 429 909 505 262 69 705 322 383 996 361 367 233 243 1008 504
cat_boundaries=0 1 2 3 4 5 6 7 8 9
cat_threshold=1 272 256 712 256 2576 3213 693 15
is_linear=0
shrinkage=0.05


Tree=87
num_leaves=63
num_cat=18
split_feature=17 8 12 0 6 1 1 23 6 18 1 1 1 1 8 7 13 1 7 15 1 1 22 17 8 1 17 18 17 1 8 17 17 15 1 18 7 22 9 16 0 17 18 16 8 8 10 18 17 9 22 23 11 1 23 18 1 1 10 7 1 8
split_gain=1.50917 2.63169 2.76824 3.12948 5.04198 3.11559 2.60663 2.60859 2.51185 2.79091 2.39038 2.28864 2.15141 2.12214 1.7916 1.70353 1.55986 2.56476 2.32779 2.77331 2.41976 2.13357 1.89141 1.83774 1.88171 1.55561 1.37663 1.35218 1.52143 1.31832 1.31269 1.17936 1.10142 1.09754 1.06124 1.05531 1.04366 1.33673 1.21945 0.903275 0.867132 0.803304 0.760834 1.4172 0.723379 1.41078 1.19081 1.09976 1.0108 0.893277 0.700833 0.694856 0.791265 1.52406 1.45477 1.17965 1.86899 1.15763 0.739587 0.698125 0.691866 0.653278
threshold=1.9211189828285065 265.33000000000004 1.5000000000000002 0 1376.8900000000001 1 2 4.5000000000000009 2012.74 1.2077999818183953 3 4 5 6 1513.3400000000004 410.33500000000009 1.0000000180025095e-35 7 143.71500000000003 2.5000000000000004 8 9 27.113538208846816 0.71763517081854766 2374.9600000000005 10 0.94736573926134826 1.1420638562020946 1.0577355839216114 11 355.88500000000005 1.05087516136231 1.8461546955788284 4.5000000000000009 12 1.3030764065792562 -1.0000000180025095e-35 5.3815460895502056 786.57000000000005 2.1693094277393503 13 1.5704428808759481 3.4576780980483894 1.9278648119794957 247.40000000000003 165.35500000000005 756.61500000000024 0.26305591269350187 2.0899038115743571 1008.3800000000002 46.844730607753668 31.500000000000004 3426.3450000000007 14 3.5000000000000004 0.99188881146499297 15 16 2089.2550000000006 302.46000000000009 17 -1.0000000180025095e-35
decision_type=2 2 2 1 2 9 9 2 2 2 9 9 9 9 2 2 2 9 2 2 9 9 2 2 2 9 2 2 2 9 2 2 2 2 9 2 2 2 2 2 1 2 2 2 2 2 2 2 2 2 2 2 2 9 2 2 9 9 2 2 9 2
left_child=10 13 3 8 5 29 35 -8 15 11 42 -10 40 -2 -11 30 17 61 20 21 27 32 41 34 -25 -17 -23 28 -18 -5 -3 -24 -20 -29 -21 -6 50 -38 -39 -14 -4 -22 51 -44 45 46 47 -15 -47 -48 -19 52 55 58 -55 56 -1 -57 -54 -53 -50 -12
right_child=1 2 12 4 6 -7 7 -9 9 14 16 -13 39 44 -16 25 18 36 19 23 22 26 31 24 -26 -27 -28 33 -30 -31 -32 -33 -34 -35 -36 -37 37 38 -40 -41 -42 -43 43 -45 -46 48 49 -49 60 -51 -52 59 53 54 -56 57 -58 -59 -60 -61 -62 -63
leaf_value=-0.039052748350727612 0.20924926818060144 0.47269443926418059 -0.66402841964569959 -0.56329771831021846 -0.081500523163808763 0.48786027334245968 -0.4040975916299987 0.044875643591037843 -0.070377970459711656 0.50852089502529285 -0.36700384044504963 0.11802034808725832 0.57708384715107852 -0.34685211593068055 0.14672938938060298 -0.21170862824227293 -0.44334704518783963 -0.50976903723419908 -1.0089642020969896 -0.34919829565275934 -0.15596025998119711 0.74118580353897068 0.18741208818188237 -0.0062542320702226656 0.27691584584224949 1.0102056498553311 -0.22869649401953965 0.30163836966693786 -0.028350532238477211 0.077901284531412082 -0.75932911535273273 -0.036368148815848045 0.22742761903885234 -0.60674865754985463 -0.069636308945856401 0.22574941286047451 0.82908858745290392 -0.11468815764004514 0.26308576141267537 -0.05060100679649935 -0.65414918772641539 0.039781549561638291 0.021451684446091159 0.44819235760914256 -0.59605435999608414 -0.68118297392569505 -1.1755941971287815 0.085329872977300436 0.65707070964910441 -0.30602385769948565 -0.013192416618840498 0.1488465892276068 -0.079198689366479169 -0.4306423663118466 -0.014462109733149875 -0.19694063080937418 0.10354564787116526 0.14376574522793195 0.20103474408899374 0.01077441411145248 -0.11104322479938436 0.47157530222287491
leaf_weight=1254 268 102 80 233 512 536 844 187 1344 381 20 7131 49 217 307 107 185 27 226 102 254 73 137 11546 130 774 1027 20 196 1162 94 173 39 91 723 84 255 596 87 171 33 28 149 71 82 69 53 87 122 43 20 48 68 187 1002 131 1214 1279 172 40 133 338
leaf_count=1254 268 102 80 233 512 536 844 187 1344 381 20 7131 49 217 307 107 185 27 226 102 254 73 137 11546 130 774 1027 20 196 1162 94 173 39 91 723 84 255 596 87 171 33 28 149 71 82 69 53 87 122 43 20 48 68 187 1002 131 1214 1279 172 40 133 338
internal_value=6.09575e-05 0.000444667 0.000628803 0.000740888 -0.000526537 0.00118278 -0.00258436 -0.00408285 0.00118618 0.000909612 -0.000203094 0.000653161 -0.00383185 -0.00192665 0.00397974 0.0034838 -0.000511315 0.00110513 -0.000660403 -0.000481289 -0.00289788 -0.00262244 -0.000578512 -0.000242922 -7.70614e-05 0.0044259 -0.0015274 -0.00544554 -0.0038737 -4.43892e-05 -0.000502513 0.00199681 -0.00660971 -0.010636 -0.00252114 0 -0.000187876 0.000132837 -0.000965743 -0.000429185 -0.00902778 -0.00359649 0.000681859 0.00358744 -0.00320513 -0.00261348 -0.00459057 -0.00276873 0 -0.00959596 -0.00725 0.000553446 0.000468456 -0.000515014 -0.00127912 0.000843855 0.000161878 0.00199929 0.00296443 0.00494505 0.00130814 0.0046496
internal_weight=37113 15205 14131 13798 3558 1931 1627 1031 10240 9163 21908 8475 333 1074 688 1077 16293 1343 14950 13866 1084 1365 592 12501 11676 881 1100 492 381 1395 196 310 265 111 825 596 985 938 683 220 113 282 5615 220 806 724 400 304 324 96 47 5395 5307 1429 1189 3878 2468 1410 240 88 255 358
internal_count=37113 15205 14131 13798 3558 1931 1627 1031 10240 9163 21908 8475 333 1074 688 1077 16293 1343 14950 13866 1084 1365 592 12501 11676 881 1100 492 381 1395 196 310 265 111 825 596 985 938 683 220 113 282 5615 220 806 724 400 304 324 96 47 5395 5307 1429 1189 3878 2468 1410 240 88 255 358
cat_boundaries=0 1 3 5 7 9 11 13 15 17 19 21 23 24 25 27 29 31 33
cat_threshold=1 2820464850 350848 366511196 311816 1511319042 406761 1240515170 80900 2684354692 262144 35913805 67088 2160722024 33282 2692743380 16 2158035208 512 524288 1082402 134520896 20480 4105 1 17920 4105 134489088 4225 512 1064 536871056 1
is_linear=0
shrinkage=0.05


Tree=88
num_leaves=63
num_cat=11
split_feature=4 1 17 20 18 17 11 23 6 1 19 1 1 17 11 17 1 21 20 21 21 21 19 19 9 7 22 1 1 18 23 16 11 7 1 7 11 8 21 17 3 21 21 6 22 1 18 18 21 11 19 20 20 9 20 8 19 20 17 21 18 8
split_gain=1.77187 2.33011 1.89832 1.863 1.51746 1.44153 1.35344 1.89779 1.22689 1.21967 1.66388 1.5709 1.25749 1.27377 1.10293 1.09892 1.05482 1.65094 1.10875 1.00325 0.997732 1.45638 1.40688 1.05128 0.985091 1.8125 2.5896 1.43344 1.34107 1.59601 1.2676 1.16171 1.27751 0.97378 1.20174 0.941837 0.940892 0.987472 1.66647 1.6264 0.971914 2.12578 1.84577 0.883336 0.833402 1.15135 1.96208 1.14032 1.87999 1.0599 0.755151 0.748486 0.692639 0.684531 0.868389 0.659722 0.659531 0.6548 0.64797 0.561907 0.738848 0.552061
threshold=0 1 0.44787137144516459 335.50000000000006 0.39545098780092852 1.4934129165957402 1028.4700000000003 8.5000000000000018 13071.820000000002 2 1830.1700000000003 3 4 3.518417933307038e-05 575.7850000000002 1.3778579273416878 5 39.535885167464123 630.00000000000011 36.242647058823536 157.55000000000004 15.127441244620988 1517.8900000000001 1999.9000000000001 860.04500000000007 945.2850000000002 96.54584403138125 6 7 0.76558652624781587 8.5000000000000018 1.5222289577462793 456.94 905.59000000000003 8 410.33500000000009 4510.6900000000014 704.6600000000002 36.718253968253975 1.683931765999872 9 123.06250000000001 97.441558441558456 1734.8500000000001 73.646791964742178 10 1.3150540482749944 0.83267113627203826 159.08333333333334 2819.0950000000007 558.44500000000005 138.50000000000003 37.500000000000007 636.10000000000002 205.50000000000003 303.13500000000005 1215.5650000000001 525.50000000000011 1.9587001118778156 49.572916666666679 0.75913222425543403 702.68000000000018
decision_type=9 9 2 2 2 2 2 2 2 9 2 9 9 2 2 2 9 2 2 2 2 2 2 2 2 2 2 9 9 2 2 2 2 2 9 2 2 2 2 2 1 2 2 2 2 9 2 2 2 2 2 2 2 2 2 2 2 2 2 2 2 2
left_child=1 24 6 8 20 -6 -3 -8 9 36 12 15 14 -14 -11 -12 17 -7 -18 -13 21 35 -23 -24 27 26 33 53 -27 -30 31 32 -29 34 -26 -5 40 38 -38 -39 42 -42 -2 -33 45 46 55 56 -49 52 -19 -31 -46 54 -1 -4 -47 -37 -54 60 -10 -48
right_child=3 2 44 4 5 16 7 -9 59 10 11 19 13 -15 -16 -17 18 50 -20 -21 -22 22 23 -25 25 28 -28 30 29 51 -32 43 -34 -35 -36 57 37 39 -40 -41 41 -43 -44 -45 49 47 61 48 -50 -51 -52 -53 58 -55 -56 -57 -58 -59 -60 -61 -62 -63
leaf_value=0.96951245571057076 0.039808555104798596 0.1935939724337665 -0.22909016577981189 -0.17305089614498428 -0.47259653607102198 4.4393684872478953 -1.6536847254156819 -0.059146436247883787 -0.19132168793581672 1.2933170525722664 -0.15986524544096936 -0.059440297777188095 0.53163762453980545 0.0051237020675933389 -0.11281874071903926 0.25046081632926026 2.1106529595937658 0.65807927452015924 -1.0015238472158619 -0.22458122972212921 0.81816967516280104 -1.9895570050024585 0.91425076718404241 -0.93204745812446976 -0.13285443494740212 0.45689423050382888 -1.5287780871452963 1.1162616914599082 -0.80669000019277215 -0.045259696126011044 0.16343985739117173 -0.32975650864285772 -0.39462057050328653 -0.90704949843334437 0.070098692549790398 0.091645833294011686 -0.30052787996127323 0.046176447183968565 0.018449827169140676 -0.15573627867047685 0.023745964023775757 0.46868121770479831 -0.14717956853528655 0.10441599801555804 -0.052362679019697558 0.095801260757182052 -0.62088107588483155 -0.10034167777877179 -1.3041080697571588 -0.27853552642835483 -0.91595225891700383 1.4928233725359983 0.11135282416587913 0.18719077284563676 -0.022947748545924365 -0.7077340780196284 -0.074871571796160816 4.0110839170903976 2.3161312826662446 0.35164660821797633 -0.065810992751370243 0.46607304371250591
leaf_weight=117 1535 21 36 178 32 55 51 24 29 30 113 829 481 15896 812 214 506 23 42 781 301 58 36 36 507 272 25 28 92 146 218 228 159 49 214 111 149 834 191 245 4616 1568 1074 817 35 619 24 1192 113 47 39 78 105 68 36 159 538 68 93 23 45 52
leaf_count=117 1535 21 36 178 32 55 51 24 29 30 113 829 481 15896 812 214 506 23 42 781 301 58 36 36 507 272 25 28 92 146 218 228 159 49 214 111 149 834 191 245 4616 1568 1074 817 35 619 24 1192 113 47 39 78 105 68 36 159 538 68 93 23 45 52
internal_value=7.30817e-05 -0.000698267 -0.0016616 0.000228499 0.00195733 0.00366071 -0.00858586 -0.0116987 0.000139558 0.000160022 -7.30346e-05 -0.00146263 8.05656e-05 0.00018075 -0.00178363 0.00158088 0.00421033 0 0.00508021 -0.00211029 0.000379267 -0.000943878 -0.00545113 0 0.000268993 -0.000694444 -0.0022713 0.00109767 0.00135364 -0.000759878 0.000461381 -0.000121457 -0.00375 -0.00164942 -0.00108771 0.000590278 0.000601467 -0.000571378 -0.00291545 0.000127079 0.000797237 0.00113765 0 0.000489027 -0.00142158 -0.00169499 -0.00479754 -0.00130303 -0.00232225 0.00106007 -0.00576923 0.00132159 0.00259534 0.00475427 0.0068109 -0.00763889 -0.000118534 0.00322802 0.00385572 -0.005375 -0.00746753 0.00126582
internal_weight=37113 6163 3109 30950 1485 697 96 75 29465 29368 19156 1937 17219 16377 842 327 665 117 548 1610 788 487 130 72 3054 1383 795 1671 588 316 1450 1232 187 770 721 357 10212 1419 340 1079 8793 6184 2609 1045 3013 2733 271 2462 1305 280 62 224 233 221 153 195 1157 179 198 97 74 76
internal_count=37113 6163 3109 30950 1485 697 96 75 29465 29368 19156 1937 17219 16377 842 327 665 117 548 1610 788 487 130 72 3054 1383 795 1671 588 316 1450 1232 187 770 721 357 10212 1419 340 1079 8793 6184 2609 1045 3013 2733 271 2462 1305 280 62 224 233 221 153 195 1157 179 198 97 74 76
cat_boundaries=0 1 3 5 7 9 11 13 14 16 17 19
cat_threshold=33 913866802 25150 1461028673 2065089 2101264 8244 136314880 10532 2148009008 513 32816 14 604504066 572522544 514 1 16844288 1639424
is_linear=0
shrinkage=0.05


Tree=89
num_leaves=63
num_cat=14
split_feature=7 1 20 2 19 17 10 1 20 2 1 1 19 13 5 13 5 20 1 1 7 9 20 20 21 9 18 17 5 15 17 1 7 6 19 2 9 9 21 18 20 9 2 19 9 18 11 2 1 15 21 11 18 21 21 11 18 1 18 7 10 17
split_gain=1.39028 2.40945 1.48115 2.08389 2.28844 1.60121 1.43224 2.9288 1.60499 1.52939 3.94535 2.71902 1.8688 1.75902 1.64848 3.1906 1.97402 1.80187 2.36482 2.25927 1.53416 1.43817 1.38599 1.70986 1.81473 1.35296 1.73039 1.28188 1.81872 1.38727 2.36833 1.31438 1.16864 1.14423 1.71514 1.13824 2.09213 1.53465 1.52241 1.13252 1.05781 1.03057 1.02975 1.02863 1.02608 1.01846 1.0069 0.999077 2.23202 1.07111 1.03122 0.997564 0.979695 0.967977 1.20699 1.10021 1.75775 0.968032 0.967479 0.966621 0.96507 0.935083
threshold=1310.4000000000003 0 20.500000000000004 1 344.99500000000012 0.86953271924100906 2868.4750000000004 2 35.500000000000007 3 4 5 3890.3700000000003 1.0000000180025095e-35 169.50000000000003 1.0000000180025095e-35 190.50000000000003 64.500000000000014 6 7 170.31500000000003 436.05500000000006 200.50000000000003 88.500000000000014 65.607692307692318 1800.4400000000003 3.2891994134369722 0.58639208136169907 249.50000000000003 3.5000000000000004 2.004977408553628 8 432.53000000000003 1734.8500000000001 786.73000000000013 9 2166.4450000000006 1778.8850000000004 26.017241379310349 1.6684000384312279 57.500000000000007 1059.2450000000001 10 2226.1750000000006 1982.9600000000003 1.6514873129377279 847.57000000000005 11 12 12.500000000000002 22.509259259259263 1588.7850000000003 2.4525606568241227 138.53571428571431 270.16666666666669 2052.3650000000002 1.4018649933634906 13 1.3786667686254757 1475.1900000000003 4464.1100000000015 1.1111178434273674
decision_type=2 9 2 1 2 2 2 9 2 1 9 9 2 2 2 2 2 2 9 9 2 2 2 2 2 2 2 2 2 2 2 9 2 2 2 1 2 2 2 2 2 2 1 2 2 2 2 1 9 2 2 2 2 2 2 2 2 9 2 2 2 2
left_child=6 2 3 4 39 -4 9 35 47 10 22 12 13 -11 17 46 -17 19 -19 -12 -15 -14 23 32 -25 26 41 28 52 30 -29 -31 -1 34 -24 36 37 -8 -37 -2 -40 -10 -3 45 -39 -27 -16 48 60 -50 61 -30 -13 55 -55 -44 59 -58 -52 -57 -9 -49
right_child=1 42 5 -5 -6 -7 7 8 25 11 14 27 21 20 15 16 -18 18 -20 -21 -22 -23 33 24 -26 43 -28 29 51 31 -32 -33 -34 -35 -36 38 -38 44 40 -41 -42 -43 53 -45 -46 -47 -48 50 49 -51 58 -53 -54 54 -56 56 57 -59 -60 -61 -62 -63
leaf_value=-0.048433539075330684 -1.8191704433700602 0.51143818966577936 -0.634496772508093 0.19967148494558051 0.0068477863778880991 0.32532432137913569 -0.0034391057702634954 0.25504879216186244 -0.14876518449455231 0.57743451387400047 0.091134601500479612 -0.58928736713677132 -0.81721229643136251 -0.058627597338902861 -0.12215782001026448 0.48935468830018752 0.070309925564467343 -0.0019496829567849261 0.34049355883173044 -0.088271593696961761 0.053779403996543844 -0.060874031050774137 0.32814357324874471 -0.57744705491156212 -0.12929871165747767 0.049536109018679976 0.081440504100329048 -0.18935307770866353 0.60283542545714419 -0.089784529880671482 -0.012953478214892301 0.016104238496967582 0.076149841366708604 0.56630018934737059 -2.0549724454845881 -0.089411167561402397 0.10360312793461729 -0.44385299368172754 0.11915453084855621 -0.58797956006072638 -0.0024549915929003244 -0.5211906347085391 1.2026775652079176 -0.28083793609076085 -0.3862815434479181 -0.1510612516505245 -2.2770937908027578 0.064371660428045541 -0.17098071263396655 -0.041922847260847364 0.33369026649085964 -0.21243577568904115 0.061603427531155934 0.24146051817518741 -0.85993825816799796 -0.19896208153434572 0.17216785525713962 -0.19391402555199236 0.022544064992647384 -0.63592559335784105 -0.036196840372359845 -0.20001406651473472
leaf_weight=1267 24 119 35 223 56 1528 90 58 48 260 316 143 35 770 20 1307 2782 1824 1567 1942 5596 114 102 354 799 162 47 2970 170 549 3371 3718 842 370 34 109 119 53 513 22 224 183 118 33 47 282 23 28 219 93 92 149 21 173 44 98 110 273 260 122 44 49
leaf_count=1267 24 119 35 223 56 1528 90 58 48 260 316 143 35 770 20 1307 2782 1824 1567 1942 5596 114 102 354 799 162 47 2970 170 549 3371 3718 842 370 34 109 119 53 513 22 224 183 118 33 47 282 23 28 219 93 92 149 21 173 44 98 110 273 260 122 44 49
internal_value=9.86771e-05 0.0011406 0.00220936 -0.000724085 -0.00630435 0.00286558 7.31615e-06 -0.001084 -0.00246741 0.000104637 0.000506009 -0.000197159 0.000587434 0.00072032 0.00103763 0.00180169 0.00195809 0.000471072 0.00120433 -0.000608138 0.000545612 -0.00485197 -0.000859561 -0.00124809 -0.00280061 -0.00417216 -0.00702847 -0.000681061 -0.00321502 -0.000560739 -0.0010305 0.000125878 -0.000372869 0.00152259 -0.00215827 0.000802654 -0.00166925 -0.00505181 0.00177532 -0.0147959 0.00265203 -0.0088141 -0.000735981 -0.00236979 -0.0092233 -0.001566 -0.0111413 -0.0009013 -0.00263466 -0.00476923 0.000707014 -0.000815217 -0.00748503 -0.00134069 0.00142045 -0.00226174 -0.00315594 -0.000939119 0.00197183 -0.00672646 0.00326087 -0.00421875
internal_weight=37113 2945 1888 325 102 1563 34168 2753 1598 31415 13549 17866 6775 6626 9781 4132 4089 5649 3391 2258 6366 149 3768 3262 1153 755 278 11091 483 10608 6341 4267 2109 506 136 1155 309 190 846 46 737 231 1057 477 100 444 43 843 414 312 429 319 164 938 217 721 603 383 352 220 102 77
internal_count=37113 2945 1888 325 102 1563 34168 2753 1598 31415 13549 17866 6775 6626 9781 4132 4089 5649 3391 2258 6366 149 3768 3262 1153 755 278 11091 483 10608 6341 4267 2109 506 136 1155 309 190 846 46 737 231 1057 477 100 444 43 843 414 312 429 319 164 938 217 721 603 383 352 220 102 77
cat_boundaries=0 2 3 5 6 8 10 12 14 16 17 18 19 21 23
cat_threshold=875099037 98840 259 2728296544 544786 930 3362025514 13104 1547989003 439225 805961813 1460228 360841280 1507328 42991648 589826 268 1152 2451 2097161 262144 2147483648 20482
is_linear=0
shrinkage=0.05


Tree=90
num_leaves=63
num_cat=10
split_feature=7 1 17 14 19 5 5 1 1 5 5 19 19 17 17 15 1 1 9 10 1 1 9 22 7 19 22 22 1 1 10 22 10 21 5 9 1 17 19 6 7 17 5 21 10 9 17 17 10 22 9 20 21 22 9 6 16 9 17 7 5 21
split_gain=1.60584 2.24035 2.4625 1.8478 1.64077 1.51235 1.68157 3.73597 2.21707 1.8014 1.64702 1.56381 3.10514 1.71444 1.478 1.97735 1.88548 1.45469 1.79475 1.33529 1.44385 1.35219 1.19642 1.18612 1.13091 1.07135 1.3547 1.29945 1.77463 1.15245 1.62627 1.09086 1.0609 1.03208 1.13101 1.00201 0.975814 0.827137 1.13191 1.11001 0.938327 1.05137 0.774198 0.755523 0.752282 0.741672 1.04641 0.692381 1.13708 0.900018 0.628309 0.622059 0.606557 0.579375 0.694293 0.484722 0.437767 0.791973 0.429315 0.345314 0.275371 0.379563
threshold=945.2850000000002 0 0.8958494933451534 8.5000000000000018 3699.4950000000003 353.50000000000006 327.50000000000006 1 2 333.50000000000006 355.50000000000006 1712.9100000000001 2487.1800000000007 0.58639208136169907 1.9318007444091612 2.5000000000000004 3 4 4315.7700000000013 1071.5250000000003 5 6 363.92500000000013 139.33681727070672 143.71500000000003 1402.8050000000001 75.890767101070608 19.012840270198492 7 8 1167.1200000000001 2.8503542240076025 1464.8300000000002 80.436507936507951 243.50000000000003 2045.1950000000004 9 1.2511406545496373 2188.9100000000003 8525.1000000000022 1373.2600000000002 2.0296257185303714 150.50000000000003 143.18333333333337 2652.6300000000006 1354.9050000000002 2.2852341977612327 1.2585155410019777 606.97500000000014 21.213530794795219 171.08000000000001 10.500000000000002 50.511904761904766 25.013867715047947 1354.9050000000002 1376.8900000000001 1.6449558309643295 1543.1950000000004 2.856806641613129 661.34500000000014 66.500000000000014 162.08333333333334
decision_type=2 9 2 2 2 2 2 9 9 2 2 2 2 2 2 2 9 9 2 2 9 9 2 2 2 2 2 2 9 9 2 2 2 2 2 2 9 2 2 2 2 2 2 2 2 2 2 2 2 2 2 2 2 2 2 2 2 2 2 2 2 2
left_child=3 2 33 5 14 6 8 9 24 59 45 13 -13 -9 15 44 -17 18 -16 21 -21 -10 -12 -19 36 26 27 29 51 30 -3 -31 -30 34 53 60 -1 -27 40 42 41 -39 -40 -26 -4 46 55 49 -49 -24 -11 -29 -36 54 -2 -7 -6 -58 -42 -8 61 -28
right_child=1 25 4 -5 56 10 7 11 19 50 22 12 -14 -15 17 16 -18 23 -20 20 -22 -23 47 -25 43 37 35 28 32 31 -32 -33 -34 -35 52 -37 -38 38 39 -41 58 -43 -44 -45 -46 -47 -48 48 -50 -51 -52 -53 -54 -55 -56 -57 57 -59 -60 -61 -62 -63
leaf_value=0.1715849949696939 0.14831279499155531 -1.9728795826031658 -0.74649267624023552 -0.12243112261702811 0.00019605059314429241 -0.24997397320813741 0.80734525675598334 -0.37026929317018226 0.034654693344774494 -0.65980848251036373 1.2606313266264644 -0.71053739910118696 0.25209043689352922 0.085911136784270425 0.23987979341582941 0.15708506697093513 -0.036931905749526366 0.73662145513038979 -0.48801692420278792 -0.010526155587218389 -0.078539078583893931 -0.04294624516742207 -0.028139518874881198 -1.4444785813894889 0.037283377536030393 0.055421231139963112 -0.35408454185061411 -1.220708274229751 -1.524941868628686 0.057126721536477736 -0.098754428999243693 0.12913104196002792 -0.24056899389706637 0.46927171490277503 -0.14429939424635804 -0.58759031445838872 -0.2594894491952463 0.065714712843555123 -0.050973405483531936 -0.19396524731499301 -0.45610284498044984 -0.53830562605916588 1.2987457696091209 0.34858266108573449 0.59268473798204757 0.061250678238159578 1.0053379657771788 -0.87099935852093457 0.19754657865494779 -0.45732973202333654 0.18970925165597663 0.039357407867586326 0.34673056706700472 -0.77970720795365167 -0.31891744319898313 -0.78276126138090163 -0.27479086926911789 -0.72713544307480005 2.0467071614006573 0.059738276888314346 1.1698310848802282 1.407094732130399
leaf_weight=193 23 22 176 29 25 26 180 123 8475 23 41 108 92 1025 2089 1151 1062 937 33 7122 3877 3429 49 20 2430 21 22 24 69 645 151 239 351 34 32 30 255 22 72 23 20 63 39 517 22 27 30 30 147 37 419 540 29 31 20 109 42 20 29 25 144 23
leaf_count=193 23 22 176 29 25 26 180 123 8475 23 41 108 92 1025 2089 1151 1062 937 33 7122 3877 3429 49 20 2430 21 22 24 69 645 151 239 351 34 32 30 255 22 72 23 20 63 39 517 22 27 30 30 147 37 419 540 29 31 20 109 42 20 29 25 144 23
internal_value=8.38587e-05 0.000697457 0.00124588 -9.10794e-05 0.00143593 -7.5976e-05 -2.60638e-05 0.00137012 -0.000134025 0.00445076 -0.00280561 -0.000110213 -0.00418719 0.000564726 0.00155198 0.000595485 0.00104355 0.00228342 0.00148712 -0.000312555 -0.000710098 5.03905e-05 -0.000325733 0.00393041 0.00105267 -0.000522053 -0.000132567 -0.000556507 -0.00187437 0.000625 -0.00288978 0.00139353 -0.00427252 -0.00457849 -0.00661232 0.0035473 -0.00121951 -0.00338185 -0.00424354 -0.000547445 -0.00748175 -0.0106534 0.00120614 0.00141949 -0.00410448 -0.00641026 -0.00766369 -0.00173872 0 -0.00533708 0.00252809 0 -0.000585938 -0.0107143 -0.00461957 -0.00951087 -0.00513889 -0.00730769 -0.000721154 0.00847356 0.00501302 0.000260417
internal_weight=37113 8295 5746 28818 5577 28789 28293 1995 26298 647 496 1348 200 1148 5490 2411 2213 3079 2122 22903 10999 11904 304 957 3395 2549 2260 2041 984 1057 173 884 420 169 135 219 448 289 268 134 134 85 111 2947 198 192 165 263 177 86 442 564 61 74 43 135 87 62 49 205 189 45
internal_count=37113 8295 5746 28818 5577 28789 28293 1995 26298 647 496 1348 200 1148 5490 2411 2213 3079 2122 22903 10999 11904 304 957 3395 2549 2260 2041 984 1057 173 884 420 169 135 219 448 289 268 134 134 85 111 2947 198 192 165 263 177 86 442 564 61 74 43 135 87 62 49 205 189 45
cat_boundaries=0 2 4 6 8 10 12 14 16 17 18
cat_threshold=609802169 195217 2216740202 120321 1518665794 1974348 536921889 37392 537445537 37505 2702354049 54432 2692235445 67218 3492151302 65538 2147614724 42270720
is_linear=0
shrinkage=0.05


Tree=91
num_leaves=63
num_cat=16
split_feature=4 1 1 3 1 4 5 20 1 14 5 1 20 1 1 7 10 8 9 16 10 5 7 1 1 9 22 21 5 21 10 9 8 21 7 5 6 5 12 20 10 10 1 9 9 22 1 7 10 10 16 22 9 5 22 20 5 1 1 5 10 9
split_gain=1.57306 3.39753 1.73875 3.05637 1.53226 1.64125 2.33643 1.99644 1.70613 1.49617 1.64682 2.02773 1.76312 1.90281 1.68267 1.63173 1.53286 2.93651 1.59684 1.5179 1.3675 1.4686 1.36149 2.09006 1.64615 1.31443 1.28251 2.08858 1.65926 1.15392 1.13657 1.34263 1.12342 1.08406 0.998106 0.952391 1.05354 0.938144 0.910903 0.893463 0.831339 0.962046 0.793172 1.62298 1.8619 0.755327 0.753579 0.780508 0.744615 2.28126 0.759233 0.71718 1.02394 0.707648 1.26865 0.927638 0.704274 1.34872 1.12058 0.702477 0.630081 0.626885
threshold=0 1 2 3 4 5 5.5000000000000009 728.50000000000011 6 4.5000000000000009 131.50000000000003 7 19.500000000000004 8 9 1798.8550000000002 2427.8750000000005 1290.2750000000003 1102.0650000000003 1.9756109122964414 2112.5900000000006 109.50000000000001 545.20000000000016 10 11 866.5150000000001 25.438700467801937 35.019230769230781 199.50000000000003 93.050000000000011 1589.6250000000002 1701.6700000000003 616.79000000000008 217.70833333333334 1290.0650000000003 88.500000000000014 5620.6000000000013 351.50000000000006 1.5000000000000002 508.50000000000006 720.6600000000002 1816.2250000000001 12 565.07500000000016 1008.3800000000002 162.76757482510055 13 681.22000000000014 1378.8700000000001 1208.6900000000003 1.0080916135409423 133.65409289509725 1059.2450000000001 258.50000000000006 50.382012874549652 116.50000000000001 139.50000000000003 14 15 75.500000000000014 3664.0200000000004 2593.1150000000002
decision_type=9 9 9 1 9 9 2 2 9 2 2 9 2 9 9 2 2 2 2 2 2 2 2 9 9 2 2 2 2 2 2 2 2 2 2 2 2 2 2 2 2 2 9 2 2 2 9 2 2 2 2 2 2 2 2 2 2 9 9 2 2 2
left_child=1 29 3 -3 5 8 40 22 26 10 12 30 13 19 25 -16 18 -18 -13 -6 -11 -22 23 -8 -24 -14 39 -28 -29 32 37 -32 42 48 38 -36 -37 -12 56 60 -7 -42 43 -1 -45 -31 47 -34 49 -5 -50 53 -53 55 -55 -10 57 -4 -58 -15 -2 -23
right_child=4 2 34 33 9 6 7 -9 51 20 11 16 14 59 15 -17 17 -19 -20 -21 21 61 24 -25 -26 -27 27 28 -30 45 31 -33 46 -35 35 36 -38 -39 -40 -41 41 -43 -44 44 -46 -47 -48 -49 50 -51 -52 52 -54 54 -56 -57 58 -59 -60 -61 -62 -63
leaf_value=0.11770801990266536 0.065538559308581421 0.33038504905205618 0.22402384421477761 -0.24339389636709577 -0.29509267617846008 -1.2967943565325051 -0.29201436125849983 -2.6474977482631381 0.066427056735829826 -0.24022615336022046 -0.011435437512864867 0.016456249335697493 -0.034316884565013341 0.061481632566376468 -0.076246732947530663 -3.104195417185676 -0.10053738079185415 0.08104016219624377 0.22085260829409259 -0.27678515653330216 0.091359206439208959 -0.015925935900843798 0.12557251570385319 -0.0092261560524135259 -0.074670766511815853 0.077873773669516533 -0.644871660308864 0.057892504104206211 -0.19072781759598545 0.61525070006088345 -0.20379566934741444 0.017993521415034408 0.52997346144157198 1.3621060365482465 -0.023323125934915014 0.75337548651864883 -0.21436718740411501 -1.1521592683947943 -0.29619423293843739 4.6434736783040647 -0.048383536660456986 -0.50256602960090935 0.046231705136071624 -0.51313811495723705 -0.034592506896803245 -0.25864088945287483 0.32663615448115735 -0.088750750807639556 -0.65108133296987714 -1.5498393712696326 -0.058180984003498359 0.2233748927154432 -1.8221109960274888 -0.025913454016677131 0.42844823137222632 0.81381885441967661 -0.074881835360418592 0.0095015256923147717 0.049453685358031053 -0.21554349810794646 -0.050192656602040933 -0.14646192655662826
leaf_weight=50 2831 138 686 231 100 37 544 23 927 50 771 5097 1311 333 2957 41 847 471 1216 441 35 50 2154 2447 1129 1287 22 1363 806 496 318 133 26 39 140 287 31 41 97 59 70 21 483 28 31 23 245 104 28 40 217 50 31 460 98 588 1297 1461 1322 201 188 65
leaf_count=50 2831 138 686 231 100 37 544 23 927 50 771 5097 1311 333 2957 41 847 471 1216 441 35 50 2154 2447 1129 1287 22 1363 806 496 318 133 26 39 140 287 31 41 97 59 70 21 483 28 31 23 245 104 28 40 217 50 31 460 98 588 1297 1461 1322 201 188 65
internal_value=0.000105413 0.00075203 0.000211548 -0.00210694 -5.69601e-05 0.000324652 -0.000254349 -0.000109127 0.000832101 -0.000395329 -0.000336427 0.000103968 -0.000930851 -0.00279453 -0.0005626 -0.00136998 0.000416994 -0.00111658 0.000746121 -0.00485108 -0.0046798 -0.00179739 -4.38107e-05 -0.000822478 0.000650487 0.00035427 0.00033368 -0.000575433 -0.000385589 0.00288526 -0.00173393 -0.00377203 0.00179124 -0.00380722 0.000527278 0.00276573 0.00428349 -0.000552147 0.000305693 0.000998053 -0.00687023 -0.00332447 0.000336134 -0.00317623 -0.00907258 0.00486111 0.00393519 0.000174825 -0.00452794 -0.00643248 -0.00216734 0.00201892 -0.00223214 0.00222182 0.000579323 0.0027915 0.000414133 0.00108721 -0.000119184 -0.000502742 0.000856221 -0.00476695
internal_weight=37113 7500 6014 693 29613 13848 6425 6297 7423 15765 15565 8894 6671 1075 5596 2998 7631 1318 6313 541 200 150 6274 2991 3283 2598 5269 2191 2169 1486 1263 451 967 555 5321 458 318 812 4863 3078 128 91 592 109 59 519 375 130 516 271 245 2154 81 2073 558 1515 4766 2147 2619 534 3019 115
internal_count=37113 7500 6014 693 29613 13848 6425 6297 7423 15765 15565 8894 6671 1075 5596 2998 7631 1318 6313 541 200 150 6274 2991 3283 2598 5269 2191 2169 1486 1263 451 967 555 5321 458 318 812 4863 3078 128 91 592 109 59 519 375 130 516 271 245 2154 81 2073 558 1515 4766 2147 2619 534 3019 115
cat_boundaries=0 1 3 5 6 8 9 11 13 15 17 19 21 23 25 27 29
cat_threshold=16 3224676 1184789 415367184 600330 4 2143585042 1024234 44 579108866 303146 2150834176 260 2148545732 4097 2150768844 2052 88343296 196736 759463936 458794 64 1048592 2097156 1025 2148040713 49312 2148040841 49312
is_linear=0
shrinkage=0.05


Tree=92
num_leaves=63
num_cat=1
split_feature=20 18 21 21 14 0 23 5 5 21 5 5 22 5 5 16 21 17 20 20 7 20 22 21 21 5 20 20 16 22 21 18 20 22 11 8 5 5 5 20 5 17 18 5 11 18 20 5 17 5 20 18 5 5 22 22 18 21 5 18 11 18
split_gain=1.47209 1.42238 1.45063 1.80204 1.40454 1.29602 3.34148 4.07055 32.0334 18.3466 3.11059 1.77921 1.8507 1.57431 4.40365 3.04828 2.44873 2.44228 1.74826 2.10385 1.34092 1.87118 1.53717 1.43766 1.32069 1.30255 2.34894 1.29351 1.20466 1.19799 1.18685 1.14943 0.847974 0.835625 0.751075 0.710868 0.926895 0.703312 0.692523 0.68719 0.806638 1.5528 0.613211 0.568181 0.563672 0.540198 0.65052 0.513918 0.653635 0.413855 0.404065 0.381257 0.738072 0.664413 0.605752 0.367473 0.648529 0.354007 0.349683 0.332868 0.22298 0.164983
threshold=330.50000000000006 0.39545098780092852 148.07142857142858 7.5000000000000009 8.5000000000000018 0 3.5000000000000004 180.50000000000003 152.50000000000003 107.05555555555557 81.500000000000014 181.50000000000003 7.0828333482315324 131.50000000000003 190.50000000000003 1.0182646512866858 215.70833333333334 1.2774386583206505 1.5000000000000002 8.5000000000000018 363.51500000000004 29.500000000000004 14.468842467903929 33.947619047619057 37.58957219251338 88.500000000000014 49.500000000000007 18.500000000000004 1.2352822254687765 33.974969235251244 39.535885167464123 1.8074185529046269 136.50000000000003 36.356070722020547 752.47000000000014 573.19000000000017 305.00000000000006 277.50000000000006 118.50000000000001 565.00000000000011 137.50000000000003 1.8461546955788284 0.23075240033965508 197.50000000000003 1120.7000000000003 0.33158155282093554 420.50000000000006 329.50000000000006 1.6615242494221736 153.50000000000003 385.50000000000006 0.25845444628215514 113.50000000000001 279.50000000000006 39.583925758811453 115.91214120602184 0.59694131153886765 265.16666666666669 61.500000000000007 0.34824625402322679 425.72000000000003 0.17265599697722123
decision_type=2 2 2 2 2 1 2 2 2 2 2 2 2 2 2 2 2 2 2 2 2 2 2 2 2 2 2 2 2 2 2 2 2 2 2 2 2 2 2 2 2 2 2 2 2 2 2 2 2 2 2 2 2 2 2 2 2 2 2 2 2 2
left_child=4 2 3 42 5 13 7 8 10 -10 -7 12 -9 16 15 31 25 -17 34 -20 21 28 24 -24 -22 27 -27 -1 -8 -23 47 -15 38 -34 -16 36 58 -13 -18 40 55 -42 49 -43 -37 46 -44 48 -3 50 -2 52 -5 -54 -53 56 -32 -38 60 -47 -4 -51
right_child=1 30 35 51 -6 6 20 11 9 -11 -12 37 -14 14 18 17 32 -19 19 -21 22 29 23 -25 -26 26 -28 -29 -30 -31 39 -33 33 -35 -36 44 57 -39 -40 -41 41 43 45 -45 -46 59 -48 -49 -50 61 -52 54 53 -55 -56 -57 -58 -59 -60 -61 -62 -63
leaf_value=-0.099971463962340537 1.2096624642550624 -0.50837923971108379 2.1368376207857511 0.095775275083529191 -0.10993846402646026 -0.18021495094652923 -0.21753451531240364 1.2669138196905911 -1.287110369171141 0.39624161243101669 0.11543776162088548 -0.086850415237739398 -0.24879545780111761 -0.1590459612186666 0.58886649683792314 0.0099463042115162555 -0.05653836822503653 0.35933462593634824 -0.41921215125088668 -0.0011115045702585035 0.013116074919502863 0.034396937425151729 -0.19166329301423746 0.032092091253163167 0.23591183533519031 0.015847275989385425 -0.19297966674239575 0.013269597368109044 -0.10000390623122529 -0.10615720341929964 0.61809762185654693 0.16867716273554959 0.27326002002015742 1.3802266743343037 0.92092048230097101 -0.31125163625898156 1.4562717373875573 0.086047258003444149 3.3628744006274212 -1.269369161430185 -1.7001848163387465 -1.4672925721625418 -0.064102157832100201 0.7782652235570553 1.0563973073141644 -1.3668992295084808 2.58798737262968 0.22817773632384616 3.1673861186561356 -0.088348950670550874 -2.7169574264861303 -2.4258123317603011 -0.78549594212323093 0.012885051950010508 -0.91098083745387726 -0.091108556040866526 2.2084762590945068 -2.1421521401419628 1.2353781814261386 0.54132092415393629 -0.92305953679615382 3.1654348601470708
leaf_weight=1580 31 27 25 40 32 1047 108 186 280 89 1037 877 84 247 203 862 269 2837 230 9486 414 490 211 3102 280 1281 1975 5578 247 470 103 34 277 274 261 93 26 860 36 40 29 48 53 161 24 27 98 38 339 64 79 37 38 21 23 33 91 20 164 39 20 38
leaf_count=1580 31 27 25 40 32 1047 108 186 280 89 1037 877 84 247 203 862 269 2837 230 9486 414 490 211 3102 280 1281 1975 5578 247 470 103 34 277 274 261 93 26 860 36 40 29 48 53 161 24 27 98 38 339 64 79 37 38 21 23 33 91 20 164 39 20 38
internal_value=8.25116e-05 0.00144899 5.19211e-05 -0.00143824 8.51136e-06 1.98779e-05 -0.000467552 -0.00147883 -0.00284507 -0.0163642 -0.000407283 0.00016791 0.00393773 0.000209374 0.000561322 0.00197088 -0.000228422 0.00236021 4.91014e-06 -0.000133759 0.000370892 -0.000995827 0.000832294 0.000365651 0.00297704 -0.000443986 -0.0012734 -5.93493e-05 -0.0040852 0.000103842 0.00286458 -0.00294894 0.00232829 0.00349729 0.00299786 0.00253333 0.00402132 -0.000395115 4.05844e-05 0.00110728 0.00173611 -0.000103734 0.000144676 0.00123821 -0.0003125 0.00210227 0.00381494 0.004914 0.0054878 -0.00162791 -0.00376106 -0.00594136 -0.00306373 -0.00665323 -0.00952381 0.0038587 0.00469543 -0.00153061 0.00548349 -0.00108696 0.000260417 0.000238095
internal_weight=37113 1869 960 588 35244 35212 9782 4460 2453 369 2084 2007 270 25430 14160 3980 11270 3699 10180 9716 5322 1315 4007 3313 694 10414 3256 7158 355 960 909 281 856 551 464 372 255 1737 305 505 465 238 429 209 117 217 151 404 366 212 110 159 99 59 60 227 194 46 209 66 45 102
internal_count=37113 1869 960 588 35244 35212 9782 4460 2453 369 2084 2007 270 25430 14160 3980 11270 3699 10180 9716 5322 1315 4007 3313 694 10414 3256 7158 355 960 909 281 856 551 464 372 255 1737 305 505 465 238 429 209 117 217 151 404 366 212 110 159 99 59 60 227 194 46 209 66 45 102
cat_boundaries=0 1
cat_threshold=1
is_linear=0
shrinkage=0.05


Tree=93
num_leaves=63
num_cat=8
split_feature=20 14 2 22 21 20 20 22 5 15 4 5 17 5 23 18 4 21 21 21 0 5 7 6 5 15 21 2 7 20 21 18 22 4 20 5 7 20 2 9 7 22 18 7 5 17 20 21 20 2 7 20 5 7 21 18 18 5 22 17 5 5
split_gain=1.46618 1.40545 1.33984 1.91115 1.53915 2.42246 1.81084 2.00829 1.84312 1.51284 1.51058 2.68087 1.79255 1.49545 1.42094 1.19118 1.16556 1.08498 1.1552 1.07172 0.972014 0.972 0.957287 1.17651 1.1023 0.89164 0.885691 0.860594 0.920498 0.788729 0.718496 2.43548 1.04815 0.688658 0.835706 0.764255 0.658958 0.646001 0.617512 1.10517 0.904118 0.842247 0.633903 0.62087 0.591436 0.58485 0.583233 0.556908 0.556885 0.518487 0.505561 0.470283 1.1004 0.460038 0.930899 0.39477 0.363646 0.351512 0.508289 0.305109 0.298347 0.291348
threshold=330.50000000000006 8.5000000000000018 0 172.9011777451386 117.06250000000001 36.500000000000007 98.500000000000014 79.791840862109481 192.50000000000003 1.5000000000000002 1 3.5000000000000004 1.2462057845981271 61.500000000000007 4.5000000000000009 0.37473138890562252 2 148.07142857142858 7.5000000000000009 212.70833333333334 3 34.500000000000007 302.46000000000009 1376.8900000000001 194.50000000000003 4.5000000000000009 39.535885167464123 4 567.71500000000015 162.50000000000003 137.26785714285717 1.5250891485143871 63.648447914279068 5 525.50000000000011 60.500000000000007 275.56500000000005 630.00000000000011 6 820.81500000000017 936.58500000000015 10.624763711443919 1.0784055741480445 578.73000000000013 324.50000000000006 1.6615242494221736 391.50000000000006 280.58333333333343 355.50000000000006 7 521.99000000000012 205.50000000000003 46.500000000000007 436.44000000000005 78.759615384615401 0.096398710998104861 0.23075240033965508 313.50000000000006 30.382209505838961 1.8896533885006674 276.50000000000006 130.50000000000003
decision_type=2 2 1 2 2 2 2 2 2 2 9 2 2 2 2 2 9 2 2 2 1 2 2 2 2 2 2 1 2 2 2 2 2 9 2 2 2 2 1 2 2 2 2 2 2 2 2 2 2 1 2 2 2 2 2 2 2 2 2 2 2 2
left_child=1 2 3 10 9 22 7 -7 -8 16 11 12 -1 29 -15 17 49 18 33 21 -18 -5 24 -24 -6 -13 44 47 48 -11 32 -32 -12 37 -35 -36 -23 46 39 59 -41 43 -42 -40 45 -17 -2 56 -29 -4 -49 52 -21 54 -20 -56 -19 58 -43 -28 -50 -55
right_child=15 -3 4 19 5 6 8 -9 -10 13 30 25 -14 14 -16 26 20 27 53 51 -22 36 23 -25 -26 -27 38 28 -30 -31 31 -33 -34 34 35 -37 -38 -39 41 40 42 57 -44 -45 -46 -47 -48 50 60 -51 -52 -53 -54 61 55 -57 -58 -59 -60 -61 -62 -63
leaf_value=0.081715757677152029 -0.63004918648334829 -0.10444154082513724 0.46434790372249979 -2.3820640656621093 0.49297368939836073 0.73823905357020791 0.35475410553937614 -0.046587001343245053 -0.028136925108704247 -0.33647717747702899 -0.003316607083959866 -0.17777529454971949 -1.8111318077087297 -0.038182633706971815 0.015085595483819781 -0.4829602777255293 0.18055344670493537 1.9720243791282259 -1.6118826255192831 -0.23910824384328661 -0.7111555959781285 -0.71223151299225196 1.126687887363147 -0.61966654039854063 -0.51982092208777642 0.0068248564534754592 -0.27022193854270304 -0.26153877258390706 -0.060864983694063568 1.5069299046416835 0.041257173893919946 1.3962245181349637 -0.15708179183036713 -0.13714332003088145 -0.34730715046859528 3.526267994892585 -0.037137408189423841 -2.6080792785859948 -1.7673958690399918 -1.8319870671840477 0.10658403934268074 -0.28916036138627849 -2.1126301381998478 2.6737376631499994 -0.18858159066028757 2.9700469150663751 0.92571280071056039 -1.6144317381655953 1.606123180072045 1.1341003024817795 1.9214630233090917 -1.5009742022667067 0.86903324613815591 -0.75683374115369806 -0.2136930431078298 0.098751033256918683 -0.43469418312122948 -3.8725276819059107 0.90081969574120502 1.5004215207999927 0.64848280055188146 -1.1541948814580076
leaf_weight=31 35 32 410 20 138 675 1915 223 1885 195 9197 1431 54 6370 7289 27 739 30 26 36 126 22 35 171 112 755 20 21 67 26 2195 180 621 162 22 78 35 38 20 23 106 27 26 104 44 347 80 20 129 239 20 30 57 25 21 47 40 22 108 75 23 36
leaf_count=31 35 32 410 20 138 675 1915 223 1885 195 9197 1431 54 6370 7289 27 739 30 26 36 126 22 35 171 112 755 20 21 67 26 2195 180 621 162 22 78 35 38 20 23 106 27 26 104 44 347 80 20 129 239 20 30 57 25 21 47 40 22 108 75 23 36
internal_value=8.52058e-05 1.13485e-05 2.27176e-05 -0.000340669 0.000284519 0.00103258 0.00137737 0.00341287 0.000880884 3.08502e-05 -0.000269579 -0.00145031 -0.0100852 -0.000129655 -5.94715e-05 0.00144899 0.00153263 0.000108342 -0.00117801 -0.00517241 0.000242027 -0.00984375 -0.00239651 -0.00490431 -9.88142e-05 -0.00108497 0.0026917 0.00233711 0.00395257 -0.00418527 -4.40357e-05 0.000730656 -0.000236738 8.97129e-05 0.00172727 0.00533981 -0.00479167 -0.00233434 0.00119382 -0.000475285 -0.00324367 0.00276361 -0.00111111 0.00590551 0.00445368 0.0051061 -0.000105932 -0.00101626 0.00603693 0.00311556 -0.00581395 -0.00168651 0 -0.00482595 -0.00180412 0.000704225 0.0010274 7.8125e-05 0.0013587 0.00344388 0.00709677 -0.00839844
internal_weight=37113 35244 35212 14664 20548 5154 4698 898 3800 15394 14464 2271 85 13880 13659 1869 1514 920 570 200 865 77 456 206 250 2186 949 350 240 221 12193 2375 9818 415 262 100 57 153 531 250 155 281 132 124 418 374 115 110 173 649 40 123 93 155 94 68 70 157 135 95 152 61
internal_count=37113 35244 35212 14664 20548 5154 4698 898 3800 15394 14464 2271 85 13880 13659 1869 1514 920 570 200 865 77 456 206 250 2186 949 350 240 221 12193 2375 9818 415 262 100 57 153 531 250 155 281 132 124 418 374 115 110 173 649 40 123 93 155 94 68 70 157 135 95 152 61
cat_boundaries=0 1 2 3 4 5 6 7 8
cat_threshold=3153 1 6 1 269 17 2378 676
is_linear=0
shrinkage=0.05


Tree=94
num_leaves=45
num_cat=14
split_feature=14 21 1 22 5 1 21 18 4 10 2 1 5 1 1 22 2 21 1 2 1 22 21 1 9 4 9 1 18 5 9 9 10 21 18 18 8 21 21 5 21 21 18 8
split_gain=1.42737 1.25024 1.77676 1.25886 1.22303 3.21213 1.4403 1.24288 1.2392 1.28678 1.02412 5.95162 1.76163 1.28322 1.18116 1.39626 1.19042 0.844294 0.838427 1.09476 1.14501 1.45339 1.13461 1.04725 0.871557 0.804541 1.29037 1.54392 0.871518 0.811203 0.735174 0.923191 0.817995 0.73 0.674316 0.666453 0.486566 0.538359 0.482606 0.41503 0.388825 0.37605 0.257213 0.211995
threshold=8.5000000000000018 212.70833333333334 0 235.82011152571363 12.500000000000002 1 131.70833333333334 0.49922709260140991 2 743.04500000000007 3 4 201.50000000000003 5 6 26.164775007977791 7 142.07142857142858 8 9 10 79.791840862109481 309.75000000000006 11 1748.3950000000002 12 1653.4050000000002 13 0.88310347619561713 119.50000000000001 661.36000000000013 1020.4900000000001 324.2050000000001 149.3666666666667 0.57366190274694906 0.32518848796236149 1059.5250000000003 309.75000000000006 239.12500000000003 263.50000000000006 319.25000000000006 246.25000000000003 1.1793821905066377 504.3300000000001
decision_type=2 2 9 2 2 9 2 2 9 2 1 9 2 9 9 2 1 2 9 1 9 2 2 9 2 9 2 9 2 2 2 2 2 2 2 2 2 2 2 2 2 2 2 2
left_child=1 3 25 4 5 8 7 -7 9 -1 11 12 -6 -13 16 -16 -12 -10 24 23 21 -21 -22 40 36 28 27 39 30 41 32 -32 -3 -8 -29 -25 37 -4 -38 -27 -20 -30 -31 -5
right_child=-2 2 18 43 10 6 33 -9 17 -11 14 13 -14 -15 15 -17 -18 -19 19 20 22 -23 -24 35 -26 26 -28 34 29 42 31 -33 -34 -35 -36 -37 38 -39 -40 -41 -42 -43 -44 -45
leaf_value=-1.9209546494581602 -0.099219463783880385 -1.7112485223181524 0.83919174717315137 -0.77863166201679379 -0.26830072163317803 -0.080173081763157461 -1.2890094206228946 0.16865832314982776 -0.23134054387089409 -0.3551630404719272 -0.0075205302275391794 0.39759723556120097 0.079249577628725379 0.073902767835850994 0.0095468963152878228 -0.03238232137053778 0.065281284184922947 0.65964713414153064 -0.0014021450574198679 0.062403304936718668 0.77773218214369799 -0.43396283736851449 -0.48567338345272404 0.29596236557452116 -1.383264661625518 1.8451069621870417 -2.2950289815848781 -0.40927701569659264 -1.680881091463579 0.45218108122258605 -1.1134606078187337 -0.20366907461471426 0.023081693872283895 -0.39520623920646691 0.44505383045320884 1.0640187290256911 1.0021892414431299 -0.082978323341374963 2.4807789073233488 0.061951932368494056 -2.2409390418702557 0.98784485456992288 3.2454716444375808 -0.93271761933459096
leaf_weight=50 32 41 169 26 294 92 22 246 525 120 1693 866 95 1118 15670 10496 2685 98 96 611 212 189 98 167 20 81 21 57 20 42 55 38 108 50 59 582 31 69 59 21 25 21 21 22
leaf_count=50 32 41 169 26 294 92 22 246 525 120 1693 866 95 1118 15670 10496 2685 98 96 611 212 189 98 167 20 81 21 57 20 42 55 38 108 50 59 582 31 69 59 21 25 21 21 22
internal_value=7.98173e-05 9.06725e-05 0.00108453 4.38969e-06 1.75834e-05 -0.00154436 0.00195035 0.00344575 -0.0033964 -0.00724044 7.63214e-05 0.00107397 -0.00444652 0.0022033 0 -0.00012892 0.000757231 -0.0021423 0.00170867 0.00125439 0.000155833 -0.000799508 0.00270898 0.00257644 0.00401662 -0.00131689 0.000744048 0.00214932 -0.00285515 0.00046729 -0.00459184 -0.00820313 -0.00189145 -0.004 -0.00155039 0.00329724 0.00483384 0.00321577 0.00833333 0.00630435 -0.00139925 -0.00426136 0.00435606 -0.00784314
internal_weight=37113 37081 2913 34168 34120 1203 410 338 793 170 32917 2373 389 1984 30544 26166 4378 623 2328 1980 1110 800 310 870 348 585 239 218 346 104 242 93 149 72 116 749 328 238 90 102 121 41 63 48
internal_count=37113 37081 2913 34168 34120 1203 410 338 793 170 32917 2373 389 1984 30544 26166 4378 623 2328 1980 1110 800 310 870 348 585 239 218 346 104 242 93 149 72 116 749 328 238 90 102 121 41 63 48
cat_boundaries=0 2 4 5 6 8 10 12 13 15 16 18 20 21 23
cat_threshold=2435900162 1310767 2694348973 66177 1 512 2166362114 299009 604110948 66738 1496351490 1736783 1136 67178497 70656 234 537134244 17024 8519704 16 21 2149581312 262176
is_linear=0
shrinkage=0.05


Tree=95
num_leaves=59
num_cat=11
split_feature=21 1 7 22 7 1 20 1 20 5 4 20 7 23 23 1 12 21 7 10 1 7 1 1 20 22 5 22 22 21 10 21 15 1 10 8 20 3 7 1 19 19 10 20 23 16 5 22 20 20 22 5 10 8 10 21 7 21
split_gain=1.08147 1.34105 1.33333 1.25552 1.04925 1.02932 1.00946 1.51505 1.28285 1.00253 1.67501 1.06807 1.06414 0.933597 0.918772 0.905765 0.874006 1.48497 1.30653 1.21595 1.13554 1.09445 0.934987 0.834637 1.46573 1.03675 0.82372 1.84802 1.01593 0.850358 0.774172 0.683386 2.009 2.27231 2.12051 1.75734 1.88914 1.45792 0.616128 0.506225 2.04876 1.56421 0.445769 0.445328 1.457 0.712771 0.431622 0.292709 0.282347 0.263252 0.228912 0.227336 0.214665 0.211995 0.162753 0.443099 0.135921 0.0363543
threshold=212.70833333333334 0 -1.0000000180025095e-35 235.82011152571363 -182.96499999999997 1 224.50000000000003 2 213.50000000000003 12.500000000000002 3 46.500000000000007 554.27500000000009 24.500000000000004 18.500000000000004 4 1.5000000000000002 30.84954751131222 1589.8700000000001 3135.9650000000006 5 413.43000000000006 6 7 6.5000000000000009 70.559549167950408 165.50000000000003 154.99502675292243 1.4571067811865479 373.50000000000006 2014.0450000000003 77.720779220779235 2.5000000000000004 8 3034.6850000000004 919.31500000000017 295.50000000000006 9 687.63000000000022 10 1137.5700000000002 1137.5700000000002 1771.4300000000001 32.500000000000007 29.500000000000004 1.9499402182906338 30.500000000000004 133.65409289509725 245.50000000000003 219.50000000000003 1.4571067811865479 73.500000000000014 467.54500000000007 504.3300000000001 793.16500000000019 235.83333333333334 188.68500000000003 287.25000000000006
decision_type=2 9 2 2 2 9 2 9 2 2 9 2 2 2 2 9 2 2 2 2 9 2 9 9 2 2 2 2 2 2 2 2 2 9 2 2 2 1 2 9 2 2 2 2 2 2 2 2 2 2 2 2 2 2 2 2 2 2
left_child=3 26 4 5 -3 13 8 42 23 10 12 14 -7 31 -12 -13 18 21 19 -11 -20 -18 -19 24 -4 -25 27 30 29 57 46 35 33 -33 -34 37 -37 -1 -14 40 -9 -41 47 45 51 56 -2 -8 54 50 -10 -45 -48 -5 -30 -56 -15 -28
right_child=1 2 6 53 -6 9 7 39 49 16 11 15 38 43 -16 -17 17 22 20 -21 -22 -23 -24 25 -26 -27 28 -29 48 -31 -32 32 34 -35 -36 36 -38 -39 -40 41 -42 -43 -44 44 -46 -47 52 -49 -50 -51 -52 -53 -54 -55 55 -57 -58 -59
leaf_value=-0.11080146612257305 -0.33504335380163258 0.075842197941473163 -0.61811536418890367 -0.73970007891595424 -0.62430637120549803 -0.90935448931287821 1.5468325235792151 -1.0615660324575984 -0.13675585616767522 -0.00084977767449911923 -0.28249803649286981 -0.41199607366731023 0.45177415104818225 0.12529246581305128 0.2067473341823699 0.081471061453357058 0.055459069701156841 0.17325011809335802 0.67662026941104192 -0.053402286706595303 0.018937926039845811 -0.3203058454766099 -0.17190748208686066 0.37532559626356454 0.07796091035682623 0.88361052375868854 -1.2231958010052155 -1.3886743054423367 1.2488247979791887 0.016525440421204653 -0.60085150236859342 0.25045085826622593 0.14195332161787225 -0.33255499490923024 -0.15053983453006695 0.032316718375868803 3.1010668218060928 0.0012519688740873392 -0.61542446808576456 1.3052509966259411 1.0770068045222487 -0.18222118566214826 -1.4278649788685218 0.20237005932419339 -0.17007468336983395 -0.03657519798020803 0.49283614749600296 0.17841935560066419 2.665860228746002 -0.11339892351085085 -0.90057374023958126 0.24024503538848394 1.4281776786513789 -0.88608173836786119 1.2774490625220249 -1.6320226677099183 0.16176845233231757 -2.0640432247754408
leaf_weight=1174 32 22 29 26 21 83 371 124 23 20524 158 102 24 21 28 387 28 113 246 1628 406 142 170 387 649 157 28 32 24 30 22 356 3056 596 189 1519 121 2811 60 312 104 184 20 22 39 23 26 35 20 36 32 44 105 22 24 32 82 32
leaf_count=1174 32 22 29 26 21 83 371 124 23 20524 158 102 24 21 28 387 28 113 246 1628 406 142 170 387 649 157 28 32 24 30 22 356 3056 596 189 1519 121 2811 60 312 104 184 20 22 39 23 26 35 20 36 32 44 105 22 24 32 82 32
internal_value=7.44288e-05 0.0009988 0.00143906 -2.92372e-06 -0.00679348 7.31957e-06 0.00161699 0.00271032 0.000617401 -0.000168485 -0.00186391 -0.000599564 -0.00618056 0.00043339 -0.00383598 0.000533537 -0.000104794 -0.00227522 -5.91924e-05 -0.000126382 0.0021374 -0.00592486 0 0.00108163 -3.61795e-05 0.00251346 -0.00157738 0.000284091 -0.00401554 -0.0077957 0.00246011 0.00035369 0.00083631 -0.00115183 0.0014355 0 0.00136945 -0.000573596 -0.00172414 0.00115332 -0.000622407 0.00206287 0.00506834 0.00357906 0.000578704 0.00562016 0.00384036 0.00556235 0 -0.00492021 -0.00711207 0.00543478 0.0051306 -0.00784314 -0.00180723 -0.00338983 0.00742925 -0.0111111
internal_weight=37113 2913 2506 34200 43 34152 2463 1150 1313 24099 842 675 167 10053 186 489 23257 453 22804 22152 652 170 283 1222 678 544 407 217 190 90 185 9822 4197 952 3245 5625 1640 3985 84 724 228 496 426 231 105 126 163 406 100 91 55 66 131 48 80 56 103 60
internal_count=37113 2913 2506 34200 43 34152 2463 1150 1313 24099 842 675 167 10053 186 489 23257 453 22804 22152 652 170 283 1222 678 544 407 217 190 90 185 9822 4197 952 3245 5625 1640 3985 84 724 228 496 426 231 105 126 163 406 100 91 55 66 131 48 80 56 103 60
cat_boundaries=0 2 4 6 7 9 11 13 15 17 18 20
cat_threshold=2434851328 39 1460978498 1482975 67440809 65664 1 2148007944 66048 524476 1536 2147487872 16896 604246186 144 50364482 19 2 42467584 295432
is_linear=0
shrinkage=0.05


Tree=96
num_leaves=63
num_cat=9
split_feature=6 8 0 7 7 9 8 2 23 18 7 20 17 2 20 20 6 16 17 4 16 9 4 2 7 2 18 6 17 2 8 9 18 5 17 23 7 16 16 8 4 20 20 17 5 5 9 12 18 19 7 22 9 9 20 22 17 5 5 23 20 8
split_gain=1.58121 1.92515 1.65608 1.87194 3.3732 2.36449 2.0208 1.43991 2.12267 1.30769 1.28591 2.31005 1.26054 1.25705 1.56357 1.46316 1.87129 1.22973 1.35953 1.14749 1.34847 1.11826 1.07611 2.07148 1.20236 1.08032 1.11635 1.06247 1.06029 1.25932 0.998954 1.17733 1.62923 1.05177 2.00392 1.41587 1.33799 1.32225 1.13542 0.987936 0.95631 0.864645 0.922744 0.848322 0.839435 0.837361 0.820696 0.811887 0.79524 0.783224 0.781019 0.769608 0.76852 0.752777 0.802828 0.752392 0.800396 0.744856 1.18501 0.729216 0.703328 0.702156
threshold=2501.0100000000007 967.1400000000001 0 1475.1900000000003 1033.3750000000002 1701.6700000000003 299.99500000000006 1 10.500000000000002 1.5787447189254618 -1.0000000180025095e-35 10.500000000000002 1.9393648833006294 2 8.5000000000000018 104.50000000000001 1734.8500000000001 1.4999733487931388 1.4261482695730368 3 1.5930926025901226 1457.5900000000004 4 5 509.73000000000008 6 1.3516784114688052 2012.74 2.0099107839442456 7 821.81500000000017 1383.8450000000003 2.1026563823128752 61.500000000000007 0.5590015179347041 6.5000000000000009 756.57500000000016 0.87807660600008786 1.1303382722294002 -1.0000000180025095e-35 8 355.50000000000006 238.50000000000003 1.9491286733152704 25.500000000000004 96.500000000000014 1982.9600000000003 1.5000000000000002 0.29792055225158653 634.72000000000014 798.10000000000014 18.304404303666043 832.70500000000015 2850.3450000000007 28.500000000000004 46.572345155696389 1.3598110796522227 202.50000000000003 174.50000000000003 9.5000000000000018 202.50000000000003 1695.5700000000004
decision_type=2 2 1 2 2 2 2 1 2 2 2 2 2 1 2 2 2 2 2 9 2 2 9 1 2 1 2 2 2 1 2 2 2 2 2 2 2 2 2 2 9 2 2 2 2 2 2 2 2 2 2 2 2 2 2 2 2 2 2 2 2 2
left_child=1 10 7 4 5 6 -4 17 22 -8 11 -1 13 15 59 16 45 18 57 20 50 -22 23 24 -9 26 -24 48 29 46 33 40 -33 34 35 -12 38 -36 -35 -27 60 42 47 -29 -18 -3 -14 -19 -13 -38 -10 -34 -42 54 -7 61 -57 58 -2 -15 -32 -21
right_child=2 12 3 -5 -6 53 9 8 19 -11 30 27 28 14 -16 -17 44 41 -20 55 21 -23 25 -25 -26 39 -28 43 -30 -31 31 32 51 36 37 -37 49 -39 -40 -41 52 -43 -44 -45 -46 -47 -48 -49 -50 -51 -52 -53 -54 -55 -56 56 -58 -59 -60 -61 -62 -63
leaf_value=0.47933983885866499 0.010793290779849585 0.2179431058711474 0.15882258364008958 0.26581208738910272 -0.3199254262379887 -0.061159316734219732 -0.3310185431576429 0.045862982901876848 0.07823744556702722 0.11084634659827911 -0.93349912942515856 -1.0367773410446393 0.21964044273615091 -1.0996703010707933 0.083888780481134267 -0.32821531311133828 -0.17037240902981338 0.23607789684542643 0.020974131571291823 0.041656824444261976 -0.10663709126501751 -0.51355479328165221 0.0018241958174602503 0.092576255622089224 -0.34447336049440325 0.55584130725377479 -0.16462163760365353 -0.5683049438864981 0.19261196478225015 0.59907638395482954 -0.41803671963617273 0.20977746672201647 0.039343418840385884 0.047858921882966324 -0.24203904718946465 -0.0089598215443714938 0.12938731874357767 -0.0076044053188265796 0.0063693657431842972 -0.13468466606429069 -0.25414366418822815 -0.43131717203332587 2.5369258944400528 -0.26771971913206632 0.15622272911523921 -0.18550643150915924 -1.4869260778211795 -0.077573362040556301 0.11381501218439721 1.1822336631889907 -0.19887173031425301 -0.16927744304827952 -0.0016323964004108405 -0.11248266897230322 0.20046812078847528 0.21658756989090119 -0.54695321871070746 0.37056749270510481 -0.18185742941041175 -0.10758721234433555 -0.01786577506269893 0.18118335854359646
leaf_weight=71 39 44 51 80 106 46 305 189 213 42 54 21 124 22 977 508 67 1144 289 1387 97 49 1989 987 366 24 184 75 2435 348 380 169 78 2647 132 42 475 3377 11597 3471 78 29 49 64 298 151 23 40 40 170 56 98 765 42 110 44 41 22 66 26 115 85
leaf_count=71 39 44 51 80 106 46 305 189 213 42 54 21 124 22 977 508 67 1144 289 1387 97 49 1989 987 366 24 184 75 2435 348 380 169 78 2647 132 42 475 3377 11597 3471 78 29 49 64 298 151 23 40 40 170 56 98 765 42 110 44 41 22 66 26 115 85
internal_value=6.23047e-05 0.000284113 -0.000418635 -0.00264331 -0.00351064 -0.00191987 -0.00417706 -0.000253153 -0.000502991 -0.00560714 6.60114e-05 -0.00333029 0.00116146 0.000196803 0.00145713 -0.000971323 0.00071048 0.00107924 -0.00119332 0.000936709 -0.00131425 -0.00520134 -0.000904617 0.000241158 -0.00213468 -0.00122338 -0.000314501 -0.00615764 0.00183259 0.00399096 0.000114594 -0.00104537 0.0014727 0.000223009 -0.000537001 -0.00757576 0.000410455 -0.00032389 0.000305327 -0.00177095 -0.00173378 0.00187747 0.00211367 -0.00853873 0.00288723 -0.00309343 0 0.00176917 0 0.00264275 0.000597426 -0.00167598 -0.000598715 0.00236318 0.00408805 0.00156847 -0.00269886 -0.00548077 -0.00729167 -0.00686275 -0.00346949 0.00186441
internal_weight=37113 25471 11642 782 702 596 398 10860 9182 347 20448 271 5023 2093 1025 1068 560 1678 416 1972 415 146 7210 1542 555 5668 2173 200 2930 495 20177 1683 345 18494 3605 96 14889 3509 14244 3495 1338 1262 1233 139 365 195 147 1184 61 645 269 176 843 198 156 1557 85 127 105 48 495 1472
internal_count=37113 25471 11642 782 702 596 398 10860 9182 347 20448 271 5023 2093 1025 1068 560 1678 416 1972 415 146 7210 1542 555 5668 2173 200 2930 495 20177 1683 345 18494 3605 96 14889 3509 14244 3495 1338 1262 1233 139 365 195 147 1184 61 645 269 176 843 198 156 1557 85 127 105 48 495 1472
cat_boundaries=0 1 2 3 4 5 6 7 8 9
cat_threshold=1 768 2761 2 48 82 1108 2308 3
is_linear=0
shrinkage=0.05


Tree=97
num_leaves=52
num_cat=12
split_feature=16 11 5 5 1 5 1 0 2 23 1 2 1 1 1 9 17 23 10 7 7 9 1 17 10 5 1 17 7 17 5 17 23 0 10 5 7 11 9 5 17 23 16 10 10 9 11 11 17 10 11
split_gain=1.11019 2.04469 1.18101 1.77232 3.06137 1.80544 1.99508 1.61255 3.93194 6.89301 3.36137 2.52718 3.8 3.37627 1.49674 1.52347 1.30256 1.15216 1.12899 1.09356 1.14453 1.05049 1.27635 0.942711 0.907908 0.90625 0.823825 1.23645 1.09899 1.03133 0.967634 0.992564 0.818685 0.803975 1.11732 0.748719 0.591982 0.97176 0.577223 0.565485 0.549556 0.478009 0.503839 0.464517 0.45671 0.405838 0.280344 0.257576 0.203093 0.149038 0.131126
threshold=-1.0000000180025095e-35 2085.2250000000004 353.50000000000006 319.50000000000006 0 308.50000000000006 1 2 3 3.5000000000000004 4 5 6 7 8 1585.5300000000004 0.58639208136169907 11.500000000000002 1115.8100000000002 -1.0000000180025095e-35 -182.96499999999997 272.85000000000008 9 2.4000495357084399 3832.8950000000004 158.50000000000003 10 1.8378178308756659 593.82500000000016 1.0848324498708537 333.50000000000006 1.05087516136231 3.5000000000000004 11 410.90000000000003 320.50000000000006 1290.1350000000002 6369.5300000000016 1476.8350000000003 318.50000000000006 1.1678033611690284 8.5000000000000018 1.5473101872606434 1132.5850000000003 418.34500000000008 689.30500000000018 847.57000000000005 567.37000000000012 1.351606537519821 1.0000000180025095e-35 1077.9550000000002
decision_type=2 2 2 2 9 2 9 1 1 2 9 1 9 9 9 2 2 2 2 2 2 2 9 2 2 2 9 2 2 2 2 2 2 1 2 2 2 2 2 2 2 2 2 2 2 2 2 2 2 2 2
left_child=1 19 3 5 16 7 39 11 9 -9 -10 13 -13 -2 32 17 18 33 44 20 47 48 -23 24 -17 -22 27 29 -29 -6 35 -32 50 34 -16 -28 37 -8 -38 40 -7 45 -43 -35 -5 -34 49 -1 -18 -21 -4
right_child=2 -3 14 4 26 6 36 8 10 -11 -12 12 -14 -15 15 23 21 -19 -20 46 25 22 -24 -25 -26 -27 30 28 -30 -31 31 -33 41 43 -36 -37 38 -39 -40 -41 -42 42 -44 -45 -46 -47 -48 -49 -50 -51 -52
leaf_value=-0.27450529525609069 -0.030147914835526993 -0.62433982781357977 0.3855559237290262 -0.84290790170296193 0.17926880443445015 -0.02950568940849814 -0.21236760136278399 -0.50977014216159766 -0.074066844688870509 0.021464331800306248 0.036258371625166368 -0.078020235620309908 0.032662660035435567 0.093817601955031027 1.5740779186659271 0.33877965141892191 0.71003592412235939 -0.49720485238714507 -1.0584341094279706 1.5229675497488142 -0.058628482442908948 0.014643196732176201 -0.26010896933059746 -2.2166148272572324 -0.039462882503847045 -0.58420409792951522 0.030181446525895873 1.223229167339543 0.40522287588256795 -0.053311032481827697 -0.032643874484663729 0.23130355933037131 0.057473674452814198 -0.38076675222968243 -0.52116622357950215 0.57123874671740893 1.1883399250359357 -0.51389874868125562 -0.054098393080207079 -0.3229548278282483 0.50116360609341482 -0.074504411232617682 0.4466241078334971 0.34249243710920396 0.25820108035427475 -0.36983896407124806 -0.25996938337959075 0.18691526612180775 0.32226035026195315 4.1073280907352281 1.3243494495837362
leaf_weight=30 3045 44 20 54 233 60 822 1089 2155 988 4626 4884 6229 8767 20 53 53 39 24 20 24 1075 324 20 24 25 39 154 224 374 89 321 20 55 231 289 23 36 61 20 141 22 25 25 29 38 23 30 33 23 41
leaf_count=30 3045 44 20 54 233 60 822 1089 2155 988 4626 4884 6229 8767 20 53 53 39 24 20 24 1075 324 20 24 25 39 154 224 374 89 321 20 55 231 289 23 36 61 20 141 22 25 25 29 38 23 30 33 23 41
internal_value=8.38587e-05 -0.00343468 0.000106377 0.000145116 0.00124699 3.26262e-05 -0.00189751 0.000104999 -0.000465523 -0.00236244 0.000112231 0.000327656 -0.000210093 0.000837209 -0.00202437 -0.00346354 -0.000311526 -0.00502681 -0.00556818 -0.000632022 -0.00390625 4.20027e-05 -0.000258559 0.001625 0.00453125 -0.009375 0.00270017 0.00161573 0.00387139 0.000143443 0.00402796 0.00223971 0.00181564 -0.00377994 -0.00516732 0.00619335 -0.00290576 -0.00333914 0.000574713 0.00219017 0.00324755 -0.000347222 0.00275 0 -0.00188953 -0.00368852 0.00398551 0 0.00533708 0.00625 0.00644531
internal_weight=37113 219 36894 36261 3315 32946 1163 31783 8858 2077 6781 22925 11113 11812 633 467 1592 370 107 175 109 1485 1399 97 77 49 1723 985 378 607 738 410 166 331 251 328 942 858 84 221 201 105 47 80 83 58 66 60 86 43 61
internal_count=37113 219 36894 36261 3315 32946 1163 31783 8858 2077 6781 22925 11113 11812 633 467 1592 370 107 175 109 1485 1399 97 77 49 1723 985 378 607 738 410 166 331 251 328 942 858 84 221 201 105 47 80 83 58 66 60 86 43 61
cat_boundaries=0 2 4 5 6 8 9 11 13 15 17 19 20
cat_threshold=989274993 797856 2148794369 33953 1 272 84422923 1200936 944 2227799436 1661123 3358752820 34567 536903688 512 580133697 128 2164801664 1167376 1
is_linear=0
shrinkage=0.05


Tree=98
num_leaves=63
num_cat=27
split_feature=6 1 23 7 1 1 2 1 2 4 1 8 14 2 1 16 4 1 2 7 4 21 1 21 18 1 21 7 8 5 8 21 19 2 21 19 8 1 2 18 1 1 7 16 23 21 5 18 18 18 21 18 2 1 18 1 18 1 5 7 1 2
split_gain=1.43388 2.56427 2.00062 1.73255 2.99462 1.94622 1.61288 1.53842 1.29393 1.50043 3.1211 1.20351 1.15583 1.23236 1.57513 1.38526 1.15337 1.66993 1.9086 1.25949 1.20537 1.10981 1.10674 1.20943 1.19775 1.08237 1.45644 1.98266 1.16958 1.15783 1.04043 0.98411 0.962857 1.59723 1.31975 1.18957 1.1175 1.10424 1.05119 1.23968 1.13519 1.04761 0.932213 0.896662 0.860235 1.54109 0.796102 0.790149 1.40972 0.789381 0.772342 1.43705 1.33908 0.904996 0.893458 0.83341 0.810427 0.771931 0.766293 0.763086 0.759456 1.01996
threshold=2501.0100000000007 0 8.5000000000000018 1240.0450000000003 1 2 3 4 5 6 7 1842.3300000000004 6.5000000000000009 8 9 1.6044818170681803 10 11 12 -1.0000000180025095e-35 13 1.0000000180025095e-35 14 139.81666666666669 2.3090602812648666 15 82.809090909090926 896.84500000000014 443.06000000000006 36.500000000000007 576.38000000000011 127.08333333333336 227.96999999999994 16 28.924501424501429 344.99500000000012 1051.1750000000004 17 18 0.23647051011280948 19 20 1744.9550000000002 2.2828038465605913 2.5000000000000004 250.58333333333334 84.500000000000014 4.4045552446522587 2.3490184965274037 0.79394949440426077 123.06250000000001 0.83267113627203826 21 22 3.4576780980483894 23 0.8911076661019478 24 201.50000000000003 207.53500000000005 25 26
decision_type=2 9 2 2 9 9 1 9 1 9 9 2 2 1 9 2 9 9 1 2 9 2 9 2 2 9 2 2 2 2 2 2 2 1 2 2 2 9 1 2 9 9 2 2 2 2 2 2 2 2 2 2 1 9 2 9 2 9 2 2 9 1
left_child=3 2 8 5 6 32 44 59 9 10 -2 57 13 14 15 -9 22 18 31 30 -20 -21 23 24 -7 26 27 -10 -27 -28 -19 -18 33 41 36 -34 -35 -36 39 -37 -40 -1 60 -30 45 -5 -46 48 -24 -12 51 -6 54 -52 -53 -54 -55 -11 -14 -3 61 -4
right_child=1 7 42 4 50 16 -8 12 25 11 49 -13 58 -15 -16 -17 17 19 20 21 -22 -23 47 -25 -26 28 29 -29 43 -31 -32 -33 35 34 37 38 -38 -39 40 -41 -42 -43 -44 -45 46 -47 -48 -49 -50 -51 53 52 55 56 -56 -57 -58 -59 -60 -61 -62 -63
leaf_value=-0.16117443321745828 -0.77952156350696167 0.037406397902919823 0.13394375559748736 0.87881888798438368 2.5182119486149528 -0.027567278739659008 -0.20222401186666403 0.074392933236196335 -0.23213611366146922 0.2955507887002865 -0.20075440641364362 -0.57260694400774814 -0.0034551875138235768 -0.065338038776729196 0.048057469412494849 -0.2472667937216052 -0.081247650645317651 -0.52478837098236963 0.29429430935833628 0.20976119954299027 0.022750893805362618 0.0058336696990028084 -0.02862597587131397 0.44939117869290152 0.16937504236657466 0.43211650731327289 -1.1561060126454883 0.090771951986209132 -0.054613104100773406 0.16577471728980422 0.6481036083361108 0.54679577521073675 0.20723957016436476 -0.86525119095775271 -0.006440201450075911 -0.60799684206268667 -0.018513564992412634 -0.20212171812291119 0.38846154627502261 0.11834726308288995 -0.18204040921849077 0.042657628822125607 0.32639882165765183 0.20270822862877244 -0.23628488124522706 -0.84682149517036009 0.078663818789958831 0.13706384947087322 -0.16622393700439775 0.10542227403407939 0.061171090197548794 0.67251414838146317 -0.40122544633184687 0.73728931934019648 -0.22080998516178829 0.099262106123982369 1.3374490555606942 0.011566190244932661 -0.14332204847800684 -0.41217462266564947 0.092453588812561632 -0.09995462410042491
leaf_weight=219 122 80 131 200 194 2064 465 146 543 105 491 45 26 3958 1547 223 831 89 1012 2158 508 7439 3840 691 278 225 22 331 190 791 33 309 127 67 367 74 42 516 161 655 834 568 56 464 89 29 118 79 308 180 104 180 118 49 34 317 305 472 35 282 898 279
leaf_count=219 122 80 131 200 194 2064 465 146 543 105 491 45 26 3958 1547 223 831 89 1012 2158 508 7439 3840 691 278 225 22 331 190 791 33 309 127 67 367 74 42 516 161 655 834 568 56 464 89 29 118 79 308 180 104 180 118 49 34 317 305 472 35 282 898 279
internal_value=9.05944e-05 -0.00036711 0.000431598 0.000301778 0.00164399 0.000172417 -0.00053337 -0.0010519 -0.000122364 -0.00133929 -0.00277605 0.000433071 -0.00084272 -0.000761443 0.000259202 -0.00258508 0.000370827 0.000664743 0.00177703 0.000353216 0.00293542 0.000423177 -0.000123745 0.000595043 3.19829e-05 0.000533152 -0.000183824 -0.00162486 0.00194787 0.00130208 -0.0046 0.000173461 -0.000885259 -0.00171857 -0.00303483 -6.06796e-05 -0.00837054 -0.00232788 -0.000434279 0.000960243 -0.0015005 0 0.00208486 0.000799087 0.00155902 0.00371767 -0.000535714 -0.000651533 -0.000758853 -0.00126096 0.00316781 0.00217199 0.000939417 0.00493492 0.00407489 -0.000585938 0.00606267 0.00114224 -0.00761719 -0.0042 0.00175439 0
internal_weight=37113 11642 5345 25471 2202 23269 901 6297 3981 1415 793 622 5935 5874 1916 369 19639 12379 2660 9719 1520 9597 7260 3033 2342 2566 1687 874 879 813 122 1140 3630 1779 992 1851 109 883 1724 729 995 787 1364 654 436 229 207 4227 4148 671 1301 843 649 458 214 435 354 577 61 362 1308 410
internal_count=37113 11642 5345 25471 2202 23269 901 6297 3981 1415 793 622 5935 5874 1916 369 19639 12379 2660 9719 1520 9597 7260 3033 2342 2566 1687 874 879 813 122 1140 3630 1779 992 1851 109 883 1724 729 995 787 1364 654 436 229 207 4227 4148 671 1301 843 649 458 214 435 354 577 61 362 1308 410
cat_boundaries=0 2 4 6 7 9 10 11 13 14 16 17 19 20 21 23 25 26 28 29 31 33 34 36 37 39 41 42
cat_threshold=234927684 1532670 2275804352 263331 203592204 10596 167 3221372960 528640 2089 11 33558528 262144 3848 3735832 1 35 1364534561 1802368 283 24 813973618 394250 4160 82610 3672 134385664 68 2218 67239936 288 67239940 260 1688 20496 16384 536871188 33558592 262146 33555008 1114242 802
is_linear=0
shrinkage=0.05


Tree=99
num_leaves=63
num_cat=10
split_feature=7 8 1 8 1 7 20 7 18 8 17 18 18 1 17 10 21 7 4 1 1 17 10 23 10 10 21 18 18 1 5 5 21 20 9 10 17 18 5 5 17 9 21 18 20 5 4 7 21 21 1 23 20 20 8 5 9 7 0 21 10 23
split_gain=1.00372 2.23118 1.95406 1.48711 1.28767 1.25479 1.25058 1.23378 2.77737 1.37157 1.15748 1.14095 2.76871 2.48933 1.64569 1.28504 1.15067 1.13344 1.05577 2.53086 1.86927 1.34662 1.16952 1.36285 1.14515 1.07358 1.04092 1.09358 1.01418 0.995153 0.95094 0.929388 1.13213 0.906489 0.884371 0.882478 1.84933 0.882232 1.27648 0.945338 0.863442 0.829324 1.18569 0.93672 0.933849 0.896903 0.828003 0.812649 0.811228 0.845404 0.761344 1.06572 0.755988 0.754381 0.73288 0.665912 0.689183 0.651873 0.544268 0.521854 0.490732 0.445492
threshold=945.2850000000002 2074.3750000000005 0 1117.1500000000001 1 928.8950000000001 37.500000000000007 -1.0000000180025095e-35 0.45822087876497902 628.36500000000012 0.8958494933451534 1.9108969976129646 1.8296834740614505 2 0.66986026768764362 1790.0700000000002 29.532388663967616 290.89000000000004 3 4 5 1.351606537519821 3258.1500000000005 7.5000000000000009 2686.9950000000003 1432.9550000000002 51.511904761904766 1.9457084337927479 1.4137930775966512 6 321.50000000000006 348.50000000000006 108.52777777777779 138.50000000000003 1653.4050000000002 1549.1800000000003 1.7413159368936111 0.7993825726450714 258.50000000000006 132.50000000000003 0.77540776308686765 1277.3550000000005 44.51315789473685 1.1696523001919772 172.50000000000003 141.50000000000003 7 667.3950000000001 136.22500000000002 235.83333333333334 8 10.500000000000002 302.50000000000006 280.50000000000006 1945.0900000000001 178.50000000000003 1891.1750000000004 1083.2350000000004 9 221.55000000000004 2784.1700000000005 2.5000000000000004
decision_type=2 2 9 2 9 2 2 2 2 2 2 2 2 9 2 2 2 2 9 9 9 2 2 2 2 2 2 2 2 9 2 2 2 2 2 2 2 2 2 2 2 2 2 2 2 2 9 2 2 2 9 2 2 2 2 2 2 2 1 2 2 2
left_child=1 4 3 6 7 11 -2 8 -1 -10 26 12 15 16 -15 -6 -13 -14 20 22 30 24 -20 -24 -21 -23 40 28 -28 33 46 52 61 -22 -32 36 -8 39 60 -7 -4 42 -5 44 -44 -45 -12 -3 50 -50 51 -43 53 -9 -52 56 -37 -31 -54 -38 -39 -33
right_child=2 47 10 41 5 37 35 31 9 -11 18 13 17 14 -16 -17 -18 -19 19 21 29 25 23 -25 -26 -27 27 -29 -30 57 34 32 -34 -35 -36 55 59 38 -40 -41 -42 48 43 45 -46 -47 -48 -49 49 -51 54 -53 58 -55 -56 -57 -58 -59 -60 -61 -62 -63
leaf_value=0.54169335605365521 -0.17408455283956245 -0.053938189850400824 -0.027991172541655687 -0.0025667059501433445 -0.0016495584823763565 -0.720698074207755 -1.5325150929681912 0.037753936980479713 -0.82044966511215778 -0.10643730869411527 0.08215944761515992 -0.033511343412260745 0.23518780440264297 -0.25338070705895355 -0.00042134768617998477 -0.055050725863461915 0.096517777760558504 -0.40160327166156051 0.54054936458831127 0.031369966611707593 0.05985832491708605 -0.01072271199064403 -0.2461756267674339 0.28588707959957277 -0.42481086030760795 0.23936086354820496 0.0078890952497339129 0.38270905806148509 -0.85759027953422429 0.19183486600053784 -0.67430932320078019 -0.88307776105881186 -0.74652168358468529 0.80022438070749047 0.243924893796725 0.29565217323519039 -0.0030879969344887572 0.22709465176831289 -0.75218045377156673 -0.097357241112828785 -0.49322919833682327 -0.076473887527488321 -1.3706669724176104 -0.62439158898266323 -0.35350769445666597 0.58095788001693127 -0.19269686314172693 -0.75467131441928037 0.60997779696930654 -1.713593771414595 -0.4665320316633057 0.072515284511108474 1.360110661081481 -0.49176289560042347 0.058651060298685477 0.64101008306948293 -0.34969428079039916 0.0078857530025712389 0.020985691631025462 1.766745916580625 -0.11033309232136333 0.10662325183721039
leaf_weight=22 49 42 42 111 18918 36 25 3574 26 20 303 84 26 145 1077 2841 1207 201 605 231 314 614 69 69 194 966 37 69 20 755 71 21 33 221 31 78 68 62 33 25 39 289 56 36 74 52 582 39 71 24 108 81 165 58 32 98 29 1755 83 27 25 55
leaf_count=22 49 42 42 111 18918 36 25 3574 26 20 303 84 26 145 1077 2841 1207 201 605 231 314 614 69 69 194 966 37 69 20 755 71 21 33 221 31 78 68 62 33 25 39 289 56 36 74 52 582 39 71 24 108 81 165 58 32 98 29 1755 83 27 25 55
internal_value=9.19415e-05 -4.59734e-05 0.000576946 -0.00117335 -2.04419e-05 -0.000157939 0.00139257 0.000801597 -0.0056338 -0.0127551 0.0009125 -0.00012499 -0.000242167 0.000879372 -0.000708502 -0.000182083 0.00240606 -0.00570652 0.00103199 0.00179283 0.000494438 0.000823835 0.00428241 0 -0.00160631 0.00151611 -0.00267857 0 -0.00479167 0.00111593 -0.0013625 0.000929985 -0.00345982 0.00307938 -0.00595238 0.00262957 -0.000406504 -0.00427989 -0.00121951 -0.00917969 -0.00699405 -0.00226788 -0.00432982 -0.00644796 -0.00921053 -0.00164835 -0.000774212 -0.00818452 -0.00104852 0.00293367 -0.00190058 -0.000456919 0.00106876 0.000866575 -0.00490196 0.0046274 0.00125 0.000663892 0.00378486 0.00242347 0.00152778 0
internal_weight=37113 28818 8295 1308 28737 24680 374 4057 68 46 6987 24499 21986 2513 1222 21759 1291 227 6780 2748 4032 2005 743 138 425 1580 207 126 57 3045 987 3989 109 535 102 325 120 181 120 61 81 934 329 218 130 88 885 81 605 95 510 370 3880 3632 140 205 107 2510 248 95 87 76
internal_count=37113 28818 8295 1308 28737 24680 374 4057 68 46 6987 24499 21986 2513 1222 21759 1291 227 6780 2748 4032 2005 743 138 425 1580 207 126 57 3045 987 3989 109 535 102 325 120 181 120 61 81 934 329 218 130 88 885 81 605 95 510 370 3880 3632 140 205 107 2510 248 95 87 76
cat_boundaries=0 2 4 6 7 9 11 13 14 16 17
cat_threshold=3666280514 263424 1519714370 458824 2687144969 528401 13 1106725 1069569 2146341 1071617 84935952 532506 8 2449932288 262144 1
is_linear=0
shrinkage=0.05


Tree=100
num_leaves=63
num_cat=14
split_feature=4 22 1 2 1 1 22 1 2 1 23 23 1 0 23 1 22 17 23 17 18 17 22 17 11 18 18 11 12 17 1 16 9 1 14 15 23 18 11 2 9 22 9 15 16 22 19 10 19 16 10 19 19 23 22 22 15 16 11 18 19 18
split_gain=1.06898 1.86485 2.27627 1.68868 2.89333 2.1704 1.70646 1.88338 1.55773 1.35843 1.41202 1.31616 1.54848 1.31303 3.10582 1.302 1.6512 1.20268 1.16808 1.28062 1.16078 1.69321 1.13757 1.36854 1.08856 1.13387 1.36353 1.08651 2.1395 1.28945 1.96369 1.6219 1.56912 1.35924 1.5196 1.16674 1.04121 1.02125 3.4461 1.01904 1.01425 1.00902 0.979317 0.971037 0.963203 0.961651 0.902738 1.4567 1.07551 0.874321 0.807207 0.804837 0.886772 0.784548 0.768733 0.684791 0.747462 0.682605 0.680659 0.800409 0.663602 0.655315
threshold=0 139.33681727070672 1 2 3 4 96.54584403138125 5 6 7 15.500000000000002 4.5000000000000009 8 9 2.5000000000000004 10 -1.0000000180025095e-35 0.93107345018391097 15.500000000000002 1.215529279303291 2.4525606568241227 2.5983725239708164 61.521990730528053 1.3299972614509821 511.60500000000002 0.2707184308589054 0.34360563194347943 302.49000000000007 1.0000000180025095e-35 2.0296383136610827 11 0.85726365958956541 514.69500000000005 12 1.0000000180025095e-35 1.5000000000000002 4.5000000000000009 1.0114591702189888 1765.0400000000002 13 820.81500000000017 7.772814029103027 360.22500000000008 2.5000000000000004 1.2000004164110369 -1.0000000180025095e-35 899.20500000000004 2894.4100000000003 946.91499999999996 1.9999596810772851 1729.4150000000002 617.06000000000006 911.11500000000001 5.5000000000000009 22.119989570545016 100.40990986671626 6.5000000000000009 1.4474619159728142 1120.7000000000003 0.82591208151906648 1912.9850000000001 0.82591208151906648
decision_type=9 2 9 1 9 9 2 9 1 9 2 2 9 1 2 9 2 2 2 2 2 2 2 2 2 2 2 2 2 2 9 2 2 9 2 2 2 2 2 1 2 2 2 2 2 2 2 2 2 2 2 2 2 2 2 2 2 2 2 2 2 2
left_child=3 2 8 5 55 20 7 22 18 -10 44 12 51 17 -15 24 -17 -9 46 54 21 37 41 -24 45 -26 -27 28 -4 33 31 -31 -32 34 -29 -30 42 38 -1 -39 -13 -6 -18 -35 -11 -7 47 -2 -48 -47 -38 -3 -53 58 -20 56 61 -22 -8 -60 -54 -5
right_child=1 11 27 4 6 15 53 13 9 10 -12 40 -14 14 -16 16 36 -19 19 -21 57 -23 23 -25 25 26 -28 29 35 30 32 -33 -34 43 -36 -37 50 39 -40 -41 -42 -43 -44 -45 -46 49 48 -49 -50 -51 -52 52 60 -55 -56 -57 -58 -59 59 -61 -62 -63
leaf_value=-0.039615653357593317 0.43968349889758368 -0.84389814298714638 0.17150899928413993 -0.17510368464804227 -0.0046988421035926821 -0.021483152497471372 1.2066804117153016 -0.1492328907468064 0.3544236588586035 -0.13898086519694233 0.11614430707958406 -0.73707984185447306 0.073190542971387454 -0.48893540653040568 -0.008593009258544981 0.87214842506513757 0.5773703459232763 -0.0088594553809430831 -0.071515167272737837 0.086816286107446683 -0.15640117303768233 0.11014645275808342 1.2029934696206777 -0.72851585802374896 0.34743569612896857 -0.39253229966891717 0.029002090005254024 0.84965350961951147 -0.99407369793993317 -0.5734385089438897 0.56352858252998528 -0.058956670003185607 0.061776606860404648 -0.075936893334725045 -0.078205921237408493 0.063900431783991074 0.30154015289683278 -0.11212894878857789 -0.81931293536765759 0.040896932529772029 -0.18462496856826893 0.12925512523356061 -0.11476453657409991 0.013240552407409113 -0.0048195586258545477 0.11828185000802352 -1.127458226639878 -0.0048746298689589908 0.23400945001110626 -0.63237528345235594 0.0094074105781231775 0.84473291474101042 -0.74320813357153692 -0.2581291802123446 -0.75409234923245116 1.1766304428081698 0.010057271227143616 0.37736150169495308 -0.34773082081350215 0.61103097166965137 1.0120551705283745 -0.50877712169857281
leaf_weight=191 755 70 173 462 653 126 116 547 273 115 103 45 254 519 848 231 67 3095 24 34 23 201 40 63 191 166 3166 79 192 30 829 537 4443 2183 2097 70 214 155 162 191 26 760 351 8807 1366 23 26 156 487 66 218 36 82 43 20 63 129 66 96 85 26 448
leaf_count=191 755 70 173 462 653 126 116 547 273 115 103 45 254 519 848 231 67 3095 24 34 23 201 40 63 191 166 3166 79 192 30 829 537 4443 2183 2097 70 214 155 162 191 26 760 351 8807 1366 23 26 156 487 66 218 36 82 43 20 63 129 66 96 85 26 448
internal_value=7.44288e-05 0.000281573 0.000352491 -0.000272882 -0.00074718 0.000369352 -0.000354391 -0.000541896 0.00155323 0.000541444 0 -0.00260609 -0.0014862 -0.00101304 -0.00234489 0.00081488 0.00234232 -0.000500686 0.00275578 -0.00277778 -0.00173403 -0.00232558 0.000981033 -0.00389151 0.000353239 0.00057785 0.000344828 0.000141366 -0.00231164 0.000200573 0.000819497 -0.0019181 0.00112583 -7.02407e-05 -0.0012106 -0.00518868 0.00126026 -0.00350783 -0.00544242 -0.00136103 -0.0089527 0.00138595 -0.000415677 0.000152231 -0.000429582 -0.00303899 0.00311843 0.00408917 0.00128391 -0.00692935 0.00298851 -0.00451542 -0.00204082 0.00306122 -0.00851064 -0.00311659 -0.00346689 0.00339674 0.00404167 0.00169837 -0.0045045 -0.00397043
internal_weight=37113 23338 22799 13775 7967 5808 6865 6525 3359 1857 1584 539 468 5009 1367 4819 1081 3642 1502 78 989 900 1516 103 3738 3523 3332 19440 435 19005 5839 567 5272 13166 2176 262 850 699 353 346 71 1413 418 10990 1481 215 1424 911 513 89 432 214 144 340 44 1102 1039 89 297 181 108 910
internal_count=37113 23338 22799 13775 7967 5808 6865 6525 3359 1857 1584 539 468 5009 1367 4819 1081 3642 1502 78 989 900 1516 103 3738 3523 3332 19440 435 19005 5839 567 5272 13166 2176 262 850 699 353 346 71 1413 418 10990 1481 215 1424 911 513 89 432 214 144 340 44 1102 1039 89 297 181 108 910
cat_boundaries=0 1 3 4 6 8 10 11 13 15 16 18 20 22 23
cat_threshold=35 1157703424 1769680 1690 1166091816 1771585 3496354064 327954 410927122 286990 2724 1073808896 131072 2684358668 66176 1 537401036 63108 6455298 13600 134922312 36102 1552
is_linear=0
shrinkage=0.05


Tree=101
num_leaves=63
num_cat=6
split_feature=6 8 11 23 9 0 8 9 10 11 4 10 23 21 0 10 8 5 20 5 5 20 8 3 11 8 4 11 20 11 23 8 5 16 16 9 11 8 10 16 20 21 8 16 5 8 5 5 9 16 20 8 21 10 10 5 5 4 11 11 11 15
split_gain=1.15972 1.4729 1.16792 1.50254 1.35365 1.07866 1.43055 2.01394 1.20567 1.21443 1.10272 0.896666 1.45039 2.10517 1.45795 1.12791 1.26328 0.977206 1.38014 1.9057 1.88868 0.976185 0.941112 1.83758 1.71236 0.813849 0.802938 0.802809 0.795172 0.773387 1.29586 1.31821 1.27251 1.05828 1.79732 1.22492 0.837297 0.76818 0.76504 0.753278 0.751149 0.698538 0.856176 0.82772 0.687627 0.844828 1.12653 0.864137 0.839523 1.12979 0.780888 0.748028 0.682744 0.608341 1.2274 1.48909 1.30739 1.11171 1.4976 0.850373 0.774562 0.730963
threshold=2501.0100000000007 967.1400000000001 7540.2050000000008 19.500000000000004 2593.1150000000002 0 299.99500000000006 1440.8850000000004 4033.0100000000007 5941.4900000000007 1 1071.5250000000003 2.5000000000000004 130.70833333333334 2 1250.2900000000002 573.36500000000012 50.500000000000007 19.500000000000004 39.500000000000007 18.500000000000004 105.50000000000001 272.59500000000008 3 3078.1150000000002 2374.9600000000005 4 1018.3000000000001 130.50000000000003 3168.8850000000007 6.5000000000000009 638.50000000000011 125.50000000000001 0.31578313878559933 0.66694676376297746 1277.3450000000005 511.60500000000002 720.5200000000001 6200.9450000000006 1.4999973398689803 43.500000000000007 87.527777777777786 467.53000000000009 0.6246670218950876 229.50000000000003 628.36500000000012 118.50000000000001 188.50000000000003 1602.4700000000003 1.9999873053070043 69.500000000000014 717.30500000000018 39.535885167464123 2400.3700000000003 1235.9350000000002 292.50000000000006 320.50000000000006 5 2614.6350000000007 2877.1200000000003 5787.0250000000005 3.5000000000000004
decision_type=2 2 2 2 2 1 2 2 2 2 9 2 2 2 1 2 2 2 2 2 2 2 2 1 2 2 9 2 2 2 2 2 2 2 2 2 2 2 2 2 2 2 2 2 2 2 2 2 2 2 2 2 2 2 2 2 2 9 2 2 2 2
left_child=1 2 11 4 37 26 -7 10 9 39 28 17 13 14 -13 16 -14 18 20 -20 -1 -17 23 -19 -24 38 44 -3 -8 30 31 36 -33 -31 40 -36 -28 -4 -10 -9 -35 43 -43 -32 45 48 51 -48 49 -2 -46 -47 -12 54 55 59 -57 60 -59 -29 -55 -56
right_child=5 27 3 -5 -6 6 7 8 25 -11 52 12 15 -15 -16 21 -18 22 19 -21 -22 -23 24 -25 -26 -27 29 53 -30 33 41 32 -34 34 35 -37 -38 -39 -40 -41 -42 42 -44 -45 50 46 47 -49 -50 -51 -52 -53 -54 57 61 56 -58 58 -60 -61 -62 -63
leaf_value=-0.61354755023886309 0.047386838878138486 1.1903551510562942 -0.29524147283595975 0.019735834706611888 0.041807697669235158 0.15552924776956289 -0.34447337715980186 0.13131182744365444 -0.071165403405438352 0.19110015341119349 -0.52636960471830663 -0.059704544827129613 -0.011693217653259591 0.29972383592314744 -0.32107540513035476 0.023182209111601095 -0.24017288570312001 -0.11819117038077068 0.073855167060812216 -0.25036373452233213 -0.10958105463362866 -0.089262233807761507 0.096551400688264802 0.029464483054564419 -0.81865631236586889 0.19163525265353698 0.07427633095265683 0.19493859518730547 0.48987451458266096 0.15272198151075378 -0.14151913866190943 -0.089037502816478487 0.11509728436723857 -0.12890629431921391 -0.16511682474110076 -0.0089059453349474189 -0.13690317465648258 -0.14405198700597074 -0.25191562582094601 -0.18277762990075155 -0.84900856935820956 0.41191036815881876 0.15065940694709568 0.053792698395422271 0.13673370925628481 0.31034367975192367 0.35353442931369855 -0.076088670231754529 -0.24021929022559085 -0.30425120683327989 0.0091207045884965868 -0.067646178011891059 -0.35147570908587511 0.037793564395563584 0.27924651586855059 -0.915404635383125 -0.046747287541167283 -0.81899158161282737 -0.0044233726969993723 -0.69715995128389086 0.2328366535385934 0.32476035701476758
leaf_weight=127 360 91 28 59 22 56 85 68 109 91 86 1012 920 435 820 3890 288 757 1308 343 323 790 6944 2328 32 27 280 751 21 148 78 966 1176 64 953 2177 1740 22 33 91 27 108 191 650 306 58 287 104 31 250 472 434 115 214 1793 72 103 78 1260 50 129 482
leaf_count=127 360 91 28 59 22 56 85 68 109 91 86 1012 920 435 820 3890 288 757 1308 343 323 790 6944 2328 32 27 280 751 21 148 78 966 1176 64 953 2177 1740 22 33 91 27 108 191 650 306 58 287 104 31 250 472 434 115 214 1793 72 103 78 1260 50 129 482
internal_value=7.44288e-05 0.000264485 7.3346e-05 -0.0045709 -0.00933333 -0.000337055 -0.00213376 -0.00277778 -0.000385071 0.00167984 -0.00584677 0.000106422 -0.000295722 -0.00137115 -0.00212534 0.000110338 -0.00123865 0.000380189 -0.000588165 5.29021e-05 -0.00303532 0.000469784 0.00058749 -0.000125486 0.000909872 -0.0037064 -0.000202522 0.00103213 -0.000630252 -0.000428771 -3.61133e-05 -0.000438175 0.000407925 -0.00101942 -0.00122131 -0.000997447 -0.00135937 -0.0136792 -0.00534483 -0.000694444 -0.0081117 0.00154126 0.00360099 0.000615595 0.000615551 0 0.00100169 0.00301396 -0.00137811 -0.000856444 0.00182458 -0.000505051 -0.00788551 0.000932118 0.00133297 -0.000102145 -0.00428371 0.000126188 -0.00049963 0.000761816 0.00263343 0.00196993
internal_weight=37113 25471 20448 131 72 11642 782 726 419 250 307 20317 8155 2267 1832 5888 1208 12162 2101 1651 450 4680 10061 3085 6976 169 10860 5023 106 8558 5189 4162 2142 3369 3221 3130 2020 50 142 159 91 1027 299 728 2302 1524 883 391 641 610 778 492 201 4932 3251 976 175 1681 1338 801 343 2275
internal_count=37113 25471 20448 131 72 11642 782 726 419 250 307 20317 8155 2267 1832 5888 1208 12162 2101 1651 450 4680 10061 3085 6976 169 10860 5023 106 8558 5189 4162 2142 3369 3221 3130 2020 50 142 159 91 1027 299 728 2302 1524 883 391 641 610 778 492 201 4932 3251 976 175 1681 1338 801 343 2275
cat_boundaries=0 1 2 3 4 5 6
cat_threshold=1 3 1 2 48 2
is_linear=0
shrinkage=0.05


Tree=102
num_leaves=55
num_cat=3
split_feature=14 6 7 10 4 5 5 17 21 17 10 22 11 20 17 11 5 12 17 22 7 20 6 4 21 9 17 18 18 11 7 22 7 22 10 18 17 11 5 20 5 6 21 20 21 21 5 0 11 20 21 9 17 21
split_gain=1.05006 0.902213 1.31278 1.35955 0.911852 0.838118 0.828633 2.04804 1.36235 0.866761 2.20216 1.53382 0.834304 0.774437 1.17859 1.24905 1.13956 1.10707 0.734538 0.887592 1.07958 1.00096 0.86709 0.994927 0.861571 0.79374 0.714892 0.673233 1.34431 1.0905 0.602118 0.842885 0.624912 0.578192 1.33442 1.23908 1.59778 0.708807 0.664041 1.38665 0.965744 0.84612 0.726814 0.667185 0.651292 1.0431 0.556441 0.548692 1.54818 0.626508 0.536021 0.525527 0.439963 0.193548
threshold=8.5000000000000018 2501.0100000000007 1240.0450000000003 2454.6850000000004 0 13.500000000000002 61.500000000000007 0.5590015179347041 51.02272727272728 3.249355560219036 1369.2950000000003 172.9011777451386 1303.5750000000003 272.50000000000006 2.6666684063749879 551.1350000000001 68.500000000000014 1.5000000000000002 0.88889378883204972 92.360480332103535 321.39500000000004 96.500000000000014 3372.3600000000001 1 61.519230769230781 1187.9100000000003 0.63395837775238928 0.24250239720485978 0.15459317589004148 1064.4750000000001 1290.1350000000002 23.325756552332653 1373.2600000000002 52.134841195758746 1369.2950000000003 0.54142826298175539 1.639908917686675 2614.6350000000007 202.50000000000003 76.500000000000014 21.500000000000004 5898.4900000000007 58.519230769230781 125.50000000000001 156.08333333333334 195.41666666666671 349.50000000000006 2 1618.9550000000002 152.50000000000003 39.535885167464123 1982.9600000000003 1.2710859993584009 1.0000000180025095e-35
decision_type=2 2 2 2 9 2 2 2 2 2 2 2 2 2 2 2 2 2 2 2 2 2 2 9 2 2 2 2 2 2 2 2 2 2 2 2 2 2 2 2 2 2 2 2 2 2 2 1 2 2 2 2 2 2
left_child=1 2 6 46 33 -5 7 8 -1 11 -11 -9 -10 14 15 -8 53 -16 19 20 25 -22 23 50 -25 -6 -18 28 -24 -29 31 -7 -32 38 35 36 -35 -37 40 41 43 -40 -42 -3 52 -46 47 49 -49 -4 -20 -41 -36 -15
right_child=-2 4 3 5 18 30 13 9 12 10 -12 -13 -14 16 17 -17 26 -19 22 -21 21 -23 27 24 -26 -27 -28 29 -30 -31 32 -33 -34 34 44 37 -38 -39 39 51 42 -43 -44 -45 45 -47 -48 48 -50 -51 -52 -53 -54 -55
leaf_value=0.18798606155905428 -0.050088754591037593 0.20874353463828152 1.0297933194034359 -0.47146815934311886 -0.021822146263954869 0.04726167519003184 -0.19283834431339031 0.012458779414552978 -0.4574291711799312 -0.085359271972586998 -0.61501352305501789 -0.76382418347730663 -0.79172401556185834 2.7103039164950986 0.12901263438747876 0.0036668639291482564 2.1721675372095079 -0.46816242131905561 0.13936420921537396 -0.64992045953391342 -0.043866341043347745 -0.27676162467538873 0.023333562375896923 -0.24273914089267948 -0.0074470042543728354 0.089090940675858862 0.090626635353172003 0.28791953775685786 -0.22917175743473575 -0.0061302467564441805 0.31102877248860877 -0.18793491592020806 0.014797190873759148 0.75503571004488279 0.33504072977041982 -0.86000753336404456 -0.48269463150420916 0.030096330534013928 0.19769064241602871 -0.061297026812988167 0.0014215744121367281 -0.057914128512506484 -0.12969898016564727 -0.80588786974190474 -1.2943534466508269 2.6793284131268349 -0.070495075843975033 -1.5488409618000401 0.30684219353048975 0.57996227676424805 -0.14055942032766736 0.62796401033879268 0.9288530655999705 1.4767213775257642
leaf_weight=23 32 97 394 34 564 97 545 3442 21 990 56 52 58 21 2880 13456 108 82 68 38 310 239 386 125 55 33 1489 257 491 6521 146 90 540 55 43 41 62 22 323 385 659 53 489 23 25 23 35 27 109 730 84 25 114 46
leaf_count=23 32 97 394 34 564 97 545 3442 21 990 56 52 58 21 2880 13456 108 82 68 38 310 239 386 125 55 33 1489 257 491 6521 146 90 540 55 43 41 62 22 323 385 659 53 489 23 25 23 35 27 109 730 84 25 114 46
internal_value=7.17346e-05 8.12345e-05 0.000248783 0.00141723 -0.000282012 -1.37363e-05 0.000135893 -0.000457481 -0.00738095 -0.000286155 -0.00154909 7.86388e-05 -0.0105183 0.0002865 0.000181982 -6.24821e-06 0.00131974 0.00108769 -0.000513121 -0.00168492 -0.00137076 -0.00296649 -0.000333229 -0.00283582 -0.00518135 2.08333e-05 0.00100781 -0.000217093 -0.00151989 -4.05545e-05 0.00024258 -0.00217105 0.000979681 0.000565865 0.0023518 -0.000546448 0.0021875 -0.00625 0.000206612 0.00136248 -0.000472069 0.00356201 -0.000955691 0.00365854 0.00510817 0 0.0024557 0.00265241 0 0.00301686 0 -0.000544794 0.00664063 0.00767857
internal_weight=37113 37081 25471 2202 11610 907 23269 4642 102 4540 1046 3494 79 18627 16963 14001 1664 2962 9171 1184 1146 549 7987 332 180 597 1597 7655 877 6778 873 187 686 2439 385 180 117 63 2054 786 1268 376 1148 120 205 48 1295 1260 136 1124 152 410 157 67
internal_count=37113 37081 25471 2202 11610 907 23269 4642 102 4540 1046 3494 79 18627 16963 14001 1664 2962 9171 1184 1146 549 7987 332 180 597 1597 7655 877 6778 873 187 686 2439 385 180 117 63 2054 786 1268 376 1148 120 205 48 1295 1260 136 1124 152 410 157 67
cat_boundaries=0 1 2 3
cat_threshold=48 3 1
is_linear=0
shrinkage=0.05


Tree=103
num_leaves=63
num_cat=19
split_feature=2 1 1 11 1 4 1 10 19 19 2 10 1 10 1 1 15 11 16 2 14 11 11 19 11 10 19 19 16 11 1 1 23 9 10 9 4 10 1 2 9 1 14 8 19 19 10 1 19 9 1 16 10 11 10 15 16 10 16 10 19 11
split_gain=1.14623 2.0497 1.76741 1.47049 1.27663 1.21955 1.60902 1.50401 1.23965 1.82079 1.2377 1.15786 1.91841 1.74051 1.48657 1.47737 1.38139 1.25685 1.24587 1.15064 1.14979 1.21653 1.13159 1.10971 1.36803 1.09365 1.51929 1.59058 1.04391 1.0332 2.36969 2.08662 1.67169 1.49261 0.998873 0.972515 0.944004 1.3663 0.942086 0.941683 0.908024 2.10661 1.3994 1.26898 1.25584 0.965268 0.902324 0.889391 0.867609 0.847669 0.844453 0.824256 0.744994 0.733257 0.731487 0.72237 0.729417 0.694515 0.657143 0.621967 0.613412 1.34097
threshold=0 1 2 7540.2050000000008 3 4 5 896.81000000000017 1712.9100000000001 568.6500000000002 6 720.6600000000002 7 1077.8850000000004 8 9 3.5000000000000004 772.19500000000005 1.0951343076929856 10 5.5000000000000009 4265.2350000000006 3924.8800000000006 410.73500000000001 2239.4400000000005 661.3900000000001 1113.24 1032.0550000000001 2.225673504765127 2155.2850000000003 11 12 7.5000000000000009 1249.6850000000002 2824.145 1249.6850000000002 13 756.61500000000024 14 15 302.49000000000007 16 1.0000000180025095e-35 536.02500000000009 5.79499999999996 1830.1700000000003 6806.4450000000006 17 1014.4350000000002 463.02000000000015 18 2.0957927239250975 2686.9950000000003 360.55000000000007 935.75000000000011 11.500000000000002 1.5147842397069724 5375.1350000000011 1.1923251864449926 1020.8750000000001 1092.78 1162.9500000000003
decision_type=1 9 9 2 9 9 9 2 2 2 1 2 9 2 9 9 2 2 2 1 2 2 2 2 2 2 2 2 2 2 9 9 2 2 2 2 9 2 9 1 2 9 2 2 2 2 2 9 2 2 9 2 2 2 2 2 2 2 2 2 2 2
left_child=1 23 3 20 -3 29 8 47 9 -7 -10 12 40 14 16 18 17 -13 19 -15 21 22 50 24 54 26 27 -14 -9 31 33 49 -32 -31 -26 39 59 -38 -23 -17 41 42 -4 45 -45 -42 -20 -8 -33 -6 -2 58 -37 -28 -1 56 -5 -57 -36 -16 61 -27
right_child=2 4 11 55 5 6 7 28 10 -11 -12 13 25 15 36 35 -18 -19 46 -21 -22 38 -24 -25 34 60 53 -29 -30 30 32 48 -34 -35 51 52 37 -39 -40 -41 43 -43 -44 44 -46 -47 -48 -49 -50 -51 -52 -53 -54 -55 -56 57 -58 -59 -60 -61 -62 -63
leaf_value=-0.34629006656097022 0.25958914306926267 0.072128479539869561 0.10907416445724386 -0.20603100355424184 0.047416543400364657 -0.0014870516731133156 0.49603267554415709 -0.038140691361119222 0.027231902398177611 0.20689634762830497 -0.18986253454333879 2.4646916880619969 -0.073339271494525529 -0.4049237986805741 0.12778366249610174 -0.00071545663530372396 0.24963663771152086 -0.37993492587813127 0.01100098932010214 -0.016221423842545414 -0.22898314529985764 0.0078275738332261435 -0.16004167586937734 -0.01606403061082844 0.0077888638225950936 -0.76214016635554305 0.015535505673474038 1.154536181180531 -0.28094559380684564 -0.0063969594989321983 -0.11077642645928219 0.33130822842590391 0.011365644774613326 0.22375015548777022 -0.076520457377894466 0.036605165969543843 0.79322529184974211 -0.0086592281668977488 0.15051425146211922 -0.17511585960444478 0.34983853860421238 0.017313162857866972 -1.1991034008142865 -1.460042071774585 -0.040802763891543498 -0.25583088778518287 0.24429318290519042 -0.014598235766918988 0.059769676076393587 -0.22507149607836158 0.031973136550776007 0.39151692560157159 -0.059149862012712308 -0.29233438501333114 -0.98701151965479994 0.069908399318929781 -0.21367298382704691 -0.078080239952765751 -0.46557425122727114 0.66435636993920744 -0.12434048687996109 -0.087926918486253849
leaf_weight=27 411 2695 41 45 222 3054 299 1091 389 1712 409 38 674 105 938 444 185 455 4074 463 27 170 138 250 142 48 163 78 912 602 783 1533 700 650 20 891 72 709 315 1398 597 345 91 37 465 115 54 872 1452 327 3283 29 636 799 69 47 51 46 32 196 107 91
leaf_count=27 411 2695 41 45 222 3054 299 1091 389 1712 409 38 674 105 938 444 185 455 4074 463 27 170 138 250 142 48 163 78 912 602 783 1533 700 650 20 891 72 709 315 1398 597 345 91 37 465 115 54 872 1452 327 3283 29 636 799 69 47 51 46 32 196 107 91
internal_value=6.90403e-05 0.000352084 -0.000202864 0.000651672 0.000450183 0.000265479 -0.000111416 -0.00101192 0.000394477 0.000707696 -0.00140449 -0.000477412 -0.00124863 -0.000208705 0.000910054 -0.000574802 -0.0010492 -0.00249496 0 -0.00218914 0.000851162 0.000928819 0.000612777 -0.00255584 -0.00454193 -0.00230613 -0.00182003 -6.62252e-05 -0.0018507 0.000797915 5.02191e-05 0.00136415 -0.00127841 0.00166008 -0.00204646 -0.00137123 0.00162733 0.00020466 0.0033043 -0.00215447 0 -0.00184896 -0.00689655 0.000718981 -0.00113861 0.0020979 0.00030259 0.000372658 0.00188876 -0.00140125 0.000791182 -0.00639881 -0.000400327 -0.00313472 -0.00959596 -0.00358073 -0.00656566 0 -0.01 0.00255013 -0.00552209 -0.00783451
internal_weight=37113 18271 18842 4533 17702 15007 8738 3174 5564 4766 798 14309 3651 10658 2593 8065 678 493 4696 568 4344 4317 3832 569 319 1960 1714 752 2003 6269 2735 3534 1483 1252 223 3369 1915 781 485 1842 1691 477 132 1214 502 712 4128 1171 2985 549 3694 81 1527 962 96 189 96 93 52 1134 246 139
internal_count=37113 18271 18842 4533 17702 15007 8738 3174 5564 4766 798 14309 3651 10658 2593 8065 678 493 4696 568 4344 4317 3832 569 319 1960 1714 752 2003 6269 2735 3534 1483 1252 223 3369 1915 781 485 1842 1691 477 132 1214 502 712 4128 1171 2985 549 3694 81 1527 962 96 189 96 93 52 1134 246 139
cat_boundaries=0 1 3 5 7 8 10 11 13 15 17 18 20 22 23 25 26 27 28 30
cat_threshold=938 136323072 8480 1510236483 176940 1167164930 985162 20 2689352064 17557 896 2150170776 345234 2167047704 66578 2773615132 1114257 1040 269373588 37008 269238288 4116 21 262147 32 1040 524416 301989969 402653184 139556
is_linear=0
shrinkage=0.05


Tree=104
num_leaves=63
num_cat=16
split_feature=6 1 1 21 1 1 18 1 7 18 4 20 20 7 1 1 10 18 6 17 6 11 21 17 21 21 21 1 18 7 6 20 10 17 17 1 1 15 18 17 7 7 18 21 18 14 4 18 11 11 13 21 1 11 12 4 1 7 10 0 16 7
split_gain=1.07518 2.05202 1.51468 1.36223 1.61117 1.24212 1.20804 1.18751 1.16383 1.13849 1.13777 1.11897 1.7241 1.10419 1.9037 1.46358 1.46343 1.48401 2.06135 1.2161 1.63858 1.35466 1.0856 1.12214 1.36451 2.10292 1.06401 1.54811 1.0968 1.01786 0.98481 1.63424 0.955903 0.943155 2.46564 2.98826 1.54864 0.984484 0.936741 0.9097 0.909357 1.54682 1.28192 0.895536 0.887555 0.878611 0.858143 1.35339 1.07778 0.844467 1.13478 0.923533 0.9153 1.03154 0.843597 0.890472 1.40814 0.870115 0.838486 0.834394 1.95302 0.829164
threshold=2501.0100000000007 0 1 32.844129554655879 2 3 2.3090602812648666 4 207.53500000000005 0.38490143391698811 5 55.500000000000007 124.50000000000001 1240.0450000000003 6 7 1.0000000180025095e-35 1.2374707593270442 2012.74 2.0099107839442456 2012.74 2224.5850000000005 191.10000000000002 1.3366910195307835 59.566964285714292 63.029411764705891 62.038461538461547 8 0.49226537478858551 154.11000000000004 4168.3500000000013 48.500000000000007 1756.8000000000004 3.518417933307038e-05 0.66986026768764362 9 10 3.5000000000000004 0.7821170247220125 1.0912034495426417 448.42500000000007 220.68000000000004 1.0852230049888576 122.10000000000001 1.8296834740614505 6.5000000000000009 11 1.6879686430381551 6086.6150000000007 2596.4950000000003 1.5000000000000002 50.511904761904766 12 826.69500000000016 1.5000000000000002 13 14 1624.0100000000002 3745.1950000000006 15 1.9278648119794957 410.72500000000008
decision_type=2 9 9 2 9 9 2 9 2 2 9 2 2 2 9 9 2 2 2 2 2 2 2 2 2 2 2 9 2 2 2 2 2 2 2 9 9 2 2 2 2 2 2 2 2 2 9 2 2 2 2 2 9 2 2 9 9 2 2 1 2 2
left_child=2 3 10 4 30 9 40 8 -3 -5 11 -1 29 15 19 16 -4 18 -18 -15 -21 -22 23 24 45 -26 27 -25 -28 -13 61 -32 -24 36 35 -35 -17 -36 -10 -6 41 -7 -42 -38 -19 -9 47 -11 -48 50 52 -51 -12 -54 55 56 -16 -56 -40 -41 -61 -2
right_child=1 7 13 5 39 6 -8 22 38 46 49 12 -14 14 54 33 17 44 -20 20 21 -23 32 26 25 -27 28 -29 -30 -31 31 -33 -34 34 37 -37 43 -39 58 59 42 -43 -44 -45 -46 -47 48 -49 -50 51 -52 -53 53 -55 57 -57 -58 -59 -60 60 -62 -63
leaf_value=0.29472813086182476 0.34317302494860069 0.12703997977707551 -1.5079934726717441 0.3127072542189745 0.14266612117072291 0.033818811456610386 0.29803700995967441 0.002545241310635138 -0.051905815217344033 -0.037303163462238768 1.0298953062980896 -0.66536889769516661 0.7202932734745503 0.0063556605299560868 0.84787482952046289 1.4883574180114516 0.58049222037148351 -0.40194678009303075 -0.11290688053240033 0.93517825012360878 -0.10758560097174535 -1.2503320721442284 -0.83109492385410066 0.10488180726804108 -0.70481757579494597 -0.15383433534030821 -0.11822751439709621 -0.095705998692737992 0.16806533673356086 -0.015422347679764848 -0.065976041388813342 -0.41799053100371497 0.10508168187206711 0.017113893138406857 -0.012870701660737184 -0.37738341813107185 -0.052141314176577774 0.015700019044241922 -0.48261298916864503 0.015632262451251846 0.073366375621077534 -0.2241115304857941 -0.07240852404779563 1.2336275072189293 -0.062495536351403397 -0.055131531430090197 0.22792119672949696 0.19754073808970507 -0.11276181021932566 -0.21587568818367764 -0.5601887094026532 0.2906643766328359 0.75940363102907549 -0.20427714116621998 -0.51968303404971172 0.45489372605114742 -0.1102872318278445 0.071730887685738237 -0.0045582609735588695 0.033070596252811238 -0.76868381393591712 -0.077213915140317016
leaf_weight=293 96 86 33 336 120 440 80 1015 114 719 128 28 553 211 213 104 180 126 303 29 48 60 219 422 78 831 271 1033 773 335 272 101 68 372 10827 388 267 7808 160 765 1350 396 734 223 174 55 558 59 67 97 46 292 272 772 41 856 354 38 35 28 25 336
leaf_count=293 96 86 33 336 120 440 80 1015 114 719 128 28 553 211 213 104 180 126 303 29 48 60 219 422 78 831 271 1033 773 335 272 101 68 372 10827 388 267 7808 160 765 1350 396 734 223 174 55 558 59 67 97 46 292 272 772 41 856 354 38 35 28 25 336
internal_value=6.76932e-05 -0.000328467 0.000250746 0.000257891 -0.00092354 0.000703817 6.6379e-05 -0.00107288 -0.00370711 0.00176227 0.00134323 0.00250614 0.0015778 0.000111942 0.00128171 5.40657e-06 -0.00205066 -0.00154262 7.71605e-05 -0.00193906 -0.005625 -0.00855856 -0.000834554 -0.00063044 -0.00151993 -0.00294682 5.4956e-05 -0.000797325 0.0012894 -0.000990437 -0.00255196 -0.00448803 -0.00383621 9.31157e-05 3.02866e-05 -0.00275229 0.00205193 0.000146877 -0.0052484 0.000446898 -8.55286e-05 -0.00148987 0.000455199 0.000646123 -0.00429043 -0.000256291 0.00109353 0 0.00244906 0.000424383 -0.000184275 0.00245536 8.51064e-05 -0.00037843 0.00206271 0.00237553 0.000668103 -0.00259146 -0.00738636 -9.1352e-05 -0.00602679 -0.000804598
internal_weight=37113 11642 25471 6482 1743 4739 3000 5160 395 1739 2816 1209 916 22655 1850 20805 816 783 483 348 137 108 4765 4478 1979 909 2499 1455 1044 363 805 373 287 19989 19395 760 594 18635 309 938 2920 836 2084 490 300 1070 1403 778 625 1607 1218 389 1172 1044 1502 1423 567 79 195 818 53 432
internal_count=37113 11642 25471 6482 1743 4739 3000 5160 395 1739 2816 1209 916 22655 1850 20805 816 783 483 348 137 108 4765 4478 1979 909 2499 1455 1044 363 805 373 287 19989 19395 760 594 18635 309 938 2920 836 2084 490 300 1070 1403 778 625 1607 1218 389 1172 1044 1502 1423 567 79 195 818 53 432
cat_boundaries=0 2 4 6 8 10 11 13 15 17 19 21 22 24 25 27 28
cat_threshold=237023940 1533694 1347764227 753664 102793344 1562 234914308 1188364 2147696672 528640 24 2206336064 263202 134218244 10560 281281553 32768 2718438400 20480 8388632 146 7 1342242816 131072 5 2626352 128 1
is_linear=0
shrinkage=0.05


Tree=105
num_leaves=63
num_cat=18
split_feature=2 1 1 18 18 1 6 10 21 1 15 1 15 11 10 23 1 14 1 10 18 20 1 20 9 10 11 23 15 15 4 1 11 1 4 18 1 21 11 21 1 6 9 21 2 11 11 9 10 11 21 21 16 12 11 2 6 21 21 4 20 21
split_gain=0.860962 2.04968 1.67042 1.74188 1.4709 1.3912 1.33507 1.46245 1.25633 1.39108 1.17246 1.73867 1.24287 1.20802 1.16546 1.52356 2.95107 1.91804 1.15602 1.15561 1.15305 1.11398 1.34807 1.32203 1.37117 1.12835 1.30719 1.1597 1.11351 1.28392 1.0869 2.0144 1.59199 1.05427 1.28313 1.74449 1.03834 1.03303 1.01057 1.25845 0.973211 0.968528 0.963155 0.942965 0.897992 1.83989 2.17641 1.34898 2.06728 1.62885 1.09083 0.8924 0.890395 1.27915 0.884272 0.884217 0.831266 0.844793 0.812066 1.38628 1.50585 1.14858
threshold=0 1 2 0.5938276185040029 0.60670129323002131 3 5898.4900000000007 2376.1000000000004 38.509259259259267 4 2.5000000000000004 5 9.5000000000000018 3199.9850000000001 2400.3700000000003 5.5000000000000009 6 2.5000000000000004 7 5705.6100000000015 0.87704516960783219 148.50000000000003 8 128.50000000000003 1051.1750000000004 588.66500000000019 4806.545000000001 1.5000000000000002 9.5000000000000018 8.5000000000000018 9 10 619.52500000000009 11 12 1.0370335384504663 13 38.509259259259267 13537.850000000002 26.017241379310349 14 4496.4800000000005 1729.3050000000003 121.06250000000001 15 1214.2600000000002 1064.4750000000001 551.13500000000022 1720.7700000000004 701.81000000000006 224.12500000000003 106.07142857142858 0.77225473154856028 1.0000000180025095e-35 1952.8300000000002 16 4168.3500000000013 228.70833333333334 168.55000000000004 17 76.500000000000014 118.06250000000001
decision_type=1 9 9 2 2 9 2 2 2 9 2 9 2 2 2 2 9 2 9 2 2 2 9 2 2 2 2 2 2 2 9 9 2 9 9 2 9 2 2 2 9 2 2 2 1 2 2 2 2 2 2 2 2 2 2 1 2 2 2 9 2 2
left_child=1 20 6 18 -5 21 8 -8 9 -2 11 13 40 -10 30 16 37 -18 58 -9 -1 23 25 28 -25 27 -27 -23 29 -3 31 32 -7 56 35 -35 43 -16 39 -17 -12 -30 -33 -32 47 46 -46 49 -49 -20 -47 -13 -11 -54 -22 -36 57 -6 61 60 -60 -4
right_child=2 5 3 4 33 14 7 19 10 52 12 51 -14 -15 15 38 17 -19 44 -21 54 22 -24 24 -26 26 -28 -29 41 -31 36 42 -34 34 55 -37 -38 -39 -40 -41 -42 -43 -44 -45 45 50 -48 48 -50 -51 -52 -53 53 -55 -56 -57 -58 -59 59 -61 -62 -63
leaf_value=0.068113899789459434 0.89157461003084082 0.026730887750290224 -0.028921975852741789 0.30808311934336768 -0.00099622165318038482 -0.85421648216942292 -0.27982397457677755 0.028010053744572973 -0.60747046659877979 0.15965203791832594 0.24146912587010921 -1.5416776669059566 -0.19332116584490802 2.9537729822126328 -0.19734150286416849 -0.09547872771056537 -0.69127131551970145 -0.0028308808171722435 0.020542586502135942 -0.1973723047510593 -1.7929017184610361 0.32229540534728901 0.70909947807325302 -0.3144604052390676 0.49057461179237749 0.42087761146483588 -1.0421166808880724 -0.33496449512317972 0.11387072748545163 -0.12318284142084278 -0.10793429714987704 0.07480000852459448 -0.024711292260573493 0.016465566779930007 0.045775211901946999 -0.19667933874518156 0.022179113759635351 0.39979769108402669 0.060760475946450579 0.005645068523481323 0.015989351458281575 0.0050128000298548031 0.32996028601439953 0.051302947181719107 -0.26297675060644449 -0.57395956463895359 0.63661821090718951 0.22086460226206039 -0.38933460037909673 -0.4264812142800975 0.68850823215542933 0.090682446435595671 -0.53231243851100352 0.033471590099352966 -0.17058119760744256 -0.052712736760024373 0.064752431421148421 0.6629160044800898 -0.79783194736201912 0.6113140404906432 0.099913793485626456 -0.23120795677240374
leaf_weight=60 331 6479 1633 156 4439 60 89 117 260 103 506 47 51 22 77 112 255 107 218 24 21 423 709 447 114 1101 22 334 313 226 1347 2081 371 458 884 729 1998 172 31 678 2491 176 66 417 724 265 108 374 47 233 24 601 20 1221 74 1365 365 229 27 270 169 242
leaf_count=60 331 6479 1633 156 4439 60 89 117 260 103 506 47 51 22 77 112 255 107 218 24 21 423 709 447 114 1101 22 334 313 226 1347 2081 371 458 884 729 1998 172 31 678 2491 176 66 417 724 265 108 374 47 233 24 601 20 1221 74 1365 365 229 27 270 169 242
internal_value=9.86771e-05 0.00034388 -0.000136569 -0.000455789 -3.91168e-05 0.000397154 0.000557581 -0.00311159 0.000718264 0.00186979 0.000219794 -0.00131297 0.000704687 -0.00449153 -0.000102762 -0.00139373 -0.00327769 -0.00606667 -0.00127392 0 -0.00513393 0.000777252 0.00168306 0.000468871 -0.00183954 0.000924459 0.00194272 -0.000509868 0.000656524 0.000478906 0.000181302 0.000974527 -0.00205518 -0.000134266 -0.00081183 -0.00213542 -0.000350993 0.000811069 0 -0.000346784 0.000854167 0.00297256 0.00161458 -0.00123804 -0.00216226 -0.00311949 -0.00185629 -0.000847458 0.0010908 -0.00278084 -0.00663527 7.5643e-05 0.00106853 0.000653135 -0.00880102 -8.28912e-05 0.00031956 0.000128452 -0.00048322 0.00133262 -0.00167464 -0.000965122
internal_weight=37113 18271 18842 12959 8625 18116 5883 230 5653 1675 3978 930 3048 282 7772 1432 611 362 4334 141 155 10344 2589 7755 561 1880 1123 757 7194 6705 6340 2578 431 8469 3436 1187 3762 249 821 790 2997 489 2147 1764 1993 1121 832 872 421 451 289 648 1344 1241 95 2249 5033 4668 2341 466 196 1875
internal_count=37113 18271 18842 12959 8625 18116 5883 230 5653 1675 3978 930 3048 282 7772 1432 611 362 4334 141 155 10344 2589 7755 561 1880 1123 757 7194 6705 6340 2578 431 8469 3436 1187 3762 249 821 790 2997 489 2147 1764 1993 1121 832 872 421 451 289 648 1344 1241 95 2249 5033 4668 2341 466 196 1875
cat_boundaries=0 1 3 5 7 9 11 13 15 17 18 20 22 23 25 27 28 29 30
cat_threshold=938 134217728 8448 1516532563 189228 634750594 2033883 268705808 41252 6554384 36 16692 54272 8945804 856209 608206976 262296 20 268451856 4132 2769814536 267281 3 2240556 33312 1212170241 139268 3136 5 12
is_linear=0
shrinkage=0.05


Tree=106
num_leaves=63
num_cat=22
split_feature=6 1 23 2 1 1 21 1 10 1 18 19 2 17 22 21 23 2 14 20 20 20 17 19 18 12 4 18 23 2 19 22 21 21 22 2 1 18 17 20 10 4 2 20 1 22 23 14 22 13 10 18 1 2 1 1 2 23 10 2 22 1
split_gain=0.785831 2.05958 1.67683 1.79176 2.38712 1.48591 1.46192 1.41293 1.35954 1.13935 1.10325 1.69071 1.82426 2.0166 1.64703 2.55773 1.79825 1.41691 1.54617 1.12876 1.06563 1.85444 1.6552 1.1898 1.23221 1.08901 1.06364 1.03163 2.08458 1.40807 1.26901 1.02269 0.999158 0.995924 0.989873 0.94749 1.57572 1.45256 0.943887 1.51561 0.938929 1.49521 1.79672 1.24606 1.07746 1.19078 1.04281 1.18319 0.922526 0.911264 0.897101 0.869701 1.55662 1.15774 3.34585 2.26885 1.14965 0.971742 0.86336 0.854503 2.07261 1.42643
threshold=2501.0100000000007 0 4.5000000000000009 1 2 3 160.53571428571431 4 3034.6850000000004 5 1.3272448549253004 653.35500000000002 6 1.5704428808759481 16.098481594617102 62.038461538461547 5.5000000000000009 7 6.5000000000000009 18.500000000000004 1.0000000180025095e-35 10.500000000000002 2.4919269774923376 1605.6000000000001 0.97011058223085611 1.0000000180025095e-35 8 0.33158155282093554 3.5000000000000004 9 2108.3350000000005 30.792782460565828 68.193750000000009 77.038461538461561 25.438700467801937 10 11 0.58787521451821101 1.4312748090620639 146.50000000000003 2755.2050000000004 12 13 15.500000000000002 14 12.293013514647027 12.500000000000002 2.5000000000000004 291.43483897748536 1.5000000000000002 926.3950000000001 1.9108969976129646 15 16 17 18 19 17.500000000000004 3034.6850000000004 20 64.352544363396092 21
decision_type=2 9 2 1 9 9 2 9 2 9 2 2 1 2 2 2 2 1 2 2 2 2 2 2 2 2 9 2 2 1 2 2 2 2 2 1 9 2 2 2 2 9 1 2 9 2 2 2 2 2 2 2 9 1 9 9 1 2 2 1 2 9
left_child=5 2 3 6 31 20 7 33 -9 10 11 12 -3 -14 16 19 -12 18 -13 -16 23 22 49 24 -1 -24 35 -11 29 -29 -31 34 -17 -2 -5 -4 -37 -38 39 -8 48 46 43 -43 -44 -46 47 -42 51 -22 -33 53 56 55 -55 -7 -53 -54 -18 60 61 -23
right_child=1 9 26 4 -6 40 38 8 -10 27 14 17 13 -15 15 32 58 -19 -20 -21 21 59 25 -25 -26 -27 -28 28 -30 30 -32 50 -34 -35 -36 36 37 -39 -40 -41 41 42 44 -45 45 -47 -48 -49 -50 -51 -52 52 57 54 -56 -57 -58 -59 -60 -61 -62 -63
leaf_value=0.9286235515046386 -0.14471380314601659 0.12704824893764574 0.057741458046673966 -0.20495790794458274 0.034304599598397177 0.056328577511591864 -0.67527039509537701 0.28858261746126462 -0.4355019122939281 0.090191948754330301 -0.33621134407685221 0.03897571774205906 -0.063463222195425759 0.29918815130461207 0.052675280784827021 0.49083440751840074 -0.0044119658639746543 -0.099564730446029523 -0.095489096361294601 -0.2756341233094588 -0.75991664731027098 -0.031212261210789551 0.77538369127455309 -0.076738208137725306 -0.59339730521495193 -0.6261199986819842 0.084303500854820967 -0.14341586910263046 -0.036557172877760995 -0.81725672768381141 0.4652907766524636 -0.2683109201568149 -0.058334138457403033 0.077568317240459095 0.47332138005174906 0.10280273926021898 -0.26124483424937156 -0.039941936219935317 1.2443571557434896 1.0547700184038065 -1.2730617721301041 -0.37029834154755897 0.0099740811024798155 0.15065090437879261 0.0097601143586189213 -0.12976743254612694 0.014943067524069065 -0.033237786896304168 -0.54516404491291703 0.14135045899853896 -1.04695282282363 -0.26490688848101501 0.24470834187340681 0.037620300209250071 -0.10043761525662163 -0.079258962576887276 0.010557979170750366 -0.069196654700041813 0.12409996258921262 0.014600858532475593 -0.10802964320790737 0.20635084450609256
leaf_weight=622 323 608 679 461 626 4568 35 687 82 126 56 1018 445 179 53 52 75 2281 27 291 53 309 33 247 26 140 1001 107 501 148 28 59 143 167 22 227 147 397 240 33 62 50 117 256 121 371 37 32 27 139 177 134 674 3060 2509 1468 349 62 141 7192 445 2368
leaf_count=622 323 608 679 461 626 4568 35 687 82 126 56 1018 445 179 53 52 75 2281 27 291 53 309 33 247 26 140 1001 107 501 148 28 59 143 167 22 227 147 397 240 33 62 50 117 256 121 371 37 32 27 139 177 134 674 3060 2509 1468 349 62 141 7192 445 2368
internal_value=7.84702e-05 -0.000259768 0.000453404 -0.000343053 -0.00168446 0.000235044 0.000783228 0 0.0013587 -0.000876113 -0.000582962 -0.000268581 0.00129555 -0.000549451 -0.00228808 -0.0038976 0.000727273 -0.000863623 0.000626181 -0.00648415 0.00065375 0.000509034 -0.00295516 0.00232461 0.00345622 -0.00646307 0.00142115 -0.00251896 -0.00324015 -0.00668706 -0.00925926 -0.0036373 0.000441919 -0.00203777 -0.00218621 0.000495557 -0.000653699 -0.0021544 0.00385852 -0.000704225 -0.000110532 -0.00154909 -0.000713901 0.00227273 -0.00231109 -0.00336634 -0.00633681 -0.00953608 2.91738e-06 0 -0.00648536 2.72862e-05 0.0012991 -0.0001023 -0.000624776 0.000371962 -0.000831653 0.00273698 0.00296804 0.000637298 0.00133174 0.00187034
internal_weight=37113 11642 5363 2912 1345 25471 1567 1259 769 6279 5369 4558 1232 624 811 539 272 3326 1045 344 11574 10679 365 895 648 173 2451 910 784 283 176 719 195 490 483 1450 771 544 308 68 13897 1046 915 306 609 492 131 94 12851 192 236 12824 1219 11605 5569 6036 483 736 216 10314 3122 2677
internal_count=37113 11642 5363 2912 1345 25471 1567 1259 769 6279 5369 4558 1232 624 811 539 272 3326 1045 344 11574 10679 365 895 648 173 2451 910 784 283 176 719 195 490 483 1450 771 544 308 68 13897 1046 915 306 609 492 131 94 12851 192 236 12824 1219 11605 5569 6036 483 736 216 10314 3122 2677
cat_boundaries=0 2 3 5 7 9 11 12 13 14 15 16 18 19 20 22 24 25 27 29 30 31 32
cat_threshold=237023812 1532670 980 69210112 352386 1901937523 753800 2134592 560 559154587 1025 327 3720 7 1928 1686 33591812 2 1 585 33554432 20752 33554560 278786 2234 67240076 1328738 2191570048 268817 176 1572 285213264
is_linear=0
shrinkage=0.05


Tree=107
num_leaves=63
num_cat=1
split_feature=0 6 23 6 5 5 22 20 17 17 22 5 20 8 5 5 5 21 5 5 5 17 20 17 22 21 5 8 17 17 8 12 21 21 5 17 11 20 5 11 20 17 5 5 16 8 22 11 5 17 19 10 20 22 15 21 23 19 20 8 8 20
split_gain=0.855038 2.93765 3.46227 2.22518 1.67789 5.46938 13.0869 5.93549 1.915 1.49182 1.44278 1.2501 1.36409 1.94859 1.12862 1.10363 11.3124 6.15829 2.46343 2.23128 1.66993 1.43403 1.09802 1.65117 1.06894 1.25939 1.75644 1.05329 1.91556 1.76137 1.04989 1.00335 0.982393 3.84674 1.19205 0.959002 1.48752 1.24036 1.86642 1.84276 1.59944 1.14296 1.0771 2.45073 1.7845 1.45711 1.40356 1.35244 1.26733 1.44357 2.55338 1.24986 1.17447 1.09696 1.02094 1.018 0.938698 0.927817 1.02228 0.89806 1.07623 0.892967
threshold=0 1376.8900000000001 2.5000000000000004 2012.74 180.50000000000003 159.50000000000003 11.681269548367892 148.50000000000003 2.2013847206078681 1.9318007444091612 1.4571067811865479 350.50000000000006 240.50000000000003 454.0750000000001 356.50000000000006 180.50000000000003 150.50000000000003 98.954545454545467 81.500000000000014 215.50000000000003 34.500000000000007 2.9873648046050696 211.50000000000003 2.1276771679597974 13.912534315966992 33.947619047619057 284.50000000000006 182.12000000000003 1.1562467743520979 1.6615242494221736 1410.2200000000003 1.0000000180025095e-35 61.026315789473692 66.031250000000014 144.50000000000003 0.93107345018391097 1653.4050000000004 111.50000000000001 353.50000000000006 1853.7500000000002 148.50000000000003 1.0559438049104922e-05 118.50000000000001 222.50000000000003 0.4714760027092279 661.34500000000014 44.59465588272225 1970.6750000000004 88.500000000000014 1.2511406545496373 478.77499999999981 1539.2000000000003 15.500000000000002 32.635231233567779 1.5000000000000002 73.25833333333334 31.500000000000004 1577.1700000000003 1.0000000180025095e-35 2237.8350000000005 771.79500000000019 219.50000000000003
decision_type=1 2 2 2 2 2 2 2 2 2 2 2 2 2 2 2 2 2 2 2 2 2 2 2 2 2 2 2 2 2 2 2 2 2 2 2 2 2 2 2 2 2 2 2 2 2 2 2 2 2 2 2 2 2 2 2 2 2 2 2 2 2
left_child=3 4 15 11 5 27 7 10 -8 -6 -7 12 22 -14 -13 16 18 -18 20 -17 -3 -20 57 61 31 26 30 28 -2 -30 -26 -4 34 -34 -29 36 41 38 55 -39 -41 -5 48 45 54 47 -46 -44 52 50 -50 -47 -37 -51 -45 -38 -54 58 -1 60 -27 -24
right_child=1 2 24 35 9 6 8 -9 -10 -11 -12 14 13 -15 -16 19 17 -19 21 -21 -22 -23 23 -25 25 59 -28 32 29 -31 -32 -33 33 -35 -36 42 37 39 -40 40 -42 -43 43 44 46 51 -48 -49 49 53 -52 -53 56 -55 -56 -57 -58 -59 -60 -61 -62 -63
leaf_value=1.1892672383067964 0.041360135937709291 -0.017352399689567033 -0.19019286725153536 0.76213455364559946 0.022112179962637857 -1.4671906772445418 0.56027098294112587 0.015482703632127226 -0.36664069021048629 0.40418557634847868 -0.17763059868260145 -1.5696642618995889 0.070534978710433557 2.2801129028537206 1.2557590886289447 0.45822116770834659 -1.2078776094413115 0.2427665831039871 -0.15484433430520947 -0.34133701331224153 -0.55744037784407341 0.1892054704152476 -1.9064803203798577 2.4564272312346285 -0.12843378997794119 0.0042053093899081517 0.095831305111876527 0.10905273889002115 -0.23070825821965749 -0.01268114026402305 -0.41834490923201362 0.031260241096399091 -0.37937262700737834 0.051399866616618439 -0.16850387116804574 -0.093049683948500397 -0.037088073991841879 -0.9496734555200611 -0.46382019015950493 -0.24887112289575805 0.038236171930237366 0.0087088700269625455 0.072206055670400768 -0.17711566264975823 0.0054736695609421742 0.6835381114690855 -0.13123663285853465 -0.029120449281287899 -0.00081938635140019764 -0.091141311190944804 -0.57838962990298126 0.066033268054951758 0.024724813535698865 0.11780344444752799 0.343223004536865 0.10386428582010564 0.12619354192390217 -0.3701319458351553 0.084639261863401316 0.42038441841056368 -0.11712931078603912 -0.32096489528250916
leaf_weight=233 222 156 45 171 1460 83 133 38 32 875 20 24 175 289 21 211 111 31 172 480 268 222 29 23 200 1748 68 940 59 47 34 547 62 1153 108 1361 1056 61 23 409 203 907 1894 49 5347 1098 1562 803 193 1276 167 1887 4866 620 143 462 45 31 1349 50 696 65
leaf_count=233 222 156 45 171 1460 83 133 38 32 875 20 24 175 289 21 211 111 31 172 480 268 222 29 23 200 1748 68 940 59 47 34 547 62 1153 108 1361 1056 61 23 409 203 907 1894 49 5347 1098 1562 803 193 1276 167 1887 4866 620 143 462 45 31 1349 50 696 65
internal_value=9.733e-05 -0.000288349 -0.00115282 0.000246787 0.000534862 -0.00025431 -0.0065534 -0.0176215 0.00275298 0.00153443 -0.0237028 0.00175624 0.00194584 0.00438972 -0.00598958 -0.00303053 -0.00415369 -0.017069 -0.00179659 -0.00138689 -0.00444965 0.000944584 0.00125505 -0.00322917 -0.000221174 -0.000643087 -0.00368852 0.000477062 -0.0021148 -0.00756881 -0.00580169 0.00168067 0.000877096 -5.13136e-05 0.0019981 0.000107189 -0.000682853 -0.00143212 -0.000607189 -0.00323595 -0.00227642 0.000809436 0.000231655 0.000523033 -8.97382e-05 0.00129727 -0.000229673 0.000430556 -0.000199273 -0.00121735 -0.00413223 0.00206242 0.000159363 -0.000631912 0.00461538 -0.000345168 0.000526557 0.00161665 0.00181388 -0.0002503 -0.000408664 -0.0064433
internal_weight=37113 10271 5039 26842 5232 2897 306 141 165 2335 103 2239 2194 464 45 1651 960 142 818 691 424 394 1730 117 3388 2796 302 2591 328 106 234 592 2263 1215 1048 24603 3292 2214 1541 673 612 1078 21311 12783 7101 5682 6909 2697 8528 2256 360 2985 6272 1896 192 1518 4911 1613 1582 2494 2444 94
internal_count=37113 10271 5039 26842 5232 2897 306 141 165 2335 103 2239 2194 464 45 1651 960 142 818 691 424 394 1730 117 3388 2796 302 2591 328 106 234 592 2263 1215 1048 24603 3292 2214 1541 673 612 1078 21311 12783 7101 5682 6909 2697 8528 2256 360 2985 6272 1896 192 1518 4911 1613 1582 2494 2444 94
cat_boundaries=0 1
cat_threshold=1
is_linear=0
shrinkage=0.05


Tree=108
num_leaves=49
num_cat=0
split_feature=21 22 11 18 7 10 11 18 23 10 20 10 7 5 5 5 20 8 18 20 9 11 17 11 20 11 7 22 17 17 21 7 8 21 5 20 20 21 8 8 22 9 5 7 7 9 8 7
split_gain=0.7862 1.09981 0.752176 0.808954 0.722423 0.823611 1.38194 1.31395 1.4351 2.12861 1.65845 0.923237 1.30869 1.14433 0.822041 1.27161 1.1306 0.801222 0.916082 0.787835 1.03803 0.85646 0.787644 0.748233 1.32525 1.07165 0.737843 0.902184 0.624797 1.29796 1.18299 0.93948 1.63165 0.896306 1.1391 0.849764 0.742844 0.725102 0.599626 0.526659 0.404934 0.351145 0.217454 0.171049 0.140839 0.136245 0.127923 0.080895
threshold=274.16666666666669 235.82011152571363 4389.505000000001 1.2464063247729686 1290.0650000000003 1071.5250000000003 3260.7500000000005 0.17265599697722123 3.5000000000000004 2723.4300000000007 116.50000000000001 727.25000000000011 -1.0000000180025095e-35 10.500000000000002 101.50000000000001 155.50000000000003 111.50000000000001 323.43500000000006 1.8296834740614505 78.500000000000014 2478.6700000000005 2579.1550000000002 2.0296775808124896 4587.005000000001 1.5000000000000002 5673.5700000000006 1432.9600000000003 79.791840862109481 2.0391458849605621 2.6662290264091095 555.50000000000011 352.15000000000003 573.19000000000017 373.50000000000006 127.50000000000001 7.5000000000000009 311.50000000000006 373.50000000000006 1633.6650000000002 504.3300000000001 172.9011777451386 759.6400000000001 243.50000000000003 1798.8550000000002 1397.6250000000002 947.9050000000002 275.60000000000008 1554.1950000000004
decision_type=2 2 2 2 2 2 2 2 2 2 2 2 2 2 2 2 2 2 2 2 2 2 2 2 2 2 2 2 2 2 2 2 2 2 2 2 2 2 2 2 2 2 2 2 2 2 2 2
left_child=1 4 3 28 5 6 11 41 9 -9 -10 13 -13 -1 19 16 22 -8 -19 23 21 -21 -16 24 -6 -25 27 -17 31 40 35 33 36 34 -2 -31 -33 -34 -28 46 42 -7 -30 -18 -5 -41 -3 -22
right_child=2 39 -4 44 14 7 17 8 10 -11 -12 12 -14 -15 15 26 43 18 -20 20 47 -23 -24 25 -26 -27 38 -29 29 30 -32 32 37 -35 -36 -37 -38 -39 -40 45 -42 -43 -44 -45 -46 -47 -48 -49
leaf_value=-0.1545705206245728 0.82898623183595321 -0.24709937362761442 -1.186823970399568 2.4328474638706119 -0.073563265852710918 -0.1178320270058336 0.45828098726552402 -0.037638032522079271 0.0078503394811852093 -0.16381901233168891 -0.12085413979384185 -0.53830236208231985 0.050556498201678846 0.0059587457539278079 -0.012662485372337429 0.2810337225152777 1.5984130679196011 -0.75000018756304876 0.19943619381909583 1.8309175693201512 0.33619246590804508 -0.10901383879094838 0.11332648406478017 0.47969358755437458 -0.32259209090532903 -0.11144897180340801 -0.08015936526080264 -0.32246181949115144 1.8799995378012442 -0.8256082782061942 -1.642468263546546 -0.52741904283877761 -0.03848873492728782 1.3523830082027406 -0.58878017224618961 0.51816709037586539 0.30347134247101232 2.1111655661621067 0.036539245014099733 0.64711059556271622 0.0053090940429971313 0.40434842872127208 0.30897021424382065 1.261657587145308 3.3277756732480031 -1.8189816118818805 -1.1164943409461086 0.48259551759473496
leaf_weight=217 72 20 22 39 173 20 22 6208 9561 462 1522 57 5764 8581 132 518 143 50 27 121 20 457 168 37 104 152 306 48 120 25 33 139 180 58 65 406 26 40 645 22 22 65 71 43 27 21 22 60
leaf_count=217 72 20 22 39 173 20 22 6208 9561 462 1522 57 5764 8581 132 518 143 50 27 121 20 457 168 37 104 152 306 48 120 25 33 139 180 58 65 406 26 40 645 22 22 65 71 43 27 21 22 60
internal_value=8.38587e-05 3.77401e-05 0.0012704 0.00146116 5.28919e-05 -1.53567e-05 0.000259833 -0.000245222 -0.000278075 -0.000857935 6.65253e-05 0.000303481 0.000791981 -1.42029e-05 0.000778754 0.00138958 0.00362986 -0.00551471 -0.00796875 -0.000266193 0.000794251 0 0.00148515 -0.00186567 -0.00352679 0.000325521 0.000633224 0.00206503 0.00112103 0.00215074 0.000535332 0 -0.00151418 0.00271465 8.92857e-05 0.00135369 -0.00528274 0.00112108 -0.000170335 -0.00553977 0.00538194 0.00582386 0.00612113 0.00674603 0.00688406 -0.000271739 -0.00944444 0.0060241
internal_weight=37113 35768 1345 1323 35683 32556 14718 17838 17753 6670 11083 14619 5821 8798 3127 2003 486 99 77 1124 658 578 300 466 277 189 1517 566 1257 677 464 580 385 195 137 431 165 220 951 85 213 85 191 186 66 43 42 80
internal_count=37113 35768 1345 1323 35683 32556 14718 17838 17753 6670 11083 14619 5821 8798 3127 2003 486 99 77 1124 658 578 300 466 277 189 1517 566 1257 677 464 580 385 195 137 431 165 220 951 85 213 85 191 186 66 43 42 80
is_linear=0
shrinkage=0.05


Tree=109
num_leaves=57
num_cat=14
split_feature=7 13 21 5 1 5 2 17 7 21 1 0 2 23 5 1 2 6 1 1 1 6 1 1 23 23 21 2 7 8 10 8 10 8 10 5 5 21 8 6 10 8 7 8 23 10 10 4 17 7 21 7 8 17 10 21
split_gain=0.86619 3.07258 1.4576 1.1693 1.02878 1.78227 1.2596 1.83363 1.30301 1.1327 2.23866 1.06406 3.50522 5.50729 14.1523 3.38475 2.78725 2.10126 2.2327 2.23202 1.8948 1.76511 2.05168 1.68119 1.54697 1.0026 0.946428 0.852513 0.898162 0.747699 0.739011 1.96889 0.703895 0.69604 0.570346 0.788298 0.699217 0.556481 0.500224 0.67681 0.421251 0.41182 0.372575 0.912009 0.486576 0.342093 0.270645 0.255311 0.408791 0.481021 0.388873 0.323718 0.252995 0.207868 0.196287 0.00484806
threshold=-1.0000000180025095e-35 1.5000000000000002 302.25000000000006 34.500000000000007 0 353.50000000000006 1 1.7142848027942685 188.68500000000003 359.75000000000006 2 3 4 1.5000000000000002 180.50000000000003 5 6 1376.8900000000001 7 8 9 2012.74 10 11 5.5000000000000009 6.5000000000000009 75.035714285714292 12 -182.96499999999997 -1.0000000180025095e-35 1694.7250000000001 579.77500000000009 951.37 402.58500000000009 818.06500000000017 255.50000000000003 287.50000000000006 425.50000000000006 290.89000000000004 3372.3600000000001 1300.3950000000002 1290.2750000000003 509.73000000000008 989.1350000000001 1.5000000000000002 461.18500000000006 567.71000000000026 13 3.249355560219036 566.93000000000018 473.75000000000006 443.31000000000006 127.55000000000001 1.446673937028498 1454.6050000000002 18.514583333333338
decision_type=2 2 2 2 9 2 1 2 2 2 9 1 1 2 2 9 1 2 9 9 9 2 9 9 2 2 2 1 2 2 2 2 2 2 2 2 2 2 2 2 2 2 2 2 2 2 2 9 2 2 2 2 2 2 2 2
left_child=1 2 27 -3 5 6 7 8 52 11 32 16 13 14 -13 -15 20 19 -19 -14 26 22 -18 -23 -22 34 -6 28 29 45 40 -32 37 -5 36 -36 -8 -11 39 46 -27 -34 44 -44 -9 -1 -29 48 49 -12 -49 -50 -2 -35 -10 -55
right_child=4 3 -4 33 9 -7 25 42 54 10 47 12 17 15 -16 -17 21 18 -20 -21 24 23 -24 -25 -26 30 -28 38 -30 -31 31 -33 41 53 35 -37 -38 -39 -40 -41 -42 -43 43 -45 -46 -47 -48 50 51 -51 -52 -53 -54 55 -56 -57
leaf_value=-0.10141300679293991 -0.74543160649066331 -0.68866271890146913 -0.22055324126440135 -0.20447831055225685 0.075805198765232715 -1.0605849183582692 -0.019264421724318616 -0.52165889507649243 -0.43018449197928704 -2.412151728728773 -0.044755291064889673 -0.87679241538061392 0.2855009209508701 -0.15242395093062841 1.0829768850317183 0.10350928367754136 0.62710063127928584 -0.12529518026861428 0.00087539059782812964 0.021769234211805745 0.56228645514866571 0.039309885952302719 0.10548873437850464 -0.0096559644271695614 0.018810040317910694 0.086752315341015906 -0.19638776381339051 0.079224511890147217 -0.52441373994221152 0.15489328930436663 -0.29861670861526485 0.14452084243949642 1.7422495762529076 0.38045721747741368 -0.0082634527163790491 -0.3978650842355726 1.6532210752565835 -0.47728802038026646 -0.28226770645979887 0.088678222547201382 0.5840617786844835 -0.31773821988080864 1.081857793826654 -0.061480608593225128 0.21679181713371848 -0.67467123830258446 -0.25163543490932389 2.050602931865606 0.080315680380193211 0.95546867399639412 0.55986212126459678 -1.1892705250792612 0.42627161393096302 1.7382368264290442 -0.23515541136256968 2.3775250616553936
leaf_weight=20 20 24 26 27 417 25 236 46 81 24 34 492 658 737 163 594 292 934 2976 3248 1013 4338 1499 16720 366 92 295 45 41 39 31 130 31 31 331 124 27 27 38 36 50 30 60 47 24 21 34 155 23 49 82 24 21 27 84 54
leaf_count=20 20 24 26 27 417 25 236 46 81 24 34 492 658 737 163 594 292 934 2976 3248 1013 4338 1499 16720 366 92 295 45 41 39 31 130 31 31 331 124 27 27 38 36 50 30 60 47 24 21 34 155 23 49 82 24 21 27 84 54
internal_value=7.17346e-05 -0.00206545 -0.00511551 0.00323795 0.000100265 -0.00120492 -0.000923952 -0.00331439 -0.00657895 0.000155035 0.00256743 0.000120161 -0.000318715 -0.00218859 -0.00594605 -0.00030922 0.000294672 0.000153276 -0.000658063 0.000978511 0.00203779 0.000131769 0.0016374 1.18703e-06 0.00311602 0 0 -0.00370036 -0.00662313 -0.00301205 0.00241013 0 -0.0032 0.00519366 -0.00100555 -0.00210153 0.000704887 -0.00763889 -0.000527108 0.000741525 0.005 0 6.94444e-05 0.00215909 -0.00239726 -0.00767045 -0.00137195 0.00444079 0.00157343 0.00392442 0.00565 -0.00125 0.000284091 0.00695652 -0.00855655 0.00848214
internal_weight=37113 463 300 163 36650 1429 1404 383 206 35221 479 34742 9802 1986 655 1331 24940 7816 3910 3906 2091 22849 1791 21058 1379 1021 712 274 121 80 303 161 112 139 718 455 263 51 153 115 142 61 177 107 70 41 79 367 130 83 237 47 41 112 165 81
internal_count=37113 463 300 163 36650 1429 1404 383 206 35221 479 34742 9802 1986 655 1331 24940 7816 3910 3906 2091 22849 1791 21058 1379 1021 712 274 121 80 303 161 112 139 718 455 263 51 153 115 142 61 177 107 70 41 79 367 130 83 237 47 41 112 165 81
cat_boundaries=0 2 3 5 6 7 9 10 12 14 16 18 20 21 22
cat_threshold=2236416 3332 388 67633688 327712 1 272 2785018544 98841 256 370675968 397355 378586160 32779 100978796 12960 42205764 278528 503321347 139816 838 3
is_linear=0
shrinkage=0.05


Tree=110
num_leaves=56
num_cat=3
split_feature=7 20 20 22 4 5 11 7 21 5 19 22 18 18 5 19 17 22 4 17 18 0 11 5 22 5 21 16 19 8 14 7 7 21 18 11 19 5 17 8 20 18 19 19 19 11 21 22 17 20 20 20 8 7 7
split_gain=0.952602 3.35544 1.70223 0.916229 0.81587 1.11972 1.01763 1.9679 1.04653 0.904322 1.66114 2.43291 1.59151 1.41762 1.19545 1.35464 1.20178 0.985326 0.973287 0.937321 1.28636 1.24937 0.936449 0.812293 0.802187 1.4769 0.809393 1.03669 0.925454 0.750343 0.746141 0.723473 0.707112 0.695694 0.589755 0.586479 0.735084 0.580095 0.744642 0.566432 0.573707 0.512095 1.08747 0.435225 0.376948 0.36372 0.301038 0.267303 0.222597 0.204931 0.372075 0.183386 0.176752 0.141069 0.0334375
threshold=-1.0000000180025095e-35 62.500000000000007 12.500000000000002 65.884204620829607 0 353.50000000000006 302.49000000000007 207.53500000000005 309.75000000000006 319.50000000000006 1234.6800000000001 26.569968603685126 0.5361260753496947 0.74023444528410531 317.50000000000006 813.08000000000004 0.84956043835623241 18.304404303666043 1 1.4697032788760447 0.68179622352459113 2 1372.4400000000003 357.50000000000006 139.33681727070672 47.500000000000007 111.06250000000001 2.9999999999999996 2568.335 821.81500000000017 2.5000000000000004 905.59000000000003 355.88500000000005 177.55000000000004 0.33158155282093554 1339.2100000000003 299.34999999999985 30.500000000000004 1.5238170145698593 793.08500000000015 35.500000000000007 0.096398710998104861 1023.1900000000001 1800.4600000000003 1939.0550000000001 1629.7350000000004 126.06250000000001 39.245943072033533 2.6858948180376228 229.50000000000003 108.50000000000001 226.50000000000003 278.72500000000008 1083.2350000000004 373.2050000000001
decision_type=2 2 2 2 9 2 2 2 2 2 2 2 2 2 2 2 2 2 9 2 2 1 2 2 2 2 2 2 2 2 2 2 2 2 2 2 2 2 2 2 2 2 2 2 2 2 2 2 2 2 2 2 2 2 2
left_child=1 2 33 41 6 9 7 43 24 14 13 17 -13 22 19 16 -16 -12 -15 20 -6 -21 -11 31 26 -26 28 -28 -8 -27 35 39 -17 37 54 -25 -37 -1 47 40 -7 -4 45 -2 -44 -43 -5 -39 53 50 -36 -45 -9 -33 -10
right_child=4 -3 3 46 5 23 8 52 34 10 11 12 -14 18 15 32 -18 -19 -20 21 -22 -23 -24 30 25 29 27 -29 -30 -31 -32 48 -34 -35 49 36 -38 38 -40 -41 -42 42 44 51 -46 -47 -48 -49 -50 -51 -52 -53 -54 -55 -56
leaf_value=-0.36491974085412793 -0.17629291600576949 -0.93267791211622919 0.06942067581087745 2.034690875046238 0.021140820128360983 0.1908108282071814 0.004152799781308625 -1.2187207683946744 0.70125589531368837 0.20194905688632955 -0.0058281445252770549 -0.66950524382587062 0.24328696832526547 0.13157226388598139 -0.73558921735504401 -0.046177934563923807 0.1816651931336587 0.38215462587381488 -0.0068896402512242721 0.036014670201100787 -0.022926264996807194 -0.031669804444517349 0.81529837078564127 1.24716856772132 -1.2477769759463335 1.1032221412980803 0.8269686074206839 0.074138430041971765 0.071189389032621314 -1.4092068682522028 0.12984109479803588 0.32296774366921782 -0.86266488074946013 -0.018598198520970045 4.8442394736668692 0.002851998989825777 -0.93745462493412957 -0.037912494396556501 0.95776653640817599 -0.95390833025638777 -0.47056566159681834 0.21523249813312548 -0.45073313923659841 1.0468959938690467 -0.1684410128830412 -0.50626729379772228 -0.35851048019503678 1.1043644009816342 -1.1099300507113494 3.7834622623104197 -0.27272477443246113 1.2147708290032648 -0.61968472942310893 0.0059790090472798601 -0.60022001354082455
leaf_weight=20 36 32 26 28 2968 38 4698 38 22 347 308 149 45 746 20 23 119 45 787 10724 8226 3994 150 36 23 81 399 1502 364 33 26 26 70 31 22 75 34 40 73 24 190 25 57 25 21 47 36 27 24 63 28 34 28 39 21
leaf_count=20 36 32 26 28 2968 38 4698 38 22 347 308 149 45 746 20 23 119 45 787 10724 8226 3994 150 36 23 81 399 1502 364 33 26 26 70 31 22 75 34 40 73 24 190 25 57 25 21 47 36 27 24 63 28 34 28 39 21
internal_value=6.90403e-05 -0.00217275 -0.000835253 -0.0037037 9.89005e-05 -1.83786e-05 0.000566958 -0.00327744 0.000661248 2.13236e-05 0.000915698 -0.00147727 -0.00596447 0.00158633 -6.5017e-05 -0.00361702 -8.80282e-05 0.000877809 0.000789388 -3.08702e-05 -0.000377333 0.000229264 0.003925 -0.0023301 0.000563142 -0.003125 0.0006442 0.00152967 0.000301086 -0.000213675 0.000215517 -0.00374273 -0.00820313 0.00251289 0.00471698 -0.000929054 -0.00301339 0.00398773 0.00524476 -0.00509804 -0.0038961 -0.00558659 -0.00669935 0.000892857 -0.0108025 -0.00133333 0.000746269 0.000535714 0 0.00657328 0.00235849 0.00383065 -0.00978261 0.00165441 0
internal_weight=37113 463 431 240 36650 29233 7417 161 7256 28721 2577 547 194 2030 26144 232 139 353 1533 25912 11194 14718 497 512 7100 137 6963 1901 5062 114 171 341 93 191 156 145 109 160 140 252 228 176 150 95 78 72 64 67 89 113 50 59 66 65 43
internal_count=37113 463 431 240 36650 29233 7417 161 7256 28721 2577 547 194 2030 26144 232 139 353 1533 25912 11194 14718 497 512 7100 137 6963 1901 5062 114 171 341 93 191 156 145 109 160 140 252 228 176 150 95 78 72 64 67 89 113 50 59 66 65 43
cat_boundaries=0 1 2 3
cat_threshold=16 9 1
is_linear=0
shrinkage=0.05


Tree=111
num_leaves=60
num_cat=14
split_feature=7 13 4 5 10 10 5 10 23 17 2 1 19 5 1 2 1 5 0 2 2 23 22 17 1 18 18 9 7 17 11 2 11 19 22 1 2 5 4 18 19 19 5 22 19 7 14 18 22 22 22 22 5 11 15 11 19 23 18
split_gain=1.14172 2.1824 1.31322 2.13732 1.30525 1.81792 1.01052 0.837318 2.25687 0.947047 3.94996 2.63307 1.57525 1.20729 1.14815 1.99926 2.21592 1.62986 1.33777 2.63105 1.94411 1.29833 1.94305 1.6455 1.36996 1.04385 0.936023 0.988518 0.932686 0.912428 0.859335 0.753886 0.74614 0.722917 0.715766 0.712903 0.699959 1.38027 0.70064 0.701052 0.674812 1.32536 0.673137 0.664193 0.539189 0.525292 0.523158 0.514779 0.479936 0.300938 0.290865 0.255074 0.223224 0.185603 0.174545 0.169835 0.158068 0.115155 0.0690693
threshold=-1.0000000180025095e-35 1.5000000000000002 0 164.50000000000003 579.22000000000014 1208.6900000000003 122.50000000000001 1.0000000180025095e-35 6.5000000000000009 0.68326800191191206 1 2 467.69000000000023 26.500000000000004 3 4 5 137.50000000000003 6 7 8 19.500000000000004 29.700835087010731 1.5384615384615388 9 2.2706612513758255 3.1563703263881395 529.10500000000013 177.88000000000002 1.7055060021666646 1254.1600000000001 10 567.37000000000012 936.45999999999992 53.432949694380909 11 12 243.50000000000003 13 0.58267114367563477 1162.6850000000002 1590.95 192.50000000000003 54.826087762711836 817.73500000000001 -462.12499999999994 4.5000000000000009 0.24793308503364644 19.792222939958773 26.787484826973778 27.644117316704079 96.54584403138125 96.500000000000014 762.22500000000014 8.5000000000000018 1385.1400000000001 1849.5850000000007 4.5000000000000009 2.7459350121972697
decision_type=2 2 9 2 2 2 2 2 2 2 1 9 2 2 9 1 9 2 1 1 1 2 2 2 9 2 2 2 2 2 2 1 2 2 2 9 1 2 9 2 2 2 2 2 2 2 2 2 2 2 2 2 2 2 2 2 2 2 2
left_child=1 2 3 55 32 42 45 8 36 10 12 40 13 25 21 16 17 -16 20 -20 -17 22 23 -11 -24 -9 27 -13 30 -18 -14 35 52 -5 49 -23 38 56 39 -2 44 -42 -6 47 -12 -3 -33 -40 53 -8 -30 -50 -4 -39 -28 -1 -38 -7 -15
right_child=7 6 4 33 5 57 34 9 -10 14 11 26 28 58 15 18 29 -19 19 -21 -22 31 24 -25 -26 -27 54 -29 50 -31 -32 46 -34 -35 -36 -37 37 48 43 -41 41 -43 -44 -45 -46 -47 -48 -49 51 -51 -52 -53 -54 -55 -56 -57 -58 -59 -60
leaf_value=-0.071544579072402067 2.9614060620503313 0.55312221262392713 0.07664575429390158 -0.09285633129954203 -0.65175321160471877 0.1387205922774018 1.5636277645463501 -0.413236410846546 -0.24406753890303215 -0.077204153613631379 0.13724392500416913 -0.048347481390574654 -0.014134787055796939 -0.72701431090926227 -0.25178597488755833 0.2180586502007941 0.05359307237912532 0.029877615520923408 0.029607579857145974 -0.1133416531163996 0.0071237930000207506 0.045247814531839174 -0.045228350675020935 -0.02360075662568022 0.059045378987329228 0.08131013182222524 0.24654846058699578 -0.1886040186395774 -0.13602096454071694 0.27168363710127758 -0.86545207710976391 0.037867223482330382 1.125646006818116 -0.67673542785772423 3.3126344831611521 0.12663557323571925 -1.6595920619601412 1.770500047140402 -0.91161485769113648 -0.08182859035304571 -0.68641193889047825 0.28663793336797017 -0.33281959758573354 3.5790813685229441 0.48133946485399814 -0.51544618753859228 -0.162510322461865 1.3715249956892199 -0.11942677663464281 -0.074541621367316499 0.91462975925970036 1.3756331367790153 -0.070505337239725699 2.3245826260748426 0.0014771462858680585 0.27936211488583557 -0.055742573213564572 -0.1341875367098205 -0.23757172750659894
leaf_weight=39 107 33 22 24 31 23 21 52 23 1717 286 1042 28 77 317 1637 1189 805 3022 2978 14366 112 882 3059 2047 30 52 188 23 1618 20 157 25 33 47 125 20 78 51 24 54 75 21 34 47 40 32 75 57 22 23 28 35 31 20 20 22 27 20
leaf_count=39 107 33 22 24 31 23 21 52 23 1717 286 1042 28 77 317 1637 1189 805 3022 2978 14366 112 882 3059 2047 30 52 188 23 1618 20 157 25 33 47 125 20 78 51 24 54 75 21 34 47 40 32 75 57 22 23 28 35 31 20 20 22 27 20
internal_value=6.76932e-05 -0.00238734 -0.0049505 -0.00891473 -0.00152284 -0.00547619 0.00203313 0.000100265 0.00203436 6.92463e-05 -0.000974265 -5.62746e-05 -0.00642483 -0.00940934 0.000133197 0.000296782 0.00133498 -0.000506608 0.000108444 -0.000524738 0.000349088 -0.000382183 -0.00053678 -0.00116133 0.0004647 -0.00382353 -0.00123574 -0.00160178 -0.000773196 0.00208777 -0.00588235 0.00227273 0.00264706 -0.0164583 0.00564516 0.00405 0.0028066 0.000401606 0.00439967 0.00720486 0.00310526 0 -0.0118182 0.00144509 0.00435268 -0.00180921 0 0 0.00241117 0 0.00357143 0 0 0.00457589 0.004 -0.00181452 -0.00722222 0.000471698 -0.013375
internal_weight=37113 463 300 116 184 102 163 36650 550 36100 2037 1764 273 179 34063 25932 3929 1122 22003 6000 16003 8131 7705 4776 2929 82 1302 1230 94 2807 48 426 82 57 90 237 527 236 291 131 462 129 52 160 333 73 189 126 194 43 46 85 57 109 72 59 42 50 97
internal_count=37113 463 300 116 184 102 163 36650 550 36100 2037 1764 273 179 34063 25932 3929 1122 22003 6000 16003 8131 7705 4776 2929 82 1302 1230 94 2807 48 426 82 57 90 237 527 236 291 131 462 129 52 160 333 73 189 126 194 43 46 85 57 109 72 59 42 50 97
cat_boundaries=0 1 2 4 6 7 9 10 11 12 14 15 16 17 18
cat_threshold=17 129 2161641044 53760 2300735532 564549 640 268960019 279040 1 79 256 2121728 561472 1117 4132 32 12
is_linear=0
shrinkage=0.05


Tree=112
num_leaves=63
num_cat=23
split_feature=17 1 8 1 2 4 1 2 1 0 1 2 22 10 2 17 20 17 22 1 7 19 20 18 19 18 1 1 20 7 10 10 17 10 8 1 8 1 17 12 18 10 1 1 1 8 22 2 1 17 20 19 20 8 18 22 18 8 18 4 8 1
split_gain=0.769592 2.78203 2.01371 1.96961 1.5562 1.33615 1.99569 1.85231 2.80439 2.31412 1.85824 1.30623 1.65777 1.12332 1.06854 1.0427 3.06245 1.50582 1.02227 1.85904 1.1271 1.05086 1.0226 1.56436 1.01449 1.75973 2.15242 1.34764 1.15426 1.4383 1.14259 1.06214 0.98084 0.944532 1.63941 1.84526 1.24331 2.00519 1.42224 0.944272 0.93043 1.51836 1.67686 1.42681 1.35578 1.6175 1.43298 0.910334 0.866221 1.79897 1.26922 0.812694 1.24503 0.809496 0.805234 0.756111 0.740229 1.16742 0.737082 0.805779 0.736808 0.676313
threshold=2.056293750633015 0 265.33000000000004 1 2 3 4 5 6 7 8 9 31.699105912329266 1405.6750000000004 10 2.0296775808124896 174.50000000000003 2.0296257185303714 31.699105912329266 11 -1.0000000180025095e-35 1067.4950000000003 3.5000000000000004 0.66261380402317482 992.65500000000009 0.61157038549457388 12 13 1.0000000180025095e-35 1227.2500000000002 1268.3250000000003 1115.8100000000002 1.6240672743159779 2824.145 1600.6800000000003 14 686.88000000000011 15 1.2333721479377482 1.5000000000000002 1.9108969976129646 962.8850000000001 16 17 18 269.77000000000004 11.302654339031692 19 20 1.7628019157202279 71.500000000000014 1320.8550000000002 69.500000000000014 247.40000000000003 0.20939439499591339 41.72229609002823 0.74437920292514381 432.53000000000003 0.15459317589004148 21 303.13500000000005 22
decision_type=2 9 2 9 1 9 9 1 9 1 9 1 2 2 1 2 2 2 2 9 2 2 2 2 2 2 9 9 2 2 2 2 2 2 2 9 2 9 2 2 2 2 9 9 9 2 2 1 9 2 2 2 2 2 2 2 2 2 2 9 2 9
left_child=3 4 14 18 -2 6 39 10 -9 -10 54 12 -8 -13 51 17 -17 40 20 32 21 -1 23 -22 25 -6 31 58 29 -29 -30 -27 56 36 35 -35 38 -38 -21 47 41 43 -43 -5 45 -42 -46 -4 50 -50 -24 -3 -53 61 -7 -28 -20 -58 -26 -60 -12 -16
right_child=1 2 5 15 24 7 11 8 9 -11 60 13 -14 -15 53 16 -18 -19 19 33 22 -23 48 -25 27 26 55 28 30 -31 -32 -33 -34 34 -36 -37 37 -39 -40 -41 44 42 -44 -45 46 -47 -48 -49 49 -51 -52 52 -54 -55 -56 -57 57 -59 59 -61 -62 -63
leaf_value=0.047150391742327581 0.39056515483564169 0.24262509189147857 0.033345855606642341 -0.089453943173261774 0.67653220229933098 -0.11331593799947424 0.31018276365226799 0.1106456167266292 -0.12597871711816674 -0.49896458017331541 0.70111732068382782 -0.05872324107327298 -0.8502284369561629 -0.32597714185908722 -0.093623654766086084 0.25067413235423075 -1.01699193210504 0.87657129450993665 0.43688694501728859 0.0067464142959879686 -0.61581398839550727 -0.30769064563488363 0.025908819221313897 -0.0016460775283489327 -0.37746658278655831 0.28733697663438618 0.12119924082201219 0.49254901106910992 -0.45829398020859813 -1.8504043038583733 0.076383121881892543 -0.40215295216894459 0.78875423659793453 -0.63589576489809718 0.1543384230534913 -0.041763623524114384 -0.49985950712820898 0.11334956703299569 -0.14803625929945907 -0.47713414774953861 0.21139717334242111 -0.026040422713881697 -0.12557882113103666 0.041974948102896731 -0.12593412972433385 -0.041539125795989978 0.15797234972040786 0.25739114191873619 0.017829587706177954 0.2998273561438573 -0.040946621724538584 -0.29902810756343617 0.58255039481880433 -0.75866565011215092 0.28181839641182993 1.7743312316950099 -0.37029680297626194 0.19110069996924875 0.008071199320450884 0.56618071468076037 -0.096155504595015096 -0.44495196183343799
leaf_weight=34 961 91 713 782 217 70 383 827 1288 416 48 498 94 218 163 60 89 80 103 1871 43 54 1640 100 45 56 371 135 218 21 79 200 140 120 142 145 237 1535 2088 60 56 2730 1683 1957 85 724 669 1442 4799 1291 2246 135 57 48 899 123 81 158 244 161 905 185
leaf_count=34 961 91 713 782 217 70 383 827 1288 416 48 498 94 218 163 60 89 80 103 1871 43 54 1640 100 45 56 371 135 218 21 79 200 140 120 142 145 237 1535 2088 60 56 2730 1683 1957 85 724 669 1442 4799 1291 2246 135 57 48 899 123 81 158 244 161 905 185
internal_value=5.5569e-05 0.000398936 -4.67672e-05 -9.4193e-05 0.00175369 0.000173258 0.000920783 -0.000389051 -0.00128243 -0.00244613 0.000762274 -0.000694444 0.00125 -0.00205761 -0.00265762 -0.000695845 -0.00485197 -0.000618657 0.000221942 -0.000256681 0.000537463 -0.00494505 0.000591533 -0.00351027 0.000862985 0.00199742 0.000763612 -0.000289735 -0.00222639 0.000943396 -0.004125 -0.0027881 0.00267677 -0.000499919 -0.00283537 -0.00517724 -0.000324817 0.000760563 -0.000823448 0.00181216 -0.000687651 -0.00092942 -0.00150306 0 0.000406636 -0.00100883 0.00192308 0.00200996 0.000656378 0.00102818 5.77071e-05 -4.22297e-05 -0.00205128 -0.00427873 0.00230397 0.00271203 0.00108696 -0.000258264 0.00156587 0.00235907 -0.000763458 -0.00327635
internal_weight=37113 11371 8540 25742 2831 7861 3408 4453 2531 1704 1922 1193 477 716 679 8915 149 8766 16827 6620 10207 88 10119 143 1870 967 750 903 453 156 297 256 482 6138 407 265 5731 1772 3959 2215 8686 7152 4413 2739 1534 780 754 2155 9976 6090 3886 283 192 396 969 494 342 239 450 405 953 348
internal_count=37113 11371 8540 25742 2831 7861 3408 4453 2531 1704 1922 1193 477 716 679 8915 149 8766 16827 6620 10207 88 10119 143 1870 967 750 903 453 156 297 256 482 6138 407 265 5731 1772 3959 2215 8686 7152 4413 2739 1534 780 754 2155 9976 6090 3886 283 192 396 969 494 342 239 450 405 953 348
cat_boundaries=0 2 4 5 6 8 9 11 12 14 15 16 18 20 22 24 26 28 30 32 33 35 36 38
cat_threshold=1153761661 1738838 995673730 472745 3604 20 2987423360 327681 1738 2148012546 344608 1 590508032 20616 397 2154 155238402 32 67371073 16 75825153 163860 128 262272 302514176 1 1082130765 1097810 1149239624 1083408 75501932 324 75 692109312 65568 25 570425472 262273
is_linear=0
shrinkage=0.05


Tree=113
num_leaves=63
num_cat=17
split_feature=6 1 20 2 1 17 2 17 11 20 5 22 17 2 17 1 10 1 10 11 14 1 10 5 1 11 17 11 2 1 5 22 15 20 5 5 10 11 1 5 1 2 22 15 11 18 10 22 17 5 22 2 9 5 11 1 5 11 1 22 18 10
split_gain=0.807504 2.37686 1.99765 1.88675 1.61841 1.46846 2.13125 3.5294 2.12447 2.10629 1.89252 3.87128 2.09347 1.43124 2.15298 1.79404 1.54814 2.81413 1.41862 1.34251 1.32293 1.31262 1.47219 1.28312 2.31251 1.42012 1.27417 1.31125 1.18943 2.36083 1.56515 1.71867 1.18479 1.15242 1.22764 1.29198 1.08009 1.59522 1.12523 1.07086 1.01473 1.2264 1.0042 1.00124 0.943884 1.10322 0.880853 0.879923 0.873953 0.868519 0.85746 0.801197 1.0332 0.837433 0.774805 0.752368 0.747768 0.726259 0.679142 1.11482 0.662445 0.661072
threshold=1376.8900000000001 0 405.50000000000006 1 2 1.2511406545496373 3 1.6514225073577018 1064.4750000000001 154.50000000000003 180.50000000000003 6.6542773372209814 2.3864110089550059 4 0.90418370714450924 5 1405.6750000000004 6 720.6600000000002 6536.1850000000013 4.5000000000000009 7 1.0000000180025095e-35 169.50000000000003 8 2997.8350000000005 0.71763517081854766 4876.1300000000001 9 10 186.50000000000003 25.013867715047947 2.5000000000000004 299.50000000000006 109.50000000000001 67.500000000000014 2723.4300000000007 3639.9400000000005 11 64.500000000000014 12 13 53.432949694380909 3.5000000000000004 1077.9550000000002 0.5361260753496947 256.50500000000005 18.107812020516228 1.6095125282966587 186.50000000000003 26.375497153276182 14 786.57000000000005 79.500000000000014 5165.4550000000008 15 255.50000000000003 1372.4400000000003 16 3.7716029769593651 0.24793308503364644 529.17000000000019
decision_type=2 9 2 1 9 2 1 2 2 2 2 2 2 1 2 9 2 9 2 2 2 9 2 2 9 2 2 2 1 9 2 2 2 2 2 2 2 2 9 2 9 1 2 2 2 2 2 2 2 2 2 1 2 2 2 9 2 2 9 2 2 2
left_child=1 3 5 57 19 8 10 18 39 -9 11 -7 -12 14 15 -6 23 42 -8 28 -19 33 56 25 -25 -16 27 -24 29 44 31 -31 -28 34 35 -15 37 60 -38 -3 41 -10 -18 -42 49 -46 -17 -36 -32 -2 -48 53 -53 -35 -40 -39 -23 -1 59 -5 -30 -41
right_child=4 2 -4 58 13 6 7 9 40 -11 12 -13 -14 21 16 46 17 20 -20 -21 -22 22 26 24 -26 -27 32 -29 36 30 48 -33 -34 51 47 -37 38 55 54 61 43 -43 -44 -45 45 -47 50 -49 -50 -51 -52 52 -54 -55 -56 -57 -58 -59 -60 -61 -62 -63
leaf_value=0.80990718775428672 -0.4701581680961564 0.25796475286143805 2.3506675681377227 -1.0688408093081374 0.052201762042920485 -0.73756260241456362 0.023794760998802733 0.23275689074951134 -0.12150545026509754 -0.24886076260218282 -0.18307975441343383 -0.021892945825664346 1.2743837206654023 0.054388166128773112 0.098158571647458406 -1.8104877802374064 -0.17256265192845346 0.03315028871593606 -0.21656571242220313 0.15306151646808483 -0.042096618070284093 1.2999810321855407 -0.07382453702715211 -0.09726313725229474 0.57604793369720719 -0.22314027689512442 -0.1240002384040647 -0.24368018699206415 -0.14396293683596337 -0.18457399983250244 0.020621562906349224 0.13082852337338907 0.0023553499715942118 -0.12902386413867115 0.079626227212649781 -0.083887926733754628 0.069630214167498705 -0.028225527767444983 -0.36649826444099909 -0.16080139719649386 -0.26830269254359784 0.14351490958846913 0.28800980317909614 0.058581103807901248 0.30355848982819994 -0.16969868565247415 -0.01805249247585481 0.010972422016835815 0.91785638006400161 -1.1405305665118974 -0.31237245128736718 -0.64757497975134837 2.2226377703809788 4.6929299629489343 -0.20280915670592511 0.15844308474130112 -0.089410873468870472 0.21466002142118318 0.078284309113611894 0.095989867162738926 -0.016915363152239137 -0.67238832875575272
leaf_weight=204 89 33 155 37 298 338 155 845 117 332 244 432 131 671 3184 28 606 2976 396 180 122 217 856 265 908 60 4587 167 362 127 46 89 7930 26 979 803 100 106 109 161 111 484 66 327 44 298 207 1255 75 48 182 90 72 98 79 270 112 316 419 69 2977 43
leaf_count=204 89 33 155 37 298 338 155 845 117 332 244 432 131 671 3184 28 606 2976 396 180 122 217 856 265 908 60 4587 167 362 127 46 89 7930 26 979 803 100 106 109 161 111 484 66 327 44 298 207 1255 75 48 182 90 72 98 79 270 112 316 419 69 2977 43
internal_value=5.96104e-05 0.00062827 9.26569e-05 0.00275284 -3.46271e-05 -0.000105371 -0.00074322 0.00034463 0.00129007 0.00191737 -0.00240717 -0.00384864 0.000363757 0.000118101 0.000636568 -0.00196727 0.00087149 0.000112642 -0.00291065 -0.000860435 0.00076342 -0.000137755 -0.000370084 0.00150735 0.0029443 0.000970126 -0.000454109 -0.00215643 -0.00102914 -0.00277443 0.000321429 -0.00205479 -0.000310503 0.000655104 0.000404204 -0.000693974 -0.000650523 -0.000406805 -0.00360825 -0.00286458 0.00229127 0.00360342 -0.00277372 0.000277162 -0.00500508 -0.0034058 -0.0040407 0.0011511 0.00493952 -0.00883929 -0.00328444 0.00371972 0.000714286 0.00656934 -0.00572139 0.00263852 0.0028991 0.00487805 0.000487918 -0.00273109 -0.000766756 -0.00434783
internal_weight=37113 5349 4304 1045 31764 4149 2873 1728 1276 1177 1145 770 375 26765 8902 715 8187 3770 551 4999 3098 17863 13869 4417 1173 3244 13540 1023 4819 816 337 216 12517 3994 3708 1474 4003 3715 288 237 1039 601 672 438 479 342 417 2234 121 137 389 286 162 124 188 376 329 520 525 106 3339 204
internal_count=37113 5349 4304 1045 31764 4149 2873 1728 1276 1177 1145 770 375 26765 8902 715 8187 3770 551 4999 3098 17863 13869 4417 1173 3244 13540 1023 4819 816 337 216 12517 3994 3708 1474 4003 3715 288 237 1039 601 672 438 479 342 417 2234 121 137 389 286 162 124 188 376 329 520 525 106 3339 204
cat_boundaries=0 2 3 5 6 7 9 11 13 15 16 18 20 22 23 24 26 28
cat_threshold=381060208 131083 622 2225218656 7491 2321 912 570986496 344064 303038724 33284 1527054854 41480 17076226 536 576 2157970432 4353 10616896 4096 2684370945 21120 1154 104 2228224 1026 68190208 8
is_linear=0
shrinkage=0.05


Tree=114
num_leaves=63
num_cat=26
split_feature=10 1 2 8 10 1 21 18 18 18 1 0 2 5 22 20 1 2 1 1 20 6 1 11 21 21 2 1 8 8 5 4 1 22 8 4 1 1 22 22 2 4 1 11 18 1 4 10 18 8 5 21 21 20 5 2 17 21 8 1 2 17
split_gain=0.802634 2.19599 1.59535 1.98087 1.39363 1.29517 1.47149 1.19452 1.14006 1.12991 4.05735 1.75825 3.2062 11.1946 16.0489 13.4059 3.31863 2.29852 2.82439 2.26433 1.78569 1.70008 1.78562 1.6745 1.55605 1.68213 1.47154 1.89635 1.42531 1.79262 1.38961 1.35561 1.28205 1.22341 1.20511 1.14822 1.082 1.05013 1.14979 1.0407 1.21374 1.16391 2.24299 1.03119 1.00445 1.03989 0.992201 0.979225 0.971647 0.895475 1.2099 1.23615 1.1745 1.08384 2.65056 1.19602 0.849888 0.715198 0.697764 0.617555 1.09807 1.44922
threshold=3258.1500000000005 0 1 603.6350000000001 3745.1950000000006 2 50.023809523809533 0.71072575146491657 1.5250891485143871 1.9108969976129646 3 4 5 180.50000000000003 9.4334661315223922 179.50000000000003 6 7 8 9 338.50000000000006 1376.8900000000001 10 2017.2650000000001 30.84954751131222 50.023809523809533 11 12 2014.5350000000001 1339.7550000000003 122.50000000000001 13 14 25.438700467801937 896.91500000000008 15 16 17 2.8503542240076025 5.3815460895502056 18 19 20 2596.4950000000003 1.9798114061918988 21 22 1446.7350000000004 1.4018649933634906 1410.2200000000003 280.50000000000006 26.017241379310349 54.026315789473692 55.500000000000007 173.50000000000003 23 0.99999445588277125 30.169540229885062 1290.2750000000003 24 25 1.5999524162982057
decision_type=2 9 1 2 2 9 2 2 2 2 9 1 1 2 2 2 9 1 9 9 2 2 9 2 2 2 1 9 2 2 2 9 9 2 2 9 9 9 2 2 1 9 9 2 2 9 9 2 2 2 2 2 2 2 2 1 2 2 2 9 1 2
left_child=9 -2 3 -3 5 -4 8 -5 -7 11 39 17 13 14 15 -13 34 18 20 28 31 23 -23 -18 -15 -26 35 -28 29 -19 -30 -1 -16 46 -14 -21 -35 56 -39 43 44 42 -42 -11 -41 -46 -20 -36 -8 53 51 -51 -52 55 -55 -6 -9 58 -12 60 61 -59
right_child=1 2 4 7 49 6 48 37 -10 10 57 12 16 24 32 -17 21 19 33 26 -22 22 -24 -25 25 -27 27 -29 30 -31 -32 -33 -34 36 47 -37 -38 38 -40 40 41 -43 -44 -45 45 -47 -48 -49 -50 50 52 -53 -54 54 -56 -57 -58 59 -60 -61 -62 -63
leaf_value=-0.1180026683835612 0.028079742819144007 -0.32848469205456726 -0.019873428620010181 -0.27221959231034076 0.05537816027040298 0.3227383262523828 -0.47505477110626115 -0.040808129191303166 -0.21257410329353862 0.044657555658423755 0.090365756551839718 -1.1474595425914189 0.18581930620984011 2.2462787624295646 -0.42789560629885381 1.120820318105072 0.017077246698209602 0.016983557333149157 0.074010869005041974 0.074419361354742905 -0.82414114365797109 -0.2994978902527059 -0.043879630673073856 -0.54302926208902136 -0.5264686181452245 0.59039452879953025 -0.0015453972757839551 -0.14013970332363498 -1.6504065355840016 0.35821569752940363 0.085446601278212422 0.078691516107942061 0.22553207155657359 -0.054210177212925009 -0.40209407006050796 -0.030235209722220203 0.43070356654013597 -0.41595751413288157 -0.0021077625397017906 0.22838205381411214 0.11311601368664587 0.13968842398563247 -0.25014853981255847 -1.1639443000364424 0.017235367811904378 -0.25567712763211964 0.58222846083571722 0.059691313327137507 -0.67624969743535235 -0.28652012373043345 0.37697947965691614 0.0099634913266009942 -0.37717827742465737 -0.44292539355492178 -0.05664279962723056 -0.098051189907328293 0.15357569582401256 0.07961328432356983 -0.53704176671180359 0.20664899843026366 0.092585915750568681 -0.17686302547972002
leaf_weight=241 1034 70 103 30 130 34 40 81 83 30 36 227 1171 82 108 53 2336 14287 121 893 40 501 1944 25 41 154 1168 1525 55 762 38 453 177 269 54 3514 211 21 176 38 122 314 133 31 146 304 681 69 79 46 51 203 34 47 76 162 404 475 28 761 468 123
leaf_count=241 1034 70 103 30 130 34 40 81 83 30 36 227 1171 82 108 53 2336 14287 121 893 40 501 1944 25 41 154 1168 1525 55 762 38 453 177 269 54 3514 211 21 176 38 122 314 133 31 146 304 681 69 79 46 51 203 34 47 76 162 404 475 28 761 468 123
internal_value=5.5569e-05 -0.000739594 -0.0017658 0 -0.00299728 -0.0057383 -0.00763052 0.000769231 -0.00322917 0.000124591 0.00104997 3.36506e-05 -0.000665947 -0.00353801 -0.00763644 -0.0160777 -0.000253558 0.000235975 0.0018482 8.64974e-05 -0.000568942 -0.000866362 -0.00179228 6.87394e-05 0.00450893 0.00170455 -0.000646703 -0.00156596 0.00043385 0.00047585 -0.00559896 0 0.000564236 0.00326255 0.00197016 -7.07014e-05 0.00113872 0.00127737 -0.00160714 -0.00130416 -0.000884434 0.000622852 -0.00172575 -0.00761719 -0.00269461 -0.00347682 0.00450311 -0.00248016 -0.0119877 -0.0017121 7.4184e-05 -0.0015377 0.00525568 -0.00325957 -0.00724206 -0.00135593 0.00253514 0.00246192 -0.00223881 0.00267077 0.00173772 0.000204583
internal_weight=37113 2904 1870 782 1088 339 236 712 117 34209 3009 31200 6942 842 565 280 6100 24258 2016 22242 734 4806 2445 2361 277 195 7100 2693 15142 15049 93 694 285 1282 1294 4407 480 682 197 1118 1057 569 255 61 488 450 802 123 119 749 334 249 85 415 123 292 485 1891 64 1827 1066 598
internal_count=37113 2904 1870 782 1088 339 236 712 117 34209 3009 31200 6942 842 565 280 6100 24258 2016 22242 734 4806 2445 2361 277 195 7100 2693 15142 15049 93 694 285 1282 1294 4407 480 682 197 1118 1057 569 255 61 488 450 802 123 119 749 334 249 85 415 123 292 485 1891 64 1827 1066 598
cat_boundaries=0 2 3 4 6 7 8 10 11 13 15 17 18 20 21 23 24 25 27 28 29 30 32 33 34 36 37
cat_threshold=1110999656 87099 696 2684616720 33555944 311682 1 256 2193933328 131267 256 112119908 13984 1057297095 435128 339222530 4408 2227 4743208 1131586 17 2684354568 262656 16 536871064 536875140 262784 2228 6 136 72 128 1 2113 2692751366 593421 2403
is_linear=0
shrinkage=0.05


Tree=115
num_leaves=50
num_cat=3
split_feature=22 21 7 7 20 12 20 5 22 5 5 5 5 22 20 22 22 6 7 22 10 20 5 4 5 7 5 5 20 11 6 5 4 4 21 21 22 11 20 11 11 11 11 10 11 10 21 7 9
split_gain=0.672616 0.720969 2.16103 1.32766 1.13902 1.3726 1.12656 2.14613 2.20018 1.66095 1.51772 1.10165 0.957204 0.932365 1.85832 2.58557 1.20169 2.06373 1.07779 1.10258 2.48451 1.43429 1.02129 1.55823 1.53161 1.39064 2.01214 1.87922 1.13686 1.21666 1.04153 1.01695 0.872713 0.868075 1.07049 0.77437 0.658074 0.963299 0.867071 0.623188 0.800881 0.569324 0.560361 0.588342 0.418179 1.80968 0.717089 0.360825 0.0623972
threshold=291.43483897748536 127.08333333333336 -1.0000000180025095e-35 -182.96499999999997 12.500000000000002 1.0000000180025095e-35 98.500000000000014 10.500000000000002 82.394224127922044 192.50000000000003 251.50000000000003 61.500000000000007 127.50000000000001 33.714240241346793 116.50000000000001 46.844730607753668 77.080585307260563 1376.8900000000001 -462.12499999999994 67.70149760280286 672.69500000000016 47.500000000000007 199.50000000000003 0 235.50000000000003 540.15500000000009 26.500000000000004 164.50000000000003 488.50000000000006 251.95500000000001 1376.8900000000001 243.50000000000003 1 2 86.77500000000002 105.21111111111112 43.842521175838492 3526.4400000000005 120.50000000000001 1799.3000000000004 926.3950000000001 717.2700000000001 900.38999999999999 1477.1550000000002 1281.9250000000004 1135.4250000000004 332.25000000000006 352.87500000000006 832.70500000000015
decision_type=2 2 2 2 2 2 2 2 2 2 2 2 2 2 2 2 2 2 2 2 2 2 2 9 2 2 2 2 2 2 2 2 9 9 2 2 2 2 2 2 2 2 2 2 2 2 2 2 2
left_child=1 13 3 42 5 -4 7 -6 -9 11 -11 -8 -5 22 18 36 17 -17 48 21 -21 -20 23 28 33 27 -27 -25 29 -1 35 -32 -18 41 -35 -26 38 -38 -16 40 -2 -24 -3 -44 46 -46 -7 -30 -15
right_child=39 2 4 12 6 44 9 8 -10 10 -12 -13 -14 14 15 16 32 -19 19 20 -22 -23 24 25 30 26 -28 -29 47 -31 31 -33 -34 34 -36 -37 37 -39 -40 -41 -42 -43 43 -45 45 -47 -48 -49 -50
leaf_value=-0.3429818872780821 0.21030421243603714 -0.30423419707325722 -1.6187322905162453 -0.046429142907150216 -0.85144904456588899 1.2254123623133619 -0.0021313201810386319 0.59987336754937959 -0.05883659984777756 -0.34701560715894147 0.0032050739261382691 0.27644419694385647 -0.69118193709761 0.94971793603869092 -0.51877015474164634 0.57491721640207494 -0.10506121952270098 -0.18048762368001264 -0.052000801726834835 0.10981205901492147 -0.27416996303931329 0.045376219428015931 -1.0599603176910344 -0.055924450672181172 0.086155517294073031 -0.2281682327740768 0.028682049848922732 -0.270638221846834 0.087161304244131446 0.009375744895815075 -0.11433976147136296 0.0049500508959140713 0.64355552599432997 0.18958431006114784 -0.049186576589488419 -0.38292186862291439 -0.65920220752106629 0.062649423571364521 -0.15879592352330443 0.10494940859283403 -0.60184873968066599 0.038893383280578592 0.63274360038223654 -0.44059533891048785 -0.47897770724998923 0.02442627026532317 -0.59007168166700519 3.7430366343385972 1.3190795177047132
leaf_weight=111 21 30 31 23 38 64 1471 1059 420 577 2123 2501 21 23 67 169 144 833 1172 147 534 2788 21 2214 892 406 2157 358 28 8303 207 5720 193 775 87 75 126 27 560 32 36 179 32 24 35 116 22 94 27
leaf_count=111 21 30 31 23 38 64 1471 1059 420 577 2123 2501 21 23 67 169 144 833 1172 147 534 2788 21 2214 892 406 2157 358 28 8303 207 5720 193 775 87 75 126 27 560 32 36 179 32 24 35 116 22 94 27
internal_value=5.01805e-05 6.21168e-05 0.000464203 -0.00582707 0.000568853 -0.00258303 0.000679016 0.00191612 0.00225202 0.000389513 -0.000554939 0.00104403 -0.012766 -5.75774e-05 -0.000568766 -0.00179665 -0.000419151 -0.00131841 -2.66297e-06 -9.42076e-05 -0.00195541 0.000214484 0.000101133 -0.000158147 0.000552833 -0.000847416 -4.8714e-06 -0.0016699 0.000251491 0.000175241 0.000271857 1.47555e-05 0.00209559 0.00232394 0.003 0.00179124 -0.00408685 -0.00729167 -0.00319444 -0.00421196 -0.00729167 -0.000469484 -0.00140449 0.000847458 -0.000989583 -0.00267857 0.00140449 0.005 0.00707547
internal_weight=37113 37024 8587 130 8457 268 8189 1517 1479 6672 2700 3972 44 28437 6810 2119 1339 1002 4691 4641 681 3960 21627 13671 7956 5135 2563 2572 8536 8414 6894 5927 337 1062 862 967 780 153 627 89 57 200 86 56 237 151 86 122 50
internal_count=37113 37024 8587 130 8457 268 8189 1517 1479 6672 2700 3972 44 28437 6810 2119 1339 1002 4691 4641 681 3960 21627 13671 7956 5135 2563 2572 8536 8414 6894 5927 337 1062 862 967 780 153 627 89 57 200 86 56 237 151 86 122 50
cat_boundaries=0 1 2 3
cat_threshold=28 10 16
is_linear=0
shrinkage=0.05


end of trees

feature_importances:
Provincia=939
cicle_mig_dies=561
mes=529
dia_anyo=516
euros_7d=508
dies_desde_ultima_compra=477
ratio_90d_vs_365d=447
cicle_std_dies=334
share_wallet_12m=315
euros_30d=283
euros_180d=276
gap_eur=276
euros_365d=263
euros_90d=220
Potencial_EUR_anual=208
ratio_30d_vs_90d=183
n_pedidos_365d=164
num_intervals=150
dia_setmana=135
Familia_Potencial=119
n_pedidos_90d=83
n_pedidos_30d=55
n_pedidos_7d=47
trimestre=20

parameters:
[boosting: gbdt]
[objective: quantile]
[metric: quantile]
[tree_learner: serial]
[device_type: cpu]
[data_sample_strategy: bagging]
[data: ]
[valid: ]
[num_iterations: 1000]
[learning_rate: 0.05]
[num_leaves: 63]
[num_threads: 0]
[seed: 42]
[deterministic: 0]
[force_col_wise: 0]
[force_row_wise: 0]
[histogram_pool_size: -1]
[max_depth: 7]
[min_data_in_leaf: 20]
[min_sum_hessian_in_leaf: 0.001]
[bagging_fraction: 0.8]
[pos_bagging_fraction: 1]
[neg_bagging_fraction: 1]
[bagging_freq: 0]
[bagging_seed: 400]
[bagging_by_query: 0]
[feature_fraction: 0.7]
[feature_fraction_bynode: 1]
[feature_fraction_seed: 30056]
[extra_trees: 0]
[extra_seed: 12879]
[early_stopping_round: 0]
[early_stopping_min_delta: 0]
[first_metric_only: 1]
[max_delta_step: 0]
[lambda_l1: 1]
[lambda_l2: 3]
[linear_lambda: 0]
[min_gain_to_split: 0]
[drop_rate: 0.1]
[max_drop: 50]
[skip_drop: 0.5]
[xgboost_dart_mode: 0]
[uniform_drop: 0]
[drop_seed: 17869]
[top_rate: 0.2]
[other_rate: 0.1]
[min_data_per_group: 100]
[max_cat_threshold: 32]
[cat_l2: 10]
[cat_smooth: 10]
[max_cat_to_onehot: 4]
[top_k: 20]
[monotone_constraints: ]
[monotone_constraints_method: basic]
[monotone_penalty: 0]
[feature_contri: ]
[forcedsplits_filename: ]
[refit_decay_rate: 0.9]
[cegb_tradeoff: 1]
[cegb_penalty_split: 0]
[cegb_penalty_feature_lazy: ]
[cegb_penalty_feature_coupled: ]
[path_smooth: 0]
[interaction_constraints: ]
[verbosity: -1]
[saved_feature_importance_type: 0]
[use_quantized_grad: 0]
[num_grad_quant_bins: 4]
[quant_train_renew_leaf: 0]
[stochastic_rounding: 1]
[linear_tree: 0]
[max_bin: 255]
[max_bin_by_feature: ]
[min_data_in_bin: 3]
[bin_construct_sample_cnt: 200000]
[data_random_seed: 175]
[is_enable_sparse: 1]
[enable_bundle: 1]
[use_missing: 1]
[zero_as_missing: 0]
[feature_pre_filter: 1]
[pre_partition: 0]
[two_round: 0]
[header: 0]
[label_column: ]
[weight_column: ]
[group_column: ]
[ignore_column: ]
[categorical_feature: 0,1,2,3,4]
[forcedbins_filename: ]
[precise_float_parser: 0]
[parser_config_file: ]
[objective_seed: 16083]
[num_class: 1]
[is_unbalance: 0]
[scale_pos_weight: 1]
[sigmoid: 1]
[boost_from_average: 1]
[reg_sqrt: 0]
[alpha: 0.25]
[fair_c: 1]
[poisson_max_delta_step: 0.7]
[tweedie_variance_power: 1.5]
[lambdarank_truncation_level: 30]
[lambdarank_norm: 1]
[label_gain: ]
[lambdarank_position_bias_regularization: 0]
[eval_at: ]
[multi_error_top_k: 1]
[auc_mu_weights: ]
[num_machines: 1]
[local_listen_port: 12400]
[time_out: 120]
[machine_list_filename: ]
[machines: ]
[gpu_platform_id: -1]
[gpu_device_id: -1]
[gpu_use_dp: 0]
[num_gpu: 1]

end of parameters

pandas_categorical:[["Anestesia", "Bioseguridad"], ["A Coru\u00f1a", "Albacete", "Alicante", "Almer\u00eda", "Asturias", "Badajoz", "Baleares", "Barcelona", "Burgos", "Cantabria", "Castell\u00f3n", "Ceuta", "Ciudad Real", "Cuenca", "C\u00e1ceres", "C\u00e1diz", "C\u00f3rdoba", "Gip\u00fazkoa", "Girona", "Granada", "Guadalajara", "Huelva", "Huesca", "Ja\u00e9n", "La Rioja", "Las Palmas", "Le\u00f3n", "Lleida", "Lugo", "Madrid", "Melilla", "Murcia", "M\u00e1laga", "Navarra", "Orense", "Palencia", "Pontevedra", "Salamanca", "Segovia", "Sevilla", "Soria", "Sta.Cruz Tenerife", "Tarragona", "Teruel", "Toledo", "Unknown", "Valencia", "Valladolid", "Vizcaya", "Zamora", "Zaragoza", "\u00c1lava", "\u00c1vila"], ["1", "10", "11", "12", "2", "3", "4", "5", "6", "7", "8", "9"], ["1", "2", "3", "4"], ["0", "1", "2", "3", "4", "5", "6"]]
