tree
version=v4
num_class=1
num_tree_per_iteration=1
label_index=0
max_feature_idx=23
objective=quantile
feature_names=Familia_Potencial Provincia mes trimestre dia_setmana dia_anyo Potencial_EUR_anual euros_7d euros_30d euros_90d euros_180d euros_365d n_pedidos_7d n_pedidos_30d n_pedidos_90d n_pedidos_365d ratio_30d_vs_90d ratio_90d_vs_365d share_wallet_12m gap_eur dies_desde_ultima_compra cicle_mig_dies cicle_std_dies num_intervals
feature_infos=-1:0:1 -1:29:7:41:39:0:12:46:19:3:31:44:50:2:36:25:32:48:18:4:15:6:20:5:47:1:33:21:23:8:42:9:26:37:17:24:10:14:13:28:35:16:34:22:45:40:52:49:51:43:27:38:30 -1:0:8:11:4:2:5:1:7:6:9:3:10 -1:0:1:3:2 -1:2:1:3:4:0:5 [2:365] [0:26143.639999999999] [-6812.54:13625.08] [-1849.6199999999999:13625.08] [-1713.4299999999998:13644.549999999999] [-1263.72:18497.200000000001] [-848.17000000000007:28125.66] [0:4] [0:6] [0:13] [0:38] [-1849619.9999999998:1343380] [7.3888577256972779e-07:195370] [-0.84000227479526834:15.092568388498215] [0:25717.98] [-1:1414] [-1:1414] [-1:816.00122548927584] [0:102]
tree_sizes=5190 5476 5533 5522 5662 5669 5632 5615 5599 5556 5617 5651 5605 5657 5683 5557 5633 5608 5680 5679 5587 5675 5586 5691 5644 5657 5616 5672 5742 5666

Tree=0
num_leaves=63
num_cat=5
split_feature=14 14 17 21 17 21 21 21 7 21 17 17 21 7 8 3 12 8 21 17 17 21 14 13 8 9 21 7 17 17 1 21 7 21 3 17 21 21 16 21 21 3 18 16 9 1 21 7 16 21 7 7 21 10 7 21 6 22 21 18 9 17
split_gain=1256.88 397.364 218.757 163.031 104.874 60.9123 52.9496 45.4373 37.252 24.9567 24.3019 23.426 16.1391 13.5569 13.3867 12.9091 12.5064 13.0331 11.0144 10.8669 9.31907 15.6604 9.14736 8.78059 7.73882 6.71863 6.28835 6.28135 6.08618 5.99729 5.86397 5.10641 4.99447 4.96559 4.76671 4.73309 3.7232 3.58464 3.29438 3.00192 2.97921 2.94608 2.79818 2.72239 2.49152 2.45881 2.30875 2.24455 2.16473 2.06866 2.05561 2.04222 2.20143 2.03184 2.02485 2.00114 1.88189 1.84852 1.76588 1.69827 1.64407 1.63514
threshold=2.5000000000000004 1.5000000000000002 1.2500038685535702 44.303846153846159 0.88518011812691622 61.020833333333336 46.017241379310356 75.38675213675215 -1.0000000180025095e-35 88.7638888888889 1.2623171975151324 1.6047810151258695 15.370192307692308 302.46000000000009 436.56500000000005 0 1.5000000000000002 267.12000000000006 57.023809523809533 1.4945695331317228 2.7216749774349744 39.644009216589872 3.5000000000000004 1.5000000000000002 864.12500000000011 1.0000000180025095e-35 69.759615384615401 172.32500000000002 0.66768330000095688 1.2623171975151324 1 59.020833333333336 360.12500000000006 128.5277777777778 2 1.333312106763431 98.133928571428584 56.020000000000003 2.1492794792067236 8.2500000000000018 37.595454545454551 3 0.64547797689733366 1.7999733677890053 1309.6650000000002 4 36.013888888888893 468.37500000000006 0.98283975177997884 111.68333333333335 -1.0000000180025095e-35 766.19000000000017 33.507575757575765 448.41000000000008 82.91500000000002 56.510000000000012 1376.8900000000001 21.921840644090356 92.348484848484858 0.37606382021663254 339.99500000000006 1.0823707130176594
decision_type=2 2 2 2 2 2 2 2 2 2 2 2 2 2 2 1 2 2 2 2 2 2 2 2 2 2 2 2 2 2 9 2 2 2 1 2 2 2 2 2 2 1 2 2 2 9 2 2 2 2 2 2 2 2 2 2 2 2 2 2 2 2
left_child=1 4 6 10 7 15 24 12 42 13 46 35 54 41 31 48 17 36 40 -19 21 -17 39 -22 -3 50 34 44 33 -15 47 60 -20 -27 -16 53 -7 -32 -24 -12 -14 -10 -6 -37 -11 -30 -2 58 -4 -33 -9 -41 -53 -5 -1 -50 -18 -55 -13 -58 -8 -28
right_child=3 2 5 11 8 16 14 25 9 27 22 30 18 29 26 20 56 19 32 -21 23 -23 38 -25 -26 28 61 -29 45 -31 37 49 -34 -35 -36 43 -38 -39 -40 51 -42 -43 -44 -45 -46 -47 -48 -49 55 -51 -52 52 -54 57 -56 -57 59 -59 -60 -61 -62 -63
leaf_value=54.399999999999999 49.200000000000003 49.799999999999997 49.850000000000001 49.887500000000003 49.100000000000001 50.25 49.774999999999999 49.887500000000003 51.649999999999999 52.350000000000001 50.25 49.950000000000003 49.8125 51.600000000000001 50.950000000000003 49.799999999999997 52.975000000000001 50.950000000000003 50.100000000000001 51.700000000000003 51.25 50.600000000000001 49.399999999999999 49.237499999999997 50 50.299999999999997 50.674999999999997 53.899999999999999 51.799999999999997 53.350000000000001 50.399999999999999 50.100000000000001 50.950000000000003 51.950000000000003 50.337499999999999 49.950000000000003 51.075000000000003 51.200000000000003 49.549999999999997 49.75 50.149999999999999 50.649999999999999 49.5 50.25 49.149999999999999 51.299999999999997 49.75 50.450000000000003 50.149999999999999 50.924999999999997 52.9375 49.600000000000001 50.149999999999999 50.125 50.512500000000003 50.774999999999999 52.225000000000001 49.600000000000001 50.5 49.100000000000001 50.200000000000003 51.25
leaf_weight=181 1322 809 82 20 141 365 87 52 474 680 37 312 122 1432 159 189 27 1008 389 4449 941 1270 785 158 247 356 135 13039 332 6716 183 579 515 179 708 390 399 325 33 872 670 735 37 125 41 625 418 297 793 52 948 126 165 63 86 111 26 299 57 214 377 189
leaf_count=181 1322 809 82 20 141 365 87 52 474 680 37 312 122 1432 159 189 27 1008 389 4449 941 1270 785 158 247 356 135 13039 332 6716 183 579 515 179 708 390 399 325 33 872 670 735 37 125 41 625 418 297 793 52 948 126 165 63 86 111 26 299 57 214 377 189
internal_value=50.9999 51.003 50.9959 50.9782 51.0064 50.9996 50.9848 50.9994 51.0077 51.0079 50.972 50.9895 50.9937 51.0059 50.9892 50.9943 51.0025 51.0029 50.9919 51.0038 50.9963 50.9937 50.9759 50.9998 50.9755 51.0038 50.993 51.0093 51.0017 51.0066 50.9942 50.9851 50.9958 50.9975 50.9907 50.9834 50.9969 50.9986 50.9715 50.979 50.9875 51.0009 50.9852 50.9869 51.0046 51.0041 50.9675 50.9912 50.9895 50.9884 51.007 50.9785 50.9833 50.9789 51.005 50.9902 50.992 50.978 50.9883 50.9905 50.9809 50.9991
internal_weight=46953 41124 13374 5829 27750 10032 3342 4455 23295 23117 3758 2071 1963 9357 2286 3544 6488 6221 1696 5457 2558 1459 2018 1099 1056 2492 1191 13760 1492 8148 1174 1095 904 535 867 897 764 508 818 1200 792 1209 178 515 721 957 1740 666 986 631 1000 1163 291 382 267 904 267 362 369 240 464 324
internal_count=46953 41124 13374 5829 27750 10032 3342 4455 23295 23117 3758 2071 1963 9357 2286 3544 6488 6221 1696 5457 2558 1459 2018 1099 1056 2492 1191 13760 1492 8148 1174 1095 904 535 867 897 764 508 818 1200 792 1209 178 515 721 957 1740 666 986 631 1000 1163 291 382 267 904 267 362 369 240 464 324
cat_boundaries=0 1 3 4 5 7
cat_threshold=1 607784960 266802 4 12 11010143 279168
is_linear=0
shrinkage=1


Tree=1
num_leaves=63
num_cat=17
split_feature=15 20 21 20 21 15 15 21 15 21 17 15 20 21 17 5 2 2 7 10 2 7 8 1 1 20 5 20 7 2 2 20 17 8 1 17 0 2 5 5 2 17 19 0 17 17 19 2 20 17 1 1 22 9 23 19 2 21 20 7 5 1
split_gain=1444.36 307.877 177.994 61.3601 103.274 57.2515 27.8553 27.8912 24.4089 21.1332 20.2832 18.7333 18.7054 16.7656 16.3336 15.1651 12.479 12.3654 12.0814 11.7257 10.6621 10.5184 9.32921 8.83288 7.59703 7.23976 6.54076 5.82038 5.67431 5.40553 5.01585 4.88529 4.77303 4.65182 4.59659 4.57342 4.06401 3.84023 3.77436 4.78183 3.52359 3.86042 3.26819 3.94437 2.95575 2.91445 2.72207 2.60055 2.53657 2.47684 2.47144 2.40926 2.36848 2.28363 2.28079 2.25765 2.19956 2.17921 1.96947 1.91 1.83985 1.80777
threshold=6.5000000000000009 75.500000000000014 40.067816091954036 1.0000000180025095e-35 56.020000000000003 4.5000000000000009 2.5000000000000004 35.405128205128214 7.5000000000000009 103.15476190476191 1.2500038685535702 10.500000000000002 9.5000000000000018 63.021739130434788 0.834963398605157 71.500000000000014 0 1 517.96000000000015 301.07500000000005 2 1.0000000180025095e-35 243.42500000000004 3 4 44.500000000000007 34.500000000000007 164.50000000000003 720.34500000000014 5 6 7.5000000000000009 1.4712199107117627 359.4550000000001 7 0.91803918519656791 8 9 170.50000000000003 213.50000000000003 10 0.28277975090552837 2925.6650000000004 11 0.71363442391585796 1.0219567340764597 2155.27 12 55.500000000000007 1.381659327570109 13 14 21.921840644090356 601.03500000000008 20.500000000000004 54.144999999999762 15 49.603571428571435 89.500000000000014 454.0750000000001 299.50000000000006 16
decision_type=2 2 2 2 2 2 2 2 2 2 2 2 2 2 2 2 1 1 2 2 1 2 2 9 9 2 2 2 2 1 1 2 2 2 9 2 1 1 2 2 1 2 2 1 2 2 2 1 2 2 9 9 2 2 2 2 1 2 2 2 2 9
left_child=1 3 11 19 6 9 15 25 20 14 24 28 36 33 21 48 -9 -14 34 46 53 -3 -15 32 55 -8 42 30 47 -26 -16 -17 60 -7 -10 40 -12 -20 -36 -40 -11 -42 43 -21 -24 -25 -1 -2 -5 -13 -28 -39 -30 -4 -53 -6 -23 -35 -37 -29 -22 -59
right_child=2 5 8 4 10 13 7 16 18 35 12 49 17 22 27 31 -18 -19 37 26 23 56 44 45 29 -27 50 59 52 -31 -32 -33 -34 57 38 58 -38 51 39 -41 41 -43 -44 -45 -46 -47 -48 -49 -50 -51 -52 54 -54 -55 -56 -57 -58 61 -60 -61 -62 -63
leaf_value=-0.63249999999999995 -0.98999999999999988 1.095 -0.80625000000000002 -1.1925000000000001 -0.82640625000000001 -0.8962500000000001 -1.4375 -0.18375000000000005 -0.62687499999999996 1.8940625000000002 -1.8928125000000002 -1.6600000000000001 0.64937499999999992 -0.90687500000000021 1.5149999999999999 -1.7618749999999999 -1.0075000000000001 0.014999999999999859 -0.39750000000000019 0.66999999999999993 -0.90500000000000014 -0.80500000000000016 -0.10625000000000001 -0.73250000000000015 -0.095468750000000047 -0.98750000000000004 1.3825000000000001 2.1675 -1.1000000000000001 -0.75500000000000012 0.72312500000000002 -0.084999999999999964 -0.69750000000000023 -0.57437500000000008 -1.1225000000000001 1.3103125 0.056249999999999911 -0.49875000000000008 -0.8337500000000001 -1.1375 -2.0809375000000001 0.78500000000000014 -0.86750000000000016 -0.91750000000000009 0.56499999999999984 -0.28750000000000009 -1.47 -1.2875000000000001 -0.21999999999999995 -1.4199999999999999 2.4824999999999999 -0.82250000000000023 -0.65000000000000002 0.38624999999999993 -1.0899999999999999 -1.155 -0.43656250000000019 0.27562499999999995 3.1550000000000002 3.7825000000000006 -0.76515624999999998 -0.20093750000000005
leaf_weight=137 219 445 27 469 132 196 451 347 118 963 502 1663 1735 176 1261 127 1072 3731 229 352 669 168 203 191 630 177 501 981 294 609 3406 935 245 186 552 760 162 119 103 407 47 453 67 65 1441 566 66 839 44 269 1438 314 81 135 185 131 367 106 11586 2430 178 495
leaf_count=137 219 445 27 469 132 196 451 347 118 963 502 1663 1735 176 1261 127 1072 3731 229 352 669 168 203 191 630 177 501 981 294 609 3406 935 245 186 552 760 162 119 103 407 47 453 67 65 1441 566 66 839 44 269 1438 314 81 135 185 131 367 106 11586 2430 178 495
internal_value=7.58689e-05 0.00387139 -0.020188 -0.0021249 -0.00373323 0.00711545 -0.0106828 -0.0145427 -0.0130723 0.00794217 -0.000425671 -0.0286928 0.000843796 0.000351924 0.00604514 -0.00561629 -0.0105573 0.00181477 -0.0169766 0.00474515 -0.0090926 0 0.003209 -0.0101437 -0.00563123 -0.0233756 0.00572444 0.00678443 -0.024086 -0.00380391 0.0055969 -0.00213615 -0.0131222 -0.00488083 -0.0203297 0.00918133 -0.00704648 -0.0121912 -0.0214186 -0.017885 0.00640348 0.00263158 0.000410678 0.00217262 0.00440194 -0.00563312 -0.00661408 -0.026131 -0.0126696 -0.0320413 0.0070224 -0.0143027 -0.0180225 0.003 -0.0161377 -0.0132699 -0.00476301 -0.0030538 0.00950482 0.00838825 -0.0150735 -0.00146937
internal_weight=46953 39550 7403 13880 11254 25670 3622 2047 4038 22867 7632 3365 6130 2803 9058 1575 1419 5466 2027 2626 2011 980 1820 1849 1502 628 2423 8078 1433 1239 4667 1062 1092 983 1180 13809 664 847 1062 510 1463 500 484 417 1644 757 203 1058 513 1932 1939 618 375 162 499 263 535 787 12346 3411 847 601
internal_count=46953 39550 7403 13880 11254 25670 3622 2047 4038 22867 7632 3365 6130 2803 9058 1575 1419 5466 2027 2626 2011 980 1820 1849 1502 628 2423 8078 1433 1239 4667 1062 1092 983 1180 13809 664 847 1062 510 1463 500 484 417 1644 757 203 1058 513 1932 1939 618 375 162 499 263 535 787 12346 3411 847 601
cat_boundaries=0 1 2 3 5 7 8 9 10 11 12 13 14 15 17 19 20 22
cat_threshold=524 524 512 545002713 4354 266250 20480 2606 1548 6455309 1 1576 2340 1 1544 271615122 66058 2148007980 145 146 33587208 514
is_linear=0
shrinkage=0.05


Tree=2
num_leaves=63
num_cat=7
split_feature=15 14 15 14 17 2 22 15 7 17 15 13 7 7 7 22 15 7 2 7 5 7 2 9 7 19 7 5 5 22 5 15 7 11 0 13 5 7 22 5 15 17 2 18 13 17 11 7 2 7 5 9 17 2 10 14 5 17 11 7 18 17
split_gain=1350.51 248.245 176.069 82.3557 60.9391 29.0336 26.4433 25.232 22.6643 22.0652 19.6826 15.1884 14.8927 13.9148 13.5188 11.2908 10.4999 10.0675 9.67477 9.43853 7.89056 7.74663 7.02525 10.4817 6.97509 6.7462 6.34505 5.30194 4.93352 5.7141 4.77152 4.696 4.65365 5.787 4.4474 4.22247 4.07357 4.01472 3.97501 3.94035 3.89906 3.76766 3.71254 3.6691 3.4762 4.38731 3.42566 3.24911 2.85751 2.82711 2.82024 2.64617 2.47837 2.46933 2.44135 2.44061 2.41655 2.21367 1.92262 1.91853 1.84982 1.83167
threshold=6.5000000000000009 1.5000000000000002 9.5000000000000018 2.5000000000000004 1.0024703347056045 0 21.363910289618829 7.5000000000000009 -1.0000000180025095e-35 1.4071113728046829 4.5000000000000009 1.5000000000000002 540.25000000000011 299.3250000000001 342.00500000000005 -1.0000000180025095e-35 12.500000000000002 -1.0000000180025095e-35 1 517.96000000000015 181.50000000000003 170.31500000000003 2 165.35000000000008 481.59500000000003 2925.6650000000004 355.88500000000005 31.500000000000004 170.50000000000003 -1.0000000180025095e-35 172.50000000000003 1.5000000000000002 244.23000000000002 2661.6050000000005 3 1.5000000000000002 170.50000000000003 554.31000000000006 17.421843990955338 208.50000000000003 5.5000000000000009 1.333312106763431 4 0.64547797689733366 1.5000000000000002 1.4945695331317228 2872.8400000000001 719.76500000000021 5 413.43000000000006 215.50000000000003 882.00000000000011 0.54699195300243819 6 860.04500000000019 3.5000000000000004 331.50000000000006 2.4367884865297849 3447.27 -453.36999999999995 1.3359130411313831 0.6052995301344738
decision_type=2 2 2 2 2 1 2 2 2 2 2 2 2 2 2 2 2 2 1 2 2 2 1 2 2 2 2 2 2 2 2 2 2 2 1 2 2 2 2 2 2 2 1 2 2 2 2 2 1 2 2 2 2 1 2 2 2 2 2 2 2 2
left_child=1 4 7 5 10 21 20 18 43 24 17 12 -11 28 52 -13 30 59 49 36 55 41 31 -24 35 34 -8 -27 29 -10 -4 -19 -20 -34 -15 -7 -9 -35 -21 60 61 -3 -28 -6 45 -23 -26 -41 -42 -2 -38 -22 -12 -40 -30 -5 -49 -46 -52 -1 -32 -16
right_child=2 3 16 6 8 9 26 19 13 11 14 15 -14 25 40 -17 -18 22 32 38 51 44 23 -25 46 27 42 -29 54 -31 39 -33 33 37 -36 -37 50 -39 53 47 48 -43 -44 -45 57 -47 -48 56 -50 -51 58 -53 -54 -55 -56 -57 -58 -59 -60 -61 -62 -63
leaf_value=-0.57311328125000005 -0.72646289062500025 -0.99436328124999995 -1.1541562500000002 -1.13175 -1.7557500000000001 -0.79855468750000025 -1.0971250000000001 -1.05325 -1.050875 -0.26318750000000007 -1.0101875 -1.4992187499999998 0.28678124999999993 2.7463437499999999 -0.61311718749999988 -0.75908593750000009 -1.6770000000000005 3.9168359375000001 -1.0162812500000002 -0.95500000000000007 -1.4028750000000003 0.1422734375000001 -1.1028359375000001 0.52125000000000032 0.49312500000000026 -0.91343750000000012 0.21606249999999996 0.79634374999999979 1.63175 0.83976757812500014 -1.2270000000000003 0.78112109375000005 -0.13812500000000005 -0.81262500000000026 1.9071562499999999 -0.5289765624999998 -0.90581250000000013 -0.51262500000000022 -0.3282500000000001 -1.157 -0.65968749999999976 -0.00088671875000017057 -0.84812500000000002 1.1797734375000002 0.69605273437500026 0.8610703125000001 -0.37803124999999982 -1.0662499999999999 -0.044300781249999768 -0.072087890625000026 -0.95281249999999995 -0.43926562499999994 -0.521357421875 -0.87320312499999986 0.43175000000000008 -1.5606249999999999 -0.49899999999999989 -1.7103593750000003 -1.3171875000000002 -1.9210000000000003 -1.0040937499999998 0.30819921875000023
leaf_weight=51 224 79 862 514 85 762 287 650 345 2559 218 316 2734 14776 67 627 1110 695 304 345 30 535 214 1066 88 95 259 468 885 698 65 1968 218 433 3938 177 150 657 120 513 101 190 257 33 158 1662 606 123 304 370 332 144 316 578 187 152 53 75 190 75 106 754
leaf_count=51 224 79 862 514 85 762 287 650 345 2559 218 316 2734 14776 67 627 1110 695 304 345 30 535 214 1066 88 95 259 468 885 698 65 1968 218 433 3938 177 150 657 120 513 101 190 257 33 158 1662 606 123 304 370 332 144 316 578 187 152 53 75 190 75 106 754
internal_value=7.48041e-05 0.00374498 -0.0195196 -0.00217885 0.00639264 -0.000553401 -0.0125835 -0.0134155 0.00762214 -0.00209179 0.00184542 -0.000729284 0.000304475 0.0077448 -0.00255247 -0.00656712 -0.0293298 0.00376044 -0.00949525 -0.0170344 -0.0188019 0.00390395 0.00421629 0.00108275 -0.0072662 0.00816974 -0.00597084 0.00262809 0.00384207 0.00132648 -0.0265942 0.00567545 -0.0115077 -0.0101449 0.00833333 -0.0100982 -0.0199434 -0.0116423 -0.0132529 -0.0234067 0.000305126 -0.00399816 -0.00250482 -0.013843 0.00481915 0.0054375 -0.00333572 -0.025271 -0.00364583 -0.00366557 -0.0167407 -0.00861582 -0.00917132 -0.010806 0.00623256 -0.0213378 -0.0178771 -0.000794492 -0.018619 -0.00988372 -0.0153017 0.002321
internal_weight=46953 39550 7403 12211 27339 10568 1643 4571 21510 7869 5829 6236 5293 21392 1760 943 2832 4069 2206 2365 840 2699 3943 1280 1633 19277 803 563 2115 1043 1722 2663 1612 1308 18714 939 1322 1090 1043 860 1226 269 516 118 2430 2197 694 689 405 594 672 174 534 698 1072 666 176 233 522 126 171 821
internal_count=46953 39550 7403 12211 27339 10568 1643 4571 21510 7869 5829 6236 5293 21392 1760 943 2832 4069 2206 2365 840 2699 3943 1280 1633 19277 803 563 2115 1043 1722 2663 1612 1308 18714 939 1322 1090 1043 860 1226 269 516 118 2430 2197 694 689 405 594 672 174 534 698 1072 666 176 233 522 126 171 821
cat_boundaries=0 1 2 3 4 5 6 7
cat_threshold=524 524 2860 1 1596 161 520
is_linear=0
shrinkage=0.05


Tree=3
num_leaves=63
num_cat=12
split_feature=15 20 14 15 15 15 21 7 21 13 21 2 21 21 7 7 21 2 7 21 7 7 2 2 19 7 20 7 11 20 7 2 2 9 9 21 7 15 2 21 21 8 21 2 2 8 19 23 7 8 21 2 2 7 21 2 7 10 11 20 23 7
split_gain=1262.72 349.603 86.9468 80.2801 51.6198 46.6889 45.3935 28.2098 25.0237 24.3092 21.6211 17.1042 17.0342 16.1584 11.1098 10.1307 9.22263 8.91151 8.68785 8.4365 8.24851 7.04137 6.53328 6.01639 5.92846 5.50922 5.1531 5.09986 4.94161 4.77128 4.39423 4.08231 4.01056 3.93669 3.5178 3.41077 3.40584 3.28643 3.14241 2.9276 2.61642 2.57029 2.35085 2.29329 2.17698 2.15961 2.07737 2.05328 2.88618 1.9799 1.80249 2.18685 1.69807 1.57039 1.52792 1.70196 1.3845 1.37259 1.35867 1.35863 1.34569 1.32842
threshold=7.5000000000000009 82.500000000000014 2.5000000000000004 10.500000000000002 4.5000000000000009 5.5000000000000009 46.017241379310356 363.7050000000001 44.303846153846159 1.5000000000000002 103.15476190476191 0 82.677083333333357 67.026315789473699 461.89500000000004 720.34500000000014 56.510000000000012 1 179.23500000000004 56.020000000000003 463.15000000000003 223.33000000000001 2 3 3684.1600000000008 352.15000000000003 35.500000000000007 363.7050000000001 2259.1700000000005 189.50000000000003 837.40500000000009 4 5 347.65000000000003 573.36500000000012 37.595454545454551 373.2050000000001 12.500000000000002 6 8.2500000000000018 15.370192307692308 -1.0000000180025095e-35 51.020000000000003 7 8 1157.5250000000003 1603.74 17.500000000000004 805.97500000000014 654.69000000000017 32.379807692307701 9 10 360.12500000000006 53.557777777777787 11 1277.3550000000002 4899.7900000000018 1042.6550000000002 124.50000000000001 4.5000000000000009 688.1350000000001
decision_type=2 2 2 2 2 2 2 2 2 2 2 1 2 2 2 2 2 1 2 2 2 2 1 1 2 2 2 2 2 2 2 1 1 2 2 2 2 2 1 2 2 2 2 1 1 2 2 2 2 2 2 1 1 2 2 1 2 2 2 2 2 2
left_child=1 2 5 8 10 7 22 12 15 17 14 18 24 25 23 45 30 -9 -7 -11 52 58 53 40 -1 46 35 54 -25 43 -13 -20 -29 -14 -18 -24 41 -5 -22 -28 -3 -12 -27 -16 -43 -2 60 48 -40 -34 -17 57 -10 -4 -8 -56 -44 -52 -15 -38 -6 -23
right_child=3 4 6 37 13 11 27 9 20 19 36 16 33 21 29 50 34 -19 31 -21 38 61 26 28 -26 42 39 32 -30 -31 -32 -33 49 -35 -36 -37 59 -39 47 -41 -42 44 56 -45 -46 -47 -48 -49 -50 -51 51 -53 -54 -55 55 -57 -58 -59 -60 -61 -62 -63
leaf_value=-0.71499804687500002 -1.0729624999999998 2.4531523437500002 -1.2436617187500003 -1.1656500000000001 -0.67064775390624976 -1.0296444824218749 -1.1092853027343752 0.88613398437500024 -0.7289406249999999 -1.6185417968749995 -1.9339676757812503 -0.78580624999999993 -0.89277617187500025 -0.50858837890624997 0.98152656249999992 -1.2313398437499998 -0.80893593750000015 0.28514531249999991 0.46291757812499984 -0.64779570312500001 -0.021481250000000077 0.31275888671875018 -1.436198046875 0.35528124999999983 -1.4599207031249997 -0.44383281250000001 0.30793124999999971 0.34201064453125024 -0.93277021484375011 4.1377136718749998 -0.25830117187500007 -0.21216887207031254 -0.71051389160156275 0.28969064941406247 -0.3293484375000002 -1.0896312500000001 1.7520984374999999 -1.5931500000000005 -0.68099609375000003 -0.98382773437500015 0.48217961425781236 2.1193658203125003 -0.10699467773437493 1.1590265624999998 1.326974560546875 -1.09539609375 0.050053564453125254 -0.82866718750000001 -0.19815625000000017 -0.43084375000000003 -0.15875000000000014 -0.89227109375000002 -0.94092656250000006 -0.30527866210937504 -0.4001125000000002 -0.8928312500000003 0.59171142578125024 -0.81373242187499994 -1.0211672851562499 3.3599328125000003 -0.9614359375 0.9088400390625001
leaf_weight=1947 1289 591 49 955 35 136 83 1520 111 239 24 759 450 59 1462 93 250 5441 249 561 111 683 384 1669 81 255 25 165 87 1972 200 786 240 1380 1041 131 2380 1110 190 271 638 1682 576 2127 1171 63 34 201 120 414 92 243 580 95 124 247 83 39 60 8214 185 501
leaf_count=1947 1289 591 49 955 35 136 83 1520 111 239 24 759 450 59 1462 93 250 5441 249 561 111 683 384 1669 81 255 25 165 87 1972 200 786 240 1380 1041 131 2380 1110 190 271 638 1682 576 2127 1171 63 34 201 120 414 92 243 580 95 124 247 83 39 60 8214 185 501
internal_value=0.000111008 0.00300534 -0.00244051 -0.0231226 0.00684741 -0.00107027 -0.011654 0.000437747 -0.0180064 0.00217832 0.00761637 -0.00620254 -0.00304973 0 0.00562931 -0.021851 -0.0087384 0.00313218 -0.00119299 -0.00603985 -0.0126045 0.00381891 -0.0198982 0.00313337 -0.00620384 -0.00426985 -0.0216778 -0.00539773 0.00118711 0.00695767 -0.012539 0.000325145 -0.00293491 0.000422804 -0.00592156 -0.0252172 0.00887172 -0.0308208 -0.0082 -0.0158863 0.00580717 0.00724392 -0.00237186 0.00582197 0.00739233 -0.0241328 -0.0107977 -0.00975668 -0.00694888 -0.00468516 -0.0150266 -0.012931 -0.0164445 -0.00732484 -0.00968271 -0.00792112 -0.00069864 -0.00529514 -0.00747951 0.00930688 -0.0125561 0.00501264
internal_weight=46953 41756 17268 5197 24488 15040 2228 11619 3132 7761 22017 3421 3858 2471 8546 1819 2250 6961 1171 800 1313 1303 955 2985 2028 1168 811 1273 1756 5561 959 1035 819 1830 1291 515 13471 2065 622 296 1229 2877 914 3589 2853 1352 254 511 310 654 467 374 691 144 454 371 659 131 119 10594 220 1184
internal_count=46953 41756 17268 5197 24488 15040 2228 11619 3132 7761 22017 3421 3858 2471 8546 1819 2250 6961 1171 800 1313 1303 955 2985 2028 1168 811 1273 1756 5561 959 1035 819 1830 1291 515 13471 2065 622 296 1229 2877 914 3589 2853 1352 254 511 310 654 467 374 691 144 454 371 659 131 119 10594 220 1184
cat_boundaries=0 1 2 3 4 5 6 7 8 9 10 11 12
cat_threshold=780 524 513 1580 512 1536 520 370 2348 2820 514 646
is_linear=0
shrinkage=0.05


Tree=4
num_leaves=63
num_cat=10
split_feature=15 20 15 14 17 17 22 13 8 14 17 20 8 22 5 1 1 5 8 20 17 8 0 15 20 17 16 15 1 14 1 5 1 17 14 16 15 1 5 5 5 11 8 22 1 22 22 1 8 5 8 15 23 15 22 0 5 9 22 23 8 23
split_gain=1206.11 319.694 83.779 80.988 54.2898 50.1153 27.4916 23.1262 16.5212 16.2565 14.7509 13.8614 12.0004 11.2448 10.1106 9.08489 8.26136 8.03933 7.88224 7.77185 7.49586 7.20837 6.41025 6.1499 6.03135 5.57327 4.88123 4.79309 4.75563 4.50952 4.34708 4.15136 3.80853 3.67374 3.66243 3.62831 3.61444 3.36286 3.362 2.96265 6.41617 2.94987 2.89003 2.77311 2.73046 2.66906 2.59253 2.52771 2.49669 2.36263 2.32773 2.23371 2.07307 1.96234 1.91204 1.90727 1.67454 2.61961 1.49749 1.49368 1.48638 1.47327
threshold=7.5000000000000009 82.500000000000014 10.500000000000002 2.5000000000000004 1.4798033113781497 0.91803918519656791 20.985234814838268 1.5000000000000002 363.7050000000001 1.0000000180025095e-35 0.71363442391585796 112.50000000000001 837.36000000000013 -1.0000000180025095e-35 313.50000000000006 0 1 181.50000000000003 448.42500000000007 40.500000000000007 1.2803951960941995 355.88500000000005 2 9.5000000000000018 7.5000000000000009 1.381659327570109 1.4317691726166701 3.5000000000000004 3 3.5000000000000004 4 47.500000000000007 5 1.4712199107117627 3.5000000000000004 1.3705719835967018 4.5000000000000009 6 168.50000000000003 178.50000000000003 215.50000000000003 7669.2650000000003 373.2050000000001 37.381896783315305 7 14.262486584157442 13.662673797754474 8 -1.0000000180025095e-35 50.500000000000007 2369.1450000000009 5.5000000000000009 24.500000000000004 8.5000000000000018 33.907062420923332 9 247.50000000000003 882.00000000000011 43.970792059426849 17.500000000000004 551.1350000000001 12.500000000000002
decision_type=2 2 2 2 2 2 2 2 2 2 2 2 2 2 2 9 9 2 2 2 2 2 1 2 2 2 2 2 9 2 9 2 9 2 2 2 2 9 2 2 2 2 2 2 9 2 2 9 2 2 2 2 2 2 2 1 2 2 2 2 2 2
left_child=1 3 12 4 14 9 17 8 16 27 31 26 23 -9 15 43 -6 29 -17 45 32 -8 -10 30 -15 -4 49 48 -28 55 46 59 -13 -23 -35 36 -16 -33 -27 52 -41 -21 44 -1 -22 -14 -2 54 -3 -7 53 -30 -32 -47 -12 -5 57 -19 -25 -11 -37 -29
right_child=2 5 25 6 7 11 21 13 22 10 47 20 19 24 35 18 -18 56 -20 41 42 33 -24 58 -26 38 28 61 51 -31 39 37 -34 34 -36 60 -38 -39 -40 40 -42 -43 -44 -45 -46 50 -48 -49 -50 -51 -52 -53 -54 -55 -56 -57 -58 -59 -60 -61 -62 -63
leaf_value=-0.3384949121093751 -1.2573737500000002 -1.840987944335938 -1.4134925000000003 -0.9372275976562503 -0.86434072265624984 -0.75888593750000011 -0.95740921875000018 -1.3932187695312501 0.56315367187500021 -0.88432618103027338 -0.22143723388671843 1.34010724609375 -1.0787303515625 -1.5924516210937503 0.44082548828125034 -0.80090877929687498 0.062924842529296754 -1.068222620239258 -0.35670343749999989 -0.092637441406250076 0.30977343750000053 -1.0017139321899415 0.096068256835937504 -0.98017863281250017 0.33537550262451171 -1.3278675 1.1723278906249999 0.035893671875000165 0.7505410821533206 -1.4482838476562501 -0.93556941406249983 -0.66626901611328115 0.71873371093749983 -0.26247841796875021 -1.2394426025390624 0.00038788818359378755 -0.67650557006835932 0.052957579956054705 -1.1854924999999998 -0.63657484374999995 -0.92590357421874969 -0.81606056152343776 3.261481484375 0.1020791009521485 2.2871942089843751 -0.78375785156250033 -0.14716269531250001 0.57089803710937559 1.7459108758544923 0.31463807525634779 -0.091991210937499984 -0.20586276611328114 -1.1148282226562498 -0.95952855468750009 0.35169085937500033 -1.2414953125000001 -0.85435181640625013 -0.40848400329589857 -0.57302020507812534 -1.3534244140625 0.37981845031738271 -0.93834851562499999
leaf_weight=823 24 21 1761 312 725 72 307 344 5339 190 323 1799 115 306 105 1471 1296 24 1437 155 237 90 1738 525 486 133 2009 93 2056 173 668 625 975 757 58 269 179 398 171 145 644 170 11422 303 1441 164 77 911 1083 350 31 108 120 270 315 258 101 148 24 28 219 32
leaf_count=823 24 21 1761 312 725 72 307 344 5339 190 323 1799 115 306 105 1471 1296 24 1437 155 237 90 1738 525 486 133 2009 93 2056 173 668 625 975 757 58 269 179 398 171 145 644 170 11422 303 1441 164 77 911 1083 350 31 108 120 270 315 258 101 148 24 28 219 32
internal_value=0.000132305 0.00296104 -0.0225745 -0.00224654 -0.000924018 0.00663509 -0.0111385 0.0011307 0.00197506 0.00151355 -0.000581812 0.00763787 -0.0173525 -0.00557507 -0.00530776 -0.00631038 -0.00199481 -0.0172228 -0.00778843 -0.012266 0.00834383 -0.00596708 0.00311617 -0.0193778 -0.00220126 -0.030434 0.00518432 0.00630073 0.00570223 -0.0199899 -0.0176829 -0.00465233 0.00591466 -0.00362059 -0.00246027 0 -0.00452962 -0.00322856 -0.0229642 -0.0183255 -0.0158302 -0.00575457 0.00885293 -0.00234855 0.00676681 -0.0157804 -0.00471491 0.00264981 0.00736224 0 -0.0136485 0.00395039 -0.0209229 -0.0145881 0.000115207 -0.0174084 -0.009375 -0.00571429 -0.0243433 -0.0109729 0.00254582 -0.00263672
internal_weight=46953 41756 5197 17268 15040 24488 2228 10234 9098 4019 2790 20469 3132 1136 4806 4034 2021 1016 2908 905 15874 1212 7077 2227 792 2065 4595 1229 4173 743 1678 1241 2774 905 815 772 284 1023 304 1577 789 325 13100 1126 1678 580 101 1549 1104 422 465 2164 788 434 638 570 273 172 549 218 488 125
internal_count=46953 41756 5197 17268 15040 24488 2228 10234 9098 4019 2790 20469 3132 1136 4806 4034 2021 1016 2908 905 15874 1212 7077 2227 792 2065 4595 1229 4173 743 1678 1241 2774 905 815 772 284 1023 304 1577 789 325 13100 1126 1678 580 101 1549 1104 422 465 2164 788 434 638 570 273 172 549 218 488 125
cat_boundaries=0 2 4 5 7 9 11 13 15 17 18
cat_threshold=2266226693 1338532 2418675751 299025 1 2535301521 300178 4227080 278529 666665861 67204 571347360 266880 1708032 87040 537137442 120320 1
is_linear=0
shrinkage=0.05


Tree=5
num_leaves=63
num_cat=12
split_feature=15 14 15 14 17 17 7 22 15 7 17 7 13 7 8 22 3 14 8 17 18 15 17 1 13 7 1 1 1 1 17 1 3 22 3 14 17 1 10 18 7 11 7 7 1 7 7 23 22 18 17 3 7 7 22 23 18 10 7 16 17 22
split_gain=1162.71 264.433 81.8888 68.7639 62.4658 38.9798 34.1301 26.0904 21.6296 16.7153 15.1104 14.9086 14.7827 14.1708 11.9228 11.8437 10.3474 7.87711 6.62648 6.62534 7.35846 6.24407 5.87274 5.82982 5.4631 5.42848 5.42604 5.32043 4.7423 4.64859 4.41867 3.96223 3.81515 3.78841 3.16412 3.14603 3.4872 2.93439 2.90931 2.79818 2.75246 2.5064 2.33351 2.33318 2.09335 2.22025 2.07871 1.91564 1.90209 1.83701 1.81382 1.78452 1.7579 1.74027 1.73302 1.68905 1.65038 1.54755 1.40365 1.38075 1.37633 1.31312
threshold=7.5000000000000009 1.5000000000000002 10.500000000000002 2.5000000000000004 0.89300950167382698 1.3333348021374041 -1.0000000180025095e-35 20.985234814838268 3.5000000000000004 545.35000000000014 0.6052995301344738 299.3250000000001 1.5000000000000002 539.83000000000004 413.43000000000006 -1.0000000180025095e-35 0 3.5000000000000004 355.88500000000005 1.2623171975151324 0.23921936979434824 8.5000000000000018 1.4712199107117627 1 1.0000000180025095e-35 641.31000000000006 2 3 4 5 1.5146275131133675 6 7 14.262486584157442 8 3.5000000000000004 1.4712199107117627 9 1474.6800000000001 0.64547797689733366 85.750000000000014 4501.4300000000012 165.35500000000005 1240.0450000000003 10 -1.0000000180025095e-35 837.40500000000009 19.500000000000004 -1.0000000180025095e-35 0.27578562128303485 7.901235651026234e-06 11 681.25500000000011 363.7050000000001 53.107595169356721 3.5000000000000004 1.5110162731825405 2511.3500000000004 427.0750000000001 0.96022220133748026 1.2859842549592837 51.491016829382026
decision_type=2 2 2 2 2 2 2 2 2 2 2 2 2 2 2 2 1 2 2 2 2 2 2 9 2 2 9 9 9 9 2 9 1 2 1 2 2 9 2 2 2 2 2 2 9 2 2 2 2 2 2 1 2 2 2 2 2 2 2 2 2 2
left_child=1 4 9 5 8 14 39 17 24 21 47 29 13 16 37 -14 -7 34 49 31 -21 28 56 42 44 -17 46 32 -2 51 -15 -13 -16 -28 38 36 -20 59 -5 -6 -26 52 -12 -43 -1 -46 60 50 -31 -9 -10 -8 -35 -25 -42 -51 -4 -36 -30 -3 -11 -39
right_child=2 3 22 7 6 12 11 18 10 26 23 19 15 30 27 25 -18 -19 35 20 -22 -23 -24 53 40 -27 33 -29 58 48 -32 -33 -34 41 57 -37 -38 61 -40 -41 54 43 -44 -45 45 -47 -48 -49 -50 55 -52 -53 -54 -55 -56 -57 -58 -59 -60 -61 -62 -63
leaf_value=-0.14153473503112793 -0.28309647875976529 -0.96185660205078105 -1.4428178750000002 -1.2234355413513183 -1.7106047160644533 0.21821023803710951 -0.89225877423095667 0.4480503046874999 -0.15560318853759761 -0.90051732128906259 -0.73086343151855471 1.0553225283203123 -1.3235578310546874 -0.054705687499999912 -0.17319115624999989 0.33277125416564957 -0.37534760229492159 -1.2832946552734374 -0.93586586589050291 0.97864286328124983 2.6738338398437502 -0.94964286816406229 -1.1698444374999999 -0.23315595657348603 -1.2501215368118288 -1.5097559931640625 -0.82557013818359337 0.020971308105468725 -0.88976528466796845 0.66906599877929718 0.45749598828125004 0.48479301298522942 -0.58380893457031224 -0.58202154003906237 -0.87818412622070319 -1.177470472412109 -0.24935449707031268 -0.81073328845214876 -0.29491837441253693 -1.3208259230957031 0.053767468200683947 -0.84231795703125012 -0.10610987792205791 -0.66695161822509752 -1.4555303439941412 1.5911286786193852 -0.077052066345215137 -1.1965756078109739 1.1051202652587895 -1.1923772435302735 -0.7993669206085201 0.25293984741210984 0.10290781591796883 0.40407648066711438 1.1070099198074341 -0.90194969531250013 -1.1480366249999996 -1.1794205468750001 -0.6799707587890621 -0.2019078578491211 -0.1578325449218749 -0.73725635394287115
leaf_weight=107 106 52 963 41 141 1617 148 23 114 49 135 2634 344 616 481 552 2202 206 89 1353 15301 1085 178 189 84 350 186 525 563 611 3570 1179 544 109 438 62 761 758 134 37 407 535 816 122 31 1041 146 66 1411 46 635 381 54 571 202 239 924 199 136 190 41 123
leaf_count=107 106 52 963 41 141 1617 148 23 114 49 135 2634 344 616 481 552 2202 206 89 1353 15301 1085 178 189 84 350 186 525 563 611 3570 1179 544 109 438 62 761 758 134 37 407 535 816 122 31 1041 146 66 1411 46 635 381 54 571 202 239 924 199 136 190 41 123
internal_value=0.000114203 0.00289159 -0.0221803 -0.00265972 0.00574247 -0.00114446 0.00677831 -0.0106983 0.000266985 -0.0170175 -0.00273824 0.00694909 0.00038767 0.00118163 -0.0064602 -0.00466373 -0.0010106 -0.0166259 -0.00568275 0.00740046 0.00783905 -0.0200343 -0.0299504 -3.64644e-05 0.00434667 -0.00157459 -0.0123494 -0.00355763 -0.0163212 0.00330364 0.00319289 0.00546711 -0.0056238 -0.0139598 -0.0141718 -0.00344262 -0.00254982 -0.0104019 -0.00618351 -0.014779 0.000736351 -0.0123937 -0.0026582 -0.0138447 0.0064192 0.00705069 -0.00441767 -0.00832824 0.00438575 -0.0120579 -0.00743019 -0.000807196 -0.0060994 0.00316947 0.00198121 -0.013151 -0.0308532 -0.0159038 -0.0177844 -0.00441176 -0.0104839 -0.0117869
internal_weight=46953 41756 5197 14162 27594 11924 23196 2238 4398 3132 2526 23018 9251 8005 2673 1246 3819 1018 1220 20467 16654 1890 2065 1711 1872 902 1242 1550 805 2551 4186 3813 1025 1006 812 912 850 1123 175 178 693 820 951 657 1179 1072 236 815 2022 308 749 529 163 760 609 285 1887 637 699 242 90 881
internal_count=46953 41756 5197 14162 27594 11924 23196 2238 4398 3132 2526 23018 9251 8005 2673 1246 3819 1018 1220 20467 16654 1890 2065 1711 1872 902 1242 1550 805 2551 4186 3813 1025 1006 812 912 850 1123 175 178 693 820 951 657 1179 1072 236 815 2022 308 749 529 163 760 609 285 1887 637 699 242 90 881
cat_boundaries=0 1 3 5 7 8 10 12 13 14 16 18 19
cat_threshold=12 537137634 70193 262190 278545 546050264 99248 2148040717 18961152 21537 647791509 87220 12 4 2181071894 1065088 35656224 1 1
is_linear=0
shrinkage=0.05


Tree=6
num_leaves=63
num_cat=12
split_feature=15 20 15 14 15 7 22 15 13 7 15 20 9 19 1 14 0 7 15 7 1 7 1 1 15 1 5 1 15 15 22 5 7 7 1 11 1 5 5 7 6 5 0 11 20 10 20 19 5 0 16 0 5 5 22 7 7 16 16 5 5 7
split_gain=1114.86 280.505 81.1479 73.1199 43.9193 33.4224 24.6026 17.3313 16.9843 16.7307 16.5222 14.6641 10.3884 9.11558 8.80799 8.09327 7.12875 6.6992 6.32142 6.19246 6.07821 5.77256 5.70247 5.00539 5.55845 4.68815 4.53399 4.20832 4.08478 3.91206 3.8674 3.6734 3.66363 3.58391 3.34434 3.2598 3.17096 3.1487 2.99402 2.91397 2.86776 2.74822 2.73568 2.51095 2.40717 2.37447 2.28219 2.18133 2.048 2.03781 2.02837 1.9535 1.9477 4.34407 1.91235 3.55768 1.87357 1.86172 1.84719 1.81017 1.79515 1.77057
threshold=7.5000000000000009 82.500000000000014 10.500000000000002 2.5000000000000004 4.5000000000000009 448.42500000000007 20.985234814838268 5.5000000000000009 1.5000000000000002 539.83000000000004 5.5000000000000009 124.50000000000001 355.82000000000011 3555.0250000000005 0 3.5000000000000004 1 337.01500000000004 8.5000000000000018 302.46000000000009 2 373.2050000000001 3 4 5.5000000000000009 5 163.50000000000003 6 3.5000000000000004 13.500000000000002 -1.0000000180025095e-35 181.50000000000003 413.43000000000006 827.04500000000019 7 4440.4600000000009 8 170.50000000000003 23.500000000000004 244.23000000000002 3650.2500000000005 180.50000000000003 9 4066.4200000000005 118.50000000000001 3459.8750000000005 23.500000000000004 1575.0550000000003 206.50000000000003 10 1.4001024020004016 11 172.50000000000003 215.50000000000003 13.206689846924242 1177.3650000000002 461.89500000000004 1.8053217316286558 1.2000576138076078 247.50000000000003 170.50000000000003 378.3250000000001
decision_type=2 2 2 2 2 2 2 2 2 2 2 2 2 2 9 2 1 2 2 2 9 2 9 9 2 9 2 9 2 2 2 2 2 2 9 2 9 2 2 2 2 2 1 2 2 2 2 2 2 1 2 1 2 2 2 2 2 2 2 2 2 2
left_child=1 3 9 5 11 7 15 13 10 18 16 17 47 14 -1 31 -7 34 25 57 -10 28 35 24 58 -2 -12 -9 38 37 -22 51 -29 43 -3 -11 50 -4 -13 -30 42 46 -23 -24 -26 -35 -21 -6 -43 -38 -19 -5 -20 -54 -37 -56 -39 -8 -14 -33 -17 -15
right_child=2 4 29 6 12 8 19 27 20 22 26 21 23 61 -16 60 -18 36 52 41 30 40 33 -25 44 -27 -28 32 39 -31 -32 59 -34 45 -36 54 49 56 -40 -41 -42 48 -44 -45 -46 -47 -48 -49 -50 -51 -52 -53 53 -55 55 -57 -58 -59 -60 -61 -62 -63
leaf_value=-0.78007219567260744 -0.27876124735107377 -0.27675071707839943 -1.0798691687499999 -0.84484123936767586 -0.74358316719570128 0.58019978261718741 -0.88758692978515608 -0.1991879531005859 -1.4849049122558595 -0.47491702578124989 -0.3409766517871855 -0.27083673056640623 -0.94755827575149532 -1.2874422018554688 -0.10271173748779248 -1.3117049225097657 -0.014524540380859109 -0.23739011191406301 -0.91901451479492136 -1.1712099167480468 -1.3186481426269532 2.8951704056640626 0.065333069165039254 0.36368103499469734 -0.22538547733879055 -0.83470776530761703 0.012508202441406269 -0.71746236683349585 -0.89947399017448404 -1.4354160437500001 -0.12961931562499993 -0.55845117628059382 -0.14322472471008282 0.37469862597579917 0.5679208474164964 -0.84442959782714877 0.99524433433227544 -1.057231278125 1.802942660507393 0.84919786057281499 1.2325662809913636 0.67015228372154267 1.9984902610839848 -0.71313878041992185 -1.0012694073490138 -0.30843139777603173 -0.38370991674804672 0.2262633567517284 -0.29106603643798801 0.48772991959075934 1.2763774189208981 -1.12044951953125 -0.9266990895019529 -0.87263579995117169 -0.82920729746093724 -0.68038883490982061 -0.82409344609375013 -0.54126286438598648 0.29684271373081222 -0.76066208199119567 -0.60130152407226556 -0.35011319410400366
leaf_weight=947 105 444 614 312 372 4673 296 279 225 140 831 133 28 112 3921 165 1235 49 544 125 128 9332 33 836 379 688 931 1096 111 843 492 148 134 44 708 90 2370 326 3100 129 713 111 2375 169 74 142 293 64 290 822 1731 258 116 409 504 148 282 97 718 92 41 36
leaf_count=947 105 444 614 312 372 4673 296 279 225 140 831 133 28 112 3921 165 1235 49 544 125 128 9332 33 836 379 688 931 1096 111 843 492 148 134 44 708 90 2370 326 3100 129 713 111 2375 169 74 142 293 64 290 822 1731 258 116 409 504 148 282 97 718 92 41 36
internal_value=7.37392e-05 0.00279341 -0.0217572 -0.00208442 0.00623494 -0.000827627 -0.0105334 -0.00352137 0.00123122 -0.0166188 0.00197771 0.00694426 -6.56831e-05 -0.00209205 -0.00170396 -0.0162905 0.00324818 0.00483924 -0.0196917 -0.00563786 -0.00546875 0.00775116 -0.0120385 0.00141683 -0.000629125 -0.0159391 -0.00225212 -0.00822586 0.0058868 -0.0294911 -0.00260664 -0.0138069 -0.00947305 -0.00610973 0.00134199 -0.0143296 0.00563819 -0.0271633 0.0063543 -0.000205761 0.00826692 -0.00305657 0.00846178 -0.0108537 -0.00501645 -0.000925926 -0.00587886 -0.0070615 0 0.00458658 0.00741774 -0.0160995 -0.0223764 -0.0193892 -0.0158725 -0.0145802 -0.0238134 -0.010827 0.00196929 -0.00802469 -0.0254785 -0.0142384
internal_weight=46953 41756 5197 17268 24488 15040 2228 6525 8515 3132 7670 22017 2471 5016 4868 1016 5908 6124 1862 1212 845 15893 1270 2035 1199 793 1762 1509 3473 2065 620 810 1230 388 1152 882 4972 1222 3233 240 12420 819 11707 202 453 186 418 436 401 3192 1780 570 1069 525 742 652 608 393 746 240 206 148
internal_count=46953 41756 5197 17268 24488 15040 2228 6525 8515 3132 7670 22017 2471 5016 4868 1016 5908 6124 1862 1212 845 15893 1270 2035 1199 793 1762 1509 3473 2065 620 810 1230 388 1152 882 4972 1222 3233 240 12420 819 11707 202 453 186 418 436 401 3192 1780 570 1069 525 742 652 608 393 746 240 206 148
cat_boundaries=0 2 3 5 7 9 10 12 14 16 17 18 19
cat_threshold=31461922 5131 1 36209230 4225 573575873 66432 618926258 361011 2148040717 2189459457 1310848 537661440 86016 370516368 37010 1 1 1
is_linear=0
shrinkage=0.05


Tree=7
num_leaves=63
num_cat=16
split_feature=14 14 17 17 17 14 7 2 9 17 17 16 7 14 22 17 13 17 8 22 17 18 2 1 8 8 1 22 22 17 7 22 2 1 17 12 1 1 2 11 7 8 22 2 22 2 18 2 16 1 11 2 10 1 17 7 6 22 18 7 2 9
split_gain=900.149 227.258 124.674 109.084 67.2882 32.4244 31.9246 25.7039 21.7552 16.1581 15.398 13.8994 13.6952 13.5345 13.1122 9.58055 12.9865 9.57314 8.32832 8.22373 7.82183 6.97503 5.94459 5.86574 5.30924 5.24647 4.89583 4.79135 4.57504 4.572 4.54301 4.38445 4.28177 4.00468 3.95609 5.13144 3.93152 3.90354 3.51096 3.26811 3.22529 3.16251 3.1134 3.04186 3.0417 3.00188 2.67201 2.51436 2.45879 2.36471 2.34914 2.16797 2.27533 2.02549 1.98208 1.94526 1.89338 1.60213 1.56605 1.55322 1.54377 1.53532
threshold=2.5000000000000004 1.5000000000000002 1.1460828076313609 1.3599744111735823 0.88518011812691622 3.5000000000000004 -1.0000000180025095e-35 0 1.0000000180025095e-35 0.6052995301344738 0.90923058829140013 1.0433188584727604 302.46000000000009 3.5000000000000004 30.512888478170971 1.4867817919433988 1.5000000000000002 0.99539231016433183 426.99500000000006 24.13123839647297 1.2914338256590654 0.23921936979434824 1 2 342.00500000000005 273.02000000000004 3 31.672533032370989 54.004475096534371 1.4712199107117627 137.89500000000001 38.091228210166427 4 5 1.5228290794388701 1.5000000000000002 6 7 8 1502.3750000000002 719.76500000000021 270.02500000000003 5.4728751151364206 9 12.663751887512033 10 0.64547797689733366 11 2.1492794792067236 12 629.49000000000012 13 1377.8350000000003 14 1.333312106763431 442.91500000000008 2012.74 84.853550305555743 1.2660947711931012 85.750000000000014 15 1146.7350000000004
decision_type=2 2 2 2 2 2 2 1 2 2 2 2 2 2 2 2 2 2 2 2 2 2 1 9 2 2 9 2 2 2 2 2 1 9 2 2 9 9 1 2 2 2 2 1 2 1 2 1 2 9 2 1 2 9 2 2 2 2 2 2 1 2
left_child=1 4 10 13 8 14 46 34 32 28 31 27 26 17 22 25 -17 -2 57 48 33 -22 -5 30 -16 -13 -8 29 42 -9 -11 40 39 -14 41 49 50 -20 -28 -1 56 -4 -10 -39 -38 54 -6 55 -7 -36 -24 58 -53 -47 -19 -21 -3 -12 -26 -29 -43 -42
right_child=3 2 7 5 6 19 12 11 9 23 18 15 20 -15 24 16 -18 45 37 47 21 -23 36 -25 51 -27 38 59 -30 -31 -32 -33 -34 -35 35 -37 44 43 -40 -41 61 60 -44 -45 -46 53 -48 -49 -50 -51 -52 52 -54 -55 -56 -57 -58 -59 -60 -61 -62 -63
leaf_value=1.9523052791270084 -1.1724836410571287 -0.579032619818039 -0.57069089190345756 -0.50570739894470218 -1.6180791627139284 -1.1424778886608884 -0.25261502624935128 -0.95267329645492538 -0.12684945916211596 -0.9064295971874996 -0.68290666370330821 -0.78759425588874798 0.9590452253710936 -1.3314225853124999 -0.7807929201104733 0.10561119973632814 -0.91517191920753449 -0.88092900367919924 -0.063735801566772207 -0.71488293524932833 0.90014753132415748 2.4757651233346558 -0.30930135879577647 0.25439631403176116 -0.28099453055335982 -0.24294712666919693 -0.28866529145365211 -1.245713790375061 -0.081581150102996602 -0.75947641983726522 -0.084427990204219233 -0.77774335018981933 -1.1068131163752579 0.41376812078918435 1.0159011847430421 -1.4571384374182133 -0.82712321542968792 -0.18259652179321276 1.0788189725249697 0.22799063464673069 0.028577414687500281 0.54366154332031236 -0.80327427917912475 -0.64311230267986741 -0.61534401075820921 -0.78395483202392569 -1.2157810171572874 -1.1277465844903565 -0.97861967638427716 0.54057928471466088 -0.84592084330505379 0.31077887509826674 -0.69141771233444194 -0.79092675094726594 0.34742732288208028 0.13989858886108381 -0.97959014843017533 0.076636211582030891 0.56302348979684369 -0.098273569095678248 0.056644973465576245 -0.81234687955981222
leaf_weight=770 490 151 120 392 141 591 441 129 95 166 631 170 2953 881 208 4515 926 189 231 54 1333 14910 22 990 118 1714 303 65 169 332 945 155 122 1255 686 67 254 152 1922 431 25 223 767 500 352 593 37 106 23 1207 617 90 312 341 23 55 519 20 118 268 473 95
leaf_count=770 490 151 120 392 141 591 441 129 95 166 631 170 2953 881 208 4515 926 189 231 54 1333 14910 22 990 118 1714 303 65 169 332 945 155 122 1255 686 67 254 152 1922 431 25 223 767 500 352 593 37 106 23 1207 617 90 312 341 23 55 519 20 118 268 473 95
internal_value=8.01282e-05 0.00268802 -0.00266315 -0.018302 0.0052688 -0.0122926 0.0063455 -0.000354423 -0.000350493 -0.00263158 -0.012777 -0.00177847 0.00651006 -0.0261657 -0.00937751 -0.00109 -1.60727e-05 -0.0232459 -0.00958035 -0.0208984 0.00695157 0.00745645 -0.0120046 -8.9116e-05 -0.00421084 -0.00416004 0.00310041 -0.00806148 -0.00774903 -0.0113955 -0.00259119 -0.0178666 0.00500566 0.00498694 0.00378272 0.00501783 -0.0137421 -0.00627822 0.00404937 0.00589992 -0.0194515 0.000793651 -0.00921965 -0.00819549 -0.00997577 -0.0204743 -0.0145028 -0.0117546 -0.0239465 0.0055182 -0.016967 -0.00183307 -0.00403614 -0.0219905 -0.0117778 -0.0039959 -0.0209138 -0.0139335 0.00180723 -0.00323661 0.00214592 -0.0105691
internal_weight=46953 41124 13374 5829 27750 3312 23295 10895 4455 3132 2479 8119 23117 2517 2483 7325 5441 1636 1534 829 20451 16243 1637 2101 846 1884 2666 794 1031 461 1111 945 1323 4208 2776 1960 1245 883 2225 1201 790 816 862 652 606 1146 178 215 614 1893 639 638 402 934 212 109 670 651 236 333 696 120
internal_count=46953 41124 13374 5829 27750 3312 23295 10895 4455 3132 2479 8119 23117 2517 2483 7325 5441 1636 1534 829 20451 16243 1637 2101 846 1884 2666 794 1031 461 1111 945 1323 4208 2776 1960 1245 883 2225 1201 790 816 862 652 606 1146 178 215 614 1893 639 638 402 934 212 109 670 651 236 333 696 120
cat_boundaries=0 1 2 4 6 7 9 11 13 14 15 16 17 19 20 22 23
cat_threshold=524 524 605294754 86069 16863744 5153 2084 782009237 87222 573576258 282768 2189426733 282627 65 772 516 2573 2181861778 33827 1608 537923681 332544 512
is_linear=0
shrinkage=0.05


Tree=8
num_leaves=63
num_cat=19
split_feature=20 23 17 21 21 20 21 17 21 20 21 20 21 1 20 5 21 21 2 7 16 20 21 7 1 9 21 20 23 1 5 18 2 17 7 2 8 1 8 16 18 0 2 0 1 0 20 18 2 20 1 9 5 0 1 5 17 2 0 5 2 23
split_gain=707.187 237.286 116.595 95.0774 75.9992 58.1483 123.847 43.8372 30.58 29.1044 20.6665 22.3036 17.5172 15.2699 14.6633 11.5135 11.1422 10.1279 9.91236 9.89694 9.46974 9.20864 7.8774 7.74405 6.05167 5.97042 5.92202 5.33292 5.20751 4.5697 4.49866 4.43078 4.33308 4.30353 4.2738 4.17018 3.90991 3.77434 3.72177 3.6445 3.46688 3.51687 3.28665 6.30241 3.28449 2.96477 3.81204 3.63647 2.90446 2.88363 2.85675 2.82589 2.77767 2.65994 2.64097 2.4637 2.42712 2.21741 2.21516 2.16573 2.16032 2.15685
threshold=69.500000000000014 24.500000000000004 1.2500038685535702 44.303846153846159 94.441558441558456 1.0000000180025095e-35 56.020000000000003 1.7779682005551165 38.552777777777784 47.500000000000007 66.026315789473699 121.50000000000001 8.2500000000000018 0 9.5000000000000018 34.500000000000007 44.918333333333344 35.405128205128214 1 318.3300000000001 1.5545937519176032 106.50000000000001 129.68333333333337 805.97500000000014 2 200.83500000000004 77.937254901960799 94.500000000000014 6.5000000000000009 3 183.50000000000003 1.5260249320600447 4 0.78636997997260083 596.19500000000005 5 -1.0000000180025095e-35 6 702.73000000000013 1.2136139331462628 0.16350434479718814 7 8 9 10 11 154.50000000000003 0.2269160759053343 12 114.50000000000001 13 347.65000000000003 241.50000000000003 14 15 180.50000000000003 0.57793574503276246 16 17 5.5000000000000009 18 6.5000000000000009
decision_type=2 2 2 2 2 2 2 2 2 2 2 2 2 9 2 2 2 2 1 2 2 2 2 2 9 2 2 2 2 9 2 2 1 2 2 1 2 9 2 2 2 1 1 1 9 1 2 2 1 2 9 2 2 1 9 2 2 1 1 2 1 2
left_child=1 2 3 17 7 15 9 10 31 12 11 16 -7 38 53 40 27 25 -16 32 -11 39 33 30 -18 -1 35 -2 37 -21 -10 -3 -12 -6 -19 -15 -24 -13 -5 -9 -4 -42 43 -41 -35 47 55 -23 -28 54 58 -52 -32 -8 -38 -47 -34 -31 -17 -51 -46 -40
right_child=4 8 5 13 22 6 14 21 23 20 19 28 -14 26 18 50 24 34 -20 29 -22 45 36 -25 -26 -27 48 -29 -30 57 52 -33 56 44 -36 -37 49 -39 61 42 41 -43 -44 -45 60 46 -48 -49 -50 59 51 -53 -54 -55 -56 -57 -58 -59 -60 -61 -62 -63
leaf_value=-1.8787532345675508 -0.85297276596213123 -1.309872552917847 -1.138170741607712 -0.78966382718715689 0.1692897472945564 -0.91527424053268902 -1.5420572703489999 -0.40203778302287674 -0.81020861403557343 -0.52356482559376416 0.33618561302627586 -0.45179860594711274 -0.87466882493686704 0.20126770252403664 0.48518199641993731 1.0106933544201202 0.069676282986501734 -0.81065849176794424 -0.076095668604738265 0.6013971119334518 0.15303876404783345 0.6644560604207822 -1.8259069670439532 -0.35945240980560289 -0.42861006741165508 -1.0484960278154678 -0.78217870809921231 -0.94755886743204032 -0.55001610432488579 0.64231834878184524 0.16712953515072648 -0.94605204306451407 -0.91221272532687614 0.49011056311199969 -0.5868888007265618 -0.53103166742096519 0.13023856689369825 1.3596600314239067 0.39053702943457086 0.4947607897072942 0.17366303309863274 -1.2427972121066742 0.63029528452505512 -1.7455372544079133 0.87423878783081799 -1.9685689260568695 2.6706529684743807 3.6327939417141266 0.12209869502171317 1.2766236292141266 -0.44798625147353843 2.2556933544201203 -0.67681075401831059 -0.29708239535002878 1.6433306617309382 0.91315430980809165 -0.28503089703272588 0.13904346531369358 -1.510297212106674 2.9766236292141266 1.4289928194279271 -0.61413125143610736
leaf_weight=79 298 712 81 539 512 896 538 217 244 1056 287 243 2254 111 1618 629 423 511 3555 1107 375 288 30 151 1171 662 214 246 222 641 41 607 126 597 213 1540 210 833 25 328 360 68 936 135 1859 85 573 2157 393 111 101 1250 163 175 1454 96 293 1282 91 8691 2142 108
leaf_count=79 298 712 81 539 512 896 538 217 244 1056 287 243 2254 111 1618 629 423 511 3555 1107 375 288 30 151 1171 662 214 246 222 641 41 607 126 597 213 1540 210 833 25 328 360 68 936 135 1859 85 573 2157 393 111 101 1250 163 175 1454 96 293 1282 91 8691 2142 108
internal_value=5.24427e-05 -0.0072716 -0.00542992 -0.0124744 0.00519323 -0.00305077 -0.00470989 0.00219245 -0.0239589 -0.0108721 -0.000278746 -0.00308229 -0.0135664 -0.00723662 8.06589e-05 0.00365854 -0.00622373 -0.0228798 0.00101671 0.00228671 -0.00489017 0.00588159 0.00749407 -0.0143065 -0.00405448 -0.0272009 -0.00514091 -0.0124314 0.00205611 0.0035361 -0.0176275 -0.0282621 -0.00299718 0.00584295 -0.0182944 -0.00671856 0.00829127 0.00352178 -0.0138686 0.00274861 -0.00300293 -0.00104408 0.00370007 7.87815e-05 0.00633015 0.00744457 0.00452444 0.00831801 -0.000840164 0.00834607 0.00532184 0.00669905 -0.0113527 -0.00661662 0.00629874 -0.0015625 -0.00616319 0.00198218 0.00252387 0.00872516 0.00685414 -0.00579044
internal_weight=46953 19360 17442 4395 27593 13047 10467 11987 1918 4581 7172 3436 3150 2930 5886 2580 2138 1465 5173 3736 1431 4815 15606 599 1594 741 2258 544 1298 3030 448 1319 706 5110 724 1651 10496 1076 672 1616 509 428 1399 463 4598 3199 754 2445 607 10466 2071 1351 204 713 1664 181 419 1923 720 8802 4001 133
internal_count=46953 19360 17442 4395 27593 13047 10467 11987 1918 4581 7172 3436 3150 2930 5886 2580 2138 1465 5173 3736 1431 4815 15606 599 1594 741 2258 544 1298 3030 448 1319 706 5110 724 1651 10496 1076 672 1616 509 428 1399 463 4598 3199 754 2445 607 10466 2071 1351 204 713 1664 181 419 1923 720 8802 4001 133
cat_boundaries=0 2 3 5 7 8 9 11 12 13 14 16 17 18 20 21 23 24 25 26
cat_threshold=271848512 69904 524 2181071164 131 2241168399 874632 292 512 34639904 37504 1 2337 1 2416116840 919648 1 1617 305173658 70153 1 659494 65540 1804 1 2147
is_linear=0
shrinkage=0.05


Tree=9
num_leaves=63
num_cat=14
split_feature=15 20 15 14 21 21 17 17 2 21 20 21 17 21 7 21 2 17 14 20 17 7 20 17 21 17 18 7 0 2 19 2 7 2 16 2 2 2 16 2 11 8 21 7 2 7 2 10 23 17 22 2 4 20 7 21 11 10 8 21 22 11
split_gain=949.939 233.392 75.4142 57.6112 43.8546 35.4194 34.3505 27.6072 16.928 15.6059 12.6545 24.9753 10.3874 11.8615 9.35843 8.38301 7.92407 7.43405 7.35616 7.28042 7.20918 7.15907 6.58175 6.36782 6.44582 6.00801 5.91751 4.30861 4.25648 13.7261 4.21153 4.16076 3.94056 3.67686 3.62028 3.58251 3.50243 3.49378 5.90767 3.42417 3.41742 3.37874 2.98284 2.82521 2.77682 2.5472 2.45643 3.18942 2.31969 2.20813 2.42031 2.08425 2.05706 2.01165 2.00294 1.77549 1.63025 1.54572 2.17459 1.38248 1.36459 1.3523
threshold=7.5000000000000009 82.500000000000014 10.500000000000002 2.5000000000000004 110.04166666666667 37.595454545454551 1.2500038685535702 0.834963398605157 0 44.303846153846159 1.0000000180025095e-35 58.027777777777786 1.7779682005551165 66.026315789473699 726.9100000000002 59.020833333333336 1 1.1940127383997228 1.0000000180025095e-35 35.500000000000007 1.4712199107117627 463.15000000000003 141.50000000000003 1.374530717208118 56.020000000000003 0.6052995301344738 1.5429553960200082 448.42500000000007 2 3 3684.1600000000008 4 302.46000000000009 5 1.2000004164110369 6 7 8 1.6675696108157341 9 2066.7450000000003 330.7050000000001 32.379807692307701 405.09000000000009 10 716.92500000000007 11 681.25500000000011 14.500000000000002 1.1940127383997228 23.093464027240923 12 13 139.50000000000003 545.35000000000014 70.091666666666683 176.15500000000003 2642.5600000000004 837.36000000000013 132.94444444444449 18.233493060079173 4710.7850000000008
decision_type=2 2 2 2 2 2 2 2 1 2 2 2 2 2 2 2 1 2 2 2 2 2 2 2 2 2 2 2 1 1 2 1 2 1 2 1 1 1 2 1 2 2 2 2 1 2 1 2 2 2 2 1 9 2 2 2 2 2 2 2 2 2
left_child=1 3 9 6 7 19 15 18 27 14 16 -12 13 22 39 33 -10 46 48 -5 26 49 -9 -7 35 -20 -4 30 32 -30 -8 -15 -14 40 -21 -25 -27 38 -17 43 -1 -26 -16 -2 -23 -35 47 -6 -3 -11 -51 -44 -39 -19 -22 -29 -55 -46 -59 -48 -56 -53
right_child=2 4 20 5 17 23 8 12 10 21 11 -13 28 31 42 37 -18 53 25 34 54 44 -24 24 41 36 -28 55 29 -31 -32 -33 -34 45 -36 -37 -38 52 -40 -41 -42 -43 51 -45 57 -47 59 -49 -50 50 -52 61 -54 56 60 -57 -58 58 -60 -61 -62 -63
leaf_value=-1.0882048718292765 -0.91258706409166823 0.69733388621069137 -1.1850362386716276 -1.0881059249006542 -1.0219898825405662 -0.84462653248358888 0.21366447768072377 -0.2728819284446356 -0.38223569028836901 -0.72473675408450244 -0.60737511395578903 0.026968331077578702 0.1255737786650987 1.3621190412395578 -0.97442072415930492 -0.80391552606636629 1.0821283653776266 1.6548163966348264 -0.74173244352773193 -0.6908039817069227 -1.0662185788585627 0.061784120204481853 0.85087413358500863 -0.026826763193338543 -0.68845765921220203 -0.33404570199918632 -0.94293428257370326 0.35447760821976682 -2.1746751996175719 1.292862366679767 -1.2283323308508449 0.48185670882371395 2.3965878257880866 -0.66857290688389215 -0.37761460033790589 -0.75795368731944068 0.1409796457897432 0.29593099099584741 -0.24580883846491625 -0.80195832837539638 0.067606977286045131 0.032432549657611713 -0.34646151951434184 0.052605276407335304 -0.26738404378410074 -0.30967408415570791 0.88059031621830075 0.72930901008470606 -0.87606328854025439 -0.026063477780407143 -0.67150727613171235 0.028841076522057918 -0.21936334210191238 -0.055025166314629906 -0.90921742205808731 0.83349974625634593 3.12779244775342 -0.72244903781709446 -0.5492964106910202 1.6592420793765876 -0.26394177014042469 -0.68698481540968004
leaf_weight=38 55 506 980 439 98 132 1487 899 438 404 2131 3932 220 641 81 299 1538 2573 549 185 93 111 675 119 157 461 907 1336 122 979 39 3144 3048 802 80 425 633 223 439 1266 176 691 130 50 220 191 813 255 32 53 234 20 819 46 55 1152 7301 81 210 1493 30 217
leaf_count=38 55 506 980 439 98 132 1487 899 438 404 2131 3932 220 641 81 299 1538 2573 549 185 93 111 675 119 157 461 907 1336 122 979 39 3144 3048 802 80 425 633 223 439 1266 176 691 130 50 220 191 813 255 32 53 234 20 819 46 55 1152 7301 81 210 1493 30 217
internal_value=4.81834e-05 0.00255873 -0.0201034 -0.00189045 0.00569801 -0.00939041 -0.000774447 0.00351431 0.000411621 -0.0151515 -0.000908159 -0.00204624 0.00465523 0.0031588 -0.0182012 -0.00557274 0.00255179 0.00776009 -0.00155105 -0.0186704 -0.0275568 -0.0108568 -0.000459734 -0.00504257 -0.00397849 -0.00322752 -0.0285251 0.00306059 0.00647587 0.0036798 0.000931982 0.00467595 0.00739835 -0.00881198 -0.0115205 -0.00822669 -0.00102552 -0.00333707 -0.00595872 -0.0203148 -0.00209251 -0.00117509 -0.0115299 -0.00752119 -0.00676 -0.010077 0.00534842 0.00112705 0.0034658 -0.0144272 -0.0103879 -0.00922297 -0.00135071 0.00839968 -0.0167127 0.00435568 0.00885544 -0.00822996 -0.0109269 0.00594006 -0.00951705 -0.01195
internal_weight=46953 41756 5197 17268 24488 2228 15040 11909 12053 3132 8039 6063 9728 5359 1819 2987 1976 12579 2181 704 2065 1313 1574 1524 1392 1643 1887 4014 4369 1101 1526 3785 3268 1207 265 544 1094 1780 738 1371 214 848 448 105 622 993 2659 353 538 691 287 367 1042 9920 178 2488 7347 511 291 2306 85 237
internal_count=46953 41756 5197 17268 24488 2228 15040 11909 12053 3132 8039 6063 9728 5359 1819 2987 1976 12579 2181 704 2065 1313 1574 1524 1392 1643 1887 4014 4369 1101 1526 3785 3268 1207 265 544 1094 1780 738 1371 214 848 448 105 622 993 2659 353 538 691 287 367 1042 9920 178 2488 7347 511 291 2306 85 237
cat_boundaries=0 1 2 3 4 5 6 7 8 9 10 11 12 13 14
cat_threshold=588 1 1 256 1792 516 513 434 1233 512 520 65 2820 16
is_linear=0
shrinkage=0.05


Tree=10
num_leaves=63
num_cat=17
split_feature=15 14 21 15 21 17 14 17 12 21 21 18 2 1 17 15 9 17 21 12 21 1 17 17 1 5 1 17 5 2 2 5 23 10 9 21 16 5 2 1 16 18 18 16 2 17 2 9 16 9 1 18 5 1 17 5 2 1 21 4 21 2
split_gain=880.154 186.52 83.1668 76.575 51.8461 34.316 26.2637 20.9542 14.3483 14.0023 13.3307 11.6301 10.8754 10.0662 9.51694 9.40527 8.86421 8.83262 8.12958 8.10354 7.8182 7.80801 7.29177 7.56599 6.10655 6.01114 5.78662 5.7572 7.22329 5.64822 5.43715 5.26339 5.00845 4.97187 4.56602 4.50647 4.4511 4.1162 4.10627 4.07956 4.07809 3.60673 3.60276 3.59746 3.48558 3.12768 2.87825 2.82388 2.71162 2.6672 2.52633 2.42095 2.3531 2.29678 2.22447 2.21313 2.20159 2.17787 5.06928 2.176 2.12565 2.08164
threshold=7.5000000000000009 1.5000000000000002 56.510000000000012 10.500000000000002 103.15476190476191 0.834963398605157 2.5000000000000004 1.3333348021374041 1.5000000000000002 41.894444444444453 31.01136363636364 0.2191019455211918 0 1 1.8765102211971108 13.500000000000002 474.3300000000001 1.3038311312255908 73.679487179487197 1.0000000180025095e-35 77.211111111111123 2 0.096051933463503422 0.54699195300243819 3 180.50000000000003 4 2.86145757513032 151.50000000000003 5 6 48.500000000000007 15.500000000000002 753.94500000000005 744.50500000000022 8.2500000000000018 1.0003477148731774 325.50000000000006 7 8 1.1050518096545374 0.16350434479718814 1.4377113959496277 2.2496246403557194 9 1.5975481647756238 10 279.98000000000008 2.5890492971011794 1447.2850000000001 11 1.1786302173700831 144.50000000000003 12 2.0391055399879474 181.50000000000003 13 14 40.067816091954036 15 142.47222222222226 16
decision_type=2 2 2 2 2 2 2 2 2 2 2 2 1 9 2 2 2 2 2 2 2 9 2 2 9 2 9 2 2 1 1 2 2 2 2 2 2 2 1 9 2 2 2 2 1 2 1 2 2 2 9 2 2 9 2 2 1 9 2 9 2 1
left_child=1 4 6 9 5 22 12 21 16 37 35 31 27 -11 20 29 56 39 -18 54 -13 34 32 -24 -14 -16 -25 28 -3 49 51 41 53 -15 43 -8 -23 38 -2 -6 -26 -7 -39 -4 -35 -31 -36 -21 -29 -5 -33 -12 -38 -1 -19 -37 -9 58 -40 -41 -49 -61
right_child=3 2 7 15 17 11 10 8 -10 13 30 14 24 33 25 -17 18 19 -20 47 -22 36 23 26 40 -27 -28 48 -30 45 -32 50 -34 44 46 55 52 42 57 59 -42 -43 -44 -45 -46 -47 -48 60 -50 -51 -52 -53 -54 -55 -56 -57 -58 -59 -60 61 -62 -63
leaf_value=-0.20346927233561624 -0.53636259747391046 -0.58916622196957891 -0.78732889170796627 -0.7799996176931463 -0.35564205944342792 -1.1477776795953776 -0.44223805375478281 0.036091809095962546 -1.3705765775086203 -0.24918313636955106 -0.32705496276887658 0.13125214170978677 -0.28646404196081365 -0.68224425543074974 1.6234629040512596 -1.2065195771037931 0.012376301543046964 0.97943092802813525 0.5569523151228094 1.3206705964602869 0.69984071131811909 -0.82569661165420571 -0.72290281340795914 -0.53094247141461026 -0.90659730848625542 2.8105284841096401 0.027601612107246255 0.25825316627390738 -0.11234816223469749 -0.86200022635957529 -0.73989739411527489 -0.19075833626170119 -1.060436289791669 -0.25086490831318503 0.11181728828867109 -0.96425011053377419 -0.21897118986078859 -0.47205911040394438 -0.85006245490026588 1.603600592925595 -0.61709720765752185 0.012245113923139251 -0.31576804373730244 -0.37893196845803101 -0.66355055187531597 -0.44880792330085434 -0.41448687524928574 1.4814413298261231 -1.1175001270353562 -0.65817777403752076 1.0783708535059049 0.40404525805912184 0.18627004643843481 0.77874093269276801 -1.3489743747922633 -0.64089738726782064 -0.72159306549584679 -0.77595516226147021 0.059483669490580038 0.53526002956883456 3.2714028253657492 1.0097732753259037
leaf_weight=137 124 309 319 150 246 183 38 221 370 361 83 2342 599 189 2974 843 1992 183 4519 425 2365 104 509 540 186 2198 921 651 486 872 690 518 22 177 146 391 341 62 220 884 1306 131 103 118 875 38 332 2486 114 162 545 57 426 370 127 64 300 979 42 716 6534 2238
leaf_count=137 124 309 319 150 246 183 38 221 370 361 83 2342 599 189 2974 843 1992 183 4519 425 2365 104 509 540 186 2198 921 651 486 872 690 518 22 177 146 391 341 62 220 884 1306 131 103 118 875 38 332 2486 114 162 545 57 426 370 127 64 300 979 42 716 6534 2238
internal_value=7.26744e-05 0.00248928 -0.00217261 -0.0193245 0.00488368 0.00270297 -0.00737894 0.000641932 0.00181972 -0.0143381 -0.0134333 0.00388134 -0.00516215 -0.0109502 0.00448163 -0.0268315 0.0023312 0.00704649 0.00283812 0.00787431 0.00283174 -0.00420626 -0.00258293 -0.00399138 -0.00751545 0.00597101 -0.00210895 -0.00190718 -0.00490288 -0.0236939 -0.00939376 -0.000389493 0.00256109 -0.0130682 -0.00739494 -0.0200353 -0.000692873 -0.0178245 -0.0187774 0.00505261 -0.0092691 -0.00607256 -0.0094494 -0.0112216 -0.0116588 -0.0260834 -0.00389813 0.00813532 0.00112305 -0.0150769 0.00125469 0 0.000568182 0.00370098 0 -0.0214247 -0.00388836 -0.019687 -0.0126364 0.00544664 0.00832872 0.00469329
internal_weight=46953 41756 14162 5197 27594 13755 4974 9188 7402 3132 1323 11256 3651 1602 9879 2065 7032 13839 6511 9755 4707 1786 2499 1970 2091 5172 1461 1560 795 1222 830 1377 529 1241 915 493 871 1530 1365 4084 1492 314 165 437 1052 910 478 9445 765 312 1063 140 767 507 310 455 521 1241 262 3838 9020 2954
internal_count=46953 41756 14162 5197 27594 13755 4974 9188 7402 3132 1323 11256 3651 1602 9879 2065 7032 13839 6511 9755 4707 1786 2499 1970 2091 5172 1461 1560 795 1222 830 1377 529 1241 915 493 871 1530 1365 4084 1492 314 165 437 1052 910 478 9445 765 312 1063 140 767 507 310 455 521 1241 262 3838 9020 2954
cat_boundaries=0 1 3 5 7 9 10 11 12 14 15 16 18 20 21 23 24 25
cat_threshold=716 2248966205 262273 549458010 119329 2441397532 1328640 538317122 102416 524 512 512 2163712 1705993 516 1548 536907786 22017 570429440 4096 782 33587237 802832 16 67
is_linear=0
shrinkage=0.05


Tree=11
num_leaves=63
num_cat=24
split_feature=15 20 15 15 16 13 7 7 22 8 2 1 20 2 2 2 1 15 10 16 1 1 19 0 2 23 8 22 2 1 15 1 5 1 1 1 20 10 7 1 1 15 1 5 16 5 16 9 1 0 9 1 15 7 19 15 22 22 9 1 2 7
split_gain=816.488 210.738 75.0505 34.86 33.3827 29.1421 22.5599 15.1673 14.037 13.7022 12.7175 12.1969 12.1248 8.48967 7.87204 7.14408 7.13094 6.64626 6.32479 6.32064 5.61039 5.55697 5.48194 5.34432 11.3902 5.20615 5.18842 4.92357 4.91162 4.89276 4.70313 4.43628 4.356 4.26776 3.82576 3.74243 3.48176 4.6348 3.45285 3.40098 3.29124 3.27767 3.16266 3.07703 2.86853 2.85164 2.65213 2.63227 2.46749 2.44713 2.30239 2.18013 2.12901 3.20128 1.93184 1.92972 1.88049 1.86403 1.8139 1.80064 1.77787 1.80683
threshold=7.5000000000000009 82.500000000000014 10.500000000000002 3.5000000000000004 1.0523447728281605 1.5000000000000002 540.25000000000011 378.3250000000001 24.328866076759986 314.72500000000008 0 1 162.50000000000003 2 3 4 5 5.5000000000000009 2480.1800000000007 1.5240983262565422 6 7 1575.0550000000003 8 9 9.5000000000000018 273.02000000000004 31.672533032370989 10 11 8.5000000000000018 12 45.500000000000007 13 14 15 41.500000000000007 2511.3500000000004 678.08000000000015 16 17 5.5000000000000009 18 82.500000000000014 1.0080916135409423 180.50000000000003 1.4001024020004016 2024.7700000000002 19 20 474.3300000000001 21 13.500000000000002 495.41500000000008 2440.5200000000004 4.5000000000000009 9.7732625117360676 37.552143217275834 1080.2850000000003 22 23 1229.6150000000005
decision_type=2 2 2 2 2 2 2 2 2 2 1 9 2 1 1 1 9 2 2 2 9 9 2 1 1 2 2 2 1 9 2 9 2 9 9 9 2 2 2 9 9 2 9 2 2 2 2 2 9 1 2 9 2 2 2 2 2 2 2 9 1 2
left_child=1 4 7 12 10 6 11 21 19 33 36 26 22 52 -13 60 18 28 -8 45 -15 -2 23 34 -25 38 -6 44 59 -21 35 47 -18 -5 -3 -17 43 51 39 -14 -19 -33 -30 57 49 -7 -32 -10 -24 -12 -29 -38 53 -4 -50 -35 -23 -1 -45 -11 -9 -62
right_child=2 3 13 9 5 8 16 15 31 17 27 14 25 20 -16 30 32 40 -20 29 -22 56 48 24 -26 -27 -28 50 42 -31 46 41 -34 55 -36 -37 37 -39 -40 -41 -42 -43 -44 58 -46 -47 -48 -49 54 -51 -52 -53 -54 -55 -56 -57 -58 -59 -60 -61 61 -63
leaf_value=-1.0606124328114732 -0.69898296068378363 0.82817903758086586 -0.80985924975315415 -0.6653736340022427 -0.75401713465890818 -1.0291028360901864 0.19756281970882592 -0.035487268184139963 -0.68548928695448608 0.57685222419272564 -0.82683311549406469 0.64546328510703255 0.18963146596491606 -1.0472636313622115 -0.15498996789524036 -0.020106003570983244 -0.03796658635160597 -0.35268651776970472 -0.26127681865297564 -1.0004713569741439 -0.88565090199707197 -1.0532042901126215 0.68521842798906007 -1.8876297747732373 0.79570399104164125 0.02785109329502369 -0.36133397451611793 -1.1272886171426566 0.46977154616020916 -0.52429689702545101 -0.7613702528944587 0.50286597061515903 0.56746112507280311 0.2921473247327443 1.4423242826060616 -0.63653244433568024 0.34083922533862288 -0.63757523442909059 3.5078326840974614 2.2834290898806571 0.15103834400745875 -0.50500842803206669 0.18824725227385822 -0.70119857479188463 -0.20275791190263792 -0.65337357297316923 -0.58117939358678494 -1.4952733781691574 0.19884605979746495 -1.061293294360065 -0.52826938194307371 -0.17741223584762125 -1.0103324576173305 -0.48060440697434414 -0.33363514225430174 -0.32549591816626422 -0.59813097905847279 -0.29882156721291459 -0.11796699219303655 1.0632223654036292 -0.41642117172711379 0.1335695346863206
leaf_weight=71 943 954 181 573 374 91 2731 150 370 320 408 368 222 1107 4137 106 485 429 976 554 437 24 717 230 1563 219 604 108 1104 510 252 613 2352 216 3476 480 237 159 5015 5317 289 344 1956 232 51 25 392 72 391 240 323 644 209 131 196 147 373 32 157 1154 358 54
leaf_count=71 943 954 181 573 374 91 2731 150 370 320 408 368 222 1107 4137 106 485 429 976 554 437 24 717 230 1563 219 604 108 1104 510 252 613 2352 216 3476 480 237 159 5015 5317 289 344 1956 232 51 25 392 72 391 240 323 644 209 131 196 147 373 32 157 1154 358 54
internal_value=7.90634e-05 0.00240667 -0.0186034 0.00538974 -0.00182097 -0.000877883 0.000152743 -0.0136683 -0.0056981 0.00213213 -0.00696998 -0.00220789 0.00648801 -0.0260336 -0.00108178 -0.0105571 0.00213838 0.00313035 0.000668683 -0.00972105 -0.0282595 -0.0177587 0.0049253 0.0055473 0.00318068 0.00757354 -0.00724016 -0.0110017 0.00384064 -0.008388 -0.0127313 -0.00225571 0.00402193 -0.00340788 0.00649109 -0.00929542 -0.00385113 -0.00215724 0.00773184 0.00681839 -0.00128294 -0.000244845 0.00263586 -0.00737374 -0.0137642 -0.0210084 -0.0159196 -0.00631868 0.00191278 -0.0146697 -0.00659562 -0.000664593 -0.0183287 -0.0152381 -0.0004375 0.000764628 -0.011189 -0.0152123 -0.00507015 0.00623739 -0.00534783 -0.00705882
internal_weight=46953 41756 5197 24488 17268 14606 12027 3132 2579 6188 2662 5483 18300 2065 4505 1792 6544 5252 3707 1180 1544 1340 7527 6223 1793 10773 978 1130 4534 1064 1230 1399 2837 936 4430 586 1532 1040 10554 5539 718 957 3060 492 699 116 644 442 1304 648 431 881 521 312 587 363 397 103 389 1474 562 412
internal_count=46953 41756 5197 24488 17268 14606 12027 3132 2579 6188 2662 5483 18300 2065 4505 1792 6544 5252 3707 1180 1544 1340 7527 6223 1793 10773 978 1130 4534 1064 1230 1399 2837 936 4430 586 1532 1040 10554 5539 718 957 3060 492 699 116 644 442 1304 648 431 881 521 312 587 363 397 103 389 1474 562 412
cat_boundaries=0 1 3 4 5 6 8 10 12 13 14 15 17 19 21 23 25 27 29 31 33 34 36 38 39
cat_threshold=2606 14815272 4112 524 512 556 1913914597 590636 536907851 332544 2721058882 4610 1 256 1804 2718991032 327808 381158468 282753 2720534657 266240 2565541923 1591299 2181038081 16528 86016 1060864 2684620961 295440 2654261761 365782 33849477 344712 1 4241 282640 2164441448 107521 512
is_linear=0
shrinkage=0.05


Tree=12
num_leaves=63
num_cat=12
split_feature=15 20 15 14 21 21 17 17 2 7 17 7 21 21 18 21 20 17 20 21 20 2 21 14 2 8 21 20 9 15 22 19 2 7 18 16 8 19 17 2 8 7 2 2 20 2 20 17 2 21 20 17 2 17 21 4 20 21 11 7 19 4
split_gain=769.283 194.075 73.3525 46.9701 40.4183 30.2552 28.8357 21.7285 15.2766 14.5686 9.77098 9.41129 10.1239 8.92029 8.88901 8.63625 7.5961 7.3662 7.15696 6.88862 5.72175 5.47404 5.43383 5.36961 5.36408 5.10419 5.0446 4.49956 4.3861 4.16654 4.1465 4.11384 3.76628 3.76062 3.73663 3.73013 3.63236 4.08282 3.58235 3.01578 6.14118 2.82336 2.75171 2.74485 2.71761 2.64804 2.77307 2.60339 2.53751 2.4216 2.2475 2.19911 2.18289 2.07773 2.04583 2.0449 2.01152 1.98575 1.87812 1.74631 1.6722 1.58307
threshold=7.5000000000000009 82.500000000000014 10.500000000000002 2.5000000000000004 110.04166666666667 36.633928571428577 1.2500038685535702 0.834963398605157 0 384.54000000000008 1.8868578854467855 545.35000000000014 78.422619047619065 36.013888888888893 1.4790018832391716 66.026315789473699 141.50000000000003 1.1940127383997228 35.500000000000007 59.020833333333336 1.0000000180025095e-35 1 41.894444444444453 1.0000000180025095e-35 2 378.30500000000006 52.547727272727279 112.50000000000001 363.92500000000013 8.5000000000000018 19.222816299354619 1396.4250000000002 3 326.75000000000006 0.2269160759053343 1.2000004164110369 425.72000000000003 4061.6550000000011 1.4275268102076282 4 249.36000000000004 805.97500000000014 5 6 6.5000000000000009 7 145.50000000000003 0.28277975090552837 8 70.091666666666683 95.500000000000014 1.6000008328238076 9 0.74244641340515372 67.026315789473699 10 16.500000000000004 53.081666666666671 551.18500000000006 352.15000000000003 986.02499999999998 11
decision_type=2 2 2 2 2 2 2 2 1 2 2 2 2 2 2 2 2 2 2 2 2 1 2 2 1 2 2 2 2 2 2 2 1 2 2 2 2 2 2 1 2 2 1 1 2 1 2 2 1 2 2 2 1 2 2 9 2 2 2 2 2 9
left_child=1 3 9 6 7 18 19 23 36 22 15 12 -10 -11 38 16 -9 48 -5 28 -13 -15 -2 50 -16 47 52 42 -1 41 -24 -17 -30 -28 -29 -20 37 -8 -4 40 -21 -23 -12 -31 -35 -19 58 -25 53 -38 -3 -26 59 -6 -27 -50 -32 -58 -47 -7 -55 -41
right_child=2 4 14 5 17 26 8 10 11 13 27 20 -14 21 24 31 -18 45 35 39 -22 29 30 25 51 54 33 34 32 43 56 -33 -34 44 -36 -37 49 -39 -40 61 -42 -43 -44 -45 -46 46 -48 -49 55 -51 -52 -53 -54 60 -56 -57 57 -59 -60 -61 -62 -63
leaf_value=-0.76187283434332187 -0.73267895044713249 -1.0997544947587363 -1.0492711089335447 -0.99118939712815823 -1.2271803006242452 -0.70170851145047874 0.13358801637757375 -0.27269133722215683 -0.50010293387182558 -0.79801063856072862 0.97648210020035098 0.92978654226487056 0.072819989378931291 0.2480086608701651 -0.69050374451485519 0.63703848826221887 1.0540387700433944 2.6014806032136115 -0.609648691437635 -0.88639977889580457 -0.05294336155482951 -0.39919025356142213 -0.28864986376614521 -0.94439170915211723 -0.83993563559166384 -0.28755884964898437 -0.56227084741223599 0.65117424239228827 -0.14611732366603009 -0.66787886090207227 -0.54987293759385369 -0.014136620382767529 -0.4972404695004784 -1.4167118813101003 2.8262263465511652 -0.22913461274016333 0.29335865221764801 -1.3304287118343596 -0.86922960770657776 0.072799470354253965 -0.25790161947926649 -0.21822223033554222 0.052976808211415975 -0.37975130460991413 0.060996759484872244 -0.33884318908764616 2.6732395463134355 -0.55422209121271526 1.7171771432109422 0.80397521660042814 0.61796354616781612 -0.36012137557698615 -0.73945495403538042 0.65509035190991449 0.16896427682966833 0.92730739640604876 -0.67167540816095139 -0.52001093591713887 1.3066896005463702 0.15049657972651015 -1.2590140326045334 -0.29379428162543658
leaf_weight=233 677 52 930 421 62 42 1213 972 2459 301 372 1370 1464 109 310 3398 814 2524 177 205 2746 455 118 55 697 428 340 361 325 283 59 508 649 124 2751 78 1441 24 108 458 533 264 552 361 593 79 5254 652 579 1336 486 20 357 237 508 1727 300 205 2063 96 54 584
leaf_count=233 677 52 930 421 62 42 1213 972 2459 301 372 1370 1464 109 310 3398 814 2524 177 205 2746 455 118 55 697 428 340 361 325 283 59 508 649 124 2751 78 1441 24 108 458 533 264 552 361 593 79 5254 652 579 1336 486 20 357 237 508 1727 300 205 2063 96 54 584
internal_value=9.82303e-05 0.00235758 -0.0180361 -0.00169938 0.00522029 -0.00847154 -0.000691351 0.00312395 0.000395032 -0.0131579 0.00413627 -0.000858482 -0.00261398 -0.0100718 -0.0253808 0.00278314 -6.98714e-05 0.00719977 -0.0173049 -0.00508779 0.000801165 -0.00837288 -0.0171164 -0.0013679 -0.0217112 -0.00280225 -0.00456592 0.00602872 -0.00802686 -0.0092024 -0.0136131 0.00409951 -0.00642272 -0.00253538 0.00695024 -0.010126 0.0029116 0.000614919 -0.0288905 -0.00305665 -0.00549268 -0.00645776 0.00285868 -0.0122875 -0.000399306 0.00783533 0.00726144 -0.00600352 0.00480372 0.00392536 0.00291128 -0.0245034 -0.00876004 0.000580601 -0.000319489 0.00540103 -0.0154321 -0.0165108 0.00565268 -0.00215232 0.0025085 -0.00120853
internal_weight=46953 41756 5197 17268 24488 2228 15040 11909 12053 3132 9728 8039 3923 1773 2065 5692 1786 12579 676 2987 4116 1472 1359 2181 1027 1643 1552 4036 1207 1363 682 3906 974 1057 3112 255 4014 1237 1038 1780 738 719 924 644 717 9920 7396 707 2659 2777 538 717 495 353 936 2306 564 505 2142 138 291 1042
internal_count=46953 41756 5197 17268 24488 2228 15040 11909 12053 3132 9728 8039 3923 1773 2065 5692 1786 12579 676 2987 4116 1472 1359 2181 1027 1643 1552 4036 1207 1363 682 3906 974 1057 3112 255 4014 1237 1038 1780 738 719 924 644 717 9920 7396 707 2659 2777 538 717 495 353 936 2306 564 505 2142 138 291 1042
cat_boundaries=0 1 2 3 4 5 6 7 8 9 10 11 12
cat_threshold=588 512 1548 540 1233 1644 209 772 65 2561 16 24
is_linear=0
shrinkage=0.05


Tree=13
num_leaves=63
num_cat=18
split_feature=15 20 15 21 21 20 2 16 20 20 7 21 8 20 2 21 1 7 16 1 7 21 21 2 2 2 1 2 8 7 8 9 21 1 1 1 19 7 1 6 21 21 7 22 21 8 20 1 1 7 2 1 2 21 7 11 20 21 22 20 22 19
split_gain=714.64 182.552 68.895 39.8789 34.8166 48.6111 23.6596 16.012 15.6791 15.3556 14.7321 14.2676 13.2271 13.2016 9.82769 8.98185 8.78419 8.70404 7.28851 7.14834 6.95288 6.63764 6.50826 6.272 5.80018 5.33193 4.99723 5.48885 4.89746 4.45892 4.36521 4.12057 3.93276 3.88614 3.75027 3.70869 3.34763 3.22111 3.10823 2.94056 2.91854 2.74298 2.52656 2.51612 2.50225 2.60883 2.50035 3.16427 2.36429 2.25897 2.19941 2.17778 2.06692 2.0302 2.49026 1.93294 1.82082 1.74029 1.67125 1.66042 1.93706 1.57026
threshold=7.5000000000000009 82.500000000000014 10.500000000000002 122.68333333333335 73.031250000000014 1.0000000180025095e-35 0 1.0258775014553627 175.50000000000003 9.5000000000000018 384.54000000000008 77.937254901960799 291.44000000000011 35.500000000000007 1 36.013888888888893 2 363.7050000000001 0.21398758978544236 3 358.89000000000004 1.0000000180025095e-35 15.370192307692308 4 5 6 7 8 156.88500000000002 661.36500000000012 765.03000000000009 1383.9250000000004 78.422619047619065 9 10 11 4061.6550000000011 504.35000000000008 12 1734.8500000000001 46.759615384615394 41.12916666666667 720.63000000000011 90.792345473780117 38.050125313283218 1083.2500000000002 118.50000000000001 13 14 726.9100000000002 15 16 17 30.27525252525253 720.34500000000014 2239.7250000000004 16.500000000000004 53.081666666666671 64.029420319066219 1.5000000000000002 40.741052183710444 3555.0250000000005
decision_type=2 2 2 2 2 2 1 2 2 2 2 2 2 2 1 2 9 2 2 9 2 2 2 1 1 1 9 1 2 2 2 2 2 9 9 9 2 2 9 2 2 2 2 2 2 2 2 9 9 2 1 9 1 2 2 2 2 2 2 2 2 2
left_child=1 4 10 8 5 14 20 18 11 31 19 17 24 -9 42 -12 25 23 -8 56 51 -19 -10 -3 -11 -4 27 -17 -16 46 33 39 37 -13 43 -26 -30 -24 -32 -6 -29 -21 -1 -14 45 -28 47 -5 -22 -46 -49 -7 -36 -18 -55 58 -2 -58 -48 -33 -61 -44
right_child=2 3 16 29 9 6 7 13 22 12 15 30 34 -15 28 26 53 21 -20 41 48 -23 32 -25 35 -27 44 40 36 -31 38 59 -34 -35 52 -37 -38 -39 -40 -41 -42 -43 61 -45 49 -47 55 50 -50 -51 -52 -53 -54 54 -56 -57 57 -59 -60 60 -62 -63
leaf_value=-0.86422680703840082 -0.65898780100595589 -0.67172977678722257 -0.76178556911344131 1.3760742897645042 1.1277020775846507 -0.059086750009534228 -0.53456779560258438 -0.73332482893775808 3.2537733211489819 -0.71357995640870975 -0.75811010663269229 0.17216534457404864 0.30568835358155583 -0.24571223797506178 -1.6372130433124186 -0.019287519481735772 -0.87978168613483021 1.0078656930047687 -0.74454194035167376 -0.87769494088177502 0.37984214723143489 -0.023286672666600606 -0.78936412618802143 0.036548057407237877 -0.62646472958504584 -0.94956976232410895 -0.62642290516948385 -0.6250165528993179 1.4092504471534759 2.6248366161511232 0.53008357769453673 -0.59546780154309953 0.96612613204849751 0.51355748507135102 0.29725244298790321 0.19124442206387082 -0.559083401843818 0.56277766847378108 1.0149993067859868 -1.2689812089963843 -0.37897684425569267 -0.40470337358699537 0.60566594554970976 -0.37173041349813229 -0.34344871882473654 0.027836505155830693 2.0818863814483608 1.222712433667634 0.0091108071911929055 0.081262495113963065 -0.037074801139516465 -0.7152736375457085 0.81780967994658915 -0.72529247913237649 -0.28913735828688386 0.69307457291588603 -0.65320117049306248 -0.49862654881848273 1.5135871994427477 -1.3001454185754948 -1.6665506005888582 -0.97268402465810255
leaf_weight=219 88 608 359 360 126 217 339 1863 2486 389 301 1457 1597 3528 47 155 353 1241 804 161 491 2232 192 517 232 1064 46 457 2074 5159 564 40 1136 1713 831 769 51 215 1205 400 346 220 212 258 255 23 2824 263 821 190 453 323 1460 209 80 150 733 157 1713 54 100 23
leaf_count=219 88 608 359 360 126 217 339 1863 2486 389 301 1457 1597 3528 47 155 353 1241 804 161 491 2232 192 517 232 1064 46 457 2074 5159 564 40 1136 1713 831 769 51 215 1205 400 346 220 212 258 255 23 2824 263 821 190 453 323 1460 209 80 150 733 157 1713 54 100 23
internal_value=8.65172e-05 0.00226418 -0.0173918 0.00504063 -0.00167043 -0.0033636 -0.0052241 -0.00663281 0.00322242 0.00130212 -0.0126635 0.00210823 0.00220256 -0.00548063 0.00255801 -0.00956503 -0.0245104 9.23712e-05 -0.0120528 -0.0166391 -0.000187668 0.00134134 0.00584387 -0.00371232 -0.0019921 -0.0270978 -0.00786441 -0.0100154 0.00395881 0.00729291 0.00397359 -0.0055325 0.00322607 0.00282855 0.00362135 1.23274e-05 0.00435268 -0.000884146 0.005989 -0.00307183 -0.0117188 -0.00948604 -0.00401499 0.00186697 -0.003463 -0.0123264 0.00629336 0.00398517 0.00174905 -0.00198103 0.00185185 -0.00497238 0.00498589 -0.0179008 -0.0141695 0.0068097 -0.0190464 -0.0200168 0.00699615 -0.011802 -0.014172 -0.000262605
internal_weight=46953 41756 5197 24488 17268 11012 8386 6534 13566 6256 3132 9537 5536 5391 2626 1773 2065 4598 1143 1359 1852 3473 4029 1125 1390 1423 1472 958 2172 10922 4939 720 1543 3170 4146 1001 2125 407 1769 526 803 381 454 1855 514 69 5763 1076 1312 445 716 540 2291 642 289 4687 978 890 4537 194 154 235
internal_count=46953 41756 5197 24488 17268 11012 8386 6534 13566 6256 3132 9537 5536 5391 2626 1773 2065 4598 1143 1359 1852 3473 4029 1125 1390 1423 1472 958 2172 10922 4939 720 1543 3170 4146 1001 2125 407 1769 526 803 381 454 1855 514 69 5763 1076 1312 445 716 540 2291 642 289 4687 978 890 4537 194 154 235
cat_boundaries=0 1 2 4 6 7 8 9 11 12 14 16 18 20 22 24 25 27 28
cat_threshold=524 1 536907849 332544 2721058914 4610 2387 1105 524 540283584 66304 516 2751599816 1248258 872563753 852145 135168 4736 2206867528 813217 2189729801 283153 2148303240 102531 964 536903725 16896 2099
is_linear=0
shrinkage=0.05


Tree=14
num_leaves=63
num_cat=14
split_feature=15 20 15 21 20 17 20 20 16 7 21 21 15 21 17 21 18 7 17 8 20 8 0 1 1 3 7 1 20 16 19 0 17 19 1 18 1 17 1 8 21 19 16 1 8 15 0 1 1 21 21 22 8 17 10 18 21 19 21 18 22 1
split_gain=652.286 170.915 59.3573 48.2952 38.2441 32.8461 24.1452 18.6653 14.4924 14.3672 14.1511 12.2579 11.6442 9.62398 9.58066 8.99147 8.51236 6.9654 6.49139 6.26923 6.16259 7.04541 6.0664 5.70083 5.30469 5.1766 5.15473 5.07646 4.68759 4.22382 4.03945 5.48167 4.27185 3.90799 3.8623 3.86087 3.68832 3.45872 3.3752 3.36124 3.06669 2.90021 2.8777 2.65205 2.69754 2.71681 2.56984 2.56388 2.48305 2.45762 2.42834 3.01007 2.97984 2.27963 2.05576 2.00337 1.97159 1.962 1.88586 1.83158 1.76655 1.68264
threshold=7.5000000000000009 97.500000000000014 10.500000000000002 73.031250000000014 1.0000000180025095e-35 1.2316887983510576 35.500000000000007 49.500000000000007 1.0258775014553627 384.54000000000008 78.422619047619065 50.017857142857146 2.5000000000000004 36.013888888888893 1.0823707130176594 130.84523809523813 0.12827598796495057 448.42500000000007 1.2261993361720163 178.00500000000002 8.5000000000000018 463.15000000000003 0 1 2 3 355.88500000000005 4 230.50000000000003 0.30277202552580945 1893.2550000000001 5 1.8526426021873788 2155.27 6 1.4225947496217055 7 1.679717918764785 8 1694.8200000000004 39.644009216589872 734.67000000000019 2.0212860158718047 9 -1.0000000180025095e-35 1.5000000000000002 10 11 12 110.84523809523812 39.121323529411775 46.157940644832969 1157.5250000000003 1.3038311312255908 264.97000000000008 0.11538063622296595 47.339743589743598 775.45000000000005 15.370192307692308 0.49581893914858405 15.465299293718589 13
decision_type=2 2 2 2 2 2 2 2 2 2 2 2 2 2 2 2 2 2 2 2 2 2 1 9 9 1 2 9 2 2 2 1 2 2 9 2 9 2 9 2 2 2 2 9 2 2 1 9 9 2 2 2 2 2 2 2 2 2 2 2 2 9
left_child=1 3 9 4 16 10 11 20 29 23 27 12 -6 -11 35 30 33 34 -10 -13 39 38 25 56 37 -18 -16 28 46 -8 31 32 -7 -1 -9 -4 -33 -15 -22 48 -25 -23 -28 -12 -45 -46 -3 59 -5 -36 52 -52 -26 60 -29 -17 -2 -24 -30 -19 -42 -32
right_child=2 5 14 7 6 15 8 17 18 13 43 19 -14 24 26 55 22 47 -20 -21 21 41 57 40 50 -27 42 54 58 -31 61 36 -34 -35 49 -37 -38 -39 -40 -41 53 -43 -44 44 45 -47 -48 -49 -50 -51 51 -53 -54 -55 -56 -57 -58 -59 -60 -61 -62 -63
leaf_value=0.18585910266326522 -0.65499542622829421 -0.35934812397921356 -1.083899857023249 -1.3489147001775061 -0.8608729177386405 0.89509008282063796 -0.37892290522395788 -0.70450596385396447 -0.28292179823592706 -0.72020460130105768 -0.069142097729463364 -0.69638040514066513 -0.81174100302726804 -0.58786435258243441 -0.77920599526664514 1.0728617589874665 0.43501056876815858 -0.6327462649025215 -0.068068685418277222 -0.30406077315296004 0.18224486272889318 0.57307584196095962 0.073671011608941767 -0.82443914682679353 -0.56661317998055227 2.9413518446750624 -0.64489340121764949 2.1063418406221421 3.1509512932053032 -0.63528714152625954 1.4122257539762217 -0.26245427429806373 2.7218257350778217 -0.93310799870734229 0.031409677629615017 -0.8368245562244564 0.96006319628061232 0.067808661209099522 -0.59197892219139536 -1.4797466716690613 -0.22277414247862259 -0.28834179992959008 -0.35570269426196011 -2.1700880210263978 3.3393144257014278 0.59129711461140111 -0.76870967657725164 0.76355214803100679 -0.13989574792428955 0.55059161633834786 -0.13311254371021547 -0.41629762019912103 0.047095311539615284 -0.046860059759825129 0.029305483788976974 2.4500751490127906 -0.52812777991827875 -1.1443919054291436 -0.83989817547601975 0.58099715392128282 -0.58189807442331709 0.18985218459935924
leaf_weight=105 568 595 498 279 743 2040 402 133 1580 301 341 155 841 601 387 160 1000 81 4234 940 257 898 188 177 120 1054 594 129 106 766 216 365 2320 146 1159 517 1403 59 720 93 47 329 69 21 428 3672 305 1677 297 919 594 65 33 88 793 7572 299 133 23 1507 180 631
leaf_count=105 568 595 498 279 743 2040 402 133 1580 301 341 155 841 601 387 160 1000 81 4234 940 257 898 188 177 120 1054 594 129 106 766 216 365 2320 146 1159 517 1403 59 720 93 47 329 69 21 428 3672 305 1677 297 919 594 65 33 88 793 7572 299 133 23 1507 180 631
internal_value=0.000104619 0.00218516 -0.0165938 -0.00104898 -0.00304414 0.00534725 -0.00449995 0.00188129 -0.00293844 -0.012201 0.00234765 -0.00854306 -0.0113737 -0.00914274 -0.0232048 0.00665109 0.00229175 0.00359555 -0.0019039 -0.00438297 -0.00136909 -6.79656e-05 0.00323276 -0.0161252 -0.00738983 0.00424161 -0.0195394 -0.00118347 -0.00358685 -0.00802733 0.00532208 0.00577394 0.00673848 -0.00634843 0.00139453 -0.0268787 0.00335968 -0.0107727 -0.00325255 -0.00556176 -0.0105941 0.00242886 -0.0164602 0.00390258 0.00424831 0.00436266 -0.00492802 0.00506808 -0.00397237 0.00194883 -0.00436364 -0.0029645 -0.0101763 -0.00742925 0.00147059 0.00784098 -0.018821 -0.00304784 0.00501894 0.00346658 -0.0100543 0.00198529
internal_weight=46953 41756 5197 20636 12287 21120 9661 8349 6982 3132 6413 2679 1584 1773 2065 14707 2626 5476 5814 1095 2873 2204 2375 1359 1472 2054 1050 1951 1029 1168 6975 6128 4360 251 2211 1015 1768 660 977 669 492 1227 663 4462 4121 4100 900 3265 576 2078 812 659 153 315 922 7732 867 321 129 1588 227 847
internal_count=46953 41756 5197 20636 12287 21120 9661 8349 6982 3132 6413 2679 1584 1773 2065 14707 2626 5476 5814 1095 2873 2204 2375 1359 1472 2054 1050 1951 1029 1168 6975 6128 4360 251 2211 1015 1768 660 977 669 492 1227 663 4462 4121 4100 900 3265 576 2078 812 659 153 315 922 7732 867 321 129 1588 227 847
cat_boundaries=0 1 3 5 6 8 9 11 13 15 17 18 20 22 24
cat_threshold=1 2684358722 4610 3412672 66432 1 541478938 315954 1 2101248 8194 271372356 1184288 2181333125 128 2228288 1574989 1 3045639213 739416 539230340 20609 33620036 344080
is_linear=0
shrinkage=0.05


Tree=15
num_leaves=63
num_cat=13
split_feature=15 14 21 15 21 7 14 7 8 7 21 15 12 21 2 2 15 2 2 21 7 6 2 6 7 21 2 0 21 22 2 8 6 15 2 7 11 7 21 7 16 21 15 22 23 22 7 16 2 7 16 9 10 22 0 2 9 21 11 16 6 0
split_gain=593.818 128.177 63.0454 52.3316 40.7542 21.7228 17.9272 16.7308 15.682 14.2493 9.61532 9.33026 8.90309 8.82917 8.79205 8.74171 8.42985 8.35404 7.48854 7.08855 6.82275 6.24019 6.072 5.86075 5.68157 5.58838 5.14033 4.80736 4.60602 4.85299 4.58712 3.97751 3.93284 3.95781 3.83128 3.81265 4.86386 3.70842 3.38325 3.36138 3.10762 3.03658 2.91736 2.91697 2.91199 4.32814 2.84497 2.80684 2.67263 2.54045 2.34277 2.305 2.05483 2.02458 1.9855 1.9745 1.8134 3.30585 1.80626 1.77507 1.73462 1.62685
threshold=7.5000000000000009 1.5000000000000002 56.510000000000012 10.500000000000002 127.34848484848486 342.00500000000005 2.5000000000000004 -1.0000000180025095e-35 270.02500000000003 384.54000000000008 36.013888888888893 4.5000000000000009 1.5000000000000002 33.507575757575765 0 1 5.5000000000000009 2 3 73.679487179487197 -1.0000000180025095e-35 4496.4800000000005 4 2501.0100000000007 337.01500000000004 79.677083333333357 5 6 41.894444444444453 20.241459066510554 7 63.055000000000007 1376.8900000000001 2.5000000000000004 8 720.63000000000011 7091.0400000000018 540.25000000000011 23.732142857142861 115.38000000000001 0.50001621200057411 202.3666666666667 8.5000000000000018 135.13573387271194 2.5000000000000004 12.907058374691116 540.25000000000011 1 9 1051.8350000000003 1.4001024020004016 1196.6800000000003 2017.2650000000001 7.0828333482315324 10 11 378.30500000000006 78.422619047619065 821.53000000000009 0.77765258868887044 1734.8500000000001 12
decision_type=2 2 2 2 2 2 2 2 2 2 2 2 2 2 1 1 2 1 1 2 2 2 1 2 2 2 1 1 2 2 1 2 2 2 1 2 2 2 2 2 2 2 2 2 2 2 2 2 1 2 2 2 2 2 1 1 2 2 2 2 2 1
left_child=1 4 6 9 5 11 17 -6 25 28 -11 20 15 44 38 47 18 32 27 -17 53 35 -22 -20 26 48 58 -7 -2 52 -12 -28 -3 -34 -15 -16 -37 61 -5 -27 -31 43 -32 -26 -8 -46 -40 -10 -4 -14 -44 -39 -30 -1 -36 -18 57 -13 -9 -50 -51 -19
right_child=3 2 8 14 7 16 13 24 12 10 30 56 49 34 21 19 55 37 23 -21 22 -23 -24 -25 41 39 31 -29 29 40 42 -33 33 -35 54 36 -38 51 46 -41 -42 -43 50 -45 45 -47 -48 -49 59 60 -52 -53 -54 -55 -56 -57 -58 -59 -60 -61 -62 -63
leaf_value=-1.2018815429509009 -0.63063517308870809 0.32556422705270976 -0.22075409584563188 -0.97171304467077668 -1.5031275326457849 1.2110486486600434 -0.56964706855472369 2.3192722733879201 -0.1871335067421841 -0.68419437123600491 -0.14825069276011044 -0.5785394767670482 -0.43710362548855336 0.11650332739674019 -0.67266444001485437 -0.16679751826565622 0.085098631561403432 -0.46523286477428255 0.69969093642490732 0.21595030708275653 0.58960035304557812 -1.120213736170335 -0.24303113355312986 0.16450966634855144 1.5950334843187202 -0.6984021479722351 -2.0722769642322816 0.61103144630985684 -0.0022706481727341912 -0.23976663945747767 -0.38951692431470647 0.36718438920478302 0.059967310082689809 -0.39517631373715684 -0.47391956739722485 -0.10640940693315343 -0.52057476323635432 0.0015621395034416175 -0.63985315359981498 0.10553152060317608 -0.5367181694920381 3.4342981625534472 -0.60871685071027537 0.62077088752723997 -0.91868326875122541 -0.9588170944895259 -0.29311701468560475 0.51759787366724808 -1.0181902613528848 1.1156474236309133 -0.41507323591028933 -0.38305434489636597 -1.2527579991437652 -0.13576466064352263 -0.71064888363393242 -0.32370507898249112 -0.22702155367386789 0.059997148646909616 0.90372998613363953 -0.541546048533041 -1.2065834890642115 -0.7420874802115901
leaf_weight=90 677 232 127 119 114 3247 312 730 192 301 502 410 226 124 738 1549 226 659 5974 2659 1680 574 1143 2513 4792 272 47 1010 110 38 511 540 619 709 390 60 172 252 253 449 511 3510 165 251 165 91 149 3070 112 29 294 673 23 40 241 386 173 94 624 323 180 507
leaf_count=90 677 232 127 119 114 3247 312 730 192 301 502 410 226 124 738 1549 226 659 5974 2659 1680 574 1143 2513 4792 272 47 1010 110 38 511 540 619 709 390 60 172 252 253 449 511 3510 165 251 165 91 149 3070 112 29 294 673 23 40 241 386 173 94 624 323 180 507
internal_value=9.82303e-05 0.00208338 -0.0017808 -0.0158341 0.00406838 0.00254429 -0.00631404 0.00650269 0.000669133 -0.0117065 -0.00866413 -0.000873933 0.00150639 -0.0113216 -0.0220442 0.0019169 0.00347706 -0.00447797 0.00375382 0.000390903 0.000325609 -0.0241811 0.000862527 0.00286912 0.00671382 -0.00444207 0.00419882 0.00548302 -0.0156112 -0.0123723 -0.00691525 0.000145833 -0.00162111 -0.00270473 -0.00760224 -0.0215057 -0.0148936 -0.00654111 -0.0147706 -0.00143301 -0.0144701 0.00727706 -0.00892675 0.00643827 -0.0161121 -0.0204633 -0.0124074 0.00385496 -0.00818584 -0.00539384 -0.01204 -0.00408136 -0.00321691 -0.0107143 -0.00910326 -0.00219512 -0.00615809 -0.00769231 0.00587052 -0.00996094 -0.009375 -0.00849016
internal_weight=46953 41756 14162 5197 27594 16986 4974 10608 9188 3132 1773 3630 7905 1323 2065 7470 13356 3651 12744 4208 2953 1544 2823 8487 10494 1283 1941 4257 1359 682 1472 587 1560 1328 755 970 232 2091 521 721 549 8553 970 5043 568 256 402 3262 562 435 459 925 133 130 631 612 677 504 1354 435 209 1166
internal_count=46953 41756 14162 5197 27594 16986 4974 10608 9188 3132 1773 3630 7905 1323 2065 7470 13356 3651 12744 4208 2953 1544 2823 8487 10494 1283 1941 4257 1359 682 1472 587 1560 1328 755 970 232 2091 521 721 549 8553 970 5043 568 256 402 3262 562 435 459 925 133 130 631 612 677 504 1354 435 209 1166
cat_boundaries=0 1 2 3 4 5 6 7 8 9 10 11 12 13
cat_threshold=524 1804 716 1804 1836 2476 1 1580 512 42 1 3664 1
is_linear=0
shrinkage=0.05


Tree=16
num_leaves=63
num_cat=29
split_feature=15 14 21 21 17 21 1 19 14 17 0 2 21 2 2 2 2 2 1 1 1 6 1 1 4 5 1 17 21 15 2 9 1 1 1 1 19 1 1 9 21 2 17 2 1 19 1 5 17 21 22 2 18 1 17 9 15 5 5 10 22 1
split_gain=538.393 119.428 58.0141 46.9266 39.6839 23.3549 21.8643 18.3747 16.9657 14.7816 10.0999 9.91563 9.18606 11.5257 8.62388 8.32057 7.91254 7.52021 7.75589 7.50436 7.17081 7.03027 5.55366 5.2227 4.99876 4.94564 4.90393 4.8197 4.66361 4.59587 4.50616 4.45785 4.37989 4.28737 4.163 4.10686 4.00073 4.32849 3.95233 3.91927 3.66227 3.38722 6.81633 3.31996 3.25168 3.15412 3.01585 3.00557 2.8728 2.64558 2.7357 2.64526 2.5953 2.483 2.45945 2.4117 2.39039 2.37658 2.13731 2.12331 2.08485 2.05643
threshold=7.5000000000000009 1.5000000000000002 56.510000000000012 36.013888888888893 1.2316887983510576 78.422619047619065 0 1561.7550000000001 2.5000000000000004 1.3367109929797316 1 2 73.679487179487197 3 4 5 6 7 8 9 10 4496.4800000000005 11 12 13 313.50000000000006 14 1.8526426021873788 32.972136222910223 4.5000000000000009 15 2580.8950000000009 16 17 18 19 3684.1600000000008 20 21 448.32000000000011 107.04166666666667 22 0.54699195300243819 23 24 3037.1800000000007 25 215.50000000000003 1.6388846051004888 46.759615384615394 22.873051840415012 26 0.12827598796495057 27 2.4112047499401883 928.74500000000012 8.5000000000000018 313.50000000000006 260.50000000000006 5104.6050000000014 82.180420604192321 28
decision_type=2 2 2 2 2 2 9 2 2 2 1 1 2 1 1 1 1 1 9 9 9 2 9 9 9 2 9 2 2 2 1 2 9 9 9 9 2 9 9 2 2 1 2 1 9 2 9 2 2 2 2 1 2 9 2 2 2 2 2 2 2 9
left_child=1 4 8 11 5 23 25 10 16 20 27 38 13 -12 22 34 36 -8 31 39 46 -13 -9 -1 61 49 -18 32 29 -17 -21 56 -6 45 54 -26 37 -3 48 58 -24 42 -25 -41 -14 -16 51 -40 -2 -5 -51 -4 -35 -43 -10 -28 -19 -48 -11 -29 -32 -7
right_child=3 2 9 6 7 24 17 14 15 19 12 21 44 -15 33 28 26 18 -20 30 -22 -23 40 41 35 -27 55 59 -30 -31 60 -33 -34 52 -36 -37 -38 -39 47 43 -42 53 -44 -45 -46 -47 57 -49 -50 50 -52 -53 -54 -55 -56 -57 -58 -59 -60 -61 -62 -63
leaf_value=-0.63883648449601016 -0.82301890114776011 0.14191566229512037 0.058139531023846308 -0.52719049217588287 1.3043557373141559 0.07093643781758488 -0.0043168562696740409 0.84083764901767921 -0.68211982941863669 -0.71030406082258013 -1.3472124784828363 -0.63903121801411156 0.0071930583367580073 1.0101015449834949 0.62498886043044966 -0.58147934780328114 -0.24284743305162665 -0.46234591307284645 -0.22934017263660886 0.79071176333868076 -0.013912287584063422 -1.0562357747006226 -0.51271730741317467 -0.89709198885616037 0.7303035237418769 -0.42442278777800307 -0.61515777065970823 2.8913455557689538 -0.56824896249299162 -0.91360224108422361 0.18145179328021951 -0.12035176541690928 0.78413026750129766 0.12159042144932847 -0.14438413612061404 -0.038204141149272001 -0.92921140839194172 -0.27558616955558896 -0.19653872131106553 0.34283685802917746 0.23629361215320302 0.26716456827679957 -0.1619794223937234 -0.0059874439294645759 1.3988967927023155 -0.93466984495335559 -0.65254927627754944 -0.43019554023080481 -0.47692030069978097 -0.028247472589199598 -0.57578788596837216 -0.49555810952966389 1.7055700816152517 -0.16182834159772919 0.0060289330469654352 -0.51304228624740456 -0.55951100114847452 0.030527305917791472 0.34005820498335171 -1.679578430103652 -0.52624138648239638 0.6741309838204752
leaf_weight=349 354 768 229 493 2728 385 286 498 91 276 514 1006 246 916 448 275 503 520 466 1419 881 583 705 155 596 117 516 6296 428 184 1387 116 1691 228 320 1455 74 1113 94 965 341 400 953 3048 2223 77 260 203 31 36 260 420 1878 1316 25 677 632 38 81 20 184 3176
leaf_count=349 354 768 229 493 2728 385 286 498 91 276 514 1006 246 916 448 275 503 520 466 1419 881 583 705 155 596 117 516 6296 428 184 1387 116 1691 228 320 1455 74 1113 94 965 341 400 953 3048 2223 77 260 203 31 36 260 420 1878 1316 25 677 632 38 81 20 184 3176
internal_value=0.000115267 0.00200556 -0.00172432 -0.0150553 0.00392162 0.00113934 -0.0108143 0.00521808 -0.00607294 0.000625612 0.00605486 -0.020476 0.00384098 0.000610607 0.00227082 -0.0109446 -0.0042864 -0.00772258 -0.00897252 0.00162977 -0.00338613 -0.0228699 -0.000674374 -0.00227881 0.00308103 -0.0173286 -0.0067876 0.006853 -0.0137361 -0.0175595 0.00355478 -0.0110461 0.00553765 0.00400435 -0.00467706 0.00105984 -0.00203887 -0.00155918 -0.0142086 0.000290897 -0.00276204 -0.00151569 -0.00365745 0.000750125 0.00568871 0 -0.00636719 -0.00850806 -0.018059 -0.0189867 -0.0143813 -0.0041352 0.00501416 -8.67553e-05 -0.0124031 -0.00857172 -0.0120779 -0.0106913 -0.0046875 0.0077623 0.00163352 0.00421447
internal_weight=46953 41756 14162 5197 27594 8785 2926 18809 4974 9188 14634 2271 3899 1430 4175 1323 3651 2020 1734 7360 1828 1589 1544 3173 5612 906 1696 10735 887 459 2990 1268 4419 2631 436 2051 1955 1881 682 4370 1046 2824 1108 4013 2469 525 947 297 385 789 296 649 2106 1716 116 1193 1152 298 357 6316 1571 3561
internal_count=46953 41756 14162 5197 27594 8785 2926 18809 4974 9188 14634 2271 3899 1430 4175 1323 3651 2020 1734 7360 1828 1589 1544 3173 5612 906 1696 10735 887 459 2990 1268 4419 2631 436 2051 1955 1881 682 4370 1046 2824 1108 4013 2469 525 947 297 385 789 296 649 2106 1716 116 1193 1152 298 357 6316 1571 3561
cat_boundaries=0 2 3 4 5 6 7 8 9 11 13 15 17 19 20 22 23 25 27 29 31 33 35 36 37 39 41 42 44 46
cat_threshold=2101826 70400 1 1548 2305 1073 3597 748 2560 538182784 786578 883364964 881570 585110616 70177 100958489 50720 283650 528384 26 2441405726 528 812 739570322 361084 8394066 5665 33558578 4608 34390105 98866 2264949122 1426051 33591497 266496 211 1600 3149824 4129 572523520 66081 3844 2424832597 262160 270668352 1779784
is_linear=0
shrinkage=0.05


Tree=17
num_leaves=63
num_cat=19
split_feature=14 21 17 21 1 14 17 17 21 21 23 2 2 19 8 14 0 2 19 12 23 1 2 21 1 21 1 8 1 21 2 21 12 17 1 0 8 5 1 10 5 12 1 21 8 5 2 22 8 17 17 11 4 13 5 5 2 2 11 11 10 21
split_gain=427.51 117.675 65.7576 61.9303 26.2672 22.3333 21.208 14.9317 14.0171 13.454 23.9396 12.8804 12.182 10.9209 10.3864 8.33241 7.69342 9.69459 9.68922 7.06336 6.99374 6.77117 6.65854 6.64984 6.57655 6.1241 5.92107 6.61168 5.61703 5.49563 5.33307 4.95411 4.46771 4.46647 4.33457 4.33267 3.92811 4.64957 3.89489 3.76695 3.73957 3.61568 3.54023 3.43614 3.43068 3.38931 3.3368 3.24195 3.02659 2.9536 2.69251 2.4994 2.42645 2.38308 2.35959 2.30307 2.18764 2.16164 2.09831 2.88761 1.93362 1.89654
threshold=2.5000000000000004 83.303846153846166 1.5146275131133675 42.430871212121218 0 1.5000000000000002 1.0624529061951522 1.374530717208118 175.53571428571431 44.918333333333344 2.5000000000000004 1 2 2925.6650000000004 342.00500000000005 1.5000000000000002 3 4 1253.4000000000001 1.5000000000000002 2.5000000000000004 5 6 36.013888888888893 7 63.525062656641616 8 436.44000000000005 9 45.449494949494955 10 27.831111111111117 1.5000000000000002 0.71363442391585796 11 12 378.30500000000006 50.500000000000007 13 709.96500000000003 34.500000000000007 1.0000000180025095e-35 14 30.27525252525253 249.36000000000004 199.50000000000003 15 21.921840644090356 405.79500000000002 1.8526426021873788 1.5228290794388701 1873.1550000000004 16 2.5000000000000004 137.50000000000003 304.50000000000006 17 18 1300.8550000000002 743.04500000000007 264.97000000000008 8.2500000000000018
decision_type=2 2 2 2 9 2 2 2 2 2 2 1 1 2 2 2 1 1 2 2 2 9 1 2 9 2 9 2 9 2 1 2 2 2 9 1 2 2 9 2 2 2 9 2 2 2 1 2 2 2 2 2 9 2 2 2 1 1 2 2 2 2
left_child=1 2 4 6 15 13 43 47 14 10 39 42 28 16 21 48 18 -18 -4 36 61 56 -16 -12 46 35 -11 -28 55 -17 51 -22 33 -24 -33 -13 37 60 -27 -6 -15 -38 -7 -2 -31 -30 58 -5 -1 -43 -34 -23 -32 -47 -44 -8 -3 -26 59 -9 -10 -14
right_child=3 8 5 7 9 11 12 24 19 26 23 25 20 40 22 29 17 -19 -20 -21 31 30 32 -25 57 38 27 -29 45 44 52 34 50 -35 -36 -37 41 -39 -40 -41 -42 49 54 -45 -46 53 -48 -49 -50 -51 -52 -53 -54 -55 -56 -57 -58 -59 -60 -61 -62 -63
leaf_value=-0.5935295221720468 -1.0076096478706509 -0.14487610789147887 2.400659930999085 -0.48042032657240352 0.82322537870377666 0.41912628253888617 0.12167043160253872 0.96629104375895958 -1.401159462463079 0.042959130204627098 -0.68409454014522941 -0.2348066882459918 0.033311672233321765 -1.0869441211802309 1.413094335636117 -0.49373092079081177 -0.95854792771946884 1.0818459790092614 0.80877964541272762 -1.061002161682153 -0.85213926295451703 -0.05703299095920418 -0.44994001103835757 -0.45280696211867666 0.24448725895362156 -0.85342912556538308 -0.39179329200964652 -0.099704088317157075 -0.8909708718376983 -0.51586458013557857 0.69818770778907169 -0.52025265459561687 1.3974415801007849 0.63607315697535372 -0.45669221594649745 -0.78982986672375832 -1.0878773963320043 1.5691876702742376 0.1879568992327787 -0.67838228466290473 -0.13296781710640149 1.4568018178550453 -0.47218616366384486 -0.52686283980481485 -0.34257219203991185 -0.32925596814674912 -0.5481657633611946 -0.68236529721388883 -0.0056761281896709377 3.4818683297245046 -1.1446884158030493 -0.78271255194301392 0.074232605513914154 -1.2291761849503491 0.17827532188961986 -0.25841355796431992 -0.8908021058463631 -0.21984517886051638 -0.23936511759084747 -0.59551969272485961 0.20559327557250029 -0.48612710683791494
leaf_weight=299 503 103 2371 134 462 701 134 24 45 1730 350 1151 35 98 1871 216 591 764 2575 120 459 578 161 825 315 107 1657 2766 119 214 1122 771 47 9387 374 669 93 1454 601 246 318 1374 168 385 230 230 309 413 152 3559 89 111 595 28 855 179 136 671 324 60 163 362
leaf_count=299 503 103 2371 134 462 701 134 24 45 1730 350 1151 35 98 1871 216 591 764 2575 120 459 578 161 825 315 107 1657 2766 119 214 1122 771 47 9387 374 669 93 1454 601 246 318 1374 168 385 230 230 309 413 152 3559 89 111 595 28 855 179 136 671 324 60 163 362
internal_value=0.000118462 0.00191602 -0.00081515 -0.0125493 -0.00394672 0.00179206 -0.0166422 -0.00600311 0.00453334 -0.00292583 -0.00663441 -0.00103408 -0.0143513 0.00358817 0.00362951 -0.0111321 0.00411049 0.000727172 0.00502627 0.00640875 -0.0163791 0.00077889 0.00427734 -0.0110038 -0.00364156 -0.00330579 -0.00178484 -0.00275304 -0.00800142 -0.0148567 0.0016019 -0.0179838 0.0037228 0.00385823 -0.0159734 -0.00485464 0.00662831 0.00442943 0.000562588 0.000562588 -0.00417661 0.00734241 0.00227404 -0.0234568 -0.0112975 -0.0121474 -0.00724315 -0.0132045 -0.00575441 0.00752887 -0.00503597 -0.00204772 0.00309971 -0.00871648 0.000325772 -0.00256902 -0.00699405 -0.000875876 -0.00380048 -0.0109195 -0.00236967 -0.0100938
internal_weight=46953 41124 20116 5829 9147 10969 3579 2250 21008 8036 1883 4252 2691 6717 14200 1111 6301 1355 4946 6808 2001 2645 11555 1175 1703 2528 6153 4423 690 660 2406 1604 9684 9548 1145 1820 6688 1662 708 708 416 5026 1724 888 444 377 717 547 451 4933 136 689 1717 258 1023 313 239 986 408 84 208 397
internal_count=46953 41124 20116 5829 9147 10969 3579 2250 21008 8036 1883 4252 2691 6717 14200 1111 6301 1355 4946 6808 2001 2645 11555 1175 1703 2528 6153 4423 690 660 2406 1604 9684 9548 1145 1820 6688 1662 708 708 416 5026 1724 888 444 377 717 547 451 4933 136 689 1717 258 1023 313 239 986 408 84 208 397
cat_boundaries=0 2 3 4 5 6 8 9 11 13 15 16 18 19 21 23 24 25 26 27
cat_threshold=3149824 594176 1678 524 1 2337 2101760 4096 768 606605314 266240 2466308613 263369 537919652 65680 1233 571740866 21248 1 4201 16386 2265227689 62464 636 28 3270 3588
is_linear=0
shrinkage=0.05


Tree=18
num_leaves=63
num_cat=3
split_feature=15 14 21 21 21 17 7 7 14 7 17 12 21 21 7 7 7 16 9 17 13 7 6 6 21 17 21 22 21 22 16 7 21 7 11 3 21 21 17 9 16 16 21 21 23 21 16 17 10 9 10 21 11 7 21 3 17 17 16 4 6 7
split_gain=445.502 104.317 49.3039 36.3075 36.0202 23.2379 20.7245 15.6993 13.881 11.5611 10.7047 10.7166 9.68011 9.08123 6.93367 6.58744 6.54386 6.35678 5.9132 7.34197 5.91244 5.88308 5.12694 4.52664 4.32994 4.23174 4.22963 4.20289 5.34976 4.05183 4.01266 3.8612 3.65355 3.25993 6.38654 3.14579 3.05099 2.92166 2.89409 2.88637 2.77887 2.73914 2.59289 2.28148 2.27599 2.23816 2.1698 2.08783 2.05224 1.92548 1.92461 1.88911 1.83812 2.60979 1.83529 2.23087 1.71059 2.50519 1.69259 1.65787 1.6376 1.77663
threshold=7.5000000000000009 1.5000000000000002 62.637218045112789 36.013888888888893 127.34848484848486 0.834963398605157 384.54000000000008 -1.0000000180025095e-35 2.5000000000000004 -1.0000000180025095e-35 1.3367109929797316 1.5000000000000002 33.507575757575765 25.787505699954405 284.2050000000001 661.36500000000012 720.63000000000011 1.0433188584727604 1.0000000180025095e-35 0.6052995301344738 1.5000000000000002 448.42500000000007 5620.6000000000013 3056.7900000000004 209.29166666666671 1.0624529061951522 24.753378378378383 19.222816299354619 41.894444444444453 169.63675658704065 0.96022220133748026 358.89000000000004 44.303846153846159 726.9100000000002 6309.3450000000003 0 8.2500000000000018 44.918333333333344 1.0219567340764597 261.81500000000005 1.8135534780436504 1.1050518096545374 116.05555555555557 68.20714285714287 15.500000000000002 60.605555555555561 2.0567034380907319 1.7476702069009586 753.94500000000005 727.61500000000024 2460.1400000000008 68.20714285714287 8764.0650000000005 1277.345 46.759615384615394 1 1.2682703839997125 0.98806553006389064 1.0000000180025095e-35 2 1376.8900000000001 620.02500000000009
decision_type=2 2 2 2 2 2 2 2 2 2 2 2 2 2 2 2 2 2 2 2 2 2 2 2 2 2 2 2 2 2 2 2 2 2 2 1 2 2 2 2 2 2 2 2 2 2 2 2 2 2 2 2 2 2 2 1 2 2 2 9 2 2
left_child=1 4 8 13 5 18 27 -6 14 -7 30 21 36 38 26 24 23 50 44 -20 -19 42 -18 -11 29 41 -3 28 -5 -9 51 -14 -29 34 54 -33 -10 -28 -2 -32 -41 58 -12 -23 59 -21 -27 -17 -34 -50 -16 -4 -35 -54 55 -8 57 -30 -15 -1 -13 -62
right_child=3 2 10 6 7 9 33 15 12 16 11 60 31 25 17 47 22 20 19 45 -22 43 -24 -25 -26 46 37 32 56 -31 39 35 48 52 -36 -37 -38 -39 -40 40 -42 -43 -44 -45 -46 -47 -48 -49 49 -51 -52 -53 53 -55 -56 -57 -58 -59 -60 -61 61 -63
leaf_value=0.66436603590093635 -1.0315604554429754 -0.36986824438590138 -0.95063599358640904 -0.3979902524685322 -1.444284199693123 -1.1983763364532778 -0.14797756045869317 0.8649148790220027 -0.29385487513389025 0.51660398188002932 -0.076910654785213597 1.1708790464696073 -0.47956362727463131 -0.67252429693143767 -0.44795622706290761 1.3337697136559328 0.97506809388920246 -0.094764394657963547 -0.57402106453844304 -0.35315686909748312 -0.81052462883729681 0.049383346805973366 -0.20439414618353258 -0.021272727138144987 2.2250284796176252 -0.45102951486657922 -0.94923185782196207 -0.62415388259569404 0.083552717251437342 -0.98807996262577635 -0.55095970802536642 0.17968350470106423 -0.44955266409104627 -0.1768362694481386 -0.6370908197200823 -0.4724955639249882 -0.65612255900660943 -0.47424215810409392 -0.86242586720997461 -0.2650985924932403 0.12101584959788597 -0.47001290502249193 0.45906548310035178 0.50169954598748967 -0.94871014766207551 0.019978534049129151 -0.21078558835299388 3.2619037694460475 -0.38841210874176052 -0.50516931993766756 -0.81695337795030876 -0.71236303169340731 -0.42880279596164883 -0.22040036042388592 -0.19028801164007253 -0.46182571616492557 0.41994716261793941 -0.53151247610893149 -0.99368389436632265 -0.076614182791207686 -0.30871083407162064 -1.1187782152137822
leaf_weight=479 329 338 39 317 114 103 215 3386 38 6277 1663 35 292 37 150 1749 5812 3165 777 430 385 457 255 1607 2113 790 140 341 43 104 106 189 167 485 107 490 530 434 414 641 485 452 867 3235 20 1018 70 3142 168 199 66 110 100 114 324 271 40 35 179 208 65 242
leaf_count=479 329 338 39 317 114 103 215 3386 38 6277 1663 35 292 37 150 1749 5812 3165 777 430 385 457 255 1607 2113 790 140 341 43 104 106 189 167 485 107 490 530 434 414 641 485 452 867 3235 20 1018 70 3142 168 199 66 110 100 114 324 271 40 35 179 208 65 242
internal_value=0.000119527 0.00183912 -0.00164666 -0.0136803 0.00362992 0.00219701 -0.00994367 0.00591839 -0.00498191 0.00304297 0.000957788 0.00180448 -0.00911965 -0.0184532 -0.003605 0.00612318 0.00317024 -0.00263332 -0.00183986 -0.00311378 -0.00210386 0.00228514 0.0044131 0.00220616 0.00492107 -0.0160679 -0.00754098 -0.014642 -0.0101884 0.00380046 -0.00302565 -0.00596766 -0.0167568 -0.006084 -0.00808424 -0.00375733 -0.0143608 -0.010182 -0.0232071 -0.00202429 -0.00121789 -0.0192996 0.000404659 0.00355886 0.00209507 -0.000964852 -0.0134415 0.00748621 -0.0137337 -0.0111149 -0.0109589 -0.010773 -0.00336538 -0.00725806 -0.00642681 -0.00843558 -0.000619835 -0.00524691 -0.0246575 0.00266304 -0.00673913 -0.00794355
internal_weight=46953 41756 14162 5197 27594 16986 2926 10608 6217 14054 7945 6564 1539 2271 4678 10494 13951 3766 2932 2225 3550 6222 6067 7884 5603 1528 912 1310 435 3490 1381 971 875 1616 917 679 568 574 743 1232 1126 668 2530 3692 707 1448 860 4891 534 367 216 149 699 214 810 486 118 78 216 687 342 307
internal_count=46953 41756 14162 5197 27594 16986 2926 10608 6217 14054 7945 6564 1539 2271 4678 10494 13951 3766 2932 2225 3550 6222 6067 7884 5603 1528 912 1310 435 3490 1381 971 875 1616 917 679 568 574 743 1232 1126 668 2530 3692 707 1448 860 4891 534 367 216 149 699 214 810 486 118 78 216 687 342 307
cat_boundaries=0 1 2 3
cat_threshold=4 12 22
is_linear=0
shrinkage=0.05


Tree=19
num_leaves=63
num_cat=24
split_feature=15 14 21 17 21 1 21 21 14 2 18 5 17 2 2 1 5 2 1 1 1 1 17 5 1 16 2 6 2 1 1 1 23 6 9 9 11 1 16 1 2 16 6 1 5 13 10 5 23 2 17 16 17 23 2 1 18 16 21 16 21 1
split_gain=403.569 95.6782 44.5711 33.8344 30.3934 19.9749 18.5332 17.2766 12.9575 11.8715 10.8699 11.2416 10.633 9.00787 8.60914 8.06641 7.27303 6.79644 7.17662 6.55635 6.17174 6.0897 5.93557 5.6435 5.32712 5.23284 4.92479 4.48984 5.05262 4.4208 4.15536 4.14177 4.08886 3.89044 3.88631 3.69702 3.51099 3.43213 3.31789 3.31202 3.05883 3.04088 3.01123 3.49943 2.75613 2.7043 2.66319 2.60882 2.60168 2.58848 4.83416 2.53373 2.52264 2.5002 2.50003 2.41521 2.40675 2.34617 2.26328 2.17084 2.11011 2.07414
threshold=7.5000000000000009 1.5000000000000002 62.637218045112789 1.3038311312255908 36.013888888888893 0 78.422619047619065 142.47222222222226 2.5000000000000004 1 0.43450421402681499 54.500000000000007 1.4867817919433988 2 3 4 52.500000000000007 5 6 7 8 9 1.0049685112317193 313.50000000000006 10 0.97137199300102239 11 1734.8500000000001 12 13 14 15 4.5000000000000009 1376.8900000000001 2580.8950000000009 928.74500000000012 176.15500000000003 16 1.0000397306214317 17 18 1.1992831491816245 4168.3500000000013 19 199.50000000000003 1.5000000000000002 720.63000000000011 89.500000000000014 6.5000000000000009 20 0.54699195300243819 2.1427312668902752 1.4398178260505081 13.500000000000002 21 22 2.8490740954527207 1.2345424668581586 53.081666666666671 2.8043596337629979 94.441558441558456 23
decision_type=2 2 2 2 2 9 2 2 2 1 2 2 2 1 1 9 2 1 9 9 9 9 2 2 9 2 1 2 1 9 9 9 2 2 2 2 2 9 2 9 1 2 2 9 2 2 2 2 2 1 2 2 2 2 1 9 2 2 2 2 2 9
left_child=1 3 8 6 9 23 24 10 13 44 11 31 20 29 47 22 39 -7 57 58 -4 45 -11 56 -1 -22 -21 28 -12 35 52 -5 -29 -32 38 -3 -9 -13 -20 -14 -27 -17 43 60 -2 -18 -25 -10 -31 50 -26 -24 -15 -49 -38 -56 -6 -19 -16 -23 -8 -51
right_child=4 2 12 7 5 17 42 36 14 15 27 37 16 30 19 41 21 18 34 26 25 59 51 46 49 40 -28 32 -30 48 33 -33 -34 -35 -36 -37 54 -39 -40 -41 -42 -43 -44 -45 -46 -47 -48 53 -50 61 -52 -53 -54 -55 55 -57 -58 -59 -60 -61 -62 -63
leaf_value=-0.54495434032612278 -0.72491235327159864 -0.62553922203315127 0.18705106863753918 0.63059908823307753 -0.47938278459461614 -0.018613897246731882 -0.011281429836217695 -1.4823387008212814 -0.48058542989965009 -0.9370709188766142 -0.21207933780035157 0.012240264038389626 -0.60028206029242592 -0.17275661245685328 -0.6274806707047309 -0.62420578352945177 0.243385567852659 -0.34684453157274203 -0.64456915109639568 0.10156527430039973 -0.76629536600779391 0.662972232334196 -0.66144737441611356 -0.74045922347524584 -0.82320099929096802 0.019773072469180433 -0.40638256162749953 1.6473136864385283 0.8961500402702367 -0.56003914478674899 0.23176760985182998 -0.69959492990111993 0.57416719502705138 -0.29604313202896843 -0.2007454927315564 -0.58799756919937607 2.6951506405990635 1.0743722732120866 -0.39725331258488411 0.012514689607815654 -0.29060497248875522 -0.34752369085769585 -0.10300823974286494 0.67364743893746626 -0.14218475355076862 -0.46315305800034229 0.073379610095089559 -0.84024257779675604 -0.06281169889202598 0.22326891139517058 -0.14844411441045208 -0.45383569626192433 0.20758802452595299 -0.20790928829934163 1.1728348731150078 1.7361598002013487 -0.42211704584905851 0.058596241491974871 -0.2728670365687062 0.15031473238575616 0.46461760678530378 -0.17023929962802173
leaf_weight=487 106 265 455 221 537 325 898 56 158 550 667 792 338 333 160 249 2282 119 332 339 179 1770 722 26 150 630 574 3661 1179 664 286 710 1368 1638 150 381 2957 2285 1101 658 889 357 496 2272 246 503 52 221 423 636 972 41 688 27 489 3548 35 249 60 241 2665 1085
leaf_count=487 106 265 455 221 537 325 898 56 158 550 667 792 338 333 160 249 2282 119 332 339 179 1770 722 26 150 630 574 3661 1179 664 286 710 1368 1638 150 381 2957 2285 1101 658 889 357 496 2272 246 503 52 221 423 636 972 41 688 27 489 3548 35 249 60 241 2665 1085
internal_value=0.000107814 0.00174453 -0.00159372 0.00345962 -0.0130264 -0.00960225 0.0010671 0.00474534 -0.00476487 -0.0173978 0.00348498 0.00139616 0.000882297 -0.0034341 -0.00876297 -0.0189764 0.00200173 -0.00723023 -0.00835667 -0.00622818 -0.00210459 0.00281309 -0.0215215 -0.0173831 -0.00194269 -0.00349211 -0.00414417 0.00469432 0.00252839 -0.00629296 -0.00170301 -0.00338597 0.00547744 -0.00307176 -0.00984492 -0.00967375 0.00668155 0.0028612 -0.0107155 -0.00185185 -0.00250493 -0.0130452 0.00265827 0.00297833 -0.00780822 0.00125536 -0.00401235 -0.0150955 -0.00414773 -0.0010723 -0.00292952 -0.0184236 0.000834139 -0.0189243 0.00678505 0.00584259 -0.0193913 -0.00170604 -0.0139485 0.00490983 0.001954 0.000122549
internal_weight=46953 41756 14162 27594 5197 2926 9661 17933 6217 2271 10883 4008 7945 4678 1539 1919 5792 2276 1951 1133 2153 4796 1313 650 3330 1698 913 6875 1846 1733 2945 931 5029 1924 1583 646 7050 3077 1433 996 1519 606 6331 5835 352 2785 78 406 1087 2843 1122 763 1021 248 6994 4037 572 368 220 2011 3563 1721
internal_count=46953 41756 14162 27594 5197 2926 9661 17933 6217 2271 10883 4008 7945 4678 1539 1919 5792 2276 1951 1133 2153 4796 1313 650 3330 1698 913 6875 1846 1733 2945 931 5029 1924 1583 646 7050 3077 1433 996 1519 606 6331 5835 352 2785 78 406 1087 2843 1122 763 1021 248 6994 4037 572 368 220 2011 3563 1721
cat_boundaries=0 2 3 4 5 7 8 10 12 14 16 18 19 20 22 24 26 28 30 31 33 34 35 37 39
cat_threshold=4674 69632 520 2321 288 536907919 328448 2560 2252898317 16385 35655714 282624 51568643 281621 874927173 815778 422978 561152 3588 2305 35008736 20656 2265244040 1328256 33849680 16912 331396360 5641 36212833 282784 2828 2791510762 1461353 211 964 411127808 12319 2425881237 335888
is_linear=0
shrinkage=0.05


Tree=20
num_leaves=63
num_cat=13
split_feature=14 21 21 21 21 17 7 5 7 21 7 17 12 21 7 21 2 16 0 5 7 12 2 2 2 0 2 7 2 2 21 14 17 16 19 19 2 21 11 22 7 2 10 16 5 19 2 16 22 7 21 7 19 5 4 21 16 17 21 10 16 5
split_gain=318.669 91.1142 51.6311 46.0675 43.6933 20.7594 18.7082 13.9996 13.2801 10.8066 10.3143 10.0542 8.99347 8.9385 8.22523 7.10941 7.00883 7.78597 6.8231 7.33161 6.15252 5.99109 5.7384 5.57816 5.52699 5.95441 5.40613 4.87695 4.76474 4.35179 4.35883 4.27604 4.19969 4.04868 3.82917 3.64372 3.55653 3.54895 3.33104 4.02762 3.01262 2.96121 2.84366 2.71172 2.68879 2.63407 2.59885 2.47124 2.43065 2.40134 2.80702 2.33467 2.21711 2.16675 2.06519 2.07992 2.04995 2.04983 2.00209 1.98933 1.95737 1.883
threshold=2.5000000000000004 86.730303030303048 15.370192307692308 44.918333333333344 31.01136363636364 1.374530717208118 342.00500000000005 177.50000000000003 373.2050000000001 142.47222222222226 550.2850000000002 1.0024703347056045 1.5000000000000002 65.069047619047623 726.9100000000002 44.303846153846159 0 0.30277202552580945 1 151.50000000000003 432.53000000000003 1.5000000000000002 2 3 4 5 6 293.10500000000008 7 8 8.2500000000000018 1.5000000000000002 1.7242984307340612 1.1909455333729115 3092.9000000000005 1329.9900000000002 9 62.637218045112789 5412.8150000000014 22.114595506205436 172.32500000000002 10 1.0000000180025095e-35 1.960452098931025 197.50000000000003 1735.8250000000003 11 2.0212860158718047 38.091228210166427 172.32500000000002 105.22649572649574 917.49000000000012 4061.6550000000011 332.50000000000006 12 119.04545454545456 0.97137199300102239 2.1549931324700924 35.405128205128214 4678.4500000000016 0.96022220133748026 353.50000000000006
decision_type=2 2 2 2 2 2 2 2 2 2 2 2 2 2 2 2 1 2 1 2 2 2 1 1 1 1 1 2 1 1 2 2 2 2 2 2 1 2 2 2 2 1 2 2 2 2 1 2 2 2 2 2 2 2 9 2 2 2 2 2 2 2
left_child=1 2 7 14 11 20 23 10 16 22 24 53 32 26 31 38 42 -18 21 -20 43 -12 -10 40 34 -26 -8 -17 -15 44 -31 58 45 -33 -1 48 -29 -25 39 -7 -5 -34 -3 -6 57 -11 -22 -32 -24 -19 -51 52 -9 -2 -44 -56 -48 -13 -4 -38 -46 -53
right_child=4 8 3 6 5 15 13 51 9 12 18 29 -14 28 -16 27 17 49 19 -21 46 -23 35 37 25 -27 -28 36 -30 30 47 33 41 -35 -36 -37 59 -39 -40 -41 -42 -43 54 -45 60 -47 56 -49 -50 50 -52 61 -54 -55 55 -57 -58 -59 -60 -61 -62 -63
leaf_value=0.21293069575410861 -0.93365461872966093 2.9255067478420274 -0.70562031249261059 -0.6771399232446127 -0.50286260524254023 -0.34271845922973654 0.11821261759664736 1.0839432720794242 1.1812487705405059 1.1351673289977704 0.86836085869710011 -0.78818685458068272 -0.95883172831456021 0.67060452254255354 -0.29834939694243395 -0.41497303721368867 -1.3871204661270984 -0.40251315532427862 -0.014715397853697177 -2.2684073041642931 -0.1608128810887095 -1.2912212344053708 0.5626280155345571 -0.36452612727791128 -0.21549580687480843 -1.3200801105878304 -0.22836393711423508 0.074388799046718468 0.047793089532865984 0.062192118082339043 -0.64269512045488997 -0.70826283966689707 3.2637004216480352 -0.43378818687937443 -0.82873521079691137 -0.021009850342414718 -0.31242401164567757 -0.18496311984526859 -0.19060369832802984 -0.63019839601674477 -0.47839391164478651 1.9914981217181484 0.79105034429211141 -0.19838479769120987 -0.48773138087157158 -0.31163429744817822 -0.72798103651459423 -0.56595504351853909 0.46614079844423451 -0.20570207077719962 0.54305591602727776 2.8724363226487961 -0.60001083285699752 -0.3058042664277057 -0.11293260947548403 0.57595996371787173 -0.3494958174316885 -0.30699611420055251 -0.33915097570916708 -0.86923036000557663 -0.089112294757539179 -0.35221413180740857
leaf_weight=1197 391 461 139 220 813 527 1089 2237 1167 2321 2570 52 159 846 538 413 158 620 359 56 256 47 2518 920 700 333 2706 595 3226 34 932 268 2103 761 85 814 551 1203 178 201 273 2900 1092 157 50 109 55 87 2863 372 1223 874 30 20 464 861 311 29 202 36 141 40
leaf_count=1197 391 461 139 220 813 527 1089 2237 1167 2321 2570 52 159 846 538 413 158 620 359 56 256 47 2518 920 700 333 2706 595 3226 34 932 268 2103 761 85 814 551 1203 178 201 273 2900 1092 157 50 109 55 87 2863 372 1223 874 30 20 464 861 311 29 202 36 141 40
internal_value=0.000153601 0.00170569 -0.000605224 -0.00266762 -0.0107832 -0.00793152 -0.00136015 0.00238542 0.00410048 0.00486227 0.000810748 -0.0174526 0.00619487 -0.000135006 -0.00981162 -0.00504692 0.00191997 -7.85834e-05 0.00273476 -0.00313995 -0.0124138 0.00368798 0.00347929 -0.005021 -0.00168788 -0.00438576 -0.00188586 -0.00298029 0.00148466 -0.0151638 -0.0167331 -0.01189 0.00645004 -0.0135538 0.000482625 0.00284109 -0.00128692 -0.00379799 -0.00860836 -0.0101231 -0.00985672 0.00729874 0.00357143 -0.0149794 -0.00789474 0.0046753 -0.00828 -0.017478 0.0033177 0.000670649 0.00171308 0.00501335 0.00409141 -0.0245471 0.0028564 0.00142937 -0.0110158 -0.0159226 -0.00664971 -0.00402083 -0.00444588 0.00722465
internal_weight=46953 41124 20919 12391 5829 4093 10483 8528 20205 14954 5347 1736 7592 7867 1908 2501 5251 2373 3032 415 1592 2617 7362 2616 2315 1033 3795 1595 4072 1325 1053 1370 7433 1029 1282 6195 1182 2123 906 728 493 5003 2878 970 272 2430 622 1019 5381 2215 1595 3181 2267 411 2417 1325 366 81 341 587 191 914
internal_count=46953 41124 20919 12391 5829 4093 10483 8528 20205 14954 5347 1736 7592 7867 1908 2501 5251 2373 3032 415 1592 2617 7362 2616 2315 1033 3795 1595 4072 1325 1053 1370 7433 1029 1282 6195 1182 2123 906 728 493 5003 2878 970 272 2430 622 1019 5381 2215 1595 3181 2267 411 2417 1325 366 81 341 587 191 914
cat_boundaries=0 1 2 3 4 5 6 7 8 9 10 11 12 13
cat_threshold=2348 1 768 208 224 1 1548 1792 1544 1596 964 1804 20
is_linear=0
shrinkage=0.05


Tree=21
num_leaves=63
num_cat=21
split_feature=15 20 21 21 7 17 7 20 20 2 20 2 1 5 2 1 2 19 1 21 17 9 17 8 1 1 9 20 19 17 2 1 1 2 1 11 7 7 1 8 21 21 5 7 21 2 6 1 16 8 5 19 1 2 21 6 1 23 1 22 8 8
split_gain=321.382 115.825 38.6681 26.6336 26.4009 17.6372 17.5197 17.3109 13.8743 10.7188 10.3485 8.52732 8.33689 8.32988 8.04853 7.21677 7.08467 6.45778 6.33365 5.96476 5.49375 5.406 6.31421 5.20358 6.75854 5.03768 4.91067 4.41541 4.34167 4.28031 3.91925 3.90675 3.86071 3.42737 3.31558 3.2299 3.15433 4.02656 3.07982 2.91688 2.9031 4.16222 3.50778 2.72495 2.6802 2.67907 2.66951 2.63249 2.6201 2.51063 2.47513 2.44085 2.38187 2.34893 2.21914 2.20491 2.15606 3.17983 2.14377 2.12935 2.08636 1.9686
threshold=7.5000000000000009 124.50000000000001 70.091666666666683 31.01136363636364 363.7050000000001 1.2914338256590654 427.0750000000001 49.500000000000007 1.0000000180025095e-35 0 53.500000000000007 1 2 57.500000000000007 3 4 5 3092.9000000000005 6 184.3666666666667 3.0908942268600827 1.0000000180025095e-35 0.71363442391585796 720.34500000000014 7 8 355.82000000000011 7.5000000000000009 1699.885 1.2004613830637516 9 10 11 12 13 3417.5900000000006 373.2050000000001 1.0000000180025095e-35 14 573.36500000000012 8.2500000000000018 62.637218045112789 180.50000000000003 661.34500000000014 159.35416666666671 15 1734.8500000000001 16 1.5074321213051993 -1.0000000180025095e-35 110.50000000000001 2210.0500000000006 17 18 90.033333333333346 4496.4800000000005 19 7.5000000000000009 20 20.241459066510554 461.74000000000007 453.52500000000003
decision_type=2 2 2 2 2 2 2 2 2 1 2 1 9 2 1 9 1 2 9 2 2 2 2 2 9 9 2 2 2 2 1 9 9 1 9 2 2 2 9 2 2 2 2 2 2 1 2 9 2 2 2 2 9 1 2 2 9 2 9 2 2 2
left_child=1 2 4 11 15 21 12 25 13 31 -11 39 16 47 43 40 59 20 33 28 -17 49 44 24 -16 26 -4 -28 30 35 32 -10 -7 -8 -24 48 37 -13 -25 -2 42 -42 -1 58 -23 51 -32 -6 -14 -3 -19 -20 -15 -27 -36 -51 -30 -58 -9 -5 -55 -35
right_child=3 5 7 6 8 19 18 14 9 10 -12 36 29 52 23 17 -18 50 45 -21 -22 22 34 38 -26 53 27 -29 56 -31 46 -33 -34 61 54 -37 -38 -39 -40 -41 41 -43 -44 -45 -46 -47 -48 -49 -50 55 -52 -53 -54 60 -56 -57 57 -59 -60 -61 -62 -63
leaf_value=-1.0444557451181424 -0.83361114998345853 -1.8004086672833193 -0.88153103053244353 -0.19783091429737321 1.1487888376249735 1.4576375225176443 -0.0094532246215673701 -0.028272883577655606 -0.11254047552995293 -0.43119065089895303 -0.13220080444093371 -0.73436434180077403 0.064494662316029225 0.41961120798200047 0.27074670965844289 -0.41604193803306999 -0.43120546251317482 -1.0037550264704107 -0.29223706553392031 2.7551671711041639 -0.043833385304299637 -0.60778530761877014 -0.19873055239642812 0.0010113074360891261 -0.10888737330189358 0.43668853702927307 -1.1493880635124065 -0.092835616206178181 -0.42408409838586292 -0.012060590218481694 1.0543784544843802 0.22190733202878585 0.48646955234896616 0.2984194607088469 0.061766475510085787 -0.72295282526431537 -0.60358048379007323 -0.88644615579051278 0.56844699931763054 -0.34750479647069527 -0.50801857131820505 -0.29991357870993945 0.41330913988854656 1.1172891401346587 1.1889609188869963 -0.039959256376990028 1.6076706443240925 -0.36230229859403668 -0.50081004325696954 1.8159973162403382 -0.54003055535554945 -0.85482396027093877 2.1306580458925928 -0.50010208523368327 0.68207595473547655 -0.35429463804026329 1.1918245055780468 -0.33010116549791779 0.61705657098802291 -0.468240830655968 0.14040934128982485 -0.44794541124863763
leaf_weight=233 98 24 300 285 103 903 112 237 1110 1796 2893 62 96 489 2376 1619 734 86 390 4060 771 377 527 475 2257 486 299 1108 246 179 1262 1149 1103 21 731 173 631 393 1844 181 610 181 105 906 83 595 3610 671 52 961 97 21 1069 315 1442 61 826 89 1309 443 557 731
leaf_count=233 98 24 300 285 103 903 112 237 1110 1796 2893 62 96 489 2376 1619 734 86 390 4060 771 377 527 475 2257 486 299 1108 246 179 1262 1149 1103 21 731 173 631 393 1844 181 610 181 105 906 83 595 3610 671 52 961 97 21 1069 315 1442 61 826 89 1309 443 557 731
internal_value=0.000155731 0.00161642 -0.000489609 -0.0115649 -0.00240085 0.00490633 -0.00938722 0.00149635 -0.000969514 -0.00209322 -0.00345332 -0.0176078 -0.0127099 0.00235546 0.00256192 -0.00597166 -0.014661 -0.00440352 -0.00585958 0.00587816 -0.00368784 0.0020967 0.00104331 0.00167265 0.000692947 -0.00175603 -0.00355378 -0.00227837 0.00506559 -0.00643275 0.00554789 0.000720731 0.00355374 -0.00900798 0.00197928 -0.00999228 -0.019677 -0.0234989 0.00361219 -0.00826199 -0.00935858 -0.0111618 -0.00520528 0.00503043 -0.00431965 -0.0029686 0.00633572 -0.00183398 -0.00397351 0.00521926 -0.0135081 -0.00604363 0.00446829 0.000492341 0.00284195 0.00563415 0.00215851 0.00327317 0.00369593 -0.0104588 -0.00101695 -0.0102614
internal_weight=46953 41756 25451 5197 12982 16305 3832 12469 9280 6948 4689 1365 1962 2332 9404 3702 1462 2573 1870 12099 2390 4206 3160 6952 4633 3065 1707 1407 8039 500 6878 2259 2006 864 2700 321 1086 455 2319 279 1129 791 338 2452 460 1006 4872 774 148 1046 183 411 1558 1358 2173 1022 1161 915 1546 728 872 752
internal_count=46953 41756 25451 5197 12982 16305 3832 12469 9280 6948 4689 1365 1962 2332 9404 3702 1462 2573 1870 12099 2390 4206 3160 6952 4633 3065 1707 1407 8039 500 6878 2259 2006 864 2700 321 1086 455 2319 279 1129 791 338 2452 460 1006 4872 774 148 1046 183 411 1558 1358 2173 1022 1161 915 1546 728 872 752
cat_boundaries=0 1 2 4 5 7 8 10 12 14 15 17 19 20 22 24 25 27 29 30 32 34
cat_threshold=1550 1544 570430658 266514 772 18879554 315665 2702 70783684 590592 2408686025 453189 817246785 808105 2113 817893415 344880 1023549970 296503 544 84021344 709729 312516681 589857 209 295184 278528 310695120 5641 840 17305600 1664 397344 14848
is_linear=0
shrinkage=0.05


Tree=22
num_leaves=63
num_cat=29
split_feature=20 17 21 20 21 20 21 20 1 17 17 21 2 20 8 2 2 21 2 21 1 1 23 17 19 2 2 1 17 17 7 18 22 18 2 2 1 18 1 2 0 1 1 2 18 1 2 1 1 4 9 10 17 17 19 7 1 0 2 1 0 10
split_gain=251.431 61.4908 43.517 41.4264 27.6886 23.486 42.9351 15.5917 14.4472 13.5253 10.8534 9.75026 9.22608 8.22643 7.99197 7.77219 7.63102 6.60963 5.69359 9.646 5.49743 5.41341 5.39354 5.08549 5.31241 4.81377 4.46219 4.4567 4.44257 3.97075 3.95582 3.93885 3.93214 3.84968 3.77617 3.76985 3.65476 3.64257 3.58384 3.50786 8.14915 3.33108 3.25178 3.13884 3.1094 3.09772 3.03109 2.98371 2.80542 2.76666 2.67535 2.67489 2.6534 2.62413 2.51855 2.50935 2.45659 2.3825 2.37938 2.33913 2.27226 2.18419
threshold=66.500000000000014 1.2385875593761433 44.918333333333344 162.50000000000003 77.937254901960799 1.0000000180025095e-35 52.547727272727279 37.500000000000007 0 1.543903477184138 1.7779682005551165 26.845238095238098 1 9.5000000000000018 442.91500000000008 2 3 55.051315789473691 4 8.2500000000000018 5 6 7.5000000000000009 0.71363442391585796 1396.4250000000002 7 8 9 3.0000022018187029 0.95894364203470128 1008.6350000000001 0.26049017219142917 22.114595506205436 0.99224422587418337 10 11 12 0.30467513797915891 13 14 15 16 17 18 0.43450421402681499 19 20 21 22 23 1.0000000180025095e-35 2263.8550000000005 1.4131325249587265 1.055761890578929 3092.9000000000005 596.19500000000005 24 25 26 27 28 661.36500000000012
decision_type=2 2 2 2 2 2 2 2 9 2 2 2 1 2 2 1 1 2 1 2 9 9 2 2 2 1 1 9 2 2 2 2 2 2 1 1 9 2 9 1 1 9 9 1 2 9 1 9 9 9 2 2 2 2 2 2 9 1 1 9 1 2
left_child=1 2 11 4 9 15 7 18 33 17 35 29 -6 43 21 44 32 34 38 -20 -19 -15 37 50 42 56 -16 -18 -27 -1 39 54 -13 -4 -2 -5 53 -12 -7 40 -11 -37 -25 52 48 -41 -35 -26 -3 -50 -14 -36 -8 58 59 -31 -9 -33 -10 -17 -46 -24
right_child=3 5 8 10 12 6 13 25 36 30 22 16 23 14 26 31 27 20 19 -21 -22 -23 61 24 47 28 -28 -29 -30 55 -32 57 -34 46 51 41 -38 -39 -40 45 -42 -43 -44 -45 60 -47 -48 -49 49 -51 -52 -53 -54 -55 -56 -57 -58 -59 -60 -61 -62 -63
leaf_value=-0.85630695919300259 -0.61527893701492797 0.77699826440964737 -0.44903405111879668 1.3275899421350541 1.1037787104593169 -0.51855592894490476 0.79715674810560244 0.19717097154820867 -0.63162865376931387 0.26390215754521357 1.6783934540610241 -0.19679001251335776 0.24096026102755774 -0.39049009069880125 0.49150605716490631 -0.64713868815135001 -0.47821373994296368 -0.28124055249514957 -0.63285163068078387 -0.56554447337266756 0.1208350119939083 0.023824626121260729 -0.70652925840269276 0.74528975436543898 -0.4818372663406425 -0.48668967856509726 0.049967201654623233 -0.42720650637023977 -0.15481519636028801 -0.85181835009521112 0.58461894986008045 2.7954059288188176 -0.56532784067114361 0.0040730773915278462 -0.11220522582090604 0.89012275639312832 0.018972631439769752 2.8543016932514673 -0.23224877399182819 0.58430382189055174 -1.2943103240367066 0.25539513373858752 0.43139639905589217 -0.59020623677264017 2.0185633096878481 0.026022687293145542 -0.50965840620837533 0.14754812281514021 0.57204786453478751 -0.65604029896710792 -0.32735147807754461 -0.41177021644959955 -1.2201358469847507 -0.11287767368243246 -0.72804448571140423 -0.27912099113119099 -0.18271544751559637 0.1610667772259177 -0.29981951201207846 0.75638755163974136 -1.0507699076717458 0.31111687317376391
leaf_weight=268 462 109 293 1411 1711 229 39 251 305 626 1198 590 458 996 822 103 322 1272 661 1436 1036 1011 65 1648 243 577 2410 859 383 301 657 871 185 109 696 928 762 5647 440 455 319 1826 5148 378 159 722 201 960 109 412 404 303 328 609 86 93 676 172 512 503 56 132
leaf_count=268 462 109 293 1411 1711 229 39 251 305 626 1198 590 458 996 822 103 322 1272 661 1436 1036 1011 65 1648 243 577 2410 859 383 301 657 871 185 109 696 928 762 5647 440 455 319 1826 5148 378 159 722 201 960 109 412 404 303 328 609 86 93 676 172 512 503 56 132
internal_value=0.000201518 -0.00430914 -0.0088022 0.00316934 0.00161771 -0.00246502 -0.00350446 -0.00710642 -0.00442466 -0.000931156 0.00553412 -0.0134395 0.00320095 -0.000693169 0 0.00180023 -0.011562 -0.0028864 -0.00950704 -0.0108235 -0.00118996 -0.00246891 0.00673882 0.00253127 0.00292896 -0.00355159 0.0015456 -0.0141855 -0.00601233 -0.0188346 0.00170291 0.00371138 -0.00718591 -0.0112216 -0.00552425 0.00348189 -0.00245343 0.00697466 -0.00504032 0.000623529 -0.00160491 0.00234008 0.0034711 -0.00559826 -0.00208333 0.00244748 -0.00710863 -9.32836e-05 -0.00390995 -0.0054073 -0.00106936 -0.00356966 -0.00884868 -0.00394371 0.000719424 -0.0150504 -0.000864362 0.00567639 -0.00583841 0.00192939 0.00292431 -0.0011875
internal_weight=46953 18626 5409 28327 17120 13217 10637 4653 2791 6548 11207 2618 10572 5984 5239 2580 1956 3769 2766 2097 2308 2007 7042 8861 7999 1887 3232 1181 960 662 2779 1735 775 603 1461 4165 2188 6845 669 2122 945 2754 6796 745 845 1177 310 1203 630 521 862 999 367 1426 692 394 927 1043 817 606 215 197
internal_count=46953 18626 5409 28327 17120 13217 10637 4653 2791 6548 11207 2618 10572 5984 5239 2580 1956 3769 2766 2097 2308 2007 7042 8861 7999 1887 3232 1181 960 662 2779 1735 775 603 1461 4165 2188 6845 669 2122 945 2754 6796 745 845 1177 310 1203 630 521 862 999 367 1426 692 394 927 1043 817 606 215 197
cat_boundaries=0 2 3 4 5 6 8 10 11 12 14 15 16 18 20 21 22 24 26 27 28 29 31 33 34 36 37 38 40 41
cat_threshold=281285698 102656 768 17 682 1548 541815862 316176 540282928 4115 686 1540 4161 69632 337 292 540574104 16534 2183139394 266752 2372 1 352380539 695 219235094 299602 2095 2233238989 596 528468 852016 34340880 16896 4 2181304360 98448 1 1301 8917000 262145 1
is_linear=0
shrinkage=0.05


Tree=23
num_leaves=63
num_cat=1
split_feature=15 21 21 7 7 14 7 6 5 0 21 21 21 5 21 19 21 21 22 7 21 7 14 5 15 22 21 9 21 21 21 7 21 10 19 21 15 8 5 21 6 5 7 7 15 22 17 5 11 10 11 8 5 6 5 8 5 5 10 8 11 9
split_gain=257.003 56.2146 39.4921 31.0055 18.7956 16.5589 11.3257 9.75413 8.9328 8.89692 8.81098 7.983 7.43225 7.26079 6.94489 6.40183 6.0641 7.98842 6.01576 5.59539 5.33783 5.17495 4.8014 4.77492 4.4863 5.11523 4.37222 4.06138 4.05444 3.81748 4.9421 3.52982 3.42479 3.4209 3.13818 3.1154 3.07422 2.849 2.66969 2.6007 2.59278 2.51893 2.4903 2.39576 2.38238 2.25766 2.21832 2.17994 2.11376 2.10133 2.07029 3.20583 2.06633 2.34159 2.03932 2.00537 1.9841 1.78615 1.77124 1.7695 1.68999 1.67215
threshold=6.5000000000000009 110.04166666666667 31.01136363636364 545.35000000000014 384.54000000000008 2.5000000000000004 -1.0000000180025095e-35 4168.3500000000013 334.50000000000006 0 202.3666666666667 69.174242424242451 44.918333333333344 177.50000000000003 1.0000000180025095e-35 1253.4000000000001 15.370192307692308 46.017241379310356 169.63675658704065 453.52500000000003 68.20714285714287 687.98500000000013 1.5000000000000002 179.50000000000003 7.5000000000000009 20.241459066510554 53.557777777777787 486.85500000000008 26.845238095238098 78.422619047619065 20.515669515669519 726.9100000000002 65.069047619047623 1791.0950000000003 1162.6850000000002 41.12916666666667 8.5000000000000018 330.7050000000001 181.50000000000003 43.018518518518526 5279.9100000000008 11.500000000000002 410.33500000000009 352.15000000000003 4.5000000000000009 64.029420319066219 1.7705467721127908 138.50000000000003 2796.5150000000008 2159.0750000000003 8764.0650000000005 1574.2600000000002 61.500000000000007 2012.74 328.50000000000006 833.54500000000019 195.50000000000003 38.500000000000007 821.44500000000005 99.210000000000022 1722.0250000000003 661.36000000000013
decision_type=2 2 2 2 2 2 2 2 2 1 2 2 2 2 2 2 2 2 2 2 2 2 2 2 2 2 2 2 2 2 2 2 2 2 2 2 2 2 2 2 2 2 2 2 2 2 2 2 2 2 2 2 2 2 2 2 2 2 2 2 2 2
left_child=1 3 8 5 24 13 34 9 19 14 18 23 31 29 15 -5 58 -18 21 28 -16 33 42 -11 27 35 38 56 59 30 -1 52 40 -8 -3 57 41 -28 49 54 55 -14 -12 -40 -23 -36 -44 60 -29 -7 -33 -52 53 -6 -27 -9 -4 -26 -15 -2 -20 -54
right_child=2 6 4 7 12 26 10 32 -10 11 22 -13 36 16 20 -17 17 -19 47 -21 -22 44 -24 -25 25 39 37 48 -30 -31 -32 50 -34 -35 45 -37 -38 -39 43 -41 -42 -43 46 -45 -46 -47 -48 -49 -50 -51 51 -53 61 -55 -56 -57 -58 -59 -60 -61 -62 -63
leaf_value=-0.19038643096428098 -0.62896546746349369 -0.43380476108736055 -0.39412928836221389 1.8231369323867748 -0.01102799539712427 -0.42187386415023626 0.54282587123527737 -0.29231014529636001 -0.022076858337551464 -0.49327386105281068 1.3480211924556891 0.48217117800483228 -0.73400321048919648 1.0957401092666057 -0.041763534551071582 0.56102406161321283 -0.57553362132642716 -0.00023187309929397772 -0.73786326790920165 -0.50735404660345174 0.37013055710109627 1.1571092084001973 0.23466963529594509 0.17377067880521918 -0.30875844879631736 -0.55229667920190562 -0.47788225792822225 -0.039607890306689077 -0.6738096067157946 -0.0080970843161034985 -0.39382351893458556 -0.13226173232301514 0.075867073167245197 -0.36558453052749318 -1.4993474350849429 -0.10120917480453979 -0.41991282741557151 0.0037724839390675061 -0.50411538317469939 -0.35290352724104634 -0.48234710520357854 -0.032087043412391304 1.3551059737103881 0.10707695574241899 -0.41112842363868723 -1.051684041184517 3.1824136638929743 0.069911059188668565 -0.41461582361316918 -0.72807979795699274 -0.34133775773366709 -0.052081373131650115 0.11392156932471283 -0.54864879838896119 -0.09576576679568656 0.2035958601454623 -0.32723440600316001 -0.25394665292363888 -0.075384177130991423 -0.82652060989647791 -1.7242371960402023 -0.29446758055730904
leaf_weight=2311 24 99 160 2297 30 294 5598 143 89 871 1182 962 83 1142 1468 1495 261 3365 59 663 3257 4142 464 576 99 351 132 252 196 1588 1791 433 906 218 47 150 258 216 72 578 400 1563 631 66 80 64 2540 116 235 90 112 93 28 163 32 332 131 583 238 466 37 631
leaf_count=2311 24 99 160 2297 30 294 5598 143 89 871 1182 962 83 1142 1468 1495 261 3365 59 663 3257 4142 464 576 99 351 132 252 196 1588 1791 433 906 218 47 150 258 216 72 578 400 1563 631 66 80 64 2540 116 235 90 112 93 28 163 32 332 131 583 238 466 37 631
internal_value=0.000234528 0.00183614 -0.00831252 0.000338297 -0.00649925 -0.00153211 0.00421221 0.00204465 -0.0157703 0.00260545 0.00437541 -5.70066e-05 -0.00402561 -0.000986073 0.00336414 0.00496706 0.00039429 -0.000668228 0.00353311 -0.0167807 0.00206483 0.00371228 0.00615405 -0.00242241 -0.00973679 -0.0111567 -0.00816151 -0.00637004 -0.0201379 -0.00220885 -0.00301462 -0.00668118 -0.00136631 0.00272384 -0.00715962 -0.00808383 -0.001914 -0.00356125 -0.0110952 -0.0137318 -0.00360194 -0.00107641 0.00667183 -0.00443262 0.00505917 -0.0128289 0.00743147 -0.00465116 -0.00339286 -0.0133075 -0.00370515 -0.0078726 -0.00883041 -0.0137117 -0.0172604 -0.000967573 -0.0110969 -0.00952555 0.00321764 -0.0227688 -0.010101 -0.00726964
internal_weight=46953 39550 7403 24273 5965 11566 15277 12707 1438 10926 15067 2409 3394 10696 8517 3792 5006 3626 10250 1349 4725 10038 4817 1447 2571 1793 870 778 686 5690 4102 1490 1781 5816 210 832 1904 348 522 961 875 1646 4353 138 4222 111 3171 212 487 384 638 205 852 193 383 475 291 682 1380 490 96 659
internal_count=46953 39550 7403 24273 5965 11566 15277 12707 1438 10926 15067 2409 3394 10696 8517 3792 5006 3626 10250 1349 4725 10038 4817 1447 2571 1793 870 778 686 5690 4102 1490 1781 5816 210 832 1904 348 522 961 875 1646 4353 138 4222 111 3171 212 487 384 638 205 852 193 383 475 291 682 1380 490 96 659
cat_boundaries=0 1
cat_threshold=1
is_linear=0
shrinkage=0.05


Tree=24
num_leaves=63
num_cat=27
split_feature=15 20 21 21 21 7 20 2 1 21 5 7 1 5 2 21 9 1 21 21 7 5 1 2 20 1 20 1 2 1 2 11 2 21 7 2 1 7 1 9 11 1 1 21 1 20 16 16 2 2 20 11 2 20 7 1 19 7 2 1 2 2
split_gain=234.609 81.3067 37.4226 23.9871 19.5358 16.6398 14.5257 12.7228 12.1393 12.0791 9.36234 9.0664 8.88912 8.25893 7.99652 7.7468 6.58458 6.57703 6.53572 11.4405 5.36709 5.3146 4.92303 4.76996 4.68453 4.66612 4.55878 4.21983 4.01564 3.93433 3.89187 3.85789 3.77101 3.58802 3.36926 3.28164 3.26903 3.15518 3.10187 3.06082 3.0475 3.01981 2.95694 2.93205 2.84983 2.78777 2.73034 2.66455 2.61032 2.48167 2.47338 2.4683 2.34818 3.05593 2.31979 2.30909 2.1515 2.10333 1.98447 1.91802 2.12032 1.8882
threshold=6.5000000000000009 121.50000000000001 31.01136363636364 63.021739130434788 8.2500000000000018 405.09000000000009 44.500000000000007 0 1 174.06250000000003 71.500000000000014 720.63000000000011 2 334.50000000000006 3 49.020833333333336 165.35000000000008 4 15.370192307692308 82.677083333333357 373.2050000000001 61.500000000000007 5 6 202.50000000000003 7 1.0000000180025095e-35 8 9 10 11 629.49000000000012 12 26.845238095238098 378.3250000000001 13 14 1277.345 15 347.65000000000003 1257.4350000000002 16 17 44.918333333333344 18 162.50000000000003 1.1381033945617773 0.36397613451432725 19 20 7.5000000000000009 3282.7400000000002 21 13.500000000000002 726.9100000000002 22 1936.5200000000002 681.22000000000014 23 24 25 26
decision_type=2 2 2 2 2 2 2 1 9 2 2 2 9 2 1 2 2 9 2 2 2 2 9 1 2 9 2 9 1 9 1 2 1 2 2 1 9 2 9 2 2 9 9 2 9 2 2 2 1 1 2 2 1 2 2 9 2 2 1 9 1 1
left_child=1 3 13 4 10 8 25 41 61 18 22 17 14 20 -7 23 -12 48 24 31 33 -10 -1 -9 36 39 -18 -17 29 -21 56 -20 -19 47 -24 44 -3 -37 -30 58 -23 46 -32 54 -16 -11 -6 -2 -8 -38 -41 -42 53 -27 -14 -33 -13 -47 -5 60 -26 -4
right_child=2 9 5 6 7 12 11 15 21 45 16 30 43 -15 35 27 26 32 19 28 -22 40 34 -25 59 52 -28 -29 38 -31 42 55 -34 -35 -36 37 49 -39 -40 50 51 -43 -44 -45 -46 57 -48 -49 -50 -51 -52 -53 -54 -55 -56 -57 -58 -59 -60 -61 -62 -63
leaf_value=0.49258419683950694 -0.4374519635664591 -0.20695259704285576 0.19539391628391256 -0.95864414633155137 -0.54427545892898699 0.34457042054775616 0.076814792116091907 -0.9774202694154841 -0.41489816323883738 0.91093864160588378 -1.1683926525160178 0.81884030344525272 -0.42899174850173927 -0.020973015420673848 -0.33198563693123662 -0.5046258016005305 1.5539151403369411 0.47129010916063729 -0.94399774585448848 0.54162274150129941 -0.51142604191847685 -0.38036323809189626 -0.66956133666150075 -0.34372928005996989 0.30341708631368153 -1.2490778738270911 0.018985052018897088 -0.21036001423836517 0.51417423673164764 0.035920485256464477 0.51571709945956923 -0.40562585524861988 -0.11260758711247575 -0.74329703714487305 -0.30393518145277415 -0.23350091419122931 0.5579047163903823 0.10961108619889455 1.0497796783992215 -1.0007245873866017 -0.24534069786770096 0.096811064028494001 0.13390482243235721 0.20120976697194273 -0.68789618228810712 2.0279893049449647 -0.10887400097341349 -0.773954847613748 0.46747563272465897 1.6122320939026651 -0.17326096109186545 -0.50475429250274073 0.24527729627798323 0.036884815142456166 0.042213165640461986 0.089863955802510997 -0.19372966914798351 3.1145674560447669 -0.47768157973339759 3.469634539343676 2.9439382368112685 -0.15184278218120772
leaf_weight=264 26 337 116 106 108 205 1551 333 506 992 128 1537 131 89 574 412 1529 613 119 1776 797 257 312 910 237 106 1875 1099 1222 1349 703 353 3010 156 1046 1320 505 166 2261 333 1078 888 1116 501 153 2203 457 370 1928 425 1135 531 825 237 187 903 83 2150 192 1256 626 240
leaf_count=264 26 337 116 106 108 205 1551 333 506 992 128 1537 131 89 574 412 1529 613 119 1776 797 257 312 910 237 106 1875 1099 1222 1349 703 353 3010 156 1046 1320 505 166 2261 333 1078 888 1116 501 153 2203 457 370 1928 425 1135 531 825 237 187 903 83 2150 192 1256 626 240
internal_value=0.000245176 0.00177547 -0.00792094 -0.000162004 -0.00210781 -0.00615575 0.00118619 -0.0046348 -0.00904431 0.00442514 -3.39345e-05 0.00205449 -0.00369985 -0.0151804 -0.0052139 -0.0066227 0.00140028 0.00102393 0.00349213 0.00269691 -0.016152 -0.0103145 -0.00318462 -0.00960072 0.00534819 -0.00191522 0.00183446 -0.00416942 0.00356224 0.00220284 0.00416546 -0.00142417 -0.000457233 -0.0201802 -0.0043946 -0.006104 0.00286417 -0.00458639 0.00474471 -0.00352726 -0.00902889 -0.000775921 0.0024768 0.000766226 -0.00900338 0.00639725 -0.00361159 -0.0229323 0.00257374 0.00437434 -0.00254929 -0.0081188 0.000508044 -0.0028441 -0.00288162 -0.000555997 0.00597061 0.00695879 -0.00822259 0.00680372 0.00460902 -0.000135501
internal_weight=46953 39550 7403 22836 9361 5965 13475 4207 2728 16714 5154 10541 3237 1438 2418 2754 3532 7102 11369 7983 1349 2372 1622 1243 3386 2934 3404 1511 6608 3125 3439 1375 3623 552 1358 2213 1267 1486 3483 1766 1866 1453 1819 819 727 5345 565 396 3479 930 1468 1609 1168 343 318 1256 1620 4353 298 2119 863 356
internal_count=46953 39550 7403 22836 9361 5965 13475 4207 2728 16714 5154 10541 3237 1438 2418 2754 3532 7102 11369 7983 1349 2372 1622 1243 3386 2934 3404 1511 6608 3125 3439 1375 3623 552 1358 2213 1267 1486 3483 1766 1866 1453 1819 819 727 5345 565 396 3479 930 1468 1609 1168 343 318 1256 1620 4353 298 2119 863 356
cat_boundaries=0 1 3 5 6 8 10 11 13 15 16 18 19 20 21 23 25 27 29 31 32 33 34 36 37 39 40 41
cat_threshold=1550 2437578765 1 553390789 590756 512 2341577155 427613 803088 16896 256 816255097 315553 34100306 283152 2161 839960190 38554 1932 768 67 9343489 53760 2961392226 267297 45092871 365202 19874718 299010 538443905 640 2257 2387 7 38932496 38529 1561 66770253 87168 2113 1074
is_linear=0
shrinkage=0.05


Tree=25
num_leaves=63
num_cat=24
split_feature=20 14 20 17 21 21 2 17 1 17 17 17 2 20 21 21 1 2 7 2 1 16 23 2 1 2 7 2 7 18 1 7 7 1 16 1 1 2 7 9 21 21 17 2 1 20 1 2 17 9 2 1 6 2 2 23 6 22 6 9 19 20
split_gain=197.963 70.489 35.6475 27.6754 26.4487 21.8795 10.324 9.71347 9.35115 8.13777 8.02347 7.90394 7.3556 7.09557 8.05007 6.878 6.41622 6.14418 5.89934 5.45592 4.76777 4.7424 4.56911 4.39176 4.18883 3.9962 3.93642 3.92454 3.81804 3.81733 3.79842 3.84381 3.78651 3.46853 3.4707 3.45569 3.44341 3.38651 3.38499 3.23934 3.14188 3.01324 2.99607 2.91526 2.90825 2.77512 2.75676 2.67195 2.58395 2.58025 2.55405 2.66218 2.5349 2.47448 2.46305 2.44251 2.63697 2.52789 2.42409 2.07694 2.07517 2.06268
threshold=68.500000000000014 2.5000000000000004 175.50000000000003 1.0343892333698426 30.27525252525253 87.436507936507951 0 1.543903477184138 1 1.6047810151258695 0.95894364203470128 1.7779682005551165 2 1.0000000180025095e-35 44.918333333333344 57.023809523809533 3 4 302.46000000000009 5 6 0.98283975177997884 7.5000000000000009 7 8 9 1008.6350000000001 10 1075.0450000000003 0.30467513797915891 11 800.67500000000007 864.61500000000012 12 1.4997911376478401 13 14 15 550.99500000000012 762.17000000000019 33.507575757575765 46.759615384615394 1.0219567340764597 16 17 21.500000000000004 18 19 1.2803951960941995 1819.2500000000002 20 21 5279.9100000000008 22 23 8.5000000000000018 3372.3600000000001 54.467984739697563 3650.2500000000005 957.75500000000011 227.64999999999978 111.50000000000001
decision_type=2 2 2 2 2 2 1 2 9 2 2 2 1 2 2 2 9 1 2 1 9 2 2 1 9 1 2 1 2 2 9 2 2 9 2 9 9 1 2 2 2 2 2 1 9 2 9 1 2 2 1 9 2 1 1 2 2 2 2 2 2 2
left_child=1 3 5 16 10 7 35 15 18 21 28 27 20 19 -15 23 40 55 45 -10 -7 53 29 61 32 -12 33 -4 -3 54 -14 58 -17 34 -9 -5 59 41 39 -27 -1 -18 -23 -22 -44 -8 -29 -42 -45 -40 -31 -52 -28 -6 -13 56 -11 -57 -32 -19 -35 -2
right_child=2 4 11 6 9 12 8 26 13 17 25 22 30 14 -16 24 37 36 -20 -21 43 42 -24 -25 -26 38 52 46 -30 50 31 -33 -34 60 -36 -37 -38 -39 49 -41 47 -43 44 48 -46 -47 -48 -49 -50 -51 51 -53 -54 -55 -56 57 -58 -59 -60 -61 -62 -63
leaf_value=-0.74712702516127072 -0.46349229562644934 -0.77659657784234348 1.2951291248640393 -0.38520035975105249 -0.20988745544818865 -0.39671233860331445 -0.53777344035802965 -0.32677253321937416 -0.161982253025516 -0.72769013044715103 -0.075341492915091568 -0.048894584074304873 0.4896381346566937 -0.42143298638646232 -0.061279148704251087 -0.21234999805538629 -0.58098026733116626 -0.33080710542329794 -0.2553344749014041 1.2645225682084935 1.3340122941286348 -0.35042849092977185 -0.20174521610921303 -0.12975098296082876 0.15062331269377768 -0.04601687106056556 0.68793418485259594 0.18513197318550498 0.0058339620349025182 3.5482976411170486 0.0092703228003323986 0.5139756511463468 0.3184703801787212 -0.32105137777432091 0.5180984510579506 0.27620365586491824 0.083181789634347858 -0.30732147898203616 -0.012462825252716759 -0.65702020727787347 0.076169251714657368 -0.50205121949544906 -0.60854664693078142 0.42068874897286324 -0.23195074723523598 -0.49917809566235827 0.76361410578340427 -0.27362093599115261 0.89222906041797401 -0.40577488892615499 1.7402873840347668 2.4487294981576597 -0.24673149523685556 -0.50295068082120498 1.8978453125468129 -0.039663243535862064 -0.33061020658868312 -1.0417904599111443 -0.49789743147245125 -0.15620634068717651 0.078905855656389801 -0.26966123803217201
leaf_weight=122 611 299 1158 324 118 209 127 181 791 175 123 296 1639 1443 3914 1524 242 199 683 1250 838 320 172 805 1208 44 731 1353 20 1289 2222 989 405 425 773 2197 599 562 72 590 316 347 117 1482 1389 372 838 644 2488 436 979 3020 66 461 856 142 83 25 112 499 1037 202
leaf_count=122 611 299 1158 324 118 209 127 181 791 175 123 296 1639 1443 3914 1524 242 199 683 1250 838 320 172 805 1208 44 731 1353 20 1289 2222 989 405 425 773 2197 599 562 72 590 316 347 117 1482 1389 372 838 644 2488 436 979 3020 66 461 856 142 83 25 112 499 1037 202
internal_value=0.000262214 -0.0036664 0.00294508 -0.00167017 -0.0083151 0.00160933 -0.000642786 -0.000338728 -0.00147213 -0.00617736 -0.0138311 0.00534549 0.00316946 -0.000799487 -0.00176073 -0.00177858 -0.00674754 -0.00349275 -0.00558577 0.00169398 0.00452535 -0.00807205 0.00635676 -0.00442628 -0.000394108 -0.0118987 0.00177627 0.0033301 -0.0211568 0.00657302 0.00177387 0.000775629 -0.00184732 0.000744109 0.00307653 0.00215568 -0.00166985 -0.009375 -0.0127922 -0.0155024 -0.00376712 -0.0122716 -0.00673866 0.00485376 -0.00571571 -0.00978586 0.00201338 -0.00275182 0.0042242 -0.00949119 0.00715366 0.00640267 0.00482812 -0.0121349 0.00385281 -0.00864726 -0.0119732 -0.00360294 -0.000310227 -0.0040436 -0.000762712 -0.00700666
internal_weight=46953 19045 27908 13334 5711 17947 11101 7968 8580 4127 1584 9961 9979 7398 5357 4755 2233 1722 1182 2041 5017 2405 6612 1618 3137 1265 3213 3349 319 6440 4962 3323 1929 2416 954 2521 1297 1151 1142 634 1082 589 1826 4808 1506 499 2191 960 3970 508 5288 3999 797 579 1152 425 258 167 2334 698 1462 813
internal_count=46953 19045 27908 13334 5711 17947 11101 7968 8580 4127 1584 9961 9979 7398 5357 4755 2233 1722 1182 2041 5017 2405 6612 1618 3137 1265 3213 3349 319 6440 4962 3323 1929 2416 954 2521 1297 1151 1142 634 1082 589 1826 4808 1506 499 2191 960 3970 508 5288 3999 797 579 1152 425 258 167 2334 698 1462 813
cat_boundaries=0 1 3 4 6 7 8 10 11 13 14 15 17 19 21 23 24 25 27 29 30 31 33 34 35
cat_threshold=524 1052738 4355 966 2739798069 1327616 2305 1041 274858080 8192 2385 844304550 579088 1032 292 194110302 287801 127403995 360449 11150400 4112 539104263 283138 3221 256 33554496 327936 574428036 1430538 2082 1920 183721985 504884 520 529
is_linear=0
shrinkage=0.05


Tree=26
num_leaves=63
num_cat=22
split_feature=14 21 21 21 21 7 13 7 18 13 0 2 7 2 1 6 2 7 21 1 1 2 5 21 7 16 5 2 13 1 6 7 1 1 2 21 7 14 21 7 6 1 21 11 2 7 11 8 19 1 21 2 1 2 1 6 2 19 5 2 10 10
split_gain=173.582 58.5181 32.2837 27.828 26.571 13.9788 11.5099 11.4409 10.7709 10.7301 10.5596 12.9657 8.34336 8.17931 7.71211 7.62839 7.07848 7.04269 8.12964 6.7582 6.51113 6.33074 6.04091 5.57239 5.5182 5.09102 4.81414 4.62744 4.52388 4.1975 3.87293 3.74719 3.72803 3.72758 3.94784 3.58472 3.33662 3.027 2.92452 2.8972 2.77296 2.74468 2.6176 2.50659 3.42661 2.26315 2.03399 2.24224 2.01401 1.99673 1.94644 1.94039 1.91722 1.88913 1.86207 2.63329 1.86025 1.78392 1.73549 1.69336 2.03823 1.63541
threshold=2.5000000000000004 87.436507936507951 15.370192307692308 44.918333333333344 30.27525252525253 342.00500000000005 1.5000000000000002 687.98500000000013 0.2191019455211918 1.5000000000000002 0 1 550.99500000000012 2 3 8525.1000000000022 4 -1.0000000180025095e-35 209.29166666666671 5 6 7 129.50000000000003 138.05000000000004 837.40500000000009 1.0258775014553627 304.50000000000006 8 1.5000000000000002 9 4496.4800000000005 539.83000000000004 10 11 12 74.20714285714287 529.72000000000014 4.5000000000000009 55.59411764705883 -1.0000000180025095e-35 3650.2500000000005 13 77.211111111111123 2295.4400000000001 14 -179.52999999999997 1856.9650000000004 667.30000000000007 1162.6850000000002 15 131.68333333333337 16 17 18 19 2501.0100000000007 20 3092.9000000000005 201.50000000000003 21 1627.4100000000001 2139.5300000000007
decision_type=2 2 2 2 2 2 2 2 2 2 1 1 2 1 9 2 1 2 2 9 9 1 2 2 2 2 2 1 2 9 2 2 9 9 1 2 2 2 2 2 2 9 2 2 1 2 2 2 2 9 2 1 9 1 9 2 1 2 2 1 2 2
left_child=1 2 6 24 12 14 8 17 27 23 22 -12 15 31 42 26 52 28 21 -15 -18 32 -10 33 29 35 46 57 48 61 -23 -6 -19 56 -35 36 -21 38 -27 -29 -31 -20 -5 -14 58 -8 -2 -48 -3 -16 -50 -43 -7 -26 -25 -56 -9 -1 -45 60 -11 -4
right_child=4 7 3 5 13 16 45 9 10 59 11 -13 43 19 49 -17 20 18 41 25 -22 30 -24 54 53 37 -28 39 -30 40 -32 -33 -34 34 -36 -37 -38 -39 -40 -41 -42 51 -44 44 -46 -47 47 -49 50 -51 -52 -53 -54 -55 55 -57 -58 -59 -60 -61 -62 -63
leaf_value=-0.33920907204095468 -0.37800593323059284 -0.93696445922018734 -0.30024403659373783 -0.39910985204759941 -0.21285722532335624 0.043900066775356274 2.5676104883250415 0.63128635537005529 0.45415792388892273 -0.39791746126608102 -1.7324088959907469 0.26056721248502995 -0.0096465996934721691 0.050944392097588498 -0.26228770616896285 -0.93045489827370853 0.12582293204014583 -0.32039953264250837 1.9686796817095311 -0.44845929012460428 -0.12010999882606965 0.21949323521053066 1.6184037169545744 2.3333323116024522 0.047967256000145043 -0.29741107502050962 -0.17481334015104932 -1.0196777115557261 1.4351518699657646 -0.2690010678767753 -0.49451681424649829 0.094900343469537241 0.7394284987830253 0.087504392513974599 0.74349106930065745 -0.047682927301329503 -0.24860349498796028 -0.66971687637738764 -0.21763391232088863 0.83241822595786652 -0.56224984545634038 0.47096473162344221 -0.26081059862301104 -0.49219926220249866 -0.4295200102112034 -0.67416888082347703 -0.62883003944790095 -0.57205213652894471 -0.40408729868061333 0.0040339650146943738 -1.4522927853894294 1.5533823044335389 0.41265469766877327 -0.31886837784362676 1.8494679033336638 0.93214771271866548 -0.67981432042304746 -0.67314368523182699 0.093946927165430349 -0.24540068837997328 -1.0671187911670335 -0.81453775021469998
leaf_weight=690 156 77 407 656 675 256 23 106 2199 52 228 1403 81 258 1267 105 2076 223 1067 654 4920 6318 2855 1338 241 1269 102 23 84 686 332 455 2239 695 2524 80 229 54 540 528 170 516 132 34 468 372 372 219 24 603 79 902 719 185 2081 1009 159 207 78 167 67 219
leaf_count=690 156 77 407 656 675 256 23 106 2199 52 228 1403 81 258 1267 105 2076 223 1067 654 4920 6318 2855 1338 241 1269 102 23 84 686 332 455 2239 695 2524 80 229 54 540 528 170 516 132 34 468 372 372 219 24 603 79 902 719 185 2081 1009 159 207 78 167 67 219
internal_value=0.000280316 0.00142607 -0.000412355 -0.00202851 -0.00779107 -0.00102403 0.00195757 0.00335896 0.00236756 0.00480124 0.00321658 -0.000252448 -0.0132648 -0.00567346 -0.00416197 -0.0163271 1.72435e-05 0.00235692 0.00254418 -0.00700678 -0.000535026 0.00184312 0.00434546 0.00514845 -0.00758765 -0.00772279 -0.0145393 -0.0015162 -0.00561798 -0.0090404 0.00102431 -0.00190289 0.0040101 0.00361342 0.00408029 -0.010779 -0.0116958 -0.00614282 -0.00573262 0.00201684 -0.00632911 0.00508943 -0.00830212 -0.00871611 -0.00986278 -0.00631281 -0.01595 -0.0174453 -0.0101093 -0.00232342 -0.0147406 0.00347659 0.00398532 -0.00238928 0.00634168 0.00551885 -0.00193345 -0.00372253 -0.0008 -0.00458478 -0.00880682 -0.0123239
internal_weight=46953 41124 21065 12537 5829 10629 8528 20059 8133 8198 6685 1631 1615 4214 2658 954 7971 11861 11597 3084 6996 9112 5054 7912 1908 2826 849 1448 264 1482 6650 1130 2462 3484 3219 963 883 1863 1809 551 856 2485 788 661 580 395 747 591 180 1870 103 1418 975 426 4428 3090 265 897 112 286 119 626
internal_count=46953 41124 21065 12537 5829 10629 8528 20059 8133 8198 6685 1631 1615 4214 2658 954 7971 11861 11597 3084 6996 9112 5054 7912 1908 2826 849 1448 264 1482 6650 1130 2462 3484 3219 963 883 1863 1809 551 856 2485 788 661 580 395 747 591 180 1870 103 1418 975 426 4428 3090 265 897 112 286 119 626
cat_boundaries=0 1 2 3 5 6 8 10 11 12 14 16 18 19 21 22 24 25 27 28 30 31 32
cat_threshold=1 256 552 335941698 53266 1536 281182208 557075 2535637761 1341641 772 1265 2101486 528528 3538944 7168 302186560 532520 2049 2148794523 38568 1544 2704835984 66048 1555 1052737 659 2590 218400303 1065488 1573 2091
is_linear=0
shrinkage=0.05


Tree=27
num_leaves=63
num_cat=25
split_feature=15 20 21 21 1 21 21 20 2 20 2 2 2 1 19 2 9 20 1 2 1 21 1 16 22 1 1 21 21 21 21 18 2 1 18 6 8 8 20 16 1 8 1 9 10 2 21 21 1 4 8 1 21 8 2 22 1 18 15 2 1 18
split_gain=173.251 57.4149 46.7682 17.0498 16.7767 16.76 12.7594 11.5857 11.0069 10.6677 9.85648 7.39484 6.41798 7.21343 6.24944 6.05204 5.64367 5.53704 5.42815 5.26859 5.06505 4.57557 4.47459 4.3526 4.33175 4.32606 4.28376 3.89328 5.01341 4.34158 3.83792 3.8105 3.55369 3.50064 3.4729 3.40306 3.29675 3.26515 3.50572 3.14452 3.05272 2.95316 2.89851 2.71172 3.96184 2.95119 2.68319 3.81514 2.55928 2.45556 2.66387 2.36284 2.27046 2.10898 2.07059 2.32469 2.06737 2.02576 2.01298 1.95275 2.88607 1.95132
threshold=5.5000000000000009 122.50000000000001 31.01136363636364 63.021739130434788 0 8.2500000000000018 44.918333333333344 198.50000000000003 1 9.5000000000000018 2 3 4 5 463.39999999999981 6 165.35000000000008 1.0000000180025095e-35 7 8 9 24.753378378378383 10 1.2849704269642646 13.905272443617319 11 12 174.06250000000003 15.370192307692308 79.029411764705898 118.05000000000001 2.8490740954527207 13 14 0.43450421402681499 1376.8900000000001 596.19500000000005 771.79500000000019 37.500000000000007 1.794699097242676 15 352.30500000000006 16 647.99500000000012 1190.4550000000002 17 35.405128205128214 54.605555555555561 18 19 82.91500000000002 20 93.696153846153862 576.23500000000013 21 135.13573387271194 22 0.49944674593344668 10.500000000000002 23 24 0.41846369066896977
decision_type=2 2 2 2 9 2 2 2 1 2 1 1 1 9 2 1 2 2 9 1 9 2 9 2 2 9 9 2 2 2 2 2 1 9 2 2 2 2 2 2 9 2 9 2 2 1 2 2 9 9 2 9 2 2 1 2 9 2 2 1 9 2
left_child=1 3 19 5 31 11 15 18 40 35 20 26 -8 23 25 59 -13 -18 41 -2 36 -21 -16 -14 -23 -12 -1 28 51 61 43 32 -4 39 -28 -5 -11 38 -17 -10 -7 49 -37 44 -20 -45 58 -48 -31 50 -3 -9 -44 -33 55 -29 -39 -43 -34 -6 -61 -30
right_child=2 7 4 9 6 8 12 27 33 10 14 16 13 -15 22 37 17 -19 30 21 -22 24 -24 -25 -26 -27 34 54 29 48 -32 53 46 -35 -36 42 -38 56 -40 -41 -42 57 52 45 -46 -47 47 -49 -50 -51 -52 -53 -54 -55 -56 -57 -58 -59 -60 60 -62 -63
leaf_value=1.150331629351677 -0.19409069685078731 -0.0013887505041552117 -0.022250913618752224 1.0994503144354144 0.17208013446803483 -0.3327196292885452 0.40491499656860608 1.1929608584342828 -0.32750936656147644 0.056964220665534887 -0.12079951711621746 -1.1120647381875484 -0.34824630632286785 0.11022889332836892 0.097933928680296406 -0.46229197738353456 1.1169378458434374 -0.044022034458979321 0.23694387682734544 -0.66186213622852641 0.67565932309497467 -0.21934221226627645 -0.34818400237954439 -0.12980147067847589 -0.64722659546970895 0.27470195149388915 -0.5569964065322538 1.9950461024971518 -1.1792013055463346 1.6271612215733453 0.94863030800379777 -0.51148204322448876 -0.42865690194967104 -0.47795965522171591 -0.026089134005244041 0.15299178711739111 0.57496993285788445 -0.055051462504689841 -0.31273579136750912 0.08153127051885295 0.24268148169125736 -0.47094728473879677 -0.050398288911780581 1.0827828700622626 -0.39573216498719294 0.33849119868910266 -0.32660991841111503 -0.33294571762528469 0.66467790592172848 0.070645338760966334 -1.0655977819833573 3.0624767422150194 -1.1565508306914833 0.041792907449308282 2.8599976313485986 -0.6217683624598056 -0.36971912564036791 0.35858624822846896 -0.070761764562983401 0.18699417542458774 -0.25649052068258082 0.18242054351707396
leaf_weight=122 160 59 145 82 179 216 399 507 348 1608 919 134 825 1106 1078 350 1719 2054 1392 606 2306 355 1487 2533 400 2972 797 774 103 610 3521 56 77 1328 349 111 1100 247 554 186 474 144 92 495 305 934 818 524 1555 220 96 1663 415 187 2496 138 235 1253 214 104 524 193
leaf_count=122 160 59 145 82 179 216 399 507 348 1608 919 134 825 1106 1078 350 1719 2054 1392 606 2306 355 1487 2533 400 2972 797 774 103 610 3521 56 77 1328 349 111 1100 247 554 186 474 144 92 495 305 934 818 524 1555 220 96 1663 415 187 2496 138 235 1253 214 104 524 193
internal_value=0.000267538 0.00190845 -0.00535563 9.86181e-05 -0.00398541 -0.00173512 -0.00280804 0.00409301 -0.00504892 0.00126715 0.00163645 -8.93202e-05 -0.00136919 -0.00192093 0.000332354 -0.00598247 0.000978954 0.00135395 0.00278289 -0.013476 0.0032972 -0.0144742 -0.00157224 -0.00307772 -0.011692 0.00160182 -0.00339578 0.00545729 0.00447508 0.00288657 0.00343656 -0.00800762 -0.00885738 -0.00702667 -0.00437877 -0.00469417 0.00178243 -0.00798785 -0.0098677 -0.00324497 0.000320057 0.000280112 -0.00599839 0.00213327 0.000742647 0.00374476 -0.0095003 -0.010539 0.00367274 -0.0036045 -0.00811012 0.00624712 -0.00752404 -0.00188008 0.00677221 0.00437838 -0.00448454 0.00136607 -0.00480442 -0.00233232 -0.00366615 -0.00267559
internal_weight=46953 36355 10598 19897 9077 7727 7056 16458 2552 12170 11470 5175 4863 4464 6456 2193 3907 3773 8419 1521 5014 1361 2565 3358 755 3891 1268 8039 4631 2461 6647 2021 1778 1862 1146 700 2708 1386 904 534 690 1772 618 3126 1697 1429 1633 1342 2165 375 155 2170 507 243 3408 912 482 1397 291 807 628 296
internal_count=46953 36355 10598 19897 9077 7727 7056 16458 2552 12170 11470 5175 4863 4464 6456 2193 3907 3773 8419 1521 5014 1361 2565 3358 755 3891 1268 8039 4631 2461 6647 2021 1778 1862 1146 700 2708 1386 904 534 690 1772 618 3126 1697 1429 1633 1342 2165 375 155 2170 507 243 3408 912 482 1397 291 807 628 296
cat_boundaries=0 2 3 4 5 6 8 9 11 12 14 16 18 20 21 23 25 27 28 30 31 33 34 36 37 39
cat_threshold=2363970 856324 526 908 17 512 613942424 49842 1580 2431062016 834608 1032 812847209 285344 53478857 435733 369668708 1125393 786448 16384 8 2496036897 33299 2149060615 70146 2181070864 262656 1928 386826268 1081874 12 19567876 66688 25 570949664 16528 512 2147483684 129
is_linear=0
shrinkage=0.05


Tree=28
num_leaves=63
num_cat=13
split_feature=15 20 21 21 21 1 17 21 20 8 5 5 17 1 21 5 23 1 21 13 5 5 8 1 1 1 1 8 17 20 1 9 1 8 22 9 1 19 11 20 5 20 15 5 20 5 5 1 16 17 20 19 17 1 1 19 19 9 21 16 22 11
split_gain=154.596 53.5211 39.9211 15.8957 15.0195 14.6658 14.3099 11.8323 10.2561 8.77675 8.70845 8.18419 7.45829 7.1757 5.43768 5.40827 5.18237 5.14224 4.64459 4.60656 4.36394 4.44176 4.248 4.03236 4.00507 3.81582 3.50611 3.48905 3.48635 3.41894 3.35663 3.28741 3.10792 3.04337 2.99998 2.78884 2.76466 3.21328 2.75187 2.69202 2.68426 2.51214 2.45881 2.45699 2.43701 2.42193 2.39798 2.33954 2.92308 2.27521 2.26627 2.2561 2.22192 2.25076 2.06618 2.71799 2.0457 2.04028 2.02976 2.00673 2.05274 1.97741
threshold=5.5000000000000009 122.50000000000001 31.01136363636364 63.021739130434788 8.2500000000000018 0 1.8666614561521215 44.918333333333344 9.5000000000000018 554.31000000000006 181.50000000000003 34.500000000000007 1.6000008328238076 1 121.86607142857144 334.50000000000006 7.5000000000000009 2 23.732142857142861 1.5000000000000002 183.50000000000003 215.50000000000003 398.84000000000009 3 4 5 6 165.35500000000005 2.5688486536168038 196.50000000000003 7 342.10500000000008 8 771.79500000000019 68.596039404782644 1383.9250000000004 9 1234.6800000000001 648.08500000000015 145.50000000000003 263.50000000000006 6.5000000000000009 8.5000000000000018 248.50000000000003 294.50000000000006 142.50000000000003 3.5000000000000004 10 1.794699097242676 0.54699195300243819 25.500000000000004 2377.9850000000001 1.2316887983510576 11 12 5.79499999999996 1496.365 143.71500000000003 79.029411764705898 0.98283975177997884 41.040427222745102 1798.5500000000004
decision_type=2 2 2 2 2 9 2 2 2 2 2 2 2 9 2 2 2 9 2 2 2 2 2 9 9 9 9 2 2 2 9 2 9 2 2 2 9 2 2 2 2 2 2 2 2 2 2 9 2 2 2 2 2 9 9 2 2 2 2 2 2 2
left_child=1 3 15 4 11 27 14 20 35 13 47 36 -13 31 25 18 24 22 -2 -14 33 -22 57 -11 -8 39 -20 -4 30 43 -12 -10 -23 50 -15 54 -1 -38 -18 -3 59 -19 -24 -26 -41 -25 -16 48 -6 -43 -7 -31 53 -27 -5 -56 -54 -9 -37 -29 -61 -42
right_child=2 6 5 8 10 7 16 17 9 23 28 12 19 34 46 -17 38 41 26 -21 21 32 42 45 29 52 -28 40 -30 51 -32 -33 -34 -35 -36 58 37 -39 -40 44 61 49 -44 -45 -46 -47 -48 -49 -50 -51 -52 -53 56 -55 55 -57 -58 -59 -60 60 -62 -63
leaf_value=0.454301870047843 -0.64804313700078042 0.3531700775423513 -0.2845973597450554 0.85113901621765931 -0.33618264470461307 -0.71668942410978476 2.2347733882168899 -0.51616862050119328 -0.65616766062195997 0.61362803869444693 0.013827401514632954 -1.26249586805613 0.24947853504604361 0.15765567670380431 -2.7547841280751975 -0.014401167699001861 -1.4289778388965035 -1.2038483854230284 -0.20603345874460613 -0.58026231040312681 0.20440069810614211 -0.42289103249446358 -0.049153823675062117 0.064557417355791111 1.0574753790313147 0.58977920456495381 -0.47447920315541836 -0.43693482317539473 0.35585381346769529 2.3039245282310552 -0.31798557735029809 -0.13812908439313584 -0.12819782275074521 -0.18813389666188973 -0.18184936104217223 1.0559671142819695 -0.093117548547330842 -0.82555242905329562 0.17824938916395167 -0.60739320970501487 0.093278526059981645 -0.49108914097655137 -0.33917833741726683 -0.027918360575226588 1.0066746012707917 0.4889659652286838 0.80043588538320809 -0.48724777975857275 0.13998131025299418 0.12059036205350467 -0.33338088896646012 0.78934032145123612 0.62800908336309014 -0.022138398528865011 0.24398856188719861 -1.082389324577647 -0.12038129975053202 -0.26710092655401568 -1.1265588195637655 -0.24368895693305648 -0.41616689547996333 -0.25913271472889887
leaf_weight=120 519 184 435 118 261 110 2810 33 309 1752 454 181 3985 4080 28 91 40 45 242 310 192 391 2145 1709 832 333 669 120 171 3212 434 468 512 382 879 21 192 387 236 307 111 67 210 514 26 2273 4301 1113 119 1527 606 237 1548 1566 116 280 284 836 165 872 132 351
leaf_count=120 519 184 435 118 261 110 2810 33 309 1752 454 181 3985 4080 28 91 40 45 242 310 192 391 2145 1709 832 333 669 120 171 3212 434 468 512 382 879 21 192 387 236 307 111 67 210 514 26 2273 4301 1113 119 1527 606 237 1548 1566 116 280 284 836 165 872 132 351
internal_value=0.000290964 0.00184107 -0.00502075 9.3593e-05 -0.00167691 -0.00375413 0.00395025 -0.00265243 0.00122197 0.00158415 -0.00481409 -0.000118289 0.000658629 0.000191671 0.00252477 -0.0125246 0.00549372 -0.00126644 -0.0132763 0.00109062 -0.00570924 -0.00338115 -0.00242508 0.00296758 0.00573902 0.001235 -0.0108999 -0.00751598 -0.00128296 0.00478109 -0.00258137 -0.00422468 -0.00487031 -0.00797003 0.000902554 -0.00462304 -0.00514601 -0.00652449 -0.00107527 -0.00271226 -0.00637193 0.000991223 -0.00129877 0.00257598 -0.00546875 0.00204631 0.00377712 -0.00727774 -0.00330789 0.00136193 -0.00994437 0.00563804 0.00179955 0.000571767 -0.00256286 -0.00427873 0.00305177 -0.00543291 -0.00992063 -0.00771961 -0.00685204 -0.00295699
internal_weight=46953 36355 10598 19897 7727 9077 16458 7056 12170 11470 2552 5175 4476 5736 8577 1521 7881 4863 1430 4295 2193 1095 3224 5734 7605 4248 911 2021 1059 4795 888 777 903 1098 4959 700 699 579 276 517 1586 1639 2355 1346 333 3982 4329 1493 380 1594 716 3449 3731 1899 514 396 1832 869 186 1124 1004 462
internal_count=46953 36355 10598 19897 7727 9077 16458 7056 12170 11470 2552 5175 4476 5736 8577 1521 7881 4863 1430 4295 2193 1095 3224 5734 7605 4248 911 2021 1059 4795 888 777 903 1098 4959 700 699 579 276 517 1586 1639 2355 1346 333 3982 4329 1493 380 1594 716 3449 3731 1899 514 396 1832 869 186 1124 1004 462
cat_boundaries=0 2 4 6 8 10 12 14 16 18 20 22 24 26
cat_threshold=2363970 856324 2511392 1120290 613942416 33330 202790786 440322 84189884 1212931 67342400 571392 33554528 16528 839155960 144 34078849 640 9175088 16896 2153021473 33283 27804176 81926 2181566465 262656
is_linear=0
shrinkage=0.05


Tree=29
num_leaves=63
num_cat=3
split_feature=15 7 14 7 13 17 6 11 15 0 19 14 7 13 17 5 7 17 14 19 5 16 17 5 19 5 16 16 6 15 3 11 13 7 15 11 9 11 7 12 19 5 7 4 5 6 7 17 17 8 8 6 9 17 17 5 8 19 13 5 6 5
split_gain=139.523 26.5902 26.4355 18.2402 18.0314 10.9726 10.4107 10.2 8.63923 7.52024 9.33284 7.39161 6.91133 8.81845 5.1851 5.00043 4.96923 4.71467 4.52896 4.3178 4.05948 4.05324 5.04658 4.04685 3.47742 3.34894 3.10916 3.22071 3.02209 2.95713 2.94965 3.21402 2.94323 2.93605 2.82713 2.7173 2.41137 2.39552 2.23723 2.17246 2.16223 2.16074 1.98483 1.98046 1.93423 1.93022 2.92472 1.98338 1.92583 1.84112 1.77727 1.745 1.73013 1.71638 1.65141 1.60499 1.58206 1.44874 1.84117 1.44578 1.39168 1.3815
threshold=5.5000000000000009 545.35000000000014 4.5000000000000009 427.0750000000001 1.5000000000000002 1.8666614561521215 2501.0100000000007 4568.7800000000007 8.5000000000000018 0 1425.9550000000002 2.5000000000000004 -1.0000000180025095e-35 1.5000000000000002 2.8126575904207876 135.50000000000003 165.35500000000005 2.1410042873196562 1.5000000000000002 1320.22 3.5000000000000004 1.7497887409795816 1.2004613830637516 83.500000000000014 3092.9000000000005 333.50000000000006 0.36397613451432725 1.8637642439899624 4496.4800000000005 3.5000000000000004 1 3709.1100000000001 1.0000000180025095e-35 720.34500000000014 4.5000000000000009 6031.0300000000016 1032.0600000000004 2755.6550000000007 170.31500000000003 1.5000000000000002 3092.9000000000005 47.500000000000007 302.46000000000009 2 331.50000000000006 6744.7200000000003 744.04000000000008 1.2682703839997125 1.1684704890422872 1175.1950000000002 2088.0050000000006 3650.2500000000005 771.71500000000015 1.0624529061951522 1.9859881021158152e-05 179.50000000000003 798.10000000000014 2554.6850000000004 1.5000000000000002 73.500000000000014 1734.8500000000001 312.50000000000006
decision_type=2 2 2 2 2 2 2 2 2 1 2 2 2 2 2 2 2 2 2 2 2 2 2 2 2 2 2 2 2 2 1 2 2 2 2 2 2 2 2 2 2 2 2 9 2 2 2 2 2 2 2 2 2 2 2 2 2 2 2 2 2 2
left_child=1 6 3 7 5 20 11 16 24 10 28 12 13 59 54 -12 26 60 29 55 -3 34 -23 40 30 45 -2 -28 -7 -14 31 -5 -9 35 -22 49 -26 42 -20 -32 52 -39 -18 44 -35 -4 47 -47 56 -10 -19 -25 -16 -37 -8 -11 -34 58 -56 -1 -6 -13
right_child=2 4 25 8 17 9 14 32 33 19 15 61 18 -15 23 -17 37 50 38 -21 21 22 -24 51 36 -27 27 -29 -30 -31 39 -33 48 43 -36 53 -38 41 -40 -41 -42 -43 -44 -45 -46 46 -48 -49 -50 -51 -52 -53 -54 -55 57 -57 -58 -59 -60 -61 -62 -63
leaf_value=-1.0245066558223208 -0.14578323893768586 -1.3402947578265245 -0.50093664588569931 0.048457603961103504 1.576166999029212 1.4555907580492315 0.44913209247983482 -0.22956548569977084 -0.21430936318385696 0.047841605948719314 0.013071238384325667 -0.37424333033535395 0.49572356592182776 1.948127506933502 -0.052674810397624588 1.0190150761181567 -0.18023607279337872 -0.71926909514360104 -0.31727868564247785 -1.2666510625237564 -0.53361372109933825 0.060581213453698095 0.54958712587477521 -0.10879118864702982 0.19404990216184714 -0.057504746273022538 -0.37042732294909353 -0.2207362103730553 -0.077193814152156037 0.0015311268448105154 0.017291524273250758 -0.30924860340628985 -0.67914119809845352 -0.27880708190072506 0.0021724954990055777 -0.63802928436586626 -0.73625795858675647 -0.37327054314975516 0.037948221531984676 -1.0771747137865262 -0.79132786579158254 -0.18811101142101949 -0.058219664916726102 0.014585546302100294 0.11030675396153256 -0.84653851419011428 -0.35062179258452048 -0.7165570356342621 -0.34605810999953701 0.29534799112015797 -0.8185097733704414 -0.69659929963973666 -0.86770600215168159 -0.29356125734508209 -0.24059281910753416 0.70244737149164216 -0.44358547067809551 0.041424423418932932 0.53572808709108033 -1.2266928248023801 -0.18674309948703194 0.63236068677674673
leaf_weight=43 226 74 353 343 51 6394 319 100 522 940 1266 396 7179 95 92 1303 1011 432 601 70 140 2634 4995 341 29 42 648 255 150 1706 2793 582 334 396 667 140 69 188 2612 86 119 876 628 326 50 83 49 24 175 23 101 132 65 158 1491 647 89 733 136 171 227 33
leaf_count=43 226 74 353 343 51 6394 319 100 522 940 1266 396 7179 95 92 1303 1011 432 601 70 140 2634 4995 341 29 42 648 255 150 1706 2793 582 334 396 667 140 69 188 2612 86 119 876 628 326 50 83 49 24 175 23 101 132 65 158 1491 647 89 733 136 171 227 33
internal_value=0.000261149 0.0017338 -0.00478493 -0.0041903 0.00295051 0.00325935 0.000227454 -0.00654644 -0.00224411 0.00432331 0.00488838 0.000884025 0.001111 -0.00620994 -0.0022151 0.00229879 -0.00550196 -0.00431511 0.00130361 0.00118223 0.00190591 0.00201446 0.00237323 -0.00590093 -0.000953905 -0.0154558 -0.00833701 -0.00967163 0.00589583 0.00188597 -0.000696086 -0.00313166 -0.0121612 -0.00532293 -0.00131173 -0.00740248 -0.0101485 -0.00429139 -0.000291511 8.21231e-05 -0.0107527 -0.00618557 -0.00302223 -0.00296774 -0.00506536 -0.0165771 -0.0220126 -0.0269318 -0.0135191 -0.00508668 -0.00706623 -0.00291492 -0.00617188 -0.0113787 -0.00116051 0.00175314 -0.0155223 -0.00162928 -0.00246166 -0.0118664 0.000800712 -0.00552662
internal_weight=46953 36355 10598 10047 20091 19280 16264 4530 5517 10770 9113 12836 12407 309 3428 2569 3832 811 12098 1657 8510 8436 7629 749 3902 551 1129 903 6544 8885 3804 925 698 1615 807 843 98 2703 3213 2879 276 1064 1639 772 446 509 156 107 598 545 533 473 157 298 2679 1587 423 2360 1627 214 278 429
internal_count=46953 36355 10598 10047 20091 19280 16264 4530 5517 10770 9113 12836 12407 309 3428 2569 3832 811 12098 1657 8510 8436 7629 749 3902 551 1129 903 6544 8885 3804 925 698 1615 807 843 98 2703 3213 2879 276 1064 1639 772 446 509 156 107 598 545 533 473 157 298 2679 1587 423 2360 1627 214 278 429
cat_boundaries=0 1 2 3
cat_threshold=1 2 11
is_linear=0
shrinkage=0.05


end of trees

feature_importances:
cicle_mig_dies=235
Provincia=217
mes=202
euros_7d=176
ratio_90d_vs_365d=148
dia_anyo=101
dies_desde_ultima_compra=94
n_pedidos_365d=84
euros_30d=70
ratio_30d_vs_90d=64
cicle_std_dies=63
euros_90d=50
gap_eur=50
n_pedidos_90d=48
euros_365d=40
share_wallet_12m=38
Familia_Potencial=34
Potencial_EUR_anual=33
euros_180d=31
num_intervals=26
n_pedidos_30d=22
n_pedidos_7d=12
trimestre=11
dia_setmana=11

parameters:
[boosting: gbdt]
[objective: quantile]
[metric: quantile]
[tree_learner: serial]
[device_type: cpu]
[data_sample_strategy: bagging]
[data: ]
[valid: ]
[num_iterations: 1000]
[learning_rate: 0.05]
[num_leaves: 63]
[num_threads: 0]
[seed: 42]
[deterministic: 0]
[force_col_wise: 0]
[force_row_wise: 0]
[histogram_pool_size: -1]
[max_depth: 7]
[min_data_in_leaf: 20]
[min_sum_hessian_in_leaf: 0.001]
[bagging_fraction: 0.8]
[pos_bagging_fraction: 1]
[neg_bagging_fraction: 1]
[bagging_freq: 0]
[bagging_seed: 400]
[bagging_by_query: 0]
[feature_fraction: 0.7]
[feature_fraction_bynode: 1]
[feature_fraction_seed: 30056]
[extra_trees: 0]
[extra_seed: 12879]
[early_stopping_round: 0]
[early_stopping_min_delta: 0]
[first_metric_only: 1]
[max_delta_step: 0]
[lambda_l1: 1]
[lambda_l2: 3]
[linear_lambda: 0]
[min_gain_to_split: 0]
[drop_rate: 0.1]
[max_drop: 50]
[skip_drop: 0.5]
[xgboost_dart_mode: 0]
[uniform_drop: 0]
[drop_seed: 17869]
[top_rate: 0.2]
[other_rate: 0.1]
[min_data_per_group: 100]
[max_cat_threshold: 32]
[cat_l2: 10]
[cat_smooth: 10]
[max_cat_to_onehot: 4]
[top_k: 20]
[monotone_constraints: ]
[monotone_constraints_method: basic]
[monotone_penalty: 0]
[feature_contri: ]
[forcedsplits_filename: ]
[refit_decay_rate: 0.9]
[cegb_tradeoff: 1]
[cegb_penalty_split: 0]
[cegb_penalty_feature_lazy: ]
[cegb_penalty_feature_coupled: ]
[path_smooth: 0]
[interaction_constraints: ]
[verbosity: -1]
[saved_feature_importance_type: 0]
[use_quantized_grad: 0]
[num_grad_quant_bins: 4]
[quant_train_renew_leaf: 0]
[stochastic_rounding: 1]
[linear_tree: 0]
[max_bin: 255]
[max_bin_by_feature: ]
[min_data_in_bin: 3]
[bin_construct_sample_cnt: 200000]
[data_random_seed: 175]
[is_enable_sparse: 1]
[enable_bundle: 1]
[use_missing: 1]
[zero_as_missing: 0]
[feature_pre_filter: 1]
[pre_partition: 0]
[two_round: 0]
[header: 0]
[label_column: ]
[weight_column: ]
[group_column: ]
[ignore_column: ]
[categorical_feature: 0,1,2,3,4]
[forcedbins_filename: ]
[precise_float_parser: 0]
[parser_config_file: ]
[objective_seed: 16083]
[num_class: 1]
[is_unbalance: 0]
[scale_pos_weight: 1]
[sigmoid: 1]
[boost_from_average: 1]
[reg_sqrt: 0]
[alpha: 0.25]
[fair_c: 1]
[poisson_max_delta_step: 0.7]
[tweedie_variance_power: 1.5]
[lambdarank_truncation_level: 30]
[lambdarank_norm: 1]
[label_gain: ]
[lambdarank_position_bias_regularization: 0]
[eval_at: ]
[multi_error_top_k: 1]
[auc_mu_weights: ]
[num_machines: 1]
[local_listen_port: 12400]
[time_out: 120]
[machine_list_filename: ]
[machines: ]
[gpu_platform_id: -1]
[gpu_device_id: -1]
[gpu_use_dp: 0]
[num_gpu: 1]

end of parameters

pandas_categorical:[["Anestesia", "Bioseguridad"], ["A Coru\u00f1a", "Albacete", "Alicante", "Almer\u00eda", "Asturias", "Badajoz", "Baleares", "Barcelona", "Burgos", "Cantabria", "Castell\u00f3n", "Ceuta", "Ciudad Real", "Cuenca", "C\u00e1ceres", "C\u00e1diz", "C\u00f3rdoba", "Gip\u00fazkoa", "Girona", "Granada", "Guadalajara", "Huelva", "Huesca", "Ja\u00e9n", "La Rioja", "Las Palmas", "Le\u00f3n", "Lleida", "Lugo", "Madrid", "Melilla", "Murcia", "M\u00e1laga", "Navarra", "Orense", "Palencia", "Pontevedra", "Salamanca", "Segovia", "Sevilla", "Soria", "Sta.Cruz Tenerife", "Tarragona", "Teruel", "Toledo", "Unknown", "Valencia", "Valladolid", "Vizcaya", "Zamora", "Zaragoza", "\u00c1lava", "\u00c1vila"], ["1", "10", "11", "12", "2", "3", "4", "5", "6", "7", "8", "9"], ["1", "2", "3", "4"], ["0", "1", "2", "3", "4", "5", "6"]]
