tree
version=v4
num_class=1
num_tree_per_iteration=1
label_index=0
max_feature_idx=23
objective=quantile
feature_names=Familia_Potencial Provincia mes trimestre dia_setmana dia_anyo Potencial_EUR_anual euros_7d euros_30d euros_90d euros_180d euros_365d n_pedidos_7d n_pedidos_30d n_pedidos_90d n_pedidos_365d ratio_30d_vs_90d ratio_90d_vs_365d share_wallet_12m gap_eur dies_desde_ultima_compra cicle_mig_dies cicle_std_dies num_intervals
feature_infos=-1:0:1 -1:29:7:41:39:0:19:31:3:36:12:46:50:44:25:2:32:48:18:6:15:4:20:5:47:33:8:1:23:21:17:26:42:9:37:24:14:10:28:35:13:22:45:16:34:52:51:49:40:27:43:38:30 -1:8:11:2:1:9:6:7:5:3:4:0:10 -1:1:3:2:0 -1:2:4:3:1:0:6 [4:364] [0:18186.880000000001] [-3031.23:9920.3999999999996] [-864.53999999999996:9920.3999999999996] [-762.29999999999995:10747.1] [-524.63:13863.01] [-524.63:22324.23] [0:3] [0:5] [0:7] [0:17] [-864540:172949.99999999997] [2.4095369472371648e-06:15.999419406342991] [-0.4828890688855344:13.096618313022349] [0:16730.110000000001] [-1:359] [-1:278] [-1:187.3832970144351] [0:16]
tree_sizes=5145 5377 5386 5460 5458 5500 5395 5458 5473 5454 5514 5516 5475 5441 5498 5420 5493 5510 5428 5513 5482 5496 5514 5495 5530 5457 5519 5465 5488 5501 5486 5536 5531 5526 5455 5547 5569 5527 5499 5553 5385 5299 5233 5533 5563 5512 5527 5551 4787 5581 5497 5470 5158 5431 4050 5370 5167 4619 5497 5586 4752 5545 5524 5460 5500 5527 5535 5547 4724 5527 5338 5448 5544 5465 5560 5528 4934 5177 5541 4539 5538 3508 5568 5563

Tree=0
num_leaves=63
num_cat=6
split_feature=14 17 3 7 19 22 10 7 22 10 21 21 1 6 19 21 12 1 19 17 17 19 16 19 3 10 3 21 21 19 21 21 1 18 7 7 10 18 17 10 17 17 7 9 9 17 18 10 21 18 19 7 19 18 8 7 22 19 21 21 7 19
split_gain=252.551 96.5537 28.0246 15.1762 11.8902 11.2447 9.64632 10.712 7.54611 5.8337 5.76241 4.09253 3.97816 3.97004 3.64971 3.59098 3.56208 3.64219 3.47455 2.62496 2.56623 2.4611 2.45624 2.36364 2.2014 2.10953 1.79272 2.16062 1.72482 1.66259 1.45684 1.45454 1.44445 1.20312 1.1908 1.08103 0.848555 0.813367 0.807362 0.77947 0.739786 0.731562 0.715261 0.709548 0.687692 0.686285 0.672687 0.658345 0.636753 0.587765 0.475652 0.455034 0.380388 0.342593 0.313861 0.239017 0.215691 0.186657 0.126755 0.126698 0.121064 0.111837
threshold=1.5000000000000002 1.7337317998176063 0 1008.3650000000001 1833.4800000000002 1.0000000180025095e-35 1020.4900000000001 299.59000000000009 2.8503542240076025 1960.8450000000005 161.50000000000003 77.125000000000014 1 1734.8500000000001 3024.8800000000006 18.071428571428573 1.0000000180025095e-35 2 1258.6450000000002 1.3393655554446837 1.5385432017973744 1337.5050000000003 0.56723149268237882 1229.1050000000002 3 1.0000000180025095e-35 4 35.845238095238102 99.250000000000014 2658.7000000000007 116.25000000000001 110.25000000000001 5 2.1023033399708835 436.17500000000001 468.60000000000008 893.31500000000017 0.95059196084781761 1.3045474501437679 960.68000000000018 1.9275775925527749 2.156930737358389 218.56000000000003 688.94500000000016 299.97500000000008 2.5000215810465938 0.068097075107623375 1203.6400000000001 79.166666666666671 0.56158312041935077 852.06000000000006 1008.3650000000001 700.17500000000007 0.37563195739639421 1033.3750000000002 412.55000000000007 60.943819000832569 80.250000000000014 56.100000000000009 46.45000000000001 464.42500000000007 2945.6050000000005
decision_type=2 2 1 2 2 2 2 2 2 2 2 2 9 2 2 2 2 9 2 2 2 2 2 2 1 2 1 2 2 2 2 2 9 2 2 2 2 2 2 2 2 2 2 2 2 2 2 2 2 2 2 2 2 2 2 2 2 2 2 2 2 2
left_child=1 8 4 6 13 10 7 23 12 40 15 56 24 34 -9 16 -2 37 50 25 31 33 -19 -4 52 46 27 -8 -17 44 41 -21 38 -11 -3 -12 -26 -18 48 -22 -5 51 -20 -38 -6 -28 -14 -27 59 -36 -15 -13 58 -54 -46 -50 -7 -30 -1 -10 -43 -31
right_child=5 2 3 9 29 11 26 14 32 21 35 30 19 18 -16 28 17 22 42 20 39 -23 -24 -25 36 47 45 -29 57 61 -32 -33 -34 -35 49 -37 43 -39 -40 -41 -42 60 -44 -45 54 -47 -48 -49 55 -51 -52 -53 53 -55 -56 -57 -58 -59 -60 -61 -62 -63
leaf_value=155.17500000000001 164.90000000000001 159.15000000000001 160.15000000000001 156.625 151.88749999999999 150.65000000000001 156.98750000000001 161.05000000000001 153.67500000000001 159.26249999999999 155.22499999999999 152.83750000000001 155.80000000000001 162.26249999999999 154.47499999999999 152.17500000000001 155.67500000000001 158.875 154.92500000000001 155.72499999999999 155.55000000000001 155.47499999999999 152.84999999999999 155.5 158.97499999999999 154.27500000000001 155.46250000000001 154.34999999999999 154.98750000000001 154.57499999999999 155.90000000000001 156.92500000000001 152.55000000000001 156.30000000000001 152.625 158.09999999999999 154.71250000000001 153.61250000000001 155.96250000000001 153.84999999999999 163.27500000000001 156.42500000000001 157.44999999999999 156.94999999999999 156.59999999999999 157.77500000000001 161.23750000000001 153.90000000000001 154.09999999999999 156.05000000000001 160.94999999999999 153.75 154.19999999999999 156.42500000000001 154.84999999999999 156.92500000000001 154.15000000000001 154.44999999999999 153.76249999999999 152.59999999999999 154.21250000000001 151.75
leaf_weight=23 27 21 130 22 20 2159 204 997 20 206 30 170 42 50 22 707 195 23 26 135 65 35 983 131 51 323 188 29 40 59 37 39 352 21 40 37 20 48 26 75 484 20 343 30 75 32 22 219 21 47 173 27 22 24 68 20 29 85 32 69 26 121
leaf_count=23 27 21 130 22 20 2159 204 997 20 206 30 170 42 50 22 707 195 23 26 135 65 35 983 131 51 323 188 29 40 59 37 39 352 21 40 37 20 48 26 75 484 20 343 30 75 32 22 219 21 47 173 27 22 24 68 20 29 85 32 69 26 121
internal_value=155 155.008 155.012 155.015 155.005 154.991 155.012 155.015 154.998 155.021 154.994 154.989 155 155.009 155.017 154.994 154.995 154.995 155.01 154.998 155.002 155.014 154.994 155.005 155.006 154.996 155.006 155.009 154.991 154.998 154.995 155.006 154.992 155.016 155 155.008 155.011 155 154.998 154.997 155.024 154.994 155.007 155.005 155.001 155.002 155.004 154.995 154.996 154.997 155.016 154.992 155 155.004 155.002 155 154.988 154.997 154.998 154.993 155 154.994
internal_weight=9817 5174 3544 2501 1043 4643 1733 1280 1630 768 2175 2468 1122 700 1019 2108 1276 1249 592 920 314 262 1006 261 202 606 453 233 832 343 280 174 508 227 108 67 101 243 156 140 506 243 369 50 163 220 64 542 130 87 223 197 101 46 143 41 2188 125 55 89 46 180
internal_count=9817 5174 3544 2501 1043 4643 1733 1280 1630 768 2175 2468 1122 700 1019 2108 1276 1249 592 920 314 262 1006 261 202 606 453 233 832 343 280 174 508 227 108 67 101 243 156 140 506 243 369 50 163 220 64 542 130 87 223 197 101 46 143 41 2188 125 55 89 46 180
cat_boundaries=0 1 3 5 6 7 9
cat_threshold=1 2148008458 33811 17698824 87040 6 12 128 262800
is_linear=0
shrinkage=1


Tree=1
num_leaves=63
num_cat=3
split_feature=15 5 20 5 21 20 7 5 17 20 20 19 19 20 20 20 7 17 0 21 17 19 5 20 21 21 19 1 7 7 20 5 9 19 0 22 19 11 11 19 7 7 8 22 11 19 20 20 19 5 5 5 20 21 7 5 7 17 7 7 19 19
split_gain=218.131 58.0877 51.1212 34.3003 23.9952 17.6471 15.6421 8.56761 8.10315 7.17352 7.57645 6.93569 5.2145 4.02247 3.91337 3.67457 3.55837 3.4247 2.85177 2.81877 2.80209 3.37144 2.37661 2.23374 3.14966 1.82943 1.78717 1.86369 1.72197 1.46434 1.33971 1.20549 1.06379 1.02572 0.989746 0.979634 1.11997 1.16217 0.968111 1.13422 0.917697 0.909607 0.815386 0.814045 1.38087 0.756899 0.748874 0.717875 0.700875 0.693881 0.685868 0.66761 0.593973 0.547155 0.536135 0.512009 0.500191 0.479009 0.43375 0.385571 0.310892 0.609924
threshold=2.5000000000000004 177.50000000000003 1.0000000180025095e-35 69.500000000000014 100.16666666666667 128.50000000000003 308.31500000000005 79.500000000000014 1.8461605962135066 202.50000000000003 1.0000000180025095e-35 2584.0800000000004 1748.5500000000002 148.50000000000003 194.50000000000003 113.50000000000001 661.34500000000014 1.176468704742212 0 64.550000000000011 2.0800148517882424 1229.1050000000002 47.500000000000007 105.50000000000001 152.50000000000003 31.928571428571434 2562.6850000000009 1 971.5200000000001 116.21000000000002 7.5000000000000009 314.50000000000006 342.10500000000008 974.52999999999997 2 4.1432188122749638 529.58500000000004 1484.1350000000002 440.26000000000005 946.94499999999994 464.42500000000007 766.09500000000014 468.60000000000008 30.276501539222291 2002.5800000000002 1085.53 120.50000000000001 142.50000000000003 3530.1050000000009 41.500000000000007 339.00000000000006 67.500000000000014 150.50000000000003 69.166666666666671 684.07000000000005 196.50000000000003 1.0000000180025095e-35 1.3393655554446837 680.8950000000001 661.34500000000014 1460.6050000000002 481.06500000000011
decision_type=2 2 2 2 2 2 2 2 2 2 2 2 2 2 2 2 2 2 1 2 2 2 2 2 2 2 2 9 2 2 2 2 2 2 1 2 2 2 2 2 2 2 2 2 2 2 2 2 2 2 2 2 2 2 2 2 2 2 2 2 2 2
left_child=1 2 3 11 5 19 14 29 32 10 34 22 18 -12 20 26 46 -6 -5 -2 38 30 28 24 43 59 27 -9 -1 -4 -22 45 -8 40 -10 36 37 -27 -3 -40 -34 56 -26 54 -45 57 -17 -18 -14 -13 -33 -24 -38 -37 -19 -23 -21 -25 -44 -7 61 -43
right_child=4 6 7 12 17 25 8 15 9 -11 13 49 48 -15 -16 16 47 23 -20 41 21 55 51 31 42 35 -28 -29 -30 -31 -32 50 33 -35 -36 53 52 -39 39 -41 -42 60 58 44 -46 -47 -48 -49 -50 -51 -52 -53 -54 -55 -56 -57 -58 -59 -60 -61 -62 -63
leaf_value=0.015000000000000568 -4.078125 4.8250000000000002 -1.4962500000000007 6.8862500000000004 -0.97687500000000016 1.6724999999999994 2.1596875 0.2768749999999997 9.7515625000000004 7.6571874999999991 2.1990624999999997 -2.2728125000000001 4.3140625000000004 3.5071874999999992 3.7229687499999997 2.2610937499999997 1.0868750000000007 -1.4950000000000003 5.9837499999999997 -1.5775000000000006 2.5924999999999998 -2.2749999999999999 3.5095312500000007 0.23624999999999974 0.2137500000000003 3.6062500000000002 -2.1684375 -0.94249999999999978 4.0025000000000004 -3.8049999999999997 8.0425000000000004 3.6528125000000005 -0.9109375000000004 -0.03624999999999972 11.51 -1.8025000000000007 -1.8853124999999999 0.60125000000000028 0.28749999999999964 -1.6456250000000001 2.7075000000000005 -1.2912500000000002 3.3918750000000006 2.4403124999999997 -1.0162500000000001 -0.61781250000000021 -1.4262499999999996 4.5862499999999997 1.1625000000000001 -1.63375 0.61937500000000023 0.79875000000000052 0.15499999999999972 0.52249999999999941 0.0140625 1.4849999999999999 -2.1146875000000005 2.2537499999999997 1.6971875000000001 2.0637500000000002 -2.1587500000000008 0.27499999999999963
leaf_weight=282 2802 33 79 399 98 20 24 381 256 310 363 108 198 332 78 24 62 136 62 65 24 21 188 45 26 24 116 489 159 414 93 36 26 66 36 63 32 93 92 80 91 196 27 27 43 26 71 29 21 51 27 31 45 32 51 52 594 44 34 21 33 36
leaf_count=282 2802 33 79 399 98 20 24 381 256 310 363 108 198 332 78 24 62 136 62 65 24 21 188 45 26 24 116 489 159 414 93 36 26 66 36 63 32 93 92 80 91 196 27 27 43 26 71 29 21 51 27 31 45 32 51 52 594 44 34 21 33 36
internal_value=-0.000143839 0.00695713 0.00273129 0.00942909 -0.0079611 -0.00936191 0.0136806 -0.00327488 0.0161911 0.0176827 0.0153662 0.0024483 0.017716 0.0122672 0.00554097 -0.000893617 0.00542328 0.0011236 0.0208782 -0.0103446 0.00329774 0.00764249 0.00475113 0.00280952 0.000288184 0.00157658 -0.00214863 -0.00128866 0.00244932 -0.00879536 0.0128125 0.00732044 0.0064881 0.0046371 0.0223729 0 0.00215736 0.0053125 -0.000540865 -0.00228571 0.00739583 -0.00771305 0.00847222 -0.00235577 0.00171233 0.00349576 -0.000892857 0.012367 0.0106419 -0.00671296 0.0130682 0.00906532 -0.00203125 -0.00395408 -0.00414474 -0.000164474 -0.00881798 0.00584239 0.0115234 0.0110795 -0.00471082 -0.00361702
internal_weight=9817 5141 3164 1499 4676 4056 1977 1665 1504 1297 987 819 680 695 473 1172 186 620 461 3726 395 190 660 522 344 330 986 870 441 493 117 178 207 183 292 289 194 117 205 172 117 924 87 257 70 115 95 91 219 159 63 219 77 95 187 73 659 89 61 41 265 232
internal_count=9817 5141 3164 1499 4676 4056 1977 1665 1504 1297 987 819 680 695 473 1172 186 620 461 3726 395 190 660 522 344 330 986 870 441 493 117 178 207 183 292 289 194 117 205 172 117 924 87 257 70 115 95 91 219 159 63 219 77 95 187 73 659 89 61 41 265 232
cat_boundaries=0 1 3 4
cat_threshold=1 537657369 86530 1
is_linear=0
shrinkage=0.05


Tree=2
num_leaves=63
num_cat=3
split_feature=14 17 5 15 19 0 5 7 17 5 5 10 19 17 15 5 5 0 19 17 15 18 5 5 19 18 19 7 11 10 10 22 2 5 19 17 5 6 5 7 5 7 9 22 7 5 18 5 5 17 5 19 9 19 19 7 5 19 9 9 6 19
split_gain=221.044 74.0715 36.1369 13.5934 9.75428 11.6896 8.80978 7.79089 7.08509 5.66319 6.41322 4.67205 4.54579 4.02966 3.41484 5.6758 3.28191 3.04764 2.47685 2.35509 1.83142 1.57613 1.56897 1.56205 1.50827 1.50645 1.50545 1.80229 1.4794 2.14323 1.43654 1.29387 1.21313 1.75992 1.13417 1.04908 1.10377 1.04391 1.00048 0.785418 0.753063 0.733622 0.649842 0.545361 0.517066 0.614326 0.495363 0.489982 1.16462 0.426508 0.397656 0.390941 0.379647 0.338165 0.301802 0.296897 0.283622 0.231858 0.229236 0.19193 0.169152 0.165198
threshold=1.5000000000000002 1.8039183624997703 47.500000000000007 3.5000000000000004 2602.9250000000006 0 242.50000000000003 299.59000000000009 1.3393655554446837 180.50000000000003 151.50000000000003 1.0000000180025095e-35 1507.075 2.4749286602113005 2.5000000000000004 79.500000000000014 254.50000000000003 1 1206.5150000000001 1.0441898763171058 2.5000000000000004 0.068097075107623375 196.50000000000003 271.50000000000006 1728.1100000000001 0.49581893914858405 2562.6850000000009 85.910000000000011 1439.5450000000003 490.92000000000002 679.18500000000006 55.350021353689307 2 146.50000000000003 2789.1849999999999 2.156930737358389 279.50000000000006 3372.3600000000001 26.500000000000004 180.20500000000004 315.50000000000006 479.47500000000002 1080.3500000000001 18.348476344328859 299.59000000000009 12.500000000000002 1.6197401249895047 179.50000000000003 207.50000000000003 1.1058564353973817 254.50000000000003 3024.8800000000006 666.41500000000008 900.42499999999995 4004.5200000000004 799.30000000000007 292.50000000000006 2905.9800000000005 688.94500000000016 792.47500000000014 2012.74 913.34000000000003
decision_type=2 2 2 2 2 1 2 2 2 2 2 2 2 2 2 2 2 1 2 2 2 2 2 2 2 2 2 2 2 2 2 2 1 2 2 2 2 2 2 2 2 2 2 2 2 2 2 2 2 2 2 2 2 2 2 2 2 2 2 2 2 2
left_child=1 8 12 6 5 7 14 52 11 10 -7 21 17 -9 15 39 42 25 -11 20 22 -1 -13 49 35 55 27 -17 29 -18 -25 -5 33 51 44 -8 50 46 -19 58 -39 -33 47 -16 -14 -46 -30 60 -49 -21 -37 -6 -4 -38 57 -3 -31 -34 -2 -28 -10 -27
right_child=3 2 4 31 32 9 24 13 16 18 -12 19 34 -15 43 26 28 38 -20 23 -22 -23 -24 30 -26 61 59 -29 37 56 -32 41 54 -35 -36 36 53 40 -40 -41 -42 -43 -44 -45 45 -47 -48 48 -50 -51 -52 -53 -54 -55 -56 -57 -58 -59 -60 -61 -62 -63
leaf_value=0.9890000000000001 -2.0561093749999997 3.8026562500000005 0.91196289062500036 -3.7785937500000006 3.4192968749999992 3.1453593750000004 -1.1125468750000003 3.4533906250000004 -3.50657421875 4.5628085937500007 -6.6536875000000002 -2.85090625 -3.9826249999999987 6.9284160156250003 -2.3676289062500007 9.7048750000000013 4.6481230468749999 -2.7923125 -0.57785937499999995 0.14198437499999983 -2.2228476562500004 6.1335390624999997 1.2685312499999997 1.9282656250000003 -1.8238984374999996 10.098000000000003 -1.6968906249999993 -0.40787499999999999 2.5600156250000001 -0.38323437500000068 -0.23934375000000047 -2.3429804687500004 -0.55280468749999978 8.4638281249999991 -2.8515742187500002 2.1255000000000002 1.7947578124999997 -0.034437499999999947 3.5645625000000005 -3.6022499999999997 2.0272500000000009 0.19640624999999973 -2.2522890624999996 -1.7536249999999995 -1.0307500000000005 0.21924999999999956 1.099624999999999 1.9557656250000008 -0.56243750000000114 -1.439875 -0.66653515624999971 -0.33187499999999948 4.0112812500000006 4.8950859375000011 -2.739859375 0.10175000000000126 -1.5933437499999998 0.94589453125 0.079312499999999994 -2.2340781249999995 -0.30634374999999925 4.0523750000000005
leaf_weight=51 40 43 94 2307 30 131 22 906 23 354 69 43 28 1072 796 26 38 43 25 21 458 35 73 61 43 26 34 606 106 29 247 66 52 40 108 20 78 41 26 384 21 41 22 22 41 153 21 49 68 215 44 33 28 32 28 62 32 43 20 62 41 44
leaf_count=51 40 43 94 2307 30 131 22 906 23 354 69 43 28 1072 796 26 38 43 25 21 458 35 73 61 43 26 34 606 106 29 247 66 52 40 108 20 78 41 26 384 21 41 22 22 41 153 21 49 68 215 44 33 28 32 28 62 32 43 20 62 41 44
internal_value=-0.000286405 0.00681379 0.0109887 -0.00820867 0.0132522 0.0140986 -0.00533714 0.0158583 -0.00172998 0.00758162 0.000492611 -0.0038111 -0.000389948 0.0166204 -0.00643502 -0.00459574 0.00326417 0.00465587 0.0111584 -0.00470562 -0.00697574 0.00702247 -0.000840336 -0.00219378 0.00356405 0.00821629 -0.00177839 -0.000787402 0.00670103 0.00110294 0 -0.0108295 0.0029476 0.00657328 -0.00427928 0.00552764 0.0069209 0.0093099 -0.00364583 -0.0090604 0.00269231 -0.00443182 -0.00139563 -0.00898295 -0.00188889 -0.000634518 0.0120192 -6.79348e-05 0.0015625 -0.00523013 0.000746269 0.00094697 0.003 0.00995575 -0.000275735 0.00358796 -0.00410156 0.000637755 -0.00238095 -0.00757576 -0.00373134 0.0140411
internal_weight=9817 5174 3479 4643 2905 2679 2229 2100 1695 579 200 1204 574 1978 1990 1172 491 244 379 1118 574 86 116 544 239 175 728 632 288 99 308 2414 226 103 330 196 174 189 69 444 62 107 203 818 222 194 127 181 117 236 64 63 122 110 123 105 61 95 60 96 64 70
internal_count=9817 5174 3479 4643 2905 2679 2229 2100 1695 579 200 1204 574 1978 1990 1172 491 244 379 1118 574 86 116 544 239 175 728 632 288 99 308 2414 226 103 330 196 174 189 69 444 62 107 203 818 222 194 127 181 117 236 64 63 122 110 123 105 61 95 60 96 64 70
cat_boundaries=0 1 2 3
cat_threshold=1 1 708
is_linear=0
shrinkage=0.05


Tree=3
num_leaves=63
num_cat=5
split_feature=14 21 2 8 15 10 2 20 20 20 19 7 21 20 19 21 20 15 2 21 20 8 6 19 20 11 20 6 20 7 19 19 20 11 12 7 21 15 21 19 2 7 19 6 21 19 20 12 21 21 10 7 7 20 11 19 9 8 8 4 20 7
split_gain=204.645 58.0613 23.7875 14.7858 13.4543 8.53546 8.47329 8.03913 12.801 9.04655 8.04107 6.32343 5.53949 5.56819 4.93111 3.72382 2.96064 2.75523 2.81192 2.2228 2.2199 2.20701 2.12533 2.60371 1.3883 1.35714 1.34633 1.33713 1.33517 1.97449 1.25275 1.19809 1.39704 1.19561 1.18867 1.18562 1.17452 1.13246 1.11333 1.31801 0.99408 0.916576 0.907118 0.798631 1.45775 0.656588 0.642206 0.611381 0.639275 0.59799 0.561457 0.550101 0.544309 0.535472 0.52127 0.51685 0.964526 0.446213 1.60083 0.445288 0.343832 0.335938
threshold=1.5000000000000002 7.5000000000000009 0 478.96000000000009 3.5000000000000004 467.64000000000004 1 202.50000000000003 21.500000000000004 117.50000000000001 2602.9250000000006 299.59000000000009 100.16666666666667 129.50000000000003 1671.9850000000001 81.250000000000014 194.50000000000003 2.5000000000000004 2 97.750000000000014 8.5000000000000018 562.50000000000011 1734.8500000000001 913.34000000000003 188.50000000000003 936.03500000000008 56.500000000000007 4168.3500000000013 161.50000000000003 360.12500000000006 3110.4450000000002 1728.1100000000001 77.500000000000014 1645.4100000000001 1.0000000180025095e-35 1008.3650000000001 116.25000000000001 1.5000000000000002 132.50000000000003 150.37000000000009 3 1161.3600000000004 1229.1050000000002 1376.8900000000001 74.166666666666671 1276.8350000000003 166.50000000000003 1.5000000000000002 52.550000000000004 86.166666666666671 1727.9250000000002 275.79000000000002 448.42500000000007 119.50000000000001 2241.4150000000004 900.42499999999995 754.71500000000003 757.70000000000016 854.55000000000007 4 85.500000000000014 358.93500000000006
decision_type=2 2 1 2 2 2 1 2 2 2 2 2 2 2 2 2 2 2 1 2 2 2 2 2 2 2 2 2 2 2 2 2 2 2 2 2 2 2 2 2 1 2 2 2 2 2 2 2 2 2 2 2 2 2 2 2 2 2 2 9 2 2
left_child=1 2 14 5 6 11 31 8 10 -10 -5 16 13 43 22 47 -4 18 26 60 -14 33 52 -24 40 -13 34 41 37 -30 59 32 55 53 -8 36 49 -7 50 -40 54 -20 -9 44 -3 -25 -42 -6 -49 -17 -23 -28 -1 -22 -15 56 -2 -45 -59 -16 -19 -46
right_child=4 12 3 7 15 28 17 42 9 -11 -12 25 20 24 30 35 -18 19 27 -21 21 38 23 45 -26 -27 51 -29 29 -31 -32 -33 -34 -35 -36 -37 -38 -39 39 -41 46 -43 -44 57 61 -47 -48 48 -50 -51 -52 -53 -54 -55 -56 -57 -58 58 -60 -61 -62 -63
leaf_value=3.3609138671875005 -0.66129824218749889 -2.3754993652343752 0.51862775878906331 7.0346299804687495 -3.7396640625000006 8.6880787597656255 8.2918812500000012 7.2499395263671893 0.50133046874999965 2.8388460937500017 1.0489863281249996 5.9425784667968742 5.4564376953125011 -1.4759328125000004 0.066676708984375568 -0.74721093750000023 3.2301433593749991 -2.6159701171875014 -0.16349375000000066 -0.21686855468749969 -0.19264257812499999 1.1636281249999996 7.9818500000000006 4.0097875000000007 2.4118228759765632 0.89524770507812557 1.0844640624999997 -2.1473742187499996 -1.5328441406250009 3.9494710937500006 -3.1312806640625013 -1.7327035156249999 -0.54250429687499924 -0.68751386718750007 -3.3049595703124997 1.4250546874999999 0.4344065429687497 -0.60172583007812508 1.5679523437499996 0.28279374999999901 0.58412187499999957 1.6473156249999996 5.1919710937500003 -2.2191000000000005 -1.2546632812499994 1.1361063964843758 -2.449378369140625 -4.1396640625000005 -0.089664062500000349 -1.7816718750000007 -0.60019394531249981 -1.123677734375 -1.8923843749999989 0.69760644531249982 -0.01309531250000049 2.7005979980468755 1.3818519531250004 1.2136939453124995 -1.5059816406250002 -0.79346401367187558 -1.4784701171875014 1.3618767578125004
leaf_weight=20 25 70 196 868 2107 30 20 256 301 605 111 219 22 71 108 37 74 720 288 80 100 65 37 104 52 31 30 38 21 29 85 43 45 70 530 34 31 262 38 33 113 27 45 364 25 159 24 47 31 127 54 239 61 52 57 48 76 20 146 155 20 21
leaf_count=20 25 70 196 868 2107 30 20 256 301 605 111 219 22 71 108 37 74 720 288 80 100 65 37 104 52 31 30 38 21 29 85 43 45 70 530 34 31 262 38 33 113 27 45 364 25 159 24 47 31 127 54 239 61 52 57 48 76 20 146 155 20 21
internal_value=-0.000413697 0.00641781 0.00963955 0.0115648 -0.00803648 0.00592486 -0.00518033 0.0138077 0.0124934 0.00805831 0.0165097 0.00994264 -0.00225893 -0.00438665 0.00133086 -0.0106434 0.00430403 -0.00623441 -0.00459574 -0.00856622 0.00234554 0.0013253 0.00530599 0.00726073 0.000898437 0.0157115 -0.00617488 -0.000580601 -7.24638e-05 0.00707547 -0.002849 0.00355 0.00545685 -0.00188889 -0.00773056 -0.00414871 -0.00574495 -0.00152542 0.00531088 0.0103041 -0.000419776 0.000353774 0.0216694 -0.00704931 -0.00252101 0.00512218 0.00225 -0.0112946 -0.00524691 -0.00748503 0.0017418 -0.00298713 -0.00133929 0.000322581 -0.0035461 0.0078125 0.0046875 -0.00792683 -0.00488166 -0.000892857 -0.00942127 0.00357143
internal_weight=9817 5174 3777 3048 4643 862 2229 2186 1885 906 979 520 1397 963 729 2414 270 1992 1172 820 434 412 381 300 317 250 819 353 342 50 348 237 194 222 550 229 195 292 190 71 265 315 301 646 116 263 137 2185 78 164 119 269 81 152 128 149 101 530 166 263 740 46
internal_count=9817 5174 3777 3048 4643 862 2229 2186 1885 906 979 520 1397 963 729 2414 270 1992 1172 820 434 412 381 300 317 250 819 353 342 50 348 237 194 222 550 229 195 292 190 71 265 315 301 646 116 263 137 2185 78 164 119 269 81 152 128 149 101 530 166 263 740 46
cat_boundaries=0 1 2 3 4 5
cat_threshold=17 2062 113 6 17
is_linear=0
shrinkage=0.05


Tree=4
num_leaves=63
num_cat=3
split_feature=14 17 5 20 17 15 5 20 5 8 17 6 5 20 8 15 5 1 22 6 16 1 15 5 20 20 5 8 20 8 20 17 5 5 16 5 17 6 20 5 17 5 20 16 11 16 20 17 1 22 5 5 5 20 5 8 20 20 5 5 17 5
split_gain=184.334 62.1539 26.7856 13.6895 23.6523 13.4 9.24694 8.56433 8.29054 7.40555 4.29595 3.72801 3.07586 2.96219 3.62447 2.9131 4.71386 2.5793 1.73404 1.66755 1.66508 2.2078 1.64719 1.5623 1.5338 1.30582 1.28234 1.16009 1.11791 1.09339 1.00135 1.48188 1.26201 0.977421 0.956864 2.67934 1.51755 0.94962 0.812587 0.785261 0.769837 0.822868 0.695571 0.674716 0.660618 0.648736 0.738231 0.618271 0.617981 0.606483 0.596462 0.557341 0.493214 0.444043 0.424413 0.384851 0.323052 0.298829 0.247782 0.246682 0.2107 0.184416
threshold=1.5000000000000002 1.7227780869678671 47.500000000000007 154.50000000000003 2.5354407140552677 3.5000000000000004 110.50000000000001 189.50000000000003 242.50000000000003 393.96000000000009 1.2174203609843455 3056.7900000000004 319.50000000000006 119.50000000000001 616.11500000000012 2.5000000000000004 79.500000000000014 0 42.869938966220197 2501.0100000000007 1.8750787600542067 1 1.5000000000000002 130.50000000000003 117.50000000000001 245.50000000000003 324.50000000000006 942.36000000000001 249.50000000000003 1083.2350000000004 77.500000000000014 2.3476822919308833 280.50000000000006 271.50000000000006 1.8000327321946963 336.50000000000006 1.495305849041032 2012.74 19.500000000000004 348.50000000000006 1.5907922320592736 258.50000000000006 13.500000000000002 1.2051959001538406 1710.0300000000002 2.4827640320455515 12.500000000000002 1.9688211926715113 2 2.8503542240076025 277.50000000000006 331.50000000000006 270.50000000000006 4.5000000000000009 180.50000000000003 719.68500000000006 10.500000000000002 13.500000000000002 14.500000000000002 30.000000000000004 1.9275775925527749 277.50000000000006
decision_type=2 2 2 2 2 2 2 2 2 2 2 2 2 2 2 2 2 9 2 2 2 9 2 2 2 2 2 2 2 2 2 2 2 2 2 2 2 2 2 2 2 2 2 2 2 2 2 2 9 2 2 2 2 2 2 2 2 2 2 2 2 2
left_child=1 7 17 4 13 8 11 10 15 -8 22 -6 24 42 -15 16 38 29 34 27 21 -18 56 -22 33 47 -14 48 44 59 31 -10 -33 -12 -7 53 -37 49 57 -28 -20 -42 -4 -34 51 54 -47 -5 -19 -24 -26 52 -9 -36 -17 -46 -1 -2 -29 -3 -27 -32
right_child=5 2 3 25 6 18 9 28 30 -11 12 -13 26 14 -16 45 20 19 40 -21 23 -23 37 -25 50 60 39 58 -30 -31 61 32 43 -35 35 36 -38 -39 -40 -41 41 -43 -44 -45 55 46 -48 -49 -50 -51 -52 -53 -54 -55 -56 -57 -58 -59 -60 -61 -62 -63
leaf_value=-1.342928262939453 -2.0067684277343747 0.0058276525878916633 1.1331436181640626 2.5674034765625011 3.8850352001953143 -3.6026808593750008 2.7070215029907225 0.42114924896240286 -0.61524303649902345 7.075671250000001 -1.4919301171874992 0.9123474749755851 2.3199851773071289 -0.2050363647460941 1.9304194140625015 -3.3038356738281269 0.72422887451171791 1.8670828106689468 -2.6333124511718751 -1.6545392993164059 -0.33796180175781249 -1.2668065624999998 -0.057399125976562007 1.5855748437499999 0.26118414062500078 1.8794741174316401 -0.19689125000000018 -0.20227999999999896 6.9593342425537106 6.8951395312500017 0.41069494140624951 0.42434080322265688 0.99770466796875079 0.1430714160156242 -1.7351808593750009 -3.4876808593750002 1.5234894531250007 -1.9099573046875009 -3.5568895214843752 0.64304967773437482 -2.4144113281250004 -0.24586914062499973 -0.14596767883300857 4.3138327740478521 -0.60803525756836052 1.2045998730468739 -1.9354660449218763 3.914638164062501 -1.3873067010498035 -1.8416027337646494 -0.21244054687499983 0.20328560058593689 3.1711121777343743 -3.1115938476562501 -1.3913356738281266 1.3108268399047842 5.0029389245605485 0.30903235351562586 3.6230325000000008 3.6554607006835953 7.9948421704101564 -1.5059331835937499
leaf_weight=39 90 51 24 121 429 1719 136 20 46 749 189 174 24 129 184 525 104 110 66 150 103 464 102 57 191 21 65 23 43 32 20 53 22 57 33 22 21 479 333 31 58 99 436 66 21 21 44 451 120 132 117 20 47 396 228 20 24 21 59 29 125 32
leaf_count=39 90 51 24 121 429 1719 136 20 46 749 189 174 24 129 184 525 104 110 66 150 103 464 102 57 191 21 65 23 43 32 20 53 22 57 33 22 21 479 333 31 58 99 436 66 21 21 44 451 120 132 117 20 47 396 228 20 24 21 59 29 125 32
internal_value=-0.000683554 0.00579969 0.00950155 0.0114059 0.00942469 -0.0079181 0.013112 -0.00228602 -0.00506832 0.0164274 -0.0035616 0.00810644 -0.000553914 0.00223905 0.0059731 -0.00613397 -0.00442553 -0.000303293 -0.0105192 -0.00205263 -0.00184679 -0.00315236 -0.00609756 0.00245399 -0.00219928 0.0175104 0.00650407 0 0.00811782 0.006 0.00356405 0.00532895 0.00789931 -0.00512048 -0.0109788 -0.00842105 0.00244565 -0.0067912 -0.00850112 0.0030303 -0.0056969 -0.00320312 -0.000215983 0.0115385 0.00496183 -0.00849574 -0.00238971 0.015913 -0.00182403 -0.00369198 0 0.00736111 0.00946429 -0.00963542 -0.00894511 0 0.00094697 -0.00383772 0.005 0.00240964 0.0229866 -0.00181818
internal_weight=9817 5174 3553 2979 2261 4643 1488 1621 2229 885 1450 603 674 773 313 1990 1172 574 2414 462 728 568 776 160 554 718 120 312 171 112 239 187 141 246 2191 472 43 713 444 96 223 157 460 88 128 818 65 572 230 234 308 87 67 429 753 41 63 111 82 80 146 52
internal_count=9817 5174 3553 2979 2261 4643 1488 1621 2229 885 1450 603 674 773 313 1990 1172 574 2414 462 728 568 776 160 554 718 120 312 171 112 239 187 141 246 2191 472 43 713 444 96 223 157 460 88 128 818 65 572 230 234 308 87 67 429 753 41 63 111 82 80 146 52
cat_boundaries=0 2 4 6
cat_threshold=819221 512 786433 86144 536871040 262144
is_linear=0
shrinkage=0.05


Tree=5
num_leaves=63
num_cat=7
split_feature=14 17 3 15 7 10 8 6 17 1 11 10 18 1 7 6 6 3 6 22 7 18 6 10 1 16 18 22 16 7 8 7 1 17 10 17 4 11 6 17 6 7 8 18 18 10 9 18 18 17 22 7 7 17 16 16 17 17 10 6 6 17
split_gain=171.527 53.1755 19.8578 13.129 10.7881 6.27108 8.36691 5.75037 5.7434 3.72954 3.5322 3.25313 3.15543 2.53716 2.37215 2.37886 2.28311 2.09062 2.02828 1.89505 1.77945 1.53945 1.50661 1.33756 1.29247 1.24655 1.23891 1.22121 1.11929 1.62169 2.66699 1.10425 1.08721 1.03098 0.99479 0.988871 0.777545 0.764175 0.974275 0.934136 0.656302 0.575183 0.842231 0.561668 0.858411 0.964356 0.898062 0.549206 0.515037 0.503243 0.480375 0.452462 0.413073 0.40209 0.384604 0.360158 0.336611 0.310922 0.722254 0.275994 0.212669 0.199541
threshold=1.5000000000000002 1.8181880393581957 0 3.5000000000000004 1008.3650000000001 1060.5200000000002 384.08500000000009 2501.0100000000007 1.3393655554446837 1 1959.2300000000002 1.0000000180025095e-35 0.67062490593579216 2 964.72000000000014 1734.8500000000001 4168.3500000000013 3 1376.8900000000001 55.350021353689307 -1.0000000180025095e-35 0.44611087747727624 4496.4800000000005 540.15000000000009 4 0.65782749286504327 2.0502139635587229 1.0000000180025095e-35 1.918928105439403 1078.9200000000003 1295.9600000000003 896.83000000000015 5 1.5261329314707608 1322.7100000000003 4.0016673625130853e-05 6 684.05000000000007 2501.0100000000007 1.5990187003777356 5279.9100000000008 827.04500000000019 562.50000000000011 0.9940171569529842 0.22737768471924089 1799.8150000000003 1150.5800000000002 0.33164350224088368 0.34164276665376364 1.5907922320592736 -1.0000000180025095e-35 1093.4100000000001 1273.4750000000001 2.5000215810465938 1.3320040651684681 1.9087301261652911 2.3297292494013098 1.0441898763171058 679.18500000000006 1734.8500000000001 4496.4800000000005 1.4420602253215538
decision_type=2 2 1 2 2 2 2 2 2 9 2 2 2 9 2 2 2 1 2 2 2 2 2 2 9 2 2 2 2 2 2 2 9 2 2 2 9 2 2 2 2 2 2 2 2 2 2 2 2 2 2 2 2 2 2 2 2 2 2 2 2 2
left_child=1 8 7 9 5 6 23 14 11 43 48 35 52 57 24 -16 -8 21 34 28 -11 -7 25 -4 59 50 -14 -20 -5 -30 -31 -27 33 61 -15 -1 -26 -34 39 -39 41 42 -9 44 -2 46 -46 -43 -6 -21 -22 -47 -12 -19 -45 -56 -32 -13 -59 -3 -40 -10
right_child=3 2 4 19 10 17 16 40 32 20 12 13 26 18 15 -17 -18 53 27 49 22 -23 -24 -25 36 31 -28 -29 29 30 56 -33 37 -35 -36 -37 -38 38 60 -41 -42 47 -44 54 45 51 -48 -49 -50 -51 -52 -53 -54 -55 55 -57 -58 58 -60 -61 -62 -63
leaf_value=5.9055312808990461 -3.6564935160217304 -2.3855355358123784 2.1138181472625739 -3.3725468164062509 4.1867009945678708 -0.88586718164062439 5.0046188251953128 0.0068624654541011411 -0.36118653125000155 0.92319983959960938 -0.39874306445312585 -2.4596785381011963 4.0259810644531271 1.4258081989288329 -1.3794179302978522 5.0172308750000001 -0.64075241015625017 -0.16572082971954388 -0.33041516217040939 -2.5824622094726566 1.5975811533203128 1.4559365095596317 -2.7794304052734384 -0.050219429222107342 0.75454555688476577 -1.777035491699219 0.32765406327056967 -1.551793877929688 -2.8326501245117193 1.2875419140625 -2.7647539013671882 -1.1024534997558604 -1.2552500331878662 -1.2230741450195319 -1.5394314499511723 1.0135673195190436 2.9525312990722656 1.9789566848564157 -1.0499346640625 0.73479387386703587 -3.2419896658935556 0.43204266312408568 -2.6120366446533212 0.28409131252288838 0.6162358389282222 -2.5404720151367202 1.7866616969909668 -0.60931233435058518 7.6967360126953128 -0.27859208984374961 -0.21081967138671978 0.52500726470947257 2.397218755859376 1.9456382734375 -1.4967612033691411 0.058915673950194508 -0.84710116699218796 -0.02218326612091133 -1.2230985195312514 0.0066359761886605646 0.68864260693359292 1.4324049111328123
leaf_weight=31 28 24 246 1870 52 29 875 65 29 39 41 235 308 66 31 177 21 172 341 30 25 180 243 114 173 1379 20 236 335 27 52 259 27 54 37 55 231 140 67 130 41 76 71 22 64 26 46 72 305 77 24 23 25 31 31 20 23 42 161 82 34 27
leaf_count=31 28 24 246 1870 52 29 875 65 29 39 41 235 308 66 31 177 21 172 341 30 25 180 243 114 173 1379 20 236 335 27 52 259 27 54 37 55 231 140 67 130 41 76 71 22 64 26 46 72 305 77 24 23 25 31 31 20 23 42 161 82 34 27
internal_value=-0.000821029 0.00543268 0.00899711 -0.00779972 0.0114772 0.00918612 0.0109611 0.00304214 -0.00174927 -0.00497872 0.0165948 -0.0036454 0.0127834 -0.0043934 0.00558252 0.0101896 0.0135706 0.00361446 -0.00223665 -0.0103744 -0.00570762 0.00692568 -0.00596223 0.00426997 0.0035575 -0.00534763 0.0148036 -0.00346983 -0.0106872 -0.00786932 -0.00166667 -0.0055911 0.00264188 -0.00142276 0.00389151 0.00533708 0.00479616 0.00383212 0.00457888 0.00613553 -0.0023247 -0.00121951 -0.00359712 0.000549451 0.00217105 0.00378086 0.00641593 0.000662252 0.0205208 -0.00306818 0.00168269 -0.00120192 0.00181159 0 -0.00279605 -0.00532407 -0.00689103 -0.00737251 -0.00527913 -0.00105042 0 0.00254237
internal_weight=9817 5174 3462 4643 2419 1668 1256 1043 1712 2229 751 1204 394 1118 718 208 896 412 680 2414 1969 209 1930 360 510 1687 328 577 2307 437 102 1638 508 110 103 86 404 398 371 270 325 284 136 260 187 159 110 148 357 107 49 49 66 203 73 51 75 438 203 106 101 56
internal_count=9817 5174 3462 4643 2419 1668 1256 1043 1712 2229 751 1204 394 1118 718 208 896 412 680 2414 1969 209 1930 360 510 1687 328 577 2307 437 102 1638 508 110 103 86 404 398 371 270 325 284 136 260 187 159 110 148 357 107 49 49 66 203 73 51 75 438 203 106 101 56
cat_boundaries=0 1 3 5 6 8 10 11
cat_threshold=1 294019584 114688 2718093356 5120 12 528384 266385 33554580 36864 10
is_linear=0
shrinkage=0.05


Tree=6
num_leaves=63
num_cat=4
split_feature=14 22 5 15 7 20 20 5 5 20 19 1 19 10 20 5 1 20 6 22 15 5 19 19 16 0 18 5 19 19 16 5 7 5 19 20 10 11 7 10 11 9 20 15 5 18 6 19 20 5 10 5 20 5 19 19 18 18 20 4 20 10
split_gain=155.073 39.985 20.148 13.5593 12.9666 9.026 9.93359 7.62228 6.53391 5.66644 5.30027 3.76014 3.20432 2.93324 3.90972 2.91388 2.23709 2.14592 2.03361 1.79045 1.75062 3.35731 1.69838 1.68015 1.42747 1.37003 2.44322 1.21532 1.17133 1.33867 1.14661 2.60411 1.21387 1.09943 1.00928 0.993161 0.984706 1.3279 1.27874 1.17964 1.06471 0.979216 0.922073 0.892749 1.32448 0.793916 0.772985 0.770142 0.767849 0.765663 0.758109 0.728707 0.72836 0.716714 0.610586 0.567008 0.51087 1.07864 0.420109 0.38977 0.377897 0.486966
threshold=1.5000000000000002 -1.0000000180025095e-35 47.500000000000007 3.5000000000000004 1008.3650000000001 206.50000000000003 28.500000000000004 242.50000000000003 194.50000000000003 134.50000000000003 1507.075 0 1833.4800000000002 1960.8450000000005 143.50000000000003 96.500000000000014 1 32.500000000000007 1376.8900000000001 69.599473452746494 2.5000000000000004 79.500000000000014 1570.4400000000003 2506.2400000000002 2.8457653557092111 2 0.49581893914858405 26.500000000000004 1438.26 1020.41 1.918928105439403 322.50000000000006 720.09500000000014 243.50000000000003 913.34000000000003 19.500000000000004 2403.6150000000002 1303.4950000000001 563.75500000000011 446.565 2645.4550000000004 809.70000000000016 149.50000000000003 3.5000000000000004 254.50000000000003 0.34164276665376364 4496.4800000000005 2039.2800000000002 4.5000000000000009 342.00000000000006 874.58500000000015 314.50000000000006 56.500000000000007 110.50000000000001 1689.7500000000002 3110.4450000000002 1.321650625799111 0.5757249386184361 112.50000000000001 3 59.500000000000007 631.36000000000013
decision_type=2 2 2 2 2 2 2 2 2 2 2 9 2 2 2 2 9 2 2 2 2 2 2 2 2 1 2 2 2 2 2 2 2 2 2 2 2 2 2 2 2 2 2 2 2 2 2 2 2 2 2 2 2 2 2 2 2 2 2 9 2 2
left_child=1 2 12 7 5 6 10 16 -8 11 -4 18 25 15 53 54 52 56 33 30 21 35 45 -23 -22 26 59 -27 29 41 -5 48 -33 -3 -28 -18 37 39 -39 -11 -40 -9 -41 44 -20 -7 -17 -24 -32 -45 -30 -21 -2 -15 -6 -14 57 -13 -35 -1 -54 -62
right_child=3 9 4 19 13 22 8 28 -10 36 -12 17 55 14 -16 46 20 -19 43 51 24 23 47 -25 -26 27 34 -29 50 -31 31 32 -34 58 -36 -37 -38 38 40 42 -42 -43 -44 49 -46 -47 -48 -49 -50 -51 -52 -53 60 -55 -56 -57 -58 -59 -60 -61 61 -63
leaf_value=-0.34265614991445442 -3.0485186780517588 -0.99104607926378208 6.4027042901855484 -3.2039194755859386 4.1490183332031254 0.32996026847457643 -0.26912037925987281 -0.56911109192352283 1.4470147345293043 -0.30648055910997346 2.3645524771392821 -2.0089106153253562 -0.6125357023132324 -1.2025062267761215 3.3459197026367193 6.7441668890625017 -0.62779766434326101 -1.6970449823731901 -1.2471068926742561 -2.3904310400390627 -1.7150806820831308 0.44276646989746099 -0.31687400344200117 -2.4687006672313689 0.31102536226806593 -2.5541685982389444 8.7405403175781249 2.1141816842018137 0.78202022070770283 3.1838215949096682 -0.7856093754882818 -1.1353947008056637 1.1627771741943362 2.6421167978172297 3.3085193312500012 -3.11075839798584 1.4518138388151165 -0.63111199177093491 1.3243756606111523 0.064849853597498355 -0.18529776142272994 1.1739236101715094 3.636652206232835 -1.8298267768066401 0.2436314679895876 6.4208430808959962 2.4239349751411443 5.3905491652336099 -2.7054686607666016 0.63851543266601574 -1.9043740608947743 2.0504949218749999 -0.22546347608032313 1.7351851510314944 1.3910494587890641 -2.9027772946258552 -2.0108585819623004 1.9848297393059735 2.2877455447612767 1.957730079928782 -1.1146144597900389 -1.4560418523315435
leaf_weight=102 491 27 430 1905 92 21 493 48 561 30 506 32 149 21 85 446 69 486 95 31 437 393 21 62 39 46 26 32 24 31 32 29 33 20 45 195 35 99 108 20 69 99 35 124 130 232 38 25 363 25 37 21 28 145 46 73 24 34 27 119 33 243
leaf_count=102 491 27 430 1905 92 21 493 48 561 30 506 32 149 21 85 446 69 486 95 31 437 393 21 62 39 46 26 32 24 31 32 29 33 20 45 195 35 99 108 20 69 99 35 124 130 232 38 25 363 25 37 21 28 145 46 73 24 34 27 119 33 243
internal_value=-0.000938136 0.00500773 0.00771227 -0.00757372 0.009297 0.00725894 0.00598344 -0.0047099 0.00257805 -0.00210822 0.00974441 -0.00408958 -0.000672269 0.0145405 0.00930118 0.01652 -0.00573256 -0.00670628 -0.000433839 -0.0101882 -0.00412873 -0.00247576 0.0154387 2.72926e-05 -0.0065762 0.00207775 0.00372881 -0.00339506 0.00356405 0.00566298 -0.0103911 -0.00763587 0.00115385 0.00681818 0.0116554 -0.00692884 0.00288221 0.00188874 0 0.00724432 0.00270833 0.00308333 0.0114224 -0.0020557 0 0.0171387 0.0184805 0.00459184 -0.00913945 -0.00501645 -0.00175781 0 -0.00790532 0.00428994 0.00904255 -0.00544444 0 0.00253623 0.01125 0.000837054 -0.00553746 -0.00609319
internal_weight=9817 5174 3754 4643 3162 2289 1990 2229 1054 1420 936 1024 592 873 251 622 1990 576 448 2414 1195 719 299 455 476 370 292 78 239 178 2362 457 62 74 71 264 396 361 276 85 177 147 55 374 225 253 484 46 395 149 61 52 795 166 138 222 90 66 47 221 304 276
internal_count=9817 5174 3754 4643 3162 2289 1990 2229 1054 1420 936 1024 592 873 251 622 1990 576 448 2414 1195 719 299 455 476 370 292 78 239 178 2362 457 62 74 71 264 396 361 276 85 177 147 55 374 225 253 484 46 395 149 61 52 795 166 138 222 90 66 47 221 304 276
cat_boundaries=0 2 4 5 6
cat_threshold=1867984 329392 2188415463 8241 1 10
is_linear=0
shrinkage=0.05


Tree=7
num_leaves=63
num_cat=9
split_feature=14 17 2 22 17 7 2 1 6 6 10 2 17 22 2 6 17 1 1 12 6 10 18 18 17 10 14 17 16 17 16 17 18 6 17 18 17 16 22 18 7 1 7 7 10 2 8 18 9 6 17 17 6 17 18 9 8 8 7 9 10 17
split_gain=142.084 43.3067 13.151 12.1211 9.5178 7.07684 5.35422 5.34047 4.89652 5.07043 3.31323 2.85851 2.43529 2.36792 2.26262 2.13419 2.08847 2.33019 1.94828 2.06763 1.83753 1.63704 1.54506 1.49973 1.17496 1.16206 1.02455 3.10401 1.94583 1.13312 1.00244 0.988871 0.906493 0.902607 1.10149 0.876255 0.841637 0.816637 0.804423 0.803179 1.46864 0.797248 0.808365 0.773082 0.747747 0.700592 0.697405 0.67446 0.732868 0.651644 0.621642 1.60589 0.443583 0.475778 0.439733 0.42604 0.345798 0.274392 0.271012 0.258868 0.258341 0.208169
threshold=1.5000000000000002 1.3393655554446837 0 0.85355339059327384 1.8947510423862433 384.06999999999999 1 2 2501.0100000000007 1734.8500000000001 1.0000000180025095e-35 3 2.3476822919308833 80.610173055266429 4 2012.74 1.1532743285027747 5 6 1.0000000180025095e-35 4496.4800000000005 1653.4050000000004 0.43618877973298792 1.5508047248911443 2.156930737358389 1631.1150000000005 2.5000000000000004 2.0164705903654747 1.8655653644411851 2.3160025300121503 0.56723149268237882 4.0016673625130853e-05 0.18081899332559151 1376.8900000000001 2.1751530134440968 0.52426169413192436 2.000003156436132 1.6943018293203289 3.5237092451084924 0.82429541559132768 452.25000000000006 7 330.67500000000007 799.30000000000007 359.83500000000004 8 384.08500000000009 0.49581893914858405 788.59500000000014 1734.8500000000001 3.8937620479605215 2.6212103748750959 3372.3600000000001 1.5999845621353062 0.58899879448702741 719.76500000000021 550.99000000000012 1007.5800000000003 979.80500000000006 550.2850000000002 2685.4150000000004 1.6049286235825622
decision_type=2 2 1 2 2 2 1 9 2 2 2 1 2 2 1 2 2 9 9 2 2 2 2 2 2 2 2 2 2 2 2 2 2 2 2 2 2 2 2 2 2 9 2 2 2 1 2 2 2 2 2 2 2 2 2 2 2 2 2 2 2 2
left_child=1 10 7 6 14 33 24 22 9 -7 31 32 35 26 41 -14 17 25 39 -20 -10 23 43 45 -2 38 27 61 57 -30 -21 -1 -9 34 -6 -13 -24 -32 -12 40 -8 42 -4 46 -35 -18 -3 48 59 -34 51 -49 53 -16 -42 -43 -15 -29 -27 -26 -41 -5
right_child=3 2 4 13 5 8 18 11 20 -11 16 12 15 56 52 -17 21 -19 19 30 -22 -23 36 -25 47 58 -28 28 29 -31 37 -33 49 44 -36 -37 -38 -39 -40 60 54 55 -44 -45 -46 -47 -48 50 -50 -51 -52 -53 -54 -55 -56 -57 -58 -59 -60 -61 -62 -63
leaf_value=5.4834128378093032 -1.7157449084975438 -0.72836409599029972 -2.1776372674055113 -2.9437235018066419 1.2332318253413395 2.8069982154864506 -2.7845702672631458 -3.251607567625395 3.3746908676074217 4.8827930725785835 0.8792433256600628 -0.92611679185029494 6.3526269736254894 -3.2388948085327161 0.76766912857636171 1.5275490412988291 0.10360320908578587 -1.9177127494761963 2.2357098199957268 0.41568492931327872 0.25660705656542682 -0.95370334397307033 0.77184521945737861 3.8610000882291553 -0.0061148590102000355 -2.2552564109641646 -3.5937235018066418 -1.5609867616885376 -1.7133738494018553 2.7231083371520999 -2.0252607786867522 0.80361447020776711 -2.2888203188274856 1.9663860332526779 7.3379215111027918 0.21008775069949692 7.4484300682585918 -1.5548755208651734 -1.0811607661565255 -1.3736767958641054 0.12478272702102729 1.0680035012474214 0.52314115915859394 -0.22635255894876602 -0.010253448830138723 -1.005044264409668 3.0086256557152922 1.4820449924955754 -2.1024618603363026 -0.36391354493271566 5.2513537278936786 -1.2364602829072553 -2.0060529082291869 -0.68814410822408156 1.4488394870458976 1.7955153541408919 1.9479701757812506 -0.86051163657226659 -0.74878714919910472 1.6828661907280162 -0.037624173959313015 -1.9864703395370491
leaf_weight=31 34 24 21 655 56 249 78 62 401 1133 88 80 75 20 67 353 148 452 34 24 100 140 25 23 28 50 1132 156 34 23 1015 55 36 90 86 91 74 595 79 69 55 136 88 36 171 114 68 53 33 205 42 57 40 90 35 113 21 32 24 22 20 376
leaf_count=31 34 24 21 655 56 249 78 62 401 1133 88 80 75 20 67 353 148 452 34 24 100 140 25 23 28 50 1132 156 34 23 1015 55 36 90 86 91 74 595 79 69 55 136 88 36 171 114 68 53 33 205 42 57 40 90 35 113 21 32 24 22 20 376
internal_value=-0.00114689 0.00454414 0.00706645 -0.00749839 0.00887789 0.0103429 -0.00474511 0.00235333 0.011645 0.013231 -0.00372825 0.000519126 0.0025531 -0.00993577 0.00288978 0.00464037 -0.0044826 -0.00619612 -0.0056566 -0.00630577 0.00711806 -0.0015479 0.00901042 0.000477431 0.00172872 -0.00162402 -0.010141 -0.00891321 -0.00347782 0.00395833 -0.00661271 0.00533708 -0.00328323 0.00409483 0.00741379 -0.00222701 0.0143382 -0.00677309 0.000367647 -0.00115741 0.000584795 0.00518868 0.000717213 0.00496183 0.00203598 -0.000471698 0.00736842 0.00320378 0 -0.00169057 0.00516129 0.00243363 -0.00125 0 0.00510753 0.00682252 0.000852273 -0.00602094 -0.00681818 0.00330189 -0.00502717 -0.0101426
internal_weight=9817 5174 3970 4643 2841 2286 2194 1129 1883 1382 1204 902 599 2449 555 428 1118 693 1925 1668 501 425 227 285 269 241 2408 1276 245 57 1634 86 303 403 142 171 99 1610 167 257 168 358 109 128 261 262 92 235 83 241 152 110 197 157 90 249 41 188 74 50 89 1031
internal_count=9817 5174 3970 4643 2841 2286 2194 1129 1883 1382 1204 902 599 2449 555 428 1118 693 1925 1668 501 425 227 285 269 241 2408 1276 245 57 1634 86 303 403 142 171 99 1610 167 257 168 358 109 128 261 262 92 235 83 241 152 110 197 157 90 249 41 188 74 50 89 1031
cat_boundaries=0 1 2 4 5 6 8 10 11 12
cat_threshold=1169 3086 9175089 81923 1 2572 819337 65681 285631496 82944 536871040 14
is_linear=0
shrinkage=0.05


Tree=8
num_leaves=63
num_cat=6
split_feature=21 5 21 20 5 20 7 5 21 18 20 17 16 1 18 0 10 8 9 5 17 20 21 5 17 1 16 16 7 0 9 20 5 9 17 9 17 1 5 18 5 5 18 20 20 7 10 7 1 18 18 5 7 20 20 18 18 11 9 18 11 21
split_gain=114.503 37.3362 27.8947 23.2896 13.9583 7.23517 6.089 5.47568 4.74979 4.30051 4.17984 4.30371 2.5299 2.4464 2.40949 2.49196 2.36582 2.08431 3.47842 2.02744 1.9991 1.87072 1.77129 1.76942 1.61589 1.59207 1.5844 1.56045 1.38504 1.32381 1.2538 2.11032 1.25256 1.6681 1.2322 1.19583 1.19185 1.162 1.13865 1.11953 1.04557 0.991438 0.963394 0.941638 2.43558 1.13961 0.93579 0.927385 0.883485 0.860793 0.746952 0.72898 0.702651 0.656943 0.652071 1.17636 1.87703 0.744923 0.647169 0.608328 0.557479 0.473747
threshold=9.3000000000000025 180.50000000000003 77.125000000000014 1.0000000180025095e-35 47.500000000000007 118.50000000000001 791.86500000000012 79.500000000000014 118.25000000000001 0.22737768471924089 206.50000000000003 2.0101112196181559 1.500002791455912 0 0.44611087747727624 1 427.50500000000005 896.83000000000015 1654.4550000000004 98.500000000000014 1.0441898763171058 157.50000000000003 50.775000000000006 339.00000000000006 2.0244815535438758 2 1.7997490749414922 2.5826339978208366 180.20500000000004 3 1150.5800000000002 11.500000000000002 110.50000000000001 467.64000000000004 1.1290793122101632 275.91500000000008 1.9688211926715113 4 313.50000000000006 0.41416135643790536 315.50000000000006 86.500000000000014 0.47573024144654402 1.0000000180025095e-35 153.50000000000003 1343.5150000000003 1260.9650000000004 576.3950000000001 5 0.43094878686351762 0.18081899332559151 130.50000000000003 536.29500000000019 76.500000000000014 249.50000000000003 0.60752680916909585 0.37829266976141646 745.20000000000016 342.10500000000008 0.86554217317198334 1980.6550000000004 68.875000000000014
decision_type=2 2 2 2 2 2 2 2 2 2 2 2 2 9 2 1 2 2 2 2 2 2 2 2 2 9 2 2 2 1 2 2 2 2 2 2 2 9 2 2 2 2 2 2 2 2 2 2 9 2 2 2 2 2 2 2 2 2 2 2 2 2
left_child=1 3 5 4 14 22 10 28 12 32 11 23 60 36 50 -16 -10 25 51 41 -14 48 -2 37 -24 29 49 53 -5 -9 31 -18 -6 -34 61 -28 -8 -3 46 -21 47 -11 -33 -15 45 -45 -38 -36 -22 -13 -1 -19 -52 -26 55 56 -12 -56 -27 -32 -4 -7
right_child=2 6 8 7 9 34 13 17 16 19 54 26 20 43 15 -17 30 18 -20 39 21 -23 24 -25 27 58 35 -29 -30 -31 59 42 33 -35 40 -37 38 -39 -40 -41 -42 -43 -44 44 -46 -47 -48 -49 -50 -51 52 -53 -54 -55 57 -57 -58 -59 -60 -61 -62 -63
leaf_value=-2.2971709394863153 -3.3140373267163099 1.0396625413707514 -1.0584000425132645 -1.192560197502273 -0.070433490359166837 -2.0841601421874105 -0.62019771640559185 1.6974879775017664 -2.5648933050688152 3.3049688108934294 1.2949231614054248 -1.3646988228662011 -1.5775483083286419 9.2625826374068279 4.0551389167763512 -1.895227653188428 5.8632353306275675 0.50917571403680029 -1.2525685411505127 3.8978768515375131 -0.41769632702857679 1.1448546256330006 -2.0651765804233686 7.285335808887166 -1.6867635523022473 -1.9802432828164087 0.67618073464649919 2.0010432805415337 -2.8782765771950785 -1.8650629506756475 1.0604057381012681 -1.1766881841935743 4.7218653696332469 -0.20946442884805239 0.31121311721913331 4.7108508182865281 2.7725820944924062 -0.31149278303395533 5.4008403957142175 6.0776054516404932 1.5912822660366388 1.7051209980156175 0.51156508282769486 0.82993370680513934 5.1740494589665476 4.5728945555000511 0.738239923250956 -0.8117161840013104 0.055950682595885232 2.9815797508412838 1.9982319081125455 2.2601938874962015 -0.44831361231561684 -0.29364440004187226 2.3827034100485327 0.39303565257869055 6.854544112953878 7.8452322534674002 -0.64844929513182459 2.3974809322321815 -1.4153831196163893 -0.28749085917980038
leaf_weight=118 2060 148 145 97 146 98 27 60 36 320 46 41 117 130 99 45 24 60 118 194 138 49 671 20 345 109 47 20 398 42 25 41 57 33 47 356 36 235 38 156 37 48 239 84 234 31 74 75 344 43 73 127 224 62 26 53 64 69 701 56 135 26
leaf_count=118 2060 148 145 97 146 98 27 60 36 320 46 41 117 130 99 45 24 60 118 194 138 49 671 20 345 109 47 20 398 42 25 41 57 33 47 356 36 235 38 156 37 48 239 84 234 31 74 75 344 43 73 127 224 62 26 53 64 69 701 56 135 26
internal_value=-0.00131492 0.00394881 -0.00684853 0.000708643 0.00523582 -0.00923708 0.00970914 -0.00326531 -0.000711908 0.00890805 0.00738488 0.0056271 -0.00273899 0.0136606 -0.000956406 0.00442177 0.00362618 -0.00140369 0.00206981 0.010853 -0.000921659 0.000304307 -0.00992566 0.00163177 -0.00806085 -0.00262295 0.00880102 -0.00531977 -0.00770582 0.00282609 0.00486469 0.00309446 0.00271967 0.00725806 -0.0013549 0.0101293 0.00644947 0.000680052 0.00860927 0.0138102 0.00131173 0.00781671 0.00159011 0.0156758 0.0138849 0.00688559 0.0050885 -0.0006 -0.00056701 0.00172414 -0.00296053 0.00638158 -0.001375 -0.00606707 0.0131226 0.0100151 0.0130531 0.0174745 -0.00337181 0.0105655 -0.00671378 -0.00511811
internal_weight=9817 5027 4790 3225 1513 3441 1802 1712 1349 954 1148 890 928 654 559 144 421 1217 305 718 648 531 3158 403 1098 912 487 427 495 102 385 304 236 90 283 403 175 383 148 350 159 368 280 479 349 115 110 122 482 84 415 187 297 407 258 163 110 95 810 81 280 124
internal_count=9817 5027 4790 3225 1513 3441 1802 1712 1349 954 1148 890 928 654 559 144 421 1217 305 718 648 531 3158 403 1098 912 487 427 495 102 385 304 236 90 283 403 175 383 148 350 159 368 280 479 349 115 110 122 482 84 415 187 297 407 258 163 110 95 810 81 280 124
cat_boundaries=0 1 2 4 5 7 9
cat_threshold=2686468641 1 393241 32768 1 537395201 528 536903688 129
is_linear=0
shrinkage=0.05


Tree=9
num_leaves=63
num_cat=4
split_feature=14 17 15 20 17 2 20 19 7 2 21 20 19 0 20 16 17 20 7 10 10 19 2 10 19 19 10 21 21 22 20 17 19 20 21 17 17 16 7 20 16 7 21 17 7 15 20 11 7 10 17 17 8 20 19 7 18 17 20 20 11 18
split_gain=120.302 34.6004 13.7091 11.9958 9.26891 15.5843 5.67432 5.02 4.81726 4.46534 4.19857 4.16889 3.61196 2.41458 2.11106 2.37592 2.01221 1.95726 1.77943 1.6169 1.59374 2.68932 1.49893 1.53711 1.4506 1.44511 1.39195 1.38107 1.68411 1.32714 1.2398 1.16431 1.13923 1.08016 1.0384 0.964248 1.2207 0.941625 0.869745 0.832961 0.802436 0.768384 0.759847 1.7428 1.49075 0.757846 0.755549 0.746444 0.721935 0.721711 0.619935 0.574147 0.568756 0.549635 0.536106 0.532687 0.481771 0.403131 0.391741 0.379496 0.363549 1.47892
threshold=1.5000000000000002 1.3393655554446837 3.5000000000000004 186.50000000000003 2.0005092135181024 0 143.50000000000003 1671.9950000000001 1033.3750000000002 1 81.250000000000014 229.50000000000003 1853.5550000000001 2 53.500000000000007 1.6666941355295521 1.8947510423862433 118.50000000000001 1.0000000180025095e-35 246.49000000000004 1020.4900000000001 1118.6250000000002 3 1102.2650000000001 1390.9650000000001 2220.3450000000007 992.08500000000015 9.3000000000000025 101.25000000000001 60.943819000832569 249.50000000000003 1.2308454590991635 3365.5000000000005 64.500000000000014 135.50000000000003 2.3476822919308833 2.6212103748750959 1.6363646698677738 864.61500000000012 33.500000000000007 2.8457653557092111 523.10500000000013 46.708333333333336 2.0519917996896186 1102.7050000000002 1.5000000000000002 84.500000000000014 1087.3550000000002 863.7850000000002 647.83000000000015 0.22868932706098169 2.6666706987621476 1770.9750000000001 4.5000000000000009 1085.53 769.25500000000011 1.4161944817387699 2.0294402865293368 17.500000000000004 9.5000000000000018 1165.6500000000003 0.46262947062204557
decision_type=2 2 2 2 2 1 2 2 2 1 2 2 2 1 2 2 2 2 2 2 2 2 1 2 2 2 2 2 2 2 2 2 2 2 2 2 2 2 2 2 2 2 2 2 2 2 2 2 2 2 2 2 2 2 2 2 2 2 2 2 2 2
left_child=1 11 9 4 6 7 22 13 12 33 29 17 -7 -6 18 27 60 19 40 59 24 -22 23 -3 -8 -10 49 46 -29 42 -18 34 -9 35 45 -2 -37 57 53 58 -11 47 -4 -44 -45 -19 -16 -33 -28 -17 -21 -35 -40 -20 -32 -41 -24 -12 -39 -1 61 -5
right_child=2 3 10 16 5 8 20 32 25 14 37 -13 -14 -15 15 26 30 31 38 50 21 -23 56 -25 -26 -27 48 28 -30 -31 54 41 -34 51 -36 36 -38 39 52 55 -42 -43 43 44 -46 -47 -48 -49 -50 -51 -52 -53 -54 -55 -56 -57 -58 -59 -60 -61 -62 -63
leaf_value=-1.4525569402128 -0.47631068861517356 -0.4336368452258057 -3.2983354603804944 3.271221365711356 2.9314575032776036 3.8926454476825025 -0.86431065046919286 -0.12088251201894132 6.0394951224537357 -1.3340738049895102 -1.1096522146359804 5.9776189638277399 1.1161196562064164 -1.2161246653589886 -1.2817617991907029 -0.68124539234302262 3.7037264581688376 0.78794302455232357 -0.50894195043378332 -0.50539894714069644 2.546454564936008 -0.10092181128550451 -0.51861878012851437 1.1174767341131557 1.4023139850136417 1.8619686668598967 -1.1412063183630907 -1.460258781086897 0.30725960895977844 -0.28320001577793052 6.7333304516611525 0.19283053895308344 -3.0808993808439986 -1.0678571889571511 0.078303744783801227 5.6563829784108721 0.99158132377211672 0.9898998957437869 -0.6172127644735621 -0.26807641768328666 1.4809434081018631 -0.1747822025428846 -2.2911411558086208 -1.5375112499312753 0.73856351032340939 -1.156046211483627 0.20989048467439916 2.4329265029662821 0.46699841783531326 3.0917064076710998 -1.6677195042114314 0.80139071365175318 -3.5885155505023096 -2.7525128155021559 6.7678660390279024 1.4851902979698062 -1.9747723868246396 -0.074085096876759945 -1.7256217971820964 4.3652860647012508 2.0127105678426602 -1.6313476249564758
leaf_weight=39 32 95 1372 23 470 778 72 376 362 56 95 50 194 111 397 20 289 22 38 27 161 55 428 142 33 55 63 248 20 27 90 41 86 56 21 28 80 21 142 25 31 113 605 136 45 299 54 28 77 38 544 41 53 755 27 26 37 30 32 20 65 21
leaf_count=39 32 95 1372 23 470 778 72 376 362 56 95 50 194 111 397 20 289 22 38 27 161 55 428 142 33 55 63 248 20 27 90 41 86 56 21 28 80 21 142 25 31 113 605 136 45 299 54 28 77 38 544 41 53 755 27 26 37 30 32 20 65 21
internal_value=-0.00140657 0.00382944 -0.00725086 0.00608482 0.00499205 0.00667351 0.000938109 0.00190578 0.0101195 -0.00437388 -0.00987795 -0.00356255 0.00810256 0.00502997 -0.00513716 -0.00327446 0.0132481 -0.00421348 -0.00671382 -0.00612164 0.0064429 0.00890411 -0.00152482 0.00155 0.000810185 0.0148512 0.00136816 -0.00462258 -0.00756458 -0.0105633 0.0149756 -0.00180266 -0.00188172 0.00195 -0.00355072 0.0048951 0.00720721 -0.00307112 -0.00731584 0 0 0.00121622 -0.0107011 -0.00903042 -0.00414402 -0.00435957 -0.00272577 0.00538194 -0.00104895 0.00778689 -0.00694686 -0.001625 -0.00372475 -0.00811872 0.0203125 0.00486111 -0.00316423 -0.00595703 -0.00379464 0.00100806 0.00613839 0.00106383
internal_weight=9817 5174 4643 3970 3455 2432 1023 1043 1389 2229 2414 1204 972 581 1992 917 515 1154 1075 630 321 216 702 237 105 417 198 719 268 2185 406 524 462 237 342 140 108 229 988 104 87 182 2158 786 181 321 451 69 140 58 571 97 195 793 117 51 465 125 53 59 109 44
internal_count=9817 5174 4643 3970 3455 2432 1023 1043 1389 2229 2414 1204 972 581 1992 917 515 1154 1075 630 321 216 702 237 105 417 198 719 268 2185 406 524 462 237 342 140 108 229 988 104 87 182 2158 786 181 321 451 69 140 58 571 97 195 793 117 51 465 125 53 59 109 44
cat_boundaries=0 1 2 3 4
cat_threshold=49 2062 1 526
is_linear=0
shrinkage=0.05


Tree=10
num_leaves=63
num_cat=7
split_feature=14 17 15 5 17 5 18 5 21 17 1 5 17 5 15 17 1 18 17 2 18 1 10 10 1 21 21 10 21 10 18 17 17 21 16 5 16 17 18 18 16 9 18 18 11 21 21 17 1 9 18 18 10 18 1 18 9 11 22 9 18 18
split_gain=113.348 32.5806 13.3018 12.5367 9.38954 8.75736 6.76044 4.81538 4.47199 2.77793 2.69021 2.66478 4.0029 2.39373 4.74373 2.24503 2.15556 2.09702 2.07909 2.05315 1.96026 1.65468 1.6013 1.50876 1.49176 1.47368 2.17626 1.33547 1.2719 1.25429 1.2353 1.66695 1.4139 1.07523 1.07181 1.04832 2.42246 0.991945 0.972866 1.46417 1.35959 0.938597 0.704911 0.94031 0.762839 0.690201 0.648438 0.645518 0.591439 0.816675 0.715298 0.57204 0.893656 0.529052 0.461872 0.456475 0.484513 0.454447 0.371902 0.36013 0.31726 0.309212
threshold=1.5000000000000002 1.3393655554446837 3.5000000000000004 47.500000000000007 2.0005092135181024 251.50000000000003 0.3483363135657836 195.50000000000003 63.100000000000009 1.8947510423862433 0 166.50000000000003 2.6666706987621476 79.500000000000014 2.5000000000000004 2.2362583094289845 1 0.22737768471924089 1.6224626471023509 2 0.41719064226275587 3 1653.4050000000004 2259.6850000000009 4 29.937500000000004 161.50000000000003 246.49000000000004 64.125000000000014 613.80500000000006 1.6197401249895047 1.9294932070878516e-05 0.99999546390630267 132.50000000000003 1.9087301261652911 331.50000000000006 1.7419200014971761 1.7095305008498036 0.54322563242461108 0.95059196084781761 2.3650582992048359 1201.0200000000002 0.55789386088020454 0.96040399245178942 890.41000000000008 101.25000000000001 79.833333333333357 1.0545698663506446 5 896.83000000000015 0.13222549802586941 0.49581893914858405 720.06500000000017 1.0205818700073903 6 0.79497637137795074 866.40000000000009 2931.8250000000003 50.900227916918055 1018.9750000000001 0.49581893914858405 0.18081899332559151
decision_type=2 2 2 2 2 2 2 2 2 2 9 2 2 2 2 2 9 2 2 1 2 9 2 2 9 2 2 2 2 2 2 2 2 2 2 2 2 2 2 2 2 2 2 2 2 2 2 2 9 2 2 2 2 2 9 2 2 2 2 2 2 2
left_child=1 10 7 20 5 19 16 13 58 23 27 12 -8 54 38 -13 29 -18 -10 53 48 -11 30 -7 -21 51 42 -1 -16 -6 31 46 -33 -29 -30 37 -37 -20 40 -40 -15 -28 44 -44 -27 -39 -12 -24 49 50 -3 52 -9 -5 -2 56 -22 -49 -4 -59 -58 -50
right_child=2 3 8 4 6 9 11 25 18 21 22 15 -14 14 28 -17 17 -19 35 24 55 -23 47 -25 -26 26 41 33 34 -31 -32 32 -34 -35 -36 36 -38 45 39 -41 -42 -43 43 -45 -46 -47 -48 57 61 -51 -52 -53 -54 -55 -56 -57 60 59 -60 -61 -62 -63
leaf_value=0.30641179904547866 -1.7197340912444887 -2.0943916526892021 -2.8334186873614691 0.80338955611153373 1.5986733575692282 0.62708473210055338 -0.19560542285279184 1.7645009194104206 -1.9231182030959326 1.0494555960010494 6.404193808433587 2.3645626589513458 3.7464356913851762 -0.88922127506539972 -2.6446037606039106 6.4552089862019706 1.8665447585004227 4.0056726916823386 0.17483923586369823 0.76609078929403296 -1.3686889718708501 3.5125630853366361 -1.9496940882653757 1.5532003870596367 -0.55727530337672848 -1.6058874692113101 0.10167390854132066 -1.6647178217238563 -1.1320845126140899 -1.0080319211889859 3.6304921292132182 -1.4490305484407864 0.082733702779220056 0.037527612943424063 0.33967310030124198 -0.9936964116335375 1.8033664333945798 -1.3343455716254298 0.52625717485345869 -1.3244115681731174 1.0751272854655967 3.1365063914471771 -1.2584075033175761 -0.055335154648896184 0.53050786669536121 0.33581587440586774 0.33095395550038947 -0.92531315763024546 -3.3407272050507895 -1.7649780245482369 1.6262033925861488 3.5211472505230383 -2.2930365356928704 2.0374454643970177 -2.9662541573367367 -0.52485151441489752 1.601013682768899 0.90491198006051554 -1.4607076241189294 -0.53716032817756065 3.740899346364789 -0.48522127515008046
leaf_weight=52 105 26 1889 111 146 321 92 29 182 127 21 216 421 363 413 478 248 368 24 109 24 197 106 34 407 26 37 395 154 85 31 148 296 27 57 58 30 161 210 78 46 28 82 55 44 39 21 40 68 31 89 48 26 36 428 23 38 21 31 46 77 198
leaf_count=52 105 26 1889 111 146 321 92 29 182 127 21 216 421 363 413 478 248 368 24 109 24 197 106 34 407 26 37 395 154 85 31 148 296 27 57 58 30 161 210 78 46 28 82 55 44 39 21 40 68 31 89 48 26 36 428 23 38 21 31 46 77 198
internal_value=-0.00151349 0.00356867 -0.00718629 0.00575761 0.0069138 0.00358736 0.00905445 -0.00435148 -0.00977451 0.00756965 -0.00360398 0.0114979 0.00840601 -0.00539849 -0.00416352 0.0136657 0.00548529 0.00699523 -0.00528169 -0.000431682 -0.000996534 0.0110092 -0.00151413 0.00422486 -0.00198488 0.000694444 -0.00109091 -0.00651951 -0.00733652 0.000870902 0 -0.000664622 -0.00167785 -0.00758824 -0.00367991 -0.00253968 0.00164835 -0.00440529 -0.00123214 0.000859107 -0.0028216 0.00643382 -0.00375 -0.00580357 0 -0.00566502 0.00833333 -0.00515046 -0.00289157 0 0.00180085 0.0057783 0.00107759 0.00445313 -0.00832556 0.00348485 0.00466549 -0.00170455 -0.0108944 0.000178571 0.00603814 -0.00421147
internal_weight=9817 5174 4643 3970 3396 1342 2054 2229 2414 679 1204 1207 513 1854 1321 694 847 616 494 663 574 324 730 355 516 375 272 474 624 231 517 486 444 422 211 312 88 224 697 288 409 65 207 137 70 200 42 213 412 146 115 103 55 147 533 162 139 107 1920 67 115 266
internal_count=9817 5174 4643 3970 3396 1342 2054 2229 2414 679 1204 1207 513 1854 1321 694 847 616 494 663 574 324 730 355 516 375 272 474 624 231 517 486 444 422 211 312 88 224 697 288 409 65 207 137 70 200 42 213 412 146 115 103 55 147 533 162 139 107 1920 67 115 266
cat_boundaries=0 2 4 5 6 8 10 12
cat_threshold=2692927533 5120 4224 71185 512 537395328 557065 282626 536870913 512 1576968 69634
is_linear=0
shrinkage=0.05


Tree=11
num_leaves=63
num_cat=5
split_feature=15 5 20 20 20 20 23 5 7 5 1 19 5 19 7 1 19 5 20 19 0 19 19 20 10 7 7 1 19 5 19 7 5 7 19 5 5 16 7 19 20 10 1 19 19 10 7 5 19 19 5 10 5 5 15 19 22 20 20 9 7 10
split_gain=98.328 24.9533 16.5086 14.2747 11.2099 12.8327 7.80306 6.3315 5.75155 5.00596 4.48116 4.09474 3.56258 3.03865 2.70361 2.48367 2.38539 1.96375 1.84927 1.80191 2.80624 1.69822 1.68179 1.67119 1.66551 1.51472 1.48522 1.38508 1.36883 1.27018 1.20103 1.11907 1.10585 1.67192 1.12592 1.05977 0.952238 0.937505 0.90272 0.896808 0.895092 0.870149 0.867453 0.844601 0.780522 0.771093 0.723992 0.745624 0.682918 0.677976 0.652068 0.52277 0.521558 0.514205 0.510882 0.496124 0.493591 0.49017 0.614773 0.489461 0.479069 0.452522
threshold=2.5000000000000004 142.50000000000003 118.50000000000001 1.0000000180025095e-35 5.5000000000000009 189.50000000000003 2.5000000000000004 51.500000000000007 278.66000000000003 180.50000000000003 0 1402.1450000000002 79.500000000000014 2066.5100000000007 896.83000000000015 1 1118.6250000000002 174.50000000000003 249.50000000000003 1307.9649999999999 2 6.9050000000000873 1092.9550000000002 69.500000000000014 1631.1150000000005 180.20500000000004 256.90500000000003 3 2018.3600000000004 95.500000000000014 1882.6100000000004 690.78500000000008 314.50000000000006 578.09000000000015 494.64499999999992 308.50000000000006 329.50000000000006 2.1746365738087152 269.93000000000006 3110.4450000000002 4.5000000000000009 792.47500000000014 4 913.34000000000003 1289.2500000000002 1909.2350000000004 769.25500000000011 312.50000000000006 529.58500000000004 2440.0200000000004 26.500000000000004 2881.0800000000004 261.50000000000006 259.50000000000006 3.5000000000000004 1797.9850000000004 51.916548513242581 16.500000000000004 53.500000000000007 1060.6750000000002 820.61000000000013 598.5150000000001
decision_type=2 2 2 2 2 2 2 2 2 2 9 2 2 2 2 9 2 2 2 2 1 2 2 2 2 2 2 9 2 2 2 2 2 2 2 2 2 2 2 2 2 2 9 2 2 2 2 2 2 2 2 2 2 2 2 2 2 2 2 2 2 2
left_child=1 3 6 7 8 10 9 19 -3 40 13 24 25 17 21 23 18 -6 -7 20 43 -12 29 35 -9 44 -4 55 53 31 -16 -14 41 -34 -35 -11 -17 56 -31 42 -2 61 -21 -1 -5 52 -39 -48 -25 -10 -22 -47 -43 -18 -42 -13 -8 -24 -59 -15 -29 -28
right_child=2 4 26 12 5 16 37 11 49 15 14 27 22 59 30 36 28 -19 -20 39 50 -23 57 48 -26 -27 32 60 -30 38 -32 -33 33 34 -36 -37 -38 46 -40 -41 54 45 -44 -45 -46 51 47 -49 -50 -51 -52 -53 -54 -55 -56 -57 -58 58 -60 -61 -62 -63
leaf_value=6.1157436416318225 -0.48242207473131382 -2.4613106979706347 -1.3583095208129956 0.90611765771017194 0.80036944952233324 2.8401063439639569 -2.6917477529933955 5.0330241633686512 6.2754884264825748 -0.11278948924246493 -1.8237619818396311 1.1454006180643421 3.5177127446383509 0.3390625515647262 1.6587549017269148 -1.207904054225347 -0.59186312197200697 2.9557281231908981 5.9476429393760277 0.20314353472803326 -2.2318178969337441 0.010065839580420999 1.5119451710407656 -0.34613055521287156 -0.77651920856819712 -2.5137751483905042 -0.80620315162334755 1.4484928687462018 6.0710768443705776 8.8139168051778682 -0.97075571780816472 -1.2635924330469237 -0.1812974800648128 0.59573049549552626 3.8244644178106073 1.830829242930069 -0.40113940046125268 -2.2478215433224564 -0.41053226082819094 -2.4017904577213351 -2.1676556391138759 0.16055783272068283 -0.46953293602722612 2.7755370300764199 -1.5965340477088981 1.2690848618527619 -1.5646364778697983 1.1875130298036927 -1.2186744916540069 5.5358168121547848 1.1102611303133578 -0.77549932215323603 -0.69262563131100385 1.2413092320796524 -2.9709570400279066 -0.96081614642793989 -1.350792483589065 -2.4520710312794387 -0.8053386527624351 -1.1600310791760322 4.0707115591758045 2.5587878610654471
leaf_weight=33 28 49 55 21 90 244 1536 293 432 225 77 86 24 66 199 532 21 294 121 136 41 731 26 240 24 388 25 160 44 20 20 21 76 89 33 64 73 200 303 67 599 67 203 103 84 51 66 24 170 51 28 20 151 114 272 87 37 79 266 23 72 43
leaf_count=33 28 49 55 21 90 244 1536 293 432 225 77 86 24 66 199 532 21 294 121 136 41 731 26 240 24 388 25 160 44 20 20 21 76 89 33 64 73 200 303 67 599 67 203 103 84 51 66 24 170 51 28 20 151 114 272 87 37 79 266 23 72 43
internal_value=-0.0015695 0.00319547 -0.0068177 -0.000277453 0.00666925 0.00493405 -0.00796879 0.00328406 0.0131776 -0.00588735 0.00249501 0.00644828 -0.00417004 0.00645576 0.000540865 -0.00382555 0.0115174 0.00852713 0.0139606 -0.000386808 0.00330529 -0.000739827 -0.00186995 -0.00159761 0.0107422 -0.00748488 0.000774878 0.00291054 0.00611264 0.000404313 0.00546171 0.00807292 0.0016353 0.00460199 0.0082 0.00115582 -0.00616909 -0.0103899 -0.000575153 -0.00238386 -0.00879989 0 -0.00113304 0.00755396 -0.00150463 -0.00124144 -0.00708191 -0.00241935 -0.00369249 0.0148405 -0.00434028 0.00287162 -0.00282805 0.00298913 -0.00908181 -0.000336022 -0.0109534 -0.00424465 -0.0047773 -0.00122283 0.00530612 0.00492958
internal_weight=9817 5141 4676 2565 2576 2044 4066 1333 532 2203 1500 722 1232 473 1027 1304 544 384 365 611 205 808 739 699 317 493 610 405 179 368 219 45 555 198 122 289 605 1863 323 406 899 357 339 136 105 289 290 90 410 483 69 71 218 135 871 173 1573 371 345 89 232 68
internal_count=9817 5141 4676 2565 2576 2044 4066 1333 532 2203 1500 722 1232 473 1027 1304 544 384 365 611 205 808 739 699 317 493 610 405 179 368 219 45 555 198 122 289 605 1863 323 406 899 357 339 136 105 289 290 90 410 483 69 71 218 135 871 173 1573 371 345 89 232 68
cat_boundaries=0 2 4 5 7 9
cat_threshold=2638875 115328 538051025 98976 1 536871040 262160 570425345 528
is_linear=0
shrinkage=0.05


Tree=12
num_leaves=63
num_cat=3
split_feature=14 17 23 2 20 17 18 20 21 15 20 2 19 17 20 17 7 21 20 16 21 9 6 19 6 20 7 16 16 20 6 21 8 11 20 20 17 11 7 15 19 17 8 20 4 19 20 17 20 19 19 6 11 19 17 21 17 6 8 17 16 20
split_gain=96.7017 27.947 14.329 10.1337 6.52351 8.30485 7.02271 6.90207 5.10344 4.83933 4.31236 3.94585 2.68688 2.49894 2.43989 1.82377 1.62312 1.61846 2.15459 1.59053 1.51581 1.3862 1.237 2.36302 1.14079 1.41777 1.13074 1.08986 1.07843 1.60117 1.05468 1.0084 1.02521 1.00835 0.98844 0.980713 0.894163 0.878008 0.785507 0.722971 0.684719 0.669993 0.61144 0.815524 0.579281 0.565217 0.550138 1.00334 0.653853 0.562083 0.543451 0.53912 0.522447 0.655685 0.518423 0.490965 0.470229 0.920683 0.449169 0.417425 0.413563 0.463724
threshold=1.5000000000000002 1.7227780869678671 2.5000000000000004 0 245.50000000000003 2.2500771953350078 0.3483363135657836 154.50000000000003 100.16666666666667 2.5000000000000004 189.50000000000003 1 1930.9350000000002 1.2107068654853319 41.500000000000007 2.3476822919308833 503.90500000000003 100.16666666666667 117.50000000000001 1.8750787600542067 53.100000000000009 1.0000000180025095e-35 1734.8500000000001 1276.8350000000003 1734.8500000000001 149.50000000000003 661.60000000000014 0.63938317822960833 1.7500024981740616 76.500000000000014 4496.4800000000005 63.100000000000009 1240.0450000000003 2480.7000000000007 62.500000000000007 76.500000000000014 1.9275775925527749 1806.0150000000001 180.20500000000004 3.5000000000000004 1000.9700000000001 2.6360802932271512 274.5750000000001 93.500000000000014 2 1235.2450000000001 226.50000000000003 1.2840351823120646 204.50000000000003 1276.8350000000003 913.34000000000003 1376.8900000000001 1191.9450000000004 1644.6650000000002 1.7142871791115832 111.25000000000001 2.364118332926775 2501.0100000000007 800.11000000000013 3.1104541459556603 2.1746365738087152 46.500000000000007
decision_type=2 2 2 1 2 2 2 2 2 2 2 1 2 2 2 2 2 2 2 2 2 2 2 2 2 2 2 2 2 2 2 2 2 2 2 2 2 2 2 2 2 2 2 2 9 2 2 2 2 2 2 2 2 2 2 2 2 2 2 2 2 2
left_child=1 10 8 12 5 7 14 37 9 11 13 34 22 21 -7 51 41 18 40 27 54 52 58 50 25 -23 -18 -13 59 -30 -8 60 -33 -9 38 -21 -6 -5 -2 -20 -15 -17 -19 -44 -25 -36 47 -12 -49 -48 -24 -10 53 -1 -11 -26 57 -38 -3 -22 -4 -62
right_child=2 3 31 4 36 6 30 33 15 20 46 19 -14 17 -16 16 26 42 39 35 28 24 23 44 55 -27 -28 -29 29 -31 -32 32 -34 -35 45 -37 56 -39 -40 -41 -42 -43 43 -45 -46 -47 49 48 -50 -51 -52 -53 -54 -55 -56 -57 -58 -59 -60 -61 61 -63
leaf_value=9.3029706727505577 -0.60431978564367628 -0.037297463127318055 -2.6703962283045408 -0.24062882513546527 0.39410485335007056 2.7103514846517114 4.7420275803134819 1.8549206382736196 0.58572772429226494 -1.3380469506238517 -0.52247116179417508 3.5918732132703144 -1.3165617793537618 -1.6137583617432243 -0.75212101938603626 2.0062907615315129 1.7118995419687779 -1.5704943828385116 -0.092627735465482891 1.2488324615259705 -1.1795373248091949 -1.35095844682217 5.6861491557876427 -0.56329026105321744 -1.6948838420068733 1.3076564813828513 1.0326615472349894 -0.7389035043011476 -0.73865258776056208 1.8471417976071252 0.37579597066259257 -1.416031310976348 0.58755556003825904 2.6865576028162401 1.0951741985592729 -1.4714653017865615 5.9344941569273546 0.78397855771078762 -2.2067292533105407 1.1763449808301758 -0.37027226763220011 -1.2531418624677546 2.7324218005797647 0.21936248444763606 0.82780455912721929 -1.3925067476354087 5.9059955369745563 2.3068473413041928 0.149121089305077 1.1538532104164632 2.6972231363718526 -0.59758654623587837 -0.84264232005444206 -1.1960121986020866 -2.6713790143557268 -0.30227130270294467 10.138694155621312 4.1391851618367062 -2.3037547273869836 -0.5248797962875823 -2.2416197544130827 -0.72642446968568497
leaf_weight=25 65 43 1355 469 21 664 828 375 33 23 47 34 232 136 72 30 29 28 236 138 431 168 37 108 416 20 43 516 189 25 25 194 31 64 20 25 77 201 423 39 62 38 20 161 152 20 46 25 26 27 104 113 30 53 695 56 26 22 33 31 122 20
leaf_count=25 65 43 1355 469 21 664 828 375 33 23 47 34 232 136 72 30 29 28 236 138 431 168 37 108 416 20 43 516 189 25 25 194 31 64 20 25 77 201 423 39 62 38 20 161 152 20 46 25 26 27 104 113 30 53 695 56 26 22 33 31 122 20
internal_value=-0.00165606 0.00303747 -0.00689572 0.00552236 0.00684284 0.0062662 0.00859768 0.00286646 -0.00472384 -0.00541603 -0.00237839 -0.00306471 5.19391e-05 -0.0032863 0.00487145 0.00147059 0.00559441 -0.000985401 -0.00265231 -0.000499311 -0.00746242 -0.00525292 0.00226562 0.00343441 -0.0061086 -0.00235602 0.0106667 -0.00185353 -0.00552283 -0.00218894 0.0117261 -0.0105362 -0.00663377 0.00772059 -0.00628466 0.00368976 0.0172819 -0.00026003 -0.00702648 4.4964e-05 -0.00659204 0 0.00253538 0.00373641 0.000380228 0 0.0049569 0.00173267 0.00671296 0.00838816 0.00859375 -0.00218121 0 0.00216049 -0.00918863 -0.00747368 0.019043 0.021201 -0.00316456 -0.00693548 -0.011075 -0.00706897
internal_weight=9817 5174 4643 3553 2844 2698 1589 1109 2921 2635 1621 1241 709 1450 736 286 140 682 473 713 1394 768 477 401 660 188 72 550 676 214 853 1722 225 439 528 163 146 670 488 275 198 68 209 181 260 40 171 98 51 73 141 146 108 78 718 472 125 99 76 462 1497 142
internal_count=9817 5174 4643 3553 2844 2698 1589 1109 2921 2635 1621 1241 709 1450 736 286 140 682 473 713 1394 768 477 401 660 188 72 550 676 214 853 1722 225 439 528 163 146 670 488 275 198 68 209 181 260 40 171 98 51 73 141 146 108 78 718 472 125 99 76 462 1497 142
cat_boundaries=0 1 2 3
cat_threshold=17 49 10
is_linear=0
shrinkage=0.05


Tree=13
num_leaves=63
num_cat=10
split_feature=15 21 2 20 7 20 20 20 19 1 1 2 21 6 1 1 1 6 8 21 19 20 19 16 19 19 19 2 22 6 2 21 6 19 7 20 6 7 15 9 20 8 7 16 19 20 7 19 20 10 8 20 19 16 9 7 11 19 20 21 2 19
split_gain=87.4023 21.0159 18.623 12.6157 9.55557 7.69118 5.78811 8.5941 5.27061 3.23985 2.96513 2.61682 2.54453 2.33759 2.2975 2.29625 2.22083 2.12992 1.96944 1.92587 1.73768 1.53147 1.52186 1.51003 1.48124 1.42144 1.47233 1.39445 1.24198 1.14765 1.11279 1.64001 0.975266 0.97195 0.895855 0.968214 1.0848 1.03646 0.875165 0.816813 0.754847 1.15875 0.903093 0.744163 0.719775 0.852682 0.960172 0.718627 0.689663 1.07175 0.680486 0.79027 0.679244 0.590287 0.583304 0.552322 0.542051 0.541584 0.508803 0.492638 0.460938 0.448844
threshold=2.5000000000000004 77.125000000000014 0 1.0000000180025095e-35 384.06999999999999 118.50000000000001 5.5000000000000009 234.00000000000003 1425.9550000000002 1 2 3 116.25000000000001 1734.8500000000001 4 5 6 1734.8500000000001 310.23000000000008 51.100000000000009 2562.6850000000009 160.50000000000003 1833.4800000000002 0.56723149268237882 2231.3650000000007 2584.0800000000004 1650.0750000000003 7 34.712090910925447 2012.74 8 32.708333333333336 1376.8900000000001 2857.0550000000007 171.82000000000002 68.500000000000014 3372.3600000000001 575.75500000000011 1.5000000000000002 719.76500000000021 186.50000000000003 575.75500000000011 308.31500000000005 1.500002791455912 42.449999999999825 63.500000000000007 409.94500000000011 1229.1050000000002 166.50000000000003 288.03000000000003 482.25500000000005 4.5000000000000009 1478.78 1.2499971052083094 448.75500000000005 436.17500000000001 1944.3500000000001 3365.5000000000005 153.50000000000003 70.750000000000014 9 1318.2500000000002
decision_type=2 2 1 2 2 2 2 2 2 9 9 1 2 2 9 9 9 2 2 2 2 2 2 2 2 2 2 1 2 2 1 2 2 2 2 2 2 2 2 2 2 2 2 2 2 2 2 2 2 2 2 2 2 2 2 2 2 2 2 2 1 2
left_child=2 5 4 8 14 19 24 9 11 32 34 13 15 55 38 28 25 -11 54 -2 23 43 60 -12 -6 26 -10 -25 39 -15 31 -7 -8 -27 -5 37 -37 -36 47 -3 41 42 -16 56 -20 -46 -47 -1 61 -50 -21 -52 -45 -53 -14 -4 -17 -24 -32 -33 -18 -40
right_child=1 12 3 10 6 30 7 -9 16 17 20 -13 18 29 40 21 22 -19 44 50 -22 -23 57 27 -26 33 -28 -29 -30 -31 58 59 -34 -35 35 36 -38 -39 48 -41 -42 -43 -44 52 45 46 -48 -49 49 -51 51 53 -54 -55 -56 -57 -58 -59 -60 -61 -62 -63
leaf_value=3.4859233110116992 -2.6096309502742141 0.3837431784107736 3.4347399991626655 4.2340101006943831 6.0725937471694671 2.922227383375513 -1.91044340089327 5.0304629695923744 -0.022840263494425275 0.11257408678698583 4.0160901741537485 5.2357666782376189 -2.243307956282655 4.5773978736990122 -0.1227551880477904 -1.0993294801571196 -0.098571253744952264 1.8823365802381744 1.0386861018364388 -1.714540860045753 -2.2540663268495922 0.24259220066923248 -0.38799864952747642 -0.14453601042672837 3.4641246360708351 -2.4194432220284878 5.5779373590518748 -1.441034177295893 -1.1482562240924323 2.3164613139489907 -1.2824305735703825 0.17542258392692284 0.3629902089176007 0.9518882982480833 -2.9940264176138869 0.10334248016440704 4.7013376510415688 0.11309081180093977 -0.35054097610381024 0.57004445997400244 3.1324866976727304 4.9737635148764916 1.6441493898448727 -0.21361346627755184 1.5448713220010248 0.97881444747747759 -0.23974797432467909 -1.1413873734322579 -1.9420071869782192 1.7081870872393528 0.67710393286092807 -0.27802210111967013 -1.2281207818243232 -1.2867270856601392 0.055713426166309435 -1.5521211268403918 -1.1968883106070287 -2.5830738528593495 -0.0099755841908603319 -1.568520971933657 1.9026062399738863 -1.2743444303628912
leaf_weight=40 2108 33 20 25 349 26 35 184 35 128 27 172 35 66 193 109 160 609 128 438 181 46 232 316 56 26 106 665 21 252 102 86 259 63 49 72 27 54 119 49 83 38 67 403 41 20 101 53 21 36 26 48 73 542 36 87 118 61 61 26 107 68
leaf_count=40 2108 33 20 25 349 26 35 184 35 128 27 172 35 66 193 109 160 609 128 438 181 46 232 316 56 26 106 665 21 252 102 86 259 63 49 72 27 54 119 49 83 38 67 403 41 20 101 53 21 36 26 48 73 542 36 87 118 61 61 26 107 68
internal_value=-0.00176298 -0.00671084 0.00272891 -1.33168e-05 0.00600808 -0.00869518 0.00816389 0.0063321 0.00335432 0.00446083 -0.00334743 0.00689583 -0.000997122 0.00419521 0.00114424 -0.00251462 0.000598991 0.00618333 0.00243819 -0.00942338 -0.00433652 -0.00349409 -0.00104712 -0.00346192 0.0134498 0.00462963 0.00789931 -0.00382368 0.00398707 0.00646417 -0.000863487 0.00215232 0 0 0.00171875 0.000365854 0.00404412 -0.00271226 -0.00175 0.00735294 0.00377538 0.00240864 0.00095057 -0.00416076 0.00435154 0.00166667 -0.000100806 0.00195312 -0.0034413 0.000625 -0.00745033 -0.00605816 -0.00281837 -0.00645025 -0.00456081 -0.00170455 -0.00668478 -0.00358953 -0.00362216 0 0.00152778 -0.00493421
internal_weight=9817 4676 5141 2803 2338 3463 1620 1215 1387 1031 1416 597 1213 425 718 852 790 737 361 3162 1189 749 560 1008 405 230 141 981 103 318 301 138 294 89 227 202 99 103 337 82 381 298 260 703 290 162 121 93 244 57 1054 616 476 590 71 107 227 293 163 112 267 187
internal_count=9817 4676 5141 2803 2338 3463 1620 1215 1387 1031 1416 597 1213 425 718 852 790 737 361 3162 1189 749 560 1008 405 230 141 981 103 318 301 138 294 89 227 202 99 103 337 82 381 298 260 703 290 162 121 93 244 57 1054 616 476 590 71 107 227 293 163 112 267 187
cat_boundaries=0 1 3 5 6 8 10 12 13 14 15
cat_threshold=2830 75764620 32770 8782361 82944 49 538218692 4097 524304 513 100663317 82560 1152 2568 145
is_linear=0
shrinkage=0.05


Tree=14
num_leaves=63
num_cat=9
split_feature=14 17 15 20 1 7 21 15 19 20 17 19 1 17 19 0 20 1 17 17 17 16 21 1 20 21 10 18 1 17 18 21 22 17 15 7 0 20 0 20 18 20 17 7 10 16 7 16 20 17 19 18 20 0 8 7 20 8 8 21 7 7
split_gain=82.6894 24.1283 13.7621 9.38669 6.84001 5.58833 4.23842 5.21673 3.49526 3.16359 3.13417 2.81118 2.72716 2.61998 2.08665 2.2048 1.82777 1.76757 1.70855 1.55586 2.21886 1.52573 1.45644 1.6021 1.43404 1.37132 1.34608 1.43882 1.31395 2.02113 1.39197 1.29342 1.23231 1.19772 1.12664 0.927418 0.890148 0.83507 0.819057 0.856684 0.80398 0.776871 0.738354 0.637557 0.614449 0.586695 0.574885 0.549181 0.679704 0.537591 0.738282 0.523584 0.512786 0.504345 0.501067 0.777437 0.496754 0.572229 0.243463 0.239778 0.233983 0.360618
threshold=1.5000000000000002 1.3393655554446837 4.5000000000000009 186.50000000000003 0 1002.0550000000002 97.750000000000014 2.5000000000000004 2220.3450000000007 229.50000000000003 2.4749286602113005 3024.8800000000006 1 2.1522630348431822 1914.0700000000002 2 249.50000000000003 3 2.4346651680521267 2.3476822919308833 2.6212103748750959 0.59998187834653238 53.100000000000009 4 66.500000000000014 80.166666666666671 1440.8850000000004 0.95059196084781761 5 2.0005092135181024 0.34164276665376364 75.166666666666671 51.916548513242581 1.8461605962135066 1.5000000000000002 1.0000000180025095e-35 6 111.50000000000001 7 105.50000000000001 0.46262947062204557 68.500000000000014 1.6224626471023509 680.8950000000001 1127.3550000000002 1.5418376315999549 206.20500000000001 2.1509738592434426 54.500000000000007 2.364118332926775 1085.53 0.10114177546304444 127.50000000000001 8 223.72000000000003 877.23500000000013 124.50000000000001 757.70000000000016 2160.9150000000004 140.50000000000003 360.12500000000006 661.60000000000014
decision_type=2 2 2 2 9 2 2 2 2 2 2 2 9 2 2 1 2 9 2 2 2 2 2 9 2 2 2 2 9 2 2 2 2 2 2 2 1 2 1 2 2 2 2 2 2 2 2 2 2 2 2 2 2 1 2 2 2 2 2 2 2 2
left_child=1 9 6 4 14 11 7 12 10 17 -7 13 26 -6 15 18 28 51 -3 53 60 -14 -9 46 -23 34 41 -28 29 40 -30 32 47 -18 -19 -25 45 -36 43 -40 -5 -2 -33 -27 -10 -22 -24 -4 58 50 -35 -1 -17 -8 -16 -56 59 -58 -49 -53 -21 -62
right_child=2 3 31 16 5 8 19 22 44 -11 -12 -13 21 -15 54 52 33 25 -20 20 36 24 23 35 -26 38 27 -29 30 -31 -32 42 -34 49 37 -37 -38 -39 39 -41 -42 -43 -44 -45 -46 -47 -48 48 -50 -51 -52 56 -54 -55 55 -57 57 -59 -60 -61 61 -63
leaf_value=0.23190397065622401 -1.3460136650825569 0.055514143113964569 -2.383216263469452 7.5775509647395882 0.22435263187316537 1.4314410569274629 -0.64905696219239606 -2.3215961594711239 2.2300969972831237 5.1916352771990688 5.2881813889770903 -1.8446516187567461 3.7146718532175615 2.8207586501494974 1.0253822347023012 -0.29518061841749699 1.6529605174298312 2.8603673421983751 1.807335455854721 1.6214774536357064 1.0236904438974535 -1.6505791945973671 -0.79522006514341614 0.14421958244256922 -0.35821385994445482 -0.62320465693925908 1.6462515770821171 -0.97017677438505801 0.60633002289899174 4.1813002540786144 3.1570571797464781 -1.1441655840614247 -0.87865289492113163 5.0304004658334538 -1.4733403939095675 -1.3470162073951757 -1.7760363148626426 -0.70160429544797298 1.041712794449049 0.019279025252797056 -0.3318300159294143 0.54279736519312827 0.51486542827556148 0.5470746628679628 -0.5230532958266636 -0.21132213007486131 -0.036242286444088737 -2.2468518258449968 0.97609009750196241 10.618105296265218 3.6976859987392103 -1.6087484339412357 -1.5716305274232873 0.10602197896329529 -1.704525664006473 -0.1194411648722209 -0.77790614495479959 0.077009423652187797 -0.36978532677527254 -1.3328656735112372 2.8952737931204853 1.2690160202031266
leaf_weight=22 183 384 1407 22 467 194 103 753 42 50 373 79 25 817 27 219 23 42 498 20 35 636 32 28 261 112 53 30 37 51 187 57 29 72 143 419 32 196 25 45 76 53 32 63 61 20 182 110 21 25 22 285 48 53 162 84 161 40 20 20 26 23
leaf_count=22 183 384 1407 22 467 194 103 753 42 50 373 79 25 817 27 219 23 42 498 20 35 636 32 28 261 112 53 30 37 51 187 57 29 72 143 419 32 196 25 45 76 53 32 63 61 20 182 110 21 25 22 285 48 53 162 84 161 40 20 20 26 23
internal_value=-0.0018139 0.00252559 -0.00665895 0.00441102 0.00344491 0.00529692 -0.00457492 -0.00522479 0.00910104 -0.0036454 0.010636 0.00341325 -0.00278336 0.00400155 0.000714286 0.00168186 0.0107384 -0.00421348 0.0029096 0.000793651 0.00440252 -0.00414439 -0.00732181 -0.00536521 -0.00456944 -0.0021518 0.00109187 0.0065407 0.00847739 0.0033179 0.0109705 -0.0103038 -0.0106525 0.0160345 -0.00406901 -0.00703804 -0.000416667 -0.00508041 0.000554435 0.00513699 -0.000247525 -0.000627615 -0.00339674 -0.00105337 0.000117925 0.00280172 -0.00121145 -0.0108424 -0.00673701 0.0181352 0.0203608 -0.00637708 -0.00217593 -0.00251572 -0.003125 -0.00391566 -0.00682711 -0.00422794 -0.00808271 -0.00831981 0.0109375 0.0132212
internal_weight=9817 5174 4643 3970 3455 2033 2967 2655 670 1204 567 1363 1241 1284 1422 1149 515 1154 882 312 156 922 1414 661 897 626 319 83 373 149 224 1676 1587 142 381 447 87 339 245 70 98 236 89 175 103 55 214 1558 151 119 94 528 267 156 273 246 506 201 130 305 69 49
internal_count=9817 5174 4643 3970 3455 2033 2967 2655 670 1204 567 1363 1241 1284 1422 1149 515 1154 882 312 156 922 1414 661 897 626 319 83 373 149 224 1676 1587 142 381 447 87 339 245 70 98 236 89 175 103 55 214 1558 151 119 94 528 267 156 273 246 506 201 130 305 69 49
cat_boundaries=0 2 4 5 7 9 11 12 13 14
cat_threshold=2341614020 1095187 18747416 87056 1 2718355501 21504 131229 295424 2717909120 65536 1 1 1
is_linear=0
shrinkage=0.05


Tree=15
num_leaves=63
num_cat=9
split_feature=14 21 23 2 8 15 21 2 15 2 7 2 0 2 15 6 21 6 0 21 21 11 8 16 16 2 16 21 6 8 10 7 21 22 7 10 2 7 7 8 16 22 8 7 16 11 16 16 6 7 11 8 7 21 10 22 8 7 8 6 9 10
split_gain=77.9318 16.8641 14.0597 6.95718 6.59389 4.04981 3.73301 3.56497 4.1206 3.54872 3.28684 2.51934 2.26763 2.21582 3.27448 4.16017 2.11696 2.03689 2.48803 1.88218 2.33209 1.86128 1.86024 1.59377 1.31193 1.21556 1.18241 1.11701 0.982573 1.49116 1.54112 1.27407 1.06282 0.899807 0.746233 0.718681 0.78802 0.753288 0.695442 1.06659 0.686884 0.685744 0.670255 0.652071 0.638545 0.629256 0.614703 0.581942 0.5356 0.617904 0.534591 0.531527 0.52524 0.519182 0.500681 0.432744 0.429871 0.419116 0.410577 0.410097 0.397954 0.375609
threshold=1.5000000000000002 9.3000000000000025 2.5000000000000004 0 384.08500000000009 1.5000000000000002 77.833333333333357 1 2.5000000000000004 2 964.72000000000014 3 4 5 1.5000000000000002 2012.74 85.166666666666671 2501.0100000000007 6 155.25000000000003 41.916666666666679 2059.1950000000002 468.60000000000008 1.8750787600542067 0.63938317822960833 7 1.6153249576647892 75.166666666666671 1376.8900000000001 646.16500000000008 1714.5250000000001 312.71500000000009 124.50000000000001 51.916548513242581 803.86000000000001 679.18500000000006 8 287.80000000000007 308.31500000000005 345.56 1.1334609593852327 2.5811813947440876 1230.7400000000002 1.0000000180025095e-35 1.5594067304864259 1513.4500000000003 2.1509738592434426 1.5153393268008304 3056.7900000000004 185.77500000000001 803.86000000000001 1309.4150000000002 919.60000000000002 48.708333333333336 1512.4500000000003 54.395154244229133 691.10000000000002 956.22500000000014 342.00500000000005 1376.8900000000001 270.0750000000001 457.75000000000006
decision_type=2 2 2 1 2 2 2 1 2 1 2 1 1 1 2 2 2 2 1 2 2 2 2 2 2 1 2 2 2 2 2 2 2 2 2 2 1 2 2 2 2 2 2 2 2 2 2 2 2 2 2 2 2 2 2 2 2 2 2 2 2 2
left_child=1 3 7 4 38 -6 35 19 11 34 13 48 -11 -5 15 -15 47 18 21 20 54 -12 -21 24 -13 -19 40 33 31 45 32 60 -31 46 -7 37 41 50 43 -40 -22 53 -27 -1 -29 -30 -4 -10 49 -9 -3 -28 -32 -37 -2 -38 -25 -49 -18 -16 -8 -45
right_child=2 6 27 10 5 9 28 8 16 12 17 23 -14 14 59 -17 58 25 -20 22 26 -23 -24 56 -26 42 51 44 29 30 52 -33 -34 -35 -36 36 55 -39 39 -41 -42 -43 -44 61 -46 -47 -48 57 -50 -51 -52 -53 -54 -55 -56 -57 -58 -59 -60 -61 -62 -63
leaf_value=1.7189875473077429 0.43782593678566289 0.19688353200237396 -2.2543608513547952 -1.1232922470151039 5.6385517785401564 3.8887731837092776 1.0381249769148908 0.42633851435413916 -2.363712090674257 1.5229558030562853 3.6178883569872782 3.9294493927700658 -0.51792078549799214 4.6362154290519779 -0.027244598357707164 0.41726422136114927 -1.651352320167371 -0.87750869494030326 -1.0910906061882188 -0.37385413749724566 -0.52712722183402916 -0.36823667206245292 2.5498698770388764 2.7061226792737854 -0.76265360286854222 2.889683478721949 0.27694146690929317 -0.81616205634800298 -0.12157099859455799 0.16249252757494193 -0.92867452205387879 1.5439560371446774 1.7296461145374906 -0.49929958854531853 4.1635160550146368 2.4798737456507065 -1.3085816101718679 1.432298581800205 2.1048875165414787 0.0014399965675778504 -0.99052004811898586 -1.6618900728315198 0.55334082646309712 -0.34061699841901505 0.36691109174608738 -0.81288212656464509 -1.7633318674615504 -1.9281380006190378 -2.4036151699529951 -1.4349230628306833 -2.3511074710296613 -0.66658169434212322 0.027629904205009839 -0.74102928234545196 0.85447413203600342 -0.10402839400569378 0.20776011207556735 -1.1005304301712264 0.058954468425675803 -0.69179553882722122 -1.0033825428514831 -1.4414450803468719
leaf_weight=96 81 20 1441 261 435 139 21 43 599 684 265 23 137 159 63 548 27 101 46 25 80 31 39 40 463 59 139 58 157 85 36 89 33 34 144 20 439 30 58 95 238 54 67 131 35 149 154 287 178 307 30 32 117 28 36 30 95 89 100 194 52 71
leaf_count=96 81 20 1441 261 435 139 21 43 599 684 265 23 137 159 63 548 27 101 46 25 80 31 39 40 463 59 139 58 157 85 36 89 33 34 144 20 439 30 58 95 238 54 67 131 35 149 154 287 178 307 30 32 117 28 36 30 95 89 100 194 52 71
internal_value=-0.00188009 0.00233243 -0.00658362 0.00406654 0.00610334 0.00769293 -0.00235104 -0.00443314 -0.00538317 0.00596206 0.00172939 -0.00322266 0.0040018 0.000234121 0.00138178 0.00318662 -0.00762443 0.00487325 0.00731884 -0.00106149 -0.00201149 0.0090301 0.00671642 -0.000887224 -0.00230061 0.000923913 -0.00358232 -0.0101884 1.68464e-05 -0.000883621 0.00168796 0.00348485 0.00599174 -0.0105162 0.010853 -0.00510321 -0.00572735 0 0.000688326 0.00344551 -0.00537383 -0.000652174 0.00413669 -0.000581395 -0.00377604 -0.00331715 -0.0106931 -0.0084228 -0.00573013 -0.00432011 -0.00424528 0 -0.00136218 0.00294118 0.0040625 -0.0065612 0.00371377 -0.00633245 -0.00105769 -0.00331731 -0.000822368 -0.00231707
internal_weight=9817 5174 4643 3784 1990 1539 1390 2921 2251 1104 1794 1149 821 1225 964 707 1102 569 342 670 606 296 64 621 486 227 489 1722 739 577 271 162 118 1629 283 651 571 80 451 153 318 102 126 298 93 306 1595 975 528 350 50 171 153 48 117 469 135 376 127 257 73 202
internal_count=9817 5174 4643 3784 1990 1539 1390 2921 2251 1104 1794 1149 821 1225 964 707 1102 569 342 670 606 296 64 621 486 227 489 1722 739 577 271 162 118 1629 283 651 571 80 451 153 318 102 126 298 93 306 1595 975 528 350 50 171 153 48 117 469 135 376 127 257 73 202
cat_boundaries=0 1 2 3 4 5 6 7 8 9
cat_threshold=2830 526 12 49 1 1 1 33 648
is_linear=0
shrinkage=0.05


Tree=16
num_leaves=63
num_cat=10
split_feature=14 17 23 5 1 5 15 5 17 5 19 0 1 5 17 19 19 1 5 0 17 17 18 9 5 21 17 5 17 2 9 21 1 19 21 19 18 21 9 9 10 10 5 22 15 10 18 19 5 17 5 18 5 4 4 19 1 9 5 9 5 18
split_gain=72.8069 20.095 13.6006 9.55016 5.82261 4.02145 3.98674 3.74286 3.62818 3.47803 2.91872 2.84937 2.84835 2.80614 2.57385 2.17296 2.10587 2.10076 2.22345 2.076 1.91794 1.84496 1.8085 1.7093 1.43754 1.41882 2.61914 2.16757 1.40165 2.24108 1.55115 1.33407 1.30893 1.21624 1.1887 1.04293 1.0196 1.01734 0.997054 1.27568 0.987431 0.880024 0.8105 0.773462 0.76003 0.71804 0.703699 0.677261 0.649939 0.648171 0.640338 0.602386 0.600833 0.597071 0.592721 0.588659 0.576946 0.568912 0.559859 0.559785 0.515947 0.504141
threshold=1.5000000000000002 1.7227780869678671 2.5000000000000004 47.500000000000007 0 180.50000000000003 2.5000000000000004 79.500000000000014 2.5711187412023864 261.50000000000006 2391.1750000000006 1 2 277.50000000000006 2.1350452693337134 1641.6900000000003 1460.6050000000002 3 280.50000000000006 4 3.8937620479605215 1.1632256019965614 0.41416135643790536 384.08500000000009 271.50000000000006 45.100000000000009 1.8577669873990723 335.50000000000006 1.2308454590991635 5 85.910000000000011 97.750000000000014 6 1118.6250000000002 109.25000000000001 913.34000000000003 0.66016229443304908 54.708333333333336 1025.0000000000002 759.03000000000009 619.57000000000005 1.0000000180025095e-35 242.50000000000003 77.428192539926968 3.5000000000000004 1826.3650000000005 0.54322563242461108 1501.1350000000002 86.500000000000014 3.42853193237015 194.50000000000003 1.6503653394194495 286.50000000000006 7 8 1518.0800000000002 9 1688.6000000000001 26.500000000000004 396.23500000000007 147.50000000000003 0.17265599697722123
decision_type=2 2 2 2 9 2 2 2 2 2 2 1 9 2 2 2 2 9 2 1 2 2 2 2 2 2 2 2 2 1 2 2 9 2 2 2 2 2 2 2 2 2 2 2 2 2 2 2 2 2 2 2 2 9 9 2 9 2 2 2 2 2
left_child=1 12 5 16 9 6 7 -2 13 11 23 15 28 40 43 -5 19 18 49 35 -13 41 52 -10 -23 -4 -27 -28 30 44 -1 47 46 -15 59 -3 -32 -19 39 -26 -6 -14 -39 50 45 -30 -9 56 -34 -16 -7 -52 -11 -38 -18 -20 -8 -24 -21 -31 -12 -56
right_child=2 3 25 4 8 14 31 32 10 22 60 20 21 33 17 -17 54 37 55 58 -22 24 57 -25 38 26 27 -29 29 34 36 -33 48 -35 -36 -37 53 42 -40 -41 -42 -43 -44 -45 -46 -47 -48 -49 -50 -51 51 -53 -54 -55 61 -57 -58 -59 -60 -61 -62 -63
leaf_value=1.8056684227981934 -1.8695820355126267 5.5036998307705876 -2.5202518765952067 3.6005486870627781 1.7322023062208842 0.15443070723811303 -1.0315260215076523 -0.15729253966787127 0.14263185054322386 0.42848642663615949 -1.3896280406441748 -1.1940915865454158 -0.062139376280316586 3.1584602496709362 -0.44914816069685792 1.4631296573506649 -1.5473432956419459 0.13723626388357743 3.5692722607318261 -2.0668718635862002 5.4522904509592909 -0.98327490396569317 4.3332559451379558 3.0038981281066017 0.071301014829874276 -1.5666155896584546 -1.1542568323782685 1.4167702865136118 0.75445887944238699 -0.32929889921405398 -1.340327801135025 0.21899095085183548 1.2235865311812419 -0.34632007261124897 1.2692078202381774 1.7669397380672558 -1.0083200412543847 -0.91941948718251931 -0.96315943202748433 1.3806506150931577 -0.21585278814166317 -1.439743833471568 -0.027196324072401981 0.32763677294081756 2.440265210925022 -0.072144148570221486 0.66749652288427619 -2.5020040646004511 -0.92902307164348175 0.98697164828546424 -1.2321178571835718 -0.037350598242674594 5.3799380983439731 0.13026458568252083 -2.8281027644289809 0.24303463109147769 -2.2021165295139022 2.7495636469877911 2.8204984094035632 -1.2678990395888847 2.5526755636134006 0.0071765028173722102
leaf_weight=80 444 29 1055 368 90 29 112 181 96 34 73 93 45 203 178 288 154 112 74 42 64 201 204 706 128 535 108 24 162 26 98 25 37 73 24 135 133 100 44 35 540 378 81 24 23 51 108 248 328 64 240 44 79 109 58 24 468 28 26 84 40 130
leaf_count=80 444 29 1055 368 90 29 112 181 96 34 73 93 45 203 178 288 154 112 74 42 64 201 204 706 128 535 108 24 162 26 98 25 37 73 24 135 133 100 44 35 540 378 81 24 23 51 108 248 328 64 240 44 79 109 58 24 468 28 26 84 40 130
internal_value=-0.00195137 0.00211995 -0.00649752 0.00422877 0.00536972 -0.00438184 -0.00569985 -0.00361035 0.00348282 0.00817677 0.00573257 0.00629596 -0.00247075 0.00118262 -0.00167009 0.007739 -0.00160312 0.000137579 0.00283286 0.00191489 0 -0.00448756 0.0126078 0.00680124 -0.00194647 -0.0100435 -0.00789179 -0.00111111 -0.000217933 0.0019437 -0.00224586 -0.008309 -0.0011035 0.00537634 -0.00289116 0.00508982 -0.00379009 -0.00281863 0.00077381 0.00278614 -0.000592417 -0.00689554 -0.00523098 -0.00518382 0.00481928 0.00364583 0.00128311 -0.00866426 -0.0030754 0.000102041 -0.00589399 -0.00662021 0.00635776 -0.00173469 -0.00413043 0.00915842 -0.00737564 0.0153191 -0.00492958 -0.00553097 -0.00140086 -0.00149254
internal_weight=9817 5174 4643 3553 2979 2921 1951 1098 1821 1158 915 813 1621 906 970 656 574 633 340 232 157 831 345 802 408 1722 667 132 790 370 420 853 654 276 134 164 340 293 207 163 630 423 181 337 236 213 289 828 365 242 313 284 113 242 342 98 580 232 68 110 113 188
internal_count=9817 5174 4643 3553 2979 2921 1951 1098 1821 1158 915 813 1621 906 970 656 574 633 340 232 157 831 345 802 408 1722 667 132 790 370 420 853 654 276 134 164 340 293 207 163 630 423 181 337 236 213 289 828 365 242 313 284 113 242 342 98 580 232 68 110 113 188
cat_boundaries=0 2 3 5 7 8 9 11 12 13 15
cat_threshold=371917851 344744 1 68846283 328337 536875141 70288 1 2572 537002009 344208 7 74 4224 262146
is_linear=0
shrinkage=0.05


Tree=17
num_leaves=63
num_cat=8
split_feature=14 17 23 1 5 8 17 1 19 1 5 5 5 0 19 21 5 5 1 11 17 1 10 21 17 5 21 19 5 11 19 17 5 17 5 10 10 17 21 10 8 21 5 10 19 21 17 21 5 4 19 5 10 8 8 21 5 1 8 21 19 22
split_gain=67.2945 18.8141 14.0244 7.53138 4.74672 4.31703 3.87979 3.82294 3.44793 3.10211 3.08901 2.33032 2.31337 2.78167 2.10036 2.18919 2.48218 2.09741 1.86276 1.80268 1.80099 1.78193 1.56895 1.54682 2.07848 2.18866 1.53719 1.33222 1.2375 1.55483 1.80372 1.25564 1.10163 1.09738 1.06497 1.03551 0.841387 0.954124 0.813639 0.782004 0.738626 0.715464 0.698897 0.685786 0.790426 0.567545 0.551797 0.541811 0.534879 0.514786 0.958716 0.492517 0.473097 0.623284 0.464229 0.450759 1.35258 0.771745 0.424229 0.515582 0.407098 0.360643
threshold=1.5000000000000002 1.3393655554446837 2.5000000000000004 0 41.500000000000007 800.11000000000013 2.0005092135181024 1 1671.9950000000001 2 286.50000000000006 315.50000000000006 287.50000000000006 3 2506.2400000000002 11.125000000000002 102.50000000000001 47.500000000000007 4 2017.0750000000003 2.3297292494013098 5 755.7700000000001 46.708333333333336 1.8823890850534772 331.50000000000006 48.708333333333336 3024.8800000000006 331.50000000000006 1833.1550000000002 186.64500000000007 1.2380606643439893 268.50000000000006 2.6212103748750959 180.50000000000003 631.36000000000013 1.0000000180025095e-35 1.0441898763171058 85.166666666666671 2403.6150000000002 84.090000000000018 126.25000000000001 322.50000000000006 864.51500000000021 569.72500000000002 124.50000000000001 3.3362068602826409 87.833333333333357 270.50000000000006 6 1507.075 186.50000000000003 1512.4500000000003 550.99000000000012 509.50000000000006 9.3000000000000025 79.500000000000014 7 607.71500000000015 79.166666666666671 1162.6000000000001 24.734250007843297
decision_type=2 2 2 9 2 2 2 9 2 9 2 2 2 1 2 2 2 2 9 2 2 9 2 2 2 2 2 2 2 2 2 2 2 2 2 2 2 2 2 2 2 2 2 2 2 2 2 2 2 9 2 2 2 2 2 2 2 9 2 2 2 2
left_child=1 18 7 5 49 17 11 38 9 -8 14 35 13 19 15 16 -9 -3 28 -7 52 32 -23 -4 -25 -26 -17 -10 29 30 48 47 -19 -22 -15 -6 -20 41 55 -14 -32 -38 -13 44 -39 -45 -35 -30 -1 50 60 -16 53 -12 -52 56 -2 -58 -31 -60 -5 -57
right_child=2 3 23 4 6 12 8 10 27 -11 20 42 39 34 51 26 -18 21 36 -21 33 22 -24 24 25 -27 -28 -29 31 58 40 -33 -34 46 -36 -37 37 43 -40 -41 -42 -43 -44 45 -46 -47 -48 -49 -50 -51 54 -53 -54 -55 -56 61 57 -59 59 -61 -62 -63
leaf_value=0.38878116812339203 -2.5182537067797592 -1.0121680639174737 -2.3035673090546633 0.32606836016378438 0.51420135437637426 3.7734768805241488 1.2344283517009289 -1.0931445195611247 0.55360112615029855 3.7871142222556315 -0.45508728311561947 2.1843823690880373 4.5816620924211344 -2.8096583635591039 -2.2805799719671271 -2.0508266699278135 0.39862249072611605 -1.0278859549537316 0.85518982121002907 1.7226887717587882 4.8636648280976464 3.4195577696195656 0.58219879082744164 -1.3994783541669471 -1.2124488568482361 1.5482640357514625 -0.57376727202393141 -2.4858621574552657 1.4777480721262237 -1.2245281470243849 2.5329592793064997 5.6325336190252067 3.2684270580860559 -0.30930348710021643 1.1672280248868927 -0.2510735036681972 -1.6560036131899616 0.35744371753878285 -0.21898580676492507 1.4310133735953059 -0.89023832212970544 0.0053021019592840446 1.0066437493264819 -0.70109130534157704 -0.54292004961843821 0.57112051713427658 6.3391874913160748 -0.68174256847590264 3.3765844842431094 -1.7599047428004262 0.17816829514459301 -1.3007320513286524 -0.66611382631169469 2.1777949557577601 -1.737225471595818 -1.9415624915259722 0.053718637471949653 -1.2513141093477445 -0.94403551678905429 0.034437996693564087 3.7459384059834946 -0.6803211671615822
leaf_weight=22 124 96 1121 31 140 388 361 393 343 520 59 47 127 47 195 331 366 103 48 162 33 279 163 489 88 24 534 53 39 90 59 24 42 34 36 606 291 42 116 20 147 23 92 175 44 28 29 28 20 203 34 41 44 21 55 337 101 113 68 56 22 50
leaf_count=22 124 96 1121 31 140 388 361 393 343 520 59 47 127 47 195 331 366 103 48 162 33 279 163 489 88 24 534 53 39 90 59 24 42 34 36 606 291 42 116 20 147 23 92 175 44 28 29 28 20 203 34 41 44 21 55 337 101 113 68 56 22 50
internal_value=-0.00198702 0.00192679 -0.00635762 0.003593 0.00187004 0.00644478 0.00275982 -0.00421084 0.00452148 0.00626414 -0.00296226 0.000154842 0.00906769 0.00752752 -0.00365003 -0.00295022 -0.000902231 0.00344388 -0.00352113 0.00881555 0.00246637 0.00459746 0.0060989 -0.00995652 -0.00755381 -0.000869565 -0.0046803 0.000501253 -0.00117049 -0.00231183 0.000199203 0.00385638 -7.91139e-05 0.00757576 -0.000436047 -0.000901202 -0.00532756 -0.00591997 -0.00709895 0.0150833 -0.00155502 -0.0079653 0.00607394 -0.00346747 0 -0.00503641 0.00246212 0 0.00944444 -0.0034842 -0.000483871 -0.008159 -0.0011811 0.00060241 -0.00394022 -0.00784684 -0.00593842 -0.0031106 -0.00541475 -0.00275591 0.00424107 -0.00932692
internal_weight=9817 5174 4643 3970 2507 1463 2162 2921 1277 881 2080 885 780 633 1860 1624 759 683 1204 550 220 587 442 1722 601 112 865 396 553 462 248 91 145 96 83 746 651 603 841 147 206 314 139 289 86 203 63 67 42 345 142 236 124 80 89 725 338 214 214 124 53 387
internal_count=9817 5174 4643 3970 2507 1463 2162 2921 1277 881 2080 885 780 633 1860 1624 759 683 1204 550 220 587 442 1722 601 112 865 396 553 462 248 91 145 96 83 746 651 603 841 147 206 314 139 289 86 203 63 67 42 345 142 236 124 80 89 725 338 214 214 124 53 387
cat_boundaries=0 2 4 6 7 9 11 12 14
cat_threshold=369968699 344232 2266005863 270385 2149585024 1053713 1 557761 344723 67108864 16512 18 34603013 262160
is_linear=0
shrinkage=0.05


Tree=18
num_leaves=63
num_cat=6
split_feature=14 17 23 3 17 3 17 21 15 7 9 0 21 17 6 6 6 9 9 6 21 16 21 16 0 9 17 17 14 10 11 11 21 11 11 11 6 4 6 7 9 11 21 21 6 16 16 6 10 6 7 17 7 0 7 11 7 21 22 7 9 21
split_gain=64.0038 15.8974 13.368 6.45983 5.96324 4.87379 3.24959 3.05245 3.07415 2.96877 1.93771 1.9232 1.80189 1.81163 1.79176 1.5291 1.49408 1.46382 1.82275 1.28981 1.3088 1.31021 1.26972 1.26835 1.25331 1.30163 1.08732 1.18418 0.900569 0.900471 1.3216 1.27277 0.908767 0.852718 0.811202 0.798786 0.77943 0.775126 0.656302 0.65443 0.644728 0.644466 0.605532 1.07353 0.722543 0.59609 0.588935 0.566517 0.564948 0.53912 0.529942 0.479481 0.427213 0.396735 0.395981 0.636094 0.386111 0.364528 0.867491 0.356793 0.398136 0.33852
threshold=1.5000000000000002 1.8339448912804424 2.5000000000000004 0 2.5711187412023864 1 1.1808596243264475 100.16666666666667 2.5000000000000004 1008.3650000000001 1.0000000180025095e-35 2 51.100000000000009 1.8170510014618211 4496.4800000000005 2501.0100000000007 4496.4800000000005 384.08500000000009 504.28500000000003 4168.3500000000013 3.2500000000000004 0.56723149268237882 5.5000000000000009 1.5073395405802359 3 299.97500000000008 2.3476822919308833 2.6212103748750959 2.5000000000000004 1653.4050000000004 2304.5650000000005 2645.4550000000004 135.50000000000003 1806.0150000000001 1543.1550000000002 540.74500000000012 2012.74 4 5279.9100000000008 896.83000000000015 467.64000000000004 684.05000000000007 77.833333333333357 83.250000000000014 1734.8500000000001 1.5005711896830933 1.8000327321946963 2012.74 509.73000000000008 1376.8900000000001 1205.9800000000002 2.0005092135181024 448.42500000000007 5 720.09500000000014 2341.2500000000005 992.0350000000002 83.250000000000014 44.446592385136675 992.0350000000002 720.80000000000018 32.055555555555564
decision_type=2 2 2 1 2 1 2 2 2 2 2 1 2 2 2 2 2 2 2 2 2 2 2 2 1 2 2 2 2 2 2 2 2 2 2 2 2 9 2 2 2 2 2 2 2 2 2 2 2 2 2 2 2 1 2 2 2 2 2 2 2 2
left_child=1 6 7 15 5 22 10 8 19 17 34 14 -4 46 -7 24 -11 47 -19 20 21 -2 48 57 25 -3 49 45 -25 30 37 -32 54 53 35 -1 -27 40 -17 -30 -8 -39 61 -44 -45 -28 -14 -6 -5 -9 -21 -13 -26 -29 -31 -56 -15 58 -10 60 -51 -12
right_child=2 3 12 4 9 11 29 26 23 16 42 51 13 56 -16 38 -18 18 -20 50 -22 -23 -24 28 52 36 27 33 39 32 31 -33 -34 -35 -36 -37 -38 41 -40 -41 -42 -43 43 44 -46 -47 -48 -49 -50 59 -52 -53 -54 -55 55 -57 -58 -59 -60 -61 -62 -63
leaf_value=-0.13476153460412874 2.7113656467569194 -3.0326761707852428 -2.1025891913910835 3.0769762307742043 2.8623730075806044 0.73576215591554794 -1.4926302888931915 0.59933282298078872 -1.7691309982464116 5.0926866530582373 -1.1736385212437199 -0.98711191376657803 -1.412198385678118 -0.51803407996441353 -0.97033638506401487 -0.38213484588783797 0.68707977322230185 5.6898240592240388 2.8592135995254462 -2.0957054255949523 3.4749196953544876 -0.70493783718171843 0.092527845690506899 -0.48281277537713446 2.660708357322163 3.649684031441371 0.033693675568925843 -0.075801678951332371 -1.969574794014652 -1.6992669856677609 2.6133408766208173 -0.052445094034860064 0.58095532611242573 0.56689943611636551 -0.75162511926282605 4.3310831223929096 1.1016106178890979 -1.1999707082555482 -2.6681924026931014 -1.3111343641779447 -0.22967228470097467 0.14470406332660665 0.7529420099310713 0.069225548426994271 -0.84589380351317089 2.3987923384644008 -0.73017056644065192 -0.78234052777761898 2.6655252219998431 -0.27080117360742406 -1.0513406656149884 0.066983171675233419 -1.6408242623799549 -2.0413329413310448 1.2268903880512712 -0.25586603789196405 1.2387294743133155 -0.50115562189883878 -0.052469119531444799 0.15853705469040735 -1.315192171092173 -1.3962287955092183
leaf_weight=72 23 29 1276 59 82 604 47 33 723 324 121 175 265 57 42 284 40 107 471 123 39 1025 55 347 20 76 24 24 152 47 32 25 20 29 22 46 499 56 41 58 65 414 39 55 123 41 91 59 321 29 31 60 94 22 38 172 33 88 26 20 64 338
leaf_count=72 23 29 1276 59 82 604 47 33 723 324 121 175 265 57 42 284 40 107 471 123 39 1025 55 347 20 76 24 24 152 47 32 25 20 29 22 46 499 56 41 58 65 414 39 55 123 41 91 59 321 29 31 60 94 22 38 172 33 88 26 20 64 338
internal_value=-0.00197683 0.00183987 -0.00623924 0.00380987 0.00522906 0.00291888 -0.00204611 -0.00414244 -0.00467684 0.00802256 -0.00433455 0.000657159 -0.00975362 -0.00662584 0.00211864 0.000437973 0.0118529 0.00597299 0.00709983 -0.00278336 -0.00209862 -0.00247383 0.00717076 -0.00631711 0.00176838 0.00271829 0.000605536 0.00384615 -0.00421875 0 0.00103193 0.008125 -0.00236607 0 0.000699301 0.00268595 0.00330882 0.000213675 -0.0023247 -0.00692488 -0.0032 0.00119048 -0.00544919 -0.00278409 -0.00455801 0.00863971 -0.00821727 0.000954861 0.00835509 -0.00218121 -0.00716561 -0.00309874 -0.00277778 -0.00459184 -0.00331731 -0.00199531 0 -0.00763393 -0.00806184 -0.00398707 -0.00533854 -0.00657468
internal_weight=9817 5174 4643 3442 2399 1316 1732 2921 2635 1083 816 881 1722 446 646 1043 364 719 578 1241 1087 1048 435 1394 718 604 286 140 557 916 639 57 277 75 140 118 575 582 325 210 112 470 676 217 178 65 356 141 380 146 154 235 114 46 257 210 90 837 749 113 93 459
internal_count=9817 5174 4643 3442 2399 1316 1732 2921 2635 1083 816 881 1722 446 646 1043 364 719 578 1241 1087 1048 435 1394 718 604 286 140 557 916 639 57 277 75 140 118 575 582 325 210 112 470 676 217 178 65 356 141 380 146 154 235 114 46 257 210 90 837 749 113 93 459
cat_boundaries=0 1 2 3 4 5 6
cat_threshold=1 8 1 1 8 1
is_linear=0
shrinkage=0.05


Tree=19
num_leaves=63
num_cat=8
split_feature=14 17 15 1 6 1 9 16 5 5 17 1 5 2 1 5 17 5 1 21 17 5 17 19 21 18 21 5 21 1 1 10 19 10 5 21 6 19 15 16 21 5 19 17 17 5 9 19 21 16 6 10 18 21 9 11 5 21 21 9 5 5
split_gain=59.334 14.5883 13.0444 6.51966 4.22507 3.69705 3.56851 3.31119 2.96586 2.3281 3.58944 2.33026 2.19191 2.11005 1.93833 1.89912 1.69526 2.59849 1.41478 1.39634 1.92637 1.38446 1.81556 1.20037 1.15906 1.80261 1.49749 2.04579 1.07899 1.04692 1.03847 1.46513 1.00902 0.939603 0.852301 0.818344 0.797318 0.770602 0.738362 0.704976 0.703925 0.700019 0.670367 0.650676 0.628137 0.626589 0.610304 0.574899 0.51585 0.511814 0.476159 0.613111 0.472254 0.423363 0.352396 0.408192 0.334375 0.326037 0.305109 0.301439 0.290325 0.577017
threshold=1.5000000000000002 1.3393655554446837 4.5000000000000009 0 4168.3500000000013 1 800.82500000000016 1.500002791455912 139.50000000000003 41.500000000000007 2.0005092135181024 2 294.50000000000006 3 4 314.50000000000006 2.4604815663851531 97.500000000000014 5 51.100000000000009 1.8823890850534772 319.50000000000006 1.2380606643439893 384.24499999999995 119.25000000000001 1.0799596962827021 1.5000000000000002 79.500000000000014 43.071428571428577 6 7 1343.4050000000004 3365.5000000000005 691.58500000000015 131.50000000000003 97.750000000000014 1376.8900000000001 464.33999999999997 1.5000000000000002 1.8000327321946963 129.75000000000003 249.50000000000003 1085.53 2.4242101293602736 1.1370975388874718 23.500000000000004 576.36500000000012 783.3649999999999 60.708333333333336 1.8655653644411851 1734.8500000000001 1079.3700000000001 0.54322563242461108 85.166666666666671 1343.3850000000004 1291.0750000000003 110.50000000000001 95.166666666666671 76.166666666666671 359.935 293.50000000000006 306.50000000000006
decision_type=2 2 2 9 2 9 2 2 2 2 2 9 2 1 9 2 2 2 9 2 2 2 2 2 2 2 2 2 2 9 9 2 2 2 2 2 2 2 2 2 2 2 2 2 2 2 2 2 2 2 2 2 2 2 2 2 2 2 2 2 2 2
left_child=1 14 5 6 9 53 13 24 29 45 15 -12 16 46 40 -11 48 -18 43 -4 39 35 28 -20 26 -26 27 -7 -23 32 42 -32 -9 -31 -28 36 -16 -24 -38 -21 50 -6 -15 -10 -37 47 56 -5 -8 -22 51 59 -14 -2 55 -55 -3 -30 -41 -1 -52 -62
right_child=2 3 19 4 41 7 12 8 18 10 11 -13 52 30 21 -17 17 -19 23 20 49 22 37 -25 25 -27 34 -29 57 33 31 -33 -34 -35 -36 44 38 -39 -40 58 -42 -43 -44 -45 -46 -47 -48 -49 -50 -51 60 -53 -54 54 -56 -57 -58 -59 -60 -61 61 -63
leaf_value=-0.98941393456931626 -1.4833631012928408 -1.4525877239449032 -2.0149597318215284 -1.7682673300069993 -1.906468040962993 -1.9005060649626451 1.255685630798955 0.32134394294136404 -1.9525705673722193 -0.14712237836832642 -0.15749030610994802 2.0715023097070815 4.7358134690635891 2.2364792309248211 0.57331717056863596 1.5657413951066843 2.1082273480756526 4.815721348726786 -0.070344076968931898 -1.2854473142097855 -0.94414714494001439 3.5108219094031643 0.42314973672734696 0.71873584648059685 -0.95284257061194 1.8772985595753982 -2.4689585166971315 -0.13420770896812401 -0.19809345428110525 0.69276675567987134 2.9156833121396186 -0.97563438665825053 -3.4331126954256121 -1.7713814131729231 -0.90130208253194022 0.81940905441881107 3.6769358768772196 4.9585583685102694 -0.9438707538951796 -0.95125407369036741 0.1476994516055484 0.01319938847933777 -0.11733651667147954 -0.00092887627251201374 -0.095840476882508352 -1.521035072753177 -0.97662711514019918 0.55835506657236567 -0.90652224353196831 1.2661602888587784 -1.6864991011885397 -1.2722342429359372 3.776220825926035 -0.072011595003765555 0.13649376119868109 -1.1414342994907116 2.5508732579387541 -0.79701962207814714 0.095401546538196949 0.22561721636846885 0.043585259024741779 -1.0637191287930363
leaf_weight=56 591 57 1243 21 120 124 177 101 50 711 226 1017 28 104 51 145 201 218 168 272 40 46 30 229 39 23 199 346 82 64 270 20 20 349 497 30 28 20 317 75 37 26 147 75 63 147 48 131 30 26 159 65 104 24 28 40 22 50 20 31 28 111
leaf_count=56 591 57 1243 21 120 124 177 101 50 711 226 1017 28 104 51 145 201 218 168 272 40 46 30 229 39 23 199 346 82 64 270 20 20 349 497 30 28 20 317 75 37 26 147 75 63 147 48 131 30 26 159 65 104 24 28 40 22 50 20 31 28 111
internal_value=-0.00202775 0.00164671 -0.00613162 0.00311477 0.00154478 -0.00410354 0.00582001 -0.00304745 -0.000944287 0.00207205 0.00267008 0.00438403 0.00824573 0.00305514 -0.0031483 0.000116414 0.0067965 0.00867891 0.00166667 -0.00967838 -0.00679472 -0.00131849 0.0017316 0.00314024 -0.00483347 0.00115385 -0.00519675 -0.00280127 -0.000414365 -0.00358473 0.00439982 0.00651815 0.000279851 -0.00472418 -0.00672389 -0.00287093 -0.00388471 0.00990566 -0.0047773 -0.00820946 -0.005575 -0.00654362 0.0015625 -0.00262681 0.000911458 -0.00194536 -0.00241071 0 0.00267857 0.000362319 -0.0062362 -0.00322581 0.0144444 -0.00738147 -0.00315789 -0.00522388 0 -0.00296296 -0.00344388 0 -0.00755814 -0.00484155
internal_weight=9817 5174 4643 3970 2544 2967 1426 2284 1056 2398 2099 1243 758 668 1204 856 626 419 522 1676 433 717 228 397 1228 62 1166 470 178 534 541 290 121 413 696 489 396 50 345 367 487 146 251 125 93 299 127 152 207 66 450 152 132 683 92 64 79 132 95 87 298 139
internal_count=9817 5174 4643 3970 2544 2967 1426 2284 1056 2398 2099 1243 758 668 1204 856 626 419 522 1676 433 717 228 397 1228 62 1166 470 178 534 541 290 121 413 696 489 396 50 345 367 487 146 251 125 93 299 127 152 207 66 450 152 132 683 92 64 79 132 95 87 298 139
cat_boundaries=0 2 4 6 7 9 11 13 15
cat_threshold=369968667 344232 2248180070 270385 2148536352 1053714 1089 2694205740 37888 790528 4608 4104 66050 67372058 16512
is_linear=0
shrinkage=0.05


Tree=20
num_leaves=63
num_cat=6
split_feature=14 17 22 5 21 2 5 17 19 22 17 9 7 19 0 17 17 19 10 18 16 18 19 11 0 5 7 5 16 5 17 18 0 19 21 19 21 7 17 2 19 17 21 16 9 5 19 10 7 7 18 7 19 11 10 5 2 21 10 5 7 16
split_gain=53.6517 13.0391 11.1836 6.90048 6.52857 4.2986 3.10253 4.421 3.16821 2.46212 2.28638 2.21736 2.00791 1.70571 2.06769 1.64471 1.55609 1.58298 2.26655 1.54338 1.52252 1.48239 1.36663 1.72099 1.35497 1.68518 1.31356 1.87855 1.20536 1.17227 1.15626 1.11492 2.23001 1.02412 1.05676 1.00062 0.979997 0.917734 1.13932 0.867097 0.769888 0.94704 0.769037 0.765152 0.746962 0.716967 0.704973 0.612695 0.610184 1.01989 0.733424 0.593173 0.587539 0.586838 1.32589 1.17487 0.752195 0.579461 0.578686 0.933888 0.567206 0.549258
threshold=1.5000000000000002 1.8339448912804424 1.4571067811865479 263.50000000000006 76.166666666666671 0 35.500000000000007 2.5711187412023864 852.06000000000006 19.429718383110288 1.1808596243264475 1.0000000180025095e-35 384.06999999999999 2506.2400000000002 1 2.0519917996896186 2.5454446704914346 1109.8300000000002 521.69000000000017 0.2777942711144698 1.500002791455912 0.75541985457764571 1478.78 1231.2300000000002 2 144.50000000000003 585.61000000000013 152.50000000000003 2.1158241827117537 314.50000000000006 1.6224626471023509 0.44611087747727624 3 734.71000000000004 68.875000000000014 1092.9550000000002 32.055555555555564 956.22500000000014 1.3695080438573242 4 1975.135 2.68808928221996 36.854166666666679 1.039431708451638 540.13000000000011 303.00000000000006 2305.9349999999999 490.92000000000002 567.10000000000014 495.7000000000001 0.30382373863500595 896.83000000000015 3784.0800000000004 684.05000000000007 732.61000000000013 287.50000000000006 5 68.166666666666671 902.83000000000004 79.500000000000014 653.32000000000005 1.1648158680356062
decision_type=2 2 2 2 2 1 2 2 2 2 2 2 2 2 1 2 2 2 2 2 2 2 2 2 1 2 2 2 2 2 2 2 1 2 2 2 2 2 2 1 2 2 2 2 2 2 2 2 2 2 2 2 2 2 2 2 1 2 2 2 2 2
left_child=1 10 5 6 9 13 31 24 21 57 11 -1 -5 14 26 -11 17 45 -19 -10 40 -9 23 44 25 -8 35 -28 42 53 60 52 -33 34 36 -2 -13 47 -39 -26 41 -7 -17 -32 -22 -14 -24 -31 49 -18 -50 -25 -3 -12 55 -55 -56 -4 59 -16 -6 -43
right_child=2 3 4 12 30 20 7 8 19 15 29 33 16 -15 58 28 48 18 -20 -21 22 -23 46 51 39 -27 27 -29 -30 37 43 32 -34 -35 -36 -37 -38 38 -40 -41 -42 61 -44 -45 -46 -47 -48 -49 50 -51 -52 -53 -54 54 56 -57 -58 -59 -60 -61 -62 -63
leaf_value=0.48458353704960688 0.15422711187557356 -0.79611865610644239 -1.8967117452304523 0.40075175455418877 -1.636271794707064 -0.71338259024378314 -1.1996039999623136 5.4905277509723724 0.40244446439912668 -1.4712660958163895 -1.338346394342933 -0.4178392155885533 1.5508302712152522 -2.0360491172253519 -2.1018672569034202 -1.8172404513805427 5.8111626809067083 5.3819994624532903 -0.23776599241694216 2.1499066330753576 0.14450114009290971 2.35080782449606 -0.90967658145147867 -0.47319496914090015 -1.7626617246188296 0.64627586658023406 -0.7449229447117558 1.1094768306068026 0.96267680508236697 1.9942363614423018 -1.4294579619991215 2.2707541574077452 -1.6843540284942744 -1.3061262836733065 -0.059390524620048527 -0.93582875763442819 -1.3485308143252341 -0.12978939751906679 3.8989356609115138 -0.0017902168772103268 -1.4571592236009054 0.83512251486132882 -0.45159533905863047 0.29393031671059688 1.9550553732655247 3.3015968312360773 0.48436671140830612 -0.062753882705097658 3.9613921372008947 -0.98845771687248607 7.0964719825975919 0.63258539392703605 -2.4796454373235832 0.034542966077724203 0.024286273586901077 3.0331841147137517 -0.56619016644482589 -0.97413643223057655 -2.5044737962002546 0.011638842278054186 -0.075700701840648685 -0.19438827908199699
leaf_weight=140 88 297 1311 122 64 167 89 182 515 545 58 51 135 233 73 81 28 22 105 622 22 105 58 82 116 491 216 63 34 33 22 77 38 225 213 290 187 20 25 103 82 77 129 181 73 172 51 122 32 22 130 69 39 71 254 26 307 42 345 82 22 141
leaf_count=140 88 297 1311 122 64 167 89 182 515 545 58 51 135 233 73 81 28 22 105 622 22 105 58 82 116 491 216 63 34 33 22 77 38 225 213 290 187 20 25 103 82 77 129 181 73 172 51 122 32 22 130 69 39 71 254 26 307 42 345 82 22 141
internal_value=-0.00207867 0.00141491 -0.00598095 0.00320029 -0.00833505 -0.00336343 0.00197049 0.00274596 0.00441486 -0.00928904 -0.00210375 -0.0040293 0.007393 -0.00504277 -0.00419181 -0.00683396 0.0085131 0.00646453 0.00125 0.00314693 -0.000389222 0.00918103 0.00199022 0.00411647 -0.000171446 0.00102916 -0.00221591 0.000221631 -0.00303644 -0.000326442 -0.00107021 -0.00173458 0.00222458 -0.00522828 -0.00360683 -0.00413386 -0.00591286 0.00295567 0.00911458 -0.0035473 -0.00231383 -0.00119201 -0.00457746 0.000788835 0.00931122 0.00842742 -0.00234375 0.000712025 0.0123256 0.00518868 0.0140909 0.000405844 -0.00324484 -0.00132128 -0.000794251 0.004375 -0.00179521 -0.0106656 -0.00666004 -0.0034019 -0.00589888 0.000791855
internal_weight=9817 5174 4643 3442 2431 2212 2674 2223 1424 2142 1732 816 768 1390 1157 789 646 434 127 1137 822 287 355 246 799 580 657 279 244 916 289 451 115 676 451 378 238 200 45 219 467 385 210 203 95 307 109 155 212 50 162 151 336 716 658 97 561 1353 500 155 86 218
internal_count=9817 5174 4643 3442 2431 2212 2674 2223 1424 2142 1732 816 768 1390 1157 789 646 434 127 1137 822 287 355 246 799 580 657 279 244 916 289 451 115 676 451 378 238 200 45 219 467 385 210 203 95 307 109 155 212 50 162 151 336 716 658 97 561 1353 500 155 86 218
cat_boundaries=0 1 2 3 4 5 6
cat_threshold=369 1 1 1 320 2688
is_linear=0
shrinkage=0.05


Tree=21
num_leaves=63
num_cat=8
split_feature=15 14 21 17 5 2 1 19 8 1 20 17 1 20 1 2 1 20 20 17 8 7 1 16 16 5 16 20 5 17 22 20 17 7 11 5 9 19 20 19 8 19 21 20 6 5 8 21 11 8 17 19 21 8 17 17 15 20 11 9 9 19
split_gain=50.3915 15.9522 6.87951 6.64259 7.08878 5.08451 4.18068 4.01052 3.66168 3.50539 3.09432 3.04458 3.04169 2.84534 2.48988 2.14213 1.94886 1.94077 1.6475 1.6026 1.52878 1.46112 1.44595 2.24293 1.33056 1.28127 1.19492 1.128 1.05751 1.05077 0.991579 0.98891 1.80602 0.960535 1.25612 0.945409 0.861979 1.08724 0.847332 0.842256 0.824697 0.825038 0.82085 0.843911 0.810476 0.776305 0.7617 0.752967 0.955879 1.09131 0.740012 0.66737 0.780702 0.648373 0.608765 0.586281 0.543156 0.538375 0.530787 0.493868 0.447861 0.440852
threshold=3.5000000000000004 1.5000000000000002 51.100000000000009 1.8339448912804424 263.50000000000006 0 1 1930.9350000000002 803.86000000000001 2 69.500000000000014 2.1818112838916384 3 249.50000000000003 4 5 6 142.50000000000003 208.50000000000003 2.0800148517882424 650.16500000000008 330.67500000000007 7 2.4827640320455515 1.9094172393985736 351.50000000000006 1.5001245035230109 12.500000000000002 63.500000000000007 2.4416112807666703 18.399269639764249 77.500000000000014 1.2380606643439893 753.71000000000015 1645.4100000000001 258.50000000000006 1486.7700000000002 1507.075 71.500000000000014 1930.9350000000002 1033.3750000000002 548.80500000000006 70.750000000000014 117.50000000000001 4168.3500000000013 315.50000000000006 2059.6050000000005 100.16666666666667 1645.4100000000001 467.54500000000007 1.2767319926673388 1051.9649999999999 40.845238095238102 345.56 1.6472063874657727 1.3510858111469746 6.5000000000000009 113.50000000000001 2368.3000000000006 1060.6750000000002 1856.1050000000002 1.0000000180025095e-35
decision_type=2 2 2 2 2 1 9 2 2 9 2 2 9 2 9 1 9 2 2 2 2 2 9 2 2 2 2 2 2 2 2 2 2 2 2 2 2 2 2 2 2 2 2 2 2 2 2 2 2 2 2 2 2 2 2 2 2 2 2 2 2 2
left_child=1 3 17 16 6 10 8 11 20 15 22 -8 13 29 24 26 18 30 33 42 -5 -14 53 39 51 -23 58 -16 -25 -6 -2 59 -33 34 -1 -35 37 -26 -12 -24 41 -29 -11 61 -9 -21 -10 48 49 -18 -49 52 -7 -3 57 -52 -32 -17 -4 -28 -60 -44
right_child=2 5 9 4 12 14 7 44 46 19 38 -13 21 -15 27 54 47 -19 -20 45 -22 25 23 28 36 -27 31 40 -30 -31 56 32 -34 35 -36 -37 -38 -39 -40 -41 -42 -43 43 -45 -46 -47 -48 50 -50 -51 55 -53 -54 -55 -56 -57 -58 -59 60 -61 -62 -63
leaf_value=0.12906235481667921 -1.9360837605914349 -1.4139928134448785 0.92634331612540943 1.3225207393511895 -0.25314778807166505 1.0865916504494109 -0.26903358403285899 -0.2936670770855635 3.3385286857128103 -1.4662705552230273 1.3023420838171433 1.3076257113051952 0.30175422878279368 4.2520422212621742 1.3717643810297337 -1.1652857464893864 -0.82260284191012956 0.46941166881624175 4.4797859071205668 -0.83638710004046823 -1.1079530502866752 4.0498445201761317 -1.1822754324114115 -0.7560685324326365 1.8573026046022478 1.3510481974482176 0.31249751061999337 0.12426519504931265 0.55818003135338334 4.1308555345140947 -1.3091998734038275 0.29792721979274328 2.8893702001685071 -0.15000503267964937 -0.81591914174466362 0.83734013055529211 -0.0080560097740246302 0.10485037959467292 -0.14269587376954504 -2.1712761399291671 -1.1941829611711883 -0.74264742160289932 -0.35304885842856565 0.044974296706744715 -1.6839375234387459 1.0456049774869194 1.8993380653607081 -0.50609200529610943 -1.1092816882014866 1.4514444953905661 0.50421523176151839 -0.43392003948717978 0.013718966867100592 -2.0581930748948269 -0.31309128176512274 -0.068985746527337716 -1.7124215930524187 -0.32745947549730769 -1.0791898968190203 -0.82120499542119685 0.0091500514014533959 -1.184560633584067
leaf_weight=181 1108 46 38 205 183 61 462 312 295 375 38 1189 43 47 36 82 298 27 36 87 51 362 416 111 45 32 20 120 70 98 358 44 24 34 99 40 21 24 203 136 62 225 145 32 134 26 26 95 246 75 72 118 100 397 76 67 235 20 46 36 24 103
leaf_count=181 1108 46 38 205 183 61 462 312 295 375 38 1189 43 47 36 82 298 27 36 87 51 362 416 111 45 32 20 120 70 98 358 44 24 34 99 40 21 24 203 136 62 225 145 32 134 26 26 95 246 75 72 118 100 397 76 67 235 20 46 36 24 103
internal_value=-0.00203284 0.000283844 -0.00755414 0.00194771 0.00308324 -0.0031866 0.00183975 0.00075237 0.00557203 -0.00450889 -0.00497378 0.00191203 0.00734049 0.00307918 0 -0.000531915 -0.00115369 -0.00958983 0.00167494 -0.00646607 0.000965251 0.0100833 -0.00606446 -0.0043063 0.00297775 0.011272 0.00244898 -0.00249452 0.000203804 0.00101232 -0.00980781 0.00590551 0.00985915 0.000490196 -0.000706714 0.00551948 0.00833333 0.0109375 0 -0.00594595 -0.00338415 -0.00219109 -0.0075038 -0.004947 -0.00339644 -0.000538793 0.00922068 -0.00249711 -0.0034365 -0.00162899 0 0.00110816 0.00327744 -0.00852522 -0.00458115 0.0022007 -0.00773909 -0.00738095 -0.000900901 0 -0.00376712 -0.0059761
internal_weight=9817 6911 2906 4682 3439 2229 2674 2097 577 1178 1417 1651 765 328 812 410 1243 1728 390 768 256 437 1176 733 369 394 232 443 181 281 1701 124 68 354 280 74 90 69 241 552 407 345 655 280 446 113 321 853 619 373 234 279 161 443 178 139 593 102 108 56 70 248
internal_count=9817 6911 2906 4682 3439 2229 2674 2097 577 1178 1417 1651 765 328 812 410 1243 1728 390 768 256 437 1176 733 369 394 232 443 181 281 1701 124 68 354 280 74 90 69 241 552 407 345 655 280 446 113 321 853 619 373 234 279 161 443 178 139 593 102 108 56 70 248
cat_boundaries=0 1 3 5 7 9 10 12 14
cat_threshold=369 271074321 16544 655832 82560 2684387512 4112 553648257 102544 524 2148303370 33427 2181595361 295056
is_linear=0
shrinkage=0.05


Tree=22
num_leaves=63
num_cat=13
split_feature=22 20 20 2 21 2 19 1 1 0 1 17 1 19 20 1 20 2 21 1 19 8 20 17 19 8 22 19 18 8 10 8 17 0 19 10 20 17 10 23 7 20 17 17 17 17 17 18 22 1 18 8 20 7 19 19 18 18 10 20 18 1
split_gain=46.7286 9.3758 13.3731 8.76255 8.1346 7.25331 4.15024 4.23846 3.46918 3.09396 2.85675 2.7509 2.66484 2.82716 2.64173 1.92787 1.81482 1.80312 1.69822 1.79147 1.43258 1.26874 1.18079 1.10356 1.09471 1.07639 1.06615 0.941392 0.853094 0.843706 1.04337 0.826418 0.785559 0.754153 1.57623 0.74798 0.681615 0.683689 0.922872 0.663786 0.667401 0.632279 0.626329 0.589431 0.584356 0.79715 1.0865 0.563899 0.532467 0.50194 0.438065 0.36305 0.630909 0.327356 0.327282 1.2621 1.25405 0.323006 0.313553 0.301391 0.684172 0.293238
threshold=1.0000000180025095e-35 189.50000000000003 8.5000000000000018 0 51.100000000000009 1 1501.1350000000002 2 3 4 5 1.9405556833754016 6 1671.9950000000001 249.50000000000003 7 142.50000000000003 8 3.2500000000000004 9 1251.2750000000003 1037.4850000000004 56.500000000000007 1.9881721211988592 743.86500000000012 1079.5350000000001 18.399269639764249 3876.360000000001 1.2963042930656019 1295.9600000000003 3249.6250000000005 791.47000000000014 1.6472063874657727 10 1300.0700000000002 558.21000000000015 133.50000000000003 1.3203125892197585 1114.6100000000004 3.5000000000000004 1008.6350000000001 129.50000000000003 1.9042861959851798 2.364118332926775 1.5807817248226534 1.0912034495426417 4.0016673625130853e-05 0.49722857341356635 85.884493519210125 11 0.82429541559132768 500.1450000000001 53.500000000000007 1229.6900000000003 1118.6250000000002 1957.3150000000003 0.59764791400773232 0.49581893914858405 2161.3250000000003 92.500000000000014 1.0612504152368689 12
decision_type=2 2 2 1 2 1 2 9 9 1 9 2 9 2 2 9 2 1 2 9 2 2 2 2 2 2 2 2 2 2 2 2 2 1 2 2 2 2 2 2 2 2 2 2 2 2 2 2 2 9 2 2 2 2 2 2 2 2 2 2 2 9
left_child=1 2 3 12 16 18 7 49 20 -9 17 44 33 50 28 23 26 36 19 22 35 24 -4 -8 -10 48 -2 -15 54 30 42 -21 59 34 -1 -5 37 -6 -39 40 -28 -17 -27 -16 45 46 -3 -46 61 -7 -14 -34 -53 -20 56 -56 -13 -47 -23 -19 -61 -12
right_child=4 11 5 8 10 6 15 9 21 -11 25 14 13 27 43 41 -18 32 53 31 -22 58 -24 -25 -26 29 39 -29 -30 -31 -32 -33 51 -35 -36 -37 -38 38 -40 -41 -42 -43 -44 -45 47 57 -48 -49 -50 -51 -52 52 -54 -55 55 -57 -58 -59 -60 60 -62 -63
leaf_value=1.0391163083088581 -1.8488038402923359 3.801058678176338 -1.9221353277834057 -2.1149645699552937 -0.27592265801194532 -0.34719497072474326 -0.49180681312466029 0.45568911426787939 8.6868116211354192 -0.23210939914069614 -1.5657843803606037 6.2912193080855836 2.0103161434626573 -0.021767945325858663 4.5029507224445791 -0.90121532495983281 0.34771503679943233 -1.5263353203035153 -2.2910430686365597 -0.94963363276100243 -0.45813815785814715 4.4250415283406808 -0.51697506598521448 0.95373515985853885 3.1398321648094587 -0.114814726829853 -1.4253793887981858 -2.5434342110189316 -0.64503257331515662 -0.64854608649967505 -0.92563059021104666 0.43206356768168352 -0.56520165017207646 -1.8022496278115743 -1.1379113131843706 1.9142493640609972 1.7245314233680304 0.74139346410744977 0.0491901235026031 -1.5852707260074141 0.021339442159586497 -0.22026401618263025 1.5851495884683988 8.5524837319099873 -0.59622747390216524 0.76819783281872667 -1.4638742036200716 1.8935792122693202 -0.0024075780619643439 -0.60472151675824615 -0.46313992948562305 1.3452192497949067 -1.7310529072331491 -2.5183113416672307 -0.35282342188377669 3.2588402948168707 1.6444955102442096 1.5207372090429274 2.8972277571530665 -1.0387052834059944 0.47028527774118722 -0.83329390511502055
leaf_weight=124 1109 24 313 20 70 273 32 1068 49 619 238 38 312 280 83 476 28 55 238 213 115 211 236 69 430 22 207 40 20 78 35 111 28 64 262 101 20 31 114 353 41 142 20 25 34 24 38 61 22 342 23 30 22 20 55 23 120 51 23 21 24 447
leaf_count=124 1109 24 313 20 70 273 32 1068 49 619 238 38 312 280 83 476 28 55 238 213 115 211 236 69 430 22 207 40 20 78 35 111 28 64 262 101 20 31 114 353 41 142 20 25 34 24 38 61 22 342 23 30 22 20 55 23 120 51 23 21 24 447
internal_value=-0.00200738 0.00028288 -0.000285875 0.00300194 -0.00718605 -0.00192539 -0.000613876 0.000401302 0.00648389 0.00171324 -0.00407227 0.00626043 -1.11807e-05 0.00196482 0.00899183 -0.00393006 -0.00943423 -0.000438084 -0.00532124 -0.00418094 0.000803213 0.00824725 -0.00589413 0.00208333 0.0065612 -0.00568571 -0.00964682 -0.00123839 0.00579151 -0.00150316 0.00171875 -0.000890208 -0.00414508 -0.00296976 -0.00199229 0.0047379 0.00226815 0.00120413 0.00329392 -0.00755381 -0.00498008 -0.00495246 0.00722222 0.0157658 0.00170213 0.00383929 0 -0.000892857 -0.00660211 -0.00308519 0.0052145 0 0.00181818 -0.00909962 0.00669456 0.00277778 0.00822981 0.00721154 0.0117089 -0.00728155 -0.00234375 -0.00684956
internal_weight=9817 6802 6206 2054 3015 4152 3021 2302 949 1687 1277 596 1105 655 364 719 1738 415 1131 873 236 713 549 101 479 862 1710 320 256 155 77 324 180 450 386 121 235 215 145 601 248 618 42 108 232 137 62 95 707 615 335 80 52 258 236 78 158 75 234 100 45 685
internal_count=9817 6802 6206 2054 3015 4152 3021 2302 949 1687 1277 596 1105 655 364 719 1738 415 1131 873 236 713 549 101 479 862 1710 320 256 155 77 324 180 450 386 121 235 215 145 601 248 618 42 108 232 137 62 95 707 615 335 80 52 258 236 78 158 75 234 100 45 685
cat_boundaries=0 1 2 4 6 7 9 11 13 14 16 17 19 21
cat_threshold=49 113 2156176228 1356842 2147488968 69633 1 131544 18048 2149187820 38033 65 344064 524 2717941985 295554 1 2156134912 4098 2164264964 36881
is_linear=0
shrinkage=0.05


Tree=23
num_leaves=63
num_cat=2
split_feature=14 15 17 5 21 15 5 6 7 5 21 17 5 0 8 17 17 17 19 5 10 9 6 21 19 5 21 17 9 19 7 21 17 9 17 10 7 7 17 11 11 19 19 8 7 11 5 5 17 19 17 5 21 19 6 11 11 17 7 8 0 11
split_gain=45.4239 11.4371 10.2882 6.92708 3.17611 3.40687 4.22396 3.03323 2.73796 2.4535 2.33591 2.1329 3.55255 2.09451 2.00109 1.77882 1.61357 1.60201 2.03744 1.58762 1.55582 1.23681 1.20704 1.1878 1.12538 1.10666 1.03046 1.02926 0.908294 0.906832 1.81117 0.8506 0.82967 1.2541 1.25062 1.09354 0.767546 1.06258 0.762044 0.733007 0.778571 0.718463 1.5396 0.670149 0.650706 0.634901 0.633488 0.597537 0.96232 0.576885 0.662138 0.573889 0.559359 0.662313 0.867867 0.590894 0.745503 0.559063 0.524011 0.515127 0.495726 0.450449
threshold=1.5000000000000002 4.5000000000000009 1.8339448912804424 263.50000000000006 97.750000000000014 2.5000000000000004 79.500000000000014 4168.3500000000013 964.72000000000014 131.50000000000003 51.100000000000009 2.12494517677538 152.50000000000003 0 342.00500000000005 1.1808596243264475 1.8577669873990723 2.5257948575450815 1118.6250000000002 331.50000000000006 766.19000000000017 1.0000000180025095e-35 2012.74 199.50000000000003 734.71000000000004 287.50000000000006 68.875000000000014 2.7949978687973904 248.03500000000005 1196.2950000000003 171.82000000000002 36.071428571428577 1.6000008328238073 864.3950000000001 2.6360802932271512 1404.4600000000003 180.20500000000004 941.92000000000007 1.9566502395258383 1543.1550000000002 842.5150000000001 1041.6600000000001 1478.78 410.18000000000006 534.80500000000018 1191.9450000000004 168.50000000000003 336.50000000000006 1.4200626762779656 431.58999999999997 1.2507426137392639 303.00000000000006 101.25000000000001 1085.53 1376.8900000000001 1800.7800000000002 684.05000000000007 1.0441898763171058 1325.6450000000002 1280.9650000000004 1 1440.8850000000004
decision_type=2 2 2 2 2 2 2 2 2 2 2 2 2 1 2 2 2 2 2 2 2 2 2 2 2 2 2 2 2 2 2 2 2 2 2 2 2 2 2 2 2 2 2 2 2 2 2 2 2 2 2 2 2 2 2 2 2 2 2 2 1 2
left_child=2 4 15 7 5 6 36 8 11 -7 47 38 -13 22 28 21 58 18 51 -18 -20 39 -10 32 26 52 31 43 -5 30 -8 -23 -6 34 -34 -35 -2 -38 -4 40 -1 49 -43 -11 -31 60 -29 -3 -49 50 -27 -16 55 54 -54 56 -17 -28 -12 -47 -19 -51
right_child=1 10 3 14 23 9 29 -9 13 27 16 12 -14 -15 17 25 19 45 20 -21 -22 24 -24 -25 -26 41 57 46 -30 44 -32 -33 33 35 -36 -37 37 -39 -40 -41 -42 42 -44 -45 -46 59 -48 48 -50 61 -52 -53 53 -55 -56 -57 -58 -59 -60 -61 -62 -63
leaf_value=-0.10384328306011348 -0.34124378318514204 -1.7081762503850584 0.28669344218476062 0.85143455313489869 -1.5600972404440119 -2.1499874641457737 9.4599206544478047 -1.1378678579519659 6.1178181336152049 -1.0007993618406685 -0.91153918780399223 0.064864203147410399 2.2426910216363765 -1.6049647118566086 1.2224822253043173 -1.5587651217441305 -0.98817141486200333 4.5499634690657178 2.4209355216328916 1.2772619928445323 -0.49802574545384176 -0.82471600035574832 1.5792105225313102 1.5979714747885467 -1.1844765245004141 2.7721041984449659 -0.27952851840438414 -0.71664987742074837 -0.9850772535731096 -0.97094110531938194 0.033420085819478022 -1.292150740100398 1.1995295833737118 -0.8509954171072428 -0.64440959523001595 0.085564230632718008 -1.651507760817901 -0.3922771092453774 -0.42067433458530989 -0.69431132517185401 4.7364982068626302 3.9097316698166438 -0.032265919486989959 -0.56554324381623877 0.042374515518936562 5.9721748223473314 0.095104175119159251 -1.563272731913512 0.30352572744492101 -0.91497626383011732 0.092180675005415227 2.8521974130754515 -1.9942253017762004 -1.7761418731241307 1.6317858758649184 -0.78099411218065962 0.0033301062658381399 0.14712149179499187 -0.28579525569562353 7.3914718543311215 2.0716639387054103 -0.0087972462981980477
leaf_weight=86 60 1129 80 20 27 441 25 183 42 224 339 910 356 71 147 34 50 114 59 21 81 65 691 27 225 21 159 109 44 207 408 173 62 58 28 110 312 72 341 22 32 38 46 508 157 45 132 90 24 38 176 182 20 21 44 188 244 54 23 40 36 46
leaf_count=86 60 1129 80 20 27 441 25 183 42 224 339 910 356 71 147 34 50 114 59 21 81 65 691 27 225 21 159 109 44 207 408 173 62 58 28 110 312 72 341 22 32 38 46 508 157 45 132 90 24 38 176 182 20 21 44 188 244 54 23 40 36 46
internal_value=-0.00199211 -0.00558276 0.00122175 0.00280842 -0.00368266 -0.00424661 -0.00226085 0.00157826 0.00204992 -0.00594566 -0.00890411 0.000865385 0.00191095 0.00446097 0.00700389 -0.00190202 -0.00541858 0.00777935 0.00579979 0.000844595 0.00034965 -0.00360195 0.00528193 0.000952381 -0.0044919 -0.000326442 -0.0028359 -0.00441855 -0.000746269 -1.5625e-05 0.00146216 -0.00508299 0 0.000862069 0.00564516 -0.00146199 -0.00615213 -0.00697674 -0.00215212 0.00034965 0.00227273 0.00173234 0.00574713 -0.00537415 -0.00190736 0.0113971 -0.00128074 -0.0100622 -0.00534188 0.000308099 0.0019375 0.00794428 -0.00178249 0.0015625 0.00447761 -0.00250533 -0.000800712 -5.78704e-05 -0.00678082 0.015767 0.00833333 -0.00287356
internal_weight=9817 4643 5174 3442 2967 2655 1241 2674 2491 1414 1676 1687 1266 804 768 1732 433 704 469 71 140 816 733 312 676 916 451 973 64 797 433 238 285 258 90 168 444 384 421 140 118 365 84 732 364 235 241 1243 114 281 197 329 551 85 64 466 278 213 362 85 150 84
internal_count=9817 4643 5174 3442 2967 2655 1241 2674 2491 1414 1676 1687 1266 804 768 1732 433 704 469 71 140 816 733 312 676 916 451 973 64 797 433 238 285 258 90 168 444 384 421 140 118 365 84 732 364 235 241 1243 114 281 197 329 551 85 64 466 278 213 362 85 150 84
cat_boundaries=0 1 2
cat_threshold=1 1
is_linear=0
shrinkage=0.05


Tree=24
num_leaves=63
num_cat=7
split_feature=14 15 21 1 5 1 9 20 5 20 1 5 7 16 6 1 1 7 20 2 20 20 1 21 19 19 18 16 15 21 5 19 18 20 6 7 5 5 21 20 19 19 7 16 18 21 11 7 7 21 20 19 21 16 9 11 9 11 11 5 11 7
split_gain=42.934 11.4568 7.60015 6.07278 4.39919 4.05291 3.11693 3.10275 2.97314 3.79644 2.85492 2.60148 2.46365 2.36206 2.30428 2.30113 2.28976 2.90546 1.848 3.46641 1.91957 1.80803 1.72538 1.6863 1.65429 1.62834 1.53623 1.34603 1.2873 1.24834 1.21408 1.21096 1.20935 1.16976 1.11267 1.50114 1.16652 1.07794 1.05841 1.05256 0.991762 0.989613 0.978401 0.955856 0.881812 0.969593 0.726047 0.725465 0.709795 0.663893 0.604803 0.601113 0.575562 0.563783 0.553249 0.503918 0.915556 0.485266 0.479054 0.453033 0.442887 1.39613
threshold=1.5000000000000002 4.5000000000000009 9.3000000000000025 0 259.50000000000006 1 287.80000000000007 246.50000000000003 139.50000000000003 69.500000000000014 2 335.50000000000006 1080.0050000000003 1.500002791455912 2012.74 3 4 890.91500000000008 89.500000000000014 5 108.50000000000001 134.50000000000003 6 68.166666666666671 1109.8300000000002 2692.5950000000003 0.43618877973298792 2.3332942579795986 2.5000000000000004 27.055555555555561 215.50000000000003 2066.5100000000007 0.46262947062204557 151.50000000000003 1376.8900000000001 578.09000000000015 272.50000000000006 54.500000000000007 79.166666666666671 13.500000000000002 186.64500000000007 743.86500000000012 503.90500000000003 1.8512136317848304 1.0734238367699453 78.166666666666671 1743.2350000000004 1078.9200000000003 992.0350000000002 119.25000000000001 73.500000000000014 2416.23 126.25000000000001 1.4999776066938939 474.03500000000008 1371.3100000000002 848.73000000000013 633.33500000000015 1087.3550000000002 252.50000000000003 2114.7600000000002 728.57500000000016
decision_type=2 2 2 9 2 9 2 2 2 2 9 2 2 2 2 9 9 2 2 1 2 2 9 2 2 2 2 2 2 2 2 2 2 2 2 2 2 2 2 2 2 2 2 2 2 2 2 2 2 2 2 2 2 2 2 2 2 2 2 2 2 2
left_child=2 5 3 6 18 39 -1 22 9 15 23 27 43 29 -11 53 42 -18 19 26 48 40 25 33 60 -8 -5 38 -17 31 -22 -10 51 -4 36 46 -25 -24 -3 -2 44 -21 -15 -13 45 -12 -36 -29 -20 -31 -16 -26 55 -7 -41 -23 -57 -42 -9 -37 61 -6
right_child=1 11 10 4 24 8 7 58 13 14 21 12 -14 16 50 28 17 -19 20 41 30 52 37 34 32 -27 -28 47 -30 49 -32 -33 -34 -35 35 59 -38 -39 -40 54 57 -43 -44 -45 -46 -47 -48 -49 -50 -51 -52 -53 -54 -55 -56 56 -58 -59 -60 -61 -62 -63
leaf_value=-1.6332420708139381 -0.0099434492378286179 -1.4966010828413425 -0.81126382154061261 -0.046306922750490288 2.2752948544760385 -1.8137586372666448 0.71684708168807709 2.0687556618409575 1.0439375156779906 1.9022043471689676 -1.046023846557653 -1.3372021147538853 0.98163510170900281 0.00027412958290806699 0.57349495203948497 -1.22383595444715 -0.50705263251306454 0.89026957071566371 -1.8265348538437907 12.675551159853853 1.2651927771565292 0.75853891558054021 -1.6040489417534989 0.046738957150459726 4.8096525001537289 -1.3016558199768173 3.0425842112747237 -1.1238679737249271 -1.9413529324716057 -0.67880271506548273 -0.25307641986445617 -1.0352927148660265 -0.39346120542345098 0.57775515228030372 0.013006657787303767 -1.1676427744198137 2.1666736711519734 -0.10077239972352246 -0.10329201895570286 -0.39826341178218955 -0.49660337201910071 3.0340960426889638 1.6425931829849221 0.16295956034123105 -0.77327720253224408 1.938372551468686 -0.98122262060438037 0.91546510768661415 1.4422779868952984 0.0080908488122961586 -0.49931315395069692 1.4847815222849805 0.83168556958773654 0.87838275490922768 -1.4178669854566033 -0.73990119526855347 0.089734831157841921 -1.2910749502742993 3.7531684628116211 0.56349366661078837 1.7255775348058435 5.6354001040528718
leaf_weight=177 36 1282 175 386 117 25 833 21 118 62 26 183 33 34 31 580 342 122 105 54 236 37 139 41 127 99 181 94 355 513 111 31 46 51 114 21 49 591 23 22 21 282 80 34 207 34 61 27 30 68 95 49 22 76 377 96 51 246 47 138 88 65
leaf_count=177 36 1282 175 386 117 25 833 21 118 62 26 183 33 34 31 580 342 122 105 54 236 37 139 41 127 99 181 94 355 513 111 31 46 51 114 21 49 591 23 22 21 282 80 34 207 34 61 27 30 68 95 49 22 76 377 96 51 246 47 138 88 65
internal_value=-0.00194119 -0.00543209 0.00118312 0.00235015 0.00435847 -0.00353114 0.00031901 0.000995384 -0.00269155 -0.00448248 -0.00195621 -0.00875521 -0.00365613 -0.000991609 0.00183246 -0.00567854 0.00133391 -0.000209644 0.00287284 0.00420806 0.000257732 -0.00405046 0.000525526 0.000414781 0.00848485 0.00195767 0.00157328 -0.00960462 -0.00642141 -0.00289905 0.00232143 0.000904605 0.00477778 -0.0029476 0.00234192 0.000816024 0.00725806 -0.00124495 -0.0101013 -0.00800781 -0.00563315 0.00816619 0.00728346 -0.00573864 -0.00310185 0.0015873 -0.00217697 -0.00372984 -0.00461957 -0.00395976 -0.00174419 0.00670391 0 0.00120614 -0.00892413 -0.00106952 -0.00258333 -0.00791667 0.0112676 0.00439815 0.0112637 0.0131081
internal_weight=9817 4643 5174 3784 1877 2967 1907 1730 2532 1224 1390 1676 250 1308 188 1036 578 464 1385 903 482 740 1662 650 492 932 567 1426 935 730 347 149 222 226 424 334 90 730 1305 435 534 336 114 217 267 60 175 121 135 581 126 176 206 101 399 184 147 267 68 159 270 182
internal_count=9817 4643 5174 3784 1877 2967 1907 1730 2532 1224 1390 1676 250 1308 188 1036 578 464 1385 903 482 740 1662 650 492 932 567 1426 935 730 347 149 222 226 424 334 90 730 1305 435 534 336 114 217 267 60 175 121 135 581 126 176 206 101 399 184 147 267 68 159 270 182
cat_boundaries=0 2 4 6 8 10 11 13
cat_threshold=2836574916 1061906 100696418 8241 68850368 332466 152080 65536 129 49152 561 553820676 16
is_linear=0
shrinkage=0.05


Tree=25
num_leaves=63
num_cat=10
split_feature=16 23 17 2 6 1 1 20 20 2 20 21 17 9 7 20 16 7 2 18 6 20 7 2 21 21 20 16 2 2 9 19 17 17 9 18 23 18 16 20 16 17 17 17 18 7 18 20 17 22 22 1 6 20 17 21 20 20 18 19 17 2
split_gain=40.8077 10.4665 10.0384 6.09527 5.28424 5.71416 3.31738 2.84878 3.64551 3.26155 2.45987 2.15914 2.14738 2.18368 1.86873 1.83235 1.81083 1.61448 1.54673 1.45435 1.4409 1.38852 1.3815 1.40016 1.3523 1.83392 1.12761 1.09834 0.996331 0.895857 0.997515 0.760676 0.745366 0.721584 0.769548 0.865556 0.693386 0.923911 0.679277 0.887717 0.652871 0.65255 0.609612 0.76137 0.583752 0.571759 0.565046 0.564262 0.483478 0.432321 0.500844 0.415536 0.452311 0.400231 0.378181 0.360408 0.339618 1.00516 0.574924 0.306584 0.345033 0.303538
threshold=2.3332942579795986 2.5000000000000004 1.3333848876237324 0 4168.3500000000013 1 2 7.5000000000000009 146.50000000000003 3 49.500000000000007 40.535714285714292 1.9505997575681893 384.08500000000009 992.0350000000002 112.50000000000001 1.5649156693950383 -241.43499999999997 4 0.64203018196118389 4496.4800000000005 245.50000000000003 593.74000000000012 5 108.25000000000001 1.5000000000000002 69.500000000000014 0.68411071911225052 6 7 964.48500000000013 3784.0800000000004 0.90189941367455295 1.5990187003777356 848.73000000000013 0.79578922607522184 3.5000000000000004 1.5508047248911443 1.8750787600542067 45.500000000000007 1.9461775608106733 1.4844377585898147 1.2308454590991635 1.3203125892197585 1.1404602540573612 719.68500000000017 1.1404602540573612 143.50000000000003 2.8963066425089967 31.82216200143019 23.733757794774647 8 3372.3600000000001 159.50000000000003 0.59781737275848879 70.750000000000014 259.50000000000006 40.500000000000007 0.74378126237000275 3449.3450000000007 2.7949978687973904 9
decision_type=2 2 2 1 2 9 9 2 2 1 2 2 2 2 2 2 2 2 1 2 2 2 2 1 2 2 2 2 1 1 2 2 2 2 2 2 2 2 2 2 2 2 2 2 2 2 2 2 2 2 2 9 2 2 2 2 2 2 2 2 2 1
left_child=1 6 15 12 5 21 27 9 -9 -7 14 -3 33 53 17 36 24 -8 -19 42 46 28 -13 45 25 -12 -26 -1 -5 30 -18 59 47 34 35 -4 37 54 61 -40 -31 -36 -17 -44 -35 -24 -16 -21 -41 50 -25 52 -34 -14 -2 -39 57 -15 -58 60 -6 -29
right_child=2 11 3 4 31 7 10 8 -10 -11 16 22 13 56 20 19 29 18 -20 32 -22 -23 23 49 26 -27 -28 38 -30 40 -32 -33 51 44 41 -37 -38 55 39 48 -42 -43 43 -45 -46 -47 -48 -49 -50 -51 -52 -53 -54 -55 -56 -57 58 -59 -60 -61 -62 -63
leaf_value=-0.46232614889500145 -0.55607911227616502 -1.8622419461848463 1.0427327037809506 -0.82603492088742103 -0.75095300019203037 0.60030864607217049 3.4689078408287566 -0.11056524565958625 1.4777413969701927 3.192547660146086 -0.051811915904391985 -1.140453440755242 -2.8837665551281013 4.2080431931648041 1.4388566033540748 -0.99772867102049223 1.5951613989167492 -0.14388999903201702 -1.4994751825170876 -1.2786677714301236 -2.0146505933509005 5.8230601799031056 -0.55025556937690046 -0.077789477535586127 0.99372201483742517 -0.8300258542127662 -0.16366586090338267 -0.63028140170254465 -0.073049129373291069 0.5156385093301481 0.1383020612414505 -2.0933054066399066 0.079213629801529711 0.65235593136798864 0.99548448884672114 -0.88335796647966769 -1.7214011709924557 -0.92751095579666165 -2.3069062853100095 -0.58523475457091512 -0.49115782803462482 1.657692618226281 1.0324673854771775 -0.41615518946887353 -0.93673325473424285 -1.1500747256102593 0.15665216427247214 0.046999773434282771 1.0757155351655854 -0.76586392824845972 0.45080085958550065 -0.0022576938062101705 1.2212476515474215 3.4577606720161627 -1.0738609981556628 0.12065337157656462 2.7922720693736856 2.1031808524186517 6.8365176943281263 0.37316480564119558 -0.13450061257247797 -1.6806383750558496
leaf_weight=64 23 824 35 412 83 632 24 785 403 555 390 538 27 101 34 123 50 123 558 50 29 20 21 91 40 427 52 140 776 109 87 130 106 80 22 20 73 34 38 20 54 21 20 35 23 85 30 32 22 34 27 187 23 24 339 44 34 173 27 43 59 332
leaf_count=64 23 824 35 412 83 632 24 785 403 555 390 538 27 101 34 123 50 123 558 50 29 20 21 91 40 427 52 140 776 109 87 130 106 80 22 20 73 34 38 20 54 21 20 35 23 85 30 32 22 34 27 187 23 24 339 44 34 173 27 43 59 332
internal_value=-0.00196665 -0.00566121 0.000838264 0.00189115 0.00114421 0.00170455 -0.00367003 0.003125 0.00134341 0.00488445 -0.00259282 -0.00884165 0.00660417 0.00893316 -0.00477528 -0.00344551 -0.00112417 -0.00566737 -0.00615863 -0.00138169 0.00143229 -0.0010647 -0.00675845 -0.00335249 -0.00226151 -0.00294207 0.00315789 -0.00691574 -0.00134341 0.00214521 0.00491667 -0.00499214 0.000187032 0.00214461 0.00519802 0.000215517 -0.00564438 -0.00462754 -0.00774775 -0.00240964 -0.000213068 0.0100543 -0.0051105 0 -0.000353774 -0.00735294 0.00597015 -0.00382353 0.00166667 0 0.00144628 0.00141066 0.0034331 0 -0.00568493 0 0.010392 0.00893502 0.0154297 -0.00246011 -0.00362069 -0.00852632
internal_weight=9817 4243 5574 4485 3898 3583 2623 2375 1188 1187 2007 1620 587 386 798 1089 1209 705 681 576 93 1208 796 258 909 817 92 616 1188 300 137 315 398 201 98 55 513 440 552 80 163 43 178 55 103 106 64 82 42 152 118 316 129 51 362 78 335 274 61 185 142 472
internal_count=9817 4243 5574 4485 3898 3583 2623 2375 1188 1187 2007 1620 587 386 798 1089 1209 705 681 576 93 1208 796 258 909 817 92 616 1188 300 137 315 398 201 98 55 513 440 552 80 163 43 178 55 103 106 64 82 42 152 118 316 129 51 362 78 335 274 61 185 142 472
cat_boundaries=0 1 3 5 6 7 8 9 10 12 13
cat_threshold=12 2307993796 1094673 100963682 303130 49 3596 2562 1043 674 537395328 512 648
is_linear=0
shrinkage=0.05


Tree=26
num_leaves=63
num_cat=10
split_feature=14 23 21 1 5 1 5 21 21 1 8 5 0 19 1 18 19 1 5 16 7 8 5 1 21 18 1 19 16 5 7 1 21 5 11 6 21 7 19 18 8 5 19 7 8 21 19 10 11 5 7 7 5 11 2 5 6 11 10 18 18 16
split_gain=37.0708 10.6622 6.29269 5.39923 3.65335 3.40396 2.97656 2.73192 2.69681 2.23368 2.00535 2.32075 1.97531 2.45893 2.48275 1.95744 1.90934 2.15853 1.80763 1.74887 1.88788 1.647 1.40461 1.36932 1.33003 1.36907 1.31667 1.66278 1.29939 2.33417 1.23374 1.22239 1.20283 1.0841 1.06874 0.990963 0.989596 0.936924 0.922462 1.49431 0.905887 0.897063 0.891427 0.865138 0.840064 0.724423 0.695703 0.682479 0.673331 0.667091 0.640311 0.575641 0.622797 0.596556 0.575243 0.562405 0.500136 0.623656 0.493013 0.568697 0.480936 0.473463
threshold=1.5000000000000002 2.5000000000000004 9.3000000000000025 0 259.50000000000006 1 139.50000000000003 11.125000000000002 48.100000000000009 2 295.72500000000008 296.50000000000006 3 1561.7550000000001 4 0.31617051711108718 2440.0200000000004 5 180.50000000000003 1.500002791455912 890.91500000000008 1323.2600000000002 82.500000000000014 6 68.166666666666671 1.5749722516727522 7 1451.7149999999999 1.5001245035230109 326.50000000000006 567.10000000000014 8 27.055555555555561 181.50000000000003 1543.1550000000002 2012.74 100.16666666666667 626.03500000000008 1109.8300000000002 0.46262947062204557 757.70000000000016 151.50000000000003 2066.5100000000007 881.82500000000016 717.32000000000016 85.166666666666671 2416.23 495.70000000000005 835.92500000000007 287.50000000000006 1080.0050000000003 330.67500000000007 335.50000000000006 1371.3100000000002 9 271.50000000000006 1376.8900000000001 450.18500000000012 2160.4900000000002 0.44089162978156832 0.31617051711108718 1.9999509293869442
decision_type=2 2 2 9 2 9 2 2 2 9 2 2 1 2 9 2 2 9 2 2 2 2 2 9 2 2 9 2 2 2 2 9 2 2 2 2 2 2 2 2 2 2 2 2 2 2 2 2 2 2 2 2 2 2 1 2 2 2 2 2 2 2
left_child=2 5 3 10 12 45 7 22 60 24 56 16 13 15 -15 -5 17 -12 41 32 23 -22 31 -21 49 26 27 -26 -10 55 47 -7 42 -20 -32 -24 40 -28 58 46 48 -14 -8 -42 -31 61 -40 -13 -11 -4 -9 -38 53 -53 -34 -30 57 -1 59 -6 -3 -2
right_child=1 8 9 4 38 6 19 50 28 36 11 30 18 14 -16 -17 -18 -19 33 20 21 -23 35 -25 25 -27 37 -29 29 44 34 -33 54 -35 -36 -37 51 -39 39 -41 43 -43 -44 -45 -46 -47 -48 -49 -50 -51 -52 52 -54 -55 -56 -57 -58 -59 -60 -61 -62 -63
leaf_value=0.83993192951133944 -1.5480649103325481 -1.0642808139541786 -0.96171127611579676 5.1587814782548591 0.65467003520368405 -1.4923037480177042 0.99375090832764745 -1.8127650357918517 -0.89005156232798555 0.26356348003516245 0.76634872850303859 2.3525092022380529 -0.9132576674979781 1.934460476600387 -0.45360499657545789 2.1750947314523601 -0.8941344592169358 -0.21561933713639869 14.442330128289683 0.23735448907686987 1.4586537937096353 -0.14125909066700224 0.60707683649568622 -0.56947300607828166 1.1321607888845742 1.3006388259350505 -0.48035113717196937 -1.0020224653280116 -0.56890814242069643 -0.049224380559800635 5.6717743098522906 -0.23992884193952266 -0.75416319702127521 -0.076503345063295577 1.2392474212429967 -0.6766351483192139 -1.446993545628152 0.13059821102438196 4.7507891414808743 -0.39116111782559249 0.52455757375961842 -6.3628603754223541 -0.98093748332750508 -0.53391800554566016 1.0414463630526531 -0.13917453189758647 1.2509150631634272 -1.2152691513884932 -1.2266849768137851 0.056343108145395608 -0.4300543067280998 1.5750377870546217 -0.21802091787710298 0.0068412452063228105 -0.11062959139566289 -0.84814277419250461 -1.4416449507944351 -2.1554209849837846 0.49656486411449807 2.5111057807291068 -1.4841831461722617 -0.43952834543110947
leaf_weight=24 284 48 126 35 20 219 119 340 328 25 653 36 111 223 278 500 187 744 36 182 101 54 137 229 86 60 149 26 46 20 65 197 387 62 82 285 81 96 124 45 46 45 31 119 38 53 49 42 331 89 49 21 38 97 179 107 169 28 23 203 1135 75
leaf_count=24 284 48 126 35 20 219 119 340 328 25 653 36 111 223 278 500 187 744 36 182 101 54 137 229 86 60 149 26 46 20 65 197 387 62 82 285 81 96 124 45 46 45 31 119 38 53 49 42 331 89 49 21 38 97 179 107 169 28 23 203 1135 75
internal_value=-0.00203793 -0.00528142 0.0008644 0.00192765 0.00394737 -0.00340715 -0.00264175 -0.00442073 -0.00842029 -0.0019921 0.000134606 0.000710541 0.00253287 0.00351299 0.000868056 0.00587825 0 0.000669643 -0.00126459 -0.000914397 0.00109842 0.00577532 -0.00270511 -0.000573671 0.000155039 0.001875 0.000520833 0.0048 -0.00523524 -0.00181075 0.00542763 -0.00477327 -0.00257302 0.00371287 0.00808333 -0.000529412 -0.00379377 -0.00140504 0.00781585 0.00486425 -0.00508111 -0.00471698 0.00114379 -0.0015625 0.00614754 -0.00764706 0.00703125 0 -0.00654596 -0.00292431 -0.00794005 -0.000885417 0.000628931 0.00268595 -0.00364675 -0.00520833 -0.00429688 0 0.0101406 0.010896 -0.00981239 -0.00866713
internal_weight=9817 4643 5174 3784 1754 2921 2509 1227 1722 1390 2030 1809 1290 1036 501 535 1584 1397 254 1282 566 155 838 411 632 417 357 112 539 211 225 416 716 98 147 422 758 245 464 218 521 156 150 165 58 412 173 78 356 215 389 237 156 118 566 153 221 52 246 223 1183 359
internal_count=9817 4643 5174 3784 1754 2921 2509 1227 1722 1390 2030 1809 1290 1036 501 535 1584 1397 254 1282 566 155 838 411 632 417 357 112 539 211 225 416 716 98 147 422 758 245 464 218 521 156 150 165 58 412 173 78 356 215 389 237 156 118 566 153 221 52 246 223 1183 359
cat_boundaries=0 2 4 6 7 9 11 13 15 17 18
cat_threshold=2847060932 1061906 100696418 8209 68850400 328370 1 67634177 16513 538976512 18 537919625 16384 528384 66064 2684354689 262656 2818
is_linear=0
shrinkage=0.05


Tree=27
num_leaves=63
num_cat=16
split_feature=15 16 21 1 1 19 20 20 2 0 1 20 2 20 21 4 8 20 20 1 19 1 18 2 10 20 2 6 16 9 21 20 6 1 1 2 22 8 2 8 16 21 6 1 20 19 19 19 8 21 18 21 21 18 8 18 18 19 22 18 20 21
split_gain=34.0826 8.34025 7.66061 5.03361 4.73114 3.63169 3.16886 4.56362 3.39582 3.17569 2.93262 2.09769 2.05325 1.94928 1.79479 1.73825 1.697 2.16402 1.53821 1.3566 1.33108 1.31756 1.31108 1.46847 1.30865 1.23356 1.1917 1.16717 1.15273 1.03247 0.946817 0.94615 0.913059 0.81039 0.782409 0.791277 0.749416 0.706303 0.85792 0.70218 0.771627 0.842855 0.684196 0.662958 0.641599 0.562336 0.743357 0.523743 0.508153 0.502487 0.675526 0.493858 0.476837 1.15824 0.441166 0.411932 0.393002 0.352448 0.316211 0.709427 0.293591 0.234722
threshold=3.5000000000000004 2.2500006506429222 45.100000000000009 0 1 2637.0200000000009 12.500000000000002 139.50000000000003 2 3 4 84.500000000000014 5 249.50000000000003 108.25000000000001 6 358.93500000000006 221.50000000000003 99.500000000000014 7 1438.26 8 0.1393929856481628 9 720.6600000000002 1.5000000000000002 10 4496.4800000000005 1.039431708451638 413.35500000000008 82.166666666666671 11.500000000000002 2012.74 11 12 13 36.771818849913814 1143.0550000000001 14 720.09500000000014 1.918928105439403 53.100000000000009 1376.8900000000001 15 103.50000000000001 795.12499999999989 314.12499999999994 3784.0800000000004 1118.47 82.166666666666671 1.0734238367699453 19.055555555555561 58.875000000000007 0.34550327855391733 1083.2350000000004 0.18081899332559151 2.1023033399708835 3024.8800000000006 23.733757794774647 1.400156086940876 44.500000000000007 40.083333333333336
decision_type=2 2 2 9 9 2 2 2 1 1 9 2 1 2 2 9 2 2 2 9 2 9 2 1 2 2 1 2 2 2 2 2 2 9 9 1 2 2 1 2 2 2 2 9 2 2 2 2 2 2 2 2 2 2 2 2 2 2 2 2 2 2
left_child=1 10 18 16 39 6 8 9 33 -8 14 22 30 -9 27 37 31 26 36 -10 28 44 57 32 -16 47 29 34 -17 -18 42 -3 -24 -5 35 -1 61 38 -14 49 -41 -42 -6 -28 55 46 -19 -23 -44 58 -51 -36 53 -13 -29 -7 -43 -12 -4 -60 -25 -2
right_child=2 3 4 5 12 21 7 13 19 -11 11 52 15 -15 24 20 17 45 -20 -21 -22 25 23 60 -26 -27 43 54 -30 -31 -32 -33 -34 -35 51 -37 -38 -39 -40 40 41 56 48 -45 -46 -47 -48 -49 -50 50 -52 -53 -54 -55 -56 -57 -58 -59 59 -61 -62 -63
leaf_value=0.068887487336862216 -1.6860456278484914 0.2100861522415528 -1.1361232515271464 -0.36490615787410247 -0.052977640873460886 0.59351895753798523 0.17785414298024593 0.69259953940488261 4.2011323376835668 -1.1170675334788946 2.0673183821495491 -1.0502315743559809 0.024259546724803016 3.0060422133726714 -0.14768558763613024 -1.2499395800884738 0.2447961165482454 2.4114463457235531 -0.60387068742223426 3.1117461840498093 -0.74337485809947046 0.023668856248453808 0.10401056672924813 -2.0801492598309439 2.8221561715705734 -1.5728545492219315 0.42898035453689265 -1.6961150898738184 0.37455805049636165 -0.59544319093747189 0.11344190301822438 -1.0235677922670225 -0.64935453419971623 1.1695328045386402 0.81347862625778478 -0.56989001898486547 -0.16417472234967506 0.19420931440277817 -0.85722310220829101 -1.0705352657116129 -1.4436833625931931 -0.23581451627999961 -0.8785322627673221 -0.36730861726725234 2.0592085549565184 4.8568605775291376 -1.7663740084016526 -1.854596311641258 -0.46674607592526557 -0.73499467167222543 0.19142897718233487 -0.64586126741625882 -0.1917645595719531 1.9015125702246747 -0.51410982480358158 -1.8139919067093118 0.48763426107068319 -1.3263918912843495 -1.1790237161597332 -0.17745725536583168 -1.116557800728146 -1.0210882241542196
leaf_weight=255 1031 49 252 250 38 41 617 782 140 339 23 22 116 111 32 24 38 25 57 504 22 111 106 225 44 103 397 71 143 509 42 172 177 376 85 463 33 46 101 87 30 96 174 208 25 25 21 41 35 54 32 50 34 42 26 41 20 22 178 41 309 254
leaf_count=255 1031 49 252 250 38 41 617 782 140 339 23 22 116 111 32 24 38 25 57 504 22 111 106 225 44 103 397 71 143 509 42 172 177 376 85 463 33 46 101 87 30 96 174 208 25 25 21 41 35 54 32 50 34 42 26 41 20 22 178 41 309 254
internal_value=-0.00193101 -1.26555e-05 -0.0064713 0.0010831 -0.00396838 0.00211434 0.00267857 0.00131614 0.00461508 -0.00104275 -0.00275264 -0.00472765 -0.00094496 0.0038923 -0.000794033 0.00107527 -0.00137268 -0.00060155 -0.00920718 0.00715373 0.00464109 -0.00253425 -0.00557803 -0.00605183 0.00632911 -0.00443097 -0.00116883 -0.00144281 0.00654412 -0.00283482 -0.00418046 -0.00541295 -0.00249155 0.00176056 -0.000773949 -0.00147059 -0.00955715 -0.00140399 -0.00278409 -0.00663138 -0.00386653 -0.0011745 -0.00555 0.000303398 0.00177083 0.00760135 0.00255102 -0.00129032 -0.00666274 -0.00779018 -0.00308989 0.00244932 0.00173267 0.00447761 -0.006625 0 0.000420168 0.00182292 -0.00851793 -0.00625 -0.00763254 -0.00975349
internal_weight=9817 6911 2906 4925 1531 3481 3119 1849 1270 956 1986 960 741 893 1026 452 1444 1223 1375 644 189 362 862 817 76 255 1152 950 167 547 289 221 283 626 853 718 1318 263 217 790 233 146 247 605 107 71 46 152 209 557 86 135 98 64 97 82 116 45 471 219 534 1285
internal_count=9817 6911 2906 4925 1531 3481 3119 1849 1270 956 1986 960 741 893 1026 452 1444 1223 1375 644 189 362 862 817 76 255 1152 950 167 547 289 221 283 626 853 718 1318 263 217 790 233 146 247 605 107 71 46 152 209 557 86 135 98 64 97 82 116 45 471 219 534 1285
cat_boundaries=0 2 4 5 6 8 9 10 12 14 15 16 18 20 21 22 24
cat_threshold=2175840448 1586177 3081015328 299027 49 1 833774224 83105 2178 7 67895296 33312 33554437 65664 2694 2131 34078760 295568 537936000 17537 2432 516 2109568 4097
is_linear=0
shrinkage=0.05


Tree=28
num_leaves=63
num_cat=12
split_feature=15 21 5 17 20 20 20 1 1 19 1 21 1 19 5 0 5 20 5 16 5 19 1 9 5 4 8 16 20 1 17 11 17 21 8 5 20 23 17 1 17 16 19 20 1 4 17 8 11 20 5 17 11 16 22 8 20 11 8 11 19 0
split_gain=32.2475 11.707 6.1585 5.28926 4.20987 3.9433 3.72743 3.66309 3.31358 2.84391 2.8139 2.8053 2.76416 2.84101 2.30439 2.05185 1.76761 1.70269 1.59534 1.56573 1.60467 1.47104 1.44026 1.51864 1.3181 1.31632 1.29417 1.28033 1.24987 1.24784 1.24449 1.22675 1.21351 1.19408 1.17094 1.09073 1.04291 0.979762 0.978424 0.933817 0.923411 0.914908 1.28438 0.897671 0.884406 0.871616 0.848059 0.801241 1.47343 0.800305 0.76517 0.753169 1.39131 1.19458 0.728766 0.712664 0.70979 0.698791 0.674749 0.669343 0.64728 1.51801
threshold=2.5000000000000004 45.775000000000006 170.50000000000003 2.2010709133616806 137.50000000000003 8.5000000000000018 226.50000000000003 0 1 1307.9649999999999 2 75.833333333333357 3 1251.2750000000003 79.500000000000014 4 313.50000000000006 5.5000000000000009 138.50000000000003 1.0003538922897268 351.50000000000006 1550.3900000000001 5 684.07000000000005 331.50000000000006 6 466.14500000000004 1.8386001215889682 119.50000000000001 7 1.9566502395258383 1291.0750000000003 1.4539421589741715 107.25000000000001 172.78 41.500000000000007 43.500000000000007 1.5000000000000002 2.4654984370342823 8 1.7840267628429529 1.1648158680356062 1864.405 249.50000000000003 9 10 2.7620005118786022 450.64000000000004 1303.4950000000001 55.500000000000007 264.50000000000006 2.7949978687973904 2575.0950000000007 1.5500915865551133 77.428192539926968 342.00500000000005 115.50000000000001 428.34000000000003 803.86000000000001 1404.1100000000004 1882.6100000000004 11
decision_type=2 2 2 2 2 2 2 9 9 2 9 2 9 2 2 1 2 2 2 2 2 2 9 2 2 9 2 2 2 9 2 2 2 2 2 2 2 2 2 9 2 2 2 2 9 9 2 2 2 2 2 2 2 2 2 2 2 2 2 2 2 1
left_child=2 4 5 6 36 8 10 16 26 15 21 39 25 -14 34 -10 33 -15 -11 -18 37 50 41 -24 57 -5 -1 -27 44 58 -8 -29 -30 47 -7 -17 -2 -21 -38 -9 -26 42 -16 -32 -13 -25 -40 55 -49 -19 -4 53 -53 -41 -46 -3 -43 -12 -28 -6 61 -36
right_child=1 7 3 12 59 14 30 11 9 18 24 28 13 17 22 35 19 49 -20 20 -22 -23 23 45 40 27 29 31 32 -31 43 -33 -34 -35 60 -37 38 -39 46 51 -42 56 -44 -45 54 -47 -48 48 -50 -51 -52 52 -54 -55 -56 -57 -58 -59 -60 -61 -62 -63
leaf_value=3.6777700960392625 -1.6379905308962084 -0.018220925020051126 1.6858060142507996 -0.69195837085846823 3.2091608143153127 1.5355383669711591 1.6679586993149034 -1.1362398843326273 1.8637141394223613 -0.74056851023599113 3.4099442527558512 -0.017591958249931493 5.3183979600146296 3.1328040416395351 4.9994410114316343 -1.4534644436903386 -1.4200080226177372 -3.0772725312832288 1.9899223852827994 0.055565220738802171 -0.17984934180928464 -0.76879855291440435 -1.7718306566726623 0.56220360394185109 -0.72059752016485179 -0.83595817793302629 -1.6668124516558398 0.77653586033432553 -0.016034351413213698 2.345452022640194 0.79817265734017517 4.1047586971827661 1.7440179161819245 0.22651489857822682 -0.070338021499675746 1.3464935499683748 -1.1234210951578703 1.3414765269919695 0.32795713440830954 -1.1014432912321579 2.1114814633536838 -0.1404207185990245 -1.1890596388954116 3.1858970364964918 -0.69697359467628217 -0.83240083648587559 -1.1876066707093351 0.68194459572131683 -0.36849984184109474 0.66087455217671554 1.0891829985799191 -0.55681744315437764 0.59990350759322908 -0.56969523458495996 0.6699320161593566 -0.91219705784841532 1.0933299544002926 -0.4195634854620508 1.4430585806748346 0.014787468750834165 -1.7578038602684698 -1.8380027879669854
leaf_weight=49 1071 55 93 106 20 20 108 236 332 703 23 311 387 130 38 54 41 39 68 53 45 68 152 128 22 27 44 114 154 204 48 36 47 98 112 76 514 114 53 339 29 479 23 71 295 169 133 20 380 71 64 62 24 427 24 117 78 635 56 43 120 165
leaf_count=49 1071 55 93 106 20 20 108 236 332 703 23 311 387 130 38 54 41 39 68 53 45 68 152 128 22 27 44 114 154 204 48 36 47 98 112 76 514 114 53 339 29 479 23 71 295 169 133 20 380 71 64 62 24 427 24 117 78 635 56 43 120 165
internal_value=-0.00191064 -0.00491558 0.000814055 0.0029231 -0.008043 -0.000593882 0.000633591 -0.00287346 0.00111705 -9.02889e-05 -0.000720384 -0.00410844 0.00577766 0.00759766 -0.00245461 0.00295699 -0.000200321 0.00308642 -0.00198643 0.00327148 0.00511628 0.00393908 -0.00115654 -0.00327381 -0.00230263 0.00122466 0.00529372 0.00388158 -0.00184353 0.00390879 0.0063587 0.00604575 0.00140931 -0.00159733 -0.005625 -0.00206767 -0.00850479 0.00742647 -0.00668563 -0.00582035 0.00486111 0.000356577 0.00605469 0.00993852 -0.00296209 -0.00104167 -0.00304233 -0.00252174 -0.00111663 -0.00110619 0.00679687 -0.00468208 0 -0.00523407 -0.00478163 -0.00542857 -0.000200893 -0.0029879 -0.000442478 0.00397727 -0.00628125 -0.00450893
internal_weight=9817 4676 5141 2071 1834 3070 1161 2842 1586 1233 934 1919 910 627 1484 462 923 240 771 253 212 225 1067 449 709 283 353 177 831 304 227 150 201 670 417 130 1771 167 700 1088 51 618 61 119 630 297 186 572 400 110 157 852 86 766 319 172 557 658 100 63 397 277
internal_count=9817 4676 5141 2071 1834 3070 1161 2842 1586 1233 934 1919 910 627 1484 462 923 240 771 253 212 225 1067 449 709 283 353 177 831 304 227 150 201 670 417 130 1771 167 700 1088 51 618 61 119 630 297 186 572 400 110 157 852 86 766 319 172 557 658 100 63 397 277
cat_boundaries=0 2 4 6 8 9 11 12 14 16 18 19 20
cat_threshold=1197008 66464 69469237 16928 524291 17040 2155905276 528 1 537264281 86147 18 2097168 512 84148227 4113 537133057 294929 12 1
is_linear=0
shrinkage=0.05


Tree=29
num_leaves=63
num_cat=4
split_feature=15 23 5 5 17 15 5 19 5 19 5 5 15 7 17 7 19 14 5 11 7 5 8 11 19 8 16 8 7 19 0 19 7 17 17 16 16 19 11 8 0 5 11 6 5 0 9 11 5 11 0 17 5 16 9 11 11 9 5 19 7 5
split_gain=29.2546 8.62026 5.92692 5.13611 5.33671 3.34791 2.81564 2.29714 1.98129 1.96994 1.78855 1.68034 1.52865 1.49409 1.48902 1.46729 1.35735 1.31361 1.31008 1.24874 1.20618 1.52766 1.12775 1.06614 1.05491 1.03062 0.981796 0.925515 1.05697 0.904382 1.30547 1.05846 0.872821 0.867863 0.862927 0.829446 0.824104 1.20778 0.820362 0.815685 0.763285 0.93054 0.742853 0.721123 0.714475 1.09749 0.698174 0.686105 0.660104 0.626349 0.661314 0.625988 0.612439 0.562218 0.543999 0.496457 0.539487 0.48973 0.444711 0.440144 0.394566 0.382219
threshold=2.5000000000000004 3.5000000000000004 180.50000000000003 170.50000000000003 2.2010709133616806 1.5000000000000002 35.500000000000007 1142.8700000000001 314.50000000000006 1671.9950000000001 280.50000000000006 79.500000000000014 3.5000000000000004 411.02500000000003 2.0164705903654747 550.99000000000012 1118.6250000000002 1.5000000000000002 351.50000000000006 578.87000000000012 1080.0050000000003 312.50000000000006 522.5250000000002 1276.9400000000003 352.56 567.10000000000014 1.032748603302698 1240.0650000000003 1448.0400000000002 1930.9350000000002 0 1109.8300000000002 1024.1400000000003 1.9211308450509403 0.95016314824848547 1.0999568480184674 1.7142862814236979 6.9050000000000873 1511.7300000000002 270.0750000000001 1 277.50000000000006 1303.4950000000001 2012.74 131.50000000000003 2 880.59500000000014 464.56500000000005 70.500000000000014 648.13000000000011 3 1.3615756958209542 63.500000000000007 1.8552249175163689 359.935 1033.3750000000002 745.20000000000016 837.67500000000007 329.50000000000006 2100.6450000000004 180.20500000000004 299.50000000000006
decision_type=2 2 2 2 2 2 2 2 2 2 2 2 2 2 2 2 2 2 2 2 2 2 2 2 2 2 2 2 2 2 1 2 2 2 2 2 2 2 2 2 1 2 2 2 2 1 2 2 2 2 1 2 2 2 2 2 2 2 2 2 2 2
left_child=3 2 26 5 10 6 29 17 12 27 40 36 34 -9 25 38 23 39 51 -13 -3 -22 -15 33 -16 -14 -2 43 -29 30 31 -1 -24 -12 -4 -28 37 -7 54 -6 41 47 -36 -8 -37 -46 -25 -5 52 -21 -51 -17 -11 -38 -10 56 -18 -40 -57 -50 -55 -19
right_child=1 20 8 4 7 11 9 13 15 48 16 19 14 22 24 18 55 61 -20 49 21 -23 32 46 -26 -27 35 28 -30 -31 -32 -33 -34 -35 42 44 53 -39 57 -41 -42 -43 -44 -45 45 -47 -48 -49 59 50 -52 -53 -54 60 -56 58 -58 -59 -60 -61 -62 -63
leaf_value=1.7970129779099979 -1.9725122009178566 -1.2986585766133389 -1.6917995535069252 3.2394470401180584 -1.7392209891632238 0.017791136201575953 3.3917854494792952 -0.98797187838206713 -0.58178735616069022 -0.58963965375455063 0.66170256734802324 -1.7630479879337058 -0.95941317434603024 2.760491661506836 -0.49272425687041804 0.04060868633908879 -0.23945494945240997 -0.019255311483601645 -0.62937251506299818 0.95080890844375299 -1.3363698487083313 0.088503194924831885 0.29977096717543644 -0.16294425550178637 0.29419464741193319 -0.58795691233987746 0.24111095828232509 -1.62870102272178 1.6299588811289212 -1.0497694172608372 -1.4695379758633849 -0.20483254268452245 3.1244521657842799 3.0757977184664691 0.12325803743989568 -1.6140045720907743 1.0058840670707505 -1.5177787340241815 -0.13593891344398124 4.7578541631040698 -0.77044017965007194 -1.6521914002151386 -0.17455748341412375 1.3640751082363103 -0.28083079106485959 -2.6206633575627656 1.9238364273824802 -0.054192305474271764 -0.14123999436452692 0.028176929736668656 -0.71312823102178458 0.74438746862505534 -2.5916013566573604 0.18110034983022844 0.37142444964380134 -0.75234492724608659 4.3121616270202834 -0.64985523689128244 1.9770857493635454 1.1704545372568056 -1.1662297204844543 5.8103694180410237
leaf_weight=61 204 1062 48 23 24 27 189 112 44 148 56 118 365 54 131 106 61 73 49 25 103 58 153 90 92 311 29 50 65 176 63 167 80 62 243 347 25 154 115 392 185 24 600 334 302 158 97 440 121 655 270 156 32 41 85 57 43 68 23 152 197 22
leaf_count=61 204 1062 48 23 24 27 189 112 44 148 56 118 365 54 131 106 61 73 49 25 103 58 153 90 92 311 29 50 65 176 63 167 80 62 243 347 25 154 115 392 185 24 600 334 302 158 97 440 121 655 270 156 32 41 85 57 43 68 23 152 197 22
internal_value=-0.0019361 -0.00479803 -0.00349031 0.000658534 0.00258558 -0.000626424 0.000976938 0.00544907 -0.00209541 0.00238803 0.000289948 -0.00231023 -0.002942 0.00239428 -0.00442073 0.000259585 0.00261687 0.00770914 0.00274682 -0.00116713 -0.00843189 -0.00373476 0.00435345 0.00466721 -0.000608407 -0.00559647 -0.00666347 0.00417317 0 -0.00220745 -0.000297619 0.0012987 0.00248941 0.00847107 -0.00138423 -0.0057211 -0.0049217 -0.00767663 -0.00206349 0.00894988 -0.00133333 -0.000178571 -0.000930851 0.00506179 -0.00603395 -0.00442765 0.00190789 0.000241416 -2.74123e-05 -0.000498426 -0.00076778 0.00424528 -0.00245902 -0.00277256 0.000662879 -0.000534759 0.00140187 -0.00423387 -0.00361446 0.00140399 -0.00363071 0.00165816
internal_weight=9817 4676 3453 5141 2071 3070 1558 910 2413 1091 1161 1512 1790 399 899 623 489 511 311 1068 1223 161 287 305 223 676 1040 638 115 467 291 228 233 118 891 836 444 181 312 416 672 487 843 523 807 460 187 463 453 950 925 262 180 263 129 184 104 183 80 273 238 95
internal_count=9817 4676 3453 5141 2071 3070 1558 910 2413 1091 1161 1512 1790 399 899 623 489 511 311 1068 1223 161 287 305 223 676 1040 638 115 467 291 228 233 118 891 836 444 181 312 416 672 487 843 523 807 460 187 463 453 950 925 262 180 263 129 184 104 183 80 273 238 95
cat_boundaries=0 1 2 3 4
cat_threshold=1 1 1 1
is_linear=0
shrinkage=0.05


Tree=30
num_leaves=63
num_cat=7
split_feature=15 21 5 15 5 21 19 18 0 19 9 19 9 19 15 2 17 0 2 5 2 19 7 7 9 15 9 7 5 17 17 17 9 5 5 17 6 17 7 21 19 17 11 9 21 9 21 19 5 18 22 6 5 2 18 17 17 21 17 23 4 18
split_gain=27.573 11.4757 4.57282 4.83393 3.7803 3.42075 2.55635 2.40129 2.29446 2.1997 2.06005 1.74626 1.771 1.94421 1.68657 4.20596 1.41193 1.34095 2.21497 2.18398 1.84824 2.44131 1.21462 2.03872 1.14672 1.00251 1.18798 0.967065 1.34967 1.07904 1.23139 0.994711 0.930007 0.905283 1.24389 0.899489 0.85893 1.19631 1.09957 0.844942 0.811846 0.797988 0.765378 0.651554 0.939363 0.744746 0.617542 0.58462 1.30824 0.553489 0.615875 0.545915 0.529619 0.497285 0.761397 0.494338 0.483264 0.47311 0.457221 0.413902 0.903667 0.373256
threshold=2.5000000000000004 45.775000000000006 82.500000000000014 1.5000000000000002 280.50000000000006 75.833333333333357 3274.2150000000006 0.43618877973298792 0 1118.6250000000002 432.14500000000004 1109.8300000000002 1224.7350000000004 868.6500000000002 4.5000000000000009 1 1.8751721758157791 2 3 132.50000000000003 4 1328.5850000000003 1260.9650000000004 1024.1400000000003 837.67500000000007 1.5000000000000002 299.97500000000008 720.09500000000014 320.50000000000006 2.4654984370342823 1.4420602253215538 1.3695080438573242 690.67500000000007 173.50000000000003 149.50000000000003 1.0441898763171058 3372.3600000000001 2.6212103748750959 179.45500000000004 1.5000000000000002 944.37 2.4242101293602736 4949.920000000001 1102.0500000000004 25.071428571428573 539.83000000000004 106.50000000000001 1425.9550000000002 167.50000000000003 0.31617051711108718 9.7102465757339242 982.82000000000016 327.50000000000006 5 1.0404679009680091 2.9234385452031586 3.8937620479605215 68.875000000000014 1.7141676579921454 3.5000000000000004 6 0.46262947062204557
decision_type=2 2 2 2 2 2 2 2 1 2 2 2 2 2 2 1 2 1 1 2 1 2 2 2 2 2 2 2 2 2 2 2 2 2 2 2 2 2 2 2 2 2 2 2 2 2 2 2 2 2 2 2 2 1 2 2 2 2 2 2 9 2
left_child=2 14 6 7 17 27 8 22 11 16 -10 12 -1 -14 15 43 58 20 39 -20 56 -22 23 24 -4 26 -13 51 29 30 -29 -30 -27 34 -9 -7 37 38 -37 -19 -18 52 -33 44 -2 -46 -43 53 -49 50 -16 -3 -38 54 -17 -39 -5 -31 -6 60 -53 -11
right_child=1 5 3 4 9 35 -8 33 10 61 -12 25 13 -15 49 47 40 18 19 -21 21 -23 -24 -25 -26 32 -28 28 31 57 -32 42 -34 -35 -36 36 41 55 -40 -41 -42 46 -44 -45 45 -47 -48 48 -50 -51 -52 59 -54 -55 -56 -57 -58 -59 -60 -61 -62 -63
leaf_value=3.1502499328981957 3.9925859861593356 0.42438374153148062 1.5958917848939713 -0.50042174464059319 0.93081120718600663 -0.56226775305345356 -1.6861960784585237 2.9848193902243025 2.217371991492898 1.2471849439386056 -1.5758016368426382 -2.6187596850314314 1.2678431017500615 -1.5018675979065295 -2.2874320364885681 0.11222773504552813 1.8369704284706572 -2.4579474488965887 1.2236174154356345 -0.24670460381341786 1.047232831992251 -0.29638296556640958 -0.63712043488969816 3.4080265120488806 -0.80106574884105164 0.074820421712528437 0.13984702530017187 -0.29467102610922569 -0.3996957257163814 0.3264760137860826 -0.88992819352551367 1.1198680933193177 -0.9553825292612812 7.8419631193451353 -0.51863961066890452 -1.4319485786717949 -0.40322010416830523 -0.40263157057847609 0.17849102757260199 -0.29877296503912659 4.0257691065945354 -0.41038666334898599 0.046419695633794333 -0.26663748142218041 -1.1125470990750743 1.1235712000634235 1.8673072557802659 -1.7379368453959261 0.12476089969286833 -1.2658983125507643 0.21303992615495559 -0.99386861766061474 -0.055940386267747756 -1.5275975154275601 -1.2899945524320071 0.27899859664053078 -0.016553384520056013 -0.68679125456214229 -0.92692019882453147 -0.98981774496627828 -0.42757427657142916 -0.50179450495642475
leaf_weight=59 20 22 550 285 77 186 141 124 27 140 278 50 77 55 20 87 250 239 62 198 492 314 37 57 87 59 601 103 40 95 158 20 116 155 45 57 192 93 569 88 44 40 21 34 20 27 32 182 20 1072 29 285 71 255 68 30 342 23 30 248 557 62
leaf_count=59 20 22 550 285 77 186 141 124 27 140 278 50 77 55 20 87 250 239 62 198 492 314 37 57 87 59 601 103 40 95 158 20 116 155 45 57 192 93 569 88 44 40 21 34 20 27 32 182 20 1072 29 285 71 255 68 30 342 23 30 248 557 62
internal_value=-0.00186991 -0.00464843 0.000648814 0.00159603 0.000423648 -0.00262742 -0.00169679 0.00445416 -0.000962264 0.00389851 -0.00474838 0.000134804 0.00444588 0.000740741 -0.0077436 -0.00560405 0.00603342 -0.000593178 -0.00260593 0.000732601 0.000200209 0.00180098 0.00274183 0.00326399 0.00232422 -0.000814234 1.91131e-05 -0.00419048 -0.00205184 -0.00337042 -0.00516098 0.00342262 -0.00414326 0.00810398 0.00486919 -0.000648075 -4.59982e-05 0.000847739 0.00178855 -0.00525735 0.00782828 -0.00218195 0.00880682 0.00339912 0.00660714 0.00125 0.002 -0.00712 -0.00987805 -0.00904137 -0.00216346 -0.00502242 -0.00352444 -0.00575061 -0.00230655 -0.00347222 -0.00177734 0.000206612 0.000568182 -0.00519213 -0.00446746 -0.000121951
internal_weight=9817 4676 5141 3678 2623 2842 1463 1055 1322 603 305 1017 191 132 1834 713 401 2020 587 260 1433 806 731 694 637 826 651 1572 460 379 261 81 175 324 169 1270 1084 749 626 327 294 335 41 101 67 47 72 612 202 1121 49 1112 263 410 155 123 627 118 107 1090 842 202
internal_count=9817 4676 5141 3678 2623 2842 1463 1055 1322 603 305 1017 191 132 1834 713 401 2020 587 260 1433 806 731 694 637 826 651 1572 460 379 261 81 175 324 169 1270 1084 749 626 327 294 335 41 101 67 47 72 612 202 1121 49 1112 263 410 155 123 627 118 107 1090 842 202
cat_boundaries=0 1 2 3 4 5 6 7
cat_threshold=1 1548 1 1344 1218 162 3
is_linear=0
shrinkage=0.05


Tree=31
num_leaves=63
num_cat=4
split_feature=16 15 7 20 20 5 20 5 7 21 5 16 7 5 20 21 10 9 16 16 2 5 7 18 7 2 20 11 10 18 21 11 7 16 18 21 5 5 2 16 21 5 18 8 18 20 18 9 18 20 18 2 11 21 7 7 7 20 9 18 11 7
split_gain=25.0404 8.67792 4.13707 3.82653 3.07559 4.47236 4.12474 2.93686 2.81247 2.33443 4.81655 1.77108 1.60532 1.41782 1.30987 1.24752 1.24728 1.19011 1.15503 1.09266 1.09017 0.938294 0.918867 1.27046 1.01782 0.915757 1.47683 0.877786 0.873486 0.817838 0.816702 0.807982 0.760101 1.01285 0.804036 0.758222 0.681971 0.664577 0.883834 0.66343 1.00213 0.91454 0.662433 0.645995 0.618446 0.608308 0.558175 0.534859 0.532318 0.511177 0.498822 0.481661 0.796315 0.457593 0.44995 1.06344 0.432958 0.406954 0.359449 0.349246 0.342578 0.274273
threshold=2.2606347884862177 4.5000000000000009 308.31500000000005 257.50000000000006 7.5000000000000009 82.500000000000014 113.50000000000001 335.50000000000006 1080.0050000000003 3.2500000000000004 139.50000000000003 2.7156356217307862 1.0000000180025095e-35 105.50000000000001 12.500000000000002 40.535714285714292 979.86500000000012 1529.0500000000004 1.8750787600542067 1.6153249576647892 0 34.500000000000007 425.74000000000007 0.45867917619121606 503.90500000000003 1 145.50000000000003 986.22000000000014 679.18500000000006 0.50134334126802838 152.50000000000003 592.15500000000009 149.98500000000004 1.500002791455912 0.65419393907402856 161.50000000000003 79.500000000000014 173.50000000000003 2 1.1334609593852327 45.45000000000001 355.50000000000006 0.86153400095725496 579.03000000000009 0.068097075107623375 35.500000000000007 0.27173866095114158 448.75500000000005 0.32822511252415354 188.50000000000003 0.37186251754291277 3 510.83000000000004 61.125000000000007 593.74000000000012 672.7750000000002 1656.4300000000003 105.50000000000001 707.2650000000001 0.89247768901363866 1053.1900000000003 661.34500000000014
decision_type=2 2 2 2 2 2 2 2 2 2 2 2 2 2 2 2 2 2 2 2 1 2 2 2 2 1 2 2 2 2 2 2 2 2 2 2 2 2 1 2 2 2 2 2 2 2 2 2 2 2 2 1 2 2 2 2 2 2 2 2 2 2
left_child=1 9 12 4 5 21 11 15 39 13 59 17 14 32 36 56 43 -6 22 31 45 29 23 -15 -24 28 -27 -22 -8 -4 -13 -12 44 34 -34 -33 -2 47 -39 61 -41 -42 49 -16 -1 -21 -23 -7 -17 51 -35 52 -14 -38 -50 -56 60 -44 -53 -11 -3 -9
right_child=2 7 3 -5 6 37 25 8 -10 10 19 30 42 18 16 48 -18 -19 -20 20 27 46 24 -25 -26 26 -28 -29 -30 -31 -32 35 33 50 -36 -37 53 38 -40 40 41 -43 57 -45 -46 -47 -48 -49 54 -51 -52 58 -54 -55 55 -57 -58 -59 -60 -61 -62 -63
leaf_value=-1.886771842185472 -0.39969878478177012 -0.5310936689751119 -0.77598334587831563 3.0878913692051397 0.50416212609408717 4.2360563252608934 0.99467792488933648 -1.716543312652101 0.92370349647152361 -1.7317632283716755 0.75879637136311961 -0.66710455318833439 1.2095451219190161 -0.0080740505032011363 -0.28383431678717058 -0.012392434241660056 -1.1153553412849966 -0.78653387039012568 1.2802437460003304 -0.2191035370613296 -0.87612009797514045 -0.24469491850358907 -1.3157594783411506 2.9053399731687706 -0.018754439380708733 -0.013692878756624794 1.1271821990108819 -0.034853515315857918 -0.12897982217129567 0.69737647860414675 0.22578248669649137 -0.53431201853305621 -1.5303661290022053 -1.4432955051470222 -0.71709626125308867 1.5505082671550696 4.350353149259389 1.9037419329590379 3.8118201180126761 -1.1509228958211879 0.15131989386231784 -0.84141214638120398 -1.3130325665029456 4.1231085515682819 0.34192893245758715 0.82506056610937317 1.1183957900256161 1.4226564677841524 -0.82683030918676248 -0.17383650926982491 0.24616297732438019 -1.3021357661789172 -0.88902431366688539 0.37448168679617455 0.51321469037695877 -0.63867233841590698 -0.54968123921502132 1.4145192015003958 -0.17031138568545129 -1.1961864654072716 -1.5622562401435851 -0.71007034861787222
leaf_weight=31 22 30 318 112 57 51 161 65 31 296 34 984 32 189 88 22 77 24 45 22 35 203 40 65 204 357 478 161 650 86 30 813 172 56 93 36 50 145 250 45 60 20 23 33 20 80 333 491 360 58 108 334 76 25 23 172 20 28 20 162 691 20
leaf_count=31 22 30 318 112 57 51 161 65 31 296 34 984 32 189 88 22 77 24 45 22 35 203 40 65 204 357 478 161 650 86 30 813 172 56 93 36 50 145 250 45 60 20 23 33 20 80 333 491 360 58 108 334 76 25 23 172 20 28 20 162 691 20
internal_value=-0.00181899 -0.00472597 0.000366137 0.000956053 0.000719541 0.00228059 -0.000332544 -0.00770647 -0.00230533 -0.00295497 -0.00413368 -0.00272086 -0.00279056 -0.00101121 4.19463e-05 -0.00864875 -0.00211443 0.00401786 0.000663919 -0.00237542 8.30565e-05 -0.000106045 0 0.0020428 -0.00222672 0.00122802 0.00237323 -0.00191388 0 -0.0019656 -0.00331858 -0.00325903 -0.00300207 -0.00373264 -0.00564366 -0.00359448 0.004875 0.00472074 0.00643844 -0.00457746 -0.00166016 0.00120482 -0.00433362 0.000705645 0.00208333 0.00413043 0.00120594 0.00334862 -0.00657328 -0.00487572 -0.000299401 -0.00543011 -0.00123967 0.00721154 -0.00687724 -0.0042298 -0.0101647 0.000231481 -0.00633515 -0.0085141 -0.0103764 -0.00809659
internal_weight=9817 4221 5596 4730 4618 1877 2741 1559 241 2662 1639 1095 866 1023 295 1318 198 81 543 1181 298 940 498 254 244 1646 835 196 811 404 1014 883 480 429 265 849 97 937 395 210 125 80 571 121 51 102 536 542 577 520 164 462 108 75 555 195 741 51 354 458 721 85
internal_count=9817 4221 5596 4730 4618 1877 2741 1559 241 2662 1639 1095 866 1023 295 1318 198 81 543 1181 298 940 498 254 244 1646 835 196 811 404 1014 883 480 429 265 849 97 937 395 210 125 80 571 121 51 102 536 542 577 520 164 462 108 75 555 195 741 51 354 458 721 85
cat_boundaries=0 1 2 3 4
cat_threshold=522 3074 514 1122
is_linear=0
shrinkage=0.05


Tree=32
num_leaves=63
num_cat=14
split_feature=14 15 17 1 1 5 16 13 1 19 1 15 17 17 2 19 2 22 1 2 5 2 1 17 1 17 5 7 10 8 14 22 10 10 1 19 19 10 16 5 0 22 10 10 5 10 8 7 5 5 19 5 19 8 19 7 17 8 1 5 17 7
split_gain=23.6532 8.04754 5.04893 4.21015 3.1546 2.9835 2.35503 2.55676 2.34305 2.14195 1.8502 1.42538 1.37197 1.31895 2.22194 1.28759 1.27593 1.83333 1.25356 1.20993 1.20934 1.20557 1.56574 1.52139 1.15058 1.10856 1.06931 1.1422 1.06114 1.09505 1.04114 0.992161 0.97998 0.964373 0.921092 0.91018 0.89173 0.832537 0.831401 0.794544 0.7903 0.738999 0.914441 1.05397 0.700062 0.698049 0.83071 0.693038 0.658883 0.647853 0.992738 0.591437 0.545539 0.537067 0.498605 0.484206 0.574586 0.852157 0.449187 0.506447 0.652463 0.423251
threshold=1.5000000000000002 5.5000000000000009 1.3393655554446837 0 1 286.50000000000006 1.500002791455912 1.5000000000000002 2 2692.5950000000003 3 1.5000000000000002 2.0164705903654747 2.0005092135181024 4 1216.2950000000003 5 -1.0000000180025095e-35 6 7 184.50000000000003 8 9 2.1350452693337134 10 1.5261329314707608 335.50000000000006 1619.3600000000004 246.49000000000004 757.70000000000016 2.5000000000000004 11.511585610046149 1799.8150000000003 661.36500000000012 11 1490.5600000000002 1307.9649999999999 720.6600000000002 1.0909793748763776 265.50000000000006 12 33.247804087340832 972.73000000000002 1203.6400000000001 265.50000000000006 1892.4950000000001 304.72500000000008 877.23500000000013 184.50000000000003 308.50000000000006 160.41999999999987 235.50000000000003 812.46000000000015 702.73000000000013 1701.5200000000004 1080.0050000000003 1.2991526969301095 538.10500000000013 13 249.50000000000003 1.2107068654853319 85.910000000000011
decision_type=2 2 2 9 9 2 2 2 9 2 9 2 2 2 1 2 1 2 9 1 2 1 9 2 9 2 2 2 2 2 2 2 2 2 9 2 2 2 2 2 1 2 2 2 2 2 2 2 2 2 2 2 2 2 2 2 2 2 9 2 2 2
left_child=2 4 8 5 16 11 12 10 28 13 19 18 49 24 34 -16 17 53 35 -8 30 23 -23 -9 37 -26 27 33 -1 -30 -14 -22 -12 -3 -15 -4 40 -5 -28 58 -13 42 54 -44 -19 46 -7 -31 -11 -6 -51 -38 -20 -2 -41 56 57 -40 -10 60 -60 -18
right_child=1 26 3 9 6 45 7 21 39 48 32 36 20 14 15 -17 61 44 52 -21 31 22 -24 -25 25 -27 38 -29 29 47 -32 -33 -34 -35 -36 -37 51 -39 55 41 -42 -43 43 -45 -46 -47 -48 -49 -50 50 -52 -53 -54 -55 -56 -57 -58 -59 59 -61 -62 -63
leaf_value=0.90405835884299612 0.58022190143203012 0.0090740165015123619 2.1147286617723551 1.8232832976209019 -0.93727336284553131 0.044067854595689585 -0.62913516305506523 -1.1978633707381756 -0.90947972153614964 -1.2716243367207314 0.78481889688462414 1.6417969869537927 -0.34533416262755279 -0.4523687142003226 2.5737053910895611 0.42925541710547854 -0.63796604282564295 -0.73969644891251363 7.6110467075039736 0.28873402485882593 -0.19637614259212272 -1.3042489345971022 -0.13253451155186974 0.49049103435350788 0.50446286656752548 -0.41800574464151269 -1.5630078969543151 -0.33362604228505544 -0.88164278478643754 1.0830679891154447 -1.1478199920358003 0.75409099192129647 0.017174582601417934 -1.2181328672079492 0.32780480629524367 -0.68565045827965754 -0.043155654492053587 0.0060552939914817472 0.041433908946633125 0.035257120737119861 -0.20110173893427119 -0.66067018228607743 1.1518203389505886 0.11018191490639886 -0.017336896936560289 0.28712845898461054 2.6705260684818044 -0.55560036827750425 0.40381686908935138 0.05730900929190863 -0.95676648494779615 -1.3935268745802896 1.5995708401723121 -0.35856180245434788 -2.1843012599142435 0.1281213616919917 0.13561098255446355 -1.1135897634980558 -1.2528269929357139 -0.36556803054199921 1.2185873215028473 -1.3457352349482319
leaf_weight=60 45 22 117 83 234 20 228 30 105 190 184 180 610 303 342 268 39 190 60 130 200 247 206 73 99 548 69 43 393 23 246 77 110 867 661 119 66 184 25 128 127 63 43 163 46 23 197 75 43 64 35 46 294 25 28 23 37 38 46 49 28 500
leaf_count=60 45 22 117 83 234 20 228 30 105 190 184 180 610 303 342 268 39 190 60 130 200 247 206 73 99 548 69 43 393 23 246 77 110 867 661 119 66 184 25 128 127 63 43 163 46 23 197 75 43 64 35 46 294 25 28 23 37 38 46 49 28 500
internal_value=-0.00181899 -0.00440971 0.000497392 0.00136547 -0.00320486 0.00375396 -0.0022981 -0.000619323 -0.0023198 0.000233175 0.00145038 0.00250741 -0.00365895 0.000682457 0.00156944 0.00389246 -0.00590035 -0.00274295 0.00408938 -0.000876011 -0.00273988 -0.00313059 -0.00421137 0.00140086 -0.000790622 -0.00195076 -0.0081189 -0.00887701 -0.00467642 -0.0055415 -0.00366705 0 0.00431596 -0.00926289 0 0.000803213 0.000148104 0.00183036 -0.00410256 -0.000168919 0.00165323 0.0010222 0.0019863 0.0041866 -0.00502092 0.00884774 0.00971591 -0.000247525 -0.00429025 -0.00658482 -0.00232843 -0.00347826 0.00592643 0.00376712 -0.000628931 -0.00109127 -0.00291262 -0.00587121 -0.0025974 0 0.00227273 -0.00749547
internal_weight=9817 4643 5174 3970 3519 1249 2674 1208 1204 2721 652 1009 1466 2488 1574 610 845 306 590 358 1133 556 453 103 914 647 1124 932 551 491 856 277 294 889 964 236 419 267 192 653 307 425 362 206 236 240 217 98 233 333 99 112 354 70 156 123 100 63 228 123 74 539
internal_count=9817 4643 5174 3970 3519 1249 2674 1208 1204 2721 652 1009 1466 2488 1574 610 845 306 590 358 1133 556 453 103 914 647 1124 932 551 491 856 277 294 889 964 236 419 267 192 653 307 425 362 206 236 240 217 98 233 333 99 112 354 70 156 123 100 63 228 123 74 539
cat_boundaries=0 2 4 6 8 9 10 12 13 14 16 18 20 21 23
cat_threshold=370017595 409641 120095075 41009 2727759877 50304 2685669376 5760 2737 2697 302121000 262153 3536 1292 2684354708 16512 2148536320 33426 1102464 33794 1 136 4608
is_linear=0
shrinkage=0.05


Tree=33
num_leaves=63
num_cat=3
split_feature=15 21 19 20 20 15 21 5 5 17 19 15 8 11 11 7 6 11 17 7 20 20 17 6 5 7 7 21 7 9 5 2 4 7 5 16 19 2 5 20 21 10 16 17 16 7 16 8 8 20 17 10 19 21 20 5 19 5 20 20 16 7
split_gain=21.6881 10.7639 4.11217 3.14319 2.95081 3.1392 2.83491 2.59331 1.93232 1.66554 1.58527 1.24567 1.19733 2.25782 1.27374 1.15062 1.13506 1.05859 1.03382 0.979871 1.12757 1.12353 1.15794 1.05388 1.15591 0.970851 1.1672 0.922565 0.895939 0.793735 0.787005 0.782124 0.769942 1.11064 0.737176 0.699432 0.922152 0.626666 0.626141 0.621767 0.616134 0.622439 0.580446 0.557332 0.534049 0.500928 0.732486 0.395099 0.318608 0.30806 0.300165 0.287996 0.271702 0.286999 0.190164 0.414045 0.200598 0.174479 0.104134 0.100286 0.0600224 0.0503699
threshold=2.5000000000000004 46.45000000000001 3110.4450000000002 123.50000000000001 257.50000000000006 1.5000000000000002 75.833333333333357 41.500000000000007 79.500000000000014 1.9566502395258383 759.32000000000005 6.5000000000000009 896.83000000000015 1871.1850000000002 1543.1550000000002 179.45500000000004 3372.3600000000001 1224.7350000000004 2.4416112807666703 720.09500000000014 4.5000000000000009 113.50000000000001 1.0912034495426417 5279.9100000000008 322.50000000000006 600.84000000000015 653.32000000000005 116.25000000000001 1260.9650000000004 536.29500000000019 95.500000000000014 0 1 914.99500000000012 303.00000000000006 1.7142862814236979 6.9050000000000873 2 324.50000000000006 274.50000000000006 17.550000000000004 1322.7100000000003 1.8552249175163689 1.8339448912804424 0.99999551396502706 1161.3600000000004 2.0242778180214116 1497.4150000000002 1102.2650000000001 131.50000000000003 1.8823890850534772 1152.7150000000004 1975.135 20.031250000000004 1.0000000180025095e-35 74.500000000000014 3876.360000000001 124.50000000000001 41.500000000000007 53.500000000000007 0.63938317822960833 271.67500000000007
decision_type=2 2 2 2 2 2 2 2 2 2 2 2 2 2 2 2 2 2 2 2 2 2 2 2 2 2 2 2 2 2 2 1 9 2 2 2 2 1 2 2 2 2 2 2 2 2 2 2 2 2 2 2 2 2 2 2 2 2 2 2 2 2
left_child=2 3 4 11 5 7 19 32 35 39 30 37 14 -14 -10 29 17 18 -17 21 -21 31 51 24 -22 58 -27 -19 -12 44 -9 43 33 -1 54 36 -7 52 -11 -6 -5 -42 -37 -3 -8 46 -39 -47 -34 -24 -33 -23 53 -2 55 56 -4 -57 -18 -13 -31 -56
right_child=1 6 34 40 9 8 15 10 12 38 28 59 13 -15 -16 16 25 27 -20 20 23 22 49 -25 -26 26 -28 -29 -30 60 -32 50 48 -35 -36 42 -38 45 -40 -41 41 -43 -44 -45 -46 47 -48 -49 -50 -51 -52 -53 -54 -55 61 57 -58 -59 -60 -61 -62 -63
leaf_value=-0.13220579931116277 -1.0656791782180453 0.21042776201591984 -0.84845206301593246 2.2752855203042013 -1.2562082337757294 0.14881318242766106 -0.87701521254382309 0.48703390844333683 -0.0087932153856876034 5.0292915574244663 1.1793950687624637 -1.3490626447728673 1.9566078533881655 0.022453305354378374 -0.58738358266470103 1.1305179059101609 -0.83631090670366892 -0.070196672819621858 -0.14409034701552023 1.3507214118828266 -0.45869993658595692 -1.1897280605369538 0.88573561153655378 -1.2910574252447269 0.59420679312349911 0.46590340778229522 -0.11040924772832171 0.24950388011897362 -0.41454312365727902 -0.37172907715589043 5.500809278763203 -0.82100653982934235 -0.87084207245598755 2.3274251972391107 2.8699635852372976 1.0437564372915098 -1.126656031199804 -0.75885072637125794 2.9289271315514327 2.7794495601492701 -0.91681150671345479 0.95207775511627624 -0.59437723528507613 -0.48452083391519096 -1.8380317843989644 0.16839619408669543 -0.39816232077708591 -0.56723698527779975 0.05062478041490124 0.11692220180833282 -0.51911704806812475 -0.84739099963024533 -1.8348855983277588 -1.2647869233080016 -2.2984373571034711 0.89245110545612227 -1.8027919007887143 -1.9077857364748128 -0.55669985356138951 -1.0135430704012593 1.0887634921768015 -1.2407587357310543
leaf_weight=82 75 32 39 23 26 27 21 61 1562 44 1096 542 176 472 217 100 25 467 52 23 317 42 22 57 56 27 205 170 102 31 155 491 262 35 24 22 131 495 39 23 32 34 203 85 65 36 128 33 85 46 328 25 110 270 55 25 47 21 87 104 20 110
leaf_count=82 75 32 39 23 26 27 21 61 1562 44 1096 542 176 472 217 100 25 467 52 23 317 42 22 57 56 27 205 170 102 31 155 491 262 35 24 22 131 495 39 23 32 34 203 85 65 36 128 33 85 46 328 25 110 270 55 25 47 21 87 104 20 110
internal_value=-0.00177826 -0.00424236 0.000454413 -0.00717507 0.000829359 0.000607546 -0.00224348 0.00219298 -0.000435478 0.00814815 0.00326394 -0.00763502 6.68724e-05 0.00192012 -0.000582211 -0.000451689 3.30106e-05 0.00112058 0.00483871 -0.00370007 -0.0015625 -0.00455074 0 -0.00225173 -0.00109707 -0.00230548 -0.000212766 0.000136719 0.0024771 -0.00473214 0.00730594 -0.00516507 -0.000963597 0.00221154 -0.00497685 -0.00372409 -0.00636646 -0.00646739 0.0123547 0 0.00149457 -0.000362319 -0.00158991 -0.000480769 -0.00758427 -0.00496454 -0.00549121 -0.000173611 -0.0021875 0.00422535 -0.00569411 -0.00482143 -0.00830662 -0.00721983 -0.00570833 -0.00333333 -0.00533708 0 -0.00608696 -0.00959168 0 -0.00721726
internal_weight=9817 4676 5141 1882 4820 4688 2794 1878 2810 132 1414 1793 2427 648 1779 1270 1133 789 152 1524 453 1071 135 430 373 344 232 637 1198 137 216 936 464 117 321 383 158 1147 83 49 89 66 225 117 86 692 623 69 347 68 819 67 455 345 297 132 86 46 112 646 51 165
internal_count=9817 4676 5141 1882 4820 4688 2794 1878 2810 132 1414 1793 2427 648 1779 1270 1133 789 152 1524 453 1071 135 430 373 344 232 637 1198 137 216 936 464 117 321 383 158 1147 83 49 89 66 225 117 86 692 623 69 347 68 819 67 455 345 297 132 86 46 112 646 51 165
cat_boundaries=0 1 2 3
cat_threshold=512 80 2160
is_linear=0
shrinkage=0.05


Tree=34
num_leaves=63
num_cat=6
split_feature=15 21 6 0 6 20 10 2 21 2 18 2 6 7 7 9 9 10 7 6 20 7 10 4 7 20 18 7 6 17 17 18 20 17 5 6 17 21 16 18 17 5 17 17 20 21 5 17 0 7 7 17 17 9 6 5 15 16 18 17 20 9
split_gain=20.0805 10.701 4.0362 3.71642 3.8136 3.00134 2.96483 2.93857 2.63486 2.29613 2.25734 1.58478 1.50696 1.37714 1.29966 1.55888 1.2434 1.17626 1.10161 1.31474 1.08931 1.3096 1.0801 1.07716 1.03648 1.02927 1.00877 0.985764 1.00217 0.983402 0.974551 0.984345 0.958121 1.1489 0.92941 0.90629 0.874214 0.803975 1.26932 0.861908 0.801461 0.791832 0.791131 0.784312 0.722421 0.718246 0.697299 0.645003 0.625731 0.600652 0.773307 0.599109 0.588125 0.580147 0.550139 0.518869 0.497291 0.489967 0.471354 0.466367 0.452199 0.438278
threshold=2.5000000000000004 45.775000000000006 3650.2500000000005 0 2012.74 123.50000000000001 720.06500000000017 1 75.833333333333357 2 0.62230783763359609 3 1376.8900000000001 1151.8000000000002 964.72000000000014 1201.0200000000002 425.74000000000007 479.96000000000004 720.09500000000014 4496.4800000000005 43.500000000000007 1247.3350000000003 1463.9700000000003 4 1008.6350000000001 15.500000000000002 0.61215543920256221 179.45500000000004 3372.3600000000001 2.4654984370342823 1.8751721758157791 0.21561370421819201 113.50000000000001 1.0912034495426417 180.50000000000003 3372.3600000000001 2.6212103748750959 50.100000000000009 1.8182669200387436 1.2711755214015088 1.6962448577817384 312.50000000000006 1.4844377585898147 2.3810584830175308 63.500000000000007 33.472222222222229 294.50000000000006 1.2991526969301095 5 742.09500000000014 914.99500000000012 0.93392752048487349 1.4681444093941127 1240.0449999999998 4774.3700000000017 151.50000000000003 3.5000000000000004 1.5005711896830933 1.2303374740472255 1.4200626762779656 97.500000000000014 180.11500000000004
decision_type=2 2 2 1 2 2 2 1 2 1 2 1 2 2 2 2 2 2 2 2 2 2 2 9 2 2 2 2 2 2 2 2 2 2 2 2 2 2 2 2 2 2 2 2 2 2 2 2 1 2 2 2 2 2 2 2 2 2 2 2 2 2
left_child=2 5 3 4 13 20 10 16 18 12 11 25 60 30 22 -16 61 -12 32 37 45 29 -9 -13 -4 -5 -7 35 36 -22 52 -32 47 -34 55 58 42 38 -20 -39 -18 -21 -29 -30 -36 -2 -28 51 -38 -47 -51 -3 -1 -26 -55 -11 -31 -45 -10 -49 -8 -6
right_child=1 8 24 6 7 26 9 14 27 34 17 23 -14 -15 15 -17 40 -19 19 41 21 -23 -24 -25 53 -27 46 28 43 56 31 -33 33 -35 44 -37 48 39 -40 -41 -42 -43 -44 57 -46 49 -48 59 -50 50 -52 -53 -54 54 -56 -57 -58 -59 -60 -61 -62 -63
leaf_value=0.79647528689939695 -1.6016694166439061 -0.71339645673320584 -1.3039730425124076 7.7827419347689784 0.3986132756393474 1.1861055065652628 0.035354169742644714 -0.2682321022380933 -1.318245397019463 -1.3740897560223206 0.21760478034003478 -2.1641090723693206 -0.48454723030698621 3.9174842438249389 1.8494453693424362 -0.011893070244924609 -0.39626109957921934 5.4138907514563508 0.30200789248933246 -1.1350110103293645 -0.92151056363832007 0.15997638438236061 0.55165046712971277 0.41362044490029465 0.44765321444384015 0.084217228924802615 -0.87813056147256896 0.0015492829404067266 -0.19638304991243738 -0.92901923153980592 -0.13744666579343026 2.4753176044836298 -1.0216007380339327 0.69268312336184579 0.026413387286488191 0.38380298021737541 0.024929883395951792 0.53734509046438717 -0.27056269148369411 -0.53535238927535544 1.447092765529288 0.035124885655440079 0.31841421555880134 -0.42391270153464533 -1.3215282049974293 -0.95742010537776212 1.3265994486997237 -0.041474840979157795 -0.81167409908023402 0.5785184259905346 -0.54978385303915622 -0.90692507496312658 -2.2264233085849683 -0.0072759265877891726 -1.6542497098919615 -5.7489601050119745 0.058876132987021636 0.83917207753646306 -0.19663430369719423 -0.56828249130343866 1.2508087608463114 -0.69572333526318675
leaf_weight=25 635 96 248 52 93 23 96 1354 75 232 30 102 141 33 279 410 38 35 34 81 449 56 121 126 39 68 39 359 272 115 56 272 68 69 94 36 60 104 34 183 728 24 316 32 47 344 23 68 54 27 65 183 22 67 47 81 58 40 26 628 85 120
leaf_count=25 635 96 248 52 93 23 96 1354 75 232 30 102 141 33 279 410 38 35 34 81 449 56 121 126 39 68 39 359 272 115 56 272 68 69 94 36 60 104 34 183 728 24 316 32 47 344 23 68 54 27 65 183 22 67 47 81 58 40 26 628 85 120
internal_value=-0.00173243 -0.00410344 0.000415533 0.000832806 0.00164955 -0.00709036 -0.0015625 0.00103703 -0.0021529 -0.0034018 0.00177284 0 0 0.00620438 0 0.00178829 0.00328881 0.0101103 -0.00352381 -0.0012959 -0.00754138 -0.00569016 -0.00083728 -0.00228216 -0.00436262 0.00451128 0.0015625 -0.000412412 3.30106e-05 -0.00636 0.00505952 0.0060423 -0.00439462 -8.92857e-05 -0.00562099 -0.004375 0.00105745 3.49162e-05 0.00492958 -0.000991379 0.00425878 -0.00613426 0.00178835 -0.00216138 -0.00182292 -0.00864758 -0.00115385 -0.00494632 -0.00277778 -0.00660592 -0.00210526 -0.00722518 -0.00075 -0.000721154 -0.00277778 -0.00731804 -0.00262784 0.002 -0.00685096 -0.00393419 0.0029212 0
internal_weight=9817 4676 5141 4740 3551 1834 1189 3143 2842 776 413 348 322 408 2164 689 979 65 1572 460 1749 678 1475 228 401 120 85 1270 1133 622 375 328 1112 137 454 137 789 355 68 287 766 105 675 344 141 1071 62 975 114 436 92 279 47 153 114 313 173 72 101 696 181 213
internal_count=9817 4676 5141 4740 3551 1834 1189 3143 2842 776 413 348 322 408 2164 689 979 65 1572 460 1749 678 1475 228 401 120 85 1270 1133 622 375 328 1112 137 454 137 789 355 68 287 766 105 675 344 141 1071 62 975 114 436 92 279 47 153 114 313 173 72 101 696 181 213
cat_boundaries=0 1 2 3 4 5 6
cat_threshold=1 2316 718 2258 26 1
is_linear=0
shrinkage=0.05


Tree=35
num_leaves=63
num_cat=10
split_feature=16 14 17 1 5 17 1 1 5 20 19 1 20 1 8 5 7 11 1 10 1 19 20 5 19 9 10 10 10 17 5 0 1 20 16 10 4 19 5 17 18 16 6 16 16 20 5 18 20 8 20 10 16 11 7 19 18 10 20 20 5 10
split_gain=18.9494 7.10015 5.44862 4.73827 3.65642 2.83325 3.72938 2.38165 2.14608 2.46662 2.007 1.99805 1.88804 1.80128 1.73651 1.4894 1.47528 1.46699 1.40686 1.39437 1.37574 1.3734 1.3255 1.2159 1.06215 1.10666 1.0269 1.19822 0.999654 0.984159 2.52838 2.77711 0.932073 0.918897 0.837254 0.810229 0.789553 0.921573 0.780995 0.716196 0.660877 0.628638 0.591926 0.59872 0.658091 0.572126 0.553611 0.652995 0.551038 0.534775 0.512862 0.50034 0.499811 0.490548 0.716046 0.429178 0.409808 0.484042 0.479452 0.398607 0.380233 0.324453
threshold=2.2606347884862177 2.5000000000000004 1.0441898763171058 0 286.50000000000006 2.0164705903654747 1 2 42.500000000000007 10.500000000000002 2602.9250000000006 3 106.50000000000001 4 729.97500000000014 179.50000000000003 1240.0850000000003 1303.4950000000001 5 1584.1600000000003 6 1258.6450000000002 68.500000000000014 307.50000000000006 1728.1100000000001 1501.9750000000001 1368.6800000000001 679.18500000000006 792.47500000000014 1.8577669873990723 160.50000000000003 7 8 43.500000000000007 1.7500024981740616 3132.6100000000001 9 2391.1750000000006 351.50000000000006 1.388569382058656 1.0734238367699453 2.7156356217307862 2012.74 1.4031147221083675 1.8749791468134247 52.500000000000007 317.50000000000006 1.182179469936135 1.0000000180025095e-35 540.23500000000013 14.500000000000002 598.5150000000001 0.74989011142359396 510.83000000000004 820.61000000000013 3207.6200000000008 1.3694559897801291 1432.9250000000004 104.50000000000001 56.500000000000007 282.50000000000006 926.3950000000001
decision_type=2 2 2 9 2 2 9 9 2 2 2 9 2 9 2 2 2 2 9 2 9 2 2 2 2 2 2 2 2 2 2 1 9 2 2 2 9 2 2 2 2 2 2 2 2 2 2 2 2 2 2 2 2 2 2 2 2 2 2 2 2 2
left_child=1 5 13 4 10 7 34 42 36 16 14 33 41 26 18 22 21 -9 -4 39 -16 -10 49 60 25 -17 27 -2 -14 50 -31 35 -24 -3 52 -32 37 48 -25 51 -41 -11 43 61 -45 -36 47 -21 -5 -8 -13 -6 -7 -12 -55 -54 -15 -58 -59 -26 -19 -1
right_child=2 11 3 8 19 6 15 17 9 12 53 29 28 56 20 24 -18 23 -20 46 -22 -23 32 38 59 -27 -28 -29 -30 30 31 -33 -34 -35 45 -37 -38 -39 -40 40 -42 -43 -44 44 -46 -47 -48 -49 -50 -51 -52 -53 55 54 -56 -57 57 58 -60 -61 -62 -63
leaf_value=0.32799489839938617 -1.2221790763664697 -1.4217480123856419 -0.52991165506132276 1.6094321998854142 4.2062627106259347 0.13894618760080776 -1.2383094954121483 0.82697804751844051 2.448182895070413 0.036120845533061184 0.29079182969581618 -0.72532381064927165 0.5159779393727576 -0.875435035456404 0.12159152508762078 0.12194178666737959 -0.49216926362735763 -0.50685149051756617 0.49458087223101438 -0.30327003416746551 1.479229281266325 0.26141194761839481 0.53731168074736713 0.09397819174556013 -1.6183729207639588 1.3898470589971823 -0.56030458731587629 1.5662466195028628 -0.093641087144989407 -1.1208772562069806 0.28652078078506238 -0.64078281128532688 -0.087621356144894594 -0.76416740694676444 -1.2709938376619512 -0.42158594581171088 -1.040856569159115 -0.94972819684740173 -1.3050738386055336 2.1511592170161196 4.9740133535744633 -0.71189609138423904 -0.9223816265567486 -0.74350384003107806 0.010366628003055212 1.0302265252613456 -0.32569380059481717 2.1804159654876227 -2.0990688378789382 -0.094642222705040524 -1.2396220557411302 -0.011829879613047468 -0.86427439934347017 -1.885559057498378 0.021709731119528189 -0.23042857948135664 0.033567450015742399 -1.3455593727152424 0.027099740206061897 -0.0010285806490905713 -1.2192725965987965 -0.63309311538411428
leaf_weight=44 22 519 222 101 20 23 308 81 292 55 40 21 380 309 236 270 147 167 414 27 441 494 113 146 30 93 64 31 817 292 93 88 164 115 32 29 263 40 25 219 39 550 438 125 25 50 45 31 21 261 198 49 308 81 39 20 37 42 28 51 51 41
leaf_count=44 22 519 222 101 20 23 308 81 292 55 40 21 380 309 236 270 147 167 414 27 441 494 113 146 30 93 64 31 817 292 93 88 164 115 32 29 263 40 25 219 39 550 438 125 25 50 45 31 21 261 198 49 308 81 39 20 37 42 28 51 51 41
internal_value=-0.00171207 -0.00424065 0.000187533 0.000703218 0.00266832 -0.00279714 -0.00147016 -0.00474476 -0.000472739 2.28269e-05 0.00144817 -0.00724411 -0.00103878 -0.00459422 0.00211816 -5.75595e-05 0.0021234 -0.00170807 0.000156495 0.0067552 0.00387868 0.00301014 -0.00132509 -0.00309311 0.00223714 0.00344945 0.000673077 0.00602679 7.29167e-05 -0.00498978 -0.00361386 0.000352113 0.00138393 -0.00946677 -0.00540919 0.0054 -0.00376752 -0.000428571 0 0.00837121 0.00967433 -0.00331003 -0.00665087 -0.00414916 -0.00604575 -0.000294118 0.00106132 0.0045082 0.0014 -0.00273164 -0.0080518 0.00260417 -0.00660311 -0.00368098 -0.00528455 -0.0070997 -0.00606061 -0.00261364 -0.00513699 -0.00252976 -0.00554299 -0.000142045
internal_weight=9817 4221 5596 5063 1903 2866 1723 1143 3160 2735 1473 1355 1802 533 1313 1290 933 470 636 430 677 786 846 389 444 363 117 53 1197 721 502 210 277 634 433 122 425 162 171 327 258 605 673 235 150 82 103 58 122 569 219 69 351 160 120 328 416 107 70 81 218 85
internal_count=9817 4221 5596 5063 1903 2866 1723 1143 3160 2735 1473 1355 1802 533 1313 1290 933 470 636 430 677 786 846 389 444 363 117 53 1197 721 502 210 277 634 433 122 425 162 171 327 258 605 673 235 150 82 103 58 122 569 219 69 351 160 120 328 416 107 70 81 218 85
cat_boundaries=0 2 4 6 8 10 12 14 15 17 18
cat_threshold=508498970 508717 67928442 45114 2685964429 4112 35688555 279184 524425 65536 101191688 4 458770 98312 1 2684354561 16384 18
is_linear=0
shrinkage=0.05


Tree=36
num_leaves=63
num_cat=1
split_feature=21 21 5 0 5 5 17 19 21 20 16 11 5 19 19 20 7 20 19 14 16 9 11 16 5 7 11 7 5 17 11 17 20 7 19 19 7 7 5 20 11 9 20 17 17 7 5 18 5 5 22 5 7 16 19 7 11 17 11 7 18 21
split_gain=18.5451 10.8435 3.39623 2.72279 3.04727 2.58717 2.5406 2.47527 2.29184 2.00957 1.47311 1.44931 1.8369 1.43221 1.45246 1.78142 1.38096 1.60349 1.37328 1.33129 1.27656 1.75419 1.26533 1.20329 1.20139 1.43342 1.18525 1.27575 1.144 1.40172 1.13943 1.08454 1.06562 0.954703 0.953265 0.892167 0.89089 0.887208 1.49355 1.01808 0.872905 0.860511 0.842535 0.805758 0.785352 0.762356 1.16219 0.767715 0.725238 0.689257 0.68505 0.66706 0.936247 0.642724 0.630334 0.622699 0.603425 0.586316 0.560304 0.55624 0.540976 0.525161
threshold=9.3000000000000025 39.916666666666679 173.50000000000003 0 151.50000000000003 105.50000000000001 2.2010709133616806 2562.6850000000009 75.833333333333357 209.50000000000003 2.0006062480511368 864.40000000000009 131.50000000000003 767.05499999999995 562.13999999999999 75.500000000000014 640.31000000000006 149.50000000000003 802.91500000000008 1.5000000000000002 1.3636449025356354 2310.1050000000005 428.34000000000003 1.6943018293203289 351.50000000000006 179.45500000000004 1224.7350000000004 575.75500000000011 334.50000000000006 1.3695080438573242 1543.1550000000002 2.6212103748750959 3.5000000000000004 268.3300000000001 304.57999999999998 481.06500000000011 1656.4300000000003 411.02500000000003 264.50000000000006 163.50000000000003 826.70500000000015 1266.4700000000003 81.500000000000014 1.9405556833754016 2.2010709133616806 661.36500000000012 271.50000000000006 0.75541985457764571 336.50000000000006 77.500000000000014 20.6615583667793 245.50000000000003 180.20500000000004 2.4257825780623978 3207.6200000000008 -1.0000000180025095e-35 2269.1850000000004 2.12494517677538 563.11500000000012 766.09500000000014 1.9257997679848946 139.25000000000003
decision_type=2 2 2 1 2 2 2 2 2 2 2 2 2 2 2 2 2 2 2 2 2 2 2 2 2 2 2 2 2 2 2 2 2 2 2 2 2 2 2 2 2 2 2 2 2 2 2 2 2 2 2 2 2 2 2 2 2 2 2 2 2 2
left_child=2 10 3 7 5 22 9 13 16 48 36 12 -7 14 57 -16 17 40 19 34 21 -18 -5 42 25 44 31 -28 53 -30 -19 -27 54 -25 59 -36 55 51 39 -39 -3 -40 -15 -11 61 46 -45 -47 56 -24 -42 -20 -53 -22 58 -2 -4 -1 -9 -8 -23 -10
right_child=1 8 6 4 -6 11 18 32 24 43 -12 -13 -14 23 15 -17 20 30 37 -21 28 60 49 33 -26 26 27 -29 29 -31 -32 -33 -34 -35 35 -37 -38 38 41 -41 50 -43 -44 45 -46 47 -48 -49 -50 -51 -52 52 -54 -55 -56 -57 -58 -59 -60 -61 -62 -63
leaf_value=1.7128528943979378 -0.61993874727044762 -0.076329310055857746 -0.30515928923519375 1.0511907423464553 -5.4209599882868815 4.4005094748408835 -0.60936020584486816 0.36766969510450309 -0.92010318640475719 0.33994280247802 -0.66094442420489374 -0.011565175101810611 -0.68708054222736914 -0.69606301961555705 2.2824033436299418 -0.15555976336879668 0.53238470808514327 2.992905347361523 2.0711504843951674 -0.17165143429536622 -0.55084418548918979 0.73155786094907505 -1.3939615924461295 -0.4828568215310689 -0.49017099871750036 1.0564467801471218 -0.26472215555419004 0.062732201677012087 -0.084516864755425303 0.65433027674126942 -1.7743505791122656 -0.44622665294098207 -1.0237822496271247 0.37395177120584439 7.5076665361243471 5.151265995228818 -0.098285415493214151 0.60239899628197202 3.4645497156036775 -1.3285239093373669 -0.70353846668336362 -0.7567288628257075 0.37479954597921755 -0.00085590913936002273 0.47173647961444432 -1.2809218047896345 4.330996502223174 1.2664304472663446 3.3286717040091007 -0.60658516758794156 -0.47231010947834379 0.49593819671138495 -2.6732950444443051 -0.34116447326592853 -1.2396410019359396 -1.1946448151453113 0.45696133171768882 -0.15357878498514596 -0.40322336401858405 3.7715095910400636 -1.6170773055505578 -0.1797409062069594
leaf_weight=48 20 89 580 28 96 48 32 59 166 139 255 115 23 259 65 33 47 21 81 50 356 21 273 131 75 128 366 546 40 22 28 39 215 1261 34 95 27 198 168 26 721 21 36 20 38 39 49 67 32 104 404 28 45 228 108 1078 117 137 86 81 25 50
leaf_count=48 20 89 580 28 96 48 32 59 166 139 255 115 23 259 65 33 47 21 81 50 356 21 273 131 75 128 366 546 40 22 28 39 215 1261 34 95 27 198 168 26 721 21 36 20 38 39 49 67 32 104 404 28 45 228 108 1078 117 137 86 81 25 50
internal_value=-0.00172225 -0.00394847 0.000390159 -0.000611413 -0.00338768 -0.00191498 0.00206037 0.000153626 -0.0024099 0.000346558 -0.00770065 0.00277778 0.00827703 0.000950329 0.00423951 0.00915842 -0.00350374 -0.00453199 0.00407483 0.00694915 -0.00166779 0.00351563 -0.0041973 0.000362426 -0.000815025 -0.000421033 0.000335028 -0.000327869 -0.00250385 0.00346154 0.00360577 0.00419118 -0.00307856 0.00100358 0.00846939 0.0116477 -0.00852172 0.00247807 0.00369591 0.000660793 -0.00490961 0.00696615 -0.00247483 0.00370662 -0.00379377 0.0059691 0.0102431 0.00252294 -0.00104167 -0.00503289 -0.0052859 -0.000477707 -0.00411184 -0.0032368 -0.000634766 -0.00874205 -0.00144643 0.0012633 0.00126689 0.00420259 -0.00255102 -0.00502283
internal_weight=9817 4790 5027 3125 687 591 1902 2438 3410 1043 1380 186 71 1970 283 98 2002 1263 859 292 739 93 405 1687 1408 1333 1079 912 646 62 49 167 468 1392 242 129 1125 567 413 224 1214 189 295 314 254 175 69 106 729 377 1125 154 73 584 253 1098 697 185 145 113 46 216
internal_count=9817 4790 5027 3125 687 591 1902 2438 3410 1043 1380 186 71 1970 283 98 2002 1263 859 292 739 93 405 1687 1408 1333 1079 912 646 62 49 167 468 1392 242 129 1125 567 413 224 1214 189 295 314 254 175 69 106 729 377 1125 154 73 584 253 1098 697 185 145 113 46 216
cat_boundaries=0 1
cat_threshold=1
is_linear=0
shrinkage=0.05


Tree=37
num_leaves=63
num_cat=12
split_feature=15 15 5 1 1 15 1 20 1 19 20 1 18 17 2 5 1 17 17 17 20 20 17 11 6 20 5 1 8 17 9 2 6 2 8 17 18 2 5 20 16 9 10 20 5 19 18 19 11 1 19 18 19 9 19 5 10 19 6 10 19 6
split_gain=17.3809 6.56596 5.79202 3.89576 3.82051 2.58581 3.2084 2.63429 2.78881 2.32136 2.28548 1.86973 1.59406 1.54083 1.40244 1.33429 1.79504 1.36779 1.26681 1.21612 2.32265 1.25469 1.20754 1.18345 1.12557 1.12552 1.67199 1.12201 1.08602 1.05025 0.993985 1.24571 0.880469 1.47874 0.878322 0.823975 0.764031 0.741667 1.66737 0.728763 1.1701 0.722403 0.72059 0.673066 1.26838 0.858715 0.71013 0.634965 0.575743 0.547321 0.539018 0.57277 0.484987 0.479402 0.447814 0.444468 0.475509 0.420712 0.416571 0.414481 0.353833 0.262933
threshold=2.5000000000000004 6.5000000000000009 139.50000000000003 0 1 1.5000000000000002 2 118.50000000000001 3 1289.2500000000002 249.50000000000003 4 0.21994561409734023 1.9190091505131932 5 265.50000000000006 6 2.6666706987621476 1.9881721211988592 2.9234385452031586 40.500000000000007 137.50000000000003 1.0000009304835726 1439.5450000000003 3650.2500000000005 49.500000000000007 313.50000000000006 7 1079.5350000000001 1.9992239911242582 833.66000000000008 8 1734.8500000000001 9 351.60500000000008 1.2991526969301095 0.87458016961147711 10 173.50000000000003 9.5000000000000018 1.9999509293869442 1162.5000000000002 1729.1550000000002 8.5000000000000018 104.50000000000001 913.34000000000003 1.2952547170942943 983.07500000000005 794.83500000000015 11 2789.1849999999999 0.11263357614573438 1812.3150000000001 1945.0550000000001 1243.365 348.50000000000006 1764.8950000000002 1206.5150000000001 1734.8500000000001 832.7700000000001 3065.9299999999998 2012.74
decision_type=2 2 2 9 9 2 9 2 9 2 2 9 2 2 1 2 9 2 2 2 2 2 2 2 2 2 2 9 2 2 2 1 2 1 2 2 2 1 2 2 2 2 2 2 2 2 2 2 2 9 2 2 2 2 2 2 2 2 2 2 2 2
left_child=3 2 39 10 19 6 9 11 23 14 24 41 50 48 57 16 17 -6 27 21 -21 22 -4 34 43 -3 -27 -17 -20 -15 31 -11 36 -34 -9 -23 -13 59 -39 40 -2 -7 -25 44 58 46 -45 -16 -10 -46 52 -52 -8 -43 -47 56 -28 -5 -1 -14 -18 -41
right_child=1 25 4 5 15 7 12 8 13 30 -12 32 37 29 47 18 60 -19 28 20 -22 35 -24 42 -26 26 55 -29 -30 -31 -32 -33 33 -35 -36 -37 -38 38 -40 61 -42 53 -44 45 49 54 -48 -49 -50 -51 51 -53 -54 -55 -56 -57 -58 -59 -60 -61 -62 -63
leaf_value=-1.6883808599470294 -1.3437150250457024 -1.0517256225522487 -0.7188777340631376 -0.66547394836789842 -0.31550197955599946 -1.2810605498908281 0.6289895964939558 -1.0464434901867363 2.4130928251373902 -1.1039316798055949 1.9348127072733072 -1.3284569811661111 -0.6010806219909608 3.1100430286339105 5.3069701763502728 -0.53838517814740283 -0.8771289786861417 0.087513916058812494 -0.16841409113336284 -0.59373586200267425 1.2598491714080293 -0.01056440451964491 -0.030633376587443986 -0.91405496593623214 -1.4559216512499618 -1.2341608128916481 0.59595265298455991 -0.023517277414273965 1.2889059643816716 0.97820647723590293 -1.1603739232958035 0.60541148357077756 -0.45180087581084366 0.45029167364750972 0.9778214037185109 1.0789697799367304 0.31241823858322831 2.4867741550809686 8.4844398701277921 -1.1495501720722172 1.1830544553554618 0.71735370129688869 0.00037684138653659716 -0.1050150932156214 -0.14589984573588879 -1.1628158257197689 -1.4644587532577091 2.8796047754665439 -0.24185290657922565 2.0770563514554667 -1.5774991159225764 0.58810144340800685 -2.1947132372629539 -1.4216792725844962 -0.38308890884980118 -0.33168755111123471 -0.32156762294474889 1.8887176239628634 -0.30132692222085783 3.5228346499818195 -0.053212306465820806 -1.4524736824475442
leaf_weight=47 30 584 126 100 473 163 22 49 28 101 43 186 32 41 110 464 527 100 149 33 48 64 868 111 95 94 22 345 55 303 181 360 313 363 176 65 88 235 85 160 28 60 63 438 105 164 47 81 123 102 25 36 31 22 237 28 29 24 281 70 21 363
leaf_count=47 30 584 126 100 473 163 22 49 28 101 43 186 32 41 110 464 527 100 149 33 48 64 868 111 95 94 22 345 55 303 181 360 313 363 176 65 88 235 85 160 28 60 63 438 105 164 47 81 123 102 25 36 31 22 237 28 29 24 281 70 21 363
internal_value=-0.00173753 -0.00394315 -0.00309472 0.000260012 -0.00226729 0.00117524 0.00276571 1.79254e-05 0.0020903 0.000914948 -0.00180503 -0.00149207 0.00582878 0.00455217 0.00444182 -0.00352818 -0.00477091 -0.00249573 -0.00212844 0 0.00580357 -0.000432948 -0.00107823 -0.000940534 -0.00217248 -0.00824013 -0.0040483 -0.00303264 0.00120773 0.00648415 -0.000736434 0.000404095 -0.000389408 0.000515464 0.00126096 0.00407197 -0.00279783 0.00735294 0.00855856 -0.00772688 -0.00122951 -0.00528101 -0.00409605 -0.0017644 -0.000255576 -0.0026153 -0.0010502 0.00692402 8.11688e-05 0.00267857 0.000213675 0.00371094 -0.00290179 -0.000882353 -0.00436262 0.000762195 0.00393519 0 -0.00226586 0.00195652 -0.00686275 -0.00834125
internal_weight=9817 4676 3919 5141 3338 3582 1493 2089 894 957 1559 1195 536 495 315 2134 1121 573 1013 1204 81 1123 994 399 1516 757 173 809 204 344 642 461 950 676 225 129 274 422 320 581 58 245 174 1421 535 886 485 191 151 207 114 61 53 82 401 79 51 124 328 102 548 523
internal_count=9817 4676 3919 5141 3338 3582 1493 2089 894 957 1559 1195 536 495 315 2134 1121 573 1013 1204 81 1123 994 399 1516 757 173 809 204 344 642 461 950 676 225 129 274 422 320 581 58 245 174 1421 535 886 485 191 151 207 114 61 53 82 401 79 51 124 328 102 548 523
cat_boundaries=0 2 4 6 8 10 11 13 15 16 17 18 19
cat_threshold=2282787808 1061910 2488402576 328239 864174088 328329 547947526 32800 369360912 294953 161 545521676 33920 553910277 54288 3 178 515 2147487872
is_linear=0
shrinkage=0.05


Tree=38
num_leaves=63
num_cat=10
split_feature=15 15 5 1 19 1 5 0 10 7 1 2 2 2 23 6 6 17 18 5 2 17 5 7 23 7 5 17 15 19 18 7 0 5 10 17 6 1 9 19 6 5 18 10 18 15 5 7 7 5 18 19 7 6 18 8 11 18 9 8 17 7
split_gain=16.46 4.75378 6.03875 3.22136 3.36335 3.21287 2.74286 2.6374 3.17292 2.50783 2.22659 2.23815 2.08948 2.05588 1.78349 1.77493 1.46151 1.41911 1.38362 1.17407 1.67494 1.73406 0.999641 0.994173 0.918699 0.916562 0.780226 1.82674 0.774641 0.801652 0.73469 0.72669 0.720796 0.718814 1.28797 1.22115 0.972824 0.69823 0.685469 0.649112 0.605534 0.599685 0.576835 0.515322 0.473257 0.402079 0.398095 0.396742 0.590587 0.773446 0.396534 0.39229 0.329798 0.281043 0.277286 0.213484 0.815272 0.242448 0.21258 0.18423 0.183699 0.173131
threshold=4.5000000000000009 2.5000000000000004 131.50000000000003 0 2602.9250000000006 1 312.50000000000006 2 720.06500000000017 607.71500000000015 3 4 5 6 4.5000000000000009 2012.74 1376.8900000000001 1.3695080438573242 0.15223391807720729 354.50000000000006 7 2.7949978687973904 286.50000000000006 1031.1550000000002 5.5000000000000009 179.45500000000004 163.50000000000003 1.9881721211988592 1.5000000000000002 900.42499999999995 0.21029764748522264 468.60000000000008 8 258.50000000000006 809.6450000000001 1.4124700316698318 3650.2500000000005 9 1486.7700000000002 1127.4300000000001 4168.3500000000013 299.50000000000006 0.12148625449793422 874.58500000000015 0.83830198621856233 6.5000000000000009 147.50000000000003 384.06999999999999 536.29500000000019 319.50000000000006 1.0957663104105944 3876.360000000001 1342.5600000000002 5620.6000000000013 0.085758818078380331 539.98500000000013 2976.0650000000005 0.82429541559132768 287.80000000000007 342.00500000000005 0.91762192014642541 1080.0050000000003
decision_type=2 2 2 9 2 9 2 1 2 2 9 1 1 1 2 2 2 2 2 2 1 2 2 2 2 2 2 2 2 2 2 2 1 2 2 2 2 9 2 2 2 2 2 2 2 2 2 2 2 2 2 2 2 2 2 2 2 2 2 2 2 2
left_child=1 3 61 22 7 33 14 10 12 24 15 -12 -9 31 26 -5 -10 23 42 20 25 -22 28 45 39 -7 -2 37 30 38 54 -6 -32 36 35 -35 46 50 -30 44 52 -36 -15 -31 -8 -11 -4 58 -49 -50 -28 -33 -19 -20 -1 57 -57 -29 -24 -46 -26 -3
right_child=6 2 5 4 13 19 9 8 16 17 11 -13 -14 18 -16 -17 -18 40 53 -21 21 -23 47 -25 60 -27 27 55 29 43 32 51 -34 34 41 -37 -38 -39 -40 -41 -42 -43 -44 -45 59 -47 -48 48 49 -51 -52 -53 -54 -55 -56 56 -58 -59 -60 -61 -62 -63
leaf_value=-0.91565231698975813 -1.5676924706132891 -1.1626186214388115 -0.14421000508261059 2.8954692952614667 -1.6022411717720599 -0.71898479053452657 0.08878739419826652 -0.39937202196587623 -0.13458687709199424 -0.03739207265415221 0.73312936583494981 -0.187375035966069 3.2563898073045197 0.74971206596315731 -1.1828615122994777 1.3285286819777882 -1.2947649965869275 0.70710531265311705 -0.7496080825665935 -0.29875984803175015 -0.25245442302833593 0.34600021654359953 0.30483769420480517 0.32097720920339301 -0.43944555020203141 0.17578507805884841 -0.64874848821547637 0.1659447597566345 -0.11709412593594433 -0.18060274450161967 0.2219898563463211 -0.15655309918186405 -1.1480862551747986 -0.15802991587564358 -0.13106175862985767 1.8823624323751282 0.14794718724455294 -0.69911863446286648 -1.110502929351064 -1.164838285772779 -0.023142909669409663 -0.38165149915232655 4.9889434435740325 -1.1352554089110243 -0.12961964355990468 -0.62482101659901523 -0.9685840015082996 2.9115455571430164 -0.55250160644198265 2.590570197612005 0.071725763869119427 -1.5832999110378028 0.083596555831503147 0.2360396891902756 -1.0800423131618417 0.83147549255753828 -0.3890049629886505 -0.31772002374918373 -0.47819017686336451 -0.45914471472995333 -0.84081337946187473 -0.80165098280944758
leaf_weight=28 139 388 21 69 123 84 23 147 239 20 780 650 148 36 470 860 269 58 87 47 872 91 31 34 30 706 43 34 322 178 335 119 72 43 87 23 35 360 81 44 27 128 26 217 43 53 259 23 60 55 62 53 24 24 77 31 76 36 32 113 112 60
leaf_count=28 139 388 21 69 123 84 23 147 239 20 780 650 148 36 470 860 269 58 87 47 872 91 31 34 30 706 43 34 322 178 335 119 72 43 87 23 35 360 81 44 27 128 26 217 43 53 259 23 60 55 62 53 24 24 77 31 76 36 32 113 112 60
internal_value=-0.00166624 -0.000677579 -0.00231823 0.000221131 0.00103623 -0.00129221 -0.00594005 0.00163507 -0.000790943 -0.00293236 0.00248201 0.00116078 0.00322987 -0.00286624 -0.00728668 0.00439225 -0.00322896 0.00114155 0.00127688 -0.00019305 0 -0.00137039 -0.00169783 -0.00261364 -0.00546875 0.00171233 -0.00562819 -0.00468992 -0.00222772 -0.00321473 -0.000582524 -0.00531656 0.00027439 -0.0044335 -0.00233275 0.00326087 -0.00625 -0.00633013 -0.00144704 -0.00304204 0.00524554 -0.00430046 0.00730769 -0.00486809 -0.00130495 -0.00608553 -0.00724382 0.00140931 0.00301418 0.00095339 -0.00137712 -0.00285714 0.00735294 -0.00164474 -0.00428241 -6.94444e-05 0.00102273 -0.00239726 -0.00132576 -0.00251572 -0.0087931 -0.00764967
internal_weight=9817 7985 2844 5141 3630 2396 1832 3162 803 581 2359 1430 295 468 1251 929 508 216 173 1800 1753 963 1511 107 365 790 781 642 1310 798 512 295 407 596 281 66 315 465 403 223 109 215 62 395 179 73 280 201 138 115 105 172 82 111 105 177 107 70 63 156 142 448
internal_count=9817 7985 2844 5141 3630 2396 1832 3162 803 581 2359 1430 295 468 1251 929 508 216 173 1800 1753 963 1511 107 365 790 781 642 1310 798 512 295 407 596 281 66 315 465 403 223 109 215 62 395 179 73 280 201 138 115 105 172 82 111 105 177 107 70 63 156 142 448
cat_boundaries=0 2 4 5 7 8 9 10 11 12 14
cat_threshold=2284884960 1093638 61141058 1635344 1 369369091 82601 2920 773 2355 652 1 32896 640
is_linear=0
shrinkage=0.05


Tree=39
num_leaves=63
num_cat=10
split_feature=14 16 8 1 10 1 20 1 19 19 20 2 1 20 8 22 1 5 16 2 22 1 20 19 5 4 20 7 19 5 18 16 20 18 10 7 20 18 19 19 7 20 2 19 18 18 8 11 19 19 8 10 5 7 10 8 20 22 7 8 7 8
split_gain=15.4488 6.51382 3.38431 3.00234 2.83732 2.82197 2.60599 2.59229 2.19504 2.15571 1.83366 1.22776 1.21491 1.34949 1.21282 1.14918 1.35539 1.27916 1.09007 1.0757 1.98247 1.01847 0.973427 0.889923 1.56995 0.810302 0.737914 0.729865 0.693751 0.682737 0.659264 0.655804 0.638158 0.880665 0.57161 0.57079 0.56434 0.559125 0.526914 0.521137 0.517138 0.632083 0.488503 0.466092 0.57405 0.434394 0.456868 0.388495 0.352234 0.506324 0.318174 0.317089 0.267113 0.260928 0.811707 0.214999 0.211936 0.323262 0.384221 0.182933 0.474322 0.099376
threshold=2.5000000000000004 1.7139006301557831 270.0750000000001 0 684.03500000000008 1 259.50000000000006 2 2602.9250000000006 900.42499999999995 7.5000000000000009 3 4 249.50000000000003 658.2650000000001 2.5811813947440876 5 105.50000000000001 2.4827640320455515 6 14.148025727052859 7 8.5000000000000018 136.49499999999992 313.50000000000006 8 43.500000000000007 149.98500000000004 227.96999999999994 348.50000000000006 1.0064211558530356 2.8457653557092111 1.5000000000000002 0.61543236532440904 209.15500000000003 1080.0050000000003 34.500000000000007 1.0404679009680091 2343.4300000000007 3365.5000000000005 461.37500000000006 84.500000000000014 9 651.54000000000008 0.1393929856481628 0.32407007568942153 615.23500000000013 311.61000000000007 1550.3900000000001 1396.425 1343.5150000000003 717.2700000000001 286.50000000000006 540.00000000000011 1041.8500000000001 1829.4250000000004 46.500000000000007 17.587558722662507 540.00000000000011 1071.7650000000003 371.54000000000002 1926.3700000000001
decision_type=2 2 2 9 2 9 2 9 2 2 2 1 9 2 2 2 9 2 2 1 2 9 2 2 2 9 2 2 2 2 2 2 2 2 2 2 2 2 2 2 2 2 1 2 2 2 2 2 2 2 2 2 2 2 2 2 2 2 2 2 2 2
left_child=1 3 21 4 -1 11 8 18 10 -8 -7 32 31 -14 38 16 17 27 26 20 28 48 -10 24 37 -19 -2 -5 -9 -26 -16 -13 33 -4 -23 55 53 -17 42 -40 47 -42 -6 -36 -45 -25 -47 -18 49 52 -37 -34 -3 54 -22 59 -28 -58 -59 60 -21 -52
right_child=7 2 5 15 14 6 9 19 22 -11 -12 12 13 -15 30 23 40 25 -20 35 36 34 -24 45 29 -27 56 -29 -30 -31 -32 -33 51 -35 43 50 -38 -39 39 -41 41 -43 -44 44 -46 46 -48 -49 -50 -51 61 -53 -54 -55 -56 -57 57 58 -60 -61 -62 -63
leaf_value=3.136268455610816 -1.2058222139305876 -1.4043706244694825 -1.2199449727102036 0.18207378653584244 -0.75406179180517585 1.1836068435111144 6.7555298136299005 -0.80041969653898004 -0.027684856999175268 -0.26073881556466355 0.044034258962049579 -0.92655466685389731 -0.0033144603767269135 3.2134734304143251 -0.060411861802872835 -0.016892045698274672 -1.3494237179338939 -0.31910125211836732 0.46252881454890798 -1.3013982044267969 -1.8410415577018533 1.1215580455169512 -0.9540752125480314 -0.25828645823995128 0.10352102306041325 0.22406586476388118 -0.74721868888850007 -1.4552464187560106 -0.05986348989665622 -0.6149647387673256 0.5693418604933651 -0.18299110285055351 -0.084681838138339682 3.0362871068842447 0.039801618129604324 0.18609625578399547 0.53021122617724714 -0.70906536640694184 0.4367541025607814 -0.98279626470247983 -0.52287614954273554 0.43698385445958832 -0.14196834749707321 0.33627456275051276 -0.78311758254518726 -0.76989259541351673 -0.38316256008769634 -1.0095009353340352 -1.401742571468142 0.14178340052223817 -0.49040061266696289 -1.2211205633012139 -0.40574854396844773 -0.64862336927877173 0.29181011126112039 -0.39139140729268829 -1.1365501136419802 -1.0249386581652276 0.32296113350565181 -1.4381771613120589 -0.50775651759475726 -0.070285862509370398
leaf_weight=62 559 60 213 29 101 1053 44 74 200 26 2082 46 1260 38 37 31 25 152 25 160 20 36 140 28 144 290 20 145 40 45 55 376 23 27 31 21 39 311 22 21 208 32 110 35 101 207 44 243 122 21 23 92 21 22 21 22 55 25 24 69 188 21
leaf_count=62 559 60 213 29 101 1053 44 74 200 26 2082 46 1260 38 37 31 25 152 25 160 20 36 140 28 144 290 20 145 40 45 55 376 23 27 31 21 39 311 22 21 208 32 110 35 101 207 44 243 122 21 23 92 21 22 21 22 55 25 24 69 188 21
internal_value=-0.0016917 -0.000865408 0 -0.00310235 0.000712589 0.000329006 0.00119098 -0.00649895 0.000981167 0.0106164 0.00140615 -0.00111949 -0.000519331 0.000209764 -0.000931232 -0.00391628 -0.00279503 -0.00103339 -0.00873786 -0.00402456 -0.000655022 -0.00427326 -0.00276968 -0.0054428 -0.00400281 0.000280899 -0.00923834 -0.00466102 -0.00534188 -6.51042e-05 0.00368421 -0.00281609 -0.00377038 -0.00205761 -0.00109954 -0.00531915 0.00404762 -0.00601449 -0.00282101 0.0013587 -0.0047025 -0.0026749 -0.00391355 -0.00257353 -0.00395683 -0.0079344 -0.0086122 -0.00645756 -0.00654008 -0.00357143 -0.000183824 -0.00709746 -0.00550595 0.000189394 0.003125 -0.00608032 -0.00472441 -0.00560748 -0.00120192 -0.00633929 -0.00541311 -0.00319149
internal_weight=9817 8389 6047 2342 408 5620 3545 1428 3475 70 3135 2075 1720 1298 346 1934 1124 616 708 720 216 427 340 810 531 442 683 174 114 189 92 422 355 240 203 504 102 342 254 43 508 240 211 167 136 279 251 268 224 102 65 115 81 63 41 439 124 104 49 417 348 44
internal_count=9817 8389 6047 2342 408 5620 3545 1428 3475 70 3135 2075 1720 1298 346 1934 1124 616 708 720 216 427 340 810 531 442 683 174 114 189 92 422 355 240 203 504 102 342 254 43 508 240 211 167 136 279 251 268 224 102 65 115 81 63 41 439 124 104 49 417 348 44
cat_boundaries=0 2 4 6 7 9 11 12 14 15 16
cat_threshold=27279888 1665 2180310240 1617026 35688815 279184 1041 20217920 1582080 840175747 65536 1792 536875016 4609 6 390
is_linear=0
shrinkage=0.05


Tree=40
num_leaves=61
num_cat=0
split_feature=14 21 21 21 5 20 20 7 17 5 20 20 22 7 11 6 7 7 18 11 17 8 18 17 5 21 21 8 8 9 8 5 21 5 18 20 7 6 5 5 20 18 21 8 7 7 22 7 11 11 8 22 22 7 20 17 18 8 7 7
split_gain=14.9157 5.23865 4.22851 3.80712 2.77255 3.24537 2.5737 2.17455 1.39615 1.41719 1.36776 1.36076 1.32472 1.32161 2.03443 1.30052 1.15648 2.25071 1.37525 1.3735 1.10082 1.0529 1.00712 0.986274 1.78197 0.985816 0.968215 0.909039 0.879673 0.87668 1.32585 1.05117 0.81628 0.794889 0.70903 0.686694 0.670522 0.649259 0.794781 0.621168 0.415969 0.412275 0.401575 0.355567 0.596313 0.354408 0.362561 0.352909 0.335182 0.923394 0.685113 0.334357 0.264463 0.238129 0.224257 0.400457 0.177656 0.374982 0.089107 0.012766
threshold=2.5000000000000004 21.125000000000004 34.928571428571438 64.550000000000011 72.500000000000014 15.500000000000002 290.50000000000006 742.09500000000014 1.8226612779367457 128.50000000000003 142.50000000000003 19.500000000000004 23.733757794774647 896.83000000000015 1833.1550000000002 982.82000000000016 575.75500000000011 630.62500000000011 1.0875664215082523 2269.1850000000004 1.2000070682404826 766.19000000000017 1.6948299254504497 2.0519917996896186 131.50000000000003 5.5000000000000009 52.100000000000009 1151.8000000000002 1442.0900000000004 275.91500000000008 345.56 205.50000000000003 42.071428571428577 128.50000000000003 0.64203018196118389 177.50000000000003 1247.3350000000003 2501.0100000000007 14.500000000000002 58.000000000000007 44.500000000000007 0.60461723463720662 56.583333333333336 689.31000000000006 447.26500000000004 1439.3900000000003 13.164867694070059 1093.4100000000001 2645.4550000000004 2226.9100000000003 863.65500000000009 55.878585992619769 26.826284509320082 820.61000000000013 54.500000000000007 2.4058448978320865 0.50134334126802838 1033.3750000000002 1.0000000180025095e-35 941.92000000000007
decision_type=2 2 2 2 2 2 2 2 2 2 2 2 2 2 2 2 2 2 2 2 2 2 2 2 2 2 2 2 2 2 2 2 2 2 2 2 2 2 2 2 2 2 2 2 2 2 2 2 2 2 2 2 2 2 2 2 2 2 2 2
left_child=1 4 25 10 11 29 13 8 -4 -10 12 37 23 21 -15 -5 19 18 -18 22 34 -7 -17 36 -25 -2 -22 32 -19 33 -31 -32 -9 -6 -14 42 -3 38 47 59 52 -40 -12 44 -41 46 -29 -1 49 -11 -50 -21 -27 -45 55 -42 57 -39 -35 -13
right_child=2 3 7 15 5 6 -8 27 9 48 35 39 20 14 -16 16 17 28 -20 51 26 -23 -24 24 -26 40 -28 45 -30 30 31 -33 -34 58 -36 -37 -38 56 41 43 54 -43 -44 53 -46 -47 -48 -49 50 -51 -52 -53 -54 -55 -56 -57 -58 -59 -60 -61
leaf_value=-1.1979572965534568 0.085404495895816099 -0.72922713684628215 -0.79160167880256571 3.9607592997882279 3.089212529631256 -0.084930386634623295 3.640523198415055 -0.88321235637007478 -1.0893543978227436 -0.16405279881536927 1.2055114084310288 -1.4022102015255578 0.31632314927749694 1.8271389440801054 0.0079572063675811943 -0.15186995593791011 0.27829604582114625 0.0080389590898194644 2.0599473523462919 -0.8542967800838398 -0.27756289178437932 -0.75659951843561268 0.2169535360354857 -1.4953781933625565 -0.086553193804888198 -1.2384087218269395 0.29713882738553077 -0.062376209926030768 -0.37688841119635835 5.8666129101889712 1.0631564869459731 3.2812600145264099 0.90392736771012216 -1.0121052742149168 -0.86864464009682862 -0.8268565066463105 -0.2775448997708132 -0.23186060129256456 0.051614422788838259 -0.11400457499344654 -1.0570120183437219 1.3571301433971801 -0.39734224846884492 0.61670264386935614 -1.2625627341530794 0.34853747986031114 -1.2219422807766191 0.57732936424422332 -0.56366140000236986 0.39161677675129669 0.084944064155521914 -0.093992068197174206 -0.75196804056617417 -0.63399753001301029 -0.9997349125513687 0.14600298583714366 0.29394212158276328 -1.4885028376734653 -3.6205538552046179 -1.1285594033598949
leaf_weight=90 20 704 162 38 21 1721 39 22 70 133 42 161 22 147 526 829 57 594 27 132 127 214 23 77 273 642 91 26 79 26 763 234 37 23 105 35 63 187 463 45 33 70 22 29 26 37 31 24 37 30 25 21 22 27 67 34 20 109 41 22
leaf_count=90 20 704 162 38 21 1721 39 22 70 133 42 161 22 147 526 829 57 594 27 132 127 214 23 77 273 642 91 26 79 26 763 234 37 23 105 35 63 187 463 45 33 70 22 29 26 37 31 24 37 30 25 21 22 27 67 34 20 109 41 22
internal_value=-0.00163569 -0.000823701 -0.00635919 -0.00235211 0.000188829 0.000881453 -5.18868e-05 -0.00305873 -0.00480978 -0.00247483 -0.004164 -0.0018123 -0.00455631 -0.000268097 0.00160873 -0.000748752 -0.000977337 0.000444079 0.00804598 -0.00209573 -0.00161638 -0.000948142 -0.00122807 -0.00541295 -0.00290368 -0.00873934 0.000339367 0.00184295 -0.000462278 0.00315032 0.00356969 0.0031875 0.00665323 -0.00127841 -0.00528846 0.00110294 -0.00647727 -0.000815217 1.92308e-05 -0.00471246 -0.00901998 0.000909515 0.00447761 -0.00144231 -0.00388514 -0.000773196 -0.00354167 -0.00363248 -0.000274123 0.000677711 -0.00346154 -0.00649038 -0.00967016 0.000847458 -0.00529197 -0.00196429 -0.00266458 -0.00301003 -0.00447761 -0.00665323
internal_weight=9817 8389 1428 3361 5028 3755 2647 610 457 295 1561 1273 1462 2608 673 1800 1762 757 84 1005 345 1935 852 1117 350 818 218 153 673 1108 1023 997 59 85 127 99 767 963 647 310 798 533 64 127 71 94 57 114 225 163 62 153 664 56 134 67 316 296 64 183
internal_count=9817 8389 1428 3361 5028 3755 2647 610 457 295 1561 1273 1462 2608 673 1800 1762 757 84 1005 345 1935 852 1117 350 818 218 153 673 1108 1023 997 59 85 127 99 767 963 647 310 798 533 64 127 71 94 57 114 225 163 62 153 664 56 134 67 316 296 64 183
is_linear=0
shrinkage=0.05


Tree=41
num_leaves=60
num_cat=2
split_feature=14 16 17 19 17 23 5 0 6 5 5 5 9 17 17 6 16 19 5 17 17 22 22 18 5 5 16 4 16 18 7 19 22 18 23 18 7 17 16 16 16 7 11 16 5 10 5 19 18 5 22 7 11 18 5 10 22 5 5
split_gain=14.3861 5.02313 4.03528 2.42167 2.0677 2.01211 2.79017 1.91472 2.26398 2.25881 2.06239 4.07482 1.79708 1.77848 1.44381 1.34033 1.15436 1.26949 1.20439 1.06149 0.991218 0.902519 0.894596 0.812873 1.64397 0.870035 0.798553 0.739276 0.733382 0.685693 1.34044 0.68071 0.699074 0.651411 0.595598 1.08581 0.567004 0.476982 0.461386 0.439266 0.395238 0.412387 0.394536 0.3691 0.35925 0.348147 0.78102 0.308397 0.41486 0.35209 0.277403 0.526824 0.242369 0.992783 0.280822 0.231163 0.182002 0.131264 0.0202224
threshold=2.5000000000000004 1.7139006301557831 1.2308454590991635 3784.0800000000004 2.5257948575450815 4.5000000000000009 160.50000000000003 0 2012.74 315.50000000000006 180.50000000000003 151.50000000000003 1.0000000180025095e-35 2.7949978687973904 2.2776945875742722 3372.3600000000001 0.56723149268237882 2086.5800000000004 112.50000000000001 2.2010709133616806 2.5920030753581833 11.272199976682165 48.233571367148507 0.97118314201062772 307.50000000000006 350.50000000000006 1.3345818523257449 1 0.97107540065466069 0.91319016785726859 661.36500000000012 877.83999999999992 13.841957637252952 0.26416669599183595 3.5000000000000004 1.3466023635291122 1325.6450000000002 1.2991526969301095 1.6800549521495223 2.0475284473756896 2.1158241827117537 497.78000000000009 2204.5250000000005 1.5795177346722584 187.50000000000003 1363.9450000000002 74.500000000000014 1092.9550000000002 0.15223391807720729 77.500000000000014 1.4571067811865479 1080.0050000000003 1543.1550000000002 0.44611087747727624 329.50000000000006 992.08500000000015 17.587558722662507 307.50000000000006 135.50000000000003
decision_type=2 2 2 2 2 2 2 1 2 2 2 2 2 2 2 2 2 2 2 2 2 2 2 2 2 2 2 9 2 2 2 2 2 2 2 2 2 2 2 2 2 2 2 2 2 2 2 2 2 2 2 2 2 2 2 2 2 2 2
left_child=1 4 22 7 12 6 40 8 14 -10 11 -9 52 28 -4 38 17 -6 47 -12 -20 -7 27 33 37 -26 -22 29 -8 55 -31 32 -30 -14 35 -29 39 -25 56 44 50 -42 -24 -35 -23 46 -5 49 -49 -18 51 -2 53 54 -1 -3 -15 -46 -48
right_child=5 2 3 45 16 21 13 10 9 -11 19 -13 23 15 -16 -17 18 -19 20 -21 26 36 42 24 25 -27 -28 34 31 30 -32 -33 -34 43 -36 -37 -38 -39 -40 -41 41 -43 -44 -45 57 -47 58 48 -50 -51 -52 -53 -54 -55 -56 -57 -58 -59 -60
leaf_value=0.31149707970519958 -0.90332705387541812 -1.4542099012460481 0.2199399470231036 -1.3801332847889904 3.6688950295708511 -1.1150579315477689 -0.79810985882835583 -0.19876835217733133 0.02837936336390641 0.84388920748523621 -0.044693092465051626 -5.1244146596597746 -0.062562759420186784 -0.35279780727755949 2.6216339924907501 0.58681687523859549 -0.96473268333794204 -1.2777060127054682 0.9298018327973131 0.87941010344878812 0.15203835851432146 -0.81004928349417116 0.19465173753154091 -1.0411274057752131 0.054055083887348587 -0.69806708604179468 -0.16011274209721621 -0.70641831356982943 -0.77405408632435524 0.86097830571821321 -0.88256878188662924 -0.50032912936110385 0.15306154109026374 -0.66507379677077749 -0.85815468359002312 0.0087518120885690109 -0.099835288519684443 -0.51370308068841852 -0.50355923118071466 -0.073422253408937446 -1.1454558801249841 0.073472631393563151 -0.32352099210307728 -0.58835410316505732 -0.98288387002028577 -1.9438275510875282 -1.1697352298017758 -0.060289899091419845 -1.2278972539175435 -0.18198464849977186 -1.1990102442568067 -0.030784517863023809 -0.4475986114455669 3.0005270841173344 -1.4248919785798817 -0.07167934696562224 0.14189897447877087 -0.64615295048253829 0.36495894773102155
leaf_weight=70 205 48 147 71 40 203 49 384 3119 361 457 114 26 20 255 33 87 25 40 265 173 23 25 80 214 34 465 385 51 44 35 52 95 366 74 117 22 308 27 26 22 39 29 39 130 39 20 22 171 113 251 30 22 25 22 38 20 130 20
leaf_count=70 205 48 147 71 40 203 49 384 3119 361 457 114 26 20 255 33 87 25 40 265 173 23 25 80 214 34 465 385 51 44 35 52 95 366 74 117 22 308 27 26 22 39 29 39 130 39 20 22 171 113 251 30 22 25 22 38 20 130 20
internal_value=-0.00161533 -0.000817743 -4.75207e-05 0.000447193 -0.00278252 -0.00625437 -0.0046544 0.000641528 0.00119048 0.000760838 -0.00106296 -0.00354291 -0.00423904 -0.000964286 0.00475309 0.00436893 -0.00118525 0.00496324 -0.00161778 0.000586207 -0.000256975 -0.00879888 -0.00336779 -0.00494159 -0.00359937 -0.000199203 -0.000819033 -0.00384745 -0.00335 -0.000351124 0.00259146 -0.00161692 0 -0.00676843 -0.00466893 -0.00391089 -0.0066991 -0.0056266 0 -0.0072516 -0.00688636 -0.00175781 0.00219298 -0.00726103 -0.00782343 -0.00571895 -0.00339912 -0.00381944 -0.00542092 -0.00197044 -0.00741309 -0.00540966 0.000792254 0.00197917 0 -0.00365169 0.00348837 -0.00836502 0.00116279
internal_weight=9817 8389 6047 5252 2342 1428 894 5102 3882 3480 1220 498 1206 347 402 100 1136 65 1071 722 678 534 795 1067 636 248 638 741 247 165 79 198 146 431 576 502 331 388 67 309 547 61 54 405 283 150 111 393 193 200 486 235 139 117 92 86 40 260 40
internal_count=9817 8389 6047 5252 2342 1428 894 5102 3882 3480 1220 498 1206 347 402 100 1136 65 1071 722 678 534 795 1067 636 248 638 741 247 165 79 198 146 431 576 502 331 388 67 309 547 61 54 405 283 150 111 393 193 200 486 235 139 117 92 86 40 260 40
cat_boundaries=0 1 2
cat_threshold=1 8
is_linear=0
shrinkage=0.05


Tree=42
num_leaves=60
num_cat=12
split_feature=23 16 1 21 1 6 8 20 8 16 16 2 6 0 2 8 1 2 10 20 10 20 2 8 1 2 20 2 10 18 21 2 8 18 20 16 21 19 22 16 18 10 16 10 16 8 20 22 10 19 22 18 6 18 21 19 20 16 16
split_gain=12.7512 5.53249 2.79523 2.53247 2.34544 2.13803 2.02184 1.82851 1.65986 1.45307 2.54475 2.27968 1.44963 1.44112 2.20872 1.5873 1.29853 1.6884 1.43786 1.3148 1.2357 1.1648 1.05005 0.929211 1.61787 1.36629 1.58844 1.21566 1.00118 0.906104 0.873217 0.864961 0.852881 0.780013 0.748204 0.654094 0.622353 0.563653 0.559161 0.541383 0.528846 0.502411 0.423958 0.414062 0.413127 0.475722 0.382078 0.372518 0.330185 0.466944 0.298135 0.397838 0.368231 0.284282 0.305882 0.189538 0.0817145 0.0661058 0.0298764
threshold=3.5000000000000004 1.500002791455912 0 35.845238095238102 1 4168.3500000000013 270.0750000000001 259.50000000000006 482.25500000000005 0.2200322808405957 1.0584491342528539 2 1734.8500000000001 3 4 815.95500000000004 5 6 766.19000000000017 18.500000000000004 3025.8050000000007 96.500000000000014 7 719.76500000000021 8 9 68.500000000000014 10 558.21000000000015 1.6948299254504497 61.416666666666679 11 1286.8350000000003 0.11263357614573438 52.500000000000007 2.3332942579795986 82.166666666666671 893.63000000000011 50.173854969986287 0.65782749286504327 0.74378126237000275 1389.2450000000001 1.9732612081275454 2289.855 2.8457653557092111 956.22500000000014 1.0000000180025095e-35 12.331526659695784 661.36500000000012 595.56500000000005 23.333567156089305 1.3915264533706417 7388.420000000001 1.4161944817387699 47.100000000000009 680.20500000000004 75.500000000000014 0.92351190358934743 0.78054820797219537
decision_type=2 2 9 2 9 2 2 2 2 2 2 1 2 1 1 2 9 1 2 2 2 2 1 2 9 1 2 1 2 2 2 1 2 2 2 2 2 2 2 2 2 2 2 2 2 2 2 2 2 2 2 2 2 2 2 2 2 2 2
left_child=1 4 6 35 9 7 33 13 48 37 57 55 20 15 -15 -4 17 21 -19 31 42 -8 46 24 25 26 -6 39 -29 -27 44 -18 -21 -3 -13 47 41 -1 -35 -26 -9 -24 43 -10 45 -14 -7 -2 -5 53 52 -52 56 54 -50 -12 -25 58 -11
right_child=3 2 5 8 23 22 16 40 12 10 11 34 30 14 -16 -17 19 18 -20 32 -22 -23 36 50 27 29 -28 28 -30 -31 -32 -33 -34 38 -36 -37 -38 -39 -40 -41 -42 -43 -44 -45 -46 -47 -48 -49 49 -51 51 -53 -54 -55 -56 -57 -58 -59 -60
leaf_value=0.10179621320666571 -1.2202541791872712 0.018509967892189394 0.13340285640210539 -0.15583120515705959 -0.31891502765084501 -0.77474355049820665 1.0983821551663269 0.95837090933241742 0.21540830370813069 -0.76193159075517025 -0.37992021166352646 0.11079289920214991 -0.618146707511815 0.39267532102429714 -0.639267787764211 1.1136177243307572 -1.0101772548360601 0.18300459144685421 -0.20577409566005295 -0.54630834981540277 0.47192329406956124 0.018121849595742392 0.1189341905940946 -1.0031054458418704 -0.96411701545612483 -0.64664899251746455 0.39405923933758447 0.64873238966890134 -0.48385156148925079 0.37376930070961412 0.16577846623267087 3.1998917984381365 0.14155195450140676 -1.0785176209761695 0.53072739473281849 -0.57835041097062079 0.22701646049122887 3.0143786278300149 0.047198450003455156 -1.1346431065387184 8.8906702202556485 -1.1513346240535183 -0.84239914490273482 -0.18958371815336222 -0.86191258736469545 -0.11273866094394745 -1.4756225794203266 -0.70175143103692672 -0.81593788670254686 -0.88693878853950392 0.35205144030912322 -0.24808760057297619 -0.69569359589916857 -0.72522872959879836 0.1807494067443603 -1.4162179244484849 -0.52453175351111025 -1.6570677582495343 -0.43800283243959853
leaf_weight=20 294 39 905 33 367 22 161 23 21 25 52 71 121 274 324 673 115 808 1848 307 22 249 79 222 28 335 142 55 169 24 27 105 70 220 106 33 22 43 21 219 24 71 27 20 35 92 84 231 42 92 24 31 21 93 40 55 71 46 24
leaf_count=20 294 39 905 33 367 22 161 23 21 25 52 71 121 274 324 673 115 808 1848 307 22 249 79 222 28 335 142 55 169 24 27 105 70 220 106 33 22 43 21 219 24 71 27 20 35 92 84 231 42 92 24 31 21 93 40 55 71 46 24
internal_value=-0.00161533 -0.000927649 -0.000186133 -0.00639274 -0.00312355 0.00110879 -0.0010206 0.00164533 -0.00413548 5.49451e-05 -0.0010144 0.00121951 -0.0016644 0.00139972 -0.00062396 0.00219798 -0.000692171 -0.000251705 -0.000730611 -0.00280738 0.00349462 0.00265957 -0.00293594 -0.00395119 -0.00326937 -0.00181612 -2.39464e-05 -0.00565599 -0.00232068 -0.00413306 -0.00355216 0 -0.00463816 -0.00512367 0.00467105 -0.00895722 0 0.00700758 -0.00619877 -0.00822115 0.01125 -0.00147059 0 0.003125 -0.00458167 -0.00329861 -0.00651261 -0.00939867 -0.00693069 -0.0075463 -0.00635081 -0.00150862 -0.00701893 -0.00526685 -0.00205882 -0.0040625 -0.00747466 -0.00803571 -0.00408654
internal_weight=9817 8594 6444 1223 2150 2501 3943 2223 665 442 379 284 365 2176 598 1578 3663 3066 2656 597 90 410 278 1708 1339 868 509 471 224 359 275 220 377 280 177 558 172 63 241 247 47 150 68 41 248 213 106 525 300 267 369 55 314 175 82 107 293 95 49
internal_count=9817 8594 6444 1223 2150 2501 3943 2223 665 442 379 284 365 2176 598 1578 3663 3066 2656 597 90 410 278 1708 1339 868 509 471 224 359 275 220 377 280 177 558 172 63 241 247 47 150 68 41 248 213 106 525 300 267 369 55 314 175 82 107 293 95 49
cat_boundaries=0 2 4 5 6 7 9 10 11 13 14 15 16
cat_threshold=2746544608 1621122 268984336 67201 2248 1 2634 2727612800 6274 520 562 2803105989 262144 960 3904 561
is_linear=0
shrinkage=0.05


Tree=43
num_leaves=63
num_cat=2
split_feature=15 21 16 7 13 7 5 2 11 5 5 16 5 8 11 8 5 2 7 13 10 10 21 9 21 5 16 9 5 10 9 21 7 18 7 18 5 22 8 18 11 8 11 10 18 22 18 5 5 10 5 16 10 21 5 22 8 8 5 18 18 16
split_gain=11.785 3.64514 3.4688 2.52185 3.11205 2.22909 2.05236 1.31608 2.27569 1.25662 1.15783 1.1253 0.9723 1.38388 0.958328 1.0757 1.02706 0.886035 0.834697 1.67959 1.05708 0.804974 0.797927 1.37737 0.725527 0.78659 0.744804 0.765378 0.721077 0.661535 0.649619 0.626577 0.621547 0.615705 2.42638 0.59374 0.593294 1.2366 0.574813 0.557531 0.546966 0.719058 0.542702 0.867857 0.516168 0.505133 0.99332 0.499256 0.495728 0.505878 0.470447 0.704253 0.600982 0.541964 0.461643 0.547431 0.454249 0.440917 0.435389 0.336712 0.3014 0.268787
threshold=4.5000000000000009 34.928571428571438 1.500002791455912 308.31500000000005 1.5000000000000002 1078.9200000000003 347.50000000000006 0 1893.4250000000002 210.50000000000003 242.50000000000003 2.2606347884862177 111.50000000000001 149.98500000000004 633.33500000000015 1650.8550000000002 144.50000000000003 1 1.0000000180025095e-35 1.5000000000000002 1007.5800000000003 1960.8450000000005 48.100000000000009 1801.2250000000004 17.550000000000004 123.50000000000001 1.3767152251508821 1045.1500000000003 131.50000000000003 3730.2300000000009 688.94500000000016 17.550000000000004 509.73000000000008 0.44611087747727624 360.12500000000006 1.766816942055432 200.50000000000003 16.958909933030903 691.10000000000002 0.77817254947468129 592.15500000000009 295.72500000000008 1806.0150000000001 2340.9350000000004 0.068097075107623375 51.916548513242581 0.9946844740620745 116.50000000000001 271.50000000000006 691.58500000000015 312.50000000000006 2.5826339978208366 3935.1050000000005 47.100000000000009 328.50000000000006 13.438749426834796 720.09500000000014 540.23500000000013 314.50000000000006 0.14741719905178402 0.48409667494332298 1.3657012889133493
decision_type=2 2 2 2 2 2 2 1 2 2 2 2 2 2 2 2 2 1 2 2 2 2 2 2 2 2 2 2 2 2 2 2 2 2 2 2 2 2 2 2 2 2 2 2 2 2 2 2 2 2 2 2 2 2 2 2 2 2 2 2 2 2
left_child=2 11 12 18 7 9 50 8 10 32 -5 54 13 44 16 -16 -9 30 19 20 38 -10 23 -11 25 26 27 -14 47 -25 -6 39 42 -27 -35 -32 60 -38 -4 -15 -30 -42 -3 -44 -1 46 -24 -26 56 -50 51 53 -52 -7 -2 -56 59 -22 -47 -20 -19 -34
right_child=1 5 3 4 17 6 -8 14 21 22 -12 -13 24 31 15 -17 -18 36 48 -21 57 -23 45 29 28 33 -28 -29 40 -31 35 -33 61 34 -36 -37 37 -39 -40 -41 41 -43 43 -45 -46 58 -48 -49 49 -51 52 -53 -54 -55 55 -57 -58 -59 -60 -61 -62 -63
leaf_value=-1.4950105287508828 -1.0817295632832937 -0.22662756129824368 -0.15174678198253347 -0.062061989418280922 0.74193776915689669 -0.35438465540133141 0.67974132681998722 0.34779256309566764 -0.95532959842784004 -0.60690811397518729 0.68723231144525843 -0.013818292467377803 5.1384715206733418 -0.90209775807684167 0.090199467466670319 1.2092897143429546 2.8054290610117181 0.27298550383301096 -0.39446397157889024 1.0641966533876368 -0.034531243703907859 -0.19980145481848341 -0.59529565548898911 0.95723315785248708 -0.23167596916797742 -0.59165272717299755 -0.12934650785052143 0.013072988900110261 0.71834554610151702 -0.86133709239027623 -1.0413943489721997 -1.0653252750689881 -0.18386116040796185 3.2514596403686213 -0.20133612012389435 0.0084725659168814367 1.0779260009884408 -0.35879333062803909 2.7135396388336677 -0.25280076067731266 -0.58999259221324485 -0.095727103961286988 0.3043047343490784 -0.32554594182343061 0.53915072049982204 -1.2235055851895298 -0.23642452253568305 -1.3424603876825731 -0.29847648588219045 0.13899132103574205 -0.51005815152817113 0.39169036958998049 0.29650896781905356 -1.0871116230031272 -0.93171655259576525 0.043080017878657541 0.57899873353507414 -1.2557491571002739 0.47143665458422179 -1.1471577779720421 -1.0099452712915522 -0.51037747930756872
leaf_weight=31 528 32 130 1079 22 35 22 165 161 362 289 41 20 232 2667 150 148 26 108 48 24 166 162 30 21 173 35 21 34 28 250 145 20 38 102 20 20 20 31 82 224 567 25 32 27 25 282 60 141 33 25 25 22 32 33 26 23 78 20 301 73 25
leaf_count=31 528 32 130 1079 22 35 22 165 161 362 289 41 20 232 2667 150 148 26 108 48 24 166 162 30 21 173 35 21 34 28 250 145 20 38 102 20 20 20 31 82 224 567 25 32 27 25 282 60 141 33 25 25 22 32 33 26 23 78 20 301 73 25
internal_value=-0.00155932 -0.00517711 -0.000721395 -0.000147749 0.00026621 -0.0034797 0.00175305 0.000639499 -0.000461066 -0.00433795 0.000401167 -0.00832013 -0.00264463 -0.00454327 0.00124881 0.000935284 0.00391614 -0.00377304 -0.00256793 -0.000278662 -0.00202068 -0.00420455 -0.00500274 -0.00673759 -0.00183937 0 0.00443038 0.00880682 -0.00261276 0 -0.0052459 -0.00549242 0 -0.00114715 0.00104895 -0.00613553 0 0.00465116 0.000228659 -0.00386435 -0.00206824 -0.0023772 0.00258152 0.005625 0.00204918 -0.00337907 -0.00391499 -0.00729167 -0.00365353 -0.000988701 -0.000264085 -0.00263158 0.00325 -0.00553571 -0.00887712 -0.00302419 -0.0045977 -0.00595238 0.00078125 -0.00500607 -0.00232843 -0.00442708
internal_weight=9817 1832 7985 6173 5256 1204 161 4825 1695 1043 1368 628 1812 517 3130 2817 313 431 917 311 263 327 909 420 1295 389 76 41 906 58 292 459 134 313 140 270 139 40 161 314 825 791 89 57 58 489 444 81 606 174 139 92 47 67 587 59 432 102 45 409 99 45
internal_count=9817 1832 7985 6173 5256 1204 161 4825 1695 1043 1368 628 1812 517 3130 2817 313 431 917 311 263 327 909 420 1295 389 76 41 906 58 292 459 134 313 140 270 139 40 161 314 825 791 89 57 58 489 444 81 606 174 139 92 47 67 587 59 432 102 45 409 99 45
cat_boundaries=0 1 2
cat_threshold=1107 2227
is_linear=0
shrinkage=0.05


Tree=44
num_leaves=63
num_cat=8
split_feature=15 21 22 1 1 1 19 19 0 1 19 17 10 21 20 17 3 21 20 6 7 1 17 17 11 11 10 10 9 20 17 20 21 7 22 19 19 0 19 11 7 22 17 11 11 21 19 20 19 19 21 7 21 10 19 21 20 7 7 17 9 7
split_gain=10.7297 3.26664 3.13661 2.72455 2.4754 2.44801 2.42449 2.00674 1.93631 2.49572 2.58741 1.8707 1.84669 1.56778 1.3831 2.54875 1.33441 1.29624 1.26763 1.2151 1.05692 0.973752 0.966234 1.10335 0.958968 1.91334 1.03047 0.913583 0.899017 0.853304 0.850259 0.771938 0.742447 1.8392 0.736526 0.724554 0.693814 0.673443 1.38818 1.22248 0.639093 0.613131 0.579753 0.56326 0.714589 0.561148 0.784375 0.539204 0.530707 1.06545 0.52872 0.524056 0.918014 0.500591 0.496359 0.482041 0.476659 0.590543 0.546748 0.476239 0.457024 0.434489
threshold=4.5000000000000009 9.3000000000000025 14.854451681842582 0 1 2 2602.9250000000006 1683.0899999999999 3 4 1101.1750000000002 1.6962448577817384 720.06500000000017 100.16666666666667 106.50000000000001 2.0519917996896186 5 116.25000000000001 252.50000000000003 1376.8900000000001 179.45500000000004 6 1.8947510423862433 1.3393655554446837 3125.5550000000007 2323.2950000000005 2374.8450000000007 3073.5600000000004 641.6400000000001 34.500000000000007 0.69411241559835812 53.500000000000007 30.928571428571434 1296.5700000000002 34.375373315063086 1644.6650000000002 3150.6900000000005 7 438.35500000000013 927.44000000000017 275.79000000000002 24.055141185680103 1.5740243837116072 1080.4300000000003 761.0100000000001 35.550000000000004 1085.53 15.500000000000002 852.06000000000006 181.38999999999979 41.916666666666679 579.38000000000011 60.166666666666679 1282.5150000000001 314.12499999999994 55.900000000000006 5.5000000000000009 1078.9200000000003 626.03500000000008 2.1818112838916384 1654.4550000000004 615.44000000000017
decision_type=2 2 2 9 9 9 2 2 1 9 2 2 2 2 2 2 1 2 2 2 2 9 2 2 2 2 2 2 2 2 2 2 2 2 2 2 2 1 2 2 2 2 2 2 2 2 2 2 2 2 2 2 2 2 2 2 2 2 2 2 2 2
left_child=1 4 32 13 18 11 8 14 9 -6 -11 51 28 22 15 17 -17 -5 37 -14 -16 31 23 30 25 40 -27 -26 -10 41 -3 36 -2 59 47 43 -8 38 60 -40 -7 -29 -22 44 -15 -13 50 -24 49 -39 -47 -4 -53 -45 -25 -31 58 -58 -23 -34 -1 -9
right_child=2 3 5 7 6 24 21 61 12 10 -12 45 19 35 20 16 -18 -19 -20 -21 42 56 34 54 27 26 -28 29 -30 55 -32 -33 33 -35 -36 -37 -38 48 39 -41 -42 -43 -44 53 -46 46 -48 -49 -50 -51 -52 52 -54 -55 -56 -57 57 -59 -60 -61 -62 -63
leaf_value=0.72790192876441184 -1.2725925897033652 0.48294186393280542 -0.78177628227474372 -0.51968261847283659 2.0832132161369463 -1.0155533248285715 -1.3920847174247382 -0.69202922415499735 0.3983098391574359 0.93141453418677145 -0.042681086615766618 -0.38150944352521354 -0.054623554938821428 -0.51186543664622486 -0.95739005002675948 0.22624556375416774 -0.10017397697845283 0.1545634093949346 1.8916079993219896 -1.1850014441138594 0.31419402165663401 0.25163793960051245 -0.51266043817188423 0.50842055856981239 -0.50271796593515039 0.77310200937488005 -0.24370389776710885 -1.2383003563950166 5.8611652169954569 0.29768075719884951 -0.69436856045792905 4.6877436115934321 -0.54119255143517486 0.34023499777946109 -0.02084462565338914 0.31474946399161824 1.0346363190986567 -1.349968907484296 0.0049467268770044372 -0.65742080172035322 0.013670346538900447 0.074834135346346642 -0.051913858481166031 -0.59671443662865042 3.4399774489999007 0.32087523669377166 -0.43855051467190409 -0.7909473408922072 -1.5761772033728478 0.0040209907490186938 0.34518219982956355 -0.75912641932647529 0.26703246078439252 -0.057910113837368729 -1.6144238820470542 -0.45616881429123951 -1.1466648659369401 0.11599599850071113 -0.8417760650895687 -0.056298770738257002 -0.25429119669721562 -0.34578055088500936
leaf_weight=89 330 32 302 347 456 31 40 190 259 726 1257 53 245 20 27 261 404 94 35 255 341 78 65 82 121 83 28 42 38 57 192 31 363 31 40 42 42 122 361 507 41 30 60 75 22 25 40 408 53 129 47 107 28 126 43 21 158 20 93 52 33 87
leaf_count=89 330 32 302 347 456 31 40 190 259 726 1257 53 245 20 27 261 404 94 35 255 341 78 65 82 121 83 28 42 38 57 192 31 363 31 40 42 42 122 361 507 41 30 60 75 22 25 40 408 53 129 47 107 28 126 43 21 158 20 93 52 33 87
internal_value=-0.00153386 -0.000733913 -0.00498638 -0.00205167 3.23062e-05 -0.00311615 0.000707357 -0.000788103 0.00120408 0.0019093 0.00108342 -0.0051626 -0.000890625 -0.00395474 -4.87964e-05 -0.00101443 0.000879491 -0.00396959 -0.00179769 -0.0027833 0.00232019 -0.00263441 -0.0050578 -0.00273438 -0.0001606 0.00248656 0.0066886 -0.00214416 0.002125 0.000163399 -0.00484581 0.00109127 -0.00744544 -0.00573497 -0.00651647 -0.000564236 -0.000882353 -0.002101 -0.00138469 -0.002124 -0.00333333 -0.00333333 0.00306312 -0.00177846 0.00277778 -0.000372024 0.00130435 -0.00706408 -0.00423453 -0.00290354 0.00466667 -0.00696023 -0.00353261 -0.00300245 0.000683594 0.00401235 -0.00390193 -0.00593923 -0.0016523 -0.00666866 0.0034 -0.0046875
internal_weight=9817 7985 1832 2958 5027 1056 3698 1811 3236 2439 1983 602 797 1147 1534 1106 665 441 1329 500 428 462 862 349 454 183 111 271 297 150 224 113 776 446 513 285 82 1294 990 868 72 72 401 243 42 165 112 473 304 251 72 437 135 201 125 78 349 178 171 415 122 277
internal_count=9817 7985 1832 2958 5027 1056 3698 1811 3236 2439 1983 602 797 1147 1534 1106 665 441 1329 500 428 462 862 349 454 183 111 271 297 150 224 113 776 446 513 285 82 1294 990 868 72 72 401 243 42 165 112 473 304 251 72 437 135 201 125 78 349 178 171 415 122 277
cat_boundaries=0 2 4 6 7 9 10 12 13
cat_threshold=61125727 1885328 2282800096 1221638 571216005 69648 1 335552512 16553 12 33554437 128 1
is_linear=0
shrinkage=0.05


Tree=45
num_leaves=63
num_cat=13
split_feature=23 16 1 1 6 5 8 1 20 20 19 22 2 1 1 2 11 16 21 23 5 6 2 5 1 9 11 18 18 8 5 8 20 2 1 19 2 20 19 20 19 21 21 5 5 19 8 19 20 20 0 19 19 11 8 11 21 5 18 20 8 22
split_gain=10.2429 5.08498 2.54009 2.53767 2.31238 2.00253 1.90845 2.1413 1.75856 1.51518 3.06962 1.26999 1.20254 2.05637 1.06395 1.04761 1.45581 1.03054 1.30102 0.997007 0.986746 1.06338 0.916685 0.902277 1.28783 0.868058 0.810006 0.801194 0.83496 0.772869 0.715917 0.804821 0.707186 0.788156 0.785214 0.782674 0.702757 0.619667 0.599766 0.566509 0.565358 0.531164 0.997259 0.766474 0.516985 0.498262 0.530142 0.460379 0.421494 0.855069 0.395777 0.323221 0.319087 0.312281 0.236831 0.220044 0.208401 0.192993 0.164499 0.20206 0.15625 0.10457
threshold=4.5000000000000009 1.7500024981740616 0 1 3650.2500000000005 321.50000000000006 278.77000000000004 2 259.50000000000006 6.5000000000000009 711.65499999999986 12.164546416469715 3 4 5 6 1797.8350000000003 1.4999776066938939 60.708333333333336 1.5000000000000002 105.50000000000001 3650.2500000000005 7 163.50000000000003 8 1086.9550000000002 2304.5650000000005 1.0205818700073903 1.1579416915566114 1343.5150000000003 307.50000000000006 1151.8000000000002 13.500000000000002 9 10 548.80500000000006 11 49.500000000000007 1605.1350000000002 51.500000000000007 2533.5850000000005 90.250000000000014 44.535714285714292 326.50000000000006 82.500000000000014 3449.3450000000007 115.37500000000004 944.37 17.500000000000004 100.50000000000001 12 365.90000000000003 1701.5200000000004 1484.1350000000002 364.94500000000005 1063.7600000000002 33.472222222222229 184.50000000000003 1.400156086940876 12.500000000000002 1051.8350000000003 4.5780249698132947
decision_type=2 2 9 9 2 2 2 9 2 2 2 2 1 9 9 1 2 2 2 2 2 2 1 2 9 2 2 2 2 2 2 2 2 1 9 2 1 2 2 2 2 2 2 2 2 2 2 2 2 2 1 2 2 2 2 2 2 2 2 2 2 2
left_child=1 2 32 5 6 9 40 8 -8 10 51 61 13 41 48 52 -17 44 -19 20 38 -22 -9 39 -25 -16 53 37 -29 -27 58 56 54 34 47 -36 -12 -13 -14 -21 50 42 -4 -43 -15 46 -35 -34 60 -50 -5 -3 -11 55 -1 -7 -32 -42 -30 -60 -6 -2
right_child=11 3 12 4 14 26 7 22 -10 15 36 27 19 17 25 16 -18 18 -20 23 21 -23 -24 24 -26 29 -28 28 30 -31 31 -33 33 45 35 -37 -38 -39 -40 -41 57 43 -44 -45 -46 -47 -48 -49 49 -51 -52 -53 -54 -55 -56 -57 -58 -59 59 -61 -62 -63
leaf_value=3.5681001385068556 -0.98009572344065643 3.0341510102050608 -0.012458471569310526 -0.88925591151214578 2.3113727545860465 0.26136733090261333 0.053356783796441223 0.0052834050051632888 1.9501072928979484 -0.70656794261301747 1.9851295522300392 -1.0435350777033692 -1.2844397418720097 -1.4977615032368599 -1.3197718823521454 0.8495401634811508 -0.42136739948319929 0.98640596301462302 -0.010188012161853166 -1.0293061887817136 0.033566692621088023 -0.92701211599543165 -0.42649994972983268 0.087290377248080378 -0.47660836448883992 0.026603463800308449 1.5109785618760623 0.64118985124632322 -0.52365999567922294 -0.88534409165225803 -0.0013244888148458145 0.19978123654524291 -0.13780872829854404 -0.13508338415167032 -0.24817737260062531 -0.98084714757110347 -0.18844128088958031 -0.09708462351240002 -0.14362812736447098 -0.86402675784929017 -0.7398784904655632 0.81906492118154073 -0.50225195805573453 -0.23324477852251935 0.19222302449625453 -1.045392772817531 -0.95696001489839411 1.2146924814702871 -1.5028790030983445 0.8426274797451484 -0.25018944458696257 6.6714761237773663 -0.21956499519393891 -0.035630316654736309 -1.0880867497892137 2.8442720932388887 -0.45331421593765031 0.80616946556605606 -0.50246329423000902 -0.7474324514681705 0.051668268793016739 -0.85741034933541693
leaf_weight=23 35 30 206 233 23 24 2929 444 53 79 140 125 123 22 144 308 235 53 34 130 483 64 773 125 290 79 54 23 25 63 22 35 66 25 169 142 195 27 61 31 22 38 150 32 98 30 375 40 37 42 116 39 24 33 20 24 129 23 20 109 23 248
leaf_count=23 35 30 206 233 23 24 2929 444 53 79 140 125 123 22 144 308 235 53 34 130 483 64 773 125 290 79 54 23 25 63 22 35 66 25 169 142 195 27 61 31 22 38 150 32 98 30 375 40 37 42 116 39 24 33 20 24 129 23 20 109 23 248
internal_value=-0.00140657 -0.000918588 -0.00267384 -0.000106993 -0.000607933 0.00195117 -0.000274695 2.6773e-05 0.000759599 0.00116334 0.00356265 -0.00683521 -0.0015873 0.000135449 -0.00419686 -0.000269646 0.00056205 0.00414773 0.00847222 -0.00245265 -0.00114101 0 -0.00171748 -0.00405872 -0.00260167 -0.00576923 0.00769928 -0.0050917 -0.00351776 -0.00258621 -0.00422741 -0.00171958 -0.00490033 -0.00527941 -0.0031686 -0.00443673 0.00136834 -0.0083871 -0.00427807 -0.00739329 -0.00358942 -0.00176538 -0.00264624 0.00171233 0.000813008 -0.00694131 -0.00756824 0.000210084 0 -0.00228659 -0.00429688 0.0130208 -0.00463362 0.00342262 0.000271739 0.00588235 -0.00349026 0.00078125 -0.00684713 -0.00767045 0.00357143 -0.0097465
internal_weight=9817 9019 2830 6189 5004 1185 4593 4199 2982 1050 404 798 1940 633 411 646 543 207 87 1307 731 547 1217 576 415 286 135 515 363 142 340 186 890 847 417 311 335 152 184 161 394 426 356 70 120 430 400 106 125 79 349 69 103 81 43 48 151 45 154 129 46 283
internal_count=9817 9019 2830 6189 5004 1185 4593 4199 2982 1050 404 798 1940 633 411 646 543 207 87 1307 731 547 1217 576 415 286 135 515 363 142 340 186 890 847 417 311 335 152 184 161 394 426 356 70 120 430 400 106 125 79 349 69 103 81 43 48 151 45 154 129 46 283
cat_boundaries=0 2 4 6 7 9 11 12 13 15 16 17 18 19
cat_threshold=2248185703 1343544 474677266 475436 545298345 4627 548 538181768 82432 33554501 128 1216 2186 1572992 512 2700 33554753 2224 1
is_linear=0
shrinkage=0.05


Tree=46
num_leaves=63
num_cat=14
split_feature=23 21 16 1 1 7 13 1 7 5 6 17 1 17 2 8 1 1 1 2 20 2 1 5 17 22 17 17 16 21 1 8 16 6 16 10 10 5 9 21 10 10 9 5 2 21 5 9 5 8 20 2 10 7 20 5 21 22 16 13 7 22
split_gain=9.33177 3.21315 3.04144 3.63504 2.73062 2.04522 1.96153 1.90652 1.7902 1.91367 1.78728 1.89714 1.69777 1.65179 1.48271 1.34153 1.32273 1.26656 1.26421 1.81373 1.2052 1.16271 1.35983 1.11091 1.08056 0.983999 0.98416 0.905151 0.848517 0.833958 0.824019 0.821232 0.796737 0.753398 1.04511 0.992099 0.732874 0.712765 0.686824 0.680838 0.635943 0.59614 1.02683 0.594658 0.592762 0.975087 0.694975 0.614423 0.569926 0.564216 0.94371 0.526261 0.818623 0.702376 0.501074 0.461529 0.711561 0.42969 0.502083 0.418027 0.411527 0.407325
threshold=2.5000000000000004 37.062500000000007 1.8750787600542067 0 1 287.80000000000007 1.5000000000000002 2 653.32000000000005 312.50000000000006 5898.4900000000007 2.2362583094289845 3 1.8170510014618211 4 115.37500000000004 5 6 7 8 68.500000000000014 9 10 300.50000000000006 1.5367763667334071 19.429718383110288 2.000003156436132 1.3695080438573242 1.7139006301557831 31.416666666666668 11 593.74000000000012 0.40653495313129434 3372.3600000000001 1.0584491342528539 1440.8850000000004 1191.4150000000002 298.50000000000006 2480.2350000000006 11.125000000000002 1652.1300000000003 2847.4150000000004 1614.7850000000003 287.50000000000006 12 63.583333333333336 187.50000000000003 986.49000000000024 329.50000000000006 933.10000000000002 12.500000000000002 13 840.76500000000021 104.64000000000001 46.500000000000007 319.50000000000006 45.550000000000004 32.608532988326623 1.7999934221805864 1.0000000180025095e-35 1008.3650000000001 18.13260719187419
decision_type=2 2 2 9 9 2 2 9 2 2 2 2 9 2 1 2 9 9 9 1 2 1 9 2 2 2 2 2 2 2 9 2 2 2 2 2 2 2 2 2 2 2 2 2 1 2 2 2 2 2 2 1 2 2 2 2 2 2 2 2 2 2
left_child=2 18 3 15 13 12 7 21 24 -10 11 -9 37 32 16 59 41 36 -2 25 38 22 -7 -19 57 26 48 60 43 -27 -23 61 -3 34 -18 -35 -8 39 40 -4 -16 42 -5 -22 46 -46 47 -17 -20 51 -51 53 -53 -14 -48 56 -15 -6 -59 -1 -11 -26
right_child=1 4 5 14 8 6 17 10 9 27 -12 -13 49 55 20 44 33 23 19 -21 28 30 -24 -25 31 29 -28 -29 -30 -31 -32 -33 -34 35 -36 -37 -38 -39 -40 -41 -42 -43 -44 -45 45 -47 54 -49 -50 50 -52 52 -54 -55 -56 -57 -58 58 -60 -61 -62 -63
leaf_value=-0.23001169353304221 -0.91190938536141075 0.24442686555619525 -0.71589518581730993 -0.29646408945733943 -0.50329368440707578 0.66758259625650429 1.7229953138607828 0.0095212089117573846 -0.071651603386179027 -0.55277983928786356 -1.6926862366805304 0.69342472265734045 0.16177857269965409 0.16289399636554266 -0.5721184351038241 -1.2223226216489611 -0.063644876370260312 -0.89242944360926801 -0.78277752179003068 -1.1534212129787891 0.027242063484417933 0.28788115060167602 -0.49079552342422234 1.3353574566845261 0.056948130365191398 0.64799263581352218 0.044257586120733806 0.7744894167036902 1.4211197774367561 -0.046810928143798593 -0.91293721502353264 0.47745151542492703 -0.55961096819625744 -0.85826912340786632 0.41267884282820511 0.57722738786340388 -0.20448911159684188 0.0075325112343582745 0.40807817668545926 -1.3579265716081281 -0.79648762949204022 -1.478222129853302 0.1509748988054973 -0.53079484193989257 -1.1570705100197973 -0.19800972432133862 -0.15350681656740869 0.46553673614239593 0.061633348540765992 1.7996236299815707 -0.18761398814164798 0.49807722665636817 -0.72052379266129041 -1.147650734169271 -0.68208224795159422 0.59148762270955013 -0.61582502207946099 -0.68763393210712209 0.10048127924778322 4.430510989367618 0.86032605038676724 -0.43288742670173391
leaf_weight=41 347 23 180 230 195 217 37 1739 118 20 43 1817 38 39 466 31 90 273 79 163 252 109 225 23 42 22 77 54 34 35 333 44 421 48 191 59 65 46 45 93 179 35 42 41 260 33 28 58 23 21 28 200 68 79 96 20 47 27 22 20 20 66
leaf_count=41 347 23 180 230 195 217 37 1739 118 20 43 1817 38 39 466 31 90 273 79 163 252 109 225 23 42 22 77 54 34 35 333 44 421 48 191 59 65 46 45 93 179 35 42 41 260 33 28 58 23 21 28 200 68 79 96 20 47 27 22 20 20 66
internal_value=-0.00136584 -0.0045097 -0.00060163 -0.00214176 -0.00277778 1.33049e-05 0.000396704 0.000704971 -0.000322061 0.00325581 0.00122162 0.00136274 -0.00239749 -0.00528419 -0.000927536 -0.0055819 0.000794492 -0.00293017 -0.00710948 -0.00445995 -0.00214806 -0.00133779 0.000384615 -0.00453074 -0.00238095 -0.00120482 -0.00322802 0.00850515 0.000189394 0.00395833 -0.00313187 0.000645161 -0.00671141 0.00274314 0.00418134 -0.000340909 0.00152174 -0.00508283 -0.00335498 -0.00620471 -0.00380015 -0.00152344 -0.000545455 -0.000548986 -0.00653242 -0.00821078 -0.00337389 0 -0.00642857 -0.000167785 0.00456731 -0.000934278 0.000177936 -0.00355769 -0.00590551 0 -0.00140449 -0.00445344 0 0.000585938 0.00116279 -0.00135135
internal_weight=9817 1904 7913 2279 1158 5634 4881 4483 608 212 3599 3556 753 550 1712 567 695 398 746 399 1017 884 442 296 396 236 179 94 327 57 442 152 444 388 281 107 102 319 690 273 645 307 272 293 506 293 213 89 102 434 49 385 268 117 124 106 86 244 49 61 40 108
internal_count=9817 1904 7913 2279 1158 5634 4881 4483 608 212 3599 3556 753 550 1712 567 695 398 746 399 1017 884 442 296 396 236 179 94 327 57 442 152 444 388 281 107 102 319 690 273 645 307 272 293 506 293 213 89 102 434 49 385 268 117 124 106 86 244 49 61 40 108
cat_boundaries=0 2 4 6 8 9 11 13 15 16 17 19 21 22 23
cat_threshold=33855335 32824 541855789 4098 20170048 1619076 1052812 283153 3621 536871048 262144 33558540 4609 2181075011 657 1804 2946 33856 4224 2294016 32768 2702 124
is_linear=0
shrinkage=0.05


Tree=47
num_leaves=63
num_cat=2
split_feature=15 14 22 17 5 15 17 18 10 17 5 18 5 5 4 5 10 5 7 9 8 9 17 10 9 7 6 4 10 5 5 10 23 7 9 18 18 7 7 10 10 10 7 18 22 9 7 10 7 8 7 18 23 8 8 22 9 7 7 9 10 18
split_gain=9.60559 2.81999 2.43933 2.07665 1.82224 2.65981 1.76222 2.45222 1.87292 1.50051 2.33205 1.72404 1.22963 1.09273 1.05869 1.0164 1.05155 0.992396 1.06045 1.00458 0.969291 1.83797 1.20361 0.895486 0.853038 0.789597 0.754065 0.739982 0.799765 1.12991 0.733508 0.733186 0.725644 0.84887 0.715638 0.692429 0.687147 0.684357 0.670834 0.640969 1.51728 0.630679 0.946249 0.622847 0.614655 0.608803 0.586665 0.543091 0.80232 0.528555 0.510582 0.474182 0.473243 0.48724 0.510315 0.467671 1.03022 0.460847 0.628695 0.459101 0.447671 0.444143
threshold=4.5000000000000009 1.5000000000000002 13.438749426834796 1.6962448577817384 139.50000000000003 2.5000000000000004 2.0519917996896186 1.321650625799111 1404.4600000000003 2.2010709133616806 173.50000000000003 0.5757249386184361 312.50000000000006 173.50000000000003 0 77.500000000000014 1826.3650000000005 252.50000000000003 680.8950000000001 557.32000000000005 593.74000000000012 2375.0650000000005 1.9881721211988592 1260.9650000000004 1440.8850000000004 278.66000000000003 2501.0100000000007 1 1260.9650000000004 72.500000000000014 308.50000000000006 2481.8500000000008 4.5000000000000009 1296.5700000000002 3148.1550000000002 1.2711755214015088 0.81272266004534188 1226.2650000000001 728.57500000000016 427.50500000000005 308.29500000000002 1714.5250000000001 753.71000000000015 0.14741719905178402 24.734250007843297 1080.3500000000001 720.09500000000014 2545.5500000000006 1041.8500000000001 1339.9600000000003 1008.6350000000001 0.35902128689180846 4.5000000000000009 462.49500000000006 540.33500000000015 30.409702121256327 1381.3900000000001 137.95500000000001 630.62500000000011 1469.7050000000002 2729.6800000000007 1.2430167701198995
decision_type=2 2 2 2 2 2 2 2 2 2 2 2 2 2 9 2 2 2 2 2 2 2 2 2 2 2 2 9 2 2 2 2 2 2 2 2 2 2 2 2 2 2 2 2 2 2 2 2 2 2 2 2 2 2 2 2 2 2 2 2 2 2
left_child=1 9 32 12 5 15 38 8 14 17 27 23 52 60 -8 57 24 18 19 51 55 22 -22 25 -17 -12 46 39 29 -29 44 41 33 -2 -23 -13 -7 -33 -6 40 -11 -19 -43 -41 -9 -38 -14 48 -20 -10 -47 -1 53 -4 -55 56 -15 -3 -59 -40 -5 -39
right_child=2 4 3 13 6 36 7 30 49 10 11 35 26 20 -16 16 -18 31 47 -21 21 34 -24 -25 -26 -27 -28 28 -30 -31 -32 37 -34 -35 -36 -37 45 61 59 43 -42 42 -44 -45 -46 50 -48 -49 -50 -51 -52 -53 -54 54 -56 -57 -58 58 -60 -61 -62 -63
leaf_value=0.0250140371962317 -0.53965234066325507 0.15948316783782845 -0.77043487565054081 -0.231768214606171 -0.56073626473620952 -1.0033452655345774 0.082479461911155572 -0.92470311012069484 0.29142660773038698 -0.82603590447581332 -0.43407988694580912 3.2226652772043312 -0.18059624273746522 0.19722039706478417 -0.18805846594597783 0.015641094980096606 -1.4104255273763717 0.018352063740223912 -0.024989121888062016 -1.0415355964764819 0.015159378656367651 -0.4854309642197091 1.415229158018384 -1.3295692600788869 0.66615436148920648 1.7902115446592264 -0.59020243791297955 -0.50896028753126499 -0.95472440526655589 1.0379248198275322 0.43998500233695953 0.79600207148767843 -0.74003413298143106 0.18183182224462266 0.46988937663401842 0.341895570610248 0.65516842666347275 0.74195822165786474 0.4607792398372359 -1.3978288907118397 4.9497644252696631 -1.6046273963083053 -0.065953762529463236 0.28802841286038827 -0.075972547295801718 -0.69759970210179922 0.47727342380585541 -0.56337897262250147 0.80216353233844373 -0.21201265634424687 -0.037938472846929729 -0.38370111153004488 -0.75385394389091764 0.76593492573210975 -0.38869922059500261 -0.46435724968106112 -0.49726628493895009 -0.97469177131186668 -0.10712587607311407 -0.40638897008834346 -0.98964924847919866 -0.10115695618365664
leaf_weight=190 329 41 103 24 295 292 252 112 390 43 103 204 173 48 300 376 87 1246 208 138 50 42 50 37 47 369 152 455 148 349 21 21 341 27 28 35 22 29 20 22 50 41 151 566 28 134 39 99 76 49 53 397 163 21 130 46 23 242 150 56 43 41
leaf_count=190 329 41 103 24 295 292 252 112 390 43 103 204 173 48 300 376 87 1246 208 138 50 42 50 37 47 369 152 455 148 349 21 21 341 27 28 35 22 29 20 22 50 41 151 566 28 134 39 99 76 49 53 397 163 21 130 46 23 242 150 56 43 41
internal_value=-0.00136584 -0.000608726 -0.00463215 -0.00310852 -0.00183081 -0.00310988 -0.000581586 0.00034632 0.00132042 0.000104561 0.00102244 0.00332889 -0.00454401 0 -0.000540541 -0.0014667 0 -0.000705492 -0.00184518 -0.00297047 0.00142241 0.00390173 0.00825243 0.00153809 0.00108568 0.00221053 -0.00217984 -7.64059e-06 -0.000932642 -0.000247831 -0.00525915 8.9752e-05 -0.00701786 -0.00501393 -0.00171233 0.00686983 -0.00607639 0.0043883 -0.0035762 0.00120677 0.00507813 -0.000156142 -0.00282051 0.000507614 -0.00664336 -0.00336085 0 0.000161917 0.00139373 0.00376131 -0.00440789 -0.00192797 -0.00645833 -0.00457198 -0.00219156 -0.00177083 0.000168919 -0.00323968 -0.00379747 0 -0.00553571 0.0010274
internal_weight=9817 7985 1832 1135 2967 1444 1523 1152 991 5018 2381 748 781 354 552 943 510 2637 1108 725 287 170 100 509 423 472 364 1633 952 804 161 1529 697 356 70 239 501 91 371 681 93 1438 192 588 140 209 212 383 284 439 187 587 417 254 151 117 71 433 392 76 67 70
internal_count=9817 7985 1832 1135 2967 1444 1523 1152 991 5018 2381 748 781 354 552 943 510 2637 1108 725 287 170 100 509 423 472 364 1633 952 804 161 1529 697 356 70 239 501 91 371 681 93 1438 192 588 140 209 212 383 284 439 187 587 417 254 151 117 71 433 392 76 67 70
cat_boundaries=0 1 2
cat_threshold=20 84
is_linear=0
shrinkage=0.05


Tree=48
num_leaves=54
num_cat=5
split_feature=23 6 1 16 1 20 17 5 20 5 1 17 11 17 5 20 5 9 5 17 21 20 19 1 3 5 5 20 20 21 22 6 22 5 16 17 11 6 14 22 17 9 17 17 9 20 20 17 20 21 20 23 17
split_gain=8.16866 3.80892 3.0159 2.42827 2.36033 2.27727 1.77042 1.66512 1.75672 1.40775 1.37454 1.31796 1.06157 1.04545 0.98535 1.25491 0.940704 1.1803 0.839875 2.27387 0.938435 0.798447 0.776322 0.756558 0.913197 0.658709 0.652307 0.595663 0.551215 0.548521 0.531971 0.528241 0.774212 0.517867 0.492722 0.427086 0.420504 0.378842 0.350769 0.467543 0.455408 0.343231 0.282518 0.252995 0.231793 0.304674 0.52987 0.21633 0.207346 0.149322 0.0808898 0.0301115 0.1448
threshold=4.5000000000000009 4168.3500000000013 0 2.2917953305446077 1 259.50000000000006 1.1808596243264475 319.50000000000006 69.500000000000014 307.50000000000006 2 1.4681444093941127 816.42000000000007 2.4986190724562456 342.00000000000006 7.5000000000000009 158.50000000000003 2808.8400000000006 105.50000000000001 2.9234385452031586 20.031250000000004 7.5000000000000009 1671.9850000000001 3 4 69.500000000000014 324.50000000000006 55.500000000000007 134.50000000000003 52.100000000000009 20.448503797651938 1734.8500000000001 23.733757794774647 319.50000000000006 1.5471510970879434 0.93392752048487349 2090.7200000000007 2501.0100000000007 1.5000000000000002 7.772814029103027 1.5990187003777356 2232.7500000000005 1.6962448577817384 0.80005034145973897 384.08500000000009 67.500000000000014 85.500000000000014 0.96999056261631911 152.50000000000003 5.5000000000000009 65.500000000000014 6.5000000000000009 2.0294402865293368
decision_type=2 2 9 2 9 2 2 2 2 2 9 2 2 2 2 2 2 2 2 2 2 2 2 9 1 2 2 2 2 2 2 2 2 2 2 2 2 2 2 2 2 2 2 2 2 2 2 2 2 2 2 2 2
left_child=1 2 3 7 38 10 22 8 34 21 14 27 -7 -10 15 -4 44 28 20 -20 -12 -2 48 24 -8 -25 -13 35 29 -18 -16 50 -33 -30 -1 43 -14 -28 40 -40 -3 -37 -23 -11 -6 49 -47 -29 -5 -46 -9 52 -44
right_child=9 4 5 6 16 12 23 31 13 11 18 26 36 -15 30 -17 17 -19 19 -21 -22 42 -24 25 -26 -27 37 47 33 -31 -32 32 -34 -35 -36 41 -38 -39 39 -41 -42 -43 51 -45 45 46 -48 -49 -50 -51 -52 -53 -54
leaf_value=-0.53526457957190776 -0.28045264559732114 -0.051258328317785741 1.3800301878479404 -0.95327993250156562 -1.5199927076241875 -0.77598893062260288 -0.61671830041838405 -0.17702412519582628 -0.38145138934601308 -0.79197670648092788 -0.26355003777542552 0.33116675442388249 5.1528310914804756 0.52731561973225072 1.4489516190219065 -0.012970370002715904 -0.38257316682026288 0.46419784660456503 -0.065598089736420215 0.25382591989094844 -0.97305522858359805 -0.88299916464224892 0.099145112464535501 -1.5140162676161708 0.48208703596633956 -0.018049696124754887 0.24327380988052313 -0.42942766766250817 -0.45793894579476702 -0.5589812383186985 0.0094467063766366273 0.0014484598828747863 0.58927508488189173 2.3448795995163971 -0.93159463969093914 -0.55101769587654326 0.13312485403484686 -0.96317314193148162 -0.44300803986126502 0.12128394963762901 4.6074012077414155 -0.34823659651501659 -0.030952069637297443 0.10815290499361092 -0.94354623912692981 0.39953442136216322 -1.2780956580802298 0.079549948794005593 -0.81318037140518062 -1.0902545037930975 -0.67314903214869204 -1.4344955246623448 -0.78729507902347184
leaf_weight=506 28 20 319 131 23 23 145 20 63 21 1050 32 46 107 53 740 135 37 2541 926 77 275 20 86 495 379 25 24 37 182 23 44 27 20 206 146 21 20 38 21 28 35 46 20 181 34 25 30 29 141 20 27 69
leaf_count=506 28 20 319 131 23 23 145 20 63 21 1050 32 46 107 53 740 135 37 2541 926 77 275 20 86 495 379 25 24 37 182 23 44 27 20 206 146 21 20 38 21 28 35 46 20 181 34 25 30 29 141 20 27 69
internal_value=-0.00136074 -0.00092413 -0.000569444 -0.00210607 -0.00397297 2.78635e-05 -0.000630823 -0.00397841 -0.00471751 -0.00621099 -8.94103e-05 -0.00354635 0.0077957 0 0.00144817 0.00100047 -0.00487621 -0.00298913 -0.000482961 -8.2853e-05 -0.00167035 -0.00817522 -0.00519126 7.89711e-05 0.00122511 -0.00138598 0.00171875 -0.00519713 -0.00391247 -0.00472656 0.00696203 0.00142544 0.00422297 0 -0.0058042 -0.00633333 0.0108929 -0.00130208 0.00260417 0 0.00588235 -0.00740489 -0.00872024 -0.000284091 -0.00675676 -0.0070638 -0.00221774 0 -0.00644172 -0.00776923 -0.00232558 -0.00568966 -0.00413136
internal_weight=9817 9019 8097 2278 922 5819 1285 993 882 798 5729 353 90 170 1135 1059 815 411 4594 3467 1127 445 180 1105 640 465 77 276 374 317 76 111 71 57 712 222 67 45 107 59 48 181 417 41 404 381 59 54 160 322 40 142 115
internal_count=9817 9019 8097 2278 922 5819 1285 993 882 798 5729 353 90 170 1135 1059 815 411 4594 3467 1127 445 180 1105 640 465 77 276 374 317 76 111 71 57 712 222 67 45 107 59 48 181 417 41 404 381 59 54 160 322 40 142 115
cat_boundaries=0 2 4 6 8 9
cat_threshold=2201007461 1611842 33554436 160 473972752 213792 33568033 36866 4
is_linear=0
shrinkage=0.05


Tree=49
num_leaves=63
num_cat=7
split_feature=14 7 1 11 21 1 1 7 20 10 20 6 1 11 20 11 1 5 10 11 1 10 10 18 16 5 17 22 11 20 5 16 17 6 10 20 10 1 5 21 16 18 11 5 11 9 13 5 17 5 20 11 21 5 5 21 20 20 5 17 16 16
split_gain=7.791 3.00482 4.61521 2.92291 2.78043 2.60391 2.44718 1.80765 2.20519 1.57604 1.57591 1.5508 1.49611 1.35689 1.13684 1.11122 1.10956 1.2086 1.20222 1.14117 1.10246 1.27736 1.96561 1.15175 1.09143 1.14264 1.24902 1.05217 1.04143 1.01293 0.994887 0.890514 0.860901 0.823475 0.800085 0.782915 0.741624 0.717811 0.880837 0.769977 0.713822 0.707448 1.11894 0.63657 1.38941 0.799746 0.60834 0.605772 0.505165 0.84195 0.492001 0.48469 0.465773 0.464635 0.611819 0.467768 0.446353 0.393042 0.376745 2.16739 0.681383 0.278528
threshold=2.5000000000000004 919.60000000000002 0 2412.8650000000002 36.854166666666679 1 2 371.54000000000002 47.500000000000007 1203.6400000000001 31.500000000000004 5898.4900000000007 3 311.61000000000007 4.5000000000000009 1663.45 4 275.50000000000006 1240.0550000000003 2512.2300000000005 5 864.3950000000001 393.96000000000009 1.5749722516727522 1.3454290286677733 182.50000000000003 1.9753128611946447 14.854451681842582 1984.0850000000003 136.50000000000003 319.50000000000006 1.0999568480184674 2.6666555831079908 3372.3600000000001 540.15000000000009 117.50000000000001 1368.6800000000001 6 312.50000000000006 49.100000000000009 2.8457653557092111 1.0957663104105944 3218.8200000000002 289.50000000000006 1645.4100000000001 1450.3500000000004 2.5000000000000004 119.50000000000001 2.2362583094289845 131.50000000000003 48.500000000000007 2059.1950000000002 47.708333333333336 133.50000000000003 102.50000000000001 39.071428571428577 61.500000000000007 110.50000000000001 160.50000000000003 1.7141676579921454 1.2874848626396838 1.4999963711140685
decision_type=2 2 9 2 2 9 9 2 2 2 2 2 9 2 2 2 9 2 2 2 9 2 2 2 2 2 2 2 2 2 2 2 2 2 2 2 2 9 2 2 2 2 2 2 2 2 2 2 2 2 2 2 2 2 2 2 2 2 2 2 2 2
left_child=1 3 9 5 6 13 46 48 14 47 58 16 57 40 -9 -11 17 28 -19 35 21 22 -7 -23 25 -12 -27 32 -4 34 -21 -10 36 -31 -22 -18 -14 39 -39 -17 -1 56 -43 45 -45 -15 -2 -3 61 -50 -26 -49 -51 54 -16 -55 -29 -5 -8 -60 -61 -6
right_child=4 2 11 12 7 20 10 8 31 15 24 -13 27 43 53 37 19 18 -20 30 29 23 -24 -25 50 26 -28 41 -30 33 -32 -33 -34 -35 -36 -37 -38 38 -40 -41 -42 42 -44 44 -46 -47 -48 51 49 52 -52 -53 -54 55 -56 -57 -58 -59 59 60 -62 -63
leaf_value=7.8218068743196829 -0.88984085557326864 1.8837180132005669 0.23376177180544461 -0.7011078661462502 -0.85013380610704992 -0.90348946814745834 -1.2037747985184271 0.31617617398577541 0.015371228919428149 -0.33379704201183102 -0.81238325562124281 -0.99816317512128383 0.43655184776885197 -0.5149122351217621 -1.3960166630254607 0.70494140488002877 -0.32504410705373099 -0.40078708476938518 0.46202872537321654 -0.83868939892692329 0.42639176661399464 -0.33877635291486219 0.15952913319960374 0.54971762350897468 1.6002361245993528 -0.27180970582311287 0.15680193970112857 -0.39406886511615796 -0.36199503331200411 0.92449596290790237 0.039123840263173018 0.53329043160716905 0.69723881508311392 -0.3968466485144202 -0.073495795482557469 2.0263917267818843 -0.52039845228752335 0.87365785441657884 1.5899227791324932 -0.17790881776305201 -0.4174186854556956 0.36092147766614247 -0.39188255631737867 0.39791722495460108 -0.5923897765667494 0.59075512988540102 -0.23591759074617669 8.0857500829351565 -1.1066453301961954 0.53645869863900664 -0.054595374457398017 0.35525784747819816 -0.47175583335875082 0.051373883515163858 0.89760365950959664 -0.60820594965429686 -0.73564732454373516 -0.70357660711220404 -1.0707902056096739 -1.4278394026213315 0.33292941757700878 -0.38761421161969045
leaf_weight=20 378 76 369 251 63 276 126 36 21 147 121 93 22 905 21 165 184 68 182 152 253 1294 1209 69 25 43 24 37 290 206 42 29 22 42 849 53 190 131 33 68 44 105 114 170 87 28 23 52 24 33 20 20 31 36 36 145 38 33 75 22 41 55
leaf_count=20 378 76 369 251 63 276 126 36 21 147 121 93 22 905 21 165 184 68 182 152 253 1294 1209 69 25 43 24 37 290 206 42 29 22 42 849 53 190 131 33 68 44 105 114 170 87 28 23 52 24 33 20 20 31 36 36 145 38 33 75 22 41 55
internal_value=-0.00133529 -0.000746246 0.000863487 -0.00130046 -0.00475192 -0.000870761 -0.00646504 -0.00173546 0.000458716 0.0041844 -0.00365196 -0.000734786 -0.00411043 -0.00286109 -0.00117329 0.00283364 -0.000260611 0.000691432 0.00365613 -0.00233671 -0.000255284 -0.000821391 0.00015961 -0.00193082 -0.000476695 -0.00235602 0.00232143 -0.00221811 -0.000358761 0.000898753 -0.00520305 0.00990566 -0.00474684 0.00378486 0.00020362 0 -0.00581395 0.00421875 0.00677966 0.00177846 0.00373134 -8.41751e-05 0.00118243 -0.00329003 -0.000817308 -0.00391293 -0.00945048 0.0089404 -0.00538278 -0.00164835 0.00598958 0.0126667 0.000746269 -0.00259336 0.000625 -0.00387228 -0.00432692 -0.00707071 -0.00636704 -0.0037234 0.00246212 -0.00764463
internal_weight=9817 8389 2125 6264 1428 5452 898 530 324 692 497 1433 812 1254 274 544 1340 909 250 431 4198 2848 1485 1363 233 188 67 528 659 1350 194 50 234 248 1102 237 212 397 164 233 64 294 219 1190 257 933 401 148 206 88 45 72 64 238 57 181 75 284 264 138 63 118
internal_count=9817 8389 2125 6264 1428 5452 898 530 324 692 497 1433 812 1254 274 544 1340 909 250 431 4198 2848 1485 1363 233 188 67 528 659 1350 194 50 234 248 1102 237 212 397 164 233 64 294 219 1190 257 933 401 148 206 88 45 72 64 238 57 181 75 284 264 138 63 118
cat_boundaries=0 2 4 6 8 10 12 14
cat_threshold=107508248 278688 119582808 1063072 33591395 657 2686189572 16400 545554564 70145 2690121893 33042 2621960 160
is_linear=0
shrinkage=0.05


Tree=50
num_leaves=63
num_cat=12
split_feature=14 1 1 21 6 8 17 2 20 2 18 1 18 2 18 1 21 21 17 22 8 19 2 8 8 1 1 15 21 1 8 8 8 20 17 21 18 20 22 20 20 18 1 18 18 18 18 18 21 6 17 22 19 8 22 21 22 22 20 20 17 17
split_gain=8.21594 2.45848 2.44703 2.59626 2.41696 2.34944 1.69244 1.44946 1.38476 1.36462 1.30241 1.59312 1.23371 1.16671 1.50547 1.13159 1.10188 1.32689 1.44116 1.07634 1.06778 1.34032 1.14819 1.00621 1.50162 1.00539 0.98923 1.50266 0.978327 0.906276 0.893319 0.862926 0.828111 0.805789 0.804319 0.784948 0.726647 0.628875 0.61812 0.65638 0.597256 0.577944 0.557254 0.592889 0.54558 0.526607 0.500953 0.4756 0.464768 0.453856 0.44502 0.440345 0.439762 0.43279 0.821898 0.417708 0.365399 0.353067 0.331652 0.312765 0.298511 0.295482
threshold=2.5000000000000004 0 1 37.937500000000007 3650.2500000000005 936.74000000000012 1.2308454590991635 2 118.50000000000001 3 0.26416669599183595 4 1.2592089761054457 5 1.9893643459371895 6 78.166666666666671 86.166666666666671 0.74758756427513151 80.610173055266429 295.72500000000008 304.57999999999998 7 661.34500000000014 480.43500000000006 8 9 1.5000000000000002 39.071428571428577 10 450.64000000000004 468.60000000000008 729.97500000000014 79.500000000000014 1.509197768968916 49.100000000000009 2.2824808705028841 107.50000000000001 50.173854969986287 236.50000000000003 47.500000000000007 0.86554217317198334 11 0.29926041923261903 0.23533570062004344 0.35434434488466665 1.182179469936135 2.5928795954279775 11.125000000000002 1376.8900000000001 1.9405556833754016 14.148025727052859 929.95000000000016 742.09500000000014 19.429718383110288 40.845238095238102 15.03190737107483 16.958909933030903 34.500000000000007 26.500000000000004 1.5740243837116072 1.8577669873990723
decision_type=2 9 9 2 2 2 2 1 2 1 2 9 2 1 2 9 2 2 2 2 2 2 1 2 2 9 9 2 2 9 2 2 2 2 2 2 2 2 2 2 2 2 9 2 2 2 2 2 2 2 2 2 2 2 2 2 2 2 2 2 2 2
left_child=1 5 3 56 6 8 16 12 9 10 44 -12 28 35 29 49 38 31 -19 20 22 -22 -8 24 -17 33 37 -28 30 58 -4 -18 -25 45 -31 42 48 -11 39 -3 41 -5 -7 -44 -1 -6 -43 -16 -9 60 -51 -14 -30 61 -55 -38 -2 -58 -15 -48 -10 -50
right_child=2 4 7 40 25 13 19 36 15 26 11 -13 51 14 47 23 17 18 -20 -21 21 -23 -24 32 -26 -27 27 -29 52 34 -32 -33 -34 -35 -36 -37 55 -39 -40 -41 -42 46 43 -45 -46 -47 59 -49 53 50 -52 -53 -54 54 -56 -57 57 -59 -60 -61 -62 -63
leaf_value=-0.2651493600085672 -0.92224450172863603 -0.54424258691523375 -0.17793363676712559 -0.70894890342698536 1.1091796867895674 -0.41812242814659728 0.093453961831698962 0.73495199776248232 1.8773801090893878 -0.095880239091389541 0.098740399987800487 -0.5028790482280957 -0.81464375402169797 -1.2127360873990443 -1.9438714960677801 0.19036765134228872 1.3296933886450752 0.3595487471487257 -0.67428293165282938 2.7029621152825287 -0.21433934468454441 0.027681579017824733 -0.58935738670771765 -0.83994647193768801 2.3887556157502297 -0.66535893396104484 3.773759334216598 0.0057243873006164849 0.13718636269590193 0.021900404172679799 0.46746330768546623 -0.57896441623415817 0.42943462824135853 -0.83620734633462634 1.2706298329603876 -0.95730392734001168 -0.36918067788430664 -1.2361816165853412 0.098076406146092421 1.3223905515798231 0.28183689483089014 0.16387557332820946 -1.7609704425164503 1.3303592840261655 0.83294286502342207 -0.72001562747962844 0.15763329255565425 0.079530910109050987 -0.84780293389069861 -0.40615744820968802 0.70635184907800697 0.04697523614506665 -0.54422947126018573 -0.35918605401230103 0.053428358389475863 1.1796207589390837 -0.049631972297435212 -0.46506186958043261 0.23741311087413239 -0.39103284397181337 -0.42526474872418873 -0.50886421774213197
leaf_weight=150 406 467 20 65 41 105 108 23 22 510 119 354 45 32 20 126 21 39 103 24 1284 2475 348 39 68 368 97 257 31 39 40 20 52 45 262 44 57 41 24 20 25 20 24 270 41 34 28 25 109 118 56 33 23 139 38 24 23 93 75 26 22 160
leaf_count=150 406 467 20 65 41 105 108 23 22 510 119 354 45 32 20 126 21 39 103 24 1284 2475 348 39 68 368 97 257 31 39 40 20 52 45 262 44 57 41 24 20 25 20 24 270 41 34 28 25 109 118 56 33 23 139 38 24 23 93 75 26 22 160
internal_value=-0.00127928 -0.00067475 -0.00478686 -0.00697425 -0.00130889 0.000469641 -0.00096485 -0.00254967 -0.000433735 -0.0011848 -0.00288035 -0.00433298 0.00097561 0.00261402 0.00437232 0.00180336 -0.00326399 0 -0.00224138 -0.000574611 -0.000649004 -0.000355529 -0.00294118 0.00381711 0.00596447 -0.00468432 4.08497e-05 0.00211172 0.00448718 0.00547445 0.00873016 0.00767045 0 0 0.00680732 0.000575658 -0.00386323 -0.00121897 -0.00445039 -0.00487245 -0.0011976 -0.00272887 0.00139925 0.00252443 0.000322165 0.00272436 0 -0.00338542 -0.0046875 -0.000757576 -0.00211864 -0.00339506 0 -0.00506682 -0.00256944 0 -0.00880952 -0.00504202 0.000520833 -0.00219298 0.00319149 -0.00647978
internal_weight=9817 8389 1428 686 5421 2968 4933 742 2072 1569 664 473 192 896 453 503 694 183 142 4239 4215 3759 456 285 194 488 905 354 114 408 60 41 91 120 301 443 550 551 511 487 164 139 399 294 191 75 74 45 469 218 174 78 54 446 177 81 522 116 107 54 44 269
internal_count=9817 8389 1428 686 5421 2968 4933 742 2072 1569 664 473 192 896 453 503 694 183 142 4239 4215 3759 456 285 194 488 905 354 114 408 60 41 91 120 301 443 550 551 511 487 164 139 399 294 191 75 74 45 469 218 174 78 54 446 177 81 522 116 107 54 44 269
cat_boundaries=0 2 4 5 6 8 9 11 12 14 16 18 20
cat_threshold=516638226 476141 2183168619 279184 768 199 276955138 344064 627 76022290 262272 98 69 524288 272760834 17065 276824576 66048 8471040 262657
is_linear=0
shrinkage=0.05


Tree=51
num_leaves=63
num_cat=18
split_feature=23 6 7 1 1 2 1 2 2 9 17 1 1 2 4 15 2 1 20 7 7 18 1 2 20 1 19 7 19 1 2 18 2 22 9 9 17 22 17 17 13 7 9 9 20 22 9 22 19 18 7 18 7 22 9 15 18 22 22 22 20 20
split_gain=7.50947 3.38217 3.46957 3.22227 2.70238 2.46516 1.80504 1.62645 1.45974 1.42812 1.74706 1.40839 1.37386 1.31131 1.27554 1.5543 1.21427 1.22302 1.2616 1.2168 1.13139 1.01403 0.978721 1.31615 1.21693 0.885458 1.60622 1.38144 0.857085 0.814285 0.960135 1.10349 0.777859 0.685201 0.682078 0.607071 0.583236 0.636083 0.527448 0.557598 0.527663 0.488611 0.48187 0.749403 0.472264 0.463333 0.894457 0.463078 0.382847 0.554385 0.502694 0.337931 0.323391 0.30849 0.308193 0.219032 0.12886 0.122133 0.105469 0.0279272 0.0172265 0.0111328
threshold=4.5000000000000009 4168.3500000000013 919.60000000000002 0 1 2 3 4 5 1980.7400000000002 2.2216823597555289 6 7 8 9 1.5000000000000002 10 11 49.500000000000007 684.07000000000005 171.82000000000002 0.11263357614573438 12 13 263.50000000000006 14 2231.3650000000007 358.73500000000007 4004.5200000000004 15 16 0.4805186860336102 17 19.087205313765008 1406.7000000000003 2428.9550000000004 1.6962448577817384 11.61631238507981 1.9881721211988592 1.3695080438573242 1.5000000000000002 1034.8800000000003 2149.3700000000003 1018.9750000000001 168.50000000000003 16.442265724613652 1102.0500000000004 21.906044747886309 3449.3450000000007 0.23066231242578003 1273.4750000000001 0.38787961431537465 1080.7100000000003 20.6615583667793 917.31000000000006 9.5000000000000018 1.2711755214015088 16.041983604204315 20.983326699289538 8.9731021562113948 46.500000000000007 35.500000000000007
decision_type=2 2 2 9 9 1 9 1 1 2 2 9 9 1 9 2 1 9 2 2 2 2 9 1 2 9 2 2 2 9 1 2 1 2 2 2 2 2 2 2 2 2 2 2 2 2 2 2 2 2 2 2 2 2 2 2 2 2 2 2 2 2
left_child=1 2 3 5 9 25 28 12 33 11 35 13 44 -4 21 -16 17 19 61 53 -14 -7 23 -9 -24 27 -27 -1 32 42 41 -32 47 34 54 -11 -18 -38 39 -34 -40 -31 43 -6 -5 -20 -47 52 50 -50 59 -13 -3 55 -8 -2 -12 -39 -59 -10 -30 -19
right_child=16 6 4 7 29 14 8 22 48 10 56 51 20 -15 15 -17 36 18 45 -21 -22 -23 24 -25 -26 26 -28 -29 60 30 31 -33 38 -35 -36 -37 37 57 40 -41 -42 -43 -44 -45 -46 46 -48 -49 49 -51 -52 -53 -54 -55 -56 -57 -58 58 -60 -61 -62 -63
leaf_value=-0.28792897632731407 0.073753115348450846 -0.94006279333826304 -0.52602312466747847 -0.29855303706080322 2.4663185117158246 0.70440168492436905 0.43380709847589216 -0.033857003907269069 -0.90804618939275672 -0.12159306803651707 -0.65883371592696394 0.86759157169822565 -0.45414310197556973 0.64592130239192125 2.2976422734435804 -0.39013824853398243 -0.76335366290071205 -0.54636283129327978 -0.23955673232749783 0.62729824604820839 0.26730941882752507 -0.71704542351299594 -0.016506299423760497 -0.48974386055040287 4.6229386310757352 -0.21934860713196011 1.3950651500889433 0.35986669053481962 -1.1472714071953296 -0.80236673075612797 -0.50201489488853823 0.55400795993262619 0.035513881785164618 -0.47463127124076582 -0.0073648177999368521 0.28337680294782003 -0.47730445517659964 0.22562917696858875 0.34954063110412731 -0.42706247531773106 -0.89183679051472575 0.1373169229914252 3.5370623014560851 0.82860071782740663 2.3507852207274245 0.70502223787317642 -0.16891604166610216 -0.021867754446012456 -0.60014503744739334 0.48390594544159565 0.098519954493069412 -0.88502811386196323 -0.81137130721395945 -0.67238105554584193 2.0587822907815747 -0.53564241626157727 -1.1191763480642543 -0.64350543560992512 -0.066428077156945528 -0.46108118272783688 -1.2374185035954892 -0.69011034850380781
leaf_weight=130 28 146 128 227 36 25 24 806 55 24 74 20 60 315 132 572 272 132 27 31 614 749 1622 590 22 336 44 249 119 91 74 444 34 27 28 29 86 25 98 46 27 260 21 178 34 20 27 22 37 28 31 122 84 26 34 22 69 21 24 23 59 57
leaf_count=130 28 146 128 227 36 25 24 806 55 24 74 20 60 315 132 572 272 132 27 31 614 749 1622 590 22 336 44 249 119 91 74 444 34 27 28 29 86 25 98 46 27 260 21 178 34 20 27 22 37 28 31 122 84 26 34 22 69 21 24 23 59 57
internal_value=-0.00124873 -0.000829916 -0.00049537 -0.00106999 0.0013705 -0.00258333 -0.0037027 -0.000197467 -0.000125 -0.000834383 -0.00452261 0.000318878 0.00159546 0.0017818 -0.00377264 -0.00202232 -0.00589888 -0.00319843 -0.00502717 0.0009375 0.00280204 -0.00524142 -0.000769735 -0.00173882 3.0175e-05 -0.000178109 -0.0019084 0.00143495 -0.00515046 0.00295434 0.00208333 0.00343691 -0.00383152 0.00386905 0.00646067 0.00245536 -0.00782313 -0.00471698 -0.000974771 -0.00421687 0.000683594 0 0.00569556 0.0047235 -0.00132299 0 0.00325 -0.00566038 -0.00307487 0 -0.00502232 -0.00370968 -0.00654506 -0.00189873 0.00942623 0 -0.00744863 -0.000342466 -0.00234375 -0.00709877 -0.00842541 -0.00735677
internal_weight=9817 9019 8097 6212 1885 2237 922 3975 287 781 196 585 935 443 1478 704 798 370 263 107 674 774 3040 1396 1644 759 380 379 635 1104 869 518 457 113 86 53 428 156 205 80 125 351 235 214 261 74 47 252 174 65 109 142 230 76 58 50 143 70 45 78 178 189
internal_count=9817 9019 8097 6212 1885 2237 922 3975 287 781 196 585 935 443 1478 704 798 370 263 107 674 774 3040 1396 1644 759 380 379 635 1104 869 518 457 113 86 53 428 156 205 80 125 351 235 214 261 74 47 252 174 65 109 142 230 76 58 50 143 70 45 78 178 189
cat_boundaries=0 2 4 5 7 8 9 11 13 14 15 16 18 20 21 23 25 26 27
cat_threshold=2271523965 1063072 2433157092 295955 172 536903819 344595 1560 1565 263844 262161 8388994 18 3089 11 12 1052864 640 538525696 32776 2370 2231373932 4096 67149840 16928 3122 2275
is_linear=0
shrinkage=0.05


Tree=52
num_leaves=59
num_cat=13
split_feature=14 21 21 5 1 19 1 2 21 5 1 0 2 1 2 2 2 8 21 1 8 8 22 15 19 18 10 8 9 2 21 21 22 8 22 5 5 21 8 18 21 19 18 18 5 9 0 18 19 8 10 10 10 18 18 18 5 8
split_gain=6.47137 2.47745 2.09412 2.38126 2.08048 2.24922 1.84587 1.57336 1.56009 1.35974 2.09424 2.0665 2.68216 2.39877 1.35676 1.30719 1.22359 1.1978 1.18404 1.02812 1.35522 1.02638 1.02566 0.910573 0.870992 0.837743 0.777382 0.766598 0.829196 0.888507 0.742908 0.934768 0.711067 0.678395 0.647915 0.609 0.556279 0.545688 0.51808 0.463658 0.453368 0.516155 0.455393 0.452567 0.426505 0.406834 0.776393 0.374086 0.377604 0.369728 0.36725 0.210658 0.157764 0.106636 0.0931524 0.0434783 0.0140183 0.0053009
threshold=2.5000000000000004 33.062500000000007 21.75961538461539 131.50000000000003 0 2637.0200000000009 1 2 155.25000000000003 174.50000000000003 3 4 5 6 7 8 9 462.49500000000006 34.928571428571438 10 371.58500000000004 854.55000000000007 36.737796044216559 8.5000000000000018 3365.5000000000005 0.22292934072753082 1322.7100000000003 1240.0650000000003 673.56000000000006 11 169.50000000000003 199.50000000000003 37.43325594651035 942.36000000000001 13.052663391543099 20.500000000000004 110.50000000000001 101.25000000000001 863.65500000000009 0.49722857341356635 9.3000000000000025 2161.4850000000006 0.51298364411054187 0.58365880898402778 189.50000000000003 1372.0000000000002 12 0.29154386752061562 3110.4450000000002 729.97500000000014 3383.6700000000005 2289.855 1349.8400000000004 0.35434434488466665 1.3262444313537796 0.40999856058152512 55.500000000000007 815.95500000000004
decision_type=2 2 2 2 9 2 9 1 2 2 9 1 1 9 1 1 1 2 2 9 2 2 2 2 2 2 2 2 2 1 2 2 2 2 2 2 2 2 2 2 2 2 2 2 2 2 1 2 2 2 2 2 2 2 2 2 2 2
left_child=2 15 4 -4 24 9 14 26 18 11 16 13 -13 -6 37 23 -11 22 49 -3 44 -19 -16 34 27 -12 36 28 35 -30 -10 -32 38 -20 50 -1 -7 51 39 -22 -17 42 55 -40 -21 -29 -47 57 -49 -8 -2 -5 -39 -46 -44 -42 -26 -9
right_child=1 19 3 6 5 7 8 47 30 10 25 12 -14 -15 17 40 -18 21 33 20 32 -23 -24 -25 56 -27 -28 45 29 -31 31 -33 -34 -35 -36 -37 -38 52 43 -41 41 -43 54 -45 53 46 -48 48 -50 -51 -52 -53 -54 -55 -56 -57 -58 -59
leaf_value=0.98175645408894341 0.039276945132734387 -0.51850315950909265 -1.0898040337395158 -0.46837887640736792 1.8052031256520058 0.0073792811302510588 -1.1191521980736578 -0.99889701461907565 1.7321477198083124 -0.23314795974603478 -0.43122900116974816 -3.5706076049778632 -0.015259859944678489 0.039419094065355154 -0.16672561820651915 -0.27527445060364325 0.39047998249814103 0.23407789706112878 -0.2645393579700368 -0.11781145409509045 0.13522467305535599 0.0011328022010379968 0.129764105559763 -0.42546006039074219 -1.0422009488668125 1.5681110011084549 -0.77887412651462329 -2.3295760601529394 0.13022440128780452 -0.31442920071932506 -0.42599395106853777 2.2791799121362843 0.56033366614438551 -0.030221489734038445 0.08661630054834682 -0.37866433511779224 3.0281138959598977 0.8935320626713591 -1.0688780995300156 -0.20720807727472634 -0.39466529895445962 -1.0667304461937726 -0.71135554866298034 0.092044310483485603 -0.26447097584417761 0.16801396093129706 -2.2790344241149261 -0.53972639319709848 0.52633123694947848 -0.36794728977409863 -0.40545336233237922 -0.16512877315438512 -0.28764717494913583 -0.87804954085699005 -0.9788680063466888 0.24525937240043039 -1.6038843384746995 -0.32480853708206614
leaf_weight=26 26 115 100 102 216 90 72 175 27 418 44 126 336 1166 303 31 258 322 1567 37 29 246 40 27 32 536 26 61 383 292 41 23 38 391 25 571 51 32 24 163 20 114 214 160 20 80 24 22 21 31 23 42 20 92 250 20 31 45
leaf_count=26 26 115 100 102 216 90 72 175 27 418 44 126 336 1166 303 31 258 322 1567 37 29 246 40 27 32 536 26 61 383 292 41 23 38 391 25 571 51 32 24 163 20 114 214 160 20 80 24 22 21 31 23 42 20 92 250 20 31 45
internal_value=-0.00121818 -0.00433263 -0.000680708 -0.00164709 -2.48361e-05 0.000627999 -0.00139102 -0.00271363 -0.00224018 0.00111183 0.00238284 0.000216567 -0.00263441 0.00120939 0.000234375 -0.0063413 0.000362845 0.00109578 -0.00254966 -0.00201909 -0.00093316 0.0025394 -0.00111994 -0.000109649 -0.00158625 0.00455312 0.000902778 -0.0012934 -0.000823529 0.000313422 0.00385638 0 0.000419664 -0.002231 0.00227273 -0.0021875 0.00269097 -0.00334928 -0.000131926 -0.00205128 -0.00711858 -0.00752818 -0.00650888 0.00160428 -0.00501645 -0.00453869 -0.00186916 -0.00502717 0 -0.00790094 -0.000240385 -0.00510204 0 -0.00652174 -0.00695931 0 -0.00738636 -0.00605381
internal_weight=9817 1428 8389 3359 5030 3530 3259 430 2152 3100 1256 1844 462 1382 1107 750 676 911 2061 678 563 568 343 101 1500 580 167 1437 1272 675 91 64 414 1958 74 597 141 196 376 192 649 618 504 184 149 165 104 263 43 103 49 144 52 112 464 40 63 220
internal_count=9817 1428 8389 3359 5030 3530 3259 430 2152 3100 1256 1844 462 1382 1107 750 676 911 2061 678 563 568 343 101 1500 580 167 1437 1272 675 91 64 414 1958 74 597 141 196 376 192 649 618 504 184 149 165 104 263 43 103 49 144 52 112 464 40 63 220
cat_boundaries=0 2 4 5 7 8 9 11 12 13 14 16 17 18
cat_threshold=2299561952 1192982 370280320 329229 92 547692573 65568 1 257 335814657 81952 2 1536 2054 34078731 262144 3808 1
is_linear=0
shrinkage=0.05


Tree=53
num_leaves=62
num_cat=9
split_feature=23 6 20 1 20 1 20 21 19 5 1 17 5 20 1 19 17 21 20 8 18 8 4 1 1 21 5 8 20 6 6 5 19 10 1 17 16 16 5 19 10 5 19 1 6 10 21 21 14 5 20 5 17 20 21 18 19 21 21 8 10
split_gain=6.73455 2.98823 2.51114 3.23353 2.45112 2.24299 1.84183 1.85148 1.76454 1.54901 1.52863 1.32993 1.45221 1.33658 1.22032 1.60856 1.17019 1.16764 1.16713 1.29476 1.16681 1.12962 1.08568 0.991591 0.97535 0.934817 0.868876 1.49396 0.755033 0.713001 1.7279 0.956876 0.779732 0.706211 0.6493 0.590297 0.553611 1.0065 0.508937 0.537778 0.497802 0.75512 0.495744 0.457392 0.418416 0.576722 0.407098 0.401103 0.348892 0.347342 0.331252 0.326679 0.286683 0.27242 0.20314 0.185397 0.169093 0.0941576 0.20044 0.0775217 0.0202224
threshold=4.5000000000000009 4168.3500000000013 13.500000000000002 0 136.50000000000003 1 33.500000000000007 51.100000000000009 1258.6450000000002 307.50000000000006 2 2.4058448978320865 170.50000000000003 257.50000000000006 3 2584.0800000000004 1.6962448577817384 79.833333333333357 152.50000000000003 503.90500000000003 1.3915264533706417 661.60000000000014 4 5 6 26.550000000000004 310.50000000000006 1080.7100000000003 49.500000000000007 2012.74 1734.8500000000001 180.50000000000003 2343.4300000000007 809.6450000000001 7 1.1058564353973817 1.2000230341597613 1.5795177346722584 208.50000000000003 2440.0200000000004 4218.9600000000019 163.50000000000003 1020.41 8 3372.3600000000001 1799.8150000000003 29.083333333333339 46.708333333333336 2.5000000000000004 110.50000000000001 40.500000000000007 265.50000000000006 0.93392752048487349 61.500000000000007 1.5000000000000002 2.1023033399708835 5393.9250000000002 42.071428571428577 45.550000000000004 550.99000000000012 1315.2700000000002
decision_type=2 2 2 9 2 9 2 2 2 2 9 2 2 2 9 2 2 2 2 2 2 2 9 9 9 2 2 2 2 2 2 2 2 2 9 2 2 2 2 2 2 2 2 9 2 2 2 2 2 2 2 2 2 2 2 2 2 2 2 2 2
left_child=1 2 5 4 34 29 7 22 20 16 38 13 -13 -8 33 -16 57 -9 19 -6 42 -18 -5 36 -20 -23 40 53 52 30 31 -1 43 -10 35 -4 55 -38 54 -40 48 -42 -7 -31 45 -30 -27 -43 56 -34 -50 -36 -25 -28 60 -11 -12 -2 -59 -32 -3
right_child=9 10 3 6 18 8 11 17 14 23 26 12 -14 -15 15 -17 21 -19 24 -21 -22 25 -24 28 -26 46 27 -29 44 32 59 -33 49 -35 51 -37 37 -39 39 -41 41 47 -44 -45 -46 -47 -48 -49 50 -51 -52 -53 -54 -55 -56 -57 -58 58 -60 -61 -62
leaf_value=-0.8379087697704839 -0.72690374602874785 0.73326966342575306 -0.86726315187838743 -0.69600240090113707 -1.3169118090243388 1.3828574264892772 -0.067890612701000927 0.3990033758673745 0.001198008670002082 -0.63836266724771162 -0.52661102900248058 0.011463011904452536 0.30152493971547933 2.2028028365068137 1.5667469472963163 -0.37295315783485466 -0.82163194904112835 -0.26929723785028514 0.42153363919319242 2.3797029731534063 -0.49894513533701784 -0.54554147188813074 -0.97044981860766366 -0.091073300389852466 -0.33827504051764451 0.43127138399609327 -0.086134379551447718 1.2855622593646296 0.88489081348933929 -0.33186288134855779 2.3496312690330017 0.09571408335924475 -0.30861646934873055 -0.93838856358825495 -0.63680223472914799 -0.24713612814170621 0.61603196581116826 -0.059747850961641015 -0.087640507343766327 1.5946037297242288 -0.76539469740813615 0.36230164563390216 3.6696766392484346 -1.0373660411230987 -0.4877332899922916 -0.31185912606864097 0.0047674431142638697 -0.48548795900453429 -0.75627314459273376 10.04471935995246 -0.33498439396522389 -0.19617166744256079 -0.50868227858210069 -0.49403380378054718 -0.18463616858487414 0.022593785409723479 -1.0869077037690842 -0.31609580419354588 -0.60234378601351191 2.9012322948480675 0.12738773954692492
leaf_weight=118 244 20 42 210 25 318 2472 76 238 23 449 828 443 89 338 74 60 111 114 39 37 44 160 27 150 22 24 32 20 224 21 77 53 100 655 302 23 35 20 22 29 24 138 325 23 26 31 20 107 31 25 246 154 38 25 22 67 21 23 43 20
leaf_count=118 244 20 42 210 25 318 2472 76 238 23 449 828 443 89 338 74 60 111 114 39 37 44 160 27 150 22 24 32 20 224 21 77 53 100 655 302 23 35 20 22 29 24 138 325 23 26 31 20 107 31 25 246 154 38 25 22 67 21 23 43 20
internal_value=-0.00118254 -0.00078558 -0.000470679 -0.00100168 -0.00293979 0.000988073 -0.000286801 -0.00296875 0.00235868 -0.00558677 -0.00348649 9.12647e-05 0.00142268 -0.000550897 0.000763612 0.00258824 -0.00761719 0.000855263 0.000755287 0.00671642 0.0047127 -0.00351563 -0.00502681 -0.0028441 -0.000561798 0 -0.00421196 0 -0.00446768 -0.000883978 0.00119275 -0.00094697 -0.00182783 -0.00135328 -0.00397636 -0.00168067 0.000969828 0.0045082 0.00177083 0.00611111 -0.00485152 -0.000164474 0.00544662 -0.00255888 0 0.00255102 0.00424107 0.00319149 -0.00529954 0.00229885 -0.00814815 -0.00471827 -0.00631793 -0.00423077 -0.000183824 -0.00234375 -0.0044316 -0.00962199 -0.00425532 0.00820896 0.00116279
internal_weight=9817 9019 8097 5962 1573 2135 4389 557 1243 798 922 3832 1271 2561 750 412 445 187 328 64 493 157 370 353 264 97 815 94 250 892 259 195 633 338 1245 344 103 58 107 42 721 73 456 549 69 46 53 44 648 84 132 901 181 62 65 45 516 288 44 64 40
internal_count=9817 9019 8097 5962 1573 2135 4389 557 1243 798 922 3832 1271 2561 750 412 445 187 328 64 493 157 370 353 264 97 815 94 250 892 259 195 633 338 1245 344 103 58 107 42 721 73 456 549 69 46 53 44 648 84 132 901 181 62 65 45 516 288 44 64 40
cat_boundaries=0 2 4 6 8 9 11 12 14 16
cat_threshold=52737381 1085736 2207338712 69777 33554436 160 537133058 262144 84 1052865 128 33558533 8256 1085696 33570824 65681
is_linear=0
shrinkage=0.05


Tree=54
num_leaves=45
num_cat=5
split_feature=15 6 7 1 1 18 19 1 5 21 9 5 5 17 20 19 1 13 21 20 18 7 21 5 7 7 7 19 21 19 20 0 8 9 17 18 5 5 18 5 5 9 9 7
split_gain=5.66912 3.43167 2.75628 2.84211 2.62162 1.86214 1.53022 1.46273 1.43708 1.73288 1.26592 1.19651 1.15291 1.3217 1.07327 1.76458 1.26641 1.04634 1.00771 1.13358 0.986055 0.924052 0.908556 0.785299 0.782604 0.772289 0.716714 0.69325 0.753482 0.687635 0.64758 0.730427 0.615771 0.596404 0.520785 0.503949 0.590583 0.411082 0.429688 0.352448 0.305391 0.451172 0.156706 0.0251362
threshold=7.5000000000000009 4168.3500000000013 919.60000000000002 0 1 1.2711755214015088 877.83999999999992 2 266.50000000000006 14.388888888888891 2191.9800000000009 41.500000000000007 307.50000000000006 1.5000008711620956 12.500000000000002 1289.2500000000002 3 1.5000000000000002 155.25000000000003 188.50000000000003 0.56158312041935077 567.10000000000014 78.166666666666671 350.50000000000006 661.36500000000012 1428.7800000000002 1041.8500000000001 4680.3750000000009 60.708333333333336 2876.6700000000005 245.50000000000003 4 330.50000000000006 2149.3700000000003 2.2121133351135964 2.329106241078605 328.50000000000006 186.50000000000003 0.44089162978156832 348.50000000000006 40.500000000000007 310.23000000000008 1393.2100000000003 661.34500000000014
decision_type=2 2 2 9 9 2 2 9 2 2 2 2 2 2 2 2 9 2 2 2 2 2 2 2 2 2 2 2 2 2 2 1 2 2 2 2 2 2 2 2 2 2 2 2
left_child=1 2 3 8 23 6 17 37 9 11 14 -1 34 35 15 -5 -16 -6 19 -10 -8 33 25 30 29 -7 -24 28 -26 -23 31 -4 -11 40 -2 43 -37 42 -39 -38 -9 -42 -3 -14
right_child=12 7 4 10 5 22 20 21 18 32 -12 -13 13 -15 16 -17 -18 -19 -20 -21 -22 24 26 -25 27 -27 -28 -29 -30 -31 -32 -33 -34 -35 -36 36 39 38 -40 -41 41 -43 -44 -45
leaf_value=-1.5647730799780035 -0.68989518546708872 0.43093264787304375 1.0049533303339218 1.1118484841333867 0.58535579143879191 -0.71495526488786332 0.051675725477443285 -0.7135995693708953 -0.27128120520890669 -1.0735163839806077 -0.88980175442101705 -0.077488240068779218 -0.54176763254897653 0.32975529321693919 0.33871494832987498 -0.013729318253213309 -0.078225916707469881 -1.331293928107786 1.1201733968415664 1.7210992227520721 -0.83429618727683863 0.44204770773424401 -1.0158396248978894 2.4499168611029507 -0.22926972074155608 -0.097658362477601207 0.081096919462358849 -1.225267289463021 -0.26387837263539549 -0.58183518317720628 -0.68296957020796545 0.0056119276150731427 -0.44337232835975193 0.052355716270050937 -0.31682127584786213 -0.26607227645197579 0.23893908688688426 1.6466443952140892 0.0079091579477601932 -0.49592377225050549 -0.47147264130932776 -0.78153394429326439 -0.26403566045359528 -0.29297703141911313
leaf_weight=117 234 30 516 284 438 161 298 34 490 164 50 630 94 34 124 707 3237 34 31 95 112 29 20 22 295 83 65 62 108 38 24 141 504 21 29 23 23 21 30 22 27 258 29 29
leaf_count=117 234 30 516 284 438 161 298 34 490 164 50 630 94 34 124 707 3237 34 31 95 112 29 20 22 295 83 65 62 108 38 24 141 504 21 29 23 23 21 30 22 27 258 29 29
internal_value=-0.00116217 -0.000880036 -0.000543413 -0.00104296 0.0011085 -0.000275735 0.000875706 -0.0036802 -0.00258684 -0.00348202 -0.000311438 -0.00171667 -0.00641548 -0.0033443 -0.000206659 0.00121982 -0.000642836 0.00284211 -0.000484653 -0.00104167 -0.00127119 -0.00435028 -0.00350151 0.00350908 -0.0028972 -0.00506073 0.000426136 -0.00365919 -0.00267857 0.00160714 0.003125 0.00346591 -0.00536513 -0.00655977 -0.00878759 -0.00509021 -0.000704225 0.00142276 0.00486111 0.00182292 -0.00710404 -0.00768229 -0.000604839 -0.00704365
internal_weight=9817 9329 8347 6433 1914 1211 882 982 2031 1415 4402 747 488 225 4352 991 3361 472 616 585 410 872 329 703 532 244 85 465 403 67 681 657 668 340 263 191 68 110 51 45 319 285 59 123
internal_count=9817 9329 8347 6433 1914 1211 882 982 2031 1415 4402 747 488 225 4352 991 3361 472 616 585 410 872 329 703 532 244 85 465 403 67 681 657 668 340 263 191 68 110 51 45 319 285 59 123
cat_boundaries=0 2 4 6 8 9
cat_threshold=2279649390 539040 103346712 21152 33554436 160 268435456 197632 1
is_linear=0
shrinkage=0.05


Tree=55
num_leaves=61
num_cat=6
split_feature=23 6 7 1 1 18 15 1 11 5 5 20 20 5 10 1 5 1 5 10 8 17 18 8 5 8 5 17 7 7 1 15 18 5 10 10 7 5 16 5 7 8 20 20 10 17 20 8 20 20 10 5 10 7 11 5 18 22 9 7
split_gain=5.39858 2.98823 2.32169 2.31649 2.10522 1.52273 1.43139 1.29886 1.29582 1.20169 1.17333 1.2079 1.09392 1.07875 1.03101 1.13775 1.44586 1.12611 1.47702 1.18227 1.0103 0.943506 0.935204 0.930661 0.934817 0.922476 0.899563 2.82133 0.863013 0.905198 0.810531 0.777902 0.750752 0.5956 0.545994 0.873271 0.521902 0.5218 0.519011 0.496678 0.865556 0.483462 0.466679 0.455781 0.522883 0.426455 0.380552 0.331361 0.308068 1.13815 0.305752 0.298992 0.22358 0.37605 0.359114 0.182971 0.0855978 0.0606777 0.0519364 0.0503763
threshold=4.5000000000000009 4168.3500000000013 919.60000000000002 0 1 1.5508047248911443 3.5000000000000004 2 311.61000000000007 251.50000000000003 306.50000000000006 49.500000000000007 245.50000000000003 319.50000000000006 1652.1300000000003 3 184.50000000000003 4 125.50000000000001 1512.4500000000003 494.5800000000001 1.6962448577817384 0.75928911391068732 661.60000000000014 181.50000000000003 1240.0650000000003 315.50000000000006 1.9999831763589964 593.74000000000012 661.36500000000012 5 7.5000000000000009 1.2711755214015088 327.50000000000006 1764.8950000000002 3383.6700000000005 1296.5700000000002 314.50000000000006 0.40653495313129434 310.50000000000006 964.72000000000014 658.2650000000001 12.500000000000002 41.500000000000007 826.70500000000015 1.2308454590991635 73.500000000000014 1989.7550000000003 36.500000000000007 32.500000000000007 209.15500000000003 165.50000000000003 1980.6750000000002 1229.6900000000003 1053.1900000000003 41.500000000000007 0.33548800014076091 10.614951860577998 609.59500000000014 550.99000000000012
decision_type=2 2 2 9 9 2 2 9 2 2 2 2 2 2 2 9 2 9 2 2 2 2 2 2 2 2 2 2 2 2 9 2 2 2 2 2 2 2 2 2 2 2 2 2 2 2 2 2 2 2 2 2 2 2 2 2 2 2 2 2
left_child=1 2 3 8 12 6 25 52 50 47 21 37 26 20 17 22 -17 18 -5 -19 -10 -2 -16 -23 57 -6 30 -28 42 41 -4 -26 -8 -15 -13 59 -11 45 -39 46 -41 -30 55 58 -45 -12 -31 -7 49 -40 -1 -52 54 -54 -3 -9 -56 -25 -44 -36
right_child=10 7 4 14 5 9 32 28 13 36 11 34 -14 33 15 16 -18 19 -20 -21 -22 23 -24 24 31 -27 27 -29 29 39 -32 -33 -34 -35 35 -37 -38 38 48 40 -42 -43 43 44 -46 -47 -48 -49 -50 -51 51 -53 53 -55 56 -57 -58 -59 -60 -61
leaf_value=5.8449642535936253 -0.64578523133340404 1.3007704715012403 0.0085592027917805076 -0.54450105072239074 0.15985649177070371 -1.0307508679274142 0.85908000359270853 0.074652395207502664 -0.52142166389256206 -0.28767200439751689 -1.0267776310150702 0.48494686398929193 -0.69508491347289836 0.37740210644769318 0.10975352008293343 -0.81437648441509358 0.15131627695908528 -0.036783124765385367 1.0279665236317883 0.22166803894030362 -0.27071788045232154 -0.76175361657539942 -0.59857969041365156 -1.2072581990108862 0.10250406866330267 -0.57587541427849798 -0.15654358981638339 4.039638519877963 -0.42740268725520392 -0.27139735851029684 0.7790760884246275 -0.033747709044737208 0.048912390770509975 -0.1607206218066608 -0.56756833709599108 0.37062047494419836 0.085459047804317123 0.12830724584963946 -0.38184218688604682 -0.93212215980407587 0.73697891284566985 0.60183149761491672 -0.83451965945324147 0.10775078730992026 -0.55541496391518741 0.17645092643755983 -0.93751150863461707 -1.1265083481952638 -0.58806390462041702 0.44822106037835074 0.27369383371150063 -1.7936490137671826 0.59682040112340307 -0.14814033820740777 -0.22168691123847559 -0.66730326915659754 -0.17558559676809865 -0.43816966734097917 -0.97193910656123728 -0.36227441872657562
leaf_weight=26 277 23 274 72 451 80 35 22 787 63 21 36 31 40 47 192 215 3205 166 164 804 60 262 24 25 240 35 45 24 276 519 28 32 177 20 20 55 20 118 20 35 23 21 28 119 26 117 25 57 23 33 22 20 21 22 35 21 20 95 23
leaf_count=26 277 23 274 72 451 80 35 22 787 63 21 36 31 40 47 192 215 3205 166 164 804 60 262 24 25 240 35 45 24 276 519 28 32 177 20 20 55 20 118 20 35 23 21 28 119 26 117 25 57 23 33 22 20 21 22 35 21 20 95 23
internal_value=-0.0011418 -0.00078558 -0.000470679 -0.000941271 0.0010527 -0.000515594 0.000492773 -0.00348649 -0.00239879 -0.00414823 -0.00508739 -0.0027248 0.00278081 -0.00270569 -0.000285401 -0.00201669 -8.92857e-05 4.50139e-05 0.00328685 -0.000181106 -0.00316029 -0.0069222 -0.00423137 -0.00320312 0 -0.000126081 0.00318208 0.00843373 -0.00415157 -0.00268574 0.00255967 0.00424107 0.00732143 0.000397727 0.00159314 -0.000568182 -0.000206612 -0.00452425 -0.00554299 -0.00343681 0.000215517 0.00325 -0.00634675 -0.00728383 -0.00458333 0 -0.00407197 -0.00798611 -0.00634328 -0.00425347 0.00342262 0.000215517 0.00135417 0.00426136 0 -0.00104167 -0.00298913 -0.00531915 -0.010084 -0.00516304
internal_weight=9817 9019 8097 6212 1885 981 758 922 1889 223 798 364 904 1808 4323 716 407 3607 238 3369 1591 434 309 157 97 691 873 80 815 495 793 53 67 217 99 63 118 265 218 448 55 47 320 263 147 47 393 105 198 141 81 55 107 41 66 57 43 44 116 43
internal_count=9817 9019 8097 6212 1885 981 758 922 1889 223 798 364 904 1808 4323 716 407 3607 238 3369 1591 434 309 157 97 691 873 80 815 495 793 53 67 217 99 63 118 265 218 448 55 47 320 263 147 47 393 105 198 141 81 55 107 41 66 57 43 44 116 43
cat_boundaries=0 2 4 6 8 10 11
cat_threshold=2204152956 538784 615034905 21152 33554436 160 537264385 16400 268894464 196608 545263616
is_linear=0
shrinkage=0.05


Tree=56
num_leaves=59
num_cat=15
split_feature=15 6 1 0 2 7 23 2 1 1 20 2 6 5 1 10 11 1 5 1 5 1 1 7 6 20 2 20 7 2 7 5 20 2 5 17 10 23 7 11 20 17 10 7 20 10 11 10 17 5 7 10 6 17 8 20 17 5
split_gain=5.34396 2.7041 2.3302 2.25411 2.45204 1.84781 1.74388 1.812 1.96079 1.72276 2.98129 1.45291 2.38672 6.2198 1.96364 1.81666 1.58728 1.32806 1.31721 1.33886 1.18087 1.14762 1.11536 1.16433 1.07666 1.03582 0.92001 1.33404 0.905977 0.893479 0.886081 0.872237 0.85917 0.767808 0.661722 1.52418 1.16056 0.596012 0.54365 0.536834 0.517256 0.488782 0.443191 0.424695 0.412778 0.412546 0.786534 0.47837 0.408495 0.377537 0.445197 0.339503 0.335896 0.401747 0.334403 0.191625 0.269035 0.01
threshold=7.5000000000000009 4168.3500000000013 0 1 2 287.80000000000007 1.0000000180025095e-35 3 4 5 41.500000000000007 6 1734.8500000000001 180.50000000000003 7 766.19000000000017 3168.5350000000003 8 180.50000000000003 9 307.50000000000006 10 11 218.56000000000003 2012.74 175.50000000000003 12 19.500000000000004 646.16500000000008 13 275.79000000000002 151.50000000000003 134.50000000000003 14 163.50000000000003 1.9629799627548583 4218.9600000000019 9.5000000000000018 149.98500000000004 2059.1950000000002 40.500000000000007 2.2121133351135964 809.6450000000001 269.46000000000009 18.500000000000004 4218.9600000000019 2716.1300000000006 1892.4950000000001 3.8937620479605215 110.50000000000001 1116.6650000000002 1620.7050000000004 2012.74 1.4681444093941127 171.82000000000002 108.50000000000001 1.6836036157103538 128.50000000000003
decision_type=2 2 9 1 1 2 2 1 9 9 2 1 2 2 9 2 2 9 2 9 2 9 9 2 2 2 1 2 2 1 2 2 2 1 2 2 2 2 2 2 2 2 2 2 2 2 2 2 2 2 2 2 2 2 2 2 2 2
left_child=1 2 5 6 9 24 7 8 -4 10 -5 12 13 -7 25 -16 -14 34 31 -20 41 -9 23 -8 33 -13 27 -19 52 54 -24 -6 39 44 48 55 51 40 -31 -29 -30 -2 -11 -35 -1 46 47 -28 -3 50 -50 -37 -22 -54 -26 56 -36 -51
right_child=20 17 3 4 18 11 22 21 -10 42 -12 14 16 -15 15 -17 -18 26 19 -21 28 -23 30 -25 29 -27 45 32 37 38 -32 -33 -34 43 35 36 -38 -39 -40 -41 -42 -43 -44 -45 -46 -47 -48 -49 49 57 -52 -53 53 -55 -56 -57 -58 -59
leaf_value=-0.4416381842760384 -0.62676361030161887 -0.88791579112298469 -0.093581834811893583 -0.89784864097077044 -0.92492465313835037 -3.6439942498322702 0.74857245516022819 -1.0306018688500145 1.1681858715523334 -0.033192094111525704 0.84313615509868889 0.38830668638788951 0.53877651516288483 0.1857442654470603 0.36655492782259957 -0.23665032955579762 -0.28191860550146686 2.1585977591253522 0.075683642176981897 -0.52605483475585613 -0.14385624197036692 0.073281060106260662 -0.48619494967314342 -0.096777614702197923 -0.22229604278835496 -0.34887851665047764 -0.2505425791739242 0.79815776665472904 0.37147383644468879 0.031463616531096153 -0.12055836101370901 -2.7093834098473146 2.59948371898445 0.61715288811103486 -0.68242660821713208 -1.0121500471818798 0.44185380571458066 -0.58264241416779028 -0.58401364998507721 -0.34237655569543579 -0.080128591778132127 -0.24061730210492449 -0.56690071812169973 -0.46637857920741388 0.00086555601586155726 0.77577141196995558 -0.47036455516289311 0.28342564296553868 -0.81578464406683227 0.021303717206366105 -0.88433211854687599 0.087908457328629203 -0.45288776131037523 -0.0043335022503192986 -0.83196141975767091 -0.48461309187064183 -0.12245972698120511 -0.11179723459377514
leaf_weight=100 234 82 247 103 195 101 37 218 447 73 138 697 747 206 613 1661 101 22 117 221 30 312 214 205 129 91 125 22 37 110 439 115 20 79 107 35 25 23 109 61 25 29 189 28 149 23 63 38 139 20 45 65 89 21 156 39 29 22
leaf_count=100 234 82 247 103 195 101 37 218 447 73 138 697 747 206 613 1661 101 22 117 221 30 312 214 205 129 91 125 22 37 110 439 115 20 79 107 35 25 23 109 61 25 29 189 28 149 23 63 38 139 20 45 65 89 21 156 39 29 22
internal_value=-0.00111125 -0.000837173 -0.000537425 -0.0015763 -0.00336872 0.000125246 -0.000583176 0.000611247 0.00229844 -0.000557171 0.00231299 0.000565758 0.0020655 -0.00157258 0 -0.000754263 0.00346651 -0.00332487 -0.00537065 -0.00300587 -0.00621181 -0.00151934 -0.00226893 0.000490196 -0.00196987 0.00212235 -0.000710594 0.00244565 -0.003125 -0.00345168 -0.00332207 -0.00790735 0 0 -0.0047504 -0.00280528 0.00107422 0.000426136 -0.000592672 -0.00218023 0.00346154 -0.00859962 -0.00336364 0.0034375 -0.00138359 -0.00252863 -0.00338428 -0.00112952 -0.00659164 -0.00491266 -0.00588235 -0.000970874 -0.00559441 -0.00685841 -0.00524329 -0.00582865 -0.00683453 0
internal_weight=9817 9329 8347 3270 1151 5077 2119 1224 694 503 241 4217 1155 307 3062 2274 848 982 648 338 488 530 895 242 860 788 374 125 225 504 653 310 103 356 608 300 125 85 219 83 62 263 262 107 249 249 226 163 308 226 184 100 140 110 285 175 136 42
internal_count=9817 9329 8347 3270 1151 5077 2119 1224 694 503 241 4217 1155 307 3062 2274 848 982 648 338 488 530 895 242 860 788 374 125 225 504 653 310 103 356 608 300 125 85 219 83 62 263 262 107 249 249 226 163 308 226 184 100 140 110 285 175 136 42
cat_boundaries=0 2 3 4 5 7 9 10 12 14 16 18 20 21 22 23
cat_threshold=1019954832 475963 1 678 2469 34636044 33796 2164527148 4096 776 478167552 82736 536903882 344593 34603264 36992 2167443498 4096 1081705 1048576 1564 454 2333
is_linear=0
shrinkage=0.05


Tree=57
num_leaves=52
num_cat=10
split_feature=15 20 20 1 1 1 5 9 10 1 16 16 13 1 2 5 10 5 19 10 16 7 19 4 20 10 7 19 4 19 10 10 8 1 19 5 15 21 20 19 13 19 19 1 5 22 21 5 7 7 9
split_gain=4.69768 2.56679 2.8724 4.01862 3.04623 2.28917 1.83172 1.83116 1.67909 1.61294 1.49585 1.43551 1.64729 1.6919 1.62304 1.39133 1.38341 1.33528 1.26738 1.13728 1.02412 0.969545 0.925799 0.835681 0.821603 0.767735 0.718853 0.652375 0.948875 0.641847 0.636303 0.629189 0.653689 0.598049 1.00927 0.563188 0.517282 0.730319 0.517171 0.488774 0.411813 0.662571 0.483275 0.483044 0.423544 0.412071 0.355478 0.472324 0.286501 0.271111 0.106038
threshold=7.5000000000000009 13.500000000000002 117.50000000000001 0 1 2 198.50000000000003 1041.3350000000003 580.16000000000008 3 0.40653495313129434 1.032748603302698 1.5000000000000002 4 5 315.50000000000006 2231.2650000000003 307.50000000000006 1251.2750000000003 832.7700000000001 2.8457653557092111 896.83000000000015 3688.8400000000006 6 288.00000000000006 2700.8000000000006 646.16500000000008 1032.0550000000001 7 1109.8300000000002 1274.7550000000003 717.2700000000001 411.02500000000003 8 42.449999999999825 282.50000000000006 11.500000000000002 42.071428571428577 80.500000000000014 983.07500000000005 1.5000000000000002 1307.9649999999999 2280.8650000000002 9 68.500000000000014 27.837763405807511 78.166666666666671 200.50000000000003 85.910000000000011 877.23500000000013 811.04500000000007
decision_type=2 2 2 9 9 9 2 2 2 9 2 2 2 9 1 2 2 2 2 2 2 2 2 9 2 2 2 2 9 2 2 2 2 9 2 2 2 2 2 2 2 2 2 9 2 2 2 2 2 2 2
left_child=1 5 4 24 8 22 18 31 48 46 -10 14 13 -13 35 -14 23 -2 27 -12 -20 -22 40 -11 33 -18 30 28 -7 -29 -19 32 -8 39 -35 -6 37 49 -16 -4 41 43 -43 -1 -42 -46 47 -5 -3 -28 -33
right_child=17 2 3 9 11 6 7 -9 10 16 19 12 15 -15 38 -17 25 26 20 -21 21 -23 -24 -25 -26 -27 36 29 -30 -31 -32 50 -34 34 -36 -37 -38 -39 -40 -41 44 42 -44 -45 45 -47 -48 -49 -50 -51 -52
leaf_value=0.53828679530606538 -0.59210467074209416 -1.0373460079822021 0.51318162449936577 -0.90014122790696249 0.090833259576041325 1.3118567848062637 -0.67003133932837644 2.86578088018579 1.68105155039094 0.075727041126226177 0.30532305850426128 -0.060115102616042651 -0.74568612343779095 -0.30208318541741375 -0.89004506285006468 0.51796108144893516 1.6772458156085053 0.0096049173814023447 -0.80645909902409696 -0.017986027809811757 0.26073819511310731 -0.59776939430927456 -1.5649240711633352 -0.25687524506611403 3.6049213536790989 -0.18161722686889947 0.82629235038676152 6.2276332730209294 -0.29170905607350905 1.7533297603699225 -0.38553044903968542 -1.6403116517944476 3.6572805022522239 0.69243015025694143 0.031040189237673845 -1.013609888946563 -0.64192766892837949 -0.40170729114270576 -0.0032730280107500678 1.6917004456060198 0.013009682599109597 -0.98793468748413893 0.53845342266182605 -0.40423546956919409 -0.89949102009672621 -0.34112230504757624 -0.054678866743433835 -1.2189771278407389 -1.2422276700261894 0.2139013175165502 0.94846023235060106
leaf_weight=185 263 26 63 36 77 123 35 91 39 267 111 1884 423 806 431 21 41 27 44 1086 586 171 44 506 23 26 22 35 221 93 113 38 64 228 551 23 22 21 33 41 32 253 91 135 65 34 35 148 39 20 25
leaf_count=185 263 26 63 36 77 123 35 91 39 267 111 1884 423 806 431 21 41 27 44 1086 586 171 44 506 23 26 22 35 221 93 113 38 64 228 551 23 22 21 33 41 32 253 91 135 65 34 35 148 39 20 25
internal_value=-0.00112144 -0.000863963 -0.00134922 0.000247713 -0.00198671 0.000543708 0.00170565 0.00561523 6.65906e-05 -0.00180737 0.000524617 -0.0027149 -0.00227128 -0.00177312 -0.00511464 -0.00514541 -0.0007034 -0.00590631 0.000891458 0.00015625 -0.000264303 0.000115132 -0.00151115 -0.0013692 0.00269314 0.00589286 -0.0026864 0.00294737 0.00158501 0.00610687 -0.0048951 0.0019697 0.00453431 0.00238431 0.00172033 0.000442478 0.000426136 0.0032197 -0.00628931 0.00598291 -0.0010495 -0.000449775 -0.00201729 0.00108359 -0.00363806 -0.00526961 -0.00554957 -0.00668449 -0.00753676 0.00722222 -0.00132576
internal_weight=9817 9329 6964 1965 4999 2365 1526 253 1301 1059 1236 3698 3134 2690 564 444 840 488 1273 1197 801 757 839 773 906 67 225 472 344 128 140 162 99 883 779 100 85 63 464 104 795 664 344 320 131 99 219 184 65 42 63
internal_count=9817 9329 6964 1965 4999 2365 1526 253 1301 1059 1236 3698 3134 2690 564 444 840 488 1273 1197 801 757 839 773 906 67 225 472 344 128 140 162 99 883 779 100 85 63 464 104 795 664 344 320 131 99 219 184 65 42 63
cat_boundaries=0 2 4 6 8 10 11 12 13 15 17
cat_threshold=2517516815 344733 78735000 197666 2173747336 327825 2139392 37922 2689208578 1839761 514 9 4 335675392 13 128 327808
is_linear=0
shrinkage=0.05


Tree=58
num_leaves=63
num_cat=17
split_feature=15 6 2 16 1 1 17 1 20 7 2 1 20 17 1 2 0 7 20 17 2 1 1 1 16 9 15 16 2 1 20 9 9 17 1 9 7 2 17 7 17 16 17 20 9 6 11 6 7 22 6 16 9 22 17 16 7 22 22 22 9 17
split_gain=4.07753 2.10891 1.85167 1.71868 2.67593 2.29704 1.63573 1.58623 1.19321 1.17098 1.36813 1.48055 1.25936 1.1497 1.11075 1.09297 1.69228 1.11491 1.05097 0.996367 1.97697 1.93367 1.21394 0.948362 1.57071 1.28952 0.946401 0.936836 0.90257 0.964481 0.835831 0.784957 0.899143 0.72536 0.721179 0.679853 1.60481 0.593784 1.12869 0.630224 0.627946 0.556441 0.888484 0.5666 0.534581 0.82175 0.521994 0.483462 0.478525 0.47802 0.795868 0.408986 0.392416 0.358958 0.276022 0.257204 0.240176 0.230552 0.230221 0.208196 0.208011 0.201152
threshold=5.5000000000000009 4168.3500000000013 0 1.8750787600542067 1 2 1.6962448577817384 3 64.500000000000014 179.45500000000004 4 5 12.500000000000002 1.3957047320307125 6 7 8 1093.4100000000001 22.500000000000004 2.2010709133616806 9 10 11 12 1.4692017661893437 2161.3250000000003 7.5000000000000009 0.99999551396502706 13 14 48.500000000000007 900.55500000000018 1543.1550000000002 0.93392752048487349 15 1671.6050000000002 827.04500000000019 16 2.364118332926775 956.22500000000014 2.8099223000316269 1.3217183417834095 1.176468704742212 56.500000000000007 494.08000000000021 2012.74 578.87000000000012 1376.8900000000001 607.71500000000015 6.5977075884254068 3056.7900000000004 1.5545865710805999 2149.3700000000003 21.1550370803274 2.9469945351843196 1.1774234790562665 864.61500000000012 45.932005223619804 -1.0000000180025095e-35 3.5237092451084924 1873.4800000000002 3.1303077507626749
decision_type=2 2 1 2 9 9 2 9 2 2 1 9 2 2 9 1 1 2 2 2 1 9 9 9 2 2 2 2 1 9 2 2 2 2 9 2 2 1 2 2 2 2 2 2 2 2 2 2 2 2 2 2 2 2 2 2 2 2 2 2 2 2
left_child=1 3 6 4 8 19 30 31 13 12 14 -12 46 -1 -11 23 17 -17 -18 28 21 -21 -22 25 -25 -6 41 -8 34 -30 33 -3 -33 -2 -5 -29 -37 38 39 -9 56 43 -43 -4 -32 47 -7 -46 -35 -44 -51 54 -47 58 -10 -50 -40 -14 -39 -41 -42 -15
right_child=2 7 26 5 15 9 27 37 51 10 11 -13 57 61 -16 16 18 -19 -20 20 22 -23 -24 24 -26 -27 -28 35 29 -31 44 32 -34 48 -36 36 -38 53 40 59 60 42 49 -45 45 52 -48 -49 55 50 -52 -53 -54 -55 -56 -57 -58 -59 -60 -61 -62 -63
leaf_value=0.3144908725687689 0.014512754240262816 -0.6112954743601513 -0.69135165773952589 -0.9720371501316859 0.0093463058772947256 0.69924190623638971 -0.37470406725934124 -0.33983572924251892 -0.14326547965041245 0.0031146368026480076 -0.2633219400441707 0.11663295745919627 -0.87234812168596398 -0.28288075983210154 -0.41115552140378536 -0.042866514219547014 0.093320170327133314 1.0209821712286022 -0.76045852247396484 1.949926260872475 0.5691756117905854 -0.21624793952317242 2.5281232021340316 -0.15740446723687143 0.46343116100439091 -0.75077645023834294 -0.73213629240126166 0.0049004417051049746 -0.025230506709091927 0.4410721822919394 0.30332644225043509 1.2742202015588546 -0.010558416360003165 -0.39943694259618651 -0.0016914855188797874 0.39644251257425633 -0.0051628254931154419 -0.60044958615108612 1.0976551475270806 -0.10276699333429207 -0.71853871769564881 -0.54093629712260316 -0.99127161368174654 -0.19867604881062093 -0.29755384117417311 -0.33771329566370256 -0.25159209398583116 1.2976581237355287 -0.8677349067345248 -0.11457541534122573 0.35051328741329596 -0.21460349562639858 0.039311571361464639 0.018048081278766583 0.15581590750658611 -0.0016750564507061584 0.19026101781660465 -0.050110446848362328 -0.73223455339473065 0.1152833589024887 1.3088217955177841 -1.1034603865612493
leaf_weight=28 34 37 106 122 557 30 32 97 106 566 246 1611 241 142 719 489 77 41 335 107 223 418 265 175 155 50 198 52 218 354 20 35 43 174 219 35 42 258 20 35 34 61 26 24 24 84 39 23 25 86 47 28 20 32 52 60 23 20 193 21 20 163
leaf_count=28 34 37 106 122 557 30 32 97 106 566 246 1611 241 142 719 489 77 41 335 107 223 418 265 175 155 50 198 52 218 354 20 35 43 174 219 35 42 258 20 35 34 61 26 24 24 84 39 23 25 86 47 28 20 32 52 60 23 20 193 21 20 163
internal_value=-0.00106543 -0.000682318 -0.00383716 -0.00041672 -0.00153061 6.94316e-05 -0.00174373 -0.00305523 -0.00467575 -0.000688666 -0.000373609 0.000474599 -0.00352853 -0.00658482 -0.0016275 -0.000601216 -0.00180628 0 -0.00421687 0.00145694 0.00254675 0.000255576 0.00479042 0.000565789 0.00269679 -0.000544355 -0.00597148 0.0023628 0.000204694 0.00145299 -0.00331906 0.00205078 0.00524691 -0.00494088 -0.00173023 0.00445076 0.00734375 -0.00390416 -0.00142586 -0.00424679 0.002375 -0.00417847 -0.00224215 -0.00695489 -0.000215517 -0.00154221 0.00190972 0.00325 -0.00586832 0 0.00101103 -0.00119048 -0.00420561 -0.00501512 0 -0.00184659 0.00679348 -0.00516098 -0.00547907 0 -0.000438596 -0.00750812
internal_weight=9817 8644 1173 7796 2398 5398 625 848 519 3472 3142 1857 330 333 1285 1879 942 530 412 1926 1013 525 488 937 330 607 548 161 913 572 464 115 78 293 341 129 77 733 250 153 97 350 220 130 171 151 69 47 259 159 133 186 104 483 158 85 43 261 451 56 54 305
internal_count=9817 8644 1173 7796 2398 5398 625 848 519 3472 3142 1857 330 333 1285 1879 942 530 412 1926 1013 525 488 937 330 607 548 161 913 572 464 115 78 293 341 129 77 733 250 153 97 350 220 130 171 151 69 47 259 159 133 186 104 483 158 85 43 261 451 56 54 305
cat_boundaries=0 1 3 5 7 8 10 11 12 13 14 16 18 20 21 23 25 26
cat_threshold=1548 34113126 294936 342525447 508731 100663300 130 3121 25452800 1057792 545550592 2724 1 565 69206528 81952 337773057 81923 540283009 16897 450 69239810 311297 4 66096 1804
is_linear=0
shrinkage=0.05


Tree=59
num_leaves=63
num_cat=15
split_feature=23 13 17 1 1 2 1 2 10 4 1 2 1 20 16 1 20 20 7 1 1 1 8 9 1 9 10 18 21 7 1 10 18 9 8 16 8 8 17 10 10 18 22 9 18 9 22 20 17 16 23 20 20 17 18 10 21 20 20 16 20 8
split_gain=4.29815 1.89771 1.85624 3.22606 3.01855 2.79899 1.83872 1.45518 1.39932 1.39734 1.39622 1.34901 1.52125 1.30349 1.29772 1.17465 1.16607 1.09117 1.07112 1.51548 1.2313 1.00939 0.983823 0.95741 0.932492 0.89648 0.816856 1.02994 0.788331 0.85041 0.779928 0.992658 0.76849 0.743988 0.826882 0.717 0.669855 1.46326 0.630816 0.624354 0.615192 0.556443 0.505065 0.503754 0.412176 0.403186 0.298136 0.297297 0.281099 0.686372 0.636063 0.269684 0.267071 0.258912 0.242154 0.23999 0.209886 0.124468 0.0826219 0.0720486 0.0703455 0.0636837
threshold=4.5000000000000009 1.5000000000000002 2.1069739930412683 0 1 2 3 4 2454.7250000000008 5 6 7 8 136.50000000000003 1.5594067304864259 9 8.5000000000000018 274.50000000000006 979.80500000000006 10 11 12 1678.2350000000001 579.38000000000011 13 2160.6950000000006 1892.4950000000001 1.3915264533706417 80.166666666666671 412.55000000000007 14 851.48000000000013 0.22292934072753082 1248.1400000000003 864.5350000000002 1.500002791455912 1022.0500000000001 1190.2200000000003 1.9753128611946447 720.06500000000017 1086.3300000000002 2.1023033399708835 27.837763405807511 1671.6050000000002 0.37186251754291277 936.58500000000015 24.055141185680103 148.50000000000003 1.2911755045873761 1.3217183417834095 5.5000000000000009 39.500000000000007 40.500000000000007 2.6659330798812166 1.3466023635291122 2847.4150000000004 37.062500000000007 49.500000000000007 38.500000000000007 0.98810004087715908 55.500000000000007 1208.8950000000002
decision_type=2 2 2 9 9 1 9 1 2 9 9 1 9 2 2 9 2 2 2 9 9 9 2 2 9 2 2 2 2 2 9 2 2 2 2 2 2 2 2 2 2 2 2 2 2 2 2 2 2 2 2 2 2 2 2 2 2 2 2 2 2 2
left_child=1 2 3 13 5 15 23 21 11 14 -11 12 -6 30 -7 47 36 18 20 -20 -5 25 54 -3 -13 35 27 40 39 -30 41 -32 -18 34 -34 58 44 -38 46 -15 -23 -1 -25 -17 -8 -46 60 -4 57 52 -51 -24 -50 -35 -10 -39 -42 -9 -2 -54 -28 -44
right_child=7 6 4 17 8 9 16 48 22 10 -12 24 -14 28 -16 43 32 -19 19 -21 -22 26 51 42 -26 -27 38 -29 29 -31 31 -33 33 53 -36 -37 37 55 -40 -41 56 -43 61 -45 45 -47 -48 -49 49 50 -52 -53 59 -55 -56 -57 -58 -59 -60 -61 -62 -63
leaf_value=-0.35610269524215393 -0.062598264133160428 0.051546816075901704 -0.045445748274464216 0.061923679684072044 0.24339354452824261 -0.094980453172324175 0.86267615916377227 -0.77433124796141328 -0.35391061229302967 -0.42065328192577844 0.59802751623898132 -0.62426805869236035 -0.15130956556362102 0.14884635461943072 0.70603275927690357 1.8187253576308664 -1.3879351514803027 2.1282492553158905 -0.42760781315518576 0.28479208096785857 -0.10250522704359036 0.031719008425034188 1.5773988977224065 -0.86362976292211791 -0.066520991458482115 0.36306107523658437 -0.4877170627565523 0.48309237019453805 -0.70323935798091708 0.38048999222300994 0.91845863967832964 -0.80960057549155973 -0.24601525977013525 -0.97926637197284827 1.4254064603934355 0.047310889326472962 2.1880556182367088 -0.0546734436716255 0.0035972124994323451 -0.80090749254680527 -0.050270382206157205 0.052330751660079861 0.085282961897603829 2.2860978223770552 -1.8029106817304374 0.093312370748025675 -0.013674963460993795 4.091763249766073 -1.0503422671311533 0.35010474942886277 -0.69973687200899093 -0.46653103839635401 -0.20288167401769358 -0.68032143083908425 -0.67339582839006695 0.99688686613028676 -0.76731311104723832 -0.44637976322196088 -0.50115686432505135 -0.4618543486380986 -0.48121409938117754 -0.094659569983278402
leaf_weight=690 30 39 84 360 592 301 38 101 122 470 192 512 452 142 648 165 39 35 112 334 1350 30 25 265 825 36 150 33 20 39 23 199 117 51 34 37 21 32 29 212 20 56 20 34 31 20 22 24 66 35 55 31 21 118 98 26 29 36 25 21 22 21
leaf_count=690 30 39 84 360 592 301 38 101 122 470 192 512 452 142 648 165 39 35 112 334 1350 30 25 265 825 36 150 33 20 39 23 199 117 51 34 37 21 32 29 212 20 56 20 34 31 20 22 24 66 35 55 31 21 118 98 26 29 36 25 21 22 21
internal_value=-0.00106543 -0.000746786 -0.000501534 -0.00135664 0.000155636 0.00167012 -0.00297143 -0.00458801 -0.000922285 0.000777401 -0.000925926 -0.000508599 0.000804163 -0.00323709 0.00201403 0.00597656 -0.000902778 -0.000130445 -0.000301065 0.00183742 -0.000890251 -0.00238971 -0.00430108 -0.00576117 -0.00156481 0.00106383 -0.00384339 0 -0.000751202 0.00423387 -0.00427394 -0.00712766 -0.00258978 -0.00154799 0.000730519 -0.00105263 0.00233918 0.00564024 -0.0056969 -0.0017507 -0.0035061 -0.00319499 -0.00687702 0.00831368 -0.00013587 -0.00347222 -0.00672589 0.000826446 -0.00714799 -0.00534826 -0.00134409 0.000847458 -0.00810811 -0.00385174 -0.0058296 0.000409836 -0.00697115 -0.00973214 -0.0049569 -0.00277778 -0.00742857 -0.000284091
internal_weight=9817 9019 8147 3572 4575 1918 872 798 2657 1611 662 2381 1044 1381 949 307 527 2191 2156 446 1710 463 276 345 1337 128 335 112 413 59 968 222 359 320 151 92 168 79 223 354 79 746 306 199 89 51 194 108 335 198 90 56 108 169 220 58 49 137 55 42 172 41
internal_count=9817 9019 8147 3572 4575 1918 872 798 2657 1611 662 2381 1044 1381 949 307 527 2191 2156 446 1710 463 276 345 1337 128 335 112 413 59 968 222 359 320 151 92 168 79 223 354 79 746 306 199 89 51 194 108 335 198 90 56 108 169 220 58 49 137 55 42 172 41
cat_boundaries=0 2 4 5 7 8 9 11 12 14 16 18 20 22 24 26
cat_threshold=2705405221 538656 887317527 213288 1546 2148565235 262289 1548 21 604127235 16384 3972 2182349032 41089 17 81952 524296 82946 268959752 99331 1052836 4224 2198896744 32897 2684358912 12320
is_linear=0
shrinkage=0.05


Tree=60
num_leaves=54
num_cat=14
split_feature=23 19 2 20 1 5 0 20 1 5 0 2 2 1 1 21 21 19 1 19 18 20 1 11 19 9 0 17 1 2 5 16 16 11 23 21 17 9 23 9 5 16 17 21 5 21 18 18 20 20 9 5 23
split_gain=3.84891 2.16228 2.03266 1.84161 2.55936 1.87162 1.90749 1.59372 1.43921 1.4839 1.42961 2.10017 1.8305 1.2116 1.18321 1.17219 1.14425 1.10784 1.58401 1.30156 1.17271 0.96574 0.807629 1.09651 1.34932 0.801528 0.777313 0.775981 0.764161 0.724532 0.668559 0.574064 0.571453 0.486284 0.485862 0.457291 0.43205 0.314923 0.278643 0.421206 0.48416 0.295918 0.202667 0.476905 0.187191 0.331235 0.267252 0.616075 0.150034 0.124468 0.11772 0.081984 0.0560467
threshold=4.5000000000000009 3688.8400000000006 0 13.500000000000002 1 286.50000000000006 2 106.50000000000001 3 215.50000000000003 4 5 6 7 8 57.900000000000006 122.25000000000001 1289.2500000000002 9 366.09500000000008 0.37829266976141646 274.50000000000006 10 3818.2800000000007 136.49499999999992 1999.3900000000001 11 2.0164705903654747 12 13 158.50000000000003 1.7689411163902584 1.500002791455912 745.20000000000016 5.5000000000000009 62.875000000000007 1.1058564353973817 1728.4550000000002 9.5000000000000018 2281.5900000000006 329.50000000000006 1.5795177346722584 1.2911755045873761 39.550000000000004 208.50000000000003 1.0000000180025095e-35 0.12148625449793422 0.165082188011513 45.500000000000007 49.500000000000007 550.2850000000002 35.500000000000007 5.5000000000000009
decision_type=2 2 1 2 9 2 1 2 9 2 1 1 1 9 9 2 2 2 9 2 2 2 9 2 2 2 1 2 9 1 2 2 2 2 2 2 2 2 2 2 2 2 2 2 2 2 2 2 2 2 2 2 2
left_child=1 3 22 8 5 10 21 13 9 31 11 -5 -12 27 16 -8 -9 18 19 -10 28 -7 25 24 34 32 -20 -6 -19 -15 -16 -1 -2 -33 -24 44 -26 -22 39 40 -25 -41 49 48 45 46 51 -48 52 -4 -11 -3 -44
right_child=2 35 42 4 7 6 15 14 17 50 12 -13 -14 29 30 -17 -18 20 26 -21 37 -23 23 38 36 -27 -28 -29 -30 -31 -32 33 -34 -35 -36 -37 -38 -39 -40 41 -42 -43 43 -45 -46 -47 47 -49 -50 -51 -52 -53 -54
leaf_value=-1.3031671961790883 -0.46804472157592092 -1.3471396791720158 -0.73561468556334264 -0.14626648023375283 -0.26995667861205636 0.0017846368566313943 2.4650500372575532 0.007911085756516379 -0.14810106526245406 0.93925731617835884 -0.69101164021051398 0.24404085877989809 0.039792062477455661 -0.1383348801763031 0.7908829049991386 0.19700378479608621 1.0304265198351343 -1.2905916792950665 0.17974572845957335 2.3931477106112111 -1.4457222187435605 2.0152518275476283 0.31205228405307556 -0.40843967098280098 0.0016329636691210681 0.22858592635734143 -0.46070768500014836 -0.059600082346834074 0.05922903548379424 -0.4803131541694507 -0.4711034220951284 -0.0078531173784972107 0.016915769363887813 1.066362434895104 0.013267155507913487 0.039377482015480331 -0.56984891032321949 -0.17560143347335588 -0.52039578417265309 0.082039868744181108 -0.31280204679925688 -0.066254605824063617 -0.46246456330299568 -0.059605416237288725 -0.060291652969868541 -0.74951680495683748 0.54688363196033851 -0.72950606508813332 -0.44444843324431216 -0.42406077506086276 2.7315255585300209 -1.6164093388022502 -0.76614687982307128
leaf_weight=27 37 22 101 709 629 520 68 886 73 21 442 528 289 219 20 134 36 103 310 217 101 23 36 55 21 33 171 982 717 702 292 156 35 242 34 34 49 20 36 46 59 22 45 32 32 82 40 67 37 36 69 36 84
leaf_count=27 37 22 101 709 629 520 68 886 73 21 442 528 289 219 20 134 36 103 310 217 101 23 36 55 21 33 171 982 717 702 292 156 35 242 34 34 49 20 36 46 59 22 45 32 32 82 40 67 37 36 69 36 84
internal_value=-0.00100433 -0.00070245 -0.00433833 -0.000548283 -0.000977707 0.000178833 0.00232286 -0.00181926 0.000678251 0.00295928 -0.000608828 0.000393145 -0.00236717 -0.00254438 -0.000303153 0.00646341 0.000561497 0 0.00137274 0.00420792 -0.0011785 0.000663919 -0.0018645 -0.00303235 0 0.00158898 -0.000328947 -0.00162408 -0.000425273 -0.00402837 -0.00292308 0.00160631 -0.000666667 0.00218204 0.00513699 -0.00478639 -0.00445205 -0.00574597 -0.00531674 -0.00391892 -0.00576923 0 -0.00729167 -0.00559701 -0.00545213 -0.00595 -0.00394345 -0.00170455 -0.0066568 -0.00973214 0.00887097 -0.00696721 -0.00767045
internal_weight=9817 9019 798 8706 6479 2713 745 3766 2227 515 1968 1237 731 2532 1234 202 922 1712 771 290 941 543 463 358 140 105 481 1611 820 921 312 425 72 398 70 313 70 121 218 182 114 68 335 198 279 247 165 107 166 137 90 58 129
internal_count=9817 9019 798 8706 6479 2713 745 3766 2227 515 1968 1237 731 2532 1234 202 922 1712 771 290 941 543 463 358 140 105 481 1611 820 921 312 425 72 398 70 313 70 121 218 182 114 68 335 198 279 247 165 107 166 137 90 58 129
cat_boundaries=0 1 3 4 6 7 8 9 11 13 15 17 18 20 21
cat_threshold=1548 471023768 476813 1 338535428 54312 1 3266 2386 549991681 1609986 2718732839 16 536875024 328208 2148536356 4224 1 2148532248 327680 640
is_linear=0
shrinkage=0.05


Tree=61
num_leaves=63
num_cat=15
split_feature=21 21 2 1 1 17 2 1 20 20 17 1 22 20 19 5 5 20 19 21 17 1 2 7 7 7 1 5 18 7 7 19 9 10 1 17 21 19 4 17 8 19 18 10 7 7 4 18 18 10 10 1 17 6 2 17 21 19 21 1 21 18
split_gain=3.08908 4.47089 2.29429 2.23076 1.81832 1.45544 1.39956 2.02256 1.98823 1.39054 1.33481 1.6824 1.3745 1.65487 1.31482 1.89461 1.24877 1.13033 1.10944 1.07148 0.997967 1.04874 1.19483 1.23154 1.14607 0.972994 1.12573 1.10723 1.23699 1.04333 1.01246 1.18476 1.06236 0.9084 0.913326 0.884316 1.04515 0.880289 0.955874 0.843104 0.815327 0.790445 1.45608 1.0227 0.771354 1.72472 0.7588 1.02348 0.779388 0.99655 0.747791 0.729705 0.72803 1.02851 0.71825 0.648193 0.625783 1.21355 0.65229 0.60136 0.86702 0.669859
threshold=9.3000000000000025 35.062500000000007 0 1 2 1.9753128611946447 3 4 223.50000000000003 53.500000000000007 2.1069739930412683 5 4.9413151653110416 20.500000000000004 2128.5000000000005 265.50000000000006 104.50000000000001 134.50000000000003 2391.1750000000006 37.562500000000007 2.5583237115079616 6 7 714.62000000000023 491.01500000000004 509.29000000000002 8 179.50000000000003 0.21561370421819201 1.0000000180025095e-35 941.92000000000007 1662.7700000000002 1045.1500000000003 2454.7250000000008 9 1.0441898763171058 55.900000000000006 1975.135 10 2.7321900244243733 425.74000000000007 56.734999999999907 1.0404679009680091 649.94000000000017 330.67500000000007 719.76500000000021 11 0.30382373863500595 0.77817254947468129 1944.9150000000002 1666.0300000000002 12 1.9190091505131932 2012.74 13 1.8439155693842773 70.750000000000014 1507.075 41.916666666666679 14 24.928571428571434 1.9257997679848946
decision_type=2 2 1 9 9 2 1 9 2 2 2 9 2 2 2 2 2 2 2 2 2 9 1 2 2 2 9 2 2 2 2 2 2 2 9 2 2 2 9 2 2 2 2 2 2 2 9 2 2 2 2 9 2 2 1 2 2 2 2 9 2 2
left_child=4 2 5 10 16 9 7 -6 14 -2 17 12 54 -14 15 -9 33 56 59 -5 46 24 23 -23 -22 27 52 29 -29 -8 31 -28 -32 34 37 36 -21 38 -1 -13 -30 42 -37 -43 -7 -46 47 -18 55 -50 -26 -49 -27 -54 -12 -48 58 -58 -3 60 -4 -61
right_child=1 3 18 19 6 44 25 8 -10 -11 11 39 13 -15 -16 -17 20 -19 -20 35 21 22 -24 -25 50 26 30 28 40 -31 32 -33 -34 -35 -36 41 -38 -39 -40 -41 -42 43 -44 -45 45 -47 48 51 49 -51 -52 -53 53 -55 -56 -57 57 -59 -60 61 -62 -63
leaf_value=-0.46899012694267911 -0.28761600008893956 -0.17723464745524106 -0.23018872285207143 -0.36727089164808646 -0.0087255056164117668 -0.11177008578176065 1.2786712073528024 1.4061791569866273 -1.236789271703594 0.48356294657197485 -0.27519884217701396 -0.48860188059412979 -0.062238868950817407 0.42625752146660684 -0.40154707880209095 3.5861163205183675 -0.56667182675802685 0.038183312147052284 -0.92737373489701147 -0.49177160109585077 -1.0192513025727337 0.33697956293002423 1.5561771459499689 -0.87670986783575278 0.52580889613700632 -0.71281526416246421 -1.0509381453359177 -1.9503667558592981 1.4560721442633195 -0.9743843614251575 3.6726958362393098 0.6041200314108679 0.033127345623742602 -1.4277221455873583 -0.58559433667550531 0.71955589967344591 -0.00042530996128551383 -0.60686254422159935 0.49200811872459127 -0.0047162871652901119 -0.23008121868862619 0.56577842440849579 0.037759221816576628 -0.049277458964764168 0.58818255736774105 -0.066352099580762311 -0.28642585284666783 -0.40277240269907683 -0.85694212417049231 0.90067085505289168 -1.2815530594514031 0.056586144928339979 1.9150790561817281 0.59639029359393436 0.37955424362897433 0.59810925739630039 -0.073265147035677811 -1.1655536314101316 -0.41738928190942098 -0.27302030387351195 -0.81830111101418912 -0.93260209558166096
leaf_weight=235 157 161 66 69 280 23 45 217 30 45 132 121 31 92 50 48 83 156 122 92 111 169 308 100 185 24 151 29 81 269 47 77 221 34 447 74 186 199 283 75 42 72 667 663 33 28 80 323 59 28 31 226 66 262 127 187 381 64 579 302 173 99
leaf_count=235 157 161 66 69 280 23 45 217 30 45 132 121 31 92 50 48 83 156 122 92 111 169 308 100 185 24 151 29 81 269 47 77 221 34 447 74 186 199 283 75 42 72 667 663 33 28 80 323 59 28 31 226 66 262 127 187 381 64 579 302 173 99
internal_value=-0.000953411 -0.00186209 -0.00475737 -0.00103471 -7.70378e-05 -0.000585284 0.00110784 0.00303683 0.00555168 -0.00304878 -0.0022192 -0.000129088 0.00170886 0.00605159 0.00695755 0.00834888 -0.000838439 -0.0030971 -0.00616129 0.00019744 -1.32066e-05 0.00115766 0.00243644 0 -0.000992647 0.000131876 0.00117509 -0.00165245 0.0016129 -0.00339117 -0.000294695 -0.00281385 0.00166052 -0.00210241 -0.00179949 0.00046955 -0.00204626 -0.000565068 0.000431862 -0.00382775 0.00406746 0.000980392 0.00213374 -0.000118564 0.0045977 0.00761719 -0.00113751 -0.00217054 0.000613079 -0.00319444 0.000913242 -0.00129076 0.00328767 0.00407855 -0.00014313 0.00208333 -0.00363005 -0.00192522 -0.00457604 -0.00520995 -0.00749008 -0.00341184
internal_weight=9817 4790 1048 3742 5027 286 1939 625 345 202 1919 578 382 123 315 265 3088 1341 762 1823 1890 904 577 269 327 1314 848 466 152 314 496 228 268 1198 1164 1754 278 717 518 196 123 1476 741 735 84 61 986 632 354 87 216 549 352 328 259 267 1185 445 740 640 239 401
internal_count=9817 4790 1048 3742 5027 286 1939 625 345 202 1919 578 382 123 315 265 3088 1341 762 1823 1890 904 577 269 327 1314 848 466 152 314 496 228 268 1198 1164 1754 278 717 518 196 123 1476 741 735 84 61 986 632 354 87 216 549 352 328 259 267 1185 445 740 640 239 401
cat_boundaries=0 1 3 5 6 8 10 12 13 15 17 18 19 20 21 23
cat_threshold=1548 832877623 791866 2870313960 1225238 2600 276825090 327849 536870917 266258 2148532392 4112 384 276963332 344097 2684617480 4624 10 22 537133440 2400 537919588 640
is_linear=0
shrinkage=0.05


Tree=62
num_leaves=63
num_cat=18
split_feature=14 21 1 2 17 4 20 22 20 1 1 20 5 9 19 20 17 0 17 10 2 1 19 2 5 2 2 1 5 4 23 20 20 1 2 4 7 19 7 21 5 19 7 7 1 10 10 5 9 10 20 19 19 17 9 7 7 9 9 5 5 1
split_gain=3.09174 2.96268 2.27661 2.28296 2.64851 1.60281 1.58657 1.54814 1.53637 2.13824 1.91676 2.58759 1.74466 1.69661 1.27806 1.27313 1.27117 1.529 1.14188 2.73335 1.11987 1.01233 1.03146 0.952234 0.917208 0.895525 0.893876 0.89008 1.27427 0.7597 0.772531 0.769677 0.737264 0.736339 0.719919 0.700009 0.840068 0.800383 0.664063 0.745827 0.661774 0.630714 0.628567 0.620465 0.614157 0.578962 1.01666 0.636859 0.567938 0.533688 0.51527 0.51002 0.479817 0.481126 0.462105 0.640916 0.424112 0.451244 0.769194 0.414142 0.413814 0.385735
threshold=2.5000000000000004 36.854166666666679 0 1 1.8170510014618211 2 33.500000000000007 13.438749426834796 13.500000000000002 3 4 276.50000000000006 286.50000000000006 480.15500000000003 1258.6450000000002 65.500000000000014 1.2000070682404826 5 3.2736030391464528 792.47500000000014 6 7 2789.1849999999999 8 326.50000000000006 9 10 11 70.500000000000014 12 3.5000000000000004 34.500000000000007 46.500000000000007 13 14 15 481.45500000000004 1251.2750000000003 1439.3900000000003 46.708333333333336 154.50000000000003 186.64500000000007 371.54000000000002 185.77500000000001 16 679.18500000000006 1930.6000000000001 286.50000000000006 432.77000000000004 851.48000000000013 35.500000000000007 1662.7700000000002 95.859999999999914 2.2362583094289845 540.33500000000015 719.68500000000017 1189.5450000000003 936.58500000000015 719.76500000000021 165.50000000000003 307.50000000000006 17
decision_type=2 2 9 1 2 9 2 2 2 9 9 2 2 2 2 2 2 1 2 2 1 9 2 1 2 1 1 9 2 9 2 2 2 9 1 9 2 2 2 2 2 2 2 2 9 2 2 2 2 2 2 2 2 2 2 2 2 2 2 2 2 9
left_child=8 2 7 4 -4 6 -5 -2 9 14 11 12 13 61 56 33 25 -18 21 -20 -15 22 -17 29 -23 -14 41 34 48 31 42 52 -8 54 51 36 -28 -38 39 59 -30 -11 -31 -43 -45 47 -47 -35 -29 -36 -41 -16 -3 -54 -12 -56 57 58 -1 -25 -7 -10
right_child=1 23 3 5 -6 60 32 -9 10 26 15 -13 16 20 27 18 17 -19 19 -21 -22 24 -24 38 -26 -27 35 28 40 30 -32 -33 -34 45 49 -37 37 -39 -40 50 -42 43 -44 44 -46 46 -48 -49 -50 -51 -52 -53 53 -55 55 -57 -58 -59 -60 -61 -62 -63
leaf_value=2.8932620261640496 -0.63013529141720859 1.0433212340597862 -0.13090729516119765 -0.47039865596956543 0.13546609620102004 -0.69695460594732428 1.6126193546003318 -0.17183555412490784 -0.93417357747265017 -0.92839888313737051 0.16020320558844095 3.0895167170584461 0.031570354790995479 0.050539647976046001 0.49829973096690028 -0.02551127345439852 0.029338963770256399 0.75421480563618537 4.0106748058894244 -0.18773796137001569 -0.26691794824870491 -0.42576783443020078 -1.2720859138123046 -1.1167722075792106 0.17984031373982143 -0.26368512349799506 -1.4783963819916304 0.41550964649581473 2.8586250933111903 -0.91090147674965838 -0.64394631490623666 -0.054298025250052895 -0.049552359438498075 -1.6452480034717163 1.1070612424295412 -0.032373409612364415 4.9625712485266096 1.0078410111094749 0.22915509934863787 -0.75736442784466773 0.73107486845790681 0.86190351117566244 0.20164768127077243 -0.95025757014718926 -0.10346470563881525 -0.021378150710891931 -0.24594123279873445 0.44425370917565776 -0.35493663617048415 -0.35865123500996532 -0.044776962414898772 -0.81599674074559769 -0.31356552784161756 0.3133286656212157 -0.71659220918501632 -0.25184629700197975 0.70011644013523844 4.5023826837034653 -0.55320039340577554 0.019464608508646022 0.0065532098267448548 -0.36441854274016239
leaf_weight=109 275 48 64 88 58 234 39 94 113 41 28 31 162 1064 93 1218 464 169 46 151 707 401 41 25 78 139 21 24 102 22 43 54 26 133 115 225 42 42 26 84 70 39 36 242 387 489 245 33 109 55 34 199 20 34 144 71 136 123 39 104 20 249
leaf_count=109 275 48 64 88 58 234 39 94 113 41 28 31 162 1064 93 1218 464 169 46 151 707 401 41 25 78 139 21 24 102 22 43 54 26 133 115 225 42 42 26 84 70 39 36 242 387 489 245 33 109 55 34 199 20 34 144 71 136 123 39 104 20 249
internal_value=-0.000953411 -0.00310971 -0.00485572 -0.00242159 0.00314815 -0.00425595 0 -0.00788613 -0.000579421 0.000535875 -0.000987215 -8.8396e-05 -0.000256515 -0.00105922 0.00200084 -0.00186833 0.00152081 0.00281053 -0.00105134 0.0024375 -0.000387542 -0.00147904 -0.000658412 -4.69043e-05 -0.00342988 -0.00102796 -0.00108127 0.000730519 0.00279088 0.00199074 -0.000986842 0.00414201 0.00569853 -0.00321771 -0.000578947 0.000947522 0.00413136 0.00689655 -0.00214161 -0.00315 0.00571429 -0.00209488 0.00204918 -0.00163934 -0.00207674 -0.00235487 -0.00166214 -0.00517751 -0.000459559 0.00177596 -0.00599174 -0.00213115 0.00690476 0.00219298 -0.00581055 -0.00682339 0.00429878 0.00552007 0.00298013 -9.4697e-05 -0.00664794 -0.00417808
internal_weight=9817 1428 898 529 122 407 153 369 8389 2213 6176 3098 3067 2133 1174 3078 934 633 1935 197 1771 1738 1259 530 479 301 1039 767 305 257 101 156 65 1143 462 330 105 84 273 247 172 709 58 668 629 900 734 166 133 170 118 292 102 54 243 215 407 271 148 129 254 362
internal_count=9817 1428 898 529 122 407 153 369 8389 2213 6176 3098 3067 2133 1174 3078 934 633 1935 197 1771 1738 1259 530 479 301 1039 767 305 257 101 156 65 1143 462 330 105 84 273 247 172 709 58 668 629 900 734 166 133 170 118 292 102 54 243 215 407 271 148 129 254 362
cat_boundaries=0 2 3 4 6 8 9 10 12 13 14 15 17 18 20 21 22 24 26
cat_threshold=34635843 262785 3592 3 640509719 50720 2660451226 1524365 1 2848 537690208 38930 1226 10 123 537657602 49152 25 4759648 16 2273 3 2417098760 266368 33554432 279040
is_linear=0
shrinkage=0.05


Tree=63
num_leaves=63
num_cat=14
split_feature=23 0 2 5 5 2 1 1 19 19 19 1 8 22 1 2 9 9 4 2 17 19 19 17 5 5 9 2 5 19 1 23 17 5 8 1 8 5 9 1 17 17 8 9 17 19 8 17 6 19 22 16 16 8 16 8 5 17 23 16 17 9
split_gain=2.98223 1.75777 6.03003 4.07479 4.29075 3.45252 2.8508 2.53891 1.61815 1.57285 1.86559 1.54905 1.49423 1.36712 1.3215 1.3067 1.23699 1.33055 1.08958 1.52327 1.48018 0.94845 0.941512 0.935012 0.821806 0.816034 0.756684 0.739828 1.03151 0.906281 0.794227 0.727555 0.712392 1.40965 0.685602 0.67757 0.635106 0.626204 0.612161 0.588393 0.548659 0.798817 0.538585 0.535309 0.532257 0.515911 0.510038 0.483709 1.315 0.549583 0.537933 0.469432 0.358708 0.581633 0.344271 0.298259 0.273065 0.226812 0.225788 0.97565 0.958031 0.218384
threshold=4.5000000000000009 0 1 180.50000000000003 151.50000000000003 2 3 4 1583.0300000000002 1109.8300000000002 1020.41 5 436.17500000000001 30.276501539222291 6 7 992.0350000000002 1018.9750000000001 8 9 3.2736030391464528 2602.9250000000006 510.44000000000005 1.9629799627548583 287.50000000000006 328.50000000000006 1013.0450000000002 10 321.50000000000006 595.56500000000005 11 2.5000000000000004 1.2601324532698184 209.50000000000003 893.31500000000017 12 256.90500000000003 320.50000000000006 890.41500000000008 13 1.388569382058656 1.1428586552210966 661.34500000000014 536.29500000000019 2.156930737358389 1775.7950000000001 304.72500000000008 2.3810584830175308 1376.8900000000001 658.84500000000003 20.152538782713993 1.3217183417834095 1.7043806621075659 684.05000000000007 1.7999345622872016 360.12500000000006 158.50000000000003 1.6836036157103538 5.5000000000000009 1.3636634045561482 1.4844377585898147 226.92500000000004
decision_type=2 1 1 2 2 1 9 9 2 2 2 9 2 2 9 1 2 2 9 1 2 2 2 2 2 2 2 1 2 2 9 2 2 2 2 9 2 2 2 9 2 2 2 2 2 2 2 2 2 2 2 2 2 2 2 2 2 2 2 2 2 2
left_child=1 5 3 4 12 8 27 13 23 10 11 -9 38 16 32 26 21 -18 20 -20 -11 -7 -14 34 39 31 40 28 35 30 -29 -26 -2 -34 57 -4 61 51 -3 -8 41 -16 45 -12 52 -38 -41 50 -49 -50 -5 -15 53 -28 -31 -27 -44 -1 59 -17 -61 -10
right_child=14 2 6 47 -6 7 24 9 36 18 43 -13 22 37 15 58 17 -19 19 -21 -22 -23 -24 -25 25 55 44 29 -30 54 -32 -33 33 -35 -36 -37 42 -39 -40 46 -42 -43 56 -45 -46 -47 -48 48 49 -51 -52 -53 -54 -55 -56 -57 -58 -59 -60 60 -62 -63
leaf_value=0.51955643645683647 -0.52678109003661111 0.6993144272360059 -0.020143669232851914 -0.36206188272043893 -2.7942610947200461 0.084179518293657205 -0.57240200374040029 -0.22780756234142707 -0.12625434060247206 -0.61346333746476067 -0.25406119046980535 0.026444525521484508 -0.4830484251202336 -0.051331385291767263 0.024829675314983216 -0.79789562695849858 5.6011840429208686 0.42354077739499801 -0.67402074621413977 0.034086836228715355 -0.27549644372098092 -0.39346165780241532 -1.2548732338819255 0.60723696772155378 0.62343387594706634 0.12688529260151427 -0.36633885059192828 0.049581432662853954 -0.91147044094662066 -1.0266324776961469 0.50644116228996239 -0.21791068143449976 -0.85465927589278567 0.23059397459293676 -1.2726614281500859 0.60590600047908227 -0.1012385571014633 0.014664859278234132 -1.752345355850494 -1.6275095572994915 0.098048563962711555 -0.37548532088045045 -0.84825122466832448 1.5916499166897617 0.31023721113970498 0.33582914651821127 -0.020309243175347547 2.0739266241488061 -0.83688040719526369 0.11875179886584136 0.08175142531584606 -0.99863548989124351 -0.20736989385992982 -0.096329588257644802 0.2040573412361848 -0.755355735241237 0.13048090354166961 -0.0051543872280007015 -0.61912983196647409 -0.40986929551825019 0.44592369113453822 -1.5473931111967241
leaf_weight=26 39 72 270 114 258 710 237 787 26 505 21 902 192 27 74 55 32 635 212 597 854 198 144 355 114 21 100 138 50 25 263 37 23 40 22 130 33 41 21 48 28 22 24 133 20 81 217 88 22 29 28 47 58 104 54 65 57 25 174 40 21 32
leaf_count=26 39 72 270 114 258 710 237 787 26 505 21 902 192 27 74 55 32 635 212 597 854 198 144 355 114 21 100 138 50 25 263 37 23 40 22 130 33 41 21 48 28 22 24 133 20 81 217 88 22 29 28 47 58 104 54 65 57 25 174 40 21 32
internal_value=-0.000963595 -0.000696908 -0.00178504 -0.00489297 -0.00701087 -0.000238841 2.22949e-05 -0.00064972 0.00307997 -0.00133884 -0.000236999 -0.000746158 -0.00373264 0.000954198 -0.00390137 -0.00465444 0.00137041 0.00300373 -0.00225702 -0.000684307 -0.003125 0.000109769 -0.00530973 0.0049884 -0.00224402 0 -0.0024463 0.00188229 0.000269978 0.00324544 0.00430074 0.0023539 0.00108696 0.00473485 0 0.00124069 0 -0.00413136 0.00143229 -0.00341584 0.000393701 -0.0010101 0.00132576 0.00493631 -0.00394737 0.00363248 -0.00130396 0 0.0022007 -0.00347222 -0.00189655 -0.00681818 -0.00462264 -0.0031401 -0.00106707 -0.00365169 -0.00133929 0.00300926 -0.00734323 -0.00462185 0 -0.0045082
internal_weight=9817 9019 2637 968 687 6382 1669 5701 681 4011 1843 1689 429 1690 798 696 1575 667 2168 809 1359 908 336 428 739 237 406 930 450 480 401 151 102 63 73 400 253 115 93 502 124 96 195 154 282 114 265 281 139 51 142 74 262 204 79 86 81 51 290 116 61 58
internal_count=9817 9019 2637 968 687 6382 1669 5701 681 4011 1843 1689 429 1690 798 696 1575 667 2168 809 1359 908 336 428 739 237 406 930 450 480 401 151 102 63 73 400 253 115 93 502 124 96 195 154 282 114 265 281 139 51 142 74 262 204 79 86 81 51 290 116 61 58
cat_boundaries=0 1 2 3 5 7 9 11 12 13 14 15 17 19 21
cat_threshold=1 305 256 2693268104 213555 105280001 1098476 2703328356 524304 2149580832 16 1548 22 1153 2116 536870912 17 537395336 16384 100684065 136
is_linear=0
shrinkage=0.05


Tree=64
num_leaves=63
num_cat=13
split_feature=16 16 1 17 1 5 1 1 2 16 5 16 1 22 21 21 0 2 5 2 1 6 6 0 19 2 1 18 19 17 22 21 22 6 21 17 6 6 19 22 5 11 19 18 22 5 21 14 19 19 7 5 7 10 10 18 11 11 5 11 10 16
split_gain=2.83818 2.21019 2.39064 2.19458 1.81135 4.36985 1.73479 1.50814 1.67339 1.41466 2.01158 1.35761 1.24862 1.87883 1.24992 1.23336 1.16175 3.89699 3.26473 2.41096 1.90029 1.25344 1.19273 1.06192 1.31512 1.66421 1.26811 1.03938 1.4067 0.921683 1.06151 0.939022 0.927552 0.78583 0.76867 0.747392 1.01997 0.718953 0.697864 0.697136 0.645687 0.655312 0.591919 0.932896 0.577107 0.553185 0.494034 0.77712 0.485054 0.63322 0.44117 0.405437 0.361315 0.358355 0.813861 0.60707 0.430938 0.357906 0.388628 0.28918 0.267848 0.216937
threshold=1.032748603302698 0.2200322808405957 0 1.1808596243264475 1 286.50000000000006 2 3 4 0.92351190358934743 142.50000000000003 1.0999568480184674 5 26.826284509320082 116.25000000000001 61.125000000000007 6 7 180.50000000000003 8 9 4496.4800000000005 6744.7200000000003 10 2602.9250000000006 11 12 1.4923085235414606 1127.4300000000001 1.0441898763171058 12.714813991764812 121.75000000000001 31.156589035275939 3372.3600000000001 83.250000000000014 3.2736030391464528 4496.4800000000005 1376.8900000000001 2876.6700000000005 14.148025727052859 277.50000000000006 1833.1550000000002 1882.6100000000004 0.75928911391068732 32.608532988326623 308.50000000000006 45.775000000000006 1.0000000180025095e-35 1788.9800000000002 700.17500000000007 992.05500000000018 313.50000000000006 525.24500000000012 1652.1300000000003 649.94000000000017 2.4999797581776968 2059.1950000000002 1439.5450000000003 186.50000000000003 4321.7250000000013 684.03500000000008 -1.0000000180025095e-35
decision_type=2 2 9 2 9 2 9 9 1 2 2 2 9 2 2 2 1 1 2 1 9 2 2 1 2 1 9 2 2 2 2 2 2 2 2 2 2 2 2 2 2 2 2 2 2 2 2 2 2 2 2 2 2 2 2 2 2 2 2 2 2 2
left_child=1 2 61 6 5 23 40 8 9 57 -11 27 42 14 -14 44 19 18 -18 21 -19 -13 -21 24 25 -5 37 28 -6 30 31 -17 -32 45 -9 36 -10 -25 -26 -28 41 -2 43 -7 50 -31 47 -4 49 -37 51 -8 -15 54 -42 59 -56 -3 -59 -55 -48 -1
right_child=3 7 46 4 11 12 15 34 35 10 -12 16 13 52 -16 29 17 20 -20 22 -22 -23 -24 26 38 -27 39 -29 -30 33 32 -33 -34 -35 -36 48 -38 -39 -40 -41 53 -43 -44 -45 -46 -47 60 -49 -50 -51 -52 -53 -54 55 56 -57 -58 58 -60 -61 -62 -63
leaf_value=-0.059450559120026725 0.076215624543170268 0.08660926299994394 0.81526379700878382 0.44891448101582354 1.325610733040655 -0.35155813180363116 -0.81804310558866156 -0.59306498011144593 -0.79969338814532898 -0.62006316754556756 1.0317961033156251 0.3621663311677793 1.6461267159410804 -0.35183557454185393 -0.014220194753411519 -0.8051940928826401 -2.3962129660650797 0.063340156263437294 -0.20866417526884273 -0.099832853380034697 -0.25845508334928485 -0.16968025669872572 -0.5488063091870522 0.49905790290111746 -1.4896219949180876 -0.043026346201232184 -0.58021203081858841 -0.56090221737189483 -0.0097997904119030647 0.56725753887114372 0.57657584305580201 0.0036353082085764047 -0.91860416098959452 -0.89227939585950422 0.022502178369756366 -0.72244323152979562 0.25673578719597961 -0.35205250883411171 -0.13679878262227962 0.056514699201968638 -0.65040398585493575 -0.81987253987584929 0.74662551332941673 0.29468591772595565 -0.0068124990329259567 0.04046284090700674 2.1637259787156267 2.7621368057140323 -1.0252024789758669 3.329591660990427 -0.060242647408426109 -0.25275319560974696 0.049657973076075917 -0.051232561809187782 0.1576403630974518 0.55762443614158852 0.53221926536519903 -0.77963566024769149 -0.038510617643413528 -0.85648128554625913 -0.27471098399983557 -0.75222899295143442
leaf_weight=37 44 24 47 534 30 105 223 367 138 23 34 583 198 31 38 78 201 670 176 2711 370 103 137 154 59 842 309 20 24 23 47 30 45 30 31 28 21 145 167 36 24 58 40 122 37 22 25 39 20 23 25 96 42 36 29 23 38 28 23 22 51 81
leaf_count=37 44 24 47 534 30 105 223 367 138 23 34 583 198 31 38 78 201 670 176 2711 370 103 137 154 59 842 309 20 24 23 47 30 45 30 31 28 21 145 167 36 24 58 40 122 37 22 25 39 20 23 25 96 42 36 29 23 38 28 23 22 51 81
internal_value=-0.000973778 -0.00345158 0.000176678 -0.000673405 -0.000393312 0.000608466 -0.00297428 -0.00484928 -0.00206667 0.00206897 0.008125 -0.000965165 0.0044905 0.0066382 0.00899582 -0.00433483 -0.00107741 -0.00229754 -0.00657051 -0.000572519 -0.000617284 0.00203863 -0.00122335 -0.00036683 0.00029595 0.000906454 -0.00208655 0.00551948 0.00921053 -0.00157374 -0.00344828 -0.00675676 0 0.00272436 -0.00699513 -0.00462963 -0.00671296 0.000200321 -0.00316594 -0.0040852 0.000261324 -0.00261905 0.00147321 0.000271739 -0.00628255 0.00703125 0.00414286 0.00702247 0 0.00208333 -0.00691643 -0.0074146 0 0.00228571 0.0043883 0 0.00732143 -0.00176282 -0.00439815 -0.00286885 0.000632911 -0.00477099
internal_weight=9817 1040 280 8777 7847 2822 930 760 362 132 57 5025 576 309 236 656 4951 1417 377 3534 1040 686 2848 2246 1602 1376 644 74 54 275 200 108 92 75 398 230 159 299 226 345 274 102 267 227 381 45 162 86 71 51 344 319 73 172 91 81 67 75 51 58 76 118
internal_count=9817 1040 280 8777 7847 2822 930 760 362 132 57 5025 576 309 236 656 4951 1417 377 3534 1040 686 2848 2246 1602 1376 644 74 54 275 200 108 92 75 398 230 159 299 226 345 274 102 267 227 381 45 162 86 71 51 344 319 73 172 91 81 67 75 51 58 76 118
cat_boundaries=0 2 4 6 8 9 11 12 13 14 16 17 18 20
cat_threshold=537395328 278528 517673750 446990 2150105241 327681 2685141160 278544 674 1572884 16898 1 257 768 2684371080 65552 1 2336 8913424 168450
is_linear=0
shrinkage=0.05


Tree=65
num_leaves=63
num_cat=11
split_feature=15 21 1 0 20 1 1 19 17 19 20 7 19 1 7 16 17 4 21 21 20 6 20 16 1 1 7 1 1 4 21 20 11 21 9 15 7 6 11 7 20 17 11 11 20 20 20 9 17 17 17 17 9 21 11 7 9 9 7 9 16 16
split_gain=2.71194 1.79257 1.55548 1.51609 2.37711 2.08587 1.92469 2.17435 1.46754 1.73072 1.92023 1.45408 1.34413 1.12669 1.25789 1.06669 1.04976 1.11123 1.02348 0.991774 0.987228 0.966701 1.51693 0.926746 0.905937 0.874178 0.849439 1.11766 1.03804 0.818756 0.780779 0.785974 0.741495 1.37396 0.92302 0.739772 0.695754 0.692101 0.834274 0.609512 0.576565 0.575789 0.57047 0.971333 0.529014 0.47261 0.468809 0.457811 0.433542 1.2887 0.427332 0.651471 0.373967 0.349178 0.296804 0.223639 0.212976 0.202083 0.190833 0.179605 0.140839 0.745624
threshold=4.5000000000000009 33.472222222222229 0 1 258.50000000000006 2 3 4680.3750000000009 1.3957047320307125 2602.9250000000006 60.500000000000007 360.12500000000006 1975.135 4 172.78 2.2606347884862177 1.6962448577817384 5 65.833333333333357 152.50000000000003 31.500000000000004 2012.74 143.50000000000003 1.7143534631028656 6 7 308.31500000000005 8 9 10 104.25000000000001 40.500000000000007 720.30000000000007 28.708333333333339 599.0100000000001 7.5000000000000009 585.61000000000013 1376.8900000000001 1130.1450000000002 1116.6650000000002 32.500000000000007 1.0000009304835726 2834.3200000000002 2226.9100000000003 36.500000000000007 101.50000000000001 57.500000000000007 2428.9550000000004 1.6587168551092824 2.4604815663851531 2.6666555831079908 3.0000022680571372 2017.2650000000001 30.535714285714288 771.59500000000014 256.90500000000003 1188.2750000000003 896.83000000000015 702.73000000000013 1032.6350000000002 1.3320040651684681 1.148727479417049
decision_type=2 2 9 1 2 9 9 2 2 2 2 2 2 9 2 2 2 9 2 2 2 2 2 2 9 9 2 9 9 9 2 2 2 2 2 2 2 2 2 2 2 2 2 2 2 2 2 2 2 2 2 2 2 2 2 2 2 2 2 2 2 2
left_child=3 15 11 6 5 19 8 21 12 13 57 55 42 39 -15 24 25 40 37 32 -13 22 29 47 48 60 28 -28 -23 -8 31 -20 34 -34 -5 44 -24 38 -7 -10 56 -22 43 -1 -27 -32 -39 -19 -2 -50 53 -52 -42 -26 -9 -3 -18 -11 -25 -12 61 -4
right_child=1 2 16 4 -6 18 7 54 9 10 59 20 -14 14 -16 -17 17 23 30 -21 41 26 36 58 50 35 27 -29 -30 -31 45 -33 33 -35 -36 -37 -38 46 -40 -41 52 -43 -44 -45 -46 -47 -48 -49 49 -51 51 -53 -54 -55 -56 -57 -58 -59 -60 -61 -62 -63
leaf_value=-0.6638057460992336 -0.51920646816587668 -0.14355388691908075 -0.6928843007944343 0.12588486784661121 15.104234961726172 -0.020208304097405261 -0.035132416020832127 -0.87754721147859149 1.7015834085616022 -0.91131770883212548 0.33056458690059431 -0.26772725552389504 1.0882964100110428 2.1756590861965313 0.23320725804341436 0.94652607501099628 0.081099844242558394 0.29032828744870293 0.37435568386929519 4.736518115902637 -0.36882957377378889 -0.43267409707375465 -0.47643231645032813 0.12954391304446294 -0.59586745535961982 0.19556292898498706 -0.38011351003585808 0.00083773595367659943 -0.0069762716380026291 1.0171988411792356 -0.53027152196232807 -0.077392042035593189 -0.45443633814527901 0.0220268709916315 4.6799124466628568 -0.19946828979449266 0.19631894518921345 -1.1055351264299211 -0.61038029525807314 2.4658962906393169 -0.50599477718151575 0.36017227843214139 -0.80810758547245953 0.18628503540575708 -0.047924760418109003 0.010474548355342962 -0.67327528351221355 -0.23119123934125449 0.071283646801718351 -0.54025844298884462 0.084188047747522185 -0.75632186720088301 0.042227632413226246 -0.3132106906933636 -0.95828525846365042 -0.62847897228475813 -0.06838494200718799 -0.16100564713194851 -0.88213702868996302 0.62605626759447019 -0.29513186198630098 0.037631503346871042
leaf_weight=95 48 33 66 220 27 139 117 20 74 123 27 39 35 56 1076 33 20 78 36 28 26 366 58 20 250 76 510 2433 269 196 57 87 532 555 34 77 29 206 130 34 59 128 58 27 224 25 153 21 43 37 31 51 20 65 70 21 37 56 27 27 278 24
leaf_count=95 48 33 66 220 27 139 117 20 74 123 27 39 35 56 1076 33 20 78 36 28 26 366 58 20 250 76 510 2433 269 196 57 87 532 555 34 77 29 206 130 34 59 128 58 27 224 25 153 21 43 37 31 51 20 65 70 21 37 56 27 27 278 24
internal_value=-0.000983961 -0.0027248 -0.0016249 -0.000577429 -0.00168571 -0.00189342 -0.000138913 -0.000735114 0.00126396 0.00185467 -0.00195975 0.00177885 -0.0024656 0.00261464 0.00200873 -0.00512478 -0.00248798 0 -0.00385638 -0.000624096 0.00401786 -0.000546345 0.00173697 0.00298742 -0.00570549 -0.00349265 -0.000816811 -0.000437033 -0.00248824 0.00344146 -0.000540865 0.00168651 -0.000864955 -0.00145642 0.00145914 -0.00144231 -0.00375 -0.00491284 -0.00261949 0.00743802 -0.00302013 0.00589172 -0.00437158 -0.0018 -0.000165017 -0.00441176 -0.00645718 0.0060049 -0.00106383 0.00060241 -0.00685976 -0.00264706 -0.00594512 -0.00797956 -0.00833333 -0.00482456 0 -0.00460165 -0.00175 0.00570175 -0.00524934 -0.00241935
internal_weight=9817 1832 1274 7985 2229 2202 5756 4068 1688 1473 233 247 215 1240 1132 558 1027 282 833 1369 193 3978 400 146 525 745 3578 2943 635 313 205 123 1341 1087 254 377 87 628 269 108 136 154 180 122 300 82 359 99 128 80 397 82 79 315 90 54 57 179 47 54 368 90
internal_count=9817 1832 1274 7985 2229 2202 5756 4068 1688 1473 233 247 215 1240 1132 558 1027 282 833 1369 193 3978 400 146 525 745 3578 2943 635 313 205 123 1341 1087 254 377 87 628 269 108 136 154 180 122 300 82 359 99 128 80 397 82 79 315 90 54 57 179 47 54 368 90
cat_boundaries=0 2 3 5 7 9 10 12 14 16 18 19
cat_threshold=2215673936 528 1 3096973974 463363 373694749 24814 339746816 8 6 536870944 16400 537657633 69760 2165391426 623616 2684358656 266768 3
is_linear=0
shrinkage=0.05


Tree=66
num_leaves=63
num_cat=16
split_feature=14 1 17 2 1 21 16 16 1 1 10 10 22 18 1 21 22 8 21 21 4 22 21 18 10 2 8 17 17 1 5 5 5 15 4 10 21 2 18 1 18 18 1 10 1 10 5 17 0 18 5 16 18 10 18 22 22 8 5 22 16 4
split_gain=2.87805 3.23117 2.58686 2.20299 2.12764 1.85836 1.81122 1.71598 1.40007 1.30332 1.42197 1.4856 1.38248 1.23009 1.26231 1.22205 1.15593 1.18554 1.06395 1.2832 1.0561 0.949593 1.24367 1.17571 0.851049 0.827031 1.15628 0.825525 0.802816 0.903449 1.08406 0.732513 0.721143 0.869968 1.04377 0.88082 0.822224 0.713051 0.889966 2.12016 1.39224 1.21292 1.20133 1.18179 0.754715 0.696474 0.661121 0.659275 0.651478 0.909555 0.854075 0.640942 0.598964 0.595368 0.582759 0.656147 0.611506 0.581497 0.567465 0.798983 0.553367 0.503679
threshold=1.5000000000000002 0 1.6668143741218957 1 2 39.550000000000004 0.92351190358934743 1.0219736789941758 3 4 2374.8450000000007 1584.1600000000003 30.276501539222291 1.728122338575216 5 27.950000000000003 24.734250007843297 809.84000000000015 145.25000000000003 169.50000000000003 6 18.627488642680628 7.5000000000000009 0.55745900341344978 755.7700000000001 7 1650.8550000000002 0.7152045057416957 0.97988749696943234 8 327.50000000000006 326.50000000000006 312.50000000000006 6.5000000000000009 9 2729.6800000000007 65.833333333333357 10 0.5334891568447232 11 0.20097247977010663 0.19153721841127569 12 935.78000000000009 13 2938.4450000000006 102.50000000000001 1.3783858869496319 14 0.49090314348239233 180.50000000000003 0.65782749286504327 0.20493405746951163 3730.2300000000009 1.2430167701198995 12.429323996450966 40.282847947717123 1083.2350000000004 328.50000000000006 14.854451681842582 1.3217183417834095 15
decision_type=2 9 2 1 9 2 2 2 9 9 2 2 2 2 9 2 2 2 2 2 9 2 2 2 2 1 2 2 2 9 2 2 2 2 9 2 2 1 2 9 2 2 9 2 9 2 2 2 1 2 2 2 2 2 2 2 2 2 2 2 2 9
left_child=4 5 32 6 27 21 51 24 46 16 11 31 -13 14 -8 -15 -7 -18 25 -20 -10 22 23 57 -5 26 61 -1 58 30 -30 -11 33 34 35 -3 -36 44 39 41 -41 -39 -40 -44 -29 54 -9 -35 49 -46 -50 -4 -31 -47 56 -56 -34 -2 59 -27 -49 -6
right_child=1 2 3 7 18 9 13 8 20 10 -12 12 -14 15 -16 -17 17 -19 19 -21 -22 -23 -24 -25 -26 28 -28 37 29 52 -32 -33 45 47 36 -37 -38 38 42 40 -42 -43 43 -45 48 53 -48 60 50 -51 -52 -53 -54 -55 55 -57 -58 -59 -60 -61 -62 -63
leaf_value=-0.38587536639642295 -0.71615244521448462 -0.8159534830978612 -0.010498874613411858 0.28932405027931624 -0.069203831662214554 -0.29661459744409041 -0.02651899983938151 -0.37366796354836751 0.2715018857455217 -0.23127648376943172 -0.18528535926926537 0.32424667817431474 -0.069411955799534478 -0.065829418661035893 0.22345091227222583 0.41851842974366282 -0.78864317464398015 0.17887660412189899 5.5128489770059028 -0.2592891687401277 -0.22012076599082633 -0.013378390290217724 -0.53309376764850502 -0.042219851287381621 -0.58087140137853976 -0.85591710843006941 4.8507324468620219 -0.94144720766188217 0.0066691905990992955 -1.0135230547719132 -1.4333909571640764 0.34986375891485583 -0.13294065692316864 -0.58961422730377888 0.10056596248891198 -0.00032939886606326852 -0.84371615187504256 1.6905895014600631 -0.70731342319929069 -1.4788143813821457 2.5100145237986484 -0.35719495888265912 -0.40516881583952796 0.53174197180211669 0.017772518074774268 0.11707105297239968 0.16568752377566709 -0.91146399240828035 -3.7265345636040226 2.0541081226974143 0.72079488353497545 -1.1923902903252059 -0.1721164957547103 -0.12515025099565377 0.0089032828195620972 -0.58308681677863494 0.14445607299489469 0.46302682238247894 0.60258962148197814 -0.10199986376901898 0.04697569151972561 0.63899937230466186
leaf_weight=68 189 75 39 33 289 176 365 84 107 151 111 97 26 27 341 75 23 24 39 31 775 87 379 150 207 149 24 103 1593 105 39 33 85 130 113 36 39 60 152 36 195 159 77 232 176 38 334 24 42 87 61 51 1153 51 20 73 23 20 42 86 32 176
leaf_count=68 189 75 39 33 289 176 365 84 107 151 111 97 26 27 341 75 23 24 39 31 775 87 379 150 207 149 24 103 1593 105 39 33 85 130 113 36 39 60 152 36 195 159 77 232 176 38 334 24 42 87 61 51 1153 51 20 73 23 20 42 86 32 176
internal_value=-0.000922862 -0.00182684 -0.000897335 -9.21753e-05 -0.00010141 -0.00376944 0.00183864 -0.00125563 -0.000498849 -0.00164984 0 0.00181452 0.00605159 0.00265105 0.00179831 0.00785714 -0.00460805 0.00125 -0.000742177 0.00513699 -0.00164804 -0.00538949 -0.00597166 -0.00355663 -0.00514403 -0.000874556 0.000971116 0.00150582 -0.00117531 -0.000907363 -9.11854e-05 -0.000802139 -0.0034872 -0.00478429 -0.00258459 -0.00594758 0 0.00180766 0.00261093 0.00424945 0.00742828 0.000269397 0.000942888 0.00275621 7.78008e-05 -0.00127986 0.00179814 -0.00753968 0.0012533 0.00267857 -0.00176887 -0.00456989 -0.00190795 0.00203804 -0.00300245 -0.00585938 0 -0.00595519 -0.00379464 -0.00477941 -0.00169492 0.000293803
internal_weight=9817 4643 3177 2438 5174 1466 898 1540 1300 641 418 307 123 808 706 102 223 47 3726 70 882 825 738 359 240 3656 489 1448 3167 2890 1632 184 739 449 263 111 152 1380 911 450 231 219 461 309 469 290 418 186 366 263 103 90 1258 89 201 93 108 209 277 235 56 465
internal_count=9817 4643 3177 2438 5174 1466 898 1540 1300 641 418 307 123 808 706 102 223 47 3726 70 882 825 738 359 240 3656 489 1448 3167 2890 1632 184 739 449 263 111 152 1380 911 450 231 219 461 309 469 290 418 186 366 263 103 90 1258 89 201 93 108 209 277 235 56 465
cat_boundaries=0 2 3 5 7 9 11 12 13 15 16 17 19 21 23 24 25
cat_threshold=54297979 262433 1580 508068982 442665 4194432 70152 19169586 32 603979908 32784 1 520 539243265 8836 6 785 302515280 262145 1030 49160 100663300 32776 1 22
is_linear=0
shrinkage=0.05


Tree=67
num_leaves=63
num_cat=14
split_feature=16 1 1 2 16 16 19 22 13 20 2 8 5 18 16 8 10 8 20 21 8 21 11 22 8 5 18 1 2 1 18 8 8 2 1 18 18 2 16 18 19 1 2 18 22 21 18 1 19 18 5 10 1 21 20 20 17 18 5 21 5 8
split_gain=2.77861 2.16449 2.07198 2.18609 1.91391 1.91225 1.26627 2.42756 1.19287 1.6318 1.163 1.11381 1.08948 1.07058 1.06258 1.04423 1.01762 0.969059 1.06276 0.986192 0.962004 2.26452 0.950843 1.00618 1.55281 0.927339 1.50571 0.907265 0.879436 1.67596 0.973523 0.869245 1.61583 0.861815 1.19457 1.12097 0.816514 0.805437 2.09863 0.784951 0.778723 1.30488 1.00622 0.743031 0.760091 0.740661 0.734852 0.732862 0.98604 0.627703 0.600963 0.648734 0.594847 0.909194 0.558106 0.913081 0.557391 0.548317 0.532821 0.5292 0.474718 0.446332
threshold=1.6943018293203289 0 1 2 0.2200322808405957 1.00006352774758 767.05499999999995 16.041983604204315 1.5000000000000002 9.5000000000000018 3 165.35500000000005 308.50000000000006 1.3694559897801291 1.7999934221805864 1548.1500000000003 3173.5700000000002 256.90500000000003 44.500000000000007 66.125000000000014 593.74000000000012 43.928571428571438 2546.8550000000005 6.3686342311928064 593.74000000000012 198.50000000000003 0.51298364411054187 4 5 6 1.182179469936135 567.10000000000014 864.12500000000011 7 8 0.45867917619121606 0.14741719905178402 9 0.99999551396502706 1.2036282341933862 1671.9950000000001 10 11 0.92965966749433238 2.2153607101590729 3.2500000000000004 0.82890449541622191 12 1833.4800000000002 0.35902128689180846 251.50000000000003 2160.4900000000002 13 42.535714285714292 34.500000000000007 39.500000000000007 1.1702270925399803 0.34550327855391733 287.50000000000006 45.100000000000009 259.50000000000006 425.74000000000007
decision_type=2 9 9 1 2 2 2 2 2 2 1 2 2 2 2 2 2 2 2 2 2 2 2 2 2 2 2 9 1 9 2 2 2 1 9 2 2 1 2 2 2 9 1 2 2 2 2 9 2 2 2 2 9 2 2 2 2 2 2 2 2 2
left_child=2 14 17 4 -4 54 7 12 10 50 15 36 -7 20 -2 31 33 37 19 46 27 -22 23 -11 -25 45 -27 -6 52 30 -30 -3 -33 34 58 -36 -12 38 -1 -21 41 -13 -42 44 57 -8 -19 48 -35 -49 51 61 59 -54 -5 -56 -9 -39 -16 -20 -18 -10
right_child=1 8 3 5 13 6 25 56 9 22 11 40 -14 -15 16 -17 60 18 28 39 21 -23 -24 24 -26 26 -28 -29 29 -31 -32 32 -34 47 35 -37 -38 43 -40 -41 42 -43 -44 -45 -46 -47 -48 49 -50 -51 -52 -53 53 -55 55 -57 -58 -59 -60 -61 -62 -63
leaf_value=-0.4158253155966537 0.16456989462637905 1.1329715206729396 7.8906368711353059 -0.85421543145044243 0.0060809288569629418 0.2801071044792437 0.0088041999573384554 -0.5200469355510714 0.7846871947470776 -0.61037568779572671 0.73625812452686912 -0.38532159946692135 0.61092582020314412 -0.56140930285676161 -0.14658184523802928 2.739655030854482 -2.0198438798195957 -0.54297764142797822 0.25153065267632008 -0.81842687000337122 -0.29432893953239658 0.85156080667204748 -0.52142600125956517 -0.62114959143531046 0.23704210219361388 0.39886603943308929 -0.29626963006452683 -0.59876401928589762 -0.3622985060856791 -0.40421629616240673 0.21353202327526805 -0.52311837218822532 0.49052964298075158 -0.067916411758707981 1.4431248099403633 0.11873527605488317 -1.3729164383249493 -1.4774118890907331 0.62480255304044696 2.2778327123466973 -0.67812719386953979 0.0070174452270180161 0.016019070396450275 0.47582048189120452 -0.67881798408940741 -0.66084135811975886 -0.27391305721549591 0.85989226722059819 -1.250155253265494 0.0067629912891703729 -0.26005998138868652 0.18307657092801702 -0.72307883317791954 0.039601540640099846 0.30164153685303197 -0.24283242534239138 0.017159624355845438 1.1495725957146703 0.53519208041525779 -0.14059104839031064 -0.0052216419511164963 -0.18648995705092092
leaf_weight=66 40 118 26 62 125 185 87 24 20 215 28 136 55 213 198 20 33 240 110 35 103 41 159 56 55 40 28 213 64 422 38 70 102 216 126 222 78 82 37 21 499 2823 419 26 57 52 305 164 44 325 64 47 94 70 24 172 97 50 87 72 28 89
leaf_count=66 40 118 26 62 125 185 87 24 20 215 28 136 55 213 198 20 33 240 110 35 103 41 159 56 55 40 28 213 64 422 38 70 102 216 126 222 78 82 37 21 499 2823 419 26 57 52 305 164 44 325 64 47 94 70 24 172 97 50 87 72 28 89
internal_value=-0.000892312 -0.000279534 -0.00206649 -0.000665064 -0.00267371 0.00104291 0.00271454 0.00449863 -0.000783277 -0.00270127 -0.00045682 -0.000697573 0.00740741 -0.00327722 0.00137868 0.00239938 0.00111515 -0.00322558 -0.00379071 -0.00548427 -0.00180412 0.00136054 -0.00432889 -0.0025076 0.000986842 -0.000178571 0.00422535 -0.00329912 -0.00254868 -0.0038175 0.00152174 0.00145051 -0.000571429 0.00142599 0.00276703 0.00470914 -0.00573394 -0.000545171 0.00269397 0 -0.000544459 -0.000130824 -0.00181868 -0.00235746 -0.00371094 -0.00272887 -0.00613595 0.000180446 -0.0018315 0.00136952 0.000672646 0.00251572 -0.000348189 -0.00254237 -0.00239464 -0.000753769 -0.000907258 -0.00111111 0.000125839 0.00141026 -0.00488281 0
internal_weight=9817 6481 3336 1547 721 826 568 361 4998 705 4293 3983 240 695 1483 310 1443 1789 1471 601 482 144 485 326 111 207 68 338 870 524 102 290 172 1382 633 348 106 318 103 56 3877 2959 918 215 189 139 545 749 260 489 220 156 346 164 258 196 121 132 285 182 61 109
internal_count=9817 6481 3336 1547 721 826 568 361 4998 705 4293 3983 240 695 1483 310 1443 1789 1471 601 482 144 485 326 111 207 68 338 870 524 102 290 172 1382 633 348 106 318 103 56 3877 2959 918 215 189 139 545 749 260 489 220 156 346 164 258 196 121 132 285 182 61 109
cat_boundaries=0 2 4 5 6 8 9 11 12 14 15 17 18 20 22
cat_threshold=348325654 1491245 577406063 1359929 2386 512 1048704 128 832 65 16 3130 277021702 294912 682 32832 1024 2162 75497984 1081385 536870924 262144
is_linear=0
shrinkage=0.05


Tree=68
num_leaves=53
num_cat=6
split_feature=16 13 7 20 16 18 1 7 1 10 1 19 1 1 5 22 10 19 1 22 17 22 20 22 5 6 10 17 19 5 5 10 10 7 9 16 7 9 6 5 22 10 17 17 6 19 20 5 5 23 7 16
split_gain=2.70172 2.19111 2.34792 1.83858 1.67719 1.78789 1.53882 1.52584 1.68488 1.61928 1.59829 1.28368 1.01105 0.970002 2.08367 0.967059 0.942669 1.17316 0.919743 1.46246 1.23717 0.785093 0.776039 0.768666 0.785125 1.00575 0.741671 0.675928 0.667984 0.631098 0.957312 0.617848 0.605421 0.919476 0.713206 0.593504 0.756925 1.30146 1.02804 0.570463 0.486905 0.439821 0.398444 0.413577 0.318121 0.230251 0.203662 0.172414 0.137682 0.133835 0.0817308 0.0574345
threshold=1.032748603302698 1.5000000000000002 1.0000000180025095e-35 8.5000000000000018 1.0999568480184674 1.4161944817387699 0 299.59000000000009 1 703.07500000000005 2 877.83999999999992 3 4 286.50000000000006 26.88721294835582 2204.5350000000003 3449.3450000000007 5 14.497696853607026 1.9405556833754016 27.837763405807511 83.500000000000014 -1.0000000180025095e-35 293.50000000000006 2501.0100000000007 1033.3750000000002 1.0130914755424885 1118.6250000000002 287.50000000000006 161.50000000000003 1512.4500000000003 4655.9000000000005 1619.3600000000004 936.58500000000015 -1.0000000180025095e-35 538.10500000000013 2428.9550000000004 5620.6000000000013 300.50000000000006 3.5438709630247485 2545.5500000000006 2.4000028707172496 2.7949978687973904 2501.0100000000007 2039.2800000000002 109.50000000000001 329.50000000000006 139.50000000000003 5.5000000000000009 -1.0000000180025095e-35 0.99656952639628893
decision_type=2 2 2 2 2 2 9 2 9 2 9 2 9 9 2 2 2 2 9 2 2 2 2 2 2 2 2 2 2 2 2 2 2 2 2 2 2 2 2 2 2 2 2 2 2 2 2 2 2 2 2 2
left_child=6 4 21 32 5 11 23 13 16 10 -10 -2 -11 14 31 26 17 -9 19 -5 -21 -3 35 28 40 -26 -15 -16 -1 30 -20 -6 33 34 -4 50 42 44 -39 -17 48 -18 -37 -44 -38 46 -24 -48 -25 -31 -8 -42
right_child=1 2 3 18 7 -7 22 8 9 12 -12 -13 -14 15 27 39 41 -19 29 20 -22 -23 45 24 25 -27 -28 -29 -30 49 -32 -33 -34 -35 -36 36 37 38 -40 -41 51 -43 43 -45 -46 -47 47 -49 -50 -51 -52 -53
leaf_value=1.2915858454792557 1.2734020569482905 1.0358807039232445 -0.6108741978152431 -0.58088527271931645 -0.83449688632603625 -0.58429511034163539 -1.7758114169631587 0.0666195638399497 0.97175580395796013 -0.0072955471661465768 -0.084460210839042926 0.022845241942276485 -0.16908452985648045 -0.058262348912623808 -0.24709794595663653 0.10748847652689247 0.6584492968468969 -0.70556211345938724 -0.58923050016067546 -0.23752359325045039 0.26720993512774921 -0.014962004394760343 0.60560036799673811 0.25087018934570954 0.63324899950489955 -0.69949608365493554 -0.42298225401941958 0.4273077217215116 -0.25441486015774334 -0.89862105780051782 0.077767283074477778 0.071129110018176442 0.23230086357980895 -1.672174368288263 0.18215299661465228 -0.53602222568988156 0.15977035600904863 -0.5679717616239236 0.36547760290867048 -0.19813273448076105 -0.62928517855986765 0.050535604989665472 0.10040797308813582 -0.72787362415935952 -0.016056819351171824 0.74983084673716371 -0.34227538021768533 0.35240013828215955 -0.37586210314966062 -0.64670400038584841 0.44062881221201738 -0.57474224211258851
leaf_weight=30 38 44 83 340 236 31 23 1479 449 1837 390 30 1999 499 33 34 86 42 143 86 58 30 22 23 35 24 139 59 36 35 104 27 21 30 132 285 38 68 21 26 43 205 23 193 39 20 26 20 26 32 23 22
leaf_count=30 38 44 83 340 236 31 23 1479 449 1837 390 30 1999 499 33 34 86 42 143 86 58 30 22 23 35 24 139 59 36 35 104 27 21 30 132 285 38 68 21 26 43 205 23 193 39 20 26 20 26 32 23 22
internal_value=-0.000938136 -0.000644932 -0.002695 -0.00332709 -0.000332047 0.0060049 -0.0033557 -0.000424234 -0.000129045 -0.000637265 0.00132126 0.0105634 -0.00108101 -0.00218987 -0.00431386 -0.000949367 0.00115068 0.000615157 -0.00452559 -0.00593561 -0.00136054 0.00551948 -0.00437654 4.96032e-05 -0.00149148 0.00262097 -0.00159906 0.00157895 0.00471014 -0.00191131 -0.00055 -0.00671992 9.29368e-05 -0.000453629 0.000516055 -0.00497556 -0.00535448 -0.00192308 -0.00611413 0.0047619 -0.00405983 0.00378401 -0.00637401 -0.00410959 0.00234375 0 -0.00140845 -0.00357143 0 -0.00625 0 -0.00680147
internal_weight=9817 8777 1138 1064 7639 99 1040 7540 6487 4675 839 68 3836 1053 355 698 1812 1521 798 484 144 74 801 239 173 59 638 92 66 314 247 263 266 245 215 713 667 166 89 60 114 291 501 216 77 88 68 46 49 67 46 65
internal_count=9817 8777 1138 1064 7639 99 1040 7540 6487 4675 839 68 3836 1053 355 698 1812 1521 798 484 144 74 801 239 173 59 638 92 66 314 247 263 266 245 215 713 667 166 89 60 114 291 501 216 77 88 68 46 49 67 46 65
cat_boundaries=0 2 4 6 8 10 12
cat_threshold=2363436 82051 349315728 411688 2684616711 32771 2200490248 78736 1085592 20496 2718990561 262784
is_linear=0
shrinkage=0.05


Tree=69
num_leaves=63
num_cat=10
split_feature=11 1 4 8 1 1 1 11 16 19 1 5 6 9 5 16 11 13 20 19 20 9 6 4 5 2 11 20 10 11 11 2 10 20 5 20 16 10 2 19 8 19 22 20 5 8 5 11 6 9 20 10 5 22 16 20 11 5 20 5 11 22
split_gain=2.46511 1.88773 1.51977 1.43235 2.49941 2.11764 1.41184 2.11678 1.35432 1.20631 1.17845 1.54761 1.42776 1.51071 1.11058 1.35464 1.26202 1.15409 1.13559 1.08227 1.02447 1.269 1.00085 0.929761 1.16207 1.07018 1.05006 1.15065 0.914848 0.912102 1.04448 1.21228 0.755229 0.746192 0.743705 0.831017 0.710815 0.700987 0.681179 1.21887 0.676004 0.570563 0.537921 0.501322 0.492048 0.769972 0.485475 0.483768 0.463821 0.454044 0.446687 0.432706 0.394871 0.382811 0.345912 0.345332 0.326141 0.399419 0.302077 0.283288 0.280955 0.536561
threshold=3125.5550000000007 0 1 295.72500000000008 2 3 4 2368.3000000000006 1.9999509293869442 136.49499999999992 5 280.50000000000006 1376.8900000000001 1260.0050000000003 140.50000000000003 0.99997714292587025 2341.2500000000005 1.5000000000000002 19.500000000000004 206.40999999999988 45.500000000000007 702.22000000000014 2012.74 6 296.50000000000006 7 816.42000000000007 85.500000000000014 792.47500000000014 1560.95 1412.9900000000002 8 1072.8000000000004 229.50000000000003 261.50000000000006 137.50000000000003 1.1648158680356062 809.6450000000001 9 827.48500000000001 2232.7450000000003 1957.3150000000003 11.387122435820059 114.50000000000001 154.50000000000003 482.25500000000005 321.50000000000006 936.03500000000008 1376.8900000000001 2480.2350000000006 167.50000000000003 2129.1700000000005 331.50000000000006 18.99890344548605 1.3636247499186755 65.500000000000014 3818.2800000000007 339.00000000000006 160.50000000000003 308.50000000000006 592.15500000000009 11.272199976682165
decision_type=2 9 9 2 9 9 9 2 2 2 9 2 2 2 2 2 2 2 2 2 2 2 2 9 2 1 2 2 2 2 2 1 2 2 2 2 2 2 1 2 2 2 2 2 2 2 2 2 2 2 2 2 2 2 2 2 2 2 2 2 2 2
left_child=3 43 40 4 23 8 7 20 19 32 11 49 54 51 17 16 -16 22 -19 44 37 -22 -8 24 -1 26 27 -25 -17 30 31 -10 -6 38 35 -31 -15 -7 39 -11 48 -27 -13 52 -5 -46 58 -40 -3 -4 -36 -14 -2 -44 -12 -28 -54 -58 -9 -45 -26 -62
right_child=1 2 10 5 9 6 14 46 29 33 12 42 13 36 15 28 -18 18 -20 -21 21 -23 -24 25 60 41 55 -29 -30 34 -32 -33 -34 -35 50 -37 -38 -39 47 -41 -42 -43 53 59 45 -47 -48 -49 -50 -51 -52 -53 56 -55 -56 -57 57 -59 -60 -61 61 -63
leaf_value=-0.89723876745671005 -0.34271264448441274 -0.028572929192212371 -0.53635622475099465 0.26239714051446372 0.060481343553812655 -0.033473974223853988 0.31015461025469737 0.8677031670070724 -0.44475535296707885 -1.0957647056371767 0.00060806638505788162 0.54049519842674199 0.055320380558244869 -0.007146698171787591 0.95976748383886279 0.50217447250776814 -0.015647720935652389 -0.05924425839709864 -0.90001295300962958 -0.49416659393558043 0.27857388888171286 -0.39751267718120076 -0.24244944692024575 2.5701637894067009 0.35184028045891297 -0.64655253721225714 -0.52997497284742501 -0.39947397548508762 -0.01135131609629525 -0.75839374219494793 1.3812373010275323 0.73727236420922293 1.1337586570011442 2.7520900248125635 0.035172734409315613 0.23653583488505137 0.23425382653842358 0.8348082881135177 -0.040056077182386754 0.33729003431560045 0.35068702482674868 -0.031496741518933294 -0.24969027825192855 0.39518480437650538 0.010289519958050343 -0.59994387705058616 2.0410414502217811 -0.40764824817923007 -0.54273011963640505 -0.24847193773373999 -0.57780392054755436 -0.51254897547248535 0.95886201839233787 0.014833502093107588 -0.33622021370187372 1.0056015364620341 0.027644783786811192 -0.23791718511866763 0.0041915666636590746 -0.59548227372020046 -1.0553249102185365 0.042012929924256162
leaf_weight=312 376 62 88 37 32 149 418 71 231 22 20 33 29 48 25 649 24 162 139 217 127 177 1285 32 21 136 45 20 2399 99 35 182 26 27 78 23 188 247 258 100 30 50 29 25 43 33 23 143 328 58 35 45 20 72 30 20 25 45 20 20 20 54
leaf_count=312 376 62 88 37 32 149 418 71 231 22 20 33 29 48 25 649 24 162 139 217 127 177 1285 32 21 136 45 20 2399 99 35 182 26 27 78 23 188 247 258 100 30 50 29 25 43 33 23 143 328 58 35 45 20 72 30 20 25 45 20 20 20 54
internal_value=-0.000902495 -0.00272395 -0.00139795 -0.000548551 -0.00206283 -0.000252489 0.000103323 0.00202539 -0.00235136 0.000241546 7.65697e-05 -0.00221843 0.00201072 0.0034345 -0.000197986 0.000383065 0.00841346 -0.00112108 -0.00398849 -0.00503003 0.000924609 -0.00114007 -0.000578839 -0.00404564 -0.00568452 -0.00154272 0.00182692 0.00727273 0.000229433 -0.00100219 0.000221729 -0.000390625 0.00696721 -0.000406872 -0.00351891 -0.0062 0.00543933 0.00263158 -0.000926806 0.00203704 -0.00369515 -0.00389447 0.00127737 -0.00522424 -0.000538793 -0.00316456 0.00833333 -0.00196256 -0.00438931 -0.00587248 -0.000107759 -0.00227273 -0.00581023 -0.000120192 -0.00518868 -0.00165441 -0.00188172 -0.00376712 0.00545213 0 -0.000382653 -0.00227273
internal_weight=9817 1571 1060 8246 1318 6928 5915 814 1013 608 640 280 360 310 5101 3097 49 2004 301 330 700 304 1703 710 407 303 117 52 3048 683 448 413 58 550 235 122 236 396 523 122 420 186 134 511 113 76 114 401 390 146 113 74 466 101 50 65 90 70 91 45 95 74
internal_count=9817 1571 1060 8246 1318 6928 5915 814 1013 608 640 280 360 310 5101 3097 49 2004 301 330 700 304 1703 710 407 303 117 52 3048 683 448 413 58 550 235 122 236 396 523 122 420 186 134 511 113 76 114 401 390 146 113 74 466 101 50 65 90 70 91 45 95 74
cat_boundaries=0 2 3 5 7 9 11 12 13 14 15
cat_threshold=570720523 16384 5 2685538320 283136 31572066 1575953 335548432 160040 1052884 69634 7 2626 1365 98
is_linear=0
shrinkage=0.05


Tree=70
num_leaves=61
num_cat=4
split_feature=16 13 17 16 17 2 8 18 21 16 18 2 17 18 11 11 17 22 8 22 11 2 9 9 10 9 17 8 9 11 8 9 10 18 10 11 0 22 21 17 8 18 18 16 21 11 22 8 22 16 10 8 8 18 17 21 8 6 14 8
split_gain=2.34883 1.83915 1.33761 1.10459 1.31656 0.997651 1.46461 1.21364 0.982328 1.11478 1.64273 1.05041 1.34359 1.5178 0.941977 1.42167 0.901573 1.06071 0.79293 0.786711 0.753546 0.62484 0.613808 1.75249 0.816581 0.596642 0.52769 0.564843 0.731626 0.525686 0.524602 0.647252 0.716441 0.696514 0.548751 0.492008 0.433371 0.42574 0.403071 0.396412 0.395595 0.395074 1.13778 0.388145 0.371251 0.3634 0.358799 0.357856 0.34657 0.290092 0.285548 0.285458 0.269389 0.179688 0.169345 0.53326 0.123627 0.100858 0.0288462 0.00862069
threshold=1.039431708451638 1.5000000000000002 1.0441898763171058 1.0999568480184674 2.2857983162947977 0 410.18000000000006 1.9845654303175333 1.5000000000000002 0.56723149268237882 0.34550327855391733 1 2.68808928221996 2.1023033399708835 864.40000000000009 809.93500000000017 1.3783858869496319 9.54700982059199 918.69000000000017 26.88721294835582 1184.2350000000004 2 1364.2700000000002 848.73000000000013 3239.48 550.2850000000002 0.90189941367455295 538.10500000000013 2428.9550000000004 1191.9450000000004 115.37500000000004 450.64000000000004 917.31000000000006 0.33164350224088368 1652.1300000000003 899.79500000000019 3 10.103032246112949 35.550000000000004 1.9629799627548583 684.05000000000007 0.61215543920256221 0.80570774407139534 1.7689411163902584 59.583333333333336 2368.3000000000006 18.868402058737292 576.3950000000001 15.553765980758262 0.97107540065466069 613.80500000000006 1367.1650000000002 -1.0000000180025095e-35 0.14741719905178402 2.3995480321292573 36.854166666666679 1240.0450000000003 2012.74 1.0000000180025095e-35 496.01000000000005
decision_type=2 2 2 2 2 1 2 2 2 2 2 1 2 2 2 2 2 2 2 2 2 1 2 2 2 2 2 2 2 2 2 2 2 2 2 2 1 2 2 2 2 2 2 2 2 2 2 2 2 2 2 2 2 2 2 2 2 2 2 2
left_child=8 2 30 4 -4 14 44 -8 9 10 52 12 13 25 15 -5 19 20 -16 37 21 50 23 43 48 -10 29 54 40 -13 -2 32 33 -32 -34 -23 -25 -3 -6 -26 -29 51 -43 -19 -7 -33 -31 -47 -24 57 -18 -22 58 -54 -28 -56 -30 -11 -1 -21
right_child=1 16 3 5 38 6 7 -9 11 49 -12 26 -14 -15 18 -17 17 22 -20 59 41 35 24 36 39 -27 27 28 56 46 31 45 34 -35 -36 -37 -38 -39 -40 -41 -42 42 -44 -45 -46 47 -48 -49 -50 -51 -52 -53 53 -55 55 -57 -58 -59 -60 -61
leaf_value=-0.49942280019570018 -1.5465127268499206 -0.11977156943028221 -0.038148897824360706 0.093711211312554721 0.67598461867281667 -0.47746017362787579 -0.0044843498125885619 -0.53416502585161663 -0.079884831291268832 -0.902101227363719 2.428931133851326 4.6637578786480702 1.0976775668112706 0.36795963594818365 -0.022246420050369409 1.2055063098072467 -0.019125992709668263 0.061566261463084263 0.073870182039258478 0.040310146640166349 -0.62651118176554121 -0.23728616079439657 -0.018903148438812512 0.49680432732953506 -0.17177151548518543 -0.47948394517867376 -0.50953143815737223 -0.022419833436708371 -0.52257520996317308 -0.35537211465736207 0.28229004211769521 -0.48977847317431034 0.13971318599838511 -0.61241192564775249 -0.4909615894702718 0.94523988019099936 0.021992700250164799 -0.56587116289033335 0.9770875032291102 0.057824819431143218 0.1245290945064812 0.17845687099063445 -0.52775122894130921 -0.49008476900302544 -0.020625900181133618 -0.02685389710700932 0.1652541858519051 -0.26860631175750033 -0.51312601648135436 -0.15992361416031964 -0.91110982871686164 -0.31044976831372201 -0.75937498948850402 -1.17876254062802 -0.65646194874288377 -0.097690110467309493 -0.66602518110858222 -1.6720843561018357 2.6947472247879709 -0.17578185097240162
leaf_weight=24 48 24 38 542 28 616 3163 143 22 20 45 22 32 32 1369 83 32 20 911 20 76 104 38 53 43 67 239 56 65 36 24 43 108 120 27 47 24 89 23 74 20 52 171 58 122 79 25 143 71 38 75 38 30 21 102 58 29 46 23 26
leaf_count=24 48 24 38 542 28 616 3163 143 22 20 45 22 32 32 1369 83 32 20 911 20 76 104 38 53 43 67 239 56 65 36 24 43 108 120 27 47 24 89 23 74 20 52 171 58 122 79 25 143 71 38 75 38 30 21 102 58 29 46 23 26
internal_value=-0.00088722 -0.000611599 -0.00032425 -0.000124272 0.00529891 -0.000203179 -0.000714814 -0.00024932 -0.00312796 -0.00015 0.00248288 -0.00397587 0 -0.00252016 0.000492632 0.00220939 -0.00249341 -0.00183861 0 -0.00609568 -0.00315635 -0.000862069 9.76563e-05 0.00261076 -0.00141921 -0.00611413 -0.00481203 -0.00544143 -0.00245665 -0.000436047 -0.00260504 -0.00201097 -0.000132979 -0.00272109 0.00226449 0.000990854 0.00796875 -0.00829741 0.0104167 0.00114583 0.000632911 -0.00474265 -0.00304204 -0.00216049 -0.00273279 -0.00377799 -0.00332031 -0.00255556 -0.00457589 -0.00420561 -0.00364583 -0.00747863 -0.000742574 -0.00347222 -0.00656095 -0.00429448 -0.00541237 -0.00615942 0.00125 0
internal_weight=9817 8765 7630 7038 89 6949 4044 3306 1052 247 143 805 153 121 2905 625 1135 976 2280 159 595 258 381 155 226 89 652 569 170 83 592 544 279 144 135 151 77 113 51 117 76 337 223 78 738 265 61 222 109 104 107 114 98 51 399 160 94 66 47 46
internal_count=9817 8765 7630 7038 89 6949 4044 3306 1052 247 143 805 153 121 2905 625 1135 976 2280 159 595 258 381 155 226 89 652 569 170 83 592 544 279 144 135 151 77 113 51 117 76 337 223 78 738 265 61 222 109 104 107 114 98 51 399 160 94 66 47 46
cat_boundaries=0 1 2 3 4
cat_threshold=558 514 97 1
is_linear=0
shrinkage=0.05


Tree=71
num_leaves=62
num_cat=4
split_feature=16 13 7 16 2 2 19 9 5 10 10 10 19 10 9 10 10 8 5 15 10 11 5 10 16 5 6 2 9 8 5 18 4 18 19 18 6 16 18 9 18 18 8 8 7 18 18 8 18 19 5 7 5 7 5 8 7 10 10 8 5
split_gain=2.30212 1.4764 1.54965 1.23883 0.936741 0.792685 0.891229 1.60885 1.34057 1.10029 2.0918 1.72811 0.954397 0.842963 1.49022 0.920204 0.841515 0.800276 0.729102 0.715392 0.966179 0.715383 2.23747 0.884661 0.707437 0.707262 0.658574 1.33301 0.800987 2.15096 0.646767 0.633165 0.597869 0.910577 0.677609 0.74332 0.477821 0.473038 0.470324 0.448416 0.870828 0.774731 0.438848 0.35198 0.415089 0.321456 0.609529 0.466092 0.308176 0.259795 0.259788 0.239354 0.222215 0.195812 0.182987 0.178488 0.268415 0.161685 0.116587 0.0171566 0.013096
threshold=1.039431708451638 1.5000000000000002 1.0000000180025095e-35 0.2200322808405957 0 1 516.21500000000015 1543.1550000000002 356.50000000000006 1463.9700000000003 1652.1300000000003 1349.8400000000004 352.56 3661.4050000000007 1554.0050000000003 2685.4150000000004 2881.0800000000004 2320.7700000000009 195.50000000000003 7.5000000000000009 832.7700000000001 1645.4100000000001 280.50000000000006 1231.2850000000001 1.7142862814236979 102.50000000000001 2501.0100000000007 2 2428.9550000000004 509.29500000000007 89.500000000000014 1.0552744615898935 3 0.79578922607522184 2658.7000000000007 0.30774450133195919 2501.0100000000007 2.5485328349230985 0.52426169413192436 754.71500000000003 1.182179469936135 0.72742258799052795 91.470000000000013 1411.7250000000001 1640.6300000000003 0.5478192716066056 0.26416669599183595 1240.0450000000003 2.2824808705028841 1235.2450000000001 329.50000000000006 384.06999999999999 96.500000000000014 523.10500000000013 139.50000000000003 447.26500000000004 278.66000000000003 427.50500000000005 -1.0000000180025095e-35 896.83000000000015 112.50000000000001
decision_type=2 2 2 2 1 1 2 2 2 2 2 2 2 2 2 2 2 2 2 2 2 2 2 2 2 2 2 1 2 2 2 2 9 2 2 2 2 2 2 2 2 2 2 2 2 2 2 2 2 2 2 2 2 2 2 2 2 2 2 2 2
left_child=3 5 37 39 18 6 8 9 12 11 -11 -8 17 14 21 25 -17 -2 53 20 -20 22 -7 -23 -9 -16 27 42 29 48 -14 -15 33 38 35 -34 -21 -3 -6 41 -41 49 -5 -33 -45 46 -28 -47 -29 57 58 -35 -44 -4 -26 56 -48 -1 -51 -36 -54
right_child=1 2 4 26 32 13 7 24 -10 10 -12 -13 30 31 15 16 -18 -19 19 36 -22 23 -24 -25 54 -27 45 28 -30 -31 -32 43 34 51 59 -37 -38 -39 -40 40 -42 -43 52 44 -46 47 55 -49 -50 50 -52 -53 60 -55 -56 -57 -58 -59 -60 -61 -62
leaf_value=0.089899899964322572 0.021283940144470749 -0.073105327835459824 -0.16179392121679115 0.33164192935695563 -0.056342285875220638 -0.090739126573448917 -0.0069428021479751578 -0.74708348878255437 -0.37040133349726134 0.76541478949805308 -0.022255733408194978 -0.92497192594720579 -0.15171397826071847 0.082115097318021857 0.047072716654433404 -0.5774428136442552 0.056098486938498393 2.7511562042972502 -0.83388013997778465 0.026104024185560171 0.32847737141909267 -0.6448061383377155 0.46589608815509043 -0.11408675619650524 -0.85780437256885878 1.1713951580130273 -0.92577358744937044 -0.094691460529879035 -0.43594864910782666 0.57408505099915652 0.613354991975821 -0.50255541984814334 0.18175928644590852 -0.10740485785818708 -0.74448067548793662 -0.42164150852615701 -0.16110326412763298 0.51094038300608913 0.79599336047815417 -0.11110654194806742 0.6377225834212723 -0.33563990833980317 -0.011451607010441478 0.084236535217767472 -0.91446819521540135 -0.475303391335612 -0.19589180774093543 -0.59216767056528818 0.34956165415077456 0.72209962218068002 -1.2943250208783181 -1.0132130505424095 -1.0284057641498667 -0.31159109998679235 1.0626910221353381 -0.41372899321063489 0.29071139471623159 9.5246019301770648 -0.23628407563904333 -0.22054087974040046 -0.44937408636526688
leaf_weight=23 1128 20 21 21 51 2522 1428 75 46 86 135 88 24 34 86 33 100 26 20 31 63 191 243 949 33 134 48 132 30 32 113 62 48 20 66 571 27 53 28 37 25 47 22 20 54 158 41 21 24 25 28 45 36 30 20 25 29 20 75 41 153
leaf_count=23 1128 20 21 21 51 2522 1428 75 46 86 135 88 24 34 86 33 100 26 20 31 63 191 243 949 33 134 48 132 30 32 113 62 48 20 66 571 27 53 28 37 25 47 22 20 54 158 41 21 24 25 28 45 36 30 20 25 29 20 75 41 153
internal_value=-0.000815937 -0.000543168 -0.00222979 -0.00303318 -0.00274648 -0.000284947 0.000303266 -0.000381424 0.00129664 0 0.00329241 -0.000460829 0.00163253 -0.000720558 -0.000569115 0.00249298 -0.000459559 0.00110199 0.000243902 0.00234375 0.00537791 -0.000860415 -0.000401915 -0.00192476 -0.00572519 0.0044843 -0.00406452 -0.00259382 0.000108225 0.00157068 0.005625 -0.00419075 -0.00342582 0 -0.00402571 -0.00327572 -0.00122951 0.00444079 0.00320122 0 0.00346154 -0.00124434 -0.00510204 -0.0057554 -0.00227273 -0.00592308 -0.00333904 -0.00762363 -0.000628931 7.18391e-05 -0.000763359 -0.00459559 -0.00601636 -0.00439815 -0.000223214 -0.000382653 0.000342466 0.00353261 0 -0.00806818 -0.00657552
internal_weight=9817 8765 1135 1052 1062 7630 3202 1865 1337 1737 221 1516 1291 4428 4258 353 133 1154 192 141 83 3905 2765 1140 128 220 772 450 218 188 137 170 870 144 726 619 58 73 79 280 62 218 232 136 74 322 143 179 156 171 128 65 211 51 53 95 70 43 100 107 189
internal_count=9817 8765 1135 1052 1062 7630 3202 1865 1337 1737 221 1516 1291 4428 4258 353 133 1154 192 141 83 3905 2765 1140 128 220 772 450 218 188 137 170 870 144 726 619 58 73 79 280 62 218 232 136 74 322 143 179 156 171 128 65 211 51 53 95 70 43 100 107 189
cat_boundaries=0 1 2 3 4
cat_threshold=1544 684 3412 1
is_linear=0
shrinkage=0.05


Tree=72
num_leaves=63
num_cat=11
split_feature=14 1 1 8 8 22 11 20 5 5 1 20 7 8 1 4 18 5 1 21 20 18 8 1 5 11 10 5 11 1 11 21 7 5 6 11 6 20 5 22 11 1 20 11 11 5 10 5 10 10 20 1 18 4 20 5 7 10 18 18 18 5
split_gain=1.74062 2.46435 2.14445 1.87275 1.55083 1.66711 1.47331 1.50135 1.41229 1.32768 1.3128 1.51829 1.22622 1.10434 1.20718 1.42581 1.13414 1.02442 0.92062 0.880219 0.854745 0.818913 0.787678 1.28919 1.1334 1.32388 0.938552 0.992473 0.930118 1.45674 0.868264 0.790932 0.775544 0.710689 0.704306 0.67213 0.667397 0.655862 0.648954 0.843022 0.815264 0.632952 0.57381 0.549426 0.674595 0.524631 0.551071 0.524341 0.520132 0.764987 0.507246 0.480937 0.469026 0.459091 1.46505 0.745935 0.425517 0.40744 0.390723 0.71252 0.388454 0.368273
threshold=1.5000000000000002 0 1 342.00500000000005 216.02000000000001 18.627488642680628 3168.5350000000003 8.5000000000000018 188.50000000000003 308.50000000000006 2 60.500000000000007 271.67500000000007 345.56 3 4 0.31113547253981216 61.500000000000007 5 73.166666666666671 259.50000000000006 0.40999856058152512 757.70000000000016 6 180.50000000000003 1184.2350000000004 863.6350000000001 312.50000000000006 1205.6600000000001 7 2017.0750000000003 53.100000000000009 494.5800000000001 98.500000000000014 3650.2500000000005 311.61000000000007 3056.7900000000004 15.500000000000002 286.50000000000006 4.5780249698132947 826.70500000000015 8 61.500000000000007 864.51500000000021 440.26000000000005 100.50000000000001 2204.5350000000003 202.50000000000003 536.37500000000011 1296.7700000000002 10.500000000000002 9 0.64751477143565506 10 60.500000000000007 117.50000000000001 1364.7450000000001 1801.1050000000002 0.43618877973298792 0.36860652660965859 0.23066231242578003 26.500000000000004
decision_type=2 9 9 2 2 2 2 2 2 2 9 2 2 2 9 9 2 2 9 2 2 2 2 9 2 2 2 2 2 9 2 2 2 2 2 2 2 2 2 2 2 9 2 2 2 2 2 2 2 2 2 9 2 9 2 2 2 2 2 2 2 2
left_child=2 4 17 38 48 10 13 56 -7 51 11 19 18 -5 15 -15 -16 21 43 -6 34 -1 23 24 -19 -26 27 -25 58 33 -28 -31 -11 -30 35 -14 42 50 39 53 -40 -37 -10 44 -4 61 -47 -13 -2 -50 -12 -9 -22 54 -3 -55 -8 -38 59 -24 -39 -36
right_child=1 3 12 6 5 8 7 9 36 32 37 47 20 14 16 -17 -18 22 -20 -21 52 -23 28 26 25 -27 30 -29 29 31 -32 -33 -34 -35 45 41 57 60 40 -41 -42 -43 -44 -45 -46 46 -48 -49 49 -51 -52 -53 -54 55 -56 -57 -58 -59 -60 -61 -62 -63
leaf_value=-0.73401667135022319 -0.97237565510918 -0.46970810139450203 -0.1153391257348039 0.76528332205766914 -0.3997745067986202 0.15149103581824042 0.30704893738154287 -0.41852410248077682 -0.050566415280110813 -0.24409661255664361 -0.53602671091155407 0.19974810473154375 4.2263464507056883 -0.14321711699348408 0.59414817197853476 0.07084338242934117 0.047634810017171431 -1.3406793435004092 -0.60273766257785866 0.28559758334943697 -0.12000988318847271 1.6842439303739352 4.0223033324606785 1.1744434962294086 0.56909375499510728 -0.30344088884245513 -0.51741818709406151 -0.26602482644883452 -3.2032556204070377 0.91596178818474605 0.36805634154903971 -0.042164318786422329 0.047408960737721634 0.0037732836651013461 -0.5812992228594972 0.01851727378908059 -0.28126174362544543 -0.15628917535123055 2.3439208935080003 -0.68396642325578227 -0.18563767140813053 -0.090471818180703781 0.17033291154867192 -0.77733640898833922 1.5066825951915797 -0.86268550016308387 -0.3882066016737078 -0.18141708013963476 1.1704242506321607 -0.14372157662848792 0.13156124190559648 -0.094270434854343152 3.9192907949501747 -0.076344740261374791 0.80475559368614213 -0.98093585757579627 0.020509068213374171 -0.33098099950966287 8.7660357630356298 -0.16727855621004153 -0.41597079496342992 0.78148349601167633
leaf_weight=171 22 99 40 42 372 50 31 252 102 42 24 108 21 650 79 399 758 125 396 25 28 74 48 231 177 140 133 63 21 206 40 55 169 228 29 1368 24 22 21 147 148 1218 32 40 35 98 46 64 25 21 20 282 37 54 49 66 20 57 52 21 367 33
leaf_count=171 22 99 40 42 372 50 31 252 102 42 24 108 21 650 79 399 758 125 396 25 28 74 48 231 177 140 133 63 21 206 40 55 169 228 29 1368 24 22 21 147 148 1218 32 40 35 98 46 64 25 21 20 282 37 54 49 66 20 57 52 21 367 33
internal_value=-0.000810845 -0.00151474 -0.000169017 -0.000752785 -0.00332901 -0.00376969 -0.000183352 -0.0020025 -4.66418e-05 -0.00262366 -0.00470149 -0.00277062 -0.000914903 0.00054376 0.000330863 -0.000765066 0.00175 0.00121663 -0.0031858 -0.00453125 -0.00049462 -0.00166331 0.00171743 0.000699013 -0.00115385 0.000273437 0.00252604 0.00429293 0.00309543 0.00199805 -7.10227e-05 0.00451642 0.000525701 -0.000620229 -0.000643643 -0.00039751 -0.00200688 -0.00686659 -0.00332198 -0.00439593 -0.000363372 -0.000492468 0 0.000488281 0.00336538 -0.0034689 -0.00510204 0.000857143 0.00352113 0.00663265 0 -0.00395717 0.00496324 -0.00239852 0 -0.00451128 0.00578704 -0.00550595 0.00715726 0.00329861 -0.00768495 0
internal_weight=9817 4643 5174 3308 1335 1267 2724 796 265 745 1002 569 3389 1928 1886 1049 837 1785 511 397 2878 245 1540 909 442 317 467 294 631 510 173 261 211 249 2813 2607 215 433 584 415 169 2586 134 115 75 206 144 172 68 46 44 534 65 268 148 120 51 81 121 69 389 62
internal_count=9817 4643 5174 3308 1335 1267 2724 796 265 745 1002 569 3389 1928 1886 1049 837 1785 511 397 2878 245 1540 909 442 317 467 294 631 510 173 261 211 249 2813 2607 215 433 584 415 169 2586 134 115 75 206 144 172 68 46 44 534 65 268 148 120 51 81 121 69 389 62
cat_boundaries=0 2 4 6 8 9 11 13 15 17 18 19
cat_threshold=105677163 262435 377127986 442809 101187593 262178 2712813588 144 26 65 70144 35160064 16512 270533664 32952 537146121 1060866 536875140 25
is_linear=0
shrinkage=0.05


Tree=73
num_leaves=63
num_cat=7
split_feature=7 2 10 9 4 20 10 20 5 11 4 2 7 15 7 11 10 21 22 9 5 18 9 5 10 10 7 20 11 18 20 4 22 22 10 10 9 21 6 0 18 15 10 11 15 20 10 7 20 10 4 18 7 18 5 18 5 9 10 6 22 20
split_gain=1.60552 1.42069 1.55626 1.32495 1.28666 2.38766 1.10571 1.07397 1.01899 1.10787 1.5298 1.42533 1.54601 1.14269 1.15547 0.886922 1.19889 1.06788 1.02492 0.827484 0.818124 0.792633 0.788567 1.61894 1.11836 0.995238 0.950428 0.731137 1.23333 0.869568 0.715895 0.703225 0.679779 0.665504 0.806783 0.66155 1.42652 0.644345 0.614497 0.606089 0.586031 0.583293 0.577649 0.822135 0.807801 0.57419 0.557543 0.518563 0.657156 0.480798 0.428148 0.557052 0.867377 0.475135 0.428385 0.377624 0.33695 0.285209 0.274193 0.338542 0.272006 0.264924
threshold=450.18500000000006 0 1652.1300000000003 2734.0800000000004 1 140.50000000000003 1505.7700000000002 1.5000000000000002 307.50000000000006 2546.8550000000005 2 3 1093.4100000000001 4.5000000000000009 1573.3450000000003 1205.6600000000001 1491.2600000000002 38.535714285714292 0.85355339059327384 964.48500000000013 356.50000000000006 0.27173866095114158 1836.2400000000002 168.50000000000003 2729.6800000000007 2729.6800000000007 1389.1400000000001 14.500000000000002 592.15500000000009 0.10114177546304444 15.500000000000002 4 19.80740423507957 18.99890344548605 2513.6000000000004 209.15500000000003 359.935 48.100000000000009 4496.4800000000005 5 0.75928911391068732 5.5000000000000009 1849.2 2575.0950000000007 6.5000000000000009 231.50000000000003 936.7600000000001 371.54000000000002 102.50000000000001 2289.855 6 1.4585374806266131 1500.1950000000004 2.656235720547905 163.50000000000003 1.0799596962827021 359.50000000000006 4620.6800000000012 1764.8950000000002 4168.3500000000013 1.0000000180025095e-35 168.50000000000003
decision_type=2 1 2 2 9 2 2 2 2 2 9 1 2 2 2 2 2 2 2 2 2 2 2 2 2 2 2 2 2 2 2 9 2 2 2 2 2 2 2 1 2 2 2 2 2 2 2 2 2 2 9 2 2 2 2 2 2 2 2 2 2 2
left_child=1 4 6 8 5 42 19 -5 9 10 11 12 -2 14 -12 18 -17 55 27 35 21 -10 23 -11 26 -25 -24 29 -29 -6 -21 40 -19 49 -35 45 -37 -36 -33 -26 -23 60 47 -44 -45 -3 -13 48 -1 58 51 54 -53 57 -9 -18 -22 -52 -4 -60 -8 -7
right_child=3 2 33 7 15 61 41 50 20 22 13 46 -14 -15 -16 16 17 32 -20 30 56 31 24 25 39 -27 -28 28 -30 -31 -32 38 -34 34 37 36 -38 -39 -40 -41 -42 -43 43 44 -46 -47 -48 -49 -50 -51 53 52 -54 -55 -56 -57 -58 -59 59 -61 -62 -63
leaf_value=-0.63436687789483459 0.12170236728472404 -0.083919353758889592 -0.70549632689343478 2.2264322115601511 -0.89652513336924788 0.60063234273324184 0.26978400713527195 -0.22314041455974812 2.9728944753696513 -1.1554761126640327 -0.16381222842738197 0.093201410088241066 1.631407459334929 0.60988677609369502 1.0019152561669173 -0.36376868094911174 0.1241283045361728 0.49013960429674736 0.59054291216306554 0.45281974087061827 -0.50250951717934811 -0.018780255588674778 0.85953816021518414 -0.21684951264252242 0.010113253887598006 0.019614089030722773 -0.026725490716789049 -1.5298569046725881 0.24101803648396497 2.5262405447341152 -0.6307608483696866 -0.026585520534636232 -0.026510901833424329 -0.4775831985704464 0.41241282693583553 -0.6392412483652663 -0.043848039683101359 -0.69402161360173553 0.16068693847511817 -0.45151979208790821 0.18158448325814264 -0.28131282785722062 0.13676298539103302 -0.70210338094809088 0.069979045108154919 2.4443799486109001 -0.33960618545043747 -0.081001817816358831 0.0056913271536645389 -0.71417607713746833 -0.62506354464735814 -0.67670074348598919 0.013402422518200298 -0.1788454237790118 0.50095699523544046 -0.087649042062647814 -0.22690968687104843 -0.5059778702035832 -0.008420775759116329 -0.60502081117620721 0.6497995834081538 0.45119031305667989
leaf_weight=256 1079 106 36 31 23 21 30 24 22 72 1473 395 205 28 45 164 38 51 52 26 37 111 46 361 191 200 22 72 234 72 162 405 25 65 32 513 1114 21 60 101 268 23 27 25 20 29 578 85 42 146 118 49 41 72 21 32 31 24 80 21 30 34
leaf_count=256 1079 106 36 31 23 21 30 24 22 72 1473 395 205 28 45 164 38 51 52 26 37 111 46 361 191 200 22 72 234 72 162 405 25 65 32 513 1114 21 60 101 268 23 27 25 20 29 578 85 42 146 118 49 41 72 21 32 31 24 80 21 30 34
internal_value=-0.000790479 -0.00161388 -0.00231917 -0.000282186 -0.000204121 -0.00215105 -0.0017252 -0.00313316 -8.28537e-05 -0.000385497 0 0.000831498 0.00192753 -0.00120269 -0.00142998 0.00104704 -0.000878594 0.00218121 0.00249452 -0.00198413 0.00141409 0.00186997 -0.00186998 -0.00292846 0 -0.00188387 0.0056338 0.00145421 8.09061e-05 0.00522959 -0.0052356 0.00153483 0.00632911 -0.00522896 -0.00144628 -0.00160057 -0.00189417 0.00245536 7.84519e-05 -0.00135593 0.00309311 0.00363372 -0.00346616 0 -0.00338542 0.00153986 -0.000570487 -0.00424223 -0.00523256 -0.00659965 -0.00401278 -0.000929054 -0.00349462 -0.00539648 0.00286458 -0.00171233 -0.00352113 -0.00741379 -0.00366071 -0.0015625 0.00634921 0.00711207
internal_weight=9817 3707 2434 6110 1273 510 2033 380 5730 4796 3803 2257 1284 1546 1518 763 310 146 453 1950 934 866 993 633 360 561 68 401 306 95 188 844 76 401 118 1762 1627 53 465 292 379 83 455 72 45 135 973 383 298 283 349 135 90 214 45 70 68 142 137 101 60 55
internal_count=9817 3707 2434 6110 1273 510 2033 380 5730 4796 3803 2257 1284 1546 1518 763 310 146 453 1950 934 866 993 633 360 561 68 401 306 95 188 844 76 401 118 1762 1627 53 465 292 379 83 455 72 45 135 973 383 298 283 349 135 90 214 45 70 68 142 137 101 60 55
cat_boundaries=0 1 2 3 4 5 6 7
cat_threshold=1682 6 7 3008 24 1 3
is_linear=0
shrinkage=0.05


Tree=74
num_leaves=63
num_cat=10
split_feature=16 13 1 1 22 7 17 19 18 17 5 1 16 1 2 5 11 1 21 21 17 22 21 19 2 21 7 22 17 5 2 1 18 11 19 15 5 19 18 18 16 11 7 5 18 21 2 17 21 21 22 18 18 5 18 17 17 21 18 7 18 16
split_gain=1.54086 1.61612 1.57893 1.49968 1.23677 1.30797 0.972245 0.953008 1.34296 0.945162 1.17263 3.82538 1.55942 1.53516 1.50688 1.48781 1.00504 0.926491 0.91124 0.871723 0.783387 0.778132 1.22461 0.699226 0.658831 0.76698 0.795256 0.619516 0.610457 0.891738 0.566237 0.485806 0.807706 0.943886 0.733605 0.679879 0.473552 0.453983 0.830679 0.744637 0.44647 0.445759 0.413815 0.399772 0.363161 0.355564 0.350598 0.601532 0.347695 0.345664 0.327513 0.321747 0.309825 0.303649 0.270768 0.266667 0.235314 0.176772 0.148009 0.126872 0.0192113 0.0157415
threshold=1.032748603302698 1.5000000000000002 0 1 19.115859692655459 1.0000000180025095e-35 1.3783858869496319 2602.9250000000006 0.33164350224088368 1.0003922918052546 286.50000000000006 2 1.0799350764773326 3 4 351.50000000000006 864.40000000000009 5 68.166666666666671 121.75000000000001 1.5740243837116072 14.854451681842582 121.75000000000001 4123.4050000000016 6 24.225000000000005 538.10500000000013 16.799553549019205 1.6049286235825622 194.50000000000003 7 8 0.89247768901363866 3591.5300000000002 1051.9649999999999 3.5000000000000004 331.50000000000006 365.90000000000003 0.42115285424688437 2.2256528362541537 0.56723149268237882 1959.2300000000002 243.42500000000004 180.50000000000003 0.15223391807720729 31.928571428571434 9 2.7620005118786022 55.900000000000006 33.062500000000007 12.896104952944421 1.2711755214015088 0.36416141746137881 118.50000000000001 1.0734238367699453 2.8099223000316269 4.0016673625130853e-05 37.062500000000007 0.47073482313145493 358.93500000000006 0.43094878686351762 0.98810004087715908
decision_type=2 2 9 9 2 2 2 2 2 2 2 9 2 9 1 2 2 9 2 2 2 2 2 2 1 2 2 2 2 2 1 9 2 2 2 2 2 2 2 2 2 2 2 2 2 2 1 2 2 2 2 2 2 2 2 2 2 2 2 2 2 2
left_child=3 9 4 44 5 -3 -4 8 42 17 12 37 -11 14 -14 16 -13 36 -17 -15 -10 22 45 24 31 43 52 -23 51 59 55 34 40 -34 54 -36 41 39 -39 -12 -33 -2 -8 58 -1 -19 47 61 -29 -32 -43 -6 -27 -9 -5 -7 -48 -28 -26 -30 -45 -46
right_child=1 2 6 23 28 30 7 53 20 10 11 15 13 19 -16 18 -18 21 -20 -21 -22 27 -24 -25 25 26 57 48 29 -31 49 32 33 -35 35 -37 -38 38 -40 -41 -42 50 -44 60 46 -47 56 -49 -50 -51 -52 -53 -54 -55 -56 -57 -58 -59 -60 -61 -62 -63
leaf_value=-0.82477394493976708 0.084574662900426395 1.6144325986843087 -0.50147576091674118 -0.58051601926087937 0.015017472175176306 0.034732705311949455 0.071874360478351926 -0.59493765231871165 0.55580569356341614 0.55068973775192809 -0.32233170425936503 1.3866955515965425 0.021640379599119266 -0.020596049728150947 -0.42853147221827115 0.031349506623521962 0.17404079700582004 -0.35436150847585213 -0.58893717474260565 1.5008273920679358 -0.01417390433602952 0.56445049357921262 0.06572685562339356 -1.1634727476348918 0.068525724518635658 0.035787606618327764 0.20747968219433943 -0.30590198821858156 0.14278949216359696 0.35076471157154787 -0.67192388532835567 0.74626275702422551 0.65218963176617251 -0.034814437048494538 1.1900331650540081 -0.51182822205040335 3.6014452972539317 -0.74890087419990792 0.045808784526929359 0.041152813325833648 -0.48277306047209551 0.018523683239310886 2.0721489134100906 1.1377357034986297 -0.28009880593102249 -0.69282537827897328 -0.19398554830014519 0.10567240310417106 -0.021476845034151107 -0.28255068678729955 -0.80305894873553374 -0.1828080680318605 -0.73918282905666866 -0.065485950083989414 -0.027761333434483504 -0.42863143416584537 -0.71519718878850691 -0.34438676568605597 -0.90483279451014065 -0.57591575300545672 1.9638026806737263 -0.028949926712827524
leaf_weight=23 32 22 58 32 32 48 21 41 28 41 270 130 356 4453 633 57 695 71 34 63 312 20 24 24 41 20 20 71 20 37 210 51 52 37 46 24 21 94 236 49 69 25 20 20 48 140 25 33 96 113 28 31 148 34 43 87 184 30 30 24 20 20
leaf_count=23 32 22 58 32 32 48 21 41 28 41 270 130 356 4453 633 57 695 71 34 63 312 20 24 24 41 20 20 71 20 37 210 51 52 37 46 24 21 94 236 49 69 25 20 20 48 140 25 33 96 113 28 31 148 34 43 87 184 30 30 24 20 20
internal_value=-0.000805754 -0.000582289 -0.00234443 -0.00263663 -0.00400314 -0.0052795 -0.000142315 0.000544662 0.00166016 -0.000312418 -0.000152868 0.00104432 -0.00050009 -0.000583243 -0.00235778 0.00312164 0.00384964 -0.00235405 -0.0025266 -0.000176639 0.000437318 -0.0033908 -0.00540966 -0.00116319 -0.000783528 -0.00237573 -0.00418552 -0.000723684 0 0.00282738 -0.00591106 0.000613079 0.00219595 0.00584239 -0.00134494 0.00171233 0.00147059 -0.00183157 -0.000375375 -0.00322205 0 0 0.00994318 0.000548246 -0.00538295 -0.00671729 -0.00599042 -0.00186404 -0.00198529 -0.00710565 -0.00290179 -0.00359848 -0.00584795 -0.00432692 -0.00496795 -0.00194257 -0.00726351 0.000471698 -0.00118243 -0.00106383 0.00465116 -0.00492958
internal_weight=9817 8777 1138 1040 624 480 514 456 381 7639 7111 1565 5546 5505 989 916 825 528 91 4516 340 422 235 707 683 329 218 187 144 81 458 354 209 89 145 70 106 649 330 319 120 85 41 111 333 211 310 101 167 323 53 63 168 75 75 135 209 50 71 44 40 68
internal_count=9817 8777 1138 1040 624 480 514 456 381 7639 7111 1565 5546 5505 989 916 825 528 91 4516 340 422 235 707 683 329 218 187 144 81 458 354 209 89 145 70 106 649 330 319 120 85 41 111 333 211 310 101 167 323 53 63 168 75 75 135 209 50 71 44 40 68
cat_boundaries=0 2 4 6 8 9 11 12 13 15 16
cat_threshold=2718990570 262272 1606275 266256 556041273 98354 2281886280 1052685 2688 524417 65536 724 1552 536870912 66048 554
is_linear=0
shrinkage=0.05


Tree=75
num_leaves=63
num_cat=11
split_feature=20 20 1 1 1 0 21 20 16 18 6 18 1 16 18 10 10 1 1 1 9 16 21 6 11 9 17 10 17 21 4 11 16 9 18 18 10 17 17 22 16 21 17 20 9 10 9 1 15 4 11 11 11 9 18 6 18 20 10 9 10 18
split_gain=1.40401 2.50288 2.07187 1.94548 1.74083 1.62289 1.32201 1.12432 1.05791 0.938318 0.93057 0.911547 1.19994 0.985069 1.37758 0.915861 0.905022 1.62585 1.27788 0.776439 0.822293 0.742932 0.740277 0.968525 0.717737 1.26896 0.757254 0.940031 0.775432 0.709233 0.665596 0.811039 0.655272 0.617554 0.59799 1.32969 0.574698 0.52693 0.514688 1.06755 0.498687 0.47445 0.717499 0.457001 0.447497 0.755905 0.538108 0.593249 0.400748 0.383406 0.723636 0.736446 0.650679 0.576964 0.371451 0.331022 0.937746 0.606255 0.325948 0.32121 0.277545 0.216694
threshold=9.5000000000000018 31.500000000000004 0 1 2 3 86.166666666666671 254.50000000000003 0.97107540065466069 0.4805186860336102 1734.8500000000001 2.2256528362541537 4 1.7419200014971761 0.77491543416459763 2009.5450000000003 1240.0550000000003 5 6 7 1240.0850000000003 1.6943018293203289 33.472222222222229 1376.8900000000001 2412.8650000000002 1836.2400000000002 1.9566502395258383 1315.2700000000002 2.6697657972597719 42.535714285714292 8 761.0100000000001 1.7982604674931786 809.70000000000016 0.40485610799299804 0.24180728085301056 1520.3700000000001 2.0164705903654747 2.1350452693337134 15.354684176805797 1.7689411163902584 118.25000000000001 3.1731420281482228 15.500000000000002 432.14500000000004 376.23500000000007 717.30500000000018 9 1.5000000000000002 10 1663.45 2674.1450000000009 942.18500000000006 1422.6150000000002 0.32822511252415354 2012.74 0.82429541559132768 2.5000000000000004 1171.1700000000003 800.82500000000016 1260.1600000000001 0.16136555831444102
decision_type=2 2 9 9 9 1 2 2 2 2 2 2 9 2 2 2 2 9 9 9 2 2 2 2 2 2 2 2 2 2 9 2 2 2 2 2 2 2 2 2 2 2 2 2 2 2 2 9 2 9 2 2 2 2 2 2 2 2 2 2 2 2
left_child=2 3 44 22 5 24 -7 8 41 19 -9 12 13 14 -5 -15 18 -18 -10 34 30 -13 43 33 26 36 27 -3 -28 -27 31 -21 -8 -24 35 61 -26 59 -25 -40 -11 42 -6 -2 45 -1 -46 55 -14 50 60 -52 -51 -54 -50 56 -48 -57 -32 -12 -42 -4
right_child=1 4 9 11 7 6 32 10 16 40 37 21 48 15 -16 -17 17 -19 -20 20 -22 -23 23 38 25 29 28 -29 -30 -31 58 -33 -34 -35 -36 -37 -38 -39 39 -41 49 -43 -44 -45 46 -47 47 -49 54 52 51 -53 53 -55 -56 57 -58 -59 -60 -61 -62 -63
leaf_value=-0.89215102973142713 -0.21497069843407177 -0.02428756040295408 0.61153338723226625 0.45926668214809913 -0.37753999251529574 -0.49449047275581037 -0.10199707534161072 14.206822096560973 0.15713070866130591 -0.14115633353586396 0.46170355856999951 0.55400655170389068 0.53061228052848475 0.068280642454434576 -0.37853436392134987 -0.36545949911149478 -0.047100053875342773 0.056304645649394663 -0.078368410479353487 2.3747608338144532 -0.66663599796996786 -0.051327235109050309 -0.13807053285613335 -0.57857861655936849 -0.042334502942175334 -0.43641324201127674 -0.34868038672580615 0.28284638179935107 0.12966372927973202 0.10091638957922539 -0.21127654201761745 -0.70380337973093532 0.24718253435460583 0.35181375127769954 -3.0321336710782454 3.7934739921099352 -0.39800324524787245 1.5188986375186759 -0.43326051977906277 0.20985244078114074 0.88253364451887251 0.028221530865130975 -0.045320605188592739 -0.63905287680266243 -0.60142704604790542 2.7416112021891395 3.1403234132679394 -0.68622738309296283 0.003279821246712267 -0.13773458290124729 6.3967552363217681 -0.060660658750266806 1.5954662076015322 0.080936758858162428 -0.58619453396281329 0.1239214743343105 -0.25444910855395053 -0.45937176940425567 0.64181503908928339 -1.1703720370708859 -1.0743572457360453 -0.22995436625781096
leaf_weight=73 81 158 31 42 282 345 31 24 150 43 43 24 26 105 30 41 1014 1399 1786 96 45 29 34 148 45 33 184 62 170 52 629 41 27 39 33 88 158 27 89 36 61 38 148 336 207 35 22 152 44 38 23 21 123 84 229 245 41 31 29 23 38 56
leaf_count=73 81 158 31 42 282 345 31 24 150 43 43 24 26 105 30 41 1014 1399 1786 96 45 29 34 148 45 33 184 62 170 52 629 41 27 39 33 88 158 27 89 36 61 38 148 336 207 35 22 152 44 38 23 21 123 84 229 245 41 31 29 23 38 56
internal_value=-0.000810845 -0.00114134 0.000256774 -0.00311564 -0.000707433 -0.0023572 -0.00501847 -0.000267839 -0.000396784 0.00138237 0.00447917 -0.000728988 -0.00146635 0.00119048 0.006 -0.000838926 -0.00014074 0.000491515 -0.0009541 0.000523311 -0.000117233 0.00513393 -0.00475193 -0.0027937 -0.00106936 -0.00309278 0 0.00224215 -0.00147059 0.0015625 0.000203634 0.00325 0.00122951 0.00180921 0.00316742 0.00456461 -0.00527913 0.00143229 -0.00421196 -0.00126953 0.00336982 -0.00265393 -0.00317552 -0.00633929 -0.00173993 0.000900901 -0.00224679 -0.00118927 -0.00348558 0.00396419 0.00104167 0.00638298 0.00518411 0.0064881 -0.00421196 0 0.0032197 -0.000716846 -0.000409836 -0.000362319 -0.000857843 0
internal_weight=9817 7532 2285 1333 6199 1265 403 4934 4817 1479 117 570 517 218 72 146 4349 2413 1936 1048 840 53 763 346 862 288 574 220 354 85 795 137 58 73 208 175 203 93 273 125 431 468 430 417 806 108 698 491 299 388 143 44 245 207 273 339 63 276 658 66 99 87
internal_count=9817 7532 2285 1333 6199 1265 403 4934 4817 1479 117 570 517 218 72 146 4349 2413 1936 1048 840 53 763 346 862 288 574 220 354 85 795 137 58 73 208 175 203 93 273 125 431 468 430 417 806 108 698 491 299 388 143 44 245 207 273 339 63 276 658 66 99 87
cat_boundaries=0 2 4 6 7 9 11 13 15 16 18 19
cat_threshold=2181091528 65681 2736292072 262658 4535559 1619296 1 266261 65537 822738976 65674 268566560 81928 67118629 33794 1 37000 128 9
is_linear=0
shrinkage=0.05


Tree=76
num_leaves=56
num_cat=13
split_feature=11 7 1 1 15 10 6 1 2 1 18 16 9 2 18 9 1 11 2 15 11 19 6 18 1 21 19 16 11 18 7 1 16 16 18 11 7 7 1 7 7 16 1 19 2 10 11 16 21 9 7 6 18 16 9
split_gain=1.41058 1.36322 2.261 1.73005 1.49193 1.25643 1.24847 1.14056 1.69233 1.17212 1.05032 0.877724 0.932206 1.0333 0.919794 0.901091 0.796957 1.18464 0.777516 1.40173 1.48535 0.849262 0.8486 1.17544 0.947521 0.754705 0.746531 0.691394 0.679238 0.658316 0.826563 0.638128 0.626995 0.650321 0.62403 0.621194 0.620924 0.600417 0.571525 0.89404 0.754643 0.537778 0.472617 1.32142 0.711572 0.466033 0.437531 0.351121 0.382006 0.59266 0.327668 0.257988 0.208416 0.175426 0.133274
threshold=5686.6450000000013 450.18500000000006 0 1 1.5000000000000002 2521.2900000000004 4496.4800000000005 2 3 4 0.22737768471924089 0.88354129552283622 410.39500000000004 5 0.29720091259926579 743.12000000000012 6 8571.8850000000002 7 1.5000000000000002 877.20500000000004 1216.2950000000003 2012.74 2.5928795954279775 8 155.25000000000003 542.61000000000013 1.2874848626396838 3013.3500000000004 0.15223391807720729 308.31500000000005 9 -1.0000000180025095e-35 1.0219736789941758 2.9825692688939802 3460.2450000000003 720.09500000000014 1656.4300000000003 10 720.80000000000018 702.73000000000013 1.8007764983700258 11 160.41999999999987 12 4475.3750000000009 2893.4450000000002 1.358576834809049 44.083333333333336 1201.0200000000002 -1.0000000180025095e-35 3056.7900000000004 0.71592626578862162 0.96067997652535075 2480.2350000000006
decision_type=2 2 9 9 2 2 2 9 1 9 2 2 2 1 2 2 9 2 1 2 2 2 2 2 9 2 2 2 2 2 2 9 2 2 2 2 2 2 9 2 2 2 9 2 1 2 2 2 2 2 2 2 2 2 2
left_child=1 3 5 4 10 28 25 8 9 35 29 14 13 -13 -6 -16 54 34 19 21 -21 -9 23 -20 -24 32 -27 53 42 30 -1 -14 50 -34 37 -4 -36 -18 40 -40 -10 -30 44 -44 -3 -38 -11 -8 49 -49 -5 -29 -7 -19 -2
right_child=16 2 7 6 11 52 47 18 38 46 -12 12 31 -15 15 -17 17 27 22 20 -22 -23 24 -25 -26 26 -28 51 41 -31 -32 -33 33 -35 36 -37 45 -39 39 -41 -42 -43 43 -45 -46 -47 -48 48 -50 -51 -52 -53 -54 -55 -56
leaf_value=-0.080107496017060603 -0.16722652324345211 0.76445455064081291 0.26325176678235956 -1.7057034031148768 -0.81540201145069391 -0.17617718429019932 -0.43783605006632087 2.9397882056296356 0.20395253206255148 1.370052979293142 8.7141463566797963 0.18679374148258709 -0.29260388911793261 -0.25821066195405001 -0.025322687240984899 0.49415970382223018 -0.41564244955301466 0.1581662907454339 0.21431902784006596 2.7926946058846505 -0.0064348249248219252 0.76425649480529578 0.021143050349401449 -0.4827550661422505 -0.28685083602531519 5.9830945436404654 -0.092233644173268209 0.0091301153090803666 0.31535903761918471 -0.81440992377795574 4.7853151613500984 -0.037279120246498286 -0.39679247246917815 -0.10489523925236739 -0.82091128567027205 -0.086266657638262967 0.28387779371997174 0.045682231760518735 -0.21993776318783917 0.73397024914827724 -0.28718503449319782 -0.10376080520060711 0.1129382631078114 -0.60220414485728357 -0.41032664193538282 -0.10571027881316511 1.4374270986007227 -0.79431694691191224 0.0085417800093356543 0.034317121988120473 2.9533619713442292 0.33753445954515338 -0.57791025491106629 -0.45477105018464992 -0.44240544265429266
leaf_weight=36 36 105 259 34 20 25 80 107 100 115 39 116 232 104 28 66 125 20 413 26 1482 174 425 48 1318 20 24 21 22 25 21 270 444 1970 20 31 20 25 117 206 187 20 71 199 150 23 34 50 27 20 28 31 111 21 76
leaf_count=36 36 105 259 34 20 25 80 107 100 115 39 116 232 104 28 66 125 20 413 26 1482 174 425 48 1318 20 24 21 22 25 21 270 444 1970 20 31 20 25 117 206 187 20 71 199 150 23 34 50 27 20 28 31 111 21 76
internal_value=-0.00076502 -0.000631515 -0.000141354 -0.00138775 0.000399485 -0.00277584 -0.00203413 0.000222552 0.00168315 0.00400996 0.00554435 -0.000297974 -0.001 0.00156951 0.00363248 0.00592784 -0.00362233 -0.00180251 -0.000152896 0.000603496 0 0.00382923 -0.000789355 0.00105065 -0.00131014 -0.00172414 0.00425532 0.00247396 -0.00164474 0.00147059 0.00479167 -0.00222772 -0.00185559 -0.00199628 -0.00399306 0.00173267 0 -0.00571895 0 0.00137649 -0.001625 0.00388889 -0.0022017 -0.00362191 -0.000326493 0.00353261 0.00763889 -0.00618056 -0.003125 -0.00513699 0.00269231 0.00636364 -0.00719424 -0.00142045 -0.0072
internal_weight=9817 9399 5745 3654 957 703 2697 5042 1049 439 121 836 722 220 114 94 418 306 3993 1789 1508 281 2204 461 1743 2520 44 93 567 82 57 502 2476 2414 213 290 63 150 610 323 287 42 525 270 255 43 149 177 97 70 62 52 136 41 112
internal_count=9817 9399 5745 3654 957 703 2697 5042 1049 439 121 836 722 220 114 94 418 306 3993 1789 1508 281 2204 461 1743 2520 44 93 567 82 57 502 2476 2414 213 290 63 150 610 323 287 42 525 270 255 43 149 177 97 70 62 52 136 41 112
cat_boundaries=0 2 4 6 7 9 10 12 13 15 17 19 21 22
cat_threshold=151028067 1573892 33669493 624390 381706768 481288 2344 41959424 344072 1922 33554433 66176 844 2622472 41506 33554480 33280 339739152 266240 35 4 1413
is_linear=0
shrinkage=0.05


Tree=77
num_leaves=59
num_cat=16
split_feature=10 7 1 1 16 5 1 1 17 0 5 19 1 6 8 5 17 1 1 4 1 9 19 5 19 10 22 11 17 5 6 18 16 4 1 1 8 18 8 7 16 6 16 10 19 4 1 17 0 5 7 5 18 6 6 7 22 22
split_gain=1.33986 1.62597 3.03435 1.56102 1.6725 1.49505 2.42507 2.28172 1.56327 1.42535 3.33046 1.3816 1.40921 1.36847 1.36745 1.25999 1.17 2.05535 1.34642 1.02068 1.00321 0.999097 0.994496 0.97799 1.2066 1.18509 1.14509 0.947302 1.16178 0.932599 0.825346 0.788126 0.770936 0.757467 0.982253 0.859847 0.979084 0.74276 0.736681 0.649735 0.590956 0.587252 0.584822 0.582038 0.57415 0.539295 1.21624 0.489982 0.475417 0.463287 0.43246 0.361369 0.350763 0.341119 0.314614 0.303205 0.200762 0.13075
threshold=3454.3900000000008 299.59000000000009 0 1 1.1774234790562665 170.50000000000003 2 3 1.2472221232293486 4 151.50000000000003 893.63000000000011 5 2012.74 360.12500000000006 105.50000000000001 2.68808928221996 6 7 8 9 1856.1050000000002 3365.5000000000005 109.50000000000001 1864.405 393.96000000000009 7.2558950670115276 4071.1800000000003 1.9753128611946447 356.50000000000006 4496.4800000000005 2.4999797581776968 1.9999966951981232 10 11 12 702.73000000000013 0.25911631700792886 1093.4100000000001 688.25500000000011 1.4999963711140685 1734.8500000000001 1.6943018293203289 1114.6100000000004 1650.0750000000003 13 14 0.91762192014642541 15 300.50000000000006 689.31000000000006 200.50000000000003 1.6580517158929067 2501.0100000000007 6744.7200000000003 396.52000000000004 2.5811813947440876 17.964502969232051
decision_type=2 2 9 9 2 2 9 9 2 1 2 2 9 2 2 2 2 9 9 9 9 2 2 2 2 2 2 2 2 2 2 2 2 9 9 9 2 2 2 2 2 2 2 2 2 9 9 2 1 2 2 2 2 2 2 2 2 2
left_child=1 2 23 50 54 7 8 9 39 11 15 13 -13 -3 -10 -11 18 41 29 -19 40 -20 31 44 25 -25 -27 56 42 -8 32 45 -26 34 38 36 -35 -16 -9 47 -6 -18 -29 -37 -1 46 -4 -7 -36 -47 55 -42 -53 -30 57 -2 -22 -5
right_child=3 5 22 4 20 6 16 33 14 10 -12 12 -14 -15 37 -17 17 19 21 -21 27 -23 -24 24 30 26 -28 28 53 -31 -32 -33 -34 35 48 43 -38 -39 -40 -41 51 -43 -44 -45 -46 49 -48 -49 -50 -51 -52 52 -54 -55 -56 -57 -58 -59
leaf_value=0.9039059479793139 -0.58598756278662056 3.8547256634487357 0.029226064934163888 -0.44061178690889558 0.13052529958394032 0.092743619310365955 0.013441341571127908 -0.01477417685338729 2.8461382414570071 -0.28977870956116869 -2.411728340531663 -0.17888727725172446 0.71641730595839759 0.18989645507214964 -1.4530067201185604 0.32619724478916157 0.10895171018297418 1.9576522676357844 -0.17502839486108429 0.17636743959542259 -0.93241387400335762 0.024709578663406798 -0.70187750891761924 -0.66025649618566762 1.8103516500357788 0.75433312563003918 -0.020425258029911221 0.09559897927398292 0.12461451078605848 -0.32428706777901906 -0.0088531836149591935 0.57104149201828402 1.0707216256245573 0.10386642944881004 -0.07797426147397922 -0.77368942758905923 -0.35692921508901487 0.32469085733489184 2.5994979759609365 0.56779051216067844 -0.86175090211238514 -0.84681308199564043 -0.075981605517588424 -0.94845117100042686 -0.88650684314947492 -0.0060070939640830545 -0.38206280588494934 -0.425463877531778 -0.5988475289735099 -0.19646947887611521 -0.40984086783400653 -0.57839843857156326 0.032631600077898872 0.75982555782541117 -0.37298208168833158 0.20674829339067025 -0.026297886906501589 -0.25696152436501402
leaf_weight=21 24 43 117 89 23 20 1925 160 25 270 78 739 390 250 28 171 25 155 665 252 25 44 93 39 23 90 75 54 30 46 22 24 27 129 418 157 106 529 39 24 37 86 70 187 33 385 774 58 165 184 184 24 24 45 20 34 23 20
leaf_count=21 24 43 117 89 23 20 1925 160 25 270 78 739 390 250 28 171 25 155 665 252 25 44 93 39 23 90 75 54 30 46 22 24 27 129 418 157 106 529 39 24 37 86 70 187 33 385 774 58 165 184 184 24 24 45 20 34 23 20
internal_value=-0.000698829 -0.000526446 -0.00182592 -0.00277778 -0.000905433 -0.000173925 0.000482625 -0.000960666 0.00315638 0.000121546 -0.00208333 0.000964912 0.000121466 0.00401182 0.00423077 -0.000253378 -8.56431e-05 0.00206334 -0.000521804 0.00372024 0.00073324 -0.00237188 -0.00274371 0.00240525 0.00376344 0.00144928 0.00349702 0.00254808 0.0042698 0.000132308 0.00933333 -0.00238736 0.0127358 -0.00252001 -0.0013522 -0.00394848 -0.00115927 0.00354911 0.00147406 -0.00214286 -0.00289256 -0.00352823 0.000787402 -0.00560224 -0.00307018 -0.00256323 -0.00336007 -0.00462963 -0.00241191 -0.00113832 -0.00598039 -0.00525568 -0.000980392 0.00913462 -0.00577652 -0.00122951 -0.00294118 -0.00680804
internal_weight=9817 9091 1907 726 484 7184 3882 3302 684 1941 519 1422 1129 293 582 441 3198 518 2680 407 355 709 1577 330 276 204 165 247 199 1971 72 1484 50 1361 782 579 235 557 199 102 108 111 124 344 54 1460 891 78 583 569 242 85 48 75 129 58 48 109
internal_count=9817 9091 1907 726 484 7184 3882 3302 684 1941 519 1422 1129 293 582 441 3198 518 2680 407 355 709 1577 330 276 204 165 247 199 1971 72 1484 50 1361 782 579 235 557 199 102 108 111 124 344 54 1460 891 78 583 569 242 85 48 75 129 58 48 109
cat_boundaries=0 2 3 5 7 8 10 12 14 15 17 18 20 22 23 25 26
cat_threshold=42008693 99456 570720301 336756736 1466888 547370941 249862 1 536871044 65536 2147487793 69648 2852672217 1172 3 64 82448 13 4980736 512 2449489984 263217 7 163842 16385 1
is_linear=0
shrinkage=0.05


Tree=78
num_leaves=63
num_cat=5
split_feature=7 1 1 20 5 11 6 7 5 17 5 11 11 9 5 11 7 20 8 1 5 1 20 21 8 19 22 22 22 8 1 5 19 18 5 9 21 18 7 21 20 5 11 7 19 20 19 17 8 22 22 11 20 21 8 18 19 9 5 5 17 21
split_gain=1.33975 2.49269 1.61047 1.4833 1.1755 2.52938 1.08169 1.30143 1.38795 1.08167 0.92766 1.51674 1.11728 0.899317 0.906866 1.43097 2.0934 1.40931 1.44514 1.31034 1.5112 1.27137 1.20625 1.00008 0.956999 0.88781 0.876803 0.777126 1.11445 1.0631 0.762274 0.958629 0.828812 1.18289 0.823048 1.42376 1.02174 0.747143 0.732269 0.712233 0.705454 0.7053 0.702469 0.697738 0.693828 0.684839 0.825852 0.666182 0.664247 0.662906 0.746776 0.657897 0.642833 0.612896 0.569971 0.45425 0.523296 0.426723 0.415121 0.605263 0.334135 0.330062
threshold=299.59000000000009 0 1 137.50000000000003 180.50000000000003 1003.4700000000001 2501.0100000000007 742.09500000000014 320.50000000000006 1.1290793122101632 307.50000000000006 2161.3250000000003 1806.0150000000001 323.92500000000007 170.50000000000003 2674.1450000000009 1240.0450000000003 8.5000000000000018 1003.2500000000001 2 188.50000000000003 3 211.50000000000003 26.81666666666667 1240.0650000000003 2018.3600000000004 1.4571067811865479 11.131955882963679 39.650522139860421 837.40500000000009 4 294.50000000000006 95.859999999999914 0.70099617599793562 319.50000000000006 743.12000000000012 36.071428571428577 0.99163562920580095 1573.3450000000003 49.100000000000009 117.50000000000001 60.500000000000007 2772.3550000000005 84.090000000000018 1375.95 153.50000000000003 510.44000000000005 2.0871061062420893 864.5350000000002 4.1432188122749638 14.854451681842582 440.26000000000005 122.50000000000001 66.833333333333357 864.61500000000012 0.11263357614573438 1127.4300000000001 728.60500000000013 132.50000000000003 102.50000000000001 2.7620005118786022 63.100000000000009
decision_type=2 9 9 2 2 2 2 2 2 2 2 2 2 2 2 2 2 2 2 9 2 9 2 2 2 2 2 2 2 2 9 2 2 2 2 2 2 2 2 2 2 2 2 2 2 2 2 2 2 2 2 2 2 2 2 2 2 2 2 2 2 2
left_child=1 4 3 10 58 43 7 45 -9 -7 11 12 51 -4 15 21 -17 18 48 22 -21 38 -19 -18 -23 -8 -11 44 29 -29 31 41 34 54 36 -36 -32 -28 -15 -14 60 -3 49 -6 -12 -5 -47 -35 -16 52 -51 -2 -33 -38 57 -43 -57 -34 59 -1 -13 -20
right_child=2 30 13 6 5 9 25 8 -10 26 27 40 39 14 17 16 23 19 61 20 -22 24 -24 -25 -26 -27 37 28 -30 -31 32 42 33 47 35 -37 53 -39 -40 -41 -42 55 -44 -45 -46 46 -48 -49 -50 50 -52 -53 -54 -55 -56 56 -58 -59 -60 -61 -62 -63
leaf_value=-1.3914043964952694 3.8389577529438101 0.020068596266965246 1.7657459266108664 1.9343191759708476 7.7792957417298458 -0.36402438076674248 -0.93702826361712122 4.2132241084564823 -0.31864219912861103 1.7268757360467448 -0.3558536930296658 -0.32742387817139601 0.36194101908182646 -0.46321169953002439 0.61869063210657771 -0.62431808332913763 -0.46378773791076428 0.052916882125642321 2.5410421037517668 0.13413188440279528 -0.057700356753748142 0.063149876923854723 2.8796110177222292 0.13339734048849367 -0.96676037117509672 1.2510542574645918 -0.46730384802689723 0.28919805463079412 -1.4525145375018356 -0.022368182123071279 -0.5171316612726734 -0.57825859592252449 -0.080579789096502638 -0.88658952787839684 -0.36397727344828112 0.67819337548927161 0.11138869561332498 0.18443845494273586 1.295083074435651 -0.066295343319241695 0.11619135293595094 -0.13914569882992645 -0.80613195594183373 1.0772695792099984 0.56157989385930518 -0.80339055139616422 2.2247246416028248 -0.35694238161273478 -1.7181596286207026 0.53191669506197603 0.023231895809696645 -0.20402749816698462 0.077487849814421139 -0.18648159514079732 0.4498157461458247 -0.34992891348050925 -0.70735268418975972 -0.31076944273771145 -1.2926774283092493 0.40620957530093948 -0.26009002923158703 -9.5758671187340394e-05
leaf_weight=35 37 55 46 21 24 40 65 51 20 21 72 336 76 493 192 135 69 796 134 190 1896 1728 61 41 189 39 32 65 23 36 35 46 594 63 21 24 41 22 22 34 25 32 33 35 21 35 53 20 22 25 62 700 49 44 32 222 223 86 23 23 110 22
leaf_count=35 37 55 46 21 24 40 65 51 20 21 72 336 76 493 192 135 69 796 134 190 1896 1728 61 41 189 39 32 65 23 36 35 46 594 63 21 24 41 22 22 34 25 32 33 35 21 35 53 20 22 25 62 700 49 44 32 222 223 86 23 23 110 22
internal_value=-0.00079557 -0.00197201 -0.000494719 -0.00179449 0.00247201 0.0049435 0.00139373 0.00382514 0.0089527 0.000105932 -0.0024301 -0.00293338 -0.00157353 -9.09241e-05 -0.000154347 -0.000844216 -0.00448589 0.000388269 0.00328418 4.24304e-06 -0.000655074 -0.000451745 0.0016523 0.000221239 0.000123057 -0.00233645 0.00400641 0.000397727 0.00314961 0.00564904 -0.00266715 -0.00393092 -0.00159301 -0.00230263 0.00141369 0.00703125 -0.000406504 0 -0.00262784 0.00287611 -0.00524789 -0.00514019 -0.000860092 0.0131048 -0.00273438 0 -0.00164835 -0.00799419 0.000345622 0.000135135 0.00347222 -0.00231419 -0.00242347 0.00213068 -0.00153846 -0.00575521 -0.00616629 -0.00190337 -0.00193452 0 -0.00573497 0.00691824
internal_weight=9817 1962 7855 1819 255 174 284 180 71 115 1535 1318 847 6036 5990 2677 245 3313 370 2943 2086 2432 857 110 1917 104 75 217 124 101 1707 747 960 795 165 45 120 54 515 110 471 532 215 59 93 109 88 83 214 182 87 737 95 85 712 477 445 680 81 58 446 156
internal_count=9817 1962 7855 1819 255 174 284 180 71 115 1535 1318 847 6036 5990 2677 245 3313 370 2943 2086 2432 857 110 1917 104 75 217 124 101 1707 747 960 795 165 45 120 54 515 110 471 532 215 59 93 109 88 83 214 182 87 737 95 85 712 477 445 680 81 58 446 156
cat_boundaries=0 2 4 6 8 10
cat_threshold=42008579 99456 50364771 1646721 2618429968 393756 2220507152 263208 2417492616 283160
is_linear=0
shrinkage=0.05


Tree=79
num_leaves=52
num_cat=16
split_feature=15 7 1 1 2 1 13 2 1 6 14 1 0 4 2 1 2 4 5 19 2 1 22 19 9 5 7 8 11 9 2 7 8 9 21 6 8 7 11 5 21 22 8 9 21 9 15 9 22 5 8
split_gain=1.1636 1.11082 1.69472 1.61701 1.46051 1.50552 1.46524 1.27377 1.21468 1.19209 1.15012 1.03063 1.11568 1.62496 2.01674 1.08755 0.915048 0.867149 0.785546 0.783591 0.745801 1.65813 1.54267 0.740101 1.02334 0.722745 0.710092 0.67558 0.620156 0.602598 1.2416 1.14258 0.935978 0.863007 0.583977 0.508405 0.421323 0.417685 0.408686 0.402016 0.363972 0.360725 0.544571 0.346659 0.337549 0.324306 0.292397 0.343546 0.278015 0.111263 0.086881
threshold=12.500000000000002 450.18500000000006 0 1 2 3 1.0000000180025095e-35 4 5 3650.2500000000005 3.5000000000000004 6 7 8 9 10 11 12 18.500000000000004 2602.9250000000006 13 14 38.277381087484635 114.93999999999978 578.20000000000016 180.50000000000003 1080.0050000000003 803.86000000000001 576.3950000000001 805.39000000000021 15 719.68500000000017 900.19000000000017 1305.6000000000001 51.100000000000009 3650.2500000000005 576.3950000000001 248.01500000000001 976.7700000000001 158.50000000000003 49.550000000000004 24.734250007843297 163.72000000000003 589.57000000000016 58.125000000000007 575.75500000000011 1.5000000000000002 1999.3900000000001 21.906044747886309 147.50000000000003 926.3950000000001
decision_type=2 2 9 9 1 9 2 1 9 2 2 9 1 9 1 9 1 9 2 2 1 9 2 2 2 2 2 2 2 2 1 2 2 2 2 2 2 2 2 2 2 2 2 2 2 2 2 2 2 2 2
left_child=1 3 17 7 8 10 43 27 28 23 35 12 13 15 -15 -4 -8 29 26 34 21 -20 -22 37 -25 38 -13 41 -5 31 33 44 -32 -31 -10 -6 39 -9 -14 -19 -27 42 -1 -7 -3 -41 49 -48 -30 -38 -29
right_child=-2 2 11 4 5 6 16 9 19 -11 -12 18 25 14 -16 -17 -18 36 20 -21 22 -23 -24 24 -26 40 -28 50 48 30 32 -33 -34 -35 -36 -37 46 -39 -40 45 -42 -43 -44 -45 -46 -47 47 -49 -50 -51 -52
leaf_value=-0.4123122193724954 -0.44710033618428241 -0.064075105619977535 0.38978483310245232 0.67642970497751775 -0.117474909252629 0.3784588036861436 -0.19993514061474543 -0.78204589993581686 0.017325113601335929 -0.91631637829929469 -0.59845813179892493 -0.85217592740026726 0.39884809550303935 -0.061669102009288684 1.0234174076874425 -0.54552849036988926 0.018472967944895214 -0.80982543606006241 0.68100633555933965 1.0189703887589807 -0.08051434687681934 0.0030717606596169845 0.53509241218174852 -0.050761613664248452 0.91391246487340527 0.13642410788695775 0.11434197931392448 0.29752967943197089 -0.26588562029613705 -0.12307168526059514 -0.42478966739365998 3.4834824922381928 -0.15137559996971356 0.13907008326931775 0.33268172327435902 -0.37448645186597002 1.3286595581509175 -0.21140894094390097 -1.0205148163793472 -0.29222916236826252 -0.046189059774316026 -0.25133028525360857 -0.77325205254236495 0.72959282765780709 0.72193567804212444 0.40180671827567771 -0.60023205426722503 -0.20092889875739559 -0.0011030434120151255 -1.5232141285177871 -0.5507731951401923
leaf_weight=34 51 52 108 20 1356 45 257 44 151 33 48 82 20 108 203 132 630 24 211 24 2682 1509 54 220 62 56 39 20 63 41 74 21 159 70 75 107 34 104 79 21 60 25 283 22 20 20 126 58 23 24 33
leaf_count=34 51 52 108 20 1356 45 257 44 151 33 48 82 20 108 203 132 630 24 211 24 2682 1509 54 220 62 56 39 20 63 41 74 21 159 70 75 107 34 104 79 21 60 25 283 22 20 20 126 58 23 24 33
internal_value=-0.000698829 -0.000652574 -0.000227833 -0.00134098 -0.00072777 -0.00117534 0.000336091 -0.0032434 0.00216802 -0.00123424 -0.00215715 7.70164e-05 0.00176508 0.0030009 0.00528549 0 -0.000154494 -0.00244386 -0.000198802 0.00408745 -7.84929e-05 0.000721293 -0.000600218 -0.000404157 0.000964912 -0.00108945 -0.00413306 -0.00536152 -0.00189076 -0.000805556 -0.0018732 0.00247396 -0.0039126 0.00211694 0.0029476 -0.00186733 -0.00449219 -0.00331126 -0.00428922 -0.000183824 0.0012605 -0.00630435 -0.00675781 0.00732143 0 0.00198864 -0.00561224 -0.00668449 -0.00421348 -0.00122951 0
internal_weight=9817 9766 6087 3679 2821 2465 954 858 356 463 1511 5343 766 551 311 240 887 744 4577 250 4456 1720 2736 430 282 215 121 395 106 437 344 93 233 111 226 1463 307 148 99 65 116 342 317 67 72 41 242 184 86 58 53
internal_count=9817 9766 6087 3679 2821 2465 954 858 356 463 1511 5343 766 551 311 240 887 744 4577 250 4456 1720 2736 430 282 215 121 395 106 437 344 93 233 111 226 1463 307 148 99 65 116 342 317 67 72 41 242 184 86 58 53
cat_boundaries=0 2 4 5 7 8 10 12 13 14 15 17 18 19 20 21 22
cat_threshold=151093600 590854 2161385992 1331224 1536 906658950 65537 1889 33558593 512 350233088 415816 1 12 2640 272637952 266248 2068 13 589 1183756 156
is_linear=0
shrinkage=0.05


Tree=80
num_leaves=63
num_cat=17
split_feature=7 1 2 10 1 16 1 7 2 1 20 20 16 4 1 16 2 7 7 2 10 16 16 19 20 19 1 1 7 22 16 1 2 16 19 21 2 10 20 16 21 21 1 10 11 10 10 4 14 10 15 10 7 10 13 22 7 16 19 22 23 19
split_gain=1.17464 2.10659 1.46215 1.41978 3.30116 1.1474 1.12693 1.20101 1.02562 1.62933 1.7697 1.10748 1.00967 1.00935 1.3238 1.22847 0.940619 1.42116 0.868315 1.14761 0.977577 0.971839 1.15045 0.793405 1.18277 0.763349 1.20337 0.968336 0.803785 0.732216 1.15264 0.720755 1.09185 1.01207 0.958382 1.63559 1.21661 0.830746 0.809604 0.976642 0.797547 0.756876 0.718458 0.707778 0.63281 0.609907 0.80192 0.608505 0.699045 0.596734 0.573039 0.572989 0.553088 0.549089 0.520414 0.478881 0.384221 0.380351 0.328851 0.289514 0.276248 0.262938
threshold=299.59000000000009 0 1 2685.4150000000004 2 1.00006352774758 3 345.56 4 5 139.50000000000003 85.500000000000014 0.40653495313129434 6 7 1.3333392325906546 8 1008.3650000000001 509.29000000000002 9 787.33500000000004 1.3272349837350736 1.9094172393985736 6.9050000000000873 73.500000000000014 2220.3450000000007 10 11 436.17500000000001 50.173854969986287 2.8457653557092111 12 13 1.039431708451638 114.93999999999978 21.125000000000004 14 1030.4400000000003 151.50000000000003 1.4621252881487303 35.550000000000004 41.535714285714292 15 951.22500000000014 360.12500000000006 1203.6400000000001 2729.6800000000007 16 1.5000000000000002 479.96000000000004 9.5000000000000018 1080.6450000000004 1573.3450000000003 755.7700000000001 1.5000000000000002 23.733757794774647 1155.9900000000002 1.4999963711140685 1617.9800000000002 19.429718383110288 2.5000000000000004 2039.2800000000002
decision_type=2 9 1 2 9 2 9 2 1 9 2 2 2 9 9 2 1 2 2 1 2 2 2 2 2 2 9 9 2 2 2 9 1 2 2 2 1 2 2 2 2 2 9 2 2 2 2 9 2 2 2 2 2 2 2 2 2 2 2 2 2 2
left_child=1 2 12 6 47 50 7 -2 9 13 11 -11 -1 14 -8 -15 23 55 19 49 -21 -20 -23 24 -7 26 52 28 -27 31 57 32 33 58 40 36 -36 -37 39 -34 -33 -42 -29 -12 -28 53 60 48 -5 -9 -6 -35 -10 -4 -19 -18 -25 -31 -3 -49 -47 -14
right_child=3 29 45 4 5 16 8 18 25 10 43 -13 61 15 -16 -17 17 54 21 20 -22 22 -24 56 -26 27 44 42 -30 30 -32 34 38 51 35 37 -38 -39 -40 -41 41 -43 -44 -45 -46 46 -48 59 -50 -51 -52 -53 -54 -55 -56 -57 -58 -59 -60 -61 -62 -63
leaf_value=0.77726398904936111 2.0011398861488008 -0.56628515032565296 0.086154861479187161 0.47453199333480839 -0.35015996384117526 0.30505246641934786 0.00650749277595466 1.5190937858229561 -0.23002192149407463 -0.073380502476435447 -0.33411817897900492 -0.85477797737960659 -0.34566543467634947 0.17378590260590157 0.57476961122339965 0.0035275068419998949 -0.37376546722511839 0.10640600611281262 1.3215167332525406 -0.60706727752478895 0.091571767189727288 -0.19052246601513545 0.53950426338656576 0.059029450892838668 -0.25212828251999186 1.0827151167211291 3.8182233060163115 -0.3146291389656945 -0.46531113784259226 0.034111645618403588 0.34138069457297376 -0.38205524884931913 -0.18911553297149039 0.27959238923396468 0.61025011743325119 -0.11724508809443926 -0.32184218637911644 -0.51674446815581843 1.0539177987124546 -0.56768159487787051 0.15784606802437012 0.14561930375536339 -0.48352497239006476 1.3251816492836668 -0.012130206460539484 0.073615222151701687 1.0081030882566775 -0.48008235297248447 -0.29647814781644133 -0.97785699994026487 0.24898159603935799 -0.34152657492219102 0.59524569730641308 1.369086478349268 -0.36691538558567738 0.55813712272864535 -0.70348157188187277 -0.70648659614210096 -0.32331447261650975 -0.43283923980915839 -0.85192499304475511 -0.26474292095479551
leaf_weight=32 39 50 64 26 91 127 159 20 445 315 31 150 47 126 169 1051 140 206 26 64 144 147 585 24 53 25 27 263 115 32 34 46 160 80 124 268 293 111 29 263 21 112 122 72 2439 21 20 213 148 84 22 22 25 35 41 22 25 22 29 74 20 27
leaf_count=32 39 50 64 26 91 127 159 20 445 315 31 150 47 126 169 1051 140 206 26 64 144 147 585 24 53 25 27 263 115 32 34 46 160 80 124 268 293 111 29 263 21 112 122 72 2439 21 20 213 148 84 22 22 25 35 41 22 25 22 29 74 20 27
internal_value=-0.000642821 -0.001743 0.00224014 -0.000361097 -0.00193416 8.18063e-05 -6.58291e-05 0.00137032 -0.000365062 0.000497363 -0.00172117 -0.003125 -0.00189076 0.00137516 0.00381232 0.000619748 0.000975039 -0.000385071 0.00100186 -0.00111111 0.000904977 0.00193824 0.0014966 0.00346074 0.00519126 -0.000895941 -0.000561415 -0.00267519 0.000653595 -0.00239906 0.00164835 -0.00266915 -0.00404412 -0.000322165 -0.00165739 -0.00244055 -0.00014881 -0.00481021 -0.00537634 -0.00607394 0.00144231 0.00358456 -0.00392588 0.00389151 -9.07624e-05 0.00520231 0.000585938 -0.00519515 -0.00200535 -0.00512821 -0.0044181 0.00261905 -0.00284679 0.00796569 0.00185 -0.00409091 -0.00120192 -0.00219298 -0.00472561 -0.00679167 -0.00255682 -0.00551948
internal_weight=9817 1962 266 7855 1212 751 6643 1109 5534 2073 568 465 106 1505 328 1177 638 409 1070 312 208 758 732 229 180 3461 2936 525 140 1696 88 1608 633 181 975 796 417 379 452 423 179 133 385 103 2466 160 61 461 174 104 113 102 470 99 247 162 49 54 79 287 41 74
internal_count=9817 1962 266 7855 1212 751 6643 1109 5534 2073 568 465 106 1505 328 1177 638 409 1070 312 208 758 732 229 180 3461 2936 525 140 1696 88 1608 633 181 975 796 417 379 452 423 179 133 385 103 2466 160 61 461 174 104 113 102 470 99 247 162 49 54 79 287 41 74
cat_boundaries=0 2 3 5 7 8 10 11 13 14 15 17 19 21 22 23 25 26
cat_threshold=42008581 99456 101 2181337453 344064 2432710148 409926 1928 674889961 45696 4 536870920 640 1572 345 4243504 1061024 33587344 128 2417001096 21008 84 2210 536870913 66048 9
is_linear=0
shrinkage=0.05


Tree=81
num_leaves=39
num_cat=10
split_feature=19 11 7 1 1 18 2 22 1 11 1 7 19 1 2 18 2 7 22 10 18 21 22 2 1 10 6 7 7 10 9 18 9 22 11 9 7 7
split_gain=1.37323 1.10278 1.12386 1.67033 1.08378 1.11293 1.73613 1.51035 1.46018 1.22614 0.929836 0.782795 0.765261 2.45713 1.96078 0.733443 0.635 1.23389 0.696288 0.612767 0.590368 0.975128 0.725427 0.541376 1.51315 0.643141 0.44425 0.734277 0.423913 0.398711 0.388729 0.358821 0.34533 0.278351 0.25875 0.243056 0.0914323 0.314144
threshold=4978.1400000000003 5686.6450000000013 299.59000000000009 0 1 0.37829266976141646 2 18.399269639764249 3 1626.6600000000003 4 2235.8100000000004 276.12500000000006 5 6 2.4999797581776968 7 85.910000000000011 19.631121885846788 1620.7050000000004 3.4564695862871413 31.928571428571434 12.429323996450966 8 9 551.12500000000011 4496.4800000000005 1573.3450000000003 2039.8200000000002 270.17500000000007 3787.0300000000002 0.35434434488466665 661.36000000000013 26.199529169379392 7924.8500000000013 248.03500000000005 684.07000000000005 1342.5600000000002
decision_type=2 2 2 9 9 2 1 2 9 2 9 2 2 9 1 2 1 2 2 2 2 2 2 1 9 2 2 2 2 2 2 2 2 2 2 2 2 2
left_child=1 2 3 16 5 6 31 8 -7 -9 -8 12 13 -6 -14 23 17 19 29 -1 26 22 -22 25 -25 -5 27 33 -29 -18 36 -4 -2 -3 -23 -19 -28 -38
right_child=32 20 4 15 11 7 10 9 -10 -11 -12 -13 14 -15 -16 -17 18 35 -20 -21 21 34 -24 24 -26 -27 30 28 -30 -31 -32 -33 -34 -35 -36 -37 37 -39
leaf_value=0.86067340875732712 -0.28987104704852173 -0.42766796952698816 0.6748757131733808 -0.32972957762751548 0.08432523235009555 -0.02410229415905292 -0.85040726847546222 0.90222466922984312 -0.24479743550639804 0.0020837706041243464 0.14983298947282969 3.9195997960977844 0.24545687809344799 -0.098897899115138452 -0.0055505263759705777 0.25768964531801419 -0.062077027250761321 0.15259418218029597 -0.058102903261555032 -0.16749414672843932 -0.55464649852409242 0.43562848547880773 0.060769607242791325 -0.037265526943870954 -0.49907181894030617 0.005453378364558681 -1.3755471835239348 0.14631882150863565 -0.66372199905738027 0.64506590908609918 0.71856085198743147 3.2189840482794745 -0.55409129585586681 -0.15046593956579368 0.029556748458767147 -0.70795635761323994 -0.010134388254528837 -0.99725010152697813
leaf_weight=94 24 94 87 258 486 709 155 23 886 268 231 40 859 1231 2360 28 27 20 28 30 51 22 24 389 534 334 22 20 22 92 34 24 121 20 25 67 58 20
leaf_count=94 24 94 87 258 486 709 155 23 886 268 231 40 859 1231 2360 28 27 20 28 30 51 22 24 389 534 334 22 20 22 92 34 24 121 20 25 67 58 20
internal_value=-0.000668279 -0.000589147 -0.00046961 -0.00155593 -0.000181676 -0.00105906 0.000975 -0.00162785 -0.00224499 0.00157313 -0.00056391 0.000230507 0.000161976 -0.000675872 0.000624612 -0.00227346 0.00141509 -0.000167411 0.00382813 0.00275591 -0.00313253 0 -0.0036859 -0.00246212 -0.00324519 -0.00107438 -0.00435154 -0.00628931 0 0.00584016 -0.00164234 0.00614919 -0.00548986 -0.00833333 0.00525 -0.00486111 -0.00339806 -0.00154321
internal_weight=9817 9672 9260 1901 7359 2383 497 1886 1595 291 386 4976 4936 1717 3219 1543 358 211 147 124 412 122 75 1515 923 592 290 156 42 119 134 111 145 114 47 87 100 78
internal_count=9817 9672 9260 1901 7359 2383 497 1886 1595 291 386 4976 4936 1717 3219 1543 358 211 147 124 412 122 75 1515 923 592 290 156 42 119 134 111 145 114 47 87 100 78
cat_boundaries=0 2 4 5 7 9 11 12 13 14 16
cat_threshold=42532963 1148032 2174320999 1606881 1796 2157445120 128 2149056576 128 304091672 458768 1800 357 1078 537265168 262672
is_linear=0
shrinkage=0.05


Tree=82
num_leaves=63
num_cat=11
split_feature=15 1 1 20 18 18 19 5 18 5 1 18 18 1 18 4 19 20 18 21 16 1 20 17 0 5 19 5 5 1 19 5 20 20 20 21 22 4 16 21 20 19 0 4 18 20 20 19 19 18 19 19 5 19 18 19 18 17 18 17 5 18
split_gain=1.00004 2.2747 1.26085 1.25032 1.40812 1.23639 1.13795 1.15411 1.11009 1.02077 0.840156 0.813945 0.761301 0.713784 0.916838 0.873205 1.24973 0.66549 1.15029 0.781158 0.655747 1.28848 0.961993 0.650856 0.805523 0.721169 0.646237 0.64804 0.626719 0.624328 1.14764 0.69357 0.592868 0.535225 0.752396 0.534338 0.656622 0.525715 0.927673 0.919331 0.662399 0.5088 0.503799 0.460974 0.435714 0.606696 0.40713 0.404622 0.865069 0.49689 0.390108 0.383379 0.382509 0.367213 0.364516 0.305526 0.301576 0.259995 0.253894 0.281101 0.246319 0.191658
threshold=1.5000000000000002 0 1 259.50000000000006 0.64751477143565506 0.21561370421819201 1289.2500000000002 34.500000000000007 0.15223391807720729 177.50000000000003 2 0.21029764748522264 0.18081899332559151 3 0.37186251754291277 4 2220.3450000000007 29.500000000000004 0.31617051711108718 35.550000000000004 1.1648158680356062 5 58.500000000000007 2.4058448978320865 6 319.50000000000006 2562.6850000000009 14.500000000000002 49.500000000000007 7 1206.5150000000001 140.50000000000003 55.500000000000007 61.500000000000007 11.500000000000002 1.5000000000000002 11.91636707984347 8 1.4758904806810438 31.928571428571434 44.500000000000007 2161.4850000000006 9 10 0.95059196084781761 42.500000000000007 50.500000000000007 3365.5000000000005 2280.8650000000002 0.25331081160338303 1641.6900000000003 1402.1450000000002 200.50000000000003 691.19000000000017 0.61543236532440904 2533.5850000000005 0.81272266004534188 2.8376900087889205 0.1393929856481628 2.1522630348431822 84.500000000000014 0.085758818078380331
decision_type=2 9 9 2 2 2 2 2 2 2 9 2 2 9 2 9 2 2 2 2 2 9 2 2 1 2 2 2 2 9 2 2 2 2 2 2 2 9 2 2 2 2 1 9 2 2 2 2 2 2 2 2 2 2 2 2 2 2 2 2 2 2
left_child=1 5 9 11 -5 8 7 42 28 10 35 33 -11 47 15 41 -17 18 50 -20 32 56 -23 25 -25 -19 27 -7 -1 54 31 -31 57 34 -4 44 -37 38 39 -12 -39 -15 -3 52 45 -2 -42 48 51 -50 -13 -8 -29 -45 60 -40 -22 -14 61 -60 -9 -35
right_child=2 6 3 4 -6 26 13 29 -10 12 37 17 20 14 -16 16 -18 23 19 -21 21 22 -24 24 -26 -27 -28 43 -30 30 -32 -33 -34 58 -36 36 -38 40 55 -41 46 -43 -44 53 -46 -47 -48 -49 49 -51 -52 -53 -54 -55 -56 -57 -58 -59 59 -61 -62 -63
leaf_value=-1.8644733808245542 1.0424701913743124 -0.21993602817685237 0.13457792701118265 -0.20256506135045954 6.6655018060132996 -0.75034077053774417 -0.10887359294900208 0.50286517397821628 -0.95723818030881169 2.7171915123657961 0.35463799259663564 -0.56632205064095698 -0.39161297938919531 -0.72360616040149639 -1.6463732749054516 1.8807096304646422 -0.34253571855478743 -0.057742559925433673 -0.30701177927239237 -0.025374645051887159 -0.0097175753268958342 0.03356892006361907 -0.061305717104556304 0.10298469634811394 -0.087508212814992714 0.029233189860391917 -0.47050794336549728 0.036738612530279727 1.6991632753366912 -0.077953685962637576 4.2339428668040666 4.0036532027095522 0.0090994402291640249 -0.3219381727148431 -0.75891087898005249 -0.34418529061918407 0.24533573486153415 -0.67076344913222807 -0.94590359628633314 -0.41906051551583662 0.011138737454341198 0.12833813493903712 -0.91531509794653376 9.5166975141105983 -1.3371030012220664 0.016184964648830659 -0.37518287795794125 -1.0903547775576876 -0.59502322989942213 1.310350446284626 0.41039515608681026 -0.97107480181444294 1.8371191889988319 1.9162743305673768 0.88558644074039994 0.28041053647773417 -0.39404017515978823 0.26125587130223771 -1.0718697749379746 0.094472962917799927 -0.26370926450547716 0.6066583671473964
leaf_weight=20 32 62 32 37 42 29 34 35 52 28 49 23 143 200 65 134 103 2203 393 459 62 372 771 800 488 602 20 92 40 151 43 133 62 23 110 61 24 156 136 21 21 164 43 39 32 73 171 29 34 24 52 197 24 172 37 26 160 20 32 25 75 25
leaf_count=20 32 62 32 37 42 29 34 35 52 28 49 23 143 200 65 134 103 2203 393 459 62 372 771 800 488 602 20 92 40 151 43 133 62 23 110 61 24 156 136 21 21 164 43 39 32 73 171 29 34 24 52 197 24 172 37 26 160 20 32 25 75 25
internal_value=-0.000617363 0.000346884 -0.000878491 -0.00043385 0.00564024 0.00329341 -0.000563135 0.00113832 -0.000869565 -0.00182902 -0.00332298 -0.000538425 -0.00106416 -0.00162107 -0.000552283 0 0.00235 -0.000388214 -0.00159946 -0.00216374 -0.0012398 -0.000776681 -3.24394e-05 -0.000100708 0.000813323 -0.00053864 0.00474934 0.00529248 0.0031746 0.00225367 0.00341912 0.00209059 -0.00378289 -0.00335 -0.00534483 -0.000319149 -0.00355114 -0.00430017 -0.00183673 0.00239726 -0.00567867 -0.00145889 -0.00335648 0.00594697 0.00133929 0.003125 -0.00333333 -0.00354985 -0.00278253 0.00204918 0.00400641 -0.00422009 0.00193798 0.00742188 -0.000234375 -0.00409091 -0.00414894 -0.00534639 -0.000115741 -0.00270833 -0.00199115 0.00196078
internal_weight=9817 2051 7766 5346 79 488 1563 579 112 2420 802 5267 1618 984 666 601 237 5020 927 852 1590 1365 1143 4093 1288 2805 376 356 60 474 327 284 225 247 142 222 85 580 232 70 348 364 105 327 137 105 192 318 289 58 75 231 116 211 147 162 222 163 105 57 110 48
internal_count=9817 2051 7766 5346 79 488 1563 579 112 2420 802 5267 1618 984 666 601 237 5020 927 852 1590 1365 1143 4093 1288 2805 376 356 60 474 327 284 225 247 142 222 85 580 232 70 348 364 105 327 137 105 192 318 289 58 75 231 116 211 147 162 222 163 105 57 110 48
cat_boundaries=0 2 4 6 8 9 11 12 14 15 16 17
cat_threshold=103556151 33824 3257705767 1611105 271360 529409 2148536712 331792 14 270368 525568 1 2155876992 1 3 1 18
is_linear=0
shrinkage=0.05


Tree=83
num_leaves=63
num_cat=11
split_feature=6 1 1 11 5 1 1 10 7 9 11 20 19 5 20 10 3 4 7 19 4 1 5 5 5 7 19 5 7 11 9 10 19 1 5 20 11 20 7 10 1 7 11 7 9 7 10 7 5 7 1 5 5 10 7 7 22 10 9 10 9 11
split_gain=0.982766 4.35138 2.34697 1.60512 1.43994 1.4073 1.337 1.15265 1.12286 1.05001 1.25204 0.964045 1.27831 2.13294 1.05762 1.04409 0.799872 0.777427 0.74037 0.91501 0.751983 0.751846 0.737721 0.721646 1.04753 1.03191 0.82935 0.716179 1.05744 0.683383 0.618874 0.827714 1.12499 0.785575 0.800535 0.760872 0.607435 0.596762 0.707251 0.644407 0.564085 0.645095 0.574712 0.52433 0.521556 0.479968 0.458237 0.453456 0.441561 0.774134 0.440214 0.463358 0.431491 0.382902 0.352915 0.282075 0.251684 0.239013 0.217242 0.193738 0.178113 0.175677
threshold=2501.0100000000007 0 1 2893.4450000000002 235.50000000000003 2 3 2685.4150000000004 1024.1400000000003 180.11500000000004 464.56500000000005 11.500000000000002 2562.6850000000009 48.500000000000007 35.500000000000007 1476.5900000000004 4 5 1034.8800000000003 1032.0550000000001 6 7 12.500000000000002 139.50000000000003 244.50000000000003 567.10000000000014 1189.7450000000001 256.50000000000006 661.34500000000014 3460.2450000000003 2232.7500000000005 1463.9700000000003 595.56500000000005 8 191.50000000000003 38.500000000000007 4949.920000000001 221.50000000000003 766.09500000000014 288.03000000000003 9 171.82000000000002 1440.8850000000004 1240.0450000000003 413.35500000000008 1619.3600000000004 2481.8500000000008 702.07500000000016 180.50000000000003 575.75500000000011 10 123.50000000000001 313.50000000000006 4322.0750000000016 607.71500000000015 890.91500000000008 20.241988344159925 376.23500000000007 480.15500000000003 3510.7750000000005 1041.3350000000003 3620.1600000000003
decision_type=2 9 9 2 2 9 9 2 2 2 2 2 2 2 2 2 1 9 2 2 9 9 2 2 2 2 2 2 2 2 2 2 2 9 2 2 2 2 2 2 9 2 2 2 2 2 2 2 2 2 9 2 2 2 2 2 2 2 2 2 2 2
left_child=2 3 30 44 8 7 9 23 -5 -4 -11 12 13 -7 61 47 46 -18 22 20 45 -22 -8 50 26 -26 -25 53 -29 -6 31 40 33 35 -35 -33 -30 39 -39 -24 41 52 -43 -17 57 -20 -12 -16 58 -50 60 -52 -1 59 -14 -55 -31 -2 -42 -9 -3 -13
right_child=1 5 6 4 29 11 18 27 -10 10 16 14 54 -15 15 43 17 -19 19 -21 21 -23 37 24 25 -27 -28 28 36 56 -32 32 -34 34 -36 -37 -38 38 -40 -41 48 42 -44 -45 -46 -47 -48 -49 49 -51 51 -53 -54 55 -56 -57 -58 -59 -60 -61 -62 -63
leaf_value=-1.0348070773760065 -1.1488784431415926 -1.0336326673089027 2.5569154985506972 0.4320793940293669 0.033983642539533322 -0.43788323466148499 -2.0777075967379872 -0.25957544788235254 -0.07282410201713034 -1.5310070273468306 0.034362851954034747 -0.52559857748019712 0.80041253284806124 3.2990701690172233 0.055318142977494135 0.038593524853383347 0.063517112596119321 0.1716739134533164 -0.48911980679531286 3.2561119456279073 0.33986743035135736 -0.048570962471503165 -0.88522449969539352 0.81060426905868332 -0.19638756962680173 0.046767225436049567 0.058716190262668638 -0.63866014089486478 0.84077921724263016 -0.489048580823642 -0.50759128242006168 0.72307178559991092 0.40848133634868078 -0.56340753966912216 -0.014656223329919095 -0.079242098376464218 -0.0028975888192924516 1.1007603632450633 -0.48499064811116954 -0.025966440096645726 -0.41021826291316832 0.049486815877729212 -0.33164675978518976 0.38187017175897753 -0.54510413788234302 0.90739106885164 -0.93738965767727889 -1.4381623002704864 -0.4113133552836935 0.12940805473501912 -0.059062679283909431 -0.92808825477005696 0.11157265470258367 0.15861291276380954 -0.48192810370003514 -0.26930502372101728 -0.26824415098283477 0.043764386126031597 -1.1200827005987968 -0.68862705420075143 -0.52996864160925128 0.00044130807305204912
leaf_weight=93 22 53 42 28 29 21 46 102 41 72 238 65 23 43 114 110 290 377 87 66 179 260 140 37 284 296 323 48 35 87 76 32 20 51 100 78 97 116 32 3644 20 286 65 78 327 20 32 33 94 31 439 56 26 20 29 72 39 26 90 62 55 20
leaf_count=93 22 53 42 28 29 21 46 102 41 72 238 65 23 43 114 110 290 377 87 66 179 260 140 37 284 296 323 48 35 87 76 32 20 51 100 78 97 116 32 3644 20 286 65 78 327 20 32 33 94 31 439 56 26 20 29 72 39 26 90 62 55 20
internal_value=-0.000602088 -0.00133943 -0.00025164 -0.00512663 -0.00154185 -0.000390625 0.000148125 -0.00102284 0.00399306 0.00175047 0.00137105 0.00182149 0.00588235 0.0104478 0.000591017 0.00196006 0.0019016 0.0028125 -0.000211818 0.00138211 0.000591985 0.00157633 -0.000470987 -0.000347671 0.0004772 -0.00077187 0.00261708 -0.00330296 -0.000546448 -0.00435127 -0.00239535 -0.00199697 0.000132042 -0.00061553 -0.00297256 0.00223577 0.00148148 -0.000381194 0.00264901 -0.000514919 -0.00291314 -0.00160455 -0.000388418 0.00445026 -0.00724206 -0.0028125 -0.000265018 -0.000916667 -0.00498992 -0.00244141 -0.00171205 -0.00086122 -0.00481557 -0.00501931 0 -0.00157895 -0.00600775 -0.000980392 -0.00774336 -0.00658683 -0.00454545 -0.00411932
internal_weight=9817 3114 6703 599 224 2515 5641 1979 69 1051 1009 536 116 64 420 335 937 667 4590 612 546 439 3978 1543 940 580 360 436 180 155 1062 986 281 261 151 110 132 3932 148 3784 705 470 351 188 375 107 270 147 235 125 603 495 119 256 52 92 126 48 110 164 108 85
internal_count=9817 3114 6703 599 224 2515 5641 1979 69 1051 1009 536 116 64 420 335 937 667 4590 612 546 439 3978 1543 940 580 360 436 180 155 1062 986 281 261 151 110 132 3932 148 3784 705 470 351 188 375 107 270 147 235 125 603 495 119 256 52 92 126 48 110 164 108 85
cat_boundaries=0 2 4 6 8 9 10 11 12 14 16 18
cat_threshold=268960106 336913 2197857280 1579114 540349061 17024 276889858 484625 2 6 8 536875152 50365440 4096 2147491840 1052682 1310720 512
is_linear=0
shrinkage=0.05


end of trees

feature_importances:
dia_anyo=512
Provincia=411
dies_desde_ultima_compra=410
ratio_90d_vs_365d=387
euros_7d=374
gap_eur=371
cicle_mig_dies=311
share_wallet_12m=310
euros_180d=274
ratio_30d_vs_90d=232
euros_30d=215
euros_90d=205
mes=201
euros_365d=197
cicle_std_dies=165
Potencial_EUR_anual=163
n_pedidos_365d=96
Familia_Potencial=72
dia_setmana=58
n_pedidos_90d=44
num_intervals=42
n_pedidos_30d=19
trimestre=10
n_pedidos_7d=4

parameters:
[boosting: gbdt]
[objective: quantile]
[metric: quantile]
[tree_learner: serial]
[device_type: cpu]
[data_sample_strategy: bagging]
[data: ]
[valid: ]
[num_iterations: 1000]
[learning_rate: 0.05]
[num_leaves: 63]
[num_threads: 0]
[seed: 42]
[deterministic: 0]
[force_col_wise: 0]
[force_row_wise: 0]
[histogram_pool_size: -1]
[max_depth: 7]
[min_data_in_leaf: 20]
[min_sum_hessian_in_leaf: 0.001]
[bagging_fraction: 0.8]
[pos_bagging_fraction: 1]
[neg_bagging_fraction: 1]
[bagging_freq: 0]
[bagging_seed: 400]
[bagging_by_query: 0]
[feature_fraction: 0.7]
[feature_fraction_bynode: 1]
[feature_fraction_seed: 30056]
[extra_trees: 0]
[extra_seed: 12879]
[early_stopping_round: 0]
[early_stopping_min_delta: 0]
[first_metric_only: 1]
[max_delta_step: 0]
[lambda_l1: 1]
[lambda_l2: 3]
[linear_lambda: 0]
[min_gain_to_split: 0]
[drop_rate: 0.1]
[max_drop: 50]
[skip_drop: 0.5]
[xgboost_dart_mode: 0]
[uniform_drop: 0]
[drop_seed: 17869]
[top_rate: 0.2]
[other_rate: 0.1]
[min_data_per_group: 100]
[max_cat_threshold: 32]
[cat_l2: 10]
[cat_smooth: 10]
[max_cat_to_onehot: 4]
[top_k: 20]
[monotone_constraints: ]
[monotone_constraints_method: basic]
[monotone_penalty: 0]
[feature_contri: ]
[forcedsplits_filename: ]
[refit_decay_rate: 0.9]
[cegb_tradeoff: 1]
[cegb_penalty_split: 0]
[cegb_penalty_feature_lazy: ]
[cegb_penalty_feature_coupled: ]
[path_smooth: 0]
[interaction_constraints: ]
[verbosity: -1]
[saved_feature_importance_type: 0]
[use_quantized_grad: 0]
[num_grad_quant_bins: 4]
[quant_train_renew_leaf: 0]
[stochastic_rounding: 1]
[linear_tree: 0]
[max_bin: 255]
[max_bin_by_feature: ]
[min_data_in_bin: 3]
[bin_construct_sample_cnt: 200000]
[data_random_seed: 175]
[is_enable_sparse: 1]
[enable_bundle: 1]
[use_missing: 1]
[zero_as_missing: 0]
[feature_pre_filter: 1]
[pre_partition: 0]
[two_round: 0]
[header: 0]
[label_column: ]
[weight_column: ]
[group_column: ]
[ignore_column: ]
[categorical_feature: 0,1,2,3,4]
[forcedbins_filename: ]
[precise_float_parser: 0]
[parser_config_file: ]
[objective_seed: 16083]
[num_class: 1]
[is_unbalance: 0]
[scale_pos_weight: 1]
[sigmoid: 1]
[boost_from_average: 1]
[reg_sqrt: 0]
[alpha: 0.75]
[fair_c: 1]
[poisson_max_delta_step: 0.7]
[tweedie_variance_power: 1.5]
[lambdarank_truncation_level: 30]
[lambdarank_norm: 1]
[label_gain: ]
[lambdarank_position_bias_regularization: 0]
[eval_at: ]
[multi_error_top_k: 1]
[auc_mu_weights: ]
[num_machines: 1]
[local_listen_port: 12400]
[time_out: 120]
[machine_list_filename: ]
[machines: ]
[gpu_platform_id: -1]
[gpu_device_id: -1]
[gpu_use_dp: 0]
[num_gpu: 1]

end of parameters

pandas_categorical:[["Anestesia", "Bioseguridad"], ["A Coru\u00f1a", "Albacete", "Alicante", "Almer\u00eda", "Asturias", "Badajoz", "Baleares", "Barcelona", "Burgos", "Cantabria", "Castell\u00f3n", "Ceuta", "Ciudad Real", "Cuenca", "C\u00e1ceres", "C\u00e1diz", "C\u00f3rdoba", "Gip\u00fazkoa", "Girona", "Granada", "Guadalajara", "Huelva", "Huesca", "Ja\u00e9n", "La Rioja", "Las Palmas", "Le\u00f3n", "Lleida", "Lugo", "Madrid", "Melilla", "Murcia", "M\u00e1laga", "Navarra", "Orense", "Palencia", "Pontevedra", "Salamanca", "Segovia", "Sevilla", "Soria", "Sta.Cruz Tenerife", "Tarragona", "Teruel", "Toledo", "Unknown", "Valencia", "Valladolid", "Vizcaya", "Zamora", "Zaragoza", "\u00c1lava", "\u00c1vila"], ["1", "10", "11", "12", "2", "3", "4", "5", "6", "7", "8", "9"], ["1", "2", "3", "4"], ["0", "1", "2", "3", "4", "5", "6"]]
