tree
version=v4
num_class=1
num_tree_per_iteration=1
label_index=0
max_feature_idx=23
objective=quantile
feature_names=Familia_Potencial Provincia mes trimestre dia_setmana dia_anyo Potencial_EUR_anual euros_7d euros_30d euros_90d euros_180d euros_365d n_pedidos_7d n_pedidos_30d n_pedidos_90d n_pedidos_365d ratio_30d_vs_90d ratio_90d_vs_365d share_wallet_12m gap_eur dies_desde_ultima_compra cicle_mig_dies cicle_std_dies num_intervals
feature_infos=-1:0:1 -1:29:7:41:39:0:12:19:46:3:31:44:36:50:2:25:32:48:18:4:15:6:20:47:5:33:1:23:21:17:8:26:9:42:37:10:24:14:28:13:35:45:34:22:52:16:40:49:51:27:43:38:30 -1:8:5:7:6:4:0:11:2:1:9:3:10 -1:1:0:3:2 -1:2:3:1:4:0:5 [2:365] [0:26143.639999999999] [-6812.54:13625.08] [-1849.6199999999999:13625.08] [-1263.72:13644.549999999999] [-1263.72:18497.200000000001] [-524.63:23065.779999999999] [0:4] [0:6] [0:13] [0:38] [-1849619.9999999998:1343380] [1.2344802683760104e-06:185.40246406570714] [-0.4828890688855344:15.092568388498215] [0:25717.98] [-1:867] [-1:766] [-1:507.70266889194113] [0:58]
tree_sizes=5199 5490 5490 5458 5567 5566 5548 5498 5554 5465 5568 5540 5496 5527 5545 5494 5546 5560 5587 5567 5569 5577 5606 5569 5568 5579 5569 5591 5633 5598 5529 5533 5579 5534 5536 5639 5664 5564 5557 5553 5664 5569 5555 5562 5581 5610 5577 5520 5625 5648 5603 5581 5606 5640 5662 5694 5540 5603 5537 5587 5669 5545 5576 5609 5615 5657 5652 5573 5668 5606 5385 5417 5638 5617 5612 5567 5589 5653 5627 5572 5455 5129 5627 5344 5601 5584 5529 4917 5614 5449 5645 5623 5650 5553 5588 5646 5472 5564 5584 5622 5593 5582 5632 5288 5650 4764 5617 5661 4398 5611 4139 5600 5348 5616 5612 5697 5556 5629 4508 5567 5646 5641 5607 5063 5571 5551 5634 5659 5637 5608 5640 5640 5630 5671 5558 5691 5679 5625 5582 5616 5590 5617

Tree=0
num_leaves=63
num_cat=4
split_feature=14 17 21 21 10 21 19 17 21 21 1 21 21 7 7 17 6 3 21 17 10 17 7 17 22 1 7 17 7 8 8 18 10 6 18 1 10 17 17 22 19 7 17 6 8 6 7 22 10 8 18 16 22 6 19 17 7 16 7 18 22 22
split_gain=646.161 445.846 70.4137 63.055 45.8849 43.0956 33.8982 25.0564 16.5714 14.8752 10.2503 9.88263 9.33361 9.08714 8.92421 8.86688 8.22261 7.56106 6.86523 6.45277 5.34912 5.20333 3.84806 3.81964 3.79887 3.673 3.66321 3.64711 3.56356 3.33407 3.31135 3.13649 3.00181 2.68835 2.62501 2.46808 2.42675 2.33612 2.31672 2.09808 2.09409 2.03818 2.03727 1.83295 1.82753 1.78087 1.74494 2.04924 1.689 1.45129 1.85057 1.45483 1.33343 1.2089 1.14553 1.14307 1.142 1.48821 1.12045 1.10496 2.89798 1.27865
threshold=1.5000000000000002 1.482243933635824 115.07142857142858 175.58333333333334 1.0000000180025095e-35 127.08333333333336 1700.7350000000004 2.0049353783127932 11.125000000000002 5.5000000000000009 0 199.58333333333334 160.12500000000003 936.58500000000015 611.95500000000004 1.0976285022336432 1734.8500000000001 1 77.050000000000011 1.845928925791908 1029.2100000000003 1.9861689471146264 -1.0000000180025095e-35 1.6046877608960823 67.093963894781709 2 681.22000000000014 2.6839502816027898 104.64000000000001 525.08500000000015 422.80000000000001 0.72742258799052795 542.47500000000014 1734.8500000000001 0.26760133100332156 3 1930.615 1.3785925048510428 2.4999965299465616 26.103233269476863 2631.150000000001 278.66000000000003 2.0990995808877102 1376.8900000000001 410.30500000000001 1376.8900000000001 720.80000000000018 50.572966602294883 1368.9350000000002 352.87500000000006 0.41448730654118077 1.6719497495653652 70.965551579071615 3372.3600000000001 1468.3800000000003 1.8128327382960161 310.12000000000006 1.5222284539634849 219.94000000000003 0.21930520818718161 1.0000000180025095e-35 -1.0000000180025095e-35
decision_type=2 2 2 2 2 2 2 2 2 2 9 2 2 2 2 2 2 1 2 2 2 2 2 2 2 9 2 2 2 2 2 2 2 2 2 9 2 2 2 2 2 2 2 2 2 2 2 2 2 2 2 2 2 2 2 2 2 2 2 2 2 2
left_child=1 4 8 6 22 9 7 16 28 48 21 25 29 20 41 45 32 40 -10 -18 -9 -8 -1 -16 -17 54 -23 -19 34 38 42 59 -3 -15 -2 -30 -25 -27 -4 -31 -12 58 -14 -32 -40 -11 55 -48 -6 50 -37 -51 -43 -49 -7 -20 -45 -58 -5 61 -61 -24
right_child=2 3 12 14 5 11 10 13 18 15 17 -13 30 33 23 24 19 27 46 -21 -22 26 31 36 -26 37 -28 -29 35 39 43 -33 -34 -35 -36 49 -38 -39 44 -41 -42 52 -44 56 -46 -47 47 53 -50 51 -52 -53 -54 -55 -56 -57 57 -59 -60 60 -62 -63
leaf_value=177.09999999999999 172.98750000000001 179.69999999999999 171.44999999999999 178.36250000000001 175.75 175.84999999999999 174 180.75 168.80000000000001 171.55000000000001 174.09999999999999 177.19999999999999 171.94999999999999 179.05000000000001 177.15000000000001 172.65000000000001 175.90000000000001 174.41249999999999 170.25 178.19999999999999 175.55000000000001 178.02500000000001 180.66249999999999 181.05000000000001 174.82499999999999 173.80000000000001 183.09999999999999 178.9375 173.30000000000001 173.27500000000001 183.55000000000001 173.80000000000001 174.72499999999999 182.57499999999999 184.30000000000001 171.78749999999999 179.44999999999999 175.34999999999999 176.57499999999999 174.80000000000001 170.94999999999999 179.44999999999999 176.625 179.55000000000001 172 170.84999999999999 172.09999999999999 176.59999999999999 172.30000000000001 170.83750000000001 175.96250000000001 171.44999999999999 179.77500000000001 172.05000000000001 174.02500000000001 171.65000000000001 177.1875 176 175.84999999999999 181.40000000000001 174.84999999999999 182.1875
leaf_weight=62 56 135 203 102 271 173 85 1894 7416 444 281 267 45 151 42 1514 772 264 706 952 203 275 82 804 164 955 249 338 265 80 30 27 434 1175 33 138 131 157 44 293 195 494 119 45 24 2373 417 57 65 486 50 418 111 52 44 652 50 209 33 133 21 28
leaf_count=62 56 135 203 102 271 173 85 1894 7416 444 281 267 45 151 42 1514 772 264 706 952 203 275 82 804 164 955 249 338 265 80 30 27 434 1175 33 138 131 157 44 293 195 494 119 45 24 2373 417 57 65 486 50 418 111 52 44 652 50 209 33 133 21 28
internal_value=174 174.007 173.991 174.014 173.997 173.996 174.012 174.014 173.99 173.994 174.005 174.003 174.003 174.016 174.022 173.993 174.009 174.002 173.989 174.011 174.014 174.011 174.014 174.026 173.996 174.001 174.013 174.006 173.995 173.999 174.008 174.017 174.004 174.02 174.004 173.994 174.026 174 173.995 174.002 173.998 174.018 174.002 174.011 174.002 173.991 173.992 173.995 174.004 173.993 173.998 173.992 174.019 174 174.007 173.991 174.009 174.007 174.011 174.018 174.022 174.013
internal_weight=27788 15900 11888 9120 6780 6427 7403 5716 10746 4831 1687 1596 1142 3423 1717 4495 2293 1078 9300 1724 2097 609 353 977 1678 1329 524 602 1446 644 498 291 569 1326 89 1357 935 1112 271 373 476 740 164 334 68 2817 1884 526 336 1092 188 904 605 109 217 1358 304 259 135 264 154 110
internal_count=27788 15900 11888 9120 6780 6427 7403 5716 10746 4831 1687 1596 1142 3423 1717 4495 2293 1078 9300 1724 2097 609 353 977 1678 1329 524 602 1446 644 498 291 569 1326 89 1357 935 1112 271 373 476 740 164 334 68 2817 1884 526 336 1092 188 904 605 109 217 1358 304 259 135 264 154 110
cat_boundaries=0 2 3 5 7
cat_threshold=2248672773 83114 1 201851393 99329 10375680 87040
is_linear=0
shrinkage=1


Tree=1
num_leaves=63
num_cat=9
split_feature=15 20 21 20 15 20 5 17 21 17 20 7 17 21 17 20 21 19 2 21 5 20 9 19 22 17 1 2 1 22 17 7 1 22 5 7 22 10 20 20 21 5 7 0 19 19 20 1 17 5 23 19 23 1 2 21 22 19 19 22 20 5
split_gain=789.359 229.323 180.326 43.5821 32.0442 44.3862 34.451 21.8407 20.5133 16.5882 22.3674 13.1238 12.8656 11.9836 11.0353 9.48139 9.22189 7.68627 7.37664 7.26762 7.15164 7.13515 6.30613 6.22273 4.41951 4.3314 3.93885 3.66057 3.51212 3.42025 3.41809 3.31695 3.26439 3.23933 3.0198 2.93962 3.6523 3.33197 2.83639 2.74921 2.73574 2.72633 2.6208 2.46237 2.42645 2.36831 2.36055 2.29774 2.27957 2.27488 2.24822 2.19692 2.19132 2.17092 2.15284 2.12488 2.88916 2.08401 1.95281 1.91678 1.83589 1.80004
threshold=2.5000000000000004 188.50000000000003 113.07142857142858 137.50000000000003 1.5000000000000002 113.50000000000001 69.500000000000014 1.8529906708379291 151.58333333333334 1.3995286977944457 108.50000000000001 792.58000000000015 2.0000018609671453 68.174242424242451 1.4312415981245266 245.50000000000003 160.12500000000003 1918.2650000000003 0 177.58333333333334 193.50000000000003 250.50000000000003 410.39500000000004 1777.6450000000002 24.042620865182638 1.0000009304835726 1 2 3 94.04396135074829 1.6046877608960823 964.53000000000009 4 4.2892686824275232 18.500000000000004 720.80000000000018 50.572966602294883 1455.2150000000004 231.50000000000003 189.50000000000003 211.58333333333334 53.500000000000007 479.96500000000003 5 2570.98 1329.5900000000001 162.50000000000003 6 1.5194066078253685 110.50000000000001 2.5000000000000004 453.98499999999984 2.5000000000000004 7 8 163.12500000000003 74.618387021930147 2291.5450000000005 1251.2150000000001 85.561137976602112 110.50000000000001 38.500000000000007
decision_type=2 2 2 2 2 2 2 2 2 2 2 2 2 2 2 2 2 2 1 2 2 2 2 2 2 2 9 1 9 2 2 2 9 2 2 2 2 2 2 2 2 2 2 1 2 2 2 9 2 2 2 2 2 9 1 2 2 2 2 2 2 2
left_child=1 4 3 13 6 8 17 21 20 25 16 23 18 -2 29 19 32 31 45 33 44 27 -17 -8 -24 -4 -14 52 -27 38 46 47 -11 34 -9 59 -37 -38 53 -16 -28 -21 -32 -33 -6 -7 -12 -1 -20 57 -23 -10 -3 -5 -34 56 -30 -13 -41 -15 -57 -19
right_child=2 7 9 14 5 12 11 15 51 10 30 49 26 35 39 22 -18 61 48 41 -22 50 24 -25 -26 28 40 -29 55 -31 42 43 54 -35 -36 36 37 -39 -40 58 -42 -43 -44 -45 -46 -47 -48 -49 -50 -51 -52 -53 -54 -55 -56 60 -58 -59 -60 -61 -62 -63
leaf_value=-1.9375 -4.9424999999999999 3.3381249999999998 -1.4325000000000003 0.25624999999999964 -1.5543749999999996 2.5075000000000003 5.3250000000000002 -0.23750000000000002 6.0364062499999998 -1.7268750000000006 1.3450000000000004 7.3212500000000009 1.034375 -2.8900000000000006 0.99828125000000023 9.9182812499999997 2.8843749999999999 -2.4012499999999997 -1.6150000000000007 3.1974999999999998 0.88718749999999957 6.6517187500000006 10.495000000000001 1.8406250000000002 6.2793749999999999 -0.47500000000000003 3.6498437499999996 0.93374999999999986 0.009999999999999433 2.6746875000000006 2.4525000000000001 5.6712500000000006 0.8099999999999995 2.0109374999999998 4.9125000000000005 -2.1381250000000001 2.8528125000000006 -0.78187500000000021 2.7462499999999999 5.3587500000000006 5.1174999999999997 5.0950000000000006 4.8900000000000006 -2.0025000000000008 -4.0206249999999999 0.24968749999999995 2.7549999999999999 2.305625 0.82750000000000057 7.8351562500000007 0.6381249999999995 2.5345312500000001 0.3037499999999998 -1.2825000000000004 -0.9428125000000005 -0.45937499999999964 1.5349999999999995 2.7343750000000004 -0.58250000000000035 -1.1150000000000002 1.6968749999999997 0.39874999999999972
leaf_weight=105 7813 212 392 114 1596 345 676 22 78 211 211 157 103 3054 200 310 410 211 120 41 271 438 1329 313 235 531 468 179 521 20 40 173 295 176 441 1178 36 198 58 116 106 348 302 31 241 126 116 391 433 464 28 218 34 713 228 50 67 48 22 118 186 121
leaf_count=105 7813 212 392 114 1596 345 676 22 78 211 211 157 103 3054 200 310 410 211 120 41 271 438 1329 313 235 531 468 179 521 20 40 173 295 176 441 1178 36 198 58 116 106 348 302 31 241 126 116 391 433 464 28 218 34 713 228 50 67 48 22 118 186 121
internal_value=-0.00025188 0.0104853 -0.00686508 -0.00948105 0.00497389 0.00217563 0.00921834 0.0203339 -0.00218114 0.00314342 0.00649091 0.0136815 0.00835534 -0.010376 -0.000511637 0.0224699 0.0021796 0.00198068 0.00472249 0.0182832 -0.00393179 0.013269 0.024707 0.00986643 0.0261008 -0.000307143 0.0137316 0.00826519 0.00100331 -0.00342786 0.0137463 0.00497866 -0.0011194 0.0146612 0.0169796 -0.00829518 -0.00625442 -0.000316456 -0.00395552 0.00711144 0.0152896 0.0239477 0.0174638 0.0103865 -0.00506114 0.00922004 0.00958333 0.00260521 0.00059629 0.0191778 0.0176439 0.0100334 0.0120656 -0.00474398 0.000956157 0.00304659 0.00135364 0.0136418 0.0125887 -0.0091811 0.00711297 -0.0041791
internal_weight=27788 10588 17200 13640 6795 4105 2690 3793 2404 3560 1813 1658 1701 12397 1243 2902 1144 1032 1024 1028 2108 891 1874 989 1564 1747 677 425 1355 905 669 700 734 639 463 4584 1412 234 885 338 574 389 342 204 1837 471 327 496 553 669 466 296 246 827 523 824 588 205 138 3172 236 332
internal_count=27788 10588 17200 13640 6795 4105 2690 3793 2404 3560 1813 1658 1701 12397 1243 2902 1144 1032 1024 1028 2108 891 1874 989 1564 1747 677 425 1355 905 669 700 734 639 463 4584 1412 234 885 338 574 389 342 204 1837 471 327 496 553 669 466 296 246 827 523 824 588 205 138 3172 236 332
cat_boundaries=0 1 3 4 6 8 9 11 13 14
cat_threshold=760 2225340420 1058 2404 42115472 315412 2148274248 262785 1 512 266897 33554512 327808 1000
is_linear=0
shrinkage=0.05


Tree=2
num_leaves=63
num_cat=6
split_feature=15 14 15 7 22 19 22 10 18 5 14 17 0 15 17 5 22 10 22 10 7 2 7 5 2 2 19 17 10 10 18 22 5 17 2 19 5 19 22 7 17 5 17 2 7 22 22 19 19 19 22 7 6 5 5 13 17 10 17 7 9 22
split_gain=731.583 131.019 122.346 42.1793 24.0781 21.5665 18.4084 17.4232 16.2735 11.2397 10.7671 17.9949 9.30483 9.28274 9.24684 9.51554 9.22776 8.76406 8.28045 7.96546 7.23291 7.10589 5.88151 5.09347 4.60841 4.15622 4.04292 3.93973 3.46197 3.33257 3.25235 3.12026 3.09969 2.75384 2.75346 2.69927 2.67953 2.66863 2.63768 2.62768 2.5537 2.51979 2.4182 2.3894 2.13758 2.0944 1.97438 1.96328 1.91122 1.90141 1.88709 1.88705 1.65772 1.60117 1.52529 2.03965 1.50858 1.46133 1.42846 1.41133 1.35791 1.2686
threshold=2.5000000000000004 1.5000000000000002 3.5000000000000004 737.2850000000002 54.478435474689782 1257.9650000000004 45.319420914828612 807.36000000000013 0.21930520818718161 53.500000000000007 1.5000000000000002 1.4312415981245266 0 4.5000000000000009 1.8244927733573018 45.500000000000007 -1.0000000180025095e-35 1.0000000180025095e-35 106.07151661225031 1521.5700000000004 636.71000000000015 1 567.58500000000015 193.50000000000003 2 3 1882.6100000000004 2.4378056449221295 1694.7550000000001 1653.4050000000004 0.54518533283271797 31.137687058556509 133.50000000000003 1.7689159092971671 4 1214.5550000000003 265.50000000000006 1108.5800000000002 -1.0000000180025095e-35 432.53000000000003 1.3683460967874435 29.500000000000004 2.0049353783127932 5 360.12500000000006 -1.0000000180025095e-35 34.519176845103324 1656.1050000000002 1656.1050000000002 1348.075 138.08105789622593 691.7700000000001 2012.74 81.500000000000014 80.500000000000014 1.5000000000000002 1.0000009304835726 881.30500000000018 1.1762505289773613 186.03000000000003 342.00500000000005 91.589659403709803
decision_type=2 2 2 2 2 2 2 2 2 2 2 2 1 2 2 2 2 2 2 2 2 1 2 2 1 1 2 2 2 2 2 2 2 2 1 2 2 2 2 2 2 2 2 1 2 2 2 2 2 2 2 2 2 2 2 2 2 2 2 2 2 2
left_child=1 3 6 7 13 12 10 8 21 30 11 43 19 -4 17 -16 23 -10 22 41 50 26 48 53 44 28 -1 29 39 -11 45 36 -29 -26 -22 40 -12 60 -23 -9 -24 -5 -21 -2 -13 -7 -15 -25 59 -20 -6 -48 -14 -3 -18 -56 -45 -33 -36 -8 -27 -60
right_child=2 16 4 5 20 9 18 25 14 27 31 24 52 46 15 -17 54 -19 49 42 34 38 35 47 33 37 -28 32 -30 -31 -32 57 -34 -35 58 -37 -38 -39 -40 -41 -42 -43 -44 56 -46 -47 51 -49 -50 -51 -52 -53 -54 -55 55 -57 -58 -59 61 -61 -62 -63
leaf_value=3.7277460937499995 -0.18299999999999983 -4.264156250000001 -2.3379999999999996 5.6876875000000018 -2.1379999999999995 -1.1849374999999995 -1.7459882812500007 0.61428710937500108 5.2974140624999997 2.9708144531249996 -2.7367734375000001 -0.90049999999999963 4.6223749999999999 -4.7428750000000006 3.677316406250001 6.1377500000000005 -0.59665625000000089 1.8553632812500007 4.0300000000000002 2.9252812500000012 1.4119999999999999 4.0741601562499996 0.53374999999999917 3.116265625 0.0083750000000002 -2.3604999999999996 -1.4972499999999993 4.58349609375 -0.96728125000000065 0.23251562500000064 4.1068750000000014 4.6745312500000002 8.9613671875000005 2.804625000000001 -1.5796406249999997 -0.22943750000000024 -0.2301640625000001 -1.1592500000000001 5.9590292968750003 2.9263749999999997 2.4455000000000013 7.3376250000000001 6.5012578125000005 -2.4479999999999991 3.1446249999999996 4.2471249999999996 -3.6617187500000008 -4.1092031250000005 -1.8953124999999991 3.0880546874999997 2.8731015625000005 -2.2168437499999998 -0.061843749999999892 -1.6035312500000007 2.104396484375 5.1772324218749999 -0.91731250000000064 -0.81365624999999975 -0.1434062499999996 0.62056249999999979 1.2900078124999994 2.4571406249999996
leaf_weight=172 801 477 2893 141 735 201 138 202 186 142 1060 25 325 6462 359 1927 59 719 219 258 132 544 193 105 312 27 262 243 45 107 21 21 296 168 55 91 170 229 198 246 313 1401 440 177 245 26 960 28 82 38 30 447 24 740 84 62 783 45 185 367 292 53
leaf_count=172 801 477 2893 141 735 201 138 202 186 142 1060 25 325 6462 359 1927 59 719 219 258 132 544 193 105 312 27 262 243 45 107 21 21 296 168 55 91 170 229 198 246 313 1401 440 177 245 26 960 28 82 38 30 447 24 740 84 62 783 45 185 367 292 53
internal_value=-0.00048397 0.00985271 -0.00685055 0.0121611 -0.0096445 0.0163554 -0.0004761 0.00933284 0.0107237 0.0101059 -0.00230643 -0.000372912 0.0188223 -0.0103925 0.01259 0.0143185 -0.00352214 0.00813601 0.0043196 0.0200401 -0.002829 0.00559796 0.00248526 -0.00504435 0.0060757 0.0034363 0.000279642 0.0130215 0.00669466 0.00729167 0.00059761 -0.00600462 0.0155212 0.00273834 0.00230724 0.00597917 -0.00658962 0.00026738 0.00850993 0.00820399 0.0074165 0.0221521 0.0152282 -0.00315334 0.0112191 -0.00103261 -0.0113011 0.00395221 -0.000995763 0.0124519 -0.00574544 -0.00935284 0.0107599 -0.00607582 0.0061899 0.00889262 -0.00483042 0.00398551 -0.000367647 7.38189e-05 0.00329969 0.00114108
internal_weight=27788 10588 17200 9033 11952 3625 5248 5408 4367 1036 3807 2511 2589 10762 3191 2286 1555 905 1441 2240 1190 1176 1184 1350 750 1041 434 788 493 249 248 1296 539 480 425 597 1230 548 742 448 506 1542 698 1761 270 227 7869 133 587 257 765 1407 349 1217 205 146 960 66 293 505 319 238
internal_count=27788 10588 17200 9033 11952 3625 5248 5408 4367 1036 3807 2511 2589 10762 3191 2286 1555 905 1441 2240 1190 1176 1184 1350 750 1041 434 788 493 249 248 1296 539 480 425 597 1230 548 742 448 506 1542 698 1761 270 227 7869 133 587 257 765 1407 349 1217 205 146 960 66 293 505 319 238
cat_boundaries=0 1 2 3 4 5 6
cat_threshold=1 1169 628 314 352 1000
is_linear=0
shrinkage=0.05


Tree=3
num_leaves=63
num_cat=9
split_feature=15 20 21 14 20 7 20 21 21 8 2 2 9 20 15 21 9 6 20 21 23 2 21 2 2 8 6 7 10 23 20 2 23 6 6 10 10 23 19 11 21 6 11 9 10 21 7 20 21 19 20 8 23 21 6 20 2 19 2 2 19 20
split_gain=674.043 195.239 166.258 48.4738 43.2636 22.3425 20.3535 14.6033 13.1926 13.0356 9.39741 9.28996 9.11559 9.0198 8.93825 7.5741 6.40517 6.33924 6.1155 5.9845 5.20417 4.46359 4.37334 4.20348 3.97182 3.93505 3.06678 3.0368 3.04884 2.96571 2.92564 2.88182 2.47742 2.46221 2.46167 2.38668 2.37399 2.24398 2.02361 1.95629 1.9191 1.91757 1.8444 1.82412 2.64185 1.68221 1.65622 1.57619 1.59847 1.55659 1.51696 1.50745 1.43542 1.41706 1.4913 1.38958 1.3772 1.86271 1.36327 1.33473 1.2974 1.25776
threshold=2.5000000000000004 188.50000000000003 113.07142857142858 1.5000000000000002 137.50000000000003 964.53000000000009 245.50000000000003 199.58333333333334 68.174242424242451 514.69500000000005 0 1 606.97500000000014 147.50000000000003 1.5000000000000002 1.0000000180025095e-35 602.14999999999998 2501.0100000000007 231.50000000000003 204.25000000000003 3.5000000000000004 2 164.87500000000003 3 4 1277.3550000000002 1734.8500000000001 720.80000000000018 1450.8800000000003 2.5000000000000004 188.50000000000003 5 3.5000000000000004 1376.8900000000001 5620.6000000000013 592.17500000000007 1521.5700000000004 2.5000000000000004 1656.1050000000002 1189.0500000000002 199.58333333333334 2012.74 1507.4750000000001 272.81000000000012 976.7700000000001 172.37500000000003 170.31500000000003 308.50000000000006 204.25000000000003 654.28000000000009 187.50000000000003 363.51500000000004 1.5000000000000002 97.535714285714292 982.82000000000016 134.50000000000003 6 1700.7350000000004 7 8 845.30000000000007 68.500000000000014
decision_type=2 2 2 2 2 2 2 2 2 2 1 1 2 2 2 2 2 2 2 2 2 1 2 1 1 2 2 2 2 2 2 1 2 2 2 2 2 2 2 2 2 2 2 2 2 2 2 2 2 2 2 2 2 2 2 2 1 2 1 1 2 2
left_child=1 3 4 5 8 7 16 11 -2 22 30 51 20 19 -13 23 39 26 31 25 42 29 33 38 -19 -12 55 53 -29 -18 40 52 -23 58 47 46 -28 50 -5 56 60 -30 -8 -24 -45 59 -9 48 -14 -20 -33 -1 -6 54 -10 -7 -3 -58 -4 -15 -11 -25
right_child=2 6 9 15 18 17 12 35 27 10 13 14 34 45 -16 -17 21 24 49 -21 -22 32 43 61 -26 -27 36 28 41 -31 -32 37 -34 -35 -36 -37 -38 -39 -40 -41 -42 -43 -44 44 -46 -47 -48 -49 -50 -51 -52 -53 -54 -55 -56 -57 57 -59 -60 -61 -62 -63
leaf_value=-2.3292832031250001 -4.5057312500000011 1.7828714843750006 1.1928999999999987 1.5848273437499985 3.6053546875000011 0.44556484374999883 7.8777804687500002 3.9565469482421878 0.026204101562500172 -0.091457031250000764 0.58639999999999903 3.4368078125000014 5.6575093750000001 3.0182500000000005 0.52696835937500031 2.6835848632812502 3.4408093750000006 -0.45069062500000001 5.1260531250000003 5.0588846679687505 -0.6393107910156246 4.5459116455078128 -0.31718764648437486 -3.3146046874999997 3.5724645507812505 2.4805187500000003 6.8126109375000006 0.42027187500000029 -0.95298750000000043 -0.09836562500000029 2.8885574218750003 -0.55597499999999944 1.4131843505859374 -1.1201023437500002 3.4586242187500007 3.9814312499999995 3.8842427734375011 -1.0572875000000008 -3.9483501953125 0.71538027343750099 2.9090912109375004 -1.9751121093749999 1.2083451171875006 2.8056187500000007 -1.0748187500000002 3.6851609374999996 0.47814379882812585 10.774117919921876 5.4835640625000002 0.52501328125000024 1.6849109374999998 -0.13384609375000167 0.18638750000000004 -1.7770460937499994 -2.8511613281249995 3.7838890624999992 4.9918440429687507 1.6063883789062494 -0.5632762695312501 1.5028656250000012 -1.323973828125 -0.9465656250000003
leaf_weight=203 7813 134 113 117 33 79 1043 72 27 494 813 1384 391 101 1385 205 358 136 81 116 26 316 60 861 420 161 451 129 215 50 91 281 28 700 21 256 315 444 32 92 59 1068 39 235 69 98 70 686 162 30 103 448 271 812 2333 21 363 84 110 245 95 340
leaf_count=203 7813 134 113 117 33 79 1043 72 27 494 813 1384 391 101 1385 205 358 136 81 116 26 316 60 861 420 161 451 129 215 50 91 281 28 700 21 256 315 444 32 92 59 1068 39 235 69 98 70 686 162 30 103 448 271 812 2333 21 363 84 110 245 95 340
internal_value=-0.000663884 0.00925786 -0.00677498 0.00417218 -0.00928681 0.0064753 0.018345 0.00445564 -0.0101784 0.00283469 0.00511314 0.00337423 0.0212358 0.00732062 0.00463246 -0.00355424 0.0134716 0.0118421 -0.000351124 0.00482617 0.0176418 0.016755 -0.0011531 -0.00493348 0.00742397 0.00345445 0.0145857 -0.00800087 -0.0059364 0.011639 0.000349069 -0.0014978 0.0215686 -0.00301026 0.0243072 0.0135287 0.0157022 -0.0030321 0.00270062 0.00967086 -0.000768049 -0.00667768 0.0181797 0.00340599 0.00504886 0.0134228 0.00741379 0.0246075 0.0216502 0.010636 -0.000129199 -0.00193901 0.00252366 -0.00889764 -0.00958527 0.00533981 0.0107663 0.0122011 0.00138274 0.0112464 -0.0017103 -0.00589992
internal_weight=27788 10588 17200 6795 13640 5240 3793 3818 12397 3560 2273 3420 2368 1534 2769 1555 1425 1422 1243 1090 1108 752 1287 1350 556 974 866 4584 1412 408 739 1132 344 923 1260 398 766 828 149 673 648 1283 1082 364 304 444 142 1239 553 111 384 651 304 3172 2360 100 581 447 223 346 589 1201
internal_count=27788 10588 17200 6795 13640 5240 3793 3818 12397 3560 2273 3420 2368 1534 2769 1555 1425 1422 1243 1090 1108 752 1287 1350 556 974 866 4584 1412 408 739 1132 344 923 1260 398 766 828 149 673 648 1283 1082 364 304 444 142 1239 553 111 384 651 304 3172 2360 100 581 447 223 346 589 1201
cat_boundaries=0 1 2 3 4 5 6 7 8 9
cat_threshold=2059 1029 3099 2574 17 720 3073 803 1312
is_linear=0
shrinkage=0.05


Tree=4
num_leaves=63
num_cat=7
split_feature=15 20 15 14 20 22 17 17 17 5 20 22 15 22 9 20 20 8 1 6 20 22 5 6 10 5 16 17 22 22 5 22 17 1 22 22 5 5 9 0 22 1 5 5 23 1 5 5 22 8 16 1 20 5 5 1 6 5 5 20 10 8
split_gain=622.935 180.615 114.404 43.5954 26.9957 22.9497 22.3106 19.7132 19.0886 20.7899 9.96311 9.45603 8.34106 7.51903 7.05753 6.81838 6.76165 6.71795 6.21168 5.79633 5.22935 4.89659 4.5669 4.47317 5.24752 3.91555 3.67086 8.4715 3.54606 3.31129 3.14568 3.02633 2.94098 2.91855 2.78618 2.78009 2.56935 2.55627 2.2983 2.29813 2.17775 2.71718 2.11598 2.50547 2.09538 2.04859 1.98975 2.93789 1.90061 1.88223 1.76098 1.68941 1.63889 1.58402 2.59593 1.56772 1.55014 1.52947 1.40271 1.93217 1.3007 1.28704
threshold=2.5000000000000004 188.50000000000003 3.5000000000000004 1.5000000000000002 139.50000000000003 48.587721152379778 1.9228163228310273 1.4255903975964732 2.0049353783127932 43.500000000000007 255.50000000000003 45.744304029966877 5.5000000000000009 -1.0000000180025095e-35 410.39500000000004 250.50000000000003 145.50000000000003 394.40000000000003 0 4168.3500000000013 123.50000000000001 21.473432734801484 199.50000000000003 2501.0100000000007 964.91000000000008 208.50000000000003 2.4109294679315214 1.7239195065112967 1.4571067811865479 31.137687058556509 188.50000000000003 94.04396135074829 1.5486953008050115 1 125.19750436084043 115.27105667343501 258.50000000000006 125.50000000000001 602.14999999999998 2 106.07151661225031 3 224.50000000000003 54.500000000000007 4.5000000000000009 4 210.50000000000003 12.500000000000002 83.475537149077311 681.25500000000011 1.9999602693785692 5 188.50000000000003 34.500000000000007 240.00000000000003 6 2012.74 55.500000000000007 185.50000000000003 210.50000000000003 720.6600000000002 720.80000000000018
decision_type=2 2 2 2 2 2 2 2 2 2 2 2 2 2 2 2 2 2 9 2 2 2 2 2 2 2 2 2 2 2 2 2 2 9 2 2 2 2 2 1 2 9 2 2 2 9 2 2 2 2 2 9 2 2 2 9 2 2 2 2 2 2
left_child=1 3 4 8 11 12 15 33 16 23 38 26 20 22 -12 45 40 60 44 -19 61 -16 51 24 -10 39 29 55 -17 36 35 46 -27 -6 49 50 -2 -29 -8 -18 41 -1 43 -40 -7 58 47 -9 -30 -13 -20 -5 -48 -35 -55 -28 -32 -47 59 -3 -11 -4
right_child=2 6 5 13 7 18 10 31 9 17 14 34 -14 -15 21 28 25 19 30 -21 -22 -23 -24 -25 -26 32 27 37 48 -31 56 -33 -34 53 -36 -37 -38 -39 42 -41 -42 -43 -44 -45 -46 57 52 -49 -50 -51 -52 -53 -54 54 -56 -57 -58 -59 -60 -61 -62 -63
leaf_value=1.1171490429687509 -2.6807497656250008 4.8486308447265634 -3.0077722167968752 0.22290478515624912 -0.60353875000000134 -1.2952251562500003 3.9901140478515615 -0.51000124999999918 -0.2173421826171886 1.7750999676513672 8.8840106835937487 -0.38088093750000102 -4.5304446875000011 2.5494056201171875 9.6869734765624997 6.1136543359375004 2.4286683300781253 4.3946946093749988 -1.6088838232421869 0.45970089355468641 -1.2536106250000003 5.2965047265625005 0.8979297265624997 -1.6958826953124984 4.6126725781250002 -1.3486790039062502 -0.64938631347656228 4.4899082080078117 0.75739730590820287 0.82583396484374993 0.2508713598632813 4.6990724902343768 1.20456408203125 -1.0698689160156249 4.0842637890624998 2.8359787939453129 -0.56675437988281241 0.41057474609375011 3.0054532812500017 0.38611127441406379 3.1840492382812515 -0.85407851074218899 4.0620125976562509 4.326183125 -2.2605462890624999 -0.59768570922851549 0.88706081542968718 2.9877016894531261 4.3930794042968762 0.95682123046875067 0.76970701660156249 -2.3866514062500004 2.1631254687500019 1.0367638281249996 -0.079277148437499542 -1.3922205615234375 -2.0374719531250003 2.8424540332031256 -0.45165607421874943 -0.072330104980468948 -2.2179815429687508 -2.2199381445312496
leaf_weight=369 962 45 2655 103 364 407 380 25 342 383 288 489 5603 205 1180 430 266 2205 178 152 591 217 124 219 159 78 474 104 71 83 90 91 229 87 95 48 164 202 105 66 29 714 336 276 391 34 148 303 22 297 294 1123 85 353 289 633 214 261 97 51 29 1481
leaf_count=369 962 45 2655 103 364 407 380 25 342 383 288 489 5603 205 1180 430 266 2205 178 152 591 217 124 219 159 78 474 104 71 83 90 91 229 87 95 48 164 202 105 66 29 714 336 276 391 34 148 303 22 297 294 1123 85 353 289 633 214 261 97 51 29 1481
internal_value=-0.000841999 0.00869606 -0.00671685 0.00380443 -0.000552276 -0.00941865 0.0174361 0.0045123 0.00598894 0.0081293 0.0197756 -0.00309113 -0.0102898 -0.00352214 0.0222971 0.0109098 0.001689 0.0100965 -0.00383077 0.0111388 -0.00868658 0.0238482 -0.00489653 0.000484094 0.0031498 0.00578271 -0.0046 -0.00279838 0.0149477 -0.00665223 -0.000657109 0.011374 0.00149194 0.000353558 0.00134333 0.00162524 -0.00737378 0.00444984 0.0158068 0.00955224 -0.000627803 -0.00104742 0.017691 0.0206706 -0.00693588 0.00641548 0.00972961 0.0123867 0.00507813 0.000285171 0.000315789 -0.00583808 0.00566737 0.00220687 0.00313953 -0.0048536 -0.00472313 0.00896916 0.00163835 0.00606061 0.0039759 -0.00932592
internal_weight=27788 10588 17200 6795 5248 11952 3793 1745 5240 3489 2782 3503 10330 1555 1685 1011 1751 2769 1622 2357 4727 1397 1350 720 501 639 2622 1413 523 1209 824 652 307 1093 881 520 1126 306 1097 332 1112 1083 717 381 798 488 561 328 93 786 472 1226 233 729 642 1107 304 295 193 96 412 4136
internal_count=27788 10588 17200 6795 5248 11952 3793 1745 5240 3489 2782 3503 10330 1555 1685 1011 1751 2769 1622 2357 4727 1397 1350 720 501 639 2622 1413 523 1209 824 652 307 1093 881 520 1126 306 1097 332 1112 1083 717 381 798 488 561 328 93 786 472 1226 233 729 642 1107 304 295 193 96 412 4136
cat_boundaries=0 2 4 5 7 9 11 13
cat_threshold=17577104 563843 1478848 103440 1 2752521 348818 536870920 328208 17039360 81922 538705992 361603
is_linear=0
shrinkage=0.05


Tree=5
num_leaves=63
num_cat=9
split_feature=15 14 17 18 22 15 7 17 10 15 3 22 23 7 10 1 1 1 22 22 3 1 7 22 1 17 16 17 7 7 22 6 17 22 1 6 9 23 22 11 11 7 9 23 15 9 18 17 23 7 18 18 11 18 7 1 10 11 11 17 18 6
split_gain=572.679 132.823 115.92 27.5092 23.3454 16.4692 16.1213 13.5931 12.5089 9.28204 8.88484 7.98875 7.31025 6.3664 6.1145 5.31252 4.83328 4.77242 4.89234 4.554 3.78964 3.61054 3.51256 3.42448 3.29729 3.26869 3.14423 3.1077 2.96015 2.88197 2.67329 2.57856 2.52184 2.23975 2.17886 2.11272 2.02186 1.95864 1.90882 1.88732 1.79707 2.44593 1.74718 1.72553 1.6959 1.65802 1.51588 1.51354 1.50486 1.39111 1.38078 1.35705 1.15596 1.14771 1.13291 1.19779 1.03786 1.02016 1.78956 0.938296 0.935143 0.920637
threshold=3.5000000000000004 1.5000000000000002 1.7239195065112967 0.34707078340350511 48.587721152379778 1.5000000000000002 611.95500000000004 1.3995286977944457 615.6600000000002 5.5000000000000009 0 31.137687058556509 3.5000000000000004 633.62500000000011 1966.4550000000004 1 2 3 103.66701497482299 -1.0000000180025095e-35 4 5 -1.0000000180025095e-35 96.305935656820864 6 2.1849692642356122 1.6363422025302765 1.1511036076486525 154.96000000000004 299.3250000000001 130.85010030823526 3372.3600000000001 1.0702546916740048 65.765365608840639 7 2501.0100000000007 275.78500000000003 3.5000000000000004 51.557410731671894 452.25000000000006 2022.8000000000002 453.93500000000006 1563.8450000000005 1.5000000000000002 4.5000000000000009 1105.6700000000003 0.19722956925402144 2.7499978736795563 4.5000000000000009 1277.3550000000002 0.61916303483769086 0.59277603781773835 4055.1450000000004 0.26760133100332156 508.87000000000006 8 1214.9000000000003 1462.1550000000002 578.17000000000019 2.6666706987621476 0.16162127130473544 3372.3600000000001
decision_type=2 2 2 2 2 2 2 2 2 2 1 2 2 2 2 9 9 9 2 2 1 9 2 2 9 2 2 2 2 2 2 2 2 2 9 2 2 2 2 2 2 2 2 2 2 2 2 2 2 2 2 2 2 2 2 9 2 2 2 2 2 2
left_child=1 2 5 10 9 22 8 23 29 26 16 15 14 34 -8 46 60 51 -19 -18 45 36 -1 24 -7 -10 -2 -15 53 -5 37 44 -28 -14 40 -23 -12 38 -13 -24 41 -6 -39 -30 -29 -17 -3 -44 -36 -33 -41 -9 -51 -22 -34 -56 -48 58 -32 -47 -4 -58
right_child=4 11 3 6 13 7 12 17 25 -11 21 30 33 27 -16 20 19 18 -20 -21 28 35 39 -25 -26 -27 32 31 43 -31 57 49 54 -35 48 -37 -38 42 -40 50 -42 -43 47 -45 -46 59 56 -49 -50 52 -52 -53 -54 -55 55 -57 61 -59 -60 -61 -62 -63
leaf_value=0.039190175537110156 -3.0800560766601581 -4.9904303593749999 -3.2031703890075676 1.2031545756378172 -1.4935585192871088 -0.01506344451904198 5.5303110551757815 -1.4332952255859368 0.34974653906249958 -4.3039224531250015 -0.90802496442413272 4.0302698984375001 0.70408845544433563 -1.2451567340087892 3.4747810761718756 -0.88369282788086001 1.9816380410156242 1.3391131599731434 3.7657724985351559 5.4080683457031258 -2.0967122773437512 5.8345396096115119 5.1644680231933595 1.5508812211914078 -0.72361693505859392 2.8103769599609381 -2.4381533227539069 1.8610287958984373 -2.3656069589843756 5.1176248027343751 -0.030050207763672176 -1.2273946796874995 -2.2266595727539085 2.4421844459838873 -1.7369236425781254 4.2026681892700202 3.5186048348388677 -1.0991288730468758 0.16943555517578021 6.1565081430664073 -2.4452575636596685 1.4975232864990227 -1.3746419990234386 0.39743722369384749 -0.59160201361083897 0.29079761157226475 3.1071385449218747 2.3470290891113281 -3.2158175683593742 2.5165505545654292 2.7704716191406251 0.77939942657470707 -0.78421984521484411 2.6892403394775388 0.022078214111327557 -1.4942824677734379 -1.0315879409179693 -0.19191188085937583 4.5975273574218738 6.2356894902343747 -0.067525138793945422 1.7753081850585937
leaf_weight=55 1968 23 69 103 187 1408 3197 129 471 5603 72 44 158 115 563 130 597 880 47 115 97 766 126 146 1435 172 1399 200 1982 770 20 129 355 82 314 382 271 152 127 139 172 51 21 60 84 33 83 21 309 23 20 248 38 123 116 889 104 23 48 34 243 47
leaf_count=55 1968 23 69 103 187 1408 3197 129 471 5603 72 44 158 115 563 130 597 880 47 115 97 766 126 146 1435 172 1399 200 1982 770 20 129 355 82 314 382 271 152 127 139 172 51 21 60 84 33 83 21 309 23 20 248 38 123 116 889 104 23 48 34 243 47
internal_value=-0.000955345 0.00527811 0.00757085 0.0112039 -0.0092179 0.00125917 0.0131908 0.000404446 0.00868993 -0.0100963 0.00681593 -0.00385827 0.0148763 -0.00358462 0.0154265 -0.0048915 0.00303761 0.00466718 0.00655585 0.00531034 -0.00559769 0.00928358 0.0118076 -0.00144134 -0.0018403 0.00327012 -0.00841173 0.000485642 -0.00618681 0.0125999 0.00217865 0.00235849 -0.0072366 0.00596708 -0.00594836 0.0107235 0.00410815 0.000101902 0.00409483 0.0140191 -0.00265957 0 -0.00317259 -0.00680929 0.0054007 0.000892857 0.00180556 0.005 -0.00784198 -0.00194301 0.0179784 -3.20513e-05 0.00371094 -0.00044843 -0.00557594 -0.00457589 0.00327004 0.00970745 0.0126761 0.00732143 -0.002 0.000405844
internal_weight=27788 15836 12664 8031 11952 4633 5516 4293 1516 10330 2515 3172 4000 1622 3760 2716 1024 1304 927 712 2459 1491 340 2989 2843 643 4727 589 2262 873 456 474 2759 240 1033 1148 343 365 171 285 410 238 194 2042 284 197 257 42 623 190 159 377 61 220 1360 1005 234 91 68 67 312 151
internal_count=27788 15836 12664 8031 11952 4633 5516 4293 1516 10330 2515 3172 4000 1622 3760 2716 1024 1304 927 712 2459 1491 340 2989 2843 643 4727 589 2262 873 456 474 2759 240 1033 1148 343 365 171 285 410 238 194 2042 284 197 257 42 623 190 159 377 61 220 1360 1005 234 91 68 67 312 151
cat_boundaries=0 1 3 5 7 8 10 12 14 16
cat_threshold=1 8544768 213024 266376 263697 2158105412 5777 8 92442770 266256 738738779 1328293 2685796441 327696 266248 278528
is_linear=0
shrinkage=0.05


Tree=6
num_leaves=63
num_cat=6
split_feature=15 20 15 20 20 15 5 22 18 9 7 5 20 1 19 20 7 22 7 1 6 22 5 5 0 19 22 11 6 22 19 6 22 22 11 15 19 7 10 22 22 19 7 5 1 19 11 10 5 7 1 22 10 18 20 18 5 1 5 5 5 22
split_gain=530.424 229.364 43.5855 33.583 28.622 22.5352 22.4786 12.7385 10.8723 9.63411 9.01042 7.97112 8.34026 7.38628 6.73191 6.09341 5.88825 5.82796 4.57245 4.30081 4.28212 4.034 4.01887 4.77565 3.73638 3.72859 3.26574 3.00757 2.94518 2.6898 3.56162 2.61619 2.69677 2.54637 2.4624 2.44876 2.42671 2.28272 2.26701 2.06902 1.7866 2.15084 1.75376 1.73097 1.61547 1.60605 4.05634 2.27315 1.56108 1.50258 1.46243 1.47625 1.4609 1.41831 1.62735 1.40588 1.37805 1.37542 1.33007 1.31178 1.29173 1.29135
threshold=3.5000000000000004 188.50000000000003 1.5000000000000002 260.50000000000006 108.50000000000001 5.5000000000000009 81.500000000000014 48.587721152379778 0.26071242218143881 606.97500000000014 567.58500000000015 210.50000000000003 145.50000000000003 0 1402.5550000000001 123.50000000000001 432.53000000000003 43.457833800421675 524.68000000000018 1 3650.2500000000005 18.44168907827267 32.500000000000007 224.50000000000003 2 1700.7350000000004 67.093963894781709 979.86500000000012 4496.4800000000005 20.560283139465572 1120.8650000000002 3372.3600000000001 80.439779452998735 12.021426933115455 1781.2450000000001 2.5000000000000004 2666.0350000000003 964.53000000000009 615.6600000000002 130.85010030823526 19.001315698365151 1144.4300000000001 1277.3550000000002 27.500000000000004 3 495.87999999999994 1439.365 577.99500000000012 80.500000000000014 578.09000000000015 4 19.491960083456501 1607.6600000000003 0.43404689505439803 12.500000000000002 0.37684162062615112 72.500000000000014 5 152.50000000000003 248.50000000000003 32.500000000000007 33.298898089807693
decision_type=2 2 2 2 2 2 2 2 2 2 2 2 2 9 2 2 2 2 2 9 2 2 2 2 1 2 2 2 2 2 2 2 2 2 2 2 2 2 2 2 2 2 2 2 9 2 2 2 2 2 9 2 2 2 2 2 2 9 2 2 2 2
left_child=1 2 6 10 13 7 14 15 44 29 27 12 25 28 24 49 -14 20 45 37 -15 -11 34 55 -1 -6 -23 48 38 43 -31 32 -20 -25 -12 -21 56 -13 -4 -19 41 -29 -33 -5 -8 46 47 -9 -3 -2 51 -17 -34 -10 -55 -24 -16 -51 -59 -50 -26 -7
right_child=5 3 4 9 11 61 8 18 53 21 22 19 16 17 36 50 -18 39 31 35 -22 26 23 33 60 -27 -28 40 -30 30 -32 42 52 -35 -36 -37 -38 -39 -40 -41 -42 -43 -44 -45 -46 -47 -48 -49 59 57 -52 -53 -54 54 -56 -57 -58 58 -60 -61 -62 -63
leaf_value=4.0419230098205574 -2.7831848842468276 0.76081101084136837 3.3520310822433474 2.9392222594238278 0.8693718748291005 -4.1387263304687512 -0.048368642671870181 -1.1340030313873286 5.6560603984256748 9.1151112521791458 3.4331542253173839 0.35315109249725368 0.34294029331969966 -1.4796634879882804 -0.1084925187973024 2.059196359552002 2.0938549808601374 -0.20183599298706023 -0.012646070166015733 0.16498719160766556 -3.2319464004455569 2.0759251899169922 1.0111520995975511 3.5758370986083992 -4.2102860529418953 -1.425959952416993 5.9306032806381239 2.8486554201629652 -2.9409540007812502 4.8151041124656686 0.37470602425994887 -1.2868385855957016 3.1922990758224494 1.281568168772125 -0.050372043481444001 -0.76162683267364462 -3.322670525650024 2.9864266247131352 0.33525739803924498 2.7327585189086907 -0.10584052772979718 -0.093989725201415908 0.71678837863616962 7.6471287771759027 3.3546427569384578 -1.8418129409179684 -2.058479972167969 6.0874277687591558 4.7511401819305421 -2.7025321785888665 -1.5845176042053226 -1.2539537362060544 0.34984560640868989 7.4753621309265128 3.4674213291490563 3.6627167623046866 3.4588334508056651 -1.476942922363282 -1.9918803425415028 1.9519419490722645 2.5411677781127922 -3.0525951088378918
leaf_weight=336 2335 80 92 66 1169 4902 114 24 465 911 51 307 329 2881 472 62 800 564 304 478 316 116 21 393 63 181 96 196 110 80 79 209 83 168 97 675 204 122 639 88 171 80 60 794 490 358 279 27 197 454 388 141 56 374 54 559 44 628 719 240 74 923
leaf_count=336 2335 80 92 66 1169 4902 114 24 465 911 51 307 329 2881 472 62 800 564 304 478 316 116 21 393 63 181 96 196 110 80 79 209 83 168 97 675 204 122 639 88 171 80 60 794 490 358 279 27 197 454 388 141 56 374 54 559 44 628 719 240 74 923
internal_value=-0.00111547 0.00488352 0.00114798 0.014589 -0.000558316 -0.00906734 0.00671185 -0.00692292 0.0107917 0.0191026 0.010256 0.00250677 0.00427579 -0.00322289 0.00153637 -0.0081686 0.00745362 -0.00414617 -0.00267284 -0.000236593 -0.00503516 0.0224356 0.0130321 0.0140625 0.00617122 0.00157058 0.0151163 0.00646329 0.000980679 0.0153253 0.00841049 6.99301e-05 0.00249439 0.0104388 0.00463576 -0.00185463 -0.00145228 0.003931 0.00219687 7.63359e-05 0.00325 0.00573477 -0.00372243 0.0165122 0.00543657 -0.00557164 -0.00277778 0.00949074 0.00911058 -0.0088548 -0.00326178 5.78704e-05 0.00818662 0.0143276 0.0168213 0.0174099 0.000289017 -0.00760116 -0.0064614 0.0103125 -0.000446429 -0.0113096
internal_weight=27788 15836 11441 4395 8751 11952 2690 6127 1497 2142 2253 4061 2479 4690 1193 4727 1129 3849 1400 1582 3197 1123 1289 1141 473 1350 212 964 841 1019 159 712 443 561 148 1153 720 429 731 652 447 276 269 860 604 688 330 51 517 4136 591 203 139 893 428 580 516 1801 1347 437 137 5825
internal_count=27788 15836 11441 4395 8751 11952 2690 6127 1497 2142 2253 4061 2479 4690 1193 4727 1129 3849 1400 1582 3197 1123 1289 1141 473 1350 212 964 841 1019 159 712 443 561 148 1153 720 429 731 652 447 276 269 860 604 688 330 51 517 4136 591 203 139 893 428 580 516 1801 1347 437 137 5825
cat_boundaries=0 2 4 5 7 9 11
cat_threshold=269181441 770050 67634731 262820 1 2148007944 266241 137 282768 2148139109 77874
is_linear=0
shrinkage=0.05


Tree=7
num_leaves=63
num_cat=18
split_feature=14 17 17 10 7 6 14 17 10 1 17 16 9 10 18 22 1 2 1 22 2 17 2 1 1 2 1 22 17 18 8 22 1 2 2 1 22 22 1 2 8 6 1 18 22 17 10 22 18 10 2 6 22 10 9 10 16 22 11 10 10 22
split_gain=402.118 241.659 37.9883 26.0462 20.5346 22.248 17.7203 14.3255 10.2886 10.2763 9.29657 7.94716 7.72326 9.59523 7.25057 6.81329 6.13551 6.01366 5.5576 4.88238 4.86576 4.63814 4.56756 4.24503 3.95362 3.83655 3.58583 3.47172 3.36532 3.35695 3.31724 3.00861 2.86131 2.83575 2.78351 2.48211 2.48185 2.27484 2.27392 2.01385 1.93326 1.76675 1.72616 1.71519 1.71147 2.30024 1.5431 1.41972 1.39723 1.38221 1.37262 1.37206 1.48412 1.33699 1.32999 2.04604 1.29039 1.2646 1.20344 1.1917 1.15503 1.10167
threshold=1.5000000000000002 1.4312415981245266 1.7155094130185395 1.0000000180025095e-35 545.35000000000014 2501.0100000000007 2.5000000000000004 1.0976285022336432 529.71500000000003 0 1.7689159092971671 1.9019869049200084 965.45500000000004 1095.3150000000003 0.22573415561107793 2.2153607101590729 1 2 3 55.60890018603483 4 1.8945478393962885 5 6 7 8 9 62.653417129905009 1.9228163228310273 0.19722956925402144 360.12500000000006 37.478284305894114 10 11 12 13 43.842521175838492 78.66546581242379 14 15 1003.575 1734.8500000000001 16 0.83061418187052449 62.156386871735769 2.1343281833992349 2159.0750000000003 37.478284305894114 0.18155720475668163 2873.3150000000005 17 2012.74 48.587721152379778 494.16000000000008 1447.7100000000003 3288.9750000000004 2.7000005671441598 80.439779452998735 1087.6650000000002 1343.3950000000002 342.10500000000008 78.66546581242379
decision_type=2 2 2 2 2 2 2 2 2 9 2 2 2 2 2 2 9 1 9 2 1 2 1 9 9 1 9 2 2 2 2 2 9 1 1 9 2 2 9 1 2 2 9 2 2 2 2 2 2 2 1 2 2 2 2 2 2 2 2 2 2 2
left_child=1 3 27 39 8 10 11 15 14 21 38 18 13 -12 24 17 -14 53 54 41 51 57 47 34 48 43 60 -2 -27 -23 32 -8 -20 -11 -10 -35 -32 -28 -6 -1 -24 -17 -26 -16 45 -25 -42 -13 -3 -40 -21 52 -9 -5 58 -56 -29 -7 -4 -19 -22 -46
right_child=2 4 6 7 5 9 31 20 23 33 12 22 16 -15 25 19 -18 59 30 50 26 29 40 44 42 28 37 56 -30 -31 36 -33 -34 35 -36 -37 -38 -39 49 -41 46 -43 -44 -45 61 -47 -48 -49 -50 -51 -52 -53 -54 -55 55 -57 -58 -59 -60 -61 -62 -63
leaf_value=4.3794012029502865 -3.7317900139453131 -1.6702337164652676 4.0569585573441316 0.14896853484536693 -0.15421795810405783 0.21615332607993987 -3.9817900139453131 -0.98942372992679573 2.455716901998235 -0.37019339343074797 4.47309618902844 -2.3810854590945421 3.8331701708544532 1.1752669626663106 2.0098351310848246 -1.8794753795420847 6.0717321952966294 -0.90968606943504404 1.1034557760726926 -1.896959593347856 2.7449065429635997 -0.36863921153935242 -0.057778203282089186 0.16585018158340575 6.3634234095967104 3.6456662897965231 -0.70442171891235583 -2.8474230245849625 5.8554153837987908 4.8284935422081947 -2.0122417880117798 -1.6047140534843436 -1.7211221104638654 -0.3075858852815323 -1.2748823028132479 1.8433578075954404 -0.93110125673049782 1.0196177204005623 1.8599700753857755 3.7804503109112546 2.3083917604691324 -2.3269012337173649 2.7260701754476937 9.148624712262615 8.1198757219232967 3.2791444296162995 0.0076027115405274516 0.026752805900343901 1.6479294915048841 -0.34902152151718302 -0.19653335706451358 -1.0216104820711329 2.8323632102709979 4.3894426591484077 1.9097579516981888 -1.3935912873535146 0.68722501003393044 5.0133733893004697 -1.8050900453658283 -2.6271319449493422 0.25334876865783829 1.4759256589526324
leaf_weight=178 5766 141 37 48 107 140 1265 205 103 292 1698 328 497 408 367 622 1273 319 157 110 70 47 449 429 102 231 573 144 572 604 1874 296 537 146 240 544 343 52 471 175 209 1886 504 22 20 244 127 126 89 27 323 612 47 73 75 21 62 20 72 103 1124 42
leaf_count=178 5766 141 37 48 107 140 1265 205 103 292 1698 328 497 408 367 622 1273 319 157 110 70 47 449 429 102 231 573 144 572 604 1874 296 537 146 240 544 343 52 471 175 209 1886 504 22 20 244 127 126 89 27 323 612 47 73 75 21 62 20 72 103 1124 42
internal_value=-0.0012684 0.00393008 -0.00822471 -0.003457 0.00906959 0.0107257 -0.00536408 -0.00422002 0.00570119 0.00595072 0.0126199 -0.00370296 0.0135344 0.0113679 0.00780404 -0.00633783 0.0160603 -0.00107601 -0.0050497 -0.00729025 -0.00144732 0.010088 -0.000271739 0.00168825 0.00411204 0.0103347 6.82314e-06 -0.011046 0.0123928 0.0120986 -0.00560448 -0.00995045 -0.00247489 0.00233668 -0.00277388 0.00408962 -0.00658221 -0.00299765 0.00664063 0.0096559 0.00198935 -0.00814417 0.00617932 0.00544154 0.00382687 0.00301405 0.00486726 -0.00422912 -0.00133745 0.00797456 -0.00220757 -0.00450399 -0.00117647 0.00811567 0.00269495 0.00707071 -0.0041866 0.00214724 -0.000558036 -0.00396552 0.00163629 0.0119231
internal_weight=27788 15900 11888 6520 9380 6274 5916 6167 3106 1793 4481 4355 3876 2106 2028 3484 1770 543 3116 2941 2683 811 1239 1078 836 1192 1819 5972 803 651 2911 1561 694 982 343 690 2217 625 605 353 785 2508 606 389 735 673 336 454 230 498 433 864 252 121 205 96 206 160 109 422 1194 62
internal_count=27788 15900 11888 6520 9380 6274 5916 6167 3106 1793 4481 4355 3876 2106 2028 3484 1770 543 3116 2941 2683 811 1239 1078 836 1192 1819 5972 803 651 2911 1561 694 982 343 690 2217 625 605 353 785 2508 606 389 735 673 336 454 230 498 433 864 252 121 205 96 206 160 109 422 1194 62
cat_boundaries=0 2 4 5 7 8 9 11 13 14 16 18 19 20 22 24 25 26 27
cat_threshold=84510236 344234 2191819852 1052723 48 8413184 737280 3075 3091 2173735104 69761 37016 266384 3077 740819591 345733 141 144 2051 184 35913984 1536 5 295441 32 2181038145 2053
is_linear=0
shrinkage=0.05


Tree=8
num_leaves=63
num_cat=17
split_feature=20 20 21 20 21 17 21 5 2 21 9 5 18 1 1 18 23 2 17 20 1 17 1 17 7 2 2 18 17 20 0 1 23 20 21 5 1 21 2 1 17 21 18 9 17 18 18 11 1 1 1 5 20 23 23 1 21 17 11 21 17 5
split_gain=441.596 123.961 117.915 82.244 40.7102 34.1884 21.1579 18.3621 17.9285 14.1445 11.9944 9.91167 9.77744 7.42871 5.93475 5.67549 5.67036 5.33153 5.29353 4.26923 4.14907 4.13459 3.7067 3.67072 3.48287 3.26247 3.15587 3.13119 3.12961 2.96041 2.82686 2.75369 2.72406 2.69842 2.55585 2.49617 2.47287 2.42822 2.22508 2.17577 1.98236 1.96998 2.4066 1.93673 1.92023 1.91289 1.8538 1.82193 1.78997 1.77418 1.64323 1.58399 1.57806 1.57479 1.54479 1.53134 1.46603 1.33328 1.31457 1.79437 1.74043 1.22974
threshold=145.50000000000003 1.0000000180025095e-35 115.07142857142858 245.50000000000003 11.125000000000002 1.482243933635824 77.050000000000011 69.500000000000014 0 179.58333333333334 606.97500000000014 180.50000000000003 0.3418874851907896 1 2 0.43404689505439803 3.5000000000000004 3 2.0541353936546582 321.50000000000006 4 2.2536697901900129 5 1.4380240649464036 1277.3550000000002 6 7 0.47698005282109129 1.7486267011887235 412.50000000000006 8 9 3.5000000000000004 110.50000000000001 207.16666666666671 257.50000000000006 10 204.25000000000003 11 12 1.8360016394027865 316.50000000000006 0.73937274506845108 545.57500000000016 1.3362166418463193 0.49105523688871694 0.22573415561107793 3667.6100000000006 13 14 15 97.500000000000014 99.500000000000014 1.5000000000000002 2.5000000000000004 16 161.41666666666671 1.3598411847406686 1271.8400000000004 49.550505050505059 3.1765125458045773 34.500000000000007
decision_type=2 2 2 2 2 2 2 2 1 2 2 2 2 9 9 2 2 1 2 2 9 2 9 2 2 1 1 2 2 2 1 9 2 2 2 2 9 2 1 9 2 2 2 2 2 2 2 2 9 9 9 2 2 2 2 9 2 2 2 2 2 2
left_child=1 7 4 5 11 17 33 15 13 14 16 36 31 -7 23 48 29 -2 37 34 44 -13 -11 -4 50 -25 39 -23 -21 58 -17 -9 35 40 47 -15 52 45 53 -8 -6 42 -24 -20 -19 -10 -31 56 -1 -28 -16 -14 -3 -22 -30 -40 -12 -35 60 -60 -5 -50
right_child=3 2 9 10 6 8 26 12 18 22 19 21 51 32 24 30 -18 20 43 28 38 27 41 25 -26 -27 49 -29 54 46 -32 -33 -34 57 -36 -37 -38 -39 55 -41 -42 -43 -44 -45 -46 -47 -48 -49 61 -51 -52 -53 -54 -55 -56 -57 -58 -59 59 -61 -62 -63
leaf_value=2.1693545157404226 -0.78783685267562165 -1.1844476279192886 -0.075296166479385113 5.2717379085539546 -3.5705180706160249 0.097001256407648395 -1.8343799564394723 0.73398861639277868 1.0393079028645371 0.4583403954320755 4.7504411791642998 -0.25967812578125304 5.0739082930691071 1.6751455170219911 -1.2035014221056599 4.1390416479228529 -1.4375706039846847 -0.94146904598026859 3.9297989548745051 0.84173839873292033 2.0111141797284264 0.68446315934164526 1.8596193605553966 2.3844494547495816 1.7110885683095465 0.51318487151911363 -2.0672616576766578 4.8581035987360304 9.7061141121528074 9.6960614378180399 -1.8668950771276904 3.9012983172626505 -0.80253507179914729 -2.4090145413500439 3.9336736888408144 3.4721840301765301 -1.8291696194042997 3.1304566751897838 -0.6363348633625503 -0.65578616000640588 -3.1108618909439638 5.919559624681451 4.1148936193808039 5.2433054781021342 0.5546679042469862 2.1749767160844442 11.632720107152357 0.52828655594972818 -1.9122496480226308 -1.542484960704217 -0.29034314710675491 6.4528879153487857 1.5690523408159927 0.609738256710881 0.85928622630001572 0.84599241864781694 3.7588008729024072 -0.77907911604010993 5.5571358545371599 -0.29666324346210898 5.0963559245890142 -0.099771500376826347
leaf_weight=103 490 402 420 636 6350 589 408 230 152 222 408 295 130 204 375 183 45 249 100 21 166 191 305 242 94 322 679 171 580 113 66 501 39 475 185 373 1484 229 216 722 2139 114 279 332 86 563 124 25 302 1959 785 467 104 383 26 215 81 89 35 55 161 299
leaf_count=103 490 402 420 636 6350 589 408 230 152 222 408 295 130 204 375 183 45 249 100 21 166 191 305 242 94 322 679 171 580 113 66 501 39 475 185 373 1484 229 216 722 2139 114 279 332 86 563 124 25 302 1959 785 467 104 383 26 215 81 89 35 55 161 299
internal_value=-0.00139614 -0.00501375 -0.00636239 0.00958563 -0.00816043 0.00543974 -0.00932724 0.00597088 0.00912829 0.00242803 0.0168385 -0.00248585 0.00976709 0.00446429 0.000256582 0.00061454 0.0129586 0.000131361 0.013031 0.0201843 0.00181664 0.00278409 0.00763814 0.00315948 -0.0019929 0.00582011 -0.00613896 0.00636986 0.0235119 0.0136646 0.00709325 0.0057391 0.00826709 -0.0106463 0.0170406 0.00928879 -0.00425238 0.0108237 0.00347432 -0.00369641 -0.0108823 0.00938819 0.00809199 0.017931 -0.00283764 0.00913997 0.0191146 0.0147485 -0.00162659 -0.00711995 -0.0027945 0.0145625 -0.00101156 0.00558274 0.024179 0.000591216 0.0154217 -0.00696649 0.0120927 0.00510753 0.0127969 -0.00270765
internal_weight=27788 20907 18626 6881 15468 4386 12821 2281 2581 3158 2495 2647 1328 1205 2238 953 1169 1805 1376 1326 1315 657 920 984 1254 564 3768 362 627 1124 249 731 616 9053 699 577 1990 944 980 1130 8489 698 584 432 335 715 237 514 704 2638 1160 597 506 549 606 431 489 564 887 90 797 601
internal_count=27788 20907 18626 6881 15468 4386 12821 2281 2581 3158 2495 2647 1328 1205 2238 953 1169 1805 1376 1326 1315 657 920 984 1254 564 3768 362 627 1124 249 731 616 9053 699 577 1990 944 980 1130 8489 698 584 432 335 715 237 514 704 2638 1160 597 506 549 606 431 489 564 887 90 797 601
cat_boundaries=0 1 3 5 6 8 10 11 12 13 15 17 18 20 22 24 26 28
cat_threshold=3079 2685673668 1073 622354470 250930 2051 2249462272 38403 10784784 37009 434 224 1 34115720 266369 278930970 356480 992 8552644 9747 42729492 16384 2182120709 556032 2363664 1835521 537428096 128
is_linear=0
shrinkage=0.05


Tree=9
num_leaves=63
num_cat=9
split_feature=15 20 14 21 17 21 17 19 17 21 21 7 21 20 0 2 20 2 2 22 22 0 22 8 23 22 19 15 17 7 7 16 20 21 2 20 2 17 18 4 21 17 21 17 21 20 21 7 2 18 19 22 17 21 17 20 20 8 23 20 22 11
split_gain=432.473 179.544 41.1568 40.0747 33.8275 20.3489 16.8418 13.9569 14.7202 14.0902 10.5044 8.42851 8.2795 6.69008 6.51063 5.54477 4.66687 4.47129 3.93472 3.91563 5.11785 3.661 3.3668 3.35757 3.2499 3.13988 3.09969 3.01139 2.64139 2.57977 2.4739 2.43759 2.36388 2.34649 2.32136 2.30108 2.23006 2.62346 2.05553 2.01028 2.27462 1.91003 1.80413 1.65104 1.6148 1.61046 1.57857 1.50531 1.50226 1.50765 1.4469 1.39298 1.38486 1.34976 1.32378 1.3052 1.22882 1.21092 1.19081 1.18535 1.14101 1.13448
threshold=3.5000000000000004 226.50000000000003 1.5000000000000002 79.211111111111123 1.482243933635824 133.10000000000002 1.9657073596707784 1494.6550000000002 2.1849692642356122 128.08333333333334 199.58333333333334 611.95500000000004 109.08333333333336 132.50000000000003 0 1 134.50000000000003 2 3 1.0000000180025095e-35 91.589659403709803 4 94.04396135074829 494.17500000000007 2.5000000000000004 39.379951174543599 2666.0350000000003 2.5000000000000004 1.1511036076486525 509.29500000000002 1330.2000000000003 0.56677021336914979 412.50000000000006 152.77500000000003 5 308.50000000000006 6 1.1705396739282936 0.23138334916561115 7 174.16666666666671 1.354589279961927 102.36666666666669 2.0541353936546582 125.55000000000001 371.50000000000006 32.788888888888899 598.84500000000014 8 0.72742258799052795 1539.2600000000002 67.914276660777759 2.5711187412023864 118.08333333333336 1.5801999278765089 260.50000000000006 113.50000000000001 945.40500000000009 5.5000000000000009 260.50000000000006 36.44344930243053 2108.3550000000005
decision_type=2 2 2 2 2 2 2 2 2 2 2 2 2 2 1 1 2 1 1 2 2 1 2 2 2 2 2 2 2 2 2 2 2 2 1 2 1 2 2 9 2 2 2 2 2 2 2 2 1 2 2 2 2 2 2 2 2 2 2 2 2 2
left_child=1 2 4 13 10 18 19 8 9 -6 16 32 21 25 -10 33 44 -18 46 36 54 22 30 -14 35 -2 -17 31 -25 -22 -5 -20 45 -9 47 -13 -3 -38 -34 52 -41 -15 -26 -27 -1 59 50 61 -30 -50 -4 -29 -7 -37 -21 -39 -24 -36 -49 -8 -47 -23
right_child=3 6 5 12 7 39 11 15 14 -11 -12 24 23 41 -16 26 17 -19 27 20 29 34 56 28 42 43 -28 51 48 -31 -32 -33 38 -35 57 53 37 55 -40 40 -42 -43 -44 -45 -46 60 -48 58 49 -51 -52 -53 -54 -55 -56 -57 -58 -59 -60 -61 -62 -63
leaf_value=-1.6881214919518748 -3.387712388488259 5.3077978416664706 6.3070634221618143 -1.7130454984050716 0.19286595756737485 -0.49643405765313564 2.7741646168760106 1.7229650149271813 4.3830123077552496 2.1463178614267746 2.5506327854476192 4.4934147906211281 -0.93942705344204791 -1.7616567246888684 2.9518487815578727 0.38738176183526252 -0.46367412149023868 0.47997738110270732 3.9145160515361312 -0.82968367547181932 0.36292965362792062 0.38479144730403764 -0.96841239775039867 -0.90588592764096354 -0.653879238680251 -2.5103924793925403 -2.0041265029924866 -2.3460167502838147 -0.300450989551932 4.1711185619161766 -0.17049935058207524 -1.74850139274797 8.4199695912241932 2.8890663219288188 -1.5912285116547187 10.885571811527132 -1.8396685695639516 1.9140162964539116 10.952007166505823 0.22674555162057253 4.0475440261440294 1.4988971225195762 2.6820799383634353 -1.1248349208962516 -0.24409055994265252 6.983472528990406 -0.70612636548642915 2.5268107308038616 -0.73577974628142551 1.8091106771910874 -1.2689904956689397 0.10904699042739524 2.1452444765260554 6.7155797754304958 1.1627746540540611 3.3262043167843531 3.2460575769746343 0.72544053046341483 -0.25824212685685666 4.9953119361266163 -1.291241123007433 -2.9517851829202901
leaf_weight=951 7252 399 73 1567 1461 164 152 840 1355 994 267 527 352 288 569 804 777 648 37 128 27 96 21 163 26 813 282 961 139 37 125 1297 111 97 360 388 42 93 119 84 155 47 89 152 614 85 145 48 48 311 31 42 183 222 110 114 21 53 30 316 20 66
leaf_count=951 7252 399 73 1567 1461 164 152 840 1355 994 267 527 352 288 569 804 777 648 37 128 27 96 21 163 26 813 282 961 139 37 125 1297 111 97 360 388 42 93 119 84 155 47 89 152 614 85 145 48 48 311 31 42 183 222 110 114 21 53 30 316 20 66
internal_value=-0.00154007 0.00387651 0.00129441 -0.0087202 0.00291994 -0.0036378 0.0148728 0.00503123 0.00662084 0.00401241 -0.00121549 0.0174502 -0.00409932 -0.0105494 0.00991178 0.00156096 -0.00207985 0 -0.00555234 0.00920776 0.00418033 -0.00570607 -0.00692286 -0.000258366 0.0201195 -0.0108349 -0.000841674 -0.00617553 0.0017884 0.0164179 -0.00728614 -0.00454375 0.0131669 0.00435526 -0.00238186 0.0209978 0.0114439 0.00625 0.0179185 0.00471138 0.00818452 -0.00336538 0.0106992 -0.00791581 -0.00396205 0.0110894 0.000333969 0.0013834 0.00364271 0.00527554 0.00514019 -0.00833748 0.00184028 0.0235318 0.000518672 0.00886905 0.00611111 -0.00460681 0.00709877 0.0124204 0.00451389 -0.00106061
internal_weight=27788 15836 12831 11952 9659 3172 3005 6402 4379 2455 3257 2055 3400 8552 1924 2023 2990 1425 2586 950 302 2387 1734 1013 1252 8217 1086 2337 661 64 1692 1334 803 937 653 1137 648 249 230 586 239 335 115 965 1565 573 249 240 498 359 104 1003 347 610 238 207 42 413 78 468 105 162
internal_count=27788 15836 12831 11952 9659 3172 3005 6402 4379 2455 3257 2055 3400 8552 1924 2023 2990 1425 2586 950 302 2387 1734 1013 1252 8217 1086 2337 661 64 1692 1334 803 937 653 1137 648 249 230 586 239 335 115 965 1565 573 249 240 498 359 104 1003 347 610 238 207 42 413 78 468 105 162
cat_boundaries=0 1 2 3 4 5 6 7 8 9
cat_threshold=1 876 2127 2062 1 736 436 13 3086
is_linear=0
shrinkage=0.05


Tree=10
num_leaves=63
num_cat=12
split_feature=15 14 17 21 21 21 21 18 1 15 17 21 22 21 2 17 17 1 1 15 5 17 9 5 1 1 16 18 2 1 22 21 16 2 17 2 11 1 17 18 16 2 10 5 5 17 5 5 18 5 23 18 17 16 9 16 16 17 14 11 11 22
split_gain=404.62 81.4911 70.0598 39.4763 20.1126 19.4133 15.1737 14.4262 12.3779 9.0403 8.47958 7.16713 5.26206 5.26034 4.8457 4.72148 4.6757 4.36267 4.34687 3.18941 4.57856 2.99633 2.97007 2.64619 2.55463 2.54207 2.33768 2.53925 2.29575 2.25009 2.55873 2.14663 2.11177 2.01292 2.09784 1.92462 1.92079 1.91662 2.49404 1.90272 1.88973 1.79905 1.77274 1.75408 1.6706 1.59081 1.46203 1.44891 1.42331 1.39143 1.24917 1.20706 1.17763 1.17306 1.15333 1.10894 1.10089 1.08081 1.04053 1.02965 1.00415 0.920911
threshold=3.5000000000000004 1.5000000000000002 1.7239195065112967 81.387500000000017 177.58333333333334 133.10000000000002 199.58333333333334 0.22573415561107793 0 1.5000000000000002 2.5203289142381737 109.08333333333336 103.66701497482299 52.345238095238102 1 2.2388070887983775 2.0990995808877102 2 3 2.5000000000000004 81.500000000000014 1.1460828076313609 606.97500000000014 66.500000000000014 4 5 1.9702123670062617 0.98502889588703735 6 7 55.148932550733754 63.591666666666676 1.66669913429019 8 1.2494552107107546 9 1164.2150000000004 10 2.3547757814695438 1.7698010873772743 1.580204107503518 11 459.26500000000004 195.50000000000003 207.50000000000003 1.8831170391533443 89.500000000000014 19.500000000000004 0.74945209057266682 322.50000000000006 5.5000000000000009 1.0386094018016723 1.309972212017456 2.7000005671441598 763.2700000000001 1.5582560377431036 1.9019869049200084 2.9091240828828768 1.5000000000000002 5146.4300000000012 2530.1200000000003 91.589659403709803
decision_type=2 2 2 2 2 2 2 2 9 2 2 2 2 2 1 2 2 9 9 2 2 2 2 2 9 9 2 2 1 9 2 2 2 1 2 1 2 9 2 2 2 1 2 2 2 2 2 2 2 2 2 2 2 2 2 2 2 2 2 2 2 2
left_child=1 2 6 13 7 19 9 14 10 23 -9 24 18 -2 42 -10 29 -6 -11 20 -3 50 36 -1 39 -16 27 -23 40 30 58 -21 35 60 -35 -22 -19 -7 53 61 -26 -33 -4 -24 48 -29 -25 -40 -28 -46 -13 -49 -42 -39 -34 -41 -18 -43 -15 -30 -8 -5
right_child=3 5 4 11 17 37 33 8 15 12 -12 21 -14 16 25 -17 56 22 -20 31 32 26 43 46 28 -27 44 45 59 -31 -32 41 54 34 -36 -37 -38 38 47 55 52 57 -44 -45 49 -47 -48 51 -50 -51 -52 -53 -54 -55 -56 -57 -58 -59 -60 -61 -62 -63
leaf_value=-4.7536586644399348 -3.697288990292833 -3.2047811974313563 0.57584000899103993 -1.5538940776544488 1.4788503461198961 -0.84433924500411595 2.7988130498118213 2.5607624015241424 1.318386377593896 -1.1243910892227569 7.9411221588592076 -1.1151346004830387 1.98720599399027 -1.0885386026494561 -0.30202324309534101 3.8063812979389535 -1.1905755443455253 3.6553625088399735 -0.089086131660860352 -3.2600346236793536 0.35670578083114823 -1.5265431992619178 4.586033445148356 4.9948429254699738 -1.4845450992273967 3.5505967037622073 0.0023893586279285731 -1.3970434229669977 -1.6500362797434223 -2.4378238104573358 1.3578631495244697 0.10383185559349783 2.2592761438821234 -0.48386823140984775 2.2669901171097351 -1.2227507442307002 -0.17291138659894828 -0.76639000397165136 -1.6289656358182119 -2.2977426788521629 0.028480049794774944 -1.7201547724410184 -1.9211123653428623 3.2344091109980768 -0.95830369311196795 1.6647141058737647 3.5532482481963443 2.7311726553497753 2.3984470688840767 1.7543133369638999 0.27226323333694008 8.4599993991681917 1.2127752692257516 2.0106658613677055 -0.12205827955542148 0.21184911104360751 0.90690558629819629 -0.042634961524775153 -2.0869325097368026 2.1084969107102682 5.4487272865592509 -0.045780846101355625
leaf_weight=28 4696 511 320 1271 122 107 230 891 1755 762 921 261 113 158 108 1992 178 507 3020 576 179 167 559 148 83 303 73 65 301 3429 28 111 99 79 103 428 28 106 20 69 128 391 252 273 73 117 103 232 187 32 38 58 69 63 224 159 76 67 234 21 47 39
leaf_count=28 4696 511 320 1271 122 107 230 891 1755 762 921 261 113 158 108 1992 178 507 3020 576 179 167 559 148 83 303 73 65 301 3429 28 111 99 79 103 428 28 106 20 69 128 391 252 273 73 117 103 232 187 32 38 58 69 63 224 159 76 67 234 21 47 39
internal_value=-0.00161203 0.00362712 0.00542354 -0.00855709 0.00824776 -0.00352756 0.000514991 0.00703209 0.00802095 -0.000424946 0.0114795 -0.00372703 -0.00106144 -0.0102803 0.00138185 0.00627992 -0.00889856 0.0135305 -0.00139366 -0.00539784 -0.00374827 -0.000209154 0.0143207 0.00820035 -0.00536631 0.00545401 0.0014993 -0.00131392 -0.00231707 -0.00933606 -0.00508083 -0.00741507 -0.00158092 0.00911797 0.00371795 -0.00334016 0.0110827 0.00462649 0.00591972 -0.00646357 0.000853242 -0.00500437 -0.00153846 0.0164671 0.00431386 0.00256757 0.00989173 0.00870607 0.00646388 -0.000578704 -0.00442881 0.00964164 0.0036875 0.000799419 0.00157209 -0.00194805 -0.0020428 -0.00631635 -0.00632911 -0.00514925 0.0118534 -0.00725438
internal_weight=27788 15836 12664 11952 8031 3172 4633 6542 5559 4174 1812 3153 3895 8799 983 3747 4103 1489 3782 2586 1441 1013 1367 279 2140 411 714 349 602 3849 420 1145 930 459 182 607 535 586 479 1538 280 569 572 832 365 182 251 310 260 105 299 290 197 169 323 228 254 458 392 322 277 1310
internal_count=27788 15836 12664 11952 8031 3172 4633 6542 5559 4174 1812 3153 3895 8799 983 3747 4103 1489 3782 2586 1441 1013 1367 279 2140 411 714 349 602 3849 420 1145 930 459 182 607 535 586 479 1538 280 569 572 832 365 182 251 310 260 105 299 290 197 169 323 228 254 458 392 322 277 1310
cat_boundaries=0 2 3 5 7 9 11 12 14 15 16 18 19
cat_threshold=340485687 507936 179 268828672 5136 329463044 145920 570599303 792211 4096 279041 480 273817665 345088 2476 2340 34607112 266752 164
is_linear=0
shrinkage=0.05


Tree=11
num_leaves=63
num_cat=14
split_feature=15 20 16 15 20 1 22 2 20 20 7 10 20 19 9 19 15 20 7 1 7 2 23 5 20 2 1 2 20 22 2 16 1 19 22 1 1 2 20 5 22 22 19 10 20 20 20 23 8 7 19 1 19 5 2 20 7 19 9 20 20 19
split_gain=381.058 151.836 27.6498 25.6729 16.8952 12.8971 11.1337 10.0368 7.37589 11.4161 6.71629 6.60193 5.73318 5.66073 5.47948 5.47487 6.48519 4.33441 4.25653 3.86458 3.62705 3.5365 3.50397 3.30152 3.24106 3.05975 2.88238 2.75108 2.43817 2.35367 2.34897 2.78178 3.78888 2.33204 2.27128 2.22824 2.11821 1.9524 1.92219 1.90709 1.83375 2.92591 1.82102 1.95146 1.68383 1.66201 1.93656 1.63886 1.62562 1.58158 1.34124 1.32039 1.20452 1.75527 1.19574 1.12947 1.01766 0.969367 0.953797 0.939591 0.937279 1.03605
threshold=3.5000000000000004 209.50000000000003 2.4109294679315214 5.5000000000000009 270.50000000000006 0 53.904514118182625 1 12.500000000000002 147.50000000000003 755.94000000000017 799.79000000000008 123.50000000000001 1506.1299999999999 602.14999999999998 1396.4250000000002 2.5000000000000004 70.500000000000014 467.53000000000009 2 681.22000000000014 3 1.5000000000000002 72.500000000000014 352.50000000000006 4 5 6 8.5000000000000018 4.2892686824275232 7 1.6666484538925783 8 1978.885 36.083113383039226 9 10 11 77.500000000000014 321.50000000000006 7.1879154854981033 98.30437287704676 1231.0850000000003 1071.7950000000003 412.50000000000006 189.50000000000003 1.5000000000000002 6.5000000000000009 -1.0000000180025095e-35 720.80000000000018 1436.3300000000002 12 1402.5550000000001 80.500000000000014 13 365.50000000000006 1261.3200000000004 1918.2650000000003 846.51500000000021 150.50000000000003 15.500000000000002 212.8949999999999
decision_type=2 2 2 2 2 9 2 1 2 2 2 2 2 2 2 2 2 2 2 9 2 1 2 2 2 1 9 1 2 2 1 2 9 2 2 9 9 1 2 2 2 2 2 2 2 2 2 2 2 2 2 9 2 2 1 2 2 2 2 2 2 2
left_child=1 2 11 6 14 13 12 8 23 -10 22 17 30 20 36 16 -9 35 60 54 28 40 44 -7 56 -22 -17 42 -4 -26 31 -2 -33 38 -5 -1 -3 47 -21 -19 50 -42 43 -20 -6 46 -15 58 -37 -36 -16 -39 53 -38 -13 57 -12 -24 -14 -29 -8 -62
right_child=3 4 5 34 10 7 18 15 9 -11 24 19 37 45 21 26 -18 39 27 33 25 -23 55 -25 29 -27 -28 59 -30 -31 -32 32 -34 -35 49 48 52 51 -40 -41 41 -43 -44 -45 -46 -47 -48 -49 -50 -51 -52 -53 -54 -55 -56 -57 -58 -59 -60 -61 61 -63
leaf_value=-2.7069379357153762 -2.4941943335345451 4.0884846674205582 3.3463988954283153 -3.2624245407781913 5.0194085536229345 0.82397962081070808 0.080011411662734844 2.0360254851364274 0.24917784004691371 1.9997181302174452 4.2288340790197285 -1.1274715511464635 0.042117934158182636 -0.47092632159638514 2.356636300509432 4.3065511215221681 -0.13072813043666934 1.3419908935455014 4.8429251676731386 -1.7681956761974946 1.5725699616259732 3.1866112623025176 3.5322051111627681 4.725155679207397 10.694861109024227 0.08618196701997044 -1.2032264143399385 -1.0600332497945857 -0.28161165716267933 4.65659964528309 -1.9915704461755359 0.37318680755461031 -1.1948253385716328 -2.684422136369129 -2.5435736932964361 3.3204748833494167 -0.18138194290700227 -0.32777711793660275 -0.3544880936083516 -0.76527954788058716 -0.38877999840929117 2.6563629249130387 -1.3161324674844206 1.0281704865005303 9.2985122363757835 1.1037071001873919 -1.4652273527583262 -2.440907361824578 -1.2348495243486199 -1.2271050892631976 -0.25660573030485628 -1.3294511916209217 -0.34312046431312382 2.6108010435629789 0.82965084434933734 -0.080643658560513753 5.0527611463629496 -0.14920703246861819 1.0870788251064383 0.90223910090713777 -0.83010908251665372 -1.7017217521987549
leaf_weight=244 795 262 152 5089 662 131 59 857 1356 808 301 237 140 424 223 113 754 336 38 1098 589 528 126 866 322 616 672 217 1271 46 2820 109 680 321 563 66 85 145 334 77 96 25 40 252 272 44 507 44 252 173 30 244 130 251 132 52 143 25 69 43 158 274
leaf_count=244 795 262 152 5089 662 131 59 857 1356 808 301 237 140 424 223 113 754 336 38 1098 589 528 126 866 322 616 672 217 1271 46 2820 109 680 321 563 66 85 145 334 77 96 25 40 252 272 44 507 44 252 173 30 244 130 251 132 52 143 25 69 43 158 274
internal_value=-0.00170019 0.00338405 0.000733075 -0.00843998 0.0124407 0.00211721 -0.0061562 0.00362433 0.0054781 0.00380711 0.0156186 -0.00334274 -0.00714498 -0.000203955 0.00858849 0.00114155 0.00282683 1.27812e-05 -0.00148755 -0.00490588 0.000988217 0.0112431 0.0129276 0.0090875 0.0192638 0.00301118 -0.00223668 0.00130691 -0.000692496 0.0231806 -0.00779442 -0.00594865 -0.00374053 -0.00586778 -0.0108292 -0.00278761 0.00519836 -0.0025969 -0.00494774 0.0039363 0.00652455 0.00110887 0.00430029 0.00588737 0.0142743 -0.0034637 -0.00394807 0.000704887 0 -0.0079161 0.00913086 -0.00475746 0.00276618 0.00442478 -3.27225e-05 0.00637136 0.0157718 0.00852273 0.00277123 -0.00238095 -0.00493421 -0.00574713
internal_weight=27788 15836 12257 11952 3579 9160 6127 5557 3161 2164 1949 3097 5046 3603 1630 2396 1611 975 1081 2122 2628 902 1137 997 812 1205 785 590 1423 368 4404 1584 789 1753 5825 562 728 642 1432 413 374 121 330 290 934 975 931 253 318 736 253 389 466 336 369 203 444 151 209 260 491 432
internal_count=27788 15836 12257 11952 3579 9160 6127 5557 3161 2164 1949 3097 5046 3603 1630 2396 1611 975 1081 2122 2628 902 1137 997 812 1205 785 590 1423 368 4404 1584 789 1753 5825 562 728 642 1432 413 374 121 330 290 934 975 931 253 318 736 253 389 466 336 369 203 444 151 209 260 491 432
cat_boundaries=0 2 3 5 6 7 9 10 11 13 15 17 18 20 21
cat_threshold=2209518016 540245 996 277225984 217216 3139 814 67633152 16386 504 232 16781328 311296 2717913092 266752 2149056643 32898 1740 536871040 128 976
is_linear=0
shrinkage=0.05


Tree=12
num_leaves=63
num_cat=7
split_feature=15 20 21 21 15 20 17 19 21 17 21 2 2 23 9 20 20 6 2 21 17 19 19 6 2 17 8 21 17 20 19 22 2 8 20 17 6 20 9 2 19 8 11 17 6 7 23 17 19 22 21 19 6 8 16 21 8 17 20 19 2 22
split_gain=361.232 137.339 38.1235 28.4547 28.7675 21.6325 21.218 11.7296 11.2678 10.7879 7.93381 7.56659 6.80609 6.64283 6.64711 6.61013 5.73923 4.84479 4.24521 4.14129 4.53929 3.98541 3.91004 3.87447 3.71932 3.27822 2.97452 2.96891 2.83578 2.81872 2.74177 2.50221 2.29834 2.27663 2.26885 2.23849 2.20402 2.06192 2.05999 1.98259 1.82925 1.70319 2.31851 1.68202 1.67003 1.60959 1.55807 1.45215 1.72655 1.40435 1.48848 1.39542 1.32724 1.22469 1.37376 1.19945 1.41821 1.18846 1.14311 1.30685 1.13043 1.10689
threshold=3.5000000000000004 209.50000000000003 79.211111111111123 199.58333333333334 1.5000000000000002 126.50000000000001 1.9228163228310273 1402.5550000000001 125.55000000000001 1.3362166418463193 109.08333333333336 0 1 1.5000000000000002 606.97500000000014 113.50000000000001 321.50000000000006 1734.8500000000001 2 52.345238095238102 2.0049353783127932 2501.7700000000009 202.32499999999996 2012.74 3 1.354589279961927 494.17500000000007 204.25000000000003 1.4055553367982105 260.50000000000006 2592.2250000000004 98.30437287704676 4 540.11500000000012 146.50000000000003 1.2811186807971768 2012.74 393.50000000000006 384.52500000000003 5 2003.0250000000001 675.1450000000001 1637.0050000000003 2.0376063934137503 4496.4800000000005 1277.3550000000002 1.5000000000000002 1.1122572122850605 931.32000000000005 33.617951462307268 103.86607142857144 2431.0050000000006 3372.3600000000001 1090.6800000000003 1.6719497495653652 85.944444444444457 727.5350000000002 3.1765125458045773 298.50000000000006 1115.4100000000003 6 189.40050965817002
decision_type=2 2 2 2 2 2 2 2 2 2 2 1 1 2 2 2 2 2 1 2 2 2 2 2 1 2 2 2 2 2 2 2 1 2 2 2 2 2 2 1 2 2 2 2 2 2 2 2 2 2 2 2 2 2 2 2 2 2 2 2 1 2
left_child=1 3 15 4 7 8 18 17 21 32 23 -11 30 14 37 19 -16 24 29 -2 -21 -6 -15 33 -1 -17 -12 31 -10 -3 -9 -24 -7 43 45 -31 -19 57 -14 -28 -39 42 61 -4 60 -25 58 -41 -49 -48 -51 -18 -37 -22 -55 56 -35 -8 59 -20 -43 -5
right_child=2 6 10 41 5 9 13 12 28 11 26 -13 38 22 16 25 51 36 46 20 53 -23 27 34 -26 -27 39 -29 -30 35 -32 -33 -34 55 -36 52 -38 40 -40 47 -42 44 -44 -45 -46 -47 49 48 -50 50 -52 -53 -54 54 -56 -57 -58 -59 -60 -61 -62 -63
leaf_value=-3.1075583024307032 -3.3993033137392814 -0.17231284576165251 -1.7828573809320496 2.5307432202632909 -1.2729861322315317 0.51729055942340096 4.3802609194494089 0.22572272828972331 -0.46751605022376452 -0.051250758318663263 -0.81348558017251626 1.4033661068239773 0.21372820023439518 3.6729477592389772 3.8102495849583335 -1.7222185550113864 8.6574028303067792 6.3045803758662133 3.7327054421488115 -2.2642034637732196 -1.5474633574594492 -2.8798298865454459 0.31669914407535527 -1.5422856085701568 5.3871175702472476 1.4963169378906043 -0.59058338330887072 3.6209908907888861 0.86102155713027173 -3.0267830851810902 -2.1132641721630647 4.0804479761532981 -0.72189051623729483 -1.6526616483494792 0.03803189511517218 3.9402718894248516 3.433192398879453 9.4845232689034855 3.6110003294633533 -0.77430352309589101 6.0602133076966407 2.4977531634179311 -0.31029760728591427 1.4498856856347715 -0.019491441734917816 -0.54406667781094276 -0.15401041859978903 1.6239483393568328 -1.1468975809282491 -0.55544163542866698 2.409234665394393 5.7803780596078962 -0.073075392712054571 -1.2397488249887147 0.87280050376859153 -0.14214575883830635 2.4455191678557515 2.4809675091235337 6.7705002256687452 1.3579373523690828 3.6807742605533544 -0.76439032721744982
leaf_weight=146 4536 285 351 540 3653 211 375 655 459 784 352 1404 122 176 623 542 470 189 159 3079 245 484 268 1472 241 64 173 104 702 31 260 82 845 25 109 128 605 204 417 89 30 112 72 37 32 148 79 343 56 36 124 32 26 32 54 205 40 103 124 120 295 29
leaf_count=146 4536 285 351 540 3653 211 375 655 459 784 352 1404 122 176 623 542 470 189 159 3079 245 484 268 1472 241 64 173 104 702 31 260 82 845 25 109 128 605 204 417 89 30 112 72 37 32 148 79 343 56 36 124 32 26 32 54 205 40 103 124 120 295 29
internal_value=-0.00176496 0.00318518 -0.00832706 0.000663744 -8.1619e-05 -0.00149503 0.0117986 0.00447782 -0.00346633 0.00170927 -0.00382016 0.00371976 0.00142416 0.0143978 0.0159715 -0.010111 0.018473 0.00818201 0.00596413 -0.0105013 -0.00909024 -0.00468901 0.00967615 -0.00539226 0.00336538 -0.00488506 -6.15157e-05 0.00694748 0.000848368 0.00201863 -0.00117188 0.00446176 -0.00240793 -0.00200454 -0.00664694 0.0068484 0.0104454 0.0118881 0.00581975 0.0018637 0.0161392 0.00840259 0.00650233 -0.0044757 0.0110011 -0.00711645 0.00858779 0.00349301 0.00488184 0.00501033 0.00766871 0.0227228 0.0093949 -0.00325599 0.00140449 0.00137363 0.00716912 0.00961538 0.0107451 0.00837766 0.0118598 0.00758304
internal_weight=27788 15836 11952 12257 11177 8542 3579 2635 5298 3244 3400 2188 1454 2467 1837 8552 1125 1181 1112 7946 3410 4137 630 2387 387 606 1013 454 1161 470 915 350 1056 658 1729 185 794 712 539 661 234 1080 641 388 439 1620 642 488 399 239 160 502 154 331 86 270 65 478 403 279 407 569
internal_count=27788 15836 11952 12257 11177 8542 3579 2635 5298 3244 3400 2188 1454 2467 1837 8552 1125 1181 1112 7946 3410 4137 630 2387 387 606 1013 454 1161 470 915 350 1056 658 1729 185 794 712 539 661 234 1080 641 388 439 1620 642 488 399 239 160 502 154 331 86 270 65 478 403 279 407 569
cat_boundaries=0 1 2 3 4 5 6 7
cat_threshold=3075 177 2131 45 160 3075 538
is_linear=0
shrinkage=0.05


Tree=13
num_leaves=63
num_cat=16
split_feature=15 20 21 21 15 20 19 9 21 2 20 20 21 1 2 21 21 1 23 21 6 1 23 1 6 1 20 2 20 6 9 8 19 21 1 7 22 10 11 2 19 19 1 2 11 23 22 7 7 1 22 2 22 2 10 21 8 7 22 19 19 1
split_gain=339.757 120.964 37.8873 28.5746 23.9692 23.9776 10.706 10.4707 10.1774 8.51629 7.67672 7.42726 7.29376 6.50318 6.38639 5.96468 5.91027 5.77091 4.91359 4.76918 4.68898 4.47498 4.08111 3.5314 3.48314 3.34123 2.94726 2.82104 2.63166 2.54082 2.29733 2.27663 2.25873 2.23676 1.91217 2.52312 2.26382 1.79571 1.79411 1.72492 2.36088 1.71858 1.71554 1.90283 1.63597 1.59345 1.56499 1.51409 1.49119 2.37412 1.47576 1.44445 1.81946 1.41884 1.39421 1.19945 1.41821 1.14941 1.17727 1.13718 1.07566 1.05978
threshold=3.5000000000000004 226.50000000000003 79.211111111111123 183.16666666666671 1.5000000000000002 139.50000000000003 1402.5550000000001 606.97500000000014 130.3666666666667 0 352.50000000000006 113.50000000000001 109.08333333333336 1 2 15.859090909090911 179.58333333333334 3 1.5000000000000002 52.345238095238102 4496.4800000000005 4 3.5000000000000004 5 2012.74 6 298.50000000000006 7 120.50000000000001 1734.8500000000001 269.93000000000006 540.11500000000012 2431.0050000000006 195.16666666666671 8 1207.4550000000002 3.5438709630247485 603.42500000000007 1154.3950000000002 9 957.04500000000007 221.28999999999988 10 11 3447.2150000000001 5.5000000000000009 110.07868621188975 794.79500000000019 720.34500000000014 12 55.60890018603483 13 60.581900471795485 14 3126.2750000000001 85.944444444444457 727.5350000000002 500.12500000000006 5.6715474762848546 1589.1250000000002 373.14500000000004 15
decision_type=2 2 2 2 2 2 2 2 2 1 2 2 2 9 1 2 2 9 2 2 2 9 2 9 2 9 2 1 2 2 2 2 2 2 9 2 2 2 2 1 2 2 9 1 2 2 2 2 2 9 2 1 2 1 2 2 2 2 2 2 2 9
left_child=1 3 11 4 6 8 17 15 20 22 34 19 24 37 25 26 39 -1 32 -2 -6 -11 -7 -10 31 -8 -3 33 54 -19 -14 -4 -12 -15 44 36 -36 -5 60 -17 -41 -37 50 -44 -9 57 -29 -16 -21 -50 -32 52 -30 -39 61 56 -33 -13 -59 -45 -18 -26
right_child=2 7 12 13 5 9 14 10 23 21 18 45 30 27 47 16 38 29 -20 48 -22 -23 -24 -25 28 -27 -28 46 51 -31 42 55 -34 -35 35 41 -38 53 -40 40 -42 -43 43 59 -46 -47 -48 -49 49 -51 -52 -53 -54 -55 -56 -57 -58 58 -60 -61 -62 -63
leaf_value=0.099694065137700613 -3.2293381480523173 3.178047616232246 -1.5095924842661799 -0.53041840377062643 -1.11114806620494 0.079211728512030538 -1.2142016180782176 3.8192856086554614 1.2351825528263314 0.37218741314322518 9.3170106844393672 -1.8744828638566806 -1.6114926187986711 -1.0217377552625422 2.4449056796342816 -1.1863325736080754 2.3888577990958169 4.076658670102705 3.9341708406047946 -2.2332143197846808 -2.3970916976523067 1.6633443240275945 -1.5226016796912643 -0.24410180852377047 -1.1477429978655143 1.1862660633702899 7.7623148471971142 2.9815263056169332 -1.4679904155085071 4.7956015196289909 -1.2626480946855461 -1.5700285659320059 5.0562911967870452 2.5211094660970965 3.4949087315659884 3.926699598084102 2.277303241229661 -0.077202538272838697 0.41215819411361071 2.2994137167582553 -0.17664797206433891 3.4887735477741404 -0.54421082992348502 0.92771440119583848 -1.4821782364885381 -2.0694633461929905 2.0857118964832413 4.8184851805620923 -0.11205095519327345 -1.6990663995423958 0.096722931224022812 0.19322801925309252 0.66313996215802329 1.8395477579068533 -0.5907381594765283 -0.13503847089639151 2.3232432094629636 2.236339304311981 -0.50074494166150318 -1.0153747442118182 4.8286384906616924 -1.6704047056808875
leaf_weight=224 4536 295 388 120 4214 1248 576 197 503 611 375 146 59 76 358 128 25 294 60 2446 467 870 152 560 400 378 402 625 97 661 143 25 31 339 404 216 204 117 48 106 135 91 266 419 21 243 92 143 115 849 86 149 26 203 112 205 40 20 197 40 267 945
leaf_count=224 4536 295 388 120 4214 1248 576 197 503 611 375 146 59 76 358 128 25 294 60 2446 467 870 152 560 400 378 402 625 97 661 143 25 31 339 404 216 204 117 48 106 135 91 266 419 21 243 92 143 115 849 86 149 26 203 112 205 40 20 197 40 267 945
internal_value=-0.00184592 0.00295473 -0.00820995 0.000834697 -4.32872e-05 -0.00132273 0.004124 0.0119806 -0.00319297 0.00238818 0.0148018 -0.00998831 -0.00371731 0.00714286 0.00120885 0.00871185 0.00531952 0.00766709 0.0204158 -0.0104007 -0.0041978 0.00501171 -0.000389243 0.00118433 -0.0052249 -0.00116339 0.0120536 0.00912664 -0.00641599 0.00931043 -0.000110728 -0.00200454 0.0224328 0.00516939 0.012401 0.0135372 0.0114566 0.00165563 0.0100583 0.000772849 0.00329724 0.0177823 0.000444096 0.00167683 0.00638528 -0.00447455 0.0112158 0.00571498 -0.00889979 -0.00698035 -0.00315083 -0.00163636 -0.00542279 0.00371517 -0.00726884 0.00137363 0.00716912 -0.00215164 0 0.00362818 0.0115254 -0.00772441
internal_weight=27788 15836 11952 12831 11259 8625 2634 3005 5744 2881 1599 8552 3400 1572 1455 1406 709 1179 466 7946 4681 1481 1400 1063 2387 954 697 1132 1729 955 1013 658 406 415 1133 915 608 440 340 369 241 307 954 725 218 606 717 501 3410 964 229 272 123 320 1457 270 65 363 217 459 292 1345
internal_count=27788 15836 11952 12831 11259 8625 2634 3005 5744 2881 1599 8552 3400 1572 1455 1406 709 1179 466 7946 4681 1481 1400 1063 2387 954 697 1132 1729 955 1013 658 406 415 1133 915 608 440 340 369 241 307 954 725 218 606 717 501 3410 964 229 272 123 320 1457 270 65 363 217 459 292 1345
cat_boundaries=0 1 3 4 6 8 10 12 13 15 16 18 19 21 22 23 25
cat_threshold=3079 2486464626 21521 179 2155876961 4608 185209540 5649 605597697 103952 537956746 262673 31 2149999616 360464 147 2156826688 262656 2571 2181042176 69649 2193 1073 790616 90768
is_linear=0
shrinkage=0.05


Tree=14
num_leaves=63
num_cat=11
split_feature=15 20 21 21 15 20 17 18 17 21 20 21 7 1 3 21 20 15 17 17 19 20 1 1 22 17 17 21 20 17 1 22 21 0 7 1 1 1 18 8 17 0 7 16 17 22 20 19 10 16 17 19 17 21 8 10 3 18 22 22 16 19
split_gain=318.75 107.469 36.3751 24.2034 22.1134 20.3437 12.9704 10.5068 10.3004 8.50198 7.26929 7.05702 6.583 6.11739 6.11045 5.00321 4.73889 4.6218 4.44791 4.34792 4.07374 3.74109 3.71758 3.64407 3.4648 3.32369 3.23491 3.07878 3.21636 2.97133 2.84484 2.75735 3.33455 2.60969 2.6043 2.52868 2.31086 2.16157 2.07805 1.83546 1.82327 1.78462 1.77262 1.68617 1.67967 1.66752 1.87037 1.63764 1.57428 1.54944 1.43743 1.43466 1.41685 1.5738 1.34101 1.30495 1.30486 1.27024 1.26162 1.11926 1.10634 1.08398
threshold=3.5000000000000004 226.50000000000003 79.211111111111123 181.58333333333334 1.5000000000000002 139.50000000000003 1.9741694744320704 0.3418874851907896 1.4055553367982105 125.55000000000001 113.50000000000001 115.07142857142858 803.86000000000001 0 1 52.345238095238102 325.50000000000006 2.5000000000000004 2.0049353783127932 2.2025288160547909 2592.2250000000004 120.50000000000001 2 3 4.2892686824275232 1.0000009304835726 1.3785925048510428 47.12916666666667 298.50000000000006 1.354589279961927 4 101.09607439864361 175.58333333333334 5 504.35000000000008 6 7 8 0.56706281822364779 1074.7100000000003 1.056884684746793 9 509.29500000000002 1.0333069999872315 1.845928925791908 7.7327380171570583 245.50000000000003 221.28999999999988 701.60500000000013 2.8209468176472101 2.4378056449221295 1127.5250000000001 1.1511036076486525 95.225000000000009 1090.6800000000003 1214.9000000000003 10 0.72742258799052795 1.0000000180025095e-35 52.008813053334869 1.6719497495653652 305.86999999999949
decision_type=2 2 2 2 2 2 2 2 2 2 2 2 2 9 1 2 2 2 2 2 2 2 9 9 2 2 2 2 2 2 9 2 2 1 2 9 9 9 2 2 2 1 2 2 2 2 2 2 2 2 2 2 2 2 2 2 1 2 2 2 2 2
left_child=1 3 10 4 7 9 27 20 30 17 15 21 23 38 41 -2 47 -6 -17 -10 36 33 -11 -8 -18 -13 -15 28 -3 -12 -7 32 -29 39 -35 57 -1 -16 48 -4 -41 -9 -33 -37 -40 46 -25 -14 -5 50 -28 -47 56 59 -20 -36 -23 -27 -34 -54 -56 -49
right_child=2 6 11 13 5 8 12 14 19 22 29 25 16 26 37 18 24 -19 54 -21 -22 52 -24 45 -26 35 49 31 -30 -31 -32 42 58 34 55 43 -38 -39 44 40 -42 -43 -44 -45 -46 51 -48 61 -50 -51 -52 -53 53 -55 60 -57 -58 -59 -60 -61 -62 -63
leaf_value=4.3765619990603906 -3.0678712406497013 2.1673311030852616 -1.5221603639796841 -1.1463588921927739 -0.88382792393303944 -0.75927736636902177 1.8776930253438335 2.3387097079142953 0.84075040181941751 1.1878538904284142 -1.54067639359428 -1.2201201378061712 3.739638157505293 1.1957888046877876 1.9524525071870862 -2.0517575960100616 9.1035741806236725 -1.5817851166169363 -1.3584294735972435 3.6479368839239315 -1.2383951102033544 0.095619329148988186 -0.31421785389461371 1.4606743338584793 3.5535215065509407 -0.81011670928788682 -0.11176404959842828 -0.20247552424894125 6.690793445430824 1.4980535101614683 0.18318241656965528 0.10407911280791211 3.0371414179779159 -1.5243502573823258 0.99555031732642907 -2.3467042622247236 0.92454524193022325 5.5569431219083958 -0.15580765279443157 -1.6235486817638085 -0.20257463747158796 -2.2114956861754793 3.2520620323663367 0.19173147748467728 2.0043636666701725 3.1852243164582492 5.7871723250377505 -0.22725184434136736 1.2285468144493312 2.8470609227561496 2.9628447180905031 0.45659486298012875 0.80062044171451641 -0.34389686082193016 -1.0928080637621591 -0.11433069434477333 -1.6892769336449125 2.7752797092872399 0.62359350200370756 3.2470651589715298 0.84184719586402046 2.9354797569877387
leaf_weight=140 4536 257 1296 92 2440 503 220 428 1441 514 542 131 278 300 112 3079 350 2099 245 333 380 143 658 61 58 25 64 275 160 64 575 25 146 348 53 44 1004 453 94 71 237 116 32 487 152 102 649 25 50 793 90 82 39 90 32 191 136 81 69 28 54 216
leaf_count=140 4536 257 1296 92 2440 503 220 428 1441 514 542 131 278 300 112 3079 350 2099 245 333 380 143 658 61 58 25 64 275 160 64 575 25 146 348 53 44 1004 453 94 71 237 116 32 487 152 102 649 25 50 793 90 82 39 90 32 191 136 81 69 28 54 216
internal_value=-0.00194128 0.0027085 -0.0081054 0.000710028 -0.000116082 -0.00135273 0.0112159 0.00388373 0.00208406 -0.00307797 -0.00984804 -0.00370262 0.0134968 0.00638736 0.00758768 -0.010256 0.0167339 -0.00405934 -0.008724 0.00443163 0.00114604 -0.00493359 0.000680851 0.0107207 0.0210462 0.000453956 0.00806548 0.00630817 0.0096131 -0.00439245 -0.00173451 0.00365909 0.00228195 -0.00577535 -0.00277311 0.00201172 0.00265911 0.011224 0.000623441 -0.00684505 -0.00305466 0.00341113 0.0139583 0.000390625 0.00351406 0.0121555 0.0134993 0.0131466 -0.00396552 0.00959211 0.00429936 0.00721925 -0.000569476 0.00304688 -0.00295659 0.00101215 -0.00279255 0.00861345 0.00693807 0.00875 0.00196629 0.009375
internal_weight=27788 15836 11952 12831 11196 8563 3005 2633 2852 5711 8552 3400 2041 1635 1109 7946 927 4539 3410 1774 1524 2632 1172 1114 408 768 1247 964 417 606 1078 547 490 2196 592 637 1144 565 388 1604 308 544 57 531 246 894 710 519 142 947 154 184 436 157 331 244 279 106 215 67 86 241
internal_count=27788 15836 11952 12831 11196 8563 3005 2633 2852 5711 8552 3400 2041 1635 1109 7946 927 4539 3410 1774 1524 2632 1172 1114 408 768 1247 964 417 606 1078 547 490 2196 592 637 1144 565 388 1604 308 544 57 531 246 894 710 519 142 947 154 184 436 157 331 244 279 106 215 67 86 241
cat_boundaries=0 2 3 5 7 9 10 12 14 16 17 18
cat_threshold=2486464626 5137 1 605597761 103472 2416840704 266258 101093512 22161 1 35127300 86016 524293 16384 2147487797 65536 1 10
is_linear=0
shrinkage=0.05


Tree=15
num_leaves=63
num_cat=7
split_feature=15 14 21 15 7 21 21 21 21 10 6 7 8 8 6 22 0 6 10 22 2 6 15 2 21 7 2 2 6 8 16 22 21 6 7 11 6 22 7 10 21 7 2 21 21 21 7 22 9 14 22 22 9 10 2 9 21 11 8 9 11 11
split_gain=299.264 46.2549 36.3259 29.2142 14.1444 12.8415 12.6065 9.83799 9.17874 6.78623 6.07711 5.35862 3.91448 3.8104 3.92589 3.80425 3.69107 2.99771 2.78882 2.76173 2.71267 2.67596 2.66708 3.82246 3.21352 2.53999 2.49531 2.18049 2.1099 2.06901 2.03282 1.8347 1.79051 1.72916 1.61249 2.23202 1.6109 1.47795 1.43941 1.40638 1.40533 1.40452 1.39852 1.58742 1.35068 1.336 1.30553 1.29073 1.24228 1.24155 1.2122 1.17867 1.16777 1.19584 1.11473 1.11292 1.0801 0.994395 0.987441 0.958495 0.933297 0.925633
threshold=3.5000000000000004 1.5000000000000002 61.519230769230781 2.5000000000000004 964.53000000000009 161.41666666666671 100.06250000000001 214.16666666666671 113.07142857142858 983.70500000000015 4496.4800000000005 400.4550000000001 521.99000000000012 1233.2650000000001 1734.8500000000001 115.27105667343501 0 2012.74 807.36000000000013 94.04396135074829 1 3372.3600000000001 2.5000000000000004 2 74.683333333333351 320.59500000000008 3 4 3056.7900000000004 290.89000000000004 1.9848336760859071 58.350541291031405 45.516666666666673 4168.3500000000013 429.19500000000005 1832.8900000000003 1734.8500000000001 67.093963894781709 1361.7500000000002 1080.6650000000004 115.07142857142858 -1.0000000180025095e-35 5 185.58333333333334 111.08333333333336 298.25000000000006 720.34500000000014 54.478435474689782 800.36500000000012 1.5000000000000002 96.305935656820864 59.584613581083033 269.93000000000006 1981.1150000000005 6 1800.4400000000003 181.58333333333334 1691.5150000000001 554.27500000000009 1199.6800000000001 1898.5450000000003 4333.0950000000003
decision_type=2 2 2 2 2 2 2 2 2 2 2 2 2 2 2 2 1 2 2 2 1 2 2 1 2 2 1 1 2 2 2 2 2 2 2 2 2 2 2 2 2 2 1 2 2 2 2 2 2 2 2 2 2 2 1 2 2 2 2 2 2 2
left_child=1 3 32 4 7 15 13 9 18 11 16 -1 36 14 30 22 17 -6 34 47 21 -14 23 25 -24 -3 29 -15 -11 -8 55 -20 49 -25 37 -36 50 -5 -22 44 -28 -9 43 48 -31 -45 -32 -16 -7 -2 -10 56 -42 -54 -26 -4 -44 -43 -41 -50 -33 -29
right_child=2 5 6 8 10 42 26 41 12 28 -12 -13 20 27 19 -17 -18 -19 31 -21 38 -23 24 33 54 -27 40 61 -30 39 46 60 -34 -35 35 -37 -38 -39 -40 58 52 57 51 45 -46 -47 -48 -49 59 -51 -52 -53 53 -55 -56 -57 -58 -59 -60 -61 -62 -63
leaf_value=0.97008219591501188 -2.0080077911166963 0.027489199805516763 -1.6214682758299468 -0.75179206831980427 6.4293873039802225 3.7149908399523088 -1.0031122166155073 -1.3739116519224013 0.47437210420079801 0.16586765386958149 0.093549616555586829 2.2988345200699825 0.76431539672094218 0.25432563530458729 -1.698895690811314 4.4053550877300136 0.61370601573548533 3.3845934658844214 -1.1956562119694343 3.048488534242094 0.92426562576906124 -0.61578832064792488 -2.3820868469057825 0.1973647390882011 -0.069008847422257699 -2.2869812192624792 -1.2130134399474686 -0.10091452166533516 -1.1640391355276081 1.5716733410409878 -1.340098153104037 -2.5931796807227543 -2.1348178037526586 -2.0814944052667701 1.7230809468761294 -1.2293849042423852 -0.39368278014153441 2.2350426713493539 2.8341130391644223 -1.2824383295455524 -1.9729327069875708 3.1408557056703277 1.0919206641815002 -0.63892228094818471 0.08039610008738976 2.3729009454035337 0.40503174686675014 -1.1307305402927632 -1.311082004815276 -3.264477678617216 4.8932282113285268 0.94640713060975623 0.27462159748067061 -0.88505607984836421 -1.2770119660457473 1.2666514107913827 4.8202829131335276 1.1951755838394729 0.29633080698230679 2.2772567331520341 0.76638270844456791 -1.2655684293056624
leaf_weight=1931 242 185 464 299 150 24 57 37 230 617 227 2855 411 258 2391 28 187 2001 878 29 717 186 692 532 245 669 497 61 225 40 346 22 2680 57 109 63 472 28 98 70 36 729 27 120 61 35 145 295 21 3281 22 82 376 99 328 33 99 74 288 28 96 203
leaf_count=1931 242 185 464 299 150 24 57 37 230 617 227 2855 411 258 2391 28 187 2001 878 29 717 186 692 532 245 669 497 61 225 40 346 22 2680 57 109 63 472 28 98 70 36 729 27 120 61 35 145 295 21 3281 22 82 376 99 328 33 99 74 288 28 96 203
internal_value=-0.00199885 0.00250647 -0.00797156 0.00386042 0.00538264 -0.00288189 -0.00508736 0.00411837 5.84755e-05 0.00334754 0.00854264 0.00407705 0.00217391 -0.00649539 -0.00706624 -0.0041621 0.00930158 0.00989438 -0.00292891 -0.00807119 0.00371025 0.000963115 -0.00437108 -0.00282676 -0.00608241 -0.0049308 -0.00114604 -0.00233333 -0.000739645 0.00160681 -0.00423814 -0.00445445 -0.0106329 0.000228405 2.49004e-05 0.004 -0.000756534 -0.00193182 0.00557065 0.00284091 -0.00259549 0.00919336 0.00501139 0.00165975 0.00805288 -0.000870253 -0.00179656 -0.00824656 0.00773026 -0.0114684 0.00235294 0.00791855 -0.000656615 0 -0.0031467 -0.006525 0.0114341 0.00963089 0.00117729 0.00168269 0.00103306 -0.00541516
internal_weight=27788 15836 11952 12664 9033 3172 5749 6468 3631 5628 2565 4786 2136 4225 3703 2736 2338 2151 1495 2715 1412 597 2708 1443 1265 854 1524 522 842 516 988 996 6203 589 499 172 724 327 815 459 1008 840 436 228 101 155 491 2686 73 3523 252 208 511 475 573 497 126 803 358 49 118 264
internal_count=27788 15836 11952 12664 9033 3172 5749 6468 3631 5628 2565 4786 2136 4225 3703 2736 2338 2151 1495 2715 1412 597 2708 1443 1265 854 1524 522 842 516 988 996 6203 589 499 172 724 327 815 459 1008 840 436 228 101 155 491 2686 73 3523 252 208 511 475 573 497 126 803 358 49 118 264
cat_boundaries=0 1 2 3 4 5 6 7
cat_threshold=1 2123 112 448 460 303 2292
is_linear=0
shrinkage=0.05


Tree=16
num_leaves=63
num_cat=16
split_feature=15 14 17 21 1 19 21 21 21 15 17 17 18 1 2 5 1 19 17 23 22 0 18 2 2 1 19 2 21 21 17 21 0 21 17 2 17 18 6 21 17 9 19 5 5 15 1 2 1 1 17 18 14 14 22 21 9 17 2 5 5 19
split_gain=282.95 43.7949 43.2742 36.1139 12.7943 12.0055 11.5266 10.5121 7.40587 7.20092 5.62179 5.19361 6.71003 4.64852 4.48578 4.42853 4.18814 3.77884 4.13332 2.97332 3.34029 2.86901 2.85594 2.82416 2.55361 2.54907 2.48757 2.44862 2.35689 2.2858 2.1349 2.39881 2.22694 2.04243 2.01812 1.88467 1.8185 1.78781 1.78456 1.9671 1.73584 1.67679 1.65533 1.64044 1.60056 2.7261 1.55713 1.49043 1.44853 1.43504 1.40594 1.3177 1.14103 1.04983 1.03405 0.986384 1.95152 1.53448 0.974796 0.969449 0.955674 0.917717
threshold=3.5000000000000004 1.5000000000000002 1.7486267011887235 61.519230769230781 0 1552.8850000000002 100.06250000000001 164.87500000000003 209.58333333333334 1.5000000000000002 2.0296402017298001 2.2025288160547909 0.21225704097312642 1 2 69.500000000000014 3 1402.5550000000001 1.3995286977944457 5.5000000000000009 54.478435474689782 4 0.74945209057266682 5 6 7 3023.3750000000005 8 241.25000000000003 175.58333333333334 1.1460828076313609 115.07142857142858 9 45.035714285714292 2.0376063934137503 10 1.4980687380625093 1.7698010873772743 3372.3600000000001 11.125000000000002 2.11035520728332 1585.5300000000004 1092.9550000000002 66.500000000000014 78.500000000000014 2.5000000000000004 11 12 13 14 1.2870095444456353 0.99610095960538314 1.5000000000000002 1.5000000000000002 89.40837939254655 185.58333333333334 800.36500000000012 2.4000028183304218 15 136.50000000000003 89.500000000000014 276.29000000000008
decision_type=2 2 2 2 9 2 2 2 2 2 2 2 2 9 1 2 9 2 2 2 2 1 2 1 1 9 2 1 2 2 2 2 1 2 2 1 2 2 2 2 2 2 2 2 2 2 9 1 9 9 2 2 2 2 2 2 2 2 1 2 2 2
left_child=1 2 8 33 11 10 19 16 9 43 14 22 58 -12 -6 29 -3 18 -11 20 21 41 27 38 -23 -22 -17 -4 -14 -7 32 51 -8 53 -21 55 -35 -36 39 -18 -24 -5 -27 -1 -25 -46 -19 -10 -38 59 -51 52 -32 -2 -37 56 -9 -57 -13 -33 -45 -59
right_child=3 7 4 6 5 15 30 35 47 17 13 12 28 -15 -16 26 23 46 -20 34 25 24 40 44 -26 42 -28 -29 -30 -31 31 49 -34 36 37 54 48 -39 -40 -41 -42 -43 -44 60 45 -47 -48 -49 -50 50 -52 -53 -54 -55 -56 57 -58 61 -60 -61 -62 -63
leaf_value=-4.5764105747569745 -2.0633739618842224 0.030075553133637457 2.2720271302369839 -1.4499199083928769 1.7037342970776994 -1.4223711047342704 -1.1419702309463819 3.7378486566485662 3.2858402304631817 -0.29797112344871124 1.0934602609949324 -0.21407779156691265 5.4328719827823626 3.3610457719251232 0.40444645113363475 1.3120206414482056 0.42115271734924459 0.3752984896970219 0.63330063957562011 -1.565702993511475 -2.3878387018497538 0.76422234523938359 2.365804460858405 -2.9836731585949248 -1.2262096479016553 1.2882077960192928 -1.4865779754519322 0.16564312310314905 6.363004847400143 3.0471312834946271 0.017870136006418135 -1.4230694599258706 0.50119197117837266 -2.1577367884295833 -0.8291959786442441 3.4768783938743284 -0.58768948593118342 0.96988304966318284 -1.5145186125421231 -0.58121430057169476 0.20633707873164867 -1.0215318112369545 -0.61588464580745605 3.9394777447018727 -0.67011093216906448 -1.6856701914702983 -1.251855650750757 0.88717488060693594 -1.8096712096250283 2.1603772905345098 0.38605688384535103 0.011689467813319254 -1.6794820631891505 -3.111736603669959 1.1081608969033503 -1.0437108732116218 -0.072984874608255979 7.758519056236409 2.6762349044092244 0.31784234706825032 2.9796447719576555 -0.19527311792299074
leaf_weight=28 223 458 286 1052 652 465 366 22 219 2313 355 111 1385 1841 842 785 210 105 1005 1913 104 153 462 491 374 178 98 325 113 39 60 59 120 1914 143 137 112 31 184 219 55 221 56 153 528 666 607 168 736 43 406 247 174 3218 63 62 39 31 144 49 108 62
leaf_count=28 223 458 286 1052 652 465 366 22 219 2313 355 111 1385 1841 842 785 210 105 1005 1913 104 153 462 491 374 178 98 325 113 39 60 59 120 1914 143 137 112 31 184 219 55 221 56 153 528 666 607 168 736 43 406 247 174 3218 63 62 39 31 144 49 108 62
internal_value=-0.00205102 0.00232969 0.00364727 -0.00785864 0.00589436 0.00432957 -0.00498305 -0.00291339 -0.000143343 -0.000749075 0.00582859 0.00858241 0.0103573 0.00745794 0.00339011 0.000332734 -0.00404132 -0.00130796 -0.000579645 -0.00632982 -0.00493928 -0.0057959 0.00583554 -0.00490048 -0.00252358 -0.000219941 0.00249718 0.00335912 0.0116422 -0.00335306 -0.00121153 2.40154e-05 -0.00393661 -0.010512 -0.00772129 0.00441527 -0.00935805 -0.00211864 -0.00177716 0 0.00862981 -0.00710227 0.00253036 0.00680651 -0.00598498 -0.0049081 -0.00461538 0.00644231 -0.00716804 0.00229911 0.00354437 -0.00250517 -0.00516878 -0.0114148 0.00774648 0.000655022 0.00605469 -0.00118671 0.00256783 -0.00247934 0.00809659 0.00247396
internal_weight=27788 15836 12664 11952 7958 5077 5749 3172 4706 4319 3690 2881 1753 2196 1494 1387 2756 4030 3318 4225 2138 1800 1128 2298 527 338 883 611 1498 504 1524 1038 486 6203 2087 416 2762 174 613 429 517 1273 234 289 1685 1194 712 387 848 557 449 481 234 3441 200 216 61 155 255 108 261 93
internal_count=27788 15836 12664 11952 7958 5077 5749 3172 4706 4319 3690 2881 1753 2196 1494 1387 2756 4030 3318 4225 2138 1800 1128 2298 527 338 883 611 1498 504 1524 1038 486 6203 2087 416 2762 174 613 429 517 1273 234 289 1685 1194 712 387 848 557 449 481 234 3441 200 216 61 155 255 108 261 93
cat_boundaries=0 2 4 5 7 8 9 10 12 13 14 15 17 18 20 22 23
cat_threshold=348743223 247976 2281734208 13330 697 294019608 213000 1 2183 224 528512 4224 574 1 303 524289 16384 2516 33554464 295056 9179200 262272 2245
is_linear=0
shrinkage=0.05


Tree=17
num_leaves=63
num_cat=17
split_feature=14 17 21 17 23 21 1 10 19 14 17 21 1 21 17 19 2 1 2 1 1 10 21 1 5 21 8 1 1 17 5 21 5 2 22 17 8 19 19 1 8 0 5 22 2 5 19 2 17 8 19 17 8 23 5 5 5 5 1 10 10 0
split_gain=211.425 98.3134 41.027 23.5523 13.321 12.1806 10.8944 10.0789 9.94264 9.60965 9.01705 6.08939 5.7792 5.10185 5.0263 5.33824 4.58136 3.68265 3.67483 3.622 3.5379 3.89762 3.48343 3.39231 3.15547 3.03486 2.92052 2.85034 2.83062 2.13823 4.81122 2.43446 1.90172 1.86227 1.857 1.74986 1.63865 2.55876 1.99008 1.76047 1.62124 1.80339 1.61736 1.5601 1.55383 1.54476 1.51988 1.44039 1.30492 2.55901 1.19592 1.17595 1.04564 1.03943 0.980667 0.931296 1.9128 0.914412 0.860233 0.855161 0.789977 0.770071
threshold=1.5000000000000002 1.4312415981245266 115.07142857142858 1.7155094130185395 5.5000000000000009 217.16666666666671 0 1.0000000180025095e-35 1552.8850000000002 2.5000000000000004 2.2388070887983775 103.86607142857144 1 125.55000000000001 2.5203289142381737 2592.2250000000004 2 3 4 5 6 719.04000000000008 60.035714285714292 7 138.50000000000003 50.527777777777786 352.30500000000006 8 9 2.9091240828828768 78.500000000000014 77.050000000000011 66.500000000000014 10 103.66701497482299 1.8662752725601452 273.03500000000008 2883.1600000000008 1713.8300000000002 11 1654.3250000000003 12 41.500000000000007 138.08105789622593 13 19.500000000000004 276.29000000000008 14 2.5454033322097023 1059.8950000000002 191.59499999999971 1.8662752725601452 499.74500000000006 2.5000000000000004 168.50000000000003 123.50000000000001 328.50000000000006 81.500000000000014 15 1591.9200000000003 257.29500000000002 16
decision_type=2 2 2 2 2 2 9 2 2 2 2 2 9 2 2 2 1 9 1 9 9 2 2 9 2 2 2 9 9 2 2 2 2 1 2 2 2 2 2 9 2 1 2 2 1 2 2 1 2 2 2 2 2 2 2 2 2 2 9 2 2 1
left_child=1 4 3 22 7 6 14 32 10 17 16 -6 -12 20 40 26 -8 33 28 24 21 -9 53 47 -10 -11 -16 35 -4 31 -31 -19 -1 -5 -22 -20 38 39 -7 -38 41 -3 -17 50 -25 -37 -47 -15 49 59 52 -41 -29 -2 -42 -34 -57 -35 -21 -30 -24 -13
right_child=2 5 18 9 11 36 8 13 19 25 12 61 -14 23 15 42 -18 29 27 58 34 -23 60 44 -26 -27 -28 43 48 30 -32 -33 55 57 -36 45 37 -39 -40 51 54 -43 -44 -45 -46 46 -48 -49 -50 -51 -52 -53 -54 -55 -56 56 -58 -59 -60 -61 -62 -63
leaf_value=-4.122590046019126 -0.67361411201948462 2.1734367303372126 -0.63044165625979931 -0.76525153805990842 -1.7167311558959994 -0.6115588439150792 1.3227831483859003 0.78818606659851587 -0.2981618130662817 -2.7546907977113899 1.982577395545414 -0.0098164896734246557 4.2879869474915884 -0.092925897371079466 1.007928643629161 -2.0142617158117759 0.31910701104549166 -1.6228438911772713 -0.63317218272590026 -1.7681712396218625 -1.1393700380569307 -0.70092491238177679 -0.22916253871309991 0.48887185059048904 2.2289535818598516 -1.1725542702062872 6.6070030405052851 -2.2351769512472233 0.56607473488268989 -2.6686939981581776 -0.26971981367215359 -0.78469672582977812 3.2170923259948725 -1.5703681918016004 1.0685720333066191 -0.9199952288165012 1.703600373066279 -1.1621728314426889 5.8405023348056746 2.1737161395475737 1.4254546516988995 0.86766765433776316 1.7859487731912005 3.5316663722177633 -0.37919450970878688 4.8072130329324656 0.99477820423267793 1.7754884075590327 3.7829811000534579 3.6368977429869078 -1.542519886923178 3.3349632965727212 0.23375791544063845 -2.599849949008104 -1.3482099633461819 -1.6721148799549757 4.8057162137365381 1.4213614818577875 -0.49396687979100734 -1.1161763286205186 -1.7201181469714406 1.101671771149503
leaf_weight=35 34 699 111 217 1297 30 1292 289 531 1067 701 109 1146 123 64 27 1533 880 73 138 1847 1007 22 319 440 450 732 38 128 446 918 821 193 35 24 32 108 21 21 179 33 240 92 31 890 80 158 224 109 47 185 704 117 3858 40 66 59 122 609 33 1876 38
leaf_count=35 34 699 111 217 1297 30 1292 289 531 1067 701 109 1146 123 64 27 1533 880 73 138 1847 1007 22 319 440 450 732 38 128 446 918 821 193 35 24 32 108 21 21 179 33 240 92 31 890 80 158 224 109 47 185 704 117 3858 40 66 59 122 609 33 1876 38
internal_value=-0.00207081 0.00169779 -0.00711462 -0.00807284 -0.00301242 0.00497709 0.00431941 -0.00179169 0.00329143 -0.00551522 0.00449198 -0.00725639 0.00722297 -0.00240954 0.00763531 0.0104167 0.00268299 -0.00402019 0.0018559 1.45264e-05 -0.00356073 -0.00145149 -0.0102494 -3.20718e-05 0.00204522 -0.00885691 0.0118899 -0.000309491 0.00544218 -0.00458496 -0.00303584 -0.00581719 0.00628511 0.000581395 -0.00495621 0.0028441 0.0100492 0.0104926 0.000231481 0.0108778 0.00512315 0.00569268 0.000102459 -0.00335286 -0.00131956 0.00485348 0.0063278 0.00420139 0.00784091 0.00521327 -0.00451895 0.0116211 -0.000870253 -0.0111553 -0.00148026 0.00755452 0.00341797 0.00463235 -0.00254934 0.00175305 -0.00835087 0.00208333
internal_weight=27788 15900 11888 10746 6520 9380 8317 5076 6390 4956 4672 1444 1847 4723 1927 915 2825 3439 1142 1718 3167 1296 5790 1556 971 1517 796 714 428 3065 1364 1701 353 374 1871 343 1063 1012 51 991 1012 939 119 371 1209 270 238 347 317 208 340 883 155 3892 73 318 125 157 747 161 1898 147
internal_count=27788 15900 11888 10746 6520 9380 8317 5076 6390 4956 4672 1444 1847 4723 1927 915 2825 3439 1142 1718 3167 1296 5790 1556 971 1517 796 714 428 3065 1364 1701 353 374 1871 343 1063 1012 51 991 1012 939 119 371 1209 270 238 347 317 208 340 883 155 3892 73 318 125 157 747 161 1898 147
cat_boundaries=0 2 4 5 7 8 10 12 14 16 18 19 21 22 23 24 26 27
cat_threshold=340354083 246056 2282918088 1053714 697 10633728 737304 2752 2717942276 262275 19490506 999590 210240071 99361 2718957573 86160 4096 266897 917 304480256 266240 1 288 201 18878736 8192 1
is_linear=0
shrinkage=0.05


Tree=18
num_leaves=63
num_cat=5
split_feature=15 21 14 17 21 21 21 7 15 21 6 10 7 16 10 17 21 0 17 7 9 22 15 3 21 16 3 17 21 16 6 17 21 23 22 7 4 17 7 17 10 22 17 22 16 17 6 21 14 10 22 17 23 21 17 16 17 10 10 17 3 16
split_gain=245.978 38.3873 34.7882 34.2553 10.5359 8.91514 8.67788 7.44111 5.97654 6.00771 5.02141 4.7202 4.529 4.33499 3.68638 3.31743 3.01888 2.92937 2.85266 2.95467 2.69865 2.43053 2.67522 2.84929 2.84864 2.56292 2.39204 2.14446 2.10383 2.038 2.00988 2.00443 1.78214 1.77818 1.75526 1.71916 1.7008 1.69254 2.65127 1.6623 1.57592 1.49452 1.39746 1.42691 1.26106 1.38096 1.25776 1.2256 1.15404 1.1457 1.14184 1.66354 1.11359 0.993135 0.954336 0.948084 0.881732 0.872318 0.869686 0.86592 0.79289 0.762167
threshold=3.5000000000000004 61.519230769230781 1.5000000000000002 1.7486267011887235 163.12500000000003 221.16666666666671 100.06250000000001 936.58500000000015 1.5000000000000002 132.29166666666671 4496.4800000000005 862.8850000000001 299.3250000000001 1.5483927647040365 807.36000000000013 1.3995286977944457 45.035714285714292 0 1.3598411847406686 828.23500000000013 413.35000000000014 115.27105667343501 2.5000000000000004 1 74.683333333333351 1.9019869049200084 2 1.4980687380625093 128.08333333333334 1.6128502522714705 1376.8900000000001 2.1590561702640341 146.55000000000004 4.5000000000000009 51.557410731671894 226.83500000000001 3 2.0296338026135485 1099.4100000000001 2.9091240828828768 2204.4950000000003 55.60890018603483 2.0296710988017153 67.093963894781709 1.9493873084829956 1.1511036076486525 1734.8500000000001 122.10000000000001 1.5000000000000002 1455.2150000000004 1.0000000180025095e-35 2.4806825284506257e-05 5.5000000000000009 109.08333333333336 1.9741694744320704 0.36811305843325343 1.6264850510533846 1450.8800000000003 494.16000000000008 2.5454033322097023 4 2.5681143162342992
decision_type=2 2 2 2 2 2 2 2 2 2 2 2 2 2 2 2 2 1 2 2 2 2 2 1 2 2 1 2 2 2 2 2 2 2 2 2 9 2 2 2 2 2 2 2 2 2 2 2 2 2 2 2 2 2 2 2 2 2 2 2 1 2
left_child=2 16 3 8 21 7 13 11 50 14 17 12 -5 31 20 40 48 -9 30 -20 -10 22 23 35 -24 -25 44 -18 -13 59 52 55 -17 -21 -16 -4 54 58 49 -26 -11 -32 43 46 53 47 -28 -46 -2 -39 51 -1 -15 -8 -6 -3 -57 -55 -7 -29 -60 -31
right_child=1 6 4 5 36 37 26 10 9 15 -12 28 -14 18 34 32 27 -19 19 33 -22 -23 24 25 39 -27 42 29 -30 61 41 -33 -34 -35 -36 -37 -38 38 -40 -41 -42 -43 -44 -45 45 -47 -48 -49 -50 -51 -52 -53 -54 57 -56 56 -58 -59 60 -61 -62 -63
leaf_value=3.581649241167034 -1.8888027339411879 -1.4073365388838006 0.13435158625924828 0.37207338144668256 -0.39647626052554019 3.693564819013976 -1.1207735731460453 3.0148244813681964 -0.33427916099084598 -0.12374791590538053 -0.1285824995504104 -0.18326035411122135 2.2047892231363337 0.21562222975195056 -1.1094119341936111 -0.10198932925958992 -1.9319526349337643 0.7837379517571037 -0.83751277188833528 0.80444234587727481 0.79653187963464844 4.0789818256699082 -2.1011114558016639 -0.71781127897011354 -0.8779040610548251 0.95181609729568073 -0.1079689415009245 -1.926247575032999 0.94127879585004737 -1.1524258153750642 -1.2799113378631291 -0.5727972474822679 1.5280634096285728 -0.44723179947578307 -0.064966946145470675 -2.268678803230936 0.47686953987619773 3.3546298055558887 4.5126529632407655 0.81379496537254714 1.0624943374573064 -0.48951373690132699 0.86585526291075332 -0.032143479054701628 0.18675684674190834 1.2845400780868297 -1.138473302211277 -1.1556926587169738 -2.8230310027856755 -0.053995178985903183 -0.69692431325509008 2.4044064778455416 -1.8504745900989754 -0.84823576928104394 2.8762155332497357 -1.8651928862618623 -1.2390168022948871 1.1786012077800423 1.9264877435354919 -0.45465439801889379 0.70883974883425793 0.55389716561592306
leaf_weight=145 223 158 91 617 25 51 68 2052 728 1056 220 859 2918 133 1268 110 1914 213 471 148 336 28 692 630 505 220 132 517 193 238 1381 105 458 211 267 504 245 388 144 78 143 160 163 212 116 164 501 36 3218 23 29 166 107 71 154 828 523 61 165 46 115 47
leaf_count=145 223 158 91 617 25 51 68 2052 728 1056 220 859 2918 133 1268 110 1914 213 471 148 336 28 692 630 505 220 132 517 193 238 1381 105 458 211 267 504 245 388 144 78 143 160 163 212 116 164 501 36 3218 23 29 166 107 71 154 828 523 61 165 46 115 47
internal_value=-0.002105 -0.00751987 0.00197929 0.00315386 -0.00269291 0.00515325 -0.00455711 0.00454417 -0.000217668 -0.000726711 0.00676748 0.00332516 0.00420082 -0.0057267 -0.00226268 0.00150424 -0.0102542 0.00746803 -0.00441373 -0.00189076 0 -0.00383497 -0.00400294 -0.00246029 -0.00570227 -0.000492468 -0.00127701 -0.00890597 0.000331754 -0.00658049 -0.00555633 -0.00780767 0.00464098 0.00141575 -0.00382802 -0.00507813 0.00456674 0.00992688 0.0117608 -0.00296502 0 -0.00622571 -0.00269344 -0.00355248 0.00141777 0.00344828 -0.00473664 0 -0.0113132 0.00932971 0.00612245 0.00704618 -0.00102881 -0.00147783 0.00813802 -0.00827546 -0.00874261 0.000740741 0.00662425 -0.00837014 0.00512367 -0.00282118
internal_weight=27788 11952 15836 12664 3172 7958 5749 7072 4706 4366 2485 4587 3535 4225 2599 1767 6203 2265 2611 830 1064 2748 2720 1445 1275 850 1524 2762 1052 848 1781 1614 568 359 1535 595 424 886 555 583 1199 1541 1008 845 516 316 633 152 3441 411 340 311 240 200 179 1509 1351 132 331 563 280 285
internal_count=27788 11952 15836 12664 3172 7958 5749 7072 4706 4366 2485 4587 3535 4225 2599 1767 6203 2265 2611 830 1064 2748 2720 1445 1275 850 1524 2762 1052 848 1781 1614 568 359 1535 595 424 886 555 583 1199 1541 1008 845 516 316 633 152 3441 411 340 311 240 200 179 1509 1351 132 331 563 280 285
cat_boundaries=0 1 2 3 4 5
cat_threshold=1 1 2 18 10
is_linear=0
shrinkage=0.05


Tree=19
num_leaves=63
num_cat=16
split_feature=15 21 14 17 1 19 21 21 17 21 2 5 21 1 2 5 1 17 19 21 1 21 1 21 17 17 17 2 5 16 10 1 17 17 16 2 16 1 21 19 5 18 2 17 16 11 17 19 21 1 21 5 6 2 18 16 1 1 5 5 6 16
split_gain=233.388 39.2307 31.4509 31.6714 10.6268 11.2058 9.33652 8.6322 6.00819 5.5239 5.40943 4.1567 4.06596 3.90417 3.89771 3.81236 3.76414 3.5924 4.74133 3.61158 3.36415 3.35766 3.31422 3.10024 2.89671 2.52341 2.40323 2.20805 2.19649 2.1075 2.09976 2.0356 2.18296 2.01851 1.99034 1.81904 1.78876 1.77961 1.74466 1.64895 1.59249 1.58706 1.54466 1.80861 1.65129 1.51138 1.47931 1.40926 1.47922 1.36808 1.64941 1.82504 1.29434 1.23413 1.42975 1.20864 1.203 1.11278 1.10342 1.26489 1.04281 1.02425
threshold=3.5000000000000004 61.519230769230781 1.5000000000000002 1.7486267011887235 0 1288.155 134.41666666666671 100.06250000000001 2.2388070887983775 183.16666666666671 1 138.50000000000003 172.37500000000003 2 3 231.50000000000003 4 2.2025288160547909 2592.2250000000004 250.16666666666671 5 48.516666666666673 6 45.035714285714292 2.7499978736795563 1.3683460967874435 1.4980687380625093 7 319.50000000000006 1.5000027216611571 132.45000000000002 8 2.3810584830175308 1.8181843054511293 1.941185080549509 9 2.5681143162342992 10 135.55000000000004 1257.9650000000004 41.500000000000007 0.74945209057266682 11 2.0098902678645172 1.7447392543971907 827.43500000000006 1.3598411847406686 1539.2600000000002 11.125000000000002 12 135.55000000000004 66.500000000000014 2012.74 13 0.64159633720684039 2.2843268105618089 14 15 19.500000000000004 172.50000000000003 2012.74 0.56677021336914979
decision_type=2 2 2 2 9 2 2 2 2 2 1 2 2 9 1 2 9 2 2 2 9 2 9 2 2 2 2 1 2 2 2 9 2 2 2 1 2 9 2 2 2 2 1 2 2 2 2 2 2 9 2 2 2 1 2 2 9 9 2 2 2 2
left_child=2 23 3 9 17 8 15 16 14 10 21 12 -7 -10 -6 20 42 28 19 -19 61 30 45 55 -13 -23 -25 -11 41 -22 -1 -8 -33 34 -18 39 37 60 -24 -9 -20 -5 43 52 -44 -12 -36 48 -17 -37 -51 -52 -3 -35 -55 -2 -31 -29 -34 -60 -28 -4
right_child=1 7 6 4 5 11 31 35 13 27 22 24 -14 -15 -16 47 33 18 40 -21 29 25 38 26 -26 -27 36 57 -30 56 -32 32 58 53 46 49 -38 -39 -40 -41 -42 -43 44 -45 -46 -47 -48 -49 -50 50 51 -53 -54 54 -56 -57 -58 -59 59 -61 -62 -63
leaf_value=3.4025667791086818 -2.7245229169131693 -0.37180635874226625 0.15653626307842644 0.7391074319129104 -0.072789790052972592 -0.72789553152027797 -1.0396109583940896 0.270751990952947 4.839249324851127 -0.23212218948589688 2.0956449292266952 0.093505049645405694 1.9883722704863798 2.5285893302221072 1.353224040643038 5.9862995696113321 -1.5639070573968228 4.895356937557505 -1.9421205327839843 6.5970306890632662 -1.4074260609374953 -0.20287373757653102 -1.0735200155531075 -1.8353550031870762 2.5967868929870259 0.5951156165551893 1.1144627540623744 0.17375330939981704 3.9637333775061254 1.2380996344170627 0.59426515759557508 -0.029644290988161973 -1.924461205784898 -1.1006947450623359 -0.8082938080730302 -0.88528405498899909 0.52620230733512696 -1.6580466660982442 -0.2751476988032252 -1.0486385842100838 2.345673718670561 1.949735567361524 -1.7089906651330642 0.50109259669605144 -1.0940697001960611 -0.22060844751367839 0.53174914850724664 -1.5242488551814581 0.066154272750114984 -0.39091058098052117 -0.53814679109279806 3.1088716312624709 -1.0052564776948205 -1.1921845135471489 1.3889294305690147 -2.0320576775721997 -0.52680662541238343 1.8774027018506005 3.8167083507193746 0.92507411368699199 -0.64621526342829017 -1.7512690269370061
leaf_weight=161 3063 163 29 410 477 1106 106 448 660 120 119 438 144 858 1578 77 390 1086 30 86 627 1078 829 1914 523 423 26 108 106 117 268 171 20 117 521 446 47 698 293 68 125 331 1058 75 1224 870 111 67 120 491 37 34 448 22 96 378 506 437 160 122 77 1050
leaf_count=161 3063 163 29 410 477 1106 106 448 660 120 119 438 144 858 1578 77 390 1086 30 86 627 1078 829 1914 523 423 26 108 106 117 268 171 20 117 521 446 47 698 293 68 125 331 1058 75 1224 870 111 67 120 491 37 34 448 22 96 378 506 437 160 122 77 1050
internal_value=-0.0021032 -0.00737767 0.00187512 0.00299203 0.00491458 0.00375194 -0.00256693 -0.00438326 0.00549147 -0.000249522 -0.000955119 0.000931572 -0.000937749 0.00790598 0.00367468 -0.0038569 -0.00554931 0.00792181 0.00963346 0.0107234 -0.00450793 0.000939269 -0.00270127 -0.0101414 0.00341027 -0.00014129 -0.00877939 0.00394835 0.00525 -0.00259303 0.00483218 0.00311426 0.00450103 -0.00308071 -0.00407317 -0.00111329 -0.00634548 -0.00691853 -0.00455947 0.00122873 0.00102848 0.00414987 -0.00654143 -0.00404149 -0.00724401 -0.000511477 -0.00220472 0.00168539 0.0039375 -0.00235064 -0.000565217 0.00625 -0.0050285 0.000892857 0.00438931 -0.0112115 -0.000459265 0.00526434 0.00713115 0.00798246 0 -0.00658196
internal_weight=27788 11952 15836 12664 7958 5784 3172 5749 3573 4706 4041 2211 1250 1518 2055 2593 4225 2174 1327 1172 2329 1930 2111 6203 961 1501 2762 665 847 1250 429 579 473 1257 1022 1524 848 801 1122 516 155 741 2968 686 2282 989 632 264 197 1008 562 71 611 235 118 3441 623 545 302 282 103 1079
internal_count=27788 11952 15836 12664 7958 5784 3172 5749 3573 4706 4041 2211 1250 1518 2055 2593 4225 2174 1327 1172 2329 1930 2111 6203 961 1501 2762 665 847 1250 429 579 473 1257 1022 1524 848 801 1122 516 155 741 2968 686 2282 989 632 264 197 1008 562 71 611 235 118 3441 623 545 302 282 103 1079
cat_boundaries=0 2 3 5 6 8 10 12 13 15 16 18 19 21 22 24 26
cat_threshold=340354599 245800 692 570425616 262273 3076 2734986678 799155 2256048611 262321 101270147 361135 1546 34607112 266752 448 33554432 295058 648 546209793 49664 543 393728 114690 2147745808 283136
is_linear=0
shrinkage=0.05


Tree=20
num_leaves=63
num_cat=5
split_feature=14 17 17 21 10 21 21 14 19 17 21 2 16 7 17 21 5 22 5 22 19 21 18 7 21 2 17 16 7 16 17 22 5 17 2 5 19 2 5 11 21 7 21 10 10 16 16 22 11 22 5 22 17 22 22 10 2 17 7 7 21 16
split_gain=183.143 76.1238 39.7429 16.7701 10.2684 10.095 9.66378 8.69435 8.36583 11.0571 6.99256 4.56729 4.49626 4.37826 4.08278 4.06089 3.72445 3.68293 3.58802 3.48897 3.34351 3.16348 2.91746 2.60768 2.51916 2.45157 2.41661 2.3379 2.33578 2.3313 2.30488 2.19417 2.17834 2.01923 1.86139 1.84833 1.74368 1.67246 1.60809 1.59293 1.58644 1.50356 1.61051 1.43014 1.38229 1.3659 1.36551 1.28558 1.23094 1.18337 1.18155 1.15529 1.17847 1.11669 1.10074 1.08093 1.01232 0.996345 0.996337 0.972425 1.43951 0.961791
threshold=1.5000000000000002 1.4312415981245266 1.7155094130185395 116.08333333333336 1.0000000180025095e-35 109.08333333333336 217.16666666666671 2.5000000000000004 1402.5550000000001 2.4378056449221295 60.035714285714292 0 1.6666484538925783 299.3250000000001 2.7897346758907386 5.5000000000000009 284.50000000000006 119.43197661429348 332.50000000000006 67.093963894781709 3023.3750000000005 44.651515151515156 0.88325416531721201 881.20500000000004 163.12500000000003 1 1.033226954763961 1.9848336760859071 288.02000000000004 0.36811305843325343 1.2811186807971768 2.2153607101590729 15.500000000000002 2.0280997381408752 2 78.500000000000014 171.24000000000004 3 66.500000000000014 4615.6200000000008 78.050000000000011 479.96500000000003 281.25000000000006 277.04500000000002 945.87500000000011 1.4273235689110499 2.499005717684756 19.801514932551893 507.27500000000003 43.842521175838492 264.50000000000006 64.074435624406419 1.3598411847406686 47.706465025662972 73.190839676071391 444.04000000000002 4 2.4378056449221295 1240.0850000000003 422.80000000000001 306.50000000000006 2.0469124973085964
decision_type=2 2 2 2 2 2 2 2 2 2 2 1 2 2 2 2 2 2 2 2 2 2 2 2 2 1 2 2 2 2 2 2 2 2 1 2 2 1 2 2 2 2 2 2 2 2 2 2 2 2 2 2 2 2 2 2 1 2 2 2 2 2
left_child=1 4 10 7 38 15 8 12 9 13 -2 14 29 43 55 56 32 -15 35 26 23 -9 -20 -13 36 39 -17 -12 -18 -4 -27 -16 -11 34 -8 -14 45 -26 -1 49 -21 59 -43 -3 -31 -5 47 -23 -39 -7 -32 52 58 -36 -53 -10 -6 -38 -29 60 -35 -59
right_child=2 6 3 24 5 25 33 21 11 16 27 20 18 17 31 19 28 -19 22 40 -22 46 -24 -25 37 30 -28 51 -30 44 50 -33 -34 41 53 -37 57 48 -40 -41 -42 42 -44 -45 -46 -47 -48 -49 -50 -51 -52 54 -54 -55 -56 -57 -58 61 -60 -61 -62 -63
leaf_value=-4.0622339904522873 -2.2382967710675103 4.7498049327939471 3.0563003866292684 1.4520571562149591 1.3036210029100843 -0.16476876529255977 2.2378090945010856 -2.5401472009855173 3.795152184843869 -0.31618930477135054 -1.6005108917056248 -0.026342767972765559 -1.4933043555282195 1.0193462561324822 4.2199749651254939 -1.4582278251836815 -3.9960424649921649 2.6985968280637502 -0.19895046890286566 -1.4842905741112631 -1.9845405577808286 -2.0218903755214099 2.6234728553090996 2.4032570440163545 0.42316168577779578 -0.74759198466107335 -0.65052044954762644 -1.4725261809010464 7.2787428619929857 -0.90556135635121893 -0.27211027900670287 -1.5386506053885149 3.9579623565626747 3.5337387509431295 0.056222427959149002 -0.1231067621046492 -1.0321571570282948 -1.3322490694818947 2.7009785530104824 2.6216360287273854 0.52624477859211616 2.4733195871733855 5.1136770219506946 -1.221469274885437 -1.3360733772697841 0.21578131568107609 0.31139021321766336 -0.77313495428256529 2.6304365402039949 0.48684528388270004 0.5165262730597594 1.6493655315125464 -0.35721646592645639 4.3479155820169755 -0.53708066559455858 -0.29311921935493362 -0.91065039039296602 -0.54290790300531455 0.09300908951169902 -0.61602227779120222 0.29345341496670335 2.2339993057625605
leaf_weight=35 3892 40 47 55 125 622 248 943 82 105 1518 1381 391 3369 323 2150 21 100 28 47 255 155 32 360 211 690 1234 257 264 516 307 28 1545 77 177 806 148 22 318 34 164 250 203 207 1642 170 25 396 201 388 216 30 198 32 49 237 190 100 28 24 52 28
leaf_count=35 3892 40 47 55 125 622 248 943 82 105 1518 1381 391 3369 323 2150 21 100 28 47 255 155 32 360 211 690 1234 257 264 516 307 28 1545 77 177 806 148 22 318 34 164 250 203 207 1642 170 25 396 201 388 216 30 198 32 49 237 190 100 28 24 52 28
internal_value=-0.00213019 0.0013771 -0.00682449 -0.00390269 -0.00276713 -0.00324757 0.00426303 -0.00505869 0.00367638 0.00476875 -0.00970711 0.00133945 -0.00364358 0.00314601 0.00486823 -0.00478533 0.00784959 0.00361103 -0.0012004 -0.00526334 9.9552e-05 -0.00823752 0.0103175 0.000910264 0.00219883 -0.000558628 -0.00565397 -0.00727316 0.0133247 -0.00501019 -0.00209013 0.00865113 0.00685118 0.00878283 0.00595109 -0.00184375 -0.000124008 0.00497712 0.00544242 0.00118259 0.000759346 0.0107964 0.0123629 -0.00315 -0.00526377 0.00301535 -0.00509499 -0.00566336 0.00789195 0.000765054 0.000308935 -0.00429204 -0.00522119 0.0017455 0.000762195 0.000659938 0.000511006 -0.00286738 -0.00733507 0.0056891 0.00748106 0
internal_weight=27788 15900 11888 5916 6520 6167 9380 4981 8317 5651 5972 2666 3462 3716 670 3910 1935 3469 1257 3595 1996 1519 60 1741 935 2257 3384 2080 285 2205 1213 351 1650 1063 457 1197 501 434 353 1044 211 606 453 247 2158 225 576 551 223 1010 523 562 483 209 79 319 315 276 285 153 129 128
internal_count=27788 15900 11888 5916 6520 6167 9380 4981 8317 5651 5972 2666 3462 3716 670 3910 1935 3469 1257 3595 1996 1519 60 1741 935 2257 3384 2080 285 2205 1213 351 1650 1063 457 1197 501 434 353 1044 211 606 453 247 2158 225 576 551 223 1010 523 562 483 209 79 319 315 276 285 153 129 128
cat_boundaries=0 1 2 3 4 5
cat_threshold=780 432 984 2095 572
is_linear=0
shrinkage=0.05


Tree=21
num_leaves=63
num_cat=12
split_feature=15 20 21 21 14 17 21 21 1 20 21 20 22 22 5 6 20 1 1 2 17 20 1 11 2 8 17 5 1 2 20 7 11 19 5 11 9 19 11 2 1 21 7 17 7 1 17 21 11 7 23 19 7 16 16 21 5 23 2 17 21 20
split_gain=205.655 80.086 38.7628 15.2225 11.7681 10.0074 9.09498 8.3418 7.00943 4.99553 4.91584 4.81202 4.09842 4.05462 3.84126 3.74853 3.61611 4.04575 3.58559 3.57905 3.52829 3.48498 3.47608 3.0905 2.9899 2.94221 2.93003 2.81047 2.47461 2.83057 2.4328 2.24549 2.59412 2.17185 2.54245 1.98485 1.93329 1.79302 2.34692 1.74385 1.84564 1.70713 1.66034 2.25104 1.55913 1.52903 1.90536 1.48992 1.68452 1.45625 1.35298 1.33559 1.29895 1.44729 1.18507 1.16523 1.15945 1.15233 1.29015 1.45459 1.11118 1.00714
threshold=3.5000000000000004 245.50000000000003 61.519230769230781 202.16666666666671 1.5000000000000002 1.7689159092971671 15.859090909090911 104.53571428571429 0 298.50000000000006 179.58333333333334 137.50000000000003 67.093963894781709 21.473432734801484 34.500000000000007 4496.4800000000005 134.50000000000003 1 2 3 1.9393995071030297 68.500000000000014 4 1202.6950000000004 5 384.08500000000009 1.9393995071030297 202.50000000000003 6 7 152.50000000000003 719.76500000000021 4105.9000000000015 136.21000000000006 325.50000000000006 646.04500000000019 247.07000000000002 221.28999999999988 1637.0050000000003 8 9 245.25000000000003 828.23500000000013 1.9051537683405548 755.94000000000017 10 1.8529906708379291 270.25000000000006 761.45000000000016 2092.3150000000005 1.5000000000000002 1589.1250000000002 859.3900000000001 2.3999894285343122 1.8545165976628237 134.41666666666671 278.50000000000006 5.5000000000000009 11 1.2673608112292247 125.55000000000001 11.500000000000002
decision_type=2 2 2 2 2 2 2 2 9 2 2 2 2 2 2 2 2 9 9 1 2 2 9 2 1 2 2 2 9 1 2 2 2 2 2 2 2 2 2 1 9 2 2 2 2 9 2 2 2 2 2 2 2 2 2 2 2 2 1 2 2 2
left_child=1 3 13 4 5 16 9 11 15 26 12 20 44 30 -10 -7 17 -1 55 -12 28 27 47 -14 -18 41 -3 -20 -4 -30 -2 -15 52 34 -22 -23 -9 -27 -39 51 54 -24 -11 -44 -8 -21 -47 -5 -49 -34 -46 -38 -33 -54 -41 -6 -43 58 -13 -60 -42 -35
right_child=2 6 7 22 18 8 10 36 14 42 19 57 23 31 -16 -17 24 -19 21 45 33 35 25 -25 -26 37 -28 -29 29 -31 -32 32 49 61 -36 -37 39 38 -40 40 60 56 43 -45 50 46 -48 48 -50 -51 -52 -53 53 -55 -56 -57 -58 -59 59 -61 -62 -63
leaf_value=-0.046953329369325308 -2.2195772310982811 1.1083800867471869 -1.4415451155149228 -0.46118413469535047 0.12727870842607344 2.3247224049789481 -0.50193327079612438 -1.3393659639368849 -1.1983005053355036 6.1403498768762814 0.94796674240839673 -0.16707457951763233 2.8938282000017099 -1.818327451394999 0.49932335503897607 -1.3348214497579947 -0.46188629429170902 -1.2105338699157355 -1.703872749309931 1.1946898166460187 -0.25078985619506183 2.4030345166038245 -0.27046783609631542 2.7727234752131915 0.28377873904268824 3.4350203886150297 3.0989285479111772 0.026207010013234291 -0.75253528998383112 -1.1783735983882697 1.3648061302537 -1.0313388284492466 -1.3559900804296159 0.63865052570296621 0.98835778940559793 -0.46831500576116308 0.45064216842949067 2.1224355162846678 0.52351458222896674 -1.4858013668958039 -0.29567329990124808 2.7519563564637846 1.2935425877347235 8.3255773986042421 3.8246885470049805 1.4204592046062716 3.8657828163481387 -1.0930920226418017 4.5716941836481739 0.20085277170792823 0.22274067269059189 -2.2291342404839738 -0.41901885603552708 1.2853954173082316 -0.29101050765923447 4.28025090821464 -1.7138589094771637 -1.0880695165121985 0.42840752476375105 3.7222441498481391 1.2815963875653447 -1.0136229467225975
leaf_weight=735 3799 166 1247 160 299 1183 266 56 547 528 138 107 65 1710 3413 92 570 1162 1600 106 284 72 146 82 1445 248 261 240 1113 1172 32 102 456 35 36 684 387 347 149 126 274 130 20 273 74 69 333 23 42 21 103 34 44 39 280 43 22 91 110 36 116 245
leaf_count=735 3799 166 1247 160 299 1183 266 56 547 528 138 107 65 1710 3413 92 570 1162 1600 106 284 72 146 82 1445 248 261 240 1113 1172 32 102 456 35 36 684 387 347 149 126 274 130 20 273 74 69 333 23 42 21 103 34 44 39 280 43 22 91 110 36 116 245
internal_value=-0.00212119 0.00161311 -0.00707235 7.48783e-05 -0.00046844 0.000411202 0.00985123 -0.0040964 0.00184469 0.0129097 0.00669895 -0.00511275 0.00324621 -0.00981913 0.000780267 0.00505629 -0.00149425 -0.00305921 -0.00322169 0.00974576 -0.00558646 -0.00385205 0.00528543 0.0104167 0 0.00646919 0.0081686 -0.00504612 -0.00619519 -0.00505331 -0.0108731 -0.00808421 -0.00537594 -0.00190713 0.000773994 -0.000922266 -0.000480016 0.00823293 0.00621242 -1.02459e-05 -0.00142151 0.00207641 0.0152761 0.0188767 0.000700673 0.0116123 0.0133133 -0.000262605 0.00569853 -0.00731771 0.004375 0.00250576 -6.64894e-05 0.00421512 -0.00375895 0.00147887 0.00580645 0.000432277 0.00229492 0.00518868 0.000930521 -0.00512367
internal_weight=27788 15836 11952 13352 12085 9147 2484 5749 5235 1248 1236 4476 590 6203 3960 1275 3912 1897 2938 646 4132 2596 1267 147 2015 1042 427 1840 3532 2285 3831 2372 662 600 320 756 1273 744 496 1217 796 298 821 293 443 508 402 225 65 477 177 421 185 83 406 342 152 344 253 146 390 280
internal_count=27788 15836 11952 13352 12085 9147 2484 5749 5235 1248 1236 4476 590 6203 3960 1275 3912 1897 2938 646 4132 2596 1267 147 2015 1042 427 1840 3532 2285 3831 2372 662 600 320 756 1273 744 496 1217 796 298 821 293 443 508 402 225 65 477 177 421 185 83 406 342 152 344 253 146 390 280
cat_boundaries=0 2 4 6 7 9 10 12 13 14 16 18 19
cat_threshold=365584433 247840 68812968 345264 268591632 214024 2562 2483306514 266256 2051 58888358 798978 488 448 545652737 377488 2148270098 262658 2074
is_linear=0
shrinkage=0.05


Tree=22
num_leaves=63
num_cat=21
split_feature=20 23 20 20 21 21 17 2 21 2 21 21 1 1 21 1 21 1 22 1 21 2 19 1 17 1 2 18 20 20 19 1 7 7 2 1 21 1 17 20 19 1 8 23 4 19 17 18 10 7 17 7 20 2 7 10 1 17 7 17 2 1
split_gain=161.617 69.8422 35.653 22.2276 24.0497 21.4608 10.4375 7.41188 7.29996 7.29586 6.66978 11.7164 6.50643 5.89454 5.80072 4.22236 4.46702 4.11231 3.74471 3.71739 3.63714 3.62214 3.55779 3.41216 3.19996 3.10468 2.90564 2.72997 2.63629 2.56827 2.55461 2.53228 2.44162 2.24563 2.20716 2.2002 2.11384 2.07044 1.92651 2.2248 1.91341 1.88109 1.87636 1.70904 1.66175 1.61155 1.53573 1.96882 1.46164 1.40274 1.37981 1.34911 1.33505 1.88856 1.32979 1.31339 1.28083 1.20512 1.18524 1.94956 1.14595 1.14035
threshold=146.50000000000003 4.5000000000000009 270.50000000000006 6.5000000000000009 133.10000000000002 57.035714285714292 1.3995286977944457 0 15.859090909090911 1 11.125000000000002 64.585714285714303 2 3 101.53571428571429 4 199.58333333333334 5 1.0000000180025095e-35 6 172.37500000000003 7 1941.3150000000003 8 2.0049353783127932 9 10 0.35317706646514818 252.50000000000003 294.50000000000006 2183.6600000000003 11 154.96000000000004 755.94000000000017 12 13 44.031250000000007 14 2.5454033322097023 222.50000000000003 1120.8550000000002 15 1134.9150000000002 3.5000000000000004 16 343.96499999999997 1.7155094130185395 1.2397463924574474 1864.4100000000001 394.84000000000009 1.3721365464486655 410.30500000000006 76.500000000000014 17 2204.5350000000003 365.15000000000003 18 0.81103141465805295 828.23500000000013 1.9741694744320704 19 20
decision_type=2 2 2 2 2 2 2 1 2 1 2 2 9 9 2 9 2 9 2 9 2 1 2 9 2 9 1 2 2 2 2 9 2 2 1 9 2 9 2 2 2 9 2 2 9 2 2 2 2 2 2 2 2 1 2 2 9 2 2 2 1 9
left_child=1 3 6 7 10 36 19 25 29 12 17 41 18 40 21 50 32 55 -8 -2 33 31 -19 27 -22 -1 -13 -9 60 -4 61 -7 -17 -10 44 52 54 -25 -14 -40 43 -12 -33 -11 -21 -18 -23 -48 -46 -39 -6 -20 -16 -54 -3 -5 -36 -58 -31 -60 -15 -27
right_child=2 5 8 4 15 14 9 23 20 13 11 26 38 28 35 16 45 22 51 34 24 46 -24 37 -26 30 -28 -29 -30 58 -32 42 -34 -35 56 -37 -38 49 39 -41 -42 -43 -44 -45 48 -47 47 -49 -50 -51 -52 -53 53 -55 -56 -57 57 -59 59 -61 -62 -63
leaf_value=1.7205969680607582 -0.5795642319316745 -2.5030513160117596 2.6356255219363036 0.42513460735997488 0.46934641308705383 -1.1317262068260476 3.6571417512314124 3.2541515797012881 -0.13767623374759416 1.9778896203988694 -0.9146174091361825 0.0099353909549172673 0.52685283066978139 0.30110591564110223 -0.80291094895392312 -1.7467896916434995 3.6195668148775448 0.22209280774543885 -0.67092240304698336 -0.090759445328518498 1.5681276794481378 -1.5479455161278199 -1.6050827059221977 -0.47263110472511799 3.8834282833372415 -1.1352317055781853 -0.79165506817984266 10.456431303160086 2.2340497803584003 5.8283438817771289 -2.0428541949698591 -0.80883566584764643 0.034735252930667572 2.533333225443307 1.2305358433687872 -0.71485375520432481 -1.5279282928152025 0.047029678791470887 6.3852657289490118 -0.44923759195914847 0.57497347226065976 -1.7819967184565606 0.14858428316345657 -0.63516675861962502 0.86114257908998582 0.87989816227903228 -1.3782687095945421 -0.0093682058751610956 1.202430648227474 2.3760661049090532 2.6171957188815251 1.5308687732273094 0.87603540008693703 -0.5758818729241284 -0.032714701942744999 -1.3678254809742993 -1.2358945864995083 -0.082971403805881749 1.5554240937395094 7.9028143868165417 -0.49905703700814713 0.35477921565713583
leaf_weight=237 428 2501 187 79 125 365 428 43 234 413 251 519 612 209 158 179 162 1112 55 177 171 1419 264 216 356 281 2784 67 85 538 272 968 913 164 103 428 1620 154 33 22 230 1943 178 35 263 317 226 145 46 928 219 364 126 125 23 1080 116 547 29 275 681 560
leaf_count=237 428 2501 187 79 125 365 428 43 234 413 251 519 612 209 158 179 162 1112 55 177 171 1419 264 216 356 281 2784 67 85 538 272 968 913 164 103 428 1620 154 33 22 230 1943 178 35 263 317 226 145 46 928 219 364 126 125 23 1080 116 547 29 275 681 560
internal_value=-0.00213918 -0.00431098 0.00455431 -0.00197612 -0.00307915 -0.00788473 0.00223969 0.00198298 0.010258 0.00393139 -0.00428127 -0.00526591 0.00643418 0.00155312 -0.00530669 0.00193561 0.000765467 -0.00212273 0.009375 -0.000920974 0.00688308 -0.00625378 -0.000215983 0.00450387 0.00964623 -0.000641966 -0.00335375 0.0128049 -0.000898279 0.0132146 -0.0017873 -0.00425689 -0.000958904 0.00305486 0.000434783 -0.00150298 -0.0104413 0.00364226 0.00251838 0.0114224 0.0051013 -0.00811334 -0.00295513 0.00709534 0.00305611 0.00479772 -0.00783417 -0.00464572 0.00524068 0.00454338 0.00686275 0.00583531 0.00103673 0.00339567 -0.0114365 -0.00429821 -0.00118742 -0.00205251 0.0144675 0.0175896 -0.00176372 -0.000370261
internal_weight=27788 20987 6801 12705 9947 8282 4847 2758 1954 3167 8032 5497 1514 1653 4138 1915 1571 2535 847 1680 925 3301 1376 1408 527 1350 3303 110 975 1029 1113 1511 1092 398 1252 837 4144 1298 667 55 678 2194 1146 448 486 479 1790 371 309 1082 344 419 409 251 2524 1159 766 663 842 304 890 841
internal_count=27788 20987 6801 12705 9947 8282 4847 2758 1954 3167 8032 5497 1514 1653 4138 1915 1571 2535 847 1680 925 3301 1376 1408 527 1350 3303 110 975 1029 1113 1511 1092 398 1252 837 4144 1298 667 55 678 2194 1146 448 486 479 1790 371 309 1082 344 419 409 251 2524 1159 766 663 842 304 890 841
cat_boundaries=0 1 2 4 6 8 10 12 13 15 17 18 20 21 23 25 27 28 29 31 32 34
cat_threshold=49 504 2759889080 1163296 2534048795 311938 1589509 66576 2190528997 270905 2216039424 38417 1984 336068608 32 10747925 81952 96 33722406 37123 1392 546308229 49152 2181092928 4097 2147501576 66600 5 960 71 65536 513 2147483880 295952
is_linear=0
shrinkage=0.05


Tree=23
num_leaves=63
num_cat=2
split_feature=15 21 14 17 21 19 21 7 21 17 5 7 21 10 19 10 6 5 19 15 5 21 21 17 7 4 17 7 19 3 5 22 17 22 8 6 11 8 21 14 5 22 10 22 22 15 7 22 17 19 10 8 21 21 17 22 8 17 5 17 22 5
split_gain=177.182 36.3072 22.8872 22.7682 8.81575 7.55142 6.61643 5.19245 5.1721 4.97342 5.24766 4.20148 4.19664 3.14714 3.4958 3.1347 2.70062 2.57729 2.54432 2.54526 3.58024 2.54491 2.27367 2.16557 2.1096 2.09233 2.08759 2.01752 1.80453 1.89932 1.67423 1.64399 1.58246 1.47003 1.42966 1.4247 1.64314 1.41194 1.31852 1.27055 2.04943 1.2476 1.1851 1.08311 1.06986 1.06945 1.97271 1.06663 1.06263 1.51133 1.45843 1.05202 1.01853 1.00595 1.13906 1.00478 0.987781 0.963956 0.891216 0.868001 0.851158 0.818858
threshold=3.5000000000000004 58.620192307692314 1.5000000000000002 1.7486267011887235 104.53571428571429 2728.2950000000005 161.41666666666671 299.3250000000001 199.58333333333334 2.2025288160547909 286.50000000000006 611.95500000000004 44.651515151515156 1.0000000180025095e-35 1402.5550000000001 661.36500000000012 1734.8500000000001 312.50000000000006 2570.98 2.5000000000000004 81.500000000000014 74.683333333333351 117.08333333333336 1.7141244226031103 342.65000000000003 0 1.845928925791908 90.465000000000018 1575.78 1 331.00000000000006 55.60890018603483 2.9091240828828768 18.44168907827267 209.65500000000003 2012.74 2205.9000000000005 452.25000000000006 68.690476190476204 1.5000000000000002 293.50000000000006 39.379951174543599 1521.5700000000004 4.2892686824275232 39.999236096522402 4.5000000000000009 524.68000000000018 38.897861660205727 2.5912538733880139 940.69500000000005 308.87500000000006 482.25500000000005 316.50000000000006 111.08333333333336 1.0000009304835726 96.305935656820864 1032.1200000000001 2.1779283935534601 40.500000000000007 1.8831170391533443 29.701290524060305 332.50000000000006
decision_type=2 2 2 2 2 2 2 2 2 2 2 2 2 2 2 2 2 2 2 2 2 2 2 2 2 9 2 2 2 1 2 2 2 2 2 2 2 2 2 2 2 2 2 2 2 2 2 2 2 2 2 2 2 2 2 2 2 2 2 2 2 2
left_child=2 12 3 8 11 7 18 48 13 15 -11 35 39 43 22 -9 38 34 19 20 24 -21 -15 31 -4 37 45 -22 29 55 -25 -18 -23 -28 -7 36 51 -8 41 40 -2 -13 -35 -1 57 46 -14 -41 50 -50 -5 -3 -10 -31 -55 60 -48 -37 -36 -57 -6 -16
right_child=1 4 6 5 28 17 25 9 52 10 -12 16 26 14 61 -17 23 -19 -20 21 27 32 -24 30 -26 -27 33 -29 -30 53 -32 -33 -34 42 58 44 -38 -39 -40 47 -42 -43 -44 -45 -46 -47 56 -49 49 -51 -52 -53 -54 54 -56 59 -58 -59 -60 -61 -62 -63
leaf_value=2.3249190068745329 -1.8541376553256883 -0.96269548056423815 0.20435155582188147 2.2638102771785049 0.077384370144227443 5.252923521536518 0.42810387808431116 1.9825655688060231 1.2092656426367627 2.3190001997313021 4.7855763727811 -1.378305200368265 -1.7075121776133786 -0.39385802972604261 -1.0590458185988438 0.63818082535556331 -0.88703772499944911 6.931446468353073 -2.1244117939787386 -1.5913952400151523 10.392461803491109 -0.54631176574895834 0.083433708939336881 -0.4553405458939761 -2.2364126410442124 0.0031566316417187324 -1.6554252475243538 0.020857570748954404 -0.7425196200784836 -1.1330830717095737 0.72149338522048656 0.075860428982080924 1.1031636450762279 -1.7808807367523856 -2.5899894726976234 -1.43297492036442 -1.3474795919275104 3.0449477118243844 0.79213263462602868 -2.2564120881782759 0.9036151513261701 3.1277010103027836 0.15925492678484759 -0.3749414123723625 -1.1660676655851547 -1.4986689251956749 1.427470536146628 -1.023785407980587 4.3178743171556562 -0.18773975725457959 -1.0704350675967447 0.38753851913081161 4.6978861898467583 -1.0825103157183762 0.076141938917135832 -1.1023360507713817 -0.65436494171897341 -0.042656976842158301 -0.90802710591803626 1.5270928634893595 0.74143191377891116 1.1751967918257229
leaf_weight=250 170 574 95 95 105 34 62 766 413 3196 497 87 72 1606 661 2269 1109 36 343 608 52 483 1622 364 316 254 124 767 120 205 49 109 72 55 124 1209 409 120 232 3116 43 25 129 49 676 1901 31 41 139 282 197 96 61 109 446 25 22 36 323 23 240 44
leaf_count=250 170 574 95 95 105 34 62 766 413 3196 497 87 72 1606 661 2269 1109 36 343 608 52 483 1622 364 316 254 124 767 120 205 49 109 72 55 124 1209 409 120 232 3116 43 25 129 49 676 1901 31 41 139 282 197 96 61 109 446 25 22 36 323 23 240 44
internal_value=-0.00213378 -0.0067294 0.00133215 0.00228547 -0.00407935 0.00391597 -0.00245669 0.00432395 -0.000461882 0.00475412 0.00600311 -0.00502963 -0.00961977 -0.00102715 -0.00141324 0.00321346 -0.00317872 -0.00185096 -0.00337714 -0.00275981 -0.00111517 -0.00444897 -0.000696379 -0.00403152 -0.0049215 0.00318907 -0.00788404 0.000745134 -0.000323276 0.000248702 -0.000751202 -0.00509828 -0.00185932 -0.00369775 -0.00291839 -0.00622711 -0.00460952 0.00705128 0.000720461 -0.010799 -0.00630787 -0.00347826 -0.000534759 0.00384934 -0.00710109 -0.0084894 -0.00322266 -0.0110799 0.000192039 0.00185731 -0.0020339 -0.00293462 0.00445493 -0.00116429 0 0.00304803 0.00334821 -0.0080629 -0.00375 -0.00294118 0.00413075 -0.00460805
internal_weight=27788 11952 15836 12664 6248 7958 3172 7441 4706 6728 3693 4975 5704 4232 3933 3035 1975 517 2736 2393 1230 1163 3228 1631 411 436 2334 819 1273 1153 413 1218 555 308 481 3000 1079 182 344 3370 213 112 184 299 1921 2026 125 3157 713 421 292 670 474 760 555 393 53 1245 447 48 345 705
internal_count=27788 11952 15836 12664 6248 7958 3172 7441 4706 6728 3693 4975 5704 4232 3933 3035 1975 517 2736 2393 1230 1163 3228 1631 411 436 2334 819 1273 1153 413 1218 555 308 481 3000 1079 182 344 3370 213 112 184 299 1921 2026 125 3157 713 421 292 670 474 760 555 393 53 1245 447 48 345 705
cat_boundaries=0 1 2
cat_threshold=18 2
is_linear=0
shrinkage=0.05


Tree=24
num_leaves=63
num_cat=18
split_feature=15 20 21 21 16 21 21 1 6 21 1 20 21 20 1 2 2 7 7 1 19 1 18 20 2 2 20 2 7 9 11 1 11 23 20 2 20 1 2 19 18 2 1 21 20 20 19 1 7 15 20 5 20 18 21 1 5 7 11 20 9 5
split_gain=165.408 60.5998 35.9041 10.9437 9.122 7.62475 7.22577 5.97939 4.6868 4.45672 4.35751 4.31051 4.18603 4.17089 4.11384 3.74356 3.21206 3.20929 3.03357 2.96234 2.62504 2.546 2.48142 2.43416 2.40541 2.2905 2.27695 2.23799 2.14552 2.05248 1.92254 1.91314 1.84688 1.84308 1.84012 1.80693 1.79987 1.75522 1.99346 1.74978 1.70971 1.62522 1.28539 1.9208 1.60323 1.26745 1.26719 1.25936 1.25756 1.25288 1.24986 1.50771 1.24234 1.17198 1.10828 1.05102 1.02824 1.01628 0.976141 0.891154 0.891032 1.45139
threshold=3.5000000000000004 250.50000000000003 58.620192307692314 199.58333333333334 2.2500006506429222 100.06250000000001 11.125000000000002 0 4496.4800000000005 175.58333333333334 1 294.50000000000006 44.651515151515156 68.500000000000014 2 3 4 578.09000000000015 299.3250000000001 5 221.28999999999988 6 0.59612616502932825 141.50000000000003 7 8 99.500000000000014 9 720.34500000000014 1781.1200000000001 2503.8900000000008 10 1087.6650000000002 3.5000000000000004 141.50000000000003 11 147.50000000000003 12 13 1575.78 1.7698010873772743 14 15 111.08333333333336 43.500000000000007 9.5000000000000018 1436.3300000000002 16 595.10500000000013 2.5000000000000004 334.50000000000006 280.50000000000006 191.50000000000003 2.7356181657523657 270.25000000000006 17 293.50000000000006 2204.5350000000003 1096.8200000000004 52.500000000000007 689.30500000000018 29.500000000000004
decision_type=2 2 2 2 2 2 2 9 2 2 9 2 2 2 9 1 1 2 2 9 2 9 2 2 1 1 2 1 2 2 2 9 2 2 2 1 2 9 1 2 2 1 9 2 2 2 2 9 2 2 2 2 2 2 2 9 2 2 2 2 2 2
left_child=1 3 12 4 13 10 11 8 40 22 17 46 26 16 54 21 31 36 -17 32 -16 -9 50 27 30 55 57 -12 -14 -18 -19 -1 -15 -25 35 -30 45 -22 -39 41 -6 47 43 -43 -44 -4 -3 59 -49 -24 -8 -52 -10 -29 58 -11 -28 -2 -5 -7 61 -13
right_child=2 6 5 14 7 39 9 15 52 25 23 60 28 19 20 18 29 24 -20 -21 37 -23 49 33 -26 -27 56 53 34 -31 -32 -33 -34 -35 -36 -37 -38 38 -40 -41 -42 42 44 -45 -46 -47 -48 48 -50 -51 51 -53 -54 -55 -56 -57 -58 -59 -60 -61 -62 -63
leaf_value=-2.2594646503162243 -2.1274299007497186 2.7704138027486671 -0.18579970182172759 0.96987939380687971 1.2584899004994783 -0.070960574426635503 -1.0128885298808725 0.28187893441208017 -1.2886997020025497 1.3850219566473598 0.32251511541382744 0.16811096810837825 -1.5186705328542267 2.4434001283473989 2.882563578439918 -0.72796908369579372 -0.5656370774333187 1.0479894967959922 0.18391909999726153 -0.49570953118259631 2.0503993418878284 -0.80075357914021483 1.4369144309281001 3.4315442123812896 -1.0785448801184601 1.966922948629015 -1.1614445537839604 -0.85149522494607277 -0.11951283523581324 2.5622469017421898 -0.43207509319779192 -1.343249423528919 0.0017754166051741295 -0.066421298547486171 1.656362121859688 -1.207268508642823 0.025948260711853521 1.5868378903413884 -0.091641618947836539 -0.66276302916338503 -0.69432970943183436 -1.2653363009959961 -1.0702965639145838 -0.15969336049344598 0.35684131991583112 -1.3051791033935627 0.06296367047070249 -0.46395898651798362 0.52104568102273563 3.1543427325248872 -0.13582631534488029 10.339618233860115 1.2915757172113631 0.020057850956501255 1.9787737588435559 3.5727906678932442 1.6411662996033287 -0.2488262391915903 -1.170902035062803 0.70397654066855542 6.770497796805488 5.4083870305669572
leaf_weight=687 3244 288 62 50 1749 57 133 297 175 123 111 33 1672 170 314 790 344 65 4665 708 210 1425 200 40 785 235 71 1001 185 48 515 640 296 60 21 456 67 281 340 153 82 218 78 328 280 1923 73 119 139 69 117 27 22 95 64 267 29 26 106 152 372 436
leaf_count=687 3244 288 62 50 1749 57 133 297 175 123 111 33 1672 170 314 790 344 65 4665 708 210 1425 200 40 785 235 71 1001 185 48 515 640 296 60 21 456 67 281 340 153 82 218 78 328 280 1923 73 119 139 69 117 27 22 95 64 267 29 26 106 152 372 436
internal_value=-0.00213019 0.00121851 -0.00657047 -7.70459e-05 -0.000559871 -0.00393537 0.0085806 0.000204985 0.00259677 0.00567504 -0.00492913 0.0113485 -0.00944454 -0.00300846 0.00415753 -0.000467663 -0.00458043 -0.00587828 0.00016688 -0.000658454 0.00534326 -0.0024928 0.00223133 -0.00233902 -0.00391996 0.00857882 -0.0106211 -0.0030062 -0.00771288 -0.00037037 -0.00126476 -0.00573694 0.00234864 0.00485437 -0.00507519 -0.00560947 -0.00717762 0.00379197 0.00218849 -0.000818599 0.00341467 -0.000209243 -0.00147219 -0.00299642 0.00074124 -0.00745096 0.0064217 0.00210938 -9.22509e-05 0.00565257 -0.0009375 0.00204082 -0.0045625 -0.00369702 -0.00193133 0.0109801 -0.00242718 -0.010854 -0.00440252 0.00489865 0.0133738 0.0113083
internal_weight=27788 15836 11952 13463 12098 6248 2373 9205 2028 1171 4724 1202 5704 2893 1365 7177 1719 3417 5455 1174 1145 1722 546 1307 1365 625 3370 1207 2334 392 580 1327 466 100 662 641 2052 831 621 1524 1831 1371 904 546 358 1985 361 467 258 269 277 144 197 1096 220 390 100 3270 156 209 841 469
internal_count=27788 15836 11952 13463 12098 6248 2373 9205 2028 1171 4724 1202 5704 2893 1365 7177 1719 3417 5455 1174 1145 1722 546 1307 1365 625 3370 1207 2334 392 580 1327 466 100 662 641 2052 831 621 1524 1831 1371 904 546 358 1985 361 467 258 269 277 144 197 1096 220 390 100 3270 156 209 841 469
cat_boundaries=0 2 4 6 7 8 10 12 13 14 15 17 18 20 21 22 24 26 28
cat_threshold=1414029331 245802 2736166310 537395 2483322898 4112 3073 1520 554172449 87056 10879524 512 968 437 256 2787939425 266752 776 8912897 33410 464 448 545521865 311808 546570241 266384 537657344 512
is_linear=0
shrinkage=0.05


Tree=25
num_leaves=63
num_cat=22
split_feature=20 23 20 21 16 21 17 2 21 2 1 21 17 2 21 21 1 1 17 1 1 1 1 22 7 19 1 21 17 17 1 22 1 22 19 6 1 2 9 21 21 2 1 7 22 17 7 22 17 17 2 7 19 2 9 18 1 7 2 19 1 17
split_gain=131.787 59.897 26.549 20.2815 20.0631 10.9011 8.81858 8.71736 8.44413 7.92596 6.95639 6.69427 6.69376 6.03719 5.62578 5.74381 5.26577 3.95747 3.64761 3.62039 3.60194 3.36362 3.33179 3.18726 3.14408 3.03097 2.97458 2.97451 2.8743 2.85341 2.6628 2.61376 2.342 2.30638 2.23136 2.12174 2.11651 2.05712 2.04773 2.01809 2.19509 2.00403 1.84568 1.95824 1.78132 2.40067 1.7437 1.73865 1.67187 1.63642 1.58028 1.98762 1.55025 1.52768 1.5159 1.47875 1.4781 1.44935 1.38752 1.38625 1.36536 1.71448
threshold=146.50000000000003 4.5000000000000009 250.50000000000003 57.035714285714292 2.2843268105618089 116.08333333333336 2.1343281833992349 0 127.08333333333336 1 2 15.859090909090911 1.3785925048510428 3 5.5000000000000009 50.527777777777786 4 5 2.2025288160547909 6 7 8 9 32.37292843274745 1051.1750000000004 2592.2250000000004 10 217.16666666666671 2.6152779989066306 1.4255903975964732 11 21.214381881432832 12 130.85010030823526 229.905 3372.3600000000001 13 14 585.61000000000013 43.675438596491233 254.16666666666671 15 16 1290.3400000000004 14.544215659262454 2.1465892403867488 582.12500000000011 91.589659403709803 1.5801999278765089 2.2181149928201691 17 726.9100000000002 1198.0400000000002 18 763.2700000000001 1.0886938997087168 19 660.95000000000016 20 1918.2650000000003 21 1.8662752725601452
decision_type=2 2 2 2 2 2 2 1 2 1 9 2 2 1 2 2 9 9 2 9 9 9 9 2 2 2 9 2 2 2 9 2 9 2 2 2 9 1 2 2 2 1 9 2 2 2 2 2 2 2 1 2 2 1 2 2 9 2 1 2 9 2
left_child=1 4 7 31 5 14 8 10 32 22 44 18 26 20 19 -16 39 24 35 -1 49 53 -8 48 58 -23 -9 33 -18 56 -17 -3 -6 46 -31 -4 -7 -21 -20 -14 -41 -34 55 -44 45 -2 -19 -12 -15 57 51 -33 -49 -11 -50 -25 -10 -5 -13 -24 -46 -62
right_child=2 3 11 13 6 36 9 12 29 21 47 17 16 23 15 30 28 27 38 37 -22 25 59 42 -26 -27 -28 -29 -30 34 -32 50 41 -35 -36 -37 -38 -39 -40 40 -42 -43 43 -45 60 -47 -48 52 54 -51 -52 -53 -54 -55 -56 -57 -58 -59 -60 -61 61 -63
leaf_value=0.98954294764391193 1.3029057648544158 -1.936102583326202 3.1299920877625715 -1.1689351627127385 -0.35119202377369518 -1.1842118927240819 1.9378061349473654 -0.8708089027596948 -0.60489551694038468 2.7247746653027094 -0.62878650062347108 0.36907645687135793 3.3817164932184407 -1.4627106548111724 -1.8372782801176735 -1.4113625857930054 0.36041082859663159 -0.97203913995312308 6.3137569690312141 0.56524609930446779 -0.027137167380147532 2.3869856092639865 -0.60453809224225097 -0.87685059326282377 4.4245662907347478 -0.52012443511824069 0.28740357703757269 2.0596446347867614 6.4091317486052679 2.5695262818935642 -0.82972064944013657 -1.2300922540402468 -0.31000703236707283 2.4761244961246369 0.43526280937970019 0.47028455865612173 0.60481218502228984 -1.1074917978628804 8.137430410148756 1.236153285003124 3.1721129112265785 -1.0366027328587677 -1.2086938159316611 0.037191770468121631 -0.71688346177551487 4.5052859860997527 0.83878422921764695 1.9665474356584001 0.18205394501391725 0.66152967041625566 -1.6159429238623078 0.099433814170643772 -1.6536670476284314 -0.17761496629506368 -1.2465525924759322 1.3419874556803575 0.44142000719773977 -0.34891243628598723 3.0069367851450184 -2.3569322338610763 1.2465393262283919 -0.64037072129316219
leaf_weight=211 370 2674 508 315 904 113 215 214 352 105 1245 116 244 860 1233 339 586 194 242 104 911 1403 579 63 134 194 685 259 34 220 1549 286 392 35 335 102 671 841 354 553 100 1493 1329 103 108 81 228 49 55 24 1074 110 22 767 290 44 392 144 209 293 90 39
leaf_count=211 370 2674 508 315 904 113 215 214 352 105 1245 116 244 860 1233 339 586 194 242 104 911 1403 579 63 134 194 685 259 34 220 1549 286 392 35 335 102 671 841 354 553 100 1493 1329 103 108 81 228 49 55 24 1074 110 22 767 290 44 392 144 209 293 90 39
internal_value=-0.0021068 -0.00406801 0.00393702 -0.00737779 -0.0019053 -0.00434686 -0.000281156 0.00162785 -0.00186996 0.00153133 -0.000793257 0.00819526 0.00364347 -0.00487201 -0.00534171 -0.00645407 0.00568257 0.0054011 0.0108561 -0.00228645 -0.00207889 0.0030973 -0.00198864 -0.00623867 0.00903072 0.00446429 0.000180155 0.00281207 0.00189573 0.00143049 -0.00465362 -0.00986255 -0.00342496 0.000298913 0.00414427 0.00787113 0.00101652 -0.0036143 0.013773 0.00811813 0.00653582 -0.0044323 -0.00466115 -0.00512111 0.0032097 0.00509361 -0.000647059 -0.00293454 -0.0082471 -0.00551915 -0.00799389 -0.00452323 0.00422297 0.000508475 -0.00492098 0.00135417 -0.000535475 -0.00635823 0.00621189 -0.00338983 -5.20833e-05 0.00308099
internal_weight=27788 20987 6801 8282 12705 5061 7644 4420 4088 3556 2004 2381 2416 4138 4277 3121 1517 1175 1206 1156 1394 2469 1087 2744 459 1597 899 716 620 1299 1888 4144 2789 457 555 610 784 945 596 897 653 1885 1539 1432 688 451 422 1316 1205 483 1470 396 71 872 345 107 744 459 325 872 237 129
internal_count=27788 20987 6801 8282 12705 5061 7644 4420 4088 3556 2004 2381 2416 4138 4277 3121 1517 1175 1206 1156 1394 2469 1087 2744 459 1597 899 716 620 1299 1888 4144 2789 457 555 610 784 945 596 897 653 1885 1539 1432 688 451 422 1316 1205 483 1470 396 71 872 345 107 744 459 325 872 237 129
cat_boundaries=0 1 2 4 5 7 9 11 13 15 17 19 21 23 25 26 27 29 30 31 33 34 36
cat_threshold=3079 17 386400587 328330 896 612421801 1163283 68698287 49200 17563664 83072 2181207140 266755 2190922472 70657 9179156 86016 2214858824 37376 51953952 266240 504889992 335913 2101256 262657 2565 224 2415935552 32768 784 2052 572555413 4096 2075 8 66176
is_linear=0
shrinkage=0.05


Tree=26
num_leaves=63
num_cat=18
split_feature=14 23 21 21 21 21 1 7 2 6 2 21 11 5 2 7 8 16 8 2 2 1 8 10 10 1 1 7 7 1 10 21 16 18 1 19 8 11 10 21 21 1 6 1 5 8 8 2 11 21 1 2 8 11 5 10 11 16 10 1 2 10
split_gain=125.223 33.2152 25.7567 14.9073 14.4885 8.61557 8.44255 7.15585 6.62214 4.41805 4.22522 4.16485 4.05406 3.66552 3.54035 3.51265 3.47266 3.27079 2.93594 2.87758 2.71036 2.66217 2.61415 4.09694 3.33059 2.47273 2.41121 2.39104 2.31657 2.3039 2.2711 2.25124 2.19285 2.0559 2.04783 2.02006 1.88241 1.79719 1.79261 1.74419 1.73593 1.71023 1.76425 1.70079 1.69404 1.67996 1.66024 1.82604 2.17689 1.61027 1.60772 1.72295 1.86458 1.60717 1.5885 1.56146 1.54287 1.50176 1.47409 1.42444 1.39801 2.16356
threshold=1.5000000000000002 3.5000000000000004 90.062500000000014 11.125000000000002 48.029411764705891 101.53571428571429 0 299.3250000000001 1 2501.0100000000007 2 163.12500000000003 1345.3250000000003 81.500000000000014 3 727.5350000000002 756.22500000000014 1.8000010583951911 792.58000000000015 4 5 6 1020.7100000000002 1061.0500000000002 2336.2700000000009 7 8 611.95500000000004 219.94000000000003 9 1.0000000180025095e-35 221.16666666666671 1.6499127846150146 0.74945209057266682 10 2699.8750000000005 1018.2100000000002 1439.365 567.71500000000015 344.00000000000006 11.125000000000002 11 3650.2500000000005 12 50.500000000000007 124.83000000000001 352.30500000000006 13 1948.3250000000003 56.519230769230781 14 15 928.83500000000015 820.81500000000017 283.50000000000006 936.65500000000009 2041.0200000000002 1.8749949377895183 684.03500000000008 16 17 603.42500000000007
decision_type=2 2 2 2 2 2 9 2 1 2 1 2 2 2 1 2 2 2 2 1 1 9 2 2 2 9 9 2 2 9 2 2 2 2 9 2 2 2 2 2 2 9 2 9 2 2 2 1 2 2 9 1 2 2 2 2 2 2 2 9 1 2
left_child=1 6 3 13 -5 26 12 30 9 21 15 27 14 28 25 43 60 -12 38 33 56 -9 23 -10 -24 45 -3 34 -2 -21 -8 40 -17 -7 -4 -27 -20 53 -16 -22 -32 -15 57 -6 -35 -1 -28 48 -48 -19 54 -52 -53 -36 -13 -46 -18 -43 -30 -11 61 -14
right_child=2 5 11 4 10 19 7 8 22 59 17 50 16 41 18 32 20 49 36 29 39 -23 24 -25 -26 35 46 -29 58 -31 31 -33 -34 44 37 -37 -38 -39 -40 -41 -42 42 -44 -45 55 -47 47 -49 -50 -51 51 52 -54 -55 -56 -57 -58 -59 -60 -61 -62 -63
leaf_value=5.868572651621669 0.13802906230771159 -0.34376982123190847 -1.1060846616190894 -1.8615546167742387 -1.2757615903943069 -0.38962785356586382 0.94258565042930087 -0.16745865630378065 1.1461729038058011 0.27420507957323076 -1.3819627537312369 4.0214383133138627 2.1214840808510709 1.0036276909374124 2.2705628538414153 -0.5634726031459053 8.6136006634461495 -1.110349770318676 5.9391248454048142 0.50788245848565983 1.3449609421148634 0.90256549386883056 2.3752186340638435 -0.1680490144498677 0.0057031102588538836 4.4178985399640665 -1.6148320658802278 0.011322562718656571 0.11966078249203385 -0.58091516439140001 -0.57248671701453446 1.8844162757090714 0.3519326687226334 -0.21825685268471312 -1.2576408636867606 0.4365992325714565 2.2667224349321802 -0.70092833729505566 0.12511348146326357 3.9138121684582146 -0.9926977908500576 -0.52146946148320183 -1.9101895839483292 -0.57858979390756271 2.6894705657247364 0.003064547103616633 0.19974990730797978 -1.1736636821628521 -0.70823972120079481 -0.61856943026390498 -0.52299303344821801 0.27909049754185206 2.9513653980190671 1.1891378992317407 -1.0056048173298777 0.68457510053177129 -1.1329227538154463 0.87687272379737535 -2.3103265052704383 -0.84126648606042065 -0.8508944913458798 -0.19002474819630333
leaf_weight=30 77 367 403 3946 499 155 228 1009 2095 100 1895 84 59 212 580 285 40 170 136 206 1142 1363 720 797 234 351 497 619 47 687 529 101 212 52 38 46 190 455 459 27 735 468 75 804 42 126 142 702 555 466 116 179 68 178 25 148 99 172 395 608 291 252
leaf_count=30 77 367 403 3946 499 155 228 1009 2095 100 1895 84 59 212 580 285 40 170 136 206 1142 1363 720 797 234 351 497 619 47 687 529 101 212 52 38 46 190 455 459 27 735 468 75 804 42 126 142 702 555 466 116 179 68 178 25 148 99 172 395 608 291 252
internal_value=-0.00212299 0.000776583 -0.00600454 -0.00710338 -0.00792421 -0.00347652 0.00200506 0.00111492 0.00181484 6.46621e-05 -0.00589236 -0.00104359 0.0039573 -0.0023637 0.00560906 -0.00388858 0.00228698 -0.00724744 0.00405479 -0.000174014 0.0037376 0.00111579 0.00319383 0.00241796 0.00551202 0.00907686 -0.00533429 -0.00221846 -0.00572318 -0.0017798 -0.00188753 -0.00267727 -0.000225 0.0032622 -0.00364438 0.011311 0.00828267 -0.00173611 0.00269914 0.00451565 -0.00327545 -0.000416667 -0.00163118 -0.00527374 0.00622449 0.00266272 -0.00605029 -0.00509094 -0.00297535 -0.00399061 0.00305263 0.00109707 0.00350962 0.00182648 0.00809426 0.00841969 -0.00254934 -0.000699844 -0.00713483 -0.00337553 -0.000785124 0.00142747
internal_weight=27788 15900 11888 9723 8277 3553 12347 8519 6926 3080 4331 2165 3828 1446 1918 1800 1910 2531 1365 1290 1308 2372 3846 2892 954 553 2263 1693 519 893 1593 1365 497 397 1074 397 326 671 1039 1169 1264 927 715 1303 242 156 1896 1399 697 636 472 363 247 216 109 190 139 640 442 708 602 311
internal_count=27788 15900 11888 9723 8277 3553 12347 8519 6926 3080 4331 2165 3828 1446 1918 1800 1910 2531 1365 1290 1308 2372 3846 2892 954 553 2263 1693 519 893 1593 1365 497 397 1074 397 326 671 1039 1169 1264 927 715 1303 242 156 1896 1399 697 636 472 363 247 216 109 190 139 640 442 708 602 311
cat_boundaries=0 2 3 4 5 6 7 9 11 13 15 17 19 21 22 24 25 27 28
cat_threshold=1414022691 508074 3091 904 38 784 1026 2164392140 1061908 268960770 65538 357310472 82960 36962324 71169 34639888 284289 393225 118928 2658384 283283 1988 34078725 81936 2337 32776 512 3040
is_linear=0
shrinkage=0.05


Tree=27
num_leaves=63
num_cat=13
split_feature=15 20 21 6 1 21 21 21 21 2 21 21 20 8 20 20 21 20 1 1 19 1 20 20 21 18 20 22 18 8 16 2 2 20 6 19 2 2 18 20 9 19 19 1 8 10 16 21 20 1 22 20 8 20 21 8 1 19 1 19 18 8
split_gain=137.302 46.5407 33.5742 8.97369 8.6084 7.61879 6.39177 5.99825 5.2405 4.56639 4.15764 4.89745 4.42473 3.61309 3.59396 3.53775 3.48694 3.47521 2.88631 2.74715 2.94113 2.73453 2.48788 2.93096 2.77213 2.76604 2.46615 2.41178 3.23794 2.05677 2.03821 2.02863 2.01145 2.03894 1.94445 1.59798 1.68452 1.54035 1.46005 1.37846 1.26908 1.41537 1.23031 1.22209 1.21801 1.43198 1.20649 1.34021 1.31177 1.18054 1.35198 1.17637 1.16009 1.15751 1.11633 1.09616 1.0941 1.06769 1.05199 1.05131 1.02843 1.00373
threshold=3.5000000000000004 247.50000000000003 57.56349206349207 3650.2500000000005 0 104.53571428571429 11.125000000000002 199.58333333333334 39.51315789473685 1 11.125000000000002 100.84523809523812 187.50000000000003 604.84000000000015 294.50000000000006 150.50000000000003 172.37500000000003 161.50000000000003 2 3 221.28999999999988 4 1.5000000000000002 205.50000000000003 125.55000000000001 0.19722956925402144 97.500000000000014 65.04741828570269 0.66317048663784928 352.30500000000006 1.5000027216611571 5 6 112.50000000000001 1734.8500000000001 1589.1250000000002 7 8 0.99610095960538314 14.500000000000002 669.98000000000013 880.06000000000017 714.07500000000005 9 514.69500000000005 2597.0800000000004 1.5000989906210365 50.035714285714292 12.500000000000002 10 96.305935656820864 104.50000000000001 540.33500000000015 219.50000000000003 126.10000000000001 550.99500000000023 11 1436.3300000000002 12 1882.6100000000004 0.58161153584559588 495.66500000000008
decision_type=2 2 2 2 9 2 2 2 2 1 2 2 2 2 2 2 2 2 9 9 2 9 2 2 2 2 2 2 2 2 2 1 1 2 2 2 1 1 2 2 2 2 2 9 2 2 2 2 2 9 2 2 2 2 2 2 9 2 9 2 2 2
left_child=1 3 8 4 22 9 14 10 51 13 12 -12 -6 26 57 38 27 34 44 -9 -21 -15 25 24 -24 -1 39 37 -29 -28 -23 40 46 -34 56 36 49 59 43 -4 52 -42 -27 -5 -10 -46 47 -20 -48 55 -51 -2 -18 -25 60 -7 -11 -3 -16 -8 -38 -39
right_child=2 6 5 15 7 35 16 19 18 17 11 -13 -14 21 58 -17 31 -19 32 20 -22 30 23 53 -26 42 29 28 -30 -31 -32 -33 33 -35 -36 -37 54 61 -40 -41 41 -43 -44 -45 45 -47 48 -49 -50 50 -52 -53 -54 -55 -56 -57 -58 -59 -60 -61 -62 -63
leaf_value=-0.59723911995843615 -2.0811755457072105 2.2811149573799954 0.4358338743760175 -1.223740631052654 -0.084642618947933818 -1.4262903946255674 2.3127333684108522 -0.40439212762992582 -1.1896750985160167 0.17318748731799474 -0.94775117759569705 -0.12135999905481257 2.1710747893517124 -0.75723569078477126 2.3458288317159588 0.83090216862738309 2.7307092622547007 0.57765803810739269 -1.0229308881562376 2.9679037196599984 0.85004365032783513 -0.88093867992291297 -0.1108547233513292 2.1170473589121834 1.0936528360310729 7.0391268183533358 -1.7502398514267328 -0.42315901339151057 2.9046056072980999 0.36658170206303425 0.26319192078213122 1.2781867784891057 -1.4755351598107762 -0.64705250250167134 -1.1372018894142819 -0.63235200867050667 1.4346727046980323 -1.9620911723213794 1.8629025099304279 -0.95178834396015732 2.9126505532974125 3.9611461959582304 3.2007004643575634 -1.8866970692208302 0.33094616034771107 -0.74458246552843765 0.19544300641202084 -0.58563768626357526 -0.29540049423791681 0.49504879621986397 -0.73030406939540071 -0.82552081255418841 0.91742077238075559 1.1001426336663336 0.10132570156679926 0.42922236399755787 -0.99758000877583519 0.24042520089695785 5.7046414496029287 -1.0959619093658113 -0.94551128058860456 -0.18288207634349052
leaf_weight=76 2508 306 35 258 4070 36 179 221 157 125 1501 3087 458 215 104 163 125 91 275 194 575 166 989 99 622 62 71 62 71 189 584 283 1783 108 2119 119 34 63 27 935 116 69 320 510 109 113 24 150 258 378 50 61 79 171 182 66 603 78 737 38 408 123
leaf_count=76 2508 306 35 258 4070 36 179 221 157 125 1501 3087 458 215 104 163 125 91 275 194 575 166 989 99 622 62 71 62 71 189 584 283 1783 108 2119 119 34 63 27 935 116 69 320 510 109 113 24 150 258 378 50 61 79 171 182 66 603 78 737 38 408 123
internal_value=-0.0021068 0.000943873 -0.00615224 -0.000207929 0.000147614 -0.00367062 0.00730193 -0.000481767 -0.00900613 -0.0045293 -0.000888255 -0.00194947 0.000176561 -0.00271173 0.00988396 -0.00486472 0.00462428 -0.005837 -0.00750419 0.00319738 0.0045876 -0.000374483 0.00287521 0.00203689 0.00118494 0.00623644 -0.00452149 0.00148423 0.00726103 0 0.00101573 0.00703704 -0.00810992 -0.00907957 -0.00617105 -0.000166536 0.000367329 -0.00033867 -0.00625 -0.00567831 0.00942164 0.0129654 0.00798701 -0.00667964 -0.00290179 -0.000333333 -0.00532986 -0.00715537 -0.00254386 0.00244015 0.00362812 -0.0107164 0.00628019 0.00686813 -0.00133438 -0.00195652 -0.00376197 0.00555556 0.0117743 0.00233696 -0.00275281 -0.00364322
internal_weight=27788 15836 11952 13403 12445 6406 2433 10106 5546 5133 9116 4588 4528 2195 1225 958 1208 2938 2977 990 769 965 2339 1881 1611 458 1230 536 133 260 750 672 2598 1891 2847 1273 1154 403 795 970 389 185 382 768 379 222 707 425 282 530 428 2569 204 270 624 102 728 384 841 217 442 186
internal_count=27788 15836 11952 13403 12445 6406 2433 10106 5546 5133 9116 4588 4528 2195 1225 958 1208 2938 2977 990 769 965 2339 1881 1611 458 1230 536 133 260 750 672 2598 1891 2847 1273 1154 403 795 970 389 185 382 768 379 222 707 425 282 530 428 2569 204 270 624 102 728 384 841 217 442 186
cat_boundaries=0 2 3 5 7 9 10 11 12 13 15 17 19 21
cat_threshold=1414012931 246058 968 2197864448 278554 2149896208 4112 34242669 4384 245 776 964 2860 33816661 327808 2147487756 278529 24 49665 2149584904 65568
is_linear=0
shrinkage=0.05


Tree=28
num_leaves=63
num_cat=11
split_feature=15 20 21 16 17 17 21 20 21 13 1 16 17 1 1 8 1 15 21 20 20 19 20 1 22 8 5 11 20 23 1 1 5 22 1 17 5 4 1 17 5 5 17 22 19 11 14 19 11 22 8 11 21 1 5 21 17 20 21 22 17 20
split_gain=128.044 52.1373 16.1724 12.1218 12.8199 6.93539 6.31582 6.18184 6.07699 5.68586 5.28671 4.66559 4.44181 4.37799 3.86395 3.69533 3.61086 3.5646 3.56115 4.19071 3.05706 3.04243 2.76713 2.64484 2.23127 2.10317 2.05104 2.00203 1.98978 2.57809 2.34104 1.9844 1.90108 1.84054 2.88247 1.79248 1.66498 1.61594 1.53789 1.30538 1.29923 2.97645 1.44994 1.2716 1.36724 1.25741 1.25191 1.2445 2.08674 1.4613 1.24244 1.33228 1.2373 1.22483 1.19784 2.64275 1.19069 1.08476 1.06757 2.07274 1.05735 1.05527
threshold=4.5000000000000009 247.50000000000003 48.029411764705891 1.9019869049200084 1.4255903975964732 1.7358949984861753 146.55000000000004 352.50000000000006 116.08333333333336 1.5000000000000002 0 1.8351521672506983 0.87862244342500417 1 2 769.42500000000007 3 2.5000000000000004 103.07142857142858 117.50000000000001 75.500000000000014 1127.5250000000001 8.5000000000000018 4 4.9581511384448076 582.12500000000011 78.500000000000014 1102.2650000000001 92.500000000000014 5.5000000000000009 5 6 180.50000000000003 18.656991406593473 7 1.2494552107107546 329.50000000000006 8 9 1.7141244226031103 123.50000000000001 203.50000000000003 1.4055553367982105 11.316163198275598 1137.1200000000001 940.84500000000014 3.5000000000000004 78.865000000000023 1237.3300000000002 85.561137976602112 2033.7350000000004 2645.4050000000002 90.062500000000014 10 47.500000000000007 72.630681818181827 0.75553993279761522 189.50000000000003 43.675438596491233 65.765365608840639 1.5279989436891468 71.500000000000014
decision_type=2 2 2 2 2 2 2 2 2 2 9 2 2 9 9 2 9 2 2 2 2 2 2 9 2 2 2 2 2 2 9 9 2 2 9 2 2 9 9 2 2 2 2 2 2 2 2 2 2 2 2 2 2 9 2 2 2 2 2 2 2 2
left_child=1 3 33 8 18 11 9 16 14 10 -6 40 53 -8 36 43 45 -15 19 -5 32 54 -11 -10 -17 46 -27 -22 30 -30 -14 57 -16 -2 35 -35 -1 -33 -21 -23 60 42 -42 -9 -45 -3 52 49 -49 -25 51 -28 -7 56 -18 -56 -13 -20 -47 -60 -4 -36
right_child=2 7 5 4 6 25 13 15 23 22 -12 12 28 17 20 24 21 -19 31 38 27 39 -24 47 -26 26 50 -29 29 -31 -32 37 -34 34 61 -37 -38 -39 -40 -41 41 -43 -44 44 -46 58 -48 48 -50 -51 -52 -53 -54 -55 55 -57 -58 -59 59 -61 -62 -63
leaf_value=-1.3496034913738946 -1.8271167684218499 5.318420344330999 -1.5332008053518464 -1.0635096084257765 -0.21728604694381631 -1.058372396921573 -0.14662266964803053 4.4973206788206008 -0.7262455669148864 0.06870528670109799 0.78752453536192779 -1.1010328344677009 -1.1416021151506159 0.89754860913853918 -1.3727056210890602 6.4860137866337455 0.11476629100796956 2.0020407668442379 0.074421224337993405 -2.0465549747079832 1.3019710544734573 -0.79127934975782643 -1.4807494319033498 0.63151282822274912 1.2727303112690151 -0.97983167768731649 1.0272682665702975 -0.30047152688305234 0.91643887847790217 -0.55031978490733058 -0.10671250490649059 0.0085947252000625699 -0.47996055914243529 -1.6792512663180301 -1.4128612370262172 0.3404688606200843 0.45674482673686045 -0.40562355692090191 -0.17451551875192095 0.84999288428721942 -0.94427492216259523 -1.2252255248245194 -0.11414139704369256 3.3490059290340071 -2.2695424464830967 3.4973699331864125 1.6388427202169116 1.8382551103467244 -0.70156305350125414 2.7374430913623966 1.5612774677032264 0.077135785904237517 0.43029865010898194 -1.4479827600028083 3.3912081746746878 0.75048103332924476 0.64390310185438071 2.5157956685722818 0.67147056708928909 2.6522249033820127 -1.1819250493540874 -1.0312822543797808
leaf_weight=729 2223 123 744 888 2463 246 429 468 205 236 3573 64 226 962 1267 318 131 424 452 104 187 93 452 193 39 93 60 509 139 159 470 730 544 54 1046 47 39 1102 999 210 313 762 243 36 37 150 20 210 270 36 25 242 45 580 271 358 48 48 168 40 266 180
leaf_count=729 2223 123 744 888 2463 246 429 468 205 236 3573 64 226 962 1267 318 131 424 452 104 187 93 452 193 39 93 60 509 139 159 470 730 544 54 1046 47 39 1102 999 210 313 762 243 36 37 150 20 210 270 36 25 242 45 580 271 358 48 48 168 40 266 180
internal_value=-0.0020996 0.000112203 -0.00730146 -0.000864167 -9.91061e-05 -0.00536278 0.00101996 0.00694274 -0.00319955 0.000304742 0.000803113 -0.00617999 -0.00410006 0.00363724 -0.00420607 0.0102941 0.00494505 0.0049857 -0.00232027 -0.00388039 -0.00316964 0.003125 -0.00397974 0.000354417 0.0144097 -0.000800409 0.00141844 -0.000286123 -0.00188064 0.00141196 -0.00336195 -0.000963597 -0.00426544 -0.00987194 -0.00818609 0 -0.00736236 -0.00173442 -0.00175181 -0.000939542 -0.00765766 -0.00645344 -0.00348837 0.00742188 0.000493421 0.00857794 -0.00394108 0.00185249 0.000310559 0.00490302 0.00337121 0.00221311 -0.00488946 -0.00719424 0.00484928 0.00575554 -0.0012 0.00175439 0.00685596 0.00402844 -0.00915597 -0.00881759
internal_weight=27788 19493 8295 17051 12862 4745 8539 2442 4189 6724 6036 4014 1686 1815 3275 898 1544 1386 4323 1991 2507 1063 688 914 357 731 420 696 994 298 696 2332 1811 3550 1327 101 768 1832 1103 303 2328 1318 556 541 73 481 311 709 480 229 327 302 291 692 760 629 112 500 358 208 1010 1226
internal_count=27788 19493 8295 17051 12862 4745 8539 2442 4189 6724 6036 4014 1686 1815 3275 898 1544 1386 4323 1991 2507 1063 688 914 357 731 420 696 994 298 696 2332 1811 3550 1327 101 768 1832 1103 303 2328 1318 556 541 73 481 311 709 480 229 327 302 291 692 760 629 112 500 358 208 1010 1226
cat_boundaries=0 2 4 6 8 10 12 14 16 17 19 21
cat_threshold=2201064385 538197 2425639506 1053825 103847264 266290 101303085 4273 2363484 262657 164012 20608 244847171 65569 524304 98320 18 131076 5136 524313 278529
is_linear=0
shrinkage=0.05


Tree=29
num_leaves=63
num_cat=4
split_feature=15 15 15 6 19 7 16 16 17 17 14 5 9 7 23 17 5 16 0 7 17 7 19 11 3 17 11 4 17 5 8 7 19 9 5 19 7 9 23 9 8 5 23 19 19 17 4 23 17 5 8 5 5 23 6 11 7 5 17 15 7 7
split_gain=122.233 22.6646 13.6096 8.75998 7.13791 6.96985 6.64778 5.66447 7.22715 4.81686 4.70337 4.69337 4.54695 3.41435 3.08404 3.05992 2.80023 2.69869 2.36059 2.2303 2.15466 2.13551 2.00848 1.9695 1.79943 1.75486 1.7496 1.6738 1.60771 1.56507 2.96538 1.3585 1.35844 1.25013 1.21439 1.32801 1.15374 2.09366 1.00857 1.08914 1.00418 0.988846 0.975498 0.968516 0.946164 0.94441 0.806406 0.895275 0.784526 0.697485 0.659816 0.683299 0.635443 0.631901 0.609409 0.735622 0.607071 0.563085 0.50942 0.495963 0.965811 0.66799
threshold=4.5000000000000009 2.5000000000000004 7.5000000000000009 3650.2500000000005 1468.3800000000003 792.58000000000015 1.6232586442873476 1.6047999025599047 1.4312415981245266 0.87862244342500417 1.5000000000000002 307.50000000000006 769.6450000000001 352.15000000000003 2.5000000000000004 2.2181149928201691 82.500000000000014 2.2843268105618089 0 992.05500000000018 1.8945478393962885 170.31500000000003 11.179999999999838 1594.3450000000003 1 1.5194066078253685 864.51500000000021 2 2.4000028183304218 335.50000000000006 1240.0450000000003 1471.135 714.07500000000005 720.37500000000011 305.00000000000006 1882.6100000000004 554.27500000000009 1674.6300000000003 5.5000000000000009 1800.4400000000003 915.92500000000018 286.50000000000006 2.5000000000000004 366.27000000000004 1296.7700000000002 1.5398436308105161 3 4.5000000000000009 1.3598411847406686 319.50000000000006 864.61500000000012 101.50000000000001 208.50000000000003 4.5000000000000009 1376.8900000000001 2665.6700000000005 546.05000000000007 348.50000000000006 1.6000008328238076 10.500000000000002 727.5350000000002 737.2850000000002
decision_type=2 2 2 2 2 2 2 2 2 2 2 2 2 2 2 2 2 2 1 2 2 2 2 2 1 2 2 9 2 2 2 2 2 2 2 2 2 2 2 2 2 2 2 2 2 2 9 2 2 2 2 2 2 2 2 2 2 2 2 2 2 2
left_child=1 3 6 5 7 12 25 27 21 54 20 15 14 44 23 41 -15 29 -17 -12 -10 -9 24 -1 -19 -2 -23 52 32 48 -31 59 -13 58 35 -5 49 46 50 45 -41 -7 -35 -16 -14 -40 47 -38 -11 -6 51 -27 -3 -24 55 -8 -36 -30 -29 60 -4 -62
right_child=2 4 31 34 36 11 9 8 10 17 19 28 13 16 43 18 -18 22 -20 -21 -22 26 53 -25 -26 38 -28 33 57 30 -32 -33 -34 42 56 -37 37 -39 39 40 -42 -43 -44 -45 -46 -47 -48 -49 -50 -51 -52 -53 -54 -55 -56 -57 -58 -59 -60 -61 61 -63
leaf_value=0.84840199346740597 -1.2223683053052325 -0.94883752486173023 -1.591020456133557 0.7170732938566986 -1.2315482045625037 0.3766464505802205 -0.038104761427802107 -1.8096195897268339 0.75119954939319666 -1.2009452031777839 -0.36699080753020613 1.9109602973687096 2.6163686923353255 -1.9659846995816963 0.74394618423028058 2.3372650756721272 -0.28226567723398155 -0.19854090317787279 -0.12719137721742016 0.69334616190561893 2.4829463341890161 2.2189428532553648 -0.016781071538289893 -0.6227807887704796 0.7024758444033099 -0.59682763351767643 -0.23263738540905265 -0.58367097609541363 4.8076813117764168 -0.54722287178728024 1.2187442523376226 -0.71604471615247722 -0.87573821456761614 -0.96102752929322799 -2.5749763242594521 -1.4478635231533703 0.73435193414175903 -1.7198142775956999 0.42447521812209887 0.80769120341454048 -0.43834093598166746 -0.92090090714673289 -0.15403082733858753 -0.75606475510386417 -0.60700768930512761 -1.1193108935449751 -0.74180775920416697 -1.3463575925510434 -0.52420448112527218 -0.42242836213095458 -1.3059904439976155 -1.1234091750532962 -1.5904248940362811 -0.69117350287771306 -1.2750801066512969 -1.3654594153433839 3.2786827375163767 5.8814413237888212 1.7363775375224098 -2.2857609300007575 -0.33721704643953176 -0.92187200581767748
leaf_weight=5062 1508 566 1337 65 864 1025 75 149 910 258 725 154 147 211 105 1665 384 258 264 263 269 49 113 210 224 114 3338 136 127 51 22 99 41 538 24 501 121 92 27 51 129 70 308 385 80 405 213 38 630 71 179 485 164 214 656 67 29 39 91 1023 31 339
leaf_count=5062 1508 566 1337 65 864 1025 75 149 910 258 725 154 147 211 105 1665 384 258 264 263 269 49 113 210 224 114 3338 136 127 51 22 99 41 538 24 501 121 92 27 51 129 70 308 385 80 405 213 38 630 71 179 485 164 214 656 67 29 39 91 1023 31 339
internal_value=-0.00207441 8.65562e-05 -0.00715685 0.00165235 -0.00176948 0.00201439 -0.00567288 -0.00114862 -0.000365843 -0.00377285 0.00189516 0.0038629 0.00105511 -0.00239394 0.00155681 0.00318797 -0.00441054 -0.00227016 0.00439312 -0.000605449 0.00402919 -0.00176604 -7.69704e-05 0.00191469 0.00190722 -0.00733368 -0.00148599 -0.00359219 0.00930632 -0.00405861 0.00246711 -0.00999735 0.00561869 -0.00217541 -0.00407958 -0.0047891 -0.00505528 -0.00278373 -0.00590452 -0.00414634 -0.000546448 0.00101321 -0.00309187 -0.00218053 0.00266304 -0.00551724 -0.000933333 0.00152616 -0.00465769 -0.00611674 -0.0072023 -0.00612542 -0.00548452 -0.00314394 -0.00702247 -0.00327586 0.00245536 0.0131657 0.000923913 -0.0102177 -0.00943713 -0.00663539
internal_weight=27788 19493 8295 10588 8905 9969 5466 7506 5703 2568 2167 3385 6584 822 5762 3024 595 1770 1929 988 1179 3536 809 5272 482 2898 3387 1803 361 961 73 2829 195 1073 619 566 1399 464 1390 612 180 1095 846 490 227 432 372 159 888 935 778 599 730 327 798 142 53 166 227 2730 1707 370
internal_count=27788 19493 8295 10588 8905 9969 5466 7506 5703 2568 2167 3385 6584 822 5762 3024 595 1770 1929 988 1179 3536 809 5272 482 2898 3387 1803 361 961 73 2829 195 1073 619 566 1399 464 1390 612 180 1095 846 490 227 432 372 159 888 935 778 599 730 327 798 142 53 166 227 2730 1707 370
cat_boundaries=0 1 2 3 4
cat_threshold=1 9 5 18
is_linear=0
shrinkage=0.05


Tree=30
num_leaves=63
num_cat=10
split_feature=15 15 21 21 19 17 15 21 5 23 17 21 2 2 19 5 17 21 18 2 23 2 22 0 2 0 2 17 22 7 2 7 17 7 17 9 6 21 18 17 23 5 2 5 7 17 5 21 19 7 17 22 15 9 10 17 21 22 21 7 21 21
split_gain=114.916 19.1516 18.3132 17.6339 8.39657 7.32089 6.11436 6.10221 5.18073 4.46073 4.37503 4.0991 4.02089 3.62815 2.82228 2.81875 3.60848 2.67667 2.66924 2.54213 2.31592 2.17394 2.13625 2.32992 2.27511 2.12595 2.12121 2.08956 2.05773 2.28926 2.02873 1.80338 2.40798 1.70369 1.51127 1.74846 1.49584 1.47489 1.47076 1.46818 1.45333 1.43249 1.41891 1.41499 1.31649 1.31072 1.23995 1.20103 1.12306 1.29278 0.997415 0.996943 0.961244 0.949248 0.94315 0.927774 0.909795 0.859405 0.851322 0.817158 1.01893 0.801639
threshold=4.5000000000000009 2.5000000000000004 113.07142857142858 48.029411764705891 2666.0350000000003 1.7358949984861753 1.5000000000000002 221.16666666666671 72.500000000000014 1.5000000000000002 1.0000009304835726 77.050000000000011 0 1 78.865000000000023 286.50000000000006 2.4999965299465616 32.205263157894741 0.35317706646514818 2 6.5000000000000009 3 89.40837939254655 4 5 6 7 1.4652662014136835 17.157911769056842 1654.5750000000003 8 611.95500000000004 2.0296710988017153 566.93000000000018 2.0391089520558885 530.99000000000012 2012.74 115.07142857142858 0.12776461168803829 1.3721365464486655 4.5000000000000009 15.500000000000002 9 139.50000000000003 536.09000000000003 0.87862244342500417 336.50000000000006 177.58333333333334 1425.2800000000002 1008.6350000000001 1.6000008328238076 47.706465025662972 7.5000000000000009 2314.7850000000003 444.04000000000002 1.3917731622720997 175.58333333333334 119.43197661429348 64.038461538461561 661.34500000000014 80.788888888888906 57.035714285714292
decision_type=2 2 2 2 2 2 2 2 2 2 2 2 1 1 2 2 2 2 2 1 2 1 2 1 1 1 1 2 2 2 1 2 2 2 2 2 2 2 2 2 2 2 1 2 2 2 2 2 2 2 2 2 2 2 2 2 2 2 2 2 2 2
left_child=1 4 11 28 6 12 8 15 38 18 40 13 39 17 27 25 -17 -3 -10 46 37 33 23 30 -25 -8 31 42 -2 52 -13 32 -7 -16 35 -9 -11 51 -1 59 -4 -40 -12 -41 -36 -42 -6 54 49 -15 -45 -14 -30 -33 -21 -24 -29 -23 -55 -5 -61 -22
right_child=3 2 10 5 19 26 7 34 9 36 14 22 20 48 21 16 -18 -19 -20 47 61 57 55 24 -26 -27 -28 56 29 -31 -32 53 -34 -35 44 -37 -38 -39 41 43 45 -43 -44 50 -46 -47 -48 -49 -50 -51 -52 -53 -54 58 -56 -57 -58 -59 -60 60 -62 -63
leaf_value=-3.5766666953269706 -1.6911659320097325 1.1564540657010156 -0.86591130393776305 -0.74925081055205611 -0.1319970386635049 -0.74702304085070237 0.1712379357724558 1.5979021352773199 1.995612508915064 2.6606423743548446 0.7594296591365538 -0.20715911075156584 -0.97751810396650363 -1.3168337074015664 0.013543525819021697 0.59215356955129728 4.9372079251484964 -0.64693169375020687 3.6127091924110539 -1.3872418107475444 -1.2749967480511999 -0.32346541923097549 2.1360490760254054 -0.8044001264470837 0.18840143883899074 -0.66545511231432786 -0.57917116857981854 1.0402814111696486 -0.95151891785221521 0.10891991561808095 -0.79337860642323266 1.0405047856882106 0.77012597066389787 1.0000610718652354 0.48991650140477749 0.33410676064521 -1.7540311359487426 2.2334559771890627 -1.0633186369460852 -1.3837691008901816 4.5083752260610996 1.1795610423873943 0.0094404685562942351 0.34905816455515365 2.9200970758523215 -1.3402909048090521 4.79806295749587 0.81629177676748843 -1.8915754574542203 -0.2580156462407544 -0.20071459989166254 -0.74112337440824305 -1.4517006086930129 -0.78166424276534741 -2.1706041476668245 0.025034842500381418 3.2337929537751968 2.5104289296203968 0.41011986244212584 -0.67159814990649025 1.0073593907106961 -1.206239152038787
leaf_weight=66 1955 79 345 483 301 122 3258 214 1092 58 186 784 1241 980 572 764 161 732 974 114 554 666 46 276 550 1333 406 533 520 44 1300 90 53 417 95 353 98 20 190 80 20 824 555 167 260 21 22 37 386 213 110 236 1031 34 374 55 135 54 26 169 31 923
leaf_count=66 1955 79 345 483 301 122 3258 214 1092 58 186 784 1241 980 572 764 161 732 974 114 554 666 46 276 550 1333 406 533 520 44 1300 90 53 417 95 353 98 20 190 80 20 824 555 167 260 21 22 37 386 213 110 236 1031 34 374 55 135 54 26 169 31 923
internal_value=-0.00202404 7.11684e-05 -0.00163477 -0.00695198 0.00151072 -0.00493102 0.00192959 0.0010208 0.00368381 0.00506742 0.00116909 -0.00346271 -0.00576923 -0.00502507 0.00180231 0.000380504 0.00289601 -0.00210862 0.00569116 -0.00323149 -0.00672079 0.000401577 -0.00220222 -0.0024631 -0.000150784 -0.000117 -0.00025545 0.0034614 -0.0096327 -0.00812735 -0.0033541 0.00262574 -0.000491573 0.00193363 0.00478378 0.00300439 -0.00283019 -0.00524167 0.000784857 -0.00289649 -0.00379177 0.00130285 0.0015289 -0.000173611 0.00743715 0.00426136 0.000186012 -0.00532063 -0.00643059 -0.00557065 0.00138393 -0.00544764 -0.00845399 0.00669935 -0.00610998 0.0046875 0.00551416 -0.00163711 0.000793651 -0.00428207 -0.00123153 -0.00821791
internal_weight=27788 19493 8905 8295 10588 4745 9740 6438 3302 2222 3504 5401 4014 2390 3118 5516 925 811 2066 848 2974 1709 3011 2910 826 4591 731 1409 3550 1595 2084 325 175 989 922 567 156 1497 1080 1040 386 1014 741 357 355 41 323 525 1579 1193 277 1477 1551 150 488 101 668 720 60 683 200 1477
internal_count=27788 19493 8905 8295 10588 4745 9740 6438 3302 2222 3504 5401 4014 2390 3118 5516 925 811 2066 848 2974 1709 3011 2910 826 4591 731 1409 3550 1595 2084 325 175 989 922 567 156 1497 1080 1040 386 1014 741 357 355 41 323 525 1579 1193 277 1477 1551 150 488 101 668 720 60 683 200 1477
cat_boundaries=0 1 2 3 4 5 6 7 8 9 10
cat_threshold=896 2573 2892 1008 1 3593 1 2760 1984 257
is_linear=0
shrinkage=0.05


Tree=31
num_leaves=63
num_cat=7
split_feature=15 20 21 21 21 21 20 5 15 16 20 20 20 8 2 2 23 7 2 20 2 18 20 5 21 11 21 21 8 9 10 21 11 21 21 7 20 9 11 7 2 5 20 7 9 5 8 18 20 2 9 5 20 21 18 20 7 2 11 5 21 7
split_gain=106.885 45.9438 18.383 10.0066 9.40987 7.32029 6.29149 6.26294 6.01142 5.8617 4.73606 3.84139 4.71656 3.54481 3.19224 3.17458 3.07268 3.05292 2.90111 2.42944 2.33547 2.20367 2.0978 1.83351 1.76824 2.05032 1.74595 1.73867 1.68994 1.67148 1.51538 1.43104 1.43 1.64831 1.42703 1.42561 1.31745 1.26459 1.28412 1.22679 1.44898 1.76982 1.16315 1.41555 1.15804 1.15254 1.27886 1.14936 1.1218 1.98386 1.11359 1.10553 1.09353 1.00545 0.991179 0.98468 0.931169 0.929516 0.992505 0.905332 0.848716 0.764465
threshold=4.5000000000000009 245.50000000000003 45.035714285714292 146.55000000000004 11.125000000000002 77.050000000000011 393.50000000000006 82.500000000000014 1.5000000000000002 1.5483927647040365 187.50000000000003 71.500000000000014 19.500000000000004 290.89000000000004 0 1 1.5000000000000002 554.27500000000009 2 112.50000000000001 3 0.28795703276207912 105.50000000000001 139.50000000000003 37.516666666666673 272.73500000000007 316.50000000000006 90.937500000000014 2256.98 669.98000000000013 3026.4100000000003 179.58333333333334 1026.0950000000003 109.08333333333336 69.7638888888889 1654.5750000000003 95.500000000000014 2161.3250000000003 4403.6350000000011 769.42500000000007 4 177.50000000000003 181.50000000000003 720.80000000000018 1250.4900000000002 89.500000000000014 972.63000000000011 0.52116104209921299 291.50000000000006 5 363.92500000000013 314.50000000000006 159.50000000000003 89.464285714285737 0.77656649917853093 188.50000000000003 226.83500000000001 6 2645.4050000000002 286.50000000000006 34.975000000000009 170.31500000000003
decision_type=2 2 2 2 2 2 2 2 2 2 2 2 2 2 1 1 2 2 1 2 1 2 2 2 2 2 2 2 2 2 2 2 2 2 2 2 2 2 2 2 1 2 2 2 2 2 2 2 2 1 2 2 2 2 2 2 2 1 2 2 2 2
left_child=1 3 35 4 7 19 24 11 21 20 -10 12 -1 31 22 17 39 27 42 23 30 -9 -7 -6 25 -3 55 54 -16 32 -4 -5 33 -26 52 36 60 38 -19 40 -8 -42 43 -15 -28 -36 -47 -34 61 -50 -13 -41 -17 -22 -11 -20 -33 58 -31 -38 -2 -27
right_child=2 6 9 13 5 14 16 8 10 15 -12 50 -14 18 28 34 -18 37 26 -21 53 -23 -24 -25 29 48 44 -29 -30 57 -32 56 47 -35 45 -37 59 -39 -40 51 41 -43 -44 -45 -46 46 -48 -49 49 -51 -52 -53 -54 -55 -56 -57 -58 -59 -60 -61 -62 -63
leaf_value=-0.55847063370275407 -1.974952766089368 -1.7585732887333592 -0.7460601408359866 -0.93433511768451327 -1.9549267054301867 -0.27625769042190546 1.961845252894814 0.73727923462087697 -0.30952652342522385 -1.2651792720441515 1.5253527479033639 -0.26785527452230723 -2.1808589592878733 -0.27856958669002835 -0.51244456037294128 -0.89004418322166645 -0.33807225603000862 0.2974952127948477 0.56294702100423144 -0.53518171848974849 -1.1489505828920421 3.003862398931108 0.11468834428499762 -0.79844629202418393 -2.3841883913116066 -0.7244512050349684 5.6655818981688348 1.6251345695471102 5.4998512431982132 1.5092996994008319 0.10151128287192801 0.53944685282945959 -0.94165097635169559 2.2857294996119335 -0.86008055757556434 -0.57394228491675925 -0.89184618812622962 0.41607196655913586 -0.72316123844914915 6.9748909940191268 4.2136434217723382 8.9049301012569373 -0.32045070188811597 1.1572588212058548 -0.080470944612845596 -0.42757746460865942 0.78478197474424227 0.43299807915766558 4.6438025367018474 2.101704997673767 2.8020583126397511 1.2996907893197318 1.4278752662429541 -0.7624271786758694 -0.42012354562478649 1.3776256428957341 -1.1605283892358806 2.0260112684654206 -0.96572479027059122 0.94040829895639255 -1.1556629678054535 1.8409868896202377
leaf_weight=1243 1502 29 560 218 644 1380 103 629 2287 133 496 62 441 319 2851 1113 51 225 1249 569 1777 770 1175 1109 41 42 87 23 24 99 104 255 72 256 342 86 52 58 102 187 139 72 293 235 24 280 105 160 236 217 149 21 20 127 203 403 87 399 28 23 1460 342
leaf_count=1243 1502 29 560 218 644 1380 103 629 2287 133 496 62 441 319 2851 1113 51 225 1249 569 1777 770 1175 1109 41 42 87 23 24 99 104 255 72 256 342 86 52 58 102 187 139 72 293 235 24 280 105 160 236 217 149 21 20 127 203 403 87 399 28 23 1460 342
internal_value=-0.00201864 1.92347e-06 -0.00677121 -0.000925626 -0.00150828 -0.0026628 0.00633761 -2.6727e-05 0.0010454 -0.00491787 -0.000282663 -0.00241702 -0.00323059 0.00159943 -0.00164274 -0.00320292 0.0110026 -0.000330251 0.00238232 -0.00502151 -0.00663166 0.0037179 -0.000326129 -0.00595814 0.00490515 0.00664557 0.00352618 -0.00369475 -0.00278307 0.00341446 -0.00369276 -0.00195382 0.00129229 0.003625 -0.00429792 -0.00981686 -0.0100041 0.00267397 0.00125 0.0121429 0.00954259 0.0118862 0 0.00130162 0.00975877 -0.00244863 -0.000418814 -0.00148936 0.00712798 0.00896382 0.00379673 0.0156398 -0.00546875 -0.0075639 -0.00471976 0.00308157 0 0.00543478 0.000803571 -0.00240385 -0.0101771 0.00478036
internal_weight=27788 19493 8295 16999 13829 7752 2494 6077 4182 5172 2783 1895 1684 3170 5430 2604 573 744 2610 2322 2568 1399 2555 1753 1921 866 1763 359 2875 1055 664 560 529 297 1860 3123 3037 385 327 522 314 211 847 554 111 727 385 232 837 453 211 208 1133 1904 336 1652 342 526 127 75 2962 384
internal_count=27788 19493 8295 16999 13829 7752 2494 6077 4182 5172 2783 1895 1684 3170 5430 2604 573 744 2610 2322 2568 1399 2555 1753 1921 866 1763 359 2875 1055 664 560 529 297 1860 3123 3037 385 327 522 314 211 847 554 111 727 385 232 837 453 211 208 1133 1904 336 1652 342 526 127 75 2962 384
cat_boundaries=0 1 2 3 4 5 6 7
cat_threshold=992 392 3079 896 2242 2732 67
is_linear=0
shrinkage=0.05


Tree=32
num_leaves=63
num_cat=18
split_feature=15 15 15 1 19 22 22 14 17 19 2 2 16 1 1 15 7 10 1 19 1 4 5 1 22 17 5 17 1 5 8 1 19 7 15 1 2 7 7 10 2 10 1 7 19 10 17 1 8 19 8 10 13 5 22 22 10 16 1 19 2 22
split_gain=99.0828 16.5237 15.7545 8.14704 8.38799 7.88556 6.91816 6.17906 4.71229 4.51417 4.36914 4.26185 3.66552 3.5173 3.28153 3.17166 3.07905 2.80908 2.70603 2.58329 2.4607 2.39406 2.37102 2.31585 2.27985 2.23652 2.12343 2.08486 2.07252 1.96128 1.93136 1.86836 2.05895 1.84434 1.97909 1.83595 1.64319 2.0496 1.56956 1.54779 1.53192 1.51875 1.44908 1.42921 1.86125 1.38044 1.36896 1.31931 1.30334 1.25528 1.21392 1.18 1.12531 1.03597 0.970836 0.956101 0.910206 0.860532 0.833528 0.801752 0.758169 0.757226
threshold=4.5000000000000009 2.5000000000000004 7.5000000000000009 0 1882.6100000000004 18.013532425442474 119.43197661429348 2.5000000000000004 1.7141244226031103 1667.4000000000003 1 2 1.8351521672506983 3 4 1.5000000000000002 1022.7100000000002 862.8850000000001 5 2666.0350000000003 6 7 306.50000000000006 8 189.40050965817002 0.93310030224432883 185.50000000000003 1.7562965942176627 9 283.50000000000006 582.12500000000011 10 597.07000000000005 727.5350000000002 10.500000000000002 11 12 371.54000000000002 171.36000000000004 1584.1750000000002 13 1350.6250000000002 14 283.74500000000006 3023.3750000000005 1500.5450000000003 1.2748584559048839 15 472.96500000000009 3498.3700000000008 1161.2100000000003 504.02000000000004 1.5000000000000002 41.500000000000007 32.559967864787076 45.015182622417356 1189.3200000000004 2.1760753890328792 16 1205.5050000000001 17 138.08105789622593
decision_type=2 2 2 9 2 2 2 2 2 2 1 1 2 9 9 2 2 2 9 2 9 9 2 9 2 2 2 2 9 2 2 9 2 2 2 9 1 2 2 2 1 2 9 2 2 2 2 9 2 2 2 2 2 2 2 2 2 2 9 2 1 2
left_child=1 3 5 15 16 57 7 9 11 13 43 14 42 46 52 19 17 20 48 36 -5 -15 39 29 38 -14 -9 -24 -19 -18 55 50 -33 -4 40 49 37 -1 -8 45 -35 59 -13 -6 -45 -17 -3 -38 -11 -12 -32 -37 -7 -21 -29 -10 -25 -2 -16 -40 -41 -43
right_child=2 6 33 4 10 8 24 26 30 18 35 12 25 21 58 22 23 28 -20 53 -22 -23 27 56 -26 -27 -28 54 -30 -31 31 32 -34 34 -36 51 47 -39 41 60 -42 61 -44 44 -46 -47 -48 -49 -50 -51 -52 -53 -54 -55 -56 -57 -58 -59 -60 -61 -62 -63
leaf_value=1.5927594490199952 -1.0739395870447683 -0.25248856412472448 -1.6229039722891239 -0.44068216599078558 -0.83357456993194612 -1.1842454692128623 -0.066610913620274201 -1.799606116961654 -0.82793089410018084 -0.38416432585837018 0.0096155454703648509 -0.76696088380912431 -1.1352996652996996 0.087363585488391501 -0.41929377819053504 0.49767349564025454 1.1527695455036422 -1.0213539863985088 -1.2491781459003626 -1.9922079913690398 0.77563491089446046 -0.30397880888329709 -0.20431768243149123 1.208315148888552 -0.75420342524313788 -0.26796901361495457 -0.060951666775136998 2.916206707368028 -0.069556067960120774 3.3336507441406171 0.046754116523062453 0.67678108401491821 -0.95504272323115258 0.0089573239039117073 -1.8131669485957638 -1.2874220845089881 4.3652365287768413 5.1342643795026621 4.3637637924936064 0.40771079069017979 -0.86349318636984695 -0.56381478442662292 -1.100818528498019 2.4341623247555533 -1.5370577738011624 3.4847909995901731 0.74346203413904677 1.0919571966125667 0.23010463757271682 -3.0314630273881455 -1.0876441077422312 -1.9131438563022769 0.070239109716881395 1.6676222130932246 0.15512256570309618 0.079433080379630469 -0.28069363377077822 -0.92303513255822345 0.082001725052350954 1.1990017386683565 -0.72292974114386799 2.0112105524438393
leaf_weight=135 1112 307 2135 532 133 227 39 517 233 161 225 213 552 1223 106 1247 795 250 615 35 2807 4952 63 75 55 589 106 165 1295 139 83 271 76 116 251 209 282 351 91 132 327 41 1066 207 64 33 604 282 137 46 58 401 28 133 30 116 285 250 486 28 237 29
leaf_count=135 1112 307 2135 532 133 227 39 517 233 161 225 213 552 1223 106 1247 795 250 615 35 2807 4952 63 75 55 589 106 165 1295 139 83 271 76 116 251 209 282 351 91 132 327 41 1066 207 64 33 604 282 137 46 58 401 28 133 30 116 285 250 486 28 237 29
internal_value=-0.00198446 -3.39813e-05 -0.00656032 0.00129827 0.00038958 -0.00496892 -0.00162354 -0.00188116 -0.00384709 -0.00149806 -0.00327057 -0.00470566 -0.00577476 -0.0010615 -0.00149709 0.0034377 0.00116082 0.000572949 -0.00481714 0.00546683 0.00139512 -0.00149281 0.00212696 0.00333462 0.00598776 -0.00363855 -0.0066893 0.0066092 -0.00117087 0.00461985 -0.000431548 0.00152749 0.00350694 -0.00960893 -0.007066 -0.00521532 0.00638651 0.00866733 0.00822511 0.00138469 -0.0047926 0.0100911 -0.00767356 0.000959233 0.00314781 0.00222136 0.00179924 0.00407279 -0.000562701 -0.00136444 -0.00300325 -0.0067817 -0.00611007 0 0.00915404 -0.00330256 0 -0.0082967 0.000495868 0.013627 -0.00137769 0.00308219
internal_weight=27788 19493 8295 10588 7463 5466 8905 8622 4104 7999 1285 3267 2420 7086 847 3125 6178 4884 913 1218 3339 6175 1907 1294 283 1141 623 258 1545 934 837 488 347 2829 694 881 1050 486 228 1649 443 189 1279 404 271 1280 911 564 298 271 141 610 255 168 195 349 360 1362 592 119 369 70
internal_count=27788 19493 8295 10588 7463 5466 8905 8622 4104 7999 1285 3267 2420 7086 847 3125 6178 4884 913 1218 3339 6175 1907 1294 283 1141 623 258 1545 934 837 488 347 2829 694 881 1050 486 228 1649 443 189 1279 404 271 1280 911 564 298 271 141 610 255 168 195 349 360 1362 592 119 369 70
cat_boundaries=0 2 3 4 6 8 10 12 13 15 17 19 21 22 23 25 27 29 30
cat_threshold=1279796775 770440 1356 896 403702286 1245228 33559564 37378 262145 25217 19960128 1063942 16 537153944 262657 17846608 9249 1310885 128 50368704 34 2214 784 82 295458 67634180 49152 1867776 262272 608
is_linear=0
shrinkage=0.05


Tree=33
num_leaves=63
num_cat=8
split_feature=15 20 21 6 17 21 16 16 17 20 17 2 20 20 2 21 7 20 19 2 16 20 17 21 21 20 19 21 21 11 9 11 17 16 7 8 10 2 20 21 7 19 19 7 21 6 2 16 9 2 5 20 7 9 20 19 2 15 2 21 6 11
split_gain=95.8185 38.1566 17.7836 9.05168 7.97201 7.68243 5.50147 5.47607 5.74414 4.75878 3.8014 3.68487 3.58141 3.25467 2.90006 2.41476 2.26566 2.1026 2.09603 1.89697 2.26175 1.79323 2.1904 1.73645 1.64123 1.85279 1.61691 2.3099 1.42288 1.84978 1.82493 1.74704 1.5159 1.3949 1.39442 1.36675 1.36334 1.35383 1.30799 1.29573 1.29451 1.17548 1.16691 1.14873 1.06249 1.04554 1.02075 1.00069 0.994514 0.991671 0.983072 0.9068 0.894228 0.784413 0.748653 0.727292 0.706561 0.701871 0.717773 0.626682 0.90996 0.624107
threshold=4.5000000000000009 245.50000000000003 45.035714285714292 4168.3500000000013 1.7358949984861753 199.58333333333334 1.7142447617546706 1.9019869049200084 1.3995286977944457 393.50000000000006 0.88889450400478098 0 76.500000000000014 133.50000000000003 1 116.08333333333336 611.95500000000004 125.50000000000001 61.854999999999798 2 1.699059191696308 89.500000000000014 1.3598411847406686 15.859090909090911 34.975000000000009 98.500000000000014 221.28999999999988 270.25000000000006 34.975000000000009 272.73500000000007 669.98000000000013 3547.0500000000006 2.2025288160547909 0.6284070346888041 675.93500000000006 300.02500000000003 719.04000000000008 3 28.500000000000004 160.12500000000003 823.54500000000007 548.81000000000029 44.645000000000103 352.87500000000006 188.16666666666671 2012.74 4 1.9019869049200084 1102.0650000000003 5 160.50000000000003 97.500000000000014 992.0350000000002 2521.7450000000003 79.500000000000014 558.4799999999999 6 7.5000000000000009 7 59.038461538461547 1376.8900000000001 2783.1950000000006
decision_type=2 2 2 2 2 2 2 2 2 2 2 1 2 2 1 2 2 2 2 1 2 2 2 2 2 2 2 2 2 2 2 2 2 2 2 2 2 1 2 2 2 2 2 2 2 2 1 2 2 1 2 2 2 2 2 2 1 2 1 2 2 2
left_child=1 3 24 5 6 7 14 12 17 28 59 -10 15 18 48 -1 33 -9 51 20 -18 22 -12 -11 25 -2 35 37 29 -3 39 32 -31 -6 -21 -7 -14 -28 -22 41 57 -30 -23 -41 -25 -29 -42 -35 -4 61 -20 -5 -37 -52 -50 -49 -36 -26 -59 -8 -61 -32
right_child=2 9 4 13 16 26 10 8 11 23 21 -13 36 -15 -16 -17 19 -19 50 34 38 42 -24 44 40 -27 27 45 30 31 49 -33 -34 47 56 52 -38 -39 -40 43 46 -43 -44 -45 -46 -47 -48 55 54 -51 53 -53 -54 -55 -56 -57 -58 58 -60 60 -62 -63
leaf_value=-0.98142561833577391 -1.8045544673757048 -1.6955282990787026 -0.82522983552341034 1.1413204799268768 0.67806252615369411 -1.8609568802372067 -1.2574329277541623 -0.63274073788251572 -0.28185044306051171 6.6014556255489865 -0.63062691222702161 0.39890001774036854 0.68686099132058376 0.038795385082963922 -1.0742537145258175 -0.0065202589624838939 0.089669707027417903 -0.071712136748212182 -1.6494150063014013 2.876898027197722 0.59834603230595229 0.53129614381741275 0.0089249358426826582 1.7661375029971453 -0.77120029195763351 0.42802291079121862 0.91564060124591373 0.32754300614810677 1.4651921022603731 2.101937305836191 2.4228405163955373 -0.81571633381536801 4.4316694702270585 -0.82395187135389458 0.10697734995006379 4.4274411918764889 -0.21034143985737544 -0.49668835422630658 1.3414219102847853 3.0908627534713298 -0.1595886969941013 -0.97055182807070972 -0.47647838737763792 0.57444965209954979 3.0501320997667842 2.1443152096739766 -0.77379768201276855 0.84017772987927486 -0.2744182729880798 0.64014020936596416 -0.83366241547150333 -0.58321418998752961 0.96769088852331042 0.80146477642202862 0.3988767460636421 -0.37248683000875221 -0.63729990454437058 -0.63195200704446508 -1.3327232635888635 -0.045275261639581649 -0.95852493428363916 0.20955203192917404
leaf_weight=2115 1538 29 307 40 30 21 309 1848 2327 392 496 4812 299 260 1817 388 54 1826 661 24 20 205 370 97 381 20 284 98 70 596 194 27 213 296 123 153 749 290 33 84 119 155 130 220 84 238 178 36 270 295 339 25 205 21 23 37 121 143 744 84 387 38
leaf_count=2115 1538 29 307 40 30 21 309 1848 2327 392 496 4812 299 260 1817 388 54 1826 661 24 20 205 370 97 381 20 284 98 70 596 194 27 213 296 123 153 749 290 33 84 119 155 130 220 84 238 178 36 270 295 339 25 205 21 23 37 121 143 744 84 387 38
internal_value=-0.00197006 -5.19337e-05 -0.00646993 -0.0009021 -0.00464734 -0.00055969 -0.00547035 -0.000894411 -0.000329373 0.00571686 -0.00345892 0.000491809 -0.00259918 -0.00483692 -0.00709194 -0.0036263 0 -0.00193772 -0.00603765 0.00281085 0.00802083 -0.00162998 -0.0028481 0.00978733 -0.00946497 -0.0107463 0.003125 0.00188938 0.00446336 0.00603399 0.00311615 0.00649583 0.00694273 -0.00258085 0.000177936 0.00592277 -9.51475e-05 0 0.0158482 0.000916353 -0.00813935 -0.00180921 0.00136834 0.00309446 0.00509511 0.00516224 -0.00470833 -0.00352823 -0.00367047 0.00521226 -0.006604 0.00202206 0.00671745 -0.00413223 -0.00139358 0.00115132 -0.000809717 -0.00889064 -0.00981742 -0.00619413 -0.00472046 0.0077551
internal_weight=27788 19493 8295 16999 5172 15653 4398 14364 10813 2494 1981 7139 3551 1346 2417 2503 774 3674 1086 375 107 1201 866 573 3123 1558 1289 910 1921 865 1056 836 809 399 268 379 1048 574 53 529 1565 225 335 304 181 336 297 369 600 527 1021 65 358 360 293 73 244 1268 887 780 471 232
internal_count=27788 19493 8295 16999 5172 15653 4398 14364 10813 2494 1981 7139 3551 1346 2417 2503 774 3674 1086 375 107 1201 866 573 3123 1558 1289 910 1921 865 1056 836 809 399 268 379 1048 574 53 529 1565 225 335 304 181 336 297 369 600 527 1021 65 358 360 293 73 244 1268 887 780 471 232
cat_boundaries=0 1 2 3 4 5 6 7 8
cat_threshold=3089 896 200 913 1324 692 3362 768
is_linear=0
shrinkage=0.05


Tree=34
num_leaves=63
num_cat=7
split_feature=15 20 21 6 21 17 20 20 5 16 21 20 17 2 2 20 16 7 17 20 21 7 2 7 18 7 21 18 21 16 5 20 17 18 2 17 17 10 4 2 17 6 20 21 5 20 21 17 18 5 16 20 7 16 17 18 5 16 17 20 18 2
split_gain=92.3045 33.1719 17.6568 8.26231 6.92508 6.26991 5.28911 8.41975 5.64307 4.90516 4.78096 4.28359 3.88466 3.69159 3.61661 2.97286 2.33854 1.90905 1.87022 2.60402 1.80125 1.69389 1.67817 2.39112 1.6705 1.83897 1.45928 1.46353 1.45809 1.433 1.41968 1.38204 2.26083 1.5681 1.37728 1.31223 1.28753 1.17572 1.12093 1.10772 1.10172 1.50268 1.09873 1.26109 1.04025 0.975878 0.912049 0.90889 0.869568 0.857856 0.849317 1.14551 0.82291 0.816333 0.814926 1.74546 1.00994 0.751796 0.730515 0.712281 0.683673 0.623141
threshold=4.5000000000000009 245.50000000000003 48.029411764705891 4168.3500000000013 199.58333333333334 1.7141244226031103 6.5000000000000009 125.50000000000001 82.500000000000014 1.8351521672506983 103.86607142857144 393.50000000000006 0.88889450400478098 0 1 133.50000000000003 2.1599855016711533 585.61000000000013 0.95133203897803387 50.500000000000007 34.341666666666676 2204.5350000000003 2 769.42500000000007 0.31693696023049783 726.9100000000002 15.859090909090911 0.31693696023049783 270.25000000000006 0.6284070346888041 82.500000000000014 81.500000000000014 1.3598411847406686 1.4040477007391619 3 3.5272379962922433 1.9162060223365096 395.98500000000007 4 5 1.5398436308105161 2012.74 371.50000000000006 37.516666666666673 325.50000000000006 7.5000000000000009 90.062500000000014 1.1362704058062743 1.4309408998764503 84.500000000000014 2.2500006506429222 27.500000000000004 180.01500000000001 2.2111633251792564 1.2364286188363558 2.6550362051521246 137.50000000000003 1.0798566173561996 2.4757838791553071 704.50000000000011 1.1411304832847533 6
decision_type=2 2 2 2 2 2 2 2 2 2 2 2 2 1 1 2 2 2 2 2 2 2 1 2 2 2 2 2 2 2 2 2 2 2 1 2 2 2 9 1 2 2 2 2 2 2 2 2 2 2 2 2 2 2 2 2 2 2 2 2 2 1
left_child=1 3 16 4 6 9 8 10 38 14 -8 22 -11 -9 54 21 20 29 -18 45 -2 49 23 42 -22 -26 59 -28 34 -7 -19 32 -14 -33 -6 58 -25 -36 -1 -10 41 -24 43 -3 -38 -20 57 -27 -42 -5 51 -32 -37 -47 55 -4 -56 -31 -30 -13 -48 -17
right_child=2 11 5 15 28 17 7 13 39 12 -12 26 31 -15 -16 61 18 30 19 -21 24 -23 40 36 25 47 27 -29 35 46 50 33 -34 -35 37 52 44 -39 -40 -41 48 -43 -44 -45 -46 53 60 -49 -50 -51 -52 -53 -54 -55 56 -57 -58 -59 -60 -61 -62 -63
leaf_value=-0.048078987539134491 -1.7572808777971902 2.8688378587538068 -1.0929775765810885 -1.922076941040286 -0.71600472851644248 0.64415939984600934 -0.6870701644414926 -0.205755360971979 3.5139343633501512 -1.0295231925037029 -0.080033541838232136 6.3547521949432868 -0.5331185100697361 0.4183961361060462 -1.0106296556044676 0.7451426735200638 -1.3096162430209839 -0.55212767206028068 0.10839480651313167 0.55611661918514843 0.14740302689001936 0.69266851090189574 3.3242398040049417 0.15921017393936837 -1.1047114902254762 -1.0241168385478936 1.1618887369804554 3.32892944233555 2.2414600433499632 -1.4097182561337058 -0.94416160659445447 -0.21446332320334635 0.088007409501846823 0.83642266207492677 -0.4358792076819647 1.7837502268476932 2.4512563882403366 0.97743304236337536 -1.1432370091484358 0.96886130370920753 1.3032956611455349 -1.5362333550052705 -1.2520445713524571 0.74199423304476975 0.95651062236695461 1.0419105978764076 -0.55681774172887377 -0.44868305123267405 -0.47741681333945823 -0.86659044972232024 1.3791982785632926 0.32196856905207305 -0.57844475486047064 -1.1940933875314899 -1.5089915130378069 0.42941984255767685 -0.15920297949027004 -0.39759559841749664 5.6264128199640417 1.4017206715236683 1.560725747402901 -0.37588277296740175
leaf_weight=690 1332 263 199 323 127 30 4907 2169 454 709 2388 363 377 2443 1521 108 290 94 23 63 37 36 38 53 1295 96 93 88 269 97 39 222 239 123 86 42 228 656 411 902 793 79 48 285 83 20 37 280 51 727 34 228 74 114 64 40 457 215 35 29 20 152
leaf_count=690 1332 263 199 323 127 30 4907 2169 454 709 2388 363 377 2443 1521 108 290 94 23 63 37 36 38 53 1295 96 93 88 269 97 39 222 239 123 86 42 228 656 411 902 793 79 48 285 83 20 37 280 51 727 34 228 74 114 64 40 457 215 35 29 20 152
internal_value=-0.00194487 -6.21922e-05 -0.00636147 -0.000855046 -0.000527753 -0.0043413 -0.000845688 -0.00128359 0.00125508 -0.00515617 -0.00234139 0.00531638 -0.00303347 0.000379198 -0.00668236 -0.00461453 -0.00904165 -0.000219573 -0.00560429 -0.00179372 -0.00959579 -0.00576217 0.00412552 0.00565262 -0.00835769 -0.00859468 0.00917969 0.00482337 0.0029702 -0.00270522 0.00216709 -0.00089471 -0.00234249 0.00154454 0.00170585 0.00543735 0.00899183 0.00254967 -0.00137002 0.00342163 0.00245123 -0.00177083 0.00358932 0.00426497 0.0102309 -0.00539063 -0.00366263 -0.00514512 0.00312869 -0.0061491 0.00390625 0.00263889 0.000420168 -0.00711679 -0.00355757 -0.00614669 -0.00231393 -0.0047619 0.00716612 0.0110127 0.00145833 0
internal_weight=27788 19493 8295 16999 15653 4745 14364 11907 2457 3951 7295 2494 1670 4612 2281 1346 3550 794 510 220 3040 1086 1921 960 1708 1671 573 181 1289 399 395 961 616 345 869 420 364 742 1101 1356 961 117 596 548 311 157 369 376 844 1050 301 267 116 134 760 239 521 312 304 392 57 260
internal_count=27788 19493 8295 16999 15653 4745 14364 11907 2457 3951 7295 2494 1670 4612 2281 1346 3550 794 510 220 3040 1086 1921 960 1708 1671 573 181 1289 399 395 961 616 345 869 420 364 742 1101 1356 961 117 596 548 311 157 369 376 844 1050 301 267 116 134 760 239 521 312 304 392 57 260
cat_boundaries=0 1 2 3 4 5 6 7
cat_threshold=3079 904 428 1030 22 2094 2344
is_linear=0
shrinkage=0.05


Tree=35
num_leaves=63
num_cat=16
split_feature=14 17 20 17 14 1 1 14 1 1 17 20 5 16 16 19 17 1 1 11 19 5 8 7 1 18 9 19 1 20 5 16 1 19 6 19 4 19 0 6 8 17 11 20 5 8 9 16 1 18 1 5 20 1 7 1 7 16 5 20 1 20
split_gain=72.4296 27.0729 25.9499 12.3015 9.71258 5.22635 5.19439 5.07359 4.6559 4.55853 4.34245 3.27725 2.85328 3.45693 2.7574 2.71122 3.9722 2.54496 2.5225 2.43107 2.55268 2.40131 2.37525 2.18195 2.1387 2.10598 2.09816 2.06307 2.06027 1.8731 1.84437 1.8135 1.92881 1.68739 1.68505 1.65972 1.65959 1.33512 1.63074 1.31301 1.26055 2.3508 1.9683 1.56297 1.51575 1.24535 1.17373 1.11403 1.06814 1.09678 1.06267 1.03651 0.974491 0.967341 0.96312 0.913754 0.870576 2.05529 0.866481 0.851305 0.800662 0.797925
threshold=1.5000000000000002 1.6409819565172425 245.50000000000003 1.0420580626198079 2.5000000000000004 0 1 2.5000000000000004 2 3 1.2436211369362569 456.50000000000006 81.500000000000014 1.6047999025599047 1.7500124552231098 1329.5900000000001 2.1849692642356122 4 5 1118.8500000000004 545.88 90.500000000000014 828.86000000000013 275.78500000000003 6 0.21930520818718161 137.89500000000001 1882.6100000000004 7 352.50000000000006 319.50000000000006 2.4503731760357819 8 2026.4850000000004 3650.2500000000005 1189.845 9 1108.5800000000002 10 2012.74 794.81500000000005 2.1849692642356122 1653.3950000000002 255.50000000000003 119.50000000000001 1102.7050000000002 350.60000000000008 0.66689796173514437 11 1.7241219027281767 12 335.50000000000006 51.500000000000007 13 1309.5100000000004 14 1064.5100000000002 1.6128502522714705 78.500000000000014 10.500000000000002 15 56.500000000000007
decision_type=2 2 2 2 2 9 9 2 9 9 2 2 2 2 2 2 2 9 9 2 2 2 2 2 9 2 2 2 9 2 2 2 9 2 2 2 9 2 1 2 2 2 2 2 2 2 2 2 9 2 9 2 2 9 2 9 2 2 2 2 9 2
left_child=2 7 3 5 8 19 27 10 56 23 26 40 33 21 53 16 18 36 -11 20 -1 -14 -19 -5 -18 -13 -2 29 -15 35 39 32 51 47 46 55 -17 38 -34 -25 42 44 43 -8 -42 59 -21 -10 52 -50 -7 -6 -16 -12 -32 -4 61 -58 -33 -28 -31 -3
right_child=1 4 6 9 31 50 11 -9 12 15 14 25 13 28 48 17 24 22 -20 34 -22 -23 -24 30 -26 -27 45 -29 -30 60 54 58 37 -35 -36 -37 -38 -39 -40 -41 41 -43 -44 -45 -46 -47 -48 -49 49 -51 -52 -53 -54 -55 -56 -57 57 -59 -60 -61 -62 -63
leaf_value=2.5695878440924425 0.81049947255574473 -1.174679530451217 0.99138366240315612 -1.3320886554414775 -1.1371070364822558 -0.86423152204608267 4.260288915094864 -1.4474804041578202 0.58213678117590495 -0.0029139339644395079 -0.14011675062038728 4.6163683594663292 1.7781578407420413 -0.26589369724168782 -0.029339386408343771 0.051206510875303479 0.3111935875902731 0.042211596549093858 0.5936061426824456 -0.70278833218971948 0.38648509139045334 -0.29353623499931242 2.6132358856243085 0.16141414228479756 2.6891932078316816 7.7840004707133517 -0.4624147005231965 -0.69453427967143644 0.54523408233462189 3.3101249197086546 1.038310122264356 -2.5480562160327689 0.066239559287581254 -1.7980564266738026 -0.92630917378374988 -0.82545316157028314 -0.72181624197947092 -1.5493134968840936 -1.1006062217028523 -0.29099395675777801 0.11462429241909007 4.0601536023292288 -1.0896589761503024 2.1032756354713458 1.6447866410827432 -0.58288387055102864 -0.055198049764898907 -0.55833047869121732 -0.29910772261193802 0.51544578340215141 -0.94092543103917559 0.136271476873398 -1.400870376299852 -0.75851546060300168 -0.58525010092929797 -0.061123380045563641 -0.8979950491538411 0.71125885836031566 0.64007241084653266 -1.1099193258238411 0.3761975558680149 -0.62222212748592376
leaf_weight=20 21 409 321 354 1089 999 66 1980 27 2482 116 46 81 215 52 621 361 548 1018 314 230 1583 236 758 802 136 68 118 855 175 174 22 170 135 147 109 859 136 209 1853 131 252 47 649 181 177 782 666 271 105 822 32 48 1264 25 161 59 95 45 1472 103 486
leaf_count=20 21 409 321 354 1089 999 66 1980 27 2482 116 46 81 215 52 621 361 548 1018 314 230 1583 236 758 802 136 68 118 855 175 174 22 170 135 147 109 859 136 209 1853 131 252 47 649 181 177 782 666 271 105 822 32 48 1264 25 161 59 95 45 1472 103 486
internal_value=-0.0018963 -0.0048482 0.000308118 -0.0005603 -0.00259221 -0.0032032 0.00498899 -0.00739197 -0.00138437 0.000303398 -0.00622046 0.00683761 -0.000496503 0.000264889 -0.00446477 0.00102486 0.00171721 -0.000374945 0.000856409 -0.000937915 0.0034585 -0.00113977 0.00188206 -0.00125905 0.004256 0.0133784 -0.00805572 0.0020125 0.00249301 0.00290998 -0.000773196 -0.00582503 -0.00616229 -0.00306859 -0.001876 0.00119949 -0.0016075 -0.00319602 -0.00153796 -0.00114288 0.00592551 0.00784832 0.00441176 0.00510097 0.00460317 -0.00826308 -0.0011374 -0.00195761 -0.00104384 0.000128535 -0.00499591 -0.00737434 -0.00530973 -0.00560376 0.00377475 0.00252577 -0.00429614 -0.000477707 0.00160714 -0.00874919 0.00631673 -0.00494154
internal_weight=27788 11888 15900 13405 6314 3314 2495 5574 4611 10091 3594 1508 3562 2734 1856 6927 4663 2264 3500 1493 250 1664 784 3164 1163 182 1738 987 1070 869 2810 1703 1636 828 1243 591 1480 515 379 2611 1326 564 762 715 312 1717 1096 693 476 376 1821 1121 100 1380 199 482 1049 154 67 1540 278 895
internal_count=27788 11888 15900 13405 6314 3314 2495 5574 4611 10091 3594 1508 3562 2734 1856 6927 4663 2264 3500 1493 250 1664 784 3164 1163 182 1738 987 1070 869 2810 1703 1636 828 1243 591 1480 515 379 2611 1326 564 762 715 312 1717 1096 693 476 376 1821 1121 100 1380 199 482 1049 154 67 1540 278 895
cat_boundaries=0 2 4 6 8 10 12 14 16 18 19 20 22 24 26 28 30
cat_threshold=399196873 82165 539373648 71202 51425650 270435 2172732872 539729 840176145 459296 604906006 311686 36901 1114760 11403776 5248 587240675 262801 18 1 131204 4096 537961490 951304 268435473 262160 536875008 66048 536870928 512
is_linear=0
shrinkage=0.05


Tree=36
num_leaves=63
num_cat=1
split_feature=15 20 21 21 17 21 21 16 5 15 20 20 17 19 22 17 15 20 20 5 22 17 20 23 17 17 5 5 21 20 18 21 15 16 16 19 16 5 11 17 17 7 18 21 17 7 7 20 11 5 18 22 20 16 19 20 19 17 0 5 19 21
split_gain=80.9911 26.541 18.3699 7.24563 6.68284 5.94635 6.7559 5.54854 5.48731 4.24246 3.85721 3.60845 3.38631 3.10829 3.05622 2.88426 3.0506 2.48831 4.27634 2.41079 2.38091 2.1815 2.03378 2.69157 1.88537 1.84939 1.80771 3.14008 1.77126 2.30017 1.73286 1.66765 2.31591 1.60177 1.56361 1.7309 2.27189 1.58856 1.52156 1.60017 1.39512 1.36746 1.32096 1.37428 1.30129 1.23576 1.18113 1.10538 1.09513 1.05553 1.04675 1.01972 0.970294 0.935355 0.895315 0.891224 0.887795 1.01823 0.757226 1.28347 0.853307 0.734206
threshold=4.5000000000000009 245.50000000000003 45.035714285714292 146.55000000000004 1.8529906708379291 11.125000000000002 77.050000000000011 1.7624280752669816 82.500000000000014 1.5000000000000002 393.50000000000006 196.50000000000003 0.93310030224432883 726.44000000000017 54.478435474689782 1.4255903975964732 1.5000000000000002 71.500000000000014 19.500000000000004 139.50000000000003 12.998938495289082 2.6666706987621476 90.500000000000014 5.5000000000000009 1.3598411847406686 1.6524209133969545 123.50000000000001 207.50000000000003 34.975000000000009 98.500000000000014 0.28795703276207912 316.50000000000006 2.5000000000000004 2.4109294679315214 0.6284070346888041 1057.1900000000001 1.6922406931495568 332.50000000000006 678.1450000000001 2.2025288160547909 1.5486953008050115 536.09000000000003 1.1331637046257625 306.50000000000006 2.4999965299465616 461.80000000000007 823.54500000000007 56.500000000000007 3181.0800000000004 313.50000000000006 0.31693696023049783 18.656991406593473 198.50000000000003 2.2411453422342666 2431.0050000000006 82.500000000000014 2631.150000000001 1.3333348021374041 0 331.00000000000006 931.32000000000005 408.00000000000006
decision_type=2 2 2 2 2 2 2 2 2 2 2 2 2 2 2 2 2 2 2 2 2 2 2 2 2 2 2 2 2 2 2 2 2 2 2 2 2 2 2 2 2 2 2 2 2 2 2 2 2 2 2 2 2 2 2 2 2 2 1 2 2 2
left_child=1 3 28 5 7 8 19 26 17 30 25 -11 55 14 -8 42 -17 18 -1 33 54 -21 24 -24 -14 56 40 41 29 -2 -10 32 -18 -7 -6 36 -36 -38 -27 45 -4 -28 43 49 -19 -40 50 -42 -41 -5 -30 -48 -15 -53 58 -9 57 -3 59 -12 -60 -33
right_child=2 10 4 15 34 6 13 12 9 11 20 -13 22 52 -16 16 31 44 -20 21 -22 -23 23 -25 -26 38 27 -29 46 -31 -32 61 -34 -35 35 -37 37 -39 39 48 47 -43 -44 -45 -46 -47 51 -49 -50 -51 -52 53 -54 -55 -56 -57 -58 -59 60 -61 -62 -63
leaf_value=-0.54968220446910088 -1.5685292286806083 1.4155677764835843 -1.0691966336231675 -0.44057811790042933 1.5968452833928062 -1.7165423045637924 -0.1861242552973785 -1.053569184557813 0.64997099076857701 -0.22918577127949541 5.0281263356354433 1.9392297543198536 -0.46628312488342871 -0.42644035274046532 0.37513925987158103 -0.78899792638549937 0.2460475874270287 0.29032197988730035 -1.9664160972173896 -0.74912016147736082 -1.7483271550357096 0.039988359276939535 1.0995949977761634 -0.34174608618586844 0.039430345051703064 0.35405469834627257 -0.61808875349536485 -0.80640105173723498 -0.51354114323459832 0.45448826795078628 2.7581883508633882 3.0980341035153147 1.313441873078385 -0.57458449739959716 -0.1558225326829728 -0.97488542317182958 0.22616436240258864 1.5935214886294664 3.1929178558510358 2.9766934298728516 -1.3652941517088983 0.03417097824090725 0.58804698459056226 4.5086983701246313 3.9097551501448908 0.77533969401122604 -0.61427569404414661 -0.42393685224742139 -0.44308834916971024 2.9973452849944899 -0.96898391121440675 -0.52156384372877729 -1.1638957627716597 0.5463681108619568 2.2893343368522814 -0.73278450998489741 -2.3506421139999638 -0.30406268580253482 4.3878541954138077 -1.1187381986123428 -0.98437787665226895 1.3327743855488643
leaf_weight=1243 1538 237 830 661 24 574 2830 240 629 2395 331 388 435 1641 817 118 1065 171 441 1257 46 283 127 138 410 222 365 906 42 20 770 111 801 208 229 108 138 20 141 367 116 258 242 31 40 764 149 186 22 94 1226 116 142 32 44 642 26 142 99 21 32 47
leaf_count=1243 1538 237 830 661 24 574 2830 240 629 2395 331 388 435 1641 817 118 1065 171 441 1257 46 283 127 138 410 222 365 906 42 20 770 111 801 208 229 108 138 20 141 367 116 258 242 31 40 764 149 186 22 94 1226 116 142 32 44 642 26 142 99 21 32 47
internal_value=-0.00183872 -7.50154e-05 -0.00597584 -0.000784467 -0.0041256 -0.00128055 -0.00219858 -0.00472777 -0.00010074 0.000902031 0.00473568 -0.000210876 -0.0026817 -0.0012194 -0.000366438 0.00136306 0.00241259 -0.00233799 -0.00299348 -0.00446237 0.00839844 -0.00324044 -0.000786164 0.00293843 -0.00201946 0.00360577 -0.00623592 -0.00500163 -0.00901711 -0.0103299 0.00314729 0.00288604 0.00242108 -0.00678344 0.00117337 0.000426707 0.00208333 0.00667702 0.0044108 0.00506939 -0.00784141 -0.00213658 -0.000775946 -0.00180608 0.0026285 0.00378579 -0.00766103 -0.0045082 0.00787628 -0.00229222 -0.00837923 -0.004375 -0.00293253 -0.000993377 0.00936321 -0.005 0.000459559 0.00121073 0.0100051 0.0114085 0.0056903 0.00791925
internal_weight=27788 19493 8295 16999 5172 13829 7752 4653 6077 4182 2494 2783 1992 5430 3647 3170 2142 1895 1684 2322 573 1540 1110 265 845 1921 2661 1529 3123 1558 1399 2024 1866 782 519 495 387 158 1516 1294 1132 623 1028 786 211 905 1565 302 389 755 1268 297 1783 148 527 882 405 379 483 352 131 158
internal_count=27788 19493 8295 16999 5172 13829 7752 4653 6077 4182 2494 2783 1992 5430 3647 3170 2142 1895 1684 2322 573 1540 1110 265 845 1921 2661 1529 3123 1558 1399 2024 1866 782 519 495 387 158 1516 1294 1132 623 1028 786 211 905 1565 302 389 755 1268 297 1783 148 527 882 405 379 483 352 131 158
cat_boundaries=0 1
cat_threshold=1
is_linear=0
shrinkage=0.05


Tree=37
num_leaves=63
num_cat=23
split_feature=15 20 15 16 6 20 1 1 1 17 20 5 1 2 2 1 5 20 2 1 17 1 19 1 2 19 20 2 1 15 1 17 9 1 5 20 2 17 2 20 9 19 1 18 17 15 4 5 1 18 1 17 19 19 17 11 17 5 1 19 10 20
split_gain=77.7655 24.3332 13.8514 6.81732 5.92692 5.72705 5.52194 5.36891 3.73533 3.46224 3.44869 4.23331 3.25021 3.03117 2.93179 2.88039 2.60889 2.45549 4.83461 2.63429 2.37582 2.08745 2.02836 1.91504 1.90003 1.73541 1.6982 1.68852 2.53535 2.47423 1.67767 1.66287 1.65092 1.62639 1.61996 1.91367 1.5992 1.50876 1.45648 1.44006 1.43328 1.4026 1.38611 1.79787 1.54198 1.36159 1.25748 1.25087 2.00246 1.78106 1.20075 1.1242 1.03629 1.02012 1.01757 0.9561 0.933803 0.925386 0.886367 0.867497 0.827766 0.811527
threshold=4.5000000000000009 202.50000000000003 7.5000000000000009 1.7079316629130863 4168.3500000000013 316.50000000000006 0 1 2 0.75553993279761522 7.5000000000000009 72.500000000000014 3 4 5 6 265.50000000000006 108.50000000000001 7 8 1.5398436308105161 9 520.15499999999997 10 11 873.81000000000006 136.50000000000003 12 13 9.5000000000000018 14 1.5279989436891468 1059.3850000000002 15 166.50000000000003 168.50000000000003 16 2.4179791118643874 17 357.50000000000006 2565.6350000000007 1231.0850000000003 18 0.69133769956937419 1.2364286188363558 1.5000000000000002 19 138.50000000000003 20 0.7645591597380591 21 1.8831170391533443 2592.2250000000004 1162.6850000000002 1.6705010132312692 1507.4750000000001 1.5361914124094276 174.50000000000003 22 463.07499999999999 3890.3900000000003 80.500000000000014
decision_type=2 2 2 2 2 2 9 9 9 2 2 2 9 1 1 9 2 2 1 9 2 9 2 9 1 2 2 1 9 2 9 2 2 9 2 2 1 2 1 2 2 2 9 2 2 2 9 2 9 2 9 2 2 2 2 2 2 2 9 2 2 2
left_child=1 4 3 24 7 6 47 16 51 -10 11 30 -7 22 20 -6 26 19 -19 -12 59 -13 -11 -22 33 37 45 28 29 60 -9 50 55 -2 35 41 -34 -16 -28 -38 57 -17 43 -18 -44 -1 -15 48 53 52 -26 61 -49 -3 -51 58 -50 -36 -14 -8 -4 -5
right_child=2 5 27 8 15 12 14 10 9 13 17 21 32 46 25 34 42 18 -20 -21 23 -23 -24 -25 31 -27 38 -29 -30 -31 -32 -33 36 -35 40 -37 39 -39 -40 -41 -42 -43 44 -45 -46 -47 -48 49 56 54 -52 -53 -54 -55 -56 -57 -58 -59 -60 -61 -62 -63
leaf_value=-0.46389956992843229 -0.89470858753154736 -1.1192577681526614 0.46654245177070985 -0.94911543830956302 0.21176977552260967 0.12198816479838258 -1.8191101730525732 1.8431832939392683 -1.034409918785292 0.43278359437992436 0.10112180163491864 5.164203008899654 1.8693469912354914 0.30744697443259172 -0.14193146057339198 -0.26467045805887895 -0.14627559941985488 -0.32855360897262148 0.2852762528455699 -0.37348531938950008 -0.27505724773447826 1.1874842623904442 -0.22698924171617207 1.669767390813246 -0.64774869316678518 -0.74156886633742902 -0.53961402972270134 -1.2142635862737838 -1.2716682738928768 -0.58704013912259112 -0.75516937886035729 -0.72927369787436458 1.7255233384380255 -0.34791367639285103 0.53876240072793991 0.58759535018391629 2.1201667324097317 3.340190045273375 0.54170159399360074 5.2840570712770685 1.1711807517436044 -1.5601324140571631 -1.0901018404576721 1.2216914783820561 0.044506360312675498 -0.89309132269696934 -0.49443448859415934 0.76580458402203755 -0.0052762766913865278 3.2405545452794358 -0.96987560761537339 0.00060211269084859971 5.864599569402575 2.1327495215914722 1.893987712095921 -0.0029979695860433255 2.8756140668700501 -0.66565856615663821 4.3720825653113042 0.027163089493867788 -0.25118511583021341 -0.56234301616143834
leaf_weight=409 355 91 66 304 114 207 80 126 361 357 1006 100 413 177 468 93 106 1850 2528 3824 116 1197 157 533 119 328 215 2359 293 89 681 748 104 884 29 32 48 56 187 107 29 622 99 114 273 1622 670 294 55 62 976 75 25 43 169 60 154 371 323 130 22 283
leaf_count=409 355 91 66 304 114 207 80 126 361 357 1006 100 413 177 468 93 106 1850 2528 3824 116 1197 157 533 119 328 215 2359 293 89 681 748 104 884 29 32 48 56 187 107 29 622 99 114 273 1622 670 294 55 62 976 75 25 43 169 60 154 371 323 130 22 283
internal_value=-0.00183153 -0.000103226 -0.00588545 -0.00439294 -0.000984485 0.00344404 0.00207135 -0.000687762 -0.00234604 -0.00105187 -0.000181015 0.0016374 0.0062253 6.41496e-05 0.000355278 -0.00423434 -0.00255513 -0.00060254 0.000245378 -0.00138113 0.00242259 0.00341346 0.00308349 0.00396856 -0.00595624 -0.0016763 -0.0032892 -0.00874382 -0.00522774 -6.57895e-05 -0.00115741 -0.00705145 0.00731507 -0.00418331 -0.00496215 -0.00645 0.0111164 0 -0.000185185 0.0143601 -0.00234375 -0.00701602 0.000336134 0.00343348 -0.00142857 -0.00387783 -0.00172965 0.00522903 0.00263728 0.0068264 -0.00841302 -0.00551852 0.00407609 -0.00187075 0.0103098 0.00607009 0.00557432 -0.00322581 0.00656292 -0.00199531 0.00549451 -0.00633475
internal_weight=27788 19493 8295 5466 15627 3866 2604 14337 2384 1722 11312 2104 1262 1361 1711 1290 3025 9208 4378 4830 859 1297 514 649 3082 852 2433 2829 470 177 807 1843 1055 1239 1176 747 259 524 402 155 429 715 592 220 372 2031 847 893 343 550 1095 662 319 134 231 796 209 400 736 210 88 587
internal_count=27788 19493 8295 5466 15627 3866 2604 14337 2384 1722 11312 2104 1262 1361 1711 1290 3025 9208 4378 4830 859 1297 514 649 3082 852 2433 2829 470 177 807 1843 1055 1239 1176 747 259 524 402 155 429 715 592 220 372 2031 847 893 343 550 1095 662 319 134 231 796 209 400 736 210 88 587
cat_boundaries=0 2 4 6 8 9 10 12 13 15 17 19 20 21 23 25 27 28 29 31 32 34 36 38
cat_threshold=2525033259 492036 2155976032 801857 9699494 12674 2191683584 69664 394 490 4 128 3079 5906960 245766 335544324 32 786448 4112 1928 768 537395336 128 786448 81920 52465733 528 390 3169 36960 1 48 32777 512 524353 294914 537133194 295425
is_linear=0
shrinkage=0.05


Tree=38
num_leaves=63
num_cat=20
split_feature=15 15 15 1 19 19 2 1 2 1 1 7 10 1 1 17 8 2 1 17 2 10 2 17 23 2 18 7 1 8 10 5 17 18 10 18 8 11 19 0 2 8 10 11 10 10 2 7 1 10 17 17 17 5 11 1 17 0 19 11 11 19
split_gain=72.8455 14.0718 7.88771 5.73267 5.93422 4.33605 3.98401 3.96775 3.57391 4.04891 3.11359 2.79143 2.52172 2.45195 2.42342 2.25139 2.1658 2.12208 2.09681 1.97535 2.58384 1.97497 1.87275 1.83697 1.80407 1.70748 1.69675 1.68681 1.67154 1.63997 2.2905 1.73295 1.59288 1.5603 1.63129 1.48386 1.36271 1.57503 1.36033 1.54613 1.32346 1.31749 3.15336 1.14457 1.10923 1.10157 1.09594 1.0806 1.14476 1.55738 0.97222 1.19737 0.966869 0.953472 1.09588 0.955527 0.919893 0.888173 0.886185 0.874637 0.868371 0.860946
threshold=4.5000000000000009 7.5000000000000009 2.5000000000000004 0 1882.6100000000004 1667.4000000000003 1 2 3 4 5 726.9100000000002 4538.8900000000012 6 7 3.5272379962922433 184.98000000000002 8 9 2.0865299141129685 10 1095.3150000000003 11 2.4378056449221295 5.5000000000000009 12 0.79394949440426077 1277.3550000000002 13 448.42500000000007 592.17500000000007 216.50000000000003 1.8741146742062493 1.5254087348711123 1760.5050000000003 1.2629009310874248 465.86500000000007 1322.7100000000003 2592.2250000000004 14 15 873.1450000000001 684.03500000000008 2565.0300000000002 1095.3150000000003 1029.2100000000003 16 446.11500000000007 17 1434.1750000000002 2.2181149928201691 1.9741694744320704 1.3147264754660604 277.50000000000006 3737.5200000000004 18 1.9494711629767572 19 1231.0850000000003 586.86500000000012 3407.1200000000003 835.47500000000002
decision_type=2 2 2 9 2 2 1 9 1 9 9 2 2 9 9 2 2 1 9 2 1 2 1 2 2 1 2 2 9 2 2 2 2 2 2 2 2 2 2 1 1 2 2 2 2 2 1 2 9 2 2 2 2 2 2 9 2 1 2 2 2 2
left_child=2 8 3 17 14 7 36 24 10 35 33 -3 27 46 -5 16 22 18 26 25 -21 -18 -9 45 29 -16 -1 40 44 30 -4 -31 -11 -2 43 -10 -6 -38 39 -25 52 42 -20 -35 -8 58 -7 48 49 -12 51 -49 -13 55 -55 -37 -34 -43 -19 -30 -28 -47
right_child=1 11 5 4 6 13 28 15 9 32 47 12 -14 -15 19 -17 21 23 41 20 -22 -23 -24 38 -26 -27 60 -29 59 31 -32 -33 56 34 -36 53 37 -39 -40 -41 -42 57 -44 -45 -46 61 -48 50 -50 -51 -52 -53 -54 54 -56 -57 -58 -59 -60 -61 -62 -63
leaf_value=0.10445691882563467 -0.90616018107834673 -1.2293151308158465 3.1168124152590986 -0.18151387673811251 -0.61929821646710226 0.18801130154090853 1.4072338157435575 -0.054046811398864497 -0.61867800824706087 -0.77221463634967302 0.61254039015431383 -0.46166553982138692 -1.2720832021135404 -1.0715723005279865 0.28957121513031442 -1.5835629563859506 0.06944871677686848 -0.031785888183114251 3.7418494923157697 1.3714837790538139 0.23259726838440856 -0.22571543194160457 -1.4951899503219672 1.9465210841676439 -0.49774883698552763 -0.4075648844262631 2.7915589071243376 0.37946571860490369 -1.257951735520338 1.071033230827571 -0.46478739667541902 0.019179249136716692 0.46717970464922587 -0.3875968144209283 -0.57973028237929547 -0.79568191374948549 2.0893826919801235 -0.73436004357469253 -0.23948422558819688 0.037075694153824661 -0.61307794324962028 4.9097157477996367 -0.60023852007070966 1.4353375506126982 -1.2491894579422209 -0.22943135775872747 -0.53750765775878784 0.015819648080121772 -0.4441877338446798 -0.81304035647978312 -0.89081306705726471 0.76644879818693445 0.25208510864205902 1.3610608097316494 0.0011953234872635222 0.20733884682830458 -0.81831198529669558 0.25338625040492818 1.5239302228073457 -1.676272793966989 -0.6290755994914754 -1.0026885956558602
leaf_weight=391 488 2126 51 1262 205 104 75 199 487 2391 63 74 320 840 1181 247 2161 297 246 1140 1646 3829 319 757 118 903 105 35 223 437 205 229 46 26 172 113 150 84 189 273 226 183 141 32 30 269 166 586 407 41 88 58 48 37 59 156 216 20 185 450 24 159
leaf_count=391 488 2126 51 1262 205 104 75 199 487 2391 63 74 320 840 1181 247 2161 297 246 1140 1646 3829 319 757 118 903 105 35 223 437 205 229 46 26 172 113 150 84 189 273 226 183 141 32 30 269 166 586 407 41 88 58 48 37 59 156 216 20 185 450 24 159
internal_value=-0.00179914 -0.00572276 -0.000126308 0.000793126 1.18854e-05 -0.00122502 -0.00316598 -0.000799885 -0.00421924 -0.00519116 -0.00241261 -0.00860258 -0.00564802 -0.00415544 0.000651997 -0.00124668 -0.00105975 0.00254074 0.00434105 0.0011622 0.00203478 -0.000780077 -0.00417466 0.00155812 0.00204179 0 0.00178236 -0.00268782 -0.00527813 0.00283784 -0.0003861 0.00414798 -0.00617498 -0.00502736 -0.00139485 -0.00202312 0.000580752 0.00327004 0.00283347 0.0035576 -0.00384615 0.0064262 0.00451923 0.00532787 0.000317797 -8.21468e-05 0 -0.000826035 -0.00260214 0.0017094 0.000340136 0.00108192 0.000185185 0.000237772 0.00454545 -0.0011489 -0.00216981 0.0100121 0.00149485 -0.00621356 0.00672348 -0.00197216
internal_weight=27788 8295 19493 10588 7349 8905 1217 7795 5466 3505 1961 2829 703 1110 6132 6755 6508 3239 1110 4870 2786 5990 518 2129 1040 2084 520 383 778 922 256 666 2653 718 230 852 439 234 1219 1030 348 590 387 58 105 910 270 1243 511 104 732 644 122 365 96 269 262 203 482 673 129 428
internal_count=27788 8295 19493 10588 7349 8905 1217 7795 5466 3505 1961 2829 703 1110 6132 6755 6508 3239 1110 4870 2786 5990 518 2129 1040 2084 520 383 778 922 256 666 2653 718 230 852 439 234 1219 1030 348 590 387 58 105 910 270 1243 511 104 732 644 122 365 96 269 262 203 482 673 129 428
cat_boundaries=0 2 3 5 6 8 10 12 14 15 17 18 19 20 22 23 24 25 27 29 30
cat_threshold=1447568933 770440 3404 403718670 1245228 904 371351616 304694 20222566 17074 33816576 8832 2299564096 1061990 2092 301999136 98440 846 104 938 16814144 262176 1 788 3604 2147483673 262145 64 1552 1
is_linear=0
shrinkage=0.05


Tree=39
num_leaves=63
num_cat=22
split_feature=16 14 20 22 2 22 22 1 1 1 1 1 20 8 2 2 1 20 20 20 22 22 19 20 19 4 1 2 1 20 16 19 5 8 1 22 1 10 19 18 2 22 22 5 1 2 20 11 10 4 5 5 22 16 20 2 19 5 8 2 7 1
split_gain=56.8064 17.7772 17.1222 6.07123 6.04261 5.60197 6.07704 5.33501 4.85543 4.24866 3.94273 3.7097 3.64008 3.22368 3.17355 2.87632 2.68017 2.67047 4.19546 2.47841 2.45889 2.29664 2.68309 2.21448 2.07525 1.97546 2.12725 1.96518 1.96304 1.93518 1.92283 1.86859 1.76115 1.73639 1.67419 1.65021 1.6425 1.63948 1.61477 1.59664 1.58108 1.58092 2.88913 1.94661 1.54514 1.45775 2.59134 1.42035 1.4171 1.39299 1.61417 1.37188 1.35993 1.35457 1.50408 1.3438 1.32051 1.31747 1.30488 1.26333 1.256 1.24534
threshold=2.2843268105618089 2.5000000000000004 245.50000000000003 18.656991406593473 0 1.0000000180025095e-35 26.196590686372186 1 2 3 4 5 68.500000000000014 720.34500000000014 6 7 8 148.50000000000003 12.500000000000002 352.50000000000006 106.07151661225031 3.5438709630247485 1120.8550000000002 137.50000000000003 1189.845 9 10 11 12 456.50000000000006 0.56677021336914979 1960.7250000000001 55.500000000000007 1233.2650000000001 13 30.158006477231389 14 2388.3750000000005 2291.5450000000005 0.21930520818718161 15 67.093963894781709 28.056558279794292 87.500000000000014 16 17 11.500000000000002 3593.4700000000003 1667.47 18 131.50000000000003 158.50000000000003 50.129831398287124 1.5000027216611571 46.500000000000007 19 2087.3300000000004 81.500000000000014 1064.5100000000002 20 448.42500000000007 21
decision_type=2 2 2 2 1 2 2 9 9 9 9 9 2 2 1 1 9 2 2 2 2 2 2 2 2 9 9 1 9 2 2 2 2 2 9 2 9 2 2 2 1 2 2 2 9 1 2 2 2 9 2 2 2 2 2 1 2 2 2 1 2 9
left_child=1 5 4 -3 8 12 14 23 20 37 51 29 15 -11 53 60 -14 18 28 24 21 22 -2 45 -13 26 38 48 -9 41 56 -21 -28 -29 -27 -20 47 -8 -10 -31 -15 42 -4 -43 55 46 -6 -16 -12 -18 -51 -5 -23 -7 -55 -25 -17 -32 -38 -19 -1 -47
right_child=2 3 11 10 7 6 9 17 25 13 27 19 16 40 36 30 49 59 35 31 -22 52 -24 44 -26 34 32 33 -30 39 57 -33 -34 -35 -36 -37 58 -39 -40 -41 -42 43 -44 -45 -46 61 -48 -49 -50 50 -52 -53 -54 54 -56 -57 -58 -59 -60 -61 -62 -63
leaf_value=-0.36533421409325978 -0.010647254368998917 -1.2545889018780394 2.1349577884985935 -1.2193453877835481 1.1332570417568242 -0.48380315928735396 0.19006019509912947 4.8360450393217072 1.2326377893786402 -0.70218688744129953 1.0680066418986964 0.44744110753758548 -0.31706527924617095 0.41565529621268671 0.27786774358157162 2.8597157000750695 0.0028696974276119394 1.3832338417052286 -0.3536393651303158 2.8245208512033573 1.807594422108727 -0.83945631332823967 -1.1471265840781679 -0.50214941939517532 -0.86722068731110191 -0.93750515805429946 -0.87893912995275802 -0.70314934554193287 0.72034982565440586 2.1634600813337785 -1.5220200895442859 -1.1916324565348255 0.8230029640796559 0.34802583846213442 0.082242706855979369 0.092533374664289181 -0.8109457323846947 -0.50047077306516707 -0.41952812670826917 6.722527868840519 -0.31015325049965164 0.80619658804310967 -1.9247892420955361 2.4182074682225974 -0.14662721970673973 -0.53916729464986168 -0.59064154613098485 -0.74590642667524376 0.0055741123126598069 2.0462432911762023 0.40255537105609601 -0.62510667301411971 -0.37027342851897915 -0.86110571887608978 0.19916785695252043 1.082334915751419 -3.0306754169516807 -0.74519259331725118 -0.3562851725227148 0.25520943174383037 1.0835489082692782 -1.0607528687244201
leaf_weight=134 1003 2043 859 464 311 640 634 102 365 1536 43 549 325 147 53 95 252 687 1637 349 102 1315 944 110 186 483 225 282 1143 37 277 46 261 52 684 1133 1557 164 49 113 323 36 99 75 523 303 921 56 100 197 226 517 429 72 188 226 58 583 195 885 90 295
leaf_count=134 1003 2043 859 464 311 640 634 102 365 1536 43 549 325 147 53 95 252 687 1637 349 102 1315 944 110 186 483 225 282 1143 37 277 46 261 52 684 1133 1557 164 49 113 323 36 99 75 523 303 921 56 100 197 226 517 429 72 188 226 58 583 195 885 90 295
internal_value=-0.00176676 -0.00449651 0.000102347 -0.00746647 -0.000551666 -0.00315503 -0.00400727 0.000313669 -0.00177933 -0.00233345 -0.00491102 0.00405506 -0.00101004 -0.00355374 -0.0056847 -0.00283266 0.00119641 0.00119866 0.000500871 0.00185914 -0.00284091 -0.00306917 -0.00183974 -0.00150352 8.46883e-05 0.00015024 0.00191676 -0.000943878 0.00291466 0.00597606 -0.00395955 0.00505653 -0.000250501 -0.00309798 -0.00117585 -0.000567977 -0.00689034 0.000709001 0.0045082 0.0116013 0 0.00516558 0.00439646 0.0110746 0.000536543 -0.00249591 -0.00140562 -0.000102459 0.00360577 0.00299782 0.0047305 -0.00670272 -0.00440756 -0.00301205 0 0.00315186 0.00088141 -0.00492468 -0.00728045 0.00295238 0.0021097 -0.00454173
internal_weight=27788 11303 16485 3501 14136 7802 5565 8276 5860 2804 1458 2349 2237 2006 2761 1237 1000 5587 4015 1130 3793 3691 1947 2689 735 2067 900 477 1245 1219 1013 395 486 334 1167 2770 1861 798 414 150 470 1069 958 111 859 1830 1232 109 143 675 423 981 1744 900 260 336 153 860 1752 1572 224 598
internal_count=27788 11303 16485 3501 14136 7802 5565 8276 5860 2804 1458 2349 2237 2006 2761 1237 1000 5587 4015 1130 3793 3691 1947 2689 735 2067 900 477 1245 1219 1013 395 486 334 1167 2770 1861 798 414 150 470 1069 958 111 859 1830 1232 109 143 675 423 981 1744 900 260 336 153 860 1752 1572 224 598
cat_boundaries=0 1 3 5 7 9 11 12 13 15 16 18 19 21 23 25 26 28 29 30 31 32 34
cat_threshold=3091 2190906722 540499 4049671358 931025 2160140477 32796 537924757 266625 2249769903 442497 904 2572 33256 41601 50 35258881 81922 784 4 32804 10092545 1130496 67108882 16386 392 43417888 1 452 10 68 328 1085762 1537
is_linear=0
shrinkage=0.05


Tree=40
num_leaves=63
num_cat=1
split_feature=15 20 21 17 21 21 5 21 0 5 5 17 20 5 17 8 21 18 20 20 20 20 17 20 7 22 7 5 17 5 21 21 21 18 15 22 22 17 7 20 20 18 5 11 8 21 5 5 5 15 21 21 22 20 21 22 21 21 7 15 7 5
split_gain=63.1131 19.0789 16.8952 6.35038 5.56809 8.11737 4.69518 4.59397 3.46633 3.17998 5.41563 3.01831 4.11759 3.26336 2.76728 2.55438 2.63405 2.48721 2.48445 3.69852 2.21672 2.14509 2.56439 2.01666 1.98488 1.87017 1.83843 1.71769 1.85616 1.70702 1.6939 1.68279 1.49387 1.47418 1.38243 1.38217 1.34578 1.26658 1.22057 1.20817 1.20487 1.14702 1.56042 1.13567 1.80651 1.12771 1.1276 1.11054 0.957081 0.913705 0.887525 1.01715 0.858435 0.847556 0.835181 0.801736 0.767084 1.39771 1.04168 0.749003 0.927762 0.858862
threshold=4.5000000000000009 270.50000000000006 44.031250000000007 1.8529906708379291 125.55000000000001 11.125000000000002 82.500000000000014 77.050000000000011 0 137.50000000000003 224.50000000000003 2.5454033322097023 157.50000000000003 152.50000000000003 1.2748584559048839 290.89000000000004 316.50000000000006 0.94705414012738864 71.500000000000014 19.500000000000004 393.50000000000006 91.500000000000014 0.94238522751434284 81.500000000000014 1083.2350000000004 12.998938495289082 582.12500000000011 131.50000000000003 2.6666706987621476 80.500000000000014 115.07142857142858 32.788888888888899 41.041666666666679 0.50781735698114983 1.5000000000000002 16.876253255917064 106.07151661225031 2.4999965299465616 563.72500000000014 74.500000000000014 48.500000000000007 0.57570695364472046 325.50000000000006 3147.7850000000003 1274.8450000000003 87.071428571428584 290.50000000000006 52.500000000000007 196.50000000000003 1.5000000000000002 179.58333333333334 135.55000000000004 62.156386871735769 111.50000000000001 132.29166666666671 7.7327380171570583 177.58333333333334 5.5000000000000009 611.95500000000004 7.5000000000000009 686.32500000000016 307.50000000000006
decision_type=2 2 2 2 2 2 2 2 1 2 2 2 2 2 2 2 2 2 2 2 2 2 2 2 2 2 2 2 2 2 2 2 2 2 2 2 2 2 2 2 2 2 2 2 2 2 2 2 2 2 2 2 2 2 2 2 2 2 2 2 2 2
left_child=1 4 24 9 5 6 18 27 29 21 14 12 -8 -13 23 50 17 34 19 -1 41 45 -23 -11 35 -22 -12 39 -29 -9 -10 -26 46 -5 -17 -2 -19 -20 -16 -7 -28 42 56 44 52 -4 48 -35 -33 -18 51 54 -43 -24 -6 -46 57 -3 -58 -37 -61 -62
right_child=2 20 3 33 15 7 11 8 30 10 26 13 -14 -15 38 16 49 36 37 -21 25 22 53 -25 31 -27 40 28 -30 -31 -32 32 -34 47 -36 59 -38 -39 -40 -41 -42 43 -44 -45 55 -47 -48 -49 -50 -51 -52 -53 -54 -55 -56 -57 58 -59 -60 60 61 -63
leaf_value=-0.46347042672104521 -1.175091852470795 1.2928694737072619 -0.81652216818131829 -0.99942612166710065 -0.82019364225952107 -1.6703173891436247 -0.90307539027190387 -0.8713401123632516 -0.019569524478788836 -0.72453128882635065 -0.71644436548560719 0.047983248984081683 0.44131711051568845 1.6907730997400301 0.012282582513913632 -0.95651728930967295 -0.78879089771936184 0.43942929401294573 0.19304623035593879 -1.7331122217507038 4.0431653457477017 -0.85444736876056315 0.68109036435699155 0.13726794927492722 -1.2815322305147223 -1.8672598948512809 0.041945955506269429 -0.65944652638504242 0.011844668350108735 -0.24295061860181821 0.71457575211557511 0.20668826239805133 -0.87749005267187463 -0.78232562041706499 0.021845823538296828 -0.55864561395775747 1.6225965140858236 3.5860295727158107 0.39233601411872387 -0.34538139503989246 -0.36750679112965978 1.1181662700125627 2.2826326036027638 -0.41456238146950003 3.7367370218059222 -0.50251629943591991 1.779763392395892 0.30437189269194964 -0.44520162423960419 3.461402304750091 0.00085669675301076615 -0.89363652651081227 1.6391129572720731 -0.17968969167394208 1.3783715538523726 1.1133942392808636 0.31214459993892663 -1.0154431390037446 2.4028961878471806 -1.182286833725501 -0.58608168480798817 0.17957237442285001
leaf_weight=1243 1559 294 1614 82 81 496 984 692 988 326 984 1272 912 1174 310 83 24 1286 223 441 527 272 61 158 142 46 141 1313 316 2324 227 66 42 56 2203 302 131 46 245 225 399 458 81 68 74 199 21 393 31 155 355 314 69 63 32 30 121 125 60 659 135 35
leaf_count=1243 1559 294 1614 82 81 496 984 692 988 326 984 1272 912 1174 310 83 24 1286 223 441 527 272 61 158 142 46 141 1313 316 2324 227 66 42 56 2203 302 131 46 245 225 399 458 81 68 74 199 21 393 31 155 355 314 69 63 32 30 121 125 60 659 135 35
internal_value=-0.00174517 -0.000187859 -0.00539738 -0.00368215 -0.000712535 -0.0012501 2.58018e-05 -0.0024776 -0.00147319 -0.00426178 -0.00301539 0.000949367 -0.000526593 0.00211311 -0.000179942 0.00076066 0.00129344 0.000988262 -0.00200026 -0.00272673 0.00449259 -0.00567925 -0.00213033 -0.00297741 -0.00841402 0.00718316 -0.00491159 -0.00426052 -0.00328585 -0.0023849 0.000749179 -0.00418033 -0.000306748 0.0014279 -1.09218e-05 -0.00886558 0.00263204 0.00234375 0.00217294 -0.00637086 -0.00239411 0.0033261 0.00173611 0.00478989 0.00546136 -0.00642208 0.00227273 0.00262721 0 0.00721154 -0.00181529 -0.00334302 0.00408019 0.00354331 0.000323276 0.0116822 0.000746269 -0.000325829 0.00346467 -0.0073082 -0.0081881 -0.00419075
internal_weight=27788 19493 8295 5303 17540 12876 6295 6581 4231 4772 2563 4342 1896 2446 1039 4664 3882 3703 1953 1684 1953 2209 396 484 2992 573 1524 2350 1629 3016 1215 302 160 531 2286 2690 1417 269 555 721 540 1380 681 699 631 1813 118 449 97 179 782 427 527 124 113 104 600 419 181 1131 829 170
internal_count=27788 19493 8295 5303 17540 12876 6295 6581 4231 4772 2563 4342 1896 2446 1039 4664 3882 3703 1953 1684 1953 2209 396 484 2992 573 1524 2350 1629 3016 1215 302 160 531 2286 2690 1417 269 555 721 540 1380 681 699 631 1813 118 449 97 179 782 427 527 124 113 104 600 419 181 1131 829 170
cat_boundaries=0 1
cat_threshold=1
is_linear=0
shrinkage=0.05


Tree=41
num_leaves=63
num_cat=4
split_feature=23 22 14 17 7 14 7 17 6 22 22 19 5 16 16 4 6 3 5 22 22 17 18 5 5 7 7 19 5 18 16 18 23 6 11 0 22 11 5 5 7 17 17 5 17 17 18 3 19 17 5 16 17 22 5 17 10 5 5 16 17 5
split_gain=52.9009 16.6794 15.1912 6.56032 4.17041 3.69495 3.56169 3.39754 3.33249 3.18534 2.94312 2.88189 2.69704 2.51037 2.44384 2.19833 2.08578 1.95518 1.93036 1.74286 1.73585 1.9118 1.65456 1.64038 4.23181 1.62196 1.45882 1.41987 1.41779 1.41731 1.37854 1.32583 1.267 1.25591 1.24038 2.4985 1.21257 1.37718 1.19254 1.16825 1.86559 1.15294 1.12823 1.06702 1.01197 1.8659 1.02524 1.01064 1.18962 1.68946 0.955987 0.908847 1.92717 0.966653 0.892789 0.878128 0.873932 0.868742 0.865655 1.03778 0.779133 0.714113
threshold=4.5000000000000009 24.042620865182638 1.5000000000000002 1.482243933635824 689.31000000000006 2.5000000000000004 299.3250000000001 1.7155094130185395 2501.0100000000007 16.978417559131092 119.43197661429348 3203.3150000000005 160.50000000000003 1.7145370871544758 0.66689796173514437 0 2012.74 1 339.50000000000006 55.148932550733754 54.478435474689782 1.6524209133969545 1.0479037449533375 129.50000000000003 221.50000000000003 1240.0450000000003 310.12000000000006 3023.3750000000005 186.50000000000003 1.0000000180025095e-35 1.4999972783388438 2.2967981627535248 3.5000000000000004 2012.74 2645.4050000000002 2 77.080585307260563 1637.0050000000003 131.50000000000003 35.500000000000007 1229.6150000000005 2.5711187412023864 2.2388070887983775 95.500000000000014 1.0024541409419101 1.6063674015202329e-05 1.3481632329378712 3 505.11999999999995 1.6046877608960823 298.50000000000006 2.4503731760357819 1.4055553367982105 36.771818849913814 266.50000000000006 1.7689159092971671 1584.1750000000002 74.500000000000014 166.50000000000003 1.1249879512494882 1.3464394123748249 140.50000000000003
decision_type=2 2 2 2 2 2 2 2 2 2 2 2 2 2 2 9 2 1 2 2 2 2 2 2 2 2 2 2 2 2 2 2 2 2 2 1 2 2 2 2 2 2 2 2 2 2 2 1 2 2 2 2 2 2 2 2 2 2 2 2 2 2
left_child=2 9 3 15 17 7 56 47 10 30 25 13 19 14 -9 29 31 41 -15 -7 21 38 -23 -11 58 -8 -14 32 57 -1 -2 42 -10 36 35 -28 54 -38 -18 40 -35 51 -6 -41 45 -31 -46 48 49 -4 -29 52 -3 -53 -17 -32 -5 -22 60 -60 -25 -33
right_child=1 4 5 6 16 12 8 11 27 23 -12 -13 26 18 -16 33 20 -19 -20 -21 28 22 -24 24 -26 -27 34 50 -30 44 55 61 -34 39 -36 -37 37 -39 -40 43 -42 -43 -44 -45 46 -47 -48 -49 -50 -51 -52 53 -54 -55 -56 -57 -58 -59 59 -61 -62 -63
leaf_value=7.6786087556355627 -1.0844665275088186 -1.0026796154840383 1.1283669445324365 -0.33647169218393957 1.7047129106126306 -1.5468685869240468 0.63636406611952057 0.73452243196768807 0.27729575420479835 -0.82936036447952977 2.0143786504556984 -1.3032943843490328 -1.2861832993223064 0.098074798249174935 -0.34081337877760343 -0.2784629650235047 -0.78099421521916368 -0.78675254400229433 2.6137348747404845 0.74029298636362029 -0.2386598320756079 -0.58163140750203302 0.33615871943700421 -0.68281773528045153 -0.83686560244665353 1.6226763735306926 0.42887572739722657 -1.4619311394520567 -0.96981590956958641 1.8346122173692898 -0.8116648685292811 -0.34618259143736196 -0.88242192355148141 -1.2318553836496879 -0.40744613688162379 -0.40349628775775592 0.013572288178835734 4.4840282238355957 -0.21352043655622241 0.029725558117582374 0.23946104543258714 0.91676906869991948 -1.0037226292101775 -0.28682195503107127 0.20416142567950432 -0.45858779154577189 0.7457280422619732 -0.64892778950325725 -1.1610676992543039 -0.85164364545146631 2.6730739242598109 -0.68143459666963158 -0.24053563841927642 0.046192675471695567 0.33798940879271022 -0.14021836667810847 -2.9337202707042778 0.99364914044184904 -0.47349562473823215 0.24641034964501998 0.078623265137175657 0.087156515361124329
leaf_weight=27 1071 379 81 875 128 607 4899 134 1575 748 158 182 112 1229 1947 787 310 1540 43 42 62 109 194 170 607 924 85 229 52 80 1040 85 80 250 145 63 52 26 403 602 47 35 28 1665 441 304 115 821 59 34 22 245 538 377 278 81 36 112 51 180 88 99
leaf_count=27 1071 379 81 875 128 607 4899 134 1575 748 158 182 112 1229 1947 787 310 1540 43 42 62 109 194 170 607 924 85 229 52 80 1040 85 80 250 145 63 52 26 403 602 47 35 28 1665 441 304 115 821 59 34 22 245 538 377 278 81 36 112 51 180 88 99
internal_value=-0.00172898 -0.00495135 -0.000249226 0.000656772 -0.00290487 -0.00244317 0.0014629 -0.00180344 0.00180767 -0.00731617 0.00238762 -0.00105639 -0.00513245 -0.000703963 -0.00178143 -0.000849904 -0.000772871 -0.00397016 0.00101961 -0.00715107 -0.00174699 -0.00264966 0.000531046 -0.00568489 -0.00432211 0.00219061 -0.00174632 0 0.00207424 0.00123724 -0.00865604 0.00262391 0.000520205 -0.00140793 0 0.00331126 0 0.0058642 -0.00406774 -0.00202571 -0.00504167 -0.00259924 0.00597484 -0.00160242 0.000848356 -0.00103359 0.00223614 -0.00439629 -0.00040107 0.00222458 -0.00349409 -0.00284533 -0.00387228 -0.00124 -0.000479869 -0.00721753 -0.00146335 0.00437853 -0.000736789 0.00133547 -0.00277778 0
internal_weight=27788 8732 19056 13472 4696 5584 8798 4530 7887 4036 5981 3535 1054 3353 2081 4674 1582 3114 1272 649 1242 1016 303 1844 1096 5823 405 1906 226 967 2192 340 1655 3707 293 148 1143 78 713 2564 297 1574 156 2267 940 384 556 995 174 115 251 1539 917 622 1065 1121 911 174 489 231 258 184
internal_count=27788 8732 19056 13472 4696 5584 8798 4530 7887 4036 5981 3535 1054 3353 2081 4674 1582 3114 1272 649 1242 1016 303 1844 1096 5823 405 1906 226 967 2192 340 1655 3707 293 148 1143 78 713 2564 297 1574 156 2267 940 384 556 995 174 115 251 1539 917 622 1065 1121 911 174 489 231 258 184
cat_boundaries=0 1 2 3 4
cat_threshold=16 6 1 2
is_linear=0
shrinkage=0.05


Tree=42
num_leaves=63
num_cat=26
split_feature=23 20 21 2 16 21 1 20 22 1 1 8 6 2 1 1 1 1 10 2 20 4 1 2 21 20 10 1 8 8 2 1 1 21 2 8 1 18 1 21 1 22 2 10 2 10 2 22 22 23 8 22 1 8 18 18 18 6 2 20 8 21
split_gain=48.7594 17.938 17.3628 9.02926 7.9342 5.65236 5.58945 4.58273 4.15093 4.2125 3.946 3.77025 3.7071 3.49297 3.29425 3.12965 3.11772 3.07567 2.46113 2.36858 2.36612 2.2492 2.17049 2.0516 1.98902 1.96661 1.83882 1.71043 1.55107 1.53649 1.86139 1.52616 1.50143 1.48698 2.17024 2.81307 1.4851 1.4349 1.40575 1.3508 1.65048 1.44377 1.32243 1.41445 1.28873 1.31313 1.27502 1.223 1.20799 1.79147 1.18207 1.16949 1.15105 1.54113 1.10698 1.10626 1.06814 1.06516 1.04373 1.37673 0.997729 0.992013
threshold=4.5000000000000009 187.50000000000003 44.031250000000007 0 1.7330925518974825 106.07142857142858 1 352.50000000000006 24.042620865182638 2 3 300.02500000000003 3650.2500000000005 4 5 6 7 8 1130.1850000000002 9 73.500000000000014 10 11 12 101.53571428571429 70.500000000000014 365.15000000000003 13 563.18500000000006 754.27500000000009 14 15 16 32.205263157894741 17 1240.0450000000003 18 0.95627084288005471 19 100.84523809523812 20 106.07151661225031 21 1240.0550000000003 22 628.0350000000002 23 21.814750197581635 110.07868621188975 1.5000000000000002 737.08500000000015 16.546902910873921 24 661.34500000000014 1.5254087348711123 1.0306563200011285 1.8233818710651302 2012.74 25 393.50000000000006 1970.1600000000003 83.062500000000014
decision_type=2 2 2 1 2 2 9 2 2 9 9 2 2 1 9 9 9 9 2 1 2 9 9 1 2 2 2 9 2 2 1 9 9 2 1 2 9 2 9 2 9 2 1 2 1 2 1 2 2 2 2 2 9 2 2 2 2 2 1 2 2 2
left_child=1 4 25 6 5 14 28 10 36 19 37 22 16 32 26 -9 23 -7 54 -10 38 -18 -6 -13 -11 33 -1 -14 -4 58 57 -22 55 -2 35 -35 -5 39 -16 40 -3 -41 -19 -44 -24 -46 -39 -29 49 -15 -26 -20 53 -30 -8 -12 -53 -31 -17 -60 -38 -28
right_child=2 7 3 8 11 17 18 15 9 24 13 12 27 48 20 29 21 42 51 -21 31 -23 44 -25 50 -27 61 47 52 30 -32 -33 -34 34 -36 -37 60 46 -40 41 -42 -43 43 -45 45 -47 -48 -49 -50 -51 -52 56 -54 -55 -56 -57 -58 -59 59 -61 -62 -63
leaf_value=0.89553926396152272 -1.2938832840823544 0.23642582030678483 -0.86758635006364182 -0.10962927872516613 -1.717341237484687 -1.3076047203905432 0.4999270476357463 0.18996451320132623 0.22133604488818365 -0.72125981614069168 2.2852916109938159 -0.46964037794065255 0.25322984653818353 -0.028892550422098397 -0.79319440248367179 0.24263887653104632 0.82068878225668096 1.4813512345837703 -0.69853214921308049 -0.46638195140612027 0.36041617932955816 0.106752600553288 -1.1840646060519386 0.010394073785870718 -0.7334249568953688 -0.52531148420314278 -1.0476172388780178 -1.1821967309812338 0.51403706442886443 9.3871024580115954 4.2626819740531152 -0.34328690805280648 0.30132221787401792 -0.5165841381036328 -0.85494751961873916 0.28010492336353465 -0.74788195299463123 1.0099290653436357 -0.38936546942474526 -0.068032129901237678 2.9000931296810926 3.5714559340625436 -0.27372353001369165 1.3319016573813665 0.28711311318766769 -0.82543234645272079 2.8594925096579349 -0.23152902571743114 1.0723053356619736 -0.54481644647304928 0.11332736619650774 -0.028686318454717252 0.11668524903007445 -0.83159997018365517 2.01629595466119 -0.23670433485649911 0.31547164581953741 0.13674636650769117 0.97226233055586142 4.5949907637952663 -0.024761589018997655 -0.45304094310123078
leaf_weight=49 992 152 397 108 252 113 256 205 285 1773 290 1326 130 1037 1205 110 972 175 99 413 287 3708 350 2645 253 158 640 465 24 30 159 373 445 418 915 57 1158 101 739 392 251 48 389 167 326 118 205 161 76 436 169 611 219 82 41 55 265 80 117 189 39 88
leaf_count=49 992 152 397 108 252 113 256 205 285 1773 290 1326 130 1037 1205 110 972 175 99 413 287 3708 350 2645 253 158 640 465 24 30 159 373 445 418 915 57 1158 101 739 392 251 48 389 167 326 118 205 161 76 436 169 611 219 82 41 55 265 80 117 189 39 88
internal_value=-0.00165161 -0.000230862 -0.00474528 -0.00330105 -0.00107111 -0.00290031 -0.0004858 0.00257361 -0.00461292 -0.00352642 0.00173303 -0.000326368 -3.98512e-06 0.000515519 -0.00381575 0.00579507 0.00028455 0.000708383 0.0014786 -3.51617e-05 -0.00288498 0.0011613 -0.00316969 -0.000737324 -0.00459126 -0.0082383 -0.00672468 -0.00335968 -0.00397959 0.00736032 0.0106158 -0.000226244 0.00320672 -0.00860587 -0.00737617 -0.00407275 -0.00700497 0.00412005 -0.00377504 0.00296986 0.00508005 0.000902935 0.00196573 0.000615114 -0.00170384 0 0.00720065 -0.00442097 -0.000840269 -0.00119411 -0.00135294 0.00021728 -0.00125762 -0.0052521 0.00545833 0.00569134 0.000853242 0.00345528 0.0052506 0.00666144 -0.00748967 -0.00745554
internal_weight=27788 19056 8732 6192 14678 4225 1994 4378 4198 2893 3488 10453 9407 2339 3381 890 8651 844 1272 698 2604 4680 1046 3971 2195 2540 777 756 722 685 269 660 790 2382 1390 475 1305 1149 1944 843 403 440 731 556 794 444 306 626 1549 1473 422 975 325 106 297 345 876 110 416 306 1197 728
internal_count=27788 19056 8732 6192 14678 4225 1994 4378 4198 2893 3488 10453 9407 2339 3381 890 8651 844 1272 698 2604 4680 1046 3971 2195 2540 777 756 722 685 269 660 790 2382 1390 475 1305 1149 1944 843 403 440 731 556 794 444 306 626 1549 1473 422 975 325 106 297 345 876 110 416 306 1197 728
cat_boundaries=0 1 3 5 7 8 10 12 14 16 17 18 20 21 23 24 26 28 29 31 33 35 36 37 38 40 41
cat_threshold=896 53924964 12960 2454216816 33285 394318119 491673 360 100700515 27 2183418112 65665 2174046715 533717 2101264 295424 3086 16 2265105 21504 3089 4 98432 390 2684354576 71168 536870928 16418 780 318767105 262144 2704016004 102400 67145729 98304 2240 543 2065 34734116 32 2177
is_linear=0
shrinkage=0.05


Tree=43
num_leaves=63
num_cat=8
split_feature=15 21 2 14 16 21 23 7 22 2 21 8 2 5 21 22 9 2 2 10 18 14 7 10 7 7 23 2 7 9 22 21 22 11 18 2 11 7 21 21 11 18 7 18 5 8 18 16 8 11 18 7 18 11 5 2 18 7 5 22 5 22
split_gain=52.4829 15.1145 7.42403 6.46205 5.71417 5.02562 4.99945 3.36306 3.41157 3.16121 3.12633 2.8314 2.2852 2.25754 2.73922 2.12483 2.0229 2.00376 1.9968 1.98064 1.91036 1.83364 1.88677 1.81198 1.79856 1.79704 1.78738 1.75469 1.73955 1.9313 1.59581 1.54169 1.44597 1.39377 1.55253 1.35736 1.31647 1.29486 1.4837 1.2751 1.23518 1.19242 1.27808 1.17784 1.15444 1.39449 1.14939 1.13859 1.30193 1.12409 1.46676 1.30037 1.12263 1.9696 1.10275 1.02282 1.18278 1.13803 1.01911 1.00473 0.964061 0.919279
threshold=4.5000000000000009 38.52272727272728 0 1.5000000000000002 1.8000996199974242 116.08333333333336 3.5000000000000004 299.3250000000001 106.07151661225031 1 118.08333333333336 284.2050000000001 2 111.50000000000001 18.732142857142861 41.013744895094057 432.53000000000003 3 4 1419.9000000000003 1.7241219027281767 2.5000000000000004 85.910000000000011 1.0000000180025095e-35 1635.5000000000002 1064.5100000000002 3.5000000000000004 5 976.7600000000001 2185.4900000000002 4.9581511384448076 221.16666666666671 59.584613581083033 864.51500000000021 0.58637185577026896 6 1074.7950000000003 1135.4250000000002 32.788888888888899 61.519230769230781 5146.4300000000012 2.3872337829852004 720.80000000000018 1.6734837666045348 145.50000000000003 1277.3550000000002 0.91107154242835076 1.9019869049200084 661.34500000000014 4403.6350000000011 1.5831916405772068 567.58500000000015 0.798976793514793 1915.4700000000003 244.50000000000003 7 2.4537066013769748 792.58000000000015 81.500000000000014 25.642575260815565 72.500000000000014 233.06347194710742
decision_type=2 2 1 2 2 2 2 2 2 1 2 2 1 2 2 2 2 1 1 2 2 2 2 2 2 2 2 1 2 2 2 2 2 2 2 1 2 2 2 2 2 2 2 2 2 2 2 2 2 2 2 2 2 2 2 1 2 2 2 2 2 2
left_child=3 37 11 6 25 13 7 23 9 19 17 -3 30 21 47 28 -14 20 31 -9 32 22 -5 58 -11 39 -13 -27 29 -6 -7 -10 -8 34 -25 -35 -18 -2 -39 -4 -30 42 -16 -24 45 -12 -38 54 -49 51 -51 -28 -46 -54 -15 56 -17 -57 -1 -22 -19 -20
right_child=1 2 4 5 15 12 10 8 18 24 44 26 16 14 41 55 36 60 61 -21 59 -23 43 33 -26 27 49 -29 40 -31 -32 -33 -34 35 -36 -37 46 38 -40 -41 -42 -43 -44 -45 52 -47 -48 48 -50 50 -52 -53 53 -55 -56 57 -58 -59 -60 -61 -62 -63
leaf_value=-0.59685074562577822 -1.0656207007493639 -0.99247067635878106 -0.63789764989992015 1.2351355202041376 -0.63442319970050376 1.8591442898207604 -0.49925280299238967 0.82283083403629542 -0.44675195160041814 -0.033394441620488637 -0.27609364069636977 -0.36002189173764632 -1.399826219736017 -0.22508007321556997 -0.42696293605620428 0.47361838745568008 1.8453921437809873 -1.2944281819135997 2.3585689702854324 -0.036074731262689855 -0.81468443094172371 -1.4504853161494204 -0.97669515890373004 -0.28633560834560934 1.6369936004380705 -0.85997279367878265 0.12992566062364616 0.12560315521052309 0.50031784124060941 0.61659565322329124 0.27979681351384827 3.3427680916292162 0.58667777502940088 -0.0009821904058171071 3.7695119392709646 -1.20666957086438 -0.49142637101337994 -1.088869531155011 0.18790288964374682 -0.60114388554691345 -0.32571843620826613 -1.3396606233000234 0.0028004713965277261 0.28795475947143995 -0.10277582945656932 1.0676253141976191 0.30875600996767116 2.9588540872638647 0.071729763085977186 -0.44351378286767762 0.14966842158895127 0.47031173896218625 2.0064238550797513 0.29464456617610929 4.1060972406766343 -0.79303294825309545 -1.255213612223717 0.24812289556317177 1.6643165316354045 0.7486083983277102 -0.60827601428752309 -0.40248947378679817
leaf_weight=94 1988 183 1673 71 1152 63 606 3874 112 4447 372 79 66 406 1261 221 90 191 186 1109 31 295 1014 1034 208 103 336 199 129 22 203 29 136 221 77 491 356 121 69 1118 201 84 427 64 148 65 294 57 112 79 163 171 37 130 65 175 35 78 245 104 597 21
leaf_count=94 1988 183 1673 71 1152 63 606 3874 112 4447 372 79 66 406 1261 221 90 191 186 1109 31 295 1014 1034 208 103 336 199 129 22 203 29 136 221 77 491 356 121 69 1118 201 84 427 64 148 65 294 57 112 79 163 171 37 130 65 175 35 78 245 104 597 21
internal_value=-0.00163902 -0.00496957 -0.00367851 -0.000218635 -0.00444911 -0.00178463 0.000308038 0.00072422 0.00111373 0.00093092 -0.00176136 0.00020752 0.0012093 -0.00263022 -0.00165631 -0.00233755 -9.15751e-05 -0.00297512 0.00598291 0.00180394 -0.00119382 -0.00421562 -0.00322266 -0.00105081 0 -0.00581799 0.00150421 -0.00188525 -0.00328467 -0.00418437 0.00510753 0.000568182 -0.00224832 -0.00169085 -0.000527379 -0.00342657 0.000605653 -0.00856259 -0.00401554 -0.00622316 0 -0.00267606 -0.0023359 -0.00376966 0.000860927 -0.000710227 -0.000114855 0.00108865 0.00457849 0.00231051 -0.000306122 0.00365196 0.00318396 0.00595588 -7.91139e-05 0.000366211 0.00260223 -0.00173872 0.00222953 0.00407609 -0.00480649 0.00892045
internal_weight=27788 8295 6117 19493 5106 4928 14565 12148 9986 9638 2417 1011 1072 3856 2412 2013 806 1665 348 4983 877 1444 1149 2162 4655 3093 828 302 1504 1174 266 141 742 1823 1111 712 740 2178 190 2791 330 1772 1688 1078 752 437 650 640 169 749 242 507 315 167 471 509 256 253 339 135 788 207
internal_count=27788 8295 6117 19493 5106 4928 14565 12148 9986 9638 2417 1011 1072 3856 2412 2013 806 1665 348 4983 877 1444 1149 2162 4655 3093 828 302 1504 1174 266 141 742 1823 1111 712 740 2178 190 2791 330 1772 1688 1078 752 437 650 640 169 749 242 507 315 167 471 509 256 253 339 135 788 207
cat_boundaries=0 1 2 3 4 5 6 7 8
cat_threshold=768 380 192 980 2156 2098 544 3265
is_linear=0
shrinkage=0.05


Tree=44
num_leaves=63
num_cat=7
split_feature=15 20 21 17 6 1 1 1 22 21 22 1 7 7 20 4 10 1 7 17 6 1 21 7 11 10 21 19 20 7 19 21 7 7 19 9 21 17 21 21 10 22 19 17 7 21 11 20 20 20 22 23 9 22 19 20 22 21 20 15 20 11
split_gain=48.3119 14.4688 14.1685 6.88092 4.52407 3.63991 3.31376 3.29697 2.86936 2.83707 2.82353 2.41709 2.29463 2.29318 2.11072 1.97468 1.76284 1.68592 1.83004 1.6005 1.50171 1.75646 1.46502 1.45414 3.3898 2.43477 1.70093 1.45324 1.29365 1.64313 1.24867 1.22865 1.2028 1.41702 1.18471 1.16721 1.15477 1.14882 1.06686 1.04923 1.06397 1.0161 0.963078 1.21694 0.931588 0.916517 0.913398 0.859616 0.83351 0.823757 0.814326 0.970833 0.775283 0.772341 0.770048 0.780437 0.762218 0.649546 0.648654 0.640963 0.612395 0.90469
threshold=4.5000000000000009 270.50000000000006 38.52272727272728 1.8529906708379291 4168.3500000000013 0 1 2 16.707782550687583 274.50000000000006 119.43197661429348 3 611.95500000000004 467.53000000000009 456.50000000000006 4 467.54500000000007 5 720.80000000000018 3.309924417575453 2501.0100000000007 6 48.029411764705891 1166.8450000000003 3065.6150000000002 1079.3700000000001 115.07142857142858 1671.9950000000001 99.500000000000014 1654.5750000000003 706.30999999999995 60.577380952380956 2204.5350000000003 841.47500000000014 1086.5000000000002 1240.05 139.58333333333334 1.9586877231193094 33.279220779220786 92.354166666666671 1443.5600000000002 21.634389852708992 44.645000000000103 2.1849692642356122 1022.7100000000002 112.08333333333336 1047.2550000000003 39.500000000000007 10.500000000000002 308.50000000000006 20.938356236560598 3.5000000000000004 1653.4050000000002 38.677576516083171 1804.2700000000002 388.50000000000006 48.587721152379778 316.50000000000006 429.50000000000006 12.500000000000002 141.50000000000003 2073.4100000000003
decision_type=2 2 2 2 2 9 9 9 2 2 2 9 2 2 2 9 2 9 2 2 2 9 2 2 2 2 2 2 2 2 2 2 2 2 2 2 2 2 2 2 2 2 2 2 2 2 2 2 2 2 2 2 2 2 2 2 2 2 2 2 2 2
left_child=1 4 28 6 5 23 22 14 44 10 13 60 -13 -7 42 34 -12 53 -19 57 21 35 48 25 52 30 -27 -16 29 46 -1 49 33 -14 41 -9 -26 -22 -31 -24 -41 47 43 -3 -8 -33 -2 -5 -4 -23 51 -17 -25 -10 58 -56 -43 -11 -44 -48 61 -6
right_child=2 7 3 15 11 9 8 20 17 19 16 12 32 -15 27 50 -18 18 -20 -21 37 31 39 24 36 26 -28 -29 -30 38 -32 45 -34 -35 -36 -37 -38 -39 -40 40 -42 56 54 -45 -46 -47 59 -49 -50 -51 -52 -53 -54 -55 55 -57 -58 -59 -60 -61 -62 -63
leaf_value=0.8544752664088453 0.0040682969567235718 1.7796895375464417 0.0051375876275583827 -1.2031767814854943 0.28352634742056665 -0.42048003495165465 -0.58752047881440606 -0.9220460481275744 -0.18430338023970397 0.95595433575548305 -0.23984555678964414 -1.3550091658801684 0.11625300765331091 -0.086604423833536268 7.0567080192978331 0.084090889316268763 1.4307037798678122 -0.44970549721655434 -0.027305027084773316 -0.26520947194127126 -1.5092065688608678 0.53515888983811377 -0.60777191409750564 1.7933736647766132 -0.57796276174374484 -0.43037020503212137 0.30142294658503349 3.0574538504011679 0.080934144344613657 -0.72136925804741514 0.14158254205015056 -1.3252641311534548 0.61337115396269515 -0.63804504415864194 -0.76252576050427079 3.1004914784955377 0.83236858339881725 0.50888658271626075 0.47805427766222675 -0.75536453534158099 1.1223639402757197 0.4250468653565449 1.8103232690315509 6.4778685481756915 -0.044067667924866966 0.80069070677070897 -0.85147504886160774 0.40634128797830371 -0.73112621828722912 3.6231325183784211 0.24668381210437451 1.1151631614705075 3.5407174624421773 0.75321774142355202 4.0509851044211187 0.7650212597840863 -0.54228317639178025 4.1779445833307092 -1.8701761670613231 -1.3259080848407685 1.720509321009863 -0.92328486198891113
leaf_weight=552 27 72 26 38 94 4817 569 106 92 122 67 417 174 7377 69 20 220 1603 692 84 60 131 1715 254 154 821 367 30 37 30 1069 66 35 476 86 26 99 160 20 59 54 149 345 28 66 393 1539 35 581 369 188 27 56 57 53 25 60 114 20 525 62 109
leaf_count=552 27 72 26 38 94 4817 569 106 92 122 67 417 174 7377 69 20 220 1603 692 84 60 131 1715 254 154 821 367 30 37 30 1069 66 35 476 86 26 99 160 20 59 54 149 345 28 66 393 1539 35 581 369 188 27 56 57 53 25 60 114 20 525 62 109
internal_value=-0.00163542 -0.000272492 -0.00483098 -0.00358047 -0.000729636 -0.000492242 -0.00413721 0.0038024 -0.00297138 -0.000878921 -0.00100228 -0.00349453 -0.00450673 -0.00112118 0.00675573 0.00142327 0.00383621 -0.00216592 -0.00250758 0.00371517 0.00223754 0.00302788 -0.00555045 0.000960118 0.00329064 0.00047564 -0.00121746 0.013848 -0.00831041 -0.00847132 0.00174723 0.003768 -0.00263445 -0.00317764 -0.000787402 -0.00206897 -0.000830078 -0.00134529 0 -0.00477881 0 0.000614035 0.00542582 0.0101942 -0.00601489 0.00175866 -0.00868553 -0.00411184 -0.00784836 0.0055666 0.00488911 0.01125 0.00678914 0.00270062 0.00417601 0.00895062 0.00253538 0.00585774 0.00295516 -0.00880503 0.00067446 -0.000424757
internal_weight=27788 19493 8295 6117 17540 16173 5514 1953 3079 12801 12481 1367 1102 12194 642 603 287 2444 2295 320 1311 1091 2435 3372 563 2809 1188 99 2178 2141 1621 959 685 650 368 132 253 220 50 1828 113 282 543 100 635 459 2091 73 607 500 235 47 310 149 443 78 209 236 365 2064 265 203
internal_count=27788 19493 8295 6117 17540 16173 5514 1953 3079 12801 12481 1367 1102 12194 642 603 287 2444 2295 320 1311 1091 2435 3372 563 2809 1188 99 2178 2141 1621 959 685 650 368 132 253 220 50 1828 113 282 543 100 635 459 2091 73 607 500 235 47 310 149 443 78 209 236 365 2064 265 203
cat_boundaries=0 2 4 6 8 9 10 12
cat_threshold=1549279763 246024 557061164 69888 92881453 311313 33816580 65664 7 343957568 2494464 2
is_linear=0
shrinkage=0.05


Tree=45
num_leaves=63
num_cat=19
split_feature=23 21 20 2 16 1 21 22 1 21 1 1 1 8 6 1 22 21 22 5 20 1 1 11 5 2 21 21 1 20 2 2 20 18 1 20 5 22 2 2 1 21 19 9 2 5 23 21 8 9 8 8 1 22 9 18 20 9 11 11 19 5
split_gain=39.5458 13.9894 13.7914 9.85542 5.93746 5.91505 4.86589 4.79415 4.56363 3.95522 4.63848 3.32786 3.21921 3.18501 3.42838 2.81379 2.5929 2.70422 2.41128 2.35097 2.26007 2.24114 2.18443 2.10433 2.03689 2.00388 1.88785 1.84354 1.80946 1.71091 1.6362 1.62749 1.62337 1.79835 1.57731 1.50753 1.98936 1.48171 1.48124 1.44296 1.42764 1.38555 1.36185 1.35261 1.35104 1.32116 2.63155 2.25195 1.45813 1.37128 1.31549 1.25572 1.2461 1.23822 1.65004 1.31082 1.18516 1.44523 1.16732 1.15276 1.15088 1.44546
threshold=4.5000000000000009 38.52272727272728 187.50000000000003 0 1.7330925518974825 1 83.062500000000014 24.042620865182638 2 22.10923423423424 3 4 5 300.02500000000003 3650.2500000000005 6 158.76825366617956 217.16666666666671 55.60890018603483 342.00000000000006 68.500000000000014 7 8 1676.2750000000003 314.50000000000006 9 197.16666666666671 97.535714285714292 10 99.500000000000014 11 12 437.50000000000006 0.7645591597380591 13 313.50000000000006 287.50000000000006 64.074435624406419 14 15 16 91.055555555555571 873.81000000000006 1148.1050000000002 17 159.50000000000003 8.5000000000000018 49.550505050505059 992.05500000000018 1148.1050000000002 554.27500000000009 2083.1350000000007 18 18.656991406593473 2066.7550000000006 2.0215325407379354 77.500000000000014 1354.7700000000002 1102.2650000000001 3306.7850000000003 548.81000000000029 46.500000000000007
decision_type=2 2 2 1 2 9 2 2 9 2 9 9 9 2 2 9 2 2 2 2 2 9 9 2 2 1 2 2 9 2 1 1 2 2 9 2 2 2 1 1 9 2 2 2 1 2 2 2 2 2 2 2 9 2 2 2 2 2 2 2 2 2
left_child=2 29 4 5 6 50 12 21 39 10 32 16 24 22 15 31 17 19 35 -11 34 -5 -6 38 -1 -22 -17 -10 30 53 43 -15 33 -4 -14 -13 -37 -32 58 -9 -41 52 -19 -8 -43 46 59 -47 -48 -49 56 -23 -16 -2 -55 -56 57 -3 -12 -7 -20 -62
right_child=1 3 9 7 13 45 28 8 27 11 23 18 20 14 41 26 -18 42 60 -21 25 51 -24 -25 -26 -27 -28 -29 -30 -31 37 -33 -34 -35 -36 36 -38 -39 -40 40 -42 44 -44 -45 -46 47 48 49 -50 -51 -52 -53 -54 54 55 -57 -58 -59 -60 -61 61 -63
leaf_value=-1.0840549675245374 -1.0190936575219849 -1.0892414737626932 1.5726868724208829 -0.012634287406114454 -1.5729962368366857 0.48771365206141781 -0.8393764395736224 -0.57656416100244134 -0.69247836250806949 -0.44374674872506042 0.014922482723454068 0.17680310074888794 -0.82140804905911069 -0.45088346454554373 0.056287937649323189 0.17198631072763818 2.5801044585251121 -0.15101658588084776 1.7746650395935823 2.5967932911171747 -0.47371911972549302 -0.65647403756073897 -0.34539793345118747 -0.10408319690987683 0.32002692599118832 0.31201423420826624 1.4053912186111646 -0.37117097888469353 -0.27834781120001323 0.30816835866625852 1.1714547135590381 -0.0010205711473886935 6.7267912064718445 3.3537026675726569 -0.31372306494852042 0.74906060981255118 7.1496403652622167 -0.91229209300665381 3.8024014606591465 0.19246609194072875 -0.18550591942105862 1.1606919163060603 1.0833724263418147 0.89231973366413397 -0.78830762542575816 0.55413195435881879 -0.95588618260299385 0.40508115755377005 0.11467521772201367 -0.045683257507863395 -0.17014058106908064 0.050978388587997261 -1.0831121095794516 -0.76104578203723217 -0.91055203829502396 0.27641246638949912 -0.15693957465037178 0.51843613897941765 2.6245458505462853 -0.38980534838785386 -3.341346423420541 1.8286394537385346
leaf_weight=588 1338 309 304 129 258 296 168 351 1446 968 378 558 996 1397 103 4113 52 242 114 45 385 1527 788 388 48 319 366 420 652 25 338 2775 79 90 555 135 47 88 442 337 464 107 220 88 107 89 194 295 73 226 410 44 439 381 42 71 136 21 183 108 21 112
leaf_count=588 1338 309 304 129 258 296 168 351 1446 968 378 558 996 1397 103 4113 52 242 114 45 385 1527 788 388 48 319 366 420 652 25 338 2775 79 90 555 135 47 88 442 337 464 107 220 88 107 89 194 295 73 226 410 44 439 381 42 71 136 21 183 108 21 112
internal_value=-0.00155266 -0.00433887 -0.000272837 -0.00328402 -0.00100981 -0.000443548 -0.00259283 -0.00456035 -0.00333499 0.00218557 0.0039368 0.000864124 -0.00374482 -0.000364623 -6.77471e-05 0.000209441 -0.000576299 -0.00100643 0.0031125 -0.00247293 -0.00277227 -0.00672343 -0.00297903 0.00235933 -0.00693374 -0.000353607 0.00108248 -0.00485631 -5.60957e-05 -0.00820565 0.00169065 -0.000716846 0.00820473 0.00673804 -0.00385296 0.00161507 0.00554054 0.0035877 0.00359095 -0.000772532 0.000353194 -0.00329381 0.00209677 -0.00130112 0 0.00169049 9.273e-05 0.00338499 -0.00365741 0.00197996 -0.00359955 -0.00722064 -0.00463303 -0.00839237 -0.00588531 -0.000107759 -0.00549041 -0.00713213 0.00163328 0.0027027 0.00745 0.00358456
internal_weight=27788 8732 19056 6875 14678 2157 4225 4718 3018 4378 1864 2514 2891 10453 9407 8651 1527 1475 987 1013 2255 1700 1046 1391 636 704 4479 1866 1334 1857 682 4172 473 394 1551 740 182 426 1003 1152 801 756 462 256 214 1281 671 610 267 521 876 1571 542 1832 494 113 466 330 561 404 247 133
internal_count=27788 8732 19056 6875 14678 2157 4225 4718 3018 4378 1864 2514 2891 10453 9407 8651 1527 1475 987 1013 2255 1700 1046 1391 636 704 4479 1866 1334 1857 682 4172 473 394 1551 740 182 426 1003 1152 801 756 462 256 214 1281 671 610 267 521 876 1571 542 1832 494 113 466 330 561 404 247 133
cat_boundaries=0 1 3 5 7 9 11 13 14 16 17 19 20 21 23 24 25 27 28 30
cat_threshold=896 2201375844 275104 2454249587 311943 63963703 295432 2687959770 38415 33591651 32785 2174087675 533717 385875969 2265136 283648 3270 2728263689 82064 29 3089 2771132548 16896 2213 48 2415919184 33281 1000 20 65696
is_linear=0
shrinkage=0.05


Tree=46
num_leaves=63
num_cat=23
split_feature=23 21 20 2 16 1 22 1 17 21 1 17 1 23 1 1 1 17 1 8 1 6 13 2 22 17 4 17 20 2 5 6 20 7 2 7 21 5 2 21 1 21 20 10 7 9 17 8 9 22 2 9 2 2 4 2 17 1 20 20 2 17
split_gain=37.8829 12.9141 12.3654 8.86519 5.14275 4.95833 4.66084 4.42508 4.19767 4.01759 3.68555 3.39837 3.15794 3.62232 2.95713 2.82667 2.41675 2.32899 2.3175 2.20929 2.1428 2.11369 1.9858 1.88657 1.88462 1.84572 1.8258 1.8135 1.72693 2.64904 2.32841 1.65611 1.64429 1.63181 1.6277 1.61671 1.51578 1.48226 1.38687 1.50719 1.4102 1.37631 1.27573 2.05803 1.23846 1.53197 1.21965 1.20785 1.20291 1.16184 1.23568 1.14732 1.3603 1.12227 1.12125 1.11582 1.10746 1.02355 1.2182 0.937537 0.937401 1.36191
threshold=4.5000000000000009 38.52272727272728 187.50000000000003 0 1.7330925518974825 1 24.042620865182638 2 2.0541353936546582 116.08333333333336 3 1.0024541409419101 4 2.5000000000000004 5 6 7 1.6628390375128872 8 270.34000000000009 9 3650.2500000000005 1.5000000000000002 10 23.851624590487642 1.2307666540406972 11 1.1705396739282936 72.500000000000014 12 214.50000000000003 1376.8900000000001 99.500000000000014 1853.3100000000002 13 563.72500000000014 5.5000000000000009 81.500000000000014 14 52.345238095238102 15 69.7638888888889 393.50000000000006 480.79500000000002 1099.4100000000001 1890.8950000000002 1.9657073596707784 2083.1350000000007 474.3300000000001 67.093963894781709 16 1051.0050000000003 17 18 19 20 1.8831170391533443 21 211.50000000000003 352.50000000000006 22 2.1779283935534601
decision_type=2 2 2 1 2 9 2 9 2 2 9 2 9 2 9 9 9 2 9 2 9 2 2 1 2 2 9 2 2 1 2 2 2 2 1 2 2 2 1 2 9 2 2 2 2 2 2 2 2 2 1 2 1 1 9 1 2 9 2 2 1 2
left_child=2 32 4 5 9 35 20 38 10 16 49 15 44 42 19 -6 34 -9 -11 -13 -5 26 -21 57 -23 27 -16 54 29 -18 -30 -17 33 60 36 46 -1 -25 39 -8 -40 -39 43 -14 55 -46 -3 -22 -27 50 -4 52 -20 -19 -7 -10 -53 58 -12 -59 61 -2
right_child=1 3 8 6 11 25 7 17 12 18 23 14 13 -15 21 31 28 53 51 22 47 24 -24 37 -26 48 -28 -29 30 -31 -32 -33 -34 -35 -36 -37 -38 41 40 -41 -42 -43 -44 -45 45 -47 -48 -49 -50 -51 -52 56 -54 -55 -56 -57 -58 59 -60 -61 -62 -63
leaf_value=0.11664586651287437 -0.54926700024322439 -0.87084288598594639 -0.16532943714303061 -0.012002573035808695 -0.92676930343154362 -0.19694356091185733 0.49045052366632547 -0.70354316609538925 -0.84578598137400152 -0.7292312493736276 -0.7666688797316269 -1.307721603540182 -0.11868540019677312 -1.0459613947826576 0.83073272333758019 1.1469320632030744 -0.16851200824420598 0.1346123637489148 0.9647508319349094 -0.055194038492891201 -0.6236503356827019 -0.92243205365126224 -0.70441300053845601 -0.47472040847729713 0.79751057866824415 1.7542760625455245 0.11318025809708204 -1.226128262274885 0.023054587002426175 -0.96536229486769765 -0.85539134483751411 -0.17562063715235007 0.29275994073294526 0.17869061939511077 0.14049977205334391 -0.08648852001161203 -0.78997971373847065 1.9315705247131101 0.17265943028347108 -0.76962032751432108 -0.19813229660612741 0.17589441626351887 4.3707926758124769 2.3472522679761938 1.9210761623312167 -0.26603885256396043 0.14275879940970421 0.048429469158597631 0.19511201623230079 2.3622471891351262 1.5494767111766663 -2.4079584223310384 -0.54235764443114509 -0.71923840072564715 0.37575252518442198 0.73151956856314515 1.2819242324639448 -0.55974802423957326 0.82739794333667338 5.701941817935384 -1.0450179147736542 0.18504930622016433
leaf_weight=141 399 415 129 129 602 283 43 1314 111 107 103 243 147 98 974 79 442 240 163 3554 1527 315 485 128 91 49 3623 68 507 1580 205 487 25 31 392 307 256 262 408 332 439 565 343 549 151 48 48 44 803 68 429 26 241 242 184 268 165 730 222 27 1380 22
leaf_count=141 399 415 129 129 602 283 43 1314 111 107 103 243 147 98 974 79 442 240 163 3554 1527 315 485 128 91 49 3623 68 507 1580 205 487 25 31 392 307 256 262 408 332 439 565 343 549 151 48 48 44 803 68 429 26 241 242 184 268 165 730 222 27 1380 22
internal_value=-0.00152028 -0.00424728 -0.00026759 -0.00323313 -0.000965534 -0.000535714 -0.00444409 -0.00323568 0.00206003 -0.0024391 0.000792386 -0.000364623 0.00399447 0.00551087 -3.90289e-05 -0.0029035 -0.00313032 -0.00480929 0.000957447 -0.00100698 -0.00657663 0.000780004 -0.000714374 -0.00022561 -0.00262836 0.00122321 0.00109511 -0.000999071 -0.00383145 -0.00460494 -0.00160839 -0.000215889 -0.00796371 -0.00814714 -0.000576683 -0.00373563 -0.00283537 0.00135589 -0.00082996 -0.0033183 0.000247093 0.00218373 0.00644194 0.00500715 0.000803723 0.00402228 -0.00565987 -0.00706282 0.00269006 0.00410798 0.00325312 0.00224095 0.000614251 -0.00170103 2.65957e-05 -0.000752618 0.0054768 -0.00166667 0.000554734 -0.00267857 -0.0083495 -0.00532834
internal_weight=27788 8732 19056 6875 14678 2157 4718 3018 4378 4225 2663 10453 1715 1137 9285 1168 3523 1796 702 4282 1700 5003 4039 2037 406 1387 4597 535 2734 2022 712 566 1857 1832 789 770 397 955 1222 375 847 827 1039 696 578 199 463 1571 852 626 558 595 404 482 467 379 191 1082 325 757 1801 421
internal_count=27788 8732 19056 6875 14678 2157 4718 3018 4378 4225 2663 10453 1715 1137 9285 1168 3523 1796 702 4282 1700 5003 4039 2037 406 1387 4597 535 2734 2022 712 566 1857 1832 789 770 397 955 1222 375 847 827 1039 696 578 199 463 1571 852 626 558 595 404 482 467 379 191 1082 325 757 1801 421
cat_boundaries=0 1 3 5 7 9 11 13 15 17 18 19 20 21 22 23 25 26 27 28 29 30 32 33
cat_threshold=896 52843620 275104 2454249587 311959 50913539 294969 2535770 102585 2173825529 537809 2684653845 266882 13000728 18052 2149584896 262657 385875969 3095 48 524 466 48 2416443504 33281 1808 2208 2100 7 2177 2148929544 4736 524
is_linear=0
shrinkage=0.05


Tree=47
num_leaves=63
num_cat=10
split_feature=15 22 17 2 14 17 7 5 10 23 5 7 2 22 2 6 9 9 23 22 2 17 7 18 2 2 8 18 8 10 15 5 15 18 18 15 9 18 10 6 8 2 7 22 2 2 10 6 8 7 7 4 5 5 22 7 22 5 8 17 18 15
split_gain=37.2363 10.8295 5.59738 5.10395 4.82788 5.36075 3.6863 3.86651 3.53446 2.91958 2.74405 2.65154 2.58119 2.54432 2.49975 2.30767 2.01051 2.0604 1.71142 3.70379 1.68417 2.0171 1.55868 1.53108 1.81342 1.52463 1.88795 1.50562 1.50153 1.64791 1.49717 1.40381 1.32466 1.30519 1.29197 1.25269 1.18826 1.40034 1.18768 1.1793 1.16486 1.12626 1.11757 1.10698 1.09985 1.03082 1.08374 1.02638 0.983687 0.980469 1.31016 0.954212 1.60865 0.977778 0.942173 0.897141 0.88899 0.888357 0.927717 0.885093 0.867703 0.823118
threshold=4.5000000000000009 16.876253255917064 1.7141244226031103 0 2.5000000000000004 2.0437670928084395 945.40500000000009 81.500000000000014 862.8850000000001 6.5000000000000009 157.50000000000003 467.53000000000009 1 119.43197661429348 2 3650.2500000000005 1979.615 1621.5000000000002 4.5000000000000009 54.478435474689782 3 0.99020670983469949 719.76500000000021 1.1156707690093206 4 5 371.54000000000002 0.32597711463795148 1440.9600000000003 2934.2850000000003 7.5000000000000009 82.500000000000014 12.500000000000002 0.7645591597380591 0.89789379303468575 8.5000000000000018 957.84500000000014 0.12776461168803829 2135.6350000000007 2012.74 612.20500000000004 6 177.99000000000004 21.473432734801484 7 8 1350.6250000000002 1734.8500000000001 1197.1250000000002 798.68500000000006 310.12000000000006 9 146.50000000000003 271.50000000000006 91.589659403709803 1020.4900000000001 45.015182622417356 158.50000000000003 1161.2100000000003 1.3721365464486655 1.8477200211114713 5.5000000000000009
decision_type=2 2 2 1 2 2 2 2 2 2 2 2 1 2 1 2 2 2 2 2 1 2 2 2 1 1 2 2 2 2 2 2 2 2 2 2 2 2 2 2 2 1 2 2 1 1 2 2 2 2 2 9 2 2 2 2 2 2 2 2 2 2
left_child=4 12 3 11 5 13 7 36 33 25 54 30 32 18 28 38 17 -16 20 31 55 -22 59 51 40 39 -27 -15 34 -30 -3 -20 57 -9 -8 -14 37 -7 -13 -5 -25 -10 -38 -42 -21 -29 -47 -12 -26 50 -49 52 56 -54 -6 -1 -4 -2 -59 -11 -60 -24
right_child=1 2 23 9 10 6 14 8 41 22 47 15 35 27 16 -17 -18 -19 19 44 21 -23 61 24 48 26 -28 45 29 -31 -32 -33 -34 -35 -36 -37 42 -39 -40 -41 43 -43 -44 -45 -46 46 -48 49 -50 -51 -52 -53 53 -55 -56 -57 -58 58 60 -61 -62 -63
leaf_value=0.0019898315912328713 -1.3192451395202973 -0.10419580238257585 -1.0582988084597957 1.0133560373187949 -1.2006992818919935 -2.3121928063654842 1.7466160994061539 0.67501750981714403 0.19848816145195941 -0.87128014766496065 -1.8222156261033327 0.45635535384821257 -0.6153720510301387 -1.5707004826572772 0.55957185606421156 -0.35564355086970867 -0.3322659507450878 1.6624464563282602 -0.80379270043766271 0.58089579515971657 -0.63941890532837342 -0.13196462105258747 -0.86271710198723106 -0.089026429652894035 -0.51003401465052112 -0.75883643447340665 -0.24329211922481664 1.4400262570367404 -0.17510992972462028 3.6756907105966636 -1.1511240589222009 -0.23576052231528202 -1.0002465825437363 3.8400778289849784 2.9055949009685906 -0.99185709107362807 0.20580260652623963 -0.14538727428237444 0.2293993677356049 -0.189825368950401 -0.0033254119943340044 -0.28234571177203061 -1.0197989941364085 0.71492354570258287 -0.4051851769535148 0.97081440168839139 -0.5098382151685471 -0.46661899373709609 0.18406570778244102 -1.1436047549965316 0.60191438133731145 -0.56485927690566307 0.52770734698006927 -0.039106671608106505 0.43898738457122877 0.71119385982209027 0.26206206527221704 -0.33098207538389413 0.4109867425029563 -0.53030977923057498 -0.12512677769793826 -0.19074615660272976
leaf_weight=1822 55 236 49 93 456 150 541 2263 603 1315 44 121 871 35 1008 90 320 157 373 229 824 5541 148 75 155 438 791 105 212 47 116 972 137 82 149 783 50 1296 161 223 48 1151 269 172 173 99 40 28 68 33 66 290 52 44 20 335 23 618 45 497 97 484
leaf_count=1822 55 236 49 93 456 150 541 2263 603 1315 44 121 871 35 1008 90 320 157 373 229 824 5541 148 75 155 438 791 105 212 47 116 972 137 82 149 783 50 1296 161 223 48 1151 269 172 173 99 40 28 68 33 66 290 52 44 20 335 23 618 45 497 97 484
internal_value=-0.0014771 -0.00428266 -0.00304155 -0.00375583 -0.000280186 -0.000131307 0.000816167 0.000127834 0.000978181 -0.0044509 -0.00451923 6.78426e-05 -0.00696627 -0.000881433 0.00245178 0.00306667 0.00109312 0.0020869 -0.00101368 -0.00245 -0.00071261 -0.001123 -0.00555783 0.000357508 0.00225528 -0.00268895 -0.00347222 0.00376773 0.00445686 0.00100191 -0.00295775 -0.00371847 -0.00455959 0.00225192 0.00573593 -0.00823335 -0.00181702 -0.00115597 0.00535088 0.000303951 0.00474838 -0.000697211 -0.00461957 0.00672646 0.00166667 0.00526316 0.00139803 0.000646552 -0.00100636 0.00317308 0.00592784 -0.00168113 0.00110497 0.00555556 -0.00647182 0.000478111 -0.004 -0.00371333 -0.00314548 -0.00633609 0.000172414 -0.00322835
internal_weight=27788 8295 5689 4713 19493 18846 8298 5864 4099 3989 647 724 2606 10548 2434 372 1485 1165 10269 1747 8522 6365 2444 976 518 1545 1229 279 949 259 352 1345 952 2345 690 1654 1765 1446 282 316 295 1754 319 220 402 244 139 171 223 127 94 458 168 96 476 2157 72 815 760 1812 142 632
internal_count=27788 8295 5689 4713 19493 18846 8298 5864 4099 3989 647 724 2606 10548 2434 372 1485 1165 10269 1747 8522 6365 2444 976 518 1545 1229 279 949 259 352 1345 952 2345 690 1654 1765 1446 282 316 295 1754 319 220 402 244 139 171 223 127 94 458 168 96 476 2157 72 815 760 1812 142 632
cat_boundaries=0 1 2 3 4 5 6 7 8 9 10
cat_threshold=768 780 62 168 2764 132 2604 968 2833 24
is_linear=0
shrinkage=0.05


Tree=48
num_leaves=63
num_cat=10
split_feature=15 21 20 17 16 1 1 14 1 5 5 17 19 5 1 20 21 17 5 1 17 1 20 21 17 1 5 1 17 21 1 20 19 17 5 20 17 17 11 9 5 19 22 5 6 9 20 20 5 22 1 16 15 16 6 9 17 16 5 22 9 9
split_gain=33.0812 11.6305 9.61776 5.76878 4.45399 4.34831 3.91566 3.6372 3.40766 3.3383 3.56364 3.1006 3.48384 2.88156 2.78989 2.67572 3.09555 2.61356 2.49199 2.28931 2.27843 2.19553 2.18613 2.00194 1.84131 1.74762 1.63011 1.62941 1.55268 1.52801 1.5112 1.41745 2.24174 1.37041 1.35826 1.1291 1.12558 1.11696 1.1061 1.2487 1.13859 1.38956 1.09659 1.09438 1.08231 1.06838 1.03262 1.00982 0.988197 0.851543 0.817093 1.13389 1.03887 1.04031 0.816312 0.771528 0.722179 0.708879 0.703778 0.898565 0.686639 1.70239
threshold=4.5000000000000009 38.02272727272728 270.50000000000006 1.8529906708379291 1.7624280752669816 0 1 2.5000000000000004 2 137.50000000000003 221.50000000000003 2.0437670928084395 3023.3750000000005 154.50000000000003 3 108.50000000000001 84.055555555555571 0.94238522751434284 258.50000000000006 4 1.2673608112292247 5 62.500000000000007 26.366071428571434 0.72337295187931516 6 332.50000000000006 7 1.6705010132312692 161.41666666666671 8 456.50000000000006 1518.405 2.3547757814695438 150.50000000000003 76.500000000000014 2.5203289142381737 1.6628390375128872 3065.6150000000002 567.58500000000015 328.50000000000006 285.54000000000002 37.792305213114197 181.50000000000003 4168.3500000000013 1455.2100000000003 31.500000000000004 137.50000000000003 328.50000000000006 9.1969186583266467 9 0.73700144426080272 5.5000000000000009 1.0259301214029921 1734.8500000000001 1601.4800000000002 2.0049353783127932 1.363868388861645 307.50000000000006 15.624586567094029 846.51500000000021 493.64000000000004
decision_type=2 2 2 2 2 9 9 2 9 2 2 2 2 2 9 2 2 2 2 9 2 9 2 2 2 9 2 9 2 2 9 2 2 2 2 2 2 2 2 2 2 2 2 2 2 2 2 2 2 2 9 2 2 2 2 2 2 2 2 2 2 2
left_child=2 23 7 4 9 24 31 8 18 19 20 15 14 -9 -13 16 -10 34 44 -3 -11 -17 -19 -2 -6 58 50 -12 35 36 -14 60 -33 -31 -7 48 -20 -21 39 40 41 -8 -26 57 47 -28 -15 -1 -27 -45 51 -5 53 -52 -48 -56 -41 -30 -25 -60 61 -4
right_child=1 3 6 26 5 17 38 13 11 10 27 12 30 46 -16 21 -18 22 29 37 -22 -23 -24 25 42 28 45 -29 43 33 -32 32 -34 -35 -36 -37 -38 -39 -40 56 -42 -43 -44 49 -46 -47 54 -49 -50 -51 52 -53 -54 -55 55 -57 -58 -59 59 -61 -62 -63
leaf_value=-0.69327551178826519 -1.2022514903720793 0.058682404110361658 2.9079504638847391 1.186518663067891 -0.51840061504911039 -0.9250159594418188 2.8565173090702447 -1.1053715617175897 -0.99631093906897239 -0.53618733119346729 -0.59372052996189451 -0.036087195826217312 0.074319665551640671 -0.46236798690947722 0.59820118075683482 0.41920045815250123 -0.18865324991438115 -0.35957588983137667 -0.23215367711385079 -0.66058185623227317 0.10970973599826142 -0.072693317564029775 0.12477299738978048 -0.97434006319735156 0.2610427946986153 -0.6826994605345118 -0.1761791103639638 -0.3804781534970203 -1.517402795528058 3.2056590583930351 -1.3658515431943301 7.3741916966482792 1.9952800169451494 -0.73844473602643179 -0.32429600053664437 0.053247170376929456 2.7387126812428839 -0.31482662847709764 -0.71909041788656014 0.30039610304396264 3.8161236679031392 -0.52070571840416446 0.7016855461004754 -0.10260676881276387 -1.0958377850721484 0.91269388054879441 -1.7311048447981663 -0.070012719976803348 0.046987725876046584 0.18452314007328258 -0.81229536985168238 -0.54872308278560955 0.55490816329542769 0.14927888527509908 1.3650577288836836 0.028865719137157343 1.4260394711681053 -0.071074111637292076 -0.78118231858328258 0.058924111349400482 1.9456348732219113 -0.10824737250308517
leaf_weight=1552 552 114 206 20 107 420 46 471 834 241 455 2656 109 87 2987 757 1825 640 494 1223 480 4548 374 598 259 553 23 648 48 67 263 70 44 31 370 64 94 149 48 177 39 415 120 24 153 38 20 523 50 50 29 229 121 151 37 32 470 59 47 39 247 191
leaf_count=1552 552 114 206 20 107 420 46 471 834 241 455 2656 109 87 2987 757 1825 640 494 1223 480 4548 374 598 259 553 23 648 48 67 263 70 44 31 370 64 94 149 48 177 39 415 120 24 153 38 20 523 50 50 29 229 121 151 37 32 470 59 47 39 247 191
internal_value=-0.00143931 -0.00408382 -0.000310961 -0.00298318 -0.0034892 -0.00175534 0.00300997 -0.000684034 -0.000539329 -0.00467099 -0.0031746 -0.000209941 0.000641825 -0.00436538 0.000958643 -0.000859797 -0.00215533 -0.00288938 -0.00209259 -0.00646407 -0.000362569 -0.00020017 -0.00115536 -0.0073311 0.00235471 -0.00628664 0.00156759 -0.00496157 -0.00441347 0.000471698 -0.004 0.00580415 0.0113248 0.00618812 -0.00507566 -0.00557836 -0.000423012 -0.00700361 0.0011279 0.00148913 -0.000298211 -0.00110453 0.00409031 -6.79348e-05 -0.00291349 0.00917969 0.000837989 -0.00256858 -0.00625 0.00422078 0.000587703 -0.00138359 0.00234873 0 0.00475543 0.00746528 0.00294231 -0.00352273 -0.00832138 -0.00308989 0.00479134 0.00321875
internal_weight=27788 8295 19493 6211 5600 2290 1953 17540 16893 3310 1824 13979 6015 647 5643 7964 2659 1804 2914 1486 721 5305 1014 2084 486 1532 611 1103 848 686 372 758 114 98 790 667 588 1372 1195 1147 500 461 379 181 2228 61 176 2075 603 74 550 249 301 180 89 69 647 107 684 86 644 397
internal_count=27788 8295 19493 6211 5600 2290 1953 17540 16893 3310 1824 13979 6015 647 5643 7964 2659 1804 2914 1486 721 5305 1014 2084 486 1532 611 1103 848 686 372 758 114 98 790 667 588 1372 1195 1147 500 461 379 181 2228 61 176 2075 603 74 550 249 301 180 89 69 647 107 684 86 644 397
cat_boundaries=0 2 4 6 8 10 12 14 15 17 19
cat_threshold=2517286912 279569 126436109 311833 2147586368 1588323 55591099 33424 278921233 2 1577599009 8 2183139397 267009 2989264904 5 640 537530528 128
is_linear=0
shrinkage=0.05


Tree=49
num_leaves=63
num_cat=12
split_feature=16 17 20 21 20 1 17 11 1 16 5 1 1 16 1 7 21 3 7 1 21 6 1 1 22 22 1 21 22 20 17 22 9 5 11 21 20 18 5 6 17 7 1 5 9 21 22 7 11 21 18 20 21 7 7 7 11 17 1 9 9 5
split_gain=26.8607 11.0005 9.99294 6.39352 5.75977 4.933 4.66378 3.82907 3.69053 3.6396 3.46985 4.13376 3.09384 2.92154 2.59307 3.19483 2.23768 2.22875 2.09243 1.97346 1.8946 1.85522 1.96476 1.85251 1.8242 1.80565 1.77122 1.72472 1.72467 1.70065 1.98883 2.2816 1.69906 1.62486 1.59783 1.5622 1.50749 2.12643 1.49396 1.60425 1.56936 1.62918 1.43238 1.33087 1.29003 1.26618 1.18991 1.18837 1.17515 1.15845 1.14009 1.08538 1.08226 1.2301 1.06411 1.03482 1.90064 1.38515 1.3282 1.29638 1.09326 1.02921
threshold=2.2843268105618089 1.033226954763961 43.500000000000007 35.159663865546229 352.50000000000006 0 1.7155094130185395 1202.6950000000004 1 1.0000000180025095e-35 164.50000000000003 2 3 1.6826233246911586 4 769.42500000000007 146.55000000000004 5 1240.0450000000003 6 119.08333333333336 2501.0100000000007 7 8 158.76825366617956 16.978417559131092 9 207.16666666666671 43.457833800421675 91.500000000000014 0.42116893138902683 50.994699671181046 551.13500000000022 286.50000000000006 728.7600000000001 56.519230769230781 82.500000000000014 0.4097692402435163 178.50000000000003 1734.8500000000001 1.6628390375128872 727.5350000000002 10 12.500000000000002 3214.9400000000001 80.211111111111123 36.083113383039226 495.66500000000008 2226.3250000000003 42.699248120300759 1.0000000180025095e-35 10.500000000000002 174.16666666666671 727.5350000000002 1402.95 727.5350000000002 2073.4100000000003 1.7992812799234532 11 1504.2550000000003 1979.615 24.500000000000004
decision_type=2 2 2 2 2 9 2 2 9 2 2 9 9 2 9 2 2 1 2 9 2 2 9 9 2 2 9 2 2 2 2 2 2 2 2 2 2 2 2 2 2 2 9 2 2 2 2 2 2 2 2 2 2 2 2 2 2 2 9 2 2 2
left_child=2 5 3 9 12 29 7 36 13 51 11 52 24 18 15 -6 25 26 28 -11 -16 22 -19 -9 33 -13 47 -26 -8 -2 -31 34 -23 43 -32 -35 -4 50 39 -12 41 -40 -42 -3 -20 54 -28 -14 -41 -25 -38 -1 53 -5 -7 56 58 -57 -10 -58 -59 -15
right_child=1 4 6 10 14 45 8 23 55 19 38 16 17 61 20 -17 -18 21 44 -21 -22 32 -24 49 27 -27 46 -29 -30 30 31 -33 -34 35 -36 -37 37 -39 40 48 42 -43 -44 -45 -46 -47 -48 -49 -50 -51 -52 -53 -54 -55 -56 57 59 60 -60 -61 -62 -63
leaf_value=-2.2053617947942423 -0.49806138312917336 -1.2678619967343523 -0.54933589868951604 -1.0022584405787782 1.5200997574990809 -0.87758358142535808 -0.20876658716867366 -0.22732260869101228 -0.0060697615297655716 -1.0776433706957171 -1.8023845588359835 -1.0786146910877157 0.70789507385687134 -0.54799091434630121 2.8927179106055885 3.6501504026691252 1.629324514923657 0.85828039326332339 0.71779624516251594 -0.85962344271126634 -0.86708252967513033 -1.1621650246371034 0.049640192526742233 -0.64504237648139517 3.3843341951375039 0.0016372084501725228 0.12540379967783083 -0.31584832422647086 0.73535073222203273 -1.6315630720605001 0.6898393935168734 1.1955699763791052 -0.043064130418839858 1.5315091582672367 -0.035046703436067972 -0.072319487681726718 3.1259448344804812 2.401627648303311 -0.44562904572146889 -0.36205191533965114 -0.69166199444740606 0.089584667276154314 0.13580030207241764 -0.15026157852393318 -0.3964610104286912 -0.47403983801605992 0.67443067872405971 1.1797230094172626 0.40737471867234948 -0.43180595421814394 -0.22790599419271873 2.5606768498499646 0.19880903173945477 -0.45559687906169111 0.088784454848349625 0.92104071383340447 -0.90779618777424442 0.14066733505115378 -0.69114489775059129 -0.15523603244668038 -0.51346195985107024 0.8436630109812584
leaf_weight=52 278 201 177 765 194 898 1072 930 426 773 26 164 132 24 344 160 43 867 83 832 163 302 2662 399 33 276 1369 28 216 65 28 127 1249 305 704 548 36 103 559 31 107 98 397 4199 31 753 542 303 61 1764 177 56 20 144 31 31 192 204 403 71 218 342
leaf_count=52 278 201 177 765 194 898 1072 930 426 773 26 164 132 24 344 160 43 867 83 832 163 302 2662 399 33 276 1369 28 216 65 28 127 1249 305 704 548 36 103 559 31 107 98 397 4199 31 753 542 303 61 1764 177 56 20 144 31 31 192 204 403 71 218 342
internal_value=-0.00139434 -0.000103863 -0.00327149 -0.00513955 0.000487908 -0.00290959 -0.00207005 -0.00332265 -0.000697376 -0.0075539 -0.00357739 -0.00530035 0.000215805 0.000842223 0.00444155 0.00769755 -0.00128528 0.000877134 -0.000160142 -0.00815454 0.00185096 0.000274887 0.000916619 -0.00397691 -0.000699268 -0.00248307 0.00215134 0.00761719 -0.000774593 -0.000390947 0.000593312 0.0012906 -0.00115026 -0.000810978 0.000136054 0.00115362 0.000680444 0.00282132 -0.00162832 0.0035124 -0.00220146 -0.00380682 0 -0.00120372 0.00619658 -0.00464602 0.00143581 0.00505022 0.00684211 -0.00479665 0 0.000900901 -0.00723195 -0.0075795 -0.00596835 -0.00247914 -0.00333333 -0.00035636 -0.00205829 -0.00709586 -0.00123529 0.0048103
internal_weight=27788 16485 11303 4404 13601 2884 6899 3586 3313 1713 2691 1412 12740 1768 861 354 483 7426 1402 1605 507 5080 3529 3093 5314 440 2346 61 1288 1202 924 859 1551 5253 732 853 493 316 1279 118 1161 657 504 4400 114 1682 1911 435 92 2163 213 108 929 909 929 1545 1092 453 829 263 422 366
internal_count=27788 16485 11303 4404 13601 2884 6899 3586 3313 1713 2691 1412 12740 1768 861 354 483 7426 1402 1605 507 5080 3529 3093 5314 440 2346 61 1288 1202 924 859 1551 5253 732 853 493 316 1279 118 1161 657 504 4400 114 1682 1911 435 92 2163 213 108 929 909 929 1545 1092 453 829 263 422 366
cat_boundaries=0 2 4 6 8 10 11 13 15 17 19 21 23
cat_threshold=327860953 1392673 2999329936 217112 538711436 4864 2176254168 572625 67633821 311824 2 33591403 262928 1447035653 212992 401080627 1175 268485664 1441838 2148012048 262147 18350094 33410
is_linear=0
shrinkage=0.05


Tree=50
num_leaves=63
num_cat=17
split_feature=15 20 21 2 6 1 1 17 2 21 1 0 1 8 2 20 1 2 8 20 1 17 19 22 21 15 17 17 8 20 19 22 2 20 8 20 21 17 8 15 1 2 8 6 1 2 20 1 19 17 18 13 19 23 6 17 23 22 8 20 17 17
split_gain=28.2686 10.6902 6.18532 5.66284 5.13059 4.09763 4.00898 3.07922 5.06292 3.2532 2.79662 2.74963 2.50365 2.36856 2.28285 2.16409 2.11779 3.33824 2.08804 1.97634 1.93242 1.79068 1.78179 1.77987 2.16356 1.96646 2.3453 1.89918 1.7631 1.62472 1.91516 1.51047 1.81097 1.48666 1.40346 1.96699 1.39259 1.27651 1.23292 1.22992 1.1089 1.1484 1.07558 1.07476 0.939875 0.937125 1.06776 0.930272 0.906842 0.894765 0.894712 0.881555 0.833859 1.30751 0.820516 0.783088 0.73431 0.707865 1.11643 0.705356 0.698364 0.979076
threshold=6.5000000000000009 187.50000000000003 32.205263157894741 0 3650.2500000000005 1 2 2.6666706987621476 3 125.55000000000001 4 5 6 686.15500000000009 7 472.50000000000006 8 9 1139.9150000000002 50.500000000000007 10 1.3208154502903859 78.865000000000023 2.2153607101590729 147.58333333333334 2.5000000000000004 1.6095051933949203 1.2976277979716879 792.58000000000015 352.50000000000006 931.32000000000005 25.883304530820876 11 153.50000000000003 717.30500000000018 32.500000000000007 172.37500000000003 1.3785925048510428 586.2700000000001 8.5000000000000018 12 13 769.42500000000007 2012.74 14 15 65.500000000000014 16 2459.8250000000003 1.482243933635824 2.3872337829852004 1.5000000000000002 1794.3950000000002 2.5000000000000004 2012.74 1.7041648798672855 1.5000000000000002 9.1969186583266467 615.6450000000001 70.500000000000014 1.2550027487155813 1.2870095444456353
decision_type=2 2 2 1 2 9 9 2 1 2 9 1 9 2 1 2 9 1 2 2 9 2 2 2 2 2 2 2 2 2 2 2 1 2 2 2 2 2 2 2 9 1 2 2 9 1 2 9 2 2 2 2 2 2 2 2 2 2 2 2 2 2
left_child=1 4 40 18 5 13 15 9 10 33 -9 -10 21 31 29 52 36 -18 37 39 48 -5 -11 25 43 26 -16 -27 -26 47 -31 56 -33 -7 60 -36 -15 44 -22 -20 -2 57 -32 -25 -4 46 -40 55 49 -6 -46 -47 -3 -54 -37 -8 -1 -42 -59 -43 -14 -62
right_child=2 6 3 12 20 7 14 8 11 22 -12 -13 34 16 23 -17 17 -19 19 -21 38 -23 -24 24 28 27 -28 -29 -30 30 42 32 -34 -35 35 54 -38 -39 45 -41 41 59 -44 -45 50 51 -48 -49 -50 -51 -52 -53 53 -55 -56 -57 -58 58 -60 -61 61 -63
leaf_value=-0.80224989733654939 -1.0142966445855948 0.98695245459790337 -0.0027756748065074889 -0.41661724109126691 -1.0841995232458508 -0.24809041949233973 -0.31742822380520441 1.2215535439203635 1.2864972530290217 0.50095205355306838 -0.26276711533453323 -0.2269003658624964 -0.76346386850434289 -0.69567071416576676 -0.4584586461179157 7.1213700913576021 -0.49604909213017695 0.3970607230450256 -0.29996132037227474 0.69699787669116042 -0.76835048545061968 0.12123978509102891 -0.039228169485056696 0.016702239903372631 -0.13924716356735872 -0.019362893053754961 1.3363018219730323 4.1998550144572189 1.1513286504729678 3.0669851099834049 -1.7426290088758749 -0.57259294768510427 -0.0022078061682194064 0.12812289379582467 -0.53313449679251479 0.59331652334468721 2.9327505687091078 0.070062008728658226 -1.2585728254296842 0.32681730184392671 -0.28717590641505381 -0.84497724095905924 3.5441893677383121 -1.000001307080465 -0.46268347901075624 -0.14812286081715964 -0.55163679597441406 -0.58469385328494072 0.16056325008726402 0.12571086144411564 0.058337203156066053 -0.97794432653214791 2.6536851622638808 -0.914013700661085 -0.41364941933441879 1.044859368923942 -0.63153052513693742 -0.89596337397260728 0.17461758727966084 -0.0082384274419085024 0.032313493162842377 -0.57841592468755365
leaf_weight=963 483 935 178 210 75 6432 77 360 818 909 2321 348 708 570 270 75 237 397 47 38 508 119 1465 157 217 39 1117 66 189 55 61 333 645 773 282 61 37 255 258 47 31 395 35 244 371 476 258 686 196 84 71 79 145 28 231 154 637 21 54 22 41 394
leaf_count=963 483 935 178 210 75 6432 77 360 818 909 2321 348 708 570 270 75 237 397 47 38 508 119 1465 157 217 39 1117 66 189 55 61 333 645 773 282 61 37 255 258 47 31 395 35 244 371 476 258 686 196 84 71 79 145 28 231 154 637 21 54 22 41 394
internal_value=-0.00134756 -0.000685256 -0.00520372 -0.00404532 -0.0012036 -0.00092547 0.00148803 -0.00050785 0.000678571 -0.000990138 -0.000505754 0.00341391 -0.00554881 -0.00237148 0.000580621 0.00398202 -0.000532556 0.00142968 -0.000870098 0.00481481 -0.00365256 -0.00120614 0.000599495 0.00147599 -0.000354938 0.00250836 0.00195144 0.00914352 0.00213936 -0.0012951 0.00332792 -0.00324487 -0.0016055 -0.00152088 -0.00633671 -0.00411612 -0.00264113 -0.00180809 -0.00438913 0.000257732 -0.00864718 -0.00622668 -0.000505051 -0.00300124 -0.00304976 -0.00334032 -0.00491493 -0.00213315 -0.000101902 -0.00300926 -0.00423077 -0.00165053 0.00337534 0.00674716 -0.00101695 0.000461066 -0.00421085 -0.000630252 0.00144231 -0.00747093 -0.00744983 -0.00545091
internal_weight=27788 23729 4059 3053 19179 17245 4550 13426 3847 9579 2681 1166 2046 3819 3367 1183 1241 634 1007 132 1934 329 2374 2299 807 1492 1387 105 406 1068 151 2578 978 7205 1717 574 607 875 1579 94 1006 523 96 401 620 1071 516 917 355 159 442 555 1108 173 292 231 1600 106 75 417 1143 435
internal_count=27788 23729 4059 3053 19179 17245 4550 13426 3847 9579 2681 1166 2046 3819 3367 1183 1241 634 1007 132 1934 329 2374 2299 807 1492 1387 105 406 1068 151 2578 978 7205 1717 574 607 875 1579 94 1006 523 96 401 620 1071 516 917 355 159 442 555 1108 173 292 231 1600 106 75 417 1143 435
cat_boundaries=0 1 3 5 6 8 9 11 12 14 15 17 18 20 21 23 24 26
cat_threshold=780 2167443812 1587265 394839847 393225 1265 8544272 212994 1 2160230706 884738 3075 2148532324 532544 1603 306446356 8324 278 36971 262656 1544 537395200 129 2257 2148667392 33410
is_linear=0
shrinkage=0.05


Tree=51
num_leaves=63
num_cat=18
split_feature=15 20 16 17 15 2 1 1 7 1 1 7 19 2 2 1 20 18 2 18 1 1 9 2 4 20 22 17 9 1 22 9 22 17 17 17 1 17 18 19 22 15 20 19 17 19 17 2 1 18 7 22 6 23 2 7 17 22 16 22 7 15
split_gain=27.1657 10.263 6.26762 5.92711 5.47171 5.19309 4.98773 3.55787 3.52516 3.02431 2.89685 2.69092 2.48445 4.3641 2.17011 2.15218 2.10186 2.0901 1.94959 1.90844 1.83389 1.79049 1.76317 1.63501 1.5784 1.55344 1.5059 1.50268 1.38651 1.27473 1.44038 1.17015 1.14134 2.28868 1.25801 1.19799 1.12767 1.57308 1.38562 1.9215 1.09132 1.03842 1.01341 1.63338 0.993316 0.977263 1.06281 0.96561 0.93814 0.873438 0.852642 0.852121 0.823321 0.8645 0.817726 0.772233 0.754398 0.743654 0.739564 0.706058 0.702261 0.69908
threshold=6.5000000000000009 270.50000000000006 1.7145370871544758 1.033226954763961 12.500000000000002 0 1 2 720.80000000000018 3 4 432.53000000000003 2431.0050000000006 5 6 7 91.500000000000014 0.21930520818718161 8 0.33140027072724992 9 10 755.81500000000017 11 12 74.500000000000014 1.4571067811865479 1.2550027487155813 413.35000000000014 13 23.851624590487642 171.82000000000002 17.556021412357982 1.2113370894810651 1.2748584559048839 1.0223846326214827 14 2.0049353783127932 0.44883276134342281 769.625 9.8833473611854448 7.5000000000000009 456.50000000000006 1518.405 1.7689159092971671 1381.8250000000003 1.4312415981245266 15 16 1.300519260108419 1229.6150000000005 78.66546581242379 3056.7900000000004 8.5000000000000018 17 377.94500000000005 2.1779283935534601 24.625226419590241 2.6333368674813538 15.967452012124411 717.30500000000018 4.5000000000000009
decision_type=2 2 2 2 2 1 9 9 2 9 9 2 2 1 1 9 2 2 1 2 9 9 2 1 9 2 2 2 2 9 2 2 2 2 2 2 9 2 2 2 2 2 2 2 2 2 2 1 9 2 2 2 2 2 1 2 2 2 2 2 2 2
left_child=1 2 7 6 5 11 16 23 20 42 14 22 24 -14 48 44 -4 -16 29 -18 52 26 28 45 -12 -23 -20 31 -2 30 -9 -22 34 58 35 -13 47 55 54 -40 -17 -35 -3 -44 -10 46 -1 -11 -5 -36 -42 -25 53 -7 -39 -38 -24 -6 -34 -29 -31 -47
right_child=4 9 3 10 57 8 -8 18 15 36 12 32 13 -15 17 40 19 -19 21 -21 27 25 56 51 -26 -27 -28 59 -30 60 -32 -33 33 41 49 -37 37 38 39 -41 50 -43 43 -45 -46 61 -48 -49 -50 -51 -52 -53 -54 -55 -56 -57 -58 -59 -60 -61 -62 -63
leaf_value=0.057712963194133243 -1.0568175837416705 1.5127175220511846 -0.74292270445512032 -0.16453858572351693 -0.98058160641048764 -0.36241527691062941 -0.62691139887234704 -0.74705513286751213 -0.59202498278264526 0.67706477983628588 0.69522031011272034 -0.38328647633130153 0.60700261124340793 -1.561521813258834 -1.0622182729168967 -1.0535874320383731 0.67167200489747292 0.0012568860163259645 1.2312019836331216 0.041168133463252765 0.098116934268675501 -0.53348202668468248 -0.56664446569593196 -0.82243565696837784 0.10137087110351183 -0.080197555927917469 -0.34763305275996736 -0.55788983935663095 0.064942921852440258 0.17583100291072926 0.18100436504047082 -0.76229437241369036 -0.28920609067361147 0.15120121822106186 0.22321276921150252 0.28496880390674634 1.5870475918297815 -0.7023580569975949 1.0355038262992877 3.4627802771543488 0.11615784493909383 0.40864016085328531 6.7178845103479947 1.4576570632162431 0.2172903490161712 0.71698269467948661 -0.42558056714211345 -0.76232095060435023 -0.79974616384889829 -0.40658301734465163 -0.33147097274988363 0.798816845227735 -1.3733021874117293 0.45584023204924801 1.6401007534799761 -0.66147899724723058 0.090462348411254834 -0.64262600290462513 0.26051188313039297 -0.42958018143772086 -0.19485823238469138 -0.31230963522119204
leaf_weight=117 87 644 180 493 516 51 1566 173 213 113 1392 46 252 381 358 36 51 4024 264 758 29 1944 279 1244 5399 846 490 170 174 423 85 947 98 95 29 98 118 112 181 97 250 123 70 44 24 98 280 146 734 108 80 41 21 50 225 204 24 21 35 455 148 34
leaf_count=117 87 644 180 493 516 51 1566 173 213 113 1392 46 252 381 358 36 51 4024 264 758 29 1944 279 1244 5399 846 490 170 174 423 85 947 98 95 29 98 118 112 181 97 250 123 70 44 24 98 280 146 734 108 80 41 21 50 225 204 24 21 35 455 148 34
internal_value=-0.00128819 -0.000638905 -0.000952222 -0.0004137 -0.00506832 -0.00431915 -0.00261435 -0.00230008 -0.00569688 0.0028232 1.43832e-05 -0.00153019 0.000665591 -0.00229953 -0.000838225 -0.0022896 0.000137226 -0.000301479 -0.00149624 0.00127771 -0.00688731 -0.00201012 -0.00405644 -0.00417351 0.000951207 -0.00259543 9.77836e-05 -0.00731877 -0.000804924 0.000638361 -0.00212177 -0.00868233 0.000629921 0.00257768 -0.00162852 0.00136054 0.00115798 0.00198684 0.00349919 0.00613879 6.59631e-05 0.00576923 0.00528534 0.0100427 -0.00585 -0.00159133 -0.00290625 -0.00160846 -0.00269153 -0.00508929 0.00112613 -0.00517142 -0.000185185 0.00132212 0.00113971 -0.000692308 -0.0066585 -0.00983796 -0.00229779 -0.00519506 0.00199058 0.00185185
internal_weight=27788 23729 21775 15588 4059 3522 2555 6187 2326 1954 13033 1196 7424 633 5609 603 989 4382 4373 809 1723 3544 564 1814 6791 2790 754 1601 261 829 258 976 632 351 281 144 1196 937 615 278 366 218 758 114 237 529 397 259 1227 137 330 1285 122 101 337 322 303 537 133 625 571 132
internal_count=27788 23729 21775 15588 4059 3522 2555 6187 2326 1954 13033 1196 7424 633 5609 603 989 4382 4373 809 1723 3544 564 1814 6791 2790 754 1601 261 829 258 976 632 351 281 144 1196 937 615 278 366 218 758 114 237 529 397 259 1227 137 330 1285 122 101 337 322 303 537 133 625 571 132
cat_boundaries=0 1 3 5 7 9 10 11 13 14 15 17 18 19 21 23 24 26 27
cat_threshold=780 327860937 114689 120619878 1346145 126436109 311833 2172899801 531937 1484 3073 2147484364 66048 640 2151841800 281042960 615812 2572 48 2148012048 20624 3543056 65538 804 8556865 160 2208
is_linear=0
shrinkage=0.05


Tree=52
num_leaves=63
num_cat=22
split_feature=15 21 14 23 2 1 2 1 21 1 2 1 8 2 1 1 9 1 22 8 18 1 1 2 22 1 21 8 5 10 10 22 2 1 1 1 21 8 10 21 1 8 2 21 8 8 9 18 1 22 5 10 23 19 10 10 18 23 5 8 22 18
split_gain=24.7347 6.42636 5.71886 6.37479 4.2001 3.69349 3.14079 3.27804 3.01146 2.82752 2.80935 2.65555 2.71771 2.63328 2.48046 2.3464 2.23228 2.18388 1.93624 1.86672 1.74312 1.66162 1.65884 1.60027 1.58311 1.44579 1.43298 1.42339 1.3886 1.37585 1.37303 1.36118 1.3417 2.62987 1.39933 1.33767 1.32379 1.31631 1.31071 1.21898 1.19889 1.32037 1.14068 1.12995 1.12968 1.12533 1.131 1.12132 1.08166 1.03637 0.958726 0.951317 0.897232 0.868496 0.852662 1.36861 0.813659 0.800592 0.771073 1.0891 0.767692 0.758333
threshold=6.5000000000000009 32.205263157894741 1.5000000000000002 4.5000000000000009 0 1 2 3 116.08333333333336 4 5 6 300.02500000000003 7 8 9 310.90500000000003 10 67.093963894781709 1139.9150000000002 1.1987784261747851 11 12 13 37.792305213114197 14 49.550505050505059 324.00000000000006 160.50000000000003 1569.8750000000002 928.98500000000013 41.013744895094057 15 16 17 18 221.16666666666671 896.83000000000015 647.47500000000014 265.75000000000006 19 936.6500000000002 20 164.87500000000003 717.30500000000018 615.6450000000001 474.3300000000001 2.2092732975184388 21 29.951070879836482 173.50000000000003 410.90000000000003 8.5000000000000018 2374.6800000000007 756.75500000000011 851.33500000000015 0.54018391279867706 7.5000000000000009 145.50000000000003 1059.8950000000002 23.851624590487642 0.68571013332713038
decision_type=2 2 2 2 1 9 1 9 2 9 1 9 2 1 9 9 2 9 2 2 2 9 9 1 2 9 2 2 2 2 2 2 1 9 9 9 2 2 2 2 9 2 1 2 2 2 2 2 9 2 2 2 2 2 2 2 2 2 2 2 2 2
left_child=2 35 3 11 19 32 7 58 10 44 14 23 17 22 -7 27 -15 42 60 48 39 28 -14 25 -9 53 -21 -8 -12 -23 -29 -16 33 45 37 -2 -19 -34 -27 56 41 -25 -13 -36 51 46 -4 -47 50 -22 -3 -6 -26 -1 -50 -56 -10 -35 61 -60 -17 -5
right_child=1 4 5 6 9 8 15 24 20 -11 21 12 13 16 31 18 -18 36 -20 26 49 29 -24 40 52 38 -28 30 -30 -31 -32 -33 34 57 43 -37 -38 -39 -40 -41 -42 -43 -44 -45 -46 47 -48 -49 54 -51 -52 -53 -54 -55 55 -57 -58 -59 59 -61 -62 -63
leaf_value=1.7868219592550618 -0.25131494758887546 -0.63044655353231427 1.6932176741808918 1.0806633742822747 0.64854182080474632 0.37375175963552665 -1.0927440896027185 -0.67598190046583539 0.58979759421287736 -0.14401448187980145 -0.85190048912961702 -0.37020008197298326 0.35338914439597197 3.2604723910472346 -0.55787329559364029 -0.79490480964162158 0.16708593133089381 -0.86424875525700751 0.4277258100242442 0.33208893324227556 0.36559519483481895 0.10983575410787907 -0.30464165185058012 0.061177681495298945 -0.074080026688401551 1.347186358206772 -0.17165379135708037 1.7858390035222518 -0.053414637406939927 -0.15573192063936397 0.15687285331156745 -0.084738277723904798 -0.71866319108857635 -0.78084067587848838 -0.92562112004173336 -0.85889066300401717 1.2127688889957278 1.4394034500811941 0.17804584196341366 1.650111074825233 -0.23443362566860559 1.1973730941471121 0.92495110357088217 0.63784305206450542 -0.42020473780338624 0.34580685666426059 -0.37233128461449072 -0.30672353854080936 -1.2896658097005842 1.5652642747783181 0.20084043997296785 -0.63709932626714061 0.75599610110119075 -1.8937245088567978 0.56465101169551002 -0.20953472176505841 -0.11015168426242301 -0.061358156590923231 0.80417523843233973 -0.37426551016223186 -0.54836411495706094 -0.18545259449496357
leaf_weight=318 115 42 31 27 21 218 36 205 166 477 271 226 436 49 1734 326 4937 961 103 95 61 1111 2120 709 172 654 37 22 382 1116 109 360 206 477 593 891 72 39 1395 70 955 362 257 43 496 215 267 47 80 122 174 1052 25 21 22 557 412 91 192 50 871 87
leaf_count=318 115 42 31 27 21 218 36 205 166 477 271 226 436 49 1734 326 4937 961 103 95 61 1111 2120 709 172 654 37 22 382 1116 109 360 206 477 593 891 72 39 1395 70 955 362 257 43 496 215 267 47 80 122 174 1052 25 21 22 557 412 91 192 50 871 87
internal_value=-0.00123961 -0.00484675 -0.000619944 -6.13057e-05 -0.00366901 -0.00170504 -0.00254152 3.24254e-05 -0.00106652 -0.004966 -0.00152069 0.000345083 -0.000140558 0.000241882 -0.0028172 -0.00387669 0.000915183 -0.00207373 -0.00460777 -0.000919118 0.00169365 -0.000449361 -0.00105099 0.00134967 -0.00295181 0.00222824 0.00444444 0.00145833 -0.0026464 0.000184152 0.00419776 -0.00335785 -0.00356701 -0.0022787 -0.00510347 -0.00834985 -0.00335803 -0.00140504 0.00166707 0.000384025 0.000282001 0.00144142 0.00063004 -0.00639445 -0.00601296 8.726e-05 -0.0019103 0.00254717 -0.00180809 0.00598118 0.0010917 -0.00702835 0 0.00529119 -0.00280878 -0.00204038 -0.000301205 -0.00464716 0.00352304 0.00520408 -0.00521875 0
internal_weight=27788 4059 23729 15697 3053 8032 2225 758 6023 2046 5192 13472 9058 7542 2312 1467 4986 1516 1300 1007 831 2880 2556 4414 402 2388 132 167 653 2227 131 2094 2009 1128 881 1006 1033 245 2049 648 2026 1071 483 636 1569 560 298 262 875 183 216 1073 197 339 659 579 578 568 356 242 1197 114
internal_count=27788 4059 23729 15697 3053 8032 2225 758 6023 2046 5192 13472 9058 7542 2312 1467 4986 1516 1300 1007 831 2880 2556 4414 402 2388 132 167 653 2227 131 2094 2009 1128 881 1006 1033 245 2049 648 2026 1071 483 636 1569 560 298 262 875 183 216 1073 197 339 659 579 578 568 356 242 1197 114
cat_boundaries=0 1 3 4 6 8 9 11 12 14 16 18 20 22 23 25 26 28 30 32 34 35 37
cat_threshold=780 1161072994 264417 1920 537690257 16401 574100685 4993 118 1606967843 508296 3201 268460560 549120 318767104 129 2147812424 561 273162268 541720 1479684 1056770 252 1145053216 33024 940 17039616 262273 70258688 32 4 16528 1510474273 131208 2709 3670089 641
is_linear=0
shrinkage=0.05


Tree=53
num_leaves=63
num_cat=16
split_feature=23 21 20 17 1 1 1 20 21 1 5 1 5 8 20 1 5 5 1 17 10 5 1 1 10 8 17 1 1 1 20 1 16 5 1 1 17 10 18 20 8 17 19 21 18 21 8 20 21 11 5 1 17 8 6 20 11 5 17 20 5 5
split_gain=21.8243 9.90135 7.28352 4.8086 4.39783 4.20497 3.73909 3.6437 4.65938 3.65804 3.38358 3.13185 3.07577 3.23326 2.84314 2.75807 2.47298 2.43803 2.38478 2.03468 2.03163 1.981 1.90246 1.8046 1.79014 1.75599 1.71294 2.22104 2.03446 1.67381 1.95931 1.6003 1.95893 1.58248 2.22616 1.64273 1.57336 1.57096 1.49505 1.48819 1.62133 1.47258 1.45272 1.39306 1.38878 1.37753 1.37414 1.36159 1.27612 1.27004 1.26255 1.18029 1.17895 1.12282 1.11267 1.34244 1.10562 1.08277 1.06733 0.98303 0.950022 0.949226
threshold=4.5000000000000009 32.205263157894741 125.50000000000001 1.3721365464486655 0 1 2 1.5000000000000002 82.062500000000014 3 72.500000000000014 4 318.50000000000006 727.5350000000002 348.50000000000006 5 72.500000000000014 136.50000000000003 6 2.2536697901900129 784.99500000000012 136.50000000000003 7 8 832.78500000000008 769.42500000000007 1.2618907795870424 9 10 11 170.50000000000003 12 1.2861958981948793 278.50000000000006 13 14 1.5194066078253685 1017.1400000000001 1.2173263966675385 60.500000000000007 461.80000000000007 1.6836789399240406 778.84500000000003 26.366071428571434 0.56236294843241719 5.5000000000000009 400.4550000000001 160.50000000000003 241.25000000000003 5350.0950000000012 122.50000000000001 15 3.1765125458045773 453.93500000000006 3372.3600000000001 167.50000000000003 2022.8000000000002 31.500000000000004 1.1460828076313609 72.500000000000014 249.50000000000003 203.50000000000003
decision_type=2 2 2 2 9 9 9 2 2 9 2 9 2 2 2 9 2 2 9 2 2 2 9 9 2 2 2 9 9 9 2 9 2 2 9 9 2 2 2 2 2 2 2 2 2 2 2 2 2 2 2 9 2 2 2 2 2 2 2 2 2 2
left_child=2 23 7 5 19 21 17 10 12 36 22 60 15 -14 26 -9 56 53 48 54 42 -3 44 -2 -17 57 27 47 52 -7 59 -18 -33 34 -11 -35 -10 -22 -39 -19 -41 -25 -21 -43 -1 -44 50 -6 -16 -15 -13 -38 -28 -5 55 -4 -8 -20 -32 -31 -12 -48
right_child=1 3 4 6 14 29 16 8 9 33 11 46 13 49 18 24 31 39 25 20 37 -23 -24 41 -26 -27 28 -29 -30 30 58 32 -34 35 -36 -37 51 38 -40 40 -42 43 45 -45 -46 -47 61 -49 -50 -51 -52 -53 -54 -55 -56 -57 -58 -59 -60 -61 -62 -63
leaf_value=0.27254943011062099 -0.85432932547750307 -0.38455951987109549 1.5269900287683258 1.7125473768043573 0.67678849307989075 -0.72703235429608459 -1.0642889462794636 -0.78200281826476647 -0.72815615929934197 0.085190143626471315 -0.78145922925797184 2.0406813065546756 -0.10380787000880859 2.4407377006818685 0.53746106612811106 -0.013396831854168668 -0.56821411471762528 0.82361293888047915 -1.881320384092058 -2.3224840798927917 5.2763504210511094 0.14925893103723276 -0.84942828676420712 -0.69686922972411913 -0.42527062977923508 3.1113410084562036 0.37487221355779926 -0.49901000431462639 -0.15739578086548819 -0.40058531576654632 0.93049499442513195 -0.31953686491210309 0.036860678913132626 0.69271692502591764 1.0321046607272792 -0.77759934590310642 0.11988852280933884 2.1222308237637351 6.7496175987586753 1.2062751867331238 -0.11311122938686964 -0.68511043573963404 7.1980634766442426 0.1805604531974539 4.7089602151498315 1.6676036653064346 1.185759305695526 -0.24843107534354375 -1.9665555936707955 0.15837677435999709 -2.4024313779981692 -0.4158077315928182 -0.88293107618779276 -0.47704168353723092 -0.080671965825539982 0.4343062341689688 -0.32234079669977639 2.049105204254809 -0.87873024412967027 -0.27687627828746886 1.3752435658375284 4.1501038452847494
leaf_weight=181 578 294 247 47 195 873 193 1164 606 1336 375 33 212 60 283 843 255 129 21 32 35 388 805 361 3115 180 2601 827 1675 1749 43 500 1292 162 498 326 421 89 22 27 95 39 51 46 34 62 584 194 40 23 82 261 95 147 228 512 394 235 33 1249 95 216
leaf_count=181 578 294 247 47 195 873 193 1164 606 1336 375 33 212 60 283 843 255 129 21 32 35 388 805 361 3115 180 2601 827 1675 1749 43 500 1292 162 498 326 421 89 22 27 95 39 51 46 34 62 584 194 40 23 82 261 95 147 228 512 394 235 33 1249 95 216
internal_value=-0.00122702 -0.00329708 -0.00027546 -0.00267151 0.000917792 -0.00369441 -0.00111535 -0.00107564 -0.00153793 -0.00013147 0.000638497 0.00226045 -0.00246541 0.00239094 0.000365624 -0.0027561 -0.00184171 0.00302948 0.00323163 0.00358249 0.00735544 0 -0.00151515 -0.00793574 -0.00208386 0.00556793 -1.5653e-05 -0.00168171 0.000437243 -0.00431503 -0.00368481 -0.000993902 -0.000415512 0.00103854 0.00172836 -0.00142566 -0.00226749 0.0115772 0.00756579 0.00634843 0.0018 -0.00484749 0.00261824 0.000426136 0.00246711 0.00549569 0.00394666 0.00133706 0 0.0106105 -0.000741525 -0.000547445 0.00129199 -0.000888325 0.00243687 0.00336286 -0.00472458 0.0027027 0.00379747 -0.00390703 -0.000983437 0.00473225
internal_weight=27788 8732 19056 7708 7624 4629 3079 11432 9027 3610 2405 1385 5417 295 6346 5122 2634 445 759 1278 291 682 1020 1024 3958 436 5587 1216 4371 3947 3074 2047 1792 2322 1834 488 1288 146 111 251 122 446 145 85 215 113 915 389 323 83 115 682 2696 194 987 759 587 256 76 2998 470 800
internal_count=27788 8732 19056 7708 7624 4629 3079 11432 9027 3610 2405 1385 5417 295 6346 5122 2634 445 759 1278 291 682 1020 1024 3958 436 5587 1216 4371 3947 3074 2047 1792 2322 1834 488 1288 146 111 251 122 446 145 85 215 113 915 389 323 83 115 682 2696 194 987 759 587 256 76 2998 470 800
cat_boundaries=0 2 4 6 8 10 12 14 16 18 20 22 24 26 28 30 32
cat_threshold=3670033185 393224 88654353 1064969 2424307777 40981 2292696901 1886376 2183172816 332289 399544611 4120 539234314 65553 9179152 82432 33591403 262912 3539136 69680 605196298 115347 9450756 561412 2524164 16672 805310640 5635 4224 5121 2149990405 16512
is_linear=0
shrinkage=0.05


Tree=54
num_leaves=63
num_cat=9
split_feature=15 20 6 16 15 17 7 1 1 1 1 21 17 17 15 8 1 21 9 1 17 1 21 16 20 5 5 1 5 5 16 1 21 21 17 17 5 5 7 20 20 20 5 17 8 19 7 17 18 8 7 20 21 5 9 21 5 5 19 20 19 20
split_gain=22.0158 8.5431 4.64831 4.47618 3.68865 3.68794 3.55501 3.552 3.52122 3.24941 2.88257 2.82596 2.46808 2.38396 2.27114 2.07318 2.05514 1.91124 2.40802 1.85402 1.83225 1.76934 1.5779 2.20681 1.4529 1.40925 1.40252 1.3835 1.36868 1.54233 1.3422 1.26723 1.25179 1.2511 1.19339 1.18598 1.10734 1.10274 1.09506 1.05135 1.01484 0.968786 0.955854 2.20927 0.951892 0.943312 0.936773 0.884039 1.37673 1.36372 2.10845 1.31379 0.861435 0.851853 0.798304 0.775887 0.73359 0.685461 0.670735 1.05918 1.86792 1.06002
threshold=7.5000000000000009 150.50000000000003 3650.2500000000005 1.6719497495653652 12.500000000000002 2.0541353936546582 726.9100000000002 0 1 2 3 170.16666666666671 1.2436211369362569 1.0223846326214827 4.5000000000000009 288.03000000000003 4 81.387500000000017 1170.6550000000004 5 1.7239195065112967 6 97.535714285714292 0.36811305843325343 45.500000000000007 325.50000000000006 82.500000000000014 7 193.50000000000003 34.500000000000007 1.2929839305005786 8 188.16666666666671 33.279220779220786 9.1745580614818326e-06 0.79998324067879911 326.50000000000006 334.50000000000006 585.61000000000013 200.50000000000003 30.500000000000004 12.500000000000002 313.50000000000006 1.6628390375128872 954.42500000000018 1120.8550000000002 1117.1500000000001 1.9861689471146264 0.31131697794091195 1233.2650000000001 1596.5950000000003 270.50000000000006 274.50000000000006 299.50000000000006 727.61500000000024 47.12916666666667 334.50000000000006 166.50000000000003 5005.8400000000011 98.500000000000014 3396.3350000000009 35.500000000000007
decision_type=2 2 2 2 2 2 2 9 9 9 9 2 2 2 2 2 9 2 2 9 2 9 2 2 2 2 2 9 2 2 2 9 2 2 2 2 2 2 2 2 2 2 2 2 2 2 2 2 2 2 2 2 2 2 2 2 2 2 2 2 2 2
left_child=1 2 3 8 6 9 12 15 22 47 46 26 25 19 -15 35 24 31 32 -9 -17 33 23 -1 -8 -2 -10 28 29 -11 57 56 -19 -4 -24 -5 40 -27 -35 -33 -32 44 -43 -44 -14 -30 -7 49 -49 51 -51 -3 -20 -13 -6 -40 -12 -18 59 61 -61 -23
right_child=4 5 21 7 54 10 16 13 11 27 17 53 41 14 -16 20 30 18 52 -21 -22 58 34 -25 -26 37 -28 -29 45 -31 36 39 -34 38 -36 -37 -38 -39 55 -41 -42 42 43 -45 -46 -47 -48 48 -50 50 -52 -53 -54 -55 -56 -57 -58 -59 -60 60 -62 -63
leaf_value=1.0970499777027034 -0.64582493953631825 0.22416673965996667 -1.2367158708768438 -0.58107767038212477 -0.7568357705725246 -0.6913208790710258 -0.55046012170086889 0.22606181355447391 -0.68538474293272122 -0.38291293995934272 0.51058801282170518 2.1126990196156195 -0.57351462545082321 0.13860749502012268 0.25251226480306882 -0.26181243493873668 -0.73369624331787253 -0.9837652659940006 1.1582075688261952 -0.55377994210168635 -0.0025126753211829112 -0.38382621090232477 -1.5226225294314315 -0.29310744075203132 0.018326489172184868 0.19048030479558309 -0.3325385403534622 -0.3368224875224215 -0.11374565731788328 0.32029467015912338 -0.24484505355586494 0.62143139183539808 0.95715860496819971 -0.58895141528123751 0.4149283565324261 -1.2329097829175302 0.34928026800405976 -0.32587485170540964 0.1634842085839921 4.0959192276384995 0.31545587423207649 -0.44673199036965916 -0.25068504630245253 0.22806582081271573 0.71468871601192918 -0.85216480772223102 0.44315433402252896 3.0982642170875936 -0.1615206478371487 1.5110665044987908 -0.47754686761933984 3.2890589634346767 2.480583692342643 -0.75067630385515938 -0.85847623250429894 -0.35833865920301805 6.6934156839211303 0.015500954762268294 -1.1633969339333827 -0.89877291466707343 0.65711958077225319 0.089150482823780311
leaf_weight=199 901 577 316 153 38 235 126 264 672 285 355 98 32 4023 561 2262 47 277 151 669 2403 214 36 1741 78 21 2421 689 826 1242 92 93 345 359 499 338 29 79 66 404 158 567 76 21 20 343 137 39 284 70 21 106 34 30 499 447 27 45 86 151 25 386
leaf_count=199 901 577 316 153 38 235 126 264 672 285 355 98 32 4023 561 2262 47 277 151 669 2403 214 36 1741 78 21 2421 689 826 1242 92 93 345 359 499 338 29 79 66 404 158 567 76 21 20 343 137 39 284 70 21 106 34 30 499 447 27 45 86 151 25 386
internal_value=-0.00119103 -0.000714586 -0.00126683 -0.000981096 -0.00537165 0.000832951 -0.00444444 -0.00037116 -0.00211441 1.67224e-05 0.0025837 -0.00320424 -0.00558866 0.000504069 0.000981033 -0.00131553 -0.000929931 0.00345792 0.00162037 -0.00177618 -0.000977399 -0.00351924 -0.000658159 -0.00133814 -0.00483871 -0.00723357 -0.00352471 -0.000739406 -0.000203027 0.000759804 0.00120443 0.00511621 4e-05 -0.00478768 0.0016961 -0.00442814 0.00305851 -0.000970874 -0.00371429 0.00683824 0.00167984 -0.00319889 -0.00374813 0.000375 0.00272727 -0.00150384 -0.0012987 0.00237613 3.83436e-05 0.00331403 0.00917553 0.00242347 0.00658245 0.00381679 -0.00918981 -0.00205911 0.00246835 -0.00368421 -0.00162857 -0.00109114 -0.00446927 0
internal_weight=27788 24959 18419 16369 2829 6540 2292 10673 5696 4482 2058 3221 1717 5517 4584 5156 575 1686 807 933 4665 2050 2475 1940 204 1001 3093 3385 2696 1527 371 879 622 1188 535 491 279 100 872 497 250 716 664 97 52 1169 372 1097 323 774 91 683 185 128 537 513 382 92 862 776 176 600
internal_count=27788 24959 18419 16369 2829 6540 2292 10673 5696 4482 2058 3221 1717 5517 4584 5156 575 1686 807 933 4665 2050 2475 1940 204 1001 3093 3385 2696 1527 371 879 622 1188 535 491 279 100 872 497 250 716 664 97 52 1169 372 1097 323 774 91 683 185 128 537 513 382 92 862 776 176 600
cat_boundaries=0 2 4 6 8 10 12 14 16 18
cat_threshold=2173874365 1850574 2428920472 218263 1393090827 1310776 2134290 1119282 33554472 328208 34095168 81921 538706346 836144 2894205108 86656 604267525 32769
is_linear=0
shrinkage=0.05


Tree=55
num_leaves=63
num_cat=15
split_feature=15 20 16 17 15 7 1 1 1 17 1 1 23 6 15 11 20 11 6 17 1 5 5 5 22 20 1 1 17 18 18 15 22 17 8 10 22 7 1 10 22 1 20 11 22 8 6 1 17 22 1 1 1 17 18 1 10 20 5 9 17 11
split_gain=20.0771 7.78333 4.73665 4.46488 3.79162 3.90171 3.44376 2.9976 2.94568 2.67423 3.12141 2.31489 2.84087 2.25222 2.19304 2.01259 1.98571 2.91121 1.96323 1.92 1.84795 1.71838 1.69237 1.68419 1.97803 1.61138 1.60304 1.57201 1.53902 2.44799 1.47596 1.42304 1.36364 2.19932 1.27595 1.26155 1.49459 1.5748 1.25743 1.9168 1.64857 1.22837 1.18571 1.15452 1.14405 2.07078 1.08493 1.20304 1.1312 1.03538 1.31886 1.0212 0.902996 0.927583 0.818866 0.813104 1.67378 0.811166 0.794103 0.755166 0.752285 0.743573
threshold=7.5000000000000009 187.50000000000003 1.6922406931495568 1.0223846326214827 12.500000000000002 615.6450000000001 0 1 2 2.0541353936546582 3 4 2.5000000000000004 3650.2500000000005 4.5000000000000009 800.32000000000005 77.500000000000014 2283.4400000000005 1376.8900000000001 1.2250902847076817 5 113.50000000000001 331.00000000000006 325.50000000000006 28.541950719393718 29.500000000000004 6 7 1.9993867520525368 0.30644094785706583 0.54970717078918907 4.5000000000000009 10.377124828891519 1.5801999278765089 284.2050000000001 3890.3900000000003 19.801514932551893 915.83000000000015 8 1521.5700000000004 27.601673500931454 9 44.500000000000007 519.82500000000016 17.556021412357982 1801.2250000000004 3056.7900000000004 10 1.7777782349047533 67.093963894781709 11 12 13 0.86948313337542238 2.6550362051521246 14 1864.4100000000001 226.50000000000003 185.50000000000003 727.61500000000024 1.6409819565172425 3913.4349999999999
decision_type=2 2 2 2 2 2 9 9 9 2 9 9 2 2 2 2 2 2 2 2 9 2 2 2 2 2 9 9 2 2 2 2 2 2 2 2 2 2 9 2 2 9 2 2 2 2 2 9 2 2 9 9 9 2 2 9 2 2 2 2 2 2
left_child=1 2 8 6 5 19 18 23 31 10 28 -11 15 14 -9 27 21 22 61 52 -17 -10 -18 34 -25 -15 42 -13 49 -30 -14 38 54 -34 -5 36 37 -28 39 -1 -40 -20 60 -23 -37 -46 47 -12 -48 50 -3 -31 53 -2 -33 -21 -57 -50 -49 -6 -7 -4
right_child=4 9 3 7 59 26 -8 13 16 11 46 12 30 25 -16 20 17 -19 41 55 -22 43 -24 24 -26 -27 35 -29 29 51 -32 32 33 -35 -36 44 -38 -39 40 -41 -42 -43 -44 -45 45 -47 48 58 57 -51 -52 -53 -54 -55 -56 56 -58 -59 -60 -61 -62 -63
leaf_value=-0.15121241923834605 -0.89624112772588027 -0.059884895516887582 1.4232037138386822 -1.1875368106839901 -0.71899398204389853 -0.53431459497998124 -0.5919472551633469 0.12686835932181673 -0.82959994801241344 -0.48329542178792695 -0.5578446741066706 -0.1932943480676407 -2.0396754490834752 -0.945790373643281 0.23381208646599064 0.42099661732140137 0.31908454328425739 -0.43263539526736106 -0.37094226979631983 -0.5411167427017729 2.693999793451038 0.99279821483345365 -1.0559579895156708 -0.19472168970075787 0.55610988792334692 -0.060741161475594656 0.14256844573710056 2.6413936901103798 4.0305236308673775 -1.6541526229019183 0.19547334342788078 -0.75451644212780811 -0.36607040460079077 0.064397564855549663 -0.16380252861873379 -0.60704543658505128 -0.10058341588487174 0.96539283543426002 -0.44484177533679348 0.80740774278577099 0.37884384561869244 0.1104256325035685 0.0043833930602795949 -0.32348425626758054 -0.25408160153042492 0.60758858108436586 -1.0552330833427139 0.38366947743638491 1.1079678950059753 2.169740604557552 1.8385988428428932 0.1839998140370277 -0.63408830065571431 0.034541520647491102 0.040640839585107717 0.11971428389281212 -0.38634799536696252 -0.43416836164914374 -0.31364544179124609 -0.81555242087908386 -0.042132396224311197 -0.35432722359241531
leaf_weight=384 31 223 112 307 38 121 1387 5204 1053 212 140 304 66 238 617 241 406 332 509 400 568 70 26 135 116 371 115 265 30 134 93 100 706 461 4226 120 151 25 765 252 301 418 79 1866 82 29 186 754 84 89 334 212 785 69 21 96 167 102 513 499 22 26
leaf_count=384 31 223 112 307 38 121 1387 5204 1053 212 140 304 66 238 617 241 406 332 509 400 568 70 26 135 116 371 115 265 30 134 93 100 706 461 4226 120 151 25 765 252 301 418 79 1866 82 29 186 754 84 89 334 212 785 69 21 96 167 102 513 499 22 26
internal_value=-0.00114965 -0.000694556 -0.0011127 -0.000572463 -0.00514213 -0.00420479 -0.00250509 -0.000144869 -0.00219945 0.00116956 0.00019169 0.00270405 0.00337903 0.000554866 0.000864955 0.00414555 -0.00313662 -0.000782269 -0.000289889 -0.00564152 0.00577278 -0.00373078 0.00183908 -0.00109443 0.00280512 -0.00230801 -0.00113788 0.0017264 0.0023913 0 -0.00270062 -0.000990676 -0.00224632 -0.00165598 -0.00132551 0.000327103 0.00259354 0.00629371 -1.46628e-05 0.00169492 -0.00108897 -0.00116935 -0.00457447 -0.00278494 -0.00229701 0.000986842 -0.00105329 -0.000381206 -0.00346667 0.0038906 0.00292411 -0.00136103 -0.00722128 -0.00132743 -0.00735887 -0.00343468 -0.000860507 -0.000396825 8.78906e-05 -0.00900463 -0.00744863 0.00514184
internal_weight=27788 24959 20409 13666 2829 2292 2452 11214 6743 4550 2801 1749 1537 6430 5821 1378 3753 764 1065 1548 809 2989 432 4784 251 609 744 569 1022 376 159 2990 1288 1167 4533 522 291 140 1702 636 1066 927 222 1936 231 111 1779 1407 372 646 557 346 885 100 121 663 263 186 1267 537 143 138
internal_count=27788 24959 20409 13666 2829 2292 2452 11214 6743 4550 2801 1749 1537 6430 5821 1378 3753 764 1065 1548 809 2989 432 4784 251 609 744 569 1022 376 159 2990 1288 1167 4533 522 291 140 1702 636 1066 927 222 1936 231 111 1779 1407 372 646 557 346 885 100 121 663 263 186 1267 537 143 138
cat_boundaries=0 2 4 6 8 10 12 14 16 18 20 22 24 26 27 29
cat_threshold=386581209 82081 2173956569 530625 3502663321 218270 2466967823 327739 2269514 4128 262161 98961 33554528 328208 2717909140 17 272769048 214148 335675544 65696 2359872 1028 33599496 65553 2148007941 2 2153775142 538186818 266752
is_linear=0
shrinkage=0.05


Tree=56
num_leaves=63
num_cat=17
split_feature=15 20 2 6 1 8 1 1 2 11 2 1 1 15 20 1 1 7 17 1 7 10 8 1 17 19 7 15 19 11 19 2 8 2 2 20 19 23 7 8 11 8 6 7 11 17 7 7 7 11 5 4 8 20 5 7 1 7 10 10 20 6
split_gain=18.0758 6.91422 5.44092 3.60621 3.59528 3.46215 3.51778 3.11611 3.13778 2.70222 2.44151 2.64208 2.42143 2.22547 2.21328 2.20749 2.00621 1.95493 1.93364 1.86538 1.86372 1.84715 1.79499 1.64395 1.52767 2.42165 1.4339 1.30697 1.12014 1.10062 1.10016 1.07821 1.05629 1.02592 0.97492 1.20882 0.972081 1.49508 0.949194 1.37809 0.922205 0.889312 0.879269 0.847256 0.824583 0.821874 0.808041 1.06155 0.779412 0.756138 0.717227 0.73833 0.709055 0.692803 0.684367 0.658855 0.636367 0.631138 1.18719 1.02555 0.605922 0.561237
threshold=7.5000000000000009 265.50000000000006 0 3650.2500000000005 1 467.53000000000009 2 3 4 1226.7950000000003 5 6 7 10.500000000000002 1.0000000180025095e-35 8 9 567.71500000000015 1.3785925048510428 10 727.5350000000002 1607.6600000000003 358.74500000000006 11 2.2025288160547909 171.24000000000004 615.6450000000001 12.500000000000002 1882.6100000000004 3962.4500000000003 44.645000000000103 12 901.58500000000015 13 14 352.50000000000006 1251.2150000000001 1.0000000180025095e-35 2555.6650000000004 1433.4200000000001 678.1450000000001 1727.9850000000001 3056.7900000000004 1229.6150000000005 4154.3700000000008 1.6095051933949203 720.80000000000018 872.34000000000003 283.74500000000006 3181.0800000000004 345.00000000000006 15 1161.2100000000003 28.500000000000004 349.50000000000006 1402.95 16 1135.4250000000002 2873.3150000000005 992.01500000000021 34.500000000000007 2012.74
decision_type=2 2 1 2 9 2 9 9 1 2 1 9 9 2 2 9 9 2 2 9 2 2 2 9 2 2 2 2 2 2 2 1 2 1 1 2 2 2 2 2 2 2 2 2 2 2 2 2 2 2 2 9 2 2 2 2 9 2 2 2 2 2
left_child=1 3 4 5 26 6 50 8 15 23 11 -9 24 20 -10 -7 33 44 30 -11 52 -12 -20 -8 31 -26 29 46 34 49 61 36 42 -5 35 -14 37 -3 39 -19 -37 43 -22 -36 -18 -31 -28 -48 -46 60 51 -1 56 -24 -52 -15 -4 59 -59 -35 -2 -6
right_child=2 12 13 16 18 7 9 10 14 19 21 -13 28 55 -16 -17 17 38 22 -21 32 -23 53 -25 25 -27 27 -29 -30 45 -32 -33 -34 57 41 40 -38 -39 -40 -41 -42 -43 -44 -45 48 -47 47 -49 -50 -51 54 -53 -54 -55 -56 -57 -58 58 -60 -61 -62 -63
leaf_value=-0.21528481461902446 0.070234597465204024 5.2921136001365507 -0.1995989264072506 -0.40424801296947949 0.012616924087896386 0.19913627914409179 -0.19344039183059822 0.26943230595470208 0.49277911339886704 0.09960210733552817 0.33168710053822076 -0.33665246071822352 -0.63003499425748333 -0.78092669823984817 -0.29323388350056306 -0.32733296279749241 -0.78650043053877106 -0.24201326663935313 0.29914208773545109 -0.32098052337682487 0.47665453167820931 -0.01124759311305752 -0.58586572366655953 0.27502699689856558 7.231858221724341 2.4763296706821083 0.88953963059199337 -0.50569998802581861 -0.76653642484598528 -0.41877806773964932 -0.85735204178833735 -0.30724131884081918 -0.30124592840556536 1.5014821358353752 0.71154987548847548 -0.35226125984573076 -0.27821217039904411 1.2097176624063608 0.90818919671623499 -0.89322190417574865 1.8184465764544351 -0.59113188025106211 -0.72229530482778959 2.1986596797331388 0.16182484546352605 0.03298563488577546 -0.16217981429174311 0.29184060357733016 -0.76069858616182617 0.22590106072559629 1.0027731173290158 -0.70780133957289526 -0.025464076123048331 0.011047698948245 -0.32024044523470607 -0.47414418780214329 -0.56951932551010498 1.0512918540949276 -0.25298672997523458 -0.48738119261906676 -0.48391777359562305 -0.36979138728242233
leaf_weight=337 43 44 101 371 54 1316 1454 656 587 438 3064 1233 178 662 3531 594 548 759 35 2316 49 1961 67 1643 30 322 32 29 172 148 146 208 207 50 720 56 49 48 33 158 74 39 26 119 31 20 44 70 27 53 20 1457 39 49 33 20 706 47 54 182 45 184
leaf_count=337 43 44 101 371 54 1316 1454 656 587 438 3064 1233 178 662 3531 594 548 759 35 2316 49 1961 67 1643 30 322 32 29 172 148 146 208 207 50 720 56 49 48 33 158 74 39 26 119 31 20 44 70 27 53 20 1457 39 49 33 20 706 47 54 182 45 184
internal_value=-0.00110647 -0.000674525 -0.00489495 -0.000925643 -0.00182897 -0.000714528 -0.00155499 -0.000210506 -0.00104287 -0.000935795 0.000508878 -0.00100552 0.00209142 -0.00654142 -0.00182159 0.000611024 -0.0028281 -0.00382409 -0.00463047 -0.00207653 -0.005084 0.00108922 0 6.04839e-05 0.00446429 0.00690141 0.00120724 0.00484551 0.000784099 -0.00068109 -0.00658915 0.00195312 -0.00131579 -0.000488145 0.00136669 -0.000934579 0.00511364 0.00842105 -0.00233473 -0.00267663 0.00244361 0.00221661 0.00336538 0.00262767 -0.00611658 -0.00350877 0.00687919 0.00405983 0 0.00234375 -0.00346102 -0.00365888 -0.00627208 -0.00294118 0.0015625 -0.00894161 -0.00658951 0.00140896 0.0046875 0 0 -0.00404564
internal_weight=27788 24959 2829 22900 1019 20640 7698 12942 6028 5851 6914 1889 2059 1810 4118 1910 2260 1556 535 2754 1128 5025 151 3097 701 352 484 175 1358 309 384 349 282 704 1186 308 141 92 950 917 130 878 75 839 606 168 146 114 58 141 1847 1794 846 116 53 682 807 333 101 232 88 238
internal_count=27788 24959 2829 22900 1019 20640 7698 12942 6028 5851 6914 1889 2059 1810 4118 1910 2260 1556 535 2754 1128 5025 151 3097 701 352 484 175 1358 309 384 349 282 704 1186 308 141 92 950 917 130 878 75 839 606 168 146 114 58 141 1847 1794 846 116 53 682 807 333 101 232 88 238
cat_boundaries=0 1 3 5 7 8 9 11 13 15 17 19 21 22 23 24 25 27
cat_threshold=1804 538443940 640 2143780 1325089 2170388982 536043 780 3077 379721217 66048 130631457 410137 2151776436 131 3594518549 73860 269352968 65560 3003515144 4 2084 2611 3137 16 2149843020 1
is_linear=0
shrinkage=0.05


Tree=57
num_leaves=63
num_cat=20
split_feature=15 20 2 15 21 1 5 1 2 1 1 1 1 21 1 21 2 1 7 2 19 8 21 20 1 21 7 1 1 21 5 7 20 19 16 1 8 4 7 1 8 7 5 21 1 20 19 16 5 20 10 5 7 21 5 7 8 8 20 1 22 7
split_gain=18.1183 6.26666 4.76474 3.94412 5.0405 4.37581 3.98614 3.53823 3.38609 5.04251 3.74006 2.78835 2.74509 2.57151 2.49317 2.37578 1.95331 3.35555 3.22544 1.92347 1.88513 1.87791 1.78289 1.74013 1.70681 1.63372 2.16379 1.62555 1.60127 1.61112 1.56739 1.77043 1.4232 1.41606 1.38148 1.27889 1.25714 1.24735 1.21155 1.20637 1.28302 1.19478 1.92104 1.17721 1.25357 1.22201 1.1284 1.1047 1.07973 1.06979 1.06337 1.05016 0.990905 0.953596 0.979781 0.94829 0.9294 0.926546 0.992613 0.898715 0.88403 0.877767
threshold=7.5000000000000009 137.50000000000003 0 1.5000000000000002 115.07142857142858 1 152.50000000000003 2 3 4 5 6 7 32.205263157894741 8 34.975000000000009 9 10 320.59500000000008 11 268.25999999999993 284.2050000000001 233.16666666666671 281.50000000000006 12 31.513157894736846 908.1350000000001 13 14 274.50000000000006 320.50000000000006 1022.7100000000002 352.50000000000006 3140.0350000000003 1.3636237465031209 15 1584.3150000000003 16 186.03000000000003 17 727.61500000000012 756.61500000000012 287.50000000000006 70.050000000000011 18 145.50000000000003 1402.5550000000001 1.184213768190115 82.500000000000014 240.50000000000003 459.26500000000004 202.50000000000003 954.42500000000018 175.58333333333334 124.50000000000001 1145.9650000000001 495.66500000000008 717.30500000000018 44.500000000000007 19 11.746108768714258 1402.95
decision_type=2 2 1 2 2 9 2 9 1 9 9 9 9 2 9 2 1 9 2 1 2 2 2 2 9 2 2 9 9 2 2 2 2 2 2 9 2 9 2 9 2 2 2 2 9 2 2 2 2 2 2 2 2 2 2 2 2 2 2 9 2 2
left_child=1 3 7 6 12 20 11 19 9 23 38 48 30 -4 57 37 18 -18 -14 34 22 -8 -6 24 -3 -21 -27 -22 51 -30 50 -32 35 -13 47 -11 -28 -12 -10 40 -23 42 -25 44 -40 -45 -37 56 -1 -39 -5 -17 -26 59 -55 -9 -2 -15 -59 -7 -16 -43
right_child=2 8 13 4 5 53 21 55 10 32 15 33 16 14 60 28 17 -19 -20 25 27 39 -24 41 52 26 36 -29 29 -31 31 -33 -34 -35 -36 46 -38 49 43 -41 -42 61 -44 45 -46 -47 -48 -49 -50 -51 -52 -53 -54 54 -56 -57 -58 58 -60 -61 -62 -63
leaf_value=0.095261720890195536 -0.021012659375382728 -0.26518285611517778 -0.72102674187285887 0.99363596008804922 0.52236451018798824 -0.13240063263108298 -1.1624218274564402 -0.55210146440442809 -0.81969374737751155 -0.76992187073113461 0.61410172477538016 -0.49792257174125149 -0.47408730714849484 -0.61603503105977642 -0.73677717337396309 1.302607801240222 0.095552727903753631 -0.38350521249822106 -0.012343655969593215 -0.55762477323047865 1.1105708725881969 3.1094965903957461 6.505247290871278 -1.2747685488577389 0.27418023027005634 -0.094927107320295079 0.81017400746813539 -0.15968134708212603 0.035299807598316239 1.9529814006473545 -0.14513837142178618 0.67398917506317635 1.4390020482732127 -1.9639988345525781 0.64744467252571813 -0.21357180202526216 0.010082990895085686 2.3946326868669474 3.0234487889014008 2.5398538933560619 -2.9372516131360342 3.2376983107602118 3.6484361384234401 0.43457088532471178 0.065756008015151232 -0.1395404356777199 -1.0783868789023843 -0.2275368274677029 1.6824289935511345 1.92971836215537 -0.47718411808138228 -0.65899578301451389 2.2737853049574936 1.2597903615741277 -0.21774458425460921 0.2069474547418361 0.17421228522799376 -0.43516559957625695 0.056465599690019276 -0.70031098683837456 -0.044529524749758666 0.44340185347965111
leaf_weight=330 29 424 593 52 753 371 118 424 162 318 168 1182 1130 565 52 214 742 3686 3727 127 245 53 67 68 433 261 32 725 1440 145 204 42 158 117 53 1154 20 242 121 552 58 95 56 73 405 946 246 22 215 387 2476 22 109 154 165 31 20 198 72 383 330 26
leaf_count=330 29 424 593 52 753 371 118 424 162 318 168 1182 1130 565 52 214 742 3686 3727 127 245 53 67 68 433 261 32 725 1440 145 204 42 158 117 53 1154 20 242 121 552 58 95 56 73 405 946 246 22 215 387 2476 22 109 154 165 31 20 198 72 383 330 26
internal_value=-0.00106689 -0.000634464 -0.00485964 -0.00115028 -0.00146566 0.000405618 0.000623097 -0.00197432 0.000579906 -0.000673387 0.00148398 -0.000622631 -0.00191407 -0.00640428 -0.00501025 0.00267009 -0.00148553 -0.00225175 -0.000772587 0.000606586 0.00192734 0.00361926 0.00370595 0.0018076 0.000799794 -0.000883002 0.00090981 0.000385406 0.00163788 0.000993429 -0.00331001 0.000301205 -0.00230281 -0.00189596 0.00583942 -0.0027455 0.01 0.00498438 -0.0003125 0.00467342 0 0.00559476 0.0015748 8.88243e-05 0.00203214 -0.000868395 -0.0019816 0.000844595 0.00230735 0.00597741 -0.00369419 0.00542169 0.00265766 -0.00208333 3.88199e-05 -0.00520833 0.00552885 -0.00653007 -0.00375458 -0.00307133 -0.00132911 0.00917339
internal_weight=27788 24959 2829 17547 14922 2863 2625 1019 7412 3087 4325 1844 12059 1810 1217 2618 9285 4428 4857 564 1790 781 820 1211 966 440 313 970 1821 1585 2774 246 1876 1299 124 1718 52 797 1707 663 111 245 124 1545 526 1019 1400 71 545 629 2528 236 542 1073 319 455 49 835 270 754 382 121
internal_count=27788 24959 2829 17547 14922 2863 2625 1019 7412 3087 4325 1844 12059 1810 1217 2618 9285 4428 4857 564 1790 781 820 1211 966 440 313 970 1821 1585 2774 246 1876 1299 124 1718 52 797 1707 663 111 245 124 1545 526 1019 1400 71 545 629 2528 236 542 1073 319 455 49 835 270 754 382 121
cat_boundaries=0 1 3 5 6 8 10 12 14 16 17 19 20 22 24 26 28 29 31 33 35
cat_threshold=1804 890806983 218162 540541102 66176 3079 2332706635 279177 2440959051 75399 9322551 49282 18186599 527776 571479200 4736 907 335565328 155668 1536 2147500552 16513 268992577 66576 176218144 1179648 2138128 1086498 2 4177 66048 2147745802 2 33816616 33412
is_linear=0
shrinkage=0.05


Tree=58
num_leaves=63
num_cat=28
split_feature=15 20 2 15 1 17 17 22 1 1 1 17 2 7 15 1 2 2 1 15 1 7 2 22 14 4 1 2 22 1 2 22 2 1 2 11 2 2 1 2 2 6 6 7 11 22 15 7 7 9 1 9 6 6 9 11 1 17 7 4 7 22
split_gain=17.4825 5.63282 4.52072 3.60043 3.65038 3.2234 3.03576 3.02818 3.66509 3.59916 2.97877 2.92848 2.56112 3.06549 2.51949 2.36967 2.34234 2.29735 2.25525 2.1467 2.10737 2.02513 1.95325 1.89831 1.79123 1.61426 1.56415 1.48993 1.46471 1.6523 1.47985 2.00707 1.3853 1.34097 1.31354 1.27921 1.26256 1.0689 1.51012 1.04674 0.946299 0.918354 1.09228 0.917038 1.72422 0.893369 1.93751 0.871928 0.867757 0.837946 0.817381 0.945159 0.777206 0.776346 0.768408 0.763564 0.758999 0.735254 0.710234 0.683734 0.759787 0.700233
threshold=7.5000000000000009 137.50000000000003 0 1.5000000000000002 1 1.3785925048510428 2.0541353936546582 24.042620865182638 2 3 4 1.3995286977944457 5 342.00500000000005 3.5000000000000004 6 7 8 9 10.500000000000002 10 727.5350000000002 11 13.881158470225367 2.5000000000000004 12 13 14 11.93091221803429 15 16 42.431807693809709 17 18 19 2009.5450000000003 20 21 22 23 24 2012.74 1734.8500000000001 595.10500000000013 3913.4349999999999 21.12094790847804 11.500000000000002 363.51500000000004 530.55000000000007 1440.8850000000004 25 826.70500000000015 1376.8900000000001 3372.3600000000001 755.81500000000017 9098.4300000000021 26 0.88889450400478098 1299.865 27 1117.1500000000001 91.589659403709803
decision_type=2 2 1 2 9 2 2 2 9 9 9 2 1 2 2 9 1 1 9 2 9 2 1 2 2 9 9 1 2 9 1 2 1 9 1 2 1 1 9 1 1 2 2 2 2 2 2 2 2 2 9 2 2 2 2 2 9 2 2 9 2 2
left_child=1 3 5 4 37 18 15 9 33 24 34 25 13 -11 -14 -3 -13 26 -2 21 53 -4 -6 49 40 -10 32 -22 29 36 31 -30 -17 -9 58 -32 -12 50 -39 -35 -5 42 -24 44 47 46 -45 -20 54 -7 51 -1 -40 -19 -25 -23 -43 -28 -8 60 -36 -61
right_child=2 6 19 7 22 23 10 8 11 12 28 16 14 -15 -16 17 -18 20 43 -21 27 55 41 48 -26 -27 57 -29 30 -31 35 -33 -34 39 59 -37 -38 38 52 -41 -42 56 -44 45 -46 -47 -48 -49 -50 -51 -52 -53 -54 -55 -56 -57 -58 -59 -60 61 -62 -63
leaf_value=-0.054008374903432355 -0.70383354889994654 0.62446779956874188 -0.42275224465971206 -0.51966813221229946 0.76817408449452318 0.14660733527646849 -1.4313458763773248 -1.1402004355635966 -0.25507990321292978 -0.60072278225088915 2.3917491996438045 0.41026909041200921 -0.18240974470222471 0.077729993926607233 -0.40106334621573458 0.52759945206551251 0.049686240940660299 0.49444790915735271 -0.22792575124093109 -0.7010117725199323 0.10810771031915607 0.014812456808477138 -1.9544274205878822 0.21626585541776713 -1.0064859476142629 0.0045026503088102746 -1.3478313583085537 -0.48977108982828454 -1.5834991385354216 3.277451645663414 -0.87597415124618017 2.1567647236891889 -0.35225293399515323 -0.034368068029054656 0.19258594149159763 1.173377108969234 0.19065174137047336 -0.030051554185902773 11.868606653765728 -0.3386871330467468 -0.34033227170341435 -0.17027686279190421 2.0188460041779925 0.37934831835964822 -0.42241750028236391 -0.23360408425671883 -0.52536249901603149 0.47156406102512138 0.32765977356239795 -0.36366425504881139 -0.049747963742693108 5.7911158718410718 3.0225791906003665 -0.046110870755317994 -0.28577074877512681 -0.51891224524974866 -1.4089861189171131 -0.33808687774012613 0.074972387795818926 -0.68948537394281151 2.1406617176189981 5.8789476597577242
leaf_weight=83 229 699 846 864 418 29 110 117 895 551 360 519 2262 1589 1486 275 1831 1237 99 682 393 200 157 34 297 1240 130 571 27 458 225 77 297 861 95 54 441 101 32 1310 1100 516 132 68 183 51 33 37 100 74 326 108 231 436 82 82 521 1223 33 207 44 20
leaf_count=83 229 699 846 864 418 29 110 117 895 551 360 519 2262 1589 1486 275 1831 1237 99 682 393 200 157 34 297 1240 130 571 27 458 225 77 297 861 95 54 441 101 32 1310 1100 516 132 68 183 51 33 37 100 74 326 108 231 436 82 82 521 1223 33 207 44 20
internal_value=-0.00106329 -0.00063847 -0.00478902 -0.00112749 0.00056602 -0.00197432 0.000512475 -0.00142881 -0.000636437 -0.00208078 0.00209494 0.000186194 -0.00140654 0 -0.00219357 -0.000125855 0.00141309 -0.000551913 -0.00391181 -0.00629457 0.000391509 -0.00486295 -0.000739898 0.00205745 -0.00378738 -0.00114008 -0.00186404 -0.00143296 0.00312689 0.00397187 0.000291451 0.00512821 0.00025641 -0.00225989 -0.00117337 -0.00149829 0.00238022 0.00317394 0.00530504 -0.00191735 -0.00320285 -0.00169903 0.000642123 -0.00162707 -0.00322205 0.00129032 0.00420673 0.000719424 0.00479452 -0.00318396 0.00148585 0.00398284 0.00729167 0.00147539 0.0012605 -0.000964912 -0.00241587 -0.002791 -0.00504808 0.000329815 0.00304276 -0.00119792
internal_weight=27788 24959 2829 17547 2625 1019 7412 14922 6773 8149 2151 4485 5888 2140 3748 5261 2350 4562 700 1810 2637 1128 1744 319 2261 2135 1925 964 1642 1259 383 104 572 2288 509 279 801 881 364 2171 1964 1326 289 471 319 152 101 136 216 103 517 191 263 1673 116 282 1037 1353 143 366 139 227
internal_count=27788 24959 2829 17547 2625 1019 7412 14922 6773 8149 2151 4485 5888 2140 3748 5261 2350 4562 700 1810 2637 1128 1744 319 2261 2135 1925 964 1642 1259 383 104 572 2288 509 279 801 881 364 2171 1964 1326 289 471 319 152 101 136 216 103 517 191 263 1673 116 282 1037 1353 143 366 139 227
cat_boundaries=0 1 3 5 7 9 10 12 13 14 16 18 19 20 22 23 25 26 27 29 30 31 32 34 35 36 38 40 41
cat_threshold=1804 351248436 50342 86478887 817538 2186650999 1081448 271634707 1152034 773 1258307843 1310760 1664 3079 35655745 4112 813736116 118928 2822 6 2215253064 645 776 2768643208 145 200 6 2097152 526592 2116 1370 689 268468256 16384 360 2325 4 16512 570429697 512 18
is_linear=0
shrinkage=0.05


Tree=59
num_leaves=63
num_cat=19
split_feature=23 16 17 1 1 1 20 17 2 21 8 1 17 17 2 2 7 20 18 1 9 1 1 22 2 8 2 1 4 21 1 9 9 22 7 17 7 22 22 8 2 16 2 2 20 10 18 20 16 10 22 4 10 8 20 21 18 7 17 22 20 20
split_gain=13.0531 6.9025 6.1842 4.50099 4.45616 3.82533 3.51251 3.49693 2.66548 2.5523 1.94444 1.88653 1.7216 1.68164 1.93976 1.65261 1.78519 2.04824 1.97294 1.64968 2.3835 1.6364 1.58743 1.57806 1.75093 1.49676 1.46835 1.95088 1.46122 1.38037 1.33553 1.32539 1.50017 1.25889 1.24321 1.23318 1.2103 1.14831 1.21368 1.1156 1.11498 1.09171 1.2809 1.07326 1.0726 1.0574 1.01293 0.99356 0.948318 0.918971 0.908666 1.40759 1.0611 1.0063 0.89809 0.886453 0.886432 1.12826 0.880727 0.850492 0.834532 0.811349
threshold=14.500000000000002 1.8673163998105768 1.0223846326214827 0 1 2 77.500000000000014 1.3721365464486655 3 63.038461538461547 284.2050000000001 4 2.270936284630849 2.0437670928084395 5 6 1083.2350000000004 68.500000000000014 1.5440072210826827 7 1286.6900000000003 8 9 24.22724502732645 10 661.36500000000012 11 12 13 80.211111111111123 14 934.96500000000015 2480.2100000000005 30.750855838344119 521.99000000000012 3.5272379962922433 1402.95 50.994699671181046 72.0910865878149 514.69500000000005 15 1.0259301214029921 16 17 54.500000000000007 1102.2650000000003 0.4097692402435163 92.500000000000014 0.74993259477851326 1791.1850000000004 16.707782550687583 18 1419.9000000000003 164.53500000000003 196.50000000000003 65.558441558441572 0.23138334916561115 500.12500000000006 1.6046877608960823 32.852170870091406 103.50000000000001 31.500000000000004
decision_type=2 2 2 9 9 9 2 2 1 2 2 9 2 2 1 1 2 2 2 9 2 9 9 2 1 2 1 9 9 2 9 2 2 2 2 2 2 2 2 2 1 2 1 1 2 2 2 2 2 2 2 9 2 2 2 2 2 2 2 2 2 2
left_child=1 3 4 6 37 10 8 50 28 15 35 40 31 23 22 59 17 -17 -18 34 -21 -16 -15 25 -25 -7 27 -12 -1 36 -28 46 -33 -30 -9 54 -6 56 39 -39 -11 48 -43 60 58 -42 -8 -45 -10 -14 -2 52 -52 -53 -4 -13 -3 -58 -22 61 -31 -5
right_child=7 2 5 9 29 13 12 19 41 11 26 55 49 14 21 16 18 -19 -20 20 44 -23 -24 24 -26 -27 30 -29 33 43 -32 32 -34 -35 -36 -37 -38 38 -40 -41 45 42 -44 47 -46 -47 -48 -49 -50 -51 51 53 -54 -55 -56 -57 57 -59 -60 -61 -62 -63
leaf_value=-0.22108338505700278 -0.61300377120463556 0.81861128150625684 -1.1527973769784978 -0.22777708336590941 -0.72371774946945211 0.065400644208014933 -0.44792493365626318 -0.62085949961451881 -0.51053029656036275 -0.29043100655675252 -0.36586158059379703 1.3818891103227122 0.79074421126157712 -0.13546612477377665 1.0846623296122393 -0.43540064081606006 0.32720096761689615 0.013804770702427761 -0.60438134337847382 0.36376616073630985 -0.59662069130929318 0.1317475553552015 1.853582303194611 0.47678361953612836 0.04666177896227524 -0.31022113365696247 0.066333783312299485 0.1193437180656062 0.28111100943675532 -0.14733121810478098 -0.25138834436313023 -0.46505951373986321 0.28359407823887256 -0.73281661728215719 0.038957209684825501 0.09804472665201161 0.18722896150385682 1.2605274563068662 -0.22923418996447753 0.059929406375612615 0.37842454958868255 -0.12934588901409347 -0.49654539994942049 -0.97515366953198146 0.80501248565476036 -0.044523833341111901 0.10600551654300371 0.26790998865500554 -0.85973167085144864 -0.4147130356068971 -0.87204205152397807 0.15327572308405593 0.05262654960520266 -0.71420833588700461 -0.036993265868160922 0.4113489144063367 -0.25402966532827981 0.033059707458934808 0.029912152878343347 -0.82583203613313438 -0.79102267383192137 0.17151743548294285
leaf_weight=138 576 20 247 62 806 1324 147 91 529 307 504 24 190 133 658 1327 102 443 77 47 84 2133 655 557 1464 1113 809 2731 190 144 2315 225 23 51 53 125 28 68 67 46 356 820 1699 50 24 545 316 229 503 48 51 23 130 259 66 436 535 526 42 31 246 220
leaf_count=138 576 20 247 62 806 1324 147 91 529 307 504 24 190 133 658 1327 102 443 77 47 84 2133 655 557 1464 1113 809 2731 190 144 2315 225 23 51 53 125 28 68 67 46 356 820 1699 50 24 545 316 229 503 48 51 23 130 259 66 436 535 526 42 31 246 220
internal_value=-0.0010435 -0.00079323 -0.000218015 -0.00193628 -0.00238891 0.000183662 -0.00295125 -0.00578453 -0.00361683 -0.000653056 -0.000684655 0.000807899 -0.000170693 0.000923913 0.00173437 -0.00175497 -0.00229995 -0.00280598 0.00226648 -0.00119913 0.00160714 0.00107436 0.00393258 0.000263394 0.00130311 -0.000578893 -0.000453867 0.000280942 0.00028699 -0.00421339 -0.00122729 -0.00145308 -0.00438247 0.00270669 -0.00509554 -0.00391156 -0.00564516 -0.000137255 0.00346467 0.00662393 -0.00020475 -0.0040369 -0.00342486 -0.00239955 -0.00114379 0.000642779 2.6824e-05 0 -0.00550725 0.00342324 -0.00723369 -0.00523069 -0.00109536 -0.00737288 -0.00557753 0.00348837 -0.000795664 -0.00104558 -0.00329457 0.0014954 -0.00403226 0.00254386
internal_weight=27788 26408 17599 8809 2765 14834 4879 1380 3930 3930 6797 1668 949 8037 3579 2262 1949 1770 179 341 197 2791 788 4458 2021 2437 6359 3235 379 1503 3124 711 248 241 144 438 834 1262 181 114 1208 3551 2519 669 150 901 463 279 1032 238 1039 463 181 282 313 460 1081 1061 126 313 390 282
internal_count=27788 26408 17599 8809 2765 14834 4879 1380 3930 3930 6797 1668 949 8037 3579 2262 1949 1770 179 341 197 2791 788 4458 2021 2437 6359 3235 379 1503 3124 711 248 241 144 438 834 1262 181 114 1208 3551 2519 669 150 901 463 279 1032 238 1039 463 181 282 313 460 1081 1061 126 313 390 282
cat_boundaries=0 2 4 6 7 9 10 11 13 15 17 18 19 21 22 24 25 26 27 28
cat_threshold=1714198118 1870693 2542453465 1392673 2159515097 540129 512 2165309832 29826 1098 520 536870914 640 273154596 393222 50331680 327682 1408 828 1213504 534560 5 1479681 2080 1298 3336 2203 17
is_linear=0
shrinkage=0.05


Tree=60
num_leaves=63
num_cat=20
split_feature=14 21 17 1 20 2 5 16 1 1 1 2 20 1 1 19 1 19 17 1 1 2 20 5 20 11 17 21 1 17 2 5 6 2 17 11 2 20 16 2 16 16 5 1 1 17 17 17 9 9 5 1 20 18 17 20 17 20 16 16 18 16
split_gain=14.7252 7.79604 7.24092 4.66317 3.89648 3.45242 3.36332 3.35637 2.72753 2.23099 2.10132 2.19766 2.05574 2.20648 1.96417 1.83484 2.6669 1.74925 2.97611 2.01124 1.7885 1.62555 1.96972 1.49015 1.45266 1.3969 1.36627 1.40467 1.36495 1.81474 2.21529 1.52342 1.31688 1.31477 1.31212 1.29793 1.27242 1.26809 1.33366 1.26132 1.21612 1.19639 1.41145 1.19046 1.11809 1.19109 1.05799 1.04804 0.97893 0.965158 0.973056 1.04871 0.956069 0.94827 1.17773 0.896 0.891526 0.87481 0.870535 2.36317 0.854738 0.829904
threshold=2.5000000000000004 32.205263157894741 1.2307666540406972 0 72.500000000000014 1 165.50000000000003 1.6047999025599047 2 3 4 5 84.500000000000014 6 7 1552.8850000000002 8 1389.7950000000003 2.1849692642356122 9 10 11 217.50000000000003 283.50000000000006 250.50000000000003 2226.3250000000003 0.67109877190641354 89.464285714285737 12 1.0909945851148015 13 331.00000000000006 2012.74 14 1.0776608304472688 2009.5450000000003 15 37.500000000000007 1.5000027216611571 16 2.2111633251792564 1.0798566173561996 312.50000000000006 17 18 1.3597379919942141 1.3859280806057663 1.3785925048510428 1440.8850000000004 137.89500000000001 319.50000000000006 19 12.500000000000002 0.78186747498761899 1.8244927733573018 62.500000000000007 2.2388070887983775 15.500000000000002 1.6047999025599047 1.3213025991226408 0.7589394796104586 1.8069237056795939
decision_type=2 2 2 9 2 1 2 2 9 9 9 1 2 9 9 2 9 2 2 9 9 1 2 2 2 2 2 2 9 2 1 2 2 1 2 2 1 2 2 1 2 2 2 9 9 2 2 2 2 2 2 9 2 2 2 2 2 2 2 2 2 2
left_child=2 5 3 21 49 46 14 10 17 58 48 12 13 -12 40 33 24 18 20 56 -9 57 26 -11 -17 -20 -23 -28 29 31 -31 -6 34 -10 -30 -14 -34 -7 -39 -21 55 -25 -43 -35 45 -13 -2 -42 -4 -5 51 -51 -48 -16 61 -3 -19 -1 59 -8 -50 -55
right_child=1 6 7 4 28 37 9 8 15 23 11 44 35 -15 53 16 -18 19 25 39 -22 22 -24 41 -26 -27 27 -29 32 30 -32 -33 36 43 -36 -37 -38 38 -40 -41 47 42 -44 -45 -46 -47 52 -49 60 50 -52 -53 -54 54 -56 -57 -58 -59 -60 -61 -62 -63
leaf_value=1.4513819716925056 -0.50181503862596044 -0.59198280741617548 -0.021134917791400198 -0.059585223033379098 -0.44816355584737322 -0.76192124361257574 -0.48629769109842513 0.43109297279396053 -1.2876470434997573 0.16592629640760068 0.065531503381252423 -0.0090129591478786963 1.0546888397971905 -0.2806367259399189 -1.0400766440908586 -0.093564566591516046 -1.0133681150952178 -0.032475008694414241 1.1011315323529887 0.2792344917731196 -0.021504402064590169 -0.37199962669093173 3.0521284977177547 -0.55304470698028407 2.7342748613982337 2.9269280555290376 0.033327290103156583 0.694780210005289 0.70159070298841975 1.1524314483727343 -0.36198847830578346 -1.2504789393716091 -0.37117712331634822 -0.33019184094452819 -0.49139209047634441 0.020708273799591836 0.003281885114033223 -0.51946889343148972 0.92232524160463714 -0.40963026736710906 -0.75588053291010038 -0.41632246732457934 0.2841955923191552 0.055805674863468373 -0.15180056318582924 -0.5747575231978328 0.35728939195650161 0.44019327662661745 0.57658006470204526 -0.69940300724827298 -0.1017293014297664 -0.34136387352949743 -0.0099600033153286922 -0.22275274212901719 0.53297570341186784 0.26236699896506155 1.0382816941366515 -0.25656446577211123 -0.52872885268692704 0.28109368223574371 0.19289542982454222 0.55040570616984608
leaf_weight=26 107 804 537 134 1268 841 205 942 120 431 595 132 77 1004 82 568 619 316 1573 490 2330 178 64 112 105 196 376 178 382 102 207 90 621 703 99 89 640 236 21 977 23 51 132 4365 598 802 20 51 35 655 187 697 115 118 80 28 465 350 131 54 213 41
leaf_count=26 107 804 537 134 1268 841 205 942 120 431 595 132 77 1004 82 568 619 316 1573 490 2330 178 64 112 105 196 376 178 382 102 207 90 621 703 99 89 640 236 21 977 23 51 132 4365 598 802 20 51 35 655 187 697 115 118 80 28 465 350 131 54 213 41
internal_value=-0.000998525 -0.00394398 -0.000545981 -0.00200975 -0.00266438 -0.00699926 -0.00216858 -3.01053e-05 0.000340365 -0.000134048 -0.00129131 -0.00184668 -0.000597582 -0.00117821 -0.00397358 -0.000400431 -0.00208494 0.00100486 0.00152409 -0.000133274 0.000610687 0.000801688 0.00210136 0.00145467 5.46647e-05 0.00318143 0.00129252 0.00255835 -0.00167424 -0.00270089 0.000600962 -0.00350845 -0.000641026 9.63206e-06 0.00152376 0.0045858 -0.00151305 -0.00816832 -0.00466346 -0.00124155 -0.00514146 -0.00113255 0.00114247 0.000147609 -0.00323625 -0.00435586 -0.00107843 0.000324675 0.000986842 -0.0046614 -0.00501783 -0.00549815 0.00153986 -0.000336826 0.00108471 -0.0057485 0.00187343 -0.00179949 -0.00316377 -0.00128817 0.00358566 -0.00115741
internal_weight=27788 3683 24105 6254 5082 1340 2343 17851 13769 1116 4082 3297 1765 1599 1227 6480 1292 7289 5041 2248 3272 1172 796 726 673 1769 732 554 3409 1667 309 1358 1742 5188 481 166 1261 1098 257 1467 906 295 183 5068 1532 934 242 74 785 1673 1539 1352 135 321 239 832 781 376 390 259 248 159
internal_count=27788 3683 24105 6254 5082 1340 2343 17851 13769 1116 4082 3297 1765 1599 1227 6480 1292 7289 5041 2248 3272 1172 796 726 673 1769 732 554 3409 1667 309 1358 1742 5188 481 166 1261 1098 257 1467 906 295 183 5068 1532 934 242 74 785 1673 1539 1352 135 321 239 832 781 376 390 259 248 159
cat_boundaries=0 2 3 5 7 9 10 12 14 16 18 20 21 23 24 25 26 27 29 31 33
cat_threshold=323699025 1179681 1540 2118730278 1557274 39883826 266371 14042641 5256 961 2415919488 336387 538711177 4992 2156299329 525441 67174436 147978 1375731714 1540616 201 545271814 825934 232 1024 2183 3400 2147615808 525312 2717909408 368675 1085572 332416
is_linear=0
shrinkage=0.05


Tree=61
num_leaves=63
num_cat=24
split_feature=17 20 21 1 19 1 1 2 7 2 12 1 20 2 20 7 1 9 6 4 1 20 19 2 1 21 1 2 9 6 6 17 2 19 10 17 2 20 2 17 2 21 2 1 22 1 1 20 19 10 1 8 20 4 6 20 7 22 7 17 6 17
split_gain=11.01 9.54083 6.4767 4.33297 4.20842 3.99007 3.74031 2.74896 3.12756 2.12234 2.07721 1.91339 1.88442 4.65845 2.38388 1.71693 2.60397 1.91821 1.78556 1.71003 1.68709 1.67413 1.6542 1.6632 1.63626 1.60478 1.59175 1.56932 2.34524 1.48723 2.29725 3.28887 3.2565 1.41608 1.32058 1.29648 1.64335 1.1804 1.17651 1.16071 1.15578 1.38175 1.13176 1.99051 1.70056 1.90173 1.51655 1.50257 1.13019 1.12733 1.11074 1.5572 1.51884 1.11013 1.06184 1.0308 1.00986 1.15193 0.998741 0.983151 0.972516 1.34043
threshold=1.6628390375128872 81.500000000000014 32.205263157894741 0 4622.5950000000003 1 2 3 363.51500000000004 4 1.0000000180025095e-35 5 42.500000000000007 6 19.500000000000004 720.80000000000018 7 863.34500000000014 1734.8500000000001 8 9 109.50000000000001 1552.8850000000002 10 11 85.944444444444457 12 13 596.09500000000014 2012.74 1734.8500000000001 2.2247413645275409 14 1425.2800000000002 3718.2050000000004 1.4312415981245266 15 12.500000000000002 16 0.73603384834252961 17 157.29166666666671 18 19 23.306191382379723 20 21 270.50000000000006 558.4799999999999 1745.7300000000002 22 864.61500000000012 56.500000000000007 23 2012.74 64.500000000000014 1368.1800000000001 75.854795479814442 1277.3550000000002 1.033226954763961 1376.8900000000001 1.3421393462832487
decision_type=2 2 2 9 2 9 9 1 2 1 2 9 2 1 2 2 9 2 2 9 9 2 2 1 9 2 9 1 2 2 2 2 1 2 2 2 1 2 1 2 1 2 1 9 2 9 9 2 2 2 9 2 2 9 2 2 2 2 2 2 2 2
left_child=1 2 10 9 6 35 15 8 39 19 -1 29 13 25 -15 21 34 33 -19 48 -10 38 23 -14 27 -13 -21 28 -7 30 32 -32 -8 -18 -17 42 -37 59 -2 -5 41 -23 44 53 46 -46 -3 -45 -4 -40 52 -52 -11 -44 -39 -6 57 -38 -24 -9 61 -29
right_child=4 5 3 7 55 24 11 37 20 50 -12 12 22 14 -16 16 17 18 -20 26 -22 40 58 -25 -26 -27 -28 60 -30 -31 31 -33 -34 -35 -36 36 56 54 49 -41 -42 -43 43 47 45 -47 -48 -49 -50 -51 51 -53 -54 -55 -56 -57 -58 -59 -60 -61 -62 -63
leaf_value=-0.28562189617133776 0.0019426320677077059 0.4431656363282887 0.43256231882918716 0.28636806479311794 -1.0977495119308309 -0.14393252577499355 -0.25834720802958344 -0.45277551121737425 0.28229095376028612 -0.18353503581802644 -0.57420455136836746 0.50442604280162306 -0.033680225692386045 -0.1019227856769799 -0.62255938206734673 -0.80492677172814364 2.9238277311500642 -0.87420113957535051 0.30172628985610433 -0.39790557145204491 -0.15317098075422139 0.19280651141784874 -0.20123201030902182 0.29825620603004471 -0.39468113078234596 -0.46994169457975021 0.30166212599403797 0.72256445285873261 0.38560083621547286 0.22481003593794258 0.18138456286972088 5.169486361028266 2.6325322541470286 -1.2489188157747826 0.37824113324946662 -0.10667652457054544 0.75097549789811324 -0.26653381822514766 -0.61721803678313669 -0.76584284854426843 -0.33212780306990841 2.9834980649822493 -0.84603163185306873 0.045969648644214094 1.34006508281949 0.11887940697129268 -0.27873062301683421 5.8092455128379701 -0.24968870611762101 -0.80729120395653142 -0.4124567893945521 0.093640031662633752 1.057720423995598 -0.12778057450072994 -0.40858831837129639 -0.32617681128091969 1.204672774724096 2.3892082100522098 0.55276896431763589 0.22981473878213096 -0.35228819853943566 -1.9552282607152489
leaf_weight=101 217 231 102 27 161 774 235 88 248 63 806 499 1499 1798 887 258 69 131 703 123 179 91 1073 3327 1260 121 141 168 540 1426 57 78 162 28 32 148 238 832 959 252 348 40 225 460 107 358 250 31 33 211 495 172 43 693 2264 51 30 27 59 165 1546 48
leaf_count=101 217 231 102 27 161 774 235 88 248 63 806 499 1499 1798 887 258 69 131 703 123 179 91 1073 3327 1260 121 141 168 540 1426 57 78 162 28 32 148 238 832 959 252 348 40 225 460 107 358 250 31 33 211 495 172 43 693 2264 51 30 27 59 165 1546 48
internal_value=-0.000985931 -0.00202698 -0.00347482 -0.00277964 -3.09853e-05 -0.000774135 6.98763e-05 -0.00354904 -0.000591099 -4.21941e-05 -0.00740385 0.000497374 0.000190006 -0.000759522 -0.00167254 -0.00146371 0 0.00128443 0.000448029 0.0028216 0.00200581 -0.00242108 0.000725549 0.00113378 -0.00172453 0.00308057 0.000180505 -0.00106831 0.000207234 0.00191527 0.00420561 0.00987319 0.00209375 0.007875 -0.0040429 0.00068481 0.00316704 -0.00415303 -0.00330036 -0.00474291 2.59336e-05 0.00390625 0.000196141 -0.000676864 0.00153806 0.00371261 -0.00043905 0.00181052 0.00717905 -0.00390955 -0.00160623 -0.00240809 0.00273109 -0.00206767 -0.00443692 -0.00697674 0.00523539 0.00405784 -0.000969163 -0.000634766 -0.00204225 0.000913242
internal_weight=27788 13268 6134 5227 14520 7134 14308 4055 706 1172 907 11221 9263 3305 2685 3087 1221 931 834 399 427 1866 5958 4826 4336 620 264 3076 1314 1958 532 135 397 97 290 2798 443 3349 1387 279 479 131 2355 1409 946 465 481 491 135 1170 773 667 106 918 3096 212 295 265 1132 253 1762 216
internal_count=27788 13268 6134 5227 14520 7134 14308 4055 706 1172 907 11221 9263 3305 2685 3087 1221 931 834 399 427 1866 5958 4826 4336 620 264 3076 1314 1958 532 135 397 97 290 2798 443 3349 1387 279 479 131 2355 1409 946 465 481 491 135 1170 773 667 106 918 3096 212 295 265 1132 253 1762 216
cat_boundaries=0 2 4 6 7 8 10 11 13 14 16 17 19 21 22 23 24 25 26 27 29 31 33 35 36
cat_threshold=97075539 1352735 1595720315 263355 1093964130 1322343 768 780 411181572 245760 3596 1073741888 1122 17 570425476 65664 3140 541065344 1262080 524291 18 992 909 282 132 328 1302 1867832 263307 1589312 1026 33587209 262273 12582928 1048580 2
is_linear=0
shrinkage=0.05


Tree=62
num_leaves=63
num_cat=23
split_feature=14 21 17 1 20 2 5 1 20 1 19 1 1 10 2 2 2 2 1 22 1 4 1 17 21 20 2 1 20 4 19 20 7 17 5 7 20 7 10 21 2 9 22 20 23 22 21 19 10 21 21 1 2 20 17 21 2 1 20 7 2 17
split_gain=13.199 7.94693 6.58183 4.1991 3.40857 3.26786 2.74485 2.10271 2.0818 2.13195 2.06383 3.51247 2.43877 2.0467 1.91578 1.91222 1.86541 1.74615 2.27696 1.95094 1.74161 1.71549 1.64154 1.59115 1.571 1.47889 1.38725 1.46187 1.44299 1.44124 1.41252 1.37082 1.31404 1.30664 1.27576 1.23927 2.44044 1.44703 1.25998 1.16764 1.44157 1.23189 1.14985 1.41769 1.12039 1.11408 1.24904 1.10955 1.06218 1.03527 1.00063 0.9931 0.98486 0.968194 0.957445 0.89409 0.856086 1.59332 0.923466 0.849336 0.82819 1.55374
threshold=2.5000000000000004 32.205263157894741 1.2307666540406972 0 93.500000000000014 1 165.50000000000003 2 260.50000000000006 3 1396.4250000000002 4 5 653.40500000000009 6 7 8 9 10 53.503893848608861 11 12 13 2.270936284630849 89.464285714285737 37.500000000000007 14 15 377.50000000000006 16 900.41999999999985 288.50000000000006 1190.3900000000003 2.4806825284506257e-05 146.50000000000003 582.12500000000011 49.500000000000007 744.02500000000009 1991.5100000000002 89.464285714285737 17 1373.7800000000004 16.978417559131092 35.500000000000007 10.500000000000002 38.370127259522782 72.630681818181827 1030.9100000000001 1443.5600000000002 185.58333333333334 77.683333333333351 18 19 48.500000000000007 1.3859280806057663 66.591666666666683 20 21 125.50000000000001 1177.3650000000002 22 0.63582554949437731
decision_type=2 2 2 9 2 1 2 9 2 9 2 9 9 2 1 1 1 1 9 2 9 9 9 2 2 2 1 9 2 9 2 2 2 2 2 2 2 2 2 2 1 2 2 2 2 2 2 2 2 2 2 9 1 2 2 2 1 9 2 2 1 2
left_child=2 5 3 24 21 48 20 53 10 15 12 39 56 14 -14 -10 -13 18 19 -6 55 45 47 -15 31 -7 29 -28 -29 51 -31 34 -18 -24 -1 38 37 -37 44 40 -12 -41 43 -22 -9 52 -47 -19 -2 -23 -20 -11 -5 -8 -50 59 58 -58 -4 -3 -26 -62
right_child=1 6 8 4 17 25 7 35 9 26 11 16 13 23 -16 -17 32 22 50 -21 42 49 33 -25 60 -27 27 28 -30 30 -32 -33 -34 -35 -36 36 -38 -39 -40 41 -42 -43 -44 -45 -46 46 -48 -49 54 -51 -52 -53 -54 -55 -56 -57 57 -59 -60 -61 61 -63
leaf_value=-0.3300504049858532 0.22164110993094513 -0.54893566939437566 -0.39719072718075665 -0.045502775038382029 0.051901820030733604 -0.69511495386352851 -0.26701847062353989 0.017215894712749424 1.674140436365537 1.18480583145477 -0.1681517581385899 -0.93212264229233632 1.570229204849303 -0.026574791554018873 0.14962464414952983 -0.47065922851669451 -0.32146660770245816 -0.43764070943021416 -0.99733020604940714 1.1253095771558321 -0.95048556212505986 -0.51336288733827151 1.0378514989109728 0.24304605228570822 -0.1100101099245606 -0.35379679797680341 -0.63937288806030779 0.39737970371688508 3.0665127731093094 -1.0166669535682993 2.1482739657318022 10.466814566513799 0.28560662965420786 -0.17319528634818016 0.057892058858460341 0.58036169378751379 0.83631533969409588 -0.088894298510773961 -0.34310598100525636 -0.47528886681416227 0.66501439008278784 1.0917247034658606 0.19345687683694637 0.18152813860930017 0.2868911432984998 0.61262323826350351 -0.41769083049707767 -1.3423901629663284 -0.49159876278975645 6.2947485001012087 -0.047278631018555478 2.5707932550917647 -0.35595928127171944 0.14839958255332686 0.0052956570416480275 -0.1332539731486598 -0.6015959027334461 0.027441351903869562 -0.057336143278518041 0.016202783755498728 -0.16431710927847831 1.4653293618667391
leaf_weight=325 20 714 833 309 799 841 374 208 302 101 340 828 623 5044 631 430 1831 542 167 133 88 1333 52 2121 114 257 253 281 145 86 100 25 151 773 363 68 37 133 166 316 572 32 196 47 66 64 128 173 101 20 296 251 388 64 121 129 287 1875 418 53 61 189
leaf_count=325 20 714 833 309 799 841 374 208 302 101 340 828 623 5044 631 430 1831 542 167 133 88 1333 52 2121 114 257 253 281 145 86 100 25 151 773 363 68 37 133 166 316 572 32 196 47 66 64 128 173 101 20 296 251 388 64 121 129 287 1875 418 53 61 189
internal_value=-0.000978734 -0.00376763 -0.000550129 -0.00194582 -0.00253613 -0.00685034 -0.00197677 -0.000134048 -5.81102e-05 0.00147925 -0.000249921 -0.00122146 8.02704e-05 0.000541093 0.00240652 -0.000604027 -0.0022051 -0.00139125 -6.21449e-05 0.00132275 -0.00360772 -0.00402004 -0.00254346 0.00020752 0.000860092 -0.0079883 0.00275407 0.00110188 0.00290433 0.00467332 0.000628141 -0.000436453 -0.00131579 -0.000909905 -0.000940666 0.00155572 0.00446058 0.00189951 0 0.000942655 0.00191257 -0.0014245 -0.00025436 -0.00389493 0.00207581 -0.00212029 0.00102564 -0.00430975 -0.00107843 -0.0051702 -0.00291492 0.00657534 -0.00308929 -0.00282705 -0.00233333 -0.00473047 -0.00103984 -0.000402299 -0.00208663 -0.00543831 0.00354223 0.00503802
internal_weight=27788 3683 24105 6254 5177 1340 2343 1116 17851 1949 15902 4070 11832 8419 1254 732 2810 2935 1395 932 1227 2242 1540 7165 1077 1098 1217 679 426 538 186 713 1982 825 688 678 238 201 440 1260 912 348 331 135 274 889 192 715 242 1353 463 352 697 438 222 896 3413 2162 1251 767 364 250
internal_count=27788 3683 24105 6254 5177 1340 2343 1116 17851 1949 15902 4070 11832 8419 1254 732 2810 2935 1395 932 1227 2242 1540 7165 1077 1098 1217 679 426 538 186 713 1982 825 688 678 238 201 440 1260 912 348 331 135 274 889 192 715 242 1353 463 352 697 438 222 896 3413 2162 1251 767 364 250
cat_boundaries=0 2 3 5 7 9 11 12 13 14 15 17 19 20 22 23 25 26 27 29 30 31 33 34
cat_threshold=122241361 33 1540 39851170 331778 2964762642 34 75695620 615054 2300675180 552163 1363 297 19 496 2686485644 50320 538186893 4992 24 2692747270 320522 566 5 118929 14 184 67109000 262144 1581 3139 134218816 10336 77
is_linear=0
shrinkage=0.05


Tree=63
num_leaves=63
num_cat=18
split_feature=14 17 17 5 1 1 5 19 8 1 1 22 17 1 5 5 1 1 8 1 1 19 23 4 16 2 6 8 6 6 14 16 17 16 8 6 9 17 17 16 5 17 9 8 8 8 23 17 0 19 8 2 19 1 2 2 6 1 2 9 5 9
split_gain=12.0985 6.2643 5.49712 4.69521 4.19133 3.14857 2.51446 2.27917 2.17278 2.32294 2.1489 1.95254 1.83667 1.78277 1.75862 1.73034 3.26284 2.64875 1.51686 1.51658 1.49266 1.50455 1.76322 1.48527 1.46635 1.44031 1.37442 1.82502 1.28926 1.86586 1.26721 1.25907 1.22701 1.18291 1.15071 1.36459 1.12952 1.33987 1.09316 1.0849 1.07892 1.01057 1.26667 0.979274 1.13017 0.969553 0.963799 1.19116 0.955141 1.06159 0.909385 0.894377 0.881317 1.37814 1.55698 1.13752 1.3716 0.913304 0.900987 1.29633 0.879143 0.837019
threshold=2.5000000000000004 1.7041648798672855 1.3785925048510428 164.50000000000003 0 1 224.50000000000003 5005.8400000000011 300.02500000000003 2 3 13.227181515825054 2.4806825284506257e-05 4 132.50000000000003 145.50000000000003 5 6 85.330000000000013 7 8 1288.155 3.5000000000000004 9 2.0593101760058823 10 3056.7900000000004 825.33500000000015 2012.74 1734.8500000000001 3.5000000000000004 1.4999972783388438 0.8959856874718416 1.6499127846150146 1452.5150000000003 5620.6000000000013 115.37500000000004 9.1745580614818326e-06 2.270936284630849 1.5524105731048861 174.50000000000003 1.3421393462832487 712.18000000000018 184.98000000000002 928.83500000000015 1251.3550000000002 13.500000000000002 2.1590561702640341 11 597.07000000000005 180.11500000000004 12 1436.3300000000002 13 14 15 3056.7900000000004 16 17 769.6450000000001 258.50000000000006 630.58000000000015
decision_type=2 2 2 2 9 9 2 2 2 9 9 2 2 9 2 2 9 9 2 9 9 2 2 9 2 1 2 2 2 2 2 2 2 2 2 2 2 2 2 2 2 2 2 2 2 2 2 2 1 2 2 1 2 9 1 1 2 9 1 2 2 2
left_child=1 4 19 24 6 52 8 20 12 31 23 -12 -1 41 -11 16 26 18 -17 50 28 38 -23 -5 30 -21 27 -6 29 -7 34 -10 -19 -34 -4 -36 37 -18 -22 -20 -14 60 -43 -13 -45 -38 47 -25 49 -26 -2 -30 53 54 61 56 -55 58 59 -54 -8 -3
right_child=2 5 3 10 15 7 13 -9 9 14 11 43 40 -15 -16 17 36 32 39 25 21 22 -24 46 48 -27 -28 -29 51 -31 -32 -33 33 -35 35 -37 45 -39 -40 -41 -42 42 -44 44 -46 -47 -48 -49 -50 -51 -52 -53 57 55 -56 -57 -58 -59 -60 -61 -62 -63
leaf_value=0.31506075833931146 -0.37397607005304806 1.0121023973912273 -0.54327501774634523 0.18596530576065914 0.26553288584820683 0.47634095354663375 -0.8420346307885489 -1.4889243122736511 -0.47592649615817995 -0.40087511158866679 -0.38644841246415135 -0.86232994321412348 -0.67945415579777169 -0.51797817341013008 0.022660296190581165 2.4242621500334702 -0.84593352895803564 -0.069413749282995957 -0.41238530754953601 -0.042775334138248411 0.025877475127991545 -0.026535438281553428 -0.87123239147404241 -0.57181772361350702 0.83039065938716705 -0.43943225135838965 -0.14410443356610331 1.1378642712073779 0.76850313086205801 2.9920414997839146 -0.76987555276282249 0.13552190884609061 0.0054158782679131438 0.44639489456119574 0.77464048375644079 -1.0014157317662573 -0.4048298685011531 1.1724844132376671 0.44007091701372336 -0.048731043587203975 -0.1099574633038749 0.11232058199639283 -0.66168934443438698 0.22699034888660652 -0.14678778814202059 0.03026093181542109 0.25120303634654456 0.15547078313659599 -1.0101815424424812 -0.43233527774067143 -0.63513658097046288 0.059129282450109427 1.0403654531503641 -0.59821433462443141 -0.66553953819955325 0.32377782334223326 0.69027252833605823 -1.0971747764473847 -0.86928097519176317 -0.7596899943369998 0.015906958466739597 -0.48500796303455868
leaf_weight=190 83 65 728 276 362 381 115 99 105 997 178 34 794 1303 581 54 79 336 228 213 2869 2644 176 88 43 627 261 78 401 134 312 1219 354 952 47 21 1385 106 2461 951 143 71 148 234 146 153 23 71 59 62 438 972 92 465 317 741 41 346 164 43 534 195
leaf_count=190 83 65 728 276 362 381 115 99 105 997 178 34 794 1303 581 54 79 336 228 213 2869 2644 176 88 43 627 261 78 401 134 312 1219 354 952 47 21 1385 106 2461 951 143 71 148 234 146 153 23 71 59 62 438 972 92 465 317 741 41 346 164 43 534 195
internal_value=-0.000921162 -0.000510723 -0.00359129 -0.00207527 -0.0013552 0.00025577 -0.00223724 0.000649015 -0.00147879 -0.000731497 0.000356125 -0.00157025 -0.00335177 -0.0036281 -0.00202703 -0.000308264 -0.0012979 0.000508165 -0.00121388 -0.00613087 0.000729509 0.000425701 -0.000495926 0.00291932 -0.00411765 -0.00445487 0.00152311 0.00327314 0.00199895 0.00417471 -0.00477048 0.00078534 0.00182779 0.00254011 -0.00356696 0.00211268 -0.00246976 0.00099734 0.000923495 -0.00163917 -0.00426862 -0.00170261 -0.00467342 0.000179856 0.00104439 -0.0029364 -0.000384615 -0.00208333 0 0.003125 -0.00845037 0.00115371 -0.00133461 -0.000738916 -0.00273305 0.000168651 -0.0015896 -0.00295139 -0.000600962 0.00211149 -0.000632669 0
internal_weight=27788 24105 3683 2322 11499 12606 6200 10137 4029 2902 1050 592 1127 2171 1578 5299 2424 2875 1233 1361 10038 8150 2820 458 1272 840 701 440 1888 515 1108 1324 1642 1306 796 68 1723 185 5330 1179 937 868 219 414 380 1538 182 159 164 105 521 1373 2469 1824 577 1247 506 645 299 135 649 260
internal_count=27788 24105 3683 2322 11499 12606 6200 10137 4029 2902 1050 592 1127 2171 1578 5299 2424 2875 1233 1361 10038 8150 2820 458 1272 840 701 440 1888 515 1108 1324 1642 1306 796 68 1723 185 5330 1179 937 868 219 414 380 1538 182 159 164 105 521 1373 2469 1824 577 1247 506 645 299 135 649 260
cat_boundaries=0 2 4 6 8 10 12 14 16 18 19 20 21 22 24 25 26 28 29
cat_threshold=2963420324 645440 20303938 1064039 807407616 16384 538574972 36880 2149586080 4096 1111572491 1049642 34652169 1194 33558601 266496 281159172 245760 26 1548 1 280 98368 1059846 905 1858 98368 9219 2956
is_linear=0
shrinkage=0.05


Tree=64
num_leaves=63
num_cat=19
split_feature=15 21 16 17 7 1 19 1 1 1 17 2 1 2 16 2 1 16 5 17 2 1 22 22 18 18 2 10 7 2 6 5 17 7 22 1 2 1 21 1 17 6 11 19 11 5 10 16 5 21 11 18 5 1 16 21 18 11 17 1 6 10
split_gain=12.5134 4.05417 3.86483 4.60876 3.84467 2.72277 2.6773 2.58053 2.53875 2.53823 2.32369 2.20052 2.19055 2.1648 1.80455 2.23846 2.12082 2.0584 1.78982 1.74154 1.67881 1.63433 2.02648 1.58359 2.03824 1.66526 1.51271 2.21669 1.67815 1.4579 1.62574 1.42427 1.44471 1.47729 1.3287 1.25996 1.25363 1.30758 1.33638 1.22798 1.49212 1.21259 1.14792 1.08188 1.04012 1.00816 1.17048 0.907387 0.869604 1.47011 0.825573 0.81958 0.783245 0.765843 1.59566 0.76572 0.951426 0.732716 0.972535 0.703979 0.750103 0.698712
threshold=7.5000000000000009 32.205263157894741 1.6922406931495568 1.3785925048510428 619.57000000000005 0 78.865000000000023 1 2 3 0.42116893138902683 4 5 6 0.21695061192489654 7 8 0.82859710586006718 53.500000000000007 1.5899234596658887 9 10 26.103233269476863 61.223247857081347 0.49581893914858405 1.3627821321512077 11 1419.9000000000003 1039.97 12 2501.0100000000007 82.500000000000014 1.4567594701162419 60.600000000000009 19.491960083456501 13 14 15 175.58333333333334 16 1.8945478393962885 1734.8500000000001 4535.4100000000008 1836.4000000000003 4765.2600000000011 160.50000000000003 2066.7450000000003 1.5222284539634849 179.50000000000003 39.51315789473685 2899.3300000000004 0.30644094785706583 102.50000000000001 17 1.6826233246911586 151.58333333333334 0.78801918720969344 1189.0500000000002 1.6063674015202329e-05 18 1734.8500000000001 2827.9850000000001
decision_type=2 2 2 2 2 9 2 9 9 9 2 1 9 1 2 1 9 2 2 2 1 9 2 2 2 2 1 2 2 1 2 2 2 2 2 9 1 9 2 9 2 2 2 2 2 2 2 2 2 2 2 2 2 9 2 2 2 2 2 9 2 2
left_child=2 13 7 9 12 20 8 14 61 18 -11 -10 42 34 16 21 57 41 55 -19 39 47 -23 25 -25 -12 27 -8 -28 35 -31 -14 33 -33 50 52 59 38 44 -5 -41 -17 48 -18 -38 -39 -47 -16 -3 -50 -2 -45 -6 54 -15 56 -4 58 -1 60 -9 -7
right_child=1 4 3 5 29 6 26 36 11 10 23 -13 31 53 15 17 43 19 -20 -21 -22 22 -24 24 -26 -27 28 -29 -30 30 -32 32 -34 -35 -36 -37 37 45 -40 40 -42 -43 -44 51 -46 46 -48 -49 49 -51 -52 -53 -54 -55 -56 -57 -58 -59 -60 -61 -62 -63
leaf_value=3.411369430110422 0.21269782114131042 -0.042786882411996886 -0.66391374307390694 -0.40697549162137681 -0.11869070658110506 1.3200086337087258 0.58263689816487474 0.73111869324590806 -0.22631167613122402 -0.93782203201319858 -0.18649739576618884 0.53659925409705966 -0.52981992464702155 -0.36662736489179437 0.73308835689760776 0.2829474447897356 1.7065756394461737 -0.2337777336460537 -0.53236713942357172 0.1196697170439073 -0.17870159127240229 -0.5994409675553154 -0.0092663365225094559 -0.90884205159377141 0.41871669762141583 0.037455482260331512 -0.15976496325292544 -0.32238298833798923 1.192825928843982 0.4949884014767868 0.0049199678154746357 0.35189311753408381 0.036061421667388065 -0.40780115628915897 0.25859919992598662 0.062496669114079854 -0.18669764180405224 -0.7114079191750371 1.4725541906059925 -0.26084113568532635 0.48199047285144447 -1.1466775957040543 -0.56421601221623596 1.9147334160236331 0.17172193127085988 -0.00091499616607251257 -0.40861721191764605 -0.91871204691005726 -0.042895588277586327 0.27391873787775528 -0.3549135817008246 -1.784630388203269 -0.46157386603902872 -0.58784390124304653 0.45582751171327196 2.4968308814671083 0.35286594074386479 -0.41846320408218463 -0.27481274084795049 -0.56270894530444515 -0.16480673435921053 0.19047281347086945
leaf_weight=21 20 91 39 390 68 327 2014 22 403 166 3008 716 307 82 90 30 265 427 771 986 3355 583 280 97 504 1183 2472 401 542 105 157 40 144 599 27 149 1625 663 75 372 1053 119 64 46 130 396 173 22 36 43 209 20 91 568 29 22 92 101 52 714 128 64
leaf_count=21 20 91 39 390 68 327 2014 22 403 166 3008 716 307 82 90 30 265 427 771 986 3355 583 280 97 504 1183 2472 401 542 105 157 40 144 599 27 149 1625 663 75 372 1053 119 64 46 130 396 173 22 36 43 209 20 91 568 29 22 92 101 52 714 128 64
internal_value=-0.000930157 -0.0040828 -0.000570367 -0.000179921 -0.00270163 0.000374628 0.00102309 -0.00157079 0.00289161 -0.00132965 -0.000859988 0.00155698 -0.00418237 -0.0068097 -0.000450082 -0.00100886 0.00223917 0.000142857 -0.00373533 0.000768008 -0.00048717 -0.00287196 -0.0036387 -0.000646507 0.00171772 -0.00099845 0.000494753 0.00142607 -0.000239511 0.00065445 0.00336364 -0.00509973 -0.0038645 -0.00488707 -0.00223048 -0.00155763 -0.00241813 -0.00189431 -0.000990233 0.000717998 0.0014169 -0.00534539 0.000101215 0.00454215 -0.00130119 -0.00317269 -0.00150787 0.0024 0.00245665 0.00625 -0.00371767 -0.000362319 -0.00457849 -0.00829118 -0.00272177 0.00088141 -0.000279851 -0.00200535 0.00115132 -0.00416192 -0.000460123 0.00634282
internal_weight=27788 2829 24959 17991 1894 12109 6939 6968 1510 5882 4958 1119 1324 935 3042 2537 505 1562 924 1413 5170 975 863 4792 601 4191 5429 2415 3014 570 262 1090 783 639 256 308 3926 3062 1830 1815 1425 149 234 331 1755 1232 569 112 170 79 229 66 159 679 111 153 131 174 73 864 150 391
internal_count=27788 2829 24959 17991 1894 12109 6939 6968 1510 5882 4958 1119 1324 935 3042 2537 505 1562 924 1413 5170 975 863 4792 601 4191 5429 2415 3014 570 262 1090 783 639 256 308 3926 3062 1830 1815 1425 149 234 331 1755 1232 569 112 170 79 229 66 159 679 111 153 131 174 73 864 150 391
cat_boundaries=0 2 4 6 8 9 11 12 13 15 16 18 19 20 22 23 25 27 29 31
cat_threshold=3241579731 537831 3519440537 210138 310444064 1311248 13771052 530762 3392 2153906253 512 1548 1138 2147484288 8192 300 8544272 9216 856 2275 536871052 512 27 605622560 1064996 427074 1060 33554432 145 2097156 512
is_linear=0
shrinkage=0.05


Tree=65
num_leaves=63
num_cat=18
split_feature=14 21 17 1 20 16 1 1 1 1 11 1 7 19 16 1 1 17 19 15 17 20 17 17 20 16 4 1 1 17 7 7 4 4 11 15 20 17 19 20 17 4 20 20 23 1 6 7 11 1 20 7 16 20 21 11 11 6 15 21 1 1
split_gain=11.6669 6.75069 5.32783 3.26076 2.6781 2.53444 2.23914 2.17075 2.16689 1.88891 1.64761 1.50444 1.43803 1.38992 2.01306 1.84325 1.82177 1.36717 1.36155 1.81603 2.35942 1.33886 1.32971 1.4109 1.30151 1.29349 1.29278 2.02 1.48517 1.3457 1.33412 1.26959 1.26335 1.16693 1.73373 1.14798 2.12845 1.45029 1.22842 1.12918 1.1168 1.102 1.07944 1.06321 1.05363 1.03234 0.890565 0.886506 0.859352 0.842532 1.59665 0.9444 0.835551 1.13214 0.810259 0.803186 0.792585 0.769357 0.753363 1.23385 1.10297 0.932097
threshold=2.5000000000000004 32.205263157894741 1.2307666540406972 0 72.500000000000014 1.66669913429019 1 2 3 4 2073.4100000000003 5 363.92500000000007 1552.8850000000002 2.0000022027984357 6 7 1.4736827688680629 2087.3300000000004 5.5000000000000009 2.1343281833992349 8.5000000000000018 0.81103141465805295 1.1647781258883991 133.50000000000003 2.2843268105618089 8 9 10 0.65639299585569477 720.80000000000018 661.34500000000014 11 12 820.81500000000017 5.5000000000000009 57.500000000000007 1.5801999278765089 1137.1200000000001 58.500000000000007 1.1428541970209334 13 141.50000000000003 121.50000000000001 2.5000000000000004 14 1734.8500000000001 1190.3900000000003 2618.6700000000005 15 44.500000000000007 514.58500000000015 2.1352151198721363 16.500000000000004 46.690476190476197 1060.5150000000001 5576.670000000001 2012.74 5.5000000000000009 88.944444444444457 16 17
decision_type=2 2 2 9 2 2 9 9 9 9 2 9 2 2 2 9 9 2 2 2 2 2 2 2 2 2 9 9 9 2 2 2 9 9 2 2 2 2 2 2 2 9 2 2 2 9 2 2 2 9 2 2 2 2 2 2 2 2 2 2 9 9
left_child=2 9 3 10 26 6 58 18 17 52 22 24 -10 14 15 -9 41 21 19 20 -7 -3 -1 55 -6 -16 28 30 39 -29 -28 -21 -26 34 -13 37 -37 46 -39 -5 49 -15 47 -35 -44 48 -8 -20 -14 50 -12 -51 -2 -54 56 -24 -47 -56 59 60 -4 -60
right_child=1 8 5 4 11 7 35 13 12 -11 40 33 45 16 25 -17 -18 -19 42 31 -22 -23 23 -25 32 -27 27 29 -30 -31 -32 -33 -34 43 -36 36 -38 38 -40 -41 -42 -43 44 -45 -46 54 -48 -49 -50 51 -52 -53 53 -55 57 -57 -58 -59 61 -61 -62 -63
leaf_value=0.0036559349409667876 -0.56610144692966891 0.25832471065663543 -0.70674950666408598 0.12172672577174826 -0.47078679117088673 0.013521258233679135 0.064433653328295301 -0.19729513689479072 -0.21946062973890293 -0.3853623831895478 0.95544931883407358 1.9622749153023946 0.73411572761306665 0.23238081062966282 -0.51703810550454132 0.63445581683028573 -0.80775543839590869 -0.13321005962377938 -0.74324410157212528 0.38174398236079238 0.79602520040499491 -0.4112340885937002 0.56421604931103464 -1.4319687899464044 -0.26540587113738673 -0.015928876540118608 -0.35576133282519395 -0.065876280059627937 -0.30324760765905839 -0.76236353715969385 0.14665613031768795 0.28597723120319574 0.46900274895234734 0.20989956155972678 -0.23379943867380748 0.53566140814952767 -0.011567556219504383 0.10548994420105338 -0.41311844974556067 -0.51925567583644827 0.21940105244748784 -0.54468017510109912 1.3960017932183746 -0.13028727936630702 -0.76621522896554672 0.34454269771628676 -0.83499894258142282 0.8715736454312748 -0.10267693765646123 -0.56994663541026014 -0.11056061009213886 -0.012574889804390567 0.71076012478386064 -0.59193357033164262 1.2214321893348261 1.0424115759856505 0.020864542162154633 -0.24920018320547027 0.32255383973575358 -0.094076731678497977 -0.26578394852610804 -0.12730257284016985
leaf_weight=122 621 41 380 260 1047 3460 60 118 220 672 25 72 43 334 116 246 726 880 575 67 2686 623 52 28 316 4537 458 86 373 456 84 112 238 612 865 130 207 1060 425 73 80 202 199 473 45 82 144 91 258 116 185 148 20 27 38 85 56 102 114 594 894 329
leaf_count=122 621 41 380 260 1047 3460 60 118 220 672 25 72 43 334 116 246 726 880 575 67 2686 623 52 28 316 4537 458 86 373 456 84 112 238 612 865 130 207 1060 425 73 80 202 199 473 45 82 144 91 258 116 185 148 20 27 38 85 56 102 114 594 894 329
internal_value=-0.000901371 -0.00352347 -0.000498279 -0.00175404 -0.00220466 -5.53097e-05 -0.00110887 0.000279278 -0.0018702 -0.00636634 0.00109778 -0.00140306 0.000200123 -0.000395343 -1.24502e-05 0.00354223 -0.00187747 -0.0029544 0.00087093 0.00113582 0.000979834 -0.00472264 0.00418103 0.00706845 -0.00254802 -0.000303372 -0.00380647 -0.00492252 -0.00191238 -0.00716216 -0.00247748 0.00611264 -0.000493716 -0.000454545 -0.00175 8.58264e-05 0.00275735 -0.000421099 9.24059e-05 0.000397399 -0.00040395 0.000273224 -0.000903614 0.000626138 0.00182186 0.00156787 -0.00434783 -0.00198057 -0.00035828 -0.00141509 0.000784753 -0.0032491 -0.00837004 -0.00075 0.00369416 0.00919643 0.00656028 0.000699301 -0.0021676 -0.00261892 -0.00350431 -0.000196188
internal_weight=27788 3683 24105 6254 5413 17851 4337 13514 2343 1340 841 3623 799 6279 5017 364 1262 1544 7235 6325 6146 664 287 165 1601 4653 1790 1084 706 542 542 179 554 2022 937 2026 337 1689 1485 333 554 536 910 1085 244 579 204 666 301 474 210 264 668 47 278 137 138 140 2311 1868 1274 443
internal_count=27788 3683 24105 6254 5413 17851 4337 13514 2343 1340 841 3623 799 6279 5017 364 1262 1544 7235 6325 6146 664 287 165 1601 4653 1790 1084 706 542 542 179 554 2022 937 2026 337 1689 1485 333 554 536 910 1085 244 579 204 666 301 474 210 264 668 47 278 137 138 140 2311 1868 1274 443
cat_boundaries=0 2 4 6 8 10 12 14 16 17 19 21 22 23 24 25 27 29 31
cat_threshold=55206224 1056800 2770960742 303719 2114463526 1557274 607655219 267136 33591371 262913 612635174 825422 32841 1152 2155970625 525440 24 545522703 279043 2684358688 4226 13 38 22 33849480 20987984 1048608 17334626 32771 524384 514
is_linear=0
shrinkage=0.05


Tree=66
num_leaves=63
num_cat=21
split_feature=15 17 1 2 1 2 5 1 16 1 1 1 5 14 21 10 17 21 8 22 2 14 4 18 18 2 18 17 17 8 15 8 1 8 1 4 15 16 8 5 10 4 22 18 16 17 1 10 18 18 1 5 1 21 1 21 10 4 10 2 22 10
split_gain=10.7947 4.90596 3.98025 3.20263 2.85082 2.72853 2.61667 2.50055 2.14157 1.95368 1.91077 1.81655 1.77853 4.26305 2.03925 1.7386 1.66279 2.5496 1.47158 1.42809 1.59134 1.31583 1.41387 1.29085 1.22133 1.15642 1.47943 1.21639 1.56626 1.15374 1.14719 2.15903 1.14443 1.12601 1.08658 1.0246 1.14744 1.01882 1.01323 1.0024 0.999688 0.993454 0.990467 1.10223 1.19918 0.967222 1.1588 0.914656 0.90582 0.888381 0.882383 0.881484 0.869003 0.868784 0.82471 1.34002 0.848908 0.824144 0.806718 0.794137 0.776584 0.768708
threshold=10.500000000000002 1.6628390375128872 0 1 2 3 189.50000000000003 4 1.6922406931495568 5 6 7 167.50000000000003 2.5000000000000004 330.25000000000006 862.8850000000001 2.6666706987621476 86.354166666666671 310.62500000000006 10.05749702890652 8 1.5000000000000002 9 1.3792499246489391 2.9462179617441135 10 0.78801918720969344 2.5203289142381737 3.309924417575453 184.98000000000002 12.500000000000002 890.53500000000008 11 230.29000000000002 12 13 4.5000000000000009 1.5289560855403375 149.98500000000004 43.500000000000007 1440.2400000000005 14 12.480270107142848 1.5440072210826827 1.8351521672506983 1.2917813612966189 15 1914.2050000000004 1.3260867236708196 0.19722956925402144 16 353.50000000000006 17 35.159663865546229 18 91.866071428571445 2934.2850000000003 19 1966.4550000000004 20 15.550740336534847 1017.1400000000001
decision_type=2 2 9 1 9 1 2 9 2 9 9 9 2 2 2 2 2 2 2 2 1 2 9 2 2 1 2 2 2 2 2 2 9 2 9 9 2 2 2 2 2 9 2 2 2 2 9 2 2 2 9 2 9 2 9 2 2 9 2 1 2 2
left_child=1 2 6 11 8 -2 9 15 19 18 49 45 13 14 -12 39 34 -18 29 33 60 22 -9 -17 41 26 52 32 -29 -1 31 38 -27 -3 -14 61 -37 -20 -7 -5 -23 -11 -33 -44 -45 46 -4 -26 -28 -6 -35 59 -10 -15 55 56 -8 -22 -47 -51 -21 -13
right_child=5 4 3 7 10 30 54 21 25 24 12 35 16 53 -16 23 17 -19 37 20 57 40 -24 -25 47 27 48 28 -30 -31 -32 42 -34 50 -36 36 -38 -39 -40 -41 -42 -43 43 44 -46 58 -48 -49 -50 51 -52 -53 -54 -55 -56 -57 -58 -59 -60 -61 -62 -63
leaf_value=-0.25519526529332154 0.018880575423459958 0.10817792813018041 -0.58499689056481707 -0.18100299289924726 -1.1479503862689719 0.12521945641758078 -0.33450562526390049 0.13932356037770149 -0.59875405246670543 -0.031489651157032304 -0.031279832132634765 0.21197966829060705 0.16300062373358665 -0.9108476884947202 3.8606302902059713 -0.24579909414868908 1.4775474798462598 -0.3521303457398805 -0.18536961280207651 0.2659441090997417 -0.81181538312779411 -0.072905150295998131 -0.26252601000675996 0.1605002546393596 -0.60440050736713147 -0.04153133330178669 1.3383698704048783 2.4310200855514519 -0.25597108297921095 -0.76915237545925619 -0.57182051847935478 -0.45321216583796836 -0.73036424908455622 -0.075959373602006872 -0.026857216539086792 -0.050226390300289837 0.23419968972559177 0.08321906318746955 -0.53097254426175988 1.1349363438653222 -0.29114641115040046 -0.53095715846313174 -0.41920455743238627 0.42805766829501457 -0.10785408531211829 0.26517693329198233 -0.026106600587117158 0.67033678291316878 -0.03621757619996737 1.4219866735781936 -0.82742243002847116 -2.0090830665746964 0.67194500649844935 -0.39176046081415505 -0.41392962566905411 0.44848630542573747 0.31939188609591601 -0.41343537203718184 -0.17260203319565515 0.38173222369076093 0.016976153452391431 0.39102773119719814
leaf_weight=342 170 78 168 40 120 27 337 432 226 210 4930 181 652 311 115 473 864 260 345 27 158 314 1831 318 21 364 163 113 588 215 454 35 411 106 2104 461 305 1254 268 246 911 919 22 42 31 246 288 55 60 380 319 35 298 339 1690 114 30 182 125 1156 117 392
leaf_count=342 170 78 168 40 120 27 337 432 226 210 4930 181 652 311 115 473 864 260 345 27 158 314 1831 318 21 364 163 113 588 215 454 35 411 106 2104 461 305 1254 268 246 911 919 22 42 31 246 288 55 60 380 319 35 298 339 1690 114 30 182 125 1156 117 392
internal_value=-0.00088338 -0.000685719 -0.00142161 -0.000591266 -5.87057e-05 -0.00585789 -0.00241659 -0.00134611 -0.00137294 -0.00151977 0.000312528 0.000975218 3.25928e-05 -0.000524307 -2.22861e-05 0.000722477 0.000862735 0.00248447 -0.000576302 -0.00332071 -0.00123203 -0.00199943 -0.00125221 -0.000425063 -0.00313013 -0.000488544 0.00106908 -0.0013096 0.00012429 -0.00279018 -0.00693666 -0.00481893 -0.00268316 -0.00521245 0.000181225 0.00211723 0.000802311 0.000163858 -0.00717282 0.00406574 -0.00334894 -0.00358878 0.00018797 0.00318878 0.00641447 -0.000818452 -0.00239651 0.00253165 0.00448009 0.00185593 -0.00622079 0.00219981 -0.00028463 -0.00432619 -0.0037891 -0.00164474 -0.00320946 -0.00311615 0.000969251 0.00240416 0.00286624 0.00373294
internal_weight=27788 26739 12263 6731 14476 1049 5532 4565 3210 3361 11266 2166 9575 5695 5045 1077 3880 1124 2156 987 484 3488 2263 791 1205 2223 747 1476 701 557 879 425 775 503 2756 1339 766 1599 295 286 1225 1129 130 95 73 827 456 76 223 1691 425 1571 524 650 2171 481 367 340 371 1536 144 573
internal_count=27788 26739 12263 6731 14476 1049 5532 4565 3210 3361 11266 2166 9575 5695 5045 1077 3880 1124 2156 987 484 3488 2263 791 1205 2223 747 1476 701 557 879 425 775 503 2756 1339 766 1599 295 286 1225 1129 130 95 73 827 456 76 223 1691 425 1571 524 650 2171 481 367 340 371 1536 144 573
cat_boundaries=0 2 3 5 6 8 10 12 14 15 16 17 19 21 22 23 25 27 29 31 32 33
cat_threshold=2964730884 776512 780 1160876354 1322359 1544 1330135058 1048628 815931392 245760 276832260 245760 33603603 566 644 16 2216 1085440 270369 2181169184 4608 24 16 33554448 52 70258688 9216 17830144 263204 2148799488 131072 12 56
is_linear=0
shrinkage=0.05


Tree=67
num_leaves=63
num_cat=20
split_feature=17 20 16 13 1 1 2 1 1 1 16 2 20 1 2 8 2 16 18 1 2 8 2 17 18 2 21 4 18 1 11 2 17 2 22 10 5 21 21 8 22 22 5 11 5 21 8 1 10 18 20 18 10 8 2 10 8 8 5 20 8 8
split_gain=7.2187 6.22446 4.76655 2.96653 3.09817 2.87275 2.83541 2.34699 2.09801 2.07036 1.86951 2.17203 1.76327 2.23971 2.03157 1.72919 1.79658 1.72856 2.27747 1.71327 2.34004 1.57552 1.55797 1.77632 1.55545 1.54741 1.59299 1.49844 2.73034 1.85716 2.35357 1.48059 1.86277 1.37489 1.47453 1.36645 1.33374 1.3286 1.32851 1.31053 1.94423 1.52402 2.06745 1.25858 1.23433 1.22597 1.20438 1.16925 1.16323 1.38214 1.15664 1.09532 1.31547 1.08734 1.07062 1.19998 1.05022 1.03502 0.979081 0.968611 1.45992 0.921342
threshold=1.2307666540406972 72.500000000000014 1.0259301214029921 1.5000000000000002 0 1 2 3 4 5 2.4503731760357819 6 352.50000000000006 7 8 792.58000000000015 9 1.1133986672467178 1.4502568462341219 10 11 579.09500000000014 12 1.6524209133969545 1.7425195221130667 13 34.341666666666676 14 1.7425195221130667 15 1781.2450000000001 16 9.1745580614818326e-06 17 67.914276660777759 425.72000000000003 78.500000000000014 122.10000000000001 35.845238095238102 480.17000000000002 27.876000913509749 29.701290524060305 305.00000000000006 1963.8350000000003 308.50000000000006 37.025000000000006 1695.5700000000004 18 1121.4950000000001 1.4641558201346572 150.50000000000003 0.55781739177372358 509.37000000000006 394.40000000000003 19 636.1500000000002 1197.1250000000002 945.40500000000009 327.50000000000006 104.50000000000001 521.99000000000012 273.03500000000008
decision_type=2 2 2 2 9 9 1 9 9 9 2 1 2 9 1 2 1 2 2 9 1 2 1 2 2 1 2 9 2 9 2 1 2 1 2 2 2 2 2 2 2 2 2 2 2 2 2 9 2 2 2 2 2 2 1 2 2 2 2 2 2 2
left_child=1 6 5 12 44 54 8 33 39 35 25 24 17 14 21 16 -15 18 36 46 -21 -14 23 -7 -12 26 -6 31 29 -29 -31 32 -9 47 -35 -8 -4 -30 -37 40 45 42 -41 -34 -5 -1 -19 59 51 -50 61 52 -11 -25 -2 -56 -27 -40 -42 -3 -61 -36
right_child=2 7 3 4 10 22 9 27 -10 48 11 -13 13 15 -16 -17 -18 19 -20 20 -22 -23 -24 53 -26 56 -28 28 37 30 -32 -33 43 34 50 38 -38 -39 57 41 58 -43 -44 -45 -46 -47 -48 -49 49 -51 -52 -53 -54 -55 55 -57 -58 -59 -60 60 -62 -63
leaf_value=0.14840348570745052 -0.45477693138882958 -0.45484930281068298 -0.58304843336223655 -0.71502238487448144 -0.40435002003332454 -0.46882885508300226 -0.098855634082691157 -0.62986878042744088 -0.34937688620955759 0.010831010209779635 0.62184187453187079 -0.15926317685499997 4.3334581615588723 -1.3668480148902333 -0.79719180268065637 2.6393134987392979 3.1285389758087607 -0.15368923718955474 -0.14118846195614054 0.12943243214684089 -0.05068382851712059 -0.24707884370382516 -0.61966797189590628 -0.038310960578191638 2.4683030845327938 -0.74991161846487631 0.082484700518402315 -0.12059890356893277 0.621227094212361 1.9216555813706113 -0.10162988918695942 -0.24091191308388249 0.7376036075857737 -0.42878783158722772 -1.0581525976590118 -0.47926166398367731 0.97845286184156199 -1.3784244705740651 -0.55971116759204553 0.72180041417535834 -0.54398736117427615 -0.68175207521328174 0.22850648656044159 -0.013771114290861419 0.035061754737203459 -0.46656743348274632 0.95969277873590786 -0.66238775075087575 -0.53516500672651401 -0.13917400245008987 1.104102923435611 0.20289044069663281 -0.88914495800727955 0.24262078921965655 0.86176993244360711 0.028698477595922523 -0.010154067095767428 -0.079313283678222754 0.88622414386087167 0.27931855861901483 2.6013436824085674 0.49448909443029021
leaf_weight=43 245 76 29 434 176 90 90 61 302 92 260 511 57 115 263 202 155 3189 93 5355 6992 67 848 104 29 278 302 623 187 180 226 517 182 1413 27 403 128 26 666 28 21 22 100 257 42 76 113 156 341 478 32 143 41 49 48 308 110 127 23 141 48 48
leaf_count=43 245 76 29 434 176 90 90 61 302 92 260 511 57 115 263 202 155 3189 93 5355 6992 67 848 104 29 278 302 623 187 180 226 517 182 1413 27 403 128 26 666 28 21 22 100 257 42 76 113 156 341 478 32 143 41 49 48 308 110 127 23 141 48 48
internal_value=-0.000858192 -0.00222253 -0.000378733 -0.000148125 -0.00189977 -0.00292035 -0.00396799 -0.000963597 -0.000776274 -0.00474624 -0.00081894 0.000871731 7.30863e-05 0.00227668 -0.00046875 0.00453608 0.00173993 -4.32336e-05 0.00405138 -0.000112605 0.000154733 0.00437956 -0.00442708 -0.000537109 0.00426325 -0.00244534 -0.000356415 0.000115537 0.00129482 0.000181686 0.0028043 -0.00127427 0.000584795 -0.0022326 -0.00293542 -0.00617783 0.00773438 0.00642361 -0.00667223 0.00195552 -0.000828313 0.00539216 0.00763359 0.00183824 -0.00541922 -0.00440574 -0.00112368 0.000201613 -0.00296706 -0.00393856 0.00238636 0 -0.00340074 0.00248397 -2.03583e-05 0.00162602 -0.00473815 -0.00529209 0.00744681 0.00229317 0.00436198 -0.000480769
internal_weight=27788 7196 20592 18900 2142 1692 2996 4200 615 2381 1666 800 16758 859 387 472 270 15899 250 15649 12347 124 1091 243 289 866 478 2259 1242 1029 406 1017 500 1941 1520 1286 157 213 1196 313 163 150 128 439 476 119 3302 421 1095 819 107 276 133 153 601 356 388 793 44 265 189 75
internal_count=27788 7196 20592 18900 2142 1692 2996 4200 615 2381 1666 800 16758 859 387 472 270 15899 250 15649 12347 124 1091 243 289 866 478 2259 1242 1029 406 1017 500 1941 1520 1286 157 213 1196 313 163 150 128 439 476 119 3302 421 1095 819 107 276 133 153 601 356 388 793 44 265 189 75
cat_boundaries=0 2 4 5 7 9 11 12 14 15 16 18 19 20 21 22 24 25 26 28 29
cat_threshold=2184217712 385 2190622781 86194 524 2760119302 1874510 538968292 262785 1086183 365315 1480 2787397634 327809 2073 2201 17028205 1584484 812 529 2892 6 35651976 90257 1330 96 2684354564 36864 412
is_linear=0
shrinkage=0.05


Tree=68
num_leaves=63
num_cat=12
split_feature=14 17 17 5 1 20 1 16 22 19 1 1 20 1 23 17 7 5 20 7 19 5 17 1 16 17 20 10 1 20 19 1 16 20 1 5 23 6 1 18 9 1 5 5 7 16 7 9 9 10 1 5 20 7 5 5 7 7 18 22 18 7
split_gain=9.44426 4.41079 3.92813 4.10519 2.92197 2.19301 2.14098 2.13791 2.08561 2.12965 2.00683 1.7883 2.02992 1.63536 1.43321 2.69391 2.199 1.41384 2.31598 1.38348 1.25545 2.27985 1.75625 1.41286 1.21631 1.76824 1.23599 1.25719 1.17371 1.173 1.1555 1.95625 1.26879 1.59204 1.3109 1.12996 1.10698 1.09978 1.06429 1.31844 1.28663 1.04335 1.0021 1.02568 1.09351 0.996076 1.52456 1.06645 0.97641 1.08889 0.950913 1.00869 0.96772 0.939264 0.925001 0.914201 1.46516 0.901378 0.809894 0.798038 0.788122 0.771523
threshold=2.5000000000000004 1.2307666540406972 1.3598411847406686 164.50000000000003 0 93.500000000000014 1 1.66669913429019 35.30416301045949 2759.3100000000004 2 3 48.500000000000007 4 10.500000000000002 1.9393995071030297 828.23500000000013 263.50000000000006 84.500000000000014 2014.8650000000002 2087.3300000000004 82.500000000000014 2.1207550941459945 5 2.0593101760058823 1.5279989436891468 35.500000000000007 1667.47 6 510.50000000000006 1552.8850000000002 7 2.0000022027984357 160.50000000000003 8 97.500000000000014 18.500000000000004 1376.8900000000001 9 0.30118715912880994 905.59000000000003 10 81.500000000000014 350.50000000000006 453.93500000000006 0.36811305843325343 500.12500000000006 448.24000000000001 1408.4750000000001 2448.4450000000006 11 189.50000000000003 203.50000000000003 1446.9900000000002 111.50000000000001 143.50000000000003 360.12500000000006 1240.0450000000003 0.93202682965792805 27.533615757874632 0.58161153584559588 1240.0450000000003
decision_type=2 2 2 2 9 2 9 2 2 2 9 9 2 9 2 2 2 2 2 2 2 2 2 9 2 2 2 2 9 2 2 9 2 2 9 2 2 2 9 2 2 9 2 2 2 2 2 2 2 2 9 2 2 2 2 2 2 2 2 2 2 2
left_child=1 4 6 24 8 28 36 10 9 38 17 14 -13 20 15 -5 -17 18 54 50 22 57 23 -9 26 -26 60 35 -6 -24 32 -32 34 -34 -15 -28 -2 -19 40 -40 -1 -10 -12 44 -44 47 -47 -30 -14 -50 52 -52 -7 -29 -3 -43 -57 -22 -20 -27 -4 -39
right_child=2 7 3 11 5 19 -8 13 41 -11 42 12 48 30 -16 16 -18 37 58 -21 21 -23 29 -25 25 59 27 53 45 -31 31 -33 33 -35 -36 -37 -38 61 39 -41 -42 55 43 -45 -46 46 -48 -49 49 -51 51 -53 -54 -55 -56 56 -58 -59 -60 -61 -62 -63
leaf_value=-0.44739920876167516 -0.38984713383630026 -0.46248730836793972 -0.85304308411956586 -0.22567234394258115 -0.5058572442915571 -0.59547553437172529 -0.16960369022609856 -0.056131387837703529 0.024520968926675126 0.8705193267785426 -0.24722626408354689 -0.18809256760424359 -0.1963168419145811 -0.20343447161186196 0.22820139788647076 0.51412714256054826 -0.24825513782638914 0.17874468036948399 0.93449030938408628 0.50011971576147729 -1.1436130484533409 0.23533001025372685 0.69949365130497831 0.24691859504105623 0.96528573387331384 -0.84115196986642793 0.47568564518003653 -0.38893804069778215 -0.32129015507927461 4.4971235061494017 -1.1080331572419555 -0.056377150246984802 -0.13685804869502222 0.18221972565498135 0.51877107992606641 -0.21097981101687413 -0.54128073757007145 -0.52004687597775712 6.1864290286163302 -0.053581416688013667 0.10056016463829308 0.47587666765210063 -0.027076903876518801 -1.0963061609554605 0.19348481270522805 -0.41347960042560872 -0.1072685842852219 0.2976360249740907 1.5893099358702474 0.15833063406264891 -0.0087660770483381622 -0.25348626023040649 0.35895974477397774 0.65465689915487746 -0.099016829646299709 -0.031693972850251842 1.062520546577401 0.20258899075702638 0.092560133308848519 0.50363864317037821 -0.56349099546363079 0.22918378358071154
leaf_weight=208 473 729 187 160 475 317 535 2181 113 35 402 484 46 118 99 172 48 62 87 23 277 564 2479 1177 20 97 66 245 176 105 366 977 2904 2060 268 100 306 406 27 413 62 89 745 44 739 859 644 105 20 50 1501 1062 61 24 1001 21 63 38 88 49 502 34
leaf_count=208 473 729 187 160 475 317 535 2181 113 35 402 484 46 118 99 172 48 62 87 23 277 564 2479 1177 20 97 66 245 176 105 366 977 2904 2060 268 100 306 406 27 413 62 89 745 44 739 859 644 105 20 50 1501 1062 61 24 1001 21 63 38 88 49 502 34
internal_value=-0.000838401 -0.000475465 -0.00319791 -0.00194456 -0.00161819 -0.00209845 -0.00541002 -7.21127e-05 0.000778257 -0.000551471 -0.00103975 0.000288817 -0.00146819 0.000234889 0.00256606 0.00104439 0.00470852 -0.00199897 -0.00134303 -0.00117964 0.000781021 -0.000949546 0.0010471 0.000275216 -0.00384764 0 -0.00443656 -0.00214041 -0.00328802 0.00202938 -0.000315016 -0.00162519 4.67028e-06 -0.000201329 0.0027635 0.0010355 -0.00711806 -0.00440594 -0.00122721 0.000220751 -0.00362191 0.00441176 0.000141534 0.000751143 0.00100874 -0.00258765 -0.00311255 0 0.00420168 0.00787671 -0.00129501 -0.000907415 -0.0036445 -0.0042739 -0.00191864 0.00665323 0.0109195 -0.00436321 0.00400281 -0.00184564 -0.00579841 -0.00530474
internal_weight=27788 24105 3683 2369 6254 5223 1314 17851 1031 745 4337 1079 600 13514 479 380 220 2407 1905 2964 6821 879 5942 3358 1290 166 1124 435 2259 2584 6693 1343 5350 4964 386 166 779 502 710 440 270 286 1930 1528 1484 1784 1503 281 116 70 2941 2563 378 269 1730 173 84 315 175 146 689 440
internal_count=27788 24105 3683 2369 6254 5223 1314 17851 1031 745 4337 1079 600 13514 479 380 220 2407 1905 2964 6821 879 5942 3358 1290 166 1124 435 2259 2584 6693 1343 5350 4964 386 166 779 502 710 440 270 286 1930 1528 1484 1784 1503 281 116 70 2941 2563 378 269 1730 173 84 315 175 146 689 440
cat_boundaries=0 2 4 6 8 10 12 14 16 18 20 22 24
cat_threshold=55263569 1056800 570462315 4352 2804515174 303719 538574941 36880 2114528806 508682 537470500 147712 3440644 643328 19927320 12289 32841 1152 33751120 1048576 131073 1048608 10498050 294926
is_linear=0
shrinkage=0.05


Tree=69
num_leaves=63
num_cat=15
split_feature=15 14 5 8 1 10 6 1 1 2 2 1 11 1 15 1 9 4 2 8 22 5 20 6 1 19 20 9 2 8 16 10 11 4 1 5 20 19 16 5 5 15 1 6 16 20 20 20 11 22 11 8 19 5 16 5 5 9 9 5 5 19
split_gain=9.91699 3.72724 3.10597 2.53405 3.48095 3.06976 2.62703 4.18949 2.52905 2.55595 1.88323 1.80869 1.55816 2.04207 2.85756 1.83331 1.82047 1.46785 1.41728 1.40887 1.28889 1.27972 1.2987 1.22833 1.12037 1.09729 1.0449 1.0344 1.34074 0.963022 1.46569 0.929661 1.75658 0.980343 0.907732 0.84157 0.839598 0.787979 0.741217 0.948472 0.732157 0.886595 0.756101 0.713357 0.698756 0.646107 0.622731 0.593675 1.22379 0.657054 0.582868 0.537778 0.517768 0.510146 0.504558 0.462772 0.437845 0.384578 0.351283 0.25733 0.20462 0.197324
threshold=12.500000000000002 2.5000000000000004 165.50000000000003 936.6500000000002 0 2388.3750000000005 2012.74 1 2 3 4 5 2760.8600000000006 6 5.5000000000000009 7 1030.9900000000002 8 9 828.86000000000013 53.904514118182625 210.50000000000003 51.500000000000007 1734.8500000000001 10 1108.5800000000002 13.500000000000002 1725.3200000000004 11 360.12500000000006 1.4353746446557449 799.79000000000008 1622.0500000000002 12 13 109.50000000000001 108.50000000000001 53.954999999999707 2.1014742071048125 60.500000000000007 18.500000000000004 2.5000000000000004 14 4774.3700000000017 1.1509510655016586 34.500000000000007 26.500000000000004 35.500000000000007 2565.0300000000002 17.837694164747877 1060.5150000000001 681.22000000000014 981.42500000000007 39.500000000000007 0.82859710586006718 126.50000000000001 308.50000000000006 681.25000000000023 1322.7350000000004 118.50000000000001 139.50000000000003 354.43500000000023
decision_type=2 2 2 2 9 2 2 9 9 1 1 9 2 9 2 9 2 9 1 2 2 2 2 2 9 2 2 2 1 2 2 2 2 9 9 2 2 2 2 2 2 2 9 2 2 2 2 2 2 2 2 2 2 2 2 2 2 2 2 2 2 2
left_child=1 3 24 5 40 6 7 26 19 -10 -9 17 15 18 -15 16 -6 54 -14 -8 27 22 -19 -17 38 29 -1 36 -29 35 -31 61 46 -34 44 -26 -7 -23 47 -40 41 52 43 -42 45 -2 -33 49 -49 -3 -44 -22 -5 -27 -4 -41 -56 -36 -43 -46 -55 -13
right_child=34 2 11 4 12 20 8 10 9 -11 -12 31 13 14 -16 23 -18 21 -20 -21 51 37 -24 -25 25 53 -28 28 -30 30 -32 32 33 -35 57 -37 -38 -39 39 55 42 58 50 -45 59 -47 -48 48 -50 -51 -52 -53 -54 60 56 -57 -58 -59 -60 -61 -62 -63
leaf_value=2.2547678871345256 0.33330822336300248 -0.69267023624743773 -0.010296583810504424 -3.0772578383664007 2.8980155345766314 -0.49172924524941686 0.014605131962981589 -0.37010594290814325 -0.03751248637713403 -0.24106159821365625 0.0036074993088561769 -0.66492866845192244 0.051978143497838407 0.040161213658014817 0.56546069055873471 -0.86615913269350253 1.172982158501511 0.066022563614177271 -0.24464810429369896 1.3101955296702941 -1.1364000667536593 -0.0097986247206556243 1.3362791487730519 0.41222814743449449 0.3615355794849846 0.018527779417862791 0.36352389712085298 0.29831918947424685 -0.50657403498301823 -0.3722213092426408 0.029603570284559136 -0.08751167787679269 -0.24888787552174865 0.016134182836952872 -0.35698815038977172 -0.55408172270593103 0.66945467753773191 -0.52439061204021087 -0.82795343140261712 0.70131960045859998 -0.075687476118779892 3.9978113924706182 0.8372962125689537 -0.52561241352349486 -0.53961596797402256 -0.47300288598564405 0.38797260468213324 0.048741489976296216 -0.4450440199617049 -0.48160596803814948 -0.57770264951759598 1.8382216425285733 0.82935410866517079 -0.74307908219825025 0.21700690218125179 -0.8211515698641858 0.39134058086194018 -0.48463012004444722 0.54899210021233313 -0.13375926743843572 -0.29390103041029986 -0.69116034224376233
leaf_weight=171 20 282 24 23 76 472 1485 1171 3713 5669 3198 24 582 653 135 173 454 238 766 128 20 193 21 1607 64 21 1569 113 119 266 256 22 375 212 31 30 34 113 23 55 1014 29 30 121 32 20 45 128 167 243 497 22 20 127 72 26 24 401 24 33 24 88
leaf_count=171 20 282 24 23 76 472 1485 1171 3713 5669 3198 24 582 653 135 173 454 238 766 128 20 193 21 1607 64 21 1569 113 119 266 256 22 375 212 31 30 34 113 23 55 1014 29 30 121 32 20 45 128 167 243 497 22 20 127 72 26 24 401 24 33 24 88
internal_value=-0.000804217 -0.000669168 -0.00228601 -0.000454527 0.000410826 -0.000757533 -0.000613784 0.000210651 -0.00107633 -0.0013917 -0.000607599 -0.000541609 0.00116057 0.000163628 0.00218477 0.00206442 0.00465009 0.00127149 -0.000991918 0.00073032 -0.00383142 6.48789e-05 0.00271947 0.00122699 -0.00373178 -0.00212235 0.0022818 -0.00435223 -0.0012766 -0.00105008 -0.00195238 -0.00221438 -0.00140791 -0.00235169 -0.00752315 0.00335052 -0.00564833 -0.00202265 -0.00496265 -0.00046729 -0.00145398 0.00252525 -0.00172673 -0.000903746 -0.00180085 0.00232558 0.00589286 -0.00552855 -0.00331376 -0.00665246 -0.00331019 0.00388889 -0.00190217 -0.00571429 0.00601504 0.0016369 0.00808081 -0.00853933 0.00691964 -0.00533088 -0.00673701 -0.00652174
internal_weight=27788 27251 3163 24088 6204 17884 17104 6109 10995 9382 4369 1451 4446 2136 788 2310 530 685 1348 1613 780 565 259 1780 1712 788 1740 738 232 616 522 766 654 587 537 94 506 306 924 104 1758 96 1662 1135 105 40 67 820 295 525 527 42 43 172 120 81 96 432 53 65 151 112
internal_count=27788 27251 3163 24088 6204 17884 17104 6109 10995 9382 4369 1451 4446 2136 788 2310 530 685 1348 1613 780 565 259 1780 1712 788 1740 738 232 616 522 766 654 587 537 94 506 306 924 104 1758 96 1662 1135 105 40 67 820 295 525 527 42 43 172 120 81 96 432 53 65 151 112
cat_boundaries=0 2 4 6 7 8 10 12 14 15 16 18 19 20 22 24
cat_threshold=3222471771 595322 2437956818 230520 1208125195 1254400 864 2113 2685272089 49808 831275396 16385 164126976 278529 16 234 536876137 263040 2738 21 132 262272 2147549209 65880
is_linear=0
shrinkage=0.05


Tree=70
num_leaves=61
num_cat=7
split_feature=15 17 16 14 16 17 16 2 2 22 2 10 8 8 15 6 17 10 18 2 16 17 15 2 2 22 18 22 8 9 17 9 9 17 6 2 22 18 16 16 21 21 18 9 16 9 18 15 16 18 16 8 17 8 6 16 17 18 17 17
split_gain=9.79448 3.90904 3.60901 2.18025 1.96475 2.1649 2.06294 2.1567 1.93838 1.77135 1.34831 1.24016 1.28114 1.35748 1.21106 1.19595 1.3198 1.17545 1.07567 1.05345 1.04145 1.02362 2.43482 2.08867 1.08416 1.06683 1.04768 1.02206 1.08936 1.00805 0.924778 1.18336 1.5427 1.12733 0.828129 0.791292 0.78346 1.0262 0.728638 1.10078 0.706732 0.890603 0.657313 1.12013 0.619498 0.590481 0.571138 0.522339 0.514298 0.506054 0.498806 0.471501 0.412019 0.360815 0.271184 0.181437 0.155977 0.145731 0.0395293 0.0202224
threshold=12.500000000000002 1.2307666540406972 1.0259301214029921 1.5000000000000002 1.1133986672467178 1.8945478393962885 1.66669913429019 0 1 9.5626351221128356 2 957.75500000000011 124.83000000000001 445.24000000000007 7.5000000000000009 5898.4900000000007 1.5716950004904213 4538.8900000000012 1.8233818710651302 3 2.1014742071048125 0.81103141465805295 5.5000000000000009 4 5 37.074474514865443 1.17083723175837 64.074435624406419 540.33500000000015 1235.7300000000002 1.5801999278765089 1136.7900000000002 2430.6700000000005 1.3421393462832487 1376.8900000000001 6 5.6715474762848546 1.7241219027281767 0.85719839971562584 1.2568201136553472 166.55000000000004 5.5000000000000009 1.9764497642952248 794.98500000000001 2.1172748031350737 378.3250000000001 0.63547917525297692 8.5000000000000018 0.43708417127081117 1.8233818710651302 0.98673443719012333 92.63000000000001 1.9657073596707784 1901.4150000000002 2012.74 1.8173939678416253 0.68814208961386691 0.70176812379953213 1.5716950004904213 0.87862244342500417
decision_type=2 2 2 2 2 2 2 1 1 2 1 2 2 2 2 2 2 2 2 1 2 2 2 1 1 2 2 2 2 2 2 2 2 2 2 1 2 2 2 2 2 2 2 2 2 2 2 2 2 2 2 2 2 2 2 2 2 2 2 2
left_child=1 3 10 17 5 29 7 34 11 -9 30 51 -13 -14 40 19 -17 21 46 -8 36 23 24 45 -23 -25 -24 28 -22 54 33 52 -33 47 -6 38 -10 -38 -2 -40 41 -12 43 -16 56 -1 -7 -3 -42 -31 -44 -5 -32 -19 -4 -41 -37 -35 -58 -46
right_child=35 2 4 8 6 18 15 9 20 -11 14 12 13 -15 42 16 -18 53 -20 -21 27 22 26 25 -26 -27 -28 -29 -30 49 31 32 -34 57 -36 44 37 -39 39 55 48 -43 50 -45 59 -47 -48 -49 -50 -51 -52 -53 -54 -55 -56 -57 58 -59 -60 -61
leaf_value=-0.12219705746835957 -0.5585509929728778 0.92946158660623146 -0.013652528976048474 0.0038337658187234782 0.029834427550619581 0.83686290023971477 -0.039060902706154012 -0.24153771113422096 0.075611907071471418 0.020349824228969117 -0.079469696841220391 0.35798546073270487 -0.23344245913386885 0.12008816513020158 0.24281738768867137 0.23447743921942321 -0.77856442593879016 0.004087928378386607 -0.43037972707493877 0.073138628428115735 0.18795355919112178 0.011877157756734391 0.29830840446831991 -0.68147721707312037 -0.20111918036647014 -0.083362317079340012 1.3342356295123274 1.2450325051266864 -0.24310806874537347 -0.54917624321528202 0.31078878890554695 0.223379081852913 -0.76834320510529541 -0.037269394207695865 -0.36898408374780201 -0.66015925961578992 -0.4142618515263794 -0.17828460579210309 0.2696794991298081 -0.32800216350263245 -1.2006414725891734 -0.76426240334281814 -0.0024855169332585803 -0.34819059927608625 -0.38597925829974938 0.1303536473711091 1.1555190194198623 -0.39992397269944857 1.3126692766471544 0.0075632331907421252 0.093729576913924362 -0.88616293832391357 -0.5755375941995764 0.72726618689565192 0.50649678246202612 -0.11770424336457418 -0.48410604276170055 -0.63621935038853972 -0.23420880131663654 0.017771928207592057
leaf_weight=761 27 28 20 23 141 50 5424 1173 21 2148 134 26 141 235 38 57 156 21 20 8664 90 1237 55 629 1297 228 66 20 256 39 38 144 45 20 781 24 784 586 37 43 26 698 63 120 20 255 67 21 38 31 31 59 122 22 29 21 325 73 20 20
leaf_count=761 27 28 20 23 141 50 5424 1173 21 2148 134 26 141 235 38 57 156 21 20 8664 90 1237 55 629 1297 228 66 20 256 39 38 144 45 20 781 24 784 586 37 43 26 698 63 120 20 255 67 21 38 31 31 59 122 22 29 21 325 73 20 20
internal_value=-0.000753841 -0.000619634 -0.000270888 -0.00165811 -7.17971e-05 0.0042471 -0.000134793 -0.00110398 -0.00294675 -0.000483653 -0.00251979 0 0.00104938 0.000131926 -0.00344531 0.000149434 -0.00353009 -0.00101388 0.00848214 0.000209353 -0.00370763 -0.00110351 -0.000446764 -0.0020056 -0.000798187 -0.00380747 0.00635081 -0.00115176 -0.0019341 -0.000307377 -0.000173611 0.00110085 0.00384115 -0.00362069 -0.00323529 -0.00743056 -0.00436693 -0.00453387 -0.00248227 -0.000120192 -0.00433815 -0.00473054 -0.000196078 -0.00232919 -0.00856043 -0.000388727 0.0103125 0.00168269 0 -0.00445205 0.00283505 -0.00558824 -0.00184049 0.00679348 0.00456731 -0.00447761 -0.0094422 -0.00690104 -0.00980603 -0.00116279
internal_weight=27788 27251 20439 6812 18800 256 18544 4243 2241 3321 1639 484 402 376 1148 14301 213 4571 137 14088 1757 4528 2655 1873 2534 857 121 366 346 119 491 349 189 142 922 537 1391 1370 128 101 896 832 252 158 409 1016 117 49 64 70 94 82 160 43 49 64 369 93 345 40
internal_count=27788 27251 20439 6812 18800 256 18544 4243 2241 3321 1639 484 402 376 1148 14301 213 4571 137 14088 1757 4528 2655 1873 2534 857 121 366 346 119 491 349 189 142 922 537 1391 1370 128 101 896 832 252 158 409 1016 117 49 64 70 94 82 160 43 49 64 369 93 345 40
cat_boundaries=0 1 2 3 4 5 6 7
cat_threshold=50 524 545 3203 2360 1254 1548
is_linear=0
shrinkage=0.05


Tree=71
num_leaves=61
num_cat=8
split_feature=15 16 5 8 2 6 2 4 16 11 23 16 15 2 10 9 8 11 19 18 6 5 23 15 18 9 19 10 13 18 5 6 7 6 23 5 16 23 9 18 11 2 5 16 5 7 7 16 2 5 11 2 18 18 4 16 9 19 16 23
split_gain=9.84285 3.29802 2.68622 2.6656 2.35652 1.84861 1.83087 1.51712 1.49314 2.58243 1.46421 1.40304 1.3896 2.33328 1.67226 1.32381 1.48129 1.23287 1.56829 1.22513 1.17782 1.08638 1.08373 1.07269 0.999469 0.999184 0.935714 0.913589 0.840527 1.13226 0.995807 0.8316 1.16873 1.0435 0.817858 1.32901 0.953544 0.893069 1.04013 0.813235 0.959721 0.791292 1.22227 0.789648 0.784607 0.774941 0.684274 0.619498 0.577308 0.572049 0.559538 0.531423 0.835879 1.05744 0.449884 0.432282 0.253851 0.248227 0.175398 0.0935845
threshold=12.500000000000002 1.66669913429019 81.500000000000014 300.02500000000003 0 3650.2500000000005 1 2 1.0003485723383589 820.81500000000017 3.5000000000000004 0.74993259477851326 5.5000000000000009 3 1071.7950000000003 363.92500000000013 255.06000000000003 820.81500000000017 3203.3150000000005 2.9462179617441135 1376.8900000000001 60.500000000000007 9.5000000000000018 2.5000000000000004 0.26071242218143881 768.69000000000017 1643.5700000000002 3192.5400000000004 1.5000000000000002 1.0643235193957252 87.500000000000014 3372.3600000000001 358.73000000000008 2012.74 10.500000000000002 38.500000000000007 0.97651475280052769 3.5000000000000004 551.12500000000023 0.14270484724171437 1948.3250000000003 4 214.50000000000003 1.0910660448885474 86.500000000000014 165.35500000000005 85.910000000000011 2.1172748031350737 5 47.500000000000007 2836.1200000000003 6 0.33140027072724992 0.38790454070919994 7 1.8586306573402236 115.37500000000004 2211.3100000000009 1.5184979959193807 17.500000000000004
decision_type=2 2 2 2 1 2 1 9 2 2 2 2 2 1 2 2 2 2 2 2 2 2 2 2 2 2 2 2 2 2 2 2 2 2 2 2 2 2 2 2 2 1 2 2 2 2 2 2 1 2 2 1 2 2 9 2 2 2 2 2
left_child=1 2 34 17 7 6 10 19 9 11 20 -6 14 -14 -8 26 -17 18 24 27 -5 25 -11 -12 48 -7 -10 -4 30 -30 -23 33 -33 -9 35 37 -36 38 -1 57 -41 42 -2 -21 -20 -26 -39 -43 -3 58 -51 52 -19 -54 -27 -53 -57 -37 -38 -44
right_child=41 3 4 5 8 21 12 31 15 22 23 -13 13 -15 -16 16 -18 51 44 43 -22 28 -24 -25 45 54 -28 -29 29 -31 -32 32 -34 -35 36 39 49 46 -40 40 -42 47 59 -45 -46 -47 -48 -49 -50 50 -52 55 53 -55 -56 56 -58 -59 -60 -61
leaf_value=-1.8452780807264049 0.13227531755355512 -1.7436340539727384 -0.061320778893749407 0.54160682833080076 2.7171077675951341 -1.1549866668704909 0.238922368895922 0.12173719041454829 -0.94300969319418793 -0.63404478801117348 -2.1275134662143684 -1.099559797243584 -0.078398049494591865 0.26196967588649828 -0.031728989794328304 0.53860455257329531 -0.093106406384771398 -1.3223075461947393 -0.11315283799239745 -0.22809957274080173 -0.040299519109174758 0.55297326827859983 -0.16487785245619976 -0.10734257785161549 -0.46316663241153794 -0.64480741459671376 0.090885077889852894 -0.73920297696495485 -0.38010906017245083 0.2027082624658994 -0.095279247790319141 0.0041289603102235622 0.28251457466456814 -0.071606517659436625 -0.85296357884092555 1.2388686944502025 -0.29067192406541731 -1.0870290074597921 0.57075723432090197 -0.87408708120596046 -0.18493944336008383 -0.45219207012040141 -0.23974823504305257 0.2127518560681054 5.1366413183810593 0.25539876157992653 -0.058000206687901824 -0.094895505031840438 -0.41215573437992109 0.32945940981249394 -0.22284108394684701 0.081392915844506683 0.70775789633480413 -0.41441190976150682 -0.078241443176331776 -0.4487023455661312 -0.76805828726399283 -0.43838157676572814 -0.63703323460051431 -0.45834521077140655
leaf_weight=45 35 145 790 649 101 97 4203 412 82 684 89 55 319 451 4267 145 2891 37 23 24 3875 79 293 1562 141 111 34 94 186 50 824 193 257 567 65 24 81 33 126 441 442 369 37 37 26 302 345 40 461 45 95 31 26 347 137 26 297 20 69 56
leaf_count=45 35 145 790 649 101 97 4203 412 82 684 89 55 319 451 4267 145 2891 37 23 24 3875 79 293 1562 141 111 34 94 186 50 824 193 257 567 65 24 81 33 126 441 442 369 37 37 26 302 345 40 461 45 95 31 26 347 137 26 297 20 69 56
internal_value=-0.000737649 -0.000603122 -0.00142176 -0.000229828 -0.000943786 -2.88427e-05 0.000130529 0.000303729 -0.00164321 -0.00322403 -0.00053127 0.00251572 0.000578191 0.00261966 0.000386522 -0.00106181 -0.000839092 -0.00202413 -0.000885559 -0.00121347 -5.52242e-05 -0.00171486 -0.00419643 -0.00180623 -0.00134268 -0.00420259 -0.00630252 -0.00174746 -0.000908494 -0.00355649 -0.000151766 0.00134362 0.0031457 0.000470978 -0.00312841 -0.0025355 -0.00541201 -0.000475543 0.00237069 -0.00369624 -0.0040491 -0.00743056 -0.00248227 0.00527344 0.00745192 0.00036435 -0.00190289 -0.00856043 -0.00266831 -0.00383959 -0.00104895 -0.0035854 -0.00195035 -0.00109707 -0.00219124 -0.00510899 -0.00578988 0.00212766 -0.00604575 -0.00585938
internal_weight=27788 27251 8490 18761 6659 16899 15415 2374 4285 1133 6175 156 9240 770 8470 3152 3036 1862 1098 945 4524 1484 977 1651 1049 345 116 884 1139 236 903 1429 450 979 1831 1476 355 549 171 927 883 537 128 61 49 443 378 409 606 290 140 764 410 373 248 354 323 44 150 93
internal_count=27788 27251 8490 18761 6659 16899 15415 2374 4285 1133 6175 156 9240 770 8470 3152 3036 1862 1098 945 4524 1484 977 1651 1049 345 116 884 1139 236 903 1429 450 979 1831 1476 355 549 171 927 883 537 128 61 49 443 378 409 606 290 140 764 410 373 248 354 323 44 150 93
cat_boundaries=0 1 2 3 4 5 6 7 8
cat_threshold=1572 3203 5 100 1548 21 2866 3
is_linear=0
shrinkage=0.05


Tree=72
num_leaves=63
num_cat=17
split_feature=14 21 7 1 5 1 10 21 1 21 1 11 1 18 1 1 1 5 20 8 20 18 5 1 3 18 1 11 18 5 5 22 1 21 8 5 20 11 11 11 22 7 5 5 20 4 20 21 12 20 4 20 4 21 6 20 7 1 21 1 10 7
split_gain=7.70992 6.93401 2.41574 4.38424 2.38441 2.93713 2.94261 2.68419 3.28982 2.44265 2.50838 2.3354 2.10376 1.94961 1.92502 1.88008 1.8272 1.77361 1.80399 1.71576 1.65221 1.47732 1.46667 1.28331 1.20872 1.82844 1.1972 1.17538 1.46012 1.66994 1.13243 1.60138 1.27924 1.78663 1.22413 2.08355 1.19248 1.20495 1.12205 1.11177 1.09868 1.18321 1.08324 1.94708 1.23329 1.04428 1.33579 1.22832 1.03405 1.00139 1.00085 0.98591 0.908139 0.895321 0.871085 0.819941 0.815861 1.34313 0.800371 0.773195 0.738598 1.78118
threshold=2.5000000000000004 32.205263157894741 1240.0450000000003 0 81.500000000000014 1 603.42500000000007 179.58333333333334 2 18.732142857142861 3 1653.3950000000002 4 0.44883276134342281 5 6 7 318.50000000000006 7.5000000000000009 619.57000000000005 447.50000000000006 1.9438401885638208 231.50000000000003 8 9 1.2173263966675385 10 2480.2700000000009 0.68571013332713038 307.50000000000006 107.50000000000001 94.04396135074829 11 174.16666666666671 1343.4050000000004 35.500000000000007 96.500000000000014 2645.4050000000002 3090.8500000000004 1381.8050000000003 42.857738068600348 2881.7650000000008 263.50000000000006 160.50000000000003 10.500000000000002 12 125.50000000000001 80.788888888888906 1.5000000000000002 127.50000000000001 13 437.50000000000006 14 175.58333333333334 3372.3600000000001 97.500000000000014 363.92500000000007 15 46.690476190476197 16 1667.47 394.84000000000009
decision_type=2 2 2 9 2 9 2 2 9 2 9 2 9 2 9 9 9 2 2 2 2 2 2 9 1 2 9 2 2 2 2 2 9 2 2 2 2 2 2 2 2 2 2 2 2 9 2 2 2 2 9 2 9 2 2 2 2 9 2 9 2 2
left_child=2 14 4 30 7 9 20 8 13 10 52 -12 17 -1 -2 39 53 18 48 -17 23 -19 -18 -7 25 -16 -9 28 51 -30 34 32 50 -34 35 -4 -36 -38 -15 -8 41 59 43 56 -45 46 -10 -47 -3 54 -32 -5 -6 -11 -42 -43 -14 -58 -46 -29 61 -20
right_child=1 12 3 27 5 6 15 26 45 16 11 -13 42 38 24 19 22 21 60 -21 -22 -23 -24 -25 -26 -27 -28 40 29 -31 31 -33 33 -35 36 -37 37 -39 -40 -41 49 55 -44 44 58 47 -48 -49 -50 -51 -52 -53 -54 -55 -56 -57 57 -59 -60 -61 -62 -63
leaf_value=-0.66201146356700535 -0.42809106868781133 0.66560200682063853 0.074098005013661358 -1.0709324613129922 -0.010980133072902732 1.1002735142459066 2.1189684421417909 -0.64868228898630642 -0.43474372255652444 -0.73215447312785764 0.4901891690824407 -0.77469975975450434 -0.42065359866076624 0.78432630834491057 0.37166102814237373 -0.10239563471737867 -0.045464121339857222 -0.048118447708009882 -0.38673159053357975 0.045525311591777223 4.9601953567441441 0.2134397028805875 -0.26295688336636786 0.18234013077142175 -0.32881889993531854 -0.14907122544782947 0.98081998842897922 -0.17211226010820849 2.2224599120507578 -1.3359306430782454 0.66810447387836336 -0.89948749219344437 0.77546584351924752 -0.84673868570664301 -0.13387969323039925 1.5055807294344108 3.0211915250993897 0.37559994111247974 -0.12765680180198552 0.089764848721353915 -0.11765081737699888 3.1365297573081303 -0.094622848951233254 -0.24271479555892875 0.28085661197169925 -0.056089910444287128 -0.18625074894126359 -0.5447573327634494 -0.10971731734960902 -0.1850366010493211 -0.11316352834099384 5.8529921648705283 -1.1019142696461139 0.02978009771628223 0.87844734910811306 -0.33190827514062565 -0.14744260821538832 0.38834355646545832 0.37621046929806251 -0.63834187870988746 -0.36466917022415191 0.30198452200610576
leaf_weight=184 618 35 77 217 141 608 127 105 1853 290 1726 202 106 260 40 2623 3220 121 485 2724 54 43 2426 875 591 91 449 376 169 26 208 52 307 50 173 134 32 121 83 344 43 22 193 20 113 1208 665 627 83 130 392 21 212 57 61 21 187 129 87 410 663 78
leaf_count=184 618 35 77 217 141 608 127 105 1853 290 1726 202 106 260 40 2623 3220 121 485 2724 54 43 2426 875 591 91 449 376 169 26 208 52 307 50 173 134 32 121 83 344 43 22 193 20 113 1208 665 627 83 130 392 21 212 57 61 21 187 129 87 410 663 78
internal_value=-0.000726854 -0.00285879 -0.000398727 0.00091133 -0.000590406 -0.000272678 0.000449579 -0.00149439 -0.00187385 -0.000920116 0.000454247 0.00118496 -0.00118819 0.00178241 -0.00573343 -5.58323e-05 -0.00145305 -0.00230112 -0.00293244 -0.000333489 0.00239448 0.00239521 -0.00121488 0.00202725 -0.00363946 0.000434028 0.00175045 -0.000994036 0.00111812 0.00435606 0.00277421 0.0017169 0.00222656 0.00456081 0.00469907 0.00776869 0.0025076 0.0056891 0.00408237 0.00291839 -0.00191135 -0.00277945 0.00078125 0.00182171 0.00560538 -0.00232765 -0.00301264 -0.00134605 0.00268595 0.000949367 0.000652529 -0.00134855 -0.00331284 -0.00496528 0.0046729 0.00461957 -5.88235e-05 0.00109718 0.00689655 -0.00326362 -0.00351912 -0.00200972
internal_weight=27788 3683 24105 3042 21063 15629 7355 5434 4880 8274 2281 1928 2343 527 1340 5818 5993 1508 1344 5347 1537 164 5646 1483 722 131 554 1496 433 195 1546 1009 957 357 537 211 326 153 343 471 1063 829 835 642 220 4353 2518 1835 118 234 600 238 353 347 104 43 422 316 200 786 1226 563
internal_count=27788 3683 24105 3042 21063 15629 7355 5434 4880 8274 2281 1928 2343 527 1340 5818 5993 1508 1344 5347 1537 164 5646 1483 722 131 554 1496 433 195 1546 1009 957 357 537 211 326 153 343 471 1063 829 835 642 220 4353 2518 1835 118 234 600 238 353 347 104 43 422 316 200 786 1226 563
cat_boundaries=0 2 4 6 8 10 12 14 16 18 19 21 23 24 25 26 27 29
cat_threshold=585281564 315009 2863837214 588846 438329602 156712 135303184 8228 612111666 267136 36971 262913 1078003232 1179648 10493952 526344 336412993 144 4 2147778560 283136 539111428 16512 11 3 20 2147483849 2415936161 16
is_linear=0
shrinkage=0.05


Tree=73
num_leaves=63
num_cat=6
split_feature=15 20 21 20 5 20 2 10 0 2 21 18 10 21 20 5 2 15 7 18 4 18 6 5 5 23 15 20 21 7 7 10 22 23 20 7 21 11 9 9 11 20 11 5 2 5 7 23 6 18 20 22 10 5 10 5 11 21 18 5 6 18
split_gain=9.58757 3.06778 2.97426 3.32277 2.90088 4.41209 2.62919 2.17133 2.28519 1.96848 2.22362 1.84705 1.48389 1.80596 1.29806 1.49049 1.36928 1.2899 1.73913 1.48489 1.22711 1.68938 1.59187 1.21679 1.35913 1.19952 1.71367 1.08376 1.08265 1.03067 0.959681 0.948822 0.935088 0.926301 0.87626 1.80711 1.03665 0.792988 1.4103 0.791431 1.39156 0.981806 0.937542 0.76002 0.746615 1.22227 0.740912 0.729226 0.724326 0.710791 0.669993 0.639019 0.619505 0.608688 0.5789 0.5574 0.52417 0.52279 0.463309 0.397812 0.336989 0.46238
threshold=12.500000000000002 137.50000000000003 115.07142857142858 13.500000000000002 164.50000000000003 43.500000000000007 0 378.3250000000001 1 2 34.341666666666676 1.4920382165605097 3348.4100000000003 316.50000000000006 82.500000000000014 50.500000000000007 3 5.5000000000000009 432.19000000000005 0.52652754806395252 4 0.53548989136565639 3372.3600000000001 34.500000000000007 39.500000000000007 1.5000000000000002 2.5000000000000004 510.50000000000006 35.845238095238102 1064.5100000000002 1928.9900000000002 410.90000000000003 77.080585307260563 5.5000000000000009 191.50000000000003 1255.9650000000004 104.53571428571429 422.66000000000003 495.66500000000008 948.84500000000014 2981.1150000000002 226.50000000000003 1637.0050000000003 199.50000000000003 5 214.50000000000003 1135.4250000000002 4.5000000000000009 1376.8900000000001 0.89198110217827409 159.50000000000003 43.457833800421675 839.21000000000015 318.50000000000006 1.0000000180025095e-35 40.500000000000007 1915.4700000000003 107.81666666666668 1.1255593776026089 165.50000000000003 2501.0100000000007 0.66855815250638762
decision_type=2 2 2 2 2 2 1 2 1 1 2 2 2 2 2 2 1 2 2 2 9 2 2 2 2 2 2 2 2 2 2 2 2 2 2 2 2 2 2 2 2 2 2 2 1 2 2 2 2 2 2 2 2 2 2 2 2 2 2 2 2 2
left_child=1 2 3 6 5 28 37 54 12 10 20 33 13 -9 16 -16 -10 19 -19 -6 31 27 -23 56 -25 39 32 -22 -5 -7 -14 59 48 55 36 -36 -28 53 -39 42 41 -41 49 -33 45 -2 -34 52 -27 -11 -49 -35 -13 -1 -4 -12 -8 -44 -42 -3 61 -56
right_child=44 9 7 4 17 29 23 8 14 25 11 47 30 -15 15 -17 -18 18 -20 -21 21 22 -24 24 -26 26 34 -29 -30 -31 -32 43 46 51 35 -37 -38 38 -40 40 58 -43 57 -45 -46 -47 -48 50 -50 -51 -52 -53 -54 -55 60 -57 -58 -59 -60 -61 -62 -63
leaf_value=0.40546065374719265 0.14009060902926826 -1.2203383988641812 0.1507674993123331 -0.55741474506754973 0.040636121788987373 -0.16507677215395233 -0.78684184845480665 -0.058888054390497047 2.3913450811778367 -0.056837557427878244 -0.70940093895832423 -0.91447676099906305 4.1198197783432207 2.543571389235745 4.2344508729148131 0.86080107481231638 -0.29725476098257531 -0.073604631443035015 0.052732913243872484 -0.18258691785888959 2.7168559034456718 0.95036637114717459 -1.4026517882564229 2.357764303122694 -0.079355076595508403 0.075816018446417388 0.039736842915359109 -0.074151515664566153 -0.30060573456630862 0.012750163911016445 -0.40520511514223723 1.3867015404610326 0.72906039222795871 -2.0942998211154351 0.037038435990403684 1.5943345809140046 -0.27268133484313245 2.6273799150609154 0.35374148433105435 0.041431960899491575 -0.54125159856775051 1.3589332307056177 -0.57464780311901364 -0.35917233461863135 -0.39448094130181133 -0.30101988733951118 -0.98655932909898503 -1.1141244418648157 -1.3270533101587916 2.2024312681433438 2.248371340798442 -0.0316764708809842 1.0193771494964516 -4.3712046234346245 -1.4305608768068763 0.034572611509349115 -0.86150383434686373 -0.0084584402200384556 -0.029842402886333733 1.9846928767695602 -0.41142900327988202 -0.41168719880760246
leaf_weight=117 35 90 35 911 899 4276 527 1943 108 1244 142 20 34 84 89 277 175 1043 1324 3060 292 285 54 76 1471 59 272 39 1367 721 24 288 131 66 211 32 332 102 905 227 46 312 170 87 409 93 31 38 373 95 30 63 151 31 126 2008 62 102 92 34 24 24
leaf_count=117 35 90 35 911 899 4276 527 1943 108 1244 142 20 34 84 89 277 175 1043 1324 3060 292 285 54 76 1471 59 272 39 1367 721 24 288 131 66 211 32 332 102 905 227 46 312 170 87 409 93 31 38 373 95 30 63 151 31 126 2008 62 102 92 34 24 24
internal_value=-0.000732251 -0.000599453 -0.000924362 -0.00118082 -0.00152621 -0.00221043 0.000231481 0.00053038 0.000922543 0.000262839 0.00108446 0.000228084 8.97989e-05 -0.000116995 0.00350844 0.0054878 0.000743007 -0.000730763 0.000174051 -0.00128407 0.00289036 0.00428258 0.00164474 -0.000791066 -2.41935e-05 -0.000537814 -0.00167071 0.00692365 -0.00404428 -0.0013625 0.00778689 0.000805664 -0.00372697 -0.000191718 -0.000161765 0.00228659 -0.00123558 0.00215111 0.00268564 0.000152772 0.00159926 0.00279059 -0.00042596 0.00214947 -0.00733796 -0.00248227 -0.000151515 0.0043905 -0.00494253 8.38301e-05 0 -0.00426136 0.00610632 -0.000993377 -0.00430425 3.48351e-05 -0.00272382 -0.00309091 -0.00265957 -0.00275591 -0.00550847 -0.00637255
internal_weight=27788 27251 19835 16892 13601 7275 3291 2943 2734 7416 3687 2518 2085 2027 649 366 283 6326 2367 3959 1169 670 339 2136 1547 3729 1441 331 2278 4997 58 499 594 2279 847 243 604 1155 1007 2288 677 539 1611 375 537 128 162 239 432 1339 68 129 171 148 209 2150 589 272 138 124 174 150
internal_count=27788 27251 19835 16892 13601 7275 3291 2943 2734 7416 3687 2518 2085 2027 649 366 283 6326 2367 3959 1169 670 339 2136 1547 3729 1441 331 2278 4997 58 499 594 2279 847 243 604 1155 1007 2288 677 539 1611 375 537 128 162 239 432 1339 68 129 171 148 209 2150 589 272 138 124 174 150
cat_boundaries=0 1 2 3 4 5 6
cat_threshold=3404 1 888 2216 10 1548
is_linear=0
shrinkage=0.05


Tree=74
num_leaves=63
num_cat=14
split_feature=15 17 1 16 1 2 1 1 2 23 19 16 17 19 22 1 21 1 5 1 1 11 22 21 17 5 1 5 5 21 16 2 7 5 22 5 7 5 2 21 11 15 5 18 11 17 23 2 5 5 17 18 19 22 5 11 18 19 23 22 16 18
split_gain=8.36142 3.23499 3.57515 2.80243 2.17691 2.0433 3.07349 3.05201 1.85877 1.8533 1.82909 1.64374 2.0992 1.61735 1.58399 1.47352 1.4555 1.31729 1.21943 1.59715 1.21397 1.24647 1.17262 1.38913 1.15138 1.12751 1.08058 1.09647 1.0698 1.2932 1.05559 1.04402 1.0347 0.979753 0.970385 1.01087 0.954982 0.951689 0.920961 1.14812 1.20891 0.870126 0.829385 0.795705 0.814303 0.754716 0.750007 0.722501 1.23035 0.806424 0.655763 0.64611 0.864404 0.644991 0.64107 0.633787 0.601601 0.5941 0.58684 0.534417 0.529217 0.575265
threshold=12.500000000000002 1.2307666540406972 0 1.0259301214029921 1 2 3 4 5 9.5000000000000018 3719.2950000000014 1.1020544741542266 1.8945478393962885 1101.5250000000003 48.587721152379778 6 91.866071428571445 7 160.50000000000003 8 9 940.84500000000014 37.792305213114197 41.041666666666679 0.67109877190641354 82.500000000000014 10 138.50000000000003 83.500000000000014 93.816666666666677 0.6284070346888041 11 1635.5000000000002 160.50000000000003 31.137687058556509 193.50000000000003 494.17500000000007 264.50000000000006 12 40.023809523809533 4535.4100000000008 7.5000000000000009 83.500000000000014 1.6189791824103066 1130.6050000000002 0.7058056715698785 7.5000000000000009 13 135.50000000000003 306.50000000000006 0.55021562180539407 1.3260867236708196 171.24000000000004 16.126509614868354 146.50000000000003 2864.8050000000003 2.7356181657523657 4622.5950000000003 15.500000000000002 11.746108768714258 0.65226185826365035 4.1017865256424857
decision_type=2 2 9 2 9 1 9 9 1 2 2 2 2 2 2 9 2 9 2 9 9 2 2 2 2 2 9 2 2 2 2 1 2 2 2 2 2 2 1 2 2 2 2 2 2 2 2 1 2 2 2 2 2 2 2 2 2 2 2 2 2 2
left_child=1 2 16 4 38 7 22 18 26 37 11 12 41 -14 33 32 24 47 25 -20 21 -18 23 -7 34 -4 27 -6 29 -9 -30 -17 -13 57 35 -1 -28 -8 39 55 -41 -5 -23 44 -40 -24 -10 -2 53 -50 -36 52 -22 -49 -11 -3 -48 -12 -19 -45 -26 -62
right_child=17 3 5 10 8 6 9 28 46 54 14 15 13 -15 -16 31 20 58 19 -21 51 42 45 -25 60 -27 36 -29 30 -31 -32 -33 -34 -35 50 -37 -38 -39 43 40 -42 -43 -44 59 -46 -47 56 48 49 -51 -52 -53 -54 -55 -56 -57 -58 -59 -60 -61 61 -63
leaf_value=-0.50679913683508881 -0.3880044556885196 0.16964378204544941 -0.075273183441105299 -0.41337236642429309 -0.35984353839524419 0.59803149414314594 -0.24836612092123111 -0.42033480223890118 -0.87613707517380901 -0.47008675552478735 -0.76912804199493368 -0.11904385859051159 1.1107126244496983 -0.10324802766303948 1.1533429412346934 0.1262046114501473 -1.2530289713949374 -0.23716911913844571 -0.071212924548411924 -0.49997765021699969 0.3596321093378137 -0.14811090049193326 -0.091131753451235309 -0.080087191208829289 -0.18510169088734793 0.2849105251220081 -0.77469292254324462 0.20224558454525976 0.67083737654172859 1.2784615051338815 0.14699574865785331 -0.011115734625013829 0.4865817891540431 -0.096504145933642788 -0.25579226790803383 0.15789552727597497 0.077687160669493951 0.14793361548947992 0.24641201288488299 0.32411122749741533 1.3761847314234872 0.11788604541417601 0.88245422267904416 -0.75479458056233806 -0.93164558332895242 1.1177633089488539 -0.1629062248954842 -0.27622997575267833 0.19188543073113673 -0.093212604748385539 1.2615101810444 -0.61493611224109734 -0.56960632090091468 0.18125691734669688 -0.12030729460025738 -0.42708201651186184 0.39601643809559789 -1.0240000272162195 -0.43521235592093721 0.30668003406042987 -0.5504648092396639 0.50211564008496712
leaf_weight=82 100 80 362 68 186 55 1616 137 426 360 125 3388 88 31 27 3773 23 45 854 418 59 26 27 224 73 311 209 113 112 70 622 10817 197 112 47 53 53 127 50 139 21 40 57 26 109 93 113 45 33 36 27 75 95 20 104 41 23 134 258 50 683 20
leaf_count=82 100 80 362 68 186 55 1616 137 426 360 125 3388 88 31 27 3773 23 45 854 418 59 26 27 224 73 311 209 113 112 70 622 10817 197 112 47 53 53 127 50 139 21 40 57 26 109 93 113 45 33 36 27 75 95 20 104 41 23 134 258 50 683 20
internal_value=-0.000705264 -0.000581107 -0.00152605 -0.000263551 -0.00224574 -0.000944596 -0.00195685 -8.62366e-06 -0.00346611 -0.00269707 -8.7752e-05 -1.22249e-05 0.00418478 0.00870902 -0.00342893 -6.80768e-05 -0.00386347 -0.006875 -0.00115552 -0.00207843 -0.000850592 0.00315126 0.00197209 4.43262e-05 -0.00487095 0.00049926 -0.00124129 0.00068109 0.00229298 -0.000654762 0.00322252 0.000152366 -0.000976237 -0.00437834 -0.00123821 -0.00389493 -0.00354545 -0.00191151 0.000378072 0.00233844 0.00521472 -0.00045045 0.0065407 -0.00176411 -0.00393519 0.00609756 -0.00552174 -0.00313765 -0.000170068 0.00399306 0.00292208 -0.00294421 -0.000796178 -0.00533088 -0.00556745 -0.000907258 -0.00179856 -0.00605916 -0.00913766 0.00189873 -0.00577664 -0.00621459
internal_weight=27788 27251 6812 20439 1639 5492 2606 2886 1123 2207 18800 18402 227 119 398 18175 1320 537 1945 1272 335 106 399 279 985 673 561 299 941 207 734 14590 3585 371 209 135 262 1743 516 281 160 108 83 235 159 120 562 234 134 69 74 229 154 65 464 121 136 259 303 76 776 703
internal_count=27788 27251 6812 20439 1639 5492 2606 2886 1123 2207 18800 18402 227 119 398 18175 1320 537 1945 1272 335 106 399 279 985 673 561 299 941 207 734 14590 3585 371 209 135 262 1743 516 281 160 108 83 235 159 120 562 234 134 69 74 229 154 65 464 121 136 259 303 76 776 703
cat_boundaries=0 2 4 5 7 9 10 12 14 15 17 19 20 21 22
cat_threshold=1075056642 891150 2190622777 86178 814 2212495376 1065984 2793546421 148528 691 187925624 534881 2181038276 262784 537002673 1052672 4096 537133184 17 268 3681 2323
is_linear=0
shrinkage=0.05


Tree=75
num_leaves=63
num_cat=13
split_feature=15 17 1 6 4 1 16 1 11 1 21 16 21 20 18 20 1 0 21 17 1 1 18 17 17 21 21 6 17 1 20 11 17 11 22 10 9 20 3 17 6 21 4 18 22 17 0 18 20 9 22 11 16 16 17 20 6 16 18 20 11 9
split_gain=8.41613 3.22322 3.19224 2.11252 2.02874 2.15533 1.92149 2.36992 1.8068 1.74179 1.70495 1.6187 1.57933 1.81059 1.49154 1.56 1.3895 1.65855 1.36001 1.34759 1.32569 1.31729 1.31151 1.29143 1.16593 1.67894 1.14411 1.09718 1.26277 1.02568 0.996008 1.12872 1.10978 0.966587 0.918787 0.914569 0.910237 0.881777 0.779019 1.09307 0.770986 0.757262 0.744454 0.738838 0.71866 0.707377 0.675977 0.674312 0.613941 0.582992 0.807337 0.659891 0.58192 0.754157 0.649195 0.577679 0.515498 0.477213 0.524297 0.442576 0.409947 0.404104
threshold=12.500000000000002 1.2307666540406972 0 3650.2500000000005 1 2 1.0259301214029921 3 1563.0250000000003 4 100.06250000000001 1.1020544741542266 35.845238095238102 55.500000000000007 1.4502568462341219 45.500000000000007 5 6 76.050000000000011 0.67109877190641354 7 8 0.27548821093457293 1.033226954763961 2.0990995808877102 45.516666666666673 121.08333333333336 2012.74 1.5279989436891468 9 92.500000000000014 2881.8400000000006 1.0291816506656952 940.84500000000014 47.706465025662972 1170.3750000000002 648.60500000000013 47.500000000000007 10 2.0296710988017153 3056.7900000000004 207.16666666666671 11 0.34707078340350511 31.358677688706688 2.0296338026135485 12 0.90524302605583185 334.50000000000006 503.89500000000004 21.814750197581635 1395.5700000000002 1.2993843550730835 0.96640520358339266 1.2113370894810651 30.500000000000004 2012.74 0.65226185826365035 4.1017865256424857 10.500000000000002 3593.4700000000003 641.31000000000006
decision_type=2 2 9 2 9 9 2 9 2 9 2 2 2 2 2 2 9 1 2 2 9 9 2 2 2 2 2 2 2 9 2 2 2 2 2 2 2 2 1 2 2 2 9 2 2 2 1 2 2 2 2 2 2 2 2 2 2 2 2 2 2 2
left_child=1 2 10 6 8 22 7 27 18 34 19 14 13 59 15 -8 42 -18 48 40 24 52 -6 -11 47 -26 37 28 -3 33 32 -32 -7 -12 -10 45 -35 -9 39 -22 44 -20 -13 -37 -1 -15 -40 -14 -4 51 -51 -31 53 -2 -55 -29 -16 -21 -59 -5 -23 -24
right_child=21 3 4 12 5 30 11 26 9 23 29 16 20 35 56 -17 17 -19 41 57 38 60 61 -25 25 -27 -28 55 -30 49 31 -33 -34 36 -36 43 -38 -39 46 -41 -42 -43 -44 -45 -46 -47 -48 -49 -50 50 -52 -53 -54 54 -56 -57 -58 58 -60 -61 -62 -63
leaf_value=-0.28696342623115856 -0.25369417289806634 -0.2480743089140611 -0.40018686010444537 -0.49698935096709218 4.8793606617559862 -0.21401657010524675 1.361824840296447 -0.38246203800963452 -0.33100256320478927 -0.16706868482371429 -1.8482594320124297 -0.057227191979294115 -0.67992819276989325 -0.15095974220009298 0.088730781517013926 0.34449488710659648 0.04647492535098792 -0.072719869614645563 0.52185799906118502 -0.17410417396939801 -0.37921115801042798 -0.24105376273229906 0.12377138758956203 0.2002010072320598 0.29264781185155953 -0.31895774138650118 -1.2188679523733457 0.98723181436418206 2.1434050414026453 -0.041204982283675667 -0.06824787964377102 0.19024618790773895 0.014027529878789836 1.4156692857174868 -0.024669402456703085 -0.97157864497433077 -0.18318047568699714 -0.076167557584716411 0.1140625393727932 0.27525513908449001 -0.71357489330067825 -0.64122450747710502 -0.30934117531535255 0.066780822510287413 0.96982394361393964 2.8467214500617817 -1.1484580926296872 -0.10068199375028364 2.5508344666246958 -0.91423100766118215 0.58473977152560064 -1.1841841777190687 -0.16900296268702233 -0.059104259778519186 0.28134549564386407 -0.21478508913787808 -0.54162731799987185 -0.49968243527995082 0.47700985808071883 -0.58068669986503929 -0.41169287848934816 0.16221071999073899
leaf_weight=111 62 22 197 198 30 697 45 573 1154 291 20 1086 234 26 49 70 10919 4271 291 83 147 26 254 151 22 90 131 25 58 50 1015 371 467 57 182 48 27 437 546 37 56 39 613 125 66 32 29 118 20 41 60 63 120 31 21 137 35 774 20 316 277 225
leaf_count=111 62 22 197 198 30 697 45 573 1154 291 20 1086 234 26 49 70 10919 4271 291 83 147 26 254 151 22 90 131 25 58 50 1015 371 467 57 182 48 27 437 546 37 56 39 613 125 66 32 29 118 20 41 60 63 120 31 21 137 35 774 20 316 277 225
internal_value=-0.000685474 -0.000560927 -0.00150404 -0.000243983 -0.000926441 -6.10352e-05 -7.51056e-05 -0.00186688 -0.002037 -0.00282145 -0.00360861 6.72869e-05 -0.00180112 -0.00362634 0.00451733 0.00815678 1.10999e-05 0.000166086 0.000386364 -0.00455975 -0.000642333 -0.006875 0.00284962 0 -0.00272537 0.00130435 -0.00282712 0.00245098 0.00722892 -0.000233645 -0.000673039 0.000197984 -0.00175664 0.0034188 -0.00370645 0 0.00632184 -0.00219645 0.000599093 -0.00203046 -0.000900424 0.00247748 -0.00133616 -0.00177557 0.000486111 0.00532787 0.00155187 -0.00422535 -0.00255682 -0.00231278 0 -0.00484914 -0.00313765 -0.000213675 0.00363636 0 0 -0.00546875 -0.00586575 -0.00527079 -0.00913766 0.00210062
internal_weight=27788 27251 6812 20439 5384 3059 18471 1383 2325 1778 1428 17088 1968 745 199 115 16889 15190 547 1110 1223 537 509 442 464 112 1141 242 80 318 2550 1386 1164 104 1336 231 84 1010 759 184 233 330 1699 173 177 58 575 352 217 214 101 113 234 114 52 162 84 877 794 514 303 479
internal_count=27788 27251 6812 20439 5384 3059 18471 1383 2325 1778 1428 17088 1968 745 199 115 16889 15190 547 1110 1223 537 509 442 464 112 1141 242 80 318 2550 1386 1164 104 1336 231 84 1010 759 184 233 330 1699 173 177 58 575 352 217 214 101 113 234 114 52 162 84 877 794 514 303 479
cat_boundaries=0 2 3 5 7 9 11 12 14 16 18 19 20 21
cat_threshold=1083445762 891150 6 4768016 1048736 43139097 81936 537452969 17040 20055104 10597 1 838893852 524338 2181038276 262784 1052672 36864 1 28 1
is_linear=0
shrinkage=0.05


Tree=76
num_leaves=63
num_cat=18
split_feature=15 6 7 1 10 1 1 2 19 1 6 6 7 2 1 7 2 1 16 18 1 2 15 1 21 23 11 21 2 2 1 19 11 19 2 23 1 11 9 16 21 19 15 10 1 11 21 7 19 16 21 11 21 7 7 9 10 7 16 21 16 16
split_gain=8.76689 2.69142 2.73988 3.90832 3.09098 2.59959 2.55732 2.54134 2.33955 2.00953 1.92893 1.85053 1.69986 1.68663 1.53137 1.50426 1.47387 1.41356 1.25051 1.35614 1.20611 1.11522 1.05355 1.02596 1.24128 1.01514 1.01223 0.952613 1.30152 0.91744 0.883002 0.857426 1.07458 0.850998 0.829478 0.826283 0.795545 1.34193 0.776554 0.736876 0.728904 0.76923 0.728203 0.644392 0.632875 0.762502 0.717787 0.58692 0.510851 0.48635 0.433456 0.421295 0.418925 0.398949 0.339488 0.314777 0.298396 0.295237 0.231203 0.216045 0.214619 0.144301
threshold=12.500000000000002 3650.2500000000005 720.80000000000018 0 1399.4350000000002 1 2 3 2109.9650000000006 4 2012.74 2501.0100000000007 2092.3150000000005 5 6 727.61500000000012 7 8 1.4273235689110499 0.46640980800662618 9 10 5.5000000000000009 11 93.816666666666677 6.5000000000000009 1543.4550000000002 46.033333333333339 12 13 14 1870.9050000000002 2584.7300000000005 4073.4000000000005 15 14.500000000000002 16 2022.8000000000002 832.79500000000007 1.1509510655016586 23.461309523809529 2699.8750000000005 3.5000000000000004 3636.5700000000002 17 2503.8900000000008 71.683333333333351 661.34500000000014 3396.3350000000009 0.75286632974531698 87.071428571428584 3593.4700000000003 40.51315789473685 546.05000000000007 1018.3150000000002 2480.2100000000005 1607.6600000000003 1076.1900000000003 1.50078682983806 53.550505050505059 1.7999946048040683 1.9019869049200084
decision_type=2 2 2 9 2 9 9 1 2 9 2 2 2 1 9 2 1 9 2 2 9 1 2 9 2 2 2 2 1 1 9 2 2 2 1 2 9 2 2 2 2 2 2 2 9 2 2 2 2 2 2 2 2 2 2 2 2 2 2 2 2 2
left_child=1 2 3 13 6 8 11 26 15 12 -8 -5 29 44 16 52 58 -9 25 -20 39 -17 -18 50 -25 -16 -6 30 31 40 33 60 -33 48 55 53 37 -30 -10 49 -3 -42 -38 -14 46 -46 -1 -36 -11 -2 -15 56 -4 -31 -40 -32 -22 -53 -7 -45 -29 -41
right_child=20 9 5 4 7 14 10 17 38 27 -12 -13 43 23 18 21 22 -19 19 -21 51 -23 -24 24 -26 -27 -28 28 36 35 34 32 -34 -35 47 -37 42 -39 54 61 41 -43 -44 59 45 -47 -48 -49 -50 -51 -52 57 -54 -55 -56 -57 -58 -59 -60 -61 -62 -63
leaf_value=-0.19655368856996322 -0.34645316123188474 -1.0720467942715473 0.23172140386422202 0.74519000407671288 -1.0279155211912347 -0.073066725744489955 0.11490840601138981 -0.023711346053034179 -1.1279848293671932 0.14703015849978485 -0.11289055666108574 -0.64344131984234498 -0.25633970689979474 -0.35218440485818014 -0.7263357939286017 -0.046566661382975744 -0.22476257951674797 -0.2124193853001721 -0.71849622368076504 0.065257519426654656 -0.27069283685898249 0.18022596844410402 0.59408740136685145 -0.23469339181205484 0.067963463606150049 -0.021857861630242947 0.104549262172727 -0.53350881637096703 0.39365656564367912 -0.56952068282094348 -0.33161141203124062 -0.55567420350319308 0.31072432079003748 -0.36319981879836105 -0.31762472512842443 -0.50182172622149623 0.0012513336090066219 -0.30416014954426895 7.2068810556807454 -0.23715947535759785 -0.091763792367350661 0.40175597983978428 0.20150133101008141 0.10054181010615348 -0.56346169337955521 -0.56905964687468047 0.064212711501489217 0.12497835232469426 1.19555429079894 0.3027923256971834 -0.88997162301270338 -0.36847362344875112 1.5310048935767644 -0.36287557736193643 1.6411661629765293 -0.88015660080898594 0.024359354429225988 -0.15989418633733871 -1.2125358094283194 0.71838566518854285 -1.1248488720559195 -0.010676742650253691
leaf_weight=174 20 32 29 1141 25 43 3304 827 21 45 4995 138 20 82 137 852 368 2195 433 3849 39 1601 44 1557 589 128 281 26 89 294 197 45 26 47 178 84 149 272 43 43 116 51 216 26 794 185 140 178 24 20 71 326 95 614 65 39 25 42 197 25 55 22
leaf_count=174 20 32 29 1141 25 43 3304 827 21 45 4995 138 20 82 137 852 368 2195 433 3849 39 1601 44 1557 589 128 281 26 89 294 197 45 26 47 178 84 149 272 43 43 116 51 216 26 794 185 140 178 24 20 71 326 95 614 65 39 25 42 197 25 55 22
internal_value=-0.00065129 -0.000524235 -0.00035186 -0.000719653 -0.000307686 0.000409396 0.000143513 -0.00162113 0.00166421 -0.00198176 -0.000172943 0.00221556 -0.00347059 -0.00217753 -0.000237433 0.00131298 -0.0024812 -0.00206755 7.94956e-05 0.00029755 -0.00696759 0.00101283 -0.000470588 -0.0013138 -0.000984252 -0.00321828 0.00258621 -0.000734834 0.000312145 -0.00396776 -0.0021097 -0.00363636 0 0.00155039 -0.00289256 -0.00457711 0.00125169 -0.000300802 0.00823864 -0.00095339 -0.000412736 0.000661765 0.00287698 0.0035473 -0.00364663 -0.00432208 -0.00129969 -0.00108401 0.00538194 0.00348837 -0.00519578 -0.00808989 0.00669291 -0.00406147 0.00990991 -0.00522088 -0.00298507 -0.00902965 -0.0055336 0.00671296 -0.00729167 -0.00459559
internal_weight=27788 27251 24403 16498 12906 7905 9578 3328 2706 2848 8299 1279 1262 3592 5199 2577 652 3022 4547 4282 537 2453 412 2299 2146 265 306 1586 878 1191 708 152 71 116 592 992 726 361 129 105 199 167 365 71 1293 979 314 356 69 40 153 432 124 908 108 236 64 368 240 51 81 65
internal_count=27788 27251 24403 16498 12906 7905 9578 3328 2706 2848 8299 1279 1262 3592 5199 2577 652 3022 4547 4282 537 2453 412 2299 2146 265 306 1586 878 1191 708 152 71 116 592 992 726 361 129 105 199 167 365 71 1293 979 314 356 69 40 153 432 124 908 108 236 64 368 240 51 81 65
cat_boundaries=0 2 4 6 7 9 10 12 13 15 17 18 20 21 22 24 25 27 29
cat_threshold=10530820 1579429 2295379205 1198771 1548304930 230464 512 808716136 852018 3713 65602 46412 833 2151826706 280080 132 262272 1099 8192 1574912 17 640 32788 128 114 100696086 512 8421380 1572864
is_linear=0
shrinkage=0.05


Tree=77
num_leaves=63
num_cat=14
split_feature=17 1 4 9 16 1 4 1 11 6 1 13 7 1 5 16 7 1 16 8 13 5 1 22 9 22 16 7 10 10 18 1 18 18 7 1 1 19 22 1 5 11 9 18 17 1 16 11 11 7 17 19 8 8 11 5 18 19 17 13 16 5
split_gain=4.10661 3.42825 2.66355 2.76999 2.28046 2.15697 1.87607 2.52931 1.98757 1.81892 1.70539 1.77362 1.98884 1.67649 1.61328 1.67884 1.58473 1.55783 1.41276 1.39927 1.38986 1.32667 1.80769 1.2617 1.23053 1.18558 1.16755 1.0559 1.0529 1.04789 1.22396 1.01757 1.09761 1.08844 0.999584 1.86415 1.66924 0.986688 0.98636 0.981862 0.934335 1.2664 0.894543 2.2213 0.889307 0.882954 0.880629 0.836206 0.819394 0.811336 0.805907 1.18279 0.783633 1.17979 0.783276 0.7545 0.898182 0.716854 0.696348 0.69074 0.684141 1.07423
threshold=1.2307666540406972 0 1 727.61500000000024 1.0259301214029921 2 3 4 1563.0250000000003 5898.4900000000007 5 1.5000000000000002 172.78 6 83.500000000000014 0.74993259477851326 273.00500000000005 7 1.9999912401403066 341.31500000000005 1.0000000180025095e-35 264.50000000000006 8 19.801514932551893 384.52500000000003 17.337887119170606 1.1133986672467178 1421.8500000000004 561.27500000000009 3890.3900000000003 2.3404036445576568 9 0.96610285653735695 1.7698010873772743 1240.0450000000003 10 11 1854.9400000000003 10.894188026108671 12 152.50000000000003 5350.0950000000012 879.1350000000001 3.2980287621259579 1.3656029838404882 13 0.81133730897547618 9794.0650000000023 694.46000000000004 595.10500000000013 1.9393995071030297 1265.3900000000001 1090.6800000000003 495.66500000000008 714.62000000000023 183.50000000000003 0.66317048663784928 2501.7700000000009 0.61414497487845077 1.5000000000000002 0.97651475280052769 166.50000000000003
decision_type=2 9 9 2 2 9 9 9 2 2 9 2 2 9 2 2 2 9 2 2 2 2 9 2 2 2 2 2 2 2 2 9 2 2 2 9 9 2 2 9 2 2 2 2 2 9 2 2 2 2 2 2 2 2 2 2 2 2 2 2 2 2
left_child=1 2 18 14 5 28 8 16 39 10 11 21 24 40 -4 48 58 -17 -1 20 -9 27 -23 -11 -13 -18 50 -6 -2 30 -21 32 37 -33 36 -36 -28 -7 -30 -3 -10 -42 45 -44 -25 -15 -40 52 -16 54 -12 -52 53 -5 -20 57 -57 -41 -8 -22 -34 -62
right_child=4 6 3 47 9 31 7 19 13 23 26 12 -14 42 15 17 25 -19 49 29 59 22 -24 44 -26 -27 34 -29 38 -31 -32 33 60 -35 35 -37 -38 -39 46 55 41 -43 43 -45 -46 -47 -48 -49 -50 -51 51 -53 -54 -55 -56 56 -58 -59 -60 -61 61 -63
leaf_value=-0.51881507001002569 2.9747041328996779 0.78614565447471818 -0.4180744558658791 -0.023412645919528432 -0.11513319754502477 0.18573980503545792 0.14771863582453976 0.0089430595652068238 -0.39756646381260979 -0.4614593516241241 0.019775096644468707 -1.5808296077895152 -0.40532060372747342 -0.36928036141479909 0.028887581168022081 0.58445389189762198 -0.13743572175160459 -0.29222361015038861 0.1304471182311886 -0.013033030999460495 -0.59736791340058948 0.34584431305986973 -0.1578690032238752 0.58865047292494599 0.4849379755298201 0.15186082023183012 1.8929989662241695 0.43037804052352141 -0.26756053184368583 -0.16878662131243446 0.17320527745814041 -0.58920029500397819 -0.36546846774359026 -0.018646844540415319 0.408177837091872 -0.027098399848487987 -0.00084278522898006969 -0.50978338388980637 -0.15757452307873943 0.20273384552106535 -0.26114493487132368 0.072042736130830232 0.36880139035173837 -0.38515613396664539 -0.1323489771763974 0.058849840758737317 0.21786702200619104 -0.44684287217962582 1.5726544278865699 0.00068130675045416931 1.1963009947003695 -0.86818993549649948 0.016891034270460282 -0.48244243152473704 -0.82232983481233934 -0.70553478881819776 0.2205398354107512 -1.3282590511198027 1.0997576169070891 0.3043240324379653 -0.57843719226357138 0.14534199756958338
leaf_weight=350 34 122 188 90 3621 242 77 306 775 284 68 26 578 108 20 131 137 255 29 1349 470 632 500 25 98 264 163 320 182 172 182 365 245 90 887 873 10628 128 144 261 549 126 83 29 121 123 149 75 52 107 56 20 89 185 210 99 38 22 92 31 57 56
leaf_count=350 34 122 188 90 3621 242 77 306 775 284 68 26 578 108 20 131 137 255 29 1349 470 632 500 25 98 264 163 320 182 172 182 365 245 90 887 873 10628 128 144 261 549 126 83 29 121 123 149 75 52 107 56 20 89 185 210 99 38 22 92 31 57 56
internal_value=-0.00060991 -0.00163912 -0.00354654 -0.00187842 -0.000247633 -0.0020059 -0.000992539 -0.000161655 -0.00206026 -8.72877e-05 -9.47329e-06 -0.00072348 -0.00308511 -0.00287444 0.000115562 0.00178959 0.00278731 0.000321337 -0.00599436 -0.000862069 -0.00257716 -0.000386623 0.00110132 -0.00329099 0.0023622 0.000959158 0.000311811 -0.000827206 0.000646552 -2.19812e-05 0.000366688 -0.00316681 -0.00182186 -0.0051015 0.000255895 0.00136132 7.06411e-05 0 0 0.000504587 -0.0036056 -0.00212021 0.000175562 0.00391304 0.000167785 -0.00144231 0.00181588 -0.0049491 0.00866667 -0.00351003 0.0047619 0.00822785 -0.00367847 -0.00499101 -0.00511364 -0.000577367 -0.00366071 0.000743007 0.00690407 -0.00419147 -0.00380886 -0.000107759
internal_weight=27788 7196 1781 1085 20592 1692 5415 3080 2335 18900 18470 5775 702 1793 646 458 570 386 696 2510 807 5073 1132 430 124 401 12695 3941 509 1703 1531 1183 728 455 12551 1760 10791 370 475 542 1450 675 343 112 146 231 293 439 72 346 144 76 364 275 239 420 137 283 169 501 358 113
internal_count=27788 7196 1781 1085 20592 1692 5415 3080 2335 18900 18470 5775 702 1793 646 458 570 386 696 2510 807 5073 1132 430 124 401 12695 3941 509 1703 1531 1183 728 455 12551 1760 10791 370 475 542 1450 675 343 112 146 231 293 439 72 346 144 76 364 275 239 420 137 283 169 501 358 113
cat_boundaries=0 2 3 5 6 8 10 12 14 16 18 20 22 24 26
cat_threshold=1075057187 891148 5 2191147065 82082 6 21520656 1048739 2201195896 1584609 2684936588 659 1048577 262144 2148667472 9345 537167236 4112 549478404 311826 1073742336 131072 132 16400 8520784 16384
is_linear=0
shrinkage=0.05


Tree=78
num_leaves=63
num_cat=9
split_feature=15 20 1 1 22 17 5 1 21 20 5 20 1 7 1 19 7 7 15 5 18 11 7 11 5 20 1 18 1 18 11 5 21 6 6 9 22 5 15 20 22 6 18 21 21 1 22 19 5 22 21 20 20 8 17 1 17 5 5 5 5 8
split_gain=7.18837 2.42853 2.25131 2.22649 1.9529 1.90487 1.86234 2.39656 1.76023 1.75367 2.4832 2.00396 1.73175 1.65523 1.49369 1.33608 1.26371 1.57121 1.1552 1.17137 1.04521 1.64828 1.04409 1.2073 0.963029 0.949861 0.949013 0.92582 0.877078 1.57252 0.840519 0.797642 0.786398 1.10004 0.81751 0.775466 0.76027 0.759191 0.729947 1.41475 1.00009 1.97028 1.05432 0.884978 1.62447 1.49992 0.795619 0.697053 0.677307 0.673769 0.621571 0.824166 0.744781 0.619327 1.23658 0.584401 0.543093 0.504431 1.34769 0.612017 0.478924 0.400501
threshold=12.500000000000002 137.50000000000003 0 1 138.08105789622593 2.1207550941459945 257.50000000000006 2 204.25000000000003 11.500000000000002 72.500000000000014 35.500000000000007 3 803.86000000000001 4 1396.4250000000002 545.35000000000014 567.71500000000015 7.5000000000000009 221.50000000000003 1.1411304832847533 3217.9400000000005 446.11500000000007 567.18000000000018 32.500000000000007 127.50000000000001 5 0.30644094785706583 6 1.4309408998764503 3593.4700000000003 354.50000000000006 57.035714285714292 3372.3600000000001 5620.6000000000013 1102.2650000000003 32.121729979253182 202.50000000000003 2.5000000000000004 157.50000000000003 13.457994111319151 2501.0100000000007 0.8052669221634462 1.0000000180025095e-35 103.86607142857144 7 27.876000913509749 682.65500000000009 135.50000000000003 16.546902910873921 58.620192307692314 104.50000000000001 46.500000000000007 69.425000000000011 1.0776608304472688 8 1.1809550693381154 255.50000000000003 185.50000000000003 314.50000000000006 160.50000000000003 514.69500000000005
decision_type=2 2 9 9 2 2 2 9 2 2 2 2 9 2 9 2 2 2 2 2 2 2 2 2 2 2 9 2 9 2 2 2 2 2 2 2 2 2 2 2 2 2 2 2 2 9 2 2 2 2 2 2 2 2 2 9 2 2 2 2 2 2
left_child=1 2 6 38 8 28 16 50 9 10 -4 -11 48 22 47 35 18 36 27 -20 24 -22 26 -24 -10 -19 -7 -1 29 31 -14 -5 33 -30 -34 -6 -18 -16 39 -3 41 42 -40 45 -45 -41 -42 -15 49 61 51 -8 -52 -9 -55 -48 -31 58 60 -59 -50 -2
right_child=12 3 4 5 15 13 7 53 20 11 -12 -13 30 14 37 -17 17 25 19 -21 21 -23 23 -25 -26 -27 -28 -29 32 56 -32 -33 34 -35 -36 -37 -38 -39 40 43 46 -43 -44 44 -46 -47 55 -49 57 -51 52 -53 -54 54 -56 -57 -58 59 -60 -61 -62 -63
leaf_value=-0.86969679781081521 -0.15276216151296593 -1.3708038963093778 -0.34808192923742604 0.11975314741051157 2.8923480849938343 -0.092272377827170265 -0.11607593616289905 0.81238107198308573 3.4312565902693239 -0.23268604693989767 0.32445309476017564 -0.039771979278319949 -0.19585579875425482 -0.3192700919435339 2.5490950024085066 -0.4434082929736633 0.35627179404846337 -0.11297048253513431 -0.39786988080046604 0.040755443821593046 6.5795349338550713 -0.35421872770808349 -1.4868322575381236 0.22895897270331889 0.12366292165711457 -0.97720700313615083 2.5351697939540814 -0.19557657201313586 0.49586902756524726 0.64714137090728807 -0.35587789014887616 -2.2045240193259237 -0.10009109847761161 -0.39743553614223937 0.81606613473711898 0.12540594929300114 -0.03021989288851561 0.99104757442294233 2.3203140513843432 1.8915421798322087 -0.64437165351466352 -1.2211685236533469 0.69290317317447725 -2.4052124221839963 -0.25246256679975049 -0.19417755963350203 0.34794328895723226 0.63413024900763237 0.14540275707394024 -0.084372508568791027 0.018842175846134526 1.612349969197461 -0.7866951354174696 -0.11681155744506136 0.26492719800427927 -0.13545184828503309 3.5280472722555078 -0.51568903812299538 0.31691684561860511 0.15951072868861571 -0.76691529113341306 -0.2297732186727405
leaf_weight=454 30 111 964 854 62 138 169 28 42 2241 1655 9797 25 118 237 33 111 1223 384 38 34 23 86 425 309 59 163 1346 767 28 263 24 2132 220 33 31 44 194 63 107 97 45 98 53 532 405 109 112 23 34 57 27 178 142 384 203 62 35 20 30 21 56
leaf_count=454 30 111 964 854 62 138 169 28 42 2241 1655 9797 25 118 237 33 111 1223 384 38 34 23 86 425 309 59 163 1346 767 28 263 24 2132 220 33 31 44 194 63 107 97 45 98 53 532 405 109 112 23 34 57 27 178 142 384 203 62 35 20 30 21 56
internal_value=-0.000599115 -0.000483874 -0.000773137 0.000283057 -0.000472737 0.000782644 -0.00173932 0.00013917 -0.000528438 -0.000621589 0.000538711 -0.000878249 -0.00631944 0.00232893 0.00419804 0.00562016 -0.00226311 -0.00105035 -0.00302247 -0.00547059 0.0026764 0.00895833 0.000736196 -0.000559339 0.00144774 -0.0016537 0.00308388 -0.00241265 0.000218288 0.00152905 -0.0089701 0.000822928 -0.000173776 0.000972222 -0.00072071 0.00872396 0.00356013 0.00588401 -0.00121868 -0.00194055 0.000101133 0.00299043 0.00571646 -0.00132955 -0.00265731 9.70874e-05 -0.00124393 0.000514403 -0.00252863 -0.00528455 -0.00256194 -0.000251256 -0.00435924 0.00233686 0.0018431 0 0.0077957 0 0.00298507 -0.003125 -0.00106383 -0.00758427
internal_weight=27788 27251 19835 7416 15191 5593 4644 985 15065 14657 2619 12038 537 1473 661 126 3659 1437 2222 422 408 57 812 511 351 1282 301 1800 4120 968 288 878 3152 987 2165 93 155 431 1823 1208 615 206 161 1097 585 512 409 230 249 120 431 196 235 554 526 312 90 129 64 65 44 86
internal_count=27788 27251 19835 7416 15191 5593 4644 985 15065 14657 2619 12038 537 1473 661 126 3659 1437 2222 422 408 57 812 511 351 1282 301 1800 4120 968 288 878 3152 987 2165 93 155 431 1823 1208 615 206 161 1097 585 512 409 230 249 120 431 196 235 554 526 312 90 129 64 65 44 86
cat_boundaries=0 2 4 6 8 10 11 13 14 16
cat_threshold=50337130 1841481 338858066 81702 50332682 788480 33554630 262784 803337 32896 2684354688 3414188293 1310728 268435538 1085520 1026
is_linear=0
shrinkage=0.05


Tree=79
num_leaves=63
num_cat=24
split_feature=15 4 1 7 1 2 1 1 21 1 1 22 21 1 1 11 21 1 13 1 2 15 9 2 5 23 15 11 1 2 14 1 11 5 1 5 22 11 22 15 2 6 2 1 5 5 22 1 9 1 5 5 5 21 11 5 9 1 11 21 8 5
split_gain=6.76036 2.17799 4.49634 2.69571 3.63432 3.06783 3.66544 2.88364 2.86621 2.97608 2.35645 2.15791 2.0782 1.78654 1.70628 1.65638 2.51318 1.9046 1.62486 1.5537 1.49485 1.4297 1.39713 1.39585 1.39327 1.39013 1.34974 1.32389 1.68157 1.6527 1.4491 1.36061 1.43244 1.2537 1.22356 1.15991 1.13406 1.05572 1.10851 1.04178 1.02721 1.01913 1.01696 1.01569 0.992858 1.36731 0.939058 0.935592 0.856529 0.804898 0.678982 2.57727 0.677956 0.676434 0.661484 0.64561 0.623466 0.586269 0.678501 0.585661 0.580175 0.505394
threshold=12.500000000000002 0 1 360.64000000000004 2 3 4 5 70.683333333333351 6 7 158.76825366617956 183.16666666666671 8 9 1622.0500000000002 32.205263157894741 10 1.5000000000000002 11 12 1.5000000000000002 567.58500000000015 13 117.50000000000001 11.500000000000002 5.5000000000000009 2601.3300000000004 14 15 1.5000000000000002 16 3737.5200000000004 202.50000000000003 17 342.00000000000006 31.137687058556509 1515.6700000000003 24.22724502732645 8.5000000000000018 18 2012.74 19 20 41.500000000000007 33.500000000000007 23.306191382379723 21 254.56000000000003 22 185.50000000000003 255.50000000000003 345.00000000000006 29.215384615384618 930.29500000000019 320.50000000000006 680.69000000000017 23 694.46000000000004 78.050000000000011 172.92000000000002 98.500000000000014
decision_type=2 9 9 2 9 1 9 9 2 9 9 2 2 9 9 2 2 9 2 9 1 2 2 1 2 2 2 2 9 1 2 9 2 2 9 2 2 2 2 2 1 2 1 9 2 2 2 9 2 9 2 2 2 2 2 2 2 9 2 2 2 2
left_child=1 2 27 4 23 6 33 11 10 -10 -8 21 13 20 -2 17 34 22 25 24 -6 -7 48 57 -18 -9 35 28 29 30 -1 32 59 46 -17 -25 -20 41 -39 -15 -21 -19 43 -33 45 -30 -5 -35 -4 54 -16 -52 -28 -44 -14 -53 -24 58 -3 -29 -31 -51
right_child=14 3 15 5 12 7 8 18 9 -11 -12 -13 49 39 50 16 19 37 36 40 -22 -23 56 26 -26 -27 52 31 44 60 -32 42 -34 47 -36 -37 -38 38 -40 -41 -42 -43 53 -45 -46 -47 -48 -49 -50 61 51 55 -54 -55 -56 -57 -58 -59 -60 -61 -62 -63
leaf_value=1.7644658973233867 -0.35961211032828438 2.2274528694596092 0.50132926487777485 -0.74792908014130155 -0.44803405531812485 1.5255284313057302 -0.0032169619775814342 -0.11064000171166199 -0.21905571848131392 0.2008397085592952 0.32016358847908855 7.2174161948764066 2.030721226046845 0.094913115248634494 -0.16672692925930532 -0.82537127851768588 0.14291249727637095 0.69731589596320165 -0.44735904418437222 0.40588488543533591 -0.10181332581039104 -0.0068691772093451677 -0.37650914291909388 -0.62999344516986744 -0.089840279593360967 -0.27354804030276458 0.079557571933120214 1.6658844850457735 -0.51826432551287238 2.9561603367423892 -0.48447315051163398 0.0078178814621253419 -0.051614095421531309 0.44783681472325088 -0.011284924061193814 0.61481973711410931 0.037561567381060978 0.96727299930694954 -0.66767583259828234 -0.31297824346082559 0.032583348740098474 -0.01398525720974968 -1.0900102819059609 -0.47117710912440364 -0.81787290863667961 1.169471254594348 -0.16052226467036856 -0.17107602704001154 2.1128572243401047 0.79919493415344367 0.68997408751487999 -0.47376617082863126 -0.40646102984645549 0.25356399693815634 0.10774325604914631 0.061056731966932981 0.93803196783735254 -0.58716473868756014 -0.37725369434130585 1.2242567769921422 -0.5050918619666277 -0.55101366299211385
leaf_weight=90 233 27 60 297 588 425 638 7310 996 916 1548 24 128 699 202 121 335 467 498 323 2419 1935 50 516 665 439 302 38 47 20 45 103 46 121 139 46 146 54 24 21 563 806 24 136 483 20 174 316 188 47 23 47 22 182 60 32 129 899 86 25 317 108
leaf_count=90 233 27 60 297 588 425 638 7310 996 916 1548 24 128 699 202 121 335 467 498 323 2419 1935 50 516 665 439 302 38 47 20 45 103 46 121 139 46 146 54 24 21 563 806 24 136 483 20 174 316 188 47 23 47 22 182 60 32 129 899 86 25 317 108
internal_value=-0.000586521 -0.000474701 0.000408126 -0.000700124 -0.00160777 -0.000353953 0.000662483 -0.00083063 0.00130747 -7.8329e-05 0.00254683 0.00068836 -0.000740877 -0.00109584 -0.00613426 0.0013208 0.000360633 0.00245649 -0.00126844 0.00101906 -0.00163493 0.000507829 0.00536932 -0.00341444 -0.00029615 -0.0010594 -0.00180756 -0.00182505 -0.00290244 -0.000515464 0.00380068 4.48833e-05 0.00481557 -0.00217155 -0.00418251 -0.00331858 -0.00370943 0.00143878 0.00709877 0.00109141 0.00253059 0.0010482 -0.001119 -0.00332341 -0.00475133 0.000178571 -0.00398207 -0.000142045 0.00796813 0.0029263 -0.00299685 0 0.000611621 0.00125571 0.00497512 -0.00411585 0.00171703 -0.00473171 -0.000496032 0.0100379 -0.00246429 0
internal_weight=27788 27251 5500 21751 5968 15783 5006 10777 4098 1912 2186 2384 4070 3727 537 3924 2146 1778 8393 1886 3007 2360 427 1898 1000 7749 886 1576 1022 472 135 554 109 908 260 562 644 1351 78 720 886 1273 445 239 550 67 471 437 248 343 304 102 324 206 188 79 179 1012 113 63 337 155
internal_count=27788 27251 5500 21751 5968 15783 5006 10777 4098 1912 2186 2384 4070 3727 537 3924 2146 1778 8393 1886 3007 2360 427 1898 1000 7749 886 1576 1022 472 135 554 109 908 260 562 644 1351 78 720 886 1273 445 239 550 67 471 437 248 343 304 102 324 206 188 79 179 1012 113 63 337 155
cat_boundaries=0 1 3 5 6 8 10 12 14 16 18 20 22 23 24 26 27 28 30 31 32 34 36 38 40
cat_threshold=48 10847518 985497 362985058 818212 780 185610309 1092896 1231217926 975152 3020555290 348160 7127584 535 2719219841 913 536907809 256 71434305 17952 2785157152 17952 2057 2976 8388610 458889 2116 66580 536871040 16384 456 634 262152 384 1052736 1024 570949641 16 67108864 263200
is_linear=0
shrinkage=0.05


Tree=80
num_leaves=63
num_cat=28
split_feature=15 1 2 7 22 19 1 2 20 4 1 1 2 0 1 1 1 1 2 1 15 2 1 1 4 15 10 1 16 2 4 7 7 22 11 7 10 4 2 20 2 2 10 2 16 16 20 22 10 7 19 20 16 19 19 7 19 11 16 0 7 10
split_gain=6.55347 2.24586 2.08629 2.51888 1.77445 1.72492 3.15863 2.14295 1.93494 1.6696 1.62807 1.57785 1.55759 1.46613 1.80579 1.37111 1.30605 1.27398 1.19104 1.22441 1.13959 1.13909 3.1653 2.06226 2.07885 1.76457 1.57315 1.29672 1.07806 0.994642 1.07555 1.0232 0.947996 1.15353 0.902584 0.798606 1.24696 0.772217 2.03005 0.963064 0.712137 0.676868 0.880542 0.667422 0.835364 0.634417 0.629251 0.627652 0.563676 0.54455 0.596297 0.526042 0.505561 0.498553 0.492902 0.481782 0.45092 0.435438 0.387057 0.371454 0.334784 0.331143
threshold=12.500000000000002 0 1 504.35000000000008 37.478284305894114 1941.3150000000003 2 3 270.50000000000006 4 5 6 7 8 9 10 11 12 13 14 7.5000000000000009 15 16 17 18 5.5000000000000009 1726.9950000000001 19 0.75000136083057856 20 21 1083.2350000000004 1212.7400000000002 83.475537149077311 1440.8850000000004 90.465000000000018 1500.5450000000003 22 23 25.500000000000004 24 25 1591.9200000000003 26 1.2993843550730835 2.0764463795680341 7.5000000000000009 55.60890018603483 603.42500000000007 1309.5100000000004 1978.885 43.500000000000007 0.99999879037135619 2851.1000000000004 160.28000000000023 633.62500000000011 495.87999999999994 2601.3300000000004 1.9019869049200084 27 828.23500000000013 1667.47
decision_type=2 9 1 2 2 2 9 1 2 9 9 9 1 1 9 9 9 9 1 9 2 1 9 9 9 2 2 9 2 1 9 2 2 2 2 2 2 9 1 2 1 1 2 1 2 2 2 2 2 2 2 2 2 2 2 2 2 2 2 1 2 2
left_child=1 2 17 20 13 8 7 46 21 10 40 61 -12 15 -15 -5 29 34 54 -20 37 22 25 26 -25 -3 -23 -24 -19 30 -10 -31 33 -11 48 -30 -37 38 -4 -39 -8 42 -22 44 52 -45 60 56 -1 50 -9 -51 -13 -34 -18 -48 -6 -36 -46 -49 -7 -2
right_child=11 5 3 4 47 6 9 49 16 32 12 43 -14 14 -16 -17 18 28 19 -21 41 23 27 24 -26 -27 -28 -29 35 31 -32 -33 53 -35 57 36 -38 39 -40 -41 -42 -43 -44 45 58 -47 55 59 -50 51 -52 -53 -54 -55 -56 -57 -58 -59 -60 -61 -62 -63
leaf_value=-1.8257445057115118 -0.18808021726397081 -0.23029765234188684 -0.54422311061506901 -0.21820449931507024 -0.96482637762130818 2.7115674985928595 0.1503028323608076 0.24772781078635192 -0.50350410822299096 -0.25813645481378239 1.0620491450152514 -0.12787640463963212 0.13821800488872213 -0.64612537603842568 0.12476957764436102 0.36252402200843703 1.3570680693658574 0.72013397812310931 0.78041168376613546 1.8692282853458835 0.037870633738561033 -0.062644263323849717 0.66988320919100008 -0.061390301487657166 0.16502279062826553 0.044905883664497992 -0.17756356371669499 0.058401144257568309 -0.47370438533523257 -1.357761189959986 2.3303761958626441 0.80509934675040862 1.2667069701614264 3.0494046527463818 -0.89699391282758612 0.35610854792596014 -0.11777604294313804 -0.054785556913815016 0.55635939773625565 -0.56425173453173461 -0.54178689595869078 -0.41328046846567512 -0.5108992129920068 -0.18328241831181025 -0.16790092709958948 0.037253756703382025 -0.48410609097474222 -0.25234883845844464 2.3482874793318826 -2.2035336362933893 -0.83780522753377284 1.4914512535863709 0.27666647564099572 -1.3217784593377786 -0.13544151538934912 0.25320497403052239 0.018121489444423135 -0.37234957687509668 0.0075246253729058139 1.6748684146576864 0.00033437373479046074 -0.34469619157236853
leaf_weight=22 21 1886 115 312 99 22 128 32 143 922 136 20 279 105 142 430 53 42 334 273 96 5125 176 2212 1672 384 2546 5019 42 190 212 76 79 40 47 339 173 211 126 962 198 223 40 183 36 21 220 114 28 21 712 21 20 24 222 92 20 56 24 25 33 212
leaf_count=22 21 1886 115 312 99 22 128 32 143 922 136 20 279 105 142 430 53 42 334 273 96 5125 176 2212 1672 384 2546 5019 42 190 212 76 79 40 47 339 173 211 126 962 198 223 40 183 36 21 220 114 28 21 712 21 20 24 222 92 20 56 24 25 33 212
internal_value=-0.000579324 -0.000469197 -0.00160299 -0.00219255 -0.00043 -0.000284103 -0.00141374 -0.00344125 -0.000118752 -6.87191e-05 0.00170756 -0.00604167 0.00376752 0.000491431 -0.00275 0.0016443 0.00160193 0.000705381 0.00282123 0.00405242 -0.00341357 -0.000257583 0.000218976 -0.000569459 0.000359251 -0.00132501 -0.001046 0.000904858 0.00180624 -9.85804e-05 0.00152853 -0.00241935 -0.00135668 -0.00189119 -0.00308735 0.00112208 0.00174757 -0.00269936 0 -0.00321459 -0.000811209 -0.00604282 -0.00201342 -0.00299685 0 -0.00460829 -9.86842e-05 -0.00411877 0.00141509 -0.00491239 -0.00528782 0 0.00581395 0.00294811 0 -0.00111111 -0.00686475 -0.00601415 -0.0031746 -0.00132042 0.00452586 -0.00919715
internal_weight=27788 27251 3769 3020 1247 23482 2959 1153 20523 1806 741 537 415 989 247 742 1503 749 882 607 1773 19020 7465 11555 3884 2270 7671 5195 596 621 355 266 1065 962 153 554 512 1414 241 1173 326 359 136 304 100 204 367 258 50 786 744 42 40 103 275 312 119 103 60 139 55 233
internal_count=27788 27251 3769 3020 1247 23482 2959 1153 20523 1806 741 537 415 989 247 742 1503 749 882 607 1773 19020 7465 11555 3884 2270 7671 5195 596 621 355 266 1065 962 153 554 512 1414 241 1173 326 359 136 304 100 204 367 258 50 786 744 42 40 103 275 312 119 103 60 139 55 233
cat_boundaries=0 2 3 5 6 7 9 11 12 13 15 17 19 21 22 24 25 27 29 30 32 33 34 35 36 37 38 39 40
cat_threshold=2110560 1579333 14 807272714 360472 1864 18 32917 2 536907809 256 3340 1 8288 256 2097216 1048641 2518581383 65538 2106368 526336 2242 536871424 16512 816 2337767947 286760 872514460 476322 13 268435456 131074 2916 10 16 848 1605 3137 540 1
is_linear=0
shrinkage=0.05


Tree=81
num_leaves=58
num_cat=10
split_feature=15 1 6 2 7 1 7 1 1 6 2 10 1 1 2 22 15 11 19 18 15 13 10 19 2 7 21 7 22 7 7 15 21 9 15 10 7 7 22 18 7 7 7 11 21 22 22 22 10 7 19 10 23 10 7 10 22
split_gain=5.99418 2.19011 1.87165 1.85674 2.14291 1.74306 1.72331 2.29838 1.83255 2.44582 1.77846 2.36244 2.29373 1.64326 1.56452 1.5523 1.51511 1.4302 3.44454 1.37132 1.26093 1.25178 1.17335 1.05352 0.883563 0.880079 0.836975 0.815995 0.807088 0.697911 0.684398 0.6693 0.627939 0.587731 0.549437 0.41622 0.814416 0.884414 0.759571 0.953299 0.917093 0.598573 0.398868 0.463558 0.390271 0.314298 0.407164 0.266392 0.250615 0.189045 0.164126 0.163496 0.740697 0.126872 0.096998 0.0748827 0.0689955
threshold=12.500000000000002 0 3650.2500000000005 1 1654.5750000000003 2 1240.0450000000003 3 4 2012.74 5 1667.47 6 7 8 69.974393997729734 6.5000000000000009 2503.8900000000008 700.04499999999996 0.12776461168803829 8.5000000000000018 1.5000000000000002 4538.8900000000012 1656.1050000000002 9 1276.8950000000002 94.535714285714292 1635.5000000000002 49.060846150522039 1343.4050000000004 93.700000000000017 4.5000000000000009 41.041666666666679 495.66500000000008 17.500000000000004 1500.5450000000003 890.58500000000015 1261.3200000000004 65.04741828570269 1.3627821321512077 137.89500000000001 211.25500000000002 1076.1900000000003 3593.4700000000003 116.08333333333336 32.37292843274745 29.951070879836482 12.72836845149839 1607.6600000000003 180.01500000000001 4257.3200000000006 3126.2750000000001 22.500000000000004 3984.8800000000006 192.905 2690.4700000000007 11.746108768714258
decision_type=2 9 2 1 2 9 2 9 9 2 1 2 9 9 1 2 2 2 2 2 2 2 2 2 1 2 2 2 2 2 2 2 2 2 2 2 2 2 2 2 2 2 2 2 2 2 2 2 2 2 2 2 2 2 2 2 2
left_child=1 3 6 23 16 51 8 24 9 15 12 -12 -10 27 29 -3 28 18 -9 50 -19 -11 -21 35 25 -8 -26 44 33 32 -30 54 -15 -5 42 38 41 -38 39 -1 -40 -37 43 48 49 46 -18 56 -7 -4 -16 -2 53 -53 -25 -6 -45
right_child=5 2 13 4 55 34 7 17 10 21 11 -13 -14 14 19 -17 45 20 -20 22 -22 -23 -24 31 26 -27 -28 -29 30 -31 -32 -33 -34 -35 -36 36 37 -39 40 -41 -42 -43 -44 47 -46 -47 -48 -49 -50 -51 -52 52 -54 -55 -56 -57 -58
leaf_value=-0.028325756352914056 -0.1163162032023351 0.54119996374078283 -0.33382639511565809 -0.46056410694586775 1.1252973091797855 -0.17867620640077214 0.0096662050401242552 2.3774567237578199 -0.24202920776353309 -0.083810655088391528 -0.041743440925984032 -0.16080531670891141 0.082432799064970835 0.26857669046659532 -1.2929797307218844 3.9325081640579129 -0.31486737445487645 -0.15059007246107578 -0.60170046487697282 -0.076657293292532819 0.21239356880605806 0.71745523727788418 -0.40412102727221488 -0.35684378782682347 0.52729261085392454 1.8211674709416468 0.011346333233799299 0.12106252463922758 -0.1003558839429978 -0.4205788800439404 -1.2866809387502476 0.24455654437764363 0.026160165456432696 -0.034170509892206984 -0.36149662749313605 0.343454212896176 0.81840568750560616 -0.38821913674308189 -0.46961222327744356 0.60240325260072491 2.0126072149431891 -0.50448310755106063 -0.034463390047469032 -0.10772392101703154 0.06902355049641784 -1.1254770834150112 0.22953366985285939 -0.37660834557218853 0.036621207246832557 -0.50389623530358374 -1.6681304059999555 0.0035553227260751719 0.35883461906258918 -0.30056041125337335 -1.6236567544164324 0.53042781215718993 -0.11578116719046179
leaf_weight=437 39 564 23 381 21 37 35 219 1190 1184 10106 2795 3619 104 28 64 268 1007 276 1717 43 81 210 24 466 108 296 32 52 36 171 24 215 543 87 22 47 62 25 60 31 151 34 91 23 89 25 139 21 260 60 20 22 24 37 20 23
leaf_count=437 39 564 23 381 21 37 35 219 1190 1184 10106 2795 3619 104 28 64 268 1007 276 1717 43 81 210 24 466 108 296 32 52 36 171 24 215 543 87 22 47 62 25 60 31 151 34 91 23 89 25 139 21 260 60 20 22 24 37 20 23
internal_value=-0.000539743 -0.00043434 -0.000289114 -0.00184778 -0.00289008 -0.00576389 -0.000134317 0.00111088 -0.00029264 0.00117392 -0.000452801 -0.000759834 0.000360328 -0.0015308 -0.00101762 0.00372425 -0.00323923 -4.01155e-05 0.00213353 -0.00157175 -0.00111586 -4.92902e-05 -0.00126295 0 0.00309096 0.0068109 0.00222581 -0.00477208 -0.00225 0.00193614 -0.00503319 -0.00525568 0.00283385 -0.00151025 -0.00707865 0.000492243 -0.000964912 0.00212054 0.00132644 0.000575 0.00677966 -0.00319602 -0.00592672 -0.00648885 -0.00574434 -0.00603896 -0.00477196 -0.0074707 -0.00122951 -0.00625 -0.00769231 0 0.00181159 -0.00106383 -0.00800781 0.00767045 -0.00448718
internal_weight=27788 27251 24761 2490 1570 537 22053 2450 19603 1893 17710 12901 4809 2708 2370 628 1529 1545 495 2015 1050 1265 1927 920 905 143 762 338 1147 355 223 85 319 924 432 835 282 109 553 497 56 173 345 311 306 382 293 253 58 283 88 105 66 44 61 41 114
internal_count=27788 27251 24761 2490 1570 537 22053 2450 19603 1893 17710 12901 4809 2708 2370 628 1529 1545 495 2015 1050 1265 1927 920 905 143 762 338 1147 355 223 85 319 924 432 835 282 109 553 497 56 173 345 311 306 382 293 253 58 283 88 105 66 44 61 41 114
cat_boundaries=0 2 3 5 7 9 10 12 14 15 16
cat_threshold=2101312 1579268 2126 132 262272 876781592 50691 1363231232 229424 772 2316574743 8201 263944 262160 1544 24
is_linear=0
shrinkage=0.05


Tree=82
num_leaves=63
num_cat=15
split_feature=15 1 5 17 0 22 1 1 19 0 1 1 22 18 22 19 17 1 20 15 18 21 22 16 21 4 18 1 20 1 20 22 19 16 18 1 23 1 17 20 5 23 4 21 23 21 19 18 20 17 20 17 18 5 1 21 18 5 18 22 22 22
split_gain=5.50498 2.22002 2.93177 1.98611 1.96491 3.07572 4.36771 2.67236 2.12426 1.95643 2.69861 1.85721 2.30911 1.5758 1.927 1.38872 3.44231 1.8432 1.35171 1.3224 1.24196 1.23404 1.23132 1.27843 1.21439 1.17886 1.37125 1.25577 1.05615 1.0496 0.982972 0.925936 1.19285 1.42313 0.903448 0.885072 0.867327 0.860138 0.799686 0.789466 0.766604 0.710892 0.683994 0.981667 0.795039 0.753479 0.627597 0.568376 0.565217 0.522041 0.576904 0.484531 0.474453 0.404701 0.40177 0.389557 0.354469 0.349012 0.274299 0.187918 0.181466 0.131505
threshold=14.500000000000002 0 265.50000000000006 1.482243933635824 1 24.042620865182638 2 3 5005.8400000000011 4 5 6 52.376839664417311 2.3404036445576568 22.279916708161881 1389.7950000000003 2.6666706987621476 7 258.50000000000006 7.5000000000000009 2.1316612366060768 43.675438596491233 18.013532425442474 1.5000989906210365 298.25000000000006 8 0.29525429969309325 9 64.500000000000014 10 160.50000000000003 41.724359750894379 1415.5450000000003 0.95430773987931417 1.5440072210826827 11 2.5000000000000004 12 2.4806825284506257e-05 94.500000000000014 221.50000000000003 16.500000000000004 13 37.516666666666673 2.5000000000000004 35.845238095238102 1450.0699999999999 0.4542304878969094 23.500000000000004 1.1894128112404341 30.500000000000004 2.2181149928201691 0.37274592583933114 26.500000000000004 14 28.020833333333339 0.52116104209921299 354.50000000000006 2.2967981627535248 11.93091221803429 25.030517082713164 14.717902832312268
decision_type=2 9 2 2 1 2 9 9 2 1 9 9 2 2 2 2 2 9 2 2 2 2 2 2 2 9 2 9 2 9 2 2 2 2 2 9 2 9 2 2 2 2 9 2 2 2 2 2 2 2 2 2 2 2 9 2 2 2 2 2 2 2
left_child=1 2 19 9 8 7 34 30 15 11 13 25 24 20 -15 16 -5 -17 -9 31 -11 -8 38 -24 -13 27 -27 -3 52 46 -6 32 33 -1 -7 36 -33 49 -12 -14 60 48 45 56 -45 55 57 -34 -2 61 -51 -30 -10 -37 -47 -31 -44 58 -4 -43 -39 -21
right_child=41 3 29 4 5 6 21 18 28 10 22 12 39 14 -16 17 -18 -19 -20 37 -22 -23 23 -25 -26 26 -28 -29 51 42 -32 35 47 -35 -36 53 -38 40 -40 -41 -42 59 43 44 -46 54 -48 -49 -50 50 -52 -53 -54 -55 -56 -57 -58 -59 -60 -61 -62 -63
leaf_value=-0.68858081600917664 0.27474772016870164 -0.29263474232131576 -0.46622660295316048 0.027094321912137079 -0.55034081097956367 -0.3194933874248207 -0.28885962269818749 -0.15457677655651025 -1.0230500261359905 0.4385489563898623 1.8079889771337858 -0.20590514111963287 -0.16061428437748299 0.13351792130581916 -0.52255611282802106 -0.21940455648766566 0.73133579958433481 0.13011337921669011 1.5875935334161881 -0.077423922142991763 0.68245707677581202 1.3380563874615932 -0.23824574230727935 0.10278527545119953 4.249159994657421 2.1706249049873878 0.018321054527436688 0.026307094216894457 -1.1282894345171535 0.60485037780261774 -0.17157479458449387 1.1702582327546176 -0.41683159458974672 -0.0057035627184028222 0.10802033795047664 -0.4397051427023243 -0.61695512044551748 -0.18950949188505009 -0.15263135211763734 0.16226860945899624 -0.11540466722497644 -0.14895803200162083 -0.30051566507531935 0.4857167568106821 -0.4326149632486514 0.19861573208402669 1.6352736157938381 -0.63699730389632381 -0.44830860464990502 -0.1254354048119449 0.33412617539005612 1.414840505624219 -0.21951525872221814 -0.81497399440450224 1.1301788390349372 -0.43169592126280532 0.52529367678102312 0.067199567374933808 0.055619020167236327 -0.39274368340009369 -0.71461301273743993 -0.42643672257709114
leaf_weight=135 20 488 184 4856 1083 377 47 1252 114 588 24 3865 144 176 147 2183 1715 1614 181 26 43 419 295 734 20 77 1095 335 22 62 232 50 439 1378 223 28 229 226 756 442 47 52 20 46 110 166 25 41 20 25 25 23 20 262 123 33 35 20 24 184 137 26
leaf_count=135 20 488 184 4856 1083 377 47 1252 114 588 24 3865 144 176 147 2183 1715 1614 181 26 43 419 295 734 20 77 1095 335 22 62 232 50 439 1378 223 28 229 226 756 442 47 52 20 46 110 166 25 41 20 25 25 23 20 262 123 33 35 20 24 184 137 26
internal_value=-0.000527149 -0.000454298 -0.00155654 -0.000267974 9.65957e-05 -0.000871103 0.00137979 -0.001763 0.000451422 -0.000840825 0.000257592 -0.00131782 -0.00188169 0.00240434 -0.000268405 0.000549609 0.000990645 -0.000200658 -0.000216113 -0.00228307 0.00388407 0.00495825 -0.000857574 0.000230136 -0.00233089 -1.86753e-05 0.000970464 -0.00148026 -0.00487637 0.000998825 -0.00337914 -0.00178363 -0.00123372 -0.000502968 -0.00138662 -0.00360577 -0.00115582 -0.00466019 -0.00236271 0.000976231 -0.00561466 -0.00752688 0.00215872 0 -0.00220126 0.0034005 -0.00155075 -0.00341615 0 0 0.00330189 0.00078125 -0.00711679 -0.00552805 0.00475171 0 0.00538793 -0.0025974 -0.00331754 -0.00857741 -0.00652322 -0.00363636
internal_weight=27788 27512 3922 23590 14361 3814 1066 2748 10547 9229 2763 6466 4471 954 323 10368 6571 3797 1433 3074 631 466 1809 1029 3885 1995 1172 823 179 848 1315 2562 1993 1513 600 569 279 512 780 586 410 276 595 211 156 384 253 480 40 102 50 45 134 290 289 95 55 228 208 236 363 52
internal_count=27788 27512 3922 23590 14361 3814 1066 2748 10547 9229 2763 6466 4471 954 323 10368 6571 3797 1433 3074 631 466 1809 1029 3885 1995 1172 823 179 848 1315 2562 1993 1513 600 569 279 512 780 586 410 276 595 211 156 384 253 480 40 102 50 45 134 290 289 95 55 228 208 236 363 52
cat_boundaries=0 2 3 5 7 8 10 12 14 15 17 19 21 23 24 26
cat_threshold=2101346 1580293 1 621592704 344064 247767433 262800 1 366756736 262192 1330143745 303746 2707194776 335920 6 4719104 642 2097186 526340 96 1053700 2097154 524289 28 4096 1052672
is_linear=0
shrinkage=0.05


Tree=83
num_leaves=60
num_cat=12
split_feature=15 1 5 20 11 11 1 1 5 1 20 7 19 20 5 20 1 1 1 1 4 5 11 20 10 7 22 5 19 22 1 1 5 10 20 5 1 19 22 11 7 11 23 11 5 22 11 5 5 5 7 22 5 9 10 20 5 5 23
split_gain=4.65759 1.83116 3.05689 1.80889 1.99659 2.53362 1.64977 1.57968 1.51344 1.42565 2.51061 1.41561 1.30594 1.22168 2.57802 2.2298 2.48294 1.99684 1.71985 1.45151 1.1151 1.05886 0.961468 0.822948 1.03517 0.821523 0.774186 0.746517 0.735746 0.735125 1.72271 1.02973 0.647245 0.638571 0.601455 1.57439 1.03034 2.51627 0.943336 0.829891 0.693341 0.655623 0.574509 1.34312 0.605118 0.554253 0.453656 0.436467 2.3803 0.785854 0.422455 0.403186 0.374733 0.405326 0.240035 0.218701 0.199449 0.0958599 0.0891835
threshold=12.500000000000002 0 257.50000000000006 202.50000000000003 979.86500000000012 800.32000000000005 1 2 72.500000000000014 3 412.50000000000006 1654.5750000000003 5005.8400000000011 7.5000000000000009 72.500000000000014 43.500000000000007 4 5 6 7 8 159.50000000000003 1080.6650000000002 1.5000000000000002 1332.2250000000001 992.0350000000002 87.385330244770543 60.500000000000007 6498.8750000000009 1.0000000180025095e-35 9 10 57.500000000000007 3192.5400000000004 131.50000000000003 263.50000000000006 11 239.07999999999973 36.083113383039226 1763.8150000000003 726.9100000000002 1306.4600000000003 2.5000000000000004 1015.3900000000001 245.50000000000003 28.285970921240501 1118.8500000000004 255.50000000000003 185.50000000000003 320.50000000000006 248.01500000000001 17.337887119170606 87.500000000000014 1105.6700000000003 1667.47 168.50000000000003 319.50000000000006 130.50000000000003 14.500000000000002
decision_type=2 9 2 2 2 2 9 9 2 9 2 2 2 2 2 2 9 9 9 9 9 2 2 2 2 2 2 2 2 2 9 9 2 2 2 2 9 2 2 2 2 2 2 2 2 2 2 2 2 2 2 2 2 2 2 2 2 2 2
left_child=1 2 11 12 5 7 54 27 -9 10 22 20 13 14 18 16 -15 -17 -3 -16 23 45 -6 24 -1 -25 50 -5 -23 31 -31 -11 58 -13 35 -4 37 55 39 -37 -40 56 43 -22 -44 -14 -39 48 52 -49 -7 -30 -34 -54 -2 -36 -38 -12 -8
right_child=6 3 34 4 9 26 32 8 -10 29 57 33 21 15 19 17 -18 -19 -20 -21 42 28 -24 25 -26 -27 -28 -29 51 30 -32 -33 47 -35 36 38 41 46 40 -41 -42 -43 44 -45 -46 -47 -48 49 -50 -51 -52 -53 53 -55 -56 -57 -58 -59 -60
leaf_value=-0.085616258689157843 -0.16026692148648111 0.11647705251064054 0.97563782704581681 2.382644686647339 -0.90311758976341638 -0.46901998563696845 -0.21980313854055256 -0.87880756555676387 2.2191710655570724 0.35420402449906163 6.3294754979398293 0.2578423023013498 -0.8774456628587407 -0.205968011766133 -0.015859404324566385 -0.16298186314795374 0.022155153787143791 -0.00017246237079078243 -0.81527290655487406 0.76116862198155821 -1.2089627519404431 0.36575652620672749 0.34766808859994713 -0.18769520207088136 2.1779653538518264 -0.70978063441005634 -0.60850666998546077 -0.56591981145914905 -0.94574723071993516 0.67729306095704134 -0.53865655138990431 -0.27353563519924651 0.015852483896712854 1.1478098001529613 0.75364158321350061 0.86791368477618258 -0.5745690909789225 -1.0108386448831859 -0.33276036749453053 0.00461230381467761 1.0769078057078787 -1.5080136160405404 -0.4965707004998996 0.16256908769242387 0.070213190326779085 -0.086352650234118755 1.2317843071367465 -0.40499571710111476 0.61216344539231571 0.036608068538145487 2.6824545966824331 0.15116926463081573 0.025392359153302735 -0.21023145963228737 -0.31273153919004815 3.2642228402785523 0.97145856160078958 2.2334403793237585 -0.40134094889886179
leaf_weight=118 21 425 20 100 66 20 22 97 375 639 20 38 120 2761 711 1851 1185 11657 617 1009 185 35 732 1249 22 166 25 343 31 106 417 304 31 22 20 153 31 34 115 200 33 70 480 195 22 29 25 49 25 34 271 20 27 90 201 33 25 29 37
leaf_count=118 21 425 20 100 66 20 22 97 375 639 20 38 120 2761 711 1851 1185 11657 617 1009 185 35 732 1249 22 166 25 343 31 106 417 304 31 22 20 153 31 34 115 200 33 70 480 195 22 29 25 49 25 34 271 20 27 90 201 33 25 29 37
internal_value=-0.000509158 -0.000415994 -0.00152952 -0.000261892 0.000775303 0.00240073 -0.00511574 0.000994009 0.00298969 -7.01641e-05 0.00152616 -0.002385 -0.00044429 -0.00039814 0.00056962 -0.000554219 -0.00160167 -0.000244245 -0.00136364 0.00177017 -0.00258709 -0.00414916 0.000780275 -0.00168208 0.00174825 -0.00207158 0.00626959 -0.00106908 0 -0.0010311 -0.00254278 -0.000145349 -0.00224848 0.0047619 0.00119751 0.0021708 -0.000726141 0.0024 0.00146329 0.00291433 -0.00165563 -0.00377698 -0.00405028 -0.00234987 -0.00529703 -0.00666118 -0.00383065 -0.000965251 0.000213068 -0.00392442 0.00701531 -0.00347222 -0.00198675 -0.0034375 -0.00840426 0.0104911 0 0.0122596 -0.00705645
internal_weight=27788 27251 3256 23995 3544 1231 537 915 472 2313 847 2497 20451 20216 2762 17454 3946 13508 1042 1720 2437 235 798 1555 140 1415 316 443 86 1466 523 943 315 60 759 521 238 112 501 353 148 126 882 380 502 149 59 256 173 83 291 51 148 117 222 53 56 49 59
internal_count=27788 27251 3256 23995 3544 1231 537 915 472 2313 847 2497 20451 20216 2762 17454 3946 13508 1042 1720 2437 235 798 1555 140 1415 316 443 86 1466 523 943 315 60 759 521 238 112 501 353 148 126 882 380 502 149 59 256 173 83 291 51 148 117 222 53 56 49 59
cat_boundaries=0 2 4 6 8 10 12 14 16 17 19 21 23
cat_threshold=2101312 1580293 536907777 256 546046096 294912 2256691620 442368 2786370984 327824 92471332 49248 537166096 82432 2173485754 81928 22 1572872 65536 537723409 138 4160 1
is_linear=0
shrinkage=0.05


Tree=84
num_leaves=63
num_cat=21
split_feature=14 1 2 8 1 20 4 20 2 1 1 6 2 7 22 5 1 5 1 20 1 2 20 1 7 8 5 22 1 16 20 2 1 16 5 19 16 7 16 23 16 2 1 19 22 1 7 18 5 4 6 16 16 7 19 1 7 16 5 7 20 20
split_gain=3.0257 4.54343 2.98923 1.56647 4.436 2.63178 1.47143 1.6777 2.33401 1.40231 1.24765 1.41132 1.29194 1.68541 2.48354 1.6262 1.75456 2.91453 1.52363 1.44382 1.3951 1.79402 1.46358 1.27014 1.60914 1.25792 1.18007 1.30014 2.42515 1.35736 1.13813 1.52265 1.1315 1.01017 1.00013 1.99039 1.0926 1.45492 0.97029 1.20069 0.964858 0.944794 1.2265 1.12891 0.989262 0.946259 0.940057 0.936766 1.45648 0.888343 0.964666 0.884875 1.3383 1.29607 1.2081 1.43172 1.46671 0.943404 1.14262 0.840269 0.826727 0.810639
threshold=2.5000000000000004 0 1 290.89000000000004 2 71.500000000000014 3 98.500000000000014 4 5 6 3650.2500000000005 7 1276.8950000000002 158.76825366617956 78.500000000000014 8 160.50000000000003 9 172.50000000000003 10 11 238.50000000000003 12 661.34500000000014 509.29500000000007 312.50000000000006 17.337887119170606 13 0.65226185826365035 59.500000000000007 14 15 0.99999879037135619 221.50000000000003 1870.9050000000002 1.7145370871544758 363.51500000000004 1.1133986672467178 6.5000000000000009 1.3333504241097476 16 17 1901.3400000000004 91.589659403709803 18 352.87500000000006 1.9438401885638208 314.50000000000006 19 7388.420000000001 1.5222553065441262 1.0006979794612769 171.36000000000004 2976.190000000001 20 104.64000000000001 0.4121828247032408 83.500000000000014 864.61500000000012 35.500000000000007 270.50000000000006
decision_type=2 9 1 2 9 2 9 2 1 9 9 2 1 2 2 2 9 2 9 2 9 1 2 9 2 2 2 2 9 2 2 1 9 2 2 2 2 2 2 2 2 1 9 2 2 9 2 2 2 9 2 2 2 2 2 9 2 2 2 2 2 2
left_child=3 26 34 4 5 30 -7 8 -8 60 11 41 15 14 18 23 17 -17 -14 -18 22 -22 -15 24 -12 -16 27 -2 29 -29 31 -1 -13 -11 35 36 37 -3 39 -35 -30 43 -43 45 -44 -5 -25 -36 -49 -34 -51 52 57 -54 55 -53 -57 58 -6 -31 -4 -9
right_child=1 2 9 10 51 6 7 61 -10 33 12 32 13 20 25 16 19 -19 -20 -21 21 -23 -24 46 -26 -27 -28 28 40 59 -32 -33 49 38 47 -37 -38 -39 -40 -41 -42 42 44 -45 -46 -47 -48 48 -50 50 -52 54 53 -55 -56 56 -58 -59 -60 -61 -62 -63
leaf_value=-0.12275509451106653 -0.22463574480255347 -0.15722113470749832 -0.32978500899723634 -0.063303707242582871 -0.013165563611878284 -0.76941382596506525 1.2616352759468636 -0.35605792648821366 -0.094674110061369277 -0.28643145944494697 -0.27888597713998814 -0.4938706976778594 0.41314646244906045 -0.44622460485256998 -0.10501937588922204 1.9491440287249162 0.029346190671579467 0.13931717415229344 -0.063404071756709077 1.3430366603665094 -0.17372743226094942 0.74831036116596872 1.0456688998602885 1.028365758132652 1.4139715821711123 1.8731105236828804 -0.008505156365786349 0.29909242911045653 -0.17848411360568228 -0.48320479900998381 -0.67149022388443369 -0.58936473834999958 0.21982531663092006 -0.48181086298169262 -0.1423182628044673 0.91286098617929889 -0.13033571675566832 0.2060835710708851 0.01214473183264806 0.3558685583821965 0.11737398546786855 -0.41413393167065848 -0.065787112500071743 -1.6435230794911757 1.1731079673226028 0.19281290947637367 -0.49408360695986853 -0.32503904159959734 0.29054523817452821 -0.71380812269072114 0.26260659999644886 1.7157778222260818 -0.90945943363076376 1.1963275853744386 2.376328336793486 0.63643713159806481 -0.63802630489510814 -0.51518219205653826 1.4067323425403622 0.48673110545783482 -0.023054217984843462 0.96450334212564215
leaf_weight=446 948 45 540 411 279 200 104 688 217 168 183 237 517 267 25 138 2207 268 8974 591 153 573 49 42 145 47 205 28 174 227 287 481 175 21 123 21 47 101 412 46 194 905 2023 78 103 1318 483 30 32 218 29 133 27 101 48 41 346 126 268 24 297 154
leaf_count=446 948 45 540 411 279 200 104 688 217 168 183 237 517 267 25 138 2207 268 8974 591 153 573 49 42 145 47 205 28 174 227 287 481 175 21 123 21 47 101 412 46 194 905 2023 78 103 1318 483 30 32 218 29 133 27 101 48 41 346 126 268 24 297 154
internal_value=-0.000491166 -0.00182786 -7.25211e-05 -0.000284657 -0.00119651 -0.00241795 -0.000869327 -0.000116922 0.00289352 -0.0011356 -0.000103536 -0.00074637 0.000134583 -0.000151865 -0.000364572 0.000893735 0.00141877 0.00447494 -0.000441068 0.000933831 0.00174641 0.00294317 -0.000911854 -0.00100759 0.00131965 0.00866667 -0.0036128 -0.00409105 -0.00221154 -0.00560788 -0.00412901 -0.0031586 -0.00292674 0.000549242 0.00367112 0.00610599 0.00401786 0.00620805 0.00178942 0.00732143 0.000393701 -0.000438959 -0.000981439 0.000446429 -0.000292193 0.00074336 -0.00253253 0.000731383 0.00576923 -0.00109195 -0.00302885 0.00107634 0.00216107 0.00687023 -0.000350263 -0.00114723 -0.00271875 0.00116494 0.00211364 -0.0070374 -0.00248529 -0.00133136
internal_weight=27788 3683 1883 24105 3946 2577 1363 1163 321 1484 20159 5497 14662 10605 9563 4057 3204 406 9491 2798 1042 726 316 853 328 72 1800 1595 647 279 1214 927 659 647 399 214 193 146 479 67 368 4838 3031 1807 2126 1729 525 185 62 422 247 1369 801 128 568 520 387 673 547 251 837 842
internal_count=27788 3683 1883 24105 3946 2577 1363 1163 321 1484 20159 5497 14662 10605 9563 4057 3204 406 9491 2798 1042 726 316 853 328 72 1800 1595 647 279 1214 927 659 647 399 214 193 146 479 67 368 4838 3031 1807 2126 1729 525 185 62 422 247 1369 801 128 568 520 387 673 547 251 837 842
cat_boundaries=0 2 3 5 6 7 9 11 12 14 16 18 19 21 23 24 26 27 29 31 32 34
cat_threshold=108041339 263041 1540 2998055684 294405 1 289 2685141760 16400 2957657 593267 296 364905988 135168 1208107520 1179660 2172651140 4096 1538 638582784 49152 1053722 256 3238 524552 524338 2588 262464 3393 73736 524386 6 589834 98304
is_linear=0
shrinkage=0.05


Tree=85
num_leaves=63
num_cat=12
split_feature=15 1 20 1 21 1 15 1 17 1 3 21 16 1 8 1 15 20 0 19 15 22 18 16 16 17 16 20 21 3 17 22 10 17 6 18 21 21 16 18 19 20 1 10 22 19 8 17 10 8 10 20 17 21 17 17 3 17 18 20 20 17
split_gain=3.9187 1.91198 1.49009 1.84563 1.58808 2.63483 1.74068 2.18119 2.15316 3.04614 2.43728 1.63522 1.55317 1.46026 1.58154 1.45312 1.345 1.34539 1.30599 1.5578 1.301 1.45265 1.95314 1.67887 1.38796 1.22917 1.15378 1.128 1.07558 1.01857 0.878801 0.864367 1.13107 0.938051 0.832641 0.698295 0.686636 0.683146 0.630328 0.575233 0.516606 0.594128 0.488531 0.734193 0.478741 0.523404 0.466977 0.416383 0.40864 0.372933 0.368289 0.319722 0.426517 1.06108 0.307598 0.705729 0.304558 0.231003 0.217391 0.212434 0.143389 0.139946
threshold=12.500000000000002 0 357.50000000000006 1 125.55000000000001 2 5.5000000000000009 3 2.0296402017298001 4 5 38.02272727272728 1.337481654242106 6 563.18500000000006 7 2.5000000000000004 267.50000000000006 8 1450.0699999999999 7.5000000000000009 41.724359750894379 0.50216332688299137 0.96640520358339266 1.3428318499128016 1.354589279961927 1.8000010583951911 20.500000000000004 241.25000000000003 9 1.7041648798672855 16.407124757554133 2597.0800000000004 1.4117616696578621 3372.3600000000001 0.43179634329465005 214.16666666666671 74.683333333333351 2.0196937982403731 2.5924226612448575 756.3950000000001 402.00000000000006 10 2285.3250000000003 12.021426933115455 1794.3950000000002 223.16500000000002 1.0000009304835726 1632.0450000000003 1309.3150000000003 1135.4250000000004 63.500000000000007 1.2550027487155813 40.023809523809533 1.0495213577484683 1.1809550693381154 11 1.0061042275537195 0.84395559304538215 22.500000000000004 32.500000000000007 1.6264850510533846
decision_type=2 9 2 9 2 9 2 9 2 9 1 2 2 9 2 9 2 2 1 2 2 2 2 2 2 2 2 2 2 1 2 2 2 2 2 2 2 2 2 2 2 2 9 2 2 2 2 2 2 2 2 2 2 2 2 2 1 2 2 2 2 2
left_child=1 20 4 28 6 16 8 11 9 -3 -10 -8 -9 26 -15 54 17 -6 19 36 21 22 35 39 -25 38 -7 30 49 51 -23 32 -31 57 -18 37 -5 -1 48 -24 -20 -42 43 -29 -27 -46 -21 -37 -17 56 -44 52 -22 -54 59 -56 -4 -33 -40 -2 -50 -35
right_child=15 2 3 18 5 13 7 12 10 -11 -12 -13 -14 14 -16 25 34 -19 40 46 29 27 23 24 -26 44 -28 42 -30 31 -32 33 -34 61 -36 47 -38 -39 58 -41 41 -43 50 -45 45 -47 -48 -49 60 -51 -52 -53 53 -55 55 -57 -58 -59 -60 -61 -62 -63
leaf_value=-0.10809287985446225 -0.46622153322969756 -0.30051632482711882 -0.48545980581383219 3.3903269375660177 -0.65292646216110417 2.3532409826148921 -0.049132127217442624 -0.074523111963198482 0.23508320089760951 -0.039606679589486764 -0.13815455171388766 0.20102382400924165 0.02557236740480491 -0.086875170707288174 0.258425892370369 -0.10474698795970046 0.18932519943624798 0.44228385308177637 -1.2977592767229851 3.3669276722894383 -0.39133384350413769 1.6911381677056596 -0.85882445503524285 0.5751079244368984 0.10064387956562389 0.071997154198217936 0.47030043244983233 -0.7535323416728279 -1.6249080842317505 0.24739565472865177 -0.1574632073330321 -0.16857475224769092 -0.21595678129555049 0.4112908261187424 -0.52628711910351034 -0.021065398083809941 0.064517229164823678 -0.98282623556920279 -0.3076276230611969 0.023381947427000151 -4.8102023549860728 4.447333293313382 -0.74487581094843414 0.32226614541304777 -0.23442776369550256 0.030927401562864533 0.21063483108119385 -0.82713345336487709 -0.27827002107654597 -1.2300066474777354 -0.92923741631365009 -0.050974601916246969 0.097915377188290631 -0.63681824000187992 0.12502964616967277 -0.10409252021081042 1.5131334057901882 -0.63291825139637781 0.043064225398127487 0.006788334914032035 -0.22899408509264632 -0.013102209985376236
leaf_weight=447 23 3715 101 132 434 97 222 1249 1734 4174 4686 578 2345 1400 1686 35 328 84 54 26 163 20 85 90 1048 21 577 187 46 48 34 25 29 20 80 23 22 126 20 24 20 32 218 20 31 21 137 126 230 23 158 20 45 56 21 36 183 51 20 25 54 23
leaf_count=447 23 3715 101 132 434 97 222 1249 1734 4174 4686 578 2345 1400 1686 35 328 84 54 26 163 20 85 90 1048 21 577 187 46 48 34 25 29 20 80 23 22 126 20 24 20 32 218 20 31 21 137 126 230 23 158 20 45 56 21 36 183 51 20 25 54 23
internal_value=-0.000518153 -0.000432505 -0.000279696 0.00186136 -0.000353219 0.000463852 -0.000560649 0.000301342 -0.00082885 -0.00138273 -0.000140121 0.00264453 -0.00021486 0.00106016 0.000572765 -0.00474537 -0.00189031 -0.00359885 0.00404243 0.00574219 -0.00160536 -0.00114028 -0.000437373 0.00073 0.00133655 -0.00595506 0.00316594 -0.00322266 -0.000717213 -0.00403727 0.00307018 -0.000717703 0.00296875 -0.00358607 0.000121655 -0.00251724 0.0093949 -0.0015842 -0.00728591 -0.00502232 -0.000229358 0.00272727 -0.00390358 -0.00130682 0 -0.00272727 0.00188253 -0.00567434 -0.00803571 0.000201613 -0.00501285 -0.00589226 -0.00655431 -0.00300481 0.000317797 0.003125 0.00087108 -0.00696203 0 -0.00196078 -0.0087108 0.0013587
internal_weight=27788 27251 24165 776 23389 4686 18703 4394 14309 7889 6420 800 3594 3760 3086 537 926 518 423 317 3086 2606 1969 1247 1138 432 674 637 353 480 54 196 77 119 408 722 154 573 359 109 106 52 583 207 73 52 163 149 319 307 376 284 264 101 105 57 284 76 40 48 284 43
internal_count=27788 27251 24165 776 23389 4686 18703 4394 14309 7889 6420 800 3594 3760 3086 537 926 518 423 317 3086 2606 1969 1247 1138 432 674 637 353 480 54 196 77 119 408 722 154 573 359 109 106 52 583 207 73 52 163 149 319 307 376 284 264 101 105 57 284 76 40 48 284 43
cat_boundaries=0 2 4 6 8 10 11 13 15 16 17 19 20
cat_threshold=2101312 792900 2785280010 65665 2214921754 8235 3284796160 1097762 600450341 214018 12 1388871968 196608 132 262272 1 3 64 4096 2
is_linear=0
shrinkage=0.05


Tree=86
num_leaves=63
num_cat=5
split_feature=15 7 2 18 15 6 20 10 21 2 9 8 6 7 2 20 21 22 2 22 8 18 20 9 11 18 9 18 10 16 6 7 21 7 11 11 10 0 10 11 7 20 21 7 18 8 7 6 10 21 20 7 6 18 18 8 9 9 18 9 18 20
split_gain=3.29973 2.18535 1.83755 1.9962 2.11215 1.85471 1.82791 1.56872 1.45775 1.44392 2.89189 1.39694 1.37603 2.17971 1.69476 1.59334 1.53832 1.39268 1.18687 1.12013 1.05085 1.09428 0.967724 1.47616 1.96008 1.50694 1.12573 0.963798 0.945683 0.929335 0.912288 0.898919 0.823811 0.818205 0.805438 0.755268 0.807463 0.748758 0.712516 0.556587 0.820188 0.572638 0.527883 0.704247 0.49233 0.474933 0.443549 0.388693 0.351304 0.340074 0.333608 0.311377 0.337975 0.301407 0.299316 0.407266 0.56868 0.351707 0.293461 0.290955 0.191106 0.080625
threshold=14.500000000000002 299.3250000000001 0 0.38222941032868024 5.5000000000000009 5898.4900000000007 67.500000000000014 2597.0800000000004 83.062500000000014 1 1543.1950000000004 400.4550000000001 2012.74 1039.97 2 472.50000000000006 125.55000000000001 158.76825366617956 3 47.706465025662972 1102.7050000000002 1.0000000180025095e-35 117.50000000000001 636.1350000000001 1345.3250000000003 0.3418874851907896 669.98000000000013 0.37274592583933114 2417.4150000000004 1.4438623783803521 982.82000000000016 1229.6150000000005 84.881944444444457 394.84000000000009 3624.9800000000005 2701.0950000000007 2665.3100000000004 4 821.81500000000017 979.86500000000012 137.89500000000001 160.50000000000003 45.516666666666673 816.50000000000011 1.17083723175837 165.35500000000005 285.94500000000005 2012.74 4237.7150000000011 106.07142857142858 25.500000000000004 436.56500000000005 8525.1000000000022 0.55488498668637332 0.89198110217827409 1161.2100000000003 1585.5300000000004 1250.4900000000002 0.66855815250638762 283.86000000000018 4.4069873227863345 377.50000000000006
decision_type=2 2 1 2 2 2 2 2 2 1 2 2 2 2 1 2 2 2 1 2 2 2 2 2 2 2 2 2 2 2 2 2 2 2 2 2 2 1 2 2 2 2 2 2 2 2 2 2 2 2 2 2 2 2 2 2 2 2 2 2 2 2
left_child=1 18 3 8 7 12 51 29 27 10 -6 19 14 16 30 -15 -14 -16 22 -10 21 32 23 44 25 -25 -26 37 34 -5 -4 -9 61 -11 -23 -22 -37 -3 -13 40 47 49 -8 -44 45 -1 -42 -24 -38 -41 -30 -7 -53 -2 -55 56 57 -56 -43 -46 -58 -20
right_child=53 2 5 4 9 6 42 31 11 33 -12 38 13 15 17 -17 -18 -19 20 -21 35 28 39 24 26 -27 -28 -29 50 -31 -32 -33 -34 -35 -36 36 48 -39 -40 41 46 58 43 -45 59 -47 -48 -49 -50 -51 -52 52 -54 54 55 -57 60 -59 -60 -61 -62 -63
leaf_value=-0.56607824929610051 -0.24484161718374767 0.99600205154617072 2.1500630994127916 0.1399497743816891 0.28019236853779644 -0.95770143604998847 -1.6286412936555088 -0.57981883116002708 3.294582797504316 -0.26427081518762724 0.0054907518726555089 -1.013391887195936 -0.14737070127878163 0.023508503071172273 0.10421246903229164 4.1520364369266591 0.015821017758690915 6.45530313196537 -0.13827537973824633 -0.48116476184900636 -0.39090732053272109 -0.090333170564764489 -1.4928350847361409 -0.38410969984886967 0.54254105126409868 1.3853758922639696 -0.23267722054342885 4.0267935758408839 -0.10318057192934821 -0.016650295653639624 -0.14832176784503873 -0.11162816129561613 3.0306704635767669 0.047104444228396505 0.092705878019560567 1.9404665625606343 -0.29518138553365619 -0.27790603965634803 0.15628784855756683 -0.65902930945440774 1.1801959344488442 -2.2289424817538506 0.56237392712093048 0.022337314748743786 -1.5240934513329802 -0.23769026675247604 -2.152022168068509 -0.23489925007044407 0.59570449508179113 0.71414961930490906 -0.3940046724268978 -0.32991539734480874 -0.44740727538746905 -0.36679017415132115 -0.087477929991466044 -0.21348497870441585 0.12313017363052908 -0.58457231505228147 -1.5567789138268946 -0.67277010405993598 -0.14409255767582413 2.2900642713791228
leaf_weight=391 20 441 84 335 369 45 36 249 35 123 357 85 6047 2704 2398 41 1449 27 35 23 30 2945 21 59 21 120 533 27 39 3904 1615 362 20 495 140 22 22 57 42 31 228 30 32 76 20 769 30 38 20 22 103 151 114 114 21 48 22 24 24 54 27 22
leaf_count=391 20 441 84 335 369 45 36 249 35 123 357 85 6047 2704 2398 41 1449 27 35 23 30 2945 21 59 21 120 533 27 39 3904 1615 362 20 495 140 22 22 57 42 31 228 30 32 76 20 769 30 38 20 22 103 151 114 114 21 48 22 24 24 54 27 22
internal_value=-0.000489367 -0.000432491 -0.000199646 0.000469857 0.000173471 -0.000514934 -0.00366521 -0.000303936 0.00298036 0.00193022 0.00341678 -0.000598404 -0.000411505 -0.000723594 0.000351345 0.000468523 -0.00116682 0.00120488 -0.00129705 0.00532787 -0.00066696 -0.000831569 -0.00215786 -0.00263325 -0.000764266 0.00364011 -0.00228905 0.00433239 -0.000986842 2.65205e-05 -0.000839661 -0.00266694 0.00484375 3.96197e-05 -0.00078125 0.00438144 0.00746269 0.00364271 -0.00375 0 0.00105469 -0.00306818 0.000680272 0.0027027 -0.00369846 -0.0033534 0.00239464 -0.00383065 0.00166667 0 -0.005 -0.00583067 -0.00471082 -0.00591398 -0.00637066 -0.00396552 -0.00128866 -0.00546875 -0.00657895 -0.00811688 0.00168269 0.000625
internal_weight=27788 27512 21723 6904 6194 14819 454 4850 710 1344 726 185 14365 10241 4124 2745 7496 2425 5789 58 3398 3304 2391 1967 733 179 554 525 3227 4239 1699 611 77 618 3085 94 64 498 127 424 317 107 144 108 1234 1160 258 59 42 53 142 310 265 276 256 142 94 45 54 74 49 57
internal_count=27788 27512 21723 6904 6194 14819 454 4850 710 1344 726 185 14365 10241 4124 2745 7496 2425 5789 58 3398 3304 2391 1967 733 179 554 525 3227 4239 1699 611 77 618 3085 94 64 498 127 424 317 107 144 108 1234 1160 258 59 42 53 142 310 265 276 256 142 94 45 54 74 49 57
cat_boundaries=0 1 2 3 4 5
cat_threshold=780 768 2113 409 1
is_linear=0
shrinkage=0.05


Tree=87
num_leaves=55
num_cat=10
split_feature=15 1 7 6 1 7 7 10 1 15 22 1 8 3 16 1 3 16 11 9 18 11 7 17 15 0 10 11 7 17 1 15 11 11 17 17 10 23 18 16 16 17 6 23 1 9 7 11 8 18 18 8 8 10
split_gain=2.67659 2.14428 1.6098 1.58792 1.54612 1.66606 1.40676 2.31152 2.18883 1.70293 1.71809 1.70098 1.68684 1.52565 1.47959 1.58694 1.23332 2.09634 1.25456 2.34039 1.1107 1.09492 0.902545 0.949472 0.87494 0.866323 1.05922 1.32967 0.806375 0.7666 0.762831 0.761947 1.08425 0.659963 0.633893 0.627813 0.620763 0.549408 0.487521 0.472941 0.741307 0.397672 0.423791 0.395089 0.319791 0.74422 0.772074 0.521495 0.365828 0.314253 0.445652 0.232095 0.103737 0.0661169
threshold=14.500000000000002 0 1654.5750000000003 3650.2500000000005 1 575.75500000000011 720.80000000000018 1667.47 2 8.5000000000000018 9.8833473611854448 3 1846.8350000000003 4 1.2861958981948793 5 6 1.337481654242106 2239.6800000000007 342.10500000000008 0.52652754806395252 4333.0950000000003 794.79500000000019 1.9162060223365096 3.5000000000000004 7 1368.9350000000002 6662.6850000000004 661.36500000000012 0.81103141465805295 8 3.5000000000000004 7458.0950000000012 5825.9800000000005 0.61414497487845077 1.2494552107107546 494.16000000000008 6.5000000000000009 0.94705414012738864 0.75000136083057856 1.1020544741542266 1.056884684746793 4774.3700000000017 19.500000000000004 9 1815.8750000000002 494.17500000000007 2743.0800000000004 648.28500000000008 2.1316612366060768 1.300519260108419 648.28500000000008 378.315 964.91000000000008
decision_type=2 9 2 2 9 2 2 2 9 2 2 9 2 1 2 9 1 2 2 2 2 2 2 2 2 1 2 2 2 2 9 2 2 2 2 2 2 2 2 2 2 2 2 2 9 2 2 2 2 2 2 2 2 2
left_child=1 2 16 6 5 38 7 8 28 14 43 -10 13 -9 37 -16 17 39 19 34 -21 -14 51 -24 49 26 30 -28 -3 -19 -6 35 -33 -12 -18 -20 -31 -8 -5 53 -41 -27 -43 -11 47 48 -47 -2 52 50 -4 -7 -46 -1
right_child=44 3 24 4 25 22 9 12 11 10 33 -13 21 -15 15 -17 18 29 31 20 -22 -23 23 -25 -26 41 27 -29 -30 36 -32 32 -34 -35 -36 -37 -38 -39 -40 40 -42 42 -44 -45 45 46 -48 -49 -50 -51 -52 -53 -54 -55
leaf_value=2.9574367896525899 -0.41781167633512495 -0.11767472528903405 -0.11175707037192879 -0.66036395815958437 -0.56781593553384335 -0.21622005694992838 -0.63885780427529026 0.019486307493714963 0.78486372557937301 -0.3246590681108405 0.072411150522910986 0.0048933654755408899 -0.76371679143029148 -0.19499628632691213 -0.056198980467643267 0.13948004128662125 0.012307751342297025 -0.52607641184792231 -0.93702224050008565 -0.5215434310133088 0.21692321873975226 2.5735075586566296 -0.02774157710591485 -0.62247978970569529 1.2180180331702388 -0.20572023084418165 0.044988094338484344 -0.2242833567226292 -0.69767906423442527 0.50130442073236559 0.0024432171562846607 -0.20119049381736148 -0.29825208356246796 0.20741097586446317 -0.50979547848331996 -0.92891757776290129 -0.081564787188578694 -0.032849816858622559 -0.075924775666594793 -0.23579074469379624 0.58686632418827578 -0.25110629648718524 -0.52892297903324648 0.001427494351839087 -0.26845264265218871 0.27367879581634985 -0.19602299244818938 -0.32957392823224285 -0.12679040624280979 -0.96566354914863661 2.472006033993591 0.43840199193937796 -0.52881143548785248 0.31442448601879197
leaf_weight=21 22 2174 26 159 405 21 130 509 444 25 48 9333 21 1921 3059 3752 72 45 46 423 577 20 158 92 25 37 1160 311 135 43 247 553 44 169 426 156 335 46 39 44 39 32 62 21 30 23 36 100 30 26 20 37 35 24
leaf_count=21 22 2174 26 159 405 21 130 509 444 25 48 9333 21 1921 3059 3752 72 45 46 423 577 20 158 92 25 37 1160 311 135 43 247 553 44 169 426 156 335 46 39 44 39 32 62 21 30 23 36 100 30 26 20 37 35 24
internal_value=-0.000487568 -0.000436126 -0.00171146 -0.000280207 -0.00141151 -0.00390173 -0.000134686 -0.000419815 -0.000130284 0.000430856 0.0043703 0.000192799 -0.00181386 -0.0020037 0.000273605 0.000398077 -0.00194669 0.000110816 -0.0024513 -0.00154897 -9.97009e-05 0.00767045 -0.00144695 -0.00286561 0.004375 -0.000805029 -0.000535042 0.000178087 -0.0015127 -0.00149648 -0.00221374 -0.00409913 -0.00302083 0.00630682 -0.00434132 -0.00695122 -0.000590551 -0.00418994 -0.00758706 0.00572519 0.00247093 -0.00475746 -0.0064433 -0.00357143 -0.00537634 -0.00254491 0.00100806 -0.00759259 -0.00548469 0.000666667 0.00357143 0.00368852 -0.00753676 0.0101563
internal_weight=27788 27512 2945 24567 2760 506 21807 14557 12086 7250 263 9777 2471 2430 6987 6811 2848 551 2297 1498 1000 41 308 250 97 2254 2123 1471 2309 423 652 799 597 217 498 202 378 176 198 128 83 131 94 46 276 154 59 122 95 72 46 58 65 45
internal_count=27788 27512 2945 24567 2760 506 21807 14557 12086 7250 263 9777 2471 2430 6987 6811 2848 551 2297 1498 1000 41 308 250 97 2254 2123 1471 2309 423 652 799 597 217 498 202 378 176 198 128 83 131 94 46 276 154 59 122 95 72 46 58 65 45
cat_boundaries=0 2 4 6 8 9 11 12 13 15 17
cat_threshold=2101568 531780 269256200 294928 25207816 1065089 1476460544 229376 4 1008419350 368650 8 1 637534336 82432 4097 512
is_linear=0
shrinkage=0.05


Tree=88
num_leaves=63
num_cat=16
split_feature=17 16 23 1 1 19 1 1 20 0 1 4 4 20 1 1 11 9 17 16 21 1 16 16 17 18 18 21 17 9 6 3 19 18 20 1 1 1 18 21 7 18 20 18 1 18 16 20 23 18 17 21 9 20 17 22 22 21 18 8 19 9
split_gain=2.53394 2.27353 2.20857 1.77465 1.77415 1.76791 2.76059 2.65965 1.69055 1.68975 1.62116 2.41178 1.61027 1.36483 1.53445 1.33818 1.30632 1.26115 1.94185 1.24269 1.3525 1.19562 1.48587 1.14769 1.3078 1.38787 1.14808 1.12496 1.25631 1.24394 1.0728 1.005 1.35265 0.999812 1.80461 1.35138 0.972128 0.967969 0.928482 0.923615 0.918911 0.936572 1.63944 0.997932 0.918354 0.91753 1.45089 0.901913 0.919474 0.884435 0.876543 0.856123 0.821 0.842597 0.760785 1.05312 0.699335 0.688823 0.675529 1.47973 1.09638 1.92362
threshold=1.033226954763961 0.97651475280052769 10.500000000000002 0 1 1288.155 2 3 15.500000000000002 4 5 6 7 29.500000000000004 8 9 1804.6000000000001 115.37500000000004 0.42116893138902683 0.43708417127081117 90.937500000000014 10 2.3056499705006082 1.8279186001745684 0.833722734260953 1.8233818710651302 2.3404036445576568 82.062500000000014 0.93310030224432883 551.12500000000023 8525.1000000000022 11 1713.8300000000002 2.0557161043590901 91.500000000000014 12 13 14 0.3589268254440538 100.06250000000001 504.35000000000008 1.0209661969038379 51.500000000000007 0.83764466337919941 15 2.2092732975184388 1.4091930481011217 39.500000000000007 6.5000000000000009 0.55488498668637332 2.1343281833992349 378.50000000000006 363.92500000000013 95.500000000000014 1.2179119441777992 41.013744895094057 27.601673500931454 177.58333333333334 2.3872337829852004 378.15000000000003 786.84000000000003 1217.2350000000001
decision_type=2 2 2 9 9 2 9 9 2 1 9 9 9 2 9 9 2 2 2 2 2 9 2 2 2 2 2 2 2 2 2 1 2 2 2 9 9 9 2 2 2 2 2 2 9 2 2 2 2 2 2 2 2 2 2 2 2 2 2 2 2 2
left_child=2 3 10 12 23 7 9 40 21 30 11 27 -2 14 -10 -15 31 -12 -19 20 49 38 -23 -4 26 -26 -25 52 29 -29 51 32 -8 35 -35 -20 57 47 -9 -30 41 43 -43 -3 -33 46 -42 -13 -49 -14 -47 -7 53 -1 55 -5 -21 -18 60 -60 -56 -62
right_child=1 5 4 54 -6 6 16 8 13 -11 17 37 19 15 -16 -17 36 18 33 56 -22 22 -24 24 25 -27 -28 28 39 -31 -32 44 -34 34 -36 -37 -38 -39 -40 -41 45 42 -44 -45 -46 50 -48 48 -50 -51 -52 -53 -54 -55 58 -57 -58 -59 59 -61 61 -63
leaf_value=0.29556856542974347 -0.33028241103590883 -0.30393678616660119 -0.16981491769812562 -0.46800876459993596 -0.27462149608555714 -0.20338224878321551 1.149344246564374 4.4232750713832631 -0.398173524762238 -1.6095284176824862 0.29838088517674566 -1.0117027764785653 3.5658189586612581 0.1480962803408378 -0.036881941732175606 0.0097490934070687991 -0.65804379956644798 -1.0759529491583604 0.05051310509494087 -0.073013736642049049 -0.19137734230166928 -0.019179521140231959 1.5308616708319829 -0.64142595306498196 1.0786494524607446 -0.02080401544736148 0.29215725546245858 -0.31954883834936326 0.056222912287989507 1.3434641399768652 -0.64410099505652041 -0.3509805993962431 0.25644856838984875 -0.086991307808650664 0.55434721750518834 -0.1040838561476491 -0.010118307814311223 -0.56274839543823985 -0.041414805262950251 1.1302883851990477 0.26863289544841379 -0.18225561942271043 0.29290841548078916 -0.61994022464089693 0.27518507625488414 -0.07624428308159388 -0.0167226704327323 -0.34904289957057455 0.14422208875493184 2.1795128121086811 -0.69581181664536096 3.3867897057918528 -0.20381041246506443 -0.31311748378690218 -0.40114976110812606 0.074924319872265957 0.5378210783565619 0.5464869391409849 0.29422626756390236 -0.28834917860154086 -0.3492534331880725 0.17802307532352907
leaf_weight=54 147 885 212 143 551 3176 155 39 231 161 511 59 20 2699 633 6386 134 84 497 118 28 170 562 64 34 29 32 139 42 36 86 333 367 142 156 977 464 412 446 70 167 280 204 177 808 308 2534 320 97 26 49 21 180 115 449 25 42 21 39 65 288 89
leaf_count=54 147 885 212 143 551 3176 155 39 231 161 511 59 20 2699 633 6386 134 84 497 118 28 170 562 64 34 29 32 139 42 36 86 333 367 142 156 977 464 412 446 70 167 280 204 177 808 308 2534 320 97 26 49 21 180 115 449 25 42 21 39 65 288 89
internal_value=-0.000442589 -0.000221407 -0.00148723 -0.00211707 -0.0037027 -8.83762e-05 -0.000842206 0.000182274 0.000601574 -0.00173561 -0.00094697 -0.0022121 0.000729695 0.000380577 -0.00149942 0.000565306 0.000490196 -9.97899e-05 -0.000726197 0.00334008 0.00876623 0.0023668 0.00362416 -0.000748698 0.00223765 0.00776515 -0.0010101 7.70416e-05 0.0024569 0 -0.00147215 0.001238 0.00303738 -0.000338028 0.00224252 -0.000897089 -0.00142685 -0.00388457 0.000276104 0.00652174 -0.000823045 -0.00182376 0 -0.00265258 0.000335789 -0.000302189 0 -0.00204499 -0.00110119 0.0137755 -0.00267361 -0.00130078 -0.00174006 0.000508721 -0.00312781 -0.00643275 0.000613497 -0.0046875 -0.00249196 0.000934579 -0.00298552 -0.000822368
internal_weight=27788 22975 4813 1479 922 21496 5726 15770 11166 3444 3891 1524 381 9949 864 9085 2282 2367 1856 234 74 1217 732 371 159 63 96 636 287 175 3283 1663 522 1772 298 1474 619 888 485 112 4604 1546 484 1062 1141 3058 2701 476 417 46 357 3197 349 169 1098 168 160 155 930 104 826 377
internal_count=27788 22975 4813 1479 922 21496 5726 15770 11166 3444 3891 1524 381 9949 864 9085 2282 2367 1856 234 74 1217 732 371 159 63 96 636 287 175 3283 1663 522 1772 298 1474 619 888 485 112 4604 1546 484 1062 1141 3058 2701 476 417 46 357 3197 349 169 1098 168 160 155 930 104 826 377
cat_boundaries=0 2 4 6 8 9 11 12 13 15 17 19 20 22 24 26 28
cat_threshold=2182480913 65714 2684354666 327808 3011138010 267313 2357408873 552388 1 638854468 1449038 50 20 36700432 262659 307233154 131096 3178646 65561 12 8945723 24577 1 16386 536871168 1179650 303136 8322
is_linear=0
shrinkage=0.05


Tree=89
num_leaves=61
num_cat=14
split_feature=15 7 1 11 1 19 2 21 1 2 21 1 5 11 1 7 10 6 2 1 10 17 18 21 17 2 5 7 5 15 1 7 11 21 1 1 21 15 1 17 9 18 10 10 5 10 18 11 7 18 20 5 7 19 9 17 5 5 5 20
split_gain=2.73241 2.11396 2.96901 2.57876 1.48161 1.3669 1.91335 1.75665 1.58629 1.64107 1.69229 1.42961 1.30578 1.27863 1.20336 1.17491 1.17047 1.24777 1.09319 1.52845 2.1982 1.52121 1.34032 1.10159 0.994259 2.15557 1.1943 0.989968 0.970683 0.991538 3.34202 2.99267 2.41764 2.96779 1.85209 1.62132 0.890911 0.885929 0.876013 0.918221 0.865852 0.863741 0.860344 0.853128 0.728918 0.678115 0.621409 0.580842 0.546485 0.443524 0.42223 0.372009 0.360345 0.35697 0.333258 0.123327 0.149012 0.832787 0.128489 0.0402089
threshold=14.500000000000002 467.53000000000009 0 609.12500000000011 1 1918.2650000000003 2 185.58333333333334 3 4 11.125000000000002 5 158.50000000000003 3780.6950000000006 6 400.4550000000001 365.15000000000003 2501.0100000000007 7 8 1745.7300000000002 3.0851813490915716 2.2967981627535248 79.211111111111123 2.5203289142381737 9 33.500000000000007 320.59500000000008 11.500000000000002 5.5000000000000009 10 636.71000000000015 3065.6150000000002 64.585714285714303 11 12 145.12500000000003 5.5000000000000009 13 1.9586877231193094 1240.0850000000003 0.20361931238343248 2417.4150000000004 2630.7650000000003 12.500000000000002 1512.5600000000002 1.9970914178417585 4210.1050000000014 342.00500000000005 0.29525429969309325 207.50000000000003 320.50000000000006 521.99000000000012 1815.28 290.89000000000004 1.0420580626198079 201.50000000000003 136.50000000000003 52.500000000000007 188.50000000000003
decision_type=2 2 9 2 9 2 1 2 9 1 2 9 2 2 9 2 2 2 1 9 2 2 2 2 2 1 2 2 2 2 9 2 2 2 9 9 2 2 9 2 2 2 2 2 2 2 2 2 2 2 2 2 2 2 2 2 2 2 2 2
left_child=1 2 3 15 24 8 12 11 9 10 -4 -8 -7 37 -15 16 17 -1 19 22 -21 23 -5 -20 26 43 42 -14 36 32 31 -31 35 -34 -32 -30 40 -10 47 -40 52 -18 -3 49 -27 -11 -42 -28 -23 -26 -38 55 -6 -46 -9 -2 57 58 -57 -17
right_child=51 4 5 18 28 6 7 54 13 45 -12 -13 27 14 -16 59 41 -19 21 20 -22 48 -24 -25 25 44 38 -29 29 30 34 -33 33 -35 -36 -37 50 -39 39 -41 46 -43 -44 -45 53 -47 -48 -49 -50 -51 -52 -53 -54 -55 -56 56 -58 -59 -60 -61
leaf_value=0.49024702177618562 -0.37120698796447216 -0.94336298019119769 0.37478041211742907 -0.15847808984227055 0.00060473047038094312 -0.61890635579931463 -0.079031310237760624 -0.0048843810459885621 -0.07343529836893907 -0.072267741768708052 -0.47266868714496008 -0.8047304879155146 0.0022259869971883008 -0.34659182689339052 0.017877218759747394 5.4118397041013555 -1.6157711823294254 2.4522235905811112 -0.32560979724272915 0.60645115975589337 -0.27959213620063078 2.7989149250498553 0.28805967789684167 -0.0026189693275554763 0.090214064720252202 -1.425480866268211 -1.0747564141189614 0.55566562273497233 -0.070858975539095329 -0.016291622845862275 -0.15052081297696562 0.31563186454785996 -0.60927157832939116 -0.024514679651461792 0.022211716448722819 0.13263692814039771 -0.024192214412392589 0.052718851403609795 0.0036336278620872522 -0.4556139176539038 0.32062475436206378 1.0776171681456199 -0.035820573171819352 0.86095316751189943 2.4966330024746899 -0.25289063925747374 -0.78007653899816776 -0.11176190647836358 -0.72015273278015923 -0.75432215285336146 1.3628214115015256 -0.0024259119811109288 -1.0231933130438498 0.26884246426159425 1.937934798906477 -0.037702947882650939 -0.61472154960423009 0.072868026104929623 -0.30206192392779951 2.010069952434367
leaf_weight=258 114 89 134 743 23 28 295 33 3835 1118 628 558 126 284 149 51 46 56 514 449 106 44 38 387 34 24 85 63 3442 142 211 231 573 1789 1840 5927 35 856 726 351 59 94 37 39 137 228 29 38 22 210 24 33 183 33 33 23 27 26 53 25
leaf_count=258 114 89 134 743 23 28 295 33 3835 1118 628 558 126 284 149 51 46 56 514 449 106 44 38 387 34 24 85 63 3442 142 211 231 573 1789 1840 5927 35 856 726 351 59 94 37 39 137 228 29 38 22 210 24 33 183 33 33 23 27 26 53 25
internal_value=-0.000438991 -0.000387062 -0.000915968 0.000469958 -2.06878e-05 -0.00139005 -0.00302897 -0.00401019 -0.00112647 -0.00228666 -0.00416129 -0.0046875 0.00103261 -0.000632665 -0.00323968 0.00361163 0.00246171 0.00417981 -0.000233088 0.000667161 0.00266285 -0.00151786 -0.000708438 -0.0021156 -0.00136977 0.000494792 -0.00208804 0.00279948 0.000144618 0.000212777 0.00113309 0.00540803 1.81098e-05 -0.00140592 0.000296754 0.000382789 -0.00242275 -0.000380805 -0.00153782 -0.000974771 -0.00361953 -0.00104895 -0.00678295 -0.00215372 0.0044686 -0.00115894 0 -0.00542279 0.00543478 -0.0034413 0.00262097 -0.00537634 -0.00538278 0.00592486 0.00326087 -0.00604675 -0.00388258 -0.00214286 -0.00506329 0.00949367
internal_weight=27788 27512 11201 2833 16311 8368 1136 919 7232 2108 762 853 217 5124 433 530 454 314 2303 1336 555 967 781 901 1803 477 1326 189 14508 14155 2424 373 11731 2362 2051 9369 353 4691 1200 1077 294 140 126 283 194 1346 88 123 66 244 59 276 206 170 66 243 129 102 76 76
internal_count=27788 27512 11201 2833 16311 8368 1136 919 7232 2108 762 853 217 5124 433 530 454 314 2303 1336 555 967 781 901 1803 477 1326 189 14508 14155 2424 373 11731 2362 2051 9369 353 4691 1200 1077 294 140 126 283 194 1346 88 123 66 244 59 276 206 170 66 243 129 102 76 76
cat_boundaries=0 2 4 5 7 8 10 11 12 14 15 17 18 20 22
cat_threshold=189612561 231194 17121360 527686 768 10490914 800805 912 4292 4228 2685403272 882 38011393 66304 992 2148041474 53281 2109452 2256044806 1053368 65536 526592
is_linear=0
shrinkage=0.05


Tree=90
num_leaves=63
num_cat=13
split_feature=17 14 1 16 20 19 1 1 22 5 22 1 15 1 10 5 1 7 1 10 7 9 17 1 9 10 5 1 20 1 6 21 21 9 19 22 10 19 7 15 1 10 6 21 17 17 16 16 1 10 16 21 21 0 9 10 10 22 5 13 20 10
split_gain=2.56698 2.68956 2.35311 2.26821 2.20418 1.67634 2.32911 2.25387 1.75818 1.544 1.53634 1.51365 1.19663 1.85015 1.7673 1.12592 1.88809 1.05463 1.61085 1.0352 1.47483 1.10984 1.74577 1.03321 1.1372 1.00489 0.999569 1.97945 1.36595 1.06142 1.46164 2.82182 1.32046 0.992583 0.986872 0.978819 0.955635 0.954569 0.946504 1.18513 0.941351 0.871886 0.900054 0.839362 1.1887 0.835485 0.790338 0.778003 0.747189 0.694012 1.12071 0.678984 0.729248 0.641686 0.632315 0.611919 0.611269 0.585679 0.536168 0.914482 0.7515 0.534879
threshold=1.033226954763961 2.5000000000000004 0 0.97651475280052769 294.50000000000006 1288.155 1 2 148.78199761334571 110.50000000000001 41.013744895094057 3 5.5000000000000009 4 1071.7950000000003 298.50000000000006 5 720.80000000000018 6 509.37000000000006 283.74500000000006 815.18000000000018 2.0437670928084395 7 530.99000000000012 1350.6250000000002 50.500000000000007 8 124.50000000000001 9 1734.8500000000001 77.050000000000011 72.105555555555569 378.3250000000001 1257.9650000000004 36.44344930243053 538.10500000000013 2921.7400000000002 514.58500000000015 5.5000000000000009 10 793.32000000000005 2012.74 100.06250000000001 0.63582554949437731 0.87862244342500417 0.66689796173514437 0.71565839066356651 11 1020.6950000000001 0.50000642611573443 36.171568627450988 39.026315789473692 12 744.02500000000009 577.99500000000012 330.69000000000005 54.478435474689782 98.500000000000014 1.5000000000000002 43.500000000000007 550.36500000000012
decision_type=2 2 9 2 2 2 9 9 2 2 2 9 2 9 2 2 9 2 9 2 2 2 2 9 2 2 2 9 2 9 2 2 2 2 2 2 2 2 2 2 9 2 2 2 2 2 2 2 9 2 2 2 2 1 2 2 2 2 2 2 2 2
left_child=1 2 4 11 10 7 19 15 12 40 58 41 14 -14 -9 17 35 34 -19 20 -7 48 -23 24 -11 36 27 28 33 38 31 -31 -32 -4 -5 -17 -10 -22 45 -40 -8 46 47 44 -12 -28 61 -43 -21 -44 -51 -3 -53 -25 -18 56 -29 -45 60 -60 -1 -2
right_child=3 51 26 5 -6 6 9 8 25 23 43 -13 13 -15 -16 16 54 18 -20 21 37 22 -24 53 -26 -27 29 55 -30 30 32 -33 -34 -35 -36 -37 -38 -39 39 -41 -42 42 49 57 -46 -47 -48 -49 -50 50 -52 52 -54 -55 -56 -57 -58 -59 59 -61 -62 -63
leaf_value=-0.36878332451919749 1.6099006755988257 -0.23440382326754944 -0.74390481825895416 -0.21802740250700392 7.8471204781715818 -0.16397448548921753 -0.28541466582193425 0.20114251798261515 0.043924896601408393 -0.089897218604127277 1.0289111345423052 -0.29061116403880688 -0.0013669794058163377 0.12461280199108132 -0.037333176203020457 0.35412305141678857 0.61375507634610882 -0.38668212475209468 0.075453014116596509 0.24429672775444367 2.2511223170540693 -0.20735467778901759 0.39994062262460767 0.0024814479333850059 -0.72533718740581965 -0.41488038156100732 -0.3377686806418389 -1.7718317460060704 -1.5284285558829946 -0.064690875520731342 0.12454546866590058 1.4106286273897095 -0.10406032790852092 0.57342043872835413 2.471930543664175 -0.045532926205077831 2.7768616481239561 -2.0057478395656663 -0.086498862380209124 0.17056853597654911 -0.74683032701390284 -0.073711678097647851 -1.0906978559759304 0.45195409324296421 -0.62298238278183082 0.047492615617228576 -0.40201938505578472 1.0459860579390607 -0.40538515619419546 0.60690891237519795 -0.30466503669948403 0.20113535143287803 -0.47515156211959397 -1.446115798399918 -0.34720520762434148 -0.39758663809531108 1.2000936594573348 0.34369820535650036 -0.45375873482990148 0.1935408368777628 -0.060946648906878315 2.4888132149443849
leaf_weight=62 22 337 27 2246 28 162 761 3447 24 172 45 1009 942 1081 4999 325 104 556 1548 144 216 287 639 1648 179 32 724 41 24 161 463 136 446 58 24 104 76 36 285 148 732 41 33 31 105 360 24 45 673 83 202 36 64 77 262 345 30 53 536 27 241 20
leaf_count=62 22 337 27 2246 28 162 761 3447 24 172 45 1009 942 1081 4999 325 104 556 1548 144 216 287 639 1648 179 32 724 41 24 161 463 136 446 58 24 104 76 36 285 148 732 41 33 31 105 360 24 45 673 83 202 36 64 77 262 345 30 53 536 27 241 20
internal_value=-0.000446188 -0.00149761 -0.00110756 -0.000223583 -0.00306748 -9.07019e-05 -0.000824751 0.000172764 0.000592378 -0.00160874 -0.00349048 -0.00211707 0.000514467 0.00161032 0.000245591 -0.000677827 0.00101817 -0.000999543 -0.000166113 0.000455069 0.00269784 -5.01145e-05 0.00110334 -0.000697451 -0.003125 0.0062963 -0.000398651 -0.0023911 0.00317623 0 0.00108696 0.004125 4.11184e-05 0.00667614 -0.00174879 0.00325226 0.00873786 0.00509804 -0.000890523 0.00100344 -0.00284926 0.00015528 -0.000614251 0 -0.00212418 -0.00170193 0.00543478 0.00365169 -0.00141768 -0.00194704 -0.000911458 -0.00525568 -0.000970874 -0.000151036 -0.00151715 -0.0039627 0 0.00402299 -0.00445915 -0.00545495 -0.00241013 0.00944444
internal_weight=27788 4813 4376 22975 1128 21496 5726 15770 10601 3569 1100 1479 10469 2023 8446 5169 795 4374 2104 2157 414 1743 926 2076 351 132 3248 525 109 2723 1206 297 909 85 2270 429 100 252 1517 433 1493 470 404 234 150 1084 66 86 817 318 285 437 100 1725 366 416 71 84 866 563 303 42
internal_count=27788 4813 4376 22975 1128 21496 5726 15770 10601 3569 1100 1479 10469 2023 8446 5169 795 4374 2104 2157 414 1743 926 2076 351 132 3248 525 109 2723 1206 297 909 85 2270 429 100 252 1517 433 1493 470 404 234 150 1084 66 86 817 318 285 437 100 1725 366 416 71 84 866 563 303 42
cat_boundaries=0 2 4 6 8 10 12 14 16 18 20 22 24 25
cat_threshold=101987606 662558 75605541 778956 2225419385 552388 2183037969 65715 805306372 515 2147749969 17408 2214658128 533824 2150764560 48 2147516488 16512 2961211392 1434113 2703888400 1024 33 8196 1
is_linear=0
shrinkage=0.05


Tree=91
num_leaves=63
num_cat=15
split_feature=7 1 13 1 22 1 10 3 20 4 1 1 22 3 15 5 5 1 1 16 8 20 10 10 7 21 9 22 1 20 1 5 15 21 9 6 5 9 4 15 21 8 15 22 1 16 9 9 1 22 14 20 5 6 7 8 20 20 21 20 9 5
split_gain=2.21235 3.32465 1.99729 2.99997 1.46333 1.43879 1.75443 1.6277 2.9066 1.41572 2.71556 1.95139 1.55224 1.436 1.3655 2.55638 2.25323 2.30298 2.16624 1.36152 1.54494 1.38216 1.30714 1.21252 1.21151 1.2097 1.18763 1.18272 2.41646 1.82528 3.13263 2.61436 1.43304 1.39047 1.17434 1.16026 1.13203 1.23737 1.12398 1.10103 1.08293 1.04999 1.03271 1.17959 0.983788 1.20046 0.965386 1.14166 1.96985 1.08522 0.927675 0.852325 0.812055 0.798442 0.786373 0.714418 0.707764 0.677073 1.06559 0.672637 0.671207 0.657842
threshold=299.3250000000001 0 1.5000000000000002 1 13.674977887468346 2 636.1500000000002 3 219.50000000000003 4 5 6 57.014252546687437 7 5.5000000000000009 150.50000000000003 214.50000000000003 8 9 1.3738454483283375 686.15500000000009 71.500000000000014 1726.9950000000001 661.36500000000012 265.33000000000004 265.75000000000006 585.61000000000013 2.2153607101590729 10 126.50000000000001 11 264.50000000000006 2.5000000000000004 67.041666666666671 171.82000000000002 1376.8900000000001 336.50000000000006 578.70500000000027 12 13.500000000000002 47.612500000000004 901.58500000000015 12.500000000000002 22.853591823755696 13 1.2861958981948793 2480.2100000000005 1208.6850000000002 14 24.22724502732645 1.5000000000000002 91.500000000000014 115.50000000000001 3372.3600000000001 413.43000000000006 1695.5700000000004 19.500000000000004 21.500000000000004 136.55000000000004 263.50000000000006 739.05000000000007 291.50000000000006
decision_type=2 9 2 9 2 9 2 1 2 9 9 9 2 1 2 2 2 9 9 2 2 2 2 2 2 2 2 2 9 2 9 2 2 2 2 2 2 2 9 2 2 2 2 2 9 2 2 2 9 2 2 2 2 2 2 2 2 2 2 2 2 2
left_child=1 25 5 22 36 6 7 8 -2 11 13 12 23 24 27 44 17 -17 -18 21 -21 -15 41 53 51 39 -25 29 33 31 -31 -7 -30 -29 -14 50 37 -5 -9 57 42 54 43 -6 45 -16 47 49 -49 -8 -12 -11 -46 -3 -4 -48 -36 58 -1 -10 -37 -13
right_child=2 9 3 4 40 14 46 38 59 10 35 61 34 19 15 16 18 -19 -20 20 -22 -23 -24 26 -26 -27 -28 28 32 30 -32 -33 -34 -35 56 60 -38 -39 -40 -41 -42 -43 -44 -45 52 -47 55 48 -50 -51 -52 -53 -54 -55 -56 -57 -58 -59 -60 -61 -62 -63
leaf_value=0.59487093859490447 2.856971609917665 0.22315335011439288 0.4179064548446092 1.022260246352019 0.13898832658971047 -0.14378442122267004 -0.33698064866449351 0.87378226636087963 -0.77856251586052139 0.81338918200380739 -0.4774960488525743 -0.42050131379814809 -0.59563117218023121 -0.011795718777058806 -0.22097680164952652 -0.038082012709592931 0.15658269266028979 0.2981677055113755 -0.02071862669760698 -0.38503174933261763 0.78443525283760929 0.82687809942165424 -0.015976548237830634 -0.29837149426277348 -0.23422741567799221 1.861307316770862 -0.14282136383553432 -0.34497316479874329 -0.53155239438699697 1.9294901307164567 0.18154173956083072 0.77608414238737289 -0.034746654384946396 0.24989512609730441 -0.017488297546823264 -0.39534791204446934 0.13025120666365828 -0.37831099222314279 -0.84754345278677978 -0.51386972372335926 -0.21134849857973706 1.4643699981517941 -0.15899439859501341 -0.14275880417625633 0.10077199385834704 -0.030871191307716119 -0.36692866216928338 -0.84827523356410317 0.033360792747231915 -0.0095743614769826738 1.1536699985905885 0.023230919018492103 -0.20726459758960714 -1.0116514254613298 -0.48981581914828287 -0.012163973202878965 0.91482017194681164 0.02171514213748962 -0.88309935469249567 0.79119774779302365 -0.518788092169022 -0.12801878873565969
leaf_weight=185 184 512 36 22 213 3273 1615 125 61 101 73 1234 34 336 200 108 274 326 570 480 65 173 279 293 49 45 428 126 938 339 2517 431 4305 671 26 456 22 598 190 23 457 75 122 102 360 437 172 105 1384 924 33 41 108 88 43 87 82 752 42 92 128 218
leaf_count=185 184 512 36 22 213 3273 1615 125 61 101 73 1234 34 336 200 108 274 326 570 480 65 173 279 293 49 45 428 126 938 339 2517 431 4305 671 26 456 22 598 190 23 457 75 122 102 360 437 172 105 1384 924 33 41 108 88 43 87 82 752 42 92 128 218
internal_value=-0.000421 -0.00128178 -0.000186695 -0.00170512 -0.00274371 -3.3877e-05 -0.000774939 0.00160305 0.00396429 -0.00183529 -0.000737936 -0.00254013 -0.00117717 0.000625994 0.000207555 0.00130448 0.00282982 0.00577803 0.00123967 -7.02905e-05 -0.00184763 0.0017334 0.0018778 -0.0017466 0.00447304 0.00123821 -0.003125 0 -0.000504716 0.000464726 0.00141658 -0.000256272 -0.000901351 0.0020216 0.00362069 -0.00323613 -0.0046124 -0.00505618 -0.000876524 0.000820896 -0.00136566 0.00557325 0.0003125 0.0019261 -0.000417419 -0.00171154 -0.00115093 -0.000942694 0.00012567 -0.00158832 0.00114679 0.00706897 0.0012474 0 0.000762195 -0.00415076 0.00630631 0.00113289 0.00353261 -0.000721154 -0.00417376 -0.00385666
internal_weight=27788 5897 21891 1969 1536 19922 4939 652 337 4850 1935 2915 1463 1245 14983 2383 1278 434 844 1054 545 509 433 1321 191 1047 721 12600 6040 6560 2856 3704 5243 797 142 690 642 620 315 1002 894 154 437 315 1105 637 4287 4028 1489 2539 106 142 468 600 79 259 108 979 227 153 584 1452
internal_count=27788 5897 21891 1969 1536 19922 4939 652 337 4850 1935 2915 1463 1245 14983 2383 1278 434 844 1054 545 509 433 1321 191 1047 721 12600 6040 6560 2856 3704 5243 797 142 690 642 620 315 1002 894 154 437 315 1105 637 4287 4028 1489 2539 106 142 468 600 79 259 108 979 227 153 584 1452
cat_boundaries=0 2 4 6 7 8 10 12 13 15 17 19 21 22 24 26
cat_threshold=21839953 1278082 8668172 115216 856143 1674596 10 7 638617248 267808 2952790286 8761 4 1048608 656 2148532512 266769 1242727424 139265 2151678240 393225 18 537952304 262786 65538 260
is_linear=0
shrinkage=0.05


Tree=92
num_leaves=63
num_cat=1
split_feature=7 20 17 8 15 20 7 11 15 11 11 22 21 18 0 11 22 17 11 9 17 21 5 23 15 23 23 21 18 16 5 18 15 8 21 17 18 11 7 20 20 17 20 22 5 17 13 11 18 8 5 20 11 9 7 8 5 15 23 22 17 18
split_gain=2.04453 1.36896 1.4611 2.23597 1.11092 2.32214 1.04579 1.43378 1.60787 1.36927 2.05231 2.5169 1.80786 1.59516 1.26882 1.02246 1.00431 1.15116 1.3098 1.00583 0.945039 1.17551 0.941949 0.916177 0.908358 0.895773 1.11708 1.057 1.04454 1.03306 0.857742 1.10068 0.832794 1.26552 1.0163 0.829144 1.21685 1.63377 0.986059 1.35323 1.78828 1.13651 1.13269 0.923765 0.810047 0.795461 0.793928 0.788207 0.785858 0.757754 0.711532 0.812659 0.708145 1.42721 0.741705 0.704263 0.67928 0.623354 1.50778 1.30423 0.602811 0.600802
threshold=509.29500000000002 74.500000000000014 1.033226954763961 69.425000000000011 4.5000000000000009 21.500000000000004 2881.7650000000008 7458.0950000000012 6.5000000000000009 2981.1150000000002 2927.855 35.529096056776531 63.591666666666676 1.0950960563313639 0 299.98500000000007 7.7327380171570583 1.2673608112292247 1726.1700000000003 3333.8800000000006 2.0296710988017153 63.591666666666676 60.500000000000007 9.5000000000000018 5.5000000000000009 13.500000000000002 5.5000000000000009 33.279220779220786 1.9438401885638208 1.1020544741542266 101.50000000000001 3.4650911031943101 5.5000000000000009 1139.9150000000002 36.620192307692314 1.6628390375128872 0.93202682965792805 2022.8000000000002 413.43000000000006 196.50000000000003 83.500000000000014 1.8181843054511293 219.50000000000003 46.853850160291351 83.500000000000014 1.2870095444456353 1.5000000000000002 536.03000000000009 0.70176812379953213 1185.0450000000003 307.50000000000006 85.500000000000014 1507.4750000000001 448.24000000000001 -171.00499999999997 1756.8650000000002 333.50000000000006 5.5000000000000009 10.500000000000002 27.533615757874632 0.82229620088665911 0.64968682831694025
decision_type=2 2 2 2 2 2 2 2 2 2 2 2 2 2 1 2 2 2 2 2 2 2 2 2 2 2 2 2 2 2 2 2 2 2 2 2 2 2 2 2 2 2 2 2 2 2 2 2 2 2 2 2 2 2 2 2 2 2 2 2 2 2
left_child=1 2 3 44 5 15 7 8 9 10 14 -12 24 -14 -2 -4 23 18 -18 -19 -7 -22 -9 -6 -11 26 28 46 -10 -28 -8 -32 -24 -34 -35 43 38 50 39 40 -37 -40 -41 56 60 47 -27 -45 -47 -29 51 -38 54 -54 -46 -17 57 59 -59 -3 -1 -49
right_child=6 35 4 -5 16 20 30 22 25 12 11 -13 13 -15 -16 55 17 19 -20 -21 21 -23 32 -25 -26 27 29 49 -30 -31 31 -33 33 34 -36 36 37 -39 41 42 -42 -43 -44 45 52 48 -48 61 -50 -51 -52 -53 53 -55 -56 -57 -58 58 -60 -61 -62 -63
leaf_value=0.018179437698379885 0.037484396852578074 -0.041676797306261372 -0.55057386043617862 -0.23575892608598725 -0.35423909283520455 -0.71333099584349791 3.9356064815643084 -0.31335862292527178 0.10823958315241439 -0.56648705337407534 0.042279063545644396 1.6449155196951626 -0.2105859014856229 0.034160791189334815 -0.15979324830865382 0.061829759488671247 -0.48333901756460984 0.044426909669303072 -0.032739605288054377 -0.31688302435463739 -0.51821524577034805 0.03542476565884272 -0.52949047544868633 0.068976149662747593 -0.022597581682774506 0.46590255576681588 0.25992570538142451 -0.17914990729027808 -0.19271566189095496 0.11038752406760288 -0.21404018846533468 1.2625641595481287 -0.20428643635803789 -0.083705871674527366 0.1140240995453155 0.24840342172758056 0.85489081204398054 -0.54102933886016946 1.5304106038626053 3.1900944401702667 -0.2809218912315295 -0.48758121098769647 1.1397219821925659 -0.72241535133450019 1.0481864901930009 -0.73553974430719649 -0.12076544909863625 0.34288880536141947 0.49015261800347221 0.22049374185709106 -0.19743452066931352 4.7833298912756295 -0.33490130454611011 0.22005113318649025 2.6336420204258388 6.8769402146804843 -0.48717764491112237 0.23659376601495341 -0.29301493300458431 -0.30563575425569245 -0.72155045879548474 0.045325543045198563
leaf_weight=91 7985 1734 164 930 126 529 32 135 78 612 85 47 690 1790 1817 1030 145 1628 628 22 910 412 74 25 423 40 80 229 59 619 64 20 176 177 165 166 49 37 54 83 550 492 447 25 41 146 38 235 79 39 20 30 50 59 45 22 157 209 81 536 73 254
leaf_count=91 7985 1734 164 930 126 529 32 135 78 612 85 47 690 1790 1817 1030 145 1628 628 22 910 412 74 25 423 40 80 229 59 619 64 20 176 177 165 166 49 37 54 83 550 492 447 25 41 146 38 235 79 39 20 30 50 59 45 22 157 209 81 536 73 254
internal_value=-0.000426397 -0.000907283 -0.00137386 -0.00291215 -0.00101214 -0.00165717 -4.03825e-05 -7.97474e-05 2.47711e-05 -0.000127304 0.000168562 0.0062963 -0.000977118 -0.000221506 7.90413e-05 0 -0.000223128 5.15251e-06 -0.0015625 0.000771325 -0.00277104 -0.00198113 -0.00224315 -0.00413961 -0.00273362 0.00179325 0.00268176 -0.0002149 -0.00116071 0.00350783 0.00462185 0.00114943 -0.0012605 -0.000431862 0.00123188 -0.000297011 0.000517866 0.00503597 0.000139276 0.000940753 -0.000417246 -0.00159381 0.00286116 -0.000766117 0.000310773 0.000758086 0.00462963 0.00188588 -0.00158991 -0.00184502 0.00845588 0.0105183 0.00258838 0 0.00589888 0.000616114 -0.00119945 -0.000975419 0.00110922 -0.00126485 -0.00209581 0.00241362
internal_weight=27788 12314 6930 1289 5641 3067 15474 15358 14631 13449 9934 132 3515 2480 9802 1216 2574 2423 773 1650 1851 1322 727 151 1035 1182 836 346 137 699 116 84 592 518 342 5384 1928 136 1792 1246 716 546 530 3456 359 739 78 514 225 268 99 79 195 109 86 1052 2717 2560 290 2270 164 489
internal_count=27788 12314 6930 1289 5641 3067 15474 15358 14631 13449 9934 132 3515 2480 9802 1216 2574 2423 773 1650 1851 1322 727 151 1035 1182 836 346 137 699 116 84 592 518 342 5384 1928 136 1792 1246 716 546 530 3456 359 739 78 514 225 268 99 79 195 109 86 1052 2717 2560 290 2270 164 489
cat_boundaries=0 1
cat_threshold=1
is_linear=0
shrinkage=0.05


Tree=93
num_leaves=63
num_cat=10
split_feature=17 2 7 2 0 17 5 17 21 21 23 18 23 9 18 4 10 10 7 7 4 17 22 7 21 18 7 4 20 4 17 17 17 21 21 21 9 22 7 14 20 10 9 20 15 17 7 5 10 7 4 2 17 15 5 17 10 5 9 14 18 2
split_gain=2.24432 2.06211 1.46076 1.47742 1.79193 3.67304 4.59255 3.52016 3.33091 2.31127 1.50495 1.85258 1.3491 1.30858 1.21637 1.31708 1.52455 1.27256 1.43621 1.29591 1.19906 1.35554 1.34106 1.03956 0.976149 2.35683 2.17168 1.0344 1.26375 0.980706 1.53825 1.11745 0.974772 0.936935 1.06404 1.01195 0.903159 0.900326 0.836381 0.758557 1.00503 1.3342 1.31909 0.754037 0.752019 0.744956 0.742851 1.16572 0.96739 0.742428 1.38302 1.3952 1.48646 0.955567 0.839742 0.738385 1.13037 1.01373 0.720577 0.702159 1.50868 0.701809
threshold=1.0223846326214827 0 299.3250000000001 1 2 1.5398436308105161 180.50000000000003 2.5711187412023864 103.86607142857144 69.7638888888889 10.500000000000002 2.2967981627535248 10.500000000000002 4086.1750000000006 0.49581893914858405 3 361.06500000000005 1667.47 720.80000000000018 360.12500000000006 4 1.0000009304835726 94.04396135074829 737.2850000000002 11.125000000000002 0.25187002627733984 248.01500000000001 5 58.500000000000007 6 1.2550027487155813 1.6327310423004808 1.6000008328238076 57.56349206349207 145.12500000000003 24.513888888888893 763.2700000000001 80.439779452998735 270.34000000000009 3.5000000000000004 52.500000000000007 821.81500000000017 495.66500000000008 325.50000000000006 1.5000000000000002 1.056884684746793 661.34500000000014 301.50000000000006 1681.1400000000001 500.12500000000006 7 8 0.90526384473832511 3.5000000000000004 266.50000000000006 0.88889450400478098 756.75500000000011 186.50000000000003 185.77500000000001 1.5000000000000002 0.55488498668637332 9
decision_type=2 1 2 1 1 2 2 2 2 2 2 2 2 2 2 9 2 2 2 2 9 2 2 2 2 2 2 9 2 9 2 2 2 2 2 2 2 2 2 2 2 2 2 2 2 2 2 2 2 2 9 1 2 2 2 2 2 2 2 2 2 1
left_child=1 20 24 4 7 33 8 10 -7 -9 -4 -12 49 14 15 16 -5 19 -19 -16 22 37 43 -8 25 27 59 -2 58 30 45 36 -17 35 -35 -6 -32 46 -28 40 42 -42 -31 55 -11 -26 48 -48 -22 -3 51 52 -51 -52 -53 57 -57 -1 -29 -27 -61 -55
right_child=2 12 3 13 5 6 23 9 -10 44 11 -13 -14 -15 17 32 -18 18 -20 -21 21 -23 -24 -25 29 26 38 28 -30 39 31 -33 -34 34 -36 -37 -38 -39 -40 -41 41 -43 -44 -45 -46 -47 47 -49 -50 50 53 54 -54 61 -56 56 -58 -59 -60 60 -62 -63
leaf_value=-0.058275798340432061 -2.0301502310537778 -0.24915355676096518 0.00012948966548265162 1.7333042557771714 -0.17275807472331728 -1.8450789318648668 0.092172236770465515 1.1629694925039729 0.52460445162731417 -0.74150860991012457 0.025077228324289803 0.21949941690522881 -0.24922136493080205 -0.31357084776182448 0.41268104831560354 -0.76230220806525273 -0.068537668668364041 -0.16533282126332483 -0.00064985866109221755 0.031732138606160733 0.14278215166722125 -0.33944774816098972 1.6084530747069139 -0.19258327930088709 0.0017849178428860136 1.8722350338667419 -2.980781734123461 2.3395894344997199 0.81057314492571431 -0.1297199270123949 0.27503774788017882 -0.33256303712778801 -0.38646425818471253 -0.057751708140228432 4.8884439899909227 0.26259934145937919 -0.34715803534329154 -1.5492826250945122 0.13959687892122333 -0.27138661584585394 -0.045627134042358811 -0.50851738944484204 0.10362727234442133 1.867698835316884 0.28105530068433499 -0.4362474202709532 0.6344592691216846 -0.37903529866079 -0.20902662358200852 0.68809234519299667 -0.74896321106270491 -0.68835706675222574 -0.15220848631718981 0.3959055563156369 0.054137397268452327 0.39434985328264249 -0.05234955751021389 -0.47747360471345179 -0.80672659660666712 1.123668461191798 9.1390813118501164 0.0068433862650508111
leaf_weight=564 111 1090 3185 96 45 328 511 777 84 89 266 36 461 133 247 158 1412 1264 2682 5154 606 77 33 206 28 152 47 31 152 262 247 638 1920 258 38 223 112 33 105 150 488 205 552 33 196 233 101 29 139 80 35 193 82 135 63 103 338 325 217 81 20 129
leaf_count=564 111 1090 3185 96 45 328 511 777 84 89 266 36 461 133 247 158 1412 1264 2682 5154 606 77 33 206 28 152 47 31 152 262 247 638 1920 258 38 223 112 33 105 150 488 205 552 33 196 233 101 29 139 80 35 193 82 135 63 103 338 325 217 81 20 129
internal_value=-0.000417401 -0.00142143 -0.000213357 -3.36596e-05 0.000595524 -0.00077388 -0.00244037 0.00111764 -0.00662651 0.0036385 0.000333095 0.00368852 -0.0024989 -0.000338329 -0.000283125 -0.00106576 3.28731e-05 1.20321e-05 -0.000664725 0.000515822 -0.000360276 0.000939379 -0.00131299 0 -0.00110524 0.000272035 0.00315564 -0.00192121 -0.000484262 -0.001555 -0.00261605 -0.0016625 -0.00187709 0.00246914 0.000334448 0.00461255 0.000448895 0.00153677 -0.00129032 -0.000696108 -0.000322848 -0.0017421 0.000826193 -0.00160139 -4.34028e-05 -0.00610795 0.00189351 0.00545113 0.0011865 -0.00184392 -0.000503472 -0.00237819 0.001 0.00196314 -0.00464684 -0.0018192 -2.81532e-05 -0.00264854 -0.00278884 0.00600586 0.00949519 0.00318352
internal_weight=27788 4649 23139 19308 6242 1693 1129 4549 412 1062 3487 302 2268 13066 12933 3586 1508 9347 3946 5401 2381 985 1396 717 3831 916 405 511 400 2915 1258 997 2078 564 296 268 359 908 152 1657 1507 693 814 1363 285 261 875 130 745 1807 717 418 162 299 256 1330 441 889 248 253 101 264
internal_count=27788 4649 23139 19308 6242 1693 1129 4549 412 1062 3487 302 2268 13066 12933 3586 1508 9347 3946 5401 2381 985 1396 717 3831 916 405 511 400 2915 1258 997 2078 564 296 268 359 908 152 1657 1507 693 814 1363 285 261 875 130 745 1807 717 418 162 299 256 1330 441 889 248 253 101 264
cat_boundaries=0 1 2 3 4 5 6 7 8 9 10
cat_threshold=1830 780 1 18 7 2 5 11 144 2113
is_linear=0
shrinkage=0.05


Tree=94
num_leaves=63
num_cat=18
split_feature=4 1 1 2 10 1 10 5 8 1 21 1 2 5 5 5 1 7 10 8 5 1 5 21 8 22 21 8 1 1 15 21 22 9 2 7 21 2 8 21 8 10 1 10 18 5 15 15 15 5 8 7 1 7 18 1 2 7 7 10 7 5
split_gain=1.73894 4.46357 2.35426 2.1806 2.13657 1.98239 1.7331 1.73161 1.69381 1.63598 1.5033 1.77766 1.58389 1.48871 1.63387 3.38794 2.22727 1.46056 1.52996 2.59607 1.39728 1.51603 1.32921 1.31475 1.29719 1.27248 1.7659 1.25692 2.66376 1.50573 1.20249 1.19636 1.15734 1.27824 1.1159 1.1105 1.07232 1.51347 1.41706 0.992915 0.978687 1.94294 1.08076 0.970935 0.927501 1.27201 0.915376 0.869124 1.36421 0.968445 0.932541 2.59689 1.51405 0.879627 0.864259 1.10222 0.936363 1.18235 1.22245 0.852668 0.847798 0.835797
threshold=0 1 2 3 1052.8700000000001 4 936.65500000000009 264.50000000000006 720.80000000000018 5 38.02272727272728 6 7 81.500000000000014 221.50000000000003 208.50000000000003 8 236.52000000000001 2665.3100000000004 1059.8950000000002 329.50000000000006 9 203.50000000000003 195.16666666666671 1417.0650000000003 148.78199761334571 211.58333333333334 1274.8450000000003 10 11 2.5000000000000004 61.035714285714292 15.624586567094029 943.31500000000005 12 769.6450000000001 131.3666666666667 13 806.98000000000013 11.125000000000002 472.96500000000009 1542.0450000000003 14 1653.4050000000004 0.45822087876497902 126.50000000000001 13.500000000000002 7.5000000000000009 5.5000000000000009 126.50000000000001 288.03000000000003 320.59500000000008 15 165.35500000000005 1.0802265884582634 16 17 1039.97 681.22000000000014 3984.8800000000006 336.32500000000005 41.500000000000007
decision_type=9 9 9 1 2 9 2 2 2 9 2 9 1 2 2 2 9 2 2 2 2 9 2 2 2 2 2 2 9 9 2 2 2 2 1 2 2 1 2 2 2 2 9 2 2 2 2 2 2 2 2 2 9 2 2 9 1 2 2 2 2 2
left_child=1 54 7 5 6 17 9 47 20 23 12 24 59 32 15 -15 -16 40 19 -19 21 -6 -13 60 -12 27 30 29 -29 39 -27 -22 33 -7 -30 -14 38 -38 -11 -5 42 -42 -4 -31 45 -8 -9 48 50 -50 52 -52 -2 -51 55 61 57 58 -57 -10 -3 -1
right_child=2 4 3 25 8 13 44 46 10 36 11 22 35 14 16 -17 -18 18 -20 -21 31 -23 -24 -25 -26 26 -28 28 34 43 -32 -33 -34 -35 -36 -37 37 -39 -40 -41 41 -43 -44 -45 -46 -47 -48 -49 49 53 51 -53 -54 -55 -56 56 -58 -59 -60 -61 -62 -63
leaf_value=0.018359086842009733 0.11611380478206357 0.16121231659490434 -0.51673875105354117 -0.12733339896968304 0.17064870693741235 -0.022835263750071989 -1.6149207106774623 0.02580471611897224 0.77329069272478823 0.68532918467621828 -0.4003995677099681 0.59557526951305562 0.12530239594246881 0.18554361772195876 -0.24761437756096322 0.86179890527114977 0.2633772226392283 -0.013071852616385372 -0.14180825775531103 0.8652558989543041 0.89175385447634314 -0.17437371487979869 0.074355187539581993 1.7241978566246687 1.1481263728970335 1.3779207253261345 -0.93556503826925885 0.24153724768879414 0.046406119660307436 0.078561407434173003 3.2462229477397937 -0.38804516006125883 0.038873896928588537 -0.79604928043155709 -0.71280808302722187 -0.49487090707164472 -0.91919519368304925 1.6592315697845479 -2.3458778099676478 -0.15333922065560115 1.2683928226498951 -0.42981454307904648 -0.021647262019260441 -0.11663515718154116 1.3577032717414175 1.4146937606371548 -0.33707443006696186 -0.18720075479398732 0.30556938787993176 -0.9673066406005173 0.86979077755885259 -0.34419800522531113 -0.95551516634226719 0.030705120818746681 -0.01365938333256338 0.099023634613753589 -0.44306054667034811 0.57209517069059646 -1.2230692137110095 -0.13688888792565562 -0.42885601946973573 -0.64890244239797734
leaf_weight=45 104 105 388 1946 103 195 30 865 81 749 178 368 67 1961 456 86 276 2406 450 402 48 868 209 46 41 34 42 568 354 1760 36 49 294 155 278 233 115 151 43 5046 75 62 177 692 146 30 34 525 169 49 139 1594 407 148 589 263 306 65 65 32 216 374
leaf_count=45 104 105 388 1946 103 195 30 865 81 749 178 368 67 1961 456 86 276 2406 450 402 48 868 209 46 41 34 42 568 354 1760 36 49 294 155 278 233 115 151 43 5046 75 62 177 692 146 30 34 525 169 49 139 1594 407 148 589 263 306 65 65 32 216 374
internal_value=-0.000404807 0.000375355 -0.000604548 -0.000357399 0.00131344 0.000299148 0.00270043 -0.00169879 0.000301535 0.00202206 0.0015986 0.0028786 -0.000751202 0.00118233 0.00169393 0.00242073 -0.000272109 -0.000453058 0 0.000426894 -0.00112045 -0.00173255 0.00430085 -0.000756579 -0.00080819 -0.000812517 0.00434783 -0.000873485 0.000623441 -0.00106912 0.00924658 0.004375 -0.000927357 -0.00290368 -0.00155039 -0.00271565 0.0030112 9.29368e-05 0.00396226 -0.00144183 -0.00251773 0.000982143 -0.00345511 0 0.00705742 0.000793651 0.000180155 -0.0022586 -0.00184654 0.000880759 -0.0023142 -0.00170651 -0.00425584 -0.0013125 -0.00173692 -0.00256467 -0.00117626 0.00033867 -0.000755287 0.00386905 -0.00204475 -0.00460069
internal_weight=27788 5615 22173 18139 3908 7383 1631 4034 2277 1425 1209 796 413 3423 2779 2047 732 3960 3258 2808 1068 971 577 367 219 10756 112 10644 1200 9444 70 97 644 350 632 300 1058 266 792 6992 702 137 565 2452 206 60 899 3135 2610 366 2244 1733 511 197 1707 1118 699 393 328 113 321 419
internal_count=27788 5615 22173 18139 3908 7383 1631 4034 2277 1425 1209 796 413 3423 2779 2047 732 3960 3258 2808 1068 971 577 367 219 10756 112 10644 1200 9444 70 97 644 350 632 300 1058 266 792 6992 702 137 565 2452 206 60 899 3135 2610 366 2244 1733 511 197 1707 1118 699 393 328 113 321 419
cat_boundaries=0 1 3 5 6 8 10 12 13 15 17 19 21 22 23 25 27 29 30
cat_threshold=48 145077534 723385 135777 1326340 1826 2822037524 49666 34603137 32770 2248671776 17920 2059 71303562 65664 2147614784 1048576 640204800 49793 911746182 541377 156 563 539000832 16896 65 4 2195736 24 2292
is_linear=0
shrinkage=0.05


Tree=95
num_leaves=63
num_cat=14
split_feature=7 1 1 9 7 9 1 1 1 7 19 19 21 20 1 4 5 1 10 1 5 16 10 15 1 9 22 1 23 22 13 16 5 21 19 4 8 15 20 23 4 19 9 10 21 22 20 5 8 5 19 7 22 22 10 10 8 5 23 1 7 19
split_gain=2.09215 3.22324 1.56512 1.80383 1.78693 1.74801 1.70272 1.43492 1.34418 1.46894 1.31042 1.28729 1.99246 1.88781 1.36051 1.83535 1.35462 1.54822 1.31468 1.11905 1.07982 1.04564 1.02807 1.32916 1.71096 1.91808 1.3923 1.24585 1.068 1.46718 1.22261 1.02355 1.02159 1.0042 0.944876 1.02298 0.941508 0.958684 0.926017 0.913973 0.918408 1.34285 1.23466 1.20986 0.901157 0.859281 0.846577 0.828673 0.812489 0.79873 1.06044 0.794872 1.01844 0.707587 0.701958 0.840332 0.701866 1.30763 0.663311 0.648759 0.598972 0.590039
threshold=299.3250000000001 0 1 567.71500000000015 611.95500000000004 914.47500000000025 2 3 4 1750.5300000000002 6498.8750000000009 2225.5050000000006 20.13602941176471 4.5000000000000009 5 6 126.50000000000001 7 766.59500000000014 8 35.500000000000007 1.5000989906210365 4097.7050000000008 5.5000000000000009 9 1674.6300000000003 31.137687058556509 10 4.5000000000000009 54.478435474689782 1.5000000000000002 1.8673163998105768 104.50000000000001 221.16666666666671 892.6600000000002 11 641.31000000000006 1.5000000000000002 52.500000000000007 16.500000000000004 12 3081.9199999999996 384.52500000000003 592.17500000000007 265.75000000000006 31.63381441250672 41.500000000000007 87.500000000000014 509.37000000000006 287.50000000000006 18.784999999999858 3404.7650000000008 6.3686342311928064 10.608303208806563 395.98500000000007 581.46500000000015 472.96500000000009 139.50000000000003 20.500000000000004 13 358.89000000000004 226.30499999999998
decision_type=2 9 9 2 2 2 9 9 9 2 2 2 2 2 9 9 2 9 2 9 2 2 2 2 9 2 2 9 2 2 2 2 2 2 2 9 2 2 2 2 9 2 2 2 2 2 2 2 2 2 2 2 2 2 2 2 2 2 2 9 2 2
left_child=1 39 3 7 5 6 31 33 9 21 22 12 13 -3 20 38 32 -18 -17 46 45 -6 23 28 25 -25 -26 58 30 -30 -4 -5 -15 56 35 -7 -10 -38 -16 40 42 44 -1 -43 59 -14 48 -22 -13 54 -51 52 -29 -8 60 -56 -2 -58 -24 -42 -9 -44
right_child=2 11 10 4 8 34 53 49 36 -11 -12 19 14 16 15 18 17 -19 -20 -21 47 -23 27 24 26 -27 -28 51 29 -31 -32 -33 -34 -35 -36 -37 37 -39 -40 -41 41 43 61 -45 -46 -47 -48 -49 -50 50 -52 -53 -54 -55 55 -57 57 -59 -60 -61 -62 -63
leaf_value=-0.7718290283262168 -0.74319226201476318 -2.2393203726947308 0.025025903119514227 -0.037377378026848262 0.067462958589156227 -0.38953852036385544 -0.3709178827400913 0.7411914520580738 0.89951155875394417 1.8209822354464238 -0.61007706209437684 -0.81452847774137005 -0.49111646230883849 0.51321655526410914 -0.25650487093335833 -0.24886728098896641 -1.8900750021320705 0.34261279288662261 0.12251867483548927 -0.61000253758951151 0.027998184226945711 -0.75132610604332939 -0.28413546062616712 0.11975646990889022 0.038855557539573309 0.33183271081588084 -0.18459290926216171 -0.5994995714814636 -0.12955980996730573 0.14450993410422655 -0.60042218042099216 -1.3296112832875917 3.3209757953419317 3.5617630266822289 -0.61371852441154684 -0.017086820614597188 0.47089812635580447 -0.065066195207664101 -0.78643237146034095 -0.14361664525088164 -0.045139258925485315 4.8266832310973733 1.3114445532514658 0.074992723304752928 1.5829392310815402 -0.053275554686851481 0.068483747833266759 -0.11266652741727796 0.088766740783672665 -0.17060521340195933 1.7325287087818226 1.3618341537082825 0.0036850664174579609 0.22555515753038194 1.0024542327673971 0.033736136016877083 1.0673789419003612 -0.84906603604252351 0.0076648759253685307 0.15368572266307634 -2.7844340011962525 -0.18203377345662153
leaf_weight=127 210 93 10712 108 74 345 80 34 90 21 82 57 118 290 356 197 102 249 168 417 534 297 263 292 1630 127 459 67 1753 401 590 110 70 24 161 190 418 1999 236 46 360 40 34 33 42 77 109 1522 20 25 73 32 414 165 180 255 55 79 42 548 34 52
leaf_count=127 210 93 10712 108 74 345 80 34 90 21 82 57 118 290 356 197 102 249 168 417 534 297 263 292 1630 127 459 67 1753 401 590 110 70 24 161 190 418 1999 236 46 360 40 34 33 42 77 109 1522 20 25 73 32 414 165 180 255 55 79 42 548 34 52
internal_value=-0.000444388 -0.00128178 -0.000216383 -0.000989583 -0.001459 -0.00313038 -0.000616953 0.000913066 -0.00077102 -0.00345679 1.18504e-05 -0.00189877 -0.00155666 0.000619579 -0.00211772 -0.00372423 0.00155812 -0.000529661 -0.000694444 -0.00410479 -0.00138582 -0.00437834 4.61722e-05 0.000137784 0.00119474 0.00407986 0.000564938 -0.00167479 -5.57248e-05 -0.00107789 0.000134896 -0.00378788 0.00371901 -0.00144357 -0.00472103 -0.00350836 -0.0003125 -0.000521694 -0.00545455 0.000907336 0.00121065 0.00184604 -0.00160398 0.00838816 0.00128541 -0.00498737 -0.000376884 -0.00101991 -0.00453125 0.00242264 0.00668317 -2.37643e-05 -0.000645661 0.00208333 0.00150692 0.00231164 -0.00230548 0.000182482 -0.00412736 0.000878156 -0.0028169 0.00252809
internal_weight=27788 5897 21891 5027 4058 1159 463 969 2899 392 16864 4615 4012 804 3208 957 711 351 365 603 2251 371 16782 15964 2508 419 2089 818 13456 2154 11302 218 360 368 696 535 2507 2417 592 1282 1236 1023 213 73 950 195 186 2056 77 601 98 513 481 245 503 435 344 134 305 908 68 86
internal_count=27788 5897 21891 5027 4058 1159 463 969 2899 392 16864 4615 4012 804 3208 957 711 351 365 603 2251 371 16782 15964 2508 419 2089 818 13456 2154 11302 218 360 368 696 535 2507 2417 592 1282 1236 1023 213 73 950 195 186 2056 77 601 98 513 481 245 503 435 344 134 305 908 68 86
cat_boundaries=0 2 4 6 8 10 12 13 15 17 19 21 22 23 25
cat_threshold=122503281 1278114 91033715 1576294 67895376 2 2101251 1050656 65600 1284 2952827274 1553 13 2147487872 4096 132 262656 2189426944 53264 2717908992 279040 28 2 50593857 65536
is_linear=0
shrinkage=0.05


Tree=96
num_leaves=63
num_cat=8
split_feature=7 19 5 22 20 2 5 18 5 17 7 7 8 5 7 8 17 16 8 19 20 6 17 0 4 23 2 20 7 4 20 2 2 20 2 23 7 8 5 7 22 20 17 5 19 20 20 7 20 17 18 7 7 5 19 20 18 7 18 19 7 19
split_gain=1.94146 1.23787 1.32157 1.2269 1.19571 1.49779 1.16004 1.14932 1.14669 2.04785 1.90232 1.5554 1.46771 1.10025 1.06021 1.05375 1.89979 1.05419 0.956777 0.778118 0.76302 0.745677 1.18041 1.08 1.03596 1.14068 1.0351 0.782431 0.705531 0.69695 1.24909 1.91048 1.83219 1.19725 1.24321 1.02038 0.62399 0.562441 0.516276 0.468604 0.455565 0.445362 1.14543 0.509229 0.401082 0.327362 1.90093 0.361139 0.32282 0.321479 0.311005 0.310796 0.44073 0.30997 0.595219 0.288152 0.257298 0.246762 0.203175 0.195589 1.71019 0.600745
threshold=467.53000000000009 1918.2650000000003 159.50000000000003 96.305935656820864 273.50000000000006 0 11.500000000000002 0.18155720475668163 224.50000000000003 1.2494552107107546 90.465000000000018 310.12000000000006 432.53000000000003 81.500000000000014 -434.39999999999992 472.96500000000009 1.8244927733573018 0.75286632974531698 825.33500000000015 354.43500000000023 89.500000000000014 3372.3600000000001 0.80158027090940276 1 2 17.500000000000004 3 95.500000000000014 270.34000000000009 4 26.500000000000004 5 6 35.500000000000007 7 7.5000000000000009 172.78 445.24000000000007 5.5000000000000009 394.84000000000009 26.580261794199917 77.500000000000014 0.51067982023267267 280.50000000000006 1794.3950000000002 74.500000000000014 111.50000000000001 133.69000000000003 291.50000000000006 2.6666650375272281 0.49105523688871694 964.53000000000009 1290.3400000000004 80.500000000000014 764.59500000000014 47.500000000000007 0.32597711463795148 890.58500000000015 0.34707078340350511 1049.0600000000002 288.02000000000004 1276.8350000000003
decision_type=2 2 2 2 2 1 2 2 2 2 2 2 2 2 2 2 2 2 2 2 2 2 2 1 9 2 1 2 2 9 2 1 1 2 1 2 2 2 2 2 2 2 2 2 2 2 2 2 2 2 2 2 2 2 2 2 2 2 2 2 2 2
left_child=1 4 3 7 14 13 18 37 9 -4 41 36 -13 28 53 16 20 -17 50 -7 -8 24 27 -24 26 -26 -19 -23 -6 33 31 -31 -32 34 -16 -35 -11 39 57 -3 -12 43 -43 -10 48 47 -47 -9 -21 -18 56 -40 -53 -1 -55 -42 -2 -20 -30 60 -15 -61
right_child=6 2 8 -5 5 19 15 45 10 11 40 12 -14 59 29 17 49 21 38 44 -22 22 23 -25 25 -27 -28 -29 58 30 32 -33 -34 35 -36 -37 -38 -39 51 -41 55 42 -44 -45 -46 46 -48 -49 -50 -51 -52 52 -54 54 -56 -57 -58 -59 -60 61 -62 -63
leaf_value=-0.24678682689494169 -2.3585103413021637 -0.2555065955643116 -0.35630502291733068 0.72222267698780662 -1.5089374319805218 1.7689419557167712 1.1416105202865927 -0.29157584909768181 3.558297951299477 0.35148257974306391 -0.54294509160487336 1.1837793897643676 -0.091154783632321046 9.571955273946374 -0.31678463298979198 -0.2876923086306018 -1.0392215900359201 0.034194706704322363 0.14080923905574833 1.08142017105722 1.5453606884779341 -0.53861445459486235 -0.011462658353643818 -0.34042105827283164 0.050256127017465603 0.055129780655665074 -0.094030861828812817 -0.092159755994567411 3.8196191738021619 -0.11752145518993605 0.096698317988217763 0.38346026562387858 -0.12489741238427712 -0.11104461390299321 -0.16725733865353132 0.046157151453290628 -0.55924541226768754 -1.173140610601253 1.5620473172486069 2.5636632804965198 -1.2151264923813092 -0.16772871956034657 5.341149109778498 -0.24809006463951333 1.7778348590148341 0.22798966350931879 -0.85760060598794563 -0.56444203578241936 -1.4804410115939199 0.18194649941824859 -0.62174103864528651 -0.25502218788303427 0.95165955084287968 0.031750504378975107 3.4023168627932514 0.065059560441603992 0.49434512883667758 -0.62276695512951052 0.0544982154199289 -2.1901281456707444 0.21242360099017363 3.7151307298558423
leaf_weight=22 36 313 71 22 37 20 20 118 20 72 234 65 26 43 493 87 32 2226 20 20 30 89 5050 136 5988 96 2127 102 32 286 929 356 2016 3029 1242 709 74 27 22 24 23 26 23 50 20 73 116 302 132 30 138 54 34 37 39 69 20 75 28 20 40 78
leaf_count=22 36 313 71 22 37 20 20 118 20 72 234 65 26 43 493 87 32 2226 20 20 30 89 5050 136 5988 96 2127 102 32 286 929 356 2016 3029 1242 709 74 27 22 24 23 26 23 50 20 73 116 302 132 30 138 54 34 37 39 69 20 75 28 20 40 78
internal_value=-0.000403008 -0.000905176 -0.00214163 -0.00334419 -0.000674904 0.00174419 -5.17819e-05 -0.0036501 -0.000479497 0.00176849 -0.00214844 0.00411458 0.00917553 0.0040378 -0.000805043 1.1707e-05 0.00478261 -1.96491e-05 -0.00270522 -0.00146341 0.0117925 7.90289e-06 -0.000467007 -0.000313162 0.000257423 0.000680663 -0.000323523 -0.00431701 0 -0.000866159 -0.000302083 0.00166667 -0.000750509 -0.00122357 -0.00232307 -0.000701684 0.000503356 -0.00122616 -6.00962e-05 -0.000477941 -0.00417933 0.00297131 0.00649038 0 -0.00285714 -0.00500408 -0.00266927 -0.00591017 -0.00387097 -0.000384615 -0.00520305 0.00199115 0 0.00420792 0.0056962 -0.000526316 -0.000847458 -0.00293367 0.0031746 0.0064538 0.00886628 0.00371287
internal_weight=27788 11376 1748 995 9628 470 16412 973 753 308 445 237 91 278 9158 16013 112 15901 399 192 50 15814 5377 5186 10437 6084 4353 191 97 9060 3587 642 2945 5473 1735 3738 146 364 205 337 326 119 49 70 172 609 189 420 152 62 194 110 88 98 76 92 56 95 60 181 83 98
internal_count=27788 11376 1748 995 9628 470 16412 973 753 308 445 237 91 278 9158 16013 112 15901 399 192 50 15814 5377 5186 10437 6084 4353 191 97 9060 3587 642 2945 5473 1735 3738 146 364 205 337 326 119 49 70 172 609 189 420 152 62 194 110 88 98 76 92 56 95 60 181 83 98
cat_boundaries=0 1 2 3 4 5 6 7 8
cat_threshold=316 1 10 700 7 2217 2208 706
is_linear=0
shrinkage=0.05


Tree=97
num_leaves=63
num_cat=20
split_feature=7 1 11 1 10 1 10 2 9 1 1 4 7 10 23 5 7 10 5 17 15 4 1 7 10 1 17 1 7 16 5 5 11 4 2 1 11 9 9 7 9 2 7 11 11 2 1 16 1 10 11 5 17 2 15 10 14 7 2 10 23 10
split_gain=1.98749 1.79127 2.04508 1.73286 1.38626 1.37463 1.52549 2.02845 2.00223 1.8421 1.64435 1.94993 1.87251 1.3396 1.22773 1.19519 1.95444 1.18357 1.58227 1.16131 1.14237 1.84436 2.0169 1.49211 2.14801 1.66835 1.47422 1.28666 1.58345 1.13952 1.11221 1.12728 1.09583 1.06676 1.23386 1.24311 1.16542 0.956136 1.36063 0.934314 1.04841 0.91423 1.06176 0.899183 1.61422 1.53128 1.39933 0.874094 1.37653 1.34471 1.69466 1.12415 1.10674 0.851332 1.00698 1.00364 0.845245 0.833074 0.786069 0.761005 0.741849 0.656186
threshold=509.29500000000002 0 609.12500000000011 1 2262.1850000000004 2 2219.1450000000004 3 1059.3850000000002 4 5 6 1240.0450000000003 529.71500000000003 11.500000000000002 258.50000000000006 145.52500000000001 2181.9000000000005 138.50000000000003 1.105384465362415 5.5000000000000009 7 8 1229.6150000000005 1135.4250000000004 9 1.9741694744320704 10 1032.2800000000002 2.0259078810955167 259.50000000000006 250.50000000000003 8656.9800000000014 11 12 13 5702.5250000000005 1979.615 1240.05 85.910000000000011 1.0000000180025095e-35 14 320.59500000000008 2503.8900000000008 4055.1450000000004 15 16 0.4121828247032408 17 1178.4900000000002 1306.4600000000003 193.50000000000003 3.5272379962922433 18 3.5000000000000004 2026.4650000000001 5.5000000000000009 1003.575 19 1450.8800000000003 5.5000000000000009 3026.4100000000003
decision_type=2 9 2 9 2 9 2 1 2 9 9 9 2 2 2 2 2 2 2 2 2 9 9 2 2 9 2 9 2 2 2 2 2 9 1 9 2 2 2 2 2 1 2 2 2 1 9 2 9 2 2 2 2 1 2 2 2 2 1 2 2 2
left_child=1 4 3 39 17 20 7 10 57 37 53 12 -12 15 -13 16 -5 -1 -19 -17 23 22 -22 24 25 58 -27 -26 -29 56 31 -11 47 -25 36 -36 -35 38 -9 40 -3 -41 -43 -10 45 -45 -46 49 51 50 -4 -49 -50 55 -55 -7 -6 61 -2 -51 -32 -8
right_child=5 2 32 13 29 6 8 9 43 30 11 14 -14 -15 -16 19 -18 18 -20 -21 21 -23 -24 33 27 26 -28 28 -30 -31 60 -33 -34 34 35 -37 -38 -39 -40 41 -42 42 -44 44 46 -47 -48 48 52 59 -52 -53 -54 54 -56 -57 -58 -59 -60 -61 -62 -63
leaf_value=-0.11641711262796939 -0.12136285567924254 -0.12332694877267159 1.5503389345303882 -0.32563895305313229 -0.36958184896221358 0.03367546374904009 0.74067957972956155 -0.11435965811827664 0.53366258022050628 0.1297062261139473 0.43853922144069846 0.08415714879407972 2.8582446983240644 -0.91428299373912769 1.2729101505655049 7.7583504279448592 1.7097971583690126 -0.69563004266669182 0.40474355692287073 2.2720032531048422 0.31013209131944564 -0.078907927831879485 0.02222133057402962 -0.55272334073586904 -0.72410108017900543 0.92180443684535052 -0.038985387108220949 -0.055799735500207254 -0.76861747887468934 0.014438379216416487 0.9197921966724607 -1.3065351305672153 -0.23895814460637183 0.0056972598048716351 0.86836142409546691 0.002810020511296685 -0.59072598540823051 -0.95303057294684845 0.16906766542820828 1.4027108847770196 2.3812074525885594 -1.859931380325925 0.054580289079667922 0.0015633966982953496 -0.17735581690810065 -0.42943432158807443 0.0059057302510662881 0.52199566617905335 -0.038860586297420951 0.83910021858461481 -0.52630679615669418 -0.27984506342942622 -0.66339136201835991 -0.67528304197020539 0.2816112049673592 0.88615910629408967 0.026665289909945766 0.83727202574186776 -0.90471176393728714 0.14808016430507359 -0.31176307364729344 -0.55984234412929446
leaf_weight=6369 232 59 135 85 343 605 103 3056 171 520 859 1641 90 28 23 22 208 22 35 60 108 453 190 194 396 200 486 757 219 79 225 29 72 259 271 272 44 57 621 125 47 121 101 271 326 545 1522 239 3240 69 172 134 375 270 89 61 28 39 218 146 31 21
leaf_count=6369 232 59 135 85 343 605 103 3056 171 520 859 1641 90 28 23 22 208 22 35 60 108 453 190 194 396 200 486 757 219 79 225 29 72 259 271 272 44 57 621 125 47 121 101 271 326 545 1522 239 3240 69 172 134 375 270 89 61 28 39 218 146 31 21
internal_value=-0.000404807 -0.000878867 -0.000188039 0.00203725 -0.0014153 -2.42295e-05 0.000264793 0.000621944 -0.000691436 -7.41432e-05 0.00149959 0.00216584 0.00398909 0.00435697 0.00107335 0.00532407 0.00350507 -0.00121714 0.005625 0.0108824 -0.000785598 0.00094496 0.00393891 -0.00116868 -0.00183194 -0.000175593 0.00132332 -0.00316364 -0.00202224 -0.00413907 0.00206296 0.000701993 -0.00061614 0.000383509 0.00119325 0.0026304 -0.00122627 -0.000553776 -0.000438179 -2.6824e-05 0.00389908 -0.00139286 -0.00329787 -0.00101744 -0.00125609 -0.00311355 -0.000405186 -0.000504099 -0.000764219 0.00138095 -0.000604839 0.00204016 -0.00107153 -0.000156551 -0.00211694 0.000846834 -0.00531417 0.00459337 -0.0025378 0.00441514 0.00482625 0.0019685
internal_weight=27788 12314 5438 856 6876 15474 11175 8177 2998 4539 3638 2613 949 403 1664 375 293 6426 57 82 4299 751 298 3548 2508 1136 686 1372 976 450 805 549 4582 1040 846 543 303 3734 3677 453 106 347 222 2835 2664 816 1848 4510 3988 522 307 373 3615 1025 359 666 371 163 450 215 256 124
internal_count=27788 12314 5438 856 6876 15474 11175 8177 2998 4539 3638 2613 949 403 1664 375 293 6426 57 82 4299 751 298 3548 2508 1136 686 1372 976 450 805 549 4582 1040 846 543 303 3734 3677 453 106 347 222 2835 2664 816 1848 4510 3988 522 307 373 3615 1025 359 666 371 163 450 215 256 124
cat_boundaries=0 2 4 6 7 9 11 12 13 15 17 19 20 21 23 24 25 27 29 30 31
cat_threshold=2692920366 1866021 3670160 33936 92029297 625998 868 2692752012 21168 2181268994 1061504 9 24 1573152 32768 3424336 33792 67633440 14 1 1606 2637856 98306 2148 2137 268439564 20480 2179856 32768 292 2268
is_linear=0
shrinkage=0.05


Tree=98
num_leaves=63
num_cat=18
split_feature=7 1 19 1 1 21 1 2 1 4 1 7 16 7 2 1 5 21 4 8 14 18 1 6 4 2 21 21 6 19 21 21 21 18 23 5 21 16 16 8 21 2 8 1 7 5 4 19 7 4 5 7 21 8 23 21 19 18 19 21 5 6
split_gain=1.88597 1.91594 1.46336 1.31457 1.30614 1.3032 1.27193 1.47243 1.63011 1.35428 1.26399 1.21265 1.18865 1.13477 0.978477 2.63613 1.53785 1.97509 0.970561 1.13222 0.967773 0.993446 0.958865 1.32221 1.31328 1.38624 1.0081 0.958047 0.929816 0.914612 1.49559 1.55109 1.7024 1.41366 0.997313 0.860746 0.856925 0.856027 1.54689 0.855104 0.851148 0.839579 1.16004 0.841016 0.837809 0.821887 0.815206 1.57536 1.24695 0.802413 0.801385 0.782554 1.03771 0.76405 0.759167 0.756202 0.751083 0.894384 0.73929 0.707404 0.704469 0.699472
threshold=509.29500000000002 0 1918.2650000000003 1 2 254.16666666666671 3 4 5 6 7 726.9100000000002 1.9307615390205608 538.10500000000013 8 9 18.500000000000004 127.08333333333336 10 1219.1900000000003 2.5000000000000004 1.4502568462341219 11 8525.1000000000022 12 13 53.041666666666679 59.038461538461547 4496.4800000000005 873.81000000000006 41.689903846153854 52.345238095238102 64.038461538461561 0.29525429969309325 6.5000000000000009 74.500000000000014 127.08333333333336 1.4705765187479283 1.2861958981948793 530.55000000000007 47.612500000000004 14 165.35500000000005 15 1703.8300000000002 45.500000000000007 16 1794.3950000000002 -434.39999999999992 17 102.50000000000001 342.00500000000005 204.25000000000003 686.15500000000009 10.500000000000002 146.55000000000004 1518.405 0.94705414012738864 1288.155 91.055555555555571 76.500000000000014 1376.8900000000001
decision_type=2 9 2 9 9 2 9 1 9 9 9 2 2 2 1 9 2 2 9 2 2 2 9 2 9 1 2 2 2 2 2 2 2 2 2 2 2 2 2 2 2 1 2 9 2 2 9 2 2 9 2 2 2 2 2 2 2 2 2 2 2 2
left_child=1 29 3 41 28 46 7 8 9 -2 39 50 27 56 15 16 -8 40 -15 -20 36 -22 45 24 26 -26 -24 -11 51 30 -1 -32 -33 -31 -34 -6 59 38 -13 -9 -18 42 -3 -43 -41 -16 47 -5 -48 -39 -12 52 -4 -44 -25 -38 57 -10 -45 -17 -53 -52
right_child=6 2 4 5 35 -7 14 10 13 12 11 37 -14 18 22 20 17 -19 19 -21 21 -23 23 54 25 -27 -28 -29 -30 33 31 32 34 -35 -36 -37 55 49 -40 44 -42 43 53 58 -46 -47 48 -49 -50 -51 61 60 -54 -55 -56 -57 -58 -59 -60 -61 -62 -63
leaf_value=0.93923931824210349 -0.10044948096208817 -0.76798256942366516 -0.68221424423826926 0.0011023616014007587 -0.62625089851480387 1.3200795074582474 -0.1749977390995742 0.11731140437329302 3.4554589847228536 0.89476752065765486 -0.6012640093109618 -0.076476322944148134 0.37714304218623129 -0.407348984169003 -0.45266331556361428 -0.28368516446443837 0.13313047366978825 -0.33029517875516279 -0.12472448262650015 0.282829222764795 0.4518794044129173 -0.0082158810873669275 0.3828240220423707 -0.68992397497345248 -0.090338701763911011 0.088216028617022602 0.089460084259997075 0.055367627544293724 -0.43672235103877766 0.70611125792753959 -0.36842937024608491 0.62445785109956009 -0.039031951545879906 -0.33072242481580078 0.99466705014030132 -0.0013523379238598921 0.28615559707636468 0.088834861880025789 0.66754569048248913 -0.37250845355028517 0.61809076507545768 -0.0013359716368071873 -0.19005373428747233 -0.13602293019143721 0.28765554125809273 -0.0029646555217681227 1.3111611102024854 1.0097440295569562 -0.075882568857046806 -0.10074527296370057 0.86457313674645953 -1.5919676100103823 3.9430432818354606 0.13552340423679307 0.0048096821816624672 -0.38792545916071541 -0.40334210998086173 0.087798000611482518 -1.0287431518145354 -0.74688773557198762 0.41800022238277085 -0.10620001927522527
leaf_weight=143 142 166 363 1329 187 218 150 39 23 46 238 63 140 246 156 925 151 74 910 413 24 62 868 67 1070 2468 1178 28 310 180 73 56 261 306 29 655 65 789 59 1063 173 1018 704 458 65 2245 45 59 5395 522 50 46 29 78 31 218 23 21 86 248 120 421
leaf_count=143 142 166 363 1329 187 218 150 39 23 46 238 63 140 246 156 925 151 74 910 413 24 62 868 67 1070 2468 1178 28 310 180 73 56 261 306 29 655 65 789 59 1063 173 1018 704 458 65 2245 45 59 5395 522 50 46 29 78 31 218 23 21 86 248 120 421
internal_value=-0.000421 -0.000882926 -0.00107501 -0.000826446 -0.00243724 -0.000463947 -5.00743e-05 -0.000679808 0.000374065 0.00338753 -0.00132827 -0.000568445 0.005837 -0.000272893 0.00027366 -0.000677603 0.00222816 0.00392768 -0.000580471 0 -0.00175241 0.00308989 0.000526495 0.000882353 0.000993377 0.000387215 0.0020034 0.0113636 -0.0038025 0.00113101 0.00252212 0.000859005 0.0023639 -0.000357873 0.00059727 -0.000906433 -0.00209047 0.000235028 0.0042 -0.0026589 0.00565749 -0.00181332 -0.00301769 -0.00103175 -0.00296198 -0.000295153 -0.000592885 0.000463954 -0.00087108 -0.000104642 -0.00226475 -0.00245098 -0.00367089 -0.00213376 -0.00470297 0.000218531 0.00589286 0.00957447 -0.00260323 -0.0026892 0.000147929 -0.000922996
internal_weight=27788 12314 11266 9556 1710 7046 15474 5301 1992 356 3309 2142 214 1636 10173 2090 548 398 1569 1323 1542 86 8083 5682 5584 3538 2046 74 868 1048 562 419 346 486 290 842 1456 1433 122 1167 324 2510 948 1562 1128 2401 6828 1388 5440 1311 709 558 392 782 98 283 67 44 544 1173 166 471
internal_count=27788 12314 11266 9556 1710 7046 15474 5301 1992 356 3309 2142 214 1636 10173 2090 548 398 1569 1323 1542 86 8083 5682 5584 3538 2046 74 868 1048 562 419 346 486 290 842 1456 1433 122 1167 324 2510 948 1562 1128 2401 6828 1388 5440 1311 709 558 392 782 98 283 67 44 544 1173 166 471
cat_boundaries=0 2 4 6 8 9 10 11 13 14 16 17 19 20 21 22 24 25 26
cat_threshold=491077904 230472 5646 801061 537564169 278544 360513877 626126 2588 67109188 5 67371348 3328 3073 2181174274 270880 1 2181190176 25120 9 38 912 4102 12293 48 19
is_linear=0
shrinkage=0.05


Tree=99
num_leaves=63
num_cat=18
split_feature=7 10 1 1 4 1 1 10 9 1 8 1 9 1 1 23 8 0 15 1 4 18 5 1 10 5 9 18 20 15 7 5 18 21 17 20 1 1 20 21 18 4 5 15 7 1 10 8 8 15 4 7 18 10 21 5 21 18 10 23 17 21
split_gain=1.53093 1.53827 2.07138 1.83253 1.27345 1.73769 1.26389 1.64204 1.47283 2.55996 1.40923 1.33002 1.29306 1.26376 1.21502 1.20737 1.19954 1.17838 1.87637 1.19365 1.23181 1.1537 1.14726 1.12654 1.52445 1.07962 0.99606 0.968934 0.960302 0.949736 1.84864 1.51645 1.39262 1.57217 1.75261 1.30531 1.28408 0.977123 1.26437 0.961036 0.935797 0.896795 0.904974 0.894202 1.31881 1.91157 2.27261 1.09638 1.08315 1.46529 1.37858 1.02591 0.907847 1.2292 0.853736 0.845236 1.24465 0.811068 1.52473 0.988735 0.942826 1.14746
threshold=509.29500000000002 2262.1850000000004 0 1 2 3 4 2522.4100000000003 1240.05 5 2501.0250000000005 6 1217.2350000000001 7 8 5.5000000000000009 1383.8450000000003 9 5.5000000000000009 10 11 1.9970914178417585 54.500000000000007 12 1162.9300000000003 278.50000000000006 1395.9650000000001 1.1987784261747851 112.50000000000001 1.5000000000000002 410.30500000000006 82.500000000000014 0.93906542244738012 130.3666666666667 2.5454033322097023 226.50000000000003 13 14 37.500000000000007 115.07142857142858 1.1255593776026089 15 224.50000000000003 6.5000000000000009 598.84500000000014 16 4744.9750000000013 909.05500000000018 563.18500000000006 1.5000000000000002 17 619.57000000000005 0.49581893914858405 1481.6700000000003 59.038461538461547 15.500000000000002 115.07142857142858 2.0557161043590901 3243.7350000000001 12.500000000000002 1.7486267011887235 41.041666666666679
decision_type=2 2 9 9 9 9 9 2 2 9 2 9 2 9 9 2 2 1 2 9 9 2 2 9 2 2 2 2 2 2 2 2 2 2 2 2 9 9 2 2 2 9 2 2 2 9 2 2 2 2 9 2 2 2 2 2 2 2 2 2 2 2
left_child=1 3 57 29 5 -5 10 8 14 -10 43 16 28 22 41 -13 -11 19 25 26 -21 -20 54 40 -25 -19 -14 -24 -9 30 35 -32 33 36 -35 -1 -31 -34 -39 -37 -7 42 -8 48 47 46 -46 -45 52 50 -50 -51 -2 -54 -6 56 -16 60 -59 -60 61 -3
right_child=6 2 -4 4 13 23 7 12 9 11 -12 15 17 -15 55 -17 -18 18 21 20 -22 -23 27 24 -26 -27 -28 -29 -30 32 31 -33 37 34 -36 39 -38 38 -40 -41 -42 -43 -44 44 45 -47 -48 -49 49 51 -52 -53 53 -55 -56 -57 -58 58 59 -61 -62 -63
leaf_value=-0.34642926012814074 -0.26802767206983236 -0.40512037000176132 -0.24647386981130401 0.70518008802002119 0.4213108168789127 -0.39407260811891354 1.434756720515737 0.031530423921859452 -0.28407392775937323 0.17803148719237633 0.63851655385673556 0.94582496552610495 -0.58860478547852402 -0.075191454992766193 -0.61120487676659419 -0.022263458524167848 -0.48806994510759766 -0.70876554558847682 -0.45394243507217208 -0.094707283750267379 0.1603774289102301 -0.0040451053333926627 -0.4490354206157795 0.28771155263780573 -0.40591436252704427 2.195743737530266 -0.032773772014230394 -0.0042807390633587518 1.2010872689896208 -0.28521606298413643 0.10826826587861796 5.4615079759263825 -0.24516912392939905 0.028397220838927952 1.5947797626695825 1.5571487756049784 0.051312281810786689 -0.068226609492643683 0.27636281750675418 4.8062383065192895 0.11833567468802997 -0.15266504715388224 0.021275140956286267 0.0019282741336542843 0.35899786801807576 -0.060930196012565399 -0.10359957292443954 -0.34646620342677886 -0.73662253869749683 -0.6768104024603625 1.2160033378131061 -0.17322214699537783 0.6602456448875389 -0.13316180690060442 -0.49725066923093558 0.011691820962388988 0.3897316242008742 0.35982194278589114 -0.52571456789084603 0.49865866276847143 0.30688916042404729 0.10427225291154407
leaf_weight=167 131 53 696 149 92 331 99 125 222 1086 50 535 173 5813 228 127 292 196 63 203 307 467 912 830 304 20 966 199 36 653 40 55 126 348 54 74 471 137 397 31 55 109 43 87 110 118 39 34 160 296 289 1984 132 79 107 6571 97 57 32 28 48 55
leaf_count=167 131 53 696 149 92 331 99 125 222 1086 50 535 173 5813 228 127 292 196 63 203 307 467 912 830 304 20 966 199 36 653 40 55 126 348 54 74 471 137 397 31 55 109 43 87 110 118 39 34 160 296 289 1984 132 79 107 6571 97 57 32 28 48 55
internal_value=-0.000397611 -0.000813916 -0.0027392 -0.000644387 -0.000988075 0.00023038 -6.29967e-05 0.000178452 0.00048741 0.00160044 -0.000897927 0.00216756 -0.000937866 -0.00128048 0.000127622 0.00403704 0.00120417 -0.00124583 -0.00290387 -0.000461562 0.00148184 -0.00117261 -0.00270219 -0.000260926 0.000501308 -0.00684932 -0.00137804 -0.00335503 0.00327744 0.000521239 0.00287162 0.00880102 0.000102787 -0.000703074 0.00191358 0.000545455 -0.00168589 0.0020362 0.00297075 0.00497685 -0.00256892 0.00345644 0.00596774 -0.00103625 0.0011509 0.00319444 0.00671296 -0.00292339 -0.0013297 -0.00167002 0.000857301 -0.0021901 0.00123188 0.00332944 0.000556931 0 -0.00247713 0.00083042 0.0040625 -0.000793651 -0.00125786 -0.00405405
internal_weight=27788 12314 969 11345 8792 1669 15474 11965 9409 2262 3509 2040 2556 7123 7147 662 1378 2395 746 1649 510 530 1310 1520 1134 216 1139 1111 161 2553 367 95 2186 1526 402 272 1124 660 534 105 386 251 142 3459 388 267 149 121 3071 2729 449 2280 342 211 199 6896 325 273 117 60 156 108
internal_count=27788 12314 969 11345 8792 1669 15474 11965 9409 2262 3509 2040 2556 7123 7147 662 1378 2395 746 1649 510 530 1310 1520 1134 216 1139 1111 161 2553 367 95 2186 1526 402 272 1124 660 534 105 386 251 142 3459 388 267 149 121 3071 2729 449 2280 342 211 199 6896 325 273 117 60 156 108
cat_boundaries=0 2 4 5 7 9 11 13 15 17 18 20 21 23 25 27 28 30 31
cat_threshold=1048704 86160 508380017 230682 16 16778240 1327104 293405009 558414 131618 12320 2759885952 82048 25306112 1341440 1073743362 131072 1 578834572 278657 5 2147520524 33 306970944 99344 33554448 131330 7 1573121 32768 17
is_linear=0
shrinkage=0.05


Tree=100
num_leaves=63
num_cat=25
split_feature=17 1 2 16 1 11 1 16 0 1 1 4 19 2 22 19 22 17 0 15 19 16 1 2 2 18 1 2 1 1 22 1 9 2 1 17 16 22 2 17 17 9 18 4 17 17 19 22 19 19 9 19 23 16 18 23 11 1 4 19 9 1
split_gain=1.38939 2.1502 2.0472 1.70571 1.95819 1.61095 2.00998 1.7264 1.67395 1.42907 1.38913 1.38514 1.31339 1.53471 1.20555 1.11904 1.11712 0.99528 4.32165 1.75331 0.989769 1.11591 1.18295 1.67863 1.06645 1.04429 0.959347 0.949063 1.69984 1.24621 0.909643 0.888792 1.22959 0.878155 0.866954 1.04872 0.857643 0.797225 0.79025 1.31958 1.24897 0.814656 0.787604 0.766574 0.757037 0.695102 0.695038 0.675758 0.673318 0.668979 0.63327 2.21359 1.34619 0.840992 0.801374 0.616388 0.862907 1.5028 1.09379 0.788885 1.29913 1.28256
threshold=1.0223846326214827 0 1 0.97651475280052769 2 7458.0950000000012 3 0.73700144426080272 4 5 6 7 1288.155 8 14.890784036793976 2109.9650000000006 148.78199761334571 2.270936284630849 9 2.5000000000000004 35.20000000000028 2.8209468176472101 10 11 12 2.2092732975184388 13 14 15 16 47.261674438865093 17 992.0350000000002 18 19 1.3505951293322236 1.79974801419386 189.40050965817002 20 1.4736827688680629 1.1362704058062743 1563.8450000000005 3.6604934048840803 21 1.5279989436891468 1.1320917004562462e-05 1480.3800000000003 72.0910865878149 5005.8400000000011 1870.9050000000002 1217.2350000000001 786.84000000000003 3.5000000000000004 0.82859710586006718 1.90465645038795 6.5000000000000009 1781.2450000000001 22 23 285.54000000000002 354.39500000000004 24
decision_type=2 9 1 2 9 2 9 2 1 9 9 9 2 1 2 2 2 2 1 2 2 2 9 1 1 2 9 1 9 9 2 9 2 1 9 2 2 2 1 2 2 2 2 9 2 2 2 2 2 2 2 2 2 2 2 2 2 9 9 2 2 9
left_child=1 47 9 4 11 6 7 45 30 46 20 -2 16 15 -9 44 17 19 -19 -12 25 34 23 -23 -24 27 36 28 -5 -29 -8 32 -15 -10 35 -22 -27 -18 40 -40 -13 -41 -28 -36 -14 -4 -3 -1 -33 -42 -6 52 -52 -53 -54 56 57 -11 -58 61 -61 -57
right_child=3 2 5 10 50 -7 8 14 33 55 12 38 13 31 -16 -17 37 18 -20 -21 21 22 24 -25 -26 26 42 29 -30 -31 -32 48 -34 -35 43 -37 -38 -39 39 41 49 -43 -44 -45 -46 -47 -48 -49 -50 -51 51 53 54 -55 -56 59 58 -59 -60 60 -62 -63
leaf_value=-0.30968909702831804 -0.42920594007709845 -0.047811525424078384 -0.57453450944133455 0.15864137380213705 -0.36070637221858565 -0.30582775388871597 -0.32913093872009647 -0.33635471830858227 -0.088109390304575902 -0.13866621767482884 -0.21152312602500845 0.36346617225192362 0.27813794238370537 -0.073887290810538533 0.035476837029206364 0.70008981414013238 1.5837573590485634 0.70691503916823406 -0.13268951959721295 0.027660588156821223 -0.21560004851364933 0.19364391629376743 0.380172846501727 -0.50354760653964659 -0.052494201506377181 0.050719240862183046 -0.23163047767082789 0.29682734020308449 -0.17467968979677551 0.033072662507905193 0.004621981689288646 -0.2186713225671614 0.34282808894815986 0.17916259463801598 -0.53046423893233841 0.057726326596822024 -0.19727598166340529 -0.71077797184323899 -0.47813647421702099 -0.92530429818899873 0.35718964983305457 0.90420435404759125 0.010850029482193692 -0.14907598859145424 -0.14943319792841231 2.4038958504707275 -0.38409846940224279 0.47982195539414757 -0.86317086977784574 -0.73971088748178504 -0.97641033188619597 0.42607964958354128 -0.26810272873671714 -0.29387283474924558 0.021511469235287708 -0.084470879890786679 -0.14645071766325871 0.83375402009055266 0.088051879753614157 -0.15297734654309567 0.55520901869047357 0.21930971769727564
leaf_weight=527 101 290 20 360 526 179 944 178 228 161 1916 22 70 723 507 208 94 1402 1172 5520 91 323 592 665 1845 64 309 316 541 1077 149 2340 253 219 183 364 57 36 60 38 193 34 129 673 234 96 107 31 92 37 108 55 142 35 139 133 164 234 210 35 72 165
leaf_count=527 101 290 20 360 526 179 944 178 228 161 1916 22 70 723 507 208 94 1402 1172 5520 91 323 592 665 1845 64 309 316 541 1077 149 2340 253 219 183 364 57 36 60 38 193 34 129 673 234 96 107 31 92 37 108 55 142 35 139 133 164 234 210 35 72 165
internal_value=-0.000383218 -0.00117423 -0.000752315 -0.000221999 -0.00185867 -0.00163837 -0.00126387 0.000721744 -0.00231809 0.000639205 -0.000106803 0.000677711 0.000184751 -0.000586286 -0.000163517 0.00190476 0.000488021 0.000421951 0.00127086 0.000120984 -0.000652789 -0.00109728 -0.000601663 -0.00204795 0 6.56513e-05 -0.00184609 0.000555072 -0.000670131 0.00137802 -0.00338732 -0.000979246 0.000252781 0.000138889 -0.0023497 -0.000400641 0.00177239 0.00507519 0.00214106 -0.000689655 0.00377358 0.00333333 -0.00293792 -0.00327963 0 0.00630252 -0.00185976 -0.0040718 -0.00149284 0.00246781 -0.00310658 -0.00163382 -0.00334821 0.00510753 -0.00127641 0.00153749 0.000631477 0.00229271 -0.000994695 0.00315564 0.00693182 0.00157807
internal_weight=27788 4649 4091 23139 1490 2520 2341 801 1540 1571 21649 485 14060 3920 685 512 10140 10010 2574 7436 7589 4736 3425 988 2437 2853 559 2294 901 1393 1093 3408 976 447 1311 455 121 130 384 132 252 72 438 856 304 116 397 558 2432 230 1005 479 389 90 281 1174 769 395 374 405 107 298
internal_count=27788 4649 4091 23139 1490 2520 2341 801 1540 1571 21649 485 14060 3920 685 512 10140 10010 2574 7436 7589 4736 3425 988 2437 2853 559 2294 901 1393 1093 3408 976 447 1311 455 121 130 384 132 252 72 438 856 304 116 397 558 2432 230 1005 479 389 90 281 1174 769 395 374 405 107 298
cat_boundaries=0 2 3 5 7 8 10 12 13 14 15 17 18 19 20 21 23 25 27 28 30 31 32 34 35 37
cat_threshold=3147012 137486 802 2183005209 65715 130330729 74880 1 109350977 114688 3240825465 1838573 4 1544 1 70224 1573957 170 2116 561 1299 2150105600 1048705 16777281 1310720 75498502 156160 201 16846928 524293 741 8 537001984 262656 6 2147483808 528
is_linear=0
shrinkage=0.05


Tree=101
num_leaves=63
num_cat=4
split_feature=15 8 10 9 21 5 10 16 9 5 16 20 21 23 4 4 16 11 10 20 11 23 20 20 20 20 23 3 20 16 9 16 21 20 9 9 9 20 8 11 20 6 4 23 10 5 10 8 21 6 8 10 9 21 21 23 8 23 5 11 5 8
split_gain=1.71488 1.05551 1.10674 1.21804 1.23704 1.41026 1.10712 2.09648 2.07643 1.75758 1.18461 0.891841 1.35209 1.1833 0.92793 0.870689 1.2261 0.993356 0.834748 1.37476 1.06201 0.728685 0.956921 0.623966 1.10252 1.05819 1.77245 1.62653 2.17607 1.1272 1.06146 0.999058 1.0995 1.80045 1.23918 0.868349 0.83226 0.690625 0.659542 0.656032 0.623881 0.608901 0.5502 0.491402 0.481632 0.464119 0.712549 0.458261 0.449347 0.438922 0.376255 0.357156 0.696181 0.500387 0.355818 0.315868 0.231533 0.222484 0.219033 0.1893 0.164426 0.00764498
threshold=14.500000000000002 290.89000000000004 1667.47 927.20000000000016 134.41666666666671 89.500000000000014 1620.3850000000004 2.2111633251792564 1134.5550000000001 116.50000000000001 1.5879128036625263 1.5000000000000002 37.025000000000006 19.500000000000004 0 1 1.0259301214029921 3547.0500000000006 603.42500000000007 125.50000000000001 3737.5200000000004 11.500000000000002 49.500000000000007 71.500000000000014 58.500000000000007 43.500000000000007 12.500000000000002 2 49.500000000000007 0.82859710586006718 363.5150000000001 2.3999894285343122 44.651515151515156 85.500000000000014 763.2700000000001 85.910000000000011 137.89500000000001 325.50000000000006 241.62000000000003 2954.7100000000005 160.50000000000003 3372.3600000000001 3 1.5000000000000002 1488.0950000000003 111.50000000000001 2009.6000000000004 1040.7100000000003 133.10000000000002 3372.3600000000001 769.42500000000007 410.90000000000003 436.63000000000005 75.292857142857159 179.58333333333334 19.500000000000004 818.21000000000015 39.500000000000007 45.500000000000007 578.17000000000019 284.50000000000006 858.93000000000018
decision_type=2 2 2 2 2 2 2 2 2 2 2 2 2 2 9 9 2 2 2 2 2 2 2 2 2 2 2 1 2 2 2 2 2 2 2 2 2 2 2 2 2 2 9 2 2 2 2 2 2 2 2 2 2 2 2 2 2 2 2 2 2 2
left_child=1 23 6 4 21 -6 15 8 10 56 -8 45 13 -13 -14 18 44 -18 19 -3 -20 40 -23 24 25 26 35 29 -29 -27 -28 32 33 38 42 -1 41 -35 -25 43 -4 54 -34 -38 -17 49 -47 -11 51 -5 -7 53 -53 -26 -33 58 -9 -57 -2 -43 -60 -10
right_child=55 2 3 11 5 50 7 9 61 47 -12 12 14 -15 -16 16 17 -19 20 -21 -22 22 -24 31 48 27 30 28 -30 -31 -32 36 34 37 -36 -37 39 -39 -40 -41 -42 59 -44 -45 -46 46 -48 -49 -50 -51 -52 52 -54 -55 -56 57 -58 -59 60 -61 -62 -63
leaf_value=0.49925184241698234 -0.41004471305310769 1.2043759472837925 -0.26235833661393965 0.57883360335288436 3.3325018869434886 -1.113427383621844 -0.074193371041261363 -0.30423775752095922 1.6063744144568535 -0.043349622279811588 0.58242966049727263 -0.1367429971590699 -0.051521017101170054 0.010621226318143951 0.034279544361876017 -0.93817520281498157 -0.0059628254494144889 -0.29688198493286733 0.013197678425724037 0.021260714124684912 0.61565040175926244 -0.22085377813130125 0.24275426275662612 4.4929297698916617 0.70415212729106613 -0.68934103111367873 -0.24427136914858691 0.49848833446566271 0.00073417132020150435 0.017058634245390714 0.17338696386226743 -1.0167636782565979 0.24794510980764156 -0.16202159718474435 -0.46244862422448635 -0.26045663188741391 -0.48679667637938806 2.3347341179543775 1.104548701353788 -0.79323156180249521 0.53846693648435284 0.91669701926305935 -0.094585373466413186 0.037348802051127804 0.0032845282547410374 5.7701336192128565 0.17093380216593401 0.74501818517363749 -1.5544774439716158 -0.80637213382677564 0.83440461521701936 -0.65373358555680738 -0.10481079656355306 -0.95364304845079717 0.0764492132123607 -0.1872720975368547 -1.6637565064356226 -0.06983467042164114 0.055196285587802943 -0.20472874911428429 -0.14354831430489376 0.53066014052432564
leaf_weight=143 21 214 779 43 36 35 89 21 51 90 27 1757 3010 222 2100 109 11104 208 2267 313 40 43 55 41 35 102 43 99 159 162 174 193 360 145 53 998 504 45 33 21 42 20 198 508 30 35 66 61 56 40 43 125 221 31 22 179 38 31 20 31 25 22
leaf_count=143 21 214 779 43 36 35 89 21 51 90 27 1757 3010 222 2100 109 11104 208 2267 313 40 43 55 41 35 102 43 99 159 162 174 193 360 145 53 998 504 45 33 21 42 20 198 508 30 35 66 61 56 40 43 125 221 31 22 179 38 31 20 31 25 22
internal_value=-0.000385017 -0.000343449 -0.000203323 -0.000664942 -0.00228041 0.00235043 5.44699e-05 0.00264303 0.00644531 -0.000586854 0.00168067 -0.000427776 -0.000523477 -0.00163345 -8.31215e-05 -1.48726e-05 -0.000212622 -0.000150243 0.000763962 0.00257075 0.000330087 -0.00291486 0.000742574 -0.0010442 -0.00161633 -0.00103558 -0.00178178 0.000809524 0.00359779 -0.00180505 0.00221591 -0.000401929 0.000868451 0.00355805 -0.000223941 -0.0025896 -0.00129608 0.000647668 0.0100649 -0.000591216 -0.00341323 -0.00381041 0.00040107 -0.000344828 -0.00484155 0.00294118 0.00516827 0.00202922 -0.00382166 0 -0.000925926 -0.00301205 -0.0036533 0 -0.00498853 -0.00430108 -0.0078629 -0.00528169 -0.000362319 0.000231481 0.00078125 0.0129934
internal_weight=27788 27512 22990 8306 1033 114 14684 399 189 210 116 7273 7089 1979 5110 14285 11451 11312 2834 527 2307 919 98 4522 2348 1880 1358 522 258 264 217 2174 875 264 611 1141 1299 190 74 1033 821 266 558 1012 139 184 101 151 468 83 78 412 346 66 215 276 59 210 66 51 45 73
internal_count=27788 27512 22990 8306 1033 114 14684 399 189 210 116 7273 7089 1979 5110 14285 11451 11312 2834 527 2307 919 98 4522 2348 1880 1358 522 258 264 217 2174 875 264 611 1141 1299 190 74 1033 821 266 558 1012 139 184 101 151 468 83 78 412 346 66 215 276 59 210 66 51 45 73
cat_boundaries=0 1 2 3 4
cat_threshold=7 16 10 28
is_linear=0
shrinkage=0.05


Tree=102
num_leaves=63
num_cat=1
split_feature=17 7 13 21 10 6 5 5 20 20 9 18 22 11 9 20 5 4 22 9 9 18 11 17 21 21 5 5 18 22 11 20 14 18 17 20 7 22 21 21 20 5 14 7 22 22 17 21 21 22 6 17 17 21 13 7 17 17 17 18 9 11
split_gain=1.4672 1.11915 1.24917 1.1604 1.03466 1.02343 1.24177 1.19486 1.07014 1.00238 0.971551 1.03988 1.61642 1.08962 0.917309 1.21666 1.03551 0.971373 1.37822 0.907371 0.907004 0.903696 0.8323 2.3851 0.826839 1.00625 0.797744 0.844308 0.797477 0.791037 0.747746 0.733734 0.709844 0.740713 1.90686 1.14315 1.29456 1.1125 1.4002 1.04177 0.919899 0.910476 0.868177 0.781154 0.623361 0.578006 0.548467 0.545933 1.33252 0.798008 0.732052 0.541148 0.531923 0.520059 0.923713 0.867942 0.470656 0.559943 0.466445 0.360185 0.350917 0.345699
threshold=1.0223846326214827 299.3250000000001 1.5000000000000002 21.174185463659153 3890.3900000000003 5898.4900000000007 159.50000000000003 189.50000000000003 67.500000000000014 8.5000000000000018 342.10500000000008 1.6949907237476063 6.3686342311928064 6662.6850000000004 1235.7300000000002 72.500000000000014 336.50000000000006 0 47.261674438865093 1455.2100000000003 1240.05 1.3360008613150123 1154.3950000000002 0.67109877190641354 54.033333333333339 53.041666666666679 53.500000000000007 12.500000000000002 1.0643235193957252 18.44168907827267 2073.4100000000003 170.50000000000003 4.5000000000000009 0.33586438123197132 3.0851813490915716 73.500000000000014 145.52500000000001 110.07868621188975 195.16666666666671 117.08333333333336 121.50000000000001 89.500000000000014 1.5000000000000002 226.83500000000001 8.1906610443835444 20.301531129277059 1.6264850510533846 34.975000000000009 43.675438596491233 14.155243313714807 4496.4800000000005 1.1894128112404341 1.3387088489912384 25.514705882352946 2.5000000000000004 429.19500000000005 1.4117616696578621 2.0437670928084395 1.6409819565172425 0.363840095617945 727.61500000000024 1781.2450000000001
decision_type=2 2 2 2 2 2 2 2 2 2 2 2 2 2 2 2 2 9 2 2 2 2 2 2 2 2 2 2 2 2 2 2 2 2 2 2 2 2 2 2 2 2 2 2 2 2 2 2 2 2 2 2 2 2 2 2 2 2 2 2 2 2
left_child=4 32 5 9 14 10 8 -8 -7 61 31 13 -13 -12 15 22 17 18 -17 47 -6 -19 23 59 25 -24 27 -5 -18 -29 -26 51 33 37 40 36 -36 38 39 -2 42 -42 -35 -40 -22 -21 -33 49 -49 -16 -50 -3 -9 55 -55 -28 -34 -58 -10 -1 -11 -4
right_child=1 2 3 26 20 6 7 52 58 60 11 12 -14 -15 19 16 28 21 -20 45 44 -23 24 -25 30 -27 53 29 -30 -31 -32 46 56 34 35 -37 -38 -39 43 -41 41 -43 -44 -45 -46 -47 -48 48 50 -51 -52 -53 -54 54 -56 -57 57 -59 -60 -61 -62 -63
leaf_value=0.067111923175728103 -0.24467460369979863 6.5151187818734444 0.17190370002516034 -0.72205178811661885 0.28268668171207384 -0.50360948517490234 0.45912805401991985 0.042495131597143757 0.25472039995945633 -1.0401696953843285 -0.0024030853492016391 -0.34385329315513502 0.056998787233677461 -0.53345178925325798 0.10656121998862336 -0.16396300974253411 -0.85319815617519201 5.4759375417035019e-05 0.10530500110070236 -0.44876474034072161 0.047095350844618182 0.30100315271611966 -0.057956758086308471 -0.47343722094801777 -0.11553395263988087 0.54001131267398894 0.30223628148644333 -0.13707136873449102 -0.0085406323292879453 0.3461839926820286 -0.64118301379872455 -1.208870798385175 -0.46934215445907929 -0.71582040697525962 1.9641298164693071 5.2080686064733586 -0.40791048195947754 -2.2074959129630911 2.3640376720992538 -0.5052628135175582 -1.0275499923840969 1.6454188343195177 -0.024857103976250627 -1.4859680238743167 -0.27715234217697926 0.068621405752251272 0.6815649874045584 0.63010817927890972 -0.060231452802582554 -0.63258477413915826 0.54984183843107937 1.0013961611483084 -0.38411334461854163 -0.11280923027115951 0.088244640091634269 -0.0049718711959954483 0.081626073324989085 -0.56273315484125042 -0.33582849291810801 1.9753553940249002 -0.91315695125486374 -0.13369082035987195
leaf_weight=24 1007 25 83 27 20 143 44 56 32 20 14424 303 1981 62 32 1414 81 709 321 43 32 225 649 140 123 21 23 52 57 95 280 53 41 350 155 23 99 58 68 131 52 147 1613 35 221 61 119 30 74 23 42 168 100 1114 48 68 25 27 40 27 176 52
leaf_count=24 1007 25 83 27 20 143 44 56 32 20 14424 303 1981 62 32 1414 81 709 321 43 32 225 649 140 123 21 23 52 57 95 280 53 41 350 155 23 99 58 68 131 52 147 1613 35 221 61 119 30 74 23 42 168 100 1114 48 68 25 27 40 27 176 52
internal_value=-0.000372423 -0.000206875 -4.91948e-05 -0.00132027 -0.00118497 7.54857e-05 -0.00236244 0.000246305 -0.00498853 -0.00400449 0.000137852 7.8996e-05 0.00107127 -7.41942e-05 -0.000981959 -0.00118741 -0.00058274 -0.000341504 -0.0010512 0.00158279 -0.00421196 0.00092397 -0.00248619 0.000322165 -0.00303206 -0.00182021 -0.000655594 0.00240113 -0.00478723 0.00408333 -0.00489532 0.00268342 -0.000987872 -0.000862069 -0.000322482 0.00352679 0.00223735 -0.00183372 -0.00145699 -0.00199387 -0.000842956 0.0022896 -0.00118896 0.00389151 -0.00512695 -0.00186916 0 0.0036152 0.00520134 0 0.00210084 0.00478316 -0.00157233 -0.0011246 -0.00143777 0.00226064 -0.00533854 -0.000909091 0 0.00949074 -0.00628141 -0.000271739
internal_weight=27788 23139 19308 1758 4649 17550 415 200 215 331 17135 16770 2284 14486 4376 4071 2807 2669 1735 305 273 934 1264 191 1073 670 1427 174 138 147 403 365 3831 3738 2439 277 254 1299 1241 1138 2162 199 1963 103 253 104 172 201 146 55 116 193 156 1253 1162 91 93 52 72 51 196 135
internal_count=27788 23139 19308 1758 4649 17550 415 200 215 331 17135 16770 2284 14486 4376 4071 2807 2669 1735 305 273 934 1264 191 1073 670 1427 174 138 147 403 365 3831 3738 2439 277 254 1299 1241 1138 2162 199 1963 103 253 104 172 201 146 55 116 193 156 1253 1162 91 93 52 72 51 196 135
cat_boundaries=0 1
cat_threshold=14
is_linear=0
shrinkage=0.05


Tree=103
num_leaves=60
num_cat=21
split_feature=15 15 1 16 2 10 1 1 9 10 19 2 1 19 11 2 8 23 1 2 1 8 2 1 16 1 1 23 2 6 1 1 9 19 2 9 2 16 10 0 19 2 8 14 15 23 8 15 19 16 11 10 9 10 9 8 16 16 16
split_gain=1.74158 1.14534 2.54362 1.44084 2.60961 2.47534 2.31528 1.98325 2.1094 3.85708 1.54787 1.47676 1.46298 1.39828 1.37377 1.34229 1.32258 1.28259 2.66649 1.3132 1.26297 1.45767 1.25803 1.21189 1.10686 1.09296 0.98584 0.892867 0.888509 2.06334 1.69809 0.831683 0.772415 0.841088 0.746094 0.729052 0.727333 0.551605 0.501953 0.48934 0.441849 0.625173 0.455492 0.427587 0.4137 0.36252 0.294658 0.252992 0.457397 0.232441 0.418444 0.224733 0.898609 0.49648 0.212579 0.167308 0.141908 0.111345 0.0390467
threshold=14.500000000000002 5.5000000000000009 0 1.4405855981415698 1 793.32000000000005 2 3 1130.1650000000002 2723.8050000000007 383.01499999999982 4 5 5005.8400000000011 2665.6700000000005 6 284.2050000000001 5.5000000000000009 7 8 9 1846.8350000000003 10 11 1.6666484538925783 12 13 9.5000000000000018 14 2012.74 15 16 726.85000000000025 268.25999999999993 17 1074.7150000000004 18 2.1599855016711533 2827.9850000000001 19 2225.5050000000006 20 363.92500000000007 4.5000000000000009 7.5000000000000009 32.500000000000007 378.15000000000003 6.5000000000000009 786.84000000000003 1.5289560855403375 2480.2700000000009 1029.2100000000003 815.18000000000018 1319.4100000000003 2480.2100000000005 915.92500000000018 1.6128502522714705 1.0000022038956062 1.6719497495653652
decision_type=2 2 9 2 1 2 9 9 2 2 2 1 9 2 2 1 2 2 9 1 9 2 1 9 2 9 9 2 1 2 9 9 2 2 1 2 1 2 2 1 2 1 2 2 2 2 2 2 2 2 2 2 2 2 2 2 2 2 2
left_child=1 13 15 7 5 37 24 11 36 -10 -8 31 -7 17 -13 26 47 20 34 25 21 22 -1 -21 -6 -20 27 38 29 -22 -30 -4 33 -28 35 -19 -9 -5 -3 -23 41 42 -2 58 -29 -45 -34 -17 -49 57 -51 -15 -53 -54 -36 -55 -44 -18 -43
right_child=40 2 3 4 6 12 10 8 9 -11 -12 14 -14 51 -16 16 49 18 19 23 28 39 -24 -25 -26 -27 32 44 30 -31 -32 -33 46 -35 54 -37 -38 -39 -40 -41 -42 43 56 45 -46 -47 -48 48 -50 50 -52 52 53 55 -56 -57 -58 -59 -60
leaf_value=-0.2731570489415997 -0.060344793392595797 0.23711695466484883 0.018999372901182279 -0.5727720281067773 0.30242309320026167 0.0032442497764236578 -0.096889785557398869 0.15773164215941124 0.46328264395388247 0.0036817429974735031 0.076676577948605079 0.060230077869275082 0.21394732039503683 -1.0964747468254605 -0.040781330530407806 -0.18097302769922124 -0.25226926920039344 -0.30726560464758657 0.44271591554302303 0.062977031839150752 0.25447179698645001 2.5375210387780798 -0.042113321818249005 -0.31984144274127435 0.061132190734977693 0.0030943709160027311 0.75293145771214753 0.12949681163769214 0.27279654797304859 -0.18961645292644339 -0.0041494542895399887 -0.25977514515099048 -0.32179191437172289 -0.24244189935413268 -0.67079127646440007 0.31512067867856502 -0.18669994521690836 -0.1038827549077916 -0.59093009292595688 -0.36520836743715679 -0.49078458429135208 -0.16694411506417206 -0.27923630239741881 0.098258272368432487 0.34466802876120922 -0.051690989284589067 -0.30289157132223671 0.27491450277532364 -0.47082057148513778 0.17883413008284965 -0.37123029592334356 0.48266164586995086 0.087129717661916309 -0.37906783840352276 -0.17460983280860631 -1.0553563563563528 -0.077752742020858898 -0.36141025969769736 -0.05010797185270173
leaf_weight=2143 28 41 100 48 125 247 972 116 103 174 324 167 854 66 719 33 48 70 122 245 1374 97 3001 779 202 665 41 21 1588 3602 7602 336 33 97 376 41 156 40 29 42 65 26 61 30 42 23 100 54 37 36 133 22 20 32 27 49 21 121 22
leaf_count=2143 28 41 100 48 125 247 972 116 103 174 324 167 854 66 719 33 48 70 122 245 1374 97 3001 779 202 665 41 21 1588 3602 7602 336 33 97 376 41 156 40 29 42 65 26 61 30 42 23 100 54 37 36 133 22 20 32 27 49 21 121 22
internal_value=-0.00035623 -0.000314374 0.000321956 0.000790566 0.00150977 0.00327579 0.000160452 -0.000260139 0.00220196 0.0053125 -0.000763942 -0.00132959 0.00397418 -0.000477442 -8.3426e-05 -0.00213311 -0.00394737 -0.000437388 -0.00155176 -0.000596217 -0.000301383 -0.000960631 -0.00110744 -0.00178399 0.00386029 0.000890625 0 0.00333904 -5.1132e-05 -0.000591301 0.000236336 -0.00367483 -0.00171655 0.000531915 -0.00469639 -0.000302419 -0.000727273 -0.0043956 0 0.00396127 -0.00430108 -0.00274533 -0.0050813 0 0.00776515 0.00334821 -0.00450368 0 0.00172872 -0.00564516 -0.00356105 -0.0047526 -0.00267857 -0.00492788 -0.00573918 -0.00669643 -0.00735294 -0.00734012 -0.00294118
internal_weight=27788 27512 5549 4683 2812 1189 1623 1871 549 277 1296 1322 1101 21963 886 866 462 21774 2325 1811 19449 5283 5144 1024 327 787 404 133 14166 4976 9190 436 271 138 514 111 272 88 70 139 276 211 110 101 63 53 133 124 91 338 169 189 123 101 403 81 82 169 48
internal_count=27788 27512 5549 4683 2812 1189 1623 1871 549 277 1296 1322 1101 21963 886 866 462 21774 2325 1811 19449 5283 5144 1024 327 787 404 133 14166 4976 9190 436 271 138 514 111 272 88 70 139 276 211 110 101 63 53 133 124 91 338 169 189 123 101 403 81 82 169 48
cat_boundaries=0 2 3 5 7 8 10 11 13 14 16 17 19 21 23 24 26 28 29 30 31 32
cat_threshold=268742680 590084 2840 63963235 32768 2723152007 295552 2321 1704034 512 3874 42599724 86050 3968 2243433313 1588301 1857 18137088 8832 67141633 262161 32776 65536 3094 1342243852 196626 132 262144 2688 583 1 2149
is_linear=0
shrinkage=0.05


Tree=104
num_leaves=63
num_cat=13
split_feature=7 10 1 1 19 1 21 10 1 10 1 15 1 1 7 7 10 1 20 15 20 17 15 1 20 11 1 18 18 11 11 10 10 20 7 21 11 17 21 18 7 16 11 16 21 20 17 18 10 21 7 1 11 4 15 19 19 16 11 1 17 21
split_gain=1.47879 1.74874 1.80722 1.60481 1.18712 1.32663 1.78484 1.62102 1.18636 1.63209 1.29199 1.08819 1.64128 1.48145 1.20178 0.989494 0.984351 1.27686 1.6334 1.23827 1.8724 1.00036 0.976129 2.27627 1.50401 1.45225 1.45277 1.93839 1.31046 1.13897 1.12251 1.29304 0.978765 0.897351 0.871644 1.35257 1.32556 0.871418 0.868022 0.840177 2.10096 0.838153 0.825931 0.818052 0.754766 1.49135 0.744144 1.07289 0.739372 0.718273 0.696022 0.862717 0.691897 0.683615 1.41951 1.33153 0.97691 0.834798 0.750975 0.672738 0.720282 0.632166
threshold=467.53000000000009 1981.1150000000005 0 1 1978.885 2 170.16666666666671 132.45000000000002 3 4744.9750000000013 4 5.5000000000000009 5 6 413.43000000000006 1654.5750000000003 636.1500000000002 7 219.50000000000003 3.5000000000000004 152.50000000000003 1.033226954763961 6.5000000000000009 8 64.500000000000014 3065.6150000000002 9 1.2085454437733125 1.0572202385149696 4684.2850000000008 2899.3300000000004 2159.0750000000003 2597.0800000000004 25.500000000000004 1145.9650000000001 41.041666666666679 7775.7100000000009 1.3464394123748249 74.190909090909102 2.7356181657523657 377.94500000000005 0.7501990468020503 3511.2450000000003 1.0000000180025095e-35 11.125000000000002 154.50000000000003 1.5029066050535815 2.2587979774090345 1280.8850000000002 237.25000000000003 290.89000000000004 10 586.86500000000012 11 1.5000000000000002 476.53499999999991 1777.6450000000002 1.0003485723383589 1709.5750000000003 12 1.6705010132312692 38.02272727272728
decision_type=2 2 9 9 2 9 2 2 9 2 9 2 9 9 2 2 2 9 2 2 2 2 2 9 2 2 9 2 2 2 2 2 2 2 2 2 2 2 2 2 2 2 2 2 2 2 2 2 2 2 2 9 2 9 2 2 2 2 2 9 2 2
left_child=1 3 43 53 11 7 38 -6 15 22 -11 12 14 42 -5 16 17 18 52 44 21 -21 25 -24 28 30 27 -27 -25 -28 32 -32 -10 -14 -12 36 -36 -15 -7 50 41 -41 -13 -3 45 -18 -45 -48 -9 -46 51 -4 -2 57 56 58 -55 -1 -56 -59 -61 -53
right_child=8 2 39 4 5 6 -8 48 9 10 34 13 33 37 -16 -17 19 -19 -20 20 -22 -23 23 24 -26 26 29 -29 -30 -31 31 -33 -34 -35 35 -37 -38 -39 -40 40 -42 -43 -44 46 49 -47 47 -49 -50 -51 -52 61 -54 54 55 -57 -58 59 -60 60 -62 -63
leaf_value=-0.020924356381021171 0.74736232613563658 0.31814983037073524 -0.54758082983494216 0.0082465771231120758 2.7650105281759867 -0.35609321926625326 2.2027677327582866 -0.18890187789690424 0.048352375227253934 -0.18105601811442995 -0.20220196482803168 -0.077150763584155874 0.035575004421275307 0.023422321917876056 -0.2994823116621616 0.19003341608968399 -0.72736769418874592 -0.067102643012411534 -1.5914719468989162 -0.27519137914091674 1.404885822467449 0.0092050360352672559 0.0089936206625409916 -0.044023375366114337 -0.16078368539823515 -0.097371553697932545 -0.15211405182185125 0.40758342694288957 0.26374999421059775 0.032848851216489908 0.80583245985795182 -0.19868495752050663 -0.45749338418670293 -0.36106436975019851 -0.10342636872142066 -0.080932768756157722 0.2759507714011103 0.18849940368099763 -1.050386363850901 -0.33603973823450617 0.76131430521670618 0.2358050819975091 0.22221240479630688 -0.26915398079272101 -0.65569541863145064 0.98767919929297998 -0.44336132619794671 0.48941540984471754 0.2084515398909976 0.19823325188363869 -0.28994797803791411 -0.053618000518557724 3.5011375311217807 7.9119631031138571 0.43899611371404745 -0.29497793671590927 -1.0303385122320428 -0.0070284273107859008 -0.29605496728655611 0.76827728184745758 0.38005227059941443 0.18118052694835463
leaf_weight=139 34 28 102 3518 37 647 69 377 8683 299 89 753 272 591 746 161 404 100 39 214 27 693 905 50 72 240 1644 362 223 528 261 102 157 1501 30 125 42 274 189 47 29 73 58 309 623 200 77 22 60 74 288 88 31 42 62 190 21 137 87 194 226 123
leaf_count=139 34 28 102 3518 37 647 69 377 8683 299 89 753 272 591 746 161 404 100 39 214 27 693 905 50 72 240 1644 362 223 528 261 102 157 1501 30 125 42 274 189 47 29 73 58 309 623 200 77 22 60 74 288 88 31 42 62 190 21 137 87 194 226 123
internal_value=-0.000322047 -0.000760172 -0.00258621 -0.000542039 -0.000763317 -0.00212554 -0.00322712 0 -1.523e-05 0.000166365 -0.00240221 -0.000513543 -0.000829884 0.000595593 -0.00028057 -0.000995025 -0.00126433 0.00193237 0.00555556 -0.00158065 -0.000133404 -0.000590659 0.000284392 0.00161612 0.00499302 0.00014086 -0.000855239 0.00126016 0.00683877 -0.00146453 0.00044672 0.00317623 0.000327943 -0.00210666 0 0.0019375 0.00733333 0.00203588 -0.00393325 -0.000950197 0.00222039 -0.000406504 -0.000895024 -0.00512249 -0.0025786 -0.00115321 -0.00583942 -0.00134804 -0.000823864 -0.00373214 -0.00184189 -3.9557e-05 0.0108456 0.00123762 -0.000301205 -0.00171784 0.00625 0.00218618 0.0015625 0.00310268 0.00404157 0.0016183
internal_weight=27788 11376 1186 10190 9092 1379 905 474 16412 13812 585 7713 6037 1676 4264 2600 2439 204 104 2235 934 907 13227 1250 345 11977 2774 602 273 2172 9203 363 8840 1773 286 197 72 865 836 750 149 120 811 436 1301 604 408 99 437 697 601 313 65 1098 402 339 63 696 149 557 420 211
internal_count=27788 11376 1186 10190 9092 1379 905 474 16412 13812 585 7713 6037 1676 4264 2600 2439 204 104 2235 934 907 13227 1250 345 11977 2774 602 273 2172 9203 363 8840 1773 286 197 72 865 836 750 149 120 811 436 1301 604 408 99 437 697 601 313 65 1098 402 339 63 696 149 557 420 211
cat_boundaries=0 2 4 6 8 10 12 14 16 18 20 22 23 25
cat_threshold=537399337 3 206127184 165130 50331653 644 5833300 1576270 2717913089 65536 806649995 82577 268473346 4753 524292 2 539234472 656 126009344 656 132 262272 21 71303168 1026
is_linear=0
shrinkage=0.05


Tree=105
num_leaves=53
num_cat=18
split_feature=15 1 15 2 1 1 9 21 21 11 20 1 21 10 20 21 1 21 23 2 4 2 1 1 1 10 1 2 2 11 20 15 9 10 20 20 9 9 21 1 20 2 21 11 11 16 0 18 11 9 6 23
split_gain=1.32062 0.863141 1.17832 1.70429 2.92753 2.60355 1.92815 1.99376 1.55955 1.55141 1.5416 2.33925 1.42685 1.23624 1.20939 1.54631 1.47353 1.2069 1.19843 2.77185 1.90383 1.89591 3.09167 2.16464 1.67723 1.16199 1.06544 1.05263 0.954308 0.885448 0.8372 0.812429 0.645864 0.869305 0.904703 0.812563 0.860231 0.692768 0.630976 0.613027 0.502256 0.485423 0.364857 0.321773 1.16887 0.298281 0.282982 0.246767 0.509304 0.286 0.141361 0.00198334
threshold=14.500000000000002 0 5.5000000000000009 1 2 3 1504.2550000000003 38.02272727272728 44.031250000000007 2519.7750000000005 105.50000000000001 4 34.975000000000009 793.32000000000005 1.5000000000000002 82.062500000000014 5 46.033333333333339 3.5000000000000004 6 7 8 9 10 11 2336.2700000000009 12 13 14 2565.0300000000002 13.500000000000002 7.5000000000000009 3333.8800000000006 2480.4500000000007 38.500000000000007 25.500000000000004 1781.1200000000001 509.37000000000006 62.67948717948719 15 54.500000000000007 16 25.514705882352946 8656.9800000000014 4982.5700000000006 1.481363787715267 17 0.93906542244738012 1594.3450000000003 410.72500000000008 1376.8900000000001 19.500000000000004
decision_type=2 9 2 1 9 9 2 2 2 2 2 9 2 2 2 2 9 2 2 1 9 1 9 9 9 2 9 1 1 2 2 2 2 2 2 2 2 2 2 9 2 1 2 2 2 2 1 2 2 2 2 2
left_child=1 30 10 5 26 8 9 -8 39 -6 11 25 27 -14 16 -16 -13 -10 21 20 -20 22 -12 -23 -21 28 31 -7 -3 -28 46 -5 33 35 -35 37 -37 -32 -27 -4 -36 42 43 44 -2 -45 47 48 49 -1 -48 -43
right_child=41 2 3 4 6 12 7 -9 17 -11 18 14 13 -15 15 -17 -18 -19 19 24 -22 23 -24 -25 -26 38 29 -29 -30 -31 32 -33 -34 34 40 36 -38 -39 -40 -41 -42 51 -44 45 -46 -47 50 -49 -50 -51 -52 -53
leaf_value=-0.22324807823276416 -0.24915411603076332 0.046123203803991687 -0.0064975735145132779 -0.28413274697025648 0.12899281898055631 0.052102845029232014 0.019613801437285264 0.52462957446278258 0.10617939928064608 -0.015178863476934625 -0.29859255064492063 -0.26105059418694626 -0.64424741995237367 0.19208803824543993 -0.15293591230544712 0.014037594917117958 0.36587136302815754 0.023930168685850718 0.37486880423887214 -0.0021730680709168837 -0.052712495758374445 0.23423675517560696 0.54818966523362611 -0.095606694832741826 -0.46363387218642915 -0.60887801196703428 0.045958485242287142 -0.27771859807627503 -0.32325252474268462 -0.052690812752149797 -0.30281162273751749 -0.040683675567281342 0.31727532812935721 -0.56008573125215788 0.20120348765948037 -0.16393069846698405 0.54421814834606186 0.27893745177737533 -0.093642723643824866 -0.1886144612082907 -0.25051632920302058 -0.12644024540971052 -0.13418437812765022 0.016218063901326473 0.1349608681205158 -0.23804517001396516 0.011316980833404246 2.0645019099572957 -0.67979777310417022 0.92637383083397717 -0.5882677010585099 -0.26573473907931133
leaf_weight=25 36 311 153 216 255 149 187 174 39 538 545 715 44 825 3748 2902 1079 307 291 385 447 1093 1880 4265 680 191 294 119 1857 1277 38 173 24 74 29 1331 46 44 185 252 136 45 25 20 21 20 25 21 21 102 20 109
leaf_count=25 36 311 153 216 255 149 187 174 39 538 545 715 44 825 3748 2902 1079 307 291 385 447 1093 1880 4265 680 191 294 119 1857 1277 38 173 24 74 29 1331 46 44 185 252 136 45 25 20 21 20 25 21 21 102 20 109
internal_value=-0.000325645 -0.000288933 -0.000209074 0.000474525 -0.000231852 0.00165702 0.00173522 0.00477335 -0.000572644 0.000298367 -0.000377849 -0.000782458 0.00316304 0.00417144 -0.000372473 -0.00068766 0.000765164 0.00179083 8.08218e-05 -0.00107281 0.00123169 0.000354803 0.00151251 -0.000162912 -0.00270176 -0.00211185 -0.00141916 0 -0.00163519 -0.00078125 -0.00130836 -0.00376244 -0.00169565 -0.00183715 -0.00470041 -0.00132524 -0.00163949 0.00323529 -0.00474934 -0.00272672 -0.00215774 -0.00376344 -0.000555556 0.000375 0.003125 -0.00232558 0.0014977 0.0025436 0.0013245 0.00278846 -0.00130208 -0.00553892
internal_weight=27788 27512 25576 5002 3114 1888 1154 361 751 793 20574 10988 1137 869 8444 6650 1794 346 9586 1803 738 7783 2425 5358 1065 2544 1960 268 2168 1571 1936 389 1722 1698 239 1459 1377 82 376 405 165 276 122 97 57 40 214 169 148 127 45 154
internal_count=27788 27512 25576 5002 3114 1888 1154 361 751 793 20574 10988 1137 869 8444 6650 1794 346 9586 1803 738 7783 2425 5358 1065 2544 1960 268 2168 1571 1936 389 1722 1698 239 1459 1377 82 376 405 165 276 122 97 57 40 214 169 148 127 45 154
cat_boundaries=0 2 3 5 7 9 11 12 13 14 16 18 20 22 23 24 26 27 28
cat_threshold=2101248 1576198 3856 872842398 344592 2186289249 4737 3415737185 262216 163986 102929 1936 6 105 17203480 641 58885416 401984 570818656 33281 335807516 81920 3584 3584 32 640 936 1
is_linear=0
shrinkage=0.05


Tree=106
num_leaves=63
num_cat=23
split_feature=17 1 2 1 20 18 1 18 2 20 1 1 6 10 17 1 2 1 2 4 1 23 18 2 1 18 19 1 18 17 20 20 2 1 13 21 21 17 1 10 23 17 17 22 22 11 22 17 10 10 1 21 2 20 20 1 18 1 18 22 10 21
split_gain=1.26599 2.17429 1.92655 2.00183 1.8441 2.31625 1.7672 1.82056 1.78355 2.94929 2.35286 1.61004 1.60737 1.6413 1.60543 2.75586 1.52147 2.22879 1.52118 1.48713 1.52417 1.38285 1.37833 1.26907 3.25152 1.31868 2.02036 1.70657 1.2607 1.22415 1.1749 2.10682 1.1695 1.13392 1.13242 1.13217 1.33659 1.07192 1.41164 1.38162 1.04636 0.982307 0.957172 0.936924 1.13672 0.920274 0.892447 0.89238 0.869141 1.22883 1.21934 1.13382 1.00151 2.00694 1.40487 0.985879 0.855081 0.821835 0.743092 0.740581 0.739231 0.743716
threshold=1.482243933635824 0 1 2 211.50000000000003 1.0572202385149696 3 0.27548821093457293 4 1.0000000180025095e-35 5 6 1376.8900000000001 1322.7050000000006 1.5398436308105161 7 8 9 10 11 12 5.5000000000000009 0.59612616502932825 13 14 0.53548989136565639 892.6600000000002 15 2.3404036445576568 1.3683460967874435 203.50000000000003 161.50000000000003 16 17 1.5000000000000002 85.944444444444457 69.7638888888889 1.105384465362415 18 1319.4100000000003 4.5000000000000009 1.0291816506656952 1.7777782349047533 61.223247857081347 26.952117992408329 1015.3900000000001 16.407124757554133 1.4312415981245266 413.76000000000005 378.3250000000001 19 330.25000000000006 20 53.500000000000007 84.500000000000014 21 0.33140027072724992 22 0.28160744302076529 33.944632608680017 976.7700000000001 45.516666666666673
decision_type=2 9 1 9 2 2 9 2 1 2 9 9 2 2 2 9 1 9 1 9 9 2 2 1 9 2 2 9 2 2 2 2 1 9 2 2 2 2 9 2 2 2 2 2 2 2 2 2 2 2 9 2 1 2 2 9 2 9 2 2 2 2
left_child=1 2 19 4 5 59 8 11 9 -2 22 -8 13 -5 15 -9 17 30 -13 29 43 -7 -11 24 34 26 -25 -27 -24 45 31 -3 46 -18 -16 36 -22 38 -14 -39 -26 -32 -12 44 -21 58 -17 -35 49 55 52 -52 53 -50 -54 -10 -57 -47 -1 -4 -31 -62
right_child=6 16 3 12 -6 21 7 14 48 10 42 18 37 -15 23 32 33 -19 -20 20 35 -23 28 25 40 27 -28 -29 -30 60 41 -33 -34 47 -36 -37 -38 39 -40 -41 -42 -43 -44 -45 -46 57 -48 -49 50 -51 51 -53 54 -55 -56 56 -58 -59 -60 -61 61 -63
leaf_value=-0.18369170617982924 3.5946848674374765 0.013479616632172765 -0.44830321681597174 1.4909046246930915 4.8520341022750948 -0.59007450089878244 0.28481295111434657 -0.15730843234773317 -0.95247914552520063 -0.14359439240199948 0.17228990677830291 -0.75524240244047292 0.10711372170029386 0.017721052336507805 0.052700905293782088 -0.4437603672097481 -0.041363093403817081 -0.1050100636884551 -0.017617551599394689 0.28373956651664972 -0.013148782137094452 0.1358221525347485 0.53659091949674775 2.1643662927799467 0.6250706357417819 0.17365078852685054 0.090379303317115509 -0.10187141695071809 -0.64015471649326294 -0.99300944062646446 -0.061131510610748667 1.5891090524587377 0.93436680318302123 -0.17973160184770656 -0.26750221678760372 -0.24938156091375419 0.68599608553659808 -0.01450679767578187 -0.084709135208994202 0.21577856898277475 0.26667921157974206 -1.4825084339310082 -0.6794615511458908 2.2758246997009062 -0.24552781733920279 -0.26949115106309945 0.37877320440704598 -0.57582038160851468 1.367922900816015 2.0487156203563046 -0.24188297166953643 3.0235001534833064 -0.31530818687166262 -0.42201959392857308 0.82952861991351057 1.4016262129471313 -1.2835162652941123 -0.13079768396924371 2.6747210413763889 -0.017575457397594363 -0.10488124942800177 0.44015745975408366
leaf_weight=42 61 1867 150 117 22 99 426 135 134 265 81 595 302 115 1838 41 953 1425 449 143 316 120 348 163 792 875 1700 3204 24 35 76 131 171 1980 257 305 99 326 471 587 161 65 235 26 76 457 61 105 41 75 3458 57 395 63 196 174 59 618 40 65 25 96
leaf_count=42 61 1867 150 117 22 99 426 135 134 265 81 595 302 115 1838 41 953 1425 449 143 316 120 348 163 792 875 1700 3204 24 35 76 131 171 1980 257 305 99 326 471 587 161 65 235 26 76 457 61 105 41 75 3458 57 395 63 196 174 59 618 40 65 25 96
internal_value=-0.000334641 -0.000743982 7.50268e-05 0.00107876 -0.00181237 -0.00268879 -5.29117e-05 0.000317066 -0.000770382 0.00109542 0.000353033 -0.00130686 0.00179959 0.00574468 0.000577066 0.00364964 -0.00132653 -0.000601062 -0.00236518 -0.000949367 0.000498466 0.000731982 0.00213462 0.000430891 0.00125776 0 0.00110531 -0.000499143 0.00413333 -0.00204563 0.00040079 0.000737131 0.00642483 -0.00215503 0.000124526 -0.000613915 0.000986842 0.00122854 -8.05412e-05 0.0023881 0.00366201 -0.00390625 -0.00303951 0.00382752 0.00253378 -0.00264009 0.00108696 -0.00281816 -0.00118971 0.000842697 -0.00141823 -0.00179634 0.000441384 0.00470085 -0.00031043 -0.000236486 0.0015752 -0.00304963 0.00205882 -0.00636468 0.00188679 0.00393145
internal_weight=27788 11254 4652 2374 456 434 16534 10868 5666 1014 953 1470 1918 232 9398 408 6602 3564 1044 2278 965 219 637 8990 3048 5942 1863 4079 372 1313 2139 1998 273 3038 2095 720 415 1686 773 913 953 141 316 245 219 1157 102 2085 4652 442 4210 3515 695 104 591 367 233 1075 82 215 156 121
internal_count=27788 11254 4652 2374 456 434 16534 10868 5666 1014 953 1470 1918 232 9398 408 6602 3564 1044 2278 965 219 637 8990 3048 5942 1863 4079 372 1313 2139 1998 273 3038 2095 720 415 1686 773 913 953 141 316 245 219 1157 102 2085 4652 442 4210 3515 695 104 591 367 233 1075 82 215 156 121
cat_boundaries=0 2 3 4 6 7 9 11 13 14 16 17 18 20 21 23 25 26 28 30 32 33 35 37
cat_threshold=3431744195 1353313 241 2155888641 3292271203 1847141 3076 2149318721 262657 42009604 114818 128 86016 1008 810746132 606336 434 13 8388675 263168 562 813940880 65666 327204872 200704 2146 19960872 135184 524802 1049089 1142951968 8192 9 4130 1 524803 262657
is_linear=0
shrinkage=0.05


Tree=107
num_leaves=63
num_cat=2
split_feature=19 8 5 5 17 0 6 22 5 6 17 19 21 8 20 20 15 10 10 10 20 8 8 17 22 17 20 11 20 20 22 19 10 15 23 16 20 20 5 5 8 8 21 16 6 21 17 5 16 10 15 20 16 10 5 22 21 20 19 5 3 21
split_gain=1.39011 1.33748 1.51209 1.47663 1.0646 1.85529 2.93888 3.27518 1.33078 1.29363 2.31754 2.59745 1.27422 1.25921 1.50336 1.20575 1.48837 1.19008 1.12753 1.02896 0.99642 0.971966 1.00777 0.907977 1.08313 0.866054 0.864364 0.836037 0.833651 0.826853 0.910014 0.852926 0.805487 0.79573 1.60355 1.17673 1.85706 1.35289 0.77136 1.15956 1.15065 0.813274 0.757275 0.75337 0.768764 0.744921 0.919647 0.74344 0.738056 0.733843 0.72458 3.04209 1.55189 1.67969 1.54267 1.34604 1.56376 1.0371 0.939883 0.87575 0.776982 0.719104
threshold=1918.2650000000003 1185.0450000000003 307.50000000000006 159.50000000000003 1.482243933635824 0 1376.8900000000001 8.5034812033510203 208.50000000000003 2012.74 2.5711187412023864 1296.7700000000002 54.577380952380956 756.61500000000024 131.50000000000003 53.500000000000007 2.5000000000000004 1584.1750000000002 851.33500000000015 425.72000000000003 13.500000000000002 563.18500000000006 769.6450000000001 1.9993867520525368 24.389081007997419 2.5203289142381737 70.500000000000014 1271.8400000000004 56.500000000000007 68.500000000000014 1.0000000180025095e-35 3293.7550000000006 4538.8900000000012 2.5000000000000004 2.5000000000000004 1.6826233246911586 50.500000000000007 58.500000000000007 210.50000000000003 196.50000000000003 255.06000000000003 92.63000000000001 134.41666666666671 1.5674999155617215 5898.4900000000007 47.612500000000004 3.309924417575453 126.50000000000001 1.7447392543971907 1080.6650000000004 5.5000000000000009 92.500000000000014 1.4705765187479283 2262.1850000000004 349.50000000000006 45.015182622417356 56.035714285714292 66.500000000000014 383.01499999999982 328.50000000000006 1 29.215384615384618
decision_type=2 2 2 2 2 1 2 2 2 2 2 2 2 2 2 2 2 2 2 2 2 2 2 2 2 2 2 2 2 2 2 2 2 2 2 2 2 2 2 2 2 2 2 2 2 2 2 2 2 2 2 2 2 2 2 2 2 2 2 2 1 2
left_child=4 3 32 29 20 9 8 18 15 10 19 12 -12 14 -10 17 -17 -7 47 -6 -1 38 25 24 -9 27 49 -23 -20 30 45 -31 43 34 -11 37 -37 -35 39 -5 -41 -40 -36 -3 -45 -2 -47 -8 -25 -24 51 -22 53 58 60 56 -54 -57 -52 -55 -53 -32
right_child=1 2 -4 21 5 6 7 23 13 33 11 -13 -14 -15 -16 16 -18 -19 28 -21 50 22 26 48 -26 -27 -28 -29 -30 31 61 -33 -34 35 42 36 -38 -39 41 40 -42 -43 -44 44 -46 46 -48 -49 -50 -51 52 54 55 59 -56 57 -58 -59 -60 -61 -62 -63
leaf_value=0.057219657949794028 -0.5230352777962598 0.60004026447153247 1.6935975194708577 -0.050067003467992421 -0.94891319989972733 -0.091343875584360745 0.23050699613298634 -0.087213911935759558 0.75154563653496786 0.021503253062425644 2.4025930508385906 -0.23269810224281928 0.54483518813184273 -0.25304337291713924 0.091095596264992196 -0.27569859065402014 0.41655641705722851 -0.41770941874945217 -0.86967833749185819 0.0697344934539494 -0.39695388438669643 -0.33850620736257042 2.4928052537728416 0.011940534808476944 0.39526478103052282 2.7157462460719022 -0.87071715592590493 0.4137616290019217 -0.47019552467298809 -0.20778098111407603 -0.37616714392420103 0.34794348950106874 -0.48240700323890151 0.069990248063596106 -1.8509375355416857 -0.03563551825851121 0.37465473698241997 -0.11479128546871067 0.14629514907200089 -0.083710715698177299 0.75638293975429238 -0.3226853613494074 -0.24559404050302192 0.21766576769426785 -0.22638449451087725 -0.25386051444736035 1.7162492613548164 -1.246842021415711 -0.70388113539016883 -0.040495323714832845 0.025725156064405754 0.070420795689535964 0.0038574243769128103 -0.11372757947807273 -0.74796667983597165 -1.1467951616699628 0.14266575816626173 0.21535102400489789 -0.053326704346235411 0.03451759253860525 -0.068177433219649683 -0.2567834117764603
leaf_weight=408 698 27 35 233 83 503 156 200 293 4451 292 160 90 130 207 607 386 219 360 549 1225 29 36 268 292 56 103 150 281 561 96 111 36 998 127 604 1069 1015 102 20 32 431 266 256 81 35 20 216 228 66 525 1257 1515 608 129 78 641 54 211 84 3517 272
leaf_count=408 698 27 35 233 83 503 156 200 293 4451 292 160 90 130 207 607 386 219 360 549 1225 29 36 268 292 56 103 150 281 561 96 111 36 998 127 604 1069 1015 102 20 32 431 266 256 81 35 20 216 228 66 525 1257 1515 608 129 78 641 54 211 84 3517 272
internal_value=-0.000304055 -0.00123961 0.00128425 -0.00161673 -0.000167661 0.000112076 -0.00074155 -0.00215195 0.000441865 0.000499639 0.00206032 0.00444954 0.00668831 0.00240916 0.00357853 -0.000254657 0.000840863 -0.00182759 -0.00414616 0 -0.000555826 -0.000257732 0.00158014 -5.04541e-05 0.00141414 0.00383403 -0.00078125 0.00171703 -0.00545419 -0.00254037 -0.0033919 -0.00103704 0.000248139 0.000278331 -0.000134104 0.000833559 0.00181235 0 -0.00130938 0.000651042 0.00727273 -0.00244869 -0.00318813 0.00108992 0.000257353 -0.00226521 0.00280172 -0.00173333 -0.00160321 0.00214286 -0.0006601 -0.000994944 -9.41113e-05 -0.00139762 -0.000425499 0.000698385 0.00101899 -0.00407407 0.000202977 -0.00316547 -0.000266904 -0.00552561
internal_weight=27788 3486 435 3051 24302 14050 4346 2001 2345 9704 1174 542 382 630 500 1715 993 722 1013 632 10252 1258 440 988 492 235 205 179 641 1793 1121 672 400 8530 4844 3686 1673 2013 818 285 52 533 393 364 337 753 55 372 496 102 9844 6128 3716 1428 4903 2288 2156 132 736 692 4774 368
internal_count=27788 3486 435 3051 24302 14050 4346 2001 2345 9704 1174 542 382 630 500 1715 993 722 1013 632 10252 1258 440 988 492 235 205 179 641 1793 1121 672 400 8530 4844 3686 1673 2013 818 285 52 533 393 364 337 753 55 372 496 102 9844 6128 3716 1428 4903 2288 2156 132 736 692 4774 368
cat_boundaries=0 1 2
cat_threshold=1 2
is_linear=0
shrinkage=0.05


Tree=108
num_leaves=49
num_cat=1
split_feature=14 7 7 18 17 17 6 23 17 16 17 16 7 10 20 21 22 7 18 17 11 21 16 22 8 16 5 21 10 18 5 22 20 9 21 10 23 20 3 7 21 17 18 20 7 5 9 11
split_gain=1.21731 1.11675 1.03899 1.0472 1.21673 1.08947 1.02452 1.09995 0.9354 1.24186 1.36825 1.27845 0.839667 1.57767 0.912959 1.63174 1.12075 0.793468 0.946142 1.27534 0.912799 0.882079 0.868601 1.22172 0.958469 1.25666 1.06942 0.865071 1.11105 0.781393 0.777719 1.40966 0.777597 0.836262 0.731112 0.7129 0.691704 0.638744 0.588783 0.546807 0.512678 0.398907 0.357227 0.354396 0.335844 0.302945 0.220549 0.125207
threshold=6.5000000000000009 720.80000000000018 661.36500000000012 0.67424758947109131 1.7562965942176627 1.6628390375128872 2012.74 5.5000000000000009 0.97480916385441929 0.4121828247032408 0.27413566915914916 1.4405855981415698 611.95500000000004 3288.9750000000004 196.50000000000003 41.689903846153854 9.5626351221128356 727.61500000000012 1.3260867236708196 1.6705010132312692 1582.8400000000004 77.683333333333351 1.2861958981948793 10.05749702890652 1083.5050000000003 1.1020544741542266 161.50000000000003 85.944444444444457 2448.4450000000006 1.9438401885638208 328.50000000000006 18.824935689339686 510.50000000000006 755.81500000000017 102.36666666666669 1260.6750000000002 23.500000000000004 196.50000000000003 0 595.10500000000013 66.045454545454561 2.1849692642356122 0.63547917525297692 640.50000000000011 1130.9850000000001 193.50000000000003 689.30500000000018 2168.1100000000001
decision_type=2 2 2 2 2 2 2 2 2 2 2 2 2 2 2 2 2 2 2 2 2 2 2 2 2 2 2 2 2 2 2 2 2 2 2 2 2 2 1 2 2 2 2 2 2 2 2 2
left_child=1 2 8 6 5 34 -4 41 9 30 -11 -12 14 38 16 -16 -10 18 20 27 37 -21 23 42 25 -25 -26 28 -20 46 35 -32 33 40 -5 -1 -35 -3 -14 -2 -24 -8 -19 44 -34 -31 -6 -22
right_child=39 17 3 4 29 -7 7 -9 12 10 11 -13 13 -15 15 -17 -18 22 19 21 47 -23 32 24 26 -27 -28 -29 -30 45 31 -33 43 36 -36 -37 -38 -39 -40 -41 -42 -43 -44 -45 -46 -47 -48 -49
leaf_value=-0.15391249867977308 -0.62476036893478859 2.6044277955801398 1.2923308278544789 -0.17782910738739643 -1.0784754514255419 0.97649572046847899 -0.693606754099787 0.57672876778397553 -0.12788104228651065 -0.927043254373632 -0.25026007651942878 -0.079539217203402679 0.25476109677399317 0.24989541933380935 1.1979740234437259 -0.1237686858041812 -0.0034564055158023523 -0.32421059612959485 0.61698542827757452 0.93618667514060272 -0.77102639185345656 4.8752512936684411 -0.125241952535524 0.0324932889126913 -0.26197401279546101 -0.38063405167597325 0.17614764307118841 -0.69431834650090429 -0.0068718375779093684 -0.51351229291100264 -0.03505410519032353 0.63427390237867121 1.6106304838416294 0.01688828369428599 0.17286710286719292 0.091183489364253134 -0.22966103210442959 -1.6690313037777202 -0.081986674508013391 -0.017748500581675052 -0.65654570668736967 -0.072349373168659525 -0.40604872084704979 -1.2607810871384459 4.5706313980624076 0.12395692894948117 -0.94023054731102251 -0.11288365820776836
leaf_weight=513 40 31 52 344 24 23 158 22 4867 78 242 1952 587 29 729 910 6363 20 68 21 23 22 64 99 44 89 51 32 67 28 70 46 24 8431 140 150 36 31 508 21 92 238 109 21 34 20 199 26
leaf_count=513 40 31 52 344 24 23 158 22 4867 78 242 1952 587 29 729 910 6363 20 68 21 23 22 64 99 44 89 51 32 67 28 70 46 24 8431 140 150 36 31 508 21 92 238 109 21 34 20 199 26
internal_value=-0.000305854 -0.000288045 -0.000516535 -0.00191847 -0.00304097 -0.00144608 0 -0.000890736 -0.000410629 -0.00120743 -0.0018022 -0.00153619 -0.000233102 0.00106477 -0.000350567 0.000738429 -0.00051411 0.000149661 0.00258488 0.00457746 -0.000767544 0.0122283 5.75847e-05 -0.00216867 -0.000131119 -0.00235602 0.00369898 0.00213235 0.00407609 -0.0057938 0.000463555 0.00420168 0.000169443 0.000117378 -0.00205339 -0.000131381 0.000190378 0.00269231 0.000694444 -0.00722656 -0.00345912 -0.00162907 -0.0061553 0.00503049 0.00696721 0 -0.00702434 -0.00600962
internal_weight=27788 27727 18292 1248 778 507 470 418 17044 3051 2272 2194 13993 1124 12869 1639 11230 9435 321 210 111 43 9114 412 283 188 95 167 135 271 779 116 8702 8623 484 663 8467 62 1095 61 156 396 129 79 58 48 223 49
internal_count=27788 27727 18292 1248 778 507 470 418 17044 3051 2272 2194 13993 1124 12869 1639 11230 9435 321 210 111 43 9114 412 283 188 95 167 135 271 779 116 8702 8623 484 663 8467 62 1095 61 156 396 129 79 58 48 223 49
cat_boundaries=0 1
cat_threshold=10
is_linear=0
shrinkage=0.05


Tree=109
num_leaves=63
num_cat=26
split_feature=7 1 1 2 10 1 14 4 1 2 21 23 1 2 17 10 6 7 2 21 21 6 1 2 1 8 1 10 2 17 5 21 1 7 10 2 1 10 15 23 7 1 5 5 10 1 15 2 1 4 7 8 21 15 2 4 7 23 5 10 10 2
split_gain=1.09248 2.04856 1.44209 1.37805 1.36481 1.22554 1.1446 1.13812 1.94968 2.0476 1.86276 1.3256 1.26208 2.21726 1.49211 1.61068 1.28658 1.63732 1.10751 1.09359 1.87662 1.06854 1.60886 1.57887 2.05354 1.94894 1.76666 1.51634 1.20689 1.1867 1.12981 1.07392 1.0606 1.0457 1.06583 1.39808 1.27446 1.2039 1.08377 1.04019 1.00345 1.20366 1.22606 1.02308 1.0023 0.996582 0.965909 1.51707 1.10719 0.963286 0.935892 0.910106 0.907845 1.09466 0.881341 0.992338 1.01845 0.857484 0.814422 0.810107 1.44035 0.905443
threshold=720.80000000000018 0 1 2 2448.4450000000006 3 6.5000000000000009 4 5 6 25.514705882352946 16.500000000000004 7 8 2.0296338026135485 2522.4100000000003 6744.7200000000003 1440.5050000000003 9 82.612500000000011 110.07142857142858 1376.8900000000001 10 11 12 189.15500000000003 13 1584.1750000000002 14 1.6628390375128872 331.00000000000006 68.690476190476204 15 3404.7650000000008 1694.7550000000001 16 17 1864.4100000000001 2.5000000000000004 2.5000000000000004 448.42500000000007 18 97.500000000000014 83.500000000000014 378.3250000000001 19 3.5000000000000004 20 21 22 320.59500000000008 1452.5150000000003 71.041666666666671 3.5000000000000004 23 24 1166.8450000000003 5.5000000000000009 139.50000000000003 2577.2000000000003 3348.4100000000003 25
decision_type=2 9 9 1 2 9 2 9 9 1 2 2 9 1 2 2 2 2 1 2 2 2 9 1 9 2 9 2 1 2 2 2 9 2 2 1 9 2 2 2 2 9 2 2 2 9 2 1 9 9 2 2 2 2 1 9 2 2 2 2 2 1
left_child=1 3 33 4 5 19 21 8 59 10 -10 -12 13 16 39 -16 17 -9 50 -1 -21 22 28 25 30 31 -27 32 -3 -30 -25 -23 -24 34 35 38 -37 51 -2 -15 41 42 43 -5 -43 57 48 -48 -39 -44 -7 -36 -47 -54 55 -14 -57 -42 -38 61 -61 -4
right_child=2 6 7 40 -6 18 -8 12 9 -11 11 -13 54 14 15 -17 -18 -19 -20 20 -22 23 27 24 -26 26 -28 -29 29 -31 -32 -33 -34 -35 37 36 58 46 -40 -41 45 44 49 -45 -46 52 47 -49 -50 -51 -52 -53 53 -55 -56 56 -58 -59 -60 60 -62 -63
leaf_value=0.00038851948087028634 -0.57816860932360825 0.053283052171725846 0.0021117540988814911 0.069918073065736761 -0.25795972776570508 -0.58466868241959491 -0.59699240184894042 -0.2115021045634812 -0.043986141684556834 -0.013981517974593773 0.58108141943893088 0.33350167636235573 -0.4563255493282381 -0.32103619358940422 0.79634272074821844 -0.1917675069561561 -0.61851765656825375 0.39426002370124869 -0.27966594137810574 0.5432682351786392 0.11579941816192446 -0.088298657774807596 0.19066984515380511 -0.13358518432133906 0.031978011815122366 0.21605702859324261 0.0090829945314119705 -0.090283817912123795 -0.44389930644998288 -0.22462334419264973 -0.54785726992289518 -0.5604518403238935 1.0513346483907327 4.1561603735663706 -0.74806274717481258 -0.087614647963147621 0.47255600019697436 -0.39485522519306504 0.40525868812708765 0.018679243420279868 -0.20458733645139182 -0.8524083328642349 0.075943189090799029 1.373724303429726 -0.1004987962980195 -0.46261936379819507 -0.029567698966805979 0.1711495790711613 0.49360313605805539 -0.48542464963979698 0.3154242735312458 1.2431694255454915 -0.55166236176089389 0.026116172906380797 -0.33460001225325764 -0.16580675542211429 0.32904189456108707 0.26534961156550801 1.3261620716206437 1.0288839528620126 -0.32340667971199316 -0.63156846933018762
leaf_weight=791 218 280 110 303 177 154 41 1341 193 439 403 21 108 465 845 198 79 220 369 148 225 298 1044 4505 1479 671 3751 215 160 170 81 251 292 24 131 143 452 311 72 872 82 243 163 80 949 536 340 388 215 163 259 29 268 153 800 220 148 34 429 42 38 159
leaf_count=791 218 280 110 303 177 154 41 1341 193 439 403 21 108 465 845 198 79 220 369 148 225 298 1044 4505 1479 671 3751 215 160 170 81 251 292 24 131 143 452 311 72 872 82 243 163 80 949 536 340 388 215 163 259 29 268 153 800 220 148 34 429 42 38 159
internal_value=-0.000275269 -0.000501009 0.000157308 -0.00135274 -0.000345272 1.28271e-05 -0.000167912 -0.000232723 0.00101375 0.00210477 0.00394841 0.0058548 -0.000574496 -0.000123977 0.000835771 0.0022586 -0.00154265 -0.00119086 -0.00147799 0.00106202 0.00329122 -0.000137311 0.000872227 -0.000339705 -0.00088228 0.000313503 0.000672316 0.00173434 -0.00124398 -0.00327988 -0.00140791 -0.0024683 0.00238984 0.00112116 0.00100696 0.00203113 0.00289296 1.76429e-05 -0.000907591 -0.000233209 -0.00205055 -0.00131959 0.000259695 0.00223446 -0.00228216 -0.00331087 0.00057677 0.00177839 -0.000992439 -0.0018997 0.000205399 -0.00398773 -0.00382732 -0.00191627 -0.00193949 -0.000102249 0.00104987 0.000775194 0.00362136 -0.00210635 0.00180723 -0.0035386
internal_weight=27788 18335 9453 5097 2123 1946 13238 6701 1405 1056 617 424 5296 4020 2380 1043 1640 1561 782 1164 373 13197 2161 11036 6065 4971 4422 1551 610 330 4586 549 1336 2752 2728 1314 1024 1414 290 1337 2974 1901 709 383 1192 1073 1254 728 526 326 413 160 957 421 1276 476 368 116 881 349 80 269
internal_count=27788 18335 9453 5097 2123 1946 13238 6701 1405 1056 617 424 5296 4020 2380 1043 1640 1561 782 1164 373 13197 2161 11036 6065 4971 4422 1551 610 330 4586 549 1336 2752 2728 1314 1024 1414 290 1337 2974 1901 709 383 1192 1073 1254 728 526 326 413 160 957 421 1276 476 368 116 881 349 80 269
cat_boundaries=0 2 4 5 7 8 10 11 13 14 15 17 18 20 22 23 25 26 27 29 31 32 34 35 36 37 38
cat_threshold=28620584 1591687 150253824 1198737 1414 1347880 1048837 48 2215183896 1064 371 2785543866 852008 3217 260 2147614789 77824 1880 805830806 361040 269107202 242688 2755 537395328 262144 1344 11567104 26214400 16514 9760 524288 571 266496 145 24 3224 1 2187
is_linear=0
shrinkage=0.05


Tree=110
num_leaves=46
num_cat=2
split_feature=19 7 5 21 22 7 11 8 11 21 17 0 6 6 21 17 22 17 23 22 5 17 19 18 5 11 16 16 8 22 6 16 7 19 20 21 5 5 4 11 20 21 18 17 23
split_gain=1.07991 1.30048 2.02155 1.25482 0.878194 0.877446 0.833282 0.695559 1.01097 0.661896 0.646825 2.02933 2.2524 1.74886 1.82972 1.54771 1.35135 1.10782 1.16672 1.40803 0.941485 0.929598 1.44185 0.929233 0.892287 0.643192 0.617562 1.58045 0.75247 0.713233 0.552715 0.505502 1.14838 0.748962 0.48676 0.458139 0.519182 0.442057 0.427747 0.43391 0.344194 0.337455 0.259816 0.252167 0.103385
threshold=1918.2650000000003 619.57000000000005 307.50000000000006 70.683333333333351 65.765365608840639 3404.7650000000008 13660.765000000001 648.28500000000008 1271.8400000000004 330.25000000000006 2.0437670928084395 0 1376.8900000000001 2012.74 53.041666666666679 2.1849692642356122 46.047694308559315 1.9993867520525368 5.5000000000000009 37.074474514865443 140.50000000000003 1.9393995071030297 1288.155 0.42026853057442148 348.50000000000006 2226.3250000000003 1.0639388779364871 1.1509510655016586 92.63000000000001 18.656991406593473 2501.0100000000007 1.66669913429019 928.81500000000017 6498.8750000000009 82.500000000000014 66.045454545454561 208.50000000000003 258.50000000000006 1 2462.6950000000002 316.50000000000006 40.023809523809533 0.3589268254440538 0.81103141465805295 18.500000000000004
decision_type=2 2 2 2 2 2 2 2 2 2 2 1 2 2 2 2 2 2 2 2 2 2 2 2 2 2 2 2 2 2 2 2 2 2 2 2 2 2 9 2 2 2 2 2 2
left_child=5 9 4 -4 7 6 10 8 -3 26 17 13 16 14 -12 -14 -13 21 23 -20 -15 24 -23 -19 -1 42 34 41 43 -30 -7 32 -9 -33 38 40 -37 44 -2 -40 -36 -28 -6 -29 -8
right_child=1 2 3 -5 25 30 37 31 -10 -11 11 12 15 20 -16 -17 -18 18 19 -21 -22 22 -24 -25 -26 -27 27 28 29 -31 -32 33 -34 -35 35 36 -38 -39 39 -41 -42 -43 -44 -45 -46
leaf_value=-0.0073266945221543978 -0.65453183336478837 -0.43087080580114334 1.4562237746083768 -0.090692862852161771 0.53803375379330098 -0.35302634380806386 -0.23661389220355389 0.41145045148760462 0.70272689194927995 6.3630438154651046 1.7996390139873406 -0.029297470996230857 0.26836217453175698 -0.030417121389815983 -0.23290228808757157 -0.59609991742570401 1.6050530778747729 0.16202050843034785 0.1980510900160237 -0.25110495268036032 0.16040617309785149 0.48872898684640842 -0.50771704892659242 -0.37561066076392252 -0.12652589387649585 2.7839041786109018 0.24676220755294109 -0.43632305677718419 -0.30728317881433737 -0.027171902201823972 3.143759515981289 -0.21655237312044306 -0.19945338939910809 -1.1807130993898736 -1.1997035734153358 -0.32508543399685697 2.8344330727027565 0.027085123833182224 -0.19321063825410248 0.070178334449480947 0.68590000522308403 1.6921636606199073 -0.71170655026176632 0.60141581497231611 -0.036101786405585305
leaf_weight=13701 139 26 62 34 23 21 45 79 26 24 483 1165 79 2288 227 1059 152 204 87 57 2190 390 37 1591 443 24 23 20 1127 540 35 828 68 34 41 28 20 21 168 66 20 21 21 24 27
leaf_count=13701 139 26 62 34 23 21 45 79 26 24 483 1165 79 2288 227 1059 152 204 87 57 2190 390 37 1591 443 24 23 20 1127 540 35 828 68 34 41 28 20 21 168 66 20 21 21 24 27
internal_value=-0.000257278 -0.00108197 0.000193404 0.00707071 -0.000364399 -0.000136803 -0.000153615 -0.000763628 0.00454545 -0.00179439 -0.00013299 0.000243591 -0.000930635 0.000809093 0.00312062 -0.00256354 0.000445076 -0.000310362 -0.00143538 0.00272109 0.000429592 -0.000156958 0.00212209 -0.00180061 -0.000229731 0.00492958 -0.0019029 -0.00141496 -0.00168466 -0.00187874 0.0059322 -0.00109931 0.00141667 -0.0015896 -0.0035567 -0.000111607 0.00294118 -0.00481771 -0.00442154 -0.00232794 -0.00332031 0.00744681 0 0.00425532 -0.00666667
internal_weight=27788 3486 1225 96 1129 24302 24246 1061 52 2261 24153 7643 2455 5188 710 1138 1317 16510 1939 144 4478 14571 427 1795 14144 68 2237 1755 1711 1667 56 1009 147 862 482 109 48 93 373 234 61 44 44 44 72
internal_count=27788 3486 1225 96 1129 24302 24246 1061 52 2261 24153 7643 2455 5188 710 1138 1317 16510 1939 144 4478 14571 427 1795 14144 68 2237 1755 1711 1667 56 1009 147 862 482 109 48 93 373 234 61 44 44 44 72
cat_boundaries=0 1 2
cat_threshold=1 9
is_linear=0
shrinkage=0.05


Tree=111
num_leaves=63
num_cat=21
split_feature=19 1 1 7 5 7 5 11 2 1 10 7 11 15 10 7 1 1 2 11 1 2 9 4 17 1 17 4 1 19 7 17 22 1 18 10 4 5 7 1 1 7 22 22 2 19 5 23 18 5 17 23 1 5 19 17 2 19 19 1 11 5
split_gain=1.1328 2.71422 1.36961 1.25486 2.95285 1.31719 1.24017 1.4354 1.11202 2.15068 1.10773 1.07836 1.03396 1.01637 1.31747 1.8977 2.33353 1.70179 1.43482 1.26017 1.51414 1.43884 1.47864 1.33157 1.8753 1.13469 1.88318 1.03331 1.03292 1.19493 2.41166 1.00735 1.00123 1.17758 1.10289 1.21193 1.00217 0.991187 1.63298 1.53975 0.986309 0.980457 1.3487 0.933088 0.921253 0.883284 1.38329 0.881308 0.868759 0.842089 1.04219 1.60225 1.17393 0.851504 1.23593 1.10344 0.789134 0.809146 0.756192 0.723627 1.53833 1.05756
threshold=1918.2650000000003 0 1 633.62500000000011 301.50000000000006 798.68500000000006 74.500000000000014 1047.2550000000003 2 3 681.25500000000011 816.50000000000011 720.89000000000021 5.5000000000000009 1653.4050000000004 1003.575 4 5 6 2584.7300000000005 7 8 1543.1950000000004 9 1.0495213577484683 10 1.3387088489912384 11 12 1740.3300000000002 384.06999999999999 2.6666706987621476 16.707782550687583 13 0.66855815250638762 964.91000000000008 14 193.50000000000003 540.5350000000002 15 16 436.17500000000007 43.13447962361704 18.013532425442474 17 2759.3100000000004 210.50000000000003 2.5000000000000004 0.34707078340350511 257.50000000000006 1.9993867520525368 4.5000000000000009 18 283.50000000000006 983.07500000000005 2.1590561702640341 19 2003.0250000000001 1180.8500000000001 20 1543.4550000000002 140.50000000000003
decision_type=2 9 9 2 2 2 2 2 1 9 2 2 2 2 2 2 9 9 1 2 9 1 2 9 2 9 2 9 9 2 2 2 2 9 2 2 9 2 2 9 9 2 2 2 1 2 2 2 2 2 2 2 9 2 2 2 1 2 2 9 2 2
left_child=2 6 8 56 5 10 12 11 9 -1 -5 45 -2 14 28 16 58 44 -18 25 23 22 -22 24 -21 26 -15 -19 37 -30 -31 49 34 -34 36 -36 -11 38 -4 -39 -33 42 -27 -25 -17 -8 -47 -35 -7 50 52 -52 -10 54 -51 -55 -3 -58 -16 61 -61 -9
right_child=1 3 13 4 -6 48 7 59 31 32 -12 -13 -14 19 15 17 18 27 -20 20 21 -23 -24 43 -26 41 -28 -29 29 30 -32 40 33 47 35 -37 -38 39 -40 -41 -42 -43 -44 -45 -46 46 -48 -49 -50 53 51 -53 -54 55 -56 -57 57 -59 -60 60 -62 -63
leaf_value=-0.47465241418314996 -0.9888690916023184 -0.063987826782652399 -0.077966121390728921 -1.5902347933619294 1.2636123362502563 -0.94770043268640625 0.0077789872700535058 0.12567756533332528 0.077079692973276881 -0.49832351561926491 0.43525596812366446 6.0165333957099127 -0.015791291043089472 -0.45009937177385456 -0.5318972425604408 0.12207230649824902 0.19677031238352322 0.28698628385099884 -0.17081456735320144 -0.0034340369163693655 0.13113719592750739 -0.037456461404245543 -0.0088539900427907266 -0.064601374121175323 0.21409353268342937 0.15475376261081647 0.15301527365025758 0.026058750368529005 0.053250774740560308 -0.060216439605791906 2.3431725844836651 -0.51132489857181884 -0.21597457592286365 1.210233464828832 2.2442944379168552 0.17094815483346207 0.40360522121438225 0.030613599918375558 0.1799172121124972 -0.27282850371764339 0.53314713390132551 0.54291053292915414 -0.63583769419350544 0.13229859818887066 -0.29330125486335279 0.68356365816621967 4.4719910279342372 -0.0073645712942827408 -0.14079445988551972 0.017015515990277487 -0.76924052755505556 0.059925148384332695 -0.17596673113522671 -0.24703244714516437 0.80675374790370824 1.2063141798354644 0.027639638369615228 -0.34697334972797594 -0.13929178153261354 -0.19722260151902304 0.25858808772563313 -0.35791080493310495
leaf_weight=212 105 422 2997 31 50 163 195 107 360 217 134 56 271 63 697 103 243 260 714 113 380 1941 353 141 231 402 47 1114 2585 71 73 286 415 113 101 499 317 1322 2496 1559 300 74 42 136 369 119 55 583 204 247 449 76 1195 237 48 25 88 858 96 233 174 221
leaf_count=212 105 422 2997 31 50 163 195 107 360 217 134 56 271 63 697 103 243 260 714 113 380 1941 353 141 231 402 47 1114 2585 71 73 286 415 113 101 499 317 1322 2496 1559 300 74 42 136 369 119 55 583 204 247 449 76 1195 237 48 25 88 858 96 233 174 221
internal_value=-0.00025188 -0.0010963 -0.000128574 -0.00233062 -0.000299145 -0.00149533 0.000451904 0.00128977 -0.00080801 0 0.00200893 0.00359229 -0.00197889 7.6469e-05 -0.000111379 -0.000944707 -0.00212493 0.000148729 -0.000373711 0.000792792 0.000382808 -0.000120953 0.00172587 0.00258281 0.00462185 0.00285261 -0.00142276 0.00106345 0.000154196 0.000998359 0.00544218 -0.00141765 0.000459477 -0.000572262 0.00151715 0.00298507 -4.65549e-05 -0.000116251 0.000270651 -0.000871186 0.000382003 0.00381356 0.00279642 0 -0.00237113 0.00238575 0.0049435 0.000634697 -0.00320946 -0.00184186 -0.00230437 -0.00428504 -0.0015966 -2.23214e-05 0.0017198 -0.00216981 -0.00317287 -0.00398853 -0.0041098 0 0.00133929 -0.00175953
internal_weight=27788 3486 24302 1950 582 532 1536 1160 5680 2457 165 425 376 18622 14699 3596 1750 1846 957 3923 3295 2674 733 621 344 628 110 1374 11103 2729 144 3223 2245 1111 1134 600 534 8374 5493 2881 586 518 444 277 472 369 174 696 367 2637 2080 525 1555 557 295 262 1368 946 793 735 407 328
internal_count=27788 3486 24302 1950 582 532 1536 1160 5680 2457 165 425 376 18622 14699 3596 1750 1846 957 3923 3295 2674 733 621 344 628 110 1374 11103 2729 144 3223 2245 1111 1134 600 534 8374 5493 2881 586 518 444 277 472 369 174 696 367 2637 2080 525 1555 557 295 262 1368 946 793 735 407 328
cat_boundaries=0 2 4 5 7 9 11 12 14 15 16 18 19 21 23 24 26 28 29 31 32 34
cat_threshold=50333333 750822 16791124 1596868 124 1024 1574980 577667362 73730 2416034049 294961 577 8945921 32786 3840 25 268468224 33282 2 2797109673 262178 528 20736 5 2215149697 262144 4676 1064964 1060 80 1065024 1793 16777361 2
is_linear=0
shrinkage=0.05


Tree=112
num_leaves=61
num_cat=20
split_feature=19 2 17 1 17 2 1 1 4 1 17 10 9 22 2 1 2 17 0 9 2 2 17 7 1 2 4 7 8 18 16 4 20 9 10 19 2 8 11 19 18 2 18 11 8 20 2 11 10 22 20 10 22 7 20 7 7 19 7 8
split_gain=1.32843 1.37353 0.861922 2.12754 1.77546 1.63614 2.1076 1.51971 1.46463 1.44931 1.32714 1.28682 1.83846 1.18182 1.20139 1.13334 1.04262 2.34338 1.01825 1.44454 1.12349 0.992881 1.82363 1.23933 1.18774 1.44582 0.979955 0.979762 2.16713 0.972191 0.894689 0.862011 0.907421 0.846633 0.832587 0.980143 0.832101 0.794158 1.19758 0.914635 0.746095 0.708918 0.599705 1.03751 0.58922 0.582684 0.548664 0.663094 0.677408 0.541254 0.504163 0.500519 0.449547 0.423719 0.437962 0.342718 0.7604 0.522619 0.339404 0.241903
threshold=5005.8400000000011 0 1.3785925048510428 1 1.309972212017456 2 3 4 5 6 1.3859280806057663 1130.1850000000002 432.53000000000003 21.473432734801484 7 8 9 2.5454033322097023 10 1653.4050000000002 11 12 1.1989765425201127 165.35500000000005 13 14 15 1240.0450000000003 1360.7550000000003 1.0572202385149696 1.8586306573402236 16 128.50000000000003 661.34500000000014 2514.3750000000005 226.30499999999998 17 342.10500000000008 820.81500000000017 3140.0350000000003 0.51769934255952876 18 1.1528548433283785 1226.7950000000003 1023.7500000000001 77.500000000000014 19 1915.4700000000003 1694.7550000000001 28.285970921240501 140.50000000000003 2388.3750000000005 20.301531129277059 145.52500000000001 177.50000000000003 546.05000000000007 633.62500000000011 513.54499999999996 648.28500000000008 686.15500000000009
decision_type=2 1 2 9 2 1 9 9 9 9 2 2 2 2 1 9 1 2 1 2 1 1 2 2 9 1 9 2 2 2 2 9 2 2 2 2 1 2 2 2 2 1 2 2 2 2 1 2 2 2 2 2 2 2 2 2 2 2 2 2
left_child=2 45 3 4 21 7 11 8 44 13 30 12 -7 16 34 18 55 58 19 -12 -20 22 33 -24 26 -26 -23 36 -29 -10 -11 32 -9 -1 35 -15 -17 38 -8 -39 -19 -33 43 -16 -5 51 47 50 -49 -3 -6 59 -13 -48 -55 57 -57 -4 -18 -2
right_child=1 49 9 5 46 6 37 31 29 10 15 52 -14 14 42 27 17 40 20 -21 -22 24 23 -25 25 -27 -28 28 -30 -31 -32 41 -34 -35 -36 -37 -38 39 -40 -41 -42 -43 -44 -45 -46 -47 53 48 -50 -51 -52 -53 -54 54 -56 56 -58 -59 -60 -61
leaf_value=-0.21973763409488908 -0.70436479739510816 -0.67845000133524602 0.95051430641868861 -0.062698874101426938 -0.49574002813120632 0.13580777469118424 0.091018035475576659 0.070958239551588864 -0.033941812884970848 -0.004282114642014001 -0.10064053273367222 -0.1977585334392071 0.85014605751423922 3.5944858005506228 1.0345186312285557 0.035727786239843344 0.063431200306523119 4.7331082394114983 -0.5409059577377674 0.20300239062544137 -0.014994667310095267 0.024267570376102124 -0.61927069234136278 0.19049913882558941 0.13122434198931182 -0.11818165091146096 -0.17205522053017896 0.42581362693903774 -0.043802980832351679 0.10598294655782468 1.5656085054344793 -0.012254957318084791 -0.086998579146506216 -0.35937012741352792 0.025090142153946716 0.29611282203321282 -0.042653635934283333 -0.0376761033766762 -0.31346052237313382 -0.63499405948981547 0.15709952929480711 0.2708187471488735 1.8694242332070403 -0.98491673901504628 -0.27374785975184174 1.2444954607530172 -0.14248360640916166 -0.84570242939401163 0.06427301907732641 -0.011338067056926705 0.98741435023803215 0.076579091138306771 0.10075298176816716 -0.54411921079539083 -0.12660717160109983 0.99996239649758556 -0.391400145342025 -1.1805241078890325 -0.73613162621662132 -0.00076646178781007994
leaf_weight=444 38 109 29 734 24 99 143 718 582 35 2513 113 71 31 28 4325 59 47 682 501 512 244 29 149 484 215 367 708 924 521 41 148 344 271 25 49 6639 2391 520 41 31 624 34 45 126 25 23 35 43 26 20 33 153 255 41 20 136 86 65 20
leaf_count=444 38 109 29 734 24 99 143 718 582 35 2513 113 71 31 28 4325 59 47 682 501 512 244 29 149 484 215 367 708 924 521 41 148 344 271 25 49 6639 2391 520 41 31 624 34 45 126 25 23 35 43 26 20 33 153 255 41 20 136 86 65 20
internal_value=-0.000275269 -0.0038878 -0.000240105 -0.000611529 -0.00182537 -0.000163465 -0.000941733 0.0005479 -0.000398532 -2.63263e-05 -0.000121352 0.00222717 0.00563584 0.00220272 0.00534884 -0.000154697 0.000709034 0.00337209 -0.000864724 -0.000356314 -0.00210944 -0.00121827 -0.00249724 0.00179558 -0.000283447 0.00107093 -0.00190304 7.93084e-05 0.00122324 0.000772849 0.00632911 0.00158365 0.000581395 -0.0036734 0.00879237 0.0120482 -8.66235e-05 -0.00141168 -0.00298423 -0.000965092 0.0101852 0.00286624 0.000520833 -0.00148026 -0.00194731 0 -0.00475788 -0.000925926 -0.00401235 -0.00701014 0.00319149 -0.00146277 0 -0.00583584 -0.00652174 -0.00118838 0 -0.0032839 -0.000393701 -0.0045082
internal_weight=27788 251 27537 9972 2644 7328 3531 3797 1963 17565 16880 436 170 685 212 16804 473 202 4208 3014 1194 2203 893 178 1310 699 611 12596 1632 1103 76 1834 1062 715 105 80 10964 3095 663 2432 78 772 107 73 860 116 441 122 78 135 44 91 266 319 296 271 156 115 124 58
internal_count=27788 251 27537 9972 2644 7328 3531 3797 1963 17565 16880 436 170 685 212 16804 473 202 4208 3014 1194 2203 893 178 1310 699 611 12596 1632 1103 76 1834 1062 715 105 80 10964 3095 663 2432 78 772 107 73 860 116 441 122 78 135 44 91 266 319 296 271 156 115 124 58
cat_boundaries=0 1 3 4 6 8 9 11 12 14 15 16 17 18 20 21 22 23 24 25 26
cat_threshold=2842 311759884 678172 814 2300600338 1057794 2705482033 1409026 12 306200576 131072 817 3441963618 1576420 377 1 1393 2828 5120 661780 177 18 7 1864 2 262
is_linear=0
shrinkage=0.05


Tree=113
num_leaves=63
num_cat=17
split_feature=6 1 2 1 22 1 17 9 2 22 11 10 22 2 22 15 1 2 16 1 22 17 10 1 1 17 18 5 1 18 1 15 6 2 17 6 1 22 18 22 22 5 18 16 18 2 10 22 20 20 13 9 2 22 20 20 20 18 18 5 20 20
split_gain=1.13518 2.07022 1.30431 1.70607 1.64437 1.1409 1.41101 1.25397 2.353 1.99223 1.42137 1.40108 1.20122 1.75055 1.15835 1.05643 1.83373 2.28176 1.81876 1.57415 2.15082 1.21526 1.48724 1.14658 1.05538 1.41852 1.03605 1.07239 1.0061 0.990312 0.973043 1.53923 1.14347 1.45875 1.0259 1.53926 2.12688 1.53465 1.21952 0.969767 0.960076 0.953794 1.40375 0.953236 0.914958 0.89152 0.860472 0.815101 1.33338 0.894268 0.779909 0.777014 0.719036 1.26708 1.02511 0.767389 0.697333 0.658036 0.614086 0.595789 0.593529 0.580893
threshold=3650.2500000000005 0 1 2 14.544215659262454 3 1.6063674015202329e-05 333.24000000000007 4 22.627908033689426 2342.4850000000006 689.31000000000006 34.764085455781149 5 37.382667578949523 5.5000000000000009 6 7 0.92295929729969717 8 49.060846150522039 1.0420580626198079 4097.7050000000008 9 10 1.056884684746793 0.18155720475668163 354.50000000000006 11 0.11545396157190065 12 2.5000000000000004 2012.74 13 1.3995286977944457 1376.8900000000001 14 44.553806007062413 2.3404036445576568 30.515728489399152 1.0000000180025095e-35 93.500000000000014 0.56236294843241719 2.1352151198721363 1.9438401885638208 15 2044.1800000000001 77.080585307260563 154.50000000000003 93.500000000000014 1.5000000000000002 1440.8850000000004 16 12.480270107142848 92.500000000000014 55.500000000000007 92.500000000000014 0.75384230544340769 0.30644094785706583 286.50000000000006 28.500000000000004 27.500000000000004
decision_type=2 9 1 9 2 9 2 2 1 2 2 2 2 1 2 2 9 1 2 9 2 2 2 9 9 2 2 2 9 2 9 2 2 1 2 2 9 2 2 2 2 2 2 2 2 1 2 2 2 2 2 2 1 2 2 2 2 2 2 2 2 2
left_child=5 44 24 52 46 6 -1 8 11 58 12 29 13 -9 -11 30 18 19 -17 -18 -21 60 -23 61 25 -3 -26 51 -12 -8 31 32 33 -7 35 36 -32 -37 50 -30 -27 42 -6 -40 -2 -14 -5 49 -49 -33 -36 -28 53 55 -55 -4 -43 -13 -10 -25 -20 -19
right_child=1 2 3 4 41 15 7 10 9 14 28 57 45 -15 -16 16 17 23 21 20 -22 22 -24 59 26 40 27 -29 39 -31 34 47 -34 -35 38 37 -38 -39 43 -41 -42 56 -44 -45 -46 -47 -48 48 -50 -51 -52 -53 -54 54 -56 -57 -58 -59 -60 -61 -62 -63
leaf_value=0.73357825413595279 -0.16223899152990118 0.12025668929136168 -0.57628739751410263 -0.3050929992382983 0.4276568051715553 -0.55094347416110956 0.24446950228048936 0.35187072569827899 -0.094823348921124054 1.0286765806355012 -0.42772848477275788 0.28550767206679623 0.51330854303560935 -0.13801157862427457 0.0097711123996347751 -0.11254681721410353 -0.050315842378681808 -0.11984366915039218 0.15609689300573992 0.10838413438279063 -1.2813653543059282 0.27018681914868264 -0.067631863426267549 -0.20971786400276501 -0.70850507495892556 0.24867461513389078 0.57799261799873602 -0.76122523361846905 -0.10944514278547005 -0.74099130995039209 0.81563320182952526 0.001485416704588083 -0.28485573615818682 1.632829056299071 0.012397547311262615 -0.18586131431616337 -0.2603743485287085 0.023584518618890729 -0.43720288709352534 0.059037089113950718 -0.45759642565899061 0.40691369231039592 -0.87852377733385412 0.029724001075026863 0.17131370176951075 -0.37018380762614456 0.66211724759006474 2.626758206020428 -1.0619169807331901 0.36126369811619913 -0.2507846171956391 0.11217745484686965 -0.26657368998289704 -0.012928135665478103 0.97144281677821709 -0.078516115279302315 0.018178919325609399 -1.3631791058693026 -0.78999986653716991 -0.0075286264008607162 -0.035413467819701339 0.054926460052514781
leaf_weight=47 1118 32 134 112 22 108 28 642 54 58 117 32 106 711 106 76 299 105 21 1230 41 274 44 537 32 22 175 22 802 266 266 542 845 228 9844 2729 426 915 154 331 57 98 35 78 35 294 31 69 27 551 790 162 495 327 74 93 36 21 66 182 118 496
leaf_count=47 1118 32 134 112 22 108 28 642 54 58 117 32 106 711 106 76 299 105 21 1230 41 274 44 537 32 22 175 22 802 266 266 542 845 228 9844 2729 426 915 154 331 57 98 35 78 35 294 31 69 27 551 790 162 495 327 74 93 36 21 66 182 118 496
internal_value=-0.000269872 -0.00117175 -0.000145791 -0.000926871 0.00208934 -0.000153977 -0.000964402 -0.00109293 -0.00313486 0.00016835 -0.000644544 -0.00579861 0.000249146 0.000986357 0.00389222 -8.92517e-06 0.00079174 0.000266965 0.00345696 0.00156349 0.00234618 0.00475543 0.00646417 -0.00123781 0.00199029 -0.00191532 0.00324876 0.00417818 -0.00193536 -0.00732323 -0.000167852 0.000765841 -0.000475084 0.0019174 -0.000317121 -0.000967965 0.00115108 -0.0013847 -5.29028e-05 -0.00136344 -0.00594512 0.00521907 0 -0.00361702 -0.00284091 -0.00210918 -0.00162671 0.00204488 0.00656566 0.00158531 2.11526e-05 0.00496324 -0.0018816 -0.000624025 0.000959158 -0.0036413 0.00748175 0.000669643 -0.00447154 -0.00257855 0.000440141 0.000305375
internal_weight=27788 3112 1959 1457 334 24676 3681 3634 631 284 3003 347 1753 1353 164 20995 3423 2890 533 1570 1271 457 318 1320 502 111 391 359 1250 294 17572 2370 1181 336 15202 4336 692 3644 10866 1133 79 191 57 232 1153 400 143 1189 96 1093 10634 337 1123 628 401 227 134 53 120 719 139 601
internal_count=27788 3112 1959 1457 334 24676 3681 3634 631 284 3003 347 1753 1353 164 20995 3423 2890 533 1570 1271 457 318 1320 502 111 391 359 1250 294 17572 2370 1181 336 15202 4336 692 3644 10866 1133 79 191 57 232 1153 400 143 1189 96 1093 10634 337 1123 628 401 227 134 53 120 719 139 601
cat_boundaries=0 2 3 5 7 8 9 11 12 14 16 17 19 21 22 24 25 26
cat_threshold=1378125640 819728 1576 603979909 81954 2149593120 1588548 952 175 59245057 32784 2868 4195394 515 542113858 3 1048593 0 10500 1480622082 229888 2588 8913104 262272 3144 449
is_linear=0
shrinkage=0.05


Tree=114
num_leaves=63
num_cat=15
split_feature=5 1 5 21 4 6 17 1 20 18 11 17 1 17 2 1 21 6 2 10 15 8 1 14 15 22 11 18 18 20 4 1 20 22 18 1 4 5 20 22 4 17 22 10 20 20 1 17 10 20 21 1 8 22 18 5 10 11 20 5 8 5
split_gain=1.00725 2.40583 1.80906 1.65418 1.36106 1.43818 1.74841 1.32517 1.96771 1.33899 1.29815 1.89398 1.28176 1.29639 1.98081 1.63872 1.50232 1.6679 1.2135 1.18872 1.41479 1.0927 1.5338 1.26574 1.08903 2.12297 1.78372 1.6852 1.57917 1.20362 1.20905 1.54678 1.19366 1.17646 1.07657 1.03382 1.82707 1.01641 1.4247 1.01415 0.972726 1.3065 0.965158 1.4655 0.963798 1.08208 0.924072 1.1416 1.36541 1.07537 1.491 1.72679 1.36572 1.50315 1.22062 1.01841 0.913253 0.905678 0.865984 0.873424 1.21051 0.863723
threshold=82.500000000000014 0 87.500000000000014 175.58333333333334 1 4168.3500000000013 1.3333348021374041 2 6.5000000000000009 0.42567857944506443 2530.1200000000003 2.5912538733880139 3 2.0437670928084395 4 5 64.038461538461561 1376.8900000000001 6 4744.9750000000013 4.5000000000000009 1274.8450000000003 7 1.5000000000000002 3.5000000000000004 6.3686342311928064 1543.4550000000002 1.7425195221130667 0.61384015774754086 447.50000000000006 8 9 108.50000000000001 138.08105789622593 0.74945209057266682 10 11 29.500000000000004 182.50000000000003 54.478435474689782 12 2.012992107339699 9.5626351221128356 964.91000000000008 131.50000000000003 32.500000000000007 13 1.2250902847076817 3082.8750000000005 44.500000000000007 68.174242424242451 14 394.40000000000003 15.39805148244171 0.363840095617945 35.500000000000007 1308.1550000000002 10461.670000000002 250.50000000000003 72.500000000000014 737.08500000000015 68.500000000000014
decision_type=2 9 2 2 9 2 2 9 2 2 2 2 9 2 1 9 2 2 1 2 2 2 9 2 2 2 2 2 2 2 9 9 2 2 2 9 9 2 2 2 9 2 2 2 2 2 9 2 2 2 2 9 2 2 2 2 2 2 2 2 2 2
left_child=1 4 7 46 5 6 61 8 -2 -10 11 -11 13 15 35 -4 18 -18 -16 20 -17 22 23 -6 29 32 28 -28 -27 30 33 -32 34 -14 -26 36 -15 38 -8 -39 58 -42 43 -9 45 -24 49 -48 55 52 51 -51 56 -54 -52 -49 -3 -21 59 60 -5 -1
right_child=2 3 12 40 21 -7 37 42 9 10 -12 -13 24 14 16 19 17 -19 -20 57 -22 -23 44 -25 25 26 27 -29 -30 -31 31 -33 -34 -35 -36 -37 -38 39 -40 -41 41 -43 -44 -45 -46 -47 47 48 -50 50 54 -53 53 -55 -56 -57 -58 -59 -60 -61 -62 -63
leaf_value=0.46680760912659347 7.1510150577961573 -0.9318721784806141 -0.22867369889858971 5.2255184002476884 2.7272931252899326 -0.5568568261027429 -1.0097321139613697 -0.034416039841741151 -0.21766087759514791 1.9515889616679047 -0.010310618125020099 -1.2830562999498332 -0.32092442729795612 0.85652466419955864 1.0658342288143672 -0.13818585254271057 1.5937845537225188 -0.28410497900203602 0.25470929240585888 -0.30551618375219858 0.010070136790107754 0.73788710843287575 -0.62802059249653874 -0.068320687275422287 0.0061515918369300596 0.098983771417201896 0.00026912596753740913 0.054080560630603895 0.89786228385695321 2.995341992884474 -0.10012514786873439 0.22025816550367808 2.0592721764372812 4.3981333669163982 -0.45117404270968509 0.019689868726236171 -0.66312326415227518 -0.095114642113165365 0.71886662505135923 1.0436930690594968 -0.35222840151030188 0.7064563903554415 -0.14970997878539513 2.7399512453206745 -1.4933207189190303 0.45602238645576776 -0.23138543775174558 -0.0010007750725796072 0.59537711030864326 0.45293161033935569 -1.1770234237500343 -0.011134985514111318 -0.29584857798516684 0.055130526295995796 -0.099281979007580831 -0.32945782519961181 -0.045269198275629211 -0.011276220627307154 -1.2303067060997295 -0.48192482667156611 0.11938089421533285 -0.39297373755358134
leaf_weight=112 32 198 869 38 88 84 99 102 41 73 54 20 1643 140 325 3740 53 362 276 112 2663 108 91 23 59 182 2216 1122 106 105 1736 1468 21 38 126 1964 548 249 35 38 204 239 199 78 110 142 546 403 50 326 99 628 996 278 1226 614 91 103 22 21 24 30
leaf_count=112 32 198 869 38 88 84 99 102 41 73 54 20 1643 140 325 3740 53 362 276 112 2663 108 91 23 59 182 2216 1122 106 105 1736 1468 21 38 126 1964 548 249 35 38 204 239 199 78 110 142 546 403 50 326 99 628 996 278 1226 614 91 103 22 21 24 30
internal_value=-0.000280666 -0.000790021 -9.96161e-05 -0.00120304 0.00121727 -0.000284091 0.00055212 0.00259551 0.0055794 0.00340314 0.00575 0.00924479 -0.000183308 -0.000540607 0.000217924 -0.000919559 0.00208941 -8.97129e-05 0.00370447 -0.000637159 -0.000505386 0.003 0.00180525 0.00655242 0.000263158 0.000899609 0.00119179 0.000845555 0.00498282 -0.000215301 -0.000340119 0.000217594 -0.00394737 -0.00142414 -0.00538564 -0.000487805 -0.0021398 -0.000972877 -0.00456204 0.000560345 0.00136116 0.000137061 0.000542092 0.00327869 0 0.00185381 -0.00147261 -0.00249846 -0.00148364 -0.00101816 -0.000301271 0.00117555 -0.00203544 -0.00127251 -0.00140248 -0.00192402 -0.00517979 -0.00430046 0.00540254 0.00828488 0.0111538 0.00534483
internal_weight=27788 7212 20576 6003 1209 647 563 599 220 188 147 93 19977 11155 3668 7487 1016 415 601 6618 6403 562 454 111 8822 3832 3626 3338 288 4990 4885 3204 206 1681 185 2652 688 421 134 287 548 443 379 180 343 233 5455 1613 1067 3842 2279 954 1563 1274 1325 1017 289 215 105 83 62 142
internal_count=27788 7212 20576 6003 1209 647 563 599 220 188 147 93 19977 11155 3668 7487 1016 415 601 6618 6403 562 454 111 8822 3832 3626 3338 288 4990 4885 3204 206 1681 185 2652 688 421 134 287 548 443 379 180 343 233 5455 1613 1067 3842 2279 954 1563 1274 1325 1017 289 215 105 83 62 142
cat_boundaries=0 2 3 5 7 8 10 11 13 14 16 18 19 20 22 24
cat_threshold=1453351176 745512 25 570425349 4224 2796367951 556326 2500 10493956 526594 520 8388864 196640 3 5276080 1114200 67637314 24608 16 2 2835710167 263312 295042 262160
is_linear=0
shrinkage=0.05


Tree=115
num_leaves=63
num_cat=1
split_feature=6 21 20 7 7 10 8 3 5 7 20 10 16 10 21 20 9 20 7 10 20 20 6 20 5 13 21 21 16 21 11 5 5 5 5 5 10 11 8 11 9 9 11 8 8 7 11 20 21 20 22 13 5 21 5 6 11 9 16 21 5 7
split_gain=1.29575 1.2117 1.63367 1.10476 1.04176 1.39608 1.07788 0.975066 0.961853 1.0696 0.949581 0.94859 1.17026 0.928367 1.52147 1.03993 1.44133 0.918546 0.918908 1.44738 0.865478 0.800073 0.835947 0.789661 1.85904 2.19332 0.933845 0.83857 1.24085 0.935443 0.812729 1.06364 1.05352 1.0449 0.786878 0.844511 0.882723 0.85722 0.780434 0.760677 0.749477 0.738784 0.728245 0.727664 0.839192 1.17416 1.03938 0.704225 0.655802 0.622594 0.554351 0.530515 0.538014 0.526258 0.618936 0.506378 0.489406 0.689352 0.483478 0.469715 0.450749 0.446425
threshold=3650.2500000000005 35.159663865546229 298.50000000000006 273.00500000000005 720.80000000000018 2262.1850000000004 2033.7350000000004 0 307.50000000000006 290.89000000000004 82.500000000000014 2362.3400000000006 1.6922406931495568 4744.9750000000013 70.683333333333351 84.500000000000014 1844.7150000000001 32.500000000000007 936.58500000000015 2630.7650000000003 510.50000000000006 205.50000000000003 5620.6000000000013 74.500000000000014 165.50000000000003 1.5000000000000002 84.055555555555571 77.050000000000011 2.2111633251792564 66.591666666666683 3065.6150000000002 305.00000000000006 102.50000000000001 297.50000000000006 78.500000000000014 59.500000000000007 228.72000000000003 436.20500000000004 1161.2100000000003 2701.0950000000007 1543.1950000000004 545.57500000000016 2178.7650000000008 1383.8450000000003 661.34500000000014 611.95500000000004 3366.9000000000001 35.500000000000007 41.041666666666679 129.50000000000003 50.572966602294883 2.5000000000000004 314.50000000000006 71.683333333333351 287.50000000000006 4496.4800000000005 3245.2300000000005 1064.5100000000004 1.8768056052246658 1.0000000180025095e-35 327.50000000000006 400.4550000000001
decision_type=2 2 2 2 2 2 2 1 2 2 2 2 2 2 2 2 2 2 2 2 2 2 2 2 2 2 2 2 2 2 2 2 2 2 2 2 2 2 2 2 2 2 2 2 2 2 2 2 2 2 2 2 2 2 2 2 2 2 2 2 2 2
left_child=4 2 3 60 5 34 10 11 9 -9 51 59 -13 14 17 16 42 18 19 -3 23 22 -17 24 27 38 -27 29 -29 -6 32 33 40 -32 35 36 -1 -38 -26 -34 -25 -12 -16 44 45 -36 -46 -19 -15 -33 -18 52 -7 54 -50 -49 57 -37 -20 -5 -2 -10
right_child=1 13 -4 7 20 6 -8 8 61 -11 41 12 -14 48 15 21 50 47 58 -21 -22 -23 -24 30 25 26 -28 28 -30 -31 31 49 39 -35 43 56 37 -39 -40 -41 -42 -43 -44 -45 46 -47 -48 55 53 -51 -52 -53 -54 -55 -56 -57 -58 -59 -60 -61 -62 -63
leaf_value=-1.6268579690134921 -0.26714506820151163 0.076581645268529647 4.6534819852449631 -1.4678168989499181 -0.011669496343908748 -0.14693781014326943 0.53326503028458849 0.083519980733884142 -0.23632517002075393 -0.25759299659020052 -0.18751163960034775 0.044363343868108807 0.58570585401022157 0.07012350210740835 -0.02515031088939601 -0.048402289324729966 0.24602937414894868 -0.25325592462979235 0.2385677173870068 0.34433581599196761 2.6297193985705007 -0.91288166826746964 0.39250190039035932 0.28075078848247587 0.14799451911517175 0.0032193085355363138 -1.1803684685185303 0.93961243101567082 -0.030591958753991833 -0.44592736381603049 -0.057170971749871673 -0.40837226301552776 -0.063941019234211902 0.28868951348797617 -0.0046608728715884949 -0.30092861854633324 1.3799458399361457 -0.039755353542810928 0.50748521901148469 0.26290815973115972 1.9233753275352143 0.98587401045726863 -0.5763037052092882 0.94522469563048617 -0.19044453633635144 0.3081453503413169 0.14260606458651878 -0.49233556511277565 -0.69298968297506325 -0.31952684038961049 -0.4732721299708203 0.14077676181144208 0.0018898099555908487 0.05322817921317835 -0.0048262461218847369 0.028140848441181365 0.20495149980036675 -0.78733422033393685 -0.65613255557291483 0.071688126042212016 0.05038933987297263 0.27703523497207466
leaf_weight=102 242 113 21 30 1608 1059 34 35 20 615 23 55 25 38 76 303 62 40 20 65 77 69 119 827 515 151 64 135 149 77 1430 106 2002 43 9963 722 173 2391 316 325 45 32 194 29 1209 540 104 34 77 130 33 28 129 27 25 654 28 110 22 26 22 50
leaf_count=102 242 113 21 30 1608 1059 34 35 20 615 23 55 25 38 76 303 62 40 20 65 77 69 119 827 515 151 64 135 149 77 1430 106 2002 43 9963 722 173 2391 316 325 45 32 194 29 1209 540 104 34 77 130 33 28 129 27 25 654 28 110 22 26 22 50
internal_value=-0.000320248 -0.00128411 -0.0025896 -0.00289403 -0.000196523 -0.000422687 -0.00199732 -0.00192084 -0.0026603 -0.00333078 -0.00226648 0.00167785 0.00542169 -0.000500253 -0.000138351 -0.00168801 -0.00370245 0.00120925 0.00403587 0.00566298 0.000268649 -7.59109e-05 0.000647059 0.000209753 0.000849072 0.00255005 -0.00177752 -3.16937e-05 0.00243902 -0.000481339 -0.000173081 -0.0010587 0.000284978 -0.000516599 -0.000285384 -0.000942193 -0.000477707 -0.000272692 0.00373201 -0.000252146 0.00177143 0.00366379 -0.00558608 -8.54575e-05 -0.000109992 3.45041e-05 -0.00130129 0.000273598 -0.00404412 -0.0041841 0.00114796 -0.00258409 -0.00277078 -0.00577652 -0.00738095 0.000723589 -0.0023175 -0.00257485 -0.00166667 -0.00254237 -0.00580524 0.00239726
internal_weight=27788 3112 1141 1120 24676 16676 1305 856 720 650 1271 136 80 1971 1804 856 365 948 220 178 8000 491 422 7923 3015 1046 215 1969 284 1685 4908 1709 3199 1473 15371 3526 2666 2564 831 2327 872 55 270 11845 11816 10503 1313 728 167 236 95 1216 1188 129 102 688 860 832 42 56 264 70
internal_count=27788 3112 1141 1120 24676 16676 1305 856 720 650 1271 136 80 1971 1804 856 365 948 220 178 8000 491 422 7923 3015 1046 215 1969 284 1685 4908 1709 3199 1473 15371 3526 2666 2564 831 2327 872 55 270 11845 11816 10503 1313 728 167 236 95 1216 1188 129 102 688 860 832 42 56 264 70
cat_boundaries=0 1
cat_threshold=4
is_linear=0
shrinkage=0.05


Tree=116
num_leaves=63
num_cat=25
split_feature=19 1 1 2 8 21 19 20 10 15 4 2 10 2 16 8 8 11 2 1 4 21 11 10 15 21 21 19 8 4 2 16 14 16 1 2 2 14 10 21 20 17 10 1 17 1 17 2 10 0 2 1 1 21 2 2 20 16 16 1 8 1
split_gain=1.05446 2.75031 1.2615 1.13235 1.36269 1.07283 1.14198 1.28024 0.874122 1.08735 1.33985 2.40343 1.58487 1.44936 1.9407 1.07264 1.46236 1.41585 1.12863 0.967995 1.06922 0.888555 0.870072 0.869812 1.18493 1.06756 1.06279 1.00525 0.868538 0.866074 1.13535 0.812158 0.811187 0.811544 0.784158 1.38761 1.17835 0.771482 0.837577 0.75349 0.736248 0.733624 0.703644 0.645217 0.639946 0.63146 1.4382 0.873721 0.747247 0.656779 1.13402 1.42265 1.33778 0.994802 2.22636 1.01832 0.624626 0.822543 1.03076 0.730328 0.838427 0.620109
threshold=1918.2650000000003 0 1 2 661.34500000000014 85.309523809523824 2066.6600000000003 209.50000000000003 1653.4050000000004 5.5000000000000009 3 4 1455.2150000000004 5 1.699059191696308 1274.8450000000003 1343.3850000000004 2601.3300000000004 6 7 8 40.51315789473685 1733.1700000000003 4341.8900000000003 4.5000000000000009 11.125000000000002 139.58333333333334 2459.8250000000003 180.11500000000004 9 10 1.1742579038398491 5.5000000000000009 1.3213025991226408 11 12 13 2.5000000000000004 1407.8200000000002 44.651515151515156 60.500000000000007 1.5486953008050115 592.17500000000007 14 2.6666650375272281 15 2.270936284630849 16 1681.1400000000001 17 18 19 20 74.190909090909102 21 22 54.500000000000007 1.4999972783388438 1.1742579038398491 23 360.12500000000006 24
decision_type=2 9 9 1 2 2 2 2 2 2 9 1 2 1 2 2 2 2 1 9 9 2 2 2 2 2 2 2 2 9 1 2 2 2 9 1 1 2 2 2 2 2 2 9 2 9 2 1 2 1 1 9 9 2 1 1 2 2 2 9 2 9
left_child=2 23 45 4 37 61 7 -7 9 15 13 40 -13 21 -15 19 17 -17 -18 31 -21 -11 44 24 25 29 41 -28 -26 30 -2 -4 34 -34 35 -24 -36 42 -39 -6 -12 -27 -3 -31 -10 46 -1 56 -48 53 51 -51 -52 54 -49 -55 57 58 -47 60 -58 -5
right_child=1 3 8 5 39 6 -8 -9 22 10 11 12 -14 14 -16 16 18 -19 -20 20 -22 -23 32 -25 28 26 27 -29 -30 43 -32 -33 33 -35 36 -37 -38 38 -40 -41 -42 -43 -44 -45 -46 47 48 49 -50 50 52 -53 -54 55 -56 -57 59 -59 -60 -61 -62 -63
leaf_value=-0.37553246658577422 -0.32755006737017783 0.019891225555045279 0.71183874218451249 -0.19158890992693625 1.0051427914178903 2.712886174152823 -0.14716030495133908 -0.73045227423860304 -1.1335909801423085 0.17782065133606262 0.079602513884123927 0.31573477461413824 0.0034901137026420062 -0.020967635122814701 0.42628757915600063 0.46371612789204875 1.4271902765636015 3.1345268365026167 -0.49936542502592474 -0.032169409547723231 0.085616063661568736 -0.11254323481124739 0.084019248234328367 -0.17461840676689855 -0.25536834709001716 -0.01877986015842055 -0.31122514620988828 1.3189158614130265 0.24956482607374647 -0.79777096339482512 1.0422856529690463 -0.12677766490666578 0.068519017882759312 -0.10874693583868283 0.0066187301744699669 -0.03206229216360406 -0.059343310310396816 0.56951365944838717 -0.088327026592716962 0.010962291006007874 -0.4417447657625555 -0.58062267113305099 -0.33545580393700303 0.75011661933878759 -0.27799118877840351 0.20188001675095466 -0.081195535363588089 0.16990627551881801 1.3526725003915474 -0.59238028381544439 -0.34879078238301198 0.088745287906896494 -0.071953314712628114 -0.23838857050956222 -0.051284358217589171 -0.016065644641586729 -0.64948883117681222 0.024544004687299115 0.87669552047545096 -0.16573533034322951 0.52949643909598199 -0.37381196057925159
leaf_weight=343 119 116 188 474 61 48 321 22 74 29 52 224 78 237 157 88 125 36 222 3698 4844 204 409 66 21 113 110 89 135 121 282 1968 37 21 2028 492 3228 20 33 51 48 181 134 106 68 65 81 557 21 133 564 347 538 512 1241 692 73 152 28 179 221 863
leaf_count=343 119 116 188 474 61 48 321 22 74 29 52 224 78 237 157 88 125 36 222 3698 4844 204 409 66 21 113 110 89 135 121 282 1968 37 21 2028 492 3228 20 33 51 48 181 134 106 68 65 81 557 21 133 564 347 538 512 1241 692 73 152 28 179 221 863
internal_value=-0.00029506 -0.00111063 -0.00017589 -0.00222055 2.92056e-05 -0.00278576 -0.000348985 0.00513699 2.22156e-05 0.000272519 0.00182897 0.00403614 0.00626984 0.000253906 0.00214988 0.000124194 0.00245253 0.00708661 0.000607143 1.63536e-05 0.000260082 -0.00269309 -0.000450079 0.000636062 0.000966797 0.000344751 -0.00133569 0.0012995 0.00503145 0.00174326 0.0031099 -0.000922084 -0.000351801 0.00532787 -0.00041599 0.000916302 -0.000654773 -0.00159314 0.00334821 0.00478261 -0.00221239 -0.00328283 -0.00286561 -0.000572917 -0.00431034 -0.000822483 -0.00264738 -0.00065381 0.00214286 -0.000913639 -0.00175079 0.00020284 -0.00262332 -0.000457571 0.000263742 -0.00157415 0.000923393 0.00297379 0.00664063 -2.62605e-05 0.00138436 -0.00347948
internal_weight=27788 3486 24302 2143 415 1728 391 70 18555 12198 1029 402 302 627 394 11169 471 124 347 10698 8542 233 6357 1343 1277 1121 493 199 156 628 401 2156 6215 58 6157 901 5256 303 53 112 100 294 250 227 142 5747 445 5302 102 4584 1582 480 1102 3002 1798 1204 718 245 93 473 294 1337
internal_count=27788 3486 24302 2143 415 1728 391 70 18555 12198 1029 402 302 627 394 11169 471 124 347 10698 8542 233 6357 1343 1277 1121 493 199 156 628 401 2156 6215 58 6157 901 5256 303 53 112 100 294 250 227 142 5747 445 5302 102 4584 1582 480 1102 3002 1798 1204 718 245 93 473 294 1337
cat_boundaries=0 2 4 5 6 7 8 9 10 11 12 13 15 16 17 19 21 22 23 24 26 28 29 30 32 34
cat_threshold=16778901 615652 2149660256 1588678 1548 13 515 232 2698 59801629 38 22 784 26263553 131120 3732 1802 144 65664 1024 526596 12 1 194 2105344 128 4704 1052672 2305 2179 2147484256 9344 67113024 266778
is_linear=0
shrinkage=0.05


Tree=117
num_leaves=63
num_cat=0
split_feature=19 7 5 5 5 19 16 7 21 15 22 17 21 20 15 17 22 21 22 5 5 5 10 7 20 20 11 5 22 20 11 11 11 9 5 9 9 17 10 10 19 17 5 5 20 19 5 22 15 5 22 5 8 20 21 5 22 7 21 5 17 7
split_gain=1.05923 1.11629 1.18462 1.08883 0.888557 0.975043 0.909623 1.01199 0.793141 0.714405 1.37422 1.21946 1.88834 3.11739 1.56924 1.89442 1.7321 1.65862 1.37398 1.32595 1.30916 1.88818 1.16501 1.35273 1.95735 2.57597 1.22054 1.145 1.95733 1.71992 1.30963 1.54124 1.12794 1.70263 1.3859 1.09898 1.26492 1.03826 0.898566 0.897049 0.887019 0.841466 0.829797 1.00423 0.794097 1.25334 0.769443 0.747941 0.939591 0.682431 2.71788 0.868073 0.686075 0.682256 0.67113 0.79197 0.639491 0.593295 1.21553 1.38362 1.11382 0.965963
threshold=1918.2650000000003 1190.3900000000003 297.50000000000006 159.50000000000003 231.50000000000003 2254.3000000000002 2.4503731760357819 310.12000000000006 306.50000000000006 5.5000000000000009 59.042709086050898 2.0437670928084395 82.062500000000014 113.50000000000001 2.5000000000000004 1.482243933635824 2.8503542240076025 118.08333333333336 34.519176845103324 348.50000000000006 156.50000000000003 83.500000000000014 4237.7150000000011 872.34000000000003 57.500000000000007 49.500000000000007 5972.2350000000015 180.50000000000003 59.042709086050898 66.500000000000014 3010.4750000000004 2899.3300000000004 2546.0350000000008 578.70500000000027 25.500000000000004 3333.8800000000006 2270.8450000000007 0.81103141465805295 425.72000000000003 4962.4150000000018 578.41499999999985 1.4567594701162419 298.50000000000006 350.50000000000006 19.500000000000004 1539.2600000000002 177.50000000000003 173.30150900910135 3.5000000000000004 109.50000000000001 25.883304530820876 61.500000000000007 1343.3850000000004 250.50000000000003 44.651515151515156 242.50000000000003 19.491960083456501 554.27500000000009 5.5000000000000009 292.50000000000006 1.8128327382960161 90.465000000000018
decision_type=2 2 2 2 2 2 2 2 2 2 2 2 2 2 2 2 2 2 2 2 2 2 2 2 2 2 2 2 2 2 2 2 2 2 2 2 2 2 2 2 2 2 2 2 2 2 2 2 2 2 2 2 2 2 2 2 2 2 2 2 2 2
left_child=9 3 49 8 5 56 7 -7 -2 11 22 12 13 18 17 19 -17 -14 38 -16 21 -15 23 32 25 -25 -26 29 35 44 31 -31 33 -11 -34 36 -29 -22 -1 -37 -19 -20 -24 -44 46 -46 -13 48 -30 50 51 -3 -53 -8 55 -51 -5 61 59 -59 -60 -6
right_child=1 2 -4 4 57 6 53 -9 -10 10 -12 27 14 20 15 16 -18 40 41 -21 37 -23 42 24 26 -27 -28 28 47 30 -32 -33 34 -35 -36 39 -38 -39 -40 -41 -42 -43 43 -45 45 -47 -48 -49 -50 54 -52 52 -54 -55 -56 -57 -58 58 60 -61 -62 -63
leaf_value=0.57133372437335994 -0.20751350644146208 -1.4426750834617446 1.6115418010141469 -0.34291367272301959 0.2500130635005956 0.0023410849524420742 -0.23150414014866316 0.43975276587700141 2.4875868881534076 4.4331022914967381e-05 -1.163061374828154 -0.01361789690507962 -0.94217763553326395 -0.065073108785919237 -0.0085918884075308465 1.1269970553261193 0.072004330844232453 -0.32801739280313313 -0.25722933086470584 -0.64253384173369454 -0.60235352601264869 1.0416719016078844 -0.057009535022122831 0.18269246890315785 0.11901277736893334 0.50428332656279051 -0.13336660433181607 0.23371466514154521 -1.1933661048526176 0.19457773555753377 -0.56673560529799971 1.7848562391971201 -0.14929109946050545 0.19914919723689162 0.0024817783307604204 4.1838797966250398 -0.42919285359586684 -0.071787652338991495 -0.37435070528714276 0.13631445466363773 0.066264627601990256 0.03861583736988692 0.17009595146654757 -0.17536396966323453 -0.37684362270120852 0.4350956863141644 -3.05152943279837 1.595212060832548 0.38282874013173257 -0.31962407462332082 1.2170777355395481 1.5575371942900036 -0.2050261282426476 6.0299167373148439 -0.56135505090289672 3.4386973855375191 0.27618183461905693 -0.2075286933720264 0.016891271757753047 2.4562041116068594 -1.0996412224384979 -0.3221033008187229
leaf_weight=50 1822 74 37 104 119 77 143 122 27 622 105 1669 212 480 3530 226 1443 669 355 122 159 349 580 229 153 67 137 2111 145 1755 137 21 203 478 2573 21 105 1342 1560 21 858 234 99 20 1214 141 28 20 59 75 21 28 27 21 52 20 59 45 87 48 66 412
leaf_count=50 1822 74 37 104 119 77 143 122 27 622 105 1669 212 480 3530 226 1443 669 355 122 159 349 580 229 153 67 137 2111 145 1755 137 21 203 478 2573 21 105 1342 1560 21 858 234 99 20 1214 141 28 20 59 75 21 28 27 21 52 20 59 45 87 48 66 412
internal_value=-0.00029326 -0.00111063 0.00155786 -0.00141046 -0.000258423 0.00127599 0.00276639 0.00501238 -0.00219357 -0.000173833 0.000336876 -0.000317769 -0.00063945 -0.001437 -0.000120345 0.000298178 0.00169707 -0.00142796 -0.00278724 -0.000328317 -0.000139306 0.00142728 0.000462335 0.000767077 0.00301358 0.00585284 0 0.000176174 0.00105634 -0.000254126 0.000906837 0.00129286 0.000412477 0.00176791 -0.000107953 0.00151482 0.00132943 -0.0010389 -0.00354929 0.00944444 -0.000808824 -0.000612331 -0.0014067 0.00215164 -0.000998363 -0.00190538 -0.000242647 -0.00330396 -0.00434783 0.000291667 0.00277778 0 0.00452586 0 -0.00191667 0.000127551 -0.00173193 -0.00136218 0.000502008 0.00507813 -0.00200321 -0.00231742
internal_weight=27788 3486 334 3152 1303 526 363 199 1849 24302 5266 19036 11589 4529 7060 5321 1669 1739 2199 3652 2330 829 5161 4462 586 296 290 7447 2482 4965 1913 1776 3876 1100 2776 2258 2216 1501 1610 42 1527 589 699 119 3052 1355 1697 224 204 297 150 129 55 164 147 95 163 777 246 93 153 531
internal_count=27788 3486 334 3152 1303 526 363 199 1849 24302 5266 19036 11589 4529 7060 5321 1669 1739 2199 3652 2330 829 5161 4462 586 296 290 7447 2482 4965 1913 1776 3876 1100 2776 2258 2216 1501 1610 42 1527 589 699 119 3052 1355 1697 224 204 297 150 129 55 164 147 95 163 777 246 93 153 531
is_linear=0
shrinkage=0.05


Tree=118
num_leaves=51
num_cat=15
split_feature=19 2 11 1 2 20 23 18 1 1 6 20 2 10 18 1 10 9 2 2 2 18 1 20 20 23 1 6 2 10 18 2 0 7 10 8 20 9 23 23 10 7 5 8 7 7 17 8 17 5
split_gain=1.17984 1.25145 0.792945 1.11817 1.09556 0.743754 0.800239 0.737694 3.14586 1.56684 2.68511 1.96239 1.46214 1.45981 1.08843 1.0628 1.74815 1.57937 1.60576 0.985156 0.973214 0.940439 0.93782 0.905316 1.62845 1.05743 0.848839 0.773574 1.54685 1.95274 1.5934 1.21158 2.77017 1.58592 0.660118 0.625061 0.582684 0.535694 0.437024 0.42346 0.418394 0.293893 0.51354 0.288808 0.269832 0.303189 0.238255 0.195756 0.177885 0.0735043
threshold=5005.8400000000011 0 9098.4300000000021 1 2 4.5000000000000009 13.500000000000002 1.7241219027281767 3 4 1376.8900000000001 15.500000000000002 5 936.65500000000009 3.2980287621259579 6 1653.4050000000004 493.64000000000004 7 8 9 1.3260867236708196 10 54.500000000000007 44.500000000000007 10.500000000000002 11 1376.8900000000001 12 709.84500000000014 0.49581893914858405 13 14 1276.8950000000002 5787.2450000000017 872.34000000000003 77.500000000000014 1373.7800000000004 17.500000000000004 6.5000000000000009 2577.2000000000003 936.58500000000015 252.50000000000003 1970.1600000000003 702.73000000000013 1343.4050000000004 1.5398436308105161 686.15500000000009 1.2494552107107546 283.50000000000006
decision_type=2 1 2 9 1 2 2 2 9 9 2 2 1 2 2 9 2 2 1 1 1 2 9 2 2 2 9 2 1 2 2 1 1 2 2 2 2 2 2 2 2 2 2 2 2 2 2 2 2 2
left_child=2 36 7 5 43 -4 46 15 13 12 19 -12 14 -9 -10 16 17 22 -19 -11 26 -22 -1 24 -15 -25 -18 28 30 -30 -17 32 -29 -33 44 -8 40 -14 -37 -3 47 -36 -43 49 -6 -46 -7 -2 -45 -5
right_child=1 39 3 4 34 6 35 8 9 10 11 -13 37 23 -16 27 20 18 -20 -21 21 -23 -24 25 -26 -27 -28 31 29 -31 -32 33 -34 -35 41 38 -38 -39 -40 -41 -42 42 -44 48 45 -47 -48 -49 -50 -51
leaf_value=0.03553766691091198 -0.5844461188529152 -0.66966253031210865 0.024597782908264334 -0.24058669108918318 -0.045218578785834046 -0.42826974396008471 -0.50483006426158217 0.71555391355527864 0.020921079539137289 0.20600280629826742 1.6284644406595434 0.13211663222935507 0.0058268392868310315 -0.10939508526107407 0.067671218832892066 -0.45781084204550526 -0.061323058761436712 0.1801456734988241 -0.051383147587366201 -0.21112606241090753 -0.018270290996549223 -0.29388740580874589 -0.22097392114773984 -0.47735360204896971 0.49323483363642701 0.1820031399624501 -0.69657742303911618 0.091092006158541142 0.66252769957364888 -0.34729866365858303 0.94787186842623949 -0.048386162959948825 -0.28916027712795972 0.2217907451973602 0.5190339910259496 0.43603678216403097 1.1976970204798847 -0.097786384678955604 -0.090813281692291525 -0.042094039892883475 0.14780222800113912 -0.04257798773323121 0.48829854347122642 0.10500950826259406 0.12837216638556911 -0.17380050132091596 -0.56854244720402292 0.063843277518472519 -0.1551323195040144 -0.18578179775591216
leaf_weight=423 41 114 32 42 21 98 22 20 826 101 32 488 643 213 201 134 116 1374 1844 253 735 343 1557 231 46 32 337 2587 464 525 492 10909 505 950 21 28 25 632 69 21 30 35 20 23 27 22 21 20 23 20
leaf_count=423 41 114 32 42 21 98 22 20 826 101 32 488 643 213 201 134 116 1374 1844 253 735 343 1557 231 46 32 337 2587 464 525 492 10909 505 950 21 28 25 632 69 21 30 35 20 23 27 22 21 20 23 20
internal_value=-0.000284265 -0.00369094 -0.000250999 -0.00218216 9.3633e-05 -0.00432862 -0.00549793 -0.000211449 0.000436711 0.00105049 0.00284667 0.00516252 0.000334773 -0.00301802 0.00174279 -0.000317087 -0.000847301 -0.000398962 0.000271655 -0.00035014 -0.00233866 -0.0013978 -0.00151286 -0.00366667 -0.00128817 -0.00578008 -0.00431867 -9.80156e-05 0.000934796 -0.000261976 0.00285603 -0.000213154 0.000660225 -0.000445376 0.00298742 -0.00194672 0 -0.000766693 0 -0.0066723 -0.00146277 0.00632911 0.00280172 -0.00330579 0 0.00168269 -0.0085041 -0.00410156 0 -0.00576923
internal_weight=27788 251 27537 524 254 270 238 27013 3718 3176 874 520 2302 542 1027 23295 6729 5198 3218 354 1531 1078 1980 522 259 263 453 16566 1615 989 626 14951 3092 11859 146 119 116 1275 97 135 91 76 55 108 70 49 119 61 46 62
internal_count=27788 251 27537 524 254 270 238 27013 3718 3176 874 520 2302 542 1027 23295 6729 5198 3218 354 1531 1078 1980 522 259 263 453 16566 1615 989 626 14951 3092 11859 146 119 116 1275 97 135 91 76 55 108 70 49 119 61 46 62
cat_boundaries=0 1 3 4 6 8 9 11 12 13 14 16 17 18 19 20
cat_threshold=2842 33558657 65664 91 529474 280868 570696629 102538 1652 3434451756 1580114 2444 579 1224 68223520 1040 8425736 1190 1792 1
is_linear=0
shrinkage=0.05


Tree=119
num_leaves=63
num_cat=19
split_feature=19 1 23 1 6 2 4 1 19 8 10 1 19 2 20 17 9 1 1 2 10 21 9 19 2 10 1 20 1 17 9 2 1 6 19 8 8 21 17 19 1 2 19 19 23 8 2 21 17 17 22 22 10 17 9 22 21 1 8 21 20 22
split_gain=0.999481 2.27044 1.74913 1.01249 1.01189 0.972977 0.935152 2.14522 2.08309 2.19931 1.18086 1.886 1.67375 1.14206 1.66279 1.00227 1.00046 1.08749 0.991155 1.92593 1.6688 1.80891 1.52778 1.17973 1.17746 1.10942 0.822003 0.807647 1.05337 0.764665 0.721702 0.704363 1.03427 1.26725 1.21173 0.873142 0.994137 0.841363 0.78155 1.20186 0.958855 1.15017 0.781732 0.685633 0.683474 0.62538 0.951762 0.668002 0.907435 0.633502 0.624803 0.609235 0.599968 0.708703 0.596073 0.595474 1.11141 0.594339 0.577642 0.542477 0.530839 0.521599
threshold=1918.2650000000003 0 9.5000000000000018 1 3056.7900000000004 2 3 4 1804.2700000000002 384.08500000000009 1071.7950000000003 5 892.6600000000002 6 215.50000000000003 0.90526384473832511 1653.4050000000002 7 8 9 1235.2350000000004 31.513157894736846 567.71500000000015 109.92000000000009 10 5787.2450000000017 11 179.50000000000003 12 1.1647781258883991 2099.0450000000005 13 14 6391.4700000000003 2976.190000000001 925.07500000000016 384.08500000000009 41.041666666666679 1.4521070596805905 5005.8400000000011 15 16 5005.8400000000011 1960.7250000000001 3.5000000000000004 69.425000000000011 17 89.464285714285737 0.35470599156147881 2.0647916664006893 14.848841539911541 35.529096056776531 395.98500000000007 2.7897346758907386 914.47500000000025 158.76825366617956 158.58333333333334 18 255.06000000000003 35.845238095238102 58.500000000000007 26.41071713904898
decision_type=2 9 2 9 2 1 9 9 2 2 2 9 2 1 2 2 2 9 9 1 2 2 2 2 1 2 9 2 9 2 2 1 9 2 2 2 2 2 2 2 9 1 2 2 2 2 1 2 2 2 2 2 2 2 2 2 2 9 2 2 2 2
left_child=3 2 5 4 45 27 7 13 10 -10 12 -12 -9 16 15 -15 17 -5 19 20 26 -22 24 -24 -21 55 -8 28 54 -27 -6 32 33 50 35 36 -34 -36 42 40 41 -40 -33 -7 -18 47 49 48 -1 51 -3 -47 -48 -54 -2 57 -57 -20 -52 -42 -51 -32
right_child=1 31 -4 6 30 43 18 8 9 -11 11 -13 -14 14 -16 -17 44 -19 25 22 21 -23 23 -25 -26 29 -28 -29 -30 -31 61 38 34 -35 37 -37 -38 -39 39 -41 59 -43 -44 -45 -46 46 52 -49 -50 60 58 -53 53 -55 -56 56 -58 -59 -60 -61 -62 -63
leaf_value=-0.62138384822789738 -0.77715289233709928 -0.2726818487395537 0.21550585937798683 0.1374686743014486 -0.41000503983183095 -1.9605099974999456 0.55256173803124042 0.61798154520390902 0.14358368072531108 3.6031738230778516 -0.04238400646079974 0.091520029537628889 0.070350023600420294 0.17652576896385544 0.81548443458473585 -0.41084832998295245 -0.024733339229656082 -0.35376246605453476 -0.04675888324979019 -0.015197697259755217 2.2176997027186895 0.2655868857732947 0.001547915981125847 -0.36401590051236643 1.3410268941936903 0.015003230967179971 -0.10996032315302245 -1.4619695290583949 0.30311306092588242 -0.39862291381354659 0.37865710638844219 -0.37054114842472929 0.11260536515819908 -0.53804490053274356 1.596484549880909 1.7552638061577115 -0.42759507184336593 0.10859728056393775 0.28999613757569237 -0.64286943443466016 -0.55626381399024571 -0.12324307284125809 0.0064946046151931119 0.11645128136169376 0.24718237926117581 0.04094779919136169 -0.80255762039320622 -0.66049053409929714 0.60319089387954217 1.292102107078273 -0.03680732651627814 -0.22422652437974674 -0.21198063570616343 0.43873384798839671 0.14916522286130701 4.4043448976274968 0.054777136958691131 -0.010375910931375999 0.57877390781041349 -0.078023695511089036 0.016361420895417211 -0.85380797213663451
leaf_weight=21 115 79 51 286 195 30 135 668 37 23 1336 640 645 48 74 423 51 301 4030 230 75 280 594 421 164 64 184 70 161 158 31 469 89 48 34 29 72 32 311 103 233 582 43 679 57 287 85 33 43 71 24 114 533 146 74 28 97 11595 44 114 78 21
leaf_count=21 115 79 51 286 195 30 135 668 37 23 1336 640 645 48 74 423 51 301 4030 230 75 280 594 421 164 64 184 70 161 158 31 469 89 48 34 29 72 32 311 103 233 582 43 679 57 287 85 33 43 71 24 114 533 146 74 28 97 11595 44 114 78 21
internal_value=-0.000287863 -0.00108197 0.000670578 -0.000171775 -0.00136146 0.000209806 -8.16525e-05 0.000551391 0.00121579 0.0103175 0.00102901 0.000227388 0.00219415 -0.00119713 -0.00288978 -0.00408755 8.82768e-05 -0.00065678 -0.0002456 0.000769323 0.0029476 0.00534218 -0.000254923 -0.00131385 0.00232997 -0.000381608 0.000194099 -0.00161663 -0.000495751 -0.00388889 -0.00435 -0.00199439 -8.0819e-05 -0.00282452 0.00185874 0 -0.00160061 0.0076087 -0.00242907 -0.00173663 -0.00124698 -0.000289735 -0.00417476 0.00136773 0.0045045 -0.000804455 -0.00111997 0.002875 0.00597015 0.000399645 -0.00025 -0.00052599 -0.00225225 -0.00166789 -0.00303218 -0.000328509 0.00302734 -0.000359131 0.0028169 -0.0034375 0.00320724 0
internal_weight=27788 3486 1180 24302 1658 1129 22644 4589 3349 60 3289 1976 1313 1240 545 471 695 587 18055 2083 674 355 1409 1015 394 15972 319 420 350 222 247 2306 451 195 256 190 161 66 1855 1343 1240 893 512 709 108 1411 1314 97 64 550 147 401 764 679 189 15750 125 15625 68 347 149 52
internal_count=27788 3486 1180 24302 1658 1129 22644 4589 3349 60 3289 1976 1313 1240 545 471 695 587 18055 2083 674 355 1409 1015 394 15972 319 420 350 222 247 2306 451 195 256 190 161 66 1855 1343 1240 893 512 709 108 1411 1314 97 64 550 147 401 764 679 189 15750 125 15625 68 347 149 52
cat_boundaries=0 2 4 5 6 8 10 11 13 15 16 17 19 21 22 24 26 27 28 30
cat_threshold=16778900 615653 2102272 527684 2193 48 12886334 147632 604651648 262665 2261 303142 160 1073791240 163864 658 3105 0 163864 132 81920 1548 4097 262672 536907841 262672 2113 1418 2538799169 1323010
is_linear=0
shrinkage=0.05


Tree=120
num_leaves=63
num_cat=24
split_feature=6 1 2 1 8 1 1 15 1 23 18 10 11 18 1 11 2 2 21 21 1 15 1 2 2 2 1 17 17 6 10 2 17 4 1 8 17 21 4 1 11 15 18 8 11 4 9 1 21 18 17 1 17 1 18 21 17 18 10 23 21 17
split_gain=0.898446 2.77495 1.72351 1.68437 1.48049 1.42289 1.38885 1.48496 1.38024 1.22743 1.11776 1.08237 1.51124 1.05324 1.04861 1.34846 2.01135 1.2445 1.02988 1.66342 2.31855 1.92004 1.23745 1.35285 1.20777 1.0276 1.42487 1.4925 1.13384 0.989282 1.05227 0.976583 1.23108 1.34249 1.13706 1.11415 0.966843 1.42009 1.27516 1.08404 1.16789 0.961333 1.26698 1.21394 1.09504 0.891258 1.00741 0.849247 1.06246 0.84858 0.789393 1.36891 1.08503 1.65203 0.900536 0.847199 0.786943 0.765289 1.26667 0.794641 0.761154 0.704218
threshold=3372.3600000000001 0 1 2 1756.8650000000002 3 4 5.5000000000000009 5 17.500000000000004 0.1901830603806228 2873.3150000000005 10461.670000000002 1.2629009310874248 6 2686.775000000001 7 8 11.125000000000002 63.038461538461547 9 2.5000000000000004 10 11 12 13 14 1.9051537683405548 1.5194066078253685 1376.8900000000001 3890.3900000000003 15 0.95997762378332074 16 17 1274.8450000000003 2.6666706987621476 51.519230769230781 18 19 810.31500000000017 5.5000000000000009 0.67424758947109131 901.58500000000015 2378.9450000000002 20 1563.8450000000005 21 96.062500000000014 1.4309408998764503 1.6000008328238076 22 3.5272379962922433 23 2.3872337829852004 49.029411764705891 1.2811186807971768 1.7970569889764538 2790.7650000000008 13.500000000000002 163.12500000000003 1.0909945851148015
decision_type=2 9 1 9 2 9 9 2 9 2 2 2 2 2 9 2 1 1 2 2 9 2 9 1 1 1 9 2 2 2 2 1 2 9 9 2 2 2 9 9 2 2 2 2 2 9 2 9 2 2 2 9 2 9 2 2 2 2 2 2 2 2
left_child=3 4 8 25 31 9 -5 18 11 57 -10 45 49 -6 15 17 -17 -9 22 20 -20 -21 24 -24 -8 36 27 28 -27 61 -31 -2 -33 34 -34 -35 37 -1 47 60 -41 43 -43 56 -45 -3 -47 -38 -49 -13 51 55 54 -54 -52 -28 -7 58 -4 -59 -39 -16
right_child=1 2 5 6 13 41 7 14 10 -11 -12 12 -14 -15 29 16 -18 -19 19 21 -22 -23 23 -25 -26 26 50 -29 -30 30 -32 32 33 35 -36 -37 38 39 -40 40 -42 42 -44 44 -46 46 -48 48 -50 -51 52 -53 53 -55 -56 -57 -58 59 -60 -61 -62 -63
leaf_value=-0.27216271480965865 -0.3028969873267281 0.60045648077559233 -0.093112488923841497 1.961068120766877 -0.084795718665082204 0.10276444797221949 0.6514221905782307 -0.068163420170601979 -1.9466651476710155 -0.11373602448436558 0.30093787765371172 -0.37059874121667369 0.15381046030807113 0.64122599872296604 -0.10358689585054962 0.12698018262499194 -0.060087948678303249 0.3149557139782248 -0.042729863041350138 -0.2629071486127032 -0.51521864853483135 0.024344426456199744 0.27026964652293373 -0.28399058191163251 0.10920149913135369 -0.18955227108005879 0.002796910333731706 -0.8057893155802337 0.61815993348863751 0.1246341198847329 -0.062978476132359879 -0.39822872596067393 0.048448427571721991 -0.021050669089078867 -0.27422647025637659 0.48999261060386473 -0.17904526333434348 -0.63938724583193296 -0.80650674556698976 -0.86126999815687388 0.0094094398163932173 0.23861766977533705 0.050019242375817542 2.1108125884144084 0.029298060649882985 -0.0088645098264259481 0.32846266170758548 1.9593692172650963 -0.98524127697404562 9.0283561340598342e-05 0.31864887378920059 0.0089919451818273547 -0.85098041328219731 0.31055300950158443 -0.45401979931212399 -0.39437991944355866 -0.58993927342980435 -0.42438989813430839 0.10003297522278132 0.16212311778133631 0.31213575216053191 0.027376148508238884
leaf_weight=538 826 261 2808 140 84 106 897 112 37 213 431 179 29 53 65 275 738 206 722 2021 391 4555 721 1220 1312 225 104 194 68 579 109 124 107 501 227 84 103 100 180 97 817 39 138 60 147 848 107 133 30 95 838 975 135 390 53 264 240 118 437 28 23 131
leaf_count=538 826 261 2808 140 84 106 897 112 37 213 431 179 29 53 65 275 738 206 722 2021 391 4555 721 1220 1312 225 104 194 68 579 109 124 107 501 227 84 103 100 180 97 817 39 138 60 147 848 107 133 30 95 838 975 135 390 53 264 240 118 437 28 23 131
internal_value=-0.000313051 -0.0007488 -0.000223003 -0.000123947 -0.00236503 -0.0007879 0.000156613 0.000101301 0.00098125 -0.00120265 0.0033264 0.000203982 -0.00241013 0.00241071 0.00129058 0.000344122 -0.000504429 0.00319315 -0.000117168 -0.000463144 -0.00225134 -0.000151999 0.000511678 -0.000390225 0.00132201 -0.000887784 -0.000314514 -0.002775 -0.000380068 0.00261984 0.00354559 -0.00275775 -0.00159801 -0.000908351 -0.00338617 0.000480769 -0.00177606 -0.0023685 0.000167038 -0.00121394 -0.000512406 0.00117766 0.004375 6.7446e-05 0.00315476 0.000902379 0.000116219 0.00241935 0.00461648 -0.00370036 0.000112734 -0.000733655 0.000951374 -0.00078125 0.0020274 -0.00328084 -0.00164756 -0.000953889 -0.000773553 -0.0045302 -0.00542279 -0.000251256
internal_weight=27788 8327 6321 19461 2006 4334 14194 14054 1987 3604 468 1519 303 137 2215 1331 1013 318 11839 7689 1113 6576 4150 1941 2209 5267 3246 487 293 884 688 1869 1043 919 334 585 2021 1575 446 1037 914 730 177 553 207 1216 955 266 163 274 2759 1343 1416 525 891 368 346 3391 3245 146 123 196
internal_count=27788 8327 6321 19461 2006 4334 14194 14054 1987 3604 468 1519 303 137 2215 1331 1013 318 11839 7689 1113 6576 4150 1941 2209 5267 3246 487 293 884 688 1869 1043 919 334 585 2021 1575 446 1037 914 730 177 553 207 1216 955 266 163 274 2759 1343 1416 525 891 368 346 3391 3245 146 123 196
cat_boundaries=0 2 3 5 7 9 11 13 14 15 17 19 20 21 22 24 25 26 28 29 31 32 34 36 37
cat_threshold=1454707000 2000216 1856 2298524740 31526 2688582339 82560 268435456 131072 541589637 643 543162522 589825 784 2944 604390024 328720 543490354 295049 558 2378 897 33792 10246 2168 5 1314840 32768 21 150994948 8448 8 32836 512 8192 20480 2164260928
is_linear=0
shrinkage=0.05


Tree=121
num_leaves=63
num_cat=5
split_feature=6 7 10 15 10 7 22 17 20 17 5 20 17 21 8 4 9 17 10 4 5 5 5 20 17 17 0 17 17 5 22 7 21 5 10 10 10 10 17 19 19 22 20 5 7 4 14 20 5 22 10 21 20 20 7 16 8 19 5 7 4 15
split_gain=0.837363 0.89383 0.998163 0.972796 1.91619 1.39316 1.02584 1.35926 1.42717 1.14454 0.998262 1.3766 1.60798 0.982449 1.6439 1.08271 1.44557 0.919137 1.64963 0.876078 1.085 2.01494 1.06587 1.05838 1.24341 1.08927 0.819616 1.15268 1.27633 1.1039 0.990032 0.962821 0.813366 1.03771 0.986166 1.05648 1.27385 1.48595 1.23051 1.01355 0.942648 1.21927 0.94993 1.90493 0.921788 0.919317 0.80237 0.786171 0.702182 0.675272 0.72801 0.627425 0.610305 0.606987 0.657234 0.639829 0.568524 0.559891 0.550814 0.544866 0.49811 0.412488
threshold=3372.3600000000001 1003.575 1017.1400000000001 4.5000000000000009 1710.1100000000004 720.34500000000014 8.9832184809140418 1.3721365464486655 11.500000000000002 1.3859280806057663 292.50000000000006 53.500000000000007 2.4378056449221295 79.211111111111123 828.86000000000013 0 1260.9650000000004 0.86948313337542238 3243.7350000000001 1 82.500000000000014 90.500000000000014 48.500000000000007 97.500000000000014 1.9861689471146264 2.1343281833992349 2 1.1989765425201127 1.105384465362415 157.50000000000003 12.480270107142848 2204.5350000000003 35.159663865546229 338.00000000000006 494.16000000000008 1776.7700000000002 1280.8850000000002 1114.7050000000004 2.1849692642356122 1882.6100000000004 3719.2950000000014 22.853591823755696 3.5000000000000004 312.50000000000006 536.09000000000003 3 6.5000000000000009 12.500000000000002 97.500000000000014 48.587721152379778 378.3250000000001 195.16666666666671 46.500000000000007 57.500000000000007 446.11500000000007 1.4999972783388438 754.27500000000009 3140.0350000000003 123.50000000000001 1022.7100000000002 4 2.5000000000000004
decision_type=2 2 2 2 2 2 2 2 2 2 2 2 2 2 2 9 2 2 2 9 2 2 2 2 2 2 1 2 2 2 2 2 2 2 2 2 2 2 2 2 2 2 2 2 2 9 2 2 2 2 2 2 2 2 2 2 2 2 2 2 9 2
left_child=1 3 -3 4 19 6 58 8 -8 -9 11 61 -13 15 -15 16 -7 18 -4 23 22 -22 -21 25 -25 -1 30 28 -28 -29 31 -19 40 34 48 36 37 -36 45 -38 41 42 43 57 -40 -37 60 -32 -34 50 -50 53 59 54 -35 -56 -17 -2 -5 -42 -44 -6
right_child=32 2 17 5 10 13 7 9 -10 -11 -12 12 -14 14 -16 56 -18 26 -20 20 21 -23 -24 24 -26 -27 27 29 -30 -31 47 -33 33 51 35 38 39 -39 44 -41 52 -43 46 -45 -46 -47 -48 -49 49 -51 -52 -53 -54 -55 55 -57 -58 -59 -60 -61 -62 -63
leaf_value=-0.48605507398028713 0.069977790536407278 4.1258507654869634 0.65878530520727452 0.031570352266295391 -0.057252165121376208 0.87605996166868716 0.079475580812356575 0.43079801866498518 -0.022726881667408175 0.044124256598579242 -0.95833340545370127 -0.15145590133893594 0.73397612839535575 4.4628498623193629 -0.019183208080909255 0.072991762396427615 0.052551085388280683 0.37008354401234911 -0.27692980875619977 -0.010603277100022979 1.1600660882520064 0.0053868450690401914 -0.33356267561809894 0.10499995650042848 -0.53499404457510524 -0.24048041643779108 -0.00073997965937633303 0.0018191916401796961 1.1641563082380564 -0.23688970764236075 -1.0860753805453942 6.5288971431858105 -0.79791987727599722 -0.18177275838298065 0.032290330445228312 -0.17217564720270692 0.081656563906843976 -0.30075708037008547 -0.34610956832233608 0.23876687434990984 -0.63736764670169022 -0.2982523534058153 -0.12844725244766533 2.7845638954063063 0.2696357714427805 -0.011805921895320993 -0.45440861253656134 -0.0013261852320120228 1.5343279259554827 -0.37479218067648079 -0.68346553174841596 1.5890764543806171 -0.085680447569706081 -0.72006529413813691 -0.37451867657462118 0.39404318640726754 -0.057545830633847044 -0.48480375481128529 -0.21671363267386232 -0.040811460408615829 -0.0068457612243214786 -0.6349071642486277
leaf_weight=270 490 28 25 33 49 63 78 31 2204 1316 109 445 101 39 39 109 177 1378 31 1294 384 5965 938 795 523 651 68 352 29 311 51 40 102 44 1028 815 767 416 56 230 176 67 1112 28 293 1396 28 797 62 56 34 25 83 174 29 35 300 71 154 41 669 284
leaf_count=270 490 28 25 33 49 63 78 31 2204 1316 109 445 101 39 39 109 177 1378 31 1294 384 5965 938 795 523 651 68 352 29 311 51 40 102 44 1028 815 767 416 56 230 176 67 1112 28 293 1396 28 797 62 56 34 25 83 174 29 35 300 71 154 41 669 284
internal_value=-0.000304055 -0.000121378 0.000650498 -0.00027134 -0.000512234 0.000343709 -2.61849e-05 0.00014799 -0.000579869 0.00141667 -0.00262361 -0.00196995 -0.000318761 0.00234589 0.00771605 0.00159126 0.0041502 0.00054295 0.00677966 -0.000314146 -7.70887e-05 0.000249921 -0.00102908 -0.00119338 -0.000246026 -0.00250271 0.000404424 -0.000982962 0.003875 -0.00178303 0.000892464 0.00170654 -0.00072479 -0.000363881 -0.000187809 -2.2482e-05 0.000710925 -0.000207326 -0.000741319 0.0020875 -0.00143154 -0.00107881 -0.000864223 0.00082348 0.00195312 -0.00119128 -0.00144178 -0.000411281 -0.00321012 -0.000645161 0.00151515 -0.00318548 -0.00412541 -0.00394737 -0.00045045 0.00223881 0 6.64894e-05 -0.00361842 -0.00551136 -0.00126822 -0.00450149
internal_weight=27788 19461 3110 16351 11808 4543 3816 3629 2282 1347 988 879 546 727 78 649 240 3082 56 10820 8581 6349 2232 2239 1318 921 3026 760 97 663 2266 1418 8327 5562 5255 5001 2441 1444 2560 997 2765 2465 2398 589 349 2211 1809 848 254 152 96 307 300 282 108 64 409 561 187 217 1781 333
internal_count=27788 19461 3110 16351 11808 4543 3816 3629 2282 1347 988 879 546 727 78 649 240 3082 56 10820 8581 6349 2232 2239 1318 921 3026 760 97 663 2266 1418 8327 5562 5255 5001 2441 1444 2560 997 2765 2465 2398 589 349 2211 1809 848 254 152 96 307 300 282 108 64 409 561 187 217 1781 333
cat_boundaries=0 1 2 3 4 5
cat_threshold=17 34 1 3 28
is_linear=0
shrinkage=0.05


Tree=122
num_leaves=63
num_cat=22
split_feature=15 1 1 20 17 18 1 22 6 1 2 20 4 2 22 1 20 20 23 1 2 22 22 9 15 7 7 1 11 1 2 16 7 20 2 1 20 2 23 2 11 1 22 22 17 1 11 17 9 18 1 11 17 9 18 9 4 16 23 7 2 22
split_gain=0.870853 2.01811 1.7714 2.45397 1.85744 1.36075 1.27372 1.27208 1.22481 1.18649 1.27326 1.6925 1.24836 1.17297 1.32875 1.27664 1.12989 1.38495 1.05481 2.6505 1.60877 1.33048 1.78172 1.17124 1.14068 1.06448 1.05762 1.72613 1.46278 1.33831 1.25695 1.02622 1.02278 1.01425 1.4001 1.53 1.20088 1.54381 1.32676 1.24838 1.10684 1.09684 1.20463 1.08271 1.1111 1.00071 0.999309 0.938187 1.03162 0.906106 0.876528 0.790975 0.760152 0.753164 1.22336 0.743059 0.714233 0.702408 2.04039 1.10728 1.17638 1.02292
threshold=3.5000000000000004 0 1 195.50000000000003 1.033226954763961 0.67424758947109131 2 23.306191382379723 8525.1000000000022 3 4 57.500000000000007 5 6 8.1906610443835444 7 109.50000000000001 46.500000000000007 2.5000000000000004 8 9 43.457833800421675 82.043279085338028 1277.345 2.5000000000000004 627.74500000000012 915.83000000000015 10 1637.0050000000003 11 12 1.5879128036625263 412.55000000000007 126.50000000000001 13 14 152.50000000000003 15 4.5000000000000009 16 878.35000000000014 17 -1.0000000180025095e-35 80.439779452998735 2.5912538733880139 18 1130.6050000000002 0.65639299585569477 934.96500000000015 4.8262535837255855 19 2397.9750000000004 2.012992107339699 1781.1200000000001 1.8477200211114713 360.22500000000008 20 1.9999912401403066 15.500000000000002 454.0750000000001 21 30.750855838344119
decision_type=2 9 9 2 2 2 9 2 2 9 1 2 9 1 2 9 2 2 2 9 1 2 2 2 2 2 2 9 2 9 1 2 2 2 1 9 2 1 2 1 2 9 2 2 2 9 2 2 2 2 9 2 2 2 2 2 9 2 2 2 1 2
left_child=1 33 13 4 5 16 49 -8 18 12 11 -11 -6 57 32 47 17 -4 26 21 24 25 -23 -22 -21 -20 27 52 -29 -28 -31 -14 -15 34 35 -1 38 40 39 51 -38 42 -39 44 45 -36 -42 -16 -49 -7 -46 -35 -3 56 -55 -37 -17 61 59 60 -59 -2
right_child=2 8 3 -5 9 6 7 -9 -10 10 -12 -13 31 14 15 53 -18 -19 19 20 23 22 -24 -25 -26 -27 29 28 -30 30 -32 -33 -34 36 43 55 37 41 -40 -41 46 -43 -44 -45 50 -47 -48 48 -50 -51 -52 -53 -54 54 -56 -57 -58 58 -60 -61 -62 -63
leaf_value=0.62108755104817992 0.010100087539891512 -0.29805926652469877 -0.41617873173984049 4.8557956633644439 -0.1374303215214546 -0.14461013397959271 -0.054328647421055011 0.12334020612096826 -0.80529186339330261 0.26216178813813401 0.0094635398147818964 0.016472180592190713 0.0342315394474106 -0.418794588552869 -0.24086185484461275 -0.26941217071762585 -0.087355327370431723 0.38593972689150036 1.4529292066749582 -0.8468211159515221 -0.5890805839707135 -0.61843091019587781 2.2405131953811463 0.16743512036092911 0.077925715330100342 0.055840019376799437 0.69883468432378493 0.10588744912735422 -0.28370471942900116 -0.18900933922976329 0.22575067037375529 0.82686171689839039 -0.14161409767289967 1.8521639567160535 -0.32861336481246117 1.2670196056743324 2.8763045371880276 1.0954407249589877 -0.82384318978056115 -0.0039454363134769467 -2.0199597649966257 -0.51761489816564044 -0.43711863673099888 0.70948280559808696 -0.019482994318624238 -1.2213173120687792 0.13101254718590419 0.047125362778482852 -0.029897444872747772 0.094652054722537932 -0.64543302618439924 0.54776517891898424 -0.076656177743333137 0.26616382183044252 -0.087351721802632731 -0.85958313241113415 -0.020026637675705495 0.337948005907586 0.49981953000670565 -0.042641505027975417 -0.003123710618782383 -0.2393152657497879
leaf_weight=209 1307 1389 34 35 118 608 325 322 49 274 2427 291 221 84 230 480 55 104 100 241 767 202 94 146 571 101 745 3823 716 814 1302 146 133 77 152 39 63 229 35 150 28 275 359 64 283 255 102 1370 1504 36 389 36 1811 61 89 220 267 184 44 496 174 533
leaf_count=209 1307 1389 34 35 118 608 325 322 49 274 2427 291 221 84 230 480 55 104 100 241 767 202 94 146 571 101 745 3823 716 814 1302 146 133 77 152 39 63 229 35 150 28 275 359 64 283 255 102 1370 1504 36 389 36 1811 61 89 220 267 184 44 496 174 533
internal_value=-0.000280666 -0.000524023 3.76412e-05 0.000758634 0.000652196 -0.000806994 -0.00142002 9.4697e-05 -0.0002474 0.00128951 0.000881864 0.00300606 0.00358936 -0.000473526 -0.000998582 -0.000777348 0.00299745 0.00549645 -0.000212476 -0.00120225 -0.00213608 0.00193627 0 -0.00357721 -0.000424242 0.00508578 0 -0.000308383 0.000310303 0.000816166 0.000140911 0.00503289 -0.00482955 -0.00169997 -0.00256351 -0.00010395 -0.000644805 -0.00146364 0.00207641 0.00343045 0.0023665 -0.00238299 -0.000998336 -0.00349265 -0.00391636 -0.00606707 0 -0.000272698 -8.68961e-06 -0.00296804 -0.00251852 0.00704365 -0.00119826 -0.00243132 0.000490196 -0.0027114 -0.00311667 0.000318066 0.00147059 0.000845974 0.00297784 -0.000217037
internal_weight=27788 15836 11952 4996 4961 1484 1291 647 12871 3477 2992 565 485 6956 4218 4001 193 138 12822 2222 1725 497 296 913 812 201 10600 7739 4539 2861 2116 367 217 2965 1611 468 1354 1056 298 263 193 863 588 1143 1079 407 130 3104 2874 644 672 113 3200 897 150 259 747 2738 898 854 358 1840
internal_count=27788 15836 11952 4996 4961 1484 1291 647 12871 3477 2992 565 485 6956 4218 4001 193 138 12822 2222 1725 497 296 913 812 201 10600 7739 4539 2861 2116 367 217 2965 1611 468 1354 1056 298 263 193 863 588 1143 1079 407 130 3104 2874 644 672 113 3200 897 150 259 747 2738 898 854 358 1840
cat_boundaries=0 2 4 6 8 9 10 11 13 15 16 18 20 21 22 24 25 26 28 30 32 33 34
cat_threshold=2184544576 1326148 1962996779 580526 33554820 73744 1114368 1187856 1033 4 1860 553697321 4768 478150682 197153 902 8941724 545 21520424 16913 3218 2078 2392320 13312 384 626 2181366080 266240 2097216 266244 2150629376 263168 22 260
is_linear=0
shrinkage=0.05


Tree=123
num_leaves=57
num_cat=13
split_feature=19 22 7 1 1 10 18 2 10 1 4 1 7 8 9 8 22 5 5 5 23 2 2 1 1 8 5 11 10 9 5 18 21 11 10 1 10 16 5 7 21 7 5 9 1 2 10 21 10 19 11 18 9 5 21 22
split_gain=0.701699 1.04041 0.684443 1.40434 1.27257 1.13452 1.49833 1.32832 2.83586 1.82912 1.75576 1.60775 1.10833 1.08653 1.03137 1.02625 1.10993 0.974097 0.960174 0.935762 0.874739 0.863483 0.851308 1.55988 1.55918 1.37024 1.33523 1.98557 1.15745 1.12933 1.0912 1.06902 1.0563 1.05693 0.995077 0.789693 1.03968 1.00926 0.718791 0.862093 0.693736 0.668264 0.570247 0.560606 0.518013 0.541803 0.684638 0.5338 0.464491 0.40961 0.395507 0.367099 0.353982 0.325314 0.176551 0.124446
threshold=6498.8750000000009 14.890784036793976 540.5350000000002 0 1 2262.1850000000004 2.0557161043590901 2 2166.3750000000005 3 4 5 755.94000000000017 1401.0800000000002 602.14999999999998 545.35000000000014 125.19750436084043 82.500000000000014 355.50000000000006 319.50000000000006 12.500000000000002 6 7 8 9 461.80000000000007 81.500000000000014 578.17000000000019 410.90000000000003 436.63000000000005 180.50000000000003 1.0731719385368315 265.75000000000006 4055.1450000000004 1620.3850000000004 10 3082.8750000000005 1.2861958981948793 181.50000000000003 720.80000000000018 53.041666666666679 377.94500000000005 359.50000000000006 1059.3850000000002 11 12 1308.1550000000002 217.16666666666671 1108.3400000000004 1120.8550000000002 3181.0800000000004 0.14270484724171437 2718.2050000000004 243.50000000000003 49.029411764705891 15.39805148244171
decision_type=2 2 2 9 9 2 2 1 2 9 9 9 2 2 2 2 2 2 2 2 2 1 1 9 9 2 2 2 2 2 2 2 2 2 2 9 2 2 2 2 2 2 2 2 9 1 2 2 2 2 2 2 2 2 2 2
left_child=2 -2 4 12 22 7 13 8 11 10 -9 -6 44 21 -11 40 18 55 19 -17 35 -7 23 32 25 31 29 -28 51 -25 -27 -24 33 -1 -30 36 -14 -37 48 -40 -5 -19 -20 -3 47 50 -47 49 -18 -4 -46 -26 -15 -42 -22 -8
right_child=1 43 3 15 5 6 17 9 -10 14 -12 -13 20 52 -16 16 38 41 42 -21 54 -23 24 26 28 30 27 -29 34 -31 -32 -33 -34 -35 -36 37 -38 -39 39 -41 53 -43 -44 -45 45 46 -48 -49 -50 -51 -52 -53 -54 -55 -56 -57
leaf_value=-0.07128708248033036 -0.58930886102489066 -0.49453368239241002 -0.50429494156528276 0.023831677396836962 0.10656755127607483 -0.090991903317719919 -0.40987036166361301 0.13828134574324 0.51355972196720201 -0.47118260104758286 -0.10774387648347031 -0.048824073959147542 0.076818082265769055 1.0094878309687481 -0.035188032941732762 0.001162063384665224 0.98030781850714632 -0.038495366240105966 -0.94217298801508031 0.14681239278007469 0.0055908268848345877 -0.32402491154696167 0.077919234416759062 1.1154844756910964 -0.75213552570103737 -0.014065063316622429 5.3905045909899885 0.28007796244386757 0.00024496180679918212 -0.57160151463314068 0.41634265289872119 -0.21291608282238439 1.8168539903952734 0.066181729033728764 -0.23794999332188196 1.1903785313130071 -0.3304672011069727 -0.24650715657905595 1.3433868169187861 -0.9501007681002378 0.40887508161782193 0.13840361126231998 -0.020500802210551373 0.063593024455679811 -0.37119398741902643 -0.15269405791209323 0.12386020351421366 0.39557047286681313 2.0578118358145838 -0.18001370337337941 0.27892611460652317 -1.2269475296367267 -0.36822649037682942 0.53367974817124331 0.33821338116810012 -0.14523581959406157
leaf_weight=808 65 30 321 36 929 130 27 826 40 670 3117 3177 1036 26 424 10102 48 114 80 859 23 303 340 124 31 76 94 537 496 156 118 127 27 96 148 24 195 765 22 40 33 93 66 30 91 183 217 32 74 123 20 114 22 22 21 40
leaf_count=808 65 30 321 36 929 130 27 826 40 670 3117 3177 1036 26 424 10102 48 114 80 859 23 303 340 124 31 76 94 537 496 156 118 127 27 96 148 24 195 765 22 40 33 93 66 30 91 183 217 32 74 123 20 114 22 22 21 40
internal_value=-0.000282466 -0.00400391 -0.00026341 -2.16473e-05 -0.000523313 -0.000806452 -0.00268799 -0.000646364 6.01106e-06 -0.00119059 -0.000666709 -0.0001156 -0.000975033 -0.00436467 -0.00300361 0.000230364 0.000182619 9.02527e-05 0.000113636 0.000172154 -0.000290276 -0.00518922 0.0003177 0.00103774 -0.00056391 0.0011684 0.00250271 0.00380521 -0.00207294 -0.000176678 0.00469543 -0.00018617 -0.000357521 -0.000716648 -0.00108192 -0.0004696 0.000291399 -0.00169888 0.0040107 0 0.00545213 0.00196429 -0.00385906 0 -0.00236111 -0.00102576 0 -0.00357873 0.0062 -0.0041387 -0.00393145 -0.00616554 0.00196078 0.00883621 0.00638298 -0.00482143
internal_weight=27788 125 27663 14433 13230 9938 755 9183 4146 5037 3943 4106 3051 481 1094 11382 11291 274 11107 10961 2064 433 3292 1842 1450 661 911 631 789 280 194 467 931 904 644 2020 1231 789 184 62 91 207 146 60 987 511 400 476 122 444 111 145 48 55 44 67
internal_count=27788 125 27663 14433 13230 9938 755 9183 4146 5037 3943 4106 3051 481 1094 11382 11291 274 11107 10961 2064 433 3292 1842 1450 661 911 631 789 280 194 467 931 904 644 2020 1231 789 184 62 91 207 146 60 987 511 400 476 122 444 111 145 48 55 44 67
cat_boundaries=0 2 4 5 7 8 10 11 12 14 16 18 20 21
cat_threshold=17154384 566734 425280372 238814 1799 2793410689 21248 16 36078603 262144 3105 2800 524640 41100 590144 41092 17072400 128 262160 33156 546
is_linear=0
shrinkage=0.05


Tree=124
num_leaves=63
num_cat=12
split_feature=15 21 2 7 11 15 13 5 15 10 22 22 0 10 2 2 19 10 11 18 2 4 7 18 2 5 5 7 17 7 7 19 5 18 17 2 19 18 4 2 15 7 17 21 8 11 5 7 19 4 2 10 21 18 22 17 11 17 5 5 11 19
split_gain=0.679119 1.17047 2.23489 1.1257 1.21279 1.89494 1.11382 1.47298 1.1165 1.09571 1.03931 2.10763 1.99013 2.97327 2.70585 2.31023 2.00313 1.62568 1.60468 1.33044 1.72692 1.43686 1.27434 1.26469 1.5198 1.16286 1.13471 1.29154 1.12574 1.663 1.88736 1.12232 1.06385 1.04438 1.03058 1.3693 1.34747 1.69033 1.27248 1.09633 1.75291 1.42221 1.20058 1.07732 1.78555 1.14588 1.02672 1.00513 0.995987 0.985259 1.39337 1.77821 1.45157 0.942104 0.939107 0.934955 0.929265 0.905002 0.898955 1.52481 1.0454 0.886743
threshold=3.5000000000000004 34.975000000000009 0 545.35000000000014 8259.4900000000016 6.5000000000000009 1.5000000000000002 314.50000000000006 11.500000000000002 2977.9300000000003 1.0000000180025095e-35 37.074474514865443 1 851.33500000000015 2 3 1425.2800000000002 410.90000000000003 1665.7000000000003 0.46640980800662618 4 5 1.0000000180025095e-35 0.63547917525297692 6 10.500000000000002 271.50000000000006 1018.3150000000002 2.1590561702640341 164.53500000000003 270.34000000000009 495.87999999999994 118.50000000000001 0.85960813509518952 2.0296710988017153 7 548.81000000000029 0.57070134273488338 8 9 5.5000000000000009 342.65000000000003 1.120219369373997 81.387500000000017 1.0000000180025095e-35 1582.8400000000004 168.50000000000003 1853.3100000000002 109.92000000000009 10 11 2388.3750000000005 143.10000000000002 0.73342908001079177 24.625226419590241 2.1465892403867488 2546.0350000000008 2.0647916664006893 333.50000000000006 319.50000000000006 1507.4750000000001 3608.4750000000008
decision_type=2 2 1 2 2 2 2 2 2 2 2 2 1 2 1 1 2 2 2 2 1 9 2 2 1 2 2 2 2 2 2 2 2 2 2 1 2 2 9 1 2 2 2 2 2 2 2 2 2 9 1 2 2 2 2 2 2 2 2 2 2 2
left_child=10 2 6 -4 5 -5 7 8 -2 -7 12 18 15 19 48 16 17 22 23 20 21 -14 -1 -12 33 -19 -18 -28 47 -30 -31 32 -16 -25 39 36 46 -38 54 40 43 42 -42 45 -45 -3 -36 -17 -15 50 52 -52 -13 -39 55 -37 -43 -26 59 -41 -61 -51
right_child=1 34 3 4 -6 9 -8 -9 -10 -11 11 49 13 14 31 28 26 25 -20 -21 -22 -23 -24 24 57 -27 27 -29 29 30 -32 -33 -34 -35 35 38 37 53 -40 58 41 56 -44 44 -46 -47 -48 -49 -50 61 51 -53 -54 -55 -56 -57 -58 -59 -60 60 -62 -63
leaf_value=1.0982013605728198 -0.28726445043468785 -0.69766302663242818 -0.019982420384982193 -0.0061334568251968594 -0.026107028970904889 0.06080467337483153 -0.22329038097235332 0.38177244183536074 0.11685332388248987 0.16136351675717303 -0.40800117229508293 -0.65739029442314312 2.5097703500462032 0.49524378756338905 -0.41468500737885283 -0.28898501042534175 -0.1137254197504337 -0.5380873693716709 -0.5291062533057872 0.36228440116482652 -1.1342050671878041 -0.3839486252266518 -1.1517166805198664 -1.4640138329878889 1.1267813824681547 0.53970491310986979 0.044923192696793991 1.663993249464891 1.7976853060174212 -1.4182157091071563 -0.00177810289686704 -1.4961421162972983 -1.7021146184111058 0.43944554779744538 -0.68268740053139543 -0.10690970423317694 -0.033350730856539459 1.341266343150425 0.77313558439432295 0.012165128607495924 0.0091937305602989745 0.28073683704444169 -0.21166664575788482 1.3503259463940069 -0.093485031793352394 -0.19037497853442567 -0.0041110673122261689 2.7232599672409461 -0.75070289141645863 -0.085738284760622827 0.1663502745772199 2.8280125625678654 0.1581170419834475 0.02526826135029854 -0.090808821126768191 0.49962636699986213 0.019050568889243637 -0.68083472102310771 -0.46042352261460878 0.64065238464952001 0.076235050537977508 1.3253585217772486
leaf_weight=78 246 127 651 115 167 40 295 40 66 98 457 142 108 309 301 1466 1510 87 923 770 413 149 96 51 167 2394 313 40 144 140 2215 201 290 51 109 30 113 50 230 5608 253 116 222 37 865 679 225 24 172 2304 310 29 126 20 189 63 888 30 49 38 323 26
leaf_count=78 246 127 651 115 167 40 295 40 66 98 457 142 108 309 301 1466 1510 87 923 770 413 149 96 51 167 2394 313 40 144 140 2215 201 290 51 109 30 113 50 230 5608 253 116 222 37 865 679 225 24 172 2304 310 29 126 20 189 63 888 30 49 38 323 26
internal_value=-0.000255478 2.50941e-05 -0.00117664 0.000196033 0.00224586 0.00444336 -0.00346591 -0.00140845 -0.00269841 0.00833333 -0.000470358 -0.00110414 -0.000204936 -0.00138531 -0.00314459 0.000165981 0.0009435 0.00182938 -0.00251932 0.0001386 -0.00144874 0.00162037 -0.00268362 -0.000724638 0.00169702 0.00216888 -0.000288049 0.00221208 -0.000702774 -3.4972e-05 -0.000376378 -0.00490683 -0.00368266 -0.00282609 0.000232002 0.00173207 -2.35849e-05 0.00329301 0.00352381 5.83732e-05 -0.000683594 0.000548246 -0.00164749 -0.00178258 -0.000524862 -0.00312114 -0.00200297 -0.00179169 -2.53036e-05 -0.000276361 0.00147177 0.00358665 -0.00106762 0.00924658 0.000932203 0.00507813 0.00163853 0.00422619 0.000460123 0.000525368 0.00367445 -0.000757576
internal_weight=27788 11952 1718 1071 420 253 647 352 312 138 15836 4616 11220 2713 1273 8507 4518 2655 1679 1440 670 257 174 756 299 2481 1863 353 3989 2499 2355 792 591 102 10234 1029 517 183 512 9205 3187 1479 475 1708 902 806 334 1490 481 2937 607 339 268 70 282 93 1004 197 6018 5969 361 2330
internal_count=27788 11952 1718 1071 420 253 647 352 312 138 15836 4616 11220 2713 1273 8507 4518 2655 1679 1440 670 257 174 756 299 2481 1863 353 3989 2499 2355 792 591 102 10234 1029 517 183 512 9205 3187 1479 475 1708 902 806 334 1490 481 2937 607 339 268 70 282 93 1004 197 6018 5969 361 2330
cat_boundaries=0 1 2 3 4 5 6 7 8 9 10 11 12
cat_threshold=2310 1 655 2349 2258 24 2305 1797 19 2104 2 3906
is_linear=0
shrinkage=0.05


Tree=125
num_leaves=63
num_cat=24
split_feature=1 22 1 4 16 22 3 22 22 19 1 5 11 2 19 10 11 1 19 5 10 19 4 1 18 2 20 1 23 22 2 1 2 1 22 4 16 16 5 18 1 18 2 22 18 20 2 17 10 19 19 4 2 2 19 10 4 4 7 10 17 17
split_gain=0.78993 0.905426 1.00519 1.06825 0.969113 0.841417 2.18255 0.81795 1.09767 0.671371 1.76473 1.56624 2.01109 1.27527 1.10247 1.23636 1.00233 0.798403 1.06002 1.13702 1.11783 0.740809 0.682776 2.26461 1.4091 1.51648 1.32676 1.39633 1.27948 1.24537 1.02993 0.941735 1.59885 2.50124 1.19018 1.40412 1.2966 1.14129 1.11516 0.99496 0.984304 0.974052 0.928801 0.88156 0.833894 0.727768 0.742679 0.708732 0.66953 0.646991 1.92019 1.5892 1.09402 0.848405 0.683787 0.683386 0.64106 0.593371 0.794249 0.726567 0.586677 1.0839
threshold=0 35.30416301045949 1 2 1.7999345622872016 26.79195804226525 3 78.66546581242379 65.04741828570269 2003.0250000000001 4 74.500000000000014 720.89000000000021 5 2976.190000000001 1061.0500000000002 6285.6000000000013 6 2921.7400000000002 181.50000000000003 1362.6300000000003 2066.6600000000003 7 8 1.4920382165605097 9 1.0000000180025095e-35 10 3.5000000000000004 -1.0000000180025095e-35 11 12 13 14 24.22724502732645 15 0.60002082103623622 1.5000989906210365 201.50000000000003 1.3627821321512077 16 3.1792533513583119 17 20.938356236560598 1.1411304832847533 456.50000000000006 18 1.5098423902557407 992.01500000000021 505.11999999999995 276.29000000000008 19 20 21 383.01499999999982 2873.3150000000005 22 23 567.58500000000015 290.82500000000005 2.1343281833992349 1.4980687380625093
decision_type=9 2 9 9 2 2 1 2 2 2 9 2 2 1 2 2 2 9 2 2 2 2 9 9 2 1 2 9 2 2 1 9 1 9 2 9 2 2 2 2 9 2 1 2 2 2 1 2 2 2 2 9 1 1 2 2 9 9 2 2 2 2
left_child=1 5 3 -3 -5 49 -7 8 -6 22 13 12 -12 17 -14 -16 21 -11 20 -20 -19 -13 23 24 28 -26 -25 47 29 -2 -29 34 33 38 45 36 -36 -35 -33 -37 41 -34 -30 -27 -42 46 -24 -28 -8 50 51 55 -51 -53 -52 -1 60 58 -54 -59 61 -15
right_child=9 2 -4 4 7 6 48 -9 -10 10 11 16 14 56 15 -17 -18 18 19 -21 -22 -23 31 26 25 43 27 30 42 -31 -32 32 40 37 35 39 -38 -39 -40 -41 44 -43 -44 -45 -46 -47 -48 -49 -50 52 54 53 57 -55 -56 -57 -58 59 -60 -61 -62 -63
leaf_value=-0.090860719773967702 -0.71276308008975708 0.1392375676452737 -0.47260899710999493 -0.66910531341869151 -0.20196683560465642 0.3509439448756041 0.10126608336413155 -0.45386674799211452 1.0716045297951735 -0.12154259236746193 -1.3240279494784832 -0.50056013074609973 -0.26627844874346723 -0.11913532889339572 0.72489898057563817 0.0072821432318512349 -0.25663240706209189 0.40888524281476468 0.028381784472997041 1.4441493609214004 -0.29406362755472204 0.13698603383353891 -0.016195844143499727 0.9050041640055867 -0.14523732874810663 0.32541374218619912 -0.027459734266320493 -0.016886360278065383 -0.36965590432888401 0.038179179767460526 0.1497517574381306 0.17850070193094825 -0.19231754556614719 -0.047219311284533744 0.78407330413151533 0.029222822918059423 -0.17986598236057427 0.046625963591232993 1.8207913583833346 0.12281071015748105 0.0077107138481483876 0.57744210685185615 -0.040308058781663547 0.022804166339518872 -0.042067239569096859 1.4680514812577052 -0.20487510270016501 0.14306165220325653 -0.3360458839625533 -0.43238160596598796 1.4549716067145555 -0.064830831400561104 -0.48563560235202607 0.24717828824060703 0.18402530393595429 -0.10588904467518789 -0.37090840285613108 -1.5499266463919907 0.12259498712464847 0.14654645110529385 -0.52678170488624498 0.6283386739422121
leaf_weight=401 455 235 302 119 118 191 52 49 28 135 108 90 178 111 26 62 55 97 36 30 39 993 830 181 120 146 880 159 211 588 412 983 812 1211 34 553 624 3131 41 215 4635 32 170 138 2444 40 1657 951 88 418 54 111 158 194 74 155 640 42 93 380 202 71
leaf_count=401 455 235 302 119 118 191 52 49 28 135 108 90 178 111 26 62 55 97 36 30 39 993 830 181 120 146 880 159 211 588 412 983 812 1211 34 553 624 3131 41 215 4635 32 170 138 2444 40 1657 951 88 418 54 111 158 194 74 155 640 42 93 380 202 71
internal_value=-0.000237487 -0.000969466 -0.00238583 -0.000911922 -0.00282875 -0.000450497 0.00183383 -0.000441919 0.0011745 -0.000137536 -0.000856224 0.000295082 -0.00245358 -0.00215611 0 0.0043956 0.0012489 0.000392857 0.00244186 0.0076087 0 0.00162293 -3.98273e-05 0.000511415 -0.000814775 0.0017199 0.00146861 0.00113306 -0.00157673 -0.000609465 0.00327483 -0.000184005 1.40956e-05 0.000683212 -0.000860439 0.000262421 -0.00137854 0.000143513 0.00289296 0.00172855 -0.000433153 -0.00204201 -0.00406901 0.0037037 -0.000230894 -0.0015168 -0.00164157 0.000413503 -0.00261438 -0.000840134 3.78024e-05 -0.000766782 -0.00167962 0.00200472 0.00572519 -0.00237258 -0.00303761 -0.000309767 -0.00222538 0.000747126 -0.0011335 0.000675676
internal_weight=27788 3262 851 549 314 2411 331 195 146 24526 2873 1512 374 1361 266 88 1138 337 202 66 136 1083 21653 4411 1828 404 2583 2402 1424 1043 571 17242 13289 5366 3953 1426 658 4342 1024 768 7923 844 381 284 7079 2527 2487 1831 140 2080 989 861 1091 305 128 556 1024 673 251 422 384 182
internal_count=27788 3262 851 549 314 2411 331 195 146 24526 2873 1512 374 1361 266 88 1138 337 202 66 136 1083 21653 4411 1828 404 2583 2402 1424 1043 571 17242 13289 5366 3953 1426 658 4342 1024 768 7923 844 381 284 7079 2527 2487 1831 140 2080 989 861 1091 305 128 556 1024 673 251 422 384 182
cat_boundaries=0 2 4 5 6 8 9 11 12 14 15 17 18 20 21 23 24 26 27 28 29 30 31 32 33
cat_threshold=2396160 789828 299008 1028 10 10 873988456 33306 1800 0 528 48 142682014 147641 3456 2789736448 70146 84 2332165237 1060864 816 343933192 196736 9 343932928 131200 111 3210 28 2760 93 3 9
is_linear=0
shrinkage=0.05


Tree=126
num_leaves=63
num_cat=23
split_feature=20 1 15 1 2 1 2 1 7 21 17 1 17 16 21 20 16 1 1 22 2 20 2 9 20 22 8 20 2 1 1 1 22 1 5 18 4 1 11 2 17 20 1 20 6 20 17 2 5 17 5 21 9 16 7 1 2 18 5 18 22 6
split_gain=0.727523 3.28816 1.95142 2.7111 2.60887 2.18455 1.92175 2.5384 2.87529 2.07545 1.9007 1.83469 1.67142 1.56545 1.49033 1.77384 1.44626 2.33234 1.58678 1.44074 1.38853 2.48006 1.30934 1.87532 1.28254 1.3673 1.20389 1.21691 1.15551 2.41921 1.60902 1.17169 1.59392 1.11196 1.01661 1.00421 0.979517 1.39657 1.25315 0.974008 0.97742 0.965046 1.04766 1.02059 0.9544 1.31045 1.03295 0.938172 0.935525 0.914274 0.97442 0.906513 0.870775 0.864377 1.49892 0.929951 0.85163 0.844195 0.840083 0.89392 0.887549 0.836428
threshold=35.500000000000007 0 5.5000000000000009 1 2 3 4 5 1.0000000180025095e-35 87.071428571428584 1.1705396739282936 6 1.4567594701162419 1.4992175054924799 99.062500000000014 143.50000000000003 1.7142820356028439 7 8 11.746108768714258 9 69.500000000000014 10 530.99000000000012 40.500000000000007 15.778413468722329 410.72500000000008 28.500000000000004 11 12 13 14 45.015182622417356 15 133.50000000000003 0.12776461168803829 16 17 1226.7950000000003 18 2.4378056449221295 81.500000000000014 19 105.50000000000001 3372.3600000000001 238.50000000000003 1.845928925791908 20 313.50000000000006 2.335164734940534 84.500000000000014 217.16666666666671 905.59000000000003 1.9996537278917244 145.52500000000001 21 22 4.1017865256424857 263.50000000000006 0.16988394426345946 101.09607439864361 4496.4800000000005
decision_type=2 9 2 9 1 9 1 9 2 2 2 9 2 2 2 2 2 9 9 2 1 2 1 2 2 2 2 2 1 9 9 9 2 9 2 2 9 9 2 1 2 2 9 2 2 2 2 1 2 2 2 2 2 2 2 9 1 2 2 2 2 2
left_child=1 26 5 4 12 14 7 48 9 -9 41 -8 19 24 15 39 17 -13 -18 -4 21 -15 33 -24 -12 -26 -1 -28 29 -7 49 47 -33 -17 -19 -20 44 51 -39 -2 -41 42 -5 -43 46 -46 -16 -32 56 61 -51 -38 -14 54 -10 -55 -3 -44 59 -31 -60 -30
right_child=2 6 3 10 -6 28 11 8 53 -11 13 16 52 20 36 22 18 34 35 -21 -22 -23 23 -25 25 -27 27 -29 30 58 31 32 -34 -35 -36 -37 37 38 -40 40 -42 43 57 -45 45 -47 -48 -49 -50 50 -52 -53 -54 55 -56 -57 -58 -59 60 -61 -62 -63
leaf_value=-0.10670465457797418 -0.45563302241651232 -0.089278876137636062 0.06587982534652248 -0.12899915029723444 0.063374529115665018 -0.26390290019091722 -0.46312941605513291 0.65586043948669115 -0.51232891575487194 -0.078113148493203971 0.22537523051927835 -0.23585553451913871 0.4071936623296013 0.5124788722605097 0.13224387363927548 -0.2522659509330481 0.08664119965615491 -0.061895118753138426 -1.1065885353883147 -0.190306389570293 0.10611679067148057 0.17545579574595982 -1.8236267826385513 0.11433572474025198 -0.073172594249975825 0.082336769043408975 0.4195426813996605 0.75688715417501773 0.21284142354985108 2.4021688232326626 -0.25065765481266972 0.010505353824555641 0.25901146170349137 1.8811592194110318 0.041535588264326864 -0.080131135667846118 0.80071408017321422 0.7700416491030766 -0.25309844661983194 -0.28012243274006038 0.14746556813036379 0.40862781401650711 0.058216932138407534 -0.064602049375502277 -0.52971757426643151 0.55097938245054079 -0.55667440895592935 -0.022375859068602469 0.056305421537689075 -0.12546645936055434 2.3771169595678168 -0.50358276506510158 -0.01177901071713805 -0.08136132172436783 0.000118490750034006 0.40547402720062586 -0.42801371717337777 -0.30259564455398352 0.11618472134924006 -0.10633043277229995 -0.38235691091429092 -0.074490182727031853
leaf_weight=126 641 387 48 266 953 2091 735 101 49 47 99 508 44 138 361 103 659 263 109 572 174 72 150 267 86 266 585 55 223 48 492 4323 1240 165 240 1778 283 59 169 578 175 120 269 67 173 33 277 2372 177 27 58 70 145 216 532 539 193 35 1348 1336 44 29
leaf_count=126 641 387 48 266 953 2091 735 101 49 47 99 508 44 138 361 103 659 263 109 572 174 72 150 267 86 266 585 55 223 48 492 4323 1240 165 240 1778 283 59 169 578 175 120 269 67 173 33 277 2372 177 27 58 70 145 216 532 539 193 35 1348 1336 44 29
internal_value=-0.000219496 -0.000648795 -6.40494e-05 0.00103515 -0.000295775 -0.000282267 -0.0010178 0.000149734 0.00136941 0.00794702 0.00252336 -0.00163763 -0.00238747 0.00419153 -0.00139323 -0.00225144 -0.00113796 -0.00274901 -0.000480581 -0.00369181 0.00658915 0.00930493 -9.0843e-05 -0.00188953 0.00200991 0.000422535 0.00240693 0.0033437 9.16154e-07 -0.000612193 0.000347499 0.000202903 0.000629932 0.0024911 -0.000169574 -0.00123026 -0.000113796 0.00140993 -0.00145228 -0.00327487 -0.00184399 0.000641447 -0.00030541 0.00375 -0.0012252 -0.0041866 -0.000195008 -0.000608273 -0.00215909 0.00367857 0.00838068 0.00338115 0.0014974 0.000597461 -0.000791952 0.00173153 -0.00317324 0.00157729 0.000340624 -0.000504686 0.00121864 0.00196078
internal_weight=27788 7299 20489 3354 1762 17135 6533 2241 1484 148 1592 4292 809 835 3504 2079 3557 1011 2546 620 384 210 685 417 451 352 766 640 13631 4867 8764 8427 5563 268 503 1887 1425 581 228 1394 753 757 570 187 844 206 638 2864 757 337 85 353 189 1336 581 755 580 304 2776 1384 1392 252
internal_count=27788 7299 20489 3354 1762 17135 6533 2241 1484 148 1592 4292 809 835 3504 2079 3557 1011 2546 620 384 210 685 417 451 352 766 640 13631 4867 8764 8427 5563 268 503 1887 1425 581 228 1394 753 757 570 187 844 206 638 2864 757 337 85 353 189 1336 581 755 580 304 2776 1384 1392 252
cat_boundaries=0 2 4 5 7 8 10 12 14 16 17 18 19 21 23 25 27 28 30 31 33 34 36 37
cat_threshold=88162308 705580 1883672606 1623684 205 128536868 531812 3660 2158270018 332033 2148540800 2 570458122 896 33592322 4880 2349 676 3148 538092552 1277970 268436480 1179650 2147746370 279177 69730304 4128 13 50872580 5120 842 35127424 4097 128 524336 640 3136
is_linear=0
shrinkage=0.05


Tree=127
num_leaves=63
num_cat=14
split_feature=19 1 2 1 18 7 19 1 2 1 17 1 11 18 19 20 5 5 16 21 9 11 23 1 11 1 11 18 20 20 20 17 1 5 2 18 17 18 18 11 7 18 20 5 20 21 19 7 19 2 20 9 7 17 17 1 23 23 1 5 11 7
split_gain=0.876585 1.90483 2.23716 1.48951 1.36234 1.44648 1.12778 1.04358 1.91993 1.7882 1.75716 2.0116 1.4824 1.17617 1.56156 1.31966 0.985026 1.56653 1.32126 1.27586 0.967474 1.11439 0.922118 0.856413 0.820147 1.33137 2.28334 2.06761 1.49736 1.20799 1.88605 1.85674 1.13922 1.47612 1.31415 2.43155 1.11875 0.936796 0.81749 0.811238 1.14152 0.806314 0.799006 0.756764 1.15089 0.752612 0.735709 0.658946 0.562547 2.255 0.948931 0.760126 0.893896 0.627871 1.56614 1.15979 1.60496 0.813284 0.779738 0.528789 0.500269 0.461597
threshold=1425.2800000000002 0 1 2 0.4097692402435163 567.71500000000015 1815.28 3 4 5 2.7499978736795563 6 3065.6150000000002 1.3792499246489391 629.20500000000004 54.500000000000007 257.50000000000006 236.50000000000003 2.1352151198721363 84.881944444444457 846.51500000000021 749.75500000000011 33.500000000000007 7 3115.6750000000006 8 2601.3300000000004 1.1818530721047262 8.5000000000000018 43.500000000000007 15.500000000000002 2.270936284630849 9 13.500000000000002 10 2.2092732975184388 0.82229620088665911 2.3872337829852004 2.3872337829852004 1832.8900000000003 481.67500000000001 0.22573415561107793 34.500000000000007 139.50000000000003 69.500000000000014 50.035714285714292 2374.6800000000007 1562.1050000000002 3719.2950000000014 11 68.500000000000014 481.73500000000001 816.50000000000011 1.7875333010734096 1.8181843054511293 12 6.5000000000000009 1.5000000000000002 13 266.50000000000006 1847.9600000000003 448.42500000000007
decision_type=2 9 1 9 2 2 2 9 1 9 2 9 2 2 2 2 2 2 2 2 2 2 2 9 2 9 2 2 2 2 2 2 9 2 1 2 2 2 2 2 2 2 2 2 2 2 2 2 2 1 2 2 2 2 2 9 2 2 9 2 2 2
left_child=7 2 60 6 39 -6 -3 8 10 16 11 13 59 14 -1 -15 17 47 -18 -20 21 -12 24 45 25 26 28 -28 -9 30 -27 -31 34 -34 35 -26 -36 -35 -25 40 41 -4 -7 -22 -45 -13 -42 -10 53 51 -51 -50 -53 55 -55 56 -5 -57 -56 -11 -2 -14
right_child=1 3 4 48 5 42 -8 22 9 12 20 23 61 15 -16 -17 18 -19 19 -21 43 -23 -24 38 32 29 27 -29 -30 31 -32 -33 33 37 36 -37 -38 -39 -40 -41 46 -43 -44 44 -46 -47 -48 -49 49 50 -52 52 -54 54 58 57 -58 -59 -60 -61 -62 -63
leaf_value=-0.1040474102524943 -0.86663033178394677 -0.29077326153474453 -0.096768728576775764 -0.0015987986860420023 -0.51935805728814088 0.23087814606717885 0.65533283340517989 3.6066109695103847 -0.042857880686719523 -0.47780094485974839 2.0416187146242097 -0.12525945273546527 0.14825142149212348 0.58714775198025126 0.43593684796214377 0.29945222794359661 -0.19758227937840528 -0.72956388032330544 1.1524916010036854 -0.16602671273170699 -0.66388242721968427 6.8229109126793563 0.073216292375180278 -0.48454337248528612 -0.057201559555222659 0.062079859430103218 -0.041077196905854055 1.3482894122860138 0.0038619324508905708 -0.0003450384234604087 -0.19631294986374945 0.30290417885317 -0.69840832175819123 0.047382865187599071 -0.40733896983569795 0.097766696134492653 -0.049396629437832122 -0.0079762044775776534 0.094731338807680213 0.70909716836908387 -1.3170744069463014 0.30362218404371488 -0.59336132300193078 1.4104063327399103 -0.56502336830619704 0.0021672149857861812 0.058061462040691229 1.1013596336776388 -0.60623633970188262 -0.47353366941176916 -0.026291501162290842 0.1846029396924358 -0.30704709181740841 1.0674012342775085 -0.29196597227996507 -0.68665731885565795 0.27448000964797858 -0.030617884007974539 0.044913900582955794 0.0028215619166715557 -0.059716407645457541 -0.036405549743487246
leaf_weight=318 287 38 202 332 93 21 79 169 907 663 81 393 47 46 153 122 27 117 33 21 93 28 21 204 1103 1182 83 167 1212 6391 1206 1708 47 1081 202 468 1608 493 35 25 101 183 63 78 49 776 47 71 34 181 61 129 60 28 577 307 46 913 2305 41 55 177
leaf_count=318 287 38 202 332 93 21 79 169 907 663 81 393 47 46 153 122 27 117 33 21 93 28 21 204 1103 1182 83 167 1212 6391 1206 1708 47 1081 202 468 1608 493 35 25 101 183 63 78 49 776 47 71 34 181 61 129 60 28 577 307 46 913 2305 41 55 177
internal_value=-0.000241085 -0.000767828 -0.00267202 -0.000347835 -0.000985963 -0.00479167 0.00490385 -8.84434e-05 -0.000767861 -0.00186585 0.000188363 -0.000335366 -0.00350691 0.00193635 0.000553797 0.00555556 -0.000504626 -0.0009449 0.0046131 0.00921053 0.00357681 0.00747768 8.67145e-05 -0.00140746 7.00812e-05 0.000294943 0.00161953 0.00602767 0.000785766 8.21429e-05 -0.000899205 0.000377993 -0.000464535 0.000604345 -0.000990719 3.94571e-05 -0.0019062 0.000903614 -0.00411706 0.00013369 -0.000209888 0.00112758 0 0.00134529 0.00394231 -0.000771997 -0.00397351 -0.000229358 -0.000493883 -0.00216346 -0.00539216 0.00132415 0.00279948 -0.000310352 0.000111569 -0.00110868 0.00121483 -0.00186537 0 -0.00466761 -0.00598592 0
internal_weight=27788 6167 1077 5090 735 177 117 21621 4480 2104 2376 2047 928 639 471 168 1176 1095 81 54 329 109 17141 1408 17120 12118 1631 250 1381 10487 2388 8099 5002 1621 3381 1571 1810 1574 239 558 533 385 84 220 127 1169 148 978 4973 465 242 223 189 4508 2910 1598 378 1220 2882 704 342 224
internal_count=27788 6167 1077 5090 735 177 117 21621 4480 2104 2376 2047 928 639 471 168 1176 1095 81 54 329 109 17141 1408 17120 12118 1631 250 1381 10487 2388 8099 5002 1621 3381 1571 1810 1574 239 558 533 385 84 220 127 1169 148 978 4973 465 242 223 189 4508 2910 1598 378 1220 2882 704 342 224
cat_boundaries=0 2 3 5 7 8 10 12 14 16 18 19 20 22 24
cat_threshold=2419347722 266292 2200 4195840 8192 144872452 1584583 414 136318980 532608 8552448 1049601 5124 198 1375739920 491552 839131291 376872 1842 2650 17301696 16513 16777360 65537
is_linear=0
shrinkage=0.05


Tree=128
num_leaves=63
num_cat=4
split_feature=15 23 21 15 20 20 10 17 19 11 5 17 11 20 21 17 5 5 5 17 21 11 17 9 10 5 21 23 5 5 5 17 11 7 20 4 5 11 18 17 20 4 19 5 10 17 17 17 15 9 23 14 18 20 21 4 17 16 5 17 15 4
split_gain=0.795384 1.15474 1.3665 2.36798 1.50557 2.02385 1.40159 2.11257 1.26959 1.51183 1.11967 1.43979 1.81987 1.34544 1.63653 2.91469 1.63331 1.54172 1.36242 1.34663 1.27873 1.22155 1.21841 1.14328 1.09779 1.03236 1.00297 1.00274 1.13949 1.37962 1.07074 1.0027 0.963339 1.61306 1.31991 1.23235 1.19092 1.10982 1.07911 0.994585 1.63954 1.12559 1.02497 0.961398 0.952982 1.25662 1.95909 1.10585 0.945969 0.940949 0.917095 1.20696 1.10535 0.904969 0.890244 0.840679 0.776847 0.766964 0.761012 0.939995 0.854607 0.823067
threshold=3.5000000000000004 2.5000000000000004 115.07142857142858 2.5000000000000004 76.500000000000014 98.500000000000014 983.70500000000015 2.4757838791553071 734.99000000000001 2178.7650000000008 264.50000000000006 2.0000018609671453 398.23000000000008 126.50000000000001 150.12500000000003 2.5454033322097023 108.50000000000001 207.50000000000003 101.50000000000001 3.5272379962922433 82.612500000000011 1563.0250000000003 2.270936284630849 697.20500000000015 1512.5600000000002 273.50000000000006 34.975000000000009 12.500000000000002 242.50000000000003 26.500000000000004 32.500000000000007 1.4736827688680629 2530.1200000000003 165.35500000000005 10.500000000000002 0 125.50000000000001 2899.3300000000004 0.62466038720356998 1.0000009304835726 111.50000000000001 1 268.25999999999993 143.50000000000003 1399.4350000000002 0.7058056715698785 1.3147264754660604 1.5716950004904213 6.5000000000000009 1021.8850000000001 1.5000000000000002 1.5000000000000002 0.91107154242835076 35.500000000000007 48.516666666666673 2 1.1122572122850605 1.9999602693785692 327.50000000000006 2.5203289142381737 11.500000000000002 3
decision_type=2 2 2 2 2 2 2 2 2 2 2 2 2 2 2 2 2 2 2 2 2 2 2 2 2 2 2 2 2 2 2 2 2 2 2 9 2 2 2 2 2 9 2 2 2 2 2 2 2 2 2 2 2 2 2 9 2 2 2 2 2 9
left_child=1 10 3 -3 -4 6 7 -6 9 -7 13 25 -13 14 15 18 -17 20 -1 21 22 -16 -15 -22 -8 31 27 58 29 -29 -31 -12 33 34 36 44 -28 38 43 48 41 -41 -42 -37 45 -34 -47 57 -35 -30 51 -14 -52 -49 -50 -36 -57 -46 59 -2 -60 -61
right_child=26 2 4 -5 5 8 24 -9 -10 -11 11 12 50 17 19 16 -18 -19 -20 -21 23 -23 -24 -25 -26 -27 32 28 49 30 -32 -33 35 39 55 37 -38 -39 -40 40 42 -43 -44 -45 47 46 -48 53 54 -51 52 -53 -54 -55 -56 56 -58 -59 60 61 -62 -63
leaf_value=0.011194905474256701 -0.12316690254254113 -1.7061847812562263 -0.76450147562728754 -0.21564551803756196 -0.95422150528101646 0.31127158249682091 2.9894517827820537 1.6578553612454556 -0.28334013370304023 -0.15689071345044994 2.2343328595500092 -1.1348359867679656 1.0856649848420659 0.15208348443248954 1.3082992163253266 -0.29710774658894507 0.033062150917516679 -0.37251541797450866 -0.77853384881282328 -0.52691114690979113 -0.15424905014016305 0.011064177977900158 1.4834678673177351 0.10527355781333513 0.60761769336566118 -0.10464621772276034 -0.9394397716894215 -0.095819008276703962 0.08309355765026441 0.24062573200560325 0.020634298940283815 -0.066359977416101404 -0.26866218560602279 -0.037348753225501241 -0.20721974912917887 0.74857203145717011 0.68812134367578948 -0.0042513457950143167 -0.14282312535739408 -0.0079526740967722272 0.18703190813631032 0.098492874283264351 0.88030687479628966 -0.038665994417073794 -0.081049963879659626 0.53947807845103313 -0.36213696598155071 -0.11191613177817646 -0.032317430794057599 -0.10467930366326073 -0.96721574653581299 -0.067743146938963147 1.9898585555916322 0.21855202474216473 0.83695582865786344 0.11408625858616245 -0.23270197257201347 0.050927041861909217 0.48335075107611503 0.10193152642927537 -0.11082868320916593 -0.18853286259121146
leaf_weight=233 573 228 284 798 56 438 51 23 507 385 71 99 755 983 263 2415 1947 716 1068 110 1065 247 503 802 45 1296 21 45 58 20 529 97 35 663 478 33 28 3993 769 803 171 1449 182 43 359 89 36 86 41 164 112 212 27 244 36 136 189 350 39 103 27 160
leaf_count=233 573 228 284 798 56 438 51 23 507 385 71 99 755 983 263 2415 1947 716 1068 110 1065 247 503 802 45 1296 21 45 58 20 529 97 35 663 478 33 28 3993 769 803 171 1449 182 43 359 89 36 86 41 164 112 212 27 244 36 136 189 350 39 103 27 160
internal_value=-0.000224893 -0.000457731 -0.00137952 -0.00284257 -0.000509208 9.11804e-05 0.0051264 0 -0.000543886 0.00062046 -0.000254338 0.000650262 0.00193502 -0.000492516 -0.000952514 -0.00122441 -0.00058992 0.000205673 -0.00330713 0.00144462 0.000666716 0.00258285 0.00176293 -0.000180481 0.00909091 -0.000374915 7.94647e-05 -0.00103138 0.00018315 0.00138191 0.00215127 0.00321637 0.000271076 0.000854167 -0.00105263 -0.000126242 0.00649038 -0.00048959 -0.00213738 0.00135529 0.00181653 0.00128603 0.00502107 0.00316456 0.00128919 0.00490798 0.00732422 0.000683781 -0.000201884 -0.00277778 0.00254734 0.00310567 -0.00096831 0.00307808 0.00484375 -0.00159739 0.000258876 -0.00036868 -0.00218232 -0.00262217 0.00253623 0
internal_weight=27788 15836 2815 1026 1789 1505 175 79 1330 823 13021 2669 1205 10352 6283 5663 4362 4069 1301 620 3353 510 1486 1867 96 1464 11952 1718 816 594 549 168 10234 4197 852 6037 49 4838 845 3345 2605 2252 353 76 1199 160 125 1039 740 222 1106 967 139 330 77 803 325 709 902 836 66 263
internal_count=27788 15836 2815 1026 1789 1505 175 79 1330 823 13021 2669 1205 10352 6283 5663 4362 4069 1301 620 3353 510 1486 1867 96 1464 11952 1718 816 594 549 168 10234 4197 852 6037 49 4838 845 3345 2605 2252 353 76 1199 160 125 1039 740 222 1106 967 139 330 77 803 325 709 902 836 66 263
cat_boundaries=0 1 2 3 4
cat_threshold=48 17 21 3
is_linear=0
shrinkage=0.05


Tree=129
num_leaves=63
num_cat=13
split_feature=1 15 1 21 22 17 23 22 20 17 2 22 20 23 22 4 1 7 1 2 15 6 5 7 17 5 17 17 5 7 22 1 17 7 17 17 7 6 5 2 7 1 11 15 15 1 17 21 20 20 11 7 22 23 9 17 9 11 22 1 1 9
split_gain=0.899894 1.30094 1.41013 2.05628 1.42471 1.38641 1.33797 1.29164 1.23094 1.10734 1.70173 1.07758 1.03169 1.2892 1.26841 1.01287 1.45425 1.04878 0.92935 1.01133 0.922845 0.917885 0.912855 1.21375 0.885983 0.997584 0.878899 1.7799 1.03042 0.99586 0.948361 1.0451 1.54619 1.02789 1.17438 0.97634 0.963159 0.899911 0.858911 0.847069 0.839252 1.54041 1.54593 1.49275 1.05712 1.8525 1.7894 0.832653 0.821001 0.754733 0.74628 0.824359 0.739048 0.700726 0.67875 0.67396 0.758782 1.45931 0.960779 0.943312 0.761003 0.831282
threshold=0 5.5000000000000009 1 55.63068181818182 20.560283139465572 1.4312415981245266 8.5000000000000018 31.137687058556509 26.500000000000004 1.8831170391533443 2 9.8833473611854448 45.500000000000007 9.5000000000000018 36.083113383039226 3 4 352.15000000000003 5 6 6.5000000000000009 7388.420000000001 164.50000000000003 2434.1100000000001 1.1762505289773613 179.50000000000003 1.9228163228310273 2.7499978736795563 174.50000000000003 436.17500000000007 23.418503448677509 7 0.84758172096316364 192.905 0.86948313337542238 0.97480916385441929 342.00500000000005 2012.74 145.50000000000003 8 540.5350000000002 9 2328.6350000000007 1.5000000000000002 2.5000000000000004 10 2.2536697901900129 54.577380952380956 16.500000000000004 84.500000000000014 2864.8050000000003 648.28500000000008 16.26441665345186 2.5000000000000004 1240.0850000000003 0.7058056715698785 908.37000000000023 4154.3700000000008 12.72836845149839 11 12 413.35000000000014
decision_type=9 2 9 2 2 2 2 2 2 2 1 2 2 2 2 9 9 2 9 1 2 2 2 2 2 2 2 2 2 2 2 9 2 2 2 2 2 2 2 1 2 9 2 2 2 9 2 2 2 2 2 2 2 2 2 2 2 2 2 9 9 2
left_child=22 6 7 5 50 18 21 11 52 10 -6 24 13 -8 47 17 -17 -13 19 -4 -10 40 23 55 25 -3 28 37 49 48 33 36 -33 34 -30 -35 -32 -28 54 -20 41 43 -43 -2 46 -46 -42 -14 -29 -24 -5 -52 -7 -23 -16 -1 60 59 -59 -58 -57 -62
right_child=1 2 3 4 9 8 12 -9 20 -11 -12 15 14 -15 38 16 -18 -19 39 -21 -22 53 26 -25 -26 -27 27 29 30 -31 31 32 -34 35 -36 -37 -38 -39 -40 -41 44 42 -44 -45 45 -47 -48 -49 -50 -51 51 -53 -54 -55 -56 56 57 58 -60 -61 61 -63
leaf_value=-0.3539763562925739 2.0846159127779837 -0.10286571915409155 -0.096601284065861395 0.11106641389345953 -0.037738153294619187 0.081000927172168433 -0.17553360376059574 -0.14902817839251625 0.015383161738779627 1.7726427480940843 0.41450334802088701 -0.072785303949940081 -0.016318043954654728 0.32507118204260466 -0.82772182637016278 0.0067282732820022955 0.089358194530554436 0.018661218331019747 0.19820772421749855 0.0019244105457314475 0.21056390838918865 -0.7373838155129433 0.0098403705442752457 4.9234548174369168 -0.1382141683936105 0.43607105081140252 -0.78900464681362559 -0.37382768250182186 -0.27119328215271316 -0.13682154444415459 -0.11796129018603088 0.54001523514681404 -0.075658213875800587 -0.35689851258075617 0.26729720981746613 -0.034136957942421733 0.78168644677793753 -0.1422802721790882 0.10195567923186957 -0.0025372973433825056 -0.26637589525400929 -0.078812874397195296 -0.37135065607031098 0.012571287793190323 -0.063163862857814487 0.063711846315102252 0.049777469461187711 -0.56714271642594916 2.6039525122940632 0.79053060030252864 -0.80205230791017845 0.1748815573981112 -0.46739262770397361 0.014123246193653217 0.29239207156150115 0.18716575674265742 -0.16559022304805709 0.13520611894867152 -0.031601555079910873 -0.49658608338274352 -0.44459965592979461 -0.010259647717875797
leaf_weight=177 256 40 217 31 103 44 37 604 71 34 174 253 46 46 45 944 506 698 114 289 146 74 31 25 149 37 153 23 57 153 28 52 285 72 76 436 87 324 73 213 2085 5961 545 1481 1267 3540 3044 249 55 42 32 49 50 42 30 397 321 45 228 397 225 480
leaf_count=177 256 40 217 31 103 44 37 604 71 34 174 253 46 46 45 944 506 698 114 289 146 74 31 25 149 37 153 23 57 153 28 52 285 72 76 436 87 324 73 213 2085 5961 545 1481 1267 3540 3044 249 55 42 32 49 50 42 30 397 321 45 228 397 225 480
internal_value=-0.000233889 -0.000111607 0.000619663 0.00184335 0.00484155 0.000697472 -0.000300813 3.85327e-06 0.00354299 0.00656847 0.00513393 0.000499049 -0.00278828 0.00188953 -0.00378363 0.000826747 0.00165755 -0.000401971 -0.000313995 -0.00168593 0.005625 -0.000226118 -0.000911645 -0.0015829 -0.00272926 0.00109375 -6.65956e-05 -0.00147679 0.000748503 0.0019765 0.000307938 0.00208791 0.000392857 -0.000873447 0.00284926 -0.00195695 0.00595703 -0.00325521 0 0.00165441 -0.000194561 -0.000568457 -0.000924222 0.000735714 0.000110675 0.000647089 -0.000382405 -0.00566275 0.00648148 0.00641447 0 -0.00252976 -0.000773196 -0.00462185 -0.0036859 -0.00172679 -0.00143726 -0.00245221 0.000498188 -0.00364078 -0.000475113 -0.00147981
internal_weight=27788 23619 4798 1567 423 1144 18821 3231 311 311 277 2627 526 83 443 2401 1450 951 833 506 217 18295 4169 2295 226 77 1874 708 1166 231 1093 452 337 641 133 508 115 477 148 327 18179 8243 6506 1737 9936 4807 5129 295 78 73 112 81 94 116 75 2270 2093 991 273 718 1102 705
internal_count=27788 23619 4798 1567 423 1144 18821 3231 311 311 277 2627 526 83 443 2401 1450 951 833 506 217 18295 4169 2295 226 77 1874 708 1166 231 1093 452 337 641 133 508 115 477 148 327 18179 8243 6506 1737 9936 4807 5129 295 78 73 112 81 94 116 75 2270 2093 991 273 718 1102 705
cat_boundaries=0 2 4 5 6 8 10 11 12 13 15 17 19 21
cat_threshold=2396498 1584452 877659273 262785 3212 5 536871944 641 33685536 102416 3628 262224 2073 408502273 229888 2538299425 20482 299008 1581056 2097234 1024
is_linear=0
shrinkage=0.05


Tree=130
num_leaves=63
num_cat=23
split_feature=19 1 2 19 1 7 20 1 23 15 23 1 2 1 2 1 1 20 7 6 2 10 23 10 10 20 1 7 10 15 16 1 16 1 2 16 8 2 10 10 1 18 2 2 18 1 6 19 10 18 23 7 1 7 20 1 23 18 10 7 1 10
split_gain=0.820814 2.46082 1.12076 0.891389 0.812869 1.01004 1.03704 0.764174 0.764986 0.74746 1.36653 1.73126 1.83764 1.33232 1.00644 1.5338 1.35154 0.966544 0.955597 0.875925 0.846497 0.711037 0.704129 0.810893 2.08673 1.33073 0.770619 1.50428 1.17276 0.70374 1.51627 1.87413 2.03005 1.83471 1.8204 1.49492 1.36369 1.16068 1.37006 0.957745 1.29892 1.12282 1.57706 0.978881 0.909384 0.888593 1.17121 0.887029 0.849145 0.820127 0.819344 0.712395 2.37038 0.919796 0.682208 0.609307 0.603423 0.602214 0.596636 0.554307 0.552638 0.597803
threshold=1918.2650000000003 0 1 2807.6350000000007 2 2434.1100000000001 77.500000000000014 3 1.0000000180025095e-35 3.5000000000000004 1.0000000180025095e-35 4 5 6 7 8 9 76.500000000000014 60.600000000000009 3372.3600000000001 10 1500.5450000000003 28.500000000000004 1521.5700000000004 1726.9950000000001 83.500000000000014 11 828.23500000000013 1061.0500000000002 5.5000000000000009 1.6499127846150146 12 1.522166176187439 13 14 1.5000989906210365 1018.2100000000002 15 2336.2700000000009 2597.0800000000004 16 1.4502568462341219 17 18 0.99289287128000303 19 2501.0100000000007 597.07000000000005 2690.4700000000007 1.1055048760300841 5.5000000000000009 1240.0450000000003 20 1130.9850000000001 298.50000000000006 21 8.5000000000000018 1.6734837666045348 1319.4100000000003 1051.1750000000004 22 1280.8850000000002
decision_type=2 9 1 2 9 2 2 9 2 2 2 9 1 9 1 9 9 2 2 2 1 2 2 2 2 2 9 2 2 2 2 9 2 9 1 2 2 1 2 2 9 2 1 1 2 9 2 2 2 2 2 2 9 2 2 9 2 2 2 2 9 2
left_child=4 2 3 21 5 9 -7 8 -3 10 11 54 -13 20 16 58 18 -15 -11 -17 -12 -2 23 26 25 -25 28 -28 -9 39 31 37 35 44 36 -33 -35 49 -39 45 43 48 -43 -41 56 46 59 -36 -42 -31 -46 53 -53 -47 -1 -26 -32 -45 -16 -6 61 -4
right_child=1 7 60 -5 29 6 -8 22 -10 14 13 12 -14 17 15 19 -18 -19 -20 -21 -22 -23 -24 24 55 -27 27 -29 -30 30 33 32 -34 34 47 -37 -38 38 -40 40 41 42 -44 57 50 51 -48 -49 -50 -51 -52 52 -54 -55 -56 -57 -58 -59 -60 -61 -62 -63
leaf_value=-0.52748143321101437 0.32270377546126511 1.9832222033970148 -0.35951573603329623 1.0033818806229584 2.6253837044702166 3.637517395526713 0.088127889712190211 -0.020928152533789657 0.00069509233221447535 0.057704171613976923 -0.62648620476514627 1.262457504399805 -0.04484451852909821 -0.68994613464135601 -0.44075401795583746 0.092159530197861272 0.045180295365144833 -0.20489461272827045 -0.16982643442124098 -0.036728207353884205 0.29805461755331136 -0.49306466001936294 -0.27228657390707839 0.56281119861856854 0.11296843825573717 -0.027345125623978107 -0.057857682353580131 1.8629293182880027 -0.41147982373992936 0.1129955296774611 0.34814788526722612 0.032160768568771037 -0.2116256100866199 0.17650058188068485 -0.039303111087577496 0.21632899226816954 -0.011182853253778546 -0.015960866800472217 -0.13383300889641356 -0.58241726324573817 -0.9587816945084312 0.061136883462025796 -0.5314471071147967 -0.7203903429496068 0.40389700731069739 -0.0080312424050038803 -0.40667513534055361 0.15675080973433692 0.19505991510779952 -0.030448492528475948 0.20489421850911091 0.50561960664883476 -0.084970789877497316 -0.45807690862328099 1.0036478875255768 -0.0763358168067855 -0.35144693501304003 0.46582200780677002 -0.03067234885194603 -0.70638054056064736 -0.40327947205608689 -0.015992772149782741
leaf_weight=486 42 51 573 44 122 24 36 558 62 83 153 248 444 314 82 852 438 1033 576 169 172 20 43 47 113 27 618 174 255 161 25 996 112 393 461 43 246 429 312 230 48 133 191 100 44 12056 35 59 321 491 167 551 608 334 64 231 24 89 324 23 358 270
leaf_count=486 42 51 573 44 122 24 36 558 62 83 153 248 444 314 82 852 438 1033 576 169 172 20 43 47 113 27 618 174 255 161 25 996 112 393 461 43 246 429 312 230 48 133 191 100 44 12056 35 59 321 491 167 551 608 334 64 231 24 89 324 23 358 270
internal_value=-0.000219496 -0.000938664 -0.00264205 0.00189076 -0.000114174 -0.000648703 0.00555556 7.41332e-05 0.00386905 -0.000730564 -0.001277 0 0.00163121 -0.00220896 -7.91452e-05 0.000772569 -0.00122748 -0.00289522 -0.00265997 0.00182544 0.000554734 -0.00115385 -0.000132275 0 0.00195962 0.00941558 -0.000505286 0.000559006 -0.00158898 3.98576e-05 0.00063351 -7.85238e-05 0.00138531 0.00194269 0.000991894 0.00212332 0.00277991 -0.00132468 -0.0026691 -0.000115366 -0.00152466 -8.85269e-05 -0.00229358 -0.00367477 0.00567766 0 0.00336788 -0.0011257 0.00171371 0.000150376 0.0073014 -4.88497e-05 0.00112952 -0.000163399 -0.00208703 0.000144092 0 -0.000556931 -0.00173031 0.00565878 -0.00309926 -0.00220502
internal_weight=27788 3486 1307 106 24302 5498 60 2179 113 5438 2914 1242 692 1672 2524 1427 1097 1347 659 1021 325 62 2066 2023 418 74 1605 792 813 18804 3963 2544 1151 1419 1159 1039 639 1393 741 14841 1112 693 324 419 260 13729 180 520 369 652 211 13549 1159 12390 550 344 49 189 406 145 1201 843
internal_count=27788 3486 1307 106 24302 5498 60 2179 113 5438 2914 1242 692 1672 2524 1427 1097 1347 659 1021 325 62 2066 2023 418 74 1605 792 813 18804 3963 2544 1151 1419 1159 1039 639 1393 741 14841 1112 693 324 419 260 13729 180 520 369 652 211 13549 1159 12390 550 344 49 189 406 145 1201 843
cat_boundaries=0 2 3 5 7 9 10 12 13 15 17 18 20 22 24 25 26 28 29 30 32 34 36 38
cat_threshold=876544362 295962 520 2398034 1604964 16778752 4100 38464 1052708 2585 4096 1060 820 262146 544032 2101328 12580 2825 33554576 74273 839909384 328320 2181038081 360448 2865 4032 2206220453 262144 2664 2912 1342177280 131072 587218956 360465 33554576 65536 538050626 262144
is_linear=0
shrinkage=0.05


Tree=131
num_leaves=63
num_cat=17
split_feature=1 22 22 16 6 1 22 2 1 1 2 1 17 5 22 22 6 16 8 20 1 2 1 20 2 1 6 8 17 17 23 20 17 11 9 6 1 2 20 11 1 17 1 22 17 19 20 2 22 6 5 19 17 16 22 6 23 5 8 9 5 5
split_gain=0.756907 0.973064 1.19541 0.812446 0.798591 1.8064 1.99316 1.21168 1.88086 1.67243 1.19322 2.22452 1.59075 2.04362 1.22697 1.71216 1.27399 1.16812 1.29018 1.16148 1.08552 1.47729 1.25566 1.29996 1.07056 1.20162 1.10083 1.76847 1.54473 1.03211 0.966489 0.96422 0.939355 0.917567 0.876923 0.874601 0.864233 0.862352 1.59722 1.21873 0.933153 0.849704 0.807673 1.31082 0.801494 1.5363 1.33182 0.798209 0.789811 0.747268 0.734628 0.879516 0.733211 0.701032 0.672395 0.663964 0.66024 0.642063 0.639663 0.62942 0.624326 0.822025
threshold=0 74.618387021930147 65.04741828570269 2.2585568955590207 2012.74 1 67.914276660777759 2 3 4 5 6 1.105384465362415 196.50000000000003 20.131748597321288 25.642575260815565 4168.3500000000013 1.0880114513152044 1492.0550000000005 54.500000000000007 7 8 9 182.50000000000003 10 11 1734.8500000000001 1134.9150000000002 2.5454033322097023 2.8239667803544068 19.500000000000004 50.500000000000007 0.95133203897803387 1074.7950000000003 756.61500000000012 4168.3500000000013 12 13 102.50000000000001 992.05500000000018 14 1.354589279961927 15 63.5217667589041 2.11035520728332 53.954999999999707 252.50000000000003 16 15.05314641201713 6744.7200000000003 178.50000000000003 1013.7900000000001 2.2857150652064706 1.6499127846150146 19.801514932551893 4496.4800000000005 3.5000000000000004 167.50000000000003 540.33500000000015 1944.7350000000004 310.00000000000006 305.00000000000006
decision_type=9 2 2 2 2 9 2 1 9 9 1 9 2 2 2 2 2 2 2 2 9 1 9 2 1 9 2 2 2 2 2 2 2 2 2 2 9 1 2 2 9 2 9 2 2 2 2 1 2 2 2 2 2 2 2 2 2 2 2 2 2 2
left_child=1 2 60 -4 5 7 24 8 29 17 11 14 13 32 36 16 -16 31 -19 -8 21 22 23 -12 25 41 27 -26 -28 52 35 -9 -13 58 -35 -14 48 42 39 -39 -40 -7 43 -22 46 -46 -23 -31 -6 -44 56 -52 -2 -17 -24 -38 -11 -32 -10 -27 61 -1
right_child=4 -3 3 -5 10 6 19 9 33 50 20 12 30 -15 15 53 -18 18 -20 -21 37 44 54 -25 26 59 28 -29 -30 47 57 -33 -34 34 -36 -37 55 38 40 -41 -42 -43 49 -45 45 -47 -48 -49 -50 -51 51 -53 -54 -55 -56 -57 -58 -59 -60 -61 -62 -63
leaf_value=-0.053673503799573301 0.10144643141508958 -0.5168887731586409 -0.20390252053192912 1.1495969803307262 0.047325453086568818 -1.4024455736596544 -0.39712281973265107 -0.13170381576464898 -0.037064333801431995 -0.4265879267632009 0.009411878317814093 -0.008516716432949779 0.14212619613040048 0.38980393547414682 0.43212785292432376 -0.44544895055357386 -0.15159305555420241 -0.36582979703147633 1.3416285863841055 2.3805722789875285 0.17670953659836203 -0.08129721970377686 -0.016916886009928866 0.92732137280182914 -0.012620840640413179 0.55243271810135697 -0.049888538654285247 -1.0589822234662321 2.1685927900264459 -0.8973630044856753 0.030973707943285557 0.35688249133917793 -0.30603651252796404 -0.47278249266733319 -0.066778209916132883 -0.059126057577121395 -0.41683946470015454 -0.69717172222941848 0.37379761373275433 -0.020525800385796347 0.0049519773772630062 0.11107959006195998 -0.013447597133494506 -0.82546019429312312 0.84594166665614812 -0.31629774743337297 -1.2194783247286951 0.86090982435152563 -0.28010054628163522 0.15230853534547642 0.21139427897292562 -2.0479489674624376 1.4525733990118028 0.034752655952675938 -0.11657270550673396 0.041174200492707681 0.02412537896033573 0.71686816944127907 5.4717624601831689 -0.15713479375932612 0.10776961600025566 -0.33621923163939604
leaf_weight=2770 1021 208 21 47 346 38 44 70 180 707 1496 269 2295 32 90 138 32 841 32 164 744 2756 814 250 793 736 147 86 89 164 20 28 195 200 185 322 492 428 254 1593 917 111 1504 64 93 902 186 158 65 51 516 37 92 358 590 70 438 20 26 51 362 40
leaf_count=2770 1021 208 21 47 346 38 44 70 180 707 1496 269 2295 32 90 138 32 841 32 164 744 2756 814 250 793 736 147 86 89 164 20 28 195 200 185 322 492 428 254 1593 917 111 1504 64 93 902 186 158 65 51 516 37 92 358 590 70 438 20 26 51 362 40
internal_value=-0.00023029 -0.000924588 -0.000693802 0.0056338 -0.000129348 0.000319822 0.00147997 -0.00023099 0.00067435 -0.000936801 -0.000311979 0.000357368 0.00113313 -0.00140281 -0.00114557 0.000523349 0.0058 -0.00257876 -0.00321062 0.00616114 -0.00056697 -0.000977113 -0.000150174 0.000724844 0.000979796 0.00221286 -3.32447e-05 -0.000892857 0.00292887 0.00166609 0.00163064 0.00222772 -0.00235546 -0.00163493 -0.003125 0.00148378 -0.00226691 -3.36746e-05 -0.000577223 -0.00143898 0.000862436 -0.00162037 0.000678662 0.00194884 -0.00162342 -0.000338176 -0.00204584 -0.000692308 -0.000324292 0 0 0.00150629 0.00240815 -0.000701403 -0.00127029 -0.00352174 -0.000707753 0.00930233 0.000837321 0.00301563 -0.000850394 -0.00111091
internal_weight=27788 3448 3240 68 24340 6954 2259 4695 2026 2669 17386 4744 3153 496 1591 618 122 971 873 208 12642 7087 3150 1746 2051 936 1115 879 236 1435 2657 98 464 591 385 2617 973 5555 3192 2021 1171 149 2363 808 3937 995 2942 322 411 1555 1698 553 1113 496 1404 562 1145 40 206 787 3172 2810
internal_count=27788 3448 3240 68 24340 6954 2259 4695 2026 2669 17386 4744 3153 496 1591 618 122 971 873 208 12642 7087 3150 1746 2051 936 1115 879 236 1435 2657 98 464 591 385 2617 973 5555 3192 2021 1171 149 2363 808 3937 995 2942 322 411 1555 1698 553 1113 496 1404 562 1145 40 206 787 3172 2810
cat_boundaries=0 2 4 5 7 9 10 12 14 15 17 18 20 22 23 25 27 28
cat_threshold=2363728 1584452 2819139117 21162 1590 537403432 17064 134750248 17064 769 2264932871 295473 1892746410 491546 224 1610678304 327696 1210 67108864 294912 1 262688 2076 2181218304 32 67633669 4096 544
is_linear=0
shrinkage=0.05


Tree=132
num_leaves=63
num_cat=18
split_feature=1 15 7 2 1 2 1 1 22 2 23 5 1 22 1 8 5 23 19 15 19 19 8 16 10 22 10 9 9 15 6 1 2 9 9 2 1 1 8 7 22 2 5 1 2 10 10 9 10 7 22 7 22 7 23 23 4 8 10 7 10 22
split_gain=0.787299 1.12502 1.29894 1.14988 1.25399 0.950133 1.35786 1.12889 0.977653 0.883117 1.12256 0.874346 0.867279 1.49446 0.859817 0.95893 0.954488 0.842363 0.783737 0.805127 0.746247 2.1001 0.707823 0.696041 0.683623 0.676522 0.675389 0.634162 0.631374 0.94866 0.622254 1.46922 2.19557 1.4702 1.61518 1.33849 2.04311 1.3004 1.22768 1.92344 1.03935 1.02616 1.41033 1.02177 1.01145 1.24126 0.993177 0.949532 0.933643 1.36842 0.906767 0.897319 0.810711 0.80955 0.777865 0.712222 0.680286 0.676388 0.672674 0.553082 0.538052 1.49559
threshold=0 3.5000000000000004 1635.5000000000002 1 2 3 4 5 -1.0000000180025095e-35 6 2.5000000000000004 164.50000000000003 7 17.681397124855614 8 1260.9650000000004 186.50000000000003 15.500000000000002 6498.8750000000009 4.5000000000000009 1039.9300000000001 1436.3300000000002 1023.7500000000001 2.8209468176472101 1791.1850000000004 35.30416301045949 1178.4900000000002 864.51500000000021 1363.8700000000001 2.5000000000000004 2012.74 9 10 636.1350000000001 720.80000000000018 11 12 13 1322.9350000000002 872.34000000000003 89.40837939254655 14 13.500000000000002 15 16 290.82500000000005 567.71500000000015 508.87000000000006 1114.7050000000004 342.00500000000005 106.07151661225031 1083.2350000000004 15.211289578210918 823.54500000000007 2.5000000000000004 10.500000000000002 17 1452.5150000000003 1455.2150000000004 1.0000000180025095e-35 410.90000000000003 54.478435474689782
decision_type=9 2 2 1 9 1 9 9 2 1 2 2 9 2 9 2 2 2 2 2 2 2 2 2 2 2 2 2 2 2 2 9 1 2 2 1 9 9 2 2 2 1 2 9 1 2 2 2 2 2 2 2 2 2 2 2 9 2 2 2 2 2
left_child=1 5 3 4 60 6 -1 8 24 26 22 12 13 -5 16 -16 -13 25 30 -20 -8 -22 -11 -23 27 -6 -9 -7 29 -10 31 32 33 47 -35 36 40 44 39 52 55 42 -39 57 45 -37 -43 -2 49 -38 -42 -41 -33 -46 -40 -32 -45 -34 -50 -14 61 -3
right_child=18 2 -4 11 17 7 20 9 28 10 -12 14 59 -15 15 -17 -18 -19 19 -21 21 23 -24 -25 -26 -27 -28 -29 -30 -31 35 38 43 34 -36 37 48 41 54 51 50 46 -44 56 53 -47 -48 -49 58 -51 -52 -53 -54 -55 -56 -57 -58 -59 -60 -61 -62 -63
leaf_value=-0.19255224710741958 0.29944208715341319 1.3716922571651251 0.62885253327893909 0.46821576546737065 0.084164125407188095 0.66633634443150569 0.0084406074278490454 -0.65666091971596219 -0.51659452937328898 -0.22917592739439849 -0.45094861724297175 0.33143926737418217 0.010663090164492406 -0.10498913751699597 0.095015612361416757 -0.30205948869529919 -0.16867156333076211 -0.22499008929460518 -0.74834755338098702 0.00083168095557395461 2.62778659455893 0.75661247317278113 0.32789910333200256 -0.324001503382366 1.126295061264482 -0.32279335319991032 -1.5131021549415893 -0.6680017372078968 -0.77005765179631569 0.032816546357211963 -0.13072989316418387 0.027623277179420393 -0.069308757994429732 -0.37774037893423335 0.020319421359151324 -1.8473066825987481 -0.016890653199952511 -0.43854177727606736 0.11062830080809222 2.0582447917026601 1.5742545859474111 0.28142022000430134 0.14030131753222672 -0.47681249490052446 -0.053880449956977119 -0.12921189646217962 -0.030204227504578185 1.5373201109025947 -0.044484680855557103 0.52185200249199681 0.0092227379882004364 0.084592390838077958 0.13972177813172665 0.0087763764727858632 -0.58457893788302906 0.019344818088652363 -0.055214955651235353 0.30720061027855511 0.042066335129645083 -0.14876759848144233 0.047921947933190268 -0.14730238608733259
leaf_weight=523 665 40 45 38 245 196 225 185 187 328 107 78 68 71 432 29 329 44 55 56 55 24 87 84 63 107 102 142 91 269 1685 1027 1448 134 788 63 401 142 45 165 28 369 900 361 3359 1917 2111 172 564 813 47 92 811 1844 72 243 534 21 1618 434 581 29
leaf_count=523 665 40 45 38 245 196 225 185 187 328 107 78 68 71 432 29 329 44 55 56 55 24 87 84 63 107 102 142 91 269 1685 1027 1448 134 788 63 401 142 45 165 28 369 900 361 3359 1917 2111 172 564 813 47 92 811 1844 72 243 534 21 1618 434 581 29
internal_value=-0.000260876 -0.000814131 -4.85814e-05 -0.000222508 0.00101511 -0.00153501 -0.00014881 -0.00221045 -0.000936524 -0.00360401 -0.0021028 -0.00113103 -0.0025855 0.00112705 -5.74053e-05 0.00134494 -0.00175595 -0.00110024 -0.000129637 -0.00427632 0.00199501 0.00459337 -0.000807416 0 0.000835396 -0.000140845 -0.00595833 0 -0.00234091 -0.00141612 -0.000106385 0.00030964 -0.000238757 0.00107929 -0.000243243 -0.000273173 0.00036262 -0.000598293 0.00134831 0.00165038 -0.000886657 0.000176803 0.00149289 -0.00124106 -0.000984922 -0.00195685 -0.000361011 0.00260417 0.0011147 0.00223911 0.00464744 0.00572115 0.00104563 -0.000601515 -0.0034375 -0.00113931 -0.00257434 -0.000379555 0.000469108 -0.0034466 0.00237557 0.00677083
internal_weight=27788 5238 2570 2525 1046 2668 911 1757 948 809 522 1479 611 109 868 461 407 396 22550 111 388 163 415 108 401 352 287 338 547 456 22439 6335 4123 1759 922 16104 5399 10705 2212 2095 2003 3522 1042 2364 7183 1980 2480 837 3396 1214 75 257 1838 5203 117 1928 895 1469 2182 502 650 69
internal_count=27788 5238 2570 2525 1046 2668 911 1757 948 809 522 1479 611 109 868 461 407 396 22550 111 388 163 415 108 401 352 287 338 547 456 22439 6335 4123 1759 922 16104 5399 10705 2212 2095 2003 3522 1042 2364 7183 1980 2480 837 3396 1214 75 257 1838 5203 117 1928 895 1469 2182 502 650 69
cat_boundaries=0 2 3 5 6 8 10 11 13 15 17 18 19 21 23 24 26 27 28
cat_threshold=3445074 1588548 1219 3149888 1060868 150 3412048 2052 3411986 524288 73 262162 524288 3411970 524548 671622701 17067 1590 840 2277531661 295472 805504168 376985 3073 671090189 2 3076 10
is_linear=0
shrinkage=0.05


Tree=133
num_leaves=63
num_cat=11
split_feature=1 5 21 10 21 17 1 20 10 17 10 10 5 5 1 20 20 21 21 1 16 21 21 5 8 5 10 10 9 6 1 8 10 8 5 1 7 8 1 10 7 7 9 8 10 7 21 7 10 1 1 1 8 6 1 21 21 5 10 10 5 21
split_gain=0.726335 0.810612 0.899807 1.31487 1.20519 1.03082 0.915616 1.69616 1.29778 0.93605 1.23449 0.965257 0.894211 1.03433 1.30903 0.982701 1.21876 1.07873 1.14285 0.853208 2.19061 1.45459 0.948222 0.819024 0.798815 0.705713 0.699322 1.685 1.0097 0.675515 1.43037 1.56681 1.10007 0.848119 0.834334 1.28124 2.15658 0.794374 0.774111 1.07391 1.05917 1.38152 2.49519 1.1065 0.893853 0.772371 0.898322 0.751536 1.10617 3.09518 1.36935 0.996667 1.57376 1.00562 0.965844 0.92504 0.853396 0.861917 0.654328 0.653732 0.639388 0.681103
threshold=0 259.50000000000006 112.08333333333336 494.16000000000008 101.53571428571429 1.3995286977944457 1 13.500000000000002 1776.7700000000002 2.2181149928201691 2417.4150000000004 1146.4700000000003 287.50000000000006 308.50000000000006 2 181.50000000000003 104.50000000000001 77.050000000000011 56.035714285714292 3 1.5072780045753189 281.25000000000006 139.58333333333334 301.50000000000006 1727.9850000000001 292.50000000000006 1308.1550000000002 1653.4050000000004 115.37500000000004 3650.2500000000005 4 743.10000000000002 628.0350000000002 1023.7500000000001 12.500000000000002 5 798.68500000000006 536.09000000000003 6 5511.6400000000012 595.10500000000013 794.79500000000019 756.61500000000012 1.0000000180025095e-35 4744.9750000000013 1421.8500000000004 1.0000000180025095e-35 1003.575 1760.5050000000003 7 8 9 982.68000000000018 982.82000000000016 10 50.035714285714292 259.25000000000006 174.50000000000003 1653.4050000000004 1227.5800000000002 26.500000000000004 36.620192307692314
decision_type=9 2 2 2 2 2 9 2 2 2 2 2 2 2 9 2 2 2 2 9 2 2 2 2 2 2 2 2 2 2 9 2 2 2 2 9 2 2 9 2 2 2 2 2 2 2 2 2 2 9 9 9 2 2 9 2 2 2 2 2 2 2
left_child=1 2 4 -4 6 -6 9 8 -8 11 -11 -1 15 23 26 16 17 18 -3 20 -5 24 -22 25 -21 -14 28 -28 -15 34 31 32 -31 -33 35 36 -2 -37 40 -40 43 42 -42 59 -43 46 -35 48 51 55 -51 53 -53 -36 56 -50 57 -49 -9 -32 -56 -62
right_child=29 12 3 19 5 -7 7 58 -10 10 -12 -13 13 14 -16 -17 -18 -19 -20 21 22 -23 -24 -25 -26 -27 27 -29 -30 30 38 33 -34 45 47 37 -38 -39 39 -41 41 44 -44 -45 -46 -47 -48 54 49 50 -52 52 -54 -55 60 -57 -58 -59 -60 -61 61 -63
leaf_value=0.43536472827078349 -0.90256090218864216 -0.0021422960377334376 -1.1239715259077059 1.6188705614277012 0.99285124099628685 -0.23281917433480503 0.034099346325239567 -0.10860769804291125 1.4690021980120627 -0.18862187765081756 -0.54967509084507482 -0.00015278079891718478 -0.29624078525131065 1.3098992118488009 -0.16951814019239819 -0.17970773032635989 0.61577124542229034 -0.40031580765953872 0.60286787363694261 -0.30169367881795139 -0.37750872448076866 1.2546686464579553 0.11034863552241206 -0.53004998294070915 1.9745735361769432 0.026287750979803095 1.291262849201678 0.072433471449801612 -0.065693607687953653 -0.75186094004412274 -1.9221116010977164 -0.41783415056941975 0.1313561044753655 2.0232219364396093 0.7637259211335774 0.14822744161550752 0.26989232701529675 -0.2010072826935474 -0.16603918765989223 0.077665122814497334 -0.97057920104349804 0.0046148005101424253 0.19426604110155887 -0.14380544520526425 -0.23418255694804949 -0.25414843215854249 0.067370371516845315 0.023553471539769257 -0.019006604275784957 -4.8368613362370641e-05 0.2325141277355158 0.03778681526850889 1.468524778677579 -0.015875045171022607 0.21007574148174069 -0.31138658672646646 -1.4226529426649195 0.75477163536169201 -0.22587146682784454 0.43024171066137495 -0.11634067741960928 0.032665857976914126
leaf_weight=258 139 87 135 33 70 75 233 837 42 456 75 624 43 24 230 70 103 52 46 431 80 41 147 82 28 120 49 152 188 30 21 75 241 27 153 170 72 212 399 40 55 488 168 666 148 78 118 348 920 927 263 3599 87 9025 164 802 33 256 446 29 1060 1718
leaf_count=258 139 87 135 33 70 75 233 837 42 456 75 624 43 24 230 70 103 52 46 431 80 41 147 82 28 120 49 152 188 30 21 75 241 27 153 170 72 212 399 40 55 488 168 666 148 78 118 348 920 927 263 3599 87 9025 164 802 33 256 446 29 1060 1718
internal_value=-0.000250081 -0.000780361 -0.00113042 -0.00254733 -0.000705354 0.00363176 -0.00093729 -0.00176639 0.00166367 0 -0.00166199 0.000988701 0.00030024 -0.000505051 0.000483746 0.00242382 0.00378007 0.00099734 0.00358456 -0.00163827 0.000549451 -0.00282651 -0.00103261 -0.00327621 -0.00376082 -0.000828313 0.0022007 0.00435049 0 -0.000123647 -0.000884571 0.00126718 0.00406022 -0.00107973 -2.25553e-05 -0.00186661 -0.00485491 0 -0.00151702 -0.00340155 -0.000936713 0.000188515 0.00359513 -0.00236439 -0.000938967 0.000276549 0.00261824 3.16407e-05 -0.000114076 -0.000994854 0.000935162 8.16041e-05 0.000777237 -0.000193124 0.000687465 -0.0023487 0.00244231 0.0029654 -0.00255638 0.00424528 0.000279188 8.09061e-05
internal_weight=27788 5257 4011 895 3116 145 2971 1558 275 1413 531 882 1246 888 643 358 288 185 133 760 260 500 227 245 459 163 413 201 212 22531 2583 569 271 298 19948 593 211 382 2014 439 1575 859 223 716 636 223 145 19355 15776 2912 1190 12864 3686 9178 3579 1722 637 604 1283 50 2942 2778
internal_count=27788 5257 4011 895 3116 145 2971 1558 275 1413 531 882 1246 888 643 358 288 185 133 760 260 500 227 245 459 163 413 201 212 22531 2583 569 271 298 19948 593 211 382 2014 439 1575 859 223 716 636 223 145 19355 15776 2912 1190 12864 3686 9178 3579 1722 637 604 1283 50 2942 2778
cat_boundaries=0 2 4 6 8 10 12 14 16 18 20 22
cat_threshold=2149880146 1584492 2149843010 532552 2149585234 1032 36866 1057796 5243044 129 1572992 65665 537395201 344578 576331820 344578 268435585 4240 668091532 266369 105906184 16896
is_linear=0
shrinkage=0.05


Tree=134
num_leaves=63
num_cat=8
split_feature=15 22 20 17 21 8 18 2 20 20 2 22 2 8 17 17 18 21 18 11 21 2 22 21 9 2 4 18 10 20 20 8 0 9 9 21 18 21 18 9 17 8 20 10 22 10 9 11 11 8 22 11 18 9 18 4 13 18 20 18 9 8
split_gain=0.615904 1.39581 1.16193 1.2253 1.12071 1.18839 0.946443 1.17716 1.78516 1.23081 0.85098 1.03833 0.846026 1.23937 0.936491 0.897218 0.811105 1.73216 1.02535 1.36459 1.21292 1.60122 1.7001 1.6936 1.27205 1.06276 1.12233 0.977349 1.99095 1.22864 0.848456 0.840841 0.835181 2.53188 1.65482 0.820312 0.848393 0.82016 0.780083 0.78753 0.753507 0.741921 0.815036 0.739871 0.719127 0.700493 0.649207 0.628939 0.619223 0.610352 0.56854 0.778847 0.56667 0.550964 0.528219 0.51591 1.04106 0.965554 0.574263 0.513664 0.870562 0.501264
threshold=5.5000000000000009 59.042709086050898 26.500000000000004 1.4980687380625093 39.026315789473692 495.66500000000008 0.67424758947109131 0 29.500000000000004 38.500000000000007 1 34.519176845103324 2 2083.1350000000007 1.6046877608960823 1.0024541409419101 2.2967981627535248 88.309523809523824 1.7425195221130667 3010.4750000000004 62.67948717948719 3 67.914276660777759 129.45000000000002 1640.4450000000002 4 5 1.6734837666045348 1434.1750000000002 116.50000000000001 31.500000000000004 1343.3850000000004 6 1033.3750000000002 1373.7800000000004 85.944444444444457 2.0904134729569259 95.225000000000009 0.77017718267234414 377.94500000000005 0.81103141465805295 1417.0650000000003 92.500000000000014 3431.6150000000002 41.432877444040514 2723.8050000000007 1114.6100000000004 4982.5700000000006 3624.9800000000005 1801.2250000000004 8.9832184809140418 4013.6550000000002 1.0950960563313639 1003.4500000000002 2.5269250736163458 7 1.5000000000000002 1.0209661969038379 12.500000000000002 2.9462179617441135 1157.3550000000002 1309.3150000000003
decision_type=2 2 2 2 2 2 2 1 2 2 1 2 1 2 2 2 2 2 2 2 2 1 2 2 2 1 9 2 2 2 2 2 1 2 2 2 2 2 2 2 2 2 2 2 2 2 2 2 2 2 2 2 2 2 2 9 2 2 2 2 2 2
left_child=16 2 12 6 5 -5 7 9 -9 -4 -6 -12 13 14 15 -2 18 40 19 27 41 35 24 -24 -23 30 52 32 29 -29 48 -28 34 -34 -1 36 -22 44 46 -40 47 50 -43 -7 -19 -32 -8 -18 -21 -42 -20 -52 -27 -30 -39 -14 57 -57 -58 60 -56 -61
right_child=1 -3 3 4 10 43 38 8 -10 -11 11 -13 55 -15 -16 -17 17 37 20 25 21 22 23 -25 -26 26 31 28 53 -31 45 -33 33 -35 -36 -37 -38 54 39 -41 49 42 -44 -45 -46 -47 -48 -49 -50 -51 51 -53 -54 -55 59 56 58 -59 -60 61 -62 -63
leaf_value=-0.014224497041137596 -0.031000375603196375 -1.0254783948628607 -0.0026224619661853856 -0.16569710535492624 -0.011275351735454464 0.18332491469838352 -0.31708304618069649 0.28078478211847263 -0.043750091049229667 0.28369014937121068 0.21609929758613619 0.032311418662938789 -0.14042929228060216 -0.28382228792544922 -0.099685592501224649 0.072175062285263977 -0.30627019577480274 0.44910421869442563 -0.78221481829177686 -0.58431011036821023 0.0086289822660233998 0.044849846603954552 2.4098507351250142 0.53230749021693669 0.37765896437391505 -0.27326746163811111 0.066678163127171258 2.1715480790726676 -1.2207267833553126 5.0025054642743747 -0.46771931945209017 -0.24993656737718625 -0.027639587846060465 -0.5178695658247835 0.25038728675574901 -0.058377092781644185 1.027095474535711 -0.40699709163780007 -0.21950104903895992 0.0047772994090033551 -0.49646054681521562 -0.66718709238182905 0.70141519339669578 -0.0066387212781336309 -0.023701557708729129 -0.11402926885955314 0.18978171119368029 0.71251523391337068 1.3357914620325886 -0.0087975943821774656 0.13140698347506261 -0.74321173797277995 -0.055671567247982168 0.54082124398168896 2.3462811751282699 -0.27791355496147407 0.007577741508772818 0.1994389858228246 -0.046937273416918494 -0.35557727356959179 -0.0016526521376007963 0.047818102891922371
leaf_weight=12395 124 107 78 107 132 53 105 37 237 163 402 148 235 50 190 330 46 39 63 30 89 235 28 23 80 396 494 30 24 21 340 209 3739 690 1155 255 38 58 149 2672 324 29 27 102 29 122 28 25 27 61 65 37 559 20 21 22 117 31 206 48 47 45
leaf_count=12395 124 107 78 107 132 53 105 37 237 163 402 148 235 50 190 330 46 39 63 30 89 235 28 23 80 396 494 30 24 21 340 209 3739 690 1155 255 38 58 149 2672 324 29 27 102 29 122 28 25 27 61 65 37 559 20 21 22 117 31 206 48 47 45
internal_value=-0.000239286 0.000212337 0.00032774 0.000721807 0.00232313 -0.000283019 0.000270017 0.00224421 0 0.0046752 0.00339416 0.00421847 -0.000965214 0.000176803 0.000850077 0.00213348 -0.000361354 -0.00199397 -0.00030156 -0.000379555 0.00127315 0.00226365 0.00455145 0.0131944 0.00302673 -0.00156537 -0.000882705 -0.000233722 0.00471939 0.0113426 -0.00354793 0.000576117 -0.000263458 -0.000860221 -6.45614e-05 0 0.00317308 0.000905172 -5.91816e-05 0.000101806 -0.00392157 -0.00184152 0.00254237 0.0022943 0.0056338 -0.00435484 -0.00376838 0.000168919 0.00145833 -0.00480026 -0.00364583 -0.000714286 -0.00200155 -0.00212766 -0.000394144 -0.00230369 -0.000899743 0.00513393 -0.0021089 0.000838415 0.00422535 -0.00117188
internal_weight=27788 5825 5718 4413 944 262 3469 515 274 241 682 550 1305 694 644 454 21963 743 21220 20251 969 748 366 51 315 2177 1658 18074 95 51 519 703 17979 4429 13550 382 127 287 2954 2821 456 221 56 155 68 462 133 71 57 385 165 102 955 44 219 611 376 53 323 161 68 93
internal_count=27788 5825 5718 4413 944 262 3469 515 274 241 682 550 1305 694 644 454 21963 743 21220 20251 969 748 366 51 315 2177 1658 18074 95 51 519 703 17979 4429 13550 382 127 287 2954 2821 456 221 56 155 68 462 133 71 57 385 165 102 955 44 219 611 376 53 323 161 68 93
cat_boundaries=0 1 2 3 4 5 6 7 8
cat_threshold=1329 1033 921 655 2128 13 1 5
is_linear=0
shrinkage=0.05


Tree=135
num_leaves=63
num_cat=7
split_feature=1 22 1 15 15 1 23 7 11 8 11 20 11 1 9 22 17 4 22 10 1 19 8 20 20 17 23 18 20 22 19 15 10 20 22 17 8 22 1 17 17 20 18 11 8 9 9 20 17 17 10 9 17 18 18 10 19 7 11 7 18 9
split_gain=0.65364 0.920297 1.40918 1.49801 0.828403 1.61667 1.45601 1.0175 0.902823 0.815422 1.16262 0.803709 0.799082 1.32082 1.2114 1.17395 0.973471 1.20979 0.986221 0.811993 0.793491 0.780043 0.775119 0.730858 0.896259 0.990429 1.93089 0.72419 0.886621 0.724819 0.694951 0.707636 0.966578 0.690968 0.877143 0.744886 0.689707 0.677206 2.79403 0.848444 0.662614 0.732477 0.653083 1.12679 0.649813 0.731606 0.53885 0.537823 0.52976 0.848479 0.525328 0.516753 0.725404 0.511966 0.527066 0.498133 0.482321 0.441684 0.405161 1.88019 0.460733 0.394396
threshold=0 43.842521175838492 1 2.5000000000000004 5.5000000000000009 2 8.5000000000000018 661.36500000000012 6932.2800000000016 1020.7100000000002 4105.9000000000015 45.500000000000007 3090.8500000000004 3 2036.6300000000003 38.096806153619177 0.82229620088665911 4 19.656444638480519 2388.3750000000005 5 5005.8400000000011 1309.3150000000003 26.500000000000004 28.500000000000004 1.120219369373997 16.500000000000004 1.9764497642952248 30.500000000000004 21.12094790847804 2851.1000000000004 18.500000000000004 4341.8900000000003 35.500000000000007 34.261529159802997 1.6409819565172425 363.92500000000007 57.014252546687437 6 2.0049353783127932 1.0223846326214827 90.500000000000014 0.67424758947109131 1746.2400000000005 310.62500000000006 1208.6850000000002 1725.3200000000004 95.500000000000014 1.1460828076313609 1.4980687380625093 3243.7350000000001 1090.6800000000003 1.3721365464486655 0.12776461168803829 0.20361931238343248 1114.7050000000004 3886.7750000000005 85.910000000000011 2131.2650000000008 352.15000000000003 0.91791363250572755 578.70500000000027
decision_type=9 2 9 2 2 9 2 2 2 2 2 2 2 9 2 2 2 9 2 2 9 2 2 2 2 2 2 2 2 2 2 2 2 2 2 2 2 2 9 2 2 2 2 2 2 2 2 2 2 2 2 2 2 2 2 2 2 2 2 2 2 2
left_child=1 12 3 55 6 7 8 40 21 11 -11 -8 14 27 15 19 -15 18 -18 20 -1 37 -21 30 25 26 -25 44 46 -30 31 32 -7 34 -26 -35 -17 39 -39 -2 41 -6 -4 -44 -14 -46 -29 48 57 -50 -19 52 -42 -23 -55 -3 -32 -5 59 -13 -60 -27
right_child=4 2 42 47 5 23 9 -9 -10 10 -12 58 13 16 -16 36 17 50 -20 22 -22 53 -24 24 33 61 -28 28 29 -31 56 -33 -34 35 -36 -37 -38 38 -40 -41 51 -43 43 -45 45 -47 -48 -49 49 -51 -52 -53 -54 54 -56 -57 -58 -59 60 -61 -62 -63
leaf_value=0.045201205907154929 -0.049183639833393758 -0.84554140374296338 -1.1534397321953278 1.648983078616415 -0.18950811823261413 0.00089655977608487096 0.10137620292534706 0.45598349141283667 -0.46554467324714754 0.78429645397517478 -0.27293251971268123 -1.2642421770634575 0.12663424423735617 -0.45808307919957997 1.4462601851006589 0.016373560155758329 -0.15412928399330605 0.433041699958568 0.094697572544836461 -0.71883699873790663 -0.096373442795970737 -0.5732733617449981 0.55169499234246933 0.20423965000243555 -0.0060579888320928532 -0.29845719386746911 -0.0071885756249174372 0.045176902718243199 0.18245876114242279 -0.083213670537953463 -0.35256317964886652 0.055165498025028015 -0.085467824879779289 0.0084109118688886052 -0.5656187375478039 0.15195209481823735 0.83929147812320171 1.1931563193782466 -0.0046766755565414543 0.011047501539548322 0.027852492254554218 0.064964697675280819 0.85365050193734149 -0.36256082240926307 -0.52959872750101888 -0.11763762642831158 -0.17629467456011763 0.31463366998065401 -1.3490158651349209 -0.020628278980274219 0.010726062670212144 0.00074843133917870122 0.66041673537879442 0.023101178339841155 -0.54343035949569196 -0.22743158339769209 -0.028478032396019162 -0.09721024444550129 -0.28606892571981124 0.24784342374701113 -0.61698044611984015 0.083312875566340594
leaf_weight=1344 7766 77 110 20 53 681 53 139 125 36 91 39 28 42 58 69 95 137 62 62 1429 49 22 47 550 21 26 23 122 106 64 21 159 2206 95 291 74 348 1910 7275 40 20 51 195 110 251 92 169 34 130 79 90 21 43 67 38 37 40 48 65 152 91
leaf_count=1344 7766 77 110 20 53 681 53 139 125 36 91 39 28 42 58 69 95 137 62 62 1429 49 22 47 550 21 26 23 122 106 64 21 159 2206 95 291 74 348 1910 7275 40 20 51 195 110 251 92 169 34 130 79 90 21 43 67 38 37 40 48 65 152 91
internal_value=-0.000235688 -0.000750197 -0.00224913 -0.000383877 -0.000118225 0.00047261 -0.000273243 0.00362367 -0.000195468 -0.00297741 9.61538e-05 -0.00420139 -0.000430727 -0.00155435 0 -0.00014985 0.000613318 0.0015625 -0.00154412 -0.000388986 -0.000220641 -0.000161789 -0.00517241 0.000183054 0.000544294 0.00392287 0.00838816 -0.00281879 -0.000975434 0.000649351 -0.00101036 -0.000477431 -0.000771056 0.000325914 -0.00109954 0.000715 0.00419521 -0.00012643 0.00067448 -0.0002501 0.00132159 -0.00213816 -0.00460705 -0.00291165 -0.00436862 -0.0049794 -0.00455508 0.000978535 -0.000440529 -0.00209581 0.00393013 0.00332792 0.00683594 -0.00362654 -0.00110619 -0.00540254 -0.00492788 0.0031746 -0.00521173 -0.00186916 -0.00665025 0.000434783
internal_weight=27788 5069 864 508 22719 4652 18067 363 17583 484 127 357 4205 1147 3058 3000 415 373 157 2857 2773 17458 84 4289 3327 185 73 732 343 228 962 861 840 3142 645 2497 143 17299 2258 15041 224 73 356 246 389 361 115 393 224 164 216 151 61 159 110 115 101 60 304 104 200 112
internal_count=27788 5069 864 508 22719 4652 18067 363 17583 484 127 357 4205 1147 3058 3000 415 373 157 2857 2773 17458 84 4289 3327 185 73 732 343 228 962 861 840 3142 645 2497 143 17299 2258 15041 224 73 356 246 389 361 115 393 224 164 216 151 61 159 110 115 101 60 304 104 200 112
cat_boundaries=0 2 4 6 8 9 11 13
cat_threshold=2149855282 1846540 2147749904 1057792 1099432704 49184 2147749904 262404 20 12322 786692 33670212 196656
is_linear=0
shrinkage=0.05


Tree=136
num_leaves=63
num_cat=11
split_feature=1 21 10 1 9 1 9 1 22 21 18 1 1 11 17 6 9 19 5 18 11 18 20 21 1 15 17 17 20 11 15 1 21 11 8 5 1 17 1 20 5 5 21 1 21 5 14 11 11 23 23 22 5 20 17 17 10 19 11 22 17 19
split_gain=0.676091 0.915611 1.22914 1.60958 1.18652 2.34906 1.33878 1.49327 1.69332 1.30174 1.98 1.16647 1.16048 1.26751 1.11976 1.03954 1.01646 0.984829 0.982524 0.977829 1.00747 0.947565 0.823422 0.823309 1.76419 1.47651 1.47601 1.25116 1.22594 1.35964 1.01483 1.3509 2.83932 1.20664 1.19015 1.18701 1.10499 0.9841 1.44558 1.32703 0.924554 1.27779 1.05797 0.884031 0.993564 1.30338 0.828423 0.819297 2.44551 0.90002 0.876174 0.802047 0.789152 0.76882 0.79501 1.3951 0.741478 0.740739 0.663096 1.09814 0.657692 0.657141
threshold=0 119.08333333333336 2448.4450000000006 1 1395.9650000000001 2 914.47500000000025 3 28.541950719393718 27.032258064516132 1.3360008613150123 4 5 678.1450000000001 1.2436211369362569 3372.3600000000001 1844.7150000000001 1728.1100000000001 286.50000000000006 1.3923548470233056 5350.0950000000012 3.8701908836344572 44.500000000000007 127.08333333333336 6 1.5000000000000002 2.6666706987621476 3.309924417575453 393.50000000000006 398.23000000000008 5.5000000000000009 7 58.035714285714292 5239.0900000000011 1.0000000180025095e-35 81.500000000000014 8 2.3547757814695438 9 203.50000000000003 284.50000000000006 327.50000000000006 134.41666666666671 10 1.0000000180025095e-35 231.50000000000003 1.5000000000000002 4535.4100000000008 5146.4300000000012 8.5000000000000018 22.500000000000004 21.214381881432832 299.50000000000006 231.50000000000003 2.3165463429384996 1.5899234596658887 1033.3750000000002 756.3950000000001 3913.4349999999999 18.37809961192384 2.0098902678645172 71.764999999999887
decision_type=9 2 2 9 2 9 2 9 2 2 2 9 9 2 2 2 2 2 2 2 2 2 2 2 9 2 2 2 2 2 2 9 2 2 2 2 9 2 9 2 2 2 2 9 2 2 2 2 2 2 2 2 2 2 2 2 2 2 2 2 2 2
left_child=1 2 4 47 6 9 11 14 -9 22 -11 52 61 17 -8 51 -5 -14 -13 20 -18 -21 -6 28 26 -26 53 -28 29 46 33 34 -33 35 -32 -31 -35 40 -39 -40 42 -42 -27 -30 45 57 -2 -4 49 -49 -50 -7 -1 54 55 -25 -29 -45 -15 -60 -55 -3
right_child=23 12 3 16 5 15 7 8 -10 10 -12 18 13 58 -16 -17 19 -19 -20 21 -22 -23 -24 24 25 37 27 56 43 30 31 32 -34 36 -36 -37 -38 38 39 -41 41 -43 -44 44 -46 -47 -48 48 50 -51 -52 -53 -54 60 -56 -57 -58 -59 59 -61 -62 -63
leaf_value=0.2929829990336888 -0.88465229485298846 -0.025057249666991768 -0.38278671111234708 -0.088573070239248791 -0.14771709666671359 0.47249846773771531 0.004675944582892555 0.057507926354246841 -0.32616364661054115 1.0126639358373339 0.22562347036239139 -0.068287469966773803 -1.5676712265237798 -0.033444882232419815 -0.4890379316175153 -0.5577680362119285 0.89336615152985432 0.014288004420768274 0.1118259476097193 -0.10751457288925828 -0.093190645164155761 0.10821346248328984 1.4756700753451568 0.078432931764996286 -0.58031148749228123 0.55751266624250351 3.8638222979564434 1.9085152510910406 -0.16682673830307948 -0.18989575794647173 0.18601596313320068 0.0085424046286272769 0.4250787334982768 0.0070773030157667456 -0.0035664590550384292 -0.0027377788010966245 -0.47004641193843144 -0.31928977242216805 0.59825894039172878 2.6563686275515526 -0.85861902893774067 0.044452601482768729 0.0026240129286051687 1.1139142200389778 -1.2219759453536825 0.12043225786552512 0.43104504264913324 0.68014167249576518 -0.1592347505919019 -0.35793468461910793 0.07396847972860901 -0.63216820807488916 -0.077865914676257836 0.60913734489525673 -0.91920692729679099 1.0620453244498094 -1.3483567547873656 4.1771590767294686 0.76343313229611354 -0.013293452788516902 -1.605762025355115 -0.62737424952689835
leaf_weight=852 400 159 210 271 58 102 101 588 195 55 71 1732 76 888 375 78 63 52 370 125 21 28 53 299 277 191 33 44 126 2755 94 786 197 130 3112 8365 225 111 245 57 226 173 1739 24 29 54 71 48 273 21 55 34 153 83 52 239 28 79 22 41 68 306
leaf_count=852 400 159 210 271 58 102 101 588 195 55 71 1732 76 888 375 78 63 52 370 125 21 28 53 299 277 191 33 44 126 2755 94 786 197 130 3112 8365 225 111 245 57 226 173 1739 24 29 54 71 48 273 21 55 34 153 83 52 239 28 79 22 41 68 306
internal_value=-0.000214098 -0.000620911 -0.000328559 -0.00182245 7.78008e-06 0.00245044 -0.000234607 -0.0016145 -0.000172739 0.00575 0.00949612 0.000309486 -0.00171299 -0.000721154 -0.00378323 -0.00121145 0.000191939 -0.00534351 -0.00034279 0.00265625 0.00689655 0 0.00142544 -6.15006e-05 0.000591391 4.12269e-06 0.00259022 0.00821759 -0.000218085 -0.000281169 -0.000197868 0.00046219 0.00207078 -0.000443239 -2.32992e-05 -0.00034613 -0.00331704 0.000373406 0.00261418 0.00436508 -5.36021e-06 -0.00220771 0.000426798 0.00285714 0.0048995 0.00679687 -0.00292722 -0.00352823 -0.00203125 0.00607639 -0.00392749 0.00107914 0.00170678 0.00173051 0.00257167 0.00318854 0.00333333 0.0100236 -3.93082e-05 0.00473485 -0.00121753 -0.00379184
internal_weight=27788 7476 5932 1115 4817 451 4366 1259 783 237 126 3107 1544 1079 476 214 508 128 2102 237 84 153 111 20312 3865 3019 846 105 16447 16135 15664 4189 983 11475 3206 11120 355 2742 413 302 2329 399 1930 312 186 157 471 607 397 69 328 136 1005 741 590 538 72 103 951 63 151 465
internal_count=27788 7476 5932 1115 4817 451 4366 1259 783 237 126 3107 1544 1079 476 214 508 128 2102 237 84 153 111 20312 3865 3019 846 105 16447 16135 15664 4189 983 11475 3206 11120 355 2742 413 302 2329 399 1930 312 186 157 471 607 397 69 328 136 1005 741 590 538 72 103 951 63 151 465
cat_boundaries=0 2 4 6 8 10 12 14 16 18 20 22
cat_threshold=2183606362 1838381 2181312520 257 2181042184 787457 2147491922 1573892 2147557458 1573132 65618 786444 1074299137 196626 877692033 658 553648256 18 4 37504 536870912 98432
is_linear=0
shrinkage=0.05


Tree=137
num_leaves=63
num_cat=17
split_feature=15 1 1 11 5 1 19 10 1 17 5 5 1 2 10 11 2 1 20 20 6 11 5 21 17 21 22 21 2 16 21 5 17 5 22 11 20 5 17 14 19 22 11 11 18 1 2 10 2 1 1 21 1 5 18 17 19 5 5 2 19 2
split_gain=0.69889 1.35732 1.18459 1.10573 1.21162 1.48505 1.04295 1.11667 1.77236 1.03468 1.54874 1.69184 1.65758 1.30082 1.21036 1.64239 1.1979 1.991 1.56282 1.16891 1.046 1.03415 1.07452 0.948268 0.915222 0.923675 0.744581 1.07173 1.62555 0.830622 1.01618 0.730757 0.877279 0.719824 0.662159 0.911283 0.656317 0.958831 0.693158 0.676094 1.18713 0.824059 0.585306 1.04268 1.59525 1.44374 1.24358 1.20627 1.15513 0.963627 0.793972 0.988934 0.789754 0.794649 0.789582 0.802714 0.776725 0.70307 1.41103 0.670169 1.31203 0.552013
threshold=3.5000000000000004 0 1 422.66000000000003 264.50000000000006 2 1562.6200000000001 815.68000000000018 3 0.67109877190641354 350.50000000000006 319.50000000000006 4 5 1362.6300000000003 3217.9400000000005 6 7 86.500000000000014 78.500000000000014 2501.0100000000007 761.45000000000016 314.50000000000006 204.25000000000003 1.7155094130185395 61.519230769230781 54.478435474689782 82.612500000000011 8 2.1014742071048125 106.07142857142858 345.00000000000006 2.270936284630849 245.50000000000003 25.457332055064509 3962.4500000000003 56.500000000000007 32.500000000000007 1.7141244226031103 2.5000000000000004 1436.3300000000002 29.20659146773372 398.23000000000008 979.86500000000012 0.88325416531721201 9 10 361.06500000000005 11 12 13 259.25000000000006 14 258.50000000000006 0.27548821093457293 1.354589279961927 2136.4150000000004 86.500000000000014 82.500000000000014 15 1402.5550000000001 16
decision_type=2 9 9 2 2 9 2 2 9 2 2 2 9 1 2 2 1 9 2 2 2 2 2 2 2 2 2 2 1 2 2 2 2 2 2 2 2 2 2 2 2 2 2 2 2 9 1 2 1 9 9 2 9 2 2 2 2 2 2 1 2 1
left_child=1 3 26 -1 6 31 7 8 -5 13 11 16 20 34 -15 -16 17 -11 -18 -14 -13 -7 -23 -9 -8 -26 27 36 33 -28 -31 32 -6 -29 35 -4 39 -38 -39 41 -41 -2 49 44 45 48 -47 57 -44 54 51 -49 59 -54 55 -3 -52 58 -45 60 -51 -17
right_child=2 42 9 4 5 21 24 23 -10 10 -12 12 19 14 15 61 18 -19 -20 -21 -22 22 -24 -25 25 -27 29 28 -30 30 -32 -33 -34 -35 -36 -37 37 38 -40 40 -42 -43 43 47 -46 46 -48 50 -50 52 56 -53 53 -55 -56 -57 -58 -59 -60 -61 -62 -63
leaf_value=0.80815896756773642 -0.045328514224650895 -0.1513099207349079 0.66494025692248726 -0.33364259683188213 -0.0031085922740288654 -1.4075198895809309 -1.5239622061550251 -0.43102341079386819 0.49303733236993763 0.043963730683148232 -0.12698271546382545 0.069453667735224212 0.12390919313974003 -0.39966168047161865 0.34033048460086629 0.013134429180175645 0.0050221063748990607 -0.063435145864147377 0.16871749310373865 1.4397967051493197 -0.15694532184940047 0.64573402622138509 -0.63792630087129965 0.10515120084195076 -0.73041853006881718 0.042597888017972534 -0.91233536059053333 0.099992779115478936 0.38681516370128866 0.33758761626523359 -0.64988960453694355 3.3834619808771311 1.54965734646174 -0.55895101251283563 -0.082582133186725318 -0.03749847921719969 0.057036277650190571 -0.14235851095924765 0.015638436493507869 -0.012205765896495536 -0.31781750803222125 0.3613353801298308 -0.017877188255950305 -1.3448210775708196 2.3916743526674789 1.0361548949002413 -0.055239641208198978 0.074394926215041943 1.169841377256615 5.5217753280672186 -0.049002516033293378 -0.61605504608741057 0.045350387882117364 5.3591346222763061 2.3405914801492615 -1.6113842991535714 -0.18351624961196508 -1.4197836687343739 4.5217761060876986 -1.0869262304298573 -0.61150211132798526 -0.43136711592214394
leaf_weight=215 166 43 39 281 176 47 73 992 238 505 244 204 345 300 51 110 4682 1855 1367 105 149 148 117 115 239 64 99 54 153 63 49 29 61 63 53 26 62 403 78 457 41 118 308 76 52 369 2487 1664 439 33 5983 97 177 40 27 144 639 105 25 257 76 111
leaf_count=215 166 43 39 281 176 47 73 992 238 505 244 204 345 300 51 110 4682 1855 1367 105 149 148 117 115 239 64 99 54 153 63 49 29 61 63 53 26 62 403 78 457 41 118 308 76 52 369 2487 1664 439 33 5983 97 177 40 27 144 639 105 25 257 76 111
internal_value=-0.000201504 -0.00041985 8.3647e-05 -0.00142005 -0.0017228 0.000215146 -0.00230673 -0.0017035 0.000119732 0.000297766 0.000438736 0.00054802 0.00274504 -0.00155123 -0.0025641 0 0.000331372 -0.000611041 0.000707275 0.00469762 0 -0.002 -0.000606343 -0.00260135 -0.00474934 -0.00322712 -0.00108576 -0.000680538 0.00210623 -0.00391355 -0.000434783 0.00295699 0.00182292 -0.00201923 0.0028626 0.00643382 -0.00128953 -0.00263278 -0.00343492 -0.000286624 -0.00144711 0.00156794 -0.00020013 -0.000110231 0.00059117 0.000447171 -5.2283e-05 -0.00041463 0.00238487 -0.00151563 -0.000314512 0.000613021 -0.000314597 0.00190217 -0.00429515 -0.00572368 -0.000568953 -0.0041866 -0.000600962 -0.001781 0.00112705 -0.00206473
internal_weight=27788 15836 11952 2795 2580 578 2002 1626 519 10146 9456 9212 803 690 572 272 8409 2360 6049 450 353 312 265 1107 376 303 1806 1595 270 211 112 266 237 117 118 65 1325 543 481 782 498 284 13041 12244 3655 3603 2856 8589 747 797 8383 1761 583 217 214 187 6622 206 101 366 109 221
internal_count=27788 15836 11952 2795 2580 578 2002 1626 519 10146 9456 9212 803 690 572 272 8409 2360 6049 450 353 312 265 1107 376 303 1806 1595 270 211 112 266 237 117 118 65 1325 543 481 782 498 284 13041 12244 3655 3603 2856 8589 747 797 8383 1761 583 217 214 187 6622 206 101 366 109 221
cat_boundaries=0 2 4 6 8 10 11 12 14 15 17 18 19 21 23 25 26 27
cat_threshold=2318860624 1058885 67122186 575786 2147942400 1 2148794368 1048577 2719219713 65552 1800 3108 2451833168 65664 2138 340262951 81920 1280 1872 524448 266256 1140912640 152072 545263624 16512 84 2098
is_linear=0
shrinkage=0.05


Tree=138
num_leaves=63
num_cat=6
split_feature=6 4 14 15 21 21 15 2 21 17 8 11 9 11 11 17 5 2 5 16 10 6 17 2 15 21 17 6 19 19 9 19 19 21 19 2 5 8 5 14 19 16 16 17 19 2 21 9 10 19 10 5 11 11 10 11 10 17 8 16 10 5
split_gain=0.540927 0.68019 0.674183 0.580273 1.44127 3.45856 1.17892 1.28546 1.04166 1.35619 1.39948 1.42349 1.23158 0.989567 1.34754 0.948717 2.2698 1.9018 1.36691 1.09749 0.998461 1.01651 0.994888 0.946117 1.19796 1.34535 1.2253 1.00879 2.97892 1.18545 0.928671 0.904637 1.07131 0.899056 0.884653 0.865099 0.864346 0.845623 0.815573 0.778704 0.736626 0.687347 0.605971 0.585264 0.585063 0.565837 1.00587 0.948281 0.502721 0.424318 0.413067 0.3762 0.409049 0.509679 0.372424 0.28679 0.31205 0.244559 0.205152 0.193303 0.16755 0.164126
threshold=982.82000000000016 0 1.5000000000000002 2.5000000000000004 24.513888888888893 118.08333333333336 1.5000000000000002 1 127.08333333333336 0.95997762378332074 92.63000000000001 791.96500000000003 275.78500000000003 2665.6700000000005 2546.0350000000008 2.5711187412023864 170.50000000000003 2 83.500000000000014 0.56677021336914979 538.10500000000013 1734.8500000000001 1.3917731622720997 3 3.5000000000000004 64.038461538461561 1.7239195065112967 6391.4700000000003 2592.2250000000004 44.645000000000103 1383.8450000000003 229.905 221.28999999999988 5.5000000000000009 855.08500000000004 4 139.50000000000003 1003.575 248.50000000000003 1.5000000000000002 682.65500000000009 1.4915242447020169 1.4134421097888219 3.0079157151870466 1307.2150000000001 5 121.08333333333336 863.34500000000014 550.36500000000012 3719.2950000000014 1178.4900000000002 199.50000000000003 2806.4550000000004 1898.5450000000003 720.6600000000002 299.98500000000007 2135.6350000000007 2.1465892403867488 720.34500000000014 0.92718149152805951 1178.4900000000002 54.500000000000007
decision_type=2 9 2 2 2 2 2 1 2 2 2 2 2 2 2 2 2 1 2 2 2 2 2 1 2 2 2 2 2 2 2 2 2 2 2 1 2 2 2 2 2 2 2 2 2 1 2 2 2 2 2 2 2 2 2 2 2 2 2 2 2 2
left_child=1 2 50 4 15 55 7 40 23 51 -11 12 -12 14 -8 17 19 18 48 39 22 -22 -19 27 25 33 -27 28 29 -5 -15 32 -26 -25 42 -13 -30 -36 -33 -17 -7 59 -18 -21 -20 58 47 -47 -2 -43 54 52 53 -10 -1 -6 57 -57 61 -29 -53 -3
right_child=3 45 -4 8 5 6 13 -9 9 10 11 35 -14 30 -16 16 34 20 44 43 21 -23 -24 24 31 26 -28 41 36 -31 -32 38 -34 -35 37 -37 -38 -39 -40 -41 -42 49 -44 -45 -46 46 -48 -49 -50 -51 -52 60 -54 -55 -56 56 -58 -59 -60 -61 -62 -63
leaf_value=-0.070366463718180228 -0.44210781579904757 2.8621615600197989 -0.98800831062931715 0.023287945626999474 -0.41036221616696589 -2.4954045075054574 -0.0073588413441513017 -1.5429089027671836 -0.053775543740143664 -1.4706738695094375 0.098516697192708239 0.0089244861196775115 4.0705643878802098 0.32016577499445487 1.2411167084712589 0.64512981768834732 -0.80045329110341656 -0.95165080486594356 5.9286720376822979 1.2912225886347599 -1.3691740683945881 -0.18649311560037277 0.45828971736122742 1.0334644375393567 -0.0093543204667593475 -0.24020595261536004 0.06461965722608963 -0.060570182426276459 0.2365008824982005 -0.027760001445347626 -0.8409510498742272 0.03777762261864126 -0.43576077845271366 -0.47273543177059452 0.046516780718841494 0.23114742801893443 0.54652692166062278 1.5085537397935973 -0.022834360396166889 3.3820942764164879 0.0493564947265277 -0.039551759500646357 3.5743234698038648 -0.11560741888295639 0.42841007180150259 3.553153902655978 -0.39359291385037842 0.027143993143620017 2.0465061897916739 0.049903627378375504 -0.56774932928790478 -1.5471609928591747 1.1225317104120855 -1.2360905457333893 2.1026204474029893 -1.3163915907139854 0.048124708523709717 -0.58327987863531805 0.52972314287945821 -0.49856090546768855 -0.30297633025064724 -0.61628563758756172
leaf_weight=45 102 28 37 2372 34 27 2013 205 67 37 46 1024 45 70 53 24 20 192 52 87 294 1515 367 34 5410 1087 416 35 35 1631 168 1853 29 565 572 1124 78 202 827 27 263 63 318 3269 21 51 32 34 42 47 20 41 27 39 36 277 24 162 23 60 30 60
leaf_count=45 102 28 37 2372 34 27 2013 205 67 37 46 1024 45 70 53 24 20 192 52 87 294 1515 367 34 5410 1087 416 35 35 1631 168 1853 29 565 572 1124 78 202 827 27 263 63 318 3269 21 51 32 34 42 47 20 41 27 39 36 277 24 162 23 60 30 60
internal_value=-0.000192508 0.00169377 -0.000827815 -0.00021969 -0.000514275 -0.00137921 -0.000673626 -0.00288655 -3.67107e-05 0.000906162 0.00127249 0.00145517 0.00757979 -0.000173385 0.000157081 -0.00010553 0.000323419 -0.000874227 0.00342391 -0.000304252 -0.00130197 -0.00188328 0.000467082 -0.0002011 -0.000465361 -0.00153207 -0.000688911 0.000412437 0.000594805 0.000352596 -0.00321577 -0.000183145 -0.000558159 -0.00355066 0.002287 0.00116225 0.00851293 0.00125483 0.000559076 0.00671296 -0.000412541 -0.00294471 0.00447214 -0.000431676 0.00904605 0.0033195 0.00567308 0.00894886 0.000340136 0 0.000841346 -0.00289855 -0.000827206 -0.00252294 0.00282738 -0.005225 -0.00555258 -0.00585407 0.000100806 -0.0059949 -0.00591216 -0.000549451
internal_weight=27788 366 138 27422 10400 3296 2799 495 17022 2480 2276 2239 91 2304 2066 7104 4519 2585 217 3407 2368 1809 559 14542 10221 2102 1503 4321 4116 4003 238 8119 5439 599 1112 2148 113 774 2680 51 290 205 338 3356 73 228 117 85 144 110 101 204 133 106 81 497 463 439 111 95 71 88
internal_count=27788 366 138 27422 10400 3296 2799 495 17022 2480 2276 2239 91 2304 2066 7104 4519 2585 217 3407 2368 1809 559 14542 10221 2102 1503 4321 4116 4003 238 8119 5439 599 1112 2148 113 774 2680 51 290 205 338 3356 73 228 117 85 144 110 101 204 133 106 81 497 463 439 111 95 71 88
cat_boundaries=0 1 2 3 4 5 6
cat_threshold=3 2157 32 1668 2732 405
is_linear=0
shrinkage=0.05


Tree=139
num_leaves=63
num_cat=10
split_feature=1 2 11 21 10 8 18 22 15 21 22 1 2 1 22 18 10 7 15 16 8 10 22 21 11 2 22 1 8 7 23 17 16 7 11 7 1 21 23 18 17 16 1 8 9 21 16 8 2 8 22 9 10 22 18 21 11 10 18 21 21 8
split_gain=0.602093 1.04809 1.22986 1.63429 1.08047 1.05682 1.03933 0.952526 1.15543 0.933155 1.79723 1.67362 1.1584 1.15723 1.55914 1.37246 1.0585 1.43377 0.959355 1.11154 1.29418 1.19973 1.15967 1.08709 0.992758 1.20989 1.69701 0.94698 0.899376 1.1057 0.88084 0.880599 0.865036 0.855765 1.04928 0.851844 0.846126 1.09683 0.818863 1.03559 1.02284 0.812735 0.792582 1.54624 0.753955 0.750245 0.740677 1.01754 0.736077 0.673754 0.637153 0.604848 0.573054 0.565745 0.55859 0.552741 0.529004 0.514742 0.75604 0.463427 0.457131 0.378459
threshold=0 1 5972.2350000000015 58.035714285714292 2827.9850000000001 270.34000000000009 0.37684162062615112 49.060846150522039 2.5000000000000004 179.58333333333334 138.08105789622593 2 3 4 20.49148336742412 0.69133769956937419 577.99500000000012 710.0150000000001 5.5000000000000009 0.87784432877462126 1.0000000180025095e-35 1260.6750000000002 68.777781530079125 46.033333333333339 3511.2450000000003 5 59.042709086050898 6 754.27500000000009 661.34500000000014 5.5000000000000009 1.5801999278765089 1.6826233246911586 2092.3150000000005 5448.420000000001 1343.3850000000004 7 51.968750000000007 5.5000000000000009 1.6189791824103066 0.91461817388736566 1.5300711166705943 8 342.10500000000008 815.18000000000018 221.16666666666671 0.60002082103623622 1608.1650000000002 9 550.99500000000023 64.074435624406419 551.13500000000022 1061.0500000000002 55.148932550733754 0.61384015774754086 298.25000000000006 761.45000000000016 1135.4250000000004 0.70761521461351728 211.58333333333334 20.13602941176471 1240.0450000000003
decision_type=9 1 2 2 2 2 2 2 2 2 2 9 1 9 2 2 2 2 2 2 2 2 2 2 2 1 2 9 2 2 2 2 2 2 2 2 9 2 2 2 2 2 9 2 2 2 2 2 1 2 2 2 2 2 2 2 2 2 2 2 2 2
left_child=1 2 4 -4 5 -1 51 33 52 10 18 49 31 14 15 -14 -12 -18 24 20 21 -20 27 -22 36 30 -27 -21 29 -15 -26 56 -33 34 42 -30 37 -2 39 40 -10 -8 43 -3 -16 -34 -36 -48 -38 -11 -41 -7 -9 -40 -44 57 -13 58 -51 -59 -35 -54
right_child=9 7 3 -5 -6 6 41 8 38 11 16 12 13 28 44 -17 17 -19 19 22 23 -23 -24 -25 25 26 -28 -29 35 -31 -32 32 45 60 46 -37 48 -39 53 50 -42 -43 54 -45 -46 -47 47 -49 -50 55 -52 -53 61 -55 -56 -57 -58 59 -60 -61 -62 -63
leaf_value=-0.30842798743571614 -0.064944052495680901 0.33746064713625046 -0.012338626268209564 0.18419610902970052 -0.44485990167900397 0.065212978297992663 0.026431418274412446 -1.0957953389420305 2.2528778607188809 -1.676744697455687 -0.10893664066755981 1.6025719365666355 -1.0775618944227225 0.17387138020045115 3.710444444588862 3.7673778997050409 3.9463411935764086 1.0726179904278119 -0.072744028867301053 0.0049140716819366052 -0.070458332322867717 0.16229738612328273 -1.6015898635167494 0.11824248880018828 0.063116108856507577 -0.30759225907119331 0.52015120608639476 0.037085185780589391 0.74673351573914104 -0.65956650600726907 -0.29186873677300157 5.9665324455353419 -0.43699923112743594 0.47196957320429367 0.81629689928407323 -0.52533250347574101 0.0095293105316844873 0.95828437021271284 -0.045019341108342562 0.0047521083551419711 -0.29841416978178631 -0.13247351816414224 -0.020161440364523744 -0.2349234267630374 1.3783043427881965 0.2689671545317065 -0.26238220184802075 0.05272607381160848 -0.06118180113937486 -0.41522775815514806 2.4278675839830997 0.9363614933379758 0.281202576940634 -1.4273280076052071 0.04041072006746909 -1.3633065019881287 -1.1299695565601167 0.18454139100719547 1.45716911199235 -1.4351211961251562 1.6727281416696149 -0.66924401153356294
leaf_weight=265 153 121 70 33 122 73 286 91 36 90 32 23 75 580 39 49 32 42 52 2739 358 87 47 149 390 956 101 1210 275 71 151 27 137 25 20 61 4979 124 39 30 206 975 975 496 43 210 156 47 8502 43 33 43 36 62 1451 29 84 37 31 40 24 25
leaf_count=265 153 121 70 33 122 73 286 91 36 90 32 23 75 580 39 49 32 42 52 2739 358 87 47 149 390 956 101 1210 275 71 151 27 137 25 20 61 4979 124 39 30 206 975 975 496 43 210 156 47 8502 43 33 43 36 62 1451 29 84 37 31 40 24 25
internal_value=-0.000212299 -0.000669216 -0.00164229 0.00341981 -0.00198076 -0.00159574 -0.000987319 -0.00018335 -0.00209447 -9.06577e-05 -0.000193962 0.00095018 0.00155602 0.00239428 0.00582192 0.0019685 0.00619266 0.00941558 -0.000231238 0.000392896 -0.00150231 0.00255282 0.000712678 -0.00272059 -0.000423205 -0.00160837 -0.00258178 0.000819205 0.0015625 0.000401376 0.000248195 -0.000430162 0.000596817 0.000124322 7.6476e-06 0.00368732 -0.000281593 0.00237069 -0.000550122 0.000608766 -0.000714286 -0.00143394 0.000266743 -0.00128968 0.0114706 0 -0.00326327 -0.00430825 -0.000341819 -0.00256184 0.00625 0.00336134 -0.00580645 -0.00444712 0.000686757 -0.000546448 -0.00443182 0.000405844 0.00357143 -0.00203125 0.00649038 -0.000976562
internal_weight=27788 5740 1867 103 1764 1642 1377 3873 558 22048 20104 1944 1674 1193 206 124 106 74 19998 4642 646 139 3996 507 15356 1598 1057 3949 987 651 541 481 374 3315 3266 336 13758 277 406 305 242 1261 3043 617 82 347 223 203 13481 270 63 116 152 101 2426 180 107 151 74 77 49 61
internal_count=27788 5740 1867 103 1764 1642 1377 3873 558 22048 20104 1944 1674 1193 206 124 106 74 19998 4642 646 139 3996 507 15356 1598 1057 3949 987 651 541 481 374 3315 3266 336 13758 277 406 305 242 1261 3043 617 82 347 223 203 13481 270 63 116 152 101 2426 180 107 151 74 77 49 61
cat_boundaries=0 2 3 5 6 8 9 11 13 15 16
cat_threshold=2175021082 1584430 2824 336675904 299008 3590 33718788 65552 1070 877692033 657 1480589312 131072 2359296 2054 3842
is_linear=0
shrinkage=0.05


Tree=140
num_leaves=63
num_cat=12
split_feature=1 5 21 5 11 21 2 16 1 16 5 9 10 21 2 6 21 20 2 19 1 18 1 5 1 10 9 9 19 1 18 5 21 2 1 10 2 20 9 19 9 20 19 21 16 9 20 21 21 5 20 6 5 5 5 9 5 5 10 21 9 21
split_gain=0.598497 1.18257 1.10425 1.21105 1.11985 1.11771 1.37963 1.23388 1.51594 1.41287 1.04254 1.02027 0.915978 0.814552 1.84294 0.83053 0.810081 1.30753 1.44195 1.50495 1.43997 1.11943 1.01913 0.94887 1.03608 1.15337 0.960405 0.8075 0.750125 0.936439 1.55098 1.40708 1.21808 0.764692 0.743771 1.45538 1.3618 0.72839 0.627196 0.588755 0.556119 0.556093 2.31491 0.545484 0.800031 0.542041 0.530028 0.465431 0.357038 0.341016 0.297848 0.292299 0.289277 0.277419 0.426412 0.259429 0.246735 0.237391 0.235973 0.229464 0.104498 0.143229
threshold=0 10.500000000000002 39.51315789473685 17.500000000000004 567.18000000000018 51.519230769230781 1 1.522166176187439 2 1.7079316629130863 22.500000000000004 1.0000000180025095e-35 3348.4100000000003 32.205263157894741 3 3650.2500000000005 179.58333333333334 402.00000000000006 4 2540.8200000000002 5 1.3792499246489391 6 11.500000000000002 7 1897.6950000000004 1008.4600000000002 1130.1650000000002 2592.2250000000004 8 0.11545396157190065 81.500000000000014 86.354166666666671 9 10 684.03500000000008 11 119.50000000000001 846.51500000000021 2087.3300000000004 680.69000000000017 298.50000000000006 1101.5250000000003 250.16666666666671 1.7735956772629105 863.34500000000014 267.50000000000006 360.50000000000006 40.023809523809533 116.50000000000001 139.50000000000003 4496.4800000000005 181.50000000000003 291.50000000000006 265.50000000000006 1130.1650000000002 104.50000000000001 60.500000000000007 365.15000000000003 77.050000000000011 815.18000000000018 61.519230769230781
decision_type=9 2 2 2 2 2 1 2 9 2 2 2 2 2 1 2 2 2 1 2 9 2 9 2 9 2 2 2 2 9 2 2 2 1 9 2 1 2 2 2 2 2 2 2 2 2 2 2 2 2 2 2 2 2 2 2 2 2 2 2 2 2
left_child=1 37 3 27 11 6 12 8 -7 -9 45 -4 -6 15 -15 -12 23 18 22 20 39 -22 53 24 25 55 38 -3 34 30 -30 57 -33 -32 35 49 -37 60 40 -20 -26 46 -43 44 -24 -5 -36 -45 -8 -25 -21 59 -13 54 -18 -2 -19 -31 -54 -28 -1 -62
right_child=16 2 4 10 5 7 48 9 -10 -11 13 52 -14 14 -16 -17 17 56 19 50 21 -23 43 28 26 -27 51 -29 29 31 33 32 -34 -35 41 36 -38 -39 -40 -41 -42 42 -44 47 -46 -47 -48 -49 -50 -51 -52 -53 58 -55 -56 -57 -58 -59 -60 -61 61 -63
leaf_value=0.51220743664052315 -1.129531474433495 -0.77794008182345675 4.6803363433936029 1.3389979221980626 -0.070660038173163825 0.25557926171877554 -0.051085694899626957 -0.49389456910330359 -0.0028818784974850688 -0.04245562652430053 0.004622767405777317 -1.6789562640606173 0.25299167991096588 0.19609990770059885 -0.013316672162650534 -0.26302339287192283 -0.86857997419811994 -0.63354185144421327 -0.060228208574572409 0.80670515430770073 0.42723068051571289 5.0223869524299083 2.1210170638077224 1.8413353455773693 0.098719849915665847 0.050571619259600548 -0.63547509576318917 0.37811174780176099 -1.4109085526453655 -0.20352588631995838 0.0068095757359193602 0.39091564060689238 -0.10551417402238919 -0.153982123704587 -0.0039748410447504766 0.32402829035212322 -0.0868208162375705 -0.16812266121818703 1.6715442657619228 -2.0369614166636931 -0.43849895060511557 1.4925014001216028 -0.40540708586428026 1.5397778678826428 -0.41514926957106441 0.097080933733566618 -0.46866216140918482 -0.85204705318262919 -0.26480781783303126 1.3472541035590924 7.8924637110755871 0.15084546241265162 -0.0092256909908456919 -1.5785198489464953 0.21136378919283488 -0.56772343134008263 -0.69709843998717469 -0.87270497733961117 -1.1384699897808603 -0.083100040113108523 0.19907399012797244 -0.044363391502080601
leaf_weight=31 102 47 21 22 203 253 22 186 732 2383 1730 102 28 108 225 87 65 30 350 26 820 52 32 54 94 38 60 20 97 107 399 243 76 454 15727 286 279 26 40 20 49 389 337 111 201 24 231 24 319 53 33 22 45 56 36 20 28 45 20 27 21 20
leaf_count=31 102 47 21 22 203 253 22 186 732 2383 1730 102 28 108 225 87 65 30 350 26 820 52 32 54 94 38 60 20 97 107 399 243 76 454 15727 286 279 26 40 20 49 389 337 111 201 24 231 24 319 53 33 22 45 56 36 20 28 45 20 27 21 20
internal_value=-0.000190709 -0.000603693 -0.000693389 0.000182039 -0.001164 -0.000974812 -0.00304348 -0.000625527 0.000847672 -0.00121015 0.000409277 -0.00497382 0 0.000220622 0.00249256 -0.000171703 -5.73937e-05 0.000927398 0.00118917 0.00208333 0.00166667 0.00276836 -0.000952602 -0.00015664 -0.00241758 -0.00549133 -0.000327869 -0.00625 -9.91747e-05 -0.0012026 -0.0021028 0.000542355 0.00252329 -0.00135806 -5.7607e-06 0.00160584 0.000506162 0.00470297 0.00168011 -0.000848564 0 -7.48637e-05 0.00126886 0.000393701 -0.000900424 0.00765306 -0.000139402 0.00298913 -0.00497881 0.00693182 0.00987903 -0.00412946 -0.00639706 -0.00419118 -0.00204327 -0.0082 -0.00614754 -0.00322581 -0.00238971 -0.00541667 0.00733333 0.003125
internal_weight=27788 6675 6577 2263 4314 4126 572 3554 985 2569 2196 188 231 2150 333 1817 21113 1884 1826 1301 1242 872 525 19229 452 160 292 67 18777 1421 950 471 319 853 17356 672 565 98 183 370 143 16684 726 368 233 46 15958 135 341 107 59 109 167 157 101 122 58 152 65 87 72 41
internal_count=27788 6675 6577 2263 4314 4126 572 3554 985 2569 2196 188 231 2150 333 1817 21113 1884 1826 1301 1242 872 525 19229 452 160 292 67 18777 1421 950 471 319 853 17356 672 565 98 183 370 143 16684 726 368 233 46 15958 135 341 107 59 109 167 157 101 122 58 152 65 87 72 41
cat_boundaries=0 2 3 5 6 7 9 11 13 15 16 18 19
cat_threshold=2175152154 1588526 566 2156003344 1024 1162 3590 336674817 279168 570425344 294912 1572992 129 604536833 279057 1685 1547714560 131072 2864
is_linear=0
shrinkage=0.05


Tree=141
num_leaves=63
num_cat=4
split_feature=15 23 15 21 0 10 18 5 5 17 5 19 19 17 21 21 18 5 5 5 16 17 4 18 16 19 19 4 5 5 8 7 9 21 9 5 19 21 16 7 9 8 18 19 17 9 9 7 7 8 5 9 14 5 18 21 7 17 0 9 9 10
split_gain=0.678897 1.21624 1.36687 2.29276 1.26542 2.64195 2.5108 1.16631 1.68466 1.13881 1.10426 1.00421 1.51346 0.992101 1.4535 1.03789 0.893474 0.883364 3.43471 1.79496 0.874505 1.13838 1.1191 0.994181 1.68963 1.15754 1.14317 1.02958 1.12404 1.01513 0.963473 1.29883 1.403 1.12907 1.11184 0.966912 0.95675 0.873368 0.871573 0.855786 1.41785 1.12331 0.804678 1.34374 0.761442 0.752713 0.714102 0.707372 0.670333 0.662847 0.662225 0.863389 0.660806 0.66078 0.650429 0.639038 0.85029 0.856637 0.822351 0.81 1.03537 1.00291
threshold=3.5000000000000004 2.5000000000000004 2.5000000000000004 115.07142857142858 0 851.33500000000015 0.86418187052430839 271.50000000000006 314.50000000000006 1.9861689471146264 151.50000000000003 463.07499999999999 366.27000000000004 1.6184922794738708 316.50000000000006 229.33333333333334 0.21225704097312642 126.50000000000001 111.50000000000001 178.50000000000003 1.0639388779364871 0.72337295187931516 1 0.73342908001079177 1.1250791148552823 530.3950000000001 366.27000000000004 2 33.500000000000007 74.500000000000014 69.425000000000011 546.05000000000007 2270.8450000000007 60.035714285714292 448.24000000000001 256.50000000000006 1.0000000180025095e-35 188.16666666666671 1.2131583786053866 165.35500000000005 1235.7300000000002 241.62000000000003 0.798976793514793 1198.0400000000002 1.6063674015202329e-05 1105.6700000000003 467.54500000000007 394.84000000000009 823.54500000000007 436.44000000000005 80.500000000000014 1343.5150000000003 1.5000000000000002 137.50000000000003 0.61384015774754086 127.08333333333336 170.31500000000003 2.7499978736795563 3 900.2850000000002 1018.6350000000001 1199.9250000000002
decision_type=2 2 2 2 1 2 2 2 2 2 2 2 2 2 2 2 2 2 2 2 2 2 9 2 2 2 2 9 2 2 2 2 2 2 2 2 2 2 2 2 2 2 2 2 2 2 2 2 2 2 2 2 2 2 2 2 2 2 1 2 2 2
left_child=1 4 3 -3 13 11 9 10 -9 49 -8 12 -6 14 15 44 37 18 -13 -19 30 22 52 24 -23 26 36 28 -26 -29 34 -32 33 35 42 -33 -25 47 -27 40 -18 -41 43 -2 -1 -40 -28 -15 -17 -7 -36 -52 -22 -39 -14 58 -57 -58 59 61 -61 -4
right_child=20 2 55 -5 5 6 7 8 -10 -11 -12 17 54 16 -16 48 39 19 -20 -21 21 23 -24 25 27 38 46 29 -30 -31 31 32 -34 -35 50 -37 -38 53 45 41 -42 -43 -44 -45 -46 -47 -48 -49 -50 -51 51 -53 -54 -55 -56 56 57 -59 -60 60 -62 -63
leaf_value=0.38340566780482421 0.45636901190004125 -1.4668891987057326 -0.36900479678819526 -0.15703359137204417 0.062682116063217205 -1.0150551499470706 -0.038591632094433947 2.4652228881983875 -0.62053339140783814 -1.2600088302748107 -0.69438340813347355 -0.20956004477755635 1.1704937620842741 -0.42051998762591491 3.6017780355369013 -1.0463426526082671 0.12214094032972014 -2.4372809348566942 5.6037783323186581 -0.10135499478560064 -0.059730085623518649 0.72464431593074607 -0.14542194316622334 0.0074172805156379699 0.55285630302564492 0.19186277591222733 -0.080721685681137245 0.14035069053952967 -0.10249173115433657 0.035760452051542213 -0.066953827465170604 0.23840388816865288 -0.0101415328449332 -0.4992724724902935 -0.17117687315060304 -0.011899488308445873 -0.083549083886077471 2.7579349510699132 -0.058788117018640576 -1.0385386560954419 3.0045526692925226 0.048165680103828025 -0.16423697504971441 -0.70000537167887489 -0.11093793681664686 -0.2444397955678678 0.50856059516191332 0.007385738694312494 0.92600737373825981 0.80575991613845876 0.26207015178677934 -0.40688406588267195 0.13215269078511857 -0.13196137497232599 4.9130260700479704 -0.48235130276152066 0.014506677179123529 4.66031965104556 0.046661217745449339 -1.0116446644702493 -0.3831750152125345 0.18186065191928835
leaf_weight=199 45 228 321 615 612 42 442 77 61 429 346 351 66 564 34 95 197 156 47 424 261 46 479 5569 42 34 37 311 352 1312 1228 101 235 39 32 34 748 53 206 74 50 6376 96 62 1738 241 196 422 24 33 144 24 78 63 46 72 777 47 313 61 237 144
leaf_count=199 45 228 321 615 612 42 442 77 61 429 346 351 66 564 34 95 197 156 47 424 261 46 479 5569 42 34 37 311 352 1312 1228 101 235 39 32 34 748 53 206 74 50 6376 96 62 1738 241 196 422 24 33 144 24 78 63 46 72 777 47 313 61 237 144
internal_value=-0.000201504 -0.000416693 -0.00136178 -0.00305851 -0.000208269 -0.00108453 -0.00266923 -0.00104952 0.00301418 -0.00552268 -0.00183312 0.000219941 0.00165062 6.4446e-05 -0.000895843 -0.00109276 0.000328441 -0.00079001 0.000935162 -0.00205832 7.94647e-05 0.000277358 -0.00149208 0.000442454 0.00140973 0.000151052 0.000331909 0.00115718 -0.00104423 0.00171913 -0.000856583 -0.00141006 0.000940534 0.00437853 0.00126232 0.00661232 0.000195807 -0.000972851 -0.00219525 0.000550373 0.00345 0.000430033 -0.00115291 0.00147727 -0.000779639 -0.00286111 0.00376059 -0.00149141 -0.00563525 0 0.00394089 0.00526316 0.000603693 0.00294118 0.00695652 -0.000607595 0.000333704 0.000846433 -0.00143652 -0.00233355 -0.00440199 -0.00088141
internal_weight=27788 15836 2815 843 13021 3132 1430 926 138 504 788 1702 724 9889 2090 2056 7799 978 398 580 11952 9912 818 9094 2063 7031 6550 2017 394 1623 2040 1637 409 174 403 135 6317 1102 481 6697 247 6450 203 107 1937 447 233 986 119 75 200 168 339 116 112 1972 896 824 1076 763 298 465
internal_count=27788 15836 2815 843 13021 3132 1430 926 138 504 788 1702 724 9889 2090 2056 7799 978 398 580 11952 9912 818 9094 2063 7031 6550 2017 394 1623 2040 1637 409 174 403 135 6317 1102 481 6697 247 6450 203 107 1937 447 233 986 119 75 200 168 339 116 112 1972 896 824 1076 763 298 465
cat_boundaries=0 1 2 3 4
cat_threshold=1 10 16 1
is_linear=0
shrinkage=0.05


end of trees

feature_importances:
Provincia=1090
ratio_90d_vs_365d=688
cicle_mig_dies=660
dies_desde_ultima_compra=635
dia_anyo=629
mes=616
euros_7d=520
cicle_std_dies=483
euros_180d=411
gap_eur=382
share_wallet_12m=366
euros_365d=321
euros_30d=318
ratio_30d_vs_90d=307
euros_90d=284
n_pedidos_365d=270
Potencial_EUR_anual=217
num_intervals=186
dia_setmana=149
n_pedidos_90d=76
Familia_Potencial=56
trimestre=28
n_pedidos_30d=24
n_pedidos_7d=2

parameters:
[boosting: gbdt]
[objective: quantile]
[metric: quantile]
[tree_learner: serial]
[device_type: cpu]
[data_sample_strategy: bagging]
[data: ]
[valid: ]
[num_iterations: 1000]
[learning_rate: 0.05]
[num_leaves: 63]
[num_threads: 0]
[seed: 42]
[deterministic: 0]
[force_col_wise: 0]
[force_row_wise: 0]
[histogram_pool_size: -1]
[max_depth: 7]
[min_data_in_leaf: 20]
[min_sum_hessian_in_leaf: 0.001]
[bagging_fraction: 0.8]
[pos_bagging_fraction: 1]
[neg_bagging_fraction: 1]
[bagging_freq: 0]
[bagging_seed: 400]
[bagging_by_query: 0]
[feature_fraction: 0.7]
[feature_fraction_bynode: 1]
[feature_fraction_seed: 30056]
[extra_trees: 0]
[extra_seed: 12879]
[early_stopping_round: 0]
[early_stopping_min_delta: 0]
[first_metric_only: 1]
[max_delta_step: 0]
[lambda_l1: 1]
[lambda_l2: 3]
[linear_lambda: 0]
[min_gain_to_split: 0]
[drop_rate: 0.1]
[max_drop: 50]
[skip_drop: 0.5]
[xgboost_dart_mode: 0]
[uniform_drop: 0]
[drop_seed: 17869]
[top_rate: 0.2]
[other_rate: 0.1]
[min_data_per_group: 100]
[max_cat_threshold: 32]
[cat_l2: 10]
[cat_smooth: 10]
[max_cat_to_onehot: 4]
[top_k: 20]
[monotone_constraints: ]
[monotone_constraints_method: basic]
[monotone_penalty: 0]
[feature_contri: ]
[forcedsplits_filename: ]
[refit_decay_rate: 0.9]
[cegb_tradeoff: 1]
[cegb_penalty_split: 0]
[cegb_penalty_feature_lazy: ]
[cegb_penalty_feature_coupled: ]
[path_smooth: 0]
[interaction_constraints: ]
[verbosity: -1]
[saved_feature_importance_type: 0]
[use_quantized_grad: 0]
[num_grad_quant_bins: 4]
[quant_train_renew_leaf: 0]
[stochastic_rounding: 1]
[linear_tree: 0]
[max_bin: 255]
[max_bin_by_feature: ]
[min_data_in_bin: 3]
[bin_construct_sample_cnt: 200000]
[data_random_seed: 175]
[is_enable_sparse: 1]
[enable_bundle: 1]
[use_missing: 1]
[zero_as_missing: 0]
[feature_pre_filter: 1]
[pre_partition: 0]
[two_round: 0]
[header: 0]
[label_column: ]
[weight_column: ]
[group_column: ]
[ignore_column: ]
[categorical_feature: 0,1,2,3,4]
[forcedbins_filename: ]
[precise_float_parser: 0]
[parser_config_file: ]
[objective_seed: 16083]
[num_class: 1]
[is_unbalance: 0]
[scale_pos_weight: 1]
[sigmoid: 1]
[boost_from_average: 1]
[reg_sqrt: 0]
[alpha: 0.75]
[fair_c: 1]
[poisson_max_delta_step: 0.7]
[tweedie_variance_power: 1.5]
[lambdarank_truncation_level: 30]
[lambdarank_norm: 1]
[label_gain: ]
[lambdarank_position_bias_regularization: 0]
[eval_at: ]
[multi_error_top_k: 1]
[auc_mu_weights: ]
[num_machines: 1]
[local_listen_port: 12400]
[time_out: 120]
[machine_list_filename: ]
[machines: ]
[gpu_platform_id: -1]
[gpu_device_id: -1]
[gpu_use_dp: 0]
[num_gpu: 1]

end of parameters

pandas_categorical:[["Anestesia", "Bioseguridad"], ["A Coru\u00f1a", "Albacete", "Alicante", "Almer\u00eda", "Asturias", "Badajoz", "Baleares", "Barcelona", "Burgos", "Cantabria", "Castell\u00f3n", "Ceuta", "Ciudad Real", "Cuenca", "C\u00e1ceres", "C\u00e1diz", "C\u00f3rdoba", "Gip\u00fazkoa", "Girona", "Granada", "Guadalajara", "Huelva", "Huesca", "Ja\u00e9n", "La Rioja", "Las Palmas", "Le\u00f3n", "Lleida", "Lugo", "Madrid", "Melilla", "Murcia", "M\u00e1laga", "Navarra", "Orense", "Palencia", "Pontevedra", "Salamanca", "Segovia", "Sevilla", "Soria", "Sta.Cruz Tenerife", "Tarragona", "Teruel", "Toledo", "Unknown", "Valencia", "Valladolid", "Vizcaya", "Zamora", "Zaragoza", "\u00c1lava", "\u00c1vila"], ["1", "10", "11", "12", "2", "3", "4", "5", "6", "7", "8", "9"], ["1", "2", "3", "4"], ["0", "1", "2", "3", "4", "5", "6"]]
