tree
version=v4
num_class=1
num_tree_per_iteration=1
label_index=0
max_feature_idx=23
objective=quantile
feature_names=Familia_Potencial Provincia mes trimestre dia_setmana dia_anyo Potencial_EUR_anual euros_7d euros_30d euros_90d euros_180d euros_365d n_pedidos_7d n_pedidos_30d n_pedidos_90d n_pedidos_365d ratio_30d_vs_90d ratio_90d_vs_365d share_wallet_12m gap_eur dies_desde_ultima_compra cicle_mig_dies cicle_std_dies num_intervals
feature_infos=-1:0:1 -1:29:7:41:39:12:0:46:19:31:3:44:50:2:36:25:32:48:18:15:4:6:20:5:47:1:33:21:23:8:42:9:26:37:24:17:10:14:13:28:16:35:34:22:40:45:52:49:51:43:38:27:30 -1:8:5:11:7:6:0:4:1:2:9:3:10 -1:1:0:3:2 -1:2:1:4:3:0:5 [2:365] [0:26143.639999999999] [-6812.54:13625.08] [-1849.6199999999999:13625.08] [-1713.4299999999998:13644.549999999999] [-1263.72:18497.200000000001] [-848.17000000000007:28125.66] [0:4] [0:6] [0:13] [0:43] [-1849619.9999999998:1343380] [7.3888577256972779e-07:195370] [-0.84000227479526834:15.092568388498215] [0:25717.98] [-1:1519] [-1:1414] [-1:842.42586221775821] [0:123]
tree_sizes=5146 5499 5556 5542 5743 5669 5690 5624 5615 5631 5614 5625 5576 5629 5724 5571 5653 5636 5692 5683 5571 5673 5645 5686 5722 5649 5660 5696 5747 5721

Tree=0
num_leaves=63
num_cat=9
split_feature=14 14 17 21 17 21 21 21 7 17 17 7 12 8 21 21 7 21 3 17 21 17 14 13 1 7 17 21 13 17 17 8 7 21 1 17 16 1 10 17 1 21 3 21 18 16 21 8 1 7 1 6 10 17 3 10 16 22 21 21 21 7
split_gain=1433.11 397.218 240.962 190.973 116.265 67.8833 44.1342 42.209 37.3661 31.4133 26.9576 21.0161 20.0134 21.7447 14.3557 14.6165 13.5117 13.2603 10.9983 10.8788 14.6239 10.8122 10.6303 9.50355 9.23435 8.86349 7.09716 6.83964 6.57262 8.90857 6.40579 5.63249 5.05113 4.9166 4.51546 4.37648 4.23718 4.22316 3.77485 3.77132 3.6388 3.61427 3.40362 3.2457 3.03544 2.98709 2.96421 2.94355 2.65854 2.50501 2.39449 2.28198 2.30627 2.25942 2.16153 2.11861 2.20386 2.02673 2.00901 1.97121 1.8695 1.84782
threshold=2.5000000000000004 1.5000000000000002 1.1535271729284349 44.25833333333334 0.87931455558359828 60.019230769230781 46.418831168831176 78.408333333333346 -1.0000000180025095e-35 1.604941093488419 1.2616812869426444 301.50000000000006 1.5000000000000002 307.18500000000006 15.361263736263739 57.019230769230781 427.0750000000001 88.839743589743605 0 3.0476160302988857 39.577352472089323 1.3377628302678033 3.5000000000000004 1.5000000000000002 1 355.88500000000005 1.3314322763657551 79.026315789473699 1.0000000180025095e-35 0.68328924626037668 0.60862539131523319 800.67500000000007 514.56500000000017 67.021739130434796 2 1.2616812869426444 2.2862164642620573 3 1362.5050000000003 1.1430274180549456 4 74.771241830065364 5 39.01250000000001 0.64462822331538128 2.158415077775675 33.651923076923083 -1.0000000180025095e-35 6 529.72000000000014 7 1376.8900000000001 623.00500000000011 1.5368968048656435 8 1496.5850000000003 1.9654038980850526 21.171266552444163 40.527046783625742 44.25833333333334 56.017857142857146 143.45000000000002
decision_type=2 2 2 2 2 2 2 2 2 2 2 2 2 2 2 2 2 2 1 2 2 2 2 2 9 2 2 2 2 2 2 2 2 2 9 2 2 9 2 2 9 2 1 2 2 2 2 2 9 2 9 2 2 2 1 2 2 2 2 2 2 2
left_child=1 4 6 10 7 18 31 14 44 26 46 27 13 24 -1 43 33 35 32 20 -20 -15 49 -21 -7 -11 55 42 47 48 -17 58 53 39 -28 -13 -36 54 -29 -8 -18 -42 -10 -16 -6 -24 -2 -9 -30 -12 -34 -14 -53 -4 -27 56 -5 -57 -3 -33 -39 -31
right_child=3 2 5 9 8 12 16 28 11 25 22 17 51 21 15 30 40 -19 19 23 -22 -23 45 -25 -26 37 34 38 29 61 -32 59 50 -35 36 -37 -38 60 -40 -41 41 -43 -44 -45 -46 -47 -48 -49 -50 -51 -52 52 -54 -55 -56 57 -58 -59 -60 -61 -62 -63
leaf_value=50.850000000000001 47.25 47.75 48 47.799999999999997 47.25 48.049999999999997 48 47.8125 49.700000000000003 48.049999999999997 47.850000000000001 49.649999999999999 50.475000000000001 48.899999999999999 47.950000000000003 48.100000000000001 49 51.850000000000001 47.987499999999997 49.350000000000001 48.649999999999999 49.649999999999999 47.5 47.337499999999999 49.049999999999997 49.012500000000003 48.774999999999999 50.524999999999999 49.712499999999999 48.262500000000003 49 48 48.4375 48.200000000000003 48 51.399999999999999 49.700000000000003 48.649999999999999 48.25 48.850000000000001 48.350000000000001 49 48.612499999999997 48.25 48.587499999999999 47.950000000000003 47.799999999999997 50.850000000000001 48.600000000000001 47.950000000000003 48.850000000000001 49.850000000000001 47.112499999999997 48.075000000000003 48.200000000000003 47.924999999999997 48.524999999999999 47.600000000000001 47.950000000000003 48.837499999999999 49.149999999999999 49.75
leaf_weight=267 1350 493 154 150 154 512 628 50 435 433 696 1610 32 792 155 415 226 14014 256 888 1697 6018 926 166 862 102 104 1535 102 60 776 239 284 398 559 6995 24 217 125 37 551 109 694 694 42 36 722 975 565 614 288 32 266 387 309 63 34 276 347 32 398 903
leaf_count=267 1350 493 154 150 154 512 628 50 435 433 696 1610 32 792 155 415 226 14014 256 888 1697 6018 926 166 862 102 104 1535 102 60 776 239 284 398 559 6995 24 217 125 37 551 109 694 694 42 36 722 975 565 614 288 32 266 387 309 63 34 276 347 32 398 903
internal_value=48.9998 49.003 48.9966 48.9788 49.0063 48.9996 48.984 48.9993 49.0077 48.9893 48.9723 49.0079 49.0022 49.0026 48.9944 48.993 48.9886 49.0084 48.9943 48.996 48.9938 49.0038 48.9762 49 48.9969 48.9943 48.9834 49.0037 49.0036 49.0016 48.9966 48.976 48.9901 48.9847 48.987 49.0068 48.9854 48.997 49.0058 48.982 48.9933 48.9915 49.0007 48.9879 48.9862 48.972 48.968 49.0068 48.9972 48.9794 48.9935 48.9902 48.9888 48.9864 48.9931 48.9788 48.9845 48.976 48.9738 48.9832 48.9997 49.0047
internal_weight=53273 46260 15694 7013 30566 12634 3060 4962 25604 2669 4344 25408 8514 8184 2307 2040 1949 22619 4120 3007 1953 6810 2272 1054 1374 1459 1210 2789 2655 1630 1191 1111 1113 1063 687 8605 583 1026 1660 665 886 660 1129 849 196 962 2072 1025 667 1310 572 330 298 541 411 523 184 339 840 271 615 963
internal_count=53273 46260 15694 7013 30566 12634 3060 4962 25604 2669 4344 25408 8514 8184 2307 2040 1949 22619 4120 3007 1953 6810 2272 1054 1374 1459 1210 2789 2655 1630 1191 1111 1113 1063 687 8605 583 1026 1660 665 886 660 1129 849 196 962 2072 1025 667 1310 572 330 298 541 411 523 184 339 840 271 615 963
cat_boundaries=0 1 3 5 7 9 10 12 14 15
cat_threshold=1 36114482 266384 2148270089 16400 2753298433 262160 2164261165 294915 12 33558544 16400 537919681 4608 4
is_linear=0
shrinkage=1


Tree=1
num_leaves=63
num_cat=15
split_feature=15 20 15 7 17 21 20 21 20 20 15 21 17 21 15 21 17 21 7 5 2 2 7 15 21 1 1 5 7 17 19 17 0 2 19 7 2 2 1 23 5 23 5 0 19 21 7 1 1 2 15 5 5 19 5 1 1 5 8 9 23 21
split_gain=1635.34 380.568 96.9066 66.787 64.2082 45.8749 42.6917 76.4172 29.6917 26.8788 23.543 21.9663 17.504 16.8154 16.8102 23.9708 13.3426 11.6991 11.3858 10.9543 10.8428 9.34717 9.31233 8.8062 7.87505 7.10935 6.30374 5.86857 5.67175 5.5841 4.87131 4.83639 4.72496 4.66354 4.28617 4.22921 4.13797 3.47401 3.44361 3.36707 3.05574 2.99934 2.96727 2.94968 3.78144 2.71841 2.63444 2.60959 2.56458 2.55464 2.52044 2.50231 2.80908 2.46025 2.45917 2.42419 2.34609 2.27634 2.25114 2.24249 2.23915 2.20519
threshold=7.5000000000000009 82.500000000000014 10.500000000000002 363.7050000000001 0.83985749388461273 79.026315789473699 1.0000000180025095e-35 60.605555555555561 13.500000000000002 37.500000000000007 3.5000000000000004 44.25833333333334 1.463902495559718 103.40833333333335 2.5000000000000004 37.377976190476197 0.60862539131523319 43.018518518518526 534.50500000000022 81.500000000000014 0 1 596.43500000000017 5.5000000000000009 71.80625000000002 2 3 34.500000000000007 289.36500000000007 1.5227729834246746 1078.48 1.6379438514015916 4 5 2062.9950000000003 88.330000000000013 6 7 8 19.500000000000004 142.50000000000003 13.500000000000002 70.500000000000014 9 3700.0200000000004 104.70714285714287 1.0000000180025095e-35 10 11 12 12.500000000000002 170.50000000000003 211.50000000000003 3097.7950000000005 101.50000000000001 13 14 211.50000000000003 307.18500000000006 162.88000000000002 10.500000000000002 49.288690476190482
decision_type=2 2 2 2 2 2 2 2 2 2 2 2 2 2 2 2 2 2 2 2 1 1 2 2 2 9 9 2 2 2 2 2 1 1 2 2 1 1 9 2 2 2 2 1 2 2 2 9 9 1 2 2 2 2 2 9 9 2 2 2 2 2
left_child=1 3 11 5 10 14 27 9 29 17 21 22 -10 23 19 -16 42 -8 36 53 -11 46 49 28 61 -17 40 43 38 -9 -25 50 -30 59 -21 -23 57 -20 -6 -38 -7 58 -12 44 -5 -37 -3 -26 -39 -2 51 -4 -53 -1 -44 -29 -35 -13 -15 -28 -50 -18
right_child=2 4 31 6 13 26 7 8 12 20 16 18 -14 41 15 25 24 -19 37 34 -22 35 -24 30 47 -27 33 55 32 -31 -32 -33 -34 56 -36 45 39 48 -40 -41 -42 -43 54 -45 -46 -47 -48 -49 60 -51 -52 52 -54 -55 -56 -57 -58 -59 -60 -61 -62 -63
leaf_value=-1.0037500000000001 -0.84750000000000014 2.0825 -1.2625000000000002 0.66750000000000009 -0.12624999999999995 -1.0525 -1.2975000000000003 -0.00062500000000005336 -0.091874999999999929 0.48718749999999994 -1.0587500000000001 -0.19562500000000008 0.66750000000000009 1.8237500000000002 -1.3685937500000001 -0.9524999999999999 -0.66250000000000009 -0.75250000000000006 -0.125 0.33249999999999996 -0.35000000000000003 -1.7165625 -0.93999999999999995 0.11750000000000008 0.265625 -0.69375000000000009 -1.4625000000000001 1.2550000000000001 1.6575 -1.7560937499999998 -0.76953125 -1.2125000000000001 0.98000000000000009 -0.017499999999999894 -1.0465625000000001 -0.52375000000000005 -0.95000000000000007 -0.3675000000000001 1.2149999999999999 -1.05 -0.7024999999999999 -0.54250000000000009 0.14562499999999998 -0.81999999999999995 -1.145 1.0268750000000002 0.52640625000000008 0.70937500000000009 -0.51312499999999994 -1.0981250000000002 -1.7125000000000001 -1.2250000000000001 -1.2125000000000001 -1.4729687500000002 -0.78000000000000014 2.5800000000000001 0.55874999999999997 -0.80000000000000004 3.0075000000000003 -0.32750000000000007 -0.71750000000000014 -0.140625
leaf_weight=322 113 1083 543 368 393 173 713 178 1718 319 143 82 4221 1193 334 696 77 516 127 570 2612 75 658 413 430 1622 53 499 6205 516 64 82 2154 675 171 103 510 109 457 386 230 57 98 62 35 232 238 344 99 1268 1406 125 421 64 513 1402 758 75 12649 611 396 514
leaf_count=322 113 1083 543 368 393 173 713 178 1718 319 143 82 4221 1193 334 696 77 516 127 570 2612 75 658 413 430 1622 53 499 6205 516 64 82 2154 675 171 103 510 109 457 386 230 57 98 62 35 232 238 344 99 1268 1406 125 421 64 513 1402 758 75 12649 611 396 514
internal_value=5.56067e-05 0.00329406 -0.0236452 -0.00205622 0.00708643 -0.00629776 -2.75414e-05 -0.00136509 0.0019609 -0.00667788 0.00108357 -0.0185344 0.00311133 0.00806395 -0.00977327 -0.0119586 -0.00243285 -0.0128957 -0.0143537 -0.00456858 -0.00404312 0.00541378 -0.0221413 0.00644287 0.000484284 -0.0100926 -0.00101878 0.00604686 0.00678599 -0.00778336 -7.8125e-05 -0.0311773 0.00718578 7.70142e-05 -0.000924059 -0.00112293 -0.0177438 -0.00934946 0.00278429 -0.0191419 -0.00664063 0.00918843 -0.0077609 0.00088141 0.00255542 0.00114645 0.00743066 0.00382883 -0.010859 -0.0245936 -0.0316103 -0.0290179 -0.0256375 -0.0113753 -0.00604642 0.00728072 0.00170297 -0.00757353 0.00923619 -0.00332349 -0.0125246 -0.00380892
internal_weight=53273 46873 6400 19438 27435 6279 13159 10793 6633 4160 3850 3823 5939 23585 3779 2652 2119 1229 1784 1127 2931 1731 2039 9686 1365 2318 2500 2366 9209 694 477 2577 8359 2097 741 410 1053 731 850 896 403 13899 754 465 403 335 1321 774 604 1381 2495 1089 546 386 611 1901 1433 157 13842 664 495 591
internal_count=53273 46873 6400 19438 27435 6279 13159 10793 6633 4160 3850 3823 5939 23585 3779 2652 2119 1229 1784 1127 2931 1731 2039 9686 1365 2318 2500 2366 9209 694 477 2577 8359 2097 741 410 1053 731 850 896 403 13899 754 465 403 335 1321 774 604 1381 2495 1089 546 386 611 1901 1433 157 13842 664 495 591
cat_boundaries=0 1 2 4 6 7 8 9 10 12 13 15 17 18 20 22
cat_threshold=512 2340 4461842 36881 277877248 266272 1 3091 520 520 2685014016 20480 1 2718470278 69760 2147745804 145 512 36734098 66058 2359445 18065
is_linear=0
shrinkage=0.05


Tree=2
num_leaves=63
num_cat=8
split_feature=15 14 15 14 17 17 7 22 13 15 2 7 7 7 7 17 2 22 2 2 7 7 2 17 2 15 7 15 19 5 14 2 15 15 5 13 22 5 10 17 9 7 18 7 11 5 17 11 5 10 7 17 17 2 17 19 18 5 10 9 9 5
split_gain=1564.41 325.578 100.214 87.6075 81.8685 52.1259 35.1786 28.9668 27.2739 21.6396 19.8237 18.0694 17.933 17.6072 17.0071 16.1477 12.3581 11.8448 10.3402 9.53058 9.26974 8.33555 8.05839 7.98569 7.45582 7.38804 6.77675 5.90848 5.20199 5.04111 4.85212 4.80859 4.6254 3.94253 3.92473 3.96797 3.88104 7.45049 3.73547 3.54616 3.46204 3.38838 3.32255 3.00053 5.22236 2.97349 2.83833 2.72663 2.69423 2.64092 2.69918 2.04945 1.84551 1.82895 1.81544 1.78457 1.76755 1.76503 1.71105 1.41087 1.35013 2.25997
threshold=7.5000000000000009 1.5000000000000002 10.500000000000002 2.5000000000000004 0.92288757571443558 1.3333348021374041 -1.0000000180025095e-35 21.3332302290139 1.5000000000000002 4.5000000000000009 0 835.15500000000009 275.60000000000008 301.50000000000006 425.78500000000003 0.60862539131523319 1 -1.0000000180025095e-35 2 3 308.39500000000004 661.34500000000014 4 0.71454403043881454 5 9.5000000000000018 291.44000000000011 1.5000000000000002 2926.4800000000005 31.500000000000004 3.5000000000000004 6 12.500000000000002 5.5000000000000009 315.50000000000006 1.5000000000000002 -1.0000000180025095e-35 180.50000000000003 1362.5050000000003 1.2616812869426444 1915.3400000000004 272.29000000000002 0.64462822331538128 427.0750000000001 3508.7100000000005 170.50000000000003 1.3912001263000071 2862.9300000000007 207.50000000000003 3100.5300000000002 1219.2050000000002 1.4728680538407026 1.8758608656862137e-05 7 1.5838120696393341 205.87499999999991 0.51327558701127962 150.50000000000003 539.19500000000016 1115.8100000000002 881.96000000000015 283.50000000000006
decision_type=2 2 2 2 2 2 2 2 2 2 1 2 2 2 2 2 1 2 1 1 2 2 1 2 1 2 2 2 2 2 2 1 2 2 2 2 2 2 2 2 2 2 2 2 2 2 2 2 2 2 2 2 2 1 2 2 2 2 2 2 2 2
left_child=1 4 10 5 9 14 42 19 12 18 41 25 24 36 34 57 -14 -10 27 60 59 -19 47 58 -7 43 -17 -1 39 -30 -21 -22 45 -28 35 -3 37 -8 -38 -15 -13 -2 -6 -12 -45 54 48 -16 -47 -42 -51 -33 -29 -24 -4 -36 -25 -11 -20 -9 -5 -62
right_child=2 3 32 7 6 8 13 20 17 15 11 40 16 28 22 26 -18 21 23 30 31 -23 53 56 -26 -27 33 52 29 -31 -32 51 -34 -35 55 -37 38 -39 -40 -41 49 -43 -44 44 -46 46 -48 -49 -50 50 -52 -53 -54 -55 -56 -57 -58 -59 -60 -61 61 -63
leaf_value=3.9158749999999998 -1.0433203124999999 -0.81781250000000005 -1.1993749999999999 -0.99487500000000006 -1.7010312500000002 0.3471875000000002 -0.97829687499999984 -0.95487499999999992 -1.4185312500000002 -0.96821875000000013 -0.98509374999999977 -0.50325000000000009 0.66649999999999998 1.174625 0.12625000000000011 -0.6278125 0.13490625000000014 0.21815625000000019 -1.1414921875000001 -1.03 0.26735742187500006 -1.5946953125000001 0.40814062500000009 -0.13225781249999988 -0.75123437500000001 -1.03259375 0.35712499999999991 1.1533749999999998 -0.76274999999999982 0.8708828125000001 -1.4594687500000001 -1.04990625 -1.6268750000000001 -0.14540624999999993 0.012062499999999688 -0.69737499999999997 1.1540625000000002 1.75275 -0.41318749999999993 2.9471250000000002 0.18587500000000007 -0.19975000000000015 -0.4817499999999999 -0.46999999999999997 -0.93783593750000005 -1.1512499999999999 -1.12671875 -0.44837500000000008 -1.1625000000000001 -0.91681250000000003 -0.69193749999999987 -0.6196953125000001 0.33485156250000003 -0.029281250000000106 -0.93812499999999999 -0.42299999999999999 0.73284375000000024 -0.67349999999999999 -0.40687500000000015 -0.84281249999999985 -0.36685937499999999 -0.771146484375
leaf_weight=526 76 1076 537 36 151 404 445 366 355 292 1276 175 2851 4054 75 281 5116 631 188 654 262 409 146 104 974 738 753 633 95 532 190 66 1427 445 121 241 1721 365 167 17541 25 250 41 113 748 89 116 697 380 200 222 657 906 750 28 80 490 339 317 115 181 34
leaf_count=526 76 1076 537 36 151 404 445 366 355 292 1276 175 2851 4054 75 281 5116 631 188 654 262 409 146 104 974 738 753 633 95 532 190 66 1427 445 121 241 1721 365 167 17541 25 250 41 113 748 89 116 697 380 200 222 657 906 750 28 80 490 339 317 115 181 34
internal_value=6.68688e-05 0.00323433 -0.0231142 -0.00242041 0.00630409 -0.000852538 0.00749353 -0.0109156 0.00080983 0.000630093 -0.0179202 -0.0190135 0.00178782 0.00765959 -0.00646754 -0.00327733 0.00270232 -0.00569564 0.00325229 -0.0170879 -0.00624575 -0.00292426 -0.00293238 -0.000640737 -0.00345764 -0.0207653 -0.000379555 0.00532363 0.00812486 0.00347222 -0.0196616 -0.00337804 -0.0307703 0.00122814 -0.0103057 -0.0113163 0.00380415 0.000830258 0.00505024 0.00825713 -0.01108 -0.00523599 -0.0135897 -0.0191063 -0.0163628 -0.0278187 -0.0244685 -0.0066242 -0.0264566 -0.0134722 -0.0144118 -0.00545177 0.00372082 0.000275028 -0.0310519 -0.0033701 0.00322446 -0.00995662 -0.00529035 -0.0119576 -0.00705492 -0.00533257
internal_weight=53273 46873 6400 16487 30386 13926 25112 2561 10740 5274 3823 3497 9345 24920 3186 2110 7967 1395 3164 1095 1466 1040 1668 1099 1378 2875 1479 2065 22222 627 844 985 2577 1198 1518 1317 2698 810 1888 21595 622 326 192 2137 861 1150 585 772 469 447 422 723 1539 896 565 201 594 631 505 481 251 215
internal_count=53273 46873 6400 16487 30386 13926 25112 2561 10740 5274 3823 3497 9345 24920 3186 2110 7967 1395 3164 1095 1466 1040 1668 1099 1378 2875 1479 2065 22222 627 844 985 2577 1198 1518 1317 2698 810 1888 21595 622 326 192 2137 861 1150 585 772 469 447 422 723 1539 896 565 201 594 631 505 481 251 215
cat_boundaries=0 1 2 3 4 5 6 7 8
cat_threshold=512 652 2348 1547 211 526 1552 512
is_linear=0
shrinkage=0.05


Tree=3
num_leaves=63
num_cat=13
split_feature=15 20 15 14 15 21 7 21 13 15 21 21 7 21 7 7 15 7 2 2 19 2 20 2 2 7 6 2 7 15 8 21 2 20 20 2 23 23 11 21 8 11 23 9 2 2 23 21 2 10 23 15 7 6 21 2 7 7 21 2 7 21
split_gain=1492.78 336.221 100.671 90.3114 58.2946 47.2111 41.4879 30.2879 29.9434 20.8393 20.1165 17.419 15.63 12.553 9.99179 9.03135 8.78257 7.84336 7.47792 7.02251 7.02061 6.98954 6.07623 6.06287 5.84955 5.31416 5.2127 5.1774 4.67751 4.46609 4.62803 4.45843 5.20338 4.14534 4.07746 4.04597 3.92312 3.82925 3.71973 3.60527 3.49741 3.37772 3.22006 3.12422 3.04018 2.97809 2.95015 2.93707 2.63226 2.61056 2.447 2.23888 2.21856 2.26702 2.04666 1.99615 1.98253 1.67671 1.59038 1.40128 2.38391 1.38865
threshold=7.5000000000000009 82.500000000000014 10.500000000000002 2.5000000000000004 4.5000000000000009 43.69848484848486 440.98000000000008 79.026315789473699 1.5000000000000002 5.5000000000000009 40.013888888888893 103.40833333333335 534.50500000000022 57.019230769230781 454.0750000000001 297.23000000000008 4.5000000000000009 269.07000000000011 0 1 2201.3650000000002 2 35.500000000000007 3 4 835.15500000000009 1376.8900000000001 5 -1.0000000180025095e-35 12.500000000000002 866.0150000000001 10.250000000000002 6 11.500000000000002 181.50000000000003 7 24.500000000000004 19.500000000000004 489.53500000000003 35.012820512820518 307.18500000000006 7142.4650000000011 25.500000000000004 349.84500000000008 8 9 13.500000000000002 56.017857142857146 10 756.61500000000024 29.500000000000004 2.5000000000000004 371.685 6744.7200000000003 77.89444444444446 11 1061.8250000000003 864.61500000000012 70.023809523809533 12 397.46000000000004 10.250000000000002
decision_type=2 2 2 2 2 2 2 2 2 2 2 2 2 2 2 2 2 2 1 1 2 1 2 1 1 2 2 1 2 2 2 2 1 2 2 1 2 2 2 2 2 2 2 2 1 1 2 2 1 2 2 2 2 2 2 1 2 2 2 1 2 2
left_child=1 3 10 6 11 22 7 16 9 27 25 14 18 50 31 54 20 -7 -12 -18 -1 43 39 -11 57 59 51 -8 -13 30 -4 32 -3 -28 44 -14 49 55 -23 -5 48 -27 -37 -9 -16 -33 -42 -26 -30 -20 52 -10 -6 -54 -15 -17 -44 -19 -39 60 -2 -24
right_child=2 4 29 5 13 17 8 21 26 23 12 28 35 15 34 37 19 24 36 -21 -22 38 61 -25 47 41 33 -29 40 -31 -32 45 -34 -35 -36 42 -38 58 -40 -41 46 -43 56 -45 -46 -47 -48 -49 -50 -51 -52 -53 53 -55 -56 -57 -58 -59 -60 -61 -62 -63
leaf_value=-0.35113749999999977 -0.88346406249999987 -0.35892890625000007 -1.14375 -1.3871515625000002 -0.7555015625 -0.88269375000000005 0.76074726562500006 -0.62981328124999969 -1.2185734374999999 0.18521406249999989 -0.49545898437500002 -1.8936359375 -0.19566142578125012 -0.83221640625000015 1.0233937500000001 0.85130000000000017 -0.31951328124999973 0.34747587890625031 -0.94333906250000021 -0.7216800781249999 -0.94990449218750017 -1.2313281250000001 -0.078500000000000014 -0.27758125000000006 -0.89337500000000003 -0.36801250000000008 -1.638085546875 0.36137968750000021 2.1162203124999999 -1.5455312500000002 -0.96625000000000005 0.69435185546875 2.1016748046875002 -0.48747714843749979 3.8336437500000002 -0.60465937500000033 -1.0352218750000002 -0.035698437499999972 -0.12580605468749981 -0.94713124999999998 2.7097687500000003 -0.85840312499999993 -0.88578437500000007 0.58876875000000017 1.0658937500000001 -0.0079341796874999211 -0.34447626953125021 -0.38565107421875 0.88546484375000001 -0.85324531250000002 -0.86903046875000012 1.3252064453125001 -0.13992656249999999 -0.90985468750000009 -0.15846640625000019 0.33919843750000017 -0.51609218749999997 -0.65340090332031231 -0.58257500000000018 -1.0536082031250005 -0.76326250000000018 -0.87850000000000006
leaf_weight=1589 93 279 819 405 199 403 3116 249 38 883 111 23 176 210 1176 429 514 206 213 1622 410 133 29 1338 289 77 483 3481 1351 1427 331 700 1183 363 2233 625 342 173 1438 169 12859 161 157 1145 2686 987 56 652 908 780 31 87 424 28 130 1330 56 92 40 952 80 304
leaf_count=1589 93 279 819 405 199 403 3116 249 38 883 111 23 176 210 1176 429 514 206 213 1622 410 133 29 1338 289 77 483 3481 1351 1427 331 700 1183 363 2233 625 342 173 1438 169 12859 161 157 1145 2686 987 56 652 908 780 31 87 424 28 130 1330 56 92 40 952 80 304
internal_value=6.87458e-05 0.00316287 -0.0225754 -0.0018659 0.00672744 -0.0106338 -0.000537977 -0.00344925 0.00156888 0.00249121 -0.0173713 0.00753406 -0.0145757 0.000125125 0.00580188 0.00190065 -0.00621375 -0.00551672 -0.0179607 -0.0084619 -0.00377747 0.000391678 -0.019794 -0.00168053 -0.00347222 -0.0223371 -0.00673768 0.00390341 0.00858306 -0.0302471 -0.0273417 0.00347795 0.00551195 -0.00815665 0.00699205 -0.00966077 -0.0189633 0.00321519 -0.00187027 -0.0230936 0.00861995 -0.0146266 -0.0110752 0.00296731 0.00595731 0.00167899 0.00895166 -0.00538522 0.00669209 -0.0172063 -0.00580292 0.00244141 -0.00498853 -0.00285714 -0.00553936 0.00399404 -0.0168403 0.00249196 -0.00295139 -0.0238808 -0.0141801 -0.0138021
internal_weight=53273 46873 6400 19438 27435 2549 16889 7100 9789 8818 3823 24441 2460 2994 9244 2312 4135 1642 1446 2136 1999 2965 907 2221 1239 1363 971 6597 15197 2577 1150 3149 1462 846 6095 1014 1335 1972 1571 574 15174 238 838 1394 3862 1687 12915 941 2259 993 682 125 651 452 340 1759 213 298 213 1125 173 333
internal_count=53273 46873 6400 19438 27435 2549 16889 7100 9789 8818 3823 24441 2460 2994 9244 2312 4135 1642 1446 2136 1999 2965 907 2221 1239 1363 971 6597 15197 2577 1150 3149 1462 846 6095 1014 1335 1972 1571 574 15174 238 838 1394 3862 1687 12915 941 2259 993 682 125 651 452 340 1759 213 298 213 1125 173 333
cat_boundaries=0 1 2 3 4 5 6 7 8 9 10 11 12 13
cat_threshold=512 524 908 1804 3584 1644 320 520 274 1324 2340 1304 520
is_linear=0
shrinkage=0.05


Tree=4
num_leaves=63
num_cat=10
split_feature=15 20 15 14 17 17 22 13 8 14 17 8 20 22 17 1 8 1 12 14 20 15 17 8 16 1 17 15 1 13 17 11 1 1 1 15 5 17 1 20 8 5 15 5 11 23 22 17 5 8 5 5 10 11 1 5 23 15 5 5 23 1
split_gain=1436.08 320.59 101.196 84.1909 55.4157 52.8355 27.1552 24.1339 20.2083 15.6141 16.7993 14.5664 14.2116 10.3445 10.2445 9.62523 9.27123 9.15466 8.73581 8.53776 8.19774 7.57358 6.04777 5.83633 5.76104 5.71035 5.65878 5.62559 5.32211 5.1491 5.12717 4.94774 4.72895 4.4471 4.43882 4.27128 4.20162 3.55255 3.49174 3.17942 3.10753 2.8131 2.7972 2.70427 2.62889 2.57964 2.47796 2.39894 2.32646 2.30245 2.26753 7.7189 2.14268 2.55606 2.1208 2.10815 1.97915 1.91902 1.91045 2.59106 1.90239 1.85669
threshold=7.5000000000000009 82.500000000000014 10.500000000000002 2.5000000000000004 0.92288757571443558 1.2499950542452596 21.3332302290139 1.5000000000000002 363.7050000000001 1.0000000180025095e-35 0.69866071698162291 823.95500000000004 122.50000000000001 -1.0000000180025095e-35 1.5147626041191879 0 355.88500000000005 1 1.5000000000000002 3.5000000000000004 43.500000000000007 8.5000000000000018 1.463902495559718 360.23500000000007 1.3560490842271453 2 1.4728680538407026 5.5000000000000009 3 1.0000000180025095e-35 1.2795249868367633 2677.6200000000003 4 5 6 3.5000000000000004 181.50000000000003 0.44161696535931838 7 4.5000000000000009 -1.0000000180025095e-35 170.50000000000003 13.500000000000002 101.50000000000001 736.70500000000015 7.5000000000000009 13.749485719943872 1.0318606163389308 184.50000000000003 2351.0300000000002 172.50000000000003 215.50000000000003 756.61500000000024 5081.295000000001 8 247.50000000000003 12.500000000000002 5.5000000000000009 170.50000000000003 207.50000000000003 11.500000000000002 9
decision_type=2 2 2 2 2 2 2 2 2 2 2 2 2 2 2 9 2 9 2 2 2 2 2 2 2 9 2 2 9 2 2 2 9 9 9 2 2 2 9 2 2 2 2 2 2 2 2 2 2 2 2 2 2 2 9 2 2 2 2 2 2 9
left_child=1 3 11 5 9 15 19 8 17 35 32 21 24 -9 -10 47 -8 -7 -15 36 25 28 42 29 -6 -13 -18 33 43 -17 54 -25 -11 -26 -28 40 -5 -34 -12 -23 -3 -21 58 -2 45 -32 -27 61 -24 -48 -41 -52 -30 -54 -14 -38 -37 -40 -4 -60 -46 -1
right_child=2 4 22 6 12 7 16 13 14 10 38 20 30 18 -16 23 26 -19 -20 41 -22 39 48 31 27 46 34 -29 52 -31 44 -33 37 -35 -36 56 55 -39 57 50 -42 -43 -44 -45 60 -47 49 -49 -50 -51 51 -53 53 -55 -56 -57 -58 -59 59 -61 -62 -63
leaf_value=-0.8738506250000001 0.038645859374999786 -1.691411865234375 -1.15721875 -0.94520636718749995 -0.047978962402343762 -0.79529713867187479 -0.86321531249999972 -1.3255616113281254 -0.054977753906250017 0.15679429687499999 0.65557107910156243 -0.26143425781250001 1.4943469042968751 0.019899062500000043 0.53366999023437534 -0.5765640429687503 -0.95995593749999986 -0.043200937499999981 -1.4561812695312502 -1.3406015624999998 -0.47464226562499984 -0.43208109375000031 -1.2350039062500002 0.036568378906250136 1.31965482421875 -1.0455581396484372 -0.66579407470703134 -0.064066171874999966 -0.90670335937500013 -0.82354176513671884 2.8180484863281254 -0.44648669433593757 -0.9020499218750001 0.9265002294921878 0.069765073242187642 0.091717106933593681 -0.48040156249999982 -0.45204992187500004 0.26769884765624996 -0.96202718750000005 1.7898952343750001 -0.66998250000000015 -1.6457546875 -0.76147874999999987 3.3742803124999998 -0.031050285644531075 -0.84502503906250015 0.11809650390624996 -0.96473359375000001 -0.18179515624999995 -0.71577978515624996 -0.89330179687500011 -0.78368082031249997 -1.0379439843750002 0.91904835937500029 -0.86520247741699219 -1.0035226708984375 -0.37865316406250005 -1.067191015625 -1.0749835937499999 1.1887740625000001 -0.040296640625000185
leaf_weight=105 63 25 663 615 402 647 371 355 1632 227 625 104 1632 810 7621 424 112 2125 321 173 350 25 127 314 2078 102 415 309 180 754 2142 1219 301 4003 558 94 161 873 1147 754 1090 45 1013 168 11001 108 519 341 122 29 163 565 696 105 881 99 33 193 126 526 271 221
leaf_count=105 63 25 663 615 402 647 371 355 1632 227 625 104 1632 810 7621 424 112 2125 321 173 350 25 127 314 2078 102 415 309 180 754 2142 1219 301 4003 558 94 161 873 1147 754 1090 45 1013 168 11001 108 519 341 122 29 163 565 696 105 881 99 33 193 126 526 271 221
internal_value=4.05905e-05 0.0030754 -0.0221693 -0.00183504 0.00655614 -0.000552776 -0.0103007 0.000842645 0.001589 0.0015398 -0.000215197 -0.0169531 0.00756625 -0.00515447 0.00271311 -0.00614463 -0.00575737 -0.00214414 -0.00274471 -0.0162751 -0.0119241 -0.0189612 -0.0298595 -0.00745686 0.00562178 -0.0148943 -0.00334329 0.00598702 -0.0157613 -0.010182 0.00838555 -0.00536296 -0.00440705 0.00632191 -0.00203637 0.0063253 -0.0138525 -0.00566554 0.00275025 -0.0214652 0.00732335 -0.0254525 -0.0307379 -0.00722336 0.00878189 0.00709055 -0.0165535 -0.000606618 -0.0211806 -0.0150635 -0.0217677 -0.0191518 -0.0174422 -0.0161536 0.00622516 -0.00798479 -0.00201923 0.00121951 -0.0286134 -0.0257252 0.00911308 -0.0037234
internal_weight=53273 46873 6400 19438 27435 16889 2549 13511 12025 4608 3366 3823 22827 1486 9253 3378 1456 2772 1131 1093 1104 2719 2577 2711 6792 754 1085 6390 1212 1178 16035 1533 1401 6081 973 1242 875 1174 1965 1507 1115 218 2328 231 13522 2250 650 667 249 548 1482 728 981 801 2513 260 127 1340 1315 652 11272 326
internal_count=53273 46873 6400 19438 27435 16889 2549 13511 12025 4608 3366 3823 22827 1486 9253 3378 1456 2772 1131 1093 1104 2719 2577 2711 6792 754 1085 6390 1212 1178 16035 1533 1401 6081 973 1242 875 1174 1965 1507 1115 218 2328 231 13522 2250 650 667 249 548 1482 728 981 801 2513 260 127 1340 1315 652 11272 326
cat_boundaries=0 2 4 6 8 10 12 14 16 18 20
cat_threshold=2269364484 1321990 2756646 299008 786436 16528 2181595181 278528 311428112 49170 117810048 32915 604242020 278672 2157503001 270481 597447595 66708 16810240 1026
is_linear=0
shrinkage=0.05


Tree=5
num_leaves=63
num_cat=12
split_feature=15 14 15 14 17 17 7 22 13 7 15 8 7 7 16 15 22 14 7 7 1 17 17 15 6 3 3 1 1 1 3 6 18 1 22 1 22 7 11 17 10 18 3 1 10 7 15 8 8 17 23 1 7 7 11 23 6 22 6 10 10 17
split_gain=1369.85 265.652 100.918 75.1846 69.669 38.6352 33.0587 25.701 22.54 20.9431 19.0862 16.3377 15.3231 14.4937 10.9814 10.0724 9.38669 9.05657 9.04815 7.26415 7.242 6.92147 6.33182 6.09223 5.32079 4.99878 4.92103 4.4905 4.45222 4.39951 4.22967 4.18565 4.15671 4.02659 3.89597 4.87152 3.75979 3.75541 4.72609 3.64936 3.58019 3.32255 3.05206 2.96327 2.85376 2.83127 2.59337 2.2889 2.24622 2.07625 2.06548 2.03262 1.85818 1.71149 1.68595 1.54221 1.49852 1.47607 1.43434 1.40969 1.34639 1.26261
threshold=7.5000000000000009 1.5000000000000002 10.500000000000002 2.5000000000000004 0.92288757571443558 1.3333348021374041 -1.0000000180025095e-35 21.3332302290139 1.5000000000000002 540.15500000000009 5.5000000000000009 425.78500000000003 275.60000000000008 301.50000000000006 1.0529527237507594 1.5000000000000002 -1.0000000180025095e-35 3.5000000000000004 308.39500000000004 661.34500000000014 0 0.52124898838447431 1.4728680538407026 8.5000000000000018 3650.2500000000005 1 2 3 4 5 6 1734.8500000000001 1.6856058186695624 7 12.385477597322964 8 -1.0000000180025095e-35 1172.2250000000001 4552.2300000000005 0.71454403043881454 1486.0050000000003 0.64462822331538128 9 10 1362.5050000000003 405.09000000000009 6.5000000000000009 272.59500000000008 619.8950000000001 1.4286289695022634 7.5000000000000009 11 789.33500000000015 667.30000000000007 7379.6050000000005 27.500000000000004 3056.7900000000004 34.525554142525102 2501.0100000000007 1260.5250000000003 2722.0100000000007 1.6997543715927559
decision_type=2 2 2 2 2 2 2 2 2 2 2 2 2 2 2 2 2 2 2 2 9 2 2 2 2 1 1 9 9 9 1 2 2 9 2 9 2 2 2 2 2 2 1 9 2 2 2 2 2 2 2 9 2 2 2 2 2 2 2 2 2 2
left_child=1 4 9 5 10 11 41 17 12 23 15 29 26 36 -14 -1 -10 30 48 -18 47 -12 32 28 31 50 -7 -27 -2 59 40 -15 -4 -20 54 52 42 38 -37 -22 -5 -6 -8 -26 -38 -30 -23 -17 -9 -35 -13 -32 60 -24 56 -31 -11 -48 -54 -3 -36 -55
right_child=2 3 22 7 6 8 13 18 16 34 21 25 14 24 -16 20 19 -19 33 -21 39 46 53 -25 43 27 -28 -29 45 55 51 -33 -34 49 35 37 44 -39 -40 -41 -42 -43 -44 -45 -46 -47 57 -49 -50 -51 -52 -53 58 61 -56 -57 -58 -59 -60 -61 -62 -63
leaf_value=2.9130027480468748 -0.56396931835937525 0.033544120117187153 -1.3990103271484378 -1.012195234375 -1.5776161879882815 0.036091028198242552 -0.88336945709228498 -0.82258694995117176 -1.2592835307617189 -0.32179833557128923 -0.85214047033691431 -0.57097157666015641 -0.47281872857666002 1.6381879672851563 0.31788401354980489 -0.82180482080078132 0.24240393505859378 -1.16983833984375 -0.64802644497680661 -1.3833722060546876 0.041162480957031372 -0.083786073730468855 -1.1097292187499999 -0.89496302050781251 0.037973374328613564 -0.39264855139160171 -0.68155299023437466 -0.072412104614257622 -0.85357045019531252 -0.73422328283691418 -0.73231468164062474 2.2055662968749998 -1.085966953125 -1.1903091293945314 -0.18728353808593765 -0.48218674316406285 0.98968370849609399 -0.4934189042968754 -0.78509112988281293 0.42394927636718766 -0.20404449083709714 -0.39925416137695324 0.73505623913574214 1.1503774687500001 -0.35600303100585934 -0.55952400585937501 -0.54217187786865251 -0.076290567382812577 -0.57843064498901386 0.042682023071289169 0.21832948193359361 -0.92144593164062505 0.50983402636718744 -0.9825180078125002 -0.86518991699218761 -0.99668362725830095 -0.70098562524414099 -1.0889119946289065 -0.31152058203125005 -0.4083447861328125 -0.89706392382812528 -0.69930904296875018
leaf_weight=560 216 141 1312 43 151 554 244 397 355 47 229 91 483 4249 7484 300 631 218 356 409 1662 520 135 1322 312 699 824 751 596 1031 112 16519 1037 39 51 219 1721 233 695 1572 146 41 566 1142 167 162 148 249 84 590 316 576 39 65 62 28 42 34 100 129 39 28
leaf_count=560 216 141 1312 43 151 554 244 397 355 47 229 91 483 4249 7484 300 631 218 356 409 1662 520 135 1322 312 699 824 751 596 1031 112 16519 1037 39 51 219 1721 233 695 1572 146 41 566 1142 167 162 148 249 84 590 316 576 39 65 62 28 42 34 100 129 39 28
internal_value=1.43123e-05 0.00297834 -0.0216773 -0.00212932 0.00575126 -0.000676646 0.0068485 -0.00999902 0.000753979 -0.0164696 0.000516392 -0.00551113 0.0016434 0.00700959 0.00248902 0.00191843 -0.00515916 -0.0158128 -0.00559905 -0.00268456 0.000973983 -0.00595557 -0.0293556 -0.0195302 0.00743195 -0.00243952 -0.0032042 -0.00381066 -0.0161975 -0.00975038 -0.0133381 0.00764046 -0.030203 -0.00277075 -0.0118056 -0.0108412 0.00350796 -0.0121659 -0.0137677 0.00188636 -0.00513614 -0.0135897 0.000584256 0.00440975 0.00473295 -0.0181258 -0.00336879 -0.00424822 -0.0112345 -0.000214174 0.00235119 -0.0151926 -0.00325413 -0.0201299 -0.0198864 -0.0112057 -0.0134511 -0.00851351 0 -0.00326855 -0.00887097 -0.0128906
internal_weight=53273 46873 6400 16487 30386 13926 25112 2561 10740 3823 5274 3186 9345 24920 7967 4343 1395 1095 1466 1040 3783 931 2577 2296 22222 1857 1378 1450 974 1329 877 20768 2349 985 1527 1376 2698 1147 914 3234 189 192 810 1454 1888 758 702 549 481 629 407 688 229 228 151 1059 89 182 139 270 90 93
internal_count=53273 46873 6400 16487 30386 13926 25112 2561 10740 3823 5274 3186 9345 24920 7967 4343 1395 1095 1466 1040 3783 931 2577 2296 22222 1857 1378 1450 974 1329 877 20768 2349 985 1527 1376 2698 1147 914 3234 189 192 810 1454 1888 758 702 549 481 629 407 688 229 228 151 1059 89 182 139 270 90 93
cat_boundaries=0 2 3 4 6 8 10 11 13 15 16 18 20
cat_threshold=268701730 1120289 4 12 596377688 34464 2148040749 16528 2432730117 1310848 4 570949636 278544 2147745832 278545 1 270532694 532994 2147487752 4226
is_linear=0
shrinkage=0.05


Tree=6
num_leaves=63
num_cat=9
split_feature=15 20 15 15 14 20 22 7 9 20 20 15 18 1 15 7 7 15 0 22 5 20 15 1 7 1 1 9 1 16 5 7 15 5 7 15 15 5 19 5 15 19 5 1 1 5 5 20 5 16 1 5 22 7 16 18 20 5 9 20 5 5
split_gain=1293.07 284.632 98.9165 78.3132 63.9609 34.877 22.5026 20.4966 19.7122 17.4406 16.8035 12.4254 10.381 8.58981 8.55912 8.35925 7.56667 7.16633 6.62651 6.4246 6.15816 7.46365 6.00035 5.76119 5.61404 5.36008 5.20689 4.80545 4.66986 4.59896 4.36929 4.35101 4.2544 4.1786 4.62175 3.98536 3.88356 3.87849 3.73228 3.72291 3.40198 3.33533 3.25721 3.20846 3.01574 2.9071 2.83621 2.57298 2.52923 2.47237 2.44087 2.4297 2.39726 2.38557 2.34961 2.27396 2.25361 2.10137 2.05754 1.98064 2.50056 1.97365
threshold=7.5000000000000009 69.500000000000014 10.500000000000002 4.5000000000000009 2.5000000000000004 1.0000000180025095e-35 13.525592993010301 540.15500000000009 354.52000000000004 122.50000000000001 41.500000000000007 5.5000000000000009 0.13311768523417095 0 5.5000000000000009 297.23000000000008 314.77500000000003 13.500000000000002 1 -1.0000000180025095e-35 181.50000000000003 42.500000000000007 8.5000000000000018 2 375.685 3 4 787.1350000000001 5 -1.0000000180025095e-35 46.500000000000007 375.685 3.5000000000000004 168.50000000000003 542.32000000000005 4.5000000000000009 9.5000000000000018 31.500000000000004 1841.3650000000005 19.500000000000004 4.5000000000000009 2149.2700000000004 178.50000000000003 6 7 230.50000000000003 311.50000000000006 32.500000000000007 221.50000000000003 1.2000732483271039 8 80.500000000000014 25.759271715404996 427.0750000000001 1.2251623095734823 0.5878161234421988 20.500000000000004 325.50000000000006 162.88000000000002 30.500000000000004 211.50000000000003 148.50000000000003
decision_type=2 2 2 2 2 2 2 2 2 2 2 2 2 9 2 2 2 2 1 2 2 2 2 9 2 9 9 2 9 2 2 2 2 2 2 2 2 2 2 2 2 2 2 9 9 2 2 2 2 2 9 2 2 2 2 2 2 2 2 2 2 2
left_child=1 4 7 9 5 12 20 22 30 16 19 15 41 27 -12 -5 28 33 39 -10 21 40 23 -2 29 -13 54 -8 -3 -11 -7 55 -31 -4 -35 -32 43 -20 -33 -14 -6 58 -38 56 -17 -36 -47 -15 -44 -46 -28 -24 -29 -25 -18 -27 -9 -50 -1 -45 -61 -30
right_child=2 3 17 11 6 8 13 36 10 24 14 25 18 47 -16 44 26 -19 37 -21 -22 -23 51 53 -26 31 50 52 61 32 35 38 -34 34 45 -37 42 -39 -40 -41 -42 -43 48 59 49 46 -48 -49 57 -51 -52 -53 -54 -55 -56 -57 -58 -59 -60 60 -62 -63
leaf_value=-1.7145189477554326 -0.53287114541015645 -0.73953209893188454 -1.0279432336425782 -0.49232122017822316 -0.94227198925781264 -1.0438590640701293 -0.81584551187744114 -0.45395489663085958 -0.99555190305175789 -1.7276373200195314 0.16279601636352511 0.04868104981079107 -0.026883857324218496 -0.75261046246032715 -0.20928168820648177 0.60246313623657211 -0.18985357421264626 -1.4660164367675781 -1.0904496019279477 -0.52044961869506856 -0.49668200461730944 -0.64124238505859354 -0.94037164194335954 -0.80733313471679713 2.5290942320312504 -0.45137058502655042 0.84015331543579141 -0.67687872363281232 0.093964717871093839 1.7266098121459963 -0.69764835729980534 -0.193901407420349 0.081799220788574628 -1.0195549914550781 -0.57488997265624986 -0.74751211869506839 -0.73087186705322293 0.19489457236328145 -0.88686136428222651 1.9786445723632817 -1.2922719892578127 -0.93739990502853365 0.015173629785156351 -0.78852644282226569 -0.4390840998260494 -0.96054963378906244 -0.59988997265624988 0.023338089509296545 -0.82853998898925796 0.27982017192382819 0.31893096135559101 -0.83205197397460973 -0.59839214296112064 -0.58545925087890638 1.198019256445312 -0.72638446914825461 -0.74628245815429717 -0.38837382539062482 1.043933196950531 -0.21938022913818359 -0.40717174038085951 0.70865809721679707
leaf_weight=28 234 206 737 390 322 158 271 71 657 28 3907 461 201 383 2192 581 83 1082 60 3153 147 100 299 608 13878 126 2901 241 601 3494 545 984 299 473 85 429 168 269 57 1869 160 154 41 144 81 131 69 360 92 1600 731 1023 490 132 3237 240 491 35 84 280 205 715
leaf_count=28 234 206 737 390 322 158 271 71 657 28 3907 461 201 383 2192 581 83 1082 60 3153 147 100 299 608 13878 126 2901 241 601 3494 545 984 299 473 85 429 168 269 57 1869 160 154 41 144 81 131 69 360 92 1600 731 1023 490 132 3237 240 491 35 84 280 205 715
internal_value=-3.82442e-05 0.00283967 -0.0211151 0.0056689 -0.00252425 -0.00118353 -0.00992128 -0.0159599 -0.00242553 0.00671846 -0.00170374 -0.000397966 0.00394022 -0.00677203 -6.76008e-05 0.00178908 0.00483367 -0.0287161 0.00499063 -0.00430763 -0.0173327 -0.0197009 -0.0189865 -0.0156858 0.00761708 -0.00352753 0.00553559 -0.00977833 0.00159016 0.00586101 -0.00867841 -0.00504401 0.00602279 -0.0261098 -0.0228975 -0.00729273 -0.011348 -0.00146837 -0.00334052 0.00604197 -0.0223196 -0.0052974 -0.0163717 -0.00985134 0.00296909 -0.0169705 -0.0204433 -0.00246362 -0.0105263 0.00180785 0.00414266 -0.0213396 -0.00757834 -0.0179283 0.0070057 -0.00982385 -0.0128261 -0.0139423 0.000869565 -0.00675623 -0.00509734 0.0027088
internal_weight=53273 46873 6400 30693 16180 13706 2474 3823 11041 26173 9909 4520 2665 1745 6099 2652 8474 2577 2399 3810 729 582 2296 974 17699 1868 6952 1002 1522 3821 1132 1407 3793 1495 758 974 1527 329 1041 2070 482 266 336 1191 2262 285 200 743 168 1681 3632 1322 731 740 3320 366 562 127 112 629 485 1316
internal_count=53273 46873 6400 30693 16180 13706 2474 3823 11041 26173 9909 4520 2665 1745 6099 2652 8474 2577 2399 3810 729 582 2296 974 17699 1868 6952 1002 1522 3821 1132 1407 3793 1495 758 974 1527 329 1041 2070 482 266 336 1191 2262 285 200 743 168 1681 3632 1322 731 740 3320 366 562 127 112 629 485 1316
cat_boundaries=0 2 3 5 7 9 11 13 15 17
cat_threshold=1614287970 283152 1 2148040749 16529 2433910069 35842 2543167376 53395 5152 331778 34603715 66432 2467442953 5161 539496457 788076
is_linear=0
shrinkage=0.05


Tree=7
num_leaves=63
num_cat=17
split_feature=14 14 17 17 17 14 7 2 17 13 14 9 17 1 1 7 2 7 8 2 22 17 2 1 17 16 16 17 18 1 2 12 1 11 22 22 1 22 22 7 7 1 17 1 2 18 17 11 22 17 12 22 2 22 2 16 22 8 8 17 22 2
split_gain=1004.71 240.831 148.123 123.681 78.0882 33.4112 30.6217 25.2508 20.6058 20.1258 19.3566 19.0755 22.1123 13.5304 13.4867 13.1705 12.535 12.1275 11.2813 10.9904 10.8135 9.09826 7.81983 7.46926 6.51779 6.78183 6.38696 6.2941 7.7754 5.99272 5.94071 5.6321 4.76177 4.65882 4.27234 4.18395 3.97974 3.81269 3.60249 4.89385 3.5369 3.49437 3.45469 3.15264 3.14521 3.11706 3.10471 3.01178 2.86104 2.84644 3.59347 2.78329 2.52624 2.47682 2.39546 2.33367 2.33101 2.57295 2.2863 2.23906 2.65018 2.17535
threshold=2.5000000000000004 1.5000000000000002 1.0865227850773536 1.3598087795727858 0.92288757571443558 3.5000000000000004 -1.0000000180025095e-35 0 1.4875913723363754 1.5000000000000002 3.5000000000000004 1.0000000180025095e-35 0.60862539131523319 1 2 301.50000000000006 3 363.7050000000001 299.99500000000006 4 24.4189921845838 0.99943060350745727 5 6 0.88888933255159974 1.4999869271884541 1.0348819067793311 1.2616812869426444 0.24436516873702366 7 8 1.5000000000000002 9 2618.7550000000006 19.108740255606001 54.390021755059173 10 29.078574450011629 29.740315458713699 719.76500000000021 811.49000000000012 11 2.6908160939842252 12 13 0.64462822331538128 1.2380249430306438 2079.8950000000009 22.48111508356136 1.4807090551921513 1.5000000000000002 4.9581511384448076 14 27.17136973432277 15 2.1033580081014756 19.349469182369848 504.4550000000001 272.59500000000008 0.91363914224546494 37.618262712627335 16
decision_type=2 2 2 2 2 2 2 1 2 2 2 2 2 9 9 2 1 2 2 1 2 2 1 9 2 2 2 2 2 9 1 2 9 2 2 2 9 2 2 2 2 9 2 9 1 2 2 2 2 2 2 2 1 2 1 2 2 2 2 2 2 1
left_child=1 4 14 10 11 13 45 36 18 17 19 30 35 22 40 32 42 -10 53 46 -15 -21 -5 -14 38 33 -24 43 -29 -20 47 -11 61 -26 55 51 -4 -28 39 -16 59 -25 56 -17 -27 -6 -2 -1 -42 58 -51 -13 -34 -9 -22 -18 -7 -58 -38 60 -3 -8
right_child=3 2 7 5 6 16 15 8 9 31 -12 12 23 20 24 27 34 -19 29 21 54 -23 26 41 25 44 37 28 -30 -31 -32 -33 52 -35 -36 -37 49 -39 -40 -41 48 -43 -44 -45 -46 -47 -48 -49 -50 50 -52 -53 -54 -55 -56 -57 57 -59 -60 -61 -62 -63
leaf_value=1.5936441127148435 -0.61059239310913083 -0.83704803428474439 0.86676434716346762 -0.48625603190681482 -1.4502786391556743 -0.92100114544677758 0.49393976900325748 -0.73782288693534837 -0.3365592365519714 -0.58265992313354509 -1.3102899834594728 -0.48493555378227238 -0.68887350961570781 -0.68882401997070275 -0.96793102166748035 0.43250401267822264 -1.1398179876635743 0.2598554328278736 -0.35635994813783639 -1.099767812775879 0.2033683676224973 -0.7549483299792481 -0.7665127336474612 0.39947497171379109 0.010165500871505629 0.11227915213293055 -0.74332222309570328 0.88203060448684667 2.4212864618359378 -0.1001804816248324 -1.313203002691651 -1.3881811148171999 1.220974898310776 -0.86278492996955913 -0.80215790379638696 -0.2399727824436953 -0.64873918234649641 -0.5838417251091762 -0.59105056489501961 -0.31612925765274058 -1.0327200091911317 0.013508926977234027 0.60134354398190293 0.96569132703105931 -0.38063439935699467 -0.35326897237335225 0.24355543555175815 0.19364411271484344 0.049621363972168459 0.71205656199455258 -1.5436639611123661 -0.74984164656982455 0.44270970531866988 -0.67513159749229379 -0.37480669936352595 -0.91614471791992225 -0.9591045711145022 -0.019991713852539131 0.17031311866935717 -0.71244904979324364 -0.77452688761039745 -0.77698300508163454
leaf_weight=945 123 389 614 389 152 136 215 232 1639 785 1091 100 318 682 324 1026 411 4967 1326 549 243 1290 405 881 45 134 480 1522 16573 1426 134 328 1424 221 287 224 78 284 145 62 48 1692 23 3107 497 41 45 265 49 1078 40 887 790 370 426 24 42 83 417 384 96 270
leaf_count=945 123 389 614 389 152 136 215 232 1639 785 1091 100 318 682 324 1026 411 4967 1326 549 243 1290 405 881 45 134 480 1522 16573 1426 134 328 1424 221 287 224 78 284 145 62 48 1692 23 3107 497 41 45 265 49 1078 40 887 790 370 426 24 42 83 417 384 96 270
internal_value=-1.85356e-05 0.00265439 -0.00237784 -0.0176507 0.00523979 -0.0117056 0.00641643 -0.00031196 -0.0012933 0.000121406 -0.025129 -0.000178932 -0.00188185 -0.00894145 -0.0138194 0.0065719 -0.0195986 0.00117643 -0.00456509 -0.022046 -0.00506782 -0.0231709 -0.0121419 0.00047944 -0.01034 -0.00765278 -0.0142872 0.0069745 0.0073841 -0.00317604 0.00497402 -0.00608199 0.00323372 -0.0144052 -0.0231633 -0.00754736 0.00452567 -0.0114733 -0.014911 -0.017545 -0.0185649 0.00139695 -0.00909091 0.00516501 -0.00467271 -0.0132015 -0.00745856 0.00607114 -0.008375 0.00311347 0.00452721 -0.00895202 0.0042097 -0.0107851 -0.000502232 -0.0269692 -0.0111269 -0.00537109 0 -0.0198251 -0.0225154 -0.00117972
internal_weight=53273 46260 15694 7013 30566 3915 25120 13300 11073 7719 3098 5446 4102 2909 2394 24927 1006 6606 3354 2007 1351 1839 1558 2891 1428 897 1169 22228 18095 2752 1344 1113 2699 266 722 1211 2227 764 531 386 966 2573 284 4133 631 193 168 1210 97 1613 1118 987 2214 602 669 435 261 125 495 869 485 485
internal_count=53273 46260 15694 7013 30566 3915 25120 13300 11073 7719 3098 5446 4102 2909 2394 24927 1006 6606 3354 2007 1351 1839 1558 2891 1428 897 1169 22228 18095 2752 1344 1113 2699 266 722 1211 2227 764 531 386 966 2573 284 4133 631 193 168 1210 97 1613 1118 987 2214 602 669 435 261 125 495 869 485 485
cat_boundaries=0 1 3 5 6 7 8 10 12 13 15 17 19 21 22 23 24 25
cat_threshold=520 1647842626 282897 3150050 70144 524 512 524 4194 1120256 551290264 622880 2084 18928384 5153 2214625688 33795 2191189521 271504 2422436942 1484873 548 2980 1608 2828
is_linear=0
shrinkage=0.05


Tree=8
num_leaves=63
num_cat=16
split_feature=20 23 17 21 21 21 20 21 21 21 20 20 21 2 1 8 7 17 16 5 23 20 21 2 18 21 0 2 5 17 21 1 21 9 7 1 7 20 20 10 21 21 17 18 7 1 1 2 0 7 20 2 17 1 2 18 5 1 7 0 7 18
split_gain=789.844 274.731 104.641 87.9156 80.1109 75.0955 56.6247 112.698 50.5953 37.7318 26.006 20.0453 16.7725 16.2512 14.3643 13.4889 13.4803 10.5177 9.39928 9.3748 9.3461 9.20914 8.69417 8.1468 8.12854 7.37676 7.3352 25.5282 7.88722 7.01558 6.86217 4.9972 4.99074 4.86268 4.72489 4.64436 4.54504 4.50304 4.41817 4.41178 4.37541 4.36736 4.27968 4.2515 4.20688 4.13314 3.77049 3.7209 3.58731 3.54971 3.54531 3.52147 3.9251 3.42055 3.35839 3.07526 3.0548 3.04262 2.71739 2.6462 2.64422 2.57036
threshold=67.500000000000014 23.500000000000004 1.2558033053848126 44.25833333333334 88.839743589743605 39.01250000000001 1.0000000180025095e-35 56.017857142857146 10.250000000000002 55.017857142857146 47.500000000000007 9.5000000000000018 10.250000000000002 0 1 167.20500000000001 908.1350000000001 0.71454403043881454 1.556330271545576 34.500000000000007 10.500000000000002 150.50000000000003 129.84523809523813 2 1.6286671208847212 35.830459770114949 3 4 180.50000000000003 0.7437272126334481 72.341666666666683 5 77.205263157894748 199.97000000000003 60.305000000000007 6 542.32000000000005 136.50000000000003 133.50000000000003 1200.0650000000003 31.9451951951952 33.01111111111112 1.5147626041191879 0.15857068744227334 1122.1750000000004 7 8 9 10 355.76000000000005 35.500000000000007 11 1.8295009356481577 12 13 0.2553685810932384 164.50000000000003 14 736.47000000000014 15 -434.39999999999992 1.3444663356004176
decision_type=2 2 2 2 2 2 2 2 2 2 2 2 2 1 9 2 2 2 2 2 2 2 2 1 2 2 1 1 2 2 2 9 2 2 2 9 2 2 2 2 2 2 2 2 2 9 9 1 1 2 2 1 2 9 1 2 2 9 2 1 2 2
left_child=1 2 3 25 8 24 19 10 21 20 12 44 -8 -7 49 -13 35 54 -12 43 38 26 29 53 41 33 51 28 -28 34 36 -32 -25 -1 -6 -15 -16 46 40 -27 -10 -3 45 -4 -9 -22 -24 -31 -45 60 -18 52 -2 -19 -11 -21 -41 -49 -43 -57 -5 -56
right_child=4 5 6 14 22 13 7 11 9 17 18 15 -14 16 30 -17 50 23 -20 55 42 -23 37 32 -26 39 27 -29 -30 47 31 -33 -34 -35 -36 -37 -38 -39 -40 56 -42 58 -44 48 -46 -47 -48 57 -50 -51 -52 -53 -54 -55 61 59 -58 -59 -60 -61 -62 -63
leaf_value=-1.7079494159883357 -0.87206862750608816 -1.4272011157562259 -0.98401114666551015 0.89365186459965151 0.8827784452385864 0.11295484313668532 -0.84304277997841859 -1.2187720590763398 -1.0074196157572475 -0.69092661609256212 -0.46832860175236868 -0.65297987305796024 -0.81361856416033407 -0.52271225805652732 -0.54703784947567968 0.196430339516113 -0.72035658630613664 0.79420084576051375 0.18853039629653365 0.55557919242702525 -0.81933877581298842 3.3849655073711613 0.30859466745202657 -0.090091121876410801 -0.90558008328630091 -0.71267192273471081 -2.3048451886728514 0.79369801859170563 -0.35364958047493361 1.3976923848378906 -0.46388193533174232 0.26793183221907063 0.34210821795899787 -1.0198961586013338 -0.2940454258729554 -0.75115380847673718 -0.20702083200499502 3.1259985325246582 0.2822066138173831 -0.73944513449497418 -0.31197901095623015 -0.881676111454468 -0.062593611135216429 0.22431050493066459 -1.41877205907634 -0.424786222800903 1.5332272381118164 0.27137927942739432 -1.0938276938290354 -0.54321040857184111 0.0076652135804913257 1.77464247163942 0.68162318466075322 0.35364640557496652 -0.43129957958863835 3.090803899559571 -0.5760333214596538 0.77230836747289056 -0.48634514667252166 0.39617281603906279 -0.7559463271335487 0.21574968406560124
leaf_weight=80 101 734 75 21 283 173 931 585 102 264 991 547 2278 234 1090 5210 79 1389 352 809 373 2974 397 1926 784 187 94 319 47 2872 510 339 1132 660 352 828 551 8500 225 234 724 312 102 366 250 329 3005 524 68 162 186 644 504 789 394 1096 264 3094 23 205 395 205
leaf_count=80 101 734 75 21 283 173 931 585 102 264 991 547 2278 234 1090 5210 79 1389 352 809 373 2974 397 1926 784 187 94 319 47 2872 510 339 1132 660 352 828 551 8500 225 234 724 312 102 366 250 329 3005 524 68 162 186 644 504 789 394 1096 264 3094 23 205 395 205
internal_value=-3.26132e-05 -0.00740272 -0.00498111 -0.0116075 0.00499574 -0.0205565 -0.00281218 -0.00436889 0.00190368 -0.000518411 -0.0104171 -0.000181956 -0.0128697 -0.0121424 -0.0068056 0.000861545 -0.0139646 0.00137455 -0.00450409 0.00379005 -0.0067613 0.00602593 0.00704611 0.00222371 -0.0273101 -0.021875 0.00304468 -0.00226782 -0.0190747 0.00563447 -0.00504395 -0.00133509 0.000529144 -0.025572 0.000528997 -0.0165962 -0.00695712 0.00788534 -0.00356973 -0.0177144 -0.00527744 -0.0303988 -0.0108426 -0.00222168 -0.00741348 -0.012234 0.00627753 0.00612583 -0.000171625 -0.0139171 -0.0036847 0.00504193 0.00204288 0.00455272 -0.00370958 0.00526503 -0.0148204 0.00495043 -0.0244453 0.0067964 -0.0167064 -0.00140931
internal_weight=53273 21609 18256 4493 31664 3353 13763 11144 12637 7954 4552 6592 3209 1500 3068 5757 1327 6099 1343 2619 1855 4683 19027 5236 1853 1425 1709 460 141 7125 2490 849 3058 740 635 1062 1641 11902 1051 685 826 1069 804 509 835 702 3402 6490 434 578 265 1249 605 2178 863 2110 498 3618 335 1301 416 599
internal_count=53273 21609 18256 4493 31664 3353 13763 11144 12637 7954 4552 6592 3209 1500 3068 5757 1327 6099 1343 2619 1855 4683 19027 5236 1853 1425 1709 460 141 7125 2490 849 3058 740 635 1062 1641 11902 1051 685 826 1069 804 509 835 702 3402 6490 434 578 265 1249 605 2178 863 2110 498 3618 335 1301 416 599
cat_boundaries=0 1 3 4 5 6 8 10 12 14 15 16 17 19 20 22 23
cat_threshold=512 279973888 86272 1836 1 2304 2701656265 129 2166915115 131 571740289 69632 291655686 1122304 1932 1 250 2735998424 82594 195 269096040 1714288 1
is_linear=0
shrinkage=0.05


Tree=9
num_leaves=63
num_cat=8
split_feature=15 20 15 14 17 21 17 7 21 2 21 18 2 21 20 21 21 7 20 2 10 20 21 20 21 7 17 2 19 23 2 17 16 2 7 11 17 8 20 21 11 21 22 21 22 2 17 18 11 8 17 21 2 21 16 20 7 16 15 22 23 10
split_gain=1055.94 233.06 97.4261 59.0385 44.4814 37.161 36.7417 20.8341 18.8513 18.4642 15.7729 11.3962 10.9974 9.82516 9.26007 22.0429 7.86681 7.56295 7.24719 7.06107 6.5706 6.36253 6.1469 6.14647 11.6008 5.76733 5.67071 5.00205 4.78701 4.08544 5.17545 4.08241 4.05087 3.9932 3.98197 6.38129 3.94942 3.84579 4.35004 3.74501 3.66844 3.63087 3.48779 3.36947 5.14427 3.30236 8.21602 2.92639 2.62211 4.3539 2.58326 2.83652 2.65915 2.5268 2.28314 2.22167 2.172 1.99239 1.91397 1.87989 1.87394 2.73908
threshold=7.5000000000000009 82.500000000000014 10.500000000000002 2.5000000000000004 0.983399396960003 36.919871794871803 1.2499950542452596 363.7050000000001 110.03571428571429 0 76.693750000000009 1.7049282090035629 1 40.527046783625742 1.0000000180025095e-35 63.511904761904766 62.575187969924819 287.09000000000009 154.50000000000003 2 1.0000000180025095e-35 35.500000000000007 77.205263157894748 1.5000000000000002 54.018518518518526 422.80000000000001 2.0000018609671453 3 2926.4800000000005 9.5000000000000018 4 1.6997543715927559 1.3986596773937794 5 860.06500000000017 5601.4600000000009 1.4807090551921513 425.78500000000003 41.500000000000007 15.361263736263739 648.19000000000017 55.017857142857146 130.02403563883013 44.820855614973269 20.193479489802666 6 0.48428161861015356 0.2553685810932384 6358.5300000000016 769.6450000000001 0.69866071698162291 66.020000000000024 7 35.012820512820518 1.4399446816476806 29.500000000000004 1512.6650000000002 2.2503722063844225 1.5000000000000002 51.793500186729553 21.500000000000004 751.27500000000009
decision_type=2 2 2 2 2 2 2 2 2 1 2 2 1 2 2 2 2 2 2 1 2 2 2 2 2 2 2 1 2 2 1 2 2 1 2 2 2 2 2 2 2 2 2 2 2 1 2 2 2 2 2 2 1 2 2 2 2 2 2 2 2 2
left_child=1 3 7 6 10 21 16 43 18 23 20 36 53 56 47 -16 25 -7 22 57 -3 -5 26 28 -25 -1 -6 -27 -8 33 59 48 -23 -10 35 -15 -4 38 -18 -20 -41 -21 -35 -2 -45 58 -47 -11 49 -13 52 -52 -22 -9 -24 -36 -14 -19 -12 -31 61 -46
right_child=2 4 11 5 8 17 9 12 29 14 45 31 13 34 15 -17 37 19 39 41 50 32 54 24 -26 27 -28 -29 -30 30 -32 -33 -34 42 55 -37 -38 -39 -40 40 -42 -43 -44 44 60 46 -48 -49 -50 -51 51 -53 -54 -55 -56 -57 -58 -59 -60 -61 -62 -63
leaf_value=-0.60098083215196629 -0.84107328457439123 3.6820916390329312 -1.1422409039951025 -1.0321084636797699 0.094158027909254122 -0.67689558036498809 0.37672318962925078 -1.3483396681768711 2.6020190427134637 0.57408185389942368 2.8922148252349573 -0.89414942721276747 -0.71734018171105141 -0.4122488397650339 -0.25800063730074391 0.47173377853358223 -0.75973867705687015 0.42360793046000467 3.4123269219693331 -0.66682247174050702 -0.32121357651290855 -0.64243819903567223 -0.12322148186461207 -0.64454679074112531 -0.14262729417052586 0.062948407987446317 1.0790044227183273 -0.47966167732342452 -0.7390085398005084 0.34567021501934775 1.4423194116843649 -0.15923010370628987 0.18763237981004705 2.3246353239467523 -0.68321113100607289 -0.8461144838508613 -0.98349259399690792 -0.013476510798045639 -0.20577890182364228 -0.2013255388730423 1.1163927654308876 -0.30695411033930964 1.5414690207116573 0.07320354732299128 -0.67561669332995211 -0.8410637534445794 0.39361485798116586 2.7903262045815924 -0.90428075831079691 -0.53349982076032132 -0.28154073459133422 0.26833946134793296 -0.64753585750103615 0.21906231173851279 0.8188013465324433 -0.18248916465734535 -0.30855636457690799 -1.0855449327387299 0.65062804806273533 -1.358340972051117 -0.73190090114315598 -0.60138063524542218
leaf_weight=850 800 141 1335 440 2068 511 1066 45 4262 584 356 234 774 784 2693 4745 385 307 2721 376 515 217 158 813 2586 224 785 517 123 70 480 22 44 6786 101 209 118 774 628 171 1271 623 820 46 146 149 1076 901 768 100 540 391 385 171 2488 263 47 31 1734 68 198 239
leaf_count=850 800 141 1335 440 2068 511 1066 45 4262 584 356 234 774 784 2693 4745 385 307 2721 376 515 217 158 813 2586 224 785 517 123 70 480 22 44 6786 101 209 118 774 628 171 1271 623 820 46 146 149 1076 901 768 100 540 391 385 171 2488 263 47 31 1734 68 198 239
internal_value=-3.82442e-05 0.00256235 -0.0190848 -0.00162414 0.0055302 -0.00871375 -0.000549816 -0.0139735 0.00651438 0.000613253 0.0013965 -0.0266231 -0.0110451 -0.0120835 0.00194019 0.00121287 -0.00521295 -0.00494327 0.00483963 -0.00290112 -0.00212658 -0.0185192 0.00362368 -0.0019561 -0.003046 -0.00778701 0.00198267 -0.00441868 0.00110109 0.00780487 0.00366345 -0.0224933 -0.0116951 0.00801533 -0.00940257 -0.0110818 -0.0297304 -0.00288408 -0.00490896 0.00643003 0.00427336 -0.00500247 0.0072352 -0.0188111 -0.0155657 0.00350738 0.00134289 0.00555276 -0.0229186 -0.0181751 -0.0029512 -0.00103051 -0.00487265 0 0.00536995 -0.00463215 -0.0165504 0.00320513 0.00471945 -0.0044702 -0.0168302 -0.014143
internal_weight=53273 46873 6400 19438 27435 2549 16889 3823 22148 13511 5287 2577 2394 2178 8923 7438 3378 1848 9662 1337 1972 701 5499 4588 3399 1591 2853 741 1189 12486 618 1124 261 11868 1357 993 1453 1787 1013 4163 1442 999 7606 1429 629 3315 1225 1485 1102 334 1831 931 900 216 2646 364 821 338 2090 138 583 385
internal_count=53273 46873 6400 19438 27435 2549 16889 3823 22148 13511 5287 2577 2394 2178 8923 7438 3378 1848 9662 1337 1972 701 5499 4588 3399 1591 2853 741 1189 12486 618 1124 261 11868 1357 993 1453 1787 1013 4163 1442 999 7606 1429 629 3315 1225 1485 1102 334 1831 931 900 216 2646 364 821 338 2090 138 583 385
cat_boundaries=0 1 2 3 4 5 6 7 8
cat_threshold=3091 512 1552 564 2054 1828 2916 3628
is_linear=0
shrinkage=0.05


Tree=10
num_leaves=63
num_cat=23
split_feature=15 14 15 21 17 14 21 17 21 12 1 21 21 9 2 18 1 12 18 2 2 1 1 1 2 2 2 2 2 5 23 17 5 16 2 16 9 16 1 2 1 16 17 9 1 2 2 2 17 1 16 16 11 2 5 22 11 22 10 18 16 16
split_gain=984.096 185.201 93.4017 81.663 54.3139 25.398 25.2868 22.8021 22.0912 20.8206 17.1098 15.6536 14.9828 11.9119 11.2742 10.7629 10.5407 10.2438 9.59421 9.05069 8.77367 7.943 6.8354 5.46964 5.34559 5.17448 5.11951 5.02527 4.5722 4.25382 7.01319 4.2505 7.41023 4.16882 4.02224 3.9559 3.76887 3.78893 3.74748 3.63918 3.68237 3.45263 3.324 3.26077 3.22687 3.0007 2.97316 2.88628 2.7411 2.66303 2.63418 2.48932 2.27861 2.26558 3.99715 3.03057 2.15455 2.13115 2.11374 2.09935 2.06272 2.02472
threshold=7.5000000000000009 1.5000000000000002 10.500000000000002 56.508620689655181 1.0000009304835726 2.5000000000000004 78.408333333333346 1.3333348021374041 110.03571428571429 1.5000000000000002 0 36.919871794871803 39.01250000000001 493.3900000000001 1 1.547865050641088 2 1.0000000180025095e-35 0.22433607816917109 3 4 5 6 7 8 9 10 11 12 181.50000000000003 2.5000000000000004 2.5714322743094131 151.50000000000003 1.0000441563560116 13 0.99996273117844814 744.04000000000008 1.6708919815056398 14 15 16 1.1041940716587488 1.2558033053848126 546.57500000000005 17 18 19 20 0.9042195544074022 21 2.5890492971011794 2.8120579345948284 177.88000000000002 22 324.50000000000006 14.768830977598872 305.63500000000005 24.620430448988746 1529.0600000000002 1.2891812343172477 1.333333701819104 -1.0000000180025095e-35
decision_type=2 2 2 2 2 2 2 2 2 2 9 2 2 2 1 2 9 2 2 1 1 9 9 9 1 1 1 1 1 2 2 2 2 2 1 2 2 2 9 1 9 2 2 2 9 1 1 1 2 9 2 2 2 1 2 2 2 2 2 2 2 2
left_child=1 4 10 5 6 14 22 16 18 13 -2 29 53 27 31 42 36 47 28 48 -15 -21 -1 60 59 49 51 -9 56 30 -7 32 -3 -18 57 -23 37 -5 -8 40 -19 -25 -4 -27 -28 -35 -38 -10 -14 -20 -33 -24 -41 -12 55 -55 -6 -17 -11 -13 -16 -40
right_child=2 3 15 7 8 11 38 9 17 58 12 24 19 20 23 34 33 39 25 21 -22 35 26 41 -26 43 44 -29 -30 -31 -32 50 -34 45 -36 -37 46 -39 61 52 -42 -43 -44 -45 -46 -47 -48 -49 -50 -51 -52 -53 -54 54 -56 -57 -58 -59 -60 -61 -62 -63
leaf_value=0.03743426591108872 -0.71176481789058776 -0.58700281995919856 -1.0991598282452217 -0.73566831749324346 -0.91025438465924413 -0.69536522206717699 0.010360165053451543 -0.63873335543038523 -1.4264621826797508 -0.98142014504920183 -0.39461569776114969 -0.40142775723072383 -0.71884686008958765 0.03001327651521031 -0.62992207639182196 -0.82814853872206062 -0.66148321487099215 0.80304884582291369 0.95523287354103026 -0.27400133221879364 0.49329742687320155 -0.75797658916547883 -1.788340593627638 -0.82863117532743868 -0.68880546261207742 0.51687948610178014 -0.75330066258299733 0.089917599951984256 0.57838176079849513 -0.51080202407219766 -1.1269601059181282 0.24067534192968978 -0.05216776215106398 -0.20712784126091749 -0.86297930912024656 -0.54631016508417707 0.31151769009475966 -0.49326437335768158 -0.84163667186275382 -0.75466733156385013 2.065294704196226 -0.54573149490300332 -0.94671149511332475 1.1522269667544935 -0.10877218060228229 0.22023648560137732 -0.38824111499388947 0.62605125390993621 0.40551357675826188 1.617497245676389 -1.0848627411009388 -0.55791492722967573 2.3937923189123049 -0.67547057430126678 -0.34208175397329232 -0.79324529533195831 -0.19103592667578867 -0.63662928157530851 -1.3407020914139967 0.2816190897234222 -0.09082052613517605 0.61476380570607247
leaf_weight=961 642 309 975 276 107 336 720 348 103 213 156 144 24 2282 100 322 128 577 444 368 5570 269 35 207 469 2073 109 324 844 136 231 732 514 454 882 1388 116 223 58 45 3998 1511 348 5571 1006 529 471 254 156 1896 119 666 7379 376 35 409 403 50 219 101 425 3137
leaf_count=961 642 309 975 276 107 336 720 348 103 213 156 144 24 2282 100 322 128 577 444 368 5570 269 35 207 469 2073 109 324 844 136 231 732 514 454 882 1388 116 223 58 45 3998 1511 348 5571 1006 529 471 254 156 1896 119 666 7379 376 35 409 403 50 219 101 425 3137
internal_value=-2.5809e-06 0.00250795 -0.0183898 -0.00175637 0.00482329 -0.00684373 0.000836445 0.000673404 0.00594696 0.00179708 -0.0133854 -0.0125968 -0.0116899 0.00234549 -0.00474171 -0.0257703 -0.00388068 0.00741565 0.00434045 -0.00936934 0.00289624 -0.0102981 -0.00280126 -0.00705341 -0.00721757 0.00487634 -0.00459267 -0.004 0.000350037 -0.0179356 -0.0199342 -0.00155602 -0.00413136 -0.000366993 -0.022136 -0.0118189 -0.00734759 -0.0106823 0.00342968 0.00766435 0.00641619 -0.00844887 -0.0291195 0.0042053 -0.00236037 0.000697262 -0.00451271 -0.000798611 0.00129534 0.00699108 0.000863583 -0.00796569 0.00840393 -0.0169561 -0.0181873 -0.0191466 -0.00329828 -0.0151948 -0.00885057 -0.000726744 -0.00230019 0.00415757
internal_weight=53273 46873 6400 16487 30386 5334 6692 11153 23694 8956 3823 1417 3181 8524 3917 2577 2197 12356 11338 2205 7852 2025 2777 2243 714 9984 1816 672 1354 703 567 1674 823 1111 1254 1657 1086 499 3915 11999 4575 1718 1323 7644 1115 983 587 357 180 2340 851 701 7424 976 820 785 510 372 432 245 525 3195
internal_count=53273 46873 6400 16487 30386 5334 6692 11153 23694 8956 3823 1417 3181 8524 3917 2577 2197 12356 11338 2205 7852 2025 2777 2243 714 9984 1816 672 1354 703 567 1674 823 1111 1254 1657 1086 499 3915 11999 4575 1718 1323 7644 1115 983 587 357 180 2340 851 701 7424 976 820 785 510 372 432 245 525 3195
cat_boundaries=0 2 3 5 6 7 9 11 13 14 15 16 17 18 19 21 22 24 25 26 27 28 30 31
cat_threshold=4610 69632 716 549982296 102913 512 2067 2252505133 278528 2480521841 295043 2424620316 1066000 577 1548 211 3312 1169 1548 2455769666 1247245 2115 281089028 274445 67112962 151 1540 2634 159966800 3081 520
is_linear=0
shrinkage=0.05


Tree=11
num_leaves=63
num_cat=20
split_feature=15 20 15 15 7 13 7 20 16 2 1 7 2 2 0 2 8 19 16 23 1 15 15 1 23 15 20 2 16 0 1 15 1 15 9 7 7 1 16 16 1 5 2 1 20 2 5 2 1 7 20 16 7 5 2 7 22 5 7 5 10 8
split_gain=920.395 211.308 90.5085 56.6382 37.0984 29.2076 21.16 19.1888 15.0248 14.515 12.87 9.88247 9.86291 9.30316 9.18515 9.36918 8.47387 8.22207 9.1203 7.68216 7.53886 7.28816 6.57597 6.27128 7.02254 6.09722 5.28526 5.07934 4.99831 4.8841 4.44706 4.39322 4.22319 4.09536 4.07812 4.03702 4.004 3.73248 3.69863 3.62946 3.52731 3.24696 3.24532 3.21469 3.21112 3.19549 3.03681 2.89906 2.71131 2.66408 2.53026 2.52065 2.43355 2.40493 2.35239 2.32541 2.29072 2.22025 2.2128 2.09244 1.92529 1.89373
threshold=7.5000000000000009 69.500000000000014 10.500000000000002 4.5000000000000009 444.46500000000003 1.5000000000000002 363.7050000000001 162.50000000000003 1.0529527237507594 0 1 363.7050000000001 2 3 4 5 340.54500000000007 2170.9800000000005 2.11766008174581 9.5000000000000018 6 8.5000000000000018 5.5000000000000009 7 6.5000000000000009 4.5000000000000009 1.0000000180025095e-35 8 1.0116227741600878 9 10 17.500000000000004 11 5.5000000000000009 1192.1300000000001 503.81000000000006 308.39500000000004 12 1.5001119462999506 1.4004546240093196 13 303.50000000000006 14 15 258.50000000000006 16 230.50000000000003 17 18 1700.9750000000001 36.500000000000007 1.0065147347059018 727.09500000000014 262.50000000000006 19 275.60000000000008 10.608175113423291 324.50000000000006 355.76000000000005 325.50000000000006 1319.4600000000003 1146.7350000000004
decision_type=2 2 2 2 2 2 2 2 2 1 9 2 1 1 1 1 2 2 2 2 9 2 2 9 2 2 2 1 2 1 9 2 9 2 2 2 2 9 2 2 9 2 1 9 2 1 2 1 9 2 2 2 2 2 1 2 2 2 2 2 2 2
left_child=1 4 6 7 9 8 30 16 27 33 25 60 31 -8 26 -16 20 18 -12 35 41 40 43 24 34 38 -10 51 -18 -30 -2 36 -14 58 -7 48 -4 -24 -11 -23 -15 -3 -39 -13 -21 -45 -38 -22 -9 -25 -35 -6 -41 -19 -37 -27 -32 -42 59 -1 -5 -26
right_child=2 3 12 11 5 23 13 19 14 10 17 22 32 21 15 -17 28 53 -20 44 47 39 37 49 61 55 -28 -29 29 -31 56 -33 -34 50 -36 54 46 42 -40 52 57 -43 -44 45 -46 -47 -48 -49 -50 -51 -52 -53 -54 -55 -56 -57 -58 -59 -60 -61 -62 -63
leaf_value=-0.33470494300732234 -0.65468653988109615 -0.81606593823252638 -0.82824405339080753 -0.34783413192302615 -0.72549356883535199 -0.90428052297740646 0.0079752496640655753 0.63856393855932869 1.3002086731645286 -0.78034528258835678 -0.47421178418752075 0.54914672754116012 -0.95204982556429507 -0.30932773745231401 -0.77774909411338111 0.10296190725349313 -0.95940992085676235 -0.70860641549901904 0.011585329198023509 0.45226596064397173 0.95913231130688392 -0.6548097708969931 0.10749697006232273 -0.15982959165170263 0.21200021215477688 -0.66140427418792846 0.14140961438318131 -0.09082643894164262 0.99167845263036869 0.55004564764382291 -1.1706193893466217 -1.3606075139227747 -0.91149576660504406 -0.67974688888372903 -1.1571004838205539 2.7719725193045086 -0.65730177074053964 0.12094003802832809 -0.50338141723481244 -0.60316994201515917 -0.58246543106064375 0.77050240386635316 -0.35567771868695025 -0.073513581061661532 -1.105712590446603 0.43257332116284131 -0.67689827409476111 0.20391169474700277 2.075192019403429 -1.2188465002520983 -0.12341280783081726 -0.36815853371990248 -0.41111323652897713 0.098648656327963033 3.4501267961495814 -0.58647218006690738 -0.60363417011566867 -0.16536508999965777 0.54005798531011373 0.4252414488595424 -0.77974956431152131 -0.94265886789079412
leaf_weight=444 1049 333 239 754 197 209 216 371 1948 357 2284 546 1319 322 524 1101 78 532 1160 381 777 486 466 544 134 530 3441 214 8765 2726 31 103 506 217 369 3671 150 256 428 402 613 60 748 701 79 886 260 1345 3584 78 312 45 275 47 4003 261 349 80 275 343 163 186
leaf_count=444 1049 333 239 754 197 209 216 371 1948 357 2284 546 1319 322 524 1101 78 532 1160 381 777 486 466 544 134 530 3441 214 8765 2726 31 103 506 217 369 3671 150 256 428 402 613 60 748 701 79 886 260 1345 3584 78 312 45 275 47 4003 261 349 80 275 343 163 186
internal_value=-6.33494e-06 0.00242155 -0.0177885 0.00485935 -0.00219984 -5.28189e-05 -0.0128627 0.00575193 0.00122775 -0.00487627 -0.00606958 -0.000298474 -0.0250533 -0.00991865 0.00180633 -0.00146652 0.00448641 -0.00451251 -0.00356832 0.00722068 0.00182188 -0.010874 0.000870078 -0.00636901 -0.00902854 -0.00994336 0.00280276 -0.00751634 0.00506071 0.00514943 -0.0177287 -0.0186275 -0.0273871 -0.000600062 -0.0124355 0.00747184 -0.0170054 -0.00168024 -0.00671003 -0.01369 -0.00767436 -0.00440271 -0.00339233 0.00265098 0.00075594 0.00142969 -0.0134988 0.00300937 0.00611104 -0.00224409 -0.00420583 -0.0122549 -0.011011 -0.010073 0.008164 -0.013177 -0.0113232 -0.00968484 0.00115023 -0.000142405 -0.00493207 -0.00294118
internal_weight=53273 46873 6400 30693 16180 8990 3823 26173 7470 7190 5599 4520 2577 2394 7014 1625 14084 4023 3444 12089 2515 2178 3603 1520 898 1576 5389 456 11569 11491 1429 752 1825 1591 578 11629 649 1470 785 1163 1015 393 1004 2133 460 1587 410 2122 3955 622 529 242 677 579 7674 791 380 693 1062 787 917 320
internal_count=53273 46873 6400 30693 16180 8990 3823 26173 7470 7190 5599 4520 2577 2394 7014 1625 14084 4023 3444 12089 2515 2178 3603 1520 898 1576 5389 456 11569 11491 1429 752 1825 1591 578 11629 649 1470 785 1163 1015 393 1004 2133 460 1587 410 2122 3955 622 529 242 677 579 7674 791 380 693 1062 787 917 320
cat_boundaries=0 1 3 4 5 6 7 9 11 12 13 15 17 19 21 22 24 25 26 28 29
cat_threshold=524 6297194 5137 1548 512 1 289 271323168 86016 2989654727 266384 496 1 573575234 4626 536907851 332544 2417001788 316546 2181562413 278673 1572 2199003401 12456 3142 800 2307328 266240 2147
is_linear=0
shrinkage=0.05


Tree=12
num_leaves=63
num_cat=12
split_feature=15 20 15 14 17 21 17 21 7 2 20 21 2 18 8 21 7 7 21 21 20 2 21 21 2 2 9 17 22 2 2 19 21 21 16 7 11 21 9 2 17 22 4 8 11 8 6 11 7 2 21 8 23 18 7 16 16 2 2 21 18 11
split_gain=850.32 196.92 80.5398 50.7099 42.7558 31.3713 30.294 23.31 20.8681 15.1766 14.0549 11.4122 9.88287 8.24892 7.89643 7.39361 7.38589 6.77561 6.5446 6.4504 6.2814 5.95368 5.47756 5.20369 5.13604 4.63672 4.55295 4.4768 4.29705 4.25252 4.18755 4.03156 3.97117 3.88693 3.78027 3.60574 6.85286 3.57642 3.50304 3.41499 4.46156 3.38907 3.3058 3.00648 3.25603 3.00476 2.99849 2.93045 2.81742 2.74692 2.56558 3.53906 2.40163 2.30394 2.29536 2.2774 2.22913 2.15166 2.14106 2.14087 2.09819 2.05959
threshold=7.5000000000000009 82.500000000000014 10.500000000000002 2.5000000000000004 1.2312994386594902 36.919871794871803 1.2079589212247901 77.89444444444446 363.7050000000001 0 121.50000000000001 40.527046783625742 1 1.7049282090035629 275.60000000000008 60.605555555555561 287.09000000000009 283.54500000000007 65.074175824175839 67.021739130434796 35.500000000000007 2 77.89444444444446 122.68333333333335 3 4 378.18000000000006 1.946675459290512 133.65409289509725 5 6 1701.5550000000003 82.677083333333357 55.017857142857146 1.2000004164110369 860.06500000000017 5601.4600000000009 43.018518518518526 -1.0000000180025095e-35 7 0.68328924626037668 17.791389828971649 8 172.78 2840.2400000000002 413.38000000000005 1734.8500000000001 3385.3850000000007 736.47000000000014 9 22.097020933977458 529.6400000000001 12.500000000000002 0.684290546619166 413.38000000000005 1.483373290997763 1.2152381967435975 10 11 51.561250000000008 1.145532141478931 177.88000000000002
decision_type=2 2 2 2 2 2 2 2 2 1 2 2 1 2 2 2 2 2 2 2 2 1 2 2 1 1 2 2 2 1 1 2 2 2 2 2 2 2 2 1 2 2 9 2 2 2 2 2 2 1 2 2 2 2 2 2 2 1 1 2 2 2
left_child=1 3 8 6 7 20 15 24 43 17 19 29 50 -14 32 26 -7 22 -16 27 -5 -18 -8 31 41 -13 -1 58 -19 -10 56 46 -11 -23 -22 36 -27 -28 -9 -40 -41 -3 54 44 -2 -26 -12 -46 -31 60 -4 -52 -32 -51 -17 -50 -21 -44 -6 -47 -45 -25
right_child=2 4 12 5 10 16 9 38 11 14 23 25 13 -15 18 42 21 28 -20 30 34 33 -24 61 45 35 37 -29 -30 48 52 -33 -34 -35 -36 -37 -38 -39 39 40 -42 -43 57 49 47 59 -48 -49 55 53 51 -53 -54 -55 -56 -57 -58 -59 -60 -61 -62 -63
leaf_value=-0.6764979229098963 -0.62447381008405312 0.93107041604616225 -1.2120225170545069 -0.90648589886873376 0.46534891063847827 -0.5987132525691552 -0.75748420904719493 -1.6012520513303619 -0.33236706506982117 -0.49190362073729993 1.2103227775955041 0.16440737008238193 -0.99525114633599621 -0.75081922044818039 0.09966576264008245 -0.61275525495030869 0.31414023031589483 -0.056472905123734665 0.53015895408169911 -0.45037670110129402 -0.60726458069668332 -0.62028658635210743 -0.30589889306192364 -0.24827351489260252 -0.55190218091846832 -0.35103280807623422 -0.75311590804358897 0.51866059133518994 -1.0117640009059528 -0.64797880716071554 0.67173490180211892 0.75774877022170362 0.11489779471488948 -0.27064178277451223 -0.18995289274515362 -0.2961849847990316 -0.75664414604591568 -0.29068439825855846 1.0221030322095366 -0.04530257314062585 0.53012598672709488 -0.095603262213316054 -0.49066867277433035 -0.45075329603795489 0.59935085430485502 -0.46756961547128501 2.0210787575818467 -1.0656080782366659 -0.71871359875199858 -0.64166734986310026 -0.7781392225459659 -0.30621845938524522 -0.2641102839649131 -0.66129491564083287 -0.093973691510015028 -0.44386187100856883 1.5683143388725647 0.11949074098965272 -0.41279331139580472 -0.013250006211545441 -0.018438112046202628 2.6691721128228902
leaf_weight=261 399 374 68 440 133 511 420 35 143 667 1335 131 1234 951 3918 639 355 3769 3961 73 181 363 453 57 764 784 96 736 90 476 1643 920 580 619 80 364 209 945 2252 662 3164 542 246 80 20 202 3468 59 108 220 133 191 182 587 354 179 1275 490 381 985 64 8252
leaf_count=261 399 374 68 440 133 511 420 35 143 667 1335 131 1234 951 3918 639 355 3769 3961 73 181 363 453 57 764 784 96 736 90 476 1643 920 580 619 80 364 209 945 2252 662 3164 542 246 80 20 202 3468 59 108 220 133 191 182 587 354 179 1275 490 381 985 64 8252
internal_value=-1.64239e-06 0.00233195 -0.0170935 -0.00151613 0.00506004 -0.00808679 -0.000520217 0.00222086 -0.0124445 0.000467138 0.00643827 -0.00952232 -0.0239486 -0.0254038 0.00166047 -0.00504697 -0.00461912 -0.00182297 0.00225038 0.00395108 -0.0170987 -0.00260261 -0.00580765 0.00721767 -0.00148519 -0.00674044 -0.00791188 0.000857941 -0.000909503 -0.0139989 0.00515192 0.00601423 -0.00201 -0.00459799 -0.0103693 -0.00758212 -0.0092244 -0.00630987 0.00396705 0.00406594 0.00309325 0.00156082 -0.00285075 -0.0172748 -0.0209459 -0.00293406 0.00660372 -0.00990854 -0.01548 -0.0153171 -0.0145679 -0.0125382 0.00346164 -0.0165396 -0.00470924 -0.0110776 0.0073108 -0.000200267 -0.00265957 -0.00131303 -0.00636943 0.00803808
internal_weight=53273 46873 6400 19438 27435 2549 16889 8980 3823 13858 18455 2394 2577 2185 9126 3031 1848 4732 7879 4423 701 1337 873 14032 2867 1488 1302 1250 3859 906 3173 5723 1247 982 261 1357 993 1041 6113 6078 3826 916 1729 1429 478 1951 4803 79 763 951 392 324 1825 807 993 287 1348 736 514 1187 144 8309
internal_count=53273 46873 6400 19438 27435 2549 16889 8980 3823 13858 18455 2394 2577 2185 9126 3031 1848 4732 7879 4423 701 1337 873 14032 2867 1488 1302 1250 3859 906 3173 5723 1247 982 261 1357 993 1041 6113 6078 3826 916 1729 1429 478 1951 4803 79 763 951 392 324 1825 807 993 287 1348 736 514 1187 144 8309
cat_boundaries=0 1 2 3 4 5 6 7 8 9 10 11 12
cat_threshold=3091 520 1544 1572 512 520 1952 804 7 520 147 1192
is_linear=0
shrinkage=0.05


Tree=13
num_leaves=63
num_cat=18
split_feature=15 20 15 21 7 13 15 21 1 21 16 20 21 7 1 1 21 7 2 16 21 11 21 20 2 7 11 2 21 22 16 1 1 10 2 8 8 2 22 1 7 2 7 15 2 20 15 7 11 20 23 2 9 1 6 21 7 21 2 2 2 10
split_gain=785.352 181.903 73.7705 49.5222 30.1744 25.1527 23.74 22.9798 20.9241 15.3056 13.8848 11.5114 11.0326 10.8303 10.2418 9.89721 8.73945 7.82951 7.6716 8.5366 6.7882 6.68683 6.66661 6.66039 6.56509 6.27762 7.14637 5.99452 5.97422 5.6478 5.31182 5.27768 5.2286 4.72994 4.54401 4.36782 4.28801 4.28567 4.02167 3.71212 3.67895 4.2124 3.66025 3.26755 3.14023 4.33111 3.12906 2.74318 2.70372 2.66894 2.56061 4.66968 2.47627 2.47239 2.37399 2.37728 2.30535 2.30015 2.25375 2.23969 2.18062 2.15837
threshold=7.5000000000000009 69.500000000000014 10.500000000000002 110.03571428571429 444.46500000000003 1.5000000000000002 5.5000000000000009 78.408333333333346 0 39.01250000000001 1.0529527237507594 186.50000000000003 44.820855614973269 314.77500000000003 1 2 15.361263736263739 534.50500000000022 3 1.5000027216611571 43.018518518518526 4372.1050000000005 81.439285714285731 13.500000000000002 4 661.36500000000012 2204.5350000000003 5 51.561250000000008 20.193479489802666 1.0005908598384656 6 7 2271.0250000000001 8 1121.2850000000001 -1.0000000180025095e-35 9 64.350284212151834 10 844.97500000000002 11 454.0750000000001 2.5000000000000004 12 7.5000000000000009 21.500000000000004 542.32000000000005 489.53500000000003 1.5000000000000002 7.5000000000000009 13 324.11500000000007 14 5620.6000000000013 35.012820512820518 314.77500000000003 153.05555555555557 15 16 17 1343.3950000000002
decision_type=2 2 2 2 2 2 2 2 9 2 2 2 2 2 9 9 2 2 1 2 2 2 2 2 1 2 2 1 2 2 2 9 9 2 1 2 2 1 2 9 2 1 2 2 1 2 2 2 2 2 2 1 2 9 2 2 2 2 1 1 1 2
left_child=1 4 8 6 7 10 11 15 -2 40 20 13 33 32 27 34 -13 21 53 -20 -6 29 -15 35 56 26 36 46 54 -11 -26 52 -3 -7 43 -14 -5 -33 -38 -30 41 -10 -18 -1 -16 -46 47 -4 -39 -36 -27 57 -9 -12 55 -8 -17 -52 -19 -28 -22 -54
right_child=2 3 14 25 5 12 28 31 9 17 18 16 23 22 44 24 42 58 19 -21 60 -23 -24 -25 30 50 59 -29 39 -31 -32 37 -34 -35 49 -37 38 48 -40 -41 -42 -43 -44 -45 45 -47 -48 -49 -50 -51 51 -53 61 -55 -56 -57 -58 -59 -60 -61 -62 -63
leaf_value=-0.36772754691918613 -0.61427407437742887 0.25045786151729371 -0.76474131258961209 -1.7597140762719317 -0.61542243477538205 -0.84387297964538388 -1.0362464299117871 -0.68582626930822377 -0.45937091628059418 -0.21261144633999118 0.72861143180230625 3.4144886705542463 -0.61999293483299478 0.23111888275501524 -0.57446009502996886 -0.24308848307073952 -0.26068001320165157 -0.090487482941449579 -0.19250373287314737 0.20376660696651483 -0.51442461018092678 -0.74048438187030297 0.6176993938411437 0.24172135716116649 -0.70297796257125178 2.5676999816961428 0.95863527874127397 -0.89539993224626435 0.17633089368829316 -0.52576038454250495 -0.38461387987087364 0.31666654262655741 -0.39661262210148812 -0.96853344526391327 -0.56286758552165927 -1.2355459435227756 1.6176192979055202 -1.2294563706863082 0.96980507809386407 -0.25886243387890495 -0.45075029738785433 -0.70911350962620645 0.95209428984472388 -0.56803211510036966 -0.2858656188795165 -0.79640597476138386 -1.2547711379071886 -0.58306818164547214 -0.11183975799800515 -0.59413658277206938 0.32033464004897 1.4086359243577058 0.063319811745778415 0.34318818090104275 -0.764916923661207 -0.32885279051562366 0.34394160053524242 -1.7718532007705781 -0.35360980399188552 -0.18820732992110267 0.092803140969071052 -1.0518557794799539
leaf_weight=226 642 603 278 33 156 243 31 202 239 297 768 2418 292 4842 239 213 390 331 1459 3810 114 274 3928 491 594 5877 232 1337 378 610 1717 1033 1104 168 117 326 4539 76 2827 1025 164 573 652 697 54 517 41 111 1027 783 238 771 209 977 48 357 181 30 693 370 186 115
leaf_count=226 642 603 278 33 156 243 31 202 239 297 768 2418 292 4842 239 213 390 331 1459 3810 114 274 3928 491 594 5877 232 1337 378 610 1717 1033 1104 168 117 326 4539 76 2827 1025 164 573 652 697 54 517 41 111 1027 783 238 771 209 977 48 357 181 30 693 370 186 115
internal_value=2.55744e-05 0.00227008 -0.0163986 0.00453194 -0.00201755 -8.06183e-05 0.00257304 -0.00443139 -0.0119479 -0.0101245 0.00110732 0.00327923 -0.00594222 0.00244394 -0.0229603 -0.00659898 0.00578978 -0.00778419 0.00166382 0.000693393 -0.00729847 -0.0105891 0.00315457 -0.00327113 -0.00457597 0.00659936 0.0056175 -0.0254003 -0.00274837 -0.00836538 -0.00559918 -0.000722326 -0.0011769 -0.0129529 -0.00948393 -0.00672303 0.00604397 0.000372266 0.00613041 -0.00111131 -0.0154239 -0.0168712 0.00188995 -0.00663729 -0.0169806 -0.019542 -0.0177765 -0.0162946 -0.00175851 -0.0122125 0.0077251 0.00526631 -0.00514842 0.00452929 -0.00785877 -0.00626598 0.00128993 -0.000355872 -0.00447907 0.000289256 -0.00264026 -0.00229358
internal_weight=53273 46873 6400 30693 16180 8990 15776 7190 3823 3181 7470 13937 1520 10477 2577 4528 3460 2205 7014 5269 456 1181 8770 1109 2705 14917 8001 1767 1839 907 2311 2662 1707 411 1823 618 7399 2136 7366 1403 976 812 1042 923 810 571 430 389 1103 900 6916 1039 526 1745 436 388 394 268 1024 602 300 324
internal_count=53273 46873 6400 30693 16180 8990 15776 7190 3823 3181 7470 13937 1520 10477 2577 4528 3460 2205 7014 5269 456 1181 8770 1109 2705 14917 8001 1767 1839 907 2311 2662 1707 411 1823 618 7399 2136 7366 1403 976 812 1042 923 810 571 430 389 1103 900 6916 1039 526 1745 436 388 394 268 1024 602 300 324
cat_boundaries=0 2 4 6 7 8 9 11 13 14 15 17 18 19 20 22 23 24 25
cat_threshold=4610 69632 536907853 267008 7869802 316443 1548 2560 524 271585792 20513 69207532 663 846 936 2417132569 34962 1548 1608 3082 2164699293 50193 808 906 370
is_linear=0
shrinkage=0.05


Tree=14
num_leaves=63
num_cat=12
split_feature=15 20 21 14 17 7 7 21 21 13 21 21 20 1 17 1 21 1 1 1 19 17 1 17 1 1 8 10 3 15 20 20 19 0 17 1 21 22 21 7 20 17 17 16 18 18 15 20 19 8 15 7 7 17 7 1 20 22 20 10 22 18
split_gain=726.234 170.142 62.3204 49.1266 34.8737 30.9554 27.7984 25.0365 20.3118 16.8747 15.5406 13.9488 11.3402 10.873 10.4549 9.30492 8.23343 6.96797 6.74277 6.72848 5.81802 5.6886 5.6856 5.64749 4.97499 4.89685 4.64315 4.4327 4.41707 6.60686 4.12538 4.10568 3.90965 5.45911 5.29632 4.91185 3.89644 3.75475 3.68282 3.6183 3.56194 3.23311 3.0589 2.76307 2.7356 2.65089 2.48834 2.41879 2.41081 2.37208 2.37343 2.17887 2.17096 2.10397 2.03778 1.98737 1.94488 1.93726 1.93245 1.69984 1.63538 1.5714
threshold=7.5000000000000009 97.500000000000014 35.830459770114949 2.5000000000000004 1.2312994386594902 308.39500000000004 449.30500000000006 33.01111111111112 78.408333333333346 1.5000000000000002 73.02500000000002 82.033333333333346 1.5000000000000002 0 1.0663740672309909 1 131.04166666666671 2 3 4 2170.9800000000005 2.044301224697874 5 2.1052669634430372 6 7 1690.8100000000002 1.0000000180025095e-35 8 8.5000000000000018 29.500000000000004 37.500000000000007 1841.3650000000005 9 1.8500735093552823 10 20.755952380952383 77.821835591713452 51.561250000000008 272.29000000000002 9.5000000000000018 0.83985749388461273 1.7340269270789641 1.3090517182931352 0.14816971678248622 0.45014327362034762 9.5000000000000018 23.500000000000004 1599.22 -1.0000000180025095e-35 1.5000000000000002 681.22000000000014 596.43500000000017 1.6157882597568929 1266.3900000000001 11 133.50000000000003 24.0420305009639 32.500000000000007 3459.7350000000006 13.985629868104294 1.1544706762167507
decision_type=2 2 2 2 2 2 2 2 2 2 2 2 2 9 2 9 2 9 9 9 2 2 9 2 9 9 2 2 1 2 2 2 2 1 2 9 2 2 2 2 2 2 2 2 2 2 2 2 2 2 2 2 2 2 2 9 2 2 2 2 2 2
left_child=1 3 13 6 11 17 8 31 15 10 12 22 -8 14 -2 20 32 46 42 39 -1 -17 -3 -11 -13 45 -25 -24 57 47 -12 61 33 34 -6 -35 -16 -27 54 48 -15 -29 51 -33 -18 -10 -4 -30 -9 -26 -51 59 -31 -41 -21 56 -46 -20 -40 -7 -48 -5
right_child=2 4 5 7 16 18 9 19 25 23 30 24 -14 40 36 21 44 -19 28 38 -22 -23 27 26 49 37 -28 41 29 52 -32 43 -34 35 -36 -37 -38 -39 58 53 -42 -43 -44 -45 55 -47 60 -49 -50 50 -52 -53 -54 -55 -56 -57 -58 -59 -60 -61 -62 -63
leaf_value=-0.15967542964938419 -0.92661296587909148 0.45072295041943672 -0.55287519443244848 -0.75938553799765451 0.92025226427847506 -0.54236926478453318 0.97602584649101054 -0.56004945223768954 -0.64240909468839802 -0.25965641859255773 -2.2817721622480054 -0.069020942264371415 -0.06676245436734983 -0.45279731601709305 -1.1520184715306228 -0.5538387438960708 0.70783167140517134 -0.49952715848037155 0.079307759909745645 -0.55983222755441775 -0.64640652980187463 -0.38182329543476917 2.5611988767308671 -0.8965691183175345 -1.433203744950247 0.30689537347065204 -1.2367957551943753 -0.47804565411498373 -0.76251991358729665 -0.57490206221312457 0.55934863658012934 -0.49307260398130065 0.53518916797476457 -0.26482969163372266 2.8665510023727627 1.0043930494304352 -0.67929782800859329 -0.35792356320169633 -0.35054627399544924 -0.62923141765600055 -0.68970678893086912 -0.044282964158572649 -0.024972994611436941 -0.040740987121385609 1.0219788646488694 -0.086034981176541694 -0.41695710074529446 -0.19179124749677356 -0.15099367543563302 3.4289294412559621 0.59412179831034995 -0.47636746072047287 -0.36174487280090944 -0.40319293733618 0.42589151803205039 2.5046143823395139 2.6073285080969386 -0.19587478360508115 0.17463981968363529 -0.67293841042012792 -0.61695334555622949 -0.96520304336340301
leaf_weight=2528 847 503 608 240 2278 468 2175 265 312 512 77 598 4454 80 147 1183 251 279 168 309 429 654 154 322 23 2280 131 886 64 307 4497 133 985 419 2398 1482 819 612 361 102 776 855 55 55 412 650 35 553 46 402 3883 376 271 531 37 5546 2421 129 335 55 363 147
leaf_count=2528 847 503 608 240 2278 468 2175 265 312 512 77 598 4454 80 147 1183 251 279 168 309 429 654 154 322 23 2280 131 886 64 307 4497 133 985 419 2398 1482 819 612 361 102 776 855 55 55 412 650 35 553 46 402 3883 376 271 531 37 5546 2421 129 335 55 363 147
internal_value=4.3406e-05 0.00220182 -0.0157504 -0.000816403 0.0052066 -0.0115325 -9.60661e-06 -0.00734692 -0.00217894 0.00152822 0.00207813 0.00232654 0.00052209 -0.0216083 -0.0240622 -0.00435168 0.00650201 -0.0178474 -0.00817681 -0.00463801 -0.00255471 -0.00715541 -0.000780925 -0.00479081 0.00385516 0.000512056 -0.00885417 -0.00205058 -0.00584718 -0.00721233 0.00432052 -0.0165441 0.00527098 0.00571619 0.00664672 0.00339417 -0.0203044 0.00154905 -0.00172986 -0.00768025 -0.0158228 -0.00280247 -0.0115564 -0.00968586 0.00757269 -0.00253846 -0.019897 -0.00352823 -0.012301 0.00444342 0.00455049 -0.0123753 -0.0111446 -0.00540487 -0.00594556 0.00772936 0.0064169 -0.000120968 0.000286123 -0.0146625 -0.0237531 -0.0196474
internal_weight=53273 46873 6400 23377 23496 3731 20816 2561 8648 12168 11203 7304 6629 2669 1813 4794 16192 1285 2446 1986 2957 1837 2398 965 4906 3854 453 1895 1492 1195 4574 575 7562 6577 4676 1901 966 2892 1042 944 856 1741 954 188 8630 962 1006 617 311 4308 4285 899 578 633 346 8379 2833 297 696 523 398 387
internal_count=53273 46873 6400 23377 23496 3731 20816 2561 8648 12168 11203 7304 6629 2669 1813 4794 16192 1285 2446 1986 2957 1837 2398 965 4906 3854 453 1895 1492 1195 4574 575 7562 6577 4676 1901 966 2892 1042 944 856 1741 954 188 8630 962 1006 617 311 4308 4285 899 578 633 346 8379 2833 297 696 523 398 387
cat_boundaries=0 2 4 6 8 10 12 14 16 17 18 20 22
cat_threshold=539004943 332544 3053576949 1311392 537923650 4626 3150530 66048 539497570 282896 2443708225 425985 274867264 1443917 287576608 285858 4 1 3985476 1186336 1388925266 1143187
is_linear=0
shrinkage=0.05


Tree=15
num_leaves=63
num_cat=14
split_feature=15 14 21 21 21 7 8 7 7 14 12 2 6 2 21 21 21 2 2 15 0 2 2 21 23 7 15 6 2 2 7 15 15 10 7 7 21 22 21 7 7 7 2 2 16 2 16 16 0 2 21 6 7 11 21 6 7 21 23 11 16 22
split_gain=657.955 130.604 58.8598 51.0674 38.3905 28.6948 20.4835 20.2114 17.3572 17.0439 14.5641 13.9821 11.7041 10.9188 10.1907 10.06 13.1992 9.6565 8.99843 8.82387 8.07263 12.1742 7.74577 7.55685 6.59174 6.57053 6.39768 6.32236 6.06394 5.80364 5.70621 5.65682 4.71522 4.84623 4.59153 4.16604 3.8067 3.72892 3.20458 3.19669 3.13517 3.08586 3.01855 2.98031 2.88972 2.78372 2.76835 2.63227 2.42199 2.38031 4.77539 2.58334 2.3662 3.79153 2.16004 2.00544 1.9965 2.92265 1.96519 1.91351 1.87546 1.86237
threshold=7.5000000000000009 1.5000000000000002 56.508620689655181 35.830459770114949 103.40833333333335 363.7050000000001 248.18500000000003 341.31500000000005 -1.0000000180025095e-35 2.5000000000000004 1.5000000000000002 0 4496.4800000000005 1 33.01111111111112 20.755952380952383 65.605555555555569 2 3 4.5000000000000009 4 5 6 77.89444444444446 8.5000000000000018 -1.0000000180025095e-35 5.5000000000000009 6744.7200000000003 7 8 410.33500000000009 8.5000000000000018 9.5000000000000018 751.27500000000009 453.71500000000009 1122.1750000000004 10.250000000000002 52.561007635520731 137.38750000000002 120.46500000000002 1019.9600000000002 363.7050000000001 9 10 1.5000027216611571 11 1.124991306246361 0.95999634978107384 12 13 20.755952380952383 3650.2500000000005 800.67500000000007 6086.6150000000007 51.561250000000008 3372.3600000000001 789.33500000000015 29.671568627450984 18.500000000000004 2134.0350000000003 1.0263393749762966 7.7163242141051827
decision_type=2 2 2 2 2 2 2 2 2 2 2 1 2 1 2 2 2 1 1 2 1 1 1 2 2 2 2 2 1 1 2 2 2 2 2 2 2 2 2 2 2 2 1 1 2 1 2 2 1 1 2 2 2 2 2 2 2 2 2 2 2 2
left_child=1 4 9 11 7 32 23 19 61 18 13 41 44 40 36 20 -17 -7 49 25 27 -22 24 45 38 -1 -15 -9 54 -27 55 52 33 -5 59 -12 -11 -26 -10 -25 -8 -2 -35 -18 -13 -4 -36 -33 -30 51 -51 -3 53 -19 -16 -24 -46 -58 -49 -20 -38 -6
right_child=3 2 6 5 8 17 10 15 22 14 35 12 -14 26 28 16 43 31 34 -21 21 -23 30 39 37 29 -28 -29 48 -31 -32 47 -34 42 46 -37 60 -39 -40 -41 -42 -43 -44 -45 56 -47 -48 58 -50 50 -52 -53 -54 -55 -56 -57 57 -59 -60 -61 -62 -63
leaf_value=-1.0918713722215772 -0.95032601035371433 0.30809028796188787 -0.36206732891446691 -0.52087882177118805 -1.3789834287924725 -0.069964607896468953 -0.070477272088127929 1.8743449934273906 0.55158950236835824 -0.54283708628650962 -0.68293624486285298 -0.6739346042290848 -1.0733756453706937 0.58115784362048228 -0.39127015550472538 -0.21380627730904714 0.92593077270364255 -0.27239691487136763 -0.50956058035881591 -0.47167965554485464 -1.9116558875082648 0.95417339695891357 1.2367606183023625 -0.57485541211131019 0.41249082512566615 -0.41850532482084724 0.051135842753603458 -0.74603550691698373 -0.48329131227750521 0.37355731584906127 1.8124954508788045 -0.60348157298797744 -0.56216545590326239 -0.25992848572281807 -0.96508888432465645 -1.1122514558286367 -0.71483190523886619 -0.51322017645297258 1.9287722410908643 0.080854024628584667 0.32526505082248003 -0.43892303150315687 -0.51968372173735045 0.27872116806722175 -0.58552841451926607 -0.61532542785172062 -0.26979300134791212 -0.35562748239435432 -0.8370425869541025 -0.046938093784489876 -0.36623581987574688 -0.41419516099864034 -0.26769744400759238 -0.80613632812027614 0.15082636800557234 0.36862546353679693 -0.44349328824881823 -0.15532931488387833 -0.49516967444233551 -0.63889216623986989 -0.71649577578667334 -1.0957600037439574
leaf_weight=122 147 402 262 296 39 426 3124 4822 1351 48 278 891 846 3952 308 1479 855 492 558 727 229 758 2222 338 324 683 1621 58 252 1618 6916 94 505 129 43 229 177 267 3860 468 591 263 531 3458 390 290 947 405 167 936 682 87 286 56 115 486 69 63 511 262 350 112
leaf_count=122 147 402 262 296 39 426 3124 4822 1351 48 278 891 846 3952 308 1479 855 492 558 727 229 758 2222 338 324 683 1621 58 252 1618 6916 94 505 129 43 229 177 267 3860 468 591 263 531 3458 390 290 947 405 167 936 682 87 286 56 115 486 69 63 511 262 350 112
internal_value=7.90694e-05 0.00213355 -0.00144709 -0.0149539 0.00407796 -0.0111308 0.00061514 0.00224902 0.00581274 -0.00576635 0.00141738 -0.020261 -0.0218585 0.00187278 -0.0104842 0.00321021 0.001717 -0.00755609 -0.00404018 -0.00129242 0.00467419 0.000492424 0.00598062 -0.00512491 0.00447549 0.000139118 0.00326933 0.00550891 -0.00683432 0.000764974 0.00686936 -0.0091007 -0.016624 -0.0142857 -0.0066237 -0.00678922 -0.0156791 -0.000441919 0.0050513 -0.00194685 -0.000217945 -0.010461 -0.0116139 0.00311921 -0.018953 -0.00963964 -0.00425478 -0.0117226 -0.0110243 -0.00175118 -0.0026824 0.00122012 -0.00594385 -0.00789474 -0.00220757 0.00486905 -0.015381 -0.00888889 -0.0107182 -0.00947752 -0.0169104 -0.0107955
internal_weight=53273 46873 16487 6400 30386 3731 11153 14809 15577 5334 9795 2669 2259 9288 1417 11659 5792 2270 3917 3150 5867 987 15426 1358 5802 2423 5573 4880 842 2301 9624 1844 1461 956 1810 507 575 591 5211 806 3715 410 660 4313 1413 552 990 1010 419 2107 1618 489 834 548 423 2708 522 132 916 820 527 151
internal_count=53273 46873 16487 6400 30386 3731 11153 14809 15577 5334 9795 2669 2259 9288 1417 11659 5792 2270 3917 3150 5867 987 15426 1358 5802 2423 5573 4880 842 2301 9624 1844 1461 956 1810 507 575 591 5211 806 3715 410 660 4313 1413 552 990 1010 419 2107 1618 489 834 548 423 2708 522 132 916 820 527 151
cat_boundaries=0 1 2 3 4 5 6 7 8 9 10 11 12 13 14
cat_threshold=520 2195 1544 748 1 257 2115 713 211 3584 776 2606 1 520
is_linear=0
shrinkage=0.05


Tree=16
num_leaves=63
num_cat=25
split_feature=15 14 21 21 17 1 21 14 17 2 21 19 21 2 1 2 9 0 2 1 15 17 5 1 2 17 1 1 21 1 1 2 22 23 1 1 17 5 10 0 17 6 2 9 5 1 21 15 9 23 5 1 2 5 5 1 5 1 18 2 17 5
split_gain=601.815 119.414 54.6879 45.218 42.0049 27.036 17.6796 16.3564 15.0772 14.4265 13.4517 12.689 11.2672 11.0575 10.6275 10.4956 8.97143 8.40434 7.63909 7.29915 7.04299 6.7972 6.69836 6.6817 6.22706 5.27198 5.27125 5.24064 5.13664 4.97027 4.70191 4.59082 4.478 5.91619 4.44265 4.43414 4.39787 4.3636 4.24685 4.18059 4.06073 3.96932 3.91242 8.90364 3.77875 3.75519 3.46961 3.22318 3.21987 3.32442 2.94615 2.65215 2.61886 2.59097 2.57662 2.55315 2.44966 2.44936 2.44797 2.43308 2.41432 2.32631
threshold=7.5000000000000009 1.5000000000000002 61.019230769230781 35.830459770114949 1.0000009304835726 0 141.84523809523813 2.5000000000000004 1.3333348021374041 1 80.20714285714287 1583.5200000000002 33.01111111111112 2 3 4 342.04000000000002 5 6 7 9.5000000000000018 1.818721999366818 56.500000000000007 8 9 1.0209227420435687 10 11 73.679487179487197 12 13 14 130.02403563883013 4.5000000000000009 15 16 0.55238330190980722 313.50000000000006 2017.0150000000001 17 0.9042195544074022 4496.4800000000005 18 172.32500000000002 256.50000000000006 19 10.250000000000002 1.5000000000000002 275.60000000000008 8.5000000000000018 311.50000000000006 20 21 199.50000000000003 195.50000000000003 22 137.50000000000003 23 0.60744295409626903 24 1.2380249430306438 187.50000000000003
decision_type=2 2 2 2 2 9 2 2 2 1 2 2 2 1 9 1 2 1 1 9 2 2 2 9 1 2 9 9 2 9 9 1 2 2 9 9 2 2 2 1 2 2 1 2 2 9 2 2 2 2 2 9 1 2 2 9 2 9 2 1 2 2
left_child=1 4 7 9 10 37 11 13 19 53 23 17 46 30 25 61 52 21 29 50 34 -6 27 -1 57 -11 -20 -13 -19 -18 39 36 48 45 -17 59 -25 38 -5 -3 -36 42 47 -44 -35 -34 -9 -12 -8 -50 58 -24 -10 -2 -48 -33 -37 -14 -4 -15 -55 -7
right_child=3 2 8 5 6 15 32 12 16 14 41 22 24 35 -16 20 18 28 26 -21 -22 -23 51 31 -26 -27 -28 -29 -30 -31 -32 55 33 44 40 56 -38 -39 -40 -41 -42 -43 43 -45 -46 -47 54 -49 49 -51 -52 -53 -54 60 -56 -57 -58 -59 -60 -61 -62 -63
leaf_value=-0.69466457392436054 -0.83820817288731986 -0.36253935202813214 -0.69304768147455931 -0.50803595300373172 0.70830184248738892 -0.54466314585779319 0.67002409786474293 -0.51569523197218403 0.38610710167276746 -0.90163654758658152 3.3511264356502388 0.61572448362530252 -0.48288593622602405 0.50003703487236473 -0.61409074702503519 -0.23468267009002908 0.69494459769390726 0.08213129808816913 -0.12852311602139857 0.03468661357828573 -0.46900219742129468 2.3842085130458659 0.082735036016119784 -0.83869145007794943 -0.5299655185238118 -0.72758715102473825 0.29727708809795211 -0.66348576525492442 0.74269345553353183 0.31490621435139987 -0.31047555535811039 -0.13552355734285371 -0.079855061598551921 0.26309829671881885 -0.52871877965850667 -0.43471189412633149 -0.20395644178495687 -0.34517423132209085 -0.47257090192353851 -0.75038011283390826 -0.38950325219177168 -0.22633016535806263 -1.064650077884097 0.31750767772626143 -1.9696083389362862 2.3685092088538076 -0.69087234669252195 0.48881216656108484 2.3213682096714421 0.0034618798531919738 0.1473880251682787 0.84717043241693313 -0.57176377917705001 -0.30924012753571745 -0.26772947212489556 0.27960913752920824 -0.13390669294277835 -0.076612836013835936 -0.36222210072581834 -0.067161563937194663 -0.076628423249690061 0.27773511479268825
leaf_weight=294 135 848 187 569 4366 59 381 48 117 657 454 249 112 280 753 399 1487 1691 2361 810 699 3605 1209 176 442 849 1424 506 1814 2656 689 997 237 171 316 493 840 81 131 528 1291 317 211 1066 67 716 476 1748 7165 152 130 1365 234 171 51 589 477 476 690 1471 104 186
leaf_count=294 135 848 187 569 4366 59 381 48 117 657 454 249 112 280 753 399 1487 1691 2361 810 699 3605 1209 176 442 849 1424 506 1814 2656 689 997 237 171 316 493 840 81 131 528 1291 317 211 1066 67 716 476 1748 7165 152 130 1365 234 171 51 589 477 476 690 1471 104 186
internal_value=4.80986e-05 0.00201302 -0.0014107 -0.0143292 0.00387229 -0.0107291 0.00486032 -0.00503011 0.000876324 -0.0193254 0.000365945 0.00379271 -0.00941387 -0.00354458 -0.0209342 -0.00839521 0.0017855 0.00458228 0.00213718 -0.00323489 -0.00930372 0.00548501 0.00105417 -0.00219041 -0.00617135 -0.0237163 0.00049039 -0.00305079 0.00251212 0.00361826 -0.00629812 -0.00132887 0.00663096 0.00367462 -0.00775261 -0.00140362 -0.00393586 -0.0190649 -0.0206259 -0.00802736 -0.00892747 0.00232956 0.00282524 0.000552326 -0.00321577 0.00545241 -0.0150735 0.00409707 0.00708025 0.00731728 -0.00604167 0.00227978 -0.00596751 -0.00951537 -0.01625 0.00032833 -0.00409461 -0.00249584 -0.00714489 7.79478e-05 -0.00651978 0.00140504
internal_weight=53273 46873 16487 6400 30386 3731 23694 6391 10096 2669 6692 14805 1605 4786 2259 2950 8279 11476 7928 1817 2705 7971 3329 2896 1030 1506 3785 755 3505 4143 2065 2602 8889 1191 2006 2721 1016 781 700 1376 1607 3796 3479 1277 238 953 575 2202 7698 7317 1007 2574 351 410 527 1586 970 588 877 1751 275 245
internal_count=53273 46873 16487 6400 30386 3731 23694 6391 10096 2669 6692 14805 1605 4786 2259 2950 8279 11476 7928 1817 2705 7971 3329 2896 1030 1506 3785 755 3505 4143 2065 2602 8889 1191 2006 2721 1016 781 700 1376 1607 3796 3479 1277 238 953 575 2202 7698 7317 1007 2574 351 410 527 1586 970 588 877 1751 275 245
cat_boundaries=0 2 3 4 6 7 8 9 11 13 14 16 18 20 22 23 25 27 28 29 31 33 34 36 38 39
cat_threshold=4674 4096 520 2323 536907791 332544 512 1 1896 549982298 103073 266242 5120 717 908121133 356010 33587229 16912 2210496905 19565 573968608 349090 211 2152235053 278528 2801852844 1425539 1 2412 86576 86529 805345130 800259 271 656573824 49840 4115 20496 512
is_linear=0
shrinkage=0.05


Tree=17
num_leaves=63
num_cat=18
split_feature=14 21 17 21 14 14 17 17 12 8 1 2 21 21 19 2 11 1 2 0 2 19 1 2 22 1 1 23 2 8 21 17 21 17 5 2 5 17 1 8 12 8 12 2 1 5 17 21 21 17 17 8 1 21 21 21 5 10 17 21 8 0
split_gain=465.633 117.692 72.9238 61.4395 30.4094 28.9508 20.9076 17.7722 17.5508 17.5763 16.5968 12.6996 12.5666 11.8714 10.7423 9.79 8.44547 8.35014 7.93187 7.66459 11.2773 7.9866 7.18417 7.0578 6.66431 7.37434 6.60174 6.16724 6.07846 5.93782 5.73913 5.52159 5.44273 5.3497 4.96288 4.59054 4.31729 4.2293 4.18935 4.15407 4.02959 3.49231 3.47606 3.43143 4.24096 3.36434 2.97364 2.90051 2.8541 2.81775 2.55196 2.41966 2.40576 2.36244 2.2874 2.28245 2.20543 2.14903 2.12967 2.06407 1.96388 1.96288
threshold=2.5000000000000004 82.677083333333357 1.2312994386594902 38.48212005108558 1.5000000000000002 1.5000000000000002 1.4420545024961589 1.0465328578701421 1.5000000000000002 340.54500000000007 0 1 44.820855614973269 143.04545454545459 2756.9800000000005 2 1144.4200000000003 3 4 5 6 1257.8700000000001 7 8 133.65409289509725 9 10 2.5000000000000004 11 275.60000000000008 56.017857142857146 0.9042195544074022 27.91833333333334 0.65220904405345592 68.500000000000014 12 33.500000000000007 1.5227729834246746 13 812.22500000000014 1.0000000180025095e-35 256.52500000000003 1.0000000180025095e-35 14 15 199.50000000000003 3.4132662183536593 30.435416666666672 50.616515837104082 0.94684796444746933 2.7283241510599501 555.73000000000013 16 160.06250000000003 41.820855614973269 22.097020933977458 333.50000000000006 1.0000000180025095e-35 2.6064634838369596 42.406896551724145 171.08000000000001 17
decision_type=2 2 2 2 2 2 2 2 2 2 9 1 2 2 2 1 2 9 1 1 1 2 9 1 2 9 9 2 1 2 2 2 2 2 2 1 2 2 9 2 2 2 2 1 9 2 2 2 2 2 2 2 9 2 2 2 2 2 2 2 2 1
left_child=1 2 5 7 14 22 26 47 9 17 41 48 39 18 19 45 58 34 -11 21 -21 -4 51 57 42 -26 -5 -17 -18 46 -31 -14 -29 -20 -3 -28 -16 -10 54 -12 -25 -7 -15 -24 -45 50 -13 56 -6 -37 -9 -1 -51 -36 -30 -47 -2 -19 -8 -43 -50 -39
right_child=3 8 4 6 11 10 16 15 37 13 12 29 31 24 36 27 28 23 33 20 -22 -23 43 40 25 -27 35 32 38 30 -32 -33 -34 -35 53 49 -38 61 -40 -41 -42 59 -44 44 -46 55 -48 -49 60 52 -52 -53 -54 -55 -56 -57 -58 -59 -60 -61 -62 -63
leaf_value=-0.61476249852109754 -0.98574208382789053 -1.1153285644912581 2.0525307870136715 -0.63619152331227768 -0.12484050737075902 -0.43644278140941062 -0.46965727341394231 -0.79771055870042895 0.90817016872361378 1.2349369154585697 -0.51311365697908051 -0.52324773664742652 -0.44661542216607625 -0.71655419976626633 -0.82574790601889481 -0.45255551991169052 0.13925579548431985 2.9835376487198921 -0.55771548560835782 -0.80047210332796226 1.1882622933001217 0.75544055444381408 0.066390920002697126 -1.2226908642665633 -0.4644131003748605 1.4938270223524974 -0.077007077774153221 -0.83977201487117081 -0.54192118659892585 -0.28969689442212604 0.0089570361483527709 -0.15882406224892628 -0.48239919714395718 0.48333158121264541 -0.55621694673409328 -0.66412033726814856 -0.074423529611485947 -1.0430794079619499 -0.16474727236383657 -0.28544819618557843 0.057778102104106568 -0.53559160220029034 2.0810545362862078 -0.31690308433107095 0.10049909233433159 -1.0104303503409224 -0.35122852128357351 -0.5250508641664543 -0.50390677726468014 -0.14404840303921135 0.35592580237823146 -0.18650044200486812 -0.56191704399345055 0.78810148711907579 -0.44321069392404128 -0.069448637333034038 -0.7816276885363922 0.59555589457024538 -0.39189804675100215 -0.43313088409784728 0.53101120746155883 0.48864271746282972
leaf_weight=469 531 111 2767 370 366 306 177 170 74 1883 621 443 393 106 119 369 524 441 116 721 932 2607 1645 140 409 813 142 634 109 2382 2441 1626 1141 8356 244 53 516 215 603 235 1281 84 7794 1164 600 43 202 331 42 128 23 221 583 142 765 219 30 2127 68 151 912 43
leaf_count=469 531 111 2767 370 366 306 177 170 74 1883 621 443 393 106 119 369 524 441 116 721 932 2607 1645 140 409 813 142 634 109 2382 2441 1626 1141 8356 244 53 516 215 603 235 1281 84 7794 1164 600 43 202 331 42 128 23 221 583 142 765 219 30 2127 68 151 912 43
internal_value=8.09464e-05 0.00190217 -0.000748247 -0.011921 0.00132671 -0.00474362 -0.00722695 -0.0166321 0.00430025 0.00445996 -0.00814566 -0.0011044 -0.00651402 0.00511101 0.00348663 -0.0144552 -0.00427968 0.00162063 0.00393778 0.00405228 0.00103412 0.00497024 -0.00189237 0.00238943 0.00643562 0.00291837 -0.0123534 -0.0159017 -0.00316243 -0.00217114 -0.00155667 -0.00433358 -0.0172455 0.00325869 -0.00438725 -0.00949402 -0.00268417 -0.00701493 -0.00479027 -0.0116414 -0.000409693 -0.0162229 0.00697204 -0.000916861 -0.00244795 -0.00697115 -0.00669367 -0.0228492 0.00326332 -0.0110682 -0.0121811 -0.00650782 -0.0101716 -0.00160668 -0.00701804 -0.00311321 -0.0254211 0.00395196 -0.0130544 -0.011187 0.00472832 -0.0100575
internal_weight=53273 46260 21965 7013 14450 7515 3522 3491 24295 23963 3416 6788 2875 19477 7662 2599 2246 4486 10355 7027 1653 5374 4099 3989 9122 1222 1276 2144 2001 5468 4823 2019 1775 8472 497 906 635 332 1477 856 1421 541 7900 3409 1764 455 645 892 1320 764 193 690 711 386 874 262 561 2568 245 235 954 258
internal_count=53273 46260 21965 7013 14450 7515 3522 3491 24295 23963 3416 6788 2875 19477 7662 2599 2246 4486 10355 7027 1653 5374 4099 3989 9122 1222 1276 2144 2001 5468 4823 2019 1775 8472 497 906 635 332 1477 856 1421 541 7900 3409 1764 455 645 892 1320 764 193 690 711 386 874 262 561 2568 245 235 954 258
cat_boundaries=0 2 3 4 6 7 8 9 11 12 14 16 17 18 20 21 23 25 26
cat_threshold=4674 69632 1544 520 2101760 1095720 768 1 2337 414986 529664 2860 8475184 86657 266832 69634 1544 2560 539497602 279088 1829 544211189 82450 32772 656 1
is_linear=0
shrinkage=0.05


Tree=18
num_leaves=63
num_cat=4
split_feature=15 14 21 17 21 7 21 7 14 7 21 12 21 17 7 21 7 15 9 17 13 21 6 7 10 15 17 3 15 6 6 4 17 16 7 9 9 22 17 17 23 23 7 21 22 3 7 22 7 17 23 22 3 22 7 16 16 14 17 17 16 16
split_gain=493.147 105.338 45.8768 39.5082 34.4417 22.1648 18.1759 16.9677 16.8193 15.2756 13.285 13.196 10.8872 9.48282 7.79523 7.1897 7.05255 6.6125 5.52329 4.89021 8.02387 7.8546 4.42872 4.36719 4.31643 5.77592 4.26074 4.21551 4.80978 4.05124 4.04147 3.90404 3.87396 3.82469 3.82237 3.64281 3.63834 3.62275 3.28282 7.73616 3.96061 3.12849 3.06068 3.02564 3.73737 2.97573 2.95536 2.95521 2.74977 2.74899 2.73004 3.42707 2.54082 2.40481 2.16587 2.1582 2.15298 2.12755 2.12614 2.03681 2.42889 1.93526
threshold=7.5000000000000009 1.5000000000000002 56.017857142857146 1.3023763314605095 27.91833333333334 384.41500000000002 78.408333333333346 308.39500000000004 2.5000000000000004 279.00000000000006 124.65151515151517 1.5000000000000002 35.830459770114949 1.5594116727376164 -1.0000000180025095e-35 33.01111111111112 -1.0000000180025095e-35 5.5000000000000009 964.57500000000016 2.7283241510599501 1.5000000000000002 43.018518518518526 6744.7200000000003 1234.3000000000002 741.4000000000002 9.5000000000000018 1.5227729834246746 0 8.5000000000000018 4168.3500000000013 3056.7900000000004 1 1.0209227420435687 0.97031538379200055 -1.0000000180025095e-35 452.25000000000006 360.22500000000008 81.366454946492709 0.11298315837809918 0.60862539131523319 15.500000000000002 2.5000000000000004 -1.0000000180025095e-35 39.01250000000001 20.193479489802666 2 620.02500000000009 13.071278757427946 360.23500000000007 0.44161696535931838 5.5000000000000009 53.506619526762599 3 57.630902191036071 253.71000000000001 0.95999634978107384 1.800241493756644 6.5000000000000009 0.87023411390583494 1.0663740672309909 1.2901723589509031 1.9654038980850526
decision_type=2 2 2 2 2 2 2 2 2 2 2 2 2 2 2 2 2 2 2 2 2 2 2 2 2 2 2 1 2 2 2 9 2 2 2 2 2 2 2 2 2 2 2 2 2 1 2 2 2 2 2 2 1 2 2 2 2 2 2 2 2 2
left_child=1 3 8 6 32 24 34 17 19 16 18 13 59 33 49 41 -5 36 30 21 45 23 -20 -3 -6 43 -13 58 -29 31 -11 -16 -2 -9 -1 -23 -4 -15 40 -40 -36 -10 -22 -26 -45 -21 -28 -43 -17 -8 -12 -52 -50 54 -19 -30 -38 -34 -14 60 -7 -27
right_child=4 2 7 9 5 12 14 11 15 10 50 26 27 37 29 48 -18 53 22 20 42 35 -24 -25 25 61 46 28 55 -31 -32 -33 57 -35 38 -37 56 -39 39 -41 -42 47 -44 44 -46 -47 -48 -49 52 -51 51 -53 -54 -55 -56 -57 -58 -59 -60 -61 -62 -63
leaf_value=-1.2005858620055472 -0.95726761601585797 -0.62966459999474833 -0.48501418994437417 -1.1872966533787193 -0.43664309357571585 -0.61937030688389083 -0.76607718646627809 -0.80438647203073321 -0.47517887672294779 0.9062396578147407 2.3571268959478338 0.31032380645288155 -0.48215351717828325 0.43294874117213156 0.62515097799712027 -0.51087269689686554 0.36310195595405603 -0.43030656197519424 1.611597915138792 -0.25549876277937983 2.0007703463953792 -0.48296624165872154 -0.2920806215509783 0.2340241484469992 -0.62362993730965799 -0.53288947907344297 0.028301706561925766 -0.2308213663657549 -0.51254066522353381 -0.08953116274593037 0.068639790293621425 0.23461283287476001 -0.68768855758740488 -0.003917729913810941 0.68810384023059934 -0.19465742938481406 -0.11273508575028544 -0.0088983738537761429 -0.57000740107881132 -0.061256408888859332 -1.0581191607831586 -0.7322919391158812 -0.83532904424021981 -0.22946303538905433 -0.43623545583960333 0.24081632672969144 -1.0227866796449647 -0.85392005982303643 0.1521395347546351 -1.3030246209011014 1.5400646922081032 0.84685542481258236 -0.45308192243695838 -0.53133275704041949 -0.13522912742050011 -0.39837592507703035 0.61952034316661553 -1.0313002169241261 0.011107686583884302 -0.39595003601698719 -0.46141264718563613 -0.33686624572380097
leaf_weight=61 476 367 449 113 425 90 63 66 319 4715 6950 119 59 4674 4132 283 1520 448 3192 391 36 109 72 42 206 856 70 763 87 587 1253 2439 597 2752 315 1524 985 683 600 2647 24 171 373 235 462 964 309 85 148 54 641 1008 393 123 213 816 391 101 349 502 216 160
leaf_count=61 476 367 449 113 425 90 63 66 319 4715 6950 119 59 4674 4132 283 1520 448 3192 391 36 109 72 42 206 856 70 763 87 587 1253 2439 597 2752 315 1524 985 683 600 2647 24 171 373 235 462 964 309 85 148 54 641 1008 393 123 213 816 391 101 349 502 216 160
internal_value=9.87781e-05 0.00187756 -0.00133793 0.00362384 -0.0129158 -0.0111446 0.00121053 0.000449712 -0.00522033 0.00497509 0.0053991 0.00151712 -0.00815425 0.00200385 0.00265698 -0.00992332 0.000313264 -0.00307714 0.00406605 -0.00347204 -0.00149972 -0.0051467 0.00573921 -0.0113774 -0.0147848 -0.0136381 -0.00633733 -0.00617477 -0.00728112 0.0028732 0.00314018 0.00323053 -0.0207094 -0.000327898 -0.00166096 -0.00353759 -0.00138813 0.00323927 -0.00142797 -0.00192692 0.00317982 -0.014295 -0.00761529 -0.0104994 -0.00869643 0.000322165 -0.00893325 -0.0187259 -0.00677146 -0.00989583 0.00682254 0.00488045 -0.0044807 -0.00692503 -0.00555346 -0.0098372 -7.25163e-05 -0.0178673 -0.00130641 -0.0131319 -0.0167476 -0.0163395
internal_weight=53273 46873 16487 30386 6400 5226 10922 11282 5205 19464 17831 8673 2882 8175 7275 1399 1633 2609 9232 3806 1764 2042 3264 409 2344 1919 498 2074 1666 7158 5968 6571 1174 2818 3647 1633 1825 5357 3586 3247 339 575 409 903 697 1355 379 256 824 117 8599 1649 541 784 661 903 1376 698 408 808 306 1016
internal_count=53273 46873 16487 30386 6400 5226 10922 11282 5205 19464 17831 8673 2882 8175 7275 1399 1633 2609 9232 3806 1764 2042 3264 409 2344 1919 498 2074 1666 7158 5968 6571 1174 2818 3647 1633 1825 5357 3586 3247 339 575 409 903 697 1355 379 256 824 117 8599 1649 541 784 661 903 1376 698 408 808 306 1016
cat_boundaries=0 1 2 3 4
cat_threshold=4 26 1 4
is_linear=0
shrinkage=0.05


Tree=19
num_leaves=63
num_cat=25
split_feature=15 14 21 17 21 18 1 21 14 9 2 2 2 21 21 2 5 17 15 1 2 2 6 1 13 1 2 2 1 23 1 1 18 1 1 17 1 16 5 1 5 2 18 14 10 6 5 1 18 1 5 9 9 1 9 2 17 1 19 19 17 6
split_gain=440.231 98.3444 41.5716 36.7144 31.6873 19.1865 19.0589 17.0379 13.7605 12.2476 11.4581 9.81442 9.63753 9.09144 8.36619 7.65804 7.33936 6.88222 6.33492 6.00906 5.65631 5.51868 5.32411 5.27796 4.99595 4.77631 4.54864 4.43993 4.26691 4.08982 3.86118 3.84413 3.79809 3.70932 3.69155 3.5814 4.09015 3.9315 3.33595 3.31871 3.23617 3.03812 2.96478 2.93338 2.86577 2.7608 2.72172 2.60674 2.56674 2.53687 2.53039 2.40844 2.4065 2.38188 2.63007 2.35708 5.13954 2.65514 2.33373 2.30809 2.10757 2.01344
threshold=7.5000000000000009 1.5000000000000002 61.019230769230781 1.3023763314605095 30.435416666666672 0.29750305876425931 0 78.408333333333346 2.5000000000000004 463.02000000000015 1 2 3 33.01111111111112 173.07142857142858 4 50.500000000000007 1.3333348021374041 8.5000000000000018 5 6 7 1734.8500000000001 8 1.5000000000000002 9 10 11 12 15.500000000000002 13 14 2.9331348256691583 15 16 1.0789593905267867 17 1.3485240395313467 72.500000000000014 18 238.50000000000003 19 2.0475017105520315 6.5000000000000009 741.4000000000002 4168.3500000000013 203.50000000000003 20 0.13311768523417095 21 166.50000000000003 509.37000000000006 349.84500000000008 22 179.40500000000003 23 0.55238330190980722 24 2883.7950000000005 2756.9800000000005 0.88888933255159974 4496.4800000000005
decision_type=2 2 2 2 2 2 9 2 2 2 1 1 1 2 2 1 2 2 2 9 1 1 2 9 2 9 1 1 9 2 9 9 2 9 9 2 9 2 2 9 2 1 2 2 2 2 2 9 2 9 2 2 2 9 2 1 2 9 2 2 2 2
left_child=1 3 8 7 15 16 21 19 12 29 40 23 25 42 22 46 34 31 33 -1 -15 -6 26 50 -19 -3 -7 -24 -14 53 -9 -13 51 -12 -5 37 -37 -20 -30 -16 -8 60 58 -17 -35 -43 -2 -18 -36 -22 -11 -23 -27 -4 -55 56 -21 -57 -10 -49 -32 -41
right_child=4 2 9 5 6 14 10 30 13 11 18 17 28 20 39 43 47 24 35 55 49 32 27 -25 -26 52 -28 -29 38 -31 41 -33 -34 44 48 36 -38 -39 -40 61 -42 45 -44 -45 -46 -47 -48 59 -50 -51 -52 -53 -54 54 -56 57 -58 -59 -60 -61 -62 -63
leaf_value=-0.54530739815915552 -0.86392279339236411 -0.038432076169371054 -0.42993883771442115 1.5861283485728275 -0.38531977234324666 0.036502058539417175 0.077039439984734781 -0.15759488267198485 -0.46134037415197471 -0.2303608450783198 -0.073370250171075041 -0.41639492645798976 0.093109415789929886 -0.15497361668506837 2.8887524709761609 -0.68578180071940198 -0.10848675310740302 0.15161461777049459 -0.59815303943779252 -0.75586979856023051 -0.27472607210274003 -0.412303936453079 1.642628725073404 0.76545800436742695 -0.45091668518860839 -0.47630677461795162 1.0459737863827212 1.0748045509141302 -0.39466161886659101 -0.61500616489551008 0.61442759840060079 -0.013156683661198265 -0.15436778459228526 -0.56235659534919191 -0.78584647196412272 -0.4034851301483392 -0.24579626435706992 -0.40176926982177241 -0.14467588875222895 2.1629030854963798 -0.39438734468436998 0.41027939287404425 -0.80928330667211879 -1.0596615022020497 -0.35398498313652671 -0.086457689427560075 -0.12588497446365096 1.3063215478552672 -0.44578545365640709 -0.51355747349763048 0.35629088373987239 -0.46106842153736444 -0.4686437938371617 -0.75381648781738875 0.0044808529412654783 0.33717053640451644 -0.084957214592404295 -0.088051922941511859 -0.62595946048788687 0.030232064976389951 1.2018897207416575 -0.6440894726321702
leaf_weight=416 101 342 289 111 318 1120 377 685 428 323 239 588 969 527 3083 1145 506 4186 264 172 131 427 2183 1261 863 93 1516 6228 149 127 281 470 45 38 105 723 422 495 1603 1799 39 5198 79 140 913 473 143 1725 494 372 1478 571 1630 45 466 495 1098 1466 68 533 638 61
leaf_count=416 101 342 289 111 318 1120 377 685 428 323 239 588 969 527 3083 1145 506 4186 264 172 131 427 2183 1261 863 93 1516 6228 149 127 281 470 45 38 105 723 422 495 1603 1799 39 5198 79 140 913 473 143 1725 494 372 1478 571 1630 45 466 495 1098 1466 68 533 638 61
internal_value=9.127e-05 0.00177196 -0.0013349 0.00345931 -0.0122052 0.0047619 -0.0101995 0.00113272 -0.00449054 0.000658481 -0.00812518 0.00121702 -0.00312696 -0.00851213 0.00549459 -0.0185297 0.00137331 4.69771e-05 -0.00918088 -0.00164726 -0.00559051 -0.0153111 0.0047138 0.00352033 0.000823931 -0.00569658 0.00270936 0.00533486 -0.0011293 -0.00479839 0.00253332 -0.00360509 -0.017294 -0.00622381 -0.00312062 -0.0110383 -0.0090919 -0.0138615 -0.00260623 0.00722554 -0.00011655 0.00290398 -0.0136029 -0.0201367 -0.00758558 0.00244326 -0.00856031 0.00254789 -0.00467729 -0.00932655 0.00171582 -0.0181069 -0.00677563 -0.00336239 -0.00107347 -0.000882398 -0.00255261 0.000183637 -0.0118236 0.00326948 0.00561964 0.00533903
internal_weight=53273 46873 16487 30386 6400 19464 4871 10922 6391 10096 3510 9169 4786 1605 15990 1529 3474 6107 3094 3647 1030 1361 11047 3062 5049 2065 2636 8411 2721 927 7275 1058 1043 1190 710 1904 1145 759 1752 4943 416 6590 575 1285 951 5671 244 2764 599 503 1801 998 1723 800 511 3231 1270 1961 496 2258 919 1860
internal_count=53273 46873 16487 30386 6400 19464 4871 10922 6391 10096 3510 9169 4786 1605 15990 1529 3474 6107 3094 3647 1030 1361 11047 3062 5049 2065 2636 8411 2721 927 7275 1058 1043 1190 710 1904 1145 759 1752 4943 416 6590 575 1285 951 5671 244 2764 599 503 1801 998 1723 800 511 3231 1270 1961 496 2258 919 1860
cat_boundaries=0 2 3 4 5 6 8 9 10 12 14 15 16 18 20 22 24 26 28 30 31 33 35 37 38 40
cat_threshold=2101826 331776 1536 1800 2323 520 413698 536576 713 522 641177196 789136 2432745754 32769 2337 1800 2533417376 1130627 274870336 1050633 2684883160 33921 2147516461 16400 33554521 16384 537657472 16898 621061775 182118 768 277394442 5121 1572993 147 4098 4224 211 2424832629 278528
is_linear=0
shrinkage=0.05


Tree=20
num_leaves=63
num_cat=17
split_feature=14 21 17 21 21 7 14 12 7 7 22 21 17 2 18 7 0 17 2 2 7 5 2 11 2 2 2 16 17 0 2 18 17 2 17 22 21 16 2 2 21 9 17 2 11 14 5 16 5 2 7 2 16 5 21 16 7 5 11 0 5 16
split_gain=341.316 92.6497 56.3836 42.0702 22.6096 19.2051 17.5047 15.7307 17.5136 12.3935 12.3218 13.8329 11.5329 11.2171 10.768 10.3171 10.1702 10.132 9.99777 9.48269 8.01485 7.51932 7.08398 6.68447 6.44492 6.16029 5.78867 5.24011 5.10392 4.81247 7.04148 4.77753 4.40206 4.31087 4.25333 4.21349 4.14166 4.13122 4.09184 3.97371 4.41402 3.67176 3.57254 3.53072 3.44101 3.3164 3.26386 3.11829 3.0912 2.95941 2.86072 2.76173 2.54617 2.51164 2.2959 2.16056 2.04737 1.99859 1.99838 2.6182 1.98544 1.9793
threshold=2.5000000000000004 87.097222222222243 1.5147626041191879 30.435416666666672 56.017857142857146 432.53000000000003 1.5000000000000002 1.5000000000000002 341.31500000000005 253.71000000000001 1.0000000180025095e-35 35.012820512820518 1.2670362683124434 0 0.29750305876425931 363.7050000000001 1 1.8749378501275091 2 3 453.71500000000009 17.500000000000004 4 9611.6500000000033 5 6 7 0.30329393768474716 1.604941093488419 8 9 0.25029306840975474 1.818721999366818 10 0.65220904405345592 52.561007635520731 111.63392857142858 1.1041940716587488 11 12 56.017857142857146 551.13500000000022 1.5227729834246746 13 2293.4650000000006 1.0000000180025095e-35 337.50000000000006 1.4691163225997368 138.50000000000003 14 604.18000000000006 15 1.1999856968626057 95.500000000000014 94.441558441558456 1.0799615122457642 708.74500000000012 164.50000000000003 1124.0400000000002 16 336.50000000000006 1.9999985026353622
decision_type=2 2 2 2 2 2 2 2 2 2 2 2 2 1 2 2 1 2 1 1 2 2 1 2 1 1 1 2 2 1 1 2 2 1 2 2 2 2 1 1 2 2 2 1 2 2 2 2 2 1 2 1 2 2 2 2 2 2 2 1 2 2
left_child=1 2 4 20 10 12 14 8 25 26 33 60 37 48 21 -13 32 24 -18 -7 23 -4 57 43 56 45 52 -27 50 31 -31 -15 -16 -1 -26 -19 -37 -5 -23 -14 -41 -42 -9 55 -22 -3 -46 -24 -8 -47 -21 -39 -6 -30 -29 -2 -10 -11 -44 -60 -12 -45
right_child=3 7 6 5 9 19 13 42 17 22 11 15 39 29 16 -17 18 35 -20 28 44 38 47 -25 34 27 -28 54 53 30 -32 -33 -34 -35 -36 36 -38 51 -40 40 41 -43 58 61 46 49 -48 -49 -50 -51 -52 -53 -54 -55 -56 -57 -58 -59 59 -61 -62 -63
leaf_value=-1.156149122672848 -0.65149271068343184 1.3191233005484688 -0.97560446317409388 -0.60097196544083786 -0.040053897550464512 0.08254057636694645 -0.17144293982795258 0.82163918703240713 0.85116465547010667 -0.025525594101192262 -0.63205151325642428 -0.37542182474698715 -0.24360259941122689 -0.47201366656919302 0.25462340984069981 -0.20275746914722106 -0.94128262101283777 1.964957523932839 1.1689211606010104 -0.44546759280748527 -0.28431384368642904 1.0972507497980044 -0.39231408454394939 -1.0172248339347041 -0.58935866476436993 -1.2224191380646581 -0.54785971794948873 -0.46322294596243146 0.044376174206817255 -1.0849193515840774 -0.15160257408028086 0.0021914236352817084 2.2168659539751014 0.50375546541011429 0.50616594760182776 -0.0083980471142059091 1.6821649994823979 -0.262957595441565 -0.11359105680517737 -0.41649585890224083 -0.4000857967420457 -0.22237575436538554 -0.55148848062747635 -0.73941811175874217 -0.58088735797064384 -0.10989852825062059 0.055403354671847184 -0.041762586830375349 0.35799100618783658 0.59497131936667313 -0.28206625550552777 -0.60478181603455039 -0.36773257470866938 -0.38939369752551994 0.096510163656437706 -0.54434499631879274 1.5881592034558927 0.45887469188588492 -0.94572437824654865 1.313001231971936 0.04187303608342683 -0.52803948236287135
leaf_weight=236 73 959 142 417 481 626 332 67 985 236 414 1148 412 251 414 2301 531 4221 686 493 109 915 442 124 114 157 438 138 242 402 595 1637 3267 568 8347 361 3252 245 1087 766 123 362 55 599 786 689 37 3779 1717 1321 554 291 346 603 1467 81 756 785 167 34 20 70
leaf_count=236 73 959 142 417 481 626 332 67 985 236 414 1148 412 251 414 2301 531 4221 686 493 109 915 442 124 114 157 438 138 242 402 595 1637 3267 568 8347 361 3252 245 1087 766 123 362 55 599 786 689 37 3779 1717 1321 554 291 346 603 1467 81 756 785 167 34 20 70
internal_value=0.000114733 0.00167412 -0.000557761 -0.0101607 -0.00311021 -0.00779151 0.00182403 0.00391569 0.00407279 -0.0011924 -0.00575959 -0.0069255 -0.0108057 -0.000450679 0.00342441 -0.00583357 0.00471842 0.00478408 0.000706967 -0.0046311 -0.0165848 0.000442478 -0.000109628 -0.0199605 0.00373101 0.00134928 -0.00562894 -0.000971831 -0.00637795 -0.00246291 -0.0052875 -0.000951877 0.00602945 -6.19579e-05 0.00313459 0.00614712 0.00484306 -0.0152589 0.00125935 -0.00820078 -0.00962223 -0.00571209 -0.00694018 -0.0180539 -0.0130481 0.00273726 -0.0141798 -0.00102444 0.00235815 0.00155241 -0.00877381 -0.0119666 -0.00293155 -0.00340507 -8.551e-05 -0.00823353 0.00653506 0.00359043 -0.00965251 -0.0119485 -0.015389 -0.0197764
internal_weight=53273 46260 23170 7013 11194 5134 11976 23090 22767 6507 4687 3883 2616 4934 7042 3449 4898 18036 1217 2518 1879 2144 5242 947 10202 4731 1265 1762 1892 2885 997 1888 3681 804 8461 7834 3613 953 2002 1663 1251 485 323 823 932 2969 823 4221 2049 2010 1047 536 827 845 1605 154 1741 1021 256 201 434 669
internal_count=53273 46260 23170 7013 11194 5134 11976 23090 22767 6507 4687 3883 2616 4934 7042 3449 4898 18036 1217 2518 1879 2144 5242 947 10202 4731 1265 1762 1892 2885 997 1888 3681 804 8461 7834 3613 953 2002 1663 1251 485 323 823 932 2969 823 4221 2049 2010 1047 536 827 845 1605 154 1741 1021 256 201 434 669
cat_boundaries=0 1 2 3 4 5 6 7 8 9 10 11 12 13 14 15 16 17
cat_threshold=1678 1 2337 1544 1792 768 2860 2350 1 272 1353 846 522 1544 2080 1930 1
is_linear=0
shrinkage=0.05


Tree=21
num_leaves=63
num_cat=17
split_feature=15 20 7 21 21 20 17 21 7 16 20 20 2 2 1 23 22 5 2 1 1 7 21 17 6 9 17 19 2 5 1 5 17 20 6 7 17 17 1 11 23 7 1 9 1 1 2 16 1 1 5 16 8 20 2 5 5 6 11 19 1 21
split_gain=358.568 114.204 35.5895 26.3014 23.5877 22.2955 18.8517 18.3078 16.4989 16.1415 10.5631 15.0369 9.44683 8.79237 8.6143 7.688 7.23206 7.02586 6.98333 6.97767 6.77106 6.71083 6.15787 6.13875 5.72595 5.71501 8.91691 5.50977 5.22191 4.71258 4.7104 4.57096 4.50552 4.46384 4.1777 4.11836 3.97366 3.90325 3.49835 3.38685 3.30994 3.42878 3.1552 3.14953 3.10914 2.94318 2.91144 2.77973 2.71719 2.57901 2.54334 2.41503 2.41131 2.35296 2.35041 2.25083 2.73878 2.05819 2.03642 1.97062 1.9166 1.88942
threshold=7.5000000000000009 122.50000000000001 308.39500000000004 25.873397435897441 70.023809523809533 9.5000000000000018 1.2903205406899716 77.89444444444446 427.0750000000001 1.019881759835541 1.0000000180025095e-35 34.500000000000007 0 1 2 7.5000000000000009 133.65409289509725 56.500000000000007 3 4 5 453.71500000000009 35.830459770114949 1.4494909530017079 8525.1000000000022 1.0000000180025095e-35 0.68328924626037668 1892.4300000000001 6 263.50000000000006 7 56.500000000000007 3.9863378615879488 224.50000000000003 1376.8900000000001 -1.0000000180025095e-35 1.8500735093552823 1.2008430253996194 8 4687.505000000001 13.500000000000002 -1.0000000180025095e-35 9 378.18000000000006 10 11 12 1.5001119462999506 13 14 77.500000000000014 1.1999856968626057 186.59500000000006 18.500000000000004 15 192.50000000000003 224.50000000000003 2501.0100000000007 736.70500000000015 452.46999999999997 16 145.29285714285717
decision_type=2 2 2 2 2 2 2 2 2 2 2 2 1 1 9 2 2 2 1 9 9 2 2 2 2 2 2 2 1 2 9 2 2 2 2 2 2 2 9 2 2 2 9 2 9 9 1 2 9 9 2 2 2 2 1 2 2 2 2 2 9 2
left_child=1 2 7 21 9 23 25 19 14 28 17 -12 48 60 18 27 -14 -11 51 29 53 24 42 -6 55 35 44 36 -4 52 -24 -21 -33 49 -25 -3 45 39 57 47 41 -22 -15 -38 -27 -8 -29 -16 -7 -17 -35 -5 -1 -9 -40 -2 -57 -28 -31 -52 -10 -46
right_child=3 6 4 8 5 12 15 20 13 10 11 -13 16 22 37 33 -18 -19 -20 31 40 -23 30 34 -26 26 38 46 -30 58 -32 32 -34 50 -36 -37 43 -39 54 -41 -42 -43 -44 -45 61 -47 -48 -49 -50 -51 59 -53 -54 -55 -56 56 -58 -59 -60 -61 -62 -63
leaf_value=-0.43937610974319841 -0.6987927927419032 -1.5061122067721129 0.13145169023700093 -0.38217964691117817 0.40571858887929957 1.1080268800366291 0.11972618839647026 1.048250367156222 -0.32657571903963362 -0.21789292549356176 -0.53226038003230902 -0.035721676485785551 0.25915537576896303 -0.51819954636375154 -0.14614509449247848 -0.094586298127854462 -0.47685224492995143 1.4444267977182821 -0.5540799612412205 -0.72632792360973841 -0.89219406954506342 -0.64793323042449569 -0.37755566450362932 2.3063901724077081 -1.0055599184082273 0.14649320951694164 0.058578320848587766 0.15596454830780024 -0.53457854581754838 0.7952610076915172 -0.18991312074594707 -0.35013536464688477 0.047743365249894781 0.77308229415267038 -1.0738358405376758 1.5858022304881403 1.5051278766708958 -0.14327239683420215 1.0867711222833121 -0.80065821570786366 -0.59094686036545363 0.14581616809782894 -0.30830379973178401 2.8660951661118279 -0.68528470481439219 1.2443377322385136 1.3371571451427464 -0.49467228244943623 0.69489809911792799 0.75236292785369219 -0.02721221971235277 -0.25991008926610315 -0.49312342087867589 -0.76864189765785174 0.38442504110049996 -0.57396710490678604 -0.69061349290348528 -0.53970783666925048 -0.3666840244111329 -1.5260428385251115 0.10910967840288946 -0.11946573630374201
leaf_weight=497 253 23 117 417 128 794 328 44 108 785 1305 6558 7596 417 203 237 326 1678 1043 322 277 350 768 43 112 101 362 532 530 53 806 1526 532 65 426 1049 758 248 384 129 171 2437 348 6354 310 3306 849 89 1679 830 54 577 457 222 2341 38 152 148 166 95 342 78
leaf_count=497 253 23 117 417 128 794 328 44 108 785 1305 6558 7596 417 203 237 326 1678 1043 322 277 350 768 43 112 101 362 532 530 53 806 1526 532 65 426 1049 758 248 384 129 171 2437 348 6354 310 3306 849 89 1679 830 54 577 457 222 2341 38 152 148 166 95 342 78
internal_value=0.000125995 0.0016429 -0.000322178 -0.0109714 0.00064924 0.0022874 0.00473994 -0.00351126 -0.00964214 -0.000987382 -0.000501017 -0.00140001 0.00283107 -0.00689022 -0.0124492 0.00570427 0.00196912 0.00234692 -0.0141159 -0.0059723 -0.000717343 -0.018929 -0.0081048 -0.0070625 -0.0225134 0.00203167 0.00108666 0.00609542 -0.00863462 -0.00918002 -0.00626189 -0.00430422 -0.00340854 0.00195678 -0.00971928 0.00525581 0.006482 -0.00694648 0.00204988 -0.0099941 0 0.000432462 -0.0118978 0.00718904 -0.00515752 0.00507974 0.00304371 -0.00661017 0.005536 0.00330607 -0.00449309 -0.0105511 -0.0107889 -0.00815412 0.00276205 -0.0194226 -0.0141192 -0.00167304 -0.00230856 -0.00814145 -0.000269978 -0.00710723
internal_weight=53273 46873 28669 6400 21965 10992 18204 6704 5495 10973 10326 7863 10395 2789 2706 13408 7922 2463 2037 3553 3151 905 2339 597 555 4796 3724 12127 647 1173 1574 2380 2058 1281 469 1072 10746 669 3235 421 2885 2714 765 7112 489 3634 1381 292 2473 1067 214 994 954 266 2725 443 190 510 219 149 450 388
internal_count=53273 46873 28669 6400 21965 10992 18204 6704 5495 10973 10326 7863 10395 2789 2706 13408 7922 2463 2037 3553 3151 905 2339 597 555 4796 3724 12127 647 1173 1574 2380 2058 1281 469 1072 10746 669 3235 421 2885 2714 765 7112 489 3634 1381 292 2473 1067 214 994 954 266 2725 443 190 510 219 149 450 388
cat_boundaries=0 1 2 4 5 7 9 10 12 14 16 18 20 21 23 25 26 28
cat_threshold=1792 520 572788978 332034 2954 2413634 266513 3166752 32 516 12325504 66432 335741028 1743945 536871045 328448 2147516432 311314 10817792 4100 3713 2155946893 66598 2157445908 278530 768 34078784 768
is_linear=0
shrinkage=0.05


Tree=22
num_leaves=63
num_cat=26
split_feature=20 23 20 7 21 21 13 10 17 17 7 7 21 1 21 21 23 7 2 2 1 17 19 10 2 1 10 2 1 18 2 7 2 20 1 7 1 17 2 17 1 1 20 10 2 2 9 1 1 2 10 19 17 21 1 2 10 1 2 8 1 2
split_gain=275.121 70.4391 40.2731 35.1914 27.7677 26.1522 22.8143 14.3776 12.9732 12.2741 12.0297 11.7096 10.9109 13.3032 10.628 10.4939 10.2582 9.25541 8.99155 8.88574 8.26642 8.19314 8.18218 7.94581 6.25391 6.21205 5.99641 5.8968 5.67943 5.44684 5.23116 4.905 4.77373 4.75489 4.6921 4.7014 3.61683 3.60053 3.56732 3.55046 3.49187 3.29329 3.25105 3.00065 2.95545 2.95199 2.93782 2.91065 2.84777 2.73245 2.68681 2.28761 2.27791 2.27139 2.23023 3.74942 2.15932 2.11271 2.08346 2.0486 2.04682 2.30637
threshold=66.500000000000014 28.500000000000004 162.50000000000003 384.41500000000002 87.097222222222243 66.020000000000024 1.5000000000000002 2554.7050000000004 1.5432440147750783 3.9863378615879488 440.98000000000008 640.12000000000012 44.820855614973269 0 55.017857142857146 31.9451951951952 7.5000000000000009 720.47500000000014 1 2 3 1.7777751688811028 3097.7950000000005 3941.6300000000006 4 5 2000.7450000000003 6 7 0.30568263128878259 8 1008.6350000000001 9 258.50000000000006 10 795.11000000000001 11 0.60862539131523319 12 1.3912001263000071 13 14 16.500000000000004 1539.9650000000004 15 16 342.00500000000005 17 18 19 3018.6400000000008 1727.7850000000003 1.0789593905267867 122.68333333333335 20 21 3532.6400000000008 22 23 947.2850000000002 24 25
decision_type=2 2 2 2 2 2 2 2 2 2 2 2 2 9 2 2 2 2 1 1 9 2 2 2 1 9 2 1 9 2 1 2 1 2 9 2 9 2 1 2 9 9 2 2 1 1 2 9 9 1 2 2 2 2 9 1 2 9 1 2 9 1
left_child=1 3 4 5 8 9 7 17 14 12 23 49 26 -14 30 43 21 27 -13 -6 39 38 32 52 56 42 -1 -5 -16 60 -2 36 -11 -18 -21 45 -10 -30 57 58 -19 -40 -17 59 -38 -36 -41 -33 -26 -9 -32 -22 -3 -43 55 -54 -12 -4 -7 -8 -23 -62
right_child=2 10 16 6 19 20 15 11 31 22 24 18 13 -15 28 25 33 40 -20 34 51 29 -24 -25 48 -27 -28 -29 37 -31 50 47 -34 -35 35 -37 44 -39 41 46 -42 53 -44 -45 -46 -47 -48 -49 -50 -51 -52 -53 54 -55 -56 -57 -58 -59 -60 -61 61 -63
leaf_value=-0.33596474401050469 -0.46243563829562578 -0.57016567909396165 0.5060256828534444 0.392553870212136 1.0908249406879589 -0.23127905204970461 -0.93628855837525526 -0.2482308689361723 0.60171402767185145 -0.41869297310915532 0.018619088005778116 0.18901040977552644 -0.38149154197019375 -0.2219033767118771 0.24804137502569859 -0.89725576460824508 0.21416671164532242 -0.34895708068722908 -0.25009680851637056 -0.24308010639016403 0.11284325832337778 2.3683980835715359 -0.88126922818764175 -0.90631099043575392 -0.3933217389297255 -0.062446786779005947 -0.69919307253544005 -0.11354875837432604 -0.47055221332025643 2.92076270527917 -0.0608867556155821 -0.38270962915840773 0.14888757430231722 -0.8471355834920552 -0.030344238436644133 0.82184710935666405 0.46977182304208065 -0.072268427719046721 -0.26774759917407281 -0.4368375864942749 0.69342152691947789 0.41220490456807407 -0.25833450435375005 -0.57375683788352172 -0.10527279832931331 0.38075653821591432 -0.1318222767899882 0.77861173324537925 -0.49418190457507444 -0.56483944256183505 -0.47922112345656381 -0.36328778334031986 0.013483411762640696 1.2353836811893417 -0.54637122175834385 -0.47256387802969552 -0.42804347453287728 1.7472484735810156 -0.60493473375561502 -0.064137054125069162 2.0089317960767139 -0.17811405675152586
leaf_weight=1122 812 502 218 723 1962 213 84 113 401 436 178 635 846 948 1016 454 851 362 1360 633 1317 496 148 133 249 947 538 3692 358 5986 656 109 553 161 971 2608 466 2476 501 221 1939 734 432 436 1740 4658 646 733 413 278 125 302 108 1240 246 154 240 1152 313 94 456 379
leaf_count=1122 812 502 218 723 1962 213 84 113 401 436 178 635 846 948 1016 454 851 362 1360 633 1317 496 148 133 249 947 538 3692 358 5986 656 109 553 161 971 2608 466 2476 501 221 1939 734 432 436 1740 4658 646 733 413 278 125 302 108 1240 246 154 240 1152 313 94 456 379
internal_value=0.000163535 -0.00422455 0.0031057 -0.00324197 0.00170578 -0.00588516 -0.00149649 -0.000337727 -0.000359753 -0.0082635 -0.0126516 -0.00367308 -0.00975557 -0.00696995 -0.00188441 -0.00578061 0.00536873 0.000840899 -0.00208333 0.00340563 -0.00223881 0.00580609 -0.00367325 -0.0162849 -0.00872576 -0.00383306 -0.012718 -0.000489475 -0.000447703 0.00679816 -0.00531798 0.00203143 -0.00195312 0.000492611 0.00271023 0.00303182 0.000933908 -0.00160695 0.00390138 -0.0050409 0.00341254 0.0026879 -0.00681313 -0.0114668 0.000101397 0.00220392 -0.00300287 0.00535503 -0.0117407 -0.0115799 -0.00218829 0.000176164 -0.0145854 0.00361097 -0.0117417 -0.007 -0.00342227 0.00598337 -0.00836484 -0.00538674 0.00381372 0.0021079
internal_weight=53273 21375 31898 19152 19724 7603 11549 9102 8892 4591 2223 2386 3454 1794 5443 2447 12174 6716 1995 10832 3012 11162 1137 1143 1080 1833 1660 4415 3850 7317 1593 3449 989 1012 8870 8237 2607 2834 3845 1393 2301 2475 886 614 2206 5629 867 842 662 391 781 1619 1010 1974 508 262 418 1370 526 178 1331 835
internal_count=53273 21375 31898 19152 19724 7603 11549 9102 8892 4591 2223 2386 3454 1794 5443 2447 12174 6716 1995 10832 3012 11162 1137 1143 1080 1833 1660 4415 3850 7317 1593 3449 989 1012 8870 8237 2607 2834 3845 1393 2301 2475 886 614 2206 5629 867 842 662 391 781 1619 1010 1974 508 262 418 1370 526 178 1331 835
cat_boundaries=0 2 3 4 6 7 9 10 12 13 14 16 17 18 20 22 23 24 26 28 29 31 32 34 35 37 38
cat_threshold=5510354 299027 1548 768 548409392 20513 3656 908624973 332160 516 2241111569 73871 2385 2097 272764992 1574913 126879004 292 307233890 4610 856388 1201164 552 3072 294964 1024 34603107 65936 552 536876035 262272 782 2149630529 544 2252 2250506462 98432 486
is_linear=0
shrinkage=0.05


Tree=23
num_leaves=63
num_cat=5
split_feature=15 14 21 17 21 7 19 7 21 8 0 21 5 5 7 11 15 7 6 21 5 7 5 3 5 22 17 4 7 23 21 7 23 17 21 6 22 21 21 5 7 6 7 23 5 21 11 22 17 17 17 8 8 0 23 8 7 5 19 4 10 22
split_gain=289.239 57.0523 40.0692 26.3698 25.2284 21.6212 16.9265 11.5384 11.2597 11.044 10.9978 9.7432 9.04607 7.8375 7.61093 9.23225 7.47982 6.44443 7.82377 6.23577 6.21044 6.14183 5.91821 4.96356 4.75884 4.62301 5.21715 4.03846 4.01247 3.98228 3.77866 3.60273 3.5719 3.24245 3.09813 3.09272 3.05197 3.84538 3.60782 2.901 2.90058 2.87408 2.83698 2.77605 2.67592 2.6706 2.58385 3.65857 2.57601 2.55416 4.88664 2.52971 2.43496 2.40705 2.31618 2.29452 2.11728 2.09068 2.05908 2.04059 1.96628 1.96284
threshold=6.5000000000000009 1.5000000000000002 30.435416666666672 1.3188355858816208 56.508620689655181 405.09000000000009 1558.5850000000003 -1.0000000180025095e-35 10.250000000000002 167.20500000000001 0 77.205263157894748 181.50000000000003 337.50000000000006 165.35500000000005 3284.5700000000006 8.5000000000000018 453.71500000000009 8525.1000000000022 64.539393939393946 56.500000000000007 297.23000000000008 75.500000000000014 1 180.50000000000003 74.68126548089397 1.4099111286069685 2 360.23500000000007 13.500000000000002 35.830459770114949 -1.0000000180025095e-35 7.5000000000000009 1.0318606163389308 96.519230769230788 4496.4800000000005 20.550820833455958 47.677083333333336 44.820855614973269 166.50000000000003 291.44000000000011 3056.7900000000004 719.76500000000021 8.5000000000000018 46.500000000000007 99.449494949494962 2462.8500000000004 13.749485719943872 1.2312994386594902 0.11298315837809918 0.55238330190980722 509.34500000000008 641.31000000000006 3 15.500000000000002 1452.3050000000003 -1.0000000180025095e-35 241.50000000000003 2926.4800000000005 4 2921.6050000000005 28.451813588961944
decision_type=2 2 2 2 2 2 2 2 2 2 1 2 2 2 2 2 2 2 2 2 2 2 2 1 2 2 2 9 2 2 2 2 2 2 2 2 2 2 2 2 2 2 2 2 2 2 2 2 2 2 2 2 2 1 2 2 2 2 2 9 2 2
left_child=1 3 13 7 8 14 10 -1 22 45 21 49 29 17 39 36 30 18 52 24 34 56 -3 -18 -12 26 51 35 -14 53 -7 -22 -23 -32 40 -13 38 -38 -16 46 -8 55 59 -21 -28 -6 47 -4 -31 54 -51 -11 -2 -10 -9 -27 -5 -43 -33 -25 -41 -44
right_child=2 4 5 6 9 16 20 11 12 25 19 27 28 -15 15 -17 23 -19 -20 43 31 32 -24 42 -26 41 44 -29 -30 48 33 58 -34 -35 -36 -37 37 -39 -40 60 -42 57 61 -45 -46 -47 -48 -49 -50 50 -52 -53 -54 -55 -56 -57 -58 -59 -60 -61 -62 -63
leaf_value=-1.0187121797184844 -0.63526524746915836 -0.36832401716307883 -0.11028524517898348 -1.2914280224240746 -0.41499570716956102 -0.57900205172483676 -1.2385425636834779 0.58780728144116068 -0.38117732565044488 -0.21869523857508427 -0.73539320153617993 0.51238378914339333 -0.31979437513279035 0.0052465101665620578 -0.14294013908373843 -0.43428922893296279 -0.065346914319366081 -0.50732835484441241 -0.90996637296602823 1.020234409020994 -1.1375372745950298 1.8096913068225025 0.091910313457777629 -0.42530210810900027 0.81581046527448275 0.10565708964885934 -0.057778493324388253 0.10290357923569503 -0.010690337920785442 -0.41801282269268053 -0.28598908237276927 0.85915105328574315 0.52711724408511917 -0.046087159720296179 0.33110138757590557 -0.096117237935489722 -0.36901267407546823 -0.22635343132207419 0.27340598212304396 -0.40212947504974167 -0.25187855662523811 -0.25989622735452261 -0.16263576300652779 -0.014184251297489327 0.3132429135755832 -0.20994673354061463 -0.49870673798625886 -0.43435862012262627 0.013641234990923224 -0.54043216688261475 -0.052061243060455543 0.061036165137865341 -0.64183146355709864 -0.69344948105549098 -0.7333094516881129 -0.84212212553730659 0.38964389470718663 -0.81246674398842578 -0.028924331156296647 -0.30970911330715029 0.11213992242491139 -0.42470122612023276
leaf_weight=176 457 496 32 54 421 62 76 305 633 838 723 4322 295 78 433 831 335 737 126 2315 34 9382 1171 433 646 844 762 2787 644 46 593 2836 1004 1874 354 408 259 612 148 476 551 305 434 343 5465 286 192 373 186 323 2548 997 203 551 22 52 336 111 540 264 28 105
leaf_count=176 457 496 32 54 421 62 76 305 633 838 723 4322 295 78 433 831 335 737 126 2315 34 9382 1171 433 646 844 762 2787 644 46 593 2836 1004 1874 354 408 259 612 148 476 551 305 434 343 5465 286 192 373 186 323 2548 997 203 551 22 52 336 111 540 264 28 105
internal_value=0.00017949 0.00185106 -0.00794317 0.00308138 -0.000770062 -0.00639108 0.00419727 0.00110956 -0.00411801 0.000561533 0.00500726 0.00132371 -0.00634542 -0.0151418 -0.00935932 -0.00763889 -0.00392396 -0.0159322 -0.0192332 0.00275124 0.00145369 0.0058447 -0.000935629 -0.00664708 0 0.00102112 0.00147241 0.00230884 -0.00245488 -0.00887949 -0.00220675 0.0024685 0.00607614 -0.00186741 -0.00201982 0.00319945 -0.00515464 -0.00705092 -0.00220462 -0.012851 -0.00414683 -0.00171103 -0.00808647 0.00416197 0.00216493 -0.00544014 -0.0153958 -0.0178615 -0.00255319 -0.000976257 -0.00146573 -0.000850109 -0.0167421 -0.0100674 0.00314394 -5.56174e-05 -0.00019084 -0.00513126 0.00264871 -0.0103393 -0.00966469 -0.00518911
internal_weight=53273 44188 9085 30085 14103 7484 19194 10891 4022 10081 14803 10715 2355 1601 3384 2283 4100 1523 786 4027 4391 10776 1667 1571 1369 9374 8062 7517 939 1416 2529 3410 10386 2467 981 4730 1452 871 581 1101 627 1312 1236 2658 6227 707 597 405 232 3198 2871 1835 660 1184 327 896 390 416 3376 697 504 539
internal_count=53273 44188 9085 30085 14103 7484 19194 10891 4022 10081 14803 10715 2355 1601 3384 2283 4100 1523 786 4027 4391 10776 1667 1571 1369 9374 8062 7517 939 1416 2529 3410 10386 2467 981 4730 1452 871 581 1101 627 1312 1236 2658 6227 707 597 405 232 3198 2871 1835 660 1184 327 896 390 416 3376 697 504 539
cat_boundaries=0 1 2 3 4 5
cat_threshold=1 4 26 1 7
is_linear=0
shrinkage=0.05


Tree=24
num_leaves=63
num_cat=25
split_feature=15 20 21 20 20 7 21 21 2 23 21 2 7 5 9 5 16 6 2 1 7 20 1 1 9 7 1 6 1 2 1 1 21 1 6 16 1 18 11 1 19 2 1 23 20 2 9 1 1 5 1 1 18 18 1 18 16 2 1 16 2 7
split_gain=265.249 80.0702 38.5584 25.7277 20.7436 20.1186 17.5518 12.7263 12.4753 12.3812 9.95792 9.05334 8.11139 7.55361 7.4779 7.37047 7.35848 6.79354 6.56871 6.41021 6.38081 6.04932 6.2827 5.83901 5.68427 5.47707 5.46346 5.03095 4.92844 4.76758 4.75881 4.73239 4.4874 4.38604 4.2045 3.91214 3.85151 3.73201 3.65872 3.65594 3.47508 3.37696 3.26406 3.16027 3.15369 3.09422 2.99058 2.9726 2.84834 2.78446 2.74993 2.64437 2.6211 2.4877 2.45283 2.40276 2.34502 2.18301 2.14067 2.64943 2.11445 2.09552
threshold=6.5000000000000009 122.50000000000001 30.435416666666672 47.500000000000007 1.0000000180025095e-35 253.71000000000001 73.02500000000002 55.017857142857146 0 6.5000000000000009 47.677083333333336 1 844.97500000000002 34.500000000000007 622.58500000000015 337.50000000000006 1.0263393749762966 3056.7900000000004 2 3 363.7050000000001 9.5000000000000018 4 5 363.82000000000011 661.34500000000014 6 8525.1000000000022 7 8 9 10 77.89444444444446 11 1734.8500000000001 0.21598592411607856 12 0.79948675735003072 1287.6950000000004 13 1167.7900000000002 14 15 28.500000000000004 198.50000000000003 16 596.55000000000007 17 18 224.50000000000003 19 20 0.43370987020103774 0.61684588197086609 21 0.073299310421131317 1.2637455481569344 22 23 0.94779095268366897 24 550.54500000000019
decision_type=2 2 2 2 2 2 2 2 1 2 2 1 2 2 2 2 2 2 1 9 2 2 9 9 2 2 9 2 9 1 9 9 2 9 2 2 9 2 2 9 2 1 9 2 2 1 2 9 9 2 9 9 2 2 9 2 2 1 9 2 1 2
left_child=1 3 15 4 13 19 16 33 42 14 12 25 51 52 17 20 35 30 47 29 27 34 -23 -13 -20 26 -8 -2 -14 -4 -3 -12 -11 45 -9 -5 -34 -32 -37 55 -25 -38 56 -21 50 -6 -19 -18 -46 -44 -16 -10 -1 -43 -27 -15 -7 -52 -22 -60 -35 -41
right_child=2 9 5 6 7 8 11 21 10 32 31 23 28 39 44 -17 18 46 24 43 58 22 -24 40 -26 54 -28 -29 -30 -31 37 -33 36 60 -36 38 41 -39 -40 61 -42 53 49 -45 48 -47 -48 -49 -50 -51 57 -53 -54 -55 -56 -57 -58 -59 59 -61 -62 -63
leaf_value=-0.60411003804281982 -0.63110645336827009 0.024745017227775713 -0.25030639041318709 -0.14953785997096533 -0.18033464123951481 -0.56619456356979081 0.64211719529608269 0.29501525937305112 -0.39081737609226863 -0.24226576453827847 -0.26753126561099239 0.35251703333599593 -0.25160163573178468 -1.6122488486283668 0.28390603426752037 0.0049841846582340038 -0.14000281688341262 0.18635163293330612 -0.50242688021931847 -0.16416813466526997 -0.69882628602084063 -0.34175036957716148 -0.0042698073391683527 0.047072352131629906 -0.043092616356763272 0.96923843305018775 0.083847382101834275 -0.87608507884716591 0.23686624741544443 -0.3754110102661134 1.4082486574618702 0.0048501746861887799 0.80074517430008818 -0.56067535001518931 -0.98311933801494455 -0.11117215125779351 0.64600072609247761 0.49625313827351492 -0.6100045685731299 0.2227106833492849 -0.30644619565881914 -0.27296742512016492 0.40947179361072306 -0.85119323802863556 2.5005838079720237 -0.69486260518735643 -1.0963373325537809 0.36508009062706182 3.1468215425918666 -0.14855300514916045 0.825221695459322 -0.30978033890271572 0.44042332433076725 0.23624252098653714 0.58063551961840143 0.072021135777006862 0.025783628478915601 1.4515552167624708 -0.5000492659673863 -0.28244604492808251 -0.24219391456032133 1.7887967294674363
leaf_weight=393 492 570 313 323 238 74 1536 205 724 501 1566 1355 383 29 421 78 369 1092 478 317 479 505 2622 2890 3910 1333 1962 94 207 1127 4532 811 439 316 759 124 854 1136 319 479 639 406 426 32 1513 787 60 1081 2594 95 1098 1271 133 1177 792 621 138 1782 79 379 805 1010
leaf_count=393 492 570 313 323 238 74 1536 205 724 501 1566 1355 383 29 421 78 369 1092 478 317 479 505 2622 2890 3910 1333 1962 94 207 1127 4532 811 439 316 759 124 854 1136 319 479 639 406 426 32 1513 787 60 1081 2594 95 1098 1271 133 1177 792 621 138 1782 79 379 805 1010
internal_value=0.000165412 0.0017662 -0.00761306 -1.10509e-05 -0.00219259 -0.00609056 0.00112116 -0.00377204 -0.00461785 0.00431222 -0.00551256 0.00239177 -0.00768451 0.00148519 0.00493717 -0.0146743 -0.000892992 0.00379075 -0.000278206 -0.0107352 -0.0154407 -0.0021159 -0.00102636 0.000796406 -0.00124972 0.00375932 0.00252071 -0.0197368 -0.00240304 -0.0122161 0.0044424 -0.00314601 0.00155695 -0.00689856 -0.00558428 -0.00549415 0.0023272 0.0048759 -0.00854821 0.00281863 -0.000264681 0.0014949 0.00142426 -0.00397099 0.00607206 -0.00933285 0.00021645 0.00261449 0.00702859 0.00358146 0.00486153 -0.00921547 -0.00382798 8.61529e-05 0.00578595 -0.000263952 -0.00355556 0.00540961 -0.0126463 -0.00897028 -0.00448633 0.00416944
internal_weight=53273 44188 9085 26013 8902 7484 17111 6237 5695 18175 4962 10507 2585 2665 14798 1601 6604 7390 5838 1789 1523 4091 3127 4884 4388 5623 3498 586 590 1440 6238 2377 3377 2146 964 766 2876 5668 443 2139 3529 2437 733 349 7408 1025 1152 1450 4107 521 3301 1995 526 1583 2125 650 212 2880 937 458 1121 1489
internal_count=53273 44188 9085 26013 8902 7484 17111 6237 5695 18175 4962 10507 2585 2665 14798 1601 6604 7390 5838 1789 1523 4091 3127 4884 4388 5623 3498 586 590 1440 6238 2377 3377 2146 964 766 2876 5668 443 2139 3529 2437 733 349 7408 1025 1152 1450 4107 521 3301 1995 526 1583 2125 650 212 2880 937 458 1121 1489
cat_boundaries=0 1 2 3 5 7 9 11 13 14 16 18 20 22 24 25 27 28 30 32 34 36 38 39 41 42
cat_threshold=1536 940 1548 539235522 266498 268570722 38144 163012865 442948 2190516629 50271 537395849 66048 522 2150976 1063936 549195987 82724 2720171846 266384 119600673 132104 303088818 5643 785 42471456 283136 646 293617697 365072 48849218 1396889 279380000 37900 35913962 528 622598038 267795 2083 536907781 262656 3203
is_linear=0
shrinkage=0.05


Tree=25
num_leaves=63
num_cat=26
split_feature=20 14 20 21 17 21 2 17 17 1 12 7 2 21 16 2 23 1 7 9 1 1 1 1 6 18 2 1 20 22 17 1 2 16 2 21 2 21 21 4 20 1 23 20 1 7 20 2 6 4 1 2 1 9 1 16 7 7 2 18 17 1
split_gain=218.4 71.3603 36.2461 26.9181 26.5898 26.5838 15.7005 11.4028 10.497 9.78076 8.98064 12.4058 8.34936 8.32906 7.76607 7.14052 6.88038 6.52361 5.8999 5.83709 5.63383 5.42099 4.89343 4.88824 4.74492 4.6912 4.67381 4.50919 4.20108 4.08451 3.95717 3.90465 3.9014 3.87863 3.57611 3.43193 3.75352 3.19067 3.06149 3.15488 3.01042 2.94949 2.99758 2.91233 2.88871 2.78945 2.71594 2.67835 2.67205 2.51297 2.47166 2.47006 2.58983 2.4056 2.35525 2.26586 2.25489 2.12276 2.07368 2.06783 1.97114 1.96392
threshold=63.500000000000007 2.5000000000000004 162.50000000000003 87.097222222222243 1.0318606163389308 24.802173913043482 0 1.5432440147750783 1.7777751688811028 1 1.5000000000000002 987.9100000000002 2 51.561250000000008 0.81818439806577514 3 7.5000000000000009 4 363.92500000000007 303.54500000000002 5 6 7 8 8525.1000000000022 0.30568263128878259 9 10 25.500000000000004 138.5899226409619 0.60862539131523319 11 12 1.3485240395313467 13 54.585784313725497 14 69.552777777777791 33.651923076923083 15 104.50000000000001 16 12.500000000000002 274.50000000000006 17 719.76500000000021 1.5000000000000002 18 1734.8500000000001 19 20 21 22 385.82500000000005 23 1.1999856968626057 661.34500000000014 976.53500000000008 24 1.6662857625408842 1.4494909530017079 25
decision_type=2 2 2 2 2 2 1 2 2 9 2 2 1 2 2 1 2 9 2 2 9 9 9 9 2 2 1 9 2 2 2 9 1 2 1 2 1 2 2 9 2 9 2 2 9 2 2 1 2 9 9 1 9 2 9 2 2 2 1 2 2 9
left_child=1 4 3 7 17 18 23 13 26 14 11 15 21 34 37 27 25 -1 24 -17 -15 -5 33 -7 -3 50 61 -6 -16 41 -22 -28 -13 -9 45 36 -11 -8 -19 -40 -31 42 -14 -18 -34 -2 -12 55 -48 59 -10 -27 -53 -49 -51 -24 -23 -43 -35 -33 -50 -4
right_child=2 5 8 12 10 6 9 22 16 35 46 32 29 20 28 19 43 38 -20 -21 30 56 47 -25 -26 51 31 -29 -30 40 -32 49 44 58 -36 -37 -38 -39 39 -41 -42 57 -44 -45 -46 -47 48 53 60 54 -52 52 -54 -55 -56 -57 -58 -59 -60 -61 -62 -63
leaf_value=-0.41724044678527439 -0.47131035528393045 -0.6169932990123228 0.14962653561184389 -0.054351489735881844 -0.21919452245903753 -0.39289612613062852 -0.46654884360468413 -0.24837881225847325 2.6771227001083178 -0.49729597631433897 -0.37589077400597781 0.025131496177951896 0.23153352543458663 0.15304456582700068 -0.49858980266859798 -0.43447289631873026 0.15754748841341099 -0.49625784759181574 -0.53547135933260503 -0.17101339792180151 -0.4216075064383511 0.60833572614997311 -0.31690160871799178 0.074529270369649764 -0.82578922881162409 3.0183275288522848 0.84783173060326578 0.14484387430827184 -0.23910295412234875 -0.75035168093115334 -0.097933481388084692 0.88540821160258432 0.21034881893685231 0.11743211953003847 -0.2010151361045768 0.080723366404250915 -0.12729496987271802 -0.21836150275810395 -0.28714100975207252 -0.022363085086288592 0.13362182349313656 0.30485616556827327 -0.41245151284354764 -1.3263093055826283 0.83966417616632683 -0.23184216389576698 -0.11780921942256564 -0.63620075063819526 -0.86378579656391041 0.050942736527060009 0.87698779495050516 1.3691783485174363 2.4620666678508871 -0.049083331441799598 -0.65498141739727811 0.39422204125158056 1.1806388284724241 0.81794446736313664 0.64830323556188785 -0.88989350524794597 -0.87912109061025512 1.096331734570088
leaf_weight=941 522 363 207 479 940 376 492 231 334 230 143 687 2915 1342 1282 343 230 156 518 4586 380 2476 68 714 74 2144 759 3001 1940 135 2706 724 441 380 657 278 470 59 723 527 189 2091 257 82 825 229 55 124 41 816 997 445 3397 1243 319 608 1936 645 1064 73 217 1647
leaf_count=941 522 363 207 479 940 376 492 231 334 230 143 687 2915 1342 1282 343 230 156 518 4586 380 2476 68 714 74 2144 759 3001 1940 135 2706 724 441 380 657 278 470 59 723 527 189 2091 257 82 825 229 55 124 41 816 997 445 3397 1243 319 608 1936 645 1064 73 217 1647
internal_value=0.000185121 -0.00387393 0.0027101 0.00143194 -0.00178113 -0.00806001 -0.00677404 -0.000510097 0.004876 -0.0080106 -0.000767816 -0.000472243 0.00310422 -0.00189245 -0.00918846 -0.00127071 0.00601579 -0.00662234 -0.0158272 -0.00253693 -0.000812458 0.00465691 0.00164606 -0.0012466 -0.0203125 0.00632684 0.0029491 0.000306651 -0.00822481 0.00186549 -0.00199258 0.00156712 0.003125 0.00363596 -0.00524451 -0.0033552 -0.00526316 -0.014824 -0.00428118 -0.00341181 -0.00351682 0.00217391 0.0010989 -0.00111111 0.0047498 -0.00760798 -0.00762527 0 -0.0102453 0.00033419 0.00355135 0.00693354 0.00603761 -0.00127717 -0.00114329 0.00253991 0.00520904 0.00338305 0.00463027 0.00248457 -0.0123563 0.00488752
internal_weight=53273 20422 32851 20677 13626 6796 5841 9554 12174 4751 11279 10823 11123 5836 3773 8870 7629 2347 955 4929 4428 4891 3718 1090 437 7317 4545 3941 3222 6232 3086 2691 1953 1675 1408 978 700 551 1406 1250 324 5908 3172 312 1266 751 456 2043 313 1932 1331 5986 3842 1367 1135 676 4412 2736 1444 797 258 1854
internal_count=53273 20422 32851 20677 13626 6796 5841 9554 12174 4751 11279 10823 11123 5836 3773 8870 7629 2347 955 4929 4428 4891 3718 1090 437 7317 4545 3941 3222 6232 3086 2691 1953 1675 1408 978 700 551 1406 1250 324 5908 3172 312 1266 751 456 2043 313 1932 1331 5986 3842 1367 1135 676 4412 2736 1444 797 258 1854
cat_boundaries=0 1 3 4 5 7 9 11 13 15 16 18 20 21 22 23 24 26 28 29 30 32 33 35 37 38 40
cat_threshold=520 606869191 349056 964 844 270799810 103555 2241636177 73871 312672354 8193 133694873 839873 35655776 267008 308 284824674 267536 2499847739 563 49 2385 2320 7 2976781386 1772171 276824307 67107 1547 18 2250506334 98320 1924 48316416 209920 573444288 1114240 259 2156129 1024
is_linear=0
shrinkage=0.05


Tree=26
num_leaves=63
num_cat=19
split_feature=14 21 7 21 21 21 1 2 2 13 2 0 2 19 7 6 7 11 21 1 13 7 1 23 21 7 13 21 16 16 5 1 1 19 7 1 1 16 8 1 1 11 19 1 2 19 7 21 5 7 10 5 7 1 10 2 4 10 8 11 5 7
split_gain=194.397 60.6645 32.6103 28.1984 17.7237 20.2334 14.0559 11.784 11.1486 10.245 9.95819 9.52503 15.2873 9.51701 9.07482 10.8948 7.98985 7.14065 7.06484 6.17726 6.11092 6.87998 5.85413 5.73246 5.53134 5.52266 8.65643 6.31134 5.19928 4.80448 4.32256 4.32055 4.02076 3.91254 3.84632 4.87435 4.25273 3.84186 3.75927 3.49954 3.43938 3.43634 3.27631 3.2502 3.2412 3.17633 2.91388 2.82924 2.65428 2.57829 2.54547 2.53493 2.38924 2.31398 3.13577 2.2754 2.24537 2.24272 2.2185 2.21326 2.14784 2.02424
threshold=2.5000000000000004 89.51666666666668 341.31500000000005 30.435416666666672 15.361263736263739 44.820855614973269 0 1 2 1.5000000000000002 3 4 5 1257.8700000000001 550.54500000000019 8525.1000000000022 165.35500000000005 1686.5550000000003 153.05555555555557 6 1.5000000000000002 -1.0000000180025095e-35 7 26.500000000000004 65.074175824175839 253.71000000000001 1.5000000000000002 207.70833333333334 1.1917681211096236 1.7142720331923529 326.50000000000006 8 9 2340.7300000000005 542.32000000000005 10 11 0.21598592411607856 256.52500000000003 12 13 2712.6300000000006 2223.2650000000008 14 15 661.09499999999991 490.25000000000006 56.017857142857146 272.50000000000006 542.32000000000005 373.53000000000003 211.50000000000003 616.99500000000012 16 1249.9250000000004 17 18 2343.0550000000007 667.30000000000007 2064.1400000000003 345.50000000000006 1122.1750000000004
decision_type=2 2 2 2 2 2 9 1 1 2 1 1 1 2 2 2 2 2 2 9 2 2 9 2 2 2 2 2 2 2 2 9 9 2 2 9 9 2 2 9 9 2 2 9 1 2 2 2 2 2 2 2 2 9 2 1 9 2 2 2 2 2
left_child=1 2 6 14 9 28 38 25 32 11 43 13 -13 -4 15 30 29 19 34 50 21 -20 33 37 -12 -3 27 39 57 -10 53 -30 51 49 35 -9 -36 -19 45 -27 -23 -16 -21 -7 -40 -1 -34 55 -47 -18 -8 -5 -22 58 -55 -24 -37 -6 -2 -11 -43 -28
right_child=3 7 4 8 5 10 17 18 16 59 24 12 -14 -15 41 -17 22 23 20 42 52 40 47 -25 -26 26 61 -29 31 -31 -32 -33 46 -35 36 56 -38 -39 44 -41 -42 60 -44 -45 -46 48 -48 -49 -50 -51 -52 -53 -54 54 -56 -57 -58 -59 -60 -61 -62 -63
leaf_value=-0.5189974001492107 -0.54677891221056762 0.37062442639692295 1.6956452745091568 0.44997594096126331 -0.51761397788511743 0.060125114582163346 1.2314910526160097 -0.48416456878134539 -0.46053225038318335 -0.50608949863873709 -0.13812160048602307 -1.010030309694703 0.65533133494869988 0.37243728937245568 0.00087712690678856122 -0.79281351805841271 -0.31832914470433665 -0.023068891377614878 -1.0502613793939093 -0.15424661407036 0.67884803533613325 0.065456684664803796 -0.32882022485276963 -0.68273775009030357 0.064092185994343701 -0.086323293808055201 -0.17382700995892666 2.388179182817169 -0.48148872458444747 -0.14618578735109319 -0.027692466505489313 -0.12403958320753268 -0.37358123505160129 -0.53064452935118656 0.81642564233098303 -0.1313910578765258 0.16685756857725176 -0.37514442523165281 -0.47729562208050713 0.794979548545375 1.1747629499065688 -0.42494963288235205 -0.60958317388951222 0.53284928402116594 0.23241727598749123 -0.32484031220493731 0.097951807820465586 0.11344781286786959 -0.09809091546781748 -0.21917641958535272 0.056398470118165102 -0.088296288495278222 -0.7736583043609877 -0.055806735261248269 -0.54042090547589616 -0.12763188211958651 0.20981320560305702 -0.88639654394469725 -0.49148659297654212 -1.0894640609267394 0.10449259260521569 -0.70236274567366497
leaf_weight=238 287 1490 2631 314 46 418 307 317 516 225 3846 657 657 2870 101 144 1445 509 67 1634 90 571 125 108 4738 287 267 2103 576 150 68 718 278 182 609 854 2842 984 114 6900 4321 654 304 896 124 558 197 279 116 1054 487 197 87 72 410 397 1495 72 120 35 23 92
leaf_count=238 287 1490 2631 314 46 418 307 317 516 225 3846 657 657 2870 101 144 1445 509 67 1634 90 571 125 108 4738 287 267 2103 576 150 68 718 278 182 609 854 2842 984 114 6900 4321 654 304 896 124 558 197 279 116 1054 487 197 87 72 410 397 1495 72 120 35 23 92
internal_value=0.000202014 0.00137907 -0.000372837 -0.00755238 0.000634245 -0.000590029 -0.00375729 0.00324849 -0.00561125 0.00259784 0.000204525 0.00297558 -0.000816249 0.00389035 -0.0128122 -0.0157948 -0.00674117 -0.00241314 0.00209147 -0.000840951 0.00346371 0.00379635 -0.0057604 -0.00507325 -0.000412935 0.00440616 0.00485003 0.00514635 -0.00618375 -0.011846 -0.0136849 -0.00518504 -0.000725726 -0.00688103 0.000933415 -0.000477707 0.00203749 -0.00420287 -0.00866294 0.00442107 0.00402451 -0.00848271 -0.00237058 0.00423888 -0.00280083 -0.0102186 -0.00402152 -0.0018274 -0.00823486 -0.00633993 0.00281908 0.00226622 -0.00548611 -0.014616 -0.0108586 -0.00404762 0.000301651 -0.0163223 -0.018125 -0.00703422 -0.00976103 -0.00265884
internal_weight=53273 46260 23868 7013 18385 11310 5483 22392 5134 7075 9898 6815 1314 5501 1879 1101 4148 4333 11253 2732 5136 4959 3482 1601 8584 11139 9649 9290 1412 666 957 1294 986 2681 6117 2666 3451 1493 1150 7187 4892 778 1938 1314 238 912 475 801 674 2499 794 511 177 889 482 522 2349 118 407 260 677 359
internal_count=53273 46260 23868 7013 18385 11310 5483 22392 5134 7075 9898 6815 1314 5501 1879 1101 4148 4333 11253 2732 5136 4959 3482 1601 8584 11139 9649 9290 1412 666 957 1294 986 2681 6117 2666 3451 1493 1150 7187 4892 778 1938 1314 238 912 475 801 674 2499 794 511 177 889 482 522 2349 118 407 260 677 359
cat_boundaries=0 2 3 4 5 6 7 9 11 13 15 17 19 21 23 25 26 28 29 30
cat_threshold=2240514 528640 972 520 1536 1 2353 382993360 66054 549197511 344960 3150061 65664 538707083 16513 5632 1086467 167986997 1220612 6488160 64 402739200 1183771 42995971 67219 402 37002 768 272 3
is_linear=0
shrinkage=0.05


Tree=27
num_leaves=63
num_cat=26
split_feature=15 20 21 20 20 21 1 21 21 2 2 16 8 8 2 1 6 20 1 15 8 21 1 21 1 1 22 1 19 1 1 8 1 9 22 16 2 1 8 1 1 16 19 2 21 2 6 1 2 2 1 22 1 18 8 2 2 20 6 15 9 10
split_gain=194.094 68.4408 33.524 20.8316 17.4739 14.2281 12.6539 12.2022 11.3344 10.5458 8.92219 7.78733 7.61518 6.86404 6.2344 6.17461 5.9952 5.78231 5.21853 5.09823 5.07519 5.05935 4.98641 4.82254 6.09204 5.99611 4.3569 4.19349 5.74995 4.12262 4.07939 3.95923 3.85673 3.82763 3.67731 3.59873 3.58244 3.48717 3.40634 3.34841 3.24603 3.20197 2.94532 2.90841 2.71049 2.689 2.59241 2.52195 2.4742 2.45695 2.19598 2.17245 2.70797 2.1573 2.11903 1.98395 1.94202 1.89832 2.21066 2.0002 1.73633 1.67637
threshold=6.5000000000000009 124.50000000000001 28.828431372549023 47.500000000000007 1.0000000180025095e-35 63.019230769230781 0 184.07142857142858 54.585784313725497 1 2 1.04348382986993 687.98500000000013 841.47500000000014 3 4 3056.7900000000004 9.5000000000000018 5 8.5000000000000018 167.20500000000001 19.462648556876065 6 10.250000000000002 7 8 20.761519353915954 9 1503.0300000000002 10 11 178.00500000000002 12 1153.2100000000003 34.269616059699828 1.0065147347059018 13 14 604.79500000000019 15 16 0.67932305861831122 2123.3000000000006 17 113.82575757575758 18 4168.3500000000013 19 20 21 22 19.349469182369848 23 0.073299310421131317 123.93500000000002 24 25 5.5000000000000009 8525.1000000000022 11.500000000000002 385.82500000000005 2480.6100000000006
decision_type=2 2 2 2 2 2 9 2 2 1 1 2 2 2 1 9 2 2 9 2 2 2 9 2 9 9 2 9 2 9 9 2 9 2 2 2 1 9 2 9 9 2 2 1 2 1 2 9 1 1 9 2 9 2 2 1 1 2 2 2 2 2
left_child=1 3 21 4 14 23 20 12 30 31 -8 36 16 15 27 -11 22 33 -19 29 45 57 -3 25 43 -5 -21 -1 -29 -13 55 44 -18 -10 -24 -26 -12 -14 54 -15 53 -22 49 -25 -7 -4 -32 -33 61 -43 -9 -39 -53 -16 -23 -6 -34 -2 59 -59 -27 -40
right_child=2 7 6 5 8 9 10 50 17 13 11 19 37 39 40 -17 32 18 -20 26 41 38 34 24 35 60 -28 28 -30 -31 46 47 56 -35 -36 -37 -38 51 48 -41 -42 42 -44 -45 -46 -47 -48 -49 -50 -51 -52 52 -54 -55 -56 -57 -58 58 -60 -61 -62 -63
leaf_value=0.63386956697540686 -0.76966190707075133 -0.27651908400950681 -0.18730015186285556 0.49970312096433267 -0.18278542815088841 -0.59280316497403762 0.056609055987850709 1.7376648038010634 -0.6781847423052364 -0.11067814573751954 -0.14862961420762419 -0.20567268705513442 1.3998282272629372 -0.059214321476043885 -1.2469594132737407 0.15038005635990884 0.35130975849520624 -0.29686235969882729 0.004710005220338865 -0.11558942736288152 -0.71107738266668441 -0.17971692355183083 0.92368022688928009 0.11708736217837581 -0.52736840099138971 -0.82450032252741901 -0.35785345859543249 0.212641411823563 -0.62053946815338823 0.075305549001475486 -0.25138167304797393 0.91741804828449292 -0.073729993058783805 -0.8965885263618365 0.27942360092295465 -0.26937611186078964 -0.39172055910946418 1.5129653192336232 -0.064189335511172271 0.52253978870251783 2.1388727465136186 -0.34916238148501971 -0.47469368033130843 -0.17995516400612407 0.54557197194323492 -0.35499700050674332 -0.48243950511642952 0.51595069865167242 -0.35418856215036493 -0.19423683658419666 2.1997913632688619 0.7237925462411644 0.012428746330186159 0.70262982556557196 -0.53216479556040286 -0.63709837974701156 -0.45606670286936118 -0.79358672119813667 -0.75279471818691057 -0.26982954627102329 -0.085185183542338908 -0.50913646073564001
leaf_weight=316 52 388 111 675 265 133 717 983 591 3547 277 1789 1236 496 26 3558 619 477 2674 724 49 27 3018 674 185 160 681 467 529 666 889 880 331 378 2228 1202 859 1711 31 1897 900 377 80 886 115 356 190 2116 343 1060 4267 2010 653 427 390 773 433 30 102 36 885 328
leaf_count=316 52 388 111 675 265 133 717 983 591 3547 277 1789 1236 496 26 3558 619 477 2674 724 49 27 3018 674 185 160 681 467 529 666 889 880 331 378 2228 1202 859 1711 31 1897 900 377 80 886 115 356 190 2116 343 1060 4267 2010 653 427 390 773 433 30 102 36 885 328
internal_value=0.000217969 0.00158743 -0.00643568 -3.27772e-05 -0.00200168 0.000971313 -0.00515873 0.00397441 -0.00345152 0.00183798 -0.0039098 -0.00466161 0.00312253 0.000985701 0.00137275 0.00019872 0.00201033 -0.00190395 -0.000844166 -0.00357235 -0.0085716 -0.0137575 0.00273638 -0.00138383 -0.00261441 0.00069646 -0.00599254 -0.0010566 -0.00267592 -0.00216131 -0.00643278 0.00429843 -0.000910895 -0.00528549 0.00314223 -0.00500893 -0.00834065 0.00450294 -0.0122215 0.00330238 0.00374268 -0.00715424 -0.00666941 -0.000413223 -0.00159363 -0.0133245 -0.00404075 0.00481827 -0.0098227 -0.00606771 0.00601085 0.00377821 0.00284602 0.00013412 -0.0160417 -0.00872978 -0.00328185 -0.0210762 -0.0239766 -0.0141304 -0.00164225 -0.0129368
internal_weight=53273 44188 9085 26311 8902 17409 7746 17877 6237 12742 5713 4996 12627 9498 2665 7105 7017 4120 3151 3860 2033 1339 5634 4667 2947 1720 1405 1312 996 2455 2117 3244 1383 969 5246 1387 1136 5610 1119 2393 1353 1566 1517 1560 248 467 1079 2996 702 1437 5250 4374 2663 453 417 1038 764 220 168 66 1045 359
internal_count=53273 44188 9085 26311 8902 17409 7746 17877 6237 12742 5713 4996 12627 9498 2665 7105 7017 4120 3151 3860 2033 1339 5634 4667 2947 1720 1405 1312 996 2455 2117 3244 1383 969 5246 1387 1136 5610 1119 2393 1353 1566 1517 1560 248 467 1079 2996 702 1437 5250 4374 2663 453 417 1038 764 220 168 66 1045 359
cat_boundaries=0 2 3 4 5 7 9 11 13 15 17 19 21 23 24 26 28 30 31 32 34 35 36 38 40 41 42
cat_threshold=2363970 332032 776 1536 1073 879253054 1645746 268570720 38144 8409600 4096 2999886136 1082498 60822923 55434 67895569 16944 551158921 557732 3760883526 266384 33587293 246282 96 2366666270 1048577 2462105705 589824 42517682 4625 675 2058 2155910016 70659 467 69 1357987905 1314843 539787649 21148 1670 932
is_linear=0
shrinkage=0.05


Tree=28
num_leaves=63
num_cat=12
split_feature=15 20 21 20 17 20 21 1 21 8 20 16 21 23 1 5 1 17 5 17 8 21 8 9 20 5 16 8 1 8 17 17 16 11 1 1 1 20 21 1 8 22 22 1 5 21 17 5 1 11 16 8 4 1 8 8 5 16 22 8 16 5
split_gain=174.454 61.4282 30.9465 19.2802 16.0962 15.5952 12.9499 12.3355 9.72944 8.18278 7.56459 7.47521 7.46115 7.42391 6.58078 6.2787 5.79226 5.75214 5.75174 5.46616 5.34056 5.05903 4.82244 4.49351 4.24318 4.14637 4.61827 4.2487 3.82739 3.77307 3.75598 3.55955 3.51728 3.4452 3.39307 3.34735 3.32713 3.17898 3.17758 3.07499 3.02473 2.93615 2.86665 2.79935 2.79896 2.73913 2.7382 2.53347 2.25192 2.24453 2.17371 2.05906 2.01658 1.99487 1.92099 1.90315 1.89325 1.86153 1.82423 1.8206 1.79684 1.78102
threshold=6.5000000000000009 124.50000000000001 28.828431372549023 47.500000000000007 1.7777751688811028 1.5000000000000002 63.019230769230781 0 54.585784313725497 755.8950000000001 9.5000000000000018 1.04348382986993 91.114379084967339 7.5000000000000009 1 345.50000000000006 2 2.6666684063749884 34.500000000000007 0.87931455558359828 167.20500000000001 19.462648556876065 436.44000000000005 378.18000000000006 24.500000000000004 173.50000000000003 1.3172708390276771 384.40000000000009 3 137.89500000000001 1.5747827100276373 2.1916596699511222 0.67932305861831122 648.19000000000017 4 5 6 30.500000000000004 31.9451951951952 7 604.79500000000019 18.6854451352872 184.7417097975306 8 244.50000000000003 10.250000000000002 0.83985749388461273 334.50000000000006 9 4372.1050000000005 1.9455456070128472 963.98000000000013 10 11 720.47500000000014 509.05500000000012 137.50000000000003 1.019881759835541 28.874707567711575 123.93500000000002 1.4482806753952209 192.50000000000003
decision_type=2 2 2 2 2 2 2 9 2 2 2 2 2 2 9 2 9 2 2 2 2 2 2 2 2 2 2 2 9 2 2 2 2 2 9 9 9 2 2 9 2 2 2 9 2 2 2 2 9 2 2 2 9 9 2 2 2 2 2 2 2 2
left_child=1 3 15 5 12 18 17 20 34 14 31 30 16 23 58 21 -3 25 51 37 44 -2 -12 48 53 27 -27 -5 -11 -20 -9 -10 -22 -15 -7 -25 60 -13 55 52 59 -39 -16 -31 -4 -36 -40 50 -6 -49 -34 -1 -14 -21 -37 -18 -30 -38 -8 -23 -19 -42
right_child=2 4 7 6 13 8 9 11 10 28 22 19 39 33 42 -17 38 36 29 24 32 40 -24 35 -26 26 -28 -29 56 43 -32 -33 47 -35 45 54 57 41 46 -41 61 -43 -44 -45 -46 -47 -48 49 -50 -51 -52 -53 -54 -55 -56 -57 -58 -59 -60 -61 -62 -63
leaf_value=-0.57444381362582964 -0.70209392712252139 -0.42791438182675823 -0.31695875366794524 -0.53877649567884878 -0.62923980666319057 -0.049597135903670347 0.35242204407910149 -0.32528017179561886 -0.7849160426075783 0.67562643085072627 -0.2263332180174171 -0.47565670884327887 0.41470017793226416 -1.3720831846992267 -0.00372289350589039 0.075790318535314552 1.4873543047998277 0.04495550969207756 -1.2793320231014711 0.065755641238552182 -0.66510671488036943 -0.23769427737893181 0.11449597499416653 2.2160575234892153 -0.011999763729801539 -0.39458649464723861 0.022245861776863763 -0.19897380836629497 0.091536756465472643 -0.0042796920611948511 -0.022134468624844764 -1.0052260731096376 -0.29958820376416861 0.090951662155485558 -0.4915968413616254 0.9486593275604307 -0.32858731946818837 0.042640891366835999 -0.42461793118818125 0.65273675392715591 -0.48012945363161014 -0.29385832536646678 -0.53974651945527585 0.91482043475299302 -0.21927762035410492 -0.41080091386327222 0.25971042935379673 0.10672783340864225 1.0351473212314153 -0.48156620354126578 -0.2395945009726447 0.20808575668968052 -0.23683372553842991 -0.33129053017874249 2.2923404979460784 0.09119358623183943 0.57278820495769212 0.01797727787419099 0.16471846084825945 -0.52009086026824181 0.60565663752930265 -0.36966211929211784
leaf_weight=362 213 694 355 474 146 237 1422 876 497 1417 1343 158 714 55 4922 50 407 186 56 114 84 26 1808 4954 2334 302 1506 1131 1120 745 210 281 1660 402 823 968 119 156 314 5293 374 314 141 1560 143 1002 853 87 916 77 650 188 408 528 1590 163 1406 611 2314 373 338 303
leaf_count=362 213 694 355 474 146 237 1422 876 497 1417 1343 158 714 55 4922 50 407 186 56 114 84 26 1808 4954 2334 302 1506 1131 1120 745 210 281 1660 402 823 968 119 156 314 5293 374 314 141 1560 143 1002 853 87 916 77 650 188 408 528 1590 163 1406 611 2314 373 338 303
internal_value=0.000218907 0.00151728 -0.00608907 -1.75762e-05 0.00377866 -0.00191185 0.00094834 -0.00486192 -0.00337212 0.00177521 -0.00189153 -0.0032054 0.00225167 0.0052676 0.000918825 -0.0131241 -8.73048e-05 -0.00129818 0.0010767 -0.00209315 -0.00734767 -0.0138061 -0.000780755 0.00559928 -0.00117489 -0.00236754 -0.000690226 -0.00422108 0.00367144 0.00216265 -0.0068641 -0.00630602 -0.00639399 -0.000842391 -0.00616223 0.0060346 0.0015712 -0.00633914 0.00143571 0.00314545 -0.0122335 -0.00406977 -0.000248719 0.00249675 -0.0122255 -0.00687568 -1.06838e-05 -0.00600525 0.00246479 0 -0.00643104 -0.00348101 0.000682819 -0.00476744 0.00442435 0.00449389 0.00243206 -0.000572005 0.00250734 -0.0159515 0.00456238 -0.00990809
internal_weight=53273 44188 9085 26311 17877 8902 17409 7746 5991 12742 3929 4690 8846 9031 8799 1339 2431 4667 2911 3604 3056 1289 3151 8574 2976 3413 1808 1605 3943 2361 1086 778 2558 457 2062 7512 1254 628 1737 6415 1076 470 5063 2305 498 1825 1167 2474 1062 164 2310 550 1122 642 2558 570 2526 730 3736 399 524 677
internal_count=53273 44188 9085 26311 17877 8902 17409 7746 5991 12742 3929 4690 8846 9031 8799 1339 2431 4667 2911 3604 3056 1289 3151 8574 2976 3413 1808 1605 3943 2361 1086 778 2558 457 2062 7512 1254 628 1737 6415 1076 470 5063 2305 498 1825 1167 2474 1062 164 2310 550 1122 642 2558 570 2526 730 3736 399 524 677
cat_boundaries=0 2 4 6 8 10 12 14 16 18 20 21 23
cat_threshold=11276994 332032 2341577153 442461 303280416 38528 85415828 440322 282353712 32770 1028531135 1082147 2190251418 32914 270860356 1468481 314066090 267275 524289 20480 26 48 144
is_linear=0
shrinkage=0.05


Tree=29
num_leaves=63
num_cat=4
split_feature=15 14 14 17 7 19 16 13 0 15 7 7 17 17 6 7 7 14 17 5 5 7 17 7 6 7 7 15 7 11 7 5 5 19 5 23 16 17 23 5 17 9 8 5 6 17 23 23 6 0 17 19 7 16 5 4 23 8 9 23 19 4
split_gain=156.388 35.8276 25.6683 20.7911 15.2017 14.7328 11.4749 11.1633 11.1276 8.35099 8.16389 7.89897 6.74443 5.54375 5.51502 5.30668 5.01616 4.93144 10.0764 4.88916 4.80131 4.48906 4.47863 4.02518 3.94913 3.74297 3.69264 3.4429 3.43212 5.05532 3.23443 3.09746 2.99896 2.97636 2.86621 2.73573 2.69377 5.65697 2.69247 2.55076 2.48171 2.416 2.38981 2.26541 2.19111 2.16198 2.12441 2.10789 2.03863 2.00772 1.91667 1.90902 1.85696 1.71078 1.60964 1.72878 1.81789 1.52893 1.49988 1.4968 1.48383 1.42162
threshold=6.5000000000000009 1.5000000000000002 4.5000000000000009 1.2312994386594902 165.35500000000005 1535.0850000000003 1.019881759835541 1.5000000000000002 0 8.5000000000000018 -1.0000000180025095e-35 542.32000000000005 2.1916596699511222 1.7777751688811028 8525.1000000000022 736.47000000000014 -1.0000000180025095e-35 1.0000000180025095e-35 0.71454403043881454 66.500000000000014 31.500000000000004 171.36000000000004 1.2734897314549378 1547.7550000000003 5620.6000000000013 355.76000000000005 -1.0000000180025095e-35 5.5000000000000009 719.76500000000021 6224.4850000000015 -1.0000000180025095e-35 26.500000000000004 199.50000000000003 816.35500000000013 3.5000000000000004 7.5000000000000009 1.019881759835541 1.4494909530017079 1.0000000180025095e-35 333.50000000000006 0.44161696535931838 132.96000000000004 203.33000000000001 58.500000000000007 2501.0100000000007 0.75813005496591168 15.500000000000002 10.500000000000002 5620.6000000000013 1 1.2140400082106042 3885.3750000000005 987.9100000000002 0.98848132743531414 300.50000000000006 2 10.500000000000002 687.98500000000013 1445.8900000000001 21.500000000000004 2472.6150000000002 3
decision_type=2 2 2 2 2 2 2 2 1 2 2 2 2 2 2 2 2 2 2 2 2 2 2 2 2 2 2 2 2 2 2 2 2 2 2 2 2 2 2 2 2 2 2 2 2 2 2 2 2 1 2 2 2 2 2 9 2 2 2 2 2 9
left_child=1 3 4 10 32 8 24 11 13 25 -1 21 27 34 39 50 -15 43 40 48 38 61 -23 30 54 59 -22 31 29 -21 -14 -9 -2 42 -5 -28 37 -27 -7 -4 -19 -20 -10 -12 49 47 -45 -34 53 -13 -16 -38 -46 -11 55 56 -3 -29 -30 -6 -57 -8
right_child=2 6 14 5 9 20 7 12 33 19 17 44 23 16 15 -17 -18 18 41 28 26 22 -24 -25 -26 36 35 57 58 -31 -32 -33 45 -35 -36 -37 51 -39 -40 -41 -42 -43 -44 46 52 -47 -48 -49 -50 -51 -52 -53 -54 -55 -56 60 -58 -59 -60 -61 -62 -63
leaf_value=-0.92195084579663367 -0.38197994069909813 0.15251957306330755 -0.46478923548891954 -2.7196232393651965 -0.191581393177227 -0.67661960489987671 -0.49641282544805621 -0.91474370839932506 -0.53066645456524886 -0.47394905452687364 -1.3250059303375197 0.35672104605647648 1.8271461413160375 -1.2703296347427386 -0.71635671118325117 -0.56673335593958163 1.8486174171898122 -0.55599370321546593 -0.70293952483819599 -0.18401241183555259 -0.88599720443542795 -0.22419009110515997 0.025173050159165558 -0.69973394309199466 -0.58574817698122372 -0.52107582027216659 0.49064194959818225 -0.48488982172711259 0.33062732243856313 -0.47850255230743421 -0.45008264143701543 0.44273270143325744 0.10135851391256478 -0.20195438244052932 0.62403066407158692 -0.2599413390104312 -0.056122978531494998 -0.050211713647066961 0.042686422516828061 0.10478883177590115 -0.18427763793010676 0.15620508222827781 0.57208016339707513 0.81942117960370031 -0.038130724381527516 -0.21182327805587833 -0.70657146963459905 -0.56551073883864178 -0.57463668793230616 0.098499202632526386 -0.6924646964133343 -0.47881788587273189 0.20933041578163936 -0.23758939094699835 -0.0066056891031530899 -0.31162288281638428 -0.59112281196860617 -0.18302097834233635 -0.11748312817112527 -0.34985792812218314 -0.72608393435177698 -0.1146587265585346
leaf_weight=176 718 208 458 31 601 311 275 56 129 88 25 1979 75 42 108 63 6949 395 133 1553 45 506 3413 108 100 146 3795 120 49 355 1140 743 20 619 4524 290 2637 237 227 30 1196 6313 3469 1396 1284 344 20 106 87 1083 31 40 1040 554 251 1079 75 249 713 147 70 249
leaf_count=176 718 208 458 31 601 311 275 56 129 88 25 1979 75 42 108 63 6949 395 133 1553 45 506 3413 108 100 146 3795 120 49 355 1140 743 20 619 4524 290 2637 237 227 30 1196 6313 3469 1396 1284 344 20 106 87 1083 31 40 1040 554 251 1079 75 249 713 147 70 249
internal_value=0.000218907 0.00144826 -0.00575347 0.00242331 -0.00497886 0.00332718 -0.000628279 -8.11491e-05 0.00405858 -0.00410021 0.000504815 0.000672549 -0.00307237 0.00486406 -0.0150433 -0.0223171 0.00576029 0.000709313 0.000219216 -0.00591196 0.000845643 -0.000880004 -0.000283656 -0.00551471 -0.0043743 -0.00246654 0.00143358 -0.000256191 -0.0048728 -0.00601779 -0.00460796 0.00154302 -0.0102435 0.00183945 0.00347466 0.00160531 -0.00166503 -0.00560233 -0.00355823 -0.0118126 -0.00333281 0.00110482 0.00239517 0.00340201 0.00196233 -0.00681818 0.00369979 -0.0125969 -0.00961407 0.00284666 -0.0279049 -0.00107743 0.000773528 -0.00841085 -0.00374407 -0.00439024 -0.000548986 -0.00426747 -0.0019281 -0.00565912 -0.00523881 -0.00521822
internal_weight=53273 44188 9085 30085 8395 20431 14103 12320 15763 7207 9654 9829 2491 11546 690 202 6991 9478 8037 3399 4668 4443 3919 1323 1783 3808 4130 1168 2670 1908 1215 799 1188 4217 4555 4085 3060 383 538 488 1591 6446 3598 1441 5386 470 1416 126 729 3062 139 2677 2324 642 1683 1432 283 369 762 748 1149 524
internal_count=53273 44188 9085 30085 8395 20431 14103 12320 15763 7207 9654 9829 2491 11546 690 202 6991 9478 8037 3399 4668 4443 3919 1323 1783 3808 4130 1168 2670 1908 1215 799 1188 4217 4555 4085 3060 383 538 488 1591 6446 3598 1441 5386 470 1416 126 729 3062 139 2677 2324 642 1683 1432 283 369 762 748 1149 524
cat_boundaries=0 1 2 3 4
cat_threshold=1 1 16 6
is_linear=0
shrinkage=0.05


end of trees

feature_importances:
Provincia=219
cicle_mig_dies=203
mes=201
euros_7d=181
ratio_90d_vs_365d=160
dia_anyo=107
n_pedidos_365d=93
dies_desde_ultima_compra=88
ratio_30d_vs_90d=77
euros_30d=64
cicle_std_dies=61
num_intervals=51
n_pedidos_90d=45
euros_90d=41
euros_365d=40
Potencial_EUR_anual=39
share_wallet_12m=39
euros_180d=37
gap_eur=37
Familia_Potencial=23
n_pedidos_30d=19
n_pedidos_7d=13
trimestre=12
dia_setmana=10

parameters:
[boosting: gbdt]
[objective: quantile]
[metric: quantile]
[tree_learner: serial]
[device_type: cpu]
[data_sample_strategy: bagging]
[data: ]
[valid: ]
[num_iterations: 30]
[learning_rate: 0.05]
[num_leaves: 63]
[num_threads: 0]
[seed: 42]
[deterministic: 0]
[force_col_wise: 0]
[force_row_wise: 0]
[histogram_pool_size: -1]
[max_depth: 7]
[min_data_in_leaf: 20]
[min_sum_hessian_in_leaf: 0.001]
[bagging_fraction: 0.8]
[pos_bagging_fraction: 1]
[neg_bagging_fraction: 1]
[bagging_freq: 0]
[bagging_seed: 400]
[bagging_by_query: 0]
[feature_fraction: 0.7]
[feature_fraction_bynode: 1]
[feature_fraction_seed: 30056]
[extra_trees: 0]
[extra_seed: 12879]
[early_stopping_round: 0]
[early_stopping_min_delta: 0]
[first_metric_only: 0]
[max_delta_step: 0]
[lambda_l1: 1]
[lambda_l2: 3]
[linear_lambda: 0]
[min_gain_to_split: 0]
[drop_rate: 0.1]
[max_drop: 50]
[skip_drop: 0.5]
[xgboost_dart_mode: 0]
[uniform_drop: 0]
[drop_seed: 17869]
[top_rate: 0.2]
[other_rate: 0.1]
[min_data_per_group: 100]
[max_cat_threshold: 32]
[cat_l2: 10]
[cat_smooth: 10]
[max_cat_to_onehot: 4]
[top_k: 20]
[monotone_constraints: ]
[monotone_constraints_method: basic]
[monotone_penalty: 0]
[feature_contri: ]
[forcedsplits_filename: ]
[refit_decay_rate: 0.9]
[cegb_tradeoff: 1]
[cegb_penalty_split: 0]
[cegb_penalty_feature_lazy: ]
[cegb_penalty_feature_coupled: ]
[path_smooth: 0]
[interaction_constraints: ]
[verbosity: -1]
[saved_feature_importance_type: 0]
[use_quantized_grad: 0]
[num_grad_quant_bins: 4]
[quant_train_renew_leaf: 0]
[stochastic_rounding: 1]
[linear_tree: 0]
[max_bin: 255]
[max_bin_by_feature: ]
[min_data_in_bin: 3]
[bin_construct_sample_cnt: 200000]
[data_random_seed: 175]
[is_enable_sparse: 1]
[enable_bundle: 1]
[use_missing: 1]
[zero_as_missing: 0]
[feature_pre_filter: 1]
[pre_partition: 0]
[two_round: 0]
[header: 0]
[label_column: ]
[weight_column: ]
[group_column: ]
[ignore_column: ]
[categorical_feature: 0,1,2,3,4]
[forcedbins_filename: ]
[precise_float_parser: 0]
[parser_config_file: ]
[objective_seed: 16083]
[num_class: 1]
[is_unbalance: 0]
[scale_pos_weight: 1]
[sigmoid: 1]
[boost_from_average: 1]
[reg_sqrt: 0]
[alpha: 0.25]
[fair_c: 1]
[poisson_max_delta_step: 0.7]
[tweedie_variance_power: 1.5]
[lambdarank_truncation_level: 30]
[lambdarank_norm: 1]
[label_gain: ]
[lambdarank_position_bias_regularization: 0]
[eval_at: ]
[multi_error_top_k: 1]
[auc_mu_weights: ]
[num_machines: 1]
[local_listen_port: 12400]
[time_out: 120]
[machine_list_filename: ]
[machines: ]
[gpu_platform_id: -1]
[gpu_device_id: -1]
[gpu_use_dp: 0]
[num_gpu: 1]

end of parameters

pandas_categorical:[["Anestesia", "Bioseguridad"], ["A Coru\u00f1a", "Albacete", "Alicante", "Almer\u00eda", "Asturias", "Badajoz", "Baleares", "Barcelona", "Burgos", "Cantabria", "Castell\u00f3n", "Ceuta", "Ciudad Real", "Cuenca", "C\u00e1ceres", "C\u00e1diz", "C\u00f3rdoba", "Gip\u00fazkoa", "Girona", "Granada", "Guadalajara", "Huelva", "Huesca", "Ja\u00e9n", "La Rioja", "Las Palmas", "Le\u00f3n", "Lleida", "Lugo", "Madrid", "Melilla", "Murcia", "M\u00e1laga", "Navarra", "Orense", "Palencia", "Pontevedra", "Salamanca", "Segovia", "Sevilla", "Soria", "Sta.Cruz Tenerife", "Tarragona", "Teruel", "Toledo", "Unknown", "Valencia", "Valladolid", "Vizcaya", "Zamora", "Zaragoza", "\u00c1lava", "\u00c1vila"], ["1", "10", "11", "12", "2", "3", "4", "5", "6", "7", "8", "9"], ["1", "2", "3", "4"], ["0", "1", "2", "3", "4", "5", "6"]]
