cod_postal,city,latitude,longitude
01003,Vitoria-Gasteiz,42.8459,-2.6582
01004,Vitoria-Gasteiz,42.8442,-2.6667
01005,Vitoria-Gasteiz,42.8435,-2.6715
01006,Vitoria-Gasteiz,42.8376,-2.6655
01007,"Vitoria-Gasteiz, Armentia",42.8358,-2.69385
01008,Vitoria-Gasteiz,42.8472,-2.6833
01009,Vitoria-Gasteiz,42.8535,-2.685
01010,"Ali, Vitoria-Gasteiz, Ehari",42.8577,-2.699666666666667
01012,Vitoria-Gasteiz,42.8546,-2.6768
01015,Vitoria-Gasteiz,42.8421,-2.7031
01400,Laudio/Llodio,43.142,-2.9652
01470,"Etxegoien, Amurrio",43.05135,-3.00045
02001,Albacete,38.9953,-1.8525
02002,Albacete,38.9886,-1.8525
02003,Albacete,38.9885,-1.8611
02005,Albacete,39.0007,-1.8628
02006,Albacete,38.9898,-1.8715
02100,Tarazona De La Mancha,39.25,-1.9167
02200,Casas-Ibañez,39.2833,-1.4667
02400,Hellin,38.5106,-1.701
02500,Tobarra,38.5925,-1.6906
02510,"Pozo Cañada, Pozo Bueno",38.803200000000004,-1.73135
02600,Villarrobledo,39.2683,-2.6035
02610,El Bonillo,38.95,-2.5402
02611,Ossa De Montiel,38.964,-2.7455
02630,La Roda,39.2063,-2.1582
02640,Almansa,38.8675,-1.0982
02650,Montealegre Del Castillo,38.7886,-1.3272
02660,Caudete,38.7049,-0.9876
03001,Alicante/Alacant,38.3447,-0.4865
03002,Alicante/Alacant,38.347,-0.4806
03003,Alicante/Alacant,38.3417,-0.4908
03004,Alicante/Alacant,38.3502,-0.4864
03005,Alicante/Alacant,38.3523,-0.4979
03006,Alicante/Alacant,38.3468,-0.5133
03007,Alicante/Alacant,38.3422,-0.5082
03008,Alicante/Alacant,38.3316,-0.5115
03009,Alicante/Alacant,38.3655,-0.4989
03010,Alicante/Alacant,38.3611,-0.4887
03012,Alicante/Alacant,38.3574,-0.4822
03013,Alicante/Alacant,38.3562,-0.4764
03015,Alicante/Alacant,38.3681,-0.4696
03016,Alicante/Alacant,38.3654,-0.4493
03100,"Abio, Xixona, Carrasqueta (Urbanizacion), Segorb",38.55,-0.4512
03110,"Huerta, La (Mutxamel) (Urbanizacion), Girasoles, Los (Mutxamel) (Urbanizacion), Cotoveta (Urbanizacion), Moli-Foc (Urbanizacion), Valle Del Sol (Urbanizacion), La Venteta, Mutxamel, Peñacerrada, Tosal Redo (Partida), Volador, El / Volaor, El (Urbanizacion), Bayona, La (Partida), Peñetes, Les / Penyetes (Les) (Urbanizacion), Collao, El (Partida), Marseta (Partida), Roseta, La (Urbanizacion), San Peret / Sant Peret (Urbanizacion), Cantalar, El (Partida), Gialma (Urbanizacion), Pino, El / Pi, El (Urbanizacion), Obrera, La (Partida), Entredos, L' (Urbanizacion), Serveres (Partida), Calera, La (Urbanizacion), Olmos, Los (Urbanizacion), Rio-Park (Urbanizacion), Capellans (Partida), Volveta Ganga, Ravel (Urbanizacion), Señal, El (Partida), Borrachina (Partida), Benessiu / Benissiu (Partida), Calvari (Partida), Benaud (Partida), Paulinas, Las / Paulines (Les) (Urbanizacion), Almajada, La (Urbanizacion)",38.41278285714286,-0.43721714285714286
03130,Santa Pola,38.1935,-0.5646
03140,"Chapaprietas, Los (Partida), Pall-Mall (Camping), San Jose (Camping), Mare Nostrum (Camping), Guardamar Del Segura, Pinada, La (Camping)",38.0903,-0.6556
03158,"San Felipe Neri, Catral, Casicas, Las / Casicas, Madrigueras, Palomar, Domingos, Los (Caserio), Hornos, Rincon De Los Pablos, Nonduermas",38.16718888888889,-0.8034555555555555
03160,Almoradi,38.1088,-0.792
03170,"Ciudad Quesada, Rojales, Pepin (Lo) (Urbanizacion), La Garriga, El Nido",38.08276,-0.73784
03178,"Monteazul (Urbanizacion), Talaya Park (Urbanizacion), Benijofar",38.0779,-0.7368
03181,Torrevieja,37.9794,-0.6836
03182,Torrevieja,37.9794,-0.6724
03183,Torrevieja,37.9907,-0.666
03184,Torrevieja,37.9948,-0.6869
03186,Torrevieja,37.9787,-0.6822
03187,"Los Montesinos, Miras, Los (Montesinos), Perez, Los (Ayuntamiento Los Montesinos), La Marquesa, Las Casitas, La Rafaela, Lo Sastre, Los Pinicos, Lo Blanque, Los Paredes, Herrada, La (Urbanizacion)",38.020118181818184,-0.7489090909090909
03189,"Las Mimosas, Florida, La (Orihuela-Costa) (Urbanizacion), Filipinas (Urbanizacion), La Regia, Las Solanas, El Gato, Monte Zenia, Oleza (Urbanizacion), Serena Ii (Urbanizacion), Flamenca (Playa), Orihuela-Costa (Nucleo), Solana, La (Urbanizacion), Dehesa De Campoamor (Urbanizacion), Almendros, Los (Orihuela-Costa) (Urbanizacion), Torre Zenia (Urbanizacion), Lomas De San Juan (Urbanizacion), Villacostas (Urbanizacion), Castillo De Don Juan, Horizonte, El (Urbanizacion), Cabo Roig, Punta Prima, Villamartin, Los Dolses, La Zenia",37.9311125,-0.7351083333333333
03190,Pilar De La Horadada,37.8659,-0.7926
03201,Elx/Elche,38.2622,-0.7011
03202,Elx/Elche,38.2622,-0.7011
03203,"Elx/Elche, Parque Industrial De Elche (Poligono Industrial)",38.2622,-0.7011
03204,Elx/Elche,38.2622,-0.7011
03205,"Carrus (Elche) (Partida), Elx/Elche",38.2622,-0.7011
03206,Elx/Elche,38.2622,-0.7011
03300,"Orihuela, Los Huertos",38.0859,-0.9454499999999999
03314,San Bartolome,38.0943,-0.8613
03322,"Serranos (Vereda), Don Faustino (Vereda), Molins, Brunete (Vereda)",38.08295,-0.8397
03330,Crevillent,38.2491,-0.8095
03350,"San Isidro (Paraje), Los Diaz, Puntas, Los (Partida), Rambleta (Paraje), Motor Del Carmen, Callosilla (Orihuela), Jabonero, Lo (Partida), Montero, Lo (Orihuela), Polanco, Lo (Partida), El Salar, Huerta, La (Callosa Segura), Los Collereros, Cox",38.163984615384614,-0.8750846153846155
03360,"Barrio Los Dolores, San Roque, Orilla Acequia (Grupo), Almajal (Cami), Benejuzar, Viejo / Camino Viejo De Benejuzar (Camino), San Jose, Ferrocarril, Paralelo (Camino), Yesera, La (Partida), San Pedro (Grupo), Barrio Cementerio, Palmeral, El (Poblado), Vereda De Los Cubos, Almunia (Cami), Serrana, La (Camino), Cerca, Lo (Partida), Benimira (Partida), Callosa De Segura, Cartagena, Lo (Callosa De Segura) (Grupo), Barrio El Palmeral, Perpen, Lo (Grupo), Muñosa, La (Partida)",38.13390476190476,-0.8624
03369,"Rafal, Baden, El (Partida), Mudamiento",38.123999999999995,-0.8580666666666668
03370,"Los Benitos, La Magdalena, Redovan, San Carlos",38.1209,-0.9151250000000001
03400,Villena,38.635,-0.8642
03420,"Castalla, Sarganella",38.595699999999994,-0.67225
03440,Ibi,38.6227,-0.5754
03450,"La Marjal, Molines, Les, Banyeres De Mariola",38.7167,-0.65
03501,Benidorm,38.5378,-0.1313
03502,"Benidorm, Tolls (Partida)",38.539950000000005,-0.13525
03503,"Lloma (Partida), Coves (Partida), Armanello (Partida), Saltet (Partida), Almafra (Partida), Foya Manera, La (Partida), Benidorm",38.538714285714285,-0.12742857142857142
03510,"Callosa D'En Sarria, Marchequivir, Almedia, Tosal De Banderes",38.65,-0.1167
03530,"Pla De Garaita (Urbanizacion), Torre, La (Urbanizacion), Arcos Norte (Urbanizacion), Kristal (Urbanizacion), Nou Espai I (Urbanizacion), Arcos, Los (Urbanizacion), Valle, El (Urbanizacion), Dorado, El (Urbanizacion), Pinar De Garaita (Urbanizacion), Colina, La (Urbanizacion), Olivos, Los (Urbanizacion), Arcos Este (Urbanizacion), Maylan (Urbanizacion), Nou Espai Ii (Urbanizacion), Entrepinos (Urbanizacion), Patrax (Urbanizacion), Rosales (Urbanizacion), Tosal (Urbanizacion), Orquideas, Las (Urbanizacion), Sol Saliente (Urbanizacion), Caravana (Urbanizacion), Montebello, Puerta De Hierro (Urbanizacion), Nucia-Park (Urbanizacion), Promere Bella Vista (Urbanizacion), Puerto Azul (Urbanizacion), Nucia Hills, La / Nucia-Hill, Muixara, La (Urbanizacion), Coloma (Urbanizacion), Perla, La (Urbanizacion), Floriana (Urbanizacion), Patricia (Urbanizacion), Hapimag (Urbanizacion), Barranco Hondo / Baranc Fondo, Tosal, El / Tossal, El (Urbanizacion), Montecasino (Urbanizacion), Las Vegas, Montahud (Urbanizacion), Bello Horizonte / Bell Horitzo (Urbanizacion), Varadero (Urbanizacion), Holiday - Club, Cautivador, La Nucia, Panorama (La Nucia)",38.611897727272726,-0.11640227272727274
03540,"Alicante/Alacant, Cabo De Las Huertas",38.49665,-0.29955
03550,"La Font, Fabraquer (Ayuntamiento San Juan), Mezquitas, Las, F-Ii Y Iii (Urbanizacion), Rajoletes / Racholetes (Urbanizacion), Santa Faz (San Juan), Salafranca (Urbanizacion), Sant Joan D'Alacant, Lloixa, Racholetes (Urbanizacion), Frank Espinos, Huertas, Benimagrell",38.540758333333336,-0.34674166666666667
03560,"Poblet, El (Urbanizacion), Cala D'Or (Urbanizacion), Muchavista (Playa), Banyets, Els (Urbanizacion), Mezquitas, Las (Urbanizacion), Messell, El (Poligono Industrial), Colonia Trinidad, Urbanizacion Bonanza (Urbanizacion), Pueblo Acantilado, Amerador, L, Bonny Barrio, Alkabir (Urbanizacion), El Campello, La Merced, La Almadraba, Venta Lanuza, Coveta Fuma",38.43631764705883,-0.3851117647058824
03570,"Plands (Urbanizacion), Aixihuili (Partida), Almiserat (Partida), Era Soler, Plans, La Villajoyosa/Vila Joiosa, Alcocons, Robella, La (Partida), Carrichal (Partida), Gasparot (Urbanizacion), Mediases, Setines (Partida), Amunt De L'Horta (D) (Partida), Galandu (Partida), Montiboli (Urbanizacion), Sainvi (Urbanizacion), Parais, Secanet, Atalayas (Villajoyosa), Salomo, El (Partida), Torretes (Partida), Charco, El (Partida), Montesol, Chovades, Poligono Industrial El Torres, Rodacucos (Partida), Barberes, Bol Nou (Partida)",38.51140357142857,-0.23680357142857145
03580,"Devesa, El Tosalet (Alfaz Del Pi) /Tossalet, Limoneros (Urbanizacion), Romeral, El (Urbanizacion), Alfas Del Pi, L', Barranco Hondo / Barranc Fondo (Urbanizacion), Cautivador (Urbanizacion), Colonia Escandinavia / Escandinavia, Jardin De Alfaz (Urbanizacion), Entre Naranjos -Flores, Oasis (Urbanizacion), Pla Del Devesa (Urbanizacion), Residence Park (Urbanizacion), Foya Blanca / Foia Blanca (Urbanizacion)",38.709878571428575,-0.07386428571428572
03581,"Albir, L' (Nucleo), Guixa, La (Partida), Sant Pere (Partida), Alfas Del Pi, L'-Playa / Alfas Del Pi-Playa (Nucleo), Lloma, La (Partida), Estrada, La (Urbanizacion)",38.7311,-0.0691
03590,"Cap Blanc (Altea) (Urbanizacion), Planet, El (Altea), Altea, Olla, L'",38.60765,-0.042075
03600,"Pata, Barranco Gobernador, Campo Alto, Agualejas, La Horteta, Sigmat, El Chorrillo, Boveda, Huerta Nueva, Bateig, Campico, Azafranar, El Monastil, La Siesta, Jaud, Camara, Elda, Molinos, Los (Elda)",38.40332222222222,-0.7834833333333333
03610,"Pedreras, Las (Petrel), Caprala, Pusa / Puça, Troset (Zona), Loma Bada (Urbanizacion), Salinetas De Petrel, Palomaret, Guirney, Rebenton / Rebento, El (Partida), Santa Barbara (Zona), Cati, Genibre / Ginibre (Partida), Llovera / Llobera, La (Partida), Almafra (Zona), El Cid, Aguarrios (Zona), Petrer",38.50512352941176,-0.7692176470588236
03630,Sax,38.5366,-0.8204
03650,Pinoso,38.4016,-1.042
03660,"Serreta (Novelda), Horna Alta, Horna Baja, Casas De Sala, Fuente La Reina, Molinos, Los (Novelda), Campet, Duayme, Salinetas De Novelda, La Ledua, Cucuch, Novelda",38.37546666666667,-0.7901000000000001
03690,"Sant Vicent Del Raspeig, Boqueres",38.3964,-0.5255
03700,"El Palmar, Denia, Marines, Bovetes, Corral De Calafat, Santa Paula, Suertes Del Mar, Santa Lucia, Tossal Gross (Partida), Punta Negra, Quijote, Mirambells, Lloma De Castazar, Pedrera, La (Denia), Galeretes, Saladar, Los Rotes, Belems, Campusos, Balcon (Denia), Florida (Denia), Galeras, Altomira, Troyas, Tosalet (Denia)",38.932048,0.017624
03710,"La Canuta, Calp, Colari (Urbanizacion), Calalga (Urbanizacion), Corralets (Urbanizacion), Ricarlos (Urbanizacion), Maryvilla, Benicolada (Urbanizacion), Pinos, Los (Partida), Oltamar (Urbanizacion), Ifach, Adelfas, Las (Urbanizacion), Marisol - Park (Urbanizacion), Ortembach (Urbanizacion), Cometa, La (Calpe) (Urbanizacion), Carrio (Urbanizacion), Pla De Mar (Partida), Basetes, Les (Urbanizacion), Merced (Urbanizacion)",38.641,0.0387157894736842
03720,"Quisi, Bonaire, Benimarco (Benissa), Fanadix (Benissa) (Partida), Bellita, San Jaime-Benissa, Baladrar (Partida), Patmore (Partida), Benissa, Fustera, Montemar, Berdica, Pinos, Canor, Paratella, Pedramala",38.693712500000004,0.0625375
03724,"Cap Blanc (Moraira/Teulada) (Urbanizacion), Fanadix (Moraira/Teulada) (Partida), Moravit, Sabatera, La (Urbanizacion), Paichi (Urbanizacion), San Jaime (Urbanizacion), Pinar Del Advocat (Partida), Benimeit (Zona), Moraira, Cometa, La (Moraira/Teulada) (Partida), Alcasar",38.690763636363634,0.14058181818181817
03725,"Teulada, Benimarco (Partida), Castellons (Partida)",38.72923333333333,0.10366666666666667
03727,Xalo,38.7406,-0.0113
03730,"Xabia/Javea, Aduanas De Mar",38.7713,-0.0145
03740,"Comes, Senies, Ecles Altos, Gaya, Mirandes, Mirandas, Tossals, Ecles Bajos, Troset, Serillars, Bolerias, Miralbons, La Faja, Cuadros, Gata De Gorgos",38.7744,0.0854
03760,"Ondara, Pamis, Viñals (Partida), Tosals (Partida)",38.820525,0.013975
03779,"Sorts De La Mar (Partida), Alters (Partida), Barranquet (Partida), Sisques (Partida), Miraflor (Nucleo), Playa Santa Ana, Pueblo Naranjo (Urbanizacion), Almetlerals (Partida), Setla (Nucleo), Almadrava (Playa), Molinell (Nucleo), Deveses (Partida), Traveses (Partida), Buscarrons (Urbanizacion), Mirarrosa (Nucleo), Xironets (Partida), Poblets, Els",38.8508,0.0175
03800,Alcoi/Alcoy,38.7054,-0.4743
03801,Alcoi/Alcoy,38.7054,-0.4743
03802,Alcoi/Alcoy,38.7054,-0.4743
03803,Alcoi/Alcoy,38.7054,-0.4743
03804,Alcoi/Alcoy,38.7054,-0.4743
04001,Almeria,36.8381,-2.4597
04002,"Almeria, El Palmer",36.8381,-2.4597
04003,Almeria,36.8381,-2.4597
04004,Almeria,36.8381,-2.4597
04005,Almeria,36.8381,-2.4597
04006,Almeria,36.8381,-2.4597
04007,Almeria,36.8381,-2.4597
04008,Almeria,36.8381,-2.4597
04009,Almeria,36.8381,-2.4597
04100,Nijar,36.9665,-2.2059
04117,"El Barranquete, Los Grillos, Cuevas Del Lino, San Isidro De Nijar, Presillas Bajas, Pueblo Blanco, Los Nietos, Pozo De Los Frailes, Boca De Los Frailes",36.84438888888889,-2.1522222222222225
04120,"Costacabana, Venta Gaspar, La Cañada De San Urbano, Loma Cabrera, El Bobar, El Mami",36.84616666666667,-2.39995
04131,Retamar,36.8445,-2.3073
04140,"Carboneras, La Cañada De Don Rodrigo",36.99805,-1.8953
04230,"Huercal De Almeria, El Carmen, Las Cumbres, Club De Tenis (Urbanizacion), Fuensanta, La (Huercal)",36.88868,-2.4403
04410,"El Chuche, Benahadux",36.920100000000005,-2.4558
04600,"San Francisco, Huercal-Overa, Los Carmonas",37.40343333333333,-1.9857666666666667
04610,"La Algarrobina, Calguerin, El Rulador, El Realengo, Cuatro Higueras (Cuevas Del Almanzora), Cirera, Cuevas Del Almanzora, Las Rozas, Era Alta, Fuente Jaula, El Arteal, El Molino Del Tarahal",37.287124999999996,-1.8719833333333333
04620,Vera,37.2475,-1.8684
04628,"El Real, Antas, Los Llanos Del Mayor, La Fuente Abad",37.238974999999996,-1.9164249999999998
04630,Garrucha,37.1805,-1.8232
04638,"La Alcantarilla, Las Cuartillas, Alparatas, Parata, La (Mojacar), Mojacar, El Agua Del Medio",37.105583333333335,-1.857
04639,"La Fuente Del Royo, El Cortijo Grande, Turre",37.152233333333335,-1.8949333333333334
04700,"Santo Domingo, El Ejido",36.79915,-2.8335999999999997
04711,Almerimar,36.7015,-2.7895
04713,Balanegra,36.7488,-2.9099
04717,San Agustin,36.7185,-2.8393
04720,"El Campillo Del Moro, El Parador De Las Hortichuelas, Aguadulce",36.8127,-2.5799
04721,"Parador, El (Vicar)",36.8315,-2.6427
04738,"Llanos De Vicar, La Gangosa, Las Cabañuelas, El Congo, La Lomilla, Vicar, Cañada Sebastiana, Barrio De Archilla, Puebla De Vicar, Cortijos De Marin (Vicar)",36.81305999999999,-2.64072
04740,"Roquetas De Mar, Marinas, Las (Roquetas De Mar), Roquetas De Mar (Urbanizacion)",36.7642,-2.6147
04741,Cortijos De Marin,36.9402,-2.5556
04760,"El Cid, Castala, Berja",36.8723,-2.9482
04770,"Gurrias, El Patio, Los Moras, El Corral, La Loma De Los Vargas, Perez, Los (Adra), Adra, La Curva, Canal, El (Adra), Parra, La (Adra)",36.75064,-3.016
04800,"Albox, Los Finos",37.38845,-2.1468
04820,"Motailon, El Rio De Mula, Ginte, Los Asensio, Gazquez, Los (Velez Rubio), Velez-Rubio",37.6484,-2.0769
04860,"Noria, La (Olula Del Rio), Olula Del Rio, Huitar Mayor, Huitar Menor",37.35,-2.3
04867,"Macael, Marchal, El (Macael), El Arroyo Franco Y Estella, El Reul Alto",37.30235,-2.32515
05001,Avila,40.6572,-4.6995
05003,Avila,40.6572,-4.6995
05005,Avila,40.6572,-4.6995
05200,Arevalo,41.0626,-4.7204
05230,Las Navas Del Marques,40.6024,-4.3345
05260,Cebreros,40.457,-4.4644
05400,"La Parra, Arenas De San Pedro",40.217150000000004,-5.0723
05480,Candeleda,40.1547,-5.2419
05600,El Barco De Avila,40.3571,-5.5237
06001,Badajoz,38.8802,-6.9724
06002,Badajoz,38.8785,-6.9681
06003,Badajoz,38.8723,-6.9675
06004,Badajoz,38.8715,-6.9739
06005,Badajoz,38.8742,-6.9783
06006,Badajoz,38.8779,-6.9706
06008,Badajoz,38.8798,-6.9569
06009,"Badajoz, La Pilara",38.877250000000004,-6.94345
06010,Badajoz,38.867,-6.9662
06011,Badajoz,38.8639,-6.9881
06100,Olivenza,38.6844,-7.0992
06171,Almendral,38.6133,-6.8215
06200,Almendralejo,38.681,-6.4064
06207,Aceuchal,38.6466,-6.4875
06220,Villafranca De Los Barros,38.5614,-6.3381
06225,Ribera Del Fresno,38.5518,-6.2377
06230,Los Santos De Maimona,38.45,-6.3833
06240,Fuente De Cantos,38.25,-6.3
06290,Usagre,38.3558,-6.1652
06300,Zafra,38.4229,-6.4166
06360,Fuente Del Maestre,38.5266,-6.4478
06400,Don Benito,38.9564,-5.8612
06420,Castuera,38.7238,-5.5453
06460,Campanario,38.8632,-5.6176
06480,Montijo,38.9097,-6.6174
06490,Puebla De La Calzada,38.8944,-6.6259
06600,Cabeza Del Buey,38.7223,-5.2195
06670,Herrera Del Duque,39.1684,-5.0505
06700,Villanueva De La Serena,38.9766,-5.7974
06800,Merida,38.9161,-6.3437
06900,Llerena,38.2374,-6.0163
07001,Palma De Mallorca,39.5694,2.6502
07002,Palma De Mallorca,39.5694,2.6502
07003,Palma De Mallorca,39.5694,2.6502
07004,Palma De Mallorca,39.5694,2.6502
07005,Palma De Mallorca,39.5694,2.6502
07006,Palma De Mallorca,39.5694,2.6502
07007,Palma De Mallorca,39.5694,2.6502
07008,Palma De Mallorca,39.5694,2.6502
07009,Palma De Mallorca,39.5694,2.6502
07010,Palma De Mallorca,39.5694,2.6502
07011,"Palma De Mallorca, Son Roca-Son Ximelis (Barri)",39.5694,2.6502
07012,Palma De Mallorca,39.5694,2.6502
07013,Palma De Mallorca,39.5694,2.6502
07014,Palma De Mallorca,39.5694,2.6502
07015,Palma De Mallorca,39.5694,2.6502
07100,"S'Horta (Soller), Soller",39.7662,2.7152
07141,"Es Pont D'Inca/El Pont D'Inca, Es Pla De Na Tesa/El Pla De Na Tesa, Cabaneta (Sa), Marratxinet (Marratxi), Portol, Marratxi",39.62681666666666,2.757
07150,Andratx,39.5749,2.4201
07157,Port D'Andratx,39.5443,2.3894
07180,"El Toro, Santa Ponça, Galatzo (Santa Ponça) (Urbanitzacio)",39.49986666666667,2.4772333333333334
07190,"Esporles, Port Des Canonge/Port Del Canonge, S'Esglaieta",39.668733333333336,2.5787999999999998
07300,Inca,39.7204,2.9094
07400,"Alcudia, Mal Pas - Bon Aire, Marina-Manresa, Port D'Alcudia, Platja De Alcudia (Urbanitzacio), Son Fe",39.87283333333333,3.3595
07420,Pobla (Sa),39.7692,3.0239
07440,Muro,39.7353,3.0553
07450,Santa Margalida,39.7019,3.1041
07500,Manacor,39.5688,3.2085
07590,"Cala Lliteres, Pedruscada, Cala Gat, Cala Ratjada, Es Carregador",39.7109,3.46318
07600,"Ses Cadenas, Cadenes (Ses), Es Pitlari, Palma De Mallorca, Arenal (S')",39.5347,2.7001
07610,"Can Pastilla, Las Maravillas, Palma De Mallorca",39.544066666666666,2.7015
07620,Llucmajor,39.4904,2.8913
07660,Cala D'Or,39.3781,3.2348
07670,"Portocolom, Cala Marsal",39.422650000000004,3.26215
07680,"Portocristo/Port De Manacor, Cala Anguila - Cala Mendia",39.4576,3.2772
07701,Mao,39.8885,4.2658
07702,Mao,39.8885,4.2658
07703,Mao,39.8885,4.2658
07710,Sant Lluis,39.8526,4.2594
07720,"Es Castell, Cala San Esteban, Trebeluger, Son Vilar (Es Castell De Menorca)",39.8684,4.2877
07730,"San Jaime Mediterraneo (Urbanitzacio), Calas Covas, Sa Roca, Argentina, La (Urbanitzacio), Torre Soli Nou (Urbanitzacio), Son Bou (Platja), Alaior, Cala'N Porter",39.91525,3.9492125
07740,"Son Parc (Urbanitzacio), Mercadal, Es, S'Arenal D'En Castell (Menorca) (Urbanitzacio), Port D'Addaia, Covas Novas (Mercadal), Na Macaret (Urbanitzacio)",39.97085,4.020933333333333
07760,Ciutadella De Menorca,40.0011,3.8414
07800,"Eivissa, Eivissa-San Juan (Carretera), Hasta Km.1,900",38.9088,1.43065
07830,"Sant Josep De Sa Talaia (Cala Vedella), Sant Josep De Sa Talaia (Nucleo)",38.9419,1.2907
07840,"Santa Eularia Des Riu, Sa Caleta (Santa Eularia), Santa Eularia Del Riu (Buenavista) (Urbanitzacio)",38.9846,1.5340999999999998
08001,Barcelona,41.3799,2.1687
08003,Barcelona,41.3831,2.1848
08004,Barcelona,41.3722,2.1593
08005,Barcelona,41.3984,2.2005
08006,Barcelona,41.4008,2.1481
08007,Barcelona,41.3898,2.1643
08008,Barcelona,41.3937,2.1586
08009,Barcelona,41.3953,2.1698
08010,Barcelona,41.3913,2.1749
08011,Barcelona,41.3846,2.1595
08012,Barcelona,41.4023,2.157
08013,Barcelona,41.4007,2.1792
08014,Barcelona,41.376,2.1382
08015,Barcelona,41.379,2.1552
08016,Barcelona,41.4373,2.1795
08017,Barcelona,41.4093,2.1129
08018,Barcelona,41.4039,2.192
08019,Barcelona,41.4158,2.2185
08020,Barcelona,41.4245,2.2091
08021,Barcelona,41.397,2.1423
08022,Barcelona,41.407,2.1346
08023,Barcelona,41.4129,2.1454
08024,Barcelona,41.4112,2.1588
08025,Barcelona,41.4079,2.1705
08026,Barcelona,41.4118,2.1838
08027,Barcelona,41.4225,2.1856
08028,Barcelona,41.378,2.1278
08029,Barcelona,41.3868,2.1424
08030,Barcelona,41.4327,2.2058
08031,Barcelona,41.4324,2.1655
08032,Barcelona,41.4248,2.1599
08033,Barcelona,41.4551,2.1827
08034,Barcelona,41.3859,2.1066
08035,Barcelona,41.4262,2.1413
08036,Barcelona,41.3906,2.1521
08037,Barcelona,41.3998,2.1651
08038,Barcelona,41.359,2.1451
08041,Barcelona,41.4185,2.1763
08042,Barcelona,41.4434,2.1727
08100,Mollet Del Valles,41.5403,2.2131
08105,"Conreria, La (Sant Fost Campcentelles), Sant Fost De Campsentelles",41.5167,2.2333
08110,"La Vallençana, Montcada I Reixac",41.47995,2.1980500000000003
08120,La Llagosta,41.5172,2.198
08130,"Mogoda, La Florida, Santa Perpetua De Mogoda, Santiga (Santa Perpetua De Mogoda)",41.527425,2.18945
08140,"Caldes De Montbui, Can Valls-To (Urbanitzacio)",41.62695,2.17815
08150,"Parets Del Valles, Eixample, L'",41.5748,2.2331
08160,Montmelo,41.55,2.2419
08170,Montornes Del Valles,41.5333,2.2667
08172,Sant Cugat Del Valles,41.4667,2.0833
08174,Sant Cugat Del Valles,41.4667,2.0833
08181,Sentmenat,41.6098,2.1368
08184,Palau-Solita I Plegamans,41.6802,2.1723
08185,Lliça De Vall,41.5905,2.2412
08186,Lliça D'Amunt,41.6167,2.2333
08187,"Santa Eulalia De Ronçana, Rieral, El (Stª Eulalia De Ronçana)",41.65,2.2333
08190,Sant Cugat Del Valles,41.4667,2.0833
08191,Rubi,41.4923,2.033
08192,Sant Quirze Del Valles,41.5333,2.0833
08195,"Sant Cugat Del Valles, Mira-Sol (Ver Callejero Sant Cugat)",41.4667,2.0833
08197,"Valldoreix (Ver Callejero Sant Cugat), Sant Cugat Del Valles",41.4667,2.0833
08201,Sabadell,41.5458,2.1053
08202,Sabadell,41.548,2.1127
08203,Sabadell,41.5374,2.1147
08204,Sabadell,41.5274,2.1163
08206,Sabadell,41.5525,2.0898
08207,Sabadell,41.5686,2.0897
08208,Sabadell,41.5579,2.1037
08210,Barbera Del Valles,41.5159,2.1246
08211,"Castellar Del Valles, Can Carner (Residencial), Pla De La Bruguera, Sant Feliu Del Raco",41.6167,2.075
08213,Polinya,41.55,2.15
08214,Badia Del Valles,41.5965,2.0982
08221,Terrassa,41.5635,2.0127
08222,Terrassa,41.5636,2.0268
08223,Terrassa,41.5543,2.0201
08224,Terrassa,41.5601,2.0005
08225,Terrassa,41.5745,2.0079
08226,Terrassa,41.5744,2.0243
08227,"Terrassa, Torrebonica",41.5684,2.0271
08228,"Fonts, Les (Terrassa), Terrassa",41.55195,2.0295
08230,"Matadepera, Sant Llorenç (Matadepera), Pedritxes, Les",41.599,2.0265666666666666
08232,Viladecavalls,41.5558,1.9539
08233,Vacarisses,41.6043,1.92
08240,"Viladordis, Manresa",41.725,1.8448
08241,Manresa,41.7247,1.8282
08242,Manresa,41.7324,1.8229
08243,Manresa,41.7322,1.8369
08250,"Sant Joan De Vilatorrada, Sant Marti De Torroella",41.7455,1.8048
08251,"Castellnou De Bages, Santpedor",41.78355,1.8425500000000001
08260,"Argensola (Castellnou De Bages), Suria",41.8333,1.75
08261,"La Coromina, Cardona",41.91175,1.6857
08271,Artes,41.798,1.9543
08272,"Sant Fruitos De Bages, El Pont De Cabrianes",41.75,1.8667
08290,Cerdanyola Del Valles,41.4911,2.1408
08291,Ripollet,41.4975,2.1576
08292,"Serra Alta (Hostalets De Pierola), Can Fosalba (Hostalets De Pierola), Esparreguera",41.535066666666665,1.8004666666666667
08300,Mataro,41.5421,2.4445
08301,Mataro,41.5421,2.4445
08302,Mataro,41.5421,2.4445
08303,Mataro,41.5421,2.4445
08304,Mataro,41.5421,2.4445
08310,Argentona,41.553,2.4
08320,El Masnou,41.4874,2.326
08330,Premia De Mar,41.4921,2.3652
08338,Premia De Dalt,41.5,2.35
08339,Vilassar De Dalt,41.5167,2.3667
08340,Vilassar De Mar,41.5096,2.3936
08348,Cabrils,41.5206,2.3875
08350,Arenys De Mar,41.5819,2.5494
08358,Arenys De Munt,41.6142,2.5397
08360,Canet De Mar,41.5905,2.5812
08370,Calella,41.6168,2.6691
08380,Malgrat De Mar,41.6466,2.7413
08389,"Palafolls, Sant Genis De Palafolls",41.654849999999996,2.7321
08391,Tiana,41.4796,2.2675
08393,Caldes D'Estrac,41.5667,2.5333
08394,Sant Vicenç De Montalt,41.5785,2.5088
08395,Sant Pol De Mar,41.6018,2.6174
08397,Pineda De Mar,41.6276,2.6889
08400,Granollers,41.608,2.2877
08401,Granollers,41.6068,2.2866
08402,Granollers,41.6219,2.295
08403,Granollers,41.6143,2.2808
08410,"Vilanova Del Valles, Valldoriolf (Vilanova Del Valles)",41.5534,2.2858
08420,"Canovelles, Can Diviu, Barriada Nova, Can Duran",41.6197,2.27785
08430,"Valldoriolf (La Roca Del Valles), Santa Agnes De Malanyanes (La Roca), La Roca Del Valles",41.5833,2.3333
08440,Cardedeu,41.6394,2.3741
08450,"Llinars Del Valles, Sanata (Llinars Del Valles), Collsabadell",41.6333,2.4
08459,Sant Antoni De Vilamajor,41.6667,2.4
08470,Sant Celoni,41.6859,2.4814
08480,"El Pinar I El Portus, Ametlla Del Valles, L'",41.6641,2.345
08490,Tordera,41.6975,2.7179
08500,Vic,41.939,2.2454
08504,"Sant Julia De Vilatorta, Font De'N Titus (Calldetenes), Sant Sadurni D'Osormort",41.91573333333333,2.3305333333333333
08512,Sant Hipolit De Voltrega,42.0141,2.2402
08519,"Tavernoles, Vilanova De Sau, Folgueroles",41.94756666666667,2.342333333333333
08520,"Llerona (Franqueses Del Valles, Les), Marata (Franqueses Del Valles, Les), Corro D'Avall (Franqueses Del Valles, Les), Corro D'Amunt (Franqueses Del Valles, Les)",41.6473,2.2979
08530,La Garriga,41.6829,2.2861
08540,Centelles,41.7971,2.2217
08551,Tona,41.8504,2.2283
08553,Seva,41.8368,2.2817
08560,Manlleu,42.0033,2.2846
08570,Torello,42.0463,2.2668
08591,Aiguafreda,41.78,2.2458
08600,"Berga, El Poligon De La Valldan",42.1027,1.84595
08610,"Avia, Cal Rosal (Avia)",42.0667,1.85
08620,Sant Vicenç Dels Horts,41.3932,2.0069
08629,Torrelles De Llobregat,41.35,1.9833
08630,"Abrera, Santa Maria De Vilalba",41.518100000000004,1.90125
08640,Olesa De Montserrat,41.5437,1.8941
08670,Navas,41.9,1.8776
08692,Puig-Reig,41.9667,1.8833
08700,Igualada,41.5833,1.6191
08710,"Santa Margarida De Montbui A-Antiguo, Santa Margarida De Montbui",41.55,1.6167
08720,"El Moli D'En Rovira, Salines, Les, Perepau, Vilafranca Del Penedes",41.35,1.7
08740,Sant Andreu De La Barca,41.4466,1.9719
08750,"Vallpineda, Santa Creu D'Olorda, Sant Bartomeu De La Quadra, Molins De Rei",41.4231,2.032575
08758,"Inter-Club (Vallirana), Cervello, Costa De La Perdiu (Cervello), Can Roig (Cervello), Puigmontmany (Cervello)",41.3959,1.9591999999999998
08759,Vallirana,41.3894,1.9339
08760,Martorell,41.4771,1.9221
08770,"Espiells, Can Catassus, Can Benet De La Prua, Sant Sadurni D'Anoia, Monistrol D'Anoia",41.43468,1.79298
08780,Palleja,41.4239,1.995
08783,Masquefa,41.5012,1.8142
08784,"Sant Jaume Sesoliveres, La Fortesa, Piera, El Badorc",41.492425,1.754175
08786,Capellades,41.5348,1.6826
08788,Vilanova Del Cami,41.5716,1.6375
08790,"Gelida, Sant Salvador",41.4482,1.8652
08800,Vilanova I La Geltru,41.2239,1.7251
08810,"Sant Pere De Ribes, Puigmolto",41.2583,1.7677999999999998
08812,"Vilanoveta, El Mas D'En Serra, Roquetes, Les (Sant Pere De Ribes)",41.2564,1.7626333333333333
08820,"El Prat De Llobregat, El Aeroport Del Prat",41.3278,2.0947
08830,Sant Boi De Llobregat,41.3436,2.0366
08840,Viladecans,41.3173,2.0124
08850,Gava,41.3061,2.0012
08860,"Castelldefels, Garraf Ii (Sitges) (Urbanitzacio), Rat Penat (Sitges) (Urbanitzacio), Botigues De Sitges, Les (Sitges)",41.242325,1.843425
08870,Sitges,41.2446,1.7962
08901,"Hospitalet De Llobregat, L'",41.4301,2.1925
08902,"Hospitalet De Llobregat, L'",41.4301,2.1925
08903,"Hospitalet De Llobregat, L'",41.4301,2.1925
08904,"Hospitalet De Llobregat, L'",41.4301,2.1925
08905,"Hospitalet De Llobregat, L'",41.4301,2.1925
08906,"Hospitalet De Llobregat, L'",41.4301,2.1925
08908,"Hospitalet De Llobregat, L'",41.4301,2.1925
08910,Badalona,41.45,2.2474
08911,Badalona,41.4519,2.2517
08912,Badalona,41.4451,2.2412
08913,Badalona,41.4344,2.2156
08914,Badalona,41.4458,2.2197
08915,Badalona,41.4611,2.2461
08917,Badalona,41.4518,2.2302
08921,Santa Coloma De Gramenet,41.4515,2.2081
08922,Santa Coloma De Gramenet,41.4515,2.2081
08924,Santa Coloma De Gramenet,41.4515,2.2081
08930,Sant Adria De Besos,41.4307,2.2186
08940,Cornella De Llobregat,41.35,2.0833
08950,Esplugues De Llobregat,41.3773,2.0881
08970,Sant Joan Despi,41.3667,2.0667
08980,Sant Feliu De Llobregat,41.3833,2.05
09001,Burgos,42.3378,-3.7188
09002,Burgos,42.337,-3.6929
09003,Burgos,42.3429,-3.7082
09004,Burgos,42.3436,-3.6933
09005,Burgos,42.348,-3.6971
09006,Burgos,42.3558,-3.6834
09007,Burgos,42.3537,-3.6637
09197,"Villanueva De Rio Ubierna, Quintanadueñas, Villarmero, Sotragero",42.405950000000004,-3.7228
09200,"Azucarera Leopoldo, Miranda De Ebro",42.6916,-2.9371
09240,Briviesca,42.5516,-3.3234
09300,Roa,41.6966,-3.9291
09400,Aranda De Duero,41.6704,-3.6892
09500,Medina De Pomar,42.9294,-3.488
09550,Villarcayo,42.9374,-3.573
09560,Espinosa De Los Monteros,43.0775,-3.5536
09600,Salas De Los Infantes,42.0224,-3.2863
10001,Caceres,39.4765,-6.3722
10002,Caceres,39.4765,-6.3722
10005,Caceres,39.4765,-6.3722
10100,Miajadas,39.1497,-5.9097
10200,Trujillo,39.4592,-5.8802
10300,Navalmoral De La Mata,39.8916,-5.5406
10400,Jaraiz De La Vera,40.06,-5.7543
10500,Valencia De Alcantara,39.4115,-7.2443
10529,Majadas,39.9426,-5.7466
10600,Plasencia,40.0337,-6.0876
10630,"Pinofranqueado, Pedro Muñoz",40.2965,-6.33315
10700,Hervas,40.2708,-5.8672
10840,Moraleja,40.0669,-6.659
10910,Malpartida De Caceres,39.4466,-6.5076
10950,Brozas,39.6119,-6.7776
11004,Cadiz,36.5298,-6.2947
11007,Cadiz,36.5298,-6.2947
11008,Cadiz,36.5298,-6.2947
11010,Cadiz,36.5298,-6.2947
11011,Cadiz,36.5298,-6.2947
11012,Cadiz,36.5298,-6.2947
11100,"San Fernando, Poligono Tres Caminos (San Fernando)",36.469800000000006,-6.199450000000001
11130,"Campano, Chiclana De La Frontera, Pago Del Humo",36.37833333333333,-6.1179
11140,Conil De La Frontera,36.2772,-6.0885
11149,"Fuente Del Gallo, Barrio Nuevo, El Colorado, La Fontanilla, Roche",36.301939999999995,-6.12958
11160,"Barbate, Sierra De Retin",36.19195,-5.9209499999999995
11170,"Los Hardales, Los Alburejos, Huelvacar, Las Algamitas, Charco Dulce, Medina Sidonia, La Canaleja",36.4569,-5.9272
11180,"El Picacho, Alcala De Los Gazules",36.3409,-6.0451
11201,Algeciras,36.1301,-5.4485
11202,Algeciras,36.1371,-5.4516
11203,Algeciras,36.1308,-5.4582
11204,Algeciras,36.1448,-5.4612
11205,Algeciras,36.1577,-5.4515
11207,Algeciras,36.1091,-5.4465
11300,La Linea De La Concepcion,36.1681,-5.3478
11360,San Roque,36.2112,-5.3865
11370,"Los Barrios, Benharas",36.18495,-5.49155
11380,"La Costa, Tarifa, Los Zorrillos, La Peña, Casas De Porro, Valdevaqueros, Paloma Baja, Pedro Valiente, Puertollano, Cañada De La Jara",36.08061,-5.63191
11401,Jerez De La Frontera,36.6865,-6.1361
11402,Jerez De La Frontera,36.6865,-6.1361
11403,Jerez De La Frontera,36.6865,-6.1361
11404,Jerez De La Frontera,36.6865,-6.1361
11405,Jerez De La Frontera,36.6865,-6.1361
11406,Jerez De La Frontera,36.6865,-6.1361
11407,Jerez De La Frontera,36.6865,-6.1361
11408,"Sierra San Cristobal (Jerez De La Frontera), Sierra San Cristobal (Puerto De Santa Maria), Jerez De La Frontera, El Portal",36.650675,-6.1594999999999995
11500,"Doña Blanca-Poblado, Valdelagrana, El Puerto De Santa Maria, Berben, Poligono Industrial El Palmar, Poligono Industrial Salinas De San Jose",36.59493333333333,-6.219733333333333
11510,"Las Canteras, Puerto Real",36.52935,-6.18945
11520,"Rincones, El Bercial, Las Meloneras, Rota, Las Brevas",36.669,-6.36808
11540,"La Jara, Bonanza, Sanlucar De Barrameda",36.776133333333334,-6.361433333333333
11550,Chipiona,36.7338,-6.4322
11560,Trebujena,36.8701,-6.175
11591,"Guadalcacin, Jerez De La Frontera",36.6865,-6.1361
11600,Ubrique,36.6755,-5.4454
11630,"El Concejo, Los Barrancos, Toronjil, La Sierpe, El Yugo, Las Abiertas, Vallejas, Abrajanejo, La Garrapata, Arcos De La Frontera, Fuensanta",36.72711818181818,-5.804036363636364
11640,Bornos,36.8161,-5.7436
11693,Alcala Del Valle,36.9045,-5.1724
12001,Castellon De La Plana/Castello De La Pla,40.2108,0.0272
12002,Castellon De La Plana/Castello De La Pla,40.2108,0.0272
12003,Castellon De La Plana/Castello De La Pla,40.2108,0.0272
12004,Castellon De La Plana/Castello De La Pla,40.2108,0.0272
12005,Castellon De La Plana/Castello De La Pla,40.2108,0.0272
12006,Castellon De La Plana/Castello De La Pla,40.2108,0.0272
12100,"Castellon De La Plana/Castello De La Pla, El Grau De Castello/Grao",40.0439,-0.014300000000000002
12110,"Alcora, L'",40.0667,-0.2
12192,Vilafames,40.1167,-0.05
12194,"Montalba, Vall D'Alba",40.1642,-0.024800000000000003
12200,Onda,39.9644,-0.2626
12300,Morella,40.6189,-0.1
12400,Segorbe,39.8508,-0.4881
12500,Vinaros,40.4703,0.4756
12520,Nules,39.8531,-0.1575
12530,"Alquerias De Santa Barbara, Alquerias Santa Barbara, Burriana",39.889,-0.085
12540,Vila-Real/Villarreal,39.9333,-0.1
12550,Almazora/Almassora,39.95,-0.05
12580,Benicarlo,40.4165,0.4271
12590,Almenara,39.7536,-0.224
12594,Oropesa/Oropesa Del Mar,40.1,0.15
12596,"Torrenostra, Torreblanca",40.20745,0.21
12600,La Vall D'Uixo,39.8333,-0.2667
13001,Ciudad Real,38.9836,-3.9288
13002,Ciudad Real,38.984,-3.9369
13003,Ciudad Real,38.9906,-3.9272
13004,Ciudad Real,38.9824,-3.9223
13005,Ciudad Real,38.9828,-3.9292
13100,Piedrabuena,39.0349,-4.1755
13170,Miguelturra,38.9646,-3.8899
13200,"Manzanares, Herrera De La Mancha",38.99925,-3.3709
13230,Membrilla,38.9723,-3.3437
13240,La Solana,38.9428,-3.2366
13250,Daimiel,39.0701,-3.6123
13260,Bolaños De Calatrava,38.9069,-3.6635
13270,Almagro,38.8892,-3.7119
13300,Valdepeñas,38.7613,-3.3848
13320,Villanueva De Los Infantes,38.7367,-3.0122
13350,Moral De Calatrava,38.8299,-3.5781
13420,Malagon,39.1667,-3.8542
13500,Puertollano,38.688,-4.107
13600,Alcazar De San Juan,39.3901,-3.2083
13610,Campo De Criptana,39.4046,-3.1249
13620,Pedro Muñoz,39.4015,-2.9468
13630,Socuellamos,39.2858,-2.7921
13640,Herencia,39.3674,-3.3548
13670,Villarrubia De Los Ojos,39.2208,-3.608
13700,Tomelloso,39.1574,-3.0191
13710,Argamasilla De Alba,39.1292,-3.0925
13730,Santa Cruz De Mudela,38.6424,-3.4665
13770,Viso Del Marques,38.5221,-3.5635
14001,Cordoba,37.8916,-4.7727
14002,Cordoba,37.8916,-4.7727
14003,Cordoba,37.8916,-4.7727
14004,Cordoba,37.8916,-4.7727
14005,"Veredon De Los Pinos (Cordoba), Terrenos Del Castillo (Cordoba), Cordoba, Abejorreras (Cordoba), Golondrina, La (Cordoba), Alcaide, El (Cordoba) (Nucleo), Aguilarejo Alto Y Bajo (Cordoba) (Nucleo), Alameda Del Obispo (Cordoba), Gorgoja, La (Cordoba), Llanos Del Castillo (Cordoba), Pitas, Las (Cordoba), Santa Clara (Cordoba), Moroqui (Cordoba), Fontanar De Quintos (Cordoba)",37.8916,-4.7727
14006,Cordoba,37.8916,-4.7727
14007,Cordoba,37.8916,-4.7727
14008,Cordoba,37.8916,-4.7727
14009,Cordoba,37.8916,-4.7727
14010,"Cordoba, Huerta De La Cruz (Cordoba), Arenal, El (Cordoba), Camino Lope Garcia (Cordoba), Camino Carbonell (Cordoba)",37.8916,-4.7727
14011,"Hornillo, El (Cordoba), Castillo De La Albaida (Cordoba), Gitana, La (Cordoba), Cordoba, Casilla Del Aire (Santa Maria De Trassierra)",37.91242,-4.828
14013,Cordoba,37.8916,-4.7727
14014,"Universidad Laboral (Cordoba), Quemadillas, Las (Cordoba)--Denominacion Popular;No Oficial--, Cordoba, Pedroches (Cordoba) (Nucleo), Las Corralijas, Peñatejada (Cordoba) (Urbanizacion), Campiñuela Baja (Cordoba), Torreblanca (Cordoba), Doña Manuela (Cordoba)",37.89641111111111,-4.771777777777778
14100,"La Paz, Algarbes, El Rinconcillo, El Garabato, Monte Alto, La Carlota",37.65705,-4.93065
14120,Fuente Palmera,37.7051,-5.0999
14280,"Cachiporro, Santa Clara (Belalcazar), Madroñiz, Dehesa De Las Alcantarillas, Chaparral, Belalcazar",38.5757,-5.1665
14350,"Cerro Muriano (Nucleo), Cordoba",37.8916,-4.7727
14400,Pozoblanco,38.3781,-4.849
14440,Villanueva De Cordoba,38.3228,-4.6287
14500,"Puente Genil, Cordobilla, El Rabanal, Majada Vieja",37.374225,-4.7482
14520,Fernan-Nuñez,37.6704,-4.7264
14540,La Rambla,37.6079,-4.7378
14546,Santaella,37.5626,-4.8444
14548,Montalban De Cordoba,37.58,-4.7494
14550,"La Salud, Sierra O Buenavista (Montilla), Cortijo Blanco, Cerro Del Humo, San Francisco, La Zarza, Llano Del Mesto, Carchena, Vereda De Cerro Macho, Riofrio, Jarata, Montilla",37.55484166666667,-4.635775
14600,"Madroñal, Huertos Familiares San Fernando, Estacion, La (Montoro), Casillas De Velasco, Torrecilla, Santa Brigida, Nava, Charco Del Novillo, Montoro, Campiña",38.19941,-3.12087
14640,Villa Del Rio,37.9811,-4.29
14650,"Maria Aparicio, Bujalance, Dehesa De Potros, La Cruz, Los Leones",37.89544,-4.38068
14700,"Chalets Baldio, El Pizon, Chalets La Algaba, Casas De Huertas Arriel, Arriel, El Calonge, La Chirritana, Chalets Acebuchal, La Barqueta, Barriada Estacion (Palma Del Rio), Vega De Santa Lucia, Pimentada, La Graja, Carrascal, El (Palma Del Rio), La Jara, Casas De Huertas El Rincon, Pedro Diaz, Veredon El Mohino, Palma Del Rio, Casas De Huertas Pedro Diaz, El Rincon",37.7002,-5.2812
14710,"Majaneque, Real Soriana (Villarrubia) (Vereda), Villarrubia (Villarrubia) (Nucleo), Barquera, La (Villarrubia)",37.84655,-4.896225
14800,"Navasequilla, Priego De Cordoba, Jaula, Las Navas, El Salado, Los Prados",37.4394,-4.195533333333333
14850,"Sierra, La (Baena), Baena, Aladid, Palomarejo, Manosalva",37.61668,-4.32308
14900,"Las Vegas, Molino Navajas-El Zarpazo, Lucena, Arroyuelos (Lucena), Cristo Marroqui, Los Santos, Anjaron, Campo De Aras, Martin Gonzalez",37.40737777777778,-4.4862
14920,Aguilar De La Frontera,37.5148,-4.6572
14940,"Cabra, La Alcantarilla, El Martinete, Estacion, La (Cabra), La Benita, Los Llanos, Cid Toledo, Piedras De Varo, Ermita De La Esperanza, Huertas Bajas De Cabra, Ermita Virgen De La Sierra, La Alcaidia, Los Aranda",37.39257692307692,-4.248884615384616
14960,"Rute, Morales, Los (Rute), Pantano (Rute), Isla Baja, El Vadillo, Fuente De Las Cañas, Isla Alta, Rio Anzur",37.326875,-4.3683749999999995
15001,A Coruña,43.3718,-8.3958
15002,A Coruña,43.3779,-8.4012
15003,A Coruña,43.3697,-8.4031
15004,A Coruña,43.3654,-8.4101
15005,A Coruña,43.3607,-8.4091
15006,A Coruña,43.355,-8.3976
15007,A Coruña,43.3563,-8.4124
15008,"A Coruña, Cabana, A (Coruña, A), San Cristobal Das Viñas, San Vicente De Elviña, Birloque, O, Martinete, O (Viñas), Castro De Elviña (Carretera)",42.514242857142854,-7.892257142857143
15009,"Casanova De Eiris, Monserrat (Avenida), Curramontes, A Coruña",42.862624999999994,-8.10105
15010,"A Coruña, Camiño De Penamoa, San Pedro De Visma (Lugar)",42.70386666666667,-8.0102
15011,A Coruña,43.3701,-8.4233
15100,"Poligono Industrial Bertoa, Carballo",43.21325,-8.6909
15110,"Anllons De Arriba (Anllons - Ponteceso), Langueiron (Ponteceso), Pazos De Arriba (Pazos - Ponteceso), Cores (Ponteceso), Graña (Ponteceso), Cospindo (Ponteceso), Anllons (Ponteceso), Vereda (Santo Eleuterio De Tella-Ponteceso), Nemeño (Ponteceso), Pazos De Abaixo (Pazos - Ponteceso), Corcoesto (Cabana De Bergantiños), Xornes (Ponteceso), Tella (Ponteceso), Niñons (Ponteceso), Gandara (Santa Eleuterio De Tella-Ponteceso), Campara, A (San Martiño De Cores-Ponteceso), Brantuas (Ponteceso), Tallo (Ponteceso), Xornes (Xornes - Ponteceso), Sergude (San Xoan De Xornes-Ponteceso), Pazos (Ponteceso), Bugalleira (Santo Andre De Tallo-Ponteceso), Lestimoño (San Vicenzo De Graña, A-Ponteceso), Carballido (San Vicenzo De Graña,A-Ponteceso), Ponteceso, Couto (Cospindo - Ponteceso), Trabe (Tella - Ponteceso)",43.24974444444444,-8.899981481481483
15142,"Arteixo (Casco Urbano), Pedreira (Arteixo), Rañal (Arteixo), Suevos (Arteixo), Suso (Arteixo), Arteixo (Santiago)",43.224700000000006,-8.6712
15145,"Barreira (Santa Maria De Toras-Laracha), Soandres (San Pedro), Campo (Santa Maria De Toras-Laracha), Leston (San Martiño), Erboedo (Santa Maria), Lendo (San Xian), Golmar (San Bieito), Vilaño (Santiago), Coiro (San Xian), Laracha, A, Cruceiro (San Xian De Lendo-Laracha), Soutullo (Santa Maria), Toras (Santa Maria), Pedreira, A (Caion), Laracha, Botica (Santiago De Vilaño-Laracha), Paiosaco, Estramil, Montemaior (Santa Maria Madalena), Caion (Santa Maria Do Socorro)",43.257099999999994,-8.573065
15147,"Salgueiras (San Mamede De Seavia-Coristanco), Codesido (San Martiño De Oca-Coristanco), Castrobo (Valencia-Coristanco, Mira (San Mamede De Seavia-Coristanco), Cereo (Coristanco), Esfarrapa (Coristanco), Valencia (Coristanco), Xaviña (Coristanco), Erbecedo (Coristanco), Seavia (Coristanco), Oca (Coristanco), Carrizal (Coristanco), San Xusto (Coristanco), Verdes (Coristanco), Castro (Santa Baia-Coristanco), Traba (Coristanco), Riveiro (San Salvador De Erbecedo-Coristanco), Braña (San Salvador De Erbecedo-Coristanco), Cuca (San Xusto-Coristanco), Vilaverde (Santa Maria De Cereo-Coristanco), San Roque (Santa Maria De Traba-Coristanco), Rabadeira (Seavia-Coristanco), Coristanco",43.1872,-8.741395652173912
15160,"Sada, Fontan (Sada), Riobao (Santa Maria De Sada-Sada), Riovao (Sada), Tarabelo (Santa Maria De Sada-Sada), Sadadarriba (Santa Maria De Sada-Sada), Sada (Santa Maria), Pazos (Santa Maria De Sada-Sada), Samoedo",43.34417777777778,-8.264755555555555
15168,"Fortiñon (San Xian De Mondego-Sada), Amexeiral (San Xian De Mondego-Sada), Souto Da Iglesia (San Martiño De Meiras-Sada), Vilar (San Martiño De Meiras-Sada), Piñeiro (San Martiño De Meiras-Sada), Meiras (San Martiño), Mandin, Seijeda (San Xian De Osedo-Sada), Soñeiro (San Xian), Castro, O (Osedo), Castelo (Osedo), Costa (San Xian De Soñeiro-Sada), Mosteiron (San Nicolao), Osedo (San Xian), Mondego (San Xian)",43.33961333333333,-8.28096
15172,"Perillo (Santa Locaia), Pazo Do Rio (Santaia De Lians-Oleiros), Perillo, Pazo Do Rio, O",43.3359,-8.365725000000001
15174,"Castro (Rutis), Portadego, O (Santa Maria De Rutis-Culleredo), Portazgo (Rutis), Corveira, A (Rutis), Rutis-Culleredo, Laxe (Rutis), Vilaboa (Santa Maria De Rutis-Culleredo), Fonteculler, Conduzo, Vigovidin, Rutis (Santa Maria), Silva, A (San Xian De Almeiras-Culleredo), Vigovidin (San Xian De Almeiras-Culleredo), Telva, A (San Xian De Almeiras-Culleredo), Cordeda, Acea Da Ma (Fonteculler)",43.317175,-8.38315
15175,"Cañas (Santa Baia), Coiro (Santo Estevo De Paleo-Carral), Paleo (San Estevo), Vigo (San Vicente), Paraiso (Santo Estevo De Paleo-Carral), Carral, Taramuño (San Vicente De Vigo-Carral)",43.2393,-8.32772857142857
15179,"Espiño (Lians), Ferrala, A (Santaia De Lians-Oleiros), Seixo, O (Lians), Choupana (Santaia De Lians-Oleiros), Franzomel (Lians), Porto De Santa Cruz (Santaia De Lians-Oleiros), Montrove, Coruxo De Arriba, Porto De Santa Cruz, O, Lians (Santaia)",43.33338,-8.35262
15185,"Cima Arriba (Santa Maria De Queixas-Cerceda), Meirama (Santo Andre), Xesteda, Viris (Santa Maria De Queixas-Cerceda), Vilar (San Martiño De Cerceda-Cerceda), Xesteda (Santa Comba), Queixas (Santa Maria), Monte Xalo De Cerceda, Vilar De Queixas, O, Baixa, A (Cerceda), Cerceda (San Martiño), Cerceda, Monte Xalo De Carral",43.198307692307694,-8.436692307692308
15189,"Culleredo, Liñares (Santo Estevo De Culleredo-Culleredo), Toroño (Santo Estevo De Culleredo-Culleredo), Hermida (Culleredo), Culleredo (San Estevo), Tarrio (Santo Estevo De Culleredo-Culleredo)",43.28796666666667,-8.38875
15190,"A Coruña, Feans (Elviña-Coruña, A), Pocomaco (Poligono Industrial)",43.3528,-8.400366666666667
15200,"Noia, Noia (Logrosa)",42.84315,-8.807500000000001
15220,"Bertamirans (Ames), Aldea Nova (Ames), Lapido (San Xoan De Ortoño-Ames), Ortoñiño (San Xoan De Ortoño-Ames), Ortoño (Ames), Tarroeira (San Xoan De Ortoño-Ames)",42.87800000000001,-8.6432
15250,"Muros, Miraflores (Muros), Muros (Muros), Muros (San Pedro), Virxe Do Camiño, A, Campo Das Cortes",42.77610000000001,-9.060033333333333
15256,"San Fins De Eiron (San Fins), Mazaricos, Cuiña (San Fins De San Fins De Eiron-Mazaricos",42.9403,-8.9719
15258,"Espigas-Vilaferreiros (San Mamede De Albores-Mazaricos), Cabanude (Santiago De Arcos-Mazaricos), Vaos, Os (San Tome), Maroñas, As (Santa Mariña), Beba (San Xian), Corzon (San Cristovo), Pazos (San Cosme De Antes-Mazaricos), Picota, A (Mazaricos), Lago (San Xoan De Mazaricos-Mazaricos), Mazaricos (San Xoan), San Cosme De Antes-Mazaricos), Cives (San Salvador De Coluns-Mazaricos), Antes (San Cosme), Coluns ( San Salvador De Coluns-Mazaricos), Arcos (Santiago), Coluns (San Salvador), Albores (San Mamede), Coiro (Santa Maria), Cumbrans (San Cosme De Antes-Mazaricos), Suevos (Santa Maria De Coiro-Mazaricos)",42.8026,-9.0552
15270,"Xallas (Santa Maria De Cee-Cee), Cee (Santa Maria ), Lagarteira (Santa Maria De Cee-Cee), Son (Sant Maria De Cee-Cee), Escabanas (Santa Maria De Cee-Cee), Cee",42.95473333333334,-9.188116666666668
15280,"San Salvador De Bastavales (San Salvador), Soigrexa (Santa Maria Dos Anxeles-Brion), Sabaxans ( San Xulian De Bastavales-Brion), Bastavales (San Xulian), Guitiande (Santa Maria Dos Anxeles-Brion), Anxeles, Os (Santa Maria-Brion), Chave De Ponte (San Xulian De Bastavales-Brion), Alqueidon, Tremo, O (Santa Maria Dos Anxeles-Brion)",42.8245,-8.8491
15287,"Brion De Arriba (San Xoan De Roo-Outes), Roo (San Xoan), Vara (San Cosme De San Cosme De Outeiro-Outes), San Cosme De Outeiro (San Cosme), Tavilo (San Cosme De San Cosme De Outeiro-Outes), Bendimon (San Xoan De Roo-Outes), Brion De Abaixo (San Xoan De Roo-Outes), Rates (San Cosme De San Cosme De Outeiro-Outes), Cruceiro De Roo, O (San Xoan De Roo-Outes), Roo De Abaixo (San Xoan De Roo-Outes), Serantes (San Cosme De San Cosme De Outeiro-Outes)",42.8245,-8.8491
15300,Betanzos,43.2803,-8.2111
15318,"Vilar (San Pedro De Crendes-Abegondo), Vios (San Salvador), Vilacoba (Santo Tome), Presedo (Santa Maria), Cos (San Esteban), Cullergondo (Santa Maria), Meangos (Santiago), Abegondo, Abegondo (Santa Eulalia), Orto (San Martiño), San Marco (Abegondo), Bordelle (Santa Maria De Sarandon-Abegondo), Montouto (Santa Cristina), Crendes (San Pedro), Vizoño (San Pedro), Figueroa (San Miguel), Bordel (Santa Maria De Sarandon-Abegondo), Cerneda (San Salvador), Calle (Santa Maria De Sarandon-Abegondo), Leiro (Santaia), Limiñon (San Salvador), Cabanas (San Xian), Mabegondo (San Tirso), Sarandos (Santa Maria), Vilar (Crendes), Folgoso (Santa Dorotea), Trasiglesia (San Pedro De Crendes-Abegondo), Lamansian (San Tirso De Mabegondo-Abegondo), Penedo (San Tirso De Mabegondo-Abegondo), Monte (San Tirso De Mabegondo-Abegondo)",43.24221333333333,-8.232213333333334
15320,"Pontes De Garcia Rodriguez, As, Pontes, As (Pontes De Garcia Rodriguez), Pontes De Garcia Rodriguez, As (Santa Maria), Pontoibo (Santa Maria De Pontes De Garcia Rodriguez,As)",43.4262,-7.9567
15402,Ferrol,43.4842,-8.2335
15403,Ferrol,43.4866,-8.2261
15404,Ferrol,43.4911,-8.2173
15500,"Sartego (San Salvador De Fene-Fene), Cadavo (San Salvador De Fene-Fene), Perlio, Chamoso (San Salvador De Fene-Fene), Foxas (San Salvador De Fene-Fene), Formosende (San Salvador De Fene-Fene), Torre, A (Perlio), Fene (San Salvador), Ameneiral, O (Perlio), Tellado (San Salvador De Fene-Fene), Fene, Vista Alegre (San Salvador De Fene-Fene), Conces De Baixo, San Valentin ( San Valentin ), San Valentin, Rua Alta, A, Chancas (Santo Estevo De Perlio-Fene), Rua Alta (Santo Estevo De Perlio-Fene), Perlio (Santo Estevo), Foxas (Fene), Centieiras, As, Mundin (Santo Estevo De Perlio-Fene), Casanova (San Salvador De Fene-Fene), Cruceiro, O (Perlio), Torre, A (Santo Estevo De Perlio-Fene), Fraga, A (Santo Estevo De Perlio-Fene)",43.4552,-8.153415384615384
15552,"Valdoviño (Santalla), Valdoviño",43.6057,-8.14035
15570,"Poligono Industrial As Lagoas/Rio Do Pozo, Poligono Industrial A Gandara, Naron",43.51669999999999,-8.1528
15578,"Nelle (Santa Maria De Castro-Naron), Agrande (Santa Maria De Castro-Naron), Pena De Embade (Santa Maria De Castro-Naron), Fraga (San Xiao De Naron-Naron), Naron (San Xiao), Castro (Santa Maria-Naron), Sequeiro (San Xiao De Naron-Naron), Vicas (San Xiao De Naron-Naron)",43.55,-8.1833
15600,"Pontedeume (Santiago), Pontedeume",43.4072,-8.17165
15621,"Cabanas (Santo Andre), Cabanas",43.3963,-8.21295
15630,"Miño, Miño (Santa Maria), Ponte Do Porco (Santa Maria De Miño-Miño), Sombreu",43.35,-8.2
15660,"Cambre, Cambre (Santa Maria), Meixigo, Barcala, A (Cambre)",43.2948,-8.346425
15670,"Acea De Ama (O Burgo), Burgo, O (Santiago), Burgo, O ( O Burgo)",43.3167,-8.3667
15679,"Temple, O (Santa Maria), Temple, O, Graxal, O",43.326433333333334,-8.3367
15680,"Poligono Industrial Ordes, Casillas (Santa Maria De Ordes-Ordes), Casillas, As, Ordes",43.076575000000005,-8.408225000000002
15683,"Tordoia, Vilarchan (San Xian De Cabaleiros-Tordoia), Tordoia (San Xoan), Pontepedra, Cabaleiros (San Xian), Bedrobe (San Xian De Cabaleiros-Tordoia)",43.0833,-8.55
15701,Santiago De Compostela,42.8805,-8.5457
15702,Santiago De Compostela,42.8805,-8.5457
15703,Santiago De Compostela,42.8805,-8.5457
15704,Santiago De Compostela,42.8805,-8.5457
15705,Santiago De Compostela,42.8805,-8.5457
15706,Santiago De Compostela,42.8805,-8.5457
15707,Santiago De Compostela,42.8805,-8.5457
15800,"Melide, Poligono Industrial Madanela, Melide (San Pedro)",42.913900000000005,-8.0147
15810,"Arzua (Santiago), Arzua, Poligono Industrial Arzua",42.9281,-8.1641
15830,"Negreira (Negreira), Negreira",42.9076,-8.73955
15840,"Randufe (San Pedro De Santa Comba-Santa Comba), Santa Comba (Santa Comba)",43.0331,-8.8093
15865,"Tembra (San Miguel De Boullon-Brion), Brion, Pedrouzos (San Fins De Brion-Brion), Boullon (San Miguel), Lamiño (San Fins De Brion-Brion), Brion (San Fins), Liñares (San Fins De Brion-Brion)",42.8586,-8.697214285714285
15883,"Ribeira (San Simon De Ons-Cacheiras-Teo), Poboa (San Simon De Ons-Cacheiras-Teo), Pedra (San Xoan De Recesende-Teo), Ribeira (San Cristovo De Reis-Teo), Cobas (San Simon De Ons-Cacheiras-Teo), Cacheiras (San Simon De Ons), Feros (San Simon De Ons Cacheiras-Teo), Oza (Santa Baia), Espasande (Santa Maria De Luou-Teo, Agoso (Santa Baia De Oza-Teo), Sebe (San Simon De Ons-Cacheiras-Teo), Lampai (Santa Maria), Ribas (Santa Baia De Oza-Teo), Pontevea (San Cristovo De Reis-Teo), Torre (San Simon De Ons-Cacheiras-Teo), Luou (Santa Maria), Ramallosa (Santa Mariña De Luci-Teo), Luci (Santa Mariña), Recesende (San Xoan), Verxeles, Os (Santa Baia De Oza-Teo), Penelas (San Simon De Ons-Cacheiras-Teo), Bustelo (Santa Maria De Luou-Teo), Regoufe (Santa Maria De Luou-Teo), Cacheiras, Reis (San Cristovo), Fornelos (San Miguel De Raris-Teo), Raris (San Miguel), Sisto (San Simon De Ons-Cacheiras-Teo), Pite (Santa Mariña De Luci-Teo), Vilanova (San Xoan) De Recesende-Teo)",42.80750333333333,-8.559903333333333
15888,"Sigüeiro (San Martiño De Oroso-Oroso), Sigüeiro (Oroso)",42.9833,-8.4333
15895,"Biduido (Santa Maria), Milladoiro, O, Raices (Santa Maria De Biduido-Ames), Poligono Industrial Galanas, Biduido De Abaixo (Santa Maria De Biduido-Ames), Biduido De Arriba (Santa Maria De Biduido-Ames), Costoia (Santa Maria De Biduido-Ames), Bentin (Santa Maria De Biduido-Ames), Mimosas, As, Quistilans (San Pedro De Bugallido-Ames), Bugallido (San Pedro-Ames), Buceleiras (San Pedro De Bugallido-Ames), Outeiro (San Pedro De Bugallido-Ames), Guimarans (San Pedro De Bugallido-Ames), Firmistans, Framil (Santa Maria De Biduido-Ames), Eirapedriña, Tarrio (San Pedro De Bugallido-Ames)",42.848111111111116,-8.618666666666666
15900,Padron,42.7388,-8.6606
15920,"Barral (Santa Comba De Rianxo-Rianxo), Rianxo (Santa Comba), Pazo, O (Rianxo), Cortes, As (Rianxo), Rianxiño, Rianxo",42.6509,-8.816266666666667
15930,Boiro,42.65,-8.9
15940,"Poligono Industrial A Tomada, Pobra Do Caramiñal, A, Pobra Do Caramiñal",42.7515,-8.6458
15959,"Saiñas (Palmeira-Ribeira), Lombas (Palmeira-Ribeira), Insuela (Palmeira-Ribeira), Palmeira (Ribeira)",42.5833,-8.95
15960,"Martin (Ribeira), Ribeira (Santa Uxia), Poligono Industrial Xaras (Ribeira), Touro (Ribeira), Ribeira, Santa Uxia De Ribeira",42.5535,-8.9909
15970,Porto Do Son,42.7248,-9.0053
15985,"Fonte Susan (San Salvador De Taragoña-Rianxo), Cartomil (San Salvador De Taragoña-Rianxo), Taragoña (San Salvador), Chorente (San Salvador De Taragoña-Rianxo), Burato, O, Iglesia, A (San Salvador De Taragoña-Rianxo), Fachan (San Salvador De Taragoña-Rianxo), Outeiro (Tagaoña), Ourolo",42.66843333333333,-8.848255555555555
15999,"Miñortos (San Martiño), Silva, A (San Sadurniño De Goians-Porto Do Son), Mariño, O (San Sadurniño De Goians-Porto Do Son), Amoreira, A ( San Martiño De Miñortos-Porto Do Son), Beneso (San Sadurniño De Goians-Porto Do Son), Freixedo (San Sadurniño De Goians-Porto Do Son), Campanario, O (San Sadurniño De Goians-Porto Do Son), Boiro (San Martiño De Miñortos-Porto Do Son), Goians (San Sadurniño), Portosin",42.758,-8.9491
16001,Cuenca,40.0743,-2.1314
16002,Cuenca,40.0751,-2.1426
16003,Cuenca,40.06,-2.1397
16004,Cuenca,40.0612,-2.1299
16220,Quintanar Del Rey,39.3333,-1.9333
16235,Iniesta,39.4443,-1.749
16239,Casasimarro,39.3911,-2.04
16400,Tarancon,40.0085,-3.0073
16500,Huete,40.1441,-2.6908
16600,San Clemente,39.4033,-2.4284
16630,Mota Del Cuervo,39.5019,-2.8699
16660,Las Pedroñeras,39.4496,-2.6739
16770,San Lorenzo De La Parrilla,39.8513,-2.3608
16800,Priego,40.4488,-2.3137
17001,Girona,41.984,2.8198
17002,Girona,41.978,2.8206
17003,Girona,41.963,2.8331
17004,Girona,41.9823,2.8265
17005,Girona,41.9729,2.8111
17006,Girona,41.9756,2.8052
17100,La Bisbal D'Emporda,42.0276,2.8187
17130,"Empuries, Cala Montgo, Cinclaus, Escala, L'",42.125325,3.133125
17160,"Mines Del Sant Pare, Les, Angles",41.9562,2.636
17162,"Montfulla, Vilanna (Pueblo), Bescano",41.96686666666667,2.7502
17170,Amer,42.0097,2.603
17180,"Vilablareix, El Perello",41.95515,2.7838000000000003
17190,Salt,41.9737,2.7902
17200,Palafrugell,41.9238,3.172
17220,"Sant Feliu De Guixols, Sant Amanc",41.784499999999994,3.0241
17230,"Sant Joan De Palamos, Palamos",41.85755,3.1312
17240,"Santa Seclina, Veinat De Gaia, Veinat De Llobatera, Veinat De Penedes, Urbanitzacio Can Carbonell, Veinat De Ganix, Veinat De Creu De Serra, Veinat Pocafarina (Ay Llagoste), Veinat De Sant Llorenc, Veinat De Bruguera, Veinat De Mata, Veinat De Cantallops, Llagostera, La Canyera, Romanya De La Selva",41.83291333333333,2.920486666666667
17244,Cassa De La Selva,41.8878,2.8752
17246,"Solius, Santa Cristina D'Aro, El Vilar, Canyet De Mar",41.815,2.9625
17250,Platja D'Aro,41.8167,3.0667
17251,Calonge,41.8634,3.0752
17257,"Llabia, Torroella De Montgri, Fontanilles, Gualta",42.02525,3.10635
17300,Blanes,41.6767,2.788
17310,"Canyelles (Ayto Lloret Mar), Lloret De Mar",41.6999,2.8456
17400,Breda,41.7498,2.559
17401,Arbucies,41.8167,2.5167
17403,Sant Hilari Sacalm,41.8782,2.5131
17430,Santa Coloma De Farners,41.8667,2.6667
17450,Hostalric,41.744,2.6332
17487,Empuriabrava,42.2507,3.1148
17491,Peralada,42.3087,3.0101
17500,"Ripoll, Colonia Rocafiguera",42.1995,2.1917
17520,"Puigcerda, Ventajola",42.4242,1.9203000000000001
17538,"Das, Soriguerola, Queixans, Estoll, Alp, Masella, Urtx, Escadarcs, Sanavastre, Urus, Fontanals De Cerdanya, Tartera, Mosoll",42.37688461538461,1.885276923076923
17600,Figueres,42.2651,2.9618
17730,Llers,42.2962,2.9114
17800,Olot,42.1812,2.4834
17820,"Pins, Els (Banyoles), Banyoles",42.1167,2.7671
17840,"Sarria De Dalt (Pueblo), Sarria De Ter",42.0973,2.812
17850,"Fares, Juïnya, Besalu, Beuda, La Miana, Sant Ferriol, Lligorda",42.200428571428574,2.696328571428571
17860,"La Colonia Llaudet, La Colonia Jordana, Sant Joan De Les Abadesses",42.2333,2.2852
18001,Granada,37.178,-3.601
18002,Granada,37.1753,-3.6041
18003,Granada,37.1807,-3.6134
18004,Granada,37.1715,-3.6074
18005,Granada,37.17,-3.6003
18006,Granada,37.162,-3.5987
18007,Granada,37.1546,-3.601
18008,Granada,37.1616,-3.5859
18009,Granada,37.1727,-3.5926
18012,Granada,37.1878,-3.603
18013,Granada,37.2004,-3.6099
18014,Granada,37.1933,-3.6156
18015,Granada,37.1912,-3.6255
18016,"Parque Tecnologico De La Salud (Ogijares), Parque Tecnologico De La Salud (La Zubia), Parque Tecnologico De La Salud (Armilla), Granada",37.13415,-3.6118
18100,Armilla,37.1359,-3.6222
18110,"Hijar, Las Gabias, Gabia La Chica, Gabia La Grande",37.136,-3.666925
18120,Alhama De Granada,37.0069,-3.9896
18128,Zafarraya,36.9742,-4.1446
18140,La Zubia,37.1178,-3.5846
18150,Gojar,37.1046,-3.6056
18151,Ogijares,37.1191,-3.6077
18170,Alfacar,37.2374,-3.5669
18183,Huetor De Santillan,37.3048,-3.4289
18190,Cenes De La Vega,37.1601,-3.5355
18193,"Barrio De La Vega, Monachil, Barrio De Monachil",37.13463333333333,-3.548766666666667
18194,Churriana De La Vega,37.145,-3.6462
18195,Cullar Vega,37.1536,-3.6707
18197,"Pulianas, Pulianillas",37.2207,-3.6057499999999996
18198,Huetor Vega,37.1462,-3.5701
18200,Maracena,37.2071,-3.6359
18210,"Peligros, Juncaril (Peligros) (Poligono Industrial)",37.23165,-3.62915
18220,"Juncaril (Albolote) (Poligono Industrial), Albolote",37.2304,-3.65515
18230,Atarfe,37.2238,-3.6877
18240,Pinos Puente,37.2523,-3.7503
18260,"Vallequemado, Ventas Algarra, Illora, Alhondiguilla",37.341,-3.879
18270,"Montefrio, Milanos (Montefrio)",37.3231,-4.009
18300,"Esperanza, La (Loja), Esperanza, La (Huetor Tajar), Loja",37.168533333333336,-4.151133333333333
18320,Santafe,37.1886,-3.7189
18327,Lachar,37.1952,-3.8328
18330,"Pedro Ruiz, Chauchina, Sierra Elvira",37.21543333333333,-3.7495999999999996
18339,"Romilla, Cijuela",37.19995,-3.8023
18360,"Agicampe (Loja), Fabrica, La (Loja), Milanos (Loja), Huetor Tajar",37.1983,-4.0469
18400,Orgiva,36.9026,-3.4238
18480,"Los Montoros, Ugijar, Canteras, Las (Ugijar)",36.94606666666667,-3.0582666666666665
18500,Guadix,37.2986,-3.1368
18600,"Las Ventillas, Tablones, Los (Motril), Motril, Puntalon",36.745475,-3.51035
18620,Alhendin,37.1088,-3.6456
18630,Otura,37.0885,-3.6332
18640,Padul,37.0251,-3.6274
18650,Durcal,36.9879,-3.566
18670,Velez De Benaudalla,36.8324,-3.5154
18680,"Salobreña, La Caleta-Guardia",36.745149999999995,-3.5943500000000004
18690,"Almuñecar, Velilla-Taramay",36.7375,-3.6807499999999997
18700,Albuñol,36.792,-3.203
18740,Castell De Ferro,36.7257,-3.355
18800,Baza,37.4878,-2.7742
18830,Huescar,37.811,-2.5412
18850,Cullar,37.5841,-2.5757
19001,Guadalajara,40.6332,-3.1662
19002,Guadalajara,40.626,-3.1609
19003,Guadalajara,40.629,-3.1707
19004,Guadalajara,40.6587,-3.1833
19005,Guadalajara,40.6404,-3.1558
19110,Mondejar,40.321,-3.1069
19162,"Pioz, Piedras Menaras (Finca), Monte Alcarria",40.462266666666665,-3.1735333333333333
19170,"Coto, El (Urbanizacion), Colinas, Las (Urbanizacion), Monte Calderon (Urbanizacion), El Casar",40.6637,-3.3350999999999997
19171,Cabanillas Del Campo,40.6338,-3.2294
19180,Marchamalo,40.6683,-3.2025
19200,"Acequilla, Barriada De Asfain, Azuqueca De Henares, Miralcampo",40.559,-3.2639
19208,"Alovera, Eusebio Centenera (Urbanizacion)",40.5959,-3.24615
19209,"Quer, Villanueva De La Torre",40.595600000000005,-3.28635
19250,Sigüenza,41.0682,-2.6411
19300,Molina De Aragon,40.8436,-1.8876
20001,Donostia-San Sebastian,43.3128,-1.975
20002,Donostia-San Sebastian,43.3128,-1.975
20004,Donostia-San Sebastian,43.3128,-1.975
20005,Donostia-San Sebastian,43.3128,-1.975
20006,Donostia-San Sebastian,43.3128,-1.975
20007,Donostia-San Sebastian,43.3128,-1.975
20008,"Donostia-San Sebastian, Igeldo",43.3113,-2.0057
20009,Donostia-San Sebastian,43.3128,-1.975
20010,Donostia-San Sebastian,43.3128,-1.975
20011,Donostia-San Sebastian,43.3128,-1.975
20012,Donostia-San Sebastian,43.3128,-1.975
20016,Donostia-San Sebastian,43.3128,-1.975
20017,Donostia-San Sebastian,43.3128,-1.975
20018,"Donostia-San Sebastian, Añorga",43.29900000000001,-1.9879
20100,"Lezo, Landarbaso, Errenteria",43.29723333333334,-1.9018333333333333
20110,"Pasai Donibane, Pasai San Pedro, Pasai Antxo, Pasaia",43.321375,-1.9212
20120,"Eziago, Zikuñaga, Akerregi, Martindegi, Hernani, Jauregi, Osinaga, Santa Barbara",43.2641,-1.96945
20130,Urnieta,43.2473,-1.9917
20140,"Andoain, Sorabilla, Goiburu, Buruntza, Leizotz",43.21508,-2.01756
20150,"Amasa, Elbarrena, Villabona, Aduna",43.191725,-2.0526
20160,"Zubieta (Donostia-San Sebastian), Atsobakar, Oria, Lasarte-Oria, Larrekoetxe, Zubieta (Usurbil), Lasarte",43.27384285714286,-2.016342857142857
20180,"Elizalde, Ergoien, Altzibar, Arragua, Iturriotz, Ugaldetxo, Oiartzun, Gurutze, Karrika",43.296411111111105,-1.8587777777777776
20200,"Altamira, Loinatz, Antzizar, Beasainmendi, Ugartemendi, Beasain",43.05116666666667,-2.2037
20210,"Lazkao, Lazkaomendi, Senpere, Zubierreka",43.033,-2.180625
20230,Legazpi,43.0536,-2.3355
20240,Ordizia,43.0546,-2.1766
20280,"Alde Zaharra, Amute-Kosta, Jaitzubia, Hondarribia, Akartegi, Zimizarga, Puntalea, Mendelu, Gornutz (Montaña), Arkolla, Portua",43.36269090909091,-1.8034999999999999
20300,Irun,43.339,-1.7894
20301,Irun,43.344,-1.8055
20302,Irun,43.3401,-1.7923
20304,"Irun, Bidasoa",43.32405,-1.77335
20305,Irun,43.334,-1.8134
20400,"San Blas, Ibarra, Txarama, San Esteban (Tolosa), Usabal, Auzotxikia, Tolosa, Santa Lutzia, Urkizu, Monteskue",43.13268,-2.0798
20500,"Gesalibar, Bedoña, Meatzerreka, Udala, Garagartza (Arrasate/Mondragon), Arrasate/Mondragon",43.067,-2.5063666666666666
20560,Oñati,43.0314,-2.4119
20590,"Soraluze, Placencia De Las Armas",43.1729,-2.413
20600,"Arrate, Aginaga (Eibar), Maltzaga, Eibar",43.19015,-2.449525
20730,"Loiola, Azpeitia",43.1789,-2.27405
20750,Zumaia,43.2958,-2.2573
20800,"Aitza, Urdaneta, Elkano (Zarautz), Urteta, Zarautz",43.2668,-2.17286
20850,"Mendarozabal, Plaza, Azpilgoeta, Garagartza (Mendaro), Mendaro",43.2521,-2.3880600000000003
20870,"Aiastai (San Migel), Sallobente-Ermuaran, Idotorbe (San Pedro), Elgoibar, Azkue (San Roke)",43.208,-2.414
21001,Huelva,37.2566,-6.9551
21002,Huelva,37.2686,-6.9524
21003,Huelva,37.2548,-6.9436
21004,Huelva,37.2628,-6.9453
21005,Huelva,37.2753,-6.9388
21006,Huelva,37.2614,-6.9362
21007,Huelva,37.2617,-6.9266
21100,Punta Umbria,37.1821,-6.9661
21110,Aljaraque,37.2674,-7.0241
21122,Bellavista,37.2754,-7.0015
21130,Mazagon,37.1142,-6.7644
21200,Aracena,37.8928,-6.563
21230,Cortegana,37.9101,-6.8215
21320,El Cerro De Andevalo,37.7354,-6.9369
21400,Ayamonte,37.2154,-7.4037
21410,Isla Cristina,37.2009,-7.3215
21440,Lepe,37.2557,-7.2025
21450,Cartaya,37.2836,-7.1527
21520,Alosno,37.5486,-7.1154
21593,El Almendro,37.5068,-7.2697
21600,"Valverde Del Camino, Los Pinos",37.54845,-6.772399999999999
21610,San Juan Del Puerto,37.3167,-6.8414
21620,Trigueros,37.3831,-6.8349
21720,Rociana Del Condado,37.2047,-6.5142
21800,Moguer,37.2749,-6.8375
21810,Palos De La Frontera,37.2346,-6.8947
22002,Huesca,42.1383,-0.4082
22003,Huesca,42.1391,-0.4129
22004,Huesca,42.1354,-0.4167
22005,Huesca,42.1317,-0.4068
22200,Sariñena,41.7926,-0.1578
22300,Barbastro,42.0362,0.1262
22400,Monzon,41.9108,0.1941
22520,"Fraga, Litera (Fraga) (Partida)",41.5222,0.3422
22583,"Campamento De Aren, San Martin (Aren), Molinos, Los (Aren), Aren, El Sas, Sobrecastell, Pallerol, Betesa, Sopeira, Puimolar, Soperun, Berganuy, Casa Consistorial, Rivera De Vall, Santorens, El Pont D'Orrit, Masos De Tamurcia, Els, La Torre De Tamurcia, Espluga Freda, Espluga De Serra, Sapeira, El Castellet",42.28963181818182,0.7244954545454546
22600,Sabiñanigo,42.5192,-0.3661
22700,Jaca,42.5714,-0.5485
22808,"Riglos, San Felices (Aguero), Las Peñas De Riglos, Aguero, Murillo De Gallego",42.34884,-0.7665599999999999
23001,Jaen,37.7692,-3.7903
23003,Jaen,37.7692,-3.7903
23004,Jaen,37.7692,-3.7903
23005,Jaen,37.7692,-3.7903
23006,Jaen,37.7692,-3.7903
23007,Jaen,37.7692,-3.7903
23008,Jaen,37.7692,-3.7903
23009,Jaen,37.7692,-3.7903
23100,Mancha Real,37.7857,-3.6103
23140,Noalejo,37.5297,-3.6551
23200,La Carolina,38.2759,-3.6164
23250,Santisteban Del Puerto,38.2483,-3.2076
23280,Beas De Segura,38.2524,-2.8887
23293,"El Ojuelo, Cortijos Nuevos, Rihornos, Catena Alto, Arroyo Frio (Segura De La Sierra), Robledo Cortijos Nuevos, Carrasco",38.26548571428572,-2.7157714285714287
23300,"Arroturas, Villacarrillo",38.0856,-3.06685
23330,Villanueva Del Arzobispo,38.1684,-3.0074
23400,Ubeda,38.0133,-3.3705
23410,Sabiote,38.068,-3.3113
23440,Baeza,37.996,-3.4688
23460,Peal De Becerro,37.9134,-3.1215
23470,"Cazorla, Cañada Del Moro",37.9138,-3.0027
23485,"Pozo Alcon, El Almiceran",37.7026,-2.9337
23500,Jodar,37.8406,-3.3526
23560,Huelma,37.6488,-3.4571
23600,Martos,37.7195,-3.9688
23620,Mengibar,37.9694,-3.8062
23640,Torre Del Campo,37.7705,-3.8973
23650,Torredonjimeno,37.7653,-3.9545
23680,Alcala La Real,37.4614,-3.923
23700,"Linares, Vega Santa Maria (Linares)",38.0951,-3.6345
23710,Bailen,38.0964,-3.7779
23740,Andujar,38.0392,-4.0508
24001,Leon,42.6,-5.5703
24002,Leon,42.6,-5.5703
24003,Leon,42.6,-5.5703
24004,Leon,42.6,-5.5703
24005,Leon,42.6,-5.5703
24006,Leon,42.6,-5.5703
24008,Leon,42.6,-5.5703
24010,Leon,42.6,-5.5703
24100,Villablino,42.9396,-6.3201
24191,"Villabalter, Leon",42.61095,-5.59505
24193,"Villaquilambre, Leon, Navatejera, Villasinta",42.645849999999996,-5.55875
24195,"Santovenia Del Monte, Villamoros De Las Regueras, Villafeliz De La Sobarriba, Golpejar De La Sobarriba, Villaobispo De Las Regueras, Tendal, Carbajosa, Villavente",42.6213875,-5.50775
24200,Valencia De Don Juan,42.2937,-5.5172
24240,Santa Maria Del Paramo,42.3551,-5.7515
24270,"Carrizo De La Ribera, Villanueva De Carrizo",42.58215,-5.8227
24300,Bembibre,42.6147,-6.4186
24400,Ponferrada,42.5466,-6.5962
24401,Ponferrada,42.5463,-6.5878
24402,Ponferrada,42.5485,-6.5987
24404,Ponferrada,42.5528,-6.609
24410,"La Valgoma, Narayola, Camponaraya, Hervededo, Magaz De Arriba, Magaz De Abajo",42.59478333333333,-6.67165
24430,Vega De Espinareda,42.7254,-6.6544
24450,Toreno,42.6985,-6.5118
24500,Villafranca Del Bierzo,42.606,-6.8107
24540,Cacabelos,42.5986,-6.7245
24640,La Robla,42.8026,-5.6283
24700,Astorga,42.4567,-6.0566
24750,La Bañeza,42.2982,-5.9015
25001,Lleida,41.6058,0.6455
25002,Lleida,41.6134,0.6218
25003,Lleida,41.6135,0.6147
25004,Lleida,41.621,0.6254
25005,Lleida,41.6288,0.6306
25006,Lleida,41.619,0.6168
25007,Lleida,41.6176,0.6296
25008,Lleida,41.6228,0.6216
25123,Torrefarrera,41.673,0.6073
25171,Albatarrec,41.5667,0.6
25198,Lleida,41.631,0.6017
25210,Guissona,41.7844,1.2901
25240,Linyola,41.71,0.9027
25250,Bellpuig,41.6271,1.0112
25260,"Montale, Ivars D'Urgell",41.6833,1.0
25280,"Sant Just Joval, Castellvell, El (Olius), Pi De Sant Just, El (Olius), Solsona",41.993925,1.5174249999999998
25300,Tarrega,41.647,1.1396
25528,"Taull, Boi, Erill La Vall, Caldes De Boi",42.522475,0.8365
25530,Vielha/Viella,42.702,0.7956
25600,Balaguer,41.7896,0.8074
25700,La Seu D'Urgell,42.3588,1.4614
26001,Logroño,42.4667,-2.4457
26002,Logroño,42.4609,-2.4495
26003,Logroño,42.462,-2.4412
26004,Logroño,42.4655,-2.4328
26005,Logroño,42.4655,-2.4579
26006,Logroño,42.4564,-2.4202
26007,Logroño,42.4578,-2.4652
26200,Haro,42.5735,-2.8488
26250,Santo Domingo De La Calzada,42.4402,-2.9536
26300,Najera,42.4182,-2.7287
26360,Fuenmayor,42.467,-2.5613
26500,"Murillo De Calahorra, Calahorra",42.32025,-1.97875
26550,Rincon De Soto,42.2347,-1.8521
26580,Arnedo,42.2275,-2.1014
27001,Lugo,43.0114,-7.5571
27002,Lugo,43.0035,-7.5513
27003,Lugo,43.0216,-7.5611
27004,Lugo,43.0136,-7.5662
27260,"Castro De Ribeiras De Lea, Ribeiras De Lea",43.1558,-7.5043
27286,"Regueira, A (San Vicente), Vian (Santa Maria), Bretoña, Reigosa (Santiago), Ubeda (San Xoan), San Martiño De Corvelle (San Martiño) (Pastoriza, A)",43.2757,-7.4334
27330,"Pobra De Brollon, A (Casco Urbano)",42.565,-7.3758
27370,Rabade (Casco Urbano),43.2046,-7.6322
27400,Monforte De Lemos (Casco Urbano),42.4652,-7.5546
27430,"Sios, Ferreira De Panton (Sta Maria), Ferreira De Panton (Casco Urbano)",42.5,-7.599999999999999
27500,Chantada (Casco Urbano),42.6811,-7.7835
27540,Escairon (Casco Urbano),42.6181,-7.6503
27550,"Carballo (Santo Tome) (Taboada), Taboada (Casco Urbano)",42.7266,-7.7539
27600,Sarria (Casco Urbano),42.7975,-7.2865
27700,Ribadeo (Casco Urbano),43.4062,-7.3037
27720,"Pontenova, A (Sagrado Corazon), Pontenova, A (Casco Urbano)",43.3262,-7.1462
27780,"Foz (Casco Urbano), Foz (Santiago)",43.5692,-7.2544
27800,Vilalba (Casco Urbano),43.442,-7.6585
27835,"Lousada (Santo Andre) (Xermade), Roupar (San Pedro Fiz)",43.375,-8.2667
27850,"Viveiro (Casco Urbano), Magazos (Santa Maria)",43.442,-7.6585
27880,Burela,43.6607,-7.3614
28001,Madrid,40.4255,-3.6834
28002,Madrid,40.4465,-3.6751
28003,Madrid,40.4423,-3.7046
28004,Madrid,40.4241,-3.7007
28005,Madrid,40.4081,-3.7107
28006,Madrid,40.4344,-3.6805
28007,Madrid,40.4066,-3.6724
28008,Madrid,40.4277,-3.7239
28009,Madrid,40.4207,-3.6747
28010,Madrid,40.4329,-3.698
28011,Madrid,40.4087,-3.7361
28012,Madrid,40.4106,-3.7017
28013,Madrid,40.4187,-3.7076
28014,Madrid,40.4133,-3.6939
28015,Madrid,40.4319,-3.7106
28016,Madrid,40.4582,-3.6724
28017,Madrid,40.4285,-3.6453
28018,Madrid,40.3857,-3.6566
28019,Madrid,40.393,-3.7245
28020,Madrid,40.4551,-3.6983
28021,Madrid,40.3457,-3.699
28022,Madrid,40.4428,-3.5933
28023,Madrid,40.46,-3.7866
28024,Madrid,40.3921,-3.7728
28025,Madrid,40.3832,-3.7369
28026,Madrid,40.3841,-3.7072
28027,Madrid,40.4401,-3.6437
28028,Madrid,40.4312,-3.667
28029,Madrid,40.471,-3.7007
28030,Madrid,40.405,-3.6446
28031,Madrid,40.377,-3.624
28032,Madrid,40.4053,-3.6099
28033,Madrid,40.4736,-3.6543
28034,Madrid,40.4931,-3.6956
28035,Madrid,40.4766,-3.728
28036,Madrid,40.4634,-3.6835
28037,Madrid,40.4305,-3.6232
28038,Madrid,40.3971,-3.658
28039,Madrid,40.4597,-3.707
28040,Madrid,40.4489,-3.7199
28041,Madrid,40.3677,-3.7019
28042,Madrid,40.4638,-3.5923
28043,Madrid,40.4596,-3.646
28044,Madrid,40.3749,-3.7629
28045,Madrid,40.3963,-3.6924
28046,Madrid,40.4599,-3.6884
28047,Madrid,40.3948,-3.7463
28048,"Madrid, El Pardo",40.5025,-3.76375
28049,Madrid,40.5056,-3.6985
28050,Madrid,40.4975,-3.6637
28051,Madrid,40.3652,-3.6027
28052,Madrid,40.3988,-3.5867
28053,Madrid,40.3837,-3.6679
28054,Madrid,40.3665,-3.7568
28055,Madrid,40.4881,-3.6302
28100,Alcobendas,40.5447,-3.6406
28108,Alcobendas,40.5316,-3.6475
28109,Alcobendas,40.5229,-3.6329
28110,"Algete, El Arrabal",40.5976,-3.4987
28120,Ciudad Santo Domingo,40.8772,-3.5118
28140,Fuente El Saz De Jarama,40.8772,-3.5118
28160,Talamanca Del Jarama,40.8772,-3.5118
28200,San Lorenzo De El Escorial,40.5914,-4.1474
28210,"La Mojadilla, Mirador Del Romero, Las Charquillas, Montemorillo (Urbanizacion), Cerro Alarcon Ii (Urbanizacion), Cazadero Real I (Urbanizacion), Tres Dehesas (Urbanizacion), Islas Blancas (Urbanizacion), Pizarrera, La (Urbanizacion), Pino Alto (Urbanizacion), Puentelasierra (Urbanizacion), Cerro Alarcon I (Urbanizacion), Paraiso, El (Urbanizacion), Jara Beltran, Infantas, Las (Valdemorillo), Valdemorillo",40.1309375,-3.6817375
28212,Navalagamella,40.4685,-4.1237
28220,Majadahonda,40.4708,-3.8748
28221,Majadahonda,40.4711,-3.8575
28223,Pozuelo De Alarcon,40.4329,-3.8134
28224,Pozuelo De Alarcon,40.4329,-3.8134
28229,"Santa Maria (Via Del Pardo) (Urbanizacion), Villanueva Del Pardillo",40.4833,-3.9667
28230,Las Rozas De Madrid,40.4929,-3.8737
28231,Las Rozas De Madrid,40.4929,-3.8737
28232,Las Rozas De Madrid,40.4929,-3.8737
28240,Hoyo De Manzanares,40.6226,-3.9073
28250,"Jarales, Los (Galapagar) (Urbanizacion), Pinar De Puente Nuevo (Galapagar) (Urbanizacion), Minas, Las (Galapagar) (Urbanizacion), Torrelodones",40.578424999999996,-3.9846999999999997
28260,Galapagar,40.5626,-4.0082
28270,Colmenarejo,40.5581,-4.0158
28280,"Ciudad Bosque De Los Arroyos (Urbanizacion), El Escorial",40.3214,-3.86695
28290,Las Rozas De Madrid,40.5578,-3.8917
28293,"Zarzalejo, Zarzalejo, De (Estacion), Colonia Peña Rosal",40.567766666666664,-4.1667
28294,"Suiza Española, La (Urbanizacion), Robledo, De (Estacion), Robledo De Chavela, Rio Cofio (Urbanizacion), Canopus",40.5775,-4.1592
28300,"El Cortijo De San Isidro, Aranjuez",40.041349999999994,-3.5804
28320,"Poligono Industrial Carretera De San Martin De La Vega, Poligono Industrial De Pinto, Pinto, San Martin De La Vega, De (Carretera), Poligono Industrial Las Arenas, Poligono Industrial Aproin",40.24235,-3.7001166666666667
28330,"San Martin De La Vega, Poligono Industrial Aimayr",40.2074,-3.5706
28340,Valdemoro,40.1908,-3.6789
28341,Valdemoro,40.1833,-3.6841
28342,Valdemoro,40.1964,-3.6862
28350,Ciempozuelos,40.1581,-3.6227
28400,Collado Villalba,40.6424,-3.9981
28410,Manzanares El Real,40.7263,-3.8627
28411,Moralzarzal,40.6782,-3.9707
28430,"Alpedrete, Valdencina, Los Negrales",40.649166666666666,-4.024966666666667
28440,"Residencia San Francisco (Edificio), Guadarrama, Casa Tere Tablada (Edificio), Sanatorio De Guadarrama, Gonzalo (Edificio), Casa Forestal Tablada (Edificio), Serranilla, La (Guadarrama) (Urbanizacion)",40.67282857142857,-4.089557142857143
28470,"Navacerrada, De (Puerto), Cercedilla",40.52885,-4.26985
28490,Becerril De La Sierra,40.717,-3.9886
28492,"Matalpino, La Ponderosa De La Sierra",40.5761,-3.819
28500,"Arganda Del Rey, Emisora Radio Elect Campillo (Arganda), Ventorro De La Julia, La Serna, La Poveda, El Colmenar",40.5161,-3.5231999999999997
28521,Rivas-Vaciamadrid,40.2774,-3.2775
28522,Rivas-Vaciamadrid,40.2774,-3.2775
28523,Rivas-Vaciamadrid,40.2774,-3.2775
28529,Rivas-Vaciamadrid,40.2774,-3.2775
28590,Villarejo De Salvanes,40.1666,-3.2728
28600,"Calipo (Urbanizacion), Colonia Rio Guadarrama (Urbanizacion), Navalcarnero",40.13463333333333,-3.739966666666666
28607,El Alamo,40.2307,-3.9945
28609,"Villanueva De Perales, Sevilla La Nueva, Villamantilla",40.34493333333333,-4.085566666666667
28630,"Villa Del Prado, Alamin, El (Finca)",40.2785,-4.3053
28660,"Boadilla Del Monte, Residencia Nuestra Señora Del Pilar (Boadilla)",40.405,-3.8783
28669,"Monte Las Encinas, Bonanza, Valdecabañas, Parque Boadilla, Pico Centinela (Boadilla), Lomas, Las (Boadilla), Club Encinas (Boadilla), El Olivar Del Miraval",40.405,-3.8783
28670,"Villaviciosa De Odon, Bosque, El (Urbanizacion)",40.206950000000006,-3.75245
28690,Brunete,40.4049,-3.9993
28691,"Raya Del Palancar, La (Urbanizacion), Villanueva De La Cañada, Guadamonte (Urbanizacion), Cerro Del Venero, Fuentes, De Las (Camino)",40.18698,-3.7379800000000003
28693,Quijorna,40.429,-4.0565
28694,Chapineria,40.3789,-4.2101
28700,San Sebastian De Los Reyes,40.5443,-3.6159
28701,San Sebastian De Los Reyes,40.5443,-3.6159
28702,San Sebastian De Los Reyes,40.5443,-3.6159
28703,San Sebastian De Los Reyes,40.5443,-3.6159
28710,El Molar,40.7338,-3.5839
28730,Buitrago De Lozoya,40.9909,-3.6337
28760,"Tratamiento De Aguas (Goloso, El), Soto De Viñuelas, Valdeloshielos, De Los (Finca), Castillo De Viñuelas, Tres Cantos, Jarillas, De Las (Finca), Madrid-Colmenar Viejo, Del Km. 17,500 Al 22,600 (Carretera), Colonia Militar El Goloso, Laboratorio Mopu, Km. 18,6, Valdelamasa, De (Finca), Cedex, Goloso, De El (Estacion), Colonia Valdecastellanos",40.58816153846154,-3.698653846153846
28770,"Presa De Hidraulica (Santillana), Centro Militar San Pedro, Hidraulica Santillana, Colmenar Viejo, San Pedro",40.66458,-3.7727599999999994
28791,Soto Del Real,40.7526,-3.7802
28792,"Miraflores De La Sierra, Miraflores De La Sierra, Anejos De, Miraflores De La Sierra, Extrarradio De",40.8155,-3.7621
28801,Alcala De Henares,40.482,-3.36
28802,Alcala De Henares,40.482,-3.36
28803,Alcala De Henares,40.482,-3.36
28804,Alcala De Henares,40.482,-3.36
28805,"Alcala De Henares, El Encin",40.50615,-3.3278
28806,Alcala De Henares,40.482,-3.36
28807,Alcala De Henares,40.482,-3.36
28813,"Pozuelo Del Rey, Torres De La Alameda",40.3836,-3.33735
28814,Daganzo De Arriba,40.5429,-3.4546
28816,"Valdeavero, Camarma De Esteruelas, Poligono Alcanar",40.59106666666667,-3.3527666666666662
28820,Coslada,40.4238,-3.5613
28821,Coslada,40.4284,-3.5612
28822,Coslada,40.4191,-3.5516
28823,Coslada,40.4318,-3.5395
28830,"San Fernando De Henares, Parque Empresarial San Fernando De Henares, Poligono Industrial San Fernando",40.4239,-3.5326
28840,Mejorada Del Campo,40.3928,-3.4819
28850,"Base Aerea Conjunta Torrejon, Barrio De El Castillo, Torrejon De Ardoz",40.4554,-3.4697
28860,Paracuellos De Jarama,40.5035,-3.5278
28880,"Meco, Barrio Nuevo (Venta Del Meco), Alameda",40.55226666666667,-3.3291
28890,Loeches,40.3846,-3.4139
28891,Velilla De San Antonio,40.3652,-3.4848
28901,Getafe,40.3048,-3.7303
28902,Getafe,40.3112,-3.7292
28903,Getafe,40.3184,-3.719
28904,Getafe,40.3083,-3.7368
28905,Getafe,40.2929,-3.7479
28906,Getafe,40.3054,-3.7013
28907,Getafe,40.3221,-3.7327
28911,Leganes,40.3272,-3.7635
28912,Leganes,40.3272,-3.7635
28914,Leganes,40.3272,-3.7635
28915,Leganes,40.3272,-3.7635
28916,Leganes,40.3272,-3.7635
28917,"Leganes, La Fortuna",40.3272,-3.7635
28918,Leganes,40.3272,-3.7635
28919,Leganes,40.3272,-3.7635
28921,Alcorcon,40.3458,-3.8249
28922,Alcorcon,40.3458,-3.8249
28923,Alcorcon,40.3458,-3.8249
28924,Alcorcon,40.3458,-3.8249
28925,Alcorcon,40.3458,-3.8249
28931,Mostoles,40.3223,-3.865
28932,Mostoles,40.3223,-3.865
28933,Mostoles,40.3223,-3.865
28934,Mostoles,40.3223,-3.865
28935,Mostoles,40.3223,-3.865
28936,Mostoles,40.3223,-3.865
28937,Mostoles,40.3223,-3.865
28938,"Mostoles, Combos, Los (Arroyomolinos)",40.2959,-3.89225
28939,"San Martin (Arroyomolinos), Arroyomolinos, Valdefuentes",40.27923333333334,-3.913233333333333
28940,Fuenlabrada,40.2842,-3.7941
28941,Fuenlabrada,40.2989,-3.8022
28942,Fuenlabrada,40.2925,-3.8136
28943,Fuenlabrada,40.2841,-3.8047
28944,Fuenlabrada,40.2806,-3.7942
28945,Fuenlabrada,40.2893,-3.7888
28970,Humanes De Madrid,40.2504,-3.8306
28971,Griñon,40.2125,-3.8548
28978,Cubas De La Sagra,40.189,-3.8353
28980,Parla,40.236,-3.7675
28981,Parla,40.2379,-3.7741
28982,Parla,40.239,-3.7641
28983,Parla,40.2303,-3.7598
28990,Torrejon De Velasco,40.1875,-3.7768
28991,Torrejon De La Calzada,40.1989,-3.797
29001,Malaga,36.7202,-4.4203
29002,Malaga,36.7202,-4.4203
29003,Malaga,36.7202,-4.4203
29004,Malaga,36.7202,-4.4203
29005,Malaga,36.7202,-4.4203
29006,Malaga,36.7202,-4.4203
29007,Malaga,36.7202,-4.4203
29008,Malaga,36.7202,-4.4203
29009,Malaga,36.7202,-4.4203
29010,Malaga,36.7202,-4.4203
29011,Malaga,36.7202,-4.4203
29012,Malaga,36.7202,-4.4203
29013,Malaga,36.7202,-4.4203
29014,Malaga,36.7202,-4.4203
29015,Malaga,36.7202,-4.4203
29016,Malaga,36.7202,-4.4203
29017,Malaga,36.7202,-4.4203
29018,Malaga,36.7202,-4.4203
29100,"Montecillo (Urbanizacion), Miralmonte (Urbanizacion), Miralvalles, El Rodeo, Coin",36.6618,-4.7533
29120,"El Cigarral, Fuente Del Perro, El Zangano, La Chicharra, Alhaurin El Grande",36.64358,-4.68994
29130,"Santa Amalia, Mestanza, La Fuensanta, Torre Alqueria, Zapata, El Romeral, Los Tomillares, Alqueria (Alhaurin De La Torre), El Peñon, Alamillo, El (Urbanizacion), Alhaurin De La Torre, Piamonte, Lagar De Las Pitas, Pinos De Alhaurin (Urbanizacion)",36.67518571428571,-4.561885714285714
29140,Malaga,36.7202,-4.4203
29160,"Portales, Chapera Madroñal, Camino Real (Casabermeja), Arroyo Coche (Casabermeja), Casabermeja",36.89282,-4.42956
29190,Malaga,36.7202,-4.4203
29200,Antequera,37.0192,-4.5601
29210,Cuevas De San Marcos,37.2667,-4.4143
29230,"Villanueva De La Concepcion, Campo De Camara (Almogia), Villanueva De Cauche",36.90313333333334,-4.5043
29312,Villanueva Del Rosario,36.9968,-4.3653
29320,Campillos,37.0475,-4.8636
29400,"Ronda, Rosalejo",36.73585,-5.1569
29500,"Alora, Lomas, Las (Alora), Arroyo Jevar, Sabinal, Arroyo Ancon",36.8236,-4.7058
29580,"Comendador, Peral, Puerto Terron, Estacion De Aljaima (Escaleras), Tres Leguas, El Sexmo, Loma De Cuenca, Nueva Aljaima, Estacion De Cartama (Escaleras), Saucedilla",36.8724,-4.699
29590,Malaga,36.7202,-4.4203
29600,Marbella,36.5154,-4.8858
29601,Marbella,36.5124,-4.8853
29602,Marbella,36.516,-4.9107
29603,Marbella,36.5127,-4.8734
29604,Marbella,36.5154,-4.8858
29620,Torremolinos,36.6215,-4.5042
29631,Arroyo De La Miel,36.6033,-4.5424
29639,Benalmadena (Pueblo),36.6016,-4.5396
29640,Fuengirola,36.5504,-4.6193
29649,Mijas,36.5958,-4.6373
29650,Mijas,36.5951,-4.6398
29651,Mijas,36.5958,-4.6373
29660,Marbella,36.5154,-4.8858
29670,Marbella,36.5154,-4.8858
29680,"Estepona, Loma Del Monte",36.42675,-5.14745
29692,"Honda Cavada, Alcorrin, Chullera, Secadero, Castillo De La Duquesa, San Luis De Sabinillas",36.355333333333334,-5.24445
29700,"Velez Malaga, Cabrillas",36.778,-4.1523
29710,Periana,36.928,-4.1909
29720,"La Cala Del Moral, La Araña",36.7627,-4.20445
29730,Rincon De La Victoria,36.7171,-4.2758
29738,"Moclinejo, Torre De Benagalbon, Valdes, Benagalbon",36.755775,-4.247425
29740,Torre Del Mar,36.742,-4.0929
29754,Competa,36.8335,-3.9743
29770,Torrox,36.7593,-3.9525
29780,Nerja,36.7547,-3.8724
29793,"El Morche, El Peñoncillo, Castillo Bajo-Conejito, Llanos, Los (Torrox-Costa), Generacion Del 27 (Urbanizacion), Torrox-Costa, Huit, Torrox Park",36.739525,-3.9787875
30001,Murcia,37.987,-1.13
30002,Murcia,37.987,-1.13
30003,Murcia,37.987,-1.13
30004,Murcia,37.987,-1.13
30005,Murcia,37.987,-1.13
30006,Murcia,37.987,-1.13
30007,Murcia,37.987,-1.13
30008,Murcia,37.987,-1.13
30009,Murcia,37.987,-1.13
30010,Murcia,37.987,-1.13
30011,Murcia,37.987,-1.13
30012,Murcia,37.987,-1.13
30100,"Murcia, Espinardo, Puntal, El (Espinardo), Cementerio Nuestro Padre Jesus, Molinos Alfatego",38.000479999999996,-1.1436
30110,"Murcia, Cabezo De Torres, Churra Cabezo De Torres, Torre Alcayna, Castellar, El (Cabezo De Torres)",38.01308,-1.1196
30120,"Palmar, El (El Palmar), Barrio La Victoria",37.9394,-1.1609
30140,Santomera,38.0622,-1.0496
30150,La Alberca,37.9398,-1.1416
30161,Llano De Brujas,38.0054,-1.0725
30168,"Murcia, Era Alta",37.96745,-1.1688
30169,San Gines,37.6411,-0.8228
30191,Campos Del Rio,38.0397,-1.3531
30201,Cartagena,37.6051,-0.9862
30202,"Cartagena, Barriada Santiago",37.59955,-0.9735499999999999
30203,Cartagena,37.6051,-0.9862
30204,Cartagena,37.6051,-0.9862
30205,Cartagena,37.6051,-0.9862
30310,Cartagena,37.6051,-0.9862
30319,"Miranda, Los Piñuelas, Santa Ana, Poligono Santa Ana, Cartagena, Las Casicas",37.685516666666665,-0.9936333333333334
30320,Fuente Alamo,37.7,-1.1
30330,"Hernandez, Los (Albujon), Roses, Los (Albujon), Lomas, Las (Albujon), Las Casas, El Albujon, Esparragueral",37.7167,-1.0482
30360,"Los Oliveras, La Union",37.6192,-0.878
30380,La Manga Del Mar Menor,37.6413,-0.7165
30394,"Palmero, El (Pozo Estrecho), Canteras (Canteras), Vaguada, La (Urbanizacion), Roses, Los (Canteras), Diaz, Los (Canteras), Majuelo, Cartagena",37.624,-1.0601
30400,Caravaca De La Cruz,38.0823,-1.9868
30420,"Calasparra, Madriles, Los (Calasparra), Marines, Los (Calasparra), Valentin (Cehegin), Baños De Gilico, El Macaneo, Valentin (Calasparra)",38.23001428571428,-1.6999714285714285
30500,Molina De Segura,38.0546,-1.2076
30506,Molina De Segura,38.0546,-1.2076
30509,"Molina De Segura, El Romeral, La Hornera",38.0546,-1.2076
30510,Yecla,38.6125,-1.1167
30520,Jumilla,38.4772,-1.3257
30530,"Cieza, Bolvax, El Ginete, Barretera, El Buho, Maripinar",38.23975,-1.4202166666666667
30540,"Casas Alcantara, Tollos, Bayna, Blanca, Alto Palomo",38.178819999999995,-1.37522
30560,Alguazas,38.0521,-1.2457
30562,Ceuti,38.0786,-1.2747
30564,Lorqui,38.0826,-1.251
30565,"Florida, La (Las Torres De Cotillas), Las Torres De Cotillas, Los Pulpites",38.02526666666666,-1.2399666666666667
30570,"Murcia, San Jose De La Vega, Canute, Beniajan, Casas Nuevas (Beniajan), El Bojal",37.976499999999994,-1.0861666666666665
30591,"Balsicas, Martinez, Los (Balsicas)",37.8185,-0.9569000000000001
30593,"Vidales, Los (La Palma), Carriones, Los (La Palma), Conesas, Los (La Palma), La Palma, Los Salazares, Fuente Amarga, Los Chorlitos, Los Medicos, Los Balanzas",37.691288888888884,-0.9609888888888888
30600,"Archena, Las Arboledas, Hurtado",38.11363333333333,-1.3033
30609,"La Algaida, Torre Del Junco",38.1163,-1.3004
30640,Abanilla,38.2068,-1.041
30700,"Hoya Morena, Torre Pacheco",37.7429,-0.954
30710,"Los Narejos, Lomas De Rame, Santa Rosalia, Nietos, Los (Los Alcazares), Los Alcazares",37.7592,-0.83734
30730,San Javier,37.8036,-0.8336
30740,"Loma De Abajo, Loma De Arriba, Las Esperanzas, Los Tarragas, Los Veras, Los Imbernones, Los Antolinos, Los Cuarteros, Villa Nanitos, Beatas, Las (Los Saez), Mojon, El (Cuarteros), Barrio Los Angeles, Los Peñascos, Los Plazas, Los Saez, Lo Pagan, Tacon, Lo (Los Saez), Los Gomez, San Pedro Del Pinatar",37.80092105263158,-0.8748631578947368
30800,"Sutullena, Lorca",37.67165,-1.6978499999999999
30813,"Pozo De La Higuera (Lorca), Campillo (Lorca), Puente Botero, Escarihuela, La Campana, Puente De Pasico, Purias, Alto Bordo, Alcanara, La Escucha",37.63899,-1.69969
30816,"San Julian, Hinojar, Hoya, La (La Hoya), El Porvenir",37.688625,-1.5921750000000001
30820,Alcantarilla,37.9691,-1.2155
30833,"Torreguil (Urbanizacion), Sangonera La Verde",37.7487,-1.1942
30840,Alhama De Murcia,37.851,-1.4251
30850,Totana,37.7701,-1.5004
30860,Puerto De Mazarron,37.5614,-1.2564
30870,Mazarron,37.5992,-1.3149
30880,Aguilas,37.4063,-1.5829
30890,"Casicas, Las (Puerto Lumbreras), Henares, Nogalte (Pueblo), Zarzalico, Puerto Lumbreras",37.56314,-1.8094000000000001
30891,"Goñar, Esparragal De Puerto Lumbreras, Puerto Adentro",37.5861,-1.7799000000000003
31001,Pamplona/Iruña,42.8178,-1.6446
31002,Pamplona/Iruña,42.8144,-1.6422
31003,Pamplona/Iruña,42.8111,-1.641
31004,Pamplona/Iruña,42.8116,-1.6342
31005,Pamplona/Iruña,42.8054,-1.6419
31006,Pamplona/Iruña,42.8067,-1.6315
31007,Pamplona/Iruña,42.8066,-1.6515
31008,Pamplona/Iruña,42.8095,-1.6667
31009,Pamplona/Iruña,42.8005,-1.67
31010,Pamplona/Iruña,42.8033,-1.6764
31011,Pamplona/Iruña,42.8155,-1.6609
31012,Pamplona/Iruña,42.8227,-1.6681
31013,Pamplona/Iruña,42.8314,-1.6832
31014,Pamplona/Iruña,42.8264,-1.6496
31015,Pamplona/Iruña,42.829,-1.6314
31016,"Mendillorri, Pamplona/Iruña",42.8138,-1.6288
31110,"Aeropuerto De Noain (Pamplona), Noain",42.7624,-1.6345
31119,"Imarcoain, Torres De Elorz, Oriz, Guerendiain (Elorz)",42.732275,-1.6089
31180,Zizur Mayor/Zizur Nagusia,42.7873,-1.6911
31192,"Aranguren, Ardanaz De Egues, Ilundain, Laquidain/Lakidain, Gongora, Badostain, Tajonar/Taxoare, Zolina, Mutilva/Mutiloa, Labiano",42.77552,-1.5771
31200,"Lizarra, Estella/Lizarra",42.6718,-2.0323
31300,Tafalla,42.5279,-1.6764
31310,"Carcastillo, Oliva, La (Monasterio)",42.3791,-1.4438
31400,Sangüesa/Zangoza,42.5752,-1.2822
31500,Tudela,42.0598,-1.6075
31570,San Adrian,42.3343,-1.9351
31580,Lodosa,42.4238,-2.0781
31587,"Mendavia, Imaz",42.44355,-2.20085
31590,"Giraldelli, Castejon",42.1691,-1.6895
31591,Corella,42.1148,-1.7887
31592,Cintruenigo,42.0794,-1.8046
31600,Burlada/Burlata,42.8253,-1.6155
31610,"Villava, Atarrabia",42.8323,-1.6074
31621,Sarriguren,42.8101,-1.5934
31770,"Zalain Zoko, Biurrana, Lesaka, Endarlatsa, Endara, Otsango Auzoa, Izotzaldea, Katazpegi, Frain (Lesaka), Nabaz (Lesaka), Auzoberri, Zala",43.25165833333333,-1.7029583333333334
32001,"Coiñas, Os, Quintela Canedo, Val Do Regueiro, Eirexa, A (Quintela Canedo), Ourense",42.340019999999996,-7.865519999999999
32002,"Ourense, Estrada De Reza (Reza-Ourense), Valenza, A (Barbadas), Reza (Ourense), Vistahermosa, Vilaescusa",42.322833333333335,-7.888283333333334
32003,Ourense,42.3406,-7.8655
32005,Ourense,42.3296,-7.8607
32500,"Arcos (Santa Maria), Carballiño, O",42.3328,-7.6968
32630,Xinzo De Limia,42.0635,-7.7246
32660,Allariz,42.1893,-7.802
32700,Maceda,42.2699,-7.6508
32800,Celanova,42.1531,-7.9569
32890,"Bentraces, Loiro, Barbadas, Muiños, Os (Barbadas), Cimadevila (Barbadas), Ponton, O (Barbadas), Fornos, Os, Lamas, As, Sobrado Do Bispo, Alto Do Ponton, O",42.27903,-7.9018500000000005
32950,"Peroxa, A (San Eusebio), Belesar, Levices, Cerdedo (Coles), Vilanova De Rivela, Casanova (Barra Miño), Souto, O (Coles), Carballeda (Rivela), Malvedo, O, Figueiredo (Coles), Se, A, Outeiriños, Os (Coles), San Lourenzo (Coles), Reguenga, A, Covas (Coles), Prados (Coles), Ribela (Coles), Outeiro (Melias)(Coles), Pacios (Coles), Barxelas (Ourense), Fontao (Coles), Carballeda (Coles), Sobrado (Coles)",42.49890869565217,-7.772086956521738
33001,Oviedo,43.3659,-5.8476
33002,Oviedo,43.3646,-5.8493
33003,Oviedo,43.3625,-5.846
33004,Oviedo,43.3637,-5.8548
33005,Oviedo,43.3604,-5.8569
33006,"Oviedo, Campiello (La Manjoya)",43.35255,-5.8494
33007,Oviedo,43.3576,-5.8503
33008,Oviedo,43.3575,-5.8382
33009,Oviedo,43.3595,-5.8434
33010,"Abuli, Colloto (Oviedo), Oviedo, Colloto (Siero), Nonin",43.36182,-5.841600000000001
33011,"Corredoria (Oviedo), Oviedo",43.3656,-5.84225
33012,Oviedo,43.3688,-5.8609
33013,Oviedo,43.362,-5.8702
33138,"Pumariega, La (Muros), Villar (Muros Nalon), Reborio (Muros De Nalon), Muros, Era",43.54258,-6.102580000000001
33180,Noreña,43.3942,-5.7079
33186,"San Pelayo (El Berron - Siero), Buenavista (Hevia-Siero), El Berron, Orial (Hevia-Siero), Campones, Los (Hevia-Siero), Vallina, La (Hevia-Siero)",43.373,-5.712666666666667
33191,"Llama, La (San Claudio), Requejo (San Claudio), San Roque (San Claudio), Granja, La (San Claudio), Villamar, Valle, El (San Claudio), Valsera, Navaliega (San Claudio), Torre, La (San Claudio), Cimadevilla (Oviedo), La Maja, Cabaña, La (Zona), Omedo (Oviedo), Belovio, Escamplero (Las Regueras), Cabaña, La (Oviedo), Oteruelo, Areñes (Oviedo), Tahoces, Nievares (Oviedo), Cruz, La (Oviedo), Rodiella, Peñanora, Gallegos (Las Regueras), Rañeces (Las Regueras), Fabarin, Lampajua, Las Heras, San Claudio, Cida, Rivero (San Claudio), Pumeda (Las Regueras), Tamargo, Lubrio, Villaverde (San Claudio), Barrosa, La (Oviedo), Ponteo (San Claudio), Loriana, Llana, La (San Claudio), Quejo, Rebollar (Loriana-Oviedo), Malpica (San Claudio)",43.36227142857143,-5.921566666666666
33201,Gijon,43.5357,-5.6615
33202,Gijon,43.5357,-5.6615
33203,Gijon,43.5357,-5.6615
33204,Gijon,43.5357,-5.6615
33205,Gijon,43.5357,-5.6615
33206,Gijon,43.5357,-5.6615
33207,Gijon,43.5357,-5.6615
33208,Gijon,43.5357,-5.6615
33209,Gijon,43.5357,-5.6615
33210,Gijon,43.5357,-5.6615
33211,Gijon,43.5357,-5.6615
33212,Gijon,43.5357,-5.6615
33213,Gijon,43.5357,-5.6615
33300,"Villaviciosa, Condarco, Casona, La (Villaviciosa), Cobertoria, La (Villav), Arcenoyo",43.481379999999994,-5.43542
33320,Colunga,43.4849,-5.2715
33400,Aviles,43.5547,-5.9248
33401,"Aviles, Bastian (Aviles), Fuente, La (Aviles), Valgranda (Aviles), San Cristobal (Castrillon), Cabianca, La (Aviles), Campo, El (Aviles), Folleca, La (Aviles), Valdredo (Aviles), So La Iglesia (Aviles), Gaxin (Aviles), Garita, La (Aviles), Cuesta, La (Aviles), Quintana Dionisio (Aviles), Campo Conde (Aviles), Sablera, La (Aviles), Montan, El (Aviles), Rey, El (Aviles)",43.5547,-5.9248
33402,"Aviles, Arabuya (Aviles), Ceba, La (Aviles), Ceruyeda (Aviles), Grandiella (Aviles)",43.5547,-5.9248
33403,"Aviles, Breton, El (Aviles), Castañeda (Aviles), Piqueros (Aviles), Peña, La (Aviles), Tabla, La (Aviles), Carrionina, La (Aviles)",43.55469999999999,-5.9248
33404,"Aviles, Estrada, La (Corvera), Santa Cruz (Corvera), Truyes (Corvera)",43.5547,-5.9248
33405,"Raices Nuevo (Castrillon), Caliero, El (Castrillon), Aviles",43.5547,-5.9248
33420,Lugones,43.4027,-5.8121
33424,"Rondiella (Llanera), Ables, Portiella (Llanera), Abarrio, Peruyeres, Posada De Llanera, Lineres (Llanera), Severies, Regidorio, Andorcio",43.434870000000004,-5.8694500000000005
33429,"Naon, Belga, La (Viella-Siero), Folgueras (Lugones), Cuesta, La (Bobes-Siero), Belga, La (Bobes-Siero), Fresneda (Lugones), Castañera, Paredes (Lugones), Bobes, Conceyin, Balbona (Siero), Conceyin (Siero), Cogollu, El (Siero), Viella",43.40230714285714,-5.79215
33430,"Forca, La (Carreño), Carbayo (Carreño), Piedra, La (Carreño), Candas, La Cruz De Arrabal, Casas Molino",43.5892,-5.767399999999999
33450,"Censo, Piedras Blancas, Ponton (Castrillon), Ventorrillo (Castrillon), Alvare (Castrillon), Campas, Las (Castrillon), Campiello (Castrillon), La Castañalona, Fondon (Castrillon), Ferralgo, Cuenza, Garabiza, Los Carbayos, Valboniel, La Fabrica, San Martin De Laspra, Arnao, Cueto, El (Laspra - Castrillon), Vegarrozadas",43.56428421052632,-5.978894736842105
33500,Llanes,43.4208,-4.7554
33510,Pola De Siero,43.3923,-5.6634
33520,Nava,43.3586,-5.5079
33530,"Infiesto, Villanueva (Piloña)",43.3491,-5.365399999999999
33550,Cangas De Onis,43.3514,-5.1292
33560,Ribadesella,43.4615,-5.0595
33594,"Turanzas, Bricia, Naves (Posada Llanes), Posada De Llanes, Quintana (Posada Llanes), Piedra (Posada Llanes), Rales (Posada Llanes), Lledias",43.428174999999996,-4.86095
33600,"Mieres Del Camino, Aguain, El Requintin, Cargadero Viejo, Campeta, La (Mieres), Arriondo (Mieres)",43.25,-5.7667
33630,Pola De Lena,43.1609,-5.8288
33700,"Luarca, Almuña, Barcellina",43.539233333333335,-6.5254666666666665
33710,"Espin, El (Coaña), Aceñas, Navia",43.52636666666667,-6.7382
33750,"La Caridad, Viavelez, Longara",43.55636666666667,-6.8322666666666665
33770,Vegadeo,43.4683,-7.0539
33800,"Cangas De Narcea, Pinar",43.1833,-6.55
33820,"Grado, Borbolla, La (Grado)",43.388,-6.0743
33860,Salas,43.4094,-6.2605
33870,"Buenavista (Tineo), Braña, La (Tineo), Tineo, Ocio",43.3377,-6.4145
33900,"Ciaño, San Roque (Langreo), Llanu, El (Langreo), Sama De Langreo",43.293974999999996,-5.6804499999999996
33930,"Rexiella, Felguera, La (Langreo), Barros, Viesca, La (Langreo)",43.3197,-5.7067
33940,"Soton, El Entrego",43.2875,-5.638
33960,"Caraveo, Blimea",43.34085,-5.56375
33980,"Pola De Laviana, La Arbeya",43.2454,-5.5629
34001,Palencia,42.0106,-4.5327
34002,Palencia,42.0058,-4.5281
34004,Palencia,41.9998,-4.5196
34005,Palencia,42.0125,-4.5405
34100,Saldaña,42.5229,-4.7365
34200,"Baños De Cerrato, Venta De Baños",41.920950000000005,-4.4834499999999995
34800,Aguilar De Campoo,42.7945,-4.2589
34840,Cervera De Pisuerga,42.8668,-4.498
34880,Guardo,42.7896,-4.8472
35001,Las Palmas De Gran Canaria,28.0997,-15.4134
35002,Las Palmas De Gran Canaria,28.0997,-15.4134
35003,Las Palmas De Gran Canaria,28.0997,-15.4134
35004,Las Palmas De Gran Canaria,28.0997,-15.4134
35005,Las Palmas De Gran Canaria,28.0997,-15.4134
35006,Las Palmas De Gran Canaria,28.0997,-15.4134
35007,Las Palmas De Gran Canaria,28.0997,-15.4134
35008,Las Palmas De Gran Canaria,28.0997,-15.4134
35010,Las Palmas De Gran Canaria,28.0997,-15.4134
35011,Las Palmas De Gran Canaria,28.0944,-15.4591
35012,Las Palmas De Gran Canaria,28.0944,-15.4591
35013,Las Palmas De Gran Canaria,28.0944,-15.4591
35014,Las Palmas De Gran Canaria,28.0997,-15.4134
35018,"San Lorenzo, Almatriche Bajo, La Suerte, Piletas, Las Perreras, La Milagrosa, El Pintor, Almatriche Alto, La Galera, Tamaraceite, Cortijo, El (Tamaraceite), El Sardo, Las Mesas Altas, Frailes, Lomo De Los, Las Mesas Bajas, Las Palmas De Gran Canaria, Majadillas, Las (Las Palmas De G.C.), Hoya Andrea",28.090577777777778,-15.467833333333333
35019,Las Palmas De Gran Canaria,28.0944,-15.4591
35100,"Campo Internacional, Las Meloneras, Maspalomas, San Fernando (Maspalomas), Sonneland (Urbanizacion), Costa Meloneras (Urbanizacion), Playa Del Aguila, Cañon Del Aguila, Bahia Feliz (Urbanizacion), Playa Del Ingles, San Agustin",27.75549090909091,-15.5841
35109,"Palmitos Park, Lomo De Perera, Monte Leon (Urbanizacion), Media Fanega, La Mimbre, Las Tederas, Montaña La Data, Palmitos, Los (Maspalomas), Tablero, El (Maspalomas), Lomo Gordo, Ayagaures",27.769245454545455,-15.598345454545454
35110,"Orilla Baja, La Blanca, El Doctoral, La Vereda, San Rafael, Vecindario, Casa Pastores, Barranquillo De Sardina, La Cerruda, Canario, El (Vecindario), Llanos, Los (Santa Lucia De Tirajana), Camino La Madera, La Paredilla, La Union, San Pedro Martir, Hoya Pavon, Cruce De Sardina Del Sur, Balos, Sardina Del Sur (Vecindario)",27.84692631578947,-15.44627894736842
35130,"El Motor Grande, Chaparral, El (Puerto Rico), Cortadores De Puerto Rico, Playa De Amadores, Puerto Rico",27.7911,-15.707999999999998
35138,"Mogan, De (Playa), Platero, El (Urbanizacion), Taurito, Playa De Tauro",27.81665,-15.758825
35149,"La Humbridilla, Playa De Veneguera, La Rosilla, Casas De Veneguera, Casillas, Las (Mogan), Cercado, El (Mogan), Tabaibales, Las Burrillas, Hornillo, El (Mogan), Pasitos, Los (Mogan), Casas Blancas (Mogan), Horno De Teja, La Umbridilla, Los Almacigos, Molino De Viento (Mogan), Llanos, Los (Mogan), Pie De La Cuesta (Mogan)",27.812776470588233,-15.574252941176473
35200,"Telde, San Francisco, San Gregorio (Telde), San Juan (Telde)",27.9949,-15.418524999999999
35211,"Lomo-Bristol, Lomo-Magullo, La Colomba, Valle De Los Nueve, Cazadores, Telde, Tecen (Telde), Arenales, Los (Telde)",27.987675,-15.4309375
35212,"La Garita, San Borondon, Telde, Marpequeña, La Estrella",27.99624,-15.424959999999999
35220,"Las Palmas De Gran Canaria, Hornos Del Rey, Telde, Lomo Blanco (Jinamar), La Matanza, Cruz De La Gallina, Parque Empresarial Jinamar, Valle De Jinamar",28.012887499999998,-15.4179125
35240,"Carrizal, El (Ingenio), El Burrero",27.914749999999998,-15.41455
35250,"El Carrion, Ingenio (Capital Municipal), Lomo Del Hospital, Las Mejias, Sequero, El (Ingenio)",27.9209,-15.4406
35260,"Cueva Bermeja, Aguimes (Capital Municipal), Barranco De Guayadeque",27.9936,-15.512499999999998
35300,"Estanco, El (Santa Brigida), Santa Brigida (Capital Municipal), Los Veroles, Cuesta De La Grama, El Castaño Alto, San Jose De Las Vegas, Plaza De Doña Luisa, Montañeta, La (Santa Brigida), Cruce De La Atalaya (Santa Brigida), Palmeral, El (Santa Brigida), Montebravo, Satautejo, Alternativa Uno, El Castaño Bajo",28.03375,-15.499614285714285
35320,"El Solis, Vega De San Mateo, San Mateo",28.0089,-15.533300000000002
35400,"El Hornillo Alto, Arucas (Capital Municipal), Hoya De San Juan, Montaña De Arucas, Camino De La Cruz Alto, La Fula, Goleta, La (Arucas), Lomo De San Pedro (Arucas), Terrero, El (Arucas), Montañeta, La (Arucas), El Angostillo, El Cerrillo, El Matadero",28.119038461538462,-15.527092307692309
35411,"San Francisco Javier, Santidad Alta, Lomo Grande, Las Palmeras, La Guitarrilla, Santidad Baja, San Gregorio (Arucas), Hoya De Ariñez, Lomo De Arucas, Lomo, El (Santidad), El Puente De Arucas, Barriada De Juan Xxiii, San Francisco Javier (Urbanizacion), Barreto",28.10392142857143,-15.510900000000001
35420,Moya,28.1097,-15.5834
35430,Firgas (Capital Municipal),28.1093,-15.5623
35450,"Santa Maria De Guia (Capital Municipal), Becerril De Guia, La Atalaya De Guia, Marente (Urbanizacion), Guia, Calvario, El (Santa Maria De Guia), Cercados De Merino",28.1397,-15.632899999999998
35460,Galdar (Capital Municipal),28.1066,-15.5999
35500,Arrecife,28.9673,-13.5521
35508,"Los Ancones, Costa Teguise, Las Caletas",28.993399999999998,-13.5024
35509,"Playa Honda, Aeropuerto De Lanzarote, Playa Del Cable (Playa), Las Puntas",28.9531,-13.5912
35510,"Barranco Del Quiquere, Los Pocillos, Los Casalones, Los Mojones, Puerto Del Carmen",28.94338,-13.65482
35550,San Bartolome De Lanzarote (Capital Municipal),29.0411,-13.6285
35572,"Conil, Masdache, Tegoyo, Tias (Capital Municipal)",28.978625,-13.668975
35580,"Costa De Papagayo, San Marcial De Rubicon, Castillo Del Aguila, Montaña Roja, Playa Blanca (Yaiza), Coloradas, Las (Yaiza)",28.941483333333334,-13.778216666666665
35600,"Llanos De La Mareta, Puerto Del Rosario (Capital Municipal), Matorral, El (Puerto Del Rosario)",28.5004,-13.862699999999998
35620,Gran Tarajal,28.213,-14.0225
35625,"Morro Jable, Las Gaviotas, Solana Del Matorral",28.05486666666667,-14.335933333333335
35629,"Montaña Hendida, Tenicosquey, Casa De Violante, Tamaretilla, Rosa Grande, Charco, El (Tuineje), Diego Alonso, Marcos Sanchez, Rosa De James, Piedra Hincada, Puerto Azul (Urbanizacion), La Mata, La Fuentita, La Calabaza, Mazacote, Juan Gopar, Llano Florido, Las Playitas, Tesejerague, Las Casitas, Tarajalejo, Tuineje",28.27115,-14.05865
35660,"Corralejo, Geafond, Tres Islas, Lobos, Isla De, Corralejo Playa",28.728879999999997,-13.86812
36001,Pontevedra,42.4293,-8.644
36002,Pontevedra,42.4325,-8.6455
36003,Pontevedra,42.4248,-8.6442
36004,Pontevedra,42.4272,-8.6317
36005,Pontevedra,42.431,-8.6444
36141,"Acuña (Vilaboa), Paredes (Vilaboa), Vilaboa (San Martiño)",42.3768,-8.6595
36142,"Cobres (Santo Adran), Pazos (Cobres), Nores (Cobres), Barciela (Cobres), Santa Cristina De Cobres (Vilaboa), Muiño, O (Cobres), Pousada (Cobres)",42.3768,-8.6595
36162,Pontevedra,42.431,-8.6444
36163,"Pontevedra, Poio (San Salvador)",42.431,-8.6444
36201,Vigo,42.2372,-8.7166
36202,Vigo,42.236,-8.7274
36203,Vigo,42.2303,-8.7227
36204,Vigo,42.2322,-8.7144
36205,Vigo,42.2298,-8.7036
36206,Vigo,42.2351,-8.705
36207,Vigo,42.2465,-8.7003
36208,Vigo,42.2229,-8.7478
36209,Vigo,42.2174,-8.7449
36210,Vigo,42.2157,-8.7359
36211,Vigo,42.2247,-8.7304
36300,"Loureiral (Baiona), Baiona (Santa Maria), Baiona (Casco Urbano), Percebelleira (Baiona), Cova Terreña (Baiona)",42.182,-8.7608
36317,Vigo,42.2328,-8.7226
36320,"Chapela (San Fausto), Chapela (Casco Urbano)",42.2701,-8.6678
36330,Vigo,42.2328,-8.7226
36331,Vigo,42.2328,-8.7226
36340,"San Xoan (Panxon), Patos (Panxon), Area Alta, A (Panxon), Bouza Vella, A (Panxon), Gaifar (Panxon), Porqueira, A (Panxon), Panxon (San Xoan)",42.15,-8.8333
36350,"Nigran (San Fiz), Canido (Nigran), Angustia, A (Nigran), Telleiras, As (Nigran), Tarela, A (Nigran), Vilamean (Nigran)",42.1415,-8.8066
36370,"Tomadas, As (Ramallosa), Cabreira, A (Ramallosa), Ramallosa, A (San Pedro), Xesteira, A (Ramallosa), Golada, A (Ramallosa), Vilariño De Abaixo (Ramallosa), Viso, O (Ramallosa), Cotros, Os (Ramallosa)",42.182,-8.7608
36380,"Vilaza (Santa Maria), Gondomar (Casco Urbano), Gondomar (San Bieito)",42.1167,-8.725
36400,"Porriño, O (Casco Urbano), Porriño, O (Santa Maria)",42.2603,-8.4818
36419,"Sanguiñeda (Santa Maria), Pereiras (San Miguel), Cela (San Pedro), Campo De Eiro (Pereiras), Erville (Cela), Ameiro Longo (Sanguiñeda)",42.1833,-8.6333
36518,"Catasos (Santiago), Bidueiros (Santa Maria), Castro,O (San Salvador), Maceiras, As (San Remixio), Dozon (Santa Maria), Castro, O (Dozon), Sanguiñedo (Santa Maria)",42.9362,-8.259
36530,Rodeiro (San Vicente),42.6519,-7.9552
36570,"Manduas (San Tirso), Bandeira, A, Chapa (San Cibrao)",42.7311,-8.301
36590,"Vila De Cruces, Cruces (Nosa Señora Da Piedade)",42.9057,-8.2408
36600,"Vilagarcia (Parroquia Santa Eulalia), Fontecarmoa (San Pedro), Vilagarcia De Arousa",42.5963,-8.7643
36610,"Carril (Santiago), Guillan (Pª Carril), Caldigüela (Pª Carril), Carril (Pª Santiago De Afora)",42.629,-8.7389
36620,"Sinas, As (Vilanova De Arousa), Vilanova De Arousa, Vilanova De Arousa (Casco Urbano), Vilamaior (Caleiro)",42.5637,-8.821774999999999
36626,"Illa De Arousa, A (San Xulian)",42.5553,-8.8019
36630,Cambados (Santa Mariña),42.5062,-8.6673
36634,"Ribeiro, O (Corvillon), Cabana, A (Corvillon), Laxes, As (Corvillon), Rio Da Ucha, O (Corvillon), Tragove (Corvillon), Corvillon (San Amedio)",42.5062,-8.6673
36636,"Couto De Arriba (Barrantes), Barroso (Sisan, Ribadumia), Ribadumia (Santa Baia), Carrasqueira (Sisan, Ribadumia), Sisan (San Clemente-Ribadumia), Mosqueiro (Sisan, Ribadumia), Escusa, A (Ribadumia), Freixo, O (Ribadumia), Barrantes (Ribadumia), Besomaño (Santa Maria)",42.5047,-8.63081
36650,Caldas De Reis (Casco Urbano),42.6299,-8.627
36670,Cuntis (Casco Urbano),42.6177,-8.5936
36680,"Estrada, A (Casco Urbano)",42.7199,-8.4449
36690,"Canicouva, A (Santo Estevo), Arcade (Santiago), Acevedo (Ponte Sampaio), Ponte Sampaio (Santa Maria), Xesteira, A (Arcade), Calle, A (Arcade), Devesa, A (Arcade), Conde, O (Arcade)",42.3358,-8.5962
36700,"Tui (Casco Urbano), Tui (O Sagrario)",41.9844,-8.7434
36740,"Solleiro (Tomiño), Mosteiro (Tomiño), Vilachan (Tomiño), Vilar (Tomiño), Cotro (Tomiño), Tomiño (Santa Maria), Barro (Tomiño), San Benito (Tomiño), Gandara (Tomiño), Seijo (Zona Urbana Tomiño), Hospital (Tomiño), Pedra (Tomiño)",41.9877,-8.755
36780,"Guarda, A (Casco Urbano), Guarda, A (Santa Maria)",41.9056,-8.8579
36800,"Redondela (Santiago), Redondela (Casco Urbano)",42.369,-8.5199
36820,"Cuñas (Ponte Caldelas), Ponte Caldelas (Casco Urbano), Ponte Caldelas (Santa Eulalia), Pazos (Ponte Caldelas), Caldelas (Ponte Caldelas)",42.402,-8.5261
36860,"Ponteareas (San Miguel), Ponteareas (Casco Urbano), Canedo (Ponteareas)",42.1778,-8.5
36900,"Marin (Parroquia Santa Maria Do Porto), Marin (Casco Urbano)",42.3185,-8.7738
36930,Bueu (Casco Urbano),42.3204,-8.7665
36940,Cangas Do Morrazo,42.2641,-8.7846
36945,"Nerga (Hio - Cangas), Donon (Hio-Cangas), Limens (Hio - Cangas), Vilariño (Hio - Cangas), Vilanova (Hio - Cangas), Herbello (Aldan - Cangas), Piñeiro (Aldan - Cangas), San Cibran (Aldan - Cangas), Iglesario (Hio - Cangas), Menduiña (Aldan - Cangas), Pintens (Hio - Cangas), Hio (Cangas), Aldan (Cangas), Espiñeira (Aldan - Cangas)",42.27361428571429,-8.826385714285715
36946,Gandon (Aldan - Cangas),42.2833,-8.8167
36950,Moaña (Casco Urbano),42.2857,-8.7282
36955,"Isamil (Meira), Laton, O (Meira), Ribeira, A (Meira), Couso (Meira), Guia, A (Meira), Meira (Santa Eulalia), Reibon (Meira), Moureira, A (Meira)",42.2857,-8.7282
36960,Sanxenxo (Casco Urbano),42.4098,-8.7759
36970,Portonovo (Adina),42.4106,-8.8326
36980,"Grove, O (Casco Urbano)",42.3185,-8.7738
36990,"Vilar (Vilalonga), Vilalonga (San Pedro), Gondar (San Tome), Noalla (Santo Estevo), Rouxique (Vilalonga), Aios (Noalla), Soutullo (Noalla), Salgueira, A (Vilalonga), Fonte De Ons (Noalla), Mourelos (Noalla)",42.4376,-8.7548
37001,Salamanca,40.9639,-5.6606
37002,Salamanca,40.9665,-5.665
37003,Salamanca,40.9668,-5.6482
37004,Salamanca,40.9746,-5.652
37005,Salamanca,40.9742,-5.6597
37006,Salamanca,40.9766,-5.6729
37007,Salamanca,40.9688,-5.6716
37008,Salamanca,40.9475,-5.6822
37184,"Poligono Los Villares Reina, Bizarricas, Las (Urbanizacion), Villares De La Reina",41.0083,-5.648799999999999
37188,"La Pinilla, Carbajosa De La Sagrada",40.9331,-5.6503
37300,Peñaranda De Bracamonte,40.9011,-5.2003
37405,Cantalpino,41.0529,-5.3309
37500,"Ciudad Rodrigo, Ivanrey, Arrabal De San Sebastian, Poligono Industrial Las Viñas",40.601975,-6.53885
37700,"Bejar, Palomares De Bejar, Palomares Alto",40.38903333333334,-5.743533333333333
37770,Guijuelo,40.5571,-5.6717
37800,Alba De Tormes,40.8266,-5.5124
37900,Santa Marta De Tormes,40.9507,-5.6272
38001,Santa Cruz De Tenerife,28.4682,-16.2546
38002,Santa Cruz De Tenerife,28.4682,-16.2546
38003,Santa Cruz De Tenerife,28.4682,-16.2546
38004,Santa Cruz De Tenerife,28.4682,-16.2546
38005,Santa Cruz De Tenerife,28.4682,-16.2546
38006,Santa Cruz De Tenerife,28.4682,-16.2546
38007,Santa Cruz De Tenerife,28.4682,-16.2546
38008,Santa Cruz De Tenerife,28.4682,-16.2546
38009,Santa Cruz De Tenerife,28.4682,-16.2546
38010,Santa Cruz De Tenerife,28.4682,-16.2546
38107,"Llano Del Moro (Santa Cruz) (Ver Callejero De Santa Cruz De Tenerife), Santa Cruz De Tenerife, La Gallega, El Tablero, Tincer, Barranco Grande, El Sobradillo, El Rosarito, Las Veredillas, El Pilar",28.43839,-16.303800000000003
38108,"Las Chumberas, Taco, Los Andenes, San Cristobal De La Laguna, San Matias",28.4598,-16.30642
38109,"El Chorrillo, Campana, La (Poligono Industrial), San Isidro (El Rosario), Bocacangrejo (El Rosario), Radazul",28.44234,-16.30762
38111,"Santa Cruz De Tenerife, Santa Maria Del Mar, Añaza, Acoran, Alisios",28.43254,-16.29406
38200,San Cristobal De La Laguna,28.4853,-16.3201
38201,San Cristobal De La Laguna,28.4853,-16.3201
38202,San Cristobal De La Laguna,28.4853,-16.3201
38203,San Cristobal De La Laguna,28.4853,-16.3201
38204,San Cristobal De La Laguna,28.4853,-16.3201
38205,San Cristobal De La Laguna,28.4853,-16.3201
38207,San Cristobal De La Laguna,28.4853,-16.3201
38260,Tejina,28.5336,-16.3617
38280,Tegueste,28.5231,-16.3387
38300,"Parque Nacional Teide, La Orotava, Las Cañadas Del Teide",28.3907,-16.522966666666665
38315,"La Aza, La Perdoma",28.37805,-16.55085
38320,"La Cuesta, San Cristobal De La Laguna, Santa Cruz De Tenerife",28.47993333333333,-16.309466666666665
38330,"Guamasa, El Pulpito",28.486649999999997,-16.363599999999998
38350,"Tacoronte, Cantiillo, El (Tacoronte), El Torreon",28.476466666666667,-16.412766666666666
38356,"San Juan Perales, San Jeronimo (Tacoronte)",28.4891,-16.407600000000002
38360,"El Sauzal, El Puertito, Angeles, Los (Urbanizacion)",28.5106,-16.381566666666668
38370,La Matanza De Acentejo,28.4524,-16.4472
38380,La Victoria De Acentejo,28.4323,-16.4623
38390,"Santa Ursula, Vera, La (Santa Ursula), Lomo Roman, Cuesta De La Villa, Quinta",28.4261,-16.4888
38400,Puerto De La Cruz,28.414,-16.5487
38410,"Realejo Alto, Los Realejos",28.37265,-16.5834
38417,"Toscal, El (Los Realejos)",28.3674,-16.5833
38420,San Juan De La Rambla,28.3928,-16.6501
38430,"San Felipe, Icod, San Marcos, De (Playa)",28.374033333333333,-16.7144
38435,"San Jose De Los Llanos, Erjos, El Tanque, Ruigomez, La Tierra Del Trigo",28.341739999999998,-16.79196
38438,"El Amparo, La Patita, Pedregal, Cueva Del Viento",28.356975,-16.71225
38440,"La Guancha, Lomo Blanco (Guancha, La)",28.3664,-16.673
38450,Garachico,28.3725,-16.7634
38470,"Los Silos, El Casco",28.366,-16.81615
38480,Buenavista Del Norte,28.3746,-16.861
38500,Guimar,28.3039,-16.4325
38508,"Socorro, El (Guimar), El Puertito De Guimar",28.3186,-16.3996
38530,"Candelaria, Las Caletillas",28.366149999999998,-16.3664
38550,"El Carreton, La Hidalga, Arafo",28.33383333333333,-16.399199999999997
38560,"La Medida, Pajara (Guimar), Punta Prieta",28.280333333333335,-16.4085
38600,Granadilla,28.1188,-16.576
38611,"Castro, San Isidro De Abona, Vistas De Yaco, Casablanca (Granadilla), Montaña De Yaco, Chuchurumbache, Atogo",28.073314285714286,-16.567214285714286
38612,El Medano,28.0462,-16.5363
38620,San Miguel De Abona,28.1181,-16.6025
38626,"Cruz De Guanche, Valle De San Lorenzo, Los Toscales",28.125733333333333,-16.6115
38627,"Buzanada, La Camella, Cabo Blanco, Barranco Oscuro, Los Bebederos",28.07346,-16.6662
38631,"Las Galletas, Rosas, Las (Las Galletas)",28.003700000000002,-16.6528
38632,"Guargacho, Guaza, Palm-Mar, Cho, Reina, La (Parque), Fraile",28.037816666666668,-16.66665
38639,"Guincho, El (San Miguel), Chafiras, Las (San Miguel De Abona), Amarilla Golf, Golf Del Sur",28.025624999999998,-16.6092
38650,Playa De Los Cristianos,28.1465,-16.6752
38660,"Costa Adeje, La Caldera, Costa Adeje-San Eugenio, Costa Adeje-Playas De Fañabe",28.109424999999998,-16.727075
38670,"Las Torres, Adeje Casco, Las Nieves",28.131600000000002,-16.7453
38679,Fañabe,28.0903,-16.7332
38683,"Puerto De Santiago, Acantilados De Los Gigantes",28.2367,-16.8433
38684,Tamaimo (Santiago Del Teide),28.294,-16.8162
38686,"Cueva Del Polvo, Alcala, El Varadero",28.213066666666666,-16.832966666666668
38687,"Piedra Hincada, Aponte, Aguadulce, Playa San Juan, Abama, Fonsalia",28.216566666666665,-16.79375
38700,"Morro, El (Santa Cruz De La Palma), Santa Cruz De La Palma",28.6835,-17.7642
38710,Breña Alta,28.65,-17.7833
38750,El Paso,28.6522,-17.88
38760,"Retamar (Los Llanos), Llanos De Aridane, Argual",28.658733333333334,-17.919066666666666
38770,Tazacorte,28.6434,-17.9329
38789,"Fagundo, Pinar, El (Puntagorda), Roque, El (Puntagorda), Puntagorda",28.767975,-17.976875
38800,San Sebastian Gomera,28.0916,-17.1133
38911,"Los Mocanes, Frontera, Puntas, Las (V. Hierro), Luchon",27.75815,-18.004525
39001,Santander,43.4647,-3.8088
39002,Santander,43.4608,-3.8088
39003,Santander,43.4645,-3.8016
39004,Santander,43.4646,-3.7918
39006,Santander,43.4672,-3.8072
39007,Santander,43.4621,-3.8219
39008,Santander,43.4587,-3.8191
39009,Santander,43.4543,-3.8167
39010,Santander,43.46,-3.8239
39011,Santander,43.4558,-3.8434
39012,Santander,43.4623,-3.8384
39100,Santa Cruz De Bezana,43.4437,-3.9032
39108,"Mompia, Prezanes, Maoño, Azoños",43.435725000000005,-3.9126
39120,"Liencres, Mortera",43.45385,-3.92755
39180,Noja,43.4834,-3.5246
39200,"Matamorosa, Reinosa",42.986850000000004,-4.1457
39300,"Barreda (Torrelavega), Torrelavega, Sierrapando, La Montaña, Dualez, Campuzano, Torres, Ganzo, Tanos",43.34543333333333,-4.050188888888889
39400,"Penias, Somahoz, San Andres (Los Corrales), Los Corrales De Buelna, Lobado, San Mateo",43.2594,-4.068183333333333
39500,"Vernejo, Ontoria, Cabezon De La Sal",43.30713333333333,-4.2252
39540,San Vicente De La Barquera,43.3851,-4.3993
39560,Unquera,43.3737,-4.5161
39570,"Rases, Santo Toribio, Potes",43.15473333333333,-4.628900000000001
39600,"Revilla De Camargo, Maliaño, Muriedas",43.416500000000006,-3.8521666666666667
39610,Astillero,43.4009,-3.8205
39700,Castro Urdiales,43.3829,-3.2204
39727,"Rubalcaba, La Rañada, Calgar, El Rellano, Extremera, Angustina (Riotuerto), Vega, La (Lierganes), Los Prados, Mercadillo, Las Porquerizas, La Quieva",43.32587272727273,-3.7444636363636365
39740,Santoña,43.443,-3.4562
39750,Colindres,43.3956,-3.4507
39770,"Laredo, Pesquera, La (Laredo), Las Casillas, El Callejo, Villante",43.407979999999995,-3.42552
39788,"Llano, El (Guriezo), La Corra, Lendagua, Revilla (Guriezo), Carazon, Francos, El Pontarron, Santa Cruz (Guriezo), Puente, El (Guriezo), Tresagua, Landeral, Rioseco De Guriezo, La Magdalena, Ranero, Torquiendo, Lugarejos, Balbacienta, Pomar, Nocina, Adino, Angostina",43.358000000000004,-3.323728571428571
39790,"Paderne, Rueda, Mazuecas, Rivaplumo, El Bao, Gama, La Ermita, Sollagua, San Pelayo (Cicero), Barcena De Cicero, Cornocio (Cicero), Carnerizas, La Fragua, Pomares, Cicero, La Via",43.412975,-3.4909625
40001,Segovia,40.9487,-4.1194
40002,Segovia,40.9434,-4.1188
40003,Segovia,40.9534,-4.1161
40004,Segovia,40.944,-4.1052
40005,Segovia,40.9401,-4.1126
40165,"Tejadilla (Ventosilla), Pradena, Ventosilla, Casas Altas, Pradenilla",41.167500000000004,-3.68728
40194,"Tabanera Del Monte, Palazuelos De Eresma, Quitapesares, Sonsoto, Trescasas",40.94026,-4.053839999999999
40200,Cuellar,41.4016,-4.3147
40216,"Chañe, Remondo",41.339,-4.45545
40250,Mozoncillo,41.1457,-4.1873
40357,Fuentidueña,41.4425,-3.979
40370,Turegano,41.1561,-4.007
40400,"El Espinar, Espinar, De El (Estacion)",40.72945,-4.214
40450,Nava De La Asuncion,41.1559,-4.4875
41001,Sevilla,37.3885,-5.9977
41002,Sevilla,37.3981,-5.9958
41003,Sevilla,37.3949,-5.9876
41004,Sevilla,37.3877,-5.9905
41005,Sevilla,37.3813,-5.9654
41006,Sevilla,37.3739,-5.9489
41007,Sevilla,37.3983,-5.9583
41008,Sevilla,37.4031,-5.9749
41009,Sevilla,37.4071,-5.9842
41010,Sevilla,37.3818,-6.0071
41011,Sevilla,37.3744,-6.0008
41012,Sevilla,37.3548,-5.9848
41013,Sevilla,37.3656,-5.9751
41014,Sevilla,37.3824,-5.9761
41015,Sevilla,37.4211,-5.9772
41016,Sevilla,37.384,-5.9116
41018,Sevilla,37.3847,-5.9788
41019,Sevilla,37.41,-5.9254
41020,Sevilla,37.4005,-5.93
41089,Dos Hermanas,37.2829,-5.9209
41100,"La Vega, Coria Del Rio, Carchena",37.28053333333333,-6.0523
41110,Bollullos De La Mitacion,37.3401,-6.1372
41120,Gelves,37.3381,-6.0267
41130,"Poblado De Colinas, La Puebla Del Rio",37.2679,-6.0626
41140,Isla Mayor,37.1326,-6.1656
41200,Alcala Del Rio,37.5178,-5.9819
41210,"Guillena, Lagos Del Serrano",37.5434,-6.056150000000001
41300,"San Jose De La Rinconada, La Jarilla, Poligono Industrial Nacoisa, Poligono Industrial El Gordillo, Poligono Industrial Majaravique, Majaloba",37.482683333333334,-5.928816666666666
41309,La Rinconada,37.4873,-5.9814
41310,Brenes,37.5491,-5.8709
41400,Ecija,37.5422,-5.0826
41410,Carmona,37.4706,-5.6474
41420,Fuentes De Andalucia,37.4641,-5.3461
41439,"Cañada Rosal, La Monclova",37.59825,-5.2094000000000005
41440,"La Rambla, Lora Del Rio, Acebuchal, El (Lora Del Rio), El Rincon, Setefilla, El Priorato",37.67151666666667,-5.508166666666667
41500,"Torrequinto (Urbanizacion), Trujillo Cabeza Sordo, San Rafael (Urbanizacion), Santa Genoveva (Urbanizacion), Soledad, Acebuchal, El (Alcala De Guadaira), Gandul-Marchenilla, Alcala De Guadaira",37.3379,-5.8395
41510,"Mairena Del Alcor, Clavinque, Bencarron",37.373,-5.7495
41520,El Viso Del Alcor,37.3911,-5.7199
41530,"La Ramira, Moron De La Frontera",37.12125,-5.4948999999999995
41540,La Puebla De Cazalla,37.2215,-5.3115
41560,"Estepa, Alamedilla, Pozo Del Villar, La Salada, El Gallo",37.29448,-4.853140000000001
41567,Herrera,37.3629,-4.8476
41590,La Roda De Andalucia,37.2038,-4.778
41600,"Las Monjas, La Gironda, Arahal",37.1739,-5.564433333333334
41620,Marchena,37.3275,-5.4166
41640,"Osuna, Puerto De La Encina",37.2371,-5.1063
41657,Los Corrales,37.0991,-4.9837
41700,Dos Hermanas,37.2829,-5.9209
41701,Dos Hermanas,37.2832,-5.9264
41702,Dos Hermanas,37.2794,-5.9151
41704,Dos Hermanas,37.294,-5.9281
41710,"Don Rodrigo, Utrera, Bencarron (Utrera)",37.18533333333334,-5.781133333333333
41720,Los Palacios Y Villafranca,37.1618,-5.9243
41730,"Vetaherrado, Sacramento, Las Cabezas De San Juan",37.02096666666667,-5.931766666666667
41740,Lebrija,36.9192,-6.0761
41749,El Cuervo,36.853,-6.0378
41770,Montellano,36.9943,-5.5712
41800,Sanlucar La Mayor,37.3871,-6.2011
41804,Olivares,37.4184,-6.1559
41805,Benacazon,37.3529,-6.1966
41807,Espartinas,37.3811,-6.1269
41809,Albaida Del Aljarafe,37.4235,-6.1667
41830,Huevar De Aljarafe,37.5255,-6.2729
41840,Pilas,37.3035,-6.3015
41860,Gerena,37.5311,-6.1557
41900,Camas,37.3998,-6.0349
41907,Valencina De La Concepcion,37.4162,-6.0742
41908,Castilleja De Guzman,37.4096,-6.0551
41909,Salteras,37.4191,-6.1106
41920,San Juan De Aznalfarache,37.3581,-6.0373
41927,Mairena Del Aljarafe,37.3446,-6.0639
41928,Palomares Del Rio,37.3222,-6.0586
41930,Bormujos,37.3715,-6.0723
41940,Tomares,37.3809,-6.0423
41950,Castilleja De La Cuesta,37.3859,-6.0526
41960,Gines,37.3867,-6.078
41970,Santiponce,37.4356,-6.0425
41980,La Algaba,37.4625,-6.0127
42001,Soria,41.767,-2.4727
42002,Soria,41.7644,-2.4645
42003,Soria,41.7606,-2.4693
42004,Soria,41.7652,-2.4724
42100,Agreda,41.8559,-1.9224
42110,Olvega,41.779,-1.9839
42200,Almazan,41.4865,-2.5309
42300,El Burgo De Osma,41.5862,-3.0652
43001,Tarragona,41.1152,1.2485
43002,Tarragona,41.1204,1.2507
43003,Tarragona,41.1175,1.2574
43005,Tarragona,41.1174,1.2417
43007,Tarragona,41.1238,1.2585
43110,La Canonja,41.1217,1.1816
43201,Reus,41.1557,1.1078
43202,Reus,41.1568,1.1011
43203,Reus,41.1626,1.1101
43204,Reus,41.1529,1.1161
43205,Reus,41.144,1.1075
43300,"Mont-Roig Del Camp, Monmont Terres Noves (Urbanitzacio), Club Mont-Roig (Urbanitzacio)",41.2089,0.9537999999999999
43330,Riudoms,41.1384,1.0522
43460,Alcover,41.2621,1.1703
43480,Vila-Seca,41.1167,1.15
43500,"Simpatica (Carretera), Tortosa",40.81125,0.5220499999999999
43530,Alcanar,40.544,0.4804
43540,Sant Carles De La Rapita,40.6167,0.6
43550,Ulldecona,40.5972,0.4462
43560,"La Cenia, La Senia",40.6333,0.2833
43570,Santa Barbara,40.7154,0.4929
43580,Deltebre,40.7187,0.7264
43700,El Vendrell,41.2262,1.5329
43720,"Arboç, L', Casetes De Puigmolto, Les, La Llacuneta",41.2667,1.6000000000000003
43740,Mora D'Ebre,41.0833,0.6333
43800,Valls,41.2883,1.2509
43820,Calafell,41.1997,1.5689
43830,Torredembarra,41.1487,1.3893
43840,"Reco De Salou, Salou",41.07665,1.1391
43850,"Cambrils, Costa Blanca (Camping)",41.07345,1.05605
43860,"Atmella De Mar, L', Nautic (Camping), Ametlla De Mar, L'",40.9,0.8000000000000002
43870,Amposta,40.7095,0.5774
43881,"Cunit-Diagonal (Urbanitzacio), Can Toni, Mar De Cunit (Camping), Eixample De Cunit, Valparaiso, Cunit, Cal Cego, Diagonal",41.291512499999996,1.9385249999999998
44001,Teruel,40.3422,-1.109
44002,Teruel,40.3315,-1.0992
44003,Teruel,40.3462,-1.1063
44200,Calamocha,40.9174,-1.299
44400,Mora De Rubielos,40.2502,-0.7525
44500,Andorra,40.9769,-0.4462
44510,La Puebla De Hijar,41.2222,-0.4409
44580,Valderrobres,40.8733,0.1539
44600,Alcañiz,41.0502,-0.1342
44780,Muniesa,41.0323,-0.8107
45001,Toledo,39.8579,-4.0222
45003,Toledo,39.8659,-4.0231
45004,Toledo,39.8562,-4.049
45005,Toledo,39.8853,-4.0512
45006,Toledo,39.8602,-4.0059
45007,Toledo,39.8581,-4.0226
45100,Sonseca,39.6774,-3.9771
45111,Cobisa,39.8049,-4.0242
45122,"El Viso, Arges",39.8063,-4.057
45161,Polan,39.7877,-4.1679
45164,Galvez,39.7021,-4.2724
45190,Nambroca,39.7986,-3.9464
45200,Illescas,40.1261,-3.8502
45210,Yuncos,40.0888,-3.8734
45214,Cedillo Del Condado,40.1126,-3.9213
45223,Seseña Viejo,40.0997,-3.7397
45280,Olias Del Rey,39.9444,-3.9868
45300,Ocaña,39.958,-3.4978
45400,Mora,39.6842,-3.7737
45470,Los Yebenes,39.5816,-3.8706
45500,Torrijos,39.982,-4.2825
45520,Villaluenga De La Sagra,40.0266,-4.1136
45529,Yuncler,40.0426,-3.9016
45600,Talavera De La Reina,39.9635,-4.8308
45700,Consuegra,39.4608,-3.6077
45710,Madridejos,39.4695,-3.5325
45730,"Las Lagunas, Villafranca De Los Caballeros",39.437799999999996,-3.35045
45800,Quintanar De La Orden,39.5937,-3.0417
45860,Villacañas,39.6211,-3.3399
45870,Lillo,39.7231,-3.3062
45880,Corral De Almaguer,39.7599,-3.1645
45930,Mentrida,40.239,-4.1934
45940,Valmojado,40.2047,-4.0889
46001,Valencia,39.4698,-0.3774
46002,Valencia,39.4698,-0.3774
46003,Valencia,39.4698,-0.3774
46004,Valencia,39.4698,-0.3774
46005,Valencia,39.4698,-0.3774
46006,Valencia,39.4698,-0.3774
46007,Valencia,39.4698,-0.3774
46008,Valencia,39.4698,-0.3774
46009,Valencia,39.4698,-0.3774
46010,Valencia,39.4698,-0.3774
46011,Valencia,39.4698,-0.3774
46013,Valencia,39.4698,-0.3774
46014,Valencia,39.4698,-0.3774
46015,Valencia,39.4698,-0.3774
46016,Valencia,39.4698,-0.3774
46017,Valencia,39.4698,-0.3774
46018,Valencia,39.4698,-0.3774
46019,Valencia,39.4698,-0.3774
46020,Valencia,39.4698,-0.3774
46021,Valencia,39.4698,-0.3774
46022,Valencia,39.4698,-0.3774
46023,Valencia,39.4698,-0.3774
46025,Valencia,39.4698,-0.3774
46026,Valencia,39.4698,-0.3774
46035,"Valencia, Benimamet",39.5,-0.4167
46100,Burjassot,39.5101,-0.4129
46113,Moncada,39.5468,-0.3955
46117,"Benagolf (San Antonio) (Urbanizacion), Vall De Flors (Urbanitzacio), Betera, Benagolf (Betera) (Urbanizacion)",39.5833,-0.45
46120,Alboraya,39.5,-0.35
46130,Massamagrell,39.5738,-0.3364
46132,Almassera,39.5167,-0.35
46133,Meliana,39.5281,-0.3484
46134,"Foios, Cuiper",39.53545,-0.3525
46138,Rafelbuñol/Rafelbunyol,39.5396,-0.3458
46139,La Pobla De Farnals,39.5396,-0.3458
46160,"Lliria, Vanacloig",39.65,-0.70835
46170,Villar Del Arzobispo,39.7333,-0.8167
46180,Benaguasil,39.5939,-0.5882
46181,Benisano,39.6167,-0.5667
46182,"Vallesa, La (Urbanizacion), La Cañada",39.53185,-0.48414999999999997
46183,"Eliana, L'",39.5667,-0.5333
46185,"Montecolorado (Urbanizacion), La Pobla De Vallbona",39.6,-0.55
46190,Riba-Roja De Turia,39.5167,-0.5167
46191,Vilamarxant,39.5684,-0.6239
46192,Monserrat,39.3667,-0.6
46193,Montroy,39.3333,-0.6167
46195,Llombai,39.2784,-0.5695
46200,Paiporta,39.4274,-0.4167
46210,Picanya,39.4345,-0.4312
46220,"Picassent, Alter, L'",39.3642,-0.456
46230,"San Patricio (Urbanizacion), Lagos, Los (Alginet) (Urbanizacion), Lagos, Los (Alfarp) (Urbanizacion), Alginet",39.2715,-0.496
46240,"Ausias March (Urbanizacion), Carlet",39.230149999999995,-0.51955
46250,"Alcudia, L', Montortal",39.1667,-0.5167
46260,Alberic,39.117,-0.5209
46290,Alcasser,39.3667,-0.4333
46294,"Carcer, Cotes",39.068799999999996,-0.5710999999999999
46300,"Utiel, Aldea De Estenas",39.567449999999994,-1.20245
46340,Requena,39.489,-1.1009
46360,Buñol,39.4211,-0.7898
46370,Chiva,39.4715,-0.7188
46380,Cheste,39.4955,-0.686
46389,"Turis, Conde Cortichelles, Del (Masia)",39.3833,-0.7
46400,Cullera,39.1659,-0.2548
46410,Sueca,39.2021,-0.3108
46417,Riola,39.1966,-0.3349
46420,El Perello,39.2772,-0.2757
46440,Almussafes,39.2923,-0.4133
46450,Benifaio,39.2844,-0.426
46460,Silla,39.3628,-0.4121
46470,"Massanassa, Catarroja, Albal",39.4034,-0.4052
46500,Sagunt/Sagunto,39.6833,-0.2667
46511,Benifairo De Les Valls,39.7333,-0.2667
46520,"Almarda, De (Playa), Puerto De Sagunto",39.6622,-0.2175
46530,Puçol,39.6172,-0.3065
46600,Alzira,39.1518,-0.4333
46610,Guadassuar,39.1866,-0.4782
46630,La Font De La Figuera,38.8,-0.8833
46640,Mogente/Moixent,38.8749,-0.7523
46680,"Carrascalet, Algemesi",39.1918,-0.43745
46700,Gandia,38.9667,-0.1833
46701,Gandia,38.9719,-0.1807
46702,Gandia,38.9654,-0.1873
46717,La Font D'En Carros,38.94,-0.1397
46740,Carcaixent,39.1221,-0.4471
46750,Simat De La Valldigna,39.0333,-0.3167
46760,"Tavernes De La Valldigna, Tavernes De La Valldigna, De (Playa)",39.0667,-0.2667
46780,Oliva,38.919,-0.1183
46800,"Torre De Lloris, Xativa, Sorio, Anahuir",38.998875,-0.524975
46810,Enguera,38.9791,-0.6881
46860,Albaida,38.84,-0.5193
46870,Ontinyent,38.8223,-0.607
46900,"Torrent, El Realon",39.4362,-0.46725
46910,"Lugar Nuevo De La Corona, Sedavi, Benetusser, Alfafar",39.4225,-0.390075
46920,Mislata,39.4722,-0.4112
46930,"Quart De Poblet, Barrio De Porta, Barrio Jose Artesano",39.4814,-0.4394
46940,"Aeropuerto De Manises (Valencia), La Presa, Collado (Partida), Manises",39.505825,-0.489375
46950,Xirivella,39.4641,-0.4302
46960,"Aldaia, Barrio Del Cristo",39.47125,-0.46295
46970,Alaquas,39.4557,-0.461
46980,"Paterna, Cruz De Gracia",39.5018,-0.4377
47001,Valladolid,41.6505,-4.7287
47002,Valladolid,41.6509,-4.7226
47003,Valladolid,41.6556,-4.7259
47004,Valladolid,41.6462,-4.7222
47005,Valladolid,41.6512,-4.7142
47006,Valladolid,41.6398,-4.7388
47007,Valladolid,41.6373,-4.7351
47008,Valladolid,41.6182,-4.7505
47009,Valladolid,41.6622,-4.7408
47010,Valladolid,41.6653,-4.7163
47011,Valladolid,41.6607,-4.7079
47012,Valladolid,41.635,-4.7064
47013,Valladolid,41.6336,-4.7214
47014,Valladolid,41.64,-4.7542
47015,Valladolid,41.6468,-4.7475
47100,Tordesillas,41.5032,-5.0005
47140,Laguna De Duero,41.5815,-4.7233
47151,Boecillo,41.5423,-4.7001
47162,Aldeamayor De San Martin,41.5126,-4.6395
47193,La Cisterniga,41.6407,-4.7994
47195,"La Flecha, Arroyo De La Encomienda",41.613150000000005,-4.7818000000000005
47300,Peñafiel,41.5975,-4.1202
47320,"Tudela De Duero, Montemayor De Pililla",41.5466,-4.51915
47400,Medina Del Campo,41.3124,-4.9141
47420,Iscar,41.3612,-4.5335
47610,Zaratan,41.6597,-4.7842
48001,Bilbao,43.2633,-2.9286
48002,Bilbao,43.2527,-2.9518
48003,"Bilbao, Ollargan, La Peña, Santa Isabel",43.19335,-2.7188499999999998
48004,Bilbao,43.2521,-2.9102
48005,Bilbao,43.2576,-2.9237
48006,Bilbao,43.2558,-2.9181
48007,Bilbao,43.2666,-2.9199
48008,Bilbao,43.2604,-2.9324
48009,Bilbao,43.2655,-2.9333
48010,Bilbao,43.259,-2.9399
48011,Bilbao,43.2626,-2.9393
48012,Bilbao,43.2549,-2.9398
48013,Bilbao,43.2623,-2.9488
48014,Bilbao,43.272,-2.9478
48015,Bilbao,43.2791,-2.9609
48100,"Basozabal, Zabalondo, Iturribaltzaga, Berreagamendi, Billela, Mungia, Belako, Llona, Atela, Laukariz, Atxuri, Maurola, Elgezabal, Trobika",43.34562142857143,-2.8490714285714285
48140,"Olarra, Arantzazu, Zelaia (Arantzazu), Igorre, Garbe, San Juan (Igorre), Basauntz, Arantzazugoiti, Elexalde (Igorre), Olabarri, Urkizu, Sabino Arana, Santa Lutzia",43.15865384615385,-2.693992307692308
48150,"Zangroiz (Sondika), Basozabal (Sondika), Landa (Sondika), Julio Arteche (Poblado), Sondika, Izartza",43.291783333333335,-2.9205166666666664
48160,"Aldekona (San Isidro), Arteaga (Derio), San Esteban (Derio), Derio, Aranoltza (San Antolin), Elexalde Derio, Ugaldeguren (Santimami)",43.28795714285714,-2.6949
48170,"Geldo, Aranoltza-San Antolin, Ugaldeguren (Santimami), Arteaga-San Martin, Parque Tecnologico (Zamudio)",43.286,-2.87
48195,"Larrabetzu, Goikoelexalde, Gaztelu",43.2833,-2.9500000000000006
48200,"Garai, Garai-San Migel, Durango, Momoitio, Goierri (Garai)",43.185159999999996,-2.6173200000000003
48260,"Eitzaga, Ermua",43.181,-2.50575
48270,Markina-Xemein,43.2684,-2.4985
48280,Lekeitio,43.3655,-2.505
48300,"Lumo, Gernika-Lumo, Arana, Zallo, Errenteria",43.310320000000004,-2.66572
48330,"Durandio, Tallerreta, Lemorieta, Iturritxe, Txiriboketa, San Inazio, Arraño, Arantxe, Elizondo, Arraibi, Bolunburu, Azurreka, Mendieta (Lemoa), Agarre (Lemoa), Pozueta, Lemoa, Elorriaga (Lemoa), Errekalde (Lemoa), Mendieta (Poligono Industrial), Estaziñoa, Intzuntza (Lemoa), Zubieta (Lemoa), Larrabeiti, Bolunburu (Poligono Industrial)",43.20452916666667,-2.8074541666666666
48340,"Boroa, San Miguel (Amorebieta-Etxano), Etxano, Euba, Bernagoitia, Aldana, Autzagana, Oromiño (Amotebieta-Etxano), Astepe, Amorebieta-Etxano",43.213229999999996,-2.72178
48370,"Almika, Bermeo, Arranotegi, San Andres, Mañu, Arane, Artika, Landabaso (Poligono Industrial), Demiku, Baratz-Eder, Pelaio Deuna, Agirre (Bermeo), San Miguel",43.36634615384616,-2.689892307692308
48490,Ugao-Miraballes,43.1802,-2.9021
48500,"Abanto Y Ciervana, La Florida, Las Cortes, Casal, El (Poligono Industrial), San Pedro (Abanto-Zierbena), Abanto-Zierbena, La Balastera, Putxeta, El Campillo, La Hera, Abanto, Santa Juliana, Las Calizas, Los Castaños, Sanfuentes, Gallarta, Las Carreras, Picon, Triano (Abanto-Zierbena), Murrieta, Cotorrio",43.310514285714284,-3.086342857142857
48510,"Durañona, Trapaga-Causo, Trapagaran, Valle De Trapaga, Ugarte (Valle De Trapaga), Elguero, Galindo-Salcedillo",43.30127142857143,-3.0045571428571427
48530,"Urioste, Cadegal, La Orconera, Triano (Ortuella), Nocedal, Ortuella",43.30898333333334,-3.0552166666666665
48550,"Muskiz, San Julian De Muskiz, San Juan (Muskiz), La Rigada, Pobeña, Santelices, Cobaron",43.33298571428571,-3.118814285714286
48630,"Gandia, Urezarantza, Elexalde (Gorliz), Gorliz",43.412925,-2.937475
48710,"Erribera, Asterrika, Berriatua, Mereludi, Gardotza (Poligono Industrial), Magdalena (Berriatua)",43.31549999999999,-2.4622333333333333
48830,Sodupe,43.2011,-3.0475
48901,Barakaldo,43.2956,-2.9973
48902,"San Bizenti-Barakaldo, Barakaldo",43.2956,-2.9973
48903,"Barakaldo, Regato, El/Errekatxo",43.2793,-3.0072
48910,Sestao,43.3093,-3.004
48920,Portugalete,43.3187,-3.0215
48930,Getxo,43.3259,-3.0097
48940,"Telleria, Sarriena, Peruri, Santsoena, San Bartolome, Santimami (Leioa), Elexalde (Leioa), Estartetxe, Txorierri (Leioa), Artatza (Leioa), Leioa, Centro Civico (Leioa), San Juan (Leioa), Sakoneta, Mendibile, Begoñako Ama, Lamiako, Monte Ikea, Negurigane, La Chopera, Aketxe, Los Pinos, Ondiz, Artatzagane, Iturribide, Landabarri, Zarrageta, Udondo",43.310232142857146,-2.8885785714285714
48950,"Goierri (Erandio), Astrabudua, Erandio, Erandiogoikoa, Arriaga, Lutxana-Enekuri, Altzaga, Asua",43.3060125,-2.9608125
48960,"Gumuzio, Galdakao, Bekea, Usansolo, Agirre-Aperribai, La Cruz, Elexalde (Galdakao)",43.231457142857145,-2.8242857142857143
48970,"Mercabilbao, Elexalde (Basauri), Basauri, Urbi, Arizgoiti",43.23756,-2.87892
48980,"El Villar, Balparda, Santurtzi",43.32833333333334,-3.0340000000000003
48990,Getxo,43.3493,-3.0094
48991,Getxo,43.3493,-3.0094
48992,Getxo,43.3493,-3.0094
48993,Getxo,43.3493,-3.0094
49003,Zamora,41.5063,-5.7446
49011,Zamora,41.5063,-5.7446
49012,Zamora,41.5063,-5.7446
49013,Zamora,41.5063,-5.7446
49014,Zamora,41.5063,-5.7446
49015,Zamora,41.5063,-5.7446
49016,Zamora,41.5063,-5.7446
49019,Zamora,41.5063,-5.7446
49025,Zamora,41.5063,-5.7446
49029,Zamora,41.5063,-5.7446
49300,Puebla De Sanabria,42.054,-6.6335
49332,Camarzana,41.9947,-6.0266
49350,El Puente De Sanabria,42.1316,-6.6332
49600,Benavente,42.0025,-5.6783
49800,Toro,41.5242,-5.3953
50001,Zaragoza,41.6516,-0.8771
50002,Zaragoza,41.6486,-0.8668
50003,Zaragoza,41.6573,-0.8893
50004,Zaragoza,41.6521,-0.8891
50005,Zaragoza,41.6462,-0.8956
50006,Zaragoza,41.6398,-0.8902
50007,Zaragoza,41.6304,-0.8823
50008,Zaragoza,41.6422,-0.878
50009,Zaragoza,41.6399,-0.9052
50010,Zaragoza,41.6522,-0.9025
50011,Zaragoza,41.6558,-0.9298
50012,Zaragoza,41.6345,-0.9315
50013,Zaragoza,41.6378,-0.8653
50014,Zaragoza,41.6632,-0.8621
50015,Zaragoza,41.6702,-0.8737
50016,Zaragoza,41.6656,-0.8194
50017,Zaragoza,41.6504,-0.9102
50018,Zaragoza,41.6741,-0.885
50019,Zaragoza,41.6198,-0.9215
50021,Zaragoza,41.6162,-0.8683
50100,La Almunia De Doña Godina,41.4767,-1.3745
50172,Alfajarin,41.614,-0.7037
50180,Utebo,41.7152,-1.021
50196,La Muela,41.5801,-1.1172
50290,Epila,41.6005,-1.2801
50300,Calatayud,41.3252,-1.6397
50410,Cuarte De Huerva,41.5947,-0.9327
50430,Maria De Huerva,41.5388,-0.9962
50500,Tarazona,41.9037,-1.7272
50540,Borja,41.8344,-1.5333
50600,Ejea De Los Caballeros,42.1263,-1.1372
50620,Casetas,41.7184,-1.0253
50630,Alagon,41.7696,-1.1191
50650,Gallur,41.8683,-1.3166
50660,Tauste,41.9194,-1.2547
50700,Caspe,41.235,-0.0406
50740,Fuentes De Ebro,41.5125,-0.6316
50800,Zuera,41.8683,-0.7893
50820,San Juan Mozarrifar,41.7185,-0.8405
50830,"Villanueva De Gallego, Lomas Del Gallego",41.7692,-0.8235
50840,San Mateo De Gallego,41.8304,-0.7658
51001,Ceuta,35.8896,-5.3082
52001,Melilla,35.2902,-2.942
52003,Melilla,35.2952,-2.939
52004,Melilla,35.2977,-2.9537
52006,Melilla,35.2862,-2.949
