id_client,familia,bloc_analitic,tipus_alerta,segment_client,dies_sense_compra,cicle_habitual_dies,dies_retard,share_of_wallet_12m,potencial_anual_eur,impacte_recuperable_eur,urgencia,motiu_explicat,data_alerta,z_score_silenci,nivell_alerta,prioritat_score,canal_recomanat,rank_prioritat
1000081983,Biomateriales,Productes Tècnics,silenci_anomal_crític,actiu_regular,172,51.0,,,52711.18,5560.74,critica,Client actiu_regular de Biomaterials. Historial: 32 pedidos (7 últims 12m). Freqüència habitual: 51 ±34 dies. Porta 172 dies sense comprar (z=3.5). Anomalia crítica detectada.,2025-12-30,3.52,vermella,0.4782159183417242,delegat,1
1000077135,Biomateriales,Productes Tècnics,silenci_anomal_crític,actiu_regular,190,22.0,,,19420.9,3416.44,critica,Client actiu_regular de Biomaterials. Historial: 74 pedidos (4 últims 12m). Freqüència habitual: 22 ±18 dies. Porta 190 dies sense comprar (z=9.1). Anomalia crítica detectada.,2025-12-30,9.14,vermella,0.45120880064601154,delegat,2
1000100974,Biomateriales,Productes Tècnics,silenci_anomal_crític,actiu_regular,188,42.0,,,0.0,2155.87,critica,Client actiu_regular de Biomaterials. Historial: 12 pedidos (5 últims 12m). Freqüència habitual: 42 ±23 dies. Porta 188 dies sense comprar (z=6.4). Anomalia crítica detectada.,2025-12-30,6.45,vermella,0.425687051128304,delegat,3
1000101656,Anestesia,Commodities,risc_fuga,fidel,293,55.0,238.0,1.5,2223.12,615.92,critica,Client fidel de Anestesia. Cicle habitual: 55 dies (±16). Porta 293 dies sense comprar (238 dies de retard). Share of wallet últims 12m: 150%. Possible inici de fuga.,2025-12-30,,,0.4156563210297445,delegat,4
1000101729,Anestesia,Commodities,risc_fuga,fidel,201,63.0,138.0,1.5,3410.04,550.43,critica,Client fidel de Anestesia. Cicle habitual: 63 dies (±28). Porta 201 dies sense comprar (138 dies de retard). Share of wallet últims 12m: 150%. Possible inici de fuga.,2025-12-30,,,0.40839582372807265,delegat,5
42893,Biomateriales,Productes Tècnics,silenci_anomal_crític,actiu_regular,246,31.0,,,0.0,1577.42,critica,Client actiu_regular de Biomaterials. Historial: 6 pedidos (5 últims 12m). Freqüència habitual: 31 ±23 dies. Porta 246 dies sense comprar (z=9.2). Anomalia crítica detectada.,2025-12-30,9.21,vermella,0.40837247232793067,delegat,6
1000101095,Anestesia,Commodities,risc_fuga,fidel,250,42.0,208.0,1.5,3410.04,544.24,critica,Client fidel de Anestesia. Cicle habitual: 42 dies (±34). Porta 250 dies sense comprar (208 dies de retard). Share of wallet últims 12m: 150%. Possible inici de fuga.,2025-12-30,,,0.40766547854489765,delegat,7
1000064974,Biomateriales,Productes Tècnics,silenci_anomal_crític,actiu_regular,172,41.0,,,13872.52,1450.85,critica,Client actiu_regular de Biomaterials. Historial: 40 pedidos (5 últims 12m). Freqüència habitual: 41 ±29 dies. Porta 172 dies sense comprar (z=4.6). Anomalia crítica detectada.,2025-12-30,4.55,vermella,0.40373731707483135,delegat,8
1000082355,Biomateriales,Productes Tècnics,silenci_anomal_crític,actiu_regular,244,38.0,,,5338.0,1380.75,critica,Client actiu_regular de Biomaterials. Historial: 4 pedidos (4 últims 12m). Freqüència habitual: 38 ±17 dies. Porta 244 dies sense comprar (z=12.1). Anomalia crítica detectada.,2025-12-30,12.14,vermella,0.4009930259753168,delegat,9
41580,Biomateriales,Productes Tècnics,silenci_anomal_crític,actiu_regular,222,48.0,,,23119.82,1083.02,critica,Client actiu_regular de Biomaterials. Historial: 34 pedidos (10 últims 12m). Freqüència habitual: 48 ±43 dies. Porta 222 dies sense comprar (z=4.1). Anomalia crítica detectada.,2025-12-30,4.07,vermella,0.3875357810808186,delegat,10
1000059704,Anestesia,Commodities,risc_fuga,fidel,244,32.0,211.0,1.02,4546.72,386.44,critica,Client fidel de Anestesia. Cicle habitual: 32 dies (±8). Porta 244 dies sense comprar (211 dies de retard). Share of wallet últims 12m: 102%. Possible inici de fuga.,2025-12-30,,,0.3855610418129865,delegat,11
1000078481,Biomateriales,Productes Tècnics,silenci_anomal_crític,actiu_regular,246,36.0,,,9247.3,1000.37,critica,Client actiu_regular de Biomaterials. Historial: 46 pedidos (5 últims 12m). Freqüència habitual: 36 ±35 dies. Porta 246 dies sense comprar (z=6.0). Anomalia crítica detectada.,2025-12-30,5.99,vermella,0.38313788260569165,delegat,12
39949,Biomateriales,Productes Tècnics,silenci_anomal_crític,actiu_regular,224,39.0,,,5548.38,903.72,critica,Client actiu_regular de Biomaterials. Historial: 41 pedidos (6 últims 12m). Freqüència habitual: 39 ±43 dies. Porta 224 dies sense comprar (z=4.3). Anomalia crítica detectada.,2025-12-30,4.26,vermella,0.3775093763160639,delegat,13
1000101237,Anestesia,Commodities,risc_fuga,fidel,197,67.0,129.0,1.161,3410.04,329.97,critica,Client fidel de Anestesia. Cicle habitual: 67 dies (±25). Porta 197 dies sense comprar (129 dies de retard). Share of wallet últims 12m: 116%. Possible inici de fuga.,2025-12-30,,,0.37536923601495154,delegat,14
1000077135,Anestesia,Commodities,risc_fuga,fidel,190,52.0,138.0,1.5,2223.12,292.68,critica,Client fidel de Anestesia. Cicle habitual: 52 dies (±28). Porta 190 dies sense comprar (138 dies de retard). Share of wallet últims 12m: 150%. Possible inici de fuga.,2025-12-30,,,0.36763564467157095,delegat,15
27995,Bioseguridad,Commodities,risc_fuga,fidel,95,35.0,59.0,1.5,2223.12,1894.6,alta,Client fidel de Bioseguridad. Cicle habitual: 35 dies (±17). Porta 95 dies sense comprar (59 dies de retard). Share of wallet últims 12m: 150%. Possible inici de fuga.,2025-12-30,,,0.36621085793081903,delegat,16
15330,Biomateriales,Productes Tècnics,silenci_anomal_crític,actiu_regular,225,55.0,,,16645.14,689.38,critica,Client actiu_regular de Biomaterials. Historial: 30 pedidos (5 últims 12m). Freqüència habitual: 55 ±43 dies. Porta 225 dies sense comprar (z=4.0). Anomalia crítica detectada.,2025-12-30,3.98,vermella,0.3625155663119445,delegat,17
31849,Biomateriales,Productes Tècnics,silenci_anomal_crític,actiu_regular,209,17.0,,,27741.9,567.75,critica,Client actiu_regular de Biomaterials. Historial: 81 pedidos (11 últims 12m). Freqüència habitual: 17 ±12 dies. Porta 209 dies sense comprar (z=15.5). Anomalia crítica detectada.,2025-12-30,15.48,vermella,0.35176853414295356,delegat,18
29716,Bioseguridad,Commodities,risc_fuga,fidel,232,55.0,176.0,1.034,2223.12,191.49,critica,Client fidel de Bioseguridad. Cicle habitual: 55 dies (±40). Porta 232 dies sense comprar (176 dies de retard). Share of wallet últims 12m: 103%. Possible inici de fuga.,2025-12-30,,,0.3403049526719827,delegat,19
1000080161,Anestesia,Commodities,risc_fuga,fidel,252,35.0,217.0,1.022,2223.12,189.25,critica,Client fidel de Anestesia. Cicle habitual: 35 dies (±15). Porta 252 dies sense comprar (217 dies de retard). Share of wallet últims 12m: 102%. Possible inici de fuga.,2025-12-30,,,0.33954767004118896,delegat,20
42160,Biomateriales,Productes Tècnics,silenci_anomal_crític,actiu_regular,180,37.0,,,5338.0,441.32,critica,Client actiu_regular de Biomaterials. Historial: 34 pedidos (10 últims 12m). Freqüència habitual: 37 ±33 dies. Porta 180 dies sense comprar (z=4.3). Anomalia crítica detectada.,2025-12-30,4.33,vermella,0.3378270153660811,delegat,21
1000079110,Anestesia,Commodities,risc_fuga,fidel,252,38.0,213.0,0.95,2223.12,176.03,critica,Client fidel de Anestesia. Cicle habitual: 38 dies (±20). Porta 252 dies sense comprar (213 dies de retard). Share of wallet últims 12m: 95%. Possible inici de fuga.,2025-12-30,,,0.3348882623906049,delegat,22
1000101627,Anestesia,Commodities,risc_fuga,fidel,235,72.0,163.0,0.942,2223.12,174.59,critica,Client fidel de Anestesia. Cicle habitual: 72 dies (±60). Porta 235 dies sense comprar (163 dies de retard). Share of wallet últims 12m: 94%. Possible inici de fuga.,2025-12-30,,,0.33435985749007113,delegat,23
1000100089,Biomateriales,Productes Tècnics,silenci_anomal_crític,actiu_regular,95,33.0,,,0.0,2778.59,alta,Client actiu_regular de Biomaterials. Historial: 7 pedidos (7 últims 12m). Freqüència habitual: 33 ±27 dies. Porta 95 dies sense comprar (z=2.3). Anomalia crítica detectada.,2025-12-30,2.31,vermella,0.329814505545345,delegat,24
1000101885,Biomateriales,Productes Tècnics,silenci_anomal_crític,actiu_regular,67,47.0,,,0.0,342.64,critica,Client actiu_regular de Biomaterials. Historial: 4 pedidos (4 últims 12m). Freqüència habitual: 47 ±5 dies. Porta 67 dies sense comprar (z=4.0). Anomalia crítica detectada.,2025-12-30,4.04,vermella,0.32382828834942967,delegat,25
1000077977,Biomateriales,Productes Tècnics,silenci_anomal_crític,actiu_regular,155,71.0,,,12946.22,2299.47,alta,Client actiu_regular de Biomaterials. Historial: 24 pedidos (5 últims 12m). Freqüència habitual: 71 ±36 dies. Porta 155 dies sense comprar (z=2.3). Anomalia crítica detectada.,2025-12-30,2.3,vermella,0.3219460138248284,delegat,26
41836,Bioseguridad,Commodities,risc_fuga,fidel,180,34.0,145.0,0.976,1667.34,135.68,critica,Client fidel de Bioseguridad. Cicle habitual: 34 dies (±14). Porta 180 dies sense comprar (145 dies de retard). Share of wallet últims 12m: 98%. Possible inici de fuga.,2025-12-30,,,0.31815285356072726,delegat,27
24874,Biomateriales,Productes Tècnics,silenci_anomal_crític,actiu_regular,160,47.0,,,11096.76,2068.69,alta,Client actiu_regular de Biomaterials. Historial: 36 pedidos (6 últims 12m). Freqüència habitual: 47 ±36 dies. Porta 160 dies sense comprar (z=3.1). Anomalia crítica detectada.,2025-12-30,3.11,vermella,0.3175492982599952,delegat,28
16074,Bioseguridad,Commodities,risc_fuga,fidel,214,68.0,145.0,1.464,1086.44,132.51,critica,Client fidel de Bioseguridad. Cicle habitual: 68 dies (±35). Porta 214 dies sense comprar (145 dies de retard). Share of wallet últims 12m: 146%. Possible inici de fuga.,2025-12-30,,,0.31663468920497095,delegat,29
27995,Biomateriales,Productes Tècnics,silenci_anomal_crític,actiu_esporadic,208,66.0,,,55483.8,5121.76,critica,Client actiu_esporadic de Biomaterials. Historial: 8 pedidos (3 últims 12m). Freqüència habitual: 66 ±8 dies. Porta 208 dies sense comprar (z=18.7). Anomalia crítica detectada.,2025-12-30,18.7,vermella,0.3157710859640109,televenda,30
30714,Biomateriales,Productes Tècnics,silenci_anomal_crític,actiu_regular,211,73.0,,,7397.84,1596.12,alta,Client actiu_regular de Biomaterials. Historial: 23 pedidos (4 últims 12m). Freqüència habitual: 73 ±56 dies. Porta 211 dies sense comprar (z=2.5). Anomalia crítica detectada.,2025-12-30,2.49,vermella,0.30676919214569437,delegat,31
42494,Anestesia,Commodities,risc_fuga,fidel,146,40.0,106.0,0.612,2223.12,113.43,critica,Client fidel de Anestesia. Cicle habitual: 40 dies (±20). Porta 146 dies sense comprar (106 dies de retard). Share of wallet últims 12m: 61%. Possible inici de fuga.,2025-12-30,,,0.30665768533529625,delegat,32
1000081788,Biomateriales,Productes Tècnics,silenci_anomal_crític,actiu_regular,231,64.0,,,20344.06,1547.97,alta,Client actiu_regular de Biomaterials. Historial: 25 pedidos (4 últims 12m). Freqüència habitual: 64 ±56 dies. Porta 231 dies sense comprar (z=3.0). Anomalia crítica detectada.,2025-12-30,2.97,vermella,0.3054960338425805,delegat,33
7750,Bioseguridad,Commodities,risc_fuga,fidel,193,61.0,131.0,0.583,2223.12,108.02,critica,Client fidel de Bioseguridad. Cicle habitual: 61 dies (±31). Porta 193 dies sense comprar (131 dies de retard). Share of wallet últims 12m: 58%. Possible inici de fuga.,2025-12-30,,,0.3035243227166126,delegat,34
1000100125,Anestesia,Commodities,finestra_captura,promiscu,102,316.0,0.0,0.039,17050.2,16390.49,alta,Client promiscu de Anestesia. Cicle habitual: 316 dies. La seva finestra de compra és ARA (retard: 0 dies). Share of wallet actual: 4%. Oportunitat de capturar 16390€ de quota de mercat.,2025-12-30,,,0.30271125173515434,televenda,35
1000077429,Biomateriales,Productes Tècnics,silenci_anomal_crític,actiu_esporadic,307,93.0,,,0.0,3527.6,critica,Client actiu_esporadic de Biomaterials. Historial: 17 pedidos (1 últims 12m). Freqüència habitual: 93 ±61 dies. Porta 307 dies sense comprar (z=3.5). Anomalia crítica detectada.,2025-12-30,3.52,vermella,0.3019892332970671,televenda,36
37653,Anestesia,Commodities,risc_fuga,fidel,117,40.0,77.0,0.559,2223.12,103.55,critica,Client fidel de Anestesia. Cicle habitual: 40 dies (±20). Porta 117 dies sense comprar (77 dies de retard). Share of wallet últims 12m: 56%. Possible inici de fuga.,2025-12-30,,,0.3008157557670964,delegat,37
39452,Bioseguridad,Commodities,risc_fuga,fidel,119,33.0,86.0,1.142,1086.44,103.42,critica,Client fidel de Bioseguridad. Cicle habitual: 33 dies (±21). Porta 119 dies sense comprar (86 dies de retard). Share of wallet últims 12m: 114%. Possible inici de fuga.,2025-12-30,,,0.3007352608723037,delegat,38
1000100321,Biomateriales,Productes Tècnics,silenci_anomal_crític,actiu_regular,96,43.0,,,0.0,1379.65,alta,Client actiu_regular de Biomaterials. Historial: 10 pedidos (8 últims 12m). Freqüència habitual: 43 ±25 dies. Porta 96 dies sense comprar (z=2.1). Anomalia crítica detectada.,2025-12-30,2.1,vermella,0.3007116464949559,delegat,39
1000048764,Biomateriales,Productes Tècnics,silenci_anomal_crític,actiu_esporadic,343,51.0,,,73978.4,3255.99,critica,Client actiu_esporadic de Biomaterials. Historial: 30 pedidos (1 últims 12m). Freqüència habitual: 51 ±26 dies. Porta 343 dies sense comprar (z=11.2). Anomalia crítica detectada.,2025-12-30,11.22,vermella,0.2990280788049566,televenda,40
1000101837,Anestesia,Commodities,risc_fuga,fidel,214,71.0,143.0,0.33,3410.04,93.7,critica,Client fidel de Anestesia. Cicle habitual: 71 dies (±21). Porta 214 dies sense comprar (143 dies de retard). Share of wallet últims 12m: 33%. Possible inici de fuga.,2025-12-30,,,0.29441397302047073,delegat,41
24936,Biomateriales,Productes Tècnics,silenci_anomal_crític,actiu_regular,203,49.0,,,5338.0,1177.08,alta,Client actiu_regular de Biomaterials. Historial: 33 pedidos (7 últims 12m). Freqüència habitual: 49 ±51 dies. Porta 203 dies sense comprar (z=3.0). Anomalia crítica detectada.,2025-12-30,3.02,vermella,0.29411256009949244,delegat,42
1000078257,Biomateriales,Productes Tècnics,silenci_anomal_crític,actiu_regular,96,26.0,,,18494.6,1133.94,alta,Client actiu_regular de Biomaterials. Historial: 70 pedidos (6 últims 12m). Freqüència habitual: 26 ±24 dies. Porta 96 dies sense comprar (z=2.9). Anomalia crítica detectada.,2025-12-30,2.89,vermella,0.29256097906246376,delegat,43
34044,Biomateriales,Productes Tècnics,silenci_anomal_crític,actiu_esporadic,250,9.0,,,8007.0,2732.86,critica,Client actiu_esporadic de Biomaterials. Historial: 2 pedidos (2 últims 12m). Freqüència habitual: 9 dies. Porta 250 dies sense comprar (z=89.3). Anomalia crítica detectada.,2025-12-30,89.26,vermella,0.29255516973910684,televenda,44
1000102186,Biomateriales,Productes Tècnics,silenci_anomal_crític,actiu_esporadic,69,6.0,,,0.0,2659.39,critica,Client actiu_esporadic de Biomaterials. Historial: 2 pedidos (2 últims 12m). Freqüència habitual: 6 dies. Porta 69 dies sense comprar (z=35.0). Anomalia crítica detectada.,2025-12-30,35.0,vermella,0.29154806033966807,televenda,45
1000077509,Biomateriales,Productes Tècnics,silenci_anomal_crític,actiu_regular,78,25.0,,,7397.84,1099.45,alta,Client actiu_regular de Biomaterials. Historial: 72 pedidos (18 últims 12m). Freqüència habitual: 25 ±20 dies. Porta 78 dies sense comprar (z=2.6). Anomalia crítica detectada.,2025-12-30,2.64,vermella,0.291277473658404,delegat,46
42930,Anestesia,Commodities,risc_fuga,fidel,239,56.0,183.0,0.234,4546.72,88.54,critica,Client fidel de Anestesia. Cicle habitual: 56 dies (±49). Porta 239 dies sense comprar (183 dies de retard). Share of wallet últims 12m: 23%. Possible inici de fuga.,2025-12-30,,,0.2907891380526429,delegat,47
1000101796,Biomateriales,Productes Tècnics,silenci_anomal_crític,actiu_regular,76,24.0,,,0.0,1074.2,alta,Client actiu_regular de Biomaterials. Historial: 8 pedidos (8 últims 12m). Freqüència habitual: 24 ±21 dies. Porta 76 dies sense comprar (z=2.5). Anomalia crítica detectada.,2025-12-30,2.49,vermella,0.29031205609257454,delegat,48
1000078377,Biomateriales,Productes Tècnics,silenci_anomal_crític,actiu_regular,186,40.0,,,14795.68,1067.24,alta,Client actiu_regular de Biomaterials. Historial: 41 pedidos (8 últims 12m). Freqüència habitual: 40 ±48 dies. Porta 186 dies sense comprar (z=3.0). Anomalia crítica detectada.,2025-12-30,3.01,vermella,0.2900419572145581,delegat,49
1000057850,Biomateriales,Productes Tècnics,silenci_anomal_crític,actiu_esporadic,334,123.0,,,10676.0,2374.95,critica,Client actiu_esporadic de Biomaterials. Historial: 13 pedidos (1 últims 12m). Freqüència habitual: 123 ±46 dies. Porta 334 dies sense comprar (z=4.6). Anomalia crítica detectada.,2025-12-30,4.57,vermella,0.28736774687689715,televenda,50
39038,Biomateriales,Productes Tècnics,silenci_anomal_crític,actiu_regular,69,18.0,,,23119.82,964.38,alta,Client actiu_regular de Biomaterials. Historial: 96 pedidos (18 últims 12m). Freqüència habitual: 18 ±18 dies. Porta 69 dies sense comprar (z=2.9). Anomalia crítica detectada.,2025-12-30,2.89,vermella,0.2858310969907732,delegat,51
40833,Anestesia,Commodities,risc_fuga,fidel,174,56.0,117.0,0.441,2223.12,81.68,critica,Client fidel de Anestesia. Cicle habitual: 56 dies (±31). Porta 174 dies sense comprar (117 dies de retard). Share of wallet últims 12m: 44%. Possible inici de fuga.,2025-12-30,,,0.2856323503627189,delegat,52
38500,Biomateriales,Productes Tècnics,silenci_anomal_crític,actiu_regular,116,31.0,,,23119.82,949.38,alta,Client actiu_regular de Biomaterials. Historial: 56 pedidos (13 últims 12m). Freqüència habitual: 31 ±34 dies. Porta 116 dies sense comprar (z=2.5). Anomalia crítica detectada.,2025-12-30,2.54,vermella,0.2851797950411024,delegat,53
1000102194,Biomateriales,Productes Tècnics,silenci_anomal_crític,actiu_esporadic,60,15.0,,,0.0,2216.75,critica,Client actiu_esporadic de Biomaterials. Historial: 2 pedidos (2 últims 12m). Freqüència habitual: 15 dies. Porta 60 dies sense comprar (z=10.0). Anomalia crítica detectada.,2025-12-30,10.0,vermella,0.28482040958725746,televenda,54
1000101485,Biomateriales,Productes Tècnics,silenci_anomal_crític,actiu_esporadic,319,121.0,,,0.0,2156.57,critica,Client actiu_esporadic de Biomaterials. Historial: 2 pedidos (1 últims 12m). Freqüència habitual: 121 dies. Porta 319 dies sense comprar (z=5.5). Anomalia crítica detectada.,2025-12-30,5.45,vermella,0.28380336363917746,televenda,55
37972,Anestesia,Commodities,risc_fuga,fidel,330,111.0,219.0,1.211,3410.04,344.02,alta,Client fidel de Anestesia. Cicle habitual: 111 dies (±81). Porta 330 dies sense comprar (219 dies de retard). Share of wallet últims 12m: 121%. Possible inici de fuga.,2025-12-30,,,0.2835442188713463,delegat,56
27735,Biomateriales,Productes Tècnics,silenci_anomal_crític,actiu_esporadic,350,164.0,,,7397.84,2134.0,critica,Client actiu_esporadic de Biomaterials. Historial: 5 pedidos (1 últims 12m). Freqüència habitual: 164 ±51 dies. Porta 350 dies sense comprar (z=3.6). Anomalia crítica detectada.,2025-12-30,3.62,vermella,0.2834145969930073,televenda,57
18936,Biomateriales,Productes Tècnics,silenci_anomal_crític,actiu_regular,207,63.0,,,8785.72,877.02,alta,Client actiu_regular de Biomaterials. Historial: 27 pedidos (10 últims 12m). Freqüència habitual: 63 ±71 dies. Porta 207 dies sense comprar (z=2.0). Anomalia crítica detectada.,2025-12-30,2.03,vermella,0.2818861440364774,delegat,58
1000101991,Biomateriales,Productes Tècnics,silenci_anomal_crític,actiu_esporadic,138,65.0,,,0.0,2037.07,critica,Client actiu_esporadic de Biomaterials. Historial: 2 pedidos (2 últims 12m). Freqüència habitual: 65 dies. Porta 138 dies sense comprar (z=3.7). Anomalia crítica detectada.,2025-12-30,3.74,vermella,0.28169688049404784,televenda,59
1000073655,Anestesia,Commodities,risc_fuga,fidel,250,56.0,194.0,0.414,2223.12,76.77,critica,Client fidel de Anestesia. Cicle habitual: 56 dies (±26). Porta 250 dies sense comprar (194 dies de retard). Share of wallet últims 12m: 41%. Possible inici de fuga.,2025-12-30,,,0.28167151982327704,delegat,60
17690,Biomateriales,Productes Tècnics,silenci_anomal_crític,actiu_esporadic,173,88.0,,,0.0,1974.47,critica,Client actiu_esporadic de Biomaterials. Historial: 5 pedidos (3 últims 12m). Freqüència habitual: 88 ±22 dies. Porta 173 dies sense comprar (z=3.8). Anomalia crítica detectada.,2025-12-30,3.81,vermella,0.28054355263837183,televenda,61
1000101631,Biomateriales,Productes Tècnics,silenci_anomal_crític,actiu_esporadic,193,58.0,,,0.0,1893.16,critica,Client actiu_esporadic de Biomaterials. Historial: 4 pedidos (3 últims 12m). Freqüència habitual: 58 ±28 dies. Porta 193 dies sense comprar (z=4.8). Anomalia crítica detectada.,2025-12-30,4.81,vermella,0.27898970199796286,televenda,62
1000102196,Biomateriales,Productes Tècnics,silenci_anomal_crític,actiu_esporadic,54,6.0,,,0.0,1837.26,critica,Client actiu_esporadic de Biomaterials. Historial: 3 pedidos (3 últims 12m). Freqüència habitual: 6 ±5 dies. Porta 54 dies sense comprar (z=9.6). Anomalia crítica detectada.,2025-12-30,9.6,vermella,0.2778822507989717,televenda,63
1000101088,Biomateriales,Productes Tècnics,silenci_anomal_crític,actiu_esporadic,300,51.0,,,0.0,1828.71,critica,Client actiu_esporadic de Biomaterials. Historial: 2 pedidos (2 últims 12m). Freqüència habitual: 51 dies. Porta 300 dies sense comprar (z=16.3). Anomalia crítica detectada.,2025-12-30,16.27,vermella,0.2777099005364942,televenda,64
1000101122,Biomateriales,Productes Tècnics,silenci_anomal_crític,actiu_esporadic,208,138.0,,,0.0,1804.36,critica,Client actiu_esporadic de Biomaterials. Historial: 3 pedidos (2 últims 12m). Freqüència habitual: 138 ±5 dies. Porta 208 dies sense comprar (z=14.2). Anomalia crítica detectada.,2025-12-30,14.24,vermella,0.2772146060359186,televenda,65
34686,Bioseguridad,Commodities,risc_fuga,fidel,151,57.0,93.0,1.5,1086.44,299.54,alta,Client fidel de Bioseguridad. Cicle habitual: 57 dies (±30). Porta 151 dies sense comprar (93 dies de retard). Share of wallet últims 12m: 150%. Possible inici de fuga.,2025-12-30,,,0.2768471159101983,delegat,66
39862,Anestesia,Commodities,finestra_captura,promiscu,112,170.0,0.0,0.116,7956.76,7031.28,alta,Client promiscu de Anestesia. Cicle habitual: 170 dies. La seva finestra de compra és ARA (retard: 0 dies). Share of wallet actual: 12%. Oportunitat de capturar 7031€ de quota de mercat.,2025-12-30,,,0.2763142882199225,televenda,67
1000080721,Biomateriales,Productes Tècnics,silenci_anomal_crític,actiu_esporadic,287,41.0,,,55483.8,1760.89,critica,Client actiu_esporadic de Biomaterials. Historial: 38 pedidos (3 últims 12m). Freqüència habitual: 41 ±28 dies. Porta 287 dies sense comprar (z=8.8). Anomalia crítica detectada.,2025-12-30,8.82,vermella,0.2763135570243206,televenda,68
37005,Biomateriales,Productes Tècnics,silenci_anomal_crític,actiu_regular,159,46.0,,,6936.26,758.47,alta,Client actiu_regular de Biomaterials. Historial: 35 pedidos (5 últims 12m). Freqüència habitual: 46 ±50 dies. Porta 159 dies sense comprar (z=2.3). Anomalia crítica detectada.,2025-12-30,2.27,vermella,0.27585351328303737,delegat,69
37468,Bioseguridad,Commodities,risc_fuga,fidel,216,93.0,122.0,1.047,3334.68,290.84,alta,Client fidel de Bioseguridad. Cicle habitual: 93 dies (±56). Porta 216 dies sense comprar (122 dies de retard). Share of wallet últims 12m: 105%. Possible inici de fuga.,2025-12-30,,,0.27542177015110925,delegat,70
1000101707,Biomateriales,Productes Tècnics,silenci_anomal_crític,actiu_esporadic,266,68.0,,,0.0,1659.52,critica,Client actiu_esporadic de Biomaterials. Historial: 2 pedidos (2 últims 12m). Freqüència habitual: 68 dies. Porta 266 dies sense comprar (z=9.7). Anomalia crítica detectada.,2025-12-30,9.71,vermella,0.2741228954750464,televenda,71
1000100657,Biomateriales,Productes Tècnics,silenci_anomal_crític,actiu_esporadic,315,74.0,,,0.0,1658.22,critica,Client actiu_esporadic de Biomaterials. Historial: 6 pedidos (1 últims 12m). Freqüència habitual: 74 ±21 dies. Porta 315 dies sense comprar (z=11.5). Anomalia crítica detectada.,2025-12-30,11.46,vermella,0.27409394137131765,televenda,72
29359,Biomateriales,Productes Tècnics,silenci_anomal_crític,actiu_regular,105,39.0,,,18494.6,722.12,alta,Client actiu_regular de Biomaterials. Historial: 45 pedidos (5 últims 12m). Freqüència habitual: 39 ±29 dies. Porta 105 dies sense comprar (z=2.3). Anomalia crítica detectada.,2025-12-30,2.29,vermella,0.27381368439132636,delegat,73
1000101239,Biomateriales,Productes Tècnics,silenci_anomal_crític,actiu_esporadic,340,129.0,,,0.0,1633.4,critica,Client actiu_esporadic de Biomaterials. Historial: 2 pedidos (1 últims 12m). Freqüència habitual: 129 dies. Porta 340 dies sense comprar (z=5.5). Anomalia crítica detectada.,2025-12-30,5.45,vermella,0.2735367462183128,televenda,74
1000080281,Biomateriales,Productes Tècnics,silenci_anomal_crític,actiu_esporadic,351,56.0,,,5338.0,1614.16,critica,Client actiu_esporadic de Biomaterials. Historial: 6 pedidos (1 últims 12m). Freqüència habitual: 56 ±42 dies. Porta 351 dies sense comprar (z=7.0). Anomalia crítica detectada.,2025-12-30,7.04,vermella,0.2730989657260929,televenda,75
4101,Biomateriales,Productes Tècnics,silenci_anomal_crític,actiu_esporadic,298,95.0,,,11558.34,1585.0,critica,Client actiu_esporadic de Biomaterials. Historial: 16 pedidos (1 últims 12m). Freqüència habitual: 95 ±38 dies. Porta 298 dies sense comprar (z=5.3). Anomalia crítica detectada.,2025-12-30,5.28,vermella,0.2724254263759646,televenda,76
1000078921,Anestesia,Commodities,finestra_captura,promiscu,112,244.0,0.0,0.092,6820.08,6192.61,alta,Client promiscu de Anestesia. Cicle habitual: 244 dies. La seva finestra de compra és ARA (retard: 0 dies). Share of wallet actual: 9%. Oportunitat de capturar 6193€ de quota de mercat.,2025-12-30,,,0.2723530229678739,televenda,77
38501,Biomateriales,Productes Tècnics,silenci_anomal_crític,actiu_regular,210,61.0,,,5338.0,693.31,alta,Client actiu_regular de Biomaterials. Historial: 27 pedidos (6 últims 12m). Freqüència habitual: 61 ±49 dies. Porta 210 dies sense comprar (z=3.1). Anomalia crítica detectada.,2025-12-30,3.05,vermella,0.2721227576201525,delegat,78
1000081115,Anestesia,Commodities,finestra_captura,promiscu,118,686.0,0.0,0.104,6820.08,6111.38,alta,Client promiscu de Anestesia. Cicle habitual: 686 dies. La seva finestra de compra és ARA (retard: 0 dies). Share of wallet actual: 10%. Oportunitat de capturar 6111€ de quota de mercat.,2025-12-30,,,0.2719412187299064,televenda,79
1000100320,Biomateriales,Productes Tècnics,silenci_anomal_crític,actiu_esporadic,319,66.0,,,0.0,1559.8,critica,Client actiu_esporadic de Biomaterials. Historial: 6 pedidos (1 últims 12m). Freqüència habitual: 66 ±63 dies. Porta 319 dies sense comprar (z=4.0). Anomalia crítica detectada.,2025-12-30,4.02,vermella,0.27183330395500355,televenda,80
2373,Biomateriales,Productes Tècnics,silenci_anomal_crític,actiu_esporadic,337,109.0,,,7397.84,1550.7,critica,Client actiu_esporadic de Biomaterials. Historial: 14 pedidos (1 últims 12m). Freqüència habitual: 109 ±56 dies. Porta 337 dies sense comprar (z=4.1). Anomalia crítica detectada.,2025-12-30,4.09,vermella,0.2716171296395176,televenda,81
1000061247,Biomateriales,Productes Tècnics,silenci_anomal_crític,actiu_esporadic,329,87.0,,,18494.6,1503.04,critica,Client actiu_esporadic de Biomaterials. Historial: 13 pedidos (1 últims 12m). Freqüència habitual: 87 ±41 dies. Porta 329 dies sense comprar (z=5.9). Anomalia crítica detectada.,2025-12-30,5.85,vermella,0.27046382595051416,televenda,82
1000067733,Anestesia,Commodities,risc_fuga,fidel,176,71.0,105.0,0.921,3410.04,261.82,alta,Client fidel de Anestesia. Cicle habitual: 71 dies (±28). Porta 176 dies sense comprar (105 dies de retard). Share of wallet últims 12m: 92%. Possible inici de fuga.,2025-12-30,,,0.2703397375306636,delegat,83
40446,Anestesia,Commodities,finestra_captura,promiscu,260,376.0,0.0,0.151,6820.08,5792.48,alta,Client promiscu de Anestesia. Cicle habitual: 376 dies. La seva finestra de compra és ARA (retard: 0 dies). Share of wallet actual: 15%. Oportunitat de capturar 5792€ de quota de mercat.,2025-12-30,,,0.27026981160445307,televenda,84
1000100143,Biomateriales,Productes Tècnics,silenci_anomal_crític,actiu_esporadic,277,86.0,,,0.0,1485.97,critica,Client actiu_esporadic de Biomaterials. Historial: 10 pedidos (2 últims 12m). Freqüència habitual: 86 ±49 dies. Porta 277 dies sense comprar (z=3.9). Anomalia crítica detectada.,2025-12-30,3.9,vermella,0.27004184660513164,televenda,85
1000101861,Biomateriales,Productes Tècnics,silenci_anomal_crític,actiu_esporadic,222,6.0,,,0.0,1470.74,critica,Client actiu_esporadic de Biomaterials. Historial: 2 pedidos (2 últims 12m). Freqüència habitual: 6 dies. Porta 222 dies sense comprar (z=120.0). Anomalia crítica detectada.,2025-12-30,120.0,vermella,0.26966124364435634,televenda,86
6642,Biomateriales,Productes Tècnics,silenci_anomal_crític,actiu_esporadic,266,66.0,,,36989.2,1466.91,critica,Client actiu_esporadic de Biomaterials. Historial: 24 pedidos (1 últims 12m). Freqüència habitual: 66 ±50 dies. Porta 266 dies sense comprar (z=4.0). Anomalia crítica detectada.,2025-12-30,3.98,vermella,0.26956491083698036,televenda,87
1000101090,Biomateriales,Productes Tècnics,silenci_anomal_crític,actiu_esporadic,337,50.0,,,0.0,1459.11,critica,Client actiu_esporadic de Biomaterials. Historial: 6 pedidos (1 últims 12m). Freqüència habitual: 50 ±38 dies. Porta 337 dies sense comprar (z=7.6). Anomalia crítica detectada.,2025-12-30,7.55,vermella,0.2693679443160467,televenda,88
25996,Biomateriales,Productes Tècnics,silenci_anomal_crític,actiu_esporadic,280,79.0,,,7397.84,1451.76,critica,Client actiu_esporadic de Biomaterials. Historial: 20 pedidos (1 últims 12m). Freqüència habitual: 79 ±51 dies. Porta 280 dies sense comprar (z=3.9). Anomalia crítica detectada.,2025-12-30,3.92,vermella,0.2691813759616603,televenda,89
1000101581,Biomateriales,Productes Tècnics,silenci_anomal_crític,actiu_esporadic,280,120.0,,,0.0,1441.92,critica,Client actiu_esporadic de Biomaterials. Historial: 2 pedidos (1 últims 12m). Freqüència habitual: 120 dies. Porta 280 dies sense comprar (z=4.4). Anomalia crítica detectada.,2025-12-30,4.44,vermella,0.26893011962329827,televenda,90
15218,Biomateriales,Productes Tècnics,silenci_anomal_crític,actiu_esporadic,244,39.0,,,13872.52,1435.9,critica,Client actiu_esporadic de Biomaterials. Historial: 41 pedidos (3 últims 12m). Freqüència habitual: 39 ±30 dies. Porta 244 dies sense comprar (z=6.8). Anomalia crítica detectada.,2025-12-30,6.78,vermella,0.2687755576680162,televenda,91
1000101119,Anestesia,Commodities,finestra_captura,promiscu,70,206.0,0.0,0.195,6820.08,5491.29,alta,Client promiscu de Anestesia. Cicle habitual: 206 dies. La seva finestra de compra és ARA (retard: 0 dies). Share of wallet actual: 19%. Oportunitat de capturar 5491€ de quota de mercat.,2025-12-30,,,0.26860449390002816,televenda,92
21581,Anestesia,Commodities,finestra_captura,promiscu,174,274.0,0.0,0.036,5683.4,5477.48,alta,Client promiscu de Anestesia. Cicle habitual: 274 dies. La seva finestra de compra és ARA (retard: 0 dies). Share of wallet actual: 4%. Oportunitat de capturar 5477€ de quota de mercat.,2025-12-30,,,0.2685259628496459,televenda,93
43045,Biomateriales,Productes Tècnics,silenci_anomal_crític,actiu_esporadic,190,83.0,,,0.0,1425.89,critica,Client actiu_esporadic de Biomaterials. Historial: 2 pedidos (2 últims 12m). Freqüència habitual: 83 dies. Porta 190 dies sense comprar (z=4.3). Anomalia crítica detectada.,2025-12-30,4.3,vermella,0.2685171142353698,televenda,94
38760,Biomateriales,Productes Tècnics,silenci_anomal_crític,actiu_regular,119,25.0,,,23119.82,627.46,alta,Client actiu_regular de Biomaterials. Historial: 65 pedidos (16 últims 12m). Freqüència habitual: 25 ±28 dies. Porta 119 dies sense comprar (z=3.4). Anomalia crítica detectada.,2025-12-30,3.39,vermella,0.2679784313830876,delegat,95
1000101430,Biomateriales,Productes Tècnics,silenci_anomal_crític,actiu_regular,162,43.0,,,0.0,623.15,alta,Client actiu_regular de Biomaterials. Historial: 8 pedidos (7 últims 12m). Freqüència habitual: 43 ±48 dies. Porta 162 dies sense comprar (z=2.5). Anomalia crítica detectada.,2025-12-30,2.48,vermella,0.267692220294944,delegat,96
1000082339,Biomateriales,Productes Tècnics,silenci_anomal_crític,actiu_esporadic,299,74.0,,,8007.0,1392.83,critica,Client actiu_esporadic de Biomaterials. Historial: 17 pedidos (1 últims 12m). Freqüència habitual: 74 ±45 dies. Porta 299 dies sense comprar (z=5.0). Anomalia crítica detectada.,2025-12-30,5.03,vermella,0.26765048450966467,televenda,97
2000579,Biomateriales,Productes Tècnics,silenci_anomal_crític,actiu_esporadic,215,129.0,,,0.0,1370.85,critica,Client actiu_esporadic de Biomaterials. Historial: 4 pedidos (2 últims 12m). Freqüència habitual: 129 ±17 dies. Porta 215 dies sense comprar (z=5.1). Anomalia crítica detectada.,2025-12-30,5.11,vermella,0.26706285212008,televenda,98
37428,Biomateriales,Productes Tècnics,silenci_anomal_crític,actiu_esporadic,340,84.0,,,5548.38,1353.29,critica,Client actiu_esporadic de Biomaterials. Historial: 8 pedidos (1 últims 12m). Freqüència habitual: 84 ±37 dies. Porta 340 dies sense comprar (z=6.9). Anomalia crítica detectada.,2025-12-30,6.89,vermella,0.266586582164624,televenda,99
30857,Bioseguridad,Commodities,finestra_captura,promiscu,7,712.0,0.0,0.233,6669.36,5117.8,alta,Client promiscu de Bioseguridad. Cicle habitual: 712 dies. La seva finestra de compra és ARA (retard: 0 dies). Share of wallet actual: 23%. Oportunitat de capturar 5118€ de quota de mercat.,2025-12-30,,,0.26640773176050453,televenda,100
1000038685,Biomateriales,Productes Tècnics,silenci_anomal_crític,actiu_esporadic,340,80.0,,,5338.0,1344.64,critica,Client actiu_esporadic de Biomaterials. Historial: 2 pedidos (1 últims 12m). Freqüència habitual: 80 dies. Porta 340 dies sense comprar (z=10.8). Anomalia crítica detectada.,2025-12-30,10.83,vermella,0.2663496980644039,televenda,101
1000082533,Biomateriales,Productes Tècnics,silenci_anomal_crític,actiu_esporadic,208,182.0,,,0.0,1324.43,critica,Client actiu_esporadic de Biomaterials. Historial: 3 pedidos (1 últims 12m). Freqüència habitual: 182 ±6 dies. Porta 208 dies sense comprar (z=4.0). Anomalia crítica detectada.,2025-12-30,4.01,vermella,0.26579024951199587,televenda,102
1000101609,Biomateriales,Productes Tècnics,silenci_anomal_crític,actiu_esporadic,245,35.0,,,0.0,1319.39,critica,Client actiu_esporadic de Biomaterials. Historial: 2 pedidos (2 últims 12m). Freqüència habitual: 35 dies. Porta 245 dies sense comprar (z=20.0). Anomalia crítica detectada.,2025-12-30,20.0,vermella,0.26564940446160046,televenda,103
29805,Bioseguridad,Commodities,risc_fuga,fidel,315,41.0,273.0,0.646,1086.44,58.44,critica,Client fidel de Bioseguridad. Cicle habitual: 41 dies (±14). Porta 315 dies sense comprar (273 dies de retard). Share of wallet últims 12m: 65%. Possible inici de fuga.,2025-12-30,,,0.26428193069547223,delegat,104
36612,Biomateriales,Productes Tècnics,silenci_anomal_crític,actiu_esporadic,270,22.0,,,1849.46,1269.74,critica,Client actiu_esporadic de Biomaterials. Historial: 70 pedidos (3 últims 12m). Freqüència habitual: 22 ±16 dies. Porta 270 dies sense comprar (z=15.9). Anomalia crítica detectada.,2025-12-30,15.88,vermella,0.2642324560655795,televenda,105
34726,Anestesia,Commodities,risc_fuga,fidel,173,63.0,109.0,0.81,3410.04,230.12,alta,Client fidel de Anestesia. Cicle habitual: 63 dies (±43). Porta 173 dies sense comprar (109 dies de retard). Share of wallet últims 12m: 81%. Possible inici de fuga.,2025-12-30,,,0.2641030710020769,delegat,106
1000100145,Anestesia,Commodities,risc_fuga,fidel,270,95.0,175.0,0.794,3410.04,225.57,alta,Client fidel de Anestesia. Cicle habitual: 95 dies (±92). Porta 270 dies sense comprar (175 dies de retard). Share of wallet últims 12m: 79%. Possible inici de fuga.,2025-12-30,,,0.26313829961398577,delegat,107
1000081680,Anestesia,Commodities,finestra_captura,promiscu,104,275.0,0.0,0.196,5683.4,4567.51,alta,Client promiscu de Anestesia. Cicle habitual: 275 dies. La seva finestra de compra és ARA (retard: 0 dies). Share of wallet actual: 20%. Oportunitat de capturar 4568€ de quota de mercat.,2025-12-30,,,0.2628600813406332,televenda,108
12349,Anestesia,Commodities,finestra_captura,promiscu,12,550.0,0.0,0.197,5683.4,4562.04,alta,Client promiscu de Anestesia. Cicle habitual: 550 dies. La seva finestra de compra és ARA (retard: 0 dies). Share of wallet actual: 20%. Oportunitat de capturar 4562€ de quota de mercat.,2025-12-30,,,0.26282271096308774,televenda,109
1000101694,Anestesia,Commodities,risc_fuga,fidel,159,58.0,101.0,1.477,1802.36,221.9,alta,Client fidel de Anestesia. Cicle habitual: 58 dies (±41). Porta 159 dies sense comprar (101 dies de retard). Share of wallet últims 12m: 148%. Possible inici de fuga.,2025-12-30,,,0.26234589838408295,delegat,110
30348,Anestesia,Commodities,finestra_captura,promiscu,315,343.0,0.0,0.213,5683.4,4472.59,alta,Client promiscu de Anestesia. Cicle habitual: 343 dies. La seva finestra de compra és ARA (retard: 0 dies). Share of wallet actual: 21%. Oportunitat de capturar 4473€ de quota de mercat.,2025-12-30,,,0.26220516023534796,televenda,111
1000101094,Biomateriales,Productes Tècnics,silenci_anomal_crític,actiu_esporadic,316,90.0,,,0.0,1192.67,critica,Client actiu_esporadic de Biomaterials. Historial: 4 pedidos (1 últims 12m). Freqüència habitual: 90 ±52 dies. Porta 316 dies sense comprar (z=4.3). Anomalia crítica detectada.,2025-12-30,4.31,vermella,0.261919406914695,televenda,112
38934,Anestesia,Commodities,finestra_captura,promiscu,68,902.0,0.0,0.035,4546.72,4388.9,alta,Client promiscu de Anestesia. Cicle habitual: 902 dies. La seva finestra de compra és ARA (retard: 0 dies). Share of wallet actual: 3%. Oportunitat de capturar 4389€ de quota de mercat.,2025-12-30,,,0.2616160910240382,televenda,113
1000082722,Anestesia,Commodities,finestra_captura,promiscu,313,511.0,0.0,0.036,4546.72,4383.41,alta,Client promiscu de Anestesia. Cicle habitual: 511 dies. La seva finestra de compra és ARA (retard: 0 dies). Share of wallet actual: 4%. Oportunitat de capturar 4383€ de quota de mercat.,2025-12-30,,,0.2615770569361523,televenda,114
20179,Anestesia,Commodities,finestra_captura,promiscu,207,758.0,0.0,0.04,4546.72,4363.47,alta,Client promiscu de Anestesia. Cicle habitual: 758 dies. La seva finestra de compra és ARA (retard: 0 dies). Share of wallet actual: 4%. Oportunitat de capturar 4363€ de quota de mercat.,2025-12-30,,,0.2614348705373598,televenda,115
1000076307,Anestesia,Commodities,finestra_captura,promiscu,43,162.0,0.0,0.04,4546.72,4363.47,alta,Client promiscu de Anestesia. Cicle habitual: 162 dies. La seva finestra de compra és ARA (retard: 0 dies). Share of wallet actual: 4%. Oportunitat de capturar 4363€ de quota de mercat.,2025-12-30,,,0.2614348705373598,televenda,116
123,Anestesia,Commodities,finestra_captura,promiscu,63,286.0,0.0,0.234,5683.4,4354.61,alta,Client promiscu de Anestesia. Cicle habitual: 286 dies. La seva finestra de compra és ARA (retard: 0 dies). Share of wallet actual: 23%. Oportunitat de capturar 4355€ de quota de mercat.,2025-12-30,,,0.26137148385658004,televenda,117
33731,Anestesia,Commodities,finestra_captura,promiscu,230,320.0,0.0,0.234,5683.4,4354.61,alta,Client promiscu de Anestesia. Cicle habitual: 320 dies. La seva finestra de compra és ARA (retard: 0 dies). Share of wallet actual: 23%. Oportunitat de capturar 4355€ de quota de mercat.,2025-12-30,,,0.26137148385658004,televenda,118
42488,Anestesia,Commodities,finestra_captura,promiscu,207,243.0,0.0,0.044,4546.72,4344.91,alta,Client promiscu de Anestesia. Cicle habitual: 243 dies. La seva finestra de compra és ARA (retard: 0 dies). Share of wallet actual: 4%. Oportunitat de capturar 4345€ de quota de mercat.,2025-12-30,,,0.26130193957900144,televenda,119
38003,Anestesia,Commodities,finestra_captura,promiscu,56,800.0,0.0,0.045,4546.72,4340.8,alta,Client promiscu de Anestesia. Cicle habitual: 800 dies. La seva finestra de compra és ARA (retard: 0 dies). Share of wallet actual: 5%. Oportunitat de capturar 4341€ de quota de mercat.,2025-12-30,,,0.26127242604964857,televenda,120
1000081910,Anestesia,Commodities,finestra_captura,promiscu,97,422.0,0.0,0.045,4546.72,4340.8,alta,Client promiscu de Anestesia. Cicle habitual: 422 dies. La seva finestra de compra és ARA (retard: 0 dies). Share of wallet actual: 5%. Oportunitat de capturar 4341€ de quota de mercat.,2025-12-30,,,0.26127242604964857,televenda,121
1000101475,Biomateriales,Productes Tècnics,silenci_anomal_crític,actiu_esporadic,301,48.0,,,0.0,1165.99,critica,Client actiu_esporadic de Biomaterials. Historial: 4 pedidos (2 últims 12m). Freqüència habitual: 48 ±24 dies. Porta 301 dies sense comprar (z=10.4). Anomalia crítica detectada.,2025-12-30,10.42,vermella,0.26108372366148985,televenda,122
20140,Anestesia,Commodities,finestra_captura,promiscu,343,353.0,0.0,0.053,4546.72,4306.82,alta,Client promiscu de Anestesia. Cicle habitual: 353 dies. La seva finestra de compra és ARA (retard: 0 dies). Share of wallet actual: 5%. Oportunitat de capturar 4307€ de quota de mercat.,2025-12-30,,,0.26102734304888764,televenda,123
12422,Anestesia,Commodities,finestra_captura,promiscu,160,401.0,0.0,0.081,4546.72,4180.22,alta,Client promiscu de Anestesia. Cicle habitual: 401 dies. La seva finestra de compra és ARA (retard: 0 dies). Share of wallet actual: 8%. Oportunitat de capturar 4180€ de quota de mercat.,2025-12-30,,,0.2600968954182664,televenda,124
1000078247,Anestesia,Commodities,finestra_captura,promiscu,12,424.0,0.0,0.081,4546.72,4180.22,alta,Client promiscu de Anestesia. Cicle habitual: 424 dies. La seva finestra de compra és ARA (retard: 0 dies). Share of wallet actual: 8%. Oportunitat de capturar 4180€ de quota de mercat.,2025-12-30,,,0.2600968954182664,televenda,125
1000100581,Anestesia,Commodities,finestra_captura,promiscu,335,383.0,0.0,0.094,4546.72,4119.74,alta,Client promiscu de Anestesia. Cicle habitual: 383 dies. La seva finestra de compra és ARA (retard: 0 dies). Share of wallet actual: 9%. Oportunitat de capturar 4120€ de quota de mercat.,2025-12-30,,,0.25964240635422864,televenda,126
42805,Bioseguridad,Commodities,risc_fuga,fidel,272,80.0,192.0,0.597,1086.44,54.01,critica,Client fidel de Bioseguridad. Cicle habitual: 80 dies (±61). Porta 272 dies sense comprar (192 dies de retard). Share of wallet últims 12m: 60%. Possible inici de fuga.,2025-12-30,,,0.2592710526697131,delegat,127
1000101602,Bioseguridad,Commodities,risc_fuga,fidel,291,52.0,239.0,0.389,1667.34,54.01,critica,Client fidel de Bioseguridad. Cicle habitual: 52 dies (±16). Porta 291 dies sense comprar (239 dies de retard). Share of wallet últims 12m: 39%. Possible inici de fuga.,2025-12-30,,,0.2592710526697131,delegat,128
1000102156,Biomateriales,Productes Tècnics,silenci_anomal_crític,actiu_esporadic,76,16.0,,,0.0,1088.11,critica,Client actiu_esporadic de Biomaterials. Historial: 2 pedidos (2 últims 12m). Freqüència habitual: 16 dies. Porta 76 dies sense comprar (z=12.5). Anomalia crítica detectada.,2025-12-30,12.5,vermella,0.2585303697625526,televenda,129
41298,Anestesia,Commodities,finestra_captura,promiscu,85,260.0,0.0,0.13,4546.72,3956.15,alta,Client promiscu de Anestesia. Cicle habitual: 260 dies. La seva finestra de compra és ARA (retard: 0 dies). Share of wallet actual: 13%. Oportunitat de capturar 3956€ de quota de mercat.,2025-12-30,,,0.2583788261642543,televenda,130
1000100260,Anestesia,Commodities,finestra_captura,promiscu,119,827.0,0.0,0.13,4546.72,3956.15,alta,Client promiscu de Anestesia. Cicle habitual: 827 dies. La seva finestra de compra és ARA (retard: 0 dies). Share of wallet actual: 13%. Oportunitat de capturar 3956€ de quota de mercat.,2025-12-30,,,0.2583788261642543,televenda,131
1000082626,Anestesia,Commodities,finestra_captura,promiscu,119,225.0,0.0,0.136,4546.72,3927.67,alta,Client promiscu de Anestesia. Cicle habitual: 225 dies. La seva finestra de compra és ARA (retard: 0 dies). Share of wallet actual: 14%. Oportunitat de capturar 3928€ de quota de mercat.,2025-12-30,,,0.25815351660289576,televenda,132
42121,Anestesia,Commodities,finestra_captura,promiscu,1,309.0,0.0,0.153,4546.72,3850.05,alta,Client promiscu de Anestesia. Cicle habitual: 309 dies. La seva finestra de compra és ARA (retard: 0 dies). Share of wallet actual: 15%. Oportunitat de capturar 3850€ de quota de mercat.,2025-12-30,,,0.2575310605539785,televenda,133
1000100160,Anestesia,Commodities,finestra_captura,promiscu,104,424.0,0.0,0.16,4546.72,3819.15,alta,Client promiscu de Anestesia. Cicle habitual: 424 dies. La seva finestra de compra és ARA (retard: 0 dies). Share of wallet actual: 16%. Oportunitat de capturar 3819€ de quota de mercat.,2025-12-30,,,0.25727976654705254,televenda,134
1000100273,Anestesia,Commodities,finestra_captura,promiscu,29,307.0,0.0,0.181,4546.72,3724.79,alta,Client promiscu de Anestesia. Cicle habitual: 307 dies. La seva finestra de compra és ARA (retard: 0 dies). Share of wallet actual: 18%. Oportunitat de capturar 3725€ de quota de mercat.,2025-12-30,,,0.25649960986720827,televenda,135
46,Anestesia,Commodities,finestra_captura,promiscu,215,301.0,0.0,0.181,4546.72,3722.09,alta,Client promiscu de Anestesia. Cicle habitual: 301 dies. La seva finestra de compra és ARA (retard: 0 dies). Share of wallet actual: 18%. Oportunitat de capturar 3722€ de quota de mercat.,2025-12-30,,,0.25647699690724146,televenda,136
38760,Anestesia,Commodities,risc_fuga,fidel,70,31.0,39.0,1.055,2223.12,195.36,alta,Client fidel de Anestesia. Cicle habitual: 31 dies (±14). Porta 70 dies sense comprar (39 dies de retard). Share of wallet últims 12m: 105%. Possible inici de fuga.,2025-12-30,,,0.2561945726261747,delegat,137
1000101488,Biomateriales,Productes Tècnics,silenci_anomal_crític,actiu_esporadic,341,99.0,,,0.0,1020.88,critica,Client actiu_esporadic de Biomaterials. Historial: 2 pedidos (1 últims 12m). Freqüència habitual: 99 dies. Porta 341 dies sense comprar (z=8.1). Anomalia crítica detectada.,2025-12-30,8.15,vermella,0.25617480714598256,televenda,138
1000100232,Anestesia,Commodities,finestra_captura,promiscu,12,133.0,0.0,0.467,6820.08,3634.15,alta,Client promiscu de Anestesia. Cicle habitual: 133 dies. La seva finestra de compra és ARA (retard: 0 dies). Share of wallet actual: 47%. Oportunitat de capturar 3634€ de quota de mercat.,2025-12-30,,,0.2557313764769823,televenda,139
5584,Anestesia,Commodities,finestra_captura,promiscu,327,336.0,0.0,0.205,4546.72,3612.7,alta,Client promiscu de Anestesia. Cicle habitual: 336 dies. La seva finestra de compra és ARA (retard: 0 dies). Share of wallet actual: 21%. Oportunitat de capturar 3613€ de quota de mercat.,2025-12-30,,,0.2555467712219083,televenda,140
37803,Anestesia,Commodities,finestra_captura,promiscu,29,132.0,0.0,0.231,4546.72,3498.46,alta,Client promiscu de Anestesia. Cicle habitual: 132 dies. La seva finestra de compra és ARA (retard: 0 dies). Share of wallet actual: 23%. Oportunitat de capturar 3498€ de quota de mercat.,2025-12-30,,,0.2545447485002492,televenda,141
1000101080,Biomateriales,Productes Tècnics,silenci_anomal_crític,actiu_esporadic,250,57.0,,,0.0,967.96,critica,Client actiu_esporadic de Biomaterials. Historial: 7 pedidos (2 últims 12m). Freqüència habitual: 57 ±42 dies. Porta 250 dies sense comprar (z=4.6). Anomalia crítica detectada.,2025-12-30,4.61,vermella,0.2542089288819253,televenda,142
118,Anestesia,Commodities,finestra_captura,promiscu,208,364.0,0.0,0.0,3410.04,3410.04,alta,Client promiscu de Anestesia. Cicle habitual: 364 dies. La seva finestra de compra és ARA (retard: 0 dies). Share of wallet actual: 0%. Oportunitat de capturar 3410€ de quota de mercat.,2025-12-30,,,0.2537464793436411,televenda,143
1000101962,Anestesia,Commodities,risc_fuga,fidel,154,69.0,85.0,1.229,1802.36,184.55,alta,Client fidel de Anestesia. Cicle habitual: 69 dies (±21). Porta 154 dies sense comprar (85 dies de retard). Share of wallet últims 12m: 123%. Possible inici de fuga.,2025-12-30,,,0.2534469896211304,delegat,144
1000079135,Biomateriales,Productes Tècnics,silenci_anomal_crític,actiu_esporadic,264,58.0,,,8007.0,945.03,critica,Client actiu_esporadic de Biomaterials. Historial: 27 pedidos (1 últims 12m). Freqüència habitual: 58 ±44 dies. Porta 264 dies sense comprar (z=4.6). Anomalia crítica detectada.,2025-12-30,4.63,vermella,0.2533235500710725,televenda,145
1000080202,Biomateriales,Productes Tècnics,silenci_anomal_crític,actiu_esporadic,250,63.0,,,9247.3,942.29,critica,Client actiu_esporadic de Biomaterials. Historial: 20 pedidos (1 últims 12m). Freqüència habitual: 63 ±45 dies. Porta 250 dies sense comprar (z=4.1). Anomalia crítica detectada.,2025-12-30,4.11,vermella,0.25321632010511097,televenda,146
1000100276,Anestesia,Commodities,finestra_captura,promiscu,55,325.0,0.0,0.017,3410.04,3350.47,alta,Client promiscu de Anestesia. Cicle habitual: 325 dies. La seva finestra de compra és ARA (retard: 0 dies). Share of wallet actual: 2%. Oportunitat de capturar 3350€ de quota de mercat.,2025-12-30,,,0.2531969188285015,televenda,147
39289,Biomateriales,Productes Tècnics,silenci_anomal_crític,actiu_esporadic,232,49.0,,,5338.0,940.66,critica,Client actiu_esporadic de Biomaterials. Historial: 2 pedidos (2 últims 12m). Freqüència habitual: 49 dies. Porta 232 dies sense comprar (z=12.4). Anomalia crítica detectada.,2025-12-30,12.45,vermella,0.25315238215612074,televenda,148
1000101575,Biomateriales,Productes Tècnics,silenci_anomal_crític,actiu_esporadic,239,55.0,,,0.0,940.31,critica,Client actiu_esporadic de Biomaterials. Historial: 4 pedidos (3 últims 12m). Freqüència habitual: 55 ±6 dies. Porta 239 dies sense comprar (z=33.0). Anomalia crítica detectada.,2025-12-30,33.05,vermella,0.253138638715469,televenda,149
1000079189,Anestesia,Commodities,finestra_captura,promiscu,161,282.0,0.0,0.024,3410.04,3327.58,alta,Client promiscu de Anestesia. Cicle habitual: 282 dies. La seva finestra de compra és ARA (retard: 0 dies). Share of wallet actual: 2%. Oportunitat de capturar 3328€ de quota de mercat.,2025-12-30,,,0.25298314605692435,televenda,150
8359,Anestesia,Commodities,finestra_captura,promiscu,285,340.0,0.0,0.024,3410.04,3327.58,alta,Client promiscu de Anestesia. Cicle habitual: 340 dies. La seva finestra de compra és ARA (retard: 0 dies). Share of wallet actual: 2%. Oportunitat de capturar 3328€ de quota de mercat.,2025-12-30,,,0.25298314605692435,televenda,151
1000071997,Anestesia,Commodities,finestra_captura,promiscu,326,359.0,0.0,0.026,3410.04,3321.08,alta,Client promiscu de Anestesia. Cicle habitual: 359 dies. La seva finestra de compra és ARA (retard: 0 dies). Share of wallet actual: 3%. Oportunitat de capturar 3321€ de quota de mercat.,2025-12-30,,,0.2529221736474635,televenda,152
19531,Anestesia,Commodities,finestra_captura,promiscu,112,759.0,0.0,0.027,3410.04,3318.41,alta,Client promiscu de Anestesia. Cicle habitual: 759 dies. La seva finestra de compra és ARA (retard: 0 dies). Share of wallet actual: 3%. Oportunitat de capturar 3318€ de quota de mercat.,2025-12-30,,,0.25289709348356243,televenda,153
1000081437,Anestesia,Commodities,finestra_captura,promiscu,97,696.0,0.0,0.027,3410.04,3318.41,alta,Client promiscu de Anestesia. Cicle habitual: 696 dies. La seva finestra de compra és ARA (retard: 0 dies). Share of wallet actual: 3%. Oportunitat de capturar 3318€ de quota de mercat.,2025-12-30,,,0.25289709348356243,televenda,154
8173,Biomateriales,Productes Tècnics,silenci_anomal_crític,actiu_regular,48,14.0,,,23119.82,433.6,alta,Client actiu_regular de Biomaterials. Historial: 134 pedidos (27 últims 12m). Freqüència habitual: 14 ±13 dies. Porta 48 dies sense comprar (z=2.6). Anomalia crítica detectada.,2025-12-30,2.59,vermella,0.2526379567084101,delegat,155
1156,Anestesia,Commodities,finestra_captura,promiscu,97,109.0,0.0,0.279,4546.72,3279.16,alta,Client promiscu de Anestesia. Cicle habitual: 109 dies. La seva finestra de compra és ARA (retard: 0 dies). Share of wallet actual: 28%. Oportunitat de capturar 3279€ de quota de mercat.,2025-12-30,,,0.252526059447481,televenda,156
1000078484,Anestesia,Commodities,finestra_captura,promiscu,90,273.0,0.0,0.039,3410.04,3277.16,alta,Client promiscu de Anestesia. Cicle habitual: 273 dies. La seva finestra de compra és ARA (retard: 0 dies). Share of wallet actual: 4%. Oportunitat de capturar 3277€ de quota de mercat.,2025-12-30,,,0.25250703456361484,televenda,157
1000102041,Anestesia,Commodities,finestra_captura,promiscu,67,105.0,0.0,0.281,4546.72,3267.58,alta,Client promiscu de Anestesia. Cicle habitual: 105 dies. La seva finestra de compra és ARA (retard: 0 dies). Share of wallet actual: 28%. Oportunitat de capturar 3268€ de quota de mercat.,2025-12-30,,,0.25241574411648937,televenda,158
6553,Anestesia,Commodities,finestra_captura,promiscu,207,447.0,0.0,0.042,3410.04,3266.48,alta,Client promiscu de Anestesia. Cicle habitual: 447 dies. La seva finestra de compra és ARA (retard: 0 dies). Share of wallet actual: 4%. Oportunitat de capturar 3266€ de quota de mercat.,2025-12-30,,,0.25240524479418863,televenda,159
1000100425,Anestesia,Commodities,finestra_captura,promiscu,29,134.0,0.0,0.042,3410.04,3266.48,alta,Client promiscu de Anestesia. Cicle habitual: 134 dies. La seva finestra de compra és ARA (retard: 0 dies). Share of wallet actual: 4%. Oportunitat de capturar 3266€ de quota de mercat.,2025-12-30,,,0.25240524479418863,televenda,160
43068,Biomateriales,Productes Tècnics,silenci_anomal_crític,actiu_esporadic,162,74.0,,,0.0,918.59,critica,Client actiu_esporadic de Biomaterials. Historial: 2 pedidos (2 últims 12m). Freqüència habitual: 74 dies. Porta 162 dies sense comprar (z=4.0). Anomalia crítica detectada.,2025-12-30,3.96,vermella,0.25227560585838754,televenda,161
25715,Biomateriales,Productes Tècnics,silenci_anomal_crític,actiu_esporadic,223,78.0,,,3698.92,916.35,critica,Client actiu_esporadic de Biomaterials. Historial: 2 pedidos (2 últims 12m). Freqüència habitual: 78 dies. Porta 223 dies sense comprar (z=6.2). Anomalia crítica detectada.,2025-12-30,6.2,vermella,0.2521854437445315,televenda,162
1000079703,Anestesia,Commodities,finestra_captura,promiscu,95,369.0,0.0,0.054,3410.04,3226.79,alta,Client promiscu de Anestesia. Cicle habitual: 369 dies. La seva finestra de compra és ARA (retard: 0 dies). Share of wallet actual: 5%. Oportunitat de capturar 3227€ de quota de mercat.,2025-12-30,,,0.25202402635033705,televenda,163
8714,Anestesia,Commodities,finestra_captura,promiscu,63,530.0,0.0,0.055,3410.04,3221.33,alta,Client promiscu de Anestesia. Cicle habitual: 530 dies. La seva finestra de compra és ARA (retard: 0 dies). Share of wallet actual: 6%. Oportunitat de capturar 3221€ de quota de mercat.,2025-12-30,,,0.25197121715372434,televenda,164
1000068196,Anestesia,Commodities,finestra_captura,promiscu,109,442.0,0.0,0.055,3410.04,3221.33,alta,Client promiscu de Anestesia. Cicle habitual: 442 dies. La seva finestra de compra és ARA (retard: 0 dies). Share of wallet actual: 6%. Oportunitat de capturar 3221€ de quota de mercat.,2025-12-30,,,0.25197121715372434,televenda,165
35972,Anestesia,Commodities,finestra_captura,promiscu,237,490.0,0.0,0.292,4546.72,3217.93,alta,Client promiscu de Anestesia. Cicle habitual: 490 dies. La seva finestra de compra és ARA (retard: 0 dies). Share of wallet actual: 29%. Oportunitat de capturar 3218€ de quota de mercat.,2025-12-30,,,0.2519382870774766,televenda,166
9683,Anestesia,Commodities,finestra_captura,promiscu,91,576.0,0.0,0.06,3410.04,3204.12,alta,Client promiscu de Anestesia. Cicle habitual: 576 dies. La seva finestra de compra és ARA (retard: 0 dies). Share of wallet actual: 6%. Oportunitat de capturar 3204€ de quota de mercat.,2025-12-30,,,0.25180417433493674,televenda,167
39969,Anestesia,Commodities,finestra_captura,promiscu,99,422.0,0.0,0.296,4546.72,3202.26,alta,Client promiscu de Anestesia. Cicle habitual: 422 dies. La seva finestra de compra és ARA (retard: 0 dies). Share of wallet actual: 30%. Oportunitat de capturar 3202€ de quota de mercat.,2025-12-30,,,0.25178606721790037,televenda,168
1000078882,Anestesia,Commodities,finestra_captura,promiscu,229,321.0,0.0,0.438,5683.4,3193.88,alta,Client promiscu de Anestesia. Cicle habitual: 321 dies. La seva finestra de compra és ARA (retard: 0 dies). Share of wallet actual: 44%. Oportunitat de capturar 3194€ de quota de mercat.,2025-12-30,,,0.2517043572317679,televenda,169
1000102072,Biomateriales,Productes Tècnics,silenci_anomal_crític,actiu_esporadic,104,47.0,,,0.0,900.5,critica,Client actiu_esporadic de Biomaterials. Historial: 2 pedidos (2 últims 12m). Freqüència habitual: 47 dies. Porta 104 dies sense comprar (z=4.0). Anomalia crítica detectada.,2025-12-30,4.04,vermella,0.25154110507116484,televenda,170
1000082014,Anestesia,Commodities,finestra_captura,promiscu,76,379.0,0.0,0.07,3410.04,3170.77,alta,Client promiscu de Anestesia. Cicle habitual: 379 dies. La seva finestra de compra és ARA (retard: 0 dies). Share of wallet actual: 7%. Oportunitat de capturar 3171€ de quota de mercat.,2025-12-30,,,0.2514779055836216,televenda,171
1000100262,Anestesia,Commodities,finestra_captura,promiscu,123,207.0,0.0,0.303,4546.72,3168.63,alta,Client promiscu de Anestesia. Cicle habitual: 207 dies. La seva finestra de compra és ARA (retard: 0 dies). Share of wallet actual: 30%. Oportunitat de capturar 3169€ de quota de mercat.,2025-12-30,,,0.2514568526195078,televenda,172
34311,Anestesia,Commodities,finestra_captura,promiscu,207,460.0,0.0,0.075,3410.04,3153.25,alta,Client promiscu de Anestesia. Cicle habitual: 460 dies. La seva finestra de compra és ARA (retard: 0 dies). Share of wallet actual: 8%. Oportunitat de capturar 3153€ de quota de mercat.,2025-12-30,,,0.2513051272583044,televenda,173
1000100227,Anestesia,Commodities,finestra_captura,promiscu,263,371.0,0.0,0.307,4546.72,3151.49,alta,Client promiscu de Anestesia. Cicle habitual: 371 dies. La seva finestra de compra és ARA (retard: 0 dies). Share of wallet actual: 31%. Oportunitat de capturar 3151€ de quota de mercat.,2025-12-30,,,0.25128771751529283,televenda,174
30059,Anestesia,Commodities,finestra_captura,promiscu,78,217.0,0.0,0.078,3410.04,3144.27,alta,Client promiscu de Anestesia. Cicle habitual: 217 dies. La seva finestra de compra és ARA (retard: 0 dies). Share of wallet actual: 8%. Oportunitat de capturar 3144€ de quota de mercat.,2025-12-30,,,0.25121619613451274,televenda,175
1000080138,Anestesia,Commodities,finestra_captura,promiscu,8,224.0,0.0,0.087,3410.04,3114.75,alta,Client promiscu de Anestesia. Cicle habitual: 224 dies. La seva finestra de compra és ARA (retard: 0 dies). Share of wallet actual: 9%. Oportunitat de capturar 3115€ de quota de mercat.,2025-12-30,,,0.2509220527475477,televenda,176
7094,Anestesia,Commodities,finestra_captura,promiscu,266,313.0,0.0,0.087,3410.04,3112.49,alta,Client promiscu de Anestesia. Cicle habitual: 313 dies. La seva finestra de compra és ARA (retard: 0 dies). Share of wallet actual: 9%. Oportunitat de capturar 3112€ de quota de mercat.,2025-12-30,,,0.25089941891997014,televenda,177
42945,Anestesia,Commodities,risc_fuga,fidel,284,74.0,209.0,0.315,1802.36,47.31,critica,Client fidel de Anestesia. Cicle habitual: 74 dies (±25). Porta 284 dies sense comprar (209 dies de retard). Share of wallet últims 12m: 32%. Possible inici de fuga.,2025-12-30,,,0.2508685405861552,delegat,178
19211,Anestesia,Commodities,finestra_captura,promiscu,91,208.0,0.0,0.104,3410.04,3055.69,alta,Client promiscu de Anestesia. Cicle habitual: 208 dies. La seva finestra de compra és ARA (retard: 0 dies). Share of wallet actual: 10%. Oportunitat de capturar 3056€ de quota de mercat.,2025-12-30,,,0.2503251075969842,televenda,179
32226,Anestesia,Commodities,finestra_captura,promiscu,207,480.0,0.0,0.104,3410.04,3055.69,alta,Client promiscu de Anestesia. Cicle habitual: 480 dies. La seva finestra de compra és ARA (retard: 0 dies). Share of wallet actual: 10%. Oportunitat de capturar 3056€ de quota de mercat.,2025-12-30,,,0.2503251075969842,televenda,180
42640,Anestesia,Commodities,finestra_captura,promiscu,48,362.0,0.0,0.107,3410.04,3043.54,alta,Client promiscu de Anestesia. Cicle habitual: 362 dies. La seva finestra de compra és ARA (retard: 0 dies). Share of wallet actual: 11%. Oportunitat de capturar 3044€ de quota de mercat.,2025-12-30,,,0.2502008725685798,televenda,181
761,Anestesia,Commodities,finestra_captura,promiscu,118,412.0,0.0,0.107,3410.04,3043.54,alta,Client promiscu de Anestesia. Cicle habitual: 412 dies. La seva finestra de compra és ARA (retard: 0 dies). Share of wallet actual: 11%. Oportunitat de capturar 3044€ de quota de mercat.,2025-12-30,,,0.2502008725685798,televenda,182
25156,Anestesia,Commodities,finestra_captura,promiscu,68,1479.0,0.0,0.107,3410.04,3043.54,alta,Client promiscu de Anestesia. Cicle habitual: 1479 dies. La seva finestra de compra és ARA (retard: 0 dies). Share of wallet actual: 11%. Oportunitat de capturar 3044€ de quota de mercat.,2025-12-30,,,0.2502008725685798,televenda,183
38767,Anestesia,Commodities,finestra_captura,promiscu,74,1499.0,0.0,0.107,3410.04,3043.54,alta,Client promiscu de Anestesia. Cicle habitual: 1499 dies. La seva finestra de compra és ARA (retard: 0 dies). Share of wallet actual: 11%. Oportunitat de capturar 3044€ de quota de mercat.,2025-12-30,,,0.2502008725685798,televenda,184
12372,Anestesia,Commodities,finestra_captura,promiscu,20,1636.0,0.0,0.111,3410.04,3032.61,alta,Client promiscu de Anestesia. Cicle habitual: 1636 dies. La seva finestra de compra és ARA (retard: 0 dies). Share of wallet actual: 11%. Oportunitat de capturar 3033€ de quota de mercat.,2025-12-30,,,0.2500886878184263,televenda,185
11687,Anestesia,Commodities,finestra_captura,promiscu,112,326.0,0.0,0.111,3410.04,3032.61,alta,Client promiscu de Anestesia. Cicle habitual: 326 dies. La seva finestra de compra és ARA (retard: 0 dies). Share of wallet actual: 11%. Oportunitat de capturar 3033€ de quota de mercat.,2025-12-30,,,0.2500886878184263,televenda,186
42445,Anestesia,Commodities,finestra_captura,promiscu,50,241.0,0.0,0.113,3410.04,3023.12,alta,Client promiscu de Anestesia. Cicle habitual: 241 dies. La seva finestra de compra és ARA (retard: 0 dies). Share of wallet actual: 11%. Oportunitat de capturar 3023€ de quota de mercat.,2025-12-30,,,0.24999095481079903,televenda,187
20012,Anestesia,Commodities,finestra_captura,promiscu,169,197.0,0.0,0.113,3410.04,3023.12,alta,Client promiscu de Anestesia. Cicle habitual: 197 dies. La seva finestra de compra és ARA (retard: 0 dies). Share of wallet actual: 11%. Oportunitat de capturar 3023€ de quota de mercat.,2025-12-30,,,0.24999095481079903,televenda,188
27445,Anestesia,Commodities,finestra_captura,promiscu,207,250.0,0.0,0.114,3410.04,3021.93,alta,Client promiscu de Anestesia. Cicle habitual: 250 dies. La seva finestra de compra és ARA (retard: 0 dies). Share of wallet actual: 11%. Oportunitat de capturar 3022€ de quota de mercat.,2025-12-30,,,0.24997867793065254,televenda,189
1000061890,Anestesia,Commodities,finestra_captura,promiscu,84,543.0,0.0,0.116,3410.04,3015.41,alta,Client promiscu de Anestesia. Cicle habitual: 543 dies. La seva finestra de compra és ARA (retard: 0 dies). Share of wallet actual: 12%. Oportunitat de capturar 3015€ de quota de mercat.,2025-12-30,,,0.24991132710981098,televenda,190
25232,Anestesia,Commodities,finestra_captura,promiscu,118,151.0,0.0,0.117,3410.04,3011.98,alta,Client promiscu de Anestesia. Cicle habitual: 151 dies. La seva finestra de compra és ARA (retard: 0 dies). Share of wallet actual: 12%. Oportunitat de capturar 3012€ de quota de mercat.,2025-12-30,,,0.24987583715885364,televenda,191
5784,Anestesia,Commodities,finestra_captura,promiscu,210,249.0,0.0,0.338,4546.72,3011.23,alta,Client promiscu de Anestesia. Cicle habitual: 249 dies. La seva finestra de compra és ARA (retard: 0 dies). Share of wallet actual: 34%. Oportunitat de capturar 3011€ de quota de mercat.,2025-12-30,,,0.24986807158264546,televenda,192
8276,Anestesia,Commodities,finestra_captura,promiscu,210,338.0,0.0,0.121,3410.04,2998.2,alta,Client promiscu de Anestesia. Cicle habitual: 338 dies. La seva finestra de compra és ARA (retard: 0 dies). Share of wallet actual: 12%. Oportunitat de capturar 2998€ de quota de mercat.,2025-12-30,,,0.24973284816437238,televenda,193
34044,Anestesia,Commodities,finestra_captura,promiscu,186,201.0,0.0,0.129,3410.04,2970.25,alta,Client promiscu de Anestesia. Cicle habitual: 201 dies. La seva finestra de compra és ARA (retard: 0 dies). Share of wallet actual: 13%. Oportunitat de capturar 2970€ de quota de mercat.,2025-12-30,,,0.2494407945886764,televenda,194
3683,Anestesia,Commodities,finestra_captura,promiscu,210,770.0,0.0,0.13,3410.04,2967.11,alta,Client promiscu de Anestesia. Cicle habitual: 770 dies. La seva finestra de compra és ARA (retard: 0 dies). Share of wallet actual: 13%. Oportunitat de capturar 2967€ de quota de mercat.,2025-12-30,,,0.24940781276638263,televenda,195
1000080499,Anestesia,Commodities,finestra_captura,promiscu,29,831.0,0.0,0.13,3410.04,2967.11,alta,Client promiscu de Anestesia. Cicle habitual: 831 dies. La seva finestra de compra és ARA (retard: 0 dies). Share of wallet actual: 13%. Oportunitat de capturar 2967€ de quota de mercat.,2025-12-30,,,0.24940781276638263,televenda,196
1000082448,Anestesia,Commodities,finestra_captura,promiscu,6,348.0,0.0,0.13,3410.04,2967.11,alta,Client promiscu de Anestesia. Cicle habitual: 348 dies. La seva finestra de compra és ARA (retard: 0 dies). Share of wallet actual: 13%. Oportunitat de capturar 2967€ de quota de mercat.,2025-12-30,,,0.24940781276638263,televenda,197
1000100507,Anestesia,Commodities,finestra_captura,promiscu,97,216.0,0.0,0.13,3410.04,2965.86,alta,Client promiscu de Anestesia. Cicle habitual: 216 dies. La seva finestra de compra és ARA (retard: 0 dies). Share of wallet actual: 13%. Oportunitat de capturar 2966€ de quota de mercat.,2025-12-30,,,0.24939467334925686,televenda,198
1000056618,Anestesia,Commodities,finestra_captura,promiscu,29,53.0,0.0,0.131,3410.04,2964.06,alta,Client promiscu de Anestesia. Cicle habitual: 53 dies. La seva finestra de compra és ARA (retard: 0 dies). Share of wallet actual: 13%. Oportunitat de capturar 2964€ de quota de mercat.,2025-12-30,,,0.24937574285985595,televenda,199
15442,Anestesia,Commodities,finestra_captura,promiscu,106,264.0,0.0,0.131,3410.04,2963.69,alta,Client promiscu de Anestesia. Cicle habitual: 264 dies. La seva finestra de compra és ARA (retard: 0 dies). Share of wallet actual: 13%. Oportunitat de capturar 2964€ de quota de mercat.,2025-12-30,,,0.24937185016869015,televenda,200
15369,Anestesia,Commodities,finestra_captura,promiscu,207,277.0,0.0,0.132,3410.04,2960.39,alta,Client promiscu de Anestesia. Cicle habitual: 277 dies. La seva finestra de compra és ARA (retard: 0 dies). Share of wallet actual: 13%. Oportunitat de capturar 2960€ de quota de mercat.,2025-12-30,,,0.24933711006715795,televenda,201
2406,Anestesia,Commodities,finestra_captura,promiscu,42,156.0,0.0,0.134,3410.04,2951.91,alta,Client promiscu de Anestesia. Cicle habitual: 156 dies. La seva finestra de compra és ARA (retard: 0 dies). Share of wallet actual: 13%. Oportunitat de capturar 2952€ de quota de mercat.,2025-12-30,,,0.2492476606719826,televenda,202
1000082001,Anestesia,Commodities,finestra_captura,promiscu,203,823.0,0.0,0.141,3410.04,2929.53,alta,Client promiscu de Anestesia. Cicle habitual: 823 dies. La seva finestra de compra és ARA (retard: 0 dies). Share of wallet actual: 14%. Oportunitat de capturar 2930€ de quota de mercat.,2025-12-30,,,0.24901035099034452,televenda,203
1000080036,Anestesia,Commodities,finestra_captura,promiscu,316,542.0,0.0,0.142,3410.04,2926.92,alta,Client promiscu de Anestesia. Cicle habitual: 542 dies. La seva finestra de compra és ARA (retard: 0 dies). Share of wallet actual: 14%. Oportunitat de capturar 2927€ de quota de mercat.,2025-12-30,,,0.24898255754303827,televenda,204
19832,Anestesia,Commodities,finestra_captura,promiscu,217,252.0,0.0,0.142,3410.04,2925.41,alta,Client promiscu de Anestesia. Cicle habitual: 252 dies. La seva finestra de compra és ARA (retard: 0 dies). Share of wallet actual: 14%. Oportunitat de capturar 2925€ de quota de mercat.,2025-12-30,,,0.24896646649370915,televenda,205
1000082789,Anestesia,Commodities,finestra_captura,promiscu,180,282.0,0.0,0.142,3410.04,2925.41,alta,Client promiscu de Anestesia. Cicle habitual: 282 dies. La seva finestra de compra és ARA (retard: 0 dies). Share of wallet actual: 14%. Oportunitat de capturar 2925€ de quota de mercat.,2025-12-30,,,0.24896646649370915,televenda,206
1000100465,Anestesia,Commodities,finestra_captura,promiscu,173,313.0,0.0,0.143,3410.04,2921.05,alta,Client promiscu de Anestesia. Cicle habitual: 313 dies. La seva finestra de compra és ARA (retard: 0 dies). Share of wallet actual: 14%. Oportunitat de capturar 2921€ de quota de mercat.,2025-12-30,,,0.2489199582805357,televenda,207
21671,Anestesia,Commodities,finestra_captura,promiscu,279,343.0,0.0,0.147,3410.04,2909.08,alta,Client promiscu de Anestesia. Cicle habitual: 343 dies. La seva finestra de compra és ARA (retard: 0 dies). Share of wallet actual: 15%. Oportunitat de capturar 2909€ de quota de mercat.,2025-12-30,,,0.24879191636199008,televenda,208
8532,Anestesia,Commodities,finestra_captura,promiscu,271,274.0,0.0,0.147,3410.04,2909.08,alta,Client promiscu de Anestesia. Cicle habitual: 274 dies. La seva finestra de compra és ARA (retard: 0 dies). Share of wallet actual: 15%. Oportunitat de capturar 2909€ de quota de mercat.,2025-12-30,,,0.24879191636199008,televenda,209
1000100373,Anestesia,Commodities,finestra_captura,promiscu,286,316.0,0.0,0.157,3410.04,2876.24,alta,Client promiscu de Anestesia. Cicle habitual: 316 dies. La seva finestra de compra és ARA (retard: 0 dies). Share of wallet actual: 16%. Oportunitat de capturar 2876€ de quota de mercat.,2025-12-30,,,0.24843790685770734,televenda,210
1000100449,Anestesia,Commodities,finestra_captura,promiscu,28,263.0,0.0,0.159,3410.04,2868.61,alta,Client promiscu de Anestesia. Cicle habitual: 263 dies. La seva finestra de compra és ARA (retard: 0 dies). Share of wallet actual: 16%. Oportunitat de capturar 2869€ de quota de mercat.,2025-12-30,,,0.24835507840660154,televenda,211
10465,Anestesia,Commodities,finestra_captura,promiscu,57,410.0,0.0,0.161,3410.04,2860.29,alta,Client promiscu de Anestesia. Cicle habitual: 410 dies. La seva finestra de compra és ARA (retard: 0 dies). Share of wallet actual: 16%. Oportunitat de capturar 2860€ de quota de mercat.,2025-12-30,,,0.24826450818932042,televenda,212
1000101639,Biomateriales,Productes Tècnics,silenci_anomal_crític,actiu_esporadic,291,3.0,,,0.0,823.41,critica,Client actiu_esporadic de Biomaterials. Historial: 2 pedidos (2 últims 12m). Freqüència habitual: 3 dies. Porta 291 dies sense comprar (z=320.0). Anomalia crítica detectada.,2025-12-30,320.0,vermella,0.248236346098084,televenda,213
1000101238,Biomateriales,Productes Tècnics,silenci_anomal_crític,actiu_esporadic,286,61.0,,,0.0,823.0,critica,Client actiu_esporadic de Biomaterials. Historial: 4 pedidos (2 últims 12m). Freqüència habitual: 61 ±8 dies. Porta 286 dies sense comprar (z=28.8). Anomalia crítica detectada.,2025-12-30,28.81,vermella,0.24821795577123462,televenda,214
38758,Anestesia,Commodities,finestra_captura,promiscu,183,478.0,0.0,0.167,3410.04,2839.47,alta,Client promiscu de Anestesia. Cicle habitual: 478 dies. La seva finestra de compra és ARA (retard: 0 dies). Share of wallet actual: 17%. Oportunitat de capturar 2839€ de quota de mercat.,2025-12-30,,,0.24803670577050999,televenda,215
41866,Anestesia,Commodities,finestra_captura,promiscu,337,1362.0,0.0,0.168,3410.04,2836.67,alta,Client promiscu de Anestesia. Cicle habitual: 1362 dies. La seva finestra de compra és ARA (retard: 0 dies). Share of wallet actual: 17%. Oportunitat de capturar 2837€ de quota de mercat.,2025-12-30,,,0.248005942211379,televenda,216
10285,Anestesia,Commodities,finestra_captura,promiscu,291,501.0,0.0,0.168,3410.04,2835.8,alta,Client promiscu de Anestesia. Cicle habitual: 501 dies. La seva finestra de compra és ARA (retard: 0 dies). Share of wallet actual: 17%. Oportunitat de capturar 2836€ de quota de mercat.,2025-12-30,,,0.24799637735264185,televenda,217
1000082247,Anestesia,Commodities,finestra_captura,promiscu,343,357.0,0.0,0.378,4546.72,2826.63,alta,Client promiscu de Anestesia. Cicle habitual: 357 dies. La seva finestra de compra és ARA (retard: 0 dies). Share of wallet actual: 38%. Oportunitat de capturar 2827€ de quota de mercat.,2025-12-30,,,0.2478953827628734,televenda,218
1000100078,Anestesia,Commodities,finestra_captura,promiscu,158,309.0,0.0,0.173,3410.04,2819.47,alta,Client promiscu de Anestesia. Cicle habitual: 309 dies. La seva finestra de compra és ARA (retard: 0 dies). Share of wallet actual: 17%. Oportunitat de capturar 2819€ de quota de mercat.,2025-12-30,,,0.24781629751388923,televenda,219
1000100920,Anestesia,Commodities,finestra_captura,promiscu,175,252.0,0.0,0.173,3410.04,2819.47,alta,Client promiscu de Anestesia. Cicle habitual: 252 dies. La seva finestra de compra és ARA (retard: 0 dies). Share of wallet actual: 17%. Oportunitat de capturar 2819€ de quota de mercat.,2025-12-30,,,0.24781629751388923,televenda,220
40767,Anestesia,Commodities,finestra_captura,promiscu,120,274.0,0.0,0.173,3410.04,2819.47,alta,Client promiscu de Anestesia. Cicle habitual: 274 dies. La seva finestra de compra és ARA (retard: 0 dies). Share of wallet actual: 17%. Oportunitat de capturar 2819€ de quota de mercat.,2025-12-30,,,0.24781629751388923,televenda,221
42906,Anestesia,Commodities,finestra_captura,promiscu,91,440.0,0.0,0.173,3410.04,2819.47,alta,Client promiscu de Anestesia. Cicle habitual: 440 dies. La seva finestra de compra és ARA (retard: 0 dies). Share of wallet actual: 17%. Oportunitat de capturar 2819€ de quota de mercat.,2025-12-30,,,0.24781629751388923,televenda,222
33825,Anestesia,Commodities,finestra_captura,promiscu,20,281.0,0.0,0.173,3410.04,2819.47,alta,Client promiscu de Anestesia. Cicle habitual: 281 dies. La seva finestra de compra és ARA (retard: 0 dies). Share of wallet actual: 17%. Oportunitat de capturar 2819€ de quota de mercat.,2025-12-30,,,0.24781629751388923,televenda,223
42526,Anestesia,Commodities,finestra_captura,promiscu,169,411.0,0.0,0.173,3410.04,2819.47,alta,Client promiscu de Anestesia. Cicle habitual: 411 dies. La seva finestra de compra és ARA (retard: 0 dies). Share of wallet actual: 17%. Oportunitat de capturar 2819€ de quota de mercat.,2025-12-30,,,0.24781629751388923,televenda,224
12306,Anestesia,Commodities,finestra_captura,promiscu,117,210.0,0.0,0.173,3410.04,2819.47,alta,Client promiscu de Anestesia. Cicle habitual: 210 dies. La seva finestra de compra és ARA (retard: 0 dies). Share of wallet actual: 17%. Oportunitat de capturar 2819€ de quota de mercat.,2025-12-30,,,0.24781629751388923,televenda,225
1000057629,Anestesia,Commodities,finestra_captura,promiscu,162,235.0,0.0,0.173,3410.04,2819.47,alta,Client promiscu de Anestesia. Cicle habitual: 235 dies. La seva finestra de compra és ARA (retard: 0 dies). Share of wallet actual: 17%. Oportunitat de capturar 2819€ de quota de mercat.,2025-12-30,,,0.24781629751388923,televenda,226
25957,Anestesia,Commodities,finestra_captura,promiscu,249,363.0,0.0,0.173,3410.04,2819.47,alta,Client promiscu de Anestesia. Cicle habitual: 363 dies. La seva finestra de compra és ARA (retard: 0 dies). Share of wallet actual: 17%. Oportunitat de capturar 2819€ de quota de mercat.,2025-12-30,,,0.24781629751388923,televenda,227
34176,Anestesia,Commodities,finestra_captura,promiscu,68,175.0,0.0,0.173,3410.04,2819.47,alta,Client promiscu de Anestesia. Cicle habitual: 175 dies. La seva finestra de compra és ARA (retard: 0 dies). Share of wallet actual: 17%. Oportunitat de capturar 2819€ de quota de mercat.,2025-12-30,,,0.24781629751388923,televenda,228
1000078744,Anestesia,Commodities,finestra_captura,promiscu,291,320.0,0.0,0.173,3410.04,2819.47,alta,Client promiscu de Anestesia. Cicle habitual: 320 dies. La seva finestra de compra és ARA (retard: 0 dies). Share of wallet actual: 17%. Oportunitat de capturar 2819€ de quota de mercat.,2025-12-30,,,0.24781629751388923,televenda,229
5462,Anestesia,Commodities,finestra_captura,promiscu,46,676.0,0.0,0.173,3410.04,2819.47,alta,Client promiscu de Anestesia. Cicle habitual: 676 dies. La seva finestra de compra és ARA (retard: 0 dies). Share of wallet actual: 17%. Oportunitat de capturar 2819€ de quota de mercat.,2025-12-30,,,0.24781629751388923,televenda,230
1000100605,Anestesia,Commodities,finestra_captura,promiscu,179,525.0,0.0,0.173,3410.04,2819.47,alta,Client promiscu de Anestesia. Cicle habitual: 525 dies. La seva finestra de compra és ARA (retard: 0 dies). Share of wallet actual: 17%. Oportunitat de capturar 2819€ de quota de mercat.,2025-12-30,,,0.24781629751388923,televenda,231
24217,Anestesia,Commodities,finestra_captura,promiscu,105,128.0,0.0,0.175,3410.04,2814.95,alta,Client promiscu de Anestesia. Cicle habitual: 128 dies. La seva finestra de compra és ARA (retard: 0 dies). Share of wallet actual: 17%. Oportunitat de capturar 2815€ de quota de mercat.,2025-12-30,,,0.24776626874806398,televenda,232
42756,Anestesia,Commodities,finestra_captura,promiscu,55,194.0,0.0,0.176,3410.04,2810.62,alta,Client promiscu de Anestesia. Cicle habitual: 194 dies. La seva finestra de compra és ARA (retard: 0 dies). Share of wallet actual: 18%. Oportunitat de capturar 2811€ de quota de mercat.,2025-12-30,,,0.2477182675933477,televenda,233
42750,Anestesia,Commodities,finestra_captura,promiscu,84,544.0,0.0,0.176,3410.04,2810.62,alta,Client promiscu de Anestesia. Cicle habitual: 544 dies. La seva finestra de compra és ARA (retard: 0 dies). Share of wallet actual: 18%. Oportunitat de capturar 2811€ de quota de mercat.,2025-12-30,,,0.2477182675933477,televenda,234
42734,Anestesia,Commodities,finestra_captura,promiscu,151,225.0,0.0,0.176,3410.04,2810.61,alta,Client promiscu de Anestesia. Cicle habitual: 225 dies. La seva finestra de compra és ARA (retard: 0 dies). Share of wallet actual: 18%. Oportunitat de capturar 2811€ de quota de mercat.,2025-12-30,,,0.24771815665063995,televenda,235
42889,Anestesia,Commodities,finestra_captura,promiscu,126,217.0,0.0,0.176,3410.04,2810.61,alta,Client promiscu de Anestesia. Cicle habitual: 217 dies. La seva finestra de compra és ARA (retard: 0 dies). Share of wallet actual: 18%. Oportunitat de capturar 2811€ de quota de mercat.,2025-12-30,,,0.24771815665063995,televenda,236
778,Anestesia,Commodities,finestra_captura,promiscu,270,386.0,0.0,0.182,3410.04,2790.99,alta,Client promiscu de Anestesia. Cicle habitual: 386 dies. La seva finestra de compra és ARA (retard: 0 dies). Share of wallet actual: 18%. Oportunitat de capturar 2791€ de quota de mercat.,2025-12-30,,,0.24749972364597225,televenda,237
6822,Anestesia,Commodities,finestra_captura,promiscu,103,205.0,0.0,0.182,3410.04,2790.99,alta,Client promiscu de Anestesia. Cicle habitual: 205 dies. La seva finestra de compra és ARA (retard: 0 dies). Share of wallet actual: 18%. Oportunitat de capturar 2791€ de quota de mercat.,2025-12-30,,,0.24749972364597225,televenda,238
39777,Anestesia,Commodities,finestra_captura,promiscu,76,376.0,0.0,0.183,3410.04,2786.63,alta,Client promiscu de Anestesia. Cicle habitual: 376 dies. La seva finestra de compra és ARA (retard: 0 dies). Share of wallet actual: 18%. Oportunitat de capturar 2787€ de quota de mercat.,2025-12-30,,,0.24745097455026518,televenda,239
1000074976,Anestesia,Commodities,finestra_captura,promiscu,223,1486.0,0.0,0.188,3410.04,2769.23,alta,Client promiscu de Anestesia. Cicle habitual: 1486 dies. La seva finestra de compra és ARA (retard: 0 dies). Share of wallet actual: 19%. Oportunitat de capturar 2769€ de quota de mercat.,2025-12-30,,,0.24725566311436253,televenda,240
7295,Anestesia,Commodities,finestra_captura,promiscu,300,411.0,0.0,0.188,3410.04,2767.75,alta,Client promiscu de Anestesia. Cicle habitual: 411 dies. La seva finestra de compra és ARA (retard: 0 dies). Share of wallet actual: 19%. Oportunitat de capturar 2768€ de quota de mercat.,2025-12-30,,,0.24723899384604253,televenda,241
8323,Anestesia,Commodities,finestra_captura,promiscu,208,373.0,0.0,0.192,3410.04,2754.97,alta,Client promiscu de Anestesia. Cicle habitual: 373 dies. La seva finestra de compra és ARA (retard: 0 dies). Share of wallet actual: 19%. Oportunitat de capturar 2755€ de quota de mercat.,2025-12-30,,,0.24709468067662774,televenda,242
43018,Bioseguridad,Commodities,risc_fuga,fidel,77,32.0,45.0,1.5,1086.44,161.16,alta,Client fidel de Bioseguridad. Cicle habitual: 32 dies (±17). Porta 77 dies sense comprar (45 dies de retard). Share of wallet últims 12m: 150%. Possible inici de fuga.,2025-12-30,,,0.24690907061771097,delegat,243
1000081576,Biomateriales,Productes Tècnics,silenci_anomal_crític,actiu_esporadic,89,15.0,,,0.0,792.05,critica,Client actiu_esporadic de Biomaterials. Historial: 2 pedidos (2 últims 12m). Freqüència habitual: 15 dies. Porta 89 dies sense comprar (z=16.4). Anomalia crítica detectada.,2025-12-30,16.44,vermella,0.2468026148358764,televenda,244
1116,Anestesia,Commodities,finestra_captura,promiscu,28,335.0,0.0,0.201,3410.04,2724.48,alta,Client promiscu de Anestesia. Cicle habitual: 335 dies. La seva finestra de compra és ARA (retard: 0 dies). Share of wallet actual: 20%. Oportunitat de capturar 2724€ de quota de mercat.,2025-12-30,,,0.24674766343356008,televenda,245
27037,Anestesia,Commodities,finestra_captura,promiscu,165,190.0,0.0,0.202,3410.04,2722.85,alta,Client promiscu de Anestesia. Cicle habitual: 190 dies. La seva finestra de compra és ARA (retard: 0 dies). Share of wallet actual: 20%. Oportunitat de capturar 2723€ de quota de mercat.,2025-12-30,,,0.24672900268258488,televenda,246
553,Anestesia,Commodities,finestra_captura,promiscu,273,277.0,0.0,0.203,3410.04,2716.85,alta,Client promiscu de Anestesia. Cicle habitual: 277 dies. La seva finestra de compra és ARA (retard: 0 dies). Share of wallet actual: 20%. Oportunitat de capturar 2717€ de quota de mercat.,2025-12-30,,,0.24666021646336012,televenda,247
27990,Anestesia,Commodities,finestra_captura,promiscu,60,240.0,0.0,0.523,5683.4,2708.18,alta,Client promiscu de Anestesia. Cicle habitual: 240 dies. La seva finestra de compra és ARA (retard: 0 dies). Share of wallet actual: 52%. Oportunitat de capturar 2708€ de quota de mercat.,2025-12-30,,,0.24656055165104301,televenda,248
1000101447,Anestesia,Commodities,finestra_captura,promiscu,112,294.0,0.0,0.208,3410.04,2701.34,alta,Client promiscu de Anestesia. Cicle habitual: 294 dies. La seva finestra de compra és ARA (retard: 0 dies). Share of wallet actual: 21%. Oportunitat de capturar 2701€ de quota de mercat.,2025-12-30,,,0.2464816980241215,televenda,249
1000080772,Anestesia,Commodities,finestra_captura,promiscu,230,360.0,0.0,0.208,3410.04,2701.34,alta,Client promiscu de Anestesia. Cicle habitual: 360 dies. La seva finestra de compra és ARA (retard: 0 dies). Share of wallet actual: 21%. Oportunitat de capturar 2701€ de quota de mercat.,2025-12-30,,,0.2464816980241215,televenda,250
1000082103,Anestesia,Commodities,finestra_captura,promiscu,14,281.0,0.0,0.208,3410.04,2701.34,alta,Client promiscu de Anestesia. Cicle habitual: 281 dies. La seva finestra de compra és ARA (retard: 0 dies). Share of wallet actual: 21%. Oportunitat de capturar 2701€ de quota de mercat.,2025-12-30,,,0.2464816980241215,televenda,251
1000082715,Anestesia,Commodities,finestra_captura,promiscu,200,320.0,0.0,0.208,3410.04,2701.34,alta,Client promiscu de Anestesia. Cicle habitual: 320 dies. La seva finestra de compra és ARA (retard: 0 dies). Share of wallet actual: 21%. Oportunitat de capturar 2701€ de quota de mercat.,2025-12-30,,,0.2464816980241215,televenda,252
22527,Anestesia,Commodities,finestra_captura,promiscu,286,299.0,0.0,0.214,3410.04,2680.87,alta,Client promiscu de Anestesia. Cicle habitual: 299 dies. La seva finestra de compra és ARA (retard: 0 dies). Share of wallet actual: 21%. Oportunitat de capturar 2681€ de quota de mercat.,2025-12-30,,,0.24624451557269703,televenda,253
1000100566,Anestesia,Commodities,finestra_captura,promiscu,67,224.0,0.0,0.217,3410.04,2669.66,alta,Client promiscu de Anestesia. Cicle habitual: 224 dies. La seva finestra de compra és ARA (retard: 0 dies). Share of wallet actual: 22%. Oportunitat de capturar 2670€ de quota de mercat.,2025-12-30,,,0.2461138588543222,televenda,254
1000069705,Anestesia,Commodities,finestra_captura,promiscu,120,228.0,0.0,0.413,4546.72,2668.17,alta,Client promiscu de Anestesia. Cicle habitual: 228 dies. La seva finestra de compra és ARA (retard: 0 dies). Share of wallet actual: 41%. Oportunitat de capturar 2668€ de quota de mercat.,2025-12-30,,,0.2460964510715993,televenda,255
1000100299,Anestesia,Commodities,finestra_captura,promiscu,89,280.0,0.0,0.218,3410.04,2667.49,alta,Client promiscu de Anestesia. Cicle habitual: 280 dies. La seva finestra de compra és ARA (retard: 0 dies). Share of wallet actual: 22%. Oportunitat de capturar 2667€ de quota de mercat.,2025-12-30,,,0.2460885033505238,televenda,256
1000081410,Biomateriales,Productes Tècnics,silenci_anomal_crític,actiu_esporadic,111,98.0,,,8007.0,775.51,critica,Client actiu_esporadic de Biomaterials. Historial: 3 pedidos (3 últims 12m). Freqüència habitual: 98 ±2 dies. Porta 111 dies sense comprar (z=6.4). Anomalia crítica detectada.,2025-12-30,6.36,vermella,0.24602342284023837,televenda,257
96,Anestesia,Commodities,finestra_captura,promiscu,139,318.0,0.0,0.221,3410.04,2655.18,alta,Client promiscu de Anestesia. Cicle habitual: 318 dies. La seva finestra de compra és ARA (retard: 0 dies). Share of wallet actual: 22%. Oportunitat de capturar 2655€ de quota de mercat.,2025-12-30,,,0.2459442749663451,televenda,258
1000082340,Anestesia,Commodities,finestra_captura,promiscu,75,430.0,0.0,0.417,4546.72,2651.79,alta,Client promiscu de Anestesia. Cicle habitual: 430 dies. La seva finestra de compra és ARA (retard: 0 dies). Share of wallet actual: 42%. Oportunitat de capturar 2652€ de quota de mercat.,2025-12-30,,,0.2459044391157727,televenda,259
37595,Anestesia,Commodities,finestra_captura,promiscu,172,222.0,0.0,0.224,3410.04,2646.36,alta,Client promiscu de Anestesia. Cicle habitual: 222 dies. La seva finestra de compra és ARA (retard: 0 dies). Share of wallet actual: 22%. Oportunitat de capturar 2646€ de quota de mercat.,2025-12-30,,,0.2458405250523353,televenda,260
1000080118,Anestesia,Commodities,finestra_captura,promiscu,75,432.0,0.0,0.226,3410.04,2640.71,alta,Client promiscu de Anestesia. Cicle habitual: 432 dies. La seva finestra de compra és ARA (retard: 0 dies). Share of wallet actual: 23%. Oportunitat de capturar 2641€ de quota de mercat.,2025-12-30,,,0.24577388214935647,televenda,261
1000064516,Anestesia,Commodities,finestra_captura,promiscu,74,325.0,0.0,0.226,3410.04,2640.39,alta,Client promiscu de Anestesia. Cicle habitual: 325 dies. La seva finestra de compra és ARA (retard: 0 dies). Share of wallet actual: 23%. Oportunitat de capturar 2640€ de quota de mercat.,2025-12-30,,,0.24577010342027264,televenda,262
9852,Anestesia,Commodities,finestra_captura,promiscu,132,414.0,0.0,0.227,3410.04,2636.75,alta,Client promiscu de Anestesia. Cicle habitual: 414 dies. La seva finestra de compra és ARA (retard: 0 dies). Share of wallet actual: 23%. Oportunitat de capturar 2637€ de quota de mercat.,2025-12-30,,,0.24572708812764593,televenda,263
1000082533,Anestesia,Commodities,finestra_captura,promiscu,208,278.0,0.0,0.232,3410.04,2620.49,alta,Client promiscu de Anestesia. Cicle habitual: 278 dies. La seva finestra de compra és ARA (retard: 0 dies). Share of wallet actual: 23%. Oportunitat de capturar 2620€ de quota de mercat.,2025-12-30,,,0.24553420975027299,televenda,264
1000101997,Anestesia,Commodities,finestra_captura,promiscu,29,88.0,0.0,0.232,3410.04,2617.66,alta,Client promiscu de Anestesia. Cicle habitual: 88 dies. La seva finestra de compra és ARA (retard: 0 dies). Share of wallet actual: 23%. Oportunitat de capturar 2618€ de quota de mercat.,2025-12-30,,,0.24550051770562978,televenda,265
42113,Anestesia,Commodities,finestra_captura,promiscu,308,377.0,0.0,0.235,3410.04,2609.43,alta,Client promiscu de Anestesia. Cicle habitual: 377 dies. La seva finestra de compra és ARA (retard: 0 dies). Share of wallet actual: 23%. Oportunitat de capturar 2609€ de quota de mercat.,2025-12-30,,,0.24540232964418107,televenda,266
813,Anestesia,Commodities,finestra_captura,promiscu,231,255.0,0.0,0.236,3410.04,2606.57,alta,Client promiscu de Anestesia. Cicle habitual: 255 dies. La seva finestra de compra és ARA (retard: 0 dies). Share of wallet actual: 24%. Oportunitat de capturar 2607€ de quota de mercat.,2025-12-30,,,0.24536813590375814,televenda,267
30626,Anestesia,Commodities,finestra_captura,promiscu,249,428.0,0.0,0.237,3410.04,2603.47,alta,Client promiscu de Anestesia. Cicle habitual: 428 dies. La seva finestra de compra és ARA (retard: 0 dies). Share of wallet actual: 24%. Oportunitat de capturar 2603€ de quota de mercat.,2025-12-30,,,0.24533103037594872,televenda,268
1000076045,Anestesia,Commodities,finestra_captura,promiscu,195,353.0,0.0,0.241,3410.04,2588.99,alta,Client promiscu de Anestesia. Cicle habitual: 353 dies. La seva finestra de compra és ARA (retard: 0 dies). Share of wallet actual: 24%. Oportunitat de capturar 2589€ de quota de mercat.,2025-12-30,,,0.24515712464702108,televenda,269
40159,Biomateriales,Productes Tècnics,silenci_anomal_crític,actiu_esporadic,327,82.0,,,13872.52,757.28,critica,Client actiu_esporadic de Biomaterials. Historial: 17 pedidos (1 últims 12m). Freqüència habitual: 82 ±62 dies. Porta 327 dies sense comprar (z=4.0). Anomalia crítica detectada.,2025-12-30,3.95,vermella,0.245145151005275,televenda,270
25996,Anestesia,Commodities,finestra_captura,promiscu,237,246.0,0.0,0.242,3410.04,2585.41,alta,Client promiscu de Anestesia. Cicle habitual: 246 dies. La seva finestra de compra és ARA (retard: 0 dies). Share of wallet actual: 24%. Oportunitat de capturar 2585€ de quota de mercat.,2025-12-30,,,0.24511397871290375,televenda,271
32067,Anestesia,Commodities,finestra_captura,promiscu,211,666.0,0.0,0.242,3410.04,2585.41,alta,Client promiscu de Anestesia. Cicle habitual: 666 dies. La seva finestra de compra és ARA (retard: 0 dies). Share of wallet actual: 24%. Oportunitat de capturar 2585€ de quota de mercat.,2025-12-30,,,0.24511397871290375,televenda,272
1000081050,Anestesia,Commodities,finestra_captura,promiscu,84,245.0,0.0,0.242,3410.04,2585.41,alta,Client promiscu de Anestesia. Cicle habitual: 245 dies. La seva finestra de compra és ARA (retard: 0 dies). Share of wallet actual: 24%. Oportunitat de capturar 2585€ de quota de mercat.,2025-12-30,,,0.24511397871290375,televenda,273
1000082759,Anestesia,Commodities,finestra_captura,promiscu,179,186.0,0.0,0.242,3410.04,2585.41,alta,Client promiscu de Anestesia. Cicle habitual: 186 dies. La seva finestra de compra és ARA (retard: 0 dies). Share of wallet actual: 24%. Oportunitat de capturar 2585€ de quota de mercat.,2025-12-30,,,0.24511397871290375,televenda,274
36587,Anestesia,Commodities,finestra_captura,promiscu,216,265.0,0.0,0.242,3410.04,2585.41,alta,Client promiscu de Anestesia. Cicle habitual: 265 dies. La seva finestra de compra és ARA (retard: 0 dies). Share of wallet actual: 24%. Oportunitat de capturar 2585€ de quota de mercat.,2025-12-30,,,0.24511397871290375,televenda,275
18863,Anestesia,Commodities,finestra_captura,promiscu,40,223.0,0.0,0.242,3410.04,2585.41,alta,Client promiscu de Anestesia. Cicle habitual: 223 dies. La seva finestra de compra és ARA (retard: 0 dies). Share of wallet actual: 24%. Oportunitat de capturar 2585€ de quota de mercat.,2025-12-30,,,0.24511397871290375,televenda,276
1000080634,Biomateriales,Productes Tècnics,silenci_anomal_crític,actiu_esporadic,165,46.0,,,4625.22,756.52,critica,Client actiu_esporadic de Biomaterials. Historial: 2 pedidos (2 últims 12m). Freqüència habitual: 46 dies. Porta 165 dies sense comprar (z=8.6). Anomalia crítica detectada.,2025-12-30,8.62,vermella,0.24510807930128276,televenda,277
1000040157,Anestesia,Commodities,finestra_captura,promiscu,190,320.0,0.0,0.253,3410.04,2548.67,alta,Client promiscu de Anestesia. Cicle habitual: 320 dies. La seva finestra de compra és ARA (retard: 0 dies). Share of wallet actual: 25%. Oportunitat de capturar 2549€ de quota de mercat.,2025-12-30,,,0.24466770697035412,televenda,278
1000080417,Anestesia,Commodities,finestra_captura,promiscu,207,294.0,0.0,0.253,3410.04,2548.67,alta,Client promiscu de Anestesia. Cicle habitual: 294 dies. La seva finestra de compra és ARA (retard: 0 dies). Share of wallet actual: 25%. Oportunitat de capturar 2549€ de quota de mercat.,2025-12-30,,,0.24466770697035412,televenda,279
10604,Anestesia,Commodities,finestra_captura,promiscu,104,620.0,0.0,0.258,3410.04,2530.43,alta,Client promiscu de Anestesia. Cicle habitual: 620 dies. La seva finestra de compra és ARA (retard: 0 dies). Share of wallet actual: 26%. Oportunitat de capturar 2530€ de quota de mercat.,2025-12-30,,,0.2444437556816485,televenda,280
1000079584,Anestesia,Commodities,finestra_captura,promiscu,99,296.0,0.0,0.259,3410.04,2527.16,alta,Client promiscu de Anestesia. Cicle habitual: 296 dies. La seva finestra de compra és ARA (retard: 0 dies). Share of wallet actual: 26%. Oportunitat de capturar 2527€ de quota de mercat.,2025-12-30,,,0.24440343599983155,televenda,281
1000075727,Anestesia,Commodities,finestra_captura,promiscu,28,672.0,0.0,0.26,3410.04,2524.18,alta,Client promiscu de Anestesia. Cicle habitual: 672 dies. La seva finestra de compra és ARA (retard: 0 dies). Share of wallet actual: 26%. Oportunitat de capturar 2524€ de quota de mercat.,2025-12-30,,,0.24436664662536642,televenda,282
1000056276,Anestesia,Commodities,finestra_captura,promiscu,104,211.0,0.0,0.262,3410.04,2516.71,alta,Client promiscu de Anestesia. Cicle habitual: 211 dies. La seva finestra de compra és ARA (retard: 0 dies). Share of wallet actual: 26%. Oportunitat de capturar 2517€ de quota de mercat.,2025-12-30,,,0.24427423512251772,televenda,283
3044,Anestesia,Commodities,finestra_captura,promiscu,117,234.0,0.0,0.263,3410.04,2512.82,alta,Client promiscu de Anestesia. Cicle habitual: 234 dies. La seva finestra de compra és ARA (retard: 0 dies). Share of wallet actual: 26%. Oportunitat de capturar 2513€ de quota de mercat.,2025-12-30,,,0.24422600323811203,televenda,284
36609,Anestesia,Commodities,finestra_captura,promiscu,117,542.0,0.0,0.266,3410.04,2504.43,alta,Client promiscu de Anestesia. Cicle habitual: 542 dies. La seva finestra de compra és ARA (retard: 0 dies). Share of wallet actual: 27%. Oportunitat de capturar 2504€ de quota de mercat.,2025-12-30,,,0.24412172152757947,televenda,285
1000067455,Anestesia,Commodities,risc_fuga,fidel,183,72.0,111.0,0.818,2223.12,151.5,alta,Client fidel de Anestesia. Cicle habitual: 72 dies (±37). Porta 183 dies sense comprar (111 dies de retard). Share of wallet últims 12m: 82%. Possible inici de fuga.,2025-12-30,,,0.24392889253550015,delegat,286
367,Anestesia,Commodities,finestra_captura,promiscu,232,304.0,0.0,0.271,3410.04,2484.56,alta,Client promiscu de Anestesia. Cicle habitual: 304 dies. La seva finestra de compra és ARA (retard: 0 dies). Share of wallet actual: 27%. Oportunitat de capturar 2485€ de quota de mercat.,2025-12-30,,,0.24387335213766406,televenda,287
1000070949,Anestesia,Commodities,finestra_captura,promiscu,161,328.0,0.0,0.456,4546.72,2475.11,alta,Client promiscu de Anestesia. Cicle habitual: 328 dies. La seva finestra de compra és ARA (retard: 0 dies). Share of wallet actual: 46%. Oportunitat de capturar 2475€ de quota de mercat.,2025-12-30,,,0.2437545322694801,televenda,288
6184,Anestesia,Commodities,finestra_captura,promiscu,159,312.0,0.0,0.277,3410.04,2465.16,alta,Client promiscu de Anestesia. Cicle habitual: 312 dies. La seva finestra de compra és ARA (retard: 0 dies). Share of wallet actual: 28%. Oportunitat de capturar 2465€ de quota de mercat.,2025-12-30,,,0.24362893453417123,televenda,289
1000101167,Anestesia,Commodities,finestra_captura,promiscu,258,285.0,0.0,0.279,3410.04,2459.94,alta,Client promiscu de Anestesia. Cicle habitual: 285 dies. La seva finestra de compra és ARA (retard: 0 dies). Share of wallet actual: 28%. Oportunitat de capturar 2460€ de quota de mercat.,2025-12-30,,,0.24356284025091376,televenda,290
1000077215,Anestesia,Commodities,finestra_captura,promiscu,315,363.0,0.0,0.283,3410.04,2446.28,alta,Client promiscu de Anestesia. Cicle habitual: 363 dies. La seva finestra de compra és ARA (retard: 0 dies). Share of wallet actual: 28%. Oportunitat de capturar 2446€ de quota de mercat.,2025-12-30,,,0.24338921519104686,televenda,291
37409,Anestesia,Commodities,finestra_captura,promiscu,263,289.0,0.0,0.283,3410.04,2443.86,alta,Client promiscu de Anestesia. Cicle habitual: 289 dies. La seva finestra de compra és ARA (retard: 0 dies). Share of wallet actual: 28%. Oportunitat de capturar 2444€ de quota de mercat.,2025-12-30,,,0.24335835482073317,televenda,292
21125,Anestesia,Commodities,finestra_captura,promiscu,20,392.0,0.0,0.286,3410.04,2435.44,alta,Client promiscu de Anestesia. Cicle habitual: 392 dies. La seva finestra de compra és ARA (retard: 0 dies). Share of wallet actual: 29%. Oportunitat de capturar 2435€ de quota de mercat.,2025-12-30,,,0.24325074259075943,televenda,293
1000080780,Anestesia,Commodities,finestra_captura,promiscu,187,367.0,0.0,0.288,3410.04,2428.79,alta,Client promiscu de Anestesia. Cicle habitual: 367 dies. La seva finestra de compra és ARA (retard: 0 dies). Share of wallet actual: 29%. Oportunitat de capturar 2429€ de quota de mercat.,2025-12-30,,,0.2431654887619681,televenda,294
1000101603,Anestesia,Commodities,finestra_captura,promiscu,168,222.0,0.0,0.29,3410.04,2420.41,alta,Client promiscu de Anestesia. Cicle habitual: 222 dies. La seva finestra de compra és ARA (retard: 0 dies). Share of wallet actual: 29%. Oportunitat de capturar 2420€ de quota de mercat.,2025-12-30,,,0.24305772322937327,televenda,295
1000101090,Anestesia,Commodities,finestra_captura,promiscu,236,317.0,0.0,0.311,3410.04,2350.16,alta,Client promiscu de Anestesia. Cicle habitual: 317 dies. La seva finestra de compra és ARA (retard: 0 dies). Share of wallet actual: 31%. Oportunitat de capturar 2350€ de quota de mercat.,2025-12-30,,,0.2421393694902256,televenda,296
1000082322,Anestesia,Commodities,finestra_captura,promiscu,175,668.0,0.0,0.311,3410.04,2350.16,alta,Client promiscu de Anestesia. Cicle habitual: 668 dies. La seva finestra de compra és ARA (retard: 0 dies). Share of wallet actual: 31%. Oportunitat de capturar 2350€ de quota de mercat.,2025-12-30,,,0.2421393694902256,televenda,297
2858,Anestesia,Commodities,finestra_captura,promiscu,109,214.0,0.0,0.312,3410.04,2347.02,alta,Client promiscu de Anestesia. Cicle habitual: 214 dies. La seva finestra de compra és ARA (retard: 0 dies). Share of wallet actual: 31%. Oportunitat de capturar 2347€ de quota de mercat.,2025-12-30,,,0.24209768329668474,televenda,298
1000101093,Anestesia,Commodities,finestra_captura,promiscu,60,525.0,0.0,0.312,3410.04,2347.02,alta,Client promiscu de Anestesia. Cicle habitual: 525 dies. La seva finestra de compra és ARA (retard: 0 dies). Share of wallet actual: 31%. Oportunitat de capturar 2347€ de quota de mercat.,2025-12-30,,,0.24209768329668474,televenda,299
171,Anestesia,Commodities,finestra_captura,promiscu,231,508.0,0.0,0.312,3410.04,2347.02,alta,Client promiscu de Anestesia. Cicle habitual: 508 dies. La seva finestra de compra és ARA (retard: 0 dies). Share of wallet actual: 31%. Oportunitat de capturar 2347€ de quota de mercat.,2025-12-30,,,0.24209768329668474,televenda,300
35905,Anestesia,Commodities,finestra_captura,promiscu,270,284.0,0.0,0.312,3410.04,2347.02,alta,Client promiscu de Anestesia. Cicle habitual: 284 dies. La seva finestra de compra és ARA (retard: 0 dies). Share of wallet actual: 31%. Oportunitat de capturar 2347€ de quota de mercat.,2025-12-30,,,0.24209768329668474,televenda,301
1000077058,Anestesia,Commodities,finestra_captura,promiscu,263,370.0,0.0,0.313,3410.04,2342.81,alta,Client promiscu de Anestesia. Cicle habitual: 370 dies. La seva finestra de compra és ARA (retard: 0 dies). Share of wallet actual: 31%. Oportunitat de capturar 2343€ de quota de mercat.,2025-12-30,,,0.24204170437181327,televenda,302
42483,Anestesia,Commodities,finestra_captura,promiscu,99,162.0,0.0,0.314,3410.04,2339.64,alta,Client promiscu de Anestesia. Cicle habitual: 162 dies. La seva finestra de compra és ARA (retard: 0 dies). Share of wallet actual: 31%. Oportunitat de capturar 2340€ de quota de mercat.,2025-12-30,,,0.2419994875700365,televenda,303
13297,Anestesia,Commodities,finestra_captura,promiscu,356,379.0,0.0,0.315,3410.04,2335.0,alta,Client promiscu de Anestesia. Cicle habitual: 379 dies. La seva finestra de compra és ARA (retard: 0 dies). Share of wallet actual: 32%. Oportunitat de capturar 2335€ de quota de mercat.,2025-12-30,,,0.24193759068527323,televenda,304
1000082499,Anestesia,Commodities,finestra_captura,promiscu,214,227.0,0.0,0.487,4546.72,2332.08,alta,Client promiscu de Anestesia. Cicle habitual: 227 dies. La seva finestra de compra és ARA (retard: 0 dies). Share of wallet actual: 49%. Oportunitat de capturar 2332€ de quota de mercat.,2025-12-30,,,0.24189857527290426,televenda,305
1000100931,Anestesia,Commodities,finestra_captura,promiscu,222,450.0,0.0,0.322,3410.04,2310.54,alta,Client promiscu de Anestesia. Cicle habitual: 450 dies. La seva finestra de compra és ARA (retard: 0 dies). Share of wallet actual: 32%. Oportunitat de capturar 2311€ de quota de mercat.,2025-12-30,,,0.24160925209066544,televenda,306
1000076309,Anestesia,Commodities,finestra_captura,promiscu,29,71.0,0.0,0.322,3410.04,2310.53,alta,Client promiscu de Anestesia. Cicle habitual: 71 dies. La seva finestra de compra és ARA (retard: 0 dies). Share of wallet actual: 32%. Oportunitat de capturar 2311€ de quota de mercat.,2025-12-30,,,0.24160911714649141,televenda,307
2435,Bioseguridad,Commodities,finestra_captura,promiscu,333,365.0,0.0,0.172,2778.9,2301.87,alta,Client promiscu de Bioseguridad. Cicle habitual: 365 dies. La seva finestra de compra és ARA (retard: 0 dies). Share of wallet actual: 17%. Oportunitat de capturar 2302€ de quota de mercat.,2025-12-30,,,0.24149203578289732,televenda,308
2245,Anestesia,Commodities,finestra_captura,promiscu,169,228.0,0.0,0.326,3410.04,2297.42,alta,Client promiscu de Anestesia. Cicle habitual: 228 dies. La seva finestra de compra és ARA (retard: 0 dies). Share of wallet actual: 33%. Oportunitat de capturar 2297€ de quota de mercat.,2025-12-30,,,0.2414317013619322,televenda,309
11559,Anestesia,Commodities,finestra_captura,promiscu,166,217.0,0.0,0.327,3410.04,2294.15,alta,Client promiscu de Anestesia. Cicle habitual: 217 dies. La seva finestra de compra és ARA (retard: 0 dies). Share of wallet actual: 33%. Oportunitat de capturar 2294€ de quota de mercat.,2025-12-30,,,0.24138729122668243,televenda,310
8704,Bioseguridad,Commodities,finestra_captura,promiscu,7,219.0,0.0,0.182,2778.9,2274.46,alta,Client promiscu de Bioseguridad. Cicle habitual: 219 dies. La seva finestra de compra és ARA (retard: 0 dies). Share of wallet actual: 18%. Oportunitat de capturar 2274€ de quota de mercat.,2025-12-30,,,0.2411185348075899,televenda,311
1000073208,Anestesia,Commodities,finestra_captura,promiscu,279,364.0,0.0,0.337,3410.04,2261.81,alta,Client promiscu de Anestesia. Cicle habitual: 364 dies. La seva finestra de compra és ARA (retard: 0 dies). Share of wallet actual: 34%. Oportunitat de capturar 2262€ de quota de mercat.,2025-12-30,,,0.2409446402745674,televenda,312
1000076807,Anestesia,Commodities,finestra_captura,promiscu,249,290.0,0.0,0.337,3410.04,2261.55,alta,Client promiscu de Anestesia. Cicle habitual: 290 dies. La seva finestra de compra és ARA (retard: 0 dies). Share of wallet actual: 34%. Oportunitat de capturar 2262€ de quota de mercat.,2025-12-30,,,0.24094105597067972,televenda,313
1000070964,Anestesia,Commodities,finestra_captura,promiscu,55,272.0,0.0,0.34,3410.04,2249.3,alta,Client promiscu de Anestesia. Cicle habitual: 272 dies. La seva finestra de compra és ARA (retard: 0 dies). Share of wallet actual: 34%. Oportunitat de capturar 2249€ de quota de mercat.,2025-12-30,,,0.24077171156059954,televenda,314
1000100087,Anestesia,Commodities,finestra_captura,promiscu,291,722.0,0.0,0.345,3410.04,2233.63,alta,Client promiscu de Anestesia. Cicle habitual: 722 dies. La seva finestra de compra és ARA (retard: 0 dies). Share of wallet actual: 34%. Oportunitat de capturar 2234€ de quota de mercat.,2025-12-30,,,0.24055374006540764,televenda,315
30347,Anestesia,Commodities,finestra_captura,promiscu,221,560.0,0.0,0.346,3410.04,2228.9,alta,Client promiscu de Anestesia. Cicle habitual: 560 dies. La seva finestra de compra és ARA (retard: 0 dies). Share of wallet actual: 35%. Oportunitat de capturar 2229€ de quota de mercat.,2025-12-30,,,0.24048764482809393,televenda,316
20194,Bioseguridad,Commodities,finestra_captura,promiscu,214,521.0,0.0,0.0,2223.12,2223.12,alta,Client promiscu de Bioseguridad. Cicle habitual: 521 dies. La seva finestra de compra és ARA (retard: 0 dies). Share of wallet actual: 0%. Oportunitat de capturar 2223€ de quota de mercat.,2025-12-30,,,0.24040668668692938,televenda,317
38631,Anestesia,Commodities,finestra_captura,promiscu,293,376.0,0.0,0.0,2223.12,2223.12,alta,Client promiscu de Anestesia. Cicle habitual: 376 dies. La seva finestra de compra és ARA (retard: 0 dies). Share of wallet actual: 0%. Oportunitat de capturar 2223€ de quota de mercat.,2025-12-30,,,0.24040668668692938,televenda,318
1000075995,Anestesia,Commodities,finestra_captura,promiscu,40,143.0,0.0,0.0,2223.12,2223.12,alta,Client promiscu de Anestesia. Cicle habitual: 143 dies. La seva finestra de compra és ARA (retard: 0 dies). Share of wallet actual: 0%. Oportunitat de capturar 2223€ de quota de mercat.,2025-12-30,,,0.24040668668692938,televenda,319
1000077738,Anestesia,Commodities,finestra_captura,promiscu,102,330.0,0.0,0.35,3410.04,2215.71,alta,Client promiscu de Anestesia. Cicle habitual: 330 dies. La seva finestra de compra és ARA (retard: 0 dies). Share of wallet actual: 35%. Oportunitat de capturar 2216€ de quota de mercat.,2025-12-30,,,0.24030258948131558,televenda,320
1000079973,Anestesia,Commodities,finestra_captura,promiscu,188,431.0,0.0,0.355,3410.04,2199.16,alta,Client promiscu de Anestesia. Cicle habitual: 431 dies. La seva finestra de compra és ARA (retard: 0 dies). Share of wallet actual: 36%. Oportunitat de capturar 2199€ de quota de mercat.,2025-12-30,,,0.2400688295762461,televenda,321
1000101775,Biomateriales,Productes Tècnics,silenci_anomal_crític,actiu_esporadic,258,54.0,,,0.0,658.27,critica,Client actiu_esporadic de Biomaterials. Historial: 2 pedidos (2 últims 12m). Freqüència habitual: 54 dies. Porta 258 dies sense comprar (z=12.6). Anomalia crítica detectada.,2025-12-30,12.59,vermella,0.23997242801654456,televenda,322
22738,Anestesia,Commodities,finestra_captura,promiscu,350,366.0,0.0,0.365,3410.04,2164.65,alta,Client promiscu de Anestesia. Cicle habitual: 366 dies. La seva finestra de compra és ARA (retard: 0 dies). Share of wallet actual: 37%. Oportunitat de capturar 2165€ de quota de mercat.,2025-12-30,,,0.2395756855436857,televenda,323
1000060126,Biomateriales,Productes Tècnics,silenci_anomal_crític,actiu_esporadic,306,50.0,,,9247.3,650.95,critica,Client actiu_esporadic de Biomaterials. Historial: 31 pedidos (2 últims 12m). Freqüència habitual: 50 ±46 dies. Porta 306 dies sense comprar (z=5.6). Anomalia crítica detectada.,2025-12-30,5.58,vermella,0.23955965542632815,televenda,324
14083,Anestesia,Commodities,finestra_captura,promiscu,56,332.0,0.0,0.028,2223.12,2161.36,alta,Client promiscu de Anestesia. Cicle habitual: 332 dies. La seva finestra de compra és ARA (retard: 0 dies). Share of wallet actual: 3%. Oportunitat de capturar 2161€ de quota de mercat.,2025-12-30,,,0.23952826218219173,televenda,325
1000100495,Anestesia,Commodities,finestra_captura,promiscu,117,609.0,0.0,0.367,3410.04,2157.46,alta,Client promiscu de Anestesia. Cicle habitual: 609 dies. La seva finestra de compra és ARA (retard: 0 dies). Share of wallet actual: 37%. Oportunitat de capturar 2157€ de quota de mercat.,2025-12-30,,,0.23947195248925665,televenda,326
1000100273,Bioseguridad,Commodities,finestra_captura,promiscu,29,349.0,0.0,0.03,2223.12,2155.61,alta,Client promiscu de Bioseguridad. Cicle habitual: 349 dies. La seva finestra de compra és ARA (retard: 0 dies). Share of wallet actual: 3%. Oportunitat de capturar 2156€ de quota de mercat.,2025-12-30,,,0.2394452058932283,televenda,327
1000081126,Anestesia,Commodities,finestra_captura,promiscu,130,425.0,0.0,0.37,3410.04,2148.45,alta,Client promiscu de Anestesia. Cicle habitual: 425 dies. La seva finestra de compra és ARA (retard: 0 dies). Share of wallet actual: 37%. Oportunitat de capturar 2148€ de quota de mercat.,2025-12-30,,,0.23934147265050146,televenda,328
1000069310,Anestesia,Commodities,finestra_captura,promiscu,286,476.0,0.0,0.04,2223.12,2134.16,alta,Client promiscu de Anestesia. Cicle habitual: 476 dies. La seva finestra de compra és ARA (retard: 0 dies). Share of wallet actual: 4%. Oportunitat de capturar 2134€ de quota de mercat.,2025-12-30,,,0.23913340376034317,televenda,329
1000078005,Anestesia,Commodities,finestra_captura,promiscu,181,448.0,0.0,0.374,3410.04,2133.25,alta,Client promiscu de Anestesia. Cicle habitual: 448 dies. La seva finestra de compra és ARA (retard: 0 dies). Share of wallet actual: 37%. Oportunitat de capturar 2133€ de quota de mercat.,2025-12-30,,,0.2391201066233049,televenda,330
1000080344,Anestesia,Commodities,finestra_captura,promiscu,239,487.0,0.0,0.041,2223.12,2131.49,alta,Client promiscu de Anestesia. Cicle habitual: 487 dies. La seva finestra de compra és ARA (retard: 0 dies). Share of wallet actual: 4%. Oportunitat de capturar 2131€ de quota de mercat.,2025-12-30,,,0.23909437298919126,televenda,331
30232,Anestesia,Commodities,finestra_captura,promiscu,176,257.0,0.0,0.041,2223.12,2131.49,alta,Client promiscu de Anestesia. Cicle habitual: 257 dies. La seva finestra de compra és ARA (retard: 0 dies). Share of wallet actual: 4%. Oportunitat de capturar 2131€ de quota de mercat.,2025-12-30,,,0.23909437298919126,televenda,332
1000082089,Anestesia,Commodities,risc_fuga,fidel,237,86.0,150.0,0.739,2223.12,136.85,alta,Client fidel de Anestesia. Cicle habitual: 86 dies (±43). Porta 237 dies sense comprar (150 dies de retard). Share of wallet últims 12m: 74%. Possible inici de fuga.,2025-12-30,,,0.23902822901475299,delegat,333
30618,Anestesia,Commodities,finestra_captura,promiscu,84,156.0,0.0,0.532,4546.72,2126.16,alta,Client promiscu de Anestesia. Cicle habitual: 156 dies. La seva finestra de compra és ARA (retard: 0 dies). Share of wallet actual: 53%. Oportunitat de capturar 2126€ de quota de mercat.,2025-12-30,,,0.23901631126704895,televenda,334
1000074943,Anestesia,Commodities,finestra_captura,promiscu,272,319.0,0.0,0.377,3410.04,2123.83,alta,Client promiscu de Anestesia. Cicle habitual: 319 dies. La seva finestra de compra és ARA (retard: 0 dies). Share of wallet actual: 38%. Oportunitat de capturar 2124€ de quota de mercat.,2025-12-30,,,0.23898212526308382,televenda,335
30607,Anestesia,Commodities,finestra_captura,promiscu,117,321.0,0.0,0.38,3410.04,2114.85,alta,Client promiscu de Anestesia. Cicle habitual: 321 dies. La seva finestra de compra és ARA (retard: 0 dies). Share of wallet actual: 38%. Oportunitat de capturar 2115€ de quota de mercat.,2025-12-30,,,0.23885001818335663,televenda,336
1000078194,Anestesia,Commodities,finestra_captura,promiscu,29,446.0,0.0,0.049,2223.12,2113.16,alta,Client promiscu de Anestesia. Cicle habitual: 446 dies. La seva finestra de compra és ARA (retard: 0 dies). Share of wallet actual: 5%. Oportunitat de capturar 2113€ de quota de mercat.,2025-12-30,,,0.23882509348321093,televenda,337
1000080226,Anestesia,Commodities,finestra_captura,promiscu,208,254.0,0.0,0.052,2223.12,2107.6,alta,Client promiscu de Anestesia. Cicle habitual: 254 dies. La seva finestra de compra és ARA (retard: 0 dies). Share of wallet actual: 5%. Oportunitat de capturar 2108€ de quota de mercat.,2025-12-30,,,0.23874295186541458,televenda,338
1000076224,Anestesia,Commodities,finestra_captura,promiscu,252,326.0,0.0,0.058,2223.12,2094.35,alta,Client promiscu de Anestesia. Cicle habitual: 326 dies. La seva finestra de compra és ARA (retard: 0 dies). Share of wallet actual: 6%. Oportunitat de capturar 2094€ de quota de mercat.,2025-12-30,,,0.23854632430861872,televenda,339
1000082253,Anestesia,Commodities,finestra_captura,promiscu,96,490.0,0.0,0.387,3410.04,2090.2,alta,Client promiscu de Anestesia. Cicle habitual: 490 dies. La seva finestra de compra és ARA (retard: 0 dies). Share of wallet actual: 39%. Oportunitat de capturar 2090€ de quota de mercat.,2025-12-30,,,0.23848448329986086,televenda,340
35514,Anestesia,Commodities,finestra_captura,promiscu,186,467.0,0.0,0.063,2223.12,2082.86,alta,Client promiscu de Anestesia. Cicle habitual: 467 dies. La seva finestra de compra és ARA (retard: 0 dies). Share of wallet actual: 6%. Oportunitat de capturar 2083€ de quota de mercat.,2025-12-30,,,0.2383748055846178,televenda,341
1000072067,Anestesia,Commodities,finestra_captura,promiscu,160,460.0,0.0,0.39,3410.04,2081.26,alta,Client promiscu de Anestesia. Cicle habitual: 460 dies. La seva finestra de compra és ARA (retard: 0 dies). Share of wallet actual: 39%. Oportunitat de capturar 2081€ de quota de mercat.,2025-12-30,,,0.2383508463556712,televenda,342
1000065867,Anestesia,Commodities,finestra_captura,promiscu,77,288.0,0.0,0.39,3410.04,2081.25,alta,Client promiscu de Anestesia. Cicle habitual: 288 dies. La seva finestra de compra és ARA (retard: 0 dies). Share of wallet actual: 39%. Oportunitat de capturar 2081€ de quota de mercat.,2025-12-30,,,0.23835069655260613,televenda,343
1000100011,Anestesia,Commodities,finestra_captura,promiscu,106,218.0,0.0,0.39,3410.04,2081.25,alta,Client promiscu de Anestesia. Cicle habitual: 218 dies. La seva finestra de compra és ARA (retard: 0 dies). Share of wallet actual: 39%. Oportunitat de capturar 2081€ de quota de mercat.,2025-12-30,,,0.23835069655260613,televenda,344
1000100281,Anestesia,Commodities,finestra_captura,promiscu,95,282.0,0.0,0.39,3410.04,2081.25,alta,Client promiscu de Anestesia. Cicle habitual: 282 dies. La seva finestra de compra és ARA (retard: 0 dies). Share of wallet actual: 39%. Oportunitat de capturar 2081€ de quota de mercat.,2025-12-30,,,0.23835069655260613,televenda,345
1000080648,Anestesia,Commodities,finestra_captura,promiscu,239,712.0,0.0,0.39,3410.04,2081.25,alta,Client promiscu de Anestesia. Cicle habitual: 712 dies. La seva finestra de compra és ARA (retard: 0 dies). Share of wallet actual: 39%. Oportunitat de capturar 2081€ de quota de mercat.,2025-12-30,,,0.23835069655260613,televenda,346
1000080400,Anestesia,Commodities,finestra_captura,promiscu,223,648.0,0.0,0.39,3410.04,2081.25,alta,Client promiscu de Anestesia. Cicle habitual: 648 dies. La seva finestra de compra és ARA (retard: 0 dies). Share of wallet actual: 39%. Oportunitat de capturar 2081€ de quota de mercat.,2025-12-30,,,0.23835069655260613,televenda,347
1000082155,Anestesia,Commodities,finestra_captura,promiscu,57,322.0,0.0,0.39,3410.04,2081.25,alta,Client promiscu de Anestesia. Cicle habitual: 322 dies. La seva finestra de compra és ARA (retard: 0 dies). Share of wallet actual: 39%. Oportunitat de capturar 2081€ de quota de mercat.,2025-12-30,,,0.23835069655260613,televenda,348
39414,Anestesia,Commodities,finestra_captura,promiscu,159,272.0,0.0,0.39,3410.04,2081.25,alta,Client promiscu de Anestesia. Cicle habitual: 272 dies. La seva finestra de compra és ARA (retard: 0 dies). Share of wallet actual: 39%. Oportunitat de capturar 2081€ de quota de mercat.,2025-12-30,,,0.23835069655260613,televenda,349
36943,Anestesia,Commodities,finestra_captura,promiscu,113,137.0,0.0,0.39,3410.04,2081.25,alta,Client promiscu de Anestesia. Cicle habitual: 137 dies. La seva finestra de compra és ARA (retard: 0 dies). Share of wallet actual: 39%. Oportunitat de capturar 2081€ de quota de mercat.,2025-12-30,,,0.23835069655260613,televenda,350
1000101002,Anestesia,Commodities,finestra_captura,promiscu,281,349.0,0.0,0.39,3410.04,2081.25,alta,Client promiscu de Anestesia. Cicle habitual: 349 dies. La seva finestra de compra és ARA (retard: 0 dies). Share of wallet actual: 39%. Oportunitat de capturar 2081€ de quota de mercat.,2025-12-30,,,0.23835069655260613,televenda,351
5292,Anestesia,Commodities,finestra_captura,promiscu,49,357.0,0.0,0.39,3410.04,2081.25,alta,Client promiscu de Anestesia. Cicle habitual: 357 dies. La seva finestra de compra és ARA (retard: 0 dies). Share of wallet actual: 39%. Oportunitat de capturar 2081€ de quota de mercat.,2025-12-30,,,0.23835069655260613,televenda,352
1000041273,Anestesia,Commodities,finestra_captura,promiscu,7,371.0,0.0,0.39,3410.04,2081.25,alta,Client promiscu de Anestesia. Cicle habitual: 371 dies. La seva finestra de compra és ARA (retard: 0 dies). Share of wallet actual: 39%. Oportunitat de capturar 2081€ de quota de mercat.,2025-12-30,,,0.23835069655260613,televenda,353
1000082689,Anestesia,Commodities,finestra_captura,promiscu,222,226.0,0.0,0.39,3410.04,2081.25,alta,Client promiscu de Anestesia. Cicle habitual: 226 dies. La seva finestra de compra és ARA (retard: 0 dies). Share of wallet actual: 39%. Oportunitat de capturar 2081€ de quota de mercat.,2025-12-30,,,0.23835069655260613,televenda,354
1000081101,Anestesia,Commodities,finestra_captura,promiscu,123,234.0,0.0,0.39,3410.04,2081.25,alta,Client promiscu de Anestesia. Cicle habitual: 234 dies. La seva finestra de compra és ARA (retard: 0 dies). Share of wallet actual: 39%. Oportunitat de capturar 2081€ de quota de mercat.,2025-12-30,,,0.23835069655260613,televenda,355
1000080931,Anestesia,Commodities,finestra_captura,promiscu,34,526.0,0.0,0.39,3410.04,2081.25,alta,Client promiscu de Anestesia. Cicle habitual: 526 dies. La seva finestra de compra és ARA (retard: 0 dies). Share of wallet actual: 39%. Oportunitat de capturar 2081€ de quota de mercat.,2025-12-30,,,0.23835069655260613,televenda,356
1000080926,Anestesia,Commodities,finestra_captura,promiscu,111,780.0,0.0,0.39,3410.04,2081.25,alta,Client promiscu de Anestesia. Cicle habitual: 780 dies. La seva finestra de compra és ARA (retard: 0 dies). Share of wallet actual: 39%. Oportunitat de capturar 2081€ de quota de mercat.,2025-12-30,,,0.23835069655260613,televenda,357
6990,Anestesia,Commodities,finestra_captura,promiscu,95,617.0,0.0,0.39,3410.04,2081.25,alta,Client promiscu de Anestesia. Cicle habitual: 617 dies. La seva finestra de compra és ARA (retard: 0 dies). Share of wallet actual: 39%. Oportunitat de capturar 2081€ de quota de mercat.,2025-12-30,,,0.23835069655260613,televenda,358
41789,Anestesia,Commodities,finestra_captura,promiscu,221,375.0,0.0,0.39,3410.04,2081.25,alta,Client promiscu de Anestesia. Cicle habitual: 375 dies. La seva finestra de compra és ARA (retard: 0 dies). Share of wallet actual: 39%. Oportunitat de capturar 2081€ de quota de mercat.,2025-12-30,,,0.23835069655260613,televenda,359
1000078502,Anestesia,Commodities,finestra_captura,promiscu,60,292.0,0.0,0.39,3410.04,2081.25,alta,Client promiscu de Anestesia. Cicle habitual: 292 dies. La seva finestra de compra és ARA (retard: 0 dies). Share of wallet actual: 39%. Oportunitat de capturar 2081€ de quota de mercat.,2025-12-30,,,0.23835069655260613,televenda,360
1000078182,Anestesia,Commodities,finestra_captura,promiscu,53,315.0,0.0,0.39,3410.04,2081.25,alta,Client promiscu de Anestesia. Cicle habitual: 315 dies. La seva finestra de compra és ARA (retard: 0 dies). Share of wallet actual: 39%. Oportunitat de capturar 2081€ de quota de mercat.,2025-12-30,,,0.23835069655260613,televenda,361
35117,Anestesia,Commodities,finestra_captura,promiscu,46,405.0,0.0,0.39,3410.04,2081.25,alta,Client promiscu de Anestesia. Cicle habitual: 405 dies. La seva finestra de compra és ARA (retard: 0 dies). Share of wallet actual: 39%. Oportunitat de capturar 2081€ de quota de mercat.,2025-12-30,,,0.23835069655260613,televenda,362
2503,Anestesia,Commodities,finestra_captura,promiscu,111,282.0,0.0,0.39,3410.04,2081.25,alta,Client promiscu de Anestesia. Cicle habitual: 282 dies. La seva finestra de compra és ARA (retard: 0 dies). Share of wallet actual: 39%. Oportunitat de capturar 2081€ de quota de mercat.,2025-12-30,,,0.23835069655260613,televenda,363
4111,Anestesia,Commodities,finestra_captura,promiscu,124,198.0,0.0,0.39,3410.04,2081.25,alta,Client promiscu de Anestesia. Cicle habitual: 198 dies. La seva finestra de compra és ARA (retard: 0 dies). Share of wallet actual: 39%. Oportunitat de capturar 2081€ de quota de mercat.,2025-12-30,,,0.23835069655260613,televenda,364
1000100458,Anestesia,Commodities,finestra_captura,promiscu,160,219.0,0.0,0.39,3410.04,2081.25,alta,Client promiscu de Anestesia. Cicle habitual: 219 dies. La seva finestra de compra és ARA (retard: 0 dies). Share of wallet actual: 39%. Oportunitat de capturar 2081€ de quota de mercat.,2025-12-30,,,0.23835069655260613,televenda,365
39721,Anestesia,Commodities,finestra_captura,promiscu,186,276.0,0.0,0.064,2223.12,2080.03,alta,Client promiscu de Anestesia. Cicle habitual: 276 dies. La seva finestra de compra és ARA (retard: 0 dies). Share of wallet actual: 6%. Oportunitat de capturar 2080€ de quota de mercat.,2025-12-30,,,0.23833241517869008,televenda,366
1000071166,Anestesia,Commodities,finestra_captura,promiscu,229,456.0,0.0,0.064,2223.12,2080.03,alta,Client promiscu de Anestesia. Cicle habitual: 456 dies. La seva finestra de compra és ARA (retard: 0 dies). Share of wallet actual: 6%. Oportunitat de capturar 2080€ de quota de mercat.,2025-12-30,,,0.23833241517869008,televenda,367
33445,Anestesia,Commodities,finestra_captura,promiscu,29,284.0,0.0,0.065,2223.12,2079.56,alta,Client promiscu de Anestesia. Cicle habitual: 284 dies. La seva finestra de compra és ARA (retard: 0 dies). Share of wallet actual: 6%. Oportunitat de capturar 2080€ de quota de mercat.,2025-12-30,,,0.23832536949443012,televenda,368
32297,Anestesia,Commodities,finestra_captura,promiscu,98,329.0,0.0,0.066,2223.12,2075.48,alta,Client promiscu de Anestesia. Cicle habitual: 329 dies. La seva finestra de compra és ARA (retard: 0 dies). Share of wallet actual: 7%. Oportunitat de capturar 2075€ de quota de mercat.,2025-12-30,,,0.23826413999516924,televenda,369
34023,Anestesia,Commodities,finestra_captura,promiscu,285,348.0,0.0,0.066,2223.12,2075.48,alta,Client promiscu de Anestesia. Cicle habitual: 348 dies. La seva finestra de compra és ARA (retard: 0 dies). Share of wallet actual: 7%. Oportunitat de capturar 2075€ de quota de mercat.,2025-12-30,,,0.23826413999516924,televenda,370
37533,Anestesia,Commodities,finestra_captura,promiscu,193,215.0,0.0,0.066,2223.12,2075.48,alta,Client promiscu de Anestesia. Cicle habitual: 215 dies. La seva finestra de compra és ARA (retard: 0 dies). Share of wallet actual: 7%. Oportunitat de capturar 2075€ de quota de mercat.,2025-12-30,,,0.23826413999516924,televenda,371
27724,Anestesia,Commodities,finestra_captura,promiscu,174,324.0,0.0,0.066,2223.12,2075.48,alta,Client promiscu de Anestesia. Cicle habitual: 324 dies. La seva finestra de compra és ARA (retard: 0 dies). Share of wallet actual: 7%. Oportunitat de capturar 2075€ de quota de mercat.,2025-12-30,,,0.23826413999516924,televenda,372
22547,Anestesia,Commodities,finestra_captura,promiscu,92,106.0,0.0,0.393,3410.04,2069.73,alta,Client promiscu de Anestesia. Cicle habitual: 106 dies. La seva finestra de compra és ARA (retard: 0 dies). Share of wallet actual: 39%. Oportunitat de capturar 2070€ de quota de mercat.,2025-12-30,,,0.2381776438596316,televenda,373
4101,Anestesia,Commodities,finestra_captura,promiscu,26,124.0,0.0,0.394,3410.04,2066.5,alta,Client promiscu de Anestesia. Cicle habitual: 124 dies. La seva finestra de compra és ARA (retard: 0 dies). Share of wallet actual: 39%. Oportunitat de capturar 2066€ de quota de mercat.,2025-12-30,,,0.2381289501799688,televenda,374
1000101555,Anestesia,Commodities,finestra_captura,promiscu,151,268.0,0.0,0.396,3410.04,2059.12,alta,Client promiscu de Anestesia. Cicle habitual: 268 dies. La seva finestra de compra és ARA (retard: 0 dies). Share of wallet actual: 40%. Oportunitat de capturar 2059€ de quota de mercat.,2025-12-30,,,0.2380174073329787,televenda,375
1000074185,Bioseguridad,Commodities,finestra_captura,promiscu,57,412.0,0.0,0.26,2778.9,2057.33,alta,Client promiscu de Bioseguridad. Cicle habitual: 412 dies. La seva finestra de compra és ARA (retard: 0 dies). Share of wallet actual: 26%. Oportunitat de capturar 2057€ de quota de mercat.,2025-12-30,,,0.23799029269132724,televenda,376
14356,Anestesia,Commodities,finestra_captura,promiscu,162,511.0,0.0,0.075,2223.12,2055.98,alta,Client promiscu de Anestesia. Cicle habitual: 511 dies. La seva finestra de compra és ARA (retard: 0 dies). Share of wallet actual: 8%. Oportunitat de capturar 2056€ de quota de mercat.,2025-12-30,,,0.23796982749868043,televenda,377
29716,Biomateriales,Productes Tècnics,silenci_anomal_vigilar,actiu_regular,41,21.0,,,92473.0,5321.54,mitjana,Client actiu_regular de Biomaterials. Historial: 86 pedidos (14 últims 12m). Freqüència habitual: 21 ±12 dies. Porta 41 dies sense comprar (z=1.6). Anomalia moderada detectada.,2025-12-30,1.63,groga,0.23788907205022794,delegat,378
31524,Anestesia,Commodities,finestra_captura,promiscu,33,287.0,0.0,0.399,3410.04,2050.48,alta,Client promiscu de Anestesia. Cicle habitual: 287 dies. La seva finestra de compra és ARA (retard: 0 dies). Share of wallet actual: 40%. Oportunitat de capturar 2050€ de quota de mercat.,2025-12-30,,,0.2378863117277303,televenda,379
1000076598,Anestesia,Commodities,finestra_captura,promiscu,29,1671.0,0.0,0.08,2223.12,2045.96,alta,Client promiscu de Anestesia. Cicle habitual: 1671 dies. La seva finestra de compra és ARA (retard: 0 dies). Share of wallet actual: 8%. Oportunitat de capturar 2046€ de quota de mercat.,2025-12-30,,,0.23781750916135108,televenda,380
23817,Anestesia,Commodities,finestra_captura,promiscu,173,229.0,0.0,0.082,2223.12,2039.87,alta,Client promiscu de Anestesia. Cicle habitual: 229 dies. La seva finestra de compra és ARA (retard: 0 dies). Share of wallet actual: 8%. Oportunitat de capturar 2040€ de quota de mercat.,2025-12-30,,,0.23772456772156259,televenda,381
1000101236,Anestesia,Commodities,finestra_captura,promiscu,92,363.0,0.0,0.082,2223.12,2039.87,alta,Client promiscu de Anestesia. Cicle habitual: 363 dies. La seva finestra de compra és ARA (retard: 0 dies). Share of wallet actual: 8%. Oportunitat de capturar 2040€ de quota de mercat.,2025-12-30,,,0.23772456772156259,televenda,382
7785,Anestesia,Commodities,finestra_captura,promiscu,228,242.0,0.0,0.403,3410.04,2036.95,alta,Client promiscu de Anestesia. Cicle habitual: 242 dies. La seva finestra de compra és ARA (retard: 0 dies). Share of wallet actual: 40%. Oportunitat de capturar 2037€ de quota de mercat.,2025-12-30,,,0.23767990625355104,televenda,383
19583,Anestesia,Commodities,finestra_captura,promiscu,64,214.0,0.0,0.403,3410.04,2035.19,alta,Client promiscu de Anestesia. Cicle habitual: 214 dies. La seva finestra de compra és ARA (retard: 0 dies). Share of wallet actual: 40%. Oportunitat de capturar 2035€ de quota de mercat.,2025-12-30,,,0.23765295609311943,televenda,384
12011,Anestesia,Commodities,finestra_captura,promiscu,61,417.0,0.0,0.085,2223.12,2034.41,alta,Client promiscu de Anestesia. Cicle habitual: 417 dies. La seva finestra de compra és ARA (retard: 0 dies). Share of wallet actual: 8%. Oportunitat de capturar 2034€ de quota de mercat.,2025-12-30,,,0.237641004821662,televenda,385
1000081602,Anestesia,Commodities,finestra_captura,promiscu,231,542.0,0.0,0.085,2223.12,2034.41,alta,Client promiscu de Anestesia. Cicle habitual: 542 dies. La seva finestra de compra és ARA (retard: 0 dies). Share of wallet actual: 8%. Oportunitat de capturar 2034€ de quota de mercat.,2025-12-30,,,0.237641004821662,televenda,386
23429,Anestesia,Commodities,finestra_captura,promiscu,293,556.0,0.0,0.085,2223.12,2034.41,alta,Client promiscu de Anestesia. Cicle habitual: 556 dies. La seva finestra de compra és ARA (retard: 0 dies). Share of wallet actual: 8%. Oportunitat de capturar 2034€ de quota de mercat.,2025-12-30,,,0.237641004821662,televenda,387
1000072995,Anestesia,Commodities,finestra_captura,promiscu,35,548.0,0.0,0.404,3410.04,2031.95,alta,Client promiscu de Anestesia. Cicle habitual: 548 dies. La seva finestra de compra és ARA (retard: 0 dies). Share of wallet actual: 40%. Oportunitat de capturar 2032€ de quota de mercat.,2025-12-30,,,0.23760328232811032,televenda,388
24910,Anestesia,Commodities,finestra_captura,promiscu,81,318.0,0.0,0.086,2223.12,2030.88,alta,Client promiscu de Anestesia. Cicle habitual: 318 dies. La seva finestra de compra és ARA (retard: 0 dies). Share of wallet actual: 9%. Oportunitat de capturar 2031€ de quota de mercat.,2025-12-30,,,0.2375868603295708,televenda,389
35451,Anestesia,Commodities,finestra_captura,promiscu,27,243.0,0.0,0.093,2223.12,2017.2,alta,Client promiscu de Anestesia. Cicle habitual: 243 dies. La seva finestra de compra és ARA (retard: 0 dies). Share of wallet actual: 9%. Oportunitat de capturar 2017€ de quota de mercat.,2025-12-30,,,0.23737613887482273,televenda,390
1000100339,Anestesia,Commodities,finestra_captura,promiscu,82,826.0,0.0,0.093,2223.12,2017.2,alta,Client promiscu de Anestesia. Cicle habitual: 826 dies. La seva finestra de compra és ARA (retard: 0 dies). Share of wallet actual: 9%. Oportunitat de capturar 2017€ de quota de mercat.,2025-12-30,,,0.23737613887482273,televenda,391
1000100429,Anestesia,Commodities,finestra_captura,promiscu,71,760.0,0.0,0.093,2223.12,2017.2,alta,Client promiscu de Anestesia. Cicle habitual: 760 dies. La seva finestra de compra és ARA (retard: 0 dies). Share of wallet actual: 9%. Oportunitat de capturar 2017€ de quota de mercat.,2025-12-30,,,0.23737613887482273,televenda,392
1000082034,Anestesia,Commodities,finestra_captura,promiscu,291,362.0,0.0,0.093,2223.12,2017.2,alta,Client promiscu de Anestesia. Cicle habitual: 362 dies. La seva finestra de compra és ARA (retard: 0 dies). Share of wallet actual: 9%. Oportunitat de capturar 2017€ de quota de mercat.,2025-12-30,,,0.23737613887482273,televenda,393
1000080269,Anestesia,Commodities,finestra_captura,promiscu,82,498.0,0.0,0.093,2223.12,2017.2,alta,Client promiscu de Anestesia. Cicle habitual: 498 dies. La seva finestra de compra és ARA (retard: 0 dies). Share of wallet actual: 9%. Oportunitat de capturar 2017€ de quota de mercat.,2025-12-30,,,0.23737613887482273,televenda,394
1000066414,Anestesia,Commodities,finestra_captura,promiscu,200,805.0,0.0,0.093,2223.12,2017.2,alta,Client promiscu de Anestesia. Cicle habitual: 805 dies. La seva finestra de compra és ARA (retard: 0 dies). Share of wallet actual: 9%. Oportunitat de capturar 2017€ de quota de mercat.,2025-12-30,,,0.23737613887482273,televenda,395
43019,Anestesia,Commodities,finestra_captura,promiscu,116,123.0,0.0,0.094,2223.12,2013.27,alta,Client promiscu de Anestesia. Cicle habitual: 123 dies. La seva finestra de compra és ARA (retard: 0 dies). Share of wallet actual: 9%. Oportunitat de capturar 2013€ de quota de mercat.,2025-12-30,,,0.2373153385147292,televenda,396
1000082264,Anestesia,Commodities,finestra_captura,promiscu,119,234.0,0.0,0.411,3410.04,2007.33,alta,Client promiscu de Anestesia. Cicle habitual: 234 dies. La seva finestra de compra és ARA (retard: 0 dies). Share of wallet actual: 41%. Oportunitat de capturar 2007€ de quota de mercat.,2025-12-30,,,0.23722321626826198,televenda,397
12173,Anestesia,Commodities,finestra_captura,promiscu,154,244.0,0.0,0.416,3410.04,1992.64,alta,Client promiscu de Anestesia. Cicle habitual: 244 dies. La seva finestra de compra és ARA (retard: 0 dies). Share of wallet actual: 42%. Oportunitat de capturar 1993€ de quota de mercat.,2025-12-30,,,0.23699421677238308,televenda,398
1000073493,Anestesia,Commodities,finestra_captura,promiscu,145,145.0,0.0,0.416,3410.04,1992.29,alta,Client promiscu de Anestesia. Cicle habitual: 145 dies. La seva finestra de compra és ARA (retard: 0 dies). Share of wallet actual: 42%. Oportunitat de capturar 1992€ de quota de mercat.,2025-12-30,,,0.23698874013428273,televenda,399
28806,Anestesia,Commodities,finestra_captura,promiscu,316,366.0,0.0,0.416,3410.04,1990.98,alta,Client promiscu de Anestesia. Cicle habitual: 366 dies. La seva finestra de compra és ARA (retard: 0 dies). Share of wallet actual: 42%. Oportunitat de capturar 1991€ de quota de mercat.,2025-12-30,,,0.236968233321338,televenda,400
42175,Anestesia,Commodities,finestra_captura,promiscu,56,116.0,0.0,0.417,3410.04,1989.62,alta,Client promiscu de Anestesia. Cicle habitual: 116 dies. La seva finestra de compra és ARA (retard: 0 dies). Share of wallet actual: 42%. Oportunitat de capturar 1990€ de quota de mercat.,2025-12-30,,,0.2369469295327098,televenda,401
1000077080,Anestesia,Commodities,finestra_captura,promiscu,165,603.0,0.0,0.106,2223.12,1988.4,alta,Client promiscu de Anestesia. Cicle habitual: 603 dies. La seva finestra de compra és ARA (retard: 0 dies). Share of wallet actual: 11%. Oportunitat de capturar 1988€ de quota de mercat.,2025-12-30,,,0.2369278063929762,televenda,402
1000101892,Bioseguridad,Commodities,finestra_captura,promiscu,29,236.0,0.0,0.106,2223.12,1987.46,alta,Client promiscu de Bioseguridad. Cicle habitual: 236 dies. La seva finestra de compra és ARA (retard: 0 dies). Share of wallet actual: 11%. Oportunitat de capturar 1987€ de quota de mercat.,2025-12-30,,,0.23691306416998154,televenda,403
39452,Anestesia,Commodities,risc_fuga,fidel,85,33.0,51.0,0.707,2223.12,130.92,alta,Client fidel de Anestesia. Cicle habitual: 33 dies (±14). Porta 85 dies sense comprar (51 dies de retard). Share of wallet últims 12m: 71%. Possible inici de fuga.,2025-12-30,,,0.23689468729028476,delegat,404
43018,Biomateriales,Productes Tècnics,silenci_anomal_crític,actiu_esporadic,176,36.0,,,0.0,605.51,critica,Client actiu_esporadic de Biomaterials. Historial: 3 pedidos (3 últims 12m). Freqüència habitual: 36 ±32 dies. Porta 176 dies sense comprar (z=4.4). Anomalia crítica detectada.,2025-12-30,4.38,vermella,0.23688874960433814,televenda,405
1000082025,Biomateriales,Productes Tècnics,silenci_anomal_crític,actiu_esporadic,208,33.0,,,5548.38,605.39,critica,Client actiu_esporadic de Biomaterials. Historial: 3 pedidos (3 últims 12m). Freqüència habitual: 33 ±13 dies. Porta 208 dies sense comprar (z=13.7). Anomalia crítica detectada.,2025-12-30,13.75,vermella,0.23688143438968698,televenda,406
1000082382,Bioseguridad,Commodities,finestra_captura,promiscu,26,348.0,0.0,0.286,2778.9,1983.85,alta,Client promiscu de Bioseguridad. Cicle habitual: 348 dies. La seva finestra de compra és ARA (retard: 0 dies). Share of wallet actual: 29%. Oportunitat de capturar 1984€ de quota de mercat.,2025-12-30,,,0.23685638291208494,televenda,407
33731,Bioseguridad,Commodities,finestra_captura,promiscu,337,345.0,0.0,0.289,2778.9,1976.32,alta,Client promiscu de Bioseguridad. Cicle habitual: 345 dies. La seva finestra de compra és ARA (retard: 0 dies). Share of wallet actual: 29%. Oportunitat de capturar 1976€ de quota de mercat.,2025-12-30,,,0.2367378205065121,televenda,408
1000078930,Anestesia,Commodities,finestra_captura,promiscu,183,245.0,0.0,0.421,3410.04,1974.43,alta,Client promiscu de Anestesia. Cicle habitual: 245 dies. La seva finestra de compra és ARA (retard: 0 dies). Share of wallet actual: 42%. Oportunitat de capturar 1974€ de quota de mercat.,2025-12-30,,,0.23670799092925876,televenda,409
1000058229,Anestesia,Commodities,finestra_captura,promiscu,239,246.0,0.0,0.422,3410.04,1970.54,alta,Client promiscu de Anestesia. Cicle habitual: 246 dies. La seva finestra de compra és ARA (retard: 0 dies). Share of wallet actual: 42%. Oportunitat de capturar 1971€ de quota de mercat.,2025-12-30,,,0.2366465057384499,televenda,410
1000080093,Anestesia,Commodities,finestra_captura,promiscu,28,426.0,0.0,0.422,3410.04,1970.54,alta,Client promiscu de Anestesia. Cicle habitual: 426 dies. La seva finestra de compra és ARA (retard: 0 dies). Share of wallet actual: 42%. Oportunitat de capturar 1971€ de quota de mercat.,2025-12-30,,,0.2366465057384499,televenda,411
1000079299,Anestesia,Commodities,finestra_captura,promiscu,160,280.0,0.0,0.422,3410.04,1970.53,alta,Client promiscu de Anestesia. Cicle habitual: 280 dies. La seva finestra de compra és ARA (retard: 0 dies). Share of wallet actual: 42%. Oportunitat de capturar 1971€ de quota de mercat.,2025-12-30,,,0.23664634752255145,televenda,412
1000037399,Anestesia,Commodities,finestra_captura,promiscu,208,308.0,0.0,0.114,2223.12,1969.63,alta,Client promiscu de Anestesia. Cicle habitual: 308 dies. La seva finestra de compra és ARA (retard: 0 dies). Share of wallet actual: 11%. Oportunitat de capturar 1970€ de quota de mercat.,2025-12-30,,,0.23663210480444874,televenda,413
1000100034,Anestesia,Commodities,finestra_captura,promiscu,106,665.0,0.0,0.12,2223.12,1957.35,alta,Client promiscu de Anestesia. Cicle habitual: 665 dies. La seva finestra de compra és ARA (retard: 0 dies). Share of wallet actual: 12%. Oportunitat de capturar 1957€ de quota de mercat.,2025-12-30,,,0.2364371182919983,televenda,414
1000081598,Anestesia,Commodities,finestra_captura,promiscu,186,294.0,0.0,0.428,3410.04,1950.13,alta,Client promiscu de Anestesia. Cicle habitual: 294 dies. La seva finestra de compra és ARA (retard: 0 dies). Share of wallet actual: 43%. Oportunitat de capturar 1950€ de quota de mercat.,2025-12-30,,,0.2363219048094464,televenda,415
1000076082,Anestesia,Commodities,finestra_captura,promiscu,244,382.0,0.0,0.429,3410.04,1948.37,alta,Client promiscu de Anestesia. Cicle habitual: 382 dies. La seva finestra de compra és ARA (retard: 0 dies). Share of wallet actual: 43%. Oportunitat de capturar 1948€ de quota de mercat.,2025-12-30,,,0.23629375489860352,televenda,416
1000075175,Anestesia,Commodities,finestra_captura,promiscu,28,368.0,0.0,0.124,2223.12,1948.24,alta,Client promiscu de Anestesia. Cicle habitual: 368 dies. La seva finestra de compra és ARA (retard: 0 dies). Share of wallet actual: 12%. Oportunitat de capturar 1948€ de quota de mercat.,2025-12-30,,,0.23629167463596767,televenda,417
1000080049,Anestesia,Commodities,finestra_captura,promiscu,208,322.0,0.0,0.124,2223.12,1948.24,alta,Client promiscu de Anestesia. Cicle habitual: 322 dies. La seva finestra de compra és ARA (retard: 0 dies). Share of wallet actual: 12%. Oportunitat de capturar 1948€ de quota de mercat.,2025-12-30,,,0.23629167463596767,televenda,418
3327,Anestesia,Commodities,finestra_captura,promiscu,162,489.0,0.0,0.124,2223.12,1948.24,alta,Client promiscu de Anestesia. Cicle habitual: 489 dies. La seva finestra de compra és ARA (retard: 0 dies). Share of wallet actual: 12%. Oportunitat de capturar 1948€ de quota de mercat.,2025-12-30,,,0.23629167463596767,televenda,419
5939,Anestesia,Commodities,finestra_captura,promiscu,123,267.0,0.0,0.124,2223.12,1948.24,alta,Client promiscu de Anestesia. Cicle habitual: 267 dies. La seva finestra de compra és ARA (retard: 0 dies). Share of wallet actual: 12%. Oportunitat de capturar 1948€ de quota de mercat.,2025-12-30,,,0.23629167463596767,televenda,420
1000081793,Anestesia,Commodities,finestra_captura,promiscu,245,411.0,0.0,0.124,2223.12,1948.24,alta,Client promiscu de Anestesia. Cicle habitual: 411 dies. La seva finestra de compra és ARA (retard: 0 dies). Share of wallet actual: 12%. Oportunitat de capturar 1948€ de quota de mercat.,2025-12-30,,,0.23629167463596767,televenda,421
3534,Anestesia,Commodities,finestra_captura,promiscu,208,370.0,0.0,0.124,2223.12,1948.24,alta,Client promiscu de Anestesia. Cicle habitual: 370 dies. La seva finestra de compra és ARA (retard: 0 dies). Share of wallet actual: 12%. Oportunitat de capturar 1948€ de quota de mercat.,2025-12-30,,,0.23629167463596767,televenda,422
2309,Anestesia,Commodities,finestra_captura,promiscu,12,115.0,0.0,0.126,2223.12,1942.78,alta,Client promiscu de Anestesia. Cicle habitual: 115 dies. La seva finestra de compra és ARA (retard: 0 dies). Share of wallet actual: 13%. Oportunitat de capturar 1943€ de quota de mercat.,2025-12-30,,,0.23620417809157876,televenda,423
1000078028,Anestesia,Commodities,finestra_captura,promiscu,251,317.0,0.0,0.126,2223.12,1942.78,alta,Client promiscu de Anestesia. Cicle habitual: 317 dies. La seva finestra de compra és ARA (retard: 0 dies). Share of wallet actual: 13%. Oportunitat de capturar 1943€ de quota de mercat.,2025-12-30,,,0.23620417809157876,televenda,424
1000082021,Anestesia,Commodities,finestra_captura,promiscu,210,385.0,0.0,0.127,2223.12,1941.68,alta,Client promiscu de Anestesia. Cicle habitual: 385 dies. La seva finestra de compra és ARA (retard: 0 dies). Share of wallet actual: 13%. Oportunitat de capturar 1942€ de quota de mercat.,2025-12-30,,,0.23618652084006922,televenda,425
1144,Bioseguridad,Commodities,finestra_captura,promiscu,216,242.0,0.0,0.303,2778.9,1936.91,alta,Client promiscu de Bioseguridad. Cicle habitual: 242 dies. La seva finestra de compra és ARA (retard: 0 dies). Share of wallet actual: 30%. Oportunitat de capturar 1937€ de quota de mercat.,2025-12-30,,,0.23610983671864427,televenda,426
1000082740,Anestesia,Commodities,finestra_captura,promiscu,313,822.0,0.0,0.129,2223.12,1936.44,alta,Client promiscu de Anestesia. Cicle habitual: 822 dies. La seva finestra de compra és ARA (retard: 0 dies). Share of wallet actual: 13%. Oportunitat de capturar 1936€ de quota de mercat.,2025-12-30,,,0.2361022706280515,televenda,427
1000101204,Bioseguridad,Commodities,finestra_captura,promiscu,176,306.0,0.0,0.304,2778.9,1933.55,alta,Client promiscu de Bioseguridad. Cicle habitual: 306 dies. La seva finestra de compra és ARA (retard: 0 dies). Share of wallet actual: 30%. Oportunitat de capturar 1934€ de quota de mercat.,2025-12-30,,,0.23605570683986313,televenda,428
1865,Anestesia,Commodities,finestra_captura,promiscu,285,721.0,0.0,0.133,2223.12,1927.83,alta,Client promiscu de Anestesia. Cicle habitual: 721 dies. La seva finestra de compra és ARA (retard: 0 dies). Share of wallet actual: 13%. Oportunitat de capturar 1928€ de quota de mercat.,2025-12-30,,,0.2359633405440119,televenda,429
1000075628,Anestesia,Commodities,finestra_captura,promiscu,202,315.0,0.0,0.133,2223.12,1927.83,alta,Client promiscu de Anestesia. Cicle habitual: 315 dies. La seva finestra de compra és ARA (retard: 0 dies). Share of wallet actual: 13%. Oportunitat de capturar 1928€ de quota de mercat.,2025-12-30,,,0.2359633405440119,televenda,430
1000081181,Anestesia,Commodities,finestra_captura,promiscu,203,266.0,0.0,0.133,2223.12,1927.83,alta,Client promiscu de Anestesia. Cicle habitual: 266 dies. La seva finestra de compra és ARA (retard: 0 dies). Share of wallet actual: 13%. Oportunitat de capturar 1928€ de quota de mercat.,2025-12-30,,,0.2359633405440119,televenda,431
19776,Anestesia,Commodities,finestra_captura,promiscu,126,335.0,0.0,0.133,2223.12,1927.83,alta,Client promiscu de Anestesia. Cicle habitual: 335 dies. La seva finestra de compra és ARA (retard: 0 dies). Share of wallet actual: 13%. Oportunitat de capturar 1928€ de quota de mercat.,2025-12-30,,,0.2359633405440119,televenda,432
1000071061,Anestesia,Commodities,finestra_captura,promiscu,280,504.0,0.0,0.133,2223.12,1927.83,alta,Client promiscu de Anestesia. Cicle habitual: 504 dies. La seva finestra de compra és ARA (retard: 0 dies). Share of wallet actual: 13%. Oportunitat de capturar 1928€ de quota de mercat.,2025-12-30,,,0.2359633405440119,televenda,433
42298,Anestesia,Commodities,finestra_captura,promiscu,117,246.0,0.0,0.133,2223.12,1927.83,alta,Client promiscu de Anestesia. Cicle habitual: 246 dies. La seva finestra de compra és ARA (retard: 0 dies). Share of wallet actual: 13%. Oportunitat de capturar 1928€ de quota de mercat.,2025-12-30,,,0.2359633405440119,televenda,434
26599,Anestesia,Commodities,finestra_captura,promiscu,223,248.0,0.0,0.133,2223.12,1927.83,alta,Client promiscu de Anestesia. Cicle habitual: 248 dies. La seva finestra de compra és ARA (retard: 0 dies). Share of wallet actual: 13%. Oportunitat de capturar 1928€ de quota de mercat.,2025-12-30,,,0.2359633405440119,televenda,435
14200,Anestesia,Commodities,finestra_captura,promiscu,111,686.0,0.0,0.133,2223.12,1927.83,alta,Client promiscu de Anestesia. Cicle habitual: 686 dies. La seva finestra de compra és ARA (retard: 0 dies). Share of wallet actual: 13%. Oportunitat de capturar 1928€ de quota de mercat.,2025-12-30,,,0.2359633405440119,televenda,436
28772,Anestesia,Commodities,finestra_captura,promiscu,50,286.0,0.0,0.133,2223.12,1927.83,alta,Client promiscu de Anestesia. Cicle habitual: 286 dies. La seva finestra de compra és ARA (retard: 0 dies). Share of wallet actual: 13%. Oportunitat de capturar 1928€ de quota de mercat.,2025-12-30,,,0.2359633405440119,televenda,437
1000078792,Anestesia,Commodities,finestra_captura,promiscu,271,279.0,0.0,0.133,2223.12,1927.83,alta,Client promiscu de Anestesia. Cicle habitual: 279 dies. La seva finestra de compra és ARA (retard: 0 dies). Share of wallet actual: 13%. Oportunitat de capturar 1928€ de quota de mercat.,2025-12-30,,,0.2359633405440119,televenda,438
1000078779,Anestesia,Commodities,finestra_captura,promiscu,53,410.0,0.0,0.133,2223.12,1927.83,alta,Client promiscu de Anestesia. Cicle habitual: 410 dies. La seva finestra de compra és ARA (retard: 0 dies). Share of wallet actual: 13%. Oportunitat de capturar 1928€ de quota de mercat.,2025-12-30,,,0.2359633405440119,televenda,439
22568,Bioseguridad,Commodities,finestra_captura,promiscu,47,289.0,0.0,0.134,2223.12,1924.98,alta,Client promiscu de Bioseguridad. Cicle habitual: 289 dies. La seva finestra de compra és ARA (retard: 0 dies). Share of wallet actual: 13%. Oportunitat de capturar 1925€ de quota de mercat.,2025-12-30,,,0.23591721658571219,televenda,440
1000082152,Anestesia,Commodities,finestra_captura,promiscu,6,237.0,0.0,0.134,2223.12,1924.51,alta,Client promiscu de Anestesia. Cicle habitual: 237 dies. La seva finestra de compra és ARA (retard: 0 dies). Share of wallet actual: 13%. Oportunitat de capturar 1925€ de quota de mercat.,2025-12-30,,,0.2359096036231495,televenda,441
1000064974,Anestesia,Commodities,finestra_captura,promiscu,78,232.0,0.0,0.436,3410.04,1921.81,alta,Client promiscu de Anestesia. Cicle habitual: 232 dies. La seva finestra de compra és ARA (retard: 0 dies). Share of wallet actual: 44%. Oportunitat de capturar 1922€ de quota de mercat.,2025-12-30,,,0.23586583355062457,televenda,442
1000101042,Anestesia,Commodities,risc_fuga,fidel,295,79.0,216.0,0.201,2223.12,37.3,critica,Client fidel de Anestesia. Cicle habitual: 79 dies (±48). Porta 295 dies sense comprar (216 dies de retard). Share of wallet últims 12m: 20%. Possible inici de fuga.,2025-12-30,,,0.23584681158562573,delegat,443
25219,Bioseguridad,Commodities,finestra_captura,promiscu,181,252.0,0.0,0.137,2223.12,1919.32,alta,Client promiscu de Bioseguridad. Cicle habitual: 252 dies. La seva finestra de compra és ARA (retard: 0 dies). Share of wallet actual: 14%. Oportunitat de capturar 1919€ de quota de mercat.,2025-12-30,,,0.2358254133056716,televenda,444
1000100037,Anestesia,Commodities,finestra_captura,promiscu,141,616.0,0.0,0.438,3410.04,1917.13,alta,Client promiscu de Anestesia. Cicle habitual: 616 dies. La seva finestra de compra és ARA (retard: 0 dies). Share of wallet actual: 44%. Oportunitat de capturar 1917€ de quota de mercat.,2025-12-30,,,0.2357898196263999,televenda,445
11760,Bioseguridad,Commodities,finestra_captura,promiscu,145,277.0,0.0,0.425,3334.68,1916.97,alta,Client promiscu de Bioseguridad. Cicle habitual: 277 dies. La seva finestra de compra és ARA (retard: 0 dies). Share of wallet actual: 43%. Oportunitat de capturar 1917€ de quota de mercat.,2025-12-30,,,0.23578721758218704,televenda,446
9967,Anestesia,Commodities,finestra_captura,promiscu,194,1162.0,0.0,0.139,2223.12,1914.24,alta,Client promiscu de Anestesia. Cicle habitual: 1162 dies. La seva finestra de compra és ARA (retard: 0 dies). Share of wallet actual: 14%. Oportunitat de capturar 1914€ de quota de mercat.,2025-12-30,,,0.2357427867224784,televenda,447
42777,Anestesia,Commodities,finestra_captura,promiscu,27,333.0,0.0,0.139,2223.12,1914.24,alta,Client promiscu de Anestesia. Cicle habitual: 333 dies. La seva finestra de compra és ARA (retard: 0 dies). Share of wallet actual: 14%. Oportunitat de capturar 1914€ de quota de mercat.,2025-12-30,,,0.2357427867224784,televenda,448
41349,Anestesia,Commodities,finestra_captura,promiscu,161,674.0,0.0,0.441,3410.04,1907.23,alta,Client promiscu de Anestesia. Cicle habitual: 674 dies. La seva finestra de compra és ARA (retard: 0 dies). Share of wallet actual: 44%. Oportunitat de capturar 1907€ de quota de mercat.,2025-12-30,,,0.2356284079513404,televenda,449
20179,Bioseguridad,Commodities,finestra_captura,promiscu,231,530.0,0.0,0.146,2223.12,1899.07,alta,Client promiscu de Bioseguridad. Cicle habitual: 530 dies. La seva finestra de compra és ARA (retard: 0 dies). Share of wallet actual: 15%. Oportunitat de capturar 1899€ de quota de mercat.,2025-12-30,,,0.23549473477149105,televenda,450
39969,Bioseguridad,Commodities,finestra_captura,promiscu,21,1490.0,0.0,0.146,2223.12,1899.07,alta,Client promiscu de Bioseguridad. Cicle habitual: 1490 dies. La seva finestra de compra és ARA (retard: 0 dies). Share of wallet actual: 15%. Oportunitat de capturar 1899€ de quota de mercat.,2025-12-30,,,0.23549473477149105,televenda,451
27272,Anestesia,Commodities,finestra_captura,promiscu,207,320.0,0.0,0.148,2223.12,1893.26,alta,Client promiscu de Anestesia. Cicle habitual: 320 dies. La seva finestra de compra és ARA (retard: 0 dies). Share of wallet actual: 15%. Oportunitat de capturar 1893€ de quota de mercat.,2025-12-30,,,0.23539920780629145,televenda,452
41053,Anestesia,Commodities,finestra_captura,promiscu,27,128.0,0.0,0.445,3410.04,1892.54,alta,Client promiscu de Anestesia. Cicle habitual: 128 dies. La seva finestra de compra és ARA (retard: 0 dies). Share of wallet actual: 45%. Oportunitat de capturar 1893€ de quota de mercat.,2025-12-30,,,0.23538734929775423,televenda,453
2373,Anestesia,Commodities,finestra_captura,promiscu,85,326.0,0.0,0.445,3410.04,1892.54,alta,Client promiscu de Anestesia. Cicle habitual: 326 dies. La seva finestra de compra és ARA (retard: 0 dies). Share of wallet actual: 45%. Oportunitat de capturar 1893€ de quota de mercat.,2025-12-30,,,0.23538734929775423,televenda,454
20194,Anestesia,Commodities,finestra_captura,promiscu,214,312.0,0.0,0.585,4546.72,1889.15,alta,Client promiscu de Anestesia. Cicle habitual: 312 dies. La seva finestra de compra és ARA (retard: 0 dies). Share of wallet actual: 58%. Oportunitat de capturar 1889€ de quota de mercat.,2025-12-30,,,0.23533145482345574,televenda,455
1000100562,Anestesia,Commodities,finestra_captura,promiscu,29,717.0,0.0,0.154,2223.12,1881.05,alta,Client promiscu de Anestesia. Cicle habitual: 717 dies. La seva finestra de compra és ARA (retard: 0 dies). Share of wallet actual: 15%. Oportunitat de capturar 1881€ de quota de mercat.,2025-12-30,,,0.23519749468607146,televenda,456
1000082704,Anestesia,Commodities,finestra_captura,promiscu,21,566.0,0.0,0.154,2223.12,1881.05,alta,Client promiscu de Anestesia. Cicle habitual: 566 dies. La seva finestra de compra és ARA (retard: 0 dies). Share of wallet actual: 15%. Oportunitat de capturar 1881€ de quota de mercat.,2025-12-30,,,0.23519749468607146,televenda,457
16816,Anestesia,Commodities,finestra_captura,promiscu,126,780.0,0.0,0.154,2223.12,1879.91,alta,Client promiscu de Anestesia. Cicle habitual: 780 dies. La seva finestra de compra és ARA (retard: 0 dies). Share of wallet actual: 15%. Oportunitat de capturar 1880€ de quota de mercat.,2025-12-30,,,0.23517859477018213,televenda,458
7543,Anestesia,Commodities,finestra_captura,promiscu,168,663.0,0.0,0.157,2223.12,1874.96,alta,Client promiscu de Anestesia. Cicle habitual: 663 dies. La seva finestra de compra és ARA (retard: 0 dies). Share of wallet actual: 16%. Oportunitat de capturar 1875€ de quota de mercat.,2025-12-30,,,0.23509639627033724,televenda,459
1000078098,Anestesia,Commodities,finestra_captura,promiscu,29,265.0,0.0,0.157,2223.12,1874.89,alta,Client promiscu de Anestesia. Cicle habitual: 265 dies. La seva finestra de compra és ARA (retard: 0 dies). Share of wallet actual: 16%. Oportunitat de capturar 1875€ de quota de mercat.,2025-12-30,,,0.23509523231267968,televenda,460
35962,Anestesia,Commodities,finestra_captura,promiscu,204,217.0,0.0,0.45,3410.04,1874.55,alta,Client promiscu de Anestesia. Cicle habitual: 217 dies. La seva finestra de compra és ARA (retard: 0 dies). Share of wallet actual: 45%. Oportunitat de capturar 1875€ de quota de mercat.,2025-12-30,,,0.2350895781861625,televenda,461
1000080403,Biomateriales,Productes Tècnics,silenci_anomal_crític,actiu_esporadic,320,58.0,,,4625.22,575.89,critica,Client actiu_esporadic de Biomaterials. Historial: 29 pedidos (3 últims 12m). Freqüència habitual: 58 ±45 dies. Porta 320 dies sense comprar (z=5.8). Anomalia crítica detectada.,2025-12-30,5.78,vermella,0.2350377129068611,televenda,462
22729,Anestesia,Commodities,finestra_captura,promiscu,207,372.0,0.0,0.159,2223.12,1868.77,alta,Client promiscu de Anestesia. Cicle habitual: 372 dies. La seva finestra de compra és ARA (retard: 0 dies). Share of wallet actual: 16%. Oportunitat de capturar 1869€ de quota de mercat.,2025-12-30,,,0.2349933008951005,televenda,463
1000073530,Anestesia,Commodities,finestra_captura,promiscu,92,516.0,0.0,0.16,2223.12,1868.45,alta,Client promiscu de Anestesia. Cicle habitual: 516 dies. La seva finestra de compra és ARA (retard: 0 dies). Share of wallet actual: 16%. Oportunitat de capturar 1868€ de quota de mercat.,2025-12-30,,,0.23498796197317376,televenda,464
21405,Anestesia,Commodities,finestra_captura,promiscu,314,348.0,0.0,0.16,2223.12,1867.3,alta,Client promiscu de Anestesia. Cicle habitual: 348 dies. La seva finestra de compra és ARA (retard: 0 dies). Share of wallet actual: 16%. Oportunitat de capturar 1867€ de quota de mercat.,2025-12-30,,,0.23496876767608452,televenda,465
3920,Anestesia,Commodities,finestra_captura,promiscu,335,496.0,0.0,0.16,2223.12,1867.3,alta,Client promiscu de Anestesia. Cicle habitual: 496 dies. La seva finestra de compra és ARA (retard: 0 dies). Share of wallet actual: 16%. Oportunitat de capturar 1867€ de quota de mercat.,2025-12-30,,,0.23496876767608452,televenda,466
2437,Anestesia,Commodities,finestra_captura,promiscu,133,137.0,0.0,0.164,2223.12,1859.31,alta,Client promiscu de Anestesia. Cicle habitual: 137 dies. La seva finestra de compra és ARA (retard: 0 dies). Share of wallet actual: 16%. Oportunitat de capturar 1859€ de quota de mercat.,2025-12-30,,,0.23483508193352326,televenda,467
10445,Anestesia,Commodities,finestra_captura,promiscu,237,589.0,0.0,0.165,2223.12,1856.62,alta,Client promiscu de Anestesia. Cicle habitual: 589 dies. La seva finestra de compra és ARA (retard: 0 dies). Share of wallet actual: 16%. Oportunitat de capturar 1857€ de quota de mercat.,2025-12-30,,,0.23478994461496652,televenda,468
4425,Anestesia,Commodities,finestra_captura,promiscu,180,443.0,0.0,0.165,2223.12,1856.62,alta,Client promiscu de Anestesia. Cicle habitual: 443 dies. La seva finestra de compra és ARA (retard: 0 dies). Share of wallet actual: 16%. Oportunitat de capturar 1857€ de quota de mercat.,2025-12-30,,,0.23478994461496652,televenda,469
1000058239,Anestesia,Commodities,finestra_captura,promiscu,162,260.0,0.0,0.165,2223.12,1856.62,alta,Client promiscu de Anestesia. Cicle habitual: 260 dies. La seva finestra de compra és ARA (retard: 0 dies). Share of wallet actual: 16%. Oportunitat de capturar 1857€ de quota de mercat.,2025-12-30,,,0.23478994461496652,televenda,470
1000100652,Anestesia,Commodities,finestra_captura,promiscu,175,216.0,0.0,0.165,2223.12,1856.62,alta,Client promiscu de Anestesia. Cicle habitual: 216 dies. La seva finestra de compra és ARA (retard: 0 dies). Share of wallet actual: 16%. Oportunitat de capturar 1857€ de quota de mercat.,2025-12-30,,,0.23478994461496652,televenda,471
1000101140,Anestesia,Commodities,finestra_captura,promiscu,98,453.0,0.0,0.165,2223.12,1856.62,alta,Client promiscu de Anestesia. Cicle habitual: 453 dies. La seva finestra de compra és ARA (retard: 0 dies). Share of wallet actual: 16%. Oportunitat de capturar 1857€ de quota de mercat.,2025-12-30,,,0.23478994461496652,televenda,472
33322,Anestesia,Commodities,finestra_captura,promiscu,112,401.0,0.0,0.165,2223.12,1856.62,alta,Client promiscu de Anestesia. Cicle habitual: 401 dies. La seva finestra de compra és ARA (retard: 0 dies). Share of wallet actual: 16%. Oportunitat de capturar 1857€ de quota de mercat.,2025-12-30,,,0.23478994461496652,televenda,473
1000040718,Anestesia,Commodities,finestra_captura,promiscu,210,391.0,0.0,0.165,2223.12,1856.62,alta,Client promiscu de Anestesia. Cicle habitual: 391 dies. La seva finestra de compra és ARA (retard: 0 dies). Share of wallet actual: 16%. Oportunitat de capturar 1857€ de quota de mercat.,2025-12-30,,,0.23478994461496652,televenda,474
6488,Anestesia,Commodities,finestra_captura,promiscu,229,239.0,0.0,0.165,2223.12,1856.62,alta,Client promiscu de Anestesia. Cicle habitual: 239 dies. La seva finestra de compra és ARA (retard: 0 dies). Share of wallet actual: 16%. Oportunitat de capturar 1857€ de quota de mercat.,2025-12-30,,,0.23478994461496652,televenda,475
9010,Anestesia,Commodities,finestra_captura,promiscu,207,220.0,0.0,0.165,2223.12,1856.62,alta,Client promiscu de Anestesia. Cicle habitual: 220 dies. La seva finestra de compra és ARA (retard: 0 dies). Share of wallet actual: 16%. Oportunitat de capturar 1857€ de quota de mercat.,2025-12-30,,,0.23478994461496652,televenda,476
28685,Anestesia,Commodities,finestra_captura,promiscu,291,415.0,0.0,0.165,2223.12,1856.62,alta,Client promiscu de Anestesia. Cicle habitual: 415 dies. La seva finestra de compra és ARA (retard: 0 dies). Share of wallet actual: 16%. Oportunitat de capturar 1857€ de quota de mercat.,2025-12-30,,,0.23478994461496652,televenda,477
9051,Anestesia,Commodities,finestra_captura,promiscu,158,407.0,0.0,0.165,2223.12,1856.62,alta,Client promiscu de Anestesia. Cicle habitual: 407 dies. La seva finestra de compra és ARA (retard: 0 dies). Share of wallet actual: 16%. Oportunitat de capturar 1857€ de quota de mercat.,2025-12-30,,,0.23478994461496652,televenda,478
23200,Anestesia,Commodities,finestra_captura,promiscu,70,331.0,0.0,0.165,2223.12,1856.62,alta,Client promiscu de Anestesia. Cicle habitual: 331 dies. La seva finestra de compra és ARA (retard: 0 dies). Share of wallet actual: 16%. Oportunitat de capturar 1857€ de quota de mercat.,2025-12-30,,,0.23478994461496652,televenda,479
1000070961,Anestesia,Commodities,finestra_captura,promiscu,153,644.0,0.0,0.165,2223.12,1856.62,alta,Client promiscu de Anestesia. Cicle habitual: 644 dies. La seva finestra de compra és ARA (retard: 0 dies). Share of wallet actual: 16%. Oportunitat de capturar 1857€ de quota de mercat.,2025-12-30,,,0.23478994461496652,televenda,480
1000079592,Anestesia,Commodities,finestra_captura,promiscu,76,221.0,0.0,0.457,3410.04,1852.78,alta,Client promiscu de Anestesia. Cicle habitual: 221 dies. La seva finestra de compra és ARA (retard: 0 dies). Share of wallet actual: 46%. Oportunitat de capturar 1853€ de quota de mercat.,2025-12-30,,,0.23472539729356143,televenda,481
37754,Anestesia,Commodities,finestra_captura,promiscu,89,102.0,0.0,0.457,3410.04,1851.86,alta,Client promiscu de Anestesia. Cicle habitual: 102 dies. La seva finestra de compra és ARA (retard: 0 dies). Share of wallet actual: 46%. Oportunitat de capturar 1852€ de quota de mercat.,2025-12-30,,,0.23470991297716604,televenda,482
1000070686,Biomateriales,Productes Tècnics,silenci_anomal_crític,actiu_esporadic,305,56.0,,,5548.38,570.32,critica,Client actiu_esporadic de Biomaterials. Historial: 28 pedidos (1 últims 12m). Freqüència habitual: 56 ±53 dies. Porta 305 dies sense comprar (z=4.7). Anomalia crítica detectada.,2025-12-30,4.69,vermella,0.2346790321316143,televenda,483
1000081940,Anestesia,Commodities,finestra_captura,promiscu,193,537.0,0.0,0.17,2223.12,1845.69,alta,Client promiscu de Anestesia. Cicle habitual: 537 dies. La seva finestra de compra és ARA (retard: 0 dies). Share of wallet actual: 17%. Oportunitat de capturar 1846€ de quota de mercat.,2025-12-30,,,0.23460586796290492,televenda,484
42534,Bioseguridad,Commodities,finestra_captura,promiscu,127,196.0,0.0,0.447,3334.68,1844.06,alta,Client promiscu de Bioseguridad. Cicle habitual: 196 dies. La seva finestra de compra és ARA (retard: 0 dies). Share of wallet actual: 45%. Oportunitat de capturar 1844€ de quota de mercat.,2025-12-30,,,0.2345783231416991,televenda,485
40294,Biomateriales,Productes Tècnics,silenci_anomal_crític,actiu_esporadic,245,65.0,,,23119.82,568.08,critica,Client actiu_esporadic de Biomaterials. Historial: 19 pedidos (3 últims 12m). Freqüència habitual: 65 ±44 dies. Porta 245 dies sense comprar (z=4.1). Anomalia crítica detectada.,2025-12-30,4.09,vermella,0.23453380017411307,televenda,486
1000076080,Anestesia,Commodities,finestra_captura,promiscu,104,637.0,0.0,0.46,3410.04,1839.97,alta,Client promiscu de Anestesia. Cicle habitual: 637 dies. La seva finestra de compra és ARA (retard: 0 dies). Share of wallet actual: 46%. Oportunitat de capturar 1840€ de quota de mercat.,2025-12-30,,,0.23450910033099012,televenda,487
42133,Anestesia,Commodities,finestra_captura,promiscu,90,448.0,0.0,0.461,3410.04,1837.06,alta,Client promiscu de Anestesia. Cicle habitual: 448 dies. La seva finestra de compra és ARA (retard: 0 dies). Share of wallet actual: 46%. Oportunitat de capturar 1837€ de quota de mercat.,2025-12-30,,,0.23445975519400244,televenda,488
15049,Anestesia,Commodities,finestra_captura,promiscu,116,338.0,0.0,0.174,2223.12,1836.2,alta,Client promiscu de Anestesia. Cicle habitual: 338 dies. La seva finestra de compra és ARA (retard: 0 dies). Share of wallet actual: 17%. Oportunitat de capturar 1836€ de quota de mercat.,2025-12-30,,,0.2344451571388581,televenda,489
6666,Anestesia,Commodities,finestra_captura,promiscu,230,280.0,0.0,0.175,2223.12,1833.73,alta,Client promiscu de Anestesia. Cicle habitual: 280 dies. La seva finestra de compra és ARA (retard: 0 dies). Share of wallet actual: 18%. Oportunitat de capturar 1834€ de quota de mercat.,2025-12-30,,,0.23440319213822738,televenda,490
32014,Bioseguridad,Commodities,finestra_captura,promiscu,152,151.0,1.0,0.179,2223.12,1825.6,alta,Client promiscu de Bioseguridad. Cicle habitual: 151 dies. La seva finestra de compra és ARA (retard: 1 dies). Share of wallet actual: 18%. Oportunitat de capturar 1826€ de quota de mercat.,2025-12-30,,,0.23426466432011997,televenda,491
1000081165,Bioseguridad,Commodities,finestra_captura,promiscu,68,530.0,0.0,0.179,2223.12,1825.6,alta,Client promiscu de Bioseguridad. Cicle habitual: 530 dies. La seva finestra de compra és ARA (retard: 0 dies). Share of wallet actual: 18%. Oportunitat de capturar 1826€ de quota de mercat.,2025-12-30,,,0.23426466432011997,televenda,492
42645,Bioseguridad,Commodities,finestra_captura,promiscu,117,468.0,0.0,0.182,2223.12,1818.56,alta,Client promiscu de Bioseguridad. Cicle habitual: 468 dies. La seva finestra de compra és ARA (retard: 0 dies). Share of wallet actual: 18%. Oportunitat de capturar 1819€ de quota de mercat.,2025-12-30,,,0.23414421008198058,televenda,493
1000081818,Anestesia,Commodities,finestra_captura,promiscu,218,485.0,0.0,0.185,2223.12,1811.78,alta,Client promiscu de Anestesia. Cicle habitual: 485 dies. La seva finestra de compra és ARA (retard: 0 dies). Share of wallet actual: 19%. Oportunitat de capturar 1812€ de quota de mercat.,2025-12-30,,,0.23402776307950723,televenda,494
1000101482,Anestesia,Commodities,finestra_captura,promiscu,216,219.0,0.0,0.185,2223.12,1811.78,alta,Client promiscu de Anestesia. Cicle habitual: 219 dies. La seva finestra de compra és ARA (retard: 0 dies). Share of wallet actual: 19%. Oportunitat de capturar 1812€ de quota de mercat.,2025-12-30,,,0.23402776307950723,televenda,495
41793,Anestesia,Commodities,finestra_captura,promiscu,64,356.0,0.0,0.185,2223.12,1811.28,alta,Client promiscu de Anestesia. Cicle habitual: 356 dies. La seva finestra de compra és ARA (retard: 0 dies). Share of wallet actual: 19%. Oportunitat de capturar 1811€ de quota de mercat.,2025-12-30,,,0.23401915830653236,televenda,496
22405,Anestesia,Commodities,finestra_captura,promiscu,169,1445.0,0.0,0.187,2223.12,1807.41,alta,Client promiscu de Anestesia. Cicle habitual: 1445 dies. La seva finestra de compra és ARA (retard: 0 dies). Share of wallet actual: 19%. Oportunitat de capturar 1807€ de quota de mercat.,2025-12-30,,,0.23395247695457763,televenda,497
7469,Anestesia,Commodities,finestra_captura,promiscu,186,510.0,0.0,0.189,2223.12,1802.33,alta,Client promiscu de Anestesia. Cicle habitual: 510 dies. La seva finestra de compra és ARA (retard: 0 dies). Share of wallet actual: 19%. Oportunitat de capturar 1802€ de quota de mercat.,2025-12-30,,,0.23386472998466518,televenda,498
42825,Biomateriales,Productes Tècnics,silenci_anomal_crític,actiu_esporadic,278,60.0,,,0.0,557.03,critica,Client actiu_esporadic de Biomaterials. Historial: 7 pedidos (3 últims 12m). Freqüència habitual: 60 ±25 dies. Porta 278 dies sense comprar (z=8.8). Anomalia crítica detectada.,2025-12-30,8.82,vermella,0.23380889581301745,televenda,499
1000080051,Anestesia,Commodities,finestra_captura,promiscu,97,644.0,0.0,0.193,2223.12,1794.23,alta,Client promiscu de Anestesia. Cicle habitual: 644 dies. La seva finestra de compra és ARA (retard: 0 dies). Share of wallet actual: 19%. Oportunitat de capturar 1794€ de quota de mercat.,2025-12-30,,,0.2337243058964185,televenda,500
1000080338,Anestesia,Commodities,finestra_captura,promiscu,312,456.0,0.0,0.194,2223.12,1791.87,alta,Client promiscu de Anestesia. Cicle habitual: 456 dies. La seva finestra de compra és ARA (retard: 0 dies). Share of wallet actual: 19%. Oportunitat de capturar 1792€ de quota de mercat.,2025-12-30,,,0.23368327300358702,televenda,501
40193,Anestesia,Commodities,finestra_captura,promiscu,46,307.0,0.0,0.477,3410.04,1784.83,alta,Client promiscu de Anestesia. Cicle habitual: 307 dies. La seva finestra de compra és ARA (retard: 0 dies). Share of wallet actual: 48%. Oportunitat de capturar 1785€ de quota de mercat.,2025-12-30,,,0.23356054814659863,televenda,502
1000075321,Anestesia,Commodities,finestra_captura,promiscu,68,396.0,0.0,0.198,2223.12,1783.33,alta,Client promiscu de Anestesia. Cicle habitual: 396 dies. La seva finestra de compra és ARA (retard: 0 dies). Share of wallet actual: 20%. Oportunitat de capturar 1783€ de quota de mercat.,2025-12-30,,,0.2335343368675878,televenda,503
1000076935,Anestesia,Commodities,finestra_captura,promiscu,208,233.0,0.0,0.198,2223.12,1783.33,alta,Client promiscu de Anestesia. Cicle habitual: 233 dies. La seva finestra de compra és ARA (retard: 0 dies). Share of wallet actual: 20%. Oportunitat de capturar 1783€ de quota de mercat.,2025-12-30,,,0.2335343368675878,televenda,504
19903,Anestesia,Commodities,finestra_captura,promiscu,39,292.0,0.0,0.198,2223.12,1783.33,alta,Client promiscu de Anestesia. Cicle habitual: 292 dies. La seva finestra de compra és ARA (retard: 0 dies). Share of wallet actual: 20%. Oportunitat de capturar 1783€ de quota de mercat.,2025-12-30,,,0.2335343368675878,televenda,505
1000041272,Anestesia,Commodities,finestra_captura,promiscu,239,291.0,0.0,0.198,2223.12,1783.33,alta,Client promiscu de Anestesia. Cicle habitual: 291 dies. La seva finestra de compra és ARA (retard: 0 dies). Share of wallet actual: 20%. Oportunitat de capturar 1783€ de quota de mercat.,2025-12-30,,,0.2335343368675878,televenda,506
1036,Anestesia,Commodities,finestra_captura,promiscu,124,401.0,0.0,0.198,2223.12,1783.33,alta,Client promiscu de Anestesia. Cicle habitual: 401 dies. La seva finestra de compra és ARA (retard: 0 dies). Share of wallet actual: 20%. Oportunitat de capturar 1783€ de quota de mercat.,2025-12-30,,,0.2335343368675878,televenda,507
13420,Anestesia,Commodities,finestra_captura,promiscu,210,270.0,0.0,0.198,2223.12,1783.33,alta,Client promiscu de Anestesia. Cicle habitual: 270 dies. La seva finestra de compra és ARA (retard: 0 dies). Share of wallet actual: 20%. Oportunitat de capturar 1783€ de quota de mercat.,2025-12-30,,,0.2335343368675878,televenda,508
9908,Anestesia,Commodities,finestra_captura,promiscu,167,522.0,0.0,0.198,2223.12,1783.33,alta,Client promiscu de Anestesia. Cicle habitual: 522 dies. La seva finestra de compra és ARA (retard: 0 dies). Share of wallet actual: 20%. Oportunitat de capturar 1783€ de quota de mercat.,2025-12-30,,,0.2335343368675878,televenda,509
35472,Anestesia,Commodities,finestra_captura,promiscu,46,774.0,0.0,0.198,2223.12,1783.33,alta,Client promiscu de Anestesia. Cicle habitual: 774 dies. La seva finestra de compra és ARA (retard: 0 dies). Share of wallet actual: 20%. Oportunitat de capturar 1783€ de quota de mercat.,2025-12-30,,,0.2335343368675878,televenda,510
20330,Anestesia,Commodities,finestra_captura,promiscu,131,192.0,0.0,0.198,2223.12,1783.33,alta,Client promiscu de Anestesia. Cicle habitual: 192 dies. La seva finestra de compra és ARA (retard: 0 dies). Share of wallet actual: 20%. Oportunitat de capturar 1783€ de quota de mercat.,2025-12-30,,,0.2335343368675878,televenda,511
1000070203,Anestesia,Commodities,finestra_captura,promiscu,103,281.0,0.0,0.198,2223.12,1783.33,alta,Client promiscu de Anestesia. Cicle habitual: 281 dies. La seva finestra de compra és ARA (retard: 0 dies). Share of wallet actual: 20%. Oportunitat de capturar 1783€ de quota de mercat.,2025-12-30,,,0.2335343368675878,televenda,512
42213,Anestesia,Commodities,finestra_captura,promiscu,76,334.0,0.0,0.198,2223.12,1782.27,alta,Client promiscu de Anestesia. Cicle habitual: 334 dies. La seva finestra de compra és ARA (retard: 0 dies). Share of wallet actual: 20%. Oportunitat de capturar 1782€ de quota de mercat.,2025-12-30,,,0.23351580093969077,televenda,513
10226,Anestesia,Commodities,finestra_captura,promiscu,28,399.0,0.0,0.199,2223.12,1780.19,alta,Client promiscu de Anestesia. Cicle habitual: 399 dies. La seva finestra de compra és ARA (retard: 0 dies). Share of wallet actual: 20%. Oportunitat de capturar 1780€ de quota de mercat.,2025-12-30,,,0.23347939650869204,televenda,514
5300,Anestesia,Commodities,finestra_captura,promiscu,203,400.0,0.0,0.199,2223.12,1780.19,alta,Client promiscu de Anestesia. Cicle habitual: 400 dies. La seva finestra de compra és ARA (retard: 0 dies). Share of wallet actual: 20%. Oportunitat de capturar 1780€ de quota de mercat.,2025-12-30,,,0.23347939650869204,televenda,515
26282,Anestesia,Commodities,finestra_captura,promiscu,209,380.0,0.0,0.199,2223.12,1780.19,alta,Client promiscu de Anestesia. Cicle habitual: 380 dies. La seva finestra de compra és ARA (retard: 0 dies). Share of wallet actual: 20%. Oportunitat de capturar 1780€ de quota de mercat.,2025-12-30,,,0.23347939650869204,televenda,516
1000080483,Anestesia,Commodities,finestra_captura,promiscu,207,246.0,0.0,0.199,2223.12,1780.19,alta,Client promiscu de Anestesia. Cicle habitual: 246 dies. La seva finestra de compra és ARA (retard: 0 dies). Share of wallet actual: 20%. Oportunitat de capturar 1780€ de quota de mercat.,2025-12-30,,,0.23347939650869204,televenda,517
1000081885,Anestesia,Commodities,finestra_captura,promiscu,92,383.0,0.0,0.2,2223.12,1778.94,alta,Client promiscu de Anestesia. Cicle habitual: 383 dies. La seva finestra de compra és ARA (retard: 0 dies). Share of wallet actual: 20%. Oportunitat de capturar 1779€ de quota de mercat.,2025-12-30,,,0.23345749838969368,televenda,518
24539,Anestesia,Commodities,finestra_captura,promiscu,180,202.0,0.0,0.2,2223.12,1778.94,alta,Client promiscu de Anestesia. Cicle habitual: 202 dies. La seva finestra de compra és ARA (retard: 0 dies). Share of wallet actual: 20%. Oportunitat de capturar 1779€ de quota de mercat.,2025-12-30,,,0.23345749838969368,televenda,519
13031,Anestesia,Commodities,finestra_captura,promiscu,68,311.0,0.0,0.2,2223.12,1778.94,alta,Client promiscu de Anestesia. Cicle habitual: 311 dies. La seva finestra de compra és ARA (retard: 0 dies). Share of wallet actual: 20%. Oportunitat de capturar 1779€ de quota de mercat.,2025-12-30,,,0.23345749838969368,televenda,520
1000100941,Anestesia,Commodities,finestra_captura,promiscu,193,228.0,0.0,0.2,2223.12,1778.94,alta,Client promiscu de Anestesia. Cicle habitual: 228 dies. La seva finestra de compra és ARA (retard: 0 dies). Share of wallet actual: 20%. Oportunitat de capturar 1779€ de quota de mercat.,2025-12-30,,,0.23345749838969368,televenda,521
1000100234,Anestesia,Commodities,finestra_captura,promiscu,99,288.0,0.0,0.2,2223.12,1778.94,alta,Client promiscu de Anestesia. Cicle habitual: 288 dies. La seva finestra de compra és ARA (retard: 0 dies). Share of wallet actual: 20%. Oportunitat de capturar 1779€ de quota de mercat.,2025-12-30,,,0.23345749838969368,televenda,522
25567,Anestesia,Commodities,finestra_captura,promiscu,228,238.0,0.0,0.2,2223.12,1778.94,alta,Client promiscu de Anestesia. Cicle habitual: 238 dies. La seva finestra de compra és ARA (retard: 0 dies). Share of wallet actual: 20%. Oportunitat de capturar 1779€ de quota de mercat.,2025-12-30,,,0.23345749838969368,televenda,523
7698,Anestesia,Commodities,finestra_captura,promiscu,321,700.0,0.0,0.479,3410.04,1776.99,alta,Client promiscu de Anestesia. Cicle habitual: 700 dies. La seva finestra de compra és ARA (retard: 0 dies). Share of wallet actual: 48%. Oportunitat de capturar 1777€ de quota de mercat.,2025-12-30,,,0.23342330659759605,televenda,524
1000062631,Anestesia,Commodities,finestra_captura,promiscu,63,527.0,0.0,0.205,2223.12,1767.01,alta,Client promiscu de Anestesia. Cicle habitual: 527 dies. La seva finestra de compra és ARA (retard: 0 dies). Share of wallet actual: 21%. Oportunitat de capturar 1767€ de quota de mercat.,2025-12-30,,,0.23324772557852155,televenda,525
19056,Anestesia,Commodities,finestra_captura,promiscu,12,324.0,0.0,0.205,2223.12,1767.01,alta,Client promiscu de Anestesia. Cicle habitual: 324 dies. La seva finestra de compra és ARA (retard: 0 dies). Share of wallet actual: 21%. Oportunitat de capturar 1767€ de quota de mercat.,2025-12-30,,,0.23324772557852155,televenda,526
1000078251,Anestesia,Commodities,finestra_captura,promiscu,251,664.0,0.0,0.205,2223.12,1767.01,alta,Client promiscu de Anestesia. Cicle habitual: 664 dies. La seva finestra de compra és ARA (retard: 0 dies). Share of wallet actual: 21%. Oportunitat de capturar 1767€ de quota de mercat.,2025-12-30,,,0.23324772557852155,televenda,527
9120,Anestesia,Commodities,finestra_captura,promiscu,75,266.0,0.0,0.205,2223.12,1767.01,alta,Client promiscu de Anestesia. Cicle habitual: 266 dies. La seva finestra de compra és ARA (retard: 0 dies). Share of wallet actual: 21%. Oportunitat de capturar 1767€ de quota de mercat.,2025-12-30,,,0.23324772557852155,televenda,528
16742,Anestesia,Commodities,finestra_captura,promiscu,216,256.0,0.0,0.205,2223.12,1767.01,alta,Client promiscu de Anestesia. Cicle habitual: 256 dies. La seva finestra de compra és ARA (retard: 0 dies). Share of wallet actual: 21%. Oportunitat de capturar 1767€ de quota de mercat.,2025-12-30,,,0.23324772557852155,televenda,529
1000100155,Anestesia,Commodities,finestra_captura,promiscu,20,256.0,0.0,0.205,2223.12,1767.01,alta,Client promiscu de Anestesia. Cicle habitual: 256 dies. La seva finestra de compra és ARA (retard: 0 dies). Share of wallet actual: 21%. Oportunitat de capturar 1767€ de quota de mercat.,2025-12-30,,,0.23324772557852155,televenda,530
1000081275,Anestesia,Commodities,finestra_captura,promiscu,14,330.0,0.0,0.205,2223.12,1767.01,alta,Client promiscu de Anestesia. Cicle habitual: 330 dies. La seva finestra de compra és ARA (retard: 0 dies). Share of wallet actual: 21%. Oportunitat de capturar 1767€ de quota de mercat.,2025-12-30,,,0.23324772557852155,televenda,531
19562,Anestesia,Commodities,finestra_captura,promiscu,35,539.0,0.0,0.205,2223.12,1766.97,alta,Client promiscu de Anestesia. Cicle habitual: 539 dies. La seva finestra de compra és ARA (retard: 0 dies). Share of wallet actual: 21%. Oportunitat de capturar 1767€ de quota de mercat.,2025-12-30,,,0.2332470198546629,televenda,532
38577,Anestesia,Commodities,risc_fuga,fidel,88,37.0,50.0,0.653,2223.12,121.04,alta,Client fidel de Anestesia. Cicle habitual: 37 dies (±24). Porta 88 dies sense comprar (50 dies de retard). Share of wallet últims 12m: 65%. Possible inici de fuga.,2025-12-30,,,0.2331173913936365,delegat,533
36967,Anestesia,Commodities,finestra_captura,promiscu,56,212.0,0.0,0.485,3410.04,1757.18,alta,Client promiscu de Anestesia. Cicle habitual: 212 dies. La seva finestra de compra és ARA (retard: 0 dies). Share of wallet actual: 48%. Oportunitat de capturar 1757€ de quota de mercat.,2025-12-30,,,0.23307381197974059,televenda,534
10928,Anestesia,Commodities,finestra_captura,promiscu,202,378.0,0.0,0.485,3410.04,1756.46,alta,Client promiscu de Anestesia. Cicle habitual: 378 dies. La seva finestra de compra és ARA (retard: 0 dies). Share of wallet actual: 48%. Oportunitat de capturar 1756€ de quota de mercat.,2025-12-30,,,0.23306103545577223,televenda,535
29190,Anestesia,Commodities,finestra_captura,promiscu,148,515.0,0.0,0.21,2223.12,1755.83,alta,Client promiscu de Anestesia. Cicle habitual: 515 dies. La seva finestra de compra és ARA (retard: 0 dies). Share of wallet actual: 21%. Oportunitat de capturar 1756€ de quota de mercat.,2025-12-30,,,0.23304985170279363,televenda,536
26298,Anestesia,Commodities,finestra_captura,promiscu,181,182.0,0.0,0.21,2223.12,1755.83,alta,Client promiscu de Anestesia. Cicle habitual: 182 dies. La seva finestra de compra és ARA (retard: 0 dies). Share of wallet actual: 21%. Oportunitat de capturar 1756€ de quota de mercat.,2025-12-30,,,0.23304985170279363,televenda,537
42519,Anestesia,Commodities,finestra_captura,promiscu,35,245.0,0.0,0.213,2223.12,1750.68,alta,Client promiscu de Anestesia. Cicle habitual: 245 dies. La seva finestra de compra és ARA (retard: 0 dies). Share of wallet actual: 21%. Oportunitat de capturar 1751€ de quota de mercat.,2025-12-30,,,0.23295827828347615,televenda,538
1000080381,Anestesia,Commodities,finestra_captura,promiscu,313,1060.0,0.0,0.487,3410.04,1749.38,alta,Client promiscu de Anestesia. Cicle habitual: 1060 dies. La seva finestra de compra és ARA (retard: 0 dies). Share of wallet actual: 49%. Oportunitat de capturar 1749€ de quota de mercat.,2025-12-30,,,0.23293512010490605,televenda,539
14849,Bioseguridad,Commodities,finestra_captura,promiscu,13,425.0,0.0,0.215,2223.12,1745.15,alta,Client promiscu de Bioseguridad. Cicle habitual: 425 dies. La seva finestra de compra és ARA (retard: 0 dies). Share of wallet actual: 21%. Oportunitat de capturar 1745€ de quota de mercat.,2025-12-30,,,0.232859647745151,televenda,540
2562,Anestesia,Commodities,finestra_captura,promiscu,62,315.0,0.0,0.218,2223.12,1738.49,alta,Client promiscu de Anestesia. Cicle habitual: 315 dies. La seva finestra de compra és ARA (retard: 0 dies). Share of wallet actual: 22%. Oportunitat de capturar 1738€ de quota de mercat.,2025-12-30,,,0.23274044758592427,televenda,541
1000062710,Anestesia,Commodities,finestra_captura,promiscu,165,190.0,0.0,0.218,2223.12,1738.49,alta,Client promiscu de Anestesia. Cicle habitual: 190 dies. La seva finestra de compra és ARA (retard: 0 dies). Share of wallet actual: 22%. Oportunitat de capturar 1738€ de quota de mercat.,2025-12-30,,,0.23274044758592427,televenda,542
24330,Anestesia,Commodities,finestra_captura,promiscu,182,243.0,0.0,0.218,2223.12,1738.49,alta,Client promiscu de Anestesia. Cicle habitual: 243 dies. La seva finestra de compra és ARA (retard: 0 dies). Share of wallet actual: 22%. Oportunitat de capturar 1738€ de quota de mercat.,2025-12-30,,,0.23274044758592427,televenda,543
1000100139,Anestesia,Commodities,finestra_captura,promiscu,97,478.0,0.0,0.218,2223.12,1738.49,alta,Client promiscu de Anestesia. Cicle habitual: 478 dies. La seva finestra de compra és ARA (retard: 0 dies). Share of wallet actual: 22%. Oportunitat de capturar 1738€ de quota de mercat.,2025-12-30,,,0.23274044758592427,televenda,544
5769,Anestesia,Commodities,finestra_captura,promiscu,117,406.0,0.0,0.218,2223.12,1738.49,alta,Client promiscu de Anestesia. Cicle habitual: 406 dies. La seva finestra de compra és ARA (retard: 0 dies). Share of wallet actual: 22%. Oportunitat de capturar 1738€ de quota de mercat.,2025-12-30,,,0.23274044758592427,televenda,545
46,Bioseguridad,Commodities,finestra_captura,promiscu,96,814.0,0.0,0.219,2223.12,1737.3,alta,Client promiscu de Bioseguridad. Cicle habitual: 814 dies. La seva finestra de compra és ARA (retard: 0 dies). Share of wallet actual: 22%. Oportunitat de capturar 1737€ de quota de mercat.,2025-12-30,,,0.23271910100949827,televenda,546
1000100316,Anestesia,Commodities,finestra_captura,promiscu,308,308.0,0.0,0.219,2223.12,1736.76,alta,Client promiscu de Anestesia. Cicle habitual: 308 dies. La seva finestra de compra és ARA (retard: 0 dies). Share of wallet actual: 22%. Oportunitat de capturar 1737€ de quota de mercat.,2025-12-30,,,0.23270940950709518,televenda,547
1000082384,Anestesia,Commodities,finestra_captura,promiscu,355,537.0,0.0,0.219,2223.12,1736.76,alta,Client promiscu de Anestesia. Cicle habitual: 537 dies. La seva finestra de compra és ARA (retard: 0 dies). Share of wallet actual: 22%. Oportunitat de capturar 1737€ de quota de mercat.,2025-12-30,,,0.23270940950709518,televenda,548
39038,Anestesia,Commodities,risc_fuga,fidel,88,34.0,53.0,0.645,2223.12,119.43,alta,Client fidel de Anestesia. Cicle habitual: 34 dies (±16). Porta 88 dies sense comprar (53 dies de retard). Share of wallet últims 12m: 64%. Possible inici de fuga.,2025-12-30,,,0.23247300793848316,delegat,549
23469,Anestesia,Commodities,finestra_captura,promiscu,215,672.0,0.0,0.225,2223.12,1722.16,alta,Client promiscu de Anestesia. Cicle habitual: 672 dies. La seva finestra de compra és ARA (retard: 0 dies). Share of wallet actual: 23%. Oportunitat de capturar 1722€ de quota de mercat.,2025-12-30,,,0.23244623217497593,televenda,550
41923,Anestesia,Commodities,finestra_captura,promiscu,207,282.0,0.0,0.225,2223.12,1722.16,alta,Client promiscu de Anestesia. Cicle habitual: 282 dies. La seva finestra de compra és ARA (retard: 0 dies). Share of wallet actual: 23%. Oportunitat de capturar 1722€ de quota de mercat.,2025-12-30,,,0.23244623217497593,televenda,551
1000081597,Anestesia,Commodities,finestra_captura,promiscu,57,236.0,0.0,0.225,2223.12,1722.16,alta,Client promiscu de Anestesia. Cicle habitual: 236 dies. La seva finestra de compra és ARA (retard: 0 dies). Share of wallet actual: 23%. Oportunitat de capturar 1722€ de quota de mercat.,2025-12-30,,,0.23244623217497593,televenda,552
1000081913,Anestesia,Commodities,finestra_captura,promiscu,173,509.0,0.0,0.225,2223.12,1722.16,alta,Client promiscu de Anestesia. Cicle habitual: 509 dies. La seva finestra de compra és ARA (retard: 0 dies). Share of wallet actual: 23%. Oportunitat de capturar 1722€ de quota de mercat.,2025-12-30,,,0.23244623217497593,televenda,553
23343,Anestesia,Commodities,finestra_captura,promiscu,28,636.0,0.0,0.225,2223.12,1722.16,alta,Client promiscu de Anestesia. Cicle habitual: 636 dies. La seva finestra de compra és ARA (retard: 0 dies). Share of wallet actual: 23%. Oportunitat de capturar 1722€ de quota de mercat.,2025-12-30,,,0.23244623217497593,televenda,554
1000101113,Anestesia,Commodities,finestra_captura,promiscu,284,290.0,0.0,0.225,2223.12,1722.16,alta,Client promiscu de Anestesia. Cicle habitual: 290 dies. La seva finestra de compra és ARA (retard: 0 dies). Share of wallet actual: 23%. Oportunitat de capturar 1722€ de quota de mercat.,2025-12-30,,,0.23244623217497593,televenda,555
1000082327,Anestesia,Commodities,finestra_captura,promiscu,337,389.0,0.0,0.226,2223.12,1721.44,alta,Client promiscu de Anestesia. Cicle habitual: 389 dies. La seva finestra de compra és ARA (retard: 0 dies). Share of wallet actual: 23%. Oportunitat de capturar 1721€ de quota de mercat.,2025-12-30,,,0.23243319593781842,televenda,556
1000080480,Anestesia,Commodities,finestra_captura,promiscu,33,213.0,0.0,0.226,2223.12,1721.13,alta,Client promiscu de Anestesia. Cicle habitual: 213 dies. La seva finestra de compra és ARA (retard: 0 dies). Share of wallet actual: 23%. Oportunitat de capturar 1721€ de quota de mercat.,2025-12-30,,,0.2324275814351989,televenda,557
1000077996,Anestesia,Commodities,finestra_captura,promiscu,224,264.0,0.0,0.496,3410.04,1718.31,alta,Client promiscu de Anestesia. Cicle habitual: 264 dies. La seva finestra de compra és ARA (retard: 0 dies). Share of wallet actual: 50%. Oportunitat de capturar 1718€ de quota de mercat.,2025-12-30,,,0.23237646110952534,televenda,558
14918,Anestesia,Commodities,finestra_captura,promiscu,302,340.0,0.0,0.231,2223.12,1709.11,alta,Client promiscu de Anestesia. Cicle habitual: 340 dies. La seva finestra de compra és ARA (retard: 0 dies). Share of wallet actual: 23%. Oportunitat de capturar 1709€ de quota de mercat.,2025-12-30,,,0.2322091006723949,televenda,559
10206,Anestesia,Commodities,finestra_captura,promiscu,116,337.0,0.0,0.235,2223.12,1701.29,alta,Client promiscu de Anestesia. Cicle habitual: 337 dies. La seva finestra de compra és ARA (retard: 0 dies). Share of wallet actual: 23%. Oportunitat de capturar 1701€ de quota de mercat.,2025-12-30,,,0.2320661348625696,televenda,560
31848,Anestesia,Commodities,finestra_captura,promiscu,56,121.0,0.0,0.502,3410.04,1697.04,alta,Client promiscu de Anestesia. Cicle habitual: 121 dies. La seva finestra de compra és ARA (retard: 0 dies). Share of wallet actual: 50%. Oportunitat de capturar 1697€ de quota de mercat.,2025-12-30,,,0.23198816034477082,televenda,561
1000068433,Anestesia,Commodities,finestra_captura,promiscu,278,427.0,0.0,0.238,2223.12,1693.69,alta,Client promiscu de Anestesia. Cicle habitual: 427 dies. La seva finestra de compra és ARA (retard: 0 dies). Share of wallet actual: 24%. Oportunitat de capturar 1694€ de quota de mercat.,2025-12-30,,,0.23192656040922038,televenda,562
1000077908,Anestesia,Commodities,finestra_captura,promiscu,20,420.0,0.0,0.238,2223.12,1693.69,alta,Client promiscu de Anestesia. Cicle habitual: 420 dies. La seva finestra de compra és ARA (retard: 0 dies). Share of wallet actual: 24%. Oportunitat de capturar 1694€ de quota de mercat.,2025-12-30,,,0.23192656040922038,televenda,563
1000078969,Anestesia,Commodities,finestra_captura,promiscu,267,489.0,0.0,0.238,2223.12,1693.69,alta,Client promiscu de Anestesia. Cicle habitual: 489 dies. La seva finestra de compra és ARA (retard: 0 dies). Share of wallet actual: 24%. Oportunitat de capturar 1694€ de quota de mercat.,2025-12-30,,,0.23192656040922038,televenda,564
1000080375,Anestesia,Commodities,finestra_captura,promiscu,187,315.0,0.0,0.239,2223.12,1691.61,alta,Client promiscu de Anestesia. Cicle habitual: 315 dies. La seva finestra de compra és ARA (retard: 0 dies). Share of wallet actual: 24%. Oportunitat de capturar 1692€ de quota de mercat.,2025-12-30,,,0.23188825198076743,televenda,565
5136,Anestesia,Commodities,finestra_captura,promiscu,208,728.0,0.0,0.239,2223.12,1691.61,alta,Client promiscu de Anestesia. Cicle habitual: 728 dies. La seva finestra de compra és ARA (retard: 0 dies). Share of wallet actual: 24%. Oportunitat de capturar 1692€ de quota de mercat.,2025-12-30,,,0.23188825198076743,televenda,566
12755,Anestesia,Commodities,finestra_captura,promiscu,207,582.0,0.0,0.239,2223.12,1691.58,alta,Client promiscu de Anestesia. Cicle habitual: 582 dies. La seva finestra de compra és ARA (retard: 0 dies). Share of wallet actual: 24%. Oportunitat de capturar 1692€ de quota de mercat.,2025-12-30,,,0.23188769911103563,televenda,567
5931,Anestesia,Commodities,finestra_captura,promiscu,203,784.0,0.0,0.239,2223.12,1691.45,alta,Client promiscu de Anestesia. Cicle habitual: 784 dies. La seva finestra de compra és ARA (retard: 0 dies). Share of wallet actual: 24%. Oportunitat de capturar 1691€ de quota de mercat.,2025-12-30,,,0.23188530322895604,televenda,568
1000078463,Anestesia,Commodities,finestra_captura,promiscu,61,154.0,0.0,0.242,2223.12,1684.8,alta,Client promiscu de Anestesia. Cicle habitual: 154 dies. La seva finestra de compra és ARA (retard: 0 dies). Share of wallet actual: 24%. Oportunitat de capturar 1685€ de quota de mercat.,2025-12-30,,,0.23176249851738043,televenda,569
1000082472,Anestesia,Commodities,finestra_captura,promiscu,207,582.0,0.0,0.245,2223.12,1677.39,alta,Client promiscu de Anestesia. Cicle habitual: 582 dies. La seva finestra de compra és ARA (retard: 0 dies). Share of wallet actual: 25%. Oportunitat de capturar 1677€ de quota de mercat.,2025-12-30,,,0.23162508704176388,televenda,570
1000082271,Anestesia,Commodities,finestra_captura,promiscu,186,228.0,0.0,0.245,2223.12,1677.39,alta,Client promiscu de Anestesia. Cicle habitual: 228 dies. La seva finestra de compra és ARA (retard: 0 dies). Share of wallet actual: 25%. Oportunitat de capturar 1677€ de quota de mercat.,2025-12-30,,,0.23162508704176388,televenda,571
6654,Anestesia,Commodities,finestra_captura,promiscu,106,927.0,0.0,0.245,2223.12,1677.39,alta,Client promiscu de Anestesia. Cicle habitual: 927 dies. La seva finestra de compra és ARA (retard: 0 dies). Share of wallet actual: 25%. Oportunitat de capturar 1677€ de quota de mercat.,2025-12-30,,,0.23162508704176388,televenda,572
29973,Anestesia,Commodities,finestra_captura,promiscu,84,611.0,0.0,0.245,2223.12,1677.39,alta,Client promiscu de Anestesia. Cicle habitual: 611 dies. La seva finestra de compra és ARA (retard: 0 dies). Share of wallet actual: 25%. Oportunitat de capturar 1677€ de quota de mercat.,2025-12-30,,,0.23162508704176388,televenda,573
1000082612,Anestesia,Commodities,finestra_captura,promiscu,179,216.0,0.0,0.245,2223.12,1677.39,alta,Client promiscu de Anestesia. Cicle habitual: 216 dies. La seva finestra de compra és ARA (retard: 0 dies). Share of wallet actual: 25%. Oportunitat de capturar 1677€ de quota de mercat.,2025-12-30,,,0.23162508704176388,televenda,574
1000077196,Anestesia,Commodities,finestra_captura,promiscu,229,562.0,0.0,0.245,2223.12,1677.39,alta,Client promiscu de Anestesia. Cicle habitual: 562 dies. La seva finestra de compra és ARA (retard: 0 dies). Share of wallet actual: 25%. Oportunitat de capturar 1677€ de quota de mercat.,2025-12-30,,,0.23162508704176388,televenda,575
1000080252,Anestesia,Commodities,finestra_captura,promiscu,118,235.0,0.0,0.245,2223.12,1677.35,alta,Client promiscu de Anestesia. Cicle habitual: 235 dies. La seva finestra de compra és ARA (retard: 0 dies). Share of wallet actual: 25%. Oportunitat de capturar 1677€ de quota de mercat.,2025-12-30,,,0.23162434363433587,televenda,576
1000077362,Anestesia,Commodities,finestra_captura,promiscu,190,1596.0,0.0,0.245,2223.12,1677.35,alta,Client promiscu de Anestesia. Cicle habitual: 1596 dies. La seva finestra de compra és ARA (retard: 0 dies). Share of wallet actual: 25%. Oportunitat de capturar 1677€ de quota de mercat.,2025-12-30,,,0.23162434363433587,televenda,577
22703,Anestesia,Commodities,finestra_captura,promiscu,343,465.0,0.0,0.246,2223.12,1677.2,alta,Client promiscu de Anestesia. Cicle habitual: 465 dies. La seva finestra de compra és ARA (retard: 0 dies). Share of wallet actual: 25%. Oportunitat de capturar 1677€ de quota de mercat.,2025-12-30,,,0.23162155569867485,televenda,578
1000100659,Anestesia,Commodities,finestra_captura,promiscu,305,381.0,0.0,0.246,2223.12,1677.2,alta,Client promiscu de Anestesia. Cicle habitual: 381 dies. La seva finestra de compra és ARA (retard: 0 dies). Share of wallet actual: 25%. Oportunitat de capturar 1677€ de quota de mercat.,2025-12-30,,,0.23162155569867485,televenda,579
1000081575,Anestesia,Commodities,finestra_captura,promiscu,71,324.0,0.0,0.247,2223.12,1673.84,alta,Client promiscu de Anestesia. Cicle habitual: 324 dies. La seva finestra de compra és ARA (retard: 0 dies). Share of wallet actual: 25%. Oportunitat de capturar 1674€ de quota de mercat.,2025-12-30,,,0.23155904054587487,televenda,580
21417,Anestesia,Commodities,finestra_captura,promiscu,202,861.0,0.0,0.247,2223.12,1673.37,alta,Client promiscu de Anestesia. Cicle habitual: 861 dies. La seva finestra de compra és ARA (retard: 0 dies). Share of wallet actual: 25%. Oportunitat de capturar 1673€ de quota de mercat.,2025-12-30,,,0.23155028586962953,televenda,581
1000079680,Anestesia,Commodities,finestra_captura,promiscu,29,301.0,0.0,0.249,2223.12,1670.1,alta,Client promiscu de Anestesia. Cicle habitual: 301 dies. La seva finestra de compra és ARA (retard: 0 dies). Share of wallet actual: 25%. Oportunitat de capturar 1670€ de quota de mercat.,2025-12-30,,,0.23148930756299782,televenda,582
43041,Anestesia,Commodities,risc_fuga,fidel,162,58.0,104.0,0.411,3410.04,116.91,alta,Client fidel de Anestesia. Cicle habitual: 58 dies (±77). Porta 162 dies sense comprar (104 dies de retard). Share of wallet últims 12m: 41%. Possible inici de fuga.,2025-12-30,,,0.2314469073779763,delegat,583
42512,Biomateriales,Productes Tècnics,silenci_anomal_crític,actiu_esporadic,53,3.0,,,0.0,521.93,critica,Client actiu_esporadic de Biomaterials. Historial: 2 pedidos (2 últims 12m). Freqüència habitual: 3 dies. Porta 53 dies sense comprar (z=55.6). Anomalia crítica detectada.,2025-12-30,55.56,vermella,0.2314071832939628,televenda,584
1000081388,Anestesia,Commodities,finestra_captura,promiscu,183,816.0,0.0,0.078,1802.36,1662.1,alta,Client promiscu de Anestesia. Cicle habitual: 816 dies. La seva finestra de compra és ARA (retard: 0 dies). Share of wallet actual: 8%. Oportunitat de capturar 1662€ de quota de mercat.,2025-12-30,,,0.23133962066727878,televenda,585
1000081785,Anestesia,Commodities,finestra_captura,promiscu,182,233.0,0.0,0.253,2223.12,1659.59,alta,Client promiscu de Anestesia. Cicle habitual: 233 dies. La seva finestra de compra és ARA (retard: 0 dies). Share of wallet actual: 25%. Oportunitat de capturar 1660€ de quota de mercat.,2025-12-30,,,0.23129250797724402,televenda,586
1000064902,Anestesia,Commodities,finestra_captura,promiscu,250,326.0,0.0,0.253,2223.12,1659.56,alta,Client promiscu de Anestesia. Cicle habitual: 326 dies. La seva finestra de compra és ARA (retard: 0 dies). Share of wallet actual: 25%. Oportunitat de capturar 1660€ de quota de mercat.,2025-12-30,,,0.23129194444681406,televenda,587
15396,Anestesia,Commodities,finestra_captura,promiscu,97,682.0,0.0,0.079,1802.36,1659.27,alta,Client promiscu de Anestesia. Cicle habitual: 682 dies. La seva finestra de compra és ARA (retard: 0 dies). Share of wallet actual: 8%. Oportunitat de capturar 1659€ de quota de mercat.,2025-12-30,,,0.2312864964610524,televenda,588
26136,Bioseguridad,Commodities,finestra_captura,promiscu,81,698.0,0.0,0.255,2223.12,1656.04,alta,Client promiscu de Bioseguridad. Cicle habitual: 698 dies. La seva finestra de compra és ARA (retard: 0 dies). Share of wallet actual: 26%. Oportunitat de capturar 1656€ de quota de mercat.,2025-12-30,,,0.23122575276548282,televenda,589
8651,Bioseguridad,Commodities,finestra_captura,promiscu,119,179.0,0.0,0.255,2223.12,1656.04,alta,Client promiscu de Bioseguridad. Cicle habitual: 179 dies. La seva finestra de compra és ARA (retard: 0 dies). Share of wallet actual: 26%. Oportunitat de capturar 1656€ de quota de mercat.,2025-12-30,,,0.23122575276548282,televenda,590
4412,Anestesia,Commodities,finestra_captura,promiscu,203,608.0,0.0,0.082,1802.36,1654.72,alta,Client promiscu de Anestesia. Cicle habitual: 608 dies. La seva finestra de compra és ARA (retard: 0 dies). Share of wallet actual: 8%. Oportunitat de capturar 1655€ de quota de mercat.,2025-12-30,,,0.23120089462779664,televenda,591
5251,Anestesia,Commodities,finestra_captura,promiscu,109,284.0,0.0,0.256,2223.12,1654.66,alta,Client promiscu de Anestesia. Cicle habitual: 284 dies. La seva finestra de compra és ARA (retard: 0 dies). Share of wallet actual: 26%. Oportunitat de capturar 1655€ de quota de mercat.,2025-12-30,,,0.23119976424162078,televenda,592
1000080635,Anestesia,Commodities,finestra_captura,promiscu,175,468.0,0.0,0.515,3410.04,1653.08,alta,Client promiscu de Anestesia. Cicle habitual: 468 dies. La seva finestra de compra és ARA (retard: 0 dies). Share of wallet actual: 52%. Oportunitat de capturar 1653€ de quota de mercat.,2025-12-30,,,0.23116998265371524,televenda,593
1000079823,Anestesia,Commodities,finestra_captura,promiscu,82,265.0,0.0,0.516,3410.04,1651.23,alta,Client promiscu de Anestesia. Cicle habitual: 265 dies. La seva finestra de compra és ARA (retard: 0 dies). Share of wallet actual: 52%. Oportunitat de capturar 1651€ de quota de mercat.,2025-12-30,,,0.2311350756307509,televenda,594
23718,Anestesia,Commodities,finestra_captura,promiscu,315,630.0,0.0,0.258,2223.12,1649.76,alta,Client promiscu de Anestesia. Cicle habitual: 630 dies. La seva finestra de compra és ARA (retard: 0 dies). Share of wallet actual: 26%. Oportunitat de capturar 1650€ de quota de mercat.,2025-12-30,,,0.23110731082028085,televenda,595
29431,Anestesia,Commodities,finestra_captura,promiscu,319,338.0,0.0,0.258,2223.12,1649.76,alta,Client promiscu de Anestesia. Cicle habitual: 338 dies. La seva finestra de compra és ARA (retard: 0 dies). Share of wallet actual: 26%. Oportunitat de capturar 1650€ de quota de mercat.,2025-12-30,,,0.23110731082028085,televenda,596
1000079388,Anestesia,Commodities,finestra_captura,promiscu,349,473.0,0.0,0.258,2223.12,1649.76,alta,Client promiscu de Anestesia. Cicle habitual: 473 dies. La seva finestra de compra és ARA (retard: 0 dies). Share of wallet actual: 26%. Oportunitat de capturar 1650€ de quota de mercat.,2025-12-30,,,0.23110731082028085,televenda,597
1000082719,Anestesia,Commodities,finestra_captura,promiscu,348,804.0,0.0,0.258,2223.12,1649.76,alta,Client promiscu de Anestesia. Cicle habitual: 804 dies. La seva finestra de compra és ARA (retard: 0 dies). Share of wallet actual: 26%. Oportunitat de capturar 1650€ de quota de mercat.,2025-12-30,,,0.23110731082028085,televenda,598
1000038263,Anestesia,Commodities,finestra_captura,promiscu,238,720.0,0.0,0.258,2223.12,1648.88,alta,Client promiscu de Anestesia. Cicle habitual: 720 dies. La seva finestra de compra és ARA (retard: 0 dies). Share of wallet actual: 26%. Oportunitat de capturar 1649€ de quota de mercat.,2025-12-30,,,0.23109067787600457,televenda,599
1000077036,Anestesia,Commodities,finestra_captura,promiscu,169,231.0,0.0,0.258,2223.12,1648.88,alta,Client promiscu de Anestesia. Cicle habitual: 231 dies. La seva finestra de compra és ARA (retard: 0 dies). Share of wallet actual: 26%. Oportunitat de capturar 1649€ de quota de mercat.,2025-12-30,,,0.23109067787600457,televenda,600
1000080516,Anestesia,Commodities,finestra_captura,promiscu,194,564.0,0.0,0.258,2223.12,1648.88,alta,Client promiscu de Anestesia. Cicle habitual: 564 dies. La seva finestra de compra és ARA (retard: 0 dies). Share of wallet actual: 26%. Oportunitat de capturar 1649€ de quota de mercat.,2025-12-30,,,0.23109067787600457,televenda,601
42282,Anestesia,Commodities,finestra_captura,promiscu,29,678.0,0.0,0.258,2223.12,1648.88,alta,Client promiscu de Anestesia. Cicle habitual: 678 dies. La seva finestra de compra és ARA (retard: 0 dies). Share of wallet actual: 26%. Oportunitat de capturar 1649€ de quota de mercat.,2025-12-30,,,0.23109067787600457,televenda,602
1000100585,Anestesia,Commodities,finestra_captura,promiscu,217,248.0,0.0,0.258,2223.12,1648.88,alta,Client promiscu de Anestesia. Cicle habitual: 248 dies. La seva finestra de compra és ARA (retard: 0 dies). Share of wallet actual: 26%. Oportunitat de capturar 1649€ de quota de mercat.,2025-12-30,,,0.23109067787600457,televenda,603
1000077470,Anestesia,Commodities,finestra_captura,promiscu,200,250.0,0.0,0.259,2223.12,1646.52,alta,Client promiscu de Anestesia. Cicle habitual: 250 dies. La seva finestra de compra és ARA (retard: 0 dies). Share of wallet actual: 26%. Oportunitat de capturar 1647€ de quota de mercat.,2025-12-30,,,0.2310460275070238,televenda,604
3933,Anestesia,Commodities,finestra_captura,promiscu,337,584.0,0.0,0.26,2223.12,1645.3,alta,Client promiscu de Anestesia. Cicle habitual: 584 dies. La seva finestra de compra és ARA (retard: 0 dies). Share of wallet actual: 26%. Oportunitat de capturar 1645€ de quota de mercat.,2025-12-30,,,0.23102292045208483,televenda,605
28318,Anestesia,Commodities,finestra_captura,promiscu,105,800.0,0.0,0.261,2223.12,1643.26,alta,Client promiscu de Anestesia. Cicle habitual: 800 dies. La seva finestra de compra és ARA (retard: 0 dies). Share of wallet actual: 26%. Oportunitat de capturar 1643€ de quota de mercat.,2025-12-30,,,0.2309842441434188,televenda,606
12727,Anestesia,Commodities,finestra_captura,promiscu,349,359.0,0.0,0.262,2223.12,1641.05,alta,Client promiscu de Anestesia. Cicle habitual: 359 dies. La seva finestra de compra és ARA (retard: 0 dies). Share of wallet actual: 26%. Oportunitat de capturar 1641€ de quota de mercat.,2025-12-30,,,0.2309422906220272,televenda,607
10923,Anestesia,Commodities,finestra_captura,promiscu,250,278.0,0.0,0.262,2223.12,1640.97,alta,Client promiscu de Anestesia. Cicle habitual: 278 dies. La seva finestra de compra és ARA (retard: 0 dies). Share of wallet actual: 26%. Oportunitat de capturar 1641€ de quota de mercat.,2025-12-30,,,0.23094077088374892,televenda,608
1000077977,Anestesia,Commodities,finestra_captura,promiscu,48,329.0,0.0,0.52,3410.04,1638.33,alta,Client promiscu de Anestesia. Cicle habitual: 329 dies. La seva finestra de compra és ARA (retard: 0 dies). Share of wallet actual: 52%. Oportunitat de capturar 1638€ de quota de mercat.,2025-12-30,,,0.2308905779372877,televenda,609
1000100512,Anestesia,Commodities,finestra_captura,promiscu,55,348.0,0.0,0.52,3410.04,1638.33,alta,Client promiscu de Anestesia. Cicle habitual: 348 dies. La seva finestra de compra és ARA (retard: 0 dies). Share of wallet actual: 52%. Oportunitat de capturar 1638€ de quota de mercat.,2025-12-30,,,0.2308905779372877,televenda,610
29437,Anestesia,Commodities,finestra_captura,promiscu,267,280.0,0.0,0.52,3410.04,1638.33,alta,Client promiscu de Anestesia. Cicle habitual: 280 dies. La seva finestra de compra és ARA (retard: 0 dies). Share of wallet actual: 52%. Oportunitat de capturar 1638€ de quota de mercat.,2025-12-30,,,0.2308905779372877,televenda,611
1000078469,Anestesia,Commodities,finestra_captura,promiscu,97,834.0,0.0,0.52,3410.04,1638.33,alta,Client promiscu de Anestesia. Cicle habitual: 834 dies. La seva finestra de compra és ARA (retard: 0 dies). Share of wallet actual: 52%. Oportunitat de capturar 1638€ de quota de mercat.,2025-12-30,,,0.2308905779372877,televenda,612
24533,Anestesia,Commodities,finestra_captura,promiscu,186,401.0,0.0,0.52,3410.04,1638.33,alta,Client promiscu de Anestesia. Cicle habitual: 401 dies. La seva finestra de compra és ARA (retard: 0 dies). Share of wallet actual: 52%. Oportunitat de capturar 1638€ de quota de mercat.,2025-12-30,,,0.2308905779372877,televenda,613
21872,Anestesia,Commodities,finestra_captura,promiscu,204,215.0,0.0,0.52,3410.04,1638.33,alta,Client promiscu de Anestesia. Cicle habitual: 215 dies. La seva finestra de compra és ARA (retard: 0 dies). Share of wallet actual: 52%. Oportunitat de capturar 1638€ de quota de mercat.,2025-12-30,,,0.2308905779372877,televenda,614
39181,Anestesia,Commodities,finestra_captura,promiscu,29,148.0,0.0,0.52,3410.04,1638.32,alta,Client promiscu de Anestesia. Cicle habitual: 148 dies. La seva finestra de compra és ARA (retard: 0 dies). Share of wallet actual: 52%. Oportunitat de capturar 1638€ de quota de mercat.,2025-12-30,,,0.23089038765886138,televenda,615
42853,Anestesia,Commodities,finestra_captura,promiscu,207,402.0,0.0,0.091,1802.36,1637.45,alta,Client promiscu de Anestesia. Cicle habitual: 402 dies. La seva finestra de compra és ARA (retard: 0 dies). Share of wallet actual: 9%. Oportunitat de capturar 1637€ de quota de mercat.,2025-12-30,,,0.23087382899098433,televenda,616
1000060389,Anestesia,Commodities,finestra_captura,promiscu,125,160.0,0.0,0.265,2223.12,1633.2,alta,Client promiscu de Anestesia. Cicle habitual: 160 dies. La seva finestra de compra és ARA (retard: 0 dies). Share of wallet actual: 27%. Oportunitat de capturar 1633€ de quota de mercat.,2025-12-30,,,0.23079281235214733,televenda,617
23764,Anestesia,Commodities,finestra_captura,promiscu,151,491.0,0.0,0.266,2223.12,1632.55,alta,Client promiscu de Anestesia. Cicle habitual: 491 dies. La seva finestra de compra és ARA (retard: 0 dies). Share of wallet actual: 27%. Oportunitat de capturar 1633€ de quota de mercat.,2025-12-30,,,0.23078040299889385,televenda,618
188,Anestesia,Commodities,finestra_captura,promiscu,228,261.0,0.0,0.266,2223.12,1632.55,alta,Client promiscu de Anestesia. Cicle habitual: 261 dies. La seva finestra de compra és ARA (retard: 0 dies). Share of wallet actual: 27%. Oportunitat de capturar 1633€ de quota de mercat.,2025-12-30,,,0.23078040299889385,televenda,619
30,Anestesia,Commodities,finestra_captura,promiscu,298,375.0,0.0,0.266,2223.12,1632.55,alta,Client promiscu de Anestesia. Cicle habitual: 375 dies. La seva finestra de compra és ARA (retard: 0 dies). Share of wallet actual: 27%. Oportunitat de capturar 1633€ de quota de mercat.,2025-12-30,,,0.23078040299889385,televenda,620
1000037515,Anestesia,Commodities,finestra_captura,promiscu,181,193.0,0.0,0.266,2223.12,1632.55,alta,Client promiscu de Anestesia. Cicle habitual: 193 dies. La seva finestra de compra és ARA (retard: 0 dies). Share of wallet actual: 27%. Oportunitat de capturar 1633€ de quota de mercat.,2025-12-30,,,0.23078040299889385,televenda,621
1000075241,Anestesia,Commodities,finestra_captura,promiscu,74,484.0,0.0,0.266,2223.12,1632.55,alta,Client promiscu de Anestesia. Cicle habitual: 484 dies. La seva finestra de compra és ARA (retard: 0 dies). Share of wallet actual: 27%. Oportunitat de capturar 1633€ de quota de mercat.,2025-12-30,,,0.23078040299889385,televenda,622
1000080916,Anestesia,Commodities,finestra_captura,promiscu,169,386.0,0.0,0.266,2223.12,1632.55,alta,Client promiscu de Anestesia. Cicle habitual: 386 dies. La seva finestra de compra és ARA (retard: 0 dies). Share of wallet actual: 27%. Oportunitat de capturar 1633€ de quota de mercat.,2025-12-30,,,0.23078040299889385,televenda,623
1000080911,Anestesia,Commodities,finestra_captura,promiscu,294,630.0,0.0,0.266,2223.12,1632.55,alta,Client promiscu de Anestesia. Cicle habitual: 630 dies. La seva finestra de compra és ARA (retard: 0 dies). Share of wallet actual: 27%. Oportunitat de capturar 1633€ de quota de mercat.,2025-12-30,,,0.23078040299889385,televenda,624
1000100061,Anestesia,Commodities,finestra_captura,promiscu,265,442.0,0.0,0.266,2223.12,1632.55,alta,Client promiscu de Anestesia. Cicle habitual: 442 dies. La seva finestra de compra és ARA (retard: 0 dies). Share of wallet actual: 27%. Oportunitat de capturar 1633€ de quota de mercat.,2025-12-30,,,0.23078040299889385,televenda,625
28462,Anestesia,Commodities,finestra_captura,promiscu,223,376.0,0.0,0.266,2223.12,1632.55,alta,Client promiscu de Anestesia. Cicle habitual: 376 dies. La seva finestra de compra és ARA (retard: 0 dies). Share of wallet actual: 27%. Oportunitat de capturar 1633€ de quota de mercat.,2025-12-30,,,0.23078040299889385,televenda,626
21555,Anestesia,Commodities,finestra_captura,promiscu,84,550.0,0.0,0.266,2223.12,1632.55,alta,Client promiscu de Anestesia. Cicle habitual: 550 dies. La seva finestra de compra és ARA (retard: 0 dies). Share of wallet actual: 27%. Oportunitat de capturar 1633€ de quota de mercat.,2025-12-30,,,0.23078040299889385,televenda,627
1000100441,Anestesia,Commodities,finestra_captura,promiscu,182,231.0,0.0,0.266,2223.12,1632.55,alta,Client promiscu de Anestesia. Cicle habitual: 231 dies. La seva finestra de compra és ARA (retard: 0 dies). Share of wallet actual: 27%. Oportunitat de capturar 1633€ de quota de mercat.,2025-12-30,,,0.23078040299889385,televenda,628
34211,Anestesia,Commodities,finestra_captura,promiscu,96,874.0,0.0,0.266,2223.12,1632.55,alta,Client promiscu de Anestesia. Cicle habitual: 874 dies. La seva finestra de compra és ARA (retard: 0 dies). Share of wallet actual: 27%. Oportunitat de capturar 1633€ de quota de mercat.,2025-12-30,,,0.23078040299889385,televenda,629
30910,Anestesia,Commodities,finestra_captura,promiscu,153,375.0,0.0,0.266,2223.12,1632.55,alta,Client promiscu de Anestesia. Cicle habitual: 375 dies. La seva finestra de compra és ARA (retard: 0 dies). Share of wallet actual: 27%. Oportunitat de capturar 1633€ de quota de mercat.,2025-12-30,,,0.23078040299889385,televenda,630
34190,Anestesia,Commodities,finestra_captura,promiscu,95,168.0,0.0,0.266,2223.12,1632.55,alta,Client promiscu de Anestesia. Cicle habitual: 168 dies. La seva finestra de compra és ARA (retard: 0 dies). Share of wallet actual: 27%. Oportunitat de capturar 1633€ de quota de mercat.,2025-12-30,,,0.23078040299889385,televenda,631
36208,Anestesia,Commodities,finestra_captura,promiscu,13,280.0,0.0,0.266,2223.12,1632.55,alta,Client promiscu de Anestesia. Cicle habitual: 280 dies. La seva finestra de compra és ARA (retard: 0 dies). Share of wallet actual: 27%. Oportunitat de capturar 1633€ de quota de mercat.,2025-12-30,,,0.23078040299889385,televenda,632
37535,Anestesia,Commodities,finestra_captura,promiscu,218,1539.0,0.0,0.266,2223.12,1632.55,alta,Client promiscu de Anestesia. Cicle habitual: 1539 dies. La seva finestra de compra és ARA (retard: 0 dies). Share of wallet actual: 27%. Oportunitat de capturar 1633€ de quota de mercat.,2025-12-30,,,0.23078040299889385,televenda,633
36612,Anestesia,Commodities,finestra_captura,promiscu,96,296.0,0.0,0.266,2223.12,1632.55,alta,Client promiscu de Anestesia. Cicle habitual: 296 dies. La seva finestra de compra és ARA (retard: 0 dies). Share of wallet actual: 27%. Oportunitat de capturar 1633€ de quota de mercat.,2025-12-30,,,0.23078040299889385,televenda,634
1000078040,Anestesia,Commodities,finestra_captura,promiscu,117,360.0,0.0,0.266,2223.12,1632.55,alta,Client promiscu de Anestesia. Cicle habitual: 360 dies. La seva finestra de compra és ARA (retard: 0 dies). Share of wallet actual: 27%. Oportunitat de capturar 1633€ de quota de mercat.,2025-12-30,,,0.23078040299889385,televenda,635
1000079009,Anestesia,Commodities,finestra_captura,promiscu,235,314.0,0.0,0.266,2223.12,1632.55,alta,Client promiscu de Anestesia. Cicle habitual: 314 dies. La seva finestra de compra és ARA (retard: 0 dies). Share of wallet actual: 27%. Oportunitat de capturar 1633€ de quota de mercat.,2025-12-30,,,0.23078040299889385,televenda,636
1000100481,Anestesia,Commodities,finestra_captura,promiscu,98,609.0,0.0,0.266,2223.12,1632.55,alta,Client promiscu de Anestesia. Cicle habitual: 609 dies. La seva finestra de compra és ARA (retard: 0 dies). Share of wallet actual: 27%. Oportunitat de capturar 1633€ de quota de mercat.,2025-12-30,,,0.23078040299889385,televenda,637
31490,Anestesia,Commodities,finestra_captura,promiscu,98,316.0,0.0,0.266,2223.12,1632.55,alta,Client promiscu de Anestesia. Cicle habitual: 316 dies. La seva finestra de compra és ARA (retard: 0 dies). Share of wallet actual: 27%. Oportunitat de capturar 1633€ de quota de mercat.,2025-12-30,,,0.23078040299889385,televenda,638
1000101209,Anestesia,Commodities,finestra_captura,promiscu,161,350.0,0.0,0.266,2223.12,1632.55,alta,Client promiscu de Anestesia. Cicle habitual: 350 dies. La seva finestra de compra és ARA (retard: 0 dies). Share of wallet actual: 27%. Oportunitat de capturar 1633€ de quota de mercat.,2025-12-30,,,0.23078040299889385,televenda,639
1000076821,Anestesia,Commodities,finestra_captura,promiscu,118,211.0,0.0,0.266,2223.12,1632.55,alta,Client promiscu de Anestesia. Cicle habitual: 211 dies. La seva finestra de compra és ARA (retard: 0 dies). Share of wallet actual: 27%. Oportunitat de capturar 1633€ de quota de mercat.,2025-12-30,,,0.23078040299889385,televenda,640
1000069542,Anestesia,Commodities,finestra_captura,promiscu,140,263.0,0.0,0.266,2223.12,1632.55,alta,Client promiscu de Anestesia. Cicle habitual: 263 dies. La seva finestra de compra és ARA (retard: 0 dies). Share of wallet actual: 27%. Oportunitat de capturar 1633€ de quota de mercat.,2025-12-30,,,0.23078040299889385,televenda,641
21756,Anestesia,Commodities,finestra_captura,promiscu,236,460.0,0.0,0.266,2223.12,1632.55,alta,Client promiscu de Anestesia. Cicle habitual: 460 dies. La seva finestra de compra és ARA (retard: 0 dies). Share of wallet actual: 27%. Oportunitat de capturar 1633€ de quota de mercat.,2025-12-30,,,0.23078040299889385,televenda,642
12744,Anestesia,Commodities,finestra_captura,promiscu,74,670.0,0.0,0.266,2223.12,1632.55,alta,Client promiscu de Anestesia. Cicle habitual: 670 dies. La seva finestra de compra és ARA (retard: 0 dies). Share of wallet actual: 27%. Oportunitat de capturar 1633€ de quota de mercat.,2025-12-30,,,0.23078040299889385,televenda,643
16762,Anestesia,Commodities,finestra_captura,promiscu,56,320.0,0.0,0.266,2223.12,1632.55,alta,Client promiscu de Anestesia. Cicle habitual: 320 dies. La seva finestra de compra és ARA (retard: 0 dies). Share of wallet actual: 27%. Oportunitat de capturar 1633€ de quota de mercat.,2025-12-30,,,0.23078040299889385,televenda,644
9478,Anestesia,Commodities,finestra_captura,promiscu,280,692.0,0.0,0.266,2223.12,1632.55,alta,Client promiscu de Anestesia. Cicle habitual: 692 dies. La seva finestra de compra és ARA (retard: 0 dies). Share of wallet actual: 27%. Oportunitat de capturar 1633€ de quota de mercat.,2025-12-30,,,0.23078040299889385,televenda,645
4459,Anestesia,Commodities,finestra_captura,promiscu,118,302.0,0.0,0.266,2223.12,1632.55,alta,Client promiscu de Anestesia. Cicle habitual: 302 dies. La seva finestra de compra és ARA (retard: 0 dies). Share of wallet actual: 27%. Oportunitat de capturar 1633€ de quota de mercat.,2025-12-30,,,0.23078040299889385,televenda,646
2785,Anestesia,Commodities,finestra_captura,promiscu,98,169.0,0.0,0.266,2223.12,1632.55,alta,Client promiscu de Anestesia. Cicle habitual: 169 dies. La seva finestra de compra és ARA (retard: 0 dies). Share of wallet actual: 27%. Oportunitat de capturar 1633€ de quota de mercat.,2025-12-30,,,0.23078040299889385,televenda,647
1000077085,Anestesia,Commodities,finestra_captura,promiscu,236,289.0,0.0,0.266,2223.12,1632.55,alta,Client promiscu de Anestesia. Cicle habitual: 289 dies. La seva finestra de compra és ARA (retard: 0 dies). Share of wallet actual: 27%. Oportunitat de capturar 1633€ de quota de mercat.,2025-12-30,,,0.23078040299889385,televenda,648
9333,Anestesia,Commodities,finestra_captura,promiscu,61,356.0,0.0,0.266,2223.12,1632.55,alta,Client promiscu de Anestesia. Cicle habitual: 356 dies. La seva finestra de compra és ARA (retard: 0 dies). Share of wallet actual: 27%. Oportunitat de capturar 1633€ de quota de mercat.,2025-12-30,,,0.23078040299889385,televenda,649
1000056227,Anestesia,Commodities,finestra_captura,promiscu,111,168.0,0.0,0.266,2223.12,1632.36,alta,Client promiscu de Anestesia. Cicle habitual: 168 dies. La seva finestra de compra és ARA (retard: 0 dies). Share of wallet actual: 27%. Oportunitat de capturar 1632€ de quota de mercat.,2025-12-30,,,0.2307767747168476,televenda,650
24561,Anestesia,Commodities,finestra_captura,promiscu,179,250.0,0.0,0.268,2223.12,1627.97,alta,Client promiscu de Anestesia. Cicle habitual: 250 dies. La seva finestra de compra és ARA (retard: 0 dies). Share of wallet actual: 27%. Oportunitat de capturar 1628€ de quota de mercat.,2025-12-30,,,0.23069282456207316,televenda,651
1000101484,Anestesia,Commodities,finestra_captura,promiscu,97,343.0,0.0,0.271,2223.12,1620.74,alta,Client promiscu de Anestesia. Cicle habitual: 343 dies. La seva finestra de compra és ARA (retard: 0 dies). Share of wallet actual: 27%. Oportunitat de capturar 1621€ de quota de mercat.,2025-12-30,,,0.2305540705994642,televenda,652
20881,Anestesia,Commodities,finestra_captura,promiscu,125,455.0,0.0,0.102,1802.36,1619.11,alta,Client promiscu de Anestesia. Cicle habitual: 455 dies. La seva finestra de compra és ARA (retard: 0 dies). Share of wallet actual: 10%. Oportunitat de capturar 1619€ de quota de mercat.,2025-12-30,,,0.2305227031408686,televenda,653
18661,Anestesia,Commodities,finestra_captura,promiscu,181,323.0,0.0,0.102,1802.36,1619.11,alta,Client promiscu de Anestesia. Cicle habitual: 323 dies. La seva finestra de compra és ARA (retard: 0 dies). Share of wallet actual: 10%. Oportunitat de capturar 1619€ de quota de mercat.,2025-12-30,,,0.2305227031408686,televenda,654
2297,Anestesia,Commodities,finestra_captura,promiscu,211,220.0,0.0,0.102,1802.36,1619.11,alta,Client promiscu de Anestesia. Cicle habitual: 220 dies. La seva finestra de compra és ARA (retard: 0 dies). Share of wallet actual: 10%. Oportunitat de capturar 1619€ de quota de mercat.,2025-12-30,,,0.2305227031408686,televenda,655
21083,Anestesia,Commodities,finestra_captura,promiscu,130,777.0,0.0,0.102,1802.36,1619.11,alta,Client promiscu de Anestesia. Cicle habitual: 777 dies. La seva finestra de compra és ARA (retard: 0 dies). Share of wallet actual: 10%. Oportunitat de capturar 1619€ de quota de mercat.,2025-12-30,,,0.2305227031408686,televenda,656
12109,Anestesia,Commodities,finestra_captura,promiscu,48,848.0,0.0,0.102,1802.36,1619.11,alta,Client promiscu de Anestesia. Cicle habitual: 848 dies. La seva finestra de compra és ARA (retard: 0 dies). Share of wallet actual: 10%. Oportunitat de capturar 1619€ de quota de mercat.,2025-12-30,,,0.2305227031408686,televenda,657
1000082037,Anestesia,Commodities,finestra_captura,promiscu,56,280.0,0.0,0.103,1802.36,1617.04,alta,Client promiscu de Anestesia. Cicle habitual: 280 dies. La seva finestra de compra és ARA (retard: 0 dies). Share of wallet actual: 10%. Oportunitat de capturar 1617€ de quota de mercat.,2025-12-30,,,0.2304828228744766,televenda,658
1000077814,Anestesia,Commodities,finestra_captura,promiscu,35,294.0,0.0,0.103,1802.36,1617.04,alta,Client promiscu de Anestesia. Cicle habitual: 294 dies. La seva finestra de compra és ARA (retard: 0 dies). Share of wallet actual: 10%. Oportunitat de capturar 1617€ de quota de mercat.,2025-12-30,,,0.2304828228744766,televenda,659
35571,Anestesia,Commodities,finestra_captura,promiscu,106,260.0,0.0,0.274,2223.12,1612.98,alta,Client promiscu de Anestesia. Cicle habitual: 260 dies. La seva finestra de compra és ARA (retard: 0 dies). Share of wallet actual: 27%. Oportunitat de capturar 1613€ de quota de mercat.,2025-12-30,,,0.2304044552231684,televenda,660
1000037112,Anestesia,Commodities,risc_fuga,fidel,179,68.0,110.0,0.617,2223.12,114.25,alta,Client fidel de Anestesia. Cicle habitual: 68 dies (±45). Porta 179 dies sense comprar (110 dies de retard). Share of wallet últims 12m: 62%. Possible inici de fuga.,2025-12-30,,,0.2303397316216418,delegat,661
1000100403,Anestesia,Commodities,finestra_captura,promiscu,34,270.0,0.0,0.278,2223.12,1604.07,alta,Client promiscu de Anestesia. Cicle habitual: 270 dies. La seva finestra de compra és ARA (retard: 0 dies). Share of wallet actual: 28%. Oportunitat de capturar 1604€ de quota de mercat.,2025-12-30,,,0.2302317777442646,televenda,662
9401,Anestesia,Commodities,finestra_captura,promiscu,14,484.0,0.0,0.28,2223.12,1599.71,alta,Client promiscu de Anestesia. Cicle habitual: 484 dies. La seva finestra de compra és ARA (retard: 0 dies). Share of wallet actual: 28%. Oportunitat de capturar 1600€ de quota de mercat.,2025-12-30,,,0.230146930517775,televenda,663
25211,Anestesia,Commodities,finestra_captura,promiscu,202,348.0,0.0,0.28,2223.12,1599.71,alta,Client promiscu de Anestesia. Cicle habitual: 348 dies. La seva finestra de compra és ARA (retard: 0 dies). Share of wallet actual: 28%. Oportunitat de capturar 1600€ de quota de mercat.,2025-12-30,,,0.230146930517775,televenda,664
42490,Anestesia,Commodities,finestra_captura,promiscu,120,147.0,0.0,0.28,2223.12,1599.71,alta,Client promiscu de Anestesia. Cicle habitual: 147 dies. La seva finestra de compra és ARA (retard: 0 dies). Share of wallet actual: 28%. Oportunitat de capturar 1600€ de quota de mercat.,2025-12-30,,,0.230146930517775,televenda,665
1000077452,Anestesia,Commodities,finestra_captura,promiscu,14,592.0,0.0,0.28,2223.12,1599.71,alta,Client promiscu de Anestesia. Cicle habitual: 592 dies. La seva finestra de compra és ARA (retard: 0 dies). Share of wallet actual: 28%. Oportunitat de capturar 1600€ de quota de mercat.,2025-12-30,,,0.230146930517775,televenda,666
13275,Anestesia,Commodities,finestra_captura,promiscu,81,335.0,0.0,0.114,1802.36,1596.44,alta,Client promiscu de Anestesia. Cicle habitual: 335 dies. La seva finestra de compra és ARA (retard: 0 dies). Share of wallet actual: 11%. Oportunitat de capturar 1596€ de quota de mercat.,2025-12-30,,,0.2300831432965345,televenda,667
4832,Anestesia,Commodities,finestra_captura,promiscu,153,197.0,0.0,0.284,2223.12,1590.79,alta,Client promiscu de Anestesia. Cicle habitual: 197 dies. La seva finestra de compra és ARA (retard: 0 dies). Share of wallet actual: 28%. Oportunitat de capturar 1591€ de quota de mercat.,2025-12-30,,,0.22997262156761009,televenda,668
1000072594,Anestesia,Commodities,finestra_captura,promiscu,350,352.0,0.0,0.288,2223.12,1582.62,alta,Client promiscu de Anestesia. Cicle habitual: 352 dies. La seva finestra de compra és ARA (retard: 0 dies). Share of wallet actual: 29%. Oportunitat de capturar 1583€ de quota de mercat.,2025-12-30,,,0.22981210945332994,televenda,669
1000076144,Anestesia,Commodities,finestra_captura,promiscu,356,422.0,0.0,0.288,2223.12,1582.62,alta,Client promiscu de Anestesia. Cicle habitual: 422 dies. La seva finestra de compra és ARA (retard: 0 dies). Share of wallet actual: 29%. Oportunitat de capturar 1583€ de quota de mercat.,2025-12-30,,,0.22981210945332994,televenda,670
1000077557,Anestesia,Commodities,finestra_captura,promiscu,186,596.0,0.0,0.122,1802.36,1582.47,alta,Client promiscu de Anestesia. Cicle habitual: 596 dies. La seva finestra de compra és ARA (retard: 0 dies). Share of wallet actual: 12%. Oportunitat de capturar 1582€ de quota de mercat.,2025-12-30,,,0.2298091547392411,televenda,671
4656,Anestesia,Commodities,finestra_captura,promiscu,188,312.0,0.0,0.29,2223.12,1579.23,alta,Client promiscu de Anestesia. Cicle habitual: 312 dies. La seva finestra de compra és ARA (retard: 0 dies). Share of wallet actual: 29%. Oportunitat de capturar 1579€ de quota de mercat.,2025-12-30,,,0.22974526450562271,televenda,672
1000076769,Anestesia,Commodities,finestra_captura,promiscu,313,467.0,0.0,0.29,2223.12,1578.61,alta,Client promiscu de Anestesia. Cicle habitual: 467 dies. La seva finestra de compra és ARA (retard: 0 dies). Share of wallet actual: 29%. Oportunitat de capturar 1579€ de quota de mercat.,2025-12-30,,,0.22973302366590673,televenda,673
1000101437,Anestesia,Commodities,finestra_captura,promiscu,29,434.0,0.0,0.293,2223.12,1572.51,alta,Client promiscu de Anestesia. Cicle habitual: 434 dies. La seva finestra de compra és ARA (retard: 0 dies). Share of wallet actual: 29%. Oportunitat de capturar 1573€ de quota de mercat.,2025-12-30,,,0.22961233277692966,televenda,674
41930,Anestesia,Commodities,finestra_captura,promiscu,232,424.0,0.0,0.293,2223.12,1571.19,alta,Client promiscu de Anestesia. Cicle habitual: 424 dies. La seva finestra de compra és ARA (retard: 0 dies). Share of wallet actual: 29%. Oportunitat de capturar 1571€ de quota de mercat.,2025-12-30,,,0.22958615448762162,televenda,675
39175,Anestesia,Commodities,finestra_captura,promiscu,186,226.0,0.0,0.293,2223.12,1571.19,alta,Client promiscu de Anestesia. Cicle habitual: 226 dies. La seva finestra de compra és ARA (retard: 0 dies). Share of wallet actual: 29%. Oportunitat de capturar 1571€ de quota de mercat.,2025-12-30,,,0.22958615448762162,televenda,676
1000079192,Anestesia,Commodities,finestra_captura,promiscu,67,365.0,0.0,0.295,2223.12,1566.83,alta,Client promiscu de Anestesia. Cicle habitual: 365 dies. La seva finestra de compra és ARA (retard: 0 dies). Share of wallet actual: 30%. Oportunitat de capturar 1567€ de quota de mercat.,2025-12-30,,,0.2294995303422869,televenda,677
1000074680,Anestesia,Commodities,finestra_captura,promiscu,216,223.0,0.0,0.296,2223.12,1565.35,alta,Client promiscu de Anestesia. Cicle habitual: 223 dies. La seva finestra de compra és ARA (retard: 0 dies). Share of wallet actual: 30%. Oportunitat de capturar 1565€ de quota de mercat.,2025-12-30,,,0.22947007104240466,televenda,678
1000082777,Anestesia,Commodities,finestra_captura,promiscu,42,344.0,0.0,0.541,3410.04,1564.41,alta,Client promiscu de Anestesia. Cicle habitual: 344 dies. La seva finestra de compra és ARA (retard: 0 dies). Share of wallet actual: 54%. Oportunitat de capturar 1564€ de quota de mercat.,2025-12-30,,,0.22945134594858166,televenda,679
1000065584,Anestesia,Commodities,finestra_captura,promiscu,81,427.0,0.0,0.297,2223.12,1563.41,alta,Client promiscu de Anestesia. Cicle habitual: 427 dies. La seva finestra de compra és ARA (retard: 0 dies). Share of wallet actual: 30%. Oportunitat de capturar 1563€ de quota de mercat.,2025-12-30,,,0.22943141328843902,televenda,680
40908,Anestesia,Commodities,finestra_captura,promiscu,231,284.0,0.0,0.297,2223.12,1563.41,alta,Client promiscu de Anestesia. Cicle habitual: 284 dies. La seva finestra de compra és ARA (retard: 0 dies). Share of wallet actual: 30%. Oportunitat de capturar 1563€ de quota de mercat.,2025-12-30,,,0.22943141328843902,televenda,681
3930,Anestesia,Commodities,finestra_captura,promiscu,20,1519.0,0.0,0.297,2223.12,1563.41,alta,Client promiscu de Anestesia. Cicle habitual: 1519 dies. La seva finestra de compra és ARA (retard: 0 dies). Share of wallet actual: 30%. Oportunitat de capturar 1563€ de quota de mercat.,2025-12-30,,,0.22943141328843902,televenda,682
1000080018,Anestesia,Commodities,finestra_captura,promiscu,47,304.0,0.0,0.297,2223.12,1563.41,alta,Client promiscu de Anestesia. Cicle habitual: 304 dies. La seva finestra de compra és ARA (retard: 0 dies). Share of wallet actual: 30%. Oportunitat de capturar 1563€ de quota de mercat.,2025-12-30,,,0.22943141328843902,televenda,683
7919,Anestesia,Commodities,finestra_captura,promiscu,172,264.0,0.0,0.297,2223.12,1563.41,alta,Client promiscu de Anestesia. Cicle habitual: 264 dies. La seva finestra de compra és ARA (retard: 0 dies). Share of wallet actual: 30%. Oportunitat de capturar 1563€ de quota de mercat.,2025-12-30,,,0.22943141328843902,televenda,684
1000073805,Anestesia,Commodities,finestra_captura,promiscu,295,524.0,0.0,0.133,1802.36,1563.09,alta,Client promiscu de Anestesia. Cicle habitual: 524 dies. La seva finestra de compra és ARA (retard: 0 dies). Share of wallet actual: 13%. Oportunitat de capturar 1563€ de quota de mercat.,2025-12-30,,,0.22942503214614465,televenda,685
1000082752,Anestesia,Commodities,finestra_captura,promiscu,92,516.0,0.0,0.133,1802.36,1563.09,alta,Client promiscu de Anestesia. Cicle habitual: 516 dies. La seva finestra de compra és ARA (retard: 0 dies). Share of wallet actual: 13%. Oportunitat de capturar 1563€ de quota de mercat.,2025-12-30,,,0.22942503214614465,televenda,686
1000079812,Anestesia,Commodities,finestra_captura,promiscu,183,490.0,0.0,0.299,2223.12,1559.26,alta,Client promiscu de Anestesia. Cicle habitual: 490 dies. La seva finestra de compra és ARA (retard: 0 dies). Share of wallet actual: 30%. Oportunitat de capturar 1559€ de quota de mercat.,2025-12-30,,,0.2293485563651014,televenda,687
1000100230,Anestesia,Commodities,finestra_captura,promiscu,106,853.0,0.0,0.299,2223.12,1559.26,alta,Client promiscu de Anestesia. Cicle habitual: 853 dies. La seva finestra de compra és ARA (retard: 0 dies). Share of wallet actual: 30%. Oportunitat de capturar 1559€ de quota de mercat.,2025-12-30,,,0.2293485563651014,televenda,688
6401,Anestesia,Commodities,finestra_captura,promiscu,68,156.0,0.0,0.543,3410.04,1559.15,alta,Client promiscu de Anestesia. Cicle habitual: 156 dies. La seva finestra de compra és ARA (retard: 0 dies). Share of wallet actual: 54%. Oportunitat de capturar 1559€ de quota de mercat.,2025-12-30,,,0.22934635716051296,televenda,689
1000078711,Anestesia,Commodities,finestra_captura,promiscu,82,284.0,0.0,0.303,2223.12,1550.41,alta,Client promiscu de Anestesia. Cicle habitual: 284 dies. La seva finestra de compra és ARA (retard: 0 dies). Share of wallet actual: 30%. Oportunitat de capturar 1550€ de quota de mercat.,2025-12-30,,,0.22917112290671107,televenda,690
34311,Bioseguridad,Commodities,finestra_captura,promiscu,207,218.0,0.0,0.072,1667.34,1548.08,alta,Client promiscu de Bioseguridad. Cicle habitual: 218 dies. La seva finestra de compra és ARA (retard: 0 dies). Share of wallet actual: 7%. Oportunitat de capturar 1548€ de quota de mercat.,2025-12-30,,,0.22912424045915808,televenda,691
9122,Anestesia,Commodities,finestra_captura,promiscu,20,555.0,0.0,0.308,2223.12,1538.91,alta,Client promiscu de Anestesia. Cicle habitual: 555 dies. La seva finestra de compra és ARA (retard: 0 dies). Share of wallet actual: 31%. Oportunitat de capturar 1539€ de quota de mercat.,2025-12-30,,,0.2289390414248872,televenda,692
21609,Anestesia,Commodities,finestra_captura,promiscu,21,543.0,0.0,0.147,1802.36,1536.59,alta,Client promiscu de Anestesia. Cicle habitual: 543 dies. La seva finestra de compra és ARA (retard: 0 dies). Share of wallet actual: 15%. Oportunitat de capturar 1537€ de quota de mercat.,2025-12-30,,,0.22889201146436552,televenda,693
1000082701,Anestesia,Commodities,finestra_captura,promiscu,165,498.0,0.0,0.147,1802.36,1536.59,alta,Client promiscu de Anestesia. Cicle habitual: 498 dies. La seva finestra de compra és ARA (retard: 0 dies). Share of wallet actual: 15%. Oportunitat de capturar 1537€ de quota de mercat.,2025-12-30,,,0.22889201146436552,televenda,694
25314,Anestesia,Commodities,finestra_captura,promiscu,158,232.0,0.0,0.309,2223.12,1535.93,alta,Client promiscu de Anestesia. Cicle habitual: 232 dies. La seva finestra de compra és ARA (retard: 0 dies). Share of wallet actual: 31%. Oportunitat de capturar 1536€ de quota de mercat.,2025-12-30,,,0.2288786192858941,televenda,695
1000101221,Anestesia,Commodities,finestra_captura,promiscu,33,98.0,0.0,0.309,2223.12,1535.65,alta,Client promiscu de Anestesia. Cicle habitual: 98 dies. La seva finestra de compra és ARA (retard: 0 dies). Share of wallet actual: 31%. Oportunitat de capturar 1536€ de quota de mercat.,2025-12-30,,,0.2288729360181097,televenda,696
1000082146,Anestesia,Commodities,finestra_captura,promiscu,8,829.0,0.0,0.309,2223.12,1535.21,alta,Client promiscu de Anestesia. Cicle habitual: 829 dies. La seva finestra de compra és ARA (retard: 0 dies). Share of wallet actual: 31%. Oportunitat de capturar 1535€ de quota de mercat.,2025-12-30,,,0.2288640030761158,televenda,697
31857,Anestesia,Commodities,finestra_captura,promiscu,340,504.0,0.0,0.309,2223.12,1535.08,alta,Client promiscu de Anestesia. Cicle habitual: 504 dies. La seva finestra de compra és ARA (retard: 0 dies). Share of wallet actual: 31%. Oportunitat de capturar 1535€ de quota de mercat.,2025-12-30,,,0.2288613633081523,televenda,698
1000076747,Anestesia,Commodities,finestra_captura,promiscu,272,1168.0,0.0,0.31,2223.12,1533.99,alta,Client promiscu de Anestesia. Cicle habitual: 1168 dies. La seva finestra de compra és ARA (retard: 0 dies). Share of wallet actual: 31%. Oportunitat de capturar 1534€ de quota de mercat.,2025-12-30,,,0.22883922107552263,televenda,699
34212,Anestesia,Commodities,finestra_captura,promiscu,215,226.0,0.0,0.311,2223.12,1530.79,alta,Client promiscu de Anestesia. Cicle habitual: 226 dies. La seva finestra de compra és ARA (retard: 0 dies). Share of wallet actual: 31%. Oportunitat de capturar 1531€ de quota de mercat.,2025-12-30,,,0.2287741254023948,televenda,700
1000071965,Anestesia,Commodities,finestra_captura,promiscu,105,171.0,0.0,0.311,2223.12,1530.79,alta,Client promiscu de Anestesia. Cicle habitual: 171 dies. La seva finestra de compra és ARA (retard: 0 dies). Share of wallet actual: 31%. Oportunitat de capturar 1531€ de quota de mercat.,2025-12-30,,,0.2287741254023948,televenda,701
27995,Anestesia,Commodities,reposicio_pendent,fidel,95,50.0,44.0,1.5,4546.72,1176.13,mitjana,Client fidel de Anestesia. Cicle habitual: 50 dies (±28). Porta 95 dies sense comprar (44 dies de retard). Share of wallet últims 12m: 150%. Possible retard de reposició.,2025-12-30,,,0.22872811747535182,delegat,702
1000075863,Anestesia,Commodities,finestra_captura,promiscu,57,684.0,0.0,0.153,1802.36,1527.48,alta,Client promiscu de Anestesia. Cicle habitual: 684 dies. La seva finestra de compra és ARA (retard: 0 dies). Share of wallet actual: 15%. Oportunitat de capturar 1527€ de quota de mercat.,2025-12-30,,,0.22870664882794398,televenda,703
42741,Anestesia,Commodities,finestra_captura,promiscu,89,145.0,0.0,0.552,3410.04,1526.1,alta,Client promiscu de Anestesia. Cicle habitual: 145 dies. La seva finestra de compra és ARA (retard: 0 dies). Share of wallet actual: 55%. Oportunitat de capturar 1526€ de quota de mercat.,2025-12-30,,,0.2286784734295348,televenda,704
1000042039,Anestesia,Commodities,finestra_captura,promiscu,47,412.0,0.0,0.314,2223.12,1525.35,alta,Client promiscu de Anestesia. Cicle habitual: 412 dies. La seva finestra de compra és ARA (retard: 0 dies). Share of wallet actual: 31%. Oportunitat de capturar 1525€ de quota de mercat.,2025-12-30,,,0.2286631500320256,televenda,705
1000060716,Anestesia,Commodities,finestra_captura,promiscu,344,769.0,0.0,0.159,1802.36,1515.68,alta,Client promiscu de Anestesia. Cicle habitual: 769 dies. La seva finestra de compra és ARA (retard: 0 dies). Share of wallet actual: 16%. Oportunitat de capturar 1516€ de quota de mercat.,2025-12-30,,,0.2284649031750684,televenda,706
24465,Anestesia,Commodities,finestra_captura,promiscu,312,370.0,0.0,0.159,1802.36,1515.68,alta,Client promiscu de Anestesia. Cicle habitual: 370 dies. La seva finestra de compra és ARA (retard: 0 dies). Share of wallet actual: 16%. Oportunitat de capturar 1516€ de quota de mercat.,2025-12-30,,,0.2284649031750684,televenda,707
1000074382,Anestesia,Commodities,finestra_captura,promiscu,207,277.0,0.0,0.159,1802.36,1515.24,alta,Client promiscu de Anestesia. Cicle habitual: 277 dies. La seva finestra de compra és ARA (retard: 0 dies). Share of wallet actual: 16%. Oportunitat de capturar 1515€ de quota de mercat.,2025-12-30,,,0.2284558525967016,televenda,708
4234,Anestesia,Commodities,finestra_captura,promiscu,29,577.0,0.0,0.159,1802.36,1515.24,alta,Client promiscu de Anestesia. Cicle habitual: 577 dies. La seva finestra de compra és ARA (retard: 0 dies). Share of wallet actual: 16%. Oportunitat de capturar 1515€ de quota de mercat.,2025-12-30,,,0.2284558525967016,televenda,709
1000100589,Anestesia,Commodities,finestra_captura,promiscu,125,287.0,0.0,0.319,2223.12,1514.46,alta,Client promiscu de Anestesia. Cicle habitual: 287 dies. La seva finestra de compra és ARA (retard: 0 dies). Share of wallet actual: 32%. Oportunitat de capturar 1514€ de quota de mercat.,2025-12-30,,,0.22843980193293392,televenda,710
14837,Anestesia,Commodities,finestra_captura,promiscu,279,308.0,0.0,0.319,2223.12,1514.42,alta,Client promiscu de Anestesia. Cicle habitual: 308 dies. La seva finestra de compra és ARA (retard: 0 dies). Share of wallet actual: 32%. Oportunitat de capturar 1514€ de quota de mercat.,2025-12-30,,,0.22843897859929815,televenda,711
1000101010,Anestesia,Commodities,finestra_captura,promiscu,29,300.0,0.0,0.319,2223.12,1514.42,alta,Client promiscu de Anestesia. Cicle habitual: 300 dies. La seva finestra de compra és ARA (retard: 0 dies). Share of wallet actual: 32%. Oportunitat de capturar 1514€ de quota de mercat.,2025-12-30,,,0.22843897859929815,televenda,712
1000100949,Anestesia,Commodities,finestra_captura,promiscu,124,279.0,0.0,0.319,2223.12,1514.42,alta,Client promiscu de Anestesia. Cicle habitual: 279 dies. La seva finestra de compra és ARA (retard: 0 dies). Share of wallet actual: 32%. Oportunitat de capturar 1514€ de quota de mercat.,2025-12-30,,,0.22843897859929815,televenda,713
1000100245,Anestesia,Commodities,finestra_captura,promiscu,89,545.0,0.0,0.319,2223.12,1514.42,alta,Client promiscu de Anestesia. Cicle habitual: 545 dies. La seva finestra de compra és ARA (retard: 0 dies). Share of wallet actual: 32%. Oportunitat de capturar 1514€ de quota de mercat.,2025-12-30,,,0.22843897859929815,televenda,714
9546,Anestesia,Commodities,finestra_captura,promiscu,126,364.0,0.0,0.319,2223.12,1514.42,alta,Client promiscu de Anestesia. Cicle habitual: 364 dies. La seva finestra de compra és ARA (retard: 0 dies). Share of wallet actual: 32%. Oportunitat de capturar 1514€ de quota de mercat.,2025-12-30,,,0.22843897859929815,televenda,715
29942,Anestesia,Commodities,finestra_captura,promiscu,92,966.0,0.0,0.319,2223.12,1514.42,alta,Client promiscu de Anestesia. Cicle habitual: 966 dies. La seva finestra de compra és ARA (retard: 0 dies). Share of wallet actual: 32%. Oportunitat de capturar 1514€ de quota de mercat.,2025-12-30,,,0.22843897859929815,televenda,716
1000065432,Anestesia,Commodities,finestra_captura,promiscu,118,424.0,0.0,0.319,2223.12,1514.42,alta,Client promiscu de Anestesia. Cicle habitual: 424 dies. La seva finestra de compra és ARA (retard: 0 dies). Share of wallet actual: 32%. Oportunitat de capturar 1514€ de quota de mercat.,2025-12-30,,,0.22843897859929815,televenda,717
1000082495,Anestesia,Commodities,finestra_captura,promiscu,195,385.0,0.0,0.319,2223.12,1514.42,alta,Client promiscu de Anestesia. Cicle habitual: 385 dies. La seva finestra de compra és ARA (retard: 0 dies). Share of wallet actual: 32%. Oportunitat de capturar 1514€ de quota de mercat.,2025-12-30,,,0.22843897859929815,televenda,718
1000075405,Anestesia,Commodities,finestra_captura,promiscu,67,396.0,0.0,0.319,2223.12,1514.42,alta,Client promiscu de Anestesia. Cicle habitual: 396 dies. La seva finestra de compra és ARA (retard: 0 dies). Share of wallet actual: 32%. Oportunitat de capturar 1514€ de quota de mercat.,2025-12-30,,,0.22843897859929815,televenda,719
1000069328,Anestesia,Commodities,finestra_captura,promiscu,174,295.0,0.0,0.319,2223.12,1514.42,alta,Client promiscu de Anestesia. Cicle habitual: 295 dies. La seva finestra de compra és ARA (retard: 0 dies). Share of wallet actual: 32%. Oportunitat de capturar 1514€ de quota de mercat.,2025-12-30,,,0.22843897859929815,televenda,720
41538,Anestesia,Commodities,finestra_captura,promiscu,153,1520.0,0.0,0.319,2223.12,1514.42,alta,Client promiscu de Anestesia. Cicle habitual: 1520 dies. La seva finestra de compra és ARA (retard: 0 dies). Share of wallet actual: 32%. Oportunitat de capturar 1514€ de quota de mercat.,2025-12-30,,,0.22843897859929815,televenda,721
1000080804,Anestesia,Commodities,finestra_captura,promiscu,83,322.0,0.0,0.319,2223.12,1514.42,alta,Client promiscu de Anestesia. Cicle habitual: 322 dies. La seva finestra de compra és ARA (retard: 0 dies). Share of wallet actual: 32%. Oportunitat de capturar 1514€ de quota de mercat.,2025-12-30,,,0.22843897859929815,televenda,722
23088,Anestesia,Commodities,finestra_captura,promiscu,81,297.0,0.0,0.319,2223.12,1514.42,alta,Client promiscu de Anestesia. Cicle habitual: 297 dies. La seva finestra de compra és ARA (retard: 0 dies). Share of wallet actual: 32%. Oportunitat de capturar 1514€ de quota de mercat.,2025-12-30,,,0.22843897859929815,televenda,723
2846,Anestesia,Commodities,finestra_captura,promiscu,96,188.0,0.0,0.319,2223.12,1514.42,alta,Client promiscu de Anestesia. Cicle habitual: 188 dies. La seva finestra de compra és ARA (retard: 0 dies). Share of wallet actual: 32%. Oportunitat de capturar 1514€ de quota de mercat.,2025-12-30,,,0.22843897859929815,televenda,724
1000063304,Anestesia,Commodities,finestra_captura,promiscu,281,504.0,0.0,0.319,2223.12,1514.42,alta,Client promiscu de Anestesia. Cicle habitual: 504 dies. La seva finestra de compra és ARA (retard: 0 dies). Share of wallet actual: 32%. Oportunitat de capturar 1514€ de quota de mercat.,2025-12-30,,,0.22843897859929815,televenda,725
1000100112,Anestesia,Commodities,finestra_captura,promiscu,230,278.0,0.0,0.319,2223.12,1514.42,alta,Client promiscu de Anestesia. Cicle habitual: 278 dies. La seva finestra de compra és ARA (retard: 0 dies). Share of wallet actual: 32%. Oportunitat de capturar 1514€ de quota de mercat.,2025-12-30,,,0.22843897859929815,televenda,726
28704,Anestesia,Commodities,finestra_captura,promiscu,95,561.0,0.0,0.319,2223.12,1514.42,alta,Client promiscu de Anestesia. Cicle habitual: 561 dies. La seva finestra de compra és ARA (retard: 0 dies). Share of wallet actual: 32%. Oportunitat de capturar 1514€ de quota de mercat.,2025-12-30,,,0.22843897859929815,televenda,727
1000082599,Anestesia,Commodities,finestra_captura,promiscu,200,216.0,0.0,0.319,2223.12,1514.42,alta,Client promiscu de Anestesia. Cicle habitual: 216 dies. La seva finestra de compra és ARA (retard: 0 dies). Share of wallet actual: 32%. Oportunitat de capturar 1514€ de quota de mercat.,2025-12-30,,,0.22843897859929815,televenda,728
16846,Anestesia,Commodities,finestra_captura,promiscu,14,244.0,0.0,0.319,2223.12,1514.42,alta,Client promiscu de Anestesia. Cicle habitual: 244 dies. La seva finestra de compra és ARA (retard: 0 dies). Share of wallet actual: 32%. Oportunitat de capturar 1514€ de quota de mercat.,2025-12-30,,,0.22843897859929815,televenda,729
29235,Anestesia,Commodities,finestra_captura,promiscu,103,592.0,0.0,0.319,2223.12,1514.42,alta,Client promiscu de Anestesia. Cicle habitual: 592 dies. La seva finestra de compra és ARA (retard: 0 dies). Share of wallet actual: 32%. Oportunitat de capturar 1514€ de quota de mercat.,2025-12-30,,,0.22843897859929815,televenda,730
1000100338,Anestesia,Commodities,finestra_captura,promiscu,228,330.0,0.0,0.319,2223.12,1514.42,alta,Client promiscu de Anestesia. Cicle habitual: 330 dies. La seva finestra de compra és ARA (retard: 0 dies). Share of wallet actual: 32%. Oportunitat de capturar 1514€ de quota de mercat.,2025-12-30,,,0.22843897859929815,televenda,731
1000101104,Anestesia,Commodities,finestra_captura,promiscu,105,238.0,0.0,0.319,2223.12,1514.42,alta,Client promiscu de Anestesia. Cicle habitual: 238 dies. La seva finestra de compra és ARA (retard: 0 dies). Share of wallet actual: 32%. Oportunitat de capturar 1514€ de quota de mercat.,2025-12-30,,,0.22843897859929815,televenda,732
1000082577,Anestesia,Commodities,finestra_captura,promiscu,239,264.0,0.0,0.319,2223.12,1514.42,alta,Client promiscu de Anestesia. Cicle habitual: 264 dies. La seva finestra de compra és ARA (retard: 0 dies). Share of wallet actual: 32%. Oportunitat de capturar 1514€ de quota de mercat.,2025-12-30,,,0.22843897859929815,televenda,733
32966,Anestesia,Commodities,finestra_captura,promiscu,103,469.0,0.0,0.319,2223.12,1514.42,alta,Client promiscu de Anestesia. Cicle habitual: 469 dies. La seva finestra de compra és ARA (retard: 0 dies). Share of wallet actual: 32%. Oportunitat de capturar 1514€ de quota de mercat.,2025-12-30,,,0.22843897859929815,televenda,734
13417,Anestesia,Commodities,finestra_captura,promiscu,190,197.0,0.0,0.319,2223.12,1514.42,alta,Client promiscu de Anestesia. Cicle habitual: 197 dies. La seva finestra de compra és ARA (retard: 0 dies). Share of wallet actual: 32%. Oportunitat de capturar 1514€ de quota de mercat.,2025-12-30,,,0.22843897859929815,televenda,735
19350,Anestesia,Commodities,finestra_captura,promiscu,299,358.0,0.0,0.319,2223.12,1514.42,alta,Client promiscu de Anestesia. Cicle habitual: 358 dies. La seva finestra de compra és ARA (retard: 0 dies). Share of wallet actual: 32%. Oportunitat de capturar 1514€ de quota de mercat.,2025-12-30,,,0.22843897859929815,televenda,736
26488,Anestesia,Commodities,finestra_captura,promiscu,85,411.0,0.0,0.319,2223.12,1514.42,alta,Client promiscu de Anestesia. Cicle habitual: 411 dies. La seva finestra de compra és ARA (retard: 0 dies). Share of wallet actual: 32%. Oportunitat de capturar 1514€ de quota de mercat.,2025-12-30,,,0.22843897859929815,televenda,737
1000100653,Anestesia,Commodities,finestra_captura,promiscu,97,160.0,0.0,0.556,3410.04,1513.07,alta,Client promiscu de Anestesia. Cicle habitual: 160 dies. La seva finestra de compra és ARA (retard: 0 dies). Share of wallet actual: 56%. Oportunitat de capturar 1513€ de quota de mercat.,2025-12-30,,,0.22841117833770128,televenda,738
1000076773,Anestesia,Commodities,finestra_captura,promiscu,29,1683.0,0.0,0.161,1802.36,1511.97,alta,Client promiscu de Anestesia. Cicle habitual: 1683 dies. La seva finestra de compra és ARA (retard: 0 dies). Share of wallet actual: 16%. Oportunitat de capturar 1512€ de quota de mercat.,2025-12-30,,,0.22838850793926257,televenda,739
5584,Bioseguridad,Commodities,finestra_captura,promiscu,117,1330.0,0.0,0.322,2223.12,1507.58,alta,Client promiscu de Bioseguridad. Cicle habitual: 1330 dies. La seva finestra de compra és ARA (retard: 0 dies). Share of wallet actual: 32%. Oportunitat de capturar 1508€ de quota de mercat.,2025-12-30,,,0.22829786799095078,televenda,740
4722,Anestesia,Commodities,finestra_captura,promiscu,236,1162.0,0.0,0.164,1802.36,1507.07,alta,Client promiscu de Anestesia. Cicle habitual: 1162 dies. La seva finestra de compra és ARA (retard: 0 dies). Share of wallet actual: 16%. Oportunitat de capturar 1507€ de quota de mercat.,2025-12-30,,,0.22828732096866186,televenda,741
9265,Anestesia,Commodities,finestra_captura,promiscu,103,178.0,0.0,0.325,2223.12,1500.8,alta,Client promiscu de Anestesia. Cicle habitual: 178 dies. La seva finestra de compra és ARA (retard: 0 dies). Share of wallet actual: 32%. Oportunitat de capturar 1501€ de quota de mercat.,2025-12-30,,,0.22815736236411557,televenda,742
37148,Bioseguridad,Commodities,finestra_captura,promiscu,166,195.0,0.0,0.325,2223.12,1500.41,alta,Client promiscu de Bioseguridad. Cicle habitual: 195 dies. La seva finestra de compra és ARA (retard: 0 dies). Share of wallet actual: 33%. Oportunitat de capturar 1500€ de quota de mercat.,2025-12-30,,,0.22814926089992488,televenda,743
1000100173,Biomateriales,Productes Tècnics,silenci_anomal_crític,actiu_esporadic,293,123.0,,,0.0,3734.01,alta,Client actiu_esporadic de Biomaterials. Historial: 7 pedidos (1 últims 12m). Freqüència habitual: 123 ±52 dies. Porta 293 dies sense comprar (z=3.3). Anomalia crítica detectada.,2025-12-30,3.27,vermella,0.22806818275743482,televenda,744
35720,Anestesia,Commodities,finestra_captura,promiscu,179,244.0,0.0,0.33,2223.12,1490.12,alta,Client promiscu de Anestesia. Cicle habitual: 244 dies. La seva finestra de compra és ARA (retard: 0 dies). Share of wallet actual: 33%. Oportunitat de capturar 1490€ de quota de mercat.,2025-12-30,,,0.2279347431751082,televenda,745
34817,Anestesia,Commodities,finestra_captura,promiscu,67,218.0,0.0,0.564,3410.04,1488.01,alta,Client promiscu de Anestesia. Cicle habitual: 218 dies. La seva finestra de compra és ARA (retard: 0 dies). Share of wallet actual: 56%. Oportunitat de capturar 1488€ de quota de mercat.,2025-12-30,,,0.2278905727146007,televenda,746
1000100622,Anestesia,Commodities,finestra_captura,promiscu,180,232.0,0.0,0.332,2223.12,1484.91,alta,Client promiscu de Anestesia. Cicle habitual: 232 dies. La seva finestra de compra és ARA (retard: 0 dies). Share of wallet actual: 33%. Oportunitat de capturar 1485€ de quota de mercat.,2025-12-30,,,0.2278255640614743,televenda,747
1000077167,Anestesia,Commodities,finestra_captura,promiscu,54,213.0,0.0,0.332,2223.12,1484.91,alta,Client promiscu de Anestesia. Cicle habitual: 213 dies. La seva finestra de compra és ARA (retard: 0 dies). Share of wallet actual: 33%. Oportunitat de capturar 1485€ de quota de mercat.,2025-12-30,,,0.2278255640614743,televenda,748
669,Anestesia,Commodities,finestra_captura,promiscu,26,196.0,0.0,0.333,2223.12,1481.83,alta,Client promiscu de Anestesia. Cicle habitual: 196 dies. La seva finestra de compra és ARA (retard: 0 dies). Share of wallet actual: 33%. Oportunitat de capturar 1482€ de quota de mercat.,2025-12-30,,,0.2277608403643591,televenda,749
1000078003,Anestesia,Commodities,finestra_captura,promiscu,174,366.0,0.0,0.333,2223.12,1481.83,alta,Client promiscu de Anestesia. Cicle habitual: 366 dies. La seva finestra de compra és ARA (retard: 0 dies). Share of wallet actual: 33%. Oportunitat de capturar 1482€ de quota de mercat.,2025-12-30,,,0.2277608403643591,televenda,750
1000082183,Anestesia,Commodities,finestra_captura,promiscu,252,464.0,0.0,0.339,2223.12,1469.43,alta,Client promiscu de Anestesia. Cicle habitual: 464 dies. La seva finestra de compra és ARA (retard: 0 dies). Share of wallet actual: 34%. Oportunitat de capturar 1469€ de quota de mercat.,2025-12-30,,,0.22749889714383786,televenda,751
39860,Anestesia,Commodities,finestra_captura,promiscu,265,726.0,0.0,0.34,2223.12,1468.26,alta,Client promiscu de Anestesia. Cicle habitual: 726 dies. La seva finestra de compra és ARA (retard: 0 dies). Share of wallet actual: 34%. Oportunitat de capturar 1468€ de quota de mercat.,2025-12-30,,,0.22747406758757158,televenda,752
42535,Anestesia,Commodities,finestra_captura,promiscu,60,230.0,0.0,0.34,2223.12,1467.83,alta,Client promiscu de Anestesia. Cicle habitual: 230 dies. La seva finestra de compra és ARA (retard: 0 dies). Share of wallet actual: 34%. Oportunitat de capturar 1468€ de quota de mercat.,2025-12-30,,,0.2274649372260861,televenda,753
8131,Bioseguridad,Commodities,finestra_captura,promiscu,193,365.0,0.0,0.121,1667.34,1464.81,alta,Client promiscu de Bioseguridad. Cicle habitual: 365 dies. La seva finestra de compra és ARA (retard: 0 dies). Share of wallet actual: 12%. Oportunitat de capturar 1465€ de quota de mercat.,2025-12-30,,,0.22740073695349147,televenda,754
1000081532,Bioseguridad,Commodities,finestra_captura,promiscu,188,489.0,0.0,0.121,1667.34,1464.81,alta,Client promiscu de Bioseguridad. Cicle habitual: 489 dies. La seva finestra de compra és ARA (retard: 0 dies). Share of wallet actual: 12%. Oportunitat de capturar 1465€ de quota de mercat.,2025-12-30,,,0.22740073695349147,televenda,755
33767,Bioseguridad,Commodities,finestra_captura,promiscu,12,540.0,0.0,0.121,1667.34,1464.81,alta,Client promiscu de Bioseguridad. Cicle habitual: 540 dies. La seva finestra de compra és ARA (retard: 0 dies). Share of wallet actual: 12%. Oportunitat de capturar 1465€ de quota de mercat.,2025-12-30,,,0.22740073695349147,televenda,756
1000081105,Bioseguridad,Commodities,finestra_captura,promiscu,33,568.0,0.0,0.121,1667.34,1464.81,alta,Client promiscu de Bioseguridad. Cicle habitual: 568 dies. La seva finestra de compra és ARA (retard: 0 dies). Share of wallet actual: 12%. Oportunitat de capturar 1465€ de quota de mercat.,2025-12-30,,,0.22740073695349147,televenda,757
41126,Anestesia,Commodities,finestra_captura,promiscu,48,200.0,0.0,0.343,2223.12,1461.25,alta,Client promiscu de Anestesia. Cicle habitual: 200 dies. La seva finestra de compra és ARA (retard: 0 dies). Share of wallet actual: 34%. Oportunitat de capturar 1461€ de quota de mercat.,2025-12-30,,,0.22732488708208667,televenda,758
9653,Anestesia,Commodities,finestra_captura,promiscu,85,372.0,0.0,0.343,2223.12,1460.66,alta,Client promiscu de Anestesia. Cicle habitual: 372 dies. La seva finestra de compra és ARA (retard: 0 dies). Share of wallet actual: 34%. Oportunitat de capturar 1461€ de quota de mercat.,2025-12-30,,,0.2273122986214692,televenda,759
11960,Anestesia,Commodities,finestra_captura,promiscu,42,330.0,0.0,0.344,2223.12,1457.8,alta,Client promiscu de Anestesia. Cicle habitual: 330 dies. La seva finestra de compra és ARA (retard: 0 dies). Share of wallet actual: 34%. Oportunitat de capturar 1458€ de quota de mercat.,2025-12-30,,,0.2272512044867448,televenda,760
1000081372,Anestesia,Commodities,finestra_captura,promiscu,124,187.0,0.0,0.345,2223.12,1456.71,alta,Client promiscu de Anestesia. Cicle habitual: 187 dies. La seva finestra de compra és ARA (retard: 0 dies). Share of wallet actual: 34%. Oportunitat de capturar 1457€ de quota de mercat.,2025-12-30,,,0.22722788882978742,televenda,761
1000080001,Anestesia,Commodities,finestra_captura,promiscu,41,163.0,0.0,0.345,2223.12,1455.67,alta,Client promiscu de Anestesia. Cicle habitual: 163 dies. La seva finestra de compra és ARA (retard: 0 dies). Share of wallet actual: 35%. Oportunitat de capturar 1456€ de quota de mercat.,2025-12-30,,,0.22720562643969122,televenda,762
30399,Anestesia,Commodities,finestra_captura,promiscu,104,263.0,0.0,0.346,2223.12,1453.1,alta,Client promiscu de Anestesia. Cicle habitual: 263 dies. La seva finestra de compra és ARA (retard: 0 dies). Share of wallet actual: 35%. Oportunitat de capturar 1453€ de quota de mercat.,2025-12-30,,,0.22715054440751017,televenda,763
1000063488,Anestesia,Commodities,finestra_captura,promiscu,55,452.0,0.0,0.348,2223.12,1448.74,alta,Client promiscu de Anestesia. Cicle habitual: 452 dies. La seva finestra de compra és ARA (retard: 0 dies). Share of wallet actual: 35%. Oportunitat de capturar 1449€ de quota de mercat.,2025-12-30,,,0.22705687479126901,televenda,764
1000079341,Anestesia,Commodities,finestra_captura,promiscu,127,204.0,0.0,0.348,2223.12,1448.74,alta,Client promiscu de Anestesia. Cicle habitual: 204 dies. La seva finestra de compra és ARA (retard: 0 dies). Share of wallet actual: 35%. Oportunitat de capturar 1449€ de quota de mercat.,2025-12-30,,,0.22705687479126901,televenda,765
12562,Anestesia,Commodities,finestra_captura,promiscu,26,560.0,0.0,0.348,2223.12,1448.74,alta,Client promiscu de Anestesia. Cicle habitual: 560 dies. La seva finestra de compra és ARA (retard: 0 dies). Share of wallet actual: 35%. Oportunitat de capturar 1449€ de quota de mercat.,2025-12-30,,,0.22705687479126901,televenda,766
23807,Anestesia,Commodities,finestra_captura,promiscu,48,539.0,0.0,0.351,2223.12,1442.42,alta,Client promiscu de Anestesia. Cicle habitual: 539 dies. La seva finestra de compra és ARA (retard: 0 dies). Share of wallet actual: 35%. Oportunitat de capturar 1442€ de quota de mercat.,2025-12-30,,,0.226920595481374,televenda,767
1000081302,Anestesia,Commodities,finestra_captura,promiscu,168,774.0,0.0,0.351,2223.12,1442.42,alta,Client promiscu de Anestesia. Cicle habitual: 774 dies. La seva finestra de compra és ARA (retard: 0 dies). Share of wallet actual: 35%. Oportunitat de capturar 1442€ de quota de mercat.,2025-12-30,,,0.226920595481374,televenda,768
1000078025,Anestesia,Commodities,finestra_captura,promiscu,173,314.0,0.0,0.351,2223.12,1442.42,alta,Client promiscu de Anestesia. Cicle habitual: 314 dies. La seva finestra de compra és ARA (retard: 0 dies). Share of wallet actual: 35%. Oportunitat de capturar 1442€ de quota de mercat.,2025-12-30,,,0.226920595481374,televenda,769
1000037659,Anestesia,Commodities,finestra_captura,promiscu,224,239.0,0.0,0.203,1802.36,1435.86,alta,Client promiscu de Anestesia. Cicle habitual: 239 dies. La seva finestra de compra és ARA (retard: 0 dies). Share of wallet actual: 20%. Oportunitat de capturar 1436€ de quota de mercat.,2025-12-30,,,0.22677850843379657,televenda,770
26384,Anestesia,Commodities,finestra_captura,promiscu,237,780.0,0.0,0.203,1802.36,1435.86,alta,Client promiscu de Anestesia. Cicle habitual: 780 dies. La seva finestra de compra és ARA (retard: 0 dies). Share of wallet actual: 20%. Oportunitat de capturar 1436€ de quota de mercat.,2025-12-30,,,0.22677850843379657,televenda,771
22975,Anestesia,Commodities,finestra_captura,promiscu,19,297.0,0.0,0.203,1802.36,1435.86,alta,Client promiscu de Anestesia. Cicle habitual: 297 dies. La seva finestra de compra és ARA (retard: 0 dies). Share of wallet actual: 20%. Oportunitat de capturar 1436€ de quota de mercat.,2025-12-30,,,0.22677850843379657,televenda,772
4139,Anestesia,Commodities,finestra_captura,promiscu,202,266.0,0.0,0.203,1802.36,1435.86,alta,Client promiscu de Anestesia. Cicle habitual: 266 dies. La seva finestra de compra és ARA (retard: 0 dies). Share of wallet actual: 20%. Oportunitat de capturar 1436€ de quota de mercat.,2025-12-30,,,0.22677850843379657,televenda,773
13107,Anestesia,Commodities,finestra_captura,promiscu,273,328.0,0.0,0.203,1802.36,1435.86,alta,Client promiscu de Anestesia. Cicle habitual: 328 dies. La seva finestra de compra és ARA (retard: 0 dies). Share of wallet actual: 20%. Oportunitat de capturar 1436€ de quota de mercat.,2025-12-30,,,0.22677850843379657,televenda,774
39879,Anestesia,Commodities,finestra_captura,promiscu,28,224.0,0.0,0.355,2223.12,1433.44,alta,Client promiscu de Anestesia. Cicle habitual: 224 dies. La seva finestra de compra és ARA (retard: 0 dies). Share of wallet actual: 36%. Oportunitat de capturar 1433€ de quota de mercat.,2025-12-30,,,0.22672592832184021,televenda,775
37877,Anestesia,Commodities,finestra_captura,promiscu,61,376.0,0.0,0.206,1802.36,1431.71,alta,Client promiscu de Anestesia. Cicle habitual: 376 dies. La seva finestra de compra és ARA (retard: 0 dies). Share of wallet actual: 21%. Oportunitat de capturar 1432€ de quota de mercat.,2025-12-30,,,0.22668828565794014,televenda,776
22547,Bioseguridad,Commodities,finestra_captura,promiscu,208,532.0,0.0,0.143,1667.34,1428.83,alta,Client promiscu de Bioseguridad. Cicle habitual: 532 dies. La seva finestra de compra és ARA (retard: 0 dies). Share of wallet actual: 14%. Oportunitat de capturar 1429€ de quota de mercat.,2025-12-30,,,0.22662551948069623,televenda,777
1000070907,Anestesia,Commodities,finestra_captura,promiscu,278,276.0,2.0,0.358,2223.12,1427.54,alta,Client promiscu de Anestesia. Cicle habitual: 276 dies. La seva finestra de compra és ARA (retard: 2 dies). Share of wallet actual: 36%. Oportunitat de capturar 1428€ de quota de mercat.,2025-12-30,,,0.22659736445660222,televenda,778
40417,Anestesia,Commodities,finestra_captura,promiscu,29,371.0,0.0,0.208,1802.36,1426.66,alta,Client promiscu de Anestesia. Cicle habitual: 371 dies. La seva finestra de compra és ARA (retard: 0 dies). Share of wallet actual: 21%. Oportunitat de capturar 1427€ de quota de mercat.,2025-12-30,,,0.22657814333706136,televenda,779
8260,Anestesia,Commodities,finestra_captura,promiscu,69,1618.0,0.0,0.359,2223.12,1425.88,alta,Client promiscu de Anestesia. Cicle habitual: 1618 dies. La seva finestra de compra és ARA (retard: 0 dies). Share of wallet actual: 36%. Oportunitat de capturar 1426€ de quota de mercat.,2025-12-30,,,0.2265610965282999,televenda,780
24853,Anestesia,Commodities,finestra_captura,promiscu,118,194.0,0.0,0.359,2223.12,1425.84,alta,Client promiscu de Anestesia. Cicle habitual: 194 dies. La seva finestra de compra és ARA (retard: 0 dies). Share of wallet actual: 36%. Oportunitat de capturar 1426€ de quota de mercat.,2025-12-30,,,0.22656022208180548,televenda,781
31263,Anestesia,Commodities,finestra_captura,promiscu,204,775.0,0.0,0.359,2223.12,1425.84,alta,Client promiscu de Anestesia. Cicle habitual: 775 dies. La seva finestra de compra és ARA (retard: 0 dies). Share of wallet actual: 36%. Oportunitat de capturar 1426€ de quota de mercat.,2025-12-30,,,0.22656022208180548,televenda,782
22282,Anestesia,Commodities,finestra_captura,promiscu,180,180.0,0.0,0.359,2223.12,1425.22,alta,Client promiscu de Anestesia. Cicle habitual: 180 dies. La seva finestra de compra és ARA (retard: 0 dies). Share of wallet actual: 36%. Oportunitat de capturar 1425€ de quota de mercat.,2025-12-30,,,0.2265466650254938,televenda,783
1000072485,Anestesia,Commodities,finestra_captura,promiscu,96,476.0,0.0,0.359,2223.12,1425.09,alta,Client promiscu de Anestesia. Cicle habitual: 476 dies. La seva finestra de compra és ARA (retard: 0 dies). Share of wallet actual: 36%. Oportunitat de capturar 1425€ de quota de mercat.,2025-12-30,,,0.2265438216695061,televenda,784
1000082659,Anestesia,Commodities,finestra_captura,promiscu,144,150.0,0.0,0.36,2223.12,1423.61,alta,Client promiscu de Anestesia. Cicle habitual: 150 dies. La seva finestra de compra és ARA (retard: 0 dies). Share of wallet actual: 36%. Oportunitat de capturar 1424€ de quota de mercat.,2025-12-30,,,0.2265114328702857,televenda,785
6956,Anestesia,Commodities,finestra_captura,promiscu,319,337.0,0.0,0.36,2223.12,1422.51,alta,Client promiscu de Anestesia. Cicle habitual: 337 dies. La seva finestra de compra és ARA (retard: 0 dies). Share of wallet actual: 36%. Oportunitat de capturar 1423€ de quota de mercat.,2025-12-30,,,0.22648733830851112,televenda,786
1000079954,Anestesia,Commodities,finestra_captura,promiscu,355,474.0,0.0,0.36,2223.12,1422.51,alta,Client promiscu de Anestesia. Cicle habitual: 474 dies. La seva finestra de compra és ARA (retard: 0 dies). Share of wallet actual: 36%. Oportunitat de capturar 1423€ de quota de mercat.,2025-12-30,,,0.22648733830851112,televenda,787
36037,Anestesia,Commodities,finestra_captura,promiscu,326,348.0,0.0,0.36,2223.12,1422.51,alta,Client promiscu de Anestesia. Cicle habitual: 348 dies. La seva finestra de compra és ARA (retard: 0 dies). Share of wallet actual: 36%. Oportunitat de capturar 1423€ de quota de mercat.,2025-12-30,,,0.22648733830851112,televenda,788
18873,Anestesia,Commodities,finestra_captura,promiscu,92,832.0,0.0,0.361,2223.12,1421.1,alta,Client promiscu de Anestesia. Cicle habitual: 832 dies. La seva finestra de compra és ARA (retard: 0 dies). Share of wallet actual: 36%. Oportunitat de capturar 1421€ de quota de mercat.,2025-12-30,,,0.22645642621785075,televenda,789
1000063323,Anestesia,Commodities,finestra_captura,promiscu,182,181.0,0.0,0.362,2223.12,1418.06,alta,Client promiscu de Anestesia. Cicle habitual: 181 dies. La seva finestra de compra és ARA (retard: 0 dies). Share of wallet actual: 36%. Oportunitat de capturar 1418€ de quota de mercat.,2025-12-30,,,0.22638967446625646,televenda,790
1000081327,Anestesia,Commodities,finestra_captura,promiscu,194,224.0,0.0,0.584,3410.04,1417.96,alta,Client promiscu de Anestesia. Cicle habitual: 224 dies. La seva finestra de compra és ARA (retard: 0 dies). Share of wallet actual: 58%. Oportunitat de capturar 1418€ de quota de mercat.,2025-12-30,,,0.22638747625636818,televenda,791
1000041136,Anestesia,Commodities,finestra_captura,promiscu,265,350.0,0.0,0.363,2223.12,1416.77,alta,Client promiscu de Anestesia. Cicle habitual: 350 dies. La seva finestra de compra és ARA (retard: 0 dies). Share of wallet actual: 36%. Oportunitat de capturar 1417€ de quota de mercat.,2025-12-30,,,0.22636130566153326,televenda,792
31066,Anestesia,Commodities,finestra_captura,promiscu,210,295.0,0.0,0.215,1802.36,1415.45,alta,Client promiscu de Anestesia. Cicle habitual: 295 dies. La seva finestra de compra és ARA (retard: 0 dies). Share of wallet actual: 21%. Oportunitat de capturar 1415€ de quota de mercat.,2025-12-30,,,0.2263322503850208,televenda,793
13629,Anestesia,Commodities,finestra_captura,promiscu,47,251.0,0.0,0.586,3410.04,1411.87,alta,Client promiscu de Anestesia. Cicle habitual: 251 dies. La seva finestra de compra és ARA (retard: 0 dies). Share of wallet actual: 59%. Oportunitat de capturar 1412€ de quota de mercat.,2025-12-30,,,0.22625331244341346,televenda,794
26287,Anestesia,Commodities,finestra_captura,promiscu,97,239.0,0.0,0.366,2223.12,1409.61,alta,Client promiscu de Anestesia. Cicle habitual: 239 dies. La seva finestra de compra és ARA (retard: 0 dies). Share of wallet actual: 37%. Oportunitat de capturar 1410€ de quota de mercat.,2025-12-30,,,0.22620337705586913,televenda,795
1000041657,Anestesia,Commodities,finestra_captura,promiscu,28,795.0,0.0,0.368,2223.12,1404.46,alta,Client promiscu de Anestesia. Cicle habitual: 795 dies. La seva finestra de compra és ARA (retard: 0 dies). Share of wallet actual: 37%. Oportunitat de capturar 1404€ de quota de mercat.,2025-12-30,,,0.22608928671548756,televenda,796
1000076472,Anestesia,Commodities,finestra_captura,promiscu,193,290.0,0.0,0.369,2223.12,1402.07,alta,Client promiscu de Anestesia. Cicle habitual: 290 dies. La seva finestra de compra és ARA (retard: 0 dies). Share of wallet actual: 37%. Oportunitat de capturar 1402€ de quota de mercat.,2025-12-30,,,0.22603619783745657,televenda,797
41814,Anestesia,Commodities,finestra_captura,promiscu,174,245.0,0.0,0.37,2223.12,1400.32,alta,Client promiscu de Anestesia. Cicle habitual: 245 dies. La seva finestra de compra és ARA (retard: 0 dies). Share of wallet actual: 37%. Oportunitat de capturar 1400€ de quota de mercat.,2025-12-30,,,0.22599726784640706,televenda,798
149,Anestesia,Commodities,finestra_captura,promiscu,251,302.0,0.0,0.371,2223.12,1398.49,alta,Client promiscu de Anestesia. Cicle habitual: 302 dies. La seva finestra de compra és ARA (retard: 0 dies). Share of wallet actual: 37%. Oportunitat de capturar 1398€ de quota de mercat.,2025-12-30,,,0.2259565061629748,televenda,799
1000061575,Anestesia,Commodities,finestra_captura,promiscu,194,534.0,0.0,0.371,2223.12,1398.49,alta,Client promiscu de Anestesia. Cicle habitual: 534 dies. La seva finestra de compra és ARA (retard: 0 dies). Share of wallet actual: 37%. Oportunitat de capturar 1398€ de quota de mercat.,2025-12-30,,,0.2259565061629748,televenda,800
23072,Anestesia,Commodities,finestra_captura,promiscu,224,616.0,0.0,0.371,2223.12,1398.49,alta,Client promiscu de Anestesia. Cicle habitual: 616 dies. La seva finestra de compra és ARA (retard: 0 dies). Share of wallet actual: 37%. Oportunitat de capturar 1398€ de quota de mercat.,2025-12-30,,,0.2259565061629748,televenda,801
28175,Anestesia,Commodities,finestra_captura,promiscu,117,361.0,0.0,0.371,2223.12,1398.49,alta,Client promiscu de Anestesia. Cicle habitual: 361 dies. La seva finestra de compra és ARA (retard: 0 dies). Share of wallet actual: 37%. Oportunitat de capturar 1398€ de quota de mercat.,2025-12-30,,,0.2259565061629748,televenda,802
1000070758,Anestesia,Commodities,finestra_captura,promiscu,252,332.0,0.0,0.371,2223.12,1398.49,alta,Client promiscu de Anestesia. Cicle habitual: 332 dies. La seva finestra de compra és ARA (retard: 0 dies). Share of wallet actual: 37%. Oportunitat de capturar 1398€ de quota de mercat.,2025-12-30,,,0.2259565061629748,televenda,803
3180,Anestesia,Commodities,finestra_captura,promiscu,217,231.0,0.0,0.371,2223.12,1398.49,alta,Client promiscu de Anestesia. Cicle habitual: 231 dies. La seva finestra de compra és ARA (retard: 0 dies). Share of wallet actual: 37%. Oportunitat de capturar 1398€ de quota de mercat.,2025-12-30,,,0.2259565061629748,televenda,804
1000081682,Anestesia,Commodities,finestra_captura,promiscu,210,260.0,0.0,0.371,2223.12,1398.49,alta,Client promiscu de Anestesia. Cicle habitual: 260 dies. La seva finestra de compra és ARA (retard: 0 dies). Share of wallet actual: 37%. Oportunitat de capturar 1398€ de quota de mercat.,2025-12-30,,,0.2259565061629748,televenda,805
8896,Anestesia,Commodities,finestra_captura,promiscu,271,286.0,0.0,0.371,2223.12,1398.49,alta,Client promiscu de Anestesia. Cicle habitual: 286 dies. La seva finestra de compra és ARA (retard: 0 dies). Share of wallet actual: 37%. Oportunitat de capturar 1398€ de quota de mercat.,2025-12-30,,,0.2259565061629748,televenda,806
1000079099,Anestesia,Commodities,finestra_captura,promiscu,266,682.0,0.0,0.371,2223.12,1398.49,alta,Client promiscu de Anestesia. Cicle habitual: 682 dies. La seva finestra de compra és ARA (retard: 0 dies). Share of wallet actual: 37%. Oportunitat de capturar 1398€ de quota de mercat.,2025-12-30,,,0.2259565061629748,televenda,807
13844,Anestesia,Commodities,finestra_captura,promiscu,232,255.0,0.0,0.371,2223.12,1398.49,alta,Client promiscu de Anestesia. Cicle habitual: 255 dies. La seva finestra de compra és ARA (retard: 0 dies). Share of wallet actual: 37%. Oportunitat de capturar 1398€ de quota de mercat.,2025-12-30,,,0.2259565061629748,televenda,808
35410,Anestesia,Commodities,finestra_captura,promiscu,172,672.0,0.0,0.371,2223.12,1398.49,alta,Client promiscu de Anestesia. Cicle habitual: 672 dies. La seva finestra de compra és ARA (retard: 0 dies). Share of wallet actual: 37%. Oportunitat de capturar 1398€ de quota de mercat.,2025-12-30,,,0.2259565061629748,televenda,809
1000077453,Anestesia,Commodities,finestra_captura,promiscu,147,389.0,0.0,0.371,2223.12,1398.49,alta,Client promiscu de Anestesia. Cicle habitual: 389 dies. La seva finestra de compra és ARA (retard: 0 dies). Share of wallet actual: 37%. Oportunitat de capturar 1398€ de quota de mercat.,2025-12-30,,,0.2259565061629748,televenda,810
37311,Anestesia,Commodities,finestra_captura,promiscu,201,538.0,0.0,0.371,2223.12,1398.49,alta,Client promiscu de Anestesia. Cicle habitual: 538 dies. La seva finestra de compra és ARA (retard: 0 dies). Share of wallet actual: 37%. Oportunitat de capturar 1398€ de quota de mercat.,2025-12-30,,,0.2259565061629748,televenda,811
29605,Anestesia,Commodities,finestra_captura,promiscu,207,351.0,0.0,0.371,2223.12,1398.49,alta,Client promiscu de Anestesia. Cicle habitual: 351 dies. La seva finestra de compra és ARA (retard: 0 dies). Share of wallet actual: 37%. Oportunitat de capturar 1398€ de quota de mercat.,2025-12-30,,,0.2259565061629748,televenda,812
26633,Bioseguridad,Commodities,finestra_captura,promiscu,54,174.0,0.0,0.162,1667.34,1397.3,alta,Client promiscu de Bioseguridad. Cicle habitual: 174 dies. La seva finestra de compra és ARA (retard: 0 dies). Share of wallet actual: 16%. Oportunitat de capturar 1397€ de quota de mercat.,2025-12-30,,,0.2259299713224013,televenda,813
35135,Anestesia,Commodities,finestra_captura,promiscu,258,281.0,0.0,0.591,3410.04,1394.73,alta,Client promiscu de Anestesia. Cicle habitual: 281 dies. La seva finestra de compra és ARA (retard: 0 dies). Share of wallet actual: 59%. Oportunitat de capturar 1395€ de quota de mercat.,2025-12-30,,,0.22587258785466263,televenda,814
1000077587,Anestesia,Commodities,finestra_captura,promiscu,89,325.0,0.0,0.228,1802.36,1391.02,alta,Client promiscu de Anestesia. Cicle habitual: 325 dies. La seva finestra de compra és ARA (retard: 0 dies). Share of wallet actual: 23%. Oportunitat de capturar 1391€ de quota de mercat.,2025-12-30,,,0.22578956360675378,televenda,815
16680,Anestesia,Commodities,finestra_captura,promiscu,239,322.0,0.0,0.228,1802.36,1391.02,alta,Client promiscu de Anestesia. Cicle habitual: 322 dies. La seva finestra de compra és ARA (retard: 0 dies). Share of wallet actual: 23%. Oportunitat de capturar 1391€ de quota de mercat.,2025-12-30,,,0.22578956360675378,televenda,816
2959,Anestesia,Commodities,finestra_captura,promiscu,200,356.0,0.0,0.375,2223.12,1390.3,alta,Client promiscu de Anestesia. Cicle habitual: 356 dies. La seva finestra de compra és ARA (retard: 0 dies). Share of wallet actual: 37%. Oportunitat de capturar 1390€ de quota de mercat.,2025-12-30,,,0.22577342544833215,televenda,817
2525,Anestesia,Commodities,finestra_captura,promiscu,214,298.0,0.0,0.376,2223.12,1387.38,alta,Client promiscu de Anestesia. Cicle habitual: 298 dies. La seva finestra de compra és ARA (retard: 0 dies). Share of wallet actual: 38%. Oportunitat de capturar 1387€ de quota de mercat.,2025-12-30,,,0.2257078905217068,televenda,818
1000072864,Anestesia,Commodities,finestra_captura,promiscu,28,1308.0,0.0,0.232,1802.36,1383.92,alta,Client promiscu de Anestesia. Cicle habitual: 1308 dies. La seva finestra de compra és ARA (retard: 0 dies). Share of wallet actual: 23%. Oportunitat de capturar 1384€ de quota de mercat.,2025-12-30,,,0.2256300574659964,televenda,819
28408,Anestesia,Commodities,finestra_captura,promiscu,349,403.0,0.0,0.381,2223.12,1376.7,alta,Client promiscu de Anestesia. Cicle habitual: 403 dies. La seva finestra de compra és ARA (retard: 0 dies). Share of wallet actual: 38%. Oportunitat de capturar 1377€ de quota de mercat.,2025-12-30,,,0.2254670146591015,televenda,820
37627,Anestesia,Commodities,finestra_captura,promiscu,153,162.0,0.0,0.381,2223.12,1376.45,alta,Client promiscu de Anestesia. Cicle habitual: 162 dies. La seva finestra de compra és ARA (retard: 0 dies). Share of wallet actual: 38%. Oportunitat de capturar 1376€ de quota de mercat.,2025-12-30,,,0.22546135383878171,televenda,821
12008,Anestesia,Commodities,finestra_captura,promiscu,340,670.0,0.0,0.239,1802.36,1372.34,alta,Client promiscu de Anestesia. Cicle habitual: 670 dies. La seva finestra de compra és ARA (retard: 0 dies). Share of wallet actual: 24%. Oportunitat de capturar 1372€ de quota de mercat.,2025-12-30,,,0.22536814237743277,televenda,822
23388,Anestesia,Commodities,finestra_captura,promiscu,182,381.0,0.0,0.383,2223.12,1371.02,alta,Client promiscu de Anestesia. Cicle habitual: 381 dies. La seva finestra de compra és ARA (retard: 0 dies). Share of wallet actual: 38%. Oportunitat de capturar 1371€ de quota de mercat.,2025-12-30,,,0.2253381466587697,televenda,823
1000080980,Anestesia,Commodities,finestra_captura,promiscu,119,318.0,0.0,0.383,2223.12,1371.02,alta,Client promiscu de Anestesia. Cicle habitual: 318 dies. La seva finestra de compra és ARA (retard: 0 dies). Share of wallet actual: 38%. Oportunitat de capturar 1371€ de quota de mercat.,2025-12-30,,,0.2253381466587697,televenda,824
25889,Bioseguridad,Commodities,finestra_captura,promiscu,287,499.0,0.0,0.179,1667.34,1369.2,alta,Client promiscu de Bioseguridad. Cicle habitual: 499 dies. La seva finestra de compra és ARA (retard: 0 dies). Share of wallet actual: 18%. Oportunitat de capturar 1369€ de quota de mercat.,2025-12-30,,,0.22529674156558357,televenda,825
1000077678,Anestesia,Commodities,finestra_captura,promiscu,208,217.0,0.0,0.384,2223.12,1368.51,alta,Client promiscu de Anestesia. Cicle habitual: 217 dies. La seva finestra de compra és ARA (retard: 0 dies). Share of wallet actual: 38%. Oportunitat de capturar 1369€ de quota de mercat.,2025-12-30,,,0.22528102965084848,televenda,826
1000075602,Anestesia,Commodities,finestra_captura,promiscu,252,280.0,0.0,0.385,2223.12,1367.62,alta,Client promiscu de Anestesia. Cicle habitual: 280 dies. La seva finestra de compra és ARA (retard: 0 dies). Share of wallet actual: 38%. Oportunitat de capturar 1368€ de quota de mercat.,2025-12-30,,,0.22526075186337557,televenda,827
1000061020,Anestesia,Commodities,finestra_captura,promiscu,174,265.0,0.0,0.385,2223.12,1366.78,alta,Client promiscu de Anestesia. Cicle habitual: 265 dies. La seva finestra de compra és ARA (retard: 0 dies). Share of wallet actual: 39%. Oportunitat de capturar 1367€ de quota de mercat.,2025-12-30,,,0.2252416011777698,televenda,828
11388,Anestesia,Commodities,finestra_captura,promiscu,13,432.0,0.0,0.386,2223.12,1366.08,alta,Client promiscu de Anestesia. Cicle habitual: 432 dies. La seva finestra de compra és ARA (retard: 0 dies). Share of wallet actual: 39%. Oportunitat de capturar 1366€ de quota de mercat.,2025-12-30,,,0.22522563328679004,televenda,829
42109,Bioseguridad,Commodities,finestra_captura,promiscu,82,707.0,0.0,0.181,1667.34,1365.43,alta,Client promiscu de Bioseguridad. Cicle habitual: 707 dies. La seva finestra de compra és ARA (retard: 0 dies). Share of wallet actual: 18%. Oportunitat de capturar 1365€ de quota de mercat.,2025-12-30,,,0.2252107986367162,televenda,830
14557,Anestesia,Commodities,finestra_captura,promiscu,284,332.0,0.0,0.386,2223.12,1364.89,alta,Client promiscu de Anestesia. Cicle habitual: 332 dies. La seva finestra de compra és ARA (retard: 0 dies). Share of wallet actual: 39%. Oportunitat de capturar 1365€ de quota de mercat.,2025-12-30,,,0.2251984690984444,televenda,831
37961,Bioseguridad,Commodities,finestra_captura,promiscu,320,542.0,0.0,0.182,1667.34,1363.54,alta,Client promiscu de Bioseguridad. Cicle habitual: 542 dies. La seva finestra de compra és ARA (retard: 0 dies). Share of wallet actual: 18%. Oportunitat de capturar 1364€ de quota de mercat.,2025-12-30,,,0.22516762391442827,televenda,832
1000082766,Bioseguridad,Commodities,finestra_captura,promiscu,41,1030.0,0.0,0.182,1667.34,1363.54,alta,Client promiscu de Bioseguridad. Cicle habitual: 1030 dies. La seva finestra de compra és ARA (retard: 0 dies). Share of wallet actual: 18%. Oportunitat de capturar 1364€ de quota de mercat.,2025-12-30,,,0.22516762391442827,televenda,833
1000059893,Bioseguridad,Commodities,finestra_captura,promiscu,306,897.0,0.0,0.182,1667.34,1363.54,alta,Client promiscu de Bioseguridad. Cicle habitual: 897 dies. La seva finestra de compra és ARA (retard: 0 dies). Share of wallet actual: 18%. Oportunitat de capturar 1364€ de quota de mercat.,2025-12-30,,,0.22516762391442827,televenda,834
1073,Anestesia,Commodities,finestra_captura,promiscu,25,568.0,0.0,0.244,1802.36,1362.57,alta,Client promiscu de Anestesia. Cicle habitual: 568 dies. La seva finestra de compra és ARA (retard: 0 dies). Share of wallet actual: 24%. Oportunitat de capturar 1363€ de quota de mercat.,2025-12-30,,,0.2251454422319787,televenda,835
15484,Anestesia,Commodities,finestra_captura,promiscu,96,280.0,0.0,0.387,2223.12,1361.75,alta,Client promiscu de Anestesia. Cicle habitual: 280 dies. La seva finestra de compra és ARA (retard: 0 dies). Share of wallet actual: 39%. Oportunitat de capturar 1362€ de quota de mercat.,2025-12-30,,,0.2251266783952819,televenda,836
1000076390,Anestesia,Commodities,finestra_captura,promiscu,70,428.0,0.0,0.387,2223.12,1361.75,alta,Client promiscu de Anestesia. Cicle habitual: 428 dies. La seva finestra de compra és ARA (retard: 0 dies). Share of wallet actual: 39%. Oportunitat de capturar 1362€ de quota de mercat.,2025-12-30,,,0.2251266783952819,televenda,837
10783,Anestesia,Commodities,finestra_captura,promiscu,343,366.0,0.0,0.246,1802.36,1359.52,alta,Client promiscu de Anestesia. Cicle habitual: 366 dies. La seva finestra de compra és ARA (retard: 0 dies). Share of wallet actual: 25%. Oportunitat de capturar 1360€ de quota de mercat.,2025-12-30,,,0.22507559275194822,televenda,838
1000073640,Anestesia,Commodities,finestra_captura,promiscu,348,451.0,0.0,0.246,1802.36,1359.52,alta,Client promiscu de Anestesia. Cicle habitual: 451 dies. La seva finestra de compra és ARA (retard: 0 dies). Share of wallet actual: 25%. Oportunitat de capturar 1360€ de quota de mercat.,2025-12-30,,,0.22507559275194822,televenda,839
1000065814,Anestesia,Commodities,finestra_captura,promiscu,28,400.0,0.0,0.246,1802.36,1359.43,alta,Client promiscu de Anestesia. Cicle habitual: 400 dies. La seva finestra de compra és ARA (retard: 0 dies). Share of wallet actual: 25%. Oportunitat de capturar 1359€ de quota de mercat.,2025-12-30,,,0.22507352924204763,televenda,840
14240,Anestesia,Commodities,finestra_captura,promiscu,294,469.0,0.0,0.246,1802.36,1359.43,alta,Client promiscu de Anestesia. Cicle habitual: 469 dies. La seva finestra de compra és ARA (retard: 0 dies). Share of wallet actual: 25%. Oportunitat de capturar 1359€ de quota de mercat.,2025-12-30,,,0.22507352924204763,televenda,841
9662,Anestesia,Commodities,finestra_captura,promiscu,237,366.0,0.0,0.246,1802.36,1358.18,alta,Client promiscu de Anestesia. Cicle habitual: 366 dies. La seva finestra de compra és ARA (retard: 0 dies). Share of wallet actual: 25%. Oportunitat de capturar 1358€ de quota de mercat.,2025-12-30,,,0.22504485525908785,televenda,842
1000080539,Anestesia,Commodities,finestra_captura,promiscu,183,192.0,0.0,0.392,2223.12,1352.03,alta,Client promiscu de Anestesia. Cicle habitual: 192 dies. La seva finestra de compra és ARA (retard: 0 dies). Share of wallet actual: 39%. Oportunitat de capturar 1352€ de quota de mercat.,2025-12-30,,,0.22490339411836602,televenda,843
11981,Anestesia,Commodities,finestra_captura,promiscu,207,484.0,0.0,0.392,2223.12,1351.89,alta,Client promiscu de Anestesia. Cicle habitual: 484 dies. La seva finestra de compra és ARA (retard: 0 dies). Share of wallet actual: 39%. Oportunitat de capturar 1352€ de quota de mercat.,2025-12-30,,,0.2249001663846998,televenda,844
29229,Anestesia,Commodities,finestra_captura,promiscu,203,205.0,0.0,0.392,2223.12,1350.8,alta,Client promiscu de Anestesia. Cicle habitual: 205 dies. La seva finestra de compra és ARA (retard: 0 dies). Share of wallet actual: 39%. Oportunitat de capturar 1351€ de quota de mercat.,2025-12-30,,,0.22487502474288945,televenda,845
23206,Anestesia,Commodities,finestra_captura,promiscu,316,587.0,0.0,0.252,1802.36,1348.7,alta,Client promiscu de Anestesia. Cicle habitual: 587 dies. La seva finestra de compra és ARA (retard: 0 dies). Share of wallet actual: 25%. Oportunitat de capturar 1349€ de quota de mercat.,2025-12-30,,,0.2248265295133865,televenda,846
1000064986,Anestesia,Commodities,finestra_captura,promiscu,341,349.0,0.0,0.252,1802.36,1348.69,alta,Client promiscu de Anestesia. Cicle habitual: 349 dies. La seva finestra de compra és ARA (retard: 0 dies). Share of wallet actual: 25%. Oportunitat de capturar 1349€ de quota de mercat.,2025-12-30,,,0.22482629840326068,televenda,847
1000082247,Bioseguridad,Commodities,finestra_captura,promiscu,132,427.0,0.0,0.393,2223.12,1348.57,alta,Client promiscu de Bioseguridad. Cicle habitual: 427 dies. La seva finestra de compra és ARA (retard: 0 dies). Share of wallet actual: 39%. Oportunitat de capturar 1349€ de quota de mercat.,2025-12-30,,,0.22482352494818253,televenda,848
21517,Anestesia,Commodities,finestra_captura,promiscu,151,194.0,0.0,0.253,1802.36,1346.25,alta,Client promiscu de Anestesia. Cicle habitual: 194 dies. La seva finestra de compra és ARA (retard: 0 dies). Share of wallet actual: 25%. Oportunitat de capturar 1346€ de quota de mercat.,2025-12-30,,,0.22476985628961715,televenda,849
1000082745,Anestesia,Commodities,finestra_captura,promiscu,82,179.0,0.0,0.253,1802.36,1346.25,alta,Client promiscu de Anestesia. Cicle habitual: 179 dies. La seva finestra de compra és ARA (retard: 0 dies). Share of wallet actual: 25%. Oportunitat de capturar 1346€ de quota de mercat.,2025-12-30,,,0.22476985628961715,televenda,850
1000073690,Anestesia,Commodities,finestra_captura,promiscu,270,460.0,0.0,0.253,1802.36,1346.06,alta,Client promiscu de Anestesia. Cicle habitual: 460 dies. La seva finestra de compra és ARA (retard: 0 dies). Share of wallet actual: 25%. Oportunitat de capturar 1346€ de quota de mercat.,2025-12-30,,,0.22476545691801322,televenda,851
12372,Bioseguridad,Commodities,finestra_captura,promiscu,20,290.0,0.0,0.194,1667.34,1343.29,alta,Client promiscu de Bioseguridad. Cicle habitual: 290 dies. La seva finestra de compra és ARA (retard: 0 dies). Share of wallet actual: 19%. Oportunitat de capturar 1343€ de quota de mercat.,2025-12-30,,,0.22470124814791032,televenda,852
37753,Bioseguridad,Commodities,finestra_captura,promiscu,68,634.0,0.0,0.194,1667.34,1343.29,alta,Client promiscu de Bioseguridad. Cicle habitual: 634 dies. La seva finestra de compra és ARA (retard: 0 dies). Share of wallet actual: 19%. Oportunitat de capturar 1343€ de quota de mercat.,2025-12-30,,,0.22470124814791032,televenda,853
40897,Bioseguridad,Commodities,finestra_captura,promiscu,91,652.0,0.0,0.194,1667.34,1343.29,alta,Client promiscu de Bioseguridad. Cicle habitual: 652 dies. La seva finestra de compra és ARA (retard: 0 dies). Share of wallet actual: 19%. Oportunitat de capturar 1343€ de quota de mercat.,2025-12-30,,,0.22470124814791032,televenda,854
8929,Bioseguridad,Commodities,finestra_captura,promiscu,15,796.0,0.0,0.194,1667.34,1343.29,alta,Client promiscu de Bioseguridad. Cicle habitual: 796 dies. La seva finestra de compra és ARA (retard: 0 dies). Share of wallet actual: 19%. Oportunitat de capturar 1343€ de quota de mercat.,2025-12-30,,,0.22470124814791032,televenda,855
12382,Bioseguridad,Commodities,finestra_captura,promiscu,195,657.0,0.0,0.194,1667.34,1343.29,alta,Client promiscu de Bioseguridad. Cicle habitual: 657 dies. La seva finestra de compra és ARA (retard: 0 dies). Share of wallet actual: 19%. Oportunitat de capturar 1343€ de quota de mercat.,2025-12-30,,,0.22470124814791032,televenda,856
1000064516,Bioseguridad,Commodities,finestra_captura,promiscu,74,337.0,0.0,0.194,1667.34,1343.29,alta,Client promiscu de Bioseguridad. Cicle habitual: 337 dies. La seva finestra de compra és ARA (retard: 0 dies). Share of wallet actual: 19%. Oportunitat de capturar 1343€ de quota de mercat.,2025-12-30,,,0.22470124814791032,televenda,857
1000070274,Bioseguridad,Commodities,finestra_captura,promiscu,225,440.0,0.0,0.194,1667.34,1343.29,alta,Client promiscu de Bioseguridad. Cicle habitual: 440 dies. La seva finestra de compra és ARA (retard: 0 dies). Share of wallet actual: 19%. Oportunitat de capturar 1343€ de quota de mercat.,2025-12-30,,,0.22470124814791032,televenda,858
28269,Anestesia,Commodities,finestra_captura,promiscu,200,254.0,0.0,0.606,3410.04,1343.04,alta,Client promiscu de Anestesia. Cicle habitual: 254 dies. La seva finestra de compra és ARA (retard: 0 dies). Share of wallet actual: 61%. Oportunitat de capturar 1343€ de quota de mercat.,2025-12-30,,,0.2246954466246203,televenda,859
1000082324,Anestesia,Commodities,finestra_captura,promiscu,76,358.0,0.0,0.606,3410.04,1343.04,alta,Client promiscu de Anestesia. Cicle habitual: 358 dies. La seva finestra de compra és ARA (retard: 0 dies). Share of wallet actual: 61%. Oportunitat de capturar 1343€ de quota de mercat.,2025-12-30,,,0.2246954466246203,televenda,860
1000080443,Anestesia,Commodities,finestra_captura,promiscu,81,184.0,0.0,0.606,3410.04,1343.04,alta,Client promiscu de Anestesia. Cicle habitual: 184 dies. La seva finestra de compra és ARA (retard: 0 dies). Share of wallet actual: 61%. Oportunitat de capturar 1343€ de quota de mercat.,2025-12-30,,,0.2246954466246203,televenda,861
24513,Anestesia,Commodities,finestra_captura,promiscu,245,387.0,0.0,0.606,3410.04,1343.04,alta,Client promiscu de Anestesia. Cicle habitual: 387 dies. La seva finestra de compra és ARA (retard: 0 dies). Share of wallet actual: 61%. Oportunitat de capturar 1343€ de quota de mercat.,2025-12-30,,,0.2246954466246203,televenda,862
39475,Anestesia,Commodities,finestra_captura,promiscu,117,274.0,0.0,0.397,2223.12,1340.24,alta,Client promiscu de Anestesia. Cicle habitual: 274 dies. La seva finestra de compra és ARA (retard: 0 dies). Share of wallet actual: 40%. Oportunitat de capturar 1340€ de quota de mercat.,2025-12-30,,,0.22463039573801138,televenda,863
1000082743,Anestesia,Commodities,finestra_captura,promiscu,29,552.0,0.0,0.398,2223.12,1337.26,alta,Client promiscu de Anestesia. Cicle habitual: 552 dies. La seva finestra de compra és ARA (retard: 0 dies). Share of wallet actual: 40%. Oportunitat de capturar 1337€ de quota de mercat.,2025-12-30,,,0.22456101366200545,televenda,864
1000080576,Anestesia,Commodities,finestra_captura,promiscu,28,198.0,0.0,0.398,2223.12,1337.26,alta,Client promiscu de Anestesia. Cicle habitual: 198 dies. La seva finestra de compra és ARA (retard: 0 dies). Share of wallet actual: 40%. Oportunitat de capturar 1337€ de quota de mercat.,2025-12-30,,,0.22456101366200545,televenda,865
1000066520,Anestesia,Commodities,finestra_captura,promiscu,95,149.0,0.0,0.399,2223.12,1336.29,alta,Client promiscu de Anestesia. Cicle habitual: 149 dies. La seva finestra de compra és ARA (retard: 0 dies). Share of wallet actual: 40%. Oportunitat de capturar 1336€ de quota de mercat.,2025-12-30,,,0.22453839623014707,televenda,866
1000101015,Anestesia,Commodities,finestra_captura,promiscu,266,357.0,0.0,0.259,1802.36,1335.07,alta,Client promiscu de Anestesia. Cicle habitual: 357 dies. La seva finestra de compra és ARA (retard: 0 dies). Share of wallet actual: 26%. Oportunitat de capturar 1335€ de quota de mercat.,2025-12-30,,,0.22450992625921076,televenda,867
1000079338,Anestesia,Commodities,finestra_captura,promiscu,342,434.0,0.0,0.261,1802.36,1331.87,alta,Client promiscu de Anestesia. Cicle habitual: 434 dies. La seva finestra de compra és ARA (retard: 0 dies). Share of wallet actual: 26%. Oportunitat de capturar 1332€ de quota de mercat.,2025-12-30,,,0.22443512722601996,televenda,868
1000078381,Anestesia,Commodities,finestra_captura,promiscu,68,313.0,0.0,0.401,2223.12,1330.61,alta,Client promiscu de Anestesia. Cicle habitual: 313 dies. La seva finestra de compra és ARA (retard: 0 dies). Share of wallet actual: 40%. Oportunitat de capturar 1331€ de quota de mercat.,2025-12-30,,,0.22440562581954374,televenda,869
31862,Anestesia,Commodities,finestra_captura,promiscu,214,230.0,0.0,0.402,2223.12,1329.79,alta,Client promiscu de Anestesia. Cicle habitual: 230 dies. La seva finestra de compra és ARA (retard: 0 dies). Share of wallet actual: 40%. Oportunitat de capturar 1330€ de quota de mercat.,2025-12-30,,,0.22438641149286925,televenda,870
13322,Anestesia,Commodities,finestra_captura,promiscu,280,471.0,0.0,0.402,2223.12,1329.79,alta,Client promiscu de Anestesia. Cicle habitual: 471 dies. La seva finestra de compra és ARA (retard: 0 dies). Share of wallet actual: 40%. Oportunitat de capturar 1330€ de quota de mercat.,2025-12-30,,,0.22438641149286925,televenda,871
13810,Anestesia,Commodities,finestra_captura,promiscu,235,304.0,0.0,0.402,2223.12,1329.79,alta,Client promiscu de Anestesia. Cicle habitual: 304 dies. La seva finestra de compra és ARA (retard: 0 dies). Share of wallet actual: 40%. Oportunitat de capturar 1330€ de quota de mercat.,2025-12-30,,,0.22438641149286925,televenda,872
11414,Anestesia,Commodities,finestra_captura,promiscu,97,342.0,0.0,0.262,1802.36,1329.76,alta,Client promiscu de Anestesia. Cicle habitual: 342 dies. La seva finestra de compra és ARA (retard: 0 dies). Share of wallet actual: 26%. Oportunitat de capturar 1330€ de quota de mercat.,2025-12-30,,,0.22438570830522014,televenda,873
34676,Anestesia,Commodities,finestra_captura,promiscu,89,388.0,0.0,0.404,2223.12,1325.9,alta,Client promiscu de Anestesia. Cicle habitual: 388 dies. La seva finestra de compra és ARA (retard: 0 dies). Share of wallet actual: 40%. Oportunitat de capturar 1326€ de quota de mercat.,2025-12-30,,,0.22429509900033093,televenda,874
26221,Anestesia,Commodities,finestra_captura,promiscu,237,475.0,0.0,0.404,2223.12,1325.9,alta,Client promiscu de Anestesia. Cicle habitual: 475 dies. La seva finestra de compra és ARA (retard: 0 dies). Share of wallet actual: 40%. Oportunitat de capturar 1326€ de quota de mercat.,2025-12-30,,,0.22429509900033093,televenda,875
18341,Anestesia,Commodities,finestra_captura,promiscu,57,244.0,0.0,0.269,1802.36,1317.73,alta,Client promiscu de Anestesia. Cicle habitual: 244 dies. La seva finestra de compra és ARA (retard: 0 dies). Share of wallet actual: 27%. Oportunitat de capturar 1318€ de quota de mercat.,2025-12-30,,,0.2241024445972819,televenda,876
20780,Anestesia,Commodities,finestra_captura,promiscu,159,378.0,0.0,0.407,2223.12,1317.29,alta,Client promiscu de Anestesia. Cicle habitual: 378 dies. La seva finestra de compra és ARA (retard: 0 dies). Share of wallet actual: 41%. Oportunitat de capturar 1317€ de quota de mercat.,2025-12-30,,,0.22409203524118962,televenda,877
1000058746,Anestesia,Commodities,finestra_captura,promiscu,21,268.0,0.0,0.408,2223.12,1316.04,alta,Client promiscu de Anestesia. Cicle habitual: 268 dies. La seva finestra de compra és ARA (retard: 0 dies). Share of wallet actual: 41%. Oportunitat de capturar 1316€ de quota de mercat.,2025-12-30,,,0.22406244424076308,televenda,878
1000080708,Anestesia,Commodities,finestra_captura,promiscu,119,351.0,0.0,0.409,2223.12,1314.47,alta,Client promiscu de Anestesia. Cicle habitual: 351 dies. La seva finestra de compra és ARA (retard: 0 dies). Share of wallet actual: 41%. Oportunitat de capturar 1314€ de quota de mercat.,2025-12-30,,,0.224025238129289,televenda,879
10537,Anestesia,Commodities,finestra_captura,promiscu,286,364.0,0.0,0.41,2223.12,1310.91,alta,Client promiscu de Anestesia. Cicle habitual: 364 dies. La seva finestra de compra és ARA (retard: 0 dies). Share of wallet actual: 41%. Oportunitat de capturar 1311€ de quota de mercat.,2025-12-30,,,0.22394070791251552,televenda,880
43052,Biomateriales,Productes Tècnics,silenci_anomal_crític,actiu_esporadic,246,17.0,,,0.0,426.19,critica,Client actiu_esporadic de Biomaterials. Historial: 2 pedidos (2 últims 12m). Freqüència habitual: 17 dies. Porta 246 dies sense comprar (z=44.9). Anomalia crítica detectada.,2025-12-30,44.9,vermella,0.22393130518789195,televenda,881
3044,Bioseguridad,Commodities,finestra_captura,promiscu,47,285.0,0.0,0.217,1667.34,1305.04,alta,Client promiscu de Bioseguridad. Cicle habitual: 285 dies. La seva finestra de compra és ARA (retard: 0 dies). Share of wallet actual: 22%. Oportunitat de capturar 1305€ de quota de mercat.,2025-12-30,,,0.22380082582979555,televenda,882
39878,Anestesia,Commodities,finestra_captura,promiscu,224,227.0,0.0,0.618,3410.04,1302.22,alta,Client promiscu de Anestesia. Cicle habitual: 227 dies. La seva finestra de compra és ARA (retard: 0 dies). Share of wallet actual: 62%. Oportunitat de capturar 1302€ de quota de mercat.,2025-12-30,,,0.22373340151688384,televenda,883
23750,Anestesia,Commodities,finestra_captura,promiscu,120,305.0,0.0,0.278,1802.36,1301.4,alta,Client promiscu de Anestesia. Cicle habitual: 305 dies. La seva finestra de compra és ARA (retard: 0 dies). Share of wallet actual: 28%. Oportunitat de capturar 1301€ de quota de mercat.,2025-12-30,,,0.22371376848389765,televenda,884
1000069410,Anestesia,Commodities,finestra_captura,promiscu,208,294.0,0.0,0.278,1802.36,1301.4,alta,Client promiscu de Anestesia. Cicle habitual: 294 dies. La seva finestra de compra és ARA (retard: 0 dies). Share of wallet actual: 28%. Oportunitat de capturar 1301€ de quota de mercat.,2025-12-30,,,0.22371376848389765,televenda,885
1000075293,Anestesia,Commodities,finestra_captura,promiscu,215,409.0,0.0,0.416,2223.12,1297.64,alta,Client promiscu de Anestesia. Cicle habitual: 409 dies. La seva finestra de compra és ARA (retard: 0 dies). Share of wallet actual: 42%. Oportunitat de capturar 1298€ de quota de mercat.,2025-12-30,,,0.22362358526654108,televenda,886
1000074709,Anestesia,Commodities,finestra_captura,promiscu,69,141.0,0.0,0.62,3410.04,1297.45,alta,Client promiscu de Anestesia. Cicle habitual: 141 dies. La seva finestra de compra és ARA (retard: 0 dies). Share of wallet actual: 62%. Oportunitat de capturar 1297€ de quota de mercat.,2025-12-30,,,0.2236190212079572,televenda,887
1000082157,Anestesia,Commodities,finestra_captura,promiscu,179,248.0,0.0,0.623,3410.04,1283.98,alta,Client promiscu de Anestesia. Cicle habitual: 248 dies. La seva finestra de compra és ARA (retard: 0 dies). Share of wallet actual: 62%. Oportunitat de capturar 1284€ de quota de mercat.,2025-12-30,,,0.22329373964995472,televenda,888
17904,Anestesia,Commodities,finestra_captura,promiscu,215,298.0,0.0,0.423,2223.12,1283.85,alta,Client promiscu de Anestesia. Cicle habitual: 298 dies. La seva finestra de compra és ARA (retard: 0 dies). Share of wallet actual: 42%. Oportunitat de capturar 1284€ de quota de mercat.,2025-12-30,,,0.22329058374753366,televenda,889
1000100397,Anestesia,Commodities,finestra_captura,promiscu,28,184.0,0.0,0.288,1802.36,1283.1,alta,Client promiscu de Anestesia. Cicle habitual: 184 dies. La seva finestra de compra és ARA (retard: 0 dies). Share of wallet actual: 29%. Oportunitat de capturar 1283€ de quota de mercat.,2025-12-30,,,0.22327237038078346,televenda,890
2372,Anestesia,Commodities,finestra_captura,promiscu,116,309.0,0.0,0.288,1802.36,1282.76,alta,Client promiscu de Anestesia. Cicle habitual: 309 dies. La seva finestra de compra és ARA (retard: 0 dies). Share of wallet actual: 29%. Oportunitat de capturar 1283€ de quota de mercat.,2025-12-30,,,0.2232641101499114,televenda,891
1000100114,Anestesia,Commodities,finestra_captura,promiscu,249,408.0,0.0,0.624,3410.04,1282.53,alta,Client promiscu de Anestesia. Cicle habitual: 408 dies. La seva finestra de compra és ARA (retard: 0 dies). Share of wallet actual: 62%. Oportunitat de capturar 1283€ de quota de mercat.,2025-12-30,,,0.22325852110606567,televenda,892
1000078822,Anestesia,Commodities,finestra_captura,promiscu,29,517.0,0.0,0.423,2223.12,1282.28,alta,Client promiscu de Anestesia. Cicle habitual: 517 dies. La seva finestra de compra és ARA (retard: 0 dies). Share of wallet actual: 42%. Oportunitat de capturar 1282€ de quota de mercat.,2025-12-30,,,0.22325244492235496,televenda,893
14619,Anestesia,Commodities,finestra_captura,promiscu,67,284.0,0.0,0.423,2223.12,1282.0,alta,Client promiscu de Anestesia. Cicle habitual: 284 dies. La seva finestra de compra és ARA (retard: 0 dies). Share of wallet actual: 42%. Oportunitat de capturar 1282€ de quota de mercat.,2025-12-30,,,0.22324563819112617,televenda,894
1000101920,Biomateriales,Productes Tècnics,silenci_anomal_crític,actiu_esporadic,229,21.0,,,0.0,417.76,critica,Client actiu_esporadic de Biomaterials. Historial: 2 pedidos (2 últims 12m). Freqüència habitual: 21 dies. Porta 229 dies sense comprar (z=33.0). Anomalia crítica detectada.,2025-12-30,33.02,vermella,0.22319447386599053,televenda,895
16754,Anestesia,Commodities,finestra_captura,promiscu,179,381.0,0.0,0.425,2223.12,1278.2,alta,Client promiscu de Anestesia. Cicle habitual: 381 dies. La seva finestra de compra és ARA (retard: 0 dies). Share of wallet actual: 43%. Oportunitat de capturar 1278€ de quota de mercat.,2025-12-30,,,0.22315311395744206,televenda,896
1000067766,Anestesia,Commodities,finestra_captura,promiscu,250,248.0,1.0,0.294,1802.36,1272.93,alta,Client promiscu de Anestesia. Cicle habitual: 248 dies. La seva finestra de compra és ARA (retard: 1 dies). Share of wallet actual: 29%. Oportunitat de capturar 1273€ de quota de mercat.,2025-12-30,,,0.22302434152128006,televenda,897
1000079634,Anestesia,Commodities,finestra_captura,promiscu,208,219.0,0.0,0.295,1802.36,1270.85,alta,Client promiscu de Anestesia. Cicle habitual: 219 dies. La seva finestra de compra és ARA (retard: 0 dies). Share of wallet actual: 29%. Oportunitat de capturar 1271€ de quota de mercat.,2025-12-30,,,0.22297337004995757,televenda,898
1000057197,Bioseguridad,Commodities,finestra_captura,promiscu,103,425.0,0.0,0.238,1667.34,1269.82,alta,Client promiscu de Bioseguridad. Cicle habitual: 425 dies. La seva finestra de compra és ARA (retard: 0 dies). Share of wallet actual: 24%. Oportunitat de capturar 1270€ de quota de mercat.,2025-12-30,,,0.2229480985012128,televenda,899
1000070508,Bioseguridad,Commodities,finestra_captura,promiscu,56,135.0,0.0,0.238,1667.34,1269.82,alta,Client promiscu de Bioseguridad. Cicle habitual: 135 dies. La seva finestra de compra és ARA (retard: 0 dies). Share of wallet actual: 24%. Oportunitat de capturar 1270€ de quota de mercat.,2025-12-30,,,0.2229480985012128,televenda,900
42374,Bioseguridad,Commodities,finestra_captura,promiscu,19,494.0,0.0,0.238,1667.34,1269.82,alta,Client promiscu de Bioseguridad. Cicle habitual: 494 dies. La seva finestra de compra és ARA (retard: 0 dies). Share of wallet actual: 24%. Oportunitat de capturar 1270€ de quota de mercat.,2025-12-30,,,0.2229480985012128,televenda,901
1000080093,Bioseguridad,Commodities,finestra_captura,promiscu,173,519.0,0.0,0.238,1667.34,1269.82,alta,Client promiscu de Bioseguridad. Cicle habitual: 519 dies. La seva finestra de compra és ARA (retard: 0 dies). Share of wallet actual: 24%. Oportunitat de capturar 1270€ de quota de mercat.,2025-12-30,,,0.2229480985012128,televenda,902
1000082709,Bioseguridad,Commodities,finestra_captura,promiscu,68,989.0,0.0,0.238,1667.34,1269.82,alta,Client promiscu de Bioseguridad. Cicle habitual: 989 dies. La seva finestra de compra és ARA (retard: 0 dies). Share of wallet actual: 24%. Oportunitat de capturar 1270€ de quota de mercat.,2025-12-30,,,0.2229480985012128,televenda,903
29230,Bioseguridad,Commodities,finestra_captura,promiscu,211,312.0,0.0,0.238,1667.34,1269.82,alta,Client promiscu de Bioseguridad. Cicle habitual: 312 dies. La seva finestra de compra és ARA (retard: 0 dies). Share of wallet actual: 24%. Oportunitat de capturar 1270€ de quota de mercat.,2025-12-30,,,0.2229480985012128,televenda,904
30199,Bioseguridad,Commodities,finestra_captura,promiscu,81,282.0,0.0,0.238,1667.34,1269.82,alta,Client promiscu de Bioseguridad. Cicle habitual: 282 dies. La seva finestra de compra és ARA (retard: 0 dies). Share of wallet actual: 24%. Oportunitat de capturar 1270€ de quota de mercat.,2025-12-30,,,0.2229480985012128,televenda,905
12306,Bioseguridad,Commodities,finestra_captura,promiscu,117,419.0,0.0,0.238,1667.34,1269.82,alta,Client promiscu de Bioseguridad. Cicle habitual: 419 dies. La seva finestra de compra és ARA (retard: 0 dies). Share of wallet actual: 24%. Oportunitat de capturar 1270€ de quota de mercat.,2025-12-30,,,0.2229480985012128,televenda,906
1000082103,Bioseguridad,Commodities,finestra_captura,promiscu,14,337.0,0.0,0.238,1667.34,1269.82,alta,Client promiscu de Bioseguridad. Cicle habitual: 337 dies. La seva finestra de compra és ARA (retard: 0 dies). Share of wallet actual: 24%. Oportunitat de capturar 1270€ de quota de mercat.,2025-12-30,,,0.2229480985012128,televenda,907
11914,Biomateriales,Productes Tècnics,silenci_anomal_vigilar,actiu_regular,127,86.0,,,9247.3,3102.35,mitjana,Client actiu_regular de Biomaterials. Historial: 8 pedidos (4 últims 12m). Freqüència habitual: 86 ±30 dies. Porta 127 dies sense comprar (z=1.4). Anomalia moderada detectada.,2025-12-30,1.37,groga,0.2229312573384459,delegat,908
6987,Anestesia,Commodities,finestra_captura,promiscu,194,340.0,0.0,0.296,1802.36,1268.56,alta,Client promiscu de Anestesia. Cicle habitual: 340 dies. La seva finestra de compra és ARA (retard: 0 dies). Share of wallet actual: 30%. Oportunitat de capturar 1269€ de quota de mercat.,2025-12-30,,,0.22291715592249853,televenda,909
42625,Anestesia,Commodities,finestra_captura,promiscu,190,306.0,0.0,0.431,2223.12,1266.05,alta,Client promiscu de Anestesia. Cicle habitual: 306 dies. La seva finestra de compra és ARA (retard: 0 dies). Share of wallet actual: 43%. Oportunitat de capturar 1266€ de quota de mercat.,2025-12-30,,,0.2228554247150678,televenda,910
6928,Anestesia,Commodities,finestra_captura,promiscu,281,605.0,0.0,0.431,2223.12,1264.29,alta,Client promiscu de Anestesia. Cicle habitual: 605 dies. La seva finestra de compra és ARA (retard: 0 dies). Share of wallet actual: 43%. Oportunitat de capturar 1264€ de quota de mercat.,2025-12-30,,,0.22281206610703347,televenda,911
2973,Anestesia,Commodities,finestra_captura,promiscu,92,185.0,0.0,0.431,2223.12,1264.04,alta,Client promiscu de Anestesia. Cicle habitual: 185 dies. La seva finestra de compra és ARA (retard: 0 dies). Share of wallet actual: 43%. Oportunitat de capturar 1264€ de quota de mercat.,2025-12-30,,,0.2228059023224236,televenda,912
22650,Anestesia,Commodities,finestra_captura,promiscu,98,400.0,0.0,0.431,2223.12,1264.04,alta,Client promiscu de Anestesia. Cicle habitual: 400 dies. La seva finestra de compra és ARA (retard: 0 dies). Share of wallet actual: 43%. Oportunitat de capturar 1264€ de quota de mercat.,2025-12-30,,,0.2228059023224236,televenda,913
25904,Anestesia,Commodities,finestra_captura,promiscu,162,264.0,0.0,0.431,2223.12,1264.04,alta,Client promiscu de Anestesia. Cicle habitual: 264 dies. La seva finestra de compra és ARA (retard: 0 dies). Share of wallet actual: 43%. Oportunitat de capturar 1264€ de quota de mercat.,2025-12-30,,,0.2228059023224236,televenda,914
25156,Bioseguridad,Commodities,finestra_captura,promiscu,68,394.0,0.0,0.243,1667.34,1262.28,alta,Client promiscu de Bioseguridad. Cicle habitual: 394 dies. La seva finestra de compra és ARA (retard: 0 dies). Share of wallet actual: 24%. Oportunitat de capturar 1262€ de quota de mercat.,2025-12-30,,,0.22276247477467412,televenda,915
28806,Bioseguridad,Commodities,finestra_captura,promiscu,316,440.0,0.0,0.243,1667.34,1262.28,alta,Client promiscu de Bioseguridad. Cicle habitual: 440 dies. La seva finestra de compra és ARA (retard: 0 dies). Share of wallet actual: 24%. Oportunitat de capturar 1262€ de quota de mercat.,2025-12-30,,,0.22276247477467412,televenda,916
1000100428,Bioseguridad,Commodities,finestra_captura,promiscu,235,595.0,0.0,0.243,1667.34,1262.28,alta,Client promiscu de Bioseguridad. Cicle habitual: 595 dies. La seva finestra de compra és ARA (retard: 0 dies). Share of wallet actual: 24%. Oportunitat de capturar 1262€ de quota de mercat.,2025-12-30,,,0.22276247477467412,televenda,917
33565,Bioseguridad,Commodities,finestra_captura,promiscu,160,645.0,0.0,0.243,1667.34,1262.28,alta,Client promiscu de Bioseguridad. Cicle habitual: 645 dies. La seva finestra de compra és ARA (retard: 0 dies). Share of wallet actual: 24%. Oportunitat de capturar 1262€ de quota de mercat.,2025-12-30,,,0.22276247477467412,televenda,918
1000082014,Bioseguridad,Commodities,finestra_captura,promiscu,230,1203.0,0.0,0.243,1667.34,1262.28,alta,Client promiscu de Bioseguridad. Cicle habitual: 1203 dies. La seva finestra de compra és ARA (retard: 0 dies). Share of wallet actual: 24%. Oportunitat de capturar 1262€ de quota de mercat.,2025-12-30,,,0.22276247477467412,televenda,919
1000082054,Bioseguridad,Commodities,finestra_captura,promiscu,103,162.0,0.0,0.243,1667.34,1262.28,alta,Client promiscu de Bioseguridad. Cicle habitual: 162 dies. La seva finestra de compra és ARA (retard: 0 dies). Share of wallet actual: 24%. Oportunitat de capturar 1262€ de quota de mercat.,2025-12-30,,,0.22276247477467412,televenda,920
38500,Anestesia,Commodities,risc_fuga,fidel,88,36.0,52.0,0.527,2223.12,97.57,alta,Client fidel de Anestesia. Cicle habitual: 36 dies (±19). Porta 88 dies sense comprar (52 dies de retard). Share of wallet últims 12m: 53%. Possible inici de fuga.,2025-12-30,,,0.22275393574091196,delegat,921
28064,Anestesia,Commodities,finestra_captura,promiscu,187,222.0,0.0,0.433,2223.12,1260.2,alta,Client promiscu de Anestesia. Cicle habitual: 222 dies. La seva finestra de compra és ARA (retard: 0 dies). Share of wallet actual: 43%. Oportunitat de capturar 1260€ de quota de mercat.,2025-12-30,,,0.22271107323742576,televenda,922
1000081861,Anestesia,Commodities,finestra_captura,promiscu,320,330.0,0.0,0.434,2223.12,1259.36,alta,Client promiscu de Anestesia. Cicle habitual: 330 dies. La seva finestra de compra és ARA (retard: 0 dies). Share of wallet actual: 43%. Oportunitat de capturar 1259€ de quota de mercat.,2025-12-30,,,0.22269029088983772,televenda,923
21374,Anestesia,Commodities,finestra_captura,promiscu,176,769.0,0.0,0.303,1802.36,1256.63,alta,Client promiscu de Anestesia. Cicle habitual: 769 dies. La seva finestra de compra és ARA (retard: 0 dies). Share of wallet actual: 30%. Oportunitat de capturar 1257€ de quota de mercat.,2025-12-30,,,0.22262265247440263,televenda,924
1000100537,Anestesia,Commodities,finestra_captura,promiscu,104,330.0,0.0,0.303,1802.36,1256.63,alta,Client promiscu de Anestesia. Cicle habitual: 330 dies. La seva finestra de compra és ARA (retard: 0 dies). Share of wallet actual: 30%. Oportunitat de capturar 1257€ de quota de mercat.,2025-12-30,,,0.22262265247440263,televenda,925
1000080509,Anestesia,Commodities,finestra_captura,promiscu,47,590.0,0.0,0.303,1802.36,1256.63,alta,Client promiscu de Anestesia. Cicle habitual: 590 dies. La seva finestra de compra és ARA (retard: 0 dies). Share of wallet actual: 30%. Oportunitat de capturar 1257€ de quota de mercat.,2025-12-30,,,0.22262265247440263,televenda,926
1000076174,Anestesia,Commodities,finestra_captura,promiscu,7,508.0,0.0,0.303,1802.36,1256.59,alta,Client promiscu de Anestesia. Cicle habitual: 508 dies. La seva finestra de compra és ARA (retard: 0 dies). Share of wallet actual: 30%. Oportunitat de capturar 1257€ de quota de mercat.,2025-12-30,,,0.22262166034431058,televenda,927
34501,Anestesia,Commodities,finestra_captura,promiscu,209,319.0,0.0,0.436,2223.12,1253.08,alta,Client promiscu de Anestesia. Cicle habitual: 319 dies. La seva finestra de compra és ARA (retard: 0 dies). Share of wallet actual: 44%. Oportunitat de capturar 1253€ de quota de mercat.,2025-12-30,,,0.22253447782201802,televenda,928
1000063305,Anestesia,Commodities,finestra_captura,promiscu,167,222.0,0.0,0.437,2223.12,1251.51,alta,Client promiscu de Anestesia. Cicle habitual: 222 dies. La seva finestra de compra és ARA (retard: 0 dies). Share of wallet actual: 44%. Oportunitat de capturar 1252€ de quota de mercat.,2025-12-30,,,0.22249540263951406,televenda,929
8177,Bioseguridad,Commodities,finestra_captura,promiscu,357,420.0,0.0,0.437,2223.12,1250.98,alta,Client promiscu de Bioseguridad. Cicle habitual: 420 dies. La seva finestra de compra és ARA (retard: 0 dies). Share of wallet actual: 44%. Oportunitat de capturar 1251€ de quota de mercat.,2025-12-30,,,0.2224822005953041,televenda,930
1000060785,Anestesia,Commodities,finestra_captura,promiscu,92,131.0,0.0,0.437,2223.12,1250.85,alta,Client promiscu de Anestesia. Cicle habitual: 131 dies. La seva finestra de compra és ARA (retard: 0 dies). Share of wallet actual: 44%. Oportunitat de capturar 1251€ de quota de mercat.,2025-12-30,,,0.22247896150450358,televenda,931
9269,Anestesia,Commodities,finestra_captura,promiscu,174,307.0,0.0,0.306,1802.36,1250.79,alta,Client promiscu de Anestesia. Cicle habitual: 307 dies. La seva finestra de compra és ARA (retard: 0 dies). Share of wallet actual: 31%. Oportunitat de capturar 1251€ de quota de mercat.,2025-12-30,,,0.22247746642606764,televenda,932
1000082155,Bioseguridad,Commodities,finestra_captura,promiscu,57,350.0,0.0,0.253,1667.34,1244.67,alta,Client promiscu de Bioseguridad. Cicle habitual: 350 dies. La seva finestra de compra és ARA (retard: 0 dies). Share of wallet actual: 25%. Oportunitat de capturar 1245€ de quota de mercat.,2025-12-30,,,0.22232459076117445,televenda,933
1000075277,Anestesia,Commodities,finestra_captura,promiscu,120,565.0,0.0,0.442,2223.12,1239.39,alta,Client promiscu de Anestesia. Cicle habitual: 565 dies. La seva finestra de compra és ARA (retard: 0 dies). Share of wallet actual: 44%. Oportunitat de capturar 1239€ de quota de mercat.,2025-12-30,,,0.22219209329343703,televenda,934
1000076912,Anestesia,Commodities,risc_fuga,fidel,235,102.0,133.0,0.52,2223.12,96.24,alta,Client fidel de Anestesia. Cicle habitual: 102 dies (±42). Porta 235 dies sense comprar (133 dies de retard). Share of wallet últims 12m: 52%. Possible inici de fuga.,2025-12-30,,,0.22209477157877996,delegat,935
1000080461,Anestesia,Commodities,finestra_captura,promiscu,90,509.0,0.0,0.445,2223.12,1233.64,alta,Client promiscu de Anestesia. Cicle habitual: 509 dies. La seva finestra de compra és ARA (retard: 0 dies). Share of wallet actual: 45%. Oportunitat de capturar 1234€ de quota de mercat.,2025-12-30,,,0.22204715846283896,televenda,936
1000065263,Anestesia,Commodities,finestra_captura,promiscu,25,852.0,0.0,0.446,2223.12,1232.7,alta,Client promiscu de Anestesia. Cicle habitual: 852 dies. La seva finestra de compra és ARA (retard: 0 dies). Share of wallet actual: 45%. Oportunitat de capturar 1233€ de quota de mercat.,2025-12-30,,,0.22202340059281092,televenda,937
1000077944,Anestesia,Commodities,finestra_captura,promiscu,119,1674.0,0.0,0.447,2223.12,1230.44,alta,Client promiscu de Anestesia. Cicle habitual: 1674 dies. La seva finestra de compra és ARA (retard: 0 dies). Share of wallet actual: 45%. Oportunitat de capturar 1230€ de quota de mercat.,2025-12-30,,,0.22196620644667167,televenda,938
25715,Anestesia,Commodities,finestra_captura,promiscu,223,254.0,0.0,0.447,2223.12,1230.44,alta,Client promiscu de Anestesia. Cicle habitual: 254 dies. La seva finestra de compra és ARA (retard: 0 dies). Share of wallet actual: 45%. Oportunitat de capturar 1230€ de quota de mercat.,2025-12-30,,,0.22196620644667167,televenda,939
27592,Anestesia,Commodities,finestra_captura,promiscu,293,467.0,0.0,0.317,1802.36,1230.25,alta,Client promiscu de Anestesia. Cicle habitual: 467 dies. La seva finestra de compra és ARA (retard: 0 dies). Share of wallet actual: 32%. Oportunitat de capturar 1230€ de quota de mercat.,2025-12-30,,,0.22196139330701134,televenda,940
41789,Bioseguridad,Commodities,finestra_captura,promiscu,104,207.0,0.0,0.262,1667.34,1230.06,alta,Client promiscu de Bioseguridad. Cicle habitual: 207 dies. La seva finestra de compra és ARA (retard: 0 dies). Share of wallet actual: 26%. Oportunitat de capturar 1230€ de quota de mercat.,2025-12-30,,,0.22195657942455543,televenda,941
2121,Anestesia,Commodities,finestra_captura,promiscu,314,690.0,0.0,0.318,1802.36,1229.0,alta,Client promiscu de Anestesia. Cicle habitual: 690 dies. La seva finestra de compra és ARA (retard: 0 dies). Share of wallet actual: 32%. Oportunitat de capturar 1229€ de quota de mercat.,2025-12-30,,,0.22192970938542245,televenda,942
13607,Anestesia,Commodities,finestra_captura,promiscu,40,492.0,0.0,0.319,1802.36,1228.12,alta,Client promiscu de Anestesia. Cicle habitual: 492 dies. La seva finestra de compra és ARA (retard: 0 dies). Share of wallet actual: 32%. Oportunitat de capturar 1228€ de quota de mercat.,2025-12-30,,,0.22190738458539694,televenda,943
1000082484,Anestesia,Commodities,finestra_captura,promiscu,190,590.0,0.0,0.321,1802.36,1223.75,alta,Client promiscu de Anestesia. Cicle habitual: 590 dies. La seva finestra de compra és ARA (retard: 0 dies). Share of wallet actual: 32%. Oportunitat de capturar 1224€ de quota de mercat.,2025-12-30,,,0.22179628435653517,televenda,944
5802,Anestesia,Commodities,finestra_captura,promiscu,186,268.0,0.0,0.45,2223.12,1223.72,alta,Client promiscu de Anestesia. Cicle habitual: 268 dies. La seva finestra de compra és ARA (retard: 0 dies). Share of wallet actual: 45%. Oportunitat de capturar 1224€ de quota de mercat.,2025-12-30,,,0.22179552028549637,televenda,945
6029,Bioseguridad,Commodities,finestra_captura,promiscu,81,220.0,0.0,0.452,2223.12,1218.01,alta,Client promiscu de Bioseguridad. Cicle habitual: 220 dies. La seva finestra de compra és ARA (retard: 0 dies). Share of wallet actual: 45%. Oportunitat de capturar 1218€ de quota de mercat.,2025-12-30,,,0.22164975024083378,televenda,946
1000082468,Anestesia,Commodities,finestra_captura,promiscu,223,723.0,0.0,0.325,1802.36,1215.96,alta,Client promiscu de Anestesia. Cicle habitual: 723 dies. La seva finestra de compra és ARA (retard: 0 dies). Share of wallet actual: 33%. Oportunitat de capturar 1216€ de quota de mercat.,2025-12-30,,,0.22159724935433148,televenda,947
1000078392,Anestesia,Commodities,finestra_captura,promiscu,216,258.0,0.0,0.453,2223.12,1215.24,alta,Client promiscu de Anestesia. Cicle habitual: 258 dies. La seva finestra de compra és ARA (retard: 0 dies). Share of wallet actual: 45%. Oportunitat de capturar 1215€ de quota de mercat.,2025-12-30,,,0.22157878903072173,televenda,948
1000068622,Anestesia,Commodities,finestra_captura,promiscu,84,263.0,0.0,0.454,2223.12,1213.89,alta,Client promiscu de Anestesia. Cicle habitual: 263 dies. La seva finestra de compra és ARA (retard: 0 dies). Share of wallet actual: 45%. Oportunitat de capturar 1214€ de quota de mercat.,2025-12-30,,,0.22154414644986964,televenda,949
34172,Anestesia,Commodities,finestra_captura,promiscu,221,268.0,0.0,0.328,1802.36,1211.79,alta,Client promiscu de Anestesia. Cicle habitual: 268 dies. La seva finestra de compra és ARA (retard: 0 dies). Share of wallet actual: 33%. Oportunitat de capturar 1212€ de quota de mercat.,2025-12-30,,,0.22149018140143217,televenda,950
3161,Anestesia,Commodities,finestra_captura,promiscu,54,528.0,0.0,0.328,1802.36,1211.79,alta,Client promiscu de Anestesia. Cicle habitual: 528 dies. La seva finestra de compra és ARA (retard: 0 dies). Share of wallet actual: 33%. Oportunitat de capturar 1212€ de quota de mercat.,2025-12-30,,,0.22149018140143217,televenda,951
1000038189,Anestesia,Commodities,finestra_captura,promiscu,116,416.0,0.0,0.328,1802.36,1211.79,alta,Client promiscu de Anestesia. Cicle habitual: 416 dies. La seva finestra de compra és ARA (retard: 0 dies). Share of wallet actual: 33%. Oportunitat de capturar 1212€ de quota de mercat.,2025-12-30,,,0.22149018140143217,televenda,952
1000080323,Anestesia,Commodities,finestra_captura,promiscu,162,382.0,0.0,0.328,1802.36,1211.79,alta,Client promiscu de Anestesia. Cicle habitual: 382 dies. La seva finestra de compra és ARA (retard: 0 dies). Share of wallet actual: 33%. Oportunitat de capturar 1212€ de quota de mercat.,2025-12-30,,,0.22149018140143217,televenda,953
26759,Anestesia,Commodities,finestra_captura,promiscu,85,468.0,0.0,0.328,1802.36,1211.79,alta,Client promiscu de Anestesia. Cicle habitual: 468 dies. La seva finestra de compra és ARA (retard: 0 dies). Share of wallet actual: 33%. Oportunitat de capturar 1212€ de quota de mercat.,2025-12-30,,,0.22149018140143217,televenda,954
1000075817,Anestesia,Commodities,finestra_captura,promiscu,82,726.0,0.0,0.328,1802.36,1211.79,alta,Client promiscu de Anestesia. Cicle habitual: 726 dies. La seva finestra de compra és ARA (retard: 0 dies). Share of wallet actual: 33%. Oportunitat de capturar 1212€ de quota de mercat.,2025-12-30,,,0.22149018140143217,televenda,955
1000081599,Anestesia,Commodities,finestra_captura,promiscu,214,501.0,0.0,0.328,1802.36,1211.79,alta,Client promiscu de Anestesia. Cicle habitual: 501 dies. La seva finestra de compra és ARA (retard: 0 dies). Share of wallet actual: 33%. Oportunitat de capturar 1212€ de quota de mercat.,2025-12-30,,,0.22149018140143217,televenda,956
1000081925,Anestesia,Commodities,finestra_captura,promiscu,18,224.0,0.0,0.328,1802.36,1211.79,alta,Client promiscu de Anestesia. Cicle habitual: 224 dies. La seva finestra de compra és ARA (retard: 0 dies). Share of wallet actual: 33%. Oportunitat de capturar 1212€ de quota de mercat.,2025-12-30,,,0.22149018140143217,televenda,957
33158,Anestesia,Commodities,finestra_captura,promiscu,214,262.0,0.0,0.328,1802.36,1211.79,alta,Client promiscu de Anestesia. Cicle habitual: 262 dies. La seva finestra de compra és ARA (retard: 0 dies). Share of wallet actual: 33%. Oportunitat de capturar 1212€ de quota de mercat.,2025-12-30,,,0.22149018140143217,televenda,958
1000080850,Anestesia,Commodities,finestra_captura,promiscu,162,206.0,0.0,0.455,2223.12,1210.5,alta,Client promiscu de Anestesia. Cicle habitual: 206 dies. La seva finestra de compra és ARA (retard: 0 dies). Share of wallet actual: 46%. Oportunitat de capturar 1210€ de quota de mercat.,2025-12-30,,,0.22145698509308978,televenda,959
27919,Anestesia,Commodities,finestra_captura,promiscu,49,290.0,0.0,0.46,2223.12,1200.42,alta,Client promiscu de Anestesia. Cicle habitual: 290 dies. La seva finestra de compra és ARA (retard: 0 dies). Share of wallet actual: 46%. Oportunitat de capturar 1200€ de quota de mercat.,2025-12-30,,,0.2211963668912784,televenda,960
5776,Anestesia,Commodities,finestra_captura,promiscu,271,426.0,0.0,0.462,2223.12,1196.84,alta,Client promiscu de Anestesia. Cicle habitual: 426 dies. La seva finestra de compra és ARA (retard: 0 dies). Share of wallet actual: 46%. Oportunitat de capturar 1197€ de quota de mercat.,2025-12-30,,,0.22110327954621867,televenda,961
6476,Anestesia,Commodities,finestra_captura,promiscu,116,223.0,0.0,0.462,2223.12,1196.84,alta,Client promiscu de Anestesia. Cicle habitual: 223 dies. La seva finestra de compra és ARA (retard: 0 dies). Share of wallet actual: 46%. Oportunitat de capturar 1197€ de quota de mercat.,2025-12-30,,,0.22110327954621867,televenda,962
30149,Anestesia,Commodities,finestra_captura,promiscu,221,263.0,0.0,0.462,2223.12,1196.84,alta,Client promiscu de Anestesia. Cicle habitual: 263 dies. La seva finestra de compra és ARA (retard: 0 dies). Share of wallet actual: 46%. Oportunitat de capturar 1197€ de quota de mercat.,2025-12-30,,,0.22110327954621867,televenda,963
27731,Anestesia,Commodities,finestra_captura,promiscu,41,238.0,0.0,0.462,2223.12,1196.84,alta,Client promiscu de Anestesia. Cicle habitual: 238 dies. La seva finestra de compra és ARA (retard: 0 dies). Share of wallet actual: 46%. Oportunitat de capturar 1197€ de quota de mercat.,2025-12-30,,,0.22110327954621867,televenda,964
21989,Anestesia,Commodities,finestra_captura,promiscu,166,216.0,0.0,0.462,2223.12,1196.68,alta,Client promiscu de Anestesia. Cicle habitual: 216 dies. La seva finestra de compra és ARA (retard: 0 dies). Share of wallet actual: 46%. Oportunitat de capturar 1197€ de quota de mercat.,2025-12-30,,,0.22109911272573124,televenda,965
13650,Anestesia,Commodities,finestra_captura,promiscu,295,310.0,0.0,0.462,2223.12,1196.68,alta,Client promiscu de Anestesia. Cicle habitual: 310 dies. La seva finestra de compra és ARA (retard: 0 dies). Share of wallet actual: 46%. Oportunitat de capturar 1197€ de quota de mercat.,2025-12-30,,,0.22109911272573124,televenda,966
17685,Anestesia,Commodities,finestra_captura,promiscu,78,248.0,0.0,0.649,3410.04,1195.4,alta,Client promiscu de Anestesia. Cicle habitual: 248 dies. La seva finestra de compra és ARA (retard: 0 dies). Share of wallet actual: 65%. Oportunitat de capturar 1195€ de quota de mercat.,2025-12-30,,,0.22106575810850793,televenda,967
42620,Anestesia,Commodities,finestra_captura,promiscu,77,245.0,0.0,0.463,2223.12,1193.54,alta,Client promiscu de Anestesia. Cicle habitual: 245 dies. La seva finestra de compra és ARA (retard: 0 dies). Share of wallet actual: 46%. Oportunitat de capturar 1194€ de quota de mercat.,2025-12-30,,,0.2210172260220385,televenda,968
35615,Anestesia,Commodities,finestra_captura,promiscu,131,232.0,0.0,0.464,2223.12,1192.36,alta,Client promiscu de Anestesia. Cicle habitual: 232 dies. La seva finestra de compra és ARA (retard: 0 dies). Share of wallet actual: 46%. Oportunitat de capturar 1192€ de quota de mercat.,2025-12-30,,,0.22098639765537287,televenda,969
2807,Anestesia,Commodities,finestra_captura,promiscu,323,445.0,0.0,0.464,2223.12,1191.06,alta,Client promiscu de Anestesia. Cicle habitual: 445 dies. La seva finestra de compra és ARA (retard: 0 dies). Share of wallet actual: 46%. Oportunitat de capturar 1191€ de quota de mercat.,2025-12-30,,,0.22095239888989457,televenda,970
7280,Anestesia,Commodities,finestra_captura,promiscu,356,574.0,0.0,0.464,2223.12,1191.06,alta,Client promiscu de Anestesia. Cicle habitual: 574 dies. La seva finestra de compra és ARA (retard: 0 dies). Share of wallet actual: 46%. Oportunitat de capturar 1191€ de quota de mercat.,2025-12-30,,,0.22095239888989457,televenda,971
1000100925,Bioseguridad,Commodities,finestra_captura,promiscu,154,279.0,0.0,0.286,1667.34,1190.31,alta,Client promiscu de Bioseguridad. Cicle habitual: 279 dies. La seva finestra de compra és ARA (retard: 0 dies). Share of wallet actual: 29%. Oportunitat de capturar 1190€ de quota de mercat.,2025-12-30,,,0.2209327673476968,televenda,972
1000076211,Bioseguridad,Commodities,finestra_captura,promiscu,70,222.0,0.0,0.286,1667.34,1190.31,alta,Client promiscu de Bioseguridad. Cicle habitual: 222 dies. La seva finestra de compra és ARA (retard: 0 dies). Share of wallet actual: 29%. Oportunitat de capturar 1190€ de quota de mercat.,2025-12-30,,,0.2209327673476968,televenda,973
24684,Bioseguridad,Commodities,finestra_captura,promiscu,239,372.0,0.0,0.286,1667.34,1190.31,alta,Client promiscu de Bioseguridad. Cicle habitual: 372 dies. La seva finestra de compra és ARA (retard: 0 dies). Share of wallet actual: 29%. Oportunitat de capturar 1190€ de quota de mercat.,2025-12-30,,,0.2209327673476968,televenda,974
5728,Bioseguridad,Commodities,finestra_captura,promiscu,313,483.0,0.0,0.286,1667.34,1190.31,alta,Client promiscu de Bioseguridad. Cicle habitual: 483 dies. La seva finestra de compra és ARA (retard: 0 dies). Share of wallet actual: 29%. Oportunitat de capturar 1190€ de quota de mercat.,2025-12-30,,,0.2209327673476968,televenda,975
1000079048,Bioseguridad,Commodities,finestra_captura,promiscu,95,291.0,0.0,0.286,1667.34,1190.31,alta,Client promiscu de Bioseguridad. Cicle habitual: 291 dies. La seva finestra de compra és ARA (retard: 0 dies). Share of wallet actual: 29%. Oportunitat de capturar 1190€ de quota de mercat.,2025-12-30,,,0.2209327673476968,televenda,976
1000080494,Anestesia,Commodities,finestra_captura,promiscu,223,247.0,0.0,0.465,2223.12,1189.62,alta,Client promiscu de Anestesia. Cicle habitual: 247 dies. La seva finestra de compra és ARA (retard: 0 dies). Share of wallet actual: 46%. Oportunitat de capturar 1190€ de quota de mercat.,2025-12-30,,,0.22091469541014494,televenda,977
39800,Anestesia,Commodities,finestra_captura,promiscu,118,115.0,2.0,0.465,2223.12,1189.46,alta,Client promiscu de Anestesia. Cicle habitual: 115 dies. La seva finestra de compra és ARA (retard: 2 dies). Share of wallet actual: 46%. Oportunitat de capturar 1189€ de quota de mercat.,2025-12-30,,,0.220910503320079,televenda,978
11999,Anestesia,Commodities,reposicio_pendent,fidel,28,15.0,13.0,0.81,13640.16,920.36,mitjana,Client fidel de Anestesia. Cicle habitual: 15 dies (±14). Porta 28 dies sense comprar (13 dies de retard). Share of wallet últims 12m: 81%. Possible retard de reposició.,2025-12-30,,,0.22080335797596615,delegat,979
1000079340,Anestesia,Commodities,finestra_captura,promiscu,250,304.0,0.0,0.467,2223.12,1184.38,alta,Client promiscu de Anestesia. Cicle habitual: 304 dies. La seva finestra de compra és ARA (retard: 0 dies). Share of wallet actual: 47%. Oportunitat de capturar 1184€ de quota de mercat.,2025-12-30,,,0.2207771107031122,televenda,980
1000079320,Anestesia,Commodities,finestra_captura,promiscu,222,266.0,0.0,0.343,1802.36,1183.31,alta,Client promiscu de Anestesia. Cicle habitual: 266 dies. La seva finestra de compra és ARA (retard: 0 dies). Share of wallet actual: 34%. Oportunitat de capturar 1183€ de quota de mercat.,2025-12-30,,,0.2207489413496025,televenda,981
35117,Bioseguridad,Commodities,finestra_captura,promiscu,46,1442.0,0.0,0.292,1667.34,1181.27,alta,Client promiscu de Bioseguridad. Cicle habitual: 1442 dies. La seva finestra de compra és ARA (retard: 0 dies). Share of wallet actual: 29%. Oportunitat de capturar 1181€ de quota de mercat.,2025-12-30,,,0.22069516470589673,televenda,982
39294,Bioseguridad,Commodities,finestra_captura,promiscu,264,722.0,0.0,0.292,1667.34,1181.27,alta,Client promiscu de Bioseguridad. Cicle habitual: 722 dies. La seva finestra de compra és ARA (retard: 0 dies). Share of wallet actual: 29%. Oportunitat de capturar 1181€ de quota de mercat.,2025-12-30,,,0.22069516470589673,televenda,983
8976,Anestesia,Commodities,finestra_captura,promiscu,54,210.0,0.0,0.469,2223.12,1180.08,alta,Client promiscu de Anestesia. Cicle habitual: 210 dies. La seva finestra de compra és ARA (retard: 0 dies). Share of wallet actual: 47%. Oportunitat de capturar 1180€ de quota de mercat.,2025-12-30,,,0.22066375212908615,televenda,984
1000068782,Anestesia,Commodities,finestra_captura,promiscu,111,141.0,0.0,0.469,2223.12,1179.69,alta,Client promiscu de Anestesia. Cicle habitual: 141 dies. La seva finestra de compra és ARA (retard: 0 dies). Share of wallet actual: 47%. Oportunitat de capturar 1180€ de quota de mercat.,2025-12-30,,,0.22065345036458048,televenda,985
39083,Anestesia,Commodities,finestra_captura,promiscu,104,339.0,0.0,0.346,1802.36,1178.95,alta,Client promiscu de Anestesia. Cicle habitual: 339 dies. La seva finestra de compra és ARA (retard: 0 dies). Share of wallet actual: 35%. Oportunitat de capturar 1179€ de quota de mercat.,2025-12-30,,,0.22063389406953623,televenda,986
26761,Anestesia,Commodities,finestra_captura,promiscu,40,240.0,0.0,0.346,1802.36,1178.95,alta,Client promiscu de Anestesia. Cicle habitual: 240 dies. La seva finestra de compra és ARA (retard: 0 dies). Share of wallet actual: 35%. Oportunitat de capturar 1179€ de quota de mercat.,2025-12-30,,,0.22063389406953623,televenda,987
12002,Anestesia,Commodities,finestra_captura,promiscu,116,267.0,0.0,0.346,1802.36,1178.95,alta,Client promiscu de Anestesia. Cicle habitual: 267 dies. La seva finestra de compra és ARA (retard: 0 dies). Share of wallet actual: 35%. Oportunitat de capturar 1179€ de quota de mercat.,2025-12-30,,,0.22063389406953623,televenda,988
1000060738,Anestesia,Commodities,finestra_captura,promiscu,239,366.0,0.0,0.346,1802.36,1178.95,alta,Client promiscu de Anestesia. Cicle habitual: 366 dies. La seva finestra de compra és ARA (retard: 0 dies). Share of wallet actual: 35%. Oportunitat de capturar 1179€ de quota de mercat.,2025-12-30,,,0.22063389406953623,televenda,989
1000082006,Anestesia,Commodities,finestra_captura,promiscu,181,394.0,0.0,0.346,1802.36,1178.95,alta,Client promiscu de Anestesia. Cicle habitual: 394 dies. La seva finestra de compra és ARA (retard: 0 dies). Share of wallet actual: 35%. Oportunitat de capturar 1179€ de quota de mercat.,2025-12-30,,,0.22063389406953623,televenda,990
26923,Bioseguridad,Commodities,finestra_captura,promiscu,40,118.0,0.0,0.295,1667.34,1176.3,alta,Client promiscu de Bioseguridad. Cicle habitual: 118 dies. La seva finestra de compra és ARA (retard: 0 dies). Share of wallet actual: 29%. Oportunitat de capturar 1176€ de quota de mercat.,2025-12-30,,,0.22056376064894295,televenda,991
1000079046,Anestesia,Commodities,finestra_captura,promiscu,109,184.0,0.0,0.348,1802.36,1174.93,alta,Client promiscu de Anestesia. Cicle habitual: 184 dies. La seva finestra de compra és ARA (retard: 0 dies). Share of wallet actual: 35%. Oportunitat de capturar 1175€ de quota de mercat.,2025-12-30,,,0.2205274410663644,televenda,992
1000082671,Anestesia,Commodities,finestra_captura,promiscu,111,268.0,0.0,0.352,1802.36,1168.34,alta,Client promiscu de Anestesia. Cicle habitual: 268 dies. La seva finestra de compra és ARA (retard: 0 dies). Share of wallet actual: 35%. Oportunitat de capturar 1168€ de quota de mercat.,2025-12-30,,,0.22035214251870278,televenda,993
19998,Anestesia,Commodities,finestra_captura,promiscu,97,202.0,0.0,0.475,2223.12,1167.58,alta,Client promiscu de Anestesia. Cicle habitual: 202 dies. La seva finestra de compra és ARA (retard: 0 dies). Share of wallet actual: 47%. Oportunitat de capturar 1168€ de quota de mercat.,2025-12-30,,,0.22033186248978134,televenda,994
43013,Anestesia,Commodities,risc_fuga,fidel,211,90.0,121.0,0.326,3410.04,92.77,alta,Client fidel de Anestesia. Cicle habitual: 90 dies (±27). Porta 211 dies sense comprar (121 dies de retard). Share of wallet últims 12m: 33%. Possible inici de fuga.,2025-12-30,,,0.220331613351843,delegat,995
30291,Bioseguridad,Commodities,finestra_captura,promiscu,298,499.0,0.0,0.3,1667.34,1166.67,alta,Client promiscu de Bioseguridad. Cicle habitual: 499 dies. La seva finestra de compra és ARA (retard: 0 dies). Share of wallet actual: 30%. Oportunitat de capturar 1167€ de quota de mercat.,2025-12-30,,,0.22030756246544583,televenda,996
34810,Anestesia,Commodities,finestra_captura,promiscu,312,348.0,0.0,0.477,2223.12,1162.37,alta,Client promiscu de Anestesia. Cicle habitual: 348 dies. La seva finestra de compra és ARA (retard: 0 dies). Share of wallet actual: 48%. Oportunitat de capturar 1162€ de quota de mercat.,2025-12-30,,,0.22019248141143988,televenda,997
9754,Anestesia,Commodities,finestra_captura,promiscu,294,388.0,0.0,0.478,2223.12,1160.1,alta,Client promiscu de Anestesia. Cicle habitual: 388 dies. La seva finestra de compra és ARA (retard: 0 dies). Share of wallet actual: 48%. Oportunitat de capturar 1160€ de quota de mercat.,2025-12-30,,,0.22013155765708114,televenda,998
1000064270,Anestesia,Commodities,finestra_captura,promiscu,19,270.0,0.0,0.478,2223.12,1160.1,alta,Client promiscu de Anestesia. Cicle habitual: 270 dies. La seva finestra de compra és ARA (retard: 0 dies). Share of wallet actual: 48%. Oportunitat de capturar 1160€ de quota de mercat.,2025-12-30,,,0.22013155765708114,televenda,999
1000080145,Anestesia,Commodities,finestra_captura,promiscu,104,268.0,0.0,0.478,2223.12,1160.1,alta,Client promiscu de Anestesia. Cicle habitual: 268 dies. La seva finestra de compra és ARA (retard: 0 dies). Share of wallet actual: 48%. Oportunitat de capturar 1160€ de quota de mercat.,2025-12-30,,,0.22013155765708114,televenda,1000
1000074004,Anestesia,Commodities,finestra_captura,promiscu,83,316.0,0.0,0.478,2223.12,1160.1,alta,Client promiscu de Anestesia. Cicle habitual: 316 dies. La seva finestra de compra és ARA (retard: 0 dies). Share of wallet actual: 48%. Oportunitat de capturar 1160€ de quota de mercat.,2025-12-30,,,0.22013155765708114,televenda,1001
20445,Anestesia,Commodities,finestra_captura,promiscu,77,590.0,0.0,0.478,2223.12,1160.1,alta,Client promiscu de Anestesia. Cicle habitual: 590 dies. La seva finestra de compra és ARA (retard: 0 dies). Share of wallet actual: 48%. Oportunitat de capturar 1160€ de quota de mercat.,2025-12-30,,,0.22013155765708114,televenda,1002
1000080449,Anestesia,Commodities,finestra_captura,promiscu,83,322.0,0.0,0.478,2223.12,1160.1,alta,Client promiscu de Anestesia. Cicle habitual: 322 dies. La seva finestra de compra és ARA (retard: 0 dies). Share of wallet actual: 48%. Oportunitat de capturar 1160€ de quota de mercat.,2025-12-30,,,0.22013155765708114,televenda,1003
1000079259,Anestesia,Commodities,finestra_captura,promiscu,182,231.0,0.0,0.478,2223.12,1160.1,alta,Client promiscu de Anestesia. Cicle habitual: 231 dies. La seva finestra de compra és ARA (retard: 0 dies). Share of wallet actual: 48%. Oportunitat de capturar 1160€ de quota de mercat.,2025-12-30,,,0.22013155765708114,televenda,1004
27735,Anestesia,Commodities,finestra_captura,promiscu,55,455.0,0.0,0.478,2223.12,1160.1,alta,Client promiscu de Anestesia. Cicle habitual: 455 dies. La seva finestra de compra és ARA (retard: 0 dies). Share of wallet actual: 48%. Oportunitat de capturar 1160€ de quota de mercat.,2025-12-30,,,0.22013155765708114,televenda,1005
6479,Anestesia,Commodities,finestra_captura,promiscu,265,406.0,0.0,0.478,2223.12,1160.1,alta,Client promiscu de Anestesia. Cicle habitual: 406 dies. La seva finestra de compra és ARA (retard: 0 dies). Share of wallet actual: 48%. Oportunitat de capturar 1160€ de quota de mercat.,2025-12-30,,,0.22013155765708114,televenda,1006
1000080292,Anestesia,Commodities,finestra_captura,promiscu,232,257.0,0.0,0.478,2223.12,1160.1,alta,Client promiscu de Anestesia. Cicle habitual: 257 dies. La seva finestra de compra és ARA (retard: 0 dies). Share of wallet actual: 48%. Oportunitat de capturar 1160€ de quota de mercat.,2025-12-30,,,0.22013155765708114,televenda,1007
1000100129,Anestesia,Commodities,finestra_captura,promiscu,54,502.0,0.0,0.478,2223.12,1160.1,alta,Client promiscu de Anestesia. Cicle habitual: 502 dies. La seva finestra de compra és ARA (retard: 0 dies). Share of wallet actual: 48%. Oportunitat de capturar 1160€ de quota de mercat.,2025-12-30,,,0.22013155765708114,televenda,1008
35492,Anestesia,Commodities,finestra_captura,promiscu,62,564.0,0.0,0.478,2223.12,1160.1,alta,Client promiscu de Anestesia. Cicle habitual: 564 dies. La seva finestra de compra és ARA (retard: 0 dies). Share of wallet actual: 48%. Oportunitat de capturar 1160€ de quota de mercat.,2025-12-30,,,0.22013155765708114,televenda,1009
42885,Anestesia,Commodities,finestra_captura,promiscu,274,291.0,0.0,0.478,2223.12,1160.1,alta,Client promiscu de Anestesia. Cicle habitual: 291 dies. La seva finestra de compra és ARA (retard: 0 dies). Share of wallet actual: 48%. Oportunitat de capturar 1160€ de quota de mercat.,2025-12-30,,,0.22013155765708114,televenda,1010
1000082652,Anestesia,Commodities,finestra_captura,promiscu,160,258.0,0.0,0.478,2223.12,1160.1,alta,Client promiscu de Anestesia. Cicle habitual: 258 dies. La seva finestra de compra és ARA (retard: 0 dies). Share of wallet actual: 48%. Oportunitat de capturar 1160€ de quota de mercat.,2025-12-30,,,0.22013155765708114,televenda,1011
632,Anestesia,Commodities,finestra_captura,promiscu,281,738.0,0.0,0.478,2223.12,1160.1,alta,Client promiscu de Anestesia. Cicle habitual: 738 dies. La seva finestra de compra és ARA (retard: 0 dies). Share of wallet actual: 48%. Oportunitat de capturar 1160€ de quota de mercat.,2025-12-30,,,0.22013155765708114,televenda,1012
3478,Anestesia,Commodities,finestra_captura,promiscu,216,280.0,0.0,0.478,2223.12,1160.07,alta,Client promiscu de Anestesia. Cicle habitual: 280 dies. La seva finestra de compra és ARA (retard: 0 dies). Share of wallet actual: 48%. Oportunitat de capturar 1160€ de quota de mercat.,2025-12-30,,,0.22013075170011528,televenda,1013
1000100289,Anestesia,Commodities,finestra_captura,promiscu,20,458.0,0.0,0.478,2223.12,1160.07,alta,Client promiscu de Anestesia. Cicle habitual: 458 dies. La seva finestra de compra és ARA (retard: 0 dies). Share of wallet actual: 48%. Oportunitat de capturar 1160€ de quota de mercat.,2025-12-30,,,0.22013075170011528,televenda,1014
1000078746,Anestesia,Commodities,finestra_captura,promiscu,239,354.0,0.0,0.478,2223.12,1160.04,alta,Client promiscu de Anestesia. Cicle habitual: 354 dies. La seva finestra de compra és ARA (retard: 0 dies). Share of wallet actual: 48%. Oportunitat de capturar 1160€ de quota de mercat.,2025-12-30,,,0.2201299457223246,televenda,1015
6682,Anestesia,Commodities,finestra_captura,promiscu,153,585.0,0.0,0.661,3410.04,1155.76,alta,Client promiscu de Anestesia. Cicle habitual: 585 dies. La seva finestra de compra és ARA (retard: 0 dies). Share of wallet actual: 66%. Oportunitat de capturar 1156€ de quota de mercat.,2025-12-30,,,0.2200147456072945,televenda,1016
1000080268,Anestesia,Commodities,finestra_captura,promiscu,47,380.0,0.0,0.362,1802.36,1150.43,alta,Client promiscu de Anestesia. Cicle habitual: 380 dies. La seva finestra de compra és ARA (retard: 0 dies). Share of wallet actual: 36%. Oportunitat de capturar 1150€ de quota de mercat.,2025-12-30,,,0.21987068639544197,televenda,1017
37985,Anestesia,Commodities,finestra_captura,promiscu,176,250.0,0.0,0.483,2223.12,1150.34,alta,Client promiscu de Anestesia. Cicle habitual: 250 dies. La seva finestra de compra és ARA (retard: 0 dies). Share of wallet actual: 48%. Oportunitat de capturar 1150€ de quota de mercat.,2025-12-30,,,0.21986824815486003,televenda,1018
1000100002,Anestesia,Commodities,finestra_captura,promiscu,293,295.0,0.0,0.484,2223.12,1147.74,alta,Client promiscu de Anestesia. Cicle habitual: 295 dies. La seva finestra de compra és ARA (retard: 0 dies). Share of wallet actual: 48%. Oportunitat de capturar 1148€ de quota de mercat.,2025-12-30,,,0.21979772768456182,televenda,1019
30695,Anestesia,Commodities,finestra_captura,promiscu,207,324.0,0.0,0.484,2223.12,1146.7,alta,Client promiscu de Anestesia. Cicle habitual: 324 dies. La seva finestra de compra és ARA (retard: 0 dies). Share of wallet actual: 48%. Oportunitat de capturar 1147€ de quota de mercat.,2025-12-30,,,0.21976947479481498,televenda,1020
1000101621,Anestesia,Commodities,finestra_captura,promiscu,81,298.0,0.0,0.484,2223.12,1146.42,alta,Client promiscu de Anestesia. Cicle habitual: 298 dies. La seva finestra de compra és ARA (retard: 0 dies). Share of wallet actual: 48%. Oportunitat de capturar 1146€ de quota de mercat.,2025-12-30,,,0.21976186387327923,televenda,1021
31736,Anestesia,Commodities,finestra_captura,promiscu,182,441.0,0.0,0.484,2223.12,1146.42,alta,Client promiscu de Anestesia. Cicle habitual: 441 dies. La seva finestra de compra és ARA (retard: 0 dies). Share of wallet actual: 48%. Oportunitat de capturar 1146€ de quota de mercat.,2025-12-30,,,0.21976186387327923,televenda,1022
28605,Anestesia,Commodities,finestra_captura,promiscu,225,706.0,0.0,0.485,2223.12,1145.35,alta,Client promiscu de Anestesia. Cicle habitual: 706 dies. La seva finestra de compra és ARA (retard: 0 dies). Share of wallet actual: 48%. Oportunitat de capturar 1145€ de quota de mercat.,2025-12-30,,,0.21973276216054266,televenda,1023
26766,Anestesia,Commodities,finestra_captura,promiscu,272,288.0,0.0,0.485,2223.12,1143.99,alta,Client promiscu de Anestesia. Cicle habitual: 288 dies. La seva finestra de compra és ARA (retard: 0 dies). Share of wallet actual: 49%. Oportunitat de capturar 1144€ de quota de mercat.,2025-12-30,,,0.21969573383857557,televenda,1024
1000077960,Anestesia,Commodities,finestra_captura,promiscu,152,271.0,0.0,0.366,1802.36,1142.65,alta,Client promiscu de Anestesia. Cicle habitual: 271 dies. La seva finestra de compra és ARA (retard: 0 dies). Share of wallet actual: 37%. Oportunitat de capturar 1143€ de quota de mercat.,2025-12-30,,,0.21965920700948907,televenda,1025
6661,Anestesia,Commodities,finestra_captura,promiscu,221,250.0,0.0,0.366,1802.36,1142.65,alta,Client promiscu de Anestesia. Cicle habitual: 250 dies. La seva finestra de compra és ARA (retard: 0 dies). Share of wallet actual: 37%. Oportunitat de capturar 1143€ de quota de mercat.,2025-12-30,,,0.21965920700948907,televenda,1026
1000068451,Anestesia,Commodities,finestra_captura,promiscu,280,296.0,0.0,0.488,2223.12,1138.59,alta,Client promiscu de Anestesia. Cicle habitual: 296 dies. La seva finestra de compra és ARA (retard: 0 dies). Share of wallet actual: 49%. Oportunitat de capturar 1139€ de quota de mercat.,2025-12-30,,,0.21954827432168172,televenda,1027
1000068717,Anestesia,Commodities,finestra_captura,promiscu,251,366.0,0.0,0.488,2223.12,1138.59,alta,Client promiscu de Anestesia. Cicle habitual: 366 dies. La seva finestra de compra és ARA (retard: 0 dies). Share of wallet actual: 49%. Oportunitat de capturar 1139€ de quota de mercat.,2025-12-30,,,0.21954827432168172,televenda,1028
1000075946,Anestesia,Commodities,finestra_captura,promiscu,69,488.0,0.0,0.368,1802.36,1138.5,alta,Client promiscu de Anestesia. Cicle habitual: 488 dies. La seva finestra de compra és ARA (retard: 0 dies). Share of wallet actual: 37%. Oportunitat de capturar 1138€ de quota de mercat.,2025-12-30,,,0.21954581074750742,televenda,1029
8619,Anestesia,Commodities,finestra_captura,promiscu,223,383.0,0.0,0.368,1802.36,1138.5,alta,Client promiscu de Anestesia. Cicle habitual: 383 dies. La seva finestra de compra és ARA (retard: 0 dies). Share of wallet actual: 37%. Oportunitat de capturar 1138€ de quota de mercat.,2025-12-30,,,0.21954581074750742,televenda,1030
6742,Anestesia,Commodities,finestra_captura,promiscu,102,166.0,0.0,0.491,2223.12,1130.52,alta,Client promiscu de Anestesia. Cicle habitual: 166 dies. La seva finestra de compra és ARA (retard: 0 dies). Share of wallet actual: 49%. Oportunitat de capturar 1131€ de quota de mercat.,2025-12-30,,,0.21932659672641025,televenda,1031
25533,Anestesia,Commodities,finestra_captura,promiscu,231,614.0,0.0,0.492,2223.12,1129.58,alta,Client promiscu de Anestesia. Cicle habitual: 614 dies. La seva finestra de compra és ARA (retard: 0 dies). Share of wallet actual: 49%. Oportunitat de capturar 1130€ de quota de mercat.,2025-12-30,,,0.21930067280552015,televenda,1032
1000079238,Anestesia,Commodities,finestra_captura,promiscu,196,322.0,0.0,0.492,2223.12,1129.58,alta,Client promiscu de Anestesia. Cicle habitual: 322 dies. La seva finestra de compra és ARA (retard: 0 dies). Share of wallet actual: 49%. Oportunitat de capturar 1130€ de quota de mercat.,2025-12-30,,,0.21930067280552015,televenda,1033
1000059378,Bioseguridad,Commodities,finestra_captura,promiscu,81,139.0,0.0,0.324,1667.34,1126.69,alta,Client promiscu de Bioseguridad. Cicle habitual: 139 dies. La seva finestra de compra és ARA (retard: 0 dies). Share of wallet actual: 32%. Oportunitat de capturar 1127€ de quota de mercat.,2025-12-30,,,0.21922083532498315,televenda,1034
1000082097,Bioseguridad,Commodities,finestra_captura,promiscu,174,269.0,0.0,0.326,1667.34,1124.56,alta,Client promiscu de Bioseguridad. Cicle habitual: 269 dies. La seva finestra de compra és ARA (retard: 0 dies). Share of wallet actual: 33%. Oportunitat de capturar 1125€ de quota de mercat.,2025-12-30,,,0.21916186208864363,televenda,1035
8215,Bioseguridad,Commodities,finestra_captura,promiscu,112,430.0,0.0,0.326,1667.34,1124.56,alta,Client promiscu de Bioseguridad. Cicle habitual: 430 dies. La seva finestra de compra és ARA (retard: 0 dies). Share of wallet actual: 33%. Oportunitat de capturar 1125€ de quota de mercat.,2025-12-30,,,0.21916186208864363,televenda,1036
1000078182,Bioseguridad,Commodities,finestra_captura,promiscu,53,324.0,0.0,0.326,1667.34,1124.56,alta,Client promiscu de Bioseguridad. Cicle habitual: 324 dies. La seva finestra de compra és ARA (retard: 0 dies). Share of wallet actual: 33%. Oportunitat de capturar 1125€ de quota de mercat.,2025-12-30,,,0.21916186208864363,televenda,1037
1000080928,Anestesia,Commodities,finestra_captura,promiscu,195,268.0,0.0,0.495,2223.12,1123.62,alta,Client promiscu de Anestesia. Cicle habitual: 268 dies. La seva finestra de compra és ARA (retard: 0 dies). Share of wallet actual: 49%. Oportunitat de capturar 1124€ de quota de mercat.,2025-12-30,,,0.21913580083955186,televenda,1038
13583,Anestesia,Commodities,finestra_captura,promiscu,295,291.0,3.0,0.495,2223.12,1123.62,alta,Client promiscu de Anestesia. Cicle habitual: 291 dies. La seva finestra de compra és ARA (retard: 3 dies). Share of wallet actual: 49%. Oportunitat de capturar 1124€ de quota de mercat.,2025-12-30,,,0.21913580083955186,televenda,1039
1000074737,Anestesia,Commodities,finestra_captura,promiscu,89,264.0,0.0,0.495,2223.12,1123.62,alta,Client promiscu de Anestesia. Cicle habitual: 264 dies. La seva finestra de compra és ARA (retard: 0 dies). Share of wallet actual: 49%. Oportunitat de capturar 1124€ de quota de mercat.,2025-12-30,,,0.21913580083955186,televenda,1040
1000070279,Anestesia,Commodities,finestra_captura,promiscu,33,240.0,0.0,0.497,2223.12,1117.21,alta,Client promiscu de Anestesia. Cicle habitual: 240 dies. La seva finestra de compra és ARA (retard: 0 dies). Share of wallet actual: 50%. Oportunitat de capturar 1117€ de quota de mercat.,2025-12-30,,,0.21895750243212672,televenda,1041
1000081576,Anestesia,Commodities,finestra_captura,promiscu,313,317.0,0.0,0.673,3410.04,1116.59,alta,Client promiscu de Anestesia. Cicle habitual: 317 dies. La seva finestra de compra és ARA (retard: 0 dies). Share of wallet actual: 67%. Oportunitat de capturar 1117€ de quota de mercat.,2025-12-30,,,0.21894020254149998,televenda,1042
21248,Anestesia,Commodities,finestra_captura,promiscu,277,329.0,0.0,0.498,2223.12,1115.83,alta,Client promiscu de Anestesia. Cicle habitual: 329 dies. La seva finestra de compra és ARA (retard: 0 dies). Share of wallet actual: 50%. Oportunitat de capturar 1116€ de quota de mercat.,2025-12-30,,,0.2189189831264507,televenda,1043
1000037619,Anestesia,Commodities,finestra_captura,promiscu,81,353.0,0.0,0.498,2223.12,1115.8,alta,Client promiscu de Anestesia. Cicle habitual: 353 dies. La seva finestra de compra és ARA (retard: 0 dies). Share of wallet actual: 50%. Oportunitat de capturar 1116€ de quota de mercat.,2025-12-30,,,0.21891814522174516,televenda,1044
1000078434,Anestesia,Commodities,finestra_captura,promiscu,134,422.0,0.0,0.498,2223.12,1115.8,alta,Client promiscu de Anestesia. Cicle habitual: 422 dies. La seva finestra de compra és ARA (retard: 0 dies). Share of wallet actual: 50%. Oportunitat de capturar 1116€ de quota de mercat.,2025-12-30,,,0.21891814522174516,televenda,1045
1000082136,Anestesia,Commodities,finestra_captura,promiscu,201,368.0,0.0,0.498,2223.12,1115.8,alta,Client promiscu de Anestesia. Cicle habitual: 368 dies. La seva finestra de compra és ARA (retard: 0 dies). Share of wallet actual: 50%. Oportunitat de capturar 1116€ de quota de mercat.,2025-12-30,,,0.21891814522174516,televenda,1046
8504,Anestesia,Commodities,finestra_captura,promiscu,89,297.0,0.0,0.498,2223.12,1115.8,alta,Client promiscu de Anestesia. Cicle habitual: 297 dies. La seva finestra de compra és ARA (retard: 0 dies). Share of wallet actual: 50%. Oportunitat de capturar 1116€ de quota de mercat.,2025-12-30,,,0.21891814522174516,televenda,1047
1000078110,Anestesia,Commodities,finestra_captura,promiscu,291,303.0,0.0,0.498,2223.12,1115.8,alta,Client promiscu de Anestesia. Cicle habitual: 303 dies. La seva finestra de compra és ARA (retard: 0 dies). Share of wallet actual: 50%. Oportunitat de capturar 1116€ de quota de mercat.,2025-12-30,,,0.21891814522174516,televenda,1048
42580,Anestesia,Commodities,finestra_captura,promiscu,78,415.0,0.0,0.498,2223.12,1115.8,alta,Client promiscu de Anestesia. Cicle habitual: 415 dies. La seva finestra de compra és ARA (retard: 0 dies). Share of wallet actual: 50%. Oportunitat de capturar 1116€ de quota de mercat.,2025-12-30,,,0.21891814522174516,televenda,1049
1000042820,Anestesia,Commodities,finestra_captura,promiscu,223,338.0,0.0,0.498,2223.12,1115.8,alta,Client promiscu de Anestesia. Cicle habitual: 338 dies. La seva finestra de compra és ARA (retard: 0 dies). Share of wallet actual: 50%. Oportunitat de capturar 1116€ de quota de mercat.,2025-12-30,,,0.21891814522174516,televenda,1050
17612,Anestesia,Commodities,finestra_captura,promiscu,251,253.0,0.0,0.381,1802.36,1115.17,alta,Client promiscu de Anestesia. Cicle habitual: 253 dies. La seva finestra de compra és ARA (retard: 0 dies). Share of wallet actual: 38%. Oportunitat de capturar 1115€ de quota de mercat.,2025-12-30,,,0.21890054402160497,televenda,1051
29302,Anestesia,Commodities,finestra_captura,promiscu,265,306.0,0.0,0.381,1802.36,1115.17,alta,Client promiscu de Anestesia. Cicle habitual: 306 dies. La seva finestra de compra és ARA (retard: 0 dies). Share of wallet actual: 38%. Oportunitat de capturar 1115€ de quota de mercat.,2025-12-30,,,0.21890054402160497,televenda,1052
27897,Anestesia,Commodities,finestra_captura,promiscu,210,710.0,0.0,0.381,1802.36,1115.17,alta,Client promiscu de Anestesia. Cicle habitual: 710 dies. La seva finestra de compra és ARA (retard: 0 dies). Share of wallet actual: 38%. Oportunitat de capturar 1115€ de quota de mercat.,2025-12-30,,,0.21890054402160497,televenda,1053
12588,Anestesia,Commodities,finestra_captura,promiscu,113,280.0,0.0,0.381,1802.36,1115.17,alta,Client promiscu de Anestesia. Cicle habitual: 280 dies. La seva finestra de compra és ARA (retard: 0 dies). Share of wallet actual: 38%. Oportunitat de capturar 1115€ de quota de mercat.,2025-12-30,,,0.21890054402160497,televenda,1054
37232,Anestesia,Commodities,finestra_captura,promiscu,347,368.0,0.0,0.499,2223.12,1113.6,alta,Client promiscu de Anestesia. Cicle habitual: 368 dies. La seva finestra de compra és ARA (retard: 0 dies). Share of wallet actual: 50%. Oportunitat de capturar 1114€ de quota de mercat.,2025-12-30,,,0.21885663744895256,televenda,1055
21028,Bioseguridad,Commodities,finestra_captura,promiscu,221,263.0,0.0,0.334,1667.34,1110.81,alta,Client promiscu de Bioseguridad. Cicle habitual: 263 dies. La seva finestra de compra és ARA (retard: 0 dies). Share of wallet actual: 33%. Oportunitat de capturar 1111€ de quota de mercat.,2025-12-30,,,0.21877845956786476,televenda,1056
7736,Anestesia,Commodities,finestra_captura,promiscu,29,475.0,0.0,0.503,2223.12,1105.12,alta,Client promiscu de Anestesia. Cicle habitual: 475 dies. La seva finestra de compra és ARA (retard: 0 dies). Share of wallet actual: 50%. Oportunitat de capturar 1105€ de quota de mercat.,2025-12-30,,,0.21861841166328838,televenda,1057
18915,Anestesia,Commodities,finestra_captura,promiscu,118,253.0,0.0,0.503,2223.12,1104.43,alta,Client promiscu de Anestesia. Cicle habitual: 253 dies. La seva finestra de compra és ARA (retard: 0 dies). Share of wallet actual: 50%. Oportunitat de capturar 1104€ de quota de mercat.,2025-12-30,,,0.2185989474457009,televenda,1058
1000056374,Anestesia,Commodities,finestra_captura,promiscu,81,294.0,0.0,0.504,2223.12,1101.7,alta,Client promiscu de Anestesia. Cicle habitual: 294 dies. La seva finestra de compra és ARA (retard: 0 dies). Share of wallet actual: 50%. Oportunitat de capturar 1102€ de quota de mercat.,2025-12-30,,,0.21852181753318456,televenda,1059
1000100963,Anestesia,Commodities,risc_fuga,fidel,231,79.0,152.0,0.314,3410.04,89.33,alta,Client fidel de Anestesia. Cicle habitual: 79 dies (±59). Porta 231 dies sense comprar (152 dies de retard). Share of wallet últims 12m: 31%. Possible inici de fuga.,2025-12-30,,,0.21851808086018182,delegat,1060
1000063808,Anestesia,Commodities,finestra_captura,promiscu,321,406.0,0.0,0.505,2223.12,1100.95,alta,Client promiscu de Anestesia. Cicle habitual: 406 dies. La seva finestra de compra és ARA (retard: 0 dies). Share of wallet actual: 50%. Oportunitat de capturar 1101€ de quota de mercat.,2025-12-30,,,0.21850059455947515,televenda,1061
23733,Anestesia,Commodities,finestra_captura,promiscu,151,246.0,0.0,0.505,2223.12,1100.94,alta,Client promiscu de Anestesia. Cicle habitual: 246 dies. La seva finestra de compra és ARA (retard: 0 dies). Share of wallet actual: 50%. Oportunitat de capturar 1101€ de quota de mercat.,2025-12-30,,,0.2185003114889215,televenda,1062
8229,Bioseguridad,Commodities,finestra_captura,promiscu,293,742.0,0.0,0.34,1667.34,1100.26,alta,Client promiscu de Bioseguridad. Cicle habitual: 742 dies. La seva finestra de compra és ARA (retard: 0 dies). Share of wallet actual: 34%. Oportunitat de capturar 1100€ de quota de mercat.,2025-12-30,,,0.21848105666230866,televenda,1063
9217,Anestesia,Commodities,finestra_captura,promiscu,19,247.0,0.0,0.505,2223.12,1100.13,alta,Client promiscu de Anestesia. Cicle habitual: 247 dies. La seva finestra de compra és ARA (retard: 0 dies). Share of wallet actual: 51%. Oportunitat de capturar 1100€ de quota de mercat.,2025-12-30,,,0.21847737423879543,televenda,1064
5628,Anestesia,Commodities,finestra_captura,promiscu,236,247.0,0.0,0.506,2223.12,1098.28,alta,Client promiscu de Anestesia. Cicle habitual: 247 dies. La seva finestra de compra és ARA (retard: 0 dies). Share of wallet actual: 51%. Oportunitat de capturar 1098€ de quota de mercat.,2025-12-30,,,0.21842492335271213,televenda,1065
2095,Anestesia,Commodities,finestra_captura,promiscu,250,348.0,0.0,0.393,1802.36,1093.66,alta,Client promiscu de Anestesia. Cicle habitual: 348 dies. La seva finestra de compra és ARA (retard: 0 dies). Share of wallet actual: 39%. Oportunitat de capturar 1094€ de quota de mercat.,2025-12-30,,,0.21829355145307888,televenda,1066
28911,Anestesia,Commodities,finestra_captura,promiscu,133,738.0,0.0,0.393,1802.36,1093.66,alta,Client promiscu de Anestesia. Cicle habitual: 738 dies. La seva finestra de compra és ARA (retard: 0 dies). Share of wallet actual: 39%. Oportunitat de capturar 1094€ de quota de mercat.,2025-12-30,,,0.21829355145307888,televenda,1067
42426,Anestesia,Commodities,finestra_captura,promiscu,96,148.0,0.0,0.393,1802.36,1093.66,alta,Client promiscu de Anestesia. Cicle habitual: 148 dies. La seva finestra de compra és ARA (retard: 0 dies). Share of wallet actual: 39%. Oportunitat de capturar 1094€ de quota de mercat.,2025-12-30,,,0.21829355145307888,televenda,1068
1000082001,Bioseguridad,Commodities,finestra_captura,promiscu,203,545.0,0.0,0.344,1667.34,1093.22,alta,Client promiscu de Bioseguridad. Cicle habitual: 545 dies. La seva finestra de compra és ARA (retard: 0 dies). Share of wallet actual: 34%. Oportunitat de capturar 1093€ de quota de mercat.,2025-12-30,,,0.21828101093906377,televenda,1069
21189,Anestesia,Commodities,finestra_captura,promiscu,348,485.0,0.0,0.395,1802.36,1090.71,alta,Client promiscu de Anestesia. Cicle habitual: 485 dies. La seva finestra de compra és ARA (retard: 0 dies). Share of wallet actual: 39%. Oportunitat de capturar 1091€ de quota de mercat.,2025-12-30,,,0.21820937643302107,televenda,1070
3685,Anestesia,Commodities,finestra_captura,promiscu,216,308.0,0.0,0.511,2223.12,1086.81,alta,Client promiscu de Anestesia. Cicle habitual: 308 dies. La seva finestra de compra és ARA (retard: 0 dies). Share of wallet actual: 51%. Oportunitat de capturar 1087€ de quota de mercat.,2025-12-30,,,0.21809774440347646,televenda,1071
6715,Anestesia,Commodities,finestra_captura,promiscu,299,296.0,3.0,0.512,2223.12,1085.03,alta,Client promiscu de Anestesia. Cicle habitual: 296 dies. La seva finestra de compra és ARA (retard: 3 dies). Share of wallet actual: 51%. Oportunitat de capturar 1085€ de quota de mercat.,2025-12-30,,,0.21804666131671122,televenda,1072
1000067844,Anestesia,Commodities,finestra_captura,promiscu,281,342.0,0.0,0.512,2223.12,1084.81,alta,Client promiscu de Anestesia. Cicle habitual: 342 dies. La seva finestra de compra és ARA (retard: 0 dies). Share of wallet actual: 51%. Oportunitat de capturar 1085€ de quota de mercat.,2025-12-30,,,0.21804034186407162,televenda,1073
1000072095,Anestesia,Commodities,finestra_captura,promiscu,91,270.0,0.0,0.4,1802.36,1081.51,alta,Client promiscu de Anestesia. Cicle habitual: 270 dies. La seva finestra de compra és ARA (retard: 0 dies). Share of wallet actual: 40%. Oportunitat de capturar 1082€ de quota de mercat.,2025-12-30,,,0.21794539611872174,televenda,1074
1000074688,Anestesia,Commodities,finestra_captura,promiscu,210,399.0,0.0,0.402,1802.36,1077.15,alta,Client promiscu de Anestesia. Cicle habitual: 399 dies. La seva finestra de compra és ARA (retard: 0 dies). Share of wallet actual: 40%. Oportunitat de capturar 1077€ de quota de mercat.,2025-12-30,,,0.21781950785160994,televenda,1075
1000076289,Anestesia,Commodities,finestra_captura,promiscu,62,338.0,0.0,0.516,2223.12,1074.89,alta,Client promiscu de Anestesia. Cicle habitual: 338 dies. La seva finestra de compra és ARA (retard: 0 dies). Share of wallet actual: 52%. Oportunitat de capturar 1075€ de quota de mercat.,2025-12-30,,,0.21775405336160614,televenda,1076
14519,Anestesia,Commodities,finestra_captura,promiscu,131,317.0,0.0,0.518,2223.12,1071.37,alta,Client promiscu de Anestesia. Cicle habitual: 317 dies. La seva finestra de compra és ARA (retard: 0 dies). Share of wallet actual: 52%. Oportunitat de capturar 1071€ de quota de mercat.,2025-12-30,,,0.21765183219838258,televenda,1077
24047,Biomateriales,Productes Tècnics,silenci_anomal_crític,actiu_esporadic,351,67.0,,,16183.56,359.38,critica,Client actiu_esporadic de Biomaterials. Historial: 13 pedidos (1 últims 12m). Freqüència habitual: 67 ±48 dies. Porta 351 dies sense comprar (z=5.9). Anomalia crítica detectada.,2025-12-30,5.89,vermella,0.2176439477209111,televenda,1078
36609,Bioseguridad,Commodities,finestra_captura,promiscu,340,1151.0,0.0,0.358,1667.34,1071.05,alta,Client promiscu de Bioseguridad. Cicle habitual: 1151 dies. La seva finestra de compra és ARA (retard: 0 dies). Share of wallet actual: 36%. Oportunitat de capturar 1071€ de quota de mercat.,2025-12-30,,,0.2176425227330043,televenda,1079
1000068912,Anestesia,Commodities,finestra_captura,promiscu,118,487.0,0.0,0.407,1802.36,1069.36,alta,Client promiscu de Anestesia. Cicle habitual: 487 dies. La seva finestra de compra és ARA (retard: 0 dies). Share of wallet actual: 41%. Oportunitat de capturar 1069€ de quota de mercat.,2025-12-30,,,0.217593310982162,televenda,1080
37553,Anestesia,Commodities,finestra_captura,promiscu,118,487.0,0.0,0.407,1802.36,1069.36,alta,Client promiscu de Anestesia. Cicle habitual: 487 dies. La seva finestra de compra és ARA (retard: 0 dies). Share of wallet actual: 41%. Oportunitat de capturar 1069€ de quota de mercat.,2025-12-30,,,0.217593310982162,televenda,1081
2498,Bioseguridad,Commodities,finestra_captura,promiscu,188,374.0,0.0,0.36,1667.34,1067.29,alta,Client promiscu de Bioseguridad. Cicle habitual: 374 dies. La seva finestra de compra és ARA (retard: 0 dies). Share of wallet actual: 36%. Oportunitat de capturar 1067€ de quota de mercat.,2025-12-30,,,0.21753292788658604,televenda,1082
39365,Biomateriales,Productes Tècnics,silenci_anomal_vigilar,actiu_regular,99,56.0,,,36989.2,2551.87,mitjana,Client actiu_regular de Biomaterials. Historial: 30 pedidos (7 últims 12m). Freqüència habitual: 56 ±39 dies. Porta 99 dies sense comprar (z=1.1). Anomalia moderada detectada.,2025-12-30,1.11,groga,0.2175171834832005,delegat,1083
5255,Anestesia,Commodities,finestra_captura,promiscu,104,818.0,0.0,0.521,2223.12,1064.99,alta,Client promiscu de Anestesia. Cicle habitual: 818 dies. La seva finestra de compra és ARA (retard: 0 dies). Share of wallet actual: 52%. Oportunitat de capturar 1065€ de quota de mercat.,2025-12-30,,,0.21746569817965547,televenda,1084
8091,Anestesia,Commodities,finestra_captura,promiscu,55,191.0,0.0,0.521,2223.12,1064.65,alta,Client promiscu de Anestesia. Cicle habitual: 191 dies. La seva finestra de compra és ARA (retard: 0 dies). Share of wallet actual: 52%. Oportunitat de capturar 1065€ de quota de mercat.,2025-12-30,,,0.21745574757049865,televenda,1085
2200,Anestesia,Commodities,finestra_captura,promiscu,335,469.0,0.0,0.522,2223.12,1063.45,alta,Client promiscu de Anestesia. Cicle habitual: 469 dies. La seva finestra de compra és ARA (retard: 0 dies). Share of wallet actual: 52%. Oportunitat de capturar 1063€ de quota de mercat.,2025-12-30,,,0.21742060237946848,televenda,1086
1000082454,Biomateriales,Productes Tècnics,silenci_anomal_crític,actiu_esporadic,344,50.0,,,5548.38,357.03,critica,Client actiu_esporadic de Biomaterials. Historial: 22 pedidos (1 últims 12m). Freqüència habitual: 50 ±57 dies. Porta 344 dies sense comprar (z=5.1). Anomalia crítica detectada.,2025-12-30,5.14,vermella,0.2174020855954124,televenda,1087
1000082575,Anestesia,Commodities,finestra_captura,promiscu,83,203.0,0.0,0.522,2223.12,1062.38,alta,Client promiscu de Anestesia. Cicle habitual: 203 dies. La seva finestra de compra és ARA (retard: 0 dies). Share of wallet actual: 52%. Oportunitat de capturar 1062€ de quota de mercat.,2025-12-30,,,0.21738923115319175,televenda,1088
1000100173,Anestesia,Commodities,finestra_captura,promiscu,153,440.0,0.0,0.522,2223.12,1062.38,alta,Client promiscu de Anestesia. Cicle habitual: 440 dies. La seva finestra de compra és ARA (retard: 0 dies). Share of wallet actual: 52%. Oportunitat de capturar 1062€ de quota de mercat.,2025-12-30,,,0.21738923115319175,televenda,1089
27923,Anestesia,Commodities,finestra_captura,promiscu,88,483.0,0.0,0.522,2223.12,1062.38,alta,Client promiscu de Anestesia. Cicle habitual: 483 dies. La seva finestra de compra és ARA (retard: 0 dies). Share of wallet actual: 52%. Oportunitat de capturar 1062€ de quota de mercat.,2025-12-30,,,0.21738923115319175,televenda,1090
5748,Anestesia,Commodities,finestra_captura,promiscu,29,245.0,0.0,0.522,2223.12,1062.38,alta,Client promiscu de Anestesia. Cicle habitual: 245 dies. La seva finestra de compra és ARA (retard: 0 dies). Share of wallet actual: 52%. Oportunitat de capturar 1062€ de quota de mercat.,2025-12-30,,,0.21738923115319175,televenda,1091
41235,Anestesia,Commodities,finestra_captura,promiscu,165,329.0,0.0,0.522,2223.12,1062.38,alta,Client promiscu de Anestesia. Cicle habitual: 329 dies. La seva finestra de compra és ARA (retard: 0 dies). Share of wallet actual: 52%. Oportunitat de capturar 1062€ de quota de mercat.,2025-12-30,,,0.21738923115319175,televenda,1092
1000082744,Anestesia,Commodities,finestra_captura,promiscu,215,395.0,0.0,0.522,2223.12,1062.38,alta,Client promiscu de Anestesia. Cicle habitual: 395 dies. La seva finestra de compra és ARA (retard: 0 dies). Share of wallet actual: 52%. Oportunitat de capturar 1062€ de quota de mercat.,2025-12-30,,,0.21738923115319175,televenda,1093
35159,Anestesia,Commodities,finestra_captura,promiscu,287,560.0,0.0,0.411,1802.36,1060.82,alta,Client promiscu de Anestesia. Cicle habitual: 560 dies. La seva finestra de compra és ARA (retard: 0 dies). Share of wallet actual: 41%. Oportunitat de capturar 1061€ de quota de mercat.,2025-12-30,,,0.21734343705850814,televenda,1094
1000080454,Bioseguridad,Commodities,finestra_captura,promiscu,236,243.0,0.0,0.364,1667.34,1059.75,alta,Client promiscu de Bioseguridad. Cicle habitual: 243 dies. La seva finestra de compra és ARA (retard: 0 dies). Share of wallet actual: 36%. Oportunitat de capturar 1060€ de quota de mercat.,2025-12-30,,,0.21731198809030622,televenda,1095
13302,Anestesia,Commodities,finestra_captura,promiscu,216,317.0,0.0,0.418,1802.36,1049.38,alta,Client promiscu de Anestesia. Cicle habitual: 317 dies. La seva finestra de compra és ARA (retard: 0 dies). Share of wallet actual: 42%. Oportunitat de capturar 1049€ de quota de mercat.,2025-12-30,,,0.21700554355533072,televenda,1096
12010,Anestesia,Commodities,finestra_captura,promiscu,228,269.0,0.0,0.419,1802.36,1047.5,alta,Client promiscu de Anestesia. Cicle habitual: 269 dies. La seva finestra de compra és ARA (retard: 0 dies). Share of wallet actual: 42%. Oportunitat de capturar 1047€ de quota de mercat.,2025-12-30,,,0.21694966373966415,televenda,1097
42443,Anestesia,Commodities,finestra_captura,promiscu,194,932.0,0.0,0.419,1802.36,1047.5,alta,Client promiscu de Anestesia. Cicle habitual: 932 dies. La seva finestra de compra és ARA (retard: 0 dies). Share of wallet actual: 42%. Oportunitat de capturar 1047€ de quota de mercat.,2025-12-30,,,0.21694966373966415,televenda,1098
1000076512,Anestesia,Commodities,finestra_captura,promiscu,202,439.0,0.0,0.531,2223.12,1041.98,alta,Client promiscu de Anestesia. Cicle habitual: 439 dies. La seva finestra de compra és ARA (retard: 0 dies). Share of wallet actual: 53%. Oportunitat de capturar 1042€ de quota de mercat.,2025-12-30,,,0.21678501023512436,televenda,1099
1000071493,Anestesia,Commodities,finestra_captura,promiscu,27,558.0,0.0,0.531,2223.12,1041.98,alta,Client promiscu de Anestesia. Cicle habitual: 558 dies. La seva finestra de compra és ARA (retard: 0 dies). Share of wallet actual: 53%. Oportunitat de capturar 1042€ de quota de mercat.,2025-12-30,,,0.21678501023512436,televenda,1100
1000073138,Anestesia,Commodities,finestra_captura,promiscu,18,334.0,0.0,0.531,2223.12,1041.98,alta,Client promiscu de Anestesia. Cicle habitual: 334 dies. La seva finestra de compra és ARA (retard: 0 dies). Share of wallet actual: 53%. Oportunitat de capturar 1042€ de quota de mercat.,2025-12-30,,,0.21678501023512436,televenda,1101
23423,Anestesia,Commodities,finestra_captura,promiscu,204,250.0,0.0,0.531,2223.12,1041.98,alta,Client promiscu de Anestesia. Cicle habitual: 250 dies. La seva finestra de compra és ARA (retard: 0 dies). Share of wallet actual: 53%. Oportunitat de capturar 1042€ de quota de mercat.,2025-12-30,,,0.21678501023512436,televenda,1102
22281,Anestesia,Commodities,finestra_captura,promiscu,223,390.0,0.0,0.531,2223.12,1041.98,alta,Client promiscu de Anestesia. Cicle habitual: 390 dies. La seva finestra de compra és ARA (retard: 0 dies). Share of wallet actual: 53%. Oportunitat de capturar 1042€ de quota de mercat.,2025-12-30,,,0.21678501023512436,televenda,1103
1000076182,Anestesia,Commodities,finestra_captura,promiscu,215,392.0,0.0,0.531,2223.12,1041.98,alta,Client promiscu de Anestesia. Cicle habitual: 392 dies. La seva finestra de compra és ARA (retard: 0 dies). Share of wallet actual: 53%. Oportunitat de capturar 1042€ de quota de mercat.,2025-12-30,,,0.21678501023512436,televenda,1104
1000063557,Anestesia,Commodities,finestra_captura,promiscu,187,450.0,0.0,0.531,2223.12,1041.98,alta,Client promiscu de Anestesia. Cicle habitual: 450 dies. La seva finestra de compra és ARA (retard: 0 dies). Share of wallet actual: 53%. Oportunitat de capturar 1042€ de quota de mercat.,2025-12-30,,,0.21678501023512436,televenda,1105
1000060080,Anestesia,Commodities,finestra_captura,promiscu,217,262.0,0.0,0.531,2223.12,1041.98,alta,Client promiscu de Anestesia. Cicle habitual: 262 dies. La seva finestra de compra és ARA (retard: 0 dies). Share of wallet actual: 53%. Oportunitat de capturar 1042€ de quota de mercat.,2025-12-30,,,0.21678501023512436,televenda,1106
1000081560,Anestesia,Commodities,finestra_captura,promiscu,207,268.0,0.0,0.531,2223.12,1041.98,alta,Client promiscu de Anestesia. Cicle habitual: 268 dies. La seva finestra de compra és ARA (retard: 0 dies). Share of wallet actual: 53%. Oportunitat de capturar 1042€ de quota de mercat.,2025-12-30,,,0.21678501023512436,televenda,1107
17965,Anestesia,Commodities,finestra_captura,promiscu,105,337.0,0.0,0.531,2223.12,1041.88,alta,Client promiscu de Anestesia. Cicle habitual: 337 dies. La seva finestra de compra és ARA (retard: 0 dies). Share of wallet actual: 53%. Oportunitat de capturar 1042€ de quota de mercat.,2025-12-30,,,0.21678201935192543,televenda,1108
1000079143,Anestesia,Commodities,finestra_captura,promiscu,252,256.0,0.0,0.531,2223.12,1041.82,alta,Client promiscu de Anestesia. Cicle habitual: 256 dies. La seva finestra de compra és ARA (retard: 0 dies). Share of wallet actual: 53%. Oportunitat de capturar 1042€ de quota de mercat.,2025-12-30,,,0.2167802246843435,televenda,1109
12213,Anestesia,Commodities,finestra_captura,promiscu,263,283.0,0.0,0.531,2223.12,1041.57,alta,Client promiscu de Anestesia. Cicle habitual: 283 dies. La seva finestra de compra és ARA (retard: 0 dies). Share of wallet actual: 53%. Oportunitat de capturar 1042€ de quota de mercat.,2025-12-30,,,0.21677274579112163,televenda,1110
1000079862,Anestesia,Commodities,finestra_captura,promiscu,238,246.0,0.0,0.533,2223.12,1038.49,alta,Client promiscu de Anestesia. Cicle habitual: 246 dies. La seva finestra de compra és ARA (retard: 0 dies). Share of wallet actual: 53%. Oportunitat de capturar 1038€ de quota de mercat.,2025-12-30,,,0.21668045839316213,televenda,1111
1000073361,Anestesia,Commodities,finestra_captura,promiscu,61,426.0,0.0,0.533,2223.12,1038.48,alta,Client promiscu de Anestesia. Cicle habitual: 426 dies. La seva finestra de compra és ARA (retard: 0 dies). Share of wallet actual: 53%. Oportunitat de capturar 1038€ de quota de mercat.,2025-12-30,,,0.21668015831362156,televenda,1112
32501,Anestesia,Commodities,reposicio_pendent,fidel,89,46.0,43.0,1.5,4546.72,809.21,mitjana,Client fidel de Anestesia. Cicle habitual: 46 dies (±27). Porta 89 dies sense comprar (43 dies de retard). Share of wallet últims 12m: 150%. Possible retard de reposició.,2025-12-30,,,0.21664477045603645,delegat,1113
356,Anestesia,Commodities,finestra_captura,promiscu,266,295.0,0.0,0.537,2223.12,1028.79,alta,Client promiscu de Anestesia. Cicle habitual: 295 dies. La seva finestra de compra és ARA (retard: 0 dies). Share of wallet actual: 54%. Oportunitat de capturar 1029€ de quota de mercat.,2025-12-30,,,0.2163880160441116,televenda,1114
1000070700,Anestesia,Commodities,finestra_captura,promiscu,190,306.0,0.0,0.537,2223.12,1028.79,alta,Client promiscu de Anestesia. Cicle habitual: 306 dies. La seva finestra de compra és ARA (retard: 0 dies). Share of wallet actual: 54%. Oportunitat de capturar 1029€ de quota de mercat.,2025-12-30,,,0.2163880160441116,televenda,1115
37198,Anestesia,Commodities,finestra_captura,promiscu,19,375.0,0.0,0.537,2223.12,1028.76,alta,Client promiscu de Anestesia. Cicle habitual: 375 dies. La seva finestra de compra és ARA (retard: 0 dies). Share of wallet actual: 54%. Oportunitat de capturar 1029€ de quota de mercat.,2025-12-30,,,0.21638710731691999,televenda,1116
1000079073,Biomateriales,Productes Tècnics,silenci_anomal_crític,actiu_esporadic,159,15.0,,,0.0,346.89,critica,Client actiu_esporadic de Biomaterials. Historial: 2 pedidos (2 últims 12m). Freqüència habitual: 15 dies. Porta 159 dies sense comprar (z=32.0). Anomalia crítica detectada.,2025-12-30,32.0,vermella,0.21633994217406896,televenda,1117
1000078678,Biomateriales,Productes Tècnics,silenci_anomal_crític,actiu_esporadic,313,110.0,,,15721.98,2443.75,alta,Client actiu_esporadic de Biomaterials. Historial: 12 pedidos (2 últims 12m). Freqüència habitual: 110 ±64 dies. Porta 313 dies sense comprar (z=3.2). Anomalia crítica detectada.,2025-12-30,3.18,vermella,0.21631729008971484,televenda,1118
11005,Anestesia,Commodities,finestra_captura,promiscu,29,246.0,0.0,0.431,1802.36,1026.15,alta,Client promiscu de Anestesia. Cicle habitual: 246 dies. La seva finestra de compra és ARA (retard: 0 dies). Share of wallet actual: 43%. Oportunitat de capturar 1026€ de quota de mercat.,2025-12-30,,,0.21630794653789354,televenda,1119
1000081197,Anestesia,Commodities,finestra_captura,promiscu,111,344.0,0.0,0.539,2223.12,1024.23,alta,Client promiscu de Anestesia. Cicle habitual: 344 dies. La seva finestra de compra és ARA (retard: 0 dies). Share of wallet actual: 54%. Oportunitat de capturar 1024€ de quota de mercat.,2025-12-30,,,0.21624958480345244,televenda,1120
23332,Bioseguridad,Commodities,finestra_captura,promiscu,250,878.0,0.0,0.058,1086.44,1023.51,alta,Client promiscu de Bioseguridad. Cicle habitual: 878 dies. La seva finestra de compra és ARA (retard: 0 dies). Share of wallet actual: 6%. Oportunitat de capturar 1024€ de quota de mercat.,2025-12-30,,,0.21622767097050602,televenda,1121
40295,Bioseguridad,Commodities,finestra_captura,promiscu,88,852.0,0.0,0.06,1086.44,1021.5,alta,Client promiscu de Bioseguridad. Cicle habitual: 852 dies. La seva finestra de compra és ARA (retard: 0 dies). Share of wallet actual: 6%. Oportunitat de capturar 1022€ de quota de mercat.,2025-12-30,,,0.21616641324868124,televenda,1122
24533,Bioseguridad,Commodities,finestra_captura,promiscu,214,267.0,0.0,0.389,1667.34,1019.24,alta,Client promiscu de Bioseguridad. Cicle habitual: 267 dies. La seva finestra de compra és ARA (retard: 0 dies). Share of wallet actual: 39%. Oportunitat de capturar 1019€ de quota de mercat.,2025-12-30,,,0.21609739242594372,televenda,1123
23943,Bioseguridad,Commodities,finestra_captura,promiscu,146,485.0,0.0,0.389,1667.34,1019.24,alta,Client promiscu de Bioseguridad. Cicle habitual: 485 dies. La seva finestra de compra és ARA (retard: 0 dies). Share of wallet actual: 39%. Oportunitat de capturar 1019€ de quota de mercat.,2025-12-30,,,0.21609739242594372,televenda,1124
1000078364,Bioseguridad,Commodities,finestra_captura,promiscu,204,747.0,0.0,0.389,1667.34,1019.24,alta,Client promiscu de Bioseguridad. Cicle habitual: 747 dies. La seva finestra de compra és ARA (retard: 0 dies). Share of wallet actual: 39%. Oportunitat de capturar 1019€ de quota de mercat.,2025-12-30,,,0.21609739242594372,televenda,1125
1000039499,Anestesia,Commodities,finestra_captura,promiscu,97,415.0,0.0,0.437,1802.36,1014.5,alta,Client promiscu de Anestesia. Cicle habitual: 415 dies. La seva finestra de compra és ARA (retard: 0 dies). Share of wallet actual: 44%. Oportunitat de capturar 1014€ de quota de mercat.,2025-12-30,,,0.21595213396946789,televenda,1126
43020,Bioseguridad,Commodities,finestra_captura,promiscu,88,213.0,0.0,0.392,1667.34,1013.12,alta,Client promiscu de Bioseguridad. Cicle habitual: 213 dies. La seva finestra de compra és ARA (retard: 0 dies). Share of wallet actual: 39%. Oportunitat de capturar 1013€ de quota de mercat.,2025-12-30,,,0.21590971608272813,televenda,1127
1000069630,Anestesia,Commodities,finestra_captura,promiscu,42,240.0,0.0,0.438,1802.36,1012.62,alta,Client promiscu de Anestesia. Cicle habitual: 240 dies. La seva finestra de compra és ARA (retard: 0 dies). Share of wallet actual: 44%. Oportunitat de capturar 1013€ de quota de mercat.,2025-12-30,,,0.21589433303620617,televenda,1128
28687,Biomateriales,Productes Tècnics,silenci_anomal_crític,actiu_esporadic,309,19.0,,,0.0,342.64,critica,Client actiu_esporadic de Biomaterials. Historial: 2 pedidos (2 últims 12m). Freqüència habitual: 19 dies. Porta 309 dies sense comprar (z=50.9). Anomalia crítica detectada.,2025-12-30,50.88,vermella,0.21588552556628648,televenda,1129
1000080267,Anestesia,Commodities,reposicio_pendent,fidel,68,45.0,23.0,1.5,3410.04,789.91,mitjana,Client fidel de Anestesia. Cicle habitual: 45 dies (±31). Porta 68 dies sense comprar (23 dies de retard). Share of wallet últims 12m: 150%. Possible retard de reposició.,2025-12-30,,,0.2158648804804957,delegat,1130
1000079456,Anestesia,Commodities,finestra_captura,promiscu,111,431.0,0.0,0.546,2223.12,1009.14,alta,Client promiscu de Anestesia. Cicle habitual: 431 dies. La seva finestra de compra és ARA (retard: 0 dies). Share of wallet actual: 55%. Oportunitat de capturar 1009€ de quota de mercat.,2025-12-30,,,0.21578705636895465,televenda,1131
1000056305,Anestesia,Commodities,finestra_captura,promiscu,28,345.0,0.0,0.548,2223.12,1004.14,alta,Client promiscu de Anestesia. Cicle habitual: 345 dies. La seva finestra de compra és ARA (retard: 0 dies). Share of wallet actual: 55%. Oportunitat de capturar 1004€ de quota de mercat.,2025-12-30,,,0.21563227449186598,televenda,1132
27760,Anestesia,Commodities,finestra_captura,promiscu,25,194.0,0.0,0.549,2223.12,1001.79,alta,Client promiscu de Anestesia. Cicle habitual: 194 dies. La seva finestra de compra és ARA (retard: 0 dies). Share of wallet actual: 55%. Oportunitat de capturar 1002€ de quota de mercat.,2025-12-30,,,0.2155592608349593,televenda,1133
37307,Anestesia,Commodities,finestra_captura,promiscu,279,1279.0,0.0,0.552,2223.12,995.19,alta,Client promiscu de Anestesia. Cicle habitual: 1279 dies. La seva finestra de compra és ARA (retard: 0 dies). Share of wallet actual: 55%. Oportunitat de capturar 995€ de quota de mercat.,2025-12-30,,,0.21535328243828408,televenda,1134
1000078280,Anestesia,Commodities,finestra_captura,promiscu,96,400.0,0.0,0.451,1802.36,989.16,alta,Client promiscu de Anestesia. Cicle habitual: 400 dies. La seva finestra de compra és ARA (retard: 0 dies). Share of wallet actual: 45%. Oportunitat de capturar 989€ de quota de mercat.,2025-12-30,,,0.2151638966089227,televenda,1135
42407,Anestesia,Commodities,finestra_captura,promiscu,120,237.0,0.0,0.555,2223.12,988.46,alta,Client promiscu de Anestesia. Cicle habitual: 237 dies. La seva finestra de compra és ARA (retard: 0 dies). Share of wallet actual: 56%. Oportunitat de capturar 988€ de quota de mercat.,2025-12-30,,,0.21514183684634638,televenda,1136
36639,Biomateriales,Productes Tècnics,silenci_anomal_vigilar,actiu_regular,36,18.0,,,32367.12,2323.82,mitjana,Client actiu_regular de Biomaterials. Historial: 98 pedidos (15 últims 12m). Freqüència habitual: 18 ±14 dies. Porta 36 dies sense comprar (z=1.2). Anomalia moderada detectada.,2025-12-30,1.22,groga,0.21492261755881736,delegat,1137
10900,Anestesia,Commodities,finestra_captura,promiscu,47,886.0,0.0,0.458,1802.36,977.73,alta,Client promiscu de Anestesia. Cicle habitual: 886 dies. La seva finestra de compra és ARA (retard: 0 dies). Share of wallet actual: 46%. Oportunitat de capturar 978€ de quota de mercat.,2025-12-30,,,0.21480172511486761,televenda,1138
801,Anestesia,Commodities,finestra_captura,promiscu,36,443.0,0.0,0.458,1802.36,977.73,alta,Client promiscu de Anestesia. Cicle habitual: 443 dies. La seva finestra de compra és ARA (retard: 0 dies). Share of wallet actual: 46%. Oportunitat de capturar 978€ de quota de mercat.,2025-12-30,,,0.21480172511486761,televenda,1139
1000079704,Anestesia,Commodities,finestra_captura,promiscu,328,530.0,0.0,0.566,2223.12,965.67,alta,Client promiscu de Anestesia. Cicle habitual: 530 dies. La seva finestra de compra és ARA (retard: 0 dies). Share of wallet actual: 57%. Oportunitat de capturar 966€ de quota de mercat.,2025-12-30,,,0.21441497667683665,televenda,1140
12251,Anestesia,Commodities,finestra_captura,promiscu,235,617.0,0.0,0.566,2223.12,964.67,alta,Client promiscu de Anestesia. Cicle habitual: 617 dies. La seva finestra de compra és ARA (retard: 0 dies). Share of wallet actual: 57%. Oportunitat de capturar 965€ de quota de mercat.,2025-12-30,,,0.21438269165359336,televenda,1141
12339,Anestesia,Commodities,finestra_captura,promiscu,68,572.0,0.0,0.566,2223.12,964.67,alta,Client promiscu de Anestesia. Cicle habitual: 572 dies. La seva finestra de compra és ARA (retard: 0 dies). Share of wallet actual: 57%. Oportunitat de capturar 965€ de quota de mercat.,2025-12-30,,,0.21438269165359336,televenda,1142
31101,Biomateriales,Productes Tècnics,silenci_anomal_vigilar,actiu_regular,116,52.0,,,32367.12,2278.51,mitjana,Client actiu_regular de Biomaterials. Historial: 34 pedidos (6 últims 12m). Freqüència habitual: 52 ±41 dies. Porta 116 dies sense comprar (z=1.6). Anomalia moderada detectada.,2025-12-30,1.58,groga,0.21437689271492233,delegat,1143
27948,Anestesia,Commodities,finestra_captura,promiscu,7,1475.0,0.0,0.465,1802.36,964.24,alta,Client promiscu de Anestesia. Cicle habitual: 1475 dies. La seva finestra de compra és ARA (retard: 0 dies). Share of wallet actual: 47%. Oportunitat de capturar 964€ de quota de mercat.,2025-12-30,,,0.21436879881341506,televenda,1144
23814,Anestesia,Commodities,finestra_captura,promiscu,103,504.0,0.0,0.567,2223.12,961.56,alta,Client promiscu de Anestesia. Cicle habitual: 504 dies. La seva finestra de compra és ARA (retard: 0 dies). Share of wallet actual: 57%. Oportunitat de capturar 962€ de quota de mercat.,2025-12-30,,,0.2142820711379078,televenda,1145
1000100654,Anestesia,Commodities,finestra_captura,promiscu,187,250.0,0.0,0.567,2223.12,961.53,alta,Client promiscu de Anestesia. Cicle habitual: 250 dies. La seva finestra de compra és ARA (retard: 0 dies). Share of wallet actual: 57%. Oportunitat de capturar 962€ de quota de mercat.,2025-12-30,,,0.21428109893967937,televenda,1146
1000080497,Anestesia,Commodities,finestra_captura,promiscu,117,282.0,0.0,0.569,2223.12,958.42,alta,Client promiscu de Anestesia. Cicle habitual: 282 dies. La seva finestra de compra és ARA (retard: 0 dies). Share of wallet actual: 57%. Oportunitat de capturar 958€ de quota de mercat.,2025-12-30,,,0.2141801496444003,televenda,1147
28706,Bioseguridad,Commodities,finestra_captura,promiscu,28,1707.0,0.0,0.124,1086.44,951.42,alta,Client promiscu de Bioseguridad. Cicle habitual: 1707 dies. La seva finestra de compra és ARA (retard: 0 dies). Share of wallet actual: 12%. Oportunitat de capturar 951€ de quota de mercat.,2025-12-30,,,0.21395173021329458,televenda,1148
6611,Bioseguridad,Commodities,finestra_captura,promiscu,28,335.0,0.0,0.124,1086.44,951.42,alta,Client promiscu de Bioseguridad. Cicle habitual: 335 dies. La seva finestra de compra és ARA (retard: 0 dies). Share of wallet actual: 12%. Oportunitat de capturar 951€ de quota de mercat.,2025-12-30,,,0.21395173021329458,televenda,1149
33195,Bioseguridad,Commodities,finestra_captura,promiscu,28,349.0,0.0,0.124,1086.44,951.42,alta,Client promiscu de Bioseguridad. Cicle habitual: 349 dies. La seva finestra de compra és ARA (retard: 0 dies). Share of wallet actual: 12%. Oportunitat de capturar 951€ de quota de mercat.,2025-12-30,,,0.21395173021329458,televenda,1150
12209,Anestesia,Commodities,finestra_captura,promiscu,208,399.0,0.0,0.574,2223.12,947.49,alta,Client promiscu de Anestesia. Cicle habitual: 399 dies. La seva finestra de compra és ARA (retard: 0 dies). Share of wallet actual: 57%. Oportunitat de capturar 947€ de quota de mercat.,2025-12-30,,,0.21382275203981022,televenda,1151
26919,Biomateriales,Productes Tècnics,silenci_anomal_vigilar,actiu_regular,112,58.0,,,13872.52,2233.16,mitjana,Client actiu_regular de Biomaterials. Historial: 30 pedidos (4 últims 12m). Freqüència habitual: 58 ±40 dies. Porta 112 dies sense comprar (z=1.4). Anomalia moderada detectada.,2025-12-30,1.36,groga,0.2138197144228701,delegat,1152
43018,Anestesia,Commodities,finestra_captura,promiscu,88,213.0,0.0,0.575,2223.12,944.08,alta,Client promiscu de Anestesia. Cicle habitual: 213 dies. La seva finestra de compra és ARA (retard: 0 dies). Share of wallet actual: 58%. Oportunitat de capturar 944€ de quota de mercat.,2025-12-30,,,0.21371040591605406,televenda,1153
5718,Anestesia,Commodities,finestra_captura,promiscu,116,258.0,0.0,0.576,2223.12,942.32,alta,Client promiscu de Anestesia. Cicle habitual: 258 dies. La seva finestra de compra és ARA (retard: 0 dies). Share of wallet actual: 58%. Oportunitat de capturar 942€ de quota de mercat.,2025-12-30,,,0.2136522621162328,televenda,1154
15577,Anestesia,Commodities,finestra_captura,promiscu,209,263.0,0.0,0.577,2223.12,940.37,alta,Client promiscu de Anestesia. Cicle habitual: 263 dies. La seva finestra de compra és ARA (retard: 0 dies). Share of wallet actual: 58%. Oportunitat de capturar 940€ de quota de mercat.,2025-12-30,,,0.2135877146128837,televenda,1155
39212,Bioseguridad,Commodities,finestra_captura,promiscu,99,310.0,0.0,0.437,1667.34,938.23,alta,Client promiscu de Bioseguridad. Cicle habitual: 310 dies. La seva finestra de compra és ARA (retard: 0 dies). Share of wallet actual: 44%. Oportunitat de capturar 938€ de quota de mercat.,2025-12-30,,,0.2135167238018719,televenda,1156
8808,Anestesia,Commodities,finestra_captura,promiscu,329,356.0,0.0,0.58,2223.12,933.05,alta,Client promiscu de Anestesia. Cicle habitual: 356 dies. La seva finestra de compra és ARA (retard: 0 dies). Share of wallet actual: 58%. Oportunitat de capturar 933€ de quota de mercat.,2025-12-30,,,0.2133442143962251,televenda,1157
27567,Anestesia,Commodities,finestra_captura,promiscu,306,423.0,0.0,0.58,2223.12,933.05,alta,Client promiscu de Anestesia. Cicle habitual: 423 dies. La seva finestra de compra és ARA (retard: 0 dies). Share of wallet actual: 58%. Oportunitat de capturar 933€ de quota de mercat.,2025-12-30,,,0.2133442143962251,televenda,1158
28105,Anestesia,Commodities,finestra_captura,promiscu,308,492.0,0.0,0.58,2223.12,933.05,alta,Client promiscu de Anestesia. Cicle habitual: 492 dies. La seva finestra de compra és ARA (retard: 0 dies). Share of wallet actual: 58%. Oportunitat de capturar 933€ de quota de mercat.,2025-12-30,,,0.2133442143962251,televenda,1159
30313,Anestesia,Commodities,finestra_captura,promiscu,344,552.0,0.0,0.58,2223.12,933.05,alta,Client promiscu de Anestesia. Cicle habitual: 552 dies. La seva finestra de compra és ARA (retard: 0 dies). Share of wallet actual: 58%. Oportunitat de capturar 933€ de quota de mercat.,2025-12-30,,,0.2133442143962251,televenda,1160
37656,Anestesia,Commodities,risc_fuga,fidel,88,36.0,51.0,0.432,2223.12,80.07,alta,Client fidel de Anestesia. Cicle habitual: 36 dies (±17). Porta 88 dies sense comprar (51 dies de retard). Share of wallet últims 12m: 43%. Possible inici de fuga.,2025-12-30,,,0.21327008631411098,delegat,1161
1000081026,Bioseguridad,Commodities,finestra_captura,promiscu,48,1100.0,0.0,0.146,1086.44,927.43,alta,Client promiscu de Bioseguridad. Cicle habitual: 1100 dies. La seva finestra de compra és ARA (retard: 0 dies). Share of wallet actual: 15%. Oportunitat de capturar 927€ de quota de mercat.,2025-12-30,,,0.21315596628627634,televenda,1162
9546,Bioseguridad,Commodities,finestra_captura,promiscu,126,608.0,0.0,0.146,1086.44,927.43,alta,Client promiscu de Bioseguridad. Cicle habitual: 608 dies. La seva finestra de compra és ARA (retard: 0 dies). Share of wallet actual: 15%. Oportunitat de capturar 927€ de quota de mercat.,2025-12-30,,,0.21315596628627634,televenda,1163
1451,Bioseguridad,Commodities,finestra_captura,promiscu,176,306.0,0.0,0.146,1086.44,927.43,alta,Client promiscu de Bioseguridad. Cicle habitual: 306 dies. La seva finestra de compra és ARA (retard: 0 dies). Share of wallet actual: 15%. Oportunitat de capturar 927€ de quota de mercat.,2025-12-30,,,0.21315596628627634,televenda,1164
1000071765,Anestesia,Commodities,finestra_captura,promiscu,195,199.0,0.0,0.583,2223.12,927.09,alta,Client promiscu de Anestesia. Cicle habitual: 199 dies. La seva finestra de compra és ARA (retard: 0 dies). Share of wallet actual: 58%. Oportunitat de capturar 927€ de quota de mercat.,2025-12-30,,,0.2131445410839837,televenda,1165
13666,Anestesia,Commodities,finestra_captura,promiscu,29,172.0,0.0,0.585,2223.12,922.9,alta,Client promiscu de Anestesia. Cicle habitual: 172 dies. La seva finestra de compra és ARA (retard: 0 dies). Share of wallet actual: 58%. Oportunitat de capturar 923€ de quota de mercat.,2025-12-30,,,0.2130033976318809,televenda,1166
43096,Bioseguridad,Commodities,finestra_captura,promiscu,74,116.0,0.0,0.447,1667.34,922.03,alta,Client promiscu de Bioseguridad. Cicle habitual: 116 dies. La seva finestra de compra és ARA (retard: 0 dies). Share of wallet actual: 45%. Oportunitat de capturar 922€ de quota de mercat.,2025-12-30,,,0.21297401075335962,televenda,1167
18590,Biomateriales,Productes Tècnics,silenci_anomal_crític,actiu_esporadic,340,92.0,,,7397.84,2161.3,alta,Client actiu_esporadic de Biomaterials. Historial: 15 pedidos (2 últims 12m). Freqüència habitual: 92 ±75 dies. Porta 340 dies sense comprar (z=3.3). Anomalia crítica detectada.,2025-12-30,3.32,vermella,0.21291324146548965,televenda,1168
4759,Anestesia,Commodities,finestra_captura,promiscu,105,321.0,0.0,0.492,1802.36,916.5,alta,Client promiscu de Anestesia. Cicle habitual: 321 dies. La seva finestra de compra és ARA (retard: 0 dies). Share of wallet actual: 49%. Oportunitat de capturar 916€ de quota de mercat.,2025-12-30,,,0.21278656821964823,televenda,1169
1000066177,Anestesia,Commodities,finestra_captura,promiscu,210,262.0,0.0,0.492,1802.36,916.35,alta,Client promiscu de Anestesia. Cicle habitual: 262 dies. La seva finestra de compra és ARA (retard: 0 dies). Share of wallet actual: 49%. Oportunitat de capturar 916€ de quota de mercat.,2025-12-30,,,0.21278146815944846,televenda,1170
1000101822,Anestesia,Commodities,finestra_captura,promiscu,81,143.0,0.0,0.591,2223.12,910.22,alta,Client promiscu de Anestesia. Cicle habitual: 143 dies. La seva finestra de compra és ARA (retard: 0 dies). Share of wallet actual: 59%. Oportunitat de capturar 910€ de quota de mercat.,2025-12-30,,,0.21257232911485144,televenda,1171
18181,Anestesia,Commodities,finestra_captura,promiscu,92,463.0,0.0,0.496,1802.36,909.03,alta,Client promiscu de Anestesia. Cicle habitual: 463 dies. La seva finestra de compra és ARA (retard: 0 dies). Share of wallet actual: 50%. Oportunitat de capturar 909€ de quota de mercat.,2025-12-30,,,0.21253156649703614,televenda,1172
1000081777,Bioseguridad,Commodities,finestra_captura,promiscu,308,531.0,0.0,0.165,1086.44,907.55,alta,Client promiscu de Bioseguridad. Cicle habitual: 531 dies. La seva finestra de compra és ARA (retard: 0 dies). Share of wallet actual: 16%. Oportunitat de capturar 908€ de quota de mercat.,2025-12-30,,,0.21248079569672712,televenda,1173
40268,Anestesia,Commodities,finestra_captura,promiscu,278,424.0,0.0,0.593,2223.12,905.58,alta,Client promiscu de Anestesia. Cicle habitual: 424 dies. La seva finestra de compra és ARA (retard: 0 dies). Share of wallet actual: 59%. Oportunitat de capturar 906€ de quota de mercat.,2025-12-30,,,0.21241308718457783,televenda,1174
1000080885,Anestesia,Commodities,finestra_captura,promiscu,48,229.0,0.0,0.594,2223.12,903.28,alta,Client promiscu de Anestesia. Cicle habitual: 229 dies. La seva finestra de compra és ARA (retard: 0 dies). Share of wallet actual: 59%. Oportunitat de capturar 903€ de quota de mercat.,2025-12-30,,,0.21233385022505571,televenda,1175
1000082539,Anestesia,Commodities,finestra_captura,promiscu,105,404.0,0.0,0.594,2223.12,903.28,alta,Client promiscu de Anestesia. Cicle habitual: 404 dies. La seva finestra de compra és ARA (retard: 0 dies). Share of wallet actual: 59%. Oportunitat de capturar 903€ de quota de mercat.,2025-12-30,,,0.21233385022505571,televenda,1176
24195,Anestesia,Commodities,finestra_captura,promiscu,81,336.0,0.0,0.594,2223.12,902.12,alta,Client promiscu de Anestesia. Cicle habitual: 336 dies. La seva finestra de compra és ARA (retard: 0 dies). Share of wallet actual: 59%. Oportunitat de capturar 902€ de quota de mercat.,2025-12-30,,,0.21229381074957693,televenda,1177
1000101014,Anestesia,Commodities,finestra_captura,promiscu,95,176.0,0.0,0.596,2223.12,899.08,alta,Client promiscu de Anestesia. Cicle habitual: 176 dies. La seva finestra de compra és ARA (retard: 0 dies). Share of wallet actual: 60%. Oportunitat de capturar 899€ de quota de mercat.,2025-12-30,,,0.21218863522059359,televenda,1178
21018,Anestesia,Commodities,finestra_captura,promiscu,7,225.0,0.0,0.598,2223.12,894.33,alta,Client promiscu de Anestesia. Cicle habitual: 225 dies. La seva finestra de compra és ARA (retard: 0 dies). Share of wallet actual: 60%. Oportunitat de capturar 894€ de quota de mercat.,2025-12-30,,,0.21202358519661826,televenda,1179
1000082070,Anestesia,Commodities,finestra_captura,promiscu,84,326.0,0.0,0.598,2223.12,894.33,alta,Client promiscu de Anestesia. Cicle habitual: 326 dies. La seva finestra de compra és ARA (retard: 0 dies). Share of wallet actual: 60%. Oportunitat de capturar 894€ de quota de mercat.,2025-12-30,,,0.21202358519661826,televenda,1180
1000058783,Anestesia,Commodities,finestra_captura,promiscu,251,511.0,0.0,0.598,2223.12,894.33,alta,Client promiscu de Anestesia. Cicle habitual: 511 dies. La seva finestra de compra és ARA (retard: 0 dies). Share of wallet actual: 60%. Oportunitat de capturar 894€ de quota de mercat.,2025-12-30,,,0.21202358519661826,televenda,1181
1000042016,Anestesia,Commodities,finestra_captura,promiscu,224,497.0,0.0,0.598,2223.12,894.33,alta,Client promiscu de Anestesia. Cicle habitual: 497 dies. La seva finestra de compra és ARA (retard: 0 dies). Share of wallet actual: 60%. Oportunitat de capturar 894€ de quota de mercat.,2025-12-30,,,0.21202358519661826,televenda,1182
2143,Anestesia,Commodities,finestra_captura,promiscu,28,290.0,0.0,0.598,2223.12,894.33,alta,Client promiscu de Anestesia. Cicle habitual: 290 dies. La seva finestra de compra és ARA (retard: 0 dies). Share of wallet actual: 60%. Oportunitat de capturar 894€ de quota de mercat.,2025-12-30,,,0.21202358519661826,televenda,1183
1000061512,Anestesia,Commodities,finestra_captura,promiscu,239,503.0,0.0,0.598,2223.12,894.33,alta,Client promiscu de Anestesia. Cicle habitual: 503 dies. La seva finestra de compra és ARA (retard: 0 dies). Share of wallet actual: 60%. Oportunitat de capturar 894€ de quota de mercat.,2025-12-30,,,0.21202358519661826,televenda,1184
13105,Anestesia,Commodities,finestra_captura,promiscu,112,198.0,0.0,0.598,2223.12,894.33,alta,Client promiscu de Anestesia. Cicle habitual: 198 dies. La seva finestra de compra és ARA (retard: 0 dies). Share of wallet actual: 60%. Oportunitat de capturar 894€ de quota de mercat.,2025-12-30,,,0.21202358519661826,televenda,1185
1000100380,Anestesia,Commodities,finestra_captura,promiscu,113,691.0,0.0,0.598,2223.12,894.33,alta,Client promiscu de Anestesia. Cicle habitual: 691 dies. La seva finestra de compra és ARA (retard: 0 dies). Share of wallet actual: 60%. Oportunitat de capturar 894€ de quota de mercat.,2025-12-30,,,0.21202358519661826,televenda,1186
7497,Anestesia,Commodities,finestra_captura,promiscu,125,271.0,0.0,0.598,2223.12,894.33,alta,Client promiscu de Anestesia. Cicle habitual: 271 dies. La seva finestra de compra és ARA (retard: 0 dies). Share of wallet actual: 60%. Oportunitat de capturar 894€ de quota de mercat.,2025-12-30,,,0.21202358519661826,televenda,1187
1000076071,Anestesia,Commodities,finestra_captura,promiscu,173,256.0,0.0,0.598,2223.12,894.33,alta,Client promiscu de Anestesia. Cicle habitual: 256 dies. La seva finestra de compra és ARA (retard: 0 dies). Share of wallet actual: 60%. Oportunitat de capturar 894€ de quota de mercat.,2025-12-30,,,0.21202358519661826,televenda,1188
26574,Anestesia,Commodities,finestra_captura,promiscu,196,682.0,0.0,0.598,2223.12,894.33,alta,Client promiscu de Anestesia. Cicle habitual: 682 dies. La seva finestra de compra és ARA (retard: 0 dies). Share of wallet actual: 60%. Oportunitat de capturar 894€ de quota de mercat.,2025-12-30,,,0.21202358519661826,televenda,1189
1000075266,Anestesia,Commodities,finestra_captura,promiscu,33,373.0,0.0,0.598,2223.12,894.33,alta,Client promiscu de Anestesia. Cicle habitual: 373 dies. La seva finestra de compra és ARA (retard: 0 dies). Share of wallet actual: 60%. Oportunitat de capturar 894€ de quota de mercat.,2025-12-30,,,0.21202358519661826,televenda,1190
8850,Anestesia,Commodities,finestra_captura,promiscu,214,255.0,0.0,0.598,2223.12,894.33,alta,Client promiscu de Anestesia. Cicle habitual: 255 dies. La seva finestra de compra és ARA (retard: 0 dies). Share of wallet actual: 60%. Oportunitat de capturar 894€ de quota de mercat.,2025-12-30,,,0.21202358519661826,televenda,1191
41014,Anestesia,Commodities,finestra_captura,promiscu,160,177.0,0.0,0.598,2223.12,894.33,alta,Client promiscu de Anestesia. Cicle habitual: 177 dies. La seva finestra de compra és ARA (retard: 0 dies). Share of wallet actual: 60%. Oportunitat de capturar 894€ de quota de mercat.,2025-12-30,,,0.21202358519661826,televenda,1192
1000040383,Anestesia,Commodities,finestra_captura,promiscu,244,501.0,0.0,0.598,2223.12,894.33,alta,Client promiscu de Anestesia. Cicle habitual: 501 dies. La seva finestra de compra és ARA (retard: 0 dies). Share of wallet actual: 60%. Oportunitat de capturar 894€ de quota de mercat.,2025-12-30,,,0.21202358519661826,televenda,1193
27691,Anestesia,Commodities,finestra_captura,promiscu,69,458.0,0.0,0.598,2223.12,894.33,alta,Client promiscu de Anestesia. Cicle habitual: 458 dies. La seva finestra de compra és ARA (retard: 0 dies). Share of wallet actual: 60%. Oportunitat de capturar 894€ de quota de mercat.,2025-12-30,,,0.21202358519661826,televenda,1194
27726,Anestesia,Commodities,finestra_captura,promiscu,69,109.0,0.0,0.598,2223.12,894.33,alta,Client promiscu de Anestesia. Cicle habitual: 109 dies. La seva finestra de compra és ARA (retard: 0 dies). Share of wallet actual: 60%. Oportunitat de capturar 894€ de quota de mercat.,2025-12-30,,,0.21202358519661826,televenda,1195
1000063805,Anestesia,Commodities,finestra_captura,promiscu,111,501.0,0.0,0.598,2223.12,894.33,alta,Client promiscu de Anestesia. Cicle habitual: 501 dies. La seva finestra de compra és ARA (retard: 0 dies). Share of wallet actual: 60%. Oportunitat de capturar 894€ de quota de mercat.,2025-12-30,,,0.21202358519661826,televenda,1196
1000080148,Anestesia,Commodities,finestra_captura,promiscu,239,392.0,0.0,0.598,2223.12,894.33,alta,Client promiscu de Anestesia. Cicle habitual: 392 dies. La seva finestra de compra és ARA (retard: 0 dies). Share of wallet actual: 60%. Oportunitat de capturar 894€ de quota de mercat.,2025-12-30,,,0.21202358519661826,televenda,1197
7642,Anestesia,Commodities,finestra_captura,promiscu,28,443.0,0.0,0.598,2223.12,894.33,alta,Client promiscu de Anestesia. Cicle habitual: 443 dies. La seva finestra de compra és ARA (retard: 0 dies). Share of wallet actual: 60%. Oportunitat de capturar 894€ de quota de mercat.,2025-12-30,,,0.21202358519661826,televenda,1198
9258,Anestesia,Commodities,finestra_captura,promiscu,33,223.0,0.0,0.598,2223.12,894.33,alta,Client promiscu de Anestesia. Cicle habitual: 223 dies. La seva finestra de compra és ARA (retard: 0 dies). Share of wallet actual: 60%. Oportunitat de capturar 894€ de quota de mercat.,2025-12-30,,,0.21202358519661826,televenda,1199
1000080625,Anestesia,Commodities,finestra_captura,promiscu,209,322.0,0.0,0.598,2223.12,894.33,alta,Client promiscu de Anestesia. Cicle habitual: 322 dies. La seva finestra de compra és ARA (retard: 0 dies). Share of wallet actual: 60%. Oportunitat de capturar 894€ de quota de mercat.,2025-12-30,,,0.21202358519661826,televenda,1200
1000100352,Anestesia,Commodities,finestra_captura,promiscu,34,435.0,0.0,0.598,2223.12,894.33,alta,Client promiscu de Anestesia. Cicle habitual: 435 dies. La seva finestra de compra és ARA (retard: 0 dies). Share of wallet actual: 60%. Oportunitat de capturar 894€ de quota de mercat.,2025-12-30,,,0.21202358519661826,televenda,1201
42513,Anestesia,Commodities,finestra_captura,promiscu,27,498.0,0.0,0.598,2223.12,894.33,alta,Client promiscu de Anestesia. Cicle habitual: 498 dies. La seva finestra de compra és ARA (retard: 0 dies). Share of wallet actual: 60%. Oportunitat de capturar 894€ de quota de mercat.,2025-12-30,,,0.21202358519661826,televenda,1202
31509,Anestesia,Commodities,finestra_captura,promiscu,260,363.0,0.0,0.598,2223.12,894.33,alta,Client promiscu de Anestesia. Cicle habitual: 363 dies. La seva finestra de compra és ARA (retard: 0 dies). Share of wallet actual: 60%. Oportunitat de capturar 894€ de quota de mercat.,2025-12-30,,,0.21202358519661826,televenda,1203
22450,Anestesia,Commodities,finestra_captura,promiscu,286,307.0,0.0,0.598,2223.12,894.33,alta,Client promiscu de Anestesia. Cicle habitual: 307 dies. La seva finestra de compra és ARA (retard: 0 dies). Share of wallet actual: 60%. Oportunitat de capturar 894€ de quota de mercat.,2025-12-30,,,0.21202358519661826,televenda,1204
1000082050,Anestesia,Commodities,finestra_captura,promiscu,109,538.0,0.0,0.598,2223.12,894.33,alta,Client promiscu de Anestesia. Cicle habitual: 538 dies. La seva finestra de compra és ARA (retard: 0 dies). Share of wallet actual: 60%. Oportunitat de capturar 894€ de quota de mercat.,2025-12-30,,,0.21202358519661826,televenda,1205
1000078158,Anestesia,Commodities,finestra_captura,promiscu,109,400.0,0.0,0.598,2223.12,894.33,alta,Client promiscu de Anestesia. Cicle habitual: 400 dies. La seva finestra de compra és ARA (retard: 0 dies). Share of wallet actual: 60%. Oportunitat de capturar 894€ de quota de mercat.,2025-12-30,,,0.21202358519661826,televenda,1206
22675,Anestesia,Commodities,finestra_captura,promiscu,195,451.0,0.0,0.598,2223.12,894.33,alta,Client promiscu de Anestesia. Cicle habitual: 451 dies. La seva finestra de compra és ARA (retard: 0 dies). Share of wallet actual: 60%. Oportunitat de capturar 894€ de quota de mercat.,2025-12-30,,,0.21202358519661826,televenda,1207
1000082230,Anestesia,Commodities,finestra_captura,promiscu,208,276.0,0.0,0.598,2223.12,894.33,alta,Client promiscu de Anestesia. Cicle habitual: 276 dies. La seva finestra de compra és ARA (retard: 0 dies). Share of wallet actual: 60%. Oportunitat de capturar 894€ de quota de mercat.,2025-12-30,,,0.21202358519661826,televenda,1208
7022,Anestesia,Commodities,finestra_captura,promiscu,98,295.0,0.0,0.598,2223.12,894.33,alta,Client promiscu de Anestesia. Cicle habitual: 295 dies. La seva finestra de compra és ARA (retard: 0 dies). Share of wallet actual: 60%. Oportunitat de capturar 894€ de quota de mercat.,2025-12-30,,,0.21202358519661826,televenda,1209
6421,Anestesia,Commodities,finestra_captura,promiscu,193,264.0,0.0,0.598,2223.12,894.33,alta,Client promiscu de Anestesia. Cicle habitual: 264 dies. La seva finestra de compra és ARA (retard: 0 dies). Share of wallet actual: 60%. Oportunitat de capturar 894€ de quota de mercat.,2025-12-30,,,0.21202358519661826,televenda,1210
1000073944,Anestesia,Commodities,finestra_captura,promiscu,174,408.0,0.0,0.598,2223.12,894.33,alta,Client promiscu de Anestesia. Cicle habitual: 408 dies. La seva finestra de compra és ARA (retard: 0 dies). Share of wallet actual: 60%. Oportunitat de capturar 894€ de quota de mercat.,2025-12-30,,,0.21202358519661826,televenda,1211
1000082394,Anestesia,Commodities,finestra_captura,promiscu,18,281.0,0.0,0.598,2223.12,894.33,alta,Client promiscu de Anestesia. Cicle habitual: 281 dies. La seva finestra de compra és ARA (retard: 0 dies). Share of wallet actual: 60%. Oportunitat de capturar 894€ de quota de mercat.,2025-12-30,,,0.21202358519661826,televenda,1212
38021,Anestesia,Commodities,finestra_captura,promiscu,54,355.0,0.0,0.598,2223.12,894.33,alta,Client promiscu de Anestesia. Cicle habitual: 355 dies. La seva finestra de compra és ARA (retard: 0 dies). Share of wallet actual: 60%. Oportunitat de capturar 894€ de quota de mercat.,2025-12-30,,,0.21202358519661826,televenda,1213
1000082457,Anestesia,Commodities,finestra_captura,promiscu,223,235.0,0.0,0.598,2223.12,894.33,alta,Client promiscu de Anestesia. Cicle habitual: 235 dies. La seva finestra de compra és ARA (retard: 0 dies). Share of wallet actual: 60%. Oportunitat de capturar 894€ de quota de mercat.,2025-12-30,,,0.21202358519661826,televenda,1214
23651,Anestesia,Commodities,finestra_captura,promiscu,244,256.0,0.0,0.598,2223.12,894.33,alta,Client promiscu de Anestesia. Cicle habitual: 256 dies. La seva finestra de compra és ARA (retard: 0 dies). Share of wallet actual: 60%. Oportunitat de capturar 894€ de quota de mercat.,2025-12-30,,,0.21202358519661826,televenda,1215
41570,Anestesia,Commodities,finestra_captura,promiscu,165,393.0,0.0,0.598,2223.12,894.33,alta,Client promiscu de Anestesia. Cicle habitual: 393 dies. La seva finestra de compra és ARA (retard: 0 dies). Share of wallet actual: 60%. Oportunitat de capturar 894€ de quota de mercat.,2025-12-30,,,0.21202358519661826,televenda,1216
1000078992,Anestesia,Commodities,finestra_captura,promiscu,203,1412.0,0.0,0.598,2223.12,894.33,alta,Client promiscu de Anestesia. Cicle habitual: 1412 dies. La seva finestra de compra és ARA (retard: 0 dies). Share of wallet actual: 60%. Oportunitat de capturar 894€ de quota de mercat.,2025-12-30,,,0.21202358519661826,televenda,1217
9581,Anestesia,Commodities,finestra_captura,promiscu,34,1091.0,0.0,0.598,2223.12,894.33,alta,Client promiscu de Anestesia. Cicle habitual: 1091 dies. La seva finestra de compra és ARA (retard: 0 dies). Share of wallet actual: 60%. Oportunitat de capturar 894€ de quota de mercat.,2025-12-30,,,0.21202358519661826,televenda,1218
1000080981,Anestesia,Commodities,finestra_captura,promiscu,295,357.0,0.0,0.598,2223.12,894.33,alta,Client promiscu de Anestesia. Cicle habitual: 357 dies. La seva finestra de compra és ARA (retard: 0 dies). Share of wallet actual: 60%. Oportunitat de capturar 894€ de quota de mercat.,2025-12-30,,,0.21202358519661826,televenda,1219
1000080996,Anestesia,Commodities,finestra_captura,promiscu,160,529.0,0.0,0.598,2223.12,894.33,alta,Client promiscu de Anestesia. Cicle habitual: 529 dies. La seva finestra de compra és ARA (retard: 0 dies). Share of wallet actual: 60%. Oportunitat de capturar 894€ de quota de mercat.,2025-12-30,,,0.21202358519661826,televenda,1220
10444,Anestesia,Commodities,finestra_captura,promiscu,217,226.0,0.0,0.598,2223.12,894.33,alta,Client promiscu de Anestesia. Cicle habitual: 226 dies. La seva finestra de compra és ARA (retard: 0 dies). Share of wallet actual: 60%. Oportunitat de capturar 894€ de quota de mercat.,2025-12-30,,,0.21202358519661826,televenda,1221
12746,Anestesia,Commodities,finestra_captura,promiscu,109,240.0,0.0,0.598,2223.12,894.33,alta,Client promiscu de Anestesia. Cicle habitual: 240 dies. La seva finestra de compra és ARA (retard: 0 dies). Share of wallet actual: 60%. Oportunitat de capturar 894€ de quota de mercat.,2025-12-30,,,0.21202358519661826,televenda,1222
1000079794,Anestesia,Commodities,finestra_captura,promiscu,62,360.0,0.0,0.598,2223.12,894.33,alta,Client promiscu de Anestesia. Cicle habitual: 360 dies. La seva finestra de compra és ARA (retard: 0 dies). Share of wallet actual: 60%. Oportunitat de capturar 894€ de quota de mercat.,2025-12-30,,,0.21202358519661826,televenda,1223
27108,Anestesia,Commodities,finestra_captura,promiscu,61,570.0,0.0,0.598,2223.12,894.33,alta,Client promiscu de Anestesia. Cicle habitual: 570 dies. La seva finestra de compra és ARA (retard: 0 dies). Share of wallet actual: 60%. Oportunitat de capturar 894€ de quota de mercat.,2025-12-30,,,0.21202358519661826,televenda,1224
1000080231,Anestesia,Commodities,finestra_captura,promiscu,56,658.0,0.0,0.598,2223.12,894.33,alta,Client promiscu de Anestesia. Cicle habitual: 658 dies. La seva finestra de compra és ARA (retard: 0 dies). Share of wallet actual: 60%. Oportunitat de capturar 894€ de quota de mercat.,2025-12-30,,,0.21202358519661826,televenda,1225
37065,Anestesia,Commodities,finestra_captura,promiscu,99,515.0,0.0,0.598,2223.12,894.33,alta,Client promiscu de Anestesia. Cicle habitual: 515 dies. La seva finestra de compra és ARA (retard: 0 dies). Share of wallet actual: 60%. Oportunitat de capturar 894€ de quota de mercat.,2025-12-30,,,0.21202358519661826,televenda,1226
36503,Anestesia,Commodities,finestra_captura,promiscu,173,840.0,0.0,0.598,2223.12,894.33,alta,Client promiscu de Anestesia. Cicle habitual: 840 dies. La seva finestra de compra és ARA (retard: 0 dies). Share of wallet actual: 60%. Oportunitat de capturar 894€ de quota de mercat.,2025-12-30,,,0.21202358519661826,televenda,1227
1000077805,Anestesia,Commodities,finestra_captura,promiscu,186,482.0,0.0,0.598,2223.12,894.33,alta,Client promiscu de Anestesia. Cicle habitual: 482 dies. La seva finestra de compra és ARA (retard: 0 dies). Share of wallet actual: 60%. Oportunitat de capturar 894€ de quota de mercat.,2025-12-30,,,0.21202358519661826,televenda,1228
1000082613,Anestesia,Commodities,finestra_captura,promiscu,176,218.0,0.0,0.598,2223.12,894.33,alta,Client promiscu de Anestesia. Cicle habitual: 218 dies. La seva finestra de compra és ARA (retard: 0 dies). Share of wallet actual: 60%. Oportunitat de capturar 894€ de quota de mercat.,2025-12-30,,,0.21202358519661826,televenda,1229
29506,Anestesia,Commodities,finestra_captura,promiscu,89,275.0,0.0,0.598,2223.12,894.33,alta,Client promiscu de Anestesia. Cicle habitual: 275 dies. La seva finestra de compra és ARA (retard: 0 dies). Share of wallet actual: 60%. Oportunitat de capturar 894€ de quota de mercat.,2025-12-30,,,0.21202358519661826,televenda,1230
1000082641,Anestesia,Commodities,finestra_captura,promiscu,78,284.0,0.0,0.598,2223.12,894.33,alta,Client promiscu de Anestesia. Cicle habitual: 284 dies. La seva finestra de compra és ARA (retard: 0 dies). Share of wallet actual: 60%. Oportunitat de capturar 894€ de quota de mercat.,2025-12-30,,,0.21202358519661826,televenda,1231
15264,Anestesia,Commodities,finestra_captura,promiscu,190,726.0,0.0,0.598,2223.12,894.33,alta,Client promiscu de Anestesia. Cicle habitual: 726 dies. La seva finestra de compra és ARA (retard: 0 dies). Share of wallet actual: 60%. Oportunitat de capturar 894€ de quota de mercat.,2025-12-30,,,0.21202358519661826,televenda,1232
1000100024,Bioseguridad,Commodities,finestra_captura,promiscu,139,237.0,0.0,0.183,1086.44,887.68,alta,Client promiscu de Bioseguridad. Cicle habitual: 237 dies. La seva finestra de compra és ARA (retard: 0 dies). Share of wallet actual: 18%. Oportunitat de capturar 888€ de quota de mercat.,2025-12-30,,,0.21179103806823116,televenda,1233
22715,Bioseguridad,Commodities,finestra_captura,promiscu,322,463.0,0.0,0.183,1086.44,887.68,alta,Client promiscu de Bioseguridad. Cicle habitual: 463 dies. La seva finestra de compra és ARA (retard: 0 dies). Share of wallet actual: 18%. Oportunitat de capturar 888€ de quota de mercat.,2025-12-30,,,0.21179103806823116,televenda,1234
14678,Biomateriales,Productes Tècnics,silenci_anomal_vigilar,actiu_regular,154,77.0,,,13872.52,2073.49,mitjana,Client actiu_regular de Biomaterials. Historial: 21 pedidos (5 últims 12m). Freqüència habitual: 77 ±56 dies. Porta 154 dies sense comprar (z=1.4). Anomalia moderada detectada.,2025-12-30,1.38,groga,0.21176376172746977,delegat,1235
1000079680,Bioseguridad,Commodities,finestra_captura,promiscu,29,364.0,0.0,0.186,1086.44,883.91,alta,Client promiscu de Bioseguridad. Cicle habitual: 364 dies. La seva finestra de compra és ARA (retard: 0 dies). Share of wallet actual: 19%. Oportunitat de capturar 884€ de quota de mercat.,2025-12-30,,,0.21165842895176684,televenda,1236
2973,Bioseguridad,Commodities,finestra_captura,promiscu,28,345.0,0.0,0.186,1086.44,883.91,alta,Client promiscu de Bioseguridad. Cicle habitual: 345 dies. La seva finestra de compra és ARA (retard: 0 dies). Share of wallet actual: 19%. Oportunitat de capturar 884€ de quota de mercat.,2025-12-30,,,0.21165842895176684,televenda,1237
1000079764,Bioseguridad,Commodities,finestra_captura,promiscu,103,338.0,0.0,0.186,1086.44,883.91,alta,Client promiscu de Bioseguridad. Cicle habitual: 338 dies. La seva finestra de compra és ARA (retard: 0 dies). Share of wallet actual: 19%. Oportunitat de capturar 884€ de quota de mercat.,2025-12-30,,,0.21165842895176684,televenda,1238
1137,Bioseguridad,Commodities,finestra_captura,promiscu,341,735.0,0.0,0.186,1086.44,883.91,alta,Client promiscu de Bioseguridad. Cicle habitual: 735 dies. La seva finestra de compra és ARA (retard: 0 dies). Share of wallet actual: 19%. Oportunitat de capturar 884€ de quota de mercat.,2025-12-30,,,0.21165842895176684,televenda,1239
1000072638,Bioseguridad,Commodities,finestra_captura,promiscu,267,444.0,0.0,0.186,1086.44,883.91,alta,Client promiscu de Bioseguridad. Cicle habitual: 444 dies. La seva finestra de compra és ARA (retard: 0 dies). Share of wallet actual: 19%. Oportunitat de capturar 884€ de quota de mercat.,2025-12-30,,,0.21165842895176684,televenda,1240
2667,Bioseguridad,Commodities,finestra_captura,promiscu,118,312.0,0.0,0.186,1086.44,883.91,alta,Client promiscu de Bioseguridad. Cicle habitual: 312 dies. La seva finestra de compra és ARA (retard: 0 dies). Share of wallet actual: 19%. Oportunitat de capturar 884€ de quota de mercat.,2025-12-30,,,0.21165842895176684,televenda,1241
1000068344,Bioseguridad,Commodities,finestra_captura,promiscu,237,1211.0,0.0,0.186,1086.44,883.91,alta,Client promiscu de Bioseguridad. Cicle habitual: 1211 dies. La seva finestra de compra és ARA (retard: 0 dies). Share of wallet actual: 19%. Oportunitat de capturar 884€ de quota de mercat.,2025-12-30,,,0.21165842895176684,televenda,1242
31317,Anestesia,Commodities,finestra_captura,promiscu,222,218.0,3.0,0.605,2223.12,877.28,alta,Client promiscu de Anestesia. Cicle habitual: 218 dies. La seva finestra de compra és ARA (retard: 3 dies). Share of wallet actual: 61%. Oportunitat de capturar 877€ de quota de mercat.,2025-12-30,,,0.21142384350281332,televenda,1243
1000080011,Bioseguridad,Commodities,finestra_captura,promiscu,202,250.0,0.0,0.477,1667.34,872.29,alta,Client promiscu de Bioseguridad. Cicle habitual: 250 dies. La seva finestra de compra és ARA (retard: 0 dies). Share of wallet actual: 48%. Oportunitat de capturar 872€ de quota de mercat.,2025-12-30,,,0.21124611428442344,televenda,1244
1000041273,Bioseguridad,Commodities,finestra_captura,promiscu,279,847.0,0.0,0.477,1667.34,872.29,alta,Client promiscu de Bioseguridad. Cicle habitual: 847 dies. La seva finestra de compra és ARA (retard: 0 dies). Share of wallet actual: 48%. Oportunitat de capturar 872€ de quota de mercat.,2025-12-30,,,0.21124611428442344,televenda,1245
1000077779,Bioseguridad,Commodities,finestra_captura,promiscu,132,129.0,3.0,0.477,1667.34,872.29,alta,Client promiscu de Bioseguridad. Cicle habitual: 129 dies. La seva finestra de compra és ARA (retard: 3 dies). Share of wallet actual: 48%. Oportunitat de capturar 872€ de quota de mercat.,2025-12-30,,,0.21124611428442344,televenda,1246
35853,Bioseguridad,Commodities,finestra_captura,promiscu,78,96.0,0.0,0.477,1667.34,872.29,alta,Client promiscu de Bioseguridad. Cicle habitual: 96 dies. La seva finestra de compra és ARA (retard: 0 dies). Share of wallet actual: 48%. Oportunitat de capturar 872€ de quota de mercat.,2025-12-30,,,0.21124611428442344,televenda,1247
8714,Bioseguridad,Commodities,finestra_captura,promiscu,165,183.0,0.0,0.477,1667.34,872.29,alta,Client promiscu de Bioseguridad. Cicle habitual: 183 dies. La seva finestra de compra és ARA (retard: 0 dies). Share of wallet actual: 48%. Oportunitat de capturar 872€ de quota de mercat.,2025-12-30,,,0.21124611428442344,televenda,1248
1000076390,Bioseguridad,Commodities,finestra_captura,promiscu,70,342.0,0.0,0.199,1086.44,870.41,alta,Client promiscu de Bioseguridad. Cicle habitual: 342 dies. La seva finestra de compra és ARA (retard: 0 dies). Share of wallet actual: 20%. Oportunitat de capturar 870€ de quota de mercat.,2025-12-30,,,0.2111788906691694,televenda,1249
1000101571,Anestesia,Commodities,finestra_captura,promiscu,105,300.0,0.0,0.609,2223.12,869.68,alta,Client promiscu de Anestesia. Cicle habitual: 300 dies. La seva finestra de compra és ARA (retard: 0 dies). Share of wallet actual: 61%. Oportunitat de capturar 870€ de quota de mercat.,2025-12-30,,,0.21115274878377643,televenda,1250
26866,Anestesia,Commodities,finestra_captura,promiscu,74,193.0,0.0,0.609,2223.12,869.68,alta,Client promiscu de Anestesia. Cicle habitual: 193 dies. La seva finestra de compra és ARA (retard: 0 dies). Share of wallet actual: 61%. Oportunitat de capturar 870€ de quota de mercat.,2025-12-30,,,0.21115274878377643,televenda,1251
27151,Anestesia,Commodities,finestra_captura,promiscu,81,396.0,0.0,0.609,2223.12,869.68,alta,Client promiscu de Anestesia. Cicle habitual: 396 dies. La seva finestra de compra és ARA (retard: 0 dies). Share of wallet actual: 61%. Oportunitat de capturar 870€ de quota de mercat.,2025-12-30,,,0.21115274878377643,televenda,1252
22977,Anestesia,Commodities,finestra_captura,promiscu,28,342.0,0.0,0.609,2223.12,869.68,alta,Client promiscu de Anestesia. Cicle habitual: 342 dies. La seva finestra de compra és ARA (retard: 0 dies). Share of wallet actual: 61%. Oportunitat de capturar 870€ de quota de mercat.,2025-12-30,,,0.21115274878377643,televenda,1253
1000082781,Anestesia,Commodities,finestra_captura,promiscu,197,441.0,0.0,0.609,2223.12,869.68,alta,Client promiscu de Anestesia. Cicle habitual: 441 dies. La seva finestra de compra és ARA (retard: 0 dies). Share of wallet actual: 61%. Oportunitat de capturar 870€ de quota de mercat.,2025-12-30,,,0.21115274878377643,televenda,1254
1000078185,Anestesia,Commodities,finestra_captura,promiscu,28,418.0,0.0,0.609,2223.12,869.68,alta,Client promiscu de Anestesia. Cicle habitual: 418 dies. La seva finestra de compra és ARA (retard: 0 dies). Share of wallet actual: 61%. Oportunitat de capturar 870€ de quota de mercat.,2025-12-30,,,0.21115274878377643,televenda,1255
1000077525,Bioseguridad,Commodities,finestra_captura,promiscu,173,450.0,0.0,0.201,1086.44,867.8,alta,Client promiscu de Bioseguridad. Cicle habitual: 450 dies. La seva finestra de compra és ARA (retard: 0 dies). Share of wallet actual: 20%. Oportunitat de capturar 868€ de quota de mercat.,2025-12-30,,,0.21108532343723227,televenda,1256
1000078813,Biomateriales,Productes Tècnics,silenci_anomal_vigilar,actiu_regular,82,39.0,,,18494.6,2021.7,mitjana,Client actiu_regular de Biomaterials. Historial: 45 pedidos (10 últims 12m). Freqüència habitual: 39 ±32 dies. Porta 82 dies sense comprar (z=1.3). Anomalia moderada detectada.,2025-12-30,1.34,groga,0.21106276655825787,delegat,1257
1000080066,Anestesia,Commodities,finestra_captura,promiscu,160,402.0,0.0,0.611,2223.12,863.84,alta,Client promiscu de Anestesia. Cicle habitual: 402 dies. La seva finestra de compra és ARA (retard: 0 dies). Share of wallet actual: 61%. Oportunitat de capturar 864€ de quota de mercat.,2025-12-30,,,0.21094282121693478,televenda,1258
39382,Anestesia,Commodities,finestra_captura,promiscu,195,387.0,0.0,0.521,1802.36,863.09,alta,Client promiscu de Anestesia. Cicle habitual: 387 dies. La seva finestra de compra és ARA (retard: 0 dies). Share of wallet actual: 52%. Oportunitat de capturar 863€ de quota de mercat.,2025-12-30,,,0.21091575868107826,televenda,1259
1000100900,Anestesia,Commodities,finestra_captura,promiscu,97,294.0,0.0,0.524,1802.36,857.48,alta,Client promiscu de Anestesia. Cicle habitual: 294 dies. La seva finestra de compra és ARA (retard: 0 dies). Share of wallet actual: 52%. Oportunitat de capturar 857€ de quota de mercat.,2025-12-30,,,0.21071258281205305,televenda,1260
1000078140,Bioseguridad,Commodities,finestra_captura,promiscu,334,485.0,0.0,0.486,1667.34,857.22,alta,Client promiscu de Bioseguridad. Cicle habitual: 485 dies. La seva finestra de compra és ARA (retard: 0 dies). Share of wallet actual: 49%. Oportunitat de capturar 857€ de quota de mercat.,2025-12-30,,,0.21070313429714208,televenda,1261
1000076403,Bioseguridad,Commodities,finestra_captura,promiscu,91,522.0,0.0,0.486,1667.34,857.22,alta,Client promiscu de Bioseguridad. Cicle habitual: 522 dies. La seva finestra de compra és ARA (retard: 0 dies). Share of wallet actual: 49%. Oportunitat de capturar 857€ de quota de mercat.,2025-12-30,,,0.21070313429714208,televenda,1262
1000076744,Bioseguridad,Commodities,finestra_captura,promiscu,172,338.0,0.0,0.486,1667.34,857.22,alta,Client promiscu de Bioseguridad. Cicle habitual: 338 dies. La seva finestra de compra és ARA (retard: 0 dies). Share of wallet actual: 49%. Oportunitat de capturar 857€ de quota de mercat.,2025-12-30,,,0.21070313429714208,televenda,1263
41460,Bioseguridad,Commodities,finestra_captura,promiscu,173,206.0,0.0,0.486,1667.34,857.22,alta,Client promiscu de Bioseguridad. Cicle habitual: 206 dies. La seva finestra de compra és ARA (retard: 0 dies). Share of wallet actual: 49%. Oportunitat de capturar 857€ de quota de mercat.,2025-12-30,,,0.21070313429714208,televenda,1264
1000100306,Bioseguridad,Commodities,finestra_captura,promiscu,69,642.0,0.0,0.486,1667.34,857.22,alta,Client promiscu de Bioseguridad. Cicle habitual: 642 dies. La seva finestra de compra és ARA (retard: 0 dies). Share of wallet actual: 49%. Oportunitat de capturar 857€ de quota de mercat.,2025-12-30,,,0.21070313429714208,televenda,1265
1000081518,Bioseguridad,Commodities,finestra_captura,promiscu,286,472.0,0.0,0.486,1667.34,857.22,alta,Client promiscu de Bioseguridad. Cicle habitual: 472 dies. La seva finestra de compra és ARA (retard: 0 dies). Share of wallet actual: 49%. Oportunitat de capturar 857€ de quota de mercat.,2025-12-30,,,0.21070313429714208,televenda,1266
25081,Bioseguridad,Commodities,finestra_captura,promiscu,160,204.0,0.0,0.486,1667.34,857.22,alta,Client promiscu de Bioseguridad. Cicle habitual: 204 dies. La seva finestra de compra és ARA (retard: 0 dies). Share of wallet actual: 49%. Oportunitat de capturar 857€ de quota de mercat.,2025-12-30,,,0.21070313429714208,televenda,1267
1000082020,Bioseguridad,Commodities,finestra_captura,promiscu,301,391.0,0.0,0.486,1667.34,857.22,alta,Client promiscu de Bioseguridad. Cicle habitual: 391 dies. La seva finestra de compra és ARA (retard: 0 dies). Share of wallet actual: 49%. Oportunitat de capturar 857€ de quota de mercat.,2025-12-30,,,0.21070313429714208,televenda,1268
23329,Bioseguridad,Commodities,finestra_captura,promiscu,341,598.0,0.0,0.486,1667.34,857.22,alta,Client promiscu de Bioseguridad. Cicle habitual: 598 dies. La seva finestra de compra és ARA (retard: 0 dies). Share of wallet actual: 49%. Oportunitat de capturar 857€ de quota de mercat.,2025-12-30,,,0.21070313429714208,televenda,1269
1000082538,Bioseguridad,Commodities,finestra_captura,promiscu,272,441.0,0.0,0.486,1667.34,857.22,alta,Client promiscu de Bioseguridad. Cicle habitual: 441 dies. La seva finestra de compra és ARA (retard: 0 dies). Share of wallet actual: 49%. Oportunitat de capturar 857€ de quota de mercat.,2025-12-30,,,0.21070313429714208,televenda,1270
1000080966,Bioseguridad,Commodities,finestra_captura,promiscu,252,263.0,0.0,0.486,1667.34,857.22,alta,Client promiscu de Bioseguridad. Cicle habitual: 263 dies. La seva finestra de compra és ARA (retard: 0 dies). Share of wallet actual: 49%. Oportunitat de capturar 857€ de quota de mercat.,2025-12-30,,,0.21070313429714208,televenda,1271
35193,Bioseguridad,Commodities,finestra_captura,promiscu,125,601.0,0.0,0.486,1667.34,857.22,alta,Client promiscu de Bioseguridad. Cicle habitual: 601 dies. La seva finestra de compra és ARA (retard: 0 dies). Share of wallet actual: 49%. Oportunitat de capturar 857€ de quota de mercat.,2025-12-30,,,0.21070313429714208,televenda,1272
1000076321,Bioseguridad,Commodities,finestra_captura,promiscu,175,418.0,0.0,0.486,1667.34,857.22,alta,Client promiscu de Bioseguridad. Cicle habitual: 418 dies. La seva finestra de compra és ARA (retard: 0 dies). Share of wallet actual: 49%. Oportunitat de capturar 857€ de quota de mercat.,2025-12-30,,,0.21070313429714208,televenda,1273
1000080735,Anestesia,Commodities,finestra_captura,promiscu,160,202.0,0.0,0.615,2223.12,856.44,alta,Client promiscu de Anestesia. Cicle habitual: 202 dies. La seva finestra de compra és ARA (retard: 0 dies). Share of wallet actual: 61%. Oportunitat de capturar 856€ de quota de mercat.,2025-12-30,,,0.21067477156814945,televenda,1274
39387,Anestesia,Commodities,finestra_captura,promiscu,167,327.0,0.0,0.615,2223.12,856.43,alta,Client promiscu de Anestesia. Cicle habitual: 327 dies. La seva finestra de compra és ARA (retard: 0 dies). Share of wallet actual: 61%. Oportunitat de capturar 856€ de quota de mercat.,2025-12-30,,,0.21067440777593055,televenda,1275
1000079458,Anestesia,Commodities,finestra_captura,promiscu,46,231.0,0.0,0.615,2223.12,856.24,alta,Client promiscu de Anestesia. Cicle habitual: 231 dies. La seva finestra de compra és ARA (retard: 0 dies). Share of wallet actual: 61%. Oportunitat de capturar 856€ de quota de mercat.,2025-12-30,,,0.21066749491751752,televenda,1276
1000066584,Anestesia,Commodities,finestra_captura,promiscu,174,232.0,0.0,0.617,2223.12,850.56,alta,Client promiscu de Anestesia. Cicle habitual: 232 dies. La seva finestra de compra és ARA (retard: 0 dies). Share of wallet actual: 62%. Oportunitat de capturar 851€ de quota de mercat.,2025-12-30,,,0.21046012616814672,televenda,1277
9122,Bioseguridad,Commodities,finestra_captura,promiscu,20,298.0,0.0,0.22,1086.44,847.93,alta,Client promiscu de Bioseguridad. Cicle habitual: 298 dies. La seva finestra de compra és ARA (retard: 0 dies). Share of wallet actual: 22%. Oportunitat de capturar 848€ de quota de mercat.,2025-12-30,,,0.21036363965299737,televenda,1278
25605,Bioseguridad,Commodities,finestra_captura,promiscu,222,227.0,0.0,0.22,1086.44,847.93,alta,Client promiscu de Bioseguridad. Cicle habitual: 227 dies. La seva finestra de compra és ARA (retard: 0 dies). Share of wallet actual: 22%. Oportunitat de capturar 848€ de quota de mercat.,2025-12-30,,,0.21036363965299737,televenda,1279
1000043232,Anestesia,Commodities,finestra_captura,promiscu,132,549.0,0.0,0.531,1802.36,845.29,alta,Client promiscu de Anestesia. Cicle habitual: 549 dies. La seva finestra de compra és ARA (retard: 0 dies). Share of wallet actual: 53%. Oportunitat de capturar 845€ de quota de mercat.,2025-12-30,,,0.21026648517580224,televenda,1280
1000100384,Anestesia,Commodities,finestra_captura,promiscu,83,384.0,0.0,0.62,2223.12,845.03,alta,Client promiscu de Anestesia. Cicle habitual: 384 dies. La seva finestra de compra és ARA (retard: 0 dies). Share of wallet actual: 62%. Oportunitat de capturar 845€ de quota de mercat.,2025-12-30,,,0.2102569005431375,televenda,1281
1000081969,Bioseguridad,Commodities,finestra_captura,promiscu,207,225.0,0.0,0.224,1086.44,843.4,alta,Client promiscu de Bioseguridad. Cicle habitual: 225 dies. La seva finestra de compra és ARA (retard: 0 dies). Share of wallet actual: 22%. Oportunitat de capturar 843€ de quota de mercat.,2025-12-30,,,0.21019674506873456,televenda,1282
10039,Bioseguridad,Commodities,finestra_captura,promiscu,175,300.0,0.0,0.224,1086.44,843.4,alta,Client promiscu de Bioseguridad. Cicle habitual: 300 dies. La seva finestra de compra és ARA (retard: 0 dies). Share of wallet actual: 22%. Oportunitat de capturar 843€ de quota de mercat.,2025-12-30,,,0.21019674506873456,televenda,1283
42035,Biomateriales,Productes Tècnics,silenci_anomal_vigilar,actiu_regular,109,62.0,,,23119.82,1959.49,mitjana,Client actiu_regular de Biomaterials. Historial: 25 pedidos (5 últims 12m). Freqüència habitual: 62 ±44 dies. Porta 109 dies sense comprar (z=1.1). Anomalia moderada detectada.,2025-12-30,1.06,groga,0.21019660963669493,delegat,1284
42766,Anestesia,Commodities,finestra_captura,promiscu,118,146.0,0.0,0.532,1802.36,842.97,alta,Client promiscu de Anestesia. Cicle habitual: 146 dies. La seva finestra de compra és ARA (retard: 0 dies). Share of wallet actual: 53%. Oportunitat de capturar 843€ de quota de mercat.,2025-12-30,,,0.21018085647549656,televenda,1285
37396,Anestesia,Commodities,finestra_captura,promiscu,159,190.0,0.0,0.622,2223.12,841.42,alta,Client promiscu de Anestesia. Cicle habitual: 190 dies. La seva finestra de compra és ARA (retard: 0 dies). Share of wallet actual: 62%. Oportunitat de capturar 841€ de quota de mercat.,2025-12-30,,,0.21012351638013957,televenda,1286
8314,Anestesia,Commodities,finestra_captura,promiscu,264,303.0,0.0,0.533,1802.36,841.36,alta,Client promiscu de Anestesia. Cicle habitual: 303 dies. La seva finestra de compra és ARA (retard: 0 dies). Share of wallet actual: 53%. Oportunitat de capturar 841€ de quota de mercat.,2025-12-30,,,0.2101212946430723,televenda,1287
1000042967,Anestesia,Commodities,finestra_captura,promiscu,186,400.0,0.0,0.624,2223.12,836.66,alta,Client promiscu de Anestesia. Cicle habitual: 400 dies. La seva finestra de compra és ARA (retard: 0 dies). Share of wallet actual: 62%. Oportunitat de capturar 837€ de quota de mercat.,2025-12-30,,,0.20994676502122558,televenda,1288
1000069726,Anestesia,Commodities,finestra_captura,promiscu,34,276.0,0.0,0.624,2223.12,835.46,alta,Client promiscu de Anestesia. Cicle habitual: 276 dies. La seva finestra de compra és ARA (retard: 0 dies). Share of wallet actual: 62%. Oportunitat de capturar 835€ de quota de mercat.,2025-12-30,,,0.20990204733293857,televenda,1289
664,Anestesia,Commodities,finestra_captura,promiscu,95,306.0,0.0,0.537,1802.36,834.39,alta,Client promiscu de Anestesia. Cicle habitual: 306 dies. La seva finestra de compra és ARA (retard: 0 dies). Share of wallet actual: 54%. Oportunitat de capturar 834€ de quota de mercat.,2025-12-30,,,0.20986211992324508,televenda,1290
3723,Anestesia,Commodities,finestra_captura,promiscu,102,407.0,0.0,0.627,2223.12,830.09,alta,Client promiscu de Anestesia. Cicle habitual: 407 dies. La seva finestra de compra és ARA (retard: 0 dies). Share of wallet actual: 63%. Oportunitat de capturar 830€ de quota de mercat.,2025-12-30,,,0.20970114659551273,televenda,1291
10699,Anestesia,Commodities,finestra_captura,promiscu,308,332.0,0.0,0.627,2223.12,829.09,alta,Client promiscu de Anestesia. Cicle habitual: 332 dies. La seva finestra de compra és ARA (retard: 0 dies). Share of wallet actual: 63%. Oportunitat de capturar 829€ de quota de mercat.,2025-12-30,,,0.20966359157812717,televenda,1292
1000081333,Bioseguridad,Commodities,risc_fuga,fidel,180,74.0,105.0,0.534,1667.34,74.26,alta,Client fidel de Bioseguridad. Cicle habitual: 74 dies (±60). Porta 180 dies sense comprar (105 dies de retard). Share of wallet últims 12m: 53%. Possible inici de fuga.,2025-12-30,,,0.2096617748893043,delegat,1293
43009,Bioseguridad,Commodities,risc_fuga,fidel,209,55.0,154.0,0.271,1086.44,24.55,critica,Client fidel de Bioseguridad. Cicle habitual: 55 dies (±16). Porta 209 dies sense comprar (154 dies de retard). Share of wallet últims 12m: 27%. Possible inici de fuga.,2025-12-30,,,0.2096569697574883,delegat,1294
28540,Anestesia,Commodities,finestra_captura,promiscu,307,721.0,0.0,0.629,2223.12,825.54,alta,Client promiscu de Anestesia. Cicle habitual: 721 dies. La seva finestra de compra és ARA (retard: 0 dies). Share of wallet actual: 63%. Oportunitat de capturar 826€ de quota de mercat.,2025-12-30,,,0.20952990490840137,televenda,1295
36264,Anestesia,Commodities,risc_fuga,fidel,235,100.0,134.0,0.261,3410.04,74.03,alta,Client fidel de Anestesia. Cicle habitual: 100 dies (±66). Porta 235 dies sense comprar (134 dies de retard). Share of wallet últims 12m: 26%. Possible inici de fuga.,2025-12-30,,,0.20951326060541386,delegat,1296
1000081975,Anestesia,Commodities,finestra_captura,promiscu,161,345.0,0.0,0.629,2223.12,824.37,alta,Client promiscu de Anestesia. Cicle habitual: 345 dies. La seva finestra de compra és ARA (retard: 0 dies). Share of wallet actual: 63%. Oportunitat de capturar 824€ de quota de mercat.,2025-12-30,,,0.20948571896206553,televenda,1297
1000100163,Bioseguridad,Commodities,finestra_captura,promiscu,61,180.0,0.0,0.242,1086.44,823.15,alta,Client promiscu de Bioseguridad. Cicle habitual: 180 dies. La seva finestra de compra és ARA (retard: 0 dies). Share of wallet actual: 24%. Oportunitat de capturar 823€ de quota de mercat.,2025-12-30,,,0.20943957796947582,televenda,1298
1000101480,Anestesia,Commodities,finestra_captura,promiscu,8,432.0,0.0,0.631,2223.12,820.41,alta,Client promiscu de Anestesia. Cicle habitual: 432 dies. La seva finestra de compra és ARA (retard: 0 dies). Share of wallet actual: 63%. Oportunitat de capturar 820€ de quota de mercat.,2025-12-30,,,0.20933570038294874,televenda,1299
15098,Bioseguridad,Commodities,finestra_captura,promiscu,83,137.0,0.0,0.245,1086.44,820.11,alta,Client promiscu de Bioseguridad. Cicle habitual: 137 dies. La seva finestra de compra és ARA (retard: 0 dies). Share of wallet actual: 25%. Oportunitat de capturar 820€ de quota de mercat.,2025-12-30,,,0.2093243058848108,televenda,1300
24914,Bioseguridad,Commodities,finestra_captura,promiscu,43,1074.0,0.0,0.245,1086.44,820.11,alta,Client promiscu de Bioseguridad. Cicle habitual: 1074 dies. La seva finestra de compra és ARA (retard: 0 dies). Share of wallet actual: 25%. Oportunitat de capturar 820€ de quota de mercat.,2025-12-30,,,0.2093243058848108,televenda,1301
3386,Bioseguridad,Commodities,finestra_captura,promiscu,293,298.0,0.0,0.245,1086.44,820.11,alta,Client promiscu de Bioseguridad. Cicle habitual: 298 dies. La seva finestra de compra és ARA (retard: 0 dies). Share of wallet actual: 25%. Oportunitat de capturar 820€ de quota de mercat.,2025-12-30,,,0.2093243058848108,televenda,1302
41126,Bioseguridad,Commodities,finestra_captura,promiscu,48,248.0,0.0,0.245,1086.44,820.11,alta,Client promiscu de Bioseguridad. Cicle habitual: 248 dies. La seva finestra de compra és ARA (retard: 0 dies). Share of wallet actual: 25%. Oportunitat de capturar 820€ de quota de mercat.,2025-12-30,,,0.2093243058848108,televenda,1303
13953,Bioseguridad,Commodities,finestra_captura,promiscu,105,545.0,0.0,0.245,1086.44,820.11,alta,Client promiscu de Bioseguridad. Cicle habitual: 545 dies. La seva finestra de compra és ARA (retard: 0 dies). Share of wallet actual: 25%. Oportunitat de capturar 820€ de quota de mercat.,2025-12-30,,,0.2093243058848108,televenda,1304
1000065616,Anestesia,Commodities,finestra_captura,promiscu,27,356.0,0.0,0.631,2223.12,819.82,alta,Client promiscu de Anestesia. Cicle habitual: 356 dies. La seva finestra de compra és ARA (retard: 0 dies). Share of wallet actual: 63%. Oportunitat de capturar 820€ de quota de mercat.,2025-12-30,,,0.20931328724534431,televenda,1305
1000079971,Bioseguridad,Commodities,finestra_captura,promiscu,28,1595.0,0.0,0.246,1086.44,818.91,alta,Client promiscu de Bioseguridad. Cicle habitual: 1595 dies. La seva finestra de compra és ARA (retard: 0 dies). Share of wallet actual: 25%. Oportunitat de capturar 819€ de quota de mercat.,2025-12-30,,,0.20927868622335785,televenda,1306
39357,Anestesia,Commodities,finestra_captura,promiscu,148,1271.0,0.0,0.551,1802.36,809.68,alta,Client promiscu de Anestesia. Cicle habitual: 1271 dies. La seva finestra de compra és ARA (retard: 0 dies). Share of wallet actual: 55%. Oportunitat de capturar 810€ de quota de mercat.,2025-12-30,,,0.2089255468242994,televenda,1307
38716,Anestesia,Commodities,finestra_captura,promiscu,230,230.0,0.0,0.551,1802.36,809.68,alta,Client promiscu de Anestesia. Cicle habitual: 230 dies. La seva finestra de compra és ARA (retard: 0 dies). Share of wallet actual: 55%. Oportunitat de capturar 810€ de quota de mercat.,2025-12-30,,,0.2089255468242994,televenda,1308
1000081832,Anestesia,Commodities,finestra_captura,promiscu,306,660.0,0.0,0.551,1802.36,808.89,alta,Client promiscu de Anestesia. Cicle habitual: 660 dies. La seva finestra de compra és ARA (retard: 0 dies). Share of wallet actual: 55%. Oportunitat de capturar 809€ de quota de mercat.,2025-12-30,,,0.20889513489730005,televenda,1309
3505,Bioseguridad,Commodities,finestra_captura,promiscu,322,965.0,0.0,0.256,1086.44,808.17,alta,Client promiscu de Bioseguridad. Cicle habitual: 965 dies. La seva finestra de compra és ARA (retard: 0 dies). Share of wallet actual: 26%. Oportunitat de capturar 808€ de quota de mercat.,2025-12-30,,,0.2088673918482116,televenda,1310
17758,Bioseguridad,Commodities,finestra_captura,promiscu,15,358.0,0.0,0.256,1086.44,808.17,alta,Client promiscu de Bioseguridad. Cicle habitual: 358 dies. La seva finestra de compra és ARA (retard: 0 dies). Share of wallet actual: 26%. Oportunitat de capturar 808€ de quota de mercat.,2025-12-30,,,0.2088673918482116,televenda,1311
1000060473,Biomateriales,Productes Tècnics,silenci_anomal_vigilar,actiu_regular,175,99.0,,,23119.82,1867.47,mitjana,Client actiu_regular de Biomaterials. Historial: 17 pedidos (4 últims 12m). Freqüència habitual: 99 ±53 dies. Porta 175 dies sense comprar (z=1.4). Anomalia moderada detectada.,2025-12-30,1.42,groga,0.2088636496337464,delegat,1312
1000082174,Anestesia,Commodities,finestra_captura,promiscu,295,502.0,0.0,0.638,2223.12,805.76,alta,Client promiscu de Anestesia. Cicle habitual: 502 dies. La seva finestra de compra és ARA (retard: 0 dies). Share of wallet actual: 64%. Oportunitat de capturar 806€ de quota de mercat.,2025-12-30,,,0.2087743497641963,televenda,1313
20772,Anestesia,Commodities,finestra_captura,promiscu,34,387.0,0.0,0.638,2223.12,805.76,alta,Client promiscu de Anestesia. Cicle habitual: 387 dies. La seva finestra de compra és ARA (retard: 0 dies). Share of wallet actual: 64%. Oportunitat de capturar 806€ de quota de mercat.,2025-12-30,,,0.2087743497641963,televenda,1314
27193,Anestesia,Commodities,finestra_captura,promiscu,305,376.0,0.0,0.638,2223.12,804.06,alta,Client promiscu de Anestesia. Cicle habitual: 376 dies. La seva finestra de compra és ARA (retard: 0 dies). Share of wallet actual: 64%. Oportunitat de capturar 804€ de quota de mercat.,2025-12-30,,,0.208708551088822,televenda,1315
24257,Anestesia,Commodities,finestra_captura,promiscu,183,254.0,0.0,0.554,1802.36,802.96,alta,Client promiscu de Anestesia. Cicle habitual: 254 dies. La seva finestra de compra és ARA (retard: 0 dies). Share of wallet actual: 55%. Oportunitat de capturar 803€ de quota de mercat.,2025-12-30,,,0.2086659013948715,televenda,1316
7192,Bioseguridad,Commodities,finestra_captura,promiscu,120,695.0,0.0,0.261,1086.44,802.9,alta,Client promiscu de Bioseguridad. Cicle habitual: 695 dies. La seva finestra de compra és ARA (retard: 0 dies). Share of wallet actual: 26%. Oportunitat de capturar 803€ de quota de mercat.,2025-12-30,,,0.20866357336993377,televenda,1317
1000076166,Bioseguridad,Commodities,finestra_captura,promiscu,316,943.0,0.0,0.261,1086.44,802.9,alta,Client promiscu de Bioseguridad. Cicle habitual: 943 dies. La seva finestra de compra és ARA (retard: 0 dies). Share of wallet actual: 26%. Oportunitat de capturar 803€ de quota de mercat.,2025-12-30,,,0.20866357336993377,televenda,1318
1000077081,Bioseguridad,Commodities,finestra_captura,promiscu,333,458.0,0.0,0.261,1086.44,802.9,alta,Client promiscu de Bioseguridad. Cicle habitual: 458 dies. La seva finestra de compra és ARA (retard: 0 dies). Share of wallet actual: 26%. Oportunitat de capturar 803€ de quota de mercat.,2025-12-30,,,0.20866357336993377,televenda,1319
1428,Bioseguridad,Commodities,finestra_captura,promiscu,263,315.0,0.0,0.261,1086.44,802.9,alta,Client promiscu de Bioseguridad. Cicle habitual: 315 dies. La seva finestra de compra és ARA (retard: 0 dies). Share of wallet actual: 26%. Oportunitat de capturar 803€ de quota de mercat.,2025-12-30,,,0.20866357336993377,televenda,1320
13048,Anestesia,Commodities,finestra_captura,promiscu,239,281.0,0.0,0.564,1802.36,784.94,alta,Client promiscu de Anestesia. Cicle habitual: 281 dies. La seva finestra de compra és ARA (retard: 0 dies). Share of wallet actual: 56%. Oportunitat de capturar 785€ de quota de mercat.,2025-12-30,,,0.20795878943383853,televenda,1321
11392,Bioseguridad,Commodities,finestra_captura,promiscu,183,886.0,0.0,0.278,1086.44,784.53,alta,Client promiscu de Bioseguridad. Cicle habitual: 886 dies. La seva finestra de compra és ARA (retard: 0 dies). Share of wallet actual: 28%. Oportunitat de capturar 785€ de quota de mercat.,2025-12-30,,,0.20794251288293986,televenda,1322
1000080192,Anestesia,Commodities,finestra_captura,promiscu,194,378.0,0.0,0.648,2223.12,783.62,alta,Client promiscu de Anestesia. Cicle habitual: 378 dies. La seva finestra de compra és ARA (retard: 0 dies). Share of wallet actual: 65%. Oportunitat de capturar 784€ de quota de mercat.,2025-12-30,,,0.20790635650594466,televenda,1323
1000076447,Anestesia,Commodities,finestra_captura,promiscu,260,376.0,0.0,0.648,2223.12,783.62,alta,Client promiscu de Anestesia. Cicle habitual: 376 dies. La seva finestra de compra és ARA (retard: 0 dies). Share of wallet actual: 65%. Oportunitat de capturar 784€ de quota de mercat.,2025-12-30,,,0.20790635650594466,televenda,1324
7948,Anestesia,Commodities,finestra_captura,promiscu,98,319.0,0.0,0.648,2223.12,783.62,alta,Client promiscu de Anestesia. Cicle habitual: 319 dies. La seva finestra de compra és ARA (retard: 0 dies). Share of wallet actual: 65%. Oportunitat de capturar 784€ de quota de mercat.,2025-12-30,,,0.20790635650594466,televenda,1325
1000068328,Anestesia,Commodities,finestra_captura,promiscu,215,411.0,0.0,0.648,2223.12,783.62,alta,Client promiscu de Anestesia. Cicle habitual: 411 dies. La seva finestra de compra és ARA (retard: 0 dies). Share of wallet actual: 65%. Oportunitat de capturar 784€ de quota de mercat.,2025-12-30,,,0.20790635650594466,televenda,1326
1000080833,Anestesia,Commodities,finestra_captura,promiscu,244,1547.0,0.0,0.648,2223.12,783.62,alta,Client promiscu de Anestesia. Cicle habitual: 1547 dies. La seva finestra de compra és ARA (retard: 0 dies). Share of wallet actual: 65%. Oportunitat de capturar 784€ de quota de mercat.,2025-12-30,,,0.20790635650594466,televenda,1327
7192,Anestesia,Commodities,finestra_captura,promiscu,168,228.0,0.0,0.648,2223.12,783.62,alta,Client promiscu de Anestesia. Cicle habitual: 228 dies. La seva finestra de compra és ARA (retard: 0 dies). Share of wallet actual: 65%. Oportunitat de capturar 784€ de quota de mercat.,2025-12-30,,,0.20790635650594466,televenda,1328
1000082414,Anestesia,Commodities,finestra_captura,promiscu,252,584.0,0.0,0.648,2223.12,783.62,alta,Client promiscu de Anestesia. Cicle habitual: 584 dies. La seva finestra de compra és ARA (retard: 0 dies). Share of wallet actual: 65%. Oportunitat de capturar 784€ de quota de mercat.,2025-12-30,,,0.20790635650594466,televenda,1329
1000072638,Anestesia,Commodities,finestra_captura,promiscu,181,647.0,0.0,0.648,2223.12,783.62,alta,Client promiscu de Anestesia. Cicle habitual: 647 dies. La seva finestra de compra és ARA (retard: 0 dies). Share of wallet actual: 65%. Oportunitat de capturar 784€ de quota de mercat.,2025-12-30,,,0.20790635650594466,televenda,1330
1000072225,Anestesia,Commodities,finestra_captura,promiscu,99,410.0,0.0,0.648,2223.12,783.62,alta,Client promiscu de Anestesia. Cicle habitual: 410 dies. La seva finestra de compra és ARA (retard: 0 dies). Share of wallet actual: 65%. Oportunitat de capturar 784€ de quota de mercat.,2025-12-30,,,0.20790635650594466,televenda,1331
1000071090,Bioseguridad,Commodities,finestra_captura,promiscu,41,363.0,0.0,0.28,1086.44,782.64,alta,Client promiscu de Bioseguridad. Cicle habitual: 363 dies. La seva finestra de compra és ARA (retard: 0 dies). Share of wallet actual: 28%. Oportunitat de capturar 783€ de quota de mercat.,2025-12-30,,,0.20786737194249352,televenda,1332
31888,Bioseguridad,Commodities,finestra_captura,promiscu,232,762.0,0.0,0.28,1086.44,782.64,alta,Client promiscu de Bioseguridad. Cicle habitual: 762 dies. La seva finestra de compra és ARA (retard: 0 dies). Share of wallet actual: 28%. Oportunitat de capturar 783€ de quota de mercat.,2025-12-30,,,0.20786737194249352,televenda,1333
3346,Anestesia,Commodities,finestra_captura,promiscu,69,299.0,0.0,0.651,2223.12,774.76,alta,Client promiscu de Anestesia. Cicle habitual: 299 dies. La seva finestra de compra és ARA (retard: 0 dies). Share of wallet actual: 65%. Oportunitat de capturar 775€ de quota de mercat.,2025-12-30,,,0.2075521205650328,televenda,1334
37654,Anestesia,Commodities,risc_fuga,fidel,119,46.0,72.0,0.383,2223.12,70.87,alta,Client fidel de Anestesia. Cicle habitual: 46 dies (±25). Porta 119 dies sense comprar (72 dies de retard). Share of wallet últims 12m: 38%. Possible inici de fuga.,2025-12-30,,,0.2074253955642012,delegat,1335
40575,Anestesia,Commodities,finestra_captura,promiscu,238,766.0,0.0,0.653,2223.12,771.12,alta,Client promiscu de Anestesia. Cicle habitual: 766 dies. La seva finestra de compra és ARA (retard: 0 dies). Share of wallet actual: 65%. Oportunitat de capturar 771€ de quota de mercat.,2025-12-30,,,0.20740541401508958,televenda,1336
13420,Bioseguridad,Commodities,finestra_captura,promiscu,209,229.0,0.0,0.293,1086.44,768.42,alta,Client promiscu de Bioseguridad. Cicle habitual: 229 dies. La seva finestra de compra és ARA (retard: 0 dies). Share of wallet actual: 29%. Oportunitat de capturar 768€ de quota de mercat.,2025-12-30,,,0.20729614575730484,televenda,1337
42544,Anestesia,Commodities,finestra_captura,promiscu,236,728.0,0.0,0.655,2223.12,766.6,alta,Client promiscu de Anestesia. Cicle habitual: 728 dies. La seva finestra de compra és ARA (retard: 0 dies). Share of wallet actual: 66%. Oportunitat de capturar 767€ de quota de mercat.,2025-12-30,,,0.2072222742975765,televenda,1338
1000081115,Bioseguridad,Commodities,finestra_captura,promiscu,118,211.0,0.0,0.77,3334.68,766.41,alta,Client promiscu de Bioseguridad. Cicle habitual: 211 dies. La seva finestra de compra és ARA (retard: 0 dies). Share of wallet actual: 77%. Oportunitat de capturar 766€ de quota de mercat.,2025-12-30,,,0.20721455234726538,televenda,1339
1000100571,Biomateriales,Productes Tècnics,silenci_anomal_vigilar,actiu_regular,169,84.0,,,0.0,1756.66,mitjana,Client actiu_regular de Biomaterials. Historial: 7 pedidos (5 últims 12m). Freqüència habitual: 84 ±77 dies. Porta 169 dies sense comprar (z=1.1). Anomalia moderada detectada.,2025-12-30,1.1,groga,0.20716852001349254,delegat,1340
22407,Anestesia,Commodities,finestra_captura,promiscu,28,283.0,0.0,0.656,2223.12,763.77,alta,Client promiscu de Anestesia. Cicle habitual: 283 dies. La seva finestra de compra és ARA (retard: 0 dies). Share of wallet actual: 66%. Oportunitat de capturar 764€ de quota de mercat.,2025-12-30,,,0.20710705959662623,televenda,1341
1000078661,Bioseguridad,Commodities,finestra_captura,promiscu,202,221.0,0.0,0.298,1086.44,762.39,alta,Client promiscu de Bioseguridad. Cicle habitual: 221 dies. La seva finestra de compra és ARA (retard: 0 dies). Share of wallet actual: 30%. Oportunitat de capturar 762€ de quota de mercat.,2025-12-30,,,0.20705072243204908,televenda,1342
1000081913,Bioseguridad,Commodities,finestra_captura,promiscu,321,497.0,0.0,0.298,1086.44,762.39,alta,Client promiscu de Bioseguridad. Cicle habitual: 497 dies. La seva finestra de compra és ARA (retard: 0 dies). Share of wallet actual: 30%. Oportunitat de capturar 762€ de quota de mercat.,2025-12-30,,,0.20705072243204908,televenda,1343
2427,Bioseguridad,Commodities,finestra_captura,promiscu,103,413.0,0.0,0.298,1086.44,762.39,alta,Client promiscu de Bioseguridad. Cicle habitual: 413 dies. La seva finestra de compra és ARA (retard: 0 dies). Share of wallet actual: 30%. Oportunitat de capturar 762€ de quota de mercat.,2025-12-30,,,0.20705072243204908,televenda,1344
10826,Bioseguridad,Commodities,finestra_captura,promiscu,182,221.0,0.0,0.298,1086.44,762.39,alta,Client promiscu de Bioseguridad. Cicle habitual: 221 dies. La seva finestra de compra és ARA (retard: 0 dies). Share of wallet actual: 30%. Oportunitat de capturar 762€ de quota de mercat.,2025-12-30,,,0.20705072243204908,televenda,1345
1000058116,Bioseguridad,Commodities,finestra_captura,promiscu,28,154.0,0.0,0.298,1086.44,762.39,alta,Client promiscu de Bioseguridad. Cicle habitual: 154 dies. La seva finestra de compra és ARA (retard: 0 dies). Share of wallet actual: 30%. Oportunitat de capturar 762€ de quota de mercat.,2025-12-30,,,0.20705072243204908,televenda,1346
9653,Bioseguridad,Commodities,finestra_captura,promiscu,85,372.0,0.0,0.298,1086.44,762.39,alta,Client promiscu de Bioseguridad. Cicle habitual: 372 dies. La seva finestra de compra és ARA (retard: 0 dies). Share of wallet actual: 30%. Oportunitat de capturar 762€ de quota de mercat.,2025-12-30,,,0.20705072243204908,televenda,1347
36976,Bioseguridad,Commodities,finestra_captura,promiscu,237,542.0,0.0,0.298,1086.44,762.39,alta,Client promiscu de Bioseguridad. Cicle habitual: 542 dies. La seva finestra de compra és ARA (retard: 0 dies). Share of wallet actual: 30%. Oportunitat de capturar 762€ de quota de mercat.,2025-12-30,,,0.20705072243204908,televenda,1348
1000080980,Bioseguridad,Commodities,finestra_captura,promiscu,307,952.0,0.0,0.298,1086.44,762.39,alta,Client promiscu de Bioseguridad. Cicle habitual: 952 dies. La seva finestra de compra és ARA (retard: 0 dies). Share of wallet actual: 30%. Oportunitat de capturar 762€ de quota de mercat.,2025-12-30,,,0.20705072243204908,televenda,1349
1000082479,Bioseguridad,Commodities,finestra_captura,promiscu,224,564.0,0.0,0.298,1086.44,762.39,alta,Client promiscu de Bioseguridad. Cicle habitual: 564 dies. La seva finestra de compra és ARA (retard: 0 dies). Share of wallet actual: 30%. Oportunitat de capturar 762€ de quota de mercat.,2025-12-30,,,0.20705072243204908,televenda,1350
11014,Bioseguridad,Commodities,finestra_captura,promiscu,207,1073.0,0.0,0.298,1086.44,762.39,alta,Client promiscu de Bioseguridad. Cicle habitual: 1073 dies. La seva finestra de compra és ARA (retard: 0 dies). Share of wallet actual: 30%. Oportunitat de capturar 762€ de quota de mercat.,2025-12-30,,,0.20705072243204908,televenda,1351
6488,Bioseguridad,Commodities,finestra_captura,promiscu,344,802.0,0.0,0.298,1086.44,762.39,alta,Client promiscu de Bioseguridad. Cicle habitual: 802 dies. La seva finestra de compra és ARA (retard: 0 dies). Share of wallet actual: 30%. Oportunitat de capturar 762€ de quota de mercat.,2025-12-30,,,0.20705072243204908,televenda,1352
29229,Bioseguridad,Commodities,finestra_captura,promiscu,74,666.0,0.0,0.298,1086.44,762.39,alta,Client promiscu de Bioseguridad. Cicle habitual: 666 dies. La seva finestra de compra és ARA (retard: 0 dies). Share of wallet actual: 30%. Oportunitat de capturar 762€ de quota de mercat.,2025-12-30,,,0.20705072243204908,televenda,1353
13806,Bioseguridad,Commodities,finestra_captura,promiscu,119,184.0,0.0,0.298,1086.44,762.39,alta,Client promiscu de Bioseguridad. Cicle habitual: 184 dies. La seva finestra de compra és ARA (retard: 0 dies). Share of wallet actual: 30%. Oportunitat de capturar 762€ de quota de mercat.,2025-12-30,,,0.20705072243204908,televenda,1354
1000100069,Bioseguridad,Commodities,finestra_captura,promiscu,41,217.0,0.0,0.298,1086.44,762.39,alta,Client promiscu de Bioseguridad. Cicle habitual: 217 dies. La seva finestra de compra és ARA (retard: 0 dies). Share of wallet actual: 30%. Oportunitat de capturar 762€ de quota de mercat.,2025-12-30,,,0.20705072243204908,televenda,1355
1000066626,Bioseguridad,Commodities,finestra_captura,promiscu,277,409.0,0.0,0.298,1086.44,762.39,alta,Client promiscu de Bioseguridad. Cicle habitual: 409 dies. La seva finestra de compra és ARA (retard: 0 dies). Share of wallet actual: 30%. Oportunitat de capturar 762€ de quota de mercat.,2025-12-30,,,0.20705072243204908,televenda,1356
26509,Bioseguridad,Commodities,finestra_captura,promiscu,267,356.0,0.0,0.298,1086.44,762.39,alta,Client promiscu de Bioseguridad. Cicle habitual: 356 dies. La seva finestra de compra és ARA (retard: 0 dies). Share of wallet actual: 30%. Oportunitat de capturar 762€ de quota de mercat.,2025-12-30,,,0.20705072243204908,televenda,1357
39167,Anestesia,Commodities,finestra_captura,promiscu,155,236.0,0.0,0.657,2223.12,761.45,alta,Client promiscu de Anestesia. Cicle habitual: 236 dies. La seva finestra de compra és ARA (retard: 0 dies). Share of wallet actual: 66%. Oportunitat de capturar 761€ de quota de mercat.,2025-12-30,,,0.2070122894997044,televenda,1358
38760,Bioseguridad,Commodities,finestra_captura,promiscu,111,186.0,0.0,0.301,1086.44,759.35,alta,Client promiscu de Bioseguridad. Cicle habitual: 186 dies. La seva finestra de compra és ARA (retard: 0 dies). Share of wallet actual: 30%. Oportunitat de capturar 759€ de quota de mercat.,2025-12-30,,,0.20692625724388405,televenda,1359
1844,Anestesia,Commodities,finestra_captura,promiscu,40,1675.0,0.0,0.66,2223.12,756.93,alta,Client promiscu de Anestesia. Cicle habitual: 1675 dies. La seva finestra de compra és ARA (retard: 0 dies). Share of wallet actual: 66%. Oportunitat de capturar 757€ de quota de mercat.,2025-12-30,,,0.206826820139026,televenda,1360
1000076102,Anestesia,Commodities,finestra_captura,promiscu,19,630.0,0.0,0.66,2223.12,756.93,alta,Client promiscu de Anestesia. Cicle habitual: 630 dies. La seva finestra de compra és ARA (retard: 0 dies). Share of wallet actual: 66%. Oportunitat de capturar 757€ de quota de mercat.,2025-12-30,,,0.206826820139026,televenda,1361
16831,Anestesia,Commodities,finestra_captura,promiscu,41,277.0,0.0,0.66,2223.12,755.64,alta,Client promiscu de Anestesia. Cicle habitual: 277 dies. La seva finestra de compra és ARA (retard: 0 dies). Share of wallet actual: 66%. Oportunitat de capturar 756€ de quota de mercat.,2025-12-30,,,0.20677368460206424,televenda,1362
41644,Bioseguridad,Commodities,finestra_captura,promiscu,29,217.0,0.0,0.305,1086.44,755.17,alta,Client promiscu de Bioseguridad. Cicle habitual: 217 dies. La seva finestra de compra és ARA (retard: 0 dies). Share of wallet actual: 30%. Oportunitat de capturar 755€ de quota de mercat.,2025-12-30,,,0.20675430262416986,televenda,1363
32986,Anestesia,Commodities,finestra_captura,promiscu,266,382.0,0.0,0.779,3410.04,752.47,alta,Client promiscu de Anestesia. Cicle habitual: 382 dies. La seva finestra de compra és ARA (retard: 0 dies). Share of wallet actual: 78%. Oportunitat de capturar 752€ de quota de mercat.,2025-12-30,,,0.20664272542863865,televenda,1364
1000063281,Anestesia,Commodities,finestra_captura,promiscu,203,523.0,0.0,0.583,1802.36,751.43,alta,Client promiscu de Anestesia. Cicle habitual: 523 dies. La seva finestra de compra és ARA (retard: 0 dies). Share of wallet actual: 58%. Oportunitat de capturar 751€ de quota de mercat.,2025-12-30,,,0.20659964084665475,televenda,1365
27948,Bioseguridad,Commodities,finestra_captura,promiscu,7,1475.0,0.0,0.146,879.2,750.93,alta,Client promiscu de Bioseguridad. Cicle habitual: 1475 dies. La seva finestra de compra és ARA (retard: 0 dies). Share of wallet actual: 15%. Oportunitat de capturar 751€ de quota de mercat.,2025-12-30,,,0.2065789059033759,televenda,1366
1000077018,Anestesia,Commodities,finestra_captura,promiscu,116,265.0,0.0,0.662,2223.12,750.61,alta,Client promiscu de Anestesia. Cicle habitual: 265 dies. La seva finestra de compra és ARA (retard: 0 dies). Share of wallet actual: 66%. Oportunitat de capturar 751€ de quota de mercat.,2025-12-30,,,0.2065656283025806,televenda,1367
37331,Anestesia,Commodities,reposicio_pendent,fidel,54,32.0,21.0,1.5,3410.04,588.31,mitjana,Client fidel de Anestesia. Cicle habitual: 32 dies (±23). Porta 54 dies sense comprar (21 dies de retard). Share of wallet últims 12m: 150%. Possible retard de reposició.,2025-12-30,,,0.20634703787436406,delegat,1368
30677,Bioseguridad,Commodities,finestra_captura,promiscu,29,444.0,0.0,0.154,879.2,744.18,alta,Client promiscu de Bioseguridad. Cicle habitual: 444 dies. La seva finestra de compra és ARA (retard: 0 dies). Share of wallet actual: 15%. Oportunitat de capturar 744€ de quota de mercat.,2025-12-30,,,0.2062976267067124,televenda,1369
8154,Bioseguridad,Commodities,finestra_captura,promiscu,95,190.0,0.0,0.154,879.2,744.05,alta,Client promiscu de Bioseguridad. Cicle habitual: 190 dies. La seva finestra de compra és ARA (retard: 0 dies). Share of wallet actual: 15%. Oportunitat de capturar 744€ de quota de mercat.,2025-12-30,,,0.20629218450468162,televenda,1370
42744,Anestesia,Commodities,finestra_captura,promiscu,162,185.0,0.0,0.59,1802.36,739.34,alta,Client promiscu de Anestesia. Cicle habitual: 185 dies. La seva finestra de compra és ARA (retard: 0 dies). Share of wallet actual: 59%. Oportunitat de capturar 739€ de quota de mercat.,2025-12-30,,,0.20609436620005334,televenda,1371
1000077725,Biomateriales,Productes Tècnics,silenci_anomal_vigilar,actiu_regular,173,90.0,,,1849.46,1675.37,mitjana,Client actiu_regular de Biomaterials. Historial: 19 pedidos (5 últims 12m). Freqüència habitual: 90 ±68 dies. Porta 173 dies sense comprar (z=1.2). Anomalia moderada detectada.,2025-12-30,1.22,groga,0.2058555758262644,delegat,1372
1000041067,Anestesia,Commodities,reposicio_pendent,fidel,244,121.0,122.0,1.5,2223.12,579.1,mitjana,Client fidel de Anestesia. Cicle habitual: 121 dies (±81). Porta 244 dies sense comprar (122 dies de retard). Share of wallet últims 12m: 150%. Possible retard de reposició.,2025-12-30,,,0.20583749505897178,delegat,1373
13879,Anestesia,Commodities,finestra_captura,promiscu,172,233.0,0.0,0.672,2223.12,730.21,alta,Client promiscu de Anestesia. Cicle habitual: 233 dies. La seva finestra de compra és ARA (retard: 0 dies). Share of wallet actual: 67%. Oportunitat de capturar 730€ de quota de mercat.,2025-12-30,,,0.20570729938782184,televenda,1374
1000080386,Bioseguridad,Commodities,finestra_captura,promiscu,223,220.0,3.0,0.329,1086.44,728.67,alta,Client promiscu de Bioseguridad. Cicle habitual: 220 dies. La seva finestra de compra és ARA (retard: 3 dies). Share of wallet actual: 33%. Oportunitat de capturar 729€ de quota de mercat.,2025-12-30,,,0.20564153497499923,televenda,1375
22815,Anestesia,Commodities,finestra_captura,promiscu,29,1398.0,0.0,0.596,1802.36,727.79,alta,Client promiscu de Anestesia. Cicle habitual: 1398 dies. La seva finestra de compra és ARA (retard: 0 dies). Share of wallet actual: 60%. Oportunitat de capturar 728€ de quota de mercat.,2025-12-30,,,0.20560389296455148,televenda,1376
25129,Anestesia,Commodities,finestra_captura,promiscu,179,315.0,0.0,0.597,1802.36,726.69,alta,Client promiscu de Anestesia. Cicle habitual: 315 dies. La seva finestra de compra és ARA (retard: 0 dies). Share of wallet actual: 60%. Oportunitat de capturar 727€ de quota de mercat.,2025-12-30,,,0.2055567764830915,televenda,1377
1000041674,Anestesia,Commodities,finestra_captura,promiscu,155,774.0,0.0,0.597,1802.36,725.66,alta,Client promiscu de Anestesia. Cicle habitual: 774 dies. La seva finestra de compra és ARA (retard: 0 dies). Share of wallet actual: 60%. Oportunitat de capturar 726€ de quota de mercat.,2025-12-30,,,0.20551259370997957,televenda,1378
1000077246,Bioseguridad,Commodities,finestra_captura,promiscu,134,137.0,0.0,0.333,1086.44,724.59,alta,Client promiscu de Bioseguridad. Cicle habitual: 137 dies. La seva finestra de compra és ARA (retard: 0 dies). Share of wallet actual: 33%. Oportunitat de capturar 725€ de quota de mercat.,2025-12-30,,,0.20546662872952792,televenda,1379
1000080063,Bioseguridad,Commodities,finestra_captura,promiscu,196,342.0,0.0,0.336,1086.44,721.89,alta,Client promiscu de Bioseguridad. Cicle habitual: 342 dies. La seva finestra de compra és ARA (retard: 0 dies). Share of wallet actual: 34%. Oportunitat de capturar 722€ de quota de mercat.,2025-12-30,,,0.20535034033552266,televenda,1380
42559,Bioseguridad,Commodities,finestra_captura,promiscu,151,212.0,0.0,0.336,1086.44,721.89,alta,Client promiscu de Bioseguridad. Cicle habitual: 212 dies. La seva finestra de compra és ARA (retard: 0 dies). Share of wallet actual: 34%. Oportunitat de capturar 722€ de quota de mercat.,2025-12-30,,,0.20535034033552266,televenda,1381
1000079456,Bioseguridad,Commodities,finestra_captura,promiscu,111,647.0,0.0,0.336,1086.44,721.89,alta,Client promiscu de Bioseguridad. Cicle habitual: 647 dies. La seva finestra de compra és ARA (retard: 0 dies). Share of wallet actual: 34%. Oportunitat de capturar 722€ de quota de mercat.,2025-12-30,,,0.20535034033552266,televenda,1382
24853,Bioseguridad,Commodities,finestra_captura,promiscu,118,209.0,0.0,0.336,1086.44,721.89,alta,Client promiscu de Bioseguridad. Cicle habitual: 209 dies. La seva finestra de compra és ARA (retard: 0 dies). Share of wallet actual: 34%. Oportunitat de capturar 722€ de quota de mercat.,2025-12-30,,,0.20535034033552266,televenda,1383
1000079072,Bioseguridad,Commodities,finestra_captura,promiscu,333,340.0,0.0,0.336,1086.44,721.89,alta,Client promiscu de Bioseguridad. Cicle habitual: 340 dies. La seva finestra de compra és ARA (retard: 0 dies). Share of wallet actual: 34%. Oportunitat de capturar 722€ de quota de mercat.,2025-12-30,,,0.20535034033552266,televenda,1384
21958,Bioseguridad,Commodities,finestra_captura,promiscu,351,1138.0,0.0,0.336,1086.44,721.89,alta,Client promiscu de Bioseguridad. Cicle habitual: 1138 dies. La seva finestra de compra és ARA (retard: 0 dies). Share of wallet actual: 34%. Oportunitat de capturar 722€ de quota de mercat.,2025-12-30,,,0.20535034033552266,televenda,1385
40252,Bioseguridad,Commodities,finestra_captura,promiscu,99,524.0,0.0,0.336,1086.44,721.89,alta,Client promiscu de Bioseguridad. Cicle habitual: 524 dies. La seva finestra de compra és ARA (retard: 0 dies). Share of wallet actual: 34%. Oportunitat de capturar 722€ de quota de mercat.,2025-12-30,,,0.20535034033552266,televenda,1386
1000077000,Anestesia,Commodities,finestra_captura,promiscu,188,275.0,0.0,0.676,2223.12,720.31,alta,Client promiscu de Anestesia. Cicle habitual: 275 dies. La seva finestra de compra és ARA (retard: 0 dies). Share of wallet actual: 68%. Oportunitat de capturar 720€ de quota de mercat.,2025-12-30,,,0.20528208846971963,televenda,1387
801,Bioseguridad,Commodities,finestra_captura,promiscu,36,1329.0,0.0,0.181,879.2,720.19,alta,Client promiscu de Bioseguridad. Cicle habitual: 1329 dies. La seva finestra de compra és ARA (retard: 0 dies). Share of wallet actual: 18%. Oportunitat de capturar 720€ de quota de mercat.,2025-12-30,,,0.2052768986767445,televenda,1388
5076,Anestesia,Commodities,finestra_captura,promiscu,96,392.0,0.0,0.677,2223.12,717.18,alta,Client promiscu de Anestesia. Cicle habitual: 392 dies. La seva finestra de compra és ARA (retard: 0 dies). Share of wallet actual: 68%. Oportunitat de capturar 717€ de quota de mercat.,2025-12-30,,,0.20514643810105893,televenda,1389
29148,Bioseguridad,Commodities,finestra_captura,promiscu,208,749.0,0.0,0.184,879.2,717.18,alta,Client promiscu de Bioseguridad. Cicle habitual: 749 dies. La seva finestra de compra és ARA (retard: 0 dies). Share of wallet actual: 18%. Oportunitat de capturar 717€ de quota de mercat.,2025-12-30,,,0.20514643810105893,televenda,1390
6742,Bioseguridad,Commodities,finestra_captura,promiscu,102,395.0,0.0,0.352,1086.44,703.89,alta,Client promiscu de Bioseguridad. Cicle habitual: 395 dies. La seva finestra de compra és ARA (retard: 0 dies). Share of wallet actual: 35%. Oportunitat de capturar 704€ de quota de mercat.,2025-12-30,,,0.20456380392932608,televenda,1391
40610,Anestesia,Commodities,finestra_captura,promiscu,225,244.0,0.0,0.684,2223.12,703.54,alta,Client promiscu de Anestesia. Cicle habitual: 244 dies. La seva finestra de compra és ARA (retard: 0 dies). Share of wallet actual: 68%. Oportunitat de capturar 704€ de quota de mercat.,2025-12-30,,,0.20454831187002942,televenda,1392
17704,Anestesia,Commodities,finestra_captura,promiscu,299,352.0,0.0,0.61,1802.36,702.86,alta,Client promiscu de Anestesia. Cicle habitual: 352 dies. La seva finestra de compra és ARA (retard: 0 dies). Share of wallet actual: 61%. Oportunitat de capturar 703€ de quota de mercat.,2025-12-30,,,0.20451819099815863,televenda,1393
36494,Anestesia,Commodities,finestra_captura,promiscu,34,336.0,0.0,0.795,3410.04,697.49,alta,Client promiscu de Anestesia. Cicle habitual: 336 dies. La seva finestra de compra és ARA (retard: 0 dies). Share of wallet actual: 80%. Oportunitat de capturar 697€ de quota de mercat.,2025-12-30,,,0.20427929735240785,televenda,1394
20335,Anestesia,Commodities,finestra_captura,promiscu,97,169.0,0.0,0.687,2223.12,695.88,alta,Client promiscu de Anestesia. Cicle habitual: 169 dies. La seva finestra de compra és ARA (retard: 0 dies). Share of wallet actual: 69%. Oportunitat de capturar 696€ de quota de mercat.,2025-12-30,,,0.2042073157855646,televenda,1395
37067,Bioseguridad,Commodities,finestra_captura,promiscu,7,822.0,0.0,0.583,1667.34,695.2,alta,Client promiscu de Bioseguridad. Cicle habitual: 822 dies. La seva finestra de compra és ARA (retard: 0 dies). Share of wallet actual: 58%. Oportunitat de capturar 695€ de quota de mercat.,2025-12-30,,,0.20417686366794344,televenda,1396
1000075603,Bioseguridad,Commodities,finestra_captura,promiscu,190,264.0,0.0,0.583,1667.34,695.2,alta,Client promiscu de Bioseguridad. Cicle habitual: 264 dies. La seva finestra de compra és ARA (retard: 0 dies). Share of wallet actual: 58%. Oportunitat de capturar 695€ de quota de mercat.,2025-12-30,,,0.20417686366794344,televenda,1397
906,Bioseguridad,Commodities,finestra_captura,promiscu,63,497.0,0.0,0.583,1667.34,695.2,alta,Client promiscu de Bioseguridad. Cicle habitual: 497 dies. La seva finestra de compra és ARA (retard: 0 dies). Share of wallet actual: 58%. Oportunitat de capturar 695€ de quota de mercat.,2025-12-30,,,0.20417686366794344,televenda,1398
26107,Bioseguridad,Commodities,finestra_captura,promiscu,336,348.0,0.0,0.583,1667.34,695.2,alta,Client promiscu de Bioseguridad. Cicle habitual: 348 dies. La seva finestra de compra és ARA (retard: 0 dies). Share of wallet actual: 58%. Oportunitat de capturar 695€ de quota de mercat.,2025-12-30,,,0.20417686366794344,televenda,1399
1000081028,Bioseguridad,Commodities,finestra_captura,promiscu,225,326.0,0.0,0.583,1667.34,695.2,alta,Client promiscu de Bioseguridad. Cicle habitual: 326 dies. La seva finestra de compra és ARA (retard: 0 dies). Share of wallet actual: 58%. Oportunitat de capturar 695€ de quota de mercat.,2025-12-30,,,0.20417686366794344,televenda,1400
11479,Anestesia,Commodities,finestra_captura,promiscu,103,341.0,0.0,0.614,1802.36,695.04,alta,Client promiscu de Anestesia. Cicle habitual: 341 dies. La seva finestra de compra és ARA (retard: 0 dies). Share of wallet actual: 61%. Oportunitat de capturar 695€ de quota de mercat.,2025-12-30,,,0.2041696941412504,televenda,1401
8562,Anestesia,Commodities,finestra_captura,promiscu,190,219.0,0.0,0.614,1802.36,695.04,alta,Client promiscu de Anestesia. Cicle habitual: 219 dies. La seva finestra de compra és ARA (retard: 0 dies). Share of wallet actual: 61%. Oportunitat de capturar 695€ de quota de mercat.,2025-12-30,,,0.2041696941412504,televenda,1402
26850,Anestesia,Commodities,finestra_captura,promiscu,60,346.0,0.0,0.614,1802.36,695.04,alta,Client promiscu de Anestesia. Cicle habitual: 346 dies. La seva finestra de compra és ARA (retard: 0 dies). Share of wallet actual: 61%. Oportunitat de capturar 695€ de quota de mercat.,2025-12-30,,,0.2041696941412504,televenda,1403
22721,Anestesia,Commodities,finestra_captura,promiscu,63,397.0,0.0,0.614,1802.36,695.04,alta,Client promiscu de Anestesia. Cicle habitual: 397 dies. La seva finestra de compra és ARA (retard: 0 dies). Share of wallet actual: 61%. Oportunitat de capturar 695€ de quota de mercat.,2025-12-30,,,0.2041696941412504,televenda,1404
1000078098,Bioseguridad,Commodities,finestra_captura,promiscu,29,265.0,0.0,0.36,1086.44,694.88,alta,Client promiscu de Bioseguridad. Cicle habitual: 265 dies. La seva finestra de compra és ARA (retard: 0 dies). Share of wallet actual: 36%. Oportunitat de capturar 695€ de quota de mercat.,2025-12-30,,,0.20416252296629558,televenda,1405
31906,Anestesia,Commodities,reposicio_pendent,fidel,98,64.0,34.0,1.5,3410.04,549.26,mitjana,Client fidel de Anestesia. Cicle habitual: 64 dies (±46). Porta 98 dies sense comprar (34 dies de retard). Share of wallet últims 12m: 150%. Possible retard de reposició.,2025-12-30,,,0.20412920415094607,delegat,1406
1000077064,Bioseguridad,Commodities,finestra_captura,promiscu,56,252.0,0.0,0.366,1086.44,688.92,alta,Client promiscu de Bioseguridad. Cicle habitual: 252 dies. La seva finestra de compra és ARA (retard: 0 dies). Share of wallet actual: 37%. Oportunitat de capturar 689€ de quota de mercat.,2025-12-30,,,0.20389421535733324,televenda,1407
9722,Bioseguridad,Commodities,finestra_captura,promiscu,335,612.0,0.0,0.366,1086.44,688.92,alta,Client promiscu de Bioseguridad. Cicle habitual: 612 dies. La seva finestra de compra és ARA (retard: 0 dies). Share of wallet actual: 37%. Oportunitat de capturar 689€ de quota de mercat.,2025-12-30,,,0.20389421535733324,televenda,1408
21871,Bioseguridad,Commodities,finestra_captura,promiscu,81,326.0,0.0,0.366,1086.44,688.92,alta,Client promiscu de Bioseguridad. Cicle habitual: 326 dies. La seva finestra de compra és ARA (retard: 0 dies). Share of wallet actual: 37%. Oportunitat de capturar 689€ de quota de mercat.,2025-12-30,,,0.20389421535733324,televenda,1409
477,Bioseguridad,Commodities,finestra_captura,promiscu,182,381.0,0.0,0.366,1086.44,688.92,alta,Client promiscu de Bioseguridad. Cicle habitual: 381 dies. La seva finestra de compra és ARA (retard: 0 dies). Share of wallet actual: 37%. Oportunitat de capturar 689€ de quota de mercat.,2025-12-30,,,0.20389421535733324,televenda,1410
1000078007,Bioseguridad,Commodities,finestra_captura,promiscu,208,494.0,0.0,0.366,1086.44,688.92,alta,Client promiscu de Bioseguridad. Cicle habitual: 494 dies. La seva finestra de compra és ARA (retard: 0 dies). Share of wallet actual: 37%. Oportunitat de capturar 689€ de quota de mercat.,2025-12-30,,,0.20389421535733324,televenda,1411
1000076767,Bioseguridad,Commodities,finestra_captura,promiscu,251,326.0,0.0,0.366,1086.44,688.92,alta,Client promiscu de Bioseguridad. Cicle habitual: 326 dies. La seva finestra de compra és ARA (retard: 0 dies). Share of wallet actual: 37%. Oportunitat de capturar 689€ de quota de mercat.,2025-12-30,,,0.20389421535733324,televenda,1412
6479,Bioseguridad,Commodities,finestra_captura,promiscu,118,309.0,0.0,0.366,1086.44,688.92,alta,Client promiscu de Bioseguridad. Cicle habitual: 309 dies. La seva finestra de compra és ARA (retard: 0 dies). Share of wallet actual: 37%. Oportunitat de capturar 689€ de quota de mercat.,2025-12-30,,,0.20389421535733324,televenda,1413
2784,Bioseguridad,Commodities,finestra_captura,promiscu,217,605.0,0.0,0.366,1086.44,688.92,alta,Client promiscu de Bioseguridad. Cicle habitual: 605 dies. La seva finestra de compra és ARA (retard: 0 dies). Share of wallet actual: 37%. Oportunitat de capturar 689€ de quota de mercat.,2025-12-30,,,0.20389421535733324,televenda,1414
34232,Bioseguridad,Commodities,finestra_captura,promiscu,277,693.0,0.0,0.366,1086.44,688.92,alta,Client promiscu de Bioseguridad. Cicle habitual: 693 dies. La seva finestra de compra és ARA (retard: 0 dies). Share of wallet actual: 37%. Oportunitat de capturar 689€ de quota de mercat.,2025-12-30,,,0.20389421535733324,televenda,1415
34190,Bioseguridad,Commodities,finestra_captura,promiscu,95,280.0,0.0,0.366,1086.44,688.92,alta,Client promiscu de Bioseguridad. Cicle habitual: 280 dies. La seva finestra de compra és ARA (retard: 0 dies). Share of wallet actual: 37%. Oportunitat de capturar 689€ de quota de mercat.,2025-12-30,,,0.20389421535733324,televenda,1416
32651,Bioseguridad,Commodities,finestra_captura,promiscu,222,259.0,0.0,0.366,1086.44,688.92,alta,Client promiscu de Bioseguridad. Cicle habitual: 259 dies. La seva finestra de compra és ARA (retard: 0 dies). Share of wallet actual: 37%. Oportunitat de capturar 689€ de quota de mercat.,2025-12-30,,,0.20389421535733324,televenda,1417
11803,Bioseguridad,Commodities,finestra_captura,promiscu,106,169.0,0.0,0.366,1086.44,688.92,alta,Client promiscu de Bioseguridad. Cicle habitual: 169 dies. La seva finestra de compra és ARA (retard: 0 dies). Share of wallet actual: 37%. Oportunitat de capturar 689€ de quota de mercat.,2025-12-30,,,0.20389421535733324,televenda,1418
1000082332,Bioseguridad,Commodities,finestra_captura,promiscu,88,352.0,0.0,0.366,1086.44,688.92,alta,Client promiscu de Bioseguridad. Cicle habitual: 352 dies. La seva finestra de compra és ARA (retard: 0 dies). Share of wallet actual: 37%. Oportunitat de capturar 689€ de quota de mercat.,2025-12-30,,,0.20389421535733324,televenda,1419
33445,Bioseguridad,Commodities,finestra_captura,promiscu,29,421.0,0.0,0.366,1086.44,688.92,alta,Client promiscu de Bioseguridad. Cicle habitual: 421 dies. La seva finestra de compra és ARA (retard: 0 dies). Share of wallet actual: 37%. Oportunitat de capturar 689€ de quota de mercat.,2025-12-30,,,0.20389421535733324,televenda,1420
1000076701,Bioseguridad,Commodities,finestra_captura,promiscu,284,1394.0,0.0,0.366,1086.44,688.92,alta,Client promiscu de Bioseguridad. Cicle habitual: 1394 dies. La seva finestra de compra és ARA (retard: 0 dies). Share of wallet actual: 37%. Oportunitat de capturar 689€ de quota de mercat.,2025-12-30,,,0.20389421535733324,televenda,1421
1000081660,Bioseguridad,Commodities,finestra_captura,promiscu,75,371.0,0.0,0.366,1086.44,688.92,alta,Client promiscu de Bioseguridad. Cicle habitual: 371 dies. La seva finestra de compra és ARA (retard: 0 dies). Share of wallet actual: 37%. Oportunitat de capturar 689€ de quota de mercat.,2025-12-30,,,0.20389421535733324,televenda,1422
1000082522,Bioseguridad,Commodities,finestra_captura,promiscu,161,166.0,0.0,0.366,1086.44,688.92,alta,Client promiscu de Bioseguridad. Cicle habitual: 166 dies. La seva finestra de compra és ARA (retard: 0 dies). Share of wallet actual: 37%. Oportunitat de capturar 689€ de quota de mercat.,2025-12-30,,,0.20389421535733324,televenda,1423
1000080928,Bioseguridad,Commodities,finestra_captura,promiscu,41,558.0,0.0,0.366,1086.44,688.92,alta,Client promiscu de Bioseguridad. Cicle habitual: 558 dies. La seva finestra de compra és ARA (retard: 0 dies). Share of wallet actual: 37%. Oportunitat de capturar 689€ de quota de mercat.,2025-12-30,,,0.20389421535733324,televenda,1424
5686,Bioseguridad,Commodities,finestra_captura,promiscu,19,258.0,0.0,0.366,1086.44,688.92,alta,Client promiscu de Bioseguridad. Cicle habitual: 258 dies. La seva finestra de compra és ARA (retard: 0 dies). Share of wallet actual: 37%. Oportunitat de capturar 689€ de quota de mercat.,2025-12-30,,,0.20389421535733324,televenda,1425
27919,Bioseguridad,Commodities,finestra_captura,promiscu,49,174.0,0.0,0.366,1086.44,688.92,alta,Client promiscu de Bioseguridad. Cicle habitual: 174 dies. La seva finestra de compra és ARA (retard: 0 dies). Share of wallet actual: 37%. Oportunitat de capturar 689€ de quota de mercat.,2025-12-30,,,0.20389421535733324,televenda,1426
1000080916,Bioseguridad,Commodities,finestra_captura,promiscu,169,206.0,0.0,0.366,1086.44,688.92,alta,Client promiscu de Bioseguridad. Cicle habitual: 206 dies. La seva finestra de compra és ARA (retard: 0 dies). Share of wallet actual: 37%. Oportunitat de capturar 689€ de quota de mercat.,2025-12-30,,,0.20389421535733324,televenda,1427
30202,Bioseguridad,Commodities,finestra_captura,promiscu,103,462.0,0.0,0.366,1086.44,688.92,alta,Client promiscu de Bioseguridad. Cicle habitual: 462 dies. La seva finestra de compra és ARA (retard: 0 dies). Share of wallet actual: 37%. Oportunitat de capturar 689€ de quota de mercat.,2025-12-30,,,0.20389421535733324,televenda,1428
15264,Bioseguridad,Commodities,finestra_captura,promiscu,190,1286.0,0.0,0.366,1086.44,688.92,alta,Client promiscu de Bioseguridad. Cicle habitual: 1286 dies. La seva finestra de compra és ARA (retard: 0 dies). Share of wallet actual: 37%. Oportunitat de capturar 689€ de quota de mercat.,2025-12-30,,,0.20389421535733324,televenda,1429
1000057832,Bioseguridad,Commodities,finestra_captura,promiscu,249,258.0,0.0,0.366,1086.44,688.92,alta,Client promiscu de Bioseguridad. Cicle habitual: 258 dies. La seva finestra de compra és ARA (retard: 0 dies). Share of wallet actual: 37%. Oportunitat de capturar 689€ de quota de mercat.,2025-12-30,,,0.20389421535733324,televenda,1430
1000042947,Bioseguridad,Commodities,finestra_captura,promiscu,20,222.0,0.0,0.366,1086.44,688.92,alta,Client promiscu de Bioseguridad. Cicle habitual: 222 dies. La seva finestra de compra és ARA (retard: 0 dies). Share of wallet actual: 37%. Oportunitat de capturar 689€ de quota de mercat.,2025-12-30,,,0.20389421535733324,televenda,1431
1392,Bioseguridad,Commodities,finestra_captura,promiscu,96,180.0,0.0,0.366,1086.44,688.92,alta,Client promiscu de Bioseguridad. Cicle habitual: 180 dies. La seva finestra de compra és ARA (retard: 0 dies). Share of wallet actual: 37%. Oportunitat de capturar 689€ de quota de mercat.,2025-12-30,,,0.20389421535733324,televenda,1432
23200,Bioseguridad,Commodities,finestra_captura,promiscu,244,247.0,0.0,0.366,1086.44,688.92,alta,Client promiscu de Bioseguridad. Cicle habitual: 247 dies. La seva finestra de compra és ARA (retard: 0 dies). Share of wallet actual: 37%. Oportunitat de capturar 689€ de quota de mercat.,2025-12-30,,,0.20389421535733324,televenda,1433
3068,Bioseguridad,Commodities,finestra_captura,promiscu,117,208.0,0.0,0.366,1086.44,688.92,alta,Client promiscu de Bioseguridad. Cicle habitual: 208 dies. La seva finestra de compra és ARA (retard: 0 dies). Share of wallet actual: 37%. Oportunitat de capturar 689€ de quota de mercat.,2025-12-30,,,0.20389421535733324,televenda,1434
26139,Bioseguridad,Commodities,finestra_captura,promiscu,43,247.0,0.0,0.366,1086.44,688.92,alta,Client promiscu de Bioseguridad. Cicle habitual: 247 dies. La seva finestra de compra és ARA (retard: 0 dies). Share of wallet actual: 37%. Oportunitat de capturar 689€ de quota de mercat.,2025-12-30,,,0.20389421535733324,televenda,1435
1000078347,Anestesia,Commodities,finestra_captura,promiscu,180,199.0,0.0,0.69,2223.12,688.41,alta,Client promiscu de Anestesia. Cicle habitual: 199 dies. La seva finestra de compra és ARA (retard: 0 dies). Share of wallet actual: 69%. Oportunitat de capturar 688€ de quota de mercat.,2025-12-30,,,0.2038711485959819,televenda,1436
1000081523,Bioseguridad,Commodities,finestra_captura,promiscu,104,317.0,0.0,0.369,1086.44,685.15,alta,Client promiscu de Bioseguridad. Cicle habitual: 317 dies. La seva finestra de compra és ARA (retard: 0 dies). Share of wallet actual: 37%. Oportunitat de capturar 685€ de quota de mercat.,2025-12-30,,,0.20372329786251764,televenda,1437
1000070675,Bioseguridad,Commodities,finestra_captura,promiscu,89,446.0,0.0,0.369,1086.44,685.15,alta,Client promiscu de Bioseguridad. Cicle habitual: 446 dies. La seva finestra de compra és ARA (retard: 0 dies). Share of wallet actual: 37%. Oportunitat de capturar 685€ de quota de mercat.,2025-12-30,,,0.20372329786251764,televenda,1438
1000082394,Bioseguridad,Commodities,finestra_captura,promiscu,201,210.0,0.0,0.369,1086.44,685.15,alta,Client promiscu de Bioseguridad. Cicle habitual: 210 dies. La seva finestra de compra és ARA (retard: 0 dies). Share of wallet actual: 37%. Oportunitat de capturar 685€ de quota de mercat.,2025-12-30,,,0.20372329786251764,televenda,1439
1000067731,Anestesia,Commodities,finestra_captura,promiscu,43,452.0,0.0,0.62,1802.36,684.46,alta,Client promiscu de Anestesia. Cicle habitual: 452 dies. La seva finestra de compra és ARA (retard: 0 dies). Share of wallet actual: 62%. Oportunitat de capturar 684€ de quota de mercat.,2025-12-30,,,0.2036919142384262,televenda,1440
1000100286,Anestesia,Commodities,risc_fuga,fidel,155,65.0,89.0,0.354,2223.12,65.54,alta,Client fidel de Anestesia. Cicle habitual: 65 dies (±33). Porta 155 dies sense comprar (89 dies de retard). Share of wallet últims 12m: 35%. Possible inici de fuga.,2025-12-30,,,0.20368648834018235,delegat,1441
1817,Bioseguridad,Commodities,finestra_captura,promiscu,29,616.0,0.0,0.371,1086.44,683.89,alta,Client promiscu de Bioseguridad. Cicle habitual: 616 dies. La seva finestra de compra és ARA (retard: 0 dies). Share of wallet actual: 37%. Oportunitat de capturar 684€ de quota de mercat.,2025-12-30,,,0.2036659647987135,televenda,1442
12146,Bioseguridad,Commodities,finestra_captura,promiscu,90,542.0,0.0,0.372,1086.44,681.88,alta,Client promiscu de Bioseguridad. Cicle habitual: 542 dies. La seva finestra de compra és ARA (retard: 0 dies). Share of wallet actual: 37%. Oportunitat de capturar 682€ de quota de mercat.,2025-12-30,,,0.20357428621304613,televenda,1443
1000080576,Bioseguridad,Commodities,finestra_captura,promiscu,208,803.0,0.0,0.373,1086.44,681.38,alta,Client promiscu de Bioseguridad. Cicle habitual: 803 dies. La seva finestra de compra és ARA (retard: 0 dies). Share of wallet actual: 37%. Oportunitat de capturar 681€ de quota de mercat.,2025-12-30,,,0.20355143868252668,televenda,1444
41977,Bioseguridad,Commodities,finestra_captura,promiscu,228,393.0,0.0,0.373,1086.44,681.38,alta,Client promiscu de Bioseguridad. Cicle habitual: 393 dies. La seva finestra de compra és ARA (retard: 0 dies). Share of wallet actual: 37%. Oportunitat de capturar 681€ de quota de mercat.,2025-12-30,,,0.20355143868252668,televenda,1445
27842,Bioseguridad,Commodities,finestra_captura,promiscu,279,412.0,0.0,0.373,1086.44,681.38,alta,Client promiscu de Bioseguridad. Cicle habitual: 412 dies. La seva finestra de compra és ARA (retard: 0 dies). Share of wallet actual: 37%. Oportunitat de capturar 681€ de quota de mercat.,2025-12-30,,,0.20355143868252668,televenda,1446
1000073944,Bioseguridad,Commodities,finestra_captura,promiscu,174,398.0,0.0,0.373,1086.44,681.38,alta,Client promiscu de Bioseguridad. Cicle habitual: 398 dies. La seva finestra de compra és ARA (retard: 0 dies). Share of wallet actual: 37%. Oportunitat de capturar 681€ de quota de mercat.,2025-12-30,,,0.20355143868252668,televenda,1447
1000082084,Bioseguridad,Commodities,finestra_captura,promiscu,314,311.0,2.0,0.373,1086.44,681.38,alta,Client promiscu de Bioseguridad. Cicle habitual: 311 dies. La seva finestra de compra és ARA (retard: 2 dies). Share of wallet actual: 37%. Oportunitat de capturar 681€ de quota de mercat.,2025-12-30,,,0.20355143868252668,televenda,1448
18936,Bioseguridad,Commodities,finestra_captura,promiscu,249,507.0,0.0,0.373,1086.44,681.38,alta,Client promiscu de Bioseguridad. Cicle habitual: 507 dies. La seva finestra de compra és ARA (retard: 0 dies). Share of wallet actual: 37%. Oportunitat de capturar 681€ de quota de mercat.,2025-12-30,,,0.20355143868252668,televenda,1449
13464,Bioseguridad,Commodities,finestra_captura,promiscu,29,1292.0,0.0,0.373,1086.44,681.38,alta,Client promiscu de Bioseguridad. Cicle habitual: 1292 dies. La seva finestra de compra és ARA (retard: 0 dies). Share of wallet actual: 37%. Oportunitat de capturar 681€ de quota de mercat.,2025-12-30,,,0.20355143868252668,televenda,1450
28057,Bioseguridad,Commodities,finestra_captura,promiscu,231,405.0,0.0,0.373,1086.44,681.38,alta,Client promiscu de Bioseguridad. Cicle habitual: 405 dies. La seva finestra de compra és ARA (retard: 0 dies). Share of wallet actual: 37%. Oportunitat de capturar 681€ de quota de mercat.,2025-12-30,,,0.20355143868252668,televenda,1451
1000073706,Bioseguridad,Commodities,finestra_captura,promiscu,36,211.0,0.0,0.373,1086.44,681.38,alta,Client promiscu de Bioseguridad. Cicle habitual: 211 dies. La seva finestra de compra és ARA (retard: 0 dies). Share of wallet actual: 37%. Oportunitat de capturar 681€ de quota de mercat.,2025-12-30,,,0.20355143868252668,televenda,1452
3745,Bioseguridad,Commodities,finestra_captura,promiscu,229,528.0,0.0,0.373,1086.44,681.38,alta,Client promiscu de Bioseguridad. Cicle habitual: 528 dies. La seva finestra de compra és ARA (retard: 0 dies). Share of wallet actual: 37%. Oportunitat de capturar 681€ de quota de mercat.,2025-12-30,,,0.20355143868252668,televenda,1453
1000081597,Bioseguridad,Commodities,finestra_captura,promiscu,57,316.0,0.0,0.373,1086.44,681.38,alta,Client promiscu de Bioseguridad. Cicle habitual: 316 dies. La seva finestra de compra és ARA (retard: 0 dies). Share of wallet actual: 37%. Oportunitat de capturar 681€ de quota de mercat.,2025-12-30,,,0.20355143868252668,televenda,1454
8091,Bioseguridad,Commodities,finestra_captura,promiscu,175,505.0,0.0,0.373,1086.44,681.38,alta,Client promiscu de Bioseguridad. Cicle habitual: 505 dies. La seva finestra de compra és ARA (retard: 0 dies). Share of wallet actual: 37%. Oportunitat de capturar 681€ de quota de mercat.,2025-12-30,,,0.20355143868252668,televenda,1455
12746,Bioseguridad,Commodities,finestra_captura,promiscu,109,620.0,0.0,0.373,1086.44,681.38,alta,Client promiscu de Bioseguridad. Cicle habitual: 620 dies. La seva finestra de compra és ARA (retard: 0 dies). Share of wallet actual: 37%. Oportunitat de capturar 681€ de quota de mercat.,2025-12-30,,,0.20355143868252668,televenda,1456
462,Bioseguridad,Commodities,finestra_captura,promiscu,116,391.0,0.0,0.373,1086.44,681.38,alta,Client promiscu de Bioseguridad. Cicle habitual: 391 dies. La seva finestra de compra és ARA (retard: 0 dies). Share of wallet actual: 37%. Oportunitat de capturar 681€ de quota de mercat.,2025-12-30,,,0.20355143868252668,televenda,1457
1000082136,Bioseguridad,Commodities,finestra_captura,promiscu,201,1170.0,0.0,0.373,1086.44,681.38,alta,Client promiscu de Bioseguridad. Cicle habitual: 1170 dies. La seva finestra de compra és ARA (retard: 0 dies). Share of wallet actual: 37%. Oportunitat de capturar 681€ de quota de mercat.,2025-12-30,,,0.20355143868252668,televenda,1458
1000077453,Bioseguridad,Commodities,finestra_captura,promiscu,147,384.0,0.0,0.373,1086.44,681.38,alta,Client promiscu de Bioseguridad. Cicle habitual: 384 dies. La seva finestra de compra és ARA (retard: 0 dies). Share of wallet actual: 37%. Oportunitat de capturar 681€ de quota de mercat.,2025-12-30,,,0.20355143868252668,televenda,1459
42627,Anestesia,Commodities,finestra_captura,promiscu,119,342.0,0.0,0.694,2223.12,680.69,alta,Client promiscu de Anestesia. Cicle habitual: 342 dies. La seva finestra de compra és ARA (retard: 0 dies). Share of wallet actual: 69%. Oportunitat de capturar 681€ de quota de mercat.,2025-12-30,,,0.20351988158305212,televenda,1460
1000101154,Biomateriales,Productes Tècnics,silenci_anomal_crític,actiu_esporadic,209,86.0,,,0.0,1533.02,alta,Client actiu_esporadic de Biomaterials. Historial: 4 pedidos (3 últims 12m). Freqüència habitual: 86 ±35 dies. Porta 209 dies sense comprar (z=3.5). Anomalia crítica detectada.,2025-12-30,3.48,vermella,0.2033951140389658,televenda,1461
10952,Bioseguridad,Commodities,finestra_captura,promiscu,174,191.0,0.0,0.23,879.2,676.67,alta,Client promiscu de Bioseguridad. Cicle habitual: 191 dies. La seva finestra de compra és ARA (retard: 0 dies). Share of wallet actual: 23%. Oportunitat de capturar 677€ de quota de mercat.,2025-12-30,,,0.20333538962448303,televenda,1462
1000069407,Bioseguridad,Commodities,finestra_captura,promiscu,355,360.0,0.0,0.23,879.2,676.67,alta,Client promiscu de Bioseguridad. Cicle habitual: 360 dies. La seva finestra de compra és ARA (retard: 0 dies). Share of wallet actual: 23%. Oportunitat de capturar 677€ de quota de mercat.,2025-12-30,,,0.20333538962448303,televenda,1463
41399,Biomateriales,Productes Tècnics,silenci_anomal_vigilar,actiu_regular,54,30.0,,,0.0,1511.37,mitjana,Client actiu_regular de Biomaterials. Historial: 10 pedidos (10 últims 12m). Freqüència habitual: 30 ±19 dies. Porta 54 dies sense comprar (z=1.3). Anomalia moderada detectada.,2025-12-30,1.29,groga,0.2030010091726641,delegat,1464
31008,Bioseguridad,Commodities,finestra_captura,promiscu,90,669.0,0.0,0.241,879.2,667.19,alta,Client promiscu de Bioseguridad. Cicle habitual: 669 dies. La seva finestra de compra és ARA (retard: 0 dies). Share of wallet actual: 24%. Oportunitat de capturar 667€ de quota de mercat.,2025-12-30,,,0.20289594895976953,televenda,1465
39036,Anestesia,Commodities,risc_fuga,fidel,118,48.0,69.0,0.347,2223.12,64.2,alta,Client fidel de Anestesia. Cicle habitual: 48 dies (±27). Porta 118 dies sense comprar (69 dies de retard). Share of wallet últims 12m: 35%. Possible inici de fuga.,2025-12-30,,,0.20269936311014078,delegat,1466
11020,Anestesia,Commodities,finestra_captura,promiscu,195,229.0,0.0,0.702,2223.12,662.03,alta,Client promiscu de Anestesia. Cicle habitual: 229 dies. La seva finestra de compra és ARA (retard: 0 dies). Share of wallet actual: 70%. Oportunitat de capturar 662€ de quota de mercat.,2025-12-30,,,0.2026541320585702,televenda,1467
29060,Anestesia,Commodities,finestra_captura,promiscu,196,195.0,1.0,0.702,2223.12,661.51,alta,Client promiscu de Anestesia. Cicle habitual: 195 dies. La seva finestra de compra és ARA (retard: 1 dies). Share of wallet actual: 70%. Oportunitat de capturar 662€ de quota de mercat.,2025-12-30,,,0.20262965861189086,televenda,1468
33039,Anestesia,Commodities,finestra_captura,promiscu,28,283.0,0.0,0.705,2223.12,656.42,alta,Client promiscu de Anestesia. Cicle habitual: 283 dies. La seva finestra de compra és ARA (retard: 0 dies). Share of wallet actual: 70%. Oportunitat de capturar 656€ de quota de mercat.,2025-12-30,,,0.20238908186726304,televenda,1469
42490,Bioseguridad,Commodities,finestra_captura,promiscu,120,227.0,0.0,0.398,1086.44,654.38,alta,Client promiscu de Bioseguridad. Cicle habitual: 227 dies. La seva finestra de compra és ARA (retard: 0 dies). Share of wallet actual: 40%. Oportunitat de capturar 654€ de quota de mercat.,2025-12-30,,,0.20229213884442918,televenda,1470
29669,Bioseguridad,Commodities,finestra_captura,promiscu,202,516.0,0.0,0.398,1086.44,654.38,alta,Client promiscu de Bioseguridad. Cicle habitual: 516 dies. La seva finestra de compra és ARA (retard: 0 dies). Share of wallet actual: 40%. Oportunitat de capturar 654€ de quota de mercat.,2025-12-30,,,0.20229213884442918,televenda,1471
14635,Anestesia,Commodities,finestra_captura,promiscu,6,160.0,0.0,0.637,1802.36,653.59,alta,Client promiscu de Anestesia. Cicle habitual: 160 dies. La seva finestra de compra és ARA (retard: 0 dies). Share of wallet actual: 64%. Oportunitat de capturar 654€ de quota de mercat.,2025-12-30,,,0.20225451610603962,televenda,1472
20335,Bioseguridad,Commodities,finestra_captura,promiscu,97,318.0,0.0,0.402,1086.44,649.16,alta,Client promiscu de Bioseguridad. Cicle habitual: 318 dies. La seva finestra de compra és ARA (retard: 0 dies). Share of wallet actual: 40%. Oportunitat de capturar 649€ de quota de mercat.,2025-12-30,,,0.20204269818646867,televenda,1473
1000076769,Bioseguridad,Commodities,finestra_captura,promiscu,277,718.0,0.0,0.406,1086.44,645.02,alta,Client promiscu de Bioseguridad. Cicle habitual: 718 dies. La seva finestra de compra és ARA (retard: 0 dies). Share of wallet actual: 41%. Oportunitat de capturar 645€ de quota de mercat.,2025-12-30,,,0.20184343773472582,televenda,1474
1000075403,Bioseguridad,Commodities,finestra_captura,promiscu,315,332.0,0.0,0.407,1086.44,644.64,alta,Client promiscu de Bioseguridad. Cicle habitual: 332 dies. La seva finestra de compra és ARA (retard: 0 dies). Share of wallet actual: 41%. Oportunitat de capturar 645€ de quota de mercat.,2025-12-30,,,0.20182508418777317,televenda,1475
29068,Anestesia,Commodities,finestra_captura,promiscu,109,273.0,0.0,0.812,3410.04,641.19,alta,Client promiscu de Anestesia. Cicle habitual: 273 dies. La seva finestra de compra és ARA (retard: 0 dies). Share of wallet actual: 81%. Oportunitat de capturar 641€ de quota de mercat.,2025-12-30,,,0.20165795734655684,televenda,1476
1000078799,Anestesia,Commodities,finestra_captura,promiscu,47,465.0,0.0,0.713,2223.12,637.51,alta,Client promiscu de Anestesia. Cicle habitual: 465 dies. La seva finestra de compra és ARA (retard: 0 dies). Share of wallet actual: 71%. Oportunitat de capturar 638€ de quota de mercat.,2025-12-30,,,0.20147869618216954,televenda,1477
1000100074,Biomateriales,Productes Tècnics,silenci_anomal_vigilar,actiu_regular,117,47.0,,,0.0,1416.14,mitjana,Client actiu_regular de Biomaterials. Historial: 22 pedidos (7 últims 12m). Freqüència habitual: 47 ±39 dies. Porta 117 dies sense comprar (z=1.8). Anomalia moderada detectada.,2025-12-30,1.81,groga,0.20119772599685307,delegat,1478
19238,Anestesia,Commodities,finestra_captura,promiscu,154,176.0,0.0,0.65,1802.36,630.54,alta,Client promiscu de Anestesia. Cicle habitual: 176 dies. La seva finestra de compra és ARA (retard: 0 dies). Share of wallet actual: 65%. Oportunitat de capturar 631€ de quota de mercat.,2025-12-30,,,0.20113632206298965,televenda,1479
1430,Biomateriales,Productes Tècnics,silenci_anomal_vigilar,actiu_regular,74,34.0,,,36989.2,1401.56,mitjana,Client actiu_regular de Biomaterials. Historial: 52 pedidos (10 últims 12m). Freqüència habitual: 34 ±25 dies. Porta 74 dies sense comprar (z=1.6). Anomalia moderada detectada.,2025-12-30,1.61,groga,0.2009109844812412,delegat,1480
31355,Bioseguridad,Commodities,finestra_captura,promiscu,70,378.0,0.0,0.425,1086.44,625.08,alta,Client promiscu de Bioseguridad. Cicle habitual: 378 dies. La seva finestra de compra és ARA (retard: 0 dies). Share of wallet actual: 42%. Oportunitat de capturar 625€ de quota de mercat.,2025-12-30,,,0.20086547099982152,televenda,1481
42717,Biomateriales,Productes Tècnics,silenci_anomal_vigilar,actiu_regular,104,45.0,,,0.0,1398.65,mitjana,Client actiu_regular de Biomaterials. Historial: 14 pedidos (6 últims 12m). Freqüència habitual: 45 ±30 dies. Porta 104 dies sense comprar (z=1.9). Anomalia moderada detectada.,2025-12-30,1.95,groga,0.20085339746821895,delegat,1482
433,Biomateriales,Productes Tècnics,silenci_anomal_vigilar,actiu_regular,133,67.0,,,4625.22,1392.01,mitjana,Client actiu_regular de Biomaterials. Historial: 26 pedidos (5 últims 12m). Freqüència habitual: 67 ±58 dies. Porta 133 dies sense comprar (z=1.1). Anomalia moderada detectada.,2025-12-30,1.14,groga,0.200721546622622,delegat,1483
34302,Anestesia,Commodities,finestra_captura,promiscu,82,446.0,0.0,0.655,1802.36,621.22,alta,Client promiscu de Anestesia. Cicle habitual: 446 dies. La seva finestra de compra és ARA (retard: 0 dies). Share of wallet actual: 66%. Oportunitat de capturar 621€ de quota de mercat.,2025-12-30,,,0.20067256118373172,televenda,1484
20827,Bioseguridad,Commodities,finestra_captura,promiscu,307,636.0,0.0,0.294,879.2,620.81,alta,Client promiscu de Bioseguridad. Cicle habitual: 636 dies. La seva finestra de compra és ARA (retard: 0 dies). Share of wallet actual: 29%. Oportunitat de capturar 621€ de quota de mercat.,2025-12-30,,,0.2006520004964602,televenda,1485
1000080419,Anestesia,Commodities,finestra_captura,promiscu,88,347.0,0.0,0.721,2223.12,619.45,alta,Client promiscu de Anestesia. Cicle habitual: 347 dies. La seva finestra de compra és ARA (retard: 0 dies). Share of wallet actual: 72%. Oportunitat de capturar 619€ de quota de mercat.,2025-12-30,,,0.2005837019927739,televenda,1486
1000100993,Anestesia,Commodities,finestra_captura,promiscu,68,357.0,0.0,0.721,2223.12,619.45,alta,Client promiscu de Anestesia. Cicle habitual: 357 dies. La seva finestra de compra és ARA (retard: 0 dies). Share of wallet actual: 72%. Oportunitat de capturar 619€ de quota de mercat.,2025-12-30,,,0.2005837019927739,televenda,1487
1000101182,Anestesia,Commodities,finestra_captura,promiscu,176,354.0,0.0,0.909,6820.08,619.08,alta,Client promiscu de Anestesia. Cicle habitual: 354 dies. La seva finestra de compra és ARA (retard: 0 dies). Share of wallet actual: 91%. Oportunitat de capturar 619€ de quota de mercat.,2025-12-30,,,0.2005650948763841,televenda,1488
42852,Biomateriales,Productes Tècnics,silenci_anomal_crític,actiu_esporadic,306,112.0,,,0.0,1379.71,alta,Client actiu_esporadic de Biomaterials. Historial: 3 pedidos (1 últims 12m). Freqüència habitual: 112 ±57 dies. Porta 306 dies sense comprar (z=3.4). Anomalia crítica detectada.,2025-12-30,3.38,vermella,0.20047563592244688,televenda,1489
18774,Bioseguridad,Commodities,finestra_captura,promiscu,112,411.0,0.0,0.439,1086.44,609.41,alta,Client promiscu de Bioseguridad. Cicle habitual: 411 dies. La seva finestra de compra és ARA (retard: 0 dies). Share of wallet actual: 44%. Oportunitat de capturar 609€ de quota de mercat.,2025-12-30,,,0.20007481740810248,televenda,1490
1000067685,Bioseguridad,Commodities,finestra_captura,promiscu,284,382.0,0.0,0.439,1086.44,609.41,alta,Client promiscu de Bioseguridad. Cicle habitual: 382 dies. La seva finestra de compra és ARA (retard: 0 dies). Share of wallet actual: 44%. Oportunitat de capturar 609€ de quota de mercat.,2025-12-30,,,0.20007481740810248,televenda,1491
15484,Bioseguridad,Commodities,finestra_captura,promiscu,287,342.0,0.0,0.439,1086.44,609.41,alta,Client promiscu de Bioseguridad. Cicle habitual: 342 dies. La seva finestra de compra és ARA (retard: 0 dies). Share of wallet actual: 44%. Oportunitat de capturar 609€ de quota de mercat.,2025-12-30,,,0.20007481740810248,televenda,1492
15006,Bioseguridad,Commodities,finestra_captura,promiscu,246,276.0,0.0,0.439,1086.44,609.41,alta,Client promiscu de Bioseguridad. Cicle habitual: 276 dies. La seva finestra de compra és ARA (retard: 0 dies). Share of wallet actual: 44%. Oportunitat de capturar 609€ de quota de mercat.,2025-12-30,,,0.20007481740810248,televenda,1493
1000042326,Bioseguridad,Commodities,finestra_captura,promiscu,202,391.0,0.0,0.439,1086.44,609.41,alta,Client promiscu de Bioseguridad. Cicle habitual: 391 dies. La seva finestra de compra és ARA (retard: 0 dies). Share of wallet actual: 44%. Oportunitat de capturar 609€ de quota de mercat.,2025-12-30,,,0.20007481740810248,televenda,1494
1963,Bioseguridad,Commodities,finestra_captura,promiscu,40,818.0,0.0,0.439,1086.44,609.41,alta,Client promiscu de Bioseguridad. Cicle habitual: 818 dies. La seva finestra de compra és ARA (retard: 0 dies). Share of wallet actual: 44%. Oportunitat de capturar 609€ de quota de mercat.,2025-12-30,,,0.20007481740810248,televenda,1495
1000069726,Bioseguridad,Commodities,finestra_captura,promiscu,68,346.0,0.0,0.439,1086.44,609.41,alta,Client promiscu de Bioseguridad. Cicle habitual: 346 dies. La seva finestra de compra és ARA (retard: 0 dies). Share of wallet actual: 44%. Oportunitat de capturar 609€ de quota de mercat.,2025-12-30,,,0.20007481740810248,televenda,1496
1000056444,Bioseguridad,Commodities,finestra_captura,promiscu,57,587.0,0.0,0.439,1086.44,609.41,alta,Client promiscu de Bioseguridad. Cicle habitual: 587 dies. La seva finestra de compra és ARA (retard: 0 dies). Share of wallet actual: 44%. Oportunitat de capturar 609€ de quota de mercat.,2025-12-30,,,0.20007481740810248,televenda,1497
1000079238,Bioseguridad,Commodities,finestra_captura,promiscu,71,434.0,0.0,0.439,1086.44,609.41,alta,Client promiscu de Bioseguridad. Cicle habitual: 434 dies. La seva finestra de compra és ARA (retard: 0 dies). Share of wallet actual: 44%. Oportunitat de capturar 609€ de quota de mercat.,2025-12-30,,,0.20007481740810248,televenda,1498
2170,Bioseguridad,Commodities,finestra_captura,promiscu,200,524.0,0.0,0.439,1086.44,609.41,alta,Client promiscu de Bioseguridad. Cicle habitual: 524 dies. La seva finestra de compra és ARA (retard: 0 dies). Share of wallet actual: 44%. Oportunitat de capturar 609€ de quota de mercat.,2025-12-30,,,0.20007481740810248,televenda,1499
22496,Bioseguridad,Commodities,finestra_captura,promiscu,246,356.0,0.0,0.445,1086.44,602.79,alta,Client promiscu de Bioseguridad. Cicle habitual: 356 dies. La seva finestra de compra és ARA (retard: 0 dies). Share of wallet actual: 45%. Oportunitat de capturar 603€ de quota de mercat.,2025-12-30,,,0.19973467821833704,televenda,1500
1073,Bioseguridad,Commodities,finestra_captura,promiscu,25,736.0,0.0,0.317,879.2,600.93,alta,Client promiscu de Bioseguridad. Cicle habitual: 736 dies. La seva finestra de compra és ARA (retard: 0 dies). Share of wallet actual: 32%. Oportunitat de capturar 601€ de quota de mercat.,2025-12-30,,,0.1996384391450346,televenda,1501
1000078533,Bioseguridad,Commodities,finestra_captura,promiscu,36,1732.0,0.0,0.447,1086.44,600.37,alta,Client promiscu de Bioseguridad. Cicle habitual: 1732 dies. La seva finestra de compra és ARA (retard: 0 dies). Share of wallet actual: 45%. Oportunitat de capturar 600€ de quota de mercat.,2025-12-30,,,0.19960940568802535,televenda,1502
1000076917,Bioseguridad,Commodities,finestra_captura,promiscu,249,1557.0,0.0,0.447,1086.44,600.37,alta,Client promiscu de Bioseguridad. Cicle habitual: 1557 dies. La seva finestra de compra és ARA (retard: 0 dies). Share of wallet actual: 45%. Oportunitat de capturar 600€ de quota de mercat.,2025-12-30,,,0.19960940568802535,televenda,1503
1000080797,Bioseguridad,Commodities,finestra_captura,promiscu,225,1397.0,0.0,0.447,1086.44,600.37,alta,Client promiscu de Bioseguridad. Cicle habitual: 1397 dies. La seva finestra de compra és ARA (retard: 0 dies). Share of wallet actual: 45%. Oportunitat de capturar 600€ de quota de mercat.,2025-12-30,,,0.19960940568802535,televenda,1504
1000081198,Bioseguridad,Commodities,finestra_captura,promiscu,291,379.0,0.0,0.322,879.2,595.66,alta,Client promiscu de Bioseguridad. Cicle habitual: 379 dies. La seva finestra de compra és ARA (retard: 0 dies). Share of wallet actual: 32%. Oportunitat de capturar 596€ de quota de mercat.,2025-12-30,,,0.199364138156658,televenda,1505
18313,Anestesia,Commodities,finestra_captura,promiscu,8,200.0,0.0,0.733,2223.12,592.64,alta,Client promiscu de Anestesia. Cicle habitual: 200 dies. La seva finestra de compra és ARA (retard: 0 dies). Share of wallet actual: 73%. Oportunitat de capturar 593€ de quota de mercat.,2025-12-30,,,0.19920585450906458,televenda,1506
1000078484,Bioseguridad,Commodities,finestra_captura,promiscu,28,223.0,0.0,0.645,1667.34,591.9,alta,Client promiscu de Bioseguridad. Cicle habitual: 223 dies. La seva finestra de compra és ARA (retard: 0 dies). Share of wallet actual: 65%. Oportunitat de capturar 592€ de quota de mercat.,2025-12-30,,,0.19916694694858916,televenda,1507
8001,Anestesia,Commodities,finestra_captura,promiscu,118,136.0,0.0,0.737,2223.12,584.29,alta,Client promiscu de Anestesia. Cicle habitual: 136 dies. La seva finestra de compra és ARA (retard: 0 dies). Share of wallet actual: 74%. Oportunitat de capturar 584€ de quota de mercat.,2025-12-30,,,0.19876398877193097,televenda,1508
7341,Bioseguridad,Commodities,finestra_captura,promiscu,322,510.0,0.0,0.464,1086.44,582.0,alta,Client promiscu de Bioseguridad. Cicle habitual: 510 dies. La seva finestra de compra és ARA (retard: 0 dies). Share of wallet actual: 46%. Oportunitat de capturar 582€ de quota de mercat.,2025-12-30,,,0.19864170467297776,televenda,1509
932,Anestesia,Commodities,finestra_captura,promiscu,28,286.0,0.0,0.74,2223.12,577.6,alta,Client promiscu de Anestesia. Cicle habitual: 286 dies. La seva finestra de compra és ARA (retard: 0 dies). Share of wallet actual: 74%. Oportunitat de capturar 578€ de quota de mercat.,2025-12-30,,,0.19840539431457802,televenda,1510
1000078951,Bioseguridad,Commodities,finestra_captura,promiscu,111,434.0,0.0,0.472,1086.44,573.36,alta,Client promiscu de Bioseguridad. Cicle habitual: 434 dies. La seva finestra de compra és ARA (retard: 0 dies). Share of wallet actual: 47%. Oportunitat de capturar 573€ de quota de mercat.,2025-12-30,,,0.19817597066578185,televenda,1511
42821,Biomateriales,Productes Tècnics,silenci_anomal_vigilar,actiu_regular,70,40.0,,,0.0,1262.61,mitjana,Client actiu_regular de Biomaterials. Historial: 14 pedidos (9 últims 12m). Freqüència habitual: 40 ±27 dies. Porta 70 dies sense comprar (z=1.1). Anomalia moderada detectada.,2025-12-30,1.13,groga,0.1980183307081314,delegat,1512
1000078590,Anestesia,Commodities,finestra_captura,promiscu,70,272.0,0.0,0.744,2223.12,570.04,alta,Client promiscu de Anestesia. Cicle habitual: 272 dies. La seva finestra de compra és ARA (retard: 0 dies). Share of wallet actual: 74%. Oportunitat de capturar 570€ de quota de mercat.,2025-12-30,,,0.19799514222822076,televenda,1513
16818,Bioseguridad,Commodities,finestra_captura,promiscu,186,289.0,0.0,0.476,1086.44,569.66,alta,Client promiscu de Bioseguridad. Cicle habitual: 289 dies. La seva finestra de compra és ARA (retard: 0 dies). Share of wallet actual: 48%. Oportunitat de capturar 570€ de quota de mercat.,2025-12-30,,,0.19797437797960168,televenda,1514
35566,Bioseguridad,Commodities,finestra_captura,promiscu,13,346.0,0.0,0.485,1086.44,559.86,alta,Client promiscu de Bioseguridad. Cicle habitual: 346 dies. La seva finestra de compra és ARA (retard: 0 dies). Share of wallet actual: 48%. Oportunitat de capturar 560€ de quota de mercat.,2025-12-30,,,0.1974340476958198,televenda,1515
8271,Bioseguridad,Commodities,finestra_captura,promiscu,47,1142.0,0.0,0.369,879.2,555.15,alta,Client promiscu de Bioseguridad. Cicle habitual: 1142 dies. La seva finestra de compra és ARA (retard: 0 dies). Share of wallet actual: 37%. Oportunitat de capturar 555€ de quota de mercat.,2025-12-30,,,0.19717098998981447,televenda,1516
30047,Bioseguridad,Commodities,finestra_captura,promiscu,214,535.0,0.0,0.369,879.2,555.15,alta,Client promiscu de Bioseguridad. Cicle habitual: 535 dies. La seva finestra de compra és ARA (retard: 0 dies). Share of wallet actual: 37%. Oportunitat de capturar 555€ de quota de mercat.,2025-12-30,,,0.19717098998981447,televenda,1517
1000063806,Biomateriales,Productes Tècnics,silenci_anomal_vigilar,actiu_regular,57,33.0,,,13872.52,1224.26,mitjana,Client actiu_regular de Biomaterials. Historial: 55 pedidos (10 últims 12m). Freqüència habitual: 33 ±21 dies. Porta 57 dies sense comprar (z=1.1). Anomalia moderada detectada.,2025-12-30,1.15,groga,0.197163796179081,delegat,1518
1000102225,Anestesia,Commodities,reposicio_pendent,fidel,25,10.0,15.0,0.934,5683.4,442.57,mitjana,Client fidel de Anestesia. Cicle habitual: 10 dies (±13). Porta 25 dies sense comprar (15 dies de retard). Share of wallet últims 12m: 93%. Possible retard de reposició.,2025-12-30,,,0.19715704605661277,delegat,1519
36477,Anestesia,Commodities,finestra_captura,promiscu,8,884.0,0.0,0.751,2223.12,554.64,alta,Client promiscu de Anestesia. Cicle habitual: 884 dies. La seva finestra de compra és ARA (retard: 0 dies). Share of wallet actual: 75%. Oportunitat de capturar 555€ de quota de mercat.,2025-12-30,,,0.19714237246607663,televenda,1520
40897,Biomateriales,Productes Tècnics,silenci_anomal_vigilar,actiu_regular,34,18.0,,,18494.6,1222.43,mitjana,Client actiu_regular de Biomaterials. Historial: 98 pedidos (17 últims 12m). Freqüència habitual: 18 ±15 dies. Porta 34 dies sense comprar (z=1.1). Anomalia moderada detectada.,2025-12-30,1.08,groga,0.1971223533448101,delegat,1521
7972,Bioseguridad,Commodities,finestra_captura,promiscu,47,332.0,0.0,0.668,1667.34,554.27,alta,Client promiscu de Bioseguridad. Cicle habitual: 332 dies. La seva finestra de compra és ARA (retard: 0 dies). Share of wallet actual: 67%. Oportunitat de capturar 554€ de quota de mercat.,2025-12-30,,,0.1971215942875887,televenda,1522
24910,Bioseguridad,Commodities,finestra_captura,promiscu,81,210.0,0.0,0.498,1086.44,545.79,alta,Client promiscu de Bioseguridad. Cicle habitual: 210 dies. La seva finestra de compra és ARA (retard: 0 dies). Share of wallet actual: 50%. Oportunitat de capturar 546€ de quota de mercat.,2025-12-30,,,0.19664154725141444,televenda,1523
40714,Anestesia,Commodities,finestra_captura,promiscu,160,371.0,0.0,0.698,1802.36,544.91,alta,Client promiscu de Anestesia. Cicle habitual: 371 dies. La seva finestra de compra és ARA (retard: 0 dies). Share of wallet actual: 70%. Oportunitat de capturar 545€ de quota de mercat.,2025-12-30,,,0.19659130530782135,televenda,1524
1460,Bioseguridad,Commodities,finestra_captura,promiscu,55,533.0,0.0,0.5,1086.44,543.66,alta,Client promiscu de Bioseguridad. Cicle habitual: 533 dies. La seva finestra de compra és ARA (retard: 0 dies). Share of wallet actual: 50%. Oportunitat de capturar 544€ de quota de mercat.,2025-12-30,,,0.19651979950860113,televenda,1525
1000101868,Biomateriales,Productes Tècnics,silenci_anomal_vigilar,actiu_regular,105,51.0,,,0.0,1163.95,mitjana,Client actiu_regular de Biomaterials. Historial: 5 pedidos (5 últims 12m). Freqüència habitual: 51 ±53 dies. Porta 105 dies sense comprar (z=1.0). Anomalia moderada detectada.,2025-12-30,1.01,groga,0.19576428121383876,delegat,1526
1000078980,Bioseguridad,Commodities,finestra_captura,promiscu,109,385.0,0.0,0.512,1086.44,529.91,alta,Client promiscu de Bioseguridad. Cicle habitual: 385 dies. La seva finestra de compra és ARA (retard: 0 dies). Share of wallet actual: 51%. Oportunitat de capturar 530€ de quota de mercat.,2025-12-30,,,0.1957222231232748,televenda,1527
37339,Bioseguridad,Commodities,finestra_captura,promiscu,67,398.0,0.0,0.512,1086.44,529.91,alta,Client promiscu de Bioseguridad. Cicle habitual: 398 dies. La seva finestra de compra és ARA (retard: 0 dies). Share of wallet actual: 51%. Oportunitat de capturar 530€ de quota de mercat.,2025-12-30,,,0.1957222231232748,televenda,1528
7275,Bioseguridad,Commodities,finestra_captura,promiscu,181,182.0,0.0,0.512,1086.44,529.91,alta,Client promiscu de Bioseguridad. Cicle habitual: 182 dies. La seva finestra de compra és ARA (retard: 0 dies). Share of wallet actual: 51%. Oportunitat de capturar 530€ de quota de mercat.,2025-12-30,,,0.1957222231232748,televenda,1529
14837,Bioseguridad,Commodities,finestra_captura,promiscu,201,256.0,0.0,0.512,1086.44,529.91,alta,Client promiscu de Bioseguridad. Cicle habitual: 256 dies. La seva finestra de compra és ARA (retard: 0 dies). Share of wallet actual: 51%. Oportunitat de capturar 530€ de quota de mercat.,2025-12-30,,,0.1957222231232748,televenda,1530
13332,Bioseguridad,Commodities,finestra_captura,promiscu,62,145.0,0.0,0.512,1086.44,529.91,alta,Client promiscu de Bioseguridad. Cicle habitual: 145 dies. La seva finestra de compra és ARA (retard: 0 dies). Share of wallet actual: 51%. Oportunitat de capturar 530€ de quota de mercat.,2025-12-30,,,0.1957222231232748,televenda,1531
1000056895,Bioseguridad,Commodities,finestra_captura,promiscu,229,264.0,0.0,0.512,1086.44,529.91,alta,Client promiscu de Bioseguridad. Cicle habitual: 264 dies. La seva finestra de compra és ARA (retard: 0 dies). Share of wallet actual: 51%. Oportunitat de capturar 530€ de quota de mercat.,2025-12-30,,,0.1957222231232748,televenda,1532
38577,Biomateriales,Productes Tècnics,silenci_anomal_vigilar,actiu_regular,81,27.0,,,23119.82,1148.01,mitjana,Client actiu_regular de Biomaterials. Historial: 66 pedidos (17 últims 12m). Freqüència habitual: 27 ±45 dies. Porta 81 dies sense comprar (z=1.2). Anomalia moderada detectada.,2025-12-30,1.2,groga,0.19538227412190784,delegat,1533
37534,Bioseguridad,Commodities,finestra_captura,promiscu,96,415.0,0.0,0.522,1086.44,519.36,alta,Client promiscu de Bioseguridad. Cicle habitual: 415 dies. La seva finestra de compra és ARA (retard: 0 dies). Share of wallet actual: 52%. Oportunitat de capturar 519€ de quota de mercat.,2025-12-30,,,0.19509613224402908,televenda,1534
16831,Bioseguridad,Commodities,finestra_captura,promiscu,334,370.0,0.0,0.522,1086.44,519.36,alta,Client promiscu de Bioseguridad. Cicle habitual: 370 dies. La seva finestra de compra és ARA (retard: 0 dies). Share of wallet actual: 52%. Oportunitat de capturar 519€ de quota de mercat.,2025-12-30,,,0.19509613224402908,televenda,1535
27567,Bioseguridad,Commodities,finestra_captura,promiscu,306,493.0,0.0,0.522,1086.44,519.36,alta,Client promiscu de Bioseguridad. Cicle habitual: 493 dies. La seva finestra de compra és ARA (retard: 0 dies). Share of wallet actual: 52%. Oportunitat de capturar 519€ de quota de mercat.,2025-12-30,,,0.19509613224402908,televenda,1536
2424,Bioseguridad,Commodities,finestra_captura,promiscu,306,916.0,0.0,0.522,1086.44,519.36,alta,Client promiscu de Bioseguridad. Cicle habitual: 916 dies. La seva finestra de compra és ARA (retard: 0 dies). Share of wallet actual: 52%. Oportunitat de capturar 519€ de quota de mercat.,2025-12-30,,,0.19509613224402908,televenda,1537
11101,Bioseguridad,Commodities,finestra_captura,promiscu,160,244.0,0.0,0.522,1086.44,519.36,alta,Client promiscu de Bioseguridad. Cicle habitual: 244 dies. La seva finestra de compra és ARA (retard: 0 dies). Share of wallet actual: 52%. Oportunitat de capturar 519€ de quota de mercat.,2025-12-30,,,0.19509613224402908,televenda,1538
37198,Bioseguridad,Commodities,finestra_captura,promiscu,19,562.0,0.0,0.522,1086.44,519.36,alta,Client promiscu de Bioseguridad. Cicle habitual: 562 dies. La seva finestra de compra és ARA (retard: 0 dies). Share of wallet actual: 52%. Oportunitat de capturar 519€ de quota de mercat.,2025-12-30,,,0.19509613224402908,televenda,1539
22813,Bioseguridad,Commodities,finestra_captura,promiscu,333,365.0,0.0,0.522,1086.44,519.36,alta,Client promiscu de Bioseguridad. Cicle habitual: 365 dies. La seva finestra de compra és ARA (retard: 0 dies). Share of wallet actual: 52%. Oportunitat de capturar 519€ de quota de mercat.,2025-12-30,,,0.19509613224402908,televenda,1540
1000100928,Bioseguridad,Commodities,finestra_captura,promiscu,182,246.0,0.0,0.522,1086.44,519.36,alta,Client promiscu de Bioseguridad. Cicle habitual: 246 dies. La seva finestra de compra és ARA (retard: 0 dies). Share of wallet actual: 52%. Oportunitat de capturar 519€ de quota de mercat.,2025-12-30,,,0.19509613224402908,televenda,1541
24954,Bioseguridad,Commodities,finestra_captura,promiscu,92,477.0,0.0,0.522,1086.44,519.36,alta,Client promiscu de Bioseguridad. Cicle habitual: 477 dies. La seva finestra de compra és ARA (retard: 0 dies). Share of wallet actual: 52%. Oportunitat de capturar 519€ de quota de mercat.,2025-12-30,,,0.19509613224402908,televenda,1542
1000081160,Bioseguridad,Commodities,finestra_captura,promiscu,207,266.0,0.0,0.522,1086.44,519.36,alta,Client promiscu de Bioseguridad. Cicle habitual: 266 dies. La seva finestra de compra és ARA (retard: 0 dies). Share of wallet actual: 52%. Oportunitat de capturar 519€ de quota de mercat.,2025-12-30,,,0.19509613224402908,televenda,1543
1000071765,Bioseguridad,Commodities,finestra_captura,promiscu,195,318.0,0.0,0.522,1086.44,519.36,alta,Client promiscu de Bioseguridad. Cicle habitual: 318 dies. La seva finestra de compra és ARA (retard: 0 dies). Share of wallet actual: 52%. Oportunitat de capturar 519€ de quota de mercat.,2025-12-30,,,0.19509613224402908,televenda,1544
5209,Bioseguridad,Commodities,finestra_captura,promiscu,70,242.0,0.0,0.522,1086.44,519.36,alta,Client promiscu de Bioseguridad. Cicle habitual: 242 dies. La seva finestra de compra és ARA (retard: 0 dies). Share of wallet actual: 52%. Oportunitat de capturar 519€ de quota de mercat.,2025-12-30,,,0.19509613224402908,televenda,1545
15032,Bioseguridad,Commodities,finestra_captura,promiscu,119,286.0,0.0,0.522,1086.44,519.36,alta,Client promiscu de Bioseguridad. Cicle habitual: 286 dies. La seva finestra de compra és ARA (retard: 0 dies). Share of wallet actual: 52%. Oportunitat de capturar 519€ de quota de mercat.,2025-12-30,,,0.19509613224402908,televenda,1546
10449,Anestesia,Commodities,finestra_captura,promiscu,152,332.0,0.0,0.768,2223.12,516.66,alta,Client promiscu de Anestesia. Cicle habitual: 332 dies. La seva finestra de compra és ARA (retard: 0 dies). Share of wallet actual: 77%. Oportunitat de capturar 517€ de quota de mercat.,2025-12-30,,,0.19493386022832657,televenda,1547
1000064411,Anestesia,Commodities,finestra_captura,promiscu,327,688.0,0.0,0.716,1802.36,512.29,alta,Client promiscu de Anestesia. Cicle habitual: 688 dies. La seva finestra de compra és ARA (retard: 0 dies). Share of wallet actual: 72%. Oportunitat de capturar 512€ de quota de mercat.,2025-12-30,,,0.19466941785652866,televenda,1548
1000061991,Anestesia,Commodities,finestra_captura,promiscu,323,382.0,0.0,0.716,1802.36,512.29,alta,Client promiscu de Anestesia. Cicle habitual: 382 dies. La seva finestra de compra és ARA (retard: 0 dies). Share of wallet actual: 72%. Oportunitat de capturar 512€ de quota de mercat.,2025-12-30,,,0.19466941785652866,televenda,1549
39982,Anestesia,Commodities,finestra_captura,promiscu,62,180.0,0.0,0.723,1802.36,498.85,alta,Client promiscu de Anestesia. Cicle habitual: 180 dies. La seva finestra de compra és ARA (retard: 0 dies). Share of wallet actual: 72%. Oportunitat de capturar 499€ de quota de mercat.,2025-12-30,,,0.1938417808664379,televenda,1550
1000102166,Anestesia,Commodities,reposicio_pendent,fidel,25,14.0,10.0,1.402,3410.04,398.32,mitjana,Client fidel de Anestesia. Cicle habitual: 14 dies (±1). Porta 25 dies sense comprar (10 dies de retard). Share of wallet últims 12m: 140%. Possible retard de reposició.,2025-12-30,,,0.1937575017662995,delegat,1551
39298,Anestesia,Commodities,reposicio_pendent,fidel,174,97.0,76.0,1.5,2223.12,394.87,mitjana,Client fidel de Anestesia. Cicle habitual: 97 dies (±28). Porta 174 dies sense comprar (76 dies de retard). Share of wallet últims 12m: 150%. Possible retard de reposició.,2025-12-30,,,0.19347680992725172,delegat,1552
1000037619,Bioseguridad,Commodities,finestra_captura,promiscu,159,400.0,0.0,0.549,1086.44,490.15,alta,Client promiscu de Bioseguridad. Cicle habitual: 400 dies. La seva finestra de compra és ARA (retard: 0 dies). Share of wallet actual: 55%. Oportunitat de capturar 490€ de quota de mercat.,2025-12-30,,,0.19329408260252456,televenda,1553
12209,Bioseguridad,Commodities,finestra_captura,promiscu,327,394.0,0.0,0.549,1086.44,490.15,alta,Client promiscu de Bioseguridad. Cicle habitual: 394 dies. La seva finestra de compra és ARA (retard: 0 dies). Share of wallet actual: 55%. Oportunitat de capturar 490€ de quota de mercat.,2025-12-30,,,0.19329408260252456,televenda,1554
30791,Bioseguridad,Commodities,finestra_captura,promiscu,21,299.0,0.0,0.549,1086.44,490.15,alta,Client promiscu de Bioseguridad. Cicle habitual: 299 dies. La seva finestra de compra és ARA (retard: 0 dies). Share of wallet actual: 55%. Oportunitat de capturar 490€ de quota de mercat.,2025-12-30,,,0.19329408260252456,televenda,1555
1000101711,Biomateriales,Productes Tècnics,silenci_anomal_vigilar,actiu_regular,91,48.0,,,0.0,1063.06,mitjana,Client actiu_regular de Biomaterials. Historial: 6 pedidos (6 últims 12m). Freqüència habitual: 48 ±39 dies. Porta 91 dies sense comprar (z=1.1). Anomalia moderada detectada.,2025-12-30,1.1,groga,0.19325259703206665,delegat,1556
14682,Bioseguridad,Commodities,finestra_captura,promiscu,27,255.0,0.0,0.552,1086.44,486.39,alta,Client promiscu de Bioseguridad. Cicle habitual: 255 dies. La seva finestra de compra és ARA (retard: 0 dies). Share of wallet actual: 55%. Oportunitat de capturar 486€ de quota de mercat.,2025-12-30,,,0.19305436716245464,televenda,1557
1000080804,Bioseguridad,Commodities,finestra_captura,promiscu,83,286.0,0.0,0.554,1086.44,484.12,alta,Client promiscu de Bioseguridad. Cicle habitual: 286 dies. La seva finestra de compra és ARA (retard: 0 dies). Share of wallet actual: 55%. Oportunitat de capturar 484€ de quota de mercat.,2025-12-30,,,0.1929087484526567,televenda,1558
1000100210,Bioseguridad,Commodities,finestra_captura,promiscu,314,343.0,0.0,0.452,879.2,481.68,alta,Client promiscu de Bioseguridad. Cicle habitual: 343 dies. La seva finestra de compra és ARA (retard: 0 dies). Share of wallet actual: 45%. Oportunitat de capturar 482€ de quota de mercat.,2025-12-30,,,0.19275146257234876,televenda,1559
4759,Bioseguridad,Commodities,finestra_captura,promiscu,105,534.0,0.0,0.452,879.2,481.68,alta,Client promiscu de Bioseguridad. Cicle habitual: 534 dies. La seva finestra de compra és ARA (retard: 0 dies). Share of wallet actual: 45%. Oportunitat de capturar 482€ de quota de mercat.,2025-12-30,,,0.19275146257234876,televenda,1560
1000077789,Bioseguridad,Commodities,finestra_captura,promiscu,295,458.0,0.0,0.452,879.2,481.68,alta,Client promiscu de Bioseguridad. Cicle habitual: 458 dies. La seva finestra de compra és ARA (retard: 0 dies). Share of wallet actual: 45%. Oportunitat de capturar 482€ de quota de mercat.,2025-12-30,,,0.19275146257234876,televenda,1561
32269,Bioseguridad,Commodities,finestra_captura,promiscu,91,397.0,0.0,0.452,879.2,481.68,alta,Client promiscu de Bioseguridad. Cicle habitual: 397 dies. La seva finestra de compra és ARA (retard: 0 dies). Share of wallet actual: 45%. Oportunitat de capturar 482€ de quota de mercat.,2025-12-30,,,0.19275146257234876,televenda,1562
12002,Bioseguridad,Commodities,finestra_captura,promiscu,217,724.0,0.0,0.452,879.2,481.68,alta,Client promiscu de Bioseguridad. Cicle habitual: 724 dies. La seva finestra de compra és ARA (retard: 0 dies). Share of wallet actual: 45%. Oportunitat de capturar 482€ de quota de mercat.,2025-12-30,,,0.19275146257234876,televenda,1563
21582,Bioseguridad,Commodities,finestra_captura,promiscu,193,669.0,0.0,0.452,879.2,481.68,alta,Client promiscu de Bioseguridad. Cicle habitual: 669 dies. La seva finestra de compra és ARA (retard: 0 dies). Share of wallet actual: 45%. Oportunitat de capturar 482€ de quota de mercat.,2025-12-30,,,0.19275146257234876,televenda,1564
1000079046,Bioseguridad,Commodities,finestra_captura,promiscu,109,419.0,0.0,0.452,879.2,481.68,alta,Client promiscu de Bioseguridad. Cicle habitual: 419 dies. La seva finestra de compra és ARA (retard: 0 dies). Share of wallet actual: 45%. Oportunitat de capturar 482€ de quota de mercat.,2025-12-30,,,0.19275146257234876,televenda,1565
26194,Biomateriales,Productes Tècnics,silenci_anomal_vigilar,actiu_regular,210,77.0,,,0.0,1041.67,mitjana,Client actiu_regular de Biomaterials. Historial: 9 pedidos (4 últims 12m). Freqüència habitual: 77 ±76 dies. Porta 210 dies sense comprar (z=1.7). Anomalia moderada detectada.,2025-12-30,1.74,groga,0.192689544500972,delegat,1566
1000078822,Bioseguridad,Commodities,finestra_captura,promiscu,42,512.0,0.0,0.559,1086.44,478.85,alta,Client promiscu de Bioseguridad. Cicle habitual: 512 dies. La seva finestra de compra és ARA (retard: 0 dies). Share of wallet actual: 56%. Oportunitat de capturar 479€ de quota de mercat.,2025-12-30,,,0.1925680377863025,televenda,1567
42535,Bioseguridad,Commodities,finestra_captura,promiscu,60,562.0,0.0,0.559,1086.44,478.85,alta,Client promiscu de Bioseguridad. Cicle habitual: 562 dies. La seva finestra de compra és ARA (retard: 0 dies). Share of wallet actual: 56%. Oportunitat de capturar 479€ de quota de mercat.,2025-12-30,,,0.1925680377863025,televenda,1568
1000073231,Anestesia,Commodities,finestra_captura,promiscu,280,533.0,0.0,0.737,1802.36,473.57,alta,Client promiscu de Anestesia. Cicle habitual: 533 dies. La seva finestra de compra és ARA (retard: 0 dies). Share of wallet actual: 74%. Oportunitat de capturar 474€ de quota de mercat.,2025-12-30,,,0.19222290721506996,televenda,1569
1000066944,Anestesia,Commodities,finestra_captura,promiscu,288,346.0,0.0,0.737,1802.36,473.57,alta,Client promiscu de Anestesia. Cicle habitual: 346 dies. La seva finestra de compra és ARA (retard: 0 dies). Share of wallet actual: 74%. Oportunitat de capturar 474€ de quota de mercat.,2025-12-30,,,0.19222290721506996,televenda,1570
37581,Anestesia,Commodities,finestra_captura,promiscu,277,304.0,0.0,0.737,1802.36,473.57,alta,Client promiscu de Anestesia. Cicle habitual: 304 dies. La seva finestra de compra és ARA (retard: 0 dies). Share of wallet actual: 74%. Oportunitat de capturar 474€ de quota de mercat.,2025-12-30,,,0.19222290721506996,televenda,1571
16817,Anestesia,Commodities,finestra_captura,promiscu,116,436.0,0.0,0.737,1802.36,473.57,alta,Client promiscu de Anestesia. Cicle habitual: 436 dies. La seva finestra de compra és ARA (retard: 0 dies). Share of wallet actual: 74%. Oportunitat de capturar 474€ de quota de mercat.,2025-12-30,,,0.19222290721506996,televenda,1572
1000100035,Anestesia,Commodities,finestra_captura,promiscu,190,206.0,0.0,0.737,1802.36,473.57,alta,Client promiscu de Anestesia. Cicle habitual: 206 dies. La seva finestra de compra és ARA (retard: 0 dies). Share of wallet actual: 74%. Oportunitat de capturar 474€ de quota de mercat.,2025-12-30,,,0.19222290721506996,televenda,1573
1000080291,Anestesia,Commodities,finestra_captura,promiscu,21,758.0,0.0,0.737,1802.36,473.57,alta,Client promiscu de Anestesia. Cicle habitual: 758 dies. La seva finestra de compra és ARA (retard: 0 dies). Share of wallet actual: 74%. Oportunitat de capturar 474€ de quota de mercat.,2025-12-30,,,0.19222290721506996,televenda,1574
20180,Anestesia,Commodities,finestra_captura,promiscu,98,562.0,0.0,0.737,1802.36,473.57,alta,Client promiscu de Anestesia. Cicle habitual: 562 dies. La seva finestra de compra és ARA (retard: 0 dies). Share of wallet actual: 74%. Oportunitat de capturar 474€ de quota de mercat.,2025-12-30,,,0.19222290721506996,televenda,1575
25816,Anestesia,Commodities,finestra_captura,promiscu,68,652.0,0.0,0.737,1802.36,473.57,alta,Client promiscu de Anestesia. Cicle habitual: 652 dies. La seva finestra de compra és ARA (retard: 0 dies). Share of wallet actual: 74%. Oportunitat de capturar 474€ de quota de mercat.,2025-12-30,,,0.19222290721506996,televenda,1576
1000037595,Anestesia,Commodities,finestra_captura,promiscu,126,362.0,0.0,0.737,1802.36,473.57,alta,Client promiscu de Anestesia. Cicle habitual: 362 dies. La seva finestra de compra és ARA (retard: 0 dies). Share of wallet actual: 74%. Oportunitat de capturar 474€ de quota de mercat.,2025-12-30,,,0.19222290721506996,televenda,1577
1000078436,Anestesia,Commodities,finestra_captura,promiscu,286,408.0,0.0,0.737,1802.36,473.57,alta,Client promiscu de Anestesia. Cicle habitual: 408 dies. La seva finestra de compra és ARA (retard: 0 dies). Share of wallet actual: 74%. Oportunitat de capturar 474€ de quota de mercat.,2025-12-30,,,0.19222290721506996,televenda,1578
10793,Anestesia,Commodities,finestra_captura,promiscu,106,267.0,0.0,0.737,1802.36,473.57,alta,Client promiscu de Anestesia. Cicle habitual: 267 dies. La seva finestra de compra és ARA (retard: 0 dies). Share of wallet actual: 74%. Oportunitat de capturar 474€ de quota de mercat.,2025-12-30,,,0.19222290721506996,televenda,1579
23103,Anestesia,Commodities,finestra_captura,promiscu,197,526.0,0.0,0.737,1802.36,473.57,alta,Client promiscu de Anestesia. Cicle habitual: 526 dies. La seva finestra de compra és ARA (retard: 0 dies). Share of wallet actual: 74%. Oportunitat de capturar 474€ de quota de mercat.,2025-12-30,,,0.19222290721506996,televenda,1580
1000101444,Anestesia,Commodities,finestra_captura,promiscu,116,344.0,0.0,0.737,1802.36,473.57,alta,Client promiscu de Anestesia. Cicle habitual: 344 dies. La seva finestra de compra és ARA (retard: 0 dies). Share of wallet actual: 74%. Oportunitat de capturar 474€ de quota de mercat.,2025-12-30,,,0.19222290721506996,televenda,1581
1000080904,Bioseguridad,Commodities,finestra_captura,promiscu,39,123.0,0.0,0.724,1667.34,459.7,alta,Client promiscu de Bioseguridad. Cicle habitual: 123 dies. La seva finestra de compra és ARA (retard: 0 dies). Share of wallet actual: 72%. Oportunitat de capturar 460€ de quota de mercat.,2025-12-30,,,0.1912976640055219,televenda,1582
29230,Biomateriales,Productes Tècnics,silenci_anomal_vigilar,actiu_regular,251,94.0,,,27741.9,985.48,mitjana,Client actiu_regular de Biomaterials. Historial: 18 pedidos (4 últims 12m). Freqüència habitual: 94 ±115 dies. Porta 251 dies sense comprar (z=1.4). Anomalia moderada detectada.,2025-12-30,1.36,groga,0.19115355583726015,delegat,1583
31478,Anestesia,Commodities,finestra_captura,promiscu,306,533.0,0.0,0.795,2223.12,455.18,alta,Client promiscu de Anestesia. Cicle habitual: 533 dies. La seva finestra de compra és ARA (retard: 0 dies). Share of wallet actual: 80%. Oportunitat de capturar 455€ de quota de mercat.,2025-12-30,,,0.19099011518761533,televenda,1584
21246,Biomateriales,Productes Tècnics,silenci_anomal_crític,actiu_esporadic,305,164.0,,,3698.92,977.99,alta,Client actiu_esporadic de Biomaterials. Historial: 10 pedidos (1 últims 12m). Freqüència habitual: 164 ±45 dies. Porta 305 dies sense comprar (z=3.1). Anomalia crítica detectada.,2025-12-30,3.12,vermella,0.1909422314653543,televenda,1585
19376,Anestesia,Commodities,finestra_captura,promiscu,116,533.0,0.0,0.797,2223.12,451.41,alta,Client promiscu de Anestesia. Cicle habitual: 533 dies. La seva finestra de compra és ARA (retard: 0 dies). Share of wallet actual: 80%. Oportunitat de capturar 451€ de quota de mercat.,2025-12-30,,,0.19073125783897535,televenda,1586
1000100130,Anestesia,Commodities,finestra_captura,promiscu,280,388.0,0.0,0.797,2223.12,451.41,alta,Client promiscu de Anestesia. Cicle habitual: 388 dies. La seva finestra de compra és ARA (retard: 0 dies). Share of wallet actual: 80%. Oportunitat de capturar 451€ de quota de mercat.,2025-12-30,,,0.19073125783897535,televenda,1587
11426,Anestesia,Commodities,finestra_captura,promiscu,179,317.0,0.0,0.797,2223.12,451.41,alta,Client promiscu de Anestesia. Cicle habitual: 317 dies. La seva finestra de compra és ARA (retard: 0 dies). Share of wallet actual: 80%. Oportunitat de capturar 451€ de quota de mercat.,2025-12-30,,,0.19073125783897535,televenda,1588
1000066914,Anestesia,Commodities,finestra_captura,promiscu,237,255.0,0.0,0.797,2223.12,451.41,alta,Client promiscu de Anestesia. Cicle habitual: 255 dies. La seva finestra de compra és ARA (retard: 0 dies). Share of wallet actual: 80%. Oportunitat de capturar 451€ de quota de mercat.,2025-12-30,,,0.19073125783897535,televenda,1589
1000071563,Anestesia,Commodities,finestra_captura,promiscu,278,326.0,0.0,0.797,2223.12,451.41,alta,Client promiscu de Anestesia. Cicle habitual: 326 dies. La seva finestra de compra és ARA (retard: 0 dies). Share of wallet actual: 80%. Oportunitat de capturar 451€ de quota de mercat.,2025-12-30,,,0.19073125783897535,televenda,1590
30674,Anestesia,Commodities,finestra_captura,promiscu,35,888.0,0.0,0.797,2223.12,451.41,alta,Client promiscu de Anestesia. Cicle habitual: 888 dies. La seva finestra de compra és ARA (retard: 0 dies). Share of wallet actual: 80%. Oportunitat de capturar 451€ de quota de mercat.,2025-12-30,,,0.19073125783897535,televenda,1591
1000074511,Anestesia,Commodities,finestra_captura,promiscu,182,298.0,0.0,0.797,2223.12,451.41,alta,Client promiscu de Anestesia. Cicle habitual: 298 dies. La seva finestra de compra és ARA (retard: 0 dies). Share of wallet actual: 80%. Oportunitat de capturar 451€ de quota de mercat.,2025-12-30,,,0.19073125783897535,televenda,1592
1000072759,Anestesia,Commodities,finestra_captura,promiscu,152,202.0,0.0,0.797,2223.12,451.4,alta,Client promiscu de Anestesia. Cicle habitual: 202 dies. La seva finestra de compra és ARA (retard: 0 dies). Share of wallet actual: 80%. Oportunitat de capturar 451€ de quota de mercat.,2025-12-30,,,0.19073056835017385,televenda,1593
1000077565,Anestesia,Commodities,finestra_captura,promiscu,293,422.0,0.0,0.797,2223.12,451.4,alta,Client promiscu de Anestesia. Cicle habitual: 422 dies. La seva finestra de compra és ARA (retard: 0 dies). Share of wallet actual: 80%. Oportunitat de capturar 451€ de quota de mercat.,2025-12-30,,,0.19073056835017385,televenda,1594
27520,Anestesia,Commodities,finestra_captura,promiscu,168,432.0,0.0,0.797,2223.12,451.4,alta,Client promiscu de Anestesia. Cicle habitual: 432 dies. La seva finestra de compra és ARA (retard: 0 dies). Share of wallet actual: 80%. Oportunitat de capturar 451€ de quota de mercat.,2025-12-30,,,0.19073056835017385,televenda,1595
34123,Bioseguridad,Commodities,finestra_captura,promiscu,179,201.0,0.0,0.585,1086.44,450.4,alta,Client promiscu de Bioseguridad. Cicle habitual: 201 dies. La seva finestra de compra és ARA (retard: 0 dies). Share of wallet actual: 59%. Oportunitat de capturar 450€ de quota de mercat.,2025-12-30,,,0.19066154239122005,televenda,1596
1000079899,Bioseguridad,Commodities,reposicio_pendent,fidel,188,123.0,64.0,1.5,1086.44,361.29,mitjana,Client fidel de Bioseguridad. Cicle habitual: 123 dies (±48). Porta 188 dies sense comprar (64 dies de retard). Share of wallet últims 12m: 150%. Possible retard de reposició.,2025-12-30,,,0.19060944524625373,delegat,1597
42591,Biomateriales,Productes Tècnics,silenci_anomal_vigilar,actiu_regular,116,62.0,,,0.0,963.02,mitjana,Client actiu_regular de Biomaterials. Historial: 12 pedidos (4 últims 12m). Freqüència habitual: 62 ±46 dies. Porta 116 dies sense comprar (z=1.2). Anomalia moderada detectada.,2025-12-30,1.17,groga,0.19051497617965454,delegat,1598
1000060217,Bioseguridad,Commodities,risc_fuga,fidel,193,88.0,105.0,0.357,1667.34,49.62,alta,Client fidel de Bioseguridad. Cicle habitual: 88 dies (±26). Porta 193 dies sense comprar (105 dies de retard). Share of wallet últims 12m: 36%. Possible inici de fuga.,2025-12-30,,,0.19041778712668384,delegat,1599
1000102090,Anestesia,Commodities,finestra_captura,promiscu,33,83.0,0.0,0.869,3410.04,446.35,alta,Client promiscu de Anestesia. Cicle habitual: 83 dies. La seva finestra de compra és ARA (retard: 0 dies). Share of wallet actual: 87%. Oportunitat de capturar 446€ de quota de mercat.,2025-12-30,,,0.19038041467269257,televenda,1600
24195,Bioseguridad,Commodities,finestra_captura,promiscu,337,356.0,0.0,0.597,1086.44,438.34,alta,Client promiscu de Bioseguridad. Cicle habitual: 356 dies. La seva finestra de compra és ARA (retard: 0 dies). Share of wallet actual: 60%. Oportunitat de capturar 438€ de quota de mercat.,2025-12-30,,,0.18981683265412091,televenda,1601
22496,Anestesia,Commodities,reposicio_pendent,fidel,166,101.0,65.0,1.5,2223.12,350.07,mitjana,Client fidel de Anestesia. Cicle habitual: 101 dies (±45). Porta 166 dies sense comprar (65 dies de retard). Share of wallet últims 12m: 150%. Possible retard de reposició.,2025-12-30,,,0.18959179440685214,delegat,1602
27328,Anestesia,Commodities,finestra_captura,promiscu,231,367.0,0.0,0.873,3410.04,432.52,alta,Client promiscu de Anestesia. Cicle habitual: 367 dies. La seva finestra de compra és ARA (retard: 0 dies). Share of wallet actual: 87%. Oportunitat de capturar 433€ de quota de mercat.,2025-12-30,,,0.18940085553998845,televenda,1603
2235,Anestesia,Commodities,finestra_captura,promiscu,60,382.0,0.0,0.808,2223.12,426.79,alta,Client promiscu de Anestesia. Cicle habitual: 382 dies. La seva finestra de compra és ARA (retard: 0 dies). Share of wallet actual: 81%. Oportunitat de capturar 427€ de quota de mercat.,2025-12-30,,,0.18898581917743015,televenda,1604
1000080751,Anestesia,Commodities,finestra_captura,promiscu,344,366.0,0.0,0.763,1802.36,426.29,alta,Client promiscu de Anestesia. Cicle habitual: 366 dies. La seva finestra de compra és ARA (retard: 0 dies). Share of wallet actual: 76%. Oportunitat de capturar 426€ de quota de mercat.,2025-12-30,,,0.18894933975833775,televenda,1605
1000101134,Biomateriales,Productes Tècnics,silenci_anomal_vigilar,actiu_regular,84,43.0,,,0.0,907.02,mitjana,Client actiu_regular de Biomaterials. Historial: 9 pedidos (7 últims 12m). Freqüència habitual: 43 ±35 dies. Porta 84 dies sense comprar (z=1.2). Anomalia moderada detectada.,2025-12-30,1.17,groga,0.18885563924228665,delegat,1606
2442,Anestesia,Commodities,finestra_captura,promiscu,33,734.0,0.0,0.765,1802.36,424.27,alta,Client promiscu de Anestesia. Cicle habitual: 734 dies. La seva finestra de compra és ARA (retard: 0 dies). Share of wallet actual: 76%. Oportunitat de capturar 424€ de quota de mercat.,2025-12-30,,,0.18880152702840902,televenda,1607
1000081860,Bioseguridad,Commodities,finestra_captura,promiscu,111,836.0,0.0,0.622,1086.44,410.65,alta,Client promiscu de Bioseguridad. Cicle habitual: 836 dies. La seva finestra de compra és ARA (retard: 0 dies). Share of wallet actual: 62%. Oportunitat de capturar 411€ de quota de mercat.,2025-12-30,,,0.18778617623156954,televenda,1608
37653,Biomateriales,Productes Tècnics,silenci_anomal_vigilar,actiu_regular,68,34.0,,,23119.82,869.73,mitjana,Client actiu_regular de Biomaterials. Historial: 43 pedidos (14 últims 12m). Freqüència habitual: 34 ±23 dies. Porta 68 dies sense comprar (z=1.5). Anomalia moderada detectada.,2025-12-30,1.48,groga,0.18769292446484642,delegat,1609
5213,Anestesia,Commodities,finestra_captura,promiscu,68,398.0,0.0,0.774,1802.36,407.23,alta,Client promiscu de Anestesia. Cicle habitual: 398 dies. La seva finestra de compra és ARA (retard: 0 dies). Share of wallet actual: 77%. Oportunitat de capturar 407€ de quota de mercat.,2025-12-30,,,0.18752594288832652,televenda,1610
38897,Bioseguridad,Commodities,reposicio_pendent,fidel,98,63.0,34.0,1.5,2223.12,327.72,mitjana,Client fidel de Bioseguridad. Cicle habitual: 63 dies (±22). Porta 98 dies sense comprar (34 dies de retard). Share of wallet últims 12m: 150%. Possible retard de reposició.,2025-12-30,,,0.18746395822936057,delegat,1611
1000082295,Anestesia,Commodities,reposicio_pendent,fidel,127,56.0,70.0,1.152,3410.04,327.26,mitjana,Client fidel de Anestesia. Cicle habitual: 56 dies (±40). Porta 127 dies sense comprar (70 dies de retard). Share of wallet últims 12m: 115%. Possible retard de reposició.,2025-12-30,,,0.1874186596450336,delegat,1612
1000082460,Biomateriales,Productes Tècnics,silenci_anomal_vigilar,actiu_regular,85,47.0,,,0.0,855.77,mitjana,Client actiu_regular de Biomaterials. Historial: 30 pedidos (8 últims 12m). Freqüència habitual: 47 ±32 dies. Porta 85 dies sense comprar (z=1.2). Anomalia moderada detectada.,2025-12-30,1.18,groga,0.1872447894256052,delegat,1613
40513,Bioseguridad,Commodities,reposicio_pendent,fidel,183,107.0,76.0,1.5,1667.34,325.35,mitjana,Client fidel de Bioseguridad. Cicle habitual: 107 dies (±56). Porta 183 dies sense comprar (76 dies de retard). Share of wallet últims 12m: 150%. Possible retard de reposició.,2025-12-30,,,0.1872298905733516,delegat,1614
1000065575,Bioseguridad,Commodities,finestra_captura,promiscu,182,223.0,0.0,0.543,879.2,402.17,alta,Client promiscu de Bioseguridad. Cicle habitual: 223 dies. La seva finestra de compra és ARA (retard: 0 dies). Share of wallet actual: 54%. Oportunitat de capturar 402€ de quota de mercat.,2025-12-30,,,0.18713689259059277,televenda,1615
2582,Bioseguridad,Commodities,finestra_captura,promiscu,69,558.0,0.0,0.543,879.2,402.17,alta,Client promiscu de Bioseguridad. Cicle habitual: 558 dies. La seva finestra de compra és ARA (retard: 0 dies). Share of wallet actual: 54%. Oportunitat de capturar 402€ de quota de mercat.,2025-12-30,,,0.18713689259059277,televenda,1616
29151,Bioseguridad,Commodities,finestra_captura,promiscu,76,610.0,0.0,0.543,879.2,402.17,alta,Client promiscu de Bioseguridad. Cicle habitual: 610 dies. La seva finestra de compra és ARA (retard: 0 dies). Share of wallet actual: 54%. Oportunitat de capturar 402€ de quota de mercat.,2025-12-30,,,0.18713689259059277,televenda,1617
27059,Anestesia,Commodities,finestra_captura,promiscu,130,152.0,0.0,0.819,2223.12,402.14,alta,Client promiscu de Anestesia. Cicle habitual: 152 dies. La seva finestra de compra és ARA (retard: 0 dies). Share of wallet actual: 82%. Oportunitat de capturar 402€ de quota de mercat.,2025-12-30,,,0.1871345714373289,televenda,1618
827,Anestesia,Commodities,finestra_captura,promiscu,186,251.0,0.0,0.778,1802.36,399.65,alta,Client promiscu de Anestesia. Cicle habitual: 251 dies. La seva finestra de compra és ARA (retard: 0 dies). Share of wallet actual: 78%. Oportunitat de capturar 400€ de quota de mercat.,2025-12-30,,,0.18694131109425366,televenda,1619
25795,Anestesia,Commodities,finestra_captura,promiscu,224,447.0,0.0,0.778,1802.36,399.65,alta,Client promiscu de Anestesia. Cicle habitual: 447 dies. La seva finestra de compra és ARA (retard: 0 dies). Share of wallet actual: 78%. Oportunitat de capturar 400€ de quota de mercat.,2025-12-30,,,0.18694131109425366,televenda,1620
1000071626,Biomateriales,Productes Tècnics,silenci_anomal_vigilar,actiu_regular,126,60.0,,,8324.14,845.12,mitjana,Client actiu_regular de Biomaterials. Historial: 29 pedidos (5 últims 12m). Freqüència habitual: 60 ±43 dies. Porta 126 dies sense comprar (z=1.5). Anomalia moderada detectada.,2025-12-30,1.54,groga,0.18689797211901357,delegat,1621
1000063131,Bioseguridad,Commodities,reposicio_pendent,fidel,113,69.0,43.0,1.5,1086.44,321.03,mitjana,Client fidel de Bioseguridad. Cicle habitual: 69 dies (±24). Porta 113 dies sense comprar (43 dies de retard). Share of wallet últims 12m: 150%. Possible retard de reposició.,2025-12-30,,,0.18679882887158356,delegat,1622
37655,Biomateriales,Productes Tècnics,silenci_anomal_vigilar,actiu_regular,90,42.0,,,23119.82,837.68,mitjana,Client actiu_regular de Biomaterials. Historial: 41 pedidos (8 últims 12m). Freqüència habitual: 42 ±45 dies. Porta 90 dies sense comprar (z=1.1). Anomalia moderada detectada.,2025-12-30,1.08,groga,0.18665308863754973,delegat,1623
1000077938,Biomateriales,Productes Tècnics,silenci_anomal_crític,actiu_esporadic,281,75.0,,,9247.3,832.34,alta,Client actiu_esporadic de Biomaterials. Historial: 21 pedidos (3 últims 12m). Freqüència habitual: 75 ±61 dies. Porta 281 dies sense comprar (z=3.4). Anomalia crítica detectada.,2025-12-30,3.36,vermella,0.1864759826060027,televenda,1624
24257,Bioseguridad,Commodities,finestra_captura,promiscu,183,250.0,0.0,0.553,879.2,393.13,alta,Client promiscu de Bioseguridad. Cicle habitual: 250 dies. La seva finestra de compra és ARA (retard: 0 dies). Share of wallet actual: 55%. Oportunitat de capturar 393€ de quota de mercat.,2025-12-30,,,0.18642951729816998,televenda,1625
1000077259,Bioseguridad,Commodities,reposicio_pendent,fidel,57,36.0,21.0,1.5,1667.34,316.27,mitjana,Client fidel de Bioseguridad. Cicle habitual: 36 dies (±15). Porta 57 dies sense comprar (21 dies de retard). Share of wallet últims 12m: 150%. Possible retard de reposició.,2025-12-30,,,0.18631711500317988,delegat,1626
7000,Anestesia,Commodities,reposicio_pendent,fidel,102,50.0,51.0,0.555,6820.08,315.62,mitjana,Client fidel de Anestesia. Cicle habitual: 50 dies (±23). Porta 102 dies sense comprar (51 dies de retard). Share of wallet últims 12m: 56%. Possible retard de reposició.,2025-12-30,,,0.18625077454233296,delegat,1627
40833,Biomateriales,Productes Tècnics,silenci_anomal_vigilar,actiu_regular,104,50.0,,,23119.82,822.48,mitjana,Client actiu_regular de Biomaterials. Historial: 35 pedidos (8 últims 12m). Freqüència habitual: 50 ±47 dies. Porta 104 dies sense comprar (z=1.2). Anomalia moderada detectada.,2025-12-30,1.16,groga,0.18614596371556427,delegat,1628
16266,Anestesia,Commodities,finestra_captura,promiscu,302,364.0,0.0,0.825,2223.12,388.36,alta,Client promiscu de Anestesia. Cicle habitual: 364 dies. La seva finestra de compra és ARA (retard: 0 dies). Share of wallet actual: 83%. Oportunitat de capturar 388€ de quota de mercat.,2025-12-30,,,0.18604969986385295,televenda,1629
1000042574,Anestesia,Commodities,reposicio_pendent,fidel,117,77.0,40.0,1.095,3410.04,311.05,mitjana,Client fidel de Anestesia. Cicle habitual: 77 dies (±39). Porta 117 dies sense comprar (40 dies de retard). Share of wallet últims 12m: 109%. Possible retard de reposició.,2025-12-30,,,0.18578046911617924,delegat,1630
1000078290,Anestesia,Commodities,finestra_captura,promiscu,33,366.0,0.0,0.786,1802.36,385.0,alta,Client promiscu de Anestesia. Cicle habitual: 366 dies. La seva finestra de compra és ARA (retard: 0 dies). Share of wallet actual: 79%. Oportunitat de capturar 385€ de quota de mercat.,2025-12-30,,,0.18577935183207464,televenda,1631
42494,Biomateriales,Productes Tècnics,silenci_anomal_vigilar,actiu_regular,119,45.0,,,5338.0,805.49,mitjana,Client actiu_regular de Biomaterials. Historial: 21 pedidos (9 últims 12m). Freqüència habitual: 45 ±50 dies. Porta 119 dies sense comprar (z=1.5). Anomalia moderada detectada.,2025-12-30,1.49,groga,0.1855679188030491,delegat,1632
1000100624,Anestesia,Commodities,reposicio_pendent,fidel,151,94.0,56.0,0.647,5683.4,306.46,mitjana,Client fidel de Anestesia. Cicle habitual: 94 dies (±73). Porta 151 dies sense comprar (56 dies de retard). Share of wallet últims 12m: 65%. Possible retard de reposició.,2025-12-30,,,0.18530112082083916,delegat,1633
23153,Bioseguridad,Commodities,finestra_captura,promiscu,208,436.0,0.0,0.777,1667.34,371.15,alta,Client promiscu de Bioseguridad. Cicle habitual: 436 dies. La seva finestra de compra és ARA (retard: 0 dies). Share of wallet actual: 78%. Oportunitat de capturar 371€ de quota de mercat.,2025-12-30,,,0.18463955469598758,televenda,1634
1000082795,Bioseguridad,Commodities,finestra_captura,promiscu,249,394.0,0.0,0.777,1667.34,371.15,alta,Client promiscu de Bioseguridad. Cicle habitual: 394 dies. La seva finestra de compra és ARA (retard: 0 dies). Share of wallet actual: 78%. Oportunitat de capturar 371€ de quota de mercat.,2025-12-30,,,0.18463955469598758,televenda,1635
38625,Bioseguridad,Commodities,finestra_captura,promiscu,287,315.0,0.0,0.777,1667.34,371.15,alta,Client promiscu de Bioseguridad. Cicle habitual: 315 dies. La seva finestra de compra és ARA (retard: 0 dies). Share of wallet actual: 78%. Oportunitat de capturar 371€ de quota de mercat.,2025-12-30,,,0.18463955469598758,televenda,1636
15557,Anestesia,Commodities,finestra_captura,promiscu,216,250.0,0.0,0.797,1802.36,366.66,alta,Client promiscu de Anestesia. Cicle habitual: 250 dies. La seva finestra de compra és ARA (retard: 0 dies). Share of wallet actual: 80%. Oportunitat de capturar 367€ de quota de mercat.,2025-12-30,,,0.18426092376905925,televenda,1637
34853,Bioseguridad,Commodities,finestra_captura,promiscu,173,270.0,0.0,0.663,1086.44,366.37,alta,Client promiscu de Bioseguridad. Cicle habitual: 270 dies. La seva finestra de compra és ARA (retard: 0 dies). Share of wallet actual: 66%. Oportunitat de capturar 366€ de quota de mercat.,2025-12-30,,,0.1842363100315932,televenda,1638
1000053136,Bioseguridad,Commodities,finestra_captura,promiscu,279,386.0,0.0,0.663,1086.44,366.37,alta,Client promiscu de Bioseguridad. Cicle habitual: 386 dies. La seva finestra de compra és ARA (retard: 0 dies). Share of wallet actual: 66%. Oportunitat de capturar 366€ de quota de mercat.,2025-12-30,,,0.1842363100315932,televenda,1639
1000101912,Bioseguridad,Commodities,finestra_captura,promiscu,83,176.0,0.0,0.663,1086.44,365.62,alta,Client promiscu de Bioseguridad. Cicle habitual: 176 dies. La seva finestra de compra és ARA (retard: 0 dies). Share of wallet actual: 66%. Oportunitat de capturar 366€ de quota de mercat.,2025-12-30,,,0.1841725635998056,televenda,1640
1000101918,Anestesia,Commodities,reposicio_pendent,fidel,74,44.0,29.0,1.038,3410.04,294.93,mitjana,Client fidel de Anestesia. Cicle habitual: 44 dies (±31). Porta 74 dies sense comprar (29 dies de retard). Share of wallet últims 12m: 104%. Possible retard de reposició.,2025-12-30,,,0.18406470958528973,delegat,1641
31180,Anestesia,Commodities,finestra_captura,promiscu,188,191.0,0.0,0.837,2223.12,362.95,alta,Client promiscu de Anestesia. Cicle habitual: 191 dies. La seva finestra de compra és ARA (retard: 0 dies). Share of wallet actual: 84%. Oportunitat de capturar 363€ de quota de mercat.,2025-12-30,,,0.1839445630106961,televenda,1642
31203,Anestesia,Commodities,finestra_captura,promiscu,118,248.0,0.0,0.799,1802.36,362.86,alta,Client promiscu de Anestesia. Cicle habitual: 248 dies. La seva finestra de compra és ARA (retard: 0 dies). Share of wallet actual: 80%. Oportunitat de capturar 363€ de quota de mercat.,2025-12-30,,,0.18393684848727562,televenda,1643
34363,Anestesia,Commodities,reposicio_pendent,fidel,120,79.0,41.0,0.613,5683.4,290.55,mitjana,Client fidel de Anestesia. Cicle habitual: 79 dies (±53). Porta 120 dies sense comprar (41 dies de retard). Share of wallet últims 12m: 61%. Possible retard de reposició.,2025-12-30,,,0.1835823532941987,delegat,1644
1000082397,Bioseguridad,Commodities,finestra_captura,promiscu,315,371.0,0.0,0.671,1086.44,357.33,alta,Client promiscu de Bioseguridad. Cicle habitual: 371 dies. La seva finestra de compra és ARA (retard: 0 dies). Share of wallet actual: 67%. Oportunitat de capturar 357€ de quota de mercat.,2025-12-30,,,0.18345913581969353,televenda,1645
1000070497,Bioseguridad,Commodities,finestra_captura,promiscu,119,308.0,0.0,0.671,1086.44,357.33,alta,Client promiscu de Bioseguridad. Cicle habitual: 308 dies. La seva finestra de compra és ARA (retard: 0 dies). Share of wallet actual: 67%. Oportunitat de capturar 357€ de quota de mercat.,2025-12-30,,,0.18345913581969353,televenda,1646
10052,Anestesia,Commodities,reposicio_pendent,fidel,159,75.0,83.0,0.764,4546.72,289.36,mitjana,Client fidel de Anestesia. Cicle habitual: 75 dies (±35). Porta 159 dies sense comprar (83 dies de retard). Share of wallet últims 12m: 76%. Possible retard de reposició.,2025-12-30,,,0.18345005001086273,delegat,1647
11125,Anestesia,Commodities,finestra_captura,promiscu,210,364.0,0.0,0.84,2223.12,355.14,alta,Client promiscu de Anestesia. Cicle habitual: 364 dies. La seva finestra de compra és ARA (retard: 0 dies). Share of wallet actual: 84%. Oportunitat de capturar 355€ de quota de mercat.,2025-12-30,,,0.1832679101961348,televenda,1648
40511,Bioseguridad,Commodities,finestra_captura,promiscu,155,222.0,0.0,0.677,1086.44,351.37,alta,Client promiscu de Bioseguridad. Cicle habitual: 222 dies. La seva finestra de compra és ARA (retard: 0 dies). Share of wallet actual: 68%. Oportunitat de capturar 351€ de quota de mercat.,2025-12-30,,,0.18293595148223352,televenda,1649
1000100624,Bioseguridad,Commodities,reposicio_pendent,fidel,145,68.0,76.0,1.219,2778.9,282.29,mitjana,Client fidel de Bioseguridad. Cicle habitual: 68 dies (±26). Porta 145 dies sense comprar (76 dies de retard). Share of wallet últims 12m: 122%. Possible retard de reposició.,2025-12-30,,,0.18265265542557418,delegat,1650
1000081239,Anestesia,Commodities,finestra_captura,promiscu,131,449.0,0.0,0.811,1802.36,340.69,alta,Client promiscu de Anestesia. Cicle habitual: 449 dies. La seva finestra de compra és ARA (retard: 0 dies). Share of wallet actual: 81%. Oportunitat de capturar 341€ de quota de mercat.,2025-12-30,,,0.18197590308564943,televenda,1651
19170,Anestesia,Commodities,finestra_captura,promiscu,29,192.0,0.0,0.848,2223.12,337.71,alta,Client promiscu de Anestesia. Cicle habitual: 192 dies. La seva finestra de compra és ARA (retard: 0 dies). Share of wallet actual: 85%. Oportunitat de capturar 338€ de quota de mercat.,2025-12-30,,,0.18170266618859796,televenda,1652
1000056409,Anestesia,Commodities,finestra_captura,promiscu,286,490.0,0.0,0.853,2223.12,327.85,alta,Client promiscu de Anestesia. Cicle habitual: 490 dies. La seva finestra de compra és ARA (retard: 0 dies). Share of wallet actual: 85%. Oportunitat de capturar 328€ de quota de mercat.,2025-12-30,,,0.18078115035371933,televenda,1653
1000079173,Anestesia,Commodities,reposicio_pendent,fidel,120,79.0,40.0,1.437,2223.12,266.13,mitjana,Client fidel de Anestesia. Cicle habitual: 79 dies (±21). Porta 120 dies sense comprar (40 dies de retard). Share of wallet últims 12m: 144%. Possible retard de reposició.,2025-12-30,,,0.18075266743249147,delegat,1654
29912,Anestesia,Commodities,reposicio_pendent,fidel,263,151.0,112.0,1.417,2223.12,262.49,mitjana,Client fidel de Anestesia. Cicle habitual: 151 dies (±48). Porta 263 dies sense comprar (112 dies de retard). Share of wallet últims 12m: 142%. Possible retard de reposició.,2025-12-30,,,0.18030885091970916,delegat,1655
1000072252,Bioseguridad,Commodities,reposicio_pendent,fidel,175,113.0,61.0,1.5,1667.34,259.22,mitjana,Client fidel de Bioseguridad. Cicle habitual: 113 dies (±75). Porta 175 dies sense comprar (61 dies de retard). Share of wallet últims 12m: 150%. Possible retard de reposició.,2025-12-30,,,0.17990488808992047,delegat,1656
1000080570,Anestesia,Commodities,reposicio_pendent,fidel,91,51.0,40.0,0.906,3410.04,257.32,mitjana,Client fidel de Anestesia. Cicle habitual: 51 dies (±20). Porta 91 dies sense comprar (40 dies de retard). Share of wallet últims 12m: 91%. Possible retard de reposició.,2025-12-30,,,0.1796678314321636,delegat,1657
26761,Bioseguridad,Commodities,finestra_captura,promiscu,40,693.0,0.0,0.645,879.2,312.12,alta,Client promiscu de Bioseguridad. Cicle habitual: 693 dies. La seva finestra de compra és ARA (retard: 0 dies). Share of wallet actual: 64%. Oportunitat de capturar 312€ de quota de mercat.,2025-12-30,,,0.1792522276326965,televenda,1658
41906,Biomateriales,Productes Tècnics,silenci_anomal_vigilar,actiu_regular,124,44.0,,,23119.82,641.09,mitjana,Client actiu_regular de Biomaterials. Historial: 39 pedidos (13 últims 12m). Freqüència habitual: 44 ±45 dies. Porta 124 dies sense comprar (z=1.8). Anomalia moderada detectada.,2025-12-30,1.79,groga,0.17924719974349582,delegat,1659
1000080927,Biomateriales,Productes Tècnics,silenci_anomal_crític,actiu_esporadic,281,80.0,,,9247.3,638.59,alta,Client actiu_esporadic de Biomaterials. Historial: 20 pedidos (1 últims 12m). Freqüència habitual: 80 ±58 dies. Porta 281 dies sense comprar (z=3.4). Anomalia crítica detectada.,2025-12-30,3.44,vermella,0.17913903317849345,televenda,1660
1000080954,Anestesia,Commodities,finestra_captura,promiscu,280,322.0,0.0,0.863,2223.12,303.76,alta,Client promiscu de Anestesia. Cicle habitual: 322 dies. La seva finestra de compra és ARA (retard: 0 dies). Share of wallet actual: 86%. Oportunitat de capturar 304€ de quota de mercat.,2025-12-30,,,0.17840809002036903,televenda,1661
1000080773,Biomateriales,Productes Tècnics,silenci_anomal_crític,actiu_esporadic,347,104.0,,,8007.0,621.68,alta,Client actiu_esporadic de Biomaterials. Historial: 5 pedidos (1 últims 12m). Freqüència habitual: 104 ±73 dies. Porta 347 dies sense comprar (z=3.3). Anomalia crítica detectada.,2025-12-30,3.35,vermella,0.1783961005786141,televenda,1662
42293,Biomateriales,Productes Tècnics,silenci_anomal_vigilar,actiu_regular,71,25.0,,,23119.82,621.53,mitjana,Client actiu_regular de Biomaterials. Historial: 50 pedidos (20 últims 12m). Freqüència habitual: 25 ±24 dies. Porta 71 dies sense comprar (z=1.9). Anomalia moderada detectada.,2025-12-30,1.93,groga,0.17838942051270326,delegat,1663
7598,Anestesia,Commodities,finestra_captura,promiscu,151,491.0,0.0,0.866,2223.12,298.99,alta,Client promiscu de Anestesia. Cicle habitual: 491 dies. La seva finestra de compra és ARA (retard: 0 dies). Share of wallet actual: 87%. Oportunitat de capturar 299€ de quota de mercat.,2025-12-30,,,0.17791600956352457,televenda,1664
1000081988,Anestesia,Commodities,reposicio_pendent,fidel,112,61.0,50.0,0.844,3410.04,239.72,mitjana,Client fidel de Anestesia. Cicle habitual: 61 dies (±32). Porta 112 dies sense comprar (50 dies de retard). Share of wallet últims 12m: 84%. Possible retard de reposició.,2025-12-30,,,0.17738519710792464,delegat,1665
9841,Anestesia,Commodities,reposicio_pendent,fidel,179,85.0,94.0,0.63,4546.72,238.83,mitjana,Client fidel de Anestesia. Cicle habitual: 85 dies (±37). Porta 179 dies sense comprar (94 dies de retard). Share of wallet últims 12m: 63%. Possible retard de reposició.,2025-12-30,,,0.17726537669899958,delegat,1666
1000076700,Bioseguridad,Commodities,finestra_captura,promiscu,35,197.0,0.0,0.732,1086.44,291.39,alta,Client promiscu de Bioseguridad. Cicle habitual: 197 dies. La seva finestra de compra és ARA (retard: 0 dies). Share of wallet actual: 73%. Oportunitat de capturar 291€ de quota de mercat.,2025-12-30,,,0.17711558272297817,televenda,1667
22138,Bioseguridad,Commodities,finestra_captura,promiscu,7,179.0,0.0,0.732,1086.44,291.39,alta,Client promiscu de Bioseguridad. Cicle habitual: 179 dies. La seva finestra de compra és ARA (retard: 0 dies). Share of wallet actual: 73%. Oportunitat de capturar 291€ de quota de mercat.,2025-12-30,,,0.17711558272297817,televenda,1668
26766,Bioseguridad,Commodities,finestra_captura,promiscu,105,268.0,0.0,0.732,1086.44,291.39,alta,Client promiscu de Bioseguridad. Cicle habitual: 268 dies. La seva finestra de compra és ARA (retard: 0 dies). Share of wallet actual: 73%. Oportunitat de capturar 291€ de quota de mercat.,2025-12-30,,,0.17711558272297817,televenda,1669
35720,Bioseguridad,Commodities,finestra_captura,promiscu,179,200.0,0.0,0.732,1086.44,291.39,alta,Client promiscu de Bioseguridad. Cicle habitual: 200 dies. La seva finestra de compra és ARA (retard: 0 dies). Share of wallet actual: 73%. Oportunitat de capturar 291€ de quota de mercat.,2025-12-30,,,0.17711558272297817,televenda,1670
14697,Bioseguridad,Commodities,finestra_captura,promiscu,89,207.0,0.0,0.732,1086.44,291.39,alta,Client promiscu de Bioseguridad. Cicle habitual: 207 dies. La seva finestra de compra és ARA (retard: 0 dies). Share of wallet actual: 73%. Oportunitat de capturar 291€ de quota de mercat.,2025-12-30,,,0.17711558272297817,televenda,1671
1909,Bioseguridad,Commodities,finestra_captura,promiscu,169,204.0,0.0,0.732,1086.44,291.39,alta,Client promiscu de Bioseguridad. Cicle habitual: 204 dies. La seva finestra de compra és ARA (retard: 0 dies). Share of wallet actual: 73%. Oportunitat de capturar 291€ de quota de mercat.,2025-12-30,,,0.17711558272297817,televenda,1672
1000079195,Bioseguridad,Commodities,finestra_captura,promiscu,252,263.0,0.0,0.732,1086.44,291.39,alta,Client promiscu de Bioseguridad. Cicle habitual: 263 dies. La seva finestra de compra és ARA (retard: 0 dies). Share of wallet actual: 73%. Oportunitat de capturar 291€ de quota de mercat.,2025-12-30,,,0.17711558272297817,televenda,1673
1000041086,Anestesia,Commodities,reposicio_pendent,fidel,222,127.0,94.0,1.266,2223.12,234.51,mitjana,Client fidel de Anestesia. Cicle habitual: 127 dies (±45). Porta 222 dies sense comprar (94 dies de retard). Share of wallet últims 12m: 127%. Possible retard de reposició.,2025-12-30,,,0.17667738632241153,delegat,1674
37652,Biomateriales,Productes Tècnics,silenci_anomal_vigilar,actiu_regular,111,60.0,,,23119.82,578.52,mitjana,Client actiu_regular de Biomaterials. Historial: 30 pedidos (5 últims 12m). Freqüència habitual: 60 ±51 dies. Porta 111 dies sense comprar (z=1.0). Anomalia moderada detectada.,2025-12-30,1.01,groga,0.17640440258427825,delegat,1675
1000101739,Anestesia,Commodities,reposicio_pendent,fidel,209,117.0,92.0,0.818,3410.04,232.32,mitjana,Client fidel de Anestesia. Cicle habitual: 117 dies (±35). Porta 209 dies sense comprar (92 dies de retard). Share of wallet últims 12m: 82%. Possible retard de reposició.,2025-12-30,,,0.17637517498314328,delegat,1676
1000042392,Bioseguridad,Commodities,finestra_captura,promiscu,54,486.0,0.0,0.739,1086.44,283.86,alta,Client promiscu de Bioseguridad. Cicle habitual: 486 dies. La seva finestra de compra és ARA (retard: 0 dies). Share of wallet actual: 74%. Oportunitat de capturar 284€ de quota de mercat.,2025-12-30,,,0.1763017403861565,televenda,1677
1000081985,Anestesia,Commodities,finestra_captura,promiscu,166,321.0,0.0,0.872,2223.12,283.57,alta,Client promiscu de Anestesia. Cicle habitual: 321 dies. La seva finestra de compra és ARA (retard: 0 dies). Share of wallet actual: 87%. Oportunitat de capturar 284€ de quota de mercat.,2025-12-30,,,0.17626996855103172,televenda,1678
3153,Bioseguridad,Commodities,finestra_captura,promiscu,279,356.0,0.0,0.742,1086.44,280.09,alta,Client promiscu de Bioseguridad. Cicle habitual: 356 dies. La seva finestra de compra és ARA (retard: 0 dies). Share of wallet actual: 74%. Oportunitat de capturar 280€ de quota de mercat.,2025-12-30,,,0.1758861606926328,televenda,1679
9640,Bioseguridad,Commodities,finestra_captura,promiscu,235,373.0,0.0,0.682,879.2,279.15,alta,Client promiscu de Bioseguridad. Cicle habitual: 373 dies. La seva finestra de compra és ARA (retard: 0 dies). Share of wallet actual: 68%. Oportunitat de capturar 279€ de quota de mercat.,2025-12-30,,,0.175781673213294,televenda,1680
31323,Bioseguridad,Commodities,finestra_captura,promiscu,197,461.0,0.0,0.746,1086.44,276.32,alta,Client promiscu de Bioseguridad. Cicle habitual: 461 dies. La seva finestra de compra és ARA (retard: 0 dies). Share of wallet actual: 75%. Oportunitat de capturar 276€ de quota de mercat.,2025-12-30,,,0.1754649694135809,televenda,1681
41570,Bioseguridad,Commodities,finestra_captura,promiscu,165,948.0,0.0,0.746,1086.44,276.32,alta,Client promiscu de Bioseguridad. Cicle habitual: 948 dies. La seva finestra de compra és ARA (retard: 0 dies). Share of wallet actual: 75%. Oportunitat de capturar 276€ de quota de mercat.,2025-12-30,,,0.1754649694135809,televenda,1682
1000079099,Bioseguridad,Commodities,finestra_captura,promiscu,350,571.0,0.0,0.746,1086.44,276.32,alta,Client promiscu de Bioseguridad. Cicle habitual: 571 dies. La seva finestra de compra és ARA (retard: 0 dies). Share of wallet actual: 75%. Oportunitat de capturar 276€ de quota de mercat.,2025-12-30,,,0.1754649694135809,televenda,1683
39860,Bioseguridad,Commodities,finestra_captura,promiscu,265,387.0,0.0,0.746,1086.44,276.32,alta,Client promiscu de Bioseguridad. Cicle habitual: 387 dies. La seva finestra de compra és ARA (retard: 0 dies). Share of wallet actual: 75%. Oportunitat de capturar 276€ de quota de mercat.,2025-12-30,,,0.1754649694135809,televenda,1684
14557,Bioseguridad,Commodities,finestra_captura,promiscu,284,544.0,0.0,0.746,1086.44,276.32,alta,Client promiscu de Bioseguridad. Cicle habitual: 544 dies. La seva finestra de compra és ARA (retard: 0 dies). Share of wallet actual: 75%. Oportunitat de capturar 276€ de quota de mercat.,2025-12-30,,,0.1754649694135809,televenda,1685
24762,Bioseguridad,Commodities,finestra_captura,promiscu,235,596.0,0.0,0.746,1086.44,276.32,alta,Client promiscu de Bioseguridad. Cicle habitual: 596 dies. La seva finestra de compra és ARA (retard: 0 dies). Share of wallet actual: 75%. Oportunitat de capturar 276€ de quota de mercat.,2025-12-30,,,0.1754649694135809,televenda,1686
26207,Bioseguridad,Commodities,finestra_captura,promiscu,202,241.0,0.0,0.746,1086.44,276.32,alta,Client promiscu de Bioseguridad. Cicle habitual: 241 dies. La seva finestra de compra és ARA (retard: 0 dies). Share of wallet actual: 75%. Oportunitat de capturar 276€ de quota de mercat.,2025-12-30,,,0.1754649694135809,televenda,1687
37644,Bioseguridad,Commodities,finestra_captura,promiscu,13,404.0,0.0,0.746,1086.44,276.32,alta,Client promiscu de Bioseguridad. Cicle habitual: 404 dies. La seva finestra de compra és ARA (retard: 0 dies). Share of wallet actual: 75%. Oportunitat de capturar 276€ de quota de mercat.,2025-12-30,,,0.1754649694135809,televenda,1688
1000081529,Bioseguridad,Commodities,finestra_captura,promiscu,224,345.0,0.0,0.746,1086.44,276.32,alta,Client promiscu de Bioseguridad. Cicle habitual: 345 dies. La seva finestra de compra és ARA (retard: 0 dies). Share of wallet actual: 75%. Oportunitat de capturar 276€ de quota de mercat.,2025-12-30,,,0.1754649694135809,televenda,1689
13031,Bioseguridad,Commodities,finestra_captura,promiscu,237,296.0,0.0,0.746,1086.44,276.32,alta,Client promiscu de Bioseguridad. Cicle habitual: 296 dies. La seva finestra de compra és ARA (retard: 0 dies). Share of wallet actual: 75%. Oportunitat de capturar 276€ de quota de mercat.,2025-12-30,,,0.1754649694135809,televenda,1690
39036,Biomateriales,Productes Tècnics,silenci_anomal_vigilar,actiu_regular,111,57.0,,,5338.0,559.17,mitjana,Client actiu_regular de Biomaterials. Historial: 29 pedidos (7 últims 12m). Freqüència habitual: 57 ±48 dies. Porta 111 dies sense comprar (z=1.1). Anomalia moderada detectada.,2025-12-30,1.13,groga,0.17546279910756676,delegat,1691
1000065857,Bioseguridad,Commodities,reposicio_pendent,fidel,154,90.0,63.0,0.811,3334.68,225.26,mitjana,Client fidel de Bioseguridad. Cicle habitual: 90 dies (±47). Porta 154 dies sense comprar (63 dies de retard). Share of wallet últims 12m: 81%. Possible retard de reposició.,2025-12-30,,,0.17538124309984893,delegat,1692
1000073231,Bioseguridad,Commodities,finestra_captura,promiscu,182,398.0,0.0,0.687,879.2,275.38,alta,Client promiscu de Bioseguridad. Cicle habitual: 398 dies. La seva finestra de compra és ARA (retard: 0 dies). Share of wallet actual: 69%. Oportunitat de capturar 275€ de quota de mercat.,2025-12-30,,,0.17535905907511662,televenda,1693
41836,Anestesia,Commodities,reposicio_pendent,fidel,84,46.0,38.0,0.79,3410.04,224.6,mitjana,Client fidel de Anestesia. Cicle habitual: 46 dies (±112). Porta 84 dies sense comprar (38 dies de retard). Share of wallet últims 12m: 79%. Possible retard de reposició.,2025-12-30,,,0.17528674583851475,delegat,1694
1000100513,Anestesia,Commodities,reposicio_pendent,fidel,182,119.0,63.0,0.587,4546.72,222.23,mitjana,Client fidel de Anestesia. Cicle habitual: 119 dies (±40). Porta 182 dies sense comprar (63 dies de retard). Share of wallet últims 12m: 59%. Possible retard de reposició.,2025-12-30,,,0.1749451210462381,delegat,1695
4773,Bioseguridad,Commodities,finestra_captura,promiscu,224,357.0,0.0,0.691,879.2,271.61,alta,Client promiscu de Bioseguridad. Cicle habitual: 357 dies. La seva finestra de compra és ARA (retard: 0 dies). Share of wallet actual: 69%. Oportunitat de capturar 272€ de quota de mercat.,2025-12-30,,,0.17493064044121698,televenda,1696
41499,Biomateriales,Productes Tècnics,silenci_anomal_vigilar,actiu_regular,99,46.0,,,23119.82,544.82,mitjana,Client actiu_regular de Biomaterials. Historial: 34 pedidos (7 últims 12m). Freqüència habitual: 46 ±48 dies. Porta 99 dies sense comprar (z=1.1). Anomalia moderada detectada.,2025-12-30,1.11,groga,0.17474325543367603,delegat,1697
42805,Anestesia,Commodities,reposicio_pendent,fidel,90,58.0,32.0,1.188,2223.12,220.03,mitjana,Client fidel de Anestesia. Cicle habitual: 58 dies (±22). Porta 90 dies sense comprar (32 dies de retard). Share of wallet últims 12m: 119%. Possible retard de reposició.,2025-12-30,,,0.17462473920389507,delegat,1698
1000078086,Anestesia,Commodities,finestra_captura,promiscu,15,230.0,0.0,0.882,2223.12,262.7,alta,Client promiscu de Anestesia. Cicle habitual: 230 dies. La seva finestra de compra és ARA (retard: 0 dies). Share of wallet actual: 88%. Oportunitat de capturar 263€ de quota de mercat.,2025-12-30,,,0.1738940996944908,televenda,1699
14990,Anestesia,Commodities,finestra_captura,promiscu,36,288.0,0.0,0.859,1802.36,254.72,alta,Client promiscu de Anestesia. Cicle habitual: 288 dies. La seva finestra de compra és ARA (retard: 0 dies). Share of wallet actual: 86%. Oportunitat de capturar 255€ de quota de mercat.,2025-12-30,,,0.1729355756656162,televenda,1700
1000068778,Bioseguridad,Commodities,finestra_captura,promiscu,239,246.0,0.0,0.848,1667.34,253.4,alta,Client promiscu de Bioseguridad. Cicle habitual: 246 dies. La seva finestra de compra és ARA (retard: 0 dies). Share of wallet actual: 85%. Oportunitat de capturar 253€ de quota de mercat.,2025-12-30,,,0.17277414458343632,televenda,1701
100,Anestesia,Commodities,reposicio_pendent,fidel,223,139.0,83.0,1.113,2223.12,206.21,mitjana,Client fidel de Anestesia. Cicle habitual: 139 dies (±67). Porta 223 dies sense comprar (83 dies de retard). Share of wallet últims 12m: 111%. Possible retard de reposició.,2025-12-30,,,0.17253616205058495,delegat,1702
42806,Biomateriales,Productes Tècnics,silenci_anomal_vigilar,actiu_regular,102,47.0,,,0.0,501.98,mitjana,Client actiu_regular de Biomaterials. Historial: 7 pedidos (6 últims 12m). Freqüència habitual: 47 ±38 dies. Porta 102 dies sense comprar (z=1.5). Anomalia moderada detectada.,2025-12-30,1.47,groga,0.17247688666125197,delegat,1703
8330,Anestesia,Commodities,finestra_captura,promiscu,202,292.0,0.0,0.862,1802.36,249.56,alta,Client promiscu de Anestesia. Cicle habitual: 292 dies. La seva finestra de compra és ARA (retard: 0 dies). Share of wallet actual: 86%. Oportunitat de capturar 250€ de quota de mercat.,2025-12-30,,,0.172299719953318,televenda,1704
1000077826,Anestesia,Commodities,reposicio_pendent,fidel,162,92.0,70.0,1.1,2223.12,203.78,mitjana,Client fidel de Anestesia. Cicle habitual: 92 dies (±27). Porta 162 dies sense comprar (70 dies de retard). Share of wallet últims 12m: 110%. Possible retard de reposició.,2025-12-30,,,0.17215456631660186,delegat,1705
1000071061,Bioseguridad,Commodities,finestra_captura,promiscu,74,690.0,0.0,0.773,1086.44,246.37,alta,Client promiscu de Bioseguridad. Cicle habitual: 690 dies. La seva finestra de compra és ARA (retard: 0 dies). Share of wallet actual: 77%. Oportunitat de capturar 246€ de quota de mercat.,2025-12-30,,,0.17190003947135948,televenda,1706
1000075402,Anestesia,Commodities,reposicio_pendent,fidel,181,110.0,71.0,0.711,3410.04,202.06,mitjana,Client fidel de Anestesia. Cicle habitual: 110 dies (±64). Porta 181 dies sense comprar (71 dies de retard). Share of wallet últims 12m: 71%. Possible retard de reposició.,2025-12-30,,,0.17188171875343924,delegat,1707
6211,Bioseguridad,Commodities,reposicio_pendent,fidel,208,97.0,110.0,1.5,1086.44,201.27,mitjana,Client fidel de Bioseguridad. Cicle habitual: 97 dies (±43). Porta 208 dies sense comprar (110 dies de retard). Share of wallet últims 12m: 150%. Possible retard de reposició.,2025-12-30,,,0.1717556237817967,delegat,1708
1000081338,Bioseguridad,Commodities,reposicio_pendent,fidel,183,95.0,88.0,1.44,1667.34,200.02,mitjana,Client fidel de Bioseguridad. Cicle habitual: 95 dies (±52). Porta 183 dies sense comprar (88 dies de retard). Share of wallet últims 12m: 144%. Possible retard de reposició.,2025-12-30,,,0.17155509679580752,delegat,1709
6656,Anestesia,Commodities,reposicio_pendent,fidel,82,37.0,44.0,1.079,2223.12,199.87,mitjana,Client fidel de Anestesia. Cicle habitual: 37 dies (±18). Porta 82 dies sense comprar (44 dies de retard). Share of wallet últims 12m: 108%. Possible retard de reposició.,2025-12-30,,,0.17153094980843445,delegat,1710
37980,Anestesia,Commodities,reposicio_pendent,fidel,217,112.0,105.0,1.076,2223.12,199.32,mitjana,Client fidel de Anestesia. Cicle habitual: 112 dies (±44). Porta 217 dies sense comprar (105 dies de retard). Share of wallet últims 12m: 108%. Possible retard de reposició.,2025-12-30,,,0.17144225631970708,delegat,1711
2392,Bioseguridad,Commodities,finestra_captura,promiscu,71,295.0,0.0,0.777,1086.44,241.99,alta,Client promiscu de Bioseguridad. Cicle habitual: 295 dies. La seva finestra de compra és ARA (retard: 0 dies). Share of wallet actual: 78%. Oportunitat de capturar 242€ de quota de mercat.,2025-12-30,,,0.1713427828555928,televenda,1712
1000081914,Anestesia,Commodities,finestra_captura,promiscu,272,308.0,0.0,0.891,2223.12,241.62,alta,Client promiscu de Anestesia. Cicle habitual: 308 dies. La seva finestra de compra és ARA (retard: 0 dies). Share of wallet actual: 89%. Oportunitat de capturar 242€ de quota de mercat.,2025-12-30,,,0.17129524946485267,televenda,1713
24622,Bioseguridad,Commodities,reposicio_pendent,fidel,83,53.0,30.0,0.677,3334.68,188.16,mitjana,Client fidel de Bioseguridad. Cicle habitual: 53 dies (±21). Porta 83 dies sense comprar (30 dies de retard). Share of wallet últims 12m: 68%. Possible retard de reposició.,2025-12-30,,,0.16958796994387887,delegat,1714
1000071965,Bioseguridad,Commodities,reposicio_pendent,fidel,105,70.0,35.0,1.5,1086.44,180.39,mitjana,Client fidel de Bioseguridad. Cicle habitual: 70 dies (±34). Porta 105 dies sense comprar (35 dies de retard). Share of wallet últims 12m: 150%. Possible retard de reposició.,2025-12-30,,,0.1682311671129562,delegat,1715
1000081602,Bioseguridad,Commodities,finestra_captura,promiscu,231,302.0,0.0,0.805,1086.44,211.89,alta,Client promiscu de Bioseguridad. Cicle habitual: 302 dies. La seva finestra de compra és ARA (retard: 0 dies). Share of wallet actual: 80%. Oportunitat de capturar 212€ de quota de mercat.,2025-12-30,,,0.16721769829767996,televenda,1716
24487,Bioseguridad,Commodities,finestra_captura,promiscu,266,467.0,0.0,0.805,1086.44,211.89,alta,Client promiscu de Bioseguridad. Cicle habitual: 467 dies. La seva finestra de compra és ARA (retard: 0 dies). Share of wallet actual: 80%. Oportunitat de capturar 212€ de quota de mercat.,2025-12-30,,,0.16721769829767996,televenda,1717
33903,Bioseguridad,Commodities,finestra_captura,promiscu,28,325.0,0.0,0.759,879.2,211.64,alta,Client promiscu de Bioseguridad. Cicle habitual: 325 dies. La seva finestra de compra és ARA (retard: 0 dies). Share of wallet actual: 76%. Oportunitat de capturar 212€ de quota de mercat.,2025-12-30,,,0.16718104656723654,televenda,1718
39289,Bioseguridad,Commodities,finestra_captura,promiscu,109,268.0,0.0,0.808,1086.44,208.53,alta,Client promiscu de Bioseguridad. Cicle habitual: 268 dies. La seva finestra de compra és ARA (retard: 0 dies). Share of wallet actual: 81%. Oportunitat de capturar 209€ de quota de mercat.,2025-12-30,,,0.16672146194840134,televenda,1719
42740,Anestesia,Commodities,reposicio_pendent,fidel,119,76.0,43.0,0.603,3410.04,171.26,mitjana,Client fidel de Anestesia. Cicle habitual: 76 dies (±43). Porta 119 dies sense comprar (43 dies de retard). Share of wallet últims 12m: 60%. Possible retard de reposició.,2025-12-30,,,0.16656056701226152,delegat,1720
33270,Bioseguridad,Commodities,reposicio_pendent,fidel,161,88.0,72.0,1.209,1667.34,168.02,mitjana,Client fidel de Bioseguridad. Cicle habitual: 88 dies (±36). Porta 161 dies sense comprar (72 dies de retard). Share of wallet últims 12m: 121%. Possible retard de reposició.,2025-12-30,,,0.1659463439823054,delegat,1721
42849,Anestesia,Commodities,reposicio_pendent,fidel,215,126.0,89.0,0.88,2223.12,163.04,mitjana,Client fidel de Anestesia. Cicle habitual: 126 dies (±1). Porta 215 dies sense comprar (89 dies de retard). Share of wallet últims 12m: 88%. Possible retard de reposició.,2025-12-30,,,0.16497891719370777,delegat,1722
33366,Bioseguridad,Commodities,finestra_captura,promiscu,48,427.0,0.0,0.82,1086.44,195.31,alta,Client promiscu de Bioseguridad. Cicle habitual: 427 dies. La seva finestra de compra és ARA (retard: 0 dies). Share of wallet actual: 82%. Oportunitat de capturar 195€ de quota de mercat.,2025-12-30,,,0.1646885671997338,televenda,1723
11453,Bioseguridad,Commodities,finestra_captura,promiscu,47,401.0,0.0,0.82,1086.44,195.31,alta,Client promiscu de Bioseguridad. Cicle habitual: 401 dies. La seva finestra de compra és ARA (retard: 0 dies). Share of wallet actual: 82%. Oportunitat de capturar 195€ de quota de mercat.,2025-12-30,,,0.1646885671997338,televenda,1724
1000100656,Anestesia,Commodities,reposicio_pendent,fidel,190,82.0,107.0,0.558,3410.04,158.51,mitjana,Client fidel de Anestesia. Cicle habitual: 82 dies (±56). Porta 190 dies sense comprar (107 dies de retard). Share of wallet últims 12m: 56%. Possible retard de reposició.,2025-12-30,,,0.1640730509971883,delegat,1725
2000579,Anestesia,Commodities,reposicio_pendent,fidel,215,135.0,80.0,0.855,2223.12,158.41,mitjana,Client fidel de Anestesia. Cicle habitual: 135 dies (±40). Porta 215 dies sense comprar (80 dies de retard). Share of wallet últims 12m: 86%. Possible retard de reposició.,2025-12-30,,,0.1640527649638617,delegat,1726
1000074517,Bioseguridad,Commodities,reposicio_pendent,fidel,123,65.0,58.0,1.5,1086.44,158.12,mitjana,Client fidel de Bioseguridad. Cicle habitual: 65 dies (±28). Porta 123 dies sense comprar (58 dies de retard). Share of wallet últims 12m: 150%. Possible retard de reposició.,2025-12-30,,,0.16399386342353692,delegat,1727
35934,Anestesia,Commodities,reposicio_pendent,fidel,194,106.0,88.0,0.404,4546.72,153.08,mitjana,Client fidel de Anestesia. Cicle habitual: 106 dies (±41). Porta 194 dies sense comprar (88 dies de retard). Share of wallet últims 12m: 40%. Possible retard de reposició.,2025-12-30,,,0.1629526850228263,delegat,1728
2709,Bioseguridad,Commodities,reposicio_pendent,fidel,209,122.0,87.0,1.5,1086.44,150.01,mitjana,Client fidel de Bioseguridad. Cicle habitual: 122 dies (±52). Porta 209 dies sense comprar (87 dies de retard). Share of wallet últims 12m: 150%. Possible retard de reposició.,2025-12-30,,,0.1623016506221184,delegat,1729
42747,Anestesia,Commodities,reposicio_pendent,fidel,209,91.0,118.0,0.527,3410.04,149.86,mitjana,Client fidel de Anestesia. Cicle habitual: 91 dies (±74). Porta 209 dies sense comprar (118 dies de retard). Share of wallet últims 12m: 53%. Possible retard de reposició.,2025-12-30,,,0.16226950289924613,delegat,1730
37972,Bioseguridad,Commodities,risc_fuga,fidel,330,3.0,327.0,0.081,1667.34,11.25,critica,Client fidel de Bioseguridad. Cicle habitual: 3 dies (±1). Porta 330 dies sense comprar (327 dies de retard). Share of wallet últims 12m: 8%. Possible inici de fuga.,2025-12-30,,,0.1620980456218853,delegat,1731
32894,Biomateriales,Productes Tècnics,silenci_anomal_vigilar,actiu_esporadic,179,89.0,,,18494.6,6190.25,mitjana,Client actiu_esporadic de Biomaterials. Historial: 19 pedidos (2 últims 12m). Freqüència habitual: 89 ±41 dies. Porta 179 dies sense comprar (z=2.2). Anomalia moderada detectada.,2025-12-30,2.17,groga,0.16138733929344595,televenda,1732
7484,Anestesia,Commodities,reposicio_pendent,fidel,228,143.0,84.0,0.764,2223.12,141.47,mitjana,Client fidel de Anestesia. Cicle habitual: 143 dies (±80). Porta 228 dies sense comprar (84 dies de retard). Share of wallet últims 12m: 76%. Possible retard de reposició.,2025-12-30,,,0.16041851819577463,delegat,1733
11760,Anestesia,Commodities,finestra_captura,promiscu,237,276.0,0.0,0.975,6820.08,169.43,alta,Client promiscu de Anestesia. Cicle habitual: 276 dies. La seva finestra de compra és ARA (retard: 0 dies). Share of wallet actual: 98%. Oportunitat de capturar 169€ de quota de mercat.,2025-12-30,,,0.16027882642445318,televenda,1734
26168,Anestesia,Commodities,reposicio_pendent,fidel,210,129.0,81.0,0.75,2223.12,138.89,mitjana,Client fidel de Anestesia. Cicle habitual: 129 dies (±68). Porta 210 dies sense comprar (81 dies de retard). Share of wallet últims 12m: 75%. Possible retard de reposició.,2025-12-30,,,0.1598273548541609,delegat,1735
40890,Bioseguridad,Commodities,reposicio_pendent,fidel,217,110.0,106.0,0.972,1667.34,135.02,mitjana,Client fidel de Bioseguridad. Cicle habitual: 110 dies (±67). Porta 217 dies sense comprar (106 dies de retard). Share of wallet últims 12m: 97%. Possible retard de reposició.,2025-12-30,,,0.15891984597540246,delegat,1736
30628,Biomateriales,Productes Tècnics,silenci_anomal_vigilar,actiu_regular,109,58.0,,,8007.0,306.44,mitjana,Client actiu_regular de Biomaterials. Historial: 30 pedidos (7 últims 12m). Freqüència habitual: 58 ±46 dies. Porta 109 dies sense comprar (z=1.1). Anomalia moderada detectada.,2025-12-30,1.11,groga,0.1588277284600417,delegat,1737
19195,Biomateriales,Productes Tècnics,silenci_anomal_vigilar,actiu_esporadic,239,98.0,,,41614.42,5343.12,mitjana,Client actiu_esporadic de Biomaterials. Historial: 17 pedidos (1 últims 12m). Freqüència habitual: 98 ±60 dies. Porta 239 dies sense comprar (z=2.4). Anomalia moderada detectada.,2025-12-30,2.35,groga,0.15866750829506246,televenda,1738
30886,Bioseguridad,Commodities,finestra_captura,promiscu,56,490.0,0.0,0.819,879.2,159.13,alta,Client promiscu de Bioseguridad. Cicle habitual: 490 dies. La seva finestra de compra és ARA (retard: 0 dies). Share of wallet actual: 82%. Oportunitat de capturar 159€ de quota de mercat.,2025-12-30,,,0.15833430763218648,televenda,1739
32702,Anestesia,Commodities,finestra_captura,promiscu,221,290.0,0.0,0.93,2223.12,156.12,alta,Client promiscu de Anestesia. Cicle habitual: 290 dies. La seva finestra de compra és ARA (retard: 0 dies). Share of wallet actual: 93%. Oportunitat de capturar 156€ de quota de mercat.,2025-12-30,,,0.15774238832578652,televenda,1740
1000065164,Anestesia,Commodities,finestra_captura,promiscu,239,360.0,0.0,0.93,2223.12,156.12,alta,Client promiscu de Anestesia. Cicle habitual: 360 dies. La seva finestra de compra és ARA (retard: 0 dies). Share of wallet actual: 93%. Oportunitat de capturar 156€ de quota de mercat.,2025-12-30,,,0.15774238832578652,televenda,1741
1000082339,Anestesia,Commodities,reposicio_pendent,fidel,291,144.0,146.0,0.455,3410.04,129.37,mitjana,Client fidel de Anestesia. Cicle habitual: 144 dies (±144). Porta 291 dies sense comprar (146 dies de retard). Share of wallet últims 12m: 46%. Possible retard de reposició.,2025-12-30,,,0.15754746547112342,delegat,1742
7410,Anestesia,Commodities,reposicio_pendent,fidel,196,90.0,105.0,0.86,1802.36,129.19,mitjana,Client fidel de Anestesia. Cicle habitual: 90 dies (±31). Porta 196 dies sense comprar (105 dies de retard). Share of wallet últims 12m: 86%. Possible retard de reposició.,2025-12-30,,,0.1575027720392145,delegat,1743
1000076174,Bioseguridad,Commodities,finestra_captura,promiscu,7,434.0,0.0,0.824,879.2,154.62,alta,Client promiscu de Bioseguridad. Cicle habitual: 434 dies. La seva finestra de compra és ARA (retard: 0 dies). Share of wallet actual: 82%. Oportunitat de capturar 155€ de quota de mercat.,2025-12-30,,,0.15744316477920825,televenda,1744
30442,Bioseguridad,Commodities,finestra_captura,promiscu,351,614.0,0.0,0.824,879.2,154.62,alta,Client promiscu de Bioseguridad. Cicle habitual: 614 dies. La seva finestra de compra és ARA (retard: 0 dies). Share of wallet actual: 82%. Oportunitat de capturar 155€ de quota de mercat.,2025-12-30,,,0.15744316477920825,televenda,1745
31215,Anestesia,Commodities,finestra_captura,promiscu,6,184.0,0.0,0.915,1802.36,153.1,alta,Client promiscu de Anestesia. Cicle habitual: 184 dies. La seva finestra de compra és ARA (retard: 0 dies). Share of wallet actual: 92%. Oportunitat de capturar 153€ de quota de mercat.,2025-12-30,,,0.15713699492126362,televenda,1746
1000081034,Anestesia,Commodities,reposicio_pendent,fidel,117,66.0,51.0,0.684,2223.12,126.64,mitjana,Client fidel de Anestesia. Cicle habitual: 66 dies (±64). Porta 117 dies sense comprar (51 dies de retard). Share of wallet últims 12m: 68%. Possible retard de reposició.,2025-12-30,,,0.1568628902232249,delegat,1747
5430,Anestesia,Commodities,reposicio_pendent,fidel,216,137.0,79.0,0.445,3410.04,126.41,mitjana,Client fidel de Anestesia. Cicle habitual: 137 dies (±46). Porta 216 dies sense comprar (79 dies de retard). Share of wallet últims 12m: 44%. Possible retard de reposició.,2025-12-30,,,0.15680454819786707,delegat,1748
28215,Anestesia,Commodities,reposicio_pendent,fidel,88,49.0,39.0,0.675,2223.12,125.06,mitjana,Client fidel de Anestesia. Cicle habitual: 49 dies (±23). Porta 88 dies sense comprar (39 dies de retard). Share of wallet últims 12m: 68%. Possible retard de reposició.,2025-12-30,,,0.15645996810312032,delegat,1749
42900,Anestesia,Commodities,reposicio_pendent,fidel,106,69.0,36.0,0.325,4546.72,123.04,mitjana,Client fidel de Anestesia. Cicle habitual: 69 dies (±31). Porta 106 dies sense comprar (36 dies de retard). Share of wallet últims 12m: 32%. Possible retard de reposició.,2025-12-30,,,0.15593742033467425,delegat,1750
1000082722,Biomateriales,Productes Tècnics,silenci_anomal_vigilar,actiu_esporadic,218,119.0,,,5548.38,4607.89,mitjana,Client actiu_esporadic de Biomaterials. Historial: 2 pedidos (2 últims 12m). Freqüència habitual: 119 dies. Porta 218 dies sense comprar (z=2.8). Anomalia moderada detectada.,2025-12-30,2.77,groga,0.15593160065465975,televenda,1751
42646,Anestesia,Commodities,reposicio_pendent,fidel,179,114.0,64.0,0.655,2223.12,121.26,mitjana,Client fidel de Anestesia. Cicle habitual: 114 dies (±56). Porta 179 dies sense comprar (64 dies de retard). Share of wallet últims 12m: 65%. Possible retard de reposició.,2025-12-30,,,0.15546985529896867,delegat,1752
1817,Anestesia,Commodities,reposicio_pendent,fidel,207,135.0,72.0,0.642,2223.12,118.93,mitjana,Client fidel de Anestesia. Cicle habitual: 135 dies (±40). Porta 207 dies sense comprar (72 dies de retard). Share of wallet últims 12m: 64%. Possible retard de reposició.,2025-12-30,,,0.1548474231890503,delegat,1753
2771,Anestesia,Commodities,reposicio_pendent,fidel,201,124.0,77.0,0.638,2223.12,118.11,mitjana,Client fidel de Anestesia. Cicle habitual: 124 dies (±76). Porta 201 dies sense comprar (77 dies de retard). Share of wallet últims 12m: 64%. Possible retard de reposició.,2025-12-30,,,0.15462548918346986,delegat,1754
1000079828,Anestesia,Commodities,reposicio_pendent,fidel,176,83.0,93.0,0.636,2223.12,117.83,mitjana,Client fidel de Anestesia. Cicle habitual: 83 dies (±65). Porta 176 dies sense comprar (93 dies de retard). Share of wallet últims 12m: 64%. Possible retard de reposició.,2025-12-30,,,0.15454935676074175,delegat,1755
36943,Bioseguridad,Commodities,reposicio_pendent,fidel,236,105.0,131.0,0.846,1667.34,117.51,mitjana,Client fidel de Bioseguridad. Cicle habitual: 105 dies (±140). Porta 236 dies sense comprar (131 dies de retard). Share of wallet últims 12m: 85%. Possible retard de reposició.,2025-12-30,,,0.15446212830594427,delegat,1756
1000080700,Bioseguridad,Commodities,reposicio_pendent,fidel,179,114.0,64.0,0.834,1667.34,115.94,mitjana,Client fidel de Bioseguridad. Cicle habitual: 114 dies (±87). Porta 179 dies sense comprar (64 dies de retard). Share of wallet últims 12m: 83%. Possible retard de reposició.,2025-12-30,,,0.15403072221722788,delegat,1757
38500,Bioseguridad,Commodities,reposicio_pendent,fidel,88,40.0,47.0,1.263,1086.44,114.35,mitjana,Client fidel de Bioseguridad. Cicle habitual: 40 dies (±33). Porta 88 dies sense comprar (47 dies de retard). Share of wallet últims 12m: 126%. Possible retard de reposició.,2025-12-30,,,0.1535878766836185,delegat,1758
1000101785,Anestesia,Commodities,reposicio_pendent,fidel,187,119.0,68.0,0.617,2223.12,114.22,mitjana,Client fidel de Anestesia. Cicle habitual: 119 dies (±36). Porta 187 dies sense comprar (68 dies de retard). Share of wallet últims 12m: 62%. Possible retard de reposició.,2025-12-30,,,0.15355139965326484,delegat,1759
38501,Bioseguridad,Commodities,reposicio_pendent,fidel,82,48.0,33.0,1.231,1086.44,111.43,mitjana,Client fidel de Bioseguridad. Cicle habitual: 48 dies (±38). Porta 82 dies sense comprar (33 dies de retard). Share of wallet últims 12m: 123%. Possible retard de reposició.,2025-12-30,,,0.15275846541691968,delegat,1760
1000079794,Bioseguridad,Commodities,finestra_captura,promiscu,62,202.0,0.0,0.878,1086.44,132.38,alta,Client promiscu de Bioseguridad. Cicle habitual: 202 dies. La seva finestra de compra és ARA (retard: 0 dies). Share of wallet actual: 88%. Oportunitat de capturar 132€ de quota de mercat.,2025-12-30,,,0.1526327661733243,televenda,1761
16804,Bioseguridad,Commodities,finestra_captura,promiscu,223,328.0,0.0,0.878,1086.44,132.38,alta,Client promiscu de Bioseguridad. Cicle habitual: 328 dies. La seva finestra de compra és ARA (retard: 0 dies). Share of wallet actual: 88%. Oportunitat de capturar 132€ de quota de mercat.,2025-12-30,,,0.1526327661733243,televenda,1762
41906,Anestesia,Commodities,reposicio_pendent,fidel,85,46.0,38.0,0.381,3410.04,108.37,mitjana,Client fidel de Anestesia. Cicle habitual: 46 dies (±35). Porta 85 dies sense comprar (38 dies de retard). Share of wallet últims 12m: 38%. Possible retard de reposició.,2025-12-30,,,0.15186584602685388,delegat,1763
1000073587,Anestesia,Commodities,reposicio_pendent,fidel,176,116.0,60.0,0.377,3410.04,107.27,mitjana,Client fidel de Anestesia. Cicle habitual: 116 dies (±24). Porta 176 dies sense comprar (60 dies de retard). Share of wallet últims 12m: 38%. Possible retard de reposició.,2025-12-30,,,0.1515388544679005,delegat,1764
1000068858,Anestesia,Commodities,finestra_captura,promiscu,294,337.0,0.0,0.929,1802.36,127.48,alta,Client promiscu de Anestesia. Cicle habitual: 337 dies. La seva finestra de compra és ARA (retard: 0 dies). Share of wallet actual: 93%. Oportunitat de capturar 127€ de quota de mercat.,2025-12-30,,,0.15146525183686377,televenda,1765
42293,Anestesia,Commodities,reposicio_pendent,fidel,88,49.0,39.0,0.576,2223.12,106.76,mitjana,Client fidel de Anestesia. Cicle habitual: 49 dies (±25). Porta 88 dies sense comprar (39 dies de retard). Share of wallet últims 12m: 58%. Possible retard de reposició.,2025-12-30,,,0.1513861204442306,delegat,1766
1264,Anestesia,Commodities,reposicio_pendent,fidel,216,130.0,86.0,0.709,1802.36,106.52,mitjana,Client fidel de Anestesia. Cicle habitual: 130 dies (±47). Porta 216 dies sense comprar (86 dies de retard). Share of wallet últims 12m: 71%. Possible retard de reposició.,2025-12-30,,,0.15131399531360934,delegat,1767
23159,Bioseguridad,Commodities,reposicio_pendent,fidel,188,90.0,97.0,1.171,1086.44,106.01,mitjana,Client fidel de Bioseguridad. Cicle habitual: 90 dies (±65). Porta 188 dies sense comprar (97 dies de retard). Share of wallet últims 12m: 117%. Possible retard de reposició.,2025-12-30,,,0.15116019336519373,delegat,1768
1000048293,Anestesia,Commodities,reposicio_pendent,fidel,160,94.0,65.0,0.37,3410.04,105.19,mitjana,Client fidel de Anestesia. Cicle habitual: 94 dies (±29). Porta 160 dies sense comprar (65 dies de retard). Share of wallet últims 12m: 37%. Possible retard de reposició.,2025-12-30,,,0.1509113605406453,delegat,1769
1000100468,Anestesia,Commodities,reposicio_pendent,fidel,200,124.0,76.0,0.366,3410.04,104.11,mitjana,Client fidel de Anestesia. Cicle habitual: 124 dies (±38). Porta 200 dies sense comprar (76 dies de retard). Share of wallet últims 12m: 37%. Possible retard de reposició.,2025-12-30,,,0.15058068131177343,delegat,1770
2363,Anestesia,Commodities,reposicio_pendent,fidel,201,101.0,100.0,0.362,3410.04,102.77,mitjana,Client fidel de Anestesia. Cicle habitual: 101 dies (±41). Porta 201 dies sense comprar (100 dies de retard). Share of wallet últims 12m: 36%. Possible retard de reposició.,2025-12-30,,,0.15016563861796647,delegat,1771
1000079197,Anestesia,Commodities,reposicio_pendent,fidel,187,79.0,108.0,0.545,2223.12,101.02,mitjana,Client fidel de Anestesia. Cicle habitual: 79 dies (±60). Porta 187 dies sense comprar (108 dies de retard). Share of wallet últims 12m: 55%. Possible retard de reposició.,2025-12-30,,,0.14961546073696758,delegat,1772
1000100519,Anestesia,Commodities,reposicio_pendent,fidel,78,50.0,28.0,0.54,2223.12,100.08,mitjana,Client fidel de Anestesia. Cicle habitual: 50 dies (±22). Porta 78 dies sense comprar (28 dies de retard). Share of wallet últims 12m: 54%. Possible retard de reposició.,2025-12-30,,,0.14931602756769088,delegat,1773
25409,Bioseguridad,Commodities,reposicio_pendent,fidel,200,114.0,86.0,1.098,1086.44,99.38,mitjana,Client fidel de Bioseguridad. Cicle habitual: 114 dies (±67). Porta 200 dies sense comprar (86 dies de retard). Share of wallet últims 12m: 110%. Possible retard de reposició.,2025-12-30,,,0.1490912309181848,delegat,1774
1000100321,Bioseguridad,Commodities,reposicio_pendent,fidel,120,79.0,41.0,1.098,1086.44,99.38,mitjana,Client fidel de Bioseguridad. Cicle habitual: 79 dies (±35). Porta 120 dies sense comprar (41 dies de retard). Share of wallet últims 12m: 110%. Possible retard de reposició.,2025-12-30,,,0.1490912309181848,delegat,1775
42724,Anestesia,Commodities,reposicio_pendent,fidel,239,121.0,118.0,0.346,3410.04,98.45,mitjana,Client fidel de Anestesia. Cicle habitual: 121 dies (±29). Porta 239 dies sense comprar (118 dies de retard). Share of wallet últims 12m: 35%. Possible retard de reposició.,2025-12-30,,,0.14879013541355451,delegat,1776
1000081515,Biomateriales,Productes Tècnics,silenci_anomal_vigilar,actiu_esporadic,209,108.0,,,8324.14,3084.62,mitjana,Client actiu_esporadic de Biomaterials. Historial: 14 pedidos (3 últims 12m). Freqüència habitual: 108 ±47 dies. Porta 209 dies sense comprar (z=2.1). Anomalia moderada detectada.,2025-12-30,2.14,groga,0.14851492934613392,televenda,1777
1000052454,Anestesia,Commodities,reposicio_pendent,fidel,152,98.0,53.0,0.525,2223.12,97.21,mitjana,Client fidel de Anestesia. Cicle habitual: 98 dies (±15). Porta 152 dies sense comprar (53 dies de retard). Share of wallet últims 12m: 52%. Possible retard de reposició.,2025-12-30,,,0.14838426493147602,delegat,1778
4254,Anestesia,Commodities,reposicio_pendent,fidel,237,138.0,99.0,0.524,2223.12,96.99,mitjana,Client fidel de Anestesia. Cicle habitual: 138 dies (±87). Porta 237 dies sense comprar (99 dies de retard). Share of wallet últims 12m: 52%. Possible retard de reposició.,2025-12-30,,,0.14831172072482202,delegat,1779
1000076415,Bioseguridad,Commodities,finestra_captura,promiscu,162,394.0,0.0,0.895,1086.44,114.3,alta,Client promiscu de Bioseguridad. Cicle habitual: 394 dies. La seva finestra de compra és ARA (retard: 0 dies). Share of wallet actual: 89%. Oportunitat de capturar 114€ de quota de mercat.,2025-12-30,,,0.14808907149808892,televenda,1780
1118,Anestesia,Commodities,reposicio_pendent,fidel,208,131.0,76.0,0.329,3410.04,93.51,mitjana,Client fidel de Anestesia. Cicle habitual: 131 dies (±80). Porta 208 dies sense comprar (76 dies de retard). Share of wallet últims 12m: 33%. Possible retard de reposició.,2025-12-30,,,0.1471420201498366,delegat,1781
1000065055,Bioseguridad,Commodities,reposicio_pendent,fidel,148,81.0,66.0,0.668,1667.34,92.75,mitjana,Client fidel de Bioseguridad. Cicle habitual: 81 dies (±56). Porta 148 dies sense comprar (66 dies de retard). Share of wallet últims 12m: 67%. Possible retard de reposició.,2025-12-30,,,0.14688084204091756,delegat,1782
10756,Biomateriales,Productes Tècnics,silenci_anomal_vigilar,actiu_esporadic,321,87.0,,,27741.9,2818.16,mitjana,Client actiu_esporadic de Biomaterials. Historial: 18 pedidos (1 últims 12m). Freqüència habitual: 87 ±80 dies. Porta 321 dies sense comprar (z=2.9). Anomalia moderada detectada.,2025-12-30,2.93,groga,0.14684551483389852,televenda,1783
1000070938,Anestesia,Commodities,reposicio_pendent,fidel,95,50.0,45.0,0.312,3410.04,88.59,mitjana,Client fidel de Anestesia. Cicle habitual: 50 dies (±32). Porta 95 dies sense comprar (45 dies de retard). Share of wallet últims 12m: 31%. Possible retard de reposició.,2025-12-30,,,0.1454126274802502,delegat,1784
41482,Anestesia,Commodities,reposicio_pendent,fidel,88,52.0,35.0,0.311,3410.04,88.36,mitjana,Client fidel de Anestesia. Cicle habitual: 52 dies (±26). Porta 88 dies sense comprar (35 dies de retard). Share of wallet últims 12m: 31%. Possible retard de reposició.,2025-12-30,,,0.14532947499225024,delegat,1785
1000080343,Bioseguridad,Commodities,reposicio_pendent,fidel,207,120.0,86.0,0.969,1086.44,87.76,mitjana,Client fidel de Bioseguridad. Cicle habitual: 120 dies (±71). Porta 207 dies sense comprar (86 dies de retard). Share of wallet últims 12m: 97%. Possible retard de reposició.,2025-12-30,,,0.14511154395676742,delegat,1786
13991,Anestesia,Commodities,reposicio_pendent,fidel,211,134.0,77.0,0.306,3410.04,86.95,mitjana,Client fidel de Anestesia. Cicle habitual: 134 dies (±52). Porta 211 dies sense comprar (77 dies de retard). Share of wallet últims 12m: 31%. Possible retard de reposició.,2025-12-30,,,0.14481498857523395,delegat,1787
42031,Anestesia,Commodities,reposicio_pendent,fidel,88,54.0,33.0,0.468,2223.12,86.74,mitjana,Client fidel de Anestesia. Cicle habitual: 54 dies (±35). Porta 88 dies sense comprar (33 dies de retard). Share of wallet últims 12m: 47%. Possible retard de reposició.,2025-12-30,,,0.14473765798329993,delegat,1788
1000082418,Anestesia,Commodities,reposicio_pendent,fidel,215,114.0,101.0,0.465,2223.12,86.12,mitjana,Client fidel de Anestesia. Cicle habitual: 114 dies (±34). Porta 215 dies sense comprar (101 dies de retard). Share of wallet últims 12m: 46%. Possible retard de reposició.,2025-12-30,,,0.1445082640588957,delegat,1789
39718,Biomateriales,Productes Tècnics,silenci_anomal_vigilar,actiu_esporadic,188,68.0,,,55483.8,2313.03,mitjana,Client actiu_esporadic de Biomaterials. Historial: 24 pedidos (3 últims 12m). Freqüència habitual: 68 ±53 dies. Porta 188 dies sense comprar (z=2.3). Anomalia moderada detectada.,2025-12-30,2.26,groga,0.1431957540934605,televenda,1790
5336,Biomateriales,Productes Tècnics,silenci_anomal_vigilar,actiu_esporadic,285,95.0,,,18494.6,2306.87,mitjana,Client actiu_esporadic de Biomaterials. Historial: 17 pedidos (1 últims 12m). Freqüència habitual: 95 ±64 dies. Porta 285 dies sense comprar (z=3.0). Anomalia moderada detectada.,2025-12-30,2.97,groga,0.14314648197313656,televenda,1791
1000101215,Anestesia,Commodities,reposicio_pendent,fidel,182,89.0,93.0,0.443,2223.12,82.13,mitjana,Client fidel de Anestesia. Cicle habitual: 89 dies (±27). Porta 182 dies sense comprar (93 dies de retard). Share of wallet últims 12m: 44%. Possible retard de reposició.,2025-12-30,,,0.14299175788682195,delegat,1792
41671,Bioseguridad,Commodities,reposicio_pendent,fidel,217,101.0,116.0,0.885,1086.44,80.13,mitjana,Client fidel de Bioseguridad. Cicle habitual: 101 dies (±56). Porta 217 dies sense comprar (116 dies de retard). Share of wallet últims 12m: 89%. Possible retard de reposició.,2025-12-30,,,0.14220398955938032,delegat,1793
36263,Anestesia,Commodities,reposicio_pendent,fidel,236,152.0,84.0,0.43,2223.12,79.66,mitjana,Client fidel de Anestesia. Cicle habitual: 152 dies (±69). Porta 236 dies sense comprar (84 dies de retard). Share of wallet últims 12m: 43%. Possible retard de reposició.,2025-12-30,,,0.14201604650506475,delegat,1794
1000080831,Bioseguridad,Commodities,reposicio_pendent,fidel,214,132.0,81.0,0.878,1086.44,79.5,mitjana,Client fidel de Bioseguridad. Cicle habitual: 132 dies (±63). Porta 214 dies sense comprar (81 dies de retard). Share of wallet últims 12m: 88%. Possible retard de reposició.,2025-12-30,,,0.1419518159400402,delegat,1795
1000101536,Biomateriales,Productes Tècnics,silenci_anomal_vigilar,actiu_esporadic,278,157.0,,,0.0,1994.95,mitjana,Client actiu_esporadic de Biomaterials. Historial: 2 pedidos (1 últims 12m). Freqüència habitual: 157 dies. Porta 278 dies sense comprar (z=2.6). Anomalia moderada detectada.,2025-12-30,2.57,groga,0.14046242280776633,televenda,1796
27249,Biomateriales,Productes Tècnics,silenci_anomal_vigilar,actiu_esporadic,287,126.0,,,18494.6,1981.55,mitjana,Client actiu_esporadic de Biomaterials. Historial: 13 pedidos (1 últims 12m). Freqüència habitual: 126 ±73 dies. Porta 287 dies sense comprar (z=2.2). Anomalia moderada detectada.,2025-12-30,2.2,groga,0.1403379060208803,televenda,1797
23651,Bioseguridad,Commodities,finestra_captura,promiscu,244,385.0,0.0,0.918,1086.44,88.86,alta,Client promiscu de Bioseguridad. Cicle habitual: 385 dies. La seva finestra de compra és ARA (retard: 0 dies). Share of wallet actual: 92%. Oportunitat de capturar 89€ de quota de mercat.,2025-12-30,,,0.1403131846916855,televenda,1798
20911,Bioseguridad,Commodities,finestra_captura,promiscu,13,643.0,0.0,0.918,1086.44,88.86,alta,Client promiscu de Bioseguridad. Cicle habitual: 643 dies. La seva finestra de compra és ARA (retard: 0 dies). Share of wallet actual: 92%. Oportunitat de capturar 89€ de quota de mercat.,2025-12-30,,,0.1403131846916855,televenda,1799
1000080575,Biomateriales,Productes Tècnics,silenci_anomal_vigilar,actiu_esporadic,263,80.0,,,9247.3,1933.4,mitjana,Client actiu_esporadic de Biomaterials. Historial: 19 pedidos (2 últims 12m). Freqüència habitual: 80 ±64 dies. Porta 263 dies sense comprar (z=2.9). Anomalia moderada detectada.,2025-12-30,2.86,groga,0.1398834300063454,televenda,1800
1000101476,Biomateriales,Productes Tècnics,silenci_anomal_vigilar,actiu_esporadic,218,61.0,,,0.0,1907.39,mitjana,Client actiu_esporadic de Biomaterials. Historial: 3 pedidos (3 últims 12m). Freqüència habitual: 61 ±57 dies. Porta 218 dies sense comprar (z=2.8). Anomalia moderada detectada.,2025-12-30,2.78,groga,0.13963319897858814,televenda,1801
12828,Biomateriales,Productes Tècnics,silenci_anomal_vigilar,actiu_esporadic,319,125.0,,,15904.1,1870.83,mitjana,Client actiu_esporadic de Biomaterials. Historial: 13 pedidos (2 últims 12m). Freqüència habitual: 125 ±90 dies. Porta 319 dies sense comprar (z=2.2). Anomalia moderada detectada.,2025-12-30,2.16,groga,0.13927564346451232,televenda,1802
37652,Anestesia,Commodities,reposicio_pendent,fidel,85,44.0,41.0,0.393,2223.12,72.72,mitjana,Client fidel de Anestesia. Cicle habitual: 44 dies (±26). Porta 85 dies sense comprar (41 dies de retard). Share of wallet últims 12m: 39%. Possible retard de reposició.,2025-12-30,,,0.13910573071191237,delegat,1803
27731,Bioseguridad,Commodities,finestra_captura,promiscu,41,200.0,0.0,0.922,1086.44,85.09,alta,Client promiscu de Bioseguridad. Cicle habitual: 200 dies. La seva finestra de compra és ARA (retard: 0 dies). Share of wallet actual: 92%. Oportunitat de capturar 85€ de quota de mercat.,2025-12-30,,,0.1389762716436659,televenda,1804
36014,Biomateriales,Productes Tècnics,silenci_anomal_vigilar,actiu_esporadic,160,71.0,,,8785.72,1810.67,mitjana,Client actiu_esporadic de Biomaterials. Historial: 24 pedidos (3 últims 12m). Freqüència habitual: 71 ±43 dies. Porta 160 dies sense comprar (z=2.1). Anomalia moderada detectada.,2025-12-30,2.06,groga,0.1386717968995753,televenda,1805
1000080565,Bioseguridad,Commodities,finestra_captura,promiscu,299,610.0,0.0,0.904,879.2,84.15,alta,Client promiscu de Bioseguridad. Cicle habitual: 610 dies. La seva finestra de compra és ARA (retard: 0 dies). Share of wallet actual: 90%. Oportunitat de capturar 84€ de quota de mercat.,2025-12-30,,,0.13863381026134042,televenda,1806
1000101548,Biomateriales,Productes Tècnics,silenci_anomal_vigilar,actiu_esporadic,277,151.0,,,0.0,1793.07,mitjana,Client actiu_esporadic de Biomaterials. Historial: 2 pedidos (1 últims 12m). Freqüència habitual: 151 dies. Porta 277 dies sense comprar (z=2.8). Anomalia moderada detectada.,2025-12-30,2.78,groga,0.13849134455201959,televenda,1807
1000057225,Biomateriales,Productes Tècnics,silenci_anomal_vigilar,actiu_esporadic,326,108.0,,,91.06,1761.14,mitjana,Client actiu_esporadic de Biomaterials. Historial: 10 pedidos (3 últims 12m). Freqüència habitual: 108 ±105 dies. Porta 326 dies sense comprar (z=2.1). Anomalia moderada detectada.,2025-12-30,2.07,groga,0.13815940116761335,televenda,1808
23628,Biomateriales,Productes Tècnics,silenci_anomal_vigilar,actiu_esporadic,299,146.0,,,12946.22,1753.48,mitjana,Client actiu_esporadic de Biomaterials. Historial: 11 pedidos (1 últims 12m). Freqüència habitual: 146 ±74 dies. Porta 299 dies sense comprar (z=2.1). Anomalia moderada detectada.,2025-12-30,2.07,groga,0.1380788735516517,televenda,1809
6248,Biomateriales,Productes Tècnics,silenci_anomal_vigilar,actiu_esporadic,299,112.0,,,18494.6,1736.77,mitjana,Client actiu_esporadic de Biomaterials. Historial: 14 pedidos (1 últims 12m). Freqüència habitual: 112 ±74 dies. Porta 299 dies sense comprar (z=2.5). Anomalia moderada detectada.,2025-12-30,2.51,groga,0.13790197867065426,televenda,1810
1000078850,Biomateriales,Productes Tècnics,silenci_anomal_vigilar,actiu_esporadic,287,96.0,,,13872.52,1720.21,mitjana,Client actiu_esporadic de Biomaterials. Historial: 15 pedidos (2 últims 12m). Freqüència habitual: 96 ±69 dies. Porta 287 dies sense comprar (z=2.8). Anomalia moderada detectada.,2025-12-30,2.78,groga,0.1377249855336181,televenda,1811
12821,Biomateriales,Productes Tècnics,silenci_anomal_vigilar,actiu_esporadic,251,120.0,,,16459.88,1717.26,mitjana,Client actiu_esporadic de Biomaterials. Historial: 12 pedidos (2 últims 12m). Freqüència habitual: 120 ±62 dies. Porta 251 dies sense comprar (z=2.1). Anomalia moderada detectada.,2025-12-30,2.1,groga,0.13769327734566625,televenda,1812
21374,Bioseguridad,Commodities,reposicio_pendent,fidel,271,118.0,152.0,0.949,879.2,69.57,mitjana,Client fidel de Bioseguridad. Cicle habitual: 118 dies (±146). Porta 271 dies sense comprar (152 dies de retard). Share of wallet últims 12m: 95%. Possible retard de reposició.,2025-12-30,,,0.1376931209455719,delegat,1813
1000080243,Anestesia,Commodities,reposicio_pendent,fidel,207,122.0,85.0,0.46,1802.36,69.05,mitjana,Client fidel de Anestesia. Cicle habitual: 122 dies (±101). Porta 207 dies sense comprar (85 dies de retard). Share of wallet últims 12m: 46%. Possible retard de reposició.,2025-12-30,,,0.13745387912124138,delegat,1814
1000100989,Biomateriales,Productes Tècnics,silenci_anomal_vigilar,actiu_esporadic,285,88.0,,,0.0,1680.55,mitjana,Client actiu_esporadic de Biomaterials. Historial: 5 pedidos (2 últims 12m). Freqüència habitual: 88 ±71 dies. Porta 285 dies sense comprar (z=2.8). Anomalia moderada detectada.,2025-12-30,2.77,groga,0.13729408018507602,televenda,1815
1000100378,Biomateriales,Productes Tècnics,silenci_anomal_vigilar,actiu_esporadic,319,144.0,,,0.0,1672.1,mitjana,Client actiu_esporadic de Biomaterials. Historial: 5 pedidos (1 últims 12m). Freqüència habitual: 144 ±70 dies. Porta 319 dies sense comprar (z=2.5). Anomalia moderada detectada.,2025-12-30,2.49,groga,0.13720095841149713,televenda,1816
26008,Bioseguridad,Commodities,finestra_captura,promiscu,165,298.0,0.0,0.926,1086.44,80.07,alta,Client promiscu de Bioseguridad. Cicle habitual: 298 dies. La seva finestra de compra és ARA (retard: 0 dies). Share of wallet actual: 93%. Oportunitat de capturar 80€ de quota de mercat.,2025-12-30,,,0.13710219834478565,televenda,1817
1000082578,Biomateriales,Productes Tècnics,silenci_anomal_vigilar,actiu_esporadic,189,71.0,,,7397.84,1640.55,mitjana,Client actiu_esporadic de Biomaterials. Historial: 16 pedidos (2 últims 12m). Freqüència habitual: 71 ±57 dies. Porta 189 dies sense comprar (z=2.1). Anomalia moderada detectada.,2025-12-30,2.05,groga,0.13684906135869396,televenda,1818
1641,Bioseguridad,Commodities,reposicio_pendent,fidel,302,153.0,149.0,0.746,1086.44,67.51,mitjana,Client fidel de Bioseguridad. Cicle habitual: 153 dies (±55). Porta 302 dies sense comprar (149 dies de retard). Share of wallet últims 12m: 75%. Possible retard de reposició.,2025-12-30,,,0.13673479515456272,delegat,1819
1000079363,Bioseguridad,Commodities,reposicio_pendent,fidel,235,109.0,126.0,0.477,1667.34,66.25,mitjana,Client fidel de Bioseguridad. Cicle habitual: 109 dies (±115). Porta 235 dies sense comprar (126 dies de retard). Share of wallet últims 12m: 48%. Possible retard de reposició.,2025-12-30,,,0.13613432688650062,delegat,1820
1000080598,Biomateriales,Productes Tècnics,silenci_anomal_vigilar,actiu_esporadic,335,223.0,,,7397.84,1572.61,mitjana,Client actiu_esporadic de Biomaterials. Historial: 7 pedidos (1 últims 12m). Freqüència habitual: 223 ±39 dies. Porta 335 dies sense comprar (z=2.9). Anomalia moderada detectada.,2025-12-30,2.88,groga,0.13606774227301668,televenda,1821
1000082269,Bioseguridad,Commodities,finestra_captura,promiscu,190,552.0,0.0,0.954,1667.34,77.24,alta,Client promiscu de Bioseguridad. Cicle habitual: 552 dies. La seva finestra de compra és ARA (retard: 0 dies). Share of wallet actual: 95%. Oportunitat de capturar 77€ de quota de mercat.,2025-12-30,,,0.13599385658880708,televenda,1822
23329,Biomateriales,Productes Tècnics,silenci_anomal_vigilar,actiu_esporadic,166,92.0,,,8007.0,1563.67,mitjana,Client actiu_esporadic de Biomaterials. Historial: 2 pedidos (2 últims 12m). Freqüència habitual: 92 dies. Porta 166 dies sense comprar (z=2.7). Anomalia moderada detectada.,2025-12-30,2.68,groga,0.13596242785512622,televenda,1823
42909,Anestesia,Commodities,reposicio_pendent,fidel,85,55.0,30.0,0.347,2223.12,64.19,mitjana,Client fidel de Anestesia. Cicle habitual: 55 dies (±27). Porta 85 dies sense comprar (30 dies de retard). Share of wallet últims 12m: 35%. Possible retard de reposició.,2025-12-30,,,0.13512794699337308,delegat,1824
5273,Biomateriales,Productes Tècnics,silenci_anomal_vigilar,actiu_esporadic,216,126.0,,,9247.3,1476.14,mitjana,Client actiu_esporadic de Biomaterials. Historial: 2 pedidos (2 últims 12m). Freqüència habitual: 126 dies. Porta 216 dies sense comprar (z=2.4). Anomalia moderada detectada.,2025-12-30,2.38,groga,0.134898320154809,televenda,1825
1000081528,Biomateriales,Productes Tècnics,silenci_anomal_vigilar,actiu_esporadic,322,134.0,,,6474.68,1432.93,mitjana,Client actiu_esporadic de Biomaterials. Historial: 12 pedidos (1 últims 12m). Freqüència habitual: 134 ±93 dies. Porta 322 dies sense comprar (z=2.0). Anomalia moderada detectada.,2025-12-30,2.03,groga,0.13434953248749418,televenda,1826
42909,Bioseguridad,Commodities,reposicio_pendent,fidel,109,59.0,49.0,0.691,1086.44,62.54,mitjana,Client fidel de Bioseguridad. Cicle habitual: 59 dies (±50). Porta 109 dies sense comprar (49 dies de retard). Share of wallet últims 12m: 69%. Possible retard de reposició.,2025-12-30,,,0.13429865621570938,delegat,1827
5554,Anestesia,Commodities,finestra_captura,promiscu,96,210.0,0.0,0.967,2223.12,72.31,alta,Client promiscu de Anestesia. Cicle habitual: 210 dies. La seva finestra de compra és ARA (retard: 0 dies). Share of wallet actual: 97%. Oportunitat de capturar 72€ de quota de mercat.,2025-12-30,,,0.13396370319881362,televenda,1828
1000101749,Biomateriales,Productes Tècnics,silenci_anomal_vigilar,actiu_esporadic,207,56.0,,,0.0,1382.37,mitjana,Client actiu_esporadic de Biomaterials. Historial: 3 pedidos (3 últims 12m). Freqüència habitual: 56 ±50 dies. Porta 207 dies sense comprar (z=3.0). Anomalia moderada detectada.,2025-12-30,3.0,groga,0.13368600116665338,televenda,1829
31125,Anestesia,Commodities,reposicio_pendent,fidel,204,103.0,101.0,0.33,2223.12,61.08,mitjana,Client fidel de Anestesia. Cicle habitual: 103 dies (±36). Porta 204 dies sense comprar (101 dies de retard). Share of wallet últims 12m: 33%. Possible retard de reposició.,2025-12-30,,,0.13354670009559247,delegat,1830
33006,Anestesia,Commodities,reposicio_pendent,fidel,236,141.0,94.0,0.33,2223.12,61.08,mitjana,Client fidel de Anestesia. Cicle habitual: 141 dies (±70). Porta 236 dies sense comprar (94 dies de retard). Share of wallet últims 12m: 33%. Possible retard de reposició.,2025-12-30,,,0.13354670009559247,delegat,1831
27678,Biomateriales,Productes Tècnics,silenci_anomal_vigilar,actiu_esporadic,228,49.0,,,23119.82,1369.42,mitjana,Client actiu_esporadic de Biomaterials. Historial: 34 pedidos (3 últims 12m). Freqüència habitual: 49 ±86 dies. Porta 228 dies sense comprar (z=2.1). Anomalia moderada detectada.,2025-12-30,2.09,groga,0.13351214785072382,televenda,1832
32268,Bioseguridad,Commodities,reposicio_pendent,fidel,235,132.0,102.0,0.671,1086.44,60.76,mitjana,Client fidel de Bioseguridad. Cicle habitual: 132 dies (±60). Porta 235 dies sense comprar (102 dies de retard). Share of wallet últims 12m: 67%. Possible retard de reposició.,2025-12-30,,,0.13337952604040748,delegat,1833
41813,Anestesia,Commodities,reposicio_pendent,fidel,228,135.0,93.0,0.401,1802.36,60.19,mitjana,Client fidel de Anestesia. Cicle habitual: 135 dies (±112). Porta 228 dies sense comprar (93 dies de retard). Share of wallet últims 12m: 40%. Possible retard de reposició.,2025-12-30,,,0.1330795902375875,delegat,1834
1000101735,Biomateriales,Productes Tècnics,silenci_anomal_vigilar,actiu_esporadic,148,91.0,,,0.0,1331.94,mitjana,Client actiu_esporadic de Biomaterials. Historial: 2 pedidos (2 últims 12m). Freqüència habitual: 91 dies. Porta 148 dies sense comprar (z=2.1). Anomalia moderada detectada.,2025-12-30,2.09,groga,0.1329995646668013,televenda,1835
1000080873,Anestesia,Commodities,finestra_captura,promiscu,286,381.0,0.0,0.969,2223.12,69.7,alta,Client promiscu de Anestesia. Cicle habitual: 381 dies. La seva finestra de compra és ARA (retard: 0 dies). Share of wallet actual: 97%. Oportunitat de capturar 70€ de quota de mercat.,2025-12-30,,,0.13283291823951993,televenda,1836
35202,Biomateriales,Productes Tècnics,silenci_anomal_vigilar,actiu_esporadic,302,121.0,,,6936.26,1318.77,mitjana,Client actiu_esporadic de Biomaterials. Historial: 13 pedidos (1 últims 12m). Freqüència habitual: 121 ±84 dies. Porta 302 dies sense comprar (z=2.2). Anomalia moderada detectada.,2025-12-30,2.16,groga,0.1328160205807133,televenda,1837
1000100600,Biomateriales,Productes Tècnics,silenci_anomal_vigilar,actiu_esporadic,313,100.0,,,0.0,1296.96,mitjana,Client actiu_esporadic de Biomaterials. Historial: 5 pedidos (2 últims 12m). Freqüència habitual: 100 ±77 dies. Porta 313 dies sense comprar (z=2.8). Anomalia moderada detectada.,2025-12-30,2.76,groga,0.13250799861231286,televenda,1838
34729,Biomateriales,Productes Tècnics,silenci_anomal_vigilar,actiu_esporadic,321,127.0,,,0.0,1255.23,mitjana,Client actiu_esporadic de Biomaterials. Historial: 9 pedidos (1 últims 12m). Freqüència habitual: 127 ±96 dies. Porta 321 dies sense comprar (z=2.0). Anomalia moderada detectada.,2025-12-30,2.01,groga,0.13190394615205114,televenda,1839
41580,Anestesia,Commodities,reposicio_pendent,fidel,119,65.0,53.0,0.202,3410.04,57.52,mitjana,Client fidel de Anestesia. Cicle habitual: 65 dies (±44). Porta 119 dies sense comprar (53 dies de retard). Share of wallet últims 12m: 20%. Possible retard de reposició.,2025-12-30,,,0.13163637290093233,delegat,1840
1000082598,Biomateriales,Productes Tècnics,silenci_anomal_vigilar,actiu_esporadic,309,139.0,,,0.0,1218.62,mitjana,Client actiu_esporadic de Biomaterials. Historial: 8 pedidos (1 últims 12m). Freqüència habitual: 139 ±80 dies. Porta 309 dies sense comprar (z=2.1). Anomalia moderada detectada.,2025-12-30,2.14,groga,0.13135724765163861,televenda,1841
435,Biomateriales,Productes Tècnics,silenci_anomal_vigilar,actiu_esporadic,214,74.0,,,5338.0,1207.94,mitjana,Client actiu_esporadic de Biomaterials. Historial: 21 pedidos (2 últims 12m). Freqüència habitual: 74 ±65 dies. Porta 214 dies sense comprar (z=2.2). Anomalia moderada detectada.,2025-12-30,2.15,groga,0.13119466805493704,televenda,1842
37938,Biomateriales,Productes Tècnics,silenci_anomal_vigilar,actiu_esporadic,295,88.0,,,0.0,1204.05,mitjana,Client actiu_esporadic de Biomaterials. Historial: 8 pedidos (3 últims 12m). Freqüència habitual: 88 ±73 dies. Porta 295 dies sense comprar (z=2.8). Anomalia moderada detectada.,2025-12-30,2.84,groga,0.13113509425019085,televenda,1843
1000072411,Biomateriales,Productes Tècnics,silenci_anomal_vigilar,actiu_esporadic,218,72.0,,,5086.8,1202.12,mitjana,Client actiu_esporadic de Biomaterials. Historial: 23 pedidos (1 últims 12m). Freqüència habitual: 72 ±54 dies. Porta 218 dies sense comprar (z=2.7). Anomalia moderada detectada.,2025-12-30,2.7,groga,0.1311054656531619,televenda,1844
1000102212,Biomateriales,Productes Tècnics,silenci_anomal_vigilar,actiu_esporadic,39,23.0,,,0.0,1175.91,mitjana,Client actiu_esporadic de Biomaterials. Historial: 2 pedidos (2 últims 12m). Freqüència habitual: 23 dies. Porta 39 dies sense comprar (z=2.3). Anomalia moderada detectada.,2025-12-30,2.32,groga,0.13069832640160392,televenda,1845
42154,Anestesia,Commodities,reposicio_pendent,fidel,249,125.0,123.0,0.368,1802.36,55.32,mitjana,Client fidel de Anestesia. Cicle habitual: 125 dies (±104). Porta 249 dies sense comprar (123 dies de retard). Share of wallet últims 12m: 37%. Possible retard de reposició.,2025-12-30,,,0.1303968301522177,delegat,1846
40383,Anestesia,Commodities,reposicio_pendent,fidel,117,62.0,55.0,0.297,2223.12,54.99,mitjana,Client fidel de Anestesia. Cicle habitual: 62 dies (±36). Porta 117 dies sense comprar (55 dies de retard). Share of wallet últims 12m: 30%. Possible retard de reposició.,2025-12-30,,,0.13020673298800844,delegat,1847
37655,Anestesia,Commodities,reposicio_pendent,fidel,89,53.0,35.0,0.293,2223.12,54.31,mitjana,Client fidel de Anestesia. Cicle habitual: 53 dies (±36). Porta 89 dies sense comprar (35 dies de retard). Share of wallet últims 12m: 29%. Possible retard de reposició.,2025-12-30,,,0.1298114591888456,delegat,1848
1000082496,Bioseguridad,Commodities,finestra_captura,promiscu,26,479.0,0.0,0.963,1667.34,62.17,alta,Client promiscu de Bioseguridad. Cicle habitual: 479 dies. La seva finestra de compra és ARA (retard: 0 dies). Share of wallet actual: 96%. Oportunitat de capturar 62€ de quota de mercat.,2025-12-30,,,0.12932010571299266,televenda,1849
40294,Anestesia,Commodities,reposicio_pendent,fidel,116,60.0,56.0,0.188,3410.04,53.38,mitjana,Client fidel de Anestesia. Cicle habitual: 60 dies (±35). Porta 116 dies sense comprar (56 dies de retard). Share of wallet últims 12m: 19%. Possible retard de reposició.,2025-12-30,,,0.1292629231140601,delegat,1850
41499,Anestesia,Commodities,reposicio_pendent,fidel,118,72.0,46.0,0.288,2223.12,53.38,mitjana,Client fidel de Anestesia. Cicle habitual: 72 dies (±41). Porta 118 dies sense comprar (46 dies de retard). Share of wallet últims 12m: 29%. Possible retard de reposició.,2025-12-30,,,0.1292629231140601,delegat,1851
1000082464,Biomateriales,Productes Tècnics,silenci_anomal_vigilar,actiu_esporadic,305,107.0,,,23119.82,1066.99,mitjana,Client actiu_esporadic de Biomaterials. Historial: 11 pedidos (1 últims 12m). Freqüència habitual: 107 ±79 dies. Porta 305 dies sense comprar (z=2.5). Anomalia moderada detectada.,2025-12-30,2.52,groga,0.12890321007845681,televenda,1852
1000100557,Biomateriales,Productes Tècnics,silenci_anomal_vigilar,actiu_esporadic,225,73.0,,,0.0,1001.5,mitjana,Client actiu_esporadic de Biomaterials. Historial: 4 pedidos (3 últims 12m). Freqüència habitual: 73 ±54 dies. Porta 225 dies sense comprar (z=2.8). Anomalia moderada detectada.,2025-12-30,2.83,groga,0.1277334748331695,televenda,1853
1000077509,Bioseguridad,Commodities,reposicio_pendent,fidel,91,52.0,39.0,0.364,1667.34,50.63,mitjana,Client fidel de Bioseguridad. Cicle habitual: 52 dies (±25). Porta 91 dies sense comprar (39 dies de retard). Share of wallet últims 12m: 36%. Possible retard de reposició.,2025-12-30,,,0.12758426528399927,delegat,1854
37755,Biomateriales,Productes Tècnics,silenci_anomal_vigilar,actiu_esporadic,270,158.0,,,5338.0,984.78,mitjana,Client actiu_esporadic de Biomaterials. Historial: 2 pedidos (1 últims 12m). Freqüència habitual: 158 dies. Porta 270 dies sense comprar (z=2.4). Anomalia moderada detectada.,2025-12-30,2.36,groga,0.12742258265635897,televenda,1855
6360,Biomateriales,Productes Tècnics,silenci_anomal_vigilar,actiu_esporadic,278,95.0,,,4625.22,960.14,mitjana,Client actiu_esporadic de Biomaterials. Historial: 17 pedidos (1 últims 12m). Freqüència habitual: 95 ±64 dies. Porta 278 dies sense comprar (z=2.9). Anomalia moderada detectada.,2025-12-30,2.88,groga,0.12695467881253086,televenda,1856
42591,Bioseguridad,Commodities,reposicio_pendent,fidel,120,68.0,52.0,0.538,1086.44,48.7,mitjana,Client fidel de Bioseguridad. Cicle habitual: 68 dies (±74). Porta 120 dies sense comprar (52 dies de retard). Share of wallet últims 12m: 54%. Possible retard de reposició.,2025-12-30,,,0.1263518681841753,delegat,1857
8131,Biomateriales,Productes Tècnics,silenci_anomal_vigilar,actiu_esporadic,197,146.0,,,18494.6,919.07,mitjana,Client actiu_esporadic de Biomaterials. Historial: 3 pedidos (2 últims 12m). Freqüència habitual: 146 ±23 dies. Porta 197 dies sense comprar (z=2.3). Anomalia moderada detectada.,2025-12-30,2.25,groga,0.12614744886814208,televenda,1858
1000074574,Biomateriales,Productes Tècnics,silenci_anomal_vigilar,actiu_esporadic,274,165.0,,,0.0,916.05,mitjana,Client actiu_esporadic de Biomaterials. Historial: 2 pedidos (1 últims 12m). Freqüència habitual: 165 dies. Porta 274 dies sense comprar (z=2.2). Anomalia moderada detectada.,2025-12-30,2.2,groga,0.12608667587364183,televenda,1859
43149,Biomateriales,Productes Tècnics,silenci_anomal_vigilar,actiu_esporadic,102,59.0,,,0.0,900.6,mitjana,Client actiu_esporadic de Biomaterials. Historial: 2 pedidos (2 últims 12m). Freqüència habitual: 59 dies. Porta 102 dies sense comprar (z=2.4). Anomalia moderada detectada.,2025-12-30,2.43,groga,0.12577260285258984,televenda,1860
1000059960,Biomateriales,Productes Tècnics,silenci_anomal_vigilar,actiu_esporadic,236,99.0,,,27741.9,899.84,mitjana,Client actiu_esporadic de Biomaterials. Historial: 17 pedidos (3 últims 12m). Freqüència habitual: 99 ±52 dies. Porta 236 dies sense comprar (z=2.7). Anomalia moderada detectada.,2025-12-30,2.67,groga,0.12575701473661016,televenda,1861
1000102003,Biomateriales,Productes Tècnics,silenci_anomal_vigilar,actiu_esporadic,126,74.0,,,0.0,852.14,mitjana,Client actiu_esporadic de Biomaterials. Historial: 2 pedidos (2 últims 12m). Freqüència habitual: 74 dies. Porta 126 dies sense comprar (z=2.3). Anomalia moderada detectada.,2025-12-30,2.34,groga,0.12475137675136294,televenda,1862
100,Biomateriales,Productes Tècnics,silenci_anomal_vigilar,actiu_esporadic,284,108.0,,,5338.0,839.87,mitjana,Client actiu_esporadic de Biomaterials. Historial: 4 pedidos (1 últims 12m). Freqüència habitual: 108 ±74 dies. Porta 284 dies sense comprar (z=2.4). Anomalia moderada detectada.,2025-12-30,2.4,groga,0.12448359744319606,televenda,1863
42806,Bioseguridad,Commodities,reposicio_pendent,fidel,118,53.0,64.0,0.314,1667.34,43.6,mitjana,Client fidel de Bioseguridad. Cicle habitual: 53 dies (±22). Porta 118 dies sense comprar (64 dies de retard). Share of wallet últims 12m: 31%. Possible retard de reposició.,2025-12-30,,,0.12284950382105228,delegat,1864
1000079406,Biomateriales,Productes Tècnics,silenci_anomal_vigilar,actiu_esporadic,194,71.0,,,6936.26,757.98,mitjana,Client actiu_esporadic de Biomaterials. Historial: 17 pedidos (3 últims 12m). Freqüència habitual: 71 ±52 dies. Porta 194 dies sense comprar (z=2.4). Anomalia moderada detectada.,2025-12-30,2.37,groga,0.12258963156948302,televenda,1865
27366,Biomateriales,Productes Tècnics,silenci_anomal_vigilar,actiu_esporadic,28,15.0,,,9247.3,721.83,mitjana,Client actiu_esporadic de Biomaterials. Historial: 2 pedidos (2 últims 12m). Freqüència habitual: 15 dies. Porta 28 dies sense comprar (z=2.9). Anomalia moderada detectada.,2025-12-30,2.89,groga,0.12168755627766455,televenda,1866
16304,Biomateriales,Productes Tècnics,silenci_anomal_vigilar,actiu_esporadic,237,84.0,,,2775.76,669.61,mitjana,Client actiu_esporadic de Biomaterials. Historial: 17 pedidos (3 últims 12m). Freqüència habitual: 84 ±61 dies. Porta 237 dies sense comprar (z=2.5). Anomalia moderada detectada.,2025-12-30,2.52,groga,0.12030146172757511,televenda,1867
1000101481,Biomateriales,Productes Tècnics,silenci_anomal_vigilar,actiu_esporadic,286,155.0,,,0.0,651.82,mitjana,Client actiu_esporadic de Biomaterials. Historial: 2 pedidos (1 últims 12m). Freqüència habitual: 155 dies. Porta 286 dies sense comprar (z=2.8). Anomalia moderada detectada.,2025-12-30,2.82,groga,0.11980447823863556,televenda,1868
21233,Anestesia,Commodities,reposicio_pendent,fidel,209,104.0,105.0,0.214,2223.12,39.58,mitjana,Client fidel de Anestesia. Cicle habitual: 104 dies (±101). Porta 209 dies sense comprar (105 dies de retard). Share of wallet últims 12m: 21%. Possible retard de reposició.,2025-12-30,,,0.11979394929484925,delegat,1869
37992,Anestesia,Commodities,reposicio_pendent,fidel,235,135.0,99.0,0.211,2223.12,39.09,mitjana,Client fidel de Anestesia. Cicle habitual: 135 dies (±45). Porta 235 dies sense comprar (99 dies de retard). Share of wallet últims 12m: 21%. Possible retard de reposició.,2025-12-30,,,0.11940097129300022,delegat,1870
39036,Bioseguridad,Commodities,reposicio_pendent,fidel,148,64.0,83.0,0.361,1086.44,32.67,mitjana,Client fidel de Bioseguridad. Cicle habitual: 64 dies (±49). Porta 148 dies sense comprar (83 dies de retard). Share of wallet últims 12m: 36%. Possible retard de reposició.,2025-12-30,,,0.11375558945555503,delegat,1871
1000082478,Anestesia,Commodities,en_risc,en_risc,362,,,0.126,3410.04,215.01,alta,Client en risc de Anestesia. Porta 362 dies sense comprar.,2025-12-30,,,0.11178101720431101,delegat,1872
1000077993,Anestesia,Commodities,finestra_captura,promiscu,299,358.0,0.0,0.983,1802.36,30.65,alta,Client promiscu de Anestesia. Cicle habitual: 358 dies. La seva finestra de compra és ARA (retard: 0 dies). Share of wallet actual: 98%. Oportunitat de capturar 31€ de quota de mercat.,2025-12-30,,,0.10776301872935422,televenda,1873
1000082381,Anestesia,Commodities,en_risc,en_risc,351,,,0.082,2223.12,91.61,alta,Client en risc de Anestesia. Porta 351 dies sense comprar.,2025-12-30,,,0.0941689786493424,delegat,1874
42507,Anestesia,Commodities,en_risc,en_risc,344,,,0.018,7956.76,71.97,alta,Client en risc de Anestesia. Porta 344 dies sense comprar.,2025-12-30,,,0.08921246627199911,delegat,1875
1000078159,Anestesia,Commodities,reposicio_pendent,promiscu,222,209.0,13.0,0.341,9093.44,1797.88,baixa,Client promiscu de Anestesia. El cicle de reposició indica compra pendent (13 dies de retard). Oportunitat de capturar part de la compra.,2025-12-30,,,0.07792922055955916,televenda,1876
21230,Anestesia,Commodities,reposicio_pendent,promiscu,179,9.0,170.0,0.247,6820.08,1541.08,baixa,Client promiscu de Anestesia. El cicle de reposició indica compra pendent (170 dies de retard). Oportunitat de capturar part de la compra.,2025-12-30,,,0.07632765552279641,televenda,1877
1000065702,Anestesia,Commodities,reposicio_pendent,promiscu,302,234.0,68.0,0.187,5683.4,1386.52,baixa,Client promiscu de Anestesia. El cicle de reposició indica compra pendent (68 dies de retard). Oportunitat de capturar part de la compra.,2025-12-30,,,0.0752295209542033,televenda,1878
36095,Anestesia,Commodities,reposicio_pendent,promiscu,158,23.0,134.0,0.198,5683.4,1367.63,baixa,Client promiscu de Anestesia. El cicle de reposició indica compra pendent (134 dies de retard). Oportunitat de capturar part de la compra.,2025-12-30,,,0.07508699325897492,televenda,1879
31073,Anestesia,Commodities,reposicio_pendent,promiscu,147,120.0,26.0,0.35,6820.08,1329.01,baixa,Client promiscu de Anestesia. El cicle de reposició indica compra pendent (26 dies de retard). Oportunitat de capturar part de la compra.,2025-12-30,,,0.07478937448669094,televenda,1880
13020,Anestesia,Commodities,reposicio_pendent,promiscu,328,231.0,97.0,0.227,5683.4,1318.0,baixa,Client promiscu de Anestesia. El cicle de reposició indica compra pendent (97 dies de retard). Oportunitat de capturar part de la compra.,2025-12-30,,,0.07470294347910682,televenda,1881
21826,Anestesia,Commodities,reposicio_pendent,promiscu,202,126.0,76.0,0.234,5683.4,1306.38,baixa,Client promiscu de Anestesia. El cicle de reposició indica compra pendent (76 dies de retard). Oportunitat de capturar part de la compra.,2025-12-30,,,0.07461093777502252,televenda,1882
21190,Anestesia,Commodities,reposicio_pendent,promiscu,267,140.0,127.0,0.234,5683.4,1306.38,baixa,Client promiscu de Anestesia. El cicle de reposició indica compra pendent (127 dies de retard). Oportunitat de capturar part de la compra.,2025-12-30,,,0.07461093777502252,televenda,1883
1000101074,Anestesia,Commodities,reposicio_pendent,promiscu,239,214.0,25.0,0.09,4546.72,1240.61,baixa,Client promiscu de Anestesia. El cicle de reposició indica compra pendent (25 dies de retard). Oportunitat de capturar part de la compra.,2025-12-30,,,0.07407425275807936,televenda,1884
1000069082,Anestesia,Commodities,reposicio_pendent,promiscu,168,136.0,31.0,0.097,4546.72,1232.08,baixa,Client promiscu de Anestesia. El cicle de reposició indica compra pendent (31 dies de retard). Oportunitat de capturar part de la compra.,2025-12-30,,,0.0740025735329793,televenda,1885
1000101883,Anestesia,Commodities,reposicio_pendent,promiscu,118,92.0,26.0,0.097,4546.72,1231.14,baixa,Client promiscu de Anestesia. El cicle de reposició indica compra pendent (26 dies de retard). Oportunitat de capturar part de la compra.,2025-12-30,,,0.07399464422025911,televenda,1886
8849,Anestesia,Commodities,reposicio_pendent,promiscu,152,109.0,43.0,0.1,4546.72,1228.14,baixa,Client promiscu de Anestesia. El cicle de reposició indica compra pendent (43 dies de retard). Oportunitat de capturar part de la compra.,2025-12-30,,,0.07396929738156566,televenda,1887
11935,Anestesia,Commodities,reposicio_pendent,promiscu,228,171.0,56.0,0.102,4546.72,1224.51,baixa,Client promiscu de Anestesia. El cicle de reposició indica compra pendent (56 dies de retard). Oportunitat de capturar part de la compra.,2025-12-30,,,0.07393854486088691,televenda,1888
12329,Anestesia,Commodities,reposicio_pendent,promiscu,270,250.0,20.0,0.179,4546.72,1120.35,baixa,Client promiscu de Anestesia. El cicle de reposició indica compra pendent (20 dies de retard). Oportunitat de capturar part de la compra.,2025-12-30,,,0.07301499032147109,televenda,1889
42500,Anestesia,Commodities,reposicio_pendent,promiscu,258,111.0,146.0,0.196,4546.72,1096.02,baixa,Client promiscu de Anestesia. El cicle de reposició indica compra pendent (146 dies de retard). Oportunitat de capturar part de la compra.,2025-12-30,,,0.07278690943433436,televenda,1890
33274,Anestesia,Commodities,reposicio_pendent,promiscu,270,218.0,52.0,0.367,5683.4,1080.12,baixa,Client promiscu de Anestesia. El cicle de reposició indica compra pendent (52 dies de retard). Oportunitat de capturar part de la compra.,2025-12-30,,,0.0726351057186364,televenda,1891
1000082321,Anestesia,Commodities,reposicio_pendent,promiscu,193,118.0,75.0,0.218,4546.72,1066.21,baixa,Client promiscu de Anestesia. El cicle de reposició indica compra pendent (75 dies de retard). Oportunitat de capturar part de la compra.,2025-12-30,,,0.0725004590664038,televenda,1892
1000080660,Anestesia,Commodities,reposicio_pendent,promiscu,223,170.0,52.0,0.234,4546.72,1045.11,baixa,Client promiscu de Anestesia. El cicle de reposició indica compra pendent (52 dies de retard). Oportunitat de capturar part de la compra.,2025-12-30,,,0.07229282673630669,televenda,1893
1000100917,Anestesia,Commodities,reposicio_pendent,promiscu,201,166.0,35.0,0.244,4546.72,1031.82,baixa,Client promiscu de Anestesia. El cicle de reposició indica compra pendent (35 dies de retard). Oportunitat de capturar part de la compra.,2025-12-30,,,0.0721598871311172,televenda,1894
1000100128,Anestesia,Commodities,reposicio_pendent,promiscu,264,250.0,13.0,0.245,4546.72,1030.47,baixa,Client promiscu de Anestesia. El cicle de reposició indica compra pendent (13 dies de retard). Oportunitat de capturar part de la compra.,2025-12-30,,,0.07214628752044606,televenda,1895
27701,Anestesia,Commodities,reposicio_pendent,promiscu,230,145.0,84.0,0.279,4546.72,983.05,baixa,Client promiscu de Anestesia. El cicle de reposició indica compra pendent (84 dies de retard). Oportunitat de capturar part de la compra.,2025-12-30,,,0.0716569393782512,televenda,1896
33575,Anestesia,Commodities,reposicio_pendent,promiscu,250,77.0,172.0,0.043,3410.04,978.72,baixa,Client promiscu de Anestesia. El cicle de reposició indica compra pendent (172 dies de retard). Oportunitat de capturar part de la compra.,2025-12-30,,,0.07161108705632098,televenda,1897
42549,Anestesia,Commodities,reposicio_pendent,promiscu,210,124.0,86.0,0.047,3410.04,974.97,baixa,Client promiscu de Anestesia. El cicle de reposició indica compra pendent (86 dies de retard). Oportunitat de capturar part de la compra.,2025-12-30,,,0.07157121256656071,televenda,1898
42292,Anestesia,Commodities,reposicio_pendent,promiscu,238,101.0,136.0,0.047,3410.04,974.97,baixa,Client promiscu de Anestesia. El cicle de reposició indica compra pendent (136 dies de retard). Oportunitat de capturar part de la compra.,2025-12-30,,,0.07157121256656071,televenda,1899
1000058647,Anestesia,Commodities,reposicio_pendent,promiscu,312,116.0,196.0,0.054,3410.04,968.05,baixa,Client promiscu de Anestesia. El cicle de reposició indica compra pendent (196 dies de retard). Oportunitat de capturar part de la compra.,2025-12-30,,,0.07149722696498241,televenda,1900
1000082578,Anestesia,Commodities,reposicio_pendent,promiscu,189,177.0,11.0,0.054,3410.04,968.04,baixa,Client promiscu de Anestesia. El cicle de reposició indica compra pendent (11 dies de retard). Oportunitat de capturar part de la compra.,2025-12-30,,,0.07149711966752934,televenda,1901
7881,Anestesia,Commodities,reposicio_pendent,promiscu,152,119.0,33.0,0.291,4546.72,966.94,baixa,Client promiscu de Anestesia. El cicle de reposició indica compra pendent (33 dies de retard). Oportunitat de capturar part de la compra.,2025-12-30,,,0.07148531018279085,televenda,1902
1000082694,Anestesia,Commodities,reposicio_pendent,promiscu,264,218.0,46.0,0.292,4546.72,965.38,baixa,Client promiscu de Anestesia. El cicle de reposició indica compra pendent (46 dies de retard). Oportunitat de capturar part de la compra.,2025-12-30,,,0.07146853915324011,televenda,1903
1000082192,Anestesia,Commodities,reposicio_pendent,promiscu,301,266.0,35.0,0.292,4546.72,965.38,baixa,Client promiscu de Anestesia. El cicle de reposició indica compra pendent (35 dies de retard). Oportunitat de capturar part de la compra.,2025-12-30,,,0.07146853915324011,televenda,1904
32928,Anestesia,Commodities,reposicio_pendent,promiscu,250,212.0,37.0,0.292,4546.72,965.38,baixa,Client promiscu de Anestesia. El cicle de reposició indica compra pendent (37 dies de retard). Oportunitat de capturar part de la compra.,2025-12-30,,,0.07146853915324011,televenda,1905
1000100564,Anestesia,Commodities,reposicio_pendent,promiscu,292,150.0,142.0,0.292,4546.72,965.38,baixa,Client promiscu de Anestesia. El cicle de reposició indica compra pendent (142 dies de retard). Oportunitat de capturar part de la compra.,2025-12-30,,,0.07146853915324011,televenda,1906
41079,Anestesia,Commodities,reposicio_pendent,promiscu,295,232.0,63.0,0.292,4546.72,965.38,baixa,Client promiscu de Anestesia. El cicle de reposició indica compra pendent (63 dies de retard). Oportunitat de capturar part de la compra.,2025-12-30,,,0.07146853915324011,televenda,1907
1000082721,Anestesia,Commodities,reposicio_pendent,promiscu,231,108.0,122.0,0.317,4546.72,931.41,baixa,Client promiscu de Anestesia. El cicle de reposició indica compra pendent (122 dies de retard). Oportunitat de capturar part de la compra.,2025-12-30,,,0.07109646602520396,televenda,1908
1000070817,Anestesia,Commodities,reposicio_pendent,promiscu,287,168.0,119.0,0.321,4546.72,925.51,baixa,Client promiscu de Anestesia. El cicle de reposició indica compra pendent (119 dies de retard). Oportunitat de capturar part de la compra.,2025-12-30,,,0.07103046417291103,televenda,1909
1005,Anestesia,Commodities,reposicio_pendent,promiscu,294,161.0,133.0,0.327,4546.72,917.55,baixa,Client promiscu de Anestesia. El cicle de reposició indica compra pendent (133 dies de retard). Oportunitat de capturar part de la compra.,2025-12-30,,,0.07094074843729439,televenda,1910
30200,Anestesia,Commodities,reposicio_pendent,promiscu,342,98.0,243.0,0.104,3410.04,916.27,baixa,Client promiscu de Anestesia. El cicle de reposició indica compra pendent (243 dies de retard). Oportunitat de capturar part de la compra.,2025-12-30,,,0.07092624926211505,televenda,1911
5347,Anestesia,Commodities,reposicio_pendent,promiscu,330,223.0,107.0,0.107,3410.04,913.08,baixa,Client promiscu de Anestesia. El cicle de reposició indica compra pendent (107 dies de retard). Oportunitat de capturar part de la compra.,2025-12-30,,,0.07089002636991398,televenda,1912
23196,Anestesia,Commodities,reposicio_pendent,promiscu,211,191.0,19.0,0.109,3410.04,911.42,baixa,Client promiscu de Anestesia. El cicle de reposició indica compra pendent (19 dies de retard). Oportunitat de capturar part de la compra.,2025-12-30,,,0.07087112680158117,televenda,1913
26116,Anestesia,Commodities,reposicio_pendent,promiscu,314,301.0,13.0,0.111,3410.04,909.59,baixa,Client promiscu de Anestesia. El cicle de reposició indica compra pendent (13 dies de retard). Oportunitat de capturar part de la compra.,2025-12-30,,,0.07085025184703246,televenda,1914
42630,Anestesia,Commodities,reposicio_pendent,promiscu,238,186.0,52.0,0.126,3410.04,894.56,baixa,Client promiscu de Anestesia. El cicle de reposició indica compra pendent (52 dies de retard). Oportunitat de capturar part de la compra.,2025-12-30,,,0.07067719908149708,televenda,1915
1000100366,Anestesia,Commodities,reposicio_pendent,promiscu,266,157.0,108.0,0.129,3410.04,891.07,baixa,Client promiscu de Anestesia. El cicle de reposició indica compra pendent (108 dies de retard). Oportunitat de capturar part de la compra.,2025-12-30,,,0.07063660042161123,televenda,1916
3709,Anestesia,Commodities,reposicio_pendent,promiscu,263,204.0,58.0,0.129,3410.04,891.07,baixa,Client promiscu de Anestesia. El cicle de reposició indica compra pendent (58 dies de retard). Oportunitat de capturar part de la compra.,2025-12-30,,,0.07063660042161123,televenda,1917
1000100992,Anestesia,Commodities,reposicio_pendent,promiscu,322,157.0,165.0,0.133,3410.04,886.83,baixa,Client promiscu de Anestesia. El cicle de reposició indica compra pendent (165 dies de retard). Oportunitat de capturar part de la compra.,2025-12-30,,,0.07058706288241905,televenda,1918
1000101839,Anestesia,Commodities,reposicio_pendent,promiscu,281,3.0,278.0,0.134,3410.04,886.18,baixa,Client promiscu de Anestesia. El cicle de reposició indica compra pendent (278 dies de retard). Oportunitat de capturar part de la compra.,2025-12-30,,,0.07057944777689444,televenda,1919
1000081932,Anestesia,Commodities,reposicio_pendent,promiscu,306,203.0,102.0,0.142,3410.04,878.05,baixa,Client promiscu de Anestesia. El cicle de reposició indica compra pendent (102 dies de retard). Oportunitat de capturar part de la compra.,2025-12-30,,,0.07048372622971241,televenda,1920
1000100637,Anestesia,Commodities,reposicio_pendent,promiscu,195,124.0,70.0,0.145,3410.04,874.58,baixa,Client promiscu de Anestesia. El cicle de reposició indica compra pendent (70 dies de retard). Oportunitat de capturar part de la compra.,2025-12-30,,,0.07044260104662818,televenda,1921
1000081354,Anestesia,Commodities,reposicio_pendent,promiscu,207,138.0,68.0,0.147,3410.04,872.61,baixa,Client promiscu de Anestesia. El cicle de reposició indica compra pendent (68 dies de retard). Oportunitat de capturar part de la compra.,2025-12-30,,,0.07041918072915468,televenda,1922
1000100925,Anestesia,Commodities,reposicio_pendent,promiscu,154,115.0,39.0,0.15,3410.04,870.06,baixa,Client promiscu de Anestesia. El cicle de reposició indica compra pendent (39 dies de retard). Oportunitat de capturar part de la compra.,2025-12-30,,,0.07038878654081625,televenda,1923
1000101979,Anestesia,Commodities,reposicio_pendent,promiscu,146,61.0,85.0,0.162,3410.04,857.63,baixa,Client promiscu de Anestesia. El cicle de reposició indica compra pendent (85 dies de retard). Oportunitat de capturar part de la compra.,2025-12-30,,,0.07023934419225034,televenda,1924
1000080064,Bioseguridad,Commodities,reposicio_pendent,promiscu,280,115.0,164.0,0.143,3334.68,857.29,baixa,Client promiscu de Bioseguridad. El cicle de reposició indica compra pendent (164 dies de retard). Oportunitat de capturar part de la compra.,2025-12-30,,,0.07023522613654583,televenda,1925
290,Anestesia,Commodities,reposicio_pendent,promiscu,214,163.0,51.0,0.163,3410.04,856.41,baixa,Client promiscu de Anestesia. El cicle de reposició indica compra pendent (51 dies de retard). Oportunitat de capturar part de la compra.,2025-12-30,,,0.07022456005958802,televenda,1926
38492,Anestesia,Commodities,reposicio_pendent,promiscu,330,138.0,191.0,0.168,3410.04,851.0,baixa,Client promiscu de Anestesia. El cicle de reposició indica compra pendent (191 dies de retard). Oportunitat de capturar part de la compra.,2025-12-30,,,0.07015874643209241,televenda,1927
1000100538,Anestesia,Commodities,reposicio_pendent,promiscu,320,222.0,98.0,0.168,3410.04,851.0,baixa,Client promiscu de Anestesia. El cicle de reposició indica compra pendent (98 dies de retard). Oportunitat de capturar part de la compra.,2025-12-30,,,0.07015874643209241,televenda,1928
1000101094,Anestesia,Commodities,reposicio_pendent,promiscu,322,126.0,196.0,0.168,3410.04,851.0,baixa,Client promiscu de Anestesia. El cicle de reposició indica compra pendent (196 dies de retard). Oportunitat de capturar part de la compra.,2025-12-30,,,0.07015874643209241,televenda,1929
30266,Anestesia,Commodities,finestra_captura,promiscu,180,212.0,0.0,0.996,2223.12,8.48,alta,Client promiscu de Anestesia. Cicle habitual: 212 dies. La seva finestra de compra és ARA (retard: 0 dies). Share of wallet actual: 100%. Oportunitat de capturar 8€ de quota de mercat.,2025-12-30,,,0.0701583973009802,televenda,1930
2218,Anestesia,Commodities,finestra_captura,promiscu,280,380.0,0.0,0.996,2223.12,8.48,alta,Client promiscu de Anestesia. Cicle habitual: 380 dies. La seva finestra de compra és ARA (retard: 0 dies). Share of wallet actual: 100%. Oportunitat de capturar 8€ de quota de mercat.,2025-12-30,,,0.0701583973009802,televenda,1931
1000082142,Anestesia,Commodities,finestra_captura,promiscu,194,295.0,0.0,0.996,2223.12,8.48,alta,Client promiscu de Anestesia. Cicle habitual: 295 dies. La seva finestra de compra és ARA (retard: 0 dies). Share of wallet actual: 100%. Oportunitat de capturar 8€ de quota de mercat.,2025-12-30,,,0.0701583973009802,televenda,1932
42751,Anestesia,Commodities,reposicio_pendent,promiscu,351,171.0,180.0,0.171,3410.04,848.43,baixa,Client promiscu de Anestesia. El cicle de reposició indica compra pendent (180 dies de retard). Oportunitat de capturar part de la compra.,2025-12-30,,,0.0701273353627594,televenda,1933
22137,Anestesia,Commodities,finestra_captura,promiscu,90,246.0,0.0,0.996,2223.12,8.47,alta,Client promiscu de Anestesia. Cicle habitual: 246 dies. La seva finestra de compra és ARA (retard: 0 dies). Share of wallet actual: 100%. Oportunitat de capturar 8€ de quota de mercat.,2025-12-30,,,0.07012547611784795,televenda,1934
9992,Anestesia,Commodities,reposicio_pendent,promiscu,334,239.0,94.0,0.378,4546.72,847.99,baixa,Client promiscu de Anestesia. El cicle de reposició indica compra pendent (94 dies de retard). Oportunitat de capturar part de la compra.,2025-12-30,,,0.07012194806543566,televenda,1935
1000100174,Anestesia,Commodities,reposicio_pendent,promiscu,273,190.0,83.0,0.173,3410.04,845.84,baixa,Client promiscu de Anestesia. El cicle de reposició indica compra pendent (83 dies de retard). Oportunitat de capturar part de la compra.,2025-12-30,,,0.07009558355370381,televenda,1936
1000100642,Anestesia,Commodities,reposicio_pendent,promiscu,210,182.0,28.0,0.173,3410.04,845.84,baixa,Client promiscu de Anestesia. El cicle de reposició indica compra pendent (28 dies de retard). Oportunitat de capturar part de la compra.,2025-12-30,,,0.07009558355370381,televenda,1937
1000077359,Anestesia,Commodities,reposicio_pendent,promiscu,323,157.0,165.0,0.177,3410.04,841.43,baixa,Client promiscu de Anestesia. El cicle de reposició indica compra pendent (165 dies de retard). Oportunitat de capturar part de la compra.,2025-12-30,,,0.07004129555142212,televenda,1938
42290,Anestesia,Commodities,reposicio_pendent,promiscu,315,85.0,229.0,0.389,4546.72,833.63,baixa,Client promiscu de Anestesia. El cicle de reposició indica compra pendent (229 dies de retard). Oportunitat de capturar part de la compra.,2025-12-30,,,0.06994457639776741,televenda,1939
1000080773,Anestesia,Commodities,reposicio_pendent,promiscu,293,166.0,127.0,0.193,3410.04,825.1,baixa,Client promiscu de Anestesia. El cicle de reposició indica compra pendent (127 dies de retard). Oportunitat de capturar part de la compra.,2025-12-30,,,0.06983776510456484,televenda,1940
11667,Anestesia,Commodities,reposicio_pendent,promiscu,319,249.0,70.0,0.196,3410.04,822.86,baixa,Client promiscu de Anestesia. El cicle de reposició indica compra pendent (70 dies de retard). Oportunitat de capturar part de la compra.,2025-12-30,,,0.06980953332701827,televenda,1941
34933,Anestesia,Commodities,reposicio_pendent,promiscu,211,112.0,99.0,0.208,3410.04,810.4,baixa,Client promiscu de Anestesia. El cicle de reposició indica compra pendent (99 dies de retard). Oportunitat de capturar part de la compra.,2025-12-30,,,0.06965107940705878,televenda,1942
1000081991,Anestesia,Commodities,reposicio_pendent,promiscu,225,154.0,70.0,0.208,3410.04,810.4,baixa,Client promiscu de Anestesia. El cicle de reposició indica compra pendent (70 dies de retard). Oportunitat de capturar part de la compra.,2025-12-30,,,0.06965107940705878,televenda,1943
1000062151,Anestesia,Commodities,reposicio_pendent,promiscu,277,234.0,42.0,0.208,3410.04,810.4,baixa,Client promiscu de Anestesia. El cicle de reposició indica compra pendent (42 dies de retard). Oportunitat de capturar part de la compra.,2025-12-30,,,0.06965107940705878,televenda,1944
1000082293,Anestesia,Commodities,reposicio_pendent,promiscu,236,222.0,14.0,0.208,3410.04,810.4,baixa,Client promiscu de Anestesia. El cicle de reposició indica compra pendent (14 dies de retard). Oportunitat de capturar part de la compra.,2025-12-30,,,0.06965107940705878,televenda,1945
1000072361,Anestesia,Commodities,reposicio_pendent,promiscu,237,220.0,16.0,0.208,3410.04,810.4,baixa,Client promiscu de Anestesia. El cicle de reposició indica compra pendent (16 dies de retard). Oportunitat de capturar part de la compra.,2025-12-30,,,0.06965107940705878,televenda,1946
1000055638,Anestesia,Commodities,reposicio_pendent,promiscu,208,123.0,85.0,0.409,4546.72,805.93,baixa,Client promiscu de Anestesia. El cicle de reposició indica compra pendent (85 dies de retard). Oportunitat de capturar part de la compra.,2025-12-30,,,0.06959364066811402,televenda,1947
1000102057,Anestesia,Commodities,reposicio_pendent,promiscu,158,2.0,156.0,0.415,4546.72,798.53,baixa,Client promiscu de Anestesia. El cicle de reposició indica compra pendent (156 dies de retard). Oportunitat de capturar part de la compra.,2025-12-30,,,0.06949784889126319,televenda,1948
1000101632,Anestesia,Commodities,reposicio_pendent,promiscu,208,153.0,55.0,0.22,3410.04,797.86,baixa,Client promiscu de Anestesia. El cicle de reposició indica compra pendent (55 dies de retard). Oportunitat de capturar part de la compra.,2025-12-30,,,0.0694891321244474,televenda,1949
1000054867,Anestesia,Commodities,reposicio_pendent,promiscu,326,119.0,207.0,0.22,3410.04,797.46,baixa,Client promiscu de Anestesia. El cicle de reposició indica compra pendent (207 dies de retard). Oportunitat de capturar part de la compra.,2025-12-30,,,0.06948392459871275,televenda,1950
27529,Anestesia,Commodities,reposicio_pendent,promiscu,264,229.0,35.0,0.416,4546.72,797.06,baixa,Client promiscu de Anestesia. El cicle de reposició indica compra pendent (35 dies de retard). Oportunitat de capturar part de la compra.,2025-12-30,,,0.06947871446353956,televenda,1951
1000081386,Anestesia,Commodities,reposicio_pendent,promiscu,216,184.0,32.0,0.225,3410.04,793.32,baixa,Client promiscu de Anestesia. El cicle de reposició indica compra pendent (32 dies de retard). Oportunitat de capturar part de la compra.,2025-12-30,,,0.069429872958249,televenda,1952
7931,Anestesia,Commodities,reposicio_pendent,promiscu,167,137.0,29.0,0.225,3410.04,793.32,baixa,Client promiscu de Anestesia. El cicle de reposició indica compra pendent (29 dies de retard). Oportunitat de capturar part de la compra.,2025-12-30,,,0.069429872958249,televenda,1953
1000078140,Anestesia,Commodities,reposicio_pendent,promiscu,334,146.0,188.0,0.237,3410.04,780.97,baixa,Client promiscu de Anestesia. El cicle de reposició indica compra pendent (188 dies de retard). Oportunitat de capturar part de la compra.,2025-12-30,,,0.06926694220034472,televenda,1954
12520,Anestesia,Commodities,reposicio_pendent,promiscu,246,165.0,80.0,0.242,3410.04,775.62,baixa,Client promiscu de Anestesia. El cicle de reposició indica compra pendent (80 dies de retard). Oportunitat de capturar part de la compra.,2025-12-30,,,0.06919556048892768,televenda,1955
1000078121,Anestesia,Commodities,reposicio_pendent,promiscu,218,192.0,26.0,0.242,3410.04,775.62,baixa,Client promiscu de Anestesia. El cicle de reposició indica compra pendent (26 dies de retard). Oportunitat de capturar part de la compra.,2025-12-30,,,0.06919556048892768,televenda,1956
1000101119,Bioseguridad,Commodities,reposicio_pendent,promiscu,341,141.0,200.0,0.238,3334.68,761.89,baixa,Client promiscu de Bioseguridad. El cicle de reposició indica compra pendent (200 dies de retard). Oportunitat de capturar part de la compra.,2025-12-30,,,0.0690100950927199,televenda,1957
1000101911,Anestesia,Commodities,reposicio_pendent,promiscu,194,64.0,130.0,0.446,4546.72,756.16,baixa,Client promiscu de Anestesia. El cicle de reposició indica compra pendent (130 dies de retard). Oportunitat de capturar part de la compra.,2025-12-30,,,0.0689317048229022,televenda,1958
1000077299,Anestesia,Commodities,reposicio_pendent,promiscu,320,287.0,32.0,0.264,3410.04,753.13,baixa,Client promiscu de Anestesia. El cicle de reposició indica compra pendent (32 dies de retard). Oportunitat de capturar part de la compra.,2025-12-30,,,0.06889001224435473,televenda,1959
1000079027,Anestesia,Commodities,reposicio_pendent,promiscu,211,82.0,128.0,0.277,3410.04,739.54,baixa,Client promiscu de Anestesia. El cicle de reposició indica compra pendent (128 dies de retard). Oportunitat de capturar part de la compra.,2025-12-30,,,0.06870093056058103,televenda,1960
1000101220,Anestesia,Commodities,reposicio_pendent,promiscu,292,190.0,102.0,0.294,3410.04,722.66,baixa,Client promiscu de Anestesia. El cicle de reposició indica compra pendent (102 dies de retard). Oportunitat de capturar part de la compra.,2025-12-30,,,0.0684611827582399,televenda,1961
3049,Anestesia,Commodities,reposicio_pendent,promiscu,188,159.0,28.0,0.471,4546.72,721.33,baixa,Client promiscu de Anestesia. El cicle de reposició indica compra pendent (28 dies de retard). Oportunitat de capturar part de la compra.,2025-12-30,,,0.06844205562743816,televenda,1962
1000064338,Anestesia,Commodities,reposicio_pendent,promiscu,320,122.0,197.0,0.303,3410.04,713.39,baixa,Client promiscu de Anestesia. El cicle de reposició indica compra pendent (197 dies de retard). Oportunitat de capturar part de la compra.,2025-12-30,,,0.06832713019664714,televenda,1963
1000082742,Bioseguridad,Commodities,reposicio_pendent,promiscu,351,118.0,233.0,0.289,3334.68,711.47,baixa,Client promiscu de Bioseguridad. El cicle de reposició indica compra pendent (233 dies de retard). Oportunitat de capturar part de la compra.,2025-12-30,,,0.06829914789193978,televenda,1964
42757,Anestesia,Commodities,reposicio_pendent,promiscu,315,265.0,50.0,0.308,3410.04,708.08,baixa,Client promiscu de Anestesia. El cicle de reposició indica compra pendent (50 dies de retard). Oportunitat de capturar part de la compra.,2025-12-30,,,0.0682495570209954,televenda,1965
42821,Anestesia,Commodities,reposicio_pendent,promiscu,246,202.0,44.0,0.312,3410.04,704.11,baixa,Client promiscu de Anestesia. El cicle de reposició indica compra pendent (44 dies de retard). Oportunitat de capturar part de la compra.,2025-12-30,,,0.06819117928615484,televenda,1966
1000080969,Anestesia,Commodities,reposicio_pendent,promiscu,307,188.0,118.0,0.315,3410.04,700.5,baixa,Client promiscu de Anestesia. El cicle de reposició indica compra pendent (118 dies de retard). Oportunitat de capturar part de la compra.,2025-12-30,,,0.06813780921169385,televenda,1967
1000080011,Anestesia,Commodities,reposicio_pendent,promiscu,202,174.0,27.0,0.325,3410.04,690.82,baixa,Client promiscu de Anestesia. El cicle de reposició indica compra pendent (27 dies de retard). Oportunitat de capturar part de la compra.,2025-12-30,,,0.06799333350495643,televenda,1968
1000057197,Anestesia,Commodities,reposicio_pendent,promiscu,284,217.0,67.0,0.325,3410.04,690.82,baixa,Client promiscu de Anestesia. El cicle de reposició indica compra pendent (67 dies de retard). Oportunitat de capturar part de la compra.,2025-12-30,,,0.06799333350495643,televenda,1969
33706,Anestesia,Commodities,reposicio_pendent,promiscu,244,214.0,30.0,0.331,3410.04,683.94,baixa,Client promiscu de Anestesia. El cicle de reposició indica compra pendent (30 dies de retard). Oportunitat de capturar part de la compra.,2025-12-30,,,0.06788941397643877,televenda,1970
13020,Bioseguridad,Commodities,reposicio_pendent,promiscu,328,163.0,165.0,0.189,2778.9,675.7,baixa,Client promiscu de Bioseguridad. El cicle de reposició indica compra pendent (165 dies de retard). Oportunitat de capturar part de la compra.,2025-12-30,,,0.06776356967155872,televenda,1971
23982,Anestesia,Commodities,reposicio_pendent,promiscu,245,225.0,20.0,0.526,4546.72,647.06,baixa,Client promiscu de Anestesia. El cicle de reposició indica compra pendent (20 dies de retard). Oportunitat de capturar part de la compra.,2025-12-30,,,0.06731392770851763,televenda,1972
1000082761,Anestesia,Commodities,reposicio_pendent,promiscu,223,178.0,45.0,0.372,3410.04,642.74,baixa,Client promiscu de Anestesia. El cicle de reposició indica compra pendent (45 dies de retard). Oportunitat de capturar part de la compra.,2025-12-30,,,0.06724438470566493,televenda,1973
13739,Anestesia,Commodities,reposicio_pendent,promiscu,313,180.0,133.0,0.04,2223.12,640.25,baixa,Client promiscu de Anestesia. El cicle de reposició indica compra pendent (133 dies de retard). Oportunitat de capturar part de la compra.,2025-12-30,,,0.06720408856103108,televenda,1974
10401,Anestesia,Commodities,reposicio_pendent,promiscu,217,203.0,14.0,0.041,2223.12,639.45,baixa,Client promiscu de Anestesia. El cicle de reposició indica compra pendent (14 dies de retard). Oportunitat de capturar part de la compra.,2025-12-30,,,0.06719110879054993,televenda,1975
1000078795,Anestesia,Commodities,reposicio_pendent,promiscu,221,215.0,5.0,0.041,2223.12,639.45,baixa,Client promiscu de Anestesia. El cicle de reposició indica compra pendent (5 dies de retard). Oportunitat de capturar part de la compra.,2025-12-30,,,0.06719110879054993,televenda,1976
8851,Anestesia,Commodities,reposicio_pendent,promiscu,291,139.0,151.0,0.377,3410.04,637.36,baixa,Client promiscu de Anestesia. El cicle de reposició indica compra pendent (151 dies de retard). Oportunitat de capturar part de la compra.,2025-12-30,,,0.06715712248144474,televenda,1977
1000072718,Anestesia,Commodities,reposicio_pendent,promiscu,307,283.0,24.0,0.378,3410.04,635.99,baixa,Client promiscu de Anestesia. El cicle de reposició indica compra pendent (24 dies de retard). Oportunitat de capturar part de la compra.,2025-12-30,,,0.06713478394574074,televenda,1978
1000100169,Anestesia,Commodities,reposicio_pendent,promiscu,327,235.0,91.0,0.378,3410.04,635.99,baixa,Client promiscu de Anestesia. El cicle de reposició indica compra pendent (91 dies de retard). Oportunitat de capturar part de la compra.,2025-12-30,,,0.06713478394574074,televenda,1979
1000081389,Anestesia,Commodities,reposicio_pendent,promiscu,350,289.0,60.0,0.378,3410.04,635.99,baixa,Client promiscu de Anestesia. El cicle de reposició indica compra pendent (60 dies de retard). Oportunitat de capturar part de la compra.,2025-12-30,,,0.06713478394574074,televenda,1980
29943,Anestesia,Commodities,reposicio_pendent,promiscu,306,142.0,164.0,0.388,3410.04,625.62,baixa,Client promiscu de Anestesia. El cicle de reposició indica compra pendent (164 dies de retard). Oportunitat de capturar part de la compra.,2025-12-30,,,0.06696412116950991,televenda,1981
12295,Anestesia,Commodities,reposicio_pendent,promiscu,273,216.0,56.0,0.39,3410.04,624.38,baixa,Client promiscu de Anestesia. El cicle de reposició indica compra pendent (56 dies de retard). Oportunitat de capturar part de la compra.,2025-12-30,,,0.06694352526582578,televenda,1982
1000101624,Anestesia,Commodities,reposicio_pendent,promiscu,180,98.0,81.0,0.39,3410.04,624.38,baixa,Client promiscu de Anestesia. El cicle de reposició indica compra pendent (81 dies de retard). Oportunitat de capturar part de la compra.,2025-12-30,,,0.06694352526582578,televenda,1983
1000101578,Anestesia,Commodities,reposicio_pendent,promiscu,237,156.0,81.0,0.39,3410.04,624.38,baixa,Client promiscu de Anestesia. El cicle de reposició indica compra pendent (81 dies de retard). Oportunitat de capturar part de la compra.,2025-12-30,,,0.06694352526582578,televenda,1984
1000080966,Anestesia,Commodities,reposicio_pendent,promiscu,228,211.0,17.0,0.39,3410.04,624.38,baixa,Client promiscu de Anestesia. El cicle de reposició indica compra pendent (17 dies de retard). Oportunitat de capturar part de la compra.,2025-12-30,,,0.06694352526582578,televenda,1985
1000082087,Anestesia,Commodities,reposicio_pendent,promiscu,250,182.0,67.0,0.39,3410.04,624.38,baixa,Client promiscu de Anestesia. El cicle de reposició indica compra pendent (67 dies de retard). Oportunitat de capturar part de la compra.,2025-12-30,,,0.06694352526582578,televenda,1986
42170,Anestesia,Commodities,reposicio_pendent,promiscu,330,188.0,141.0,0.07,2223.12,619.96,baixa,Client promiscu de Anestesia. El cicle de reposició indica compra pendent (141 dies de retard). Oportunitat de capturar part de la compra.,2025-12-30,,,0.06686977715316299,televenda,1987
1000101859,Anestesia,Commodities,reposicio_pendent,promiscu,98,60.0,38.0,0.399,3410.04,615.07,baixa,Client promiscu de Anestesia. El cicle de reposició indica compra pendent (38 dies de retard). Oportunitat de capturar part de la compra.,2025-12-30,,,0.06678757290851467,televenda,1988
1000100424,Anestesia,Commodities,reposicio_pendent,promiscu,207,139.0,67.0,0.08,2223.12,613.79,baixa,Client promiscu de Anestesia. El cicle de reposició indica compra pendent (67 dies de retard). Oportunitat de capturar part de la compra.,2025-12-30,,,0.06676594747502942,televenda,1989
32090,Anestesia,Commodities,reposicio_pendent,promiscu,347,84.0,263.0,0.08,2223.12,613.56,baixa,Client promiscu de Anestesia. El cicle de reposició indica compra pendent (263 dies de retard). Oportunitat de capturar part de la compra.,2025-12-30,,,0.06676205688338786,televenda,1990
1000078083,Anestesia,Commodities,reposicio_pendent,promiscu,347,210.0,137.0,0.082,2223.12,611.97,baixa,Client promiscu de Anestesia. El cicle de reposició indica compra pendent (137 dies de retard). Oportunitat de capturar part de la compra.,2025-12-30,,,0.06673512116230479,televenda,1991
1000059423,Anestesia,Commodities,reposicio_pendent,promiscu,181,62.0,119.0,0.094,2223.12,603.98,baixa,Client promiscu de Anestesia. El cicle de reposició indica compra pendent (119 dies de retard). Oportunitat de capturar part de la compra.,2025-12-30,,,0.06659869837964605,televenda,1992
42160,Anestesia,Commodities,reposicio_pendent,promiscu,117,60.0,57.0,0.094,2223.12,603.98,baixa,Client promiscu de Anestesia. El cicle de reposició indica compra pendent (57 dies de retard). Oportunitat de capturar part de la compra.,2025-12-30,,,0.06659869837964605,televenda,1993
1000079675,Anestesia,Commodities,reposicio_pendent,promiscu,313,302.0,10.0,0.41,3410.04,603.75,baixa,Client promiscu de Anestesia. El cicle de reposició indica compra pendent (10 dies de retard). Oportunitat de capturar part de la compra.,2025-12-30,,,0.06659474468846174,televenda,1994
1000102237,Anestesia,Commodities,reposicio_pendent,promiscu,40,13.0,27.0,0.558,4546.72,602.8,baixa,Client promiscu de Anestesia. El cicle de reposició indica compra pendent (27 dies de retard). Oportunitat de capturar part de la compra.,2025-12-30,,,0.06657839827702121,televenda,1995
1000101453,Anestesia,Commodities,reposicio_pendent,promiscu,251,202.0,49.0,0.411,3410.04,602.2,baixa,Client promiscu de Anestesia. El cicle de reposició indica compra pendent (49 dies de retard). Oportunitat de capturar part de la compra.,2025-12-30,,,0.06656806097107533,televenda,1996
1000073092,Anestesia,Commodities,reposicio_pendent,promiscu,266,157.0,109.0,0.416,3410.04,597.8,baixa,Client promiscu de Anestesia. El cicle de reposició indica compra pendent (109 dies de retard). Oportunitat de capturar part de la compra.,2025-12-30,,,0.06649193839050163,televenda,1997
1000057515,Anestesia,Commodities,reposicio_pendent,promiscu,336,242.0,94.0,0.416,3410.04,597.29,baixa,Client promiscu de Anestesia. El cicle de reposició indica compra pendent (94 dies de retard). Oportunitat de capturar part de la compra.,2025-12-30,,,0.0664830789406664,televenda,1998
1000100985,Anestesia,Commodities,reposicio_pendent,promiscu,315,270.0,45.0,0.416,3410.04,597.29,baixa,Client promiscu de Anestesia. El cicle de reposició indica compra pendent (45 dies de retard). Oportunitat de capturar part de la compra.,2025-12-30,,,0.0664830789406664,televenda,1999
1000082279,Anestesia,Commodities,reposicio_pendent,promiscu,231,182.0,49.0,0.108,2223.12,595.15,baixa,Client promiscu de Anestesia. El cicle de reposició indica compra pendent (49 dies de retard). Oportunitat de capturar part de la compra.,2025-12-30,,,0.06644582147987235,televenda,2000
1000082277,Anestesia,Commodities,reposicio_pendent,promiscu,280,141.0,139.0,0.419,3410.04,594.07,baixa,Client promiscu de Anestesia. El cicle de reposició indica compra pendent (139 dies de retard). Oportunitat de capturar part de la compra.,2025-12-30,,,0.06642696783805833,televenda,2001
1000082234,Anestesia,Commodities,reposicio_pendent,promiscu,182,174.0,7.0,0.422,3410.04,591.16,baixa,Client promiscu de Anestesia. El cicle de reposició indica compra pendent (7 dies de retard). Oportunitat de capturar part de la compra.,2025-12-30,,,0.06637599693238419,televenda,2002
2074,Anestesia,Commodities,reposicio_pendent,promiscu,207,83.0,123.0,0.423,3410.04,590.41,baixa,Client promiscu de Anestesia. El cicle de reposició indica compra pendent (123 dies de retard). Oportunitat de capturar part de la compra.,2025-12-30,,,0.06636281950211075,televenda,2003
42809,Anestesia,Commodities,reposicio_pendent,promiscu,280,33.0,246.0,0.127,2223.12,582.56,baixa,Client promiscu de Anestesia. El cicle de reposició indica compra pendent (246 dies de retard). Oportunitat de capturar part de la compra.,2025-12-30,,,0.0662238841729214,televenda,2004
1000080795,Anestesia,Commodities,reposicio_pendent,promiscu,305,125.0,179.0,0.133,2223.12,578.49,baixa,Client promiscu de Anestesia. El cicle de reposició indica compra pendent (179 dies de retard). Oportunitat de capturar part de la compra.,2025-12-30,,,0.06615111270251253,televenda,2005
42389,Anestesia,Commodities,reposicio_pendent,promiscu,223,142.0,81.0,0.139,2223.12,574.27,baixa,Client promiscu de Anestesia. El cicle de reposició indica compra pendent (81 dies de retard). Oportunitat de capturar part de la compra.,2025-12-30,,,0.06607511752979724,televenda,2006
1460,Anestesia,Commodities,reposicio_pendent,promiscu,328,193.0,134.0,0.16,2223.12,560.19,baixa,Client promiscu de Anestesia. El cicle de reposició indica compra pendent (134 dies de retard). Oportunitat de capturar part de la compra.,2025-12-30,,,0.06581746519841626,televenda,2007
22280,Anestesia,Commodities,reposicio_pendent,promiscu,355,228.0,127.0,0.16,2223.12,560.19,baixa,Client promiscu de Anestesia. El cicle de reposició indica compra pendent (127 dies de retard). Oportunitat de capturar part de la compra.,2025-12-30,,,0.06581746519841626,televenda,2008
1818,Anestesia,Commodities,reposicio_pendent,promiscu,319,106.0,213.0,0.162,2223.12,558.6,baixa,Client promiscu de Anestesia. El cicle de reposició indica compra pendent (213 dies de retard). Oportunitat de capturar part de la compra.,2025-12-30,,,0.06578796421304799,televenda,2009
17196,Anestesia,Commodities,reposicio_pendent,promiscu,280,244.0,36.0,0.165,2223.12,556.99,baixa,Client promiscu de Anestesia. El cicle de reposició indica compra pendent (36 dies de retard). Oportunitat de capturar part de la compra.,2025-12-30,,,0.0657580066126648,televenda,2010
1000100937,Anestesia,Commodities,reposicio_pendent,promiscu,284,151.0,133.0,0.165,2223.12,556.99,baixa,Client promiscu de Anestesia. El cicle de reposició indica compra pendent (133 dies de retard). Oportunitat de capturar part de la compra.,2025-12-30,,,0.0657580066126648,televenda,2011
1000100650,Anestesia,Commodities,reposicio_pendent,promiscu,301,137.0,164.0,0.165,2223.12,556.99,baixa,Client promiscu de Anestesia. El cicle de reposició indica compra pendent (164 dies de retard). Oportunitat de capturar part de la compra.,2025-12-30,,,0.0657580066126648,televenda,2012
42813,Anestesia,Commodities,reposicio_pendent,promiscu,323,237.0,86.0,0.169,2223.12,554.24,baixa,Client promiscu de Anestesia. El cicle de reposició indica compra pendent (86 dies de retard). Oportunitat de capturar part de la compra.,2025-12-30,,,0.06570663632121647,televenda,2013
20265,Anestesia,Commodities,reposicio_pendent,promiscu,347,338.0,9.0,0.17,2223.12,553.52,baixa,Client promiscu de Anestesia. El cicle de reposició indica compra pendent (9 dies de retard). Oportunitat de capturar part de la compra.,2025-12-30,,,0.06569314461598334,televenda,2014
1000064358,Anestesia,Commodities,reposicio_pendent,promiscu,236,196.0,39.0,0.17,2223.12,553.52,baixa,Client promiscu de Anestesia. El cicle de reposició indica compra pendent (39 dies de retard). Oportunitat de capturar part de la compra.,2025-12-30,,,0.06569314461598334,televenda,2015
2376,Anestesia,Commodities,reposicio_pendent,promiscu,274,249.0,25.0,0.174,2223.12,550.86,baixa,Client promiscu de Anestesia. El cicle de reposició indica compra pendent (25 dies de retard). Oportunitat de capturar part de la compra.,2025-12-30,,,0.06564314789630474,televenda,2016
27907,Anestesia,Commodities,reposicio_pendent,promiscu,284,215.0,68.0,0.175,2223.12,550.12,baixa,Client promiscu de Anestesia. El cicle de reposició indica compra pendent (68 dies de retard). Oportunitat de capturar part de la compra.,2025-12-30,,,0.06562919618435234,televenda,2017
1000069705,Bioseguridad,Commodities,reposicio_pendent,promiscu,295,154.0,141.0,0.179,2223.12,547.68,baixa,Client promiscu de Bioseguridad. El cicle de reposició indica compra pendent (141 dies de retard). Oportunitat de capturar part de la compra.,2025-12-30,,,0.06558306015895748,televenda,2018
42867,Anestesia,Commodities,reposicio_pendent,promiscu,354,228.0,126.0,0.185,2223.12,543.26,baixa,Client promiscu de Anestesia. El cicle de reposició indica compra pendent (126 dies de retard). Oportunitat de capturar part de la compra.,2025-12-30,,,0.06549896099660998,televenda,2019
2358,Anestesia,Commodities,reposicio_pendent,promiscu,321,237.0,84.0,0.187,2223.12,541.91,baixa,Client promiscu de Anestesia. El cicle de reposició indica compra pendent (84 dies de retard). Oportunitat de capturar part de la compra.,2025-12-30,,,0.06547313840148727,televenda,2020
31081,Anestesia,Commodities,reposicio_pendent,promiscu,277,180.0,96.0,0.47,3410.04,541.74,baixa,Client promiscu de Anestesia. El cicle de reposició indica compra pendent (96 dies de retard). Oportunitat de capturar part de la compra.,2025-12-30,,,0.06546988211623626,televenda,2021
9576,Anestesia,Commodities,reposicio_pendent,promiscu,278,192.0,85.0,0.19,2223.12,540.29,baixa,Client promiscu de Anestesia. El cicle de reposició indica compra pendent (85 dies de retard). Oportunitat de capturar part de la compra.,2025-12-30,,,0.06544206639572914,televenda,2022
1000075521,Anestesia,Commodities,reposicio_pendent,promiscu,340,332.0,8.0,0.191,2223.12,539.65,baixa,Client promiscu de Anestesia. El cicle de reposició indica compra pendent (8 dies de retard). Oportunitat de capturar part de la compra.,2025-12-30,,,0.06542976540188057,televenda,2023
11312,Anestesia,Commodities,reposicio_pendent,promiscu,319,281.0,38.0,0.192,2223.12,538.84,baixa,Client promiscu de Anestesia. El cicle de reposició indica compra pendent (38 dies de retard). Oportunitat de capturar part de la compra.,2025-12-30,,,0.06541417606283859,televenda,2024
40280,Anestesia,Commodities,reposicio_pendent,promiscu,326,200.0,125.0,0.193,2223.12,537.93,baixa,Client promiscu de Anestesia. El cicle de reposició indica compra pendent (125 dies de retard). Oportunitat de capturar part de la compra.,2025-12-30,,,0.0653966341887757,televenda,2025
12897,Anestesia,Commodities,reposicio_pendent,promiscu,244,155.0,89.0,0.198,2223.12,535.0,baixa,Client promiscu de Anestesia. El cicle de reposició indica compra pendent (89 dies de retard). Oportunitat de capturar part de la compra.,2025-12-30,,,0.06533995131426475,televenda,2026
1000080063,Anestesia,Commodities,reposicio_pendent,promiscu,287,243.0,44.0,0.198,2223.12,535.0,baixa,Client promiscu de Anestesia. El cicle de reposició indica compra pendent (44 dies de retard). Oportunitat de capturar part de la compra.,2025-12-30,,,0.06533995131426475,televenda,2027
1000078475,Anestesia,Commodities,reposicio_pendent,promiscu,207,171.0,36.0,0.198,2223.12,535.0,baixa,Client promiscu de Anestesia. El cicle de reposició indica compra pendent (36 dies de retard). Oportunitat de capturar part de la compra.,2025-12-30,,,0.06533995131426475,televenda,2028
35711,Anestesia,Commodities,reposicio_pendent,promiscu,97,44.0,53.0,0.206,2223.12,529.5,baixa,Client promiscu de Anestesia. El cicle de reposició indica compra pendent (53 dies de retard). Oportunitat de capturar part de la compra.,2025-12-30,,,0.06523270829467173,televenda,2029
22364,Bioseguridad,Commodities,reposicio_pendent,promiscu,340,120.0,219.0,0.208,2223.12,528.03,baixa,Client promiscu de Bioseguridad. El cicle de reposició indica compra pendent (219 dies de retard). Oportunitat de capturar part de la compra.,2025-12-30,,,0.06520385684037218,televenda,2030
31282,Bioseguridad,Commodities,reposicio_pendent,promiscu,215,89.0,126.0,0.215,2223.12,523.83,baixa,Client promiscu de Bioseguridad. El cicle de reposició indica compra pendent (126 dies de retard). Oportunitat de capturar part de la compra.,2025-12-30,,,0.0651209802218899,televenda,2031
1000080250,Anestesia,Commodities,reposicio_pendent,promiscu,196,177.0,19.0,0.216,2223.12,522.99,baixa,Client promiscu de Anestesia. El cicle de reposició indica compra pendent (19 dies de retard). Oportunitat de capturar part de la compra.,2025-12-30,,,0.06510432533174344,televenda,2032
38499,Anestesia,Commodities,reposicio_pendent,promiscu,120,63.0,57.0,0.216,2223.12,522.81,baixa,Client promiscu de Anestesia. El cicle de reposició indica compra pendent (57 dies de retard). Oportunitat de capturar part de la compra.,2025-12-30,,,0.06510075295322511,televenda,2033
1000100564,Bioseguridad,Commodities,reposicio_pendent,promiscu,245,166.0,78.0,0.219,2223.12,521.12,baixa,Client promiscu de Bioseguridad. El cicle de reposició indica compra pendent (78 dies de retard). Oportunitat de capturar part de la compra.,2025-12-30,,,0.06506715229256704,televenda,2034
29006,Anestesia,Commodities,reposicio_pendent,promiscu,312,288.0,23.0,0.219,2223.12,521.03,baixa,Client promiscu de Anestesia. El cicle de reposició indica compra pendent (23 dies de retard). Oportunitat de capturar part de la compra.,2025-12-30,,,0.06506535985939942,televenda,2035
23004,Anestesia,Commodities,reposicio_pendent,promiscu,323,297.0,26.0,0.219,2223.12,521.03,baixa,Client promiscu de Anestesia. El cicle de reposició indica compra pendent (26 dies de retard). Oportunitat de capturar part de la compra.,2025-12-30,,,0.06506535985939942,televenda,2036
1000079086,Anestesia,Commodities,reposicio_pendent,promiscu,272,162.0,110.0,0.225,2223.12,516.65,baixa,Client promiscu de Anestesia. El cicle de reposició indica compra pendent (110 dies de retard). Oportunitat de capturar part de la compra.,2025-12-30,,,0.0649777525496796,televenda,2037
42403,Anestesia,Commodities,reposicio_pendent,promiscu,232,219.0,13.0,0.226,2223.12,516.34,baixa,Client promiscu de Anestesia. El cicle de reposició indica compra pendent (13 dies de retard). Oportunitat de capturar part de la compra.,2025-12-30,,,0.06497152397168553,televenda,2038
19212,Bioseguridad,Commodities,reposicio_pendent,promiscu,337,111.0,225.0,0.485,3334.68,515.46,baixa,Client promiscu de Bioseguridad. El cicle de reposició indica compra pendent (225 dies de retard). Oportunitat de capturar part de la compra.,2025-12-30,,,0.0649538224906914,televenda,2039
10711,Anestesia,Commodities,reposicio_pendent,promiscu,238,141.0,96.0,0.231,2223.12,512.89,baixa,Client promiscu de Anestesia. El cicle de reposició indica compra pendent (96 dies de retard). Oportunitat de capturar part de la compra.,2025-12-30,,,0.06490195292609319,televenda,2040
1000069082,Bioseguridad,Commodities,reposicio_pendent,promiscu,264,140.0,123.0,0.232,2223.12,511.9,baixa,Client promiscu de Bioseguridad. El cicle de reposició indica compra pendent (123 dies de retard). Oportunitat de capturar part de la compra.,2025-12-30,,,0.06488190280256234,televenda,2041
991,Anestesia,Commodities,reposicio_pendent,promiscu,207,154.0,53.0,0.234,2223.12,510.72,baixa,Client promiscu de Anestesia. El cicle de reposició indica compra pendent (53 dies de retard). Oportunitat de capturar part de la compra.,2025-12-30,,,0.06485795405951167,televenda,2042
28828,Anestesia,Commodities,reposicio_pendent,promiscu,209,173.0,36.0,0.235,2223.12,510.39,baixa,Client promiscu de Anestesia. El cicle de reposició indica compra pendent (36 dies de retard). Oportunitat de capturar part de la compra.,2025-12-30,,,0.06485124664757658,televenda,2043
1000060529,Anestesia,Commodities,reposicio_pendent,promiscu,238,202.0,36.0,0.236,2223.12,509.71,baixa,Client promiscu de Anestesia. El cicle de reposició indica compra pendent (36 dies de retard). Oportunitat de capturar part de la compra.,2025-12-30,,,0.06483741165461915,televenda,2044
1000075784,Anestesia,Commodities,reposicio_pendent,promiscu,217,185.0,31.0,0.238,2223.12,508.11,baixa,Client promiscu de Anestesia. El cicle de reposició indica compra pendent (31 dies de retard). Oportunitat de capturar part de la compra.,2025-12-30,,,0.06480478592985392,televenda,2045
1137,Anestesia,Commodities,reposicio_pendent,promiscu,341,290.0,50.0,0.24,2223.12,506.81,baixa,Client promiscu de Anestesia. El cicle de reposició indica compra pendent (50 dies de retard). Oportunitat de capturar part de la compra.,2025-12-30,,,0.0647782019405209,televenda,2046
1000082587,Anestesia,Commodities,reposicio_pendent,promiscu,350,112.0,238.0,0.247,2223.12,501.89,baixa,Client promiscu de Anestesia. El cicle de reposició indica compra pendent (238 dies de retard). Oportunitat de capturar part de la compra.,2025-12-30,,,0.0646769718508756,televenda,2047
2424,Anestesia,Commodities,reposicio_pendent,promiscu,306,182.0,123.0,0.25,2223.12,500.24,baixa,Client promiscu de Anestesia. El cicle de reposició indica compra pendent (123 dies de retard). Oportunitat de capturar part de la compra.,2025-12-30,,,0.06464280084630722,televenda,2048
3386,Anestesia,Commodities,reposicio_pendent,promiscu,336,328.0,7.0,0.25,2223.12,500.24,baixa,Client promiscu de Anestesia. El cicle de reposició indica compra pendent (7 dies de retard). Oportunitat de capturar part de la compra.,2025-12-30,,,0.06464280084630722,televenda,2049
1000101961,Bioseguridad,Commodities,reposicio_pendent,promiscu,84,12.0,72.0,0.0,1667.34,500.2,baixa,Client promiscu de Bioseguridad. El cicle de reposició indica compra pendent (72 dies de retard). Oportunitat de capturar part de la compra.,2025-12-30,,,0.064641971062496,televenda,2050
36587,Bioseguridad,Commodities,reposicio_pendent,promiscu,174,8.0,166.0,0.0,1667.34,500.2,baixa,Client promiscu de Bioseguridad. El cicle de reposició indica compra pendent (166 dies de retard). Oportunitat de capturar part de la compra.,2025-12-30,,,0.064641971062496,televenda,2051
1000102096,Anestesia,Commodities,reposicio_pendent,promiscu,64,49.0,15.0,0.25,2223.12,500.09,baixa,Client promiscu de Anestesia. El cicle de reposició indica compra pendent (15 dies de retard). Oportunitat de capturar part de la compra.,2025-12-30,,,0.06463968881550347,televenda,2052
1000080927,Anestesia,Commodities,reposicio_pendent,promiscu,110,83.0,26.0,0.251,2223.12,499.27,baixa,Client promiscu de Anestesia. El cicle de reposició indica compra pendent (26 dies de retard). Oportunitat de capturar part de la compra.,2025-12-30,,,0.06462265989711402,televenda,2053
1000081089,Anestesia,Commodities,reposicio_pendent,promiscu,322,93.0,228.0,0.252,2223.12,499.0,baixa,Client promiscu de Anestesia. El cicle de reposició indica compra pendent (228 dies de retard). Oportunitat de capturar part de la compra.,2025-12-30,,,0.06461704670527742,televenda,2054
28629,Anestesia,Commodities,reposicio_pendent,promiscu,314,88.0,226.0,0.252,2223.12,499.0,baixa,Client promiscu de Anestesia. El cicle de reposició indica compra pendent (226 dies de retard). Oportunitat de capturar part de la compra.,2025-12-30,,,0.06461704670527742,televenda,2055
1000100610,Anestesia,Commodities,reposicio_pendent,promiscu,335,184.0,150.0,0.08,1802.36,497.71,baixa,Client promiscu de Anestesia. El cicle de reposició indica compra pendent (150 dies de retard). Oportunitat de capturar part de la compra.,2025-12-30,,,0.06459018621674321,televenda,2056
1000066398,Anestesia,Commodities,reposicio_pendent,promiscu,168,133.0,35.0,0.514,3410.04,497.08,baixa,Client promiscu de Anestesia. El cicle de reposició indica compra pendent (35 dies de retard). Oportunitat de capturar part de la compra.,2025-12-30,,,0.06457704304179582,televenda,2057
22193,Anestesia,Commodities,reposicio_pendent,promiscu,323,290.0,33.0,0.258,2223.12,494.93,baixa,Client promiscu de Anestesia. El cicle de reposició indica compra pendent (33 dies de retard). Oportunitat de capturar part de la compra.,2025-12-30,,,0.06453206384068258,televenda,2058
4710,Anestesia,Commodities,reposicio_pendent,promiscu,354,195.0,159.0,0.258,2223.12,494.93,baixa,Client promiscu de Anestesia. El cicle de reposició indica compra pendent (159 dies de retard). Oportunitat de capturar part de la compra.,2025-12-30,,,0.06453206384068258,televenda,2059
1000078169,Anestesia,Commodities,reposicio_pendent,promiscu,326,309.0,17.0,0.258,2223.12,494.93,baixa,Client promiscu de Anestesia. El cicle de reposició indica compra pendent (17 dies de retard). Oportunitat de capturar part de la compra.,2025-12-30,,,0.06453206384068258,televenda,2060
42960,Anestesia,Commodities,reposicio_pendent,promiscu,326,87.0,239.0,0.258,2223.12,494.93,baixa,Client promiscu de Anestesia. El cicle de reposició indica compra pendent (239 dies de retard). Oportunitat de capturar part de la compra.,2025-12-30,,,0.06453206384068258,televenda,2061
1000082590,Anestesia,Commodities,reposicio_pendent,promiscu,351,155.0,196.0,0.258,2223.12,494.93,baixa,Client promiscu de Anestesia. El cicle de reposició indica compra pendent (196 dies de retard). Oportunitat de capturar part de la compra.,2025-12-30,,,0.06453206384068258,televenda,2062
1000077090,Anestesia,Commodities,reposicio_pendent,promiscu,321,287.0,33.0,0.258,2223.12,494.93,baixa,Client promiscu de Anestesia. El cicle de reposició indica compra pendent (33 dies de retard). Oportunitat de capturar part de la compra.,2025-12-30,,,0.06453206384068258,televenda,2063
1000042570,Anestesia,Commodities,reposicio_pendent,promiscu,333,273.0,59.0,0.258,2223.12,494.93,baixa,Client promiscu de Anestesia. El cicle de reposició indica compra pendent (59 dies de retard). Oportunitat de capturar part de la compra.,2025-12-30,,,0.06453206384068258,televenda,2064
1428,Anestesia,Commodities,reposicio_pendent,promiscu,342,197.0,145.0,0.258,2223.12,494.93,baixa,Client promiscu de Anestesia. El cicle de reposició indica compra pendent (145 dies de retard). Oportunitat de capturar part de la compra.,2025-12-30,,,0.06453206384068258,televenda,2065
1000081608,Anestesia,Commodities,reposicio_pendent,promiscu,322,273.0,49.0,0.258,2223.12,494.92,baixa,Client promiscu de Anestesia. El cicle de reposició indica compra pendent (49 dies de retard). Oportunitat de capturar part de la compra.,2025-12-30,,,0.06453185417982576,televenda,2066
1000100385,Anestesia,Commodities,reposicio_pendent,promiscu,336,68.0,268.0,0.258,2223.12,494.92,baixa,Client promiscu de Anestesia. El cicle de reposició indica compra pendent (268 dies de retard). Oportunitat de capturar part de la compra.,2025-12-30,,,0.06453185417982576,televenda,2067
1000080605,Anestesia,Commodities,reposicio_pendent,promiscu,355,285.0,69.0,0.258,2223.12,494.87,baixa,Client promiscu de Anestesia. El cicle de reposició indica compra pendent (69 dies de retard). Oportunitat de capturar part de la compra.,2025-12-30,,,0.06453080581212195,televenda,2068
1000100990,Anestesia,Commodities,reposicio_pendent,promiscu,187,152.0,35.0,0.258,2223.12,494.66,baixa,Client promiscu de Anestesia. El cicle de reposició indica compra pendent (35 dies de retard). Oportunitat de capturar part de la compra.,2025-12-30,,,0.06452640151310687,televenda,2069
1000077854,Anestesia,Commodities,reposicio_pendent,promiscu,330,149.0,181.0,0.26,2223.12,493.41,baixa,Client promiscu de Anestesia. El cicle de reposició indica compra pendent (181 dies de retard). Oportunitat de capturar part de la compra.,2025-12-30,,,0.06450014677464044,televenda,2070
1000101551,Anestesia,Commodities,reposicio_pendent,promiscu,217,209.0,8.0,0.26,2223.12,493.35,baixa,Client promiscu de Anestesia. El cicle de reposició indica compra pendent (8 dies de retard). Oportunitat de capturar part de la compra.,2025-12-30,,,0.06449888487819799,televenda,2071
1451,Anestesia,Commodities,reposicio_pendent,promiscu,264,251.0,13.0,0.266,2223.12,489.76,baixa,Client promiscu de Anestesia. El cicle de reposició indica compra pendent (13 dies de retard). Oportunitat de capturar part de la compra.,2025-12-30,,,0.06442310131913992,televenda,2072
40436,Anestesia,Commodities,reposicio_pendent,promiscu,210,186.0,23.0,0.266,2223.12,489.76,baixa,Client promiscu de Anestesia. El cicle de reposició indica compra pendent (23 dies de retard). Oportunitat de capturar part de la compra.,2025-12-30,,,0.06442310131913992,televenda,2073
39302,Anestesia,Commodities,reposicio_pendent,promiscu,207,202.0,5.0,0.266,2223.12,489.76,baixa,Client promiscu de Anestesia. El cicle de reposició indica compra pendent (5 dies de retard). Oportunitat de capturar part de la compra.,2025-12-30,,,0.06442310131913992,televenda,2074
1000100138,Anestesia,Commodities,reposicio_pendent,promiscu,277,194.0,82.0,0.266,2223.12,489.76,baixa,Client promiscu de Anestesia. El cicle de reposició indica compra pendent (82 dies de retard). Oportunitat de capturar part de la compra.,2025-12-30,,,0.06442310131913992,televenda,2075
1000100131,Anestesia,Commodities,reposicio_pendent,promiscu,229,92.0,137.0,0.266,2223.12,489.76,baixa,Client promiscu de Anestesia. El cicle de reposició indica compra pendent (137 dies de retard). Oportunitat de capturar part de la compra.,2025-12-30,,,0.06442310131913992,televenda,2076
7971,Anestesia,Commodities,reposicio_pendent,promiscu,288,278.0,9.0,0.266,2223.12,489.76,baixa,Client promiscu de Anestesia. El cicle de reposició indica compra pendent (9 dies de retard). Oportunitat de capturar part de la compra.,2025-12-30,,,0.06442310131913992,televenda,2077
40994,Anestesia,Commodities,reposicio_pendent,promiscu,287,125.0,162.0,0.266,2223.12,489.76,baixa,Client promiscu de Anestesia. El cicle de reposició indica compra pendent (162 dies de retard). Oportunitat de capturar part de la compra.,2025-12-30,,,0.06442310131913992,televenda,2078
28221,Anestesia,Commodities,reposicio_pendent,promiscu,299,184.0,115.0,0.266,2223.12,489.76,baixa,Client promiscu de Anestesia. El cicle de reposició indica compra pendent (115 dies de retard). Oportunitat de capturar part de la compra.,2025-12-30,,,0.06442310131913992,televenda,2079
2432,Anestesia,Commodities,reposicio_pendent,promiscu,323,186.0,136.0,0.102,1802.36,485.74,baixa,Client promiscu de Anestesia. El cicle de reposició indica compra pendent (136 dies de retard). Oportunitat de capturar part de la compra.,2025-12-30,,,0.06433757986250455,televenda,2080
1000075968,Anestesia,Commodities,reposicio_pendent,promiscu,342,294.0,47.0,0.102,1802.36,485.74,baixa,Client promiscu de Anestesia. El cicle de reposició indica compra pendent (47 dies de retard). Oportunitat de capturar part de la compra.,2025-12-30,,,0.06433757986250455,televenda,2081
1000075164,Anestesia,Commodities,reposicio_pendent,promiscu,239,116.0,123.0,0.272,2223.12,485.71,baixa,Client promiscu de Anestesia. El cicle de reposició indica compra pendent (123 dies de retard). Oportunitat de capturar part de la compra.,2025-12-30,,,0.06433693899100354,televenda,2082
27826,Anestesia,Commodities,reposicio_pendent,promiscu,314,305.0,9.0,0.272,2223.12,485.35,baixa,Client promiscu de Anestesia. El cicle de reposició indica compra pendent (9 dies de retard). Oportunitat de capturar part de la compra.,2025-12-30,,,0.06432924545032678,televenda,2083
15255,Anestesia,Commodities,reposicio_pendent,promiscu,334,265.0,69.0,0.274,2223.12,484.18,baixa,Client promiscu de Anestesia. El cicle de reposició indica compra pendent (69 dies de retard). Oportunitat de capturar part de la compra.,2025-12-30,,,0.06430420205496316,televenda,2084
1000100015,Anestesia,Commodities,reposicio_pendent,promiscu,228,94.0,134.0,0.278,2223.12,481.61,baixa,Client promiscu de Anestesia. El cicle de reposició indica compra pendent (134 dies de retard). Oportunitat de capturar part de la compra.,2025-12-30,,,0.06424897951631729,televenda,2085
1000081789,Anestesia,Commodities,reposicio_pendent,promiscu,295,234.0,60.0,0.278,2223.12,481.21,baixa,Client promiscu de Anestesia. El cicle de reposició indica compra pendent (60 dies de retard). Oportunitat de capturar part de la compra.,2025-12-30,,,0.06424035813066069,televenda,2086
1000068778,Anestesia,Commodities,reposicio_pendent,promiscu,239,175.0,63.0,0.534,3410.04,476.72,baixa,Client promiscu de Anestesia. El cicle de reposició indica compra pendent (63 dies de retard). Oportunitat de capturar part de la compra.,2025-12-30,,,0.0641430893889978,televenda,2087
1000061515,Anestesia,Commodities,reposicio_pendent,promiscu,322,304.0,17.0,0.288,2223.12,474.79,baixa,Client promiscu de Anestesia. El cicle de reposició indica compra pendent (17 dies de retard). Oportunitat de capturar part de la compra.,2025-12-30,,,0.06410099773382058,televenda,2088
4237,Anestesia,Commodities,reposicio_pendent,promiscu,312,288.0,24.0,0.288,2223.12,474.79,baixa,Client promiscu de Anestesia. El cicle de reposició indica compra pendent (24 dies de retard). Oportunitat de capturar part de la compra.,2025-12-30,,,0.06410099773382058,televenda,2089
43008,Anestesia,Commodities,reposicio_pendent,promiscu,140,84.0,56.0,0.288,2223.12,474.77,baixa,Client promiscu de Anestesia. El cicle de reposició indica compra pendent (56 dies de retard). Oportunitat de capturar part de la compra.,2025-12-30,,,0.0641005606576071,televenda,2090
1000100555,Anestesia,Commodities,reposicio_pendent,promiscu,284,144.0,140.0,0.295,2223.12,470.05,baixa,Client promiscu de Anestesia. El cicle de reposició indica compra pendent (140 dies de retard). Oportunitat de capturar part de la compra.,2025-12-30,,,0.0639968934197825,televenda,2091
1000057667,Anestesia,Commodities,reposicio_pendent,promiscu,295,247.0,48.0,0.295,2223.12,470.05,baixa,Client promiscu de Anestesia. El cicle de reposició indica compra pendent (48 dies de retard). Oportunitat de capturar part de la compra.,2025-12-30,,,0.0639968934197825,televenda,2092
24487,Anestesia,Commodities,reposicio_pendent,promiscu,266,207.0,58.0,0.297,2223.12,469.02,baixa,Client promiscu de Anestesia. El cicle de reposició indica compra pendent (58 dies de retard). Oportunitat de capturar part de la compra.,2025-12-30,,,0.06397413307570941,televenda,2093
37401,Anestesia,Commodities,reposicio_pendent,promiscu,322,225.0,96.0,0.3,2223.12,466.9,baixa,Client promiscu de Anestesia. El cicle de reposició indica compra pendent (96 dies de retard). Oportunitat de capturar part de la compra.,2025-12-30,,,0.06392712914713118,televenda,2094
11728,Anestesia,Commodities,reposicio_pendent,promiscu,334,306.0,28.0,0.3,2223.12,466.9,baixa,Client promiscu de Anestesia. El cicle de reposició indica compra pendent (28 dies de retard). Oportunitat de capturar part de la compra.,2025-12-30,,,0.06392712914713118,televenda,2095
1963,Anestesia,Commodities,reposicio_pendent,promiscu,321,271.0,49.0,0.3,2223.12,466.79,baixa,Client promiscu de Anestesia. El cicle de reposició indica compra pendent (49 dies de retard). Oportunitat de capturar part de la compra.,2025-12-30,,,0.06392468445568475,televenda,2096
1000073109,Anestesia,Commodities,reposicio_pendent,promiscu,201,186.0,15.0,0.307,2223.12,462.28,baixa,Client promiscu de Anestesia. El cicle de reposició indica compra pendent (15 dies de retard). Oportunitat de capturar part de la compra.,2025-12-30,,,0.06382395396280027,televenda,2097
8875,Anestesia,Commodities,reposicio_pendent,promiscu,327,114.0,212.0,0.309,2223.12,460.52,baixa,Client promiscu de Anestesia. El cicle de reposició indica compra pendent (212 dies de retard). Oportunitat de capturar part de la compra.,2025-12-30,,,0.06378437825189019,televenda,2098
34141,Anestesia,Commodities,reposicio_pendent,promiscu,347,232.0,114.0,0.309,2223.12,460.52,baixa,Client promiscu de Anestesia. El cicle de reposició indica compra pendent (114 dies de retard). Oportunitat de capturar part de la compra.,2025-12-30,,,0.06378437825189019,televenda,2099
1000081446,Anestesia,Commodities,reposicio_pendent,promiscu,349,134.0,215.0,0.309,2223.12,460.52,baixa,Client promiscu de Anestesia. El cicle de reposició indica compra pendent (215 dies de retard). Oportunitat de capturar part de la compra.,2025-12-30,,,0.06378437825189019,televenda,2100
1000038447,Bioseguridad,Commodities,reposicio_pendent,promiscu,197,114.0,82.0,0.079,1667.34,460.45,baixa,Client promiscu de Bioseguridad. El cicle de reposició indica compra pendent (82 dies de retard). Oportunitat de capturar part de la compra.,2025-12-30,,,0.06378280109895078,televenda,2101
7880,Anestesia,Commodities,reposicio_pendent,promiscu,270,177.0,93.0,0.31,2223.12,460.2,baixa,Client promiscu de Anestesia. El cicle de reposició indica compra pendent (93 dies de retard). Oportunitat de capturar part de la compra.,2025-12-30,,,0.06377716645618522,televenda,2102
1000076506,Anestesia,Commodities,reposicio_pendent,promiscu,298,245.0,52.0,0.312,2223.12,458.71,baixa,Client promiscu de Anestesia. El cicle de reposició indica compra pendent (52 dies de retard). Oportunitat de capturar part de la compra.,2025-12-30,,,0.06374352050485547,televenda,2103
26402,Anestesia,Commodities,reposicio_pendent,promiscu,165,147.0,18.0,0.315,2223.12,456.91,baixa,Client promiscu de Anestesia. El cicle de reposició indica compra pendent (18 dies de retard). Oportunitat de capturar part de la compra.,2025-12-30,,,0.06370272864138564,televenda,2104
15651,Anestesia,Commodities,reposicio_pendent,promiscu,172,3.0,169.0,0.156,1802.36,456.55,baixa,Client promiscu de Anestesia. El cicle de reposició indica compra pendent (169 dies de retard). Oportunitat de capturar part de la compra.,2025-12-30,,,0.06369455102932693,televenda,2105
26789,Anestesia,Commodities,reposicio_pendent,promiscu,179,144.0,34.0,0.315,2223.12,456.54,baixa,Client promiscu de Anestesia. El cicle de reposició indica compra pendent (34 dies de retard). Oportunitat de capturar part de la compra.,2025-12-30,,,0.06369432378160178,televenda,2106
2753,Anestesia,Commodities,reposicio_pendent,promiscu,270,204.0,66.0,0.319,2223.12,454.34,baixa,Client promiscu de Anestesia. El cicle de reposició indica compra pendent (66 dies de retard). Oportunitat de capturar part de la compra.,2025-12-30,,,0.0636442081528784,televenda,2107
19864,Anestesia,Commodities,reposicio_pendent,promiscu,273,94.0,179.0,0.319,2223.12,454.33,baixa,Client promiscu de Anestesia. El cicle de reposició indica compra pendent (179 dies de retard). Oportunitat de capturar part de la compra.,2025-12-30,,,0.06364397980219065,televenda,2108
33681,Anestesia,Commodities,reposicio_pendent,promiscu,279,162.0,117.0,0.319,2223.12,454.33,baixa,Client promiscu de Anestesia. El cicle de reposició indica compra pendent (117 dies de retard). Oportunitat de capturar part de la compra.,2025-12-30,,,0.06364397980219065,televenda,2109
4012,Anestesia,Commodities,reposicio_pendent,promiscu,287,214.0,73.0,0.319,2223.12,454.33,baixa,Client promiscu de Anestesia. El cicle de reposició indica compra pendent (73 dies de retard). Oportunitat de capturar part de la compra.,2025-12-30,,,0.06364397980219065,televenda,2110
1000078424,Anestesia,Commodities,reposicio_pendent,promiscu,287,217.0,70.0,0.319,2223.12,454.33,baixa,Client promiscu de Anestesia. El cicle de reposició indica compra pendent (70 dies de retard). Oportunitat de capturar part de la compra.,2025-12-30,,,0.06364397980219065,televenda,2111
1000101118,Anestesia,Commodities,reposicio_pendent,promiscu,299,273.0,26.0,0.319,2223.12,454.33,baixa,Client promiscu de Anestesia. El cicle de reposició indica compra pendent (26 dies de retard). Oportunitat de capturar part de la compra.,2025-12-30,,,0.06364397980219065,televenda,2112
1000082683,Anestesia,Commodities,reposicio_pendent,promiscu,218,191.0,26.0,0.319,2223.12,454.33,baixa,Client promiscu de Anestesia. El cicle de reposició indica compra pendent (26 dies de retard). Oportunitat de capturar part de la compra.,2025-12-30,,,0.06364397980219065,televenda,2113
41567,Anestesia,Commodities,reposicio_pendent,promiscu,281,202.0,79.0,0.16,1802.36,454.28,baixa,Client promiscu de Anestesia. El cicle de reposició indica compra pendent (79 dies de retard). Oportunitat de capturar part de la compra.,2025-12-30,,,0.06364283797352072,televenda,2114
33665,Anestesia,Commodities,reposicio_pendent,promiscu,354,193.0,161.0,0.324,2223.12,450.95,baixa,Client promiscu de Anestesia. El cicle de reposició indica compra pendent (161 dies de retard). Oportunitat de capturar part de la compra.,2025-12-30,,,0.0635665085231944,televenda,2115
1000102079,Anestesia,Commodities,reposicio_pendent,promiscu,141,6.0,135.0,0.332,2223.12,445.47,baixa,Client promiscu de Anestesia. El cicle de reposició indica compra pendent (135 dies de retard). Oportunitat de capturar part de la compra.,2025-12-30,,,0.06343966453540699,televenda,2116
38501,Anestesia,Commodities,reposicio_pendent,promiscu,82,42.0,39.0,0.334,2223.12,444.07,baixa,Client promiscu de Anestesia. El cicle de reposició indica compra pendent (39 dies de retard). Oportunitat de capturar part de la compra.,2025-12-30,,,0.06340700944326941,televenda,2117
1000078562,Anestesia,Commodities,reposicio_pendent,promiscu,342,234.0,108.0,0.338,2223.12,441.38,baixa,Client promiscu de Anestesia. El cicle de reposició indica compra pendent (108 dies de retard). Oportunitat de capturar part de la compra.,2025-12-30,,,0.06334397570410484,televenda,2118
1000082043,Bioseguridad,Commodities,reposicio_pendent,promiscu,341,28.0,313.0,0.119,1667.34,440.57,baixa,Client promiscu de Bioseguridad. El cicle de reposició indica compra pendent (313 dies de retard). Oportunitat de capturar part de la compra.,2025-12-30,,,0.06332492018456115,televenda,2119
13938,Anestesia,Commodities,reposicio_pendent,promiscu,215,199.0,16.0,0.34,2223.12,440.48,baixa,Client promiscu de Anestesia. El cicle de reposició indica compra pendent (16 dies de retard). Oportunitat de capturar part de la compra.,2025-12-30,,,0.06332280074727695,televenda,2120
12798,Anestesia,Commodities,reposicio_pendent,promiscu,160,125.0,34.0,0.574,3410.04,436.28,baixa,Client promiscu de Anestesia. El cicle de reposició indica compra pendent (34 dies de retard). Oportunitat de capturar part de la compra.,2025-12-30,,,0.063223410065186,televenda,2121
1000076396,Anestesia,Commodities,reposicio_pendent,promiscu,63,32.0,31.0,0.348,2223.12,434.79,baixa,Client promiscu de Anestesia. El cicle de reposició indica compra pendent (31 dies de retard). Oportunitat de capturar part de la compra.,2025-12-30,,,0.06318792047548148,televenda,2122
1000100123,Anestesia,Commodities,reposicio_pendent,promiscu,294,256.0,38.0,0.348,2223.12,434.62,baixa,Client promiscu de Anestesia. El cicle de reposició indica compra pendent (38 dies de retard). Oportunitat de capturar part de la compra.,2025-12-30,,,0.0631838636180909,televenda,2123
1000075403,Anestesia,Commodities,reposicio_pendent,promiscu,271,180.0,90.0,0.349,2223.12,434.07,baixa,Client promiscu de Anestesia. El cicle de reposició indica compra pendent (90 dies de retard). Oportunitat de capturar part de la compra.,2025-12-30,,,0.06317072763609258,televenda,2124
25972,Anestesia,Commodities,reposicio_pendent,promiscu,288,203.0,84.0,0.203,1802.36,430.76,baixa,Client promiscu de Anestesia. El cicle de reposició indica compra pendent (84 dies de retard). Oportunitat de capturar part de la compra.,2025-12-30,,,0.06309132050142861,televenda,2125
1000041827,Bioseguridad,Commodities,reposicio_pendent,promiscu,249,154.0,95.0,0.143,1667.34,428.65,baixa,Client promiscu de Bioseguridad. El cicle de reposició indica compra pendent (95 dies de retard). Oportunitat de capturar part de la compra.,2025-12-30,,,0.06304038310199399,televenda,2126
39600,Anestesia,Commodities,reposicio_pendent,promiscu,305,171.0,134.0,0.359,2223.12,427.8,baixa,Client promiscu de Anestesia. El cicle de reposició indica compra pendent (134 dies de retard). Oportunitat de capturar part de la compra.,2025-12-30,,,0.0630197925771575,televenda,2127
11712,Anestesia,Commodities,reposicio_pendent,promiscu,343,240.0,103.0,0.36,2223.12,426.75,baixa,Client promiscu de Anestesia. El cicle de reposició indica compra pendent (103 dies de retard). Oportunitat de capturar part de la compra.,2025-12-30,,,0.06299430079778345,televenda,2128
1000081074,Anestesia,Commodities,reposicio_pendent,promiscu,361,268.0,93.0,0.36,2223.12,426.75,baixa,Client promiscu de Anestesia. El cicle de reposició indica compra pendent (93 dies de retard). Oportunitat de capturar part de la compra.,2025-12-30,,,0.06299430079778345,televenda,2129
25950,Anestesia,Commodities,reposicio_pendent,promiscu,306,201.0,105.0,0.36,2223.12,426.75,baixa,Client promiscu de Anestesia. El cicle de reposició indica compra pendent (105 dies de retard). Oportunitat de capturar part de la compra.,2025-12-30,,,0.06299430079778345,televenda,2130
1000075238,Anestesia,Commodities,reposicio_pendent,promiscu,322,223.0,98.0,0.36,2223.12,426.75,baixa,Client promiscu de Anestesia. El cicle de reposició indica compra pendent (98 dies de retard). Oportunitat de capturar part de la compra.,2025-12-30,,,0.06299430079778345,televenda,2131
1000082783,Anestesia,Commodities,reposicio_pendent,promiscu,231,183.0,47.0,0.372,2223.12,418.9,baixa,Client promiscu de Anestesia. El cicle de reposició indica compra pendent (47 dies de retard). Oportunitat de capturar part de la compra.,2025-12-30,,,0.06280171295861982,televenda,2132
6253,Anestesia,Commodities,reposicio_pendent,promiscu,272,220.0,51.0,0.228,1802.36,417.31,baixa,Client promiscu de Anestesia. El cicle de reposició indica compra pendent (51 dies de retard). Oportunitat de capturar part de la compra.,2025-12-30,,,0.06276226648712996,televenda,2133
35426,Anestesia,Commodities,reposicio_pendent,promiscu,312,235.0,76.0,0.375,2223.12,416.55,baixa,Client promiscu de Anestesia. El cicle de reposició indica compra pendent (76 dies de retard). Oportunitat de capturar part de la compra.,2025-12-30,,,0.06274335857726793,televenda,2134
1000081931,Anestesia,Commodities,reposicio_pendent,promiscu,218,171.0,47.0,0.376,2223.12,416.5,baixa,Client promiscu de Anestesia. El cicle de reposició indica compra pendent (47 dies de retard). Oportunitat de capturar part de la compra.,2025-12-30,,,0.06274211342954586,televenda,2135
1000079369,Anestesia,Commodities,reposicio_pendent,promiscu,334,203.0,131.0,0.376,2223.12,416.05,baixa,Client promiscu de Anestesia. El cicle de reposició indica compra pendent (131 dies de retard). Oportunitat de capturar part de la compra.,2025-12-30,,,0.06273090038497856,televenda,2136
1000080809,Bioseguridad,Commodities,reposicio_pendent,promiscu,319,232.0,87.0,0.17,1667.34,415.14,baixa,Client promiscu de Bioseguridad. El cicle de reposició indica compra pendent (87 dies de retard). Oportunitat de capturar part de la compra.,2025-12-30,,,0.06270818809784268,televenda,2137
1000101745,Bioseguridad,Commodities,reposicio_pendent,promiscu,214,11.0,203.0,0.38,2223.12,413.33,baixa,Client promiscu de Bioseguridad. El cicle de reposició indica compra pendent (203 dies de retard). Oportunitat de capturar part de la compra.,2025-12-30,,,0.06266286509584913,televenda,2138
13152,Anestesia,Commodities,reposicio_pendent,promiscu,334,225.0,108.0,0.237,1802.36,412.61,baixa,Client promiscu de Anestesia. El cicle de reposició indica compra pendent (108 dies de retard). Oportunitat de capturar part de la compra.,2025-12-30,,,0.06264478098773371,televenda,2139
7356,Bioseguridad,Commodities,reposicio_pendent,promiscu,272,145.0,126.0,0.179,1667.34,410.76,baixa,Client promiscu de Bioseguridad. El cicle de reposició indica compra pendent (126 dies de retard). Oportunitat de capturar part de la compra.,2025-12-30,,,0.06259817012620868,televenda,2140
1000076338,Anestesia,Commodities,reposicio_pendent,promiscu,333,67.0,265.0,0.242,1802.36,409.81,baixa,Client promiscu de Anestesia. El cicle de reposició indica compra pendent (265 dies de retard). Oportunitat de capturar part de la compra.,2025-12-30,,,0.06257415337351772,televenda,2141
28768,Anestesia,Commodities,reposicio_pendent,promiscu,280,254.0,25.0,0.387,2223.12,409.03,baixa,Client promiscu de Anestesia. El cicle de reposició indica compra pendent (25 dies de retard). Oportunitat de capturar part de la compra.,2025-12-30,,,0.06255439279861182,televenda,2142
41501,Anestesia,Commodities,reposicio_pendent,promiscu,239,171.0,68.0,0.387,2223.12,409.03,baixa,Client promiscu de Anestesia. El cicle de reposició indica compra pendent (68 dies de retard). Oportunitat de capturar part de la compra.,2025-12-30,,,0.06255439279861182,televenda,2143
9709,Anestesia,Commodities,reposicio_pendent,promiscu,288,248.0,39.0,0.246,1802.36,407.83,baixa,Client promiscu de Anestesia. El cicle de reposició indica compra pendent (39 dies de retard). Oportunitat de capturar part de la compra.,2025-12-30,,,0.06252391839228913,televenda,2144
1000100143,Anestesia,Commodities,reposicio_pendent,promiscu,292,171.0,121.0,0.252,1802.36,404.44,baixa,Client promiscu de Anestesia. El cicle de reposició indica compra pendent (121 dies de retard). Oportunitat de capturar part de la compra.,2025-12-30,,,0.062437342469989006,televenda,2145
1000101972,Anestesia,Commodities,reposicio_pendent,promiscu,194,10.0,183.0,0.253,1802.36,403.87,baixa,Client promiscu de Anestesia. El cicle de reposició indica compra pendent (183 dies de retard). Oportunitat de capturar part de la compra.,2025-12-30,,,0.062422714398212065,televenda,2146
5114,Anestesia,Commodities,reposicio_pendent,promiscu,237,195.0,41.0,0.396,2223.12,403.05,baixa,Client promiscu de Anestesia. El cicle de reposició indica compra pendent (41 dies de retard). Oportunitat de capturar part de la compra.,2025-12-30,,,0.06240163434116354,televenda,2147
10756,Bioseguridad,Commodities,reposicio_pendent,promiscu,270,229.0,40.0,0.194,1667.34,402.99,baixa,Client promiscu de Bioseguridad. El cicle de reposició indica compra pendent (40 dies de retard). Oportunitat de capturar part de la compra.,2025-12-30,,,0.06240009021868546,televenda,2148
1000082716,Bioseguridad,Commodities,reposicio_pendent,promiscu,267,148.0,118.0,0.194,1667.34,402.99,baixa,Client promiscu de Bioseguridad. El cicle de reposició indica compra pendent (118 dies de retard). Oportunitat de capturar part de la compra.,2025-12-30,,,0.06240009021868546,televenda,2149
17956,Bioseguridad,Commodities,reposicio_pendent,promiscu,354,159.0,194.0,0.194,1667.34,402.99,baixa,Client promiscu de Bioseguridad. El cicle de reposició indica compra pendent (194 dies de retard). Oportunitat de capturar part de la compra.,2025-12-30,,,0.06240009021868546,televenda,2150
42549,Bioseguridad,Commodities,reposicio_pendent,promiscu,235,135.0,100.0,0.195,1667.34,402.44,baixa,Client promiscu de Bioseguridad. El cicle de reposició indica compra pendent (100 dies de retard). Oportunitat de capturar part de la compra.,2025-12-30,,,0.06238592506701431,televenda,2151
42292,Bioseguridad,Commodities,reposicio_pendent,promiscu,209,143.0,66.0,0.197,1667.34,401.7,baixa,Client promiscu de Bioseguridad. El cicle de reposició indica compra pendent (66 dies de retard). Oportunitat de capturar part de la compra.,2025-12-30,,,0.06236683599903271,televenda,2152
1000100157,Anestesia,Commodities,reposicio_pendent,promiscu,207,119.0,87.0,0.398,2223.12,401.18,baixa,Client promiscu de Anestesia. El cicle de reposició indica compra pendent (87 dies de retard). Oportunitat de capturar part de la compra.,2025-12-30,,,0.06235340106241246,televenda,2153
4913,Anestesia,Commodities,reposicio_pendent,promiscu,285,115.0,169.0,0.259,1802.36,400.52,baixa,Client promiscu de Anestesia. El cicle de reposició indica compra pendent (169 dies de retard). Oportunitat de capturar part de la compra.,2025-12-30,,,0.06233632399004832,televenda,2154
1000082331,Anestesia,Commodities,reposicio_pendent,promiscu,263,77.0,185.0,0.402,2223.12,398.58,baixa,Client promiscu de Anestesia. El cicle de reposició indica compra pendent (185 dies de retard). Oportunitat de capturar part de la compra.,2025-12-30,,,0.062285964746131676,televenda,2155
35202,Anestesia,Commodities,reposicio_pendent,promiscu,250,105.0,145.0,0.407,2223.12,395.19,baixa,Client promiscu de Anestesia. El cicle de reposició indica compra pendent (145 dies de retard). Oportunitat de capturar part de la compra.,2025-12-30,,,0.06219737608934747,televenda,2156
1000079466,Bioseguridad,Commodities,reposicio_pendent,promiscu,350,110.0,240.0,0.215,1667.34,392.87,baixa,Client promiscu de Bioseguridad. El cicle de reposició indica compra pendent (240 dies de retard). Oportunitat de capturar part de la compra.,2025-12-30,,,0.062136311068081936,televenda,2157
29172,Anestesia,Commodities,reposicio_pendent,promiscu,244,160.0,84.0,0.413,2223.12,391.23,baixa,Client promiscu de Anestesia. El cicle de reposició indica compra pendent (84 dies de retard). Oportunitat de capturar part de la compra.,2025-12-30,,,0.06209292702369499,televenda,2158
1000100661,Anestesia,Commodities,reposicio_pendent,promiscu,277,136.0,140.0,0.414,2223.12,390.79,baixa,Client promiscu de Anestesia. El cicle de reposició indica compra pendent (140 dies de retard). Oportunitat de capturar part de la compra.,2025-12-30,,,0.06208125653789551,televenda,2159
2821,Anestesia,Commodities,reposicio_pendent,promiscu,173,160.0,13.0,0.416,2223.12,389.33,baixa,Client promiscu de Anestesia. El cicle de reposició indica compra pendent (13 dies de retard). Oportunitat de capturar part de la compra.,2025-12-30,,,0.0620424376291539,televenda,2160
22519,Anestesia,Commodities,reposicio_pendent,promiscu,305,270.0,35.0,0.281,1802.36,388.72,baixa,Client promiscu de Anestesia. El cicle de reposició indica compra pendent (35 dies de retard). Oportunitat de capturar part de la compra.,2025-12-30,,,0.06202617574599833,televenda,2161
41580,Bioseguridad,Commodities,reposicio_pendent,promiscu,180,164.0,15.0,0.237,1667.34,381.85,baixa,Client promiscu de Bioseguridad. El cicle de reposició indica compra pendent (15 dies de retard). Oportunitat de capturar part de la compra.,2025-12-30,,,0.06184125156721804,televenda,2162
1000079283,Bioseguridad,Commodities,reposicio_pendent,promiscu,225,174.0,51.0,0.238,1667.34,380.95,baixa,Client promiscu de Bioseguridad. El cicle de reposició indica compra pendent (51 dies de retard). Oportunitat de capturar part de la compra.,2025-12-30,,,0.06181678020279253,televenda,2163
96,Bioseguridad,Commodities,reposicio_pendent,promiscu,252,155.0,97.0,0.238,1667.34,380.95,baixa,Client promiscu de Bioseguridad. El cicle de reposició indica compra pendent (97 dies de retard). Oportunitat de capturar part de la compra.,2025-12-30,,,0.06181678020279253,televenda,2164
1000080945,Bioseguridad,Commodities,reposicio_pendent,promiscu,293,125.0,168.0,0.243,1667.34,378.68,baixa,Client promiscu de Bioseguridad. El cicle de reposició indica compra pendent (168 dies de retard). Oportunitat de capturar part de la compra.,2025-12-30,,,0.061754800933066296,televenda,2165
1000082774,Anestesia,Commodities,reposicio_pendent,promiscu,288,266.0,22.0,0.433,2223.12,378.4,baixa,Client promiscu de Anestesia. El cicle de reposició indica compra pendent (22 dies de retard). Oportunitat de capturar part de la compra.,2025-12-30,,,0.06174713025323424,televenda,2166
1000080471,Anestesia,Commodities,reposicio_pendent,promiscu,321,132.0,188.0,0.434,2223.12,377.81,baixa,Client promiscu de Anestesia. El cicle de reposició indica compra pendent (188 dies de retard). Oportunitat de capturar part de la compra.,2025-12-30,,,0.061730948486171645,televenda,2167
1000081529,Anestesia,Commodities,reposicio_pendent,promiscu,166,153.0,12.0,0.434,2223.12,377.47,baixa,Client promiscu de Anestesia. El cicle de reposició indica compra pendent (12 dies de retard). Oportunitat de capturar part de la compra.,2025-12-30,,,0.06172161194937838,televenda,2168
1000061370,Anestesia,Commodities,reposicio_pendent,promiscu,190,178.0,11.0,0.438,2223.12,374.51,baixa,Client promiscu de Anestesia. El cicle de reposició indica compra pendent (11 dies de retard). Oportunitat de capturar part de la compra.,2025-12-30,,,0.061639972988145476,televenda,2169
42332,Anestesia,Commodities,reposicio_pendent,promiscu,251,177.0,73.0,0.447,2223.12,369.13,baixa,Client promiscu de Anestesia. El cicle de reposició indica compra pendent (73 dies de retard). Oportunitat de capturar part de la compra.,2025-12-30,,,0.061489927144938526,televenda,2170
15249,Anestesia,Commodities,reposicio_pendent,promiscu,328,312.0,16.0,0.318,1802.36,368.7,baixa,Client promiscu de Anestesia. El cicle de reposició indica compra pendent (16 dies de retard). Oportunitat de capturar part de la compra.,2025-12-30,,,0.06147784066263586,televenda,2171
1000100432,Anestesia,Commodities,reposicio_pendent,promiscu,333,248.0,84.0,0.318,1802.36,368.7,baixa,Client promiscu de Anestesia. El cicle de reposició indica compra pendent (84 dies de retard). Oportunitat de capturar part de la compra.,2025-12-30,,,0.06147784066263586,televenda,2172
1000102045,Anestesia,Commodities,reposicio_pendent,promiscu,154,15.0,139.0,0.319,1802.36,368.02,baixa,Client promiscu de Anestesia. El cicle de reposició indica compra pendent (139 dies de retard). Oportunitat de capturar part de la compra.,2025-12-30,,,0.06145869843254939,televenda,2173
10494,Anestesia,Commodities,reposicio_pendent,promiscu,250,172.0,77.0,0.452,2223.12,365.75,baixa,Client promiscu de Anestesia. El cicle de reposició indica compra pendent (77 dies de retard). Oportunitat de capturar part de la compra.,2025-12-30,,,0.061394540772955065,televenda,2174
23463,Anestesia,Commodities,reposicio_pendent,promiscu,301,200.0,101.0,0.328,1802.36,363.54,baixa,Client promiscu de Anestesia. El cicle de reposició indica compra pendent (101 dies de retard). Oportunitat de capturar part de la compra.,2025-12-30,,,0.06133169626720755,televenda,2175
1000082127,Anestesia,Commodities,reposicio_pendent,promiscu,288,96.0,192.0,0.328,1802.36,363.54,baixa,Client promiscu de Anestesia. El cicle de reposició indica compra pendent (192 dies de retard). Oportunitat de capturar part de la compra.,2025-12-30,,,0.06133169626720755,televenda,2176
11601,Anestesia,Commodities,reposicio_pendent,promiscu,251,235.0,16.0,0.33,1802.36,362.16,baixa,Client promiscu de Anestesia. El cicle de reposició indica compra pendent (16 dies de retard). Oportunitat de capturar part de la compra.,2025-12-30,,,0.0612922604735097,televenda,2177
40373,Anestesia,Commodities,reposicio_pendent,promiscu,314,188.0,126.0,0.457,2223.12,362.1,baixa,Client promiscu de Anestesia. El cicle de reposició indica compra pendent (126 dies de retard). Oportunitat de capturar part de la compra.,2025-12-30,,,0.06129054247619781,televenda,2178
8994,Anestesia,Commodities,reposicio_pendent,promiscu,260,216.0,44.0,0.464,2223.12,357.71,baixa,Client promiscu de Anestesia. El cicle de reposició indica compra pendent (44 dies de retard). Oportunitat de capturar part de la compra.,2025-12-30,,,0.06116406583182035,televenda,2179
1000069275,Bioseguridad,Commodities,reposicio_pendent,promiscu,196,85.0,110.0,0.286,1667.34,357.09,baixa,Client promiscu de Bioseguridad. El cicle de reposició indica compra pendent (110 dies de retard). Oportunitat de capturar part de la compra.,2025-12-30,,,0.06114607889724184,televenda,2180
1000058223,Bioseguridad,Commodities,reposicio_pendent,promiscu,315,185.0,129.0,0.286,1667.34,357.09,baixa,Client promiscu de Bioseguridad. El cicle de reposició indica compra pendent (129 dies de retard). Oportunitat de capturar part de la compra.,2025-12-30,,,0.06114607889724184,televenda,2181
37861,Bioseguridad,Commodities,reposicio_pendent,promiscu,216,113.0,103.0,0.286,1667.34,357.09,baixa,Client promiscu de Bioseguridad. El cicle de reposició indica compra pendent (103 dies de retard). Oportunitat de capturar part de la compra.,2025-12-30,,,0.06114607889724184,televenda,2182
29437,Bioseguridad,Commodities,reposicio_pendent,promiscu,230,134.0,96.0,0.286,1667.34,357.09,baixa,Client promiscu de Bioseguridad. El cicle de reposició indica compra pendent (96 dies de retard). Oportunitat de capturar part de la compra.,2025-12-30,,,0.06114607889724184,televenda,2183
1000080411,Anestesia,Commodities,reposicio_pendent,promiscu,215,193.0,22.0,0.344,1802.36,354.68,baixa,Client promiscu de Anestesia. El cicle de reposició indica compra pendent (22 dies de retard). Oportunitat de capturar part de la compra.,2025-12-30,,,0.06107586489053661,televenda,2184
1000067191,Anestesia,Commodities,reposicio_pendent,promiscu,314,283.0,31.0,0.478,2223.12,348.43,baixa,Client promiscu de Anestesia. El cicle de reposició indica compra pendent (31 dies de retard). Oportunitat de capturar part de la compra.,2025-12-30,,,0.060891534105971715,televenda,2185
1000081135,Anestesia,Commodities,reposicio_pendent,promiscu,354,280.0,74.0,0.478,2223.12,348.43,baixa,Client promiscu de Anestesia. El cicle de reposició indica compra pendent (74 dies de retard). Oportunitat de capturar part de la compra.,2025-12-30,,,0.060891534105971715,televenda,2186
1000081851,Anestesia,Commodities,reposicio_pendent,promiscu,347,175.0,171.0,0.481,2223.12,345.94,baixa,Client promiscu de Anestesia. El cicle de reposició indica compra pendent (171 dies de retard). Oportunitat de capturar part de la compra.,2025-12-30,,,0.06081717665409511,televenda,2187
12821,Anestesia,Commodities,reposicio_pendent,promiscu,351,340.0,10.0,0.484,2223.12,344.42,baixa,Client promiscu de Anestesia. El cicle de reposició indica compra pendent (10 dies de retard). Oportunitat de capturar part de la compra.,2025-12-30,,,0.060771522986716814,televenda,2188
32215,Anestesia,Commodities,reposicio_pendent,promiscu,214,148.0,65.0,0.368,1802.36,341.55,baixa,Client promiscu de Anestesia. El cicle de reposició indica compra pendent (65 dies de retard). Oportunitat de capturar part de la compra.,2025-12-30,,,0.06068477123170562,televenda,2189
21796,Anestesia,Commodities,reposicio_pendent,promiscu,264,204.0,60.0,0.489,2223.12,341.11,baixa,Client promiscu de Anestesia. El cicle de reposició indica compra pendent (60 dies de retard). Oportunitat de capturar part de la compra.,2025-12-30,,,0.0606714070880788,televenda,2190
28541,Anestesia,Commodities,reposicio_pendent,promiscu,285,150.0,135.0,0.491,2223.12,339.16,baixa,Client promiscu de Anestesia. El cicle de reposició indica compra pendent (135 dies de retard). Oportunitat de capturar part de la compra.,2025-12-30,,,0.06061197200522895,televenda,2191
1000072282,Anestesia,Commodities,reposicio_pendent,promiscu,181,153.0,27.0,0.496,2223.12,336.26,baixa,Client promiscu de Anestesia. El cicle de reposició indica compra pendent (27 dies de retard). Oportunitat de capturar part de la compra.,2025-12-30,,,0.060522948233505375,televenda,2192
1000063882,Anestesia,Commodities,reposicio_pendent,promiscu,180,162.0,18.0,0.498,2223.12,334.74,baixa,Client promiscu de Anestesia. El cicle de reposició indica compra pendent (18 dies de retard). Oportunitat de capturar part de la compra.,2025-12-30,,,0.06047598125563058,televenda,2193
29035,Anestesia,Commodities,reposicio_pendent,promiscu,284,219.0,65.0,0.498,2223.12,334.74,baixa,Client promiscu de Anestesia. El cicle de reposició indica compra pendent (65 dies de retard). Oportunitat de capturar part de la compra.,2025-12-30,,,0.06047598125563058,televenda,2194
1000066596,Bioseguridad,Commodities,reposicio_pendent,promiscu,306,209.0,96.0,0.334,1667.34,333.24,baixa,Client promiscu de Bioseguridad. El cicle de reposició indica compra pendent (96 dies de retard). Oportunitat de capturar part de la compra.,2025-12-30,,,0.060429423343094306,televenda,2195
35959,Bioseguridad,Commodities,reposicio_pendent,promiscu,207,88.0,118.0,0.336,1667.34,332.11,baixa,Client promiscu de Bioseguridad. El cicle de reposició indica compra pendent (118 dies de retard). Oportunitat de capturar part de la compra.,2025-12-30,,,0.06039421151705076,televenda,2196
1000079153,Anestesia,Commodities,reposicio_pendent,promiscu,251,232.0,19.0,0.677,3410.04,330.91,baixa,Client promiscu de Anestesia. El cicle de reposició indica compra pendent (19 dies de retard). Oportunitat de capturar part de la compra.,2025-12-30,,,0.06035668741013341,televenda,2197
16706,Anestesia,Commodities,reposicio_pendent,promiscu,249,207.0,42.0,0.505,2223.12,330.28,baixa,Client promiscu de Anestesia. El cicle de reposició indica compra pendent (42 dies de retard). Oportunitat de capturar part de la compra.,2025-12-30,,,0.060336932909082104,televenda,2198
36500,Bioseguridad,Commodities,reposicio_pendent,promiscu,203,152.0,50.0,0.34,1667.34,330.08,baixa,Client promiscu de Bioseguridad. El cicle de reposició indica compra pendent (50 dies de retard). Oportunitat de capturar part de la compra.,2025-12-30,,,0.060330653782107765,televenda,2199
1000100611,Bioseguridad,Commodities,reposicio_pendent,promiscu,302,175.0,127.0,0.34,1667.34,330.08,baixa,Client promiscu de Bioseguridad. El cicle de reposició indica compra pendent (127 dies de retard). Oportunitat de capturar part de la compra.,2025-12-30,,,0.060330653782107765,televenda,2200
8670,Anestesia,Commodities,reposicio_pendent,promiscu,298,213.0,84.0,0.393,1802.36,328.1,baixa,Client promiscu de Anestesia. El cicle de reposició indica compra pendent (84 dies de retard). Oportunitat de capturar part de la compra.,2025-12-30,,,0.06026828496848362,televenda,2201
1000074724,Anestesia,Commodities,reposicio_pendent,promiscu,284,146.0,138.0,0.393,1802.36,328.1,baixa,Client promiscu de Anestesia. El cicle de reposició indica compra pendent (138 dies de retard). Oportunitat de capturar part de la compra.,2025-12-30,,,0.06026828496848362,televenda,2202
30047,Anestesia,Commodities,reposicio_pendent,promiscu,214,161.0,53.0,0.393,1802.36,328.1,baixa,Client promiscu de Anestesia. El cicle de reposició indica compra pendent (53 dies de retard). Oportunitat de capturar part de la compra.,2025-12-30,,,0.06026828496848362,televenda,2203
42295,Anestesia,Commodities,reposicio_pendent,promiscu,148,120.0,28.0,0.68,3410.04,327.71,baixa,Client promiscu de Anestesia. El cicle de reposició indica compra pendent (28 dies de retard). Oportunitat de capturar part de la compra.,2025-12-30,,,0.060255955977343234,televenda,2204
38631,Bioseguridad,Commodities,reposicio_pendent,promiscu,293,1.0,292.0,0.0,1086.44,325.93,baixa,Client promiscu de Bioseguridad. El cicle de reposició indica compra pendent (292 dies de retard). Oportunitat de capturar part de la compra.,2025-12-30,,,0.06019949882334254,televenda,2205
1000061222,Anestesia,Commodities,reposicio_pendent,promiscu,273,183.0,89.0,0.513,2223.12,324.93,baixa,Client promiscu de Anestesia. El cicle de reposició indica compra pendent (89 dies de retard). Oportunitat de capturar part de la compra.,2025-12-30,,,0.06016764631538578,televenda,2206
21930,Anestesia,Commodities,reposicio_pendent,promiscu,319,235.0,84.0,0.516,2223.12,322.92,baixa,Client promiscu de Anestesia. El cicle de reposició indica compra pendent (84 dies de retard). Oportunitat de capturar part de la compra.,2025-12-30,,,0.060103326072904126,televenda,2207
1000081131,Anestesia,Commodities,reposicio_pendent,promiscu,356,108.0,248.0,0.516,2223.12,322.92,baixa,Client promiscu de Anestesia. El cicle de reposició indica compra pendent (248 dies de retard). Oportunitat de capturar part de la compra.,2025-12-30,,,0.060103326072904126,televenda,2208
1000064792,Anestesia,Commodities,reposicio_pendent,promiscu,218,211.0,7.0,0.517,2223.12,322.39,baixa,Client promiscu de Anestesia. El cicle de reposició indica compra pendent (7 dies de retard). Oportunitat de capturar part de la compra.,2025-12-30,,,0.060086299509331614,televenda,2209
1000075276,Anestesia,Commodities,reposicio_pendent,promiscu,323,267.0,55.0,0.517,2223.12,321.91,baixa,Client promiscu de Anestesia. El cicle de reposició indica compra pendent (55 dies de retard). Oportunitat de capturar part de la compra.,2025-12-30,,,0.06007085512803126,televenda,2210
42350,Anestesia,Commodities,reposicio_pendent,promiscu,309,277.0,32.0,0.517,2223.12,321.9,baixa,Client promiscu de Anestesia. El cicle de reposició indica compra pendent (32 dies de retard). Oportunitat de capturar part de la compra.,2025-12-30,,,0.06007053312601699,televenda,2211
1000102160,Anestesia,Commodities,reposicio_pendent,promiscu,84,5.0,79.0,0.518,2223.12,321.46,baixa,Client promiscu de Anestesia. El cicle de reposició indica compra pendent (79 dies de retard). Oportunitat de capturar part de la compra.,2025-12-30,,,0.06005635515599463,televenda,2212
1000078857,Anestesia,Commodities,reposicio_pendent,promiscu,279,191.0,88.0,0.411,1802.36,318.25,baixa,Client promiscu de Anestesia. El cicle de reposició indica compra pendent (88 dies de retard). Oportunitat de capturar part de la compra.,2025-12-30,,,0.059952331239326626,televenda,2213
1000064976,Bioseguridad,Commodities,reposicio_pendent,promiscu,341,183.0,157.0,0.364,1667.34,317.93,baixa,Client promiscu de Bioseguridad. El cicle de reposició indica compra pendent (157 dies de retard). Oportunitat de capturar part de la compra.,2025-12-30,,,0.05994190397989541,televenda,2214
1000042947,Anestesia,Commodities,reposicio_pendent,promiscu,266,163.0,102.0,0.526,2223.12,316.26,baixa,Client promiscu de Anestesia. El cicle de reposició indica compra pendent (102 dies de retard). Oportunitat de capturar part de la compra.,2025-12-30,,,0.05988731638194109,televenda,2215
28057,Anestesia,Commodities,reposicio_pendent,promiscu,231,153.0,78.0,0.536,2223.12,309.6,baixa,Client promiscu de Anestesia. El cicle de reposició indica compra pendent (78 dies de retard). Oportunitat de capturar part de la compra.,2025-12-30,,,0.059666723722336994,televenda,2216
11682,Anestesia,Commodities,reposicio_pendent,promiscu,356,315.0,40.0,0.431,1802.36,307.84,baixa,Client promiscu de Anestesia. El cicle de reposició indica compra pendent (40 dies de retard). Oportunitat de capturar part de la compra.,2025-12-30,,,0.05960763862652198,televenda,2217
27767,Bioseguridad,Commodities,reposicio_pendent,promiscu,215,129.0,86.0,0.543,2223.12,304.64,baixa,Client promiscu de Bioseguridad. El cicle de reposició indica compra pendent (86 dies de retard). Oportunitat de capturar part de la compra.,2025-12-30,,,0.05949934335209893,televenda,2218
1000068197,Anestesia,Commodities,reposicio_pendent,promiscu,190,171.0,19.0,0.442,1802.36,301.84,baixa,Client promiscu de Anestesia. El cicle de reposició indica compra pendent (19 dies de retard). Oportunitat de capturar part de la compra.,2025-12-30,,,0.059403650798824606,televenda,2219
1000080492,Anestesia,Commodities,reposicio_pendent,promiscu,349,172.0,177.0,0.442,1802.36,301.57,baixa,Client promiscu de Anestesia. El cicle de reposició indica compra pendent (177 dies de retard). Oportunitat de capturar part de la compra.,2025-12-30,,,0.059394376575349156,televenda,2220
39287,Anestesia,Commodities,reposicio_pendent,promiscu,223,147.0,75.0,0.445,1802.36,300.11,baixa,Client promiscu de Anestesia. El cicle de reposició indica compra pendent (75 dies de retard). Oportunitat de capturar part de la compra.,2025-12-30,,,0.05934408325962793,televenda,2221
12557,Anestesia,Commodities,reposicio_pendent,promiscu,81,3.0,78.0,0.552,2223.12,299.08,baixa,Client promiscu de Anestesia. El cicle de reposició indica compra pendent (78 dies de retard). Oportunitat de capturar part de la compra.,2025-12-30,,,0.059308455439136716,televenda,2222
30530,Anestesia,Commodities,reposicio_pendent,promiscu,278,179.0,99.0,0.553,2223.12,297.97,baixa,Client promiscu de Anestesia. El cicle de reposició indica compra pendent (99 dies de retard). Oportunitat de capturar part de la compra.,2025-12-30,,,0.05926992324344739,televenda,2223
42002,Anestesia,Commodities,reposicio_pendent,promiscu,333,202.0,131.0,0.555,2223.12,296.83,baixa,Client promiscu de Anestesia. El cicle de reposició indica compra pendent (131 dies de retard). Oportunitat de capturar part de la compra.,2025-12-30,,,0.05923020043747107,televenda,2224
1000070667,Anestesia,Commodities,reposicio_pendent,promiscu,201,113.0,87.0,0.561,2223.12,292.99,baixa,Client promiscu de Anestesia. El cicle de reposició indica compra pendent (87 dies de retard). Oportunitat de capturar part de la compra.,2025-12-30,,,0.05909526965609039,televenda,2225
1000079994,Anestesia,Commodities,reposicio_pendent,promiscu,298,289.0,9.0,0.567,2223.12,288.46,baixa,Client promiscu de Anestesia. El cicle de reposició indica compra pendent (9 dies de retard). Oportunitat de capturar part de la compra.,2025-12-30,,,0.058933809027577895,televenda,2226
37653,Bioseguridad,Commodities,reposicio_pendent,promiscu,117,66.0,51.0,0.122,1086.44,286.24,baixa,Client promiscu de Bioseguridad. El cicle de reposició indica compra pendent (51 dies de retard). Oportunitat de capturar part de la compra.,2025-12-30,,,0.058853757703045365,televenda,2227
42658,Bioseguridad,Commodities,reposicio_pendent,promiscu,148,119.0,29.0,0.122,1086.44,286.24,baixa,Client promiscu de Bioseguridad. El cicle de reposició indica compra pendent (29 dies de retard). Oportunitat de capturar part de la compra.,2025-12-30,,,0.058853757703045365,televenda,2228
13961,Anestesia,Commodities,reposicio_pendent,promiscu,231,225.0,6.0,0.572,2223.12,285.34,baixa,Client promiscu de Anestesia. El cicle de reposició indica compra pendent (6 dies de retard). Oportunitat de capturar part de la compra.,2025-12-30,,,0.05882112806771445,televenda,2229
42390,Anestesia,Commodities,reposicio_pendent,promiscu,322,307.0,15.0,0.58,2223.12,279.91,baixa,Client promiscu de Anestesia. El cicle de reposició indica compra pendent (15 dies de retard). Oportunitat de capturar part de la compra.,2025-12-30,,,0.05862205984243867,televenda,2230
1000071481,Anestesia,Commodities,reposicio_pendent,promiscu,312,187.0,125.0,0.58,2223.12,279.91,baixa,Client promiscu de Anestesia. El cicle de reposició indica compra pendent (125 dies de retard). Oportunitat de capturar part de la compra.,2025-12-30,,,0.05862205984243867,televenda,2231
1000100331,Anestesia,Commodities,reposicio_pendent,promiscu,344,152.0,192.0,0.58,2223.12,279.91,baixa,Client promiscu de Anestesia. El cicle de reposició indica compra pendent (192 dies de retard). Oportunitat de capturar part de la compra.,2025-12-30,,,0.05862205984243867,televenda,2232
1000080797,Anestesia,Commodities,reposicio_pendent,promiscu,305,234.0,71.0,0.58,2223.12,279.91,baixa,Client promiscu de Anestesia. El cicle de reposició indica compra pendent (71 dies de retard). Oportunitat de capturar part de la compra.,2025-12-30,,,0.05862205984243867,televenda,2233
1000081553,Anestesia,Commodities,reposicio_pendent,promiscu,347,264.0,83.0,0.58,2223.12,279.91,baixa,Client promiscu de Anestesia. El cicle de reposició indica compra pendent (83 dies de retard). Oportunitat de capturar part de la compra.,2025-12-30,,,0.05862205984243867,televenda,2234
1000082522,Anestesia,Commodities,reposicio_pendent,promiscu,319,200.0,118.0,0.58,2223.12,279.91,baixa,Client promiscu de Anestesia. El cicle de reposició indica compra pendent (118 dies de retard). Oportunitat de capturar part de la compra.,2025-12-30,,,0.05862205984243867,televenda,2235
14063,Anestesia,Commodities,reposicio_pendent,promiscu,308,297.0,11.0,0.582,2223.12,278.61,baixa,Client promiscu de Anestesia. El cicle de reposició indica compra pendent (11 dies de retard). Oportunitat de capturar part de la compra.,2025-12-30,,,0.058573829941314555,televenda,2236
1000062672,Anestesia,Commodities,reposicio_pendent,promiscu,284,239.0,44.0,0.583,2223.12,278.39,baixa,Client promiscu de Anestesia. El cicle de reposició indica compra pendent (44 dies de retard). Oportunitat de capturar part de la compra.,2025-12-30,,,0.05856564577871321,televenda,2237
1000100088,Bioseguridad,Commodities,reposicio_pendent,promiscu,341,259.0,82.0,0.146,1086.44,278.23,baixa,Client promiscu de Bioseguridad. El cicle de reposició indica compra pendent (82 dies de retard). Oportunitat de capturar part de la compra.,2025-12-30,,,0.05855968961168727,televenda,2238
1000077867,Bioseguridad,Commodities,reposicio_pendent,promiscu,326,237.0,88.0,0.146,1086.44,278.23,baixa,Client promiscu de Bioseguridad. El cicle de reposició indica compra pendent (88 dies de retard). Oportunitat de capturar part de la compra.,2025-12-30,,,0.05855968961168727,televenda,2239
33786,Bioseguridad,Commodities,reposicio_pendent,promiscu,96,7.0,89.0,0.146,1086.44,278.23,baixa,Client promiscu de Bioseguridad. El cicle de reposició indica compra pendent (89 dies de retard). Oportunitat de capturar part de la compra.,2025-12-30,,,0.05855968961168727,televenda,2240
30544,Anestesia,Commodities,reposicio_pendent,promiscu,209,101.0,107.0,0.59,2223.12,273.68,baixa,Client promiscu de Anestesia. El cicle de reposició indica compra pendent (107 dies de retard). Oportunitat de capturar part de la compra.,2025-12-30,,,0.05838886701742832,televenda,2241
2709,Anestesia,Commodities,reposicio_pendent,promiscu,351,177.0,174.0,0.591,2223.12,272.74,baixa,Client promiscu de Anestesia. El cicle de reposició indica compra pendent (174 dies de retard). Oportunitat de capturar part de la compra.,2025-12-30,,,0.058353223681118144,televenda,2242
1000082197,Anestesia,Commodities,reposicio_pendent,promiscu,354,255.0,99.0,0.591,2223.12,272.74,baixa,Client promiscu de Anestesia. El cicle de reposició indica compra pendent (99 dies de retard). Oportunitat de capturar part de la compra.,2025-12-30,,,0.058353223681118144,televenda,2243
1000081686,Anestesia,Commodities,reposicio_pendent,promiscu,265,257.0,8.0,0.598,2223.12,268.3,baixa,Client promiscu de Anestesia. El cicle de reposició indica compra pendent (8 dies de retard). Oportunitat de capturar part de la compra.,2025-12-30,,,0.058183194218895076,televenda,2244
1000081915,Anestesia,Commodities,reposicio_pendent,promiscu,215,178.0,37.0,0.598,2223.12,268.3,baixa,Client promiscu de Anestesia. El cicle de reposició indica compra pendent (37 dies de retard). Oportunitat de capturar part de la compra.,2025-12-30,,,0.058183194218895076,televenda,2245
35566,Anestesia,Commodities,reposicio_pendent,promiscu,301,275.0,25.0,0.598,2223.12,268.3,baixa,Client promiscu de Anestesia. El cicle de reposició indica compra pendent (25 dies de retard). Oportunitat de capturar part de la compra.,2025-12-30,,,0.058183194218895076,televenda,2246
36419,Anestesia,Commodities,reposicio_pendent,promiscu,238,192.0,45.0,0.598,2223.12,268.3,baixa,Client promiscu de Anestesia. El cicle de reposició indica compra pendent (45 dies de retard). Oportunitat de capturar part de la compra.,2025-12-30,,,0.058183194218895076,televenda,2247
1000078355,Anestesia,Commodities,reposicio_pendent,promiscu,181,115.0,66.0,0.598,2223.12,268.3,baixa,Client promiscu de Anestesia. El cicle de reposició indica compra pendent (66 dies de retard). Oportunitat de capturar part de la compra.,2025-12-30,,,0.058183194218895076,televenda,2248
1000060172,Anestesia,Commodities,reposicio_pendent,promiscu,208,170.0,38.0,0.598,2223.12,268.3,baixa,Client promiscu de Anestesia. El cicle de reposició indica compra pendent (38 dies de retard). Oportunitat de capturar part de la compra.,2025-12-30,,,0.058183194218895076,televenda,2249
1000101240,Anestesia,Commodities,reposicio_pendent,promiscu,228,80.0,148.0,0.598,2223.12,268.3,baixa,Client promiscu de Anestesia. El cicle de reposició indica compra pendent (148 dies de retard). Oportunitat de capturar part de la compra.,2025-12-30,,,0.058183194218895076,televenda,2250
1000059423,Bioseguridad,Commodities,reposicio_pendent,promiscu,294,69.0,224.0,0.183,1086.44,266.39,baixa,Client promiscu de Bioseguridad. El cicle de reposició indica compra pendent (224 dies de retard). Oportunitat de capturar part de la compra.,2025-12-30,,,0.058109186835186684,televenda,2251
13299,Bioseguridad,Commodities,reposicio_pendent,promiscu,292,123.0,169.0,0.477,1667.34,261.69,baixa,Client promiscu de Bioseguridad. El cicle de reposició indica compra pendent (169 dies de retard). Oportunitat de capturar part de la compra.,2025-12-30,,,0.057924799463168655,televenda,2252
1000078307,Anestesia,Commodities,reposicio_pendent,promiscu,238,217.0,21.0,0.608,2223.12,261.32,baixa,Client promiscu de Anestesia. El cicle de reposició indica compra pendent (21 dies de retard). Oportunitat de capturar part de la compra.,2025-12-30,,,0.057910144066616175,televenda,2253
1000072582,Anestesia,Commodities,reposicio_pendent,promiscu,214,204.0,10.0,0.609,2223.12,260.9,baixa,Client promiscu de Anestesia. El cicle de reposició indica compra pendent (10 dies de retard). Oportunitat de capturar part de la compra.,2025-12-30,,,0.057893483140014634,televenda,2254
19211,Bioseguridad,Commodities,reposicio_pendent,promiscu,327,179.0,148.0,0.481,1667.34,259.43,baixa,Client promiscu de Bioseguridad. El cicle de reposició indica compra pendent (148 dies de retard). Oportunitat de capturar part de la compra.,2025-12-30,,,0.05783495875415514,televenda,2255
367,Bioseguridad,Commodities,reposicio_pendent,promiscu,349,246.0,103.0,0.486,1667.34,257.17,baixa,Client promiscu de Bioseguridad. El cicle de reposició indica compra pendent (103 dies de retard). Oportunitat de capturar part de la compra.,2025-12-30,,,0.05774433500402342,televenda,2256
1000080263,Bioseguridad,Commodities,reposicio_pendent,promiscu,223,209.0,14.0,0.486,1667.34,257.17,baixa,Client promiscu de Bioseguridad. El cicle de reposició indica compra pendent (14 dies de retard). Oportunitat de capturar part de la compra.,2025-12-30,,,0.05774433500402342,televenda,2257
1000058426,Bioseguridad,Commodities,reposicio_pendent,promiscu,203,172.0,31.0,0.486,1667.34,257.17,baixa,Client promiscu de Bioseguridad. El cicle de reposició indica compra pendent (31 dies de retard). Oportunitat de capturar part de la compra.,2025-12-30,,,0.05774433500402342,televenda,2258
1000081916,Bioseguridad,Commodities,reposicio_pendent,promiscu,225,159.0,66.0,0.486,1667.34,257.17,baixa,Client promiscu de Bioseguridad. El cicle de reposició indica compra pendent (66 dies de retard). Oportunitat de capturar part de la compra.,2025-12-30,,,0.05774433500402342,televenda,2259
33680,Bioseguridad,Commodities,reposicio_pendent,promiscu,230,144.0,86.0,0.22,1086.44,254.38,baixa,Client promiscu de Bioseguridad. El cicle de reposició indica compra pendent (86 dies de retard). Oportunitat de capturar part de la compra.,2025-12-30,,,0.057631358249034356,televenda,2260
17574,Bioseguridad,Commodities,reposicio_pendent,promiscu,208,84.0,124.0,0.221,1086.44,253.93,baixa,Client promiscu de Bioseguridad. El cicle de reposició indica compra pendent (124 dies de retard). Oportunitat de capturar part de la compra.,2025-12-30,,,0.05761302067410486,televenda,2261
1000100003,Anestesia,Commodities,reposicio_pendent,promiscu,321,260.0,61.0,0.629,2223.12,247.66,baixa,Client promiscu de Anestesia. El cicle de reposició indica compra pendent (61 dies de retard). Oportunitat de capturar part de la compra.,2025-12-30,,,0.05735409432975693,televenda,2262
41499,Bioseguridad,Commodities,reposicio_pendent,promiscu,237,146.0,91.0,0.24,1086.44,247.64,baixa,Client promiscu de Bioseguridad. El cicle de reposició indica compra pendent (91 dies de retard). Oportunitat de capturar part de la compra.,2025-12-30,,,0.057353258005120186,televenda,2263
37654,Bioseguridad,Commodities,reposicio_pendent,promiscu,119,81.0,38.0,0.24,1086.44,247.64,baixa,Client promiscu de Bioseguridad. El cicle de reposició indica compra pendent (38 dies de retard). Oportunitat de capturar part de la compra.,2025-12-30,,,0.057353258005120186,televenda,2264
1000100179,Anestesia,Commodities,reposicio_pendent,promiscu,336,230.0,105.0,0.631,2223.12,246.14,baixa,Client promiscu de Anestesia. El cicle de reposició indica compra pendent (105 dies de retard). Oportunitat de capturar part de la compra.,2025-12-30,,,0.05729034116034798,televenda,2265
1000102016,Anestesia,Commodities,reposicio_pendent,promiscu,155,32.0,123.0,0.76,3410.04,245.39,baixa,Client promiscu de Anestesia. El cicle de reposició indica compra pendent (123 dies de retard). Oportunitat de capturar part de la compra.,2025-12-30,,,0.05725873939132238,televenda,2266
7362,Bioseguridad,Commodities,reposicio_pendent,promiscu,291,121.0,170.0,0.51,1667.34,245.01,baixa,Client promiscu de Bioseguridad. El cicle de reposició indica compra pendent (170 dies de retard). Oportunitat de capturar part de la compra.,2025-12-30,,,0.057242691092866324,televenda,2267
28629,Bioseguridad,Commodities,reposicio_pendent,promiscu,314,266.0,48.0,0.249,1086.44,244.84,baixa,Client promiscu de Bioseguridad. El cicle de reposició indica compra pendent (48 dies de retard). Oportunitat de capturar part de la compra.,2025-12-30,,,0.05723550356375248,televenda,2268
1000100606,Bioseguridad,Commodities,reposicio_pendent,promiscu,326,190.0,136.0,0.25,1086.44,244.52,baixa,Client promiscu de Bioseguridad. El cicle de reposició indica compra pendent (136 dies de retard). Oportunitat de capturar part de la compra.,2025-12-30,,,0.057221960603790555,televenda,2269
1000100210,Anestesia,Commodities,reposicio_pendent,promiscu,314,240.0,73.0,0.548,1802.36,244.4,baixa,Client promiscu de Anestesia. El cicle de reposició indica compra pendent (73 dies de retard). Oportunitat de capturar part de la compra.,2025-12-30,,,0.057216877442584066,televenda,2270
42403,Bioseguridad,Commodities,reposicio_pendent,promiscu,232,199.0,33.0,0.254,1086.44,243.3,baixa,Client promiscu de Bioseguridad. El cicle de reposició indica compra pendent (33 dies de retard). Oportunitat de capturar part de la compra.,2025-12-30,,,0.05717016563583872,televenda,2271
1000080738,Anestesia,Commodities,reposicio_pendent,promiscu,291,184.0,107.0,0.638,2223.12,241.73,baixa,Client promiscu de Anestesia. El cicle de reposició indica compra pendent (107 dies de retard). Oportunitat de capturar part de la compra.,2025-12-30,,,0.05710312952705654,televenda,2272
1000100007,Anestesia,Commodities,reposicio_pendent,promiscu,333,239.0,94.0,0.638,2223.12,241.22,baixa,Client promiscu de Anestesia. El cicle de reposició indica compra pendent (94 dies de retard). Oportunitat de capturar part de la compra.,2025-12-30,,,0.057081260134188315,televenda,2273
1000081851,Bioseguridad,Commodities,reposicio_pendent,promiscu,347,234.0,113.0,0.261,1086.44,240.87,baixa,Client promiscu de Bioseguridad. El cicle de reposició indica compra pendent (113 dies de retard). Oportunitat de capturar part de la compra.,2025-12-30,,,0.05706622506736857,televenda,2274
1000081215,Anestesia,Commodities,reposicio_pendent,promiscu,330,186.0,143.0,0.643,2223.12,238.1,baixa,Client promiscu de Anestesia. El cicle de reposició indica compra pendent (143 dies de retard). Oportunitat de capturar part de la compra.,2025-12-30,,,0.056946460062605765,televenda,2275
27159,Anestesia,Commodities,reposicio_pendent,promiscu,230,221.0,9.0,0.643,2223.12,237.88,baixa,Client promiscu de Anestesia. El cicle de reposició indica compra pendent (9 dies de retard). Oportunitat de capturar part de la compra.,2025-12-30,,,0.05693688864333924,televenda,2276
1000076807,Bioseguridad,Commodities,reposicio_pendent,promiscu,249,177.0,71.0,0.525,1667.34,237.84,baixa,Client promiscu de Bioseguridad. El cicle de reposició indica compra pendent (71 dies de retard). Oportunitat de capturar part de la compra.,2025-12-30,,,0.05693514743827099,televenda,2277
10927,Bioseguridad,Commodities,reposicio_pendent,promiscu,194,130.0,64.0,0.644,2223.12,237.61,baixa,Client promiscu de Bioseguridad. El cicle de reposició indica compra pendent (64 dies de retard). Oportunitat de capturar part de la compra.,2025-12-30,,,0.056925129846588644,televenda,2278
24226,Bioseguridad,Commodities,reposicio_pendent,promiscu,349,287.0,62.0,0.298,1086.44,228.72,baixa,Client promiscu de Bioseguridad. El cicle de reposició indica compra pendent (62 dies de retard). Oportunitat de capturar part de la compra.,2025-12-30,,,0.05653034060645647,televenda,2279
28408,Bioseguridad,Commodities,reposicio_pendent,promiscu,349,242.0,106.0,0.298,1086.44,228.72,baixa,Client promiscu de Bioseguridad. El cicle de reposició indica compra pendent (106 dies de retard). Oportunitat de capturar part de la compra.,2025-12-30,,,0.05653034060645647,televenda,2280
41080,Bioseguridad,Commodities,reposicio_pendent,promiscu,180,116.0,64.0,0.299,1086.44,228.55,baixa,Client promiscu de Bioseguridad. El cicle de reposició indica compra pendent (64 dies de retard). Oportunitat de capturar part de la compra.,2025-12-30,,,0.05652264320358818,televenda,2281
40833,Bioseguridad,Commodities,reposicio_pendent,promiscu,173,162.0,11.0,0.304,1086.44,226.69,baixa,Client promiscu de Bioseguridad. El cicle de reposició indica compra pendent (11 dies de retard). Oportunitat de capturar part de la compra.,2025-12-30,,,0.056438050193738265,televenda,2282
22710,Bioseguridad,Commodities,reposicio_pendent,promiscu,180,106.0,73.0,0.329,1086.44,218.6,baixa,Client promiscu de Bioseguridad. El cicle de reposició indica compra pendent (73 dies de retard). Oportunitat de capturar part de la compra.,2025-12-30,,,0.056061892412465855,televenda,2283
22813,Anestesia,Commodities,reposicio_pendent,promiscu,245,197.0,47.0,0.676,2223.12,215.85,baixa,Client promiscu de Anestesia. El cicle de reposició indica compra pendent (47 dies de retard). Oportunitat de capturar part de la compra.,2025-12-30,,,0.05593086345147369,televenda,2284
1000076341,Bioseguridad,Commodities,reposicio_pendent,promiscu,333,67.0,266.0,0.572,1667.34,213.98,baixa,Client promiscu de Bioseguridad. El cicle de reposició indica compra pendent (266 dies de retard). Oportunitat de capturar part de la compra.,2025-12-30,,,0.055840811139983425,televenda,2285
28536,Bioseguridad,Commodities,reposicio_pendent,promiscu,333,241.0,92.0,0.583,1667.34,208.56,baixa,Client promiscu de Bioseguridad. El cicle de reposició indica compra pendent (92 dies de retard). Oportunitat de capturar part de la compra.,2025-12-30,,,0.055575309247055955,televenda,2286
1000081316,Bioseguridad,Commodities,reposicio_pendent,promiscu,321,199.0,122.0,0.583,1667.34,208.56,baixa,Client promiscu de Bioseguridad. El cicle de reposició indica compra pendent (122 dies de retard). Oportunitat de capturar part de la compra.,2025-12-30,,,0.055575309247055955,televenda,2287
35905,Bioseguridad,Commodities,reposicio_pendent,promiscu,270,236.0,33.0,0.583,1667.34,208.56,baixa,Client promiscu de Bioseguridad. El cicle de reposició indica compra pendent (33 dies de retard). Oportunitat de capturar part de la compra.,2025-12-30,,,0.055575309247055955,televenda,2288
1000078424,Bioseguridad,Commodities,reposicio_pendent,promiscu,287,273.0,14.0,0.366,1086.44,206.68,baixa,Client promiscu de Bioseguridad. El cicle de reposició indica compra pendent (14 dies de retard). Oportunitat de capturar part de la compra.,2025-12-30,,,0.05548160954595225,televenda,2289
1000100416,Bioseguridad,Commodities,reposicio_pendent,promiscu,239,149.0,90.0,0.366,1086.44,206.68,baixa,Client promiscu de Bioseguridad. El cicle de reposició indica compra pendent (90 dies de retard). Oportunitat de capturar part de la compra.,2025-12-30,,,0.05548160954595225,televenda,2290
11388,Bioseguridad,Commodities,reposicio_pendent,promiscu,239,148.0,91.0,0.366,1086.44,206.68,baixa,Client promiscu de Bioseguridad. El cicle de reposició indica compra pendent (91 dies de retard). Oportunitat de capturar part de la compra.,2025-12-30,,,0.05548160954595225,televenda,2291
5939,Bioseguridad,Commodities,reposicio_pendent,promiscu,186,150.0,36.0,0.366,1086.44,206.68,baixa,Client promiscu de Bioseguridad. El cicle de reposició indica compra pendent (36 dies de retard). Oportunitat de capturar part de la compra.,2025-12-30,,,0.05548160954595225,televenda,2292
40280,Bioseguridad,Commodities,reposicio_pendent,promiscu,326,297.0,29.0,0.366,1086.44,206.68,baixa,Client promiscu de Bioseguridad. El cicle de reposició indica compra pendent (29 dies de retard). Oportunitat de capturar part de la compra.,2025-12-30,,,0.05548160954595225,televenda,2293
1000062710,Bioseguridad,Commodities,reposicio_pendent,promiscu,215,150.0,64.0,0.366,1086.44,206.68,baixa,Client promiscu de Bioseguridad. El cicle de reposició indica compra pendent (64 dies de retard). Oportunitat de capturar part de la compra.,2025-12-30,,,0.05548160954595225,televenda,2294
1000075177,Bioseguridad,Commodities,reposicio_pendent,promiscu,223,135.0,87.0,0.366,1086.44,206.68,baixa,Client promiscu de Bioseguridad. El cicle de reposició indica compra pendent (87 dies de retard). Oportunitat de capturar part de la compra.,2025-12-30,,,0.05548160954595225,televenda,2295
732,Bioseguridad,Commodities,reposicio_pendent,promiscu,323,153.0,170.0,0.366,1086.44,206.68,baixa,Client promiscu de Bioseguridad. El cicle de reposició indica compra pendent (170 dies de retard). Oportunitat de capturar part de la compra.,2025-12-30,,,0.05548160954595225,televenda,2296
1000044579,Bioseguridad,Commodities,reposicio_pendent,promiscu,273,102.0,170.0,0.366,1086.44,206.68,baixa,Client promiscu de Bioseguridad. El cicle de reposició indica compra pendent (170 dies de retard). Oportunitat de capturar part de la compra.,2025-12-30,,,0.05548160954595225,televenda,2297
1000078634,Bioseguridad,Commodities,reposicio_pendent,promiscu,314,184.0,130.0,0.373,1086.44,204.41,baixa,Client promiscu de Bioseguridad. El cicle de reposició indica compra pendent (130 dies de retard). Oportunitat de capturar part de la compra.,2025-12-30,,,0.05536733515881309,televenda,2298
1000100497,Bioseguridad,Commodities,reposicio_pendent,promiscu,328,320.0,8.0,0.373,1086.44,204.41,baixa,Client promiscu de Bioseguridad. El cicle de reposició indica compra pendent (8 dies de retard). Oportunitat de capturar part de la compra.,2025-12-30,,,0.05536733515881309,televenda,2299
32316,Bioseguridad,Commodities,reposicio_pendent,promiscu,204,182.0,22.0,0.373,1086.44,204.41,baixa,Client promiscu de Bioseguridad. El cicle de reposició indica compra pendent (22 dies de retard). Oportunitat de capturar part de la compra.,2025-12-30,,,0.05536733515881309,televenda,2300
1000080365,Bioseguridad,Commodities,reposicio_pendent,promiscu,270,154.0,116.0,0.373,1086.44,204.41,baixa,Client promiscu de Bioseguridad. El cicle de reposició indica compra pendent (116 dies de retard). Oportunitat de capturar part de la compra.,2025-12-30,,,0.05536733515881309,televenda,2301
1000101783,Anestesia,Commodities,reposicio_pendent,promiscu,207,100.0,107.0,0.623,1802.36,203.6,baixa,Client promiscu de Anestesia. El cicle de reposició indica compra pendent (107 dies de retard). Oportunitat de capturar part de la compra.,2025-12-30,,,0.055326252883504075,televenda,2302
6731,Bioseguridad,Commodities,reposicio_pendent,promiscu,327,206.0,120.0,0.381,1086.44,201.91,baixa,Client promiscu de Bioseguridad. El cicle de reposició indica compra pendent (120 dies de retard). Oportunitat de capturar part de la compra.,2025-12-30,,,0.05524001178537879,televenda,2303
1000038775,Anestesia,Commodities,reposicio_pendent,promiscu,264,242.0,21.0,0.7,2223.12,199.76,baixa,Client promiscu de Anestesia. El cicle de reposició indica compra pendent (21 dies de retard). Oportunitat de capturar part de la compra.,2025-12-30,,,0.05512925267830386,televenda,2304
11664,Anestesia,Commodities,reposicio_pendent,promiscu,251,160.0,90.0,0.654,1802.36,186.86,baixa,Client promiscu de Anestesia. El cicle de reposició indica compra pendent (90 dies de retard). Oportunitat de capturar part de la compra.,2025-12-30,,,0.054438714802408875,televenda,2305
1000075334,Anestesia,Commodities,reposicio_pendent,promiscu,351,243.0,108.0,0.726,2223.12,182.89,baixa,Client promiscu de Anestesia. El cicle de reposició indica compra pendent (108 dies de retard). Oportunitat de capturar part de la compra.,2025-12-30,,,0.054216629716725015,televenda,2306
25266,Bioseguridad,Commodities,reposicio_pendent,promiscu,341,141.0,200.0,0.439,1086.44,182.82,baixa,Client promiscu de Bioseguridad. El cicle de reposició indica compra pendent (200 dies de retard). Oportunitat de capturar part de la compra.,2025-12-30,,,0.054212670986031546,televenda,2307
1000041560,Bioseguridad,Commodities,reposicio_pendent,promiscu,292,115.0,177.0,0.439,1086.44,182.82,baixa,Client promiscu de Bioseguridad. El cicle de reposició indica compra pendent (177 dies de retard). Oportunitat de capturar part de la compra.,2025-12-30,,,0.054212670986031546,televenda,2308
1000065909,Bioseguridad,Commodities,reposicio_pendent,promiscu,312,125.0,187.0,0.439,1086.44,182.82,baixa,Client promiscu de Bioseguridad. El cicle de reposició indica compra pendent (187 dies de retard). Oportunitat de capturar part de la compra.,2025-12-30,,,0.054212670986031546,televenda,2309
1000044579,Anestesia,Commodities,reposicio_pendent,promiscu,158,139.0,19.0,0.729,2223.12,180.91,baixa,Client promiscu de Anestesia. El cicle de reposició indica compra pendent (19 dies de retard). Oportunitat de capturar part de la compra.,2025-12-30,,,0.05410406842081583,televenda,2310
1000067766,Bioseguridad,Commodities,reposicio_pendent,promiscu,250,77.0,172.0,0.317,879.2,180.28,baixa,Client promiscu de Bioseguridad. El cicle de reposició indica compra pendent (172 dies de retard). Oportunitat de capturar part de la compra.,2025-12-30,,,0.05406799640134549,televenda,2311
1000081729,Bioseguridad,Commodities,reposicio_pendent,promiscu,244,235.0,9.0,0.447,1086.44,180.19,baixa,Client promiscu de Bioseguridad. El cicle de reposició indica compra pendent (9 dies de retard). Oportunitat de capturar part de la compra.,2025-12-30,,,0.054062833024719,televenda,2312
1000061986,Anestesia,Commodities,reposicio_pendent,promiscu,308,264.0,44.0,0.674,1802.36,176.41,baixa,Client promiscu de Anestesia. El cicle de reposició indica compra pendent (44 dies de retard). Oportunitat de capturar part de la compra.,2025-12-30,,,0.05384362272569703,televenda,2313
4133,Bioseguridad,Commodities,reposicio_pendent,promiscu,316,287.0,29.0,0.464,1086.44,174.6,baixa,Client promiscu de Bioseguridad. El cicle de reposició indica compra pendent (29 dies de retard). Oportunitat de capturar part de la compra.,2025-12-30,,,0.053736997803702696,televenda,2314
1000068733,Bioseguridad,Commodities,reposicio_pendent,promiscu,119,84.0,35.0,0.346,879.2,172.62,baixa,Client promiscu de Bioseguridad. El cicle de reposició indica compra pendent (35 dies de retard). Oportunitat de capturar part de la compra.,2025-12-30,,,0.0536190922967614,televenda,2315
1000039707,Anestesia,Commodities,reposicio_pendent,promiscu,222,182.0,39.0,0.75,2223.12,166.4,baixa,Client promiscu de Anestesia. El cicle de reposició indica compra pendent (39 dies de retard). Oportunitat de capturar part de la compra.,2025-12-30,,,0.053239758048157906,televenda,2316
3709,Bioseguridad,Commodities,reposicio_pendent,promiscu,344,203.0,141.0,0.68,1667.34,159.95,baixa,Client promiscu de Bioseguridad. El cicle de reposició indica compra pendent (141 dies de retard). Oportunitat de capturar part de la compra.,2025-12-30,,,0.052831211149331835,televenda,2317
1000077805,Bioseguridad,Commodities,reposicio_pendent,promiscu,186,161.0,25.0,0.512,1086.44,158.97,baixa,Client promiscu de Bioseguridad. El cicle de reposició indica compra pendent (25 dies de retard). Oportunitat de capturar part de la compra.,2025-12-30,,,0.05276770818539254,televenda,2318
1000065164,Bioseguridad,Commodities,reposicio_pendent,promiscu,239,168.0,71.0,0.512,1086.44,158.97,baixa,Client promiscu de Bioseguridad. El cicle de reposició indica compra pendent (71 dies de retard). Oportunitat de capturar part de la compra.,2025-12-30,,,0.05276770818539254,televenda,2319
3784,Bioseguridad,Commodities,reposicio_pendent,promiscu,330,178.0,152.0,0.512,1086.44,158.97,baixa,Client promiscu de Bioseguridad. El cicle de reposició indica compra pendent (152 dies de retard). Oportunitat de capturar part de la compra.,2025-12-30,,,0.05276770818539254,televenda,2320
1000077538,Bioseguridad,Commodities,reposicio_pendent,promiscu,305,201.0,104.0,0.522,1086.44,155.81,baixa,Client promiscu de Bioseguridad. El cicle de reposició indica compra pendent (104 dies de retard). Oportunitat de capturar part de la compra.,2025-12-30,,,0.052560261219159445,televenda,2321
1000075930,Bioseguridad,Commodities,reposicio_pendent,promiscu,334,242.0,92.0,0.522,1086.44,155.81,baixa,Client promiscu de Bioseguridad. El cicle de reposició indica compra pendent (92 dies de retard). Oportunitat de capturar part de la compra.,2025-12-30,,,0.052560261219159445,televenda,2322
19864,Bioseguridad,Commodities,reposicio_pendent,promiscu,273,140.0,133.0,0.522,1086.44,155.81,baixa,Client promiscu de Bioseguridad. El cicle de reposició indica compra pendent (133 dies de retard). Oportunitat de capturar part de la compra.,2025-12-30,,,0.052560261219159445,televenda,2323
1000076224,Bioseguridad,Commodities,reposicio_pendent,promiscu,313,240.0,73.0,0.522,1086.44,155.81,baixa,Client promiscu de Bioseguridad. El cicle de reposició indica compra pendent (73 dies de retard). Oportunitat de capturar part de la compra.,2025-12-30,,,0.052560261219159445,televenda,2324
1000069115,Bioseguridad,Commodities,reposicio_pendent,promiscu,354,145.0,209.0,0.522,1086.44,155.81,baixa,Client promiscu de Bioseguridad. El cicle de reposició indica compra pendent (209 dies de retard). Oportunitat de capturar part de la compra.,2025-12-30,,,0.052560261219159445,televenda,2325
35614,Anestesia,Commodities,reposicio_pendent,promiscu,249,184.0,65.0,0.767,2223.12,155.58,baixa,Client promiscu de Anestesia. El cicle de reposició indica compra pendent (65 dies de retard). Oportunitat de capturar part de la compra.,2025-12-30,,,0.05254499940596346,televenda,2326
5665,Anestesia,Commodities,reposicio_pendent,promiscu,341,304.0,36.0,0.774,2223.12,150.91,baixa,Client promiscu de Anestesia. El cicle de reposició indica compra pendent (36 dies de retard). Oportunitat de capturar part de la compra.,2025-12-30,,,0.05223017215112053,televenda,2327
31380,Anestesia,Commodities,finestra_captura,promiscu,40,186.0,0.0,0.998,2223.12,4.33,alta,Client promiscu de Anestesia. Cicle habitual: 186 dies. La seva finestra de compra és ARA (retard: 0 dies). Share of wallet actual: 100%. Oportunitat de capturar 4€ de quota de mercat.,2025-12-30,,,0.052196540827305446,televenda,2328
32995,Bioseguridad,Commodities,reposicio_pendent,promiscu,301,253.0,47.0,0.552,1086.44,145.92,baixa,Client promiscu de Bioseguridad. El cicle de reposició indica compra pendent (47 dies de retard). Oportunitat de capturar part de la compra.,2025-12-30,,,0.051882891909016085,televenda,2329
1000064990,Bioseguridad,Commodities,reposicio_pendent,promiscu,266,119.0,146.0,0.556,1086.44,144.79,baixa,Client promiscu de Bioseguridad. El cicle de reposició indica compra pendent (146 dies de retard). Oportunitat de capturar part de la compra.,2025-12-30,,,0.05180261208807198,televenda,2330
1000077887,Bioseguridad,Commodities,reposicio_pendent,promiscu,348,190.0,158.0,0.452,879.2,144.5,baixa,Client promiscu de Bioseguridad. El cicle de reposició indica compra pendent (158 dies de retard). Oportunitat de capturar part de la compra.,2025-12-30,,,0.051781908962334415,televenda,2331
16819,Bioseguridad,Commodities,reposicio_pendent,promiscu,179,170.0,9.0,0.452,879.2,144.5,baixa,Client promiscu de Bioseguridad. El cicle de reposició indica compra pendent (9 dies de retard). Oportunitat de capturar part de la compra.,2025-12-30,,,0.051781908962334415,televenda,2332
6666,Bioseguridad,Commodities,reposicio_pendent,promiscu,337,109.0,228.0,0.559,1086.44,143.65,baixa,Client promiscu de Bioseguridad. El cicle de reposició indica compra pendent (228 dies de retard). Oportunitat de capturar part de la compra.,2025-12-30,,,0.051720988814703765,televenda,2333
15330,Bioseguridad,Commodities,reposicio_pendent,promiscu,266,169.0,96.0,0.456,879.2,143.37,baixa,Client promiscu de Bioseguridad. El cicle de reposició indica compra pendent (96 dies de retard). Oportunitat de capturar part de la compra.,2025-12-30,,,0.05170084259228153,televenda,2334
1000067548,Anestesia,Commodities,reposicio_pendent,promiscu,166,155.0,10.0,0.786,2223.12,143.0,baixa,Client promiscu de Anestesia. El cicle de reposició indica compra pendent (10 dies de retard). Oportunitat de capturar part de la compra.,2025-12-30,,,0.05167416078525422,televenda,2335
2432,Bioseguridad,Commodities,reposicio_pendent,promiscu,323,149.0,174.0,0.461,879.2,142.24,baixa,Client promiscu de Bioseguridad. El cicle de reposició indica compra pendent (174 dies de retard). Oportunitat de capturar part de la compra.,2025-12-30,,,0.051619139207262535,televenda,2336
14644,Anestesia,Commodities,reposicio_pendent,promiscu,288,283.0,4.0,0.737,1802.36,142.07,baixa,Client promiscu de Anestesia. El cicle de reposició indica compra pendent (4 dies de retard). Oportunitat de capturar part de la compra.,2025-12-30,,,0.05160679179896623,televenda,2337
42886,Anestesia,Commodities,reposicio_pendent,promiscu,298,267.0,31.0,0.737,1802.36,142.07,baixa,Client promiscu de Anestesia. El cicle de reposició indica compra pendent (31 dies de retard). Oportunitat de capturar part de la compra.,2025-12-30,,,0.05160679179896623,televenda,2338
1000102122,Anestesia,Commodities,reposicio_pendent,promiscu,97,6.0,91.0,0.791,2223.12,139.58,baixa,Client promiscu de Anestesia. El cicle de reposició indica compra pendent (91 dies de retard). Oportunitat de capturar part de la compra.,2025-12-30,,,0.051424237918427464,televenda,2339
9948,Bioseguridad,Commodities,reposicio_pendent,promiscu,190,163.0,27.0,0.724,1667.34,137.91,baixa,Client promiscu de Bioseguridad. El cicle de reposició indica compra pendent (27 dies de retard). Oportunitat de capturar part de la compra.,2025-12-30,,,0.051299981531869966,televenda,2340
16055,Bioseguridad,Commodities,reposicio_pendent,promiscu,75,71.0,4.0,0.724,1667.34,137.91,baixa,Client promiscu de Bioseguridad. El cicle de reposició indica compra pendent (4 dies de retard). Oportunitat de capturar part de la compra.,2025-12-30,,,0.051299981531869966,televenda,2341
1000079762,Anestesia,Commodities,reposicio_pendent,promiscu,291,276.0,14.0,0.797,2223.12,135.42,baixa,Client promiscu de Anestesia. El cicle de reposició indica compra pendent (14 dies de retard). Oportunitat de capturar part de la compra.,2025-12-30,,,0.05111191089001465,televenda,2342
1000060929,Bioseguridad,Commodities,reposicio_pendent,promiscu,249,238.0,10.0,0.585,1086.44,135.12,baixa,Client promiscu de Bioseguridad. El cicle de reposició indica compra pendent (10 dies de retard). Oportunitat de capturar part de la compra.,2025-12-30,,,0.051089020429369775,televenda,2343
37656,Bioseguridad,Commodities,reposicio_pendent,promiscu,88,42.0,45.0,0.599,1086.44,130.78,baixa,Client promiscu de Bioseguridad. El cicle de reposició indica compra pendent (45 dies de retard). Oportunitat de capturar part de la compra.,2025-12-30,,,0.05075210696566308,televenda,2344
1000081217,Anestesia,Commodities,reposicio_pendent,promiscu,350,307.0,42.0,0.779,1802.36,119.23,baixa,Client promiscu de Anestesia. El cicle de reposició indica compra pendent (42 dies de retard). Oportunitat de capturar part de la compra.,2025-12-30,,,0.049798362735867165,televenda,2345
25643,Bioseguridad,Commodities,reposicio_pendent,promiscu,295,165.0,130.0,0.64,1086.44,117.23,baixa,Client promiscu de Bioseguridad. El cicle de reposició indica compra pendent (130 dies de retard). Oportunitat de capturar part de la compra.,2025-12-30,,,0.049623946064640406,televenda,2346
1000100006,Bioseguridad,Commodities,reposicio_pendent,promiscu,258,128.0,130.0,0.667,1086.44,108.56,baixa,Client promiscu de Bioseguridad. El cicle de reposició indica compra pendent (130 dies de retard). Oportunitat de capturar part de la compra.,2025-12-30,,,0.04883206921846853,televenda,2347
12500,Bioseguridad,Commodities,reposicio_pendent,promiscu,309,209.0,100.0,0.671,1086.44,107.2,baixa,Client promiscu de Bioseguridad. El cicle de reposició indica compra pendent (100 dies de retard). Oportunitat de capturar part de la compra.,2025-12-30,,,0.0487021929503424,televenda,2348
21315,Bioseguridad,Commodities,reposicio_pendent,promiscu,225,191.0,33.0,0.671,1086.44,107.2,baixa,Client promiscu de Bioseguridad. El cicle de reposició indica compra pendent (33 dies de retard). Oportunitat de capturar part de la compra.,2025-12-30,,,0.0487021929503424,televenda,2349
5802,Bioseguridad,Commodities,reposicio_pendent,promiscu,321,112.0,209.0,0.671,1086.44,107.2,baixa,Client promiscu de Bioseguridad. El cicle de reposició indica compra pendent (209 dies de retard). Oportunitat de capturar part de la compra.,2025-12-30,,,0.0487021929503424,televenda,2350
1000066625,Anestesia,Commodities,reposicio_pendent,promiscu,202,177.0,24.0,0.865,2223.12,90.33,baixa,Client promiscu de Anestesia. El cicle de reposició indica compra pendent (24 dies de retard). Oportunitat de capturar part de la compra.,2025-12-30,,,0.046939777455954915,televenda,2351
1000101753,Anestesia,Commodities,reposicio_pendent,promiscu,313,2.0,311.0,0.865,2223.12,89.76,baixa,Client promiscu de Anestesia. El cicle de reposició indica compra pendent (311 dies de retard). Oportunitat de capturar part de la compra.,2025-12-30,,,0.046874681571485256,televenda,2352
3928,Bioseguridad,Commodities,reposicio_pendent,promiscu,106,83.0,22.0,0.893,2778.9,88.83,baixa,Client promiscu de Bioseguridad. El cicle de reposició indica compra pendent (22 dies de retard). Oportunitat de capturar part de la compra.,2025-12-30,,,0.046767589715888916,televenda,2353
14685,Bioseguridad,Commodities,reposicio_pendent,promiscu,314,150.0,163.0,0.732,1086.44,87.42,baixa,Client promiscu de Bioseguridad. El cicle de reposició indica compra pendent (163 dies de retard). Oportunitat de capturar part de la compra.,2025-12-30,,,0.04660309119908782,televenda,2354
1000100179,Bioseguridad,Commodities,reposicio_pendent,promiscu,336,326.0,10.0,0.732,1086.44,87.42,baixa,Client promiscu de Bioseguridad. El cicle de reposició indica compra pendent (10 dies de retard). Oportunitat de capturar part de la compra.,2025-12-30,,,0.04660309119908782,televenda,2355
1000100420,Bioseguridad,Commodities,reposicio_pendent,promiscu,267,125.0,142.0,0.737,1086.44,85.61,baixa,Client promiscu de Bioseguridad. El cicle de reposició indica compra pendent (142 dies de retard). Oportunitat de capturar part de la compra.,2025-12-30,,,0.04638803849014784,televenda,2356
519,Bioseguridad,Commodities,reposicio_pendent,promiscu,208,176.0,31.0,0.746,1086.44,82.9,baixa,Client promiscu de Bioseguridad. El cicle de reposició indica compra pendent (31 dies de retard). Oportunitat de capturar part de la compra.,2025-12-30,,,0.046057502037072665,televenda,2357
39600,Bioseguridad,Commodities,reposicio_pendent,promiscu,341,185.0,156.0,0.746,1086.44,82.9,baixa,Client promiscu de Bioseguridad. El cicle de reposició indica compra pendent (156 dies de retard). Oportunitat de capturar part de la compra.,2025-12-30,,,0.046057502037072665,televenda,2358
40371,Anestesia,Commodities,reposicio_pendent,promiscu,186,148.0,37.0,0.89,2223.12,73.65,baixa,Client promiscu de Anestesia. El cicle de reposició indica compra pendent (37 dies de retard). Oportunitat de capturar part de la compra.,2025-12-30,,,0.044842904756957576,televenda,2359
1000067685,Anestesia,Commodities,reposicio_pendent,promiscu,335,147.0,188.0,0.903,2223.12,64.9,baixa,Client promiscu de Anestesia. El cicle de reposició indica compra pendent (188 dies de retard). Oportunitat de capturar part de la compra.,2025-12-30,,,0.043546613559079975,televenda,2360
1000075384,Anestesia,Commodities,reposicio_pendent,promiscu,351,257.0,93.0,0.903,2223.12,64.9,baixa,Client promiscu de Anestesia. El cicle de reposició indica compra pendent (93 dies de retard). Oportunitat de capturar part de la compra.,2025-12-30,,,0.043546613559079975,televenda,2361
16742,Bioseguridad,Commodities,reposicio_pendent,promiscu,216,193.0,23.0,0.839,1086.44,52.52,baixa,Client promiscu de Bioseguridad. El cicle de reposició indica compra pendent (23 dies de retard). Oportunitat de capturar part de la compra.,2025-12-30,,,0.041383048234196154,televenda,2362
1000082397,Anestesia,Commodities,reposicio_pendent,promiscu,315,278.0,36.0,0.928,2223.12,47.7,baixa,Client promiscu de Anestesia. El cicle de reposició indica compra pendent (36 dies de retard). Oportunitat de capturar part de la compra.,2025-12-30,,,0.04040175975580741,televenda,2363
1000078702,Anestesia,Commodities,reposicio_pendent,promiscu,236,223.0,13.0,0.938,2223.12,41.65,baixa,Client promiscu de Anestesia. El cicle de reposició indica compra pendent (13 dies de retard). Oportunitat de capturar part de la compra.,2025-12-30,,,0.03902249905473228,televenda,2364
8994,Bioseguridad,Commodities,reposicio_pendent,promiscu,260,189.0,71.0,0.886,1086.44,37.0,baixa,Client promiscu de Bioseguridad. El cicle de reposició indica compra pendent (71 dies de retard). Oportunitat de capturar part de la compra.,2025-12-30,,,0.03782218782825369,televenda,2365
1000039922,Bioseguridad,Commodities,reposicio_pendent,promiscu,301,150.0,151.0,0.886,1086.44,37.0,baixa,Client promiscu de Bioseguridad. El cicle de reposició indica compra pendent (151 dies de retard). Oportunitat de capturar part de la compra.,2025-12-30,,,0.03782218782825369,televenda,2366
33847,Bioseguridad,Commodities,reposicio_pendent,promiscu,355,137.0,217.0,0.895,1086.44,34.29,baixa,Client promiscu de Bioseguridad. El cicle de reposició indica compra pendent (217 dies de retard). Oportunitat de capturar part de la compra.,2025-12-30,,,0.037052905119762024,televenda,2367
1000100582,Bioseguridad,Commodities,reposicio_pendent,promiscu,246,152.0,94.0,0.929,1086.44,23.27,baixa,Client promiscu de Bioseguridad. El cicle de reposició indica compra pendent (94 dies de retard). Oportunitat de capturar part de la compra.,2025-12-30,,,0.03316047169235833,televenda,2368
41389,Bioseguridad,Commodities,reposicio_pendent,promiscu,221,117.0,103.0,0.963,1667.34,18.65,baixa,Client promiscu de Bioseguridad. El cicle de reposició indica compra pendent (103 dies de retard). Oportunitat de capturar part de la compra.,2025-12-30,,,0.030964874922797262,televenda,2369
35220,Anestesia,Commodities,reposicio_pendent,promiscu,252,196.0,56.0,0.996,2223.12,2.54,baixa,Client promiscu de Anestesia. El cicle de reposició indica compra pendent (56 dies de retard). Oportunitat de capturar part de la compra.,2025-12-30,,,0.013143891694490057,televenda,2370
1000081693,Anestesia,Commodities,reposicio_pendent,promiscu,204,114.0,89.0,0.996,2223.12,2.54,baixa,Client promiscu de Anestesia. El cicle de reposició indica compra pendent (89 dies de retard). Oportunitat de capturar part de la compra.,2025-12-30,,,0.013143891694490057,televenda,2371
15569,Anestesia,Commodities,en_risc,en_risc,712,,,0.0,2223.12,0.0,alta,Client en risc de Anestesia. Porta 712 dies sense comprar.,2025-12-30,,,0.0,delegat,2372
15511,Anestesia,Commodities,en_risc,en_risc,573,,,0.0,2223.12,0.0,alta,Client en risc de Anestesia. Porta 573 dies sense comprar.,2025-12-30,,,0.0,delegat,2373
15504,Anestesia,Commodities,en_risc,en_risc,692,,,0.0,2223.12,0.0,alta,Client en risc de Anestesia. Porta 692 dies sense comprar.,2025-12-30,,,0.0,delegat,2374
15432,Anestesia,Commodities,en_risc,en_risc,686,,,0.0,3410.04,0.0,alta,Client en risc de Anestesia. Porta 686 dies sense comprar.,2025-12-30,,,0.0,delegat,2375
15421,Anestesia,Commodities,en_risc,en_risc,399,,,0.0,3410.04,0.0,alta,Client en risc de Anestesia. Porta 399 dies sense comprar.,2025-12-30,,,0.0,delegat,2376
15327,Bioseguridad,Commodities,en_risc,en_risc,386,,,0.0,1086.44,0.0,alta,Client en risc de Bioseguridad. Porta 386 dies sense comprar.,2025-12-30,,,0.0,delegat,2377
15186,Anestesia,Commodities,en_risc,en_risc,585,,,0.0,1802.36,0.0,alta,Client en risc de Anestesia. Porta 585 dies sense comprar.,2025-12-30,,,0.0,delegat,2378
15026,Anestesia,Commodities,en_risc,en_risc,713,,,0.0,2223.12,0.0,alta,Client en risc de Anestesia. Porta 713 dies sense comprar.,2025-12-30,,,0.0,delegat,2379
15008,Anestesia,Commodities,en_risc,en_risc,573,,,0.0,2223.12,0.0,alta,Client en risc de Anestesia. Porta 573 dies sense comprar.,2025-12-30,,,0.0,delegat,2380
14986,Anestesia,Commodities,en_risc,en_risc,536,,,0.0,1802.36,0.0,alta,Client en risc de Anestesia. Porta 536 dies sense comprar.,2025-12-30,,,0.0,delegat,2381
14664,Anestesia,Commodities,en_risc,en_risc,558,,,0.0,2223.12,0.0,alta,Client en risc de Anestesia. Porta 558 dies sense comprar.,2025-12-30,,,0.0,delegat,2382
14657,Anestesia,Commodities,en_risc,en_risc,690,,,0.0,1802.36,0.0,alta,Client en risc de Anestesia. Porta 690 dies sense comprar.,2025-12-30,,,0.0,delegat,2383
19364,Bioseguridad,Commodities,en_risc,en_risc,378,,,0.0,1667.34,0.0,alta,Client en risc de Bioseguridad. Porta 378 dies sense comprar.,2025-12-30,,,0.0,delegat,2384
19364,Anestesia,Commodities,en_risc,en_risc,620,,,0.0,3410.04,0.0,alta,Client en risc de Anestesia. Porta 620 dies sense comprar.,2025-12-30,,,0.0,delegat,2385
19034,Anestesia,Commodities,en_risc,en_risc,495,,,0.0,2223.12,0.0,alta,Client en risc de Anestesia. Porta 495 dies sense comprar.,2025-12-30,,,0.0,delegat,2386
17964,Bioseguridad,Commodities,en_risc,en_risc,714,,,0.0,1086.44,0.0,alta,Client en risc de Bioseguridad. Porta 714 dies sense comprar.,2025-12-30,,,0.0,delegat,2387
17964,Anestesia,Commodities,en_risc,en_risc,714,,,0.0,2223.12,0.0,alta,Client en risc de Anestesia. Porta 714 dies sense comprar.,2025-12-30,,,0.0,delegat,2388
17828,Anestesia,Commodities,en_risc,en_risc,651,,,0.0,1802.36,0.0,alta,Client en risc de Anestesia. Porta 651 dies sense comprar.,2025-12-30,,,0.0,delegat,2389
17596,Anestesia,Commodities,en_risc,en_risc,390,,,0.0,2223.12,0.0,alta,Client en risc de Anestesia. Porta 390 dies sense comprar.,2025-12-30,,,0.0,delegat,2390
17316,Anestesia,Commodities,en_risc,en_risc,617,,,0.0,1802.36,0.0,alta,Client en risc de Anestesia. Porta 617 dies sense comprar.,2025-12-30,,,0.0,delegat,2391
17025,Anestesia,Commodities,en_risc,en_risc,384,,,0.0,2223.12,0.0,alta,Client en risc de Anestesia. Porta 384 dies sense comprar.,2025-12-30,,,0.0,delegat,2392
16640,Anestesia,Commodities,en_risc,en_risc,414,,,0.0,2223.12,0.0,alta,Client en risc de Anestesia. Porta 414 dies sense comprar.,2025-12-30,,,0.0,delegat,2393
16613,Bioseguridad,Commodities,en_risc,en_risc,552,,,0.0,1667.34,0.0,alta,Client en risc de Bioseguridad. Porta 552 dies sense comprar.,2025-12-30,,,0.0,delegat,2394
16435,Bioseguridad,Commodities,en_risc,en_risc,411,,,0.0,1667.34,0.0,alta,Client en risc de Bioseguridad. Porta 411 dies sense comprar.,2025-12-30,,,0.0,delegat,2395
16372,Anestesia,Commodities,en_risc,en_risc,644,,,0.0,1802.36,0.0,alta,Client en risc de Anestesia. Porta 644 dies sense comprar.,2025-12-30,,,0.0,delegat,2396
16304,Anestesia,Commodities,en_risc,en_risc,438,,,0.0,2223.12,0.0,alta,Client en risc de Anestesia. Porta 438 dies sense comprar.,2025-12-30,,,0.0,delegat,2397
16284,Bioseguridad,Commodities,en_risc,en_risc,574,,,0.0,1086.44,0.0,alta,Client en risc de Bioseguridad. Porta 574 dies sense comprar.,2025-12-30,,,0.0,delegat,2398
16284,Anestesia,Commodities,en_risc,en_risc,412,,,0.0,2223.12,0.0,alta,Client en risc de Anestesia. Porta 412 dies sense comprar.,2025-12-30,,,0.0,delegat,2399
22584,Anestesia,Commodities,en_risc,en_risc,630,,,0.0,2223.12,0.0,alta,Client en risc de Anestesia. Porta 630 dies sense comprar.,2025-12-30,,,0.0,delegat,2400
22526,Bioseguridad,Commodities,en_risc,en_risc,706,,,0.0,1086.44,0.0,alta,Client en risc de Bioseguridad. Porta 706 dies sense comprar.,2025-12-30,,,0.0,delegat,2401
22399,Anestesia,Commodities,en_risc,en_risc,581,,,0.0,2223.12,0.0,alta,Client en risc de Anestesia. Porta 581 dies sense comprar.,2025-12-30,,,0.0,delegat,2402
22291,Anestesia,Commodities,en_risc,en_risc,552,,,0.0,2223.12,0.0,alta,Client en risc de Anestesia. Porta 552 dies sense comprar.,2025-12-30,,,0.0,delegat,2403
22075,Anestesia,Commodities,en_risc,en_risc,540,,,0.0,1802.36,0.0,alta,Client en risc de Anestesia. Porta 540 dies sense comprar.,2025-12-30,,,0.0,delegat,2404
21963,Anestesia,Commodities,en_risc,en_risc,677,,,0.0,3410.04,0.0,alta,Client en risc de Anestesia. Porta 677 dies sense comprar.,2025-12-30,,,0.0,delegat,2405
21938,Anestesia,Commodities,en_risc,en_risc,383,,,0.0,3410.04,0.0,alta,Client en risc de Anestesia. Porta 383 dies sense comprar.,2025-12-30,,,0.0,delegat,2406
21419,Anestesia,Commodities,en_risc,en_risc,455,,,0.0,2223.12,0.0,alta,Client en risc de Anestesia. Porta 455 dies sense comprar.,2025-12-30,,,0.0,delegat,2407
21294,Anestesia,Commodities,en_risc,en_risc,405,,,0.0,2223.12,0.0,alta,Client en risc de Anestesia. Porta 405 dies sense comprar.,2025-12-30,,,0.0,delegat,2408
21160,Anestesia,Commodities,en_risc,en_risc,698,,,0.0,2223.12,0.0,alta,Client en risc de Anestesia. Porta 698 dies sense comprar.,2025-12-30,,,0.0,delegat,2409
20962,Anestesia,Commodities,en_risc,en_risc,433,,,0.0,3410.04,0.0,alta,Client en risc de Anestesia. Porta 433 dies sense comprar.,2025-12-30,,,0.0,delegat,2410
20656,Bioseguridad,Commodities,en_risc,en_risc,477,,,0.0,1667.34,0.0,alta,Client en risc de Bioseguridad. Porta 477 dies sense comprar.,2025-12-30,,,0.0,delegat,2411
20617,Anestesia,Commodities,en_risc,en_risc,692,,,0.0,1802.36,0.0,alta,Client en risc de Anestesia. Porta 692 dies sense comprar.,2025-12-30,,,0.0,delegat,2412
20611,Bioseguridad,Commodities,en_risc,en_risc,700,,,0.0,1086.44,0.0,alta,Client en risc de Bioseguridad. Porta 700 dies sense comprar.,2025-12-30,,,0.0,delegat,2413
20450,Bioseguridad,Commodities,en_risc,en_risc,671,,,0.0,1086.44,0.0,alta,Client en risc de Bioseguridad. Porta 671 dies sense comprar.,2025-12-30,,,0.0,delegat,2414
20114,Anestesia,Commodities,en_risc,en_risc,468,,,0.0,1802.36,0.0,alta,Client en risc de Anestesia. Porta 468 dies sense comprar.,2025-12-30,,,0.0,delegat,2415
24474,Bioseguridad,Commodities,en_risc,en_risc,515,,,0.0,1667.34,0.0,alta,Client en risc de Bioseguridad. Porta 515 dies sense comprar.,2025-12-30,,,0.0,delegat,2416
24474,Anestesia,Commodities,en_risc,en_risc,516,,,0.0,3410.04,0.0,alta,Client en risc de Anestesia. Porta 516 dies sense comprar.,2025-12-30,,,0.0,delegat,2417
23839,Bioseguridad,Commodities,en_risc,en_risc,596,,,0.0,1086.44,0.0,alta,Client en risc de Bioseguridad. Porta 596 dies sense comprar.,2025-12-30,,,0.0,delegat,2418
23839,Anestesia,Commodities,en_risc,en_risc,420,,,0.0,2223.12,0.0,alta,Client en risc de Anestesia. Porta 420 dies sense comprar.,2025-12-30,,,0.0,delegat,2419
23791,Bioseguridad,Commodities,en_risc,en_risc,628,,,0.0,1086.44,0.0,alta,Client en risc de Bioseguridad. Porta 628 dies sense comprar.,2025-12-30,,,0.0,delegat,2420
23581,Bioseguridad,Commodities,en_risc,en_risc,406,,,0.0,879.2,0.0,alta,Client en risc de Bioseguridad. Porta 406 dies sense comprar.,2025-12-30,,,0.0,delegat,2421
23581,Anestesia,Commodities,en_risc,en_risc,411,,,0.0,1802.36,0.0,alta,Client en risc de Anestesia. Porta 411 dies sense comprar.,2025-12-30,,,0.0,delegat,2422
23568,Bioseguridad,Commodities,en_risc,en_risc,461,,,0.0,1086.44,0.0,alta,Client en risc de Bioseguridad. Porta 461 dies sense comprar.,2025-12-30,,,0.0,delegat,2423
23568,Anestesia,Commodities,en_risc,en_risc,718,,,0.0,2223.12,0.0,alta,Client en risc de Anestesia. Porta 718 dies sense comprar.,2025-12-30,,,0.0,delegat,2424
23407,Bioseguridad,Commodities,en_risc,en_risc,384,,,0.0,1086.44,0.0,alta,Client en risc de Bioseguridad. Porta 384 dies sense comprar.,2025-12-30,,,0.0,delegat,2425
23292,Bioseguridad,Commodities,en_risc,en_risc,462,,,0.0,1667.34,0.0,alta,Client en risc de Bioseguridad. Porta 462 dies sense comprar.,2025-12-30,,,0.0,delegat,2426
23210,Anestesia,Commodities,en_risc,en_risc,420,,,0.0,2223.12,0.0,alta,Client en risc de Anestesia. Porta 420 dies sense comprar.,2025-12-30,,,0.0,delegat,2427
22846,Bioseguridad,Commodities,en_risc,en_risc,419,,,0.0,1086.44,0.0,alta,Client en risc de Bioseguridad. Porta 419 dies sense comprar.,2025-12-30,,,0.0,delegat,2428
22691,Anestesia,Commodities,en_risc,en_risc,434,,,0.0,2223.12,0.0,alta,Client en risc de Anestesia. Porta 434 dies sense comprar.,2025-12-30,,,0.0,delegat,2429
22615,Bioseguridad,Commodities,en_risc,en_risc,441,,,0.0,1086.44,0.0,alta,Client en risc de Bioseguridad. Porta 441 dies sense comprar.,2025-12-30,,,0.0,delegat,2430
22615,Anestesia,Commodities,en_risc,en_risc,441,,,0.0,2223.12,0.0,alta,Client en risc de Anestesia. Porta 441 dies sense comprar.,2025-12-30,,,0.0,delegat,2431
27626,Bioseguridad,Commodities,en_risc,en_risc,445,,,0.0,1667.34,0.0,alta,Client en risc de Bioseguridad. Porta 445 dies sense comprar.,2025-12-30,,,0.0,delegat,2432
27316,Anestesia,Commodities,en_risc,en_risc,398,,,0.0,2223.12,0.0,alta,Client en risc de Anestesia. Porta 398 dies sense comprar.,2025-12-30,,,0.0,delegat,2433
27294,Anestesia,Commodities,en_risc,en_risc,524,,,0.0,2223.12,0.0,alta,Client en risc de Anestesia. Porta 524 dies sense comprar.,2025-12-30,,,0.0,delegat,2434
27207,Bioseguridad,Commodities,en_risc,en_risc,420,,,0.0,1086.44,0.0,alta,Client en risc de Bioseguridad. Porta 420 dies sense comprar.,2025-12-30,,,0.0,delegat,2435
26902,Bioseguridad,Commodities,en_risc,en_risc,627,,,0.0,1086.44,0.0,alta,Client en risc de Bioseguridad. Porta 627 dies sense comprar.,2025-12-30,,,0.0,delegat,2436
26623,Anestesia,Commodities,en_risc,en_risc,490,,,0.0,2223.12,0.0,alta,Client en risc de Anestesia. Porta 490 dies sense comprar.,2025-12-30,,,0.0,delegat,2437
26265,Bioseguridad,Commodities,en_risc,en_risc,613,,,0.0,1086.44,0.0,alta,Client en risc de Bioseguridad. Porta 613 dies sense comprar.,2025-12-30,,,0.0,delegat,2438
26135,Anestesia,Commodities,en_risc,en_risc,531,,,0.0,1802.36,0.0,alta,Client en risc de Anestesia. Porta 531 dies sense comprar.,2025-12-30,,,0.0,delegat,2439
26119,Anestesia,Commodities,en_risc,en_risc,467,,,0.0,2223.12,0.0,alta,Client en risc de Anestesia. Porta 467 dies sense comprar.,2025-12-30,,,0.0,delegat,2440
26068,Bioseguridad,Commodities,en_risc,en_risc,460,,,0.0,1086.44,0.0,alta,Client en risc de Bioseguridad. Porta 460 dies sense comprar.,2025-12-30,,,0.0,delegat,2441
26068,Anestesia,Commodities,en_risc,en_risc,425,,,0.0,2223.12,0.0,alta,Client en risc de Anestesia. Porta 425 dies sense comprar.,2025-12-30,,,0.0,delegat,2442
25651,Anestesia,Commodities,en_risc,en_risc,454,,,0.0,2223.12,0.0,alta,Client en risc de Anestesia. Porta 454 dies sense comprar.,2025-12-30,,,0.0,delegat,2443
25274,Bioseguridad,Commodities,en_risc,en_risc,435,,,0.0,879.2,0.0,alta,Client en risc de Bioseguridad. Porta 435 dies sense comprar.,2025-12-30,,,0.0,delegat,2444
24966,Anestesia,Commodities,en_risc,en_risc,573,,,0.0,2223.12,0.0,alta,Client en risc de Anestesia. Porta 573 dies sense comprar.,2025-12-30,,,0.0,delegat,2445
24944,Anestesia,Commodities,en_risc,en_risc,410,,,0.0,2223.12,0.0,alta,Client en risc de Anestesia. Porta 410 dies sense comprar.,2025-12-30,,,0.0,delegat,2446
24879,Anestesia,Commodities,en_risc,en_risc,699,,,0.0,4546.72,0.0,alta,Client en risc de Anestesia. Porta 699 dies sense comprar.,2025-12-30,,,0.0,delegat,2447
28941,Anestesia,Commodities,en_risc,en_risc,543,,,0.0,2223.12,0.0,alta,Client en risc de Anestesia. Porta 543 dies sense comprar.,2025-12-30,,,0.0,delegat,2448
28763,Bioseguridad,Commodities,en_risc,en_risc,382,,,0.0,1086.44,0.0,alta,Client en risc de Bioseguridad. Porta 382 dies sense comprar.,2025-12-30,,,0.0,delegat,2449
28763,Anestesia,Commodities,en_risc,en_risc,382,,,0.0,2223.12,0.0,alta,Client en risc de Anestesia. Porta 382 dies sense comprar.,2025-12-30,,,0.0,delegat,2450
28675,Anestesia,Commodities,en_risc,en_risc,649,,,0.0,2223.12,0.0,alta,Client en risc de Anestesia. Porta 649 dies sense comprar.,2025-12-30,,,0.0,delegat,2451
28560,Anestesia,Commodities,en_risc,en_risc,669,,,0.0,1802.36,0.0,alta,Client en risc de Anestesia. Porta 669 dies sense comprar.,2025-12-30,,,0.0,delegat,2452
28558,Anestesia,Commodities,en_risc,en_risc,606,,,0.0,2223.12,0.0,alta,Client en risc de Anestesia. Porta 606 dies sense comprar.,2025-12-30,,,0.0,delegat,2453
28530,Bioseguridad,Commodities,en_risc,en_risc,392,,,0.0,2223.12,0.0,alta,Client en risc de Bioseguridad. Porta 392 dies sense comprar.,2025-12-30,,,0.0,delegat,2454
28530,Anestesia,Commodities,en_risc,en_risc,470,,,0.0,4546.72,0.0,alta,Client en risc de Anestesia. Porta 470 dies sense comprar.,2025-12-30,,,0.0,delegat,2455
28523,Anestesia,Commodities,en_risc,en_risc,635,,,0.0,2223.12,0.0,alta,Client en risc de Anestesia. Porta 635 dies sense comprar.,2025-12-30,,,0.0,delegat,2456
28254,Anestesia,Commodities,en_risc,en_risc,622,,,0.0,5683.4,0.0,alta,Client en risc de Anestesia. Porta 622 dies sense comprar.,2025-12-30,,,0.0,delegat,2457
28242,Anestesia,Commodities,en_risc,en_risc,406,,,0.0,3410.04,0.0,alta,Client en risc de Anestesia. Porta 406 dies sense comprar.,2025-12-30,,,0.0,delegat,2458
28240,Anestesia,Commodities,en_risc,en_risc,461,,,0.0,1802.36,0.0,alta,Client en risc de Anestesia. Porta 461 dies sense comprar.,2025-12-30,,,0.0,delegat,2459
28152,Anestesia,Commodities,en_risc,en_risc,427,,,0.0,2223.12,0.0,alta,Client en risc de Anestesia. Porta 427 dies sense comprar.,2025-12-30,,,0.0,delegat,2460
28151,Anestesia,Commodities,en_risc,en_risc,573,,,0.0,6820.08,0.0,alta,Client en risc de Anestesia. Porta 573 dies sense comprar.,2025-12-30,,,0.0,delegat,2461
27852,Anestesia,Commodities,en_risc,en_risc,596,,,0.0,2223.12,0.0,alta,Client en risc de Anestesia. Porta 596 dies sense comprar.,2025-12-30,,,0.0,delegat,2462
27693,Anestesia,Commodities,en_risc,en_risc,550,,,0.0,3410.04,0.0,alta,Client en risc de Anestesia. Porta 550 dies sense comprar.,2025-12-30,,,0.0,delegat,2463
30502,Anestesia,Commodities,en_risc,en_risc,393,,,0.0,1802.36,0.0,alta,Client en risc de Anestesia. Porta 393 dies sense comprar.,2025-12-30,,,0.0,delegat,2464
30493,Bioseguridad,Commodities,en_risc,en_risc,446,,,0.0,0.0,0.0,alta,Client en risc de Bioseguridad. Porta 446 dies sense comprar.,2025-12-30,,,0.0,delegat,2465
30459,Bioseguridad,Commodities,en_risc,en_risc,616,,,0.0,1086.44,0.0,alta,Client en risc de Bioseguridad. Porta 616 dies sense comprar.,2025-12-30,,,0.0,delegat,2466
30459,Anestesia,Commodities,en_risc,en_risc,579,,,0.0,2223.12,0.0,alta,Client en risc de Anestesia. Porta 579 dies sense comprar.,2025-12-30,,,0.0,delegat,2467
30434,Anestesia,Commodities,en_risc,en_risc,456,,,0.0,1802.36,0.0,alta,Client en risc de Anestesia. Porta 456 dies sense comprar.,2025-12-30,,,0.0,delegat,2468
30344,Anestesia,Commodities,en_risc,en_risc,383,,,0.0,1802.36,0.0,alta,Client en risc de Anestesia. Porta 383 dies sense comprar.,2025-12-30,,,0.0,delegat,2469
30228,Anestesia,Commodities,en_risc,en_risc,417,,,0.0,2223.12,0.0,alta,Client en risc de Anestesia. Porta 417 dies sense comprar.,2025-12-30,,,0.0,delegat,2470
30222,Bioseguridad,Commodities,en_risc,en_risc,455,,,0.0,1086.44,0.0,alta,Client en risc de Bioseguridad. Porta 455 dies sense comprar.,2025-12-30,,,0.0,delegat,2471
30087,Bioseguridad,Commodities,en_risc,en_risc,669,,,0.0,1086.44,0.0,alta,Client en risc de Bioseguridad. Porta 669 dies sense comprar.,2025-12-30,,,0.0,delegat,2472
29827,Bioseguridad,Commodities,en_risc,en_risc,481,,,0.0,1086.44,0.0,alta,Client en risc de Bioseguridad. Porta 481 dies sense comprar.,2025-12-30,,,0.0,delegat,2473
29827,Anestesia,Commodities,en_risc,en_risc,481,,,0.0,2223.12,0.0,alta,Client en risc de Anestesia. Porta 481 dies sense comprar.,2025-12-30,,,0.0,delegat,2474
29736,Anestesia,Commodities,en_risc,en_risc,419,,,0.0,1802.36,0.0,alta,Client en risc de Anestesia. Porta 419 dies sense comprar.,2025-12-30,,,0.0,delegat,2475
29433,Anestesia,Commodities,en_risc,en_risc,553,,,0.0,3410.04,0.0,alta,Client en risc de Anestesia. Porta 553 dies sense comprar.,2025-12-30,,,0.0,delegat,2476
29150,Anestesia,Commodities,en_risc,en_risc,557,,,0.0,3410.04,0.0,alta,Client en risc de Anestesia. Porta 557 dies sense comprar.,2025-12-30,,,0.0,delegat,2477
29074,Anestesia,Commodities,en_risc,en_risc,411,,,0.0,2223.12,0.0,alta,Client en risc de Anestesia. Porta 411 dies sense comprar.,2025-12-30,,,0.0,delegat,2478
28987,Anestesia,Commodities,en_risc,en_risc,592,,,0.0,2223.12,0.0,alta,Client en risc de Anestesia. Porta 592 dies sense comprar.,2025-12-30,,,0.0,delegat,2479
33246,Anestesia,Commodities,en_risc,en_risc,390,,,0.0,2223.12,0.0,alta,Client en risc de Anestesia. Porta 390 dies sense comprar.,2025-12-30,,,0.0,delegat,2480
33237,Anestesia,Commodities,en_risc,en_risc,574,,,0.0,2223.12,0.0,alta,Client en risc de Anestesia. Porta 574 dies sense comprar.,2025-12-30,,,0.0,delegat,2481
32951,Anestesia,Commodities,en_risc,en_risc,412,,,0.0,3410.04,0.0,alta,Client en risc de Anestesia. Porta 412 dies sense comprar.,2025-12-30,,,0.0,delegat,2482
32918,Anestesia,Commodities,en_risc,en_risc,393,,,0.0,2223.12,0.0,alta,Client en risc de Anestesia. Porta 393 dies sense comprar.,2025-12-30,,,0.0,delegat,2483
32897,Anestesia,Commodities,en_risc,en_risc,414,,,0.0,2223.12,0.0,alta,Client en risc de Anestesia. Porta 414 dies sense comprar.,2025-12-30,,,0.0,delegat,2484
32820,Anestesia,Commodities,en_risc,en_risc,574,,,0.0,2223.12,0.0,alta,Client en risc de Anestesia. Porta 574 dies sense comprar.,2025-12-30,,,0.0,delegat,2485
32721,Anestesia,Commodities,en_risc,en_risc,432,,,0.0,3410.04,0.0,alta,Client en risc de Anestesia. Porta 432 dies sense comprar.,2025-12-30,,,0.0,delegat,2486
32565,Anestesia,Commodities,en_risc,en_risc,573,,,0.0,3410.04,0.0,alta,Client en risc de Anestesia. Porta 573 dies sense comprar.,2025-12-30,,,0.0,delegat,2487
32405,Anestesia,Commodities,en_risc,en_risc,441,,,0.0,3410.04,0.0,alta,Client en risc de Anestesia. Porta 441 dies sense comprar.,2025-12-30,,,0.0,delegat,2488
32332,Anestesia,Commodities,en_risc,en_risc,676,,,0.0,1802.36,0.0,alta,Client en risc de Anestesia. Porta 676 dies sense comprar.,2025-12-30,,,0.0,delegat,2489
32134,Anestesia,Commodities,en_risc,en_risc,678,,,0.0,2223.12,0.0,alta,Client en risc de Anestesia. Porta 678 dies sense comprar.,2025-12-30,,,0.0,delegat,2490
31847,Anestesia,Commodities,en_risc,en_risc,551,,,0.0,2223.12,0.0,alta,Client en risc de Anestesia. Porta 551 dies sense comprar.,2025-12-30,,,0.0,delegat,2491
31115,Anestesia,Commodities,en_risc,en_risc,392,,,0.0,2223.12,0.0,alta,Client en risc de Anestesia. Porta 392 dies sense comprar.,2025-12-30,,,0.0,delegat,2492
30774,Anestesia,Commodities,en_risc,en_risc,393,,,0.0,2223.12,0.0,alta,Client en risc de Anestesia. Porta 393 dies sense comprar.,2025-12-30,,,0.0,delegat,2493
30651,Anestesia,Commodities,en_risc,en_risc,404,,,0.0,2223.12,0.0,alta,Client en risc de Anestesia. Porta 404 dies sense comprar.,2025-12-30,,,0.0,delegat,2494
30545,Anestesia,Commodities,en_risc,en_risc,691,,,0.0,3410.04,0.0,alta,Client en risc de Anestesia. Porta 691 dies sense comprar.,2025-12-30,,,0.0,delegat,2495
36029,Anestesia,Commodities,en_risc,en_risc,573,,,0.0,1802.36,0.0,alta,Client en risc de Anestesia. Porta 573 dies sense comprar.,2025-12-30,,,0.0,delegat,2496
35926,Anestesia,Commodities,en_risc,en_risc,595,,,0.0,2223.12,0.0,alta,Client en risc de Anestesia. Porta 595 dies sense comprar.,2025-12-30,,,0.0,delegat,2497
35907,Anestesia,Commodities,en_risc,en_risc,384,,,0.0,4546.72,0.0,alta,Client en risc de Anestesia. Porta 384 dies sense comprar.,2025-12-30,,,0.0,delegat,2498
35813,Anestesia,Commodities,en_risc,en_risc,602,,,0.0,2223.12,0.0,alta,Client en risc de Anestesia. Porta 602 dies sense comprar.,2025-12-30,,,0.0,delegat,2499
35230,Anestesia,Commodities,en_risc,en_risc,414,,,0.0,2223.12,0.0,alta,Client en risc de Anestesia. Porta 414 dies sense comprar.,2025-12-30,,,0.0,delegat,2500
35211,Anestesia,Commodities,en_risc,en_risc,561,,,0.0,1802.36,0.0,alta,Client en risc de Anestesia. Porta 561 dies sense comprar.,2025-12-30,,,0.0,delegat,2501
35139,Bioseguridad,Commodities,en_risc,en_risc,480,,,0.0,1667.34,0.0,alta,Client en risc de Bioseguridad. Porta 480 dies sense comprar.,2025-12-30,,,0.0,delegat,2502
34856,Anestesia,Commodities,en_risc,en_risc,403,,,0.0,2223.12,0.0,alta,Client en risc de Anestesia. Porta 403 dies sense comprar.,2025-12-30,,,0.0,delegat,2503
34814,Anestesia,Commodities,en_risc,en_risc,530,,,0.0,2223.12,0.0,alta,Client en risc de Anestesia. Porta 530 dies sense comprar.,2025-12-30,,,0.0,delegat,2504
34793,Bioseguridad,Commodities,en_risc,en_risc,678,,,0.0,879.2,0.0,alta,Client en risc de Bioseguridad. Porta 678 dies sense comprar.,2025-12-30,,,0.0,delegat,2505
34793,Anestesia,Commodities,en_risc,en_risc,678,,,0.0,1802.36,0.0,alta,Client en risc de Anestesia. Porta 678 dies sense comprar.,2025-12-30,,,0.0,delegat,2506
34729,Anestesia,Commodities,en_risc,en_risc,393,,,0.0,2223.12,0.0,alta,Client en risc de Anestesia. Porta 393 dies sense comprar.,2025-12-30,,,0.0,delegat,2507
34421,Anestesia,Commodities,en_risc,en_risc,439,,,0.0,2223.12,0.0,alta,Client en risc de Anestesia. Porta 439 dies sense comprar.,2025-12-30,,,0.0,delegat,2508
34335,Anestesia,Commodities,en_risc,en_risc,620,,,0.0,2223.12,0.0,alta,Client en risc de Anestesia. Porta 620 dies sense comprar.,2025-12-30,,,0.0,delegat,2509
33623,Anestesia,Commodities,en_risc,en_risc,573,,,0.0,2223.12,0.0,alta,Client en risc de Anestesia. Porta 573 dies sense comprar.,2025-12-30,,,0.0,delegat,2510
33260,Anestesia,Commodities,en_risc,en_risc,446,,,0.0,1802.36,0.0,alta,Client en risc de Anestesia. Porta 446 dies sense comprar.,2025-12-30,,,0.0,delegat,2511
38060,Anestesia,Commodities,en_risc,en_risc,537,,,0.0,2223.12,0.0,alta,Client en risc de Anestesia. Porta 537 dies sense comprar.,2025-12-30,,,0.0,delegat,2512
38027,Anestesia,Commodities,en_risc,en_risc,414,,,0.0,4546.72,0.0,alta,Client en risc de Anestesia. Porta 414 dies sense comprar.,2025-12-30,,,0.0,delegat,2513
37942,Anestesia,Commodities,en_risc,en_risc,531,,,0.0,2223.12,0.0,alta,Client en risc de Anestesia. Porta 531 dies sense comprar.,2025-12-30,,,0.0,delegat,2514
37784,Anestesia,Commodities,en_risc,en_risc,613,,,0.0,2223.12,0.0,alta,Client en risc de Anestesia. Porta 613 dies sense comprar.,2025-12-30,,,0.0,delegat,2515
37612,Anestesia,Commodities,en_risc,en_risc,392,,,0.0,1802.36,0.0,alta,Client en risc de Anestesia. Porta 392 dies sense comprar.,2025-12-30,,,0.0,delegat,2516
37594,Bioseguridad,Commodities,en_risc,en_risc,627,,,0.0,1667.34,0.0,alta,Client en risc de Bioseguridad. Porta 627 dies sense comprar.,2025-12-30,,,0.0,delegat,2517
37463,Anestesia,Commodities,en_risc,en_risc,454,,,0.0,3410.04,0.0,alta,Client en risc de Anestesia. Porta 454 dies sense comprar.,2025-12-30,,,0.0,delegat,2518
37453,Anestesia,Commodities,en_risc,en_risc,592,,,0.0,2223.12,0.0,alta,Client en risc de Anestesia. Porta 592 dies sense comprar.,2025-12-30,,,0.0,delegat,2519
37405,Anestesia,Commodities,en_risc,en_risc,383,,,0.0,2223.12,0.0,alta,Client en risc de Anestesia. Porta 383 dies sense comprar.,2025-12-30,,,0.0,delegat,2520
37163,Anestesia,Commodities,en_risc,en_risc,511,,,0.0,2223.12,0.0,alta,Client en risc de Anestesia. Porta 511 dies sense comprar.,2025-12-30,,,0.0,delegat,2521
36972,Anestesia,Commodities,en_risc,en_risc,586,,,0.0,6820.08,0.0,alta,Client en risc de Anestesia. Porta 586 dies sense comprar.,2025-12-30,,,0.0,delegat,2522
36766,Anestesia,Commodities,en_risc,en_risc,440,,,0.0,1802.36,0.0,alta,Client en risc de Anestesia. Porta 440 dies sense comprar.,2025-12-30,,,0.0,delegat,2523
36710,Anestesia,Commodities,en_risc,en_risc,398,,,0.0,3410.04,0.0,alta,Client en risc de Anestesia. Porta 398 dies sense comprar.,2025-12-30,,,0.0,delegat,2524
36643,Bioseguridad,Commodities,en_risc,en_risc,651,,,0.0,1086.44,0.0,alta,Client en risc de Bioseguridad. Porta 651 dies sense comprar.,2025-12-30,,,0.0,delegat,2525
36643,Anestesia,Commodities,en_risc,en_risc,651,,,0.0,2223.12,0.0,alta,Client en risc de Anestesia. Porta 651 dies sense comprar.,2025-12-30,,,0.0,delegat,2526
36431,Anestesia,Commodities,en_risc,en_risc,704,,,0.0,1802.36,0.0,alta,Client en risc de Anestesia. Porta 704 dies sense comprar.,2025-12-30,,,0.0,delegat,2527
40974,Anestesia,Commodities,en_risc,en_risc,428,,,0.0,1802.36,0.0,alta,Client en risc de Anestesia. Porta 428 dies sense comprar.,2025-12-30,,,0.0,delegat,2528
40885,Bioseguridad,Commodities,en_risc,en_risc,411,,,0.0,1086.44,0.0,alta,Client en risc de Bioseguridad. Porta 411 dies sense comprar.,2025-12-30,,,0.0,delegat,2529
40612,Bioseguridad,Commodities,en_risc,en_risc,538,,,0.0,879.2,0.0,alta,Client en risc de Bioseguridad. Porta 538 dies sense comprar.,2025-12-30,,,0.0,delegat,2530
40612,Anestesia,Commodities,en_risc,en_risc,538,,,0.0,1802.36,0.0,alta,Client en risc de Anestesia. Porta 538 dies sense comprar.,2025-12-30,,,0.0,delegat,2531
40588,Bioseguridad,Commodities,en_risc,en_risc,390,,,0.0,2223.12,0.0,alta,Client en risc de Bioseguridad. Porta 390 dies sense comprar.,2025-12-30,,,0.0,delegat,2532
40363,Anestesia,Commodities,en_risc,en_risc,412,,,0.0,2223.12,0.0,alta,Client en risc de Anestesia. Porta 412 dies sense comprar.,2025-12-30,,,0.0,delegat,2533
40196,Bioseguridad,Commodities,en_risc,en_risc,483,,,0.0,1086.44,0.0,alta,Client en risc de Bioseguridad. Porta 483 dies sense comprar.,2025-12-30,,,0.0,delegat,2534
39350,Bioseguridad,Commodities,en_risc,en_risc,468,,,0.0,879.2,0.0,alta,Client en risc de Bioseguridad. Porta 468 dies sense comprar.,2025-12-30,,,0.0,delegat,2535
39350,Anestesia,Commodities,en_risc,en_risc,468,,,0.0,1802.36,0.0,alta,Client en risc de Anestesia. Porta 468 dies sense comprar.,2025-12-30,,,0.0,delegat,2536
39062,Anestesia,Commodities,en_risc,en_risc,711,,,0.0,0.0,0.0,alta,Client en risc de Anestesia. Porta 711 dies sense comprar.,2025-12-30,,,0.0,delegat,2537
38747,Anestesia,Commodities,en_risc,en_risc,610,,,0.0,3410.04,0.0,alta,Client en risc de Anestesia. Porta 610 dies sense comprar.,2025-12-30,,,0.0,delegat,2538
38685,Anestesia,Commodities,en_risc,en_risc,460,,,0.0,2223.12,0.0,alta,Client en risc de Anestesia. Porta 460 dies sense comprar.,2025-12-30,,,0.0,delegat,2539
38671,Anestesia,Commodities,en_risc,en_risc,615,,,0.0,2223.12,0.0,alta,Client en risc de Anestesia. Porta 615 dies sense comprar.,2025-12-30,,,0.0,delegat,2540
38581,Bioseguridad,Commodities,en_risc,en_risc,648,,,0.0,1086.44,0.0,alta,Client en risc de Bioseguridad. Porta 648 dies sense comprar.,2025-12-30,,,0.0,delegat,2541
38581,Anestesia,Commodities,en_risc,en_risc,648,,,0.0,2223.12,0.0,alta,Client en risc de Anestesia. Porta 648 dies sense comprar.,2025-12-30,,,0.0,delegat,2542
38576,Anestesia,Commodities,en_risc,en_risc,411,,,0.0,2223.12,0.0,alta,Client en risc de Anestesia. Porta 411 dies sense comprar.,2025-12-30,,,0.0,delegat,2543
41832,Bioseguridad,Commodities,en_risc,en_risc,439,,,0.0,1667.34,0.0,alta,Client en risc de Bioseguridad. Porta 439 dies sense comprar.,2025-12-30,,,0.0,delegat,2544
41706,Anestesia,Commodities,en_risc,en_risc,446,,,0.0,3410.04,0.0,alta,Client en risc de Anestesia. Porta 446 dies sense comprar.,2025-12-30,,,0.0,delegat,2545
41658,Anestesia,Commodities,en_risc,en_risc,393,,,0.0,3410.04,0.0,alta,Client en risc de Anestesia. Porta 393 dies sense comprar.,2025-12-30,,,0.0,delegat,2546
41551,Anestesia,Commodities,en_risc,en_risc,672,,,0.0,3410.04,0.0,alta,Client en risc de Anestesia. Porta 672 dies sense comprar.,2025-12-30,,,0.0,delegat,2547
41542,Anestesia,Commodities,en_risc,en_risc,438,,,0.0,2223.12,0.0,alta,Client en risc de Anestesia. Porta 438 dies sense comprar.,2025-12-30,,,0.0,delegat,2548
41446,Anestesia,Commodities,en_risc,en_risc,589,,,0.0,2223.12,0.0,alta,Client en risc de Anestesia. Porta 589 dies sense comprar.,2025-12-30,,,0.0,delegat,2549
41432,Anestesia,Commodities,en_risc,en_risc,628,,,0.0,1802.36,0.0,alta,Client en risc de Anestesia. Porta 628 dies sense comprar.,2025-12-30,,,0.0,delegat,2550
41369,Anestesia,Commodities,en_risc,en_risc,403,,,0.0,2223.12,0.0,alta,Client en risc de Anestesia. Porta 403 dies sense comprar.,2025-12-30,,,0.0,delegat,2551
41319,Anestesia,Commodities,en_risc,en_risc,393,,,0.0,3410.04,0.0,alta,Client en risc de Anestesia. Porta 393 dies sense comprar.,2025-12-30,,,0.0,delegat,2552
41208,Anestesia,Commodities,en_risc,en_risc,636,,,0.0,2223.12,0.0,alta,Client en risc de Anestesia. Porta 636 dies sense comprar.,2025-12-30,,,0.0,delegat,2553
41186,Anestesia,Commodities,en_risc,en_risc,572,,,0.0,2223.12,0.0,alta,Client en risc de Anestesia. Porta 572 dies sense comprar.,2025-12-30,,,0.0,delegat,2554
41130,Anestesia,Commodities,en_risc,en_risc,384,,,0.0,3410.04,0.0,alta,Client en risc de Anestesia. Porta 384 dies sense comprar.,2025-12-30,,,0.0,delegat,2555
41052,Bioseguridad,Commodities,en_risc,en_risc,578,,,0.0,879.2,0.0,alta,Client en risc de Bioseguridad. Porta 578 dies sense comprar.,2025-12-30,,,0.0,delegat,2556
41052,Anestesia,Commodities,en_risc,en_risc,379,,,0.0,1802.36,0.0,alta,Client en risc de Anestesia. Porta 379 dies sense comprar.,2025-12-30,,,0.0,delegat,2557
41024,Bioseguridad,Commodities,en_risc,en_risc,446,,,0.0,1667.34,0.0,alta,Client en risc de Bioseguridad. Porta 446 dies sense comprar.,2025-12-30,,,0.0,delegat,2558
40974,Bioseguridad,Commodities,en_risc,en_risc,428,,,0.0,879.2,0.0,alta,Client en risc de Bioseguridad. Porta 428 dies sense comprar.,2025-12-30,,,0.0,delegat,2559
42785,Bioseguridad,Commodities,en_risc,en_risc,448,,,0.0,1086.44,0.0,alta,Client en risc de Bioseguridad. Porta 448 dies sense comprar.,2025-12-30,,,0.0,delegat,2560
42785,Anestesia,Commodities,en_risc,en_risc,448,,,0.0,2223.12,0.0,alta,Client en risc de Anestesia. Porta 448 dies sense comprar.,2025-12-30,,,0.0,delegat,2561
42784,Anestesia,Commodities,en_risc,en_risc,685,,,0.0,2223.12,0.0,alta,Client en risc de Anestesia. Porta 685 dies sense comprar.,2025-12-30,,,0.0,delegat,2562
42778,Anestesia,Commodities,en_risc,en_risc,544,,,0.0,2223.12,0.0,alta,Client en risc de Anestesia. Porta 544 dies sense comprar.,2025-12-30,,,0.0,delegat,2563
42763,Anestesia,Commodities,en_risc,en_risc,712,,,0.0,1802.36,0.0,alta,Client en risc de Anestesia. Porta 712 dies sense comprar.,2025-12-30,,,0.0,delegat,2564
42748,Anestesia,Commodities,en_risc,en_risc,511,,,0.0,3410.04,0.0,alta,Client en risc de Anestesia. Porta 511 dies sense comprar.,2025-12-30,,,0.0,delegat,2565
42718,Anestesia,Commodities,en_risc,en_risc,378,,,0.0,2223.12,0.0,alta,Client en risc de Anestesia. Porta 378 dies sense comprar.,2025-12-30,,,0.0,delegat,2566
42711,Anestesia,Commodities,en_risc,en_risc,606,,,0.0,3410.04,0.0,alta,Client en risc de Anestesia. Porta 606 dies sense comprar.,2025-12-30,,,0.0,delegat,2567
42524,Anestesia,Commodities,en_risc,en_risc,601,,,0.0,0.0,0.0,alta,Client en risc de Anestesia. Porta 601 dies sense comprar.,2025-12-30,,,0.0,delegat,2568
42395,Anestesia,Commodities,en_risc,en_risc,393,,,0.0,2223.12,0.0,alta,Client en risc de Anestesia. Porta 393 dies sense comprar.,2025-12-30,,,0.0,delegat,2569
42334,Anestesia,Commodities,en_risc,en_risc,728,,,0.0,2223.12,0.0,alta,Client en risc de Anestesia. Porta 728 dies sense comprar.,2025-12-30,,,0.0,delegat,2570
42322,Anestesia,Commodities,en_risc,en_risc,433,,,0.0,2223.12,0.0,alta,Client en risc de Anestesia. Porta 433 dies sense comprar.,2025-12-30,,,0.0,delegat,2571
42310,Anestesia,Commodities,en_risc,en_risc,420,,,0.0,2223.12,0.0,alta,Client en risc de Anestesia. Porta 420 dies sense comprar.,2025-12-30,,,0.0,delegat,2572
42177,Anestesia,Commodities,en_risc,en_risc,456,,,0.0,1802.36,0.0,alta,Client en risc de Anestesia. Porta 456 dies sense comprar.,2025-12-30,,,0.0,delegat,2573
42096,Anestesia,Commodities,en_risc,en_risc,613,,,0.0,2223.12,0.0,alta,Client en risc de Anestesia. Porta 613 dies sense comprar.,2025-12-30,,,0.0,delegat,2574
41956,Bioseguridad,Commodities,en_risc,en_risc,574,,,0.0,1086.44,0.0,alta,Client en risc de Bioseguridad. Porta 574 dies sense comprar.,2025-12-30,,,0.0,delegat,2575
1000040021,Anestesia,Commodities,en_risc,en_risc,434,,,0.0,2223.12,0.0,alta,Client en risc de Anestesia. Porta 434 dies sense comprar.,2025-12-30,,,0.0,delegat,2576
1000039366,Anestesia,Commodities,en_risc,en_risc,390,,,0.0,1802.36,0.0,alta,Client en risc de Anestesia. Porta 390 dies sense comprar.,2025-12-30,,,0.0,delegat,2577
1000038685,Anestesia,Commodities,en_risc,en_risc,420,,,0.0,2223.12,0.0,alta,Client en risc de Anestesia. Porta 420 dies sense comprar.,2025-12-30,,,0.0,delegat,2578
1000037777,Anestesia,Commodities,en_risc,en_risc,651,,,0.0,1802.36,0.0,alta,Client en risc de Anestesia. Porta 651 dies sense comprar.,2025-12-30,,,0.0,delegat,2579
1000037704,Anestesia,Commodities,en_risc,en_risc,420,,,0.0,1802.36,0.0,alta,Client en risc de Anestesia. Porta 420 dies sense comprar.,2025-12-30,,,0.0,delegat,2580
42988,Anestesia,Commodities,en_risc,en_risc,379,,,0.0,0.0,0.0,alta,Client en risc de Anestesia. Porta 379 dies sense comprar.,2025-12-30,,,0.0,delegat,2581
42981,Anestesia,Commodities,en_risc,en_risc,384,,,0.0,3410.04,0.0,alta,Client en risc de Anestesia. Porta 384 dies sense comprar.,2025-12-30,,,0.0,delegat,2582
42947,Anestesia,Commodities,en_risc,en_risc,431,,,0.0,2223.12,0.0,alta,Client en risc de Anestesia. Porta 431 dies sense comprar.,2025-12-30,,,0.0,delegat,2583
42938,Anestesia,Commodities,en_risc,en_risc,455,,,0.0,2223.12,0.0,alta,Client en risc de Anestesia. Porta 455 dies sense comprar.,2025-12-30,,,0.0,delegat,2584
42928,Anestesia,Commodities,en_risc,en_risc,453,,,0.0,1802.36,0.0,alta,Client en risc de Anestesia. Porta 453 dies sense comprar.,2025-12-30,,,0.0,delegat,2585
42903,Anestesia,Commodities,en_risc,en_risc,533,,,0.0,1802.36,0.0,alta,Client en risc de Anestesia. Porta 533 dies sense comprar.,2025-12-30,,,0.0,delegat,2586
42881,Anestesia,Commodities,en_risc,en_risc,560,,,0.0,3410.04,0.0,alta,Client en risc de Anestesia. Porta 560 dies sense comprar.,2025-12-30,,,0.0,delegat,2587
42850,Anestesia,Commodities,en_risc,en_risc,393,,,0.0,2223.12,0.0,alta,Client en risc de Anestesia. Porta 393 dies sense comprar.,2025-12-30,,,0.0,delegat,2588
42843,Anestesia,Commodities,en_risc,en_risc,372,,,0.0,2223.12,0.0,alta,Client en risc de Anestesia. Porta 372 dies sense comprar.,2025-12-30,,,0.0,delegat,2589
42790,Bioseguridad,Commodities,en_risc,en_risc,578,,,0.0,2223.12,0.0,alta,Client en risc de Bioseguridad. Porta 578 dies sense comprar.,2025-12-30,,,0.0,delegat,2590
42790,Anestesia,Commodities,en_risc,en_risc,578,,,0.0,4546.72,0.0,alta,Client en risc de Anestesia. Porta 578 dies sense comprar.,2025-12-30,,,0.0,delegat,2591
1000059088,Bioseguridad,Commodities,en_risc,en_risc,634,,,0.0,1667.34,0.0,alta,Client en risc de Bioseguridad. Porta 634 dies sense comprar.,2025-12-30,,,0.0,delegat,2592
1000058430,Anestesia,Commodities,en_risc,en_risc,546,,,0.0,3410.04,0.0,alta,Client en risc de Anestesia. Porta 546 dies sense comprar.,2025-12-30,,,0.0,delegat,2593
1000058080,Anestesia,Commodities,en_risc,en_risc,595,,,0.0,3410.04,0.0,alta,Client en risc de Anestesia. Porta 595 dies sense comprar.,2025-12-30,,,0.0,delegat,2594
1000058045,Anestesia,Commodities,en_risc,en_risc,574,,,0.0,3410.04,0.0,alta,Client en risc de Anestesia. Porta 574 dies sense comprar.,2025-12-30,,,0.0,delegat,2595
1000057942,Bioseguridad,Commodities,en_risc,en_risc,705,,,0.0,1086.44,0.0,alta,Client en risc de Bioseguridad. Porta 705 dies sense comprar.,2025-12-30,,,0.0,delegat,2596
1000057942,Anestesia,Commodities,en_risc,en_risc,705,,,0.0,2223.12,0.0,alta,Client en risc de Anestesia. Porta 705 dies sense comprar.,2025-12-30,,,0.0,delegat,2597
1000057270,Bioseguridad,Commodities,en_risc,en_risc,693,,,0.0,1086.44,0.0,alta,Client en risc de Bioseguridad. Porta 693 dies sense comprar.,2025-12-30,,,0.0,delegat,2598
1000057270,Anestesia,Commodities,en_risc,en_risc,693,,,0.0,2223.12,0.0,alta,Client en risc de Anestesia. Porta 693 dies sense comprar.,2025-12-30,,,0.0,delegat,2599
1000056995,Bioseguridad,Commodities,en_risc,en_risc,587,,,0.0,1086.44,0.0,alta,Client en risc de Bioseguridad. Porta 587 dies sense comprar.,2025-12-30,,,0.0,delegat,2600
1000056400,Anestesia,Commodities,en_risc,en_risc,489,,,0.0,2223.12,0.0,alta,Client en risc de Anestesia. Porta 489 dies sense comprar.,2025-12-30,,,0.0,delegat,2601
1000043204,Anestesia,Commodities,en_risc,en_risc,708,,,0.0,3410.04,0.0,alta,Client en risc de Anestesia. Porta 708 dies sense comprar.,2025-12-30,,,0.0,delegat,2602
1000042827,Anestesia,Commodities,en_risc,en_risc,606,,,0.0,2223.12,0.0,alta,Client en risc de Anestesia. Porta 606 dies sense comprar.,2025-12-30,,,0.0,delegat,2603
1000042748,Bioseguridad,Commodities,en_risc,en_risc,622,,,0.0,1086.44,0.0,alta,Client en risc de Bioseguridad. Porta 622 dies sense comprar.,2025-12-30,,,0.0,delegat,2604
1000041983,Bioseguridad,Commodities,en_risc,en_risc,705,,,0.0,879.2,0.0,alta,Client en risc de Bioseguridad. Porta 705 dies sense comprar.,2025-12-30,,,0.0,delegat,2605
1000041983,Anestesia,Commodities,en_risc,en_risc,446,,,0.0,1802.36,0.0,alta,Client en risc de Anestesia. Porta 446 dies sense comprar.,2025-12-30,,,0.0,delegat,2606
1000040689,Anestesia,Commodities,en_risc,en_risc,467,,,0.0,1802.36,0.0,alta,Client en risc de Anestesia. Porta 467 dies sense comprar.,2025-12-30,,,0.0,delegat,2607
1000065933,Anestesia,Commodities,en_risc,en_risc,393,,,0.0,1802.36,0.0,alta,Client en risc de Anestesia. Porta 393 dies sense comprar.,2025-12-30,,,0.0,delegat,2608
1000065514,Anestesia,Commodities,en_risc,en_risc,448,,,0.0,1802.36,0.0,alta,Client en risc de Anestesia. Porta 448 dies sense comprar.,2025-12-30,,,0.0,delegat,2609
1000064972,Anestesia,Commodities,en_risc,en_risc,690,,,0.0,1802.36,0.0,alta,Client en risc de Anestesia. Porta 690 dies sense comprar.,2025-12-30,,,0.0,delegat,2610
1000064765,Bioseguridad,Commodities,en_risc,en_risc,467,,,0.0,1086.44,0.0,alta,Client en risc de Bioseguridad. Porta 467 dies sense comprar.,2025-12-30,,,0.0,delegat,2611
1000064588,Anestesia,Commodities,en_risc,en_risc,449,,,0.0,2223.12,0.0,alta,Client en risc de Anestesia. Porta 449 dies sense comprar.,2025-12-30,,,0.0,delegat,2612
1000064196,Anestesia,Commodities,en_risc,en_risc,558,,,0.0,3410.04,0.0,alta,Client en risc de Anestesia. Porta 558 dies sense comprar.,2025-12-30,,,0.0,delegat,2613
1000063573,Anestesia,Commodities,en_risc,en_risc,701,,,0.0,2223.12,0.0,alta,Client en risc de Anestesia. Porta 701 dies sense comprar.,2025-12-30,,,0.0,delegat,2614
1000063245,Anestesia,Commodities,en_risc,en_risc,676,,,0.0,2223.12,0.0,alta,Client en risc de Anestesia. Porta 676 dies sense comprar.,2025-12-30,,,0.0,delegat,2615
1000061990,Anestesia,Commodities,en_risc,en_risc,448,,,0.0,3410.04,0.0,alta,Client en risc de Anestesia. Porta 448 dies sense comprar.,2025-12-30,,,0.0,delegat,2616
1000061810,Anestesia,Commodities,en_risc,en_risc,564,,,0.0,2223.12,0.0,alta,Client en risc de Anestesia. Porta 564 dies sense comprar.,2025-12-30,,,0.0,delegat,2617
1000061247,Anestesia,Commodities,en_risc,en_risc,525,,,0.0,3410.04,0.0,alta,Client en risc de Anestesia. Porta 525 dies sense comprar.,2025-12-30,,,0.0,delegat,2618
1000060562,Anestesia,Commodities,en_risc,en_risc,420,,,0.0,2223.12,0.0,alta,Client en risc de Anestesia. Porta 420 dies sense comprar.,2025-12-30,,,0.0,delegat,2619
1000060357,Anestesia,Commodities,en_risc,en_risc,610,,,0.0,1802.36,0.0,alta,Client en risc de Anestesia. Porta 610 dies sense comprar.,2025-12-30,,,0.0,delegat,2620
1000060078,Anestesia,Commodities,en_risc,en_risc,414,,,0.0,3410.04,0.0,alta,Client en risc de Anestesia. Porta 414 dies sense comprar.,2025-12-30,,,0.0,delegat,2621
1000059878,Bioseguridad,Commodities,en_risc,en_risc,470,,,0.0,1667.34,0.0,alta,Client en risc de Bioseguridad. Porta 470 dies sense comprar.,2025-12-30,,,0.0,delegat,2622
1000059439,Anestesia,Commodities,en_risc,en_risc,602,,,0.0,2223.12,0.0,alta,Client en risc de Anestesia. Porta 602 dies sense comprar.,2025-12-30,,,0.0,delegat,2623
1000070524,Anestesia,Commodities,en_risc,en_risc,385,,,0.0,2223.12,0.0,alta,Client en risc de Anestesia. Porta 385 dies sense comprar.,2025-12-30,,,0.0,delegat,2624
1000070482,Anestesia,Commodities,en_risc,en_risc,418,,,0.0,2223.12,0.0,alta,Client en risc de Anestesia. Porta 418 dies sense comprar.,2025-12-30,,,0.0,delegat,2625
1000070207,Anestesia,Commodities,en_risc,en_risc,554,,,0.0,1802.36,0.0,alta,Client en risc de Anestesia. Porta 554 dies sense comprar.,2025-12-30,,,0.0,delegat,2626
1000069849,Anestesia,Commodities,en_risc,en_risc,482,,,0.0,2223.12,0.0,alta,Client en risc de Anestesia. Porta 482 dies sense comprar.,2025-12-30,,,0.0,delegat,2627
1000069786,Anestesia,Commodities,en_risc,en_risc,319,,,0.0,2223.12,0.0,alta,Client en risc de Anestesia. Porta 319 dies sense comprar.,2025-12-30,,,0.0,delegat,2628
1000069727,Anestesia,Commodities,en_risc,en_risc,575,,,0.0,1802.36,0.0,alta,Client en risc de Anestesia. Porta 575 dies sense comprar.,2025-12-30,,,0.0,delegat,2629
1000069451,Anestesia,Commodities,en_risc,en_risc,711,,,0.0,3410.04,0.0,alta,Client en risc de Anestesia. Porta 711 dies sense comprar.,2025-12-30,,,0.0,delegat,2630
1000069442,Anestesia,Commodities,en_risc,en_risc,690,,,0.0,2223.12,0.0,alta,Client en risc de Anestesia. Porta 690 dies sense comprar.,2025-12-30,,,0.0,delegat,2631
1000068692,Anestesia,Commodities,en_risc,en_risc,677,,,0.0,1802.36,0.0,alta,Client en risc de Anestesia. Porta 677 dies sense comprar.,2025-12-30,,,0.0,delegat,2632
1000068645,Anestesia,Commodities,en_risc,en_risc,411,,,0.0,2223.12,0.0,alta,Client en risc de Anestesia. Porta 411 dies sense comprar.,2025-12-30,,,0.0,delegat,2633
1000067856,Anestesia,Commodities,en_risc,en_risc,708,,,0.0,4546.72,0.0,alta,Client en risc de Anestesia. Porta 708 dies sense comprar.,2025-12-30,,,0.0,delegat,2634
1000067502,Bioseguridad,Commodities,en_risc,en_risc,406,,,0.0,1086.44,0.0,alta,Client en risc de Bioseguridad. Porta 406 dies sense comprar.,2025-12-30,,,0.0,delegat,2635
1000067436,Anestesia,Commodities,en_risc,en_risc,426,,,0.0,2223.12,0.0,alta,Client en risc de Anestesia. Porta 426 dies sense comprar.,2025-12-30,,,0.0,delegat,2636
1000067305,Bioseguridad,Commodities,en_risc,en_risc,684,,,0.0,1086.44,0.0,alta,Client en risc de Bioseguridad. Porta 684 dies sense comprar.,2025-12-30,,,0.0,delegat,2637
1000067305,Anestesia,Commodities,en_risc,en_risc,564,,,0.0,2223.12,0.0,alta,Client en risc de Anestesia. Porta 564 dies sense comprar.,2025-12-30,,,0.0,delegat,2638
1000067232,Anestesia,Commodities,en_risc,en_risc,382,,,0.0,1802.36,0.0,alta,Client en risc de Anestesia. Porta 382 dies sense comprar.,2025-12-30,,,0.0,delegat,2639
1000074005,Bioseguridad,Commodities,en_risc,en_risc,536,,,0.0,1086.44,0.0,alta,Client en risc de Bioseguridad. Porta 536 dies sense comprar.,2025-12-30,,,0.0,delegat,2640
1000073681,Anestesia,Commodities,en_risc,en_risc,445,,,0.0,2223.12,0.0,alta,Client en risc de Anestesia. Porta 445 dies sense comprar.,2025-12-30,,,0.0,delegat,2641
1000073653,Anestesia,Commodities,en_risc,en_risc,469,,,0.0,2223.12,0.0,alta,Client en risc de Anestesia. Porta 469 dies sense comprar.,2025-12-30,,,0.0,delegat,2642
1000073638,Anestesia,Commodities,en_risc,en_risc,699,,,0.0,2223.12,0.0,alta,Client en risc de Anestesia. Porta 699 dies sense comprar.,2025-12-30,,,0.0,delegat,2643
1000073487,Anestesia,Commodities,en_risc,en_risc,392,,,0.0,3410.04,0.0,alta,Client en risc de Anestesia. Porta 392 dies sense comprar.,2025-12-30,,,0.0,delegat,2644
1000071718,Anestesia,Commodities,en_risc,en_risc,439,,,0.0,2223.12,0.0,alta,Client en risc de Anestesia. Porta 439 dies sense comprar.,2025-12-30,,,0.0,delegat,2645
1000071615,Anestesia,Commodities,en_risc,en_risc,426,,,0.0,3410.04,0.0,alta,Client en risc de Anestesia. Porta 426 dies sense comprar.,2025-12-30,,,0.0,delegat,2646
1000071606,Bioseguridad,Commodities,en_risc,en_risc,547,,,0.0,1086.44,0.0,alta,Client en risc de Bioseguridad. Porta 547 dies sense comprar.,2025-12-30,,,0.0,delegat,2647
1000071606,Anestesia,Commodities,en_risc,en_risc,547,,,0.0,2223.12,0.0,alta,Client en risc de Anestesia. Porta 547 dies sense comprar.,2025-12-30,,,0.0,delegat,2648
1000071414,Anestesia,Commodities,en_risc,en_risc,463,,,0.0,1802.36,0.0,alta,Client en risc de Anestesia. Porta 463 dies sense comprar.,2025-12-30,,,0.0,delegat,2649
1000071395,Anestesia,Commodities,en_risc,en_risc,572,,,0.0,2223.12,0.0,alta,Client en risc de Anestesia. Porta 572 dies sense comprar.,2025-12-30,,,0.0,delegat,2650
1000071155,Anestesia,Commodities,en_risc,en_risc,572,,,0.0,2223.12,0.0,alta,Client en risc de Anestesia. Porta 572 dies sense comprar.,2025-12-30,,,0.0,delegat,2651
1000071071,Anestesia,Commodities,en_risc,en_risc,455,,,0.0,2223.12,0.0,alta,Client en risc de Anestesia. Porta 455 dies sense comprar.,2025-12-30,,,0.0,delegat,2652
1000070593,Anestesia,Commodities,en_risc,en_risc,434,,,0.0,3410.04,0.0,alta,Client en risc de Anestesia. Porta 434 dies sense comprar.,2025-12-30,,,0.0,delegat,2653
1000070579,Anestesia,Commodities,en_risc,en_risc,421,,,0.0,2223.12,0.0,alta,Client en risc de Anestesia. Porta 421 dies sense comprar.,2025-12-30,,,0.0,delegat,2654
1000070525,Anestesia,Commodities,en_risc,en_risc,386,,,0.0,2223.12,0.0,alta,Client en risc de Anestesia. Porta 386 dies sense comprar.,2025-12-30,,,0.0,delegat,2655
1000076580,Anestesia,Commodities,en_risc,en_risc,454,,,0.0,2223.12,0.0,alta,Client en risc de Anestesia. Porta 454 dies sense comprar.,2025-12-30,,,0.0,delegat,2656
1000075961,Bioseguridad,Commodities,en_risc,en_risc,393,,,0.0,1667.34,0.0,alta,Client en risc de Bioseguridad. Porta 393 dies sense comprar.,2025-12-30,,,0.0,delegat,2657
1000075961,Anestesia,Commodities,en_risc,en_risc,393,,,0.0,3410.04,0.0,alta,Client en risc de Anestesia. Porta 393 dies sense comprar.,2025-12-30,,,0.0,delegat,2658
1000075908,Anestesia,Commodities,en_risc,en_risc,573,,,0.0,1802.36,0.0,alta,Client en risc de Anestesia. Porta 573 dies sense comprar.,2025-12-30,,,0.0,delegat,2659
1000075779,Anestesia,Commodities,en_risc,en_risc,580,,,0.0,2223.12,0.0,alta,Client en risc de Anestesia. Porta 580 dies sense comprar.,2025-12-30,,,0.0,delegat,2660
1000075750,Anestesia,Commodities,en_risc,en_risc,337,,,0.0,2223.12,0.0,alta,Client en risc de Anestesia. Porta 337 dies sense comprar.,2025-12-30,,,0.0,delegat,2661
1000075540,Anestesia,Commodities,en_risc,en_risc,623,,,0.0,3410.04,0.0,alta,Client en risc de Anestesia. Porta 623 dies sense comprar.,2025-12-30,,,0.0,delegat,2662
1000075368,Anestesia,Commodities,en_risc,en_risc,372,,,0.0,2223.12,0.0,alta,Client en risc de Anestesia. Porta 372 dies sense comprar.,2025-12-30,,,0.0,delegat,2663
1000075173,Anestesia,Commodities,en_risc,en_risc,413,,,0.0,1802.36,0.0,alta,Client en risc de Anestesia. Porta 413 dies sense comprar.,2025-12-30,,,0.0,delegat,2664
1000074901,Anestesia,Commodities,en_risc,en_risc,477,,,0.0,2223.12,0.0,alta,Client en risc de Anestesia. Porta 477 dies sense comprar.,2025-12-30,,,0.0,delegat,2665
1000074567,Bioseguridad,Commodities,en_risc,en_risc,441,,,0.0,2223.12,0.0,alta,Client en risc de Bioseguridad. Porta 441 dies sense comprar.,2025-12-30,,,0.0,delegat,2666
1000074566,Anestesia,Commodities,en_risc,en_risc,446,,,0.0,1802.36,0.0,alta,Client en risc de Anestesia. Porta 446 dies sense comprar.,2025-12-30,,,0.0,delegat,2667
1000074435,Anestesia,Commodities,en_risc,en_risc,459,,,0.0,4546.72,0.0,alta,Client en risc de Anestesia. Porta 459 dies sense comprar.,2025-12-30,,,0.0,delegat,2668
1000074407,Anestesia,Commodities,en_risc,en_risc,376,,,0.0,2223.12,0.0,alta,Client en risc de Anestesia. Porta 376 dies sense comprar.,2025-12-30,,,0.0,delegat,2669
1000074347,Anestesia,Commodities,en_risc,en_risc,393,,,0.0,2223.12,0.0,alta,Client en risc de Anestesia. Porta 393 dies sense comprar.,2025-12-30,,,0.0,delegat,2670
1000074067,Anestesia,Commodities,en_risc,en_risc,453,,,0.0,1802.36,0.0,alta,Client en risc de Anestesia. Porta 453 dies sense comprar.,2025-12-30,,,0.0,delegat,2671
1000077976,Anestesia,Commodities,en_risc,en_risc,684,,,0.0,2223.12,0.0,alta,Client en risc de Anestesia. Porta 684 dies sense comprar.,2025-12-30,,,0.0,delegat,2672
1000077932,Anestesia,Commodities,en_risc,en_risc,553,,,0.0,2223.12,0.0,alta,Client en risc de Anestesia. Porta 553 dies sense comprar.,2025-12-30,,,0.0,delegat,2673
1000077709,Anestesia,Commodities,en_risc,en_risc,376,,,0.0,2223.12,0.0,alta,Client en risc de Anestesia. Porta 376 dies sense comprar.,2025-12-30,,,0.0,delegat,2674
1000077707,Bioseguridad,Commodities,en_risc,en_risc,449,,,0.0,1667.34,0.0,alta,Client en risc de Bioseguridad. Porta 449 dies sense comprar.,2025-12-30,,,0.0,delegat,2675
1000077638,Anestesia,Commodities,en_risc,en_risc,434,,,0.0,2223.12,0.0,alta,Client en risc de Anestesia. Porta 434 dies sense comprar.,2025-12-30,,,0.0,delegat,2676
1000077491,Anestesia,Commodities,en_risc,en_risc,454,,,0.0,1802.36,0.0,alta,Client en risc de Anestesia. Porta 454 dies sense comprar.,2025-12-30,,,0.0,delegat,2677
1000077444,Anestesia,Commodities,en_risc,en_risc,545,,,0.0,4546.72,0.0,alta,Client en risc de Anestesia. Porta 545 dies sense comprar.,2025-12-30,,,0.0,delegat,2678
1000077397,Anestesia,Commodities,en_risc,en_risc,433,,,0.0,1802.36,0.0,alta,Client en risc de Anestesia. Porta 433 dies sense comprar.,2025-12-30,,,0.0,delegat,2679
1000077327,Bioseguridad,Commodities,en_risc,en_risc,585,,,0.0,1667.34,0.0,alta,Client en risc de Bioseguridad. Porta 585 dies sense comprar.,2025-12-30,,,0.0,delegat,2680
1000077233,Anestesia,Commodities,en_risc,en_risc,426,,,0.0,1802.36,0.0,alta,Client en risc de Anestesia. Porta 426 dies sense comprar.,2025-12-30,,,0.0,delegat,2681
1000077231,Anestesia,Commodities,en_risc,en_risc,572,,,0.0,2223.12,0.0,alta,Client en risc de Anestesia. Porta 572 dies sense comprar.,2025-12-30,,,0.0,delegat,2682
1000076824,Anestesia,Commodities,en_risc,en_risc,390,,,0.0,3410.04,0.0,alta,Client en risc de Anestesia. Porta 390 dies sense comprar.,2025-12-30,,,0.0,delegat,2683
1000076790,Anestesia,Commodities,en_risc,en_risc,463,,,0.0,1802.36,0.0,alta,Client en risc de Anestesia. Porta 463 dies sense comprar.,2025-12-30,,,0.0,delegat,2684
1000076689,Bioseguridad,Commodities,en_risc,en_risc,526,,,0.0,1667.34,0.0,alta,Client en risc de Bioseguridad. Porta 526 dies sense comprar.,2025-12-30,,,0.0,delegat,2685
1000076653,Anestesia,Commodities,en_risc,en_risc,376,,,0.0,2223.12,0.0,alta,Client en risc de Anestesia. Porta 376 dies sense comprar.,2025-12-30,,,0.0,delegat,2686
1000076624,Anestesia,Commodities,en_risc,en_risc,469,,,0.0,1802.36,0.0,alta,Client en risc de Anestesia. Porta 469 dies sense comprar.,2025-12-30,,,0.0,delegat,2687
1000078659,Bioseguridad,Commodities,en_risc,en_risc,523,,,0.0,1086.44,0.0,alta,Client en risc de Bioseguridad. Porta 523 dies sense comprar.,2025-12-30,,,0.0,delegat,2688
1000078659,Anestesia,Commodities,en_risc,en_risc,523,,,0.0,2223.12,0.0,alta,Client en risc de Anestesia. Porta 523 dies sense comprar.,2025-12-30,,,0.0,delegat,2689
1000078536,Anestesia,Commodities,en_risc,en_risc,393,,,0.0,0.0,0.0,alta,Client en risc de Anestesia. Porta 393 dies sense comprar.,2025-12-30,,,0.0,delegat,2690
1000078480,Anestesia,Commodities,en_risc,en_risc,438,,,0.0,2223.12,0.0,alta,Client en risc de Anestesia. Porta 438 dies sense comprar.,2025-12-30,,,0.0,delegat,2691
1000078455,Anestesia,Commodities,en_risc,en_risc,417,,,0.0,2223.12,0.0,alta,Client en risc de Anestesia. Porta 417 dies sense comprar.,2025-12-30,,,0.0,delegat,2692
1000078382,Anestesia,Commodities,en_risc,en_risc,532,,,0.0,2223.12,0.0,alta,Client en risc de Anestesia. Porta 532 dies sense comprar.,2025-12-30,,,0.0,delegat,2693
1000078372,Anestesia,Commodities,en_risc,en_risc,651,,,0.0,1802.36,0.0,alta,Client en risc de Anestesia. Porta 651 dies sense comprar.,2025-12-30,,,0.0,delegat,2694
1000078324,Anestesia,Commodities,en_risc,en_risc,463,,,0.0,2223.12,0.0,alta,Client en risc de Anestesia. Porta 463 dies sense comprar.,2025-12-30,,,0.0,delegat,2695
1000078311,Bioseguridad,Commodities,en_risc,en_risc,574,,,0.0,1086.44,0.0,alta,Client en risc de Bioseguridad. Porta 574 dies sense comprar.,2025-12-30,,,0.0,delegat,2696
1000078311,Anestesia,Commodities,en_risc,en_risc,592,,,0.0,2223.12,0.0,alta,Client en risc de Anestesia. Porta 592 dies sense comprar.,2025-12-30,,,0.0,delegat,2697
1000078284,Anestesia,Commodities,en_risc,en_risc,410,,,0.0,2223.12,0.0,alta,Client en risc de Anestesia. Porta 410 dies sense comprar.,2025-12-30,,,0.0,delegat,2698
1000078175,Anestesia,Commodities,en_risc,en_risc,568,,,0.0,1802.36,0.0,alta,Client en risc de Anestesia. Porta 568 dies sense comprar.,2025-12-30,,,0.0,delegat,2699
1000078170,Bioseguridad,Commodities,en_risc,en_risc,623,,,0.0,1667.34,0.0,alta,Client en risc de Bioseguridad. Porta 623 dies sense comprar.,2025-12-30,,,0.0,delegat,2700
1000078144,Anestesia,Commodities,en_risc,en_risc,494,,,0.0,1802.36,0.0,alta,Client en risc de Anestesia. Porta 494 dies sense comprar.,2025-12-30,,,0.0,delegat,2701
1000078013,Bioseguridad,Commodities,en_risc,en_risc,651,,,0.0,1667.34,0.0,alta,Client en risc de Bioseguridad. Porta 651 dies sense comprar.,2025-12-30,,,0.0,delegat,2702
1000078013,Anestesia,Commodities,en_risc,en_risc,588,,,0.0,3410.04,0.0,alta,Client en risc de Anestesia. Porta 588 dies sense comprar.,2025-12-30,,,0.0,delegat,2703
1000079399,Anestesia,Commodities,en_risc,en_risc,671,,,0.0,3410.04,0.0,alta,Client en risc de Anestesia. Porta 671 dies sense comprar.,2025-12-30,,,0.0,delegat,2704
1000079387,Anestesia,Commodities,en_risc,en_risc,566,,,0.0,1802.36,0.0,alta,Client en risc de Anestesia. Porta 566 dies sense comprar.,2025-12-30,,,0.0,delegat,2705
1000079289,Anestesia,Commodities,en_risc,en_risc,628,,,0.0,2223.12,0.0,alta,Client en risc de Anestesia. Porta 628 dies sense comprar.,2025-12-30,,,0.0,delegat,2706
1000079276,Anestesia,Commodities,en_risc,en_risc,393,,,0.0,2223.12,0.0,alta,Client en risc de Anestesia. Porta 393 dies sense comprar.,2025-12-30,,,0.0,delegat,2707
1000079168,Anestesia,Commodities,en_risc,en_risc,671,,,0.0,2223.12,0.0,alta,Client en risc de Anestesia. Porta 671 dies sense comprar.,2025-12-30,,,0.0,delegat,2708
1000079142,Anestesia,Commodities,en_risc,en_risc,414,,,0.0,2223.12,0.0,alta,Client en risc de Anestesia. Porta 414 dies sense comprar.,2025-12-30,,,0.0,delegat,2709
1000079101,Anestesia,Commodities,en_risc,en_risc,522,,,0.0,3410.04,0.0,alta,Client en risc de Anestesia. Porta 522 dies sense comprar.,2025-12-30,,,0.0,delegat,2710
1000079100,Anestesia,Commodities,en_risc,en_risc,651,,,0.0,2223.12,0.0,alta,Client en risc de Anestesia. Porta 651 dies sense comprar.,2025-12-30,,,0.0,delegat,2711
1000079088,Anestesia,Commodities,en_risc,en_risc,595,,,0.0,6820.08,0.0,alta,Client en risc de Anestesia. Porta 595 dies sense comprar.,2025-12-30,,,0.0,delegat,2712
1000079040,Anestesia,Commodities,en_risc,en_risc,385,,,0.0,2223.12,0.0,alta,Client en risc de Anestesia. Porta 385 dies sense comprar.,2025-12-30,,,0.0,delegat,2713
1000079022,Anestesia,Commodities,en_risc,en_risc,390,,,0.0,2223.12,0.0,alta,Client en risc de Anestesia. Porta 390 dies sense comprar.,2025-12-30,,,0.0,delegat,2714
1000079014,Bioseguridad,Commodities,en_risc,en_risc,565,,,0.0,1086.44,0.0,alta,Client en risc de Bioseguridad. Porta 565 dies sense comprar.,2025-12-30,,,0.0,delegat,2715
1000079001,Bioseguridad,Commodities,en_risc,en_risc,509,,,0.0,1667.34,0.0,alta,Client en risc de Bioseguridad. Porta 509 dies sense comprar.,2025-12-30,,,0.0,delegat,2716
1000079001,Anestesia,Commodities,en_risc,en_risc,607,,,0.0,3410.04,0.0,alta,Client en risc de Anestesia. Porta 607 dies sense comprar.,2025-12-30,,,0.0,delegat,2717
1000078785,Anestesia,Commodities,en_risc,en_risc,393,,,0.0,2223.12,0.0,alta,Client en risc de Anestesia. Porta 393 dies sense comprar.,2025-12-30,,,0.0,delegat,2718
1000078717,Anestesia,Commodities,en_risc,en_risc,433,,,0.0,1802.36,0.0,alta,Client en risc de Anestesia. Porta 433 dies sense comprar.,2025-12-30,,,0.0,delegat,2719
1000079894,Anestesia,Commodities,en_risc,en_risc,615,,,0.0,2223.12,0.0,alta,Client en risc de Anestesia. Porta 615 dies sense comprar.,2025-12-30,,,0.0,delegat,2720
1000079889,Bioseguridad,Commodities,en_risc,en_risc,718,,,0.0,1086.44,0.0,alta,Client en risc de Bioseguridad. Porta 718 dies sense comprar.,2025-12-30,,,0.0,delegat,2721
1000079889,Anestesia,Commodities,en_risc,en_risc,718,,,0.0,2223.12,0.0,alta,Client en risc de Anestesia. Porta 718 dies sense comprar.,2025-12-30,,,0.0,delegat,2722
1000079886,Bioseguridad,Commodities,en_risc,en_risc,616,,,0.0,1086.44,0.0,alta,Client en risc de Bioseguridad. Porta 616 dies sense comprar.,2025-12-30,,,0.0,delegat,2723
1000079875,Anestesia,Commodities,en_risc,en_risc,553,,,0.0,1802.36,0.0,alta,Client en risc de Anestesia. Porta 553 dies sense comprar.,2025-12-30,,,0.0,delegat,2724
1000079856,Anestesia,Commodities,en_risc,en_risc,599,,,0.0,1802.36,0.0,alta,Client en risc de Anestesia. Porta 599 dies sense comprar.,2025-12-30,,,0.0,delegat,2725
1000079836,Anestesia,Commodities,en_risc,en_risc,469,,,0.0,5683.4,0.0,alta,Client en risc de Anestesia. Porta 469 dies sense comprar.,2025-12-30,,,0.0,delegat,2726
1000079818,Anestesia,Commodities,en_risc,en_risc,615,,,0.0,2223.12,0.0,alta,Client en risc de Anestesia. Porta 615 dies sense comprar.,2025-12-30,,,0.0,delegat,2727
1000079751,Anestesia,Commodities,en_risc,en_risc,488,,,0.0,2223.12,0.0,alta,Client en risc de Anestesia. Porta 488 dies sense comprar.,2025-12-30,,,0.0,delegat,2728
1000079729,Bioseguridad,Commodities,en_risc,en_risc,431,,,0.0,1086.44,0.0,alta,Client en risc de Bioseguridad. Porta 431 dies sense comprar.,2025-12-30,,,0.0,delegat,2729
1000079729,Anestesia,Commodities,en_risc,en_risc,431,,,0.0,2223.12,0.0,alta,Client en risc de Anestesia. Porta 431 dies sense comprar.,2025-12-30,,,0.0,delegat,2730
1000079679,Bioseguridad,Commodities,en_risc,en_risc,403,,,0.0,1086.44,0.0,alta,Client en risc de Bioseguridad. Porta 403 dies sense comprar.,2025-12-30,,,0.0,delegat,2731
1000079678,Anestesia,Commodities,en_risc,en_risc,575,,,0.0,2223.12,0.0,alta,Client en risc de Anestesia. Porta 575 dies sense comprar.,2025-12-30,,,0.0,delegat,2732
1000079652,Anestesia,Commodities,en_risc,en_risc,643,,,0.0,1802.36,0.0,alta,Client en risc de Anestesia. Porta 643 dies sense comprar.,2025-12-30,,,0.0,delegat,2733
1000079629,Bioseguridad,Commodities,en_risc,en_risc,377,,,0.0,1086.44,0.0,alta,Client en risc de Bioseguridad. Porta 377 dies sense comprar.,2025-12-30,,,0.0,delegat,2734
1000079589,Bioseguridad,Commodities,en_risc,en_risc,425,,,0.0,1086.44,0.0,alta,Client en risc de Bioseguridad. Porta 425 dies sense comprar.,2025-12-30,,,0.0,delegat,2735
1000080266,Bioseguridad,Commodities,en_risc,en_risc,391,,,0.0,1667.34,0.0,alta,Client en risc de Bioseguridad. Porta 391 dies sense comprar.,2025-12-30,,,0.0,delegat,2736
1000080259,Anestesia,Commodities,en_risc,en_risc,428,,,0.0,2223.12,0.0,alta,Client en risc de Anestesia. Porta 428 dies sense comprar.,2025-12-30,,,0.0,delegat,2737
1000080194,Anestesia,Commodities,en_risc,en_risc,587,,,0.0,2223.12,0.0,alta,Client en risc de Anestesia. Porta 587 dies sense comprar.,2025-12-30,,,0.0,delegat,2738
1000080133,Anestesia,Commodities,en_risc,en_risc,420,,,0.0,2223.12,0.0,alta,Client en risc de Anestesia. Porta 420 dies sense comprar.,2025-12-30,,,0.0,delegat,2739
1000080092,Bioseguridad,Commodities,en_risc,en_risc,428,,,0.0,1086.44,0.0,alta,Client en risc de Bioseguridad. Porta 428 dies sense comprar.,2025-12-30,,,0.0,delegat,2740
1000080092,Anestesia,Commodities,en_risc,en_risc,484,,,0.0,2223.12,0.0,alta,Client en risc de Anestesia. Porta 484 dies sense comprar.,2025-12-30,,,0.0,delegat,2741
1000080082,Anestesia,Commodities,en_risc,en_risc,648,,,0.0,2223.12,0.0,alta,Client en risc de Anestesia. Porta 648 dies sense comprar.,2025-12-30,,,0.0,delegat,2742
1000080072,Bioseguridad,Commodities,en_risc,en_risc,433,,,0.0,1086.44,0.0,alta,Client en risc de Bioseguridad. Porta 433 dies sense comprar.,2025-12-30,,,0.0,delegat,2743
1000080071,Anestesia,Commodities,en_risc,en_risc,384,,,0.0,2223.12,0.0,alta,Client en risc de Anestesia. Porta 384 dies sense comprar.,2025-12-30,,,0.0,delegat,2744
1000080032,Anestesia,Commodities,en_risc,en_risc,419,,,0.0,3410.04,0.0,alta,Client en risc de Anestesia. Porta 419 dies sense comprar.,2025-12-30,,,0.0,delegat,2745
1000080024,Anestesia,Commodities,en_risc,en_risc,420,,,0.0,3410.04,0.0,alta,Client en risc de Anestesia. Porta 420 dies sense comprar.,2025-12-30,,,0.0,delegat,2746
1000079996,Anestesia,Commodities,en_risc,en_risc,603,,,0.0,2223.12,0.0,alta,Client en risc de Anestesia. Porta 603 dies sense comprar.,2025-12-30,,,0.0,delegat,2747
1000079985,Bioseguridad,Commodities,en_risc,en_risc,691,,,0.0,1667.34,0.0,alta,Client en risc de Bioseguridad. Porta 691 dies sense comprar.,2025-12-30,,,0.0,delegat,2748
1000079975,Anestesia,Commodities,en_risc,en_risc,425,,,0.0,1802.36,0.0,alta,Client en risc de Anestesia. Porta 425 dies sense comprar.,2025-12-30,,,0.0,delegat,2749
1000079945,Bioseguridad,Commodities,en_risc,en_risc,691,,,0.0,1086.44,0.0,alta,Client en risc de Bioseguridad. Porta 691 dies sense comprar.,2025-12-30,,,0.0,delegat,2750
1000079920,Anestesia,Commodities,en_risc,en_risc,460,,,0.0,2223.12,0.0,alta,Client en risc de Anestesia. Porta 460 dies sense comprar.,2025-12-30,,,0.0,delegat,2751
1000080726,Bioseguridad,Commodities,en_risc,en_risc,393,,,0.0,1086.44,0.0,alta,Client en risc de Bioseguridad. Porta 393 dies sense comprar.,2025-12-30,,,0.0,delegat,2752
1000080681,Anestesia,Commodities,en_risc,en_risc,427,,,0.0,3410.04,0.0,alta,Client en risc de Anestesia. Porta 427 dies sense comprar.,2025-12-30,,,0.0,delegat,2753
1000080668,Anestesia,Commodities,en_risc,en_risc,491,,,0.0,2223.12,0.0,alta,Client en risc de Anestesia. Porta 491 dies sense comprar.,2025-12-30,,,0.0,delegat,2754
1000080666,Anestesia,Commodities,en_risc,en_risc,594,,,0.0,2223.12,0.0,alta,Client en risc de Anestesia. Porta 594 dies sense comprar.,2025-12-30,,,0.0,delegat,2755
1000080597,Anestesia,Commodities,en_risc,en_risc,533,,,0.0,3410.04,0.0,alta,Client en risc de Anestesia. Porta 533 dies sense comprar.,2025-12-30,,,0.0,delegat,2756
1000080580,Anestesia,Commodities,en_risc,en_risc,446,,,0.0,2223.12,0.0,alta,Client en risc de Anestesia. Porta 446 dies sense comprar.,2025-12-30,,,0.0,delegat,2757
1000080575,Bioseguridad,Commodities,en_risc,en_risc,635,,,0.0,1086.44,0.0,alta,Client en risc de Bioseguridad. Porta 635 dies sense comprar.,2025-12-30,,,0.0,delegat,2758
1000080549,Anestesia,Commodities,en_risc,en_risc,698,,,0.0,2223.12,0.0,alta,Client en risc de Anestesia. Porta 698 dies sense comprar.,2025-12-30,,,0.0,delegat,2759
1000080531,Bioseguridad,Commodities,en_risc,en_risc,399,,,0.0,1086.44,0.0,alta,Client en risc de Bioseguridad. Porta 399 dies sense comprar.,2025-12-30,,,0.0,delegat,2760
1000080514,Anestesia,Commodities,en_risc,en_risc,489,,,0.0,3410.04,0.0,alta,Client en risc de Anestesia. Porta 489 dies sense comprar.,2025-12-30,,,0.0,delegat,2761
1000080508,Bioseguridad,Commodities,en_risc,en_risc,560,,,0.0,1667.34,0.0,alta,Client en risc de Bioseguridad. Porta 560 dies sense comprar.,2025-12-30,,,0.0,delegat,2762
1000080424,Anestesia,Commodities,en_risc,en_risc,428,,,0.0,2223.12,0.0,alta,Client en risc de Anestesia. Porta 428 dies sense comprar.,2025-12-30,,,0.0,delegat,2763
1000080387,Anestesia,Commodities,en_risc,en_risc,442,,,0.0,2223.12,0.0,alta,Client en risc de Anestesia. Porta 442 dies sense comprar.,2025-12-30,,,0.0,delegat,2764
1000080289,Anestesia,Commodities,en_risc,en_risc,491,,,0.0,2223.12,0.0,alta,Client en risc de Anestesia. Porta 491 dies sense comprar.,2025-12-30,,,0.0,delegat,2765
1000080275,Anestesia,Commodities,en_risc,en_risc,536,,,0.0,2223.12,0.0,alta,Client en risc de Anestesia. Porta 536 dies sense comprar.,2025-12-30,,,0.0,delegat,2766
1000080274,Anestesia,Commodities,en_risc,en_risc,379,,,0.0,2223.12,0.0,alta,Client en risc de Anestesia. Porta 379 dies sense comprar.,2025-12-30,,,0.0,delegat,2767
1000081098,Anestesia,Commodities,en_risc,en_risc,393,,,0.0,2223.12,0.0,alta,Client en risc de Anestesia. Porta 393 dies sense comprar.,2025-12-30,,,0.0,delegat,2768
1000081084,Anestesia,Commodities,en_risc,en_risc,546,,,0.0,2223.12,0.0,alta,Client en risc de Anestesia. Porta 546 dies sense comprar.,2025-12-30,,,0.0,delegat,2769
1000081066,Anestesia,Commodities,en_risc,en_risc,405,,,0.0,2223.12,0.0,alta,Client en risc de Anestesia. Porta 405 dies sense comprar.,2025-12-30,,,0.0,delegat,2770
1000080986,Bioseguridad,Commodities,en_risc,en_risc,547,,,0.0,2223.12,0.0,alta,Client en risc de Bioseguridad. Porta 547 dies sense comprar.,2025-12-30,,,0.0,delegat,2771
1000080986,Anestesia,Commodities,en_risc,en_risc,677,,,0.0,4546.72,0.0,alta,Client en risc de Anestesia. Porta 677 dies sense comprar.,2025-12-30,,,0.0,delegat,2772
1000080943,Bioseguridad,Commodities,en_risc,en_risc,673,,,0.0,1667.34,0.0,alta,Client en risc de Bioseguridad. Porta 673 dies sense comprar.,2025-12-30,,,0.0,delegat,2773
1000080941,Anestesia,Commodities,en_risc,en_risc,439,,,0.0,2223.12,0.0,alta,Client en risc de Anestesia. Porta 439 dies sense comprar.,2025-12-30,,,0.0,delegat,2774
1000080930,Anestesia,Commodities,en_risc,en_risc,629,,,0.0,1802.36,0.0,alta,Client en risc de Anestesia. Porta 629 dies sense comprar.,2025-12-30,,,0.0,delegat,2775
1000080861,Anestesia,Commodities,en_risc,en_risc,652,,,0.0,2223.12,0.0,alta,Client en risc de Anestesia. Porta 652 dies sense comprar.,2025-12-30,,,0.0,delegat,2776
1000080841,Anestesia,Commodities,en_risc,en_risc,376,,,0.0,3410.04,0.0,alta,Client en risc de Anestesia. Porta 376 dies sense comprar.,2025-12-30,,,0.0,delegat,2777
1000080828,Anestesia,Commodities,en_risc,en_risc,483,,,0.0,2223.12,0.0,alta,Client en risc de Anestesia. Porta 483 dies sense comprar.,2025-12-30,,,0.0,delegat,2778
1000080819,Anestesia,Commodities,en_risc,en_risc,398,,,0.0,2223.12,0.0,alta,Client en risc de Anestesia. Porta 398 dies sense comprar.,2025-12-30,,,0.0,delegat,2779
1000080790,Anestesia,Commodities,en_risc,en_risc,628,,,0.0,3410.04,0.0,alta,Client en risc de Anestesia. Porta 628 dies sense comprar.,2025-12-30,,,0.0,delegat,2780
1000080788,Anestesia,Commodities,en_risc,en_risc,564,,,0.0,4546.72,0.0,alta,Client en risc de Anestesia. Porta 564 dies sense comprar.,2025-12-30,,,0.0,delegat,2781
1000080779,Anestesia,Commodities,en_risc,en_risc,376,,,0.0,1802.36,0.0,alta,Client en risc de Anestesia. Porta 376 dies sense comprar.,2025-12-30,,,0.0,delegat,2782
1000080731,Anestesia,Commodities,en_risc,en_risc,379,,,0.0,1802.36,0.0,alta,Client en risc de Anestesia. Porta 379 dies sense comprar.,2025-12-30,,,0.0,delegat,2783
1000081835,Anestesia,Commodities,en_risc,en_risc,420,,,0.0,2223.12,0.0,alta,Client en risc de Anestesia. Porta 420 dies sense comprar.,2025-12-30,,,0.0,delegat,2784
1000081831,Anestesia,Commodities,en_risc,en_risc,483,,,0.0,2223.12,0.0,alta,Client en risc de Anestesia. Porta 483 dies sense comprar.,2025-12-30,,,0.0,delegat,2785
1000081830,Anestesia,Commodities,en_risc,en_risc,497,,,0.0,3410.04,0.0,alta,Client en risc de Anestesia. Porta 497 dies sense comprar.,2025-12-30,,,0.0,delegat,2786
1000081817,Anestesia,Commodities,en_risc,en_risc,669,,,0.0,2223.12,0.0,alta,Client en risc de Anestesia. Porta 669 dies sense comprar.,2025-12-30,,,0.0,delegat,2787
1000081701,Bioseguridad,Commodities,en_risc,en_risc,693,,,0.0,1086.44,0.0,alta,Client en risc de Bioseguridad. Porta 693 dies sense comprar.,2025-12-30,,,0.0,delegat,2788
1000081604,Anestesia,Commodities,en_risc,en_risc,509,,,0.0,5683.4,0.0,alta,Client en risc de Anestesia. Porta 509 dies sense comprar.,2025-12-30,,,0.0,delegat,2789
1000081558,Anestesia,Commodities,en_risc,en_risc,684,,,0.0,2223.12,0.0,alta,Client en risc de Anestesia. Porta 684 dies sense comprar.,2025-12-30,,,0.0,delegat,2790
1000081494,Anestesia,Commodities,en_risc,en_risc,706,,,0.0,3410.04,0.0,alta,Client en risc de Anestesia. Porta 706 dies sense comprar.,2025-12-30,,,0.0,delegat,2791
1000081478,Anestesia,Commodities,en_risc,en_risc,383,,,0.0,2223.12,0.0,alta,Client en risc de Anestesia. Porta 383 dies sense comprar.,2025-12-30,,,0.0,delegat,2792
1000081384,Anestesia,Commodities,en_risc,en_risc,573,,,0.0,2223.12,0.0,alta,Client en risc de Anestesia. Porta 573 dies sense comprar.,2025-12-30,,,0.0,delegat,2793
1000081242,Anestesia,Commodities,en_risc,en_risc,382,,,0.0,1802.36,0.0,alta,Client en risc de Anestesia. Porta 382 dies sense comprar.,2025-12-30,,,0.0,delegat,2794
1000081220,Bioseguridad,Commodities,en_risc,en_risc,419,,,0.0,1086.44,0.0,alta,Client en risc de Bioseguridad. Porta 419 dies sense comprar.,2025-12-30,,,0.0,delegat,2795
1000081208,Bioseguridad,Commodities,en_risc,en_risc,705,,,0.0,1667.34,0.0,alta,Client en risc de Bioseguridad. Porta 705 dies sense comprar.,2025-12-30,,,0.0,delegat,2796
1000081191,Anestesia,Commodities,en_risc,en_risc,676,,,0.0,2223.12,0.0,alta,Client en risc de Anestesia. Porta 676 dies sense comprar.,2025-12-30,,,0.0,delegat,2797
1000081183,Anestesia,Commodities,en_risc,en_risc,635,,,0.0,3410.04,0.0,alta,Client en risc de Anestesia. Porta 635 dies sense comprar.,2025-12-30,,,0.0,delegat,2798
1000081179,Bioseguridad,Commodities,en_risc,en_risc,594,,,0.0,1086.44,0.0,alta,Client en risc de Bioseguridad. Porta 594 dies sense comprar.,2025-12-30,,,0.0,delegat,2799
8104,Bioseguridad,Commodities,en_risc,en_risc,391,,,0.0,1086.44,0.0,alta,Client en risc de Bioseguridad. Porta 391 dies sense comprar.,2025-12-30,,,0.0,delegat,2800
7670,Bioseguridad,Commodities,en_risc,en_risc,684,,,0.0,1086.44,0.0,alta,Client en risc de Bioseguridad. Porta 684 dies sense comprar.,2025-12-30,,,0.0,delegat,2801
7670,Anestesia,Commodities,en_risc,en_risc,417,,,0.0,2223.12,0.0,alta,Client en risc de Anestesia. Porta 417 dies sense comprar.,2025-12-30,,,0.0,delegat,2802
7250,Bioseguridad,Commodities,en_risc,en_risc,684,,,0.0,1086.44,0.0,alta,Client en risc de Bioseguridad. Porta 684 dies sense comprar.,2025-12-30,,,0.0,delegat,2803
7213,Anestesia,Commodities,en_risc,en_risc,621,,,0.0,1802.36,0.0,alta,Client en risc de Anestesia. Porta 621 dies sense comprar.,2025-12-30,,,0.0,delegat,2804
7034,Anestesia,Commodities,en_risc,en_risc,376,,,0.0,2223.12,0.0,alta,Client en risc de Anestesia. Porta 376 dies sense comprar.,2025-12-30,,,0.0,delegat,2805
6809,Anestesia,Commodities,en_risc,en_risc,649,,,0.0,2223.12,0.0,alta,Client en risc de Anestesia. Porta 649 dies sense comprar.,2025-12-30,,,0.0,delegat,2806
6495,Bioseguridad,Commodities,en_risc,en_risc,586,,,0.0,1086.44,0.0,alta,Client en risc de Bioseguridad. Porta 586 dies sense comprar.,2025-12-30,,,0.0,delegat,2807
5837,Anestesia,Commodities,en_risc,en_risc,683,,,0.0,1802.36,0.0,alta,Client en risc de Anestesia. Porta 683 dies sense comprar.,2025-12-30,,,0.0,delegat,2808
5696,Anestesia,Commodities,en_risc,en_risc,651,,,0.0,1802.36,0.0,alta,Client en risc de Anestesia. Porta 651 dies sense comprar.,2025-12-30,,,0.0,delegat,2809
5602,Bioseguridad,Commodities,en_risc,en_risc,712,,,0.0,1086.44,0.0,alta,Client en risc de Bioseguridad. Porta 712 dies sense comprar.,2025-12-30,,,0.0,delegat,2810
5577,Anestesia,Commodities,en_risc,en_risc,379,,,0.0,1802.36,0.0,alta,Client en risc de Anestesia. Porta 379 dies sense comprar.,2025-12-30,,,0.0,delegat,2811
5532,Anestesia,Commodities,en_risc,en_risc,644,,,0.0,1802.36,0.0,alta,Client en risc de Anestesia. Porta 644 dies sense comprar.,2025-12-30,,,0.0,delegat,2812
5194,Anestesia,Commodities,en_risc,en_risc,574,,,0.0,2223.12,0.0,alta,Client en risc de Anestesia. Porta 574 dies sense comprar.,2025-12-30,,,0.0,delegat,2813
5134,Anestesia,Commodities,en_risc,en_risc,574,,,0.0,2223.12,0.0,alta,Client en risc de Anestesia. Porta 574 dies sense comprar.,2025-12-30,,,0.0,delegat,2814
1000081956,Anestesia,Commodities,en_risc,en_risc,393,,,0.0,2223.12,0.0,alta,Client en risc de Anestesia. Porta 393 dies sense comprar.,2025-12-30,,,0.0,delegat,2815
1000082272,Anestesia,Commodities,en_risc,en_risc,462,,,0.0,2223.12,0.0,alta,Client en risc de Anestesia. Porta 462 dies sense comprar.,2025-12-30,,,0.0,delegat,2816
1000082235,Anestesia,Commodities,en_risc,en_risc,393,,,0.0,2223.12,0.0,alta,Client en risc de Anestesia. Porta 393 dies sense comprar.,2025-12-30,,,0.0,delegat,2817
1000082210,Anestesia,Commodities,en_risc,en_risc,573,,,0.0,2223.12,0.0,alta,Client en risc de Anestesia. Porta 573 dies sense comprar.,2025-12-30,,,0.0,delegat,2818
1000082184,Bioseguridad,Commodities,en_risc,en_risc,403,,,0.0,2223.12,0.0,alta,Client en risc de Bioseguridad. Porta 403 dies sense comprar.,2025-12-30,,,0.0,delegat,2819
1000082145,Anestesia,Commodities,en_risc,en_risc,652,,,0.0,3410.04,0.0,alta,Client en risc de Anestesia. Porta 652 dies sense comprar.,2025-12-30,,,0.0,delegat,2820
1000076919,Anestesia,Commodities,finestra_captura,promiscu,70,107.0,0.0,1.297,2223.12,-659.91,alta,Client promiscu de Anestesia. Cicle habitual: 107 dies. La seva finestra de compra és ARA (retard: 0 dies). Share of wallet actual: 130%. Oportunitat de capturar -660€ de quota de mercat.,2025-12-30,,,0.0,televenda,2821
1000082141,Bioseguridad,Commodities,en_risc,en_risc,574,,,0.0,1086.44,0.0,alta,Client en risc de Bioseguridad. Porta 574 dies sense comprar.,2025-12-30,,,0.0,delegat,2822
1000082132,Anestesia,Commodities,en_risc,en_risc,644,,,0.0,2223.12,0.0,alta,Client en risc de Anestesia. Porta 644 dies sense comprar.,2025-12-30,,,0.0,delegat,2823
1000082128,Anestesia,Commodities,en_risc,en_risc,572,,,0.0,3410.04,0.0,alta,Client en risc de Anestesia. Porta 572 dies sense comprar.,2025-12-30,,,0.0,delegat,2824
1000082082,Bioseguridad,Commodities,en_risc,en_risc,568,,,0.0,1086.44,0.0,alta,Client en risc de Bioseguridad. Porta 568 dies sense comprar.,2025-12-30,,,0.0,delegat,2825
1000082082,Anestesia,Commodities,en_risc,en_risc,392,,,0.0,2223.12,0.0,alta,Client en risc de Anestesia. Porta 392 dies sense comprar.,2025-12-30,,,0.0,delegat,2826
1000081992,Bioseguridad,Commodities,en_risc,en_risc,386,,,0.0,1086.44,0.0,alta,Client en risc de Bioseguridad. Porta 386 dies sense comprar.,2025-12-30,,,0.0,delegat,2827
1000081992,Anestesia,Commodities,en_risc,en_risc,386,,,0.0,2223.12,0.0,alta,Client en risc de Anestesia. Porta 386 dies sense comprar.,2025-12-30,,,0.0,delegat,2828
1000081977,Bioseguridad,Commodities,en_risc,en_risc,558,,,0.0,1086.44,0.0,alta,Client en risc de Bioseguridad. Porta 558 dies sense comprar.,2025-12-30,,,0.0,delegat,2829
1000081964,Anestesia,Commodities,en_risc,en_risc,461,,,0.0,2223.12,0.0,alta,Client en risc de Anestesia. Porta 461 dies sense comprar.,2025-12-30,,,0.0,delegat,2830
8158,Anestesia,Commodities,en_risc,en_risc,431,,,0.0,2223.12,0.0,alta,Client en risc de Anestesia. Porta 431 dies sense comprar.,2025-12-30,,,0.0,delegat,2831
1000082673,Anestesia,Commodities,en_risc,en_risc,390,,,0.0,2223.12,0.0,alta,Client en risc de Anestesia. Porta 390 dies sense comprar.,2025-12-30,,,0.0,delegat,2832
1000082670,Anestesia,Commodities,en_risc,en_risc,679,,,0.0,2223.12,0.0,alta,Client en risc de Anestesia. Porta 679 dies sense comprar.,2025-12-30,,,0.0,delegat,2833
1000082627,Anestesia,Commodities,en_risc,en_risc,586,,,0.0,2223.12,0.0,alta,Client en risc de Anestesia. Porta 586 dies sense comprar.,2025-12-30,,,0.0,delegat,2834
1000082598,Anestesia,Commodities,en_risc,en_risc,400,,,0.0,3410.04,0.0,alta,Client en risc de Anestesia. Porta 400 dies sense comprar.,2025-12-30,,,0.0,delegat,2835
1000082571,Anestesia,Commodities,en_risc,en_risc,609,,,0.0,2223.12,0.0,alta,Client en risc de Anestesia. Porta 609 dies sense comprar.,2025-12-30,,,0.0,delegat,2836
1000082567,Anestesia,Commodities,en_risc,en_risc,677,,,0.0,2223.12,0.0,alta,Client en risc de Anestesia. Porta 677 dies sense comprar.,2025-12-30,,,0.0,delegat,2837
1000082566,Anestesia,Commodities,en_risc,en_risc,454,,,0.0,3410.04,0.0,alta,Client en risc de Anestesia. Porta 454 dies sense comprar.,2025-12-30,,,0.0,delegat,2838
1000082564,Bioseguridad,Commodities,en_risc,en_risc,400,,,0.0,1086.44,0.0,alta,Client en risc de Bioseguridad. Porta 400 dies sense comprar.,2025-12-30,,,0.0,delegat,2839
1000082509,Bioseguridad,Commodities,en_risc,en_risc,691,,,0.0,879.2,0.0,alta,Client en risc de Bioseguridad. Porta 691 dies sense comprar.,2025-12-30,,,0.0,delegat,2840
1000082451,Anestesia,Commodities,en_risc,en_risc,559,,,0.0,2223.12,0.0,alta,Client en risc de Anestesia. Porta 559 dies sense comprar.,2025-12-30,,,0.0,delegat,2841
1000082413,Anestesia,Commodities,en_risc,en_risc,617,,,0.0,3410.04,0.0,alta,Client en risc de Anestesia. Porta 617 dies sense comprar.,2025-12-30,,,0.0,delegat,2842
1000082409,Anestesia,Commodities,en_risc,en_risc,572,,,0.0,2223.12,0.0,alta,Client en risc de Anestesia. Porta 572 dies sense comprar.,2025-12-30,,,0.0,delegat,2843
1000082316,Bioseguridad,Commodities,en_risc,en_risc,487,,,0.0,1667.34,0.0,alta,Client en risc de Bioseguridad. Porta 487 dies sense comprar.,2025-12-30,,,0.0,delegat,2844
1000082312,Anestesia,Commodities,en_risc,en_risc,642,,,0.0,4546.72,0.0,alta,Client en risc de Anestesia. Porta 642 dies sense comprar.,2025-12-30,,,0.0,delegat,2845
1000082311,Anestesia,Commodities,en_risc,en_risc,417,,,0.0,3410.04,0.0,alta,Client en risc de Anestesia. Porta 417 dies sense comprar.,2025-12-30,,,0.0,delegat,2846
1000082292,Anestesia,Commodities,en_risc,en_risc,648,,,0.0,6820.08,0.0,alta,Client en risc de Anestesia. Porta 648 dies sense comprar.,2025-12-30,,,0.0,delegat,2847
1000100159,Anestesia,Commodities,en_risc,en_risc,448,,,0.0,2223.12,0.0,alta,Client en risc de Anestesia. Porta 448 dies sense comprar.,2025-12-30,,,0.0,delegat,2848
1000100115,Bioseguridad,Commodities,en_risc,en_risc,620,,,0.0,1667.34,0.0,alta,Client en risc de Bioseguridad. Porta 620 dies sense comprar.,2025-12-30,,,0.0,delegat,2849
1000082786,Anestesia,Commodities,en_risc,en_risc,418,,,0.0,2223.12,0.0,alta,Client en risc de Anestesia. Porta 418 dies sense comprar.,2025-12-30,,,0.0,delegat,2850
1000082779,Anestesia,Commodities,en_risc,en_risc,392,,,0.0,2223.12,0.0,alta,Client en risc de Anestesia. Porta 392 dies sense comprar.,2025-12-30,,,0.0,delegat,2851
1000082775,Anestesia,Commodities,en_risc,en_risc,431,,,0.0,3410.04,0.0,alta,Client en risc de Anestesia. Porta 431 dies sense comprar.,2025-12-30,,,0.0,delegat,2852
1000082772,Anestesia,Commodities,en_risc,en_risc,441,,,0.0,3410.04,0.0,alta,Client en risc de Anestesia. Porta 441 dies sense comprar.,2025-12-30,,,0.0,delegat,2853
1000082771,Bioseguridad,Commodities,en_risc,en_risc,386,,,0.0,1086.44,0.0,alta,Client en risc de Bioseguridad. Porta 386 dies sense comprar.,2025-12-30,,,0.0,delegat,2854
1000082771,Anestesia,Commodities,en_risc,en_risc,719,,,0.0,2223.12,0.0,alta,Client en risc de Anestesia. Porta 719 dies sense comprar.,2025-12-30,,,0.0,delegat,2855
1000082770,Bioseguridad,Commodities,en_risc,en_risc,706,,,0.0,1086.44,0.0,alta,Client en risc de Bioseguridad. Porta 706 dies sense comprar.,2025-12-30,,,0.0,delegat,2856
1000082770,Anestesia,Commodities,en_risc,en_risc,670,,,0.0,2223.12,0.0,alta,Client en risc de Anestesia. Porta 670 dies sense comprar.,2025-12-30,,,0.0,delegat,2857
1000082762,Anestesia,Commodities,en_risc,en_risc,462,,,0.0,3410.04,0.0,alta,Client en risc de Anestesia. Porta 462 dies sense comprar.,2025-12-30,,,0.0,delegat,2858
1000082758,Anestesia,Commodities,en_risc,en_risc,377,,,0.0,5683.4,0.0,alta,Client en risc de Anestesia. Porta 377 dies sense comprar.,2025-12-30,,,0.0,delegat,2859
1000082712,Bioseguridad,Commodities,en_risc,en_risc,628,,,0.0,879.2,0.0,alta,Client en risc de Bioseguridad. Porta 628 dies sense comprar.,2025-12-30,,,0.0,delegat,2860
1000082712,Anestesia,Commodities,en_risc,en_risc,628,,,0.0,1802.36,0.0,alta,Client en risc de Anestesia. Porta 628 dies sense comprar.,2025-12-30,,,0.0,delegat,2861
1000082687,Anestesia,Commodities,en_risc,en_risc,669,,,0.0,3410.04,0.0,alta,Client en risc de Anestesia. Porta 669 dies sense comprar.,2025-12-30,,,0.0,delegat,2862
1000082682,Anestesia,Commodities,en_risc,en_risc,589,,,0.0,2223.12,0.0,alta,Client en risc de Anestesia. Porta 589 dies sense comprar.,2025-12-30,,,0.0,delegat,2863
1000100330,Bioseguridad,Commodities,en_risc,en_risc,652,,,0.0,1086.44,0.0,alta,Client en risc de Bioseguridad. Porta 652 dies sense comprar.,2025-12-30,,,0.0,delegat,2864
1000100330,Anestesia,Commodities,en_risc,en_risc,727,,,0.0,2223.12,0.0,alta,Client en risc de Anestesia. Porta 727 dies sense comprar.,2025-12-30,,,0.0,delegat,2865
1000100324,Bioseguridad,Commodities,en_risc,en_risc,477,,,0.0,1086.44,0.0,alta,Client en risc de Bioseguridad. Porta 477 dies sense comprar.,2025-12-30,,,0.0,delegat,2866
1000100317,Anestesia,Commodities,en_risc,en_risc,461,,,0.0,3410.04,0.0,alta,Client en risc de Anestesia. Porta 461 dies sense comprar.,2025-12-30,,,0.0,delegat,2867
1000100304,Bioseguridad,Commodities,en_risc,en_risc,452,,,0.0,1086.44,0.0,alta,Client en risc de Bioseguridad. Porta 452 dies sense comprar.,2025-12-30,,,0.0,delegat,2868
1000100304,Anestesia,Commodities,en_risc,en_risc,693,,,0.0,2223.12,0.0,alta,Client en risc de Anestesia. Porta 693 dies sense comprar.,2025-12-30,,,0.0,delegat,2869
1000100292,Anestesia,Commodities,en_risc,en_risc,573,,,0.0,2223.12,0.0,alta,Client en risc de Anestesia. Porta 573 dies sense comprar.,2025-12-30,,,0.0,delegat,2870
1000100274,Anestesia,Commodities,en_risc,en_risc,407,,,0.0,2223.12,0.0,alta,Client en risc de Anestesia. Porta 407 dies sense comprar.,2025-12-30,,,0.0,delegat,2871
1000100253,Bioseguridad,Commodities,en_risc,en_risc,383,,,0.0,1667.34,0.0,alta,Client en risc de Bioseguridad. Porta 383 dies sense comprar.,2025-12-30,,,0.0,delegat,2872
1000100253,Anestesia,Commodities,en_risc,en_risc,567,,,0.0,3410.04,0.0,alta,Client en risc de Anestesia. Porta 567 dies sense comprar.,2025-12-30,,,0.0,delegat,2873
1000100252,Bioseguridad,Commodities,en_risc,en_risc,560,,,0.0,879.2,0.0,alta,Client en risc de Bioseguridad. Porta 560 dies sense comprar.,2025-12-30,,,0.0,delegat,2874
1000100252,Anestesia,Commodities,en_risc,en_risc,462,,,0.0,1802.36,0.0,alta,Client en risc de Anestesia. Porta 462 dies sense comprar.,2025-12-30,,,0.0,delegat,2875
1000100243,Anestesia,Commodities,en_risc,en_risc,564,,,0.0,3410.04,0.0,alta,Client en risc de Anestesia. Porta 564 dies sense comprar.,2025-12-30,,,0.0,delegat,2876
1000100198,Anestesia,Commodities,en_risc,en_risc,428,,,0.0,2223.12,0.0,alta,Client en risc de Anestesia. Porta 428 dies sense comprar.,2025-12-30,,,0.0,delegat,2877
1000100185,Anestesia,Commodities,en_risc,en_risc,600,,,0.0,1802.36,0.0,alta,Client en risc de Anestesia. Porta 600 dies sense comprar.,2025-12-30,,,0.0,delegat,2878
1000100176,Anestesia,Commodities,en_risc,en_risc,685,,,0.0,2223.12,0.0,alta,Client en risc de Anestesia. Porta 685 dies sense comprar.,2025-12-30,,,0.0,delegat,2879
1000100485,Bioseguridad,Commodities,en_risc,en_risc,672,,,0.0,1086.44,0.0,alta,Client en risc de Bioseguridad. Porta 672 dies sense comprar.,2025-12-30,,,0.0,delegat,2880
1000100485,Anestesia,Commodities,en_risc,en_risc,672,,,0.0,2223.12,0.0,alta,Client en risc de Anestesia. Porta 672 dies sense comprar.,2025-12-30,,,0.0,delegat,2881
1000100483,Bioseguridad,Commodities,en_risc,en_risc,433,,,0.0,1667.34,0.0,alta,Client en risc de Bioseguridad. Porta 433 dies sense comprar.,2025-12-30,,,0.0,delegat,2882
1000100482,Bioseguridad,Commodities,en_risc,en_risc,435,,,0.0,1086.44,0.0,alta,Client en risc de Bioseguridad. Porta 435 dies sense comprar.,2025-12-30,,,0.0,delegat,2883
1000100482,Anestesia,Commodities,en_risc,en_risc,553,,,0.0,2223.12,0.0,alta,Client en risc de Anestesia. Porta 553 dies sense comprar.,2025-12-30,,,0.0,delegat,2884
1000100474,Anestesia,Commodities,en_risc,en_risc,649,,,0.0,3410.04,0.0,alta,Client en risc de Anestesia. Porta 649 dies sense comprar.,2025-12-30,,,0.0,delegat,2885
1000100455,Anestesia,Commodities,en_risc,en_risc,568,,,0.0,3410.04,0.0,alta,Client en risc de Anestesia. Porta 568 dies sense comprar.,2025-12-30,,,0.0,delegat,2886
1000100443,Anestesia,Commodities,en_risc,en_risc,712,,,0.0,2223.12,0.0,alta,Client en risc de Anestesia. Porta 712 dies sense comprar.,2025-12-30,,,0.0,delegat,2887
1000100431,Anestesia,Commodities,en_risc,en_risc,448,,,0.0,2223.12,0.0,alta,Client en risc de Anestesia. Porta 448 dies sense comprar.,2025-12-30,,,0.0,delegat,2888
1000100417,Anestesia,Commodities,en_risc,en_risc,629,,,0.0,3410.04,0.0,alta,Client en risc de Anestesia. Porta 629 dies sense comprar.,2025-12-30,,,0.0,delegat,2889
1000100405,Anestesia,Commodities,en_risc,en_risc,652,,,0.0,2223.12,0.0,alta,Client en risc de Anestesia. Porta 652 dies sense comprar.,2025-12-30,,,0.0,delegat,2890
1000100399,Anestesia,Commodities,en_risc,en_risc,537,,,0.0,1802.36,0.0,alta,Client en risc de Anestesia. Porta 537 dies sense comprar.,2025-12-30,,,0.0,delegat,2891
1000100387,Anestesia,Commodities,en_risc,en_risc,393,,,0.0,3410.04,0.0,alta,Client en risc de Anestesia. Porta 393 dies sense comprar.,2025-12-30,,,0.0,delegat,2892
1000100383,Anestesia,Commodities,en_risc,en_risc,484,,,0.0,0.0,0.0,alta,Client en risc de Anestesia. Porta 484 dies sense comprar.,2025-12-30,,,0.0,delegat,2893
1000100375,Anestesia,Commodities,en_risc,en_risc,613,,,0.0,3410.04,0.0,alta,Client en risc de Anestesia. Porta 613 dies sense comprar.,2025-12-30,,,0.0,delegat,2894
1000100334,Anestesia,Commodities,en_risc,en_risc,700,,,0.0,1802.36,0.0,alta,Client en risc de Anestesia. Porta 700 dies sense comprar.,2025-12-30,,,0.0,delegat,2895
1000100918,Bioseguridad,Commodities,en_risc,en_risc,615,,,0.0,1667.34,0.0,alta,Client en risc de Bioseguridad. Porta 615 dies sense comprar.,2025-12-30,,,0.0,delegat,2896
1000100648,Bioseguridad,Commodities,en_risc,en_risc,691,,,0.0,1086.44,0.0,alta,Client en risc de Bioseguridad. Porta 691 dies sense comprar.,2025-12-30,,,0.0,delegat,2897
1000100645,Anestesia,Commodities,en_risc,en_risc,463,,,0.0,3410.04,0.0,alta,Client en risc de Anestesia. Porta 463 dies sense comprar.,2025-12-30,,,0.0,delegat,2898
1000100644,Anestesia,Commodities,en_risc,en_risc,481,,,0.0,1802.36,0.0,alta,Client en risc de Anestesia. Porta 481 dies sense comprar.,2025-12-30,,,0.0,delegat,2899
1000100623,Anestesia,Commodities,en_risc,en_risc,700,,,0.0,2223.12,0.0,alta,Client en risc de Anestesia. Porta 700 dies sense comprar.,2025-12-30,,,0.0,delegat,2900
1000100604,Anestesia,Commodities,en_risc,en_risc,630,,,0.0,6820.08,0.0,alta,Client en risc de Anestesia. Porta 630 dies sense comprar.,2025-12-30,,,0.0,delegat,2901
1000100600,Anestesia,Commodities,en_risc,en_risc,453,,,0.0,3410.04,0.0,alta,Client en risc de Anestesia. Porta 453 dies sense comprar.,2025-12-30,,,0.0,delegat,2902
1000100595,Anestesia,Commodities,en_risc,en_risc,467,,,0.0,5683.4,0.0,alta,Client en risc de Anestesia. Porta 467 dies sense comprar.,2025-12-30,,,0.0,delegat,2903
1000100590,Anestesia,Commodities,en_risc,en_risc,712,,,0.0,2223.12,0.0,alta,Client en risc de Anestesia. Porta 712 dies sense comprar.,2025-12-30,,,0.0,delegat,2904
1000100588,Bioseguridad,Commodities,en_risc,en_risc,713,,,0.0,0.0,0.0,alta,Client en risc de Bioseguridad. Porta 713 dies sense comprar.,2025-12-30,,,0.0,delegat,2905
1000100546,Bioseguridad,Commodities,en_risc,en_risc,376,,,0.0,1667.34,0.0,alta,Client en risc de Bioseguridad. Porta 376 dies sense comprar.,2025-12-30,,,0.0,delegat,2906
1000100546,Anestesia,Commodities,en_risc,en_risc,671,,,0.0,3410.04,0.0,alta,Client en risc de Anestesia. Porta 671 dies sense comprar.,2025-12-30,,,0.0,delegat,2907
1000100522,Bioseguridad,Commodities,en_risc,en_risc,573,,,0.0,1667.34,0.0,alta,Client en risc de Bioseguridad. Porta 573 dies sense comprar.,2025-12-30,,,0.0,delegat,2908
1000100522,Anestesia,Commodities,en_risc,en_risc,420,,,0.0,3410.04,0.0,alta,Client en risc de Anestesia. Porta 420 dies sense comprar.,2025-12-30,,,0.0,delegat,2909
1000100486,Bioseguridad,Commodities,en_risc,en_risc,627,,,0.0,1086.44,0.0,alta,Client en risc de Bioseguridad. Porta 627 dies sense comprar.,2025-12-30,,,0.0,delegat,2910
1000100486,Anestesia,Commodities,en_risc,en_risc,463,,,0.0,2223.12,0.0,alta,Client en risc de Anestesia. Porta 463 dies sense comprar.,2025-12-30,,,0.0,delegat,2911
1000101098,Anestesia,Commodities,en_risc,en_risc,585,,,0.0,3410.04,0.0,alta,Client en risc de Anestesia. Porta 585 dies sense comprar.,2025-12-30,,,0.0,delegat,2912
1000101083,Anestesia,Commodities,en_risc,en_risc,519,,,0.0,2223.12,0.0,alta,Client en risc de Anestesia. Porta 519 dies sense comprar.,2025-12-30,,,0.0,delegat,2913
1000101076,Anestesia,Commodities,en_risc,en_risc,545,,,0.0,2223.12,0.0,alta,Client en risc de Anestesia. Porta 545 dies sense comprar.,2025-12-30,,,0.0,delegat,2914
1000101070,Anestesia,Commodities,en_risc,en_risc,600,,,0.0,2223.12,0.0,alta,Client en risc de Anestesia. Porta 600 dies sense comprar.,2025-12-30,,,0.0,delegat,2915
1000101065,Anestesia,Commodities,en_risc,en_risc,560,,,0.0,2223.12,0.0,alta,Client en risc de Anestesia. Porta 560 dies sense comprar.,2025-12-30,,,0.0,delegat,2916
1000101056,Anestesia,Commodities,en_risc,en_risc,601,,,0.0,1802.36,0.0,alta,Client en risc de Anestesia. Porta 601 dies sense comprar.,2025-12-30,,,0.0,delegat,2917
1000101053,Anestesia,Commodities,en_risc,en_risc,603,,,0.0,1802.36,0.0,alta,Client en risc de Anestesia. Porta 603 dies sense comprar.,2025-12-30,,,0.0,delegat,2918
1000101022,Anestesia,Commodities,en_risc,en_risc,620,,,0.0,3410.04,0.0,alta,Client en risc de Anestesia. Porta 620 dies sense comprar.,2025-12-30,,,0.0,delegat,2919
1000101020,Anestesia,Commodities,en_risc,en_risc,622,,,0.0,2223.12,0.0,alta,Client en risc de Anestesia. Porta 622 dies sense comprar.,2025-12-30,,,0.0,delegat,2920
1000101007,Anestesia,Commodities,en_risc,en_risc,624,,,0.0,2223.12,0.0,alta,Client en risc de Anestesia. Porta 624 dies sense comprar.,2025-12-30,,,0.0,delegat,2921
1000100999,Anestesia,Commodities,en_risc,en_risc,432,,,0.0,3410.04,0.0,alta,Client en risc de Anestesia. Porta 432 dies sense comprar.,2025-12-30,,,0.0,delegat,2922
1000100982,Anestesia,Commodities,en_risc,en_risc,645,,,0.0,1802.36,0.0,alta,Client en risc de Anestesia. Porta 645 dies sense comprar.,2025-12-30,,,0.0,delegat,2923
1000100973,Anestesia,Commodities,en_risc,en_risc,392,,,0.0,2223.12,0.0,alta,Client en risc de Anestesia. Porta 392 dies sense comprar.,2025-12-30,,,0.0,delegat,2924
1000100951,Anestesia,Commodities,en_risc,en_risc,523,,,0.0,3410.04,0.0,alta,Client en risc de Anestesia. Porta 523 dies sense comprar.,2025-12-30,,,0.0,delegat,2925
1000100943,Anestesia,Commodities,en_risc,en_risc,483,,,0.0,1802.36,0.0,alta,Client en risc de Anestesia. Porta 483 dies sense comprar.,2025-12-30,,,0.0,delegat,2926
1000100939,Anestesia,Commodities,en_risc,en_risc,455,,,0.0,4546.72,0.0,alta,Client en risc de Anestesia. Porta 455 dies sense comprar.,2025-12-30,,,0.0,delegat,2927
1000101469,Anestesia,Commodities,en_risc,en_risc,452,,,0.0,4546.72,0.0,alta,Client en risc de Anestesia. Porta 452 dies sense comprar.,2025-12-30,,,0.0,delegat,2928
1000101450,Anestesia,Commodities,en_risc,en_risc,459,,,0.0,1802.36,0.0,alta,Client en risc de Anestesia. Porta 459 dies sense comprar.,2025-12-30,,,0.0,delegat,2929
1000101219,Anestesia,Commodities,en_risc,en_risc,482,,,0.0,2223.12,0.0,alta,Client en risc de Anestesia. Porta 482 dies sense comprar.,2025-12-30,,,0.0,delegat,2930
1000101192,Anestesia,Commodities,en_risc,en_risc,454,,,0.0,4546.72,0.0,alta,Client en risc de Anestesia. Porta 454 dies sense comprar.,2025-12-30,,,0.0,delegat,2931
1000101168,Anestesia,Commodities,en_risc,en_risc,427,,,0.0,2223.12,0.0,alta,Client en risc de Anestesia. Porta 427 dies sense comprar.,2025-12-30,,,0.0,delegat,2932
1000101157,Bioseguridad,Commodities,en_risc,en_risc,403,,,0.0,1086.44,0.0,alta,Client en risc de Bioseguridad. Porta 403 dies sense comprar.,2025-12-30,,,0.0,delegat,2933
1000101157,Anestesia,Commodities,en_risc,en_risc,403,,,0.0,2223.12,0.0,alta,Client en risc de Anestesia. Porta 403 dies sense comprar.,2025-12-30,,,0.0,delegat,2934
1000101129,Anestesia,Commodities,en_risc,en_risc,550,,,0.0,2223.12,0.0,alta,Client en risc de Anestesia. Porta 550 dies sense comprar.,2025-12-30,,,0.0,delegat,2935
1000101126,Bioseguridad,Commodities,en_risc,en_risc,566,,,0.0,1086.44,0.0,alta,Client en risc de Bioseguridad. Porta 566 dies sense comprar.,2025-12-30,,,0.0,delegat,2936
1000101126,Anestesia,Commodities,en_risc,en_risc,566,,,0.0,2223.12,0.0,alta,Client en risc de Anestesia. Porta 566 dies sense comprar.,2025-12-30,,,0.0,delegat,2937
1000101124,Anestesia,Commodities,en_risc,en_risc,553,,,0.0,2223.12,0.0,alta,Client en risc de Anestesia. Porta 553 dies sense comprar.,2025-12-30,,,0.0,delegat,2938
1000101121,Bioseguridad,Commodities,en_risc,en_risc,567,,,0.0,1667.34,0.0,alta,Client en risc de Bioseguridad. Porta 567 dies sense comprar.,2025-12-30,,,0.0,delegat,2939
1000101116,Anestesia,Commodities,en_risc,en_risc,572,,,0.0,2223.12,0.0,alta,Client en risc de Anestesia. Porta 572 dies sense comprar.,2025-12-30,,,0.0,delegat,2940
1000101115,Bioseguridad,Commodities,en_risc,en_risc,573,,,0.0,1667.34,0.0,alta,Client en risc de Bioseguridad. Porta 573 dies sense comprar.,2025-12-30,,,0.0,delegat,2941
1000101115,Anestesia,Commodities,en_risc,en_risc,573,,,0.0,3410.04,0.0,alta,Client en risc de Anestesia. Porta 573 dies sense comprar.,2025-12-30,,,0.0,delegat,2942
1000101108,Anestesia,Commodities,en_risc,en_risc,573,,,0.0,2223.12,0.0,alta,Client en risc de Anestesia. Porta 573 dies sense comprar.,2025-12-30,,,0.0,delegat,2943
39685,Bioseguridad,Commodities,finestra_captura,promiscu,4,218.0,0.0,1.5,879.2,-439.6,alta,Client promiscu de Bioseguridad. Cicle habitual: 218 dies. La seva finestra de compra és ARA (retard: 0 dies). Share of wallet actual: 150%. Oportunitat de capturar -440€ de quota de mercat.,2025-12-30,,,0.0,televenda,2944
15855,Anestesia,Commodities,en_risc,en_risc,687,,,0.0,2223.12,0.0,alta,Client en risc de Anestesia. Porta 687 dies sense comprar.,2025-12-30,,,0.0,delegat,2945
1000101630,Anestesia,Commodities,en_risc,en_risc,372,,,0.0,1802.36,0.0,alta,Client en risc de Anestesia. Porta 372 dies sense comprar.,2025-12-30,,,0.0,delegat,2946
1000101620,Anestesia,Commodities,en_risc,en_risc,382,,,0.0,2223.12,0.0,alta,Client en risc de Anestesia. Porta 382 dies sense comprar.,2025-12-30,,,0.0,delegat,2947
1000101600,Anestesia,Commodities,en_risc,en_risc,392,,,0.0,3410.04,0.0,alta,Client en risc de Anestesia. Porta 392 dies sense comprar.,2025-12-30,,,0.0,delegat,2948
1000101596,Anestesia,Commodities,en_risc,en_risc,390,,,0.0,2223.12,0.0,alta,Client en risc de Anestesia. Porta 390 dies sense comprar.,2025-12-30,,,0.0,delegat,2949
1000076747,Bioseguridad,Commodities,reposicio_pendent,promiscu,188,172.0,16.0,1.404,1086.44,-131.77,baixa,Client promiscu de Bioseguridad. El cicle de reposició indica compra pendent (16 dies de retard). Oportunitat de capturar part de la compra.,2025-12-30,,,0.0,televenda,2950
1000101592,Anestesia,Commodities,en_risc,en_risc,398,,,0.0,2223.12,0.0,alta,Client en risc de Anestesia. Porta 398 dies sense comprar.,2025-12-30,,,0.0,delegat,2951
1000101584,Anestesia,Commodities,en_risc,en_risc,398,,,0.0,3410.04,0.0,alta,Client en risc de Anestesia. Porta 398 dies sense comprar.,2025-12-30,,,0.0,delegat,2952
1000101577,Anestesia,Commodities,en_risc,en_risc,403,,,0.0,2223.12,0.0,alta,Client en risc de Anestesia. Porta 403 dies sense comprar.,2025-12-30,,,0.0,delegat,2953
1000101574,Anestesia,Commodities,en_risc,en_risc,404,,,0.0,2223.12,0.0,alta,Client en risc de Anestesia. Porta 404 dies sense comprar.,2025-12-30,,,0.0,delegat,2954
1000101573,Anestesia,Commodities,en_risc,en_risc,403,,,0.0,2223.12,0.0,alta,Client en risc de Anestesia. Porta 403 dies sense comprar.,2025-12-30,,,0.0,delegat,2955
1000101568,Anestesia,Commodities,en_risc,en_risc,410,,,0.0,2223.12,0.0,alta,Client en risc de Anestesia. Porta 410 dies sense comprar.,2025-12-30,,,0.0,delegat,2956
1000101547,Anestesia,Commodities,en_risc,en_risc,431,,,0.0,2223.12,0.0,alta,Client en risc de Anestesia. Porta 431 dies sense comprar.,2025-12-30,,,0.0,delegat,2957
1000101487,Anestesia,Commodities,en_risc,en_risc,438,,,0.0,3410.04,0.0,alta,Client en risc de Anestesia. Porta 438 dies sense comprar.,2025-12-30,,,0.0,delegat,2958
1000101472,Anestesia,Commodities,en_risc,en_risc,391,,,0.0,3410.04,0.0,alta,Client en risc de Anestesia. Porta 391 dies sense comprar.,2025-12-30,,,0.0,delegat,2959
4895,Anestesia,Commodities,en_risc,en_risc,399,,,0.0,1802.36,0.0,alta,Client en risc de Anestesia. Porta 399 dies sense comprar.,2025-12-30,,,0.0,delegat,2960
4753,Bioseguridad,Commodities,en_risc,en_risc,392,,,0.0,1667.34,0.0,alta,Client en risc de Bioseguridad. Porta 392 dies sense comprar.,2025-12-30,,,0.0,delegat,2961
4725,Bioseguridad,Commodities,en_risc,en_risc,643,,,0.0,879.2,0.0,alta,Client en risc de Bioseguridad. Porta 643 dies sense comprar.,2025-12-30,,,0.0,delegat,2962
4725,Anestesia,Commodities,en_risc,en_risc,643,,,0.0,1802.36,0.0,alta,Client en risc de Anestesia. Porta 643 dies sense comprar.,2025-12-30,,,0.0,delegat,2963
4717,Anestesia,Commodities,en_risc,en_risc,480,,,0.0,1802.36,0.0,alta,Client en risc de Anestesia. Porta 480 dies sense comprar.,2025-12-30,,,0.0,delegat,2964
4473,Anestesia,Commodities,en_risc,en_risc,418,,,0.0,2223.12,0.0,alta,Client en risc de Anestesia. Porta 418 dies sense comprar.,2025-12-30,,,0.0,delegat,2965
4075,Anestesia,Commodities,en_risc,en_risc,445,,,0.0,1802.36,0.0,alta,Client en risc de Anestesia. Porta 445 dies sense comprar.,2025-12-30,,,0.0,delegat,2966
4063,Anestesia,Commodities,en_risc,en_risc,427,,,0.0,2223.12,0.0,alta,Client en risc de Anestesia. Porta 427 dies sense comprar.,2025-12-30,,,0.0,delegat,2967
4020,Anestesia,Commodities,en_risc,en_risc,568,,,0.0,3410.04,0.0,alta,Client en risc de Anestesia. Porta 568 dies sense comprar.,2025-12-30,,,0.0,delegat,2968
3937,Anestesia,Commodities,en_risc,en_risc,692,,,0.0,2223.12,0.0,alta,Client en risc de Anestesia. Porta 692 dies sense comprar.,2025-12-30,,,0.0,delegat,2969
3919,Anestesia,Commodities,en_risc,en_risc,488,,,0.0,2223.12,0.0,alta,Client en risc de Anestesia. Porta 488 dies sense comprar.,2025-12-30,,,0.0,delegat,2970
3754,Bioseguridad,Commodities,en_risc,en_risc,435,,,0.0,1086.44,0.0,alta,Client en risc de Bioseguridad. Porta 435 dies sense comprar.,2025-12-30,,,0.0,delegat,2971
3545,Anestesia,Commodities,en_risc,en_risc,477,,,0.0,2223.12,0.0,alta,Client en risc de Anestesia. Porta 477 dies sense comprar.,2025-12-30,,,0.0,delegat,2972
3343,Anestesia,Commodities,en_risc,en_risc,391,,,0.0,2223.12,0.0,alta,Client en risc de Anestesia. Porta 391 dies sense comprar.,2025-12-30,,,0.0,delegat,2973
39016,Anestesia,Commodities,finestra_captura,promiscu,67,342.0,0.0,0.0,0.0,0.0,alta,Client promiscu de Anestesia. Cicle habitual: 342 dies. La seva finestra de compra és ARA (retard: 0 dies). Share of wallet actual: 0%. Oportunitat de capturar 0€ de quota de mercat.,2025-12-30,,,0.0,televenda,2974
15888,Anestesia,Commodities,en_risc,en_risc,606,,,0.0,6820.08,0.0,alta,Client en risc de Anestesia. Porta 606 dies sense comprar.,2025-12-30,,,0.0,delegat,2975
15999,Anestesia,Commodities,en_risc,en_risc,400,,,0.0,2223.12,0.0,alta,Client en risc de Anestesia. Porta 400 dies sense comprar.,2025-12-30,,,0.0,delegat,2976
6211,Anestesia,Commodities,reposicio_pendent,promiscu,208,116.0,92.0,1.006,2223.12,-4.09,baixa,Client promiscu de Anestesia. El cicle de reposició indica compra pendent (92 dies de retard). Oportunitat de capturar part de la compra.,2025-12-30,,,0.0,televenda,2977
15999,Bioseguridad,Commodities,en_risc,en_risc,630,,,0.0,1086.44,0.0,alta,Client en risc de Bioseguridad. Porta 630 dies sense comprar.,2025-12-30,,,0.0,delegat,2978
13432,Anestesia,Commodities,en_risc,en_risc,559,,,0.0,1802.36,0.0,alta,Client en risc de Anestesia. Porta 559 dies sense comprar.,2025-12-30,,,0.0,delegat,2979
13444,Anestesia,Commodities,en_risc,en_risc,606,,,0.0,1802.36,0.0,alta,Client en risc de Anestesia. Porta 606 dies sense comprar.,2025-12-30,,,0.0,delegat,2980
13543,Anestesia,Commodities,en_risc,en_risc,707,,,0.0,2223.12,0.0,alta,Client en risc de Anestesia. Porta 707 dies sense comprar.,2025-12-30,,,0.0,delegat,2981
1000075371,Anestesia,Commodities,finestra_captura,promiscu,54,294.0,0.0,1.195,2223.12,-434.45,alta,Client promiscu de Anestesia. Cicle habitual: 294 dies. La seva finestra de compra és ARA (retard: 0 dies). Share of wallet actual: 120%. Oportunitat de capturar -434€ de quota de mercat.,2025-12-30,,,0.0,televenda,2982
13550,Anestesia,Commodities,en_risc,en_risc,572,,,0.0,1802.36,0.0,alta,Client en risc de Anestesia. Porta 572 dies sense comprar.,2025-12-30,,,0.0,delegat,2983
1000075277,Bioseguridad,Commodities,finestra_captura,promiscu,120,389.0,0.0,1.5,1086.44,-543.22,alta,Client promiscu de Bioseguridad. Cicle habitual: 389 dies. La seva finestra de compra és ARA (retard: 0 dies). Share of wallet actual: 150%. Oportunitat de capturar -543€ de quota de mercat.,2025-12-30,,,0.0,televenda,2984
40677,Bioseguridad,Commodities,reposicio_pendent,promiscu,306,272.0,34.0,0.0,0.0,0.0,baixa,Client promiscu de Bioseguridad. El cicle de reposició indica compra pendent (34 dies de retard). Oportunitat de capturar part de la compra.,2025-12-30,,,0.0,televenda,2985
40638,Anestesia,Commodities,finestra_captura,promiscu,308,306.0,2.0,1.324,2223.12,-720.44,alta,Client promiscu de Anestesia. Cicle habitual: 306 dies. La seva finestra de compra és ARA (retard: 2 dies). Share of wallet actual: 132%. Oportunitat de capturar -720€ de quota de mercat.,2025-12-30,,,0.0,televenda,2986
19503,Biomateriales,Productes Tècnics,silenci_anomal_crític,actiu_esporadic,60,17.0,,,4625.22,0.0,critica,Client actiu_esporadic de Biomaterials. Historial: 2 pedidos (2 últims 12m). Freqüència habitual: 17 dies. Porta 60 dies sense comprar (z=8.4). Anomalia crítica detectada.,2025-12-30,8.43,vermella,0.0,televenda,2987
1000076071,Bioseguridad,Commodities,finestra_captura,promiscu,34,291.0,0.0,1.025,1086.44,-26.63,alta,Client promiscu de Bioseguridad. Cicle habitual: 291 dies. La seva finestra de compra és ARA (retard: 0 dies). Share of wallet actual: 102%. Oportunitat de capturar -27€ de quota de mercat.,2025-12-30,,,0.0,televenda,2988
13594,Anestesia,Commodities,en_risc,en_risc,572,,,0.0,2223.12,0.0,alta,Client en risc de Anestesia. Porta 572 dies sense comprar.,2025-12-30,,,0.0,delegat,2989
5111,Anestesia,Commodities,en_risc,en_risc,382,,,0.0,2223.12,0.0,alta,Client en risc de Anestesia. Porta 382 dies sense comprar.,2025-12-30,,,0.0,delegat,2990
5067,Anestesia,Commodities,en_risc,en_risc,455,,,0.0,2223.12,0.0,alta,Client en risc de Anestesia. Porta 455 dies sense comprar.,2025-12-30,,,0.0,delegat,2991
2873,Anestesia,Commodities,en_risc,en_risc,476,,,0.0,2223.12,0.0,alta,Client en risc de Anestesia. Porta 476 dies sense comprar.,2025-12-30,,,0.0,delegat,2992
2788,Bioseguridad,Commodities,en_risc,en_risc,392,,,0.0,1086.44,0.0,alta,Client en risc de Bioseguridad. Porta 392 dies sense comprar.,2025-12-30,,,0.0,delegat,2993
2439,Anestesia,Commodities,en_risc,en_risc,459,,,0.0,2223.12,0.0,alta,Client en risc de Anestesia. Porta 459 dies sense comprar.,2025-12-30,,,0.0,delegat,2994
2307,Anestesia,Commodities,en_risc,en_risc,392,,,0.0,2223.12,0.0,alta,Client en risc de Anestesia. Porta 392 dies sense comprar.,2025-12-30,,,0.0,delegat,2995
2141,Anestesia,Commodities,en_risc,en_risc,481,,,0.0,2223.12,0.0,alta,Client en risc de Anestesia. Porta 481 dies sense comprar.,2025-12-30,,,0.0,delegat,2996
2114,Anestesia,Commodities,en_risc,en_risc,629,,,0.0,2223.12,0.0,alta,Client en risc de Anestesia. Porta 629 dies sense comprar.,2025-12-30,,,0.0,delegat,2997
1908,Anestesia,Commodities,en_risc,en_risc,407,,,0.0,3410.04,0.0,alta,Client en risc de Anestesia. Porta 407 dies sense comprar.,2025-12-30,,,0.0,delegat,2998
1842,Anestesia,Commodities,en_risc,en_risc,490,,,0.0,2223.12,0.0,alta,Client en risc de Anestesia. Porta 490 dies sense comprar.,2025-12-30,,,0.0,delegat,2999
1592,Anestesia,Commodities,en_risc,en_risc,596,,,0.0,2223.12,0.0,alta,Client en risc de Anestesia. Porta 596 dies sense comprar.,2025-12-30,,,0.0,delegat,3000
1416,Anestesia,Commodities,en_risc,en_risc,448,,,0.0,2223.12,0.0,alta,Client en risc de Anestesia. Porta 448 dies sense comprar.,2025-12-30,,,0.0,delegat,3001
1221,Anestesia,Commodities,en_risc,en_risc,685,,,0.0,3410.04,0.0,alta,Client en risc de Anestesia. Porta 685 dies sense comprar.,2025-12-30,,,0.0,delegat,3002
1195,Anestesia,Commodities,en_risc,en_risc,614,,,0.0,3410.04,0.0,alta,Client en risc de Anestesia. Porta 614 dies sense comprar.,2025-12-30,,,0.0,delegat,3003
1169,Anestesia,Commodities,en_risc,en_risc,393,,,0.0,2223.12,0.0,alta,Client en risc de Anestesia. Porta 393 dies sense comprar.,2025-12-30,,,0.0,delegat,3004
1056,Bioseguridad,Commodities,en_risc,en_risc,487,,,0.0,879.2,0.0,alta,Client en risc de Bioseguridad. Porta 487 dies sense comprar.,2025-12-30,,,0.0,delegat,3005
1056,Anestesia,Commodities,en_risc,en_risc,412,,,0.0,1802.36,0.0,alta,Client en risc de Anestesia. Porta 412 dies sense comprar.,2025-12-30,,,0.0,delegat,3006
768,Bioseguridad,Commodities,en_risc,en_risc,642,,,0.0,1086.44,0.0,alta,Client en risc de Bioseguridad. Porta 642 dies sense comprar.,2025-12-30,,,0.0,delegat,3007
1000078043,Anestesia,Commodities,reposicio_pendent,promiscu,106,69.0,37.0,1.02,2223.12,-13.06,baixa,Client promiscu de Anestesia. El cicle de reposició indica compra pendent (37 dies de retard). Oportunitat de capturar part de la compra.,2025-12-30,,,0.0,televenda,3008
13594,Bioseguridad,Commodities,en_risc,en_risc,652,,,0.0,1086.44,0.0,alta,Client en risc de Bioseguridad. Porta 652 dies sense comprar.,2025-12-30,,,0.0,delegat,3009
5540,Bioseguridad,Commodities,finestra_captura,promiscu,252,458.0,0.0,1.044,1086.44,-47.73,alta,Client promiscu de Bioseguridad. Cicle habitual: 458 dies. La seva finestra de compra és ARA (retard: 0 dies). Share of wallet actual: 104%. Oportunitat de capturar -48€ de quota de mercat.,2025-12-30,,,0.0,televenda,3010
13822,Anestesia,Commodities,en_risc,en_risc,522,,,0.0,18186.88,0.0,alta,Client en risc de Anestesia. Porta 522 dies sense comprar.,2025-12-30,,,0.0,delegat,3011
13894,Anestesia,Commodities,en_risc,en_risc,698,,,0.0,3410.04,0.0,alta,Client en risc de Anestesia. Porta 698 dies sense comprar.,2025-12-30,,,0.0,delegat,3012
13993,Anestesia,Commodities,en_risc,en_risc,594,,,0.0,2223.12,0.0,alta,Client en risc de Anestesia. Porta 594 dies sense comprar.,2025-12-30,,,0.0,delegat,3013
14002,Anestesia,Commodities,en_risc,en_risc,616,,,0.0,2223.12,0.0,alta,Client en risc de Anestesia. Porta 616 dies sense comprar.,2025-12-30,,,0.0,delegat,3014
14002,Bioseguridad,Commodities,en_risc,en_risc,621,,,0.0,1086.44,0.0,alta,Client en risc de Bioseguridad. Porta 621 dies sense comprar.,2025-12-30,,,0.0,delegat,3015
670,Anestesia,Commodities,en_risc,en_risc,650,,,0.0,1802.36,0.0,alta,Client en risc de Anestesia. Porta 650 dies sense comprar.,2025-12-30,,,0.0,delegat,3016
654,Anestesia,Commodities,en_risc,en_risc,406,,,0.0,2223.12,0.0,alta,Client en risc de Anestesia. Porta 406 dies sense comprar.,2025-12-30,,,0.0,delegat,3017
523,Bioseguridad,Commodities,en_risc,en_risc,491,,,0.0,1086.44,0.0,alta,Client en risc de Bioseguridad. Porta 491 dies sense comprar.,2025-12-30,,,0.0,delegat,3018
382,Anestesia,Commodities,en_risc,en_risc,593,,,0.0,2223.12,0.0,alta,Client en risc de Anestesia. Porta 593 dies sense comprar.,2025-12-30,,,0.0,delegat,3019
369,Bioseguridad,Commodities,en_risc,en_risc,432,,,0.0,1086.44,0.0,alta,Client en risc de Bioseguridad. Porta 432 dies sense comprar.,2025-12-30,,,0.0,delegat,3020
351,Anestesia,Commodities,en_risc,en_risc,434,,,0.0,5683.4,0.0,alta,Client en risc de Anestesia. Porta 434 dies sense comprar.,2025-12-30,,,0.0,delegat,3021
3,Anestesia,Commodities,en_risc,en_risc,676,,,0.0,2223.12,0.0,alta,Client en risc de Anestesia. Porta 676 dies sense comprar.,2025-12-30,,,0.0,delegat,3022
14078,Bioseguridad,Commodities,en_risc,en_risc,385,,,0.0,2223.12,0.0,alta,Client en risc de Bioseguridad. Porta 385 dies sense comprar.,2025-12-30,,,0.0,delegat,3023
10381,Bioseguridad,Commodities,finestra_captura,promiscu,95,299.0,0.0,1.112,1086.44,-121.2,alta,Client promiscu de Bioseguridad. Cicle habitual: 299 dies. La seva finestra de compra és ARA (retard: 0 dies). Share of wallet actual: 111%. Oportunitat de capturar -121€ de quota de mercat.,2025-12-30,,,0.0,televenda,3024
14319,Anestesia,Commodities,en_risc,en_risc,516,,,0.0,3410.04,0.0,alta,Client en risc de Anestesia. Porta 516 dies sense comprar.,2025-12-30,,,0.0,delegat,3025
10997,Anestesia,Commodities,reposicio_pendent,promiscu,225,166.0,59.0,1.432,2223.12,-288.09,baixa,Client promiscu de Anestesia. El cicle de reposició indica compra pendent (59 dies de retard). Oportunitat de capturar part de la compra.,2025-12-30,,,0.0,televenda,3026
33915,Anestesia,Commodities,finestra_captura,promiscu,120,186.0,0.0,1.195,2223.12,-434.46,alta,Client promiscu de Anestesia. Cicle habitual: 186 dies. La seva finestra de compra és ARA (retard: 0 dies). Share of wallet actual: 120%. Oportunitat de capturar -434€ de quota de mercat.,2025-12-30,,,0.0,televenda,3027
14522,Anestesia,Commodities,en_risc,en_risc,407,,,0.0,2223.12,0.0,alta,Client en risc de Anestesia. Porta 407 dies sense comprar.,2025-12-30,,,0.0,delegat,3028
1000078533,Anestesia,Commodities,finestra_captura,promiscu,90,336.0,0.0,1.089,2223.12,-197.44,alta,Client promiscu de Anestesia. Cicle habitual: 336 dies. La seva finestra de compra és ARA (retard: 0 dies). Share of wallet actual: 109%. Oportunitat de capturar -197€ de quota de mercat.,2025-12-30,,,0.0,televenda,3029
42232,Anestesia,Commodities,finestra_captura,promiscu,76,184.0,0.0,0.0,0.0,0.0,alta,Client promiscu de Anestesia. Cicle habitual: 184 dies. La seva finestra de compra és ARA (retard: 0 dies). Share of wallet actual: 0%. Oportunitat de capturar 0€ de quota de mercat.,2025-12-30,,,0.0,televenda,3030
4767,Bioseguridad,Commodities,finestra_captura,promiscu,26,53.0,0.0,1.5,2778.9,-1389.45,alta,Client promiscu de Bioseguridad. Cicle habitual: 53 dies. La seva finestra de compra és ARA (retard: 0 dies). Share of wallet actual: 150%. Oportunitat de capturar -1389€ de quota de mercat.,2025-12-30,,,0.0,televenda,3031
42152,Bioseguridad,Commodities,finestra_captura,promiscu,98,196.0,0.0,0.0,0.0,0.0,alta,Client promiscu de Bioseguridad. Cicle habitual: 196 dies. La seva finestra de compra és ARA (retard: 0 dies). Share of wallet actual: 0%. Oportunitat de capturar 0€ de quota de mercat.,2025-12-30,,,0.0,televenda,3032
1000071825,Bioseguridad,Commodities,finestra_captura,promiscu,160,179.0,0.0,1.5,1667.34,-833.67,alta,Client promiscu de Bioseguridad. Cicle habitual: 179 dies. La seva finestra de compra és ARA (retard: 0 dies). Share of wallet actual: 150%. Oportunitat de capturar -834€ de quota de mercat.,2025-12-30,,,0.0,televenda,3033
1000101195,Bioseguridad,Commodities,finestra_captura,promiscu,105,206.0,0.0,0.0,0.0,0.0,alta,Client promiscu de Bioseguridad. Cicle habitual: 206 dies. La seva finestra de compra és ARA (retard: 0 dies). Share of wallet actual: 0%. Oportunitat de capturar 0€ de quota de mercat.,2025-12-30,,,0.0,televenda,3034
14565,Anestesia,Commodities,en_risc,en_risc,600,,,0.0,2223.12,0.0,alta,Client en risc de Anestesia. Porta 600 dies sense comprar.,2025-12-30,,,0.0,delegat,3035
14653,Anestesia,Commodities,en_risc,en_risc,432,,,0.0,3410.04,0.0,alta,Client en risc de Anestesia. Porta 432 dies sense comprar.,2025-12-30,,,0.0,delegat,3036
11854,Bioseguridad,Commodities,en_risc,en_risc,622,,,0.0,1086.44,0.0,alta,Client en risc de Bioseguridad. Porta 622 dies sense comprar.,2025-12-30,,,0.0,delegat,3037
9064,Anestesia,Commodities,reposicio_pendent,promiscu,322,263.0,59.0,1.014,2223.12,-9.22,baixa,Client promiscu de Anestesia. El cicle de reposició indica compra pendent (59 dies de retard). Oportunitat de capturar part de la compra.,2025-12-30,,,0.0,televenda,3038
11887,Anestesia,Commodities,en_risc,en_risc,683,,,0.0,1802.36,0.0,alta,Client en risc de Anestesia. Porta 683 dies sense comprar.,2025-12-30,,,0.0,delegat,3039
1000078757,Anestesia,Commodities,finestra_captura,promiscu,301,381.0,0.0,1.195,2223.12,-434.45,alta,Client promiscu de Anestesia. Cicle habitual: 381 dies. La seva finestra de compra és ARA (retard: 0 dies). Share of wallet actual: 120%. Oportunitat de capturar -434€ de quota de mercat.,2025-12-30,,,0.0,televenda,3040
11890,Anestesia,Commodities,en_risc,en_risc,728,,,0.0,2223.12,0.0,alta,Client en risc de Anestesia. Porta 728 dies sense comprar.,2025-12-30,,,0.0,delegat,3041
11907,Bioseguridad,Commodities,en_risc,en_risc,635,,,0.0,1667.34,0.0,alta,Client en risc de Bioseguridad. Porta 635 dies sense comprar.,2025-12-30,,,0.0,delegat,3042
1000100643,Bioseguridad,Commodities,reposicio_pendent,promiscu,349,217.0,132.0,1.5,879.2,-131.88,baixa,Client promiscu de Bioseguridad. El cicle de reposició indica compra pendent (132 dies de retard). Oportunitat de capturar part de la compra.,2025-12-30,,,0.0,televenda,3043
1000079061,Anestesia,Commodities,finestra_captura,promiscu,29,385.0,0.0,0.0,0.0,0.0,alta,Client promiscu de Anestesia. Cicle habitual: 385 dies. La seva finestra de compra és ARA (retard: 0 dies). Share of wallet actual: 0%. Oportunitat de capturar 0€ de quota de mercat.,2025-12-30,,,0.0,televenda,3044
12070,Anestesia,Commodities,en_risc,en_risc,377,,,0.0,3410.04,0.0,alta,Client en risc de Anestesia. Porta 377 dies sense comprar.,2025-12-30,,,0.0,delegat,3045
12070,Bioseguridad,Commodities,en_risc,en_risc,672,,,0.0,1667.34,0.0,alta,Client en risc de Bioseguridad. Porta 672 dies sense comprar.,2025-12-30,,,0.0,delegat,3046
12072,Anestesia,Commodities,en_risc,en_risc,706,,,0.0,2223.12,0.0,alta,Client en risc de Anestesia. Porta 706 dies sense comprar.,2025-12-30,,,0.0,delegat,3047
12100,Anestesia,Commodities,en_risc,en_risc,713,,,0.0,5683.4,0.0,alta,Client en risc de Anestesia. Porta 713 dies sense comprar.,2025-12-30,,,0.0,delegat,3048
12100,Bioseguridad,Commodities,en_risc,en_risc,713,,,0.0,2778.9,0.0,alta,Client en risc de Bioseguridad. Porta 713 dies sense comprar.,2025-12-30,,,0.0,delegat,3049
12425,Anestesia,Commodities,en_risc,en_risc,573,,,0.0,2223.12,0.0,alta,Client en risc de Anestesia. Porta 573 dies sense comprar.,2025-12-30,,,0.0,delegat,3050
1000078498,Anestesia,Commodities,finestra_captura,promiscu,126,798.0,0.0,1.195,2223.12,-434.46,alta,Client promiscu de Anestesia. Cicle habitual: 798 dies. La seva finestra de compra és ARA (retard: 0 dies). Share of wallet actual: 120%. Oportunitat de capturar -434€ de quota de mercat.,2025-12-30,,,0.0,televenda,3051
34618,Bioseguridad,Commodities,finestra_captura,promiscu,180,745.0,0.0,1.5,1086.44,-543.22,alta,Client promiscu de Bioseguridad. Cicle habitual: 745 dies. La seva finestra de compra és ARA (retard: 0 dies). Share of wallet actual: 150%. Oportunitat de capturar -543€ de quota de mercat.,2025-12-30,,,0.0,televenda,3052
10483,Bioseguridad,Commodities,finestra_captura,promiscu,336,732.0,0.0,1.5,879.2,-439.6,alta,Client promiscu de Bioseguridad. Cicle habitual: 732 dies. La seva finestra de compra és ARA (retard: 0 dies). Share of wallet actual: 150%. Oportunitat de capturar -440€ de quota de mercat.,2025-12-30,,,0.0,televenda,3053
12559,Anestesia,Commodities,en_risc,en_risc,530,,,0.0,2223.12,0.0,alta,Client en risc de Anestesia. Porta 530 dies sense comprar.,2025-12-30,,,0.0,delegat,3054
12690,Anestesia,Commodities,en_risc,en_risc,426,,,0.0,2223.12,0.0,alta,Client en risc de Anestesia. Porta 426 dies sense comprar.,2025-12-30,,,0.0,delegat,3055
12873,Anestesia,Commodities,en_risc,en_risc,572,,,0.0,2223.12,0.0,alta,Client en risc de Anestesia. Porta 572 dies sense comprar.,2025-12-30,,,0.0,delegat,3056
3637,Bioseguridad,Commodities,finestra_captura,promiscu,362,448.0,0.0,1.034,1086.44,-37.17,alta,Client promiscu de Bioseguridad. Cicle habitual: 448 dies. La seva finestra de compra és ARA (retard: 0 dies). Share of wallet actual: 103%. Oportunitat de capturar -37€ de quota de mercat.,2025-12-30,,,0.0,televenda,3057
13146,Anestesia,Commodities,en_risc,en_risc,595,,,0.0,2223.12,0.0,alta,Client en risc de Anestesia. Porta 595 dies sense comprar.,2025-12-30,,,0.0,delegat,3058
13280,Anestesia,Commodities,en_risc,en_risc,456,,,0.0,4546.72,0.0,alta,Client en risc de Anestesia. Porta 456 dies sense comprar.,2025-12-30,,,0.0,delegat,3059
13298,Anestesia,Commodities,en_risc,en_risc,652,,,0.0,2223.12,0.0,alta,Client en risc de Anestesia. Porta 652 dies sense comprar.,2025-12-30,,,0.0,delegat,3060
10189,Anestesia,Commodities,en_risc,en_risc,698,,,0.0,2223.12,0.0,alta,Client en risc de Anestesia. Porta 698 dies sense comprar.,2025-12-30,,,0.0,delegat,3061
10451,Anestesia,Commodities,en_risc,en_risc,454,,,0.0,2223.12,0.0,alta,Client en risc de Anestesia. Porta 454 dies sense comprar.,2025-12-30,,,0.0,delegat,3062
10500,Anestesia,Commodities,en_risc,en_risc,411,,,0.0,3410.04,0.0,alta,Client en risc de Anestesia. Porta 411 dies sense comprar.,2025-12-30,,,0.0,delegat,3063
1000100481,Bioseguridad,Commodities,finestra_captura,promiscu,69,400.0,0.0,1.193,1086.44,-209.75,alta,Client promiscu de Bioseguridad. Cicle habitual: 400 dies. La seva finestra de compra és ARA (retard: 0 dies). Share of wallet actual: 119%. Oportunitat de capturar -210€ de quota de mercat.,2025-12-30,,,0.0,televenda,3064
10500,Bioseguridad,Commodities,en_risc,en_risc,713,,,0.0,1667.34,0.0,alta,Client en risc de Bioseguridad. Porta 713 dies sense comprar.,2025-12-30,,,0.0,delegat,3065
1000100609,Anestesia,Commodities,finestra_captura,promiscu,190,356.0,0.0,1.147,1802.36,-264.64,alta,Client promiscu de Anestesia. Cicle habitual: 356 dies. La seva finestra de compra és ARA (retard: 0 dies). Share of wallet actual: 115%. Oportunitat de capturar -265€ de quota de mercat.,2025-12-30,,,0.0,televenda,3066
10519,Anestesia,Commodities,en_risc,en_risc,708,,,0.0,3410.04,0.0,alta,Client en risc de Anestesia. Porta 708 dies sense comprar.,2025-12-30,,,0.0,delegat,3067
1000100511,Anestesia,Commodities,finestra_captura,promiscu,179,603.0,0.0,0.0,0.0,0.0,alta,Client promiscu de Anestesia. Cicle habitual: 603 dies. La seva finestra de compra és ARA (retard: 0 dies). Share of wallet actual: 0%. Oportunitat de capturar 0€ de quota de mercat.,2025-12-30,,,0.0,televenda,3068
10519,Bioseguridad,Commodities,en_risc,en_risc,469,,,0.0,1667.34,0.0,alta,Client en risc de Bioseguridad. Porta 469 dies sense comprar.,2025-12-30,,,0.0,delegat,3069
10533,Bioseguridad,Commodities,en_risc,en_risc,630,,,0.0,1086.44,0.0,alta,Client en risc de Bioseguridad. Porta 630 dies sense comprar.,2025-12-30,,,0.0,delegat,3070
1000078789,Bioseguridad,Commodities,finestra_captura,promiscu,116,676.0,0.0,1.464,1086.44,-503.66,alta,Client promiscu de Bioseguridad. Cicle habitual: 676 dies. La seva finestra de compra és ARA (retard: 0 dies). Share of wallet actual: 146%. Oportunitat de capturar -504€ de quota de mercat.,2025-12-30,,,0.0,televenda,3071
10791,Bioseguridad,Commodities,en_risc,en_risc,526,,,0.0,2223.12,0.0,alta,Client en risc de Bioseguridad. Porta 526 dies sense comprar.,2025-12-30,,,0.0,delegat,3072
28588,Bioseguridad,Commodities,reposicio_pendent,promiscu,321,150.0,171.0,1.03,1086.44,-9.8,baixa,Client promiscu de Bioseguridad. El cicle de reposició indica compra pendent (171 dies de retard). Oportunitat de capturar part de la compra.,2025-12-30,,,0.0,televenda,3073
10832,Bioseguridad,Commodities,en_risc,en_risc,435,,,0.0,1667.34,0.0,alta,Client en risc de Bioseguridad. Porta 435 dies sense comprar.,2025-12-30,,,0.0,delegat,3074
10899,Anestesia,Commodities,en_risc,en_risc,468,,,0.0,1802.36,0.0,alta,Client en risc de Anestesia. Porta 468 dies sense comprar.,2025-12-30,,,0.0,delegat,3075
2975,Anestesia,Commodities,reposicio_pendent,promiscu,180,114.0,65.0,1.021,3410.04,-21.65,baixa,Client promiscu de Anestesia. El cicle de reposició indica compra pendent (65 dies de retard). Oportunitat de capturar part de la compra.,2025-12-30,,,0.0,televenda,3076
3685,Bioseguridad,Commodities,reposicio_pendent,promiscu,329,204.0,125.0,1.5,1086.44,-162.97,baixa,Client promiscu de Bioseguridad. El cicle de reposició indica compra pendent (125 dies de retard). Oportunitat de capturar part de la compra.,2025-12-30,,,0.0,televenda,3077
11117,Bioseguridad,Commodities,en_risc,en_risc,460,,,0.0,1086.44,0.0,alta,Client en risc de Bioseguridad. Porta 460 dies sense comprar.,2025-12-30,,,0.0,delegat,3078
11370,Anestesia,Commodities,en_risc,en_risc,715,,,0.0,2223.12,0.0,alta,Client en risc de Anestesia. Porta 715 dies sense comprar.,2025-12-30,,,0.0,delegat,3079
11498,Anestesia,Commodities,en_risc,en_risc,406,,,0.0,2223.12,0.0,alta,Client en risc de Anestesia. Porta 406 dies sense comprar.,2025-12-30,,,0.0,delegat,3080
11518,Anestesia,Commodities,en_risc,en_risc,517,,,0.0,2223.12,0.0,alta,Client en risc de Anestesia. Porta 517 dies sense comprar.,2025-12-30,,,0.0,delegat,3081
28140,Bioseguridad,Commodities,finestra_captura,promiscu,204,242.0,0.0,1.5,1086.44,-543.22,alta,Client promiscu de Bioseguridad. Cicle habitual: 242 dies. La seva finestra de compra és ARA (retard: 0 dies). Share of wallet actual: 150%. Oportunitat de capturar -543€ de quota de mercat.,2025-12-30,,,0.0,televenda,3082
1000080391,Bioseguridad,Commodities,finestra_captura,promiscu,354,608.0,0.0,1.193,1086.44,-209.75,alta,Client promiscu de Bioseguridad. Cicle habitual: 608 dies. La seva finestra de compra és ARA (retard: 0 dies). Share of wallet actual: 119%. Oportunitat de capturar -210€ de quota de mercat.,2025-12-30,,,0.0,televenda,3083
11721,Anestesia,Commodities,en_risc,en_risc,589,,,0.0,2223.12,0.0,alta,Client en risc de Anestesia. Porta 589 dies sense comprar.,2025-12-30,,,0.0,delegat,3084
29506,Bioseguridad,Commodities,reposicio_pendent,promiscu,285,204.0,80.0,1.112,1086.44,-36.36,baixa,Client promiscu de Bioseguridad. El cicle de reposició indica compra pendent (80 dies de retard). Oportunitat de capturar part de la compra.,2025-12-30,,,0.0,televenda,3085
11736,Anestesia,Commodities,en_risc,en_risc,538,,,0.0,2223.12,0.0,alta,Client en risc de Anestesia. Porta 538 dies sense comprar.,2025-12-30,,,0.0,delegat,3086
1000100379,Anestesia,Commodities,finestra_captura,promiscu,158,245.0,0.0,1.5,2223.12,-1111.56,alta,Client promiscu de Anestesia. Cicle habitual: 245 dies. La seva finestra de compra és ARA (retard: 0 dies). Share of wallet actual: 150%. Oportunitat de capturar -1112€ de quota de mercat.,2025-12-30,,,0.0,televenda,3087
1000101618,Biomateriales,Productes Tècnics,silenci_anomal_crític,actiu_esporadic,174,22.0,,,0.0,0.0,critica,Client actiu_esporadic de Biomaterials. Historial: 2 pedidos (2 últims 12m). Freqüència habitual: 22 dies. Porta 174 dies sense comprar (z=23.0). Anomalia crítica detectada.,2025-12-30,23.03,vermella,0.0,televenda,3088
1000042244,Bioseguridad,Commodities,finestra_captura,promiscu,112,183.0,0.0,1.192,1667.34,-320.28,alta,Client promiscu de Bioseguridad. Cicle habitual: 183 dies. La seva finestra de compra és ARA (retard: 0 dies). Share of wallet actual: 119%. Oportunitat de capturar -320€ de quota de mercat.,2025-12-30,,,0.0,televenda,3089
26614,Bioseguridad,Commodities,finestra_captura,promiscu,151,736.0,0.0,1.5,1086.44,-543.22,alta,Client promiscu de Bioseguridad. Cicle habitual: 736 dies. La seva finestra de compra és ARA (retard: 0 dies). Share of wallet actual: 150%. Oportunitat de capturar -543€ de quota de mercat.,2025-12-30,,,0.0,televenda,3090
15828,Bioseguridad,Commodities,finestra_captura,promiscu,76,219.0,0.0,1.334,1086.44,-362.73,alta,Client promiscu de Bioseguridad. Cicle habitual: 219 dies. La seva finestra de compra és ARA (retard: 0 dies). Share of wallet actual: 133%. Oportunitat de capturar -363€ de quota de mercat.,2025-12-30,,,0.0,televenda,3091
1000060738,Bioseguridad,Commodities,finestra_captura,promiscu,239,262.0,0.0,1.004,879.2,-3.65,alta,Client promiscu de Bioseguridad. Cicle habitual: 262 dies. La seva finestra de compra és ARA (retard: 0 dies). Share of wallet actual: 100%. Oportunitat de capturar -4€ de quota de mercat.,2025-12-30,,,0.0,televenda,3092
1000082578,Bioseguridad,Commodities,finestra_captura,promiscu,27,175.0,0.0,1.5,1667.34,-833.67,alta,Client promiscu de Bioseguridad. Cicle habitual: 175 dies. La seva finestra de compra és ARA (retard: 0 dies). Share of wallet actual: 150%. Oportunitat de capturar -834€ de quota de mercat.,2025-12-30,,,0.0,televenda,3093
1000043172,Bioseguridad,Commodities,finestra_captura,promiscu,62,153.0,0.0,1.5,1667.34,-833.67,alta,Client promiscu de Bioseguridad. Cicle habitual: 153 dies. La seva finestra de compra és ARA (retard: 0 dies). Share of wallet actual: 150%. Oportunitat de capturar -834€ de quota de mercat.,2025-12-30,,,0.0,televenda,3094
1000081756,Anestesia,Commodities,finestra_captura,promiscu,182,297.0,0.0,1.195,2223.12,-434.45,alta,Client promiscu de Anestesia. Cicle habitual: 297 dies. La seva finestra de compra és ARA (retard: 0 dies). Share of wallet actual: 120%. Oportunitat de capturar -434€ de quota de mercat.,2025-12-30,,,0.0,televenda,3095
1000081496,Anestesia,Commodities,finestra_captura,promiscu,327,338.0,0.0,1.083,2223.12,-185.01,alta,Client promiscu de Anestesia. Cicle habitual: 338 dies. La seva finestra de compra és ARA (retard: 0 dies). Share of wallet actual: 108%. Oportunitat de capturar -185€ de quota de mercat.,2025-12-30,,,0.0,televenda,3096
1000056449,Anestesia,Commodities,reposicio_pendent,promiscu,314,249.0,65.0,1.083,2223.12,-55.5,baixa,Client promiscu de Anestesia. El cicle de reposició indica compra pendent (65 dies de retard). Oportunitat de capturar part de la compra.,2025-12-30,,,0.0,televenda,3097
9976,Anestesia,Commodities,en_risc,en_risc,677,,,0.0,2223.12,0.0,alta,Client en risc de Anestesia. Porta 677 dies sense comprar.,2025-12-30,,,0.0,delegat,3098
25816,Bioseguridad,Commodities,finestra_captura,promiscu,273,480.0,0.0,1.143,879.2,-125.91,alta,Client promiscu de Bioseguridad. Cicle habitual: 480 dies. La seva finestra de compra és ARA (retard: 0 dies). Share of wallet actual: 114%. Oportunitat de capturar -126€ de quota de mercat.,2025-12-30,,,0.0,televenda,3099
1000081284,Bioseguridad,Commodities,reposicio_pendent,promiscu,264,129.0,135.0,0.0,0.0,0.0,baixa,Client promiscu de Bioseguridad. El cicle de reposició indica compra pendent (135 dies de retard). Oportunitat de capturar part de la compra.,2025-12-30,,,0.0,televenda,3100
1000081284,Anestesia,Commodities,finestra_captura,promiscu,179,214.0,0.0,0.0,0.0,0.0,alta,Client promiscu de Anestesia. Cicle habitual: 214 dies. La seva finestra de compra és ARA (retard: 0 dies). Share of wallet actual: 0%. Oportunitat de capturar 0€ de quota de mercat.,2025-12-30,,,0.0,televenda,3101
1000058015,Bioseguridad,Commodities,reposicio_pendent,promiscu,357,271.0,86.0,1.464,1086.44,-151.1,baixa,Client promiscu de Bioseguridad. El cicle de reposició indica compra pendent (86 dies de retard). Oportunitat de capturar part de la compra.,2025-12-30,,,0.0,televenda,3102
23463,Bioseguridad,Commodities,finestra_captura,promiscu,218,360.0,0.0,1.106,879.2,-92.94,alta,Client promiscu de Bioseguridad. Cicle habitual: 360 dies. La seva finestra de compra és ARA (retard: 0 dies). Share of wallet actual: 111%. Oportunitat de capturar -93€ de quota de mercat.,2025-12-30,,,0.0,televenda,3103
22738,Bioseguridad,Commodities,finestra_captura,promiscu,350,557.0,0.0,1.36,1667.34,-601.0,alta,Client promiscu de Bioseguridad. Cicle habitual: 557 dies. La seva finestra de compra és ARA (retard: 0 dies). Share of wallet actual: 136%. Oportunitat de capturar -601€ de quota de mercat.,2025-12-30,,,0.0,televenda,3104
9961,Anestesia,Commodities,en_risc,en_risc,594,,,0.0,2223.12,0.0,alta,Client en risc de Anestesia. Porta 594 dies sense comprar.,2025-12-30,,,0.0,delegat,3105
9764,Bioseguridad,Commodities,en_risc,en_risc,553,,,0.0,1086.44,0.0,alta,Client en risc de Bioseguridad. Porta 553 dies sense comprar.,2025-12-30,,,0.0,delegat,3106
9759,Bioseguridad,Commodities,en_risc,en_risc,445,,,0.0,1086.44,0.0,alta,Client en risc de Bioseguridad. Porta 445 dies sense comprar.,2025-12-30,,,0.0,delegat,3107
9678,Anestesia,Commodities,en_risc,en_risc,441,,,0.0,1802.36,0.0,alta,Client en risc de Anestesia. Porta 441 dies sense comprar.,2025-12-30,,,0.0,delegat,3108
9367,Anestesia,Commodities,en_risc,en_risc,610,,,0.0,2223.12,0.0,alta,Client en risc de Anestesia. Porta 610 dies sense comprar.,2025-12-30,,,0.0,delegat,3109
9253,Anestesia,Commodities,en_risc,en_risc,483,,,0.0,1802.36,0.0,alta,Client en risc de Anestesia. Porta 483 dies sense comprar.,2025-12-30,,,0.0,delegat,3110
8979,Anestesia,Commodities,en_risc,en_risc,693,,,0.0,6820.08,0.0,alta,Client en risc de Anestesia. Porta 693 dies sense comprar.,2025-12-30,,,0.0,delegat,3111
8856,Anestesia,Commodities,en_risc,en_risc,620,,,0.0,2223.12,0.0,alta,Client en risc de Anestesia. Porta 620 dies sense comprar.,2025-12-30,,,0.0,delegat,3112
8854,Anestesia,Commodities,en_risc,en_risc,722,,,0.0,3410.04,0.0,alta,Client en risc de Anestesia. Porta 722 dies sense comprar.,2025-12-30,,,0.0,delegat,3113
8742,Anestesia,Commodities,en_risc,en_risc,427,,,0.0,3410.04,0.0,alta,Client en risc de Anestesia. Porta 427 dies sense comprar.,2025-12-30,,,0.0,delegat,3114
8447,Anestesia,Commodities,en_risc,en_risc,599,,,0.0,3410.04,0.0,alta,Client en risc de Anestesia. Porta 599 dies sense comprar.,2025-12-30,,,0.0,delegat,3115
8389,Bioseguridad,Commodities,en_risc,en_risc,715,,,0.0,1086.44,0.0,alta,Client en risc de Bioseguridad. Porta 715 dies sense comprar.,2025-12-30,,,0.0,delegat,3116
8389,Anestesia,Commodities,en_risc,en_risc,531,,,0.0,2223.12,0.0,alta,Client en risc de Anestesia. Porta 531 dies sense comprar.,2025-12-30,,,0.0,delegat,3117
8349,Bioseguridad,Commodities,en_risc,en_risc,587,,,0.0,1086.44,0.0,alta,Client en risc de Bioseguridad. Porta 587 dies sense comprar.,2025-12-30,,,0.0,delegat,3118
1000056963,Bioseguridad,Commodities,finestra_captura,promiscu,251,364.0,0.0,1.166,1667.34,-276.95,alta,Client promiscu de Bioseguridad. Cicle habitual: 364 dies. La seva finestra de compra és ARA (retard: 0 dies). Share of wallet actual: 117%. Oportunitat de capturar -277€ de quota de mercat.,2025-12-30,,,0.0,televenda,3119
