id_client,provincia,familia,segment_client,share_of_wallet_12m,dies_sense_compra,cicle_habitual_dies,potencial_anual_eur,z_score_retard,genera_alerta,tipus_alerta,impacte_recuperable_eur,urgencia,motiu_explicat
3,Sevilla,Anestesia,perdut,0.0,675,,2223.12,,False,,,,
26,Sevilla,Anestesia,promiscu,0.398,27,448.3,2223.12,-1.86,False,,,,
30,Sevilla,Anestesia,perdut,0.266,297,,2223.12,,False,,,,
30,Sevilla,Bioseguridad,perdut,0.597,108,,1086.44,,False,,,,
46,Sevilla,Anestesia,perdut,0.181,214,,4546.72,,False,,,,
46,Sevilla,Bioseguridad,perdut,0.219,95,,2223.12,,False,,,,
64,Sevilla,Anestesia,marginal,0.0,1558,,2223.12,,False,,,,
66,Sevilla,Anestesia,promiscu,0.261,59,238.1,3410.04,-2.52,False,,,,
69,Sevilla,Anestesia,perdut,0.0,1097,,2223.12,,False,,,,
69,Sevilla,Bioseguridad,fidel,1.471,55,137.1,1086.44,-1.13,False,,,,
96,Sevilla,Anestesia,perdut,0.221,138,,3410.04,,False,,,,
96,Sevilla,Bioseguridad,perdut,0.238,251,,1667.34,,False,,,,
100,Sevilla,Anestesia,perdut,1.113,222,,2223.12,,False,,,,
100,Sevilla,Bioseguridad,perdut,0.0,1510,,1086.44,,False,,,,
109,Sevilla,Anestesia,fidel,1.169,33,149.6,3410.04,-1.5,False,,,,
118,Sevilla,Anestesia,perdut,0.0,207,,3410.04,,False,,,,
119,Sevilla,Anestesia,en_risc,1.371,46,159.0,3410.04,-1.05,True,caiguda_share,0.0,mitja,"Client en_risc de Anestesia (Share 12m: 137%). El seu cicle de compra és de 159 dies. Porta 46 dies sense comprar (-113 dies de coll). Tenia share alt, però en els últims 3 mesos ha caigut substancialment."
123,Sevilla,Anestesia,marginal,0.234,62,,5683.4,,False,,,,
123,Sevilla,Bioseguridad,nou,0.117,62,,2778.9,,False,,,,
132,Sevilla,Anestesia,perdut,0.285,214,,2223.12,,False,,,,
132,Sevilla,Bioseguridad,fidel,0.837,84,59.3,1086.44,0.74,False,,,,
142,Sevilla,Bioseguridad,marginal,0.0,1511,,1667.34,,False,,,,
149,Sevilla,Anestesia,perdut,0.371,250,,2223.12,,False,,,,
149,Sevilla,Bioseguridad,fidel,1.79,55,415.8,1086.44,-2.0,False,,,,
163,Sevilla,Anestesia,perdut,0.0,1621,,2223.12,,False,,,,
171,Sevilla,Anestesia,perdut,0.312,230,,3410.04,,False,,,,
188,Sevilla,Anestesia,perdut,0.266,227,,2223.12,,False,,,,
188,Sevilla,Bioseguridad,perdut,0.0,453,,1086.44,,False,,,,
231,Sevilla,Anestesia,perdut,0.0,1398,,3410.04,,False,,,,
238,Sevilla,Anestesia,en_risc,2.014,13,85.9,4546.72,-1.59,True,caiguda_share,0.0,mitja,"Client en_risc de Anestesia (Share 12m: 201%). El seu cicle de compra és de 86 dies. Porta 13 dies sense comprar (-73 dies de coll). Tenia share alt, però en els últims 3 mesos ha caigut substancialment."
238,Sevilla,Bioseguridad,perdut,0.395,91,,2223.12,,False,,,,
290,Tarragona,Anestesia,perdut,0.163,213,,3410.04,,False,,,,
290,Tarragona,Bioseguridad,perdut,0.0,1536,,1667.34,,False,,,,
300,Tarragona,Anestesia,promiscu,0.655,38,101.4,2223.12,-0.52,False,,,,
330,Tarragona,Anestesia,perdut,0.0,1301,,2223.12,,False,,,,
349,Sevilla,Anestesia,perdut,0.0,1572,,2223.12,,False,,,,
349,Sevilla,Bioseguridad,marginal,0.0,1572,,1086.44,,False,,,,
351,Sevilla,Anestesia,perdut,0.0,433,,5683.4,,False,,,,
356,Sevilla,Anestesia,perdut,0.537,265,,2223.12,,False,,,,
367,Sevilla,Anestesia,perdut,0.271,231,,3410.04,,False,,,,
367,Sevilla,Bioseguridad,perdut,0.486,348,,1667.34,,False,,,,
369,Soria,Bioseguridad,perdut,0.0,431,,1086.44,,False,,,,
376,Soria,Anestesia,marginal,0.0,1197,,3410.04,,False,,,,
376,Soria,Bioseguridad,perdut,0.0,761,,1667.34,,False,,,,
382,Soria,Anestesia,perdut,0.0,592,,2223.12,,False,,,,
400,Sevilla,Bioseguridad,marginal,0.0,1398,,1086.44,,False,,,,
433,Sevilla,Anestesia,fidel,0.873,24,140.8,3410.04,-1.57,False,,,,
433,Sevilla,Bioseguridad,perdut,0.0,873,,1667.34,,False,,,,
435,Sevilla,Anestesia,fidel,0.956,62,167.8,2223.12,-2.99,False,,,,
435,Sevilla,Bioseguridad,fidel,1.216,62,112.5,1086.44,-0.84,False,,,,
462,Sevilla,Anestesia,perdut,1.178,115,,2223.12,,False,,,,
462,Sevilla,Bioseguridad,perdut,0.373,115,,1086.44,,False,,,,
473,Sevilla,Anestesia,perdut,0.0,1312,,3410.04,,False,,,,
473,Sevilla,Bioseguridad,perdut,0.0,1643,,1667.34,,False,,,,
474,Sevilla,Anestesia,perdut,0.568,104,,3410.04,,False,,,,
475,Sevilla,Anestesia,perdut,0.0,1147,,2223.12,,False,,,,
477,Sevilla,Anestesia,perdut,0.262,181,,2223.12,,False,,,,
477,Sevilla,Bioseguridad,perdut,0.366,181,,1086.44,,False,,,,
495,Valencia,Anestesia,en_risc,2.102,27,75.1,2223.12,-1.43,True,caiguda_share,0.0,mitja,"Client en_risc de Anestesia (Share 12m: 210%). El seu cicle de compra és de 75 dies. Porta 27 dies sense comprar (-48 dies de coll). Tenia share alt, però en els últims 3 mesos ha caigut substancialment."
519,Valencia,Bioseguridad,perdut,0.746,207,,1086.44,,False,,,,
523,Valencia,Bioseguridad,perdut,0.0,490,,1086.44,,False,,,,
542,Valencia,Anestesia,perdut,0.0,1532,,2223.12,,False,,,,
553,Valencia,Anestesia,perdut,0.203,272,,3410.04,,False,,,,
553,Valencia,Bioseguridad,promiscu,0.729,88,186.2,1667.34,-1.33,False,,,,
576,Valencia,Bioseguridad,marginal,0.0,760,,1086.44,,False,,,,
583,Valencia,Anestesia,perdut,0.126,325,,3410.04,,False,,,,
583,Valencia,Bioseguridad,marginal,0.0,399,,1667.34,,False,,,,
632,Valencia,Anestesia,perdut,0.478,280,,2223.12,,False,,,,
632,Valencia,Bioseguridad,perdut,0.0,1643,,1086.44,,False,,,,
654,Toledo,Anestesia,perdut,0.0,405,,2223.12,,False,,,,
654,Toledo,Bioseguridad,marginal,0.0,1488,,1086.44,,False,,,,
664,Toledo,Anestesia,perdut,0.537,94,,1802.36,,False,,,,
667,Toledo,Bioseguridad,perdut,0.0,1301,,879.2,,False,,,,
669,Toledo,Anestesia,promiscu,0.333,25,176.5,2223.12,-0.86,False,,,,
670,Toledo,Anestesia,perdut,0.0,649,,1802.36,,False,,,,
685,Toledo,Anestesia,perdut,0.732,108,,2223.12,,False,,,,
685,Toledo,Bioseguridad,perdut,1.377,108,,1086.44,,False,,,,
716,Tarragona,Anestesia,promiscu,0.729,19,162.4,2223.12,-2.16,False,,,,
722,Teruel,Anestesia,perdut,0.0,1106,,2223.12,,False,,,,
722,Teruel,Bioseguridad,perdut,0.0,964,,1086.44,,False,,,,
732,Toledo,Anestesia,fidel,0.823,27,117.0,2223.12,-2.02,False,,,,
732,Toledo,Bioseguridad,perdut,0.366,322,,1086.44,,False,,,,
752,Valencia,Anestesia,marginal,0.0,1533,,3410.04,,False,,,,
752,Valencia,Bioseguridad,perdut,0.0,955,,1667.34,,False,,,,
761,Valencia,Anestesia,perdut,0.107,117,,3410.04,,False,,,,
761,Valencia,Bioseguridad,perdut,0.0,409,,1667.34,,False,,,,
768,Valencia,Anestesia,perdut,0.0,1169,,2223.12,,False,,,,
768,Valencia,Bioseguridad,perdut,0.0,641,,1086.44,,False,,,,
778,Valencia,Anestesia,perdut,0.182,269,,3410.04,,False,,,,
801,Valencia,Anestesia,promiscu,0.458,35,443.0,1802.36,-4.59,False,,,,
801,Valencia,Bioseguridad,marginal,0.181,35,,879.2,,False,,,,
813,Valencia,Anestesia,perdut,0.236,230,,3410.04,,False,,,,
813,Valencia,Bioseguridad,perdut,0.0,822,,1667.34,,False,,,,
814,Valencia,Anestesia,nou,0.381,27,,2223.12,,False,,,,
814,Valencia,Bioseguridad,nou,0.366,27,,1086.44,,False,,,,
816,Valencia,Bioseguridad,marginal,0.0,1783,,879.2,,False,,,,
827,Valencia,Anestesia,perdut,0.778,185,,1802.36,,False,,,,
827,Valencia,Bioseguridad,perdut,0.0,721,,879.2,,False,,,,
841,Valencia,Anestesia,perdut,0.0,1084,,2223.12,,False,,,,
878,Valencia,Anestesia,promiscu,0.693,53,437.2,3410.04,-0.53,False,,,,
878,Valencia,Bioseguridad,perdut,0.0,910,,1667.34,,False,,,,
879,Valencia,Anestesia,promiscu,0.582,28,163.1,3410.04,-2.72,False,,,,
879,Valencia,Bioseguridad,promiscu,0.559,28,181.2,1667.34,-2.95,False,,,,
906,Valencia,Anestesia,promiscu,0.593,33,122.9,3410.04,-1.61,False,,,,
906,Valencia,Bioseguridad,promiscu,0.583,62,496.7,1667.34,-2.66,False,,,,
924,Valencia,Anestesia,perdut,0.0,935,,2223.12,,False,,,,
932,Valencia,Anestesia,en_risc,0.74,27,286.5,2223.12,-19.32,True,caiguda_share,577.6,mitja,"Client en_risc de Anestesia (Share 12m: 74%). El seu cicle de compra és de 286 dies. Porta 27 dies sense comprar (-260 dies de coll). Tenia share alt, però en els últims 3 mesos ha caigut substancialment."
946,Valencia,Anestesia,perdut,0.0,600,,3410.04,,False,,,,
946,Valencia,Bioseguridad,fidel,1.01,59,281.5,1667.34,-2.31,False,,,,
959,Valencia,Anestesia,perdut,0.74,206,,3410.04,,False,,,,
991,Valladolid,Anestesia,perdut,0.234,206,,2223.12,,False,,,,
993,Valladolid,Bioseguridad,fidel,0.805,34,221.4,1086.44,-1.27,False,,,,
1005,Valladolid,Anestesia,perdut,0.327,293,,4546.72,,False,,,,
1005,Valladolid,Bioseguridad,perdut,0.866,104,,2223.12,,False,,,,
1036,Valladolid,Anestesia,perdut,0.198,123,,2223.12,,False,,,,
1036,Valladolid,Bioseguridad,perdut,0.0,460,,1086.44,,False,,,,
1056,Valladolid,Anestesia,perdut,0.0,411,,1802.36,,False,,,,
1056,Valladolid,Bioseguridad,perdut,0.0,486,,879.2,,False,,,,
1073,Valladolid,Anestesia,marginal,0.244,24,,1802.36,,False,,,,
1073,Valladolid,Bioseguridad,promiscu,0.317,24,736.5,879.2,-1.24,False,,,,
1078,Valladolid,Bioseguridad,marginal,0.0,902,,879.2,,False,,,,
1116,Valencia,Anestesia,marginal,0.201,27,,3410.04,,False,,,,
1116,Valencia,Bioseguridad,perdut,0.0,850,,1667.34,,False,,,,
1118,Valencia,Anestesia,perdut,0.329,207,,3410.04,,False,,,,
1118,Valencia,Bioseguridad,perdut,0.963,108,,1667.34,,False,,,,
1133,Valencia,Anestesia,perdut,0.0,823,,1802.36,,False,,,,
1137,Valencia,Anestesia,perdut,0.24,340,,2223.12,,False,,,,
1137,Valencia,Bioseguridad,perdut,0.186,340,,1086.44,,False,,,,
1144,Valencia,Anestesia,promiscu,0.634,40,204.6,5683.4,-2.26,False,,,,
1144,Valencia,Bioseguridad,perdut,0.303,215,,2778.9,,False,,,,
1156,Valencia,Anestesia,perdut,0.279,96,,4546.72,,False,,,,
1156,Valencia,Bioseguridad,fidel,0.901,7,169.4,2223.12,-1.96,False,,,,
1169,Valencia,Anestesia,perdut,0.0,392,,2223.12,,False,,,,
1169,Valencia,Bioseguridad,marginal,0.0,762,,1086.44,,False,,,,
1195,Valencia,Anestesia,perdut,0.0,613,,3410.04,,False,,,,
1221,Valencia,Anestesia,perdut,0.0,684,,3410.04,,False,,,,
1246,Navarra,Anestesia,marginal,0.0,1803,,1802.36,,False,,,,
1246,Navarra,Bioseguridad,marginal,0.0,1523,,879.2,,False,,,,
1262,Navarra,Anestesia,perdut,0.0,826,,1802.36,,False,,,,
1262,Navarra,Bioseguridad,marginal,0.0,1719,,879.2,,False,,,,
1264,La Rioja,Anestesia,perdut,0.709,215,,1802.36,,False,,,,
1314,Navarra,Anestesia,perdut,0.0,1054,,2223.12,,False,,,,
1314,Navarra,Bioseguridad,perdut,0.0,1263,,1086.44,,False,,,,
1392,Murcia,Anestesia,marginal,0.0,1426,,2223.12,,False,,,,
1392,Murcia,Bioseguridad,perdut,0.366,95,,1086.44,,False,,,,
1416,Murcia,Anestesia,perdut,0.0,447,,2223.12,,False,,,,
1420,Murcia,Anestesia,perdut,1.178,117,,2223.12,,False,,,,
1426,Murcia,Anestesia,fidel,0.89,19,103.4,2223.12,-1.45,False,,,,
1426,Murcia,Bioseguridad,promiscu,0.74,87,241.4,1086.44,-1.05,False,,,,
1428,Murcia,Anestesia,perdut,0.258,341,,2223.12,,False,,,,
1428,Murcia,Bioseguridad,perdut,0.261,262,,1086.44,,False,,,,
1430,Murcia,Anestesia,perdut,1.793,94,,2223.12,,False,,,,
1430,Murcia,Bioseguridad,fidel,1.756,73,110.9,1086.44,-0.8,False,,,,
1433,Murcia,Anestesia,marginal,0.247,75,,2223.12,,False,,,,
1451,Murcia,Anestesia,perdut,0.266,263,,2223.12,,False,,,,
1451,Murcia,Bioseguridad,perdut,0.146,175,,1086.44,,False,,,,
1452,Murcia,Anestesia,promiscu,0.7,47,113.5,2223.12,-1.03,False,,,,
1460,Murcia,Anestesia,perdut,0.16,327,,2223.12,,False,,,,
1460,Murcia,Bioseguridad,promiscu,0.5,54,532.7,1086.44,-1.13,False,,,,
1477,Murcia,Anestesia,fidel,1.271,28,86.0,2223.12,-1.47,False,,,,
1477,Murcia,Bioseguridad,promiscu,0.664,28,286.8,1086.44,-1.57,False,,,,
1478,Baleares,Bioseguridad,perdut,0.0,1428,,879.2,,False,,,,
1592,Orense,Anestesia,perdut,0.0,595,,2223.12,,False,,,,
1624,Orense,Anestesia,promiscu,0.725,88,124.0,1802.36,-0.89,False,,,,
1641,Navarra,Anestesia,fidel,1.463,12,44.2,2223.12,-1.39,False,,,,
1641,Navarra,Bioseguridad,perdut,0.746,301,,1086.44,,False,,,,
1643,Navarra,Anestesia,perdut,0.0,1421,,1802.36,,False,,,,
1690,Navarra,Anestesia,perdut,0.187,105,,1802.36,,False,,,,
1778,Pontevedra,Anestesia,promiscu,0.395,55,114.3,2223.12,-1.45,False,,,,
1778,Pontevedra,Bioseguridad,marginal,0.0,1203,,1086.44,,False,,,,
1779,Pontevedra,Anestesia,perdut,0.0,1064,,1802.36,,False,,,,
1803,Pontevedra,Anestesia,perdut,0.0,1697,,2223.12,,False,,,,
1817,Pontevedra,Anestesia,perdut,0.642,206,,2223.12,,False,,,,
1817,Pontevedra,Bioseguridad,promiscu,0.371,28,616.0,1086.44,-7.84,False,,,,
1818,Las Palmas,Anestesia,perdut,0.162,318,,2223.12,,False,,,,
1821,Las Palmas,Bioseguridad,perdut,0.921,103,,879.2,,False,,,,
1842,Pontevedra,Anestesia,perdut,0.0,489,,2223.12,,False,,,,
1842,Pontevedra,Bioseguridad,perdut,0.0,798,,1086.44,,False,,,,
1844,Pontevedra,Anestesia,promiscu,0.66,39,,2223.12,,False,,,,
1865,Las Palmas,Anestesia,perdut,0.133,284,,2223.12,,False,,,,
1889,Las Palmas,Anestesia,perdut,0.0,1089,,1802.36,,False,,,,
1895,Las Palmas,Anestesia,promiscu,0.453,25,138.0,2223.12,-1.45,False,,,,
1897,Las Palmas,Anestesia,promiscu,0.569,33,336.2,2223.12,-2.35,False,,,,
1908,Las Palmas,Anestesia,perdut,0.0,406,,3410.04,,False,,,,
1909,Las Palmas,Anestesia,promiscu,0.287,59,270.6,2223.12,-2.93,False,,,,
1909,Las Palmas,Bioseguridad,perdut,0.732,168,,1086.44,,False,,,,
1954,Las Palmas,Anestesia,perdut,0.607,91,,4546.72,,False,,,,
1954,Las Palmas,Bioseguridad,perdut,0.393,91,,2223.12,,False,,,,
1963,Salamanca,Anestesia,perdut,0.3,320,,2223.12,,False,,,,
1963,Salamanca,Bioseguridad,promiscu,0.439,39,818.5,1086.44,-5.43,False,,,,
1964,Salamanca,Anestesia,fidel,0.817,66,288.2,2223.12,-1.32,False,,,,
1964,Salamanca,Bioseguridad,perdut,0.0,678,,1086.44,,False,,,,
1998,Sta.Cruz Tenerife,Anestesia,perdut,1.144,110,,2223.12,,False,,,,
2074,Pontevedra,Anestesia,perdut,0.423,206,,3410.04,,False,,,,
2074,Pontevedra,Bioseguridad,en_risc,3.464,25,63.8,1667.34,-0.75,True,caiguda_share,0.0,mitja,"Client en_risc de Bioseguridad (Share 12m: 346%). El seu cicle de compra és de 64 dies. Porta 25 dies sense comprar (-39 dies de coll). Tenia share alt, però en els últims 3 mesos ha caigut substancialment."
2083,Pontevedra,Anestesia,perdut,0.0,1007,,2223.12,,False,,,,
2095,Pontevedra,Anestesia,perdut,0.393,249,,1802.36,,False,,,,
2114,Pontevedra,Anestesia,perdut,0.0,628,,2223.12,,False,,,,
2121,Pontevedra,Anestesia,perdut,0.318,313,,1802.36,,False,,,,
2141,Pontevedra,Anestesia,perdut,0.0,480,,2223.12,,False,,,,
2143,Pontevedra,Anestesia,promiscu,0.598,27,290.5,2223.12,-1.26,False,,,,
2143,Pontevedra,Bioseguridad,perdut,0.0,572,,1086.44,,False,,,,
2148,Pontevedra,Anestesia,en_risc,0.867,52,56.5,9093.44,-0.18,True,caiguda_share,1205.95,mitja,"Client en_risc de Anestesia (Share 12m: 87%). El seu cicle de compra és de 57 dies. Porta 52 dies sense comprar (-5 dies de coll). Tenia share alt, però en els últims 3 mesos ha caigut substancialment."
2148,Pontevedra,Bioseguridad,fidel,4.292,39,66.0,4446.24,-0.61,False,,,,
2167,Pontevedra,Anestesia,perdut,0.718,153,,2223.12,,False,,,,
2170,Pontevedra,Bioseguridad,perdut,0.439,199,,1086.44,,False,,,,
2179,Pontevedra,Anestesia,promiscu,0.453,66,203.0,3410.04,-4.95,False,,,,
2179,Pontevedra,Bioseguridad,perdut,0.0,1315,,1667.34,,False,,,,
2200,Cantabria,Anestesia,perdut,0.522,334,,2223.12,,False,,,,
2203,Cantabria,Bioseguridad,marginal,0.0,915,,1086.44,,False,,,,
2218,Cantabria,Anestesia,perdut,0.996,279,,2223.12,,False,,,,
2227,Cantabria,Anestesia,fidel,1.347,90,188.3,1802.36,-2.18,False,,,,
2228,Cantabria,Anestesia,fidel,0.804,88,202.5,2223.12,-2.64,False,,,,
2230,Cantabria,Bioseguridad,marginal,0.0,1370,,1667.34,,False,,,,
2234,Cantabria,Anestesia,marginal,0.0,1718,,1802.36,,False,,,,
2235,Cantabria,Anestesia,fidel,0.808,59,382.0,2223.12,-19.03,False,,,,
2242,Cantabria,Anestesia,perdut,0.0,1285,,4546.72,,False,,,,
2242,Cantabria,Bioseguridad,perdut,0.0,1272,,2223.12,,False,,,,
2244,Cantabria,Anestesia,fidel,1.033,6,216.7,1802.36,-2.61,False,,,,
2244,Cantabria,Bioseguridad,perdut,0.0,460,,879.2,,False,,,,
2245,Cantabria,Anestesia,perdut,0.326,168,,3410.04,,False,,,,
2246,Cantabria,Anestesia,perdut,0.309,94,,2223.12,,False,,,,
2246,Cantabria,Bioseguridad,perdut,1.957,94,,1086.44,,False,,,,
2275,Cantabria,Bioseguridad,perdut,0.0,1312,,1086.44,,False,,,,
2297,Sta.Cruz Tenerife,Anestesia,perdut,0.102,210,,1802.36,,False,,,,
2305,Sta.Cruz Tenerife,Anestesia,fidel,1.297,27,70.2,2223.12,-1.53,False,,,,
2305,Sta.Cruz Tenerife,Bioseguridad,nou,0.062,27,,1086.44,,False,,,,
2307,Sta.Cruz Tenerife,Anestesia,perdut,0.0,391,,2223.12,,False,,,,
2307,Sta.Cruz Tenerife,Bioseguridad,perdut,0.0,1236,,1086.44,,False,,,,
2309,Sta.Cruz Tenerife,Anestesia,marginal,0.126,11,,2223.12,,False,,,,
2309,Sta.Cruz Tenerife,Bioseguridad,perdut,1.326,94,,1086.44,,False,,,,
2335,Cantabria,Anestesia,perdut,0.0,1180,,2223.12,,False,,,,
2345,Sta.Cruz Tenerife,Anestesia,marginal,0.163,84,,3410.04,,False,,,,
2348,Sta.Cruz Tenerife,Anestesia,promiscu,0.501,39,287.5,3410.04,-2.02,False,,,,
2353,Sta.Cruz Tenerife,Anestesia,perdut,0.0,1152,,2223.12,,False,,,,
2358,Sta.Cruz Tenerife,Anestesia,perdut,0.187,320,,2223.12,,False,,,,
2363,Sta.Cruz Tenerife,Anestesia,perdut,0.362,200,,3410.04,,False,,,,
2370,Sta.Cruz Tenerife,Anestesia,perdut,0.0,1076,,3410.04,,False,,,,
2370,Sta.Cruz Tenerife,Bioseguridad,fidel,0.963,81,163.3,1667.34,-0.57,False,,,,
2372,Sta.Cruz Tenerife,Anestesia,perdut,0.288,115,,1802.36,,False,,,,
2373,Sta.Cruz Tenerife,Anestesia,en_risc,0.445,84,325.8,3410.04,-1.02,True,caiguda_share,1892.54,mitja,"Client en_risc de Anestesia (Share 12m: 45%). El seu cicle de compra és de 326 dies. Porta 84 dies sense comprar (-242 dies de coll). Tenia share alt, però en els últims 3 mesos ha caigut substancialment."
2376,Sta.Cruz Tenerife,Anestesia,perdut,0.174,273,,2223.12,,False,,,,
2384,Sta.Cruz Tenerife,Bioseguridad,marginal,0.0,1210,,1086.44,,False,,,,
2387,Sta.Cruz Tenerife,Anestesia,promiscu,0.254,53,383.5,3410.04,-1.84,False,,,,
2391,Sta.Cruz Tenerife,Bioseguridad,marginal,0.0,1785,,1667.34,,False,,,,
2392,Sta.Cruz Tenerife,Bioseguridad,fidel,0.777,70,295.2,1086.44,-1.36,False,,,,
2406,Sta.Cruz Tenerife,Anestesia,marginal,0.134,41,,3410.04,,False,,,,
2406,Sta.Cruz Tenerife,Bioseguridad,promiscu,0.364,26,493.0,1667.34,-1.09,False,,,,
2424,Sta.Cruz Tenerife,Anestesia,perdut,0.25,305,,2223.12,,False,,,,
2424,Sta.Cruz Tenerife,Bioseguridad,perdut,0.522,305,,1086.44,,False,,,,
2426,Sta.Cruz Tenerife,Anestesia,promiscu,0.553,17,103.8,4546.72,-1.27,False,,,,
2426,Sta.Cruz Tenerife,Bioseguridad,fidel,0.831,60,83.3,2223.12,-0.57,False,,,,
2427,Sta.Cruz Tenerife,Anestesia,perdut,0.381,102,,2223.12,,False,,,,
2427,Sta.Cruz Tenerife,Bioseguridad,perdut,0.298,102,,1086.44,,False,,,,
2432,Sta.Cruz Tenerife,Anestesia,perdut,0.102,322,,1802.36,,False,,,,
2432,Sta.Cruz Tenerife,Bioseguridad,perdut,0.461,322,,879.2,,False,,,,
2435,Sta.Cruz Tenerife,Anestesia,fidel,0.932,18,59.3,5683.4,-0.98,False,,,,
2435,Sta.Cruz Tenerife,Bioseguridad,perdut,0.172,332,,2778.9,,False,,,,
2437,Sta.Cruz Tenerife,Anestesia,perdut,0.164,132,,2223.12,,False,,,,
2439,Sta.Cruz Tenerife,Anestesia,perdut,0.0,458,,2223.12,,False,,,,
2439,Sta.Cruz Tenerife,Bioseguridad,marginal,0.0,1357,,1086.44,,False,,,,
2442,Madrid,Anestesia,fidel,0.765,32,734.5,1802.36,-5.95,False,,,,
2498,Madrid,Bioseguridad,perdut,0.36,187,,1667.34,,False,,,,
2503,Madrid,Anestesia,perdut,0.39,110,,3410.04,,False,,,,
2521,Madrid,Anestesia,perdut,0.902,187,,2223.12,,False,,,,
2525,Madrid,Anestesia,perdut,0.376,213,,2223.12,,False,,,,
2525,Madrid,Bioseguridad,en_risc,0.298,286,,1086.44,,False,,,,
2546,Madrid,Bioseguridad,fidel,2.088,11,138.6,1086.44,-1.82,False,,,,
2555,Madrid,Anestesia,promiscu,0.252,27,193.8,2223.12,-2.28,False,,,,
2555,Madrid,Bioseguridad,perdut,0.0,992,,1086.44,,False,,,,
2562,Madrid,Anestesia,marginal,0.218,61,,2223.12,,False,,,,
2562,Madrid,Bioseguridad,fidel,0.993,61,214.5,1086.44,-0.85,False,,,,
2582,Madrid,Bioseguridad,promiscu,0.543,68,558.3,879.2,-8.55,False,,,,
2587,Madrid,Bioseguridad,perdut,0.0,759,,1086.44,,False,,,,
2604,Madrid,Anestesia,perdut,0.12,171,,2223.12,,False,,,,
2645,Madrid,Anestesia,fidel,1.128,87,90.7,2223.12,-0.26,False,,,,
2667,Madrid,Anestesia,marginal,0.0,578,,2223.12,,False,,,,
2667,Madrid,Bioseguridad,perdut,0.186,117,,1086.44,,False,,,,
2680,Madrid,Anestesia,en_risc,0.559,27,117.5,2223.12,-2.1,True,caiguda_share,979.5,mitja,"Client en_risc de Anestesia (Share 12m: 56%). El seu cicle de compra és de 117 dies. Porta 27 dies sense comprar (-90 dies de coll). Tenia share alt, però en els últims 3 mesos ha caigut substancialment."
2680,Madrid,Bioseguridad,fidel,1.861,27,92.7,1086.44,-1.5,False,,,,
2709,Madrid,Anestesia,perdut,0.591,350,,2223.12,,False,,,,
2709,Madrid,Bioseguridad,perdut,1.657,208,,1086.44,,False,,,,
2753,Madrid,Anestesia,perdut,0.319,269,,2223.12,,False,,,,
2753,Madrid,Bioseguridad,promiscu,0.573,80,323.4,1086.44,-1.41,False,,,,
2759,,Anestesia,perdut,0.0,943,,2223.12,,False,,,,
2771,Madrid,Anestesia,perdut,0.638,200,,2223.12,,False,,,,
2771,Madrid,Bioseguridad,marginal,0.0,1067,,1086.44,,False,,,,
2784,Madrid,Bioseguridad,perdut,0.366,216,,1086.44,,False,,,,
2785,Madrid,Anestesia,perdut,0.266,97,,2223.12,,False,,,,
2788,Madrid,Bioseguridad,perdut,0.0,391,,1086.44,,False,,,,
2807,Madrid,Anestesia,perdut,0.464,322,,2223.12,,False,,,,
2807,Madrid,Bioseguridad,perdut,0.0,413,,1086.44,,False,,,,
2811,Madrid,Anestesia,fidel,0.904,12,94.6,6820.08,-1.66,False,,,,
2813,Madrid,Anestesia,en_risc,1.858,53,57.0,2223.12,-0.17,True,caiguda_share,0.0,mitja,"Client en_risc de Anestesia (Share 12m: 186%). El seu cicle de compra és de 57 dies. Porta 53 dies sense comprar (-4 dies de coll). Tenia share alt, però en els últims 3 mesos ha caigut substancialment."
2813,Madrid,Bioseguridad,marginal,0.0,1435,,1086.44,,False,,,,
2821,Madrid,Anestesia,perdut,0.416,172,,2223.12,,False,,,,
2821,Madrid,Bioseguridad,perdut,0.302,172,,1086.44,,False,,,,
2846,Madrid,Anestesia,perdut,0.319,95,,2223.12,,False,,,,
2858,Madrid,Anestesia,perdut,0.312,108,,3410.04,,False,,,,
2861,Madrid,Anestesia,marginal,0.124,18,,2223.12,,False,,,,
2873,Madrid,Anestesia,perdut,0.0,475,,2223.12,,False,,,,
2882,Madrid,Anestesia,perdut,0.0,1755,,1802.36,,False,,,,
2884,Madrid,Anestesia,perdut,0.0,824,,2223.12,,False,,,,
2887,Madrid,Anestesia,perdut,0.725,110,,4546.72,,False,,,,
2887,Madrid,Bioseguridad,perdut,0.719,263,,2223.12,,False,,,,
2928,Málaga,Anestesia,marginal,0.0,1566,,3410.04,,False,,,,
2946,Málaga,Anestesia,perdut,0.0,1271,,2223.12,,False,,,,
2959,Madrid,Anestesia,perdut,0.375,199,,2223.12,,False,,,,
2973,Madrid,Anestesia,perdut,0.431,91,,2223.12,,False,,,,
2973,Madrid,Bioseguridad,marginal,0.186,27,,1086.44,,False,,,,
2975,Madrid,Anestesia,perdut,1.021,179,,3410.04,,False,,,,
2975,Madrid,Bioseguridad,perdut,0.0,405,,1667.34,,False,,,,
2991,Madrid,Anestesia,promiscu,0.7,25,145.9,1802.36,-0.75,False,,,,
3008,Madrid,Bioseguridad,marginal,0.0,1274,,1086.44,,False,,,,
3044,Madrid,Anestesia,perdut,0.263,116,,3410.04,,False,,,,
3044,Madrid,Bioseguridad,marginal,0.217,46,,1667.34,,False,,,,
3049,Madrid,Anestesia,perdut,0.471,187,,4546.72,,False,,,,
3056,Madrid,Bioseguridad,marginal,0.0,1074,,879.2,,False,,,,
3068,Madrid,Bioseguridad,perdut,0.366,116,,1086.44,,False,,,,
3129,Madrid,Anestesia,fidel,0.805,19,100.5,2223.12,-1.79,False,,,,
3142,Málaga,Anestesia,marginal,0.0,1426,,2223.12,,False,,,,
3153,Málaga,Bioseguridad,perdut,0.742,278,,1086.44,,False,,,,
3161,Málaga,Anestesia,promiscu,0.328,53,527.7,1802.36,-4.48,False,,,,
3161,Málaga,Bioseguridad,marginal,0.0,1636,,879.2,,False,,,,
3178,Málaga,Bioseguridad,perdut,0.0,1536,,1086.44,,False,,,,
3180,Málaga,Anestesia,perdut,0.371,216,,2223.12,,False,,,,
3300,Málaga,Anestesia,perdut,0.0,1250,,2223.12,,False,,,,
3300,Málaga,Bioseguridad,perdut,0.0,1223,,1086.44,,False,,,,
3327,Málaga,Anestesia,perdut,0.124,161,,2223.12,,False,,,,
3343,Málaga,Anestesia,perdut,0.0,390,,2223.12,,False,,,,
3343,Málaga,Bioseguridad,marginal,0.0,1113,,1086.44,,False,,,,
3346,Málaga,Anestesia,en_risc,0.651,68,299.2,2223.12,-1.49,True,caiguda_share,774.76,mitja,"Client en_risc de Anestesia (Share 12m: 65%). El seu cicle de compra és de 299 dies. Porta 68 dies sense comprar (-231 dies de coll). Tenia share alt, però en els últims 3 mesos ha caigut substancialment."
3346,Málaga,Bioseguridad,nou,0.195,68,,1086.44,,False,,,,
3358,Málaga,Bioseguridad,perdut,0.0,1424,,1086.44,,False,,,,
3383,Murcia,Anestesia,fidel,0.81,42,134.1,2223.12,-1.74,False,,,,
3383,Murcia,Bioseguridad,perdut,2.555,101,,1086.44,,False,,,,
3386,Murcia,Anestesia,perdut,0.25,335,,2223.12,,False,,,,
3386,Murcia,Bioseguridad,perdut,0.245,292,,1086.44,,False,,,,
3478,Málaga,Anestesia,perdut,0.478,215,,2223.12,,False,,,,
3478,Málaga,Bioseguridad,perdut,1.395,140,,1086.44,,False,,,,
3503,Melilla,Anestesia,perdut,0.837,104,,2223.12,,False,,,,
3505,Melilla,Anestesia,perdut,0.589,104,,2223.12,,False,,,,
3505,Melilla,Bioseguridad,perdut,0.256,321,,1086.44,,False,,,,
3516,Murcia,Anestesia,fidel,0.965,18,238.9,2223.12,-5.27,False,,,,
3534,Málaga,Anestesia,perdut,0.124,207,,2223.12,,False,,,,
3545,Málaga,Anestesia,perdut,0.0,476,,2223.12,,False,,,,
3583,Málaga,Anestesia,marginal,0.0,1417,,1802.36,,False,,,,
3637,Asturias,Bioseguridad,perdut,1.034,361,,1086.44,,False,,,,
3683,Asturias,Anestesia,perdut,0.13,209,,3410.04,,False,,,,
3683,Asturias,Bioseguridad,perdut,0.0,711,,1667.34,,False,,,,
3685,Asturias,Anestesia,perdut,0.511,215,,2223.12,,False,,,,
3685,Asturias,Bioseguridad,perdut,1.556,328,,1086.44,,False,,,,
3688,Asturias,Anestesia,marginal,0.0,1309,,2223.12,,False,,,,
3701,Asturias,Anestesia,perdut,0.0,1426,,2223.12,,False,,,,
3709,Asturias,Anestesia,perdut,0.129,262,,3410.04,,False,,,,
3709,Asturias,Bioseguridad,perdut,0.68,343,,1667.34,,False,,,,
3723,Asturias,Anestesia,perdut,0.627,101,,2223.12,,False,,,,
3723,Asturias,Bioseguridad,perdut,0.597,110,,1086.44,,False,,,,
3728,Asturias,Anestesia,perdut,0.0,1489,,2223.12,,False,,,,
3745,Asturias,Bioseguridad,perdut,0.373,228,,1086.44,,False,,,,
3754,Asturias,Bioseguridad,perdut,0.0,434,,1086.44,,False,,,,
3760,Asturias,Anestesia,marginal,0.0,1207,,2223.12,,False,,,,
3784,Asturias,Anestesia,promiscu,0.453,0,166.9,2223.12,-4.04,False,,,,
3784,Asturias,Bioseguridad,perdut,0.512,329,,1086.44,,False,,,,
3799,Asturias,Anestesia,fidel,1.014,73,217.4,3410.04,-1.39,False,,,,
3799,Asturias,Bioseguridad,perdut,0.0,1092,,1667.34,,False,,,,
3837,Asturias,Bioseguridad,marginal,0.0,1067,,1086.44,,False,,,,
3919,Lugo,Anestesia,perdut,0.0,487,,2223.12,,False,,,,
3920,Lugo,Anestesia,perdut,0.16,334,,2223.12,,False,,,,
3928,Lugo,Anestesia,promiscu,0.69,12,86.4,5683.4,-1.02,False,,,,
3928,Lugo,Bioseguridad,perdut,0.893,105,,2778.9,,False,,,,
3930,Lugo,Anestesia,promiscu,0.297,19,,2223.12,,False,,,,
3930,Lugo,Bioseguridad,marginal,0.0,1763,,1086.44,,False,,,,
3933,Lugo,Anestesia,perdut,0.26,336,,2223.12,,False,,,,
3933,Lugo,Bioseguridad,perdut,0.0,843,,1086.44,,False,,,,
3937,Lugo,Anestesia,perdut,0.0,691,,2223.12,,False,,,,
4012,Lugo,Anestesia,perdut,0.319,286,,2223.12,,False,,,,
4020,La Rioja,Anestesia,perdut,0.0,567,,3410.04,,False,,,,
4045,La Rioja,Anestesia,promiscu,0.481,40,196.8,2223.12,-1.51,False,,,,
4047,La Rioja,Anestesia,perdut,0.0,1082,,1802.36,,False,,,,
4048,La Rioja,Anestesia,promiscu,0.314,75,210.6,3410.04,-1.04,False,,,,
4049,La Rioja,Anestesia,marginal,0.063,172,,2223.12,,False,,,,
4063,La Rioja,Anestesia,perdut,0.0,426,,2223.12,,False,,,,
4075,Asturias,Anestesia,perdut,0.0,444,,1802.36,,False,,,,
4083,Asturias,Anestesia,perdut,0.68,167,,2223.12,,False,,,,
4101,La Rioja,Anestesia,promiscu,0.394,25,124.0,3410.04,-1.99,False,,,,
4101,La Rioja,Bioseguridad,perdut,0.0,643,,1667.34,,False,,,,
4111,La Rioja,Anestesia,perdut,0.39,123,,3410.04,,False,,,,
4133,Madrid,Anestesia,perdut,0.109,182,,2223.12,,False,,,,
4133,Madrid,Bioseguridad,perdut,0.464,315,,1086.44,,False,,,,
4139,Madrid,Anestesia,perdut,0.203,201,,1802.36,,False,,,,
4156,Madrid,Anestesia,perdut,0.0,992,,1802.36,,False,,,,
4219,Madrid,Anestesia,perdut,0.0,1196,,1802.36,,False,,,,
4219,Madrid,Bioseguridad,marginal,0.0,1501,,879.2,,False,,,,
4234,Madrid,Anestesia,marginal,0.159,28,,1802.36,,False,,,,
4237,Madrid,Anestesia,perdut,0.288,311,,2223.12,,False,,,,
4251,Madrid,Anestesia,perdut,0.0,1139,,2223.12,,False,,,,
4254,Madrid,Anestesia,perdut,0.524,236,,2223.12,,False,,,,
4254,Madrid,Bioseguridad,perdut,0.0,1061,,1086.44,,False,,,,
4358,Madrid,Anestesia,perdut,0.0,1175,,3410.04,,False,,,,
4359,Madrid,Anestesia,promiscu,0.584,69,210.7,2223.12,-1.71,False,,,,
4406,Madrid,Bioseguridad,marginal,0.0,1287,,1086.44,,False,,,,
4412,Madrid,Anestesia,perdut,0.082,202,,1802.36,,False,,,,
4414,Madrid,Anestesia,perdut,1.273,186,,2223.12,,False,,,,
4415,Madrid,Anestesia,promiscu,0.59,52,236.4,2223.12,-1.5,False,,,,
4425,Madrid,Anestesia,perdut,0.165,179,,2223.12,,False,,,,
4425,Madrid,Bioseguridad,perdut,0.0,482,,1086.44,,False,,,,
4459,Madrid,Anestesia,perdut,0.266,117,,2223.12,,False,,,,
4459,Madrid,Bioseguridad,marginal,0.0,1678,,1086.44,,False,,,,
4464,Madrid,Anestesia,perdut,0.0,1105,,4546.72,,False,,,,
4473,Madrid,Anestesia,perdut,0.0,417,,2223.12,,False,,,,
4484,Madrid,Anestesia,perdut,0.325,119,,2223.12,,False,,,,
4539,Madrid,Anestesia,promiscu,0.499,27,244.7,1802.36,-3.18,False,,,,
4549,Madrid,Anestesia,fidel,1.201,34,103.7,3410.04,-1.46,False,,,,
4656,Madrid,Anestesia,perdut,0.29,187,,2223.12,,False,,,,
4660,Madrid,Anestesia,nou,0.598,46,,2223.12,,False,,,,
4668,Madrid,Anestesia,fidel,0.764,77,103.0,2223.12,-0.69,False,,,,
4681,Madrid,Anestesia,perdut,0.0,804,,3410.04,,False,,,,
4710,Madrid,Anestesia,perdut,0.258,353,,2223.12,,False,,,,
4717,Madrid,Anestesia,perdut,0.0,479,,1802.36,,False,,,,
4722,Madrid,Anestesia,perdut,0.164,235,,1802.36,,False,,,,
4725,Madrid,Anestesia,perdut,0.0,642,,1802.36,,False,,,,
4725,Madrid,Bioseguridad,perdut,0.0,642,,879.2,,False,,,,
4748,Madrid,Anestesia,fidel,1.617,27,39.4,3410.04,-0.69,False,,,,
4748,Madrid,Bioseguridad,perdut,0.0,482,,1667.34,,False,,,,
4753,Madrid,Bioseguridad,perdut,0.0,391,,1667.34,,False,,,,
4759,Madrid,Anestesia,perdut,0.492,104,,1802.36,,False,,,,
4759,Madrid,Bioseguridad,perdut,0.452,104,,879.2,,False,,,,
4764,Madrid,Anestesia,fidel,1.888,47,76.4,2223.12,-1.11,False,,,,
4767,Madrid,Anestesia,fidel,0.775,25,23.9,5683.4,0.04,False,,,,
4767,Madrid,Bioseguridad,fidel,1.574,25,26.0,2778.9,-0.02,False,,,,
4773,Madrid,Anestesia,perdut,0.0,402,,1802.36,,False,,,,
4773,Madrid,Bioseguridad,perdut,0.691,223,,879.2,,False,,,,
4797,Madrid,Anestesia,en_risc,1.377,25,84.7,4546.72,-1.38,True,caiguda_share,0.0,mitja,"Client en_risc de Anestesia (Share 12m: 138%). El seu cicle de compra és de 85 dies. Porta 25 dies sense comprar (-60 dies de coll). Tenia share alt, però en els últims 3 mesos ha caigut substancialment."
4807,Madrid,Anestesia,nou,0.454,84,,2223.12,,False,,,,
4832,Gipúzkoa,Anestesia,perdut,0.284,152,,2223.12,,False,,,,
4835,Gipúzkoa,Anestesia,promiscu,0.626,73,208.8,2223.12,-1.77,False,,,,
4845,Gipúzkoa,Anestesia,perdut,0.0,1334,,1802.36,,False,,,,
4872,Huelva,Anestesia,perdut,0.711,103,,2223.12,,False,,,,
4872,Huelva,Bioseguridad,perdut,1.546,245,,1086.44,,False,,,,
4876,Gipúzkoa,Anestesia,perdut,0.0,1337,,1802.36,,False,,,,
4895,Gipúzkoa,Anestesia,perdut,0.0,398,,1802.36,,False,,,,
4897,Gipúzkoa,Anestesia,perdut,0.0,930,,1802.36,,False,,,,
4903,Gipúzkoa,Anestesia,perdut,0.0,739,,1802.36,,False,,,,
4910,Gipúzkoa,Anestesia,promiscu,0.481,18,255.9,2223.12,-1.34,False,,,,
4913,Gipúzkoa,Anestesia,perdut,0.259,284,,1802.36,,False,,,,
4919,Gipúzkoa,Anestesia,perdut,0.0,1251,,1802.36,,False,,,,
4944,Gipúzkoa,Anestesia,perdut,0.0,844,,1802.36,,False,,,,
4953,Gipúzkoa,Anestesia,perdut,0.0,797,,2223.12,,False,,,,
4989,Gipúzkoa,Anestesia,perdut,0.0,934,,1802.36,,False,,,,
5017,Gipúzkoa,Anestesia,perdut,0.0,927,,2223.12,,False,,,,
5040,Gipúzkoa,Anestesia,perdut,0.0,742,,1802.36,,False,,,,
5047,Gipúzkoa,Anestesia,perdut,0.0,1322,,1802.36,,False,,,,
5067,Gipúzkoa,Anestesia,perdut,0.0,454,,2223.12,,False,,,,
5076,León,Anestesia,perdut,0.677,95,,2223.12,,False,,,,
5087,León,Anestesia,promiscu,0.442,55,246.8,2223.12,-2.46,False,,,,
5104,León,Anestesia,fidel,1.195,28,130.8,3410.04,-1.01,False,,,,
5104,León,Bioseguridad,fidel,1.119,28,324.6,1667.34,-1.16,False,,,,
5111,León,Anestesia,perdut,0.0,381,,2223.12,,False,,,,
5114,León,Anestesia,perdut,0.396,236,,2223.12,,False,,,,
5129,Jaén,Bioseguridad,marginal,0.0,1160,,1086.44,,False,,,,
5134,Jaén,Anestesia,perdut,0.0,573,,2223.12,,False,,,,
5136,Jaén,Anestesia,perdut,0.239,207,,2223.12,,False,,,,
5136,Jaén,Bioseguridad,perdut,0.0,802,,1086.44,,False,,,,
5154,Jaén,Anestesia,marginal,0.0,1424,,3410.04,,False,,,,
5154,Jaén,Bioseguridad,perdut,0.0,1068,,1667.34,,False,,,,
5191,Jaén,Anestesia,perdut,0.851,129,,2223.12,,False,,,,
5194,Jaén,Anestesia,perdut,0.0,573,,2223.12,,False,,,,
5194,Jaén,Bioseguridad,perdut,0.0,790,,1086.44,,False,,,,
5209,Jaén,Anestesia,marginal,0.0,1441,,2223.12,,False,,,,
5209,Jaén,Bioseguridad,promiscu,0.522,69,241.9,1086.44,-1.1,False,,,,
5210,Jaén,Anestesia,marginal,0.0,1558,,1802.36,,False,,,,
5213,Jaén,Anestesia,fidel,0.774,67,397.8,1802.36,-1.83,False,,,,
5251,Huesca,Anestesia,perdut,0.256,108,,2223.12,,False,,,,
5255,Huesca,Anestesia,perdut,0.521,103,,2223.12,,False,,,,
5273,Huelva,Anestesia,fidel,1.144,39,146.3,3410.04,-1.62,False,,,,
5273,Huelva,Bioseguridad,perdut,1.441,118,,1667.34,,False,,,,
5292,Huelva,Anestesia,promiscu,0.39,48,,3410.04,,False,,,,
5300,Huelva,Anestesia,perdut,0.199,202,,2223.12,,False,,,,
5300,Huelva,Bioseguridad,marginal,0.0,1803,,1086.44,,False,,,,
5347,Asturias,Anestesia,perdut,0.107,329,,3410.04,,False,,,,
5362,Asturias,Anestesia,perdut,0.0,740,,2223.12,,False,,,,
5394,Asturias,Anestesia,fidel,1.1,48,269.0,2223.12,-1.27,False,,,,
5394,Asturias,Bioseguridad,fidel,2.708,48,134.9,1086.44,-2.05,False,,,,
5430,Lleida,Anestesia,perdut,0.445,215,,3410.04,,False,,,,
5430,Lleida,Bioseguridad,perdut,0.0,377,,1667.34,,False,,,,
5447,Lleida,Bioseguridad,perdut,0.0,936,,1086.44,,False,,,,
5462,León,Anestesia,marginal,0.173,45,,3410.04,,False,,,,
5462,León,Bioseguridad,nou,0.194,45,,1667.34,,False,,,,
5492,Lleida,Anestesia,perdut,0.0,843,,1802.36,,False,,,,
5495,Lleida,Anestesia,marginal,0.0,1413,,2223.12,,False,,,,
5501,Lleida,Bioseguridad,perdut,1.409,215,,879.2,,False,,,,
5532,León,Anestesia,perdut,0.0,643,,1802.36,,False,,,,
5540,León,Anestesia,marginal,0.0,1168,,2223.12,,False,,,,
5540,León,Bioseguridad,perdut,1.044,251,,1086.44,,False,,,,
5547,León,Anestesia,marginal,0.0,1161,,1802.36,,False,,,,
5554,Vizcaya,Anestesia,perdut,0.967,95,,2223.12,,False,,,,
5554,Vizcaya,Bioseguridad,perdut,0.0,1291,,1086.44,,False,,,,
5567,Valencia,Anestesia,perdut,0.0,955,,3410.04,,False,,,,
5577,Ceuta,Anestesia,perdut,0.0,378,,1802.36,,False,,,,
5584,Cantabria,Anestesia,perdut,0.205,326,,4546.72,,False,,,,
5584,Cantabria,Bioseguridad,perdut,0.322,116,,2223.12,,False,,,,
5592,Vizcaya,Anestesia,perdut,1.148,110,,2223.12,,False,,,,
5592,Vizcaya,Bioseguridad,perdut,0.0,703,,1086.44,,False,,,,
5601,Lugo,Anestesia,marginal,0.2,90,,2223.12,,False,,,,
5602,León,Bioseguridad,perdut,0.0,711,,1086.44,,False,,,,
5604,Las Palmas,Anestesia,promiscu,0.312,59,211.1,4546.72,-1.47,False,,,,
5628,Lugo,Anestesia,perdut,0.506,235,,2223.12,,False,,,,
5629,Barcelona,Anestesia,perdut,0.0,1363,,2223.12,,False,,,,
5665,Girona,Anestesia,perdut,0.774,340,,2223.12,,False,,,,
5665,Girona,Bioseguridad,perdut,3.307,91,,1086.44,,False,,,,
5686,Jaén,Anestesia,promiscu,0.731,82,152.0,2223.12,-0.81,False,,,,
5686,Jaén,Bioseguridad,promiscu,0.366,18,,1086.44,,False,,,,
5696,Madrid,Anestesia,perdut,0.0,650,,1802.36,,False,,,,
5718,Badajoz,Anestesia,perdut,0.576,115,,2223.12,,False,,,,
5728,Madrid,Bioseguridad,perdut,0.286,312,,1667.34,,False,,,,
5748,Granada,Anestesia,promiscu,0.522,28,244.9,2223.12,-2.17,False,,,,
5748,Granada,Bioseguridad,marginal,0.0,713,,1086.44,,False,,,,
5757,Barcelona,Anestesia,fidel,2.067,17,142.2,2223.12,-1.32,False,,,,
5769,Murcia,Anestesia,perdut,0.218,116,,2223.12,,False,,,,
5769,Murcia,Bioseguridad,perdut,0.0,480,,1086.44,,False,,,,
5776,Asturias,Anestesia,perdut,0.462,270,,2223.12,,False,,,,
5776,Asturias,Bioseguridad,marginal,0.0,773,,1086.44,,False,,,,
5784,Valladolid,Anestesia,perdut,0.338,209,,4546.72,,False,,,,
5784,Valladolid,Bioseguridad,perdut,0.0,458,,2223.12,,False,,,,
5789,Vizcaya,Anestesia,en_risc,2.47,5,105.5,4546.72,-1.6,True,caiguda_share,0.0,mitja,"Client en_risc de Anestesia (Share 12m: 247%). El seu cicle de compra és de 105 dies. Porta 5 dies sense comprar (-100 dies de coll). Tenia share alt, però en els últims 3 mesos ha caigut substancialment."
5789,Vizcaya,Bioseguridad,perdut,0.0,384,,2223.12,,False,,,,
5802,Sta.Cruz Tenerife,Anestesia,perdut,0.45,185,,2223.12,,False,,,,
5802,Sta.Cruz Tenerife,Bioseguridad,perdut,0.671,320,,1086.44,,False,,,,
5814,Madrid,Anestesia,marginal,0.0,1470,,2223.12,,False,,,,
5814,Madrid,Bioseguridad,perdut,0.0,1470,,1086.44,,False,,,,
5837,Pontevedra,Anestesia,perdut,0.0,682,,1802.36,,False,,,,
5842,Barcelona,Anestesia,fidel,0.779,38,209.5,3410.04,-2.09,False,,,,
5853,Zaragoza,Anestesia,en_risc,0.738,48,118.9,3410.04,-0.52,True,caiguda_share,894.42,mitja,"Client en_risc de Anestesia (Share 12m: 74%). El seu cicle de compra és de 119 dies. Porta 48 dies sense comprar (-71 dies de coll). Tenia share alt, però en els últims 3 mesos ha caigut substancialment."
5860,Lugo,Anestesia,promiscu,0.371,18,281.7,2223.12,-1.68,False,,,,
5863,Madrid,Anestesia,perdut,0.287,234,,2223.12,,False,,,,
5871,Barcelona,Anestesia,fidel,1.054,82,173.2,1802.36,-2.78,False,,,,
5879,Alicante,Anestesia,marginal,0.084,293,,3410.04,,False,,,,
5887,Badajoz,Anestesia,fidel,1.63,28,89.5,2223.12,-1.55,False,,,,
5887,Badajoz,Bioseguridad,fidel,3.134,28,52.7,1086.44,-0.85,False,,,,
5908,Almería,Anestesia,fidel,1.329,17,221.3,2223.12,-1.49,False,,,,
5908,Almería,Bioseguridad,perdut,0.0,812,,1086.44,,False,,,,
5922,Málaga,Anestesia,marginal,0.0,1008,,2223.12,,False,,,,
5924,A Coruña,Bioseguridad,fidel,1.153,45,102.2,1667.34,-2.11,False,,,,
5931,Madrid,Anestesia,perdut,0.239,202,,2223.12,,False,,,,
5939,Madrid,Anestesia,perdut,0.124,122,,2223.12,,False,,,,
5939,Madrid,Bioseguridad,perdut,0.366,185,,1086.44,,False,,,,
6010,Barcelona,Anestesia,fidel,1.403,26,69.1,2223.12,-1.04,False,,,,
6010,Barcelona,Bioseguridad,fidel,3.293,62,59.3,1086.44,0.09,False,,,,
6029,Madrid,Anestesia,perdut,0.518,180,,4546.72,,False,,,,
6029,Madrid,Bioseguridad,promiscu,0.452,80,220.0,2223.12,-1.74,False,,,,
6073,Navarra,Anestesia,promiscu,0.377,19,,1802.36,,False,,,,
6123,Barcelona,Anestesia,fidel,1.044,40,172.4,3410.04,-0.83,False,,,,
6131,Almería,Anestesia,marginal,0.0,1792,,2223.12,,False,,,,
6131,Almería,Bioseguridad,perdut,0.0,1315,,1086.44,,False,,,,
6184,Valencia,Anestesia,perdut,0.277,158,,3410.04,,False,,,,
6187,Barcelona,Anestesia,perdut,0.0,1403,,2223.12,,False,,,,
6208,Sta.Cruz Tenerife,Anestesia,fidel,0.805,17,51.2,9093.44,-0.99,False,,,,
6211,Barcelona,Anestesia,perdut,1.006,207,,2223.12,,False,,,,
6211,Barcelona,Bioseguridad,perdut,2.223,207,,1086.44,,False,,,,
6213,Madrid,Anestesia,perdut,0.0,896,,2223.12,,False,,,,
6217,Albacete,Anestesia,fidel,1.001,56,101.9,2223.12,-1.34,False,,,,
6217,Albacete,Bioseguridad,perdut,0.0,1005,,1086.44,,False,,,,
6225,Madrid,Anestesia,en_risc,0.676,52,67.0,3410.04,-0.46,True,caiguda_share,1104.78,mitja,"Client en_risc de Anestesia (Share 12m: 68%). El seu cicle de compra és de 67 dies. Porta 52 dies sense comprar (-15 dies de coll). Tenia share alt, però en els últims 3 mesos ha caigut substancialment."
6248,Badajoz,Bioseguridad,marginal,0.0,1581,,1667.34,,False,,,,
6249,Sta.Cruz Tenerife,Anestesia,marginal,0.0,1684,,2223.12,,False,,,,
6250,Sevilla,Anestesia,marginal,0.041,173,,2223.12,,False,,,,
6253,Palencia,Anestesia,perdut,0.228,271,,1802.36,,False,,,,
6307,Ciudad Real,Anestesia,marginal,0.0,1764,,2223.12,,False,,,,
6330,Madrid,Anestesia,perdut,0.305,94,,2223.12,,False,,,,
6347,Valencia,Bioseguridad,perdut,0.0,1075,,1086.44,,False,,,,
6360,Las Palmas,Bioseguridad,fidel,1.144,34,128.9,1667.34,-2.32,False,,,,
6361,Granada,Anestesia,marginal,0.0,978,,2223.12,,False,,,,
6401,Navarra,Anestesia,promiscu,0.543,67,155.5,3410.04,-0.98,False,,,,
6421,Barcelona,Anestesia,perdut,0.598,192,,2223.12,,False,,,,
6421,Barcelona,Bioseguridad,fidel,3.605,25,76.2,1086.44,-1.48,False,,,,
6471,Madrid,Anestesia,perdut,0.0,943,,2223.12,,False,,,,
6476,Madrid,Anestesia,perdut,0.462,115,,2223.12,,False,,,,
6479,Murcia,Anestesia,perdut,0.478,264,,2223.12,,False,,,,
6479,Murcia,Bioseguridad,perdut,0.366,117,,1086.44,,False,,,,
6485,Valencia,Anestesia,perdut,0.307,94,,2223.12,,False,,,,
6488,Madrid,Anestesia,perdut,0.165,228,,2223.12,,False,,,,
6488,Madrid,Bioseguridad,perdut,0.298,343,,1086.44,,False,,,,
6495,Burgos,Anestesia,perdut,0.0,955,,2223.12,,False,,,,
6495,Burgos,Bioseguridad,marginal,0.0,585,,1086.44,,False,,,,
6525,Murcia,Anestesia,perdut,0.0,1657,,2223.12,,False,,,,
6553,Valencia,Anestesia,perdut,0.042,206,,3410.04,,False,,,,
6553,Valencia,Bioseguridad,promiscu,0.525,6,192.6,1667.34,-2.13,False,,,,
6574,Murcia,Anestesia,marginal,0.0,1760,,2223.12,,False,,,,
6574,Murcia,Bioseguridad,marginal,0.0,1512,,1086.44,,False,,,,
6582,Baleares,Anestesia,perdut,0.0,1326,,2223.12,,False,,,,
6585,Baleares,Bioseguridad,perdut,0.0,1685,,1086.44,,False,,,,
6611,León,Anestesia,fidel,1.194,27,150.2,2223.12,-1.57,False,,,,
6611,León,Bioseguridad,marginal,0.124,27,,1086.44,,False,,,,
6625,Baleares,Anestesia,perdut,0.255,101,,4546.72,,False,,,,
6642,Alicante,Anestesia,fidel,1.717,47,53.6,4546.72,-0.21,False,,,,
6642,Alicante,Bioseguridad,perdut,0.0,763,,2223.12,,False,,,,
6654,Madrid,Anestesia,perdut,0.245,105,,2223.12,,False,,,,
6656,Madrid,Anestesia,en_risc,1.079,81,37.0,2223.12,2.45,True,caiguda_share,0.0,alta,"Client en_risc de Anestesia (Share 12m: 108%). El seu cicle de compra és de 37 dies. Porta 81 dies sense comprar (44 dies de coll). Tenia share alt, però en els últims 3 mesos ha caigut substancialment."
6661,Girona,Anestesia,perdut,0.366,220,,1802.36,,False,,,,
6666,Guadalajara,Anestesia,perdut,0.175,229,,2223.12,,False,,,,
6666,Guadalajara,Bioseguridad,perdut,0.559,336,,1086.44,,False,,,,
6676,Madrid,Anestesia,perdut,0.818,104,,3410.04,,False,,,,
6680,Almería,Anestesia,marginal,0.0,1684,,1802.36,,False,,,,
6682,Barcelona,Anestesia,perdut,0.661,152,,3410.04,,False,,,,
6700,Almería,Anestesia,perdut,0.0,1008,,2223.12,,False,,,,
6711,Girona,Anestesia,marginal,0.0,1812,,2223.12,,False,,,,
6713,Málaga,Anestesia,en_risc,1.237,46,93.4,2223.12,-1.29,True,caiguda_share,0.0,mitja,"Client en_risc de Anestesia (Share 12m: 124%). El seu cicle de compra és de 93 dies. Porta 46 dies sense comprar (-47 dies de coll). Tenia share alt, però en els últims 3 mesos ha caigut substancialment."
6715,Barcelona,Anestesia,perdut,0.512,298,,2223.12,,False,,,,
6716,Ciudad Real,Anestesia,perdut,0.396,108,,2223.12,,False,,,,
6718,La Rioja,Anestesia,perdut,0.815,115,,2223.12,,False,,,,
6731,Murcia,Bioseguridad,perdut,0.381,326,,1086.44,,False,,,,
6734,Málaga,Bioseguridad,en_risc,0.298,147,,1086.44,,False,,,,
6742,Murcia,Anestesia,perdut,0.491,101,,2223.12,,False,,,,
6742,Murcia,Bioseguridad,perdut,0.352,101,,1086.44,,False,,,,
6757,Madrid,Bioseguridad,promiscu,0.628,41,89.4,2223.12,-1.02,False,,,,
6809,Cádiz,Anestesia,perdut,0.0,648,,2223.12,,False,,,,
6822,Barcelona,Anestesia,perdut,0.182,102,,3410.04,,False,,,,
6832,Burgos,Anestesia,promiscu,0.493,82,212.9,2223.12,-0.94,False,,,,
6832,Burgos,Bioseguridad,marginal,0.137,262,,1086.44,,False,,,,
6928,Barcelona,Anestesia,perdut,0.431,280,,2223.12,,False,,,,
6928,Barcelona,Bioseguridad,perdut,0.0,572,,1086.44,,False,,,,
6956,Girona,Anestesia,perdut,0.36,318,,2223.12,,False,,,,
6963,Barcelona,Anestesia,perdut,0.0,1340,,3410.04,,False,,,,
6987,Madrid,Anestesia,perdut,0.296,193,,1802.36,,False,,,,
6990,Valencia,Anestesia,perdut,0.39,94,,3410.04,,False,,,,
7000,Barcelona,Anestesia,perdut,0.555,101,,6820.08,,False,,,,
7000,Barcelona,Bioseguridad,fidel,1.26,34,63.2,3334.68,-0.82,False,,,,
7022,Asturias,Anestesia,perdut,0.598,97,,2223.12,,False,,,,
7034,Barcelona,Anestesia,perdut,0.0,375,,2223.12,,False,,,,
7046,Madrid,Anestesia,perdut,0.0,1559,,1802.36,,False,,,,
7090,Salamanca,Anestesia,perdut,0.724,222,,3410.04,,False,,,,
7094,Navarra,Anestesia,perdut,0.087,265,,3410.04,,False,,,,
7135,Sta.Cruz Tenerife,Anestesia,perdut,0.363,109,,4546.72,,False,,,,
7135,Sta.Cruz Tenerife,Bioseguridad,en_risc,2.99,18,44.6,2223.12,-1.28,True,caiguda_share,0.0,mitja,"Client en_risc de Bioseguridad (Share 12m: 299%). El seu cicle de compra és de 45 dies. Porta 18 dies sense comprar (-27 dies de coll). Tenia share alt, però en els últims 3 mesos ha caigut substancialment."
7175,Granada,Anestesia,perdut,0.0,1748,,2223.12,,False,,,,
7186,,Anestesia,promiscu,0.584,67,300.8,2223.12,-1.74,False,,,,
7186,,Bioseguridad,marginal,0.0,1769,,1086.44,,False,,,,
7192,Salamanca,Anestesia,perdut,0.648,167,,2223.12,,False,,,,
7192,Salamanca,Bioseguridad,perdut,0.261,119,,1086.44,,False,,,,
7213,Pontevedra,Anestesia,perdut,0.0,620,,1802.36,,False,,,,
7228,Orense,Anestesia,fidel,0.88,62,121.4,2223.12,-0.71,False,,,,
7228,Orense,Bioseguridad,fidel,1.189,62,124.8,1086.44,-0.93,False,,,,
7239,Gipúzkoa,Anestesia,marginal,0.0,1743,,1802.36,,False,,,,
7250,Madrid,Bioseguridad,perdut,0.0,683,,1086.44,,False,,,,
7275,Pontevedra,Anestesia,promiscu,0.424,76,290.5,2223.12,-3.92,False,,,,
7275,Pontevedra,Bioseguridad,perdut,0.512,180,,1086.44,,False,,,,
7280,Alicante,Anestesia,perdut,0.464,355,,2223.12,,False,,,,
7283,Madrid,Anestesia,perdut,0.0,1203,,4546.72,,False,,,,
7289,Guadalajara,Anestesia,fidel,0.761,81,121.6,2223.12,-0.65,False,,,,
7289,Guadalajara,Bioseguridad,promiscu,0.732,81,197.9,1086.44,-1.24,False,,,,
7295,Alicante,Anestesia,perdut,0.188,299,,3410.04,,False,,,,
7304,Madrid,Anestesia,fidel,0.99,48,183.3,3410.04,-1.15,False,,,,
7325,Cuenca,Anestesia,perdut,0.669,278,,2223.12,,False,,,,
7325,Cuenca,Bioseguridad,perdut,0.0,1285,,1086.44,,False,,,,
7332,Barcelona,Anestesia,marginal,0.215,26,,2223.12,,False,,,,
7341,Barcelona,Anestesia,perdut,0.869,200,,2223.12,,False,,,,
7341,Barcelona,Bioseguridad,perdut,0.464,321,,1086.44,,False,,,,
7346,Burgos,Anestesia,perdut,0.78,110,,3410.04,,False,,,,
7346,Burgos,Bioseguridad,perdut,2.195,110,,1667.34,,False,,,,
7356,A Coruña,Anestesia,perdut,0.0,416,,3410.04,,False,,,,
7356,A Coruña,Bioseguridad,perdut,0.179,271,,1667.34,,False,,,,
7362,Madrid,Bioseguridad,perdut,0.51,290,,1667.34,,False,,,,
7372,Madrid,Anestesia,promiscu,0.413,84,370.0,2223.12,-1.5,False,,,,
7382,Asturias,Anestesia,nou,0.42,56,,2223.12,,False,,,,
7408,Asturias,Anestesia,perdut,0.0,1489,,3410.04,,False,,,,
7408,Asturias,Bioseguridad,marginal,0.0,1691,,1667.34,,False,,,,
7410,Barcelona,Anestesia,perdut,0.86,195,,1802.36,,False,,,,
7410,Barcelona,Bioseguridad,perdut,0.0,619,,879.2,,False,,,,
7412,Madrid,Anestesia,en_risc,0.425,80,71.8,3410.04,0.16,True,caiguda_share,1962.03,mitja,"Client en_risc de Anestesia (Share 12m: 42%). El seu cicle de compra és de 72 dies. Porta 80 dies sense comprar (8 dies de coll). Tenia share alt, però en els últims 3 mesos ha caigut substancialment."
7412,Madrid,Bioseguridad,perdut,0.0,1026,,1667.34,,False,,,,
7466,Gipúzkoa,Anestesia,fidel,0.896,45,126.1,3410.04,-3.31,False,,,,
7469,Vizcaya,Anestesia,perdut,0.189,185,,2223.12,,False,,,,
7469,Vizcaya,Bioseguridad,perdut,0.0,1473,,1086.44,,False,,,,
7475,Ciudad Real,Anestesia,perdut,0.475,234,,3410.04,,False,,,,
7484,Gipúzkoa,Anestesia,perdut,0.764,227,,2223.12,,False,,,,
7496,Pontevedra,Anestesia,nou,0.501,84,,1802.36,,False,,,,
7497,A Coruña,Anestesia,perdut,0.598,124,,2223.12,,False,,,,
7497,A Coruña,Bioseguridad,marginal,0.0,936,,1086.44,,False,,,,
7523,Girona,Anestesia,marginal,0.0,802,,2223.12,,False,,,,
7543,Valencia,Anestesia,perdut,0.157,167,,2223.12,,False,,,,
7549,Sevilla,Anestesia,fidel,1.706,55,64.3,3410.04,-0.37,False,,,,
7549,Sevilla,Bioseguridad,perdut,0.0,412,,1667.34,,False,,,,
7566,Madrid,Bioseguridad,en_risc,1.382,32,252.2,1667.34,-0.52,True,caiguda_share,0.0,mitja,"Client en_risc de Bioseguridad (Share 12m: 138%). El seu cicle de compra és de 252 dies. Porta 32 dies sense comprar (-220 dies de coll). Tenia share alt, però en els últims 3 mesos ha caigut substancialment."
7586,Valladolid,Anestesia,perdut,0.0,383,,2223.12,,False,,,,
7586,Valladolid,Bioseguridad,en_risc,0.373,224,,1086.44,,False,,,,
7598,Huelva,Anestesia,perdut,0.866,150,,2223.12,,False,,,,
7602,Barcelona,Anestesia,perdut,0.557,203,,2223.12,,False,,,,
7602,Barcelona,Bioseguridad,fidel,1.323,90,211.5,1086.44,-1.1,False,,,,
7608,Guadalajara,Anestesia,fidel,1.101,12,116.7,3410.04,-1.59,False,,,,
7608,Guadalajara,Bioseguridad,nou,0.238,12,,1667.34,,False,,,,
7642,Alicante,Anestesia,promiscu,0.598,27,443.0,2223.12,-2.49,False,,,,
7648,León,Anestesia,perdut,0.425,209,,2223.12,,False,,,,
7648,León,Bioseguridad,perdut,0.0,580,,1086.44,,False,,,,
7649,Las Palmas,Anestesia,perdut,0.695,118,,2223.12,,False,,,,
7670,Murcia,Anestesia,perdut,0.0,416,,2223.12,,False,,,,
7670,Murcia,Bioseguridad,perdut,0.0,683,,1086.44,,False,,,,
7690,Valladolid,Bioseguridad,perdut,0.0,1008,,1086.44,,False,,,,
7698,Sevilla,Anestesia,perdut,0.479,320,,3410.04,,False,,,,
7698,Sevilla,Bioseguridad,perdut,0.0,1445,,1667.34,,False,,,,
7733,Valencia,Anestesia,fidel,1.52,69,102.2,3410.04,-0.5,False,,,,
7733,Valencia,Bioseguridad,fidel,3.696,6,60.6,1667.34,-1.54,False,,,,
7735,Vizcaya,Anestesia,perdut,0.0,846,,2223.12,,False,,,,
7735,Vizcaya,Bioseguridad,perdut,0.0,846,,1086.44,,False,,,,
7736,Ciudad Real,Anestesia,promiscu,0.503,28,475.3,2223.12,-3.37,False,,,,
7739,Burgos,Anestesia,en_risc,1.052,63,75.3,4546.72,-0.29,True,caiguda_share,0.0,mitja,"Client en_risc de Anestesia (Share 12m: 105%). El seu cicle de compra és de 75 dies. Porta 63 dies sense comprar (-12 dies de coll). Tenia share alt, però en els últims 3 mesos ha caigut substancialment."
7739,Burgos,Bioseguridad,promiscu,0.547,63,71.1,2223.12,-0.12,False,,,,
7750,Almería,Anestesia,fidel,0.908,13,23.2,4546.72,-0.61,False,,,,
7750,Almería,Bioseguridad,perdut,0.583,192,,2223.12,,False,,,,
7773,Sta.Cruz Tenerife,Anestesia,marginal,0.0,1671,,1802.36,,False,,,,
7785,Castellón,Anestesia,perdut,0.403,227,,3410.04,,False,,,,
7785,Castellón,Bioseguridad,perdut,0.0,1461,,1667.34,,False,,,,
7790,Valencia,Anestesia,perdut,0.0,748,,1802.36,,False,,,,
7836,Sta.Cruz Tenerife,Anestesia,promiscu,0.349,77,168.2,5683.4,-0.81,False,,,,
7868,Guadalajara,Anestesia,perdut,0.597,96,,2223.12,,False,,,,
7868,Guadalajara,Bioseguridad,perdut,0.0,419,,1086.44,,False,,,,
7880,Granada,Anestesia,perdut,0.31,269,,2223.12,,False,,,,
7880,Granada,Bioseguridad,marginal,0.0,1214,,1086.44,,False,,,,
7881,Las Palmas,Anestesia,perdut,0.291,151,,4546.72,,False,,,,
7919,Madrid,Anestesia,perdut,0.297,171,,2223.12,,False,,,,
7920,León,Anestesia,perdut,0.0,1043,,3410.04,,False,,,,
7920,León,Bioseguridad,marginal,0.0,1043,,1667.34,,False,,,,
7931,Álava,Anestesia,perdut,0.225,166,,3410.04,,False,,,,
7932,Madrid,Anestesia,marginal,0.078,175,,1802.36,,False,,,,
7941,Madrid,Anestesia,fidel,1.329,46,97.8,2223.12,-0.9,False,,,,
7941,Madrid,Bioseguridad,marginal,0.0,1747,,1086.44,,False,,,,
7948,Granada,Anestesia,perdut,0.648,97,,2223.12,,False,,,,
7966,Málaga,Anestesia,marginal,0.0,1636,,2223.12,,False,,,,
7971,Madrid,Anestesia,perdut,0.266,287,,2223.12,,False,,,,
7971,Madrid,Bioseguridad,marginal,0.0,844,,1086.44,,False,,,,
7972,León,Bioseguridad,promiscu,0.668,46,331.6,1667.34,-0.98,False,,,,
8001,Barcelona,Anestesia,perdut,0.737,117,,2223.12,,False,,,,
8001,Barcelona,Bioseguridad,fidel,4.176,12,84.6,1086.44,-1.11,False,,,,
8049,Zaragoza,Anestesia,perdut,0.0,1516,,3410.04,,False,,,,
8074,Valladolid,Anestesia,perdut,0.873,95,,3410.04,,False,,,,
8074,Valladolid,Bioseguridad,perdut,0.0,416,,1667.34,,False,,,,
8091,Granada,Anestesia,promiscu,0.521,54,191.1,2223.12,-1.24,False,,,,
8091,Granada,Bioseguridad,perdut,0.373,174,,1086.44,,False,,,,
8104,Murcia,Bioseguridad,perdut,0.0,390,,1086.44,,False,,,,
8130,Valladolid,Anestesia,promiscu,0.502,38,497.3,5683.4,-1.45,False,,,,
8130,Valladolid,Bioseguridad,fidel,1.294,38,83.0,2778.9,-0.79,False,,,,
8131,Madrid,Anestesia,fidel,0.751,55,186.4,3410.04,-2.49,False,,,,
8131,Madrid,Bioseguridad,perdut,0.121,192,,1667.34,,False,,,,
8154,Toledo,Anestesia,perdut,0.932,94,,1802.36,,False,,,,
8154,Toledo,Bioseguridad,perdut,0.154,94,,879.2,,False,,,,
8158,Cantabria,Anestesia,perdut,0.0,430,,2223.12,,False,,,,
8160,Sevilla,Anestesia,perdut,0.0,1537,,3410.04,,False,,,,
8160,Sevilla,Bioseguridad,perdut,0.0,1529,,1667.34,,False,,,,
8173,Málaga,Anestesia,promiscu,0.349,54,60.3,6820.08,-0.41,False,,,,
8177,Las Palmas,Anestesia,fidel,0.83,20,128.7,4546.72,-1.42,False,,,,
8177,Las Palmas,Bioseguridad,perdut,0.437,356,,2223.12,,False,,,,
8191,Barcelona,Anestesia,perdut,0.0,1488,,1802.36,,False,,,,
8206,Sta.Cruz Tenerife,Anestesia,perdut,0.365,108,,2223.12,,False,,,,
8215,Tarragona,Bioseguridad,perdut,0.326,111,,1667.34,,False,,,,
8229,Sevilla,Anestesia,promiscu,0.564,69,341.6,3410.04,-2.31,False,,,,
8229,Sevilla,Bioseguridad,perdut,0.34,292,,1667.34,,False,,,,
8230,Barcelona,Anestesia,fidel,0.779,46,689.5,3410.04,-1.02,False,,,,
8230,Barcelona,Bioseguridad,marginal,0.121,304,,1667.34,,False,,,,
8239,Badajoz,Anestesia,fidel,1.561,82,123.4,2223.12,-0.61,False,,,,
8239,Badajoz,Bioseguridad,en_risc,4.612,33,63.4,1086.44,-0.84,True,caiguda_share,0.0,mitja,"Client en_risc de Bioseguridad (Share 12m: 461%). El seu cicle de compra és de 63 dies. Porta 33 dies sense comprar (-30 dies de coll). Tenia share alt, però en els últims 3 mesos ha caigut substancialment."
8260,Vizcaya,Anestesia,promiscu,0.359,68,,2223.12,,False,,,,
8271,Huesca,Anestesia,perdut,0.0,418,,1802.36,,False,,,,
8271,Huesca,Bioseguridad,promiscu,0.369,46,,879.2,,False,,,,
8276,Valladolid,Anestesia,perdut,0.121,209,,3410.04,,False,,,,
8279,Gipúzkoa,Anestesia,perdut,0.0,949,,1802.36,,False,,,,
8288,Madrid,Anestesia,en_risc,0.835,63,87.5,2223.12,-0.62,True,caiguda_share,367.47,mitja,"Client en_risc de Anestesia (Share 12m: 83%). El seu cicle de compra és de 88 dies. Porta 63 dies sense comprar (-24 dies de coll). Tenia share alt, però en els últims 3 mesos ha caigut substancialment."
8292,Cantabria,Anestesia,fidel,1.154,74,131.9,3410.04,-2.03,False,,,,
8292,Cantabria,Bioseguridad,marginal,0.0,986,,1667.34,,False,,,,
8302,Badajoz,Anestesia,fidel,0.894,45,231.2,2223.12,-1.83,False,,,,
8314,Valladolid,Anestesia,perdut,0.533,263,,1802.36,,False,,,,
8323,Alicante,Anestesia,perdut,0.192,207,,3410.04,,False,,,,
8323,Alicante,Bioseguridad,perdut,0.0,1194,,1667.34,,False,,,,
8330,Madrid,Anestesia,perdut,0.862,201,,1802.36,,False,,,,
8341,Badajoz,Anestesia,perdut,0.0,1489,,2223.12,,False,,,,
8341,Badajoz,Bioseguridad,perdut,0.0,1488,,1086.44,,False,,,,
8348,Madrid,Anestesia,promiscu,0.256,76,192.1,2223.12,-1.39,False,,,,
8348,Madrid,Bioseguridad,fidel,1.896,76,247.0,1086.44,-1.22,False,,,,
8349,Albacete,Bioseguridad,perdut,0.0,586,,1086.44,,False,,,,
8359,Barcelona,Anestesia,perdut,0.024,284,,3410.04,,False,,,,
8359,Barcelona,Bioseguridad,fidel,0.777,55,59.0,1667.34,-0.08,False,,,,
8362,Málaga,Bioseguridad,marginal,0.0,1350,,1086.44,,False,,,,
8369,Sevilla,Anestesia,promiscu,0.322,6,170.1,3410.04,-2.8,False,,,,
8369,Sevilla,Bioseguridad,perdut,0.0,776,,1667.34,,False,,,,
8389,Madrid,Anestesia,perdut,0.0,530,,2223.12,,False,,,,
8389,Madrid,Bioseguridad,perdut,0.0,714,,1086.44,,False,,,,
8404,Madrid,Anestesia,marginal,0.0,1109,,7956.76,,False,,,,
8421,Alicante,Anestesia,en_risc,0.58,325,,2223.12,,False,,,,
8431,Pontevedra,Anestesia,marginal,0.041,159,,4546.72,,False,,,,
8441,Orense,Anestesia,perdut,0.0,833,,1802.36,,False,,,,
8447,La Rioja,Anestesia,perdut,0.0,598,,3410.04,,False,,,,
8504,Madrid,Anestesia,promiscu,0.498,88,296.8,2223.12,-2.08,False,,,,
8504,Madrid,Bioseguridad,perdut,0.0,1372,,1086.44,,False,,,,
8532,Alicante,Anestesia,perdut,0.147,270,,3410.04,,False,,,,
8562,Madrid,Anestesia,perdut,0.614,189,,1802.36,,False,,,,
8562,Madrid,Bioseguridad,fidel,2.001,45,158.5,879.2,-0.76,False,,,,
8580,Valladolid,Anestesia,fidel,0.905,45,166.9,3410.04,-1.67,False,,,,
8580,Valladolid,Bioseguridad,perdut,0.0,720,,1667.34,,False,,,,
8616,Cáceres,Bioseguridad,perdut,0.485,108,,1086.44,,False,,,,
8619,Zamora,Anestesia,perdut,0.368,222,,1802.36,,False,,,,
8619,Zamora,Bioseguridad,perdut,0.0,1720,,879.2,,False,,,,
8637,Barcelona,Anestesia,fidel,1.348,17,204.1,2223.12,-4.7,False,,,,
8651,A Coruña,Anestesia,promiscu,0.521,5,129.8,4546.72,-2.57,False,,,,
8651,A Coruña,Bioseguridad,perdut,0.255,118,,2223.12,,False,,,,
8670,Pontevedra,Anestesia,perdut,0.393,297,,1802.36,,False,,,,
8702,Navarra,Anestesia,perdut,0.0,1480,,2223.12,,False,,,,
8704,Madrid,Anestesia,perdut,0.218,111,,5683.4,,False,,,,
8704,Madrid,Bioseguridad,marginal,0.182,6,,2778.9,,False,,,,
8714,Valencia,Anestesia,marginal,0.055,62,,3410.04,,False,,,,
8714,Valencia,Bioseguridad,perdut,0.477,164,,1667.34,,False,,,,
8742,Burgos,Anestesia,perdut,0.0,426,,3410.04,,False,,,,
8747,Vizcaya,Bioseguridad,perdut,0.0,1473,,1086.44,,False,,,,
8749,Almería,Anestesia,fidel,1.212,24,64.7,2223.12,-1.09,False,,,,
8750,Madrid,Anestesia,promiscu,0.534,6,83.9,3410.04,-0.89,False,,,,
8751,Madrid,Anestesia,perdut,0.0,1305,,1802.36,,False,,,,
8757,Sta.Cruz Tenerife,Anestesia,fidel,0.981,34,80.7,3410.04,-1.21,False,,,,
8757,Sta.Cruz Tenerife,Bioseguridad,fidel,2.463,34,100.8,1667.34,-1.05,False,,,,
8768,A Coruña,Anestesia,nou,0.478,5,,2223.12,,False,,,,
8808,Huelva,Anestesia,perdut,0.58,328,,2223.12,,False,,,,
8808,Huelva,Bioseguridad,perdut,0.924,108,,1086.44,,False,,,,
8809,Granada,Anestesia,marginal,0.0,902,,2223.12,,False,,,,
8809,Granada,Bioseguridad,marginal,0.0,1397,,1086.44,,False,,,,
8813,Madrid,Anestesia,perdut,0.773,180,,2223.12,,False,,,,
8813,Madrid,Bioseguridad,perdut,1.826,180,,1086.44,,False,,,,
8816,Gipúzkoa,Anestesia,perdut,0.0,894,,2223.12,,False,,,,
8849,Valladolid,Anestesia,perdut,0.1,151,,4546.72,,False,,,,
8849,Valladolid,Bioseguridad,fidel,1.47,24,83.7,2223.12,-0.93,False,,,,
8850,Lugo,Anestesia,perdut,0.598,213,,2223.12,,False,,,,
8851,Pontevedra,Anestesia,perdut,0.377,290,,3410.04,,False,,,,
8854,Madrid,Anestesia,perdut,0.0,721,,3410.04,,False,,,,
8856,Navarra,Anestesia,marginal,0.0,619,,2223.12,,False,,,,
8875,Barcelona,Anestesia,perdut,0.309,326,,2223.12,,False,,,,
8875,Barcelona,Bioseguridad,perdut,0.0,1004,,1086.44,,False,,,,
8896,Madrid,Anestesia,perdut,0.371,270,,2223.12,,False,,,,
8896,Madrid,Bioseguridad,marginal,0.0,413,,1086.44,,False,,,,
8910,Barcelona,Anestesia,perdut,0.0,1000,,2223.12,,False,,,,
8918,Girona,Anestesia,perdut,0.401,115,,1802.36,,False,,,,
8918,Girona,Bioseguridad,perdut,1.085,171,,879.2,,False,,,,
8926,Madrid,Anestesia,perdut,0.0,1118,,2223.12,,False,,,,
8929,Valencia,Bioseguridad,marginal,0.194,14,,1667.34,,False,,,,
8931,Sevilla,Anestesia,marginal,0.0,1551,,3410.04,,False,,,,
8931,Sevilla,Bioseguridad,perdut,0.0,1350,,1667.34,,False,,,,
8952,Toledo,Anestesia,perdut,0.0,1137,,2223.12,,False,,,,
8956,León,Anestesia,perdut,0.0,1412,,2223.12,,False,,,,
8958,Sevilla,Anestesia,perdut,0.961,96,,2223.12,,False,,,,
8963,Sta.Cruz Tenerife,Anestesia,marginal,0.0,808,,2223.12,,False,,,,
8976,Gipúzkoa,Anestesia,promiscu,0.469,53,210.2,2223.12,-1.07,False,,,,
8979,Vizcaya,Anestesia,perdut,0.0,692,,6820.08,,False,,,,
8979,Vizcaya,Bioseguridad,marginal,0.0,1546,,3334.68,,False,,,,
8994,Guadalajara,Anestesia,perdut,0.464,259,,2223.12,,False,,,,
8994,Guadalajara,Bioseguridad,perdut,0.886,259,,1086.44,,False,,,,
9010,Sta.Cruz Tenerife,Anestesia,perdut,0.165,206,,2223.12,,False,,,,
9028,Barcelona,Anestesia,perdut,0.0,780,,2223.12,,False,,,,
9028,Barcelona,Bioseguridad,perdut,0.0,1070,,1086.44,,False,,,,
9051,Madrid,Anestesia,perdut,0.165,157,,2223.12,,False,,,,
9062,Madrid,Bioseguridad,nou,0.081,24,,1667.34,,False,,,,
9064,Valencia,Anestesia,perdut,1.014,321,,2223.12,,False,,,,
9119,Alicante,Anestesia,en_risc,0.895,47,139.8,3410.04,-0.82,True,caiguda_share,359.73,mitja,"Client en_risc de Anestesia (Share 12m: 89%). El seu cicle de compra és de 140 dies. Porta 47 dies sense comprar (-93 dies de coll). Tenia share alt, però en els últims 3 mesos ha caigut substancialment."
9119,Alicante,Bioseguridad,perdut,1.95,112,,1667.34,,False,,,,
9120,A Coruña,Anestesia,marginal,0.205,74,,2223.12,,False,,,,
9122,Albacete,Anestesia,promiscu,0.308,19,555.3,2223.12,-2.14,False,,,,
9122,Albacete,Bioseguridad,marginal,0.22,19,,1086.44,,False,,,,
9158,Ávila,Anestesia,perdut,1.228,91,,1802.36,,False,,,,
9158,Ávila,Bioseguridad,perdut,1.365,91,,879.2,,False,,,,
9184,Barcelona,Anestesia,perdut,0.0,1501,,2223.12,,False,,,,
9184,Barcelona,Bioseguridad,perdut,0.0,1421,,1086.44,,False,,,,
9210,Salamanca,Anestesia,perdut,0.398,94,,3410.04,,False,,,,
9210,Salamanca,Bioseguridad,perdut,1.161,118,,1667.34,,False,,,,
9217,Sta.Cruz Tenerife,Anestesia,promiscu,0.505,18,246.9,2223.12,-1.88,False,,,,
9222,Las Palmas,Anestesia,perdut,0.236,115,,3410.04,,False,,,,
9243,Barcelona,Anestesia,fidel,1.205,32,66.2,3410.04,-1.15,False,,,,
9243,Barcelona,Bioseguridad,promiscu,0.34,32,104.1,1667.34,-1.29,False,,,,
9253,Barcelona,Anestesia,perdut,0.0,482,,1802.36,,False,,,,
9258,Cáceres,Anestesia,promiscu,0.598,32,223.1,2223.12,-1.79,False,,,,
9258,Cáceres,Bioseguridad,perdut,0.0,1686,,1086.44,,False,,,,
9265,Madrid,Anestesia,perdut,0.325,102,,2223.12,,False,,,,
9269,Zaragoza,Anestesia,perdut,0.306,173,,1802.36,,False,,,,
9270,Barcelona,Anestesia,perdut,0.524,96,,2223.12,,False,,,,
9270,Barcelona,Bioseguridad,perdut,0.842,96,,1086.44,,False,,,,
9279,Valladolid,Anestesia,perdut,0.0,798,,3410.04,,False,,,,
9279,Valladolid,Bioseguridad,promiscu,0.572,82,267.2,1667.34,-2.58,False,,,,
9318,Vizcaya,Bioseguridad,fidel,4.728,5,167.3,1086.44,-1.53,False,,,,
9319,Ciudad Real,Anestesia,marginal,0.0,1183,,2223.12,,False,,,,
9327,Barcelona,Anestesia,perdut,0.0,1046,,2223.12,,False,,,,
9333,Granada,Anestesia,promiscu,0.266,60,356.5,2223.12,-7.11,False,,,,
9353,Zaragoza,Anestesia,perdut,0.0,1182,,2223.12,,False,,,,
9367,Málaga,Anestesia,perdut,0.0,609,,2223.12,,False,,,,
9374,Madrid,Anestesia,perdut,0.53,228,,4546.72,,False,,,,
9374,Madrid,Bioseguridad,perdut,0.0,620,,2223.12,,False,,,,
9401,Sta.Cruz Tenerife,Anestesia,promiscu,0.28,13,484.3,2223.12,-0.98,False,,,,
9431,Las Palmas,Anestesia,perdut,0.0,1704,,1802.36,,False,,,,
9435,León,Anestesia,perdut,0.0,1651,,1802.36,,False,,,,
9447,Las Palmas,Anestesia,perdut,0.258,108,,3410.04,,False,,,,
9448,Vizcaya,Anestesia,fidel,1.056,6,26.2,11366.8,-1.12,False,,,,
9448,Vizcaya,Bioseguridad,fidel,1.472,39,58.3,5557.8,-0.65,False,,,,
9459,Barcelona,Anestesia,perdut,0.0,763,,2223.12,,False,,,,
9459,Barcelona,Bioseguridad,perdut,0.0,1141,,1086.44,,False,,,,
9478,Sevilla,Anestesia,perdut,0.266,279,,2223.12,,False,,,,
9482,Girona,Anestesia,perdut,0.76,158,,2223.12,,False,,,,
9482,Girona,Bioseguridad,fidel,5.737,19,105.5,1086.44,-1.32,False,,,,
9490,Madrid,Anestesia,promiscu,0.633,28,195.0,2223.12,-1.78,False,,,,
9490,Madrid,Bioseguridad,fidel,3.775,28,50.5,1086.44,-0.9,False,,,,
9513,Barcelona,Anestesia,perdut,0.0,1480,,3410.04,,False,,,,
9513,Barcelona,Bioseguridad,perdut,0.0,1428,,1667.34,,False,,,,
9520,Barcelona,Anestesia,perdut,0.524,160,,2223.12,,False,,,,
9520,Barcelona,Bioseguridad,perdut,0.659,203,,1086.44,,False,,,,
9527,Zaragoza,Anestesia,perdut,0.215,97,,3410.04,,False,,,,
9527,Zaragoza,Bioseguridad,perdut,0.0,791,,1667.34,,False,,,,
9546,Madrid,Anestesia,perdut,0.319,125,,2223.12,,False,,,,
9546,Madrid,Bioseguridad,perdut,0.146,125,,1086.44,,False,,,,
9548,Alicante,Anestesia,fidel,1.295,70,115.1,2223.12,-0.58,False,,,,
9561,Granada,Anestesia,fidel,1.195,88,450.0,2223.12,-0.76,False,,,,
9561,Granada,Bioseguridad,perdut,0.0,455,,1086.44,,False,,,,
9576,Málaga,Anestesia,perdut,0.19,277,,2223.12,,False,,,,
9581,La Rioja,Anestesia,promiscu,0.598,33,,2223.12,,False,,,,
9586,Salamanca,Anestesia,fidel,1.061,10,150.2,4546.72,-2.11,False,,,,
9605,Navarra,Anestesia,perdut,0.0,1182,,2223.12,,False,,,,
9605,Navarra,Bioseguridad,marginal,0.0,1176,,1086.44,,False,,,,
9640,Madrid,Anestesia,perdut,0.0,404,,1802.36,,False,,,,
9640,Madrid,Bioseguridad,perdut,0.682,234,,879.2,,False,,,,
9652,Barcelona,Anestesia,perdut,0.0,1530,,2223.12,,False,,,,
9652,Barcelona,Bioseguridad,perdut,0.0,1201,,1086.44,,False,,,,
9653,Madrid,Anestesia,promiscu,0.343,84,372.2,2223.12,-1.17,False,,,,
9653,Madrid,Bioseguridad,promiscu,0.298,84,372.2,1086.44,-2.57,False,,,,
9662,Albacete,Anestesia,perdut,0.246,236,,1802.36,,False,,,,
9662,Albacete,Bioseguridad,marginal,0.0,1701,,879.2,,False,,,,
9678,Madrid,Anestesia,perdut,0.0,440,,1802.36,,False,,,,
9683,Cantabria,Anestesia,marginal,0.06,90,,3410.04,,False,,,,
9709,Madrid,Anestesia,perdut,0.246,287,,1802.36,,False,,,,
9722,Ciudad Real,Bioseguridad,perdut,0.366,334,,1086.44,,False,,,,
9729,Sevilla,Anestesia,fidel,1.476,7,126.3,2223.12,-2.1,False,,,,
9729,Sevilla,Bioseguridad,fidel,2.016,10,64.1,1086.44,-1.9,False,,,,
9741,La Rioja,Anestesia,perdut,0.455,154,,3410.04,,False,,,,
9754,Madrid,Anestesia,perdut,0.478,293,,2223.12,,False,,,,
9759,Albacete,Anestesia,perdut,0.0,1399,,2223.12,,False,,,,
9759,Albacete,Bioseguridad,perdut,0.0,444,,1086.44,,False,,,,
9764,Las Palmas,Bioseguridad,marginal,0.0,552,,1086.44,,False,,,,
9810,Las Palmas,Anestesia,promiscu,0.575,75,142.3,3410.04,-1.67,False,,,,
9810,Las Palmas,Bioseguridad,perdut,0.572,192,,1667.34,,False,,,,
9827,Guadalajara,Anestesia,perdut,0.469,111,,2223.12,,False,,,,
9827,Guadalajara,Bioseguridad,fidel,2.195,25,78.9,1086.44,-2.73,False,,,,
9835,Murcia,Anestesia,fidel,3.034,27,118.9,2223.12,-0.98,False,,,,
9835,Murcia,Bioseguridad,perdut,0.0,635,,1086.44,,False,,,,
9841,A Coruña,Anestesia,perdut,0.63,178,,4546.72,,False,,,,
9841,A Coruña,Bioseguridad,perdut,0.0,1691,,2223.12,,False,,,,
9851,Girona,Anestesia,promiscu,0.707,26,144.6,2223.12,-2.38,False,,,,
9852,Pontevedra,Anestesia,perdut,0.227,131,,3410.04,,False,,,,
9853,Barcelona,Anestesia,fidel,1.281,59,135.0,3410.04,-1.06,False,,,,
9867,Barcelona,Anestesia,nou,0.346,59,,2223.12,,False,,,,
9892,Granada,Anestesia,perdut,0.335,174,,2223.12,,False,,,,
9893,Las Palmas,Anestesia,marginal,0.0,1796,,4546.72,,False,,,,
9908,Valladolid,Anestesia,perdut,0.198,166,,2223.12,,False,,,,
9939,Cáceres,Anestesia,fidel,1.076,27,268.8,2223.12,-1.27,False,,,,
9939,Cáceres,Bioseguridad,promiscu,0.732,27,187.2,1086.44,-2.14,False,,,,
9948,Alicante,Bioseguridad,perdut,0.724,189,,1667.34,,False,,,,
9961,Sta.Cruz Tenerife,Anestesia,perdut,0.0,593,,2223.12,,False,,,,
9967,Madrid,Anestesia,perdut,0.139,193,,2223.12,,False,,,,
9969,Orense,Bioseguridad,perdut,0.895,102,,1086.44,,False,,,,
9976,Pontevedra,Anestesia,perdut,0.0,676,,2223.12,,False,,,,
9980,A Coruña,Anestesia,fidel,1.287,53,242.3,2223.12,-4.2,False,,,,
9992,A Coruña,Anestesia,perdut,0.378,333,,4546.72,,False,,,,
10006,Alicante,Anestesia,perdut,0.405,221,,2223.12,,False,,,,
10008,Zamora,Anestesia,perdut,0.0,804,,2223.12,,False,,,,
10008,Zamora,Bioseguridad,nou,0.249,28,,1086.44,,False,,,,
10023,Madrid,Anestesia,fidel,1.162,41,284.2,1802.36,-1.72,False,,,,
10030,Barcelona,Anestesia,promiscu,0.531,55,238.1,2223.12,-1.57,False,,,,
10037,Navarra,Anestesia,marginal,0.041,185,,3410.04,,False,,,,
10038,Asturias,Anestesia,perdut,2.658,115,,2223.12,,False,,,,
10039,Córdoba,Anestesia,promiscu,0.679,80,213.5,2223.12,-1.43,False,,,,
10039,Córdoba,Bioseguridad,perdut,0.224,174,,1086.44,,False,,,,
10052,Sta.Cruz Tenerife,Anestesia,perdut,0.764,158,,4546.72,,False,,,,
10111,Navarra,Anestesia,promiscu,0.531,75,143.9,2223.12,-1.05,False,,,,
10111,Navarra,Bioseguridad,fidel,1.793,25,104.5,1086.44,-1.25,False,,,,
10115,Madrid,Anestesia,promiscu,0.298,83,156.3,3410.04,-0.72,False,,,,
10124,Sevilla,Anestesia,fidel,2.277,69,119.9,3410.04,-0.58,False,,,,
10124,Sevilla,Bioseguridad,perdut,0.0,1365,,1667.34,,False,,,,
10126,Alicante,Anestesia,promiscu,0.547,41,260.2,3410.04,-4.08,False,,,,
10189,Madrid,Anestesia,perdut,0.0,697,,2223.12,,False,,,,
10189,Madrid,Bioseguridad,perdut,0.0,741,,1086.44,,False,,,,
10202,Barcelona,Anestesia,fidel,2.426,18,112.4,2223.12,-1.28,False,,,,
10206,Madrid,Anestesia,perdut,0.235,115,,2223.12,,False,,,,
10217,Alicante,Anestesia,perdut,0.642,98,,3410.04,,False,,,,
10217,Alicante,Bioseguridad,perdut,0.0,397,,1667.34,,False,,,,
10226,Madrid,Anestesia,marginal,0.199,27,,2223.12,,False,,,,
10234,Las Palmas,Bioseguridad,perdut,0.273,152,,2223.12,,False,,,,
10244,Alicante,Anestesia,fidel,1.037,6,77.0,4546.72,-2.92,False,,,,
10255,Zaragoza,Anestesia,perdut,0.0,762,,2223.12,,False,,,,
10255,Zaragoza,Bioseguridad,fidel,0.878,41,133.9,1086.44,-1.4,False,,,,
10269,Girona,Anestesia,fidel,1.608,82,75.8,2223.12,0.35,False,,,,
10285,Burgos,Anestesia,perdut,0.168,290,,3410.04,,False,,,,
10285,Burgos,Bioseguridad,marginal,0.0,647,,1667.34,,False,,,,
10309,Valencia,Bioseguridad,marginal,0.0,990,,1667.34,,False,,,,
10312,Madrid,Anestesia,promiscu,0.491,53,248.0,2223.12,-2.02,False,,,,
10381,Sta.Cruz Tenerife,Anestesia,perdut,0.0,543,,2223.12,,False,,,,
10381,Sta.Cruz Tenerife,Bioseguridad,perdut,1.112,94,,1086.44,,False,,,,
10401,Sta.Cruz Tenerife,Anestesia,perdut,0.041,216,,2223.12,,False,,,,
10420,A Coruña,Anestesia,marginal,0.0,1516,,2223.12,,False,,,,
10440,Alicante,Anestesia,marginal,0.0,1508,,1802.36,,False,,,,
10444,Madrid,Anestesia,perdut,0.598,216,,2223.12,,False,,,,
10445,Madrid,Anestesia,perdut,0.165,236,,2223.12,,False,,,,
10445,Madrid,Bioseguridad,fidel,0.755,89,222.2,1086.44,-1.69,False,,,,
10449,Ciudad Real,Anestesia,perdut,0.768,151,,2223.12,,False,,,,
10451,Madrid,Anestesia,perdut,0.0,453,,2223.12,,False,,,,
10457,Vizcaya,Anestesia,perdut,0.0,934,,3410.04,,False,,,,
10457,Vizcaya,Bioseguridad,perdut,0.0,892,,1667.34,,False,,,,
10465,Vizcaya,Anestesia,marginal,0.161,56,,3410.04,,False,,,,
10468,Vizcaya,Bioseguridad,marginal,0.0,1075,,2223.12,,False,,,,
10483,Vizcaya,Bioseguridad,perdut,2.58,335,,879.2,,False,,,,
10485,Vizcaya,Anestesia,marginal,0.0,1322,,1802.36,,False,,,,
10494,Vizcaya,Anestesia,perdut,0.452,249,,2223.12,,False,,,,
10500,Vizcaya,Anestesia,perdut,0.0,410,,3410.04,,False,,,,
10500,Vizcaya,Bioseguridad,perdut,0.0,712,,1667.34,,False,,,,
10501,Vizcaya,Anestesia,perdut,0.0,486,,2223.12,,False,,,,
10501,Vizcaya,Bioseguridad,perdut,1.778,111,,1086.44,,False,,,,
10519,Vizcaya,Anestesia,perdut,0.0,707,,3410.04,,False,,,,
10519,Vizcaya,Bioseguridad,perdut,0.0,468,,1667.34,,False,,,,
10533,Vizcaya,Anestesia,perdut,0.0,1042,,2223.12,,False,,,,
10533,Vizcaya,Bioseguridad,perdut,0.0,629,,1086.44,,False,,,,
10536,Vizcaya,Anestesia,perdut,3.016,118,,2223.12,,False,,,,
10536,Vizcaya,Bioseguridad,nou,1.014,42,,1086.44,,False,,,,
10537,Vizcaya,Anestesia,perdut,0.41,285,,2223.12,,False,,,,
10537,Vizcaya,Bioseguridad,perdut,0.0,959,,1086.44,,False,,,,
10540,Vizcaya,Bioseguridad,marginal,0.0,957,,1086.44,,False,,,,
10544,Vizcaya,Anestesia,fidel,0.957,90,207.2,2223.12,-1.65,False,,,,
10544,Vizcaya,Bioseguridad,perdut,0.0,599,,1086.44,,False,,,,
10549,Vizcaya,Anestesia,fidel,0.753,41,199.5,3410.04,-2.17,False,,,,
10549,Vizcaya,Bioseguridad,perdut,0.0,411,,1667.34,,False,,,,
10604,Vizcaya,Anestesia,perdut,0.258,103,,3410.04,,False,,,,
10604,Vizcaya,Bioseguridad,marginal,0.0,986,,1667.34,,False,,,,
10639,Vizcaya,Anestesia,perdut,0.0,1335,,2223.12,,False,,,,
10639,Vizcaya,Bioseguridad,perdut,0.0,1335,,1086.44,,False,,,,
10697,Vizcaya,Anestesia,promiscu,0.635,90,247.0,3410.04,-1.84,False,,,,
10699,Vizcaya,Anestesia,perdut,0.627,307,,2223.12,,False,,,,
10699,Vizcaya,Bioseguridad,perdut,3.462,111,,1086.44,,False,,,,
10706,Zaragoza,Bioseguridad,marginal,0.0,1469,,1086.44,,False,,,,
10711,Zaragoza,Anestesia,perdut,0.231,237,,2223.12,,False,,,,
10711,Zaragoza,Bioseguridad,en_risc,0.298,279,,1086.44,,False,,,,
10745,Zaragoza,Anestesia,fidel,0.874,66,131.5,3410.04,-4.88,False,,,,
10756,Zaragoza,Anestesia,fidel,1.817,54,107.1,3410.04,-1.2,False,,,,
10756,Zaragoza,Bioseguridad,perdut,0.194,269,,1667.34,,False,,,,
10783,Zaragoza,Anestesia,perdut,0.246,342,,1802.36,,False,,,,
10791,Zaragoza,Bioseguridad,perdut,0.0,525,,2223.12,,False,,,,
10793,Zaragoza,Anestesia,perdut,0.737,105,,1802.36,,False,,,,
10793,Zaragoza,Bioseguridad,perdut,0.0,887,,879.2,,False,,,,
10826,Zaragoza,Anestesia,perdut,0.598,119,,2223.12,,False,,,,
10826,Zaragoza,Bioseguridad,perdut,0.298,181,,1086.44,,False,,,,
10832,Zaragoza,Bioseguridad,perdut,0.0,434,,1667.34,,False,,,,
10888,Vizcaya,Anestesia,marginal,0.0,937,,2223.12,,False,,,,
10899,Zamora,Anestesia,perdut,0.0,467,,1802.36,,False,,,,
10900,Zamora,Anestesia,promiscu,0.458,46,886.5,1802.36,-8.2,False,,,,
10908,Vizcaya,Anestesia,perdut,0.0,797,,2223.12,,False,,,,
10923,Vizcaya,Anestesia,perdut,0.262,249,,2223.12,,False,,,,
10927,Vizcaya,Anestesia,promiscu,0.703,42,100.4,4546.72,-1.08,False,,,,
10927,Vizcaya,Bioseguridad,perdut,0.644,193,,2223.12,,False,,,,
10928,Vizcaya,Anestesia,perdut,0.485,201,,3410.04,,False,,,,
10936,Vizcaya,Anestesia,perdut,0.0,1090,,2223.12,,False,,,,
10936,Vizcaya,Bioseguridad,marginal,0.0,1774,,1086.44,,False,,,,
10939,Vizcaya,Anestesia,perdut,0.0,1148,,1802.36,,False,,,,
10939,Vizcaya,Bioseguridad,marginal,0.0,931,,879.2,,False,,,,
10952,Zamora,Anestesia,perdut,0.0,1446,,1802.36,,False,,,,
10952,Zamora,Bioseguridad,perdut,0.23,173,,879.2,,False,,,,
10956,Girona,Anestesia,promiscu,0.586,54,362.5,3410.04,-3.67,False,,,,
10956,Girona,Bioseguridad,fidel,1.513,54,290.0,1667.34,-1.3,False,,,,
10958,Barcelona,Anestesia,promiscu,0.559,83,148.5,2223.12,-4.0,False,,,,
10978,Granada,Anestesia,perdut,0.0,1771,,2223.12,,False,,,,
10994,Valencia,Anestesia,fidel,1.334,11,148.1,4546.72,-2.4,False,,,,
10994,Valencia,Bioseguridad,perdut,0.0,381,,2223.12,,False,,,,
10996,Almería,Anestesia,perdut,0.325,196,,2223.12,,False,,,,
10997,Madrid,Anestesia,perdut,1.432,224,,2223.12,,False,,,,
11005,A Coruña,Anestesia,promiscu,0.431,28,246.2,1802.36,-1.97,False,,,,
11007,A Coruña,Anestesia,fidel,1.301,47,80.2,2223.12,-0.77,False,,,,
11014,Madrid,Anestesia,perdut,0.0,392,,2223.12,,False,,,,
11014,Madrid,Bioseguridad,perdut,0.298,206,,1086.44,,False,,,,
11020,Cantabria,Anestesia,perdut,0.702,194,,2223.12,,False,,,,
11038,Barcelona,Bioseguridad,perdut,0.0,1572,,1086.44,,False,,,,
11041,Asturias,Anestesia,perdut,0.465,314,,2223.12,,False,,,,
11041,Asturias,Bioseguridad,perdut,0.0,405,,1086.44,,False,,,,
11045,Madrid,Bioseguridad,fidel,1.669,32,60.7,1667.34,-0.68,False,,,,
11094,Vizcaya,Anestesia,perdut,0.0,773,,2223.12,,False,,,,
11094,Vizcaya,Bioseguridad,marginal,0.0,826,,1086.44,,False,,,,
11101,Zaragoza,Bioseguridad,perdut,0.522,159,,1086.44,,False,,,,
11117,Zaragoza,Bioseguridad,marginal,0.0,459,,1086.44,,False,,,,
11123,Zaragoza,Anestesia,en_risc,1.345,33,24.9,4546.72,0.66,True,caiguda_share,0.0,mitja,"Client en_risc de Anestesia (Share 12m: 134%). El seu cicle de compra és de 25 dies. Porta 33 dies sense comprar (8 dies de coll). Tenia share alt, però en els últims 3 mesos ha caigut substancialment."
11123,Zaragoza,Bioseguridad,fidel,1.795,33,34.6,2223.12,-0.12,False,,,,
11125,Zaragoza,Anestesia,perdut,0.84,209,,2223.12,,False,,,,
11125,Zaragoza,Bioseguridad,perdut,0.0,901,,1086.44,,False,,,,
11128,Zaragoza,Anestesia,perdut,1.108,96,,1802.36,,False,,,,
11130,Zaragoza,Anestesia,en_risc,0.668,32,89.0,3410.04,-1.67,True,caiguda_share,1130.43,mitja,"Client en_risc de Anestesia (Share 12m: 67%). El seu cicle de compra és de 89 dies. Porta 32 dies sense comprar (-57 dies de coll). Tenia share alt, però en els últims 3 mesos ha caigut substancialment."
11131,Zaragoza,Anestesia,perdut,1.334,210,,2223.12,,False,,,,
11137,Zaragoza,Anestesia,promiscu,0.649,27,311.5,2223.12,-0.83,False,,,,
11137,Zaragoza,Bioseguridad,fidel,0.922,27,,1086.44,,False,,,,
11154,Zaragoza,Anestesia,en_risc,0.558,48,115.3,3410.04,-1.8,True,caiguda_share,1507.9,mitja,"Client en_risc de Anestesia (Share 12m: 56%). El seu cicle de compra és de 115 dies. Porta 48 dies sense comprar (-67 dies de coll). Tenia share alt, però en els últims 3 mesos ha caigut substancialment."
11154,Zaragoza,Bioseguridad,marginal,0.0,1293,,1667.34,,False,,,,
11159,Zaragoza,Anestesia,marginal,0.0,1762,,5683.4,,False,,,,
11312,Asturias,Anestesia,perdut,0.192,318,,2223.12,,False,,,,
11344,Barcelona,Anestesia,fidel,0.788,24,125.5,2223.12,-1.26,False,,,,
11344,Barcelona,Bioseguridad,marginal,0.0,1795,,1086.44,,False,,,,
11348,Segovia,Anestesia,en_risc,0.531,41,93.2,5683.4,-0.97,True,caiguda_share,2663.0,mitja,"Client en_risc de Anestesia (Share 12m: 53%). El seu cicle de compra és de 93 dies. Porta 41 dies sense comprar (-52 dies de coll). Tenia share alt, però en els últims 3 mesos ha caigut substancialment."
11370,Barcelona,Anestesia,perdut,0.0,714,,2223.12,,False,,,,
11378,Burgos,Anestesia,perdut,1.194,131,,2223.12,,False,,,,
11378,Burgos,Bioseguridad,fidel,3.418,27,65.6,1086.44,-1.35,False,,,,
11379,Barcelona,Anestesia,perdut,0.0,1173,,2223.12,,False,,,,
11386,Almería,Anestesia,fidel,0.893,63,248.2,2223.12,-1.5,False,,,,
11386,Almería,Bioseguridad,fidel,1.181,27,195.2,1086.44,-1.27,False,,,,
11388,Madrid,Anestesia,en_risc,0.386,12,432.2,2223.12,-1.23,True,caiguda_share,1366.08,mitja,"Client en_risc de Anestesia (Share 12m: 39%). El seu cicle de compra és de 432 dies. Porta 12 dies sense comprar (-420 dies de coll). Tenia share alt, però en els últims 3 mesos ha caigut substancialment."
11388,Madrid,Bioseguridad,perdut,0.366,238,,1086.44,,False,,,,
11392,Navarra,Bioseguridad,perdut,0.278,182,,1086.44,,False,,,,
11402,Asturias,Anestesia,perdut,0.241,174,,4546.72,,False,,,,
11402,Asturias,Bioseguridad,perdut,0.0,538,,2223.12,,False,,,,
11406,León,Anestesia,perdut,0.0,1057,,4546.72,,False,,,,
11406,León,Bioseguridad,fidel,1.416,35,77.2,2223.12,-0.78,False,,,,
11409,Ciudad Real,Anestesia,promiscu,0.39,56,115.9,3410.04,-0.99,False,,,,
11409,Ciudad Real,Bioseguridad,perdut,0.858,91,,1667.34,,False,,,,
11414,Burgos,Anestesia,perdut,0.262,96,,1802.36,,False,,,,
11415,Valencia,Anestesia,en_risc,0.848,62,245.8,3410.04,-1.09,True,caiguda_share,519.49,mitja,"Client en_risc de Anestesia (Share 12m: 85%). El seu cicle de compra és de 246 dies. Porta 62 dies sense comprar (-184 dies de coll). Tenia share alt, però en els últims 3 mesos ha caigut substancialment."
11415,Valencia,Bioseguridad,perdut,0.0,573,,1667.34,,False,,,,
11426,Vizcaya,Anestesia,perdut,0.797,178,,2223.12,,False,,,,
11426,Vizcaya,Bioseguridad,fidel,2.364,26,139.4,1086.44,-1.51,False,,,,
11449,Girona,Anestesia,fidel,0.755,11,124.5,3410.04,-2.59,False,,,,
11453,Valladolid,Bioseguridad,fidel,0.82,46,401.2,1086.44,-2.84,False,,,,
11473,Sta.Cruz Tenerife,Anestesia,fidel,1.03,6,212.4,2223.12,-5.35,False,,,,
11479,Zaragoza,Anestesia,perdut,0.614,102,,1802.36,,False,,,,
11489,Madrid,Anestesia,marginal,0.0,1635,,2223.12,,False,,,,
11498,Málaga,Anestesia,perdut,0.0,405,,2223.12,,False,,,,
11516,Sta.Cruz Tenerife,Anestesia,promiscu,0.401,45,273.7,1802.36,-2.55,False,,,,
11516,Sta.Cruz Tenerife,Bioseguridad,marginal,0.0,1687,,879.2,,False,,,,
11518,Navarra,Anestesia,marginal,0.0,516,,2223.12,,False,,,,
11543,Madrid,Anestesia,perdut,0.0,1042,,2223.12,,False,,,,
11559,La Rioja,Anestesia,perdut,0.327,165,,3410.04,,False,,,,
11576,Málaga,Anestesia,marginal,0.0,1490,,4546.72,,False,,,,
11577,Sta.Cruz Tenerife,Anestesia,en_risc,0.745,11,104.3,3410.04,-1.31,True,caiguda_share,868.61,mitja,"Client en_risc de Anestesia (Share 12m: 75%). El seu cicle de compra és de 104 dies. Porta 11 dies sense comprar (-93 dies de coll). Tenia share alt, però en els últims 3 mesos ha caigut substancialment."
11577,Sta.Cruz Tenerife,Bioseguridad,promiscu,0.724,55,292.6,1667.34,-1.17,False,,,,
11592,Madrid,Anestesia,promiscu,0.446,59,74.0,3410.04,-0.4,False,,,,
11592,Madrid,Bioseguridad,perdut,0.603,97,,1667.34,,False,,,,
11601,Sta.Cruz Tenerife,Anestesia,perdut,0.33,250,,1802.36,,False,,,,
11608,Castellón,Anestesia,en_risc,0.689,19,81.7,4546.72,-2.0,True,caiguda_share,1414.32,mitja,"Client en_risc de Anestesia (Share 12m: 69%). El seu cicle de compra és de 82 dies. Porta 19 dies sense comprar (-63 dies de coll). Tenia share alt, però en els últims 3 mesos ha caigut substancialment."
11609,Sta.Cruz Tenerife,Anestesia,fidel,0.801,47,60.8,4546.72,-0.45,False,,,,
11642,Jaén,Anestesia,perdut,0.0,1664,,2223.12,,False,,,,
11664,Orense,Anestesia,perdut,0.654,250,,1802.36,,False,,,,
11667,Madrid,Anestesia,perdut,0.196,318,,3410.04,,False,,,,
11668,Girona,Anestesia,perdut,0.577,102,,2223.12,,False,,,,
11672,Lugo,Anestesia,perdut,0.76,105,,4546.72,,False,,,,
11682,Madrid,Anestesia,perdut,0.431,355,,1802.36,,False,,,,
11682,Madrid,Bioseguridad,perdut,0.0,621,,879.2,,False,,,,
11687,Córdoba,Anestesia,perdut,0.111,111,,3410.04,,False,,,,
11695,Córdoba,Anestesia,perdut,0.0,1476,,3410.04,,False,,,,
11712,Córdoba,Anestesia,perdut,0.36,342,,2223.12,,False,,,,
11721,Córdoba,Anestesia,perdut,0.0,588,,2223.12,,False,,,,
11728,Córdoba,Anestesia,perdut,0.3,333,,2223.12,,False,,,,
11736,Ciudad Real,Anestesia,perdut,0.0,537,,2223.12,,False,,,,
11760,Ciudad Real,Anestesia,perdut,0.975,236,,6820.08,,False,,,,
11760,Ciudad Real,Bioseguridad,perdut,0.425,144,,3334.68,,False,,,,
11761,Ciudad Real,Anestesia,promiscu,0.406,84,185.5,1802.36,-1.21,False,,,,
11803,Ciudad Real,Anestesia,perdut,1.23,105,,2223.12,,False,,,,
11803,Ciudad Real,Bioseguridad,perdut,0.366,105,,1086.44,,False,,,,
11827,Ciudad Real,Bioseguridad,marginal,0.0,1684,,1086.44,,False,,,,
11829,Ciudad Real,Anestesia,perdut,0.469,171,,2223.12,,False,,,,
11829,Ciudad Real,Bioseguridad,perdut,0.0,1140,,1086.44,,False,,,,
11841,Castellón,Anestesia,marginal,0.0,935,,3410.04,,False,,,,
11854,,Anestesia,marginal,0.0,1767,,2223.12,,False,,,,
11854,,Bioseguridad,perdut,0.0,621,,1086.44,,False,,,,
11866,Castellón,Bioseguridad,promiscu,0.715,28,427.8,1667.34,-2.77,False,,,,
11887,Castellón,Anestesia,perdut,0.0,682,,1802.36,,False,,,,
11890,Castellón,Anestesia,marginal,0.0,727,,2223.12,,False,,,,
11890,Castellón,Bioseguridad,perdut,0.0,747,,1086.44,,False,,,,
11895,Castellón,Anestesia,marginal,0.0,1579,,2223.12,,False,,,,
11895,Castellón,Bioseguridad,marginal,0.0,1579,,1086.44,,False,,,,
11905,Castellón,Anestesia,promiscu,0.688,67,77.1,2223.12,-0.22,False,,,,
11905,Castellón,Bioseguridad,perdut,0.0,762,,1086.44,,False,,,,
11907,Castellón,Bioseguridad,perdut,0.0,634,,1667.34,,False,,,,
11914,Castellón,Anestesia,fidel,0.806,69,211.4,3410.04,-1.36,False,,,,
11935,A Coruña,Anestesia,perdut,0.102,227,,4546.72,,False,,,,
11935,A Coruña,Bioseguridad,perdut,0.0,504,,2223.12,,False,,,,
11955,A Coruña,Anestesia,perdut,0.0,993,,2223.12,,False,,,,
11960,A Coruña,Anestesia,promiscu,0.344,41,329.8,2223.12,-1.27,False,,,,
11960,A Coruña,Bioseguridad,fidel,1.284,41,113.9,1086.44,-1.15,False,,,,
11981,A Coruña,Anestesia,perdut,0.392,206,,2223.12,,False,,,,
11990,A Coruña,Anestesia,perdut,1.108,108,,1802.36,,False,,,,
11990,A Coruña,Bioseguridad,perdut,0.737,108,,879.2,,False,,,,
11999,A Coruña,Anestesia,fidel,0.81,27,8.2,13640.16,1.44,False,,,,
11999,A Coruña,Bioseguridad,promiscu,0.656,27,12.6,6669.36,0.9,True,reposicio_endarrerida,2296.64,mitja,Client promiscu de Bioseguridad (Share 12m: 66%). El seu cicle de compra és de 13 dies. Porta 27 dies sense comprar (14 dies de coll). 
12002,A Coruña,Anestesia,perdut,0.346,115,,1802.36,,False,,,,
12002,A Coruña,Bioseguridad,perdut,0.452,216,,879.2,,False,,,,
12006,A Coruña,Anestesia,perdut,0.0,892,,1802.36,,False,,,,
12008,A Coruña,Anestesia,perdut,0.239,339,,1802.36,,False,,,,
12010,A Coruña,Anestesia,perdut,0.419,227,,1802.36,,False,,,,
12011,A Coruña,Anestesia,marginal,0.085,60,,2223.12,,False,,,,
12055,A Coruña,Anestesia,promiscu,0.514,40,217.0,2223.12,-5.81,False,,,,
12057,A Coruña,Anestesia,en_risc,0.701,63,44.5,4546.72,1.01,True,caiguda_share,1358.08,alta,"Client en_risc de Anestesia (Share 12m: 70%). El seu cicle de compra és de 44 dies. Porta 63 dies sense comprar (19 dies de coll). Tenia share alt, però en els últims 3 mesos ha caigut substancialment."
12070,A Coruña,Anestesia,perdut,0.0,376,,3410.04,,False,,,,
12070,A Coruña,Bioseguridad,marginal,0.0,671,,1667.34,,False,,,,
12072,A Coruña,Anestesia,perdut,0.0,705,,2223.12,,False,,,,
12072,A Coruña,Bioseguridad,marginal,0.0,1491,,1086.44,,False,,,,
12073,A Coruña,Anestesia,perdut,0.0,1320,,2223.12,,False,,,,
12100,A Coruña,Anestesia,perdut,0.0,712,,5683.4,,False,,,,
12100,A Coruña,Bioseguridad,perdut,0.0,712,,2778.9,,False,,,,
12109,A Coruña,Anestesia,marginal,0.102,47,,1802.36,,False,,,,
12115,A Coruña,Anestesia,marginal,0.0,1657,,2223.12,,False,,,,
12146,Córdoba,Anestesia,promiscu,0.351,61,293.0,2223.12,-3.04,False,,,,
12146,Córdoba,Bioseguridad,promiscu,0.372,89,541.7,1086.44,-1.58,False,,,,
12173,Córdoba,Anestesia,perdut,0.416,153,,3410.04,,False,,,,
12184,Girona,Anestesia,fidel,1.237,83,113.3,2223.12,-0.49,False,,,,
12205,Girona,Anestesia,perdut,0.0,1027,,2223.12,,False,,,,
12205,Girona,Bioseguridad,marginal,0.0,1431,,1086.44,,False,,,,
12209,Girona,Anestesia,perdut,0.574,207,,2223.12,,False,,,,
12209,Girona,Bioseguridad,perdut,0.549,326,,1086.44,,False,,,,
12213,Girona,Anestesia,perdut,0.531,262,,2223.12,,False,,,,
12221,Girona,Anestesia,perdut,0.0,791,,2223.12,,False,,,,
12223,Girona,Bioseguridad,fidel,1.208,61,174.3,1667.34,-2.04,False,,,,
12225,Girona,Anestesia,fidel,1.292,19,110.4,4546.72,-2.83,False,,,,
12251,Girona,Anestesia,perdut,0.566,234,,2223.12,,False,,,,
12284,A Coruña,Anestesia,perdut,0.165,126,,4546.72,,False,,,,
12295,A Coruña,Anestesia,perdut,0.39,272,,3410.04,,False,,,,
12295,A Coruña,Bioseguridad,perdut,0.954,194,,1667.34,,False,,,,
12306,A Coruña,Anestesia,perdut,0.173,116,,3410.04,,False,,,,
12306,A Coruña,Bioseguridad,perdut,0.238,116,,1667.34,,False,,,,
12319,Cuenca,Anestesia,perdut,0.405,278,,1802.36,,False,,,,
12324,Cuenca,Anestesia,perdut,0.442,118,,1802.36,,False,,,,
12324,Cuenca,Bioseguridad,marginal,0.0,1286,,879.2,,False,,,,
12329,A Coruña,Anestesia,perdut,0.179,269,,4546.72,,False,,,,
12329,A Coruña,Bioseguridad,perdut,0.0,1159,,2223.12,,False,,,,
12339,A Coruña,Anestesia,promiscu,0.566,67,571.7,2223.12,-1.45,False,,,,
12349,,Anestesia,marginal,0.197,11,,5683.4,,False,,,,
12372,A Coruña,Anestesia,marginal,0.111,19,,3410.04,,False,,,,
12372,A Coruña,Bioseguridad,marginal,0.194,19,,1667.34,,False,,,,
12381,A Coruña,Bioseguridad,perdut,0.0,1068,,2223.12,,False,,,,
12382,A Coruña,Anestesia,perdut,0.0,1489,,3410.04,,False,,,,
12382,A Coruña,Bioseguridad,perdut,0.194,194,,1667.34,,False,,,,
12419,A Coruña,Anestesia,perdut,0.0,1221,,2223.12,,False,,,,
12422,A Coruña,Anestesia,perdut,0.081,159,,4546.72,,False,,,,
12425,Granada,Anestesia,perdut,0.0,572,,2223.12,,False,,,,
12425,Granada,Bioseguridad,perdut,0.0,1134,,1086.44,,False,,,,
12432,Granada,Anestesia,perdut,0.0,1061,,2223.12,,False,,,,
12432,Granada,Bioseguridad,marginal,0.0,1676,,1086.44,,False,,,,
12435,Granada,Anestesia,perdut,0.902,118,,2223.12,,False,,,,
12440,Granada,Anestesia,fidel,2.391,5,203.9,2223.12,-1.22,False,,,,
12440,Granada,Bioseguridad,marginal,0.0,1365,,1086.44,,False,,,,
12472,Guadalajara,Bioseguridad,promiscu,0.572,67,170.1,1667.34,-0.93,False,,,,
12481,Granada,Anestesia,marginal,0.106,26,,3410.04,,False,,,,
12500,Granada,Anestesia,fidel,0.867,19,209.4,2223.12,-1.73,False,,,,
12500,Granada,Bioseguridad,perdut,0.671,308,,1086.44,,False,,,,
12504,Granada,Anestesia,fidel,0.85,63,153.8,2223.12,-0.92,False,,,,
12509,Granada,Anestesia,perdut,1.006,101,,2223.12,,False,,,,
12509,Granada,Bioseguridad,marginal,0.0,1775,,1086.44,,False,,,,
12515,Granada,Anestesia,perdut,0.559,172,,3410.04,,False,,,,
12520,Granada,Anestesia,perdut,0.242,245,,3410.04,,False,,,,
12520,Granada,Bioseguridad,perdut,0.0,479,,1667.34,,False,,,,
12525,Girona,Anestesia,fidel,0.779,52,288.3,3410.04,-2.0,False,,,,
12525,Girona,Bioseguridad,perdut,0.0,1474,,1667.34,,False,,,,
12537,Granada,Anestesia,perdut,0.0,1090,,1802.36,,False,,,,
12546,Granada,Anestesia,perdut,0.0,1510,,2223.12,,False,,,,
12555,Granada,Anestesia,promiscu,0.495,67,156.6,2223.12,-1.17,False,,,,
12557,Granada,Anestesia,nou,0.552,80,,2223.12,,False,,,,
12558,Granada,Anestesia,perdut,0.0,788,,2223.12,,False,,,,
12558,Granada,Bioseguridad,perdut,0.0,788,,1086.44,,False,,,,
12559,Granada,Anestesia,marginal,0.0,529,,2223.12,,False,,,,
12562,Granada,Anestesia,promiscu,0.348,25,559.7,2223.12,-1.27,False,,,,
12585,Girona,Anestesia,fidel,1.33,49,142.5,2223.12,-0.75,False,,,,
12585,Girona,Bioseguridad,perdut,0.0,879,,1086.44,,False,,,,
12588,Girona,Anestesia,perdut,0.381,112,,1802.36,,False,,,,
12602,Girona,Anestesia,perdut,0.0,857,,2223.12,,False,,,,
12602,Girona,Bioseguridad,marginal,0.0,1209,,1086.44,,False,,,,
12603,Girona,Anestesia,fidel,0.935,52,107.0,2223.12,-1.2,False,,,,
12603,Girona,Bioseguridad,fidel,1.108,87,122.8,1086.44,-0.76,False,,,,
12605,Girona,Anestesia,fidel,0.779,39,171.4,3410.04,-2.62,False,,,,
12605,Girona,Bioseguridad,promiscu,0.607,39,155.8,1667.34,-1.93,False,,,,
12673,Granada,Bioseguridad,perdut,0.0,825,,1086.44,,False,,,,
12690,Granada,Anestesia,perdut,0.0,425,,2223.12,,False,,,,
12690,Granada,Bioseguridad,marginal,0.0,1761,,1086.44,,False,,,,
12697,Granada,Bioseguridad,perdut,0.0,1116,,1086.44,,False,,,,
12727,Granada,Anestesia,perdut,0.262,348,,2223.12,,False,,,,
12744,Granada,Anestesia,promiscu,0.266,73,670.0,2223.12,-2.33,False,,,,
12744,Granada,Bioseguridad,perdut,0.0,924,,1086.44,,False,,,,
12746,Granada,Anestesia,perdut,0.598,108,,2223.12,,False,,,,
12746,Granada,Bioseguridad,perdut,0.373,108,,1086.44,,False,,,,
12755,Granada,Anestesia,perdut,0.239,206,,2223.12,,False,,,,
12755,Granada,Bioseguridad,marginal,0.0,572,,1086.44,,False,,,,
12798,Barcelona,Anestesia,perdut,0.574,159,,3410.04,,False,,,,
12798,Barcelona,Bioseguridad,perdut,0.0,1643,,1667.34,,False,,,,
12810,Barcelona,Anestesia,perdut,0.0,1146,,2223.12,,False,,,,
12810,Barcelona,Bioseguridad,marginal,0.0,1784,,1086.44,,False,,,,
12821,Barcelona,Anestesia,perdut,0.484,350,,2223.12,,False,,,,
12821,Barcelona,Bioseguridad,perdut,0.0,416,,1086.44,,False,,,,
12828,Barcelona,Anestesia,perdut,0.763,125,,2223.12,,False,,,,
12828,Barcelona,Bioseguridad,perdut,1.295,125,,1086.44,,False,,,,
12873,Barcelona,Anestesia,perdut,0.0,571,,2223.12,,False,,,,
12897,Barcelona,Anestesia,perdut,0.198,243,,2223.12,,False,,,,
12897,Barcelona,Bioseguridad,perdut,0.0,451,,1086.44,,False,,,,
12901,Barcelona,Anestesia,perdut,1.255,96,,2223.12,,False,,,,
12946,Barcelona,Anestesia,marginal,0.0,1335,,1802.36,,False,,,,
12952,Barcelona,Anestesia,promiscu,0.575,62,326.2,2223.12,-1.44,False,,,,
13020,Barcelona,Anestesia,perdut,0.227,327,,5683.4,,False,,,,
13020,Barcelona,Bioseguridad,perdut,0.189,327,,2778.9,,False,,,,
13031,Barcelona,Anestesia,marginal,0.2,67,,2223.12,,False,,,,
13031,Barcelona,Bioseguridad,perdut,0.746,236,,1086.44,,False,,,,
13042,Barcelona,Anestesia,perdut,0.0,1172,,2223.12,,False,,,,
13048,Barcelona,Anestesia,perdut,0.564,238,,1802.36,,False,,,,
13084,Barcelona,Bioseguridad,marginal,0.0,1440,,879.2,,False,,,,
13105,Barcelona,Anestesia,perdut,0.598,111,,2223.12,,False,,,,
13105,Barcelona,Bioseguridad,perdut,1.171,111,,1086.44,,False,,,,
13107,Barcelona,Anestesia,perdut,0.203,272,,1802.36,,False,,,,
13117,Barcelona,Anestesia,perdut,0.0,753,,2223.12,,False,,,,
13146,Barcelona,Anestesia,perdut,0.0,594,,2223.12,,False,,,,
13152,Barcelona,Anestesia,perdut,0.237,333,,1802.36,,False,,,,
13162,Barcelona,Anestesia,perdut,0.0,1476,,2223.12,,False,,,,
13173,Barcelona,Anestesia,perdut,1.48,94,,2223.12,,False,,,,
13173,Barcelona,Bioseguridad,perdut,1.621,125,,1086.44,,False,,,,
13213,Barcelona,Anestesia,perdut,0.0,1636,,1802.36,,False,,,,
13219,Barcelona,Anestesia,perdut,0.0,901,,1802.36,,False,,,,
13219,Barcelona,Bioseguridad,perdut,0.0,810,,879.2,,False,,,,
13275,Barcelona,Anestesia,marginal,0.114,80,,1802.36,,False,,,,
13280,Barcelona,Anestesia,marginal,0.0,455,,4546.72,,False,,,,
13287,Barcelona,Anestesia,fidel,1.656,42,38.5,2223.12,0.11,False,,,,
13297,Barcelona,Anestesia,perdut,0.315,355,,3410.04,,False,,,,
13297,Barcelona,Bioseguridad,perdut,0.0,482,,1667.34,,False,,,,
13298,Barcelona,Anestesia,perdut,0.0,651,,2223.12,,False,,,,
13299,Barcelona,Anestesia,fidel,0.768,46,118.1,3410.04,-0.9,False,,,,
13299,Barcelona,Bioseguridad,perdut,0.477,291,,1667.34,,False,,,,
13302,Barcelona,Anestesia,perdut,0.418,215,,1802.36,,False,,,,
13322,Barcelona,Anestesia,perdut,0.402,279,,2223.12,,False,,,,
13332,Barcelona,Anestesia,fidel,1.48,61,108.9,2223.12,-1.01,False,,,,
13332,Barcelona,Bioseguridad,promiscu,0.512,61,145.2,1086.44,-1.07,False,,,,
13358,Barcelona,Anestesia,perdut,0.481,102,,1802.36,,False,,,,
13416,Barcelona,Anestesia,perdut,0.742,126,,2223.12,,False,,,,
13417,Barcelona,Anestesia,perdut,0.319,189,,2223.12,,False,,,,
13417,Barcelona,Bioseguridad,perdut,0.5,248,,1086.44,,False,,,,
13420,Barcelona,Anestesia,perdut,0.198,209,,2223.12,,False,,,,
13420,Barcelona,Bioseguridad,perdut,0.293,208,,1086.44,,False,,,,
13422,Barcelona,Anestesia,perdut,0.0,1426,,1802.36,,False,,,,
13425,Barcelona,Anestesia,perdut,0.953,118,,2223.12,,False,,,,
13425,Barcelona,Bioseguridad,fidel,4.474,14,120.1,1086.44,-3.63,False,,,,
13432,Barcelona,Anestesia,perdut,0.0,558,,1802.36,,False,,,,
13444,Barcelona,Anestesia,perdut,0.0,605,,1802.36,,False,,,,
13444,Barcelona,Bioseguridad,perdut,0.0,773,,879.2,,False,,,,
13464,Barcelona,Anestesia,perdut,0.0,1410,,2223.12,,False,,,,
13464,Barcelona,Bioseguridad,promiscu,0.373,28,,1086.44,,False,,,,
13492,Barcelona,Anestesia,marginal,0.0,823,,1802.36,,False,,,,
13543,Cáceres,Anestesia,perdut,0.0,706,,2223.12,,False,,,,
13548,Cáceres,Anestesia,perdut,0.0,1060,,2223.12,,False,,,,
13550,Cáceres,Anestesia,perdut,0.0,571,,1802.36,,False,,,,
13583,Burgos,Anestesia,perdut,0.495,294,,2223.12,,False,,,,
13588,Burgos,Anestesia,fidel,0.822,39,195.8,2223.12,-1.36,False,,,,
13594,Burgos,Anestesia,perdut,0.0,571,,2223.12,,False,,,,
13594,Burgos,Bioseguridad,perdut,0.0,651,,1086.44,,False,,,,
13597,Burgos,Anestesia,marginal,0.0,1795,,1802.36,,False,,,,
13597,Burgos,Bioseguridad,marginal,0.0,1795,,879.2,,False,,,,
13599,Barcelona,Anestesia,promiscu,0.596,27,85.0,4546.72,-1.52,False,,,,
13599,Barcelona,Bioseguridad,promiscu,0.736,27,86.5,2223.12,-1.22,False,,,,
13607,Barcelona,Anestesia,promiscu,0.319,39,492.3,1802.36,-3.13,False,,,,
13607,Barcelona,Bioseguridad,marginal,0.0,1693,,879.2,,False,,,,
13610,Barcelona,Anestesia,perdut,0.775,91,,1802.36,,False,,,,
13629,Burgos,Anestesia,promiscu,0.586,46,251.4,3410.04,-0.81,False,,,,
13650,Barcelona,Anestesia,perdut,0.462,294,,2223.12,,False,,,,
13650,Barcelona,Bioseguridad,fidel,1.556,70,226.7,1086.44,-2.71,False,,,,
13666,Barcelona,Anestesia,promiscu,0.585,28,172.5,2223.12,-1.77,False,,,,
13672,Barcelona,Anestesia,promiscu,0.636,25,179.5,3410.04,-1.24,False,,,,
13675,Barcelona,Anestesia,marginal,0.0,1733,,2223.12,,False,,,,
13684,Barcelona,Anestesia,marginal,0.0,1711,,2223.12,,False,,,,
13685,Barcelona,Anestesia,perdut,0.0,761,,2223.12,,False,,,,
13701,Barcelona,Anestesia,perdut,0.0,794,,2223.12,,False,,,,
13701,Barcelona,Bioseguridad,perdut,0.0,794,,1086.44,,False,,,,
13702,Barcelona,Anestesia,perdut,0.0,1697,,1802.36,,False,,,,
13739,Barcelona,Anestesia,perdut,0.04,312,,2223.12,,False,,,,
13739,Barcelona,Bioseguridad,marginal,0.0,1026,,1086.44,,False,,,,
13806,Cádiz,Anestesia,perdut,1.429,118,,2223.12,,False,,,,
13806,Cádiz,Bioseguridad,perdut,0.298,118,,1086.44,,False,,,,
13810,Cádiz,Anestesia,perdut,0.402,234,,2223.12,,False,,,,
13822,Cádiz,Anestesia,perdut,0.0,521,,18186.88,,False,,,,
13844,Cádiz,Anestesia,perdut,0.371,231,,2223.12,,False,,,,
13860,Cádiz,Anestesia,fidel,1.295,19,192.0,2223.12,-3.46,False,,,,
13879,Cádiz,Anestesia,perdut,0.672,171,,2223.12,,False,,,,
13894,Sevilla,Anestesia,perdut,0.0,697,,3410.04,,False,,,,
13902,Cádiz,Bioseguridad,marginal,0.0,1775,,1086.44,,False,,,,
13912,Cádiz,Anestesia,promiscu,0.351,74,180.7,2223.12,-3.44,False,,,,
13915,Cádiz,Bioseguridad,fidel,1.192,38,69.8,1667.34,-1.95,False,,,,
13918,Cádiz,Anestesia,promiscu,0.302,28,277.0,4546.72,-2.55,False,,,,
13938,Cádiz,Anestesia,perdut,0.34,214,,2223.12,,False,,,,
13947,Cáceres,Bioseguridad,marginal,0.0,1704,,1086.44,,False,,,,
13953,Cáceres,Anestesia,perdut,1.286,91,,2223.12,,False,,,,
13953,Cáceres,Bioseguridad,perdut,0.245,104,,1086.44,,False,,,,
13961,Cáceres,Anestesia,perdut,0.572,230,,2223.12,,False,,,,
13961,Cáceres,Bioseguridad,fidel,0.798,74,376.5,1086.44,-1.14,False,,,,
13991,Albacete,Anestesia,perdut,0.306,210,,3410.04,,False,,,,
13993,Albacete,Anestesia,perdut,0.0,593,,2223.12,,False,,,,
14002,Albacete,Anestesia,perdut,0.0,615,,2223.12,,False,,,,
14002,Albacete,Bioseguridad,perdut,0.0,620,,1086.44,,False,,,,
14016,,Anestesia,marginal,0.0,1793,,2223.12,,False,,,,
14017,Albacete,Anestesia,perdut,0.0,1286,,2223.12,,False,,,,
14017,Albacete,Bioseguridad,marginal,0.0,1532,,1086.44,,False,,,,
14025,Alicante,Bioseguridad,en_risc,0.286,236,,1667.34,,False,,,,
14039,Álava,Anestesia,perdut,0.635,217,,1802.36,,False,,,,
14063,Álava,Anestesia,perdut,0.582,307,,2223.12,,False,,,,
14078,Albacete,Bioseguridad,marginal,0.0,384,,2223.12,,False,,,,
14083,Albacete,Anestesia,marginal,0.028,55,,2223.12,,False,,,,
14156,Ciudad Real,Anestesia,fidel,0.961,7,256.9,3410.04,-2.14,False,,,,
14156,Ciudad Real,Bioseguridad,perdut,0.0,467,,1667.34,,False,,,,
14170,Teruel,Anestesia,perdut,0.0,1400,,2223.12,,False,,,,
14200,Barcelona,Anestesia,perdut,0.133,110,,2223.12,,False,,,,
14240,Alicante,Anestesia,perdut,0.246,293,,1802.36,,False,,,,
14244,Alicante,Anestesia,promiscu,0.675,25,92.5,3410.04,-1.73,False,,,,
14244,Alicante,Bioseguridad,perdut,1.166,104,,1667.34,,False,,,,
14268,Alicante,Anestesia,perdut,0.0,1711,,2223.12,,False,,,,
14296,Alicante,Anestesia,perdut,0.0,959,,3410.04,,False,,,,
14296,Alicante,Bioseguridad,perdut,0.0,1398,,1667.34,,False,,,,
14319,Alicante,Anestesia,perdut,0.0,515,,3410.04,,False,,,,
14356,Alicante,Anestesia,perdut,0.075,161,,2223.12,,False,,,,
14357,Alicante,Anestesia,promiscu,0.592,35,60.8,3410.04,-0.54,False,,,,
14357,Alicante,Bioseguridad,marginal,0.061,160,,1667.34,,False,,,,
14363,Alicante,Anestesia,perdut,0.0,1643,,2223.12,,False,,,,
14372,Alicante,Anestesia,perdut,1.126,111,,2223.12,,False,,,,
14398,Alicante,Anestesia,fidel,0.995,46,227.7,3410.04,-0.87,False,,,,
14408,Alicante,Anestesia,promiscu,0.693,17,303.3,3410.04,-6.52,False,,,,
14485,Barcelona,Bioseguridad,perdut,1.185,117,,1086.44,,False,,,,
14490,Barcelona,Anestesia,perdut,0.0,1190,,2223.12,,False,,,,
14495,Barcelona,Anestesia,marginal,0.0,1476,,1802.36,,False,,,,
14495,Barcelona,Bioseguridad,marginal,0.0,1726,,879.2,,False,,,,
14519,Badajoz,Anestesia,perdut,0.518,130,,2223.12,,False,,,,
14522,Badajoz,Anestesia,perdut,0.0,406,,2223.12,,False,,,,
14557,Ávila,Anestesia,perdut,0.386,283,,2223.12,,False,,,,
14557,Ávila,Bioseguridad,perdut,0.746,283,,1086.44,,False,,,,
14565,Badajoz,Anestesia,perdut,0.0,599,,2223.12,,False,,,,
14592,Badajoz,Anestesia,perdut,0.0,913,,2223.12,,False,,,,
14592,Badajoz,Bioseguridad,perdut,0.0,880,,1086.44,,False,,,,
14593,Badajoz,Anestesia,perdut,0.0,1222,,2223.12,,False,,,,
14608,Almería,Bioseguridad,perdut,0.0,1110,,1667.34,,False,,,,
14613,Málaga,Bioseguridad,nou,0.507,69,,1667.34,,False,,,,
14617,Almería,Anestesia,fidel,1.305,26,240.0,2223.12,-1.11,False,,,,
14617,Almería,Bioseguridad,perdut,0.0,1292,,1086.44,,False,,,,
14619,Almería,Anestesia,promiscu,0.423,66,283.5,2223.12,-2.89,False,,,,
14622,Almería,Anestesia,perdut,0.0,917,,2223.12,,False,,,,
14622,Almería,Bioseguridad,perdut,1.464,98,,1086.44,,False,,,,
14628,Almería,Anestesia,promiscu,0.531,45,196.0,2223.12,-4.15,False,,,,
14635,Ávila,Anestesia,en_risc,0.637,5,160.4,1802.36,-2.12,True,caiguda_share,653.59,mitja,"Client en_risc de Anestesia (Share 12m: 64%). El seu cicle de compra és de 160 dies. Porta 5 dies sense comprar (-155 dies de coll). Tenia share alt, però en els últims 3 mesos ha caigut substancialment."
14635,Ávila,Bioseguridad,perdut,1.374,201,,879.2,,False,,,,
14644,Ávila,Anestesia,perdut,0.737,287,,1802.36,,False,,,,
14653,Almería,Anestesia,perdut,0.0,431,,3410.04,,False,,,,
14653,Almería,Bioseguridad,perdut,0.0,1201,,1667.34,,False,,,,
14657,Almería,Anestesia,perdut,0.0,689,,1802.36,,False,,,,
14660,Almería,Anestesia,en_risc,0.598,110,,2223.12,,False,,,,
14664,Almería,Anestesia,perdut,0.0,557,,2223.12,,False,,,,
14664,Almería,Bioseguridad,perdut,0.0,749,,1086.44,,False,,,,
14674,Almería,Anestesia,promiscu,0.485,12,260.0,3410.04,-2.66,False,,,,
14674,Almería,Bioseguridad,en_risc,1.912,38,56.3,1667.34,-0.87,True,caiguda_share,0.0,mitja,"Client en_risc de Bioseguridad (Share 12m: 191%). El seu cicle de compra és de 56 dies. Porta 38 dies sense comprar (-18 dies de coll). Tenia share alt, però en els últims 3 mesos ha caigut substancialment."
14678,Almería,Anestesia,promiscu,0.58,49,109.8,2223.12,-0.99,False,,,,
14678,Almería,Bioseguridad,perdut,0.0,1211,,1086.44,,False,,,,
14682,Almería,Anestesia,nou,0.085,26,,2223.12,,False,,,,
14682,Almería,Bioseguridad,promiscu,0.552,26,254.9,1086.44,-1.39,False,,,,
14685,Almería,Anestesia,promiscu,0.482,54,215.2,2223.12,-1.3,False,,,,
14685,Almería,Bioseguridad,perdut,0.732,313,,1086.44,,False,,,,
14687,Almería,Anestesia,marginal,0.0,1522,,2223.12,,False,,,,
14687,Almería,Bioseguridad,perdut,0.0,1007,,1086.44,,False,,,,
14697,Almería,Anestesia,fidel,1.791,88,202.5,2223.12,-1.29,False,,,,
14697,Almería,Bioseguridad,promiscu,0.732,88,207.4,1086.44,-1.18,False,,,,
14713,Barcelona,Anestesia,promiscu,0.34,26,309.6,2223.12,-2.67,False,,,,
14713,Barcelona,Bioseguridad,nou,0.061,26,,1086.44,,False,,,,
14749,Barcelona,Anestesia,perdut,0.0,1116,,1802.36,,False,,,,
14754,Barcelona,Bioseguridad,perdut,0.0,1621,,1086.44,,False,,,,
14773,Barcelona,Anestesia,promiscu,0.628,25,247.0,2223.12,-2.3,False,,,,
14773,Barcelona,Bioseguridad,perdut,0.0,437,,1086.44,,False,,,,
14774,Barcelona,Anestesia,perdut,0.0,846,,2223.12,,False,,,,
14774,Barcelona,Bioseguridad,marginal,0.0,1804,,1086.44,,False,,,,
14813,Barcelona,Anestesia,perdut,0.0,1155,,2223.12,,False,,,,
14832,Barcelona,Anestesia,perdut,0.788,117,,1802.36,,False,,,,
14832,Barcelona,Bioseguridad,perdut,1.293,117,,879.2,,False,,,,
14837,Barcelona,Anestesia,perdut,0.319,278,,2223.12,,False,,,,
14837,Barcelona,Bioseguridad,perdut,0.512,200,,1086.44,,False,,,,
14849,Barcelona,Anestesia,perdut,0.0,571,,4546.72,,False,,,,
14849,Barcelona,Bioseguridad,marginal,0.215,12,,2223.12,,False,,,,
14913,Barcelona,Anestesia,perdut,0.0,1510,,2223.12,,False,,,,
14913,Barcelona,Bioseguridad,marginal,0.0,1622,,1086.44,,False,,,,
14918,Barcelona,Anestesia,perdut,0.231,301,,2223.12,,False,,,,
14970,Barcelona,Anestesia,perdut,0.0,928,,2223.12,,False,,,,
14986,Barcelona,Anestesia,perdut,0.0,535,,1802.36,,False,,,,
14990,Barcelona,Anestesia,fidel,0.859,35,288.0,1802.36,-2.16,False,,,,
15006,Barcelona,Anestesia,perdut,0.0,768,,2223.12,,False,,,,
15006,Barcelona,Bioseguridad,perdut,0.439,245,,1086.44,,False,,,,
15008,Barcelona,Anestesia,perdut,0.0,572,,2223.12,,False,,,,
15026,Barcelona,Anestesia,perdut,0.0,712,,2223.12,,False,,,,
15032,Barcelona,Bioseguridad,perdut,0.522,118,,1086.44,,False,,,,
15049,Barcelona,Anestesia,perdut,0.174,115,,2223.12,,False,,,,
15067,Barcelona,Anestesia,perdut,0.0,1636,,3410.04,,False,,,,
15094,Barcelona,Anestesia,marginal,0.0,769,,3410.04,,False,,,,
15094,Barcelona,Bioseguridad,marginal,0.0,769,,1667.34,,False,,,,
15098,Barcelona,Anestesia,promiscu,0.486,25,109.4,2223.12,-1.41,False,,,,
15098,Barcelona,Bioseguridad,marginal,0.245,82,,1086.44,,False,,,,
15167,Barcelona,Anestesia,promiscu,0.597,46,372.8,2223.12,-2.81,False,,,,
15186,Barcelona,Anestesia,perdut,0.0,584,,1802.36,,False,,,,
15196,Sta.Cruz Tenerife,Anestesia,promiscu,0.606,33,24.0,4546.72,0.48,True,reposicio_endarrerida,1792.92,mitja,Client promiscu de Anestesia (Share 12m: 61%). El seu cicle de compra és de 24 dies. Porta 33 dies sense comprar (9 dies de coll). 
15196,Sta.Cruz Tenerife,Bioseguridad,fidel,0.957,33,56.8,2223.12,-0.79,False,,,,
15205,Burgos,Anestesia,perdut,0.638,117,,2223.12,,False,,,,
15205,Burgos,Bioseguridad,fidel,2.476,26,121.5,1086.44,-1.67,False,,,,
15208,Asturias,Anestesia,perdut,0.923,96,,3410.04,,False,,,,
15227,Almería,Anestesia,perdut,0.0,1579,,2223.12,,False,,,,
15249,Madrid,Anestesia,perdut,0.318,327,,1802.36,,False,,,,
15255,Guadalajara,Anestesia,perdut,0.274,333,,2223.12,,False,,,,
15264,Cáceres,Anestesia,perdut,0.598,189,,2223.12,,False,,,,
15264,Cáceres,Bioseguridad,perdut,0.366,189,,1086.44,,False,,,,
15327,León,Bioseguridad,perdut,0.0,385,,1086.44,,False,,,,
15330,Madrid,Bioseguridad,perdut,0.456,265,,879.2,,False,,,,
15331,Murcia,Bioseguridad,perdut,0.0,1573,,1086.44,,False,,,,
15351,Sta.Cruz Tenerife,Anestesia,en_risc,0.484,55,62.5,5683.4,-0.35,True,caiguda_share,2934.95,mitja,"Client en_risc de Anestesia (Share 12m: 48%). El seu cicle de compra és de 62 dies. Porta 55 dies sense comprar (-7 dies de coll). Tenia share alt, però en els últims 3 mesos ha caigut substancialment."
15351,Sta.Cruz Tenerife,Bioseguridad,perdut,0.0,375,,2778.9,,False,,,,
15369,Alicante,Anestesia,perdut,0.132,206,,3410.04,,False,,,,
15383,Ciudad Real,Anestesia,promiscu,0.59,5,506.0,2223.12,-1.28,False,,,,
15384,Barcelona,Anestesia,en_risc,1.302,67,58.5,7956.76,0.32,True,caiguda_share,0.0,mitja,"Client en_risc de Anestesia (Share 12m: 130%). El seu cicle de compra és de 58 dies. Porta 67 dies sense comprar (9 dies de coll). Tenia share alt, però en els últims 3 mesos ha caigut substancialment."
15384,Barcelona,Bioseguridad,promiscu,0.47,27,84.3,3890.46,-0.8,False,,,,
15394,Murcia,Anestesia,perdut,0.0,846,,1802.36,,False,,,,
15396,Pontevedra,Anestesia,perdut,0.079,96,,1802.36,,False,,,,
15396,Pontevedra,Bioseguridad,perdut,0.0,773,,879.2,,False,,,,
15421,Alicante,Anestesia,perdut,0.0,398,,3410.04,,False,,,,
15432,Madrid,Anestesia,perdut,0.0,685,,3410.04,,False,,,,
15442,Almería,Anestesia,perdut,0.131,105,,3410.04,,False,,,,
15442,Almería,Bioseguridad,perdut,1.058,105,,1667.34,,False,,,,
15443,Valencia,Anestesia,perdut,0.0,1372,,3410.04,,False,,,,
15451,Barcelona,Bioseguridad,promiscu,0.559,41,159.1,1086.44,-1.8,False,,,,
15452,Madrid,Anestesia,promiscu,0.35,62,207.9,2223.12,-1.06,False,,,,
15459,Girona,Anestesia,fidel,1.195,60,157.2,2223.12,-1.61,False,,,,
15459,Girona,Bioseguridad,fidel,3.082,18,151.6,1086.44,-1.8,False,,,,
15484,Madrid,Anestesia,perdut,0.387,95,,2223.12,,False,,,,
15484,Madrid,Bioseguridad,perdut,0.439,286,,1086.44,,False,,,,
15499,Castellón,Anestesia,promiscu,0.703,27,103.6,2223.12,-1.12,False,,,,
15504,Almería,Anestesia,perdut,0.0,691,,2223.12,,False,,,,
15504,Almería,Bioseguridad,perdut,0.0,1162,,1086.44,,False,,,,
15511,Barcelona,Anestesia,perdut,0.0,572,,2223.12,,False,,,,
15523,Madrid,Bioseguridad,perdut,0.0,1725,,1667.34,,False,,,,
15557,Madrid,Anestesia,perdut,0.797,215,,1802.36,,False,,,,
15557,Madrid,Bioseguridad,fidel,0.995,20,251.8,879.2,-2.46,False,,,,
15569,Valladolid,Anestesia,perdut,0.0,711,,2223.12,,False,,,,
15573,Ciudad Real,Anestesia,promiscu,0.656,41,73.7,2223.12,-0.81,False,,,,
15573,Ciudad Real,Bioseguridad,perdut,0.0,367,,1086.44,,False,,,,
15574,Madrid,Anestesia,fidel,1.101,7,99.4,3410.04,-2.31,False,,,,
15574,Madrid,Bioseguridad,fidel,3.725,38,52.0,1667.34,-0.52,False,,,,
15576,Burgos,Anestesia,perdut,0.0,1793,,2223.12,,False,,,,
15577,Vizcaya,Anestesia,perdut,0.577,208,,2223.12,,False,,,,
15578,Madrid,Anestesia,promiscu,0.405,32,69.2,3410.04,-1.28,False,,,,
15578,Madrid,Bioseguridad,promiscu,0.389,67,275.5,1667.34,-2.82,False,,,,
15587,Sevilla,Anestesia,perdut,0.492,213,,3410.04,,False,,,,
15612,Madrid,Anestesia,perdut,0.0,936,,2223.12,,False,,,,
15612,Madrid,Bioseguridad,perdut,0.0,1372,,1086.44,,False,,,,
15632,Vizcaya,Anestesia,perdut,0.0,1109,,1802.36,,False,,,,
15638,Madrid,Anestesia,promiscu,0.294,28,238.8,2223.12,-0.66,False,,,,
15644,Barcelona,Anestesia,promiscu,0.325,89,293.6,2223.12,-4.08,False,,,,
15647,Baleares,Anestesia,perdut,0.845,165,,2223.12,,False,,,,
15651,Alicante,Anestesia,perdut,0.156,171,,1802.36,,False,,,,
15652,Almería,Anestesia,fidel,1.18,55,114.8,2223.12,-1.16,False,,,,
15652,Almería,Bioseguridad,en_risc,3.701,55,62.8,1086.44,-0.27,True,caiguda_share,0.0,mitja,"Client en_risc de Bioseguridad (Share 12m: 370%). El seu cicle de compra és de 63 dies. Porta 55 dies sense comprar (-8 dies de coll). Tenia share alt, però en els últims 3 mesos ha caigut substancialment."
15670,Madrid,Anestesia,fidel,0.942,76,147.5,2223.12,-0.95,False,,,,
15670,Madrid,Bioseguridad,fidel,1.333,76,101.1,1086.44,-0.46,False,,,,
15684,A Coruña,Anestesia,marginal,0.027,178,,3410.04,,False,,,,
15783,Alicante,Anestesia,marginal,0.0,1116,,2223.12,,False,,,,
15786,Almería,Anestesia,perdut,1.271,111,,1802.36,,False,,,,
15786,Almería,Bioseguridad,marginal,0.23,174,,879.2,,False,,,,
15819,Madrid,Anestesia,perdut,0.539,94,,4546.72,,False,,,,
15828,Salamanca,Bioseguridad,fidel,1.334,75,218.6,1086.44,-0.87,False,,,,
15830,Valencia,Anestesia,fidel,1.063,54,216.1,2223.12,-1.44,False,,,,
15830,Valencia,Bioseguridad,marginal,0.0,634,,1086.44,,False,,,,
15855,Murcia,Anestesia,perdut,0.0,686,,2223.12,,False,,,,
15888,Zaragoza,Anestesia,perdut,0.0,605,,6820.08,,False,,,,
15965,Sta.Cruz Tenerife,Anestesia,perdut,0.0,1172,,1802.36,,False,,,,
15999,Madrid,Anestesia,perdut,0.0,399,,2223.12,,False,,,,
15999,Madrid,Bioseguridad,perdut,0.0,629,,1086.44,,False,,,,
16055,Madrid,Bioseguridad,promiscu,0.724,74,70.7,1667.34,0.04,True,reposicio_endarrerida,459.7,mitja,Client promiscu de Bioseguridad (Share 12m: 72%). El seu cicle de compra és de 71 dies. Porta 74 dies sense comprar (3 dies de coll). 
16074,Madrid,Anestesia,promiscu,0.398,33,,2223.12,,False,,,,
16074,Madrid,Bioseguridad,perdut,1.464,213,,1086.44,,False,,,,
16109,León,Bioseguridad,fidel,0.763,68,90.0,1667.34,-0.46,False,,,,
16150,Baleares,Anestesia,perdut,0.0,1410,,1.0,,False,,,,
16167,Barcelona,Anestesia,marginal,0.0,1634,,2223.12,,False,,,,
16213,Jaén,Anestesia,perdut,0.0,1697,,2223.12,,False,,,,
16213,Jaén,Bioseguridad,perdut,0.0,1371,,1086.44,,False,,,,
16235,Madrid,Anestesia,perdut,0.203,96,,11366.8,,False,,,,
16253,Barcelona,Anestesia,perdut,0.0,1196,,2223.12,,False,,,,
16266,Cantabria,Anestesia,perdut,0.825,301,,2223.12,,False,,,,
16284,Madrid,Anestesia,perdut,0.0,411,,2223.12,,False,,,,
16284,Madrid,Bioseguridad,perdut,0.0,573,,1086.44,,False,,,,
16304,A Coruña,Anestesia,perdut,0.0,437,,2223.12,,False,,,,
16372,Navarra,Anestesia,perdut,0.0,643,,1802.36,,False,,,,
16435,Girona,Bioseguridad,marginal,0.0,410,,1667.34,,False,,,,
16613,A Coruña,Bioseguridad,perdut,0.0,551,,1667.34,,False,,,,
16640,Palencia,Anestesia,perdut,0.0,413,,2223.12,,False,,,,
16640,Palencia,Bioseguridad,perdut,0.0,1138,,1086.44,,False,,,,
16680,Madrid,Anestesia,perdut,0.228,238,,1802.36,,False,,,,
16680,Madrid,Bioseguridad,perdut,0.0,560,,879.2,,False,,,,
16694,Madrid,Anestesia,marginal,0.085,292,,2223.12,,False,,,,
16694,Madrid,Bioseguridad,fidel,6.124,46,70.1,1086.44,-0.75,False,,,,
16701,Madrid,Anestesia,promiscu,0.656,32,348.4,2223.12,-1.31,False,,,,
16701,Madrid,Bioseguridad,promiscu,0.746,32,696.5,1086.44,-1.17,False,,,,
16706,Madrid,Anestesia,perdut,0.505,248,,2223.12,,False,,,,
16737,Madrid,Anestesia,perdut,0.582,110,,3410.04,,False,,,,
16737,Madrid,Bioseguridad,marginal,0.0,1435,,1667.34,,False,,,,
16742,Madrid,Anestesia,perdut,0.205,215,,2223.12,,False,,,,
16742,Madrid,Bioseguridad,perdut,0.839,215,,1086.44,,False,,,,
16752,Málaga,Anestesia,fidel,1.741,12,49.5,2223.12,-1.31,False,,,,
16752,Málaga,Bioseguridad,fidel,2.234,12,128.4,1086.44,-1.27,False,,,,
16754,Barcelona,Anestesia,perdut,0.425,178,,2223.12,,False,,,,
16754,Barcelona,Bioseguridad,perdut,0.0,1137,,1086.44,,False,,,,
16762,Madrid,Anestesia,promiscu,0.266,55,320.0,2223.12,-3.36,False,,,,
16779,Madrid,Anestesia,perdut,0.7,223,,2223.12,,False,,,,
16779,Madrid,Bioseguridad,marginal,0.0,691,,1086.44,,False,,,,
16804,Sevilla,Bioseguridad,perdut,0.878,222,,1086.44,,False,,,,
16816,Madrid,Anestesia,perdut,0.154,125,,2223.12,,False,,,,
16817,Madrid,Anestesia,perdut,0.737,115,,1802.36,,False,,,,
16818,Valladolid,Anestesia,fidel,1.281,60,143.0,2223.12,-1.57,False,,,,
16818,Valladolid,Bioseguridad,perdut,0.476,185,,1086.44,,False,,,,
16819,Barcelona,Anestesia,perdut,0.584,98,,1802.36,,False,,,,
16819,Barcelona,Bioseguridad,perdut,0.452,178,,879.2,,False,,,,
16827,Sevilla,Anestesia,perdut,0.531,91,,2223.12,,False,,,,
16831,Madrid,Anestesia,en_risc,0.66,40,277.2,2223.12,-1.36,True,caiguda_share,755.64,mitja,"Client en_risc de Anestesia (Share 12m: 66%). El seu cicle de compra és de 277 dies. Porta 40 dies sense comprar (-237 dies de coll). Tenia share alt, però en els últims 3 mesos ha caigut substancialment."
16831,Madrid,Bioseguridad,perdut,0.522,333,,1086.44,,False,,,,
16834,Baleares,Anestesia,perdut,0.265,111,,3410.04,,False,,,,
16846,Jaén,Anestesia,promiscu,0.319,13,244.0,2223.12,-1.43,False,,,,
16892,Las Palmas,Anestesia,promiscu,0.52,24,176.0,3410.04,-0.97,False,,,,
16947,Barcelona,Anestesia,fidel,1.609,39,166.0,2223.12,-4.14,False,,,,
16947,Barcelona,Bioseguridad,fidel,0.878,53,329.2,1086.44,-1.68,False,,,,
17012,Barcelona,Anestesia,promiscu,0.6,33,217.0,3410.04,-1.6,False,,,,
17025,Ciudad Real,Anestesia,marginal,0.0,383,,2223.12,,False,,,,
17027,Madrid,Bioseguridad,marginal,0.0,1685,,1086.44,,False,,,,
17056,Sta.Cruz Tenerife,Anestesia,en_risc,2826.88,45,85.3,1.0,-0.63,True,caiguda_share,0.0,mitja,"Client en_risc de Anestesia (Share 12m: 282688%). El seu cicle de compra és de 85 dies. Porta 45 dies sense comprar (-40 dies de coll). Tenia share alt, però en els últims 3 mesos ha caigut substancialment."
17116,Sta.Cruz Tenerife,Anestesia,promiscu,0.484,24,115.9,3410.04,-1.36,False,,,,
17143,Madrid,Anestesia,fidel,1.352,7,117.0,3410.04,-1.29,False,,,,
17143,Madrid,Bioseguridad,marginal,0.0,1168,,1667.34,,False,,,,
17168,Málaga,Anestesia,en_risc,0.404,28,137.2,4546.72,-0.52,True,caiguda_share,2708.47,mitja,"Client en_risc de Anestesia (Share 12m: 40%). El seu cicle de compra és de 137 dies. Porta 28 dies sense comprar (-109 dies de coll). Tenia share alt, però en els últims 3 mesos ha caigut substancialment."
17172,A Coruña,Anestesia,marginal,0.0,1447,,3410.04,,False,,,,
17196,Málaga,Anestesia,perdut,0.165,279,,2223.12,,False,,,,
17316,Baleares,Anestesia,perdut,0.0,616,,1802.36,,False,,,,
17321,Salamanca,Anestesia,promiscu,0.499,62,83.0,9093.44,-0.65,False,,,,
17321,Salamanca,Bioseguridad,en_risc,1.124,74,54.2,4446.24,0.7,True,caiguda_share,0.0,mitja,"Client en_risc de Bioseguridad (Share 12m: 112%). El seu cicle de compra és de 54 dies. Porta 74 dies sense comprar (20 dies de coll). Tenia share alt, però en els últims 3 mesos ha caigut substancialment."
17352,Barcelona,Anestesia,perdut,0.0,1488,,3410.04,,False,,,,
17434,,Anestesia,fidel,0.937,46,94.8,2223.12,-1.19,False,,,,
17563,Madrid,Anestesia,perdut,0.898,118,,3410.04,,False,,,,
17574,Madrid,Anestesia,promiscu,0.271,56,124.8,2223.12,-2.07,False,,,,
17574,Madrid,Bioseguridad,perdut,0.221,207,,1086.44,,False,,,,
17596,Soria,Anestesia,perdut,0.0,389,,2223.12,,False,,,,
17612,Salamanca,Anestesia,perdut,0.381,250,,1802.36,,False,,,,
17625,Pontevedra,Anestesia,perdut,0.0,763,,2223.12,,False,,,,
17632,Madrid,Bioseguridad,marginal,0.0,796,,1086.44,,False,,,,
17642,Albacete,Anestesia,perdut,0.0,1082,,2223.12,,False,,,,
17675,Valencia,Anestesia,fidel,0.818,12,307.7,3410.04,-5.52,False,,,,
17685,Sevilla,Anestesia,promiscu,0.649,77,248.5,3410.04,-1.42,False,,,,
17685,Sevilla,Bioseguridad,en_risc,0.661,342,,1667.34,,False,,,,
17686,Barcelona,Anestesia,perdut,0.0,1508,,2223.12,,False,,,,
17690,Baleares,Anestesia,perdut,0.706,115,,2223.12,,False,,,,
17690,Baleares,Bioseguridad,fidel,3.707,13,64.5,1086.44,-1.08,False,,,,
17704,Málaga,Anestesia,perdut,0.61,298,,1802.36,,False,,,,
17707,Asturias,Anestesia,promiscu,0.505,53,251.0,2223.12,-1.33,False,,,,
17707,Asturias,Bioseguridad,perdut,0.0,580,,1086.44,,False,,,,
17716,Murcia,Anestesia,perdut,0.0,763,,2223.12,,False,,,,
17758,Soria,Anestesia,promiscu,0.524,14,251.6,2223.12,-1.74,False,,,,
17758,Soria,Bioseguridad,promiscu,0.256,14,358.3,1086.44,-1.36,False,,,,
17764,Barcelona,Anestesia,promiscu,0.637,82,185.9,1802.36,-1.63,False,,,,
17764,Barcelona,Bioseguridad,fidel,1.911,82,190.7,879.2,-1.3,False,,,,
17828,Girona,Anestesia,perdut,0.0,650,,1802.36,,False,,,,
17847,Cádiz,Anestesia,promiscu,0.618,28,279.0,2223.12,-2.23,False,,,,
17902,Lleida,Anestesia,perdut,0.0,1138,,2223.12,,False,,,,
17902,Lleida,Bioseguridad,marginal,0.0,1138,,1086.44,,False,,,,
17904,León,Anestesia,perdut,0.423,214,,2223.12,,False,,,,
17953,Ceuta,Anestesia,marginal,0.0,1258,,2223.12,,False,,,,
17956,Zaragoza,Anestesia,perdut,0.484,115,,3410.04,,False,,,,
17956,Zaragoza,Bioseguridad,perdut,0.194,353,,1667.34,,False,,,,
17963,Pontevedra,Anestesia,en_risc,0.722,46,54.7,9093.44,-0.55,True,caiguda_share,2530.53,mitja,"Client en_risc de Anestesia (Share 12m: 72%). El seu cicle de compra és de 55 dies. Porta 46 dies sense comprar (-9 dies de coll). Tenia share alt, però en els últims 3 mesos ha caigut substancialment."
17964,Sevilla,Anestesia,perdut,0.0,713,,2223.12,,False,,,,
17964,Sevilla,Bioseguridad,perdut,0.0,713,,1086.44,,False,,,,
17965,Vizcaya,Anestesia,perdut,0.531,104,,2223.12,,False,,,,
18020,A Coruña,Anestesia,perdut,0.0,1196,,2223.12,,False,,,,
18028,Ávila,Bioseguridad,perdut,0.0,1643,,1086.44,,False,,,,
18088,Cáceres,Anestesia,fidel,0.877,32,432.0,2223.12,-0.86,False,,,,
18088,Cáceres,Bioseguridad,fidel,3.866,32,105.1,1086.44,-0.98,False,,,,
18181,Salamanca,Anestesia,perdut,0.496,91,,1802.36,,False,,,,
18182,Madrid,Anestesia,perdut,0.0,1665,,2223.12,,False,,,,
18186,Cantabria,Bioseguridad,marginal,0.0,1579,,1086.44,,False,,,,
18237,Asturias,Bioseguridad,perdut,0.889,221,,1086.44,,False,,,,
18313,Valencia,Anestesia,promiscu,0.733,7,200.2,2223.12,-1.15,False,,,,
18313,Valencia,Bioseguridad,perdut,0.0,1049,,1086.44,,False,,,,
18341,Valencia,Anestesia,promiscu,0.269,56,243.9,1802.36,-1.4,False,,,,
18359,Albacete,Bioseguridad,fidel,4.859,26,42.3,1667.34,-0.83,False,,,,
18431,Madrid,Anestesia,perdut,0.0,1340,,2223.12,,False,,,,
18442,Madrid,Anestesia,promiscu,0.425,7,79.7,3410.04,-1.65,False,,,,
18442,Madrid,Bioseguridad,fidel,1.801,13,71.8,1667.34,-1.29,False,,,,
18590,Asturias,Anestesia,perdut,0.0,1588,,2223.12,,False,,,,
18590,Asturias,Bioseguridad,marginal,0.0,1427,,1086.44,,False,,,,
18655,A Coruña,Anestesia,perdut,0.0,418,,3410.04,,False,,,,
18655,A Coruña,Bioseguridad,perdut,1.907,96,,1667.34,,False,,,,
18661,A Coruña,Anestesia,perdut,0.102,180,,1802.36,,False,,,,
18670,Sta.Cruz Tenerife,Anestesia,fidel,0.954,67,123.0,3410.04,-0.67,False,,,,
18670,Sta.Cruz Tenerife,Bioseguridad,marginal,0.0,1748,,1667.34,,False,,,,
18690,Madrid,Anestesia,perdut,0.0,1525,,2223.12,,False,,,,
18697,Pontevedra,Anestesia,perdut,0.447,94,,1802.36,,False,,,,
18747,Sta.Cruz Tenerife,Anestesia,promiscu,0.494,46,90.7,3410.04,-1.0,False,,,,
18747,Sta.Cruz Tenerife,Bioseguridad,en_risc,1.862,46,67.7,1667.34,-0.76,True,caiguda_share,0.0,mitja,"Client en_risc de Bioseguridad (Share 12m: 186%). El seu cicle de compra és de 68 dies. Porta 46 dies sense comprar (-22 dies de coll). Tenia share alt, però en els últims 3 mesos ha caigut substancialment."
18749,Sta.Cruz Tenerife,Anestesia,perdut,0.815,103,,3410.04,,False,,,,
18765,Sta.Cruz Tenerife,Anestesia,fidel,1.125,77,111.5,2223.12,-1.12,False,,,,
18774,Almería,Anestesia,perdut,0.408,111,,2223.12,,False,,,,
18774,Almería,Bioseguridad,perdut,0.439,111,,1086.44,,False,,,,
18796,Girona,Anestesia,fidel,1.028,75,131.8,2223.12,-1.21,False,,,,
18796,Girona,Bioseguridad,perdut,0.0,935,,1086.44,,False,,,,
18799,Las Palmas,Anestesia,perdut,0.0,1141,,2223.12,,False,,,,
18847,Baleares,Bioseguridad,perdut,0.0,1083,,1086.44,,False,,,,
18863,Sevilla,Anestesia,marginal,0.242,39,,3410.04,,False,,,,
18863,Sevilla,Bioseguridad,perdut,0.0,446,,1667.34,,False,,,,
18873,Cantabria,Anestesia,perdut,0.361,91,,2223.12,,False,,,,
18915,Zaragoza,Anestesia,perdut,0.503,117,,2223.12,,False,,,,
18936,Madrid,Anestesia,promiscu,0.587,26,125.5,2223.12,-1.54,False,,,,
18936,Madrid,Bioseguridad,perdut,0.373,248,,1086.44,,False,,,,
19034,Granada,Anestesia,perdut,0.0,494,,2223.12,,False,,,,
19056,Madrid,Anestesia,marginal,0.205,11,,2223.12,,False,,,,
19065,Madrid,Anestesia,promiscu,0.345,75,140.2,3410.04,-0.51,False,,,,
19065,Madrid,Bioseguridad,fidel,0.967,75,110.5,1667.34,-0.4,False,,,,
19111,Almería,Anestesia,perdut,0.861,98,,2223.12,,False,,,,
19111,Almería,Bioseguridad,perdut,0.0,914,,1086.44,,False,,,,
19153,Sta.Cruz Tenerife,Bioseguridad,perdut,0.0,1643,,1667.34,,False,,,,
19170,Madrid,Anestesia,fidel,0.848,28,191.7,2223.12,-3.02,False,,,,
19174,Castellón,Anestesia,marginal,0.0,1511,,3410.04,,False,,,,
19211,Madrid,Anestesia,marginal,0.104,90,,3410.04,,False,,,,
19211,Madrid,Bioseguridad,perdut,0.481,326,,1667.34,,False,,,,
19212,Madrid,Anestesia,fidel,1.602,48,47.3,6820.08,0.01,False,,,,
19212,Madrid,Bioseguridad,perdut,0.485,336,,3334.68,,False,,,,
19238,Valladolid,Anestesia,perdut,0.65,153,,1802.36,,False,,,,
19307,Gipúzkoa,Anestesia,en_risc,1.427,67,75.0,2223.12,-0.24,True,caiguda_share,0.0,mitja,"Client en_risc de Anestesia (Share 12m: 143%). El seu cicle de compra és de 75 dies. Porta 67 dies sense comprar (-8 dies de coll). Tenia share alt, però en els últims 3 mesos ha caigut substancialment."
19350,Asturias,Anestesia,perdut,0.319,298,,2223.12,,False,,,,
19350,Asturias,Bioseguridad,fidel,1.621,26,127.9,1086.44,-1.41,False,,,,
19364,Lugo,Anestesia,marginal,0.0,619,,3410.04,,False,,,,
19364,Lugo,Bioseguridad,perdut,0.0,377,,1667.34,,False,,,,
19376,Ciudad Real,Anestesia,perdut,0.797,115,,2223.12,,False,,,,
19377,Barcelona,Bioseguridad,nou,0.061,32,,1086.44,,False,,,,
19410,Sevilla,Anestesia,perdut,0.0,741,,2223.12,,False,,,,
19491,Málaga,Anestesia,marginal,0.0,1082,,2223.12,,False,,,,
19531,Murcia,Anestesia,perdut,0.027,111,,3410.04,,False,,,,
19531,Murcia,Bioseguridad,en_risc,0.802,76,91.4,1667.34,-0.2,True,caiguda_share,330.11,mitja,"Client en_risc de Bioseguridad (Share 12m: 80%). El seu cicle de compra és de 91 dies. Porta 76 dies sense comprar (-15 dies de coll). Tenia share alt, però en els últims 3 mesos ha caigut substancialment."
19550,Madrid,Anestesia,fidel,2.347,40,53.2,3410.04,-0.26,False,,,,
19550,Madrid,Bioseguridad,en_risc,2.897,40,91.4,1667.34,-0.47,True,caiguda_share,0.0,mitja,"Client en_risc de Bioseguridad (Share 12m: 290%). El seu cicle de compra és de 91 dies. Porta 40 dies sense comprar (-51 dies de coll). Tenia share alt, però en els últims 3 mesos ha caigut substancialment."
19562,Sevilla,Anestesia,marginal,0.205,34,,2223.12,,False,,,,
19583,Madrid,Anestesia,promiscu,0.403,63,214.4,3410.04,-2.03,False,,,,
19591,Vizcaya,Anestesia,perdut,0.0,1074,,2223.12,,False,,,,
19649,Barcelona,Anestesia,perdut,0.0,1784,,1802.36,,False,,,,
19672,Murcia,Anestesia,marginal,0.0,1463,,2223.12,,False,,,,
19740,Valladolid,Anestesia,perdut,0.0,1755,,1802.36,,False,,,,
19757,Tarragona,Anestesia,marginal,0.124,28,,3410.04,,False,,,,
19776,Lugo,Anestesia,perdut,0.133,125,,2223.12,,False,,,,
19832,Madrid,Anestesia,perdut,0.142,216,,3410.04,,False,,,,
19832,Madrid,Bioseguridad,perdut,0.0,1567,,1667.34,,False,,,,
19864,Granada,Anestesia,perdut,0.319,272,,2223.12,,False,,,,
19864,Granada,Bioseguridad,perdut,0.522,272,,1086.44,,False,,,,
19881,Madrid,Anestesia,perdut,0.54,108,,2223.12,,False,,,,
19883,Cádiz,Anestesia,perdut,0.0,763,,1802.36,,False,,,,
19899,Valladolid,Anestesia,fidel,1.681,35,68.5,3410.04,-1.23,False,,,,
19903,Barcelona,Anestesia,marginal,0.198,38,,2223.12,,False,,,,
19912,Granada,Anestesia,perdut,0.53,110,,2223.12,,False,,,,
19946,Madrid,Anestesia,perdut,0.162,105,,2223.12,,False,,,,
19961,Barcelona,Anestesia,perdut,0.401,115,,2223.12,,False,,,,
19984,Cantabria,Anestesia,marginal,0.0,1790,,1802.36,,False,,,,
19992,Alicante,Anestesia,promiscu,0.33,6,214.2,5683.4,-1.34,False,,,,
19992,Alicante,Bioseguridad,perdut,0.0,987,,2778.9,,False,,,,
19998,Madrid,Anestesia,perdut,0.475,96,,2223.12,,False,,,,
19998,Madrid,Bioseguridad,perdut,0.0,419,,1086.44,,False,,,,
20012,Sta.Cruz Tenerife,Anestesia,perdut,0.113,168,,3410.04,,False,,,,
20026,Valencia,Anestesia,perdut,0.0,949,,2223.12,,False,,,,
20075,Vizcaya,Anestesia,fidel,0.975,74,299.8,2223.12,-4.33,False,,,,
20075,Vizcaya,Bioseguridad,perdut,0.0,936,,1086.44,,False,,,,
20079,Zamora,Anestesia,fidel,1.027,13,232.6,2223.12,-1.44,False,,,,
20103,Granada,Anestesia,marginal,0.0,1005,,2223.12,,False,,,,
20103,Granada,Bioseguridad,marginal,0.0,1005,,1086.44,,False,,,,
20114,Jaén,Anestesia,perdut,0.0,467,,1802.36,,False,,,,
20117,Madrid,Anestesia,marginal,0.0,1330,,2223.12,,False,,,,
20140,Sta.Cruz Tenerife,Anestesia,perdut,0.053,342,,4546.72,,False,,,,
20172,Madrid,Anestesia,perdut,0.0,900,,2223.12,,False,,,,
20179,Madrid,Anestesia,perdut,0.04,206,,4546.72,,False,,,,
20179,Madrid,Bioseguridad,perdut,0.146,230,,2223.12,,False,,,,
20180,Vizcaya,Anestesia,perdut,0.737,97,,1802.36,,False,,,,
20180,Vizcaya,Bioseguridad,marginal,0.0,482,,879.2,,False,,,,
20194,Vizcaya,Anestesia,perdut,0.585,213,,4546.72,,False,,,,
20194,Vizcaya,Bioseguridad,perdut,0.0,213,,2223.12,,False,,,,
20265,Madrid,Anestesia,perdut,0.17,346,,2223.12,,False,,,,
20283,Madrid,Anestesia,promiscu,0.479,89,243.3,3410.04,-1.8,False,,,,
20283,Madrid,Bioseguridad,perdut,0.0,691,,1667.34,,False,,,,
20325,Pontevedra,Bioseguridad,en_risc,2.596,47,55.5,2223.12,-0.27,True,caiguda_share,0.0,mitja,"Client en_risc de Bioseguridad (Share 12m: 260%). El seu cicle de compra és de 56 dies. Porta 47 dies sense comprar (-8 dies de coll). Tenia share alt, però en els últims 3 mesos ha caigut substancialment."
20330,Alicante,Anestesia,perdut,0.198,130,,2223.12,,False,,,,
20335,Albacete,Anestesia,perdut,0.687,96,,2223.12,,False,,,,
20335,Albacete,Bioseguridad,perdut,0.402,96,,1086.44,,False,,,,
20356,Gipúzkoa,Anestesia,perdut,0.0,900,,2223.12,,False,,,,
20379,Tarragona,Anestesia,promiscu,0.602,89,138.8,3410.04,-1.2,False,,,,
20379,Tarragona,Bioseguridad,marginal,0.0,1293,,1667.34,,False,,,,
20425,Sta.Cruz Tenerife,Anestesia,promiscu,0.326,90,142.4,3410.04,-0.9,False,,,,
20445,Barcelona,Anestesia,promiscu,0.478,76,590.0,2223.12,-0.62,False,,,,
20448,Asturias,Bioseguridad,marginal,0.0,804,,1667.34,,False,,,,
20450,Baleares,Anestesia,perdut,0.0,873,,2223.12,,False,,,,
20450,Baleares,Bioseguridad,perdut,0.0,670,,1086.44,,False,,,,
20451,Lleida,Bioseguridad,perdut,1.101,125,,1086.44,,False,,,,
20472,Badajoz,Anestesia,fidel,1.201,25,214.2,2223.12,-1.37,False,,,,
20472,Badajoz,Bioseguridad,perdut,0.0,1536,,1086.44,,False,,,,
20534,Madrid,Anestesia,perdut,0.0,790,,2223.12,,False,,,,
20534,Madrid,Bioseguridad,marginal,0.0,1027,,1086.44,,False,,,,
20611,Lugo,Bioseguridad,perdut,0.0,699,,1086.44,,False,,,,
20614,Sta.Cruz Tenerife,Anestesia,fidel,0.779,69,249.0,3410.04,-1.28,False,,,,
20614,Sta.Cruz Tenerife,Bioseguridad,en_risc,1.583,46,98.1,1667.34,-1.16,True,caiguda_share,0.0,mitja,"Client en_risc de Bioseguridad (Share 12m: 158%). El seu cicle de compra és de 98 dies. Porta 46 dies sense comprar (-52 dies de coll). Tenia share alt, però en els últims 3 mesos ha caigut substancialment."
20617,Madrid,Anestesia,perdut,0.0,691,,1802.36,,False,,,,
20618,Barcelona,Anestesia,marginal,0.0,1337,,1802.36,,False,,,,
20619,Barcelona,Anestesia,perdut,0.0,955,,1802.36,,False,,,,
20656,Murcia,Bioseguridad,perdut,0.0,476,,1667.34,,False,,,,
20681,Málaga,Bioseguridad,promiscu,0.746,74,,1086.44,,False,,,,
20694,Madrid,Anestesia,promiscu,0.325,80,208.4,1802.36,-0.66,False,,,,
20698,Lugo,Anestesia,marginal,0.0,733,,2223.12,,False,,,,
20758,Málaga,Anestesia,marginal,0.185,348,,2223.12,,False,,,,
20772,Burgos,Anestesia,promiscu,0.638,33,386.8,2223.12,-5.0,False,,,,
20780,León,Anestesia,perdut,0.407,158,,2223.12,,False,,,,
20827,Valladolid,Bioseguridad,perdut,0.294,306,,879.2,,False,,,,
20881,Salamanca,Anestesia,perdut,0.102,124,,1802.36,,False,,,,
20911,Castellón,Bioseguridad,fidel,0.918,12,643.0,1086.44,-1.49,False,,,,
20918,Barcelona,Anestesia,promiscu,0.531,46,207.8,2223.12,-4.03,False,,,,
20962,Alicante,Anestesia,perdut,0.0,432,,3410.04,,False,,,,
21018,Granada,Anestesia,promiscu,0.598,6,224.8,2223.12,-1.11,False,,,,
21018,Granada,Bioseguridad,fidel,2.037,6,260.3,1086.44,-2.03,False,,,,
21028,Pontevedra,Bioseguridad,perdut,0.334,220,,1667.34,,False,,,,
21053,Guadalajara,Bioseguridad,perdut,0.0,811,,1667.34,,False,,,,
21082,Barcelona,Anestesia,fidel,1.257,70,75.3,2223.12,-0.17,False,,,,
21083,Pontevedra,Anestesia,perdut,0.102,129,,1802.36,,False,,,,
21083,Pontevedra,Bioseguridad,marginal,0.0,888,,879.2,,False,,,,
21097,Murcia,Anestesia,fidel,1.218,7,195.7,2223.12,-3.77,False,,,,
21097,Murcia,Bioseguridad,perdut,1.491,182,,1086.44,,False,,,,
21122,Gipúzkoa,Anestesia,marginal,0.0,1504,,1802.36,,False,,,,
21123,Barcelona,Anestesia,fidel,1.426,27,253.9,2223.12,-2.13,False,,,,
21123,Barcelona,Bioseguridad,perdut,0.0,970,,1086.44,,False,,,,
21125,Madrid,Anestesia,promiscu,0.286,19,392.0,3410.04,-3.61,False,,,,
21132,Sta.Cruz Tenerife,Anestesia,fidel,2.763,34,104.2,3410.04,-1.01,False,,,,
21160,Navarra,Anestesia,perdut,0.0,697,,2223.12,,False,,,,
21165,Granada,Anestesia,perdut,0.0,880,,1802.36,,False,,,,
21188,Almería,Anestesia,fidel,1.677,60,159.4,3410.04,-0.97,False,,,,
21188,Almería,Bioseguridad,fidel,0.963,60,134.8,1667.34,-0.91,False,,,,
21189,Barcelona,Anestesia,perdut,0.395,347,,1802.36,,False,,,,
21190,Zaragoza,Anestesia,perdut,0.234,266,,5683.4,,False,,,,
21190,Zaragoza,Bioseguridad,perdut,0.0,1571,,2778.9,,False,,,,
21206,Segovia,Anestesia,promiscu,0.52,47,174.1,3410.04,-1.41,False,,,,
21206,Segovia,Bioseguridad,promiscu,0.572,47,144.0,1667.34,-1.62,False,,,,
21230,Madrid,Anestesia,perdut,0.247,178,,6820.08,,False,,,,
21233,Madrid,Anestesia,perdut,0.214,208,,2223.12,,False,,,,
21246,Orense,Anestesia,perdut,0.701,118,,2223.12,,False,,,,
21248,Guadalajara,Anestesia,perdut,0.498,276,,2223.12,,False,,,,
21261,Madrid,Anestesia,perdut,0.474,111,,2223.12,,False,,,,
21294,Madrid,Anestesia,perdut,0.0,404,,2223.12,,False,,,,
21315,Zaragoza,Anestesia,promiscu,0.649,82,209.0,2223.12,-0.87,False,,,,
21315,Zaragoza,Bioseguridad,perdut,0.671,224,,1086.44,,False,,,,
21347,Alicante,Anestesia,fidel,0.8,61,234.9,3410.04,-3.61,False,,,,
21355,Alicante,Anestesia,perdut,0.0,1020,,2223.12,,False,,,,
21355,Alicante,Bioseguridad,marginal,0.0,1397,,1086.44,,False,,,,
21373,Pontevedra,Bioseguridad,marginal,0.0,1733,,1086.44,,False,,,,
21374,Madrid,Anestesia,perdut,0.303,175,,1802.36,,False,,,,
21374,Madrid,Bioseguridad,perdut,0.949,270,,879.2,,False,,,,
21405,Cádiz,Anestesia,perdut,0.16,313,,2223.12,,False,,,,
21417,Asturias,Anestesia,perdut,0.247,201,,2223.12,,False,,,,
21417,Asturias,Bioseguridad,marginal,0.0,1062,,1086.44,,False,,,,
21419,,Anestesia,perdut,0.0,454,,2223.12,,False,,,,
21457,Lugo,Anestesia,fidel,1.635,27,132.8,2223.12,-1.3,False,,,,
21457,Lugo,Bioseguridad,perdut,0.0,481,,1086.44,,False,,,,
21458,Asturias,Bioseguridad,marginal,0.0,1106,,879.2,,False,,,,
21480,Madrid,Anestesia,fidel,1.134,77,99.1,3410.04,-0.42,False,,,,
21480,Madrid,Bioseguridad,marginal,0.0,1263,,1667.34,,False,,,,
21517,Baleares,Anestesia,perdut,0.253,150,,1802.36,,False,,,,
21523,A Coruña,Anestesia,perdut,0.0,1469,,1802.36,,False,,,,
21533,Pontevedra,Bioseguridad,en_risc,0.439,108,,1086.44,,False,,,,
21540,Madrid,Bioseguridad,marginal,0.0,776,,1086.44,,False,,,,
21547,Madrid,Anestesia,perdut,0.459,238,,2223.12,,False,,,,
21555,Madrid,Anestesia,promiscu,0.266,83,550.3,2223.12,-0.79,False,,,,
21581,Barcelona,Anestesia,perdut,0.036,173,,5683.4,,False,,,,
21581,Barcelona,Bioseguridad,perdut,0.0,572,,2778.9,,False,,,,
21582,Murcia,Anestesia,perdut,0.0,1006,,1802.36,,False,,,,
21582,Murcia,Bioseguridad,perdut,0.452,192,,879.2,,False,,,,
21593,Madrid,Anestesia,perdut,0.401,98,,3410.04,,False,,,,
21599,Madrid,Anestesia,perdut,0.0,1321,,1802.36,,False,,,,
21601,Madrid,Anestesia,fidel,0.801,27,155.6,3410.04,-2.54,False,,,,
21601,Madrid,Bioseguridad,fidel,2.915,27,89.2,1667.34,-1.85,False,,,,
21609,Sta.Cruz Tenerife,Anestesia,marginal,0.147,20,,1802.36,,False,,,,
21627,Badajoz,Anestesia,marginal,0.0,1715,,2223.12,,False,,,,
21671,Asturias,Anestesia,perdut,0.147,278,,3410.04,,False,,,,
21678,Salamanca,Anestesia,promiscu,0.39,76,243.9,2223.12,-1.99,False,,,,
21682,A Coruña,Anestesia,perdut,0.0,1253,,2223.12,,False,,,,
21690,Madrid,Anestesia,promiscu,0.458,48,165.3,2223.12,-2.19,False,,,,
21691,Albacete,Anestesia,promiscu,0.266,77,217.4,2223.12,-1.59,False,,,,
21738,Sta.Cruz Tenerife,Anestesia,promiscu,0.698,17,91.5,3410.04,-2.13,False,,,,
21756,Albacete,Anestesia,perdut,0.266,235,,2223.12,,False,,,,
21769,Asturias,Anestesia,fidel,1.74,38,237.3,3410.04,-1.88,False,,,,
21796,Sta.Cruz Tenerife,Anestesia,perdut,0.489,263,,2223.12,,False,,,,
21797,La Rioja,Anestesia,fidel,1.945,7,63.7,2223.12,-3.2,False,,,,
21810,Sta.Cruz Tenerife,Anestesia,marginal,0.0,1305,,11366.8,,False,,,,
21812,Madrid,Anestesia,perdut,1.198,203,,2223.12,,False,,,,
21826,Huelva,Anestesia,perdut,0.234,201,,5683.4,,False,,,,
21846,Barcelona,Anestesia,fidel,1.057,88,168.0,2223.12,-1.21,False,,,,
21846,Barcelona,Bioseguridad,perdut,0.0,467,,1086.44,,False,,,,
21868,Barcelona,Anestesia,perdut,0.437,117,,2223.12,,False,,,,
21869,Madrid,Anestesia,promiscu,0.353,55,209.1,2223.12,-3.67,False,,,,
21871,Madrid,Anestesia,perdut,0.0,1147,,2223.12,,False,,,,
21871,Madrid,Bioseguridad,promiscu,0.366,80,325.6,1086.44,-2.42,False,,,,
21872,Badajoz,Anestesia,perdut,0.52,203,,3410.04,,False,,,,
21872,Badajoz,Bioseguridad,perdut,0.0,790,,1667.34,,False,,,,
21875,Jaén,Bioseguridad,perdut,0.0,1292,,1667.34,,False,,,,
21920,Zaragoza,Anestesia,marginal,0.0,1132,,2223.12,,False,,,,
21930,Almería,Anestesia,perdut,0.516,318,,2223.12,,False,,,,
21936,A Coruña,Anestesia,fidel,0.97,54,134.5,2223.12,-0.88,False,,,,
21936,A Coruña,Bioseguridad,marginal,0.0,1748,,1086.44,,False,,,,
21938,A Coruña,Anestesia,perdut,0.0,382,,3410.04,,False,,,,
21958,Madrid,Bioseguridad,perdut,0.336,350,,1086.44,,False,,,,
21963,Valencia,Anestesia,perdut,0.0,676,,3410.04,,False,,,,
21978,Madrid,Anestesia,promiscu,0.629,47,173.7,1802.36,-1.31,False,,,,
21989,Toledo,Anestesia,perdut,0.462,165,,2223.12,,False,,,,
21989,Toledo,Bioseguridad,marginal,0.0,1258,,1086.44,,False,,,,
21992,Sevilla,Anestesia,promiscu,0.671,53,421.5,3410.04,-0.55,False,,,,
21992,Sevilla,Bioseguridad,marginal,0.0,1739,,1667.34,,False,,,,
22016,Cádiz,Anestesia,fidel,0.844,89,194.1,3410.04,-1.33,False,,,,
22016,Cádiz,Bioseguridad,fidel,2.751,27,71.1,1667.34,-0.85,False,,,,
22068,Cuenca,Anestesia,perdut,0.0,1657,,2223.12,,False,,,,
22075,Sevilla,Anestesia,perdut,0.0,539,,1802.36,,False,,,,
22075,Sevilla,Bioseguridad,marginal,0.0,1531,,879.2,,False,,,,
22102,Zaragoza,Anestesia,marginal,0.0,1470,,2223.12,,False,,,,
22133,Almería,Anestesia,marginal,0.0,1629,,1802.36,,False,,,,
22134,Murcia,Anestesia,perdut,0.0,983,,2223.12,,False,,,,
22137,Almería,Anestesia,fidel,0.996,89,245.7,2223.12,-1.7,False,,,,
22137,Almería,Bioseguridad,perdut,0.0,822,,1086.44,,False,,,,
22138,Almería,Anestesia,promiscu,0.551,6,142.6,2223.12,-1.73,False,,,,
22138,Almería,Bioseguridad,promiscu,0.732,6,179.3,1086.44,-1.85,False,,,,
22193,Valencia,Anestesia,perdut,0.258,322,,2223.12,,False,,,,
22193,Valencia,Bioseguridad,perdut,0.0,740,,1086.44,,False,,,,
22211,Granada,Anestesia,perdut,0.591,180,,2223.12,,False,,,,
22211,Granada,Bioseguridad,perdut,0.0,460,,1086.44,,False,,,,
22216,Albacete,Anestesia,en_risc,1.382,68,87.2,2223.12,-0.64,True,caiguda_share,0.0,mitja,"Client en_risc de Anestesia (Share 12m: 138%). El seu cicle de compra és de 87 dies. Porta 68 dies sense comprar (-19 dies de coll). Tenia share alt, però en els últims 3 mesos ha caigut substancialment."
22216,Albacete,Bioseguridad,promiscu,0.559,90,250.5,1086.44,-20.63,False,,,,
22244,Sta.Cruz Tenerife,Anestesia,perdut,0.0,966,,3410.04,,False,,,,
22280,Granada,Anestesia,perdut,0.16,354,,2223.12,,False,,,,
22281,Granada,Anestesia,perdut,0.531,222,,2223.12,,False,,,,
22281,Granada,Bioseguridad,en_risc,0.746,222,,1086.44,,False,,,,
22282,Madrid,Anestesia,perdut,0.359,179,,2223.12,,False,,,,
22282,Madrid,Bioseguridad,marginal,0.0,1169,,1086.44,,False,,,,
22289,Madrid,Bioseguridad,marginal,0.0,1060,,1086.44,,False,,,,
22291,A Coruña,Anestesia,perdut,0.0,551,,2223.12,,False,,,,
22293,Valladolid,Anestesia,promiscu,0.675,70,209.8,3410.04,-1.64,False,,,,
22294,Pontevedra,Anestesia,perdut,0.0,1579,,1802.36,,False,,,,
22312,Asturias,Anestesia,perdut,0.0,1183,,2223.12,,False,,,,
22330,Vizcaya,Anestesia,perdut,0.0,1319,,2223.12,,False,,,,
22364,Las Palmas,Bioseguridad,perdut,0.208,339,,2223.12,,False,,,,
22380,Sevilla,Anestesia,fidel,1.808,48,191.9,1802.36,-1.54,False,,,,
22380,Sevilla,Bioseguridad,marginal,0.0,1299,,879.2,,False,,,,
22399,Asturias,Anestesia,perdut,0.0,580,,2223.12,,False,,,,
22401,Barcelona,Anestesia,promiscu,0.747,24,194.4,2223.12,-2.65,False,,,,
22405,Asturias,Anestesia,perdut,0.187,168,,2223.12,,False,,,,
22405,Asturias,Bioseguridad,perdut,2.383,115,,1086.44,,False,,,,
22407,Sevilla,Anestesia,promiscu,0.656,27,283.3,2223.12,-1.19,False,,,,
22407,Sevilla,Bioseguridad,fidel,1.101,27,179.3,1086.44,-1.61,False,,,,
22447,Madrid,Bioseguridad,perdut,0.549,98,,1086.44,,False,,,,
22450,Navarra,Anestesia,perdut,0.598,285,,2223.12,,False,,,,
22496,Granada,Anestesia,perdut,1.89,165,,2223.12,,False,,,,
22496,Granada,Bioseguridad,perdut,0.445,245,,1086.44,,False,,,,
22519,Barcelona,Anestesia,perdut,0.281,304,,1802.36,,False,,,,
22526,Barcelona,Anestesia,perdut,0.0,957,,2223.12,,False,,,,
22526,Barcelona,Bioseguridad,perdut,0.0,705,,1086.44,,False,,,,
22527,Valladolid,Anestesia,perdut,0.214,285,,3410.04,,False,,,,
22527,Valladolid,Bioseguridad,perdut,0.0,1291,,1667.34,,False,,,,
22540,Sta.Cruz Tenerife,Anestesia,promiscu,0.632,19,102.6,4546.72,-3.12,False,,,,
22540,Sta.Cruz Tenerife,Bioseguridad,marginal,0.0,418,,2223.12,,False,,,,
22547,Madrid,Anestesia,perdut,0.393,91,,3410.04,,False,,,,
22547,Madrid,Bioseguridad,perdut,0.143,207,,1667.34,,False,,,,
22568,Baleares,Anestesia,perdut,0.0,1371,,4546.72,,False,,,,
22568,Baleares,Bioseguridad,marginal,0.134,46,,2223.12,,False,,,,
22584,Guadalajara,Anestesia,perdut,0.0,629,,2223.12,,False,,,,
22597,Asturias,Anestesia,perdut,0.598,224,,2223.12,,False,,,,
22615,Valencia,Anestesia,perdut,0.0,440,,2223.12,,False,,,,
22615,Valencia,Bioseguridad,marginal,0.0,440,,1086.44,,False,,,,
22640,Barcelona,Anestesia,promiscu,0.33,89,212.6,2223.12,-1.54,False,,,,
22640,Barcelona,Bioseguridad,promiscu,0.5,89,130.8,1086.44,-0.41,False,,,,
22650,Granada,Anestesia,perdut,0.431,97,,2223.12,,False,,,,
22675,Granada,Anestesia,perdut,0.598,194,,2223.12,,False,,,,
22675,Granada,Bioseguridad,perdut,0.0,845,,1086.44,,False,,,,
22691,Palencia,Anestesia,perdut,0.0,433,,2223.12,,False,,,,
22703,León,Anestesia,perdut,0.246,342,,2223.12,,False,,,,
22710,Málaga,Bioseguridad,perdut,0.329,179,,1086.44,,False,,,,
22711,Madrid,Anestesia,marginal,0.0,1777,,3410.04,,False,,,,
22711,Madrid,Bioseguridad,marginal,0.0,1813,,1667.34,,False,,,,
22715,Almería,Anestesia,perdut,0.0,462,,2223.12,,False,,,,
22715,Almería,Bioseguridad,perdut,0.183,321,,1086.44,,False,,,,
22721,Madrid,Anestesia,promiscu,0.614,62,397.2,1802.36,-1.64,False,,,,
22721,Madrid,Bioseguridad,perdut,0.0,1643,,879.2,,False,,,,
22729,Barcelona,Anestesia,perdut,0.159,206,,2223.12,,False,,,,
22729,Barcelona,Bioseguridad,marginal,0.075,206,,1086.44,,False,,,,
22738,Vizcaya,Anestesia,perdut,0.365,349,,3410.04,,False,,,,
22738,Vizcaya,Bioseguridad,perdut,1.36,349,,1667.34,,False,,,,
22762,Almería,Anestesia,fidel,1.035,89,124.0,4546.72,-0.45,False,,,,
22762,Almería,Bioseguridad,perdut,0.0,572,,2223.12,,False,,,,
22807,Granada,Anestesia,fidel,1.178,46,372.5,2223.12,-3.14,False,,,,
22811,Barcelona,Anestesia,fidel,1.168,80,140.0,2223.12,-1.0,False,,,,
22813,Madrid,Anestesia,perdut,0.676,244,,2223.12,,False,,,,
22813,Madrid,Bioseguridad,perdut,0.522,332,,1086.44,,False,,,,
22815,Orense,Anestesia,promiscu,0.596,28,,1802.36,,False,,,,
22826,Pontevedra,Anestesia,perdut,0.0,392,,2223.12,,False,,,,
22826,Pontevedra,Bioseguridad,perdut,2.415,123,,1086.44,,False,,,,
22846,A Coruña,Bioseguridad,perdut,0.0,418,,1086.44,,False,,,,
22902,Barcelona,Anestesia,promiscu,0.67,60,149.2,2223.12,-1.06,False,,,,
22906,Valladolid,Anestesia,marginal,0.0,1664,,2223.12,,False,,,,
22929,Madrid,Anestesia,perdut,0.0,1223,,2223.12,,False,,,,
22959,Málaga,Anestesia,perdut,0.176,203,,2223.12,,False,,,,
22975,Madrid,Anestesia,marginal,0.203,18,,1802.36,,False,,,,
22975,Madrid,Bioseguridad,perdut,0.0,760,,879.2,,False,,,,
22977,Barcelona,Anestesia,promiscu,0.609,27,342.4,2223.12,-2.6,False,,,,
23004,Barcelona,Anestesia,perdut,0.219,322,,2223.12,,False,,,,
23006,Sevilla,Anestesia,promiscu,0.509,87,111.7,2223.12,-0.23,False,,,,
23006,Sevilla,Bioseguridad,promiscu,0.559,87,186.8,1086.44,-1.22,False,,,,
23046,Barcelona,Bioseguridad,marginal,0.0,1715,,1667.34,,False,,,,
23072,Gipúzkoa,Anestesia,perdut,0.371,223,,2223.12,,False,,,,
23088,Granada,Anestesia,promiscu,0.319,80,297.4,2223.12,-2.03,False,,,,
23088,Granada,Bioseguridad,perdut,0.0,1708,,1086.44,,False,,,,
23103,Alicante,Anestesia,perdut,0.737,196,,1802.36,,False,,,,
23103,Alicante,Bioseguridad,perdut,0.0,389,,879.2,,False,,,,
23112,Sta.Cruz Tenerife,Anestesia,en_risc,1.031,17,138.1,2223.12,-1.33,True,caiguda_share,0.0,mitja,"Client en_risc de Anestesia (Share 12m: 103%). El seu cicle de compra és de 138 dies. Porta 17 dies sense comprar (-121 dies de coll). Tenia share alt, però en els últims 3 mesos ha caigut substancialment."
23153,Cantabria,Anestesia,fidel,1.378,34,170.6,3410.04,-4.72,False,,,,
23153,Cantabria,Bioseguridad,perdut,0.777,207,,1667.34,,False,,,,
23159,Almería,Anestesia,fidel,1.303,62,97.2,2223.12,-1.09,False,,,,
23159,Almería,Bioseguridad,perdut,1.171,187,,1086.44,,False,,,,
23176,Barcelona,Bioseguridad,en_risc,0.369,91,,879.2,,False,,,,
23180,Granada,Anestesia,perdut,0.0,1278,,2223.12,,False,,,,
23194,Granada,Anestesia,perdut,0.0,397,,2223.12,,False,,,,
23194,Granada,Bioseguridad,fidel,2.325,33,66.1,1086.44,-1.32,False,,,,
23196,Las Palmas,Anestesia,perdut,0.109,210,,3410.04,,False,,,,
23200,Madrid,Anestesia,marginal,0.165,69,,2223.12,,False,,,,
23200,Madrid,Bioseguridad,perdut,0.366,243,,1086.44,,False,,,,
23206,Granada,Anestesia,perdut,0.252,315,,1802.36,,False,,,,
23210,Cuenca,Anestesia,perdut,0.0,419,,2223.12,,False,,,,
23213,Madrid,Anestesia,perdut,0.0,936,,2223.12,,False,,,,
23257,Tarragona,Anestesia,perdut,1.029,126,,2223.12,,False,,,,
23261,Castellón,Anestesia,perdut,1.423,117,,2223.12,,False,,,,
23278,Cáceres,Anestesia,perdut,0.0,1788,,2223.12,,False,,,,
23292,Valencia,Bioseguridad,marginal,0.0,461,,1667.34,,False,,,,
23316,Alicante,Bioseguridad,marginal,0.0,1448,,879.2,,False,,,,
23329,Valencia,Anestesia,marginal,0.06,160,,3410.04,,False,,,,
23329,Valencia,Bioseguridad,perdut,0.486,340,,1667.34,,False,,,,
23332,A Coruña,Bioseguridad,perdut,0.058,249,,1086.44,,False,,,,
23335,Guadalajara,Anestesia,fidel,0.994,82,165.3,3410.04,-0.8,False,,,,
23343,Madrid,Anestesia,marginal,0.225,27,,2223.12,,False,,,,
23388,Albacete,Anestesia,perdut,0.383,181,,2223.12,,False,,,,
23407,Valladolid,Bioseguridad,marginal,0.0,383,,1086.44,,False,,,,
23423,Asturias,Anestesia,perdut,0.531,203,,2223.12,,False,,,,
23429,Lleida,Anestesia,perdut,0.085,292,,2223.12,,False,,,,
23458,Vizcaya,Anestesia,perdut,0.0,1167,,3410.04,,False,,,,
23458,Vizcaya,Bioseguridad,marginal,0.0,1740,,1667.34,,False,,,,
23463,Valladolid,Anestesia,perdut,0.328,300,,1802.36,,False,,,,
23463,Valladolid,Bioseguridad,perdut,1.106,217,,879.2,,False,,,,
23464,Baleares,Anestesia,promiscu,0.681,66,199.5,1802.36,-1.47,False,,,,
23467,Madrid,Anestesia,perdut,0.18,314,,2223.12,,False,,,,
23468,Madrid,Anestesia,perdut,0.789,98,,2223.12,,False,,,,
23468,Madrid,Bioseguridad,en_risc,0.373,208,,1086.44,,False,,,,
23469,Madrid,Anestesia,perdut,0.225,214,,2223.12,,False,,,,
23469,Madrid,Bioseguridad,perdut,0.0,1291,,1086.44,,False,,,,
23508,Málaga,Anestesia,perdut,0.0,1643,,2223.12,,False,,,,
23542,Navarra,Anestesia,perdut,0.496,111,,1802.36,,False,,,,
23568,Madrid,Anestesia,perdut,0.0,717,,2223.12,,False,,,,
23568,Madrid,Bioseguridad,perdut,0.0,460,,1086.44,,False,,,,
23571,Albacete,Bioseguridad,marginal,0.0,1524,,1086.44,,False,,,,
23581,Madrid,Anestesia,marginal,0.0,410,,1802.36,,False,,,,
23581,Madrid,Bioseguridad,marginal,0.0,405,,879.2,,False,,,,
23582,Sta.Cruz Tenerife,Anestesia,perdut,0.0,892,,2223.12,,False,,,,
23589,Granada,Anestesia,fidel,0.907,69,288.0,2223.12,-0.76,False,,,,
23589,Granada,Bioseguridad,perdut,0.0,1260,,1086.44,,False,,,,
23607,Barcelona,Anestesia,perdut,1.051,157,,2223.12,,False,,,,
23631,Granada,Anestesia,fidel,1.414,54,160.5,2223.12,-1.39,False,,,,
23631,Granada,Bioseguridad,perdut,0.0,1333,,1086.44,,False,,,,
23649,Madrid,Anestesia,perdut,0.672,97,,3410.04,,False,,,,
23651,Valencia,Anestesia,perdut,0.598,243,,2223.12,,False,,,,
23651,Valencia,Bioseguridad,perdut,0.918,243,,1086.44,,False,,,,
23656,Valencia,Anestesia,perdut,0.0,1055,,3410.04,,False,,,,
23706,Almería,Anestesia,perdut,1.178,174,,2223.12,,False,,,,
23706,Almería,Bioseguridad,perdut,0.0,462,,1086.44,,False,,,,
23718,Madrid,Anestesia,perdut,0.258,314,,2223.12,,False,,,,
23718,Madrid,Bioseguridad,perdut,0.0,740,,1086.44,,False,,,,
23726,Madrid,Bioseguridad,marginal,0.0,1567,,1086.44,,False,,,,
23729,Zaragoza,Anestesia,promiscu,0.541,39,213.9,2223.12,-1.86,False,,,,
23733,Ciudad Real,Anestesia,perdut,0.505,150,,2223.12,,False,,,,
23733,Ciudad Real,Bioseguridad,fidel,0.878,42,170.1,1086.44,-0.99,False,,,,
23750,Madrid,Anestesia,perdut,0.278,119,,1802.36,,False,,,,
23752,Madrid,Anestesia,perdut,0.0,943,,1802.36,,False,,,,
23764,Albacete,Anestesia,perdut,0.266,150,,2223.12,,False,,,,
23791,Granada,Bioseguridad,perdut,0.0,627,,1086.44,,False,,,,
23804,Castellón,Anestesia,fidel,1.844,17,208.6,2223.12,-2.24,False,,,,
23807,Granada,Anestesia,promiscu,0.351,47,538.7,2223.12,-1.28,False,,,,
23807,Granada,Bioseguridad,perdut,0.0,1643,,1086.44,,False,,,,
23808,Madrid,Anestesia,promiscu,0.253,33,306.0,2223.12,-1.64,False,,,,
23814,Granada,Anestesia,perdut,0.567,102,,2223.12,,False,,,,
23817,Las Palmas,Anestesia,perdut,0.082,172,,2223.12,,False,,,,
23839,Madrid,Anestesia,perdut,0.0,419,,2223.12,,False,,,,
23839,Madrid,Bioseguridad,perdut,0.0,595,,1086.44,,False,,,,
23847,Baleares,Anestesia,fidel,2.358,17,57.9,2223.12,-0.84,False,,,,
23847,Baleares,Bioseguridad,perdut,0.0,1643,,1086.44,,False,,,,
23867,Valencia,Anestesia,perdut,0.0,1272,,1802.36,,False,,,,
23876,Barcelona,Anestesia,marginal,0.0,1540,,2223.12,,False,,,,
23908,Murcia,Anestesia,fidel,2.048,45,77.8,2223.12,-0.81,False,,,,
23908,Murcia,Bioseguridad,en_risc,1.615,45,73.6,1086.44,-0.77,True,caiguda_share,0.0,mitja,"Client en_risc de Bioseguridad (Share 12m: 162%). El seu cicle de compra és de 74 dies. Porta 45 dies sense comprar (-29 dies de coll). Tenia share alt, però en els últims 3 mesos ha caigut substancialment."
23927,Barcelona,Anestesia,perdut,0.0,1517,,3410.04,,False,,,,
23943,La Rioja,Anestesia,perdut,0.0,543,,3410.04,,False,,,,
23943,La Rioja,Bioseguridad,perdut,0.389,145,,1667.34,,False,,,,
23982,Barcelona,Anestesia,perdut,0.526,244,,4546.72,,False,,,,
24046,Almería,Anestesia,en_risc,0.393,59,123.1,3410.04,-0.52,True,caiguda_share,2068.94,mitja,"Client en_risc de Anestesia (Share 12m: 39%). El seu cicle de compra és de 123 dies. Porta 59 dies sense comprar (-64 dies de coll). Tenia share alt, però en els últims 3 mesos ha caigut substancialment."
24046,Almería,Bioseguridad,fidel,2.13,47,62.9,1667.34,-0.4,False,,,,
24137,Badajoz,Anestesia,fidel,0.871,19,70.9,4546.72,-1.48,False,,,,
24137,Badajoz,Bioseguridad,marginal,0.0,1370,,2223.12,,False,,,,
24141,Albacete,Anestesia,marginal,0.0,1146,,3410.04,,False,,,,
24195,Barcelona,Anestesia,promiscu,0.594,80,336.4,2223.12,-2.44,False,,,,
24195,Barcelona,Bioseguridad,perdut,0.597,336,,1086.44,,False,,,,
24217,Sta.Cruz Tenerife,Anestesia,perdut,0.175,104,,3410.04,,False,,,,
24226,Barcelona,Anestesia,en_risc,1.093,25,115.0,2223.12,-2.03,True,caiguda_share,0.0,mitja,"Client en_risc de Anestesia (Share 12m: 109%). El seu cicle de compra és de 115 dies. Porta 25 dies sense comprar (-90 dies de coll). Tenia share alt, però en els últims 3 mesos ha caigut substancialment."
24226,Barcelona,Bioseguridad,perdut,0.298,348,,1086.44,,False,,,,
24238,Alicante,Anestesia,perdut,1.209,108,,3410.04,,False,,,,
24238,Alicante,Bioseguridad,marginal,0.0,746,,1667.34,,False,,,,
24257,Barcelona,Anestesia,perdut,0.554,182,,1802.36,,False,,,,
24257,Barcelona,Bioseguridad,perdut,0.553,182,,879.2,,False,,,,
24279,Barcelona,Anestesia,perdut,0.438,189,,3410.04,,False,,,,
24279,Barcelona,Bioseguridad,en_risc,0.658,46,63.9,1667.34,-0.99,True,caiguda_share,570.39,mitja,"Client en_risc de Bioseguridad (Share 12m: 66%). El seu cicle de compra és de 64 dies. Porta 46 dies sense comprar (-18 dies de coll). Tenia share alt, però en els últims 3 mesos ha caigut substancialment."
24325,Sta.Cruz Tenerife,Anestesia,promiscu,0.504,81,117.6,2223.12,-0.7,False,,,,
24330,Valladolid,Anestesia,perdut,0.218,181,,2223.12,,False,,,,
24385,Valencia,Anestesia,fidel,0.868,17,188.7,5683.4,-2.61,False,,,,
24385,Valencia,Bioseguridad,promiscu,0.372,17,301.2,2778.9,-2.06,False,,,,
24454,Barcelona,Anestesia,fidel,3.439,33,53.8,2223.12,-0.59,False,,,,
24465,Granada,Anestesia,perdut,0.159,311,,1802.36,,False,,,,
24468,Álava,Anestesia,fidel,1.456,35,63.7,4546.72,-0.66,False,,,,
24474,Tarragona,Anestesia,perdut,0.0,515,,3410.04,,False,,,,
24474,Tarragona,Bioseguridad,perdut,0.0,514,,1667.34,,False,,,,
24485,Madrid,Anestesia,perdut,0.0,784,,11366.8,,False,,,,
24485,Madrid,Bioseguridad,perdut,0.0,1194,,5557.8,,False,,,,
24487,Sevilla,Anestesia,perdut,0.297,265,,2223.12,,False,,,,
24487,Sevilla,Bioseguridad,perdut,0.805,265,,1086.44,,False,,,,
24508,Alicante,Anestesia,perdut,0.0,1628,,2223.12,,False,,,,
24513,Vizcaya,Anestesia,perdut,0.606,244,,3410.04,,False,,,,
24531,Badajoz,Anestesia,fidel,2.483,19,64.0,2223.12,-1.37,False,,,,
24531,Badajoz,Bioseguridad,fidel,7.318,19,33.3,1086.44,-1.3,False,,,,
24533,Cantabria,Anestesia,perdut,0.52,185,,3410.04,,False,,,,
24533,Cantabria,Bioseguridad,perdut,0.389,213,,1667.34,,False,,,,
24539,Granada,Anestesia,perdut,0.2,179,,2223.12,,False,,,,
24539,Granada,Bioseguridad,perdut,0.0,804,,1086.44,,False,,,,
24561,Segovia,Anestesia,perdut,0.268,178,,2223.12,,False,,,,
24561,Segovia,Bioseguridad,perdut,1.157,178,,1086.44,,False,,,,
24564,Madrid,Anestesia,fidel,1.754,20,57.5,9093.44,-1.83,False,,,,
24597,Asturias,Anestesia,promiscu,0.75,81,192.4,3410.04,-2.01,False,,,,
24597,Asturias,Bioseguridad,perdut,0.0,531,,1667.34,,False,,,,
24601,Álava,Anestesia,marginal,0.0,1050,,6820.08,,False,,,,
24622,Cádiz,Anestesia,promiscu,0.736,82,78.9,6820.08,0.1,True,reposicio_endarrerida,1800.62,mitja,Client promiscu de Anestesia (Share 12m: 74%). El seu cicle de compra és de 79 dies. Porta 82 dies sense comprar (3 dies de coll). 
24622,Cádiz,Bioseguridad,en_risc,0.677,82,52.5,3334.68,1.39,True,caiguda_share,1076.76,alta,"Client en_risc de Bioseguridad (Share 12m: 68%). El seu cicle de compra és de 53 dies. Porta 82 dies sense comprar (29 dies de coll). Tenia share alt, però en els últims 3 mesos ha caigut substancialment."
24653,Valencia,Anestesia,perdut,0.205,270,,2223.12,,False,,,,
24661,Almería,Anestesia,fidel,1.189,25,579.7,2223.12,-1.33,False,,,,
24661,Almería,Bioseguridad,perdut,0.0,1727,,1086.44,,False,,,,
24678,Lleida,Anestesia,fidel,1.683,38,161.3,2223.12,-2.91,False,,,,
24684,Zaragoza,Anestesia,perdut,0.0,621,,3410.04,,False,,,,
24684,Zaragoza,Bioseguridad,perdut,0.286,238,,1667.34,,False,,,,
24716,Valencia,Anestesia,marginal,0.0,990,,2223.12,,False,,,,
24762,Cáceres,Anestesia,fidel,1.594,74,291.0,2223.12,-1.88,False,,,,
24762,Cáceres,Bioseguridad,perdut,0.746,234,,1086.44,,False,,,,
24766,Las Palmas,Bioseguridad,perdut,0.0,1725,,2223.12,,False,,,,
24781,Madrid,Anestesia,perdut,0.0,1693,,4546.72,,False,,,,
24781,Madrid,Bioseguridad,marginal,0.0,1810,,2223.12,,False,,,,
24808,Burgos,Anestesia,fidel,1.235,33,239.1,2223.12,-6.36,False,,,,
24808,Burgos,Bioseguridad,fidel,1.537,33,221.0,1086.44,-1.53,False,,,,
24838,Granada,Anestesia,perdut,0.0,1298,,2223.12,,False,,,,
24853,Barcelona,Anestesia,perdut,0.359,117,,2223.12,,False,,,,
24853,Barcelona,Bioseguridad,perdut,0.336,117,,1086.44,,False,,,,
24860,Madrid,Anestesia,perdut,0.0,749,,2223.12,,False,,,,
24860,Madrid,Bioseguridad,perdut,0.0,850,,1086.44,,False,,,,
24874,Almería,Anestesia,fidel,1.396,12,117.5,2223.12,-1.62,False,,,,
24874,Almería,Bioseguridad,fidel,1.843,68,90.9,1086.44,-0.35,False,,,,
24879,Baleares,Anestesia,perdut,0.0,698,,4546.72,,False,,,,
24910,Madrid,Anestesia,marginal,0.086,80,,2223.12,,False,,,,
24910,Madrid,Bioseguridad,promiscu,0.498,80,209.5,1086.44,-0.89,False,,,,
24914,Albacete,Anestesia,fidel,1.161,42,232.6,2223.12,-1.4,False,,,,
24914,Albacete,Bioseguridad,marginal,0.245,42,,1086.44,,False,,,,
24916,Málaga,Anestesia,marginal,0.0,955,,2223.12,,False,,,,
24944,Ciudad Real,Anestesia,perdut,0.0,409,,2223.12,,False,,,,
24954,Sta.Cruz Tenerife,Anestesia,promiscu,0.687,17,139.2,2223.12,-3.04,False,,,,
24954,Sta.Cruz Tenerife,Bioseguridad,perdut,0.522,91,,1086.44,,False,,,,
24966,Badajoz,Anestesia,perdut,0.0,572,,2223.12,,False,,,,
24985,Baleares,Anestesia,fidel,1.415,6,91.3,4546.72,-1.11,False,,,,
24991,Tarragona,Anestesia,marginal,0.0,1706,,2223.12,,False,,,,
24993,Madrid,Anestesia,perdut,0.413,116,,3410.04,,False,,,,
24993,Madrid,Bioseguridad,perdut,0.477,116,,1667.34,,False,,,,
25081,Sta.Cruz Tenerife,Bioseguridad,perdut,0.486,159,,1667.34,,False,,,,
25096,Álava,Anestesia,marginal,0.0,945,,2223.12,,False,,,,
25121,Cádiz,Anestesia,promiscu,0.501,32,84.7,2223.12,-1.26,False,,,,
25122,Madrid,Anestesia,perdut,0.0,775,,1802.36,,False,,,,
25122,Madrid,Bioseguridad,marginal,0.0,1173,,879.2,,False,,,,
25129,Madrid,Anestesia,perdut,0.597,178,,1802.36,,False,,,,
25156,Sevilla,Anestesia,marginal,0.107,67,,3410.04,,False,,,,
25156,Sevilla,Bioseguridad,marginal,0.243,67,,1667.34,,False,,,,
25187,Baleares,Anestesia,fidel,1.032,61,97.6,2223.12,-0.57,False,,,,
25211,Madrid,Anestesia,perdut,0.28,201,,2223.12,,False,,,,
25219,Albacete,Anestesia,fidel,1.135,26,40.4,4546.72,-0.61,False,,,,
25219,Albacete,Bioseguridad,perdut,0.137,180,,2223.12,,False,,,,
25221,Pontevedra,Anestesia,promiscu,0.383,90,104.6,3410.04,-0.46,False,,,,
25232,Barcelona,Anestesia,perdut,0.117,117,,3410.04,,False,,,,
25254,Cádiz,Anestesia,promiscu,0.33,32,197.4,2223.12,-1.74,False,,,,
25266,Madrid,Anestesia,perdut,0.0,599,,2223.12,,False,,,,
25266,Madrid,Bioseguridad,perdut,0.439,340,,1086.44,,False,,,,
25274,Valladolid,Bioseguridad,perdut,0.0,434,,879.2,,False,,,,
25290,Granada,Bioseguridad,perdut,0.0,1676,,879.2,,False,,,,
25311,Barcelona,Anestesia,promiscu,0.501,84,256.2,4546.72,-1.8,False,,,,
25314,Girona,Anestesia,perdut,0.309,157,,2223.12,,False,,,,
25315,Murcia,Bioseguridad,perdut,1.044,119,,1086.44,,False,,,,
25397,Pontevedra,Anestesia,fidel,1.121,53,87.3,2223.12,-1.24,False,,,,
25398,Navarra,Anestesia,marginal,0.0,1503,,1802.36,,False,,,,
25409,Cáceres,Anestesia,perdut,0.0,1708,,2223.12,,False,,,,
25409,Cáceres,Bioseguridad,perdut,1.098,199,,1086.44,,False,,,,
25416,Cáceres,Anestesia,fidel,1.513,13,74.3,3410.04,-1.56,False,,,,
25416,Cáceres,Bioseguridad,perdut,0.0,1468,,1667.34,,False,,,,
25446,Madrid,Anestesia,promiscu,0.683,24,29.9,4546.72,-0.27,False,,,,
25450,Málaga,Bioseguridad,perdut,0.0,965,,1086.44,,False,,,,
25515,Madrid,Anestesia,fidel,1.059,83,124.1,3410.04,-0.78,False,,,,
25515,Madrid,Bioseguridad,perdut,0.0,1643,,1667.34,,False,,,,
25518,Asturias,Anestesia,perdut,0.718,180,,2223.12,,False,,,,
25533,Barcelona,Anestesia,perdut,0.492,230,,2223.12,,False,,,,
25542,Las Palmas,Anestesia,fidel,1.657,25,63.6,4546.72,-1.31,False,,,,
25567,Madrid,Anestesia,perdut,0.2,227,,2223.12,,False,,,,
25590,A Coruña,Anestesia,perdut,0.625,111,,4546.72,,False,,,,
25602,Valencia,Anestesia,perdut,0.0,937,,2223.12,,False,,,,
25605,Madrid,Anestesia,perdut,0.0,913,,2223.12,,False,,,,
25605,Madrid,Bioseguridad,perdut,0.22,221,,1086.44,,False,,,,
25643,A Coruña,Bioseguridad,perdut,0.64,294,,1086.44,,False,,,,
25651,Alicante,Anestesia,perdut,0.0,453,,2223.12,,False,,,,
25667,Alicante,Anestesia,promiscu,0.436,48,171.5,3410.04,-1.79,False,,,,
25715,Toledo,Anestesia,perdut,0.447,222,,2223.12,,False,,,,
25715,Toledo,Bioseguridad,fidel,1.098,66,149.2,1086.44,-2.13,False,,,,
25736,Cádiz,Bioseguridad,promiscu,0.739,81,376.0,1086.44,-1.45,False,,,,
25795,Madrid,Anestesia,perdut,0.778,223,,1802.36,,False,,,,
25816,Madrid,Anestesia,promiscu,0.737,67,652.5,1802.36,-1.66,False,,,,
25816,Madrid,Bioseguridad,perdut,1.143,272,,879.2,,False,,,,
25823,,Anestesia,perdut,0.0,1049,,2223.12,,False,,,,
25845,Barcelona,Anestesia,fidel,1.489,35,157.0,2223.12,-1.27,False,,,,
25855,Valencia,Anestesia,perdut,0.0,1466,,1802.36,,False,,,,
25862,Almería,Anestesia,perdut,1.114,95,,2223.12,,False,,,,
25889,Málaga,Bioseguridad,perdut,0.179,286,,1667.34,,False,,,,
25896,Zamora,Anestesia,perdut,0.0,594,,3410.04,,False,,,,
25896,Zamora,Bioseguridad,promiscu,0.435,39,125.2,1667.34,-0.91,False,,,,
25904,Alicante,Anestesia,perdut,0.431,161,,2223.12,,False,,,,
25909,Barcelona,Anestesia,perdut,0.543,110,,3410.04,,False,,,,
25923,Barcelona,Anestesia,promiscu,0.655,28,346.4,1802.36,-2.22,False,,,,
25950,Girona,Anestesia,perdut,0.36,305,,2223.12,,False,,,,
25950,Girona,Bioseguridad,perdut,1.178,102,,1086.44,,False,,,,
25957,Madrid,Anestesia,perdut,0.173,248,,3410.04,,False,,,,
25965,Pontevedra,Anestesia,marginal,0.0,1046,,1802.36,,False,,,,
25972,Toledo,Anestesia,perdut,0.203,287,,1802.36,,False,,,,
25972,Toledo,Bioseguridad,perdut,0.0,1018,,879.2,,False,,,,
25996,Valencia,Anestesia,perdut,0.242,236,,3410.04,,False,,,,
25996,Valencia,Bioseguridad,perdut,0.0,668,,1667.34,,False,,,,
26008,Badajoz,Anestesia,perdut,0.89,164,,2223.12,,False,,,,
26008,Badajoz,Bioseguridad,perdut,0.926,164,,1086.44,,False,,,,
26043,Madrid,Anestesia,perdut,0.0,902,,3410.04,,False,,,,
26062,Barcelona,Anestesia,fidel,1.275,83,121.4,2223.12,-0.57,False,,,,
26062,Barcelona,Bioseguridad,perdut,0.0,1620,,1086.44,,False,,,,
26067,Salamanca,Bioseguridad,perdut,0.0,1165,,1667.34,,False,,,,
26068,Cantabria,Anestesia,perdut,0.0,424,,2223.12,,False,,,,
26068,Cantabria,Bioseguridad,perdut,0.0,459,,1086.44,,False,,,,
26093,Murcia,Anestesia,promiscu,0.385,38,157.1,2223.12,-0.99,False,,,,
26093,Murcia,Bioseguridad,perdut,0.0,1643,,1086.44,,False,,,,
26095,Barcelona,Anestesia,promiscu,0.388,55,138.8,6820.08,-1.32,False,,,,
26107,Barcelona,Anestesia,perdut,0.812,159,,3410.04,,False,,,,
26107,Barcelona,Bioseguridad,perdut,0.583,335,,1667.34,,False,,,,
26116,Madrid,Anestesia,perdut,0.111,313,,3410.04,,False,,,,
26119,Navarra,Anestesia,perdut,0.0,466,,2223.12,,False,,,,
26119,Navarra,Bioseguridad,perdut,0.0,1774,,1086.44,,False,,,,
26122,Barcelona,Anestesia,perdut,0.0,1343,,6820.08,,False,,,,
26135,León,Anestesia,perdut,0.0,530,,1802.36,,False,,,,
26136,Valladolid,Anestesia,promiscu,0.681,59,121.1,4546.72,-1.38,False,,,,
26136,Valladolid,Bioseguridad,promiscu,0.255,80,697.5,2223.12,-2.55,False,,,,
26137,Girona,Anestesia,marginal,0.0,1683,,3410.04,,False,,,,
26139,Huesca,Anestesia,promiscu,0.535,27,278.8,2223.12,-1.45,False,,,,
26139,Huesca,Bioseguridad,promiscu,0.366,42,246.8,1086.44,-1.55,False,,,,
26160,Barcelona,Anestesia,fidel,0.997,7,147.6,3410.04,-1.26,False,,,,
26168,Madrid,Anestesia,perdut,0.75,209,,2223.12,,False,,,,
26181,La Rioja,Anestesia,marginal,0.0,1763,,2223.12,,False,,,,
26181,La Rioja,Bioseguridad,fidel,10.273,6,74.5,1086.44,-2.83,False,,,,
26192,Girona,Anestesia,en_risc,0.728,27,37.2,7956.76,-0.52,True,caiguda_share,2164.15,mitja,"Client en_risc de Anestesia (Share 12m: 73%). El seu cicle de compra és de 37 dies. Porta 27 dies sense comprar (-10 dies de coll). Tenia share alt, però en els últims 3 mesos ha caigut substancialment."
26192,Girona,Bioseguridad,fidel,0.858,27,52.5,3890.46,-0.87,False,,,,
26207,Alicante,Anestesia,fidel,2.87,75,62.7,2223.12,0.38,False,,,,
26207,Alicante,Bioseguridad,perdut,0.746,201,,1086.44,,False,,,,
26221,Madrid,Anestesia,perdut,0.404,236,,2223.12,,False,,,,
26261,Almería,Anestesia,perdut,1.195,118,,2223.12,,False,,,,
26261,Almería,Bioseguridad,fidel,5.228,56,78.5,1086.44,-0.72,False,,,,
26265,Valencia,Anestesia,perdut,0.0,937,,2223.12,,False,,,,
26265,Valencia,Bioseguridad,perdut,0.0,612,,1086.44,,False,,,,
26282,Granada,Anestesia,perdut,0.199,208,,2223.12,,False,,,,
26282,Granada,Bioseguridad,marginal,0.0,1372,,1086.44,,False,,,,
26286,Madrid,Anestesia,promiscu,0.293,56,123.2,1802.36,-0.87,False,,,,
26286,Madrid,Bioseguridad,perdut,0.0,410,,879.2,,False,,,,
26287,Madrid,Anestesia,perdut,0.366,96,,2223.12,,False,,,,
26298,La Rioja,Anestesia,perdut,0.21,180,,2223.12,,False,,,,
26300,Vizcaya,Anestesia,promiscu,0.643,26,225.0,2223.12,-2.16,False,,,,
26300,Vizcaya,Bioseguridad,nou,0.746,77,,1086.44,,False,,,,
26302,Zamora,Anestesia,marginal,0.0,1057,,2223.12,,False,,,,
26302,Zamora,Bioseguridad,marginal,0.0,1057,,1086.44,,False,,,,
26341,Sevilla,Anestesia,perdut,0.0,746,,3410.04,,False,,,,
26346,Huelva,Anestesia,fidel,1.191,33,130.2,4546.72,-1.16,False,,,,
26346,Huelva,Bioseguridad,perdut,0.363,164,,2223.12,,False,,,,
26384,Huesca,Anestesia,perdut,0.203,236,,1802.36,,False,,,,
26402,Madrid,Anestesia,perdut,0.315,164,,2223.12,,False,,,,
26447,Málaga,Anestesia,perdut,0.0,1364,,2223.12,,False,,,,
26449,Valencia,Anestesia,perdut,0.0,1327,,3410.04,,False,,,,
26450,Valencia,Anestesia,perdut,0.529,173,,2223.12,,False,,,,
26468,Madrid,Anestesia,promiscu,0.49,27,203.1,3410.04,-1.13,False,,,,
26468,Madrid,Bioseguridad,perdut,0.0,675,,1667.34,,False,,,,
26488,Asturias,Anestesia,promiscu,0.319,84,410.7,2223.12,-1.21,False,,,,
26509,Cuenca,Anestesia,perdut,0.0,627,,2223.12,,False,,,,
26509,Cuenca,Bioseguridad,perdut,0.298,266,,1086.44,,False,,,,
26552,Lugo,Anestesia,perdut,0.0,889,,3410.04,,False,,,,
26552,Lugo,Bioseguridad,marginal,0.0,1138,,1667.34,,False,,,,
26574,Granada,Anestesia,perdut,0.598,195,,2223.12,,False,,,,
26574,Granada,Bioseguridad,perdut,0.0,844,,1086.44,,False,,,,
26599,Madrid,Anestesia,perdut,0.133,222,,2223.12,,False,,,,
26605,Madrid,Bioseguridad,marginal,0.0,1623,,1086.44,,False,,,,
26606,Madrid,Anestesia,perdut,0.742,102,,2223.12,,False,,,,
26614,Cantabria,Anestesia,fidel,1.109,17,255.7,2223.12,-1.97,False,,,,
26614,Cantabria,Bioseguridad,perdut,1.756,150,,1086.44,,False,,,,
26623,Ciudad Real,Anestesia,perdut,0.0,489,,2223.12,,False,,,,
26633,Barcelona,Anestesia,perdut,0.0,768,,3410.04,,False,,,,
26633,Barcelona,Bioseguridad,marginal,0.162,53,,1667.34,,False,,,,
26643,Toledo,Anestesia,nou,0.203,75,,1802.36,,False,,,,
26672,Madrid,Anestesia,promiscu,0.449,46,61.1,3410.04,-0.48,False,,,,
26672,Madrid,Bioseguridad,fidel,1.371,17,70.1,1667.34,-0.45,False,,,,
26690,Cantabria,Anestesia,perdut,0.0,784,,1802.36,,False,,,,
26694,Almería,Anestesia,fidel,0.999,38,197.2,2223.12,-2.56,False,,,,
26694,Almería,Bioseguridad,marginal,0.0,1531,,1086.44,,False,,,,
26696,Granada,Anestesia,fidel,1.299,74,212.6,2223.12,-0.55,False,,,,
26759,Toledo,Anestesia,promiscu,0.328,84,468.0,1802.36,-1.29,False,,,,
26761,Madrid,Anestesia,promiscu,0.346,39,240.4,1802.36,-1.41,False,,,,
26761,Madrid,Bioseguridad,promiscu,0.645,39,693.0,879.2,-1.51,False,,,,
26765,Málaga,Anestesia,marginal,0.0,1564,,2223.12,,False,,,,
26766,Sevilla,Anestesia,perdut,0.485,271,,2223.12,,False,,,,
26766,Sevilla,Bioseguridad,perdut,0.732,104,,1086.44,,False,,,,
26769,Murcia,Anestesia,fidel,1.327,5,84.3,2223.12,-2.46,False,,,,
26769,Murcia,Bioseguridad,promiscu,0.559,5,174.3,1086.44,-2.25,False,,,,
26789,Barcelona,Anestesia,perdut,0.315,178,,2223.12,,False,,,,
26789,Barcelona,Bioseguridad,marginal,0.0,1767,,1086.44,,False,,,,
26850,Barcelona,Anestesia,promiscu,0.614,59,345.8,1802.36,-1.65,False,,,,
26866,A Coruña,Anestesia,promiscu,0.609,73,193.0,2223.12,-1.18,False,,,,
26866,A Coruña,Bioseguridad,promiscu,0.664,26,148.7,1086.44,-1.38,False,,,,
26898,Sta.Cruz Tenerife,Anestesia,promiscu,0.374,13,36.0,12503.48,-1.14,False,,,,
26898,Sta.Cruz Tenerife,Bioseguridad,en_risc,1.431,48,45.3,6113.58,0.08,True,caiguda_share,0.0,mitja,"Client en_risc de Bioseguridad (Share 12m: 143%). El seu cicle de compra és de 45 dies. Porta 48 dies sense comprar (3 dies de coll). Tenia share alt, però en els últims 3 mesos ha caigut substancialment."
26902,Toledo,Anestesia,perdut,0.0,894,,2223.12,,False,,,,
26902,Toledo,Bioseguridad,marginal,0.0,626,,1086.44,,False,,,,
26905,Barcelona,Anestesia,fidel,1.638,26,17.3,2223.12,0.62,False,,,,
26919,León,Bioseguridad,promiscu,0.585,81,357.0,1086.44,-0.82,False,,,,
26923,Valencia,Anestesia,nou,0.208,28,,3410.04,,False,,,,
26923,Valencia,Bioseguridad,promiscu,0.295,39,117.7,1667.34,-1.41,False,,,,
26926,Sta.Cruz Tenerife,Anestesia,fidel,1.795,70,102.0,3410.04,-0.85,False,,,,
26941,Jaén,Anestesia,promiscu,0.732,55,99.9,1802.36,-1.51,False,,,,
27037,Madrid,Anestesia,perdut,0.202,164,,3410.04,,False,,,,
27046,Ávila,Anestesia,perdut,0.0,1246,,1802.36,,False,,,,
27046,Ávila,Bioseguridad,marginal,0.0,934,,879.2,,False,,,,
27059,Málaga,Anestesia,perdut,0.819,129,,2223.12,,False,,,,
27059,Málaga,Bioseguridad,en_risc,1.489,59,253.6,1086.44,-0.54,True,caiguda_share,0.0,mitja,"Client en_risc de Bioseguridad (Share 12m: 149%). El seu cicle de compra és de 254 dies. Porta 59 dies sense comprar (-195 dies de coll). Tenia share alt, però en els últims 3 mesos ha caigut substancialment."
27082,Asturias,Anestesia,promiscu,0.592,19,116.2,4546.72,-1.22,False,,,,
27090,Pontevedra,Anestesia,promiscu,0.517,87,234.3,2223.12,-1.09,False,,,,
27108,Valencia,Anestesia,promiscu,0.598,60,570.0,2223.12,-6.94,False,,,,
27125,Zaragoza,Anestesia,promiscu,0.516,46,112.1,4546.72,-1.27,False,,,,
27130,Asturias,Anestesia,fidel,0.995,59,236.0,2223.12,-0.75,False,,,,
27133,Sevilla,Anestesia,fidel,3.374,33,57.2,3410.04,-0.44,False,,,,
27134,Madrid,Anestesia,fidel,1.309,53,169.0,2223.12,-11.72,False,,,,
27134,Madrid,Bioseguridad,promiscu,0.373,53,757.5,1086.44,-0.78,False,,,,
27145,Madrid,Anestesia,perdut,0.0,1048,,3410.04,,False,,,,
27145,Madrid,Bioseguridad,fidel,0.954,41,93.6,1667.34,-1.05,False,,,,
27151,Madrid,Anestesia,promiscu,0.609,80,396.5,2223.12,-3.2,False,,,,
27152,Granada,Anestesia,perdut,0.0,1410,,2223.12,,False,,,,
27159,Vizcaya,Anestesia,perdut,0.643,229,,2223.12,,False,,,,
27159,Vizcaya,Bioseguridad,marginal,0.0,370,,1086.44,,False,,,,
27161,Barcelona,Anestesia,fidel,0.9,28,143.8,3410.04,-1.65,False,,,,
27172,Madrid,Anestesia,fidel,1.918,73,90.7,2223.12,-0.46,False,,,,
27172,Madrid,Bioseguridad,marginal,0.0,984,,1086.44,,False,,,,
27179,Asturias,Anestesia,fidel,0.947,74,139.5,2223.12,-1.23,False,,,,
27193,Valencia,Anestesia,perdut,0.638,304,,2223.12,,False,,,,
27193,Valencia,Bioseguridad,promiscu,0.64,90,335.5,1086.44,-0.92,False,,,,
27207,Madrid,Bioseguridad,perdut,0.0,419,,1086.44,,False,,,,
27238,Girona,Anestesia,fidel,1.196,55,95.8,3410.04,-0.95,False,,,,
27238,Girona,Bioseguridad,fidel,3.433,55,56.9,1667.34,-0.05,False,,,,
27243,Lugo,Anestesia,perdut,0.0,798,,3410.04,,False,,,,
27245,Cáceres,Anestesia,en_risc,2.772,40,102.9,2223.12,-0.32,True,caiguda_share,0.0,mitja,"Client en_risc de Anestesia (Share 12m: 277%). El seu cicle de compra és de 103 dies. Porta 40 dies sense comprar (-63 dies de coll). Tenia share alt, però en els últims 3 mesos ha caigut substancialment."
27245,Cáceres,Bioseguridad,perdut,0.0,930,,1086.44,,False,,,,
27272,Salamanca,Anestesia,perdut,0.148,206,,2223.12,,False,,,,
27275,Burgos,Anestesia,fidel,0.793,38,133.0,5683.4,-3.06,False,,,,
27289,Murcia,Bioseguridad,promiscu,0.57,45,134.9,2223.12,-0.79,False,,,,
27294,Ciudad Real,Anestesia,perdut,0.0,523,,2223.12,,False,,,,
27316,Cuenca,Anestesia,perdut,0.0,397,,2223.12,,False,,,,
27328,Valencia,Anestesia,perdut,0.873,230,,3410.04,,False,,,,
27364,Madrid,Anestesia,perdut,0.204,173,,3410.04,,False,,,,
27364,Madrid,Bioseguridad,perdut,0.0,1209,,1667.34,,False,,,,
27375,Madrid,Anestesia,en_risc,0.936,18,158.0,3410.04,-1.33,True,caiguda_share,216.68,mitja,"Client en_risc de Anestesia (Share 12m: 94%). El seu cicle de compra és de 158 dies. Porta 18 dies sense comprar (-140 dies de coll). Tenia share alt, però en els últims 3 mesos ha caigut substancialment."
27445,Sevilla,Anestesia,perdut,0.114,206,,3410.04,,False,,,,
27447,Madrid,Anestesia,marginal,0.0,1333,,1802.36,,False,,,,
27451,A Coruña,Anestesia,fidel,1.266,55,101.1,2223.12,-0.65,False,,,,
27451,A Coruña,Bioseguridad,promiscu,0.373,55,181.7,1086.44,-3.61,False,,,,
27465,Madrid,Anestesia,perdut,0.723,119,,2223.12,,False,,,,
27465,Madrid,Bioseguridad,perdut,0.0,1146,,1086.44,,False,,,,
27520,León,Anestesia,perdut,0.797,167,,2223.12,,False,,,,
27529,Vizcaya,Anestesia,perdut,0.416,263,,4546.72,,False,,,,
27529,Vizcaya,Bioseguridad,perdut,0.0,536,,2223.12,,False,,,,
27566,Almería,Anestesia,fidel,0.773,34,252.7,2223.12,-4.53,False,,,,
27566,Almería,Bioseguridad,fidel,1.464,34,166.9,1086.44,-2.22,False,,,,
27567,Granada,Anestesia,perdut,0.58,305,,2223.12,,False,,,,
27567,Granada,Bioseguridad,perdut,0.522,305,,1086.44,,False,,,,
27592,Valencia,Anestesia,perdut,0.317,292,,1802.36,,False,,,,
27626,Pontevedra,Anestesia,perdut,0.0,733,,3410.04,,False,,,,
27626,Pontevedra,Bioseguridad,perdut,0.0,444,,1667.34,,False,,,,
27665,Madrid,Anestesia,promiscu,0.478,70,147.0,3410.04,-0.78,False,,,,
27665,Madrid,Bioseguridad,fidel,0.837,46,140.1,1667.34,-2.15,False,,,,
27678,Granada,Anestesia,perdut,0.0,899,,3410.04,,False,,,,
27680,Asturias,Anestesia,fidel,1.654,17,125.7,3410.04,-0.43,False,,,,
27691,Ciudad Real,Anestesia,promiscu,0.598,68,458.5,2223.12,-2.22,False,,,,
27693,La Rioja,Anestesia,perdut,0.0,549,,3410.04,,False,,,,
27694,Huelva,Anestesia,fidel,1.855,27,30.9,3410.04,-0.26,False,,,,
27694,Huelva,Bioseguridad,perdut,0.0,383,,1667.34,,False,,,,
27701,Barcelona,Anestesia,perdut,0.279,229,,4546.72,,False,,,,
27724,Las Palmas,Anestesia,perdut,0.066,173,,2223.12,,False,,,,
27726,Murcia,Anestesia,promiscu,0.598,68,109.0,2223.12,-0.42,False,,,,
27731,Cádiz,Anestesia,promiscu,0.462,40,237.7,2223.12,-1.22,False,,,,
27731,Cádiz,Bioseguridad,fidel,0.922,40,200.1,1086.44,-1.75,False,,,,
27735,Barcelona,Anestesia,promiscu,0.478,54,341.0,2223.12,-1.06,False,,,,
27743,Granada,Bioseguridad,perdut,0.0,1684,,1086.44,,False,,,,
27759,Madrid,Anestesia,perdut,0.0,976,,2223.12,,False,,,,
27760,Madrid,Anestesia,promiscu,0.549,24,193.9,2223.12,-1.41,False,,,,
27764,Salamanca,Anestesia,fidel,1.032,61,143.4,1802.36,-1.37,False,,,,
27767,Jaén,Bioseguridad,perdut,0.543,214,,2223.12,,False,,,,
27776,Almería,Anestesia,perdut,0.0,1278,,2223.12,,False,,,,
27776,Almería,Bioseguridad,perdut,0.0,1406,,1086.44,,False,,,,
27815,Barcelona,Anestesia,perdut,0.0,915,,1802.36,,False,,,,
27826,Granada,Anestesia,perdut,0.272,313,,2223.12,,False,,,,
27827,Salamanca,Anestesia,perdut,0.0,1790,,1802.36,,False,,,,
27831,Córdoba,Bioseguridad,nou,0.298,47,,1086.44,,False,,,,
27839,Guadalajara,Anestesia,promiscu,0.481,26,208.1,2223.12,-1.4,False,,,,
27839,Guadalajara,Bioseguridad,fidel,2.062,26,94.5,1086.44,-1.82,False,,,,
27842,Albacete,Bioseguridad,perdut,0.373,278,,1086.44,,False,,,,
27850,Segovia,Anestesia,fidel,1.81,59,96.6,2223.12,-0.85,False,,,,
27852,Madrid,Anestesia,perdut,0.0,595,,2223.12,,False,,,,
27852,Madrid,Bioseguridad,perdut,0.0,1203,,1086.44,,False,,,,
27897,Murcia,Anestesia,perdut,0.381,209,,1802.36,,False,,,,
27907,Guadalajara,Anestesia,perdut,0.175,283,,2223.12,,False,,,,
27907,Guadalajara,Bioseguridad,fidel,1.321,61,157.2,1086.44,-1.02,False,,,,
27919,Cádiz,Anestesia,promiscu,0.46,48,290.0,2223.12,-2.01,False,,,,
27919,Cádiz,Bioseguridad,promiscu,0.366,48,174.0,1086.44,-1.69,False,,,,
27923,Barcelona,Anestesia,promiscu,0.522,87,483.0,2223.12,-4.32,False,,,,
27932,Burgos,Anestesia,perdut,0.0,1491,,4546.72,,False,,,,
27932,Burgos,Bioseguridad,perdut,0.802,108,,2223.12,,False,,,,
27941,Sta.Cruz Tenerife,Anestesia,marginal,0.234,39,,4546.72,,False,,,,
27948,Navarra,Anestesia,promiscu,0.465,6,,1802.36,,False,,,,
27948,Navarra,Bioseguridad,marginal,0.146,6,,879.2,,False,,,,
27962,Valencia,Anestesia,perdut,0.657,172,,2223.12,,False,,,,
27963,Alicante,Anestesia,fidel,0.812,47,170.7,3410.04,-1.71,False,,,,
27964,Barcelona,Anestesia,fidel,1.179,12,125.0,2223.12,-2.23,False,,,,
27990,Madrid,Anestesia,promiscu,0.523,59,240.5,5683.4,-0.9,False,,,,
27995,Las Palmas,Anestesia,perdut,3.104,94,,4546.72,,False,,,,
27995,Las Palmas,Bioseguridad,perdut,10.227,94,,2223.12,,False,,,,
28026,Castellón,Anestesia,promiscu,0.7,70,185.9,3410.04,-1.5,False,,,,
28026,Castellón,Bioseguridad,perdut,0.0,678,,1667.34,,False,,,,
28043,Sta.Cruz Tenerife,Anestesia,fidel,1.187,40,60.6,3410.04,-0.81,False,,,,
28043,Sta.Cruz Tenerife,Bioseguridad,fidel,1.345,82,88.2,1667.34,-0.14,False,,,,
28051,Madrid,Anestesia,perdut,0.0,1369,,2223.12,,False,,,,
28051,Madrid,Bioseguridad,perdut,0.0,1169,,1086.44,,False,,,,
28057,Madrid,Anestesia,perdut,0.536,230,,2223.12,,False,,,,
28057,Madrid,Bioseguridad,perdut,0.373,230,,1086.44,,False,,,,
28064,Girona,Anestesia,perdut,0.433,186,,2223.12,,False,,,,
28064,Girona,Bioseguridad,marginal,0.0,773,,1086.44,,False,,,,
28065,Barcelona,Anestesia,fidel,2.549,10,124.0,2223.12,-1.59,False,,,,
28071,Granada,Anestesia,perdut,0.0,756,,2223.12,,False,,,,
28071,Granada,Bioseguridad,perdut,0.0,756,,1086.44,,False,,,,
28085,Lleida,Anestesia,fidel,0.844,6,,3410.04,,False,,,,
28093,Sevilla,Anestesia,marginal,0.0,1698,,4546.72,,False,,,,
28105,Granada,Anestesia,perdut,0.58,307,,2223.12,,False,,,,
28105,Granada,Bioseguridad,perdut,0.0,1173,,1086.44,,False,,,,
28119,Granada,Anestesia,perdut,1.059,95,,2223.12,,False,,,,
28120,Sevilla,Anestesia,perdut,0.0,769,,2223.12,,False,,,,
28129,Jaén,Anestesia,perdut,0.0,1076,,2223.12,,False,,,,
28140,Toledo,Anestesia,perdut,0.0,377,,2223.12,,False,,,,
28140,Toledo,Bioseguridad,perdut,1.616,203,,1086.44,,False,,,,
28145,Vizcaya,Bioseguridad,marginal,0.0,1197,,1086.44,,False,,,,
28151,Alicante,Anestesia,perdut,0.0,572,,6820.08,,False,,,,
28152,Barcelona,Anestesia,perdut,0.0,426,,2223.12,,False,,,,
28175,Barcelona,Anestesia,perdut,0.371,116,,2223.12,,False,,,,
28215,Madrid,Anestesia,en_risc,0.675,87,48.6,2223.12,1.67,True,caiguda_share,722.35,alta,"Client en_risc de Anestesia (Share 12m: 68%). El seu cicle de compra és de 49 dies. Porta 87 dies sense comprar (38 dies de coll). Tenia share alt, però en els últims 3 mesos ha caigut substancialment."
28221,Madrid,Anestesia,perdut,0.266,298,,2223.12,,False,,,,
28238,Valladolid,Anestesia,marginal,0.0,1525,,1802.36,,False,,,,
28238,Valladolid,Bioseguridad,marginal,0.0,1525,,879.2,,False,,,,
28240,Castellón,Anestesia,marginal,0.0,460,,1802.36,,False,,,,
28242,Madrid,Anestesia,marginal,0.0,405,,3410.04,,False,,,,
28254,Las Palmas,Anestesia,perdut,0.0,621,,5683.4,,False,,,,
28269,Asturias,Anestesia,perdut,0.606,199,,3410.04,,False,,,,
28289,Valencia,Anestesia,fidel,2.391,7,110.3,3410.04,-2.66,False,,,,
28289,Valencia,Bioseguridad,marginal,0.0,670,,1667.34,,False,,,,
28295,Pontevedra,Anestesia,perdut,0.0,802,,2223.12,,False,,,,
28305,Madrid,Bioseguridad,perdut,0.0,1498,,879.2,,False,,,,
28318,Barcelona,Anestesia,perdut,0.261,104,,2223.12,,False,,,,
28318,Barcelona,Bioseguridad,marginal,0.0,1704,,1086.44,,False,,,,
28337,A Coruña,Anestesia,promiscu,0.507,77,101.7,3410.04,-0.65,False,,,,
28337,A Coruña,Bioseguridad,perdut,0.0,571,,1667.34,,False,,,,
28342,Valencia,Anestesia,promiscu,0.507,60,252.0,3410.04,-2.34,False,,,,
28357,Barcelona,Anestesia,fidel,1.05,54,158.4,2223.12,-1.66,False,,,,
28378,Las Palmas,Anestesia,fidel,0.856,14,178.1,3410.04,-2.73,False,,,,
28399,Sta.Cruz Tenerife,Anestesia,en_risc,0.481,27,214.7,2223.12,-1.69,True,caiguda_share,1154.83,mitja,"Client en_risc de Anestesia (Share 12m: 48%). El seu cicle de compra és de 215 dies. Porta 27 dies sense comprar (-188 dies de coll). Tenia share alt, però en els últims 3 mesos ha caigut substancialment."
28408,A Coruña,Anestesia,perdut,0.381,348,,2223.12,,False,,,,
28408,A Coruña,Bioseguridad,perdut,0.298,348,,1086.44,,False,,,,
28420,Segovia,Anestesia,perdut,1.039,186,,3410.04,,False,,,,
28420,Segovia,Bioseguridad,fidel,0.964,7,234.7,1667.34,-4.59,False,,,,
28462,Sevilla,Anestesia,perdut,0.266,222,,2223.12,,False,,,,
28462,Sevilla,Bioseguridad,perdut,0.0,447,,1086.44,,False,,,,
28472,Murcia,Anestesia,promiscu,0.524,24,389.5,2223.12,-2.02,False,,,,
28472,Murcia,Bioseguridad,perdut,0.0,482,,1086.44,,False,,,,
28477,Pontevedra,Anestesia,en_risc,0.835,7,96.8,2223.12,-1.42,True,caiguda_share,366.37,mitja,"Client en_risc de Anestesia (Share 12m: 84%). El seu cicle de compra és de 97 dies. Porta 7 dies sense comprar (-90 dies de coll). Tenia share alt, però en els últims 3 mesos ha caigut substancialment."
28478,Barcelona,Anestesia,fidel,1.544,27,44.4,4546.72,-0.83,False,,,,
28478,Barcelona,Bioseguridad,fidel,3.269,27,46.8,2223.12,-1.06,False,,,,
28486,Madrid,Anestesia,perdut,0.0,1032,,2223.12,,False,,,,
28523,Valencia,Anestesia,perdut,0.0,634,,2223.12,,False,,,,
28530,Cuenca,Anestesia,marginal,0.0,469,,4546.72,,False,,,,
28530,Cuenca,Bioseguridad,perdut,0.0,391,,2223.12,,False,,,,
28536,Barcelona,Anestesia,perdut,0.0,796,,3410.04,,False,,,,
28536,Barcelona,Bioseguridad,perdut,0.583,332,,1667.34,,False,,,,
28540,Orense,Anestesia,perdut,0.629,306,,2223.12,,False,,,,
28541,Cádiz,Anestesia,perdut,0.491,284,,2223.12,,False,,,,
28558,Sta.Cruz Tenerife,Anestesia,perdut,0.0,605,,2223.12,,False,,,,
28560,Granada,Anestesia,perdut,0.0,668,,1802.36,,False,,,,
28570,Barcelona,Anestesia,perdut,0.0,1147,,2223.12,,False,,,,
28588,Madrid,Bioseguridad,perdut,1.03,320,,1086.44,,False,,,,
28605,Salamanca,Anestesia,perdut,0.485,224,,2223.12,,False,,,,
28628,Alicante,Anestesia,perdut,0.0,816,,2223.12,,False,,,,
28629,Madrid,Anestesia,perdut,0.252,313,,2223.12,,False,,,,
28629,Madrid,Bioseguridad,perdut,0.249,313,,1086.44,,False,,,,
28632,Sta.Cruz Tenerife,Anestesia,promiscu,0.534,54,100.1,5683.4,-1.14,False,,,,
28655,Barcelona,Anestesia,perdut,0.0,1424,,2223.12,,False,,,,
28660,Barcelona,Anestesia,perdut,0.0,1036,,3410.04,,False,,,,
28660,Barcelona,Bioseguridad,perdut,0.0,1141,,1667.34,,False,,,,
28675,Las Palmas,Anestesia,perdut,0.0,648,,2223.12,,False,,,,
28685,Pontevedra,Anestesia,perdut,0.165,290,,2223.12,,False,,,,
28685,Pontevedra,Bioseguridad,marginal,0.0,1536,,1086.44,,False,,,,
28704,Barcelona,Anestesia,perdut,0.319,94,,2223.12,,False,,,,
28706,Valencia,Anestesia,fidel,1.384,52,184.3,2223.12,-2.34,False,,,,
28706,Valencia,Bioseguridad,marginal,0.124,27,,1086.44,,False,,,,
28707,León,Anestesia,perdut,0.17,207,,2223.12,,False,,,,
28715,Pontevedra,Anestesia,fidel,0.77,32,145.4,1802.36,-1.3,False,,,,
28742,Granada,Anestesia,fidel,3.199,53,128.6,2223.12,-0.91,False,,,,
28742,Granada,Bioseguridad,fidel,3.728,53,432.0,1086.44,-0.69,False,,,,
28763,Málaga,Anestesia,perdut,0.0,381,,2223.12,,False,,,,
28763,Málaga,Bioseguridad,perdut,0.0,381,,1086.44,,False,,,,
28766,Ciudad Real,Anestesia,perdut,0.778,108,,2223.12,,False,,,,
28768,Ávila,Anestesia,perdut,0.387,279,,2223.12,,False,,,,
28772,Palencia,Anestesia,marginal,0.133,49,,2223.12,,False,,,,
28772,Palencia,Bioseguridad,fidel,0.774,49,285.5,1086.44,-1.55,False,,,,
28806,Valencia,Anestesia,perdut,0.416,315,,3410.04,,False,,,,
28806,Valencia,Bioseguridad,perdut,0.243,315,,1667.34,,False,,,,
28828,A Coruña,Anestesia,perdut,0.235,208,,2223.12,,False,,,,
28828,A Coruña,Bioseguridad,marginal,0.0,391,,1086.44,,False,,,,
28868,Almería,Anestesia,perdut,0.669,96,,2223.12,,False,,,,
28873,Albacete,Anestesia,marginal,0.202,82,,4546.72,,False,,,,
28892,Madrid,Anestesia,marginal,0.243,47,,3410.04,,False,,,,
28892,Madrid,Bioseguridad,perdut,0.0,1040,,1667.34,,False,,,,
28911,Valladolid,Anestesia,perdut,0.393,132,,1802.36,,False,,,,
28915,Girona,Anestesia,perdut,0.889,223,,2223.12,,False,,,,
28941,Valencia,Anestesia,perdut,0.0,542,,2223.12,,False,,,,
28947,Sevilla,Bioseguridad,perdut,0.364,167,,1667.34,,False,,,,
28957,Alicante,Anestesia,marginal,0.0,910,,2223.12,,False,,,,
28962,Ávila,Anestesia,perdut,1.227,102,,1802.36,,False,,,,
28967,Alicante,Anestesia,perdut,0.0,1694,,1802.36,,False,,,,
28985,Murcia,Anestesia,marginal,0.0,844,,2223.12,,False,,,,
28985,Murcia,Bioseguridad,en_risc,0.298,237,,1086.44,,False,,,,
28987,Cádiz,Anestesia,marginal,0.0,591,,2223.12,,False,,,,
28992,Sta.Cruz Tenerife,Anestesia,en_risc,0.441,45,61.3,4546.72,-0.45,True,caiguda_share,2540.13,mitja,"Client en_risc de Anestesia (Share 12m: 44%). El seu cicle de compra és de 61 dies. Porta 45 dies sense comprar (-16 dies de coll). Tenia share alt, però en els últims 3 mesos ha caigut substancialment."
28992,Sta.Cruz Tenerife,Bioseguridad,en_risc,1.943,45,53.3,2223.12,-0.27,True,caiguda_share,0.0,mitja,"Client en_risc de Bioseguridad (Share 12m: 194%). El seu cicle de compra és de 53 dies. Porta 45 dies sense comprar (-8 dies de coll). Tenia share alt, però en els últims 3 mesos ha caigut substancialment."
29006,Las Palmas,Anestesia,perdut,0.219,311,,2223.12,,False,,,,
29019,Asturias,Anestesia,perdut,0.343,269,,1802.36,,False,,,,
29035,Girona,Anestesia,perdut,0.498,283,,2223.12,,False,,,,
29035,Girona,Bioseguridad,perdut,0.0,1194,,1086.44,,False,,,,
29045,Madrid,Anestesia,perdut,0.205,284,,2223.12,,False,,,,
29060,Barcelona,Anestesia,perdut,0.702,195,,2223.12,,False,,,,
29068,Huelva,Anestesia,perdut,0.812,108,,3410.04,,False,,,,
29074,Almería,Anestesia,perdut,0.0,410,,2223.12,,False,,,,
29074,Almería,Bioseguridad,perdut,0.0,1700,,1086.44,,False,,,,
29109,Salamanca,Anestesia,marginal,0.0,903,,2223.12,,False,,,,
29131,Girona,Anestesia,perdut,0.633,158,,2223.12,,False,,,,
29131,Girona,Bioseguridad,fidel,2.079,63,173.3,1086.44,-0.49,False,,,,
29144,A Coruña,Anestesia,perdut,0.768,126,,3410.04,,False,,,,
29148,Almería,Anestesia,fidel,1.318,54,252.1,1802.36,-2.82,False,,,,
29148,Almería,Bioseguridad,perdut,0.184,207,,879.2,,False,,,,
29150,Madrid,Anestesia,marginal,0.0,556,,3410.04,,False,,,,
29150,Madrid,Bioseguridad,perdut,0.0,843,,1667.34,,False,,,,
29151,Zaragoza,Anestesia,marginal,0.0,1441,,1802.36,,False,,,,
29151,Zaragoza,Bioseguridad,promiscu,0.543,75,609.5,879.2,-1.39,False,,,,
29172,Navarra,Anestesia,perdut,0.413,243,,2223.12,,False,,,,
29172,Navarra,Bioseguridad,marginal,0.0,1587,,1086.44,,False,,,,
29190,Gipúzkoa,Anestesia,perdut,0.21,147,,2223.12,,False,,,,
29199,Las Palmas,Anestesia,marginal,0.0,1416,,2223.12,,False,,,,
29206,Barcelona,Bioseguridad,marginal,0.0,1491,,1086.44,,False,,,,
29207,Navarra,Anestesia,marginal,0.037,312,,4546.72,,False,,,,
29229,Zaragoza,Anestesia,perdut,0.392,202,,2223.12,,False,,,,
29229,Zaragoza,Bioseguridad,promiscu,0.298,73,666.5,1086.44,-2.12,False,,,,
29230,Sta.Cruz Tenerife,Anestesia,fidel,1.169,40,85.8,3410.04,-1.18,False,,,,
29230,Sta.Cruz Tenerife,Bioseguridad,perdut,0.238,210,,1667.34,,False,,,,
29235,Murcia,Anestesia,perdut,0.319,102,,2223.12,,False,,,,
29271,Asturias,Anestesia,fidel,2.24,32,44.4,2223.12,-0.45,False,,,,
29284,Valencia,Bioseguridad,perdut,0.0,1617,,2778.9,,False,,,,
29302,Barcelona,Anestesia,perdut,0.381,264,,1802.36,,False,,,,
29318,Madrid,Anestesia,perdut,0.743,97,,3410.04,,False,,,,
29318,Madrid,Bioseguridad,perdut,0.477,165,,1667.34,,False,,,,
29344,Murcia,Anestesia,perdut,0.0,1515,,2223.12,,False,,,,
29367,Barcelona,Anestesia,fidel,0.942,60,193.2,2223.12,-1.17,False,,,,
29367,Barcelona,Bioseguridad,perdut,0.0,1313,,1086.44,,False,,,,
29376,Sevilla,Anestesia,promiscu,0.743,46,117.6,3410.04,-0.85,False,,,,
29376,Sevilla,Bioseguridad,promiscu,0.627,11,119.2,1667.34,-1.46,False,,,,
29395,Almería,Anestesia,promiscu,0.608,88,336.2,2223.12,-1.47,False,,,,
29396,Asturias,Bioseguridad,marginal,0.0,1692,,2223.12,,False,,,,
29400,Madrid,Bioseguridad,perdut,0.0,1165,,1086.44,,False,,,,
29402,A Coruña,Anestesia,marginal,0.0,1712,,3410.04,,False,,,,
29402,A Coruña,Bioseguridad,perdut,0.0,1071,,1667.34,,False,,,,
29404,A Coruña,Anestesia,perdut,1.141,318,,2223.12,,False,,,,
29406,Sevilla,Anestesia,promiscu,0.346,45,549.5,3410.04,-1.15,False,,,,
29426,Barcelona,Anestesia,fidel,1.594,68,173.7,2223.12,-1.1,False,,,,
29431,Madrid,Anestesia,perdut,0.258,318,,2223.12,,False,,,,
29432,Huesca,Anestesia,fidel,0.809,18,98.8,4546.72,-1.14,False,,,,
29432,Huesca,Bioseguridad,en_risc,1.299,18,74.2,2223.12,-0.94,True,caiguda_share,0.0,mitja,"Client en_risc de Bioseguridad (Share 12m: 130%). El seu cicle de compra és de 74 dies. Porta 18 dies sense comprar (-56 dies de coll). Tenia share alt, però en els últims 3 mesos ha caigut substancialment."
29433,Burgos,Anestesia,perdut,0.0,552,,3410.04,,False,,,,
29437,Granada,Anestesia,perdut,0.52,266,,3410.04,,False,,,,
29437,Granada,Bioseguridad,perdut,0.286,229,,1667.34,,False,,,,
29448,Pontevedra,Anestesia,perdut,0.0,1173,,1802.36,,False,,,,
29477,Almería,Anestesia,fidel,1.108,27,186.8,2223.12,-1.1,False,,,,
29506,Madrid,Anestesia,promiscu,0.598,88,275.2,2223.12,-4.75,False,,,,
29506,Madrid,Bioseguridad,perdut,1.112,284,,1086.44,,False,,,,
29524,Cáceres,Anestesia,perdut,1.478,126,,2223.12,,False,,,,
29582,Alicante,Anestesia,fidel,1.288,27,178.2,2223.12,-2.17,False,,,,
29597,Madrid,Anestesia,fidel,0.965,82,98.1,4546.72,-0.15,False,,,,
29603,Burgos,Anestesia,perdut,0.0,1790,,1802.36,,False,,,,
29605,Navarra,Anestesia,perdut,0.371,206,,2223.12,,False,,,,
29611,Castellón,Anestesia,perdut,0.531,101,,2223.12,,False,,,,
29668,Barcelona,Anestesia,promiscu,0.41,82,185.7,2223.12,-3.12,False,,,,
29669,Barcelona,Anestesia,fidel,1.616,6,66.8,2223.12,-1.45,False,,,,
29669,Barcelona,Bioseguridad,perdut,0.398,201,,1086.44,,False,,,,
29673,Valencia,Anestesia,perdut,0.147,291,,3410.04,,False,,,,
29678,Barcelona,Anestesia,perdut,0.558,91,,2223.12,,False,,,,
29712,Vizcaya,Anestesia,perdut,0.0,565,,2223.12,,False,,,,
29712,Vizcaya,Bioseguridad,fidel,2.049,61,227.3,1086.44,-1.25,False,,,,
29716,Pontevedra,Anestesia,fidel,1.314,55,42.6,4546.72,0.56,False,,,,
29716,Pontevedra,Bioseguridad,perdut,1.034,231,,2223.12,,False,,,,
29731,Madrid,Anestesia,fidel,0.829,17,98.6,3410.04,-1.36,False,,,,
29731,Madrid,Bioseguridad,fidel,1.198,17,104.4,1667.34,-2.2,False,,,,
29734,Sta.Cruz Tenerife,Anestesia,fidel,1.107,35,90.1,2223.12,-1.89,False,,,,
29736,Vizcaya,Anestesia,perdut,0.0,418,,1802.36,,False,,,,
29747,Sta.Cruz Tenerife,Anestesia,en_risc,0.685,38,60.9,4546.72,-0.94,True,caiguda_share,1431.64,mitja,"Client en_risc de Anestesia (Share 12m: 69%). El seu cicle de compra és de 61 dies. Porta 38 dies sense comprar (-23 dies de coll). Tenia share alt, però en els últims 3 mesos ha caigut substancialment."
29748,Madrid,Bioseguridad,marginal,0.0,1685,,1086.44,,False,,,,
29768,Madrid,Anestesia,perdut,1.306,175,,2223.12,,False,,,,
29768,Madrid,Bioseguridad,fidel,2.561,84,66.1,1086.44,0.65,False,,,,
29795,Madrid,Anestesia,promiscu,0.468,73,143.7,4546.72,-1.78,False,,,,
29805,Sevilla,Anestesia,fidel,1.403,24,55.2,2223.12,-1.17,False,,,,
29805,Sevilla,Bioseguridad,perdut,0.646,314,,1086.44,,False,,,,
29827,Madrid,Anestesia,perdut,0.0,480,,2223.12,,False,,,,
29827,Madrid,Bioseguridad,perdut,0.0,480,,1086.44,,False,,,,
29838,Badajoz,Anestesia,fidel,1.424,82,153.9,2223.12,-0.34,False,,,,
29838,Badajoz,Bioseguridad,fidel,4.474,25,58.3,1086.44,-1.72,False,,,,
29843,Madrid,Anestesia,perdut,0.0,1678,,2223.12,,False,,,,
29853,Barcelona,Anestesia,perdut,0.0,1397,,2223.12,,False,,,,
29855,Murcia,Anestesia,perdut,1.195,167,,2223.12,,False,,,,
29912,Sevilla,Anestesia,perdut,1.417,262,,2223.12,,False,,,,
29942,Asturias,Anestesia,perdut,0.319,91,,2223.12,,False,,,,
29943,Sta.Cruz Tenerife,Anestesia,perdut,0.388,305,,3410.04,,False,,,,
29943,Sta.Cruz Tenerife,Bioseguridad,perdut,0.0,550,,1667.34,,False,,,,
29955,Zaragoza,Bioseguridad,marginal,0.0,1498,,879.2,,False,,,,
29967,Córdoba,Anestesia,fidel,1.419,7,99.8,3410.04,-2.52,False,,,,
29968,Navarra,Anestesia,fidel,0.93,66,140.8,3410.04,-1.69,False,,,,
29973,Madrid,Anestesia,marginal,0.245,83,,2223.12,,False,,,,
29981,Barcelona,Anestesia,promiscu,0.722,20,89.0,3410.04,-1.06,False,,,,
30037,Toledo,Anestesia,fidel,1.69,32,140.1,1802.36,-4.53,False,,,,
30047,Burgos,Anestesia,perdut,0.393,213,,1802.36,,False,,,,
30047,Burgos,Bioseguridad,perdut,0.369,213,,879.2,,False,,,,
30059,Madrid,Anestesia,marginal,0.078,77,,3410.04,,False,,,,
30087,Madrid,Bioseguridad,perdut,0.0,668,,1086.44,,False,,,,
30126,Las Palmas,Anestesia,perdut,0.477,160,,2223.12,,False,,,,
30149,Madrid,Anestesia,perdut,0.462,220,,2223.12,,False,,,,
30149,Madrid,Bioseguridad,perdut,0.0,581,,1086.44,,False,,,,
30199,Madrid,Bioseguridad,marginal,0.238,80,,1667.34,,False,,,,
30200,Madrid,Anestesia,perdut,0.104,341,,3410.04,,False,,,,
30200,Madrid,Bioseguridad,en_risc,2.167,53,62.1,1667.34,-0.23,True,caiguda_share,0.0,mitja,"Client en_risc de Bioseguridad (Share 12m: 217%). El seu cicle de compra és de 62 dies. Porta 53 dies sense comprar (-9 dies de coll). Tenia share alt, però en els últims 3 mesos ha caigut substancialment."
30202,Madrid,Bioseguridad,perdut,0.366,102,,1086.44,,False,,,,
30209,Almería,Bioseguridad,perdut,0.0,850,,1667.34,,False,,,,
30210,Granada,Anestesia,perdut,0.598,215,,2223.12,,False,,,,
30210,Granada,Bioseguridad,perdut,0.732,112,,1086.44,,False,,,,
30222,,Anestesia,perdut,0.0,908,,2223.12,,False,,,,
30222,,Bioseguridad,perdut,0.0,454,,1086.44,,False,,,,
30224,Cantabria,Anestesia,perdut,0.0,1097,,2223.12,,False,,,,
30225,Cantabria,Anestesia,marginal,0.0,1260,,2223.12,,False,,,,
30228,Barcelona,Anestesia,marginal,0.0,416,,2223.12,,False,,,,
30231,Granada,Anestesia,perdut,0.0,1407,,2223.12,,False,,,,
30231,Granada,Bioseguridad,perdut,0.0,1398,,1086.44,,False,,,,
30232,Madrid,Anestesia,perdut,0.041,175,,2223.12,,False,,,,
30266,Valencia,Anestesia,perdut,0.996,179,,2223.12,,False,,,,
30272,Madrid,Anestesia,perdut,0.0,747,,2223.12,,False,,,,
30272,Madrid,Bioseguridad,fidel,1.105,14,140.3,1086.44,-1.99,False,,,,
30282,León,Bioseguridad,marginal,0.0,1764,,1667.34,,False,,,,
30284,Málaga,Anestesia,marginal,0.0,906,,2223.12,,False,,,,
30284,Málaga,Bioseguridad,perdut,0.0,1515,,1086.44,,False,,,,
30291,Sevilla,Anestesia,perdut,0.517,108,,3410.04,,False,,,,
30291,Sevilla,Bioseguridad,perdut,0.3,297,,1667.34,,False,,,,
30313,Málaga,Anestesia,perdut,0.58,343,,2223.12,,False,,,,
30313,Málaga,Bioseguridad,marginal,0.0,1448,,1086.44,,False,,,,
30335,Madrid,Anestesia,perdut,0.308,298,,3410.04,,False,,,,
30344,Barcelona,Anestesia,marginal,0.0,382,,1802.36,,False,,,,
30347,León,Anestesia,perdut,0.346,220,,3410.04,,False,,,,
30347,León,Bioseguridad,fidel,1.335,89,130.5,1667.34,-0.48,False,,,,
30348,León,Anestesia,perdut,0.213,314,,5683.4,,False,,,,
30348,León,Bioseguridad,perdut,0.0,1315,,2778.9,,False,,,,
30352,Pontevedra,Anestesia,fidel,1.339,55,135.0,2223.12,-1.98,False,,,,
30362,Madrid,Bioseguridad,fidel,1.098,60,118.9,1086.44,-1.31,False,,,,
30376,Madrid,Anestesia,fidel,1.218,25,74.5,3410.04,-1.26,False,,,,
30376,Madrid,Bioseguridad,promiscu,0.742,77,139.6,1667.34,-0.69,False,,,,
30399,Guadalajara,Anestesia,perdut,0.346,103,,2223.12,,False,,,,
30403,Barcelona,Anestesia,perdut,0.0,1743,,1802.36,,False,,,,
30409,Madrid,Bioseguridad,perdut,0.0,1054,,1667.34,,False,,,,
30425,Sevilla,Anestesia,nou,0.259,0,,3410.04,,False,,,,
30434,Orense,Anestesia,perdut,0.0,455,,1802.36,,False,,,,
30442,Burgos,Bioseguridad,perdut,0.824,350,,879.2,,False,,,,
30453,Lugo,Bioseguridad,perdut,0.954,123,,1667.34,,False,,,,
30454,Burgos,Anestesia,fidel,0.946,49,134.4,3410.04,-1.42,False,,,,
30459,Almería,Anestesia,perdut,0.0,578,,2223.12,,False,,,,
30459,Almería,Bioseguridad,perdut,0.0,615,,1086.44,,False,,,,
30467,Barcelona,Anestesia,perdut,0.0,1039,,1802.36,,False,,,,
30469,Sta.Cruz Tenerife,Anestesia,perdut,0.0,956,,1802.36,,False,,,,
30491,Valladolid,Anestesia,perdut,1.049,94,,2223.12,,False,,,,
30491,Valladolid,Bioseguridad,fidel,1.744,35,501.7,1086.44,-0.67,False,,,,
30492,Madrid,Anestesia,fidel,0.783,28,98.2,2223.12,-1.71,False,,,,
30492,Madrid,Bioseguridad,perdut,0.732,95,,1086.44,,False,,,,
30493,Barcelona,Bioseguridad,perdut,0.0,445,,1.0,,False,,,,
30500,Lugo,Anestesia,perdut,0.0,1161,,3410.04,,False,,,,
30500,Lugo,Bioseguridad,marginal,0.0,1767,,1667.34,,False,,,,
30502,Madrid,Anestesia,perdut,0.0,392,,1802.36,,False,,,,
30521,Madrid,Bioseguridad,marginal,0.0,1127,,879.2,,False,,,,
30530,Madrid,Anestesia,perdut,0.553,277,,2223.12,,False,,,,
30530,Madrid,Bioseguridad,fidel,2.195,27,56.9,1086.44,-1.43,False,,,,
30542,Burgos,Anestesia,fidel,0.775,66,,1802.36,,False,,,,
30542,Burgos,Bioseguridad,marginal,0.23,263,,879.2,,False,,,,
30544,Toledo,Anestesia,perdut,0.59,208,,2223.12,,False,,,,
30544,Toledo,Bioseguridad,fidel,0.929,39,88.4,1086.44,-0.82,False,,,,
30545,Cádiz,Anestesia,perdut,0.0,690,,3410.04,,False,,,,
30547,Las Palmas,Anestesia,perdut,0.0,1423,,2223.12,,False,,,,
30554,Málaga,Anestesia,perdut,0.0,1062,,2223.12,,False,,,,
30554,Málaga,Bioseguridad,perdut,0.0,901,,1086.44,,False,,,,
30562,A Coruña,Anestesia,fidel,0.795,48,78.7,3410.04,-1.02,False,,,,
30562,A Coruña,Bioseguridad,fidel,2.33,11,46.4,1667.34,-1.89,False,,,,
30573,Badajoz,Anestesia,perdut,0.695,96,,2223.12,,False,,,,
30573,Badajoz,Bioseguridad,perdut,0.0,1488,,1086.44,,False,,,,
30582,Madrid,Anestesia,perdut,0.938,94,,2223.12,,False,,,,
30607,Barcelona,Anestesia,perdut,0.38,116,,3410.04,,False,,,,
30607,Barcelona,Bioseguridad,marginal,0.0,1721,,1667.34,,False,,,,
30618,Vizcaya,Anestesia,en_risc,0.532,83,155.9,4546.72,-0.76,True,caiguda_share,2126.16,mitja,"Client en_risc de Anestesia (Share 12m: 53%). El seu cicle de compra és de 156 dies. Porta 83 dies sense comprar (-73 dies de coll). Tenia share alt, però en els últims 3 mesos ha caigut substancialment."
30618,Vizcaya,Bioseguridad,perdut,0.0,825,,2223.12,,False,,,,
30626,Alicante,Anestesia,perdut,0.237,248,,3410.04,,False,,,,
30626,Alicante,Bioseguridad,marginal,0.0,763,,1667.34,,False,,,,
30628,Castellón,Anestesia,fidel,0.766,45,51.6,3410.04,-0.26,False,,,,
30651,Albacete,Anestesia,perdut,0.0,403,,2223.12,,False,,,,
30651,Albacete,Bioseguridad,perdut,0.0,812,,1086.44,,False,,,,
30661,Vizcaya,Anestesia,fidel,4.027,74,134.8,2223.12,-0.55,False,,,,
30661,Vizcaya,Bioseguridad,marginal,0.0,756,,1086.44,,False,,,,
30662,Granada,Anestesia,perdut,0.0,1350,,1802.36,,False,,,,
30674,Segovia,Anestesia,fidel,0.797,34,,2223.12,,False,,,,
30677,Madrid,Bioseguridad,marginal,0.154,28,,879.2,,False,,,,
30682,Barcelona,Anestesia,promiscu,0.608,41,86.2,3410.04,-0.48,False,,,,
30682,Barcelona,Bioseguridad,perdut,0.0,1315,,1667.34,,False,,,,
30695,Sevilla,Anestesia,perdut,0.484,206,,2223.12,,False,,,,
30696,Girona,Anestesia,fidel,1.256,11,161.5,3410.04,-1.52,False,,,,
30696,Girona,Bioseguridad,perdut,0.0,377,,1667.34,,False,,,,
30702,Sta.Cruz Tenerife,Anestesia,perdut,0.0,994,,2223.12,,False,,,,
30711,Granada,Anestesia,marginal,0.0,1691,,1802.36,,False,,,,
30737,Madrid,Anestesia,en_risc,0.266,178,,2223.12,,False,,,,
30737,Madrid,Bioseguridad,marginal,0.186,186,,1086.44,,False,,,,
30746,Madrid,Anestesia,promiscu,0.31,73,,3410.04,,False,,,,
30751,Madrid,Anestesia,perdut,0.0,1414,,3410.04,,False,,,,
30763,Guadalajara,Anestesia,fidel,0.87,14,45.1,5683.4,-1.4,False,,,,
30763,Guadalajara,Bioseguridad,fidel,2.215,14,44.3,2778.9,-1.02,False,,,,
30774,Granada,Anestesia,perdut,0.0,392,,2223.12,,False,,,,
30774,Granada,Bioseguridad,perdut,0.0,1335,,1086.44,,False,,,,
30790,Barcelona,Anestesia,fidel,0.969,68,182.9,2223.12,-1.55,False,,,,
30791,Barcelona,Bioseguridad,promiscu,0.549,20,298.7,1086.44,-3.06,False,,,,
30832,Vizcaya,Anestesia,fidel,1.007,62,205.5,3410.04,-3.92,False,,,,
30832,Vizcaya,Bioseguridad,perdut,0.0,845,,1667.34,,False,,,,
30834,Madrid,Anestesia,perdut,0.754,97,,2223.12,,False,,,,
30857,Vizcaya,Anestesia,promiscu,0.738,14,42.7,13640.16,-1.09,False,,,,
30857,Vizcaya,Bioseguridad,marginal,0.233,6,,6669.36,,False,,,,
30870,Guadalajara,Anestesia,fidel,1.415,47,90.9,1802.36,-1.5,False,,,,
30870,Guadalajara,Bioseguridad,marginal,0.0,1266,,879.2,,False,,,,
30874,Ciudad Real,Anestesia,fidel,2.21,55,89.9,2223.12,-0.83,False,,,,
30874,Ciudad Real,Bioseguridad,en_risc,4.873,27,65.8,1086.44,-1.08,True,caiguda_share,0.0,mitja,"Client en_risc de Bioseguridad (Share 12m: 487%). El seu cicle de compra és de 66 dies. Porta 27 dies sense comprar (-39 dies de coll). Tenia share alt, però en els últims 3 mesos ha caigut substancialment."
30886,Valladolid,Anestesia,perdut,1.61,101,,1802.36,,False,,,,
30886,Valladolid,Bioseguridad,fidel,0.819,55,489.7,879.2,-2.24,False,,,,
30910,Murcia,Anestesia,perdut,0.266,152,,2223.12,,False,,,,
30934,Murcia,Anestesia,fidel,1.447,18,70.1,2223.12,-2.34,False,,,,
30934,Murcia,Bioseguridad,perdut,1.6,151,,1086.44,,False,,,,
31008,A Coruña,Anestesia,perdut,0.0,1257,,1802.36,,False,,,,
31008,A Coruña,Bioseguridad,marginal,0.241,89,,879.2,,False,,,,
31062,Almería,Anestesia,fidel,1.254,47,101.8,2223.12,-1.17,False,,,,
31063,Alicante,Anestesia,perdut,0.46,313,,2223.12,,False,,,,
31066,Sta.Cruz Tenerife,Anestesia,perdut,0.215,209,,1802.36,,False,,,,
31073,Lugo,Anestesia,perdut,0.35,146,,6820.08,,False,,,,
31081,Vizcaya,Anestesia,perdut,0.47,276,,3410.04,,False,,,,
31087,Guadalajara,Anestesia,promiscu,0.563,82,239.3,2223.12,-2.24,False,,,,
31087,Guadalajara,Bioseguridad,fidel,0.878,34,195.9,1086.44,-1.57,False,,,,
31101,Madrid,Bioseguridad,fidel,0.954,66,180.7,1667.34,-1.44,False,,,,
31111,Madrid,Anestesia,en_risc,0.6,67,77.9,3410.04,-0.25,True,caiguda_share,1364.15,mitja,"Client en_risc de Anestesia (Share 12m: 60%). El seu cicle de compra és de 78 dies. Porta 67 dies sense comprar (-11 dies de coll). Tenia share alt, però en els últims 3 mesos ha caigut substancialment."
31111,Madrid,Bioseguridad,perdut,0.601,263,,1667.34,,False,,,,
31115,Madrid,Anestesia,perdut,0.0,391,,2223.12,,False,,,,
31125,Barcelona,Anestesia,perdut,0.33,203,,2223.12,,False,,,,
31131,Barcelona,Anestesia,perdut,0.0,936,,2223.12,,False,,,,
31142,Madrid,Anestesia,en_risc,4.307,45,48.6,3410.04,-0.26,True,caiguda_share,0.0,mitja,"Client en_risc de Anestesia (Share 12m: 431%). El seu cicle de compra és de 49 dies. Porta 45 dies sense comprar (-4 dies de coll). Tenia share alt, però en els últims 3 mesos ha caigut substancialment."
31142,Madrid,Bioseguridad,en_risc,4.008,45,44.9,1667.34,0.01,True,caiguda_share,0.0,mitja,"Client en_risc de Bioseguridad (Share 12m: 401%). El seu cicle de compra és de 45 dies. Porta 45 dies sense comprar (0 dies de coll). Tenia share alt, però en els últims 3 mesos ha caigut substancialment."
31180,Valencia,Anestesia,perdut,0.837,187,,2223.12,,False,,,,
31193,Murcia,Bioseguridad,marginal,0.0,1104,,1086.44,,False,,,,
31203,La Rioja,Anestesia,perdut,0.799,117,,1802.36,,False,,,,
31215,Valencia,Anestesia,fidel,0.915,5,184.1,1802.36,-1.65,False,,,,
31220,Navarra,Anestesia,perdut,0.586,101,,1802.36,,False,,,,
31235,Lugo,Anestesia,perdut,0.0,1743,,3410.04,,False,,,,
31235,Lugo,Bioseguridad,marginal,0.0,1680,,1667.34,,False,,,,
31252,Sevilla,Anestesia,perdut,1.032,108,,6820.08,,False,,,,
31252,Sevilla,Bioseguridad,en_risc,0.715,73,99.6,3334.68,-0.56,True,caiguda_share,949.54,mitja,"Client en_risc de Bioseguridad (Share 12m: 72%). El seu cicle de compra és de 100 dies. Porta 73 dies sense comprar (-27 dies de coll). Tenia share alt, però en els últims 3 mesos ha caigut substancialment."
31263,Málaga,Anestesia,perdut,0.359,203,,2223.12,,False,,,,
31282,A Coruña,Anestesia,promiscu,0.487,77,124.4,4546.72,-0.46,False,,,,
31282,A Coruña,Bioseguridad,perdut,0.215,214,,2223.12,,False,,,,
31317,Almería,Anestesia,perdut,0.605,221,,2223.12,,False,,,,
31317,Almería,Bioseguridad,en_risc,0.373,221,,1086.44,,False,,,,
31318,A Coruña,Anestesia,fidel,1.16,84,91.3,4546.72,-0.11,False,,,,
31323,Málaga,Bioseguridad,perdut,0.746,196,,1086.44,,False,,,,
31342,Madrid,Anestesia,perdut,0.0,1123,,3410.04,,False,,,,
31344,Madrid,Anestesia,fidel,0.872,47,96.8,2223.12,-0.96,False,,,,
31344,Madrid,Bioseguridad,perdut,0.0,1006,,1086.44,,False,,,,
31355,Almería,Anestesia,perdut,0.0,1420,,2223.12,,False,,,,
31355,Almería,Bioseguridad,promiscu,0.425,69,,1086.44,,False,,,,
31366,Baleares,Anestesia,fidel,1.579,18,37.4,2223.12,-0.74,False,,,,
31367,Barcelona,Anestesia,perdut,0.0,801,,2223.12,,False,,,,
31367,Barcelona,Bioseguridad,marginal,0.186,207,,1086.44,,False,,,,
31379,Madrid,Anestesia,fidel,0.848,19,62.9,3410.04,-1.56,False,,,,
31379,Madrid,Bioseguridad,en_risc,1.486,80,56.7,1667.34,0.59,True,caiguda_share,0.0,mitja,"Client en_risc de Bioseguridad (Share 12m: 149%). El seu cicle de compra és de 57 dies. Porta 80 dies sense comprar (23 dies de coll). Tenia share alt, però en els últims 3 mesos ha caigut substancialment."
31380,Pontevedra,Anestesia,fidel,0.998,39,186.1,2223.12,-1.24,False,,,,
31380,Pontevedra,Bioseguridad,marginal,0.0,1803,,1086.44,,False,,,,
31478,Málaga,Anestesia,perdut,0.795,305,,2223.12,,False,,,,
31482,Cádiz,Anestesia,fidel,0.905,53,65.5,2223.12,-0.41,False,,,,
31490,Madrid,Anestesia,perdut,0.266,97,,2223.12,,False,,,,
31496,Barcelona,Anestesia,fidel,1.284,54,152.2,2223.12,-1.3,False,,,,
31509,Madrid,Anestesia,perdut,0.598,259,,2223.12,,False,,,,
31509,Madrid,Bioseguridad,perdut,0.0,774,,1086.44,,False,,,,
31524,León,Anestesia,promiscu,0.399,32,286.8,3410.04,-2.64,False,,,,
31608,Barcelona,Anestesia,fidel,1.464,41,145.8,2223.12,-1.76,False,,,,
31608,Barcelona,Bioseguridad,fidel,2.132,70,132.4,1086.44,-1.05,False,,,,
31610,Madrid,Anestesia,promiscu,0.674,62,314.8,2223.12,-1.72,False,,,,
31639,Valencia,Anestesia,nou,0.173,26,,3410.04,,False,,,,
31649,Asturias,Anestesia,perdut,0.0,1413,,2223.12,,False,,,,
31665,Barcelona,Anestesia,fidel,1.195,41,144.7,2223.12,-2.88,False,,,,
31665,Barcelona,Bioseguridad,fidel,4.855,6,64.5,1086.44,-1.9,False,,,,
31701,Murcia,Bioseguridad,en_risc,1.344,82,91.0,1667.34,-0.15,True,caiguda_share,0.0,mitja,"Client en_risc de Bioseguridad (Share 12m: 134%). El seu cicle de compra és de 91 dies. Porta 82 dies sense comprar (-9 dies de coll). Tenia share alt, però en els últims 3 mesos ha caigut substancialment."
31720,Granada,Anestesia,promiscu,0.594,19,341.6,2223.12,-1.08,False,,,,
31720,Granada,Bioseguridad,perdut,0.0,1505,,1086.44,,False,,,,
31736,La Rioja,Anestesia,perdut,0.484,181,,2223.12,,False,,,,
31770,Burgos,Bioseguridad,perdut,0.568,96,,2223.12,,False,,,,
31803,Madrid,Anestesia,fidel,0.868,45,130.5,2223.12,-1.23,False,,,,
31843,Granada,Anestesia,perdut,0.0,1470,,2223.12,,False,,,,
31847,Málaga,Anestesia,perdut,0.0,550,,2223.12,,False,,,,
31848,Madrid,Anestesia,promiscu,0.502,55,120.9,3410.04,-0.9,False,,,,
31849,Asturias,Anestesia,fidel,1.061,33,171.6,3410.04,-3.68,False,,,,
31849,Asturias,Bioseguridad,perdut,1.144,118,,1667.34,,False,,,,
31857,León,Anestesia,perdut,0.309,339,,2223.12,,False,,,,
31861,Madrid,Anestesia,perdut,0.54,118,,2223.12,,False,,,,
31861,Madrid,Bioseguridad,en_risc,3.309,6,38.5,1086.44,-2.39,True,caiguda_share,0.0,mitja,"Client en_risc de Bioseguridad (Share 12m: 331%). El seu cicle de compra és de 39 dies. Porta 6 dies sense comprar (-33 dies de coll). Tenia share alt, però en els últims 3 mesos ha caigut substancialment."
31862,Madrid,Anestesia,perdut,0.402,213,,2223.12,,False,,,,
31888,Madrid,Anestesia,fidel,1.034,38,74.7,2223.12,-0.37,False,,,,
31888,Madrid,Bioseguridad,perdut,0.28,231,,1086.44,,False,,,,
31901,Pontevedra,Anestesia,perdut,0.0,1257,,2223.12,,False,,,,
31906,Barcelona,Anestesia,perdut,1.933,97,,3410.04,,False,,,,
31916,Madrid,Anestesia,perdut,0.505,116,,3410.04,,False,,,,
31978,Navarra,Anestesia,perdut,0.0,1223,,3410.04,,False,,,,
32000,Sta.Cruz Tenerife,Anestesia,en_risc,1.542,54,62.7,2223.12,-0.27,True,caiguda_share,0.0,mitja,"Client en_risc de Anestesia (Share 12m: 154%). El seu cicle de compra és de 63 dies. Porta 54 dies sense comprar (-9 dies de coll). Tenia share alt, però en els últims 3 mesos ha caigut substancialment."
32005,Madrid,Anestesia,en_risc,1.505,47,62.7,2223.12,-1.08,True,caiguda_share,0.0,mitja,"Client en_risc de Anestesia (Share 12m: 151%). El seu cicle de compra és de 63 dies. Porta 47 dies sense comprar (-16 dies de coll). Tenia share alt, però en els últims 3 mesos ha caigut substancialment."
32014,A Coruña,Anestesia,fidel,0.897,40,95.4,4546.72,-1.93,False,,,,
32014,A Coruña,Bioseguridad,perdut,0.179,151,,2223.12,,False,,,,
32042,Albacete,Bioseguridad,fidel,1.72,47,126.0,1667.34,-0.67,False,,,,
32060,Valencia,Anestesia,promiscu,0.68,27,447.0,3410.04,-1.8,False,,,,
32060,Valencia,Bioseguridad,marginal,0.0,763,,1667.34,,False,,,,
32067,Huelva,Anestesia,perdut,0.242,210,,3410.04,,False,,,,
32067,Huelva,Bioseguridad,marginal,0.0,1543,,1667.34,,False,,,,
32073,Pontevedra,Anestesia,promiscu,0.437,49,125.3,3410.04,-1.27,False,,,,
32073,Pontevedra,Bioseguridad,fidel,2.165,87,66.0,1667.34,0.57,False,,,,
32090,Barcelona,Anestesia,perdut,0.08,346,,2223.12,,False,,,,
32134,Madrid,Anestesia,perdut,0.0,677,,2223.12,,False,,,,
32134,Madrid,Bioseguridad,marginal,0.0,966,,1086.44,,False,,,,
32191,Tarragona,Anestesia,en_risc,0.598,110,,2223.12,,False,,,,
32193,Valencia,Anestesia,nou,0.208,27,,3410.04,,False,,,,
32193,Valencia,Bioseguridad,marginal,0.0,934,,1667.34,,False,,,,
32215,Cáceres,Anestesia,perdut,0.368,213,,1802.36,,False,,,,
32216,Madrid,Anestesia,perdut,0.078,206,,3410.04,,False,,,,
32225,Murcia,Anestesia,perdut,0.0,1200,,2223.12,,False,,,,
32226,Alicante,Anestesia,perdut,0.104,206,,3410.04,,False,,,,
32249,Alicante,Anestesia,fidel,1.069,19,210.9,3410.04,-2.17,False,,,,
32268,Madrid,Bioseguridad,perdut,0.671,234,,1086.44,,False,,,,
32269,Madrid,Anestesia,marginal,0.239,90,,1802.36,,False,,,,
32269,Madrid,Bioseguridad,promiscu,0.452,90,397.2,879.2,-2.06,False,,,,
32289,Madrid,Anestesia,perdut,0.374,108,,6820.08,,False,,,,
32290,Sevilla,Anestesia,promiscu,0.547,19,192.3,3410.04,-3.52,False,,,,
32290,Sevilla,Bioseguridad,perdut,0.0,1643,,1667.34,,False,,,,
32297,A Coruña,Anestesia,perdut,0.066,97,,2223.12,,False,,,,
32316,Málaga,Anestesia,en_risc,1.392,41,90.5,2223.12,-1.63,True,caiguda_share,0.0,mitja,"Client en_risc de Anestesia (Share 12m: 139%). El seu cicle de compra és de 91 dies. Porta 41 dies sense comprar (-50 dies de coll). Tenia share alt, però en els últims 3 mesos ha caigut substancialment."
32316,Málaga,Bioseguridad,perdut,0.373,203,,1086.44,,False,,,,
32332,La Rioja,Anestesia,marginal,0.0,675,,1802.36,,False,,,,
32365,Alicante,Anestesia,promiscu,0.512,46,114.4,3410.04,-1.44,False,,,,
32405,A Coruña,Anestesia,perdut,0.0,440,,3410.04,,False,,,,
32405,A Coruña,Bioseguridad,perdut,0.0,1685,,1667.34,,False,,,,
32412,Las Palmas,Anestesia,promiscu,0.303,28,297.3,4546.72,-2.49,False,,,,
32431,Madrid,Anestesia,perdut,0.801,117,,3410.04,,False,,,,
32457,Barcelona,Anestesia,perdut,0.0,1063,,2223.12,,False,,,,
32501,Las Palmas,Anestesia,fidel,2.136,88,44.3,4546.72,1.6,True,risc_fuga,0.0,mitja,Client fidel de Anestesia (Share 12m: 214%). El seu cicle de compra és de 44 dies. Porta 88 dies sense comprar (44 dies de coll). Possible inici de fuga.
32501,Las Palmas,Bioseguridad,en_risc,2.872,11,33.4,2223.12,-1.08,True,caiguda_share,0.0,mitja,"Client en_risc de Bioseguridad (Share 12m: 287%). El seu cicle de compra és de 33 dies. Porta 11 dies sense comprar (-22 dies de coll). Tenia share alt, però en els últims 3 mesos ha caigut substancialment."
32503,Girona,Anestesia,perdut,1.189,118,,2223.12,,False,,,,
32520,Cádiz,Anestesia,fidel,0.774,62,175.0,3410.04,-1.41,False,,,,
32520,Cádiz,Bioseguridad,fidel,0.954,62,64.6,1667.34,-0.08,False,,,,
32547,Sevilla,Anestesia,perdut,0.242,98,,2223.12,,False,,,,
32548,Navarra,Anestesia,fidel,1.697,19,71.1,4546.72,-2.69,False,,,,
32548,Navarra,Bioseguridad,marginal,0.0,1797,,2223.12,,False,,,,
32562,Madrid,Anestesia,perdut,0.0,949,,2223.12,,False,,,,
32565,Cantabria,Anestesia,perdut,0.0,572,,3410.04,,False,,,,
32580,Córdoba,Anestesia,marginal,0.0,1561,,2223.12,,False,,,,
32582,Vizcaya,Anestesia,perdut,0.0,1657,,2223.12,,False,,,,
32600,Barcelona,Anestesia,fidel,1.076,83,104.5,2223.12,-0.36,False,,,,
32600,Barcelona,Bioseguridad,fidel,0.858,83,258.0,1086.44,-1.72,False,,,,
32615,A Coruña,Anestesia,perdut,0.0,1347,,2223.12,,False,,,,
32651,A Coruña,Bioseguridad,perdut,0.366,221,,1086.44,,False,,,,
32652,Pontevedra,Anestesia,en_risc,1.053,38,71.6,3410.04,-0.87,True,caiguda_share,0.0,mitja,"Client en_risc de Anestesia (Share 12m: 105%). El seu cicle de compra és de 72 dies. Porta 38 dies sense comprar (-34 dies de coll). Tenia share alt, però en els últims 3 mesos ha caigut substancialment."
32668,Madrid,Anestesia,perdut,0.0,1435,,1802.36,,False,,,,
32688,Barcelona,Anestesia,perdut,0.636,101,,3410.04,,False,,,,
32688,Barcelona,Bioseguridad,fidel,1.034,38,162.6,1667.34,-1.75,False,,,,
32695,A Coruña,Anestesia,perdut,0.267,153,,4546.72,,False,,,,
32702,Asturias,Anestesia,perdut,0.93,220,,2223.12,,False,,,,
32721,Alicante,Anestesia,perdut,0.0,431,,3410.04,,False,,,,
32759,Vizcaya,Anestesia,perdut,0.0,1323,,4546.72,,False,,,,
32793,Toledo,Anestesia,perdut,1.036,117,,2223.12,,False,,,,
32819,Almería,Anestesia,perdut,0.0,1175,,2223.12,,False,,,,
32820,Badajoz,Anestesia,marginal,0.0,573,,2223.12,,False,,,,
32845,Madrid,Anestesia,fidel,0.872,34,51.2,9093.44,-0.98,False,,,,
32872,Valencia,Anestesia,marginal,0.0,1631,,1802.36,,False,,,,
32897,Madrid,Anestesia,perdut,0.0,413,,2223.12,,False,,,,
32918,Alicante,Anestesia,perdut,0.0,392,,2223.12,,False,,,,
32928,Sta.Cruz Tenerife,Anestesia,perdut,0.292,249,,4546.72,,False,,,,
32951,Almería,Anestesia,perdut,0.0,411,,3410.04,,False,,,,
32951,Almería,Bioseguridad,perdut,0.0,1189,,1667.34,,False,,,,
32966,Valencia,Anestesia,perdut,0.319,102,,2223.12,,False,,,,
32986,Alicante,Anestesia,perdut,0.779,265,,3410.04,,False,,,,
32995,Madrid,Anestesia,promiscu,0.577,48,161.1,2223.12,-1.57,False,,,,
32995,Madrid,Bioseguridad,perdut,0.552,300,,1086.44,,False,,,,
33006,Jaén,Anestesia,perdut,0.33,235,,2223.12,,False,,,,
33006,Jaén,Bioseguridad,perdut,0.0,1679,,1086.44,,False,,,,
33039,Valencia,Anestesia,en_risc,0.705,27,283.0,2223.12,-1.97,True,caiguda_share,656.42,mitja,"Client en_risc de Anestesia (Share 12m: 70%). El seu cicle de compra és de 283 dies. Porta 27 dies sense comprar (-256 dies de coll). Tenia share alt, però en els últims 3 mesos ha caigut substancialment."
33040,Barcelona,Anestesia,perdut,0.0,762,,1802.36,,False,,,,
33064,Valladolid,Anestesia,perdut,0.663,97,,2223.12,,False,,,,
33090,Almería,Anestesia,promiscu,0.618,25,152.4,2223.12,-1.44,False,,,,
33096,Murcia,Anestesia,fidel,0.777,27,139.2,2223.12,-1.88,False,,,,
33122,Sevilla,Anestesia,promiscu,0.427,11,46.9,6820.08,-1.57,False,,,,
33156,León,Anestesia,marginal,0.0,1278,,1802.36,,False,,,,
33158,Madrid,Anestesia,perdut,0.328,213,,1802.36,,False,,,,
33158,Madrid,Bioseguridad,perdut,0.0,1529,,879.2,,False,,,,
33160,Madrid,Anestesia,promiscu,0.744,52,207.4,2223.12,-1.41,False,,,,
33166,Valencia,Anestesia,perdut,0.0,794,,1802.36,,False,,,,
33173,Valencia,Bioseguridad,fidel,2.575,38,147.8,1086.44,-0.96,False,,,,
33195,Alicante,Anestesia,fidel,2.2,27,75.8,2223.12,-1.55,False,,,,
33195,Alicante,Bioseguridad,marginal,0.124,27,,1086.44,,False,,,,
33218,Valencia,Anestesia,fidel,1.108,41,205.2,2223.12,-0.78,False,,,,
33237,Valencia,Anestesia,perdut,0.0,573,,2223.12,,False,,,,
33246,Barcelona,Anestesia,perdut,0.0,389,,2223.12,,False,,,,
33260,Murcia,Anestesia,perdut,0.0,445,,1802.36,,False,,,,
33270,Zaragoza,Anestesia,perdut,0.756,160,,3410.04,,False,,,,
33270,Zaragoza,Bioseguridad,perdut,1.209,160,,1667.34,,False,,,,
33274,Vizcaya,Anestesia,perdut,0.367,269,,5683.4,,False,,,,
33275,Toledo,Anestesia,marginal,0.0,1775,,1802.36,,False,,,,
33322,A Coruña,Anestesia,perdut,0.165,111,,2223.12,,False,,,,
33322,A Coruña,Bioseguridad,perdut,0.0,591,,1086.44,,False,,,,
33327,Granada,Anestesia,perdut,0.0,1280,,2223.12,,False,,,,
33327,Granada,Bioseguridad,perdut,0.0,1280,,1086.44,,False,,,,
33366,Murcia,Anestesia,perdut,0.0,434,,2223.12,,False,,,,
33366,Murcia,Bioseguridad,fidel,0.82,47,426.8,1086.44,-1.18,False,,,,
33393,Madrid,Anestesia,en_risc,1.212,67,60.8,3410.04,0.3,True,caiguda_share,0.0,mitja,"Client en_risc de Anestesia (Share 12m: 121%). El seu cicle de compra és de 61 dies. Porta 67 dies sense comprar (6 dies de coll). Tenia share alt, però en els últims 3 mesos ha caigut substancialment."
33445,Madrid,Anestesia,marginal,0.065,28,,2223.12,,False,,,,
33445,Madrid,Bioseguridad,promiscu,0.366,28,421.2,1086.44,-1.48,False,,,,
33457,Cádiz,Bioseguridad,marginal,0.0,1370,,1086.44,,False,,,,
33485,Jaén,Anestesia,marginal,0.0,1666,,2223.12,,False,,,,
33490,Cádiz,Anestesia,nou,0.13,48,,4546.72,,False,,,,
33505,Pontevedra,Anestesia,promiscu,0.347,66,91.8,9093.44,-0.46,False,,,,
33520,Murcia,Anestesia,fidel,0.797,18,121.4,2223.12,-0.79,False,,,,
33532,Pontevedra,Anestesia,marginal,0.0,1777,,2223.12,,False,,,,
33565,Alicante,Anestesia,perdut,0.0,614,,3410.04,,False,,,,
33565,Alicante,Bioseguridad,perdut,0.243,159,,1667.34,,False,,,,
33575,Las Palmas,Anestesia,perdut,0.043,249,,3410.04,,False,,,,
33623,Barcelona,Anestesia,marginal,0.0,572,,2223.12,,False,,,,
33640,Lugo,Bioseguridad,perdut,0.0,1123,,2223.12,,False,,,,
33651,Barcelona,Anestesia,perdut,0.0,1769,,2223.12,,False,,,,
33665,Asturias,Anestesia,perdut,0.324,353,,2223.12,,False,,,,
33665,Asturias,Bioseguridad,fidel,1.193,84,394.5,1086.44,-1.47,False,,,,
33679,Valladolid,Anestesia,promiscu,0.533,88,111.4,2223.12,-0.29,False,,,,
33680,Jaén,Bioseguridad,perdut,0.22,229,,1086.44,,False,,,,
33681,Cuenca,Anestesia,perdut,0.319,278,,2223.12,,False,,,,
33681,Cuenca,Bioseguridad,perdut,0.0,391,,1086.44,,False,,,,
33706,Alicante,Anestesia,perdut,0.331,243,,3410.04,,False,,,,
33731,Madrid,Anestesia,perdut,0.234,229,,5683.4,,False,,,,
33731,Madrid,Bioseguridad,perdut,0.289,336,,2778.9,,False,,,,
33767,Sevilla,Anestesia,fidel,0.787,11,263.0,3410.04,-11.14,False,,,,
33767,Sevilla,Bioseguridad,marginal,0.121,11,,1667.34,,False,,,,
33768,Málaga,Bioseguridad,perdut,0.0,1680,,1086.44,,False,,,,
33786,Murcia,Anestesia,perdut,0.39,95,,2223.12,,False,,,,
33786,Murcia,Bioseguridad,perdut,0.146,95,,1086.44,,False,,,,
33814,Valencia,Anestesia,promiscu,0.455,61,235.5,3410.04,-1.88,False,,,,
33816,Sta.Cruz Tenerife,Anestesia,perdut,0.0,1153,,1802.36,,False,,,,
33816,Sta.Cruz Tenerife,Bioseguridad,marginal,0.0,1589,,879.2,,False,,,,
33825,Barcelona,Anestesia,marginal,0.173,19,,3410.04,,False,,,,
33825,Barcelona,Bioseguridad,promiscu,0.599,11,193.8,1667.34,-1.56,False,,,,
33841,A Coruña,Bioseguridad,perdut,0.0,1795,,1086.44,,False,,,,
33847,Barcelona,Bioseguridad,perdut,0.895,354,,1086.44,,False,,,,
33861,Almería,Anestesia,perdut,1.105,94,,2223.12,,False,,,,
33861,Almería,Bioseguridad,perdut,0.531,94,,1086.44,,False,,,,
33885,Madrid,Anestesia,marginal,0.0,910,,2223.12,,False,,,,
33889,Granada,Anestesia,promiscu,0.703,24,247.1,1802.36,-5.33,False,,,,
33889,Granada,Bioseguridad,marginal,0.0,1515,,879.2,,False,,,,
33903,Ávila,Anestesia,fidel,0.983,27,300.4,1802.36,-1.12,False,,,,
33903,Ávila,Bioseguridad,fidel,0.759,27,324.6,879.2,-1.19,False,,,,
33915,Madrid,Anestesia,perdut,1.195,119,,2223.12,,False,,,,
33915,Madrid,Bioseguridad,marginal,0.0,1279,,1086.44,,False,,,,
33929,Sevilla,Anestesia,fidel,0.942,83,187.3,2223.12,-1.15,False,,,,
33929,Sevilla,Bioseguridad,fidel,1.745,83,84.3,1086.44,-0.05,False,,,,
33942,Alicante,Anestesia,marginal,0.0,1579,,2223.12,,False,,,,
33953,Almería,Anestesia,en_risc,1.266,59,56.8,5683.4,0.08,True,caiguda_share,0.0,mitja,"Client en_risc de Anestesia (Share 12m: 127%). El seu cicle de compra és de 57 dies. Porta 59 dies sense comprar (2 dies de coll). Tenia share alt, però en els últims 3 mesos ha caigut substancialment."
33953,Almería,Bioseguridad,fidel,2.877,59,45.2,2778.9,0.55,False,,,,
33962,Alicante,Anestesia,perdut,0.0,1531,,3410.04,,False,,,,
33980,Barcelona,Anestesia,perdut,0.0,1578,,2223.12,,False,,,,
33991,Alicante,Anestesia,promiscu,0.691,19,307.6,1802.36,-3.13,False,,,,
34012,Murcia,Anestesia,marginal,0.0,1161,,2223.12,,False,,,,
34012,Murcia,Bioseguridad,marginal,0.0,1524,,1086.44,,False,,,,
34023,Barcelona,Anestesia,perdut,0.066,284,,2223.12,,False,,,,
34044,Sta.Cruz Tenerife,Anestesia,perdut,0.129,185,,3410.04,,False,,,,
34045,Sevilla,Anestesia,fidel,0.851,59,61.8,3410.04,-0.08,False,,,,
34055,Granada,Anestesia,perdut,0.497,236,,2223.12,,False,,,,
34090,Barcelona,Anestesia,promiscu,0.531,74,164.4,2223.12,-1.64,False,,,,
34090,Barcelona,Bioseguridad,fidel,1.651,74,114.9,1086.44,-1.17,False,,,,
34123,Vizcaya,Anestesia,fidel,1.207,46,267.0,2223.12,-1.86,False,,,,
34123,Vizcaya,Bioseguridad,perdut,0.585,178,,1086.44,,False,,,,
34124,Vizcaya,Anestesia,fidel,2.58,13,48.8,6820.08,-1.44,False,,,,
34124,Vizcaya,Bioseguridad,fidel,1.891,13,155.4,3334.68,-0.9,False,,,,
34126,Barcelona,Anestesia,perdut,0.0,1179,,2223.12,,False,,,,
34141,Salamanca,Anestesia,perdut,0.309,346,,2223.12,,False,,,,
34141,Salamanca,Bioseguridad,fidel,1.472,14,246.6,1086.44,-1.39,False,,,,
34172,Madrid,Anestesia,perdut,0.328,220,,1802.36,,False,,,,
34172,Madrid,Bioseguridad,marginal,0.0,943,,879.2,,False,,,,
34176,Barcelona,Anestesia,marginal,0.173,67,,3410.04,,False,,,,
34181,Pontevedra,Anestesia,marginal,0.0,1509,,2223.12,,False,,,,
34185,Pontevedra,Anestesia,fidel,1.114,87,140.2,3410.04,-0.67,False,,,,
34190,A Coruña,Anestesia,perdut,0.266,94,,2223.12,,False,,,,
34190,A Coruña,Bioseguridad,perdut,0.366,94,,1086.44,,False,,,,
34211,Ciudad Real,Anestesia,perdut,0.266,95,,2223.12,,False,,,,
34212,Ciudad Real,Anestesia,perdut,0.311,214,,2223.12,,False,,,,
34232,Sevilla,Anestesia,en_risc,0.258,350,,2223.12,,False,,,,
34232,Sevilla,Bioseguridad,perdut,0.366,276,,1086.44,,False,,,,
34301,Pontevedra,Anestesia,perdut,1.038,150,,2223.12,,False,,,,
34302,Barcelona,Anestesia,promiscu,0.655,81,446.3,1802.36,-1.76,False,,,,
34311,A Coruña,Anestesia,perdut,0.075,206,,3410.04,,False,,,,
34311,A Coruña,Bioseguridad,perdut,0.072,206,,1667.34,,False,,,,
34320,A Coruña,Anestesia,perdut,0.0,1104,,3410.04,,False,,,,
34335,Girona,Anestesia,perdut,0.0,619,,2223.12,,False,,,,
34349,Madrid,Anestesia,fidel,1.528,13,90.4,3410.04,-2.15,False,,,,
34363,Zaragoza,Anestesia,perdut,0.613,119,,5683.4,,False,,,,
34363,Zaragoza,Bioseguridad,perdut,0.0,1139,,2778.9,,False,,,,
34375,Madrid,Anestesia,fidel,0.909,27,336.2,1802.36,-0.98,False,,,,
34391,Málaga,Bioseguridad,en_risc,3.296,45,59.1,1086.44,-0.62,True,caiguda_share,0.0,mitja,"Client en_risc de Bioseguridad (Share 12m: 330%). El seu cicle de compra és de 59 dies. Porta 45 dies sense comprar (-14 dies de coll). Tenia share alt, però en els últims 3 mesos ha caigut substancialment."
34402,Sevilla,Anestesia,perdut,0.0,1055,,2223.12,,False,,,,
34418,Valladolid,Anestesia,promiscu,0.477,87,114.1,4546.72,-0.41,False,,,,
34420,Barcelona,Anestesia,perdut,0.0,1040,,2223.12,,False,,,,
34420,Barcelona,Bioseguridad,perdut,0.0,1510,,1086.44,,False,,,,
34421,Pontevedra,Anestesia,perdut,0.0,438,,2223.12,,False,,,,
34441,Barcelona,Anestesia,en_risc,1.222,59,66.1,2223.12,-0.43,True,caiguda_share,0.0,mitja,"Client en_risc de Anestesia (Share 12m: 122%). El seu cicle de compra és de 66 dies. Porta 59 dies sense comprar (-7 dies de coll). Tenia share alt, però en els últims 3 mesos ha caigut substancialment."
34451,Barcelona,Anestesia,promiscu,0.491,75,336.2,2223.12,-0.93,False,,,,
34471,Ciudad Real,Anestesia,fidel,1.287,11,34.1,3410.04,-1.16,False,,,,
34471,Ciudad Real,Bioseguridad,fidel,6.964,11,26.1,1667.34,-1.06,False,,,,
34472,Sta.Cruz Tenerife,Anestesia,fidel,1.244,17,81.9,4546.72,-0.56,False,,,,
34501,Valladolid,Anestesia,perdut,0.436,208,,2223.12,,False,,,,
34501,Valladolid,Bioseguridad,marginal,0.0,1288,,1086.44,,False,,,,
34515,Toledo,Anestesia,fidel,1.776,68,118.6,2223.12,-0.96,False,,,,
34515,Toledo,Bioseguridad,en_risc,4.06,28,55.5,1086.44,-1.13,True,caiguda_share,0.0,mitja,"Client en_risc de Bioseguridad (Share 12m: 406%). El seu cicle de compra és de 56 dies. Porta 28 dies sense comprar (-28 dies de coll). Tenia share alt, però en els últims 3 mesos ha caigut substancialment."
34519,Madrid,Anestesia,perdut,0.776,102,,2223.12,,False,,,,
34537,Sta.Cruz Tenerife,Anestesia,perdut,0.0,1663,,3410.04,,False,,,,
34537,Sta.Cruz Tenerife,Bioseguridad,perdut,0.0,1175,,1667.34,,False,,,,
34559,Zamora,Bioseguridad,fidel,0.842,38,574.0,1086.44,-0.93,False,,,,
34594,Barcelona,Anestesia,fidel,1.378,27,45.7,2223.12,-1.09,False,,,,
34605,Pontevedra,Anestesia,perdut,0.0,1263,,1802.36,,False,,,,
34608,Granada,Anestesia,perdut,0.0,823,,3410.04,,False,,,,
34618,Vizcaya,Anestesia,perdut,0.0,1168,,2223.12,,False,,,,
34618,Vizcaya,Bioseguridad,perdut,1.556,179,,1086.44,,False,,,,
34625,Almería,Anestesia,fidel,1.514,66,241.4,1802.36,-1.32,False,,,,
34627,Guadalajara,Anestesia,fidel,1.549,47,37.7,3410.04,0.56,False,,,,
34631,Valencia,Anestesia,perdut,0.184,336,,3410.04,,False,,,,
34631,Valencia,Bioseguridad,marginal,0.081,336,,1667.34,,False,,,,
34641,,Anestesia,perdut,0.0,1344,,2223.12,,False,,,,
34641,,Bioseguridad,perdut,0.0,1559,,1086.44,,False,,,,
34676,Córdoba,Anestesia,promiscu,0.404,88,388.5,2223.12,-2.02,False,,,,
34679,Madrid,Anestesia,promiscu,0.295,88,123.5,2223.12,-0.77,False,,,,
34682,Sevilla,Anestesia,perdut,0.0,1764,,2223.12,,False,,,,
34686,Barcelona,Anestesia,fidel,1.425,75,150.0,2223.12,-1.42,False,,,,
34686,Barcelona,Bioseguridad,perdut,3.308,150,,1086.44,,False,,,,
34726,Asturias,Anestesia,perdut,0.81,172,,3410.04,,False,,,,
34726,Asturias,Bioseguridad,perdut,0.531,216,,1667.34,,False,,,,
34729,Valencia,Anestesia,perdut,0.0,392,,2223.12,,False,,,,
34758,Las Palmas,Anestesia,marginal,0.0,1543,,5683.4,,False,,,,
34761,Lugo,Anestesia,perdut,0.903,206,,2223.12,,False,,,,
34765,Segovia,Bioseguridad,perdut,0.0,1263,,1086.44,,False,,,,
34793,Cádiz,Anestesia,perdut,0.0,677,,1802.36,,False,,,,
34793,Cádiz,Bioseguridad,perdut,0.0,677,,879.2,,False,,,,
34808,Barcelona,Anestesia,fidel,2.109,19,29.1,3410.04,-0.47,False,,,,
34808,Barcelona,Bioseguridad,fidel,4.319,26,24.3,1667.34,0.09,False,,,,
34810,Ciudad Real,Anestesia,perdut,0.477,311,,2223.12,,False,,,,
34814,Toledo,Anestesia,marginal,0.0,529,,2223.12,,False,,,,
34817,Vizcaya,Anestesia,promiscu,0.564,66,217.5,3410.04,-1.06,False,,,,
34833,Tarragona,Anestesia,fidel,1.66,77,131.7,2223.12,-0.86,False,,,,
34853,Jaén,Anestesia,perdut,0.0,486,,2223.12,,False,,,,
34853,Jaén,Bioseguridad,perdut,0.663,172,,1086.44,,False,,,,
34855,Jaén,Anestesia,marginal,0.0,1365,,1802.36,,False,,,,
34856,Jaén,Anestesia,perdut,0.0,402,,2223.12,,False,,,,
34856,Jaén,Bioseguridad,perdut,0.0,1363,,1086.44,,False,,,,
34871,Sta.Cruz Tenerife,Anestesia,promiscu,0.493,62,189.8,1802.36,-1.75,False,,,,
34881,Barcelona,Anestesia,perdut,0.657,111,,2223.12,,False,,,,
34885,Madrid,Anestesia,promiscu,0.531,54,236.1,2223.12,-1.77,False,,,,
34907,Cáceres,Anestesia,fidel,0.936,62,226.6,2223.12,-0.88,False,,,,
34933,Madrid,Anestesia,perdut,0.208,210,,3410.04,,False,,,,
34937,Girona,Anestesia,promiscu,0.481,88,329.4,1802.36,-2.06,False,,,,
34945,Madrid,Anestesia,en_risc,1.335,53,306.8,2223.12,-0.49,True,caiguda_share,0.0,mitja,"Client en_risc de Anestesia (Share 12m: 134%). El seu cicle de compra és de 307 dies. Porta 53 dies sense comprar (-254 dies de coll). Tenia share alt, però en els últims 3 mesos ha caigut substancialment."
34945,Madrid,Bioseguridad,fidel,2.149,53,113.6,1086.44,-0.82,False,,,,
34946,A Coruña,Anestesia,marginal,0.0,1034,,3410.04,,False,,,,
34946,A Coruña,Bioseguridad,perdut,0.0,1034,,1667.34,,False,,,,
34962,Madrid,Anestesia,fidel,1.808,35,56.1,2223.12,-0.91,False,,,,
34983,Madrid,Anestesia,fidel,1.105,53,100.5,2223.12,-1.53,False,,,,
34983,Madrid,Bioseguridad,fidel,3.513,13,47.8,1086.44,-1.21,False,,,,
34989,Vizcaya,Anestesia,marginal,0.154,19,,6820.08,,False,,,,
34990,Madrid,Anestesia,perdut,0.0,1077,,1802.36,,False,,,,
34992,Barcelona,Anestesia,fidel,1.505,17,56.3,3410.04,-0.9,False,,,,
35039,Valencia,Anestesia,fidel,1.096,90,297.6,2223.12,-1.04,False,,,,
35039,Valencia,Bioseguridad,marginal,0.0,798,,1086.44,,False,,,,
35049,Vizcaya,Anestesia,perdut,0.0,794,,3410.04,,False,,,,
35052,Barcelona,Anestesia,nou,0.338,52,,2223.12,,False,,,,
35061,Ciudad Real,Anestesia,fidel,0.797,19,380.3,2223.12,-0.85,False,,,,
35077,Las Palmas,Anestesia,marginal,0.215,25,,2223.12,,False,,,,
35077,Las Palmas,Bioseguridad,promiscu,0.684,25,278.7,1086.44,-1.67,False,,,,
35080,A Coruña,Anestesia,marginal,0.0,1470,,1802.36,,False,,,,
35104,Guadalajara,Anestesia,perdut,0.576,118,,3410.04,,False,,,,
35105,Madrid,Anestesia,fidel,1.566,55,158.8,2223.12,-3.31,False,,,,
35106,Vizcaya,Bioseguridad,fidel,2.854,39,114.2,1086.44,-1.79,False,,,,
35117,Sevilla,Anestesia,promiscu,0.39,45,405.0,3410.04,-1.89,False,,,,
35117,Sevilla,Bioseguridad,promiscu,0.292,45,,1667.34,,False,,,,
35118,Madrid,Anestesia,promiscu,0.486,11,44.4,3410.04,-1.48,False,,,,
35122,Valencia,Anestesia,promiscu,0.584,54,482.5,3410.04,-0.64,False,,,,
35135,Valencia,Anestesia,perdut,0.591,257,,3410.04,,False,,,,
35135,Valencia,Bioseguridad,perdut,0.0,545,,1667.34,,False,,,,
35139,Vizcaya,Anestesia,perdut,0.0,802,,3410.04,,False,,,,
35139,Vizcaya,Bioseguridad,perdut,0.0,479,,1667.34,,False,,,,
35159,Pontevedra,Anestesia,perdut,0.411,286,,1802.36,,False,,,,
35187,A Coruña,Anestesia,perdut,0.0,1602,,2223.12,,False,,,,
35189,Badajoz,Anestesia,marginal,0.0,1165,,2223.12,,False,,,,
35193,Madrid,Anestesia,fidel,2.403,19,79.9,3410.04,-1.59,False,,,,
35193,Madrid,Bioseguridad,perdut,0.486,124,,1667.34,,False,,,,
35195,Barcelona,Anestesia,perdut,0.428,206,,1802.36,,False,,,,
35202,Murcia,Anestesia,perdut,0.407,249,,2223.12,,False,,,,
35202,Murcia,Bioseguridad,fidel,4.757,32,41.6,1086.44,-0.56,False,,,,
35211,Granada,Anestesia,perdut,0.0,560,,1802.36,,False,,,,
35217,A Coruña,Anestesia,fidel,3.933,18,83.3,4546.72,-0.74,False,,,,
35220,Jaén,Anestesia,perdut,0.996,251,,2223.12,,False,,,,
35226,Madrid,Anestesia,promiscu,0.464,7,79.5,3410.04,-0.84,False,,,,
35230,Sevilla,Anestesia,perdut,0.0,413,,2223.12,,False,,,,
35239,Zaragoza,Anestesia,fidel,1.444,47,73.4,1802.36,-0.94,False,,,,
35264,Madrid,Anestesia,fidel,1.006,32,52.1,3410.04,-0.67,False,,,,
35266,Madrid,Anestesia,fidel,0.773,34,142.2,2223.12,-2.14,False,,,,
35398,Murcia,Anestesia,fidel,1.268,47,75.7,3410.04,-0.64,False,,,,
35398,Murcia,Bioseguridad,perdut,0.651,208,,1667.34,,False,,,,
35410,Granada,Anestesia,perdut,0.371,171,,2223.12,,False,,,,
35410,Granada,Bioseguridad,perdut,0.0,1314,,1086.44,,False,,,,
35416,Valencia,Anestesia,perdut,0.329,206,,3410.04,,False,,,,
35425,Madrid,Anestesia,promiscu,0.693,38,174.4,10230.12,-0.67,False,,,,
35426,Granada,Anestesia,perdut,0.375,311,,2223.12,,False,,,,
35426,Granada,Bioseguridad,fidel,1.491,82,209.9,1086.44,-1.64,False,,,,
35432,Granada,Anestesia,perdut,0.0,1340,,2223.12,,False,,,,
35434,Madrid,Anestesia,promiscu,0.551,87,121.1,3410.04,-0.55,False,,,,
35434,Madrid,Bioseguridad,nou,0.194,87,,1667.34,,False,,,,
35435,Madrid,Anestesia,fidel,0.756,61,64.6,4546.72,-0.13,False,,,,
35435,Madrid,Bioseguridad,perdut,0.255,207,,2223.12,,False,,,,
35451,Zaragoza,Anestesia,marginal,0.093,26,,2223.12,,False,,,,
35472,Badajoz,Anestesia,marginal,0.198,45,,2223.12,,False,,,,
35481,Zamora,Bioseguridad,perdut,0.0,1084,,879.2,,False,,,,
35492,Sevilla,Anestesia,promiscu,0.478,61,564.0,2223.12,-3.35,False,,,,
35506,Huelva,Anestesia,promiscu,0.465,28,344.4,2223.12,-2.0,False,,,,
35506,Huelva,Bioseguridad,perdut,0.0,1557,,1086.44,,False,,,,
35514,Pontevedra,Anestesia,perdut,0.063,185,,2223.12,,False,,,,
35536,Almería,Anestesia,promiscu,0.524,40,364.5,2223.12,-1.17,False,,,,
35544,Madrid,Anestesia,fidel,0.991,52,257.0,3410.04,-3.54,False,,,,
35558,Málaga,Anestesia,perdut,0.0,851,,3410.04,,False,,,,
35558,Málaga,Bioseguridad,marginal,0.0,1173,,1667.34,,False,,,,
35566,Teruel,Anestesia,perdut,0.598,300,,2223.12,,False,,,,
35566,Teruel,Bioseguridad,promiscu,0.485,12,346.5,1086.44,-7.51,False,,,,
35568,Barcelona,Anestesia,nou,0.192,45,,4546.72,,False,,,,
35570,Granada,Anestesia,perdut,1.672,173,,2223.12,,False,,,,
35571,Almería,Anestesia,perdut,0.274,105,,2223.12,,False,,,,
35572,Tarragona,Anestesia,perdut,0.0,745,,3410.04,,False,,,,
35573,Sevilla,Anestesia,promiscu,0.585,10,125.6,6820.08,-2.22,False,,,,
35573,Sevilla,Bioseguridad,marginal,0.0,1398,,3334.68,,False,,,,
35590,Sevilla,Anestesia,perdut,0.777,185,,3410.04,,False,,,,
35614,Burgos,Anestesia,perdut,0.767,248,,2223.12,,False,,,,
35615,Sta.Cruz Tenerife,Anestesia,perdut,0.464,130,,2223.12,,False,,,,
35647,Granada,Bioseguridad,perdut,0.0,1305,,1086.44,,False,,,,
35666,Valencia,Anestesia,promiscu,0.611,61,125.6,4546.72,-0.28,False,,,,
35674,Madrid,Anestesia,fidel,1.173,88,166.7,3410.04,-1.38,False,,,,
35674,Madrid,Bioseguridad,marginal,0.0,1798,,1667.34,,False,,,,
35675,Granada,Anestesia,perdut,0.0,1293,,1802.36,,False,,,,
35676,Palencia,Anestesia,perdut,0.475,206,,1802.36,,False,,,,
35686,Granada,Anestesia,perdut,0.0,741,,2223.12,,False,,,,
35711,Zaragoza,Anestesia,perdut,0.206,96,,2223.12,,False,,,,
35720,Granada,Anestesia,perdut,0.33,178,,2223.12,,False,,,,
35720,Granada,Bioseguridad,perdut,0.732,178,,1086.44,,False,,,,
35742,Baleares,Anestesia,promiscu,0.386,74,237.0,4546.72,-1.21,False,,,,
35748,Barcelona,Anestesia,fidel,1.495,32,45.5,6820.08,-0.5,False,,,,
35813,Valencia,Anestesia,perdut,0.0,601,,2223.12,,False,,,,
35822,Barcelona,Anestesia,promiscu,0.614,46,95.9,2223.12,-1.11,False,,,,
35837,Madrid,Anestesia,promiscu,0.561,55,63.5,5683.4,-0.32,False,,,,
35837,Madrid,Bioseguridad,en_risc,1.202,55,44.1,2778.9,0.42,True,caiguda_share,0.0,mitja,"Client en_risc de Bioseguridad (Share 12m: 120%). El seu cicle de compra és de 44 dies. Porta 55 dies sense comprar (11 dies de coll). Tenia share alt, però en els últims 3 mesos ha caigut substancialment."
35847,Valencia,Anestesia,en_risc,1.326,59,46.7,4546.72,0.51,True,caiguda_share,0.0,mitja,"Client en_risc de Anestesia (Share 12m: 133%). El seu cicle de compra és de 47 dies. Porta 59 dies sense comprar (12 dies de coll). Tenia share alt, però en els últims 3 mesos ha caigut substancialment."
35851,Madrid,Anestesia,perdut,0.345,96,,2223.12,,False,,,,
35853,Granada,Anestesia,perdut,0.768,115,,3410.04,,False,,,,
35853,Granada,Bioseguridad,promiscu,0.477,77,95.8,1667.34,-0.21,False,,,,
35886,Cuenca,Anestesia,fidel,0.994,18,85.9,3410.04,-1.12,False,,,,
35886,Cuenca,Bioseguridad,fidel,2.098,32,56.6,1667.34,-0.97,False,,,,
35896,Baleares,Anestesia,perdut,0.262,125,,2223.12,,False,,,,
35905,Madrid,Anestesia,perdut,0.312,269,,3410.04,,False,,,,
35905,Madrid,Bioseguridad,perdut,0.583,269,,1667.34,,False,,,,
35906,Sevilla,Anestesia,fidel,0.779,38,190.9,3410.04,-2.14,False,,,,
35907,León,Anestesia,perdut,0.0,383,,4546.72,,False,,,,
35926,Asturias,Anestesia,perdut,0.0,594,,2223.12,,False,,,,
35934,Barcelona,Anestesia,perdut,0.404,193,,4546.72,,False,,,,
35948,Barcelona,Anestesia,marginal,0.0,1530,,1802.36,,False,,,,
35959,Alicante,Anestesia,fidel,1.026,38,59.8,3410.04,-0.4,False,,,,
35959,Alicante,Bioseguridad,perdut,0.336,206,,1667.34,,False,,,,
35962,Salamanca,Anestesia,perdut,0.45,203,,3410.04,,False,,,,
35962,Salamanca,Bioseguridad,fidel,1.823,45,126.0,1667.34,-1.0,False,,,,
35972,Barcelona,Anestesia,perdut,0.292,236,,4546.72,,False,,,,
35972,Barcelona,Bioseguridad,perdut,0.0,753,,2223.12,,False,,,,
36029,Barcelona,Anestesia,perdut,0.0,572,,1802.36,,False,,,,
36037,Sevilla,Anestesia,perdut,0.36,325,,2223.12,,False,,,,
36076,Barcelona,Anestesia,fidel,1.067,33,118.6,2223.12,-2.83,False,,,,
36076,Barcelona,Bioseguridad,fidel,1.268,33,194.4,1086.44,-1.68,False,,,,
36095,Cádiz,Anestesia,perdut,0.198,157,,5683.4,,False,,,,
36119,Huelva,Anestesia,perdut,0.0,439,,2223.12,,False,,,,
36119,Huelva,Bioseguridad,fidel,4.46,74,90.9,1086.44,-0.29,False,,,,
36153,A Coruña,Anestesia,perdut,0.0,703,,3410.04,,False,,,,
36153,A Coruña,Bioseguridad,fidel,0.954,75,181.3,1667.34,-0.94,False,,,,
36156,Vizcaya,Anestesia,perdut,0.0,787,,2223.12,,False,,,,
36208,Madrid,Anestesia,promiscu,0.266,12,280.2,2223.12,-1.88,False,,,,
36208,Madrid,Bioseguridad,marginal,0.0,1160,,1086.44,,False,,,,
36250,Cuenca,Anestesia,perdut,0.73,210,,3410.04,,False,,,,
36250,Cuenca,Bioseguridad,promiscu,0.539,87,154.6,1667.34,-0.55,False,,,,
36263,Madrid,Anestesia,perdut,0.43,235,,2223.12,,False,,,,
36263,Madrid,Bioseguridad,marginal,0.186,200,,1086.44,,False,,,,
36264,Sevilla,Anestesia,perdut,0.261,234,,3410.04,,False,,,,
36264,Sevilla,Bioseguridad,perdut,0.0,382,,1667.34,,False,,,,
36291,Barcelona,Anestesia,marginal,0.063,174,,2223.12,,False,,,,
36295,Sevilla,Anestesia,fidel,1.427,11,88.4,3410.04,-0.59,False,,,,
36329,Barcelona,Anestesia,fidel,1.585,33,73.5,2223.12,-1.01,False,,,,
36348,Barcelona,Anestesia,perdut,0.0,1767,,2223.12,,False,,,,
36374,Vizcaya,Anestesia,fidel,0.817,77,108.7,4546.72,-0.6,False,,,,
36382,Madrid,Anestesia,perdut,1.207,112,,2223.12,,False,,,,
36390,Jaén,Anestesia,perdut,0.0,1560,,2223.12,,False,,,,
36390,Jaén,Bioseguridad,perdut,0.0,1327,,1086.44,,False,,,,
36419,Barcelona,Anestesia,perdut,0.598,237,,2223.12,,False,,,,
36431,Barcelona,Anestesia,perdut,0.0,703,,1802.36,,False,,,,
36431,Barcelona,Bioseguridad,marginal,0.0,1788,,879.2,,False,,,,
36474,A Coruña,Anestesia,fidel,0.982,33,54.2,7956.76,-0.72,False,,,,
36474,A Coruña,Bioseguridad,perdut,0.0,1089,,3890.46,,False,,,,
36477,Badajoz,Anestesia,fidel,0.751,7,884.5,2223.12,-1.92,False,,,,
36486,Barcelona,Anestesia,fidel,1.374,55,79.0,3410.04,-0.56,False,,,,
36492,Navarra,Anestesia,fidel,0.915,53,67.8,3410.04,-0.41,False,,,,
36492,Navarra,Bioseguridad,perdut,0.0,1405,,1667.34,,False,,,,
36494,Asturias,Anestesia,fidel,0.795,33,280.0,3410.04,-1.0,False,,,,
36500,A Coruña,Anestesia,perdut,0.0,578,,3410.04,,False,,,,
36500,A Coruña,Bioseguridad,perdut,0.34,202,,1667.34,,False,,,,
36502,A Coruña,Anestesia,perdut,0.212,153,,3410.04,,False,,,,
36502,A Coruña,Bioseguridad,perdut,0.477,96,,1667.34,,False,,,,
36503,Barcelona,Anestesia,perdut,0.598,172,,2223.12,,False,,,,
36506,Madrid,Anestesia,perdut,0.673,192,,3410.04,,False,,,,
36506,Madrid,Bioseguridad,fidel,0.972,73,287.0,1667.34,-1.82,False,,,,
36511,Valencia,Anestesia,marginal,0.0,1468,,3410.04,,False,,,,
36521,Jaén,Anestesia,marginal,0.039,179,,2223.12,,False,,,,
36544,Navarra,Anestesia,promiscu,0.617,73,91.6,3410.04,-0.48,False,,,,
36544,Navarra,Bioseguridad,marginal,0.0,1425,,1667.34,,False,,,,
36569,Pontevedra,Anestesia,promiscu,0.622,49,123.8,3410.04,-1.64,False,,,,
36569,Pontevedra,Bioseguridad,fidel,1.192,83,162.2,1667.34,-0.43,False,,,,
36581,Barcelona,Anestesia,marginal,0.0,761,,2223.12,,False,,,,
36587,Madrid,Anestesia,perdut,0.242,215,,3410.04,,False,,,,
36587,Madrid,Bioseguridad,perdut,0.0,173,,1667.34,,False,,,,
36590,Salamanca,Anestesia,fidel,1.481,83,110.7,2223.12,-0.4,False,,,,
36597,Alicante,Anestesia,promiscu,0.52,70,106.5,3410.04,-1.47,False,,,,
36601,Madrid,Anestesia,perdut,0.902,180,,2223.12,,False,,,,
36601,Madrid,Bioseguridad,marginal,0.0,1281,,1086.44,,False,,,,
36608,Barcelona,Anestesia,perdut,1.178,153,,2223.12,,False,,,,
36609,La Rioja,Anestesia,perdut,0.266,116,,3410.04,,False,,,,
36609,La Rioja,Bioseguridad,perdut,0.358,339,,1667.34,,False,,,,
36612,A Coruña,Anestesia,perdut,0.266,95,,2223.12,,False,,,,
36628,Tarragona,Anestesia,perdut,0.668,91,,2223.12,,False,,,,
36632,Jaén,Anestesia,perdut,0.0,931,,1802.36,,False,,,,
36633,Zaragoza,Anestesia,fidel,0.975,10,174.0,2223.12,-0.36,False,,,,
36639,Barcelona,Anestesia,fidel,2.028,19,28.8,4546.72,-0.42,False,,,,
36643,Madrid,Anestesia,perdut,0.0,650,,2223.12,,False,,,,
36643,Madrid,Bioseguridad,perdut,0.0,650,,1086.44,,False,,,,
36653,Navarra,Anestesia,perdut,2.101,108,,2223.12,,False,,,,
36653,Navarra,Bioseguridad,en_risc,0.746,333,,1086.44,,False,,,,
36710,Ciudad Real,Anestesia,marginal,0.0,397,,3410.04,,False,,,,
36713,Madrid,Anestesia,perdut,0.0,992,,3410.04,,False,,,,
36746,Navarra,Anestesia,fidel,1.326,34,104.2,4546.72,-1.4,False,,,,
36752,Barcelona,Anestesia,perdut,0.767,185,,2223.12,,False,,,,
36756,Madrid,Anestesia,perdut,0.212,91,,5683.4,,False,,,,
36766,Madrid,Anestesia,marginal,0.0,439,,1802.36,,False,,,,
36784,Salamanca,Anestesia,fidel,1.29,41,64.5,2223.12,-1.13,False,,,,
36789,Barcelona,Anestesia,promiscu,0.52,26,76.9,3410.04,-0.93,False,,,,
36795,Palencia,Anestesia,en_risc,0.378,305,,4546.72,,False,,,,
36795,Palencia,Bioseguridad,perdut,0.0,1498,,2223.12,,False,,,,
36827,Granada,Anestesia,fidel,0.785,54,202.4,2223.12,-2.61,False,,,,
36827,Granada,Bioseguridad,perdut,0.0,748,,1086.44,,False,,,,
36847,Alicante,Bioseguridad,marginal,0.0,1007,,1667.34,,False,,,,
36860,Teruel,Anestesia,perdut,0.0,784,,3410.04,,False,,,,
36860,Teruel,Bioseguridad,perdut,0.0,768,,1667.34,,False,,,,
36869,Madrid,Anestesia,promiscu,0.736,82,192.0,1802.36,-1.69,False,,,,
36882,Tarragona,Anestesia,fidel,1.894,24,127.7,2223.12,-1.99,False,,,,
36908,Madrid,Anestesia,promiscu,0.596,12,103.5,6820.08,-2.27,False,,,,
36940,Madrid,Anestesia,promiscu,0.524,38,144.8,1802.36,-2.58,False,,,,
36943,Cádiz,Anestesia,perdut,0.39,112,,3410.04,,False,,,,
36943,Cádiz,Bioseguridad,perdut,0.846,235,,1667.34,,False,,,,
36953,Barcelona,Anestesia,fidel,2.128,53,168.8,2223.12,-2.17,False,,,,
36954,Segovia,Anestesia,promiscu,0.7,88,121.5,3410.04,-0.51,False,,,,
36954,Segovia,Bioseguridad,fidel,1.889,18,97.3,1667.34,-1.89,False,,,,
36960,Cádiz,Anestesia,perdut,0.0,1048,,1802.36,,False,,,,
36963,Castellón,Anestesia,fidel,1.625,20,337.6,2223.12,-3.13,False,,,,
36967,Valencia,Anestesia,en_risc,0.485,55,211.9,3410.04,-1.22,True,caiguda_share,1757.18,mitja,"Client en_risc de Anestesia (Share 12m: 48%). El seu cicle de compra és de 212 dies. Porta 55 dies sense comprar (-157 dies de coll). Tenia share alt, però en els últims 3 mesos ha caigut substancialment."
36967,Valencia,Bioseguridad,fidel,1.458,7,219.4,1667.34,-3.3,False,,,,
36972,,Anestesia,perdut,0.0,585,,6820.08,,False,,,,
36972,,Bioseguridad,perdut,0.0,915,,3334.68,,False,,,,
36976,Madrid,Bioseguridad,perdut,0.298,236,,1086.44,,False,,,,
36981,Madrid,Anestesia,promiscu,0.545,83,122.9,4546.72,-0.7,False,,,,
36981,Madrid,Bioseguridad,perdut,0.0,458,,2223.12,,False,,,,
36993,Girona,Anestesia,en_risc,1.448,45,100.1,3410.04,-1.15,True,caiguda_share,0.0,mitja,"Client en_risc de Anestesia (Share 12m: 145%). El seu cicle de compra és de 100 dies. Porta 45 dies sense comprar (-55 dies de coll). Tenia share alt, però en els últims 3 mesos ha caigut substancialment."
36993,Girona,Bioseguridad,en_risc,3.351,67,112.0,1667.34,-0.71,True,caiguda_share,0.0,mitja,"Client en_risc de Bioseguridad (Share 12m: 335%). El seu cicle de compra és de 112 dies. Porta 67 dies sense comprar (-45 dies de coll). Tenia share alt, però en els últims 3 mesos ha caigut substancialment."
37005,Valladolid,Anestesia,perdut,0.0,1447,,3410.04,,False,,,,
37042,Baleares,Bioseguridad,perdut,0.477,129,,1667.34,,False,,,,
37059,Barcelona,Anestesia,perdut,0.529,117,,2223.12,,False,,,,
37065,Granada,Anestesia,perdut,0.598,98,,2223.12,,False,,,,
37067,Zaragoza,Anestesia,fidel,1.494,6,100.0,3410.04,-2.4,False,,,,
37067,Zaragoza,Bioseguridad,promiscu,0.583,6,822.5,1667.34,-6.6,False,,,,
37068,La Rioja,Anestesia,promiscu,0.34,63,113.5,3410.04,-0.88,False,,,,
37076,Barcelona,Anestesia,marginal,0.078,181,,1802.36,,False,,,,
37097,Almería,Anestesia,fidel,0.825,52,164.7,3410.04,-2.19,False,,,,
37104,Barcelona,Anestesia,promiscu,0.364,5,96.3,4546.72,-1.83,False,,,,
37111,Navarra,Anestesia,en_risc,1.407,10,81.5,4546.72,-1.26,True,caiguda_share,0.0,mitja,"Client en_risc de Anestesia (Share 12m: 141%). El seu cicle de compra és de 82 dies. Porta 10 dies sense comprar (-72 dies de coll). Tenia share alt, però en els últims 3 mesos ha caigut substancialment."
37111,Navarra,Bioseguridad,perdut,0.715,178,,2223.12,,False,,,,
37126,Sta.Cruz Tenerife,Anestesia,perdut,0.0,1340,,2223.12,,False,,,,
37141,A Coruña,Anestesia,promiscu,0.443,35,82.5,10230.12,-1.1,False,,,,
37141,A Coruña,Bioseguridad,promiscu,0.648,17,57.7,5002.02,-1.17,False,,,,
37148,Granada,Anestesia,promiscu,0.63,14,142.0,4546.72,-1.17,False,,,,
37148,Granada,Bioseguridad,perdut,0.325,165,,2223.12,,False,,,,
37158,Madrid,Anestesia,perdut,0.0,403,,3410.04,,False,,,,
37158,Madrid,Bioseguridad,fidel,0.963,34,159.5,1667.34,-2.13,False,,,,
37163,Valladolid,Anestesia,perdut,0.0,510,,2223.12,,False,,,,
37189,Lleida,Anestesia,perdut,0.0,1132,,2223.12,,False,,,,
37197,Granada,Anestesia,fidel,0.953,40,218.6,2223.12,-0.76,False,,,,
37198,Girona,Anestesia,promiscu,0.537,18,375.0,2223.12,-9.03,False,,,,
37198,Girona,Bioseguridad,promiscu,0.522,18,562.3,1086.44,-2.25,False,,,,
37206,Barcelona,Anestesia,fidel,2.192,7,97.0,2223.12,-1.87,False,,,,
37206,Barcelona,Bioseguridad,marginal,0.0,1635,,1086.44,,False,,,,
37218,Tarragona,Anestesia,fidel,1.422,39,65.2,3410.04,-0.93,False,,,,
37232,Madrid,Anestesia,perdut,0.499,346,,2223.12,,False,,,,
37232,Madrid,Bioseguridad,marginal,0.0,1292,,1086.44,,False,,,,
37245,Lleida,Bioseguridad,perdut,0.0,1491,,879.2,,False,,,,
37271,Huelva,Anestesia,fidel,2.517,70,89.3,3410.04,-0.43,False,,,,
37302,Sevilla,Anestesia,promiscu,0.582,10,93.3,2223.12,-1.89,False,,,,
37305,Barcelona,Anestesia,marginal,0.0,1811,,3410.04,,False,,,,
37307,Badajoz,Anestesia,perdut,0.552,278,,2223.12,,False,,,,
37311,A Coruña,Anestesia,perdut,0.371,200,,2223.12,,False,,,,
37325,A Coruña,Anestesia,perdut,0.613,94,,4546.72,,False,,,,
37331,Badajoz,Anestesia,en_risc,2.07,53,31.1,3410.04,0.92,True,caiguda_share,0.0,mitja,"Client en_risc de Anestesia (Share 12m: 207%). El seu cicle de compra és de 31 dies. Porta 53 dies sense comprar (22 dies de coll). Tenia share alt, però en els últims 3 mesos ha caigut substancialment."
37335,Sevilla,Anestesia,perdut,0.593,97,,3410.04,,False,,,,
37339,Girona,Anestesia,perdut,0.0,405,,2223.12,,False,,,,
37339,Girona,Bioseguridad,promiscu,0.512,66,398.2,1086.44,-0.98,False,,,,
37340,Lleida,Bioseguridad,marginal,0.0,773,,1086.44,,False,,,,
37351,Lugo,Anestesia,perdut,0.764,165,,2223.12,,False,,,,
37364,Ceuta,Anestesia,en_risc,1.791,54,79.9,3410.04,-0.39,True,caiguda_share,0.0,mitja,"Client en_risc de Anestesia (Share 12m: 179%). El seu cicle de compra és de 80 dies. Porta 54 dies sense comprar (-26 dies de coll). Tenia share alt, però en els últims 3 mesos ha caigut substancialment."
37364,Ceuta,Bioseguridad,perdut,0.0,957,,1667.34,,False,,,,
37395,Baleares,Anestesia,fidel,0.886,76,108.5,4546.72,-0.81,False,,,,
37396,Navarra,Anestesia,perdut,0.622,158,,2223.12,,False,,,,
37401,León,Anestesia,perdut,0.3,321,,2223.12,,False,,,,
37405,Asturias,Anestesia,perdut,0.0,382,,2223.12,,False,,,,
37409,Madrid,Anestesia,perdut,0.283,262,,3410.04,,False,,,,
37427,Barcelona,Anestesia,fidel,0.983,69,117.6,2223.12,-0.8,False,,,,
37428,Asturias,Anestesia,fidel,1.245,47,300.3,2223.12,-1.94,False,,,,
37453,Navarra,Anestesia,marginal,0.0,591,,2223.12,,False,,,,
37463,Valencia,Anestesia,marginal,0.0,453,,3410.04,,False,,,,
37464,Valladolid,Bioseguridad,perdut,2.474,119,,1086.44,,False,,,,
37467,Sevilla,Anestesia,fidel,0.819,89,68.8,2223.12,0.83,False,,,,
37467,Sevilla,Bioseguridad,perdut,0.0,683,,1086.44,,False,,,,
37468,Cantabria,Bioseguridad,perdut,1.047,215,,3334.68,,False,,,,
37516,,Anestesia,perdut,0.0,1476,,3410.04,,False,,,,
37516,,Bioseguridad,marginal,0.0,1797,,1667.34,,False,,,,
37520,Valladolid,Anestesia,fidel,1.929,87,153.4,3410.04,-0.81,False,,,,
37521,Valencia,Anestesia,en_risc,0.966,19,46.5,3410.04,-1.07,True,caiguda_share,116.05,mitja,"Client en_risc de Anestesia (Share 12m: 97%). El seu cicle de compra és de 46 dies. Porta 19 dies sense comprar (-27 dies de coll). Tenia share alt, però en els últims 3 mesos ha caigut substancialment."
37533,Madrid,Anestesia,perdut,0.066,192,,2223.12,,False,,,,
37533,Madrid,Bioseguridad,fidel,1.223,46,132.5,1086.44,-0.94,False,,,,
37534,Madrid,Bioseguridad,perdut,0.522,95,,1086.44,,False,,,,
37535,Madrid,Anestesia,perdut,0.266,217,,2223.12,,False,,,,
37539,Madrid,Anestesia,fidel,1.359,45,129.9,2223.12,-1.51,False,,,,
37553,Vizcaya,Anestesia,perdut,0.407,117,,1802.36,,False,,,,
37581,Málaga,Anestesia,perdut,0.737,276,,1802.36,,False,,,,
37594,Zaragoza,Bioseguridad,perdut,0.0,626,,1667.34,,False,,,,
37595,Madrid,Anestesia,perdut,0.224,171,,3410.04,,False,,,,
37601,Navarra,Anestesia,promiscu,0.651,20,75.0,4546.72,-1.11,False,,,,
37612,Madrid,Anestesia,perdut,0.0,391,,1802.36,,False,,,,
37617,Ciudad Real,Anestesia,fidel,1.337,13,78.5,2223.12,-1.67,False,,,,
37620,Madrid,Anestesia,fidel,0.954,13,106.3,1802.36,-2.15,False,,,,
37620,Madrid,Bioseguridad,en_risc,1.921,13,139.0,879.2,-1.81,True,caiguda_share,0.0,mitja,"Client en_risc de Bioseguridad (Share 12m: 192%). El seu cicle de compra és de 139 dies. Porta 13 dies sense comprar (-126 dies de coll). Tenia share alt, però en els últims 3 mesos ha caigut substancialment."
37627,Sta.Cruz Tenerife,Anestesia,perdut,0.381,152,,2223.12,,False,,,,
37644,Valencia,Anestesia,fidel,1.933,12,94.8,2223.12,-4.55,False,,,,
37644,Valencia,Bioseguridad,promiscu,0.746,12,403.5,1086.44,-1.41,False,,,,
37652,Toledo,Anestesia,en_risc,0.393,84,43.7,2223.12,1.52,True,caiguda_share,1350.44,alta,"Client en_risc de Anestesia (Share 12m: 39%). El seu cicle de compra és de 44 dies. Porta 84 dies sense comprar (40 dies de coll). Tenia share alt, però en els últims 3 mesos ha caigut substancialment."
37652,Toledo,Bioseguridad,perdut,0.599,115,,1086.44,,False,,,,
37653,Ciudad Real,Anestesia,perdut,0.559,116,,2223.12,,False,,,,
37653,Ciudad Real,Bioseguridad,perdut,0.122,116,,1086.44,,False,,,,
37654,Toledo,Anestesia,perdut,0.383,118,,2223.12,,False,,,,
37654,Toledo,Bioseguridad,perdut,0.24,118,,1086.44,,False,,,,
37655,Ciudad Real,Anestesia,promiscu,0.293,88,53.2,2223.12,0.97,True,reposicio_endarrerida,1571.35,mitja,Client promiscu de Anestesia (Share 12m: 29%). El seu cicle de compra és de 53 dies. Porta 88 dies sense comprar (35 dies de coll). 
37655,Ciudad Real,Bioseguridad,en_risc,0.659,88,65.5,1086.44,0.47,True,caiguda_share,370.93,mitja,"Client en_risc de Bioseguridad (Share 12m: 66%). El seu cicle de compra és de 65 dies. Porta 88 dies sense comprar (23 dies de coll). Tenia share alt, però en els últims 3 mesos ha caigut substancialment."
37656,Toledo,Anestesia,en_risc,0.432,87,35.3,2223.12,2.97,True,caiguda_share,1262.28,alta,"Client en_risc de Anestesia (Share 12m: 43%). El seu cicle de compra és de 35 dies. Porta 87 dies sense comprar (52 dies de coll). Tenia share alt, però en els últims 3 mesos ha caigut substancialment."
37656,Toledo,Bioseguridad,en_risc,0.599,87,42.1,1086.44,1.68,True,caiguda_share,435.94,alta,"Client en_risc de Bioseguridad (Share 12m: 60%). El seu cicle de compra és de 42 dies. Porta 87 dies sense comprar (45 dies de coll). Tenia share alt, però en els últims 3 mesos ha caigut substancialment."
37715,Zamora,Anestesia,fidel,0.756,48,95.5,3410.04,-1.13,False,,,,
37715,Zamora,Bioseguridad,promiscu,0.729,38,190.7,1667.34,-0.95,False,,,,
37753,Alicante,Anestesia,fidel,0.888,67,95.1,3410.04,-0.7,False,,,,
37753,Alicante,Bioseguridad,marginal,0.194,67,,1667.34,,False,,,,
37754,Valencia,Anestesia,promiscu,0.457,88,102.4,3410.04,-0.3,False,,,,
37755,Cuenca,Anestesia,fidel,1.671,47,180.6,2223.12,-3.39,False,,,,
37755,Cuenca,Bioseguridad,fidel,6.227,19,55.7,1086.44,-1.86,False,,,,
37756,Asturias,Anestesia,promiscu,0.618,25,220.6,2223.12,-5.62,False,,,,
37756,Asturias,Bioseguridad,perdut,1.025,110,,1086.44,,False,,,,
37784,Ciudad Real,Anestesia,perdut,0.0,612,,2223.12,,False,,,,
37799,Pontevedra,Anestesia,promiscu,0.474,41,170.5,2223.12,-0.8,False,,,,
37803,Málaga,Anestesia,marginal,0.231,28,,4546.72,,False,,,,
37803,Málaga,Bioseguridad,marginal,0.0,1531,,2223.12,,False,,,,
37834,Barcelona,Anestesia,fidel,1.189,35,221.8,2223.12,-1.92,False,,,,
37834,Barcelona,Bioseguridad,fidel,2.568,35,188.0,1086.44,-1.78,False,,,,
37847,Toledo,Anestesia,perdut,0.433,102,,2223.12,,False,,,,
37849,Madrid,Anestesia,promiscu,0.706,17,260.7,2223.12,-3.44,False,,,,
37849,Madrid,Bioseguridad,fidel,2.212,90,85.5,1086.44,0.08,False,,,,
37859,Sevilla,Anestesia,marginal,0.0,1746,,3410.04,,False,,,,
37859,Sevilla,Bioseguridad,marginal,0.199,318,,1667.34,,False,,,,
37861,Valencia,Anestesia,perdut,0.0,392,,3410.04,,False,,,,
37861,Valencia,Bioseguridad,perdut,0.286,215,,1667.34,,False,,,,
37877,Madrid,Anestesia,marginal,0.206,60,,1802.36,,False,,,,
37934,A Coruña,Anestesia,perdut,0.0,1713,,4546.72,,False,,,,
37938,Vizcaya,Anestesia,marginal,0.0,909,,2223.12,,False,,,,
37942,,Anestesia,perdut,0.0,530,,2223.12,,False,,,,
37943,Barcelona,Anestesia,marginal,0.153,206,,2223.12,,False,,,,
37949,Alicante,Anestesia,fidel,1.207,28,117.5,2223.12,-1.14,False,,,,
37958,Madrid,Anestesia,fidel,0.865,61,135.1,2223.12,-1.25,False,,,,
37958,Madrid,Bioseguridad,fidel,1.472,61,83.6,1086.44,-0.46,False,,,,
37961,Cádiz,Anestesia,perdut,0.0,706,,3410.04,,False,,,,
37961,Cádiz,Bioseguridad,perdut,0.182,319,,1667.34,,False,,,,
37969,Alicante,Anestesia,perdut,0.836,96,,2223.12,,False,,,,
37972,Valencia,Anestesia,perdut,1.211,329,,3410.04,,False,,,,
37972,Valencia,Bioseguridad,perdut,0.081,329,,1667.34,,False,,,,
37974,Gipúzkoa,Anestesia,en_risc,1.695,7,59.4,2223.12,-1.2,True,caiguda_share,0.0,mitja,"Client en_risc de Anestesia (Share 12m: 170%). El seu cicle de compra és de 59 dies. Porta 7 dies sense comprar (-52 dies de coll). Tenia share alt, però en els últims 3 mesos ha caigut substancialment."
37980,Madrid,Anestesia,perdut,1.076,216,,2223.12,,False,,,,
37980,Madrid,Bioseguridad,fidel,1.069,70,159.4,1086.44,-1.05,False,,,,
37982,Sevilla,Anestesia,perdut,0.667,94,,2223.12,,False,,,,
37985,Pontevedra,Anestesia,perdut,0.483,175,,2223.12,,False,,,,
37985,Pontevedra,Bioseguridad,perdut,0.0,622,,1086.44,,False,,,,
37992,Navarra,Anestesia,perdut,0.211,234,,2223.12,,False,,,,
37994,Madrid,Anestesia,perdut,0.908,98,,2223.12,,False,,,,
37994,Madrid,Bioseguridad,perdut,1.098,98,,1086.44,,False,,,,
37996,Madrid,Bioseguridad,marginal,0.0,1327,,1086.44,,False,,,,
38003,Gipúzkoa,Anestesia,marginal,0.045,55,,4546.72,,False,,,,
38010,Madrid,Anestesia,promiscu,0.531,69,175.1,2223.12,-0.55,False,,,,
38010,Madrid,Bioseguridad,perdut,0.0,914,,1086.44,,False,,,,
38021,Palencia,Anestesia,promiscu,0.598,53,355.0,2223.12,-23.73,False,,,,
38027,Las Palmas,Anestesia,perdut,0.0,413,,4546.72,,False,,,,
38042,Gipúzkoa,Anestesia,promiscu,0.305,77,119.5,2223.12,-0.78,False,,,,
38060,Granada,Anestesia,perdut,0.0,536,,2223.12,,False,,,,
38060,Granada,Bioseguridad,perdut,0.0,1530,,1086.44,,False,,,,
38492,Valencia,Anestesia,perdut,0.168,329,,3410.04,,False,,,,
38492,Valencia,Bioseguridad,perdut,0.0,1753,,1667.34,,False,,,,
38499,Toledo,Anestesia,perdut,0.216,119,,2223.12,,False,,,,
38499,Toledo,Bioseguridad,perdut,0.27,119,,1086.44,,False,,,,
38500,Ciudad Real,Anestesia,en_risc,0.527,87,35.7,2223.12,2.77,True,caiguda_share,1052.23,alta,"Client en_risc de Anestesia (Share 12m: 53%). El seu cicle de compra és de 36 dies. Porta 87 dies sense comprar (51 dies de coll). Tenia share alt, però en els últims 3 mesos ha caigut substancialment."
38500,Ciudad Real,Bioseguridad,en_risc,1.263,87,40.1,1086.44,1.42,True,caiguda_share,0.0,alta,"Client en_risc de Bioseguridad (Share 12m: 126%). El seu cicle de compra és de 40 dies. Porta 87 dies sense comprar (47 dies de coll). Tenia share alt, però en els últims 3 mesos ha caigut substancialment."
38501,Toledo,Anestesia,promiscu,0.334,81,42.2,2223.12,1.31,True,reposicio_endarrerida,1480.23,mitja,Client promiscu de Anestesia (Share 12m: 33%). El seu cicle de compra és de 42 dies. Porta 81 dies sense comprar (39 dies de coll). 
38501,Toledo,Bioseguridad,en_risc,1.231,81,46.8,1086.44,0.89,True,caiguda_share,0.0,mitja,"Client en_risc de Bioseguridad (Share 12m: 123%). El seu cicle de compra és de 47 dies. Porta 81 dies sense comprar (34 dies de coll). Tenia share alt, però en els últims 3 mesos ha caigut substancialment."
38502,Cádiz,Anestesia,perdut,0.0,880,,3410.04,,False,,,,
38510,Gipúzkoa,Anestesia,perdut,0.0,1634,,2223.12,,False,,,,
38534,Gipúzkoa,Anestesia,perdut,0.334,117,,3410.04,,False,,,,
38542,Gipúzkoa,Anestesia,perdut,0.0,776,,2223.12,,False,,,,
38575,Cádiz,Anestesia,promiscu,0.444,49,106.9,2223.12,-1.15,False,,,,
38576,A Coruña,Anestesia,marginal,0.0,410,,2223.12,,False,,,,
38577,Ciudad Real,Anestesia,en_risc,0.653,87,36.7,2223.12,2.07,True,caiguda_share,770.65,alta,"Client en_risc de Anestesia (Share 12m: 65%). El seu cicle de compra és de 37 dies. Porta 87 dies sense comprar (50 dies de coll). Tenia share alt, però en els últims 3 mesos ha caigut substancialment."
38577,Ciudad Real,Bioseguridad,en_risc,0.902,87,65.2,1086.44,0.23,True,caiguda_share,106.27,mitja,"Client en_risc de Bioseguridad (Share 12m: 90%). El seu cicle de compra és de 65 dies. Porta 87 dies sense comprar (22 dies de coll). Tenia share alt, però en els últims 3 mesos ha caigut substancialment."
38579,Sevilla,Anestesia,fidel,1.236,46,36.5,3410.04,0.33,False,,,,
38579,Sevilla,Bioseguridad,en_risc,3.504,46,31.2,1667.34,0.65,True,caiguda_share,0.0,mitja,"Client en_risc de Bioseguridad (Share 12m: 350%). El seu cicle de compra és de 31 dies. Porta 46 dies sense comprar (15 dies de coll). Tenia share alt, però en els últims 3 mesos ha caigut substancialment."
38581,Ciudad Real,Anestesia,marginal,0.0,647,,2223.12,,False,,,,
38581,Ciudad Real,Bioseguridad,perdut,0.0,647,,1086.44,,False,,,,
38612,Córdoba,Anestesia,en_risc,0.627,27,70.9,2223.12,-1.27,True,caiguda_share,829.29,mitja,"Client en_risc de Anestesia (Share 12m: 63%). El seu cicle de compra és de 71 dies. Porta 27 dies sense comprar (-44 dies de coll). Tenia share alt, però en els últims 3 mesos ha caigut substancialment."
38625,Álava,Anestesia,fidel,1.943,49,116.6,3410.04,-1.46,False,,,,
38625,Álava,Bioseguridad,perdut,0.777,286,,1667.34,,False,,,,
38631,Sevilla,Anestesia,perdut,0.0,292,,2223.12,,False,,,,
38631,Sevilla,Bioseguridad,perdut,0.0,292,,1086.44,,False,,,,
38636,Orense,Anestesia,promiscu,0.289,27,87.4,4546.72,-1.52,False,,,,
38636,Orense,Bioseguridad,perdut,0.0,1189,,2223.12,,False,,,,
38671,Almería,Anestesia,perdut,0.0,614,,2223.12,,False,,,,
38671,Almería,Bioseguridad,perdut,0.0,986,,1086.44,,False,,,,
38675,Ciudad Real,Anestesia,marginal,0.156,168,,1802.36,,False,,,,
38685,Madrid,Anestesia,perdut,0.0,459,,2223.12,,False,,,,
38685,Madrid,Bioseguridad,perdut,0.0,936,,1086.44,,False,,,,
38687,Gipúzkoa,Anestesia,perdut,0.0,1298,,2223.12,,False,,,,
38691,Barcelona,Bioseguridad,perdut,0.0,976,,1086.44,,False,,,,
38716,Toledo,Anestesia,perdut,0.551,229,,1802.36,,False,,,,
38736,Zaragoza,Anestesia,marginal,0.073,89,,3410.04,,False,,,,
38736,Zaragoza,Bioseguridad,fidel,1.343,89,107.9,1667.34,-0.53,False,,,,
38739,Las Palmas,Anestesia,perdut,1.087,98,,2223.12,,False,,,,
38747,Sta.Cruz Tenerife,Anestesia,perdut,0.0,609,,3410.04,,False,,,,
38758,Málaga,Anestesia,perdut,0.167,182,,3410.04,,False,,,,
38758,Málaga,Bioseguridad,promiscu,0.729,46,101.0,1667.34,-0.39,False,,,,
38760,Ciudad Real,Anestesia,en_risc,1.055,69,30.6,2223.12,2.75,True,caiguda_share,0.0,alta,"Client en_risc de Anestesia (Share 12m: 105%). El seu cicle de compra és de 31 dies. Porta 69 dies sense comprar (38 dies de coll). Tenia share alt, però en els últims 3 mesos ha caigut substancialment."
38760,Ciudad Real,Bioseguridad,perdut,0.301,110,,1086.44,,False,,,,
38764,Baleares,Anestesia,fidel,2620.78,87,156.9,1.0,-0.54,False,,,,
38764,Baleares,Bioseguridad,en_risc,159.01,151,,1.0,,False,,,,
38767,Gipúzkoa,Anestesia,marginal,0.107,73,,3410.04,,False,,,,
38776,Madrid,Anestesia,perdut,0.16,214,,3410.04,,False,,,,
38793,Orense,Anestesia,perdut,0.0,1287,,2223.12,,False,,,,
38795,Madrid,Bioseguridad,promiscu,0.72,88,165.8,1667.34,-1.65,False,,,,
38803,Pontevedra,Anestesia,perdut,0.0,1105,,1802.36,,False,,,,
38837,Baleares,Anestesia,promiscu,0.604,74,141.8,1802.36,-2.17,False,,,,
38856,Ávila,Anestesia,fidel,0.999,25,163.8,2223.12,-2.19,False,,,,
38897,Barcelona,Anestesia,perdut,0.544,97,,4546.72,,False,,,,
38897,Barcelona,Bioseguridad,perdut,1.769,97,,2223.12,,False,,,,
38908,Gipúzkoa,Anestesia,marginal,0.039,166,,2223.12,,False,,,,
38918,Barcelona,Anestesia,perdut,0.0,1203,,2223.12,,False,,,,
38920,Barcelona,Anestesia,fidel,1.852,25,144.0,3410.04,-2.87,False,,,,
38934,Zaragoza,Anestesia,marginal,0.035,67,,4546.72,,False,,,,
38969,Gipúzkoa,Anestesia,marginal,0.0,1579,,2223.12,,False,,,,
38978,Madrid,Anestesia,en_risc,0.877,25,20.7,6820.08,0.23,True,caiguda_share,837.13,mitja,"Client en_risc de Anestesia (Share 12m: 88%). El seu cicle de compra és de 21 dies. Porta 25 dies sense comprar (4 dies de coll). Tenia share alt, però en els últims 3 mesos ha caigut substancialment."
38978,Madrid,Bioseguridad,fidel,1.948,25,27.1,3334.68,-0.08,False,,,,
39016,Baleares,Anestesia,fidel,942.03,66,342.0,1.0,-2.9,False,,,,
39031,Sta.Cruz Tenerife,Anestesia,fidel,0.76,35,118.1,3410.04,-1.35,False,,,,
39036,Toledo,Anestesia,perdut,0.347,117,,2223.12,,False,,,,
39036,Toledo,Bioseguridad,perdut,0.361,147,,1086.44,,False,,,,
39037,Toledo,Anestesia,en_risc,0.748,87,58.8,2223.12,0.78,True,caiguda_share,560.8,mitja,"Client en_risc de Anestesia (Share 12m: 75%). El seu cicle de compra és de 59 dies. Porta 87 dies sense comprar (28 dies de coll). Tenia share alt, però en els últims 3 mesos ha caigut substancialment."
39037,Toledo,Bioseguridad,en_risc,0.541,87,170.6,1086.44,-0.32,True,caiguda_share,498.38,mitja,"Client en_risc de Bioseguridad (Share 12m: 54%). El seu cicle de compra és de 171 dies. Porta 87 dies sense comprar (-84 dies de coll). Tenia share alt, però en els últims 3 mesos ha caigut substancialment."
39038,Ciudad Real,Anestesia,en_risc,0.645,87,34.5,2223.12,3.28,True,caiguda_share,789.96,alta,"Client en_risc de Anestesia (Share 12m: 64%). El seu cicle de compra és de 34 dies. Porta 87 dies sense comprar (52 dies de coll). Tenia share alt, però en els últims 3 mesos ha caigut substancialment."
39038,Ciudad Real,Bioseguridad,perdut,0.0,937,,1086.44,,False,,,,
39062,Baleares,Anestesia,perdut,0.0,710,,1.0,,False,,,,
39075,Navarra,Anestesia,perdut,1.081,110,,2223.12,,False,,,,
39082,Álava,Anestesia,perdut,0.0,773,,2223.12,,False,,,,
39083,Zaragoza,Anestesia,perdut,0.346,103,,1802.36,,False,,,,
39127,Soria,Anestesia,en_risc,3.225,33,41.4,3410.04,-0.24,True,caiguda_share,0.0,mitja,"Client en_risc de Anestesia (Share 12m: 323%). El seu cicle de compra és de 41 dies. Porta 33 dies sense comprar (-8 dies de coll). Tenia share alt, però en els últims 3 mesos ha caigut substancialment."
39127,Soria,Bioseguridad,en_risc,7.031,33,26.7,1667.34,0.38,True,caiguda_share,0.0,mitja,"Client en_risc de Bioseguridad (Share 12m: 703%). El seu cicle de compra és de 27 dies. Porta 33 dies sense comprar (6 dies de coll). Tenia share alt, però en els últims 3 mesos ha caigut substancialment."
39152,Valencia,Anestesia,perdut,0.0,1680,,1802.36,,False,,,,
39156,Sevilla,Anestesia,promiscu,0.35,84,170.0,3410.04,-1.19,False,,,,
39156,Sevilla,Bioseguridad,promiscu,0.72,84,108.5,1667.34,-0.45,False,,,,
39164,Barcelona,Anestesia,fidel,1.992,73,135.7,2223.12,-2.11,False,,,,
39166,Sevilla,Anestesia,perdut,2.152,91,,2223.12,,False,,,,
39166,Sevilla,Bioseguridad,perdut,1.372,91,,1086.44,,False,,,,
39167,Alicante,Anestesia,perdut,0.657,154,,2223.12,,False,,,,
39175,Asturias,Anestesia,perdut,0.293,185,,2223.12,,False,,,,
39181,Córdoba,Anestesia,promiscu,0.52,28,148.0,3410.04,-2.14,False,,,,
39183,Granada,Anestesia,en_risc,1.523,40,70.0,2223.12,-0.38,True,caiguda_share,0.0,mitja,"Client en_risc de Anestesia (Share 12m: 152%). El seu cicle de compra és de 70 dies. Porta 40 dies sense comprar (-30 dies de coll). Tenia share alt, però en els últims 3 mesos ha caigut substancialment."
39187,Ciudad Real,Anestesia,fidel,1.833,80,146.4,2223.12,-0.59,False,,,,
39187,Ciudad Real,Bioseguridad,fidel,7.208,26,138.8,1086.44,-0.8,False,,,,
39191,Ciudad Real,Anestesia,fidel,1.115,68,111.0,2223.12,-0.7,False,,,,
39191,Ciudad Real,Bioseguridad,fidel,2.416,77,78.1,1086.44,-0.02,False,,,,
39212,Vizcaya,Anestesia,fidel,0.922,49,165.6,3410.04,-1.21,False,,,,
39212,Vizcaya,Bioseguridad,perdut,0.437,98,,1667.34,,False,,,,
39244,Asturias,Anestesia,fidel,1.861,35,82.6,3410.04,-1.52,False,,,,
39272,Badajoz,Anestesia,perdut,0.0,817,,2223.12,,False,,,,
39287,Madrid,Anestesia,perdut,0.445,222,,1802.36,,False,,,,
39287,Madrid,Bioseguridad,perdut,0.0,671,,879.2,,False,,,,
39289,Madrid,Anestesia,fidel,1.229,47,132.0,2223.12,-0.86,False,,,,
39289,Madrid,Bioseguridad,perdut,0.808,108,,1086.44,,False,,,,
39294,Valladolid,Anestesia,en_risc,1.542,32,86.8,3410.04,-1.44,True,caiguda_share,0.0,mitja,"Client en_risc de Anestesia (Share 12m: 154%). El seu cicle de compra és de 87 dies. Porta 32 dies sense comprar (-55 dies de coll). Tenia share alt, però en els últims 3 mesos ha caigut substancialment."
39294,Valladolid,Bioseguridad,perdut,0.292,263,,1667.34,,False,,,,
39298,Cantabria,Anestesia,perdut,2.131,173,,2223.12,,False,,,,
39300,Sevilla,Anestesia,promiscu,0.448,39,118.3,2223.12,-0.79,False,,,,
39302,Madrid,Anestesia,perdut,0.266,206,,2223.12,,False,,,,
39305,Las Palmas,Anestesia,marginal,0.0,1159,,2223.12,,False,,,,
39311,Valencia,Anestesia,perdut,1.178,108,,2223.12,,False,,,,
39311,Valencia,Bioseguridad,fidel,1.477,7,160.2,1086.44,-1.12,False,,,,
39312,Córdoba,Bioseguridad,perdut,0.0,1529,,1086.44,,False,,,,
39350,Soria,Anestesia,perdut,0.0,467,,1802.36,,False,,,,
39350,Soria,Bioseguridad,perdut,0.0,467,,879.2,,False,,,,
39357,Lleida,Anestesia,perdut,0.551,147,,1802.36,,False,,,,
39378,Barcelona,Anestesia,promiscu,0.381,54,264.7,3410.04,-3.26,False,,,,
39378,Barcelona,Bioseguridad,perdut,0.0,1642,,1667.34,,False,,,,
39381,Zaragoza,Anestesia,perdut,0.0,1096,,3410.04,,False,,,,
39382,Madrid,Anestesia,perdut,0.521,194,,1802.36,,False,,,,
39387,Ciudad Real,Anestesia,perdut,0.615,166,,2223.12,,False,,,,
39389,Barcelona,Bioseguridad,perdut,0.0,1083,,1086.44,,False,,,,
39404,Castellón,Anestesia,perdut,1.597,122,,1802.36,,False,,,,
39414,,Anestesia,perdut,0.39,158,,3410.04,,False,,,,
39417,Sta.Cruz Tenerife,Anestesia,fidel,1.061,25,56.7,3410.04,-1.4,False,,,,
39417,Sta.Cruz Tenerife,Bioseguridad,fidel,2.27,25,73.3,1667.34,-0.89,False,,,,
39432,Madrid,Bioseguridad,perdut,0.278,270,,1086.44,,False,,,,
39452,Toledo,Anestesia,en_risc,0.707,84,33.1,2223.12,3.66,True,caiguda_share,652.08,alta,"Client en_risc de Anestesia (Share 12m: 71%). El seu cicle de compra és de 33 dies. Porta 84 dies sense comprar (51 dies de coll). Tenia share alt, però en els últims 3 mesos ha caigut substancialment."
39452,Toledo,Bioseguridad,perdut,1.142,118,,1086.44,,False,,,,
39454,Burgos,Anestesia,fidel,1.388,60,114.7,2223.12,-0.71,False,,,,
39454,Burgos,Bioseguridad,fidel,1.443,25,147.2,1086.44,-0.86,False,,,,
39475,Toledo,Anestesia,perdut,0.397,116,,2223.12,,False,,,,
39475,Toledo,Bioseguridad,promiscu,0.732,35,158.4,1086.44,-2.58,False,,,,
39571,Huesca,Anestesia,fidel,0.981,18,179.3,3410.04,-0.56,False,,,,
39600,Madrid,Anestesia,perdut,0.359,304,,2223.12,,False,,,,
39600,Madrid,Bioseguridad,perdut,0.746,340,,1086.44,,False,,,,
39651,Barcelona,Anestesia,perdut,0.0,1370,,1802.36,,False,,,,
39653,Madrid,Anestesia,perdut,0.484,179,,2223.12,,False,,,,
39653,Madrid,Bioseguridad,perdut,0.732,179,,1086.44,,False,,,,
39667,Gipúzkoa,Anestesia,marginal,0.0,1657,,2223.12,,False,,,,
39685,Sta.Cruz Tenerife,Anestesia,fidel,1.18,74,97.5,1802.36,-0.43,False,,,,
39685,Sta.Cruz Tenerife,Bioseguridad,fidel,2.764,3,218.1,879.2,-1.37,False,,,,
39691,Badajoz,Anestesia,perdut,0.0,1291,,2223.12,,False,,,,
39697,Almería,Anestesia,fidel,1.442,87,130.0,2223.12,-0.66,False,,,,
39700,Sevilla,Anestesia,fidel,1.549,24,144.8,3410.04,-1.27,False,,,,
39718,Málaga,Anestesia,perdut,0.0,544,,2223.12,,False,,,,
39718,Málaga,Bioseguridad,en_risc,1.843,46,125.0,1086.44,-0.83,True,caiguda_share,0.0,mitja,"Client en_risc de Bioseguridad (Share 12m: 184%). El seu cicle de compra és de 125 dies. Porta 46 dies sense comprar (-79 dies de coll). Tenia share alt, però en els últims 3 mesos ha caigut substancialment."
39721,Sevilla,Anestesia,perdut,0.064,185,,2223.12,,False,,,,
39723,Gipúzkoa,Anestesia,perdut,0.721,164,,2223.12,,False,,,,
39754,Madrid,Anestesia,nou,0.359,20,,2223.12,,False,,,,
39760,Barcelona,Anestesia,fidel,1.159,80,165.5,2223.12,-1.25,False,,,,
39777,Barcelona,Anestesia,marginal,0.183,75,,3410.04,,False,,,,
39792,A Coruña,Anestesia,fidel,0.766,83,272.7,3410.04,-3.08,False,,,,
39798,Gipúzkoa,Anestesia,promiscu,0.623,59,184.7,3410.04,-0.97,False,,,,
39800,Gipúzkoa,Anestesia,perdut,0.465,117,,2223.12,,False,,,,
39816,Gipúzkoa,Anestesia,marginal,0.081,172,,2223.12,,False,,,,
39860,Sevilla,Anestesia,perdut,0.34,264,,2223.12,,False,,,,
39860,Sevilla,Bioseguridad,perdut,0.746,264,,1086.44,,False,,,,
39862,Madrid,Anestesia,perdut,0.116,111,,7956.76,,False,,,,
39862,Madrid,Bioseguridad,promiscu,0.723,38,165.2,3890.46,-0.56,False,,,,
39878,Asturias,Anestesia,perdut,0.618,223,,3410.04,,False,,,,
39879,Salamanca,Anestesia,promiscu,0.355,27,223.5,2223.12,-1.38,False,,,,
39891,Gipúzkoa,Anestesia,perdut,0.533,96,,2223.12,,False,,,,
39945,León,Anestesia,perdut,0.909,108,,3410.04,,False,,,,
39949,Huelva,Anestesia,promiscu,0.444,76,61.7,2223.12,0.4,True,reposicio_endarrerida,1236.57,mitja,Client promiscu de Anestesia (Share 12m: 44%). El seu cicle de compra és de 62 dies. Porta 76 dies sense comprar (14 dies de coll). 
39951,Alicante,Anestesia,promiscu,0.448,75,58.9,3410.04,0.76,True,reposicio_endarrerida,1883.65,mitja,Client promiscu de Anestesia (Share 12m: 45%). El seu cicle de compra és de 59 dies. Porta 75 dies sense comprar (16 dies de coll). 
39965,Albacete,Anestesia,en_risc,1.452,59,58.9,4546.72,0.0,True,caiguda_share,0.0,mitja,"Client en_risc de Anestesia (Share 12m: 145%). El seu cicle de compra és de 59 dies. Porta 59 dies sense comprar (0 dies de coll). Tenia share alt, però en els últims 3 mesos ha caigut substancialment."
39969,A Coruña,Anestesia,perdut,0.296,98,,4546.72,,False,,,,
39969,A Coruña,Bioseguridad,marginal,0.146,20,,2223.12,,False,,,,
39974,León,Anestesia,perdut,0.0,1664,,2223.12,,False,,,,
39982,Navarra,Anestesia,promiscu,0.723,61,180.3,1802.36,-1.3,False,,,,
39982,Navarra,Bioseguridad,perdut,0.0,384,,879.2,,False,,,,
40046,Palencia,Anestesia,promiscu,0.669,55,145.7,4546.72,-1.11,False,,,,
40046,Palencia,Bioseguridad,fidel,1.653,55,83.0,2223.12,-0.53,False,,,,
40047,Palencia,Anestesia,perdut,0.0,1112,,4546.72,,False,,,,
40062,Granada,Anestesia,perdut,1.238,118,,2223.12,,False,,,,
40062,Granada,Bioseguridad,perdut,0.0,916,,1086.44,,False,,,,
40074,Sevilla,Anestesia,en_risc,0.982,54,174.2,2223.12,-2.23,True,caiguda_share,39.31,mitja,"Client en_risc de Anestesia (Share 12m: 98%). El seu cicle de compra és de 174 dies. Porta 54 dies sense comprar (-120 dies de coll). Tenia share alt, però en els últims 3 mesos ha caigut substancialment."
40074,Sevilla,Bioseguridad,marginal,0.0,571,,1086.44,,False,,,,
40089,Almería,Anestesia,perdut,0.524,210,,2223.12,,False,,,,
40110,Lleida,Bioseguridad,perdut,0.0,1643,,879.2,,False,,,,
40128,León,Anestesia,promiscu,0.52,60,209.2,4546.72,-1.37,False,,,,
40159,Madrid,Anestesia,en_risc,0.999,52,77.5,2223.12,-0.63,True,caiguda_share,3.31,mitja,"Client en_risc de Anestesia (Share 12m: 100%). El seu cicle de compra és de 77 dies. Porta 52 dies sense comprar (-25 dies de coll). Tenia share alt, però en els últims 3 mesos ha caigut substancialment."
40174,Zaragoza,Anestesia,fidel,1.599,69,120.6,1802.36,-1.14,False,,,,
40193,León,Anestesia,en_risc,0.477,45,307.0,3410.04,-1.69,True,caiguda_share,1784.83,mitja,"Client en_risc de Anestesia (Share 12m: 48%). El seu cicle de compra és de 307 dies. Porta 45 dies sense comprar (-262 dies de coll). Tenia share alt, però en els últims 3 mesos ha caigut substancialment."
40196,Barcelona,Bioseguridad,perdut,0.0,482,,1086.44,,False,,,,
40220,Madrid,Anestesia,promiscu,0.681,34,152.1,3410.04,-1.48,False,,,,
40220,Madrid,Bioseguridad,perdut,0.0,1301,,1667.34,,False,,,,
40243,Palencia,Anestesia,perdut,0.524,91,,2223.12,,False,,,,
40246,Barcelona,Anestesia,perdut,0.0,1748,,1.0,,False,,,,
40248,Navarra,Bioseguridad,perdut,0.0,1708,,1086.44,,False,,,,
40251,Valencia,Anestesia,promiscu,0.696,56,106.2,3410.04,-1.04,False,,,,
40252,Barcelona,Anestesia,perdut,0.451,98,,2223.12,,False,,,,
40252,Barcelona,Bioseguridad,perdut,0.336,98,,1086.44,,False,,,,
40268,Zaragoza,Anestesia,perdut,0.593,277,,2223.12,,False,,,,
40268,Zaragoza,Bioseguridad,perdut,0.0,417,,1086.44,,False,,,,
40280,Lugo,Anestesia,perdut,0.193,325,,2223.12,,False,,,,
40280,Lugo,Bioseguridad,perdut,0.366,325,,1086.44,,False,,,,
40294,Toledo,Anestesia,perdut,0.188,115,,3410.04,,False,,,,
40294,Toledo,Bioseguridad,en_risc,0.373,87,74.0,1667.34,0.23,True,caiguda_share,1045.56,mitja,"Client en_risc de Bioseguridad (Share 12m: 37%). El seu cicle de compra és de 74 dies. Porta 87 dies sense comprar (13 dies de coll). Tenia share alt, però en els últims 3 mesos ha caigut substancialment."
40295,Ciudad Real,Anestesia,perdut,0.199,98,,2223.12,,False,,,,
40295,Ciudad Real,Bioseguridad,marginal,0.06,87,,1086.44,,False,,,,
40315,Sevilla,Anestesia,fidel,1.476,68,270.8,2223.12,-0.91,False,,,,
40315,Sevilla,Bioseguridad,fidel,4.862,6,77.2,1086.44,-1.53,False,,,,
40320,Las Palmas,Anestesia,perdut,0.609,168,,4546.72,,False,,,,
40320,Las Palmas,Bioseguridad,en_risc,1.896,87,61.9,2223.12,0.43,True,caiguda_share,0.0,mitja,"Client en_risc de Bioseguridad (Share 12m: 190%). El seu cicle de compra és de 62 dies. Porta 87 dies sense comprar (25 dies de coll). Tenia share alt, però en els últims 3 mesos ha caigut substancialment."
40324,Granada,Anestesia,fidel,0.981,74,117.1,3410.04,-0.58,False,,,,
40324,Granada,Bioseguridad,fidel,2.53,12,81.8,1667.34,-1.37,False,,,,
40349,Baleares,Anestesia,perdut,0.0,1448,,1.0,,False,,,,
40352,Cantabria,Anestesia,perdut,0.0,980,,2223.12,,False,,,,
40353,Gipúzkoa,Anestesia,perdut,0.0,1265,,1.0,,False,,,,
40358,Madrid,Anestesia,promiscu,0.346,40,248.0,3410.04,-3.24,False,,,,
40363,Sevilla,Anestesia,perdut,0.0,411,,2223.12,,False,,,,
40366,Burgos,Anestesia,perdut,0.788,115,,2223.12,,False,,,,
40366,Burgos,Bioseguridad,nou,0.439,61,,1086.44,,False,,,,
40371,Asturias,Anestesia,perdut,0.89,185,,2223.12,,False,,,,
40372,Tarragona,Anestesia,perdut,0.0,773,,3410.04,,False,,,,
40373,Málaga,Anestesia,perdut,0.457,313,,2223.12,,False,,,,
40374,Barcelona,Anestesia,perdut,1.195,105,,2223.12,,False,,,,
40374,Barcelona,Bioseguridad,perdut,0.0,791,,1086.44,,False,,,,
40381,Asturias,Anestesia,fidel,1.653,34,262.6,2223.12,-1.31,False,,,,
40383,Toledo,Anestesia,perdut,0.297,116,,2223.12,,False,,,,
40383,Toledo,Bioseguridad,en_risc,0.541,84,89.8,1086.44,-0.11,True,caiguda_share,498.35,mitja,"Client en_risc de Bioseguridad (Share 12m: 54%). El seu cicle de compra és de 90 dies. Porta 84 dies sense comprar (-6 dies de coll). Tenia share alt, però en els últims 3 mesos ha caigut substancialment."
40386,Valencia,Anestesia,fidel,1.469,42,66.2,2223.12,-0.44,False,,,,
40386,Valencia,Bioseguridad,perdut,0.0,600,,1086.44,,False,,,,
40397,Cádiz,Anestesia,promiscu,0.525,59,97.8,3410.04,-1.3,False,,,,
40417,Orense,Anestesia,marginal,0.208,28,,1802.36,,False,,,,
40433,Gipúzkoa,Anestesia,perdut,0.0,899,,3410.04,,False,,,,
40434,Barcelona,Anestesia,fidel,0.985,17,49.8,3410.04,-1.44,False,,,,
40434,Barcelona,Bioseguridad,promiscu,0.486,14,101.0,1667.34,-1.86,False,,,,
40436,Barcelona,Anestesia,perdut,0.266,209,,2223.12,,False,,,,
40437,Barcelona,Anestesia,fidel,1.595,48,73.7,3410.04,-0.52,False,,,,
40439,Zaragoza,Anestesia,fidel,1.626,13,13.2,9093.44,-0.02,False,,,,
40439,Zaragoza,Bioseguridad,en_risc,1.123,47,32.6,4446.24,0.79,True,caiguda_share,0.0,mitja,"Client en_risc de Bioseguridad (Share 12m: 112%). El seu cicle de compra és de 33 dies. Porta 47 dies sense comprar (14 dies de coll). Tenia share alt, però en els últims 3 mesos ha caigut substancialment."
40442,Alicante,Bioseguridad,perdut,0.0,1480,,1667.34,,False,,,,
40446,Málaga,Anestesia,perdut,0.151,259,,6820.08,,False,,,,
40446,Málaga,Bioseguridad,promiscu,0.729,25,107.2,3334.68,-1.53,False,,,,
40447,Cáceres,Anestesia,fidel,1.081,19,263.0,2223.12,-2.68,False,,,,
40454,Ciudad Real,Anestesia,perdut,0.548,203,,2223.12,,False,,,,
40456,Baleares,Anestesia,perdut,0.911,132,,2223.12,,False,,,,
40496,Lleida,Anestesia,marginal,0.0,969,,2223.12,,False,,,,
40497,Girona,Anestesia,fidel,0.901,32,61.6,3410.04,-1.0,False,,,,
40500,Gipúzkoa,Anestesia,perdut,0.0,733,,1802.36,,False,,,,
40501,Madrid,Anestesia,fidel,0.823,53,299.0,1802.36,-3.28,False,,,,
40504,La Rioja,Anestesia,promiscu,0.519,59,100.2,3410.04,-0.72,False,,,,
40511,Sevilla,Anestesia,perdut,0.0,430,,2223.12,,False,,,,
40511,Sevilla,Bioseguridad,perdut,0.677,154,,1086.44,,False,,,,
40513,Vizcaya,Anestesia,perdut,0.808,110,,3410.04,,False,,,,
40513,Vizcaya,Bioseguridad,perdut,2.342,182,,1667.34,,False,,,,
40516,Sta.Cruz Tenerife,Anestesia,marginal,0.0,1699,,1802.36,,False,,,,
40521,Pontevedra,Anestesia,fidel,0.849,63,108.8,4546.72,-0.82,False,,,,
40521,Pontevedra,Bioseguridad,fidel,1.931,63,74.3,2223.12,-0.27,False,,,,
40526,Madrid,Anestesia,perdut,0.0,1301,,2223.12,,False,,,,
40527,Granada,Anestesia,perdut,0.0,1266,,2223.12,,False,,,,
40575,Barcelona,Anestesia,perdut,0.653,237,,2223.12,,False,,,,
40575,Barcelona,Bioseguridad,perdut,0.0,1793,,1086.44,,False,,,,
40582,Barcelona,Anestesia,perdut,0.58,161,,4546.72,,False,,,,
40582,Barcelona,Bioseguridad,fidel,1.913,40,127.1,2223.12,-2.21,False,,,,
40583,Murcia,Anestesia,perdut,0.0,831,,2223.12,,False,,,,
40583,Murcia,Bioseguridad,promiscu,0.732,68,131.8,1086.44,-0.93,False,,,,
40588,Soria,Bioseguridad,perdut,0.0,389,,2223.12,,False,,,,
40590,Badajoz,Anestesia,perdut,0.0,1428,,2223.12,,False,,,,
40604,Madrid,Anestesia,perdut,0.852,161,,2223.12,,False,,,,
40610,Cáceres,Anestesia,perdut,0.684,224,,2223.12,,False,,,,
40610,Cáceres,Bioseguridad,perdut,0.0,1686,,1086.44,,False,,,,
40612,Las Palmas,Anestesia,perdut,0.0,537,,1802.36,,False,,,,
40612,Las Palmas,Bioseguridad,marginal,0.0,537,,879.2,,False,,,,
40613,Granada,Anestesia,perdut,0.438,97,,2223.12,,False,,,,
40613,Granada,Bioseguridad,marginal,0.0,1344,,1086.44,,False,,,,
40617,Málaga,Anestesia,promiscu,0.738,24,137.4,2223.12,-1.94,False,,,,
40617,Málaga,Bioseguridad,perdut,0.0,382,,1086.44,,False,,,,
40622,Granada,Anestesia,en_risc,1.705,26,34.1,3410.04,-0.57,True,caiguda_share,0.0,mitja,"Client en_risc de Anestesia (Share 12m: 171%). El seu cicle de compra és de 34 dies. Porta 26 dies sense comprar (-8 dies de coll). Tenia share alt, però en els últims 3 mesos ha caigut substancialment."
40622,Granada,Bioseguridad,fidel,3.037,26,56.8,1667.34,-1.09,False,,,,
40629,Barcelona,Bioseguridad,perdut,0.0,1560,,1086.44,,False,,,,
40638,Córdoba,Anestesia,perdut,1.324,307,,2223.12,,False,,,,
40641,Asturias,Anestesia,fidel,1.147,62,191.1,2223.12,-0.38,False,,,,
40649,Málaga,Anestesia,marginal,0.0,1761,,2223.12,,False,,,,
40650,Málaga,Anestesia,marginal,0.0,1761,,2223.12,,False,,,,
40659,Tarragona,Anestesia,en_risc,1.192,56,95.9,2223.12,-0.5,True,caiguda_share,0.0,mitja,"Client en_risc de Anestesia (Share 12m: 119%). El seu cicle de compra és de 96 dies. Porta 56 dies sense comprar (-40 dies de coll). Tenia share alt, però en els últims 3 mesos ha caigut substancialment."
40675,Cuenca,Anestesia,fidel,2.508,75,163.8,2223.12,-1.74,False,,,,
40675,Cuenca,Bioseguridad,perdut,0.0,1144,,1086.44,,False,,,,
40677,Baleares,Anestesia,perdut,0.0,480,,1.0,,False,,,,
40677,Baleares,Bioseguridad,perdut,397.52,305,,1.0,,False,,,,
40707,Almería,Anestesia,perdut,0.0,1552,,2223.12,,False,,,,
40708,Almería,Anestesia,fidel,1.469,70,100.3,2223.12,-0.52,False,,,,
40714,Salamanca,Anestesia,perdut,0.698,159,,1802.36,,False,,,,
40717,Madrid,Anestesia,fidel,1.089,24,141.6,1802.36,-1.47,False,,,,
40720,Huelva,Anestesia,fidel,1.195,26,156.4,2223.12,-1.5,False,,,,
40743,Cádiz,Anestesia,marginal,0.088,133,,4546.72,,False,,,,
40766,Madrid,Anestesia,fidel,1.161,82,207.5,2223.12,-1.2,False,,,,
40766,Madrid,Bioseguridad,fidel,1.678,40,149.0,1086.44,-2.01,False,,,,
40767,Madrid,Anestesia,perdut,0.173,119,,3410.04,,False,,,,
40768,Gipúzkoa,Anestesia,marginal,0.0,1091,,2223.12,,False,,,,
40803,Barcelona,Bioseguridad,perdut,0.0,1417,,1086.44,,False,,,,
40828,Cantabria,Anestesia,perdut,0.0,459,,3410.04,,False,,,,
40828,Cantabria,Bioseguridad,perdut,0.867,214,,1667.34,,False,,,,
40832,Gipúzkoa,Anestesia,perdut,0.0,773,,2223.12,,False,,,,
40833,Ciudad Real,Anestesia,perdut,0.441,173,,2223.12,,False,,,,
40833,Ciudad Real,Bioseguridad,perdut,0.304,172,,1086.44,,False,,,,
40843,Álava,Anestesia,fidel,1.443,53,157.3,2223.12,-0.79,False,,,,
40851,A Coruña,Anestesia,perdut,0.0,1207,,2223.12,,False,,,,
40864,Barcelona,Anestesia,perdut,0.0,1055,,1802.36,,False,,,,
40864,Barcelona,Bioseguridad,marginal,0.0,1452,,879.2,,False,,,,
40866,Madrid,Anestesia,perdut,1.511,103,,2223.12,,False,,,,
40885,Zaragoza,Anestesia,perdut,0.0,1196,,2223.12,,False,,,,
40885,Zaragoza,Bioseguridad,perdut,0.0,410,,1086.44,,False,,,,
40890,Madrid,Anestesia,fidel,2.068,47,48.4,3410.04,-0.06,False,,,,
40890,Madrid,Bioseguridad,perdut,0.972,216,,1667.34,,False,,,,
40891,Madrid,Anestesia,fidel,0.904,28,63.9,1802.36,-1.04,False,,,,
40892,Madrid,Anestesia,promiscu,0.555,32,45.6,3410.04,-0.67,False,,,,
40897,Alicante,Anestesia,fidel,1.48,46,58.6,3410.04,-0.25,False,,,,
40897,Alicante,Bioseguridad,marginal,0.194,90,,1667.34,,False,,,,
40908,Huelva,Anestesia,perdut,0.297,230,,2223.12,,False,,,,
40974,Madrid,Anestesia,perdut,0.0,427,,1802.36,,False,,,,
40974,Madrid,Bioseguridad,perdut,0.0,427,,879.2,,False,,,,
40980,La Rioja,Anestesia,perdut,0.799,152,,2223.12,,False,,,,
40994,Almería,Anestesia,perdut,0.266,286,,2223.12,,False,,,,
40995,Las Palmas,Anestesia,promiscu,0.74,75,85.4,3410.04,-0.24,False,,,,
40995,Las Palmas,Bioseguridad,fidel,1.431,75,131.5,1667.34,-2.82,False,,,,
41012,Córdoba,Anestesia,perdut,0.954,157,,2223.12,,False,,,,
41014,Barcelona,Anestesia,perdut,0.598,159,,2223.12,,False,,,,
41014,Barcelona,Bioseguridad,perdut,0.0,1643,,1086.44,,False,,,,
41024,Lleida,Bioseguridad,perdut,0.0,445,,1667.34,,False,,,,
41044,Vizcaya,Anestesia,perdut,0.0,1298,,6820.08,,False,,,,
41045,Vizcaya,Anestesia,perdut,0.0,1299,,4546.72,,False,,,,
41046,Baleares,Anestesia,fidel,1716.46,63,240.9,1.0,-0.99,False,,,,
41052,Burgos,Anestesia,perdut,0.0,378,,1802.36,,False,,,,
41052,Burgos,Bioseguridad,marginal,0.0,577,,879.2,,False,,,,
41053,Sta.Cruz Tenerife,Anestesia,en_risc,0.445,26,127.7,3410.04,-0.88,True,caiguda_share,1892.54,mitja,"Client en_risc de Anestesia (Share 12m: 45%). El seu cicle de compra és de 128 dies. Porta 26 dies sense comprar (-102 dies de coll). Tenia share alt, però en els últims 3 mesos ha caigut substancialment."
41054,Baleares,Anestesia,perdut,0.0,768,,1.0,,False,,,,
41054,Baleares,Bioseguridad,perdut,0.0,1643,,1.0,,False,,,,
41062,Sevilla,Anestesia,promiscu,0.309,42,113.9,4546.72,-1.33,False,,,,
41062,Sevilla,Bioseguridad,perdut,0.0,1643,,2223.12,,False,,,,
41079,Sevilla,Anestesia,perdut,0.292,294,,4546.72,,False,,,,
41079,Sevilla,Bioseguridad,marginal,0.089,276,,2223.12,,False,,,,
41080,Toledo,Anestesia,perdut,0.19,116,,2223.12,,False,,,,
41080,Toledo,Bioseguridad,perdut,0.299,179,,1086.44,,False,,,,
41088,Burgos,Bioseguridad,perdut,0.661,102,,1667.34,,False,,,,
41115,Alicante,Anestesia,perdut,0.0,1683,,2223.12,,False,,,,
41125,Badajoz,Anestesia,en_risc,0.598,172,,2223.12,,False,,,,
41126,Cáceres,Anestesia,en_risc,0.343,47,199.5,2223.12,-1.45,True,caiguda_share,1461.25,mitja,"Client en_risc de Anestesia (Share 12m: 34%). El seu cicle de compra és de 200 dies. Porta 47 dies sense comprar (-152 dies de coll). Tenia share alt, però en els últims 3 mesos ha caigut substancialment."
41126,Cáceres,Bioseguridad,marginal,0.245,47,,1086.44,,False,,,,
41130,Madrid,Anestesia,marginal,0.0,383,,3410.04,,False,,,,
41136,Vizcaya,Bioseguridad,perdut,0.0,762,,1667.34,,False,,,,
41140,Barcelona,Anestesia,perdut,0.524,123,,2223.12,,False,,,,
41145,Guadalajara,Anestesia,perdut,0.27,304,,3410.04,,False,,,,
41169,Valladolid,Anestesia,perdut,0.539,175,,3410.04,,False,,,,
41169,Valladolid,Bioseguridad,fidel,1.131,60,105.4,1667.34,-0.63,False,,,,
41173,Cádiz,Anestesia,en_risc,0.712,42,82.9,3410.04,-0.98,True,caiguda_share,983.42,mitja,"Client en_risc de Anestesia (Share 12m: 71%). El seu cicle de compra és de 83 dies. Porta 42 dies sense comprar (-41 dies de coll). Tenia share alt, però en els últims 3 mesos ha caigut substancialment."
41179,Las Palmas,Anestesia,marginal,0.08,20,,3410.04,,False,,,,
41186,Tarragona,Anestesia,perdut,0.0,571,,2223.12,,False,,,,
41202,Valencia,Anestesia,fidel,1.968,62,123.9,2223.12,-1.29,False,,,,
41202,Valencia,Bioseguridad,fidel,0.878,38,427.5,1086.44,-1.17,False,,,,
41208,Álava,Anestesia,perdut,0.0,635,,2223.12,,False,,,,
41235,Valencia,Anestesia,perdut,0.522,164,,2223.12,,False,,,,
41256,Barcelona,Anestesia,perdut,0.392,105,,2223.12,,False,,,,
41259,Valencia,Anestesia,perdut,0.0,1690,,2223.12,,False,,,,
41298,Vizcaya,Anestesia,marginal,0.13,84,,4546.72,,False,,,,
41319,Barcelona,Anestesia,perdut,0.0,392,,3410.04,,False,,,,
41322,Madrid,Anestesia,promiscu,0.396,45,68.9,1802.36,-0.94,False,,,,
41332,Málaga,Anestesia,en_risc,1.454,42,106.2,2223.12,-0.45,True,caiguda_share,0.0,mitja,"Client en_risc de Anestesia (Share 12m: 145%). El seu cicle de compra és de 106 dies. Porta 42 dies sense comprar (-64 dies de coll). Tenia share alt, però en els últims 3 mesos ha caigut substancialment."
41332,Málaga,Bioseguridad,marginal,0.0,1277,,1086.44,,False,,,,
41340,A Coruña,Anestesia,perdut,0.0,1190,,2223.12,,False,,,,
41349,León,Anestesia,perdut,0.441,160,,3410.04,,False,,,,
41364,Gipúzkoa,Anestesia,fidel,1.243,38,111.3,2223.12,-0.99,False,,,,
41365,Baleares,Anestesia,fidel,1800.26,54,145.3,1.0,-3.06,False,,,,
41368,Madrid,Anestesia,perdut,1.001,108,,2223.12,,False,,,,
41368,Madrid,Bioseguridad,perdut,0.0,1643,,1086.44,,False,,,,
41369,Madrid,Anestesia,perdut,0.0,402,,2223.12,,False,,,,
41386,Madrid,Anestesia,fidel,1.235,27,107.6,2223.12,-1.6,False,,,,
41386,Madrid,Bioseguridad,marginal,0.0,1487,,1086.44,,False,,,,
41389,Valencia,Anestesia,perdut,0.643,151,,3410.04,,False,,,,
41389,Valencia,Bioseguridad,perdut,0.963,220,,1667.34,,False,,,,
41394,Almería,Anestesia,en_risc,1.958,17,36.8,1802.36,-0.67,True,caiguda_share,0.0,mitja,"Client en_risc de Anestesia (Share 12m: 196%). El seu cicle de compra és de 37 dies. Porta 17 dies sense comprar (-20 dies de coll). Tenia share alt, però en els últims 3 mesos ha caigut substancialment."
41409,Madrid,Anestesia,perdut,0.0,1498,,2223.12,,False,,,,
41409,Madrid,Bioseguridad,marginal,0.0,1771,,1086.44,,False,,,,
41423,Cádiz,Anestesia,promiscu,0.263,54,205.2,3410.04,-0.58,False,,,,
41429,Jaén,Anestesia,perdut,0.0,1676,,2223.12,,False,,,,
41432,Madrid,Anestesia,perdut,0.0,627,,1802.36,,False,,,,
41435,Granada,Anestesia,fidel,0.864,56,134.9,4546.72,-1.23,False,,,,
41435,Granada,Bioseguridad,fidel,1.08,89,61.4,2223.12,0.57,False,,,,
41445,Álava,Anestesia,fidel,0.787,39,79.2,6820.08,-0.95,False,,,,
41445,Álava,Bioseguridad,fidel,3.266,7,69.7,3334.68,-2.42,False,,,,
41446,León,Anestesia,perdut,0.0,588,,2223.12,,False,,,,
41460,Málaga,Bioseguridad,perdut,0.486,172,,1667.34,,False,,,,
41480,Barcelona,Anestesia,en_risc,2.583,12,69.1,2223.12,-1.67,True,caiguda_share,0.0,mitja,"Client en_risc de Anestesia (Share 12m: 258%). El seu cicle de compra és de 69 dies. Porta 12 dies sense comprar (-57 dies de coll). Tenia share alt, però en els últims 3 mesos ha caigut substancialment."
41480,Barcelona,Bioseguridad,fidel,3.293,12,105.7,1086.44,-2.12,False,,,,
41482,Ciudad Real,Anestesia,en_risc,0.311,87,52.3,3410.04,1.33,True,caiguda_share,2349.78,alta,"Client en_risc de Anestesia (Share 12m: 31%). El seu cicle de compra és de 52 dies. Porta 87 dies sense comprar (35 dies de coll). Tenia share alt, però en els últims 3 mesos ha caigut substancialment."
41482,Ciudad Real,Bioseguridad,perdut,0.294,118,,1667.34,,False,,,,
41489,Valladolid,Anestesia,fidel,1.089,27,159.8,2223.12,-2.02,False,,,,
41490,Sevilla,Anestesia,marginal,0.0,1728,,3410.04,,False,,,,
41491,Baleares,Anestesia,fidel,1748.53,34,80.7,1.0,-1.14,False,,,,
41498,Pontevedra,Anestesia,promiscu,0.635,7,111.4,3410.04,-1.04,False,,,,
41499,Ciudad Real,Anestesia,perdut,0.288,117,,2223.12,,False,,,,
41499,Ciudad Real,Bioseguridad,perdut,0.24,236,,1086.44,,False,,,,
41501,Sta.Cruz Tenerife,Anestesia,perdut,0.387,238,,2223.12,,False,,,,
41501,Sta.Cruz Tenerife,Bioseguridad,marginal,0.0,1371,,1086.44,,False,,,,
41509,Cuenca,Anestesia,perdut,1.572,117,,2223.12,,False,,,,
41509,Cuenca,Bioseguridad,en_risc,2.582,83,93.2,1086.44,-0.38,True,caiguda_share,0.0,mitja,"Client en_risc de Bioseguridad (Share 12m: 258%). El seu cicle de compra és de 93 dies. Porta 83 dies sense comprar (-10 dies de coll). Tenia share alt, però en els últims 3 mesos ha caigut substancialment."
41522,Sta.Cruz Tenerife,Anestesia,en_risc,1.016,90,131.8,2223.12,-0.43,True,caiguda_share,0.0,mitja,"Client en_risc de Anestesia (Share 12m: 102%). El seu cicle de compra és de 132 dies. Porta 90 dies sense comprar (-42 dies de coll). Tenia share alt, però en els últims 3 mesos ha caigut substancialment."
41522,Sta.Cruz Tenerife,Bioseguridad,en_risc,0.366,203,,1086.44,,False,,,,
41530,Gipúzkoa,Anestesia,fidel,2.192,40,97.6,2223.12,-1.28,False,,,,
41531,Vizcaya,Anestesia,perdut,0.0,1294,,4546.72,,False,,,,
41536,A Coruña,Anestesia,perdut,0.0,538,,2223.12,,False,,,,
41536,A Coruña,Bioseguridad,perdut,0.49,164,,1086.44,,False,,,,
41538,Asturias,Anestesia,perdut,0.319,152,,2223.12,,False,,,,
41542,Sta.Cruz Tenerife,Anestesia,perdut,0.0,437,,2223.12,,False,,,,
41551,Sta.Cruz Tenerife,Anestesia,perdut,0.0,671,,3410.04,,False,,,,
41551,Sta.Cruz Tenerife,Bioseguridad,perdut,0.0,888,,1667.34,,False,,,,
41567,Madrid,Anestesia,perdut,0.16,280,,1802.36,,False,,,,
41570,Granada,Anestesia,perdut,0.598,164,,2223.12,,False,,,,
41570,Granada,Bioseguridad,perdut,0.746,164,,1086.44,,False,,,,
41580,Ciudad Real,Anestesia,perdut,0.202,118,,3410.04,,False,,,,
41580,Ciudad Real,Bioseguridad,perdut,0.237,179,,1667.34,,False,,,,
41586,Alicante,Anestesia,marginal,0.0,1727,,2223.12,,False,,,,
41620,Badajoz,Bioseguridad,perdut,0.0,825,,1086.44,,False,,,,
41622,Sevilla,Anestesia,fidel,1.254,49,146.7,3410.04,-4.07,False,,,,
41635,Albacete,Anestesia,fidel,1.442,27,27.0,3410.04,-0.0,False,,,,
41635,Albacete,Bioseguridad,perdut,0.0,1000,,1667.34,,False,,,,
41637,Murcia,Anestesia,perdut,0.0,790,,2223.12,,False,,,,
41644,Zamora,Anestesia,en_risc,0.352,28,163.1,2223.12,-1.59,True,caiguda_share,1439.62,mitja,"Client en_risc de Anestesia (Share 12m: 35%). El seu cicle de compra és de 163 dies. Porta 28 dies sense comprar (-135 dies de coll). Tenia share alt, però en els últims 3 mesos ha caigut substancialment."
41644,Zamora,Bioseguridad,promiscu,0.305,28,217.4,1086.44,-0.96,False,,,,
41658,Madrid,Anestesia,perdut,0.0,392,,3410.04,,False,,,,
41663,Madrid,Anestesia,fidel,1.33,82,126.7,1802.36,-0.92,False,,,,
41670,Pontevedra,Anestesia,perdut,0.454,209,,2223.12,,False,,,,
41670,Pontevedra,Bioseguridad,marginal,0.0,1123,,1086.44,,False,,,,
41671,Málaga,Anestesia,fidel,0.93,55,255.5,2223.12,-1.5,False,,,,
41671,Málaga,Bioseguridad,perdut,0.885,216,,1086.44,,False,,,,
41683,Baleares,Anestesia,perdut,0.0,1445,,1.0,,False,,,,
41688,Vizcaya,Anestesia,fidel,1.096,46,146.7,6820.08,-1.69,False,,,,
41706,Málaga,Anestesia,marginal,0.0,445,,3410.04,,False,,,,
41736,Madrid,Anestesia,fidel,1.112,80,89.3,3410.04,-0.22,False,,,,
41736,Madrid,Bioseguridad,fidel,0.958,19,125.5,1667.34,-1.94,False,,,,
41740,Granada,Anestesia,perdut,0.0,1259,,3410.04,,False,,,,
41740,Granada,Bioseguridad,perdut,0.0,1259,,1667.34,,False,,,,
41770,Baleares,Bioseguridad,marginal,0.0,1370,,1.0,,False,,,,
41777,A Coruña,Bioseguridad,perdut,0.0,1543,,1086.44,,False,,,,
41789,Murcia,Anestesia,perdut,0.39,220,,3410.04,,False,,,,
41789,Murcia,Bioseguridad,perdut,0.262,103,,1667.34,,False,,,,
41792,Madrid,Anestesia,perdut,0.6,161,,2223.12,,False,,,,
41793,Barcelona,Anestesia,marginal,0.185,63,,2223.12,,False,,,,
41802,Vizcaya,Anestesia,perdut,0.477,203,,2223.12,,False,,,,
41802,Vizcaya,Bioseguridad,nou,1.112,82,,1086.44,,False,,,,
41804,Barcelona,Anestesia,perdut,0.32,104,,3410.04,,False,,,,
41807,Valencia,Anestesia,marginal,0.0,1705,,2223.12,,False,,,,
41807,Valencia,Bioseguridad,perdut,0.0,1497,,1086.44,,False,,,,
41813,Tarragona,Anestesia,perdut,0.401,227,,1802.36,,False,,,,
41814,Almería,Anestesia,perdut,0.37,173,,2223.12,,False,,,,
41814,Almería,Bioseguridad,perdut,1.203,173,,1086.44,,False,,,,
41822,Alicante,Anestesia,promiscu,0.697,62,83.7,4546.72,-0.53,False,,,,
41829,Vizcaya,Anestesia,perdut,0.0,1467,,3410.04,,False,,,,
41832,Alicante,Bioseguridad,perdut,0.0,438,,1667.34,,False,,,,
41836,Ciudad Real,Anestesia,en_risc,0.79,83,46.0,3410.04,0.33,True,caiguda_share,714.88,mitja,"Client en_risc de Anestesia (Share 12m: 79%). El seu cicle de compra és de 46 dies. Porta 83 dies sense comprar (37 dies de coll). Tenia share alt, però en els últims 3 mesos ha caigut substancialment."
41836,Ciudad Real,Bioseguridad,perdut,0.976,179,,1667.34,,False,,,,
41866,Madrid,Anestesia,perdut,0.168,336,,3410.04,,False,,,,
41866,Madrid,Bioseguridad,fidel,0.811,40,132.1,1667.34,-0.81,False,,,,
41869,Toledo,Anestesia,fidel,1.542,18,122.5,1802.36,-3.14,False,,,,
41900,Valencia,Anestesia,perdut,0.0,1201,,1.0,,False,,,,
41906,Ciudad Real,Anestesia,en_risc,0.381,84,46.1,3410.04,1.1,True,caiguda_share,2109.57,alta,"Client en_risc de Anestesia (Share 12m: 38%). El seu cicle de compra és de 46 dies. Porta 84 dies sense comprar (38 dies de coll). Tenia share alt, però en els últims 3 mesos ha caigut substancialment."
41906,Ciudad Real,Bioseguridad,en_risc,0.294,84,68.3,1667.34,0.23,True,caiguda_share,1177.85,mitja,"Client en_risc de Bioseguridad (Share 12m: 29%). El seu cicle de compra és de 68 dies. Porta 84 dies sense comprar (16 dies de coll). Tenia share alt, però en els últims 3 mesos ha caigut substancialment."
41908,Vizcaya,Anestesia,perdut,0.0,1333,,3410.04,,False,,,,
41909,Madrid,Anestesia,perdut,0.0,934,,3410.04,,False,,,,
41921,Ciudad Real,Bioseguridad,perdut,0.0,1522,,1086.44,,False,,,,
41923,Madrid,Anestesia,perdut,0.225,206,,2223.12,,False,,,,
41924,Madrid,Anestesia,perdut,0.0,761,,2223.12,,False,,,,
41926,Jaén,Anestesia,promiscu,0.705,18,253.3,2223.12,-1.82,False,,,,
41926,Jaén,Bioseguridad,perdut,0.0,1160,,1086.44,,False,,,,
41930,Córdoba,Anestesia,perdut,0.293,231,,2223.12,,False,,,,
41946,Baleares,Bioseguridad,marginal,0.0,976,,1.0,,False,,,,
41947,Sta.Cruz Tenerife,Anestesia,perdut,0.0,1216,,3410.04,,False,,,,
41948,Badajoz,Anestesia,perdut,0.0,1159,,3410.04,,False,,,,
41952,Granada,Bioseguridad,perdut,0.0,1424,,1086.44,,False,,,,
41954,Cádiz,Anestesia,perdut,0.0,1546,,3410.04,,False,,,,
41955,Málaga,Anestesia,perdut,0.0,1781,,2223.12,,False,,,,
41956,Badajoz,Bioseguridad,marginal,0.0,573,,1086.44,,False,,,,
41959,Baleares,Anestesia,perdut,0.0,1720,,1.0,,False,,,,
41966,Madrid,Anestesia,perdut,0.0,1792,,2223.12,,False,,,,
41970,Gipúzkoa,Anestesia,perdut,0.0,818,,2223.12,,False,,,,
41977,Málaga,Anestesia,perdut,0.0,479,,2223.12,,False,,,,
41977,Málaga,Bioseguridad,perdut,0.373,227,,1086.44,,False,,,,
41982,Baleares,Anestesia,perdut,0.0,969,,1.0,,False,,,,
41988,Gipúzkoa,Anestesia,perdut,0.0,755,,2223.12,,False,,,,
41993,Madrid,Anestesia,perdut,0.0,1762,,1802.36,,False,,,,
41996,Granada,Anestesia,perdut,0.0,748,,3410.04,,False,,,,
41996,Granada,Bioseguridad,en_risc,3.005,42,69.3,1667.34,-0.6,True,caiguda_share,0.0,mitja,"Client en_risc de Bioseguridad (Share 12m: 301%). El seu cicle de compra és de 69 dies. Porta 42 dies sense comprar (-27 dies de coll). Tenia share alt, però en els últims 3 mesos ha caigut substancialment."
42002,Málaga,Anestesia,perdut,0.555,332,,2223.12,,False,,,,
42006,Málaga,Anestesia,fidel,1.035,19,112.1,2223.12,-2.17,False,,,,
42013,Almería,Anestesia,fidel,1.233,13,190.3,1802.36,-1.41,False,,,,
42015,Málaga,Anestesia,perdut,0.0,1249,,1802.36,,False,,,,
42022,Las Palmas,Anestesia,promiscu,0.393,80,88.1,3410.04,-0.18,False,,,,
42026,Toledo,Bioseguridad,perdut,0.0,1498,,1086.44,,False,,,,
42027,Ciudad Real,Bioseguridad,perdut,0.0,1498,,1086.44,,False,,,,
42031,Toledo,Anestesia,en_risc,0.468,87,54.3,2223.12,0.94,True,caiguda_share,1182.21,mitja,"Client en_risc de Anestesia (Share 12m: 47%). El seu cicle de compra és de 54 dies. Porta 87 dies sense comprar (33 dies de coll). Tenia share alt, però en els últims 3 mesos ha caigut substancialment."
42031,Toledo,Bioseguridad,perdut,0.271,139,,1086.44,,False,,,,
42035,Granada,Anestesia,fidel,1.082,11,54.0,4546.72,-1.61,False,,,,
42035,Granada,Bioseguridad,fidel,1.775,11,51.9,2223.12,-1.54,False,,,,
42037,Madrid,Anestesia,perdut,0.945,108,,2223.12,,False,,,,
42044,Sevilla,Anestesia,marginal,0.0,1673,,3410.04,,False,,,,
42046,Madrid,Anestesia,perdut,0.0,1568,,9093.44,,False,,,,
42053,Cádiz,Anestesia,perdut,0.0,1679,,3410.04,,False,,,,
42054,Sta.Cruz Tenerife,Anestesia,promiscu,0.416,35,136.5,3410.04,-1.61,False,,,,
42065,Sevilla,Anestesia,nou,0.274,32,,3410.04,,False,,,,
42071,Málaga,Anestesia,perdut,0.0,1487,,3410.04,,False,,,,
42078,Córdoba,Bioseguridad,perdut,0.0,1579,,1667.34,,False,,,,
42083,Valencia,Anestesia,perdut,0.255,210,,3410.04,,False,,,,
42096,Sta.Cruz Tenerife,Anestesia,perdut,0.0,612,,2223.12,,False,,,,
42101,A Coruña,Anestesia,perdut,0.0,1573,,2223.12,,False,,,,
42101,A Coruña,Bioseguridad,perdut,0.0,1573,,1086.44,,False,,,,
42103,Madrid,Anestesia,perdut,0.0,1526,,3410.04,,False,,,,
42109,Cádiz,Anestesia,perdut,0.0,795,,3410.04,,False,,,,
42109,Cádiz,Bioseguridad,marginal,0.181,81,,1667.34,,False,,,,
42111,Cádiz,Anestesia,marginal,0.0,1557,,2223.12,,False,,,,
42113,Málaga,Anestesia,perdut,0.235,307,,3410.04,,False,,,,
42116,Gipúzkoa,Anestesia,marginal,0.0,1550,,2223.12,,False,,,,
42121,Málaga,Anestesia,marginal,0.153,0,,4546.72,,False,,,,
42121,Málaga,Bioseguridad,perdut,0.79,116,,2223.12,,False,,,,
42133,Granada,Anestesia,promiscu,0.461,89,447.7,3410.04,-5.66,False,,,,
42133,Granada,Bioseguridad,perdut,0.0,515,,1667.34,,False,,,,
42134,Gipúzkoa,Anestesia,marginal,0.0,1536,,2223.12,,False,,,,
42148,Málaga,Anestesia,promiscu,0.353,70,89.7,3410.04,-0.65,False,,,,
42148,Málaga,Bioseguridad,marginal,0.0,1187,,1667.34,,False,,,,
42152,Baleares,Anestesia,perdut,1760.76,157,,1.0,,False,,,,
42152,Baleares,Bioseguridad,perdut,603.82,97,,1.0,,False,,,,
42154,Madrid,Anestesia,perdut,0.368,248,,1802.36,,False,,,,
42157,Jaén,Anestesia,perdut,0.0,1474,,3410.04,,False,,,,
42160,Madrid,Anestesia,perdut,0.094,116,,2223.12,,False,,,,
42160,Madrid,Bioseguridad,en_risc,0.452,84,70.2,1086.44,0.19,True,caiguda_share,595.75,mitja,"Client en_risc de Bioseguridad (Share 12m: 45%). El seu cicle de compra és de 70 dies. Porta 84 dies sense comprar (14 dies de coll). Tenia share alt, però en els últims 3 mesos ha caigut substancialment."
42170,Málaga,Anestesia,perdut,0.07,329,,2223.12,,False,,,,
42172,Madrid,Anestesia,perdut,0.0,1460,,2223.12,,False,,,,
42175,Madrid,Anestesia,promiscu,0.417,55,116.0,3410.04,-0.56,False,,,,
42177,A Coruña,Anestesia,perdut,0.0,455,,1802.36,,False,,,,
42181,Baleares,Anestesia,fidel,1630.41,27,187.7,1.0,-1.97,False,,,,
42181,Baleares,Bioseguridad,perdut,397.52,355,,1.0,,False,,,,
42183,Vizcaya,Anestesia,perdut,0.0,1329,,3410.04,,False,,,,
42184,Huelva,Anestesia,perdut,0.0,1195,,2223.12,,False,,,,
42187,Lugo,Anestesia,fidel,1.643,5,69.6,3410.04,-2.83,False,,,,
42191,A Coruña,Anestesia,perdut,0.0,969,,2223.12,,False,,,,
42194,Granada,Anestesia,fidel,1.302,52,72.3,2223.12,-0.43,False,,,,
42209,Málaga,Anestesia,perdut,0.0,1417,,2223.12,,False,,,,
42210,Barcelona,Anestesia,promiscu,0.743,68,112.0,3410.04,-1.35,False,,,,
42213,Sevilla,Anestesia,marginal,0.198,75,,2223.12,,False,,,,
42219,Ceuta,Anestesia,perdut,0.0,1340,,2223.12,,False,,,,
42220,Madrid,Anestesia,en_risc,0.419,77,52.8,2223.12,0.58,True,caiguda_share,1292.48,mitja,"Client en_risc de Anestesia (Share 12m: 42%). El seu cicle de compra és de 53 dies. Porta 77 dies sense comprar (24 dies de coll). Tenia share alt, però en els últims 3 mesos ha caigut substancialment."
42220,Madrid,Bioseguridad,en_risc,0.778,87,56.9,1086.44,0.51,True,caiguda_share,241.12,mitja,"Client en_risc de Bioseguridad (Share 12m: 78%). El seu cicle de compra és de 57 dies. Porta 87 dies sense comprar (30 dies de coll). Tenia share alt, però en els últims 3 mesos ha caigut substancialment."
42222,Almería,Anestesia,promiscu,0.462,81,119.5,2223.12,-0.43,False,,,,
42232,Baleares,Anestesia,fidel,2912.8,75,184.3,1.0,-1.69,False,,,,
42233,Murcia,Anestesia,perdut,0.216,133,,2223.12,,False,,,,
42233,Murcia,Bioseguridad,perdut,0.0,824,,1086.44,,False,,,,
42235,Zaragoza,Anestesia,perdut,0.0,1371,,2223.12,,False,,,,
42235,Zaragoza,Bioseguridad,marginal,0.0,1371,,1086.44,,False,,,,
42239,Badajoz,Anestesia,en_risc,1.044,56,59.8,2223.12,-0.14,True,caiguda_share,0.0,mitja,"Client en_risc de Anestesia (Share 12m: 104%). El seu cicle de compra és de 60 dies. Porta 56 dies sense comprar (-4 dies de coll). Tenia share alt, però en els últims 3 mesos ha caigut substancialment."
42239,Badajoz,Bioseguridad,perdut,0.0,600,,1086.44,,False,,,,
42282,Madrid,Anestesia,promiscu,0.258,28,,2223.12,,False,,,,
42282,Madrid,Bioseguridad,nou,0.062,28,,1086.44,,False,,,,
42283,Alicante,Anestesia,fidel,1.286,40,82.6,4546.72,-0.83,False,,,,
42285,León,Anestesia,perdut,0.0,1361,,2223.12,,False,,,,
42285,León,Bioseguridad,perdut,0.0,1361,,1086.44,,False,,,,
42286,Jaén,Anestesia,perdut,0.0,426,,4546.72,,False,,,,
42286,Jaén,Bioseguridad,promiscu,0.54,10,132.7,2223.12,-1.09,False,,,,
42287,Sta.Cruz Tenerife,Anestesia,promiscu,0.387,48,95.8,4546.72,-1.23,False,,,,
42287,Sta.Cruz Tenerife,Bioseguridad,promiscu,0.393,48,125.9,2223.12,-0.88,False,,,,
42288,Sevilla,Anestesia,fidel,0.859,24,161.4,4546.72,-2.38,False,,,,
42288,Sevilla,Bioseguridad,en_risc,3.118,12,56.7,2223.12,-0.97,True,caiguda_share,0.0,mitja,"Client en_risc de Bioseguridad (Share 12m: 312%). El seu cicle de compra és de 57 dies. Porta 12 dies sense comprar (-45 dies de coll). Tenia share alt, però en els últims 3 mesos ha caigut substancialment."
42290,Almería,Anestesia,perdut,0.389,314,,4546.72,,False,,,,
42292,Toledo,Anestesia,perdut,0.047,237,,3410.04,,False,,,,
42292,Toledo,Bioseguridad,perdut,0.197,208,,1667.34,,False,,,,
42293,Ciudad Real,Anestesia,en_risc,0.576,87,46.7,2223.12,1.52,True,caiguda_share,942.0,alta,"Client en_risc de Anestesia (Share 12m: 58%). El seu cicle de compra és de 47 dies. Porta 87 dies sense comprar (40 dies de coll). Tenia share alt, però en els últims 3 mesos ha caigut substancialment."
42293,Ciudad Real,Bioseguridad,perdut,0.0,1060,,1086.44,,False,,,,
42295,Barcelona,Anestesia,perdut,0.68,147,,3410.04,,False,,,,
42298,A Coruña,Anestesia,perdut,0.133,116,,2223.12,,False,,,,
42300,Málaga,Anestesia,fidel,0.763,80,125.6,2223.12,-1.56,False,,,,
42302,Madrid,Anestesia,fidel,1.161,26,184.2,2223.12,-3.91,False,,,,
42303,Madrid,Anestesia,promiscu,0.418,27,215.7,2223.12,-2.55,False,,,,
42304,Sta.Cruz Tenerife,Anestesia,perdut,0.0,1308,,2223.12,,False,,,,
42310,Málaga,Anestesia,perdut,0.0,419,,2223.12,,False,,,,
42322,Valladolid,Anestesia,perdut,0.0,432,,2223.12,,False,,,,
42322,Valladolid,Bioseguridad,perdut,0.0,1193,,1086.44,,False,,,,
42324,Málaga,Anestesia,perdut,0.744,103,,2223.12,,False,,,,
42329,Barcelona,Anestesia,perdut,0.322,304,,2223.12,,False,,,,
42330,Almería,Anestesia,fidel,0.801,56,97.2,2223.12,-0.77,False,,,,
42332,Madrid,Anestesia,perdut,0.447,250,,2223.12,,False,,,,
42334,Huelva,Anestesia,perdut,0.0,727,,2223.12,,False,,,,
42335,Baleares,Anestesia,perdut,0.0,1005,,1.0,,False,,,,
42342,Madrid,Anestesia,perdut,0.0,1306,,1802.36,,False,,,,
42343,Madrid,Anestesia,perdut,0.0,1062,,3410.04,,False,,,,
42347,Málaga,Anestesia,en_risc,0.457,55,64.8,2223.12,-0.24,True,caiguda_share,1207.09,mitja,"Client en_risc de Anestesia (Share 12m: 46%). El seu cicle de compra és de 65 dies. Porta 55 dies sense comprar (-10 dies de coll). Tenia share alt, però en els últims 3 mesos ha caigut substancialment."
42350,Madrid,Anestesia,perdut,0.517,308,,2223.12,,False,,,,
42350,Madrid,Bioseguridad,marginal,0.0,1294,,1086.44,,False,,,,
42356,Almería,Anestesia,fidel,0.809,55,111.5,2223.12,-1.91,False,,,,
42360,Sevilla,Anestesia,perdut,0.205,221,,2223.12,,False,,,,
42374,Alicante,Bioseguridad,marginal,0.238,18,,1667.34,,False,,,,
42387,Vizcaya,Anestesia,perdut,0.0,1020,,2223.12,,False,,,,
42387,Vizcaya,Bioseguridad,marginal,0.0,984,,1086.44,,False,,,,
42389,Málaga,Anestesia,perdut,0.139,222,,2223.12,,False,,,,
42390,Madrid,Anestesia,perdut,0.58,321,,2223.12,,False,,,,
42395,Almería,Anestesia,perdut,0.0,392,,2223.12,,False,,,,
42396,Almería,Anestesia,fidel,0.878,11,132.9,2223.12,-3.53,False,,,,
42398,Madrid,Anestesia,marginal,0.0,1168,,2223.12,,False,,,,
42401,Barcelona,Anestesia,perdut,0.0,1202,,1802.36,,False,,,,
42403,Madrid,Anestesia,perdut,0.226,231,,2223.12,,False,,,,
42403,Madrid,Bioseguridad,perdut,0.254,231,,1086.44,,False,,,,
42407,Barcelona,Anestesia,perdut,0.555,119,,2223.12,,False,,,,
42410,Gipúzkoa,Anestesia,fidel,0.768,61,283.5,2223.12,-1.1,False,,,,
42426,Barcelona,Anestesia,perdut,0.393,95,,1802.36,,False,,,,
42428,Madrid,Anestesia,perdut,0.0,1123,,2223.12,,False,,,,
42428,Madrid,Bioseguridad,perdut,0.0,1123,,1086.44,,False,,,,
42429,Gipúzkoa,Anestesia,perdut,0.0,823,,2223.12,,False,,,,
42432,Madrid,Anestesia,fidel,0.821,19,149.0,3410.04,-2.72,False,,,,
42435,Barcelona,Anestesia,perdut,0.317,290,,4546.72,,False,,,,
42443,Córdoba,Anestesia,perdut,0.419,193,,1802.36,,False,,,,
42445,Salamanca,Anestesia,marginal,0.113,49,,3410.04,,False,,,,
42450,Gipúzkoa,Anestesia,marginal,0.0,1132,,2223.12,,False,,,,
42454,Valencia,Anestesia,perdut,0.515,103,,3410.04,,False,,,,
42456,Gipúzkoa,Anestesia,perdut,0.0,1112,,2223.12,,False,,,,
42464,Pontevedra,Anestesia,perdut,0.0,794,,1.0,,False,,,,
42469,Málaga,Anestesia,perdut,0.0,1072,,3410.04,,False,,,,
42471,Madrid,Anestesia,nou,0.189,10,,3410.04,,False,,,,
42483,Álava,Anestesia,perdut,0.314,98,,3410.04,,False,,,,
42484,Valladolid,Anestesia,marginal,0.0,1068,,2223.12,,False,,,,
42488,Barcelona,Anestesia,perdut,0.044,206,,4546.72,,False,,,,
42490,Ciudad Real,Anestesia,perdut,0.28,119,,2223.12,,False,,,,
42490,Ciudad Real,Bioseguridad,perdut,0.398,119,,1086.44,,False,,,,
42493,Cádiz,Anestesia,marginal,0.0,1046,,2223.12,,False,,,,
42494,Albacete,Anestesia,perdut,0.612,145,,2223.12,,False,,,,
42494,Albacete,Bioseguridad,en_risc,0.392,73,79.1,1086.44,-0.16,True,caiguda_share,660.71,mitja,"Client en_risc de Bioseguridad (Share 12m: 39%). El seu cicle de compra és de 79 dies. Porta 73 dies sense comprar (-6 dies de coll). Tenia share alt, però en els últims 3 mesos ha caigut substancialment."
42498,Sevilla,Anestesia,perdut,1.322,96,,3410.04,,False,,,,
42500,Sevilla,Anestesia,perdut,0.196,257,,4546.72,,False,,,,
42503,Alicante,Bioseguridad,marginal,0.0,861,,1086.44,,False,,,,
42504,Cáceres,Anestesia,perdut,0.0,1026,,3410.04,,False,,,,
42504,Cáceres,Bioseguridad,perdut,0.0,1025,,1667.34,,False,,,,
42507,Madrid,Anestesia,marginal,0.018,343,,7956.76,,False,,,,
42512,Madrid,Anestesia,en_risc,0.745,0,130.7,1802.36,-1.18,True,caiguda_share,458.87,mitja,"Client en_risc de Anestesia (Share 12m: 75%). El seu cicle de compra és de 131 dies. Porta 0 dies sense comprar (-131 dies de coll). Tenia share alt, però en els últims 3 mesos ha caigut substancialment."
42513,A Coruña,Anestesia,promiscu,0.598,26,497.5,2223.12,-9.39,False,,,,
42518,Albacete,Anestesia,promiscu,0.594,14,124.9,4546.72,-1.3,False,,,,
42518,Albacete,Bioseguridad,en_risc,1.275,59,68.4,2223.12,-0.22,True,caiguda_share,0.0,mitja,"Client en_risc de Bioseguridad (Share 12m: 128%). El seu cicle de compra és de 68 dies. Porta 59 dies sense comprar (-9 dies de coll). Tenia share alt, però en els últims 3 mesos ha caigut substancialment."
42519,Madrid,Anestesia,marginal,0.213,34,,2223.12,,False,,,,
42524,Baleares,Anestesia,perdut,0.0,600,,1.0,,False,,,,
42525,Granada,Anestesia,fidel,0.981,7,98.0,3410.04,-1.59,False,,,,
42525,Granada,Bioseguridad,marginal,0.0,185,,1667.34,,False,,,,
42526,Barcelona,Anestesia,perdut,0.173,168,,3410.04,,False,,,,
42529,Jaén,Bioseguridad,perdut,1.44,160,,1667.34,,False,,,,
42534,Jaén,Anestesia,en_risc,0.677,12,59.6,6820.08,-0.71,True,caiguda_share,2201.96,mitja,"Client en_risc de Anestesia (Share 12m: 68%). El seu cicle de compra és de 60 dies. Porta 12 dies sense comprar (-48 dies de coll). Tenia share alt, però en els últims 3 mesos ha caigut substancialment."
42534,Jaén,Bioseguridad,perdut,0.447,126,,3334.68,,False,,,,
42535,Madrid,Anestesia,promiscu,0.34,59,230.0,2223.12,-1.63,False,,,,
42535,Madrid,Bioseguridad,promiscu,0.559,59,,1086.44,,False,,,,
42537,Sevilla,Anestesia,promiscu,0.585,39,154.2,4546.72,-1.46,False,,,,
42542,Burgos,Anestesia,promiscu,0.322,38,186.4,6820.08,-0.76,False,,,,
42543,Málaga,Anestesia,perdut,0.276,201,,2223.12,,False,,,,
42543,Málaga,Bioseguridad,marginal,0.0,969,,1086.44,,False,,,,
42544,Albacete,Anestesia,perdut,0.655,235,,2223.12,,False,,,,
42548,Málaga,Anestesia,marginal,0.0,952,,2223.12,,False,,,,
42549,Toledo,Anestesia,perdut,0.047,209,,3410.04,,False,,,,
42549,Toledo,Bioseguridad,perdut,0.195,234,,1667.34,,False,,,,
42552,Tarragona,Anestesia,perdut,2.116,96,,3410.04,,False,,,,
42552,Tarragona,Bioseguridad,perdut,0.0,481,,1667.34,,False,,,,
42554,Madrid,Anestesia,promiscu,0.442,0,205.8,1802.36,-0.94,False,,,,
42559,Barcelona,Anestesia,fidel,1.81,74,66.6,2223.12,0.23,False,,,,
42559,Barcelona,Bioseguridad,perdut,0.336,150,,1086.44,,False,,,,
42567,Girona,Anestesia,perdut,0.531,102,,2223.12,,False,,,,
42569,Baleares,Anestesia,fidel,2879.7,73,169.6,1.0,-0.83,False,,,,
42574,Madrid,Anestesia,en_risc,1.075,56,91.8,3410.04,-1.62,True,caiguda_share,0.0,mitja,"Client en_risc de Anestesia (Share 12m: 107%). El seu cicle de compra és de 92 dies. Porta 56 dies sense comprar (-36 dies de coll). Tenia share alt, però en els últims 3 mesos ha caigut substancialment."
42574,Madrid,Bioseguridad,fidel,4.584,27,37.1,1667.34,-0.53,False,,,,
42575,A Coruña,Anestesia,promiscu,0.624,87,165.2,2223.12,-0.47,False,,,,
42576,Barcelona,Anestesia,perdut,0.0,894,,2223.12,,False,,,,
42580,Madrid,Anestesia,promiscu,0.498,77,415.0,2223.12,-7.24,False,,,,
42591,Ciudad Real,Anestesia,promiscu,0.293,84,86.8,2223.12,-0.05,True,finestra_captura,1571.3,alta,Client promiscu de Anestesia (Share 12m: 29%). El seu cicle de compra és de 87 dies. Porta 84 dies sense comprar (-3 dies de coll). S'obre la seva finestra de reposició ara. Oportunitat per robar share a la competència.
42591,Ciudad Real,Bioseguridad,perdut,0.538,119,,1086.44,,False,,,,
42595,Las Palmas,Anestesia,promiscu,0.522,84,108.7,2223.12,-0.31,False,,,,
42600,Madrid,Anestesia,promiscu,0.622,80,126.3,6820.08,-0.74,False,,,,
42614,Málaga,Anestesia,perdut,0.0,824,,3410.04,,False,,,,
42615,A Coruña,Anestesia,perdut,0.62,116,,2223.12,,False,,,,
42617,A Coruña,Anestesia,fidel,1.223,53,82.0,3410.04,-0.42,False,,,,
42619,Sevilla,Anestesia,nou,0.328,33,,1802.36,,False,,,,
42620,A Coruña,Anestesia,promiscu,0.463,76,245.0,2223.12,-1.15,False,,,,
42624,Zaragoza,Anestesia,marginal,0.0,802,,3410.04,,False,,,,
42625,Ciudad Real,Anestesia,perdut,0.431,189,,2223.12,,False,,,,
42627,Castellón,Anestesia,perdut,0.694,118,,2223.12,,False,,,,
42628,Madrid,Anestesia,marginal,0.0,794,,2223.12,,False,,,,
42630,Barcelona,Anestesia,perdut,0.126,237,,3410.04,,False,,,,
42635,Córdoba,Anestesia,perdut,0.276,118,,3410.04,,False,,,,
42636,Sevilla,Anestesia,promiscu,0.686,19,256.0,3410.04,-2.9,False,,,,
42637,Burgos,Anestesia,perdut,0.0,775,,2223.12,,False,,,,
42640,Las Palmas,Anestesia,marginal,0.107,47,,3410.04,,False,,,,
42645,Madrid,Anestesia,marginal,0.21,19,,4546.72,,False,,,,
42645,Madrid,Bioseguridad,perdut,0.182,116,,2223.12,,False,,,,
42646,Granada,Anestesia,perdut,0.655,178,,2223.12,,False,,,,
42646,Granada,Bioseguridad,marginal,0.0,487,,1086.44,,False,,,,
42650,Cádiz,Anestesia,promiscu,0.463,76,84.1,3410.04,-0.14,False,,,,
42653,Girona,Anestesia,perdut,0.0,767,,1802.36,,False,,,,
42658,Madrid,Anestesia,en_risc,0.432,90,60.7,2223.12,0.95,True,caiguda_share,1262.28,mitja,"Client en_risc de Anestesia (Share 12m: 43%). El seu cicle de compra és de 61 dies. Porta 90 dies sense comprar (29 dies de coll). Tenia share alt, però en els últims 3 mesos ha caigut substancialment."
42658,Madrid,Bioseguridad,perdut,0.122,147,,1086.44,,False,,,,
42659,A Coruña,Anestesia,marginal,0.232,318,,2223.12,,False,,,,
42663,Murcia,Anestesia,perdut,0.472,115,,3410.04,,False,,,,
42699,Granada,Anestesia,perdut,0.522,150,,3410.04,,False,,,,
42700,Sevilla,Anestesia,promiscu,0.326,87,166.5,3410.04,-1.21,False,,,,
42701,Madrid,Anestesia,promiscu,0.324,68,76.1,2223.12,-0.17,False,,,,
42701,Madrid,Bioseguridad,perdut,0.0,740,,1086.44,,False,,,,
42703,Cuenca,Anestesia,promiscu,0.391,80,261.0,2223.12,-5.56,False,,,,
42706,Madrid,Anestesia,perdut,0.0,748,,2223.12,,False,,,,
42709,Madrid,Anestesia,perdut,0.377,117,,3410.04,,False,,,,
42711,Barcelona,Anestesia,perdut,0.0,605,,3410.04,,False,,,,
42718,Madrid,Anestesia,perdut,0.0,377,,2223.12,,False,,,,
42720,Jaén,Anestesia,promiscu,0.674,27,73.6,3410.04,-3.04,False,,,,
42721,Sevilla,Anestesia,promiscu,0.377,87,317.0,3410.04,-0.82,False,,,,
42722,Cádiz,Anestesia,promiscu,0.565,26,231.7,3410.04,-0.89,False,,,,
42724,Granada,Anestesia,perdut,0.346,238,,3410.04,,False,,,,
42725,Granada,Anestesia,perdut,0.522,119,,3410.04,,False,,,,
42726,Almería,Anestesia,en_risc,0.849,26,69.4,3410.04,-0.97,True,caiguda_share,515.98,mitja,"Client en_risc de Anestesia (Share 12m: 85%). El seu cicle de compra és de 69 dies. Porta 26 dies sense comprar (-43 dies de coll). Tenia share alt, però en els últims 3 mesos ha caigut substancialment."
42727,Almería,Anestesia,perdut,0.427,179,,3410.04,,False,,,,
42729,Cádiz,Anestesia,perdut,0.171,328,,3410.04,,False,,,,
42730,Córdoba,Anestesia,promiscu,0.699,54,66.5,3410.04,-0.72,False,,,,
42731,Córdoba,Anestesia,promiscu,0.523,88,142.0,3410.04,-1.13,False,,,,
42732,Córdoba,Anestesia,promiscu,0.615,87,91.5,3410.04,-0.23,False,,,,
42733,Córdoba,Anestesia,promiscu,0.502,87,78.1,3410.04,0.17,True,reposicio_endarrerida,1697.36,mitja,Client promiscu de Anestesia (Share 12m: 50%). El seu cicle de compra és de 78 dies. Porta 87 dies sense comprar (9 dies de coll). 
42734,Córdoba,Anestesia,perdut,0.176,150,,3410.04,,False,,,,
42735,Jaén,Anestesia,fidel,1.302,11,48.7,3410.04,-1.8,False,,,,
42736,Cádiz,Anestesia,promiscu,0.703,53,80.5,3410.04,-1.19,False,,,,
42737,Jaén,Anestesia,promiscu,0.276,55,182.0,3410.04,-2.81,False,,,,
42738,Jaén,Anestesia,promiscu,0.522,84,121.4,3410.04,-1.97,False,,,,
42739,Jaén,Anestesia,fidel,0.869,89,75.5,3410.04,0.55,False,,,,
42740,Granada,Anestesia,perdut,0.603,118,,3410.04,,False,,,,
42741,Granada,Anestesia,promiscu,0.552,88,145.0,3410.04,-0.5,False,,,,
42742,Granada,Anestesia,promiscu,0.598,83,92.4,3410.04,-0.15,False,,,,
42743,Granada,Anestesia,promiscu,0.301,84,209.7,3410.04,-1.61,False,,,,
42744,Madrid,Anestesia,perdut,0.59,161,,1802.36,,False,,,,
42745,Sevilla,Anestesia,perdut,0.377,118,,3410.04,,False,,,,
42747,Sevilla,Anestesia,perdut,0.527,208,,3410.04,,False,,,,
42748,Sevilla,Anestesia,perdut,0.0,510,,3410.04,,False,,,,
42750,Sevilla,Anestesia,marginal,0.176,83,,3410.04,,False,,,,
42751,Sevilla,Anestesia,perdut,0.171,350,,3410.04,,False,,,,
42753,Sevilla,Anestesia,perdut,0.346,264,,3410.04,,False,,,,
42754,Sevilla,Anestesia,marginal,0.244,350,,3410.04,,False,,,,
42755,Málaga,Anestesia,perdut,0.151,202,,3410.04,,False,,,,
42756,Málaga,Anestesia,marginal,0.176,54,,3410.04,,False,,,,
42757,Sta.Cruz Tenerife,Anestesia,perdut,0.308,314,,3410.04,,False,,,,
42760,Gipúzkoa,Anestesia,marginal,0.0,475,,2223.12,,False,,,,
42760,Gipúzkoa,Bioseguridad,fidel,1.464,83,101.0,1086.44,-6.36,False,,,,
42763,Toledo,Anestesia,marginal,0.0,711,,1802.36,,False,,,,
42766,Girona,Anestesia,perdut,0.532,117,,1802.36,,False,,,,
42771,Barcelona,Anestesia,promiscu,0.489,81,208.0,2223.12,-1.97,False,,,,
42776,Badajoz,Anestesia,fidel,3.097,0,63.4,2223.12,-2.01,False,,,,
42777,Huelva,Anestesia,marginal,0.139,26,,2223.12,,False,,,,
42778,Madrid,Anestesia,perdut,0.0,543,,2223.12,,False,,,,
42781,Melilla,Anestesia,perdut,0.354,320,,3410.04,,False,,,,
42784,Madrid,Anestesia,perdut,0.0,684,,2223.12,,False,,,,
42785,Madrid,Anestesia,marginal,0.0,447,,2223.12,,False,,,,
42785,Madrid,Bioseguridad,perdut,0.0,447,,1086.44,,False,,,,
42786,Madrid,Anestesia,promiscu,0.251,83,301.5,3410.04,-0.88,False,,,,
42788,Madrid,Anestesia,marginal,0.052,206,,3410.04,,False,,,,
42790,Madrid,Anestesia,marginal,0.0,577,,4546.72,,False,,,,
42790,Madrid,Bioseguridad,perdut,0.0,577,,2223.12,,False,,,,
42793,Madrid,Anestesia,perdut,0.563,123,,2223.12,,False,,,,
42805,Ciudad Real,Anestesia,en_risc,1.188,89,57.9,2223.12,1.44,True,caiguda_share,0.0,alta,"Client en_risc de Anestesia (Share 12m: 119%). El seu cicle de compra és de 58 dies. Porta 89 dies sense comprar (31 dies de coll). Tenia share alt, però en els últims 3 mesos ha caigut substancialment."
42805,Ciudad Real,Bioseguridad,perdut,0.597,271,,1086.44,,False,,,,
42806,Albacete,Anestesia,marginal,0.188,84,,3410.04,,False,,,,
42806,Albacete,Bioseguridad,perdut,0.314,117,,1667.34,,False,,,,
42807,Málaga,Anestesia,promiscu,0.432,28,103.4,2223.12,-1.46,False,,,,
42809,Málaga,Anestesia,perdut,0.127,279,,2223.12,,False,,,,
42813,Valladolid,Anestesia,perdut,0.169,322,,2223.12,,False,,,,
42819,Valladolid,Anestesia,marginal,0.156,42,,5683.4,,False,,,,
42819,Valladolid,Bioseguridad,promiscu,0.434,66,70.0,2778.9,-0.13,False,,,,
42821,Las Palmas,Anestesia,perdut,0.312,245,,3410.04,,False,,,,
42828,Cádiz,Anestesia,promiscu,0.343,54,116.2,4546.72,-2.51,False,,,,
42830,Jaén,Anestesia,promiscu,0.473,53,116.4,2223.12,-1.02,False,,,,
42843,Girona,Anestesia,perdut,0.0,371,,2223.12,,False,,,,
42848,Vizcaya,Anestesia,promiscu,0.45,53,186.7,3410.04,-8.38,False,,,,
42849,Las Palmas,Anestesia,perdut,0.88,214,,2223.12,,False,,,,
42850,A Coruña,Anestesia,marginal,0.0,392,,2223.12,,False,,,,
42853,Toledo,Anestesia,perdut,0.091,206,,1802.36,,False,,,,
42855,Madrid,Anestesia,promiscu,0.501,17,143.5,2223.12,-1.96,False,,,,
42859,Valencia,Anestesia,fidel,0.845,75,102.6,3410.04,-1.33,False,,,,
42864,Badajoz,Anestesia,fidel,1.54,49,96.2,3410.04,-1.14,False,,,,
42865,León,Anestesia,perdut,0.227,189,,9093.44,,False,,,,
42865,León,Bioseguridad,marginal,0.0,398,,4446.24,,False,,,,
42867,Madrid,Anestesia,perdut,0.185,353,,2223.12,,False,,,,
42867,Madrid,Bioseguridad,promiscu,0.732,54,263.5,1086.44,-2.16,False,,,,
42871,Almería,Anestesia,fidel,0.809,60,140.7,4546.72,-4.54,False,,,,
42881,Madrid,Anestesia,perdut,0.0,559,,3410.04,,False,,,,
42885,Sevilla,Anestesia,perdut,0.478,273,,2223.12,,False,,,,
42886,Madrid,Anestesia,perdut,0.737,297,,1802.36,,False,,,,
42889,Cádiz,Anestesia,perdut,0.176,125,,3410.04,,False,,,,
42896,Sta.Cruz Tenerife,Anestesia,fidel,0.782,80,152.7,2223.12,-0.69,False,,,,
42900,Sevilla,Anestesia,perdut,0.325,105,,4546.72,,False,,,,
42900,Sevilla,Bioseguridad,marginal,0.128,210,,2223.12,,False,,,,
42902,Sevilla,Anestesia,fidel,0.811,45,131.3,3410.04,-5.21,False,,,,
42903,Barcelona,Anestesia,marginal,0.0,532,,1802.36,,False,,,,
42904,Burgos,Bioseguridad,nou,0.241,53,,3334.68,,False,,,,
42906,Valencia,Anestesia,marginal,0.173,90,,3410.04,,False,,,,
42909,Toledo,Anestesia,promiscu,0.347,84,54.9,2223.12,1.08,True,reposicio_endarrerida,1452.78,mitja,Client promiscu de Anestesia (Share 12m: 35%). El seu cicle de compra és de 55 dies. Porta 84 dies sense comprar (29 dies de coll). 
42909,Toledo,Bioseguridad,perdut,0.691,108,,1086.44,,False,,,,
42910,Alicante,Anestesia,promiscu,0.714,26,75.6,3410.04,-2.76,False,,,,
42921,Barcelona,Bioseguridad,fidel,1.073,27,112.0,1667.34,-2.67,False,,,,
42928,Madrid,Anestesia,marginal,0.0,452,,1802.36,,False,,,,
42930,Sta.Cruz Tenerife,Anestesia,perdut,0.234,238,,4546.72,,False,,,,
42931,Alicante,Anestesia,perdut,0.173,236,,3410.04,,False,,,,
42933,Girona,Anestesia,perdut,1.178,130,,2223.12,,False,,,,
42938,Madrid,Anestesia,perdut,0.0,454,,2223.12,,False,,,,
42945,Madrid,Anestesia,perdut,0.315,283,,1802.36,,False,,,,
42946,Madrid,Anestesia,marginal,0.231,88,,3410.04,,False,,,,
42946,Madrid,Bioseguridad,marginal,0.143,334,,1667.34,,False,,,,
42947,Tarragona,Anestesia,perdut,0.0,430,,2223.12,,False,,,,
42955,Zaragoza,Anestesia,fidel,1.493,45,93.5,2223.12,-2.45,False,,,,
42955,Zaragoza,Bioseguridad,en_risc,0.298,194,,1086.44,,False,,,,
42956,Madrid,Anestesia,en_risc,0.258,325,,2223.12,,False,,,,
42960,Madrid,Anestesia,perdut,0.258,325,,2223.12,,False,,,,
42966,Alicante,Anestesia,fidel,1.292,24,32.7,3410.04,-1.11,False,,,,
42966,Alicante,Bioseguridad,perdut,0.0,384,,1667.34,,False,,,,
42974,Asturias,Anestesia,fidel,1.105,84,61.6,2223.12,0.51,False,,,,
42978,Granada,Anestesia,promiscu,0.352,53,168.5,3410.04,-10.89,False,,,,
42980,Albacete,Anestesia,promiscu,0.326,54,165.5,3410.04,-6.86,False,,,,
42981,Valencia,Anestesia,perdut,0.0,383,,3410.04,,False,,,,
42986,Las Palmas,Anestesia,en_risc,0.39,143,,3410.04,,False,,,,
42987,Murcia,Bioseguridad,fidel,0.898,27,175.5,1667.34,-30.0,False,,,,
42988,Baleares,Anestesia,marginal,0.0,378,,1.0,,False,,,,
42991,Barcelona,Anestesia,marginal,0.12,299,,2223.12,,False,,,,
42993,Zaragoza,Anestesia,fidel,0.875,26,92.0,2223.12,-46.67,False,,,,
42996,Cádiz,Anestesia,marginal,0.13,279,,4546.72,,False,,,,
42999,Valencia,Anestesia,perdut,0.694,326,,3410.04,,False,,,,
43007,Barcelona,Anestesia,perdut,0.128,300,,3410.04,,False,,,,
43008,Toledo,Anestesia,perdut,0.288,139,,2223.12,,False,,,,
43008,Toledo,Bioseguridad,promiscu,0.333,88,,1086.44,,False,,,,
43009,Toledo,Anestesia,perdut,0.18,132,,2223.12,,False,,,,
43009,Toledo,Bioseguridad,perdut,0.271,208,,1086.44,,False,,,,
43010,Madrid,Anestesia,en_risc,1.35,40,88.3,2223.12,-1.24,True,caiguda_share,0.0,mitja,"Client en_risc de Anestesia (Share 12m: 135%). El seu cicle de compra és de 88 dies. Porta 40 dies sense comprar (-48 dies de coll). Tenia share alt, però en els últims 3 mesos ha caigut substancialment."
43013,Almería,Anestesia,perdut,0.326,210,,3410.04,,False,,,,
43015,Sta.Cruz Tenerife,Anestesia,fidel,1.012,81,110.0,3410.04,-1.86,False,,,,
43018,Madrid,Anestesia,promiscu,0.575,87,,2223.12,,False,,,,
43018,Madrid,Bioseguridad,en_risc,1.78,76,32.0,1086.44,2.6,True,caiguda_share,0.0,alta,"Client en_risc de Bioseguridad (Share 12m: 178%). El seu cicle de compra és de 32 dies. Porta 76 dies sense comprar (44 dies de coll). Tenia share alt, però en els últims 3 mesos ha caigut substancialment."
43019,Madrid,Anestesia,perdut,0.094,115,,2223.12,,False,,,,
43019,Madrid,Bioseguridad,perdut,0.452,145,,1086.44,,False,,,,
43020,Madrid,Anestesia,perdut,0.298,294,,3410.04,,False,,,,
43020,Madrid,Bioseguridad,en_risc,0.392,87,,1667.34,,False,,,,
43022,Tarragona,Anestesia,promiscu,0.705,14,62.8,3410.04,-2.94,False,,,,
43024,Cádiz,Anestesia,perdut,0.862,91,,3410.04,,False,,,,
43024,Cádiz,Bioseguridad,marginal,0.121,159,,1667.34,,False,,,,
43030,Tarragona,Anestesia,marginal,0.165,291,,2223.12,,False,,,,
43038,Almería,Anestesia,perdut,0.147,138,,1802.36,,False,,,,
43041,Sta.Cruz Tenerife,Anestesia,perdut,0.411,161,,3410.04,,False,,,,
43048,Córdoba,Bioseguridad,perdut,0.343,269,,879.2,,False,,,,
43050,Baleares,Anestesia,perdut,1818.62,96,,1.0,,False,,,,
43056,Almería,Anestesia,perdut,0.612,251,,1802.36,,False,,,,
43060,Málaga,Anestesia,perdut,0.276,248,,1802.36,,False,,,,
43062,Madrid,Anestesia,perdut,0.151,243,,3410.04,,False,,,,
43064,Madrid,Anestesia,promiscu,0.468,27,72.0,3410.04,-0.68,False,,,,
43072,Madrid,Anestesia,perdut,0.266,224,,2223.12,,False,,,,
43074,Madrid,Anestesia,perdut,0.176,222,,2223.12,,False,,,,
43074,Madrid,Bioseguridad,perdut,0.423,222,,1086.44,,False,,,,
43078,Madrid,Anestesia,perdut,0.151,221,,3410.04,,False,,,,
43082,Sevilla,Anestesia,promiscu,0.266,17,98.5,5683.4,-2.81,False,,,,
43083,Valladolid,Anestesia,perdut,0.28,181,,2223.12,,False,,,,
43083,Valladolid,Bioseguridad,perdut,0.611,181,,1086.44,,False,,,,
43084,Sevilla,Anestesia,marginal,0.181,207,,4546.72,,False,,,,
43085,Pontevedra,Anestesia,en_risc,205.92,207,,1.0,,False,,,,
43090,Alicante,Anestesia,perdut,0.392,195,,1802.36,,False,,,,
43091,Baleares,Anestesia,en_risc,169.84,181,,1.0,,False,,,,
43096,Las Palmas,Bioseguridad,promiscu,0.447,73,,1667.34,,False,,,,
43099,Toledo,Anestesia,marginal,0.097,185,,1802.36,,False,,,,
43101,Barcelona,Anestesia,marginal,0.082,182,,3410.04,,False,,,,
43103,Tarragona,Anestesia,marginal,0.165,179,,2223.12,,False,,,,
43104,Málaga,Anestesia,en_risc,0.252,181,,2223.12,,False,,,,
43113,Lugo,Anestesia,en_risc,87.04,179,,1.0,,False,,,,
43114,Badajoz,Anestesia,fidel,0.835,26,50.7,3410.04,-0.64,False,,,,
43120,Sevilla,Anestesia,marginal,0.165,171,,3410.04,,False,,,,
43121,Castellón,Anestesia,marginal,0.082,173,,1802.36,,False,,,,
43122,Madrid,Anestesia,perdut,0.12,173,,2223.12,,False,,,,
43123,Barcelona,Anestesia,marginal,0.031,172,,4546.72,,False,,,,
43124,Barcelona,Anestesia,marginal,0.041,172,,3410.04,,False,,,,
43125,Castellón,Anestesia,marginal,0.247,172,,3410.04,,False,,,,
43126,Sevilla,Anestesia,perdut,0.582,101,,3410.04,,False,,,,
43127,Barcelona,Anestesia,marginal,0.156,168,,1802.36,,False,,,,
43128,Guadalajara,Anestesia,en_risc,0.252,168,,2223.12,,False,,,,
43129,Barcelona,Anestesia,marginal,0.062,168,,4546.72,,False,,,,
43130,Barcelona,Anestesia,marginal,0.189,168,,2223.12,,False,,,,
43132,Valencia,Anestesia,perdut,0.145,167,,3410.04,,False,,,,
43134,Barcelona,Anestesia,marginal,0.082,166,,3410.04,,False,,,,
43135,Málaga,Anestesia,nou,0.266,82,,2223.12,,False,,,,
43136,Málaga,Anestesia,marginal,0.126,166,,2223.12,,False,,,,
43137,Barcelona,Anestesia,marginal,0.156,166,,1802.36,,False,,,,
43138,Gipúzkoa,Anestesia,marginal,0.039,166,,2223.12,,False,,,,
43139,Madrid,Anestesia,perdut,0.177,166,,1802.36,,False,,,,
43140,Ávila,Anestesia,marginal,0.099,166,,1802.36,,False,,,,
43141,Málaga,Anestesia,marginal,0.063,166,,2223.12,,False,,,,
43143,Madrid,Anestesia,perdut,0.126,161,,2223.12,,False,,,,
43145,Madrid,Anestesia,marginal,0.189,161,,2223.12,,False,,,,
43146,Madrid,Anestesia,marginal,0.041,161,,3410.04,,False,,,,
43148,Málaga,Anestesia,promiscu,0.352,89,,3410.04,,False,,,,
43150,Madrid,Anestesia,en_risc,0.369,60,50.0,1802.36,0.79,True,caiguda_share,1137.95,mitja,"Client en_risc de Anestesia (Share 12m: 37%). El seu cicle de compra és de 50 dies. Porta 60 dies sense comprar (10 dies de coll). Tenia share alt, però en els últims 3 mesos ha caigut substancialment."
43155,Barcelona,Anestesia,promiscu,0.455,25,,3410.04,,False,,,,
43160,Baleares,Anestesia,en_risc,824.63,122,,1.0,,False,,,,
43162,Baleares,Anestesia,en_risc,659.71,119,,1.0,,False,,,,
43163,Las Palmas,Anestesia,marginal,0.078,91,,3410.04,,False,,,,
43164,Las Palmas,Anestesia,perdut,0.193,117,,2223.12,,False,,,,
43168,Madrid,Anestesia,perdut,0.151,116,,3410.04,,False,,,,
43175,Barcelona,Anestesia,perdut,0.609,104,,2223.12,,False,,,,
43181,Toledo,Anestesia,perdut,0.151,95,,3410.04,,False,,,,
43183,Madrid,Anestesia,perdut,0.151,95,,3410.04,,False,,,,
43186,Madrid,Anestesia,perdut,0.151,95,,3410.04,,False,,,,
43200,Barcelona,Anestesia,nou,0.55,28,,3410.04,,False,,,,
43203,Badajoz,Anestesia,nou,885.86,28,,1.0,,False,,,,
43205,Madrid,Anestesia,nou,513.76,53,,1.0,,False,,,,
43227,Málaga,Anestesia,nou,467.58,24,,1.0,,False,,,,
2000579,Andorra,Anestesia,perdut,0.855,214,,2223.12,,False,,,,
1000036781,Murcia,Bioseguridad,en_risc,1.839,14,98.0,1086.44,-2.56,True,caiguda_share,0.0,mitja,"Client en_risc de Bioseguridad (Share 12m: 184%). El seu cicle de compra és de 98 dies. Porta 14 dies sense comprar (-84 dies de coll). Tenia share alt, però en els últims 3 mesos ha caigut substancialment."
1000036870,Zaragoza,Anestesia,fidel,0.798,27,278.5,2223.12,-1.75,False,,,,
1000036961,Tarragona,Anestesia,fidel,1.063,54,205.4,2223.12,-0.53,False,,,,
1000036997,Madrid,Anestesia,fidel,1.394,74,132.1,2223.12,-0.9,False,,,,
1000037112,Madrid,Anestesia,perdut,0.617,178,,2223.12,,False,,,,
1000037112,Madrid,Bioseguridad,perdut,1.118,165,,1086.44,,False,,,,
1000037181,Valencia,Anestesia,perdut,1.067,95,,3410.04,,False,,,,
1000037345,Zaragoza,Bioseguridad,perdut,0.0,1704,,1667.34,,False,,,,
1000037376,Madrid,Anestesia,perdut,1.223,124,,2223.12,,False,,,,
1000037399,Cuenca,Anestesia,perdut,0.114,207,,2223.12,,False,,,,
1000037399,Cuenca,Bioseguridad,marginal,0.0,698,,1086.44,,False,,,,
1000037427,Castellón,Anestesia,marginal,0.0,1538,,2223.12,,False,,,,
1000037454,Barcelona,Anestesia,perdut,0.0,1371,,2223.12,,False,,,,
1000037487,Barcelona,Anestesia,perdut,0.0,1748,,3410.04,,False,,,,
1000037512,Girona,Anestesia,promiscu,0.688,19,91.5,2223.12,-1.13,False,,,,
1000037512,Girona,Bioseguridad,en_risc,2.209,41,83.7,1086.44,-0.45,True,caiguda_share,0.0,mitja,"Client en_risc de Bioseguridad (Share 12m: 221%). El seu cicle de compra és de 84 dies. Porta 41 dies sense comprar (-43 dies de coll). Tenia share alt, però en els últims 3 mesos ha caigut substancialment."
1000037515,Guadalajara,Anestesia,perdut,0.266,180,,2223.12,,False,,,,
1000037515,Guadalajara,Bioseguridad,fidel,2.389,32,50.4,1086.44,-0.92,False,,,,
1000037595,La Rioja,Anestesia,perdut,0.737,125,,1802.36,,False,,,,
1000037600,Barcelona,Anestesia,fidel,1.067,52,135.2,2223.12,-1.93,False,,,,
1000037619,La Rioja,Anestesia,promiscu,0.498,80,352.7,2223.12,-1.55,False,,,,
1000037619,La Rioja,Bioseguridad,perdut,0.549,158,,1086.44,,False,,,,
1000037659,Barcelona,Anestesia,perdut,0.203,223,,1802.36,,False,,,,
1000037667,Las Palmas,Anestesia,en_risc,1.695,17,71.0,3410.04,-1.81,True,caiguda_share,0.0,mitja,"Client en_risc de Anestesia (Share 12m: 169%). El seu cicle de compra és de 71 dies. Porta 17 dies sense comprar (-54 dies de coll). Tenia share alt, però en els últims 3 mesos ha caigut substancialment."
1000037704,Madrid,Anestesia,perdut,0.0,419,,1802.36,,False,,,,
1000037704,Madrid,Bioseguridad,marginal,0.0,1288,,879.2,,False,,,,
1000037763,Barcelona,Anestesia,fidel,2.397,63,138.8,1802.36,-1.41,False,,,,
1000037777,Barcelona,Anestesia,perdut,0.0,650,,1802.36,,False,,,,
1000037891,Baleares,Anestesia,marginal,0.0,1704,,2223.12,,False,,,,
1000037891,Baleares,Bioseguridad,marginal,0.0,1141,,1086.44,,False,,,,
1000038189,Madrid,Anestesia,perdut,0.328,115,,1802.36,,False,,,,
1000038232,La Rioja,Anestesia,fidel,1.088,70,99.1,2223.12,-1.17,False,,,,
1000038263,Madrid,Anestesia,perdut,0.258,237,,2223.12,,False,,,,
1000038290,Almería,Anestesia,marginal,0.063,165,,2223.12,,False,,,,
1000038392,Baleares,Anestesia,perdut,0.0,1006,,3410.04,,False,,,,
1000038392,Baleares,Bioseguridad,marginal,0.0,1063,,1667.34,,False,,,,
1000038447,Baleares,Bioseguridad,perdut,0.079,196,,1667.34,,False,,,,
1000038497,Baleares,Anestesia,fidel,1.186,14,126.7,3410.04,-1.59,False,,,,
1000038595,Madrid,Anestesia,fidel,1.953,33,80.1,2223.12,-0.74,False,,,,
1000038595,Madrid,Bioseguridad,perdut,0.0,1315,,1086.44,,False,,,,
1000038685,Badajoz,Anestesia,perdut,0.0,419,,2223.12,,False,,,,
1000038775,Cantabria,Anestesia,perdut,0.7,263,,2223.12,,False,,,,
1000039366,Castellón,Anestesia,perdut,0.0,389,,1802.36,,False,,,,
1000039499,Jaén,Anestesia,perdut,0.437,96,,1802.36,,False,,,,
1000039665,Zaragoza,Anestesia,fidel,0.806,24,137.8,3410.04,-1.46,False,,,,
1000039665,Zaragoza,Bioseguridad,marginal,0.0,1784,,1667.34,,False,,,,
1000039696,Barcelona,Anestesia,fidel,1.279,14,60.8,5683.4,-1.6,False,,,,
1000039707,León,Anestesia,perdut,0.75,221,,2223.12,,False,,,,
1000039922,Madrid,Anestesia,promiscu,0.561,17,244.1,2223.12,-2.66,False,,,,
1000039922,Madrid,Bioseguridad,perdut,0.886,300,,1086.44,,False,,,,
1000039979,Pontevedra,Anestesia,fidel,1.056,25,45.1,2223.12,-0.86,False,,,,
1000039979,Pontevedra,Bioseguridad,perdut,0.0,1151,,1086.44,,False,,,,
1000040021,Valencia,Anestesia,perdut,0.0,433,,2223.12,,False,,,,
1000040157,Sta.Cruz Tenerife,Anestesia,perdut,0.253,189,,3410.04,,False,,,,
1000040173,Asturias,Anestesia,perdut,0.591,361,,2223.12,,False,,,,
1000040173,Asturias,Bioseguridad,en_risc,0.439,361,,1086.44,,False,,,,
1000040210,Sevilla,Anestesia,promiscu,0.366,25,133.5,3410.04,-2.25,False,,,,
1000040210,Sevilla,Bioseguridad,promiscu,0.486,25,284.4,1667.34,-1.77,False,,,,
1000040383,Huelva,Anestesia,perdut,0.598,243,,2223.12,,False,,,,
1000040550,Tarragona,Anestesia,perdut,0.0,936,,2223.12,,False,,,,
1000040574,Toledo,Anestesia,fidel,1.75,32,63.8,1802.36,-1.42,False,,,,
1000040574,Toledo,Bioseguridad,perdut,0.0,1291,,879.2,,False,,,,
1000040689,Valencia,Anestesia,perdut,0.0,466,,1802.36,,False,,,,
1000040718,Girona,Anestesia,perdut,0.165,209,,2223.12,,False,,,,
1000040842,Girona,Anestesia,fidel,0.789,32,145.8,2223.12,-2.06,False,,,,
1000040842,Girona,Bioseguridad,fidel,2.132,32,159.0,1086.44,-1.63,False,,,,
1000041054,A Coruña,Anestesia,promiscu,0.576,75,208.0,4546.72,-4.09,False,,,,
1000041067,Vizcaya,Anestesia,perdut,3.126,243,,2223.12,,False,,,,
1000041067,Vizcaya,Bioseguridad,fidel,5.313,46,124.0,1086.44,-1.06,False,,,,
1000041079,Madrid,Bioseguridad,perdut,0.0,1715,,879.2,,False,,,,
1000041086,Barcelona,Anestesia,perdut,1.266,221,,2223.12,,False,,,,
1000041136,Madrid,Anestesia,perdut,0.363,264,,2223.12,,False,,,,
1000041272,Asturias,Anestesia,perdut,0.198,238,,2223.12,,False,,,,
1000041273,Cuenca,Anestesia,promiscu,0.39,6,371.0,3410.04,-2.01,False,,,,
1000041273,Cuenca,Bioseguridad,perdut,0.477,278,,1667.34,,False,,,,
1000041359,Barcelona,Anestesia,fidel,1.017,28,122.7,2223.12,-3.31,False,,,,
1000041382,Barcelona,Anestesia,fidel,4.548,68,87.6,3410.04,-0.18,False,,,,
1000041400,Barcelona,Anestesia,fidel,0.963,54,156.4,3410.04,-1.03,False,,,,
1000041400,Barcelona,Bioseguridad,fidel,1.449,54,117.0,1667.34,-0.85,False,,,,
1000041454,Zaragoza,Anestesia,perdut,0.0,1340,,2223.12,,False,,,,
1000041550,Burgos,Anestesia,fidel,1.874,34,124.9,2223.12,-1.58,False,,,,
1000041560,Zaragoza,Bioseguridad,perdut,0.439,291,,1086.44,,False,,,,
1000041657,Valencia,Anestesia,promiscu,0.368,27,,2223.12,,False,,,,
1000041657,Valencia,Bioseguridad,nou,0.062,27,,1086.44,,False,,,,
1000041674,Salamanca,Anestesia,perdut,0.597,154,,1802.36,,False,,,,
1000041716,Sta.Cruz Tenerife,Anestesia,fidel,0.755,35,146.9,2223.12,-1.55,False,,,,
1000041726,Ciudad Real,Anestesia,perdut,0.969,152,,2223.12,,False,,,,
1000041726,Ciudad Real,Bioseguridad,perdut,0.918,105,,1086.44,,False,,,,
1000041827,Valladolid,Anestesia,promiscu,0.404,18,215.0,3410.04,-1.47,False,,,,
1000041827,Valladolid,Bioseguridad,perdut,0.143,248,,1667.34,,False,,,,
1000041898,La Rioja,Anestesia,perdut,0.0,1371,,2223.12,,False,,,,
1000041971,Jaén,Anestesia,marginal,0.0,1559,,2223.12,,False,,,,
1000041971,Jaén,Bioseguridad,marginal,0.0,1189,,1086.44,,False,,,,
1000041983,Madrid,Anestesia,perdut,0.0,445,,1802.36,,False,,,,
1000041983,Madrid,Bioseguridad,perdut,0.0,704,,879.2,,False,,,,
1000042009,Madrid,Anestesia,fidel,0.824,26,58.9,3410.04,-0.78,False,,,,
1000042016,Girona,Anestesia,perdut,0.598,223,,2223.12,,False,,,,
1000042039,Asturias,Anestesia,promiscu,0.314,46,329.6,2223.12,-0.79,False,,,,
1000042084,Cantabria,Anestesia,promiscu,0.302,27,191.0,2223.12,-1.38,False,,,,
1000042085,Cantabria,Anestesia,perdut,0.0,733,,3410.04,,False,,,,
1000042144,Madrid,Anestesia,perdut,0.891,104,,1802.36,,False,,,,
1000042144,Madrid,Bioseguridad,perdut,1.899,104,,879.2,,False,,,,
1000042244,Córdoba,Bioseguridad,perdut,1.192,111,,1667.34,,False,,,,
1000042306,Jaén,Anestesia,promiscu,0.505,70,171.2,1802.36,-1.26,False,,,,
1000042307,Ciudad Real,Anestesia,fidel,1.113,53,67.9,1802.36,-0.53,False,,,,
1000042307,Ciudad Real,Bioseguridad,en_risc,2.233,26,105.5,879.2,-1.23,True,caiguda_share,0.0,mitja,"Client en_risc de Bioseguridad (Share 12m: 223%). El seu cicle de compra és de 105 dies. Porta 26 dies sense comprar (-79 dies de coll). Tenia share alt, però en els últims 3 mesos ha caigut substancialment."
1000042326,Melilla,Anestesia,perdut,0.756,103,,2223.12,,False,,,,
1000042326,Melilla,Bioseguridad,perdut,0.439,201,,1086.44,,False,,,,
1000042336,Granada,Anestesia,promiscu,0.639,14,349.6,1802.36,-2.87,False,,,,
1000042343,Tarragona,Anestesia,perdut,0.0,1112,,2223.12,,False,,,,
1000042377,Madrid,Anestesia,promiscu,0.539,75,,2223.12,,False,,,,
1000042392,Palencia,Bioseguridad,promiscu,0.739,53,486.3,1086.44,-2.8,False,,,,
1000042570,Guadalajara,Anestesia,perdut,0.258,332,,2223.12,,False,,,,
1000042570,Guadalajara,Bioseguridad,perdut,0.0,459,,1086.44,,False,,,,
1000042574,Valladolid,Anestesia,perdut,1.095,116,,3410.04,,False,,,,
1000042603,Madrid,Anestesia,fidel,1.05,41,80.1,5683.4,-1.04,False,,,,
1000042603,Madrid,Bioseguridad,promiscu,0.632,34,118.0,2778.9,-1.05,False,,,,
1000042620,Granada,Anestesia,perdut,1.158,124,,3410.04,,False,,,,
1000042620,Granada,Bioseguridad,perdut,0.0,441,,1667.34,,False,,,,
1000042670,Barcelona,Anestesia,perdut,0.0,1078,,2223.12,,False,,,,
1000042748,Alicante,Bioseguridad,perdut,0.0,621,,1086.44,,False,,,,
1000042752,Madrid,Bioseguridad,perdut,0.0,1040,,1667.34,,False,,,,
1000042820,Barcelona,Anestesia,perdut,0.498,222,,2223.12,,False,,,,
1000042827,Las Palmas,Anestesia,perdut,0.0,605,,2223.12,,False,,,,
1000042835,Badajoz,Anestesia,nou,0.04,28,,2223.12,,False,,,,
1000042835,Badajoz,Bioseguridad,perdut,0.0,391,,1086.44,,False,,,,
1000042947,Madrid,Anestesia,perdut,0.526,265,,2223.12,,False,,,,
1000042947,Madrid,Bioseguridad,promiscu,0.366,19,222.2,1086.44,-1.48,False,,,,
1000042967,Valencia,Anestesia,perdut,0.624,185,,2223.12,,False,,,,
1000043172,Cáceres,Anestesia,perdut,0.0,845,,3410.04,,False,,,,
1000043172,Cáceres,Bioseguridad,fidel,1.687,61,153.5,1667.34,-0.66,False,,,,
1000043173,Cáceres,Anestesia,fidel,0.989,87,175.2,2223.12,-0.86,False,,,,
1000043173,Cáceres,Bioseguridad,fidel,5.896,67,116.6,1086.44,-0.41,False,,,,
1000043204,Madrid,Anestesia,perdut,0.0,707,,3410.04,,False,,,,
1000043232,Granada,Anestesia,perdut,0.531,131,,1802.36,,False,,,,
1000044579,Zaragoza,Anestesia,perdut,0.729,157,,2223.12,,False,,,,
1000044579,Zaragoza,Bioseguridad,perdut,0.366,272,,1086.44,,False,,,,
1000044587,Murcia,Bioseguridad,perdut,0.749,236,,1086.44,,False,,,,
1000044594,Madrid,Anestesia,fidel,1.055,45,67.3,2223.12,-0.65,False,,,,
1000044594,Madrid,Bioseguridad,marginal,0.0,1784,,1086.44,,False,,,,
1000046050,Asturias,Anestesia,marginal,0.0,1123,,2223.12,,False,,,,
1000046792,Sta.Cruz Tenerife,Anestesia,promiscu,0.546,77,196.5,2223.12,-1.27,False,,,,
1000048293,Palencia,Anestesia,perdut,0.37,159,,3410.04,,False,,,,
1000048293,Palencia,Bioseguridad,promiscu,0.668,52,131.6,1667.34,-1.22,False,,,,
1000048764,Madrid,Anestesia,fidel,1.127,74,82.7,3410.04,-0.27,False,,,,
1000048764,Madrid,Bioseguridad,fidel,0.85,74,180.0,1667.34,-1.85,False,,,,
1000051168,Baleares,Anestesia,perdut,0.0,1545,,2223.12,,False,,,,
1000051951,Baleares,Anestesia,perdut,0.0,888,,4546.72,,False,,,,
1000051951,Baleares,Bioseguridad,fidel,2.678,6,48.9,2223.12,-0.36,False,,,,
1000051972,Barcelona,Anestesia,fidel,1.139,53,109.1,1802.36,-1.32,False,,,,
1000052454,Barcelona,Anestesia,perdut,0.525,151,,2223.12,,False,,,,
1000053130,Sevilla,Anestesia,fidel,1.212,25,57.0,3410.04,-0.93,False,,,,
1000053136,Girona,Anestesia,perdut,0.0,410,,2223.12,,False,,,,
1000053136,Girona,Bioseguridad,perdut,0.663,278,,1086.44,,False,,,,
1000053457,Barcelona,Anestesia,perdut,0.0,1419,,1802.36,,False,,,,
1000054867,Valencia,Anestesia,perdut,0.22,325,,3410.04,,False,,,,
1000054868,Barcelona,Anestesia,fidel,0.89,87,130.8,2223.12,-0.74,False,,,,
1000055021,Baleares,Anestesia,fidel,1.279,76,91.8,4546.72,-0.32,False,,,,
1000055021,Baleares,Bioseguridad,fidel,1.702,45,103.8,2223.12,-0.64,False,,,,
1000055530,Sevilla,Bioseguridad,marginal,0.0,1768,,1086.44,,False,,,,
1000055638,Córdoba,Anestesia,perdut,0.409,207,,4546.72,,False,,,,
1000055899,Valencia,Anestesia,perdut,0.734,96,,2223.12,,False,,,,
1000055899,Valencia,Bioseguridad,en_risc,0.28,115,,1086.44,,False,,,,
1000056227,Guadalajara,Anestesia,perdut,0.266,110,,2223.12,,False,,,,
1000056227,Guadalajara,Bioseguridad,fidel,0.782,12,183.1,1086.44,-1.78,False,,,,
1000056229,Girona,Anestesia,fidel,2.716,18,49.2,3410.04,-1.13,False,,,,
1000056231,Zaragoza,Anestesia,perdut,0.0,1270,,3410.04,,False,,,,
1000056254,Granada,Anestesia,marginal,0.0,1740,,2223.12,,False,,,,
1000056276,Valencia,Anestesia,perdut,0.262,103,,3410.04,,False,,,,
1000056276,Valencia,Bioseguridad,perdut,0.0,413,,1667.34,,False,,,,
1000056305,Madrid,Anestesia,promiscu,0.548,27,287.2,2223.12,-1.83,False,,,,
1000056328,Madrid,Anestesia,fidel,0.775,54,96.1,2223.12,-0.98,False,,,,
1000056374,Almería,Anestesia,promiscu,0.504,80,294.4,2223.12,-4.73,False,,,,
1000056400,Barcelona,Anestesia,perdut,0.0,488,,2223.12,,False,,,,
1000056409,Córdoba,Anestesia,perdut,0.853,285,,2223.12,,False,,,,
1000056444,Pontevedra,Anestesia,fidel,1.295,68,159.2,2223.12,-3.48,False,,,,
1000056444,Pontevedra,Bioseguridad,promiscu,0.439,56,587.0,1086.44,-0.57,False,,,,
1000056449,Vizcaya,Anestesia,perdut,1.083,313,,2223.12,,False,,,,
1000056449,Vizcaya,Bioseguridad,nou,1.22,27,,1086.44,,False,,,,
1000056485,Sta.Cruz Tenerife,Bioseguridad,fidel,4.127,28,177.0,1086.44,-2.06,False,,,,
1000056487,Salamanca,Anestesia,fidel,1.843,32,114.1,1802.36,-1.68,False,,,,
1000056487,Salamanca,Bioseguridad,marginal,0.181,294,,879.2,,False,,,,
1000056599,Madrid,Anestesia,perdut,0.0,1734,,2223.12,,False,,,,
1000056618,Barcelona,Anestesia,nou,0.131,28,,3410.04,,False,,,,
1000056618,Barcelona,Bioseguridad,perdut,1.049,94,,1667.34,,False,,,,
1000056711,Baleares,Anestesia,marginal,0.0,1616,,3410.04,,False,,,,
1000056752,Pontevedra,Anestesia,perdut,0.81,167,,1802.36,,False,,,,
1000056820,Madrid,Anestesia,fidel,0.784,54,77.0,2223.12,-0.56,False,,,,
1000056820,Madrid,Bioseguridad,marginal,0.186,308,,1086.44,,False,,,,
1000056822,Sta.Cruz Tenerife,Anestesia,fidel,1.013,69,71.4,2223.12,-0.08,False,,,,
1000056822,Sta.Cruz Tenerife,Bioseguridad,fidel,5.891,17,34.0,1086.44,-0.74,False,,,,
1000056890,Almería,Anestesia,promiscu,0.747,25,53.0,3410.04,-0.7,False,,,,
1000056892,Almería,Anestesia,promiscu,0.412,87,208.4,2223.12,-1.13,False,,,,
1000056892,Almería,Bioseguridad,marginal,0.0,1754,,1086.44,,False,,,,
1000056895,Barcelona,Anestesia,fidel,1.013,82,122.1,2223.12,-1.23,False,,,,
1000056895,Barcelona,Bioseguridad,perdut,0.512,228,,1086.44,,False,,,,
1000056963,Valencia,Anestesia,perdut,0.0,572,,3410.04,,False,,,,
1000056963,Valencia,Bioseguridad,perdut,1.166,250,,1667.34,,False,,,,
1000056995,Barcelona,Bioseguridad,perdut,0.0,586,,1086.44,,False,,,,
1000057006,Castellón,Anestesia,perdut,0.0,1579,,1802.36,,False,,,,
1000057197,Madrid,Anestesia,perdut,0.325,283,,3410.04,,False,,,,
1000057197,Madrid,Bioseguridad,perdut,0.238,102,,1667.34,,False,,,,
1000057213,Ciudad Real,Anestesia,fidel,1.016,41,114.9,2223.12,-1.54,False,,,,
1000057270,Navarra,Anestesia,perdut,0.0,692,,2223.12,,False,,,,
1000057270,Navarra,Bioseguridad,perdut,0.0,692,,1086.44,,False,,,,
1000057293,Valencia,Anestesia,fidel,1.811,46,61.8,2223.12,-0.49,False,,,,
1000057417,Jaén,Anestesia,promiscu,0.677,38,140.8,2223.12,-1.2,False,,,,
1000057417,Jaén,Bioseguridad,marginal,0.0,174,,1086.44,,False,,,,
1000057436,Tarragona,Anestesia,fidel,1.311,19,90.9,1802.36,-1.18,False,,,,
1000057514,Madrid,Anestesia,en_risc,1.048,90,71.1,2223.12,0.4,True,caiguda_share,0.0,mitja,"Client en_risc de Anestesia (Share 12m: 105%). El seu cicle de compra és de 71 dies. Porta 90 dies sense comprar (19 dies de coll). Tenia share alt, però en els últims 3 mesos ha caigut substancialment."
1000057514,Madrid,Bioseguridad,fidel,1.991,90,87.9,1086.44,0.05,False,,,,
1000057515,Alicante,Anestesia,perdut,0.416,335,,3410.04,,False,,,,
1000057515,Alicante,Bioseguridad,marginal,0.121,335,,1667.34,,False,,,,
1000057609,Sevilla,Anestesia,marginal,0.0,1690,,2223.12,,False,,,,
1000057629,Cádiz,Anestesia,perdut,0.173,161,,3410.04,,False,,,,
1000057667,Madrid,Anestesia,perdut,0.295,294,,2223.12,,False,,,,
1000057753,Vizcaya,Anestesia,fidel,1.195,67,209.0,3410.04,-1.03,False,,,,
1000057832,Madrid,Bioseguridad,perdut,0.366,248,,1086.44,,False,,,,
1000057850,A Coruña,Anestesia,fidel,1.125,35,108.0,4546.72,-2.61,False,,,,
1000057937,Barcelona,Anestesia,promiscu,0.552,53,125.6,2223.12,-1.28,False,,,,
1000057942,Madrid,Anestesia,perdut,0.0,704,,2223.12,,False,,,,
1000057942,Madrid,Bioseguridad,marginal,0.0,704,,1086.44,,False,,,,
1000058015,Madrid,Bioseguridad,perdut,1.464,356,,1086.44,,False,,,,
1000058038,Alicante,Anestesia,promiscu,0.488,55,107.7,2223.12,-0.48,False,,,,
1000058045,A Coruña,Anestesia,perdut,0.0,573,,3410.04,,False,,,,
1000058065,Madrid,Anestesia,marginal,0.0,1480,,3410.04,,False,,,,
1000058080,Cádiz,Anestesia,perdut,0.0,594,,3410.04,,False,,,,
1000058091,Pontevedra,Anestesia,perdut,0.0,1749,,1802.36,,False,,,,
1000058092,Asturias,Anestesia,marginal,0.0,745,,2223.12,,False,,,,
1000058106,Zaragoza,Bioseguridad,perdut,0.0,1715,,1667.34,,False,,,,
1000058116,Madrid,Anestesia,promiscu,0.266,75,109.6,2223.12,-0.61,False,,,,
1000058116,Madrid,Bioseguridad,promiscu,0.298,27,154.1,1086.44,-1.18,False,,,,
1000058120,Madrid,Anestesia,perdut,1.063,174,,3410.04,,False,,,,
1000058131,A Coruña,Anestesia,perdut,0.0,804,,4546.72,,False,,,,
1000058131,A Coruña,Bioseguridad,perdut,0.0,804,,2223.12,,False,,,,
1000058161,Jaén,Anestesia,fidel,0.82,32,209.9,2223.12,-3.34,False,,,,
1000058195,Zaragoza,Bioseguridad,perdut,0.0,852,,1667.34,,False,,,,
1000058198,Las Palmas,Anestesia,perdut,0.334,109,,2223.12,,False,,,,
1000058199,Madrid,Anestesia,promiscu,0.432,12,87.2,2223.12,-1.96,False,,,,
1000058199,Madrid,Bioseguridad,fidel,0.79,47,68.4,1086.44,-0.55,False,,,,
1000058223,Sta.Cruz Tenerife,Anestesia,fidel,0.798,49,109.2,3410.04,-1.17,False,,,,
1000058223,Sta.Cruz Tenerife,Bioseguridad,perdut,0.286,314,,1667.34,,False,,,,
1000058229,Valencia,Anestesia,perdut,0.422,238,,3410.04,,False,,,,
1000058229,Valencia,Bioseguridad,perdut,0.0,1187,,1667.34,,False,,,,
1000058239,Barcelona,Anestesia,perdut,0.165,161,,2223.12,,False,,,,
1000058239,Barcelona,Bioseguridad,marginal,0.0,1764,,1086.44,,False,,,,
1000058338,Madrid,Anestesia,fidel,0.882,27,283.2,2223.12,-2.93,False,,,,
1000058363,Vizcaya,Anestesia,marginal,0.0,1201,,2223.12,,False,,,,
1000058426,Toledo,Anestesia,perdut,0.0,549,,3410.04,,False,,,,
1000058426,Toledo,Bioseguridad,perdut,0.486,202,,1667.34,,False,,,,
1000058430,Madrid,Anestesia,perdut,0.0,545,,3410.04,,False,,,,
1000058430,Madrid,Bioseguridad,perdut,0.0,1643,,1667.34,,False,,,,
1000058448,Madrid,Anestesia,marginal,0.176,84,,2223.12,,False,,,,
1000058448,Madrid,Bioseguridad,en_risc,1.086,84,98.6,1086.44,-0.31,True,caiguda_share,0.0,mitja,"Client en_risc de Bioseguridad (Share 12m: 109%). El seu cicle de compra és de 99 dies. Porta 84 dies sense comprar (-15 dies de coll). Tenia share alt, però en els últims 3 mesos ha caigut substancialment."
1000058449,Madrid,Anestesia,perdut,0.804,115,,2223.12,,False,,,,
1000058449,Madrid,Bioseguridad,perdut,0.0,914,,1086.44,,False,,,,
1000058622,Almería,Anestesia,perdut,0.0,1727,,2223.12,,False,,,,
1000058647,Lugo,Anestesia,perdut,0.054,311,,3410.04,,False,,,,
1000058696,Sta.Cruz Tenerife,Anestesia,fidel,0.802,25,72.6,4546.72,-1.6,False,,,,
1000058743,A Coruña,Anestesia,perdut,0.0,830,,2223.12,,False,,,,
1000058746,Castellón,Anestesia,promiscu,0.408,20,267.8,2223.12,-1.53,False,,,,
1000058783,Las Palmas,Anestesia,perdut,0.598,250,,2223.12,,False,,,,
1000058785,Sta.Cruz Tenerife,Anestesia,marginal,0.0,1259,,1802.36,,False,,,,
1000058826,Jaén,Anestesia,marginal,0.0,1370,,1802.36,,False,,,,
1000059088,Barcelona,Bioseguridad,marginal,0.0,633,,1667.34,,False,,,,
1000059213,Granada,Anestesia,perdut,0.0,804,,1802.36,,False,,,,
1000059378,Madrid,Anestesia,fidel,1.616,20,55.9,3410.04,-1.55,False,,,,
1000059378,Madrid,Bioseguridad,promiscu,0.324,80,139.0,1667.34,-0.51,False,,,,
1000059423,Ciudad Real,Anestesia,perdut,0.094,180,,2223.12,,False,,,,
1000059423,Ciudad Real,Bioseguridad,perdut,0.183,293,,1086.44,,False,,,,
1000059424,Sta.Cruz Tenerife,Anestesia,fidel,0.95,47,92.4,4546.72,-1.04,False,,,,
1000059439,Asturias,Anestesia,perdut,0.0,601,,2223.12,,False,,,,
1000059595,Madrid,Anestesia,perdut,0.531,173,,2223.12,,False,,,,
1000059597,Vizcaya,Bioseguridad,perdut,0.0,773,,1086.44,,False,,,,
1000059704,Madrid,Anestesia,perdut,1.02,243,,4546.72,,False,,,,
1000059711,Barcelona,Anestesia,promiscu,0.519,52,156.1,2223.12,-0.46,False,,,,
1000059737,Ávila,Anestesia,fidel,0.771,83,140.5,2223.12,-0.68,False,,,,
1000059737,Ávila,Bioseguridad,fidel,1.361,27,160.2,1086.44,-1.72,False,,,,
1000059764,Madrid,Anestesia,nou,0.598,40,,2223.12,,False,,,,
1000059878,Valencia,Bioseguridad,perdut,0.0,469,,1667.34,,False,,,,
1000059887,Alicante,Anestesia,promiscu,0.535,40,101.2,4546.72,-1.71,False,,,,
1000059887,Alicante,Bioseguridad,perdut,0.0,489,,2223.12,,False,,,,
1000059893,Madrid,Anestesia,fidel,1.442,17,45.6,3410.04,-1.18,False,,,,
1000059893,Madrid,Bioseguridad,perdut,0.182,305,,1667.34,,False,,,,
1000059960,Valencia,Anestesia,perdut,0.376,224,,3410.04,,False,,,,
1000059994,Sta.Cruz Tenerife,Bioseguridad,perdut,0.0,1616,,1086.44,,False,,,,
1000060078,Málaga,Anestesia,perdut,0.0,413,,3410.04,,False,,,,
1000060080,Jaén,Anestesia,perdut,0.531,216,,2223.12,,False,,,,
1000060080,Jaén,Bioseguridad,perdut,0.0,726,,1086.44,,False,,,,
1000060126,Madrid,Anestesia,fidel,1.155,74,166.5,2223.12,-1.66,False,,,,
1000060160,Madrid,Anestesia,marginal,0.194,34,,2223.12,,False,,,,
1000060172,Murcia,Anestesia,perdut,0.598,207,,2223.12,,False,,,,
1000060217,Las Palmas,Bioseguridad,perdut,0.357,192,,1667.34,,False,,,,
1000060231,Lugo,Anestesia,marginal,0.0,1713,,1802.36,,False,,,,
1000060357,Madrid,Anestesia,perdut,0.0,609,,1802.36,,False,,,,
1000060389,Zaragoza,Anestesia,perdut,0.265,124,,2223.12,,False,,,,
1000060529,Almería,Anestesia,perdut,0.236,237,,2223.12,,False,,,,
1000060529,Almería,Bioseguridad,perdut,0.0,572,,1086.44,,False,,,,
1000060562,Murcia,Anestesia,perdut,0.0,419,,2223.12,,False,,,,
1000060562,Murcia,Bioseguridad,marginal,0.0,938,,1086.44,,False,,,,
1000060716,Granada,Anestesia,perdut,0.159,343,,1802.36,,False,,,,
1000060738,Burgos,Anestesia,perdut,0.346,238,,1802.36,,False,,,,
1000060738,Burgos,Bioseguridad,perdut,1.004,238,,879.2,,False,,,,
1000060780,León,Anestesia,fidel,0.78,63,187.1,2223.12,-1.29,False,,,,
1000060785,Barcelona,Anestesia,perdut,0.437,91,,2223.12,,False,,,,
1000060911,Asturias,Anestesia,promiscu,0.749,46,108.9,1802.36,-1.15,False,,,,
1000060929,Vizcaya,Bioseguridad,perdut,0.585,248,,1086.44,,False,,,,
1000060942,Cádiz,Bioseguridad,perdut,0.0,1643,,6669.36,,False,,,,
1000061020,Tarragona,Anestesia,perdut,0.385,173,,2223.12,,False,,,,
1000061020,Tarragona,Bioseguridad,marginal,0.0,935,,1086.44,,False,,,,
1000061021,Madrid,Anestesia,perdut,0.721,101,,1802.36,,False,,,,
1000061074,Almería,Anestesia,perdut,0.0,1328,,3410.04,,False,,,,
1000061081,Asturias,Anestesia,marginal,0.129,108,,3410.04,,False,,,,
1000061081,Asturias,Bioseguridad,marginal,0.243,108,,1667.34,,False,,,,
1000061149,Cantabria,Bioseguridad,fidel,1.968,5,97.9,5557.8,-2.99,False,,,,
1000061222,Cuenca,Anestesia,perdut,0.513,272,,2223.12,,False,,,,
1000061222,Cuenca,Bioseguridad,perdut,0.0,552,,1086.44,,False,,,,
1000061247,Sevilla,Anestesia,perdut,0.0,524,,3410.04,,False,,,,
1000061273,Lugo,Anestesia,fidel,1.095,17,340.8,2223.12,-3.96,False,,,,
1000061273,Lugo,Bioseguridad,promiscu,0.746,17,291.2,1086.44,-1.42,False,,,,
1000061342,Sta.Cruz Tenerife,Anestesia,fidel,1.017,81,152.3,1802.36,-2.06,False,,,,
1000061370,Madrid,Anestesia,perdut,0.438,189,,2223.12,,False,,,,
1000061370,Madrid,Bioseguridad,en_risc,1.829,46,95.2,1086.44,-0.85,True,caiguda_share,0.0,mitja,"Client en_risc de Bioseguridad (Share 12m: 183%). El seu cicle de compra és de 95 dies. Porta 46 dies sense comprar (-49 dies de coll). Tenia share alt, però en els últims 3 mesos ha caigut substancialment."
1000061512,Madrid,Anestesia,perdut,0.598,238,,2223.12,,False,,,,
1000061515,Granada,Anestesia,perdut,0.288,321,,2223.12,,False,,,,
1000061575,Barcelona,Anestesia,perdut,0.371,193,,2223.12,,False,,,,
1000061577,Granada,Anestesia,perdut,0.0,951,,1802.36,,False,,,,
1000061641,Valladolid,Anestesia,promiscu,0.609,80,303.8,1802.36,-1.69,False,,,,
1000061641,Valladolid,Bioseguridad,perdut,0.0,1111,,879.2,,False,,,,
1000061715,Castellón,Anestesia,perdut,0.0,1081,,3410.04,,False,,,,
1000061810,Asturias,Anestesia,perdut,0.0,563,,2223.12,,False,,,,
1000061889,Madrid,Anestesia,marginal,0.0,761,,2223.12,,False,,,,
1000061890,Baleares,Anestesia,marginal,0.116,83,,3410.04,,False,,,,
1000061890,Baleares,Bioseguridad,perdut,1.192,112,,1667.34,,False,,,,
1000061891,Jaén,Anestesia,marginal,0.0,1776,,1802.36,,False,,,,
1000061922,Madrid,Anestesia,perdut,0.511,96,,2223.12,,False,,,,
1000061986,Granada,Anestesia,perdut,0.674,307,,1802.36,,False,,,,
1000061990,Madrid,Anestesia,marginal,0.0,447,,3410.04,,False,,,,
1000061991,Tarragona,Anestesia,perdut,0.716,322,,1802.36,,False,,,,
1000061992,Tarragona,Anestesia,perdut,0.0,1327,,2223.12,,False,,,,
1000061999,Málaga,Anestesia,en_risc,1.47,59,70.1,1802.36,-0.43,True,caiguda_share,0.0,mitja,"Client en_risc de Anestesia (Share 12m: 147%). El seu cicle de compra és de 70 dies. Porta 59 dies sense comprar (-11 dies de coll). Tenia share alt, però en els últims 3 mesos ha caigut substancialment."
1000062003,Sevilla,Anestesia,perdut,0.0,1182,,2223.12,,False,,,,
1000062003,Sevilla,Bioseguridad,marginal,0.0,1397,,1086.44,,False,,,,
1000062151,Castellón,Anestesia,perdut,0.208,276,,3410.04,,False,,,,
1000062151,Castellón,Bioseguridad,perdut,0.0,586,,1667.34,,False,,,,
1000062631,Las Palmas,Anestesia,marginal,0.205,62,,2223.12,,False,,,,
1000062672,A Coruña,Anestesia,perdut,0.583,283,,2223.12,,False,,,,
1000062672,A Coruña,Bioseguridad,fidel,1.829,32,101.1,1086.44,-2.79,False,,,,
1000062710,Alicante,Anestesia,perdut,0.218,164,,2223.12,,False,,,,
1000062710,Alicante,Bioseguridad,perdut,0.366,214,,1086.44,,False,,,,
1000062823,A Coruña,Anestesia,marginal,0.0,1356,,3410.04,,False,,,,
1000062908,Barcelona,Anestesia,perdut,0.498,116,,2223.12,,False,,,,
1000062935,Pontevedra,Anestesia,fidel,2.086,32,158.4,2223.12,-1.19,False,,,,
1000062935,Pontevedra,Bioseguridad,promiscu,0.659,32,248.9,1086.44,-1.25,False,,,,
1000063063,A Coruña,Anestesia,perdut,0.491,111,,2223.12,,False,,,,
1000063112,Zaragoza,Anestesia,fidel,1.141,18,111.7,2223.12,-1.4,False,,,,
1000063131,Girona,Anestesia,fidel,1.128,54,115.9,2223.12,-1.09,False,,,,
1000063131,Girona,Bioseguridad,perdut,3.546,112,,1086.44,,False,,,,
1000063202,Madrid,Anestesia,promiscu,0.315,7,194.9,1802.36,-1.27,False,,,,
1000063207,Huelva,Anestesia,fidel,1.213,17,287.2,2223.12,-1.43,False,,,,
1000063245,Girona,Anestesia,perdut,0.0,675,,2223.12,,False,,,,
1000063247,Álava,Anestesia,perdut,0.0,1405,,2223.12,,False,,,,
1000063279,Madrid,Anestesia,perdut,0.0,1186,,2223.12,,False,,,,
1000063281,Jaén,Anestesia,perdut,0.583,202,,1802.36,,False,,,,
1000063304,Valladolid,Anestesia,perdut,0.319,280,,2223.12,,False,,,,
1000063305,Madrid,Anestesia,perdut,0.437,166,,2223.12,,False,,,,
1000063305,Madrid,Bioseguridad,perdut,0.0,1067,,1086.44,,False,,,,
1000063323,Madrid,Anestesia,perdut,0.362,181,,2223.12,,False,,,,
1000063476,Madrid,Anestesia,perdut,0.974,91,,3410.04,,False,,,,
1000063488,Sevilla,Anestesia,promiscu,0.348,54,452.3,2223.12,-5.21,False,,,,
1000063543,Madrid,Bioseguridad,fidel,1.081,38,73.8,1086.44,-0.72,False,,,,
1000063557,Almería,Anestesia,perdut,0.531,186,,2223.12,,False,,,,
1000063557,Almería,Bioseguridad,perdut,0.0,1076,,1086.44,,False,,,,
1000063573,Murcia,Anestesia,marginal,0.0,700,,2223.12,,False,,,,
1000063805,Almería,Anestesia,perdut,0.598,110,,2223.12,,False,,,,
1000063806,Madrid,Anestesia,fidel,1.223,56,39.0,3410.04,0.69,False,,,,
1000063808,Murcia,Anestesia,perdut,0.505,320,,2223.12,,False,,,,
1000063882,Salamanca,Anestesia,perdut,0.498,179,,2223.12,,False,,,,
1000063886,Madrid,Anestesia,fidel,0.833,89,66.0,3410.04,0.37,False,,,,
1000063976,Barcelona,Anestesia,perdut,0.72,124,,2223.12,,False,,,,
1000063976,Barcelona,Bioseguridad,perdut,0.0,761,,1086.44,,False,,,,
1000064020,Jaén,Bioseguridad,perdut,0.0,1793,,1086.44,,False,,,,
1000064044,A Coruña,Anestesia,perdut,0.0,1050,,3410.04,,False,,,,
1000064044,A Coruña,Bioseguridad,perdut,0.0,1126,,1667.34,,False,,,,
1000064196,Valencia,Anestesia,perdut,0.0,557,,3410.04,,False,,,,
1000064215,Sta.Cruz Tenerife,Anestesia,perdut,0.422,115,,1802.36,,False,,,,
1000064259,Madrid,Anestesia,fidel,0.76,74,283.3,3410.04,-0.82,False,,,,
1000064259,Madrid,Bioseguridad,promiscu,0.477,74,425.0,1667.34,-1.53,False,,,,
1000064270,A Coruña,Anestesia,promiscu,0.478,18,270.4,2223.12,-0.7,False,,,,
1000064323,Cádiz,Bioseguridad,en_risc,0.298,336,,1086.44,,False,,,,
1000064338,Madrid,Anestesia,perdut,0.303,319,,3410.04,,False,,,,
1000064355,Granada,Anestesia,promiscu,0.593,60,134.2,2223.12,-1.23,False,,,,
1000064355,Granada,Bioseguridad,perdut,0.0,1545,,1086.44,,False,,,,
1000064358,Albacete,Anestesia,perdut,0.17,235,,2223.12,,False,,,,
1000064358,Albacete,Bioseguridad,perdut,0.0,707,,1086.44,,False,,,,
1000064359,Murcia,Anestesia,fidel,1.075,59,65.5,2223.12,-0.3,False,,,,
1000064359,Murcia,Bioseguridad,perdut,0.805,138,,1086.44,,False,,,,
1000064411,Girona,Anestesia,perdut,0.716,326,,1802.36,,False,,,,
1000064472,Barcelona,Anestesia,perdut,0.996,104,,2223.12,,False,,,,
1000064472,Barcelona,Bioseguridad,fidel,2.367,40,111.5,1086.44,-1.31,False,,,,
1000064482,León,Anestesia,perdut,0.0,1315,,2223.12,,False,,,,
1000064511,Madrid,Anestesia,promiscu,0.426,69,213.4,2223.12,-1.69,False,,,,
1000064511,Madrid,Bioseguridad,fidel,1.477,38,145.9,1086.44,-1.27,False,,,,
1000064516,Lleida,Anestesia,marginal,0.226,73,,3410.04,,False,,,,
1000064516,Lleida,Bioseguridad,marginal,0.194,73,,1667.34,,False,,,,
1000064563,Madrid,Anestesia,perdut,0.0,1335,,3410.04,,False,,,,
1000064588,Barcelona,Anestesia,perdut,0.0,448,,2223.12,,False,,,,
1000064679,Madrid,Anestesia,perdut,1.076,108,,2223.12,,False,,,,
1000064762,Córdoba,Anestesia,fidel,1.34,13,112.3,3410.04,-1.49,False,,,,
1000064765,Teruel,Bioseguridad,perdut,0.0,466,,1086.44,,False,,,,
1000064792,Cantabria,Anestesia,perdut,0.517,217,,2223.12,,False,,,,
1000064871,Valencia,Anestesia,promiscu,0.31,32,122.8,3410.04,-3.01,False,,,,
1000064902,Navarra,Anestesia,perdut,0.253,249,,2223.12,,False,,,,
1000064950,Barcelona,Anestesia,perdut,0.846,118,,4546.72,,False,,,,
1000064950,Barcelona,Bioseguridad,en_risc,4.816,27,41.5,2223.12,-0.55,True,caiguda_share,0.0,mitja,"Client en_risc de Bioseguridad (Share 12m: 482%). El seu cicle de compra és de 42 dies. Porta 27 dies sense comprar (-15 dies de coll). Tenia share alt, però en els últims 3 mesos ha caigut substancialment."
1000064972,Madrid,Anestesia,perdut,0.0,689,,1802.36,,False,,,,
1000064973,Valladolid,Anestesia,promiscu,0.575,70,224.9,2223.12,-1.64,False,,,,
1000064974,Palencia,Anestesia,promiscu,0.436,77,231.9,3410.04,-1.25,False,,,,
1000064974,Palencia,Bioseguridad,promiscu,0.68,61,155.1,1667.34,-1.18,False,,,,
1000064976,Sevilla,Anestesia,promiscu,0.418,80,109.3,3410.04,-0.76,False,,,,
1000064976,Sevilla,Bioseguridad,perdut,0.364,340,,1667.34,,False,,,,
1000064986,Madrid,Anestesia,perdut,0.252,340,,1802.36,,False,,,,
1000064988,Barcelona,Anestesia,perdut,0.323,117,,1802.36,,False,,,,
1000064990,Barcelona,Anestesia,promiscu,0.306,87,126.2,2223.12,-0.57,False,,,,
1000064990,Barcelona,Bioseguridad,perdut,0.556,265,,1086.44,,False,,,,
1000065055,Asturias,Anestesia,fidel,1.009,19,123.4,3410.04,-3.94,False,,,,
1000065055,Asturias,Bioseguridad,perdut,0.668,147,,1667.34,,False,,,,
1000065127,Barcelona,Anestesia,fidel,0.922,47,79.8,2223.12,-1.1,False,,,,
1000065164,Cantabria,Anestesia,perdut,0.93,238,,2223.12,,False,,,,
1000065164,Cantabria,Bioseguridad,perdut,0.512,238,,1086.44,,False,,,,
1000065209,Valencia,Anestesia,perdut,0.0,1568,,3410.04,,False,,,,
1000065209,Valencia,Bioseguridad,marginal,0.0,1623,,1667.34,,False,,,,
1000065217,Granada,Anestesia,fidel,0.788,47,166.0,2223.12,-3.38,False,,,,
1000065217,Granada,Bioseguridad,perdut,0.0,1559,,1086.44,,False,,,,
1000065218,Jaén,Anestesia,fidel,2.836,38,52.1,2223.12,-0.67,False,,,,
1000065221,Valencia,Anestesia,perdut,0.0,1187,,1802.36,,False,,,,
1000065263,Madrid,Anestesia,promiscu,0.446,24,852.0,2223.12,-0.77,False,,,,
1000065324,Madrid,Anestesia,perdut,0.802,124,,2223.12,,False,,,,
1000065324,Madrid,Bioseguridad,perdut,0.0,1278,,1086.44,,False,,,,
1000065325,Las Palmas,Anestesia,perdut,0.0,787,,2223.12,,False,,,,
1000065432,Granada,Anestesia,perdut,0.319,117,,2223.12,,False,,,,
1000065433,Girona,Anestesia,perdut,0.0,1105,,1802.36,,False,,,,
1000065459,Asturias,Anestesia,fidel,1.677,82,139.9,2223.12,-0.77,False,,,,
1000065462,Almería,Anestesia,perdut,1.576,96,,2223.12,,False,,,,
1000065462,Almería,Bioseguridad,perdut,2.209,96,,1086.44,,False,,,,
1000065497,Asturias,Anestesia,perdut,0.0,761,,2223.12,,False,,,,
1000065497,Asturias,Bioseguridad,marginal,0.0,763,,1086.44,,False,,,,
1000065508,León,Anestesia,perdut,0.0,1700,,2223.12,,False,,,,
1000065511,Sevilla,Anestesia,promiscu,0.681,61,105.9,2223.12,-1.79,False,,,,
1000065512,Barcelona,Anestesia,perdut,0.0,899,,3410.04,,False,,,,
1000065512,Barcelona,Bioseguridad,perdut,0.0,901,,1667.34,,False,,,,
1000065513,Madrid,Anestesia,promiscu,0.458,40,234.3,2223.12,-4.02,False,,,,
1000065514,Asturias,Anestesia,perdut,0.0,447,,1802.36,,False,,,,
1000065575,Málaga,Bioseguridad,perdut,0.543,181,,879.2,,False,,,,
1000065584,Sta.Cruz Tenerife,Anestesia,promiscu,0.297,80,427.2,2223.12,-1.64,False,,,,
1000065584,Sta.Cruz Tenerife,Bioseguridad,perdut,0.0,594,,1086.44,,False,,,,
1000065616,Cuenca,Anestesia,en_risc,0.631,26,356.0,2223.12,-1.64,True,caiguda_share,819.82,mitja,"Client en_risc de Anestesia (Share 12m: 63%). El seu cicle de compra és de 356 dies. Porta 26 dies sense comprar (-330 dies de coll). Tenia share alt, però en els últims 3 mesos ha caigut substancialment."
1000065616,Cuenca,Bioseguridad,marginal,0.0,391,,1086.44,,False,,,,
1000065626,Madrid,Anestesia,marginal,0.0,1372,,1802.36,,False,,,,
1000065651,Cantabria,Anestesia,promiscu,0.645,84,197.2,3410.04,-0.88,False,,,,
1000065651,Cantabria,Bioseguridad,perdut,0.0,1014,,1667.34,,False,,,,
1000065685,Barcelona,Anestesia,promiscu,0.573,10,35.7,2223.12,-2.83,False,,,,
1000065685,Barcelona,Bioseguridad,marginal,0.224,117,,1086.44,,False,,,,
1000065702,Madrid,Anestesia,perdut,0.187,301,,5683.4,,False,,,,
1000065702,Madrid,Bioseguridad,perdut,0.0,850,,2778.9,,False,,,,
1000065721,Las Palmas,Anestesia,perdut,0.576,139,,2223.12,,False,,,,
1000065731,Granada,Bioseguridad,perdut,0.0,886,,1086.44,,False,,,,
1000065814,Madrid,Anestesia,marginal,0.246,27,,1802.36,,False,,,,
1000065849,Barcelona,Anestesia,fidel,0.847,42,288.0,2223.12,-2.86,False,,,,
1000065857,Salamanca,Anestesia,promiscu,0.698,20,97.2,6820.08,-1.35,False,,,,
1000065857,Salamanca,Bioseguridad,perdut,0.811,153,,3334.68,,False,,,,
1000065867,Madrid,Anestesia,promiscu,0.39,76,287.8,3410.04,-2.7,False,,,,
1000065868,Asturias,Anestesia,perdut,0.184,221,,1802.36,,False,,,,
1000065881,Madrid,Bioseguridad,fidel,1.193,90,119.4,1086.44,-0.84,False,,,,
1000065883,Vizcaya,Anestesia,perdut,0.0,916,,2223.12,,False,,,,
1000065883,Vizcaya,Bioseguridad,perdut,0.0,1469,,1086.44,,False,,,,
1000065895,Madrid,Anestesia,fidel,1.281,39,61.4,2223.12,-0.61,False,,,,
1000065897,Murcia,Anestesia,perdut,0.0,801,,2223.12,,False,,,,
1000065909,Sta.Cruz Tenerife,Anestesia,perdut,0.0,374,,2223.12,,False,,,,
1000065909,Sta.Cruz Tenerife,Bioseguridad,perdut,0.439,311,,1086.44,,False,,,,
1000065933,Barcelona,Anestesia,perdut,0.0,392,,1802.36,,False,,,,
1000065966,Almería,Anestesia,promiscu,0.474,39,131.5,2223.12,-4.79,False,,,,
1000065974,Vizcaya,Anestesia,perdut,0.371,94,,2223.12,,False,,,,
1000066051,Madrid,Anestesia,fidel,1.963,25,62.2,2223.12,-1.36,False,,,,
1000066086,Madrid,Anestesia,perdut,0.384,104,,2223.12,,False,,,,
1000066138,Melilla,Anestesia,fidel,1.202,32,57.2,5683.4,-0.6,False,,,,
1000066177,Madrid,Anestesia,perdut,0.492,209,,1802.36,,False,,,,
1000066197,Tarragona,Anestesia,promiscu,0.551,77,167.6,1802.36,-1.41,False,,,,
1000066234,Valencia,Anestesia,marginal,0.155,334,,2223.12,,False,,,,
1000066257,Sta.Cruz Tenerife,Anestesia,fidel,0.956,25,283.7,2223.12,-2.07,False,,,,
1000066278,Jaén,Anestesia,marginal,0.0,1623,,2223.12,,False,,,,
1000066279,Jaén,Anestesia,en_risc,0.266,272,,2223.12,,False,,,,
1000066292,Cuenca,Bioseguridad,fidel,1.464,28,107.1,1086.44,-2.38,False,,,,
1000066316,Las Palmas,Anestesia,fidel,0.98,27,136.8,3410.04,-1.81,False,,,,
1000066316,Las Palmas,Bioseguridad,marginal,0.162,332,,1667.34,,False,,,,
1000066387,Cádiz,Anestesia,fidel,0.992,27,69.9,2223.12,-1.36,False,,,,
1000066398,A Coruña,Anestesia,perdut,0.514,167,,3410.04,,False,,,,
1000066398,A Coruña,Bioseguridad,fidel,1.431,77,86.3,1667.34,-0.22,False,,,,
1000066400,,Anestesia,perdut,0.0,832,,2223.12,,False,,,,
1000066400,,Bioseguridad,perdut,0.0,832,,1086.44,,False,,,,
1000066414,Asturias,Anestesia,perdut,0.093,199,,2223.12,,False,,,,
1000066450,Madrid,Anestesia,perdut,0.0,1372,,2223.12,,False,,,,
1000066450,Madrid,Bioseguridad,en_risc,1.84,81,140.6,1086.44,-0.32,True,caiguda_share,0.0,mitja,"Client en_risc de Bioseguridad (Share 12m: 184%). El seu cicle de compra és de 141 dies. Porta 81 dies sense comprar (-60 dies de coll). Tenia share alt, però en els últims 3 mesos ha caigut substancialment."
1000066463,Cantabria,Anestesia,fidel,1.73,24,185.0,2223.12,-5.89,False,,,,
1000066469,Madrid,Anestesia,marginal,0.0,819,,2223.12,,False,,,,
1000066475,Sta.Cruz Tenerife,Anestesia,fidel,1.079,17,35.9,4546.72,-0.95,False,,,,
1000066475,Sta.Cruz Tenerife,Bioseguridad,en_risc,3.405,39,34.2,2223.12,0.31,True,caiguda_share,0.0,mitja,"Client en_risc de Bioseguridad (Share 12m: 340%). El seu cicle de compra és de 34 dies. Porta 39 dies sense comprar (5 dies de coll). Tenia share alt, però en els últims 3 mesos ha caigut substancialment."
1000066497,Cádiz,Anestesia,perdut,0.0,1190,,2223.12,,False,,,,
1000066500,Jaén,Anestesia,perdut,2.099,110,,2223.12,,False,,,,
1000066500,Jaén,Bioseguridad,perdut,0.0,1327,,1086.44,,False,,,,
1000066514,Murcia,Anestesia,fidel,1.776,40,156.9,2223.12,-1.54,False,,,,
1000066520,Guadalajara,Anestesia,perdut,0.399,94,,2223.12,,False,,,,
1000066520,Guadalajara,Bioseguridad,fidel,2.367,24,117.7,1086.44,-0.86,False,,,,
1000066528,Almería,Anestesia,perdut,0.0,1274,,1802.36,,False,,,,
1000066584,Cantabria,Anestesia,perdut,0.617,173,,2223.12,,False,,,,
1000066584,Cantabria,Bioseguridad,marginal,0.186,173,,1086.44,,False,,,,
1000066596,Barcelona,Anestesia,fidel,1.251,74,89.3,3410.04,-0.47,False,,,,
1000066596,Barcelona,Bioseguridad,perdut,0.334,305,,1667.34,,False,,,,
1000066605,Valencia,Anestesia,perdut,0.0,1127,,1802.36,,False,,,,
1000066625,Girona,Anestesia,perdut,0.865,201,,2223.12,,False,,,,
1000066626,Barcelona,Anestesia,promiscu,0.522,42,97.9,2223.12,-1.06,False,,,,
1000066626,Barcelona,Bioseguridad,perdut,0.298,276,,1086.44,,False,,,,
1000066646,Madrid,Anestesia,promiscu,0.533,40,250.1,1802.36,-2.36,False,,,,
1000066667,Ciudad Real,Anestesia,perdut,1.294,103,,2223.12,,False,,,,
1000066667,Ciudad Real,Bioseguridad,perdut,0.0,887,,1086.44,,False,,,,
1000066668,Asturias,Anestesia,promiscu,0.662,48,72.1,2223.12,-0.52,False,,,,
1000066767,Barcelona,Anestesia,perdut,0.0,1560,,2223.12,,False,,,,
1000066774,Barcelona,Anestesia,fidel,1.844,40,96.0,2223.12,-1.6,False,,,,
1000066853,Sta.Cruz Tenerife,Anestesia,perdut,0.346,115,,3410.04,,False,,,,
1000066914,Zamora,Anestesia,perdut,0.797,236,,2223.12,,False,,,,
1000066944,Madrid,Anestesia,perdut,0.737,287,,1802.36,,False,,,,
1000066989,Madrid,Anestesia,promiscu,0.646,33,543.3,1802.36,-1.77,False,,,,
1000066989,Madrid,Bioseguridad,perdut,0.0,1643,,879.2,,False,,,,
1000067138,Sta.Cruz Tenerife,Anestesia,perdut,0.322,97,,3410.04,,False,,,,
1000067171,Cantabria,Bioseguridad,marginal,0.0,1636,,1086.44,,False,,,,
1000067175,Madrid,Anestesia,promiscu,0.404,41,218.7,2223.12,-3.49,False,,,,
1000067191,Madrid,Anestesia,perdut,0.478,313,,2223.12,,False,,,,
1000067232,Zaragoza,Anestesia,perdut,0.0,381,,1802.36,,False,,,,
1000067232,Zaragoza,Bioseguridad,marginal,0.0,990,,879.2,,False,,,,
1000067241,Cádiz,Anestesia,fidel,1.263,52,97.2,2223.12,-0.88,False,,,,
1000067277,Huelva,Anestesia,perdut,0.0,1559,,3410.04,,False,,,,
1000067277,Huelva,Bioseguridad,perdut,0.0,1554,,1667.34,,False,,,,
1000067289,A Coruña,Bioseguridad,perdut,0.0,1554,,1667.34,,False,,,,
1000067305,Castellón,Anestesia,perdut,0.0,563,,2223.12,,False,,,,
1000067305,Castellón,Bioseguridad,perdut,0.0,683,,1086.44,,False,,,,
1000067312,Pontevedra,Anestesia,perdut,0.0,1202,,2223.12,,False,,,,
1000067436,Granada,Anestesia,perdut,0.0,425,,2223.12,,False,,,,
1000067437,Pontevedra,Anestesia,perdut,0.0,1321,,2223.12,,False,,,,
1000067437,Pontevedra,Bioseguridad,fidel,1.157,61,170.2,1086.44,-1.39,False,,,,
1000067455,Almería,Anestesia,perdut,0.818,182,,2223.12,,False,,,,
1000067502,Zaragoza,Bioseguridad,perdut,0.0,405,,1086.44,,False,,,,
1000067548,Sevilla,Anestesia,perdut,0.786,165,,2223.12,,False,,,,
1000067555,Almería,Anestesia,perdut,0.723,119,,2223.12,,False,,,,
1000067604,Toledo,Anestesia,fidel,0.973,35,67.2,1802.36,-1.04,False,,,,
1000067605,Valencia,Anestesia,en_risc,0.371,171,,2223.12,,False,,,,
1000067605,Valencia,Bioseguridad,marginal,0.0,1341,,1086.44,,False,,,,
1000067685,Asturias,Anestesia,perdut,0.903,334,,2223.12,,False,,,,
1000067685,Asturias,Bioseguridad,perdut,0.439,283,,1086.44,,False,,,,
1000067686,Badajoz,Anestesia,perdut,0.0,830,,2223.12,,False,,,,
1000067693,Baleares,Bioseguridad,perdut,0.0,1643,,1667.34,,False,,,,
1000067706,Madrid,Anestesia,fidel,1.081,39,232.9,2223.12,-1.42,False,,,,
1000067731,Valencia,Anestesia,en_risc,0.62,42,452.3,1802.36,-1.83,True,caiguda_share,684.46,mitja,"Client en_risc de Anestesia (Share 12m: 62%). El seu cicle de compra és de 452 dies. Porta 42 dies sense comprar (-410 dies de coll). Tenia share alt, però en els últims 3 mesos ha caigut substancialment."
1000067733,Madrid,Anestesia,perdut,0.921,175,,3410.04,,False,,,,
1000067766,Pontevedra,Anestesia,perdut,0.294,249,,1802.36,,False,,,,
1000067766,Pontevedra,Bioseguridad,perdut,0.317,249,,879.2,,False,,,,
1000067833,Badajoz,Anestesia,fidel,1.619,27,252.6,2223.12,-2.37,False,,,,
1000067844,Pontevedra,Anestesia,perdut,0.512,280,,2223.12,,False,,,,
1000067847,Murcia,Anestesia,fidel,0.76,76,145.8,1802.36,-0.77,False,,,,
1000067847,Murcia,Bioseguridad,perdut,0.0,712,,879.2,,False,,,,
1000067856,Las Palmas,Anestesia,marginal,0.0,707,,4546.72,,False,,,,
1000067889,Huelva,Anestesia,en_risc,1.276,48,47.9,2223.12,0.01,True,caiguda_share,0.0,mitja,"Client en_risc de Anestesia (Share 12m: 128%). El seu cicle de compra és de 48 dies. Porta 48 dies sense comprar (0 dies de coll). Tenia share alt, però en els últims 3 mesos ha caigut substancialment."
1000067950,Baleares,Anestesia,en_risc,0.815,48,76.7,5683.4,-1.09,True,caiguda_share,1050.35,mitja,"Client en_risc de Anestesia (Share 12m: 82%). El seu cicle de compra és de 77 dies. Porta 48 dies sense comprar (-29 dies de coll). Tenia share alt, però en els últims 3 mesos ha caigut substancialment."
1000067960,Madrid,Anestesia,perdut,0.0,1456,,1802.36,,False,,,,
1000067963,Sevilla,Anestesia,fidel,0.879,54,122.4,3410.04,-0.8,False,,,,
1000067963,Sevilla,Bioseguridad,perdut,0.0,1168,,1667.34,,False,,,,
1000067996,Málaga,Anestesia,perdut,0.0,1342,,2223.12,,False,,,,
1000068003,Cádiz,Anestesia,fidel,0.815,28,114.4,4546.72,-1.46,False,,,,
1000068070,Cádiz,Anestesia,promiscu,0.496,81,131.3,2223.12,-0.67,False,,,,
1000068077,Barcelona,Anestesia,promiscu,0.346,87,228.5,3410.04,-5.72,False,,,,
1000068078,Segovia,Anestesia,marginal,0.039,185,,2223.12,,False,,,,
1000068095,Barcelona,Anestesia,nou,0.103,32,,2223.12,,False,,,,
1000068168,Madrid,Anestesia,promiscu,0.505,69,153.1,3410.04,-2.06,False,,,,
1000068196,Valladolid,Anestesia,perdut,0.055,108,,3410.04,,False,,,,
1000068196,Valladolid,Bioseguridad,perdut,1.155,108,,1667.34,,False,,,,
1000068197,Cádiz,Anestesia,perdut,0.442,189,,1802.36,,False,,,,
1000068212,Madrid,Anestesia,en_risc,1.135,28,74.2,3410.04,-1.16,True,caiguda_share,0.0,mitja,"Client en_risc de Anestesia (Share 12m: 113%). El seu cicle de compra és de 74 dies. Porta 28 dies sense comprar (-46 dies de coll). Tenia share alt, però en els últims 3 mesos ha caigut substancialment."
1000068212,Madrid,Bioseguridad,fidel,6.411,12,25.0,1667.34,-1.04,False,,,,
1000068248,Barcelona,Anestesia,perdut,0.0,815,,2223.12,,False,,,,
1000068248,Barcelona,Bioseguridad,perdut,0.0,768,,1086.44,,False,,,,
1000068305,Ávila,Anestesia,fidel,0.813,17,63.2,3410.04,-1.56,False,,,,
1000068328,Cádiz,Anestesia,perdut,0.648,214,,2223.12,,False,,,,
1000068328,Cádiz,Bioseguridad,perdut,0.0,791,,1086.44,,False,,,,
1000068344,Jaén,Anestesia,perdut,0.0,1253,,2223.12,,False,,,,
1000068344,Jaén,Bioseguridad,perdut,0.186,236,,1086.44,,False,,,,
1000068433,Pontevedra,Anestesia,perdut,0.238,277,,2223.12,,False,,,,
1000068442,Barcelona,Anestesia,perdut,0.606,117,,1802.36,,False,,,,
1000068451,Almería,Anestesia,perdut,0.488,279,,2223.12,,False,,,,
1000068451,Almería,Bioseguridad,perdut,0.0,845,,1086.44,,False,,,,
1000068577,Baleares,Bioseguridad,marginal,0.0,1452,,1086.44,,False,,,,
1000068579,Málaga,Anestesia,marginal,0.0,733,,4546.72,,False,,,,
1000068599,Sta.Cruz Tenerife,Anestesia,perdut,0.357,189,,4546.72,,False,,,,
1000068599,Sta.Cruz Tenerife,Bioseguridad,en_risc,2.445,70,54.2,2223.12,0.38,True,caiguda_share,0.0,mitja,"Client en_risc de Bioseguridad (Share 12m: 245%). El seu cicle de compra és de 54 dies. Porta 70 dies sense comprar (16 dies de coll). Tenia share alt, però en els últims 3 mesos ha caigut substancialment."
1000068622,Sta.Cruz Tenerife,Anestesia,promiscu,0.454,83,262.7,2223.12,-1.38,False,,,,
1000068622,Sta.Cruz Tenerife,Bioseguridad,perdut,1.326,178,,1086.44,,False,,,,
1000068642,Almería,Anestesia,perdut,0.126,175,,2223.12,,False,,,,
1000068645,Barcelona,Anestesia,perdut,0.0,410,,2223.12,,False,,,,
1000068656,Madrid,Anestesia,promiscu,0.508,53,96.0,2223.12,-1.38,False,,,,
1000068692,Valencia,Anestesia,perdut,0.0,676,,1802.36,,False,,,,
1000068717,Toledo,Anestesia,perdut,0.488,250,,2223.12,,False,,,,
1000068717,Toledo,Bioseguridad,perdut,0.0,1643,,1086.44,,False,,,,
1000068733,Madrid,Anestesia,promiscu,0.442,32,75.0,1802.36,-1.28,False,,,,
1000068733,Madrid,Bioseguridad,perdut,0.346,118,,879.2,,False,,,,
1000068759,A Coruña,Anestesia,marginal,0.0,1645,,3410.04,,False,,,,
1000068778,Salamanca,Anestesia,perdut,0.534,238,,3410.04,,False,,,,
1000068778,Salamanca,Bioseguridad,perdut,0.848,238,,1667.34,,False,,,,
1000068782,Pontevedra,Anestesia,perdut,0.469,110,,2223.12,,False,,,,
1000068858,Madrid,Anestesia,perdut,0.929,293,,1802.36,,False,,,,
1000068858,Madrid,Bioseguridad,perdut,0.0,844,,879.2,,False,,,,
1000068890,Las Palmas,Anestesia,promiscu,0.483,20,101.2,5683.4,-2.01,False,,,,
1000068890,Las Palmas,Bioseguridad,promiscu,0.612,20,220.4,2778.9,-1.91,False,,,,
1000068912,Vizcaya,Anestesia,perdut,0.407,117,,1802.36,,False,,,,
1000068930,Barcelona,Anestesia,fidel,0.934,49,143.8,2223.12,-2.55,False,,,,
1000068972,Sta.Cruz Tenerife,Anestesia,perdut,0.0,734,,2223.12,,False,,,,
1000069022,Murcia,Anestesia,fidel,1.347,47,69.4,2223.12,-0.87,False,,,,
1000069027,Madrid,Bioseguridad,marginal,0.0,1691,,1086.44,,False,,,,
1000069071,Ciudad Real,Anestesia,fidel,2.626,27,42.6,2223.12,-0.52,False,,,,
1000069082,Zamora,Anestesia,perdut,0.097,167,,4546.72,,False,,,,
1000069082,Zamora,Bioseguridad,perdut,0.232,263,,2223.12,,False,,,,
1000069090,León,Anestesia,fidel,1.235,33,290.3,2223.12,-2.51,False,,,,
1000069115,Murcia,Anestesia,fidel,2.387,18,56.0,2223.12,-1.58,False,,,,
1000069115,Murcia,Bioseguridad,perdut,0.522,353,,1086.44,,False,,,,
1000069128,Ciudad Real,Anestesia,perdut,0.572,171,,4546.72,,False,,,,
1000069128,Ciudad Real,Bioseguridad,fidel,0.796,67,56.3,2223.12,0.4,False,,,,
1000069188,Guadalajara,Anestesia,fidel,0.756,34,73.0,3410.04,-1.1,False,,,,
1000069232,Toledo,Anestesia,perdut,0.28,278,,2223.12,,False,,,,
1000069232,Toledo,Bioseguridad,perdut,1.464,103,,1086.44,,False,,,,
1000069275,Valencia,Anestesia,marginal,0.0,1426,,3410.04,,False,,,,
1000069275,Valencia,Bioseguridad,perdut,0.286,195,,1667.34,,False,,,,
1000069298,Baleares,Anestesia,promiscu,0.697,19,111.9,6820.08,-1.23,False,,,,
1000069298,Baleares,Bioseguridad,en_risc,0.781,41,41.1,3334.68,-0.0,True,caiguda_share,731.95,mitja,"Client en_risc de Bioseguridad (Share 12m: 78%). El seu cicle de compra és de 41 dies. Porta 41 dies sense comprar (-0 dies de coll). Tenia share alt, però en els últims 3 mesos ha caigut substancialment."
1000069300,Madrid,Anestesia,perdut,0.0,1672,,1802.36,,False,,,,
1000069310,Madrid,Anestesia,perdut,0.04,285,,2223.12,,False,,,,
1000069328,Valencia,Anestesia,perdut,0.319,173,,2223.12,,False,,,,
1000069328,Valencia,Bioseguridad,perdut,0.0,397,,1086.44,,False,,,,
1000069333,Jaén,Bioseguridad,marginal,0.0,1769,,1086.44,,False,,,,
1000069334,Alicante,Anestesia,perdut,0.0,950,,2223.12,,False,,,,
1000069334,Alicante,Bioseguridad,marginal,0.0,1628,,1086.44,,False,,,,
1000069355,Toledo,Anestesia,promiscu,0.596,18,168.8,1802.36,-1.17,False,,,,
1000069355,Toledo,Bioseguridad,fidel,2.713,18,94.1,879.2,-1.37,False,,,,
1000069401,Asturias,Anestesia,perdut,0.0,1372,,2223.12,,False,,,,
1000069407,Madrid,Bioseguridad,perdut,0.23,354,,879.2,,False,,,,
1000069410,Madrid,Anestesia,perdut,0.278,207,,1802.36,,False,,,,
1000069442,Cantabria,Anestesia,marginal,0.0,689,,2223.12,,False,,,,
1000069451,Las Palmas,Anestesia,perdut,0.0,710,,3410.04,,False,,,,
1000069483,Madrid,Anestesia,perdut,0.0,649,,3410.04,,False,,,,
1000069483,Madrid,Bioseguridad,fidel,1.197,24,129.5,1667.34,-1.64,False,,,,
1000069519,Murcia,Anestesia,marginal,0.0,1358,,1802.36,,False,,,,
1000069528,Alicante,Anestesia,perdut,0.0,985,,2223.12,,False,,,,
1000069541,Madrid,Anestesia,fidel,1.044,28,188.2,2223.12,-1.94,False,,,,
1000069541,Madrid,Bioseguridad,promiscu,0.485,28,290.2,1086.44,-2.45,False,,,,
1000069542,Madrid,Anestesia,perdut,0.266,139,,2223.12,,False,,,,
1000069542,Madrid,Bioseguridad,fidel,1.098,74,203.2,1086.44,-0.53,False,,,,
1000069597,Tarragona,Anestesia,fidel,1.334,61,137.6,3410.04,-1.45,False,,,,
1000069630,Sta.Cruz Tenerife,Anestesia,promiscu,0.438,41,239.6,1802.36,-1.29,False,,,,
1000069690,Asturias,Anestesia,promiscu,0.539,54,195.0,2223.12,-1.64,False,,,,
1000069705,Madrid,Anestesia,perdut,0.413,119,,4546.72,,False,,,,
1000069705,Madrid,Bioseguridad,perdut,0.179,294,,2223.12,,False,,,,
1000069726,Ciudad Real,Anestesia,promiscu,0.624,33,275.7,2223.12,-2.8,False,,,,
1000069726,Ciudad Real,Bioseguridad,promiscu,0.439,67,345.6,1086.44,-1.09,False,,,,
1000069727,Madrid,Anestesia,perdut,0.0,574,,1802.36,,False,,,,
1000069728,Sevilla,Anestesia,fidel,0.921,61,324.8,2223.12,-1.81,False,,,,
1000069730,Valencia,Anestesia,marginal,0.0,923,,2223.12,,False,,,,
1000069746,Albacete,Anestesia,promiscu,0.555,75,186.8,2223.12,-2.14,False,,,,
1000069746,Albacete,Bioseguridad,promiscu,0.543,75,269.3,1086.44,-1.74,False,,,,
1000069786,Barcelona,Anestesia,marginal,0.0,318,,2223.12,,False,,,,
1000069840,Huesca,Anestesia,fidel,1.157,27,68.1,3410.04,-1.15,False,,,,
1000069840,Huesca,Bioseguridad,perdut,0.34,116,,1667.34,,False,,,,
1000069849,Sevilla,Anestesia,marginal,0.0,481,,2223.12,,False,,,,
1000069873,Sta.Cruz Tenerife,Anestesia,promiscu,0.426,35,114.6,3410.04,-1.99,False,,,,
1000069917,Murcia,Anestesia,fidel,1.576,83,89.5,2223.12,-0.18,False,,,,
1000069992,Madrid,Bioseguridad,fidel,1.105,40,247.3,1086.44,-2.56,False,,,,
1000070037,Madrid,Bioseguridad,perdut,0.0,1218,,1086.44,,False,,,,
1000070078,Barcelona,Anestesia,perdut,0.149,101,,3410.04,,False,,,,
1000070078,Barcelona,Bioseguridad,perdut,0.697,101,,1667.34,,False,,,,
1000070080,Madrid,Anestesia,fidel,1.723,13,81.8,2223.12,-1.43,False,,,,
1000070080,Madrid,Bioseguridad,perdut,0.0,787,,1086.44,,False,,,,
1000070086,Las Palmas,Anestesia,fidel,1.035,27,84.3,3410.04,-1.03,False,,,,
1000070086,Las Palmas,Bioseguridad,marginal,0.0,1560,,1667.34,,False,,,,
1000070089,Granada,Anestesia,perdut,0.0,1307,,2223.12,,False,,,,
1000070145,Almería,Anestesia,en_risc,1.824,76,69.6,2223.12,0.2,True,caiguda_share,0.0,mitja,"Client en_risc de Anestesia (Share 12m: 182%). El seu cicle de compra és de 70 dies. Porta 76 dies sense comprar (6 dies de coll). Tenia share alt, però en els últims 3 mesos ha caigut substancialment."
1000070145,Almería,Bioseguridad,perdut,0.961,108,,1086.44,,False,,,,
1000070147,Zaragoza,Anestesia,en_risc,2.048,24,43.5,3410.04,-0.48,True,caiguda_share,0.0,mitja,"Client en_risc de Anestesia (Share 12m: 205%). El seu cicle de compra és de 43 dies. Porta 24 dies sense comprar (-19 dies de coll). Tenia share alt, però en els últims 3 mesos ha caigut substancialment."
1000070153,Granada,Bioseguridad,fidel,1.118,27,199.0,1086.44,-7.15,False,,,,
1000070203,Sta.Cruz Tenerife,Anestesia,perdut,0.198,102,,2223.12,,False,,,,
1000070207,Sta.Cruz Tenerife,Anestesia,marginal,0.0,553,,1802.36,,False,,,,
1000070236,Madrid,Anestesia,promiscu,0.328,82,190.0,2223.12,-1.16,False,,,,
1000070274,Barcelona,Anestesia,perdut,0.536,224,,3410.04,,False,,,,
1000070274,Barcelona,Bioseguridad,perdut,0.194,224,,1667.34,,False,,,,
1000070278,Huelva,Anestesia,perdut,1.178,123,,2223.12,,False,,,,
1000070279,Huelva,Anestesia,promiscu,0.497,32,240.5,2223.12,-1.64,False,,,,
1000070279,Huelva,Bioseguridad,en_risc,0.298,222,,1086.44,,False,,,,
1000070295,Las Palmas,Anestesia,marginal,0.0,1793,,3410.04,,False,,,,
1000070457,Sta.Cruz Tenerife,Anestesia,perdut,0.447,266,,2223.12,,False,,,,
1000070482,Sta.Cruz Tenerife,Anestesia,perdut,0.0,417,,2223.12,,False,,,,
1000070492,Granada,Anestesia,en_risc,1.777,28,107.8,1802.36,-5.0,True,caiguda_share,0.0,mitja,"Client en_risc de Anestesia (Share 12m: 178%). El seu cicle de compra és de 108 dies. Porta 28 dies sense comprar (-80 dies de coll). Tenia share alt, però en els últims 3 mesos ha caigut substancialment."
1000070497,Zaragoza,Anestesia,fidel,1.686,6,78.5,2223.12,-1.77,False,,,,
1000070497,Zaragoza,Bioseguridad,perdut,0.671,118,,1086.44,,False,,,,
1000070508,Madrid,Bioseguridad,marginal,0.238,55,,1667.34,,False,,,,
1000070524,Barcelona,Anestesia,perdut,0.0,384,,2223.12,,False,,,,
1000070525,Sevilla,Anestesia,perdut,0.0,385,,2223.12,,False,,,,
1000070578,Granada,Anestesia,perdut,0.0,1404,,2223.12,,False,,,,
1000070578,Granada,Bioseguridad,perdut,0.0,1398,,1086.44,,False,,,,
1000070579,Asturias,Anestesia,perdut,0.0,420,,2223.12,,False,,,,
1000070581,Madrid,Bioseguridad,fidel,2.561,61,60.6,1086.44,0.02,False,,,,
1000070593,Barcelona,Anestesia,perdut,0.0,433,,3410.04,,False,,,,
1000070629,Madrid,Anestesia,fidel,2.58,27,61.8,2223.12,-1.07,False,,,,
1000070629,Madrid,Bioseguridad,fidel,4.668,27,40.7,1086.44,-0.71,False,,,,
1000070634,Barcelona,Anestesia,marginal,0.0,1768,,1802.36,,False,,,,
1000070638,Las Palmas,Anestesia,promiscu,0.742,61,166.5,2223.12,-1.41,False,,,,
1000070638,Las Palmas,Bioseguridad,perdut,2.519,158,,1086.44,,False,,,,
1000070662,Castellón,Anestesia,fidel,1.275,20,199.9,2223.12,-1.66,False,,,,
1000070667,Ávila,Anestesia,perdut,0.561,200,,2223.12,,False,,,,
1000070675,Albacete,Bioseguridad,promiscu,0.369,88,445.5,1086.44,-1.42,False,,,,
1000070700,Madrid,Anestesia,perdut,0.537,189,,2223.12,,False,,,,
1000070758,Sevilla,Anestesia,perdut,0.371,251,,2223.12,,False,,,,
1000070758,Sevilla,Bioseguridad,marginal,0.245,126,,1086.44,,False,,,,
1000070808,Las Palmas,Anestesia,perdut,0.0,895,,5683.4,,False,,,,
1000070817,Alicante,Anestesia,perdut,0.321,286,,4546.72,,False,,,,
1000070817,Alicante,Bioseguridad,marginal,0.0,776,,2223.12,,False,,,,
1000070834,Valencia,Anestesia,nou,0.334,28,,1802.36,,False,,,,
1000070907,Madrid,Anestesia,perdut,0.358,277,,2223.12,,False,,,,
1000070912,Valencia,Anestesia,fidel,1.06,59,156.4,2223.12,-0.98,False,,,,
1000070938,Madrid,Anestesia,perdut,0.312,94,,3410.04,,False,,,,
1000070938,Madrid,Bioseguridad,perdut,0.0,1078,,1667.34,,False,,,,
1000070949,Madrid,Anestesia,perdut,0.456,160,,4546.72,,False,,,,
1000070961,Sta.Cruz Tenerife,Anestesia,perdut,0.165,152,,2223.12,,False,,,,
1000070964,Barcelona,Anestesia,promiscu,0.34,54,272.2,3410.04,-1.63,False,,,,
1000071061,Barcelona,Anestesia,perdut,0.133,279,,2223.12,,False,,,,
1000071061,Barcelona,Bioseguridad,fidel,0.773,73,,1086.44,,False,,,,
1000071071,Barcelona,Anestesia,perdut,0.0,454,,2223.12,,False,,,,
1000071090,Madrid,Anestesia,fidel,1.41,40,103.6,2223.12,-1.14,False,,,,
1000071090,Madrid,Bioseguridad,promiscu,0.28,40,362.8,1086.44,-0.61,False,,,,
1000071100,Málaga,Bioseguridad,perdut,0.0,1643,,1086.44,,False,,,,
1000071145,Barcelona,Anestesia,fidel,2.24,73,57.2,2223.12,0.47,False,,,,
1000071155,Pontevedra,Anestesia,perdut,0.0,571,,2223.12,,False,,,,
1000071166,Asturias,Anestesia,perdut,0.064,228,,2223.12,,False,,,,
1000071168,Ciudad Real,Anestesia,fidel,0.95,48,170.2,3410.04,-1.74,False,,,,
1000071177,Toledo,Anestesia,fidel,1.013,39,217.0,2223.12,-1.8,False,,,,
1000071182,Toledo,Anestesia,fidel,1.708,63,140.2,1802.36,-1.09,False,,,,
1000071186,Madrid,Anestesia,perdut,0.0,1103,,2223.12,,False,,,,
1000071342,Sta.Cruz Tenerife,Anestesia,en_risc,0.584,89,105.8,2223.12,-0.34,True,caiguda_share,924.01,mitja,"Client en_risc de Anestesia (Share 12m: 58%). El seu cicle de compra és de 106 dies. Porta 89 dies sense comprar (-17 dies de coll). Tenia share alt, però en els últims 3 mesos ha caigut substancialment."
1000071379,Jaén,Bioseguridad,perdut,0.0,1643,,1086.44,,False,,,,
1000071393,Madrid,Anestesia,perdut,0.555,110,,3410.04,,False,,,,
1000071393,Madrid,Bioseguridad,perdut,0.435,110,,1667.34,,False,,,,
1000071394,Madrid,Anestesia,fidel,1.38,63,77.8,2223.12,-0.34,False,,,,
1000071395,Madrid,Anestesia,perdut,0.0,571,,2223.12,,False,,,,
1000071414,Barcelona,Anestesia,perdut,0.0,462,,1802.36,,False,,,,
1000071420,Albacete,Anestesia,fidel,1.161,26,193.0,2223.12,-1.64,False,,,,
1000071448,Granada,Anestesia,perdut,0.875,105,,3410.04,,False,,,,
1000071467,Segovia,Anestesia,perdut,0.0,1250,,1802.36,,False,,,,
1000071473,Tarragona,Anestesia,fidel,0.903,66,109.4,2223.12,-1.18,False,,,,
1000071481,Las Palmas,Anestesia,perdut,0.58,311,,2223.12,,False,,,,
1000071493,Almería,Anestesia,promiscu,0.531,26,558.3,2223.12,-2.99,False,,,,
1000071495,Madrid,Anestesia,fidel,1.133,80,176.8,3410.04,-1.86,False,,,,
1000071519,Vizcaya,Anestesia,perdut,0.0,1167,,2223.12,,False,,,,
1000071556,Madrid,Anestesia,fidel,1.574,19,57.7,2223.12,-1.4,False,,,,
1000071556,Madrid,Bioseguridad,fidel,1.523,19,70.4,1086.44,-1.18,False,,,,
1000071563,Almería,Anestesia,perdut,0.797,277,,2223.12,,False,,,,
1000071563,Almería,Bioseguridad,fidel,1.477,33,222.1,1086.44,-1.25,False,,,,
1000071606,Madrid,Anestesia,perdut,0.0,546,,2223.12,,False,,,,
1000071606,Madrid,Bioseguridad,perdut,0.0,546,,1086.44,,False,,,,
1000071615,A Coruña,Anestesia,perdut,0.0,425,,3410.04,,False,,,,
1000071626,Madrid,Anestesia,promiscu,0.68,63,97.1,3410.04,-0.35,False,,,,
1000071718,Tarragona,Anestesia,marginal,0.0,438,,2223.12,,False,,,,
1000071762,Madrid,Anestesia,perdut,0.749,144,,4546.72,,False,,,,
1000071762,Madrid,Bioseguridad,perdut,0.0,384,,2223.12,,False,,,,
1000071765,Barcelona,Anestesia,perdut,0.583,194,,2223.12,,False,,,,
1000071765,Barcelona,Bioseguridad,perdut,0.522,194,,1086.44,,False,,,,
1000071766,Huelva,Anestesia,perdut,0.0,1747,,2223.12,,False,,,,
1000071825,Cantabria,Bioseguridad,perdut,2.374,159,,1667.34,,False,,,,
1000071876,Cantabria,Anestesia,perdut,0.0,1523,,1.0,,False,,,,
1000071965,Madrid,Anestesia,perdut,0.311,104,,2223.12,,False,,,,
1000071965,Madrid,Bioseguridad,perdut,1.992,104,,1086.44,,False,,,,
1000071980,Sevilla,Anestesia,perdut,0.0,1432,,3410.04,,False,,,,
1000071997,Las Palmas,Anestesia,perdut,0.026,325,,3410.04,,False,,,,
1000072036,Sta.Cruz Tenerife,Anestesia,perdut,1.286,108,,3410.04,,False,,,,
1000072067,Alicante,Anestesia,perdut,0.39,159,,3410.04,,False,,,,
1000072067,Alicante,Bioseguridad,marginal,0.0,619,,1667.34,,False,,,,
1000072074,Sta.Cruz Tenerife,Anestesia,promiscu,0.702,28,202.1,2223.12,-3.09,False,,,,
1000072095,Barcelona,Anestesia,promiscu,0.4,90,270.0,1802.36,-1.14,False,,,,
1000072110,Sevilla,Anestesia,en_risc,1.346,39,65.1,5683.4,-0.79,True,caiguda_share,0.0,mitja,"Client en_risc de Anestesia (Share 12m: 135%). El seu cicle de compra és de 65 dies. Porta 39 dies sense comprar (-26 dies de coll). Tenia share alt, però en els últims 3 mesos ha caigut substancialment."
1000072201,Madrid,Anestesia,promiscu,0.559,45,158.6,4546.72,-1.76,False,,,,
1000072201,Madrid,Bioseguridad,fidel,0.795,45,124.6,2223.12,-1.23,False,,,,
1000072221,Barcelona,Anestesia,fidel,1.226,90,138.2,2223.12,-0.99,False,,,,
1000072221,Barcelona,Bioseguridad,marginal,0.0,1636,,1086.44,,False,,,,
1000072225,Zaragoza,Anestesia,perdut,0.648,98,,2223.12,,False,,,,
1000072225,Zaragoza,Bioseguridad,perdut,0.0,1125,,1086.44,,False,,,,
1000072234,Madrid,Anestesia,en_risc,0.995,56,85.2,3410.04,-0.38,True,caiguda_share,17.44,mitja,"Client en_risc de Anestesia (Share 12m: 99%). El seu cicle de compra és de 85 dies. Porta 56 dies sense comprar (-29 dies de coll). Tenia share alt, però en els últims 3 mesos ha caigut substancialment."
1000072252,Pontevedra,Anestesia,fidel,1.598,40,92.8,3410.04,-3.38,False,,,,
1000072252,Pontevedra,Bioseguridad,perdut,1.866,174,,1667.34,,False,,,,
1000072257,Sevilla,Anestesia,fidel,1.004,46,172.3,3410.04,-0.41,False,,,,
1000072257,Sevilla,Bioseguridad,perdut,1.041,96,,1667.34,,False,,,,
1000072267,León,Anestesia,perdut,0.0,1126,,2223.12,,False,,,,
1000072282,Madrid,Anestesia,perdut,0.496,180,,2223.12,,False,,,,
1000072282,Madrid,Bioseguridad,fidel,1.481,35,105.5,1086.44,-1.32,False,,,,
1000072346,Madrid,Anestesia,perdut,0.0,1397,,2223.12,,False,,,,
1000072361,Valencia,Anestesia,perdut,0.208,236,,3410.04,,False,,,,
1000072375,Alicante,Anestesia,promiscu,0.395,10,136.5,3410.04,-3.38,False,,,,
1000072381,Madrid,Anestesia,promiscu,0.693,32,108.1,11366.8,-0.34,False,,,,
1000072411,Barcelona,Anestesia,fidel,1.585,6,86.5,2223.12,-2.66,False,,,,
1000072466,Las Palmas,Anestesia,en_risc,2.412,53,88.3,2223.12,-0.44,True,caiguda_share,0.0,mitja,"Client en_risc de Anestesia (Share 12m: 241%). El seu cicle de compra és de 88 dies. Porta 53 dies sense comprar (-35 dies de coll). Tenia share alt, però en els últims 3 mesos ha caigut substancialment."
1000072481,Barcelona,Anestesia,perdut,0.564,152,,2223.12,,False,,,,
1000072485,Sta.Cruz Tenerife,Anestesia,perdut,0.359,95,,2223.12,,False,,,,
1000072485,Sta.Cruz Tenerife,Bioseguridad,perdut,0.419,95,,1086.44,,False,,,,
1000072518,Barcelona,Anestesia,perdut,0.0,1550,,1802.36,,False,,,,
1000072539,Barcelona,Anestesia,fidel,1.198,39,104.3,2223.12,-1.74,False,,,,
1000072539,Barcelona,Bioseguridad,marginal,0.146,200,,1086.44,,False,,,,
1000072566,Tarragona,Bioseguridad,marginal,0.0,1774,,879.2,,False,,,,
1000072582,Jaén,Anestesia,perdut,0.609,213,,2223.12,,False,,,,
1000072582,Jaén,Bioseguridad,perdut,0.0,1202,,1086.44,,False,,,,
1000072594,Madrid,Anestesia,perdut,0.288,349,,2223.12,,False,,,,
1000072594,Madrid,Bioseguridad,perdut,0.0,1291,,1086.44,,False,,,,
1000072638,Valladolid,Anestesia,perdut,0.648,180,,2223.12,,False,,,,
1000072638,Valladolid,Bioseguridad,perdut,0.186,266,,1086.44,,False,,,,
1000072672,Alicante,Anestesia,promiscu,0.748,28,212.2,2223.12,-1.53,False,,,,
1000072689,Zaragoza,Anestesia,perdut,1.446,171,,2223.12,,False,,,,
1000072689,Zaragoza,Bioseguridad,marginal,0.0,801,,1086.44,,False,,,,
1000072697,Toledo,Anestesia,fidel,0.853,14,103.9,2223.12,-2.05,False,,,,
1000072697,Toledo,Bioseguridad,fidel,0.918,14,94.0,1086.44,-1.11,False,,,,
1000072718,Sevilla,Anestesia,perdut,0.378,306,,3410.04,,False,,,,
1000072718,Sevilla,Bioseguridad,perdut,0.598,174,,1667.34,,False,,,,
1000072731,Madrid,Anestesia,fidel,1.124,90,121.0,2223.12,-0.65,False,,,,
1000072731,Madrid,Bioseguridad,marginal,0.0,1292,,1086.44,,False,,,,
1000072759,Sevilla,Anestesia,perdut,0.797,151,,2223.12,,False,,,,
1000072763,Madrid,Anestesia,en_risc,1.284,19,49.8,2223.12,-1.57,True,caiguda_share,0.0,mitja,"Client en_risc de Anestesia (Share 12m: 128%). El seu cicle de compra és de 50 dies. Porta 19 dies sense comprar (-31 dies de coll). Tenia share alt, però en els últims 3 mesos ha caigut substancialment."
1000072763,Madrid,Bioseguridad,fidel,1.118,32,233.2,1086.44,-1.12,False,,,,
1000072768,Madrid,Anestesia,fidel,0.757,69,233.6,2223.12,-1.67,False,,,,
1000072768,Madrid,Bioseguridad,perdut,0.0,612,,1086.44,,False,,,,
1000072772,Asturias,Anestesia,marginal,0.198,118,,2223.12,,False,,,,
1000072772,Asturias,Bioseguridad,perdut,1.359,118,,1086.44,,False,,,,
1000072798,Valencia,Anestesia,perdut,0.0,1105,,2223.12,,False,,,,
1000072798,Valencia,Bioseguridad,perdut,0.0,1105,,1086.44,,False,,,,
1000072864,Madrid,Anestesia,marginal,0.232,27,,1802.36,,False,,,,
1000072966,Madrid,Anestesia,perdut,0.0,845,,3410.04,,False,,,,
1000072970,Madrid,Anestesia,perdut,0.0,1396,,2223.12,,False,,,,
1000072976,Sevilla,Anestesia,perdut,1.344,200,,2223.12,,False,,,,
1000072976,Sevilla,Bioseguridad,perdut,1.464,104,,1086.44,,False,,,,
1000072995,Sevilla,Anestesia,promiscu,0.404,34,547.7,3410.04,-2.22,False,,,,
1000073092,Girona,Anestesia,perdut,0.416,265,,3410.04,,False,,,,
1000073092,Girona,Bioseguridad,fidel,1.42,54,154.0,1667.34,-1.31,False,,,,
1000073093,Madrid,Anestesia,promiscu,0.493,67,163.4,3410.04,-1.25,False,,,,
1000073093,Madrid,Bioseguridad,perdut,0.0,787,,1667.34,,False,,,,
1000073109,Málaga,Anestesia,perdut,0.307,200,,2223.12,,False,,,,
1000073138,Granada,Anestesia,promiscu,0.531,17,333.8,2223.12,-1.73,False,,,,
1000073191,La Rioja,Anestesia,fidel,0.952,60,92.6,2223.12,-0.97,False,,,,
1000073191,La Rioja,Bioseguridad,perdut,0.0,1679,,1086.44,,False,,,,
1000073194,Valencia,Anestesia,fidel,2.96,39,106.9,2223.12,-2.49,False,,,,
1000073208,Valencia,Anestesia,perdut,0.337,278,,3410.04,,False,,,,
1000073208,Valencia,Bioseguridad,promiscu,0.525,13,191.4,1667.34,-1.48,False,,,,
1000073231,Toledo,Anestesia,perdut,0.737,279,,1802.36,,False,,,,
1000073231,Toledo,Bioseguridad,perdut,0.687,181,,879.2,,False,,,,
1000073234,Huelva,Anestesia,perdut,0.491,159,,2223.12,,False,,,,
1000073237,Sevilla,Anestesia,fidel,0.909,69,218.5,3410.04,-1.14,False,,,,
1000073361,Albacete,Anestesia,promiscu,0.533,60,425.8,2223.12,-1.65,False,,,,
1000073390,Málaga,Anestesia,perdut,0.0,1327,,1802.36,,False,,,,
1000073407,Madrid,Anestesia,perdut,0.0,922,,1802.36,,False,,,,
1000073407,Madrid,Bioseguridad,marginal,0.0,1677,,879.2,,False,,,,
1000073464,Albacete,Anestesia,perdut,0.0,1789,,2223.12,,False,,,,
1000073476,Madrid,Anestesia,marginal,0.242,17,,6820.08,,False,,,,
1000073476,Madrid,Bioseguridad,promiscu,0.393,17,661.5,3334.68,-0.88,False,,,,
1000073487,Valencia,Anestesia,perdut,0.0,391,,3410.04,,False,,,,
1000073493,Madrid,Anestesia,perdut,0.416,144,,3410.04,,False,,,,
1000073493,Madrid,Bioseguridad,fidel,1.36,25,95.0,1667.34,-3.02,False,,,,
1000073509,Alicante,Anestesia,perdut,0.272,186,,3410.04,,False,,,,
1000073509,Alicante,Bioseguridad,marginal,0.0,783,,1667.34,,False,,,,
1000073521,Madrid,Anestesia,fidel,1.147,47,113.3,3410.04,-3.93,False,,,,
1000073529,Asturias,Anestesia,fidel,1.027,38,227.0,4546.72,-1.49,False,,,,
1000073530,Madrid,Anestesia,perdut,0.16,91,,2223.12,,False,,,,
1000073574,Cuenca,Anestesia,fidel,1.494,27,122.3,3410.04,-1.59,False,,,,
1000073587,Valencia,Anestesia,perdut,0.377,175,,3410.04,,False,,,,
1000073587,Valencia,Bioseguridad,marginal,0.0,937,,1667.34,,False,,,,
1000073611,Alicante,Anestesia,perdut,0.346,104,,3410.04,,False,,,,
1000073638,Madrid,Anestesia,perdut,0.0,698,,2223.12,,False,,,,
1000073640,A Coruña,Anestesia,perdut,0.246,347,,1802.36,,False,,,,
1000073653,Badajoz,Anestesia,perdut,0.0,468,,2223.12,,False,,,,
1000073655,Valladolid,Anestesia,perdut,0.414,249,,2223.12,,False,,,,
1000073679,Málaga,Anestesia,promiscu,0.495,56,125.4,2223.12,-1.87,False,,,,
1000073681,Ciudad Real,Anestesia,perdut,0.0,444,,2223.12,,False,,,,
1000073682,Madrid,Anestesia,perdut,0.371,195,,2223.12,,False,,,,
1000073690,Alicante,Anestesia,perdut,0.253,269,,1802.36,,False,,,,
1000073701,Almería,Anestesia,promiscu,0.655,45,68.9,2223.12,-0.76,False,,,,
1000073706,Ciudad Real,Anestesia,fidel,0.962,35,158.2,2223.12,-1.85,False,,,,
1000073706,Ciudad Real,Bioseguridad,promiscu,0.373,35,211.4,1086.44,-0.87,False,,,,
1000073734,Cádiz,Anestesia,promiscu,0.387,53,115.5,3410.04,-0.84,False,,,,
1000073798,Las Palmas,Anestesia,perdut,0.0,1793,,2223.12,,False,,,,
1000073805,Madrid,Anestesia,perdut,0.133,294,,1802.36,,False,,,,
1000073815,Barcelona,Anestesia,promiscu,0.403,28,357.0,1802.36,-0.96,False,,,,
1000073845,Barcelona,Anestesia,perdut,0.654,117,,3410.04,,False,,,,
1000073849,Alicante,Anestesia,perdut,0.425,105,,3410.04,,False,,,,
1000073887,Madrid,Anestesia,marginal,0.0,1610,,2223.12,,False,,,,
1000073926,A Coruña,Anestesia,fidel,1.246,28,205.4,2223.12,-1.56,False,,,,
1000073926,A Coruña,Bioseguridad,nou,0.305,28,,1086.44,,False,,,,
1000073944,Granada,Anestesia,perdut,0.598,173,,2223.12,,False,,,,
1000073944,Granada,Bioseguridad,perdut,0.373,173,,1086.44,,False,,,,
1000073970,Madrid,Anestesia,marginal,0.063,185,,2223.12,,False,,,,
1000073971,Madrid,Bioseguridad,fidel,1.471,53,103.0,1086.44,-1.16,False,,,,
1000073983,Alicante,Anestesia,fidel,0.861,48,64.8,3410.04,-0.49,False,,,,
1000073996,Alicante,Anestesia,marginal,0.177,28,,2223.12,,False,,,,
1000074004,Castellón,Anestesia,promiscu,0.478,82,316.4,2223.12,-3.54,False,,,,
1000074004,Castellón,Bioseguridad,perdut,0.0,392,,1086.44,,False,,,,
1000074005,,Anestesia,perdut,0.0,1125,,2223.12,,False,,,,
1000074005,,Bioseguridad,perdut,0.0,535,,1086.44,,False,,,,
1000074035,Huesca,Bioseguridad,fidel,1.477,46,347.4,1086.44,-0.68,False,,,,
1000074067,Granada,Anestesia,perdut,0.0,452,,1802.36,,False,,,,
1000074089,Las Palmas,Anestesia,marginal,0.032,90,,2223.12,,False,,,,
1000074089,Las Palmas,Bioseguridad,fidel,1.236,28,411.2,1086.44,-0.92,False,,,,
1000074102,Valencia,Anestesia,fidel,1.055,66,110.6,2223.12,-1.34,False,,,,
1000074113,Zaragoza,Anestesia,en_risc,0.979,47,57.7,3410.04,-0.4,True,caiguda_share,69.96,mitja,"Client en_risc de Anestesia (Share 12m: 98%). El seu cicle de compra és de 58 dies. Porta 47 dies sense comprar (-11 dies de coll). Tenia share alt, però en els últims 3 mesos ha caigut substancialment."
1000074113,Zaragoza,Bioseguridad,perdut,0.0,426,,1667.34,,False,,,,
1000074144,Barcelona,Anestesia,perdut,0.0,1042,,2223.12,,False,,,,
1000074178,Sta.Cruz Tenerife,Anestesia,perdut,0.0,1423,,2223.12,,False,,,,
1000074180,Alicante,Anestesia,fidel,1.776,46,143.0,2223.12,-5.28,False,,,,
1000074185,A Coruña,Anestesia,marginal,0.234,270,,5683.4,,False,,,,
1000074185,A Coruña,Bioseguridad,promiscu,0.26,56,,2778.9,,False,,,,
1000074220,Cantabria,Anestesia,perdut,0.0,801,,2223.12,,False,,,,
1000074224,Sevilla,Anestesia,fidel,1.673,32,81.7,2223.12,-1.41,False,,,,
1000074335,Madrid,Anestesia,perdut,0.0,1662,,2223.12,,False,,,,
1000074347,Madrid,Anestesia,perdut,0.0,392,,2223.12,,False,,,,
1000074382,A Coruña,Anestesia,perdut,0.159,206,,1802.36,,False,,,,
1000074383,Barcelona,Anestesia,perdut,0.867,173,,3410.04,,False,,,,
1000074383,Barcelona,Bioseguridad,marginal,0.0,1754,,1667.34,,False,,,,
1000074407,Pontevedra,Anestesia,perdut,0.0,375,,2223.12,,False,,,,
1000074412,Jaén,Anestesia,fidel,1.087,28,127.3,2223.12,-2.23,False,,,,
1000074412,Jaén,Bioseguridad,fidel,1.521,28,151.2,1086.44,-2.52,False,,,,
1000074435,,Anestesia,perdut,0.0,458,,4546.72,,False,,,,
1000074494,Las Palmas,Anestesia,fidel,2.134,53,66.0,2223.12,-0.47,False,,,,
1000074496,Vizcaya,Anestesia,nou,0.312,53,,3410.04,,False,,,,
1000074511,Cantabria,Anestesia,perdut,0.797,181,,2223.12,,False,,,,
1000074511,Cantabria,Bioseguridad,fidel,2.445,60,156.7,1086.44,-2.35,False,,,,
1000074517,Madrid,Anestesia,promiscu,0.514,46,102.3,2223.12,-0.98,False,,,,
1000074517,Madrid,Bioseguridad,perdut,1.746,122,,1086.44,,False,,,,
1000074521,Vizcaya,Anestesia,perdut,1.205,103,,2223.12,,False,,,,
1000074521,Vizcaya,Bioseguridad,perdut,0.0,531,,1086.44,,False,,,,
1000074566,Tarragona,Anestesia,perdut,0.0,445,,1802.36,,False,,,,
1000074567,Cádiz,Bioseguridad,marginal,0.0,440,,2223.12,,False,,,,
1000074573,A Coruña,Anestesia,marginal,0.0,1638,,1802.36,,False,,,,
1000074574,Valencia,Anestesia,marginal,0.0,1372,,3410.04,,False,,,,
1000074584,Granada,Anestesia,perdut,0.0,747,,1802.36,,False,,,,
1000074620,Almería,Anestesia,promiscu,0.39,83,106.7,3410.04,-0.62,False,,,,
1000074620,Almería,Bioseguridad,perdut,0.0,398,,1667.34,,False,,,,
1000074650,A Coruña,Anestesia,marginal,0.0,850,,2223.12,,False,,,,
1000074657,Sevilla,Anestesia,fidel,0.911,81,173.2,3410.04,-1.95,False,,,,
1000074680,Navarra,Anestesia,perdut,0.296,215,,2223.12,,False,,,,
1000074688,Pontevedra,Anestesia,perdut,0.402,209,,1802.36,,False,,,,
1000074709,Pontevedra,Anestesia,en_risc,0.62,68,141.1,3410.04,-1.3,True,caiguda_share,1297.45,mitja,"Client en_risc de Anestesia (Share 12m: 62%). El seu cicle de compra és de 141 dies. Porta 68 dies sense comprar (-73 dies de coll). Tenia share alt, però en els últims 3 mesos ha caigut substancialment."
1000074724,Lleida,Anestesia,perdut,0.393,283,,1802.36,,False,,,,
1000074737,Málaga,Anestesia,promiscu,0.495,88,263.5,2223.12,-3.04,False,,,,
1000074737,Málaga,Bioseguridad,perdut,0.0,1398,,1086.44,,False,,,,
1000074745,Asturias,Anestesia,fidel,1.173,53,228.3,2223.12,-3.49,False,,,,
1000074750,Murcia,Anestesia,fidel,1.063,56,74.5,2223.12,-0.93,False,,,,
1000074750,Murcia,Bioseguridad,perdut,0.0,803,,1086.44,,False,,,,
1000074751,Barcelona,Anestesia,marginal,0.0,1713,,1802.36,,False,,,,
1000074814,Orense,Anestesia,promiscu,0.431,83,223.1,2223.12,-2.95,False,,,,
1000074901,Sta.Cruz Tenerife,Anestesia,perdut,0.0,476,,2223.12,,False,,,,
1000074924,Valladolid,Anestesia,promiscu,0.638,47,295.2,2223.12,-1.54,False,,,,
1000074929,Jaén,Anestesia,marginal,0.0,1735,,2223.12,,False,,,,
1000074943,Madrid,Anestesia,perdut,0.377,271,,3410.04,,False,,,,
1000074943,Madrid,Bioseguridad,promiscu,0.398,19,,1667.34,,False,,,,
1000074976,Valencia,Anestesia,perdut,0.188,222,,3410.04,,False,,,,
1000075038,La Rioja,Anestesia,promiscu,0.459,70,199.7,2223.12,-3.76,False,,,,
1000075039,Madrid,Anestesia,fidel,0.836,27,,2223.12,,False,,,,
1000075104,Barcelona,Anestesia,fidel,1.195,28,446.7,2223.12,-1.56,False,,,,
1000075127,Zaragoza,Anestesia,fidel,0.904,63,227.4,3410.04,-1.07,False,,,,
1000075164,Madrid,Anestesia,perdut,0.272,238,,2223.12,,False,,,,
1000075170,Baleares,Anestesia,perdut,0.624,98,,2223.12,,False,,,,
1000075173,Madrid,Anestesia,perdut,0.0,412,,1802.36,,False,,,,
1000075175,Madrid,Anestesia,marginal,0.124,27,,2223.12,,False,,,,
1000075176,Asturias,Anestesia,fidel,1.732,12,182.9,2223.12,-3.0,False,,,,
1000075177,Badajoz,Anestesia,fidel,2.376,0,59.7,2223.12,-1.49,False,,,,
1000075177,Badajoz,Bioseguridad,perdut,0.366,222,,1086.44,,False,,,,
1000075184,Madrid,Anestesia,promiscu,0.369,28,160.5,2223.12,-1.54,False,,,,
1000075184,Madrid,Bioseguridad,perdut,0.0,956,,1086.44,,False,,,,
1000075190,Alicante,Anestesia,marginal,0.0,1369,,1802.36,,False,,,,
1000075218,Sevilla,Anestesia,fidel,0.83,27,218.9,2223.12,-0.68,False,,,,
1000075238,Cádiz,Anestesia,perdut,0.36,321,,2223.12,,False,,,,
1000075238,Cádiz,Bioseguridad,perdut,0.0,635,,1086.44,,False,,,,
1000075241,Madrid,Anestesia,promiscu,0.266,73,,2223.12,,False,,,,
1000075253,Alicante,Bioseguridad,marginal,0.081,159,,1667.34,,False,,,,
1000075255,Valencia,Bioseguridad,fidel,6.262,7,55.3,1086.44,-1.34,False,,,,
1000075266,Alicante,Anestesia,promiscu,0.598,32,372.8,2223.12,-24.97,False,,,,
1000075276,Toledo,Anestesia,perdut,0.517,322,,2223.12,,False,,,,
1000075277,Sevilla,Anestesia,perdut,0.442,119,,2223.12,,False,,,,
1000075277,Sevilla,Bioseguridad,perdut,1.653,119,,1086.44,,False,,,,
1000075287,Huelva,Anestesia,fidel,0.788,68,174.8,2223.12,-1.82,False,,,,
1000075293,Madrid,Anestesia,perdut,0.416,214,,2223.12,,False,,,,
1000075321,Barcelona,Anestesia,marginal,0.198,67,,2223.12,,False,,,,
1000075334,Málaga,Anestesia,perdut,0.726,350,,2223.12,,False,,,,
1000075368,A Coruña,Anestesia,perdut,0.0,371,,2223.12,,False,,,,
1000075371,Badajoz,Anestesia,fidel,1.195,53,293.8,2223.12,-3.73,False,,,,
1000075384,Asturias,Anestesia,perdut,0.903,350,,2223.12,,False,,,,
1000075385,Zaragoza,Anestesia,fidel,0.789,60,190.4,2223.12,-0.99,False,,,,
1000075385,Zaragoza,Bioseguridad,perdut,0.0,418,,1086.44,,False,,,,
1000075402,Madrid,Anestesia,perdut,0.711,180,,3410.04,,False,,,,
1000075402,Madrid,Bioseguridad,perdut,0.0,1491,,1667.34,,False,,,,
1000075403,Zaragoza,Anestesia,perdut,0.349,270,,2223.12,,False,,,,
1000075403,Zaragoza,Bioseguridad,perdut,0.407,314,,1086.44,,False,,,,
1000075405,Madrid,Anestesia,promiscu,0.319,66,395.5,2223.12,-1.2,False,,,,
1000075475,Asturias,Anestesia,perdut,0.639,119,,3410.04,,False,,,,
1000075515,Madrid,Anestesia,perdut,0.995,116,,2223.12,,False,,,,
1000075515,Madrid,Bioseguridad,perdut,0.732,117,,1086.44,,False,,,,
1000075521,Jaén,Anestesia,perdut,0.191,339,,2223.12,,False,,,,
1000075540,Las Palmas,Anestesia,marginal,0.0,622,,3410.04,,False,,,,
1000075602,León,Anestesia,perdut,0.385,251,,2223.12,,False,,,,
1000075603,Huelva,Anestesia,perdut,0.875,189,,3410.04,,False,,,,
1000075603,Huelva,Bioseguridad,perdut,0.583,189,,1667.34,,False,,,,
1000075628,Madrid,Anestesia,perdut,0.133,201,,2223.12,,False,,,,
1000075660,Zaragoza,Bioseguridad,marginal,0.224,306,,1086.44,,False,,,,
1000075662,Sta.Cruz Tenerife,Anestesia,promiscu,0.323,88,72.3,4546.72,0.37,True,reposicio_endarrerida,3078.88,mitja,Client promiscu de Anestesia (Share 12m: 32%). El seu cicle de compra és de 72 dies. Porta 88 dies sense comprar (16 dies de coll). 
1000075712,Madrid,Anestesia,perdut,0.0,1370,,1802.36,,False,,,,
1000075713,Madrid,Anestesia,perdut,1.7,96,,2223.12,,False,,,,
1000075713,Madrid,Bioseguridad,perdut,1.118,110,,1086.44,,False,,,,
1000075720,Salamanca,Anestesia,fidel,2.44,38,92.9,3410.04,-1.43,False,,,,
1000075721,A Coruña,Anestesia,perdut,0.376,115,,3410.04,,False,,,,
1000075723,Barcelona,Anestesia,perdut,0.0,1748,,4546.72,,False,,,,
1000075727,Valencia,Anestesia,promiscu,0.26,27,671.5,3410.04,-70.11,False,,,,
1000075750,Almería,Anestesia,perdut,0.0,336,,2223.12,,False,,,,
1000075779,Asturias,Anestesia,perdut,0.0,579,,2223.12,,False,,,,
1000075784,Madrid,Anestesia,perdut,0.238,216,,2223.12,,False,,,,
1000075784,Madrid,Bioseguridad,fidel,0.981,60,136.8,1086.44,-1.37,False,,,,
1000075817,Granada,Anestesia,promiscu,0.328,81,725.5,1802.36,-7.53,False,,,,
1000075819,A Coruña,Anestesia,fidel,0.756,40,73.2,3410.04,-0.81,False,,,,
1000075819,A Coruña,Bioseguridad,en_risc,1.318,40,72.0,1667.34,-0.98,True,caiguda_share,0.0,mitja,"Client en_risc de Bioseguridad (Share 12m: 132%). El seu cicle de compra és de 72 dies. Porta 40 dies sense comprar (-32 dies de coll). Tenia share alt, però en els últims 3 mesos ha caigut substancialment."
1000075835,Las Palmas,Anestesia,perdut,0.243,133,,1802.36,,False,,,,
1000075856,Madrid,Anestesia,fidel,1.178,89,137.2,2223.12,-0.86,False,,,,
1000075856,Madrid,Bioseguridad,perdut,0.0,1643,,1086.44,,False,,,,
1000075863,Valladolid,Anestesia,marginal,0.153,56,,1802.36,,False,,,,
1000075865,Barcelona,Anestesia,fidel,1.369,67,84.4,2223.12,-0.41,False,,,,
1000075869,Valencia,Anestesia,en_risc,0.818,49,81.5,3410.04,-0.95,True,caiguda_share,622.03,mitja,"Client en_risc de Anestesia (Share 12m: 82%). El seu cicle de compra és de 82 dies. Porta 49 dies sense comprar (-33 dies de coll). Tenia share alt, però en els últims 3 mesos ha caigut substancialment."
1000075900,Málaga,Anestesia,marginal,0.0,1602,,2223.12,,False,,,,
1000075908,Orense,Anestesia,perdut,0.0,572,,1802.36,,False,,,,
1000075923,Madrid,Anestesia,perdut,0.0,759,,1802.36,,False,,,,
1000075930,Soria,Anestesia,perdut,1.702,171,,2223.12,,False,,,,
1000075930,Soria,Bioseguridad,perdut,0.522,333,,1086.44,,False,,,,
1000075946,Asturias,Anestesia,promiscu,0.368,68,,1802.36,,False,,,,
1000075961,Alicante,Anestesia,perdut,0.0,392,,3410.04,,False,,,,
1000075961,Alicante,Bioseguridad,perdut,0.0,392,,1667.34,,False,,,,
1000075968,Asturias,Anestesia,perdut,0.102,341,,1802.36,,False,,,,
1000075976,Valencia,Anestesia,promiscu,0.727,39,159.1,3410.04,-0.53,False,,,,
1000075981,Almería,Anestesia,fidel,2.575,27,55.9,2223.12,-0.54,False,,,,
1000075985,Sta.Cruz Tenerife,Anestesia,marginal,0.0,1364,,1802.36,,False,,,,
1000075995,Sevilla,Anestesia,marginal,0.0,39,,2223.12,,False,,,,
1000076033,Vizcaya,Anestesia,perdut,0.0,1208,,4546.72,,False,,,,
1000076045,Sevilla,Anestesia,perdut,0.241,194,,3410.04,,False,,,,
1000076071,Vizcaya,Anestesia,perdut,0.598,172,,2223.12,,False,,,,
1000076071,Vizcaya,Bioseguridad,fidel,1.025,33,291.3,1086.44,-1.01,False,,,,
1000076080,Alicante,Anestesia,perdut,0.46,103,,3410.04,,False,,,,
1000076082,Valencia,Anestesia,perdut,0.429,243,,3410.04,,False,,,,
1000076102,Valencia,Anestesia,promiscu,0.66,18,630.0,2223.12,-6.36,False,,,,
1000076107,Murcia,Bioseguridad,promiscu,0.527,12,59.2,1667.34,-1.32,False,,,,
1000076111,Sevilla,Anestesia,perdut,0.889,199,,2223.12,,False,,,,
1000076129,Alicante,Anestesia,fidel,1.467,7,386.5,1802.36,-4.51,False,,,,
1000076144,Badajoz,Anestesia,perdut,0.288,355,,2223.12,,False,,,,
1000076148,Madrid,Anestesia,en_risc,1.4,59,70.0,1802.36,-0.28,True,caiguda_share,0.0,mitja,"Client en_risc de Anestesia (Share 12m: 140%). El seu cicle de compra és de 70 dies. Porta 59 dies sense comprar (-11 dies de coll). Tenia share alt, però en els últims 3 mesos ha caigut substancialment."
1000076159,Asturias,Anestesia,marginal,0.0,951,,2223.12,,False,,,,
1000076166,Zaragoza,Bioseguridad,perdut,0.261,315,,1086.44,,False,,,,
1000076174,Zamora,Anestesia,promiscu,0.303,6,507.5,1802.36,-3.1,False,,,,
1000076174,Zamora,Bioseguridad,fidel,0.824,6,433.8,879.2,-2.28,False,,,,
1000076179,Sevilla,Anestesia,perdut,0.0,929,,2223.12,,False,,,,
1000076179,Sevilla,Bioseguridad,perdut,0.0,929,,1086.44,,False,,,,
1000076182,Vizcaya,Anestesia,perdut,0.531,214,,2223.12,,False,,,,
1000076197,Sta.Cruz Tenerife,Anestesia,perdut,1.002,145,,2223.12,,False,,,,
1000076199,Sta.Cruz Tenerife,Anestesia,promiscu,0.641,6,206.4,2223.12,-4.45,False,,,,
1000076201,Sta.Cruz Tenerife,Anestesia,fidel,1.574,27,64.0,1802.36,-1.01,False,,,,
1000076211,Las Palmas,Anestesia,perdut,0.0,462,,3410.04,,False,,,,
1000076211,Las Palmas,Bioseguridad,promiscu,0.286,69,222.0,1667.34,-1.3,False,,,,
1000076218,Málaga,Anestesia,perdut,0.758,110,,3410.04,,False,,,,
1000076218,Málaga,Bioseguridad,perdut,0.0,511,,1667.34,,False,,,,
1000076224,A Coruña,Anestesia,perdut,0.058,251,,2223.12,,False,,,,
1000076224,A Coruña,Bioseguridad,perdut,0.522,312,,1086.44,,False,,,,
1000076233,Burgos,Anestesia,perdut,0.487,96,,4546.72,,False,,,,
1000076233,Burgos,Bioseguridad,perdut,3.934,96,,2223.12,,False,,,,
1000076258,Málaga,Anestesia,perdut,0.0,984,,3410.04,,False,,,,
1000076264,Madrid,Anestesia,perdut,0.0,1644,,2223.12,,False,,,,
1000076267,Madrid,Anestesia,promiscu,0.703,52,162.7,2223.12,-1.81,False,,,,
1000076283,Badajoz,Anestesia,perdut,0.92,102,,2223.12,,False,,,,
1000076285,Barcelona,Anestesia,fidel,1.987,27,42.0,2223.12,-0.93,False,,,,
1000076288,Barcelona,Anestesia,perdut,0.879,94,,2223.12,,False,,,,
1000076288,Barcelona,Bioseguridad,perdut,1.937,94,,1086.44,,False,,,,
1000076289,Ciudad Real,Anestesia,promiscu,0.516,61,337.6,2223.12,-4.08,False,,,,
1000076293,Zaragoza,Bioseguridad,fidel,2.555,66,79.7,1086.44,-0.35,False,,,,
1000076295,Granada,Anestesia,fidel,0.984,61,115.4,2223.12,-1.1,False,,,,
1000076295,Granada,Bioseguridad,perdut,0.0,1335,,1086.44,,False,,,,
1000076307,A Coruña,Anestesia,marginal,0.04,42,,4546.72,,False,,,,
1000076308,A Coruña,Anestesia,promiscu,0.544,25,94.3,3410.04,-1.5,False,,,,
1000076308,A Coruña,Bioseguridad,marginal,0.0,1291,,1667.34,,False,,,,
1000076309,Lugo,Anestesia,promiscu,0.322,28,70.6,3410.04,-1.05,False,,,,
1000076311,Madrid,Anestesia,perdut,2.046,116,,1802.36,,False,,,,
1000076311,Madrid,Bioseguridad,fidel,3.617,13,61.2,879.2,-1.82,False,,,,
1000076314,Baleares,Anestesia,perdut,0.557,98,,1802.36,,False,,,,
1000076319,Barcelona,Anestesia,perdut,0.925,98,,2223.12,,False,,,,
1000076321,Alicante,Anestesia,fidel,1.002,63,166.4,3410.04,-0.99,False,,,,
1000076321,Alicante,Bioseguridad,perdut,0.486,174,,1667.34,,False,,,,
1000076332,Barcelona,Anestesia,promiscu,0.67,88,556.0,2223.12,-0.65,False,,,,
1000076332,Barcelona,Bioseguridad,promiscu,0.522,88,642.0,1086.44,-0.94,False,,,,
1000076338,Madrid,Anestesia,perdut,0.242,332,,1802.36,,False,,,,
1000076341,A Coruña,Bioseguridad,perdut,0.572,332,,1667.34,,False,,,,
1000076343,Castellón,Anestesia,perdut,0.245,103,,2223.12,,False,,,,
1000076356,Madrid,Anestesia,perdut,0.0,763,,1802.36,,False,,,,
1000076356,Madrid,Bioseguridad,perdut,0.0,738,,879.2,,False,,,,
1000076390,Sevilla,Anestesia,promiscu,0.387,69,428.0,2223.12,-1.66,False,,,,
1000076390,Sevilla,Bioseguridad,marginal,0.199,69,,1086.44,,False,,,,
1000076395,Burgos,Anestesia,fidel,1.816,14,156.2,4546.72,-0.54,False,,,,
1000076395,Burgos,Bioseguridad,fidel,2.952,14,145.8,2223.12,-2.01,False,,,,
1000076396,Navarra,Anestesia,promiscu,0.348,62,,2223.12,,False,,,,
1000076403,Valencia,Anestesia,perdut,0.0,371,,3410.04,,False,,,,
1000076403,Valencia,Bioseguridad,promiscu,0.486,90,521.5,1667.34,-0.71,False,,,,
1000076404,Valencia,Anestesia,perdut,0.0,1112,,3410.04,,False,,,,
1000076410,Navarra,Anestesia,fidel,2.648,19,60.9,3410.04,-1.19,False,,,,
1000076415,Vizcaya,Anestesia,perdut,1.533,161,,2223.12,,False,,,,
1000076415,Vizcaya,Bioseguridad,perdut,0.895,161,,1086.44,,False,,,,
1000076447,Barcelona,Anestesia,perdut,0.648,259,,2223.12,,False,,,,
1000076452,Barcelona,Anestesia,fidel,0.769,39,194.3,2223.12,-1.95,False,,,,
1000076472,Madrid,Anestesia,perdut,0.369,192,,2223.12,,False,,,,
1000076487,Madrid,Anestesia,en_risc,0.869,28,251.6,2223.12,-0.93,True,caiguda_share,291.77,mitja,"Client en_risc de Anestesia (Share 12m: 87%). El seu cicle de compra és de 252 dies. Porta 28 dies sense comprar (-224 dies de coll). Tenia share alt, però en els últims 3 mesos ha caigut substancialment."
1000076506,Pontevedra,Anestesia,perdut,0.312,297,,2223.12,,False,,,,
1000076512,Jaén,Anestesia,perdut,0.531,201,,2223.12,,False,,,,
1000076515,Barcelona,Anestesia,perdut,0.969,206,,2223.12,,False,,,,
1000076537,Burgos,Anestesia,fidel,0.768,27,65.4,2223.12,-1.26,False,,,,
1000076537,Burgos,Bioseguridad,fidel,1.337,27,87.2,1086.44,-1.63,False,,,,
1000076579,Madrid,Anestesia,fidel,3.031,33,70.0,2223.12,-0.97,False,,,,
1000076579,Madrid,Bioseguridad,fidel,2.931,12,53.7,1086.44,-1.16,False,,,,
1000076580,Asturias,Anestesia,perdut,0.0,453,,2223.12,,False,,,,
1000076593,Valencia,Anestesia,perdut,0.617,102,,3410.04,,False,,,,
1000076598,Barcelona,Anestesia,marginal,0.08,28,,2223.12,,False,,,,
1000076606,Madrid,Anestesia,perdut,0.0,1411,,1802.36,,False,,,,
1000076608,A Coruña,Anestesia,perdut,0.0,1011,,2223.12,,False,,,,
1000076619,Asturias,Anestesia,perdut,0.0,818,,1802.36,,False,,,,
1000076619,Asturias,Bioseguridad,perdut,0.0,1118,,879.2,,False,,,,
1000076624,Valencia,Anestesia,perdut,0.0,468,,1802.36,,False,,,,
1000076626,Alicante,Anestesia,fidel,0.837,6,212.6,1802.36,-0.96,False,,,,
1000076636,Lugo,Anestesia,perdut,0.0,845,,3410.04,,False,,,,
1000076639,Madrid,Anestesia,marginal,0.0,1505,,2223.12,,False,,,,
1000076651,Barcelona,Anestesia,perdut,0.0,1610,,1802.36,,False,,,,
1000076652,Barcelona,Anestesia,perdut,0.0,1008,,3410.04,,False,,,,
1000076653,Barcelona,Anestesia,perdut,0.0,375,,2223.12,,False,,,,
1000076653,Barcelona,Bioseguridad,marginal,0.0,1439,,1086.44,,False,,,,
1000076654,Badajoz,Anestesia,perdut,0.0,805,,2223.12,,False,,,,
1000076671,Madrid,Anestesia,promiscu,0.658,53,138.0,2223.12,-0.88,False,,,,
1000076675,Toledo,Anestesia,fidel,2.545,74,96.5,2223.12,-0.57,False,,,,
1000076681,Sevilla,Anestesia,promiscu,0.642,87,77.7,3410.04,0.14,True,reposicio_endarrerida,1221.2,mitja,Client promiscu de Anestesia (Share 12m: 64%). El seu cicle de compra és de 78 dies. Porta 87 dies sense comprar (9 dies de coll). 
1000076681,Sevilla,Bioseguridad,perdut,0.0,523,,1667.34,,False,,,,
1000076685,Baleares,Anestesia,marginal,0.0,1337,,2223.12,,False,,,,
1000076689,Madrid,Bioseguridad,perdut,0.0,525,,1667.34,,False,,,,
1000076691,Barcelona,Anestesia,perdut,0.399,201,,2223.12,,False,,,,
1000076691,Barcelona,Bioseguridad,marginal,0.0,1475,,1086.44,,False,,,,
1000076700,Valencia,Bioseguridad,promiscu,0.732,34,197.2,1086.44,-1.46,False,,,,
1000076701,Pontevedra,Bioseguridad,perdut,0.366,283,,1086.44,,False,,,,
1000076715,Segovia,Bioseguridad,marginal,0.0,907,,1086.44,,False,,,,
1000076739,Jaén,Bioseguridad,marginal,0.0,1719,,1086.44,,False,,,,
1000076744,Valencia,Anestesia,fidel,0.779,87,159.2,3410.04,-1.21,False,,,,
1000076744,Valencia,Bioseguridad,perdut,0.486,171,,1667.34,,False,,,,
1000076746,Murcia,Anestesia,fidel,0.831,28,110.0,1802.36,-0.67,False,,,,
1000076747,Almería,Anestesia,perdut,0.31,271,,2223.12,,False,,,,
1000076747,Almería,Bioseguridad,perdut,1.404,187,,1086.44,,False,,,,
1000076761,Barcelona,Anestesia,promiscu,0.7,54,207.2,3410.04,-2.86,False,,,,
1000076767,Sevilla,Anestesia,fidel,1.195,42,431.5,2223.12,-1.03,False,,,,
1000076767,Sevilla,Bioseguridad,perdut,0.366,250,,1086.44,,False,,,,
1000076769,Valladolid,Anestesia,perdut,0.29,312,,2223.12,,False,,,,
1000076769,Valladolid,Bioseguridad,perdut,0.406,276,,1086.44,,False,,,,
1000076773,Granada,Anestesia,marginal,0.161,28,,1802.36,,False,,,,
1000076778,Zaragoza,Anestesia,promiscu,0.699,83,203.0,3410.04,-3.76,False,,,,
1000076778,Zaragoza,Bioseguridad,perdut,0.0,1523,,1667.34,,False,,,,
1000076786,Girona,Anestesia,fidel,1.189,42,263.2,2223.12,-1.46,False,,,,
1000076790,Asturias,Anestesia,perdut,0.0,462,,1802.36,,False,,,,
1000076807,Valladolid,Anestesia,perdut,0.337,248,,3410.04,,False,,,,
1000076807,Valladolid,Bioseguridad,perdut,0.525,248,,1667.34,,False,,,,
1000076814,Barcelona,Anestesia,marginal,0.0,1781,,2223.12,,False,,,,
1000076821,Madrid,Anestesia,perdut,0.266,117,,2223.12,,False,,,,
1000076821,Madrid,Bioseguridad,promiscu,0.597,39,304.3,1086.44,-4.59,False,,,,
1000076824,Sevilla,Anestesia,perdut,0.0,389,,3410.04,,False,,,,
1000076824,Sevilla,Bioseguridad,perdut,0.0,1306,,1667.34,,False,,,,
1000076894,Jaén,Bioseguridad,perdut,0.0,1137,,1086.44,,False,,,,
1000076903,Jaén,Anestesia,fidel,1.876,53,57.9,3410.04,-0.15,False,,,,
1000076908,Baleares,Bioseguridad,marginal,0.0,1742,,1.0,,False,,,,
1000076910,Vizcaya,Anestesia,en_risc,1.577,87,221.3,4546.72,-0.92,True,caiguda_share,0.0,mitja,"Client en_risc de Anestesia (Share 12m: 158%). El seu cicle de compra és de 221 dies. Porta 87 dies sense comprar (-134 dies de coll). Tenia share alt, però en els últims 3 mesos ha caigut substancialment."
1000076912,Barcelona,Anestesia,perdut,0.52,234,,2223.12,,False,,,,
1000076917,Pontevedra,Anestesia,promiscu,0.657,33,170.0,2223.12,-0.95,False,,,,
1000076917,Pontevedra,Bioseguridad,perdut,0.447,248,,1086.44,,False,,,,
1000076919,Barcelona,Anestesia,fidel,1.297,69,100.1,2223.12,-0.6,False,,,,
1000076921,Madrid,Anestesia,perdut,0.393,179,,2223.12,,False,,,,
1000076926,Valencia,Bioseguridad,perdut,0.0,938,,1086.44,,False,,,,
1000076935,Sta.Cruz Tenerife,Anestesia,perdut,0.198,207,,2223.12,,False,,,,
1000076950,Burgos,Anestesia,perdut,0.431,172,,2223.12,,False,,,,
1000076950,Burgos,Bioseguridad,en_risc,0.373,263,,1086.44,,False,,,,
1000076997,Las Palmas,Anestesia,fidel,1.547,47,90.4,3410.04,-1.11,False,,,,
1000077000,León,Anestesia,perdut,0.676,187,,2223.12,,False,,,,
1000077000,León,Bioseguridad,marginal,0.0,467,,1086.44,,False,,,,
1000077009,Sevilla,Anestesia,perdut,0.0,1481,,3410.04,,False,,,,
1000077018,Murcia,Anestesia,perdut,0.662,115,,2223.12,,False,,,,
1000077018,Murcia,Bioseguridad,fidel,1.291,47,150.9,1086.44,-1.82,False,,,,
1000077031,Málaga,Anestesia,fidel,1.557,7,58.4,2223.12,-2.41,False,,,,
1000077036,Madrid,Anestesia,perdut,0.258,168,,2223.12,,False,,,,
1000077058,Alicante,Anestesia,perdut,0.313,262,,3410.04,,False,,,,
1000077064,Málaga,Anestesia,marginal,0.0,727,,2223.12,,False,,,,
1000077064,Málaga,Bioseguridad,promiscu,0.366,55,252.2,1086.44,-0.68,False,,,,
1000077065,Sta.Cruz Tenerife,Anestesia,perdut,0.0,1340,,2223.12,,False,,,,
1000077080,A Coruña,Anestesia,perdut,0.106,164,,2223.12,,False,,,,
1000077080,A Coruña,Bioseguridad,marginal,0.0,1370,,1086.44,,False,,,,
1000077081,Murcia,Anestesia,perdut,1.1,118,,2223.12,,False,,,,
1000077081,Murcia,Bioseguridad,perdut,0.261,332,,1086.44,,False,,,,
1000077082,Málaga,Anestesia,en_risc,0.39,279,,3410.04,,False,,,,
1000077085,Barcelona,Anestesia,perdut,0.266,235,,2223.12,,False,,,,
1000077085,Barcelona,Bioseguridad,marginal,0.0,1718,,1086.44,,False,,,,
1000077090,Madrid,Anestesia,perdut,0.258,320,,2223.12,,False,,,,
1000077094,Valencia,Anestesia,perdut,0.0,1707,,3410.04,,False,,,,
1000077101,Madrid,Anestesia,perdut,0.0,1258,,1802.36,,False,,,,
1000077107,Barcelona,Anestesia,en_risc,0.974,56,143.5,2223.12,-1.58,True,caiguda_share,57.28,mitja,"Client en_risc de Anestesia (Share 12m: 97%). El seu cicle de compra és de 144 dies. Porta 56 dies sense comprar (-88 dies de coll). Tenia share alt, però en els últims 3 mesos ha caigut substancialment."
1000077109,Granada,Anestesia,perdut,0.0,1014,,2223.12,,False,,,,
1000077122,Toledo,Anestesia,perdut,0.0,1609,,1802.36,,False,,,,
1000077124,Las Palmas,Anestesia,fidel,1.021,27,76.9,3410.04,-1.48,False,,,,
1000077129,Almería,Anestesia,promiscu,0.706,88,243.1,1802.36,-1.52,False,,,,
1000077135,Madrid,Anestesia,perdut,1.58,189,,2223.12,,False,,,,
1000077135,Madrid,Bioseguridad,perdut,0.0,432,,1086.44,,False,,,,
1000077152,Zaragoza,Anestesia,fidel,1.224,60,106.9,3410.04,-0.85,False,,,,
1000077167,Barcelona,Anestesia,promiscu,0.332,53,212.6,2223.12,-1.26,False,,,,
1000077173,Barcelona,Anestesia,fidel,0.789,82,113.9,2223.12,-1.53,False,,,,
1000077196,A Coruña,Anestesia,perdut,0.245,228,,2223.12,,False,,,,
1000077215,Valencia,Anestesia,perdut,0.283,314,,3410.04,,False,,,,
1000077222,Barcelona,Anestesia,fidel,1.32,26,63.6,3410.04,-0.98,False,,,,
1000077222,Barcelona,Bioseguridad,fidel,3.374,26,48.1,1667.34,-0.7,False,,,,
1000077228,Alicante,Anestesia,marginal,0.0,1159,,1802.36,,False,,,,
1000077231,Jaén,Anestesia,perdut,0.0,571,,2223.12,,False,,,,
1000077231,Jaén,Bioseguridad,perdut,0.0,1327,,1086.44,,False,,,,
1000077233,Madrid,Anestesia,perdut,0.0,425,,1802.36,,False,,,,
1000077233,Madrid,Bioseguridad,perdut,0.0,1280,,879.2,,False,,,,
1000077246,Sta.Cruz Tenerife,Bioseguridad,perdut,0.333,133,,1086.44,,False,,,,
1000077259,Sevilla,Anestesia,perdut,0.516,115,,3410.04,,False,,,,
1000077259,Sevilla,Bioseguridad,fidel,2.276,56,35.8,1667.34,1.32,False,,,,
1000077269,Las Palmas,Anestesia,promiscu,0.398,77,97.2,2223.12,-0.33,False,,,,
1000077287,Sevilla,Anestesia,perdut,0.359,208,,2223.12,,False,,,,
1000077299,Cádiz,Anestesia,perdut,0.264,319,,3410.04,,False,,,,
1000077327,Salamanca,Bioseguridad,perdut,0.0,584,,1667.34,,False,,,,
1000077358,Barcelona,Anestesia,fidel,1.791,0,207.8,2223.12,-0.84,False,,,,
1000077359,Madrid,Anestesia,perdut,0.177,322,,3410.04,,False,,,,
1000077359,Madrid,Bioseguridad,perdut,0.0,990,,1667.34,,False,,,,
1000077362,Madrid,Anestesia,perdut,0.245,189,,2223.12,,False,,,,
1000077389,Vizcaya,Anestesia,fidel,1.455,38,167.3,2223.12,-1.55,False,,,,
1000077389,Vizcaya,Bioseguridad,marginal,0.0,1774,,1086.44,,False,,,,
1000077397,Granada,Anestesia,perdut,0.0,432,,1802.36,,False,,,,
1000077398,Asturias,Anestesia,perdut,0.258,210,,2223.12,,False,,,,
1000077399,Asturias,Anestesia,fidel,1.709,19,518.3,2223.12,-1.07,False,,,,
1000077426,Castellón,Anestesia,fidel,1.458,24,43.6,2223.12,-0.76,False,,,,
1000077426,Castellón,Bioseguridad,fidel,2.938,38,49.1,1086.44,-0.42,False,,,,
1000077427,Barcelona,Anestesia,perdut,0.503,126,,2223.12,,False,,,,
1000077429,Burgos,Anestesia,fidel,1.024,26,73.5,3410.04,-1.61,False,,,,
1000077436,Barcelona,Anestesia,marginal,0.25,70,,2223.12,,False,,,,
1000077444,Valencia,Anestesia,perdut,0.0,544,,4546.72,,False,,,,
1000077452,Murcia,Anestesia,promiscu,0.28,13,592.0,2223.12,-1.78,False,,,,
1000077452,Murcia,Bioseguridad,perdut,0.0,683,,1086.44,,False,,,,
1000077453,Huelva,Anestesia,perdut,0.371,146,,2223.12,,False,,,,
1000077453,Huelva,Bioseguridad,perdut,0.373,146,,1086.44,,False,,,,
1000077454,Sevilla,Anestesia,perdut,0.0,1124,,2223.12,,False,,,,
1000077455,A Coruña,Anestesia,fidel,1.064,26,222.7,2223.12,-4.11,False,,,,
1000077455,A Coruña,Bioseguridad,en_risc,2.561,26,71.9,1086.44,-1.87,True,caiguda_share,0.0,mitja,"Client en_risc de Bioseguridad (Share 12m: 256%). El seu cicle de compra és de 72 dies. Porta 26 dies sense comprar (-46 dies de coll). Tenia share alt, però en els últims 3 mesos ha caigut substancialment."
1000077462,Las Palmas,Anestesia,perdut,1.178,101,,2223.12,,False,,,,
1000077462,Las Palmas,Bioseguridad,fidel,2.195,20,190.9,1086.44,-1.47,False,,,,
1000077470,Madrid,Anestesia,perdut,0.259,199,,2223.12,,False,,,,
1000077470,Madrid,Bioseguridad,perdut,0.0,1398,,1086.44,,False,,,,
1000077486,Las Palmas,Bioseguridad,nou,0.146,59,,1086.44,,False,,,,
1000077490,Madrid,Anestesia,perdut,0.646,186,,1802.36,,False,,,,
1000077491,A Coruña,Anestesia,perdut,0.0,453,,1802.36,,False,,,,
1000077509,Madrid,Anestesia,fidel,0.823,19,40.2,3410.04,-0.83,False,,,,
1000077509,Madrid,Bioseguridad,promiscu,0.364,90,52.0,1667.34,1.49,True,reposicio_endarrerida,1059.75,mitja,Client promiscu de Bioseguridad (Share 12m: 36%). El seu cicle de compra és de 52 dies. Porta 90 dies sense comprar (38 dies de coll). 
1000077513,Zaragoza,Anestesia,fidel,0.779,89,170.8,2223.12,-1.0,False,,,,
1000077513,Zaragoza,Bioseguridad,perdut,0.0,579,,1086.44,,False,,,,
1000077523,Lugo,Anestesia,marginal,0.0,1417,,2223.12,,False,,,,
1000077525,Palencia,Anestesia,perdut,0.0,1158,,2223.12,,False,,,,
1000077525,Palencia,Bioseguridad,perdut,0.201,172,,1086.44,,False,,,,
1000077528,Granada,Anestesia,fidel,1.776,40,136.4,2223.12,-1.02,False,,,,
1000077528,Granada,Bioseguridad,fidel,4.263,40,93.3,1086.44,-0.95,False,,,,
1000077538,Sta.Cruz Tenerife,Anestesia,fidel,1.226,38,118.5,2223.12,-1.41,False,,,,
1000077538,Sta.Cruz Tenerife,Bioseguridad,perdut,0.522,304,,1086.44,,False,,,,
1000077542,Palencia,Bioseguridad,fidel,2.817,6,137.8,1086.44,-2.24,False,,,,
1000077547,Madrid,Anestesia,marginal,0.0,1501,,4546.72,,False,,,,
1000077557,Alicante,Anestesia,perdut,0.122,185,,1802.36,,False,,,,
1000077559,Orense,Anestesia,perdut,0.0,1348,,2223.12,,False,,,,
1000077565,Jaén,Anestesia,perdut,0.797,292,,2223.12,,False,,,,
1000077576,Alicante,Anestesia,promiscu,0.705,39,196.0,3410.04,-3.46,False,,,,
1000077587,Barcelona,Anestesia,marginal,0.228,88,,1802.36,,False,,,,
1000077606,Sevilla,Anestesia,perdut,0.0,1629,,3410.04,,False,,,,
1000077611,Sevilla,Anestesia,perdut,0.0,1552,,2223.12,,False,,,,
1000077611,Sevilla,Bioseguridad,perdut,0.0,1552,,1086.44,,False,,,,
1000077612,Madrid,Anestesia,promiscu,0.531,66,151.8,2223.12,-1.58,False,,,,
1000077638,A Coruña,Anestesia,perdut,0.0,433,,2223.12,,False,,,,
1000077678,Pontevedra,Anestesia,perdut,0.384,207,,2223.12,,False,,,,
1000077678,Pontevedra,Bioseguridad,perdut,0.597,207,,1086.44,,False,,,,
1000077685,Madrid,Anestesia,fidel,0.789,82,119.9,2223.12,-0.86,False,,,,
1000077695,Sevilla,Anestesia,promiscu,0.295,87,247.1,3410.04,-2.4,False,,,,
1000077706,Valencia,Anestesia,promiscu,0.74,26,191.8,3410.04,-1.57,False,,,,
1000077706,Valencia,Bioseguridad,fidel,1.173,26,219.0,1667.34,-1.36,False,,,,
1000077707,Asturias,Bioseguridad,perdut,0.0,448,,1667.34,,False,,,,
1000077708,Zaragoza,Anestesia,promiscu,0.655,13,99.8,3410.04,-1.77,False,,,,
1000077708,Zaragoza,Bioseguridad,perdut,0.384,101,,1667.34,,False,,,,
1000077709,Sevilla,Anestesia,perdut,0.0,375,,2223.12,,False,,,,
1000077720,Navarra,Anestesia,perdut,0.753,123,,2223.12,,False,,,,
1000077720,Navarra,Bioseguridad,promiscu,0.671,17,297.5,1086.44,-0.82,False,,,,
1000077721,Asturias,Anestesia,perdut,0.0,1301,,2223.12,,False,,,,
1000077727,Valencia,Bioseguridad,marginal,0.121,300,,1667.34,,False,,,,
1000077738,Valencia,Anestesia,perdut,0.35,101,,3410.04,,False,,,,
1000077743,Jaén,Anestesia,perdut,0.645,94,,1802.36,,False,,,,
1000077777,Sevilla,Anestesia,perdut,0.0,780,,3410.04,,False,,,,
1000077779,Jaén,Bioseguridad,perdut,0.477,131,,1667.34,,False,,,,
1000077781,Toledo,Anestesia,fidel,3.228,6,80.4,2223.12,-2.65,False,,,,
1000077781,Toledo,Bioseguridad,fidel,5.537,68,71.1,1086.44,-0.08,False,,,,
1000077782,Badajoz,Anestesia,en_risc,1.594,28,60.6,2223.12,-0.8,True,caiguda_share,0.0,mitja,"Client en_risc de Anestesia (Share 12m: 159%). El seu cicle de compra és de 61 dies. Porta 28 dies sense comprar (-33 dies de coll). Tenia share alt, però en els últims 3 mesos ha caigut substancialment."
1000077782,Badajoz,Bioseguridad,perdut,0.0,419,,1086.44,,False,,,,
1000077786,A Coruña,Bioseguridad,perdut,0.0,847,,1667.34,,False,,,,
1000077789,Madrid,Anestesia,perdut,0.0,445,,1802.36,,False,,,,
1000077789,Madrid,Bioseguridad,perdut,0.452,294,,879.2,,False,,,,
1000077796,Huelva,Anestesia,fidel,0.877,28,212.5,2223.12,-6.63,False,,,,
1000077804,Valencia,Anestesia,marginal,0.0,1613,,1802.36,,False,,,,
1000077805,Barcelona,Anestesia,perdut,0.598,185,,2223.12,,False,,,,
1000077805,Barcelona,Bioseguridad,perdut,0.512,185,,1086.44,,False,,,,
1000077813,Alicante,Anestesia,marginal,0.0,1434,,3410.04,,False,,,,
1000077814,Madrid,Anestesia,marginal,0.103,34,,1802.36,,False,,,,
1000077814,Madrid,Bioseguridad,perdut,0.0,796,,879.2,,False,,,,
1000077817,Las Palmas,Anestesia,perdut,0.0,1059,,2223.12,,False,,,,
1000077820,Málaga,Anestesia,fidel,0.798,83,95.9,2223.12,-0.14,False,,,,
1000077820,Málaga,Bioseguridad,perdut,0.0,1278,,1086.44,,False,,,,
1000077826,Valencia,Anestesia,perdut,1.1,161,,2223.12,,False,,,,
1000077829,Almería,Bioseguridad,en_risc,0.445,238,,1086.44,,False,,,,
1000077835,Sevilla,Anestesia,promiscu,0.424,89,292.4,2223.12,-1.39,False,,,,
1000077835,Sevilla,Bioseguridad,perdut,0.0,690,,1086.44,,False,,,,
1000077854,Valencia,Anestesia,perdut,0.26,329,,2223.12,,False,,,,
1000077857,Alicante,Anestesia,perdut,0.183,182,,3410.04,,False,,,,
1000077867,Albacete,Anestesia,promiscu,0.55,75,193.2,2223.12,-1.13,False,,,,
1000077867,Albacete,Bioseguridad,perdut,0.146,325,,1086.44,,False,,,,
1000077876,Sta.Cruz Tenerife,Anestesia,perdut,0.791,103,,2223.12,,False,,,,
1000077876,Sta.Cruz Tenerife,Bioseguridad,marginal,0.0,1502,,1086.44,,False,,,,
1000077880,Barcelona,Anestesia,fidel,1.388,28,65.3,3410.04,-1.46,False,,,,
1000077884,Cuenca,Anestesia,en_risc,0.91,53,102.6,2223.12,-0.92,True,caiguda_share,200.42,mitja,"Client en_risc de Anestesia (Share 12m: 91%). El seu cicle de compra és de 103 dies. Porta 53 dies sense comprar (-50 dies de coll). Tenia share alt, però en els últims 3 mesos ha caigut substancialment."
1000077887,Murcia,Anestesia,promiscu,0.556,12,208.1,1802.36,-1.2,False,,,,
1000077887,Murcia,Bioseguridad,perdut,0.452,347,,879.2,,False,,,,
1000077888,Sta.Cruz Tenerife,Anestesia,perdut,0.403,152,,2223.12,,False,,,,
1000077895,Pontevedra,Anestesia,perdut,0.0,825,,1802.36,,False,,,,
1000077896,Pontevedra,Anestesia,perdut,0.0,1642,,2223.12,,False,,,,
1000077908,Sta.Cruz Tenerife,Anestesia,marginal,0.238,19,,2223.12,,False,,,,
1000077932,Guadalajara,Anestesia,perdut,0.0,552,,2223.12,,False,,,,
1000077938,Murcia,Anestesia,perdut,0.0,1516,,2223.12,,False,,,,
1000077938,Murcia,Bioseguridad,promiscu,0.732,48,123.0,1086.44,-1.26,False,,,,
1000077939,Barcelona,Anestesia,promiscu,0.47,26,204.5,2223.12,-3.12,False,,,,
1000077944,Jaén,Anestesia,perdut,0.447,118,,2223.12,,False,,,,
1000077955,Huelva,Anestesia,perdut,0.0,1501,,1802.36,,False,,,,
1000077960,Barcelona,Anestesia,perdut,0.366,151,,1802.36,,False,,,,
1000077966,Valencia,Anestesia,perdut,0.798,103,,2223.12,,False,,,,
1000077966,Valencia,Bioseguridad,perdut,0.559,103,,1086.44,,False,,,,
1000077976,Cantabria,Anestesia,perdut,0.0,683,,2223.12,,False,,,,
1000077977,Segovia,Anestesia,promiscu,0.52,47,328.7,3410.04,-2.12,False,,,,
1000077993,Almería,Anestesia,perdut,0.983,298,,1802.36,,False,,,,
1000077995,Madrid,Anestesia,perdut,0.0,1445,,1802.36,,False,,,,
1000077996,A Coruña,Anestesia,perdut,0.496,223,,3410.04,,False,,,,
1000078003,León,Anestesia,perdut,0.333,173,,2223.12,,False,,,,
1000078005,Valencia,Anestesia,perdut,0.374,180,,3410.04,,False,,,,
1000078007,Valencia,Anestesia,perdut,0.0,843,,2223.12,,False,,,,
1000078007,Valencia,Bioseguridad,perdut,0.366,207,,1086.44,,False,,,,
1000078013,Valencia,Anestesia,perdut,0.0,587,,3410.04,,False,,,,
1000078013,Valencia,Bioseguridad,perdut,0.0,650,,1667.34,,False,,,,
1000078021,Valencia,Anestesia,en_risc,2.099,19,95.8,3410.04,-2.84,True,caiguda_share,0.0,mitja,"Client en_risc de Anestesia (Share 12m: 210%). El seu cicle de compra és de 96 dies. Porta 19 dies sense comprar (-77 dies de coll). Tenia share alt, però en els últims 3 mesos ha caigut substancialment."
1000078021,Valencia,Bioseguridad,en_risc,2.173,19,91.8,1667.34,-1.42,True,caiguda_share,0.0,mitja,"Client en_risc de Bioseguridad (Share 12m: 217%). El seu cicle de compra és de 92 dies. Porta 19 dies sense comprar (-73 dies de coll). Tenia share alt, però en els últims 3 mesos ha caigut substancialment."
1000078025,Barcelona,Anestesia,perdut,0.351,172,,2223.12,,False,,,,
1000078028,Sta.Cruz Tenerife,Anestesia,perdut,0.126,250,,2223.12,,False,,,,
1000078034,Madrid,Anestesia,perdut,0.0,1663,,2223.12,,False,,,,
1000078040,Barcelona,Anestesia,perdut,0.266,116,,2223.12,,False,,,,
1000078043,Madrid,Anestesia,perdut,1.02,105,,2223.12,,False,,,,
1000078064,Tarragona,Anestesia,promiscu,0.511,90,190.6,2223.12,-1.2,False,,,,
1000078083,Almería,Anestesia,perdut,0.082,346,,2223.12,,False,,,,
1000078083,Almería,Bioseguridad,fidel,1.592,24,94.7,1086.44,-2.8,False,,,,
1000078086,Valencia,Anestesia,fidel,0.882,14,230.5,2223.12,-0.86,False,,,,
1000078086,Valencia,Bioseguridad,marginal,0.0,475,,1086.44,,False,,,,
1000078098,Valencia,Anestesia,marginal,0.157,28,,2223.12,,False,,,,
1000078098,Valencia,Bioseguridad,en_risc,0.36,28,,1086.44,,False,,,,
1000078099,Murcia,Anestesia,marginal,0.0,1414,,2223.12,,False,,,,
1000078110,Madrid,Anestesia,perdut,0.498,290,,2223.12,,False,,,,
1000078114,Lugo,Bioseguridad,perdut,0.0,759,,1667.34,,False,,,,
1000078121,Madrid,Anestesia,perdut,0.242,217,,3410.04,,False,,,,
1000078121,Madrid,Bioseguridad,fidel,1.563,52,115.0,1667.34,-1.37,False,,,,
1000078140,Valencia,Anestesia,perdut,0.237,333,,3410.04,,False,,,,
1000078140,Valencia,Bioseguridad,perdut,0.486,333,,1667.34,,False,,,,
1000078144,A Coruña,Anestesia,perdut,0.0,493,,1802.36,,False,,,,
1000078158,Huelva,Anestesia,perdut,0.598,108,,2223.12,,False,,,,
1000078159,Huelva,Anestesia,perdut,0.341,221,,9093.44,,False,,,,
1000078163,Valladolid,Anestesia,perdut,0.531,129,,2223.12,,False,,,,
1000078163,Valladolid,Bioseguridad,fidel,1.558,27,181.3,1086.44,-1.17,False,,,,
1000078169,A Coruña,Anestesia,perdut,0.258,325,,2223.12,,False,,,,
1000078170,Jaén,Bioseguridad,perdut,0.0,622,,1667.34,,False,,,,
1000078175,Barcelona,Anestesia,perdut,0.0,567,,1802.36,,False,,,,
1000078182,Alicante,Anestesia,promiscu,0.39,52,315.4,3410.04,-1.68,False,,,,
1000078182,Alicante,Bioseguridad,promiscu,0.326,52,323.8,1667.34,-0.82,False,,,,
1000078185,Zamora,Anestesia,promiscu,0.609,27,418.5,2223.12,-7.85,False,,,,
1000078192,Sta.Cruz Tenerife,Anestesia,fidel,1.158,56,158.4,3410.04,-1.19,False,,,,
1000078194,Madrid,Anestesia,marginal,0.049,28,,2223.12,,False,,,,
1000078194,Madrid,Bioseguridad,nou,0.366,25,,1086.44,,False,,,,
1000078203,Madrid,Anestesia,perdut,0.524,118,,2223.12,,False,,,,
1000078214,Madrid,Anestesia,nou,0.17,28,,2223.12,,False,,,,
1000078227,Cádiz,Anestesia,marginal,0.0,1132,,3410.04,,False,,,,
1000078233,Madrid,Anestesia,promiscu,0.531,46,95.1,2223.12,-0.96,False,,,,
1000078233,Madrid,Bioseguridad,marginal,0.0,1571,,1086.44,,False,,,,
1000078247,A Coruña,Anestesia,marginal,0.081,11,,4546.72,,False,,,,
1000078251,Sevilla,Anestesia,perdut,0.205,250,,2223.12,,False,,,,
1000078252,Madrid,Anestesia,promiscu,0.701,87,130.8,3410.04,-0.79,False,,,,
1000078257,Zaragoza,Anestesia,en_risc,1.55,26,44.8,2223.12,-0.39,True,caiguda_share,0.0,mitja,"Client en_risc de Anestesia (Share 12m: 155%). El seu cicle de compra és de 45 dies. Porta 26 dies sense comprar (-19 dies de coll). Tenia share alt, però en els últims 3 mesos ha caigut substancialment."
1000078260,Valencia,Anestesia,marginal,0.0,1558,,2223.12,,False,,,,
1000078261,Cáceres,Anestesia,fidel,1.953,14,107.6,2223.12,-4.56,False,,,,
1000078272,Valencia,Anestesia,fidel,1.712,24,122.1,3410.04,-1.12,False,,,,
1000078280,Asturias,Anestesia,perdut,0.451,95,,1802.36,,False,,,,
1000078284,Girona,Anestesia,perdut,0.0,409,,2223.12,,False,,,,
1000078287,Lleida,Anestesia,fidel,1.358,5,100.5,1802.36,-2.47,False,,,,
1000078288,León,Bioseguridad,fidel,1.295,74,123.6,1086.44,-0.36,False,,,,
1000078290,Barcelona,Anestesia,fidel,0.786,32,365.5,1802.36,-1.34,False,,,,
1000078297,A Coruña,Anestesia,marginal,0.105,33,,6820.08,,False,,,,
1000078299,Barcelona,Anestesia,promiscu,0.311,45,73.3,6820.08,-0.22,False,,,,
1000078303,Cantabria,Anestesia,fidel,1.29,67,170.0,2223.12,-1.12,False,,,,
1000078303,Cantabria,Bioseguridad,marginal,0.183,322,,1086.44,,False,,,,
1000078305,Salamanca,Anestesia,promiscu,0.628,47,222.9,3410.04,-0.89,False,,,,
1000078305,Salamanca,Bioseguridad,perdut,0.0,1102,,1667.34,,False,,,,
1000078307,Salamanca,Anestesia,perdut,0.608,237,,2223.12,,False,,,,
1000078311,Pontevedra,Anestesia,perdut,0.0,591,,2223.12,,False,,,,
1000078311,Pontevedra,Bioseguridad,perdut,0.0,573,,1086.44,,False,,,,
1000078323,A Coruña,Anestesia,marginal,0.0,1329,,2223.12,,False,,,,
1000078324,Albacete,Anestesia,perdut,0.0,462,,2223.12,,False,,,,
1000078324,Albacete,Bioseguridad,perdut,0.0,1526,,1086.44,,False,,,,
1000078333,Almería,Anestesia,marginal,0.063,172,,2223.12,,False,,,,
1000078339,Cuenca,Bioseguridad,fidel,1.484,42,115.1,1086.44,-0.95,False,,,,
1000078347,Madrid,Anestesia,perdut,0.69,179,,2223.12,,False,,,,
1000078351,Granada,Anestesia,perdut,0.599,96,,2223.12,,False,,,,
1000078355,Barcelona,Anestesia,perdut,0.598,180,,2223.12,,False,,,,
1000078355,Barcelona,Bioseguridad,marginal,0.0,1372,,1086.44,,False,,,,
1000078356,Málaga,Anestesia,perdut,0.0,1812,,1802.36,,False,,,,
1000078358,Madrid,Anestesia,perdut,0.0,1728,,1802.36,,False,,,,
1000078364,Navarra,Anestesia,fidel,1.008,19,68.6,3410.04,-1.71,False,,,,
1000078364,Navarra,Bioseguridad,perdut,0.389,203,,1667.34,,False,,,,
1000078369,Madrid,Anestesia,fidel,0.807,25,246.0,1802.36,-1.08,False,,,,
1000078372,Madrid,Anestesia,perdut,0.0,650,,1802.36,,False,,,,
1000078381,Burgos,Anestesia,promiscu,0.401,67,312.8,2223.12,-1.22,False,,,,
1000078382,Tarragona,Anestesia,perdut,0.0,531,,2223.12,,False,,,,
1000078385,Madrid,Anestesia,promiscu,0.345,54,195.7,3410.04,-1.96,False,,,,
1000078385,Madrid,Bioseguridad,en_risc,1.444,54,107.1,1667.34,-0.83,True,caiguda_share,0.0,mitja,"Client en_risc de Bioseguridad (Share 12m: 144%). El seu cicle de compra és de 107 dies. Porta 54 dies sense comprar (-53 dies de coll). Tenia share alt, però en els últims 3 mesos ha caigut substancialment."
1000078392,Vizcaya,Anestesia,perdut,0.453,215,,2223.12,,False,,,,
1000078392,Vizcaya,Bioseguridad,perdut,0.0,1503,,1086.44,,False,,,,
1000078400,Cáceres,Anestesia,perdut,0.564,119,,3410.04,,False,,,,
1000078406,Madrid,Anestesia,fidel,0.789,74,120.6,2223.12,-1.31,False,,,,
1000078406,Madrid,Bioseguridad,perdut,0.732,179,,1086.44,,False,,,,
1000078409,Asturias,Anestesia,promiscu,0.521,83,93.6,2223.12,-0.2,False,,,,
1000078411,Huelva,Anestesia,en_risc,0.378,54,64.3,2223.12,-0.34,True,caiguda_share,1381.76,mitja,"Client en_risc de Anestesia (Share 12m: 38%). El seu cicle de compra és de 64 dies. Porta 54 dies sense comprar (-10 dies de coll). Tenia share alt, però en els últims 3 mesos ha caigut substancialment."
1000078414,Murcia,Anestesia,perdut,0.0,1411,,2223.12,,False,,,,
1000078422,Barcelona,Anestesia,marginal,0.197,84,,3410.04,,False,,,,
1000078422,Barcelona,Bioseguridad,marginal,0.243,84,,1667.34,,False,,,,
1000078423,Valencia,Anestesia,marginal,0.173,165,,3410.04,,False,,,,
1000078424,Madrid,Anestesia,perdut,0.319,286,,2223.12,,False,,,,
1000078424,Madrid,Bioseguridad,perdut,0.366,286,,1086.44,,False,,,,
1000078427,Barcelona,Anestesia,perdut,0.407,98,,1802.36,,False,,,,
1000078429,Valladolid,Anestesia,fidel,2.221,28,72.6,2223.12,-3.13,False,,,,
1000078433,Barcelona,Anestesia,perdut,0.0,1524,,1.0,,False,,,,
1000078434,Burgos,Anestesia,perdut,0.498,133,,2223.12,,False,,,,
1000078434,Burgos,Bioseguridad,perdut,0.0,1195,,1086.44,,False,,,,
1000078435,,Anestesia,perdut,0.0,843,,3410.04,,False,,,,
1000078436,Jaén,Anestesia,perdut,0.737,285,,1802.36,,False,,,,
1000078436,Jaén,Bioseguridad,fidel,1.034,19,338.6,879.2,-1.33,False,,,,
1000078439,Sta.Cruz Tenerife,Anestesia,fidel,0.911,20,150.9,1802.36,-2.11,False,,,,
1000078440,Valencia,Bioseguridad,fidel,5.558,68,77.6,1086.44,-0.21,False,,,,
1000078443,Madrid,Anestesia,promiscu,0.596,75,115.3,5683.4,-0.6,False,,,,
1000078443,Madrid,Bioseguridad,fidel,3.047,17,51.1,2778.9,-1.77,False,,,,
1000078444,Girona,Anestesia,perdut,0.0,1414,,2223.12,,False,,,,
1000078455,Albacete,Anestesia,perdut,0.0,416,,2223.12,,False,,,,
1000078462,Barcelona,Anestesia,marginal,0.0,1719,,3410.04,,False,,,,
1000078463,Madrid,Anestesia,marginal,0.242,60,,2223.12,,False,,,,
1000078463,Madrid,Bioseguridad,promiscu,0.447,60,,1086.44,,False,,,,
1000078465,Zaragoza,Bioseguridad,marginal,0.0,1767,,1667.34,,False,,,,
1000078468,Toledo,Anestesia,perdut,0.142,116,,2223.12,,False,,,,
1000078468,Toledo,Bioseguridad,fidel,2.796,27,58.5,1086.44,-1.48,False,,,,
1000078469,Zamora,Anestesia,perdut,0.52,96,,3410.04,,False,,,,
1000078475,Sta.Cruz Tenerife,Anestesia,perdut,0.198,206,,2223.12,,False,,,,
1000078475,Sta.Cruz Tenerife,Bioseguridad,marginal,0.0,462,,1086.44,,False,,,,
1000078480,Ciudad Real,Anestesia,perdut,0.0,437,,2223.12,,False,,,,
1000078484,A Coruña,Anestesia,marginal,0.039,89,,3410.04,,False,,,,
1000078484,A Coruña,Bioseguridad,promiscu,0.645,27,223.0,1667.34,-2.54,False,,,,
1000078487,Barcelona,Anestesia,perdut,0.0,1075,,1802.36,,False,,,,
1000078493,Badajoz,Anestesia,perdut,0.943,108,,2223.12,,False,,,,
1000078498,Melilla,Anestesia,perdut,1.195,125,,2223.12,,False,,,,
1000078498,Melilla,Bioseguridad,marginal,0.186,193,,1086.44,,False,,,,
1000078502,A Coruña,Anestesia,promiscu,0.39,59,218.8,3410.04,-0.88,False,,,,
1000078520,Huesca,Anestesia,perdut,1.367,101,,2223.12,,False,,,,
1000078520,Huesca,Bioseguridad,perdut,0.878,101,,1086.44,,False,,,,
1000078521,Murcia,Anestesia,fidel,1.463,14,64.2,2223.12,-1.96,False,,,,
1000078521,Murcia,Bioseguridad,fidel,1.301,67,124.0,1086.44,-0.8,False,,,,
1000078522,León,Anestesia,perdut,0.0,1208,,3410.04,,False,,,,
1000078522,León,Bioseguridad,marginal,0.0,1281,,1667.34,,False,,,,
1000078523,León,Anestesia,perdut,1.063,103,,2223.12,,False,,,,
1000078533,Cáceres,Anestesia,en_risc,1.089,89,335.6,2223.12,-1.06,True,caiguda_share,0.0,mitja,"Client en_risc de Anestesia (Share 12m: 109%). El seu cicle de compra és de 336 dies. Porta 89 dies sense comprar (-247 dies de coll). Tenia share alt, però en els últims 3 mesos ha caigut substancialment."
1000078533,Cáceres,Bioseguridad,promiscu,0.447,35,,1086.44,,False,,,,
1000078535,Barcelona,Anestesia,fidel,1.111,25,164.6,2223.12,-2.55,False,,,,
1000078535,Barcelona,Bioseguridad,perdut,0.0,916,,1086.44,,False,,,,
1000078536,Baleares,Anestesia,perdut,0.0,392,,1.0,,False,,,,
1000078545,Burgos,Anestesia,promiscu,0.484,82,237.5,4546.72,-3.19,False,,,,
1000078547,Lugo,Anestesia,marginal,0.17,157,,2223.12,,False,,,,
1000078562,Sta.Cruz Tenerife,Anestesia,perdut,0.338,341,,2223.12,,False,,,,
1000078576,A Coruña,Anestesia,fidel,1.478,5,168.0,2223.12,-14.41,False,,,,
1000078586,Barcelona,Anestesia,perdut,0.0,1473,,3410.04,,False,,,,
1000078590,Barcelona,Anestesia,promiscu,0.744,69,271.7,2223.12,-2.49,False,,,,
1000078595,Valladolid,Anestesia,fidel,1.007,19,158.3,2223.12,-3.37,False,,,,
1000078609,Murcia,Bioseguridad,marginal,0.0,1781,,1086.44,,False,,,,
1000078612,Lugo,Anestesia,perdut,0.0,1616,,1802.36,,False,,,,
1000078614,A Coruña,Anestesia,perdut,0.0,1571,,1802.36,,False,,,,
1000078629,Jaén,Anestesia,fidel,1.195,53,156.9,2223.12,-1.13,False,,,,
1000078629,Jaén,Bioseguridad,perdut,0.0,1293,,1086.44,,False,,,,
1000078633,Cuenca,Anestesia,fidel,1.025,32,189.9,2223.12,-1.96,False,,,,
1000078634,Sta.Cruz Tenerife,Anestesia,fidel,0.989,55,101.7,2223.12,-0.77,False,,,,
1000078634,Sta.Cruz Tenerife,Bioseguridad,perdut,0.373,313,,1086.44,,False,,,,
1000078656,Barcelona,Anestesia,perdut,0.0,1021,,1802.36,,False,,,,
1000078657,Barcelona,Anestesia,perdut,0.531,103,,2223.12,,False,,,,
1000078659,Madrid,Anestesia,perdut,0.0,522,,2223.12,,False,,,,
1000078659,Madrid,Bioseguridad,marginal,0.0,522,,1086.44,,False,,,,
1000078661,Almería,Anestesia,perdut,0.696,97,,2223.12,,False,,,,
1000078661,Almería,Bioseguridad,perdut,0.298,201,,1086.44,,False,,,,
1000078678,Madrid,Anestesia,fidel,0.996,54,176.6,2223.12,-1.45,False,,,,
1000078679,Tarragona,Anestesia,en_risc,1.203,54,82.8,2223.12,-0.83,True,caiguda_share,0.0,mitja,"Client en_risc de Anestesia (Share 12m: 120%). El seu cicle de compra és de 83 dies. Porta 54 dies sense comprar (-29 dies de coll). Tenia share alt, però en els últims 3 mesos ha caigut substancialment."
1000078683,Badajoz,Anestesia,fidel,0.93,70,71.2,2223.12,-0.05,False,,,,
1000078685,La Rioja,Anestesia,promiscu,0.42,27,280.0,2223.12,-1.64,False,,,,
1000078687,Valladolid,Bioseguridad,fidel,0.969,52,189.1,1086.44,-0.96,False,,,,
1000078691,Murcia,Anestesia,perdut,0.24,101,,2223.12,,False,,,,
1000078695,Barcelona,Anestesia,en_risc,0.675,17,61.1,2223.12,-1.39,True,caiguda_share,723.45,mitja,"Client en_risc de Anestesia (Share 12m: 67%). El seu cicle de compra és de 61 dies. Porta 17 dies sense comprar (-44 dies de coll). Tenia share alt, però en els últims 3 mesos ha caigut substancialment."
1000078695,Barcelona,Bioseguridad,perdut,0.0,668,,1086.44,,False,,,,
1000078696,Madrid,Bioseguridad,perdut,0.0,1540,,879.2,,False,,,,
1000078699,Asturias,Anestesia,perdut,0.0,1176,,3410.04,,False,,,,
1000078699,Asturias,Bioseguridad,perdut,0.0,1176,,1667.34,,False,,,,
1000078702,A Coruña,Anestesia,perdut,0.938,235,,2223.12,,False,,,,
1000078711,Sta.Cruz Tenerife,Anestesia,promiscu,0.303,81,284.0,2223.12,-2.21,False,,,,
1000078712,Toledo,Anestesia,perdut,0.569,103,,1802.36,,False,,,,
1000078714,Tarragona,Anestesia,promiscu,0.498,28,149.0,2223.12,-1.17,False,,,,
1000078717,Madrid,Anestesia,perdut,0.0,432,,1802.36,,False,,,,
1000078744,Barcelona,Anestesia,perdut,0.173,290,,3410.04,,False,,,,
1000078744,Barcelona,Bioseguridad,marginal,0.0,1215,,1667.34,,False,,,,
1000078746,Badajoz,Anestesia,perdut,0.478,238,,2223.12,,False,,,,
1000078753,Barcelona,Anestesia,promiscu,0.537,24,80.8,3410.04,-1.72,False,,,,
1000078754,Baleares,Anestesia,fidel,3.61,39,58.9,2223.12,-0.87,False,,,,
1000078754,Baleares,Bioseguridad,fidel,5.123,39,50.5,1086.44,-0.54,False,,,,
1000078757,Granada,Anestesia,perdut,1.195,300,,2223.12,,False,,,,
1000078757,Granada,Bioseguridad,perdut,0.815,111,,1086.44,,False,,,,
1000078762,Sta.Cruz Tenerife,Anestesia,promiscu,0.404,32,71.5,1802.36,-0.98,False,,,,
1000078762,Sta.Cruz Tenerife,Bioseguridad,marginal,0.0,1134,,879.2,,False,,,,
1000078767,Barcelona,Anestesia,fidel,2.135,13,64.3,2223.12,-1.64,False,,,,
1000078767,Barcelona,Bioseguridad,fidel,4.365,13,52.4,1086.44,-1.5,False,,,,
1000078768,Madrid,Anestesia,fidel,0.764,76,153.3,2223.12,-1.34,False,,,,
1000078768,Madrid,Bioseguridad,marginal,0.0,1264,,1086.44,,False,,,,
1000078777,Cádiz,Anestesia,fidel,0.834,54,95.3,2223.12,-1.31,False,,,,
1000078779,A Coruña,Anestesia,marginal,0.133,52,,2223.12,,False,,,,
1000078779,A Coruña,Bioseguridad,perdut,0.0,392,,1086.44,,False,,,,
1000078785,Madrid,Anestesia,perdut,0.0,392,,2223.12,,False,,,,
1000078789,Vizcaya,Bioseguridad,perdut,1.464,115,,1086.44,,False,,,,
1000078792,Madrid,Anestesia,perdut,0.133,270,,2223.12,,False,,,,
1000078795,León,Anestesia,perdut,0.041,220,,2223.12,,False,,,,
1000078797,Alicante,Anestesia,perdut,0.0,970,,3410.04,,False,,,,
1000078799,Ceuta,Anestesia,promiscu,0.713,46,464.7,2223.12,-0.71,False,,,,
1000078813,Zaragoza,Anestesia,perdut,1.047,234,,3410.04,,False,,,,
1000078813,Zaragoza,Bioseguridad,perdut,0.0,488,,1667.34,,False,,,,
1000078817,Valladolid,Anestesia,perdut,0.0,892,,2223.12,,False,,,,
1000078817,Valladolid,Bioseguridad,perdut,0.0,882,,1086.44,,False,,,,
1000078819,Barcelona,Anestesia,marginal,0.156,171,,1802.36,,False,,,,
1000078820,Málaga,Anestesia,promiscu,0.299,89,143.6,2223.12,-0.43,False,,,,
1000078822,Madrid,Anestesia,promiscu,0.423,28,516.7,2223.12,-2.83,False,,,,
1000078822,Madrid,Bioseguridad,promiscu,0.559,41,512.3,1086.44,-2.84,False,,,,
1000078824,Cádiz,Anestesia,promiscu,0.303,0,129.3,3410.04,-4.38,False,,,,
1000078824,Cádiz,Bioseguridad,marginal,0.0,1293,,1667.34,,False,,,,
1000078839,Barcelona,Anestesia,perdut,444.26,220,,1.0,,False,,,,
1000078850,Girona,Anestesia,promiscu,0.277,69,115.3,13640.16,-1.14,False,,,,
1000078850,Girona,Bioseguridad,marginal,0.139,39,,6669.36,,False,,,,
1000078857,Almería,Anestesia,perdut,0.411,278,,1802.36,,False,,,,
1000078863,A Coruña,Bioseguridad,marginal,0.0,784,,879.2,,False,,,,
1000078865,Barcelona,Anestesia,fidel,1.268,32,144.6,2223.12,-2.42,False,,,,
1000078882,Asturias,Anestesia,perdut,0.438,228,,5683.4,,False,,,,
1000078897,Alicante,Anestesia,en_risc,2.193,48,65.4,1802.36,-0.79,True,caiguda_share,0.0,mitja,"Client en_risc de Anestesia (Share 12m: 219%). El seu cicle de compra és de 65 dies. Porta 48 dies sense comprar (-17 dies de coll). Tenia share alt, però en els últims 3 mesos ha caigut substancialment."
1000078897,Alicante,Bioseguridad,perdut,0.0,892,,879.2,,False,,,,
1000078905,Asturias,Anestesia,perdut,0.317,95,,2223.12,,False,,,,
1000078910,Barcelona,Anestesia,promiscu,0.42,75,75.8,4546.72,-0.03,True,finestra_captura,2638.68,alta,Client promiscu de Anestesia (Share 12m: 42%). El seu cicle de compra és de 76 dies. Porta 75 dies sense comprar (-1 dies de coll). S'obre la seva finestra de reposició ara. Oportunitat per robar share a la competència.
1000078911,Barcelona,Anestesia,marginal,0.126,173,,2223.12,,False,,,,
1000078917,Madrid,Anestesia,perdut,1.195,132,,2223.12,,False,,,,
1000078921,Vizcaya,Anestesia,perdut,0.092,111,,6820.08,,False,,,,
1000078930,Sevilla,Anestesia,perdut,0.421,182,,3410.04,,False,,,,
1000078930,Sevilla,Bioseguridad,perdut,0.0,1470,,1667.34,,False,,,,
1000078935,Ciudad Real,Anestesia,perdut,2.013,96,,2223.12,,False,,,,
1000078936,Tarragona,Anestesia,fidel,1.195,33,191.0,2223.12,-2.76,False,,,,
1000078940,Toledo,Anestesia,perdut,0.0,1347,,1802.36,,False,,,,
1000078946,Huelva,Anestesia,fidel,1.992,0,162.9,2223.12,-3.12,False,,,,
1000078946,Huelva,Bioseguridad,fidel,1.491,35,168.6,1086.44,-1.19,False,,,,
1000078951,Sevilla,Anestesia,fidel,0.886,68,295.2,2223.12,-0.84,False,,,,
1000078951,Sevilla,Bioseguridad,perdut,0.472,110,,1086.44,,False,,,,
1000078961,Sevilla,Anestesia,perdut,0.351,172,,3410.04,,False,,,,
1000078961,Sevilla,Bioseguridad,perdut,0.68,172,,1667.34,,False,,,,
1000078967,Barcelona,Anestesia,perdut,0.0,1461,,2223.12,,False,,,,
1000078968,Salamanca,Anestesia,perdut,0.0,767,,3410.04,,False,,,,
1000078968,Salamanca,Bioseguridad,perdut,0.0,1743,,1667.34,,False,,,,
1000078969,Pontevedra,Anestesia,perdut,0.238,266,,2223.12,,False,,,,
1000078976,Sevilla,Anestesia,promiscu,0.587,61,118.4,3410.04,-1.66,False,,,,
1000078980,Asturias,Anestesia,marginal,0.0,509,,2223.12,,False,,,,
1000078980,Asturias,Bioseguridad,perdut,0.512,108,,1086.44,,False,,,,
1000078992,Albacete,Anestesia,perdut,0.598,202,,2223.12,,False,,,,
1000079001,A Coruña,Anestesia,perdut,0.0,606,,3410.04,,False,,,,
1000079001,A Coruña,Bioseguridad,perdut,0.0,508,,1667.34,,False,,,,
1000079002,Sevilla,Anestesia,promiscu,0.681,83,108.1,3410.04,-0.39,False,,,,
1000079002,Sevilla,Bioseguridad,perdut,0.12,206,,1667.34,,False,,,,
1000079008,Sevilla,Anestesia,marginal,0.0,857,,2223.12,,False,,,,
1000079009,Sta.Cruz Tenerife,Anestesia,perdut,0.266,234,,2223.12,,False,,,,
1000079012,Córdoba,Anestesia,perdut,0.0,1559,,2223.12,,False,,,,
1000079014,Segovia,Bioseguridad,perdut,0.0,564,,1086.44,,False,,,,
1000079021,Teruel,Anestesia,fidel,2.047,7,108.4,2223.12,-1.67,False,,,,
1000079021,Teruel,Bioseguridad,fidel,3.538,38,77.4,1086.44,-1.14,False,,,,
1000079022,Zaragoza,Anestesia,perdut,0.0,389,,2223.12,,False,,,,
1000079022,Zaragoza,Bioseguridad,perdut,0.0,958,,1086.44,,False,,,,
1000079024,Asturias,Anestesia,perdut,0.0,1427,,2223.12,,False,,,,
1000079027,Madrid,Anestesia,perdut,0.277,210,,3410.04,,False,,,,
1000079028,Córdoba,Anestesia,marginal,0.066,196,,2223.12,,False,,,,
1000079031,Murcia,Bioseguridad,marginal,0.0,1816,,1086.44,,False,,,,
1000079033,Navarra,Anestesia,perdut,0.0,1522,,1802.36,,False,,,,
1000079033,Navarra,Bioseguridad,perdut,0.0,1643,,879.2,,False,,,,
1000079036,Almería,Anestesia,fidel,2.401,40,37.7,2223.12,0.06,False,,,,
1000079039,Zaragoza,Anestesia,perdut,0.893,98,,2223.12,,False,,,,
1000079039,Zaragoza,Bioseguridad,perdut,0.0,1643,,1086.44,,False,,,,
1000079040,Sta.Cruz Tenerife,Anestesia,perdut,0.0,384,,2223.12,,False,,,,
1000079040,Sta.Cruz Tenerife,Bioseguridad,perdut,0.0,909,,1086.44,,False,,,,
1000079046,Madrid,Anestesia,perdut,0.348,108,,1802.36,,False,,,,
1000079046,Madrid,Bioseguridad,perdut,0.452,108,,879.2,,False,,,,
1000079047,Madrid,Anestesia,fidel,1.976,35,125.0,3410.04,-1.59,False,,,,
1000079048,Madrid,Anestesia,perdut,0.8,94,,3410.04,,False,,,,
1000079048,Madrid,Bioseguridad,perdut,0.286,94,,1667.34,,False,,,,
1000079052,Pontevedra,Bioseguridad,perdut,0.0,1183,,879.2,,False,,,,
1000079056,Granada,Anestesia,perdut,0.577,167,,2223.12,,False,,,,
1000079056,Granada,Bioseguridad,perdut,0.0,795,,1086.44,,False,,,,
1000079061,Girona,Anestesia,fidel,575.78,28,384.8,1.0,-3.63,False,,,,
1000079066,Madrid,Anestesia,fidel,1.134,47,162.2,2223.12,-0.71,False,,,,
1000079067,Murcia,Anestesia,perdut,0.598,111,,2223.12,,False,,,,
1000079072,Madrid,Anestesia,perdut,0.0,509,,2223.12,,False,,,,
1000079072,Madrid,Bioseguridad,perdut,0.336,332,,1086.44,,False,,,,
1000079083,Madrid,Anestesia,marginal,0.0,1270,,2223.12,,False,,,,
1000079086,Las Palmas,Anestesia,perdut,0.225,271,,2223.12,,False,,,,
1000079088,Sevilla,Anestesia,perdut,0.0,594,,6820.08,,False,,,,
1000079093,Madrid,Anestesia,perdut,0.0,1026,,1802.36,,False,,,,
1000079096,Madrid,Anestesia,perdut,0.0,852,,3410.04,,False,,,,
1000079099,Madrid,Anestesia,perdut,0.371,265,,2223.12,,False,,,,
1000079099,Madrid,Bioseguridad,perdut,0.746,349,,1086.44,,False,,,,
1000079100,Tarragona,Anestesia,perdut,0.0,650,,2223.12,,False,,,,
1000079101,León,Anestesia,perdut,0.0,521,,3410.04,,False,,,,
1000079110,Madrid,Anestesia,perdut,0.95,251,,2223.12,,False,,,,
1000079142,Barcelona,Anestesia,perdut,0.0,413,,2223.12,,False,,,,
1000079143,Córdoba,Anestesia,perdut,0.531,251,,2223.12,,False,,,,
1000079144,Madrid,Anestesia,fidel,0.941,68,136.0,3410.04,-1.22,False,,,,
1000079144,Madrid,Bioseguridad,en_risc,1.678,52,89.1,1667.34,-1.16,True,caiguda_share,0.0,mitja,"Client en_risc de Bioseguridad (Share 12m: 168%). El seu cicle de compra és de 89 dies. Porta 52 dies sense comprar (-37 dies de coll). Tenia share alt, però en els últims 3 mesos ha caigut substancialment."
1000079153,Salamanca,Anestesia,perdut,0.677,250,,3410.04,,False,,,,
1000079156,Valencia,Anestesia,perdut,0.0,1208,,3410.04,,False,,,,
1000079158,Granada,Bioseguridad,fidel,0.962,27,119.3,1667.34,-1.69,False,,,,
1000079168,Segovia,Anestesia,perdut,0.0,670,,2223.12,,False,,,,
1000079171,Madrid,Anestesia,marginal,0.0,1727,,2223.12,,False,,,,
1000079173,Murcia,Anestesia,perdut,1.437,119,,2223.12,,False,,,,
1000079174,Navarra,Anestesia,promiscu,0.587,27,136.5,3410.04,-1.77,False,,,,
1000079174,Navarra,Bioseguridad,promiscu,0.718,27,252.7,1667.34,-1.56,False,,,,
1000079179,Badajoz,Anestesia,perdut,0.0,1810,,2223.12,,False,,,,
1000079181,Ciudad Real,Anestesia,promiscu,0.311,12,74.0,2223.12,-1.95,False,,,,
1000079185,Madrid,Anestesia,perdut,0.0,943,,2223.12,,False,,,,
1000079189,Valencia,Anestesia,perdut,0.024,160,,3410.04,,False,,,,
1000079192,Almería,Anestesia,promiscu,0.295,66,,2223.12,,False,,,,
1000079195,Málaga,Anestesia,perdut,0.0,382,,2223.12,,False,,,,
1000079195,Málaga,Bioseguridad,perdut,0.732,251,,1086.44,,False,,,,
1000079197,Madrid,Anestesia,perdut,0.545,186,,2223.12,,False,,,,
1000079214,Madrid,Anestesia,perdut,0.0,983,,2223.12,,False,,,,
1000079214,Madrid,Bioseguridad,marginal,0.0,1028,,1086.44,,False,,,,
1000079223,Madrid,Anestesia,perdut,0.266,178,,2223.12,,False,,,,
1000079238,Córdoba,Anestesia,perdut,0.492,195,,2223.12,,False,,,,
1000079238,Córdoba,Bioseguridad,promiscu,0.439,70,434.0,1086.44,-2.33,False,,,,
1000079254,Granada,Anestesia,promiscu,0.433,87,171.0,2223.12,-1.32,False,,,,
1000079254,Granada,Bioseguridad,marginal,0.0,1797,,1086.44,,False,,,,
1000079256,Córdoba,Anestesia,marginal,0.0,1677,,2223.12,,False,,,,
1000079259,Madrid,Anestesia,perdut,0.478,181,,2223.12,,False,,,,
1000079263,Sevilla,Anestesia,fidel,0.922,87,309.6,2223.12,-2.22,False,,,,
1000079265,Murcia,Anestesia,marginal,0.0,1404,,2223.12,,False,,,,
1000079267,Madrid,Anestesia,fidel,2.877,42,90.9,2223.12,-1.74,False,,,,
1000079276,Madrid,Anestesia,perdut,0.0,392,,2223.12,,False,,,,
1000079278,Las Palmas,Anestesia,marginal,0.097,3,,4546.72,,False,,,,
1000079279,Jaén,Anestesia,perdut,0.0,1292,,2223.12,,False,,,,
1000079283,Sevilla,Anestesia,promiscu,0.675,17,188.2,3410.04,-0.74,False,,,,
1000079283,Sevilla,Bioseguridad,perdut,0.238,224,,1667.34,,False,,,,
1000079289,Valencia,Anestesia,perdut,0.0,627,,2223.12,,False,,,,
1000079294,Barcelona,Anestesia,marginal,0.063,172,,2223.12,,False,,,,
1000079299,Barcelona,Anestesia,perdut,0.422,159,,3410.04,,False,,,,
1000079304,Sevilla,Anestesia,fidel,1.178,25,,2223.12,,False,,,,
1000079320,Asturias,Anestesia,perdut,0.343,221,,1802.36,,False,,,,
1000079321,Madrid,Anestesia,fidel,1.086,52,147.9,2223.12,-0.73,False,,,,
1000079329,Madrid,Anestesia,fidel,0.841,7,127.2,2223.12,-2.69,False,,,,
1000079329,Madrid,Bioseguridad,perdut,0.833,108,,1086.44,,False,,,,
1000079335,Madrid,Anestesia,fidel,1.207,27,96.3,2223.12,-1.03,False,,,,
1000079336,A Coruña,Anestesia,marginal,0.0,1274,,2223.12,,False,,,,
1000079338,Barcelona,Anestesia,perdut,0.261,341,,1802.36,,False,,,,
1000079340,Madrid,Anestesia,perdut,0.467,249,,2223.12,,False,,,,
1000079341,Almería,Anestesia,perdut,0.348,126,,2223.12,,False,,,,
1000079341,Almería,Bioseguridad,perdut,0.64,126,,1086.44,,False,,,,
1000079345,Almería,Anestesia,perdut,0.0,1260,,2223.12,,False,,,,
1000079354,Cáceres,Anestesia,fidel,0.782,47,287.2,2223.12,-2.41,False,,,,
1000079355,Murcia,Anestesia,perdut,0.736,154,,2223.12,,False,,,,
1000079356,Salamanca,Anestesia,perdut,0.769,152,,3410.04,,False,,,,
1000079356,Salamanca,Bioseguridad,marginal,0.0,1249,,1667.34,,False,,,,
1000079361,Guadalajara,Anestesia,en_risc,1.116,27,46.9,4546.72,-0.92,True,caiguda_share,0.0,mitja,"Client en_risc de Anestesia (Share 12m: 112%). El seu cicle de compra és de 47 dies. Porta 27 dies sense comprar (-20 dies de coll). Tenia share alt, però en els últims 3 mesos ha caigut substancialment."
1000079361,Guadalajara,Bioseguridad,fidel,2.146,27,42.5,2223.12,-0.62,False,,,,
1000079363,Barcelona,Anestesia,fidel,0.84,67,168.9,3410.04,-0.99,False,,,,
1000079363,Barcelona,Bioseguridad,perdut,0.477,234,,1667.34,,False,,,,
1000079368,Madrid,Anestesia,promiscu,0.441,55,126.1,1802.36,-1.8,False,,,,
1000079369,Madrid,Anestesia,perdut,0.376,333,,2223.12,,False,,,,
1000079373,Madrid,Anestesia,promiscu,0.674,88,189.8,2223.12,-1.2,False,,,,
1000079373,Madrid,Bioseguridad,marginal,0.0,1274,,1086.44,,False,,,,
1000079377,Jaén,Anestesia,fidel,0.991,18,126.0,2223.12,-1.31,False,,,,
1000079384,Sevilla,Anestesia,fidel,0.997,48,209.2,4546.72,-0.97,False,,,,
1000079384,Sevilla,Bioseguridad,en_risc,4.114,48,70.5,2223.12,-0.81,True,caiguda_share,0.0,mitja,"Client en_risc de Bioseguridad (Share 12m: 411%). El seu cicle de compra és de 70 dies. Porta 48 dies sense comprar (-22 dies de coll). Tenia share alt, però en els últims 3 mesos ha caigut substancialment."
1000079387,Barcelona,Anestesia,perdut,0.0,565,,1802.36,,False,,,,
1000079388,Granada,Anestesia,perdut,0.258,348,,2223.12,,False,,,,
1000079397,Cantabria,Anestesia,marginal,0.0,1019,,2223.12,,False,,,,
1000079399,Madrid,Anestesia,perdut,0.0,670,,3410.04,,False,,,,
1000079400,Barcelona,Anestesia,promiscu,0.531,59,207.5,2223.12,-1.91,False,,,,
1000079403,Madrid,Anestesia,perdut,0.0,543,,4546.72,,False,,,,
1000079403,Madrid,Bioseguridad,perdut,0.449,189,,2223.12,,False,,,,
1000079406,Granada,Anestesia,fidel,1.494,27,72.2,2223.12,-1.42,False,,,,
1000079406,Granada,Bioseguridad,perdut,0.0,1335,,1086.44,,False,,,,
1000079415,Pontevedra,Anestesia,perdut,1.238,97,,9093.44,,False,,,,
1000079421,Zaragoza,Anestesia,en_risc,0.797,41,93.2,2223.12,-0.82,True,caiguda_share,450.69,mitja,"Client en_risc de Anestesia (Share 12m: 80%). El seu cicle de compra és de 93 dies. Porta 41 dies sense comprar (-52 dies de coll). Tenia share alt, però en els últims 3 mesos ha caigut substancialment."
1000079421,Zaragoza,Bioseguridad,perdut,2.204,108,,1086.44,,False,,,,
1000079430,Madrid,Anestesia,marginal,0.24,45,,1802.36,,False,,,,
1000079431,Asturias,Anestesia,perdut,0.0,972,,3410.04,,False,,,,
1000079446,Zaragoza,Bioseguridad,promiscu,0.746,54,380.5,1086.44,-1.05,False,,,,
1000079448,Girona,Anestesia,perdut,0.0,1155,,2223.12,,False,,,,
1000079448,Girona,Bioseguridad,marginal,0.0,1155,,1086.44,,False,,,,
1000079456,Granada,Anestesia,perdut,0.546,110,,2223.12,,False,,,,
1000079456,Granada,Bioseguridad,perdut,0.336,110,,1086.44,,False,,,,
1000079458,Vizcaya,Anestesia,promiscu,0.615,45,231.0,2223.12,-1.11,False,,,,
1000079458,Vizcaya,Bioseguridad,fidel,2.386,47,286.6,1086.44,-1.68,False,,,,
1000079466,Zaragoza,Anestesia,perdut,0.0,980,,3410.04,,False,,,,
1000079466,Zaragoza,Bioseguridad,perdut,0.215,349,,1667.34,,False,,,,
1000079581,Sevilla,Anestesia,promiscu,0.498,28,67.8,3410.04,-1.22,False,,,,
1000079582,Madrid,Anestesia,fidel,1.769,28,94.3,3410.04,-1.31,False,,,,
1000079582,Madrid,Bioseguridad,perdut,0.0,601,,1667.34,,False,,,,
1000079583,Barcelona,Anestesia,promiscu,0.45,88,180.8,1802.36,-0.66,False,,,,
1000079584,Barcelona,Anestesia,perdut,0.259,98,,3410.04,,False,,,,
1000079589,Zaragoza,Bioseguridad,perdut,0.0,424,,1086.44,,False,,,,
1000079590,Cádiz,Bioseguridad,perdut,0.715,94,,1667.34,,False,,,,
1000079592,Cantabria,Anestesia,promiscu,0.457,75,221.0,3410.04,-0.92,False,,,,
1000079592,Cantabria,Bioseguridad,perdut,0.0,1188,,1667.34,,False,,,,
1000079602,Murcia,Anestesia,fidel,0.779,83,97.6,2223.12,-0.18,False,,,,
1000079602,Murcia,Bioseguridad,perdut,0.0,390,,1086.44,,False,,,,
1000079620,Málaga,Anestesia,fidel,1.047,26,129.4,2223.12,-1.25,False,,,,
1000079620,Málaga,Bioseguridad,fidel,2.47,48,83.9,1086.44,-0.72,False,,,,
1000079622,Tarragona,Anestesia,fidel,1.287,90,87.3,2223.12,0.11,False,,,,
1000079628,Valladolid,Anestesia,en_risc,0.266,96,,2223.12,,False,,,,
1000079629,Madrid,Anestesia,perdut,0.0,1651,,2223.12,,False,,,,
1000079629,Madrid,Bioseguridad,perdut,0.0,376,,1086.44,,False,,,,
1000079634,Madrid,Anestesia,perdut,0.295,207,,1802.36,,False,,,,
1000079639,Granada,Anestesia,fidel,1.331,45,263.8,2223.12,-2.26,False,,,,
1000079639,Granada,Bioseguridad,perdut,1.464,101,,1086.44,,False,,,,
1000079642,Cádiz,Anestesia,nou,0.042,87,,4546.72,,False,,,,
1000079652,Barcelona,Anestesia,perdut,0.0,642,,1802.36,,False,,,,
1000079661,Asturias,Anestesia,promiscu,0.365,67,242.7,2223.12,-7.75,False,,,,
1000079674,Madrid,Anestesia,fidel,0.759,26,56.9,3410.04,-1.33,False,,,,
1000079675,Valencia,Anestesia,perdut,0.41,312,,3410.04,,False,,,,
1000079676,Barcelona,Anestesia,perdut,0.977,145,,2223.12,,False,,,,
1000079678,Madrid,Anestesia,perdut,0.0,574,,2223.12,,False,,,,
1000079679,Zaragoza,Bioseguridad,perdut,0.0,402,,1086.44,,False,,,,
1000079680,Zaragoza,Anestesia,marginal,0.249,28,,2223.12,,False,,,,
1000079680,Zaragoza,Bioseguridad,marginal,0.186,28,,1086.44,,False,,,,
1000079687,Madrid,Anestesia,promiscu,0.584,80,156.5,2223.12,-0.71,False,,,,
1000079691,Sevilla,Anestesia,promiscu,0.494,25,153.1,2223.12,-1.73,False,,,,
1000079692,Sevilla,Anestesia,fidel,1.052,14,72.1,2223.12,-1.24,False,,,,
1000079701,Navarra,Anestesia,perdut,0.0,902,,2223.12,,False,,,,
1000079703,Madrid,Anestesia,perdut,0.054,94,,3410.04,,False,,,,
1000079703,Madrid,Bioseguridad,fidel,1.694,32,84.1,1667.34,-1.16,False,,,,
1000079704,A Coruña,Anestesia,perdut,0.566,327,,2223.12,,False,,,,
1000079707,Barcelona,Anestesia,fidel,0.973,52,131.9,2223.12,-1.59,False,,,,
1000079713,Burgos,Anestesia,fidel,0.791,5,97.0,2223.12,-6.76,False,,,,
1000079715,Sevilla,Anestesia,fidel,0.899,54,205.4,2223.12,-1.86,False,,,,
1000079716,Barcelona,Anestesia,fidel,1.195,6,239.9,2223.12,-4.63,False,,,,
1000079717,Valladolid,Anestesia,perdut,0.655,147,,1802.36,,False,,,,
1000079719,Barcelona,Anestesia,perdut,0.0,1340,,2223.12,,False,,,,
1000079722,Asturias,Anestesia,fidel,0.934,12,140.7,2223.12,-1.53,False,,,,
1000079723,Madrid,Anestesia,fidel,0.782,45,75.7,4546.72,-0.97,False,,,,
1000079723,Madrid,Bioseguridad,nou,0.072,45,,2223.12,,False,,,,
1000079729,Madrid,Anestesia,perdut,0.0,430,,2223.12,,False,,,,
1000079729,Madrid,Bioseguridad,perdut,0.0,430,,1086.44,,False,,,,
1000079742,Barcelona,Anestesia,fidel,1.074,40,339.8,2223.12,-0.89,False,,,,
1000079742,Barcelona,Bioseguridad,marginal,0.0,1635,,1086.44,,False,,,,
1000079745,Madrid,Anestesia,en_risc,0.564,40,97.7,3410.04,-0.29,True,caiguda_share,1487.86,mitja,"Client en_risc de Anestesia (Share 12m: 56%). El seu cicle de compra és de 98 dies. Porta 40 dies sense comprar (-58 dies de coll). Tenia share alt, però en els últims 3 mesos ha caigut substancialment."
1000079746,La Rioja,Anestesia,perdut,1.524,110,,2223.12,,False,,,,
1000079747,Lugo,Anestesia,perdut,0.0,1188,,1802.36,,False,,,,
1000079751,Navarra,Anestesia,marginal,0.0,487,,2223.12,,False,,,,
1000079753,Córdoba,Anestesia,perdut,0.0,1207,,2223.12,,False,,,,
1000079756,Teruel,Anestesia,en_risc,0.962,61,89.3,2223.12,-0.62,True,caiguda_share,84.96,mitja,"Client en_risc de Anestesia (Share 12m: 96%). El seu cicle de compra és de 89 dies. Porta 61 dies sense comprar (-28 dies de coll). Tenia share alt, però en els últims 3 mesos ha caigut substancialment."
1000079756,Teruel,Bioseguridad,fidel,1.991,61,81.0,1086.44,-0.51,False,,,,
1000079757,A Coruña,Anestesia,perdut,0.0,1432,,1802.36,,False,,,,
1000079758,Madrid,Anestesia,promiscu,0.584,26,108.2,3410.04,-1.75,False,,,,
1000079762,Asturias,Anestesia,perdut,0.797,290,,2223.12,,False,,,,
1000079762,Asturias,Bioseguridad,marginal,0.224,290,,1086.44,,False,,,,
1000079763,Jaén,Anestesia,perdut,0.0,986,,2223.12,,False,,,,
1000079763,Jaén,Bioseguridad,perdut,0.0,1679,,1086.44,,False,,,,
1000079764,Madrid,Anestesia,promiscu,0.587,34,125.6,2223.12,-1.44,False,,,,
1000079764,Madrid,Bioseguridad,perdut,0.186,102,,1086.44,,False,,,,
1000079773,Vizcaya,Bioseguridad,perdut,0.0,1420,,1086.44,,False,,,,
1000079786,Madrid,Anestesia,perdut,0.0,1785,,2223.12,,False,,,,
1000079789,Tarragona,Anestesia,promiscu,0.386,76,418.5,1802.36,-0.75,False,,,,
1000079794,Asturias,Anestesia,promiscu,0.598,61,360.0,2223.12,-3.04,False,,,,
1000079794,Asturias,Bioseguridad,fidel,0.878,61,201.9,1086.44,-1.45,False,,,,
1000079798,Almería,Anestesia,fidel,1.615,25,40.3,2223.12,-0.44,False,,,,
1000079799,Barcelona,Anestesia,perdut,0.0,1258,,2223.12,,False,,,,
1000079810,Girona,Anestesia,perdut,0.646,186,,1802.36,,False,,,,
1000079811,Madrid,Anestesia,perdut,0.88,118,,2223.12,,False,,,,
1000079812,Valencia,Anestesia,perdut,0.299,182,,2223.12,,False,,,,
1000079818,Zaragoza,Anestesia,perdut,0.0,614,,2223.12,,False,,,,
1000079818,Zaragoza,Bioseguridad,marginal,0.0,1522,,1086.44,,False,,,,
1000079823,A Coruña,Anestesia,promiscu,0.516,81,264.8,3410.04,-1.64,False,,,,
1000079823,A Coruña,Bioseguridad,promiscu,0.433,81,243.4,1667.34,-1.05,False,,,,
1000079828,Granada,Anestesia,perdut,0.636,175,,2223.12,,False,,,,
1000079829,Sevilla,Anestesia,fidel,0.963,69,134.0,2223.12,-0.82,False,,,,
1000079829,Sevilla,Bioseguridad,nou,0.372,69,,1086.44,,False,,,,
1000079836,Asturias,Anestesia,perdut,0.0,468,,5683.4,,False,,,,
1000079837,Alicante,Anestesia,fidel,1.575,32,101.2,1802.36,-1.74,False,,,,
1000079856,Barcelona,Anestesia,perdut,0.0,598,,1802.36,,False,,,,
1000079859,Asturias,Anestesia,en_risc,1.093,24,64.1,6820.08,-0.89,True,caiguda_share,0.0,mitja,"Client en_risc de Anestesia (Share 12m: 109%). El seu cicle de compra és de 64 dies. Porta 24 dies sense comprar (-40 dies de coll). Tenia share alt, però en els últims 3 mesos ha caigut substancialment."
1000079862,Almería,Anestesia,perdut,0.533,237,,2223.12,,False,,,,
1000079875,Castellón,Anestesia,perdut,0.0,552,,1802.36,,False,,,,
1000079886,Valladolid,Anestesia,perdut,0.0,776,,2223.12,,False,,,,
1000079886,Valladolid,Bioseguridad,perdut,0.0,615,,1086.44,,False,,,,
1000079889,Tarragona,Anestesia,perdut,0.0,717,,2223.12,,False,,,,
1000079889,Tarragona,Bioseguridad,perdut,0.0,717,,1086.44,,False,,,,
1000079894,Vizcaya,Anestesia,perdut,0.0,614,,2223.12,,False,,,,
1000079894,Vizcaya,Bioseguridad,marginal,0.0,1533,,1086.44,,False,,,,
1000079899,Asturias,Anestesia,perdut,0.0,420,,2223.12,,False,,,,
1000079899,Asturias,Bioseguridad,perdut,3.991,187,,1086.44,,False,,,,
1000079900,Granada,Anestesia,fidel,0.785,24,217.1,2223.12,-2.61,False,,,,
1000079900,Granada,Bioseguridad,perdut,0.0,1106,,1086.44,,False,,,,
1000079903,Alicante,Anestesia,perdut,0.0,763,,1802.36,,False,,,,
1000079920,Las Palmas,Anestesia,perdut,0.0,459,,2223.12,,False,,,,
1000079925,Barcelona,Anestesia,perdut,0.0,1166,,2223.12,,False,,,,
1000079934,Sta.Cruz Tenerife,Anestesia,perdut,0.0,1231,,2223.12,,False,,,,
1000079945,Albacete,Bioseguridad,perdut,0.0,690,,1086.44,,False,,,,
1000079949,Pontevedra,Anestesia,marginal,0.0,1138,,1802.36,,False,,,,
1000079954,Barcelona,Anestesia,perdut,0.36,354,,2223.12,,False,,,,
1000079960,A Coruña,Anestesia,perdut,0.0,1151,,2223.12,,False,,,,
1000079960,A Coruña,Bioseguridad,perdut,0.0,1151,,1086.44,,False,,,,
1000079961,Madrid,Anestesia,perdut,0.0,829,,1802.36,,False,,,,
1000079971,Cuenca,Anestesia,nou,0.049,27,,2223.12,,False,,,,
1000079971,Cuenca,Bioseguridad,marginal,0.246,27,,1086.44,,False,,,,
1000079973,Murcia,Anestesia,perdut,0.355,187,,3410.04,,False,,,,
1000079973,Murcia,Bioseguridad,promiscu,0.544,76,329.0,1667.34,-1.34,False,,,,
1000079975,Sta.Cruz Tenerife,Anestesia,perdut,0.0,424,,1802.36,,False,,,,
1000079978,Huelva,Anestesia,fidel,1.594,74,168.1,2223.12,-1.7,False,,,,
1000079980,Sta.Cruz Tenerife,Anestesia,perdut,0.0,1672,,2223.12,,False,,,,
1000079985,Barcelona,Bioseguridad,perdut,0.0,690,,1667.34,,False,,,,
1000079988,León,Anestesia,perdut,0.791,143,,2223.12,,False,,,,
1000079994,Almería,Anestesia,perdut,0.567,297,,2223.12,,False,,,,
1000079994,Almería,Bioseguridad,perdut,0.0,1476,,1086.44,,False,,,,
1000079996,Granada,Anestesia,perdut,0.0,602,,2223.12,,False,,,,
1000079999,Sta.Cruz Tenerife,Anestesia,perdut,0.0,1187,,2223.12,,False,,,,
1000080000,Granada,Bioseguridad,perdut,0.0,1718,,1086.44,,False,,,,
1000080001,Guadalajara,Anestesia,en_risc,0.345,40,163.0,2223.12,-4.24,True,caiguda_share,1455.67,mitja,"Client en_risc de Anestesia (Share 12m: 35%). El seu cicle de compra és de 163 dies. Porta 40 dies sense comprar (-123 dies de coll). Tenia share alt, però en els últims 3 mesos ha caigut substancialment."
1000080001,Guadalajara,Bioseguridad,perdut,0.0,648,,1086.44,,False,,,,
1000080004,Murcia,Anestesia,promiscu,0.526,38,139.4,2223.12,-0.9,False,,,,
1000080004,Murcia,Bioseguridad,fidel,0.885,38,227.3,1086.44,-0.79,False,,,,
1000080010,Málaga,Anestesia,perdut,0.0,1398,,2223.12,,False,,,,
1000080010,Málaga,Bioseguridad,perdut,0.0,1398,,1086.44,,False,,,,
1000080011,La Rioja,Anestesia,perdut,0.325,201,,3410.04,,False,,,,
1000080011,La Rioja,Bioseguridad,perdut,0.477,201,,1667.34,,False,,,,
1000080013,Barcelona,Anestesia,fidel,0.99,46,101.8,2223.12,-1.9,False,,,,
1000080013,Barcelona,Bioseguridad,fidel,1.903,46,144.2,1086.44,-1.06,False,,,,
1000080018,Sevilla,Anestesia,promiscu,0.297,46,304.2,2223.12,-3.51,False,,,,
1000080020,Girona,Anestesia,fidel,1.682,61,102.4,2223.12,-0.67,False,,,,
1000080020,Girona,Bioseguridad,fidel,2.18,39,110.2,1086.44,-1.43,False,,,,
1000080024,Sta.Cruz Tenerife,Anestesia,perdut,0.0,419,,3410.04,,False,,,,
1000080025,Cantabria,Bioseguridad,fidel,1.939,60,144.4,1086.44,-1.29,False,,,,
1000080032,A Coruña,Anestesia,perdut,0.0,418,,3410.04,,False,,,,
1000080036,Cádiz,Anestesia,perdut,0.142,315,,3410.04,,False,,,,
1000080038,Baleares,Anestesia,en_risc,366.5,210,,1.0,,False,,,,
1000080045,Barcelona,Anestesia,marginal,0.0,1469,,3410.04,,False,,,,
1000080045,Barcelona,Bioseguridad,fidel,2.771,27,60.9,1667.34,-0.58,False,,,,
1000080049,Almería,Anestesia,perdut,0.124,207,,2223.12,,False,,,,
1000080049,Almería,Bioseguridad,perdut,0.0,593,,1086.44,,False,,,,
1000080051,Vizcaya,Anestesia,perdut,0.193,96,,2223.12,,False,,,,
1000080051,Vizcaya,Bioseguridad,perdut,1.295,96,,1086.44,,False,,,,
1000080054,Albacete,Anestesia,fidel,1.394,17,59.0,3410.04,-1.4,False,,,,
1000080054,Albacete,Bioseguridad,fidel,1.963,17,84.0,1667.34,-1.54,False,,,,
1000080063,Barcelona,Anestesia,perdut,0.198,286,,2223.12,,False,,,,
1000080063,Barcelona,Bioseguridad,perdut,0.336,195,,1086.44,,False,,,,
1000080064,Valencia,Bioseguridad,perdut,0.143,279,,3334.68,,False,,,,
1000080065,Castellón,Bioseguridad,perdut,0.0,1510,,879.2,,False,,,,
1000080066,Ciudad Real,Anestesia,perdut,0.611,159,,2223.12,,False,,,,
1000080069,Málaga,Anestesia,perdut,1.571,137,,2223.12,,False,,,,
1000080070,Valencia,Anestesia,en_risc,0.572,342,,3410.04,,False,,,,
1000080071,Salamanca,Anestesia,perdut,0.0,383,,2223.12,,False,,,,
1000080071,Salamanca,Bioseguridad,perdut,0.0,1308,,1086.44,,False,,,,
1000080072,Soria,Bioseguridad,perdut,0.0,432,,1086.44,,False,,,,
1000080082,Murcia,Anestesia,perdut,0.0,647,,2223.12,,False,,,,
1000080082,Murcia,Bioseguridad,marginal,0.0,1347,,1086.44,,False,,,,
1000080084,Madrid,Anestesia,en_risc,1.486,61,68.1,2223.12,-0.22,True,caiguda_share,0.0,mitja,"Client en_risc de Anestesia (Share 12m: 149%). El seu cicle de compra és de 68 dies. Porta 61 dies sense comprar (-7 dies de coll). Tenia share alt, però en els últims 3 mesos ha caigut substancialment."
1000080087,Barcelona,Anestesia,fidel,1.435,66,146.6,2223.12,-0.76,False,,,,
1000080089,Madrid,Anestesia,fidel,1.828,12,52.3,4546.72,-0.74,False,,,,
1000080092,Cantabria,Anestesia,perdut,0.0,483,,2223.12,,False,,,,
1000080092,Cantabria,Bioseguridad,perdut,0.0,427,,1086.44,,False,,,,
1000080093,Alicante,Anestesia,promiscu,0.422,27,426.5,3410.04,-2.21,False,,,,
1000080093,Alicante,Bioseguridad,perdut,0.238,172,,1667.34,,False,,,,
1000080095,Sta.Cruz Tenerife,Anestesia,perdut,0.638,116,,2223.12,,False,,,,
1000080097,Barcelona,Anestesia,fidel,1.586,6,59.9,2223.12,-2.38,False,,,,
1000080102,Barcelona,Anestesia,fidel,0.81,76,116.9,2223.12,-0.67,False,,,,
1000080103,Las Palmas,Anestesia,promiscu,0.695,10,126.6,3410.04,-1.37,False,,,,
1000080103,Las Palmas,Bioseguridad,fidel,0.954,10,80.7,1667.34,-2.06,False,,,,
1000080111,Navarra,Anestesia,fidel,3.528,17,119.5,2223.12,-2.03,False,,,,
1000080118,Alicante,Anestesia,marginal,0.226,74,,3410.04,,False,,,,
1000080122,Cantabria,Anestesia,perdut,0.549,171,,2223.12,,False,,,,
1000080123,Granada,Anestesia,promiscu,0.531,26,255.1,2223.12,-1.68,False,,,,
1000080123,Granada,Bioseguridad,perdut,0.0,1301,,1086.44,,False,,,,
1000080128,Pontevedra,Anestesia,perdut,0.0,1517,,2223.12,,False,,,,
1000080132,Sevilla,Anestesia,fidel,1.429,19,129.2,2223.12,-1.84,False,,,,
1000080132,Sevilla,Bioseguridad,fidel,3.036,19,92.8,1086.44,-1.16,False,,,,
1000080133,Jaén,Anestesia,perdut,0.0,419,,2223.12,,False,,,,
1000080137,La Rioja,Anestesia,marginal,0.0,1426,,2223.12,,False,,,,
1000080138,Valencia,Anestesia,marginal,0.087,7,,3410.04,,False,,,,
1000080138,Valencia,Bioseguridad,perdut,0.0,375,,1667.34,,False,,,,
1000080141,Cádiz,Bioseguridad,fidel,1.197,88,122.9,1667.34,-0.72,False,,,,
1000080142,Asturias,Anestesia,perdut,0.0,1802,,2223.12,,False,,,,
1000080145,Ciudad Real,Anestesia,perdut,0.478,103,,2223.12,,False,,,,
1000080145,Ciudad Real,Bioseguridad,perdut,1.843,103,,1086.44,,False,,,,
1000080148,Badajoz,Anestesia,perdut,0.598,238,,2223.12,,False,,,,
1000080151,Barcelona,Anestesia,perdut,0.535,105,,3410.04,,False,,,,
1000080152,Ávila,Bioseguridad,perdut,0.0,1028,,1086.44,,False,,,,
1000080161,Madrid,Anestesia,perdut,1.022,251,,2223.12,,False,,,,
1000080165,Barcelona,Anestesia,promiscu,0.416,80,213.6,3410.04,-3.05,False,,,,
1000080166,Alicante,Anestesia,fidel,1.629,83,144.8,2223.12,-1.29,False,,,,
1000080167,Zaragoza,Anestesia,perdut,0.449,161,,2223.12,,False,,,,
1000080167,Zaragoza,Bioseguridad,perdut,0.293,161,,1086.44,,False,,,,
1000080171,Madrid,Anestesia,fidel,1.419,45,236.6,1802.36,-2.2,False,,,,
1000080180,Madrid,Anestesia,perdut,0.808,130,,2223.12,,False,,,,
1000080181,Barcelona,Anestesia,perdut,0.0,802,,2223.12,,False,,,,
1000080187,Cádiz,Anestesia,perdut,0.941,104,,4546.72,,False,,,,
1000080192,Pontevedra,Anestesia,perdut,0.648,193,,2223.12,,False,,,,
1000080194,Navarra,Anestesia,perdut,0.0,586,,2223.12,,False,,,,
1000080203,Granada,Anestesia,fidel,1.055,13,61.6,2223.12,-1.42,False,,,,
1000080203,Granada,Bioseguridad,perdut,0.0,1281,,1086.44,,False,,,,
1000080207,Barcelona,Anestesia,fidel,0.799,67,247.9,2223.12,-2.28,False,,,,
1000080212,Almería,Anestesia,perdut,0.0,1301,,2223.12,,False,,,,
1000080212,Almería,Bioseguridad,perdut,0.0,1488,,1086.44,,False,,,,
1000080222,Albacete,Bioseguridad,marginal,0.0,1028,,1086.44,,False,,,,
1000080226,Málaga,Anestesia,perdut,0.052,207,,2223.12,,False,,,,
1000080231,Barcelona,Anestesia,promiscu,0.598,55,658.0,2223.12,-1.56,False,,,,
1000080232,Málaga,Bioseguridad,perdut,0.0,1531,,1086.44,,False,,,,
1000080237,Barcelona,Anestesia,fidel,1.056,69,104.9,3410.04,-0.65,False,,,,
1000080237,Barcelona,Bioseguridad,en_risc,1.527,69,86.6,1667.34,-0.46,True,caiguda_share,0.0,mitja,"Client en_risc de Bioseguridad (Share 12m: 153%). El seu cicle de compra és de 87 dies. Porta 69 dies sense comprar (-18 dies de coll). Tenia share alt, però en els últims 3 mesos ha caigut substancialment."
1000080243,Madrid,Anestesia,perdut,0.46,206,,1802.36,,False,,,,
1000080243,Madrid,Bioseguridad,perdut,0.0,1043,,879.2,,False,,,,
1000080246,Salamanca,Anestesia,perdut,0.982,236,,2223.12,,False,,,,
1000080250,Orense,Anestesia,perdut,0.216,195,,2223.12,,False,,,,
1000080252,A Coruña,Anestesia,perdut,0.245,117,,2223.12,,False,,,,
1000080252,A Coruña,Bioseguridad,perdut,0.0,633,,1086.44,,False,,,,
1000080255,Salamanca,Anestesia,fidel,1.386,40,390.0,2223.12,-0.72,False,,,,
1000080259,Madrid,Anestesia,perdut,0.0,427,,2223.12,,False,,,,
1000080263,Barcelona,Anestesia,perdut,0.784,222,,3410.04,,False,,,,
1000080263,Barcelona,Bioseguridad,perdut,0.486,222,,1667.34,,False,,,,
1000080265,Vizcaya,Anestesia,promiscu,0.675,53,218.9,3410.04,-1.83,False,,,,
1000080266,Cuenca,Bioseguridad,perdut,0.0,390,,1667.34,,False,,,,
1000080267,A Coruña,Anestesia,fidel,2.78,67,44.8,3410.04,0.72,False,,,,
1000080267,A Coruña,Bioseguridad,perdut,0.0,1356,,1667.34,,False,,,,
1000080268,Madrid,Anestesia,promiscu,0.362,46,380.3,1802.36,-1.95,False,,,,
1000080269,Pontevedra,Anestesia,marginal,0.093,81,,2223.12,,False,,,,
1000080274,Madrid,Anestesia,perdut,0.0,378,,2223.12,,False,,,,
1000080275,Barcelona,Anestesia,perdut,0.0,535,,2223.12,,False,,,,
1000080277,Jaén,Anestesia,marginal,0.0,1053,,2223.12,,False,,,,
1000080277,Jaén,Bioseguridad,perdut,0.0,1643,,1086.44,,False,,,,
1000080280,Sta.Cruz Tenerife,Anestesia,perdut,0.0,796,,2223.12,,False,,,,
1000080281,Guadalajara,Anestesia,promiscu,0.696,6,118.9,2223.12,-3.13,False,,,,
1000080281,Guadalajara,Bioseguridad,fidel,1.756,6,88.4,1086.44,-2.39,False,,,,
1000080285,Madrid,Anestesia,perdut,0.0,816,,2223.12,,False,,,,
1000080285,Madrid,Bioseguridad,perdut,0.0,999,,1086.44,,False,,,,
1000080288,Toledo,Anestesia,promiscu,0.401,75,348.2,1802.36,-1.94,False,,,,
1000080289,Madrid,Anestesia,perdut,0.0,490,,2223.12,,False,,,,
1000080291,Madrid,Anestesia,promiscu,0.737,20,758.5,1802.36,-2.09,False,,,,
1000080292,Barcelona,Anestesia,perdut,0.478,231,,2223.12,,False,,,,
1000080295,Toledo,Anestesia,fidel,0.973,46,189.2,1802.36,-2.35,False,,,,
1000080296,Zaragoza,Bioseguridad,marginal,0.0,1680,,1086.44,,False,,,,
1000080301,Pontevedra,Anestesia,marginal,0.0,1607,,9093.44,,False,,,,
1000080301,Pontevedra,Bioseguridad,fidel,1.824,28,45.2,4446.24,-1.38,False,,,,
1000080307,Granada,Anestesia,promiscu,0.359,27,181.5,2223.12,-1.07,False,,,,
1000080316,Albacete,Anestesia,perdut,0.681,283,,1802.36,,False,,,,
1000080317,Valencia,Anestesia,fidel,1.434,38,297.0,3410.04,-1.39,False,,,,
1000080317,Valencia,Bioseguridad,nou,0.0,38,,1667.34,,False,,,,
1000080320,Madrid,Anestesia,fidel,1.395,42,213.5,2223.12,-1.58,False,,,,
1000080321,Lugo,Anestesia,fidel,1.87,12,82.4,3410.04,-2.16,False,,,,
1000080322,Madrid,Anestesia,perdut,0.0,1445,,1802.36,,False,,,,
1000080323,Salamanca,Anestesia,perdut,0.328,161,,1802.36,,False,,,,
1000080338,Madrid,Anestesia,perdut,0.194,311,,2223.12,,False,,,,
1000080343,Málaga,Anestesia,perdut,0.4,206,,2223.12,,False,,,,
1000080343,Málaga,Bioseguridad,perdut,0.969,206,,1086.44,,False,,,,
1000080344,Madrid,Anestesia,perdut,0.041,238,,2223.12,,False,,,,
1000080344,Madrid,Bioseguridad,promiscu,0.597,26,624.0,1086.44,-1.03,False,,,,
1000080355,Granada,Anestesia,marginal,0.0,1788,,2223.12,,False,,,,
1000080355,Granada,Bioseguridad,perdut,0.0,907,,1086.44,,False,,,,
1000080357,Castellón,Anestesia,perdut,0.0,1004,,2223.12,,False,,,,
1000080365,Madrid,Anestesia,fidel,2.911,12,91.7,2223.12,-1.13,False,,,,
1000080365,Madrid,Bioseguridad,perdut,0.373,269,,1086.44,,False,,,,
1000080375,Madrid,Anestesia,perdut,0.239,186,,2223.12,,False,,,,
1000080375,Madrid,Bioseguridad,en_risc,2.202,28,115.2,1086.44,-0.81,True,caiguda_share,0.0,mitja,"Client en_risc de Bioseguridad (Share 12m: 220%). El seu cicle de compra és de 115 dies. Porta 28 dies sense comprar (-87 dies de coll). Tenia share alt, però en els últims 3 mesos ha caigut substancialment."
1000080379,Madrid,Anestesia,fidel,1.193,74,141.3,1802.36,-1.68,False,,,,
1000080379,Madrid,Bioseguridad,marginal,0.0,1265,,879.2,,False,,,,
1000080381,Alicante,Anestesia,perdut,0.487,312,,3410.04,,False,,,,
1000080386,Zaragoza,Anestesia,perdut,0.551,108,,2223.12,,False,,,,
1000080386,Zaragoza,Bioseguridad,perdut,0.329,222,,1086.44,,False,,,,
1000080387,Pontevedra,Anestesia,perdut,0.0,441,,2223.12,,False,,,,
1000080389,Granada,Anestesia,perdut,0.0,790,,2223.12,,False,,,,
1000080391,Vizcaya,Anestesia,perdut,0.915,174,,2223.12,,False,,,,
1000080391,Vizcaya,Bioseguridad,perdut,1.193,353,,1086.44,,False,,,,
1000080395,Valencia,Anestesia,perdut,0.0,1081,,2223.12,,False,,,,
1000080397,Sta.Cruz Tenerife,Anestesia,perdut,0.0,1426,,3410.04,,False,,,,
1000080400,Alicante,Anestesia,perdut,0.39,222,,3410.04,,False,,,,
1000080411,Madrid,Anestesia,perdut,0.344,214,,1802.36,,False,,,,
1000080412,Madrid,Anestesia,perdut,0.0,759,,1802.36,,False,,,,
1000080413,Madrid,Anestesia,fidel,1.195,39,268.2,2223.12,-1.91,False,,,,
1000080413,Madrid,Bioseguridad,perdut,0.0,528,,1086.44,,False,,,,
1000080417,Madrid,Anestesia,perdut,0.253,206,,3410.04,,False,,,,
1000080417,Madrid,Bioseguridad,perdut,0.0,378,,1667.34,,False,,,,
1000080419,Madrid,Anestesia,promiscu,0.721,87,346.8,2223.12,-0.98,False,,,,
1000080424,Barcelona,Anestesia,perdut,0.0,427,,2223.12,,False,,,,
1000080429,Madrid,Anestesia,perdut,0.0,1400,,2223.12,,False,,,,
1000080429,Madrid,Bioseguridad,marginal,0.0,1546,,1086.44,,False,,,,
1000080434,Cáceres,Anestesia,perdut,0.0,850,,2223.12,,False,,,,
1000080436,Madrid,Anestesia,fidel,1.172,73,177.3,3410.04,-1.08,False,,,,
1000080438,Palencia,Anestesia,promiscu,0.416,19,276.3,2223.12,-3.3,False,,,,
1000080441,Madrid,Anestesia,fidel,1.021,53,64.9,2223.12,-0.51,False,,,,
1000080442,Madrid,Anestesia,promiscu,0.37,13,301.0,3410.04,-1.18,False,,,,
1000080442,Madrid,Bioseguridad,promiscu,0.646,77,133.6,1667.34,-0.74,False,,,,
1000080443,Vizcaya,Anestesia,promiscu,0.606,80,184.0,3410.04,-0.59,False,,,,
1000080449,Barcelona,Anestesia,promiscu,0.478,82,,2223.12,,False,,,,
1000080454,Alicante,Anestesia,promiscu,0.559,67,154.8,3410.04,-1.52,False,,,,
1000080454,Alicante,Bioseguridad,perdut,0.364,235,,1667.34,,False,,,,
1000080459,Barcelona,Anestesia,fidel,1.281,17,92.6,2223.12,-1.61,False,,,,
1000080460,Madrid,Anestesia,promiscu,0.488,69,244.9,2223.12,-0.69,False,,,,
1000080461,Almería,Anestesia,promiscu,0.445,89,509.3,2223.12,-2.94,False,,,,
1000080463,Madrid,Anestesia,perdut,0.0,1139,,1802.36,,False,,,,
1000080467,A Coruña,Anestesia,perdut,0.0,1699,,2223.12,,False,,,,
1000080471,Las Palmas,Anestesia,perdut,0.434,320,,2223.12,,False,,,,
1000080471,Las Palmas,Bioseguridad,marginal,0.0,1776,,1086.44,,False,,,,
1000080472,Sevilla,Anestesia,promiscu,0.687,54,115.4,3410.04,-1.04,False,,,,
1000080472,Sevilla,Bioseguridad,en_risc,1.314,54,69.2,1667.34,-0.62,True,caiguda_share,0.0,mitja,"Client en_risc de Bioseguridad (Share 12m: 131%). El seu cicle de compra és de 69 dies. Porta 54 dies sense comprar (-15 dies de coll). Tenia share alt, però en els últims 3 mesos ha caigut substancialment."
1000080475,A Coruña,Anestesia,perdut,0.0,1102,,1802.36,,False,,,,
1000080480,Pontevedra,Anestesia,marginal,0.226,32,,2223.12,,False,,,,
1000080480,Pontevedra,Bioseguridad,perdut,0.0,705,,1086.44,,False,,,,
1000080483,Sevilla,Anestesia,perdut,0.199,206,,2223.12,,False,,,,
1000080487,Madrid,Anestesia,perdut,0.0,1434,,2223.12,,False,,,,
1000080487,Madrid,Bioseguridad,perdut,0.0,1643,,1086.44,,False,,,,
1000080488,Granada,Anestesia,marginal,0.0,1497,,2223.12,,False,,,,
1000080488,Granada,Bioseguridad,marginal,0.0,1580,,1086.44,,False,,,,
1000080492,Madrid,Anestesia,perdut,0.442,348,,1802.36,,False,,,,
1000080494,Madrid,Anestesia,perdut,0.465,222,,2223.12,,False,,,,
1000080494,Madrid,Bioseguridad,en_risc,0.298,271,,1086.44,,False,,,,
1000080495,Murcia,Anestesia,fidel,1.097,59,70.6,4546.72,-0.18,False,,,,
1000080497,Almería,Anestesia,perdut,0.569,116,,2223.12,,False,,,,
1000080499,Barcelona,Anestesia,marginal,0.13,28,,3410.04,,False,,,,
1000080502,Cantabria,Anestesia,perdut,0.0,822,,2223.12,,False,,,,
1000080508,Málaga,Bioseguridad,perdut,0.0,559,,1667.34,,False,,,,
1000080509,Madrid,Anestesia,promiscu,0.303,46,590.0,1802.36,-2.06,False,,,,
1000080509,Madrid,Bioseguridad,marginal,0.0,930,,879.2,,False,,,,
1000080513,Málaga,Anestesia,promiscu,0.264,62,100.5,2223.12,-0.67,False,,,,
1000080513,Málaga,Bioseguridad,perdut,0.0,944,,1086.44,,False,,,,
1000080514,Huesca,Anestesia,marginal,0.0,488,,3410.04,,False,,,,
1000080516,Girona,Anestesia,perdut,0.258,193,,2223.12,,False,,,,
1000080516,Girona,Bioseguridad,perdut,0.0,628,,1086.44,,False,,,,
1000080517,Granada,Anestesia,perdut,0.0,1718,,3410.04,,False,,,,
1000080517,Granada,Bioseguridad,marginal,0.0,1718,,1667.34,,False,,,,
1000080519,Pontevedra,Anestesia,perdut,1.272,192,,2223.12,,False,,,,
1000080522,Sta.Cruz Tenerife,Anestesia,promiscu,0.522,63,113.1,2223.12,-0.78,False,,,,
1000080530,Alicante,Anestesia,fidel,1.608,28,292.6,1802.36,-1.62,False,,,,
1000080531,Málaga,Bioseguridad,perdut,0.0,398,,1086.44,,False,,,,
1000080539,Guadalajara,Anestesia,perdut,0.392,182,,2223.12,,False,,,,
1000080545,Murcia,Anestesia,fidel,1.594,54,176.0,2223.12,-2.59,False,,,,
1000080545,Murcia,Bioseguridad,marginal,0.25,300,,1086.44,,False,,,,
1000080549,Alicante,Anestesia,perdut,0.0,697,,2223.12,,False,,,,
1000080550,Valencia,Anestesia,perdut,0.0,1187,,2223.12,,False,,,,
1000080550,Valencia,Bioseguridad,perdut,0.0,1004,,1086.44,,False,,,,
1000080553,Málaga,Anestesia,fidel,1.486,28,103.7,2223.12,-1.53,False,,,,
1000080560,Alicante,Anestesia,perdut,0.0,1243,,2223.12,,False,,,,
1000080560,Alicante,Bioseguridad,fidel,1.464,25,81.4,1086.44,-1.11,False,,,,
1000080565,Madrid,Bioseguridad,perdut,0.904,298,,879.2,,False,,,,
1000080570,A Coruña,Anestesia,en_risc,0.906,90,50.8,3410.04,1.94,True,caiguda_share,322.23,alta,"Client en_risc de Anestesia (Share 12m: 91%). El seu cicle de compra és de 51 dies. Porta 90 dies sense comprar (39 dies de coll). Tenia share alt, però en els últims 3 mesos ha caigut substancialment."
1000080574,Tarragona,Anestesia,perdut,0.0,896,,1802.36,,False,,,,
1000080575,Zaragoza,Bioseguridad,marginal,0.0,634,,1086.44,,False,,,,
1000080576,Valencia,Anestesia,promiscu,0.398,27,198.4,2223.12,-0.91,False,,,,
1000080576,Valencia,Bioseguridad,perdut,0.373,207,,1086.44,,False,,,,
1000080577,Sevilla,Anestesia,promiscu,0.603,27,132.0,6820.08,-1.13,False,,,,
1000080580,Murcia,Anestesia,perdut,0.0,445,,2223.12,,False,,,,
1000080583,Granada,Anestesia,perdut,0.0,1650,,2223.12,,False,,,,
1000080584,Ciudad Real,Anestesia,perdut,0.0,1182,,2223.12,,False,,,,
1000080585,Madrid,Anestesia,fidel,0.799,73,200.6,1802.36,-3.4,False,,,,
1000080597,Valencia,Anestesia,perdut,0.0,532,,3410.04,,False,,,,
1000080600,Murcia,Anestesia,perdut,0.0,913,,1802.36,,False,,,,
1000080600,Murcia,Bioseguridad,marginal,0.0,1397,,879.2,,False,,,,
1000080605,Madrid,Anestesia,perdut,0.258,354,,2223.12,,False,,,,
1000080605,Madrid,Bioseguridad,perdut,0.0,979,,1086.44,,False,,,,
1000080606,La Rioja,Anestesia,promiscu,0.563,47,95.0,3410.04,-1.15,False,,,,
1000080606,La Rioja,Bioseguridad,fidel,1.907,0,54.5,1667.34,-2.11,False,,,,
1000080615,Alicante,Anestesia,marginal,0.0,1722,,2223.12,,False,,,,
1000080620,Madrid,Anestesia,fidel,0.906,47,85.6,2223.12,-0.98,False,,,,
1000080625,Barcelona,Anestesia,perdut,0.598,208,,2223.12,,False,,,,
1000080629,Cádiz,Anestesia,promiscu,0.488,28,143.2,2223.12,-1.96,False,,,,
1000080634,Pontevedra,Anestesia,fidel,1.154,55,135.5,2223.12,-0.81,False,,,,
1000080634,Pontevedra,Bioseguridad,perdut,1.378,117,,1086.44,,False,,,,
1000080635,Cantabria,Anestesia,perdut,0.515,174,,3410.04,,False,,,,
1000080641,Las Palmas,Anestesia,promiscu,0.289,14,211.8,2223.12,-1.73,False,,,,
1000080648,Sevilla,Anestesia,perdut,0.39,238,,3410.04,,False,,,,
1000080653,Barcelona,Anestesia,perdut,0.0,1678,,2223.12,,False,,,,
1000080653,Barcelona,Bioseguridad,perdut,0.0,1678,,1086.44,,False,,,,
1000080660,Sta.Cruz Tenerife,Anestesia,perdut,0.234,222,,4546.72,,False,,,,
1000080661,Toledo,Anestesia,promiscu,0.524,27,190.3,1802.36,-1.1,False,,,,
1000080666,Badajoz,Anestesia,perdut,0.0,593,,2223.12,,False,,,,
1000080667,Pontevedra,Anestesia,perdut,0.0,1672,,2223.12,,False,,,,
1000080668,Alicante,Anestesia,perdut,0.0,490,,2223.12,,False,,,,
1000080669,Teruel,Anestesia,perdut,0.0,930,,2223.12,,False,,,,
1000080676,A Coruña,Anestesia,perdut,0.0,1396,,2223.12,,False,,,,
1000080678,Sta.Cruz Tenerife,Anestesia,promiscu,0.519,87,84.7,4546.72,0.05,True,finestra_captura,2188.2,alta,Client promiscu de Anestesia (Share 12m: 52%). El seu cicle de compra és de 85 dies. Porta 87 dies sense comprar (2 dies de coll). S'obre la seva finestra de reposició ara. Oportunitat per robar share a la competència.
1000080681,Sevilla,Anestesia,perdut,0.0,426,,3410.04,,False,,,,
1000080682,Ciudad Real,Anestesia,perdut,1.444,103,,2223.12,,False,,,,
1000080682,Ciudad Real,Bioseguridad,perdut,0.0,1488,,1086.44,,False,,,,
1000080690,Madrid,Anestesia,promiscu,0.661,68,497.0,3410.04,-1.05,False,,,,
1000080692,Sevilla,Anestesia,promiscu,0.688,28,180.3,3410.04,-2.01,False,,,,
1000080693,Sevilla,Anestesia,perdut,0.0,938,,3410.04,,False,,,,
1000080700,Sevilla,Anestesia,perdut,0.779,98,,3410.04,,False,,,,
1000080700,Sevilla,Bioseguridad,perdut,0.834,178,,1667.34,,False,,,,
1000080702,Sta.Cruz Tenerife,Anestesia,fidel,1.244,42,73.4,2223.12,-1.02,False,,,,
1000080708,Valencia,Anestesia,perdut,0.409,118,,2223.12,,False,,,,
1000080709,Jaén,Anestesia,perdut,0.0,969,,2223.12,,False,,,,
1000080711,Madrid,Anestesia,marginal,0.0,1288,,2223.12,,False,,,,
1000080711,Madrid,Bioseguridad,promiscu,0.421,75,564.7,1086.44,-0.83,False,,,,
1000080712,Huesca,Anestesia,fidel,1.536,54,379.8,3410.04,-1.19,False,,,,
1000080714,Barcelona,Anestesia,promiscu,0.333,73,216.1,3410.04,-1.42,False,,,,
1000080718,Sevilla,Anestesia,promiscu,0.478,55,180.3,3410.04,-1.38,False,,,,
1000080718,Sevilla,Bioseguridad,marginal,0.0,1742,,1667.34,,False,,,,
1000080721,Málaga,Anestesia,fidel,2.018,18,122.1,2223.12,-2.65,False,,,,
1000080721,Málaga,Bioseguridad,fidel,1.468,18,297.2,1086.44,-1.43,False,,,,
1000080724,Alicante,Anestesia,perdut,0.0,983,,4546.72,,False,,,,
1000080725,Sta.Cruz Tenerife,Anestesia,marginal,0.0,1571,,2223.12,,False,,,,
1000080726,A Coruña,Bioseguridad,perdut,0.0,392,,1086.44,,False,,,,
1000080728,Málaga,Anestesia,promiscu,0.495,46,120.6,3410.04,-1.04,False,,,,
1000080731,Tarragona,Anestesia,marginal,0.0,378,,1802.36,,False,,,,
1000080732,Valencia,Anestesia,perdut,0.0,763,,3410.04,,False,,,,
1000080735,Alicante,Anestesia,perdut,0.615,159,,2223.12,,False,,,,
1000080735,Alicante,Bioseguridad,marginal,0.0,1508,,1086.44,,False,,,,
1000080738,Valladolid,Anestesia,perdut,0.638,290,,2223.12,,False,,,,
1000080739,León,Bioseguridad,perdut,0.0,759,,1667.34,,False,,,,
1000080751,Cantabria,Anestesia,perdut,0.763,343,,1802.36,,False,,,,
1000080751,Cantabria,Bioseguridad,marginal,0.0,591,,879.2,,False,,,,
1000080760,Sta.Cruz Tenerife,Anestesia,promiscu,0.548,49,69.5,3410.04,-0.47,False,,,,
1000080760,Sta.Cruz Tenerife,Bioseguridad,perdut,0.0,565,,1667.34,,False,,,,
1000080772,Asturias,Anestesia,perdut,0.208,229,,3410.04,,False,,,,
1000080773,Guadalajara,Anestesia,perdut,0.193,292,,3410.04,,False,,,,
1000080773,Guadalajara,Bioseguridad,perdut,0.465,187,,1667.34,,False,,,,
1000080775,Palencia,Anestesia,promiscu,0.577,49,158.9,3410.04,-2.05,False,,,,
1000080775,Palencia,Bioseguridad,perdut,0.0,1466,,1667.34,,False,,,,
1000080779,Castellón,Anestesia,perdut,0.0,375,,1802.36,,False,,,,
1000080780,Asturias,Anestesia,perdut,0.288,186,,3410.04,,False,,,,
1000080786,Madrid,Anestesia,perdut,0.0,776,,1802.36,,False,,,,
1000080786,Madrid,Bioseguridad,perdut,0.0,1579,,879.2,,False,,,,
1000080787,Almería,Anestesia,promiscu,0.652,45,109.6,3410.04,-1.79,False,,,,
1000080788,Asturias,Anestesia,perdut,0.0,563,,4546.72,,False,,,,
1000080789,Valladolid,Anestesia,promiscu,0.416,26,254.7,3410.04,-4.15,False,,,,
1000080790,Sevilla,Anestesia,marginal,0.0,627,,3410.04,,False,,,,
1000080795,Pontevedra,Anestesia,perdut,0.133,304,,2223.12,,False,,,,
1000080797,Albacete,Anestesia,perdut,0.58,304,,2223.12,,False,,,,
1000080797,Albacete,Bioseguridad,perdut,0.447,224,,1086.44,,False,,,,
1000080803,Palencia,Anestesia,perdut,0.646,251,,2223.12,,False,,,,
1000080804,León,Anestesia,promiscu,0.319,82,322.2,2223.12,-1.81,False,,,,
1000080804,León,Bioseguridad,promiscu,0.554,82,285.8,1086.44,-1.38,False,,,,
1000080807,Málaga,Anestesia,promiscu,0.541,41,82.0,3410.04,-1.54,False,,,,
1000080809,Málaga,Bioseguridad,perdut,0.17,318,,1667.34,,False,,,,
1000080816,Barcelona,Anestesia,fidel,1.315,17,162.8,2223.12,-1.39,False,,,,
1000080818,Palencia,Bioseguridad,marginal,0.0,1236,,1086.44,,False,,,,
1000080819,Madrid,Anestesia,perdut,0.0,397,,2223.12,,False,,,,
1000080823,Tarragona,Anestesia,fidel,1.742,35,101.7,1802.36,-0.82,False,,,,
1000080825,Palencia,Anestesia,perdut,0.649,174,,3410.04,,False,,,,
1000080825,Palencia,Bioseguridad,fidel,1.632,81,141.9,1667.34,-0.66,False,,,,
1000080828,Sta.Cruz Tenerife,Anestesia,perdut,0.0,482,,2223.12,,False,,,,
1000080829,Sevilla,Anestesia,marginal,0.168,347,,3410.04,,False,,,,
1000080829,Sevilla,Bioseguridad,perdut,0.0,609,,1667.34,,False,,,,
1000080831,Madrid,Anestesia,perdut,0.731,213,,2223.12,,False,,,,
1000080831,Madrid,Bioseguridad,perdut,0.878,213,,1086.44,,False,,,,
1000080833,Alicante,Anestesia,perdut,0.648,243,,2223.12,,False,,,,
1000080834,Barcelona,Anestesia,marginal,0.0,1638,,2223.12,,False,,,,
1000080841,Cádiz,Anestesia,perdut,0.0,375,,3410.04,,False,,,,
1000080845,Granada,Anestesia,perdut,0.0,1042,,2223.12,,False,,,,
1000080848,Sevilla,Anestesia,perdut,0.0,913,,2223.12,,False,,,,
1000080850,Vizcaya,Anestesia,perdut,0.455,161,,2223.12,,False,,,,
1000080853,Alicante,Anestesia,perdut,0.0,853,,2223.12,,False,,,,
1000080855,Madrid,Anestesia,promiscu,0.423,68,154.2,3410.04,-0.37,False,,,,
1000080855,Madrid,Bioseguridad,fidel,3.051,26,47.8,1667.34,-0.51,False,,,,
1000080857,Málaga,Anestesia,perdut,0.0,822,,3410.04,,False,,,,
1000080859,Alicante,Anestesia,perdut,0.0,1410,,3410.04,,False,,,,
1000080860,Barcelona,Anestesia,perdut,0.0,1666,,4546.72,,False,,,,
1000080861,Navarra,Anestesia,perdut,0.0,651,,2223.12,,False,,,,
1000080863,Badajoz,Anestesia,perdut,0.0,969,,2223.12,,False,,,,
1000080867,Sta.Cruz Tenerife,Anestesia,promiscu,0.425,88,237.0,2223.12,-3.68,False,,,,
1000080873,Badajoz,Anestesia,perdut,0.969,285,,2223.12,,False,,,,
1000080873,Badajoz,Bioseguridad,perdut,0.247,285,,1086.44,,False,,,,
1000080874,Las Palmas,Anestesia,promiscu,0.382,27,157.3,2223.12,-1.29,False,,,,
1000080881,Burgos,Anestesia,perdut,0.0,1320,,2223.12,,False,,,,
1000080881,Burgos,Bioseguridad,marginal,0.0,1683,,1086.44,,False,,,,
1000080885,Lugo,Anestesia,promiscu,0.594,47,229.0,2223.12,-1.09,False,,,,
1000080887,Soria,Anestesia,perdut,0.0,944,,2223.12,,False,,,,
1000080887,Soria,Bioseguridad,fidel,5.169,28,54.9,1086.44,-1.33,False,,,,
1000080895,Pontevedra,Anestesia,promiscu,0.631,28,169.9,1802.36,-1.09,False,,,,
1000080895,Pontevedra,Bioseguridad,marginal,0.0,1536,,879.2,,False,,,,
1000080898,Granada,Anestesia,perdut,0.0,760,,2223.12,,False,,,,
1000080899,Alicante,Anestesia,perdut,0.172,179,,4546.72,,False,,,,
1000080904,Barcelona,Anestesia,fidel,1.216,40,87.2,3410.04,-1.0,False,,,,
1000080904,Barcelona,Bioseguridad,promiscu,0.724,38,114.5,1667.34,-0.57,False,,,,
1000080905,Madrid,Anestesia,perdut,0.0,1566,,1802.36,,False,,,,
1000080905,Madrid,Bioseguridad,perdut,0.0,1693,,879.2,,False,,,,
1000080909,Madrid,Anestesia,marginal,0.203,105,,1802.36,,False,,,,
1000080911,Sevilla,Anestesia,perdut,0.266,293,,2223.12,,False,,,,
1000080912,Las Palmas,Anestesia,fidel,0.841,66,78.1,2223.12,-0.34,False,,,,
1000080916,Barcelona,Anestesia,perdut,0.266,168,,2223.12,,False,,,,
1000080916,Barcelona,Bioseguridad,perdut,0.366,168,,1086.44,,False,,,,
1000080922,Guadalajara,Anestesia,perdut,0.0,1147,,1802.36,,False,,,,
1000080926,Alicante,Anestesia,perdut,0.39,110,,3410.04,,False,,,,
1000080926,Alicante,Bioseguridad,marginal,0.17,110,,1667.34,,False,,,,
1000080927,Las Palmas,Anestesia,perdut,0.251,109,,2223.12,,False,,,,
1000080928,Vizcaya,Anestesia,perdut,0.495,194,,2223.12,,False,,,,
1000080928,Vizcaya,Bioseguridad,promiscu,0.366,40,557.7,1086.44,-1.0,False,,,,
1000080930,Girona,Anestesia,perdut,0.0,628,,1802.36,,False,,,,
1000080931,Valencia,Anestesia,promiscu,0.39,33,525.5,3410.04,-46.43,False,,,,
1000080936,Granada,Anestesia,perdut,0.768,101,,3410.04,,False,,,,
1000080936,Granada,Bioseguridad,perdut,0.0,340,,1667.34,,False,,,,
1000080939,Madrid,Anestesia,perdut,0.0,1039,,1802.36,,False,,,,
1000080939,Madrid,Bioseguridad,perdut,0.0,1039,,879.2,,False,,,,
1000080941,Girona,Anestesia,perdut,0.0,438,,2223.12,,False,,,,
1000080943,Huesca,Bioseguridad,perdut,0.0,672,,1667.34,,False,,,,
1000080944,Cádiz,Anestesia,fidel,1.972,34,77.0,2223.12,-0.83,False,,,,
1000080945,Cádiz,Bioseguridad,perdut,0.243,292,,1667.34,,False,,,,
1000080949,Barcelona,Anestesia,fidel,0.908,13,313.6,2223.12,-2.53,False,,,,
1000080950,Sevilla,Anestesia,promiscu,0.621,67,157.9,3410.04,-1.47,False,,,,
1000080952,Cuenca,Anestesia,fidel,1.453,38,341.8,1802.36,-2.62,False,,,,
1000080954,Ciudad Real,Anestesia,perdut,0.863,279,,2223.12,,False,,,,
1000080954,Ciudad Real,Bioseguridad,perdut,0.0,788,,1086.44,,False,,,,
1000080959,Sta.Cruz Tenerife,Anestesia,perdut,0.65,103,,2223.12,,False,,,,
1000080959,Sta.Cruz Tenerife,Bioseguridad,perdut,0.0,860,,1086.44,,False,,,,
1000080962,Zaragoza,Anestesia,perdut,0.0,929,,2223.12,,False,,,,
1000080966,Sta.Cruz Tenerife,Anestesia,perdut,0.39,227,,3410.04,,False,,,,
1000080966,Sta.Cruz Tenerife,Bioseguridad,perdut,0.486,251,,1667.34,,False,,,,
1000080967,Toledo,Anestesia,fidel,0.914,28,147.6,2223.12,-1.29,False,,,,
1000080968,Madrid,Anestesia,en_risc,1.247,55,71.4,2223.12,-0.55,True,caiguda_share,0.0,mitja,"Client en_risc de Anestesia (Share 12m: 125%). El seu cicle de compra és de 71 dies. Porta 55 dies sense comprar (-16 dies de coll). Tenia share alt, però en els últims 3 mesos ha caigut substancialment."
1000080969,Barcelona,Anestesia,perdut,0.315,306,,3410.04,,False,,,,
1000080972,Barcelona,Anestesia,perdut,0.0,1285,,3410.04,,False,,,,
1000080972,Barcelona,Bioseguridad,marginal,0.0,1690,,1667.34,,False,,,,
1000080980,Albacete,Anestesia,perdut,0.383,118,,2223.12,,False,,,,
1000080980,Albacete,Bioseguridad,perdut,0.298,306,,1086.44,,False,,,,
1000080981,Madrid,Anestesia,perdut,0.598,294,,2223.12,,False,,,,
1000080986,Murcia,Anestesia,marginal,0.0,676,,4546.72,,False,,,,
1000080986,Murcia,Bioseguridad,perdut,0.0,546,,2223.12,,False,,,,
1000080988,Segovia,Anestesia,promiscu,0.661,89,212.5,2223.12,-1.3,False,,,,
1000080988,Segovia,Bioseguridad,perdut,0.0,620,,1086.44,,False,,,,
1000080992,Sta.Cruz Tenerife,Anestesia,perdut,0.082,108,,2223.12,,False,,,,
1000080994,Madrid,Anestesia,perdut,0.323,111,,1802.36,,False,,,,
1000080996,Girona,Anestesia,perdut,0.598,159,,2223.12,,False,,,,
1000080999,A Coruña,Anestesia,promiscu,0.381,88,170.3,3410.04,-1.23,False,,,,
1000081006,Madrid,Anestesia,en_risc,0.598,264,,2223.12,,False,,,,
1000081010,Barcelona,Anestesia,promiscu,0.584,6,252.3,2223.12,-3.2,False,,,,
1000081011,Murcia,Anestesia,perdut,0.0,1713,,2223.12,,False,,,,
1000081026,Sevilla,Anestesia,fidel,0.766,47,216.8,2223.12,-1.68,False,,,,
1000081026,Sevilla,Bioseguridad,marginal,0.146,47,,1086.44,,False,,,,
1000081028,Valencia,Anestesia,fidel,1.04,40,189.9,3410.04,-3.17,False,,,,
1000081028,Valencia,Bioseguridad,perdut,0.583,224,,1667.34,,False,,,,
1000081034,Huelva,Anestesia,perdut,0.684,116,,2223.12,,False,,,,
1000081036,Barcelona,Anestesia,marginal,0.051,94,,2223.12,,False,,,,
1000081036,Barcelona,Bioseguridad,perdut,0.0,1543,,1086.44,,False,,,,
1000081039,Valencia,Anestesia,marginal,0.0,810,,2223.12,,False,,,,
1000081040,Valencia,Anestesia,fidel,1.228,20,247.7,2223.12,-1.43,False,,,,
1000081040,Valencia,Bioseguridad,perdut,0.278,334,,1086.44,,False,,,,
1000081041,La Rioja,Anestesia,marginal,0.0,1518,,2223.12,,False,,,,
1000081043,Alicante,Anestesia,promiscu,0.707,14,177.9,3410.04,-1.67,False,,,,
1000081044,Madrid,Anestesia,perdut,0.0,903,,2223.12,,False,,,,
1000081047,Murcia,Anestesia,perdut,0.575,94,,2223.12,,False,,,,
1000081050,Valladolid,Anestesia,marginal,0.242,83,,3410.04,,False,,,,
1000081050,Valladolid,Bioseguridad,perdut,0.0,375,,1667.34,,False,,,,
1000081058,Madrid,Anestesia,perdut,0.865,112,,2223.12,,False,,,,
1000081061,Badajoz,Anestesia,fidel,1.188,88,273.2,2223.12,-1.51,False,,,,
1000081066,Asturias,Anestesia,perdut,0.0,404,,2223.12,,False,,,,
1000081074,Murcia,Anestesia,perdut,0.36,360,,2223.12,,False,,,,
1000081081,Cádiz,Anestesia,perdut,0.626,108,,6820.08,,False,,,,
1000081081,Cádiz,Bioseguridad,marginal,0.238,35,,3334.68,,False,,,,
1000081084,Granada,Anestesia,perdut,0.0,545,,2223.12,,False,,,,
1000081084,Granada,Bioseguridad,perdut,0.0,1195,,1086.44,,False,,,,
1000081085,Alicante,Anestesia,promiscu,0.698,28,197.9,2223.12,-1.85,False,,,,
1000081089,,Anestesia,perdut,0.252,321,,2223.12,,False,,,,
1000081092,Pontevedra,Anestesia,marginal,0.0,1547,,1802.36,,False,,,,
1000081093,Valencia,Anestesia,en_risc,0.916,28,125.9,3410.04,-1.69,True,caiguda_share,287.94,mitja,"Client en_risc de Anestesia (Share 12m: 92%). El seu cicle de compra és de 126 dies. Porta 28 dies sense comprar (-98 dies de coll). Tenia share alt, però en els últims 3 mesos ha caigut substancialment."
1000081093,Valencia,Bioseguridad,perdut,1.192,171,,1667.34,,False,,,,
1000081096,Valencia,Anestesia,promiscu,0.616,40,58.9,3410.04,-0.5,False,,,,
1000081098,Segovia,Anestesia,perdut,0.0,392,,2223.12,,False,,,,
1000081101,Huelva,Anestesia,perdut,0.39,122,,3410.04,,False,,,,
1000081101,Huelva,Bioseguridad,perdut,1.88,122,,1667.34,,False,,,,
1000081105,Sevilla,Anestesia,fidel,0.8,33,226.7,3410.04,-1.84,False,,,,
1000081105,Sevilla,Bioseguridad,marginal,0.121,32,,1667.34,,False,,,,
1000081115,Asturias,Anestesia,perdut,0.104,117,,6820.08,,False,,,,
1000081115,Asturias,Bioseguridad,perdut,0.77,117,,3334.68,,False,,,,
1000081118,Madrid,Anestesia,perdut,0.835,224,,2223.12,,False,,,,
1000081126,Madrid,Anestesia,perdut,0.37,129,,3410.04,,False,,,,
1000081131,Barcelona,Anestesia,perdut,0.516,355,,2223.12,,False,,,,
1000081135,Madrid,Anestesia,perdut,0.478,353,,2223.12,,False,,,,
1000081135,Madrid,Bioseguridad,perdut,0.0,402,,1086.44,,False,,,,
1000081143,Madrid,Anestesia,perdut,0.779,119,,3410.04,,False,,,,
1000081144,Barcelona,Anestesia,perdut,0.0,1455,,2223.12,,False,,,,
1000081145,Sta.Cruz Tenerife,Anestesia,en_risc,0.699,75,70.8,2223.12,0.13,True,caiguda_share,669.33,mitja,"Client en_risc de Anestesia (Share 12m: 70%). El seu cicle de compra és de 71 dies. Porta 75 dies sense comprar (4 dies de coll). Tenia share alt, però en els últims 3 mesos ha caigut substancialment."
1000081145,Sta.Cruz Tenerife,Bioseguridad,fidel,1.756,75,78.7,1086.44,-0.09,False,,,,
1000081148,Valencia,Anestesia,marginal,0.0,1195,,1802.36,,False,,,,
1000081149,Sta.Cruz Tenerife,Anestesia,promiscu,0.383,17,72.8,9093.44,-1.19,False,,,,
1000081152,Sevilla,Anestesia,fidel,0.789,59,151.7,2223.12,-1.26,False,,,,
1000081155,Lleida,Anestesia,fidel,0.789,76,170.6,2223.12,-1.6,False,,,,
1000081160,Barcelona,Anestesia,perdut,0.742,118,,2223.12,,False,,,,
1000081160,Barcelona,Bioseguridad,perdut,0.522,206,,1086.44,,False,,,,
1000081161,Valladolid,Anestesia,perdut,0.0,958,,3410.04,,False,,,,
1000081165,Madrid,Anestesia,promiscu,0.677,13,80.0,4546.72,-1.45,False,,,,
1000081165,Madrid,Bioseguridad,marginal,0.179,67,,2223.12,,False,,,,
1000081172,Barcelona,Anestesia,perdut,0.608,122,,2223.12,,False,,,,
1000081174,Córdoba,Anestesia,perdut,0.0,942,,2223.12,,False,,,,
1000081175,Madrid,Anestesia,perdut,0.0,1369,,1802.36,,False,,,,
1000081176,Cádiz,Anestesia,perdut,0.379,108,,3410.04,,False,,,,
1000081176,Cádiz,Bioseguridad,perdut,0.0,1188,,1667.34,,False,,,,
1000081179,Teruel,Bioseguridad,perdut,0.0,593,,1086.44,,False,,,,
1000081180,Madrid,Anestesia,perdut,0.0,1098,,1802.36,,False,,,,
1000081181,Asturias,Anestesia,perdut,0.133,202,,2223.12,,False,,,,
1000081183,Barcelona,Anestesia,perdut,0.0,634,,3410.04,,False,,,,
1000081188,Granada,Anestesia,perdut,0.0,1091,,2223.12,,False,,,,
1000081191,Asturias,Anestesia,perdut,0.0,675,,2223.12,,False,,,,
1000081197,Murcia,Anestesia,perdut,0.539,110,,2223.12,,False,,,,
1000081197,Murcia,Bioseguridad,perdut,0.0,413,,1086.44,,False,,,,
1000081198,Murcia,Anestesia,en_risc,2.844,76,129.8,1802.36,-0.43,True,caiguda_share,0.0,mitja,"Client en_risc de Anestesia (Share 12m: 284%). El seu cicle de compra és de 130 dies. Porta 76 dies sense comprar (-54 dies de coll). Tenia share alt, però en els últims 3 mesos ha caigut substancialment."
1000081198,Murcia,Bioseguridad,perdut,0.322,290,,879.2,,False,,,,
1000081199,Sevilla,Anestesia,perdut,1.158,103,,3410.04,,False,,,,
1000081199,Sevilla,Bioseguridad,perdut,0.767,103,,1667.34,,False,,,,
1000081203,Barcelona,Anestesia,marginal,0.0,1670,,4546.72,,False,,,,
1000081208,Asturias,Anestesia,marginal,0.0,794,,3410.04,,False,,,,
1000081208,Asturias,Bioseguridad,perdut,0.0,704,,1667.34,,False,,,,
1000081210,Madrid,Anestesia,fidel,1.172,32,196.2,1802.36,-2.47,False,,,,
1000081213,Barcelona,Anestesia,perdut,0.0,1197,,2223.12,,False,,,,
1000081213,Barcelona,Bioseguridad,marginal,0.0,1341,,1086.44,,False,,,,
1000081215,Barcelona,Anestesia,perdut,0.643,329,,2223.12,,False,,,,
1000081216,Alicante,Anestesia,fidel,4.777,18,26.8,2223.12,-0.39,False,,,,
1000081217,Madrid,Anestesia,perdut,0.779,349,,1802.36,,False,,,,
1000081217,Madrid,Bioseguridad,marginal,0.0,1215,,879.2,,False,,,,
1000081220,A Coruña,Anestesia,perdut,0.0,825,,2223.12,,False,,,,
1000081220,A Coruña,Bioseguridad,perdut,0.0,418,,1086.44,,False,,,,
1000081236,Murcia,Anestesia,en_risc,1.44,59,103.9,2223.12,-0.61,True,caiguda_share,0.0,mitja,"Client en_risc de Anestesia (Share 12m: 144%). El seu cicle de compra és de 104 dies. Porta 59 dies sense comprar (-45 dies de coll). Tenia share alt, però en els últims 3 mesos ha caigut substancialment."
1000081238,Asturias,Bioseguridad,perdut,0.0,1475,,1667.34,,False,,,,
1000081239,Alicante,Anestesia,perdut,0.811,130,,1802.36,,False,,,,
1000081242,Málaga,Anestesia,perdut,0.0,381,,1802.36,,False,,,,
1000081268,Murcia,Anestesia,en_risc,2.987,55,73.4,2223.12,-0.62,True,caiguda_share,0.0,mitja,"Client en_risc de Anestesia (Share 12m: 299%). El seu cicle de compra és de 73 dies. Porta 55 dies sense comprar (-18 dies de coll). Tenia share alt, però en els últims 3 mesos ha caigut substancialment."
1000081268,Murcia,Bioseguridad,fidel,4.217,55,63.0,1086.44,-0.22,False,,,,
1000081275,Madrid,Anestesia,marginal,0.205,13,,2223.12,,False,,,,
1000081281,Barcelona,Anestesia,perdut,0.0,404,,2223.12,,False,,,,
1000081281,Barcelona,Bioseguridad,perdut,2.581,94,,1086.44,,False,,,,
1000081284,A Coruña,Anestesia,perdut,1107.32,178,,1.0,,False,,,,
1000081284,A Coruña,Bioseguridad,perdut,202.53,263,,1.0,,False,,,,
1000081286,Tarragona,Anestesia,perdut,0.0,1070,,1802.36,,False,,,,
1000081301,Valencia,Anestesia,marginal,0.0,1110,,2223.12,,False,,,,
1000081301,Valencia,Bioseguridad,perdut,0.0,753,,1086.44,,False,,,,
1000081302,Madrid,Anestesia,perdut,0.351,167,,2223.12,,False,,,,
1000081305,Albacete,Anestesia,perdut,0.247,173,,2223.12,,False,,,,
1000081305,Albacete,Bioseguridad,en_risc,0.298,173,,1086.44,,False,,,,
1000081316,Alicante,Anestesia,fidel,1.437,68,65.8,3410.04,0.07,False,,,,
1000081316,Alicante,Bioseguridad,perdut,0.583,320,,1667.34,,False,,,,
1000081322,Madrid,Anestesia,perdut,0.0,1417,,2223.12,,False,,,,
1000081324,Castellón,Anestesia,perdut,0.0,934,,2223.12,,False,,,,
1000081324,Castellón,Bioseguridad,marginal,0.0,934,,1086.44,,False,,,,
1000081326,Valencia,Anestesia,fidel,0.868,26,195.9,2223.12,-2.26,False,,,,
1000081326,Valencia,Bioseguridad,marginal,0.0,769,,1086.44,,False,,,,
1000081327,Navarra,Anestesia,perdut,0.584,193,,3410.04,,False,,,,
1000081331,Madrid,Anestesia,perdut,0.0,937,,3410.04,,False,,,,
1000081331,Madrid,Bioseguridad,perdut,0.0,916,,1667.34,,False,,,,
1000081332,Murcia,Anestesia,fidel,0.886,49,322.0,2223.12,-3.39,False,,,,
1000081333,Huesca,Anestesia,fidel,1.349,66,140.1,3410.04,-1.17,False,,,,
1000081333,Huesca,Bioseguridad,perdut,0.534,179,,1667.34,,False,,,,
1000081338,Málaga,Bioseguridad,perdut,1.44,182,,1667.34,,False,,,,
1000081341,Sevilla,Anestesia,promiscu,0.525,88,149.3,4546.72,-0.58,False,,,,
1000081341,Sevilla,Bioseguridad,marginal,0.0,1432,,2223.12,,False,,,,
1000081343,Sevilla,Anestesia,nou,0.583,82,,2223.12,,False,,,,
1000081347,Barcelona,Anestesia,fidel,0.892,6,130.2,2223.12,-1.48,False,,,,
1000081347,Barcelona,Bioseguridad,marginal,0.0,991,,1086.44,,False,,,,
1000081349,Barcelona,Anestesia,perdut,0.0,978,,3410.04,,False,,,,
1000081350,Madrid,Anestesia,perdut,0.407,153,,1802.36,,False,,,,
1000081354,Córdoba,Anestesia,perdut,0.147,206,,3410.04,,False,,,,
1000081355,Las Palmas,Anestesia,marginal,0.0,1196,,3410.04,,False,,,,
1000081356,Sta.Cruz Tenerife,Anestesia,marginal,0.216,20,,3410.04,,False,,,,
1000081357,Sta.Cruz Tenerife,Anestesia,perdut,0.0,1056,,4546.72,,False,,,,
1000081358,Barcelona,Anestesia,fidel,1.22,67,113.0,2223.12,-0.78,False,,,,
1000081359,Barcelona,Anestesia,fidel,1.628,52,114.5,2223.12,-2.62,False,,,,
1000081361,Madrid,Anestesia,promiscu,0.49,45,126.7,2223.12,-0.81,False,,,,
1000081362,Madrid,Anestesia,marginal,0.087,174,,3410.04,,False,,,,
1000081366,Sta.Cruz Tenerife,Anestesia,nou,0.181,26,,3410.04,,False,,,,
1000081368,León,Anestesia,perdut,0.551,111,,3410.04,,False,,,,
1000081368,León,Bioseguridad,fidel,5.659,27,66.4,1667.34,-0.54,False,,,,
1000081369,Valencia,Anestesia,fidel,0.751,82,171.7,3410.04,-0.76,False,,,,
1000081370,A Coruña,Anestesia,fidel,708.69,28,134.1,1.0,-1.42,False,,,,
1000081370,A Coruña,Bioseguridad,fidel,228.91,28,487.7,1.0,-0.65,False,,,,
1000081372,Madrid,Anestesia,perdut,0.345,123,,2223.12,,False,,,,
1000081372,Madrid,Bioseguridad,marginal,0.0,956,,1086.44,,False,,,,
1000081381,Vizcaya,Anestesia,perdut,0.722,111,,3410.04,,False,,,,
1000081384,Huelva,Anestesia,marginal,0.0,572,,2223.12,,False,,,,
1000081386,,Anestesia,perdut,0.225,215,,3410.04,,False,,,,
1000081387,Valladolid,Anestesia,perdut,0.736,193,,2223.12,,False,,,,
1000081388,Valencia,Anestesia,perdut,0.078,182,,1802.36,,False,,,,
1000081389,Granada,Anestesia,perdut,0.378,349,,3410.04,,False,,,,
1000081399,Murcia,Bioseguridad,perdut,0.597,110,,1086.44,,False,,,,
1000081410,Sevilla,Anestesia,perdut,2.048,110,,3410.04,,False,,,,
1000081410,Sevilla,Bioseguridad,perdut,0.0,951,,1667.34,,False,,,,
1000081413,Navarra,Anestesia,marginal,0.0,1028,,2223.12,,False,,,,
1000081413,Navarra,Bioseguridad,marginal,0.0,1028,,1086.44,,False,,,,
1000081414,Madrid,Anestesia,perdut,0.0,1028,,3410.04,,False,,,,
1000081415,Cantabria,Anestesia,fidel,1.466,27,258.7,2223.12,-3.23,False,,,,
1000081417,Sevilla,Anestesia,perdut,0.0,1203,,3410.04,,False,,,,
1000081418,Sevilla,Anestesia,perdut,0.0,1210,,4546.72,,False,,,,
1000081419,Granada,Anestesia,perdut,0.0,1797,,2223.12,,False,,,,
1000081419,Granada,Bioseguridad,perdut,0.0,1498,,1086.44,,False,,,,
1000081420,Asturias,Anestesia,perdut,0.0,1167,,2223.12,,False,,,,
1000081421,Barcelona,Anestesia,fidel,1.932,26,38.5,3410.04,-0.53,False,,,,
1000081424,Castellón,Anestesia,perdut,0.0,1053,,2223.12,,False,,,,
1000081425,Tarragona,Anestesia,fidel,1.832,25,67.3,2223.12,-1.17,False,,,,
1000081429,Madrid,Anestesia,perdut,0.0,1672,,1802.36,,False,,,,
1000081430,,Anestesia,perdut,0.0,1627,,2223.12,,False,,,,
1000081433,Murcia,Anestesia,perdut,0.865,115,,2223.12,,False,,,,
1000081433,Murcia,Bioseguridad,marginal,0.25,223,,1086.44,,False,,,,
1000081434,,Anestesia,perdut,0.0,1013,,1802.36,,False,,,,
1000081436,Madrid,Anestesia,perdut,0.388,179,,3410.04,,False,,,,
1000081437,Valladolid,Anestesia,perdut,0.027,96,,3410.04,,False,,,,
1000081437,Valladolid,Bioseguridad,perdut,0.0,776,,1667.34,,False,,,,
1000081438,Sta.Cruz Tenerife,Anestesia,perdut,0.0,745,,2223.12,,False,,,,
1000081440,La Rioja,Anestesia,perdut,0.0,1414,,3410.04,,False,,,,
1000081446,Pontevedra,Anestesia,perdut,0.309,348,,2223.12,,False,,,,
1000081452,Girona,Anestesia,marginal,0.0,1512,,1802.36,,False,,,,
1000081454,Sevilla,Anestesia,fidel,1.165,59,109.6,3410.04,-1.2,False,,,,
1000081454,Sevilla,Bioseguridad,en_risc,1.431,59,103.2,1667.34,-1.12,True,caiguda_share,0.0,mitja,"Client en_risc de Bioseguridad (Share 12m: 143%). El seu cicle de compra és de 103 dies. Porta 59 dies sense comprar (-44 dies de coll). Tenia share alt, però en els últims 3 mesos ha caigut substancialment."
1000081461,Lleida,Anestesia,perdut,0.0,1195,,2223.12,,False,,,,
1000081466,Córdoba,Anestesia,promiscu,0.585,12,374.8,4546.72,-1.66,False,,,,
1000081468,Barcelona,Anestesia,perdut,0.0,784,,2223.12,,False,,,,
1000081475,Barcelona,Anestesia,promiscu,0.638,53,74.9,2223.12,-0.76,False,,,,
1000081475,Barcelona,Bioseguridad,perdut,0.0,934,,1086.44,,False,,,,
1000081478,Valencia,Anestesia,perdut,0.0,382,,2223.12,,False,,,,
1000081480,Ciudad Real,Anestesia,fidel,1.152,13,177.2,2223.12,-1.09,False,,,,
1000081480,Ciudad Real,Bioseguridad,fidel,2.205,55,114.7,1086.44,-0.98,False,,,,
1000081481,,Bioseguridad,perdut,0.0,1643,,879.2,,False,,,,
1000081484,,Anestesia,fidel,1.176,35,136.1,3410.04,-2.47,False,,,,
1000081494,Alicante,Anestesia,perdut,0.0,705,,3410.04,,False,,,,
1000081496,Cantabria,Anestesia,perdut,1.083,326,,2223.12,,False,,,,
1000081496,Cantabria,Bioseguridad,perdut,0.0,486,,1086.44,,False,,,,
1000081497,Valencia,Anestesia,en_risc,0.258,340,,2223.12,,False,,,,
1000081497,Valencia,Bioseguridad,marginal,0.0,1805,,1086.44,,False,,,,
1000081499,A Coruña,Anestesia,perdut,0.922,94,,2223.12,,False,,,,
1000081499,A Coruña,Bioseguridad,fidel,4.967,17,63.8,1086.44,-0.54,False,,,,
1000081502,Valencia,Anestesia,marginal,0.078,207,,3410.04,,False,,,,
1000081506,Las Palmas,Anestesia,marginal,0.0,1245,,2223.12,,False,,,,
1000081514,Navarra,Anestesia,fidel,1.193,66,190.6,2223.12,-1.21,False,,,,
1000081514,Navarra,Bioseguridad,perdut,2.603,132,,1086.44,,False,,,,
1000081515,Asturias,Anestesia,promiscu,0.381,17,218.8,3410.04,-2.02,False,,,,
1000081518,Málaga,Anestesia,marginal,0.037,285,,3410.04,,False,,,,
1000081518,Málaga,Bioseguridad,perdut,0.486,285,,1667.34,,False,,,,
1000081519,Segovia,Bioseguridad,marginal,0.0,1244,,1667.34,,False,,,,
1000081520,Valencia,Anestesia,marginal,0.202,318,,3410.04,,False,,,,
1000081523,Madrid,Anestesia,perdut,0.26,103,,2223.12,,False,,,,
1000081523,Madrid,Bioseguridad,perdut,0.369,103,,1086.44,,False,,,,
1000081526,Zaragoza,Bioseguridad,marginal,0.0,910,,1667.34,,False,,,,
1000081527,Granada,Anestesia,perdut,0.0,1153,,2223.12,,False,,,,
1000081528,Barcelona,Anestesia,fidel,1.096,52,133.8,2223.12,-1.94,False,,,,
1000081529,Madrid,Anestesia,perdut,0.434,165,,2223.12,,False,,,,
1000081529,Madrid,Bioseguridad,perdut,0.746,223,,1086.44,,False,,,,
1000081532,Málaga,Bioseguridad,perdut,0.121,187,,1667.34,,False,,,,
1000081538,Alicante,Anestesia,perdut,0.0,1033,,2223.12,,False,,,,
1000081540,Granada,Anestesia,promiscu,0.398,28,257.2,2223.12,-2.92,False,,,,
1000081540,Granada,Bioseguridad,perdut,0.0,935,,1086.44,,False,,,,
1000081542,Sevilla,Anestesia,fidel,1.496,74,105.5,2223.12,-0.47,False,,,,
1000081549,Sta.Cruz Tenerife,Anestesia,promiscu,0.327,75,129.7,2223.12,-1.35,False,,,,
1000081553,Zaragoza,Anestesia,perdut,0.58,346,,2223.12,,False,,,,
1000081553,Zaragoza,Bioseguridad,perdut,0.878,178,,1086.44,,False,,,,
1000081558,Vizcaya,Anestesia,perdut,0.0,683,,2223.12,,False,,,,
1000081558,Vizcaya,Bioseguridad,perdut,0.0,852,,1086.44,,False,,,,
1000081560,Asturias,Anestesia,perdut,0.531,206,,2223.12,,False,,,,
1000081560,Asturias,Bioseguridad,marginal,0.0,424,,1086.44,,False,,,,
1000081562,Madrid,Anestesia,perdut,0.0,1498,,2223.12,,False,,,,
1000081565,Alicante,Anestesia,en_risc,1.209,66,81.9,2223.12,-0.29,True,caiguda_share,0.0,mitja,"Client en_risc de Anestesia (Share 12m: 121%). El seu cicle de compra és de 82 dies. Porta 66 dies sense comprar (-16 dies de coll). Tenia share alt, però en els últims 3 mesos ha caigut substancialment."
1000081566,Valencia,Bioseguridad,marginal,0.0,843,,1667.34,,False,,,,
1000081567,Cuenca,Anestesia,fidel,1.793,12,198.3,2223.12,-1.6,False,,,,
1000081567,Cuenca,Bioseguridad,en_risc,2.955,12,86.2,1086.44,-1.65,True,caiguda_share,0.0,mitja,"Client en_risc de Bioseguridad (Share 12m: 295%). El seu cicle de compra és de 86 dies. Porta 12 dies sense comprar (-74 dies de coll). Tenia share alt, però en els últims 3 mesos ha caigut substancialment."
1000081575,Alicante,Anestesia,marginal,0.247,70,,2223.12,,False,,,,
1000081576,Valencia,Anestesia,perdut,0.673,312,,3410.04,,False,,,,
1000081581,Madrid,Anestesia,fidel,1.23,55,122.9,2223.12,-2.47,False,,,,
1000081581,Madrid,Bioseguridad,en_risc,3.659,55,73.2,1086.44,-0.24,True,caiguda_share,0.0,mitja,"Client en_risc de Bioseguridad (Share 12m: 366%). El seu cicle de compra és de 73 dies. Porta 55 dies sense comprar (-18 dies de coll). Tenia share alt, però en els últims 3 mesos ha caigut substancialment."
1000081594,Barcelona,Anestesia,marginal,0.0,1627,,3410.04,,False,,,,
1000081597,Valencia,Anestesia,marginal,0.225,56,,2223.12,,False,,,,
1000081597,Valencia,Bioseguridad,promiscu,0.373,56,316.0,1086.44,-0.76,False,,,,
1000081598,Valencia,Anestesia,perdut,0.428,185,,3410.04,,False,,,,
1000081598,Valencia,Bioseguridad,marginal,0.0,713,,1667.34,,False,,,,
1000081599,Pontevedra,Anestesia,perdut,0.328,213,,1802.36,,False,,,,
1000081600,Granada,Anestesia,marginal,0.0,1432,,2223.12,,False,,,,
1000081600,Granada,Bioseguridad,perdut,0.0,1432,,1086.44,,False,,,,
1000081601,Girona,Anestesia,fidel,1.416,19,160.3,2223.12,-2.96,False,,,,
1000081601,Girona,Bioseguridad,perdut,0.0,1343,,1086.44,,False,,,,
1000081602,Valladolid,Anestesia,perdut,0.085,230,,2223.12,,False,,,,
1000081602,Valladolid,Bioseguridad,perdut,0.805,230,,1086.44,,False,,,,
1000081604,Asturias,Anestesia,perdut,0.0,508,,5683.4,,False,,,,
1000081605,A Coruña,Bioseguridad,marginal,0.0,1447,,1667.34,,False,,,,
1000081606,Madrid,Anestesia,en_risc,0.988,27,72.7,4546.72,-1.41,True,caiguda_share,55.51,mitja,"Client en_risc de Anestesia (Share 12m: 99%). El seu cicle de compra és de 73 dies. Porta 27 dies sense comprar (-46 dies de coll). Tenia share alt, però en els últims 3 mesos ha caigut substancialment."
1000081608,Madrid,Anestesia,perdut,0.258,321,,2223.12,,False,,,,
1000081608,Madrid,Bioseguridad,perdut,0.0,528,,1086.44,,False,,,,
1000081609,Jaén,Anestesia,perdut,0.0,1547,,3410.04,,False,,,,
1000081623,Valencia,Anestesia,fidel,1.926,62,57.2,2223.12,0.16,False,,,,
1000081623,Valencia,Bioseguridad,marginal,0.0,886,,1086.44,,False,,,,
1000081624,Madrid,Anestesia,promiscu,0.546,74,201.2,3410.04,-3.23,False,,,,
1000081624,Madrid,Bioseguridad,promiscu,0.389,74,238.8,1667.34,-2.73,False,,,,
1000081630,Sevilla,Anestesia,perdut,0.783,117,,2223.12,,False,,,,
1000081633,Asturias,Anestesia,promiscu,0.694,59,167.6,2223.12,-2.29,False,,,,
1000081634,Sta.Cruz Tenerife,Anestesia,promiscu,0.527,82,228.9,2223.12,-0.62,False,,,,
1000081635,Sta.Cruz Tenerife,Anestesia,promiscu,0.653,27,222.1,2223.12,-2.97,False,,,,
1000081638,Sevilla,Anestesia,fidel,1.027,82,139.2,2223.12,-0.74,False,,,,
1000081639,Barcelona,Anestesia,nou,0.319,49,,2223.12,,False,,,,
1000081640,Murcia,Anestesia,fidel,1.559,12,145.8,3410.04,-3.43,False,,,,
1000081640,Murcia,Bioseguridad,marginal,0.0,1796,,1667.34,,False,,,,
1000081642,Vizcaya,Anestesia,perdut,0.0,1413,,3410.04,,False,,,,
1000081660,Sevilla,Anestesia,promiscu,0.43,74,213.5,2223.12,-1.14,False,,,,
1000081660,Sevilla,Bioseguridad,promiscu,0.366,74,,1086.44,,False,,,,
1000081662,Granada,Bioseguridad,perdut,0.0,1566,,1086.44,,False,,,,
1000081670,A Coruña,Anestesia,fidel,1.251,33,160.5,2223.12,-1.3,False,,,,
1000081680,Las Palmas,Anestesia,perdut,0.196,103,,5683.4,,False,,,,
1000081681,Las Palmas,Anestesia,marginal,0.209,87,,2223.12,,False,,,,
1000081682,Madrid,Anestesia,perdut,0.371,209,,2223.12,,False,,,,
1000081686,Girona,Anestesia,perdut,0.598,264,,2223.12,,False,,,,
1000081689,Vizcaya,Anestesia,perdut,0.0,1490,,2223.12,,False,,,,
1000081692,Madrid,Anestesia,fidel,1.739,11,80.6,2223.12,-1.7,False,,,,
1000081693,Barcelona,Anestesia,perdut,0.996,203,,2223.12,,False,,,,
1000081695,Teruel,Anestesia,fidel,1.178,45,164.9,2223.12,-1.6,False,,,,
1000081697,Castellón,Anestesia,perdut,0.0,1452,,2223.12,,False,,,,
1000081698,Valladolid,Anestesia,perdut,0.606,97,,1802.36,,False,,,,
1000081701,Valladolid,Anestesia,perdut,0.0,833,,2223.12,,False,,,,
1000081701,Valladolid,Bioseguridad,perdut,0.0,692,,1086.44,,False,,,,
1000081702,Málaga,Anestesia,promiscu,0.333,62,240.7,2223.12,-1.26,False,,,,
1000081704,Asturias,Anestesia,perdut,0.0,1399,,2223.12,,False,,,,
1000081705,Cáceres,Anestesia,marginal,0.185,25,,2223.12,,False,,,,
1000081710,Valencia,Anestesia,promiscu,0.593,27,123.9,3410.04,-2.16,False,,,,
1000081712,Barcelona,Anestesia,perdut,0.0,896,,3410.04,,False,,,,
1000081712,Barcelona,Bioseguridad,perdut,0.0,1075,,1667.34,,False,,,,
1000081715,Huelva,Anestesia,promiscu,0.531,26,236.4,2223.12,-1.73,False,,,,
1000081716,Murcia,Anestesia,fidel,1.809,39,112.9,2223.12,-2.21,False,,,,
1000081719,Madrid,Anestesia,fidel,0.962,55,193.8,2223.12,-1.73,False,,,,
1000081723,Madrid,Anestesia,promiscu,0.424,63,139.9,2223.12,-0.86,False,,,,
1000081723,Madrid,Bioseguridad,perdut,0.902,117,,1086.44,,False,,,,
1000081729,Málaga,Anestesia,fidel,1.352,60,186.9,2223.12,-1.27,False,,,,
1000081729,Málaga,Bioseguridad,perdut,0.447,243,,1086.44,,False,,,,
1000081733,Zaragoza,Anestesia,perdut,0.0,468,,2223.12,,False,,,,
1000081733,Zaragoza,Bioseguridad,fidel,0.891,18,99.5,1086.44,-1.25,False,,,,
1000081735,Asturias,Anestesia,promiscu,0.47,46,69.1,5683.4,-0.78,False,,,,
1000081748,Girona,Anestesia,perdut,0.609,95,,2223.12,,False,,,,
1000081748,Girona,Bioseguridad,marginal,0.0,1510,,1086.44,,False,,,,
1000081749,A Coruña,Bioseguridad,marginal,0.0,1778,,1667.34,,False,,,,
1000081753,Madrid,Anestesia,perdut,0.0,739,,3410.04,,False,,,,
1000081756,Almería,Anestesia,perdut,1.195,181,,2223.12,,False,,,,
1000081756,Almería,Bioseguridad,perdut,0.0,726,,1086.44,,False,,,,
1000081761,Pontevedra,Anestesia,perdut,0.0,1558,,2223.12,,False,,,,
1000081765,Madrid,Anestesia,perdut,0.0,944,,3410.04,,False,,,,
1000081769,Las Palmas,Anestesia,fidel,0.969,80,106.4,4546.72,-0.4,False,,,,
1000081769,Las Palmas,Bioseguridad,en_risc,3.624,45,47.8,2223.12,-0.07,True,caiguda_share,0.0,mitja,"Client en_risc de Bioseguridad (Share 12m: 362%). El seu cicle de compra és de 48 dies. Porta 45 dies sense comprar (-3 dies de coll). Tenia share alt, però en els últims 3 mesos ha caigut substancialment."
1000081771,Murcia,Anestesia,marginal,0.0,1398,,2223.12,,False,,,,
1000081776,Cádiz,Anestesia,marginal,0.103,73,,26143.64,,False,,,,
1000081777,Guadalajara,Anestesia,promiscu,0.437,83,428.7,2223.12,-1.79,False,,,,
1000081777,Guadalajara,Bioseguridad,perdut,0.165,307,,1086.44,,False,,,,
1000081778,Jaén,Anestesia,fidel,0.905,54,88.2,2223.12,-0.85,False,,,,
1000081779,Huesca,Bioseguridad,perdut,0.0,1267,,1086.44,,False,,,,
1000081781,Sta.Cruz Tenerife,Anestesia,promiscu,0.606,46,85.9,3410.04,-0.86,False,,,,
1000081781,Sta.Cruz Tenerife,Bioseguridad,fidel,4.063,46,49.1,1667.34,-0.11,False,,,,
1000081785,Barcelona,Anestesia,perdut,0.253,181,,2223.12,,False,,,,
1000081789,A Coruña,Anestesia,perdut,0.278,294,,2223.12,,False,,,,
1000081790,Almería,Anestesia,perdut,0.0,1579,,2223.12,,False,,,,
1000081791,Sevilla,Anestesia,marginal,0.0,1791,,3410.04,,False,,,,
1000081793,Zaragoza,Anestesia,perdut,0.124,244,,2223.12,,False,,,,
1000081795,Sevilla,Anestesia,promiscu,0.747,74,175.2,3410.04,-1.28,False,,,,
1000081795,Sevilla,Bioseguridad,promiscu,0.715,18,269.0,1667.34,-0.98,False,,,,
1000081797,Madrid,Anestesia,fidel,0.813,38,84.2,2223.12,-2.86,False,,,,
1000081799,Barcelona,Anestesia,nou,0.299,74,,2223.12,,False,,,,
1000081802,Sta.Cruz Tenerife,Anestesia,promiscu,0.264,28,116.1,2223.12,-3.38,False,,,,
1000081806,Ciudad Real,Anestesia,perdut,0.0,942,,2223.12,,False,,,,
1000081808,Cáceres,Anestesia,perdut,0.0,1300,,2223.12,,False,,,,
1000081813,Vizcaya,Anestesia,fidel,1.07,19,167.8,2223.12,-0.9,False,,,,
1000081813,Vizcaya,Bioseguridad,marginal,0.0,633,,1086.44,,False,,,,
1000081816,Barcelona,Anestesia,promiscu,0.255,27,236.2,2223.12,-2.01,False,,,,
1000081817,Madrid,Anestesia,perdut,0.0,668,,2223.12,,False,,,,
1000081817,Madrid,Bioseguridad,perdut,0.0,976,,1086.44,,False,,,,
1000081818,Madrid,Anestesia,perdut,0.185,217,,2223.12,,False,,,,
1000081820,Cantabria,Anestesia,promiscu,0.314,24,,5683.4,,False,,,,
1000081820,Cantabria,Bioseguridad,marginal,0.073,158,,2778.9,,False,,,,
1000081822,Valencia,Anestesia,fidel,1.029,62,165.0,2223.12,-3.47,False,,,,
1000081822,Valencia,Bioseguridad,perdut,0.0,1040,,1086.44,,False,,,,
1000081823,Madrid,Anestesia,perdut,0.385,194,,3410.04,,False,,,,
1000081824,Almería,Anestesia,fidel,1.395,12,282.5,2223.12,-6.52,False,,,,
1000081824,Almería,Bioseguridad,perdut,0.0,818,,1086.44,,False,,,,
1000081828,Tarragona,Anestesia,perdut,0.0,824,,2223.12,,False,,,,
1000081829,Guadalajara,Anestesia,fidel,1.21,7,71.1,2223.12,-2.5,False,,,,
1000081829,Guadalajara,Bioseguridad,promiscu,0.634,83,202.8,1086.44,-0.48,False,,,,
1000081830,Lleida,Anestesia,perdut,0.0,496,,3410.04,,False,,,,
1000081831,Madrid,Anestesia,perdut,0.0,482,,2223.12,,False,,,,
1000081832,Palencia,Anestesia,perdut,0.551,305,,1802.36,,False,,,,
1000081835,Madrid,Anestesia,perdut,0.0,419,,2223.12,,False,,,,
1000081846,Alicante,Anestesia,fidel,1.901,17,77.0,3410.04,-1.88,False,,,,
1000081847,Madrid,Anestesia,perdut,1.256,116,,2223.12,,False,,,,
1000081847,Madrid,Bioseguridad,perdut,0.0,483,,1086.44,,False,,,,
1000081850,Córdoba,Bioseguridad,marginal,0.0,1678,,1086.44,,False,,,,
1000081851,Madrid,Anestesia,perdut,0.481,346,,2223.12,,False,,,,
1000081851,Madrid,Bioseguridad,perdut,0.261,346,,1086.44,,False,,,,
1000081854,Madrid,Anestesia,perdut,0.0,1025,,1802.36,,False,,,,
1000081855,Navarra,Anestesia,perdut,0.0,831,,3410.04,,False,,,,
1000081855,Navarra,Bioseguridad,perdut,0.0,746,,1667.34,,False,,,,
1000081860,Vizcaya,Anestesia,promiscu,0.71,13,360.8,2223.12,-0.88,False,,,,
1000081860,Vizcaya,Bioseguridad,perdut,0.622,110,,1086.44,,False,,,,
1000081861,Madrid,Anestesia,perdut,0.434,319,,2223.12,,False,,,,
1000081861,Madrid,Bioseguridad,perdut,0.0,852,,1086.44,,False,,,,
1000081864,Las Palmas,Anestesia,marginal,0.0,1474,,3410.04,,False,,,,
1000081867,Madrid,Anestesia,fidel,1.453,88,263.0,1802.36,-2.49,False,,,,
1000081868,Madrid,Anestesia,marginal,0.0,1147,,1802.36,,False,,,,
1000081870,Orense,Anestesia,en_risc,1.903,59,57.6,2223.12,0.06,True,caiguda_share,0.0,mitja,"Client en_risc de Anestesia (Share 12m: 190%). El seu cicle de compra és de 58 dies. Porta 59 dies sense comprar (1 dies de coll). Tenia share alt, però en els últims 3 mesos ha caigut substancialment."
1000081873,Sta.Cruz Tenerife,Anestesia,perdut,0.0,755,,3410.04,,False,,,,
1000081885,Murcia,Anestesia,perdut,0.2,91,,2223.12,,False,,,,
1000081889,Barcelona,Anestesia,promiscu,0.544,82,271.8,2223.12,-0.58,False,,,,
1000081894,Las Palmas,Anestesia,fidel,0.779,25,160.2,3410.04,-1.25,False,,,,
1000081894,Las Palmas,Bioseguridad,en_risc,1.921,25,79.5,1667.34,-0.92,True,caiguda_share,0.0,mitja,"Client en_risc de Bioseguridad (Share 12m: 192%). El seu cicle de compra és de 80 dies. Porta 25 dies sense comprar (-54 dies de coll). Tenia share alt, però en els últims 3 mesos ha caigut substancialment."
1000081900,Madrid,Anestesia,promiscu,0.408,82,336.2,2223.12,-0.58,False,,,,
1000081902,Valencia,Anestesia,promiscu,0.378,54,199.8,3410.04,-2.8,False,,,,
1000081906,Valencia,Anestesia,perdut,0.0,1634,,2223.12,,False,,,,
1000081910,Málaga,Anestesia,perdut,0.045,96,,4546.72,,False,,,,
1000081911,Toledo,Anestesia,perdut,0.0,1798,,2223.12,,False,,,,
1000081913,Zaragoza,Anestesia,perdut,0.225,172,,2223.12,,False,,,,
1000081913,Zaragoza,Bioseguridad,perdut,0.298,320,,1086.44,,False,,,,
1000081914,Asturias,Anestesia,perdut,0.891,271,,2223.12,,False,,,,
1000081914,Asturias,Bioseguridad,perdut,0.0,410,,1086.44,,False,,,,
1000081915,Almería,Anestesia,perdut,0.598,214,,2223.12,,False,,,,
1000081916,Almería,Anestesia,fidel,0.779,81,339.5,3410.04,-0.57,False,,,,
1000081916,Almería,Bioseguridad,perdut,0.486,224,,1667.34,,False,,,,
1000081917,Jaén,Anestesia,perdut,1.54,193,,2223.12,,False,,,,
1000081917,Jaén,Bioseguridad,perdut,1.857,231,,1086.44,,False,,,,
1000081918,A Coruña,Anestesia,en_risc,1.143,53,109.9,2223.12,-0.75,True,caiguda_share,0.0,mitja,"Client en_risc de Anestesia (Share 12m: 114%). El seu cicle de compra és de 110 dies. Porta 53 dies sense comprar (-57 dies de coll). Tenia share alt, però en els últims 3 mesos ha caigut substancialment."
1000081919,Valladolid,Anestesia,marginal,0.0,1810,,2223.12,,False,,,,
1000081921,Vizcaya,Anestesia,fidel,1.071,26,223.1,2223.12,-2.61,False,,,,
1000081921,Vizcaya,Bioseguridad,perdut,0.0,412,,1086.44,,False,,,,
1000081924,Barcelona,Anestesia,marginal,0.0,1805,,2223.12,,False,,,,
1000081924,Barcelona,Bioseguridad,marginal,0.0,1704,,1086.44,,False,,,,
1000081925,Orense,Anestesia,promiscu,0.328,17,223.6,1802.36,-2.05,False,,,,
1000081931,Granada,Anestesia,perdut,0.376,217,,2223.12,,False,,,,
1000081932,Cádiz,Anestesia,perdut,0.142,305,,3410.04,,False,,,,
1000081932,Cádiz,Bioseguridad,perdut,0.0,432,,1667.34,,False,,,,
1000081935,Murcia,Bioseguridad,perdut,0.0,830,,1086.44,,False,,,,
1000081940,Vizcaya,Anestesia,perdut,0.17,192,,2223.12,,False,,,,
1000081941,Navarra,Anestesia,marginal,0.0,1798,,2223.12,,False,,,,
1000081942,Madrid,Anestesia,perdut,0.0,1795,,1802.36,,False,,,,
1000081948,Sevilla,Anestesia,promiscu,0.596,53,115.9,2223.12,-0.59,False,,,,
1000081948,Sevilla,Bioseguridad,perdut,0.0,955,,1086.44,,False,,,,
1000081951,Sevilla,Anestesia,fidel,0.863,55,192.6,2223.12,-0.91,False,,,,
1000081952,Sta.Cruz Tenerife,Anestesia,perdut,0.325,165,,2223.12,,False,,,,
1000081953,Zaragoza,Anestesia,marginal,0.0,1747,,3410.04,,False,,,,
1000081956,Murcia,Anestesia,perdut,0.0,392,,2223.12,,False,,,,
1000081959,Sta.Cruz Tenerife,Anestesia,fidel,0.962,52,92.2,3410.04,-1.39,False,,,,
1000081959,Sta.Cruz Tenerife,Bioseguridad,marginal,0.0,1588,,1667.34,,False,,,,
1000081960,Sta.Cruz Tenerife,Anestesia,perdut,0.0,1077,,2223.12,,False,,,,
1000081961,Sta.Cruz Tenerife,Anestesia,perdut,0.0,1145,,2223.12,,False,,,,
1000081962,Sevilla,Anestesia,perdut,0.0,777,,4546.72,,False,,,,
1000081964,Valencia,Anestesia,perdut,0.0,460,,2223.12,,False,,,,
1000081965,Pontevedra,Anestesia,fidel,1.561,24,91.8,2223.12,-1.71,False,,,,
1000081968,Barcelona,Anestesia,marginal,0.0,1782,,2223.12,,False,,,,
1000081969,Ciudad Real,Anestesia,fidel,1.175,59,123.0,2223.12,-0.41,False,,,,
1000081969,Ciudad Real,Bioseguridad,perdut,0.224,206,,1086.44,,False,,,,
1000081972,Toledo,Bioseguridad,perdut,0.0,1182,,1086.44,,False,,,,
1000081973,Málaga,Anestesia,perdut,0.0,893,,3410.04,,False,,,,
1000081974,Vizcaya,Bioseguridad,marginal,0.0,991,,1086.44,,False,,,,
1000081975,Murcia,Anestesia,perdut,0.629,160,,2223.12,,False,,,,
1000081975,Murcia,Bioseguridad,perdut,0.0,476,,1086.44,,False,,,,
1000081977,Murcia,Bioseguridad,marginal,0.0,557,,1086.44,,False,,,,
1000081979,Las Palmas,Anestesia,en_risc,0.745,59,84.4,3410.04,-0.68,True,caiguda_share,870.21,mitja,"Client en_risc de Anestesia (Share 12m: 74%). El seu cicle de compra és de 84 dies. Porta 59 dies sense comprar (-25 dies de coll). Tenia share alt, però en els últims 3 mesos ha caigut substancialment."
1000081979,Las Palmas,Bioseguridad,perdut,0.0,921,,1667.34,,False,,,,
1000081980,Toledo,Anestesia,perdut,0.0,985,,2223.12,,False,,,,
1000081983,Cantabria,Bioseguridad,fidel,3.099,17,38.6,3334.68,-0.97,False,,,,
1000081984,Barcelona,Anestesia,perdut,0.0,1774,,2223.12,,False,,,,
1000081985,Burgos,Anestesia,perdut,0.872,165,,2223.12,,False,,,,
1000081986,Madrid,Anestesia,fidel,0.817,25,73.6,1802.36,-0.37,False,,,,
1000081988,Murcia,Anestesia,perdut,0.844,111,,3410.04,,False,,,,
1000081988,Murcia,Bioseguridad,perdut,0.525,160,,1667.34,,False,,,,
1000081990,Granada,Anestesia,perdut,0.0,1769,,2223.12,,False,,,,
1000081991,Barcelona,Anestesia,perdut,0.208,224,,3410.04,,False,,,,
1000081992,Barcelona,Anestesia,perdut,0.0,385,,2223.12,,False,,,,
1000081992,Barcelona,Bioseguridad,marginal,0.0,385,,1086.44,,False,,,,
1000081993,Sta.Cruz Tenerife,Anestesia,marginal,0.0,1743,,3410.04,,False,,,,
1000082001,Vizcaya,Anestesia,perdut,0.141,202,,3410.04,,False,,,,
1000082001,Vizcaya,Bioseguridad,perdut,0.344,202,,1667.34,,False,,,,
1000082003,Huelva,Bioseguridad,perdut,0.963,98,,1667.34,,False,,,,
1000082006,Albacete,Anestesia,perdut,0.346,180,,1802.36,,False,,,,
1000082007,Barcelona,Anestesia,promiscu,0.402,61,81.5,3410.04,-0.54,False,,,,
1000082007,Barcelona,Bioseguridad,promiscu,0.68,61,154.1,1667.34,-0.75,False,,,,
1000082008,Barcelona,Anestesia,fidel,1.443,52,121.8,2223.12,-1.94,False,,,,
1000082009,Sevilla,Anestesia,promiscu,0.477,73,187.0,5683.4,-0.87,False,,,,
1000082014,Madrid,Anestesia,marginal,0.07,75,,3410.04,,False,,,,
1000082014,Madrid,Bioseguridad,perdut,0.243,229,,1667.34,,False,,,,
1000082015,Badajoz,Anestesia,perdut,0.575,96,,2223.12,,False,,,,
1000082016,Madrid,Anestesia,promiscu,0.712,66,137.9,1802.36,-1.3,False,,,,
1000082018,Huelva,Anestesia,fidel,1.088,28,98.4,3410.04,-1.25,False,,,,
1000082019,Madrid,Anestesia,perdut,0.0,1470,,2223.12,,False,,,,
1000082020,Sevilla,Anestesia,fidel,0.777,48,121.7,3410.04,-1.26,False,,,,
1000082020,Sevilla,Bioseguridad,perdut,0.486,300,,1667.34,,False,,,,
1000082021,Madrid,Anestesia,perdut,0.127,209,,2223.12,,False,,,,
1000082022,Madrid,Anestesia,promiscu,0.63,90,219.6,1802.36,-1.41,False,,,,
1000082022,Madrid,Bioseguridad,marginal,0.0,1749,,879.2,,False,,,,
1000082024,Castellón,Anestesia,promiscu,0.4,28,455.0,3410.04,-2.32,False,,,,
1000082026,Alicante,Anestesia,perdut,0.346,157,,3410.04,,False,,,,
1000082026,Alicante,Bioseguridad,fidel,1.144,61,104.9,1667.34,-2.02,False,,,,
1000082028,Las Palmas,Anestesia,marginal,0.0,1740,,2223.12,,False,,,,
1000082030,Málaga,Anestesia,marginal,0.0,1743,,1802.36,,False,,,,
1000082034,Madrid,Anestesia,perdut,0.093,290,,2223.12,,False,,,,
1000082035,Barcelona,Anestesia,promiscu,0.531,52,241.0,2223.12,-1.03,False,,,,
1000082035,Barcelona,Bioseguridad,en_risc,0.261,210,,1086.44,,False,,,,
1000082036,Albacete,Anestesia,fidel,1.816,28,155.6,2223.12,-1.62,False,,,,
1000082037,Madrid,Anestesia,marginal,0.103,55,,1802.36,,False,,,,
1000082041,Sevilla,Anestesia,perdut,0.0,1733,,3410.04,,False,,,,
1000082042,Sta.Cruz Tenerife,Anestesia,promiscu,0.476,17,342.2,2223.12,-2.45,False,,,,
1000082043,Madrid,Anestesia,perdut,0.257,111,,3410.04,,False,,,,
1000082043,Madrid,Bioseguridad,perdut,0.119,340,,1667.34,,False,,,,
1000082044,Alicante,Anestesia,promiscu,0.596,7,167.6,3410.04,-1.75,False,,,,
1000082047,Madrid,Anestesia,perdut,0.0,1726,,2223.12,,False,,,,
1000082050,A Coruña,Anestesia,perdut,0.598,108,,2223.12,,False,,,,
1000082052,León,Anestesia,marginal,0.0,1722,,2223.12,,False,,,,
1000082053,Sevilla,Anestesia,perdut,0.0,1722,,4546.72,,False,,,,
1000082054,Madrid,Bioseguridad,perdut,0.243,102,,1667.34,,False,,,,
1000082056,Granada,Anestesia,promiscu,0.462,53,98.1,2223.12,-0.62,False,,,,
1000082065,Albacete,Bioseguridad,nou,0.298,59,,1086.44,,False,,,,
1000082069,Cádiz,Anestesia,fidel,1.045,38,66.1,2223.12,-0.54,False,,,,
1000082070,Murcia,Anestesia,promiscu,0.598,83,325.6,2223.12,-0.99,False,,,,
1000082070,Murcia,Bioseguridad,marginal,0.25,347,,1086.44,,False,,,,
1000082080,Guadalajara,Bioseguridad,marginal,0.0,1708,,1086.44,,False,,,,
1000082081,Sevilla,Bioseguridad,fidel,1.978,45,127.8,1667.34,-0.48,False,,,,
1000082082,Sta.Cruz Tenerife,Anestesia,perdut,0.0,391,,2223.12,,False,,,,
1000082082,Sta.Cruz Tenerife,Bioseguridad,perdut,0.0,567,,1086.44,,False,,,,
1000082084,Granada,Anestesia,perdut,0.0,1197,,2223.12,,False,,,,
1000082084,Granada,Bioseguridad,perdut,0.373,313,,1086.44,,False,,,,
1000082087,Sevilla,Anestesia,perdut,0.39,249,,3410.04,,False,,,,
1000082087,Sevilla,Bioseguridad,fidel,1.418,6,100.8,1667.34,-2.09,False,,,,
1000082088,Orense,Anestesia,perdut,0.627,174,,2223.12,,False,,,,
1000082089,Barcelona,Anestesia,perdut,0.739,236,,2223.12,,False,,,,
1000082093,Barcelona,Anestesia,promiscu,0.473,20,104.4,4546.72,-1.58,False,,,,
1000082097,Madrid,Anestesia,promiscu,0.714,67,116.6,3410.04,-0.98,False,,,,
1000082097,Madrid,Bioseguridad,perdut,0.326,173,,1667.34,,False,,,,
1000082103,Castellón,Anestesia,marginal,0.208,13,,3410.04,,False,,,,
1000082103,Castellón,Bioseguridad,marginal,0.238,13,,1667.34,,False,,,,
1000082104,Alicante,Anestesia,perdut,0.531,110,,2223.12,,False,,,,
1000082106,Madrid,Anestesia,perdut,0.0,1697,,2223.12,,False,,,,
1000082107,Sevilla,Anestesia,perdut,0.823,160,,3410.04,,False,,,,
1000082108,Sevilla,Anestesia,perdut,0.0,1426,,4546.72,,False,,,,
1000082109,Vizcaya,Bioseguridad,marginal,0.0,1193,,879.2,,False,,,,
1000082112,Sta.Cruz Tenerife,Anestesia,perdut,0.156,104,,1802.36,,False,,,,
1000082113,Córdoba,Anestesia,nou,0.127,40,,3410.04,,False,,,,
1000082115,Valencia,Anestesia,perdut,0.0,965,,3410.04,,False,,,,
1000082121,Málaga,Anestesia,perdut,0.669,95,,2223.12,,False,,,,
1000082121,Málaga,Bioseguridad,marginal,0.0,1687,,1086.44,,False,,,,
1000082125,Granada,Anestesia,fidel,1.325,19,100.7,2223.12,-2.85,False,,,,
1000082127,Murcia,Anestesia,perdut,0.328,287,,1802.36,,False,,,,
1000082128,Castellón,Anestesia,perdut,0.0,571,,3410.04,,False,,,,
1000082131,Barcelona,Anestesia,en_risc,1.776,59,52.4,2223.12,0.14,True,caiguda_share,0.0,mitja,"Client en_risc de Anestesia (Share 12m: 178%). El seu cicle de compra és de 52 dies. Porta 59 dies sense comprar (7 dies de coll). Tenia share alt, però en els últims 3 mesos ha caigut substancialment."
1000082131,Barcelona,Bioseguridad,fidel,2.86,59,55.2,1086.44,0.07,False,,,,
1000082132,Barcelona,Anestesia,perdut,0.0,643,,2223.12,,False,,,,
1000082133,Sevilla,Anestesia,perdut,0.0,1103,,2223.12,,False,,,,
1000082134,Madrid,Anestesia,perdut,0.0,1560,,2223.12,,False,,,,
1000082135,Madrid,Anestesia,promiscu,0.418,34,163.6,3410.04,-1.38,False,,,,
1000082135,Madrid,Bioseguridad,fidel,0.958,34,133.3,1667.34,-1.03,False,,,,
1000082136,Valladolid,Anestesia,perdut,0.498,200,,2223.12,,False,,,,
1000082136,Valladolid,Bioseguridad,perdut,0.373,200,,1086.44,,False,,,,
1000082137,Madrid,Bioseguridad,en_risc,0.644,67,123.5,4446.24,-0.6,True,caiguda_share,1584.06,mitja,"Client en_risc de Bioseguridad (Share 12m: 64%). El seu cicle de compra és de 123 dies. Porta 67 dies sense comprar (-56 dies de coll). Tenia share alt, però en els últims 3 mesos ha caigut substancialment."
1000082141,Vizcaya,Bioseguridad,marginal,0.0,573,,1086.44,,False,,,,
1000082142,Salamanca,Anestesia,perdut,0.996,193,,2223.12,,False,,,,
1000082143,Granada,Anestesia,perdut,1.447,189,,2223.12,,False,,,,
1000082145,Valladolid,Anestesia,marginal,0.0,651,,3410.04,,False,,,,
1000082146,Las Palmas,Anestesia,promiscu,0.309,7,829.0,2223.12,-3.09,False,,,,
1000082152,Madrid,Anestesia,marginal,0.134,5,,2223.12,,False,,,,
1000082154,Salamanca,Bioseguridad,perdut,0.0,1643,,1086.44,,False,,,,
1000082155,Cádiz,Anestesia,promiscu,0.39,56,322.0,3410.04,-1.93,False,,,,
1000082155,Cádiz,Bioseguridad,promiscu,0.253,56,349.5,1667.34,-4.28,False,,,,
1000082156,Navarra,Anestesia,nou,0.087,41,,3410.04,,False,,,,
1000082157,Vizcaya,Anestesia,perdut,0.623,178,,3410.04,,False,,,,
1000082166,Almería,Anestesia,perdut,0.0,1312,,2223.12,,False,,,,
1000082166,Almería,Bioseguridad,marginal,0.0,1312,,1086.44,,False,,,,
1000082167,Madrid,Anestesia,perdut,0.0,1340,,2223.12,,False,,,,
1000082171,Badajoz,Anestesia,fidel,0.953,74,68.9,3410.04,0.11,False,,,,
1000082174,Vizcaya,Anestesia,perdut,0.638,294,,2223.12,,False,,,,
1000082177,Cádiz,Bioseguridad,fidel,1.192,34,110.0,1667.34,-0.77,False,,,,
1000082179,Pontevedra,Anestesia,marginal,0.0,1645,,1802.36,,False,,,,
1000082183,Vizcaya,Anestesia,perdut,0.339,251,,2223.12,,False,,,,
1000082184,Lugo,Bioseguridad,perdut,0.0,402,,2223.12,,False,,,,
1000082186,Madrid,Anestesia,marginal,0.0,1628,,1802.36,,False,,,,
1000082187,Madrid,Anestesia,perdut,0.0,1638,,2223.12,,False,,,,
1000082187,Madrid,Bioseguridad,marginal,0.0,1638,,1086.44,,False,,,,
1000082188,Toledo,Anestesia,marginal,0.121,119,,3410.04,,False,,,,
1000082188,Toledo,Bioseguridad,marginal,0.0,756,,1667.34,,False,,,,
1000082189,Madrid,Anestesia,promiscu,0.629,55,86.9,4546.72,-0.72,False,,,,
1000082189,Madrid,Bioseguridad,en_risc,1.407,55,77.8,2223.12,-0.6,True,caiguda_share,0.0,mitja,"Client en_risc de Bioseguridad (Share 12m: 141%). El seu cicle de compra és de 78 dies. Porta 55 dies sense comprar (-23 dies de coll). Tenia share alt, però en els últims 3 mesos ha caigut substancialment."
1000082192,Sevilla,Anestesia,perdut,0.292,300,,4546.72,,False,,,,
1000082193,Badajoz,Anestesia,perdut,0.0,1474,,2223.12,,False,,,,
1000082197,Granada,Anestesia,perdut,0.591,353,,2223.12,,False,,,,
1000082197,Granada,Bioseguridad,perdut,0.0,1578,,1086.44,,False,,,,
1000082205,Madrid,Anestesia,perdut,0.0,1621,,3410.04,,False,,,,
1000082210,Granada,Anestesia,perdut,0.0,572,,2223.12,,False,,,,
1000082210,Granada,Bioseguridad,perdut,0.0,963,,1086.44,,False,,,,
1000082214,La Rioja,Anestesia,marginal,0.0,1615,,2223.12,,False,,,,
1000082218,Las Palmas,Anestesia,promiscu,0.693,76,102.5,3410.04,-0.35,False,,,,
1000082230,León,Anestesia,perdut,0.598,207,,2223.12,,False,,,,
1000082230,León,Bioseguridad,marginal,0.128,203,,1086.44,,False,,,,
1000082231,Teruel,Bioseguridad,perdut,1.765,101,,1086.44,,False,,,,
1000082232,Málaga,Anestesia,perdut,0.0,854,,2223.12,,False,,,,
1000082234,Pontevedra,Anestesia,perdut,0.422,181,,3410.04,,False,,,,
1000082234,Pontevedra,Bioseguridad,marginal,0.0,1575,,1667.34,,False,,,,
1000082235,Madrid,Anestesia,perdut,0.0,392,,2223.12,,False,,,,
1000082238,Madrid,Anestesia,perdut,0.0,929,,1802.36,,False,,,,
1000082240,Sta.Cruz Tenerife,Anestesia,promiscu,0.552,11,155.3,3410.04,-1.92,False,,,,
1000082247,Zamora,Anestesia,perdut,0.378,342,,4546.72,,False,,,,
1000082247,Zamora,Bioseguridad,perdut,0.393,131,,2223.12,,False,,,,
1000082248,Valencia,Bioseguridad,perdut,0.972,119,,3334.68,,False,,,,
1000082250,Badajoz,Anestesia,perdut,0.0,1566,,1802.36,,False,,,,
1000082253,Madrid,Anestesia,perdut,0.387,95,,3410.04,,False,,,,
1000082257,Sevilla,Anestesia,promiscu,0.633,13,221.1,3410.04,-1.64,False,,,,
1000082263,Granada,Anestesia,marginal,0.0,1553,,1802.36,,False,,,,
1000082264,Sevilla,Anestesia,perdut,0.411,118,,3410.04,,False,,,,
1000082269,Valladolid,Bioseguridad,perdut,0.954,189,,1667.34,,False,,,,
1000082271,Madrid,Anestesia,perdut,0.245,185,,2223.12,,False,,,,
1000082271,Madrid,Bioseguridad,marginal,0.0,1497,,1086.44,,False,,,,
1000082272,Granada,Anestesia,perdut,0.0,461,,2223.12,,False,,,,
1000082274,Barcelona,Anestesia,fidel,0.788,19,151.2,3410.04,-1.4,False,,,,
1000082277,Almería,Anestesia,perdut,0.419,279,,3410.04,,False,,,,
1000082279,Murcia,Anestesia,perdut,0.108,230,,2223.12,,False,,,,
1000082282,Las Palmas,Anestesia,perdut,0.0,976,,3410.04,,False,,,,
1000082287,Granada,Anestesia,promiscu,0.375,34,134.8,3410.04,-1.6,False,,,,
1000082287,Granada,Bioseguridad,perdut,0.793,150,,1667.34,,False,,,,
1000082290,Huelva,Anestesia,fidel,0.983,24,200.0,2223.12,-3.36,False,,,,
1000082292,Asturias,Anestesia,perdut,0.0,647,,6820.08,,False,,,,
1000082293,Palencia,Anestesia,perdut,0.208,235,,3410.04,,False,,,,
1000082293,Palencia,Bioseguridad,marginal,0.0,585,,1667.34,,False,,,,
1000082294,Zaragoza,Anestesia,marginal,0.0,1369,,2223.12,,False,,,,
1000082294,Zaragoza,Bioseguridad,marginal,0.0,1369,,1086.44,,False,,,,
1000082295,Madrid,Anestesia,perdut,1.152,126,,3410.04,,False,,,,
1000082295,Madrid,Bioseguridad,en_risc,2.475,74,55.4,1667.34,0.62,True,caiguda_share,0.0,mitja,"Client en_risc de Bioseguridad (Share 12m: 248%). El seu cicle de compra és de 55 dies. Porta 74 dies sense comprar (19 dies de coll). Tenia share alt, però en els últims 3 mesos ha caigut substancialment."
1000082296,Barcelona,Anestesia,perdut,0.0,1503,,3410.04,,False,,,,
1000082300,Sevilla,Anestesia,promiscu,0.429,17,301.6,4546.72,-3.1,False,,,,
1000082303,Zaragoza,Anestesia,perdut,0.531,166,,2223.12,,False,,,,
1000082311,Madrid,Anestesia,perdut,0.0,416,,3410.04,,False,,,,
1000082312,Cádiz,Anestesia,perdut,0.0,641,,4546.72,,False,,,,
1000082314,Badajoz,Anestesia,perdut,0.441,159,,2223.12,,False,,,,
1000082316,Castellón,Bioseguridad,perdut,0.0,486,,1667.34,,False,,,,
1000082320,Madrid,Anestesia,perdut,0.0,1510,,2223.12,,False,,,,
1000082321,Cádiz,Anestesia,perdut,0.218,192,,4546.72,,False,,,,
1000082321,Cádiz,Bioseguridad,marginal,0.0,1508,,2223.12,,False,,,,
1000082322,Alicante,Anestesia,perdut,0.311,174,,3410.04,,False,,,,
1000082322,Alicante,Bioseguridad,perdut,0.0,1509,,1667.34,,False,,,,
1000082324,Asturias,Anestesia,promiscu,0.606,75,358.2,3410.04,-0.85,False,,,,
1000082327,Pontevedra,Anestesia,perdut,0.226,336,,2223.12,,False,,,,
1000082327,Pontevedra,Bioseguridad,promiscu,0.439,82,265.0,1086.44,-1.52,False,,,,
1000082331,Alicante,Anestesia,perdut,0.402,262,,2223.12,,False,,,,
1000082331,Alicante,Bioseguridad,perdut,0.0,1488,,1086.44,,False,,,,
1000082332,Murcia,Anestesia,marginal,0.0,416,,2223.12,,False,,,,
1000082332,Murcia,Bioseguridad,promiscu,0.366,87,352.5,1086.44,-0.9,False,,,,
1000082334,Valencia,Anestesia,marginal,0.0,1335,,1802.36,,False,,,,
1000082336,Badajoz,Anestesia,perdut,0.0,1371,,2223.12,,False,,,,
1000082339,Sevilla,Anestesia,perdut,0.455,290,,3410.04,,False,,,,
1000082340,Sevilla,Anestesia,promiscu,0.417,74,430.5,4546.72,-2.39,False,,,,
1000082343,Pontevedra,Anestesia,marginal,0.219,32,,4546.72,,False,,,,
1000082349,Madrid,Anestesia,perdut,0.768,181,,3410.04,,False,,,,
1000082349,Madrid,Bioseguridad,promiscu,0.484,27,,1667.34,,False,,,,
1000082350,Barcelona,Anestesia,perdut,0.0,1476,,1802.36,,False,,,,
1000082351,Barcelona,Anestesia,perdut,0.0,1103,,1802.36,,False,,,,
1000082354,A Coruña,Anestesia,perdut,0.0,1475,,1802.36,,False,,,,
1000082355,Badajoz,Anestesia,perdut,0.0,1470,,2223.12,,False,,,,
1000082358,Lleida,Anestesia,promiscu,0.582,7,293.4,3410.04,-3.6,False,,,,
1000082359,Cantabria,Anestesia,perdut,0.0,1169,,3410.04,,False,,,,
1000082360,Sta.Cruz Tenerife,Anestesia,marginal,0.0,1468,,2223.12,,False,,,,
1000082361,Madrid,Anestesia,promiscu,0.552,25,271.2,2223.12,-2.03,False,,,,
1000082361,Madrid,Bioseguridad,fidel,2.195,25,84.9,1086.44,-2.41,False,,,,
1000082365,Sevilla,Anestesia,perdut,0.323,154,,4546.72,,False,,,,
1000082367,Sevilla,Anestesia,perdut,0.0,795,,3410.04,,False,,,,
1000082368,Barcelona,Anestesia,fidel,1.535,27,76.8,2223.12,-0.94,False,,,,
1000082368,Barcelona,Bioseguridad,fidel,1.491,27,280.2,1086.44,-1.02,False,,,,
1000082369,Madrid,Anestesia,marginal,0.0,1420,,2223.12,,False,,,,
1000082371,Madrid,Anestesia,perdut,0.584,97,,2223.12,,False,,,,
1000082372,Sevilla,Anestesia,marginal,0.0,1349,,3410.04,,False,,,,
1000082375,Cantabria,Anestesia,promiscu,0.639,81,170.1,2223.12,-1.03,False,,,,
1000082376,Pontevedra,Anestesia,fidel,0.817,25,78.8,2223.12,-0.79,False,,,,
1000082376,Pontevedra,Bioseguridad,fidel,0.895,82,128.3,1086.44,-0.5,False,,,,
1000082377,La Rioja,Anestesia,perdut,0.0,1439,,1.0,,False,,,,
1000082377,La Rioja,Bioseguridad,marginal,0.0,1439,,1.0,,False,,,,
1000082381,Las Palmas,Anestesia,perdut,0.082,350,,2223.12,,False,,,,
1000082382,Burgos,Anestesia,promiscu,0.643,17,143.8,5683.4,-3.02,False,,,,
1000082382,Burgos,Bioseguridad,promiscu,0.286,25,348.2,2778.9,-0.84,False,,,,
1000082384,Madrid,Anestesia,perdut,0.219,354,,2223.12,,False,,,,
1000082384,Madrid,Bioseguridad,perdut,0.0,1021,,1086.44,,False,,,,
1000082389,Madrid,Anestesia,fidel,0.931,53,107.8,4546.72,-0.72,False,,,,
1000082391,Madrid,Anestesia,perdut,0.0,899,,6820.08,,False,,,,
1000082391,Madrid,Bioseguridad,marginal,0.0,1414,,3334.68,,False,,,,
1000082392,Madrid,Bioseguridad,marginal,0.0,1414,,1086.44,,False,,,,
1000082394,Madrid,Anestesia,promiscu,0.598,17,280.6,2223.12,-3.27,False,,,,
1000082394,Madrid,Bioseguridad,perdut,0.369,200,,1086.44,,False,,,,
1000082396,Alicante,Bioseguridad,marginal,0.0,1428,,2223.12,,False,,,,
1000082397,Pontevedra,Anestesia,perdut,0.928,314,,2223.12,,False,,,,
1000082397,Pontevedra,Bioseguridad,perdut,0.671,314,,1086.44,,False,,,,
1000082400,Barcelona,Anestesia,fidel,1.034,5,281.4,3410.04,-0.82,False,,,,
1000082400,Barcelona,Bioseguridad,perdut,0.0,895,,1667.34,,False,,,,
1000082405,Badajoz,Anestesia,perdut,0.0,1426,,3410.04,,False,,,,
1000082407,Almería,Anestesia,perdut,0.0,1132,,2223.12,,False,,,,
1000082409,Tarragona,Anestesia,marginal,0.0,571,,2223.12,,False,,,,
1000082412,Granada,Anestesia,perdut,0.0,830,,2223.12,,False,,,,
1000082413,Las Palmas,Anestesia,perdut,0.0,616,,3410.04,,False,,,,
1000082414,Burgos,Anestesia,perdut,0.648,251,,2223.12,,False,,,,
1000082418,Valencia,Anestesia,perdut,0.465,214,,2223.12,,False,,,,
1000082420,Madrid,Anestesia,perdut,0.0,1319,,2223.12,,False,,,,
1000082426,Valladolid,Bioseguridad,fidel,1.939,33,114.8,1086.44,-2.17,False,,,,
1000082431,Murcia,Anestesia,perdut,0.531,105,,2223.12,,False,,,,
1000082435,Madrid,Anestesia,fidel,0.916,13,73.2,3410.04,-1.79,False,,,,
1000082442,Asturias,Anestesia,fidel,1.099,68,128.3,3410.04,-1.89,False,,,,
1000082445,Madrid,Anestesia,perdut,0.0,1369,,3410.04,,False,,,,
1000082447,Barcelona,Anestesia,promiscu,0.582,48,96.5,4546.72,-0.7,False,,,,
1000082448,Vizcaya,Anestesia,marginal,0.13,5,,3410.04,,False,,,,
1000082451,Albacete,Anestesia,perdut,0.0,558,,2223.12,,False,,,,
1000082452,Girona,Anestesia,fidel,1.567,32,186.0,3410.04,-3.02,False,,,,
1000082452,Girona,Bioseguridad,fidel,1.7,32,105.1,1667.34,-1.74,False,,,,
1000082454,Pontevedra,Anestesia,fidel,1.114,61,109.4,3410.04,-0.54,False,,,,
1000082454,Pontevedra,Bioseguridad,perdut,0.0,614,,1667.34,,False,,,,
1000082456,Cádiz,Anestesia,perdut,0.633,131,,2223.12,,False,,,,
1000082457,Barcelona,Anestesia,perdut,0.598,222,,2223.12,,False,,,,
1000082461,Alicante,Anestesia,marginal,0.0,937,,2223.12,,False,,,,
1000082463,Madrid,Anestesia,marginal,0.0,1343,,1802.36,,False,,,,
1000082468,Vizcaya,Anestesia,perdut,0.325,222,,1802.36,,False,,,,
1000082471,Madrid,Anestesia,perdut,0.0,1371,,3410.04,,False,,,,
1000082472,Madrid,Anestesia,perdut,0.245,206,,2223.12,,False,,,,
1000082477,Sta.Cruz Tenerife,Anestesia,fidel,1.409,11,47.0,3410.04,-2.15,False,,,,
1000082478,Navarra,Anestesia,perdut,0.126,361,,3410.04,,False,,,,
1000082478,Navarra,Bioseguridad,perdut,0.0,1363,,1667.34,,False,,,,
1000082479,Asturias,Anestesia,promiscu,0.541,52,146.6,2223.12,-2.39,False,,,,
1000082479,Asturias,Bioseguridad,perdut,0.298,223,,1086.44,,False,,,,
1000082480,Valladolid,Anestesia,perdut,0.0,1369,,3410.04,,False,,,,
1000082480,Valladolid,Bioseguridad,perdut,0.0,1208,,1667.34,,False,,,,
1000082482,Albacete,Anestesia,fidel,1.203,89,91.4,3410.04,-0.11,False,,,,
1000082483,Almería,Anestesia,promiscu,0.546,83,214.3,2223.12,-1.25,False,,,,
1000082484,Madrid,Anestesia,perdut,0.321,189,,1802.36,,False,,,,
1000082485,Barcelona,Bioseguridad,marginal,0.0,1365,,2223.12,,False,,,,
1000082490,Zaragoza,Anestesia,perdut,0.0,1287,,2223.12,,False,,,,
1000082491,Barcelona,Anestesia,perdut,0.49,194,,2223.12,,False,,,,
1000082493,Barcelona,Anestesia,perdut,0.0,1355,,1802.36,,False,,,,
1000082495,Almería,Anestesia,perdut,0.319,194,,2223.12,,False,,,,
1000082496,Granada,Anestesia,promiscu,0.526,25,120.2,3410.04,-2.49,False,,,,
1000082496,Granada,Bioseguridad,fidel,0.963,25,479.0,1667.34,-2.57,False,,,,
1000082497,,Anestesia,marginal,0.0,1347,,2223.12,,False,,,,
1000082497,,Bioseguridad,perdut,0.0,1347,,1086.44,,False,,,,
1000082499,Castellón,Anestesia,perdut,0.487,213,,4546.72,,False,,,,
1000082501,Málaga,Anestesia,perdut,0.0,1349,,2223.12,,False,,,,
1000082502,Barcelona,Anestesia,perdut,0.0,1004,,2223.12,,False,,,,
1000082505,Barcelona,Anestesia,promiscu,0.642,73,106.2,1802.36,-0.74,False,,,,
1000082506,Madrid,Bioseguridad,promiscu,0.3,90,,1667.34,,False,,,,
1000082507,La Rioja,Anestesia,fidel,0.943,89,125.4,2223.12,-0.78,False,,,,
1000082509,Salamanca,Bioseguridad,perdut,0.0,690,,879.2,,False,,,,
1000082510,Las Palmas,Bioseguridad,perdut,0.0,1336,,2223.12,,False,,,,
1000082520,Pontevedra,Anestesia,marginal,0.0,1333,,1802.36,,False,,,,
1000082520,Pontevedra,Bioseguridad,perdut,0.0,1333,,879.2,,False,,,,
1000082522,Madrid,Anestesia,perdut,0.58,318,,2223.12,,False,,,,
1000082522,Madrid,Bioseguridad,perdut,0.366,160,,1086.44,,False,,,,
1000082526,Alicante,Anestesia,fidel,0.905,32,301.3,1802.36,-2.46,False,,,,
1000082530,Granada,Anestesia,perdut,1.178,96,,2223.12,,False,,,,
1000082533,Madrid,Anestesia,perdut,0.232,207,,3410.04,,False,,,,
1000082535,Lleida,Bioseguridad,perdut,0.0,1072,,879.2,,False,,,,
1000082536,Madrid,Anestesia,promiscu,0.474,56,179.4,3410.04,-0.86,False,,,,
1000082537,Granada,Anestesia,perdut,0.0,1029,,2223.12,,False,,,,
1000082538,Madrid,Anestesia,marginal,0.0,1202,,3410.04,,False,,,,
1000082538,Madrid,Bioseguridad,perdut,0.486,271,,1667.34,,False,,,,
1000082539,Barcelona,Anestesia,perdut,0.594,104,,2223.12,,False,,,,
1000082541,Málaga,Bioseguridad,marginal,0.0,1315,,1086.44,,False,,,,
1000082543,Barcelona,Anestesia,perdut,0.0,868,,1802.36,,False,,,,
1000082552,Madrid,Anestesia,perdut,2.079,96,,1802.36,,False,,,,
1000082560,Barcelona,Anestesia,perdut,0.174,231,,2223.12,,False,,,,
1000082564,Jaén,Bioseguridad,marginal,0.0,399,,1086.44,,False,,,,
1000082565,Sta.Cruz Tenerife,Anestesia,fidel,0.947,25,182.0,2223.12,-3.31,False,,,,
1000082566,Las Palmas,Anestesia,marginal,0.0,453,,3410.04,,False,,,,
1000082567,Barcelona,Anestesia,perdut,0.0,676,,2223.12,,False,,,,
1000082571,Granada,Anestesia,perdut,0.0,608,,2223.12,,False,,,,
1000082573,León,Anestesia,promiscu,0.328,83,158.9,1802.36,-0.63,False,,,,
1000082574,Barcelona,Anestesia,fidel,0.816,87,173.0,2223.12,-0.67,False,,,,
1000082575,Alicante,Anestesia,promiscu,0.522,82,202.8,2223.12,-1.66,False,,,,
1000082576,Barcelona,Anestesia,en_risc,1.38,45,50.1,2223.12,-0.19,True,caiguda_share,0.0,mitja,"Client en_risc de Anestesia (Share 12m: 138%). El seu cicle de compra és de 50 dies. Porta 45 dies sense comprar (-5 dies de coll). Tenia share alt, però en els últims 3 mesos ha caigut substancialment."
1000082576,Barcelona,Bioseguridad,en_risc,3.881,45,32.9,1086.44,0.66,True,caiguda_share,0.0,mitja,"Client en_risc de Bioseguridad (Share 12m: 388%). El seu cicle de compra és de 33 dies. Porta 45 dies sense comprar (12 dies de coll). Tenia share alt, però en els últims 3 mesos ha caigut substancialment."
1000082577,Granada,Anestesia,perdut,0.319,238,,2223.12,,False,,,,
1000082578,Sta.Cruz Tenerife,Anestesia,perdut,0.054,188,,3410.04,,False,,,,
1000082578,Sta.Cruz Tenerife,Bioseguridad,fidel,1.907,26,175.1,1667.34,-1.11,False,,,,
1000082579,Palencia,Anestesia,promiscu,0.363,12,198.0,3410.04,-2.2,False,,,,
1000082587,Madrid,Anestesia,perdut,0.247,349,,2223.12,,False,,,,
1000082587,Madrid,Bioseguridad,perdut,0.0,1286,,1086.44,,False,,,,
1000082589,Cáceres,Anestesia,en_risc,1.524,56,79.3,2223.12,-0.72,True,caiguda_share,0.0,mitja,"Client en_risc de Anestesia (Share 12m: 152%). El seu cicle de compra és de 79 dies. Porta 56 dies sense comprar (-23 dies de coll). Tenia share alt, però en els últims 3 mesos ha caigut substancialment."
1000082589,Cáceres,Bioseguridad,en_risc,2.369,56,88.7,1086.44,-0.74,True,caiguda_share,0.0,mitja,"Client en_risc de Bioseguridad (Share 12m: 237%). El seu cicle de compra és de 89 dies. Porta 56 dies sense comprar (-33 dies de coll). Tenia share alt, però en els últims 3 mesos ha caigut substancialment."
1000082590,Madrid,Anestesia,perdut,0.258,350,,2223.12,,False,,,,
1000082591,Zaragoza,Bioseguridad,marginal,0.0,1281,,879.2,,False,,,,
1000082594,Sevilla,Anestesia,perdut,0.64,174,,3410.04,,False,,,,
1000082595,Melilla,Bioseguridad,marginal,0.186,192,,1086.44,,False,,,,
1000082596,Cáceres,Anestesia,en_risc,0.266,171,,2223.12,,False,,,,
1000082598,Madrid,Anestesia,perdut,0.0,399,,3410.04,,False,,,,
1000082599,Granada,Anestesia,perdut,0.319,199,,2223.12,,False,,,,
1000082600,Barcelona,Anestesia,promiscu,0.449,33,168.0,2223.12,-1.61,False,,,,
1000082601,Pontevedra,Anestesia,perdut,1.398,111,,2223.12,,False,,,,
1000082603,Alicante,Anestesia,perdut,0.597,230,,4546.72,,False,,,,
1000082612,Madrid,Anestesia,perdut,0.245,178,,2223.12,,False,,,,
1000082612,Madrid,Bioseguridad,perdut,0.0,647,,1086.44,,False,,,,
1000082613,Madrid,Anestesia,perdut,0.598,175,,2223.12,,False,,,,
1000082616,Sta.Cruz Tenerife,Anestesia,promiscu,0.549,39,173.9,3410.04,-1.35,False,,,,
1000082616,Sta.Cruz Tenerife,Bioseguridad,perdut,0.477,115,,1667.34,,False,,,,
1000082621,Madrid,Anestesia,perdut,0.0,1084,,1802.36,,False,,,,
1000082623,Zaragoza,Anestesia,fidel,1.209,10,182.5,2223.12,-2.5,False,,,,
1000082626,León,Anestesia,perdut,0.136,118,,4546.72,,False,,,,
1000082626,León,Bioseguridad,perdut,0.0,531,,2223.12,,False,,,,
1000082627,Sta.Cruz Tenerife,Anestesia,perdut,0.0,585,,2223.12,,False,,,,
1000082629,Barcelona,Anestesia,perdut,0.0,1215,,1802.36,,False,,,,
1000082641,Sevilla,Anestesia,promiscu,0.598,77,283.5,2223.12,-2.26,False,,,,
1000082643,Barcelona,Anestesia,fidel,0.858,6,300.2,1802.36,-2.16,False,,,,
1000082648,Sta.Cruz Tenerife,Anestesia,promiscu,0.413,81,99.5,3410.04,-0.75,False,,,,
1000082648,Sta.Cruz Tenerife,Bioseguridad,fidel,1.049,66,100.9,1667.34,-0.78,False,,,,
1000082651,Madrid,Anestesia,marginal,0.168,322,,3410.04,,False,,,,
1000082652,Girona,Anestesia,perdut,0.478,159,,2223.12,,False,,,,
1000082653,Madrid,Anestesia,marginal,0.0,1195,,1802.36,,False,,,,
1000082654,Barcelona,Anestesia,perdut,0.655,96,,1802.36,,False,,,,
1000082656,Barcelona,Anestesia,promiscu,0.584,68,225.2,2223.12,-1.0,False,,,,
1000082658,Castellón,Anestesia,promiscu,0.321,25,96.3,3410.04,-1.52,False,,,,
1000082659,Cádiz,Anestesia,perdut,0.36,143,,2223.12,,False,,,,
1000082665,Granada,Anestesia,en_risc,1.232,47,32.4,6820.08,0.5,True,caiguda_share,0.0,mitja,"Client en_risc de Anestesia (Share 12m: 123%). El seu cicle de compra és de 32 dies. Porta 47 dies sense comprar (15 dies de coll). Tenia share alt, però en els últims 3 mesos ha caigut substancialment."
1000082665,Granada,Bioseguridad,nou,0.182,25,,3334.68,,False,,,,
1000082666,Sevilla,Bioseguridad,marginal,0.0,1182,,1086.44,,False,,,,
1000082670,Granada,Anestesia,marginal,0.0,678,,2223.12,,False,,,,
1000082670,Granada,Bioseguridad,perdut,0.0,1180,,1086.44,,False,,,,
1000082671,Madrid,Anestesia,perdut,0.352,110,,1802.36,,False,,,,
1000082673,Cuenca,Anestesia,perdut,0.0,389,,2223.12,,False,,,,
1000082676,Madrid,Anestesia,fidel,0.789,25,190.0,2223.12,-3.08,False,,,,
1000082676,Madrid,Bioseguridad,perdut,0.0,762,,1086.44,,False,,,,
1000082681,Madrid,Anestesia,marginal,0.0,1147,,2223.12,,False,,,,
1000082682,Granada,Anestesia,perdut,0.0,588,,2223.12,,False,,,,
1000082683,Granada,Anestesia,perdut,0.319,217,,2223.12,,False,,,,
1000082685,Barcelona,Anestesia,fidel,1.004,13,77.0,2223.12,-2.58,False,,,,
1000082685,Barcelona,Bioseguridad,marginal,0.0,1126,,1086.44,,False,,,,
1000082687,Alicante,Anestesia,perdut,0.0,668,,3410.04,,False,,,,
1000082689,Madrid,Anestesia,perdut,0.39,221,,3410.04,,False,,,,
1000082690,Madrid,Anestesia,promiscu,0.583,67,220.0,2223.12,-1.18,False,,,,
1000082690,Madrid,Bioseguridad,fidel,1.379,33,70.9,1086.44,-1.15,False,,,,
1000082694,Sevilla,Anestesia,perdut,0.292,263,,4546.72,,False,,,,
1000082696,Granada,Bioseguridad,marginal,0.0,1165,,1667.34,,False,,,,
1000082701,Pontevedra,Anestesia,perdut,0.147,164,,1802.36,,False,,,,
1000082703,Orense,Anestesia,fidel,1.348,39,124.8,2223.12,-1.98,False,,,,
1000082704,Pontevedra,Anestesia,marginal,0.154,20,,2223.12,,False,,,,
1000082706,Alicante,Anestesia,perdut,0.0,1126,,3410.04,,False,,,,
1000082708,Castellón,Bioseguridad,marginal,0.0,1141,,2223.12,,False,,,,
1000082709,Málaga,Anestesia,marginal,0.215,67,,3410.04,,False,,,,
1000082709,Málaga,Bioseguridad,marginal,0.238,67,,1667.34,,False,,,,
1000082711,Pontevedra,Anestesia,perdut,0.34,263,,2223.12,,False,,,,
1000082712,Madrid,Anestesia,perdut,0.0,627,,1802.36,,False,,,,
1000082712,Madrid,Bioseguridad,marginal,0.0,627,,879.2,,False,,,,
1000082714,Madrid,Anestesia,marginal,0.0,1082,,1802.36,,False,,,,
1000082715,Valencia,Anestesia,perdut,0.208,199,,3410.04,,False,,,,
1000082716,Madrid,Anestesia,fidel,1.107,62,136.6,3410.04,-0.79,False,,,,
1000082716,Madrid,Bioseguridad,perdut,0.194,266,,1667.34,,False,,,,
1000082717,Madrid,Anestesia,nou,0.12,6,,2223.12,,False,,,,
1000082717,Madrid,Bioseguridad,nou,0.186,83,,1086.44,,False,,,,
1000082719,Sta.Cruz Tenerife,Anestesia,perdut,0.258,347,,2223.12,,False,,,,
1000082719,Sta.Cruz Tenerife,Bioseguridad,marginal,0.0,951,,1086.44,,False,,,,
1000082721,Las Palmas,Anestesia,perdut,0.317,230,,4546.72,,False,,,,
1000082721,Las Palmas,Bioseguridad,fidel,1.893,40,84.7,2223.12,-0.99,False,,,,
1000082722,Sta.Cruz Tenerife,Anestesia,perdut,0.036,312,,4546.72,,False,,,,
1000082722,Sta.Cruz Tenerife,Bioseguridad,perdut,0.989,168,,2223.12,,False,,,,
1000082724,Madrid,Anestesia,marginal,0.0,1147,,3410.04,,False,,,,
1000082726,A Coruña,Anestesia,perdut,0.0,791,,2223.12,,False,,,,
1000082727,Málaga,Anestesia,perdut,0.0,938,,3410.04,,False,,,,
1000082727,Málaga,Bioseguridad,perdut,0.0,1146,,1667.34,,False,,,,
1000082728,Madrid,Anestesia,marginal,0.0,1145,,2223.12,,False,,,,
1000082731,Sta.Cruz Tenerife,Bioseguridad,perdut,0.0,1132,,1086.44,,False,,,,
1000082733,Madrid,Bioseguridad,fidel,1.356,74,118.4,879.2,-0.84,False,,,,
1000082734,Zamora,Bioseguridad,perdut,0.0,803,,1667.34,,False,,,,
1000082740,Madrid,Anestesia,perdut,0.129,312,,2223.12,,False,,,,
1000082740,Madrid,Bioseguridad,marginal,0.146,312,,1086.44,,False,,,,
1000082742,Sta.Cruz Tenerife,Anestesia,en_risc,0.849,38,77.8,6820.08,-0.53,True,caiguda_share,1028.4,mitja,"Client en_risc de Anestesia (Share 12m: 85%). El seu cicle de compra és de 78 dies. Porta 38 dies sense comprar (-40 dies de coll). Tenia share alt, però en els últims 3 mesos ha caigut substancialment."
1000082742,Sta.Cruz Tenerife,Bioseguridad,perdut,0.289,350,,3334.68,,False,,,,
1000082743,Madrid,Anestesia,promiscu,0.398,28,552.0,2223.12,-1.36,False,,,,
1000082744,Girona,Anestesia,perdut,0.522,214,,2223.12,,False,,,,
1000082745,Madrid,Anestesia,promiscu,0.253,81,179.2,1802.36,-0.99,False,,,,
1000082752,Madrid,Anestesia,perdut,0.133,91,,1802.36,,False,,,,
1000082754,Castellón,Bioseguridad,perdut,0.0,847,,2223.12,,False,,,,
1000082756,Sta.Cruz Tenerife,Anestesia,perdut,0.585,101,,2223.12,,False,,,,
1000082758,A Coruña,Anestesia,perdut,0.0,376,,5683.4,,False,,,,
1000082759,Sta.Cruz Tenerife,Anestesia,perdut,0.242,178,,3410.04,,False,,,,
1000082759,Sta.Cruz Tenerife,Bioseguridad,fidel,2.432,34,89.3,1667.34,-1.21,False,,,,
1000082761,Sevilla,Anestesia,perdut,0.372,222,,3410.04,,False,,,,
1000082762,Málaga,Anestesia,perdut,0.0,461,,3410.04,,False,,,,
1000082763,Sta.Cruz Tenerife,Anestesia,en_risc,1.309,32,152.9,2223.12,-1.7,True,caiguda_share,0.0,mitja,"Client en_risc de Anestesia (Share 12m: 131%). El seu cicle de compra és de 153 dies. Porta 32 dies sense comprar (-121 dies de coll). Tenia share alt, però en els últims 3 mesos ha caigut substancialment."
1000082766,Madrid,Anestesia,promiscu,0.423,81,65.9,3410.04,0.7,True,reposicio_endarrerida,1966.56,mitja,Client promiscu de Anestesia (Share 12m: 42%). El seu cicle de compra és de 66 dies. Porta 81 dies sense comprar (15 dies de coll). 
1000082766,Madrid,Bioseguridad,marginal,0.182,40,,1667.34,,False,,,,
1000082769,Granada,Anestesia,perdut,1.541,104,,2223.12,,False,,,,
1000082770,Murcia,Anestesia,perdut,0.0,669,,2223.12,,False,,,,
1000082770,Murcia,Bioseguridad,perdut,0.0,705,,1086.44,,False,,,,
1000082771,Madrid,Anestesia,perdut,0.0,718,,2223.12,,False,,,,
1000082771,Madrid,Bioseguridad,marginal,0.0,385,,1086.44,,False,,,,
1000082772,A Coruña,Anestesia,perdut,0.0,440,,3410.04,,False,,,,
1000082774,Girona,Anestesia,perdut,0.433,287,,2223.12,,False,,,,
1000082775,Barcelona,Anestesia,perdut,0.0,430,,3410.04,,False,,,,
1000082776,Murcia,Anestesia,en_risc,1.355,0,151.4,2223.12,-1.29,True,caiguda_share,0.0,mitja,"Client en_risc de Anestesia (Share 12m: 135%). El seu cicle de compra és de 151 dies. Porta 0 dies sense comprar (-151 dies de coll). Tenia share alt, però en els últims 3 mesos ha caigut substancialment."
1000082777,Zamora,Anestesia,promiscu,0.541,41,344.3,3410.04,-1.11,False,,,,
1000082777,Zamora,Bioseguridad,perdut,0.0,577,,1667.34,,False,,,,
1000082779,Madrid,Anestesia,perdut,0.0,391,,2223.12,,False,,,,
1000082780,Córdoba,Anestesia,perdut,0.504,179,,2223.12,,False,,,,
1000082781,Barcelona,Anestesia,perdut,0.609,196,,2223.12,,False,,,,
1000082783,Madrid,Anestesia,perdut,0.372,230,,2223.12,,False,,,,
1000082784,Cantabria,Anestesia,perdut,0.768,186,,4546.72,,False,,,,
1000082784,Cantabria,Bioseguridad,perdut,0.0,578,,2223.12,,False,,,,
1000082785,Badajoz,Anestesia,promiscu,0.544,0,119.6,2223.12,-1.6,False,,,,
1000082785,Badajoz,Bioseguridad,perdut,0.0,585,,1086.44,,False,,,,
1000082786,Ciudad Real,Anestesia,perdut,0.0,417,,2223.12,,False,,,,
1000082787,A Coruña,Anestesia,promiscu,0.584,59,327.7,2223.12,-0.87,False,,,,
1000082789,Madrid,Anestesia,perdut,0.142,179,,3410.04,,False,,,,
1000082792,Jaén,Anestesia,perdut,0.0,1067,,1802.36,,False,,,,
1000082793,Granada,Anestesia,marginal,0.0,942,,2223.12,,False,,,,
1000082793,Granada,Bioseguridad,marginal,0.0,1071,,1086.44,,False,,,,
1000082794,Barcelona,Anestesia,perdut,0.0,943,,2223.12,,False,,,,
1000082795,Vizcaya,Anestesia,fidel,1.252,19,95.6,3410.04,-1.21,False,,,,
1000082795,Vizcaya,Bioseguridad,perdut,0.777,248,,1667.34,,False,,,,
1000100000,Alicante,Anestesia,perdut,0.0,1299,,2223.12,,False,,,,
1000100002,Teruel,Anestesia,perdut,0.484,292,,2223.12,,False,,,,
1000100002,Teruel,Bioseguridad,en_risc,2.212,25,115.1,1086.44,-1.74,True,caiguda_share,0.0,mitja,"Client en_risc de Bioseguridad (Share 12m: 221%). El seu cicle de compra és de 115 dies. Porta 25 dies sense comprar (-90 dies de coll). Tenia share alt, però en els últims 3 mesos ha caigut substancialment."
1000100003,Alicante,Anestesia,perdut,0.629,320,,2223.12,,False,,,,
1000100006,Zaragoza,Bioseguridad,perdut,0.667,257,,1086.44,,False,,,,
1000100007,Alicante,Anestesia,perdut,0.638,332,,2223.12,,False,,,,
1000100011,Valencia,Anestesia,perdut,0.39,105,,3410.04,,False,,,,
1000100011,Valencia,Bioseguridad,perdut,0.0,595,,1667.34,,False,,,,
1000100015,Zaragoza,Anestesia,perdut,0.278,227,,2223.12,,False,,,,
1000100015,Zaragoza,Bioseguridad,marginal,0.0,1013,,1086.44,,False,,,,
1000100018,Huesca,Anestesia,fidel,0.983,48,188.7,3410.04,-1.12,False,,,,
1000100018,Huesca,Bioseguridad,perdut,0.0,446,,1667.34,,False,,,,
1000100020,Zaragoza,Anestesia,promiscu,0.398,52,207.1,2223.12,-1.26,False,,,,
1000100020,Zaragoza,Bioseguridad,marginal,0.0,488,,1086.44,,False,,,,
1000100022,Alicante,Anestesia,perdut,0.711,96,,2223.12,,False,,,,
1000100022,Alicante,Bioseguridad,perdut,0.0,376,,1086.44,,False,,,,
1000100024,Valencia,Anestesia,fidel,1.183,40,88.1,2223.12,-1.82,False,,,,
1000100024,Valencia,Bioseguridad,perdut,0.183,138,,1086.44,,False,,,,
1000100031,Valencia,Anestesia,perdut,0.0,1175,,1802.36,,False,,,,
1000100034,Valencia,Anestesia,perdut,0.12,105,,2223.12,,False,,,,
1000100035,Zaragoza,Anestesia,perdut,0.737,189,,1802.36,,False,,,,
1000100035,Zaragoza,Bioseguridad,perdut,0.599,189,,879.2,,False,,,,
1000100037,Alicante,Anestesia,perdut,0.438,140,,3410.04,,False,,,,
1000100043,Valencia,Anestesia,perdut,0.0,1172,,2223.12,,False,,,,
1000100043,Valencia,Bioseguridad,marginal,0.0,881,,1086.44,,False,,,,
1000100053,Valencia,Anestesia,perdut,0.0,1183,,2223.12,,False,,,,
1000100053,Valencia,Bioseguridad,perdut,0.0,1183,,1086.44,,False,,,,
1000100055,Teruel,Anestesia,promiscu,0.648,34,70.3,2223.12,-1.35,False,,,,
1000100055,Teruel,Bioseguridad,marginal,0.0,824,,1086.44,,False,,,,
1000100056,Teruel,Anestesia,marginal,0.0,931,,2223.12,,False,,,,
1000100056,Teruel,Bioseguridad,perdut,0.0,931,,1086.44,,False,,,,
1000100057,Zaragoza,Anestesia,perdut,0.0,1068,,3410.04,,False,,,,
1000100058,Zaragoza,Anestesia,fidel,2.314,19,41.8,2223.12,-0.6,False,,,,
1000100058,Zaragoza,Bioseguridad,fidel,1.842,19,167.3,1086.44,-0.9,False,,,,
1000100060,Valencia,Anestesia,perdut,0.0,1158,,2223.12,,False,,,,
1000100061,Zaragoza,Anestesia,perdut,0.266,264,,2223.12,,False,,,,
1000100062,Alicante,Anestesia,perdut,0.0,1152,,2223.12,,False,,,,
1000100069,Alicante,Anestesia,promiscu,0.398,13,318.7,2223.12,-1.5,False,,,,
1000100069,Alicante,Bioseguridad,promiscu,0.298,40,216.6,1086.44,-0.92,False,,,,
1000100071,Zaragoza,Anestesia,perdut,0.0,1042,,3410.04,,False,,,,
1000100072,Valencia,Anestesia,promiscu,0.386,55,59.4,3410.04,-0.07,False,,,,
1000100072,Valencia,Bioseguridad,promiscu,0.649,55,133.8,1667.34,-0.7,False,,,,
1000100076,La Rioja,Anestesia,fidel,1.191,46,70.5,3410.04,-0.5,False,,,,
1000100077,Barcelona,Anestesia,fidel,1.078,48,148.0,1802.36,-0.72,False,,,,
1000100078,Tarragona,Anestesia,perdut,0.173,157,,3410.04,,False,,,,
1000100085,Sevilla,Anestesia,fidel,1.067,13,206.0,2223.12,-1.92,False,,,,
1000100087,Madrid,Anestesia,perdut,0.345,290,,3410.04,,False,,,,
1000100088,Albacete,Bioseguridad,perdut,0.146,340,,1086.44,,False,,,,
1000100089,Sta.Cruz Tenerife,Anestesia,perdut,0.789,102,,4546.72,,False,,,,
1000100090,Barcelona,Anestesia,marginal,0.234,28,,2223.12,,False,,,,
1000100091,Sevilla,Anestesia,perdut,0.0,907,,3410.04,,False,,,,
1000100096,Barcelona,Anestesia,marginal,0.0,1071,,1802.36,,False,,,,
1000100103,Barcelona,Anestesia,perdut,0.194,123,,2223.12,,False,,,,
1000100112,Madrid,Anestesia,perdut,0.319,229,,2223.12,,False,,,,
1000100114,Alicante,Anestesia,perdut,0.624,248,,3410.04,,False,,,,
1000100115,Valladolid,Bioseguridad,perdut,0.0,619,,1667.34,,False,,,,
1000100116,Lleida,Anestesia,marginal,0.0,1062,,4546.72,,False,,,,
1000100120,Murcia,Anestesia,fidel,1.132,13,116.6,2223.12,-2.51,False,,,,
1000100123,Asturias,Anestesia,perdut,0.348,293,,2223.12,,False,,,,
1000100125,Córdoba,Anestesia,perdut,0.039,101,,17050.2,,False,,,,
1000100128,Cádiz,Anestesia,perdut,0.245,263,,4546.72,,False,,,,
1000100129,Madrid,Anestesia,promiscu,0.478,53,501.5,2223.12,-1.95,False,,,,
1000100130,Asturias,Anestesia,perdut,0.797,279,,2223.12,,False,,,,
1000100131,Madrid,Anestesia,perdut,0.266,228,,2223.12,,False,,,,
1000100131,Madrid,Bioseguridad,fidel,1.479,81,126.3,1086.44,-0.52,False,,,,
1000100137,Las Palmas,Anestesia,fidel,1.238,11,64.9,4546.72,-1.8,False,,,,
1000100138,Murcia,Anestesia,perdut,0.266,276,,2223.12,,False,,,,
1000100139,Girona,Anestesia,perdut,0.218,96,,2223.12,,False,,,,
1000100141,Vizcaya,Anestesia,promiscu,0.553,55,168.0,5683.4,-3.56,False,,,,
1000100142,León,Anestesia,perdut,0.659,129,,2223.12,,False,,,,
1000100143,Pontevedra,Anestesia,perdut,0.252,291,,1802.36,,False,,,,
1000100145,Sevilla,Anestesia,perdut,0.794,269,,3410.04,,False,,,,
1000100146,Sta.Cruz Tenerife,Anestesia,en_risc,0.817,88,119.8,2223.12,-0.34,True,caiguda_share,407.59,mitja,"Client en_risc de Anestesia (Share 12m: 82%). El seu cicle de compra és de 120 dies. Porta 88 dies sense comprar (-32 dies de coll). Tenia share alt, però en els últims 3 mesos ha caigut substancialment."
1000100149,Valencia,Anestesia,promiscu,0.504,28,125.8,4546.72,-2.08,False,,,,
1000100152,Vizcaya,Anestesia,marginal,0.0,1041,,2223.12,,False,,,,
1000100154,A Coruña,Anestesia,perdut,0.24,277,,2223.12,,False,,,,
1000100154,A Coruña,Bioseguridad,promiscu,0.706,39,501.0,1086.44,-1.24,False,,,,
1000100155,Tarragona,Anestesia,marginal,0.205,19,,2223.12,,False,,,,
1000100157,Valencia,Anestesia,perdut,0.398,206,,2223.12,,False,,,,
1000100157,Valencia,Bioseguridad,perdut,0.0,392,,1086.44,,False,,,,
1000100158,Madrid,Anestesia,marginal,0.213,46,,2223.12,,False,,,,
1000100159,Sta.Cruz Tenerife,Anestesia,perdut,0.0,447,,2223.12,,False,,,,
1000100160,Barcelona,Anestesia,perdut,0.16,103,,4546.72,,False,,,,
1000100163,Zaragoza,Anestesia,en_risc,0.33,82,84.3,2223.12,-0.04,True,caiguda_share,1490.26,mitja,"Client en_risc de Anestesia (Share 12m: 33%). El seu cicle de compra és de 84 dies. Porta 82 dies sense comprar (-2 dies de coll). Tenia share alt, però en els últims 3 mesos ha caigut substancialment."
1000100163,Zaragoza,Bioseguridad,marginal,0.242,60,,1086.44,,False,,,,
1000100166,Murcia,Anestesia,perdut,0.497,199,,2223.12,,False,,,,
1000100168,Madrid,Anestesia,perdut,0.0,747,,1802.36,,False,,,,
1000100169,Sevilla,Anestesia,perdut,0.378,326,,3410.04,,False,,,,
1000100170,Barcelona,Anestesia,marginal,0.0,1027,,4546.72,,False,,,,
1000100172,Madrid,Anestesia,fidel,1.438,27,100.0,3410.04,-0.54,False,,,,
1000100173,Madrid,Anestesia,perdut,0.522,152,,2223.12,,False,,,,
1000100174,Madrid,Anestesia,perdut,0.173,272,,3410.04,,False,,,,
1000100174,Madrid,Bioseguridad,perdut,0.0,896,,1667.34,,False,,,,
1000100175,Sevilla,Anestesia,perdut,0.0,739,,4546.72,,False,,,,
1000100176,Vizcaya,Anestesia,perdut,0.0,684,,2223.12,,False,,,,
1000100178,Sevilla,Anestesia,perdut,0.377,111,,3410.04,,False,,,,
1000100179,Burgos,Anestesia,perdut,0.631,335,,2223.12,,False,,,,
1000100179,Burgos,Bioseguridad,perdut,0.732,335,,1086.44,,False,,,,
1000100182,Sta.Cruz Tenerife,Anestesia,perdut,0.0,875,,1802.36,,False,,,,
1000100185,Madrid,Anestesia,perdut,0.0,599,,1802.36,,False,,,,
1000100188,Lleida,Anestesia,perdut,0.0,1015,,4546.72,,False,,,,
1000100193,Valladolid,Anestesia,perdut,0.835,96,,3410.04,,False,,,,
1000100196,Valencia,Anestesia,nou,0.13,27,,3410.04,,False,,,,
1000100196,Valencia,Bioseguridad,nou,0.099,27,,1667.34,,False,,,,
1000100197,Barcelona,Anestesia,fidel,1.059,6,91.1,2223.12,-2.24,False,,,,
1000100198,Sevilla,Anestesia,perdut,0.0,427,,2223.12,,False,,,,
1000100200,Alicante,Anestesia,fidel,0.818,34,324.0,3410.04,-1.32,False,,,,
1000100201,Asturias,Anestesia,perdut,0.0,970,,3410.04,,False,,,,
1000100203,Tarragona,Anestesia,perdut,0.0,1006,,2223.12,,False,,,,
1000100203,Tarragona,Bioseguridad,marginal,0.0,1006,,1086.44,,False,,,,
1000100206,Sta.Cruz Tenerife,Anestesia,perdut,0.628,159,,2223.12,,False,,,,
1000100207,Orense,Anestesia,fidel,1.263,6,94.5,2223.12,-1.48,False,,,,
1000100207,Orense,Bioseguridad,fidel,3.099,75,175.2,1086.44,-1.11,False,,,,
1000100210,Madrid,Anestesia,perdut,0.548,313,,1802.36,,False,,,,
1000100210,Madrid,Bioseguridad,perdut,0.452,313,,879.2,,False,,,,
1000100211,Sta.Cruz Tenerife,Anestesia,perdut,0.69,118,,3410.04,,False,,,,
1000100218,Sevilla,Anestesia,perdut,0.0,935,,2223.12,,False,,,,
1000100220,Zaragoza,Anestesia,nou,0.046,70,,3410.04,,False,,,,
1000100221,Barcelona,Anestesia,marginal,0.173,231,,3410.04,,False,,,,
1000100224,Barcelona,Anestesia,marginal,0.242,12,,4546.72,,False,,,,
1000100225,Jaén,Anestesia,promiscu,0.317,68,60.1,2223.12,0.14,True,reposicio_endarrerida,1517.84,mitja,Client promiscu de Anestesia (Share 12m: 32%). El seu cicle de compra és de 60 dies. Porta 68 dies sense comprar (8 dies de coll). 
1000100227,Valladolid,Anestesia,perdut,0.307,262,,4546.72,,False,,,,
1000100230,Valladolid,Anestesia,perdut,0.299,105,,2223.12,,False,,,,
1000100230,Valladolid,Bioseguridad,perdut,0.0,539,,1086.44,,False,,,,
1000100232,Madrid,Anestesia,en_risc,0.467,11,133.0,6820.08,-1.24,True,caiguda_share,3634.15,mitja,"Client en_risc de Anestesia (Share 12m: 47%). El seu cicle de compra és de 133 dies. Porta 11 dies sense comprar (-122 dies de coll). Tenia share alt, però en els últims 3 mesos ha caigut substancialment."
1000100234,Sevilla,Anestesia,perdut,0.2,98,,2223.12,,False,,,,
1000100236,Alicante,Anestesia,perdut,0.136,262,,2223.12,,False,,,,
1000100239,Guadalajara,Anestesia,marginal,0.0,950,,2223.12,,False,,,,
1000100243,Valencia,Anestesia,marginal,0.0,563,,3410.04,,False,,,,
1000100244,Almería,Anestesia,promiscu,0.565,28,468.0,3410.04,-1.14,False,,,,
1000100245,Valladolid,Anestesia,promiscu,0.319,88,,2223.12,,False,,,,
1000100245,Valladolid,Bioseguridad,marginal,0.0,964,,1086.44,,False,,,,
1000100246,Barcelona,Anestesia,fidel,1.652,17,70.8,2223.12,-1.73,False,,,,
1000100246,Barcelona,Bioseguridad,marginal,0.0,777,,1086.44,,False,,,,
1000100247,Vizcaya,Anestesia,perdut,0.0,444,,2223.12,,False,,,,
1000100247,Vizcaya,Bioseguridad,en_risc,0.366,206,,1086.44,,False,,,,
1000100250,Madrid,Anestesia,marginal,0.0,958,,2223.12,,False,,,,
1000100252,Madrid,Anestesia,perdut,0.0,461,,1802.36,,False,,,,
1000100252,Madrid,Bioseguridad,perdut,0.0,559,,879.2,,False,,,,
1000100253,Cádiz,Anestesia,perdut,0.0,566,,3410.04,,False,,,,
1000100253,Cádiz,Bioseguridad,perdut,0.0,382,,1667.34,,False,,,,
1000100254,Málaga,Anestesia,marginal,0.0,934,,3410.04,,False,,,,
1000100256,Sta.Cruz Tenerife,Anestesia,promiscu,0.476,53,451.0,2223.12,-1.0,False,,,,
1000100260,Madrid,Anestesia,perdut,0.13,118,,4546.72,,False,,,,
1000100262,Sevilla,Anestesia,perdut,0.303,122,,4546.72,,False,,,,
1000100263,Teruel,Bioseguridad,marginal,0.0,951,,1667.34,,False,,,,
1000100265,Las Palmas,Anestesia,perdut,0.681,91,,3410.04,,False,,,,
1000100273,Valencia,Anestesia,marginal,0.181,28,,4546.72,,False,,,,
1000100273,Valencia,Bioseguridad,marginal,0.03,28,,2223.12,,False,,,,
1000100274,Sevilla,Anestesia,perdut,0.0,406,,2223.12,,False,,,,
1000100276,Zaragoza,Anestesia,marginal,0.017,54,,3410.04,,False,,,,
1000100276,Zaragoza,Bioseguridad,en_risc,1.155,54,99.0,1667.34,-0.78,True,caiguda_share,0.0,mitja,"Client en_risc de Bioseguridad (Share 12m: 116%). El seu cicle de compra és de 99 dies. Porta 54 dies sense comprar (-45 dies de coll). Tenia share alt, però en els últims 3 mesos ha caigut substancialment."
1000100277,Madrid,Anestesia,promiscu,0.346,56,,3410.04,,False,,,,
1000100279,Valencia,Anestesia,marginal,0.0,943,,3410.04,,False,,,,
1000100281,Sta.Cruz Tenerife,Anestesia,perdut,0.39,94,,3410.04,,False,,,,
1000100283,Sevilla,Anestesia,perdut,0.179,91,,3410.04,,False,,,,
1000100284,Almería,Anestesia,fidel,0.805,55,134.4,3410.04,-0.78,False,,,,
1000100285,Barcelona,Anestesia,perdut,0.0,844,,1802.36,,False,,,,
1000100286,Málaga,Anestesia,perdut,0.354,154,,2223.12,,False,,,,
1000100286,Málaga,Bioseguridad,marginal,0.186,154,,1086.44,,False,,,,
1000100287,Valencia,Anestesia,perdut,0.0,935,,3410.04,,False,,,,
1000100288,Sevilla,Anestesia,fidel,0.976,38,224.5,2223.12,-1.23,False,,,,
1000100289,Valencia,Anestesia,promiscu,0.478,19,458.0,2223.12,-3.65,False,,,,
1000100289,Valencia,Bioseguridad,perdut,0.0,935,,1086.44,,False,,,,
1000100291,Madrid,Anestesia,fidel,0.762,68,216.8,2223.12,-0.95,False,,,,
1000100291,Madrid,Bioseguridad,promiscu,0.597,68,182.5,1086.44,-5.0,False,,,,
1000100292,Valencia,Anestesia,marginal,0.0,572,,2223.12,,False,,,,
1000100298,Sevilla,Anestesia,promiscu,0.574,66,339.5,4546.72,-1.73,False,,,,
1000100299,Almería,Anestesia,marginal,0.218,88,,3410.04,,False,,,,
1000100303,Cáceres,Anestesia,fidel,1.462,53,58.4,2223.12,-0.22,False,,,,
1000100303,Cáceres,Bioseguridad,fidel,3.578,39,66.3,1086.44,-1.04,False,,,,
1000100304,Las Palmas,Anestesia,marginal,0.0,692,,2223.12,,False,,,,
1000100304,Las Palmas,Bioseguridad,perdut,0.0,451,,1086.44,,False,,,,
1000100306,Sevilla,Anestesia,fidel,1.056,7,180.6,3410.04,-3.19,False,,,,
1000100306,Sevilla,Bioseguridad,promiscu,0.486,68,,1667.34,,False,,,,
1000100310,Madrid,Anestesia,perdut,0.0,859,,3410.04,,False,,,,
1000100313,Zaragoza,Anestesia,en_risc,1.034,19,49.4,2223.12,-1.31,True,caiguda_share,0.0,mitja,"Client en_risc de Anestesia (Share 12m: 103%). El seu cicle de compra és de 49 dies. Porta 19 dies sense comprar (-30 dies de coll). Tenia share alt, però en els últims 3 mesos ha caigut substancialment."
1000100313,Zaragoza,Bioseguridad,perdut,0.0,459,,1086.44,,False,,,,
1000100316,Madrid,Anestesia,perdut,0.219,307,,2223.12,,False,,,,
1000100316,Madrid,Bioseguridad,perdut,0.369,307,,1086.44,,False,,,,
1000100317,Valencia,Anestesia,perdut,0.0,460,,3410.04,,False,,,,
1000100317,Valencia,Bioseguridad,perdut,0.0,923,,1667.34,,False,,,,
1000100320,Valencia,Anestesia,promiscu,0.614,41,54.6,3410.04,-0.42,False,,,,
1000100321,Badajoz,Anestesia,en_risc,1.3,55,48.1,2223.12,0.41,True,caiguda_share,0.0,mitja,"Client en_risc de Anestesia (Share 12m: 130%). El seu cicle de compra és de 48 dies. Porta 55 dies sense comprar (7 dies de coll). Tenia share alt, però en els últims 3 mesos ha caigut substancialment."
1000100321,Badajoz,Bioseguridad,perdut,1.098,119,,1086.44,,False,,,,
1000100324,Valladolid,Bioseguridad,perdut,0.0,476,,1086.44,,False,,,,
1000100326,Cáceres,Anestesia,marginal,0.0,916,,1802.36,,False,,,,
1000100327,Sevilla,Anestesia,perdut,0.623,158,,3410.04,,False,,,,
1000100329,Tarragona,Anestesia,promiscu,0.524,26,296.7,2223.12,-9.33,False,,,,
1000100330,Madrid,Anestesia,perdut,0.0,726,,2223.12,,False,,,,
1000100330,Madrid,Bioseguridad,perdut,0.0,651,,1086.44,,False,,,,
1000100331,Las Palmas,Anestesia,perdut,0.58,343,,2223.12,,False,,,,
1000100331,Las Palmas,Bioseguridad,fidel,3.165,25,73.5,1086.44,-1.2,False,,,,
1000100334,Valladolid,Anestesia,perdut,0.0,699,,1802.36,,False,,,,
1000100337,Málaga,Anestesia,en_risc,0.96,55,77.5,3410.04,-1.11,True,caiguda_share,137.53,mitja,"Client en_risc de Anestesia (Share 12m: 96%). El seu cicle de compra és de 77 dies. Porta 55 dies sense comprar (-22 dies de coll). Tenia share alt, però en els últims 3 mesos ha caigut substancialment."
1000100337,Málaga,Bioseguridad,perdut,0.0,713,,1667.34,,False,,,,
1000100338,Zamora,Anestesia,perdut,0.319,227,,2223.12,,False,,,,
1000100338,Zamora,Bioseguridad,perdut,0.0,574,,1086.44,,False,,,,
1000100339,Madrid,Anestesia,marginal,0.093,81,,2223.12,,False,,,,
1000100352,Barcelona,Anestesia,promiscu,0.598,33,435.0,2223.12,-15.79,False,,,,
1000100357,Pontevedra,Anestesia,marginal,0.0,892,,1802.36,,False,,,,
1000100361,Barcelona,Anestesia,fidel,0.797,76,116.1,2223.12,-1.0,False,,,,
1000100361,Barcelona,Bioseguridad,marginal,0.0,803,,1086.44,,False,,,,
1000100365,Zamora,Anestesia,perdut,0.0,896,,2223.12,,False,,,,
1000100366,Sta.Cruz Tenerife,Anestesia,perdut,0.129,265,,3410.04,,False,,,,
1000100370,Valencia,Anestesia,promiscu,0.471,6,420.0,2223.12,-2.4,False,,,,
1000100371,Zamora,Anestesia,perdut,0.0,887,,3410.04,,False,,,,
1000100373,Almería,Anestesia,perdut,0.157,285,,3410.04,,False,,,,
1000100375,Sta.Cruz Tenerife,Anestesia,marginal,0.0,612,,3410.04,,False,,,,
1000100379,Madrid,Anestesia,perdut,1.733,157,,2223.12,,False,,,,
1000100380,Valencia,Anestesia,perdut,0.598,112,,2223.12,,False,,,,
1000100381,Huelva,Anestesia,perdut,0.0,816,,4546.72,,False,,,,
1000100383,Badajoz,Anestesia,perdut,0.0,483,,1.0,,False,,,,
1000100384,Badajoz,Anestesia,promiscu,0.62,82,384.0,2223.12,-3.88,False,,,,
1000100385,Cuenca,Anestesia,perdut,0.258,335,,2223.12,,False,,,,
1000100387,Murcia,Anestesia,perdut,0.0,392,,3410.04,,False,,,,
1000100388,Vizcaya,Anestesia,promiscu,0.26,26,275.3,3410.04,-3.53,False,,,,
1000100391,Murcia,Bioseguridad,en_risc,1.338,48,83.6,1667.34,-1.43,True,caiguda_share,0.0,mitja,"Client en_risc de Bioseguridad (Share 12m: 134%). El seu cicle de compra és de 84 dies. Porta 48 dies sense comprar (-36 dies de coll). Tenia share alt, però en els últims 3 mesos ha caigut substancialment."
1000100393,Sevilla,Anestesia,promiscu,0.418,45,100.3,4546.72,-1.31,False,,,,
1000100397,Madrid,Anestesia,promiscu,0.288,27,184.0,1802.36,-1.06,False,,,,
1000100397,Madrid,Bioseguridad,perdut,0.0,444,,879.2,,False,,,,
1000100398,Huesca,Anestesia,fidel,0.804,89,151.0,2223.12,-1.07,False,,,,
1000100399,Granada,Anestesia,perdut,0.0,536,,1802.36,,False,,,,
1000100400,Zaragoza,Anestesia,fidel,0.781,74,250.0,3410.04,-4.61,False,,,,
1000100400,Zaragoza,Bioseguridad,perdut,0.0,404,,1667.34,,False,,,,
1000100401,Guadalajara,Anestesia,promiscu,0.307,11,91.2,3410.04,-1.91,False,,,,
1000100403,Zaragoza,Anestesia,promiscu,0.278,33,270.0,2223.12,-3.95,False,,,,
1000100405,Murcia,Anestesia,perdut,0.0,651,,2223.12,,False,,,,
1000100406,Granada,Anestesia,perdut,0.0,831,,1802.36,,False,,,,
1000100410,Pontevedra,Anestesia,promiscu,0.64,61,176.7,2223.12,-1.45,False,,,,
1000100410,Pontevedra,Bioseguridad,marginal,0.128,327,,1086.44,,False,,,,
1000100411,Málaga,Anestesia,fidel,0.79,25,164.2,3410.04,-1.26,False,,,,
1000100416,Toledo,Anestesia,perdut,1.227,187,,2223.12,,False,,,,
1000100416,Toledo,Bioseguridad,perdut,0.366,238,,1086.44,,False,,,,
1000100417,Alicante,Anestesia,perdut,0.0,628,,3410.04,,False,,,,
1000100419,Madrid,Anestesia,marginal,0.063,172,,2223.12,,False,,,,
1000100420,Vizcaya,Anestesia,fidel,0.903,24,132.3,2223.12,-3.35,False,,,,
1000100420,Vizcaya,Bioseguridad,perdut,0.737,266,,1086.44,,False,,,,
1000100424,Asturias,Anestesia,perdut,0.08,206,,2223.12,,False,,,,
1000100425,Madrid,Anestesia,marginal,0.042,28,,3410.04,,False,,,,
1000100427,Madrid,Anestesia,en_risc,1.321,38,59.5,2223.12,-0.67,True,caiguda_share,0.0,mitja,"Client en_risc de Anestesia (Share 12m: 132%). El seu cicle de compra és de 60 dies. Porta 38 dies sense comprar (-22 dies de coll). Tenia share alt, però en els últims 3 mesos ha caigut substancialment."
1000100428,Alicante,Bioseguridad,perdut,0.243,234,,1667.34,,False,,,,
1000100429,Madrid,Anestesia,marginal,0.093,70,,2223.12,,False,,,,
1000100431,Valencia,Anestesia,perdut,0.0,447,,2223.12,,False,,,,
1000100431,Valencia,Bioseguridad,perdut,0.0,826,,1086.44,,False,,,,
1000100432,Madrid,Anestesia,perdut,0.318,332,,1802.36,,False,,,,
1000100433,Madrid,Anestesia,fidel,0.893,20,111.1,3410.04,-1.5,False,,,,
1000100433,Madrid,Bioseguridad,marginal,0.0,650,,1667.34,,False,,,,
1000100438,Valladolid,Anestesia,perdut,0.0,823,,3410.04,,False,,,,
1000100439,Madrid,Anestesia,perdut,0.334,234,,3410.04,,False,,,,
1000100439,Madrid,Bioseguridad,marginal,0.0,823,,1667.34,,False,,,,
1000100441,Madrid,Anestesia,perdut,0.266,181,,2223.12,,False,,,,
1000100441,Madrid,Bioseguridad,perdut,0.278,222,,1086.44,,False,,,,
1000100443,Murcia,Anestesia,marginal,0.0,711,,2223.12,,False,,,,
1000100443,Murcia,Bioseguridad,perdut,0.0,818,,1086.44,,False,,,,
1000100444,Jaén,Anestesia,perdut,0.0,816,,1802.36,,False,,,,
1000100447,Asturias,Anestesia,marginal,0.0,774,,2223.12,,False,,,,
1000100448,Sta.Cruz Tenerife,Anestesia,promiscu,0.401,89,157.0,2223.12,-0.81,False,,,,
1000100449,Valencia,Anestesia,marginal,0.159,27,,3410.04,,False,,,,
1000100455,Granada,Anestesia,perdut,0.0,567,,3410.04,,False,,,,
1000100456,Murcia,Anestesia,fidel,1.166,34,111.0,2223.12,-2.32,False,,,,
1000100456,Murcia,Bioseguridad,promiscu,0.616,34,259.0,1086.44,-1.13,False,,,,
1000100458,Almería,Anestesia,perdut,0.39,159,,3410.04,,False,,,,
1000100463,Málaga,Anestesia,promiscu,0.443,28,129.5,2223.12,-1.71,False,,,,
1000100465,Sta.Cruz Tenerife,Anestesia,perdut,0.143,172,,3410.04,,False,,,,
1000100466,Murcia,Anestesia,promiscu,0.37,40,191.2,2223.12,-1.58,False,,,,
1000100466,Murcia,Bioseguridad,en_risc,0.298,159,,1086.44,,False,,,,
1000100467,Valladolid,Bioseguridad,fidel,1.603,39,69.5,2223.12,-1.14,False,,,,
1000100468,Murcia,Anestesia,perdut,0.366,199,,3410.04,,False,,,,
1000100471,Vizcaya,Anestesia,perdut,1.476,143,,2223.12,,False,,,,
1000100471,Vizcaya,Bioseguridad,fidel,1.629,66,200.0,1086.44,-2.11,False,,,,
1000100474,Madrid,Anestesia,perdut,0.0,648,,3410.04,,False,,,,
1000100478,Granada,Anestesia,perdut,0.0,798,,1802.36,,False,,,,
1000100481,Vizcaya,Anestesia,perdut,0.266,97,,2223.12,,False,,,,
1000100481,Vizcaya,Bioseguridad,fidel,1.193,68,,1086.44,,False,,,,
1000100482,Cantabria,Anestesia,perdut,0.0,552,,2223.12,,False,,,,
1000100482,Cantabria,Bioseguridad,perdut,0.0,434,,1086.44,,False,,,,
1000100483,Valencia,Bioseguridad,marginal,0.0,432,,1667.34,,False,,,,
1000100484,Murcia,Anestesia,en_risc,1.204,0,132.7,2223.12,-4.04,True,caiguda_share,0.0,mitja,"Client en_risc de Anestesia (Share 12m: 120%). El seu cicle de compra és de 133 dies. Porta 0 dies sense comprar (-133 dies de coll). Tenia share alt, però en els últims 3 mesos ha caigut substancialment."
1000100485,Barcelona,Anestesia,perdut,0.0,671,,2223.12,,False,,,,
1000100485,Barcelona,Bioseguridad,perdut,0.0,671,,1086.44,,False,,,,
1000100486,Palencia,Anestesia,perdut,0.0,462,,2223.12,,False,,,,
1000100486,Palencia,Bioseguridad,perdut,0.0,626,,1086.44,,False,,,,
1000100492,Madrid,Anestesia,marginal,0.0,784,,1802.36,,False,,,,
1000100493,Asturias,Anestesia,en_risc,0.451,89,87.8,2223.12,0.02,True,caiguda_share,1220.58,mitja,"Client en_risc de Anestesia (Share 12m: 45%). El seu cicle de compra és de 88 dies. Porta 89 dies sense comprar (1 dies de coll). Tenia share alt, però en els últims 3 mesos ha caigut substancialment."
1000100494,Barcelona,Anestesia,fidel,1.996,68,103.1,2223.12,-0.53,False,,,,
1000100495,Madrid,Anestesia,perdut,0.367,116,,3410.04,,False,,,,
1000100497,Madrid,Anestesia,fidel,1.076,49,123.0,2223.12,-0.74,False,,,,
1000100497,Madrid,Bioseguridad,perdut,0.373,327,,1086.44,,False,,,,
1000100498,Vizcaya,Bioseguridad,perdut,0.885,112,,1086.44,,False,,,,
1000100499,Córdoba,Bioseguridad,marginal,0.121,105,,1667.34,,False,,,,
1000100500,Madrid,Anestesia,fidel,1.068,24,381.5,2223.12,-4.32,False,,,,
1000100500,Madrid,Bioseguridad,perdut,0.0,432,,1086.44,,False,,,,
1000100502,Madrid,Anestesia,fidel,0.86,56,104.0,3410.04,-0.86,False,,,,
1000100506,Valencia,Anestesia,promiscu,0.705,11,252.7,3410.04,-4.92,False,,,,
1000100507,Alicante,Anestesia,perdut,0.13,96,,3410.04,,False,,,,
1000100509,Barcelona,Anestesia,marginal,0.031,179,,4546.72,,False,,,,
1000100511,Cáceres,Anestesia,perdut,1328.79,178,,1.0,,False,,,,
1000100512,Alicante,Anestesia,promiscu,0.52,54,,3410.04,,False,,,,
1000100513,Las Palmas,Anestesia,perdut,0.587,181,,4546.72,,False,,,,
1000100515,Barcelona,Anestesia,fidel,2.608,34,57.2,2223.12,-0.6,False,,,,
1000100515,Barcelona,Bioseguridad,en_risc,0.366,291,,1086.44,,False,,,,
1000100517,Huesca,Anestesia,perdut,0.0,777,,1802.36,,False,,,,
1000100517,Huesca,Bioseguridad,perdut,0.0,777,,879.2,,False,,,,
1000100518,Madrid,Anestesia,en_risc,0.607,46,90.4,2223.12,-0.87,True,caiguda_share,872.95,mitja,"Client en_risc de Anestesia (Share 12m: 61%). El seu cicle de compra és de 90 dies. Porta 46 dies sense comprar (-44 dies de coll). Tenia share alt, però en els últims 3 mesos ha caigut substancialment."
1000100519,Madrid,Anestesia,promiscu,0.54,77,49.5,2223.12,1.24,True,reposicio_endarrerida,1022.2,mitja,Client promiscu de Anestesia (Share 12m: 54%). El seu cicle de compra és de 50 dies. Porta 77 dies sense comprar (28 dies de coll). 
1000100522,Madrid,Anestesia,perdut,0.0,419,,3410.04,,False,,,,
1000100522,Madrid,Bioseguridad,marginal,0.0,572,,1667.34,,False,,,,
1000100524,Madrid,Anestesia,promiscu,0.436,54,180.0,3410.04,-8.79,False,,,,
1000100526,Barcelona,Anestesia,perdut,0.0,773,,1802.36,,False,,,,
1000100528,Sta.Cruz Tenerife,Anestesia,promiscu,0.687,11,75.7,3410.04,-1.66,False,,,,
1000100531,Las Palmas,Anestesia,promiscu,0.364,27,247.0,2223.12,-3.58,False,,,,
1000100535,Barcelona,Anestesia,fidel,0.84,27,73.5,2223.12,-0.88,False,,,,
1000100537,Toledo,Anestesia,perdut,0.303,103,,1802.36,,False,,,,
1000100537,Toledo,Bioseguridad,perdut,2.295,97,,879.2,,False,,,,
1000100538,Alicante,Anestesia,perdut,0.168,319,,3410.04,,False,,,,
1000100541,Valencia,Anestesia,promiscu,0.465,27,183.8,2223.12,-9.48,False,,,,
1000100542,Valladolid,Anestesia,fidel,1.039,13,249.0,3410.04,-1.24,False,,,,
1000100542,Valladolid,Bioseguridad,promiscu,0.729,13,186.8,1667.34,-1.67,False,,,,
1000100546,Alicante,Anestesia,perdut,0.0,670,,3410.04,,False,,,,
1000100546,Alicante,Bioseguridad,perdut,0.0,375,,1667.34,,False,,,,
1000100553,Madrid,Anestesia,promiscu,0.687,76,169.8,3410.04,-2.42,False,,,,
1000100554,Murcia,Anestesia,perdut,0.511,105,,2223.12,,False,,,,
1000100555,Valencia,Anestesia,perdut,0.295,283,,2223.12,,False,,,,
1000100556,,Anestesia,perdut,0.0,749,,3410.04,,False,,,,
1000100557,Madrid,Anestesia,fidel,1.195,66,113.7,2223.12,-0.52,False,,,,
1000100558,Madrid,Anestesia,perdut,1.186,159,,1802.36,,False,,,,
1000100558,Madrid,Bioseguridad,fidel,1.843,59,236.5,879.2,-2.76,False,,,,
1000100559,Barcelona,Anestesia,perdut,0.598,224,,2223.12,,False,,,,
1000100559,Barcelona,Bioseguridad,fidel,1.258,82,129.0,1086.44,-0.58,False,,,,
1000100562,Madrid,Anestesia,marginal,0.154,28,,2223.12,,False,,,,
1000100563,Valencia,Anestesia,perdut,0.0,740,,3410.04,,False,,,,
1000100563,Valencia,Bioseguridad,marginal,0.0,740,,1667.34,,False,,,,
1000100564,Madrid,Anestesia,perdut,0.292,291,,4546.72,,False,,,,
1000100564,Madrid,Bioseguridad,perdut,0.219,244,,2223.12,,False,,,,
1000100566,Castellón,Anestesia,marginal,0.217,66,,3410.04,,False,,,,
1000100567,Navarra,Anestesia,fidel,1.391,48,171.2,2223.12,-1.05,False,,,,
1000100567,Navarra,Bioseguridad,fidel,1.118,48,,1086.44,,False,,,,
1000100571,Cantabria,Anestesia,promiscu,0.333,27,136.0,2223.12,-1.21,False,,,,
1000100572,Almería,Anestesia,perdut,1.169,95,,3410.04,,False,,,,
1000100575,Teruel,Anestesia,perdut,0.451,119,,2223.12,,False,,,,
1000100575,Teruel,Bioseguridad,perdut,1.0,119,,1086.44,,False,,,,
1000100576,Murcia,Anestesia,fidel,1.106,20,134.2,3410.04,-4.64,False,,,,
1000100577,Albacete,Anestesia,fidel,0.855,89,104.8,2223.12,-0.26,False,,,,
1000100580,Asturias,Anestesia,promiscu,0.597,55,,3410.04,,False,,,,
1000100581,Barcelona,Anestesia,perdut,0.094,334,,4546.72,,False,,,,
1000100582,Madrid,Anestesia,fidel,0.953,53,166.0,2223.12,-2.86,False,,,,
1000100582,Madrid,Bioseguridad,perdut,0.929,245,,1086.44,,False,,,,
1000100585,Valencia,Anestesia,perdut,0.258,216,,2223.12,,False,,,,
1000100585,Valencia,Bioseguridad,perdut,0.0,431,,1086.44,,False,,,,
1000100588,Pontevedra,Bioseguridad,marginal,0.0,712,,1.0,,False,,,,
1000100589,Lugo,Anestesia,perdut,0.319,124,,2223.12,,False,,,,
1000100590,Alicante,Anestesia,marginal,0.0,711,,2223.12,,False,,,,
1000100591,Valladolid,Anestesia,perdut,0.598,333,,2223.12,,False,,,,
1000100591,Valladolid,Bioseguridad,en_risc,0.476,215,,1086.44,,False,,,,
1000100593,Madrid,Anestesia,fidel,0.905,54,133.0,2223.12,-0.82,False,,,,
1000100595,Madrid,Anestesia,marginal,0.0,466,,5683.4,,False,,,,
1000100597,Valencia,Anestesia,fidel,0.781,82,209.3,3410.04,-4.83,False,,,,
1000100598,Vizcaya,Anestesia,fidel,1.341,41,166.5,2223.12,-3.55,False,,,,
1000100600,Córdoba,Anestesia,marginal,0.0,452,,3410.04,,False,,,,
1000100601,Cantabria,Anestesia,marginal,0.093,271,,2223.12,,False,,,,
1000100602,Barcelona,Anestesia,fidel,1.195,46,165.0,2223.12,-2.2,False,,,,
1000100602,Barcelona,Bioseguridad,fidel,1.661,46,163.3,1086.44,-1.48,False,,,,
1000100604,Sevilla,Anestesia,perdut,0.0,629,,6820.08,,False,,,,
1000100605,Alicante,Anestesia,perdut,0.173,178,,3410.04,,False,,,,
1000100606,Madrid,Anestesia,perdut,0.61,97,,2223.12,,False,,,,
1000100606,Madrid,Bioseguridad,perdut,0.25,325,,1086.44,,False,,,,
1000100608,Madrid,Anestesia,fidel,0.789,67,126.6,3410.04,-1.56,False,,,,
1000100609,Vizcaya,Anestesia,perdut,1.147,189,,1802.36,,False,,,,
1000100609,Vizcaya,Bioseguridad,marginal,0.0,454,,879.2,,False,,,,
1000100610,Pontevedra,Anestesia,perdut,0.08,334,,1802.36,,False,,,,
1000100610,Pontevedra,Bioseguridad,marginal,0.0,439,,879.2,,False,,,,
1000100611,Madrid,Anestesia,perdut,0.284,91,,3410.04,,False,,,,
1000100611,Madrid,Bioseguridad,perdut,0.34,301,,1667.34,,False,,,,
1000100614,Burgos,Anestesia,promiscu,0.582,67,,2223.12,,False,,,,
1000100615,Murcia,Bioseguridad,promiscu,0.597,40,,1086.44,,False,,,,
1000100622,Pontevedra,Anestesia,perdut,0.332,179,,2223.12,,False,,,,
1000100622,Pontevedra,Bioseguridad,marginal,0.128,311,,1086.44,,False,,,,
1000100623,Lleida,Anestesia,marginal,0.0,699,,2223.12,,False,,,,
1000100624,Sta.Cruz Tenerife,Anestesia,perdut,0.647,150,,5683.4,,False,,,,
1000100624,Sta.Cruz Tenerife,Bioseguridad,perdut,1.219,144,,2778.9,,False,,,,
1000100625,Córdoba,Anestesia,marginal,0.216,33,,3410.04,,False,,,,
1000100631,Madrid,Anestesia,marginal,0.048,180,,1802.36,,False,,,,
1000100632,Zaragoza,Anestesia,perdut,0.0,390,,3410.04,,False,,,,
1000100632,Zaragoza,Bioseguridad,promiscu,0.389,60,177.3,1667.34,-2.61,False,,,,
1000100635,Zaragoza,Anestesia,perdut,0.28,297,,2223.12,,False,,,,
1000100635,Zaragoza,Bioseguridad,perdut,0.0,592,,1086.44,,False,,,,
1000100637,Barcelona,Anestesia,perdut,0.145,194,,3410.04,,False,,,,
1000100640,Murcia,Anestesia,promiscu,0.531,48,214.7,2223.12,-3.58,False,,,,
1000100640,Murcia,Bioseguridad,perdut,0.0,452,,1086.44,,False,,,,
1000100642,A Coruña,Anestesia,perdut,0.173,209,,3410.04,,False,,,,
1000100642,A Coruña,Bioseguridad,marginal,0.0,389,,1667.34,,False,,,,
1000100643,Barcelona,Anestesia,en_risc,0.716,348,,1802.36,,False,,,,
1000100643,Barcelona,Bioseguridad,perdut,1.648,348,,879.2,,False,,,,
1000100644,Tarragona,Anestesia,marginal,0.0,480,,1802.36,,False,,,,
1000100645,Las Palmas,Anestesia,perdut,0.0,462,,3410.04,,False,,,,
1000100648,Ciudad Real,Bioseguridad,marginal,0.0,690,,1086.44,,False,,,,
1000100650,Alicante,Anestesia,perdut,0.165,300,,2223.12,,False,,,,
1000100652,Vizcaya,Anestesia,perdut,0.165,174,,2223.12,,False,,,,
1000100653,Vizcaya,Anestesia,perdut,0.556,96,,3410.04,,False,,,,
1000100654,Girona,Anestesia,perdut,0.567,186,,2223.12,,False,,,,
1000100656,Alicante,Anestesia,perdut,0.558,189,,3410.04,,False,,,,
1000100657,La Rioja,Anestesia,fidel,1.122,54,83.0,4546.72,-2.07,False,,,,
1000100659,Madrid,Anestesia,perdut,0.246,304,,2223.12,,False,,,,
1000100661,Murcia,Anestesia,perdut,0.414,276,,2223.12,,False,,,,
1000100754,Gipúzkoa,Anestesia,nou,0.282,61,,2223.12,,False,,,,
1000100900,Murcia,Anestesia,perdut,0.524,96,,1802.36,,False,,,,
1000100912,A Coruña,Anestesia,fidel,1.044,40,212.3,2223.12,-1.8,False,,,,
1000100915,Toledo,Anestesia,promiscu,0.506,52,208.3,1802.36,-4.64,False,,,,
1000100917,Valencia,Anestesia,perdut,0.244,200,,4546.72,,False,,,,
1000100918,Asturias,Bioseguridad,marginal,0.0,614,,1667.34,,False,,,,
1000100919,Vizcaya,Anestesia,promiscu,0.518,28,,2223.12,,False,,,,
1000100920,Barcelona,Anestesia,perdut,0.173,174,,3410.04,,False,,,,
1000100921,Huesca,Anestesia,perdut,0.085,221,,6820.08,,False,,,,
1000100923,Toledo,Anestesia,fidel,0.982,45,126.0,3410.04,-2.92,False,,,,
1000100925,Teruel,Anestesia,perdut,0.15,153,,3410.04,,False,,,,
1000100925,Teruel,Bioseguridad,perdut,0.286,153,,1667.34,,False,,,,
1000100928,Barcelona,Anestesia,perdut,0.764,117,,2223.12,,False,,,,
1000100928,Barcelona,Bioseguridad,perdut,0.522,181,,1086.44,,False,,,,
1000100929,Sta.Cruz Tenerife,Anestesia,perdut,0.46,109,,3410.04,,False,,,,
1000100930,Sta.Cruz Tenerife,Anestesia,marginal,0.167,47,,20460.24,,False,,,,
1000100930,Sta.Cruz Tenerife,Bioseguridad,fidel,0.773,25,47.4,10004.04,-0.8,False,,,,
1000100931,Alicante,Anestesia,perdut,0.322,221,,3410.04,,False,,,,
1000100933,Navarra,Anestesia,fidel,0.933,55,123.4,2223.12,-3.71,False,,,,
1000100933,Navarra,Bioseguridad,fidel,1.098,55,205.7,1086.44,-2.54,False,,,,
1000100937,A Coruña,Anestesia,perdut,0.165,283,,2223.12,,False,,,,
1000100937,A Coruña,Bioseguridad,en_risc,0.298,108,,1086.44,,False,,,,
1000100939,Gipúzkoa,Anestesia,marginal,0.0,454,,4546.72,,False,,,,
1000100941,Alicante,Anestesia,perdut,0.2,192,,2223.12,,False,,,,
1000100943,Barcelona,Anestesia,perdut,0.0,482,,1802.36,,False,,,,
1000100944,La Rioja,Anestesia,en_risc,0.365,314,,3410.04,,False,,,,
1000100949,Alicante,Anestesia,perdut,0.319,123,,2223.12,,False,,,,
1000100951,Málaga,Anestesia,perdut,0.0,522,,3410.04,,False,,,,
1000100955,Valladolid,Anestesia,perdut,0.808,216,,2223.12,,False,,,,
1000100961,Alicante,Anestesia,promiscu,0.644,27,124.2,3410.04,-1.57,False,,,,
1000100962,Barcelona,Anestesia,fidel,1.039,32,,2223.12,,False,,,,
1000100962,Barcelona,Bioseguridad,perdut,1.566,94,,1086.44,,False,,,,
1000100963,Valencia,Anestesia,perdut,0.314,230,,3410.04,,False,,,,
1000100968,Albacete,Anestesia,fidel,1.617,54,114.4,2223.12,-1.55,False,,,,
1000100973,Salamanca,Anestesia,perdut,0.0,391,,2223.12,,False,,,,
1000100977,Madrid,Anestesia,fidel,0.992,76,114.4,1802.36,-0.91,False,,,,
1000100977,Madrid,Bioseguridad,perdut,1.369,105,,879.2,,False,,,,
1000100981,Valencia,Anestesia,perdut,0.776,111,,3410.04,,False,,,,
1000100982,Granada,Anestesia,perdut,0.0,644,,1802.36,,False,,,,
1000100985,Alicante,Anestesia,perdut,0.416,314,,3410.04,,False,,,,
1000100990,Asturias,Anestesia,perdut,0.258,186,,2223.12,,False,,,,
1000100992,Madrid,Anestesia,perdut,0.133,321,,3410.04,,False,,,,
1000100993,Asturias,Anestesia,promiscu,0.721,67,,2223.12,,False,,,,
1000100995,Murcia,Anestesia,nou,0.598,61,,2223.12,,False,,,,
1000100999,Madrid,Anestesia,perdut,0.0,431,,3410.04,,False,,,,
1000101002,Granada,Anestesia,perdut,0.39,280,,3410.04,,False,,,,
1000101004,Barcelona,Anestesia,promiscu,0.586,66,139.0,4546.72,-0.8,False,,,,
1000101005,Madrid,Anestesia,perdut,0.407,152,,1802.36,,False,,,,
1000101007,Cádiz,Anestesia,marginal,0.0,623,,2223.12,,False,,,,
1000101008,Las Palmas,Anestesia,marginal,0.226,83,,5683.4,,False,,,,
1000101009,Madrid,Anestesia,promiscu,0.532,28,97.3,2223.12,-1.08,False,,,,
1000101010,Valencia,Anestesia,promiscu,0.319,28,299.5,2223.12,-0.66,False,,,,
1000101010,Valencia,Bioseguridad,nou,0.373,28,,1086.44,,False,,,,
1000101014,Cuenca,Anestesia,perdut,0.596,94,,2223.12,,False,,,,
1000101015,Granada,Anestesia,perdut,0.259,265,,1802.36,,False,,,,
1000101015,Granada,Bioseguridad,perdut,0.0,622,,879.2,,False,,,,
1000101020,Málaga,Anestesia,perdut,0.0,621,,2223.12,,False,,,,
1000101021,Valencia,Anestesia,perdut,0.294,101,,3410.04,,False,,,,
1000101022,Las Palmas,Anestesia,marginal,0.0,619,,3410.04,,False,,,,
1000101023,Alicante,Anestesia,en_risc,0.96,34,68.5,2223.12,-2.28,True,caiguda_share,88.77,mitja,"Client en_risc de Anestesia (Share 12m: 96%). El seu cicle de compra és de 68 dies. Porta 34 dies sense comprar (-34 dies de coll). Tenia share alt, però en els últims 3 mesos ha caigut substancialment."
1000101025,Ciudad Real,Anestesia,en_risc,0.922,60,79.9,2223.12,-0.49,True,caiguda_share,173.32,mitja,"Client en_risc de Anestesia (Share 12m: 92%). El seu cicle de compra és de 80 dies. Porta 60 dies sense comprar (-20 dies de coll). Tenia share alt, però en els últims 3 mesos ha caigut substancialment."
1000101025,Ciudad Real,Bioseguridad,perdut,0.597,129,,1086.44,,False,,,,
1000101033,Barcelona,Anestesia,fidel,0.844,25,117.8,3410.04,-2.21,False,,,,
1000101035,Sevilla,Anestesia,perdut,0.298,256,,4546.72,,False,,,,
1000101036,Barcelona,Anestesia,en_risc,0.677,77,87.2,4546.72,-0.25,True,caiguda_share,1467.73,mitja,"Client en_risc de Anestesia (Share 12m: 68%). El seu cicle de compra és de 87 dies. Porta 77 dies sense comprar (-10 dies de coll). Tenia share alt, però en els últims 3 mesos ha caigut substancialment."
1000101042,Valencia,Anestesia,perdut,0.201,294,,2223.12,,False,,,,
1000101045,Cáceres,Anestesia,fidel,0.956,66,119.5,2223.12,-5.53,False,,,,
1000101053,Barcelona,Anestesia,perdut,0.0,602,,1802.36,,False,,,,
1000101056,Toledo,Anestesia,marginal,0.0,600,,1802.36,,False,,,,
1000101063,Castellón,Bioseguridad,en_risc,1.327,52,70.1,1667.34,-0.53,True,caiguda_share,0.0,mitja,"Client en_risc de Bioseguridad (Share 12m: 133%). El seu cicle de compra és de 70 dies. Porta 52 dies sense comprar (-18 dies de coll). Tenia share alt, però en els últims 3 mesos ha caigut substancialment."
1000101065,Burgos,Anestesia,perdut,0.0,559,,2223.12,,False,,,,
1000101068,Barcelona,Anestesia,perdut,0.69,110,,2223.12,,False,,,,
1000101070,Asturias,Anestesia,perdut,0.0,599,,2223.12,,False,,,,
1000101073,Madrid,Anestesia,fidel,0.768,46,184.0,3410.04,-1.54,False,,,,
1000101074,Las Palmas,Anestesia,perdut,0.09,238,,4546.72,,False,,,,
1000101076,León,Anestesia,marginal,0.0,544,,2223.12,,False,,,,
1000101080,Valencia,Anestesia,perdut,0.538,118,,2223.12,,False,,,,
1000101080,Valencia,Bioseguridad,perdut,0.0,572,,1086.44,,False,,,,
1000101082,Madrid,Anestesia,fidel,1.236,68,94.8,3410.04,-0.51,False,,,,
1000101083,Barcelona,Anestesia,perdut,0.0,518,,2223.12,,False,,,,
1000101085,León,Anestesia,fidel,1.14,83,76.7,2223.12,0.16,False,,,,
1000101088,Sevilla,Anestesia,promiscu,0.537,19,113.8,4546.72,-1.18,False,,,,
1000101090,Madrid,Anestesia,perdut,0.311,235,,3410.04,,False,,,,
1000101093,Barcelona,Anestesia,promiscu,0.312,59,,3410.04,,False,,,,
1000101094,Cádiz,Anestesia,perdut,0.168,321,,3410.04,,False,,,,
1000101094,Cádiz,Bioseguridad,perdut,0.0,376,,1667.34,,False,,,,
1000101095,Madrid,Anestesia,perdut,1.915,249,,3410.04,,False,,,,
1000101097,Murcia,Anestesia,fidel,1.467,14,85.3,2223.12,-2.41,False,,,,
1000101098,Valencia,Anestesia,marginal,0.0,584,,3410.04,,False,,,,
1000101100,Vizcaya,Anestesia,fidel,0.912,87,247.0,3410.04,-1.62,False,,,,
1000101104,Gipúzkoa,Anestesia,perdut,0.319,104,,2223.12,,False,,,,
1000101107,Huelva,Anestesia,fidel,1.205,46,172.5,2223.12,-5.77,False,,,,
1000101108,Valencia,Anestesia,marginal,0.0,572,,2223.12,,False,,,,
1000101110,Sta.Cruz Tenerife,Anestesia,promiscu,0.351,63,127.0,4546.72,-0.87,False,,,,
1000101110,Sta.Cruz Tenerife,Bioseguridad,perdut,0.758,108,,2223.12,,False,,,,
1000101113,Asturias,Anestesia,perdut,0.225,283,,2223.12,,False,,,,
1000101115,Valencia,Anestesia,perdut,0.0,572,,3410.04,,False,,,,
1000101115,Valencia,Bioseguridad,marginal,0.0,572,,1667.34,,False,,,,
1000101116,Valencia,Anestesia,marginal,0.0,571,,2223.12,,False,,,,
1000101118,Salamanca,Anestesia,perdut,0.319,298,,2223.12,,False,,,,
1000101119,Madrid,Anestesia,marginal,0.195,69,,6820.08,,False,,,,
1000101119,Madrid,Bioseguridad,perdut,0.238,340,,3334.68,,False,,,,
1000101121,Madrid,Bioseguridad,marginal,0.0,566,,1667.34,,False,,,,
1000101122,Alicante,Bioseguridad,en_risc,3.25,41,87.3,1667.34,-1.31,True,caiguda_share,0.0,mitja,"Client en_risc de Bioseguridad (Share 12m: 325%). El seu cicle de compra és de 87 dies. Porta 41 dies sense comprar (-46 dies de coll). Tenia share alt, però en els últims 3 mesos ha caigut substancialment."
1000101124,Sevilla,Anestesia,perdut,0.0,552,,2223.12,,False,,,,
1000101125,Pontevedra,Anestesia,fidel,2814.14,42,83.7,1.0,-2.71,False,,,,
1000101126,Sevilla,Anestesia,perdut,0.0,565,,2223.12,,False,,,,
1000101126,Sevilla,Bioseguridad,perdut,0.0,565,,1086.44,,False,,,,
1000101127,Málaga,Anestesia,fidel,1.083,54,42.5,5683.4,0.49,False,,,,
1000101129,Cantabria,Anestesia,marginal,0.0,549,,2223.12,,False,,,,
1000101134,Granada,Anestesia,perdut,1.28,117,,2223.12,,False,,,,
1000101138,Madrid,Anestesia,fidel,0.903,56,108.0,2223.12,-0.6,False,,,,
1000101140,Madrid,Anestesia,perdut,0.165,97,,2223.12,,False,,,,
1000101141,Toledo,Anestesia,fidel,1.276,56,96.0,1802.36,-1.08,False,,,,
1000101142,Alicante,Anestesia,promiscu,0.33,11,260.0,2223.12,-1.98,False,,,,
1000101150,León,Anestesia,promiscu,0.656,90,,2223.12,,False,,,,
1000101157,Madrid,Anestesia,perdut,0.0,402,,2223.12,,False,,,,
1000101157,Madrid,Bioseguridad,perdut,0.0,402,,1086.44,,False,,,,
1000101167,Alicante,Anestesia,perdut,0.279,257,,3410.04,,False,,,,
1000101168,Alicante,Anestesia,perdut,0.0,426,,2223.12,,False,,,,
1000101169,Valencia,Anestesia,perdut,0.598,276,,2223.12,,False,,,,
1000101169,Valencia,Bioseguridad,marginal,0.186,292,,1086.44,,False,,,,
1000101182,Cantabria,Anestesia,perdut,0.909,175,,6820.08,,False,,,,
1000101183,Murcia,Anestesia,perdut,1.189,116,,2223.12,,False,,,,
1000101184,Zaragoza,Anestesia,promiscu,0.726,33,83.0,2223.12,-0.98,False,,,,
1000101184,Zaragoza,Bioseguridad,marginal,0.0,447,,1086.44,,False,,,,
1000101186,Alicante,Anestesia,promiscu,0.26,54,,4546.72,,False,,,,
1000101190,Sta.Cruz Tenerife,Anestesia,marginal,0.058,28,,5683.4,,False,,,,
1000101191,León,Bioseguridad,perdut,1.495,111,,2778.9,,False,,,,
1000101192,Valladolid,Anestesia,marginal,0.0,453,,4546.72,,False,,,,
1000101195,Pontevedra,Anestesia,fidel,3602.82,49,117.0,1.0,-1.88,False,,,,
1000101195,Pontevedra,Bioseguridad,perdut,724.58,104,,1.0,,False,,,,
1000101196,Córdoba,Anestesia,fidel,0.973,55,78.2,2223.12,-0.52,False,,,,
1000101197,Barcelona,Anestesia,perdut,0.391,150,,3410.04,,False,,,,
1000101198,Alicante,Anestesia,promiscu,0.554,54,78.0,3410.04,-0.4,False,,,,
1000101199,Álava,Anestesia,perdut,0.95,101,,4546.72,,False,,,,
1000101202,Alicante,Anestesia,perdut,0.365,108,,2223.12,,False,,,,
1000101203,Cantabria,Anestesia,marginal,0.078,171,,2223.12,,False,,,,
1000101204,Barcelona,Anestesia,perdut,0.0,488,,5683.4,,False,,,,
1000101204,Barcelona,Bioseguridad,perdut,0.304,175,,2778.9,,False,,,,
1000101209,Cádiz,Anestesia,perdut,0.266,160,,2223.12,,False,,,,
1000101211,Pontevedra,Anestesia,fidel,0.82,59,72.3,2223.12,-0.75,False,,,,
1000101214,Granada,Anestesia,promiscu,0.715,89,132.3,1802.36,-0.45,False,,,,
1000101214,Granada,Bioseguridad,perdut,0.0,427,,879.2,,False,,,,
1000101215,Madrid,Anestesia,perdut,0.443,181,,2223.12,,False,,,,
1000101217,Barcelona,Anestesia,perdut,0.272,117,,4546.72,,False,,,,
1000101218,Salamanca,Anestesia,nou,0.594,55,,2223.12,,False,,,,
1000101218,Salamanca,Bioseguridad,en_risc,0.373,269,,1086.44,,False,,,,
1000101219,Madrid,Anestesia,marginal,0.0,481,,2223.12,,False,,,,
1000101220,Sevilla,Anestesia,perdut,0.294,291,,3410.04,,False,,,,
1000101221,Málaga,Anestesia,en_risc,0.309,32,,2223.12,,False,,,,
1000101221,Málaga,Bioseguridad,perdut,0.556,130,,1086.44,,False,,,,
1000101222,Granada,Anestesia,perdut,0.318,326,,1802.36,,False,,,,
1000101224,Sta.Cruz Tenerife,Anestesia,promiscu,0.703,77,89.0,2223.12,-0.22,False,,,,
1000101231,Ciudad Real,Anestesia,promiscu,0.673,13,151.3,2223.12,-1.77,False,,,,
1000101232,Zaragoza,Anestesia,nou,0.503,19,,2223.12,,False,,,,
1000101232,Zaragoza,Bioseguridad,nou,0.298,53,,1086.44,,False,,,,
1000101236,Las Palmas,Anestesia,perdut,0.082,91,,2223.12,,False,,,,
1000101237,Madrid,Anestesia,perdut,1.161,196,,3410.04,,False,,,,
1000101240,Albacete,Anestesia,perdut,0.598,227,,2223.12,,False,,,,
1000101261,Tarragona,Anestesia,perdut,0.181,117,,3410.04,,False,,,,
1000101383,Tarragona,Anestesia,perdut,0.842,97,,2223.12,,False,,,,
1000101394,Tarragona,Anestesia,fidel,1.207,74,169.0,2223.12,-9.6,False,,,,
1000101428,Sevilla,Anestesia,promiscu,0.261,47,209.5,3410.04,-17.68,False,,,,
1000101435,Lleida,Anestesia,fidel,2.754,40,102.0,2223.12,-0.61,False,,,,
1000101437,A Coruña,Anestesia,promiscu,0.293,28,,2223.12,,False,,,,
1000101437,A Coruña,Bioseguridad,nou,0.215,28,,1086.44,,False,,,,
1000101442,Sta.Cruz Tenerife,Anestesia,en_risc,0.831,41,82.8,2223.12,-1.69,True,caiguda_share,374.8,mitja,"Client en_risc de Anestesia (Share 12m: 83%). El seu cicle de compra és de 83 dies. Porta 41 dies sense comprar (-42 dies de coll). Tenia share alt, però en els últims 3 mesos ha caigut substancialment."
1000101444,León,Anestesia,perdut,0.737,115,,1802.36,,False,,,,
1000101446,Barcelona,Anestesia,marginal,0.114,213,,1802.36,,False,,,,
1000101447,Madrid,Anestesia,perdut,0.208,111,,3410.04,,False,,,,
1000101450,Granada,Anestesia,perdut,0.0,458,,1802.36,,False,,,,
1000101452,Barcelona,Anestesia,fidel,0.779,74,190.0,3410.04,-3.15,False,,,,
1000101453,Barcelona,Anestesia,perdut,0.411,250,,3410.04,,False,,,,
1000101459,Madrid,Anestesia,promiscu,0.484,26,203.0,1802.36,-7.82,False,,,,
1000101459,Madrid,Bioseguridad,perdut,0.0,432,,879.2,,False,,,,
1000101460,Murcia,Anestesia,perdut,0.594,98,,2223.12,,False,,,,
1000101469,Barcelona,Anestesia,perdut,0.0,451,,4546.72,,False,,,,
1000101472,Barcelona,Anestesia,perdut,0.0,390,,3410.04,,False,,,,
1000101473,Pontevedra,Anestesia,perdut,0.893,101,,3410.04,,False,,,,
1000101473,Pontevedra,Bioseguridad,perdut,0.389,101,,1667.34,,False,,,,
1000101476,Jaén,Anestesia,nou,0.598,89,,2223.12,,False,,,,
1000101478,Salamanca,Bioseguridad,en_risc,0.373,200,,1086.44,,False,,,,
1000101479,Alicante,Anestesia,perdut,0.315,97,,3410.04,,False,,,,
1000101480,Alicante,Anestesia,promiscu,0.631,7,,2223.12,,False,,,,
1000101482,Valencia,Anestesia,perdut,0.185,215,,2223.12,,False,,,,
1000101484,Madrid,Anestesia,perdut,0.271,96,,2223.12,,False,,,,
1000101487,Valencia,Anestesia,perdut,0.0,437,,3410.04,,False,,,,
1000101545,Madrid,Anestesia,promiscu,0.673,52,133.0,4546.72,-11.46,False,,,,
1000101545,Madrid,Bioseguridad,promiscu,0.538,83,70.5,2223.12,0.65,True,reposicio_endarrerida,1026.79,mitja,Client promiscu de Bioseguridad (Share 12m: 54%). El seu cicle de compra és de 70 dies. Porta 83 dies sense comprar (12 dies de coll). 
1000101547,Murcia,Anestesia,marginal,0.0,430,,2223.12,,False,,,,
1000101549,Sta.Cruz Tenerife,Anestesia,fidel,0.777,42,188.5,3410.04,-3.29,False,,,,
1000101551,Barcelona,Anestesia,perdut,0.26,216,,2223.12,,False,,,,
1000101553,Granada,Anestesia,en_risc,0.39,213,,3410.04,,False,,,,
1000101555,Castellón,Anestesia,perdut,0.396,150,,3410.04,,False,,,,
1000101556,Alicante,Anestesia,fidel,1.091,28,78.2,3410.04,-7.99,False,,,,
1000101557,Madrid,Anestesia,fidel,0.861,6,76.8,3410.04,-5.06,False,,,,
1000101557,Madrid,Bioseguridad,fidel,1.429,6,58.0,1667.34,-2.5,False,,,,
1000101565,Sevilla,Anestesia,perdut,0.653,97,,3410.04,,False,,,,
1000101567,Madrid,Anestesia,promiscu,0.37,67,,3410.04,,False,,,,
1000101568,Alicante,Anestesia,perdut,0.0,409,,2223.12,,False,,,,
1000101570,Alicante,Anestesia,marginal,0.214,75,,6820.08,,False,,,,
1000101571,Granada,Anestesia,perdut,0.609,104,,2223.12,,False,,,,
1000101573,Sta.Cruz Tenerife,Anestesia,perdut,0.0,402,,2223.12,,False,,,,
1000101574,Madrid,Anestesia,marginal,0.0,403,,2223.12,,False,,,,
1000101576,Alicante,Anestesia,promiscu,0.382,32,91.8,2223.12,-0.83,False,,,,
1000101576,Alicante,Bioseguridad,perdut,0.0,399,,1086.44,,False,,,,
1000101577,Cáceres,Anestesia,perdut,0.0,402,,2223.12,,False,,,,
1000101578,Sevilla,Anestesia,perdut,0.39,236,,3410.04,,False,,,,
1000101584,Sevilla,Anestesia,perdut,0.0,397,,3410.04,,False,,,,
1000101585,Madrid,Anestesia,perdut,0.378,340,,3410.04,,False,,,,
1000101590,Murcia,Anestesia,fidel,1.256,0,145.0,2223.12,-4.66,False,,,,
1000101590,Murcia,Bioseguridad,marginal,0.0,290,,1086.44,,False,,,,
1000101592,Barcelona,Anestesia,marginal,0.0,397,,2223.12,,False,,,,
1000101593,Huelva,Anestesia,perdut,0.445,102,,2223.12,,False,,,,
1000101596,Murcia,Anestesia,perdut,0.0,389,,2223.12,,False,,,,
1000101598,Madrid,Anestesia,perdut,0.381,152,,3410.04,,False,,,,
1000101600,Valencia,Anestesia,perdut,0.0,391,,3410.04,,False,,,,
1000101602,Murcia,Bioseguridad,perdut,0.389,290,,1667.34,,False,,,,
1000101603,Madrid,Anestesia,perdut,0.29,167,,3410.04,,False,,,,
1000101606,Cantabria,Anestesia,promiscu,0.585,38,173.0,4546.72,-2.45,False,,,,
1000101609,Badajoz,Anestesia,fidel,1.146,68,105.7,2223.12,-2.29,False,,,,
1000101610,Lugo,Anestesia,fidel,1650.45,53,,1.0,,False,,,,
1000101615,Palencia,Bioseguridad,en_risc,0.261,349,,1086.44,,False,,,,
1000101617,Madrid,Anestesia,promiscu,0.33,73,,2223.12,,False,,,,
1000101618,Ciudad Real,Anestesia,perdut,0.609,195,,2223.12,,False,,,,
1000101618,Ciudad Real,Bioseguridad,perdut,0.123,270,,1086.44,,False,,,,
1000101620,Zaragoza,Anestesia,perdut,0.0,381,,2223.12,,False,,,,
1000101621,Asturias,Anestesia,promiscu,0.484,80,,2223.12,,False,,,,
1000101623,Tarragona,Anestesia,perdut,0.76,95,,2223.12,,False,,,,
1000101624,Madrid,Anestesia,perdut,0.39,179,,3410.04,,False,,,,
1000101627,La Rioja,Anestesia,perdut,0.942,234,,2223.12,,False,,,,
1000101628,Sta.Cruz Tenerife,Anestesia,promiscu,0.311,66,154.0,1802.36,-8.89,False,,,,
1000101629,Sevilla,Anestesia,en_risc,1.03,39,79.0,3410.04,-1.25,True,caiguda_share,0.0,mitja,"Client en_risc de Anestesia (Share 12m: 103%). El seu cicle de compra és de 79 dies. Porta 39 dies sense comprar (-40 dies de coll). Tenia share alt, però en els últims 3 mesos ha caigut substancialment."
1000101630,Asturias,Anestesia,perdut,0.0,371,,1802.36,,False,,,,
1000101632,Sevilla,Anestesia,perdut,0.22,207,,3410.04,,False,,,,
1000101633,Valencia,Anestesia,fidel,1.017,26,160.5,3410.04,-6.56,False,,,,
1000101633,Valencia,Bioseguridad,marginal,0.121,348,,1667.34,,False,,,,
1000101635,Barcelona,Anestesia,fidel,0.753,62,147.0,4546.72,-1.0,False,,,,
1000101638,Huelva,Anestesia,fidel,0.876,48,76.7,4546.72,-0.51,False,,,,
1000101638,Huelva,Bioseguridad,marginal,0.244,209,,2223.12,,False,,,,
1000101640,Zaragoza,Bioseguridad,fidel,1.537,52,47.2,1086.44,0.67,False,,,,
1000101641,Zaragoza,Anestesia,fidel,1.092,40,72.0,2223.12,-0.58,False,,,,
1000101642,Cádiz,Anestesia,en_risc,0.899,48,74.8,3410.04,-0.52,True,caiguda_share,345.01,mitja,"Client en_risc de Anestesia (Share 12m: 90%). El seu cicle de compra és de 75 dies. Porta 48 dies sense comprar (-27 dies de coll). Tenia share alt, però en els últims 3 mesos ha caigut substancialment."
1000101643,Huelva,Anestesia,nou,0.097,28,,4546.72,,False,,,,
1000101645,Almería,Anestesia,promiscu,0.614,17,84.0,3410.04,-3.64,False,,,,
1000101646,Madrid,Anestesia,perdut,0.258,350,,2223.12,,False,,,,
1000101653,Málaga,Anestesia,en_risc,0.841,32,79.2,3410.04,-0.83,True,caiguda_share,541.58,mitja,"Client en_risc de Anestesia (Share 12m: 84%). El seu cicle de compra és de 79 dies. Porta 32 dies sense comprar (-47 dies de coll). Tenia share alt, però en els últims 3 mesos ha caigut substancialment."
1000101653,Málaga,Bioseguridad,marginal,0.243,32,,1667.34,,False,,,,
1000101656,Toledo,Anestesia,perdut,3.325,292,,2223.12,,False,,,,
1000101657,Barcelona,Anestesia,fidel,1.112,77,129.5,2223.12,-0.53,False,,,,
1000101661,Barcelona,Anestesia,perdut,0.634,348,,2223.12,,False,,,,
1000101675,Madrid,Anestesia,perdut,0.239,343,,1802.36,,False,,,,
1000101676,Madrid,Anestesia,perdut,0.199,332,,2223.12,,False,,,,
1000101677,Madrid,Anestesia,marginal,0.12,343,,2223.12,,False,,,,
1000101678,León,Anestesia,en_risc,0.346,125,,3410.04,,False,,,,
1000101678,León,Bioseguridad,fidel,1.687,47,80.0,1667.34,-11.67,False,,,,
1000101683,Barcelona,Anestesia,perdut,0.312,117,,3410.04,,False,,,,
1000101683,Barcelona,Bioseguridad,perdut,0.912,117,,1667.34,,False,,,,
1000101684,Barcelona,Anestesia,marginal,0.244,173,,4546.72,,False,,,,
1000101687,Zamora,Anestesia,perdut,0.333,150,,3410.04,,False,,,,
1000101687,Zamora,Bioseguridad,marginal,0.158,301,,1667.34,,False,,,,
1000101688,Valencia,Anestesia,perdut,1.158,194,,3410.04,,False,,,,
1000101693,Girona,Anestesia,perdut,1.057,97,,2223.12,,False,,,,
1000101693,Girona,Bioseguridad,fidel,5.509,10,65.2,1086.44,-2.12,False,,,,
1000101694,Almería,Anestesia,perdut,1.477,158,,1802.36,,False,,,,
1000101697,Sevilla,Anestesia,perdut,0.123,335,,4546.72,,False,,,,
1000101703,Sevilla,Anestesia,marginal,0.235,335,,3410.04,,False,,,,
1000101706,Alicante,Anestesia,perdut,1.547,108,,3410.04,,False,,,,
1000101714,Madrid,Anestesia,promiscu,0.54,52,138.5,2223.12,-0.45,False,,,,
1000101715,Madrid,Anestesia,fidel,1.158,89,119.0,3410.04,-2.36,False,,,,
1000101726,Cádiz,Anestesia,perdut,0.399,327,,3410.04,,False,,,,
1000101729,Alicante,Anestesia,perdut,1.937,200,,3410.04,,False,,,,
1000101731,Málaga,Anestesia,perdut,0.385,314,,3410.04,,False,,,,
1000101734,Asturias,Anestesia,fidel,1.674,25,100.3,2223.12,-3.18,False,,,,
1000101735,Salamanca,Bioseguridad,en_risc,0.583,325,,1667.34,,False,,,,
1000101739,Huelva,Anestesia,perdut,0.818,208,,3410.04,,False,,,,
1000101741,Sevilla,Anestesia,fidel,0.86,74,119.0,4546.72,-2.45,False,,,,
1000101741,Sevilla,Bioseguridad,promiscu,0.536,17,127.5,2223.12,-12.02,False,,,,
1000101742,Asturias,Anestesia,promiscu,0.667,60,,2223.12,,False,,,,
1000101743,Navarra,Anestesia,marginal,0.121,248,,3410.04,,False,,,,
1000101744,Valencia,Anestesia,perdut,0.196,321,,2223.12,,False,,,,
1000101745,Valladolid,Anestesia,perdut,0.302,117,,4546.72,,False,,,,
1000101745,Valladolid,Bioseguridad,perdut,0.38,213,,2223.12,,False,,,,
1000101748,Madrid,Anestesia,marginal,0.084,321,,3410.04,,False,,,,
1000101749,Melilla,Bioseguridad,en_risc,0.256,319,,1086.44,,False,,,,
1000101753,Salamanca,Anestesia,perdut,0.865,312,,2223.12,,False,,,,
1000101755,Valencia,Anestesia,marginal,0.055,319,,3410.04,,False,,,,
1000101763,Madrid,Anestesia,perdut,0.323,314,,1802.36,,False,,,,
1000101765,Madrid,Anestesia,perdut,0.555,94,,1802.36,,False,,,,
1000101766,Sevilla,Anestesia,en_risc,0.39,270,,4546.72,,False,,,,
1000101767,Murcia,Anestesia,perdut,0.217,311,,2223.12,,False,,,,
1000101768,Sevilla,Anestesia,fidel,1.07,28,,2223.12,,False,,,,
1000101769,Valencia,Anestesia,perdut,0.147,166,,3410.04,,False,,,,
1000101772,Murcia,Anestesia,perdut,0.531,105,,2223.12,,False,,,,
1000101776,Murcia,Anestesia,promiscu,0.524,19,,2223.12,,False,,,,
1000101779,Granada,Anestesia,perdut,0.285,307,,1802.36,,False,,,,
1000101780,Madrid,Bioseguridad,fidel,1.011,13,146.5,1086.44,-2.39,False,,,,
1000101782,Sevilla,Anestesia,marginal,0.06,307,,3410.04,,False,,,,
1000101782,Sevilla,Bioseguridad,marginal,0.238,117,,1667.34,,False,,,,
1000101783,Badajoz,Anestesia,perdut,0.623,206,,1802.36,,False,,,,
1000101785,Cantabria,Anestesia,perdut,0.617,186,,2223.12,,False,,,,
1000101785,Cantabria,Bioseguridad,perdut,2.386,95,,1086.44,,False,,,,
1000101787,Murcia,Anestesia,promiscu,0.385,0,,2223.12,,False,,,,
1000101787,Murcia,Bioseguridad,promiscu,0.638,0,150.5,1086.44,-3.08,False,,,,
1000101788,Madrid,Anestesia,nou,0.103,28,,4546.72,,False,,,,
1000101791,Guadalajara,Anestesia,promiscu,0.747,63,,3410.04,,False,,,,
1000101794,Valencia,Anestesia,perdut,0.826,172,,3410.04,,False,,,,
1000101796,Zaragoza,Anestesia,promiscu,0.631,55,40.8,3410.04,1.1,True,reposicio_endarrerida,1257.6,mitja,Client promiscu de Anestesia (Share 12m: 63%). El seu cicle de compra és de 41 dies. Porta 55 dies sense comprar (14 dies de coll). 
1000101796,Zaragoza,Bioseguridad,fidel,1.144,55,51.3,1667.34,0.15,False,,,,
1000101800,Asturias,Anestesia,perdut,0.544,196,,2223.12,,False,,,,
1000101802,Málaga,Bioseguridad,nou,0.732,82,,1086.44,,False,,,,
1000101805,Sta.Cruz Tenerife,Anestesia,perdut,0.273,293,,2223.12,,False,,,,
1000101807,Madrid,Anestesia,promiscu,0.359,26,,3410.04,,False,,,,
1000101808,Cádiz,Anestesia,perdut,0.511,294,,4546.72,,False,,,,
1000101810,Navarra,Anestesia,marginal,0.055,293,,3410.04,,False,,,,
1000101817,Sevilla,Anestesia,perdut,0.414,97,,5683.4,,False,,,,
1000101818,Alicante,Anestesia,perdut,0.609,229,,2223.12,,False,,,,
1000101819,Madrid,Anestesia,perdut,0.08,207,,1802.36,,False,,,,
1000101822,Asturias,Anestesia,en_risc,0.591,80,,2223.12,,False,,,,
1000101823,Asturias,Anestesia,perdut,0.411,286,,1802.36,,False,,,,
1000101825,Valladolid,Anestesia,promiscu,0.333,53,,3410.04,,False,,,,
1000101829,Madrid,Anestesia,fidel,1.419,70,,2223.12,,False,,,,
1000101830,Granada,Anestesia,marginal,0.146,182,,3410.04,,False,,,,
1000101830,Granada,Bioseguridad,perdut,0.954,94,,1667.34,,False,,,,
1000101831,Barcelona,Anestesia,perdut,0.404,283,,2223.12,,False,,,,
1000101837,Madrid,Anestesia,perdut,0.33,213,,3410.04,,False,,,,
1000101838,Sevilla,Anestesia,promiscu,0.356,70,,3410.04,,False,,,,
1000101839,Madrid,Anestesia,perdut,0.134,280,,3410.04,,False,,,,
1000101840,Madrid,Anestesia,perdut,0.646,280,,2223.12,,False,,,,
1000101841,Valencia,Anestesia,perdut,0.266,283,,2223.12,,False,,,,
1000101844,Madrid,Anestesia,en_risc,0.266,279,,2223.12,,False,,,,
1000101846,Valencia,Anestesia,en_risc,0.598,280,,2223.12,,False,,,,
1000101849,Almería,Anestesia,perdut,0.738,278,,1802.36,,False,,,,
1000101859,Navarra,Anestesia,perdut,0.399,97,,3410.04,,False,,,,
1000101860,Sevilla,Anestesia,perdut,0.559,277,,2223.12,,False,,,,
1000101860,Sevilla,Bioseguridad,en_risc,0.298,277,,1086.44,,False,,,,
1000101866,Sevilla,Anestesia,perdut,0.28,272,,2223.12,,False,,,,
1000101867,Madrid,Anestesia,perdut,0.208,272,,3410.04,,False,,,,
1000101877,Valencia,Anestesia,fidel,1.159,42,112.0,3410.04,-2.36,False,,,,
1000101878,Barcelona,Anestesia,perdut,0.501,111,,3410.04,,False,,,,
1000101883,Cádiz,Anestesia,perdut,0.097,117,,4546.72,,False,,,,
1000101884,Madrid,Anestesia,perdut,0.493,269,,2223.12,,False,,,,
1000101885,Zaragoza,Anestesia,perdut,0.58,154,,3410.04,,False,,,,
1000101886,Cádiz,Anestesia,promiscu,0.554,62,102.0,4546.72,-0.73,False,,,,
1000101891,Valencia,Anestesia,perdut,0.281,264,,2223.12,,False,,,,
1000101892,Valencia,Anestesia,promiscu,0.5,28,,4546.72,,False,,,,
1000101892,Valencia,Bioseguridad,marginal,0.106,28,,2223.12,,False,,,,
1000101899,Valencia,Anestesia,en_risc,0.39,257,,3410.04,,False,,,,
1000101900,Sevilla,Anestesia,fidel,0.831,39,95.0,3410.04,-4.4,False,,,,
1000101902,Huelva,Anestesia,perdut,0.701,115,,3410.04,,False,,,,
1000101911,Alicante,Anestesia,perdut,0.446,193,,4546.72,,False,,,,
1000101911,Alicante,Bioseguridad,marginal,0.091,257,,2223.12,,False,,,,
1000101912,Guadalajara,Anestesia,en_risc,0.548,82,88.0,2223.12,-0.09,True,caiguda_share,1004.06,mitja,"Client en_risc de Anestesia (Share 12m: 55%). El seu cicle de compra és de 88 dies. Porta 82 dies sense comprar (-6 dies de coll). Tenia share alt, però en els últims 3 mesos ha caigut substancialment."
1000101912,Guadalajara,Bioseguridad,promiscu,0.663,82,,1086.44,,False,,,,
1000101915,Sta.Cruz Tenerife,Anestesia,perdut,0.213,251,,3410.04,,False,,,,
1000101916,Madrid,Anestesia,marginal,0.173,251,,3410.04,,False,,,,
1000101917,Ciudad Real,Anestesia,perdut,0.606,251,,1802.36,,False,,,,
1000101917,Ciudad Real,Bioseguridad,perdut,0.682,164,,879.2,,False,,,,
1000101918,Madrid,Anestesia,fidel,1.038,73,44.5,3410.04,0.92,False,,,,
1000101919,Madrid,Anestesia,en_risc,0.266,251,,2223.12,,False,,,,
1000101920,Valencia,Anestesia,marginal,0.093,249,,2223.12,,False,,,,
1000101926,Granada,Anestesia,promiscu,0.638,55,,2223.12,,False,,,,
1000101926,Granada,Bioseguridad,nou,0.186,25,,1086.44,,False,,,,
1000101928,Segovia,Bioseguridad,en_risc,0.525,200,,1667.34,,False,,,,
1000101929,Madrid,Anestesia,nou,0.116,28,,2223.12,,False,,,,
1000101930,Madrid,Anestesia,promiscu,0.691,48,,3410.04,,False,,,,
1000101930,Madrid,Bioseguridad,nou,0.289,18,,1667.34,,False,,,,
1000101936,Murcia,Anestesia,promiscu,0.744,46,,2223.12,,False,,,,
1000101936,Murcia,Bioseguridad,promiscu,0.616,82,,1086.44,,False,,,,
1000101937,Valencia,Anestesia,perdut,0.257,236,,4546.72,,False,,,,
1000101943,Madrid,Anestesia,perdut,0.569,234,,1802.36,,False,,,,
1000101947,Madrid,Anestesia,promiscu,0.541,69,,3410.04,,False,,,,
1000101948,Salamanca,Bioseguridad,marginal,0.186,228,,1086.44,,False,,,,
1000101959,Valencia,Anestesia,marginal,0.165,223,,2223.12,,False,,,,
1000101961,Madrid,Anestesia,promiscu,0.364,19,53.0,3410.04,-0.93,False,,,,
1000101961,Madrid,Bioseguridad,marginal,0.0,83,,1667.34,,False,,,,
1000101962,Madrid,Anestesia,perdut,1.229,153,,1802.36,,False,,,,
1000101963,Vizcaya,Bioseguridad,fidel,1.335,47,,1667.34,,False,,,,
1000101969,Vizcaya,Anestesia,promiscu,0.276,5,,3410.04,,False,,,,
1000101972,Madrid,Anestesia,perdut,0.253,193,,1802.36,,False,,,,
1000101975,Valencia,Anestesia,en_risc,0.422,168,,3410.04,,False,,,,
1000101975,Valencia,Bioseguridad,marginal,0.121,207,,1667.34,,False,,,,
1000101979,Málaga,Anestesia,perdut,0.162,145,,3410.04,,False,,,,
1000101979,Málaga,Bioseguridad,marginal,0.121,145,,1667.34,,False,,,,
1000101985,Granada,Anestesia,promiscu,0.564,27,77.0,3410.04,-2.08,False,,,,
1000101985,Granada,Bioseguridad,fidel,1.735,27,55.0,1667.34,-0.72,False,,,,
1000101986,Madrid,Bioseguridad,marginal,0.186,203,,1086.44,,False,,,,
1000101988,Badajoz,Anestesia,fidel,3430.66,7,98.0,1.0,-1.65,False,,,,
1000101992,Granada,Anestesia,perdut,0.38,196,,3410.04,,False,,,,
1000101997,Málaga,Anestesia,marginal,0.232,28,,3410.04,,False,,,,
1000101998,Madrid,Anestesia,promiscu,0.506,27,86.5,3410.04,-0.82,False,,,,
1000101998,Madrid,Bioseguridad,fidel,1.492,62,46.0,1667.34,0.46,False,,,,
1000101999,León,Anestesia,fidel,1.063,81,,2223.12,,False,,,,
1000102001,Baleares,Anestesia,perdut,0.28,199,,2223.12,,False,,,,
1000102001,Baleares,Bioseguridad,perdut,0.886,199,,1086.44,,False,,,,
1000102007,Sevilla,Anestesia,nou,0.178,12,,2223.12,,False,,,,
1000102011,Burgos,Bioseguridad,fidel,1.077,73,,1667.34,,False,,,,
1000102012,Badajoz,Anestesia,perdut,488.99,189,,1.0,,False,,,,
1000102013,Madrid,Anestesia,perdut,0.226,101,,3410.04,,False,,,,
1000102016,Alicante,Anestesia,perdut,0.76,154,,3410.04,,False,,,,
1000102020,Zaragoza,Anestesia,marginal,0.063,185,,2223.12,,False,,,,
1000102028,Vizcaya,Anestesia,en_risc,0.371,179,,2223.12,,False,,,,
1000102032,Barcelona,Anestesia,marginal,0.244,175,,1802.36,,False,,,,
1000102034,Almería,Anestesia,nou,0.032,28,,3410.04,,False,,,,
1000102034,Almería,Bioseguridad,marginal,0.121,175,,1667.34,,False,,,,
1000102037,Asturias,Anestesia,en_risc,0.638,173,,2223.12,,False,,,,
1000102038,Granada,Anestesia,en_risc,0.282,172,,2223.12,,False,,,,
1000102041,Zaragoza,Anestesia,promiscu,0.281,66,,4546.72,,False,,,,
1000102042,Madrid,Anestesia,perdut,0.151,161,,3410.04,,False,,,,
1000102043,Madrid,Anestesia,perdut,0.151,161,,3410.04,,False,,,,
1000102044,Madrid,Anestesia,perdut,0.151,161,,3410.04,,False,,,,
1000102045,Sta.Cruz Tenerife,Anestesia,perdut,0.319,153,,1802.36,,False,,,,
1000102049,Madrid,Anestesia,perdut,0.151,161,,3410.04,,False,,,,
1000102056,Alicante,Anestesia,perdut,0.147,159,,3410.04,,False,,,,
1000102057,Madrid,Anestesia,perdut,0.415,157,,4546.72,,False,,,,
1000102057,Madrid,Bioseguridad,en_risc,0.364,159,,2223.12,,False,,,,
1000102058,Málaga,Anestesia,nou,0.13,7,,3410.04,,False,,,,
1000102058,Málaga,Bioseguridad,promiscu,0.389,7,,1667.34,,False,,,,
1000102059,Alicante,Anestesia,promiscu,0.472,25,,3410.04,,False,,,,
1000102060,Madrid,Anestesia,perdut,0.299,158,,2223.12,,False,,,,
1000102067,Málaga,Anestesia,perdut,0.433,152,,3410.04,,False,,,,
1000102070,Zaragoza,Anestesia,perdut,0.369,94,,3410.04,,False,,,,
1000102072,Sevilla,Anestesia,perdut,0.299,103,,2223.12,,False,,,,
1000102078,Pontevedra,Anestesia,en_risc,1439.5,146,,1.0,,False,,,,
1000102079,Badajoz,Anestesia,perdut,0.332,140,,2223.12,,False,,,,
1000102083,Valladolid,Anestesia,nou,0.208,62,,6820.08,,False,,,,
1000102084,Zaragoza,Anestesia,perdut,0.17,125,,3410.04,,False,,,,
1000102084,Zaragoza,Bioseguridad,marginal,0.194,125,,1667.34,,False,,,,
1000102086,Valencia,Anestesia,perdut,0.136,117,,2223.12,,False,,,,
1000102090,Almería,Anestesia,fidel,0.869,32,,3410.04,,False,,,,
1000102092,Ciudad Real,Anestesia,promiscu,0.721,45,,1802.36,,False,,,,
1000102094,Málaga,Anestesia,perdut,0.367,115,,2223.12,,False,,,,
1000102095,Madrid,Anestesia,en_risc,0.266,115,,2223.12,,False,,,,
1000102096,Jaén,Anestesia,promiscu,0.25,63,,2223.12,,False,,,,
1000102101,Barcelona,Anestesia,perdut,0.194,108,,2223.12,,False,,,,
1000102116,Sta.Cruz Tenerife,Anestesia,perdut,0.133,95,,2223.12,,False,,,,
1000102117,Ciudad Real,Anestesia,marginal,0.082,104,,1802.36,,False,,,,
1000102119,Alicante,Bioseguridad,perdut,0.556,102,,1086.44,,False,,,,
1000102121,Barcelona,Anestesia,perdut,0.16,102,,3410.04,,False,,,,
1000102122,Lugo,Anestesia,perdut,0.791,96,,2223.12,,False,,,,
1000102132,Madrid,Anestesia,perdut,0.557,98,,2223.12,,False,,,,
1000102135,Las Palmas,Anestesia,marginal,0.124,96,,2223.12,,False,,,,
1000102138,Valencia,Anestesia,nou,0.259,27,,3410.04,,False,,,,
1000102140,Sevilla,Bioseguridad,en_risc,0.369,96,,879.2,,False,,,,
1000102147,Cáceres,Anestesia,promiscu,0.706,12,41.0,2223.12,-1.58,False,,,,
1000102150,Madrid,Anestesia,perdut,0.278,94,,1802.36,,False,,,,
1000102153,Asturias,Anestesia,perdut,0.348,91,,2223.12,,False,,,,
1000102154,Asturias,Anestesia,en_risc,0.371,94,,2223.12,,False,,,,
1000102160,Toledo,Anestesia,nou,0.518,83,,2223.12,,False,,,,
1000102162,Asturias,Anestesia,nou,0.107,89,,4546.72,,False,,,,
1000102163,Las Palmas,Anestesia,nou,91.63,87,,1.0,,False,,,,
1000102164,Ciudad Real,Anestesia,nou,0.622,89,,2223.12,,False,,,,
1000102166,Barcelona,Anestesia,nou,1.402,24,,3410.04,,False,,,,
1000102166,Barcelona,Bioseguridad,nou,0.292,39,,1667.34,,False,,,,
1000102177,A Coruña,Anestesia,nou,1332.11,14,,1.0,,False,,,,
1000102180,Vizcaya,Anestesia,nou,0.612,18,,2223.12,,False,,,,
1000102182,Madrid,Anestesia,nou,0.32,54,,3410.04,,False,,,,
1000102184,Murcia,Anestesia,nou,0.598,77,,2223.12,,False,,,,
1000102196,Ceuta,Anestesia,nou,0.17,66,,3410.04,,False,,,,
1000102200,Vizcaya,Anestesia,nou,0.638,68,,2223.12,,False,,,,
1000102207,Girona,Anestesia,nou,0.488,63,,2223.12,,False,,,,
1000102208,Sevilla,Anestesia,nou,0.488,62,,2223.12,,False,,,,
1000102209,Asturias,Anestesia,nou,0.082,60,,2223.12,,False,,,,
1000102214,Barcelona,Anestesia,nou,0.342,60,,3410.04,,False,,,,
1000102215,Madrid,Anestesia,nou,0.362,56,,3410.04,,False,,,,
1000102225,Barcelona,Anestesia,nou,0.934,24,,5683.4,,False,,,,
1000102234,Burgos,Anestesia,nou,0.191,52,,3410.04,,False,,,,
1000102236,Granada,Anestesia,nou,0.25,47,,2223.12,,False,,,,
1000102237,Barcelona,Anestesia,nou,0.558,39,,4546.72,,False,,,,
1000102237,Barcelona,Bioseguridad,nou,0.219,39,,2223.12,,False,,,,
1000102240,Las Palmas,Anestesia,nou,0.491,48,,3410.04,,False,,,,
1000102240,Las Palmas,Bioseguridad,nou,0.481,48,,1667.34,,False,,,,
1000102243,Madrid,Anestesia,nou,0.111,49,,2223.12,,False,,,,
1000102243,Madrid,Bioseguridad,nou,0.373,49,,1086.44,,False,,,,
1000102244,Asturias,Anestesia,nou,0.278,47,,2223.12,,False,,,,
1000102245,Palencia,Anestesia,nou,0.398,48,,2223.12,,False,,,,
1000102250,Jaén,Anestesia,nou,0.26,47,,2223.12,,False,,,,
1000102262,Barcelona,Anestesia,nou,0.225,41,,2223.12,,False,,,,
1000102262,Barcelona,Bioseguridad,nou,0.245,41,,1086.44,,False,,,,
1000102267,Lleida,Anestesia,nou,0.397,38,,3410.04,,False,,,,
1000102268,Navarra,Anestesia,nou,0.653,39,,2223.12,,False,,,,
1000102275,Granada,Anestesia,nou,0.448,35,,2223.12,,False,,,,
1000102285,Valencia,Anestesia,nou,0.548,27,,2223.12,,False,,,,
1000102290,Madrid,Anestesia,nou,0.147,26,,3410.04,,False,,,,
1000102293,Cantabria,Anestesia,nou,0.359,24,,2223.12,,False,,,,
1000102301,Castellón,Anestesia,nou,0.159,17,,3410.04,,False,,,,
1000102305,Valencia,Bioseguridad,nou,0.389,14,,1086.44,,False,,,,
1000102310,Madrid,Anestesia,nou,0.183,13,,3410.04,,False,,,,
1000102315,Navarra,Anestesia,nou,0.193,7,,2223.12,,False,,,,
1000102318,Asturias,Anestesia,nou,0.244,7,,1802.36,,False,,,,
1000102321,Vizcaya,Anestesia,nou,0.727,7,,3410.04,,False,,,,
