Id_Cliente,Provincia,Familia_Potencial,segment,share_12m,potencial_anual_eur,euros_12m,gap_eur,dies_sense_compra,data_alerta,tipus_alerta,urgencia,canal,cicle_mig_dies,dies_retard,prioritat,motiu,z_score,proxim_pedido_esperat
1000081776,Cádiz,Anestesia,promiscu,0.262,26143.64,6836.6,19307.04,45,2025-12-01,finestra_captura,mitjana,delegat,71.5,0,1158.42,Client PROMISCU d'Anestesia en FINESTRA DE CAPTURA. Cicle: 71 dies. Share: 26%. Gap: 19307€/any. Moment òptim per contactar.,0.0,2025-12-27
1000102079,Badajoz,Anestesia,promiscu,0.332,2223.12,738.22,1484.9,112,2025-12-01,finestra_captura,alta,delegat,6.0,106,890.94,Client PROMISCU d'Anestesia en FINESTRA DE CAPTURA. Cicle: 6 dies. Share: 33%. Gap: 1485€/any. Retard en reposició urgent.,0.0,2025-08-17
1000100930,Sta.Cruz Tenerife,Anestesia,promiscu,0.29,20460.24,5930.81,14529.43,19,2025-12-01,finestra_captura,mitjana,delegat,67.9,0,871.77,Client PROMISCU d'Anestesia en FINESTRA DE CAPTURA. Cicle: 68 dies. Share: 29%. Gap: 14529€/any. Moment òptim per contactar.,0.0,2026-01-18
1000101678,León,Anestesia,promiscu,0.346,3410.04,1181.14,2228.9,97,2025-12-01,info,baixa,televenda,,0,668.67,Client PROMISCU. Sense dades suficients per calcular cicle de reposició. Contacte proactiu recomanat.,,
26898,Sta.Cruz Tenerife,Anestesia,en_risc,0.461,12503.48,5760.23,6743.25,-15,2025-12-01,risc_fuga,alta,delegat,34.6,0,606.89,Client en RISC de fuga (promiscu). Share 12m: 46% → Share últims 3m anualitzat: 32% (-31%). Gap: 6743€/any. Tendència negativa clara. Intervenir amb urgència.,0.0,
1000056618,Barcelona,Anestesia,nou,0.131,3410.04,445.98,2964.06,0,2025-12-01,monitoritzar,baixa,televenda,53.0,0,592.81,Client NOU (53 dies d'historial). Primers pedidos registrats. Fer seguiment de consolidació per assegurar fidelització.,,
1000082665,Granada,Bioseguridad,nou,0.182,3334.68,607.59,2727.09,-3,2025-12-01,monitoritzar,baixa,televenda,,0,545.42,Client NOU (-3 dies d'historial). Primers pedidos registrats. Fer seguiment de consolidació per assegurar fidelització.,,
26923,Valencia,Anestesia,nou,0.208,3410.04,708.7,2701.34,0,2025-12-01,monitoritzar,baixa,televenda,,0,540.27,Client NOU (0 dies d'historial). Primers pedidos registrats. Fer seguiment de consolidació per assegurar fidelització.,,
41580,Ciudad Real,Anestesia,promiscu,0.53,3410.04,1806.62,1603.42,90,2025-12-01,finestra_captura,alta,delegat,58.4,31,510.26,Client PROMISCU d'Anestesia en FINESTRA DE CAPTURA. Cicle: 58 dies. Share: 53%. Gap: 1603€/any. Retard en reposició urgent.,0.72,2025-10-30
1000102138,Valencia,Anestesia,nou,0.259,3410.04,881.84,2528.2,-1,2025-12-01,monitoritzar,baixa,televenda,20.0,0,505.64,Client NOU (39 dies d'historial). Primers pedidos registrats. Fer seguiment de consolidació per assegurar fidelització.,,
123,Sevilla,Bioseguridad,nou,0.117,2778.9,324.05,2454.85,34,2025-12-01,monitoritzar,baixa,televenda,,0,490.97,Client NOU (34 dies d'historial). Primers pedidos registrats. Fer seguiment de consolidació per assegurar fidelització.,,
37654,Toledo,Anestesia,fidel,0.731,2223.12,1624.45,598.67,90,2025-12-01,reposicio_endarrerida,mitjana,televenda,42.9,47,478.94,Client FIDEL d'Anestesia amb reposició endarrerida. Cicle habitual: 43 dies. Retard de 47 dies (z=2.0). Contactar per confirmar estat.,1.96,2025-10-14
40294,Toledo,Anestesia,promiscu,0.588,3410.04,2005.38,1404.66,87,2025-12-01,finestra_captura,alta,delegat,55.8,31,467.94,Client PROMISCU d'Anestesia en FINESTRA DE CAPTURA. Cicle: 56 dies. Share: 59%. Gap: 1405€/any. Retard en reposició urgent.,0.88,2025-10-30
1000042835,Badajoz,Anestesia,nou,0.04,2223.12,88.58,2134.54,0,2025-12-01,monitoritzar,baixa,televenda,,0,426.91,Client NOU (0 dies d'historial). Primers pedidos registrats. Fer seguiment de consolidació per assegurar fidelització.,,
1000081036,Barcelona,Anestesia,nou,0.051,2223.12,112.95,2110.17,66,2025-12-01,monitoritzar,baixa,televenda,,0,422.03,Client NOU (66 dies d'historial). Primers pedidos registrats. Fer seguiment de consolidació per assegurar fidelització.,,
1000079723,Madrid,Bioseguridad,nou,0.072,2223.12,159.01,2064.11,17,2025-12-01,monitoritzar,baixa,televenda,,0,412.82,Client NOU (17 dies d'historial). Primers pedidos registrats. Fer seguiment de consolidació per assegurar fidelització.,,
14682,Almería,Anestesia,nou,0.085,2223.12,188.71,2034.41,-2,2025-12-01,monitoritzar,baixa,televenda,,0,406.88,Client NOU (-2 dies d'historial). Primers pedidos registrats. Fer seguiment de consolidació per assegurar fidelització.,,
1000080343,Málaga,Anestesia,promiscu,0.4,2223.12,889.28,1333.84,178,2025-12-01,info,baixa,televenda,,0,400.15,Client PROMISCU. Sense dades suficients per calcular cicle de reposició. Contacte proactiu recomanat.,,
41906,Ciudad Real,Anestesia,promiscu,0.533,3410.04,1816.49,1593.55,56,2025-12-01,finestra_captura,alta,delegat,40.6,15,352.88,Client PROMISCU d'Anestesia en FINESTRA DE CAPTURA. Cicle: 41 dies. Share: 53%. Gap: 1594€/any. Retard en reposició urgent.,0.54,2025-11-15
40383,Toledo,Anestesia,fidel,0.702,2223.12,1559.71,663.41,88,2025-12-01,reposicio_pendent,baixa,televenda,54.0,34,334.16,Client FIDEL d'Anestesia amb lleuger retard (34 dies). Cicle habitual: 54 dies. Seguiment rutina.,0.97,2025-10-28
1000101961,Madrid,Bioseguridad,nou,0.0,1667.34,0.0,1667.34,55,2025-12-01,monitoritzar,baixa,televenda,12.0,0,333.47,Client NOU (67 dies d'historial). Primers pedidos registrats. Fer seguiment de consolidació per assegurar fidelització.,,
1000080317,Valencia,Bioseguridad,nou,0.0,1667.34,0.0,1667.34,10,2025-12-01,monitoritzar,baixa,televenda,,0,333.47,Client NOU (10 dies d'historial). Primers pedidos registrats. Fer seguiment de consolidació per assegurar fidelització.,,
36976,Madrid,Anestesia,nou,0.258,2223.12,574.24,1648.88,3,2025-12-01,monitoritzar,baixa,televenda,,0,329.78,Client NOU (3 dies d'historial). Primers pedidos registrats. Fer seguiment de consolidació per assegurar fidelització.,,
1000081523,Madrid,Anestesia,nou,0.26,2223.12,578.61,1644.51,75,2025-12-01,monitoritzar,baixa,televenda,,0,328.9,Client NOU (75 dies d'historial). Primers pedidos registrats. Fer seguiment de consolidació per assegurar fidelització.,,
1000101570,Alicante,Anestesia,promiscu,0.214,6820.08,1461.69,5358.39,47,2025-12-01,finestra_captura,mitjana,delegat,112.0,0,321.5,Client PROMISCU d'Anestesia en FINESTRA DE CAPTURA. Cicle: 112 dies. Share: 21%. Gap: 5358€/any. Moment òptim per contactar.,0.0,2026-02-04
23329,Valencia,Anestesia,marginal,0.06,3410.04,205.92,3204.12,132,2025-12-01,oportunitat_captura,baixa,televenda,,0,320.41,Client MARGINAL (6% share). Gap de captura: 3204€/any. Baixa vinculació amb Inibsa. Cal investigar.,,
25909,Barcelona,Bioseguridad,nou,0.04,1667.34,66.25,1601.09,3,2025-12-01,monitoritzar,baixa,televenda,,0,320.22,Client NOU (3 dies d'historial). Primers pedidos registrats. Fer seguiment de consolidació per assegurar fidelització.,,
42806,Albacete,Bioseguridad,promiscu,0.605,1667.34,1009.12,658.22,89,2025-12-01,finestra_captura,alta,delegat,49.6,39,310.3,Client PROMISCU d'Bioseguridad en FINESTRA DE CAPTURA. Cicle: 50 dies. Share: 61%. Gap: 658€/any. Retard en reposició urgent.,1.12,2025-10-22
1000100125,Córdoba,Anestesia,marginal,0.093,17050.2,1586.45,15463.75,73,2025-12-01,oportunitat_captura,baixa,televenda,316.0,0,309.28,Client MARGINAL d'Anestesia. Share: 9%. Gap: 15464€/any. Baixa vinculació. Cal investigar.,0.0,2026-08-01
1000101830,Granada,Anestesia,marginal,0.146,3410.04,497.63,2912.41,154,2025-12-01,oportunitat_captura,baixa,televenda,,0,291.24,Client MARGINAL (15% share). Gap de captura: 2912€/any. Baixa vinculació amb Inibsa. Cal investigar.,,
24485,Madrid,Anestesia,perdut,0.755,11366.8,8577.95,2788.85,756,2025-12-01,perdut,baixa,televenda,28.5,727,284.17,Client sense comprar des de fa 756 dies. Historial previ de 1782 dies. Possible pèrdua de compte. Requereix trucada de reactivació.,,
1000080926,Alicante,Bioseguridad,nou,0.17,1667.34,283.54,1383.8,82,2025-12-01,monitoritzar,baixa,televenda,,0,276.76,Client NOU (82 dies d'historial). Primers pedidos registrats. Fer seguiment de consolidació per assegurar fidelització.,,
1000101787,Murcia,Anestesia,nou,0.385,2223.12,856.53,1366.59,-28,2025-12-01,monitoritzar,baixa,televenda,116.0,0,273.32,Client NOU (88 dies d'historial). Primers pedidos registrats. Fer seguiment de consolidació per assegurar fidelització.,,
37656,Toledo,Anestesia,fidel,0.819,2223.12,1820.86,402.26,59,2025-12-01,reposicio_endarrerida,mitjana,televenda,32.0,27,271.69,Client FIDEL d'Anestesia amb reposició endarrerida. Cicle habitual: 32 dies. Retard de 27 dies (z=1.7). Contactar per confirmar estat.,1.67,2025-11-03
35434,Madrid,Bioseguridad,nou,0.194,1667.34,324.05,1343.29,59,2025-12-01,monitoritzar,baixa,televenda,,0,268.66,Client NOU (59 dies d'historial). Primers pedidos registrats. Fer seguiment de consolidació per assegurar fidelització.,,
15888,Zaragoza,Anestesia,perdut,0.232,6820.08,1583.35,5236.73,577,2025-12-01,perdut,baixa,televenda,233.0,344,261.84,Client sense comprar des de fa 577 dies. Historial previ de 1742 dies. Possible pèrdua de compte. Requereix trucada de reactivació.,,
34989,Vizcaya,Anestesia,promiscu,0.365,6820.08,2492.44,4327.64,-9,2025-12-01,finestra_captura,mitjana,delegat,166.5,0,259.66,Client PROMISCU d'Anestesia en FINESTRA DE CAPTURA. Cicle: 166 dies. Share: 37%. Gap: 4328€/any. Moment òptim per contactar.,0.0,2026-05-25
41482,Ciudad Real,Anestesia,promiscu,0.56,3410.04,1908.43,1501.61,59,2025-12-01,finestra_captura,alta,delegat,45.4,13,258.02,Client PROMISCU d'Anestesia en FINESTRA DE CAPTURA. Cicle: 45 dies. Share: 56%. Gap: 1502€/any. Retard en reposició urgent.,0.47,2025-11-17
1000078299,Barcelona,Anestesia,en_risc,0.583,6820.08,3972.98,2847.1,17,2025-12-01,risc_fuga,mitjana,televenda,70.4,0,256.24,Client en RISC de fuga (promiscu). Share 12m: 58% → Share últims 3m anualitzat: 42% (-29%). Gap: 2847€/any. Tendència negativa clara. Intervenir amb urgència.,0.0,
1000078921,Vizcaya,Anestesia,promiscu,0.378,6820.08,2576.91,4243.17,83,2025-12-01,finestra_captura,mitjana,delegat,244.0,0,254.59,Client PROMISCU d'Anestesia en FINESTRA DE CAPTURA. Cicle: 244 dies. Share: 38%. Gap: 4243€/any. Moment òptim per contactar.,0.0,2026-05-11
7608,Guadalajara,Bioseguridad,nou,0.238,1667.34,397.52,1269.82,-16,2025-12-01,monitoritzar,baixa,televenda,,0,253.96,Client NOU (-16 dies d'historial). Primers pedidos registrats. Fer seguiment de consolidació per assegurar fidelització.,,
43082,Sevilla,Anestesia,promiscu,0.266,5683.4,1510.98,4172.42,-11,2025-12-01,finestra_captura,mitjana,delegat,98.5,0,250.35,Client PROMISCU d'Anestesia en FINESTRA DE CAPTURA. Cicle: 98 dies. Share: 27%. Gap: 4172€/any. Moment òptim per contactar.,0.0,2026-03-20
30857,Vizcaya,Bioseguridad,promiscu,0.379,6669.36,2529.29,4140.07,-22,2025-12-01,finestra_captura,mitjana,delegat,356.2,0,248.4,Client PROMISCU d'Bioseguridad en FINESTRA DE CAPTURA. Cicle: 356 dies. Share: 38%. Gap: 4140€/any. Moment òptim per contactar.,0.0,2026-12-14
1000070758,Sevilla,Bioseguridad,promiscu,0.245,1086.44,266.33,820.11,98,2025-12-01,info,baixa,televenda,,0,246.03,Client PROMISCU. Sense dades suficients per calcular cicle de reposició. Contacte proactiu recomanat.,,
1000078297,A Coruña,Anestesia,en_risc,0.608,6820.08,4144.18,2675.9,5,2025-12-01,risc_fuga,alta,delegat,110.8,0,240.83,Client en RISC de fuga (promiscu). Share 12m: 61% → Share últims 3m anualitzat: 42% (-31%). Gap: 2676€/any. Tendència negativa clara. Intervenir amb urgència.,0.0,
1000101930,Madrid,Bioseguridad,nou,0.289,1667.34,481.55,1185.79,-10,2025-12-01,monitoritzar,baixa,televenda,,0,237.16,Client NOU (-10 dies d'historial). Primers pedidos registrats. Fer seguiment de consolidació per assegurar fidelització.,,
1000102166,Barcelona,Bioseguridad,nou,0.292,1667.34,486.07,1181.27,11,2025-12-01,monitoritzar,baixa,televenda,,0,236.25,Client NOU (11 dies d'historial). Primers pedidos registrats. Fer seguiment de consolidació per assegurar fidelització.,,
42955,Zaragoza,Bioseguridad,promiscu,0.298,1086.44,324.05,762.39,166,2025-12-01,info,baixa,televenda,,0,228.72,Client PROMISCU. Sense dades suficients per calcular cicle de reposició. Contacte proactiu recomanat.,,
1000081305,Albacete,Bioseguridad,promiscu,0.298,1086.44,324.05,762.39,145,2025-12-01,info,baixa,televenda,,0,228.72,Client PROMISCU. Sense dades suficients per calcular cicle de reposició. Contacte proactiu recomanat.,,
1000100466,Murcia,Bioseguridad,promiscu,0.298,1086.44,324.05,762.39,131,2025-12-01,info,baixa,televenda,,0,228.72,Client PROMISCU. Sense dades suficients per calcular cicle de reposició. Contacte proactiu recomanat.,,
1000082391,Madrid,Anestesia,perdut,0.343,6820.08,2341.4,4478.68,871,2025-12-01,perdut,baixa,televenda,154.0,717,223.93,Client sense comprar des de fa 871 dies. Historial previ de 1179 dies. Possible pèrdua de compte. Requereix trucada de reactivació.,,
1000080301,Pontevedra,Anestesia,perdut,0.016,9093.44,149.94,8943.5,1579,2025-12-01,perdut,baixa,televenda,,1579,223.59,Client sense comprar des de fa 1579 dies. Historial previ de 1579 dies. Possible pèrdua de compte. Requereix trucada de reactivació.,,
1000102160,Toledo,Anestesia,nou,0.518,2223.12,1151.6,1071.52,55,2025-12-01,monitoritzar,baixa,televenda,5.0,0,214.3,Client NOU (60 dies d'historial). Primers pedidos registrats. Fer seguiment de consolidació per assegurar fidelització.,,
1000081910,Málaga,Anestesia,promiscu,0.233,4546.72,1058.43,3488.29,68,2025-12-01,finestra_captura,mitjana,delegat,422.0,0,209.3,Client PROMISCU d'Anestesia en FINESTRA DE CAPTURA. Cicle: 422 dies. Share: 23%. Gap: 3488€/any. Moment òptim per contactar.,0.0,2026-11-20
26192,Girona,Anestesia,en_risc,0.71,7956.76,5649.25,2307.51,-1,2025-12-01,risc_fuga,mitjana,televenda,23.8,0,207.68,Client en RISC de fuga (fidel). Share 12m: 71% → Share últims 3m anualitzat: 51% (-29%). Gap: 2308€/any. Tendència negativa clara. Intervenir amb urgència.,0.0,
41522,Sta.Cruz Tenerife,Bioseguridad,promiscu,0.366,1086.44,397.52,688.92,175,2025-12-01,info,baixa,televenda,,0,206.68,Client PROMISCU. Sense dades suficients per calcular cicle de reposició. Contacte proactiu recomanat.,,
1000100247,Vizcaya,Bioseguridad,promiscu,0.366,1086.44,397.52,688.92,178,2025-12-01,info,baixa,televenda,,0,206.68,Client PROMISCU. Sense dades suficients per calcular cicle de reposició. Contacte proactiu recomanat.,,
42790,Madrid,Anestesia,perdut,0.095,4546.72,430.02,4116.7,549,2025-12-01,perdut,baixa,televenda,85.0,464,205.84,Client sense comprar des de fa 549 dies. Historial previ de 634 dies. Possible pèrdua de compte. Requereix trucada de reactivació.,,
23468,Madrid,Bioseguridad,promiscu,0.373,1086.44,405.06,681.38,180,2025-12-01,info,baixa,televenda,,0,204.41,Client PROMISCU. Sense dades suficients per calcular cicle de reposició. Contacte proactiu recomanat.,,
14713,Barcelona,Bioseguridad,nou,0.061,1086.44,66.25,1020.19,-2,2025-12-01,monitoritzar,baixa,televenda,,0,204.04,Client NOU (-2 dies d'historial). Primers pedidos registrats. Fer seguiment de consolidació per assegurar fidelització.,,
1000041657,Valencia,Bioseguridad,nou,0.062,1086.44,67.51,1018.93,-1,2025-12-01,monitoritzar,baixa,televenda,,0,203.79,Client NOU (-1 dies d'historial). Primers pedidos registrats. Fer seguiment de consolidació per assegurar fidelització.,,
2305,Sta.Cruz Tenerife,Bioseguridad,nou,0.062,1086.44,67.51,1018.93,-1,2025-12-01,monitoritzar,baixa,televenda,,0,203.79,Client NOU (-1 dies d'historial). Primers pedidos registrats. Fer seguiment de consolidació per assegurar fidelització.,,
15786,Almería,Bioseguridad,promiscu,0.23,879.2,202.53,676.67,146,2025-12-01,info,baixa,televenda,,0,203.0,Client PROMISCU. Sense dades suficients per calcular cicle de reposició. Contacte proactiu recomanat.,,
12349,,Anestesia,promiscu,0.407,5683.4,2314.65,3368.75,-17,2025-12-01,finestra_captura,mitjana,delegat,412.8,0,202.12,Client PROMISCU d'Anestesia en FINESTRA DE CAPTURA. Cicle: 413 dies. Share: 41%. Gap: 3369€/any. Moment òptim per contactar.,0.0,2027-02-03
12557,Granada,Anestesia,nou,0.552,2223.12,1226.17,996.95,52,2025-12-01,monitoritzar,baixa,televenda,3.0,0,199.39,Client NOU (55 dies d'historial). Primers pedidos registrats. Fer seguiment de consolidació per assegurar fidelització.,,
39036,Toledo,Anestesia,fidel,0.888,2223.12,1974.58,248.54,89,2025-12-01,reposicio_endarrerida,mitjana,televenda,43.5,45,198.83,Client FIDEL d'Anestesia amb reposició endarrerida. Cicle habitual: 43 dies. Retard de 45 dies (z=1.9). Contactar per confirmar estat.,1.88,2025-10-16
1000101008,Las Palmas,Anestesia,promiscu,0.421,5683.4,2394.86,3288.54,55,2025-12-01,finestra_captura,mitjana,delegat,87.2,0,197.31,Client PROMISCU d'Anestesia en FINESTRA DE CAPTURA. Cicle: 87 dies. Share: 42%. Gap: 3289€/any. Moment òptim per contactar.,0.0,2026-01-02
37653,Ciudad Real,Anestesia,fidel,0.892,2223.12,1984.08,239.04,88,2025-12-01,risc_fuga,alta,delegat,34.8,53,191.23,"Client FIDEL d'Anestesia amb risc de FUGA. Cicle habitual: 35 dies. Porta 88 dies sense comprar (53 dies de retard, z=2.8). Prioritat màxima.",2.78,2025-10-08
1000101745,Valladolid,Anestesia,promiscu,0.302,4546.72,1374.38,3172.34,89,2025-12-01,finestra_captura,mitjana,delegat,107.0,0,190.34,Client PROMISCU d'Anestesia en FINESTRA DE CAPTURA. Cicle: 107 dies. Share: 30%. Gap: 3172€/any. Moment òptim per contactar.,0.0,2025-12-19
1000065685,Barcelona,Anestesia,nou,0.573,2223.12,1274.29,948.83,-18,2025-12-01,monitoritzar,baixa,televenda,35.7,0,189.77,Client NOU (89 dies d'historial). Primers pedidos registrats. Fer seguiment de consolidació per assegurar fidelització.,,
37652,Toledo,Anestesia,fidel,0.779,2223.12,1732.72,490.4,56,2025-12-01,reposicio_pendent,baixa,televenda,37.9,18,186.49,Client FIDEL d'Anestesia amb lleuger retard (18 dies). Cicle habitual: 38 dies. Seguiment rutina.,0.75,2025-11-12
42900,Sevilla,Anestesia,promiscu,0.325,4546.72,1476.52,3070.2,77,2025-12-01,finestra_captura,alta,delegat,69.3,7,185.98,Client PROMISCU d'Anestesia en FINESTRA DE CAPTURA. Cicle: 69 dies. Share: 32%. Gap: 3070€/any. Retard en reposició urgent.,0.27,2025-11-23
33786,Murcia,Bioseguridad,nou,0.146,1086.44,159.01,927.43,67,2025-12-01,monitoritzar,baixa,televenda,7.0,0,185.49,Client NOU (74 dies d'historial). Primers pedidos registrats. Fer seguiment de consolidació per assegurar fidelització.,,
37653,Ciudad Real,Bioseguridad,en_risc,0.653,1086.44,709.39,377.05,88,2025-12-01,risc_fuga,mitjana,televenda,56.8,31,185.34,Client en RISC de fuga (promiscu). Share 12m: 65% → Share últims 3m anualitzat: 49% (-25%). Gap: 377€/any. Tendència negativa clara. Intervenir amb urgència.,0.7,
42488,Barcelona,Anestesia,promiscu,0.323,4546.72,1467.19,3079.53,3,2025-12-01,finestra_captura,mitjana,delegat,226.2,0,184.77,Client PROMISCU d'Anestesia en FINESTRA DE CAPTURA. Cicle: 226 dies. Share: 32%. Gap: 3080€/any. Moment òptim per contactar.,0.0,2026-07-12
7283,Madrid,Anestesia,perdut,0.192,4546.72,872.42,3674.3,1175,2025-12-01,perdut,baixa,televenda,164.5,1010,183.72,Client sense comprar des de fa 1175 dies. Historial previ de 1504 dies. Possible pèrdua de compte. Requereix trucada de reactivació.,,
1000072772,Asturias,Anestesia,marginal,0.198,2223.12,439.79,1783.33,90,2025-12-01,oportunitat_captura,baixa,televenda,,0,178.33,Client MARGINAL (20% share). Gap de captura: 1783€/any. Baixa vinculació amb Inibsa. Cal investigar.,,
1000101926,Granada,Bioseguridad,nou,0.186,1086.44,202.53,883.91,-3,2025-12-01,monitoritzar,baixa,televenda,,0,176.78,Client NOU (-3 dies d'historial). Primers pedidos registrats. Fer seguiment de consolidació per assegurar fidelització.,,
1000081604,Asturias,Anestesia,perdut,0.38,5683.4,2158.1,3525.3,480,2025-12-01,perdut,baixa,televenda,120.1,359,176.27,Client sense comprar des de fa 480 dies. Historial previ de 1561 dies. Possible pèrdua de compte. Requereix trucada de reactivació.,,
3346,Málaga,Bioseguridad,nou,0.195,1086.44,212.01,874.43,40,2025-12-01,monitoritzar,baixa,televenda,,0,174.89,Client NOU (40 dies d'historial). Primers pedidos registrats. Fer seguiment de consolidació per assegurar fidelització.,,
1000101437,A Coruña,Bioseguridad,nou,0.215,1086.44,233.15,853.29,0,2025-12-01,monitoritzar,baixa,televenda,,0,170.66,Client NOU (0 dies d'historial). Primers pedidos registrats. Fer seguiment de consolidació per assegurar fidelització.,,
36972,,Anestesia,perdut,1.0,6820.08,7037.18,0.0,557,2025-12-01,perdut,baixa,televenda,84.7,472,170.5,Client sense comprar des de fa 557 dies. Historial previ de 1743 dies. Possible pèrdua de compte. Requereix trucada de reactivació.,,
41044,Vizcaya,Anestesia,perdut,1.0,6820.08,18553.38,0.0,1270,2025-12-01,perdut,baixa,televenda,30.2,1239,170.5,Client sense comprar des de fa 1270 dies. Historial previ de 1784 dies. Possible pèrdua de compte. Requereix trucada de reactivació.,,
8979,Vizcaya,Anestesia,perdut,1.0,6820.08,8761.3,0.0,664,2025-12-01,perdut,baixa,televenda,267.7,396,170.5,Client sense comprar des de fa 664 dies. Historial previ de 1467 dies. Possible pèrdua de compte. Requereix trucada de reactivació.,,
31073,Lugo,Anestesia,perdut,1.0,6820.08,20146.83,0.0,118,2025-12-01,perdut,baixa,televenda,45.9,72,170.5,Client sense comprar des de fa 118 dies. Historial previ de 1680 dies. Possible pèrdua de compte. Requereix trucada de reactivació.,,
26122,Barcelona,Anestesia,perdut,1.0,6820.08,7091.38,0.0,1315,2025-12-01,perdut,baixa,televenda,72.0,1243,170.5,Client sense comprar des de fa 1315 dies. Historial previ de 1747 dies. Possible pèrdua de compte. Requereix trucada de reactivació.,,
1000082292,Asturias,Anestesia,perdut,1.0,6820.08,13149.33,0.0,619,2025-12-01,perdut,baixa,televenda,71.5,547,170.5,Client sense comprar des de fa 619 dies. Historial previ de 1405 dies. Possible pèrdua de compte. Requereix trucada de reactivació.,,
11576,Málaga,Anestesia,perdut,0.251,4546.72,1142.41,3404.31,1348,2025-12-01,perdut,baixa,televenda,40.0,1308,170.22,Client sense comprar des de fa 1348 dies. Historial previ de 1468 dies. Possible pèrdua de compte. Requereix trucada de reactivació.,,
1000065685,Barcelona,Bioseguridad,nou,0.224,1086.44,243.04,843.4,89,2025-12-01,monitoritzar,baixa,televenda,,0,168.68,Client NOU (89 dies d'historial). Primers pedidos registrats. Fer seguiment de consolidació per assegurar fidelització.,,
42525,Granada,Bioseguridad,marginal,0.0,1667.34,0.0,1667.34,157,2025-12-01,oportunitat_captura,baixa,televenda,,0,166.73,Client MARGINAL (0% share). Gap de captura: 1667€/any. Baixa vinculació amb Inibsa. Cal investigar.,,
1000079278,Las Palmas,Anestesia,promiscu,0.415,4546.72,1884.74,2661.98,-25,2025-12-01,finestra_captura,mitjana,delegat,129.7,0,159.72,Client PROMISCU d'Anestesia en FINESTRA DE CAPTURA. Cicle: 130 dies. Share: 41%. Gap: 2662€/any. Moment òptim per contactar.,0.0,2026-05-04
9683,Cantabria,Anestesia,promiscu,0.22,3410.04,749.83,2660.21,62,2025-12-01,finestra_captura,mitjana,delegat,575.7,0,159.61,Client PROMISCU d'Anestesia en FINESTRA DE CAPTURA. Cicle: 576 dies. Share: 22%. Gap: 2660€/any. Moment òptim per contactar.,0.0,2027-04-28
42469,Málaga,Anestesia,perdut,0.077,3410.04,261.9,3148.14,1044,2025-12-01,perdut,baixa,televenda,7.8,1036,157.41,Client sense comprar des de fa 1044 dies. Historial previ de 1075 dies. Possible pèrdua de compte. Requereix trucada de reactivació.,,
1000082014,Madrid,Anestesia,promiscu,0.234,3410.04,796.78,2613.26,47,2025-12-01,finestra_captura,mitjana,delegat,379.0,0,156.8,Client PROMISCU d'Anestesia en FINESTRA DE CAPTURA. Cicle: 379 dies. Share: 23%. Gap: 2613€/any. Moment òptim per contactar.,0.0,2026-10-29
14357,Alicante,Bioseguridad,marginal,0.061,1667.34,101.27,1566.07,132,2025-12-01,oportunitat_captura,baixa,televenda,,0,156.61,Client MARGINAL (6% share). Gap de captura: 1566€/any. Baixa vinculació amb Inibsa. Cal investigar.,,
1000055899,Valencia,Bioseguridad,nou,0.28,1086.44,303.8,782.64,87,2025-12-01,monitoritzar,baixa,televenda,,0,156.53,Client NOU (87 dies d'historial). Primers pedidos registrats. Fer seguiment de consolidació per assegurar fidelització.,,
1000100276,Zaragoza,Anestesia,promiscu,0.242,3410.04,824.1,2585.94,26,2025-12-01,finestra_captura,mitjana,delegat,325.0,0,155.16,Client PROMISCU d'Anestesia en FINESTRA DE CAPTURA. Cicle: 325 dies. Share: 24%. Gap: 2586€/any. Moment òptim per contactar.,0.0,2026-09-26
1000100937,A Coruña,Bioseguridad,nou,0.298,1086.44,324.05,762.39,80,2025-12-01,monitoritzar,baixa,televenda,,0,152.48,Client NOU (80 dies d'historial). Primers pedidos registrats. Fer seguiment de consolidació per assegurar fidelització.,,
761,Valencia,Anestesia,promiscu,0.257,3410.04,876.21,2533.83,89,2025-12-01,finestra_captura,mitjana,delegat,629.0,0,152.03,Client PROMISCU d'Anestesia en FINESTRA DE CAPTURA. Cicle: 629 dies. Share: 26%. Gap: 2534€/any. Moment òptim per contactar.,0.0,2027-05-25
12481,Granada,Anestesia,promiscu,0.261,3410.04,891.37,2518.67,-2,2025-12-01,finestra_captura,mitjana,delegat,233.2,0,151.12,Client PROMISCU d'Anestesia en FINESTRA DE CAPTURA. Cicle: 233 dies. Share: 26%. Gap: 2519€/any. Moment òptim per contactar.,0.0,2026-07-24
1000100091,Sevilla,Anestesia,perdut,0.114,3410.04,388.1,3021.94,879,2025-12-01,perdut,baixa,televenda,167.0,712,151.1,Client sense comprar des de fa 879 dies. Historial previ de 1046 dies. Possible pèrdua de compte. Requereix trucada de reactivació.,,
1000073926,A Coruña,Bioseguridad,nou,0.305,1086.44,331.27,755.17,0,2025-12-01,monitoritzar,baixa,televenda,,0,151.03,Client NOU (0 dies d'historial). Primers pedidos registrats. Fer seguiment de consolidació per assegurar fidelització.,,
1000080693,Sevilla,Anestesia,perdut,0.116,3410.04,395.55,3014.49,910,2025-12-01,perdut,baixa,televenda,383.0,527,150.72,Client sense comprar des de fa 910 dies. Historial previ de 1676 dies. Possible pèrdua de compte. Requereix trucada de reactivació.,,
12372,A Coruña,Anestesia,promiscu,0.272,3410.04,928.56,2481.48,-9,2025-12-01,finestra_captura,mitjana,delegat,1636.0,0,148.89,Client PROMISCU d'Anestesia en FINESTRA DE CAPTURA. Cicle: 1636 dies. Share: 27%. Gap: 2481€/any. Moment òptim per contactar.,0.0,2030-06-03
1000101110,Sta.Cruz Tenerife,Anestesia,promiscu,0.454,4546.72,2066.02,2480.7,35,2025-12-01,finestra_captura,mitjana,delegat,127.0,0,148.84,Client PROMISCU d'Anestesia en FINESTRA DE CAPTURA. Cicle: 127 dies. Share: 45%. Gap: 2481€/any. Moment òptim per contactar.,0.0,2026-03-03
1000079002,Sevilla,Bioseguridad,marginal,0.12,1667.34,200.27,1467.07,178,2025-12-01,oportunitat_captura,baixa,televenda,,0,146.71,Client MARGINAL (12% share). Gap de captura: 1467€/any. Baixa vinculació amb Inibsa. Cal investigar.,,
43024,Cádiz,Bioseguridad,marginal,0.121,1667.34,202.53,1464.81,131,2025-12-01,oportunitat_captura,baixa,televenda,,0,146.48,Client MARGINAL (12% share). Gap de captura: 1465€/any. Baixa vinculació amb Inibsa. Cal investigar.,,
42909,Toledo,Anestesia,fidel,0.7,2223.12,1556.4,666.72,56,2025-12-01,reposicio_pendent,baixa,televenda,43.9,12,145.8,Client FIDEL d'Anestesia amb lleuger retard (12 dies). Cicle habitual: 44 dies. Seguiment rutina.,0.39,2025-11-18
1000082282,Las Palmas,Anestesia,perdut,0.162,3410.04,552.01,2858.03,948,2025-12-01,perdut,baixa,televenda,252.5,695,142.9,Client sense comprar des de fa 948 dies. Historial previ de 1453 dies. Possible pèrdua de compte. Requereix trucada de reactivació.,,
12100,A Coruña,Anestesia,perdut,1.0,5683.4,6601.54,0.0,684,2025-12-01,perdut,baixa,televenda,236.2,447,142.09,Client sense comprar des de fa 684 dies. Historial previ de 1629 dies. Possible pèrdua de compte. Requereix trucada de reactivació.,,
351,Sevilla,Anestesia,perdut,1.0,5683.4,19368.77,0.0,405,2025-12-01,perdut,baixa,televenda,173.1,231,142.09,Client sense comprar des de fa 405 dies. Historial previ de 1617 dies. Possible pèrdua de compte. Requereix trucada de reactivació.,,
36095,Cádiz,Anestesia,perdut,0.789,5683.4,4485.21,1198.19,129,2025-12-01,perdut,baixa,televenda,21.8,107,142.09,Client sense comprar des de fa 129 dies. Historial previ de 1785 dies. Possible pèrdua de compte. Requereix trucada de reactivació.,,
24485,Madrid,Bioseguridad,perdut,0.962,5557.8,5344.17,213.63,1166,2025-12-01,perdut,baixa,televenda,61.6,1104,138.95,Client sense comprar des de fa 1166 dies. Historial previ de 1782 dies. Possible pèrdua de compte. Requereix trucada de reactivació.,,
11999,A Coruña,Bioseguridad,promiscu,0.656,6669.36,4372.72,2296.64,-1,2025-12-01,finestra_captura,mitjana,delegat,12.1,0,137.8,Client PROMISCU d'Bioseguridad en FINESTRA DE CAPTURA. Cicle: 12 dies. Share: 66%. Gap: 2297€/any. Moment òptim per contactar.,0.0,2025-12-14
1000101119,Madrid,Anestesia,promiscu,0.667,6820.08,4546.39,2273.69,41,2025-12-01,finestra_captura,mitjana,delegat,167.0,0,136.42,Client PROMISCU d'Anestesia en FINESTRA DE CAPTURA. Cicle: 167 dies. Share: 67%. Gap: 2274€/any. Moment òptim per contactar.,0.0,2026-04-06
1000079829,Sevilla,Bioseguridad,nou,0.372,1086.44,404.56,681.88,41,2025-12-01,monitoritzar,baixa,televenda,,0,136.38,Client NOU (41 dies d'historial). Primers pedidos registrats. Fer seguiment de consolidació per assegurar fidelització.,,
1000101010,Valencia,Bioseguridad,nou,0.373,1086.44,405.06,681.38,0,2025-12-01,monitoritzar,baixa,televenda,,0,136.28,Client NOU (0 dies d'historial). Primers pedidos registrats. Fer seguiment de consolidació per assegurar fidelització.,,
1000081680,Las Palmas,Anestesia,promiscu,0.602,5683.4,3422.45,2260.95,75,2025-12-01,finestra_captura,mitjana,delegat,275.2,0,135.66,Client PROMISCU d'Anestesia en FINESTRA DE CAPTURA. Cicle: 275 dies. Share: 60%. Gap: 2261€/any. Moment òptim per contactar.,0.0,2026-06-19
1000100224,Barcelona,Anestesia,promiscu,0.509,4546.72,2314.08,2232.64,-16,2025-12-01,finestra_captura,mitjana,delegat,223.5,0,133.96,Client PROMISCU d'Anestesia en FINESTRA DE CAPTURA. Cicle: 224 dies. Share: 51%. Gap: 2233€/any. Moment òptim per contactar.,0.0,2026-07-28
42645,Madrid,Anestesia,promiscu,0.515,4546.72,2339.51,2207.21,-9,2025-12-01,finestra_captura,mitjana,delegat,88.2,0,132.43,Client PROMISCU d'Anestesia en FINESTRA DE CAPTURA. Cicle: 88 dies. Share: 51%. Gap: 2207€/any. Moment òptim per contactar.,0.0,2026-03-08
1000101204,Barcelona,Anestesia,perdut,0.073,5683.4,415.52,5267.88,460,2025-12-01,perdut,baixa,televenda,,460,131.7,Client sense comprar des de fa 460 dies. Historial previ de 460 dies. Possible pèrdua de compte. Requereix trucada de reactivació.,,
42445,Salamanca,Anestesia,promiscu,0.359,3410.04,1223.98,2186.06,21,2025-12-01,finestra_captura,mitjana,delegat,241.2,0,131.16,Client PROMISCU d'Anestesia en FINESTRA DE CAPTURA. Cicle: 241 dies. Share: 36%. Gap: 2186€/any. Moment òptim per contactar.,0.0,2026-07-09
1000102147,Cáceres,Anestesia,nou,0.706,2223.12,1570.22,652.9,-16,2025-12-01,monitoritzar,baixa,televenda,41.0,0,130.58,Client NOU (66 dies d'historial). Primers pedidos registrats. Fer seguiment de consolidació per assegurar fidelització.,,
38501,Toledo,Anestesia,fidel,0.798,2223.12,1774.93,448.19,53,2025-12-01,reposicio_pendent,baixa,televenda,38.5,14,130.5,Client FIDEL d'Anestesia amb lleuger retard (14 dies). Cicle habitual: 38 dies. Seguiment rutina.,0.5,2025-11-16
1000101961,Madrid,Anestesia,promiscu,0.364,3410.04,1240.24,2169.8,-9,2025-12-01,finestra_captura,mitjana,delegat,53.0,0,130.19,Client PROMISCU d'Anestesia en FINESTRA DE CAPTURA. Cicle: 53 dies. Share: 36%. Gap: 2170€/any. Moment òptim per contactar.,0.0,2026-02-01
39038,Ciudad Real,Anestesia,fidel,0.915,2223.12,2035.19,187.93,59,2025-12-01,reposicio_endarrerida,mitjana,televenda,31.4,27,129.43,Client FIDEL d'Anestesia amb reposició endarrerida. Cicle habitual: 31 dies. Retard de 27 dies (z=1.7). Contactar per confirmar estat.,1.65,2025-11-03
38736,Zaragoza,Anestesia,promiscu,0.37,3410.04,1263.23,2146.81,61,2025-12-01,finestra_captura,mitjana,delegat,143.9,0,128.81,Client PROMISCU d'Anestesia en FINESTRA DE CAPTURA. Cicle: 144 dies. Share: 37%. Gap: 2147€/any. Moment òptim per contactar.,0.0,2026-02-21
6963,Barcelona,Anestesia,perdut,0.255,3410.04,868.53,2541.51,808,2025-12-01,perdut,baixa,televenda,243.8,564,127.08,Client sense comprar des de fa 808 dies. Historial previ de 1783 dies. Possible pèrdua de compte. Requereix trucada de reactivació.,,
25156,Sevilla,Anestesia,promiscu,0.379,3410.04,1292.86,2117.18,39,2025-12-01,finestra_captura,mitjana,delegat,1479.0,0,127.03,Client PROMISCU d'Anestesia en FINESTRA DE CAPTURA. Cicle: 1479 dies. Share: 38%. Gap: 2117€/any. Moment òptim per contactar.,0.0,2029-11-10
21190,Zaragoza,Anestesia,perdut,1.0,5683.4,8497.74,0.0,238,2025-12-01,perdut,baixa,televenda,125.6,112,126.7,Client sense comprar des de fa 238 dies. Historial previ de 1494 dies. Possible pèrdua de compte. Requereix trucada de reactivació.,,
42930,Sta.Cruz Tenerife,Anestesia,promiscu,0.536,4546.72,2438.92,2107.8,3,2025-12-01,finestra_captura,mitjana,delegat,85.8,0,126.47,Client PROMISCU d'Anestesia en FINESTRA DE CAPTURA. Cicle: 86 dies. Share: 54%. Gap: 2108€/any. Moment òptim per contactar.,0.0,2026-02-21
1000079703,Madrid,Anestesia,promiscu,0.392,3410.04,1336.95,2073.09,66,2025-12-01,finestra_captura,mitjana,delegat,369.0,0,124.39,Client PROMISCU d'Anestesia en FINESTRA DE CAPTURA. Cicle: 369 dies. Share: 39%. Gap: 2073€/any. Moment òptim per contactar.,0.0,2026-09-30
1000038392,Baleares,Anestesia,perdut,0.273,3410.04,930.26,2479.78,978,2025-12-01,perdut,baixa,televenda,389.0,589,123.99,Client sense comprar des de fa 978 dies. Historial previ de 1756 dies. Possible pèrdua de compte. Requereix trucada de reactivació.,,
42786,Madrid,Anestesia,promiscu,0.396,3410.04,1350.23,2059.81,55,2025-12-01,finestra_captura,mitjana,delegat,301.5,0,123.59,Client PROMISCU d'Anestesia en FINESTRA DE CAPTURA. Cicle: 302 dies. Share: 40%. Gap: 2060€/any. Moment òptim per contactar.,0.0,2026-08-04
1000061890,Baleares,Anestesia,promiscu,0.4,3410.04,1363.41,2046.63,55,2025-12-01,finestra_captura,mitjana,delegat,543.0,0,122.8,Client PROMISCU d'Anestesia en FINESTRA DE CAPTURA. Cicle: 543 dies. Share: 40%. Gap: 2047€/any. Moment òptim per contactar.,0.0,2027-04-03
1000077509,Madrid,Bioseguridad,promiscu,0.364,1667.34,607.59,1059.75,62,2025-12-01,finestra_captura,alta,delegat,52.0,10,122.28,Client PROMISCU d'Bioseguridad en FINESTRA DE CAPTURA. Cicle: 52 dies. Share: 36%. Gap: 1060€/any. Retard en reposició urgent.,0.56,2025-11-21
40366,Burgos,Bioseguridad,nou,0.439,1086.44,477.03,609.41,33,2025-12-01,monitoritzar,baixa,televenda,,0,121.88,Client NOU (33 dies d'historial). Primers pedidos registrats. Fer seguiment de consolidació per assegurar fidelització.,,
1000101886,Cádiz,Anestesia,promiscu,0.554,4546.72,2521.11,2025.61,34,2025-12-01,finestra_captura,mitjana,delegat,102.0,0,121.54,Client PROMISCU d'Anestesia en FINESTRA DE CAPTURA. Cicle: 102 dies. Share: 55%. Gap: 2026€/any. Moment òptim per contactar.,0.0,2026-02-07
1000078484,A Coruña,Anestesia,promiscu,0.408,3410.04,1389.93,2020.11,61,2025-12-01,finestra_captura,mitjana,delegat,273.2,0,121.21,Client PROMISCU d'Anestesia en FINESTRA DE CAPTURA. Cicle: 273 dies. Share: 41%. Gap: 2020€/any. Moment òptim per contactar.,0.0,2026-07-01
42806,Albacete,Anestesia,promiscu,0.412,3410.04,1405.89,2004.15,56,2025-12-01,finestra_captura,mitjana,delegat,64.3,0,120.25,Client PROMISCU d'Anestesia en FINESTRA DE CAPTURA. Cicle: 64 dies. Share: 41%. Gap: 2004€/any. Moment òptim per contactar.,0.0,2025-12-09
41179,Las Palmas,Anestesia,promiscu,0.413,3410.04,1408.59,2001.45,-8,2025-12-01,finestra_captura,mitjana,delegat,276.2,0,120.09,Client PROMISCU d'Anestesia en FINESTRA DE CAPTURA. Cicle: 276 dies. Share: 41%. Gap: 2001€/any. Moment òptim per contactar.,0.0,2026-09-11
43020,Madrid,Anestesia,perdut,0.298,3410.04,1016.57,2393.47,266,2025-12-01,perdut,baixa,televenda,6.0,260,119.67,Client sense comprar des de fa 266 dies. Historial previ de 272 dies. Possible pèrdua de compte. Requereix trucada de reactivació.,,
27941,Sta.Cruz Tenerife,Anestesia,en_risc,0.708,4546.72,3218.21,1328.51,11,2025-12-01,risc_fuga,alta,delegat,63.6,0,119.57,Client en RISC de fuga (fidel). Share 12m: 71% → Share últims 3m anualitzat: 40% (-43%). Gap: 1329€/any. Tendència negativa clara. Intervenir amb urgència.,0.0,
42946,Madrid,Anestesia,promiscu,0.418,3410.04,1425.5,1984.54,60,2025-12-01,finestra_captura,mitjana,delegat,169.5,0,119.07,Client PROMISCU d'Anestesia en FINESTRA DE CAPTURA. Cicle: 170 dies. Share: 42%. Gap: 1985€/any. Moment òptim per contactar.,0.0,2026-03-20
1000058131,A Coruña,Anestesia,perdut,0.478,4546.72,2174.01,2372.71,776,2025-12-01,perdut,baixa,televenda,248.0,528,118.64,Client sense comprar des de fa 776 dies. Historial previ de 1768 dies. Possible pèrdua de compte. Requereix trucada de reactivació.,,
1000100283,Sevilla,Anestesia,promiscu,0.423,3410.04,1443.04,1967.0,63,2025-12-01,finestra_captura,mitjana,delegat,213.0,0,118.02,Client PROMISCU d'Anestesia en FINESTRA DE CAPTURA. Cicle: 213 dies. Share: 42%. Gap: 1967€/any. Moment òptim per contactar.,0.0,2026-04-30
1000080724,Alicante,Anestesia,perdut,0.482,4546.72,2189.56,2357.16,955,2025-12-01,perdut,baixa,televenda,247.7,707,117.86,Client sense comprar des de fa 955 dies. Historial previ de 1698 dies. Possible pèrdua de compte. Requereix trucada de reactivació.,,
1000101859,Navarra,Anestesia,promiscu,0.426,3410.04,1451.42,1958.62,3,2025-12-01,finestra_captura,mitjana,delegat,61.5,0,117.52,Client PROMISCU d'Anestesia en FINESTRA DE CAPTURA. Cicle: 62 dies. Share: 43%. Gap: 1959€/any. Moment òptim per contactar.,0.0,2026-01-28
42121,Málaga,Anestesia,promiscu,0.57,4546.72,2593.66,1953.06,-28,2025-12-01,finestra_captura,mitjana,delegat,220.7,0,117.18,Client PROMISCU d'Anestesia en FINESTRA DE CAPTURA. Cicle: 221 dies. Share: 57%. Gap: 1953€/any. Moment òptim per contactar.,0.0,2026-08-06
1000082758,A Coruña,Anestesia,perdut,0.571,5683.4,3244.16,2439.24,348,2025-12-01,perdut,baixa,televenda,191.0,157,116.79,Client sense comprar des de fa 348 dies. Historial previ de 921 dies. Possible pèrdua de compte. Requereix trucada de reactivació.,,
1000080857,Málaga,Anestesia,perdut,0.316,3410.04,1076.65,2333.39,794,2025-12-01,perdut,baixa,televenda,133.0,661,116.67,Client sense comprar des de fa 794 dies. Historial previ de 1592 dies. Possible pèrdua de compte. Requereix trucada de reactivació.,,
24879,Baleares,Anestesia,perdut,0.496,4546.72,2255.91,2290.81,670,2025-12-01,perdut,baixa,televenda,139.1,530,114.54,Client sense comprar des de fa 670 dies. Historial previ de 1783 dies. Possible pèrdua de compte. Requereix trucada de reactivació.,,
1000064044,A Coruña,Anestesia,perdut,0.329,3410.04,1120.45,2289.59,1022,2025-12-01,perdut,baixa,televenda,121.8,900,114.48,Client sense comprar des de fa 1022 dies. Historial previ de 1509 dies. Possible pèrdua de compte. Requereix trucada de reactivació.,,
1000101479,Alicante,Anestesia,promiscu,0.441,3410.04,1505.37,1904.67,69,2025-12-01,finestra_captura,mitjana,delegat,171.5,0,114.28,Client PROMISCU d'Anestesia en FINESTRA DE CAPTURA. Cicle: 172 dies. Share: 44%. Gap: 1905€/any. Moment òptim per contactar.,0.0,2026-03-13
1000100299,Almería,Anestesia,promiscu,0.442,3410.04,1508.65,1901.39,60,2025-12-01,finestra_captura,mitjana,delegat,280.3,0,114.08,Client PROMISCU d'Anestesia en FINESTRA DE CAPTURA. Cicle: 280 dies. Share: 44%. Gap: 1901€/any. Moment òptim per contactar.,0.0,2026-07-09
1000076033,Vizcaya,Anestesia,perdut,0.956,4546.72,4344.5,202.22,1180,2025-12-01,perdut,baixa,televenda,249.0,931,113.67,Client sense comprar des de fa 1180 dies. Historial previ de 1678 dies. Possible pèrdua de compte. Requereix trucada de reactivació.,,
4464,Madrid,Anestesia,perdut,0.84,4546.72,3817.77,728.95,1077,2025-12-01,perdut,baixa,televenda,202.3,874,113.67,Client sense comprar des de fa 1077 dies. Historial previ de 1684 dies. Possible pèrdua de compte. Requereix trucada de reactivació.,,
42500,Sevilla,Anestesia,perdut,1.0,4546.72,6190.7,0.0,229,2025-12-01,perdut,baixa,televenda,111.3,117,113.67,Client sense comprar des de fa 229 dies. Historial previ de 1008 dies. Possible pèrdua de compte. Requereix trucada de reactivació.,,
35907,León,Anestesia,perdut,0.936,4546.72,4255.96,290.76,355,2025-12-01,perdut,baixa,televenda,62.4,292,113.67,Client sense comprar des de fa 355 dies. Historial previ de 1727 dies. Possible pèrdua de compte. Requereix trucada de reactivació.,,
41531,Vizcaya,Anestesia,perdut,1.0,4546.72,4786.47,0.0,1266,2025-12-01,perdut,baixa,televenda,130.5,1135,113.67,Client sense comprar des de fa 1266 dies. Historial previ de 1788 dies. Possible pèrdua de compte. Requereix trucada de reactivació.,,
42290,Almería,Anestesia,perdut,1.0,4546.72,13708.61,0.0,286,2025-12-01,perdut,baixa,televenda,73.0,213,113.67,Client sense comprar des de fa 286 dies. Historial previ de 1308 dies. Possible pèrdua de compte. Requereix trucada de reactivació.,,
1000059704,Madrid,Anestesia,perdut,1.0,4546.72,11089.15,0.0,215,2025-12-01,perdut,baixa,televenda,19.2,195,113.67,Client sense comprar des de fa 215 dies. Historial previ de 1767 dies. Possible pèrdua de compte. Requereix trucada de reactivació.,,
40047,Palencia,Anestesia,perdut,1.0,4546.72,10004.27,0.0,1084,2025-12-01,perdut,baixa,televenda,126.8,957,113.67,Client sense comprar des de fa 1084 dies. Historial previ de 1718 dies. Possible pèrdua de compte. Requereix trucada de reactivació.,,
1000074435,,Anestesia,perdut,1.0,4546.72,6048.6,0.0,430,2025-12-01,perdut,baixa,televenda,89.1,340,113.67,Client sense comprar des de fa 430 dies. Historial previ de 1767 dies. Possible pèrdua de compte. Requereix trucada de reactivació.,,
1000051951,Baleares,Anestesia,perdut,0.94,4546.72,4272.06,274.66,860,2025-12-01,perdut,baixa,televenda,21.1,838,113.67,Client sense comprar des de fa 860 dies. Historial previ de 1789 dies. Possible pèrdua de compte. Requereix trucada de reactivació.,,
41045,Vizcaya,Anestesia,perdut,0.957,4546.72,4352.47,194.25,1271,2025-12-01,perdut,baixa,televenda,130.7,1140,113.67,Client sense comprar des de fa 1271 dies. Historial previ de 1663 dies. Possible pèrdua de compte. Requereix trucada de reactivació.,,
32759,Vizcaya,Anestesia,perdut,1.0,4546.72,4740.11,0.0,1295,2025-12-01,perdut,baixa,televenda,97.5,1197,113.67,Client sense comprar des de fa 1295 dies. Historial previ de 1490 dies. Possible pèrdua de compte. Requereix trucada de reactivació.,,
11406,León,Anestesia,perdut,1.0,4546.72,4890.73,0.0,1029,2025-12-01,perdut,baixa,televenda,166.2,862,113.67,Client sense comprar des de fa 1029 dies. Historial previ de 1694 dies. Possible pèrdua de compte. Requereix trucada de reactivació.,,
2242,Cantabria,Anestesia,perdut,1.0,4546.72,4960.2,0.0,1257,2025-12-01,perdut,baixa,televenda,196.0,1061,113.67,Client sense comprar des de fa 1257 dies. Historial previ de 1649 dies. Possible pèrdua de compte. Requereix trucada de reactivació.,,
1000081418,Sevilla,Anestesia,perdut,1.0,4546.72,4774.98,0.0,1182,2025-12-01,perdut,baixa,televenda,163.3,1018,113.67,Client sense comprar des de fa 1182 dies. Historial previ de 1672 dies. Possible pèrdua de compte. Requereix trucada de reactivació.,,
1000081962,Sevilla,Anestesia,perdut,0.581,4546.72,2639.99,1906.73,749,2025-12-01,perdut,baixa,televenda,111.7,637,113.67,Client sense comprar des de fa 749 dies. Historial previ de 1754 dies. Possible pèrdua de compte. Requereix trucada de reactivació.,,
1000082721,Las Palmas,Anestesia,perdut,1.0,4546.72,7379.29,0.0,202,2025-12-01,perdut,baixa,televenda,92.9,109,113.67,Client sense comprar des de fa 202 dies. Historial previ de 852 dies. Possible pèrdua de compte. Requereix trucada de reactivació.,,
1000081115,Asturias,Anestesia,marginal,0.17,6820.08,1156.94,5663.14,89,2025-12-01,oportunitat_captura,baixa,televenda,685.5,0,113.26,Client MARGINAL d'Anestesia. Share: 17%. Gap: 5663€/any. Baixa vinculació. Cal investigar.,0.0,2027-07-20
1000101428,Sevilla,Anestesia,promiscu,0.448,3410.04,1526.35,1883.69,19,2025-12-01,finestra_captura,mitjana,delegat,209.5,0,113.02,Client PROMISCU d'Anestesia en FINESTRA DE CAPTURA. Cicle: 210 dies. Share: 45%. Gap: 1884€/any. Moment òptim per contactar.,0.0,2026-06-09
25896,Zamora,Anestesia,perdut,0.338,3410.04,1151.97,2258.07,566,2025-12-01,perdut,baixa,televenda,176.3,389,112.9,Client sense comprar des de fa 566 dies. Historial previ de 1095 dies. Possible pèrdua de compte. Requereix trucada de reactivació.,,
1000100951,Málaga,Anestesia,perdut,0.343,3410.04,1168.4,2241.64,494,2025-12-01,perdut,baixa,televenda,71.0,423,112.08,Client sense comprar des de fa 494 dies. Historial previ de 636 dies. Possible pèrdua de compte. Requereix trucada de reactivació.,,
40363,Sevilla,Anestesia,perdut,0.0,2223.12,0.0,2223.12,383,2025-12-01,perdut,baixa,televenda,2.0,381,111.16,Client sense comprar des de fa 383 dies. Historial previ de 385 dies. Possible pèrdua de compte. Requereix trucada de reactivació.,,
36474,A Coruña,Bioseguridad,perdut,0.431,3890.46,1678.4,2212.06,1061,2025-12-01,perdut,baixa,televenda,229.3,831,110.6,Client sense comprar des de fa 1061 dies. Historial previ de 1749 dies. Possible pèrdua de compte. Requereix trucada de reactivació.,,
22244,Sta.Cruz Tenerife,Anestesia,perdut,0.355,3410.04,1209.0,2201.04,938,2025-12-01,perdut,baixa,televenda,191.3,746,110.05,Client sense comprar des de fa 938 dies. Historial previ de 1512 dies. Possible pèrdua de compte. Requereix trucada de reactivació.,,
1000100425,Madrid,Anestesia,promiscu,0.465,3410.04,1584.09,1825.95,0,2025-12-01,finestra_captura,mitjana,delegat,133.8,0,109.56,Client PROMISCU d'Anestesia en FINESTRA DE CAPTURA. Cicle: 134 dies. Share: 46%. Gap: 1826€/any. Moment òptim per contactar.,0.0,2026-04-13
1000100260,Madrid,Anestesia,promiscu,0.601,4546.72,2730.48,1816.24,90,2025-12-01,finestra_captura,mitjana,delegat,413.5,0,108.97,Client PROMISCU d'Anestesia en FINESTRA DE CAPTURA. Cicle: 414 dies. Share: 60%. Gap: 1816€/any. Moment òptim per contactar.,0.0,2026-10-20
43064,Madrid,Anestesia,promiscu,0.468,3410.04,1594.49,1815.55,-1,2025-12-01,finestra_captura,mitjana,delegat,72.0,0,108.93,Client PROMISCU d'Anestesia en FINESTRA DE CAPTURA. Cicle: 72 dies. Share: 47%. Gap: 1816€/any. Moment òptim per contactar.,0.0,2026-02-12
1000074185,A Coruña,Anestesia,perdut,0.234,5683.4,1328.79,4354.61,242,2025-12-01,perdut,baixa,televenda,,242,108.87,Client sense comprar des de fa 242 dies. Historial previ de 242 dies. Possible pèrdua de compte. Requereix trucada de reactivació.,,
1000080986,Murcia,Anestesia,perdut,0.044,4546.72,199.92,4346.8,648,2025-12-01,perdut,baixa,televenda,,648,108.67,Client sense comprar des de fa 648 dies. Historial previ de 648 dies. Possible pèrdua de compte. Requereix trucada de reactivació.,,
1000057417,Jaén,Bioseguridad,marginal,0.0,1086.44,0.0,1086.44,146,2025-12-01,oportunitat_captura,baixa,televenda,,0,108.64,Client MARGINAL (0% share). Gap de captura: 1086€/any. Baixa vinculació amb Inibsa. Cal investigar.,,
9841,A Coruña,Anestesia,perdut,1.0,4546.72,8646.75,0.0,150,2025-12-01,perdut,baixa,televenda,76.7,73,108.23,Client sense comprar des de fa 150 dies. Historial previ de 1760 dies. Possible pèrdua de compte. Requereix trucada de reactivació.,,
42980,Albacete,Anestesia,promiscu,0.473,3410.04,1612.04,1798.0,26,2025-12-01,finestra_captura,mitjana,delegat,165.5,0,107.88,Client PROMISCU d'Anestesia en FINESTRA DE CAPTURA. Cicle: 166 dies. Share: 47%. Gap: 1798€/any. Moment òptim per contactar.,0.0,2026-04-19
1000078850,Girona,Bioseguridad,marginal,0.192,6669.36,1282.5,5386.86,11,2025-12-01,oportunitat_captura,baixa,televenda,172.3,0,107.74,Client MARGINAL d'Bioseguridad. Share: 19%. Gap: 5387€/any. Baixa vinculació. Cal investigar.,0.0,2026-05-11
34537,Sta.Cruz Tenerife,Anestesia,perdut,0.374,3410.04,1273.75,2136.29,1349,2025-12-01,perdut,baixa,televenda,171.0,1178,106.81,Client sense comprar des de fa 1349 dies. Historial previ de 1691 dies. Possible pèrdua de compte. Requereix trucada de reactivació.,,
42183,Vizcaya,Anestesia,perdut,0.383,3410.04,1306.14,2103.9,1301,2025-12-01,perdut,baixa,televenda,55.0,1246,105.2,Client sense comprar des de fa 1301 dies. Historial previ de 1411 dies. Possible pèrdua de compte. Requereix trucada de reactivació.,,
33980,Barcelona,Anestesia,perdut,0.056,2223.12,125.35,2097.77,1550,2025-12-01,perdut,baixa,televenda,56.5,1493,104.89,Client sense comprar des de fa 1550 dies. Historial previ de 1776 dies. Possible pèrdua de compte. Requereix trucada de reactivació.,,
42828,Cádiz,Anestesia,promiscu,0.62,4546.72,2818.36,1728.36,26,2025-12-01,finestra_captura,mitjana,delegat,116.2,0,103.7,Client PROMISCU d'Anestesia en FINESTRA DE CAPTURA. Cicle: 116 dies. Share: 62%. Gap: 1728€/any. Moment òptim per contactar.,0.0,2026-03-01
1000074089,Las Palmas,Anestesia,promiscu,0.226,2223.12,501.33,1721.79,62,2025-12-01,finestra_captura,mitjana,delegat,383.0,0,103.31,Client PROMISCU d'Anestesia en FINESTRA DE CAPTURA. Cicle: 383 dies. Share: 23%. Gap: 1722€/any. Moment òptim per contactar.,0.0,2026-10-18
42978,Granada,Anestesia,promiscu,0.498,3410.04,1697.7,1712.34,25,2025-12-01,finestra_captura,mitjana,delegat,168.5,0,102.74,Client PROMISCU d'Anestesia en FINESTRA DE CAPTURA. Cicle: 168 dies. Share: 50%. Gap: 1712€/any. Moment òptim per contactar.,0.0,2026-04-23
1000080560,Alicante,Anestesia,perdut,0.077,2223.12,171.0,2052.12,1215,2025-12-01,perdut,baixa,televenda,476.0,739,102.61,Client sense comprar des de fa 1215 dies. Historial previ de 1691 dies. Possible pèrdua de compte. Requereix trucada de reactivació.,,
1000100625,Córdoba,Anestesia,promiscu,0.501,3410.04,1706.75,1703.29,5,2025-12-01,finestra_captura,mitjana,delegat,221.7,0,102.2,Client PROMISCU d'Anestesia en FINESTRA DE CAPTURA. Cicle: 222 dies. Share: 50%. Gap: 1703€/any. Moment òptim per contactar.,0.0,2026-07-05
1000078247,A Coruña,Anestesia,promiscu,0.626,4546.72,2845.47,1701.25,-17,2025-12-01,finestra_captura,mitjana,delegat,424.2,0,102.08,Client PROMISCU d'Anestesia en FINESTRA DE CAPTURA. Cicle: 424 dies. Share: 63%. Gap: 1701€/any. Moment òptim per contactar.,0.0,2027-02-15
1000082026,Alicante,Anestesia,promiscu,0.502,3410.04,1712.65,1697.39,3,2025-12-01,finestra_captura,mitjana,delegat,129.5,0,101.84,Client PROMISCU d'Anestesia en FINESTRA DE CAPTURA. Cicle: 130 dies. Share: 50%. Gap: 1697€/any. Moment òptim per contactar.,0.0,2026-04-06
1000101998,Madrid,Anestesia,promiscu,0.506,3410.04,1724.8,1685.24,-1,2025-12-01,finestra_captura,mitjana,delegat,86.5,0,101.11,Client PROMISCU d'Anestesia en FINESTRA DE CAPTURA. Cicle: 86 dies. Share: 51%. Gap: 1685€/any. Moment òptim per contactar.,0.0,2026-02-26
22729,Barcelona,Bioseguridad,marginal,0.075,1086.44,81.01,1005.43,178,2025-12-01,oportunitat_captura,baixa,televenda,,0,100.54,Client MARGINAL (7% share). Gap de captura: 1005€/any. Baixa vinculació amb Inibsa. Cal investigar.,,
43041,Sta.Cruz Tenerife,Anestesia,perdut,0.411,3410.04,1402.92,2007.12,133,2025-12-01,perdut,baixa,televenda,38.3,94,100.36,Client sense comprar des de fa 133 dies. Historial previ de 248 dies. Possible pèrdua de compte. Requereix trucada de reactivació.,,
26043,Madrid,Anestesia,perdut,0.415,3410.04,1416.51,1993.53,874,2025-12-01,perdut,baixa,televenda,292.5,581,99.68,Client sense comprar des de fa 874 dies. Historial previ de 1459 dies. Possible pèrdua de compte. Requereix trucada de reactivació.,,
1000100449,Valencia,Anestesia,promiscu,0.513,3410.04,1749.04,1661.0,-1,2025-12-01,finestra_captura,mitjana,delegat,263.0,0,99.66,Client PROMISCU d'Anestesia en FINESTRA DE CAPTURA. Cicle: 263 dies. Share: 51%. Gap: 1661€/any. Moment òptim per contactar.,0.0,2026-08-22
1000073476,Madrid,Bioseguridad,promiscu,0.502,3334.68,1674.59,1660.09,-11,2025-12-01,finestra_captura,mitjana,delegat,661.5,0,99.61,Client PROMISCU d'Bioseguridad en FINESTRA DE CAPTURA. Cicle: 662 dies. Share: 50%. Gap: 1660€/any. Moment òptim per contactar.,0.0,2027-10-04
1000068077,Barcelona,Anestesia,promiscu,0.515,3410.04,1754.5,1655.54,59,2025-12-01,finestra_captura,mitjana,delegat,228.5,0,99.33,Client PROMISCU d'Anestesia en FINESTRA DE CAPTURA. Cicle: 228 dies. Share: 51%. Gap: 1656€/any. Moment òptim per contactar.,0.0,2026-05-19
42756,Málaga,Anestesia,promiscu,0.517,3410.04,1763.36,1646.68,26,2025-12-01,finestra_captura,mitjana,delegat,152.5,0,98.8,Client PROMISCU d'Anestesia en FINESTRA DE CAPTURA. Cicle: 152 dies. Share: 52%. Gap: 1647€/any. Moment òptim per contactar.,0.0,2026-04-06
36597,Alicante,Anestesia,promiscu,0.52,3410.04,1771.71,1638.33,42,2025-12-01,finestra_captura,mitjana,delegat,106.5,0,98.3,Client PROMISCU d'Anestesia en FINESTRA DE CAPTURA. Cicle: 106 dies. Share: 52%. Gap: 1638€/any. Moment òptim per contactar.,0.0,2026-02-03
1000077065,Sta.Cruz Tenerife,Anestesia,perdut,0.116,2223.12,258.17,1964.95,1312,2025-12-01,perdut,baixa,televenda,4.0,1308,98.25,Client sense comprar des de fa 1312 dies. Historial previ de 1316 dies. Possible pèrdua de compte. Requereix trucada de reactivació.,,
42700,Sevilla,Anestesia,promiscu,0.522,3410.04,1778.34,1631.7,59,2025-12-01,finestra_captura,mitjana,delegat,166.5,0,97.9,Client PROMISCU d'Anestesia en FINESTRA DE CAPTURA. Cicle: 166 dies. Share: 52%. Gap: 1632€/any. Moment òptim per contactar.,0.0,2026-03-18
42709,Madrid,Anestesia,promiscu,0.522,3410.04,1778.42,1631.62,89,2025-12-01,finestra_captura,mitjana,delegat,312.0,0,97.9,Client PROMISCU d'Anestesia en FINESTRA DE CAPTURA. Cicle: 312 dies. Share: 52%. Gap: 1632€/any. Moment òptim per contactar.,0.0,2026-07-12
1000082727,Málaga,Anestesia,perdut,0.427,3410.04,1456.49,1953.55,626,2025-12-01,perdut,baixa,televenda,284.0,342,97.68,Client sense comprar des de fa 626 dies. Historial previ de 910 dies. Possible pèrdua de compte. Requereix trucada de reactivació.,,
42645,Madrid,Bioseguridad,promiscu,0.27,2223.12,601.16,1621.96,88,2025-12-01,finestra_captura,mitjana,delegat,468.0,0,97.32,Client PROMISCU d'Bioseguridad en FINESTRA DE CAPTURA. Cicle: 468 dies. Share: 27%. Gap: 1622€/any. Moment òptim per contactar.,0.0,2026-12-16
1000101094,Cádiz,Anestesia,perdut,0.437,3410.04,1490.74,1919.3,293,2025-12-01,perdut,baixa,televenda,125.5,167,95.97,Client sense comprar des de fa 293 dies. Historial previ de 544 dies. Possible pèrdua de compte. Requereix trucada de reactivació.,,
42819,Valladolid,Anestesia,marginal,0.156,5683.4,886.83,4796.57,14,2025-12-01,oportunitat_captura,baixa,televenda,164.0,0,95.93,Client MARGINAL d'Anestesia. Share: 16%. Gap: 4797€/any. Baixa vinculació. Cal investigar.,0.0,2026-04-30
1000077444,Valencia,Anestesia,perdut,0.941,4546.72,4276.71,270.01,516,2025-12-01,perdut,baixa,televenda,280.0,236,95.81,Client sense comprar des de fa 516 dies. Historial previ de 1636 dies. Possible pèrdua de compte. Requereix trucada de reactivació.,,
1000082742,Sta.Cruz Tenerife,Bioseguridad,perdut,0.428,3334.68,1426.12,1908.56,322,2025-12-01,perdut,baixa,televenda,118.0,204,95.43,Client sense comprar des de fa 322 dies. Historial previ de 440 dies. Possible pèrdua de compte. Requereix trucada de reactivació.,,
6642,Alicante,Bioseguridad,perdut,0.145,2223.12,321.57,1901.55,735,2025-12-01,perdut,baixa,televenda,32.0,703,95.08,Client sense comprar des de fa 735 dies. Historial previ de 767 dies. Possible pèrdua de compte. Requereix trucada de reactivació.,,
1000082230,León,Bioseguridad,marginal,0.128,1086.44,139.13,947.31,175,2025-12-01,oportunitat_captura,baixa,televenda,,0,94.73,Client MARGINAL (13% share). Gap de captura: 947€/any. Baixa vinculació amb Inibsa. Cal investigar.,,
27145,Madrid,Anestesia,perdut,0.445,3410.04,1516.81,1893.23,1020,2025-12-01,perdut,baixa,televenda,242.7,777,94.66,Client sense comprar des de fa 1020 dies. Historial previ de 1748 dies. Possible pèrdua de compte. Requereix trucada de reactivació.,,
42819,Valladolid,Bioseguridad,promiscu,0.434,2778.9,1206.64,1572.26,38,2025-12-01,finestra_captura,mitjana,delegat,70.0,0,94.34,Client PROMISCU d'Bioseguridad en FINESTRA DE CAPTURA. Cicle: 70 dies. Share: 43%. Gap: 1572€/any. Moment òptim per contactar.,0.0,2026-01-02
1000100273,Valencia,Bioseguridad,promiscu,0.294,2223.12,653.62,1569.5,0,2025-12-01,finestra_captura,mitjana,delegat,349.0,0,94.17,Client PROMISCU d'Bioseguridad en FINESTRA DE CAPTURA. Cicle: 349 dies. Share: 29%. Gap: 1570€/any. Moment òptim per contactar.,0.0,2026-11-15
42737,Jaén,Anestesia,promiscu,0.544,3410.04,1856.46,1553.58,27,2025-12-01,finestra_captura,mitjana,delegat,202.7,0,93.21,Client PROMISCU d'Anestesia en FINESTRA DE CAPTURA. Cicle: 203 dies. Share: 54%. Gap: 1554€/any. Moment òptim per contactar.,0.0,2026-05-25
35226,Madrid,Anestesia,promiscu,0.545,3410.04,1859.99,1550.05,-21,2025-12-01,finestra_captura,mitjana,delegat,77.6,0,93.0,Client PROMISCU d'Anestesia en FINESTRA DE CAPTURA. Cicle: 78 dies. Share: 55%. Gap: 1550€/any. Moment òptim per contactar.,0.0,2026-03-09
1000072539,Barcelona,Bioseguridad,marginal,0.146,1086.44,159.01,927.43,172,2025-12-01,oportunitat_captura,baixa,televenda,,0,92.74,Client MARGINAL (15% share). Gap de captura: 927€/any. Baixa vinculació amb Inibsa. Cal investigar.,,
42745,Sevilla,Anestesia,promiscu,0.547,3410.04,1866.48,1543.56,90,2025-12-01,finestra_captura,mitjana,delegat,289.0,0,92.61,Client PROMISCU d'Anestesia en FINESTRA DE CAPTURA. Cicle: 289 dies. Share: 55%. Gap: 1544€/any. Moment òptim per contactar.,0.0,2026-06-18
1000101221,Málaga,Anestesia,promiscu,0.309,2223.12,687.47,1535.65,4,2025-12-01,finestra_captura,mitjana,delegat,98.0,0,92.14,Client PROMISCU d'Anestesia en FINESTRA DE CAPTURA. Cicle: 98 dies. Share: 31%. Gap: 1536€/any. Moment òptim per contactar.,0.0,2026-03-05
10052,Sta.Cruz Tenerife,Anestesia,perdut,1.0,4546.72,11743.84,0.0,130,2025-12-01,perdut,baixa,televenda,71.8,58,91.84,Client sense comprar des de fa 130 dies. Historial previ de 1781 dies. Possible pèrdua de compte. Requereix trucada de reactivació.,,
1000078435,,Anestesia,perdut,0.463,3410.04,1579.51,1830.53,815,2025-12-01,perdut,baixa,televenda,147.3,667,91.53,Client sense comprar des de fa 815 dies. Historial previ de 1257 dies. Possible pèrdua de compte. Requereix trucada de reactivació.,,
2370,Sta.Cruz Tenerife,Anestesia,perdut,0.463,3410.04,1580.02,1830.02,1048,2025-12-01,perdut,baixa,televenda,302.0,746,91.5,Client sense comprar des de fa 1048 dies. Historial previ de 1350 dies. Possible pèrdua de compte. Requereix trucada de reactivació.,,
27701,Barcelona,Anestesia,perdut,1.0,4546.72,8958.18,0.0,201,2025-12-01,perdut,baixa,televenda,111.8,89,90.45,Client sense comprar des de fa 201 dies. Historial previ de 1655 dies. Possible pèrdua de compte. Requereix trucada de reactivació.,,
18799,Las Palmas,Anestesia,perdut,0.192,2223.12,427.5,1795.62,1113,2025-12-01,perdut,baixa,televenda,330.5,782,89.78,Client sense comprar des de fa 1113 dies. Historial previ de 1774 dies. Possible pèrdua de compte. Requereix trucada de reactivació.,,
1000100163,Zaragoza,Anestesia,promiscu,0.33,2223.12,732.86,1490.26,54,2025-12-01,finestra_captura,mitjana,delegat,84.3,0,89.42,Client PROMISCU d'Anestesia en FINESTRA DE CAPTURA. Cicle: 84 dies. Share: 33%. Gap: 1490€/any. Moment òptim per contactar.,0.0,2025-12-31
1000101985,Granada,Anestesia,promiscu,0.564,3410.04,1923.94,1486.1,-1,2025-12-01,finestra_captura,mitjana,delegat,77.0,0,89.17,Client PROMISCU d'Anestesia en FINESTRA DE CAPTURA. Cicle: 77 dies. Share: 56%. Gap: 1486€/any. Moment òptim per contactar.,0.0,2026-02-17
1000101545,Madrid,Anestesia,promiscu,0.673,4546.72,3061.79,1484.93,24,2025-12-01,finestra_captura,mitjana,delegat,133.0,0,89.1,Client PROMISCU d'Anestesia en FINESTRA DE CAPTURA. Cicle: 133 dies. Share: 67%. Gap: 1485€/any. Moment òptim per contactar.,0.0,2026-03-20
1000100401,Guadalajara,Anestesia,promiscu,0.565,3410.04,1927.55,1482.49,-17,2025-12-01,finestra_captura,mitjana,delegat,91.2,0,88.95,Client PROMISCU d'Anestesia en FINESTRA DE CAPTURA. Cicle: 91 dies. Share: 57%. Gap: 1482€/any. Moment òptim per contactar.,0.0,2026-03-19
41948,Badajoz,Anestesia,perdut,0.48,3410.04,1636.61,1773.43,1131,2025-12-01,perdut,baixa,televenda,60.4,1070,88.67,Client sense comprar des de fa 1131 dies. Historial previ de 1735 dies. Possible pèrdua de compte. Requereix trucada de reactivació.,,
36263,Madrid,Bioseguridad,marginal,0.186,1086.44,202.53,883.91,172,2025-12-01,oportunitat_captura,baixa,televenda,,0,88.39,Client MARGINAL (19% share). Gap de captura: 884€/any. Baixa vinculació amb Inibsa. Cal investigar.,,
1000100286,Málaga,Bioseguridad,marginal,0.186,1086.44,202.53,883.91,126,2025-12-01,oportunitat_captura,baixa,televenda,,0,88.39,Client MARGINAL (19% share). Gap de captura: 884€/any. Baixa vinculació amb Inibsa. Cal investigar.,,
1000078498,Melilla,Bioseguridad,marginal,0.186,1086.44,202.53,883.91,165,2025-12-01,oportunitat_captura,baixa,televenda,,0,88.39,Client MARGINAL (19% share). Gap de captura: 884€/any. Baixa vinculació amb Inibsa. Cal investigar.,,
31367,Barcelona,Bioseguridad,marginal,0.186,1086.44,202.53,883.91,179,2025-12-01,oportunitat_captura,baixa,televenda,,0,88.39,Client MARGINAL (19% share). Gap de captura: 884€/any. Baixa vinculació amb Inibsa. Cal investigar.,,
1000077094,Valencia,Anestesia,perdut,0.485,3410.04,1653.39,1756.65,1350,2025-12-01,perdut,baixa,televenda,219.0,1131,87.83,Client sense comprar des de fa 1350 dies. Historial previ de 1788 dies. Possible pèrdua de compte. Requereix trucada de reactivació.,,
9841,A Coruña,Bioseguridad,perdut,0.211,2223.12,467.99,1755.13,1663,2025-12-01,perdut,baixa,televenda,58.0,1605,87.76,Client sense comprar des de fa 1663 dies. Historial previ de 1721 dies. Possible pèrdua de compte. Requereix trucada de reactivació.,,
42865,León,Bioseguridad,perdut,0.212,4446.24,943.66,3502.58,370,2025-12-01,perdut,baixa,televenda,,370,87.56,Client sense comprar des de fa 370 dies. Historial previ de 370 dies. Possible pèrdua de compte. Requereix trucada de reactivació.,,
1000079156,Valencia,Anestesia,perdut,0.491,3410.04,1674.64,1735.4,1180,2025-12-01,perdut,baixa,televenda,580.0,600,86.77,Client sense comprar des de fa 1180 dies. Historial previ de 1760 dies. Possible pèrdua de compte. Requereix trucada de reactivació.,,
29402,A Coruña,Anestesia,perdut,0.497,3410.04,1694.72,1715.32,1467,2025-12-01,perdut,baixa,televenda,217.0,1250,85.77,Client sense comprar des de fa 1467 dies. Historial previ de 1684 dies. Possible pèrdua de compte. Requereix trucada de reactivació.,,
1000100564,Madrid,Anestesia,perdut,0.847,4546.72,3851.04,695.68,263,2025-12-01,perdut,baixa,televenda,150.0,113,85.63,Client sense comprar des de fa 263 dies. Historial previ de 713 dies. Possible pèrdua de compte. Requereix trucada de reactivació.,,
41062,Sevilla,Bioseguridad,perdut,0.232,2223.12,514.83,1708.29,1615,2025-12-01,perdut,baixa,televenda,53.5,1561,85.41,Client sense comprar des de fa 1615 dies. Historial previ de 1722 dies. Possible pèrdua de compte. Requereix trucada de reactivació.,,
23458,Vizcaya,Anestesia,perdut,1.0,3410.04,4243.71,0.0,1139,2025-12-01,perdut,baixa,televenda,412.0,727,85.25,Client sense comprar des de fa 1139 dies. Historial previ de 1551 dies. Possible pèrdua de compte. Requereix trucada de reactivació.,,
32405,A Coruña,Anestesia,perdut,1.0,3410.04,4425.86,0.0,412,2025-12-01,perdut,baixa,televenda,161.6,250,85.25,Client sense comprar des de fa 412 dies. Historial previ de 1705 dies. Possible pèrdua de compte. Requereix trucada de reactivació.,,
40433,Gipúzkoa,Anestesia,perdut,1.0,3410.04,13686.77,0.0,871,2025-12-01,perdut,baixa,televenda,82.9,788,85.25,Client sense comprar des de fa 871 dies. Historial previ de 1783 dies. Possible pèrdua de compte. Requereix trucada de reactivació.,,
36500,A Coruña,Anestesia,perdut,0.885,3410.04,3019.23,390.81,550,2025-12-01,perdut,baixa,televenda,229.8,320,85.25,Client sense comprar des de fa 550 dies. Historial previ de 1699 dies. Possible pèrdua de compte. Requereix trucada de reactivació.,,
33575,Las Palmas,Anestesia,perdut,1.0,3410.04,3641.93,0.0,221,2025-12-01,perdut,baixa,televenda,73.4,147,85.25,Client sense comprar des de fa 221 dies. Historial previ de 1762 dies. Possible pèrdua de compte. Requereix trucada de reactivació.,,
8160,Sevilla,Anestesia,perdut,0.564,3410.04,1924.47,1485.57,1509,2025-12-01,perdut,baixa,televenda,79.0,1430,85.25,Client sense comprar des de fa 1509 dies. Historial previ de 1746 dies. Possible pèrdua de compte. Requereix trucada de reactivació.,,
18655,A Coruña,Anestesia,perdut,1.0,3410.04,3526.68,0.0,390,2025-12-01,perdut,baixa,televenda,192.3,197,85.25,Client sense comprar des de fa 390 dies. Historial previ de 1544 dies. Possible pèrdua de compte. Requereix trucada de reactivació.,,
36264,Sevilla,Anestesia,perdut,1.0,3410.04,4714.33,0.0,206,2025-12-01,perdut,baixa,televenda,93.8,112,85.25,Client sense comprar des de fa 206 dies. Historial previ de 1707 dies. Possible pèrdua de compte. Requereix trucada de reactivació.,,
31978,Navarra,Anestesia,perdut,1.0,3410.04,4960.2,0.0,1195,2025-12-01,perdut,baixa,televenda,191.3,1003,85.25,Client sense comprar des de fa 1195 dies. Historial previ de 1769 dies. Possible pèrdua de compte. Requereix trucada de reactivació.,,
40372,Tarragona,Anestesia,perdut,1.0,3410.04,5438.48,0.0,542,2025-12-01,perdut,baixa,televenda,150.0,392,85.25,Client sense comprar des de fa 542 dies. Historial previ de 1442 dies. Possible pèrdua de compte. Requereix trucada de reactivació.,,
31342,Madrid,Anestesia,perdut,0.646,3410.04,2201.92,1208.12,1095,2025-12-01,perdut,baixa,televenda,179.7,915,85.25,Client sense comprar des de fa 1095 dies. Historial previ de 1634 dies. Possible pèrdua de compte. Requereix trucada de reactivació.,,
35572,Tarragona,Anestesia,perdut,1.0,3410.04,9495.66,0.0,717,2025-12-01,perdut,baixa,televenda,70.0,647,85.25,Client sense comprar des de fa 717 dies. Historial previ de 1767 dies. Possible pèrdua de compte. Requereix trucada de reactivació.,,
23656,Valencia,Anestesia,perdut,0.832,3410.04,2836.99,573.05,1027,2025-12-01,perdut,baixa,televenda,187.2,839,85.25,Client sense comprar des de fa 1027 dies. Historial previ de 1776 dies. Possible pèrdua de compte. Requereix trucada de reactivació.,,
24474,Tarragona,Anestesia,perdut,1.0,3410.04,8599.7,0.0,487,2025-12-01,perdut,baixa,televenda,127.3,359,85.25,Client sense comprar des de fa 487 dies. Historial previ de 1760 dies. Possible pèrdua de compte. Requereix trucada de reactivació.,,
27626,Pontevedra,Anestesia,perdut,0.784,3410.04,2671.98,738.06,705,2025-12-01,perdut,baixa,televenda,49.3,655,85.25,Client sense comprar des de fa 705 dies. Historial previ de 1741 dies. Possible pèrdua de compte. Requereix trucada de reactivació.,,
35139,Vizcaya,Anestesia,perdut,1.0,3410.04,5495.73,0.0,774,2025-12-01,perdut,baixa,televenda,247.7,526,85.25,Client sense comprar des de fa 774 dies. Historial previ de 1517 dies. Possible pèrdua de compte. Requereix trucada de reactivació.,,
27243,Lugo,Anestesia,perdut,1.0,3410.04,6434.42,0.0,770,2025-12-01,perdut,baixa,televenda,86.8,683,85.25,Client sense comprar des de fa 770 dies. Historial previ de 1725 dies. Possible pèrdua de compte. Requereix trucada de reactivació.,,
26633,Barcelona,Anestesia,perdut,0.598,3410.04,2040.46,1369.58,740,2025-12-01,perdut,baixa,televenda,171.5,568,85.25,Client sense comprar des de fa 740 dies. Historial previ de 1769 dies. Possible pèrdua de compte. Requereix trucada de reactivació.,,
34608,Granada,Anestesia,perdut,1.0,3410.04,5845.11,0.0,795,2025-12-01,perdut,baixa,televenda,277.3,517,85.25,Client sense comprar des de fa 795 dies. Historial previ de 1627 dies. Possible pèrdua de compte. Requereix trucada de reactivació.,,
26552,Lugo,Anestesia,perdut,1.0,3410.04,4292.66,0.0,861,2025-12-01,perdut,baixa,televenda,239.5,621,85.25,Client sense comprar des de fa 861 dies. Historial previ de 1340 dies. Possible pèrdua de compte. Requereix trucada de reactivació.,,
35558,Málaga,Anestesia,perdut,1.0,3410.04,4662.94,0.0,634,2025-12-01,perdut,baixa,televenda,280.2,353,85.25,Client sense comprar des de fa 634 dies. Historial previ de 1755 dies. Possible pèrdua de compte. Requereix trucada de reactivació.,,
28536,Barcelona,Anestesia,perdut,1.0,3410.04,5304.71,0.0,768,2025-12-01,perdut,baixa,televenda,165.7,602,85.25,Client sense comprar des de fa 768 dies. Historial previ de 1762 dies. Possible pèrdua de compte. Requereix trucada de reactivació.,,
28660,Barcelona,Anestesia,perdut,1.0,3410.04,6420.33,0.0,1008,2025-12-01,perdut,baixa,televenda,104.7,903,85.25,Client sense comprar des de fa 1008 dies. Historial previ de 1741 dies. Possible pèrdua de compte. Requereix trucada de reactivació.,,
36153,A Coruña,Anestesia,perdut,1.0,3410.04,6473.72,0.0,675,2025-12-01,perdut,baixa,televenda,146.0,529,85.25,Client sense comprar des de fa 675 dies. Historial previ de 1697 dies. Possible pèrdua de compte. Requereix trucada de reactivació.,,
35049,Vizcaya,Anestesia,perdut,1.0,3410.04,6038.32,0.0,766,2025-12-01,perdut,baixa,televenda,168.6,597,85.25,Client sense comprar des de fa 766 dies. Historial previ de 1609 dies. Possible pèrdua de compte. Requereix trucada de reactivació.,,
8049,Zaragoza,Anestesia,perdut,0.544,3410.04,1854.67,1555.37,1488,2025-12-01,perdut,baixa,televenda,55.0,1433,85.25,Client sense comprar des de fa 1488 dies. Historial previ de 1708 dies. Possible pèrdua de compte. Requereix trucada de reactivació.,,
30200,Madrid,Anestesia,perdut,1.0,3410.04,6340.76,0.0,313,2025-12-01,perdut,baixa,televenda,91.5,221,85.25,Client sense comprar des de fa 313 dies. Historial previ de 1686 dies. Possible pèrdua de compte. Requereix trucada de reactivació.,,
37961,Cádiz,Anestesia,perdut,1.0,3410.04,6091.63,0.0,678,2025-12-01,perdut,baixa,televenda,110.5,567,85.25,Client sense comprar des de fa 678 dies. Historial previ de 1783 dies. Possible pèrdua de compte. Requereix trucada de reactivació.,,
37972,Valencia,Anestesia,perdut,1.0,3410.04,20514.92,0.0,301,2025-12-01,perdut,baixa,televenda,102.7,198,85.25,Client sense comprar des de fa 301 dies. Historial previ de 1739 dies. Possible pèrdua de compte. Requereix trucada de reactivació.,,
27678,Granada,Anestesia,perdut,1.0,3410.04,9133.57,0.0,871,2025-12-01,perdut,baixa,televenda,91.8,779,85.25,Client sense comprar des de fa 871 dies. Historial previ de 1697 dies. Possible pèrdua de compte. Requereix trucada de reactivació.,,
37516,,Anestesia,perdut,1.0,3410.04,4120.02,0.0,1448,2025-12-01,perdut,baixa,televenda,66.0,1382,85.25,Client sense comprar des de fa 1448 dies. Historial previ de 1712 dies. Possible pèrdua de compte. Requereix trucada de reactivació.,,
38492,Valencia,Anestesia,perdut,1.0,3410.04,8707.47,0.0,301,2025-12-01,perdut,baixa,televenda,138.4,162,85.25,Client sense comprar des de fa 301 dies. Historial previ de 1685 dies. Possible pèrdua de compte. Requereix trucada de reactivació.,,
36713,Madrid,Anestesia,perdut,1.0,3410.04,6379.31,0.0,964,2025-12-01,perdut,baixa,televenda,84.7,879,85.25,Client sense comprar des de fa 964 dies. Historial previ de 1726 dies. Possible pèrdua de compte. Requereix trucada de reactivació.,,
34726,Asturias,Anestesia,perdut,1.0,3410.04,4762.86,0.0,144,2025-12-01,perdut,baixa,televenda,63.1,80,85.25,Client sense comprar des de fa 144 dies. Historial previ de 586 dies. Possible pèrdua de compte. Requereix trucada de reactivació.,,
1000061074,Almería,Anestesia,perdut,0.95,3410.04,3240.55,169.49,1300,2025-12-01,perdut,baixa,televenda,242.0,1058,85.25,Client sense comprar des de fa 1300 dies. Historial previ de 1784 dies. Possible pèrdua de compte. Requereix trucada de reactivació.,,
1000101095,Madrid,Anestesia,perdut,1.0,3410.04,13295.97,0.0,221,2025-12-01,perdut,baixa,televenda,37.3,183,85.25,Client sense comprar des de fa 221 dies. Historial previ de 557 dies. Possible pèrdua de compte. Requereix trucada de reactivació.,,
1000101237,Madrid,Anestesia,perdut,1.0,3410.04,5151.85,0.0,168,2025-12-01,perdut,baixa,televenda,67.3,100,85.25,Client sense comprar des de fa 168 dies. Historial previ de 370 dies. Possible pèrdua de compte. Requereix trucada de reactivació.,,
1000078797,Alicante,Anestesia,perdut,1.0,3410.04,4136.15,0.0,942,2025-12-01,perdut,baixa,televenda,38.2,903,85.25,Client sense comprar des de fa 942 dies. Historial previ de 1783 dies. Possible pèrdua de compte. Requereix trucada de reactivació.,,
1000078586,Barcelona,Anestesia,perdut,0.683,3410.04,2330.25,1079.79,1445,2025-12-01,perdut,baixa,televenda,76.0,1369,85.25,Client sense comprar des de fa 1445 dies. Historial previ de 1749 dies. Possible pèrdua de compte. Requereix trucada de reactivació.,,
1000076824,Sevilla,Anestesia,perdut,1.0,3410.04,10784.95,0.0,361,2025-12-01,perdut,baixa,televenda,167.0,194,85.25,Client sense comprar des de fa 361 dies. Historial previ de 1697 dies. Possible pèrdua de compte. Requereix trucada de reactivació.,,
1000076636,Lugo,Anestesia,perdut,0.859,3410.04,2928.21,481.83,817,2025-12-01,perdut,baixa,televenda,208.5,608,85.25,Client sense comprar des de fa 817 dies. Historial previ de 1651 dies. Possible pèrdua de compte. Requereix trucada de reactivació.,,
1000100963,Valencia,Anestesia,perdut,0.54,3410.04,1840.89,1569.15,202,2025-12-01,perdut,baixa,televenda,78.7,123,85.25,Client sense comprar des de fa 202 dies. Historial previ de 438 dies. Possible pèrdua de compte. Requereix trucada de reactivació.,,
1000076258,Málaga,Anestesia,perdut,1.0,3410.04,10491.42,0.0,956,2025-12-01,perdut,baixa,televenda,84.8,871,85.25,Client sense comprar des de fa 956 dies. Historial previ de 1719 dies. Possible pèrdua de compte. Requereix trucada de reactivació.,,
1000071615,A Coruña,Anestesia,perdut,1.0,3410.04,7696.56,0.0,397,2025-12-01,perdut,baixa,televenda,107.8,289,85.25,Client sense comprar des de fa 397 dies. Historial previ de 1690 dies. Possible pèrdua de compte. Requereix trucada de reactivació.,,
1000064563,Madrid,Anestesia,perdut,1.0,3410.04,4465.35,0.0,1307,2025-12-01,perdut,baixa,televenda,118.8,1188,85.25,Client sense comprar des de fa 1307 dies. Historial previ de 1782 dies. Possible pèrdua de compte. Requereix trucada de reactivació.,,
1000082115,Valencia,Anestesia,perdut,1.0,3410.04,3696.85,0.0,937,2025-12-01,perdut,baixa,televenda,121.0,816,85.25,Client sense comprar des de fa 937 dies. Historial previ de 1663 dies. Possible pèrdua de compte. Requereix trucada de reactivació.,,
1000070593,Barcelona,Anestesia,perdut,1.0,3410.04,9804.91,0.0,405,2025-12-01,perdut,baixa,televenda,88.0,317,85.25,Client sense comprar des de fa 405 dies. Historial previ de 1725 dies. Possible pèrdua de compte. Requereix trucada de reactivació.,,
1000069483,Madrid,Anestesia,perdut,0.743,3410.04,2532.11,877.93,621,2025-12-01,perdut,baixa,televenda,139.9,481,85.25,Client sense comprar des de fa 621 dies. Historial previ de 1740 dies. Possible pèrdua de compte. Requereix trucada de reactivació.,,
1000067733,Madrid,Anestesia,perdut,1.0,3410.04,4535.61,0.0,147,2025-12-01,perdut,baixa,televenda,70.8,76,85.25,Client sense comprar des de fa 147 dies. Historial previ de 430 dies. Possible pèrdua de compte. Requereix trucada de reactivació.,,
1000067277,Huelva,Anestesia,perdut,0.782,3410.04,2665.54,744.5,1531,2025-12-01,perdut,baixa,televenda,108.5,1422,85.25,Client sense comprar des de fa 1531 dies. Historial previ de 1748 dies. Possible pèrdua de compte. Requereix trucada de reactivació.,,
1000065512,Barcelona,Anestesia,perdut,0.662,3410.04,2256.0,1154.04,871,2025-12-01,perdut,baixa,televenda,129.8,741,85.25,Client sense comprar des de fa 871 dies. Historial previ de 1650 dies. Possible pèrdua de compte. Requereix trucada de reactivació.,,
1000079027,Madrid,Anestesia,perdut,1.0,3410.04,13024.74,0.0,182,2025-12-01,perdut,baixa,televenda,82.4,99,85.25,Client sense comprar des de fa 182 dies. Historial previ de 1748 dies. Possible pèrdua de compte. Requereix trucada de reactivació.,,
1000079096,Madrid,Anestesia,perdut,1.0,3410.04,4781.79,0.0,824,2025-12-01,perdut,baixa,televenda,182.2,641,85.25,Client sense comprar des de fa 824 dies. Historial previ de 1735 dies. Possible pèrdua de compte. Requereix trucada de reactivació.,,
1000080024,Sta.Cruz Tenerife,Anestesia,perdut,1.0,3410.04,4079.92,0.0,391,2025-12-01,perdut,baixa,televenda,145.3,245,85.25,Client sense comprar des de fa 391 dies. Historial previ de 1699 dies. Possible pèrdua de compte. Requereix trucada de reactivació.,,
1000081973,Málaga,Anestesia,perdut,0.794,3410.04,2709.25,700.79,865,2025-12-01,perdut,baixa,televenda,399.5,465,85.25,Client sense comprar des de fa 865 dies. Historial previ de 1664 dies. Possible pèrdua de compte. Requereix trucada de reactivació.,,
1000081873,Sta.Cruz Tenerife,Anestesia,perdut,1.0,3410.04,4910.3,0.0,727,2025-12-01,perdut,baixa,televenda,152.3,574,85.25,Client sense comprar des de fa 727 dies. Historial previ de 1641 dies. Possible pèrdua de compte. Requereix trucada de reactivació.,,
1000081855,Navarra,Anestesia,perdut,0.77,3410.04,2627.06,782.98,803,2025-12-01,perdut,baixa,televenda,187.2,615,85.25,Client sense comprar des de fa 803 dies. Historial previ de 1739 dies. Possible pèrdua de compte. Requereix trucada de reactivació.,,
1000080397,Sta.Cruz Tenerife,Anestesia,perdut,0.697,3410.04,2377.54,1032.5,1398,2025-12-01,perdut,baixa,televenda,116.0,1282,85.25,Client sense comprar des de fa 1398 dies. Historial previ de 1746 dies. Possible pèrdua de compte. Requereix trucada de reactivació.,,
1000080681,Sevilla,Anestesia,perdut,1.0,3410.04,5757.41,0.0,398,2025-12-01,perdut,baixa,televenda,146.2,251,85.25,Client sense comprar des de fa 398 dies. Historial previ de 1714 dies. Possible pèrdua de compte. Requereix trucada de reactivació.,,
1000081830,Lleida,Anestesia,perdut,1.0,3410.04,5183.1,0.0,468,2025-12-01,perdut,baixa,televenda,230.7,237,85.25,Client sense comprar des de fa 468 dies. Historial previ de 1160 dies. Possible pèrdua de compte. Requereix trucada de reactivació.,,
10519,Vizcaya,Anestesia,perdut,1.0,3410.04,8479.95,0.0,679,2025-12-01,perdut,baixa,televenda,171.2,507,85.25,Client sense comprar des de fa 679 dies. Historial previ de 1706 dies. Possible pèrdua de compte. Requereix trucada de reactivació.,,
1000081765,Madrid,Anestesia,perdut,1.0,3410.04,3823.76,0.0,916,2025-12-01,perdut,baixa,televenda,74.1,841,85.25,Client sense comprar des de fa 916 dies. Historial previ de 1657 dies. Possible pèrdua de compte. Requereix trucada de reactivació.,,
1000080732,Valencia,Anestesia,perdut,0.541,3410.04,1843.3,1566.74,735,2025-12-01,perdut,baixa,televenda,328.7,406,85.25,Client sense comprar des de fa 735 dies. Historial previ de 1721 dies. Possible pèrdua de compte. Requereix trucada de reactivació.,,
1000080841,Cádiz,Anestesia,perdut,0.74,3410.04,2523.08,886.96,347,2025-12-01,perdut,baixa,televenda,62.4,284,85.25,Client sense comprar des de fa 347 dies. Historial previ de 1782 dies. Possible pèrdua de compte. Requereix trucada de reactivació.,,
2074,Pontevedra,Anestesia,perdut,1.0,3410.04,7865.37,0.0,178,2025-12-01,perdut,baixa,televenda,79.2,98,85.25,Client sense comprar des de fa 178 dies. Historial previ de 1763 dies. Possible pèrdua de compte. Requereix trucada de reactivació.,,
1000080859,Alicante,Anestesia,perdut,1.0,3410.04,5290.8,0.0,1382,2025-12-01,perdut,baixa,televenda,50.4,1331,85.25,Client sense comprar des de fa 1382 dies. Historial previ de 1735 dies. Possible pèrdua de compte. Requereix trucada de reactivació.,,
10457,Vizcaya,Anestesia,perdut,1.0,3410.04,6342.73,0.0,906,2025-12-01,perdut,baixa,televenda,82.4,823,85.25,Client sense comprar des de fa 906 dies. Historial previ de 1483 dies. Possible pèrdua de compte. Requereix trucada de reactivació.,,
1000081417,Sevilla,Anestesia,perdut,0.752,3410.04,2563.16,846.88,1175,2025-12-01,perdut,baixa,televenda,273.0,902,85.25,Client sense comprar des de fa 1175 dies. Historial previ de 1721 dies. Possible pèrdua de compte. Requereix trucada de reactivació.,,
1000081414,Madrid,Anestesia,perdut,0.729,3410.04,2484.81,925.23,1000,2025-12-01,perdut,baixa,televenda,240.0,760,85.25,Client sense comprar des de fa 1000 dies. Historial previ de 1720 dies. Possible pèrdua de compte. Requereix trucada de reactivació.,,
1000065209,Valencia,Anestesia,perdut,1.0,3410.04,3951.73,0.0,1350,2025-12-01,perdut,baixa,televenda,132.7,1217,85.25,Client sense comprar des de fa 1350 dies. Historial previ de 1748 dies. Possible pèrdua de compte. Requereix trucada de reactivació.,,
1000064338,Madrid,Anestesia,perdut,1.0,3410.04,13117.96,0.0,291,2025-12-01,perdut,baixa,televenda,113.1,177,85.25,Client sense comprar des de fa 291 dies. Historial previ de 1761 dies. Possible pèrdua de compte. Requereix trucada de reactivació.,,
1000043172,Cáceres,Anestesia,perdut,1.0,3410.04,4210.26,0.0,817,2025-12-01,perdut,baixa,televenda,292.0,525,85.25,Client sense comprar des de fa 817 dies. Historial previ de 1693 dies. Possible pèrdua de compte. Requereix trucada de reactivació.,,
41551,Sta.Cruz Tenerife,Anestesia,perdut,0.7,3410.04,2388.66,1021.38,643,2025-12-01,perdut,baixa,televenda,278.2,364,85.25,Client sense comprar des de fa 643 dies. Historial previ de 1756 dies. Possible pèrdua de compte. Requereix trucada de reactivació.,,
41829,Vizcaya,Anestesia,perdut,0.743,3410.04,2531.97,878.07,1348,2025-12-01,perdut,baixa,televenda,131.3,1216,85.25,Client sense comprar des de fa 1348 dies. Historial previ de 1742 dies. Possible pèrdua de compte. Requereix trucada de reactivació.,,
41908,Vizcaya,Anestesia,perdut,1.0,3410.04,4010.32,0.0,1305,2025-12-01,perdut,baixa,televenda,105.5,1199,85.25,Client sense comprar des de fa 1305 dies. Historial previ de 1727 dies. Possible pèrdua de compte. Requereix trucada de reactivació.,,
41909,Madrid,Anestesia,perdut,0.526,3410.04,1794.52,1615.52,906,2025-12-01,perdut,baixa,televenda,142.0,764,85.25,Client sense comprar des de fa 906 dies. Historial previ de 1616 dies. Possible pèrdua de compte. Requereix trucada de reactivació.,,
41954,Cádiz,Anestesia,perdut,0.783,3410.04,2671.13,738.91,1518,2025-12-01,perdut,baixa,televenda,44.5,1473,85.25,Client sense comprar des de fa 1518 dies. Historial previ de 1785 dies. Possible pèrdua de compte. Requereix trucada de reactivació.,,
41996,Granada,Anestesia,perdut,0.611,3410.04,2083.67,1326.37,720,2025-12-01,perdut,baixa,televenda,330.3,389,85.25,Client sense comprar des de fa 720 dies. Historial previ de 1711 dies. Possible pèrdua de compte. Requereix trucada de reactivació.,,
42292,Toledo,Anestesia,perdut,0.523,3410.04,1781.89,1628.15,209,2025-12-01,perdut,baixa,televenda,101.1,107,85.25,Client sense comprar des de fa 209 dies. Historial previ de 1321 dies. Possible pèrdua de compte. Requereix trucada de reactivació.,,
1000100563,Valencia,Anestesia,perdut,0.63,3410.04,2149.3,1260.74,712,2025-12-01,perdut,baixa,televenda,1.0,711,85.25,Client sense comprar des de fa 712 dies. Historial previ de 713 dies. Possible pèrdua de compte. Requereix trucada de reactivació.,,
42504,Cáceres,Anestesia,perdut,0.906,3410.04,3088.26,321.78,998,2025-12-01,perdut,baixa,televenda,1.0,997,85.25,Client sense comprar des de fa 998 dies. Historial previ de 999 dies. Possible pèrdua de compte. Requereix trucada de reactivació.,,
1000100546,Alicante,Anestesia,perdut,0.578,3410.04,1971.32,1438.72,642,2025-12-01,perdut,baixa,televenda,24.0,618,85.25,Client sense comprar des de fa 642 dies. Historial previ de 714 dies. Possible pèrdua de compte. Requereix trucada de reactivació.,,
1000100253,Cádiz,Anestesia,perdut,1.0,3410.04,5134.63,0.0,538,2025-12-01,perdut,baixa,televenda,131.0,407,85.25,Client sense comprar des de fa 538 dies. Historial previ de 931 dies. Possible pèrdua de compte. Requereix trucada de reactivació.,,
1000100145,Sevilla,Anestesia,perdut,1.0,3410.04,4020.87,0.0,241,2025-12-01,perdut,baixa,televenda,95.0,146,85.25,Client sense comprar des de fa 241 dies. Historial previ de 431 dies. Possible pèrdua de compte. Requereix trucada de reactivació.,,
1000101729,Alicante,Anestesia,perdut,1.0,3410.04,6605.21,0.0,172,2025-12-01,perdut,baixa,televenda,63.0,109,85.25,Client sense comprar des de fa 172 dies. Historial previ de 298 dies. Possible pèrdua de compte. Requereix trucada de reactivació.,,
1000061715,Castellón,Anestesia,perdut,0.712,3410.04,2429.49,980.55,1053,2025-12-01,perdut,baixa,televenda,91.0,962,85.25,Client sense comprar des de fa 1053 dies. Historial previ de 1781 dies. Possible pèrdua de compte. Requereix trucada de reactivació.,,
1221,Valencia,Anestesia,perdut,1.0,3410.04,5350.23,0.0,656,2025-12-01,perdut,baixa,televenda,319.7,336,85.25,Client sense comprar des de fa 656 dies. Historial previ de 1615 dies. Possible pèrdua de compte. Requereix trucada de reactivació.,,
1000043204,Madrid,Anestesia,perdut,1.0,3410.04,5686.25,0.0,679,2025-12-01,perdut,baixa,televenda,126.4,552,85.25,Client sense comprar des de fa 679 dies. Historial previ de 1690 dies. Possible pèrdua de compte. Requereix trucada de reactivació.,,
9513,Barcelona,Anestesia,perdut,0.571,3410.04,1946.17,1463.87,1452,2025-12-01,perdut,baixa,televenda,69.2,1382,85.25,Client sense comprar des de fa 1452 dies. Historial previ de 1729 dies. Possible pèrdua de compte. Requereix trucada de reactivació.,,
1000061247,Sevilla,Anestesia,perdut,1.0,3410.04,6468.02,0.0,496,2025-12-01,perdut,baixa,televenda,157.0,339,85.25,Client sense comprar des de fa 496 dies. Historial previ de 1281 dies. Possible pèrdua de compte. Requereix trucada de reactivació.,,
1000060078,Málaga,Anestesia,perdut,1.0,3410.04,5318.37,0.0,385,2025-12-01,perdut,baixa,televenda,39.0,346,85.25,Client sense comprar des de fa 385 dies. Historial previ de 1789 dies. Possible pèrdua de compte. Requereix trucada de reactivació.,,
1000058430,Madrid,Anestesia,perdut,1.0,3410.04,3653.1,0.0,517,2025-12-01,perdut,baixa,televenda,179.7,337,85.25,Client sense comprar des de fa 517 dies. Historial previ de 1775 dies. Possible pèrdua de compte. Requereix trucada de reactivació.,,
1000058426,Toledo,Anestesia,perdut,1.0,3410.04,10618.56,0.0,521,2025-12-01,perdut,baixa,televenda,171.1,349,85.25,Client sense comprar des de fa 521 dies. Historial previ de 1719 dies. Possible pèrdua de compte. Requereix trucada de reactivació.,,
1000058080,Cádiz,Anestesia,perdut,0.612,3410.04,2086.47,1323.57,566,2025-12-01,perdut,baixa,televenda,223.6,342,85.25,Client sense comprar des de fa 566 dies. Historial previ de 1684 dies. Possible pèrdua de compte. Requereix trucada de reactivació.,,
1000058045,A Coruña,Anestesia,perdut,1.0,3410.04,5153.21,0.0,545,2025-12-01,perdut,baixa,televenda,119.0,426,85.25,Client sense comprar des de fa 545 dies. Historial previ de 1735 dies. Possible pèrdua de compte. Requereix trucada de reactivació.,,
1000082339,Sevilla,Anestesia,perdut,0.786,3410.04,2680.33,729.71,262,2025-12-01,perdut,baixa,televenda,96.3,165,85.25,Client sense comprar des de fa 262 dies. Historial previ de 551 dies. Possible pèrdua de compte. Requereix trucada de reactivació.,,
1000054867,Valencia,Anestesia,perdut,1.0,3410.04,3873.16,0.0,297,2025-12-01,perdut,baixa,televenda,119.0,178,85.25,Client sense comprar des de fa 297 dies. Historial previ de 773 dies. Possible pèrdua de compte. Requereix trucada de reactivació.,,
8854,Madrid,Anestesia,perdut,0.627,3410.04,2136.87,1273.17,693,2025-12-01,perdut,baixa,televenda,182.0,511,85.25,Client sense comprar des de fa 693 dies. Historial previ de 1603 dies. Possible pèrdua de compte. Requereix trucada de reactivació.,,
1000081331,Madrid,Anestesia,perdut,1.0,3410.04,7770.6,0.0,909,2025-12-01,perdut,baixa,televenda,71.6,837,85.25,Client sense comprar des de fa 909 dies. Historial previ de 1697 dies. Possible pèrdua de compte. Requereix trucada de reactivació.,,
1000082704,Pontevedra,Anestesia,promiscu,0.368,2223.12,817.0,1406.12,-8,2025-12-01,finestra_captura,mitjana,delegat,377.7,0,84.37,Client PROMISCU d'Anestesia en FINESTRA DE CAPTURA. Cicle: 378 dies. Share: 37%. Gap: 1406€/any. Moment òptim per contactar.,0.0,2026-12-21
42304,Sta.Cruz Tenerife,Anestesia,perdut,0.241,2223.12,535.87,1687.25,1280,2025-12-01,perdut,baixa,televenda,7.3,1272,84.36,Client sense comprar des de fa 1280 dies. Historial previ de 1302 dies. Possible pèrdua de compte. Requereix trucada de reactivació.,,
15196,Sta.Cruz Tenerife,Anestesia,en_risc,0.794,4546.72,3609.96,936.76,5,2025-12-01,risc_fuga,alta,delegat,23.3,0,84.31,Client en RISC de fuga (fidel). Share 12m: 79% → Share últims 3m anualitzat: 53% (-33%). Gap: 937€/any. Tendència negativa clara. Intervenir amb urgència.,0.0,
542,Valencia,Anestesia,perdut,0.242,2223.12,538.08,1685.04,1504,2025-12-01,perdut,baixa,televenda,65.5,1438,84.25,Client sense comprar des de fa 1504 dies. Historial previ de 1635 dies. Possible pèrdua de compte. Requereix trucada de reactivació.,,
1000080269,Pontevedra,Anestesia,promiscu,0.371,2223.12,825.75,1397.37,53,2025-12-01,finestra_captura,mitjana,delegat,498.5,0,83.84,Client PROMISCU d'Anestesia en FINESTRA DE CAPTURA. Cicle: 498 dies. Share: 37%. Gap: 1397€/any. Moment òptim per contactar.,0.0,2027-02-19
42747,Sevilla,Anestesia,perdut,1.0,3410.04,3544.16,0.0,180,2025-12-01,perdut,baixa,televenda,90.6,89,83.75,Client sense comprar des de fa 180 dies. Historial previ de 633 dies. Possible pèrdua de compte. Requereix trucada de reactivació.,,
15396,Pontevedra,Anestesia,promiscu,0.227,1802.36,408.83,1393.53,68,2025-12-01,finestra_captura,mitjana,delegat,682.0,0,83.61,Client PROMISCU d'Anestesia en FINESTRA DE CAPTURA. Cicle: 682 dies. Share: 23%. Gap: 1394€/any. Moment òptim per contactar.,0.0,2027-08-07
1000076264,Madrid,Anestesia,perdut,0.248,2223.12,551.13,1671.99,1616,2025-12-01,perdut,baixa,televenda,29.0,1587,83.6,Client sense comprar des de fa 1616 dies. Historial previ de 1645 dies. Possible pèrdua de compte. Requereix trucada de reactivació.,,
1000082277,Almería,Anestesia,perdut,1.0,3410.04,7855.64,0.0,251,2025-12-01,perdut,baixa,televenda,126.5,124,83.57,Client sense comprar des de fa 251 dies. Historial previ de 1516 dies. Possible pèrdua de compte. Requereix trucada de reactivació.,,
14357,Alicante,Anestesia,promiscu,0.592,3410.04,2018.13,1391.91,7,2025-12-01,finestra_captura,mitjana,delegat,60.8,0,83.51,Client PROMISCU d'Anestesia en FINESTRA DE CAPTURA. Cicle: 61 dies. Share: 59%. Gap: 1392€/any. Moment òptim per contactar.,0.0,2026-01-23
19212,Madrid,Bioseguridad,perdut,1.0,3334.68,8233.63,0.0,308,2025-12-01,perdut,baixa,televenda,111.4,196,83.37,Client sense comprar des de fa 308 dies. Historial previ de 1756 dies. Possible pèrdua de compte. Requereix trucada de reactivació.,,
42552,Tarragona,Bioseguridad,perdut,0.0,1667.34,0.0,1667.34,453,2025-12-01,perdut,baixa,televenda,3.0,450,83.37,Client sense comprar des de fa 453 dies. Historial previ de 459 dies. Possible pèrdua de compte. Requereix trucada de reactivació.,,
1000101119,Madrid,Bioseguridad,perdut,0.532,3334.68,1774.35,1560.33,312,2025-12-01,perdut,baixa,televenda,115.0,197,83.37,Client sense comprar des de fa 312 dies. Historial previ de 542 dies. Possible pèrdua de compte. Requereix trucada de reactivació.,,
1000080064,Valencia,Bioseguridad,perdut,1.0,3334.68,4617.52,0.0,251,2025-12-01,perdut,baixa,televenda,107.0,144,83.37,Client sense comprar des de fa 251 dies. Historial previ de 1749 dies. Possible pèrdua de compte. Requereix trucada de reactivació.,,
25515,Madrid,Bioseguridad,perdut,0.0,1667.34,0.0,1667.34,1615,2025-12-01,perdut,baixa,televenda,15.0,1600,83.37,Client sense comprar des de fa 1615 dies. Historial previ de 1630 dies. Possible pèrdua de compte. Requereix trucada de reactivació.,,
37468,Cantabria,Bioseguridad,perdut,1.0,3334.68,20921.89,0.0,187,2025-12-01,perdut,baixa,televenda,93.5,93,82.95,Client sense comprar des de fa 187 dies. Historial previ de 1776 dies. Possible pèrdua de compte. Requereix trucada de reactivació.,,
27932,Burgos,Anestesia,perdut,0.273,4546.72,1240.05,3306.67,1463,2025-12-01,perdut,baixa,televenda,,1463,82.67,Client sense comprar des de fa 1463 dies. Historial previ de 1463 dies. Possible pèrdua de compte. Requereix trucada de reactivació.,,
14083,Albacete,Anestesia,promiscu,0.381,2223.12,847.27,1375.85,27,2025-12-01,finestra_captura,mitjana,delegat,331.8,0,82.55,Client PROMISCU d'Anestesia en FINESTRA DE CAPTURA. Cicle: 332 dies. Share: 38%. Gap: 1376€/any. Moment òptim per contactar.,0.0,2026-10-01
1000080051,Vizcaya,Anestesia,promiscu,0.384,2223.12,853.7,1369.42,68,2025-12-01,finestra_captura,mitjana,delegat,644.0,0,82.17,Client PROMISCU d'Anestesia en FINESTRA DE CAPTURA. Cicle: 644 dies. Share: 38%. Gap: 1369€/any. Moment òptim per contactar.,0.0,2027-06-30
1000081518,Málaga,Anestesia,perdut,0.037,3410.04,126.01,3284.03,257,2025-12-01,perdut,baixa,televenda,,257,82.1,Client sense comprar des de fa 257 dies. Historial previ de 257 dies. Possible pèrdua de compte. Requereix trucada de reactivació.,,
19757,Tarragona,Anestesia,promiscu,0.599,3410.04,2042.84,1367.2,0,2025-12-01,finestra_captura,mitjana,delegat,137.7,0,82.03,Client PROMISCU d'Anestesia en FINESTRA DE CAPTURA. Cicle: 138 dies. Share: 60%. Gap: 1367€/any. Moment òptim per contactar.,0.0,2026-04-17
41482,Ciudad Real,Bioseguridad,fidel,0.772,1667.34,1286.89,380.45,90,2025-12-01,reposicio_pendent,baixa,televenda,70.6,19,81.93,Client FIDEL d'Bioseguridad amb lleuger retard (19 dies). Cicle habitual: 71 dies. Seguiment rutina.,0.28,2025-11-11
1000057942,Madrid,Anestesia,perdut,0.264,2223.12,586.24,1636.88,676,2025-12-01,perdut,baixa,televenda,97.0,579,81.84,Client sense comprar des de fa 676 dies. Historial previ de 773 dies. Possible pèrdua de compte. Requereix trucada de reactivació.,,
1000074005,,Anestesia,perdut,0.265,2223.12,589.32,1633.8,1097,2025-12-01,perdut,baixa,televenda,116.3,980,81.69,Client sense comprar des de fa 1097 dies. Historial previ de 1446 dies. Possible pèrdua de compte. Requereix trucada de reactivació.,,
1000069275,Valencia,Anestesia,perdut,0.044,3410.04,149.94,3260.1,1398,2025-12-01,perdut,baixa,televenda,,1398,81.5,Client sense comprar des de fa 1398 dies. Historial previ de 1398 dies. Possible pèrdua de compte. Requereix trucada de reactivació.,,
28530,Cuenca,Anestesia,perdut,0.284,4546.72,1290.07,3256.65,441,2025-12-01,perdut,baixa,televenda,,441,81.42,Client sense comprar des de fa 441 dies. Historial previ de 441 dies. Possible pèrdua de compte. Requereix trucada de reactivació.,,
42293,Ciudad Real,Anestesia,fidel,0.897,2223.12,1993.08,230.04,59,2025-12-01,reposicio_pendent,baixa,televenda,40.7,18,81.37,Client FIDEL d'Anestesia amb lleuger retard (18 dies). Cicle habitual: 41 dies. Seguiment rutina.,0.68,2025-11-12
16253,Barcelona,Anestesia,perdut,0.269,2223.12,598.51,1624.61,1168,2025-12-01,perdut,baixa,televenda,168.5,999,81.23,Client sense comprar des de fa 1168 dies. Historial previ de 1505 dies. Possible pèrdua de compte. Requereix trucada de reactivació.,,
29943,Sta.Cruz Tenerife,Anestesia,perdut,1.0,3410.04,9729.15,0.0,277,2025-12-01,perdut,baixa,televenda,142.0,135,81.05,Client sense comprar des de fa 277 dies. Historial previ de 1697 dies. Possible pèrdua de compte. Requereix trucada de reactivació.,,
1000080045,Barcelona,Anestesia,perdut,0.051,3410.04,172.67,3237.37,1441,2025-12-01,perdut,baixa,televenda,,1441,80.93,Client sense comprar des de fa 1441 dies. Historial previ de 1441 dies. Possible pèrdua de compte. Requereix trucada de reactivació.,,
40649,Málaga,Anestesia,perdut,0.272,2223.12,604.74,1618.38,1468,2025-12-01,perdut,baixa,televenda,265.0,1203,80.92,Client sense comprar des de fa 1468 dies. Historial previ de 1733 dies. Possible pèrdua de compte. Requereix trucada de reactivació.,,
42751,Sevilla,Anestesia,perdut,0.463,3410.04,1579.57,1830.47,322,2025-12-01,perdut,baixa,televenda,171.0,151,80.82,Client sense comprar des de fa 322 dies. Historial previ de 664 dies. Possible pèrdua de compte. Requereix trucada de reactivació.,,
9948,Alicante,Anestesia,perdut,0.052,3410.04,177.85,3232.19,809,2025-12-01,perdut,baixa,televenda,,809,80.8,Client sense comprar des de fa 809 dies. Historial previ de 809 dies. Possible pèrdua de compte. Requereix trucada de reactivació.,,
238,Sevilla,Bioseguridad,promiscu,0.395,2223.12,877.63,1345.49,63,2025-12-01,finestra_captura,mitjana,delegat,97.0,0,80.73,Client PROMISCU d'Bioseguridad en FINESTRA DE CAPTURA. Cicle: 97 dies. Share: 39%. Gap: 1345€/any. Moment òptim per contactar.,0.0,2026-01-04
29150,Madrid,Anestesia,perdut,0.054,3410.04,183.22,3226.82,528,2025-12-01,perdut,baixa,televenda,,528,80.67,Client sense comprar des de fa 528 dies. Historial previ de 528 dies. Possible pèrdua de compte. Requereix trucada de reactivació.,,
19364,Lugo,Anestesia,perdut,0.054,3410.04,183.22,3226.82,591,2025-12-01,perdut,baixa,televenda,,591,80.67,Client sense comprar des de fa 591 dies. Historial previ de 591 dies. Possible pèrdua de compte. Requereix trucada de reactivació.,,
1000100656,Alicante,Anestesia,perdut,1.0,3410.04,17382.98,0.0,161,2025-12-01,perdut,baixa,televenda,82.5,78,80.6,Client sense comprar des de fa 161 dies. Historial previ de 656 dies. Possible pèrdua de compte. Requereix trucada de reactivació.,,
1000100632,Zaragoza,Anestesia,perdut,0.055,3410.04,187.77,3222.27,362,2025-12-01,perdut,baixa,televenda,,362,80.56,Client sense comprar des de fa 362 dies. Historial previ de 362 dies. Possible pèrdua de compte. Requereix trucada de reactivació.,,
16074,Madrid,Anestesia,promiscu,0.398,2223.12,885.86,1337.26,5,2025-12-01,finestra_captura,mitjana,delegat,135.0,0,80.24,Client PROMISCU d'Anestesia en FINESTRA DE CAPTURA. Cicle: 135 dies. Share: 40%. Gap: 1337€/any. Moment òptim per contactar.,0.0,2026-04-10
1000082295,Madrid,Anestesia,perdut,1.0,3410.04,8711.71,0.0,98,2025-12-01,perdut,baixa,televenda,50.1,47,79.91,Client sense comprar des de fa 98 dies. Historial previ de 1502 dies. Possible pèrdua de compte. Requereix trucada de reactivació.,,
24910,Madrid,Anestesia,promiscu,0.402,2223.12,894.38,1328.74,52,2025-12-01,finestra_captura,mitjana,delegat,317.8,0,79.72,Client PROMISCU d'Anestesia en FINESTRA DE CAPTURA. Cicle: 318 dies. Share: 40%. Gap: 1329€/any. Moment òptim per contactar.,0.0,2026-08-23
1000051168,Baleares,Anestesia,perdut,0.285,2223.12,634.15,1588.97,1517,2025-12-01,perdut,baixa,televenda,107.5,1409,79.45,Client sense comprar des de fa 1517 dies. Historial previ de 1732 dies. Possible pèrdua de compte. Requereix trucada de reactivació.,,
1000071395,Madrid,Anestesia,perdut,0.286,2223.12,636.6,1586.52,543,2025-12-01,perdut,baixa,televenda,185.3,357,79.33,Client sense comprar des de fa 543 dies. Historial previ de 1099 dies. Possible pèrdua de compte. Requereix trucada de reactivació.,,
1000101645,Almería,Anestesia,promiscu,0.614,3410.04,2094.94,1315.1,-11,2025-12-01,finestra_captura,mitjana,delegat,84.0,0,78.91,Client PROMISCU d'Anestesia en FINESTRA DE CAPTURA. Cicle: 84 dies. Share: 61%. Gap: 1315€/any. Moment òptim per contactar.,0.0,2026-03-06
42777,Huelva,Anestesia,promiscu,0.409,2223.12,908.62,1314.5,-2,2025-12-01,finestra_captura,mitjana,delegat,333.0,0,78.87,Client PROMISCU d'Anestesia en FINESTRA DE CAPTURA. Cicle: 333 dies. Share: 41%. Gap: 1314€/any. Moment òptim per contactar.,0.0,2026-11-01
41793,Barcelona,Anestesia,promiscu,0.41,2223.12,911.64,1311.48,35,2025-12-01,finestra_captura,mitjana,delegat,356.0,0,78.69,Client PROMISCU d'Anestesia en FINESTRA DE CAPTURA. Cicle: 356 dies. Share: 41%. Gap: 1311€/any. Moment òptim per contactar.,0.0,2026-10-18
42663,Murcia,Anestesia,promiscu,0.617,3410.04,2103.49,1306.55,87,2025-12-01,finestra_captura,mitjana,delegat,210.7,0,78.39,Client PROMISCU d'Anestesia en FINESTRA DE CAPTURA. Cicle: 211 dies. Share: 62%. Gap: 1307€/any. Moment òptim per contactar.,0.0,2026-04-03
43008,Toledo,Anestesia,perdut,0.288,2223.12,640.56,1582.56,111,2025-12-01,perdut,baixa,televenda,55.7,55,78.18,Client sense comprar des de fa 111 dies. Historial previ de 278 dies. Possible pèrdua de compte. Requereix trucada de reactivació.,,
30231,Granada,Anestesia,perdut,0.297,2223.12,661.25,1561.87,1103,2025-12-01,perdut,baixa,televenda,276.0,827,78.09,Client sense comprar des de fa 1103 dies. Historial previ de 1379 dies. Possible pèrdua de compte. Requereix trucada de reactivació.,,
1000100507,Alicante,Anestesia,promiscu,0.619,3410.04,2111.21,1298.83,68,2025-12-01,finestra_captura,mitjana,delegat,216.3,0,77.93,Client PROMISCU d'Anestesia en FINESTRA DE CAPTURA. Cicle: 216 dies. Share: 62%. Gap: 1299€/any. Moment òptim per contactar.,0.0,2026-04-28
42721,Sevilla,Anestesia,promiscu,0.62,3410.04,2115.85,1294.19,59,2025-12-01,finestra_captura,mitjana,delegat,317.0,0,77.65,Client PROMISCU d'Anestesia en FINESTRA DE CAPTURA. Cicle: 317 dies. Share: 62%. Gap: 1294€/any. Moment òptim per contactar.,0.0,2026-08-16
1000074185,A Coruña,Bioseguridad,promiscu,0.537,2778.9,1493.26,1285.64,28,2025-12-01,finestra_captura,mitjana,delegat,412.0,0,77.14,Client PROMISCU d'Bioseguridad en FINESTRA DE CAPTURA. Cicle: 412 dies. Share: 54%. Gap: 1286€/any. Moment òptim per contactar.,0.0,2026-12-20
2345,Sta.Cruz Tenerife,Anestesia,promiscu,0.623,3410.04,2125.15,1284.89,56,2025-12-01,finestra_captura,mitjana,delegat,155.2,0,77.09,Client PROMISCU d'Anestesia en FINESTRA DE CAPTURA. Cicle: 155 dies. Share: 62%. Gap: 1285€/any. Moment òptim per contactar.,0.0,2026-03-10
1000081144,Barcelona,Anestesia,perdut,0.308,2223.12,684.0,1539.12,1427,2025-12-01,perdut,baixa,televenda,118.3,1308,76.96,Client sense comprar des de fa 1427 dies. Historial previ de 1782 dies. Possible pèrdua de compte. Requereix trucada de reactivació.,,
4895,Gipúzkoa,Anestesia,perdut,0.148,1802.36,266.88,1535.48,370,2025-12-01,perdut,baixa,televenda,149.5,220,76.77,Client sense comprar des de fa 370 dies. Historial previ de 669 dies. Possible pèrdua de compte. Requereix trucada de reactivació.,,
12810,Barcelona,Anestesia,perdut,0.31,2223.12,688.91,1534.21,1118,2025-12-01,perdut,baixa,televenda,434.0,684,76.71,Client sense comprar des de fa 1118 dies. Historial previ de 1552 dies. Possible pèrdua de compte. Requereix trucada de reactivació.,,
1000038447,Baleares,Anestesia,perdut,0.1,3410.04,342.01,3068.03,1466,2025-12-01,perdut,baixa,televenda,,1466,76.7,Client sense comprar des de fa 1466 dies. Historial previ de 1466 dies. Possible pèrdua de compte. Requereix trucada de reactivació.,,
37972,Valencia,Bioseguridad,perdut,0.081,1667.34,135.02,1532.32,301,2025-12-01,perdut,baixa,televenda,3.0,298,76.62,Client sense comprar des de fa 301 dies. Historial previ de 304 dies. Possible pèrdua de compte. Requereix trucada de reactivació.,,
1000082106,Madrid,Anestesia,perdut,0.316,2223.12,701.92,1521.2,1669,2025-12-01,perdut,baixa,televenda,1.0,1668,76.06,Client sense comprar des de fa 1669 dies. Historial previ de 1670 dies. Possible pèrdua de compte. Requereix trucada de reactivació.,,
1000080584,Ciudad Real,Anestesia,perdut,0.317,2223.12,705.05,1518.07,1154,2025-12-01,perdut,baixa,televenda,152.2,1001,75.9,Client sense comprar des de fa 1154 dies. Historial previ de 1763 dies. Possible pèrdua de compte. Requereix trucada de reactivació.,,
1000078422,Barcelona,Bioseguridad,promiscu,0.243,1667.34,405.07,1262.27,56,2025-12-01,finestra_captura,mitjana,delegat,96.0,0,75.74,Client PROMISCU d'Bioseguridad en FINESTRA DE CAPTURA. Cicle: 96 dies. Share: 24%. Gap: 1262€/any. Moment òptim per contactar.,0.0,2026-01-10
1000101653,Málaga,Bioseguridad,promiscu,0.243,1667.34,405.06,1262.28,4,2025-12-01,finestra_captura,mitjana,delegat,283.0,0,75.74,Client PROMISCU d'Bioseguridad en FINESTRA DE CAPTURA. Cicle: 283 dies. Share: 24%. Gap: 1262€/any. Moment òptim per contactar.,0.0,2026-09-06
1000081165,Madrid,Bioseguridad,promiscu,0.434,2223.12,965.26,1257.86,39,2025-12-01,finestra_captura,mitjana,delegat,529.5,0,75.47,Client PROMISCU d'Bioseguridad en FINESTRA DE CAPTURA. Cicle: 530 dies. Share: 43%. Gap: 1258€/any. Moment òptim per contactar.,0.0,2027-04-05
1000101796,Zaragoza,Anestesia,promiscu,0.631,3410.04,2152.44,1257.6,27,2025-12-01,finestra_captura,mitjana,delegat,40.8,0,75.46,Client PROMISCU d'Anestesia en FINESTRA DE CAPTURA. Cicle: 41 dies. Share: 63%. Gap: 1258€/any. Moment òptim per contactar.,0.0,2025-12-14
1000064196,Valencia,Anestesia,perdut,1.0,3410.04,9366.74,0.0,529,2025-12-01,perdut,baixa,televenda,280.5,248,75.37,Client sense comprar des de fa 529 dies. Historial previ de 1090 dies. Possible pèrdua de compte. Requereix trucada de reactivació.,,
38978,Madrid,Anestesia,en_risc,0.877,6820.08,5982.95,837.13,-3,2025-12-01,risc_fuga,alta,delegat,20.0,0,75.34,Client en RISC de fuga (fidel). Share 12m: 88% → Share últims 3m anualitzat: 57% (-34%). Gap: 837€/any. Tendència negativa clara. Intervenir amb urgència.,0.0,
1000082043,Madrid,Anestesia,promiscu,0.633,3410.04,2156.9,1253.14,83,2025-12-01,finestra_captura,mitjana,delegat,138.2,0,75.19,Client PROMISCU d'Anestesia en FINESTRA DE CAPTURA. Cicle: 138 dies. Share: 63%. Gap: 1253€/any. Moment òptim per contactar.,0.0,2026-01-25
5154,Jaén,Anestesia,perdut,0.121,3410.04,413.35,2996.69,1396,2025-12-01,perdut,baixa,televenda,,1396,74.92,Client sense comprar des de fa 1396 dies. Historial previ de 1396 dies. Possible pèrdua de compte. Requereix trucada de reactivació.,,
8851,Pontevedra,Anestesia,perdut,1.0,3410.04,13955.15,0.0,262,2025-12-01,perdut,baixa,televenda,139.1,122,74.78,Client sense comprar des de fa 262 dies. Historial previ de 1792 dies. Possible pèrdua de compte. Requereix trucada de reactivació.,,
752,Valencia,Anestesia,perdut,0.125,3410.04,425.82,2984.22,1505,2025-12-01,perdut,baixa,televenda,,1505,74.61,Client sense comprar des de fa 1505 dies. Historial previ de 1505 dies. Possible pèrdua de compte. Requereix trucada de reactivació.,,
13822,Cádiz,Anestesia,perdut,0.18,18186.88,3273.35,14913.53,493,2025-12-01,perdut,baixa,televenda,561.5,0,74.57,Client sense comprar des de fa 493 dies. Historial previ de 1616 dies. Possible pèrdua de compte. Requereix trucada de reactivació.,,
1000102225,Barcelona,Anestesia,nou,0.934,5683.4,5310.8,372.6,-4,2025-12-01,monitoritzar,baixa,televenda,7.2,0,74.52,Client NOU (25 dies d'historial). Primers pedidos registrats. Fer seguiment de consolidació per assegurar fidelització.,,
32290,Sevilla,Bioseguridad,perdut,0.108,1667.34,179.92,1487.42,1615,2025-12-01,perdut,baixa,televenda,27.0,1588,74.37,Client sense comprar des de fa 1615 dies. Historial previ de 1642 dies. Possible pèrdua de compte. Requereix trucada de reactivació.,,
15638,Madrid,Anestesia,promiscu,0.443,2223.12,984.41,1238.71,0,2025-12-01,finestra_captura,mitjana,delegat,238.8,0,74.32,Client PROMISCU d'Anestesia en FINESTRA DE CAPTURA. Cicle: 239 dies. Share: 44%. Gap: 1239€/any. Moment òptim per contactar.,0.0,2026-07-27
1000082391,Madrid,Bioseguridad,perdut,0.109,3334.68,363.8,2970.88,1386,2025-12-01,perdut,baixa,televenda,,1386,74.27,Client sense comprar des de fa 1386 dies. Historial previ de 1386 dies. Possible pèrdua de compte. Requereix trucada de reactivació.,,
946,Valencia,Anestesia,perdut,0.942,3410.04,3213.79,196.25,572,2025-12-01,perdut,baixa,televenda,305.7,266,74.19,Client sense comprar des de fa 572 dies. Historial previ de 1489 dies. Possible pèrdua de compte. Requereix trucada de reactivació.,,
1000100992,Madrid,Anestesia,perdut,0.521,3410.04,1777.96,1632.08,293,2025-12-01,perdut,baixa,televenda,157.0,136,73.85,Client sense comprar des de fa 293 dies. Historial previ de 607 dies. Possible pèrdua de compte. Requereix trucada de reactivació.,,
1000081806,Ciudad Real,Anestesia,promiscu,0.447,2223.12,993.71,1229.41,3,2025-12-01,finestra_captura,mitjana,delegat,366.3,0,73.76,Client PROMISCU d'Anestesia en FINESTRA DE CAPTURA. Cicle: 366 dies. Share: 45%. Gap: 1229€/any. Moment òptim per contactar.,0.0,2026-11-29
1000100317,Valencia,Anestesia,perdut,0.917,3410.04,3128.26,281.78,432,2025-12-01,perdut,baixa,televenda,231.5,200,73.65,Client sense comprar des de fa 432 dies. Historial previ de 895 dies. Possible pèrdua de compte. Requereix trucada de reactivació.,,
1000077359,Madrid,Anestesia,perdut,1.0,3410.04,4435.31,0.0,294,2025-12-01,perdut,baixa,televenda,157.4,136,73.64,Client sense comprar des de fa 294 dies. Historial previ de 1711 dies. Possible pèrdua de compte. Requereix trucada de reactivació.,,
1005,Valladolid,Anestesia,perdut,1.0,4546.72,12955.92,0.0,265,2025-12-01,perdut,baixa,televenda,160.7,104,73.58,Client sense comprar des de fa 265 dies. Historial previ de 1711 dies. Possible pèrdua de compte. Requereix trucada de reactivació.,,
1000076211,Las Palmas,Anestesia,perdut,1.0,3410.04,3475.75,0.0,434,2025-12-01,perdut,baixa,televenda,233.0,201,73.54,Client sense comprar des de fa 434 dies. Historial previ de 1599 dies. Possible pèrdua de compte. Requereix trucada de reactivació.,,
42743,Granada,Anestesia,promiscu,0.643,3410.04,2191.5,1218.54,56,2025-12-01,finestra_captura,mitjana,delegat,209.7,0,73.11,Client PROMISCU d'Anestesia en FINESTRA DE CAPTURA. Cicle: 210 dies. Share: 64%. Gap: 1219€/any. Moment òptim per contactar.,0.0,2026-05-03
38003,Gipúzkoa,Anestesia,marginal,0.198,4546.72,901.12,3645.6,27,2025-12-01,oportunitat_captura,baixa,televenda,800.5,0,72.91,Client MARGINAL d'Anestesia. Share: 20%. Gap: 3646€/any. Baixa vinculació. Cal investigar.,0.0,2028-01-13
1000079001,A Coruña,Anestesia,perdut,0.149,3410.04,506.64,2903.4,578,2025-12-01,perdut,baixa,televenda,,578,72.59,Client sense comprar des de fa 578 dies. Historial previ de 578 dies. Possible pèrdua de compte. Requereix trucada de reactivació.,,
1000082024,Castellón,Anestesia,promiscu,0.646,3410.04,2203.87,1206.17,0,2025-12-01,finestra_captura,mitjana,delegat,455.0,0,72.37,Client PROMISCU d'Anestesia en FINESTRA DE CAPTURA. Cicle: 455 dies. Share: 65%. Gap: 1206€/any. Moment òptim per contactar.,0.0,2027-03-01
21190,Zaragoza,Bioseguridad,perdut,0.48,2778.9,1332.84,1446.06,1543,2025-12-01,perdut,baixa,televenda,241.0,1302,72.3,Client sense comprar des de fa 1543 dies. Historial previ de 1784 dies. Possible pèrdua de compte. Requereix trucada de reactivació.,,
1000081105,Sevilla,Bioseguridad,promiscu,0.278,1667.34,462.87,1204.47,4,2025-12-01,finestra_captura,mitjana,delegat,567.5,0,72.27,Client PROMISCU d'Bioseguridad en FINESTRA DE CAPTURA. Cicle: 568 dies. Share: 28%. Gap: 1204€/any. Moment òptim per contactar.,0.0,2027-06-17
14653,Almería,Anestesia,perdut,1.0,3410.04,8234.1,0.0,403,2025-12-01,perdut,baixa,televenda,218.3,184,71.85,Client sense comprar des de fa 403 dies. Historial previ de 1713 dies. Possible pèrdua de compte. Requereix trucada de reactivació.,,
1000082538,Madrid,Anestesia,perdut,0.162,3410.04,551.13,2858.91,1174,2025-12-01,perdut,baixa,televenda,,1174,71.47,Client sense comprar des de fa 1174 dies. Historial previ de 1174 dies. Possible pèrdua de compte. Requereix trucada de reactivació.,,
23180,Granada,Anestesia,perdut,0.358,2223.12,795.55,1427.57,1250,2025-12-01,perdut,baixa,televenda,119.7,1130,71.38,Client sense comprar des de fa 1250 dies. Historial previ de 1609 dies. Possible pèrdua de compte. Requereix trucada de reactivació.,,
24217,Sta.Cruz Tenerife,Anestesia,promiscu,0.652,3410.04,2222.91,1187.13,76,2025-12-01,finestra_captura,mitjana,delegat,128.2,0,71.23,Client PROMISCU d'Anestesia en FINESTRA DE CAPTURA. Cicle: 128 dies. Share: 65%. Gap: 1187€/any. Moment òptim per contactar.,0.0,2026-01-22
22568,Baleares,Anestesia,perdut,0.376,4546.72,1711.27,2835.45,1343,2025-12-01,perdut,baixa,televenda,,1343,70.89,Client sense comprar des de fa 1343 dies. Historial previ de 1343 dies. Possible pèrdua de compte. Requereix trucada de reactivació.,,
39969,A Coruña,Bioseguridad,promiscu,0.47,2223.12,1044.11,1179.01,-8,2025-12-01,finestra_captura,mitjana,delegat,1490.0,0,70.74,Client PROMISCU d'Bioseguridad en FINESTRA DE CAPTURA. Cicle: 1490 dies. Share: 47%. Gap: 1179€/any. Moment òptim per contactar.,0.0,2030-01-07
23508,Málaga,Anestesia,perdut,0.364,2223.12,809.31,1413.81,1348,2025-12-01,perdut,baixa,televenda,96.3,1251,70.69,Client sense comprar des de fa 1348 dies. Historial previ de 1637 dies. Possible pèrdua de compte. Requereix trucada de reactivació.,,
36795,Palencia,Anestesia,perdut,0.378,4546.72,1720.09,2826.63,277,2025-12-01,perdut,baixa,televenda,,277,70.67,Client sense comprar des de fa 277 dies. Historial previ de 277 dies. Possible pèrdua de compte. Requereix trucada de reactivació.,,
42109,Cádiz,Bioseguridad,promiscu,0.294,1667.34,490.88,1176.46,53,2025-12-01,finestra_captura,mitjana,delegat,707.0,0,70.59,Client PROMISCU d'Bioseguridad en FINESTRA DE CAPTURA. Cicle: 707 dies. Share: 29%. Gap: 1176€/any. Moment òptim per contactar.,0.0,2027-09-16
1000077525,Palencia,Anestesia,perdut,0.365,2223.12,811.32,1411.8,1130,2025-12-01,perdut,baixa,televenda,325.0,805,70.59,Client sense comprar des de fa 1130 dies. Historial previ de 1455 dies. Possible pèrdua de compte. Requereix trucada de reactivació.,,
46,Sevilla,Bioseguridad,promiscu,0.474,2223.12,1053.28,1169.84,67,2025-12-01,finestra_captura,mitjana,delegat,814.0,0,70.19,Client PROMISCU d'Bioseguridad en FINESTRA DE CAPTURA. Cicle: 814 dies. Share: 47%. Gap: 1170€/any. Moment òptim per contactar.,0.0,2027-12-18
12382,A Coruña,Anestesia,perdut,0.177,3410.04,602.76,2807.28,1461,2025-12-01,perdut,baixa,televenda,,1461,70.18,Client sense comprar des de fa 1461 dies. Historial previ de 1461 dies. Possible pèrdua de compte. Requereix trucada de reactivació.,,
29284,Valencia,Bioseguridad,perdut,1.0,2778.9,4606.01,0.0,1589,2025-12-01,perdut,baixa,televenda,97.0,1492,69.47,Client sense comprar des de fa 1589 dies. Historial previ de 1783 dies. Possible pèrdua de compte. Requereix trucada de reactivació.,,
30348,León,Bioseguridad,perdut,0.52,2778.9,1444.46,1334.44,1287,2025-12-01,perdut,baixa,televenda,144.0,1143,69.47,Client sense comprar des de fa 1287 dies. Historial previ de 1575 dies. Possible pèrdua de compte. Requereix trucada de reactivació.,,
12100,A Coruña,Bioseguridad,perdut,1.0,2778.9,3158.05,0.0,684,2025-12-01,perdut,baixa,televenda,202.6,481,69.47,Client sense comprar des de fa 684 dies. Historial previ de 1697 dies. Possible pèrdua de compte. Requereix trucada de reactivació.,,
21581,Barcelona,Bioseguridad,perdut,1.0,2778.9,4364.96,0.0,544,2025-12-01,perdut,baixa,televenda,153.8,390,69.47,Client sense comprar des de fa 544 dies. Historial previ de 1774 dies. Possible pèrdua de compte. Requereix trucada de reactivació.,,
15351,Sta.Cruz Tenerife,Bioseguridad,perdut,1.0,2778.9,4543.04,0.0,347,2025-12-01,perdut,baixa,televenda,135.9,211,69.47,Client sense comprar des de fa 347 dies. Historial previ de 1298 dies. Possible pèrdua de compte. Requereix trucada de reactivació.,,
19992,Alicante,Bioseguridad,perdut,0.899,2778.9,2498.94,279.96,959,2025-12-01,perdut,baixa,televenda,366.5,592,69.47,Client sense comprar des de fa 959 dies. Historial previ de 1692 dies. Possible pèrdua de compte. Requereix trucada de reactivació.,,
1000065702,Madrid,Bioseguridad,perdut,0.736,2778.9,2046.58,732.32,822,2025-12-01,perdut,baixa,televenda,158.8,663,69.47,Client sense comprar des de fa 822 dies. Historial previ de 1616 dies. Possible pèrdua de compte. Requereix trucada de reactivació.,,
34363,Zaragoza,Bioseguridad,perdut,0.601,2778.9,1669.15,1109.75,1111,2025-12-01,perdut,baixa,televenda,131.0,980,69.47,Client sense comprar des de fa 1111 dies. Historial previ de 1504 dies. Possible pèrdua de compte. Requereix trucada de reactivació.,,
40897,Alicante,Bioseguridad,promiscu,0.308,1667.34,513.2,1154.14,62,2025-12-01,finestra_captura,mitjana,delegat,652.0,0,69.25,Client PROMISCU d'Bioseguridad en FINESTRA DE CAPTURA. Cicle: 652 dies. Share: 31%. Gap: 1154€/any. Moment òptim per contactar.,0.0,2027-07-14
473,Sevilla,Bioseguridad,perdut,0.173,1667.34,287.88,1379.46,1615,2025-12-01,perdut,baixa,televenda,21.0,1594,68.97,Client sense comprar des de fa 1615 dies. Historial previ de 1636 dies. Possible pèrdua de compte. Requereix trucada de reactivació.,,
1000101745,Valladolid,Bioseguridad,perdut,0.38,2223.12,845.35,1377.77,185,2025-12-01,perdut,baixa,televenda,11.0,174,68.89,Client sense comprar des de fa 185 dies. Historial previ de 196 dies. Possible pèrdua de compte. Requereix trucada de reactivació.,,
38500,Ciudad Real,Anestesia,en_risc,0.958,2223.12,2128.99,94.13,59,2025-12-01,risc_fuga,alta,delegat,32.1,26,68.58,Client en RISC de fuga (fidel). Share 12m: 96% → Share últims 3m anualitzat: 65% (-32%). Gap: 94€/any. Tendència negativa clara. Intervenir amb urgència.,1.5,
35472,Badajoz,Anestesia,promiscu,0.487,2223.12,1082.58,1140.54,17,2025-12-01,finestra_captura,mitjana,delegat,774.5,0,68.43,Client PROMISCU d'Anestesia en FINESTRA DE CAPTURA. Cicle: 774 dies. Share: 49%. Gap: 1141€/any. Moment òptim per contactar.,0.0,2027-12-28
43150,Madrid,Anestesia,promiscu,0.369,1802.36,664.41,1137.95,32,2025-12-01,finestra_captura,mitjana,delegat,50.0,0,68.28,Client PROMISCU d'Anestesia en FINESTRA DE CAPTURA. Cicle: 50 dies. Share: 37%. Gap: 1138€/any. Moment òptim per contactar.,0.0,2025-12-19
42286,Jaén,Anestesia,perdut,1.0,4546.72,5097.54,0.0,398,2025-12-01,perdut,baixa,televenda,248.7,149,68.11,Client sense comprar des de fa 398 dies. Historial previ de 1144 dies. Possible pèrdua de compte. Requereix trucada de reactivació.,,
1000101142,Alicante,Anestesia,promiscu,0.49,2223.12,1088.82,1134.3,-17,2025-12-01,finestra_captura,mitjana,delegat,260.0,0,68.06,Client PROMISCU d'Anestesia en FINESTRA DE CAPTURA. Cicle: 260 dies. Share: 49%. Gap: 1134€/any. Moment òptim per contactar.,0.0,2026-09-04
1000078013,Valencia,Anestesia,perdut,0.202,3410.04,688.04,2722.0,559,2025-12-01,perdut,baixa,televenda,,559,68.05,Client sense comprar des de fa 559 dies. Historial previ de 559 dies. Possible pèrdua de compte. Requereix trucada de reactivació.,,
32615,A Coruña,Anestesia,perdut,0.394,2223.12,876.12,1347.0,1319,2025-12-01,perdut,baixa,televenda,227.5,1091,67.35,Client sense comprar des de fa 1319 dies. Historial previ de 1774 dies. Possible pèrdua de compte. Requereix trucada de reactivació.,,
1000101972,Madrid,Anestesia,perdut,0.253,1802.36,456.11,1346.25,165,2025-12-01,perdut,baixa,televenda,10.5,154,67.31,Client sense comprar des de fa 165 dies. Historial previ de 186 dies. Possible pèrdua de compte. Requereix trucada de reactivació.,,
1000058430,Madrid,Bioseguridad,perdut,0.194,1667.34,323.99,1343.35,1615,2025-12-01,perdut,baixa,televenda,27.0,1588,67.17,Client sense comprar des de fa 1615 dies. Historial previ de 1642 dies. Possible pèrdua de compte. Requereix trucada de reactivació.,,
30500,Lugo,Anestesia,perdut,0.58,3410.04,1976.35,1433.69,1133,2025-12-01,perdut,baixa,televenda,634.0,499,67.1,Client sense comprar des de fa 1133 dies. Historial previ de 1767 dies. Possible pèrdua de compte. Requereix trucada de reactivació.,,
1000058229,Valencia,Bioseguridad,perdut,0.195,1667.34,325.8,1341.54,1159,2025-12-01,perdut,baixa,televenda,280.0,879,67.08,Client sense comprar des de fa 1159 dies. Historial previ de 1439 dies. Possible pèrdua de compte. Requereix trucada de reactivació.,,
1000078714,Tarragona,Anestesia,promiscu,0.498,2223.12,1107.54,1115.58,0,2025-12-01,finestra_captura,mitjana,delegat,149.0,0,66.93,Client PROMISCU d'Anestesia en FINESTRA DE CAPTURA. Cicle: 149 dies. Share: 50%. Gap: 1116€/any. Moment òptim per contactar.,0.0,2026-04-29
1000079214,Madrid,Anestesia,perdut,0.401,2223.12,890.51,1332.61,955,2025-12-01,perdut,baixa,televenda,99.0,856,66.63,Client sense comprar des de fa 955 dies. Historial previ de 1252 dies. Possible pèrdua de compte. Requereix trucada de reactivació.,,
34641,,Anestesia,perdut,0.402,2223.12,893.14,1329.98,1316,2025-12-01,perdut,baixa,televenda,111.0,1205,66.5,Client sense comprar des de fa 1316 dies. Historial previ de 1649 dies. Possible pèrdua de compte. Requereix trucada de reactivació.,,
1000081389,Granada,Anestesia,perdut,1.0,3410.04,6799.49,0.0,321,2025-12-01,perdut,baixa,televenda,180.9,140,65.99,Client sense comprar des de fa 321 dies. Historial previ de 1768 dies. Possible pèrdua de compte. Requereix trucada de reactivació.,,
14913,Barcelona,Anestesia,perdut,0.407,2223.12,904.44,1318.68,1482,2025-12-01,perdut,baixa,televenda,280.0,1202,65.93,Client sense comprar des de fa 1482 dies. Historial previ de 1762 dies. Possible pèrdua de compte. Requereix trucada de reactivació.,,
1000100566,Castellón,Anestesia,promiscu,0.68,3410.04,2320.39,1089.65,38,2025-12-01,finestra_captura,mitjana,delegat,224.3,0,65.38,Client PROMISCU d'Anestesia en FINESTRA DE CAPTURA. Cicle: 224 dies. Share: 68%. Gap: 1090€/any. Moment òptim per contactar.,0.0,2026-06-05
35573,Sevilla,Bioseguridad,perdut,0.218,3334.68,726.85,2607.83,1370,2025-12-01,perdut,baixa,televenda,,1370,65.2,Client sense comprar des de fa 1370 dies. Historial previ de 1370 dies. Possible pèrdua de compte. Requereix trucada de reactivació.,,
1000082311,Madrid,Anestesia,perdut,1.0,3410.04,6237.07,0.0,388,2025-12-01,perdut,baixa,televenda,219.8,168,65.16,Client sense comprar des de fa 388 dies. Historial previ de 1487 dies. Possible pèrdua de compte. Requereix trucada de reactivació.,,
1000082167,Madrid,Anestesia,perdut,0.415,2223.12,922.3,1300.82,1312,2025-12-01,perdut,baixa,televenda,161.0,1151,65.04,Client sense comprar des de fa 1312 dies. Historial previ de 1634 dies. Possible pèrdua de compte. Requereix trucada de reactivació.,,
1000070938,Madrid,Bioseguridad,perdut,0.222,1667.34,370.68,1296.66,1050,2025-12-01,perdut,baixa,televenda,178.0,872,64.83,Client sense comprar des de fa 1050 dies. Historial previ de 1228 dies. Possible pèrdua de compte. Requereix trucada de reactivació.,,
5017,Gipúzkoa,Anestesia,perdut,0.418,2223.12,930.26,1292.86,899,2025-12-01,perdut,baixa,televenda,217.0,682,64.64,Client sense comprar des de fa 899 dies. Historial previ de 1333 dies. Possible pèrdua de compte. Requereix trucada de reactivació.,,
1000100182,Sta.Cruz Tenerife,Anestesia,perdut,0.288,1802.36,518.76,1283.6,847,2025-12-01,perdut,baixa,televenda,73.0,774,64.18,Client sense comprar des de fa 847 dies. Historial previ de 993 dies. Possible pèrdua de compte. Requereix trucada de reactivació.,,
12011,A Coruña,Anestesia,promiscu,0.519,2223.12,1154.51,1068.61,32,2025-12-01,finestra_captura,mitjana,delegat,417.0,0,64.12,Client PROMISCU d'Anestesia en FINESTRA DE CAPTURA. Cicle: 417 dies. Share: 52%. Gap: 1069€/any. Moment òptim per contactar.,0.0,2026-12-21
1000080463,Madrid,Anestesia,perdut,0.293,1802.36,528.75,1273.61,1111,2025-12-01,perdut,baixa,televenda,265.5,845,63.68,Client sense comprar des de fa 1111 dies. Historial previ de 1642 dies. Possible pèrdua de compte. Requereix trucada de reactivació.,,
4459,Madrid,Anestesia,promiscu,0.524,2223.12,1163.93,1059.19,89,2025-12-01,finestra_captura,mitjana,delegat,302.0,0,63.55,Client PROMISCU d'Anestesia en FINESTRA DE CAPTURA. Cicle: 302 dies. Share: 52%. Gap: 1059€/any. Moment òptim per contactar.,0.0,2026-07-02
35934,Barcelona,Anestesia,perdut,1.0,4546.72,11949.82,0.0,165,2025-12-01,perdut,baixa,televenda,105.6,59,63.51,Client sense comprar des de fa 165 dies. Historial previ de 1749 dies. Possible pèrdua de compte. Requereix trucada de reactivació.,,
1000080600,Murcia,Anestesia,perdut,0.296,1802.36,533.55,1268.81,885,2025-12-01,perdut,baixa,televenda,154.0,731,63.44,Client sense comprar des de fa 885 dies. Historial previ de 1039 dies. Possible pèrdua de compte. Requereix trucada de reactivació.,,
12546,Granada,Anestesia,perdut,0.376,2223.12,835.05,1388.07,811,2025-12-01,perdut,baixa,televenda,424.0,387,63.35,Client sense comprar des de fa 811 dies. Historial previ de 1659 dies. Possible pèrdua de compte. Requereix trucada de reactivació.,,
1000101930,Madrid,Anestesia,promiscu,0.691,3410.04,2355.07,1054.97,20,2025-12-01,finestra_captura,mitjana,delegat,91.0,0,63.3,Client PROMISCU d'Anestesia en FINESTRA DE CAPTURA. Cicle: 91 dies. Share: 69%. Gap: 1055€/any. Moment òptim per contactar.,0.0,2026-02-10
1000101437,A Coruña,Anestesia,promiscu,0.526,2223.12,1168.88,1054.24,0,2025-12-01,finestra_captura,mitjana,delegat,434.0,0,63.25,Client PROMISCU d'Anestesia en FINESTRA DE CAPTURA. Cicle: 434 dies. Share: 53%. Gap: 1054€/any. Moment òptim per contactar.,0.0,2027-02-08
1000101042,Valencia,Anestesia,perdut,0.433,2223.12,962.66,1260.46,266,2025-12-01,perdut,baixa,televenda,78.8,187,63.02,Client sense comprar des de fa 266 dies. Historial previ de 581 dies. Possible pèrdua de compte. Requereix trucada de reactivació.,,
1000081979,Las Palmas,Bioseguridad,perdut,0.245,1667.34,408.89,1258.45,893,2025-12-01,perdut,baixa,televenda,409.0,484,62.92,Client sense comprar des de fa 893 dies. Historial previ de 1302 dies. Possible pèrdua de compte. Requereix trucada de reactivació.,,
42724,Granada,Anestesia,perdut,0.844,3410.04,2876.93,533.11,210,2025-12-01,perdut,baixa,televenda,120.8,89,62.84,Client sense comprar des de fa 210 dies. Historial previ de 693 dies. Possible pèrdua de compte. Requereix trucada de reactivació.,,
42813,Valladolid,Anestesia,perdut,0.249,2223.12,553.56,1669.56,294,2025-12-01,perdut,baixa,televenda,167.5,126,62.8,Client sense comprar des de fa 294 dies. Historial previ de 629 dies. Possible pèrdua de compte. Requereix trucada de reactivació.,,
1000079399,Madrid,Anestesia,perdut,0.604,3410.04,2059.31,1350.73,642,2025-12-01,perdut,baixa,televenda,369.3,272,62.78,Client sense comprar des de fa 642 dies. Historial previ de 1750 dies. Possible pèrdua de compte. Requereix trucada de reactivació.,,
1000082770,Murcia,Anestesia,perdut,0.437,2223.12,970.7,1252.42,641,2025-12-01,perdut,baixa,televenda,214.0,427,62.62,Client sense comprar des de fa 641 dies. Historial previ de 1069 dies. Possible pèrdua de compte. Requereix trucada de reactivació.,,
25602,Valencia,Anestesia,perdut,0.438,2223.12,972.78,1250.34,909,2025-12-01,perdut,baixa,televenda,436.0,473,62.52,Client sense comprar des de fa 909 dies. Historial previ de 1781 dies. Possible pèrdua de compte. Requereix trucada de reactivació.,,
8816,Gipúzkoa,Anestesia,perdut,0.439,2223.12,975.94,1247.18,866,2025-12-01,perdut,baixa,televenda,141.0,725,62.36,Client sense comprar des de fa 866 dies. Historial previ de 1148 dies. Possible pèrdua de compte. Requereix trucada de reactivació.,,
1000081961,Sta.Cruz Tenerife,Anestesia,perdut,0.441,2223.12,980.3,1242.82,1117,2025-12-01,perdut,baixa,televenda,158.2,958,62.14,Client sense comprar des de fa 1117 dies. Historial previ de 1750 dies. Possible pèrdua de compte. Requereix trucada de reactivació.,,
473,Sevilla,Anestesia,perdut,1.0,3410.04,5262.27,0.0,634,2025-12-01,perdut,baixa,televenda,366.3,267,62.13,Client sense comprar des de fa 634 dies. Historial previ de 1733 dies. Possible pèrdua de compte. Requereix trucada de reactivació.,,
1000101741,Sevilla,Bioseguridad,promiscu,0.536,2223.12,1192.56,1030.56,-11,2025-12-01,finestra_captura,mitjana,delegat,127.5,0,61.83,Client PROMISCU d'Bioseguridad en FINESTRA DE CAPTURA. Cicle: 128 dies. Share: 54%. Gap: 1031€/any. Moment òptim per contactar.,0.0,2026-04-18
1000101545,Madrid,Bioseguridad,promiscu,0.538,2223.12,1196.33,1026.79,55,2025-12-01,finestra_captura,mitjana,delegat,70.5,0,61.61,Client PROMISCU d'Bioseguridad en FINESTRA DE CAPTURA. Cicle: 70 dies. Share: 54%. Gap: 1027€/any. Moment òptim per contactar.,0.0,2025-12-16
1000037454,Barcelona,Anestesia,perdut,0.446,2223.12,992.06,1231.06,1343,2025-12-01,perdut,baixa,televenda,130.0,1213,61.55,Client sense comprar des de fa 1343 dies. Historial previ de 1733 dies. Possible pèrdua de compte. Requereix trucada de reactivació.,,
1000101714,Madrid,Anestesia,promiscu,0.54,2223.12,1199.63,1023.49,24,2025-12-01,finestra_captura,mitjana,delegat,138.5,0,61.41,Client PROMISCU d'Anestesia en FINESTRA DE CAPTURA. Cicle: 138 dies. Share: 54%. Gap: 1023€/any. Moment òptim per contactar.,0.0,2026-03-25
10189,Madrid,Anestesia,perdut,0.452,2223.12,1004.58,1218.54,669,2025-12-01,perdut,baixa,televenda,226.0,443,60.93,Client sense comprar des de fa 669 dies. Historial previ de 895 dies. Possible pèrdua de compte. Requereix trucada de reactivació.,,
1000070817,Alicante,Anestesia,perdut,1.0,4546.72,12436.34,0.0,258,2025-12-01,perdut,baixa,televenda,167.9,90,60.93,Client sense comprar des de fa 258 dies. Historial previ de 1769 dies. Possible pèrdua de compte. Requereix trucada de reactivació.,,
23808,Madrid,Anestesia,promiscu,0.543,2223.12,1208.05,1015.07,5,2025-12-01,finestra_captura,mitjana,delegat,244.8,0,60.9,Client PROMISCU d'Anestesia en FINESTRA DE CAPTURA. Cicle: 245 dies. Share: 54%. Gap: 1015€/any. Moment òptim per contactar.,0.0,2026-07-28
1000081753,Madrid,Anestesia,perdut,1.0,3410.04,4772.58,0.0,711,2025-12-01,perdut,baixa,televenda,414.5,296,60.88,Client sense comprar des de fa 711 dies. Historial previ de 1540 dies. Possible pèrdua de compte. Requereix trucada de reactivació.,,
12146,Córdoba,Anestesia,promiscu,0.544,2223.12,1209.3,1013.82,33,2025-12-01,finestra_captura,mitjana,delegat,293.0,0,60.83,Client PROMISCU d'Anestesia en FINESTRA DE CAPTURA. Cicle: 293 dies. Share: 54%. Gap: 1014€/any. Moment òptim per contactar.,0.0,2026-08-18
43020,Madrid,Bioseguridad,promiscu,0.392,1667.34,654.22,1013.12,59,2025-12-01,finestra_captura,mitjana,delegat,106.5,0,60.79,Client PROMISCU d'Bioseguridad en FINESTRA DE CAPTURA. Cicle: 106 dies. Share: 39%. Gap: 1013€/any. Moment òptim per contactar.,0.0,2026-01-17
1000068196,Valladolid,Anestesia,marginal,0.109,3410.04,371.93,3038.11,80,2025-12-01,oportunitat_captura,baixa,televenda,442.0,0,60.76,Client MARGINAL d'Anestesia. Share: 11%. Gap: 3038€/any. Baixa vinculació. Cal investigar.,0.0,2026-11-28
1000078968,Salamanca,Anestesia,perdut,0.981,3410.04,3344.09,65.95,739,2025-12-01,perdut,baixa,televenda,432.0,307,60.58,Client sense comprar des de fa 739 dies. Historial previ de 1603 dies. Possible pèrdua de compte. Requereix trucada de reactivació.,,
1000101912,Guadalajara,Anestesia,promiscu,0.548,2223.12,1219.06,1004.06,54,2025-12-01,finestra_captura,mitjana,delegat,88.0,0,60.24,Client PROMISCU d'Anestesia en FINESTRA DE CAPTURA. Cicle: 88 dies. Share: 55%. Gap: 1004€/any. Moment òptim per contactar.,0.0,2026-01-04
1000074943,Madrid,Bioseguridad,promiscu,0.398,1667.34,663.85,1003.49,-9,2025-12-01,finestra_captura,mitjana,delegat,315.0,0,60.21,Client PROMISCU d'Bioseguridad en FINESTRA DE CAPTURA. Cicle: 315 dies. Share: 40%. Gap: 1003€/any. Moment òptim per contactar.,0.0,2026-10-21
2363,Sta.Cruz Tenerife,Anestesia,perdut,1.0,3410.04,6339.85,0.0,172,2025-12-01,perdut,baixa,televenda,100.6,71,60.15,Client sense comprar des de fa 172 dies. Historial previ de 1782 dies. Possible pèrdua de compte. Requereix trucada de reactivació.,,
1000082752,Madrid,Anestesia,promiscu,0.444,1802.36,800.95,1001.41,63,2025-12-01,finestra_captura,mitjana,delegat,516.5,0,60.08,Client PROMISCU d'Anestesia en FINESTRA DE CAPTURA. Cicle: 516 dies. Share: 44%. Gap: 1001€/any. Moment òptim per contactar.,0.0,2027-02-27
1000082112,Sta.Cruz Tenerife,Anestesia,promiscu,0.45,1802.36,811.6,990.76,76,2025-12-01,finestra_captura,mitjana,delegat,264.5,0,59.45,Client PROMISCU d'Anestesia en FINESTRA DE CAPTURA. Cicle: 264 dies. Share: 45%. Gap: 991€/any. Moment òptim per contactar.,0.0,2026-06-07
36860,Teruel,Anestesia,perdut,0.103,3410.04,350.52,3059.52,756,2025-12-01,perdut,baixa,televenda,545.0,211,59.23,Client sense comprar des de fa 756 dies. Historial previ de 1301 dies. Possible pèrdua de compte. Requereix trucada de reactivació.,,
163,Sevilla,Anestesia,perdut,0.469,2223.12,1041.6,1181.52,1593,2025-12-01,perdut,baixa,televenda,85.0,1508,59.08,Client sense comprar des de fa 1593 dies. Historial previ de 1763 dies. Possible pèrdua de compte. Requereix trucada de reactivació.,,
1000082321,Cádiz,Anestesia,perdut,1.0,4546.72,10427.29,0.0,164,2025-12-01,perdut,baixa,televenda,107.9,56,58.98,Client sense comprar des de fa 164 dies. Historial previ de 1459 dies. Possible pèrdua de compte. Requereix trucada de reactivació.,,
37126,Sta.Cruz Tenerife,Anestesia,perdut,0.477,2223.12,1059.37,1163.75,1312,2025-12-01,perdut,baixa,televenda,198.0,1114,58.19,Client sense comprar des de fa 1312 dies. Historial previ de 1708 dies. Possible pèrdua de compte. Requereix trucada de reactivació.,,
1000101628,Sta.Cruz Tenerife,Anestesia,promiscu,0.462,1802.36,832.86,969.5,38,2025-12-01,finestra_captura,mitjana,delegat,154.0,0,58.17,Client PROMISCU d'Anestesia en FINESTRA DE CAPTURA. Cicle: 154 dies. Share: 46%. Gap: 970€/any. Moment òptim per contactar.,0.0,2026-03-27
1000042752,Madrid,Bioseguridad,perdut,0.302,1667.34,504.03,1163.31,1012,2025-12-01,perdut,baixa,televenda,168.0,844,58.17,Client sense comprar des de fa 1012 dies. Historial previ de 1684 dies. Possible pèrdua de compte. Requereix trucada de reactivació.,,
28051,Madrid,Anestesia,perdut,0.477,2223.12,1060.44,1162.68,1341,2025-12-01,perdut,baixa,televenda,185.0,1156,58.13,Client sense comprar des de fa 1341 dies. Historial previ de 1526 dies. Possible pèrdua de compte. Requereix trucada de reactivació.,,
13020,Barcelona,Bioseguridad,perdut,1.0,2778.9,5930.74,0.0,299,2025-12-01,perdut,baixa,televenda,162.6,136,58.12,Client sense comprar des de fa 299 dies. Historial previ de 1762 dies. Possible pèrdua de compte. Requereix trucada de reactivació.,,
1000080853,Alicante,Anestesia,perdut,0.479,2223.12,1064.77,1158.35,825,2025-12-01,perdut,baixa,televenda,321.5,503,57.92,Client sense comprar des de fa 825 dies. Historial previ de 1468 dies. Possible pèrdua de compte. Requereix trucada de reactivació.,,
1000101576,Alicante,Anestesia,promiscu,0.566,2223.12,1257.79,965.33,4,2025-12-01,finestra_captura,mitjana,delegat,91.8,0,57.92,Client PROMISCU d'Anestesia en FINESTRA DE CAPTURA. Cicle: 92 dies. Share: 57%. Gap: 965€/any. Moment òptim per contactar.,0.0,2026-02-26
19531,Murcia,Anestesia,marginal,0.153,3410.04,521.72,2888.32,83,2025-12-01,oportunitat_captura,baixa,televenda,759.0,0,57.77,Client MARGINAL d'Anestesia. Share: 15%. Gap: 2888€/any. Baixa vinculació. Cal investigar.,0.0,2027-10-08
42170,Málaga,Anestesia,perdut,0.398,2223.12,884.29,1338.83,301,2025-12-01,perdut,baixa,televenda,161.6,139,57.59,Client sense comprar des de fa 301 dies. Historial previ de 1432 dies. Possible pèrdua de compte. Requereix trucada de reactivació.,,
21871,Madrid,Anestesia,perdut,0.483,2223.12,1074.69,1148.43,1119,2025-12-01,perdut,baixa,televenda,228.0,891,57.42,Client sense comprar des de fa 1119 dies. Historial previ de 1347 dies. Possible pèrdua de compte. Requereix trucada de reactivació.,,
1000077436,Barcelona,Anestesia,promiscu,0.57,2223.12,1266.86,956.26,42,2025-12-01,finestra_captura,mitjana,delegat,272.2,0,57.38,Client PROMISCU d'Anestesia en FINESTRA DE CAPTURA. Cicle: 272 dies. Share: 57%. Gap: 956€/any. Moment òptim per contactar.,0.0,2026-07-19
1000101202,Alicante,Anestesia,promiscu,0.575,2223.12,1278.57,944.55,80,2025-12-01,finestra_captura,mitjana,delegat,152.0,0,56.67,Client PROMISCU d'Anestesia en FINESTRA DE CAPTURA. Cicle: 152 dies. Share: 58%. Gap: 945€/any. Moment òptim per contactar.,0.0,2026-02-11
43018,Madrid,Anestesia,promiscu,0.575,2223.12,1279.04,944.08,59,2025-12-01,finestra_captura,mitjana,delegat,106.5,0,56.64,Client PROMISCU d'Anestesia en FINESTRA DE CAPTURA. Cicle: 106 dies. Share: 58%. Gap: 944€/any. Moment òptim per contactar.,0.0,2026-01-17
1000067963,Sevilla,Bioseguridad,perdut,0.322,1667.34,537.19,1130.15,811,2025-12-01,perdut,baixa,televenda,329.0,482,56.51,Client sense comprar des de fa 811 dies. Historial previ de 1140 dies. Possible pèrdua de compte. Requereix trucada de reactivació.,,
27046,Ávila,Anestesia,perdut,0.375,1802.36,675.13,1127.23,1218,2025-12-01,perdut,baixa,televenda,262.0,956,56.36,Client sense comprar des de fa 1218 dies. Historial previ de 1480 dies. Possible pèrdua de compte. Requereix trucada de reactivació.,,
42031,Toledo,Anestesia,fidel,0.827,2223.12,1838.87,384.25,59,2025-12-01,reposicio_pendent,baixa,televenda,49.2,9,56.17,Client FIDEL d'Anestesia amb lleuger retard (9 dies). Cicle habitual: 49 dies. Seguiment rutina.,0.25,2025-11-21
12109,A Coruña,Anestesia,promiscu,0.481,1802.36,867.27,935.09,19,2025-12-01,finestra_captura,mitjana,delegat,847.5,0,56.11,Client PROMISCU d'Anestesia en FINESTRA DE CAPTURA. Cicle: 848 dies. Share: 48%. Gap: 935€/any. Moment òptim per contactar.,0.0,2028-03-08
1000079960,A Coruña,Anestesia,perdut,0.496,2223.12,1102.26,1120.86,1123,2025-12-01,perdut,baixa,televenda,295.0,828,56.04,Client sense comprar des de fa 1123 dies. Historial previ de 1418 dies. Possible pèrdua de compte. Requereix trucada de reactivació.,,
25409,Cáceres,Anestesia,perdut,0.496,2223.12,1102.26,1120.86,1680,2025-12-01,perdut,baixa,televenda,7.0,1673,56.04,Client sense comprar des de fa 1680 dies. Historial previ de 1687 dies. Possible pèrdua de compte. Requereix trucada de reactivació.,,
1000082766,Madrid,Bioseguridad,promiscu,0.441,1667.34,735.58,931.76,12,2025-12-01,finestra_captura,mitjana,delegat,1030.0,0,55.91,Client PROMISCU d'Bioseguridad en FINESTRA DE CAPTURA. Cicle: 1030 dies. Share: 44%. Gap: 932€/any. Moment òptim per contactar.,0.0,2028-09-14
1000077955,Huelva,Anestesia,perdut,0.382,1802.36,688.79,1113.57,1473,2025-12-01,perdut,baixa,televenda,91.5,1381,55.68,Client sense comprar des de fa 1473 dies. Historial previ de 1656 dies. Possible pèrdua de compte. Requereix trucada de reactivació.,,
1000069334,Alicante,Anestesia,perdut,0.541,2223.12,1203.57,1019.55,922,2025-12-01,perdut,baixa,televenda,385.0,537,55.58,Client sense comprar des de fa 922 dies. Historial previ de 1692 dies. Possible pèrdua de compte. Requereix trucada de reactivació.,,
1000082754,Castellón,Bioseguridad,perdut,0.543,2223.12,1207.18,1015.94,819,2025-12-01,perdut,baixa,televenda,92.0,727,55.58,Client sense comprar des de fa 819 dies. Historial previ de 1095 dies. Possible pèrdua de compte. Requereix trucada de reactivació.,,
1000074220,Cantabria,Anestesia,perdut,1.0,2223.12,7439.66,0.0,773,2025-12-01,perdut,baixa,televenda,220.5,552,55.58,Client sense comprar des de fa 773 dies. Historial previ de 1655 dies. Possible pèrdua de compte. Requereix trucada de reactivació.,,
19864,Granada,Anestesia,perdut,1.0,2223.12,17714.83,0.0,244,2025-12-01,perdut,baixa,televenda,88.0,156,55.58,Client sense comprar des de fa 244 dies. Historial previ de 1740 dies. Possible pèrdua de compte. Requereix trucada de reactivació.,,
1000065883,Vizcaya,Anestesia,perdut,0.717,2223.12,1594.59,628.53,888,2025-12-01,perdut,baixa,televenda,218.8,669,55.58,Client sense comprar des de fa 888 dies. Historial previ de 1763 dies. Possible pèrdua de compte. Requereix trucada de reactivació.,,
26265,Valencia,Anestesia,perdut,1.0,2223.12,2539.9,0.0,909,2025-12-01,perdut,baixa,televenda,209.8,699,55.58,Client sense comprar des de fa 909 dies. Historial previ de 1748 dies. Possible pèrdua de compte. Requereix trucada de reactivació.,,
3300,Málaga,Anestesia,perdut,1.0,2223.12,2775.32,0.0,1222,2025-12-01,perdut,baixa,televenda,109.0,1113,55.58,Client sense comprar des de fa 1222 dies. Historial previ de 1767 dies. Possible pèrdua de compte. Requereix trucada de reactivació.,,
20026,Valencia,Anestesia,perdut,1.0,2223.12,2689.66,0.0,921,2025-12-01,perdut,baixa,televenda,144.4,776,55.58,Client sense comprar des de fa 921 dies. Historial previ de 1643 dies. Possible pèrdua de compte. Requereix trucada de reactivació.,,
1000074144,Barcelona,Anestesia,perdut,0.795,2223.12,1766.79,456.33,1014,2025-12-01,perdut,baixa,televenda,244.0,770,55.58,Client sense comprar des de fa 1014 dies. Historial previ de 1746 dies. Possible pèrdua de compte. Requereix trucada de reactivació.,,
20172,Madrid,Anestesia,perdut,1.0,2223.12,3897.14,0.0,872,2025-12-01,perdut,baixa,televenda,195.0,677,55.58,Client sense comprar des de fa 872 dies. Historial previ de 1652 dies. Possible pèrdua de compte. Requereix trucada de reactivació.,,
1000065897,Murcia,Anestesia,perdut,1.0,2223.12,2251.47,0.0,773,2025-12-01,perdut,baixa,televenda,192.7,580,55.58,Client sense comprar des de fa 773 dies. Historial previ de 1351 dies. Possible pèrdua de compte. Requereix trucada de reactivació.,,
1000065497,Asturias,Anestesia,perdut,1.0,2223.12,3509.09,0.0,733,2025-12-01,perdut,baixa,televenda,114.8,618,55.58,Client sense comprar des de fa 733 dies. Historial previ de 1307 dies. Possible pèrdua de compte. Requereix trucada de reactivació.,,
1000073655,Valladolid,Anestesia,perdut,1.0,2223.12,3823.15,0.0,221,2025-12-01,perdut,baixa,televenda,52.2,168,55.58,Client sense comprar des de fa 221 dies. Historial previ de 1788 dies. Possible pèrdua de compte. Requereix trucada de reactivació.,,
924,Valencia,Anestesia,perdut,0.533,2223.12,1184.44,1038.68,907,2025-12-01,perdut,baixa,televenda,142.0,765,55.58,Client sense comprar des de fa 907 dies. Historial previ de 1333 dies. Possible pèrdua de compte. Requereix trucada de reactivació.,,
20356,Gipúzkoa,Anestesia,perdut,1.0,2223.12,3452.46,0.0,872,2025-12-01,perdut,baixa,televenda,155.8,716,55.58,Client sense comprar des de fa 872 dies. Historial previ de 1651 dies. Possible pèrdua de compte. Requereix trucada de reactivació.,,
20450,Baleares,Anestesia,perdut,0.658,2223.12,1463.84,759.28,845,2025-12-01,perdut,baixa,televenda,287.5,557,55.58,Client sense comprar des de fa 845 dies. Historial previ de 1420 dies. Possible pèrdua de compte. Requereix trucada de reactivació.,,
26119,Navarra,Anestesia,perdut,1.0,2223.12,4298.95,0.0,438,2025-12-01,perdut,baixa,televenda,206.7,231,55.58,Client sense comprar des de fa 438 dies. Historial previ de 1678 dies. Possible pèrdua de compte. Requereix trucada de reactivació.,,
1000100385,Cuenca,Anestesia,perdut,1.0,2223.12,4174.6,0.0,307,2025-12-01,perdut,baixa,televenda,67.8,239,55.58,Client sense comprar des de fa 307 dies. Historial previ de 578 dies. Possible pèrdua de compte. Requereix trucada de reactivació.,,
1000073638,Madrid,Anestesia,perdut,1.0,2223.12,3141.5,0.0,670,2025-12-01,perdut,baixa,televenda,146.0,524,55.58,Client sense comprar des de fa 670 dies. Historial previ de 1692 dies. Possible pèrdua de compte. Requereix trucada de reactivació.,,
1000080502,Cantabria,Anestesia,perdut,0.752,2223.12,1672.86,550.26,794,2025-12-01,perdut,baixa,televenda,271.5,522,55.58,Client sense comprar des de fa 794 dies. Historial previ de 1337 dies. Possible pèrdua de compte. Requereix trucada de reactivació.,,
1000066400,,Anestesia,perdut,1.0,2223.12,7030.19,0.0,804,2025-12-01,perdut,baixa,televenda,94.3,709,55.58,Client sense comprar des de fa 804 dies. Historial previ de 1747 dies. Possible pèrdua de compte. Requereix trucada de reactivació.,,
1000079999,Sta.Cruz Tenerife,Anestesia,perdut,0.682,2223.12,1515.62,707.5,1159,2025-12-01,perdut,baixa,televenda,177.7,981,55.58,Client sense comprar des de fa 1159 dies. Historial previ de 1692 dies. Possible pèrdua de compte. Requereix trucada de reactivació.,,
18690,Madrid,Anestesia,perdut,0.672,2223.12,1493.42,729.7,1347,2025-12-01,perdut,baixa,televenda,127.0,1220,55.58,Client sense comprar des de fa 1347 dies. Historial previ de 1728 dies. Possible pèrdua de compte. Requereix trucada de reactivació.,,
26068,Cantabria,Anestesia,perdut,1.0,2223.12,7780.18,0.0,396,2025-12-01,perdut,baixa,televenda,146.2,249,55.58,Client sense comprar des de fa 396 dies. Historial previ de 1712 dies. Possible pèrdua de compte. Requereix trucada de reactivació.,,
1000080550,Valencia,Anestesia,perdut,0.712,2223.12,1582.12,641.0,1159,2025-12-01,perdut,baixa,televenda,310.0,849,55.58,Client sense comprar des de fa 1159 dies. Historial previ de 1469 dies. Possible pèrdua de compte. Requereix trucada de reactivació.,,
15511,Barcelona,Anestesia,perdut,1.0,2223.12,7107.59,0.0,544,2025-12-01,perdut,baixa,televenda,122.8,421,55.58,Client sense comprar des de fa 544 dies. Historial previ de 1649 dies. Possible pèrdua de compte. Requereix trucada de reactivació.,,
1000079894,Vizcaya,Anestesia,perdut,1.0,2223.12,3927.68,0.0,586,2025-12-01,perdut,baixa,televenda,228.0,358,55.58,Client sense comprar des de fa 586 dies. Historial previ de 1726 dies. Possible pèrdua de compte. Requereix trucada de reactivació.,,
1000080653,Barcelona,Anestesia,perdut,0.905,2223.12,2011.95,211.17,1650,2025-12-01,perdut,baixa,televenda,63.5,1586,55.58,Client sense comprar des de fa 1650 dies. Historial previ de 1777 dies. Possible pèrdua de compte. Requereix trucada de reactivació.,,
27852,Madrid,Anestesia,perdut,1.0,2223.12,9783.16,0.0,567,2025-12-01,perdut,baixa,televenda,148.6,418,55.58,Client sense comprar des de fa 567 dies. Historial previ de 1756 dies. Possible pèrdua de compte. Requereix trucada de reactivació.,,
27776,Almería,Anestesia,perdut,1.0,2223.12,2606.19,0.0,1250,2025-12-01,perdut,baixa,televenda,214.5,1035,55.58,Client sense comprar des de fa 1250 dies. Historial previ de 1679 dies. Possible pèrdua de compte. Requereix trucada de reactivació.,,
1000079899,Asturias,Anestesia,perdut,1.0,2223.12,4419.27,0.0,392,2025-12-01,perdut,baixa,televenda,106.3,285,55.58,Client sense comprar des de fa 392 dies. Historial previ de 1349 dies. Possible pèrdua de compte. Requereix trucada de reactivació.,,
27767,Jaén,Bioseguridad,perdut,1.0,2223.12,14986.75,0.0,186,2025-12-01,perdut,baixa,televenda,86.0,100,55.58,Client sense comprar des de fa 186 dies. Historial previ de 1734 dies. Possible pèrdua de compte. Requereix trucada de reactivació.,,
15855,Murcia,Anestesia,perdut,1.0,2223.12,2513.76,0.0,658,2025-12-01,perdut,baixa,televenda,257.5,400,55.58,Client sense comprar des de fa 658 dies. Historial previ de 1173 dies. Possible pèrdua de compte. Requereix trucada de reactivació.,,
1000075779,Asturias,Anestesia,perdut,0.947,2223.12,2105.34,117.78,551,2025-12-01,perdut,baixa,televenda,251.3,299,55.58,Client sense comprar des de fa 551 dies. Historial previ de 1305 dies. Possible pèrdua de compte. Requereix trucada de reactivació.,,
16640,Palencia,Anestesia,perdut,1.0,2223.12,8939.75,0.0,385,2025-12-01,perdut,baixa,televenda,112.6,272,55.58,Client sense comprar des de fa 385 dies. Historial previ de 1736 dies. Possible pèrdua de compte. Requereix trucada de reactivació.,,
1000065325,Las Palmas,Anestesia,perdut,1.0,2223.12,3326.53,0.0,759,2025-12-01,perdut,baixa,televenda,137.3,621,55.58,Client sense comprar des de fa 759 dies. Historial previ de 1720 dies. Possible pèrdua de compte. Requereix trucada de reactivació.,,
27294,Ciudad Real,Anestesia,perdut,1.0,2223.12,5657.08,0.0,495,2025-12-01,perdut,baixa,televenda,159.9,335,55.58,Client sense comprar des de fa 495 dies. Historial previ de 1614 dies. Possible pèrdua de compte. Requereix trucada de reactivació.,,
1000080549,Alicante,Anestesia,perdut,1.0,2223.12,2408.13,0.0,669,2025-12-01,perdut,baixa,televenda,15.0,654,55.58,Client sense comprar des de fa 669 dies. Historial previ de 684 dies. Possible pèrdua de compte. Requereix trucada de reactivació.,,
7735,Vizcaya,Anestesia,perdut,1.0,2223.12,2434.06,0.0,818,2025-12-01,perdut,baixa,televenda,318.7,499,55.58,Client sense comprar des de fa 818 dies. Historial previ de 1774 dies. Possible pèrdua de compte. Requereix trucada de reactivació.,,
1000100482,Cantabria,Anestesia,perdut,0.944,2223.12,2099.02,124.1,524,2025-12-01,perdut,baixa,televenda,244.0,280,55.58,Client sense comprar des de fa 524 dies. Historial previ de 768 dies. Possible pèrdua de compte. Requereix trucada de reactivació.,,
26902,Toledo,Anestesia,perdut,0.891,2223.12,1981.16,241.96,866,2025-12-01,perdut,baixa,televenda,407.0,459,55.58,Client sense comprar des de fa 866 dies. Historial previ de 1680 dies. Possible pèrdua de compte. Requereix trucada de reactivació.,,
17625,Pontevedra,Anestesia,perdut,1.0,2223.12,6428.13,0.0,735,2025-12-01,perdut,baixa,televenda,95.2,639,55.58,Client sense comprar des de fa 735 dies. Historial previ de 1782 dies. Possible pèrdua de compte. Requereix trucada de reactivació.,,
7750,Almería,Bioseguridad,perdut,1.0,2223.12,3761.19,0.0,164,2025-12-01,perdut,baixa,televenda,55.1,108,55.58,Client sense comprar des de fa 164 dies. Historial previ de 1762 dies. Possible pèrdua de compte. Requereix trucada de reactivació.,,
18020,A Coruña,Anestesia,perdut,1.0,2223.12,3308.18,0.0,1168,2025-12-01,perdut,baixa,televenda,115.0,1053,55.58,Client sense comprar des de fa 1168 dies. Historial previ de 1743 dies. Possible pèrdua de compte. Requereix trucada de reactivació.,,
18590,Asturias,Anestesia,perdut,0.737,2223.12,1638.14,584.98,1560,2025-12-01,perdut,baixa,televenda,74.0,1486,55.58,Client sense comprar des de fa 1560 dies. Historial previ de 1634 dies. Possible pèrdua de compte. Requereix trucada de reactivació.,,
1000100331,Las Palmas,Anestesia,perdut,1.0,2223.12,3113.88,0.0,315,2025-12-01,perdut,baixa,televenda,152.0,163,55.58,Client sense comprar des de fa 315 dies. Historial previ de 619 dies. Possible pèrdua de compte. Requereix trucada de reactivació.,,
1000066450,Madrid,Anestesia,perdut,1.0,2223.12,2417.83,0.0,1344,2025-12-01,perdut,baixa,televenda,81.0,1263,55.58,Client sense comprar des de fa 1344 dies. Historial previ de 1749 dies. Possible pèrdua de compte. Requereix trucada de reactivació.,,
1000100043,Valencia,Anestesia,perdut,0.618,2223.12,1374.69,848.43,1144,2025-12-01,perdut,baixa,televenda,103.5,1040,55.58,Client sense comprar des de fa 1144 dies. Historial previ de 1351 dies. Possible pèrdua de compte. Requereix trucada de reactivació.,,
1000070482,Sta.Cruz Tenerife,Anestesia,perdut,1.0,2223.12,7200.86,0.0,389,2025-12-01,perdut,baixa,televenda,173.6,215,55.58,Client sense comprar des de fa 389 dies. Historial previ de 1778 dies. Possible pèrdua de compte. Requereix trucada de reactivació.,,
22929,Madrid,Anestesia,perdut,1.0,2223.12,3164.72,0.0,1195,2025-12-01,perdut,baixa,televenda,139.8,1055,55.58,Client sense comprar des de fa 1195 dies. Historial previ de 1754 dies. Possible pèrdua de compte. Requereix trucada de reactivació.,,
1000080280,Sta.Cruz Tenerife,Anestesia,perdut,1.0,2223.12,5642.87,0.0,768,2025-12-01,perdut,baixa,televenda,92.2,675,55.58,Client sense comprar des de fa 768 dies. Historial previ de 1782 dies. Possible pèrdua de compte. Requereix trucada de reactivació.,,
1000080285,Madrid,Anestesia,perdut,1.0,2223.12,2239.07,0.0,788,2025-12-01,perdut,baixa,televenda,291.5,496,55.58,Client sense comprar des de fa 788 dies. Historial previ de 1371 dies. Possible pèrdua de compte. Requereix trucada de reactivació.,,
1000100159,Sta.Cruz Tenerife,Anestesia,perdut,1.0,2223.12,2799.56,0.0,419,2025-12-01,perdut,baixa,televenda,84.1,334,55.58,Client sense comprar des de fa 419 dies. Historial previ de 1008 dies. Possible pèrdua de compte. Requereix trucada de reactivació.,,
1000067996,Málaga,Anestesia,perdut,1.0,2223.12,2747.78,0.0,1314,2025-12-01,perdut,baixa,televenda,69.2,1244,55.58,Client sense comprar des de fa 1314 dies. Historial previ de 1729 dies. Possible pèrdua de compte. Requereix trucada de reactivació.,,
1000100000,Alicante,Anestesia,perdut,1.0,2223.12,2791.12,0.0,1271,2025-12-01,perdut,baixa,televenda,182.0,1089,55.58,Client sense comprar des de fa 1271 dies. Historial previ de 1635 dies. Possible pèrdua de compte. Requereix trucada de reactivació.,,
1137,Valencia,Anestesia,perdut,1.0,2223.12,4195.99,0.0,312,2025-12-01,perdut,baixa,televenda,145.2,166,55.58,Client sense comprar des de fa 312 dies. Historial previ de 893 dies. Possible pèrdua de compte. Requereix trucada de reactivació.,,
1000070578,Granada,Anestesia,perdut,0.819,2223.12,1819.82,403.3,1376,2025-12-01,perdut,baixa,televenda,8.0,1368,55.58,Client sense comprar des de fa 1376 dies. Historial previ de 1384 dies. Possible pèrdua de compte. Requereix trucada de reactivació.,,
24860,Madrid,Anestesia,perdut,1.0,2223.12,3227.81,0.0,721,2025-12-01,perdut,baixa,televenda,204.2,516,55.58,Client sense comprar des de fa 721 dies. Historial previ de 1742 dies. Possible pèrdua de compte. Requereix trucada de reactivació.,,
1000100131,Madrid,Anestesia,perdut,1.0,2223.12,4361.75,0.0,200,2025-12-01,perdut,baixa,televenda,91.9,108,55.58,Client sense comprar des de fa 200 dies. Historial previ de 1027 dies. Possible pèrdua de compte. Requereix trucada de reactivació.,,
1000080082,Murcia,Anestesia,perdut,0.861,2223.12,1915.14,307.98,619,2025-12-01,perdut,baixa,televenda,294.0,325,55.58,Client sense comprar des de fa 619 dies. Historial previ de 1501 dies. Possible pèrdua de compte. Requereix trucada de reactivació.,,
24838,Granada,Anestesia,perdut,0.923,2223.12,2052.06,171.06,1270,2025-12-01,perdut,baixa,televenda,214.5,1055,55.58,Client sense comprar des de fa 1270 dies. Historial previ de 1699 dies. Possible pèrdua de compte. Requereix trucada de reactivació.,,
23568,Madrid,Anestesia,perdut,1.0,2223.12,4169.65,0.0,689,2025-12-01,perdut,baixa,televenda,200.8,488,55.58,Client sense comprar des de fa 689 dies. Historial previ de 1693 dies. Possible pèrdua de compte. Requereix trucada de reactivació.,,
23582,Sta.Cruz Tenerife,Anestesia,perdut,0.529,2223.12,1175.69,1047.43,864,2025-12-01,perdut,baixa,televenda,266.3,597,55.58,Client sense comprar des de fa 864 dies. Historial previ de 1663 dies. Possible pèrdua de compte. Requereix trucada de reactivació.,,
1000070089,Granada,Anestesia,perdut,1.0,2223.12,3229.37,0.0,1279,2025-12-01,perdut,baixa,televenda,101.8,1177,55.58,Client sense comprar des de fa 1279 dies. Historial previ de 1788 dies. Possible pèrdua de compte. Requereix trucada de reactivació.,,
1000068248,Barcelona,Anestesia,perdut,1.0,2223.12,6692.89,0.0,787,2025-12-01,perdut,baixa,televenda,85.5,701,55.58,Client sense comprar des de fa 787 dies. Historial previ de 1728 dies. Possible pèrdua de compte. Requereix trucada de reactivació.,,
1000068344,Jaén,Anestesia,perdut,1.0,2223.12,3637.5,0.0,1225,2025-12-01,perdut,baixa,televenda,277.0,948,55.58,Client sense comprar des de fa 1225 dies. Historial previ de 1502 dies. Possible pèrdua de compte. Requereix trucada de reactivació.,,
1000068972,Sta.Cruz Tenerife,Anestesia,perdut,0.551,2223.12,1225.01,998.11,706,2025-12-01,perdut,baixa,televenda,342.5,363,55.58,Client sense comprar des de fa 706 dies. Historial previ de 1391 dies. Possible pèrdua de compte. Requereix trucada de reactivació.,,
1000080357,Castellón,Anestesia,perdut,1.0,2223.12,4587.74,0.0,976,2025-12-01,perdut,baixa,televenda,111.5,864,55.58,Client sense comprar des de fa 976 dies. Historial previ de 1645 dies. Possible pèrdua de compte. Requereix trucada de reactivació.,,
1000069528,Alicante,Anestesia,perdut,1.0,2223.12,7043.07,0.0,957,2025-12-01,perdut,baixa,televenda,90.0,867,55.58,Client sense comprar des de fa 957 dies. Historial previ de 1677 dies. Possible pèrdua de compte. Requereix trucada de reactivació.,,
1000082794,Barcelona,Anestesia,perdut,0.575,2223.12,1277.35,945.77,915,2025-12-01,perdut,baixa,televenda,64.0,851,55.58,Client sense comprar des de fa 915 dies. Historial previ de 1043 dies. Possible pèrdua de compte. Requereix trucada de reactivació.,,
1000080429,Madrid,Anestesia,perdut,0.93,2223.12,2066.75,156.37,1372,2025-12-01,perdut,baixa,televenda,181.0,1191,55.58,Client sense comprar des de fa 1372 dies. Historial previ de 1734 dies. Possible pèrdua de compte. Requereix trucada de reactivació.,,
1000080434,Cáceres,Anestesia,perdut,1.0,2223.12,7877.11,0.0,822,2025-12-01,perdut,baixa,televenda,138.1,683,55.58,Client sense comprar des de fa 822 dies. Historial previ de 1789 dies. Possible pèrdua de compte. Requereix trucada de reactivació.,,
1000067685,Asturias,Anestesia,perdut,1.0,2223.12,12115.78,0.0,306,2025-12-01,perdut,baixa,televenda,122.3,183,55.58,Client sense comprar des de fa 306 dies. Historial previ de 1774 dies. Possible pèrdua de compte. Requereix trucada de reactivació.,,
25823,,Anestesia,perdut,1.0,2223.12,4859.72,0.0,1021,2025-12-01,perdut,baixa,televenda,74.4,946,55.58,Client sense comprar des de fa 1021 dies. Historial previ de 1393 dies. Possible pèrdua de compte. Requereix trucada de reactivació.,,
21682,A Coruña,Anestesia,perdut,1.0,2223.12,3688.78,0.0,1225,2025-12-01,perdut,baixa,televenda,251.0,974,55.58,Client sense comprar des de fa 1225 dies. Historial previ de 1727 dies. Possible pèrdua de compte. Requereix trucada de reactivació.,,
25605,Madrid,Anestesia,perdut,0.629,2223.12,1397.35,825.77,885,2025-12-01,perdut,baixa,televenda,200.7,684,55.58,Client sense comprar des de fa 885 dies. Historial previ de 1487 dies. Possible pèrdua de compte. Requereix trucada de reactivació.,,
1000080128,Pontevedra,Anestesia,perdut,0.955,2223.12,2123.7,99.42,1489,2025-12-01,perdut,baixa,televenda,90.3,1398,55.58,Client sense comprar des de fa 1489 dies. Historial previ de 1760 dies. Possible pèrdua de compte. Requereix trucada de reactivació.,,
1000080161,Madrid,Anestesia,perdut,1.0,2223.12,5614.34,0.0,223,2025-12-01,perdut,baixa,televenda,32.6,190,55.58,Client sense comprar des de fa 223 dies. Historial previ de 1789 dies. Possible pèrdua de compte. Requereix trucada de reactivació.,,
1000082779,Madrid,Anestesia,perdut,1.0,2223.12,5102.62,0.0,363,2025-12-01,perdut,baixa,televenda,172.5,190,55.58,Client sense comprar des de fa 363 dies. Historial previ de 1053 dies. Possible pèrdua de compte. Requereix trucada de reactivació.,,
1000080181,Barcelona,Anestesia,perdut,1.0,2223.12,9779.18,0.0,774,2025-12-01,perdut,baixa,televenda,39.6,734,55.58,Client sense comprar des de fa 774 dies. Historial previ de 1764 dies. Possible pèrdua de compte. Requereix trucada de reactivació.,,
22364,Las Palmas,Bioseguridad,perdut,1.0,2223.12,5666.86,0.0,311,2025-12-01,perdut,baixa,televenda,120.4,190,55.58,Client sense comprar des de fa 311 dies. Historial previ de 1756 dies. Possible pèrdua de compte. Requereix trucada de reactivació.,,
1000067436,Granada,Anestesia,perdut,1.0,2223.12,6214.61,0.0,397,2025-12-01,perdut,baixa,televenda,195.7,201,55.58,Client sense comprar des de fa 397 dies. Historial previ de 1767 dies. Possible pèrdua de compte. Requereix trucada de reactivació.,,
1000080212,Almería,Anestesia,perdut,1.0,2223.12,3362.63,0.0,1273,2025-12-01,perdut,baixa,televenda,250.5,1022,55.58,Client sense comprar des de fa 1273 dies. Historial previ de 1774 dies. Possible pèrdua de compte. Requereix trucada de reactivació.,,
1000067437,Pontevedra,Anestesia,perdut,0.591,2223.12,1313.81,909.31,1293,2025-12-01,perdut,baixa,televenda,161.7,1131,55.58,Client sense comprar des de fa 1293 dies. Historial previ de 1778 dies. Possible pèrdua de compte. Requereix trucada de reactivació.,,
1000071762,Madrid,Bioseguridad,perdut,1.0,2223.12,3880.12,0.0,356,2025-12-01,perdut,baixa,televenda,146.6,209,55.58,Client sense comprar des de fa 356 dies. Historial previ de 1382 dies. Possible pèrdua de compte. Requereix trucada de reactivació.,,
1000067455,Almería,Anestesia,perdut,1.0,2223.12,3767.43,0.0,154,2025-12-01,perdut,baixa,televenda,71.7,82,55.58,Client sense comprar des de fa 154 dies. Historial previ de 656 dies. Possible pèrdua de compte. Requereix trucada de reactivació.,,
22526,Barcelona,Anestesia,perdut,1.0,2223.12,5145.66,0.0,929,2025-12-01,perdut,baixa,televenda,152.6,776,55.58,Client sense comprar des de fa 929 dies. Historial previ de 1692 dies. Possible pèrdua de compte. Requereix trucada de reactivació.,,
1000080471,Las Palmas,Anestesia,perdut,1.0,2223.12,7658.35,0.0,292,2025-12-01,perdut,baixa,televenda,132.4,159,55.58,Client sense comprar des de fa 292 dies. Historial previ de 1748 dies. Possible pèrdua de compte. Requereix trucada de reactivació.,,
1000071606,Madrid,Anestesia,perdut,1.0,2223.12,5805.14,0.0,518,2025-12-01,perdut,baixa,televenda,163.4,354,55.58,Client sense comprar des de fa 518 dies. Historial previ de 1662 dies. Possible pèrdua de compte. Requereix trucada de reactivació.,,
1000071519,Vizcaya,Anestesia,perdut,1.0,2223.12,2246.24,0.0,1139,2025-12-01,perdut,baixa,televenda,164.5,974,55.58,Client sense comprar des de fa 1139 dies. Historial previ de 1468 dies. Possible pèrdua de compte. Requereix trucada de reactivació.,,
25266,Madrid,Anestesia,perdut,1.0,2223.12,5902.45,0.0,571,2025-12-01,perdut,baixa,televenda,185.8,385,55.58,Client sense comprar des de fa 571 dies. Historial previ de 1686 dies. Possible pèrdua de compte. Requereix trucada de reactivació.,,
1000071186,Madrid,Anestesia,perdut,1.0,2223.12,4469.82,0.0,1075,2025-12-01,perdut,baixa,televenda,107.8,967,55.58,Client sense comprar des de fa 1075 dies. Historial previ de 1722 dies. Possible pèrdua de compte. Requereix trucada de reactivació.,,
1000063245,Girona,Anestesia,perdut,1.0,2223.12,2513.61,0.0,647,2025-12-01,perdut,baixa,televenda,295.0,352,55.58,Client sense comprar des de fa 647 dies. Historial previ de 942 dies. Possible pèrdua de compte. Requereix trucada de reactivació.,,
29853,Barcelona,Anestesia,perdut,0.808,2223.12,1797.0,426.12,1369,2025-12-01,perdut,baixa,televenda,182.0,1187,55.58,Client sense comprar des de fa 1369 dies. Historial previ de 1733 dies. Possible pèrdua de compte. Requereix trucada de reactivació.,,
1000062003,Sevilla,Anestesia,perdut,1.0,2223.12,6168.88,0.0,1154,2025-12-01,perdut,baixa,televenda,193.3,960,55.58,Client sense comprar des de fa 1154 dies. Historial previ de 1734 dies. Possible pèrdua de compte. Requereix trucada de reactivació.,,
39082,Álava,Anestesia,perdut,1.0,2223.12,6226.04,0.0,745,2025-12-01,perdut,baixa,televenda,42.1,702,55.58,Client sense comprar des de fa 745 dies. Historial previ de 1756 dies. Possible pèrdua de compte. Requereix trucada de reactivació.,,
38918,Barcelona,Anestesia,perdut,1.0,2223.12,5888.88,0.0,1175,2025-12-01,perdut,baixa,televenda,157.7,1017,55.58,Client sense comprar des de fa 1175 dies. Historial previ de 1648 dies. Possible pèrdua de compte. Requereix trucada de reactivació.,,
42219,Ceuta,Anestesia,perdut,1.0,2223.12,3089.31,0.0,1312,2025-12-01,perdut,baixa,televenda,28.0,1284,55.58,Client sense comprar des de fa 1312 dies. Historial previ de 1368 dies. Possible pèrdua de compte. Requereix trucada de reactivació.,,
38671,Almería,Anestesia,perdut,1.0,2223.12,6058.48,0.0,586,2025-12-01,perdut,baixa,televenda,195.2,390,55.58,Client sense comprar des de fa 586 dies. Historial previ de 1757 dies. Possible pèrdua de compte. Requereix trucada de reactivació.,,
38636,Orense,Bioseguridad,perdut,1.0,2223.12,2459.24,0.0,1161,2025-12-01,perdut,baixa,televenda,117.0,1044,55.58,Client sense comprar des de fa 1161 dies. Historial previ de 1746 dies. Possible pèrdua de compte. Requereix trucada de reactivació.,,
1000081835,Madrid,Anestesia,perdut,1.0,2223.12,6200.68,0.0,391,2025-12-01,perdut,baixa,televenda,134.9,256,55.58,Client sense comprar des de fa 391 dies. Historial previ de 1740 dies. Possible pèrdua de compte. Requereix trucada de reactivació.,,
38542,Gipúzkoa,Anestesia,perdut,1.0,2223.12,2482.83,0.0,748,2025-12-01,perdut,baixa,televenda,340.7,407,55.58,Client sense comprar des de fa 748 dies. Historial previ de 1770 dies. Possible pèrdua de compte. Requereix trucada de reactivació.,,
1842,Pontevedra,Anestesia,perdut,1.0,2223.12,6046.6,0.0,461,2025-12-01,perdut,baixa,televenda,143.2,317,55.58,Client sense comprar des de fa 461 dies. Historial previ de 1750 dies. Possible pèrdua de compte. Requereix trucada de reactivació.,,
1000081322,Madrid,Anestesia,perdut,1.0,2223.12,3265.06,0.0,1389,2025-12-01,perdut,baixa,televenda,74.2,1314,55.58,Client sense comprar des de fa 1389 dies. Historial previ de 1760 dies. Possible pèrdua de compte. Requereix trucada de reactivació.,,
1818,Las Palmas,Anestesia,perdut,1.0,2223.12,4736.84,0.0,290,2025-12-01,perdut,baixa,televenda,98.7,191,55.58,Client sense comprar des de fa 290 dies. Historial previ de 1771 dies. Possible pèrdua de compte. Requereix trucada de reactivació.,,
42310,Málaga,Anestesia,perdut,1.0,2223.12,2851.3,0.0,391,2025-12-01,perdut,baixa,televenda,53.5,337,55.58,Client sense comprar des de fa 391 dies. Historial previ de 1300 dies. Possible pèrdua de compte. Requereix trucada de reactivació.,,
42334,Huelva,Anestesia,perdut,1.0,2223.12,3209.15,0.0,628,2025-12-01,perdut,baixa,televenda,109.3,518,55.58,Client sense comprar des de fa 628 dies. Historial previ de 1284 dies. Possible pèrdua de compte. Requereix trucada de reactivació.,,
37942,,Anestesia,perdut,1.0,2223.12,5786.89,0.0,502,2025-12-01,perdut,baixa,televenda,217.0,285,55.58,Client sense comprar des de fa 502 dies. Historial previ de 1370 dies. Possible pèrdua de compte. Requereix trucada de reactivació.,,
42387,Vizcaya,Anestesia,perdut,0.726,2223.12,1613.33,609.79,992,2025-12-01,perdut,baixa,televenda,203.0,789,55.58,Client sense comprar des de fa 992 dies. Historial previ de 1195 dies. Possible pèrdua de compte. Requereix trucada de reactivació.,,
42428,Madrid,Anestesia,perdut,0.952,2223.12,2116.54,106.58,1095,2025-12-01,perdut,baixa,televenda,35.0,1060,55.58,Client sense comprar des de fa 1095 dies. Historial previ de 1130 dies. Possible pèrdua de compte. Requereix trucada de reactivació.,,
42456,Gipúzkoa,Anestesia,perdut,0.54,2223.12,1199.45,1023.67,1084,2025-12-01,perdut,baixa,televenda,14.0,1070,55.58,Client sense comprar des de fa 1084 dies. Historial previ de 1098 dies. Possible pèrdua de compte. Requereix trucada de reactivació.,,
42494,Albacete,Anestesia,perdut,0.844,2223.12,1877.21,345.91,117,2025-12-01,perdut,baixa,televenda,31.3,85,55.58,Client sense comprar des de fa 117 dies. Historial previ de 994 dies. Possible pèrdua de compte. Requereix trucada de reactivació.,,
1000081960,Sta.Cruz Tenerife,Anestesia,perdut,1.0,2223.12,2296.61,0.0,1049,2025-12-01,perdut,baixa,televenda,177.3,871,55.58,Client sense comprar des de fa 1049 dies. Historial previ de 1581 dies. Possible pèrdua de compte. Requereix trucada de reactivació.,,
37339,Girona,Anestesia,perdut,0.62,2223.12,1377.61,845.51,377,2025-12-01,perdut,baixa,televenda,172.0,205,55.58,Client sense comprar des de fa 377 dies. Historial previ de 549 dies. Possible pèrdua de compte. Requereix trucada de reactivació.,,
37189,Lleida,Anestesia,perdut,1.0,2223.12,3060.9,0.0,1104,2025-12-01,perdut,baixa,televenda,175.5,928,55.58,Client sense comprar des de fa 1104 dies. Historial previ de 1455 dies. Possible pèrdua de compte. Requereix trucada de reactivació.,,
36795,Palencia,Bioseguridad,perdut,1.0,2223.12,2249.85,0.0,1470,2025-12-01,perdut,baixa,televenda,110.0,1360,55.58,Client sense comprar des de fa 1470 dies. Historial previ de 1690 dies. Possible pèrdua de compte. Requereix trucada de reactivació.,,
6809,Cádiz,Anestesia,perdut,1.0,2223.12,3364.68,0.0,445,2025-12-01,perdut,baixa,televenda,191.1,253,55.58,Client sense comprar des de fa 445 dies. Historial previ de 1783 dies. Possible pèrdua de compte. Requereix trucada de reactivació.,,
1000081213,Barcelona,Anestesia,perdut,0.887,2223.12,1972.4,250.72,1169,2025-12-01,perdut,baixa,televenda,112.0,1057,55.58,Client sense comprar des de fa 1169 dies. Historial previ de 1505 dies. Possible pèrdua de compte. Requereix trucada de reactivació.,,
1000081188,Granada,Anestesia,perdut,1.0,2223.12,7944.84,0.0,1063,2025-12-01,perdut,baixa,televenda,56.1,1006,55.58,Client sense comprar des de fa 1063 dies. Historial previ de 1792 dies. Possible pèrdua de compte. Requereix trucada de reactivació.,,
36156,Vizcaya,Anestesia,perdut,1.0,2223.12,2397.55,0.0,759,2025-12-01,perdut,baixa,televenda,173.5,585,55.58,Client sense comprar des de fa 759 dies. Historial previ de 1106 dies. Possible pèrdua de compte. Requereix trucada de reactivació.,,
36119,Huelva,Anestesia,perdut,1.0,2223.12,2633.68,0.0,411,2025-12-01,perdut,baixa,televenda,163.7,247,55.58,Client sense comprar des de fa 411 dies. Historial previ de 902 dies. Possible pèrdua de compte. Requereix trucada de reactivació.,,
35972,Barcelona,Bioseguridad,perdut,1.0,2223.12,6203.29,0.0,725,2025-12-01,perdut,baixa,televenda,66.1,658,55.58,Client sense comprar des de fa 725 dies. Historial previ de 1782 dies. Possible pèrdua de compte. Requereix trucada de reactivació.,,
42718,Madrid,Anestesia,perdut,1.0,2223.12,2677.8,0.0,349,2025-12-01,perdut,baixa,televenda,98.0,251,55.58,Client sense comprar des de fa 349 dies. Historial previ de 545 dies. Possible pèrdua de compte. Requereix trucada de reactivació.,,
1000082084,Granada,Anestesia,perdut,0.637,2223.12,1415.35,807.77,1169,2025-12-01,perdut,baixa,televenda,221.0,948,55.58,Client sense comprar des de fa 1169 dies. Historial previ de 1390 dies. Possible pèrdua de compte. Requereix trucada de reactivació.,,
35686,Granada,Anestesia,perdut,1.0,2223.12,16886.27,0.0,713,2025-12-01,perdut,baixa,televenda,187.2,525,55.58,Client sense comprar des de fa 713 dies. Historial previ de 1649 dies. Possible pèrdua de compte. Requereix trucada de reactivació.,,
6471,Madrid,Anestesia,perdut,0.681,2223.12,1513.8,709.32,915,2025-12-01,perdut,baixa,televenda,312.5,602,55.58,Client sense comprar des de fa 915 dies. Historial previ de 1540 dies. Possible pèrdua de compte. Requereix trucada de reactivació.,,
1000081817,Madrid,Anestesia,perdut,0.973,2223.12,2163.02,60.1,640,2025-12-01,perdut,baixa,televenda,268.7,371,55.58,Client sense comprar des de fa 640 dies. Historial previ de 1446 dies. Possible pèrdua de compte. Requereix trucada de reactivació.,,
1000082089,Barcelona,Anestesia,perdut,1.0,2223.12,7468.77,0.0,208,2025-12-01,perdut,baixa,televenda,86.4,121,55.58,Client sense comprar des de fa 208 dies. Historial previ de 1676 dies. Possible pèrdua de compte. Requereix trucada de reactivació.,,
39272,Badajoz,Anestesia,perdut,1.0,2223.12,5165.44,0.0,789,2025-12-01,perdut,baixa,televenda,251.7,537,55.58,Client sense comprar des de fa 789 dies. Historial previ de 1544 dies. Possible pèrdua de compte. Requereix trucada de reactivació.,,
1000081527,Granada,Anestesia,perdut,1.0,2223.12,4475.17,0.0,1125,2025-12-01,perdut,baixa,televenda,76.9,1048,55.58,Client sense comprar des de fa 1125 dies. Historial previ de 1740 dies. Possible pèrdua de compte. Requereix trucada de reactivació.,,
41208,Álava,Anestesia,perdut,0.918,2223.12,2040.62,182.5,607,2025-12-01,perdut,baixa,televenda,16.0,591,55.58,Client sense comprar des de fa 607 dies. Historial previ de 623 dies. Possible pèrdua de compte. Requereix trucada de reactivació.,,
2083,Pontevedra,Anestesia,perdut,1.0,2223.12,2448.73,0.0,979,2025-12-01,perdut,baixa,televenda,384.5,594,55.58,Client sense comprar des de fa 979 dies. Historial previ de 1748 dies. Possible pèrdua de compte. Requereix trucada de reactivació.,,
1000081558,Vizcaya,Anestesia,perdut,1.0,2223.12,14881.99,0.0,655,2025-12-01,perdut,baixa,televenda,137.4,517,55.58,Client sense comprar des de fa 655 dies. Historial previ de 1617 dies. Possible pèrdua de compte. Requereix trucada de reactivació.,,
40994,Almería,Anestesia,perdut,1.0,2223.12,6361.1,0.0,258,2025-12-01,perdut,baixa,televenda,115.2,142,55.58,Client sense comprar des de fa 258 dies. Historial previ de 1756 dies. Possible pèrdua de compte. Requereix trucada de reactivació.,,
41409,Madrid,Anestesia,perdut,0.978,2223.12,2175.32,47.8,1348,2025-12-01,perdut,baixa,televenda,131.7,1216,55.58,Client sense comprar des de fa 1348 dies. Historial previ de 1743 dies. Possible pèrdua de compte. Requereix trucada de reactivació.,,
40885,Zaragoza,Anestesia,perdut,1.0,2223.12,3834.26,0.0,1168,2025-12-01,perdut,baixa,televenda,189.0,979,55.58,Client sense comprar des de fa 1168 dies. Historial previ de 1735 dies. Possible pèrdua de compte. Requereix trucada de reactivació.,,
41536,A Coruña,Anestesia,perdut,1.0,2223.12,11494.15,0.0,510,2025-12-01,perdut,baixa,televenda,121.8,388,55.58,Client sense comprar des de fa 510 dies. Historial previ de 1728 dies. Possible pèrdua de compte. Requereix trucada de reactivació.,,
40833,Ciudad Real,Anestesia,perdut,0.973,2223.12,2163.69,59.43,145,2025-12-01,perdut,baixa,televenda,47.5,97,55.58,Client sense comprar des de fa 145 dies. Historial previ de 1665 dies. Possible pèrdua de compte. Requereix trucada de reactivació.,,
40832,Gipúzkoa,Anestesia,perdut,1.0,2223.12,11325.9,0.0,745,2025-12-01,perdut,baixa,televenda,84.6,660,55.58,Client sense comprar des de fa 745 dies. Historial previ de 1760 dies. Possible pèrdua de compte. Requereix trucada de reactivació.,,
1000081468,Barcelona,Anestesia,perdut,0.867,2223.12,1926.69,296.43,756,2025-12-01,perdut,baixa,televenda,321.0,435,55.58,Client sense comprar des de fa 756 dies. Historial previ de 1719 dies. Possible pèrdua de compte. Requereix trucada de reactivació.,,
40707,Almería,Anestesia,perdut,0.836,2223.12,1857.6,365.52,1524,2025-12-01,perdut,baixa,televenda,59.0,1465,55.58,Client sense comprar des de fa 1524 dies. Historial previ de 1760 dies. Possible pèrdua de compte. Requereix trucada de reactivació.,,
1000081424,Castellón,Anestesia,perdut,1.0,2223.12,2665.3,0.0,1025,2025-12-01,perdut,baixa,televenda,180.7,844,55.58,Client sense comprar des de fa 1025 dies. Historial previ de 1567 dies. Possible pèrdua de compte. Requereix trucada de reactivació.,,
2114,Pontevedra,Anestesia,perdut,0.799,2223.12,1776.03,447.09,600,2025-12-01,perdut,baixa,televenda,148.6,451,55.58,Client sense comprar des de fa 600 dies. Historial previ de 1789 dies. Possible pèrdua de compte. Requereix trucada de reactivació.,,
40588,Soria,Bioseguridad,perdut,1.0,2223.12,3393.23,0.0,361,2025-12-01,perdut,baixa,televenda,128.7,232,55.58,Client sense comprar des de fa 361 dies. Historial previ de 1133 dies. Possible pèrdua de compte. Requereix trucada de reactivació.,,
40526,Madrid,Anestesia,perdut,0.593,2223.12,1318.8,904.32,1273,2025-12-01,perdut,baixa,televenda,205.0,1068,55.58,Client sense comprar des de fa 1273 dies. Historial previ de 1683 dies. Possible pèrdua de compte. Requereix trucada de reactivació.,,
1000081701,Valladolid,Anestesia,perdut,0.521,2223.12,1159.35,1063.77,805,2025-12-01,perdut,baixa,televenda,311.0,494,55.58,Client sense comprar des de fa 805 dies. Historial previ de 1116 dies. Possible pèrdua de compte. Requereix trucada de reactivació.,,
41924,Madrid,Anestesia,perdut,1.0,2223.12,2909.2,0.0,733,2025-12-01,perdut,baixa,televenda,170.7,562,55.58,Client sense comprar des de fa 733 dies. Historial previ de 1757 dies. Possible pèrdua de compte. Requereix trucada de reactivació.,,
6213,Madrid,Anestesia,perdut,0.757,2223.12,1682.42,540.7,868,2025-12-01,perdut,baixa,televenda,290.0,578,55.58,Client sense comprar des de fa 868 dies. Historial previ de 1448 dies. Possible pèrdua de compte. Requereix trucada de reactivació.,,
40280,Lugo,Anestesia,perdut,1.0,2223.12,7490.39,0.0,297,2025-12-01,perdut,baixa,televenda,140.3,156,55.58,Client sense comprar des de fa 297 dies. Historial previ de 1700 dies. Possible pèrdua de compte. Requereix trucada de reactivació.,,
1000081733,Zaragoza,Anestesia,perdut,1.0,2223.12,4848.32,0.0,440,2025-12-01,perdut,baixa,televenda,120.6,319,55.58,Client sense comprar des de fa 440 dies. Historial previ de 1043 dies. Possible pèrdua de compte. Requereix trucada de reactivació.,,
39974,León,Anestesia,perdut,0.721,2223.12,1602.03,621.09,1636,2025-12-01,perdut,baixa,televenda,76.5,1559,55.58,Client sense comprar des de fa 1636 dies. Historial previ de 1789 dies. Possible pèrdua de compte. Requereix trucada de reactivació.,,
41970,Gipúzkoa,Anestesia,perdut,1.0,2223.12,4129.62,0.0,790,2025-12-01,perdut,baixa,televenda,138.0,652,55.58,Client sense comprar des de fa 790 dies. Historial previ de 1756 dies. Possible pèrdua de compte. Requereix trucada de reactivació.,,
1000081341,Sevilla,Bioseguridad,perdut,0.0,2223.12,0.0,2223.12,1404,2025-12-01,perdut,baixa,televenda,,1404,55.58,Client sense comprar des de fa 1404 dies. Historial previ de 1404 dies. Possible pèrdua de compte. Requereix trucada de reactivació.,,
41988,Gipúzkoa,Anestesia,perdut,1.0,2223.12,4087.86,0.0,727,2025-12-01,perdut,baixa,televenda,144.0,583,55.58,Client sense comprar des de fa 727 dies. Historial previ de 1735 dies. Possible pèrdua de compte. Requereix trucada de reactivació.,,
39691,Badajoz,Anestesia,perdut,1.0,2223.12,2888.93,0.0,1263,2025-12-01,perdut,baixa,televenda,173.0,1090,55.58,Client sense comprar des de fa 1263 dies. Historial previ de 1609 dies. Possible pèrdua de compte. Requereix trucada de reactivació.,,
39600,Madrid,Anestesia,perdut,1.0,2223.12,3007.05,0.0,276,2025-12-01,perdut,baixa,televenda,128.2,147,55.58,Client sense comprar des de fa 276 dies. Historial previ de 789 dies. Possible pèrdua de compte. Requereix trucada de reactivació.,,
42096,Sta.Cruz Tenerife,Anestesia,perdut,1.0,2223.12,5639.62,0.0,584,2025-12-01,perdut,baixa,televenda,80.7,503,55.58,Client sense comprar des de fa 584 dies. Historial previ de 1552 dies. Possible pèrdua de compte. Requereix trucada de reactivació.,,
1000081808,Cáceres,Anestesia,perdut,1.0,2223.12,5287.83,0.0,1272,2025-12-01,perdut,baixa,televenda,104.0,1168,55.58,Client sense comprar des de fa 1272 dies. Historial previ de 1792 dies. Possible pèrdua de compte. Requereix trucada de reactivació.,,
1000081174,Córdoba,Anestesia,perdut,0.631,2223.12,1402.71,820.41,914,2025-12-01,perdut,baixa,televenda,273.0,641,55.58,Client sense comprar des de fa 914 dies. Historial previ de 1460 dies. Possible pèrdua de compte. Requereix trucada de reactivació.,,
5134,Jaén,Anestesia,perdut,1.0,2223.12,4449.36,0.0,545,2025-12-01,perdut,baixa,televenda,216.4,328,55.58,Client sense comprar des de fa 545 dies. Historial previ de 1627 dies. Possible pèrdua de compte. Requereix trucada de reactivació.,,
1000082627,Sta.Cruz Tenerife,Anestesia,perdut,1.0,2223.12,4757.71,0.0,557,2025-12-01,perdut,baixa,televenda,209.7,347,55.58,Client sense comprar des de fa 557 dies. Historial previ de 1186 dies. Possible pèrdua de compte. Requereix trucada de reactivació.,,
30459,Almería,Anestesia,perdut,1.0,2223.12,2795.09,0.0,550,2025-12-01,perdut,baixa,televenda,60.2,489,55.58,Client sense comprar des de fa 550 dies. Historial previ de 1754 dies. Possible pèrdua de compte. Requereix trucada de reactivació.,,
30272,Madrid,Anestesia,perdut,1.0,2223.12,3182.36,0.0,719,2025-12-01,perdut,baixa,televenda,158.5,560,55.58,Client sense comprar des de fa 719 dies. Historial previ de 1670 dies. Possible pèrdua de compte. Requereix trucada de reactivació.,,
1314,Navarra,Anestesia,perdut,1.0,2223.12,5408.4,0.0,1026,2025-12-01,perdut,baixa,televenda,106.4,919,55.58,Client sense comprar des de fa 1026 dies. Historial previ de 1771 dies. Possible pèrdua de compte. Requereix trucada de reactivació.,,
30222,,Anestesia,perdut,1.0,2223.12,7119.41,0.0,880,2025-12-01,perdut,baixa,televenda,249.3,630,55.58,Client sense comprar des de fa 880 dies. Historial previ de 1628 dies. Possible pèrdua de compte. Requereix trucada de reactivació.,,
1000082407,Almería,Anestesia,perdut,0.737,2223.12,1639.45,583.67,1104,2025-12-01,perdut,baixa,televenda,146.5,957,55.58,Client sense comprar des de fa 1104 dies. Historial previ de 1397 dies. Possible pèrdua de compte. Requereix trucada de reactivació.,,
1000082412,Granada,Anestesia,perdut,0.943,2223.12,2095.6,127.52,802,2025-12-01,perdut,baixa,televenda,295.0,507,55.58,Client sense comprar des de fa 802 dies. Historial previ de 1392 dies. Possible pèrdua de compte. Requereix trucada de reactivació.,,
1000080898,Granada,Anestesia,perdut,1.0,2223.12,2237.68,0.0,732,2025-12-01,perdut,baixa,televenda,262.8,469,55.58,Client sense comprar des de fa 732 dies. Historial previ de 1783 dies. Possible pèrdua de compte. Requereix trucada de reactivació.,,
1000082420,Madrid,Anestesia,perdut,0.651,2223.12,1447.6,775.52,1291,2025-12-01,perdut,baixa,televenda,47.0,1244,55.58,Client sense comprar des de fa 1291 dies. Historial previ de 1385 dies. Possible pèrdua de compte. Requereix trucada de reactivació.,,
29716,Pontevedra,Bioseguridad,perdut,1.0,2223.12,8577.87,0.0,203,2025-12-01,perdut,baixa,televenda,48.3,154,55.58,Client sense comprar des de fa 203 dies. Historial previ de 1748 dies. Possible pèrdua de compte. Requereix trucada de reactivació.,,
29712,Vizcaya,Anestesia,perdut,1.0,2223.12,5340.55,0.0,537,2025-12-01,perdut,baixa,televenda,129.1,407,55.58,Client sense comprar des de fa 537 dies. Historial previ de 1441 dies. Possible pèrdua de compte. Requereix trucada de reactivació.,,
1000056400,Barcelona,Anestesia,perdut,1.0,2223.12,2649.19,0.0,460,2025-12-01,perdut,baixa,televenda,222.0,238,55.58,Client sense comprar des de fa 460 dies. Historial previ de 1792 dies. Possible pèrdua de compte. Requereix trucada de reactivació.,,
1000082490,Zaragoza,Anestesia,perdut,0.912,2223.12,2026.38,196.74,1259,2025-12-01,perdut,baixa,televenda,4.0,1255,55.58,Client sense comprar des de fa 1259 dies. Historial previ de 1263 dies. Possible pèrdua de compte. Requereix trucada de reactivació.,,
1000080845,Granada,Anestesia,perdut,1.0,2223.12,5486.45,0.0,1014,2025-12-01,perdut,baixa,televenda,81.8,932,55.58,Client sense comprar des de fa 1014 dies. Historial previ de 1750 dies. Possible pèrdua de compte. Requereix trucada de reactivació.,,
1000082502,Barcelona,Anestesia,perdut,0.976,2223.12,2168.89,54.23,976,2025-12-01,perdut,baixa,televenda,172.0,804,55.58,Client sense comprar des de fa 976 dies. Historial previ de 1320 dies. Possible pèrdua de compte. Requereix trucada de reactivació.,,
28941,Valencia,Anestesia,perdut,1.0,2223.12,2970.5,0.0,514,2025-12-01,perdut,baixa,televenda,88.0,426,55.58,Client sense comprar des de fa 514 dies. Historial previ de 690 dies. Possible pèrdua de compte. Requereix trucada de reactivació.,,
1000059423,Ciudad Real,Anestesia,perdut,1.0,2223.12,2669.02,0.0,152,2025-12-01,perdut,baixa,televenda,57.3,94,55.58,Client sense comprar des de fa 152 dies. Historial previ de 1757 dies. Possible pèrdua de compte. Requereix trucada de reactivació.,,
1000080795,Pontevedra,Anestesia,perdut,1.0,2223.12,2645.3,0.0,276,2025-12-01,perdut,baixa,televenda,125.4,150,55.58,Client sense comprar des de fa 276 dies. Historial previ de 1154 dies. Possible pèrdua de compte. Requereix trucada de reactivació.,,
1000082567,Barcelona,Anestesia,perdut,1.0,2223.12,2682.71,0.0,648,2025-12-01,perdut,baixa,televenda,156.2,491,55.58,Client sense comprar des de fa 648 dies. Historial previ de 1273 dies. Possible pèrdua de compte. Requereix trucada de reactivació.,,
28675,Las Palmas,Anestesia,perdut,1.0,2223.12,6287.57,0.0,620,2025-12-01,perdut,baixa,televenda,265.0,355,55.58,Client sense comprar des de fa 620 dies. Historial previ de 1680 dies. Possible pèrdua de compte. Requereix trucada de reactivació.,,
28655,Barcelona,Anestesia,perdut,0.716,2223.12,1590.85,632.27,1396,2025-12-01,perdut,baixa,televenda,183.0,1213,55.58,Client sense comprar des de fa 1396 dies. Historial previ de 1762 dies. Possible pèrdua de compte. Requereix trucada de reactivació.,,
28629,Madrid,Anestesia,perdut,1.0,2223.12,3285.72,0.0,285,2025-12-01,perdut,baixa,televenda,87.6,197,55.58,Client sense comprar des de fa 285 dies. Historial previ de 1775 dies. Possible pèrdua de compte. Requereix trucada de reactivació.,,
1000082587,Madrid,Anestesia,perdut,1.0,2223.12,2768.51,0.0,321,2025-12-01,perdut,baixa,televenda,112.0,209,55.58,Client sense comprar des de fa 321 dies. Historial previ de 769 dies. Possible pèrdua de compte. Requereix trucada de reactivació.,,
28486,Madrid,Anestesia,perdut,1.0,2223.12,2236.73,0.0,1004,2025-12-01,perdut,baixa,televenda,133.4,870,55.58,Client sense comprar des de fa 1004 dies. Historial previ de 1671 dies. Possible pèrdua de compte. Requereix trucada de reactivació.,,
1000082590,Madrid,Anestesia,perdut,1.0,2223.12,3381.51,0.0,322,2025-12-01,perdut,baixa,televenda,129.0,193,55.58,Client sense comprar des de fa 322 dies. Historial previ de 1096 dies. Possible pèrdua de compte. Requereix trucada de reactivació.,,
2307,Sta.Cruz Tenerife,Anestesia,perdut,1.0,2223.12,4465.49,0.0,363,2025-12-01,perdut,baixa,televenda,170.6,192,55.58,Client sense comprar des de fa 363 dies. Historial previ de 1728 dies. Possible pèrdua de compte. Requereix trucada de reactivació.,,
28295,Pontevedra,Anestesia,perdut,1.0,2223.12,3152.0,0.0,774,2025-12-01,perdut,baixa,televenda,169.7,604,55.58,Client sense comprar des de fa 774 dies. Historial previ de 1792 dies. Possible pèrdua de compte. Requereix trucada de reactivació.,,
1000080709,Jaén,Anestesia,perdut,1.0,2223.12,3327.23,0.0,941,2025-12-01,perdut,baixa,televenda,75.8,865,55.58,Client sense comprar des de fa 941 dies. Historial previ de 1699 dies. Possible pèrdua de compte. Requereix trucada de reactivació.,,
28120,Sevilla,Anestesia,perdut,1.0,2223.12,5504.66,0.0,741,2025-12-01,perdut,baixa,televenda,312.7,428,55.58,Client sense comprar des de fa 741 dies. Historial previ de 1679 dies. Possible pèrdua de compte. Requereix trucada de reactivació.,,
1000082626,León,Bioseguridad,perdut,1.0,2223.12,3936.65,0.0,503,2025-12-01,perdut,baixa,televenda,175.0,328,55.58,Client sense comprar des de fa 503 dies. Historial previ de 1203 dies. Possible pèrdua de compte. Requereix trucada de reactivació.,,
2335,Cantabria,Anestesia,perdut,0.941,2223.12,2092.42,130.7,1152,2025-12-01,perdut,baixa,televenda,80.0,1072,55.58,Client sense comprar des de fa 1152 dies. Historial previ de 1312 dies. Possible pèrdua de compte. Requereix trucada de reactivació.,,
2242,Cantabria,Bioseguridad,perdut,0.785,2223.12,1745.05,478.07,1244,2025-12-01,perdut,baixa,televenda,13.0,1231,55.58,Client sense comprar des de fa 1244 dies. Historial previ de 1257 dies. Possible pèrdua de compte. Requereix trucada de reactivació.,,
30554,Málaga,Anestesia,perdut,0.751,2223.12,1669.97,553.15,1034,2025-12-01,perdut,baixa,televenda,297.0,737,55.58,Client sense comprar des de fa 1034 dies. Historial previ de 1628 dies. Possible pèrdua de compte. Requereix trucada de reactivació.,,
42778,Madrid,Anestesia,perdut,0.551,2223.12,1224.82,998.3,515,2025-12-01,perdut,baixa,televenda,3.0,512,55.58,Client sense comprar des de fa 515 dies. Historial previ de 518 dies. Possible pèrdua de compte. Requereix trucada de reactivació.,,
30618,Vizcaya,Bioseguridad,perdut,1.0,2223.12,3782.51,0.0,797,2025-12-01,perdut,baixa,televenda,194.6,602,55.58,Client sense comprar des de fa 797 dies. Historial previ de 1770 dies. Possible pèrdua de compte. Requereix trucada de reactivació.,,
42790,Madrid,Bioseguridad,perdut,0.562,2223.12,1248.65,974.47,549,2025-12-01,perdut,baixa,televenda,94.0,455,55.58,Client sense comprar des de fa 549 dies. Historial previ de 643 dies. Possible pèrdua de compte. Requereix trucada de reactivació.,,
42809,Málaga,Anestesia,perdut,0.54,2223.12,1199.92,1023.2,251,2025-12-01,perdut,baixa,televenda,34.9,216,55.58,Client sense comprar des de fa 251 dies. Historial previ de 635 dies. Possible pèrdua de compte. Requereix trucada de reactivació.,,
4953,Gipúzkoa,Anestesia,perdut,1.0,2223.12,4289.37,0.0,769,2025-12-01,perdut,baixa,televenda,188.4,580,55.58,Client sense comprar des de fa 769 dies. Historial previ de 1711 dies. Possible pèrdua de compte. Requereix trucada de reactivació.,,
34856,Jaén,Anestesia,perdut,1.0,2223.12,3740.47,0.0,374,2025-12-01,perdut,baixa,televenda,132.0,242,55.58,Client sense comprar des de fa 374 dies. Historial previ de 1694 dies. Possible pèrdua de compte. Requereix trucada de reactivació.,,
1000082184,Lugo,Bioseguridad,perdut,1.0,2223.12,3347.33,0.0,374,2025-12-01,perdut,baixa,televenda,176.6,197,55.58,Client sense comprar des de fa 374 dies. Historial previ de 1610 dies. Possible pèrdua de compte. Requereix trucada de reactivació.,,
34618,Vizcaya,Anestesia,perdut,0.624,2223.12,1386.74,836.38,1140,2025-12-01,perdut,baixa,televenda,250.5,889,55.58,Client sense comprar des de fa 1140 dies. Historial previ de 1641 dies. Possible pèrdua de compte. Requereix trucada de reactivació.,,
34420,Barcelona,Anestesia,perdut,1.0,2223.12,3122.82,0.0,1012,2025-12-01,perdut,baixa,televenda,191.2,820,55.58,Client sense comprar des de fa 1012 dies. Historial previ de 1777 dies. Possible pèrdua de compte. Requereix trucada de reactivació.,,
34402,Sevilla,Anestesia,perdut,1.0,2223.12,5724.53,0.0,1027,2025-12-01,perdut,baixa,televenda,230.3,796,55.58,Client sense comprar des de fa 1027 dies. Historial previ de 1718 dies. Possible pèrdua de compte. Requereix trucada de reactivació.,,
34335,Girona,Anestesia,perdut,1.0,2223.12,9508.21,0.0,591,2025-12-01,perdut,baixa,televenda,163.1,427,55.58,Client sense comprar des de fa 591 dies. Historial previ de 1733 dies. Possible pèrdua de compte. Requereix trucada de reactivació.,,
1000082210,Granada,Anestesia,perdut,1.0,2223.12,4493.78,0.0,544,2025-12-01,perdut,baixa,televenda,145.7,398,55.58,Client sense comprar des de fa 544 dies. Historial previ de 1418 dies. Possible pèrdua de compte. Requereix trucada de reactivació.,,
1000081131,Barcelona,Anestesia,perdut,1.0,2223.12,2580.12,0.0,327,2025-12-01,perdut,baixa,televenda,108.0,219,55.58,Client sense comprar des de fa 327 dies. Historial previ de 543 dies. Possible pèrdua de compte. Requereix trucada de reactivació.,,
1000082232,Málaga,Anestesia,perdut,1.0,2223.12,3367.9,0.0,826,2025-12-01,perdut,baixa,televenda,364.0,462,55.58,Client sense comprar des de fa 826 dies. Historial previ de 1554 dies. Possible pèrdua de compte. Requereix trucada de reactivació.,,
33327,Granada,Anestesia,perdut,0.593,2223.12,1318.87,904.25,1252,2025-12-01,perdut,baixa,televenda,229.5,1022,55.58,Client sense comprar des de fa 1252 dies. Historial previ de 1711 dies. Possible pèrdua de compte. Requereix trucada de reactivació.,,
1000037112,Madrid,Anestesia,perdut,1.0,2223.12,4937.75,0.0,150,2025-12-01,perdut,baixa,televenda,65.6,84,55.58,Client sense comprar des de fa 150 dies. Historial previ de 1789 dies. Possible pèrdua de compte. Requereix trucada de reactivació.,,
1000081089,,Anestesia,perdut,1.0,2223.12,6632.17,0.0,293,2025-12-01,perdut,baixa,televenda,82.8,210,55.58,Client sense comprar des de fa 293 dies. Historial previ de 1784 dies. Possible pèrdua de compte. Requereix trucada de reactivació.,,
1000081044,Madrid,Anestesia,perdut,1.0,2223.12,5138.28,0.0,875,2025-12-01,perdut,baixa,televenda,149.4,725,55.58,Client sense comprar des de fa 875 dies. Historial previ de 1622 dies. Possible pèrdua de compte. Requereix trucada de reactivació.,,
4473,Madrid,Anestesia,perdut,1.0,2223.12,3830.93,0.0,389,2025-12-01,perdut,baixa,televenda,118.4,270,55.58,Client sense comprar des de fa 389 dies. Historial previ de 1691 dies. Possible pèrdua de compte. Requereix trucada de reactivació.,,
32457,Barcelona,Anestesia,perdut,1.0,2223.12,7487.94,0.0,1035,2025-12-01,perdut,baixa,televenda,61.3,973,55.58,Client sense comprar des de fa 1035 dies. Historial previ de 1771 dies. Possible pèrdua de compte. Requereix trucada de reactivació.,,
32225,Murcia,Anestesia,perdut,0.682,2223.12,1515.61,707.51,1172,2025-12-01,perdut,baixa,televenda,89.5,1082,55.58,Client sense comprar des de fa 1172 dies. Historial previ de 1351 dies. Possible pèrdua de compte. Requereix trucada de reactivació.,,
1000080986,Murcia,Bioseguridad,perdut,1.0,2223.12,7085.16,0.0,518,2025-12-01,perdut,baixa,televenda,60.6,457,55.58,Client sense comprar des de fa 518 dies. Historial previ de 1791 dies. Possible pèrdua de compte. Requereix trucada de reactivació.,,
32134,Madrid,Anestesia,perdut,1.0,2223.12,2899.72,0.0,649,2025-12-01,perdut,baixa,televenda,228.6,420,55.58,Client sense comprar des de fa 649 dies. Historial previ de 1792 dies. Possible pèrdua de compte. Requereix trucada de reactivació.,,
1000041454,Zaragoza,Anestesia,perdut,1.0,2223.12,3419.66,0.0,1312,2025-12-01,perdut,baixa,televenda,50.6,1261,55.58,Client sense comprar des de fa 1312 dies. Historial previ de 1767 dies. Possible pèrdua de compte. Requereix trucada de reactivació.,,
31843,Granada,Anestesia,perdut,1.0,2223.12,2586.67,0.0,1442,2025-12-01,perdut,baixa,televenda,101.0,1341,55.58,Client sense comprar des de fa 1442 dies. Historial previ de 1644 dies. Possible pèrdua de compte. Requereix trucada de reactivació.,,
31649,Asturias,Anestesia,perdut,0.955,2223.12,2123.62,99.5,1385,2025-12-01,perdut,baixa,televenda,181.0,1204,55.58,Client sense comprar des de fa 1385 dies. Historial previ de 1747 dies. Possible pèrdua de compte. Requereix trucada de reactivació.,,
1000041898,La Rioja,Anestesia,perdut,1.0,2223.12,4069.09,0.0,1343,2025-12-01,perdut,baixa,televenda,124.5,1218,55.58,Client sense comprar des de fa 1343 dies. Historial previ de 1592 dies. Possible pèrdua de compte. Requereix trucada de reactivació.,,
1000080962,Zaragoza,Anestesia,perdut,1.0,2223.12,3049.12,0.0,901,2025-12-01,perdut,baixa,televenda,190.8,710,55.58,Client sense comprar des de fa 901 dies. Historial previ de 1664 dies. Possible pèrdua de compte. Requereix trucada de reactivació.,,
31282,A Coruña,Bioseguridad,perdut,1.0,2223.12,7706.8,0.0,186,2025-12-01,perdut,baixa,televenda,76.0,110,55.58,Client sense comprar des de fa 186 dies. Historial previ de 1782 dies. Possible pèrdua de compte. Requereix trucada de reactivació.,,
30702,Sta.Cruz Tenerife,Anestesia,perdut,0.859,2223.12,1909.7,313.42,966,2025-12-01,perdut,baixa,televenda,159.0,807,55.58,Client sense comprar des de fa 966 dies. Historial previ de 1761 dies. Possible pèrdua de compte. Requereix trucada de reactivació.,,
1000082331,Alicante,Anestesia,perdut,1.0,2223.12,2400.57,0.0,234,2025-12-01,perdut,baixa,televenda,68.6,165,55.58,Client sense comprar des de fa 234 dies. Historial previ de 1469 dies. Possible pèrdua de compte. Requereix trucada de reactivació.,,
1000079889,Tarragona,Anestesia,perdut,0.556,2223.12,1236.14,986.98,689,2025-12-01,perdut,baixa,televenda,199.2,489,55.58,Client sense comprar des de fa 689 dies. Historial previ de 1685 dies. Possible pèrdua de compte. Requereix trucada de reactivació.,,
8875,Barcelona,Anestesia,perdut,1.0,2223.12,7946.53,0.0,298,2025-12-01,perdut,baixa,televenda,98.9,199,55.58,Client sense comprar des de fa 298 dies. Historial previ de 1781 dies. Possible pèrdua de compte. Requereix trucada de reactivació.,,
1000101240,Albacete,Anestesia,perdut,1.0,2223.12,3558.91,0.0,199,2025-12-01,perdut,baixa,televenda,80.0,119,55.58,Client sense comprar des de fa 199 dies. Historial previ de 439 dies. Possible pèrdua de compte. Requereix trucada de reactivació.,,
1000079763,Jaén,Anestesia,perdut,0.965,2223.12,2145.43,77.69,958,2025-12-01,perdut,baixa,televenda,191.3,766,55.58,Client sense comprar des de fa 958 dies. Historial previ de 1532 dies. Possible pèrdua de compte. Requereix trucada de reactivació.,,
1000079197,Madrid,Anestesia,perdut,1.0,2223.12,4322.65,0.0,158,2025-12-01,perdut,baixa,televenda,74.8,83,55.58,Client sense comprar des de fa 158 dies. Historial previ de 1655 dies. Possible pèrdua de compte. Requereix trucada de reactivació.,,
1000078311,Pontevedra,Anestesia,perdut,1.0,2223.12,4461.51,0.0,563,2025-12-01,perdut,baixa,televenda,128.8,434,55.58,Client sense comprar des de fa 563 dies. Historial previ de 1722 dies. Possible pèrdua de compte. Requereix trucada de reactivació.,,
1000079719,Barcelona,Anestesia,perdut,0.799,2223.12,1776.24,446.88,1312,2025-12-01,perdut,baixa,televenda,76.4,1235,55.58,Client sense comprar des de fa 1312 dies. Historial previ de 1694 dies. Possible pèrdua de compte. Requereix trucada de reactivació.,,
1000079753,Córdoba,Anestesia,perdut,1.0,2223.12,4980.14,0.0,1179,2025-12-01,perdut,baixa,televenda,275.0,904,55.58,Client sense comprar des de fa 1179 dies. Historial previ de 1729 dies. Possible pèrdua de compte. Requereix trucada de reactivació.,,
1000079110,Madrid,Anestesia,perdut,1.0,2223.12,5375.38,0.0,223,2025-12-01,perdut,baixa,televenda,38.2,184,55.58,Client sense comprar des de fa 223 dies. Historial previ de 1789 dies. Possible pèrdua de compte. Requereix trucada de reactivació.,,
1000079100,Tarragona,Anestesia,perdut,1.0,2223.12,3504.44,0.0,622,2025-12-01,perdut,baixa,televenda,184.8,437,55.58,Client sense comprar des de fa 622 dies. Historial previ de 1546 dies. Possible pèrdua de compte. Requereix trucada de reactivació.,,
10936,Vizcaya,Anestesia,perdut,1.0,2223.12,3303.29,0.0,1062,2025-12-01,perdut,baixa,televenda,342.0,720,55.58,Client sense comprar des de fa 1062 dies. Historial previ de 1746 dies. Possible pèrdua de compte. Requereix trucada de reactivació.,,
14565,Badajoz,Anestesia,perdut,0.728,2223.12,1617.57,605.55,571,2025-12-01,perdut,baixa,televenda,102.5,468,55.58,Client sense comprar des de fa 571 dies. Historial previ de 776 dies. Possible pèrdua de compte. Requereix trucada de reactivació.,,
14592,Badajoz,Anestesia,perdut,1.0,2223.12,4385.88,0.0,885,2025-12-01,perdut,baixa,televenda,240.3,644,55.58,Client sense comprar des de fa 885 dies. Historial previ de 1606 dies. Possible pèrdua de compte. Requereix trucada de reactivació.,,
10791,Zaragoza,Bioseguridad,perdut,1.0,2223.12,5227.22,0.0,445,2025-12-01,perdut,baixa,televenda,164.9,280,55.58,Client sense comprar des de fa 445 dies. Historial previ de 1764 dies. Possible pèrdua de compte. Requereix trucada de reactivació.,,
1000076654,Badajoz,Anestesia,perdut,1.0,2223.12,4790.26,0.0,777,2025-12-01,perdut,baixa,televenda,330.0,447,55.58,Client sense comprar des de fa 777 dies. Historial previ de 1767 dies. Possible pèrdua de compte. Requereix trucada de reactivació.,,
1000101627,La Rioja,Anestesia,perdut,1.0,2223.12,2522.06,0.0,206,2025-12-01,perdut,baixa,televenda,71.5,134,55.58,Client sense comprar des de fa 206 dies. Historial previ de 349 dies. Possible pèrdua de compte. Requereix trucada de reactivació.,,
1000078817,Valladolid,Anestesia,perdut,0.868,2223.12,1929.05,294.07,864,2025-12-01,perdut,baixa,televenda,427.0,437,55.58,Client sense comprar des de fa 864 dies. Historial previ de 1718 dies. Possible pèrdua de compte. Requereix trucada de reactivació.,,
10533,Vizcaya,Anestesia,perdut,1.0,2223.12,2499.61,0.0,636,2025-12-01,perdut,baixa,televenda,294.0,342,55.58,Client sense comprar des de fa 636 dies. Historial previ de 1518 dies. Possible pèrdua de compte. Requereix trucada de reactivació.,,
14664,Almería,Anestesia,perdut,1.0,2223.12,9006.55,0.0,529,2025-12-01,perdut,baixa,televenda,130.9,398,55.58,Client sense comprar des de fa 529 dies. Historial previ de 1707 dies. Possible pèrdua de compte. Requereix trucada de reactivació.,,
1000101656,Toledo,Anestesia,perdut,1.0,2223.12,7391.06,0.0,264,2025-12-01,perdut,baixa,televenda,55.0,209,55.58,Client sense comprar des de fa 264 dies. Historial previ de 319 dies. Possible pèrdua de compte. Requereix trucada de reactivació.,,
10255,Zaragoza,Anestesia,perdut,1.0,2223.12,5530.58,0.0,734,2025-12-01,perdut,baixa,televenda,196.0,538,55.58,Client sense comprar des de fa 734 dies. Historial previ de 1518 dies. Possible pèrdua de compte. Requereix trucada de reactivació.,,
14774,Barcelona,Anestesia,perdut,1.0,2223.12,6630.21,0.0,818,2025-12-01,perdut,baixa,televenda,159.7,658,55.58,Client sense comprar des de fa 818 dies. Historial previ de 1776 dies. Possible pèrdua de compte. Requereix trucada de reactivació.,,
1000076608,A Coruña,Anestesia,perdut,0.585,2223.12,1301.25,921.87,983,2025-12-01,perdut,baixa,televenda,227.5,755,55.58,Client sense comprar des de fa 983 dies. Historial previ de 1438 dies. Possible pèrdua de compte. Requereix trucada de reactivació.,,
14813,Barcelona,Anestesia,perdut,0.892,2223.12,1984.05,239.07,1127,2025-12-01,perdut,baixa,televenda,303.5,823,55.58,Client sense comprar des de fa 1127 dies. Historial previ de 1734 dies. Possible pèrdua de compte. Requereix trucada de reactivació.,,
1000101753,Salamanca,Anestesia,perdut,0.865,2223.12,1923.93,299.19,284,2025-12-01,perdut,baixa,televenda,2.0,282,55.58,Client sense comprar des de fa 284 dies. Historial previ de 286 dies. Possible pèrdua de compte. Requereix trucada de reactivació.,,
1000079799,Barcelona,Anestesia,perdut,0.674,2223.12,1497.94,725.18,1230,2025-12-01,perdut,baixa,televenda,133.0,1097,55.58,Client sense comprar des de fa 1230 dies. Historial previ de 1496 dies. Possible pèrdua de compte. Requereix trucada de reactivació.,,
1000079818,Zaragoza,Anestesia,perdut,1.0,2223.12,3129.65,0.0,586,2025-12-01,perdut,baixa,televenda,199.5,386,55.58,Client sense comprar des de fa 586 dies. Historial previ de 1783 dies. Possible pèrdua de compte. Requereix trucada de reactivació.,,
9976,Pontevedra,Anestesia,perdut,0.961,2223.12,2135.99,87.13,648,2025-12-01,perdut,baixa,televenda,228.0,420,55.58,Client sense comprar des de fa 648 dies. Historial previ de 1560 dies. Possible pèrdua de compte. Requereix trucada de reactivació.,,
1000079678,Madrid,Anestesia,perdut,1.0,2223.12,4485.01,0.0,546,2025-12-01,perdut,baixa,televenda,247.8,298,55.58,Client sense comprar des de fa 546 dies. Historial previ de 1537 dies. Possible pèrdua de compte. Requereix trucada de reactivació.,,
11370,Barcelona,Anestesia,perdut,1.0,2223.12,2982.03,0.0,367,2025-12-01,perdut,baixa,televenda,173.5,193,55.58,Client sense comprar des de fa 367 dies. Historial previ de 1755 dies. Possible pèrdua de compte. Requereix trucada de reactivació.,,
14002,Albacete,Anestesia,perdut,1.0,2223.12,4037.5,0.0,587,2025-12-01,perdut,baixa,televenda,221.0,366,55.58,Client sense comprar des de fa 587 dies. Historial previ de 1692 dies. Possible pèrdua de compte. Requereix trucada de reactivació.,,
1000079289,Valencia,Anestesia,perdut,1.0,2223.12,10216.96,0.0,444,2025-12-01,perdut,baixa,televenda,163.9,280,55.58,Client sense comprar des de fa 444 dies. Historial previ de 1755 dies. Possible pèrdua de compte. Requereix trucada de reactivació.,,
1000077135,Madrid,Anestesia,perdut,1.0,2223.12,6427.29,0.0,161,2025-12-01,perdut,baixa,televenda,50.0,111,55.58,Client sense comprar des de fa 161 dies. Historial previ de 1760 dies. Possible pèrdua de compte. Requereix trucada de reactivació.,,
13162,Barcelona,Anestesia,perdut,0.898,2223.12,1995.37,227.75,1448,2025-12-01,perdut,baixa,televenda,55.7,1392,55.58,Client sense comprar des de fa 1448 dies. Historial previ de 1782 dies. Possible pèrdua de compte. Requereix trucada de reactivació.,,
1000079448,Girona,Anestesia,perdut,1.0,2223.12,2295.5,0.0,1127,2025-12-01,perdut,baixa,televenda,264.5,862,55.58,Client sense comprar des de fa 1127 dies. Historial previ de 1656 dies. Possible pèrdua de compte. Requereix trucada de reactivació.,,
12602,Girona,Anestesia,perdut,1.0,2223.12,5621.83,0.0,829,2025-12-01,perdut,baixa,televenda,135.6,693,55.58,Client sense comprar des de fa 829 dies. Historial previ de 1778 dies. Possible pèrdua de compte. Requereix trucada de reactivació.,,
12558,Granada,Anestesia,perdut,1.0,2223.12,3725.88,0.0,542,2025-12-01,perdut,baixa,televenda,246.8,295,55.58,Client sense comprar des de fa 542 dies. Historial previ de 1776 dies. Possible pèrdua de compte. Requereix trucada de reactivació.,,
2946,Málaga,Anestesia,perdut,0.769,2223.12,1708.98,514.14,1243,2025-12-01,perdut,baixa,televenda,90.2,1152,55.58,Client sense comprar des de fa 1243 dies. Historial previ de 1784 dies. Possible pèrdua de compte. Requereix trucada de reactivació.,,
722,Teruel,Anestesia,perdut,1.0,2223.12,2668.4,0.0,1078,2025-12-01,perdut,baixa,televenda,276.0,802,55.58,Client sense comprar des de fa 1078 dies. Historial previ de 1630 dies. Possible pèrdua de compte. Requereix trucada de reactivació.,,
12419,A Coruña,Anestesia,perdut,0.526,2223.12,1168.71,1054.41,1193,2025-12-01,perdut,baixa,televenda,284.0,909,55.58,Client sense comprar des de fa 1193 dies. Historial previ de 1761 dies. Possible pèrdua de compte. Requereix trucada de reactivació.,,
13543,Cáceres,Anestesia,perdut,1.0,2223.12,2773.97,0.0,678,2025-12-01,perdut,baixa,televenda,287.5,390,55.58,Client sense comprar des de fa 678 dies. Historial previ de 1253 dies. Possible pèrdua de compte. Requereix trucada de reactivació.,,
13548,Cáceres,Anestesia,perdut,1.0,2223.12,4548.98,0.0,1032,2025-12-01,perdut,baixa,televenda,199.0,833,55.58,Client sense comprar des de fa 1032 dies. Historial previ de 1629 dies. Possible pèrdua de compte. Requereix trucada de reactivació.,,
13594,Burgos,Anestesia,perdut,1.0,2223.12,3824.17,0.0,543,2025-12-01,perdut,baixa,televenda,266.5,276,55.58,Client sense comprar des de fa 543 dies. Historial previ de 1609 dies. Possible pèrdua de compte. Requereix trucada de reactivació.,,
12221,Girona,Anestesia,perdut,1.0,2223.12,8557.51,0.0,542,2025-12-01,perdut,baixa,televenda,237.0,305,55.58,Client sense comprar des de fa 542 dies. Historial previ de 1727 dies. Possible pèrdua de compte. Requereix trucada de reactivació.,,
13701,Barcelona,Anestesia,perdut,1.0,2223.12,4456.12,0.0,766,2025-12-01,perdut,baixa,televenda,163.8,602,55.58,Client sense comprar des de fa 766 dies. Historial previ de 1749 dies. Possible pèrdua de compte. Requereix trucada de reactivació.,,
1000101083,Barcelona,Anestesia,perdut,0.528,2223.12,1174.4,1048.72,490,2025-12-01,perdut,baixa,televenda,74.0,416,55.58,Client sense comprar des de fa 490 dies. Historial previ de 564 dies. Possible pèrdua de compte. Requereix trucada de reactivació.,,
11955,A Coruña,Anestesia,perdut,0.62,2223.12,1378.34,844.78,965,2025-12-01,perdut,baixa,televenda,228.3,736,55.58,Client sense comprar des de fa 965 dies. Historial previ de 1650 dies. Possible pèrdua de compte. Requereix trucada de reactivació.,,
11935,A Coruña,Bioseguridad,perdut,0.808,2223.12,1795.64,427.48,476,2025-12-01,perdut,baixa,televenda,169.0,307,55.58,Client sense comprar des de fa 476 dies. Historial previ de 1321 dies. Possible pèrdua de compte. Requereix trucada de reactivació.,,
11854,,Anestesia,perdut,0.727,2223.12,1616.0,607.12,1348,2025-12-01,perdut,baixa,televenda,391.0,957,55.58,Client sense comprar des de fa 1348 dies. Historial previ de 1739 dies. Possible pèrdua de compte. Requereix trucada de reactivació.,,
1000077854,Valencia,Anestesia,perdut,0.983,2223.12,2185.17,37.95,301,2025-12-01,perdut,baixa,televenda,148.7,152,55.58,Client sense comprar des de fa 301 dies. Historial previ de 1342 dies. Possible pèrdua de compte. Requereix trucada de reactivació.,,
1000076912,Barcelona,Anestesia,perdut,1.0,2223.12,3856.0,0.0,206,2025-12-01,perdut,baixa,televenda,101.9,104,55.58,Client sense comprar des de fa 206 dies. Historial previ de 1735 dies. Possible pèrdua de compte. Requereix trucada de reactivació.,,
768,Valencia,Anestesia,perdut,1.0,2223.12,2775.32,0.0,1141,2025-12-01,perdut,baixa,televenda,398.0,743,55.58,Client sense comprar des de fa 1141 dies. Historial previ de 1539 dies. Possible pèrdua de compte. Requereix trucada de reactivació.,,
1000077932,Guadalajara,Anestesia,perdut,1.0,2223.12,3436.93,0.0,524,2025-12-01,perdut,baixa,televenda,150.1,373,55.58,Client sense comprar des de fa 524 dies. Historial previ de 1575 dies. Possible pèrdua de compte. Requereix trucada de reactivació.,,
1000077938,Murcia,Anestesia,perdut,1.0,2223.12,2645.45,0.0,1348,2025-12-01,perdut,baixa,televenda,102.0,1246,55.58,Client sense comprar des de fa 1348 dies. Historial previ de 1552 dies. Possible pèrdua de compte. Requereix trucada de reactivació.,,
1000077976,Cantabria,Anestesia,perdut,1.0,2223.12,5208.85,0.0,655,2025-12-01,perdut,baixa,televenda,169.8,485,55.58,Client sense comprar des de fa 655 dies. Historial previ de 1334 dies. Possible pèrdua de compte. Requereix trucada de reactivació.,,
1000079828,Granada,Anestesia,perdut,1.0,2223.12,9377.49,0.0,147,2025-12-01,perdut,baixa,televenda,72.6,74,55.58,Client sense comprar des de fa 147 dies. Historial previ de 1308 dies. Possible pèrdua de compte. Requereix trucada de reactivació.,,
13042,Barcelona,Anestesia,perdut,0.623,2223.12,1385.13,837.99,1144,2025-12-01,perdut,baixa,televenda,316.0,828,55.58,Client sense comprar des de fa 1144 dies. Historial previ de 1776 dies. Possible pèrdua de compte. Requereix trucada de reactivació.,,
9184,Barcelona,Anestesia,perdut,1.0,2223.12,4478.13,0.0,1473,2025-12-01,perdut,baixa,televenda,93.3,1379,55.58,Client sense comprar des de fa 1473 dies. Historial previ de 1753 dies. Possible pèrdua de compte. Requereix trucada de reactivació.,,
69,Sevilla,Anestesia,perdut,0.893,2223.12,1984.76,238.36,1069,2025-12-01,perdut,baixa,televenda,214.0,855,55.58,Client sense comprar des de fa 1069 dies. Historial previ de 1497 dies. Possible pèrdua de compte. Requereix trucada de reactivació.,,
1000079022,Zaragoza,Anestesia,perdut,1.0,2223.12,6946.88,0.0,361,2025-12-01,perdut,baixa,televenda,84.1,276,55.58,Client sense comprar des de fa 361 dies. Historial previ de 1707 dies. Possible pèrdua de compte. Requereix trucada de reactivació.,,
9028,Barcelona,Anestesia,perdut,1.0,2223.12,5698.86,0.0,752,2025-12-01,perdut,baixa,televenda,139.4,612,55.58,Client sense comprar des de fa 752 dies. Historial previ de 1728 dies. Possible pèrdua de compte. Requereix trucada de reactivació.,,
9605,Navarra,Anestesia,perdut,0.77,2223.12,1711.71,511.41,1154,2025-12-01,perdut,baixa,televenda,244.0,910,55.58,Client sense comprar des de fa 1154 dies. Historial previ de 1642 dies. Possible pèrdua de compte. Requereix trucada de reactivació.,,
8952,Toledo,Anestesia,perdut,1.0,2223.12,2838.06,0.0,1109,2025-12-01,perdut,baixa,televenda,129.0,980,55.58,Client sense comprar des de fa 1109 dies. Historial previ de 1754 dies. Possible pèrdua de compte. Requereix trucada de reactivació.,,
1000079886,Valladolid,Anestesia,perdut,1.0,2223.12,2464.04,0.0,748,2025-12-01,perdut,baixa,televenda,265.7,482,55.58,Client sense comprar des de fa 748 dies. Historial previ de 1545 dies. Possible pèrdua de compte. Requereix trucada de reactivació.,,
15026,Barcelona,Anestesia,perdut,0.659,2223.12,1463.95,759.17,684,2025-12-01,perdut,baixa,televenda,267.5,416,55.58,Client sense comprar des de fa 684 dies. Historial previ de 1754 dies. Possible pèrdua de compte. Requereix trucada de reactivació.,,
8910,Barcelona,Anestesia,perdut,1.0,2223.12,3447.32,0.0,972,2025-12-01,perdut,baixa,televenda,152.2,819,55.58,Client sense comprar des de fa 972 dies. Historial previ de 1733 dies. Possible pèrdua de compte. Requereix trucada de reactivació.,,
5584,Cantabria,Bioseguridad,promiscu,0.584,2223.12,1297.63,925.49,88,2025-12-01,finestra_captura,mitjana,delegat,1330.0,0,55.53,Client PROMISCU d'Bioseguridad en FINESTRA DE CAPTURA. Cicle: 1330 dies. Share: 58%. Gap: 925€/any. Moment òptim per contactar.,0.0,2029-04-26
26300,Vizcaya,Bioseguridad,nou,0.746,1086.44,810.12,276.32,49,2025-12-01,monitoritzar,baixa,televenda,,0,55.26,Client NOU (49 dies d'historial). Primers pedidos registrats. Fer seguiment de consolidació per assegurar fidelització.,,
42865,León,Anestesia,perdut,0.448,9093.44,4073.78,5019.66,161,2025-12-01,perdut,baixa,televenda,132.0,29,55.14,Client sense comprar des de fa 161 dies. Historial previ de 557 dies. Possible pèrdua de compte. Requereix trucada de reactivació.,,
1000075863,Valladolid,Anestesia,promiscu,0.49,1802.36,883.76,918.6,28,2025-12-01,finestra_captura,mitjana,delegat,684.0,0,55.12,Client PROMISCU d'Anestesia en FINESTRA DE CAPTURA. Cicle: 684 dies. Share: 49%. Gap: 919€/any. Moment òptim per contactar.,0.0,2027-09-18
1000073681,Ciudad Real,Anestesia,perdut,1.0,2223.12,4515.28,0.0,416,2025-12-01,perdut,baixa,televenda,209.0,207,55.05,Client sense comprar des de fa 416 dies. Historial previ de 1670 dies. Possible pèrdua de compte. Requereix trucada de reactivació.,,
42347,Málaga,Anestesia,promiscu,0.587,2223.12,1305.89,917.23,27,2025-12-01,finestra_captura,mitjana,delegat,61.6,0,55.03,Client PROMISCU d'Anestesia en FINESTRA DE CAPTURA. Cicle: 62 dies. Share: 59%. Gap: 917€/any. Moment òptim per contactar.,0.0,2026-01-04
878,Valencia,Bioseguridad,perdut,0.34,1667.34,567.08,1100.26,882,2025-12-01,perdut,baixa,televenda,10.0,872,55.01,Client sense comprar des de fa 882 dies. Historial previ de 892 dies. Possible pèrdua de compte. Requereix trucada de reactivació.,,
1000078422,Barcelona,Anestesia,marginal,0.197,3410.04,672.8,2737.24,56,2025-12-01,oportunitat_captura,baixa,televenda,90.5,0,54.74,Client MARGINAL d'Anestesia. Share: 20%. Gap: 2737€/any. Baixa vinculació. Cal investigar.,0.0,2026-01-04
19832,Madrid,Bioseguridad,perdut,0.345,1667.34,575.76,1091.58,1539,2025-12-01,perdut,baixa,televenda,160.0,1379,54.58,Client sense comprar des de fa 1539 dies. Historial previ de 1699 dies. Possible pèrdua de compte. Requereix trucada de reactivació.,,
8979,Vizcaya,Bioseguridad,perdut,0.345,3334.68,1151.5,2183.18,1518,2025-12-01,perdut,baixa,televenda,,1518,54.58,Client sense comprar des de fa 1518 dies. Historial previ de 1518 dies. Possible pèrdua de compte. Requereix trucada de reactivació.,,
38631,Sevilla,Bioseguridad,perdut,0.0,1086.44,0.0,1086.44,264,2025-12-01,perdut,baixa,televenda,1.0,263,54.32,Client sense comprar des de fa 264 dies. Historial previ de 265 dies. Possible pèrdua de compte. Requereix trucada de reactivació.,,
23807,Granada,Bioseguridad,perdut,0.0,1086.44,0.0,1086.44,1615,2025-12-01,perdut,baixa,televenda,20.0,1595,54.32,Client sense comprar des de fa 1615 dies. Historial previ de 1635 dies. Possible pèrdua de compte. Requereix trucada de reactivació.,,
1000082043,Madrid,Bioseguridad,perdut,0.353,1667.34,588.28,1079.06,312,2025-12-01,perdut,baixa,televenda,28.0,284,53.95,Client sense comprar des de fa 312 dies. Historial previ de 396 dies. Possible pèrdua de compte. Requereix trucada de reactivació.,,
3799,Asturias,Bioseguridad,perdut,0.356,1667.34,593.08,1074.26,1064,2025-12-01,perdut,baixa,televenda,98.0,966,53.71,Client sense comprar des de fa 1064 dies. Historial previ de 1162 dies. Possible pèrdua de compte. Requereix trucada de reactivació.,,
1000080355,Granada,Anestesia,perdut,0.038,2223.12,85.5,2137.62,1760,2025-12-01,perdut,baixa,televenda,,1760,53.44,Client sense comprar des de fa 1760 dies. Historial previ de 1760 dies. Possible pèrdua de compte. Requereix trucada de reactivació.,,
28985,Murcia,Anestesia,perdut,0.04,2223.12,88.08,2135.04,816,2025-12-01,perdut,baixa,televenda,,816,53.38,Client sense comprar des de fa 816 dies. Historial previ de 816 dies. Possible pèrdua de compte. Requereix trucada de reactivació.,,
42549,Toledo,Anestesia,perdut,0.321,3410.04,1094.95,2315.09,181,2025-12-01,perdut,baixa,televenda,123.7,57,53.35,Client sense comprar des de fa 181 dies. Historial previ de 923 dies. Possible pèrdua de compte. Requereix trucada de reactivació.,,
34933,Madrid,Anestesia,perdut,1.0,3410.04,8771.54,0.0,182,2025-12-01,perdut,baixa,televenda,111.9,70,53.35,Client sense comprar des de fa 182 dies. Historial previ de 1748 dies. Possible pèrdua de compte. Requereix trucada de reactivació.,,
9279,Valladolid,Anestesia,perdut,0.375,3410.04,1277.35,2132.69,770,2025-12-01,perdut,baixa,televenda,,770,53.32,Client sense comprar des de fa 770 dies. Historial previ de 770 dies. Possible pèrdua de compte. Requereix trucada de reactivació.,,
21826,Huelva,Anestesia,perdut,0.516,5683.4,2934.21,2749.19,173,2025-12-01,perdut,baixa,televenda,125.5,47,53.21,Client sense comprar des de fa 173 dies. Historial previ de 424 dies. Possible pèrdua de compte. Requereix trucada de reactivació.,,
1000070817,Alicante,Bioseguridad,perdut,0.043,2223.12,94.58,2128.54,748,2025-12-01,perdut,baixa,televenda,,748,53.21,Client sense comprar des de fa 748 dies. Historial previ de 748 dies. Possible pèrdua de compte. Requereix trucada de reactivació.,,
12306,A Coruña,Bioseguridad,promiscu,0.47,1667.34,783.36,883.98,88,2025-12-01,finestra_captura,mitjana,delegat,419.0,0,53.04,Client PROMISCU d'Bioseguridad en FINESTRA DE CAPTURA. Cicle: 419 dies. Share: 47%. Gap: 884€/any. Moment òptim per contactar.,0.0,2026-10-28
33565,Alicante,Anestesia,perdut,0.378,3410.04,1290.07,2119.97,586,2025-12-01,perdut,baixa,televenda,,586,53.0,Client sense comprar des de fa 586 dies. Historial previ de 586 dies. Possible pèrdua de compte. Requereix trucada de reactivació.,,
1000100034,Valencia,Anestesia,promiscu,0.603,2223.12,1340.18,882.94,77,2025-12-01,finestra_captura,mitjana,delegat,665.0,0,52.98,Client PROMISCU d'Anestesia en FINESTRA DE CAPTURA. Cicle: 665 dies. Share: 60%. Gap: 883€/any. Moment òptim per contactar.,0.0,2027-07-12
43009,Toledo,Anestesia,perdut,0.18,2223.12,400.35,1822.77,104,2025-12-01,perdut,baixa,televenda,65.5,38,52.87,Client sense comprar des de fa 104 dies. Historial previ de 235 dies. Possible pèrdua de compte. Requereix trucada de reactivació.,,
1000100256,Sta.Cruz Tenerife,Anestesia,promiscu,0.604,2223.12,1342.72,880.4,25,2025-12-01,finestra_captura,mitjana,delegat,451.0,0,52.82,Client PROMISCU d'Anestesia en FINESTRA DE CAPTURA. Cicle: 451 dies. Share: 60%. Gap: 880€/any. Moment òptim per contactar.,0.0,2027-01-31
1000081220,A Coruña,Anestesia,perdut,1.0,2223.12,2277.29,0.0,797,2025-12-01,perdut,baixa,televenda,408.5,388,52.79,Client sense comprar des de fa 797 dies. Historial previ de 1614 dies. Possible pèrdua de compte. Requereix trucada de reactivació.,,
1000042084,Cantabria,Anestesia,promiscu,0.607,2223.12,1348.97,874.15,-1,2025-12-01,finestra_captura,mitjana,delegat,191.0,0,52.45,Client PROMISCU d'Anestesia en FINESTRA DE CAPTURA. Cicle: 191 dies. Share: 61%. Gap: 874€/any. Moment òptim per contactar.,0.0,2026-06-11
1000081183,Barcelona,Anestesia,perdut,1.0,3410.04,4794.86,0.0,368,2025-12-01,perdut,baixa,televenda,227.8,140,52.39,Client sense comprar des de fa 368 dies. Historial previ de 1735 dies. Possible pèrdua de compte. Requereix trucada de reactivació.,,
1433,Murcia,Anestesia,promiscu,0.607,2223.12,1350.37,872.75,47,2025-12-01,finestra_captura,mitjana,delegat,258.0,0,52.37,Client PROMISCU d'Anestesia en FINESTRA DE CAPTURA. Cicle: 258 dies. Share: 61%. Gap: 873€/any. Moment òptim per contactar.,0.0,2026-06-30
14296,Alicante,Anestesia,perdut,0.387,3410.04,1321.15,2088.89,931,2025-12-01,perdut,baixa,televenda,,931,52.22,Client sense comprar des de fa 931 dies. Historial previ de 931 dies. Possible pèrdua de compte. Requereix trucada de reactivació.,,
41807,Valencia,Anestesia,perdut,0.062,2223.12,137.78,2085.34,1677,2025-12-01,perdut,baixa,televenda,,1677,52.13,Client sense comprar des de fa 1677 dies. Historial previ de 1677 dies. Possible pèrdua de compte. Requereix trucada de reactivació.,,
42002,Málaga,Anestesia,perdut,1.0,2223.12,5852.51,0.0,304,2025-12-01,perdut,baixa,televenda,156.8,147,52.11,Client sense comprar des de fa 304 dies. Historial previ de 1715 dies. Possible pèrdua de compte. Requereix trucada de reactivació.,,
40295,Ciudad Real,Anestesia,en_risc,0.767,2223.12,1705.85,517.27,70,2025-12-01,risc_fuga,alta,delegat,62.7,7,52.0,Client en RISC de fuga (fidel). Share 12m: 77% → Share últims 3m anualitzat: 50% (-35%). Gap: 517€/any. Tendència negativa clara. Intervenir amb urgència.,0.17,
24684,Zaragoza,Anestesia,perdut,0.557,3410.04,1898.37,1511.67,593,2025-12-01,perdut,baixa,televenda,369.0,224,51.75,Client sense comprar des de fa 593 dies. Historial previ de 1700 dies. Possible pèrdua de compte. Requereix trucada de reactivació.,,
1000079369,Madrid,Anestesia,perdut,1.0,2223.12,8512.05,0.0,305,2025-12-01,perdut,baixa,televenda,157.9,147,51.75,Client sense comprar des de fa 305 dies. Historial previ de 1726 dies. Possible pèrdua de compte. Requereix trucada de reactivació.,,
12329,A Coruña,Bioseguridad,perdut,0.455,2223.12,1012.59,1210.53,1131,2025-12-01,perdut,baixa,televenda,610.0,521,51.7,Client sense comprar des de fa 1131 dies. Historial previ de 1741 dies. Possible pèrdua de compte. Requereix trucada de reactivació.,,
1000078411,Huelva,Anestesia,promiscu,0.613,2223.12,1363.32,859.8,26,2025-12-01,finestra_captura,mitjana,delegat,62.0,0,51.59,Client PROMISCU d'Anestesia en FINESTRA DE CAPTURA. Cicle: 62 dies. Share: 61%. Gap: 860€/any. Moment òptim per contactar.,0.0,2026-01-06
40434,Barcelona,Bioseguridad,promiscu,0.486,1667.34,810.12,857.22,-14,2025-12-01,finestra_captura,mitjana,delegat,101.0,0,51.43,Client PROMISCU d'Bioseguridad en FINESTRA DE CAPTURA. Cicle: 101 dies. Share: 49%. Gap: 857€/any. Moment òptim per contactar.,0.0,2026-03-26
37980,Madrid,Anestesia,perdut,1.0,2223.12,11396.77,0.0,188,2025-12-01,perdut,baixa,televenda,97.6,90,51.27,Client sense comprar des de fa 188 dies. Historial previ de 1749 dies. Possible pèrdua de compte. Requereix trucada de reactivació.,,
14687,Almería,Anestesia,perdut,0.078,2223.12,172.67,2050.45,1494,2025-12-01,perdut,baixa,televenda,,1494,51.26,Client sense comprar des de fa 1494 dies. Historial previ de 1494 dies. Possible pèrdua de compte. Requereix trucada de reactivació.,,
1000100286,Málaga,Anestesia,perdut,0.982,2223.12,2182.32,40.8,126,2025-12-01,perdut,baixa,televenda,65.2,60,51.11,Client sense comprar des de fa 126 dies. Historial previ de 909 dies. Possible pèrdua de compte. Requereix trucada de reactivació.,,
1000082321,Cádiz,Bioseguridad,perdut,0.081,2223.12,180.11,2043.01,1480,2025-12-01,perdut,baixa,televenda,,1480,51.08,Client sense comprar des de fa 1480 dies. Historial previ de 1480 dies. Possible pèrdua de compte. Requereix trucada de reactivació.,,
42760,Gipúzkoa,Anestesia,perdut,0.082,2223.12,183.22,2039.9,447,2025-12-01,perdut,baixa,televenda,,447,51.0,Client sense comprar des de fa 447 dies. Historial previ de 447 dies. Possible pèrdua de compte. Requereix trucada de reactivació.,,
11890,Castellón,Anestesia,perdut,0.082,2223.12,183.22,2039.9,699,2025-12-01,perdut,baixa,televenda,,699,51.0,Client sense comprar des de fa 699 dies. Historial previ de 699 dies. Possible pèrdua de compte. Requereix trucada de reactivació.,,
1000100230,Valladolid,Anestesia,promiscu,0.618,2223.12,1373.84,849.28,77,2025-12-01,finestra_captura,mitjana,delegat,853.0,0,50.96,Client PROMISCU d'Anestesia en FINESTRA DE CAPTURA. Cicle: 853 dies. Share: 62%. Gap: 849€/any. Moment òptim per contactar.,0.0,2028-01-16
5540,León,Anestesia,perdut,0.085,2223.12,188.4,2034.72,1140,2025-12-01,perdut,baixa,televenda,,1140,50.87,Client sense comprar des de fa 1140 dies. Historial previ de 1140 dies. Possible pèrdua de compte. Requereix trucada de reactivació.,,
1000065857,Salamanca,Bioseguridad,perdut,1.0,3334.68,11543.27,0.0,125,2025-12-01,perdut,baixa,televenda,77.2,47,50.73,Client sense comprar des de fa 125 dies. Historial previ de 1747 dies. Possible pèrdua de compte. Requereix trucada de reactivació.,,
41079,Sevilla,Bioseguridad,perdut,0.089,2223.12,198.76,2024.36,248,2025-12-01,perdut,baixa,televenda,,248,50.61,Client sense comprar des de fa 248 dies. Historial previ de 248 dies. Possible pèrdua de compte. Requereix trucada de reactivació.,,
2667,Madrid,Anestesia,perdut,0.09,2223.12,199.92,2023.2,550,2025-12-01,perdut,baixa,televenda,,550,50.58,Client sense comprar des de fa 550 dies. Historial previ de 550 dies. Possible pèrdua de compte. Requereix trucada de reactivació.,,
1000080263,Barcelona,Anestesia,perdut,1.0,3410.04,15165.73,0.0,194,2025-12-01,perdut,baixa,televenda,121.8,72,50.41,Client sense comprar des de fa 194 dies. Historial previ de 1777 dies. Possible pèrdua de compte. Requereix trucada de reactivació.,,
1000056963,Valencia,Anestesia,perdut,0.409,3410.04,1393.79,2016.25,544,2025-12-01,perdut,baixa,televenda,,544,50.41,Client sense comprar des de fa 544 dies. Historial previ de 544 dies. Possible pèrdua de compte. Requereix trucada de reactivació.,,
1000080773,Guadalajara,Anestesia,perdut,1.0,3410.04,6212.43,0.0,264,2025-12-01,perdut,baixa,televenda,165.8,98,50.4,Client sense comprar des de fa 264 dies. Historial previ de 1756 dies. Possible pèrdua de compte. Requereix trucada de reactivació.,,
1000082682,Granada,Anestesia,perdut,0.54,2223.12,1199.83,1023.29,560,2025-12-01,perdut,baixa,televenda,293.5,266,50.37,Client sense comprar des de fa 560 dies. Historial previ de 1147 dies. Possible pèrdua de compte. Requereix trucada de reactivació.,,
3930,Lugo,Anestesia,promiscu,0.624,2223.12,1388.25,834.87,-9,2025-12-01,finestra_captura,mitjana,delegat,1519.0,0,50.09,Client PROMISCU d'Anestesia en FINESTRA DE CAPTURA. Cicle: 1519 dies. Share: 62%. Gap: 835€/any. Moment òptim per contactar.,0.0,2030-02-06
1000101197,Barcelona,Anestesia,perdut,0.607,3410.04,2071.38,1338.66,122,2025-12-01,perdut,baixa,televenda,77.0,45,49.82,Client sense comprar des de fa 122 dies. Historial previ de 430 dies. Possible pèrdua de compte. Requereix trucada de reactivació.,,
1000100139,Girona,Anestesia,promiscu,0.627,2223.12,1392.9,830.22,68,2025-12-01,finestra_captura,mitjana,delegat,478.5,0,49.81,Client PROMISCU d'Anestesia en FINESTRA DE CAPTURA. Cicle: 478 dies. Share: 63%. Gap: 830€/any. Moment òptim per contactar.,0.0,2027-01-15
1000082451,Albacete,Anestesia,perdut,1.0,2223.12,6759.17,0.0,530,2025-12-01,perdut,baixa,televenda,279.3,250,49.74,Client sense comprar des de fa 530 dies. Historial previ de 1368 dies. Possible pèrdua de compte. Requereix trucada de reactivació.,,
10952,Zamora,Anestesia,perdut,0.45,1802.36,811.44,990.92,1418,2025-12-01,perdut,baixa,televenda,135.0,1283,49.55,Client sense comprar des de fa 1418 dies. Historial previ de 1553 dies. Possible pèrdua de compte. Requereix trucada de reactivació.,,
42703,Cuenca,Anestesia,promiscu,0.629,2223.12,1398.49,824.63,52,2025-12-01,finestra_captura,mitjana,delegat,261.0,0,49.48,Client PROMISCU d'Anestesia en FINESTRA DE CAPTURA. Cicle: 261 dies. Share: 63%. Gap: 825€/any. Moment òptim per contactar.,0.0,2026-06-28
1000101094,Cádiz,Bioseguridad,perdut,0.236,1667.34,393.2,1274.14,348,2025-12-01,perdut,baixa,televenda,196.0,152,49.41,Client sense comprar des de fa 348 dies. Historial previ de 544 dies. Possible pèrdua de compte. Requereix trucada de reactivació.,,
40828,Cantabria,Anestesia,perdut,1.0,3410.04,5468.12,0.0,431,2025-12-01,perdut,baixa,televenda,272.8,158,49.38,Client sense comprar des de fa 431 dies. Historial previ de 1522 dies. Possible pèrdua de compte. Requereix trucada de reactivació.,,
1000100622,Pontevedra,Bioseguridad,promiscu,0.25,1086.44,271.64,814.8,3,2025-12-01,finestra_captura,mitjana,delegat,280.0,0,48.89,Client PROMISCU d'Bioseguridad en FINESTRA DE CAPTURA. Cicle: 280 dies. Share: 25%. Gap: 815€/any. Moment òptim per contactar.,0.0,2026-09-04
1000078083,Almería,Anestesia,perdut,0.145,2223.12,322.13,1900.99,318,2025-12-01,perdut,baixa,televenda,210.0,108,48.88,Client sense comprar des de fa 318 dies. Historial previ de 528 dies. Possible pèrdua de compte. Requereix trucada de reactivació.,,
13422,Barcelona,Anestesia,perdut,0.459,1802.36,826.7,975.66,1398,2025-12-01,perdut,baixa,televenda,96.0,1302,48.78,Client sense comprar des de fa 1398 dies. Historial previ de 1686 dies. Possible pèrdua de compte. Requereix trucada de reactivació.,,
42966,Alicante,Bioseguridad,perdut,0.417,1667.34,694.5,972.84,356,2025-12-01,perdut,baixa,televenda,15.0,341,48.64,Client sense comprar des de fa 356 dies. Historial previ de 371 dies. Possible pèrdua de compte. Requereix trucada de reactivació.,,
1000082082,Sta.Cruz Tenerife,Anestesia,perdut,0.785,2223.12,1745.83,477.29,363,2025-12-01,perdut,baixa,televenda,193.2,169,48.62,Client sense comprar des de fa 363 dies. Historial previ de 1522 dies. Possible pèrdua de compte. Requereix trucada de reactivació.,,
28530,Cuenca,Bioseguridad,perdut,1.0,2223.12,2332.01,0.0,363,2025-12-01,perdut,baixa,televenda,193.3,169,48.58,Client sense comprar des de fa 363 dies. Historial previ de 1523 dies. Possible pèrdua de compte. Requereix trucada de reactivació.,,
28541,Cádiz,Anestesia,perdut,1.0,2223.12,9277.71,0.0,256,2025-12-01,perdut,baixa,televenda,136.4,119,48.5,Client sense comprar des de fa 256 dies. Historial previ de 1756 dies. Possible pèrdua de compte. Requereix trucada de reactivació.,,
42900,Sevilla,Bioseguridad,perdut,0.128,2223.12,283.54,1939.58,182,2025-12-01,perdut,baixa,televenda,,182,48.49,Client sense comprar des de fa 182 dies. Historial previ de 182 dies. Possible pèrdua de compte. Requereix trucada de reactivació.,,
37803,Málaga,Bioseguridad,perdut,0.129,2223.12,287.88,1935.24,1503,2025-12-01,perdut,baixa,televenda,,1503,48.38,Client sense comprar des de fa 1503 dies. Historial previ de 1503 dies. Possible pèrdua de compte. Requereix trucada de reactivació.,,
1000101926,Granada,Anestesia,promiscu,0.638,2223.12,1417.4,805.72,27,2025-12-01,finestra_captura,mitjana,delegat,146.0,0,48.34,Client PROMISCU d'Anestesia en FINESTRA DE CAPTURA. Cicle: 146 dies. Share: 64%. Gap: 806€/any. Moment òptim per contactar.,0.0,2026-03-30
1000075856,Madrid,Bioseguridad,perdut,0.111,1086.44,120.67,965.77,1615,2025-12-01,perdut,baixa,televenda,23.0,1592,48.29,Client sense comprar des de fa 1615 dies. Historial previ de 1638 dies. Possible pèrdua de compte. Requereix trucada de reactivació.,,
1000100624,Sta.Cruz Tenerife,Bioseguridad,perdut,1.0,2778.9,6274.99,0.0,116,2025-12-01,perdut,baixa,televenda,68.1,47,47.92,Client sense comprar des de fa 116 dies. Historial previ de 593 dies. Possible pèrdua de compte. Requereix trucada de reactivació.,,
1000081281,Barcelona,Anestesia,perdut,1.0,2223.12,2580.14,0.0,376,2025-12-01,perdut,baixa,televenda,202.0,174,47.87,Client sense comprar des de fa 376 dies. Historial previ de 578 dies. Possible pèrdua de compte. Requereix trucada de reactivació.,,
42945,Madrid,Anestesia,perdut,0.47,1802.36,847.46,954.9,255,2025-12-01,perdut,baixa,televenda,74.5,180,47.75,Client sense comprar des de fa 255 dies. Historial previ de 404 dies. Possible pèrdua de compte. Requereix trucada de reactivació.,,
1000101010,Valencia,Anestesia,promiscu,0.643,2223.12,1428.64,794.48,0,2025-12-01,finestra_captura,mitjana,delegat,299.5,0,47.67,Client PROMISCU d'Anestesia en FINESTRA DE CAPTURA. Cicle: 300 dies. Share: 64%. Gap: 794€/any. Moment òptim per contactar.,0.0,2026-09-26
1000068645,Barcelona,Anestesia,perdut,1.0,2223.12,15361.4,0.0,382,2025-12-01,perdut,baixa,televenda,205.3,176,47.64,Client sense comprar des de fa 382 dies. Historial previ de 1614 dies. Possible pèrdua de compte. Requereix trucada de reactivació.,,
9759,Albacete,Anestesia,perdut,0.144,2223.12,319.24,1903.88,1371,2025-12-01,perdut,baixa,televenda,,1371,47.6,Client sense comprar des de fa 1371 dies. Historial previ de 1371 dies. Possible pèrdua de compte. Requereix trucada de reactivació.,,
1000100406,Granada,Anestesia,perdut,0.472,1802.36,851.57,950.79,803,2025-12-01,perdut,baixa,televenda,3.5,799,47.54,Client sense comprar des de fa 803 dies. Historial previ de 810 dies. Possible pèrdua de compte. Requereix trucada de reactivació.,,
42591,Ciudad Real,Anestesia,promiscu,0.644,2223.12,1432.47,790.65,56,2025-12-01,finestra_captura,mitjana,delegat,78.1,0,47.44,Client PROMISCU d'Anestesia en FINESTRA DE CAPTURA. Cicle: 78 dies. Share: 64%. Gap: 791€/any. Moment òptim per contactar.,0.0,2025-12-23
38492,Valencia,Bioseguridad,perdut,0.432,1667.34,720.44,946.9,1725,2025-12-01,perdut,baixa,televenda,53.0,1672,47.34,Client sense comprar des de fa 1725 dies. Historial previ de 1778 dies. Possible pèrdua de compte. Requereix trucada de reactivació.,,
39378,Barcelona,Bioseguridad,perdut,0.432,1667.34,720.44,946.9,1614,2025-12-01,perdut,baixa,televenda,162.0,1452,47.34,Client sense comprar des de fa 1614 dies. Historial previ de 1776 dies. Possible pèrdua de compte. Requereix trucada de reactivació.,,
31367,Barcelona,Anestesia,perdut,1.0,2223.12,3401.16,0.0,773,2025-12-01,perdut,baixa,televenda,417.5,355,47.26,Client sense comprar des de fa 773 dies. Historial previ de 1608 dies. Possible pèrdua de compte. Requereix trucada de reactivació.,,
1000081693,Barcelona,Anestesia,perdut,1.0,2223.12,12251.22,0.0,175,2025-12-01,perdut,baixa,televenda,94.2,80,47.21,Client sense comprar des de fa 175 dies. Historial previ de 1776 dies. Possible pèrdua de compte. Requereix trucada de reactivació.,,
33366,Murcia,Anestesia,perdut,1.0,2223.12,5107.99,0.0,406,2025-12-01,perdut,baixa,televenda,220.0,186,46.99,Client sense comprar des de fa 406 dies. Historial previ de 1726 dies. Possible pèrdua de compte. Requereix trucada de reactivació.,,
1000081026,Sevilla,Bioseguridad,promiscu,0.28,1086.44,304.52,781.92,19,2025-12-01,finestra_captura,mitjana,delegat,1100.0,0,46.92,Client PROMISCU d'Bioseguridad en FINESTRA DE CAPTURA. Cicle: 1100 dies. Share: 28%. Gap: 782€/any. Moment òptim per contactar.,0.0,2028-11-16
1000081806,Ciudad Real,Bioseguridad,perdut,0.136,1086.44,148.27,938.17,738,2025-12-01,perdut,baixa,televenda,364.0,374,46.91,Client sense comprar des de fa 738 dies. Historial previ de 1102 dies. Possible pèrdua de compte. Requereix trucada de reactivació.,,
1000100055,Teruel,Anestesia,promiscu,0.648,2223.12,1441.44,781.68,6,2025-12-01,finestra_captura,mitjana,delegat,70.3,0,46.9,Client PROMISCU d'Anestesia en FINESTRA DE CAPTURA. Cicle: 70 dies. Share: 65%. Gap: 782€/any. Moment òptim per contactar.,0.0,2026-02-03
1000081992,Barcelona,Anestesia,perdut,1.0,2223.12,7138.29,0.0,357,2025-12-01,perdut,baixa,televenda,193.4,163,46.83,Client sense comprar des de fa 357 dies. Historial previ de 1711 dies. Possible pèrdua de compte. Requereix trucada de reactivació.,,
1000100158,Madrid,Anestesia,promiscu,0.649,2223.12,1442.93,780.19,18,2025-12-01,finestra_captura,mitjana,delegat,140.1,0,46.81,Client PROMISCU d'Anestesia en FINESTRA DE CAPTURA. Cicle: 140 dies. Share: 65%. Gap: 780€/any. Moment òptim per contactar.,0.0,2026-04-02
1000100366,Sta.Cruz Tenerife,Anestesia,perdut,0.457,3410.04,1558.41,1851.63,237,2025-12-01,perdut,baixa,televenda,157.2,79,46.51,Client sense comprar des de fa 237 dies. Historial previ de 866 dies. Possible pèrdua de compte. Requereix trucada de reactivació.,,
24137,Badajoz,Bioseguridad,perdut,0.163,2223.12,363.42,1859.7,1342,2025-12-01,perdut,baixa,televenda,,1342,46.49,Client sense comprar des de fa 1342 dies. Historial previ de 1342 dies. Possible pèrdua de compte. Requereix trucada de reactivació.,,
1000081712,Barcelona,Bioseguridad,perdut,0.445,1667.34,742.11,925.23,1047,2025-12-01,perdut,baixa,televenda,240.0,807,46.26,Client sense comprar des de fa 1047 dies. Historial previ de 1287 dies. Possible pèrdua de compte. Requereix trucada de reactivació.,,
42807,Málaga,Anestesia,promiscu,0.654,2223.12,1454.96,768.16,0,2025-12-01,finestra_captura,mitjana,delegat,105.8,0,46.09,Client PROMISCU d'Anestesia en FINESTRA DE CAPTURA. Cicle: 106 dies. Share: 65%. Gap: 768€/any. Moment òptim per contactar.,0.0,2026-03-16
22540,Sta.Cruz Tenerife,Bioseguridad,perdut,0.174,2223.12,385.84,1837.28,390,2025-12-01,perdut,baixa,televenda,,390,45.93,Client sense comprar des de fa 390 dies. Historial previ de 390 dies. Possible pèrdua de compte. Requereix trucada de reactivació.,,
1000069082,Zamora,Bioseguridad,perdut,1.0,2223.12,7314.73,0.0,235,2025-12-01,perdut,baixa,televenda,128.5,106,45.85,Client sense comprar des de fa 235 dies. Historial previ de 1777 dies. Possible pèrdua de compte. Requereix trucada de reactivació.,,
35959,Alicante,Bioseguridad,perdut,0.452,1667.34,753.22,914.12,178,2025-12-01,perdut,baixa,televenda,88.5,89,45.71,Client sense comprar des de fa 178 dies. Historial previ de 355 dies. Possible pèrdua de compte. Requereix trucada de reactivació.,,
2709,Madrid,Anestesia,perdut,1.0,2223.12,8897.59,0.0,322,2025-12-01,perdut,baixa,televenda,176.8,145,45.57,Client sense comprar des de fa 322 dies. Historial previ de 1383 dies. Possible pèrdua de compte. Requereix trucada de reactivació.,,
1000080899,Alicante,Anestesia,perdut,1.0,4546.72,5221.4,0.0,151,2025-12-01,perdut,baixa,televenda,107.3,43,45.55,Client sense comprar des de fa 151 dies. Historial previ de 1546 dies. Possible pèrdua de compte. Requereix trucada de reactivació.,,
1000079039,Zaragoza,Bioseguridad,perdut,0.166,1086.44,180.11,906.33,1615,2025-12-01,perdut,baixa,televenda,5.0,1610,45.32,Client sense comprar des de fa 1615 dies. Historial previ de 1620 dies. Possible pèrdua de compte. Requereix trucada de reactivació.,,
1000082709,Málaga,Bioseguridad,promiscu,0.547,1667.34,912.58,754.76,39,2025-12-01,finestra_captura,mitjana,delegat,494.5,0,45.29,Client PROMISCU d'Bioseguridad en FINESTRA DE CAPTURA. Cicle: 494 dies. Share: 55%. Gap: 755€/any. Moment òptim per contactar.,0.0,2027-03-01
1000100661,Murcia,Anestesia,perdut,1.0,2223.12,2804.81,0.0,248,2025-12-01,perdut,baixa,televenda,136.3,111,45.25,Client sense comprar des de fa 248 dies. Historial previ de 657 dies. Possible pèrdua de compte. Requereix trucada de reactivació.,,
1392,Murcia,Anestesia,perdut,0.186,2223.12,413.35,1809.77,1398,2025-12-01,perdut,baixa,televenda,,1398,45.24,Client sense comprar des de fa 1398 dies. Historial previ de 1398 dies. Possible pèrdua de compte. Requereix trucada de reactivació.,,
5209,Jaén,Anestesia,perdut,0.186,2223.12,413.35,1809.77,1413,2025-12-01,perdut,baixa,televenda,,1413,45.24,Client sense comprar des de fa 1413 dies. Historial previ de 1413 dies. Possible pèrdua de compte. Requereix trucada de reactivació.,,
1000075164,Madrid,Anestesia,perdut,1.0,2223.12,5144.37,0.0,210,2025-12-01,perdut,baixa,televenda,115.6,94,45.19,Client sense comprar des de fa 210 dies. Historial previ de 1713 dies. Possible pèrdua de compte. Requereix trucada de reactivació.,,
1000082784,Cantabria,Bioseguridad,perdut,1.0,2223.12,6387.66,0.0,368,2025-12-01,perdut,baixa,televenda,203.0,165,45.17,Client sense comprar des de fa 368 dies. Historial previ de 977 dies. Possible pèrdua de compte. Requereix trucada de reactivació.,,
42534,Jaén,Bioseguridad,perdut,0.447,3334.68,1490.62,1844.06,98,2025-12-01,perdut,baixa,televenda,65.3,32,45.16,Client sense comprar des de fa 98 dies. Historial previ de 294 dies. Possible pèrdua de compte. Requereix trucada de reactivació.,,
9459,Barcelona,Anestesia,perdut,1.0,2223.12,2267.96,0.0,735,2025-12-01,perdut,baixa,televenda,405.5,329,45.09,Client sense comprar des de fa 735 dies. Historial previ de 1546 dies. Possible pèrdua de compte. Requereix trucada de reactivació.,,
1000081851,Madrid,Anestesia,perdut,1.0,2223.12,6253.91,0.0,318,2025-12-01,perdut,baixa,televenda,175.1,142,45.07,Client sense comprar des de fa 318 dies. Historial previ de 1719 dies. Possible pèrdua de compte. Requereix trucada de reactivació.,,
40500,Gipúzkoa,Anestesia,perdut,0.829,1802.36,1494.49,307.87,705,2025-12-01,perdut,baixa,televenda,69.5,635,45.06,Client sense comprar des de fa 705 dies. Historial previ de 1678 dies. Possible pèrdua de compte. Requereix trucada de reactivació.,,
42015,Málaga,Anestesia,perdut,1.0,1802.36,3644.76,0.0,1221,2025-12-01,perdut,baixa,televenda,43.4,1177,45.06,Client sense comprar des de fa 1221 dies. Historial previ de 1698 dies. Possible pèrdua de compte. Requereix trucada de reactivació.,,
8279,Gipúzkoa,Anestesia,perdut,0.69,1802.36,1243.57,558.79,921,2025-12-01,perdut,baixa,televenda,283.5,637,45.06,Client sense comprar des de fa 921 dies. Historial previ de 1488 dies. Possible pèrdua de compte. Requereix trucada de reactivació.,,
1000080939,Madrid,Anestesia,perdut,1.0,1802.36,1979.4,0.0,1011,2025-12-01,perdut,baixa,televenda,351.5,659,45.06,Client sense comprar des de fa 1011 dies. Historial previ de 1714 dies. Possible pèrdua de compte. Requereix trucada de reactivació.,,
40864,Barcelona,Anestesia,perdut,1.0,1802.36,2441.54,0.0,1027,2025-12-01,perdut,baixa,televenda,195.3,831,45.06,Client sense comprar des de fa 1027 dies. Historial previ de 1613 dies. Possible pèrdua de compte. Requereix trucada de reactivació.,,
30434,Orense,Anestesia,perdut,1.0,1802.36,5404.75,0.0,427,2025-12-01,perdut,baixa,televenda,169.0,258,45.06,Client sense comprar des de fa 427 dies. Historial previ de 1610 dies. Possible pèrdua de compte. Requereix trucada de reactivació.,,
30469,Sta.Cruz Tenerife,Anestesia,perdut,1.0,1802.36,3082.77,0.0,928,2025-12-01,perdut,baixa,televenda,266.3,661,45.06,Client sense comprar des de fa 928 dies. Historial previ de 1727 dies. Possible pèrdua de compte. Requereix trucada de reactivació.,,
5040,Gipúzkoa,Anestesia,perdut,1.0,1802.36,8763.02,0.0,714,2025-12-01,perdut,baixa,televenda,65.9,648,45.06,Client sense comprar des de fa 714 dies. Historial previ de 1768 dies. Possible pèrdua de compte. Requereix trucada de reactivació.,,
41432,Madrid,Anestesia,perdut,1.0,1802.36,6099.48,0.0,444,2025-12-01,perdut,baixa,televenda,177.3,266,45.06,Client sense comprar des de fa 444 dies. Historial previ de 1685 dies. Possible pèrdua de compte. Requereix trucada de reactivació.,,
1000060357,Madrid,Anestesia,perdut,1.0,1802.36,3913.3,0.0,581,2025-12-01,perdut,baixa,televenda,122.7,458,45.06,Client sense comprar des de fa 581 dies. Historial previ de 1685 dies. Possible pèrdua de compte. Requereix trucada de reactivació.,,
31008,A Coruña,Anestesia,perdut,0.669,1802.36,1205.95,596.41,1229,2025-12-01,perdut,baixa,televenda,253.5,975,45.06,Client sense comprar des de fa 1229 dies. Historial previ de 1736 dies. Possible pèrdua de compte. Requereix trucada de reactivació.,,
1000080786,Madrid,Anestesia,perdut,1.0,1802.36,3783.11,0.0,748,2025-12-01,perdut,baixa,televenda,130.9,617,45.06,Client sense comprar des de fa 748 dies. Historial previ de 1664 dies. Possible pèrdua de compte. Requereix trucada de reactivació.,,
1000081434,,Anestesia,perdut,1.0,1802.36,2520.69,0.0,985,2025-12-01,perdut,baixa,televenda,94.4,890,45.06,Client sense comprar des de fa 985 dies. Historial previ de 1740 dies. Possible pèrdua de compte. Requereix trucada de reactivació.,,
1000082127,Murcia,Anestesia,perdut,0.741,1802.36,1335.94,466.42,259,2025-12-01,perdut,baixa,televenda,96.0,163,45.06,Client sense comprar des de fa 259 dies. Historial previ de 643 dies. Possible pèrdua de compte. Requereix trucada de reactivació.,,
7213,Pontevedra,Anestesia,perdut,1.0,1802.36,3412.91,0.0,592,2025-12-01,perdut,baixa,televenda,223.8,368,45.06,Client sense comprar des de fa 592 dies. Historial previ de 1487 dies. Possible pèrdua de compte. Requereix trucada de reactivació.,,
13219,Barcelona,Anestesia,perdut,1.0,1802.36,4173.94,0.0,873,2025-12-01,perdut,baixa,televenda,136.5,736,45.06,Client sense comprar des de fa 873 dies. Historial previ de 1692 dies. Possible pèrdua de compte. Requereix trucada de reactivació.,,
1779,Pontevedra,Anestesia,perdut,1.0,1802.36,2196.87,0.0,1036,2025-12-01,perdut,baixa,televenda,149.5,886,45.06,Client sense comprar des de fa 1036 dies. Historial previ de 1634 dies. Possible pèrdua de compte. Requereix trucada de reactivació.,,
4989,Gipúzkoa,Anestesia,perdut,1.0,1802.36,2611.41,0.0,906,2025-12-01,perdut,baixa,televenda,259.0,647,45.06,Client sense comprar des de fa 906 dies. Historial previ de 1683 dies. Possible pèrdua de compte. Requereix trucada de reactivació.,,
16372,Navarra,Anestesia,perdut,1.0,1802.36,4964.24,0.0,615,2025-12-01,perdut,baixa,televenda,188.0,427,45.06,Client sense comprar des de fa 615 dies. Historial previ de 1743 dies. Possible pèrdua de compte. Requereix trucada de reactivació.,,
1000101694,Almería,Anestesia,perdut,1.0,1802.36,2662.8,0.0,130,2025-12-01,perdut,baixa,televenda,58.0,72,45.06,Client sense comprar des de fa 130 dies. Historial previ de 304 dies. Possible pèrdua de compte. Requereix trucada de reactivació.,,
1000073407,Madrid,Anestesia,perdut,1.0,1802.36,3193.62,0.0,633,2025-12-01,perdut,baixa,televenda,188.7,444,45.06,Client sense comprar des de fa 633 dies. Historial previ de 1765 dies. Possible pèrdua de compte. Requereix trucada de reactivació.,,
1000076619,Asturias,Anestesia,perdut,1.0,1802.36,3682.39,0.0,790,2025-12-01,perdut,baixa,televenda,220.2,569,45.06,Client sense comprar des de fa 790 dies. Historial previ de 1671 dies. Possible pèrdua de compte. Requereix trucada de reactivació.,,
1889,Las Palmas,Anestesia,perdut,1.0,1802.36,1859.2,0.0,1061,2025-12-01,perdut,baixa,televenda,240.0,821,45.06,Client sense comprar des de fa 1061 dies. Historial previ de 1781 dies. Possible pèrdua de compte. Requereix trucada de reactivació.,,
1000074584,Granada,Anestesia,perdut,1.0,1802.36,6689.35,0.0,719,2025-12-01,perdut,baixa,televenda,88.8,630,45.06,Client sense comprar des de fa 719 dies. Historial previ de 1785 dies. Possible pèrdua de compte. Requereix trucada de reactivació.,,
5047,Gipúzkoa,Anestesia,perdut,1.0,1802.36,2858.29,0.0,1294,2025-12-01,perdut,baixa,televenda,93.6,1200,45.06,Client sense comprar des de fa 1294 dies. Historial previ de 1762 dies. Possible pèrdua de compte. Requereix trucada de reactivació.,,
8751,Madrid,Anestesia,perdut,0.549,1802.36,990.26,812.1,1277,2025-12-01,perdut,baixa,televenda,128.8,1148,45.06,Client sense comprar des de fa 1277 dies. Historial previ de 1792 dies. Possible pèrdua de compte. Requereix trucada de reactivació.,,
17828,Girona,Anestesia,perdut,1.0,1802.36,3246.71,0.0,622,2025-12-01,perdut,baixa,televenda,232.6,389,45.06,Client sense comprar des de fa 622 dies. Historial previ de 1785 dies. Possible pèrdua de compte. Requereix trucada de reactivació.,,
1000081180,Madrid,Anestesia,perdut,0.584,1802.36,1051.82,750.54,1070,2025-12-01,perdut,baixa,televenda,203.3,866,45.06,Client sense comprar des de fa 1070 dies. Historial previ de 1680 dies. Possible pèrdua de compte. Requereix trucada de reactivació.,,
1000080412,Madrid,Anestesia,perdut,0.873,1802.36,1572.83,229.53,731,2025-12-01,perdut,baixa,televenda,165.7,565,45.06,Client sense comprar des de fa 731 dies. Historial previ de 1228 dies. Possible pèrdua de compte. Requereix trucada de reactivació.,,
35675,Granada,Anestesia,perdut,1.0,1802.36,1928.97,0.0,1265,2025-12-01,perdut,baixa,televenda,125.0,1140,45.06,Client sense comprar des de fa 1265 dies. Historial previ de 1765 dies. Possible pèrdua de compte. Requereix trucada de reactivació.,,
1000079856,Barcelona,Anestesia,perdut,1.0,1802.36,3483.72,0.0,570,2025-12-01,perdut,baixa,televenda,234.2,335,45.06,Client sense comprar des de fa 570 dies. Historial previ de 1741 dies. Possible pèrdua de compte. Requereix trucada de reactivació.,,
1000079652,Barcelona,Anestesia,perdut,1.0,1802.36,2669.29,0.0,614,2025-12-01,perdut,baixa,televenda,119.1,494,45.06,Client sense comprar des de fa 614 dies. Historial previ de 1686 dies. Possible pèrdua de compte. Requereix trucada de reactivació.,,
21599,Madrid,Anestesia,perdut,0.905,1802.36,1630.54,171.82,1293,2025-12-01,perdut,baixa,televenda,149.0,1144,45.06,Client sense comprar des de fa 1293 dies. Historial previ de 1740 dies. Possible pèrdua de compte. Requereix trucada de reactivació.,,
1000082543,Barcelona,Anestesia,perdut,1.0,1802.36,4964.71,0.0,840,2025-12-01,perdut,baixa,televenda,149.0,691,45.06,Client sense comprar des de fa 840 dies. Historial previ de 1287 dies. Possible pèrdua de compte. Requereix trucada de reactivació.,,
1000075173,Madrid,Anestesia,perdut,1.0,1802.36,3579.0,0.0,384,2025-12-01,perdut,baixa,televenda,187.6,196,45.06,Client sense comprar des de fa 384 dies. Historial previ de 1697 dies. Possible pèrdua de compte. Requereix trucada de reactivació.,,
39651,Barcelona,Anestesia,perdut,0.971,1802.36,1750.74,51.62,1342,2025-12-01,perdut,baixa,televenda,142.5,1199,45.06,Client sense comprar des de fa 1342 dies. Historial previ de 1627 dies. Possible pèrdua de compte. Requereix trucada de reactivació.,,
4156,Madrid,Anestesia,perdut,0.692,1802.36,1247.71,554.65,964,2025-12-01,perdut,baixa,televenda,183.0,781,45.06,Client sense comprar des de fa 964 dies. Historial previ de 1330 dies. Possible pèrdua de compte. Requereix trucada de reactivació.,,
40974,Madrid,Anestesia,perdut,1.0,1802.36,6044.53,0.0,399,2025-12-01,perdut,baixa,televenda,110.8,288,45.06,Client sense comprar des de fa 399 dies. Historial previ de 1728 dies. Possible pèrdua de compte. Requereix trucada de reactivació.,,
14986,Barcelona,Anestesia,perdut,1.0,1802.36,2113.63,0.0,507,2025-12-01,perdut,baixa,televenda,148.1,358,45.06,Client sense comprar des de fa 507 dies. Historial previ de 1544 dies. Possible pèrdua de compte. Requereix trucada de reactivació.,,
1000078487,Barcelona,Anestesia,perdut,0.765,1802.36,1378.34,424.02,1047,2025-12-01,perdut,baixa,televenda,210.7,836,45.06,Client sense comprar des de fa 1047 dies. Historial previ de 1679 dies. Possible pèrdua de compte. Requereix trucada de reactivació.,,
1000076338,Madrid,Anestesia,perdut,1.0,1802.36,4280.06,0.0,304,2025-12-01,perdut,baixa,televenda,61.8,242,45.06,Client sense comprar des de fa 304 dies. Historial previ de 1788 dies. Possible pèrdua de compte. Requereix trucada de reactivació.,,
12537,Granada,Anestesia,perdut,0.753,1802.36,1357.1,445.26,1062,2025-12-01,perdut,baixa,televenda,242.0,820,45.06,Client sense comprar des de fa 1062 dies. Historial previ de 1788 dies. Possible pèrdua de compte. Requereix trucada de reactivació.,,
1000080905,Madrid,Anestesia,perdut,0.917,1802.36,1653.39,148.97,1538,2025-12-01,perdut,baixa,televenda,97.5,1440,45.06,Client sense comprar des de fa 1538 dies. Historial previ de 1733 dies. Possible pèrdua de compte. Requereix trucada de reactivació.,,
12006,A Coruña,Anestesia,perdut,1.0,1802.36,1875.75,0.0,864,2025-12-01,perdut,baixa,televenda,175.2,688,45.06,Client sense comprar des de fa 864 dies. Historial previ de 1740 dies. Possible pèrdua de compte. Requereix trucada de reactivació.,,
4047,La Rioja,Anestesia,perdut,0.615,1802.36,1107.79,694.57,1054,2025-12-01,perdut,baixa,televenda,177.3,876,45.06,Client sense comprar des de fa 1054 dies. Historial previ de 1586 dies. Possible pèrdua de compte. Requereix trucada de reactivació.,,
1000075923,Madrid,Anestesia,perdut,1.0,1802.36,2871.45,0.0,731,2025-12-01,perdut,baixa,televenda,159.8,571,45.06,Client sense comprar des de fa 731 dies. Historial previ de 1690 dies. Possible pèrdua de compte. Requereix trucada de reactivació.,,
1000065433,Girona,Anestesia,perdut,0.916,1802.36,1651.32,151.04,1077,2025-12-01,perdut,baixa,televenda,105.5,971,45.06,Client sense comprar des de fa 1077 dies. Historial previ de 1288 dies. Possible pèrdua de compte. Requereix trucada de reactivació.,,
4897,Gipúzkoa,Anestesia,perdut,1.0,1802.36,2481.04,0.0,902,2025-12-01,perdut,baixa,televenda,204.8,697,45.06,Client sense comprar des de fa 902 dies. Historial previ de 1721 dies. Possible pèrdua de compte. Requereix trucada de reactivació.,,
4876,Gipúzkoa,Anestesia,perdut,0.612,1802.36,1102.27,700.09,1309,2025-12-01,perdut,baixa,televenda,169.5,1139,45.06,Client sense comprar des de fa 1309 dies. Historial previ de 1648 dies. Possible pèrdua de compte. Requereix trucada de reactivació.,,
36431,Barcelona,Anestesia,perdut,1.0,1802.36,4260.66,0.0,675,2025-12-01,perdut,baixa,televenda,205.0,470,45.06,Client sense comprar des de fa 675 dies. Historial previ de 1700 dies. Possible pèrdua de compte. Requereix trucada de reactivació.,,
1000079033,Navarra,Anestesia,perdut,0.684,1802.36,1232.55,569.81,1494,2025-12-01,perdut,baixa,televenda,134.0,1360,45.06,Client sense comprar des de fa 1494 dies. Historial previ de 1762 dies. Possible pèrdua de compte. Requereix trucada de reactivació.,,
33260,Murcia,Anestesia,perdut,1.0,1802.36,3325.97,0.0,417,2025-12-01,perdut,baixa,televenda,185.3,231,45.06,Client sense comprar des de fa 417 dies. Historial previ de 1714 dies. Possible pèrdua de compte. Requereix trucada de reactivació.,,
4903,Gipúzkoa,Anestesia,perdut,1.0,1802.36,3525.54,0.0,711,2025-12-01,perdut,baixa,televenda,147.4,563,45.06,Client sense comprar des de fa 711 dies. Historial previ de 1743 dies. Possible pèrdua de compte. Requereix trucada de reactivació.,,
8191,Barcelona,Anestesia,perdut,0.988,1802.36,1780.48,21.88,1460,2025-12-01,perdut,baixa,televenda,80.0,1380,45.06,Client sense comprar des de fa 1460 dies. Historial previ de 1700 dies. Possible pèrdua de compte. Requereix trucada de reactivació.,,
20617,Madrid,Anestesia,perdut,0.547,1802.36,986.71,815.65,663,2025-12-01,perdut,baixa,televenda,310.5,352,45.06,Client sense comprar des de fa 663 dies. Historial previ de 1284 dies. Possible pèrdua de compte. Requereix trucada de reactivació.,,
8441,Orense,Anestesia,perdut,1.0,1802.36,3345.62,0.0,805,2025-12-01,perdut,baixa,televenda,148.8,656,45.06,Client sense comprar des de fa 805 dies. Historial previ de 1698 dies. Possible pèrdua de compte. Requereix trucada de reactivació.,,
20619,Barcelona,Anestesia,perdut,0.924,1802.36,1665.83,136.53,927,2025-12-01,perdut,baixa,televenda,279.0,648,45.06,Client sense comprar des de fa 927 dies. Historial previ de 1764 dies. Possible pèrdua de compte. Requereix trucada de reactivació.,,
15394,Murcia,Anestesia,perdut,1.0,1802.36,2427.28,0.0,818,2025-12-01,perdut,baixa,televenda,312.0,506,45.06,Client sense comprar des de fa 818 dies. Historial previ de 1442 dies. Possible pèrdua de compte. Requereix trucada de reactivació.,,
15186,Barcelona,Anestesia,perdut,1.0,1802.36,5133.02,0.0,556,2025-12-01,perdut,baixa,televenda,274.8,281,45.06,Client sense comprar des de fa 556 dies. Historial previ de 1655 dies. Possible pèrdua de compte. Requereix trucada de reactivació.,,
33816,Sta.Cruz Tenerife,Anestesia,perdut,0.826,1802.36,1488.05,314.31,1125,2025-12-01,perdut,baixa,televenda,244.0,881,45.06,Client sense comprar des de fa 1125 dies. Historial previ de 1369 dies. Possible pèrdua de compte. Requereix trucada de reactivació.,,
14657,Almería,Anestesia,perdut,1.0,1802.36,4914.17,0.0,661,2025-12-01,perdut,baixa,televenda,156.6,504,45.06,Client sense comprar des de fa 661 dies. Historial previ de 1757 dies. Possible pèrdua de compte. Requereix trucada de reactivació.,,
4913,Gipúzkoa,Anestesia,perdut,1.0,1802.36,7059.48,0.0,256,2025-12-01,perdut,baixa,televenda,115.3,140,45.06,Client sense comprar des de fa 256 dies. Historial previ de 1755 dies. Possible pèrdua de compte. Requereix trucada de reactivació.,,
1000082238,Madrid,Anestesia,perdut,1.0,1802.36,2047.53,0.0,901,2025-12-01,perdut,baixa,televenda,165.7,735,45.06,Client sense comprar des de fa 901 dies. Historial previ de 1398 dies. Possible pèrdua de compte. Requereix trucada de reactivació.,,
33040,Barcelona,Anestesia,perdut,1.0,1802.36,4007.07,0.0,734,2025-12-01,perdut,baixa,televenda,115.0,619,45.06,Client sense comprar des de fa 734 dies. Historial previ de 1769 dies. Possible pèrdua de compte. Requereix trucada de reactivació.,,
4919,Gipúzkoa,Anestesia,perdut,0.722,1802.36,1300.94,501.42,1223,2025-12-01,perdut,baixa,televenda,223.5,999,45.06,Client sense comprar des de fa 1223 dies. Historial previ de 1670 dies. Possible pèrdua de compte. Requereix trucada de reactivació.,,
34990,Madrid,Anestesia,perdut,1.0,1802.36,3047.8,0.0,1049,2025-12-01,perdut,baixa,televenda,137.2,911,45.06,Client sense comprar des de fa 1049 dies. Historial previ de 1735 dies. Possible pèrdua de compte. Requereix trucada de reactivació.,,
1000078656,Barcelona,Anestesia,perdut,1.0,1802.36,2199.57,0.0,993,2025-12-01,perdut,baixa,televenda,109.3,883,45.06,Client sense comprar des de fa 993 dies. Historial previ de 1649 dies. Possible pèrdua de compte. Requereix trucada de reactivació.,,
1000078940,Toledo,Anestesia,perdut,1.0,1802.36,2947.57,0.0,1319,2025-12-01,perdut,baixa,televenda,79.8,1239,45.06,Client sense comprar des de fa 1319 dies. Historial previ de 1718 dies. Possible pèrdua de compte. Requereix trucada de reactivació.,,
1000082712,Madrid,Anestesia,perdut,0.981,1802.36,1768.76,33.6,599,2025-12-01,perdut,baixa,televenda,135.0,464,45.06,Client sense comprar des de fa 599 dies. Historial previ de 1004 dies. Possible pèrdua de compte. Requereix trucada de reactivació.,,
34605,Pontevedra,Anestesia,perdut,1.0,1802.36,1984.05,0.0,1235,2025-12-01,perdut,baixa,televenda,192.5,1042,45.06,Client sense comprar des de fa 1235 dies. Historial previ de 1620 dies. Possible pèrdua de compte. Requereix trucada de reactivació.,,
1000064972,Madrid,Anestesia,perdut,1.0,1802.36,4227.34,0.0,661,2025-12-01,perdut,baixa,televenda,79.9,581,45.06,Client sense comprar des de fa 661 dies. Historial previ de 1620 dies. Possible pèrdua de compte. Requereix trucada de reactivació.,,
1262,Navarra,Anestesia,perdut,1.0,1802.36,2853.0,0.0,798,2025-12-01,perdut,baixa,televenda,297.7,500,45.06,Client sense comprar des de fa 798 dies. Historial previ de 1691 dies. Possible pèrdua de compte. Requereix trucada de reactivació.,,
25122,Madrid,Anestesia,perdut,1.0,1802.36,1870.94,0.0,747,2025-12-01,perdut,baixa,televenda,195.5,551,45.06,Client sense comprar des de fa 747 dies. Historial previ de 1529 dies. Possible pèrdua de compte. Requereix trucada de reactivació.,,
4944,Gipúzkoa,Anestesia,perdut,1.0,1802.36,3160.59,0.0,816,2025-12-01,perdut,baixa,televenda,219.5,596,45.06,Client sense comprar des de fa 816 dies. Historial previ de 1694 dies. Possible pèrdua de compte. Requereix trucada de reactivació.,,
41052,Burgos,Anestesia,perdut,1.0,1802.36,2687.84,0.0,350,2025-12-01,perdut,baixa,televenda,166.7,183,45.06,Client sense comprar des de fa 350 dies. Historial previ de 850 dies. Possible pèrdua de compte. Requereix trucada de reactivació.,,
1000078144,A Coruña,Anestesia,perdut,1.0,1802.36,7322.27,0.0,465,2025-12-01,perdut,baixa,televenda,205.8,259,45.06,Client sense comprar des de fa 465 dies. Historial previ de 1700 dies. Possible pèrdua de compte. Requereix trucada de reactivació.,,
1000101624,Madrid,Anestesia,perdut,1.0,3410.04,7091.1,0.0,151,2025-12-01,perdut,baixa,televenda,98.5,52,45.01,Client sense comprar des de fa 151 dies. Historial previ de 348 dies. Possible pèrdua de compte. Requereix trucada de reactivació.,,
1000100610,Pontevedra,Anestesia,perdut,0.239,1802.36,430.02,1372.34,306,2025-12-01,perdut,baixa,televenda,184.5,121,45.0,Client sense comprar des de fa 306 dies. Historial previ de 675 dies. Possible pèrdua de compte. Requereix trucada de reactivació.,,
28892,Madrid,Bioseguridad,perdut,0.461,1667.34,768.33,899.01,1012,2025-12-01,perdut,baixa,televenda,178.0,834,44.95,Client sense comprar des de fa 1012 dies. Historial previ de 1546 dies. Possible pèrdua de compte. Requereix trucada de reactivació.,,
31125,Barcelona,Anestesia,perdut,1.0,2223.12,4461.87,0.0,175,2025-12-01,perdut,baixa,televenda,96.5,78,44.92,Client sense comprar des de fa 175 dies. Historial previ de 1719 dies. Possible pèrdua de compte. Requereix trucada de reactivació.,,
42554,Madrid,Anestesia,promiscu,0.585,1802.36,1054.04,748.32,-28,2025-12-01,finestra_captura,mitjana,delegat,205.8,0,44.9,Client PROMISCU d'Anestesia en FINESTRA DE CAPTURA. Cicle: 206 dies. Share: 58%. Gap: 748€/any. Moment òptim per contactar.,0.0,2026-07-22
4063,La Rioja,Anestesia,perdut,1.0,2223.12,4023.05,0.0,398,2025-12-01,perdut,baixa,televenda,220.8,177,44.55,Client sense comprar des de fa 398 dies. Historial previ de 1502 dies. Possible pèrdua de compte. Requereix trucada de reactivació.,,
1000074407,Pontevedra,Anestesia,perdut,1.0,2223.12,3010.0,0.0,347,2025-12-01,perdut,baixa,televenda,192.3,154,44.51,Client sense comprar des de fa 347 dies. Historial previ de 1693 dies. Possible pèrdua de compte. Requereix trucada de reactivació.,,
13739,Barcelona,Anestesia,perdut,1.0,2223.12,3254.21,0.0,284,2025-12-01,perdut,baixa,televenda,157.4,126,44.5,Client sense comprar des de fa 284 dies. Historial previ de 1543 dies. Possible pèrdua de compte. Requereix trucada de reactivació.,,
1000076824,Sevilla,Bioseguridad,perdut,0.467,1667.34,778.4,888.94,1278,2025-12-01,perdut,baixa,televenda,248.0,1030,44.45,Client sense comprar des de fa 1278 dies. Historial previ de 1526 dies. Possible pèrdua de compte. Requereix trucada de reactivació.,,
2873,Madrid,Anestesia,perdut,1.0,2223.12,8307.87,0.0,447,2025-12-01,perdut,baixa,televenda,248.8,198,44.23,Client sense comprar des de fa 447 dies. Historial previ de 1691 dies. Possible pèrdua de compte. Requereix trucada de reactivació.,,
1000076773,Granada,Anestesia,promiscu,0.591,1802.36,1065.37,736.99,0,2025-12-01,finestra_captura,mitjana,delegat,841.5,0,44.22,Client PROMISCU d'Anestesia en FINESTRA DE CAPTURA. Cicle: 842 dies. Share: 59%. Gap: 737€/any. Moment òptim per contactar.,0.0,2028-03-21
27529,Vizcaya,Bioseguridad,perdut,0.801,2223.12,1781.54,441.58,508,2025-12-01,perdut,baixa,televenda,283.0,225,44.19,Client sense comprar des de fa 508 dies. Historial previ de 1074 dies. Possible pèrdua de compte. Requereix trucada de reactivació.,,
1000077299,Cádiz,Anestesia,perdut,1.0,3410.04,5262.44,0.0,291,2025-12-01,perdut,baixa,televenda,191.5,99,44.07,Client sense comprar des de fa 291 dies. Historial previ de 1440 dies. Possible pèrdua de compte. Requereix trucada de reactivació.,,
1000040574,Toledo,Bioseguridad,perdut,0.0,879.2,0.0,879.2,1263,2025-12-01,perdut,baixa,televenda,4.7,1258,43.96,Client sense comprar des de fa 1263 dies. Historial previ de 1277 dies. Possible pèrdua de compte. Requereix trucada de reactivació.,,
1000100015,Zaragoza,Anestesia,perdut,0.36,2223.12,800.98,1422.14,199,2025-12-01,perdut,baixa,televenda,123.0,76,43.94,Client sense comprar des de fa 199 dies. Historial previ de 445 dies. Possible pèrdua de compte. Requereix trucada de reactivació.,,
41906,Ciudad Real,Bioseguridad,promiscu,0.565,1667.34,942.08,725.26,56,2025-12-01,finestra_captura,mitjana,delegat,65.7,0,43.52,Client PROMISCU d'Bioseguridad en FINESTRA DE CAPTURA. Cicle: 66 dies. Share: 57%. Gap: 725€/any. Moment òptim per contactar.,0.0,2025-12-10
1000073092,Girona,Anestesia,perdut,1.0,3410.04,11767.5,0.0,237,2025-12-01,perdut,baixa,televenda,156.9,80,43.47,Client sense comprar des de fa 237 dies. Historial previ de 1649 dies. Possible pèrdua de compte. Requereix trucada de reactivació.,,
43008,Toledo,Bioseguridad,promiscu,0.333,1086.44,362.04,724.4,60,2025-12-01,finestra_captura,mitjana,delegat,181.0,0,43.46,Client PROMISCU d'Bioseguridad en FINESTRA DE CAPTURA. Cicle: 181 dies. Share: 33%. Gap: 724€/any. Moment òptim per contactar.,0.0,2026-04-01
1000100463,Málaga,Anestesia,promiscu,0.674,2223.12,1498.72,724.4,0,2025-12-01,finestra_captura,mitjana,delegat,129.5,0,43.46,Client PROMISCU d'Anestesia en FINESTRA DE CAPTURA. Cicle: 130 dies. Share: 67%. Gap: 724€/any. Moment òptim per contactar.,0.0,2026-04-09
1000078013,Valencia,Bioseguridad,perdut,0.479,1667.34,798.59,868.75,622,2025-12-01,perdut,baixa,televenda,251.0,371,43.44,Client sense comprar des de fa 622 dies. Historial previ de 873 dies. Possible pèrdua de compte. Requereix trucada de reactivació.,,
1000057197,Madrid,Anestesia,perdut,1.0,3410.04,7717.13,0.0,255,2025-12-01,perdut,baixa,televenda,168.8,86,43.44,Client sense comprar des de fa 255 dies. Historial previ de 1774 dies. Possible pèrdua de compte. Requereix trucada de reactivació.,,
12205,Girona,Anestesia,perdut,1.0,2223.12,5095.37,0.0,628,2025-12-01,perdut,baixa,televenda,353.0,275,43.3,Client sense comprar des de fa 628 dies. Historial previ de 1687 dies. Possible pèrdua de compte. Requereix trucada de reactivació.,,
15008,Barcelona,Anestesia,perdut,0.976,2223.12,2170.62,52.5,544,2025-12-01,perdut,baixa,televenda,306.2,237,43.01,Client sense comprar des de fa 544 dies. Historial previ de 1769 dies. Possible pèrdua de compte. Requereix trucada de reactivació.,,
1000101593,Huelva,Anestesia,promiscu,0.678,2223.12,1508.18,714.94,74,2025-12-01,finestra_captura,mitjana,delegat,147.0,0,42.9,Client PROMISCU d'Anestesia en FINESTRA DE CAPTURA. Cicle: 147 dies. Share: 68%. Gap: 715€/any. Moment òptim per contactar.,0.0,2026-02-12
1000078968,Salamanca,Bioseguridad,perdut,0.486,1667.34,810.28,857.06,1715,2025-12-01,perdut,baixa,televenda,60.0,1655,42.85,Client sense comprar des de fa 1715 dies. Historial previ de 1775 dies. Possible pèrdua de compte. Requereix trucada de reactivació.,,
42157,Jaén,Anestesia,perdut,1.0,3410.04,12340.69,0.0,1446,2025-12-01,perdut,baixa,televenda,,1446,42.63,Client sense comprar des de fa 1446 dies. Historial previ de 1446 dies. Possible pèrdua de compte. Requereix trucada de reactivació.,,
1000081208,Asturias,Anestesia,perdut,0.572,3410.04,1951.51,1458.53,766,2025-12-01,perdut,baixa,televenda,,766,42.63,Client sense comprar des de fa 766 dies. Historial previ de 766 dies. Possible pèrdua de compte. Requereix trucada de reactivació.,,
4254,Madrid,Anestesia,perdut,1.0,2223.12,4610.22,0.0,208,2025-12-01,perdut,baixa,televenda,117.9,90,42.44,Client sense comprar des de fa 208 dies. Historial previ de 1033 dies. Possible pèrdua de compte. Requereix trucada de reactivació.,,
42220,Madrid,Anestesia,fidel,0.761,2223.12,1692.8,530.32,49,2025-12-01,reposicio_pendent,baixa,televenda,45.5,3,42.43,Client FIDEL d'Anestesia amb lleuger retard (3 dies). Cicle habitual: 45 dies. Seguiment rutina.,0.08,2025-11-27
1000101473,Pontevedra,Bioseguridad,promiscu,0.577,1667.34,962.67,704.67,73,2025-12-01,finestra_captura,mitjana,delegat,147.5,0,42.28,Client PROMISCU d'Bioseguridad en FINESTRA DE CAPTURA. Cicle: 148 dies. Share: 58%. Gap: 705€/any. Moment òptim per contactar.,0.0,2026-02-13
1000101638,Huelva,Bioseguridad,perdut,0.244,2223.12,542.78,1680.34,181,2025-12-01,perdut,baixa,televenda,,181,42.01,Client sense comprar des de fa 181 dies. Historial previ de 181 dies. Possible pèrdua de compte. Requereix trucada de reactivació.,,
1000078159,Huelva,Anestesia,perdut,1.0,9093.44,24944.42,0.0,193,2025-12-01,perdut,baixa,televenda,162.6,30,41.96,Client sense comprar des de fa 193 dies. Historial previ de 1656 dies. Possible pèrdua de compte. Requereix trucada de reactivació.,,
42154,Madrid,Anestesia,perdut,1.0,1802.36,3667.08,0.0,220,2025-12-01,perdut,baixa,televenda,114.0,106,41.9,Client sense comprar des de fa 220 dies. Historial previ de 1474 dies. Possible pèrdua de compte. Requereix trucada de reactivació.,,
13020,Barcelona,Anestesia,perdut,1.0,5683.4,8453.89,0.0,299,2025-12-01,perdut,baixa,televenda,231.0,68,41.83,Client sense comprar des de fa 299 dies. Historial previ de 1685 dies. Possible pèrdua de compte. Requereix trucada de reactivació.,,
1000081301,Valencia,Anestesia,perdut,0.248,2223.12,551.13,1671.99,1082,2025-12-01,perdut,baixa,televenda,,1082,41.8,Client sense comprar des de fa 1082 dies. Historial previ de 1082 dies. Possible pèrdua de compte. Requereix trucada de reactivació.,,
1000081705,Cáceres,Anestesia,promiscu,0.687,2223.12,1526.6,696.52,-3,2025-12-01,finestra_captura,mitjana,delegat,291.0,0,41.79,Client PROMISCU d'Anestesia en FINESTRA DE CAPTURA. Cicle: 291 dies. Share: 69%. Gap: 697€/any. Moment òptim per contactar.,0.0,2026-09-21
27529,Vizcaya,Anestesia,perdut,1.0,4546.72,13685.77,0.0,235,2025-12-01,perdut,baixa,televenda,171.5,63,41.76,Client sense comprar des de fa 235 dies. Historial previ de 1607 dies. Possible pèrdua de compte. Requereix trucada de reactivació.,,
26468,Madrid,Bioseguridad,perdut,1.0,1667.34,5253.75,0.0,444,2025-12-01,perdut,baixa,televenda,101.8,342,41.68,Client sense comprar des de fa 444 dies. Historial previ de 1768 dies. Possible pèrdua de compte. Requereix trucada de reactivació.,,
1000080760,Sta.Cruz Tenerife,Bioseguridad,perdut,1.0,1667.34,3991.08,0.0,537,2025-12-01,perdut,baixa,televenda,104.7,432,41.68,Client sense comprar des de fa 537 dies. Historial previ de 1689 dies. Possible pèrdua de compte. Requereix trucada de reactivació.,,
28337,A Coruña,Bioseguridad,perdut,1.0,1667.34,3514.62,0.0,543,2025-12-01,perdut,baixa,televenda,137.2,405,41.68,Client sense comprar des de fa 543 dies. Historial previ de 1778 dies. Possible pèrdua de compte. Requereix trucada de reactivació.,,
12520,Granada,Bioseguridad,perdut,1.0,1667.34,2372.7,0.0,451,2025-12-01,perdut,baixa,televenda,194.8,256,41.68,Client sense comprar des de fa 451 dies. Historial previ de 1620 dies. Possible pèrdua de compte. Requereix trucada de reactivació.,,
1000081331,Madrid,Bioseguridad,perdut,1.0,1667.34,6655.05,0.0,888,2025-12-01,perdut,baixa,televenda,41.6,846,41.68,Client sense comprar des de fa 888 dies. Historial previ de 1762 dies. Possible pèrdua de compte. Requereix trucada de reactivació.,,
12525,Girona,Bioseguridad,perdut,0.799,1667.34,1331.42,335.92,1446,2025-12-01,perdut,baixa,televenda,68.3,1377,41.68,Client sense comprar des de fa 1446 dies. Historial previ de 1651 dies. Possible pèrdua de compte. Requereix trucada de reactivació.,,
1000062151,Castellón,Bioseguridad,perdut,1.0,1667.34,2607.83,0.0,558,2025-12-01,perdut,baixa,televenda,193.6,364,41.68,Client sense comprar des de fa 558 dies. Historial previ de 1526 dies. Possible pèrdua de compte. Requereix trucada de reactivació.,,
1000064044,A Coruña,Bioseguridad,perdut,0.912,1667.34,1520.79,146.55,1098,2025-12-01,perdut,baixa,televenda,191.0,907,41.68,Client sense comprar des de fa 1098 dies. Historial previ de 1671 dies. Possible pèrdua de compte. Requereix trucada de reactivació.,,
1000078813,Zaragoza,Bioseguridad,perdut,0.702,1667.34,1170.41,496.93,460,2025-12-01,perdut,baixa,televenda,223.0,237,41.68,Client sense comprar des de fa 460 dies. Historial previ de 906 dies. Possible pèrdua de compte. Requereix trucada de reactivació.,,
27364,Madrid,Bioseguridad,perdut,0.987,1667.34,1644.95,22.39,1181,2025-12-01,perdut,baixa,televenda,179.0,1002,41.68,Client sense comprar des de fa 1181 dies. Historial previ de 1718 dies. Possible pèrdua de compte. Requereix trucada de reactivació.,,
7698,Sevilla,Bioseguridad,perdut,0.561,1667.34,935.95,731.39,1417,2025-12-01,perdut,baixa,televenda,117.7,1299,41.68,Client sense comprar des de fa 1417 dies. Historial previ de 1770 dies. Possible pèrdua de compte. Requereix trucada de reactivació.,,
12798,Barcelona,Bioseguridad,perdut,0.588,1667.34,979.8,687.54,1615,2025-12-01,perdut,baixa,televenda,46.5,1568,41.68,Client sense comprar des de fa 1615 dies. Historial previ de 1708 dies. Possible pèrdua de compte. Requereix trucada de reactivació.,,
1000065512,Barcelona,Bioseguridad,perdut,1.0,1667.34,6403.07,0.0,873,2025-12-01,perdut,baixa,televenda,82.7,790,41.68,Client sense comprar des de fa 873 dies. Historial previ de 1783 dies. Possible pèrdua de compte. Requereix trucada de reactivació.,,
7785,Castellón,Bioseguridad,perdut,0.843,1667.34,1404.9,262.44,1433,2025-12-01,perdut,baixa,televenda,90.5,1342,41.68,Client sense comprar des de fa 1433 dies. Historial previ de 1614 dies. Possible pèrdua de compte. Requereix trucada de reactivació.,,
27626,Pontevedra,Bioseguridad,perdut,1.0,1667.34,4848.5,0.0,416,2025-12-01,perdut,baixa,televenda,75.6,340,41.68,Client sense comprar des de fa 416 dies. Historial previ de 1776 dies. Possible pèrdua de compte. Requereix trucada de reactivació.,,
5154,Jaén,Bioseguridad,perdut,1.0,1667.34,3519.49,0.0,1040,2025-12-01,perdut,baixa,televenda,177.0,863,41.68,Client sense comprar des de fa 1040 dies. Historial previ de 1748 dies. Possible pèrdua de compte. Requereix trucada de reactivació.,,
1000080775,Palencia,Bioseguridad,perdut,1.0,1667.34,2143.3,0.0,1438,2025-12-01,perdut,baixa,televenda,55.2,1382,41.68,Client sense comprar des de fa 1438 dies. Historial previ de 1769 dies. Possible pèrdua de compte. Requereix trucada de reactivació.,,
1000078305,Salamanca,Bioseguridad,perdut,1.0,1667.34,1890.19,0.0,1074,2025-12-01,perdut,baixa,televenda,2.0,1072,41.68,Client sense comprar des de fa 1074 dies. Historial previ de 1076 dies. Possible pèrdua de compte. Requereix trucada de reactivació.,,
10457,Vizcaya,Bioseguridad,perdut,1.0,1667.34,6207.71,0.0,864,2025-12-01,perdut,baixa,televenda,172.4,691,41.68,Client sense comprar des de fa 864 dies. Historial previ de 1726 dies. Possible pèrdua de compte. Requereix trucada de reactivació.,,
1000078114,Lugo,Bioseguridad,perdut,0.968,1667.34,1613.66,53.68,731,2025-12-01,perdut,baixa,televenda,313.7,417,41.68,Client sense comprar des de fa 731 dies. Historial previ de 1672 dies. Possible pèrdua de compte. Requereix trucada de reactivació.,,
32405,A Coruña,Bioseguridad,perdut,0.54,1667.34,900.56,766.78,1657,2025-12-01,perdut,baixa,televenda,51.5,1605,41.68,Client sense comprar des de fa 1657 dies. Historial previ de 1760 dies. Possible pèrdua de compte. Requereix trucada de reactivació.,,
376,Soria,Bioseguridad,perdut,1.0,1667.34,3322.05,0.0,733,2025-12-01,perdut,baixa,televenda,169.2,563,41.68,Client sense comprar des de fa 733 dies. Historial previ de 1748 dies. Possible pèrdua de compte. Requereix trucada de reactivació.,,
7362,Madrid,Bioseguridad,perdut,1.0,1667.34,4534.52,0.0,262,2025-12-01,perdut,baixa,televenda,93.8,168,41.68,Client sense comprar des de fa 262 dies. Historial previ de 1106 dies. Possible pèrdua de compte. Requereix trucada de reactivació.,,
1000037345,Zaragoza,Bioseguridad,perdut,1.0,1667.34,3876.03,0.0,1676,2025-12-01,perdut,baixa,televenda,29.0,1647,41.68,Client sense comprar des de fa 1676 dies. Historial previ de 1792 dies. Possible pèrdua de compte. Requereix trucada de reactivació.,,
4748,Madrid,Bioseguridad,perdut,1.0,1667.34,2134.72,0.0,454,2025-12-01,perdut,baixa,televenda,67.0,387,41.68,Client sense comprar des de fa 454 dies. Historial previ de 789 dies. Possible pèrdua de compte. Requereix trucada de reactivació.,,
2179,Pontevedra,Bioseguridad,perdut,0.608,1667.34,1013.63,653.71,1287,2025-12-01,perdut,baixa,televenda,447.0,840,41.68,Client sense comprar des de fa 1287 dies. Historial previ de 1734 dies. Possible pèrdua de compte. Requereix trucada de reactivació.,,
41836,Ciudad Real,Bioseguridad,perdut,1.0,1667.34,2496.3,0.0,151,2025-12-01,perdut,baixa,televenda,30.7,120,41.68,Client sense comprar des de fa 151 dies. Historial previ de 979 dies. Possible pèrdua de compte. Requereix trucada de reactivació.,,
28660,Barcelona,Bioseguridad,perdut,0.91,1667.34,1517.44,149.9,1113,2025-12-01,perdut,baixa,televenda,247.5,865,41.68,Client sense comprar des de fa 1113 dies. Historial previ de 1608 dies. Possible pèrdua de compte. Requereix trucada de reactivació.,,
1000081208,Asturias,Bioseguridad,perdut,1.0,1667.34,6394.87,0.0,676,2025-12-01,perdut,baixa,televenda,46.2,629,41.68,Client sense comprar des de fa 676 dies. Historial previ de 1785 dies. Possible pèrdua de compte. Requereix trucada de reactivació.,,
36492,Navarra,Bioseguridad,perdut,1.0,1667.34,2310.4,0.0,1377,2025-12-01,perdut,baixa,televenda,41.1,1335,41.68,Client sense comprar des de fa 1377 dies. Historial previ de 1788 dies. Possible pèrdua de compte. Requereix trucada de reactivació.,,
34537,Sta.Cruz Tenerife,Bioseguridad,perdut,1.0,1667.34,3323.82,0.0,1147,2025-12-01,perdut,baixa,televenda,159.5,987,41.68,Client sense comprar des de fa 1147 dies. Historial previ de 1785 dies. Possible pèrdua de compte. Requereix trucada de reactivació.,,
1000080508,Málaga,Bioseguridad,perdut,1.0,1667.34,3641.27,0.0,531,2025-12-01,perdut,baixa,televenda,134.3,396,41.68,Client sense comprar des de fa 531 dies. Historial previ de 1740 dies. Possible pèrdua de compte. Requereix trucada de reactivació.,,
36264,Sevilla,Bioseguridad,perdut,1.0,1667.34,4809.6,0.0,354,2025-12-01,perdut,baixa,televenda,150.3,203,41.68,Client sense comprar des de fa 354 dies. Historial previ de 1707 dies. Possible pèrdua de compte. Requereix trucada de reactivació.,,
40220,Madrid,Bioseguridad,perdut,1.0,1667.34,2542.64,0.0,1273,2025-12-01,perdut,baixa,televenda,94.5,1178,41.68,Client sense comprar des de fa 1273 dies. Historial previ de 1651 dies. Possible pèrdua de compte. Requereix trucada de reactivació.,,
1000078930,Sevilla,Bioseguridad,perdut,0.54,1667.34,900.36,766.98,1442,2025-12-01,perdut,baixa,televenda,60.0,1382,41.68,Client sense comprar des de fa 1442 dies. Historial previ de 1502 dies. Possible pèrdua de compte. Requereix trucada de reactivació.,,
9513,Barcelona,Bioseguridad,perdut,0.662,1667.34,1103.54,563.8,1400,2025-12-01,perdut,baixa,televenda,54.8,1345,41.68,Client sense comprar des de fa 1400 dies. Historial previ de 1729 dies. Possible pèrdua de compte. Requereix trucada de reactivació.,,
32067,Huelva,Bioseguridad,perdut,0.0,1667.34,0.0,1667.34,1515,2025-12-01,perdut,baixa,televenda,,1515,41.68,Client sense comprar des de fa 1515 dies. Historial previ de 1515 dies. Possible pèrdua de compte. Requereix trucada de reactivació.,,
37364,Ceuta,Bioseguridad,perdut,0.0,1667.34,0.0,1667.34,929,2025-12-01,perdut,baixa,televenda,,929,41.68,Client sense comprar des de fa 929 dies. Historial previ de 929 dies. Possible pèrdua de compte. Requereix trucada de reactivació.,,
1000081333,Huesca,Bioseguridad,perdut,1.0,1667.34,5482.05,0.0,151,2025-12-01,perdut,baixa,televenda,68.0,82,41.68,Client sense comprar des de fa 151 dies. Historial previ de 1784 dies. Possible pèrdua de compte. Requereix trucada de reactivació.,,
41635,Albacete,Bioseguridad,perdut,1.0,1667.34,5038.98,0.0,972,2025-12-01,perdut,baixa,televenda,58.0,914,41.68,Client sense comprar des de fa 972 dies. Historial previ de 1784 dies. Possible pèrdua de compte. Requereix trucada de reactivació.,,
1000081855,Navarra,Bioseguridad,perdut,0.511,1667.34,851.2,816.14,718,2025-12-01,perdut,baixa,televenda,150.5,567,41.68,Client sense comprar des de fa 718 dies. Historial previ de 1019 dies. Possible pèrdua de compte. Requereix trucada de reactivació.,,
1000079363,Barcelona,Bioseguridad,perdut,1.0,1667.34,4572.08,0.0,206,2025-12-01,perdut,baixa,televenda,95.1,110,41.68,Client sense comprar des de fa 206 dies. Historial previ de 1728 dies. Possible pèrdua de compte. Requereix trucada de reactivació.,,
1000058195,Zaragoza,Bioseguridad,perdut,1.0,1667.34,3388.08,0.0,824,2025-12-01,perdut,baixa,televenda,104.0,720,41.68,Client sense comprar des de fa 824 dies. Historial previ de 1760 dies. Possible pèrdua de compte. Requereix trucada de reactivació.,,
29150,Madrid,Bioseguridad,perdut,1.0,1667.34,1760.66,0.0,815,2025-12-01,perdut,baixa,televenda,316.0,499,41.68,Client sense comprar des de fa 815 dies. Historial previ de 1763 dies. Possible pèrdua de compte. Requereix trucada de reactivació.,,
7549,Sevilla,Bioseguridad,perdut,1.0,1667.34,6533.05,0.0,384,2025-12-01,perdut,baixa,televenda,103.5,280,41.68,Client sense comprar des de fa 384 dies. Historial previ de 1729 dies. Possible pèrdua de compte. Requereix trucada de reactivació.,,
29402,A Coruña,Bioseguridad,perdut,0.875,1667.34,1459.57,207.77,1043,2025-12-01,perdut,baixa,televenda,160.2,882,41.68,Client sense comprar des de fa 1043 dies. Historial previ de 1684 dies. Possible pèrdua de compte. Requereix trucada de reactivació.,,
1000082454,Pontevedra,Bioseguridad,perdut,1.0,1667.34,3687.82,0.0,586,2025-12-01,perdut,baixa,televenda,116.8,469,41.68,Client sense comprar des de fa 586 dies. Historial previ de 1287 dies. Possible pèrdua de compte. Requereix trucada de reactivació.,,
29943,Sta.Cruz Tenerife,Bioseguridad,perdut,1.0,1667.34,4880.09,0.0,522,2025-12-01,perdut,baixa,televenda,171.2,350,41.68,Client sense comprar des de fa 522 dies. Historial previ de 1378 dies. Possible pèrdua de compte. Requereix trucada de reactivació.,,
1000082400,Barcelona,Bioseguridad,perdut,0.999,1667.34,1666.12,1.22,867,2025-12-01,perdut,baixa,televenda,127.8,739,41.68,Client sense comprar des de fa 867 dies. Historial previ de 1378 dies. Possible pèrdua de compte. Requereix trucada de reactivació.,,
30209,Almería,Bioseguridad,perdut,1.0,1667.34,7397.57,0.0,822,2025-12-01,perdut,baixa,televenda,157.5,664,41.68,Client sense comprar des de fa 822 dies. Historial previ de 1767 dies. Possible pèrdua de compte. Requereix trucada de reactivació.,,
10124,Sevilla,Bioseguridad,perdut,0.782,1667.34,1304.04,363.3,1337,2025-12-01,perdut,baixa,televenda,95.8,1241,41.68,Client sense comprar des de fa 1337 dies. Historial previ de 1720 dies. Possible pèrdua de compte. Requereix trucada de reactivació.,,
37594,Zaragoza,Bioseguridad,perdut,1.0,1667.34,6110.89,0.0,598,2025-12-01,perdut,baixa,televenda,101.5,496,41.68,Client sense comprar des de fa 598 dies. Historial previ de 1715 dies. Possible pèrdua de compte. Requereix trucada de reactivació.,,
10217,Alicante,Bioseguridad,perdut,0.57,1667.34,950.83,716.51,369,2025-12-01,perdut,baixa,televenda,130.0,239,41.68,Client sense comprar des de fa 369 dies. Historial previ de 629 dies. Possible pèrdua de compte. Requereix trucada de reactivació.,,
30696,Girona,Bioseguridad,perdut,1.0,1667.34,22688.99,0.0,349,2025-12-01,perdut,baixa,televenda,156.8,192,41.68,Client sense comprar des de fa 349 dies. Historial previ de 1760 dies. Possible pèrdua de compte. Requereix trucada de reactivació.,,
1000081437,Valladolid,Bioseguridad,perdut,1.0,1667.34,3167.9,0.0,748,2025-12-01,perdut,baixa,televenda,209.2,538,41.68,Client sense comprar des de fa 748 dies. Historial previ de 1585 dies. Possible pèrdua de compte. Requereix trucada de reactivació.,,
1000042620,Granada,Bioseguridad,perdut,1.0,1667.34,3911.65,0.0,413,2025-12-01,perdut,baixa,televenda,154.6,258,41.68,Client sense comprar des de fa 413 dies. Historial previ de 1650 dies. Possible pèrdua de compte. Requereix trucada de reactivació.,,
1000080945,Cádiz,Bioseguridad,perdut,1.0,1667.34,5556.13,0.0,264,2025-12-01,perdut,baixa,televenda,115.1,148,41.68,Client sense comprar des de fa 264 dies. Historial previ de 1760 dies. Possible pèrdua de compte. Requereix trucada de reactivació.,,
30682,Barcelona,Bioseguridad,perdut,0.654,1667.34,1090.65,576.69,1287,2025-12-01,perdut,baixa,televenda,6.0,1281,41.68,Client sense comprar des de fa 1287 dies. Historial previ de 1293 dies. Possible pèrdua de compte. Requereix trucada de reactivació.,,
1000076218,Málaga,Bioseguridad,perdut,1.0,1667.34,5519.36,0.0,483,2025-12-01,perdut,baixa,televenda,66.6,416,41.68,Client sense comprar des de fa 483 dies. Historial previ de 1615 dies. Possible pèrdua de compte. Requereix trucada de reactivació.,,
19364,Lugo,Bioseguridad,perdut,1.0,1667.34,2505.91,0.0,349,2025-12-01,perdut,baixa,televenda,159.1,189,41.68,Client sense comprar des de fa 349 dies. Historial previ de 1622 dies. Possible pèrdua de compte. Requereix trucada de reactivació.,,
761,Valencia,Bioseguridad,perdut,1.0,1667.34,3459.04,0.0,381,2025-12-01,perdut,baixa,televenda,177.8,203,41.68,Client sense comprar des de fa 381 dies. Historial previ de 1448 dies. Possible pèrdua de compte. Requereix trucada de reactivació.,,
23458,Vizcaya,Bioseguridad,perdut,1.0,1667.34,2314.46,0.0,1348,2025-12-01,perdut,baixa,televenda,364.0,984,41.68,Client sense comprar des de fa 1348 dies. Historial previ de 1712 dies. Possible pèrdua de compte. Requereix trucada de reactivació.,,
25996,Valencia,Bioseguridad,perdut,1.0,1667.34,2527.63,0.0,640,2025-12-01,perdut,baixa,televenda,235.7,404,41.68,Client sense comprar des de fa 640 dies. Historial previ de 1347 dies. Possible pèrdua de compte. Requereix trucada de reactivació.,,
18863,Sevilla,Bioseguridad,perdut,1.0,1667.34,9148.9,0.0,418,2025-12-01,perdut,baixa,televenda,160.1,257,41.68,Client sense comprar des de fa 418 dies. Historial previ de 1699 dies. Possible pèrdua de compte. Requereix trucada de reactivació.,,
1000069275,Valencia,Bioseguridad,perdut,1.0,1667.34,10262.75,0.0,167,2025-12-01,perdut,baixa,televenda,80.9,86,41.68,Client sense comprar des de fa 167 dies. Historial previ de 1785 dies. Possible pèrdua de compte. Requereix trucada de reactivació.,,
24474,Tarragona,Bioseguridad,perdut,0.705,1667.34,1175.42,491.92,486,2025-12-01,perdut,baixa,televenda,191.0,295,41.68,Client sense comprar des de fa 486 dies. Historial previ de 1250 dies. Possible pèrdua de compte. Requereix trucada de reactivació.,,
8074,Valladolid,Bioseguridad,perdut,1.0,1667.34,8373.13,0.0,388,2025-12-01,perdut,baixa,televenda,132.5,255,41.68,Client sense comprar des de fa 388 dies. Historial previ de 1713 dies. Possible pèrdua de compte. Requereix trucada de reactivació.,,
1000074620,Almería,Bioseguridad,perdut,1.0,1667.34,4092.1,0.0,370,2025-12-01,perdut,baixa,televenda,180.1,189,41.68,Client sense comprar des de fa 370 dies. Historial previ de 1631 dies. Possible pèrdua de compte. Requereix trucada de reactivació.,,
813,Valencia,Bioseguridad,perdut,0.68,1667.34,1134.17,533.17,794,2025-12-01,perdut,baixa,televenda,7.0,787,41.68,Client sense comprar des de fa 794 dies. Historial previ de 801 dies. Possible pèrdua de compte. Requereix trucada de reactivació.,,
17956,Zaragoza,Bioseguridad,perdut,1.0,1667.34,3906.42,0.0,325,2025-12-01,perdut,baixa,televenda,143.2,181,41.68,Client sense comprar des de fa 325 dies. Historial previ de 1757 dies. Possible pèrdua de compte. Requereix trucada de reactivació.,,
1000067277,Huelva,Bioseguridad,perdut,1.0,1667.34,4696.56,0.0,1351,2025-12-01,perdut,baixa,televenda,104.5,1246,41.68,Client sense comprar des de fa 1351 dies. Historial previ de 1769 dies. Possible pèrdua de compte. Requereix trucada de reactivació.,,
1000076341,A Coruña,Bioseguridad,perdut,1.0,1667.34,4040.8,0.0,304,2025-12-01,perdut,baixa,televenda,38.3,265,41.68,Client sense comprar des de fa 304 dies. Historial previ de 572 dies. Possible pèrdua de compte. Requereix trucada de reactivació.,,
1000079592,Cantabria,Bioseguridad,perdut,1.0,1667.34,2237.16,0.0,1160,2025-12-01,perdut,baixa,televenda,217.0,943,41.68,Client sense comprar des de fa 1160 dies. Historial previ de 1594 dies. Possible pèrdua de compte. Requereix trucada de reactivació.,,
1000079985,Barcelona,Bioseguridad,perdut,1.0,1667.34,6390.76,0.0,662,2025-12-01,perdut,baixa,televenda,158.4,503,41.68,Client sense comprar des de fa 662 dies. Historial previ de 1771 dies. Possible pèrdua de compte. Requereix trucada de reactivació.,,
1000082777,Zamora,Bioseguridad,perdut,1.0,1667.34,4817.55,0.0,368,2025-12-01,perdut,baixa,televenda,153.8,214,41.68,Client sense comprar des de fa 368 dies. Historial previ de 983 dies. Possible pèrdua de compte. Requereix trucada de reactivació.,,
1000079466,Zaragoza,Bioseguridad,perdut,1.0,1667.34,5720.8,0.0,321,2025-12-01,perdut,baixa,televenda,109.7,211,41.68,Client sense comprar des de fa 321 dies. Historial previ de 1747 dies. Possible pèrdua de compte. Requereix trucada de reactivació.,,
13299,Barcelona,Bioseguridad,perdut,1.0,1667.34,9762.3,0.0,263,2025-12-01,perdut,baixa,televenda,122.7,140,41.68,Client sense comprar des de fa 263 dies. Historial previ de 1735 dies. Possible pèrdua de compte. Requereix trucada de reactivació.,,
25416,Cáceres,Bioseguridad,perdut,0.648,1667.34,1080.66,586.68,1440,2025-12-01,perdut,baixa,televenda,107.0,1333,41.68,Client sense comprar des de fa 1440 dies. Historial previ de 1761 dies. Possible pèrdua de compte. Requereix trucada de reactivació.,,
1000067289,A Coruña,Bioseguridad,perdut,0.648,1667.34,1080.66,586.68,1526,2025-12-01,perdut,baixa,televenda,115.5,1410,41.68,Client sense comprar des de fa 1526 dies. Historial previ de 1757 dies. Possible pèrdua de compte. Requereix trucada de reactivació.,,
1000079582,Madrid,Bioseguridad,perdut,1.0,1667.34,4831.32,0.0,573,2025-12-01,perdut,baixa,televenda,123.0,450,41.68,Client sense comprar des de fa 573 dies. Historial previ de 1680 dies. Possible pèrdua de compte. Requereix trucada de reactivació.,,
1000075402,Madrid,Bioseguridad,perdut,1.0,1667.34,2521.16,0.0,1463,2025-12-01,perdut,baixa,televenda,103.7,1359,41.68,Client sense comprar des de fa 1463 dies. Historial previ de 1774 dies. Possible pèrdua de compte. Requereix trucada de reactivació.,,
8160,Sevilla,Bioseguridad,perdut,1.0,1667.34,3186.73,0.0,1501,2025-12-01,perdut,baixa,televenda,54.6,1446,41.68,Client sense comprar des de fa 1501 dies. Historial previ de 1774 dies. Possible pèrdua de compte. Requereix trucada de reactivació.,,
13297,Barcelona,Bioseguridad,perdut,1.0,1667.34,3688.55,0.0,454,2025-12-01,perdut,baixa,televenda,211.3,242,41.68,Client sense comprar des de fa 454 dies. Historial previ de 1722 dies. Possible pèrdua de compte. Requereix trucada de reactivació.,,
1000073093,Madrid,Bioseguridad,perdut,1.0,1667.34,3119.4,0.0,759,2025-12-01,perdut,baixa,televenda,171.0,588,41.68,Client sense comprar des de fa 759 dies. Historial previ de 1785 dies. Possible pèrdua de compte. Requereix trucada de reactivació.,,
1000100317,Valencia,Bioseguridad,perdut,0.692,1667.34,1153.19,514.15,634,2025-12-01,perdut,baixa,televenda,261.0,373,41.68,Client sense comprar des de fa 634 dies. Historial previ de 895 dies. Possible pèrdua de compte. Requereix trucada de reactivació.,,
21872,Badajoz,Bioseguridad,perdut,1.0,1667.34,3870.93,0.0,762,2025-12-01,perdut,baixa,televenda,97.0,665,41.68,Client sense comprar des de fa 762 dies. Historial previ de 1441 dies. Possible pèrdua de compte. Requereix trucada de reactivació.,,
8369,Sevilla,Bioseguridad,perdut,1.0,1667.34,2222.56,0.0,748,2025-12-01,perdut,baixa,televenda,173.4,574,41.68,Client sense comprar des de fa 748 dies. Historial previ de 1615 dies. Possible pèrdua de compte. Requereix trucada de reactivació.,,
26067,Salamanca,Bioseguridad,perdut,1.0,1667.34,2772.53,0.0,1137,2025-12-01,perdut,baixa,televenda,138.5,998,41.68,Client sense comprar des de fa 1137 dies. Historial previ de 1691 dies. Possible pèrdua de compte. Requereix trucada de reactivació.,,
1000080267,A Coruña,Bioseguridad,perdut,1.0,1667.34,2385.29,0.0,1328,2025-12-01,perdut,baixa,televenda,86.8,1241,41.68,Client sense comprar des de fa 1328 dies. Historial previ de 1762 dies. Possible pèrdua de compte. Requereix trucada de reactivació.,,
1000076778,Zaragoza,Bioseguridad,perdut,0.886,1667.34,1476.6,190.74,1495,2025-12-01,perdut,baixa,televenda,58.3,1436,41.68,Client sense comprar des de fa 1495 dies. Historial previ de 1670 dies. Possible pèrdua de compte. Requereix trucada de reactivació.,,
1000100330,Madrid,Anestesia,promiscu,0.688,2223.12,1528.52,694.6,3,2025-12-01,finestra_captura,mitjana,delegat,695.0,0,41.68,Client PROMISCU d'Anestesia en FINESTRA DE CAPTURA. Cicle: 695 dies. Share: 69%. Gap: 695€/any. Moment òptim per contactar.,0.0,2027-10-24
1000076681,Sevilla,Bioseguridad,perdut,1.0,1667.34,7714.21,0.0,495,2025-12-01,perdut,baixa,televenda,54.0,440,41.68,Client sense comprar des de fa 495 dies. Historial previ de 1792 dies. Possible pèrdua de compte. Requereix trucada de reactivació.,,
14608,Almería,Bioseguridad,perdut,1.0,1667.34,3622.56,0.0,1082,2025-12-01,perdut,baixa,televenda,86.1,995,41.68,Client sense comprar des de fa 1082 dies. Historial previ de 1685 dies. Possible pèrdua de compte. Requereix trucada de reactivació.,,
1000076689,Madrid,Bioseguridad,perdut,1.0,1667.34,5695.02,0.0,497,2025-12-01,perdut,baixa,televenda,85.4,411,41.68,Client sense comprar des de fa 497 dies. Historial previ de 1693 dies. Possible pèrdua de compte. Requereix trucada de reactivació.,,
21053,Guadalajara,Bioseguridad,perdut,1.0,1667.34,4412.89,0.0,783,2025-12-01,perdut,baixa,televenda,95.7,687,41.68,Client sense comprar des de fa 783 dies. Historial previ de 1740 dies. Possible pèrdua de compte. Requereix trucada de reactivació.,,
23943,La Rioja,Anestesia,perdut,0.472,3410.04,1607.93,1802.11,515,2025-12-01,perdut,baixa,televenda,352.7,162,41.39,Client sense comprar des de fa 515 dies. Historial previ de 1573 dies. Possible pèrdua de compte. Requereix trucada de reactivació.,,
5686,Jaén,Bioseguridad,promiscu,0.366,1086.44,397.52,688.92,-10,2025-12-01,finestra_captura,mitjana,delegat,258.0,0,41.34,Client PROMISCU d'Bioseguridad en FINESTRA DE CAPTURA. Cicle: 258 dies. Share: 37%. Gap: 689€/any. Moment òptim per contactar.,0.0,2026-08-26
30545,Cádiz,Anestesia,perdut,1.0,3410.04,3728.35,0.0,662,2025-12-01,perdut,baixa,televenda,445.5,216,41.33,Client sense comprar des de fa 662 dies. Historial previ de 1553 dies. Possible pèrdua de compte. Requereix trucada de reactivació.,,
1000082670,Granada,Anestesia,perdut,0.258,2223.12,573.36,1649.76,650,2025-12-01,perdut,baixa,televenda,,650,41.24,Client sense comprar des de fa 650 dies. Historial previ de 650 dies. Possible pèrdua de compte. Requereix trucada de reactivació.,,
34232,Sevilla,Anestesia,perdut,0.258,2223.12,573.36,1649.76,322,2025-12-01,perdut,baixa,televenda,,322,41.24,Client sense comprar des de fa 322 dies. Historial previ de 322 dies. Possible pèrdua de compte. Requereix trucada de reactivació.,,
8341,Badajoz,Anestesia,perdut,0.26,2223.12,577.76,1645.36,1461,2025-12-01,perdut,baixa,televenda,,1461,41.13,Client sense comprar des de fa 1461 dies. Historial previ de 1461 dies. Possible pèrdua de compte. Requereix trucada de reactivació.,,
36643,Madrid,Anestesia,perdut,1.0,2223.12,3459.24,0.0,622,2025-12-01,perdut,baixa,televenda,357.3,264,41.06,Client sense comprar des de fa 622 dies. Historial previ de 1694 dies. Possible pèrdua de compte. Requereix trucada de reactivació.,,
9374,Madrid,Bioseguridad,perdut,0.264,2223.12,586.11,1637.01,592,2025-12-01,perdut,baixa,televenda,,592,40.93,Client sense comprar des de fa 592 dies. Historial previ de 592 dies. Possible pèrdua de compte. Requereix trucada de reactivació.,,
26093,Murcia,Bioseguridad,perdut,0.248,1086.44,269.98,816.46,1615,2025-12-01,perdut,baixa,televenda,22.0,1593,40.82,Client sense comprar des de fa 1615 dies. Historial previ de 1637 dies. Possible pèrdua de compte. Requereix trucada de reactivació.,,
31720,Granada,Bioseguridad,perdut,0.248,1086.44,269.98,816.46,1477,2025-12-01,perdut,baixa,televenda,5.0,1472,40.82,Client sense comprar des de fa 1477 dies. Historial previ de 1482 dies. Possible pèrdua de compte. Requereix trucada de reactivació.,,
5784,Valladolid,Bioseguridad,perdut,0.842,2223.12,1871.16,351.96,430,2025-12-01,perdut,baixa,televenda,248.0,182,40.79,Client sense comprar des de fa 430 dies. Historial previ de 678 dies. Possible pèrdua de compte. Requereix trucada de reactivació.,,
30530,Madrid,Anestesia,perdut,1.0,2223.12,6905.21,0.0,249,2025-12-01,perdut,baixa,televenda,143.1,105,40.78,Client sense comprar des de fa 249 dies. Historial previ de 1680 dies. Possible pèrdua de compte. Requereix trucada de reactivació.,,
1000075961,Alicante,Bioseguridad,perdut,0.695,1667.34,1158.15,509.19,364,2025-12-01,perdut,baixa,televenda,184.0,180,40.78,Client sense comprar des de fa 364 dies. Historial previ de 732 dies. Possible pèrdua de compte. Requereix trucada de reactivació.,,
1000100624,Sta.Cruz Tenerife,Anestesia,perdut,1.0,5683.4,5730.47,0.0,122,2025-12-01,perdut,baixa,televenda,94.2,27,40.72,Client sense comprar des de fa 122 dies. Historial previ de 593 dies. Possible pèrdua de compte. Requereix trucada de reactivació.,,
1000074737,Málaga,Bioseguridad,perdut,0.251,1086.44,272.64,813.8,1370,2025-12-01,perdut,baixa,televenda,7.0,1363,40.69,Client sense comprar des de fa 1370 dies. Historial previ de 1377 dies. Possible pèrdua de compte. Requereix trucada de reactivació.,,
30231,Granada,Bioseguridad,perdut,0.251,1086.44,272.64,813.8,1370,2025-12-01,perdut,baixa,televenda,9.0,1361,40.69,Client sense comprar des de fa 1370 dies. Historial previ de 1379 dies. Possible pèrdua de compte. Requereix trucada de reactivació.,,
1000079961,Madrid,Anestesia,perdut,0.817,1802.36,1471.94,330.42,801,2025-12-01,perdut,baixa,televenda,421.0,380,40.67,Client sense comprar des de fa 801 dies. Historial previ de 1643 dies. Possible pèrdua de compte. Requereix trucada de reactivació.,,
1000080711,Madrid,Anestesia,perdut,0.27,2223.12,599.74,1623.38,1260,2025-12-01,perdut,baixa,televenda,,1260,40.58,Client sense comprar des de fa 1260 dies. Historial previ de 1260 dies. Possible pèrdua de compte. Requereix trucada de reactivació.,,
1000100955,Valladolid,Anestesia,perdut,1.0,2223.12,3056.76,0.0,188,2025-12-01,perdut,baixa,televenda,108.2,79,40.56,Client sense comprar des de fa 188 dies. Historial previ de 621 dies. Possible pèrdua de compte. Requereix trucada de reactivació.,,
36943,Cádiz,Bioseguridad,perdut,1.0,1667.34,1705.05,0.0,207,2025-12-01,perdut,baixa,televenda,105.0,102,40.49,Client sense comprar des de fa 207 dies. Historial previ de 522 dies. Possible pèrdua de compte. Requereix trucada de reactivació.,,
1000069705,Madrid,Bioseguridad,perdut,1.0,2223.12,4777.81,0.0,266,2025-12-01,perdut,baixa,televenda,154.0,112,40.42,Client sense comprar des de fa 266 dies. Historial previ de 1652 dies. Possible pèrdua de compte. Requereix trucada de reactivació.,,
1000080969,Barcelona,Anestesia,perdut,1.0,3410.04,8341.32,0.0,278,2025-12-01,perdut,baixa,televenda,188.2,89,40.3,Client sense comprar des de fa 278 dies. Historial previ de 1784 dies. Possible pèrdua de compte. Requereix trucada de reactivació.,,
43019,Madrid,Anestesia,marginal,0.094,2223.12,209.85,2013.27,87,2025-12-01,oportunitat_captura,baixa,televenda,123.0,0,40.27,Client MARGINAL d'Anestesia. Share: 9%. Gap: 2013€/any. Baixa vinculació. Cal investigar.,0.0,2026-01-06
41832,Alicante,Bioseguridad,perdut,1.0,1667.34,3823.17,0.0,410,2025-12-01,perdut,baixa,televenda,208.5,201,40.18,Client sense comprar des de fa 410 dies. Historial previ de 1244 dies. Possible pèrdua de compte. Requereix trucada de reactivació.,,
13991,Albacete,Anestesia,perdut,1.0,3410.04,6961.23,0.0,182,2025-12-01,perdut,baixa,televenda,123.2,58,40.12,Client sense comprar des de fa 182 dies. Historial previ de 1784 dies. Possible pèrdua de compte. Requereix trucada de reactivació.,,
8292,Cantabria,Bioseguridad,perdut,0.038,1667.34,63.05,1604.29,958,2025-12-01,perdut,baixa,televenda,,958,40.11,Client sense comprar des de fa 958 dies. Historial previ de 958 dies. Possible pèrdua de compte. Requereix trucada de reactivació.,,
1000080232,Málaga,Bioseguridad,perdut,0.265,1086.44,287.88,798.56,1503,2025-12-01,perdut,baixa,televenda,3.0,1500,39.93,Client sense comprar des de fa 1503 dies. Historial previ de 1509 dies. Possible pèrdua de compte. Requereix trucada de reactivació.,,
28706,Valencia,Bioseguridad,promiscu,0.389,1086.44,422.9,663.54,-1,2025-12-01,finestra_captura,mitjana,delegat,1707.0,0,39.81,Client PROMISCU d'Bioseguridad en FINESTRA DE CAPTURA. Cicle: 1707 dies. Share: 39%. Gap: 664€/any. Moment òptim per contactar.,0.0,2030-08-05
1000080203,Granada,Bioseguridad,perdut,0.268,1086.44,291.02,795.42,1253,2025-12-01,perdut,baixa,televenda,126.0,1127,39.77,Client sense comprar des de fa 1253 dies. Historial previ de 1379 dies. Possible pèrdua de compte. Requereix trucada de reactivació.,,
43009,Toledo,Bioseguridad,perdut,0.271,1086.44,294.63,791.81,180,2025-12-01,perdut,baixa,televenda,55.0,125,39.59,Client sense comprar des de fa 180 dies. Historial previ de 235 dies. Possible pèrdua de compte. Requereix trucada de reactivació.,,
1000080417,Madrid,Bioseguridad,perdut,1.0,1667.34,3850.14,0.0,350,2025-12-01,perdut,baixa,televenda,179.3,170,39.51,Client sense comprar des de fa 350 dies. Historial previ de 888 dies. Possible pèrdua de compte. Requereix trucada de reactivació.,,
3933,Lugo,Bioseguridad,perdut,0.273,1086.44,296.83,789.61,815,2025-12-01,perdut,baixa,televenda,275.0,540,39.48,Client sense comprar des de fa 815 dies. Historial previ de 1090 dies. Possible pèrdua de compte. Requereix trucada de reactivació.,,
37516,,Bioseguridad,perdut,0.054,1667.34,90.06,1577.28,1769,2025-12-01,perdut,baixa,televenda,,1769,39.43,Client sense comprar des de fa 1769 dies. Historial previ de 1769 dies. Possible pèrdua de compte. Requereix trucada de reactivació.,,
20379,Tarragona,Bioseguridad,perdut,0.055,1667.34,90.93,1576.41,1265,2025-12-01,perdut,baixa,televenda,,1265,39.41,Client sense comprar des de fa 1265 dies. Historial previ de 1265 dies. Possible pèrdua de compte. Requereix trucada de reactivació.,,
21480,Madrid,Bioseguridad,perdut,0.055,1667.34,90.93,1576.41,1235,2025-12-01,perdut,baixa,televenda,,1235,39.41,Client sense comprar des de fa 1235 dies. Historial previ de 1235 dies. Possible pèrdua de compte. Requereix trucada de reactivació.,,
24238,Alicante,Bioseguridad,perdut,0.057,1667.34,94.58,1572.76,718,2025-12-01,perdut,baixa,televenda,,718,39.32,Client sense comprar des de fa 718 dies. Historial previ de 718 dies. Possible pèrdua de compte. Requereix trucada de reactivació.,,
1000100563,Valencia,Bioseguridad,perdut,0.057,1667.34,94.58,1572.76,712,2025-12-01,perdut,baixa,televenda,,712,39.32,Client sense comprar des de fa 712 dies. Historial previ de 712 dies. Possible pèrdua de compte. Requereix trucada de reactivació.,,
13550,Cáceres,Anestesia,perdut,1.0,1802.36,4510.11,0.0,543,2025-12-01,perdut,baixa,televenda,290.3,252,39.11,Client sense comprar des de fa 543 dies. Historial previ de 1414 dies. Possible pèrdua de compte. Requereix trucada de reactivació.,,
40294,Toledo,Bioseguridad,en_risc,0.74,1667.34,1234.49,432.85,59,2025-12-01,risc_fuga,mitjana,televenda,58.7,0,38.96,Client en RISC de fuga (fidel). Share 12m: 74% → Share últims 3m anualitzat: 55% (-25%). Gap: 433€/any. Tendència negativa clara. Intervenir amb urgència.,0.0,
1000080492,Madrid,Anestesia,perdut,1.0,1802.36,3039.05,0.0,320,2025-12-01,perdut,baixa,televenda,171.5,148,38.88,Client sense comprar des de fa 320 dies. Historial previ de 1006 dies. Possible pèrdua de compte. Requereix trucada de reactivació.,,
1000100157,Valencia,Anestesia,perdut,1.0,2223.12,6448.24,0.0,178,2025-12-01,perdut,baixa,televenda,104.4,73,38.87,Client sense comprar des de fa 178 dies. Historial previ de 1013 dies. Possible pèrdua de compte. Requereix trucada de reactivació.,,
40074,Sevilla,Bioseguridad,perdut,0.29,1086.44,314.56,771.88,445,2025-12-01,perdut,baixa,televenda,98.0,347,38.59,Client sense comprar des de fa 445 dies. Historial previ de 543 dies. Possible pèrdua de compte. Requereix trucada de reactivació.,,
35117,Sevilla,Bioseguridad,promiscu,0.615,1667.34,1026.19,641.15,17,2025-12-01,finestra_captura,mitjana,delegat,1442.0,0,38.47,Client PROMISCU d'Bioseguridad en FINESTRA DE CAPTURA. Cicle: 1442 dies. Share: 62%. Gap: 641€/any. Moment òptim per contactar.,0.0,2029-10-26
42549,Toledo,Bioseguridad,perdut,0.444,1667.34,740.11,927.23,206,2025-12-01,perdut,baixa,televenda,112.3,93,38.38,Client sense comprar des de fa 206 dies. Historial previ de 880 dies. Possible pèrdua de compte. Requereix trucada de reactivació.,,
1000058131,A Coruña,Bioseguridad,perdut,0.389,2223.12,863.85,1359.27,776,2025-12-01,perdut,baixa,televenda,496.0,280,38.37,Client sense comprar des de fa 776 dies. Historial previ de 1768 dies. Possible pèrdua de compte. Requereix trucada de reactivació.,,
1000076356,Madrid,Anestesia,perdut,0.589,1802.36,1062.07,740.29,735,2025-12-01,perdut,baixa,televenda,397.0,338,38.36,Client sense comprar des de fa 735 dies. Historial previ de 1529 dies. Possible pèrdua de compte. Requereix trucada de reactivació.,,
1000100937,A Coruña,Anestesia,perdut,0.563,2223.12,1252.44,970.68,255,2025-12-01,perdut,baixa,televenda,151.0,104,38.28,Client sense comprar des de fa 255 dies. Historial previ de 557 dies. Possible pèrdua de compte. Requereix trucada de reactivació.,,
1000081964,Valencia,Anestesia,perdut,1.0,2223.12,5601.04,0.0,432,2025-12-01,perdut,baixa,televenda,255.8,176,38.24,Client sense comprar des de fa 432 dies. Historial previ de 1711 dies. Possible pèrdua de compte. Requereix trucada de reactivació.,,
22134,Murcia,Anestesia,perdut,0.209,2223.12,463.94,1759.18,542,2025-12-01,perdut,baixa,televenda,378.0,164,38.16,Client sense comprar des de fa 542 dies. Historial previ de 1298 dies. Possible pèrdua de compte. Requereix trucada de reactivació.,,
1000081959,Sta.Cruz Tenerife,Bioseguridad,perdut,0.086,1667.34,144.09,1523.25,1560,2025-12-01,perdut,baixa,televenda,,1560,38.08,Client sense comprar des de fa 1560 dies. Historial previ de 1560 dies. Possible pèrdua de compte. Requereix trucada de reactivació.,,
33665,Asturias,Anestesia,perdut,0.807,2223.12,1794.99,428.13,325,2025-12-01,perdut,baixa,televenda,193.0,132,38.01,Client sense comprar des de fa 325 dies. Historial previ de 518 dies. Possible pèrdua de compte. Requereix trucada de reactivació.,,
1000081050,Valladolid,Bioseguridad,perdut,1.0,1667.34,5136.0,0.0,347,2025-12-01,perdut,baixa,televenda,181.1,165,37.97,Client sense comprar des de fa 347 dies. Historial previ de 1615 dies. Possible pèrdua de compte. Requereix trucada de reactivació.,,
32060,Valencia,Bioseguridad,perdut,0.091,1667.34,151.16,1516.18,735,2025-12-01,perdut,baixa,televenda,,735,37.9,Client sense comprar des de fa 735 dies. Historial previ de 735 dies. Possible pèrdua de compte. Requereix trucada de reactivació.,,
12070,A Coruña,Bioseguridad,perdut,0.093,1667.34,154.33,1513.01,643,2025-12-01,perdut,baixa,televenda,,643,37.83,Client sense comprar des de fa 643 dies. Historial previ de 643 dies. Possible pèrdua de compte. Requereix trucada de reactivació.,,
1000100642,A Coruña,Bioseguridad,perdut,0.093,1667.34,154.33,1513.01,361,2025-12-01,perdut,baixa,televenda,,361,37.83,Client sense comprar des de fa 361 dies. Historial previ de 361 dies. Possible pèrdua de compte. Requereix trucada de reactivació.,,
13432,Barcelona,Anestesia,perdut,1.0,1802.36,2206.55,0.0,530,2025-12-01,perdut,baixa,televenda,288.5,241,37.64,Client sense comprar des de fa 530 dies. Historial previ de 1684 dies. Possible pèrdua de compte. Requereix trucada de reactivació.,,
31131,Barcelona,Anestesia,perdut,1.0,2223.12,4783.0,0.0,445,2025-12-01,perdut,baixa,televenda,265.8,179,37.44,Client sense comprar des de fa 445 dies. Historial previ de 1508 dies. Possible pèrdua de compte. Requereix trucada de reactivació.,,
22280,Granada,Anestesia,perdut,0.95,2223.12,2111.36,111.76,326,2025-12-01,perdut,baixa,televenda,195.0,131,37.34,Client sense comprar des de fa 326 dies. Historial previ de 1691 dies. Possible pèrdua de compte. Requereix trucada de reactivació.,,
1000065209,Valencia,Bioseguridad,perdut,0.108,1667.34,179.92,1487.42,1595,2025-12-01,perdut,baixa,televenda,,1595,37.19,Client sense comprar des de fa 1595 dies. Historial previ de 1595 dies. Possible pèrdua de compte. Requereix trucada de reactivació.,,
1000053136,Girona,Anestesia,perdut,1.0,2223.12,7465.38,0.0,382,2025-12-01,perdut,baixa,televenda,228.7,153,37.19,Client sense comprar des de fa 382 dies. Historial previ de 1754 dies. Possible pèrdua de compte. Requereix trucada de reactivació.,,
17143,Madrid,Bioseguridad,perdut,0.109,1667.34,181.71,1485.63,1140,2025-12-01,perdut,baixa,televenda,,1140,37.14,Client sense comprar des de fa 1140 dies. Historial previ de 1140 dies. Possible pèrdua de compte. Requereix trucada de reactivació.,,
1000076308,A Coruña,Bioseguridad,perdut,0.109,1667.34,181.9,1485.44,1263,2025-12-01,perdut,baixa,televenda,,1263,37.14,Client sense comprar des de fa 1263 dies. Historial previ de 1263 dies. Possible pèrdua de compte. Requereix trucada de reactivació.,,
4710,Madrid,Anestesia,perdut,1.0,2223.12,4741.98,0.0,325,2025-12-01,perdut,baixa,televenda,195.0,130,37.05,Client sense comprar des de fa 325 dies. Historial previ de 1690 dies. Possible pèrdua de compte. Requereix trucada de reactivació.,,
1000073509,Alicante,Bioseguridad,perdut,0.113,1667.34,188.97,1478.37,755,2025-12-01,perdut,baixa,televenda,,755,36.96,Client sense comprar des de fa 755 dies. Historial previ de 755 dies. Possible pèrdua de compte. Requereix trucada de reactivació.,,
20283,Madrid,Bioseguridad,perdut,0.413,1667.34,688.19,979.15,663,2025-12-01,perdut,baixa,televenda,378.0,285,36.91,Client sense comprar des de fa 663 dies. Historial previ de 1041 dies. Possible pèrdua de compte. Requereix trucada de reactivació.,,
33767,Sevilla,Bioseguridad,promiscu,0.631,1667.34,1052.28,615.06,-17,2025-12-01,finestra_captura,mitjana,delegat,540.0,0,36.9,Client PROMISCU d'Bioseguridad en FINESTRA DE CAPTURA. Cicle: 540 dies. Share: 63%. Gap: 615€/any. Moment òptim per contactar.,0.0,2027-06-11
1000100433,Madrid,Bioseguridad,perdut,0.116,1667.34,192.92,1474.42,622,2025-12-01,perdut,baixa,televenda,,622,36.86,Client sense comprar des de fa 622 dies. Historial previ de 622 dies. Possible pèrdua de compte. Requereix trucada de reactivació.,,
38499,Toledo,Anestesia,perdut,0.691,2223.12,1535.54,687.58,91,2025-12-01,perdut,baixa,televenda,54.3,36,36.86,Client sense comprar des de fa 91 dies. Historial previ de 1665 dies. Possible pèrdua de compte. Requereix trucada de reactivació.,,
7484,Gipúzkoa,Anestesia,perdut,1.0,2223.12,8105.46,0.0,199,2025-12-01,perdut,baixa,televenda,119.2,79,36.82,Client sense comprar des de fa 199 dies. Historial previ de 1630 dies. Possible pèrdua de compte. Requereix trucada de reactivació.,,
1000072067,Alicante,Bioseguridad,perdut,0.118,1667.34,196.6,1470.74,591,2025-12-01,perdut,baixa,televenda,,591,36.77,Client sense comprar des de fa 591 dies. Historial previ de 591 dies. Possible pèrdua de compte. Requereix trucada de reactivació.,,
22721,Madrid,Bioseguridad,perdut,0.164,879.2,144.09,735.11,1615,2025-12-01,perdut,baixa,televenda,8.0,1607,36.76,Client sense comprar des de fa 1615 dies. Historial previ de 1623 dies. Possible pèrdua de compte. Requereix trucada de reactivació.,,
1000079920,Las Palmas,Anestesia,perdut,1.0,2223.12,3212.95,0.0,431,2025-12-01,perdut,baixa,televenda,259.2,171,36.67,Client sense comprar des de fa 431 dies. Historial previ de 1727 dies. Possible pèrdua de compte. Requereix trucada de reactivació.,,
1000101633,Valencia,Bioseguridad,perdut,0.121,1667.34,202.53,1464.81,320,2025-12-01,perdut,baixa,televenda,,320,36.62,Client sense comprar des de fa 320 dies. Historial previ de 320 dies. Possible pèrdua de compte. Requereix trucada de reactivació.,,
8230,Barcelona,Bioseguridad,perdut,0.121,1667.34,202.53,1464.81,276,2025-12-01,perdut,baixa,televenda,,276,36.62,Client sense comprar des de fa 276 dies. Historial previ de 276 dies. Possible pèrdua de compte. Requereix trucada de reactivació.,,
1000057515,Alicante,Bioseguridad,perdut,0.121,1667.34,202.53,1464.81,307,2025-12-01,perdut,baixa,televenda,,307,36.62,Client sense comprar des de fa 307 dies. Historial previ de 307 dies. Possible pèrdua de compte. Requereix trucada de reactivació.,,
22615,Valencia,Anestesia,perdut,1.0,2223.12,6842.34,0.0,412,2025-12-01,perdut,baixa,televenda,248.6,163,36.44,Client sense comprar des de fa 412 dies. Historial previ de 1655 dies. Possible pèrdua de compte. Requereix trucada de reactivació.,,
6131,Almería,Anestesia,perdut,0.346,2223.12,769.52,1453.6,1764,2025-12-01,perdut,baixa,televenda,,1764,36.34,Client sense comprar des de fa 1764 dies. Historial previ de 1764 dies. Possible pèrdua de compte. Requereix trucada de reactivació.,,
41368,Madrid,Bioseguridad,perdut,0.332,1086.44,360.22,726.22,1615,2025-12-01,perdut,baixa,televenda,20.0,1595,36.31,Client sense comprar des de fa 1615 dies. Historial previ de 1635 dies. Possible pèrdua de compte. Requereix trucada de reactivació.,,
1000079356,Salamanca,Bioseguridad,perdut,0.131,1667.34,218.29,1449.05,1221,2025-12-01,perdut,baixa,televenda,,1221,36.23,Client sense comprar des de fa 1221 dies. Historial previ de 1221 dies. Possible pèrdua de compte. Requereix trucada de reactivació.,,
28221,Madrid,Anestesia,perdut,1.0,2223.12,7412.31,0.0,270,2025-12-01,perdut,baixa,televenda,163.2,106,36.09,Client sense comprar des de fa 270 dies. Historial previ de 1739 dies. Possible pèrdua de compte. Requereix trucada de reactivació.,,
1000078533,Cáceres,Bioseguridad,promiscu,0.447,1086.44,486.07,600.37,7,2025-12-01,finestra_captura,mitjana,delegat,1732.0,0,36.02,Client PROMISCU d'Bioseguridad en FINESTRA DE CAPTURA. Cicle: 1732 dies. Share: 45%. Gap: 600€/any. Moment òptim per contactar.,0.0,2030-08-22
1000078463,Madrid,Bioseguridad,promiscu,0.447,1086.44,486.08,600.36,32,2025-12-01,finestra_captura,mitjana,delegat,153.0,0,36.02,Client PROMISCU d'Bioseguridad en FINESTRA DE CAPTURA. Cicle: 153 dies. Share: 45%. Gap: 600€/any. Moment òptim per contactar.,0.0,2026-04-01
30626,Alicante,Bioseguridad,perdut,0.136,1667.34,226.77,1440.57,735,2025-12-01,perdut,baixa,televenda,,735,36.01,Client sense comprar des de fa 735 dies. Historial previ de 735 dies. Possible pèrdua de compte. Requereix trucada de reactivació.,,
35135,Valencia,Bioseguridad,perdut,0.873,1667.34,1455.83,211.51,517,2025-12-01,perdut,baixa,televenda,277.3,239,35.92,Client sense comprar des de fa 517 dies. Historial previ de 1349 dies. Possible pèrdua de compte. Requereix trucada de reactivació.,,
1000069727,Madrid,Anestesia,perdut,1.0,1802.36,2777.47,0.0,546,2025-12-01,perdut,baixa,televenda,303.8,242,35.9,Client sense comprar des de fa 546 dies. Historial previ de 1761 dies. Possible pèrdua de compte. Requereix trucada de reactivació.,,
1000082772,A Coruña,Anestesia,perdut,0.873,3410.04,2976.15,433.89,412,2025-12-01,perdut,baixa,televenda,290.0,122,35.86,Client sense comprar des de fa 412 dies. Historial previ de 992 dies. Possible pèrdua de compte. Requereix trucada de reactivació.,,
1592,Orense,Anestesia,perdut,0.891,2223.12,1979.9,243.22,567,2025-12-01,perdut,baixa,televenda,344.7,222,35.8,Client sense comprar des de fa 567 dies. Historial previ de 1601 dies. Possible pèrdua de compte. Requereix trucada de reactivació.,,
42946,Madrid,Bioseguridad,perdut,0.143,1667.34,238.51,1428.83,306,2025-12-01,perdut,baixa,televenda,,306,35.72,Client sense comprar des de fa 306 dies. Historial previ de 306 dies. Possible pèrdua de compte. Requereix trucada de reactivació.,,
1000060529,Almería,Bioseguridad,perdut,0.344,1086.44,373.51,712.93,544,2025-12-01,perdut,baixa,televenda,132.0,412,35.65,Client sense comprar des de fa 544 dies. Historial previ de 676 dies. Possible pèrdua de compte. Requereix trucada de reactivació.,,
1000079466,Zaragoza,Anestesia,perdut,0.891,3410.04,3037.2,372.84,952,2025-12-01,perdut,baixa,televenda,672.0,280,35.52,Client sense comprar des de fa 952 dies. Historial previ de 1624 dies. Possible pèrdua de compte. Requereix trucada de reactivació.,,
42701,Madrid,Bioseguridad,perdut,0.348,1086.44,378.3,708.14,712,2025-12-01,perdut,baixa,televenda,13.0,699,35.41,Client sense comprar des de fa 712 dies. Historial previ de 725 dies. Possible pèrdua de compte. Requereix trucada de reactivació.,,
1000074383,Barcelona,Bioseguridad,perdut,0.151,1667.34,252.14,1415.2,1726,2025-12-01,perdut,baixa,televenda,,1726,35.38,Client sense comprar des de fa 1726 dies. Historial previ de 1726 dies. Possible pèrdua de compte. Requereix trucada de reactivació.,,
1000100637,Barcelona,Anestesia,perdut,0.373,3410.04,1272.16,2137.88,166,2025-12-01,perdut,baixa,televenda,124.2,41,35.27,Client sense comprar des de fa 166 dies. Historial previ de 663 dies. Possible pèrdua de compte. Requereix trucada de reactivació.,,
1000081354,Córdoba,Anestesia,perdut,0.267,3410.04,910.76,2499.28,178,2025-12-01,perdut,baixa,televenda,138.5,39,35.19,Client sense comprar des de fa 178 dies. Historial previ de 455 dies. Possible pèrdua de compte. Requereix trucada de reactivació.,,
2975,Madrid,Anestesia,perdut,1.0,3410.04,12698.74,0.0,151,2025-12-01,perdut,baixa,televenda,106.9,44,35.1,Client sense comprar des de fa 151 dies. Historial previ de 1754 dies. Possible pèrdua de compte. Requereix trucada de reactivació.,,
9374,Madrid,Anestesia,perdut,1.0,4546.72,12734.23,0.0,200,2025-12-01,perdut,baixa,televenda,152.5,47,35.03,Client sense comprar des de fa 200 dies. Historial previ de 1725 dies. Possible pèrdua de compte. Requereix trucada de reactivació.,,
1000101080,Valencia,Bioseguridad,perdut,0.355,1086.44,385.81,700.63,445,2025-12-01,perdut,baixa,televenda,60.0,385,35.03,Client sense comprar des de fa 445 dies. Historial previ de 565 dies. Possible pèrdua de compte. Requereix trucada de reactivació.,,
290,Tarragona,Bioseguridad,perdut,0.162,1667.34,269.98,1397.36,1508,2025-12-01,perdut,baixa,televenda,,1508,34.93,Client sense comprar des de fa 1508 dies. Historial previ de 1508 dies. Possible pèrdua de compte. Requereix trucada de reactivació.,,
1000066316,Las Palmas,Bioseguridad,perdut,0.162,1667.34,270.32,1397.02,304,2025-12-01,perdut,baixa,televenda,,304,34.93,Client sense comprar des de fa 304 dies. Historial previ de 304 dies. Possible pèrdua de compte. Requereix trucada de reactivació.,,
14653,Almería,Bioseguridad,perdut,0.164,1667.34,272.64,1394.7,1173,2025-12-01,perdut,baixa,televenda,,1173,34.87,Client sense comprar des de fa 1173 dies. Historial previ de 1173 dies. Possible pèrdua de compte. Requereix trucada de reactivació.,,
32951,Almería,Bioseguridad,perdut,0.164,1667.34,272.64,1394.7,1161,2025-12-01,perdut,baixa,televenda,,1161,34.87,Client sense comprar des de fa 1161 dies. Historial previ de 1161 dies. Possible pèrdua de compte. Requereix trucada de reactivació.,,
1000082727,Málaga,Bioseguridad,perdut,0.164,1667.34,272.64,1394.7,1118,2025-12-01,perdut,baixa,televenda,,1118,34.87,Client sense comprar des de fa 1118 dies. Historial previ de 1118 dies. Possible pèrdua de compte. Requereix trucada de reactivació.,,
1000081176,Cádiz,Bioseguridad,perdut,0.164,1667.34,272.64,1394.7,1160,2025-12-01,perdut,baixa,televenda,,1160,34.87,Client sense comprar des de fa 1160 dies. Historial previ de 1160 dies. Possible pèrdua de compte. Requereix trucada de reactivació.,,
1000082478,Navarra,Bioseguridad,perdut,0.164,1667.34,272.64,1394.7,1335,2025-12-01,perdut,baixa,televenda,,1335,34.87,Client sense comprar des de fa 1335 dies. Historial previ de 1335 dies. Possible pèrdua de compte. Requereix trucada de reactivació.,,
42148,Málaga,Bioseguridad,perdut,0.163,1667.34,272.55,1394.79,1159,2025-12-01,perdut,baixa,televenda,,1159,34.87,Client sense comprar des de fa 1159 dies. Historial previ de 1159 dies. Possible pèrdua de compte. Requereix trucada de reactivació.,,
1000100210,Madrid,Anestesia,perdut,1.0,1802.36,2660.08,0.0,285,2025-12-01,perdut,baixa,televenda,160.3,124,34.85,Client sense comprar des de fa 285 dies. Historial previ de 766 dies. Possible pèrdua de compte. Requereix trucada de reactivació.,,
1000077491,A Coruña,Anestesia,perdut,1.0,1802.36,2372.5,0.0,425,2025-12-01,perdut,baixa,televenda,239.6,185,34.79,Client sense comprar des de fa 425 dies. Historial previ de 1623 dies. Possible pèrdua de compte. Requereix trucada de reactivació.,,
1000070667,Ávila,Anestesia,perdut,1.0,2223.12,6450.55,0.0,172,2025-12-01,perdut,baixa,televenda,105.9,66,34.65,Client sense comprar des de fa 172 dies. Historial previ de 1760 dies. Possible pèrdua de compte. Requereix trucada de reactivació.,,
40803,Barcelona,Anestesia,perdut,0.377,2223.12,837.32,1385.8,1349,2025-12-01,perdut,baixa,televenda,,1349,34.65,Client sense comprar des de fa 1349 dies. Historial previ de 1349 dies. Possible pèrdua de compte. Requereix trucada de reactivació.,,
1000077359,Madrid,Bioseguridad,perdut,0.17,1667.34,283.55,1383.79,962,2025-12-01,perdut,baixa,televenda,,962,34.59,Client sense comprar des de fa 962 dies. Historial previ de 962 dies. Possible pèrdua de compte. Requereix trucada de reactivació.,,
1000082234,Pontevedra,Bioseguridad,perdut,0.173,1667.34,287.88,1379.46,1547,2025-12-01,perdut,baixa,televenda,,1547,34.49,Client sense comprar des de fa 1547 dies. Historial previ de 1547 dies. Possible pèrdua de compte. Requereix trucada de reactivació.,,
22584,Guadalajara,Anestesia,perdut,1.0,2223.12,3604.51,0.0,601,2025-12-01,perdut,baixa,televenda,371.0,230,34.46,Client sense comprar des de fa 601 dies. Historial previ de 1714 dies. Possible pèrdua de compte. Requereix trucada de reactivació.,,
11154,Zaragoza,Bioseguridad,perdut,0.174,1667.34,290.73,1376.61,1265,2025-12-01,perdut,baixa,televenda,,1265,34.42,Client sense comprar des de fa 1265 dies. Historial previ de 1265 dies. Possible pèrdua de compte. Requereix trucada de reactivació.,,
1000082332,Murcia,Anestesia,perdut,0.387,2223.12,860.05,1363.07,388,2025-12-01,perdut,baixa,televenda,,388,34.08,Client sense comprar des de fa 388 dies. Historial previ de 388 dies. Possible pèrdua de compte. Requereix trucada de reactivació.,,
1000081215,Barcelona,Anestesia,perdut,1.0,2223.12,8648.64,0.0,301,2025-12-01,perdut,baixa,televenda,186.3,114,34.0,Client sense comprar des de fa 301 dies. Historial previ de 860 dies. Possible pèrdua de compte. Requereix trucada de reactivació.,,
10711,Zaragoza,Anestesia,perdut,1.0,2223.12,2789.69,0.0,209,2025-12-01,perdut,baixa,televenda,129.7,79,33.86,Client sense comprar des de fa 209 dies. Historial previ de 1765 dies. Possible pèrdua de compte. Requereix trucada de reactivació.,,
1000100078,Tarragona,Bioseguridad,perdut,0.189,1667.34,314.57,1352.77,628,2025-12-01,perdut,baixa,televenda,,628,33.82,Client sense comprar des de fa 628 dies. Historial previ de 628 dies. Possible pèrdua de compte. Requereix trucada de reactivació.,,
29406,Sevilla,Bioseguridad,perdut,0.189,1667.34,314.57,1352.77,637,2025-12-01,perdut,baixa,televenda,,637,33.82,Client sense comprar des de fa 637 dies. Historial previ de 637 dies. Possible pèrdua de compte. Requereix trucada de reactivació.,,
28289,Valencia,Bioseguridad,perdut,0.189,1667.34,314.57,1352.77,642,2025-12-01,perdut,baixa,televenda,,642,33.82,Client sense comprar des de fa 642 dies. Historial previ de 642 dies. Possible pèrdua de compte. Requereix trucada de reactivació.,,
1000100650,Alicante,Anestesia,perdut,0.427,2223.12,949.06,1274.06,272,2025-12-01,perdut,baixa,televenda,177.5,94,33.74,Client sense comprar des de fa 272 dies. Historial previ de 627 dies. Possible pèrdua de compte. Requereix trucada de reactivació.,,
20534,Madrid,Anestesia,perdut,0.466,2223.12,1036.33,1186.79,762,2025-12-01,perdut,baixa,televenda,485.5,276,33.73,Client sense comprar des de fa 762 dies. Historial previ de 1733 dies. Possible pèrdua de compte. Requereix trucada de reactivació.,,
1000074724,Lleida,Anestesia,perdut,1.0,1802.36,6814.18,0.0,255,2025-12-01,perdut,baixa,televenda,145.8,109,33.69,Client sense comprar des de fa 255 dies. Historial previ de 1713 dies. Possible pèrdua de compte. Requereix trucada de reactivació.,,
15504,Almería,Anestesia,perdut,1.0,2223.12,3292.13,0.0,663,2025-12-01,perdut,baixa,televenda,412.5,250,33.68,Client sense comprar des de fa 663 dies. Historial previ de 1488 dies. Possible pèrdua de compte. Requereix trucada de reactivació.,,
36544,Navarra,Bioseguridad,perdut,0.196,1667.34,327.09,1340.25,1397,2025-12-01,perdut,baixa,televenda,,1397,33.51,Client sense comprar des de fa 1397 dies. Historial previ de 1397 dies. Possible pèrdua de compte. Requereix trucada de reactivació.,,
1000081991,Barcelona,Anestesia,perdut,1.0,3410.04,10863.38,0.0,196,2025-12-01,perdut,baixa,televenda,140.4,55,33.4,Client sense comprar des de fa 196 dies. Historial previ de 1740 dies. Possible pèrdua de compte. Requereix trucada de reactivació.,,
36587,Madrid,Bioseguridad,marginal,0.0,1667.34,0.0,1667.34,145,2025-12-01,oportunitat_captura,baixa,televenda,8.0,0,33.35,Client MARGINAL d'Bioseguridad. Share: 0%. Gap: 1667€/any. Baixa vinculació. Cal investigar.,0.0,2025-07-17
1000080828,Sta.Cruz Tenerife,Anestesia,perdut,0.905,2223.12,2012.56,210.56,454,2025-12-01,perdut,baixa,televenda,283.5,170,33.33,Client sense comprar des de fa 454 dies. Historial previ de 1588 dies. Possible pèrdua de compte. Requereix trucada de reactivació.,,
15587,Sevilla,Anestesia,perdut,1.0,3410.04,8088.77,0.0,185,2025-12-01,perdut,baixa,televenda,133.0,52,33.33,Client sense comprar des de fa 185 dies. Historial previ de 1648 dies. Possible pèrdua de compte. Requereix trucada de reactivació.,,
22527,Valladolid,Bioseguridad,perdut,0.89,1667.34,1484.38,182.96,635,2025-12-01,perdut,baixa,televenda,353.0,282,33.3,Client sense comprar des de fa 635 dies. Historial previ de 1694 dies. Possible pèrdua de compte. Requereix trucada de reactivació.,,
30651,Albacete,Anestesia,perdut,1.0,2223.12,3960.28,0.0,375,2025-12-01,perdut,baixa,televenda,234.7,140,33.16,Client sense comprar des de fa 375 dies. Historial previ de 1783 dies. Possible pèrdua de compte. Requereix trucada de reactivació.,,
13685,Barcelona,Anestesia,perdut,0.563,2223.12,1251.42,971.7,733,2025-12-01,perdut,baixa,televenda,459.5,273,33.02,Client sense comprar des de fa 733 dies. Historial previ de 1652 dies. Possible pèrdua de compte. Requereix trucada de reactivació.,,
29151,Zaragoza,Anestesia,perdut,0.268,1802.36,482.24,1320.12,1413,2025-12-01,perdut,baixa,televenda,,1413,33.0,Client sense comprar des de fa 1413 dies. Historial previ de 1413 dies. Possible pèrdua de compte. Requereix trucada de reactivació.,,
33006,Jaén,Anestesia,perdut,1.0,2223.12,5450.14,0.0,207,2025-12-01,perdut,baixa,televenda,129.7,77,33.0,Client sense comprar des de fa 207 dies. Historial previ de 1763 dies. Possible pèrdua de compte. Requereix trucada de reactivació.,,
42293,Ciudad Real,Bioseguridad,perdut,0.393,1086.44,426.6,659.84,1032,2025-12-01,perdut,baixa,televenda,289.0,743,32.99,Client sense comprar des de fa 1032 dies. Historial previ de 1321 dies. Possible pèrdua de compte. Requereix trucada de reactivació.,,
1000100400,Zaragoza,Bioseguridad,perdut,0.211,1667.34,351.65,1315.69,376,2025-12-01,perdut,baixa,televenda,,376,32.89,Client sense comprar des de fa 376 dies. Historial previ de 376 dies. Possible pèrdua de compte. Requereix trucada de reactivació.,,
42322,Valladolid,Anestesia,perdut,1.0,2223.12,4247.91,0.0,404,2025-12-01,perdut,baixa,televenda,253.7,150,32.86,Client sense comprar des de fa 404 dies. Historial previ de 1165 dies. Possible pèrdua de compte. Requereix trucada de reactivació.,,
10381,Sta.Cruz Tenerife,Anestesia,perdut,1.0,2223.12,4531.71,0.0,515,2025-12-01,perdut,baixa,televenda,324.0,191,32.76,Client sense comprar des de fa 515 dies. Historial previ de 1487 dies. Possible pèrdua de compte. Requereix trucada de reactivació.,,
1428,Murcia,Anestesia,perdut,1.0,2223.12,4130.27,0.0,313,2025-12-01,perdut,baixa,televenda,196.8,116,32.75,Client sense comprar des de fa 313 dies. Historial previ de 1494 dies. Possible pèrdua de compte. Requereix trucada de reactivació.,,
30500,Lugo,Bioseguridad,perdut,0.216,1667.34,359.84,1307.5,1739,2025-12-01,perdut,baixa,televenda,,1739,32.69,Client sense comprar des de fa 1739 dies. Historial previ de 1739 dies. Possible pèrdua de compte. Requereix trucada de reactivació.,,
1000075402,Madrid,Anestesia,perdut,1.0,3410.04,12791.47,0.0,152,2025-12-01,perdut,baixa,televenda,109.6,42,32.68,Client sense comprar des de fa 152 dies. Historial previ de 1686 dies. Possible pèrdua de compte. Requereix trucada de reactivació.,,
18670,Sta.Cruz Tenerife,Bioseguridad,perdut,0.216,1667.34,360.22,1307.12,1720,2025-12-01,perdut,baixa,televenda,,1720,32.68,Client sense comprar des de fa 1720 dies. Historial previ de 1720 dies. Possible pèrdua de compte. Requereix trucada de reactivació.,,
1000082322,Alicante,Bioseguridad,perdut,0.216,1667.34,360.03,1307.31,1481,2025-12-01,perdut,baixa,televenda,,1481,32.68,Client sense comprar des de fa 1481 dies. Historial previ de 1481 dies. Possible pèrdua de compte. Requereix trucada de reactivació.,,
1000081640,Murcia,Bioseguridad,perdut,0.216,1667.34,360.22,1307.12,1768,2025-12-01,perdut,baixa,televenda,,1768,32.68,Client sense comprar des de fa 1768 dies. Historial previ de 1768 dies. Possible pèrdua de compte. Requereix trucada de reactivació.,,
35674,Madrid,Bioseguridad,perdut,0.216,1667.34,360.22,1307.12,1770,2025-12-01,perdut,baixa,televenda,,1770,32.68,Client sense comprar des de fa 1770 dies. Historial previ de 1770 dies. Possible pèrdua de compte. Requereix trucada de reactivació.,,
1000039665,Zaragoza,Bioseguridad,perdut,0.216,1667.34,360.22,1307.12,1756,2025-12-01,perdut,baixa,televenda,,1756,32.68,Client sense comprar des de fa 1756 dies. Historial previ de 1756 dies. Possible pèrdua de compte. Requereix trucada de reactivació.,,
1000080718,Sevilla,Bioseguridad,perdut,0.216,1667.34,360.22,1307.12,1714,2025-12-01,perdut,baixa,televenda,,1714,32.68,Client sense comprar des de fa 1714 dies. Historial previ de 1714 dies. Possible pèrdua de compte. Requereix trucada de reactivació.,,
1000082272,Granada,Anestesia,perdut,1.0,2223.12,2843.21,0.0,433,2025-12-01,perdut,baixa,televenda,272.5,160,32.63,Client sense comprar des de fa 433 dies. Historial previ de 1523 dies. Possible pèrdua de compte. Requereix trucada de reactivació.,,
1000079156,Valencia,Bioseguridad,perdut,0.218,1667.34,363.61,1303.73,1350,2025-12-01,perdut,baixa,televenda,,1350,32.59,Client sense comprar des de fa 1350 dies. Historial previ de 1350 dies. Possible pèrdua de compte. Requereix trucada de reactivació.,,
1000078824,Cádiz,Bioseguridad,perdut,0.218,1667.34,363.8,1303.54,1265,2025-12-01,perdut,baixa,televenda,,1265,32.59,Client sense comprar des de fa 1265 dies. Historial previ de 1265 dies. Possible pèrdua de compte. Requereix trucada de reactivació.,,
19883,Cádiz,Anestesia,promiscu,0.699,1802.36,1259.33,543.03,3,2025-12-01,finestra_captura,mitjana,delegat,509.3,0,32.58,Client PROMISCU d'Anestesia en FINESTRA DE CAPTURA. Cicle: 509 dies. Share: 70%. Gap: 543€/any. Moment òptim per contactar.,0.0,2027-04-21
1000048293,Palencia,Anestesia,perdut,1.0,3410.04,6752.2,0.0,131,2025-12-01,perdut,baixa,televenda,94.4,36,32.53,Client sense comprar des de fa 131 dies. Historial previ de 1735 dies. Possible pèrdua de compte. Requereix trucada de reactivació.,,
1000100513,Las Palmas,Anestesia,perdut,1.0,4546.72,7242.09,0.0,153,2025-12-01,perdut,baixa,televenda,119.0,34,32.48,Client sense comprar des de fa 153 dies. Historial previ de 748 dies. Possible pèrdua de compte. Requereix trucada de reactivació.,,
21419,,Anestesia,perdut,1.0,2223.12,4916.11,0.0,426,2025-12-01,perdut,baixa,televenda,268.8,157,32.46,Client sense comprar des de fa 426 dies. Historial previ de 1770 dies. Possible pèrdua de compte. Requereix trucada de reactivació.,,
1000100468,Murcia,Anestesia,perdut,0.88,3410.04,3002.22,407.82,171,2025-12-01,perdut,baixa,televenda,123.5,47,32.44,Client sense comprar des de fa 171 dies. Historial previ de 665 dies. Possible pèrdua de compte. Requereix trucada de reactivació.,,
11935,A Coruña,Anestesia,perdut,1.0,4546.72,6503.4,0.0,199,2025-12-01,perdut,baixa,televenda,154.2,44,32.43,Client sense comprar des de fa 199 dies. Historial previ de 1741 dies. Possible pèrdua de compte. Requereix trucada de reactivació.,,
19034,Granada,Anestesia,perdut,1.0,2223.12,2607.18,0.0,466,2025-12-01,perdut,baixa,televenda,294.3,171,32.29,Client sense comprar des de fa 466 dies. Historial previ de 1349 dies. Possible pèrdua de compte. Requereix trucada de reactivació.,,
39298,Cantabria,Anestesia,perdut,1.0,2223.12,13909.18,0.0,145,2025-12-01,perdut,baixa,televenda,91.4,53,32.24,Client sense comprar des de fa 145 dies. Historial previ de 1698 dies. Possible pèrdua de compte. Requereix trucada de reactivació.,,
1000073587,Valencia,Bioseguridad,perdut,0.227,1667.34,377.93,1289.41,909,2025-12-01,perdut,baixa,televenda,,909,32.24,Client sense comprar des de fa 909 dies. Historial previ de 909 dies. Possible pèrdua de compte. Requereix trucada de reactivació.,,
1000100174,Madrid,Bioseguridad,perdut,0.227,1667.34,378.12,1289.22,868,2025-12-01,perdut,baixa,televenda,,868,32.23,Client sense comprar des de fa 868 dies. Historial previ de 868 dies. Possible pèrdua de compte. Requereix trucada de reactivació.,,
7920,León,Bioseguridad,perdut,0.227,1667.34,378.31,1289.03,1015,2025-12-01,perdut,baixa,televenda,,1015,32.23,Client sense comprar des de fa 1015 dies. Historial previ de 1015 dies. Possible pèrdua de compte. Requereix trucada de reactivació.,,
1000038392,Baleares,Bioseguridad,perdut,0.227,1667.34,378.31,1289.03,1035,2025-12-01,perdut,baixa,televenda,,1035,32.23,Client sense comprar des de fa 1035 dies. Historial previ de 1035 dies. Possible pèrdua de compte. Requereix trucada de reactivació.,,
1000065651,Cantabria,Bioseguridad,perdut,0.227,1667.34,378.12,1289.22,986,2025-12-01,perdut,baixa,televenda,,986,32.23,Client sense comprar des de fa 986 dies. Historial previ de 986 dies. Possible pèrdua de compte. Requereix trucada de reactivació.,,
376,Soria,Anestesia,perdut,0.043,3410.04,147.36,3262.68,637,2025-12-01,perdut,baixa,televenda,532.0,105,32.2,Client sense comprar des de fa 637 dies. Historial previ de 1169 dies. Possible pèrdua de compte. Requereix trucada de reactivació.,,
3709,Asturias,Bioseguridad,perdut,1.0,1667.34,7351.68,0.0,315,2025-12-01,perdut,baixa,televenda,177.6,137,32.15,Client sense comprar des de fa 315 dies. Historial previ de 1736 dies. Possible pèrdua de compte. Requereix trucada de reactivació.,,
23839,Madrid,Anestesia,perdut,0.984,2223.12,2187.61,35.51,391,2025-12-01,perdut,baixa,televenda,248.0,143,32.05,Client sense comprar des de fa 391 dies. Historial previ de 1631 dies. Possible pèrdua de compte. Requereix trucada de reactivació.,,
1000100337,Málaga,Bioseguridad,perdut,0.234,1667.34,389.52,1277.82,685,2025-12-01,perdut,baixa,televenda,,685,31.95,Client sense comprar des de fa 685 dies. Historial previ de 685 dies. Possible pèrdua de compte. Requereix trucada de reactivació.,,
2406,Sta.Cruz Tenerife,Bioseguridad,promiscu,0.682,1667.34,1137.21,530.13,-2,2025-12-01,finestra_captura,mitjana,delegat,493.0,0,31.81,Client PROMISCU d'Bioseguridad en FINESTRA DE CAPTURA. Cicle: 493 dies. Share: 68%. Gap: 530€/any. Moment òptim per contactar.,0.0,2027-04-10
31081,Vizcaya,Anestesia,perdut,1.0,3410.04,9730.17,0.0,248,2025-12-01,perdut,baixa,televenda,180.3,67,31.68,Client sense comprar des de fa 248 dies. Historial previ de 1510 dies. Possible pèrdua de compte. Requereix trucada de reactivació.,,
1000100564,Madrid,Bioseguridad,perdut,0.919,2223.12,2044.13,178.99,216,2025-12-01,perdut,baixa,televenda,137.3,78,31.57,Client sense comprar des de fa 216 dies. Historial previ de 628 dies. Possible pèrdua de compte. Requereix trucada de reactivació.,,
1000080071,Salamanca,Anestesia,perdut,1.0,2223.12,6558.83,0.0,355,2025-12-01,perdut,baixa,televenda,226.7,128,31.39,Client sense comprar des de fa 355 dies. Historial previ de 1035 dies. Possible pèrdua de compte. Requereix trucada de reactivació.,,
42109,Cádiz,Anestesia,perdut,0.573,3410.04,1952.42,1457.62,767,2025-12-01,perdut,baixa,televenda,561.0,206,31.3,Client sense comprar des de fa 767 dies. Historial previ de 1328 dies. Possible pèrdua de compte. Requereix trucada de reactivació.,,
5430,Lleida,Anestesia,perdut,1.0,3410.04,8602.15,0.0,187,2025-12-01,perdut,baixa,televenda,136.7,50,31.18,Client sense comprar des de fa 187 dies. Historial previ de 1691 dies. Possible pèrdua de compte. Requereix trucada de reactivació.,,
1000068778,Salamanca,Anestesia,perdut,1.0,3410.04,10911.12,0.0,210,2025-12-01,perdut,baixa,televenda,153.5,56,31.1,Client sense comprar des de fa 210 dies. Historial previ de 1438 dies. Possible pèrdua de compte. Requereix trucada de reactivació.,,
1000082087,Sevilla,Anestesia,perdut,1.0,3410.04,10497.22,0.0,221,2025-12-01,perdut,baixa,televenda,161.9,59,31.07,Client sense comprar des de fa 221 dies. Historial previ de 1678 dies. Possible pèrdua de compte. Requereix trucada de reactivació.,,
22075,Sevilla,Anestesia,perdut,1.0,1802.36,2214.37,0.0,511,2025-12-01,perdut,baixa,televenda,302.8,208,30.96,Client sense comprar des de fa 511 dies. Historial previ de 1722 dies. Possible pèrdua de compte. Requereix trucada de reactivació.,,
9992,A Coruña,Anestesia,perdut,1.0,4546.72,11079.39,0.0,305,2025-12-01,perdut,baixa,televenda,239.4,65,30.86,Client sense comprar des de fa 305 dies. Historial previ de 1502 dies. Possible pèrdua de compte. Requereix trucada de reactivació.,,
42389,Málaga,Anestesia,perdut,1.0,2223.12,3225.86,0.0,194,2025-12-01,perdut,baixa,televenda,124.2,69,30.86,Client sense comprar des de fa 194 dies. Historial previ de 1188 dies. Possible pèrdua de compte. Requereix trucada de reactivació.,,
13464,Barcelona,Anestesia,perdut,0.445,2223.12,989.16,1233.96,1382,2025-12-01,perdut,baixa,televenda,,1382,30.85,Client sense comprar des de fa 1382 dies. Historial previ de 1382 dies. Possible pèrdua de compte. Requereix trucada de reactivació.,,
21160,Navarra,Anestesia,perdut,0.466,2223.12,1035.07,1188.05,669,2025-12-01,perdut,baixa,televenda,440.5,228,30.75,Client sense comprar des de fa 669 dies. Historial previ de 1550 dies. Possible pèrdua de compte. Requereix trucada de reactivació.,,
29912,Sevilla,Anestesia,perdut,1.0,2223.12,14242.28,0.0,234,2025-12-01,perdut,baixa,televenda,150.7,83,30.61,Client sense comprar des de fa 234 dies. Historial previ de 1741 dies. Possible pèrdua de compte. Requereix trucada de reactivació.,,
1000081932,Cádiz,Anestesia,perdut,0.934,3410.04,3186.17,223.87,277,2025-12-01,perdut,baixa,televenda,203.3,73,30.61,Client sense comprar des de fa 277 dies. Historial previ de 1497 dies. Possible pèrdua de compte. Requereix trucada de reactivació.,,
41542,Sta.Cruz Tenerife,Anestesia,perdut,1.0,2223.12,4380.96,0.0,409,2025-12-01,perdut,baixa,televenda,263.5,145,30.58,Client sense comprar des de fa 409 dies. Historial previ de 1463 dies. Possible pèrdua de compte. Requereix trucada de reactivació.,,
1118,Valencia,Anestesia,perdut,1.0,3410.04,3536.76,0.0,179,2025-12-01,perdut,baixa,televenda,131.4,47,30.49,Client sense comprar des de fa 179 dies. Historial previ de 1099 dies. Possible pèrdua de compte. Requereix trucada de reactivació.,,
26690,Cantabria,Anestesia,perdut,1.0,1802.36,2282.0,0.0,756,2025-12-01,perdut,baixa,televenda,451.0,305,30.47,Client sense comprar des de fa 756 dies. Historial previ de 1658 dies. Possible pèrdua de compte. Requereix trucada de reactivació.,,
96,Sevilla,Bioseguridad,perdut,1.0,1667.34,4628.39,0.0,223,2025-12-01,perdut,baixa,televenda,128.9,94,30.39,Client sense comprar des de fa 223 dies. Historial previ de 1770 dies. Possible pèrdua de compte. Requereix trucada de reactivació.,,
42374,Alicante,Bioseguridad,promiscu,0.697,1667.34,1161.48,505.86,-10,2025-12-01,finestra_captura,mitjana,delegat,494.5,0,30.35,Client PROMISCU d'Bioseguridad en FINESTRA DE CAPTURA. Cicle: 494 dies. Share: 70%. Gap: 506€/any. Moment òptim per contactar.,0.0,2027-04-19
2887,Madrid,Bioseguridad,perdut,1.0,2223.12,6779.23,0.0,235,2025-12-01,perdut,baixa,televenda,152.0,83,30.35,Client sense comprar des de fa 235 dies. Historial previ de 1755 dies. Possible pèrdua de compte. Requereix trucada de reactivació.,,
33681,Cuenca,Anestesia,perdut,1.0,2223.12,6823.35,0.0,250,2025-12-01,perdut,baixa,televenda,161.8,88,30.23,Client sense comprar des de fa 250 dies. Historial previ de 1706 dies. Possible pèrdua de compte. Requereix trucada de reactivació.,,
1460,Murcia,Anestesia,perdut,1.0,2223.12,6863.05,0.0,299,2025-12-01,perdut,baixa,televenda,193.1,105,30.21,Client sense comprar des de fa 299 dies. Historial previ de 1651 dies. Possible pèrdua de compte. Requereix trucada de reactivació.,,
6211,Barcelona,Anestesia,perdut,1.0,2223.12,7115.82,0.0,179,2025-12-01,perdut,baixa,televenda,116.0,63,30.18,Client sense comprar des de fa 179 dies. Historial previ de 1455 dies. Possible pèrdua de compte. Requereix trucada de reactivació.,,
583,Valencia,Bioseguridad,perdut,0.278,1667.34,463.02,1204.32,371,2025-12-01,perdut,baixa,televenda,,371,30.11,Client sense comprar des de fa 371 dies. Historial previ de 371 dies. Possible pèrdua de compte. Requereix trucada de reactivació.,,
35813,Valencia,Anestesia,perdut,1.0,2223.12,5282.42,0.0,573,2025-12-01,perdut,baixa,televenda,371.3,201,30.08,Client sense comprar des de fa 573 dies. Historial previ de 1687 dies. Possible pèrdua de compte. Requereix trucada de reactivació.,,
42133,Granada,Bioseguridad,perdut,0.617,1667.34,1029.01,638.33,487,2025-12-01,perdut,baixa,televenda,283.0,204,30.05,Client sense comprar des de fa 487 dies. Historial previ de 770 dies. Possible pèrdua de compte. Requereix trucada de reactivació.,,
670,Toledo,Anestesia,perdut,1.0,1802.36,2019.64,0.0,621,2025-12-01,perdut,baixa,televenda,372.7,248,29.99,Client sense comprar des de fa 621 dies. Historial previ de 1739 dies. Possible pèrdua de compte. Requereix trucada de reactivació.,,
5347,Asturias,Anestesia,perdut,1.0,3410.04,4814.69,0.0,301,2025-12-01,perdut,baixa,televenda,223.0,78,29.82,Client sense comprar des de fa 301 dies. Historial previ de 1193 dies. Possible pèrdua de compte. Requereix trucada de reactivació.,,
1000077064,Málaga,Anestesia,perdut,0.464,2223.12,1032.06,1191.06,699,2025-12-01,perdut,baixa,televenda,,699,29.78,Client sense comprar des de fa 699 dies. Historial previ de 699 dies. Possible pèrdua de compte. Requereix trucada de reactivació.,,
11041,Asturias,Anestesia,perdut,0.465,2223.12,1034.29,1188.83,286,2025-12-01,perdut,baixa,televenda,,286,29.72,Client sense comprar des de fa 286 dies. Historial previ de 286 dies. Possible pèrdua de compte. Requereix trucada de reactivació.,,
1000082327,Pontevedra,Bioseguridad,promiscu,0.546,1086.44,592.76,493.68,54,2025-12-01,finestra_captura,mitjana,delegat,265.0,0,29.62,Client PROMISCU d'Bioseguridad en FINESTRA DE CAPTURA. Cicle: 265 dies. Share: 55%. Gap: 494€/any. Moment òptim per contactar.,0.0,2026-06-30
1000080266,Cuenca,Bioseguridad,perdut,1.0,1667.34,2709.37,0.0,362,2025-12-01,perdut,baixa,televenda,211.3,150,29.59,Client sense comprar des de fa 362 dies. Historial previ de 1630 dies. Possible pèrdua de compte. Requereix trucada de reactivació.,,
1000079680,Zaragoza,Bioseguridad,promiscu,0.547,1086.44,594.28,492.16,0,2025-12-01,finestra_captura,mitjana,delegat,364.0,0,29.53,Client PROMISCU d'Bioseguridad en FINESTRA DE CAPTURA. Cicle: 364 dies. Share: 55%. Gap: 492€/any. Moment òptim per contactar.,0.0,2026-11-30
38060,Granada,Anestesia,perdut,1.0,2223.12,3742.32,0.0,508,2025-12-01,perdut,baixa,televenda,331.3,176,29.52,Client sense comprar des de fa 508 dies. Historial previ de 1502 dies. Possible pèrdua de compte. Requereix trucada de reactivació.,,
1000078659,Madrid,Anestesia,perdut,0.825,2223.12,1833.47,389.65,494,2025-12-01,perdut,baixa,televenda,322.7,171,29.45,Client sense comprar des de fa 494 dies. Historial previ de 1462 dies. Possible pèrdua de compte. Requereix trucada de reactivació.,,
1000082197,Granada,Anestesia,perdut,1.0,2223.12,6174.59,0.0,325,2025-12-01,perdut,baixa,televenda,212.3,112,29.32,Client sense comprar des de fa 325 dies. Historial previ de 1599 dies. Possible pèrdua de compte. Requereix trucada de reactivació.,,
14622,Almería,Anestesia,perdut,0.473,2223.12,1051.17,1171.95,889,2025-12-01,perdut,baixa,televenda,,889,29.3,Client sense comprar des de fa 889 dies. Historial previ de 889 dies. Possible pèrdua de compte. Requereix trucada de reactivació.,,
28152,Barcelona,Anestesia,perdut,1.0,2223.12,3530.22,0.0,398,2025-12-01,perdut,baixa,televenda,260.2,137,29.26,Client sense comprar des de fa 398 dies. Historial previ de 1699 dies. Possible pèrdua de compte. Requereix trucada de reactivació.,,
22496,Granada,Anestesia,perdut,1.0,2223.12,14391.82,0.0,137,2025-12-01,perdut,baixa,televenda,89.5,47,29.19,Client sense comprar des de fa 137 dies. Historial previ de 1748 dies. Possible pèrdua de compte. Requereix trucada de reactivació.,,
1000064976,Sevilla,Bioseguridad,perdut,1.0,1667.34,3852.31,0.0,312,2025-12-01,perdut,baixa,televenda,183.1,128,29.14,Client sense comprar des de fa 312 dies. Historial previ de 1777 dies. Possible pèrdua de compte. Requereix trucada de reactivació.,,
1000068717,Toledo,Bioseguridad,perdut,0.464,1086.44,503.78,582.66,1615,2025-12-01,perdut,baixa,televenda,14.0,1601,29.13,Client sense comprar des de fa 1615 dies. Historial previ de 1629 dies. Possible pèrdua de compte. Requereix trucada de reactivació.,,
16613,A Coruña,Bioseguridad,perdut,1.0,1667.34,2000.84,0.0,523,2025-12-01,perdut,baixa,televenda,307.8,215,29.12,Client sense comprar des de fa 523 dies. Historial previ de 1754 dies. Possible pèrdua de compte. Requereix trucada de reactivació.,,
40890,Madrid,Bioseguridad,perdut,1.0,1667.34,8709.51,0.0,188,2025-12-01,perdut,baixa,televenda,110.5,77,29.05,Client sense comprar des de fa 188 dies. Historial previ de 1735 dies. Possible pèrdua de compte. Requereix trucada de reactivació.,,
30832,Vizcaya,Bioseguridad,perdut,1.0,1667.34,2791.93,0.0,817,2025-12-01,perdut,baixa,televenda,482.0,335,28.97,Client sense comprar des de fa 817 dies. Historial previ de 1781 dies. Possible pèrdua de compte. Requereix trucada de reactivació.,,
26552,Lugo,Bioseguridad,perdut,0.305,1667.34,508.81,1158.53,1110,2025-12-01,perdut,baixa,televenda,,1110,28.96,Client sense comprar des de fa 1110 dies. Historial previ de 1110 dies. Possible pèrdua de compte. Requereix trucada de reactivació.,,
15999,Madrid,Anestesia,perdut,0.685,2223.12,1522.15,700.97,371,2025-12-01,perdut,baixa,televenda,244.0,127,28.93,Client sense comprar des de fa 371 dies. Historial previ de 1103 dies. Possible pèrdua de compte. Requereix trucada de reactivació.,,
9678,Madrid,Anestesia,perdut,1.0,1802.36,3523.35,0.0,412,2025-12-01,perdut,baixa,televenda,250.8,161,28.93,Client sense comprar des de fa 412 dies. Historial previ de 1666 dies. Possible pèrdua de compte. Requereix trucada de reactivació.,,
37992,Navarra,Anestesia,perdut,1.0,2223.12,5311.84,0.0,206,2025-12-01,perdut,baixa,televenda,135.1,70,28.8,Client sense comprar des de fa 206 dies. Historial previ de 1692 dies. Possible pèrdua de compte. Requereix trucada de reactivació.,,
1000078980,Asturias,Anestesia,perdut,0.484,2223.12,1075.04,1148.08,481,2025-12-01,perdut,baixa,televenda,,481,28.7,Client sense comprar des de fa 481 dies. Historial previ de 481 dies. Possible pèrdua de compte. Requereix trucada de reactivació.,,
1000070524,Barcelona,Anestesia,perdut,1.0,2223.12,4983.45,0.0,356,2025-12-01,perdut,baixa,televenda,234.3,121,28.7,Client sense comprar des de fa 356 dies. Historial previ de 1762 dies. Possible pèrdua de compte. Requereix trucada de reactivació.,,
40373,Málaga,Anestesia,perdut,1.0,2223.12,8918.62,0.0,285,2025-12-01,perdut,baixa,televenda,188.0,97,28.68,Client sense comprar des de fa 285 dies. Historial previ de 1789 dies. Possible pèrdua de compte. Requereix trucada de reactivació.,,
1000082762,Málaga,Anestesia,perdut,0.956,3410.04,3258.33,151.71,433,2025-12-01,perdut,baixa,televenda,324.0,109,28.68,Client sense comprar des de fa 433 dies. Historial previ de 1081 dies. Possible pèrdua de compte. Requereix trucada de reactivació.,,
2424,Sta.Cruz Tenerife,Anestesia,perdut,1.0,2223.12,3090.59,0.0,277,2025-12-01,perdut,baixa,televenda,182.2,94,28.67,Client sense comprar des de fa 277 dies. Historial previ de 1735 dies. Possible pèrdua de compte. Requereix trucada de reactivació.,,
13993,Albacete,Anestesia,perdut,0.913,2223.12,2029.11,194.01,565,2025-12-01,perdut,baixa,televenda,373.0,192,28.61,Client sense comprar des de fa 565 dies. Historial previ de 1684 dies. Possible pèrdua de compte. Requereix trucada de reactivació.,,
1000078857,Almería,Anestesia,perdut,1.0,1802.36,6644.31,0.0,250,2025-12-01,perdut,baixa,televenda,152.8,97,28.6,Client sense comprar des de fa 250 dies. Historial previ de 1778 dies. Possible pèrdua de compte. Requereix trucada de reactivació.,,
1000071481,Las Palmas,Anestesia,perdut,1.0,2223.12,9399.65,0.0,283,2025-12-01,perdut,baixa,televenda,186.9,96,28.55,Client sense comprar des de fa 283 dies. Historial previ de 1778 dies. Possible pèrdua de compte. Requereix trucada de reactivació.,,
1000041086,Barcelona,Anestesia,perdut,1.0,2223.12,9430.44,0.0,193,2025-12-01,perdut,baixa,televenda,127.1,65,28.43,Client sense comprar des de fa 193 dies. Historial previ de 1718 dies. Possible pèrdua de compte. Requereix trucada de reactivació.,,
1000078434,Burgos,Bioseguridad,perdut,0.401,1086.44,436.11,650.33,1167,2025-12-01,perdut,baixa,televenda,624.0,543,28.3,Client sense comprar des de fa 1167 dies. Historial previ de 1791 dies. Possible pèrdua de compte. Requereix trucada de reactivació.,,
1000078744,Barcelona,Bioseguridad,perdut,0.327,1667.34,545.14,1122.2,1187,2025-12-01,perdut,baixa,televenda,,1187,28.06,Client sense comprar des de fa 1187 dies. Historial previ de 1187 dies. Possible pèrdua de compte. Requereix trucada de reactivació.,,
41145,Guadalajara,Anestesia,perdut,0.981,3410.04,3343.63,66.41,276,2025-12-01,perdut,baixa,televenda,207.2,68,27.97,Client sense comprar des de fa 276 dies. Historial previ de 1105 dies. Possible pèrdua de compte. Requereix trucada de reactivació.,,
1000082293,Palencia,Bioseguridad,perdut,0.33,1667.34,550.47,1116.87,557,2025-12-01,perdut,baixa,televenda,,557,27.92,Client sense comprar des de fa 557 dies. Historial previ de 557 dies. Possible pèrdua de compte. Requereix trucada de reactivació.,,
34421,Pontevedra,Anestesia,perdut,1.0,2223.12,6007.88,0.0,410,2025-12-01,perdut,baixa,televenda,272.8,137,27.91,Client sense comprar des de fa 410 dies. Historial previ de 1774 dies. Possible pèrdua de compte. Requereix trucada de reactivació.,,
1000082478,Navarra,Anestesia,perdut,0.758,3410.04,2585.41,824.63,333,2025-12-01,perdut,baixa,televenda,250.5,82,27.91,Client sense comprar des de fa 333 dies. Historial previ de 1335 dies. Possible pèrdua de compte. Requereix trucada de reactivació.,,
7356,A Coruña,Bioseguridad,perdut,1.0,1667.34,2712.77,0.0,243,2025-12-01,perdut,baixa,televenda,145.4,97,27.81,Client sense comprar des de fa 243 dies. Historial previ de 1697 dies. Possible pèrdua de compte. Requereix trucada de reactivació.,,
1000079629,Madrid,Anestesia,perdut,0.511,2223.12,1135.49,1087.63,1623,2025-12-01,perdut,baixa,televenda,,1623,27.79,Client sense comprar des de fa 1623 dies. Historial previ de 1623 dies. Possible pèrdua de compte. Requereix trucada de reactivació.,,
39718,Málaga,Anestesia,perdut,0.609,2223.12,1353.16,869.96,516,2025-12-01,perdut,baixa,televenda,,516,27.79,Client sense comprar des de fa 516 dies. Historial previ de 516 dies. Possible pèrdua de compte. Requereix trucada de reactivació.,,
32548,Navarra,Bioseguridad,perdut,1.0,2223.12,3025.86,0.0,1769,2025-12-01,perdut,baixa,televenda,,1769,27.79,Client sense comprar des de fa 1769 dies. Historial previ de 1769 dies. Possible pèrdua de compte. Requereix trucada de reactivació.,,
30210,Granada,Anestesia,perdut,0.598,2223.12,1328.79,894.33,187,2025-12-01,perdut,baixa,televenda,,187,27.79,Client sense comprar des de fa 187 dies. Historial previ de 187 dies. Possible pèrdua de compte. Requereix trucada de reactivació.,,
30284,Málaga,Anestesia,perdut,0.766,2223.12,1703.14,519.98,878,2025-12-01,perdut,baixa,televenda,,878,27.79,Client sense comprar des de fa 878 dies. Historial previ de 878 dies. Possible pèrdua de compte. Requereix trucada de reactivació.,,
31355,Almería,Anestesia,perdut,0.744,2223.12,1653.4,569.72,1392,2025-12-01,perdut,baixa,televenda,,1392,27.79,Client sense comprar des de fa 1392 dies. Historial previ de 1392 dies. Possible pèrdua de compte. Requereix trucada de reactivació.,,
10501,Vizcaya,Anestesia,perdut,0.62,2223.12,1377.36,845.76,458,2025-12-01,perdut,baixa,televenda,,458,27.79,Client sense comprar des de fa 458 dies. Historial previ de 458 dies. Possible pèrdua de compte. Requereix trucada de reactivació.,,
9652,Barcelona,Anestesia,perdut,0.567,2223.12,1260.96,962.16,1502,2025-12-01,perdut,baixa,televenda,,1502,27.79,Client sense comprar des de fa 1502 dies. Historial previ de 1502 dies. Possible pèrdua de compte. Requereix trucada de reactivació.,,
19211,Madrid,Bioseguridad,perdut,1.0,1667.34,6435.11,0.0,298,2025-12-01,perdut,baixa,televenda,178.8,119,27.75,Client sense comprar des de fa 298 dies. Historial previ de 1728 dies. Possible pèrdua de compte. Requereix trucada de reactivació.,,
28763,Málaga,Anestesia,perdut,1.0,2223.12,3040.2,0.0,353,2025-12-01,perdut,baixa,televenda,235.4,117,27.62,Client sense comprar des de fa 353 dies. Historial previ de 1530 dies. Possible pèrdua de compte. Requereix trucada de reactivació.,,
10604,Vizcaya,Bioseguridad,perdut,0.34,1667.34,566.9,1100.44,958,2025-12-01,perdut,baixa,televenda,,958,27.51,Client sense comprar des de fa 958 dies. Historial previ de 958 dies. Possible pèrdua de compte. Requereix trucada de reactivació.,,
37655,Ciudad Real,Anestesia,en_risc,0.939,2223.12,2088.39,134.73,60,2025-12-01,risc_fuga,alta,delegat,48.6,11,27.43,Client en RISC de fuga (fidel). Share 12m: 94% → Share últims 3m anualitzat: 65% (-31%). Gap: 135€/any. Tendència negativa clara. Intervenir amb urgència.,0.34,
24914,Albacete,Bioseguridad,promiscu,0.58,1086.44,630.13,456.31,14,2025-12-01,finestra_captura,mitjana,delegat,537.0,0,27.38,Client PROMISCU d'Bioseguridad en FINESTRA DE CAPTURA. Cicle: 537 dies. Share: 58%. Gap: 456€/any. Moment òptim per contactar.,0.0,2027-05-08
30774,Granada,Bioseguridad,perdut,0.499,1086.44,542.62,543.82,1307,2025-12-01,perdut,baixa,televenda,342.0,965,27.19,Client sense comprar des de fa 1307 dies. Historial previ de 1649 dies. Possible pèrdua de compte. Requereix trucada de reactivació.,,
18313,Valencia,Bioseguridad,perdut,0.511,1086.44,555.28,531.16,1021,2025-12-01,perdut,baixa,televenda,396.0,625,27.16,Client sense comprar des de fa 1021 dies. Historial previ de 1417 dies. Possible pèrdua de compte. Requereix trucada de reactivació.,,
38671,Almería,Bioseguridad,perdut,0.546,1086.44,593.08,493.36,958,2025-12-01,perdut,baixa,televenda,300.0,658,27.16,Client sense comprar des de fa 958 dies. Historial previ de 1258 dies. Possible pèrdua de compte. Requereix trucada de reactivació.,,
9835,Murcia,Bioseguridad,perdut,1.0,1086.44,3280.75,0.0,607,2025-12-01,perdut,baixa,televenda,176.2,430,27.16,Client sense comprar des de fa 607 dies. Historial previ de 1664 dies. Possible pèrdua de compte. Requereix trucada de reactivació.,,
2587,Madrid,Bioseguridad,perdut,1.0,1086.44,3513.78,0.0,731,2025-12-01,perdut,baixa,televenda,176.8,554,27.16,Client sense comprar des de fa 731 dies. Historial previ de 1792 dies. Possible pèrdua de compte. Requereix trucada de reactivació.,,
16074,Madrid,Bioseguridad,perdut,1.0,1086.44,4283.43,0.0,185,2025-12-01,perdut,baixa,televenda,54.7,130,27.16,Client sense comprar des de fa 185 dies. Historial previ de 732 dies. Possible pèrdua de compte. Requereix trucada de reactivació.,,
39038,Ciudad Real,Bioseguridad,perdut,1.0,1086.44,1287.7,0.0,909,2025-12-01,perdut,baixa,televenda,51.5,857,27.16,Client sense comprar des de fa 909 dies. Historial previ de 1784 dies. Possible pèrdua de compte. Requereix trucada de reactivació.,,
7250,Madrid,Bioseguridad,perdut,1.0,1086.44,1925.71,0.0,655,2025-12-01,perdut,baixa,televenda,167.0,488,27.16,Client sense comprar des de fa 655 dies. Historial previ de 1490 dies. Possible pèrdua de compte. Requereix trucada de reactivació.,,
5554,Vizcaya,Bioseguridad,perdut,1.0,1086.44,3042.72,0.0,1263,2025-12-01,perdut,baixa,televenda,183.0,1080,27.16,Client sense comprar des de fa 1263 dies. Historial previ de 1446 dies. Possible pèrdua de compte. Requereix trucada de reactivació.,,
1000074521,Vizcaya,Bioseguridad,perdut,1.0,1086.44,2026.96,0.0,503,2025-12-01,perdut,baixa,televenda,50.0,453,27.16,Client sense comprar des de fa 503 dies. Historial previ de 553 dies. Possible pèrdua de compte. Requereix trucada de reactivació.,,
41014,Barcelona,Bioseguridad,perdut,1.0,1086.44,1120.89,0.0,1350,2025-12-01,perdut,baixa,televenda,139.0,1211,27.16,Client sense comprar des de fa 1350 dies. Historial previ de 1628 dies. Possible pèrdua de compte. Requereix trucada de reactivació.,,
19111,Almería,Bioseguridad,perdut,1.0,1086.44,2015.75,0.0,886,2025-12-01,perdut,baixa,televenda,117.4,768,27.16,Client sense comprar des de fa 886 dies. Historial previ de 1473 dies. Possible pèrdua de compte. Requereix trucada de reactivació.,,
1000072582,Jaén,Bioseguridad,perdut,0.921,1086.44,1000.24,86.2,1174,2025-12-01,perdut,baixa,televenda,122.5,1051,27.16,Client sense comprar des de fa 1174 dies. Historial previ de 1419 dies. Possible pèrdua de compte. Requereix trucada de reactivació.,,
5908,Almería,Bioseguridad,perdut,1.0,1086.44,1613.83,0.0,784,2025-12-01,perdut,baixa,televenda,221.7,562,27.16,Client sense comprar des de fa 784 dies. Historial previ de 1449 dies. Possible pèrdua de compte. Requereix trucada de reactivació.,,
10544,Vizcaya,Bioseguridad,perdut,1.0,1086.44,3927.32,0.0,571,2025-12-01,perdut,baixa,televenda,254.0,317,27.16,Client sense comprar des de fa 571 dies. Historial previ de 1333 dies. Possible pèrdua de compte. Requereix trucada de reactivació.,,
41386,Madrid,Bioseguridad,perdut,0.0,1086.44,0.0,1086.44,1459,2025-12-01,perdut,baixa,televenda,,1459,27.16,Client sense comprar des de fa 1459 dies. Historial previ de 1459 dies. Possible pèrdua de compte. Requereix trucada de reactivació.,,
16754,Barcelona,Bioseguridad,perdut,1.0,1086.44,1481.08,0.0,1109,2025-12-01,perdut,baixa,televenda,282.0,827,27.16,Client sense comprar des de fa 1109 dies. Historial previ de 1673 dies. Possible pèrdua de compte. Requereix trucada de reactivació.,,
1000081847,Madrid,Bioseguridad,perdut,0.877,1086.44,952.75,133.69,455,2025-12-01,perdut,baixa,televenda,183.0,272,27.16,Client sense comprar des de fa 455 dies. Historial previ de 1004 dies. Possible pèrdua de compte. Requereix trucada de reactivació.,,
1000100482,Cantabria,Bioseguridad,perdut,1.0,1086.44,1235.24,0.0,406,2025-12-01,perdut,baixa,televenda,132.0,274,27.16,Client sense comprar des de fa 406 dies. Historial previ de 670 dies. Possible pèrdua de compte. Requereix trucada de reactivació.,,
1000081701,Valladolid,Bioseguridad,perdut,0.675,1086.44,733.34,353.1,664,2025-12-01,perdut,baixa,televenda,260.0,404,27.16,Client sense comprar des de fa 664 dies. Historial previ de 924 dies. Possible pèrdua de compte. Requereix trucada de reactivació.,,
2555,Madrid,Bioseguridad,perdut,0.541,1086.44,587.87,498.57,964,2025-12-01,perdut,baixa,televenda,308.0,656,27.16,Client sense comprar des de fa 964 dies. Historial previ de 1272 dies. Possible pèrdua de compte. Requereix trucada de reactivació.,,
1000072594,Madrid,Bioseguridad,perdut,0.997,1086.44,1083.49,2.95,1263,2025-12-01,perdut,baixa,televenda,187.0,1076,27.16,Client sense comprar des de fa 1263 dies. Historial previ de 1637 dies. Possible pèrdua de compte. Requereix trucada de reactivació.,,
35410,Granada,Bioseguridad,perdut,0.75,1086.44,815.3,271.14,1286,2025-12-01,perdut,baixa,televenda,188.0,1098,27.16,Client sense comprar des de fa 1286 dies. Historial previ de 1474 dies. Possible pèrdua de compte. Requereix trucada de reactivació.,,
42805,Ciudad Real,Bioseguridad,perdut,1.0,1086.44,1486.92,0.0,243,2025-12-01,perdut,baixa,televenda,79.7,163,27.16,Client sense comprar des de fa 243 dies. Historial previ de 482 dies. Possible pèrdua de compte. Requereix trucada de reactivació.,,
1000081822,Valencia,Bioseguridad,perdut,1.0,1086.44,1944.48,0.0,1012,2025-12-01,perdut,baixa,televenda,422.0,590,27.16,Client sense comprar des de fa 1012 dies. Historial previ de 1434 dies. Possible pèrdua de compte. Requereix trucada de reactivació.,,
39036,Toledo,Bioseguridad,perdut,1.0,1086.44,1582.21,0.0,119,2025-12-01,perdut,baixa,televenda,57.4,61,27.16,Client sense comprar des de fa 119 dies. Historial previ de 1784 dies. Possible pèrdua de compte. Requereix trucada de reactivació.,,
1000081817,Madrid,Bioseguridad,perdut,0.798,1086.44,866.92,219.52,948,2025-12-01,perdut,baixa,televenda,388.0,560,27.16,Client sense comprar des de fa 948 dies. Historial previ de 1336 dies. Possible pèrdua de compte. Requereix trucada de reactivació.,,
1000082121,Málaga,Bioseguridad,perdut,0.0,1086.44,0.0,1086.44,1659,2025-12-01,perdut,baixa,televenda,,1659,27.16,Client sense comprar des de fa 1659 dies. Historial previ de 1659 dies. Possible pèrdua de compte. Requereix trucada de reactivació.,,
9759,Albacete,Bioseguridad,perdut,0.579,1086.44,629.14,457.3,416,2025-12-01,perdut,baixa,televenda,137.0,279,27.16,Client sense comprar des de fa 416 dies. Historial previ de 553 dies. Possible pèrdua de compte. Requereix trucada de reactivació.,,
9258,Cáceres,Bioseguridad,perdut,1.0,1086.44,2311.58,0.0,1658,2025-12-01,perdut,baixa,televenda,131.0,1527,27.16,Client sense comprar des de fa 1658 dies. Historial previ de 1789 dies. Possible pèrdua de compte. Requereix trucada de reactivació.,,
6211,Barcelona,Bioseguridad,perdut,1.0,1086.44,9262.47,0.0,179,2025-12-01,perdut,baixa,televenda,85.8,93,27.16,Client sense comprar des de fa 179 dies. Historial previ de 1637 dies. Possible pèrdua de compte. Requereix trucada de reactivació.,,
1000079960,A Coruña,Bioseguridad,perdut,0.965,1086.44,1048.57,37.87,1123,2025-12-01,perdut,baixa,televenda,164.5,958,27.16,Client sense comprar des de fa 1123 dies. Historial previ de 1781 dies. Possible pèrdua de compte. Requereix trucada de reactivació.,,
14592,Badajoz,Bioseguridad,perdut,1.0,1086.44,3722.62,0.0,852,2025-12-01,perdut,baixa,televenda,131.9,720,27.16,Client sense comprar des de fa 852 dies. Historial previ de 1775 dies. Possible pèrdua de compte. Requereix trucada de reactivació.,,
1000079889,Tarragona,Bioseguridad,perdut,1.0,1086.44,1674.09,0.0,689,2025-12-01,perdut,baixa,televenda,199.2,489,27.16,Client sense comprar des de fa 689 dies. Historial previ de 1685 dies. Possible pèrdua de compte. Requereix trucada de reactivació.,,
40062,Granada,Bioseguridad,perdut,1.0,1086.44,1749.1,0.0,888,2025-12-01,perdut,baixa,televenda,194.0,694,27.16,Client sense comprar des de fa 888 dies. Historial previ de 1664 dies. Possible pèrdua de compte. Requereix trucada de reactivació.,,
6217,Albacete,Bioseguridad,perdut,0.545,1086.44,591.95,494.49,977,2025-12-01,perdut,baixa,televenda,341.0,636,27.16,Client sense comprar des de fa 977 dies. Historial previ de 1659 dies. Possible pèrdua de compte. Requereix trucada de reactivació.,,
18796,Girona,Bioseguridad,perdut,1.0,1086.44,2933.8,0.0,907,2025-12-01,perdut,baixa,televenda,158.0,749,27.16,Client sense comprar des de fa 907 dies. Historial previ de 1697 dies. Possible pèrdua de compte. Requereix trucada de reactivació.,,
38691,Barcelona,Bioseguridad,perdut,1.0,1086.44,2739.25,0.0,948,2025-12-01,perdut,baixa,televenda,222.0,726,27.16,Client sense comprar des de fa 948 dies. Historial previ de 1614 dies. Possible pèrdua de compte. Requereix trucada de reactivació.,,
1000081601,Girona,Bioseguridad,perdut,1.0,1086.44,1589.28,0.0,1315,2025-12-01,perdut,baixa,televenda,97.0,1218,27.16,Client sense comprar des de fa 1315 dies. Historial previ de 1509 dies. Possible pèrdua de compte. Requereix trucada de reactivació.,,
1000101590,Murcia,Bioseguridad,perdut,0.0,1086.44,0.0,1086.44,262,2025-12-01,perdut,baixa,televenda,,262,27.16,Client sense comprar des de fa 262 dies. Historial previ de 262 dies. Possible pèrdua de compte. Requereix trucada de reactivació.,,
18847,Baleares,Bioseguridad,perdut,1.0,1086.44,1462.55,0.0,1055,2025-12-01,perdut,baixa,televenda,146.5,908,27.16,Client sense comprar des de fa 1055 dies. Historial previ de 1641 dies. Possible pèrdua de compte. Requereix trucada de reactivació.,,
38010,Madrid,Bioseguridad,perdut,0.557,1086.44,604.7,481.74,886,2025-12-01,perdut,baixa,televenda,97.0,789,27.16,Client sense comprar des de fa 886 dies. Historial previ de 983 dies. Possible pèrdua de compte. Requereix trucada de reactivació.,,
6131,Almería,Bioseguridad,perdut,1.0,1086.44,1519.07,0.0,1287,2025-12-01,perdut,baixa,televenda,159.0,1128,27.16,Client sense comprar des de fa 1287 dies. Historial previ de 1764 dies. Possible pèrdua de compte. Requereix trucada de reactivació.,,
5802,Sta.Cruz Tenerife,Bioseguridad,perdut,1.0,1086.44,1114.95,0.0,292,2025-12-01,perdut,baixa,televenda,112.0,180,27.16,Client sense comprar des de fa 292 dies. Historial previ de 404 dies. Possible pèrdua de compte. Requereix trucada de reactivació.,,
1000074750,Murcia,Bioseguridad,perdut,0.696,1086.44,756.62,329.82,775,2025-12-01,perdut,baixa,televenda,146.0,629,27.16,Client sense comprar des de fa 775 dies. Historial previ de 921 dies. Possible pèrdua de compte. Requereix trucada de reactivació.,,
39389,Barcelona,Bioseguridad,perdut,1.0,1086.44,1227.2,0.0,1055,2025-12-01,perdut,baixa,televenda,189.7,865,27.16,Client sense comprar des de fa 1055 dies. Historial previ de 1624 dies. Possible pèrdua de compte. Requereix trucada de reactivació.,,
1000079900,Granada,Bioseguridad,perdut,0.582,1086.44,632.67,453.77,1078,2025-12-01,perdut,baixa,televenda,472.0,606,27.16,Client sense comprar des de fa 1078 dies. Historial previ de 1550 dies. Possible pèrdua de compte. Requereix trucada de reactivació.,,
100,Sevilla,Bioseguridad,perdut,0.828,1086.44,899.61,186.83,1482,2025-12-01,perdut,baixa,televenda,272.0,1210,27.16,Client sense comprar des de fa 1482 dies. Historial previ de 1754 dies. Possible pèrdua de compte. Requereix trucada de reactivació.,,
6666,Guadalajara,Bioseguridad,perdut,1.0,1086.44,6650.8,0.0,308,2025-12-01,perdut,baixa,televenda,108.9,199,27.16,Client sense comprar des de fa 308 dies. Historial previ de 1615 dies. Possible pèrdua de compte. Requereix trucada de reactivació.,,
14687,Almería,Bioseguridad,perdut,1.0,1086.44,1488.48,0.0,979,2025-12-01,perdut,baixa,televenda,119.5,859,27.16,Client sense comprar des de fa 979 dies. Historial previ de 1218 dies. Possible pèrdua de compte. Requereix trucada de reactivació.,,
1000081948,Sevilla,Bioseguridad,perdut,0.683,1086.44,742.49,343.95,927,2025-12-01,perdut,baixa,televenda,344.5,582,27.16,Client sense comprar des de fa 927 dies. Historial previ de 1616 dies. Possible pèrdua de compte. Requereix trucada de reactivació.,,
5300,Huelva,Bioseguridad,perdut,0.0,1086.44,0.0,1086.44,1775,2025-12-01,perdut,baixa,televenda,,1775,27.16,Client sense comprar des de fa 1775 dies. Historial previ de 1775 dies. Possible pèrdua de compte. Requereix trucada de reactivació.,,
1000080071,Salamanca,Bioseguridad,perdut,1.0,1086.44,1265.02,0.0,1280,2025-12-01,perdut,baixa,televenda,203.0,1077,27.16,Client sense comprar des de fa 1280 dies. Historial previ de 1483 dies. Possible pèrdua de compte. Requereix trucada de reactivació.,,
1000081475,Barcelona,Bioseguridad,perdut,1.0,1086.44,1098.75,0.0,906,2025-12-01,perdut,baixa,televenda,351.0,555,27.16,Client sense comprar des de fa 906 dies. Historial previ de 1608 dies. Possible pèrdua de compte. Requereix trucada de reactivació.,,
3300,Málaga,Bioseguridad,perdut,0.931,1086.44,1011.17,75.27,1195,2025-12-01,perdut,baixa,televenda,233.5,961,27.16,Client sense comprar des de fa 1195 dies. Historial previ de 1662 dies. Possible pèrdua de compte. Requereix trucada de reactivació.,,
1000079040,Sta.Cruz Tenerife,Bioseguridad,perdut,1.0,1086.44,2449.54,0.0,881,2025-12-01,perdut,baixa,televenda,145.2,735,27.16,Client sense comprar des de fa 881 dies. Historial previ de 1462 dies. Possible pèrdua de compte. Requereix trucada de reactivació.,,
36643,Madrid,Bioseguridad,perdut,1.0,1086.44,5153.14,0.0,622,2025-12-01,perdut,baixa,televenda,228.4,393,27.16,Client sense comprar des de fa 622 dies. Historial previ de 1764 dies. Possible pèrdua de compte. Requereix trucada de reactivació.,,
40575,Barcelona,Bioseguridad,perdut,0.515,1086.44,559.77,526.67,1765,2025-12-01,perdut,baixa,televenda,27.0,1738,27.16,Client sense comprar des de fa 1765 dies. Historial previ de 1792 dies. Possible pèrdua de compte. Requereix trucada de reactivació.,,
1000081972,Toledo,Bioseguridad,perdut,0.962,1086.44,1045.49,40.95,1154,2025-12-01,perdut,baixa,televenda,184.5,969,27.16,Client sense comprar des de fa 1154 dies. Historial previ de 1523 dies. Possible pèrdua de compte. Requereix trucada de reactivació.,,
36827,Granada,Bioseguridad,perdut,1.0,1086.44,2590.44,0.0,720,2025-12-01,perdut,baixa,televenda,231.2,488,27.16,Client sense comprar des de fa 720 dies. Historial previ de 1645 dies. Possible pèrdua de compte. Requereix trucada de reactivació.,,
40885,Zaragoza,Bioseguridad,perdut,1.0,1086.44,6253.73,0.0,382,2025-12-01,perdut,baixa,televenda,135.3,246,27.16,Client sense comprar des de fa 382 dies. Historial previ de 1735 dies. Possible pèrdua de compte. Requereix trucada de reactivació.,,
14664,Almería,Bioseguridad,perdut,1.0,1086.44,8102.63,0.0,721,2025-12-01,perdut,baixa,televenda,86.2,634,27.16,Client sense comprar des de fa 721 dies. Historial previ de 1756 dies. Possible pèrdua de compte. Requereix trucada de reactivació.,,
9028,Barcelona,Bioseguridad,perdut,1.0,1086.44,2300.47,0.0,1042,2025-12-01,perdut,baixa,televenda,148.5,893,27.16,Client sense comprar des de fa 1042 dies. Historial previ de 1636 dies. Possible pèrdua de compte. Requereix trucada de reactivació.,,
14678,Almería,Bioseguridad,perdut,1.0,1086.44,3438.85,0.0,1183,2025-12-01,perdut,baixa,televenda,67.7,1115,27.16,Client sense comprar des de fa 1183 dies. Historial previ de 1657 dies. Possible pèrdua de compte. Requereix trucada de reactivació.,,
5447,Lleida,Bioseguridad,perdut,1.0,1086.44,2223.09,0.0,908,2025-12-01,perdut,baixa,televenda,153.7,754,27.16,Client sense comprar des de fa 908 dies. Historial previ de 1369 dies. Possible pèrdua de compte. Requereix trucada de reactivació.,,
21123,Barcelona,Bioseguridad,perdut,1.0,1086.44,1328.22,0.0,942,2025-12-01,perdut,baixa,televenda,202.5,739,27.16,Client sense comprar des de fa 942 dies. Historial previ de 1347 dies. Possible pèrdua de compte. Requereix trucada de reactivació.,,
40386,Valencia,Bioseguridad,perdut,0.519,1086.44,564.22,522.22,572,2025-12-01,perdut,baixa,televenda,115.5,456,27.16,Client sense comprar des de fa 572 dies. Historial previ de 803 dies. Possible pèrdua de compte. Requereix trucada de reactivació.,,
17574,Madrid,Bioseguridad,perdut,1.0,1086.44,2010.54,0.0,179,2025-12-01,perdut,baixa,televenda,69.4,109,27.16,Client sense comprar des de fa 179 dies. Historial previ de 1775 dies. Possible pèrdua de compte. Requereix trucada de reactivació.,,
40610,Cáceres,Bioseguridad,perdut,0.0,1086.44,0.0,1086.44,1658,2025-12-01,perdut,baixa,televenda,,1658,27.16,Client sense comprar des de fa 1658 dies. Historial previ de 1658 dies. Possible pèrdua de compte. Requereix trucada de reactivació.,,
18028,Ávila,Bioseguridad,perdut,1.0,1086.44,1296.75,0.0,1615,2025-12-01,perdut,baixa,televenda,35.7,1579,27.16,Client sense comprar des de fa 1615 dies. Historial previ de 1722 dies. Possible pèrdua de compte. Requereix trucada de reactivació.,,
38060,Granada,Bioseguridad,perdut,0.513,1086.44,557.76,528.68,1502,2025-12-01,perdut,baixa,televenda,100.0,1402,27.16,Client sense comprar des de fa 1502 dies. Historial previ de 1602 dies. Possible pèrdua de compte. Requereix trucada de reactivació.,,
1000078629,Jaén,Bioseguridad,perdut,0.968,1086.44,1051.93,34.51,1265,2025-12-01,perdut,baixa,televenda,209.5,1055,27.16,Client sense comprar des de fa 1265 dies. Historial previ de 1684 dies. Possible pèrdua de compte. Requereix trucada de reactivació.,,
1000081813,Vizcaya,Bioseguridad,perdut,1.0,1086.44,2359.15,0.0,605,2025-12-01,perdut,baixa,televenda,25.0,580,27.16,Client sense comprar des de fa 605 dies. Historial previ de 630 dies. Possible pèrdua de compte. Requereix trucada de reactivació.,,
40803,Barcelona,Bioseguridad,perdut,1.0,1086.44,1450.21,0.0,1389,2025-12-01,perdut,baixa,televenda,309.0,1080,27.16,Client sense comprar des de fa 1389 dies. Historial previ de 1698 dies. Possible pèrdua de compte. Requereix trucada de reactivació.,,
21457,Lugo,Bioseguridad,perdut,1.0,1086.44,4168.12,0.0,453,2025-12-01,perdut,baixa,televenda,113.2,339,27.16,Client sense comprar des de fa 453 dies. Historial previ de 1698 dies. Possible pèrdua de compte. Requereix trucada de reactivació.,,
37985,Pontevedra,Bioseguridad,perdut,1.0,1086.44,2912.7,0.0,594,2025-12-01,perdut,baixa,televenda,182.2,411,27.16,Client sense comprar des de fa 594 dies. Historial previ de 1505 dies. Possible pèrdua de compte. Requereix trucada de reactivació.,,
16640,Palencia,Bioseguridad,perdut,0.889,1086.44,966.28,120.16,1110,2025-12-01,perdut,baixa,televenda,172.3,937,27.16,Client sense comprar des de fa 1110 dies. Historial previ de 1627 dies. Possible pèrdua de compte. Requereix trucada de reactivació.,,
41807,Valencia,Bioseguridad,perdut,0.696,1086.44,756.28,330.16,1469,2025-12-01,perdut,baixa,televenda,48.4,1420,27.16,Client sense comprar des de fa 1469 dies. Historial previ de 1711 dies. Possible pèrdua de compte. Requereix trucada de reactivació.,,
8341,Badajoz,Bioseguridad,perdut,1.0,1086.44,1170.15,0.0,1460,2025-12-01,perdut,baixa,televenda,202.0,1258,27.16,Client sense comprar des de fa 1460 dies. Historial previ de 1662 dies. Possible pèrdua de compte. Requereix trucada de reactivació.,,
1000079763,Jaén,Bioseguridad,perdut,0.729,1086.44,792.09,294.35,1651,2025-12-01,perdut,baixa,televenda,81.0,1570,27.16,Client sense comprar des de fa 1651 dies. Historial previ de 1732 dies. Possible pèrdua de compte. Requereix trucada de reactivació.,,
6585,Baleares,Bioseguridad,perdut,0.995,1086.44,1080.66,5.78,1657,2025-12-01,perdut,baixa,televenda,67.0,1590,27.16,Client sense comprar des de fa 1657 dies. Historial previ de 1791 dies. Possible pèrdua de compte. Requereix trucada de reactivació.,,
1000081197,Murcia,Bioseguridad,perdut,0.604,1086.44,655.94,430.5,385,2025-12-01,perdut,baixa,televenda,41.0,344,27.16,Client sense comprar des de fa 385 dies. Historial previ de 426 dies. Possible pèrdua de compte. Requereix trucada de reactivació.,,
19998,Madrid,Bioseguridad,perdut,1.0,1086.44,3181.85,0.0,391,2025-12-01,perdut,baixa,televenda,168.9,222,27.16,Client sense comprar des de fa 391 dies. Historial previ de 1742 dies. Possible pèrdua de compte. Requereix trucada de reactivació.,,
1000075238,Cádiz,Bioseguridad,perdut,1.0,1086.44,3529.67,0.0,607,2025-12-01,perdut,baixa,televenda,147.0,460,27.16,Client sense comprar des de fa 607 dies. Historial previ de 1636 dies. Possible pèrdua de compte. Requereix trucada de reactivació.,,
10189,Madrid,Bioseguridad,perdut,1.0,1086.44,2012.0,0.0,713,2025-12-01,perdut,baixa,televenda,331.0,382,27.16,Client sense comprar des de fa 713 dies. Historial previ de 1706 dies. Possible pèrdua de compte. Requereix trucada de reactivació.,,
42428,Madrid,Bioseguridad,perdut,1.0,1086.44,1200.16,0.0,1095,2025-12-01,perdut,baixa,televenda,35.0,1060,27.16,Client sense comprar des de fa 1095 dies. Historial previ de 1130 dies. Possible pèrdua de compte. Requereix trucada de reactivació.,,
9184,Barcelona,Bioseguridad,perdut,1.0,1086.44,2921.6,0.0,1393,2025-12-01,perdut,baixa,televenda,66.4,1326,27.16,Client sense comprar des de fa 1393 dies. Historial previ de 1725 dies. Possible pèrdua de compte. Requereix trucada de reactivació.,,
1000075184,Madrid,Bioseguridad,perdut,1.0,1086.44,2115.93,0.0,928,2025-12-01,perdut,baixa,televenda,205.7,722,27.16,Client sense comprar des de fa 928 dies. Historial previ de 1545 dies. Possible pèrdua de compte. Requereix trucada de reactivació.,,
9459,Barcelona,Bioseguridad,perdut,0.938,1086.44,1018.62,67.82,1113,2025-12-01,perdut,baixa,televenda,194.0,919,27.16,Client sense comprar des de fa 1113 dies. Historial previ de 1307 dies. Possible pèrdua de compte. Requereix trucada de reactivació.,,
22675,Granada,Bioseguridad,perdut,1.0,1086.44,4222.55,0.0,627,2025-12-01,perdut,baixa,televenda,228.2,398,27.16,Client sense comprar des de fa 627 dies. Historial previ de 1768 dies. Possible pèrdua de compte. Requereix trucada de reactivació.,,
30087,Madrid,Bioseguridad,perdut,1.0,1086.44,2377.0,0.0,640,2025-12-01,perdut,baixa,televenda,208.6,431,27.16,Client sense comprar des de fa 640 dies. Historial previ de 1683 dies. Possible pèrdua de compte. Requereix trucada de reactivació.,,
25266,Madrid,Bioseguridad,perdut,1.0,1086.44,5154.13,0.0,312,2025-12-01,perdut,baixa,televenda,117.4,194,27.16,Client sense comprar des de fa 312 dies. Historial previ de 1721 dies. Possible pèrdua de compte. Requereix trucada de reactivació.,,
11829,Ciudad Real,Bioseguridad,perdut,1.0,1086.44,1448.04,0.0,1112,2025-12-01,perdut,baixa,televenda,159.0,953,27.16,Client sense comprar des de fa 1112 dies. Historial previ de 1748 dies. Possible pèrdua de compte. Requereix trucada de reactivació.,,
1000059423,Ciudad Real,Bioseguridad,perdut,1.0,1086.44,2085.81,0.0,265,2025-12-01,perdut,baixa,televenda,60.8,204,27.16,Client sense comprar des de fa 265 dies. Historial previ de 1784 dies. Possible pèrdua de compte. Requereix trucada de reactivació.,,
1000077513,Zaragoza,Bioseguridad,perdut,1.0,1086.44,4227.54,0.0,551,2025-12-01,perdut,baixa,televenda,146.1,404,27.16,Client sense comprar des de fa 551 dies. Historial previ de 1720 dies. Possible pèrdua de compte. Requereix trucada de reactivació.,,
23631,Granada,Bioseguridad,perdut,0.548,1086.44,595.63,490.81,1305,2025-12-01,perdut,baixa,televenda,179.5,1125,27.16,Client sense comprar des de fa 1305 dies. Historial previ de 1664 dies. Possible pèrdua de compte. Requereix trucada de reactivació.,,
1000042748,Alicante,Bioseguridad,perdut,1.0,1086.44,3900.16,0.0,593,2025-12-01,perdut,baixa,televenda,252.5,340,27.16,Client sense comprar des de fa 593 dies. Historial previ de 1603 dies. Possible pèrdua de compte. Requereix trucada de reactivació.,,
23589,Granada,Bioseguridad,perdut,1.0,1086.44,2127.22,0.0,1232,2025-12-01,perdut,baixa,televenda,179.0,1053,27.16,Client sense comprar des de fa 1232 dies. Historial previ de 1769 dies. Possible pèrdua de compte. Requereix trucada de reactivació.,,
23568,Madrid,Bioseguridad,perdut,1.0,1086.44,4189.03,0.0,432,2025-12-01,perdut,baixa,televenda,193.5,238,27.16,Client sense comprar des de fa 432 dies. Historial previ de 1593 dies. Possible pèrdua de compte. Requereix trucada de reactivació.,,
1000080954,Ciudad Real,Bioseguridad,perdut,1.0,1086.44,1597.7,0.0,760,2025-12-01,perdut,baixa,televenda,259.7,500,27.16,Client sense comprar des de fa 760 dies. Historial previ de 1539 dies. Possible pèrdua de compte. Requereix trucada de reactivació.,,
1000059994,Sta.Cruz Tenerife,Bioseguridad,perdut,1.0,1086.44,4682.86,0.0,1588,2025-12-01,perdut,baixa,televenda,63.0,1525,27.16,Client sense comprar des de fa 1588 dies. Historial previ de 1777 dies. Possible pèrdua de compte. Requereix trucada de reactivació.,,
768,Valencia,Bioseguridad,perdut,1.0,1086.44,3352.09,0.0,613,2025-12-01,perdut,baixa,televenda,154.0,459,27.16,Client sense comprar des de fa 613 dies. Historial previ de 1383 dies. Possible pèrdua de compte. Requereix trucada de reactivació.,,
1000077470,Madrid,Bioseguridad,perdut,1.0,1086.44,1304.92,0.0,1370,2025-12-01,perdut,baixa,televenda,182.0,1188,27.16,Client sense comprar des de fa 1370 dies. Historial previ de 1734 dies. Possible pèrdua de compte. Requereix trucada de reactivació.,,
23469,Madrid,Bioseguridad,perdut,0.765,1086.44,830.69,255.75,1263,2025-12-01,perdut,baixa,televenda,253.0,1010,27.16,Client sense comprar des de fa 1263 dies. Historial previ de 1769 dies. Possible pèrdua de compte. Requereix trucada de reactivació.,,
28588,Madrid,Bioseguridad,perdut,1.0,1086.44,9319.46,0.0,292,2025-12-01,perdut,baixa,televenda,136.4,155,27.16,Client sense comprar des de fa 292 dies. Historial previ de 1792 dies. Possible pèrdua de compte. Requereix trucada de reactivació.,,
8504,Madrid,Bioseguridad,perdut,1.0,1086.44,1519.69,0.0,1344,2025-12-01,perdut,baixa,televenda,202.0,1142,27.16,Client sense comprar des de fa 1344 dies. Historial previ de 1748 dies. Possible pèrdua de compte. Requereix trucada de reactivació.,,
1000079629,Madrid,Bioseguridad,perdut,1.0,1086.44,8281.22,0.0,348,2025-12-01,perdut,baixa,televenda,99.7,248,27.16,Client sense comprar des de fa 348 dies. Historial previ de 1644 dies. Possible pèrdua de compte. Requereix trucada de reactivació.,,
1000080959,Sta.Cruz Tenerife,Bioseguridad,perdut,1.0,1086.44,1663.73,0.0,832,2025-12-01,perdut,baixa,televenda,61.0,771,27.16,Client sense comprar des de fa 832 dies. Historial previ de 1015 dies. Possible pèrdua de compte. Requereix trucada de reactivació.,,
31344,Madrid,Bioseguridad,perdut,1.0,1086.44,1323.41,0.0,978,2025-12-01,perdut,baixa,televenda,91.2,886,27.16,Client sense comprar des de fa 978 dies. Historial previ de 1343 dies. Possible pèrdua de compte. Requereix trucada de reactivació.,,
1000077452,Murcia,Bioseguridad,perdut,1.0,1086.44,1394.98,0.0,655,2025-12-01,perdut,baixa,televenda,221.2,433,27.16,Client sense comprar des de fa 655 dies. Historial previ de 1761 dies. Possible pèrdua de compte. Requereix trucada de reactivació.,,
31509,Madrid,Bioseguridad,perdut,1.0,1086.44,2329.34,0.0,746,2025-12-01,perdut,baixa,televenda,227.8,518,27.16,Client sense comprar des de fa 746 dies. Historial previ de 1657 dies. Possible pèrdua de compte. Requereix trucada de reactivació.,,
1000041560,Zaragoza,Bioseguridad,perdut,1.0,1086.44,5399.56,0.0,263,2025-12-01,perdut,baixa,televenda,114.6,148,27.16,Client sense comprar des de fa 263 dies. Historial previ de 1753 dies. Possible pèrdua de compte. Requereix trucada de reactivació.,,
1000070578,Granada,Bioseguridad,perdut,0.82,1086.44,890.51,195.93,1370,2025-12-01,perdut,baixa,televenda,14.0,1356,27.16,Client sense comprar des de fa 1370 dies. Historial previ de 1384 dies. Possible pèrdua de compte. Requereix trucada de reactivació.,,
25450,Málaga,Bioseguridad,perdut,1.0,1086.44,3553.86,0.0,937,2025-12-01,perdut,baixa,televenda,128.3,808,27.16,Client sense comprar des de fa 937 dies. Historial previ de 1707 dies. Possible pèrdua de compte. Requereix trucada de reactivació.,,
28105,Granada,Bioseguridad,perdut,1.0,1086.44,2153.47,0.0,1145,2025-12-01,perdut,baixa,televenda,152.5,992,27.16,Client sense comprar des de fa 1145 dies. Historial previ de 1755 dies. Possible pèrdua de compte. Requereix trucada de reactivació.,,
8875,Barcelona,Bioseguridad,perdut,0.811,1086.44,881.59,204.85,976,2025-12-01,perdut,baixa,televenda,392.5,583,27.16,Client sense comprar des de fa 976 dies. Historial previ de 1761 dies. Possible pèrdua de compte. Requereix trucada de reactivació.,,
23847,Baleares,Bioseguridad,perdut,0.746,1086.44,810.5,275.94,1615,2025-12-01,perdut,baixa,televenda,46.0,1569,27.16,Client sense comprar des de fa 1615 dies. Historial previ de 1707 dies. Possible pèrdua de compte. Requereix trucada de reactivació.,,
12558,Granada,Bioseguridad,perdut,1.0,1086.44,3283.28,0.0,542,2025-12-01,perdut,baixa,televenda,176.3,365,27.16,Client sense comprar des de fa 542 dies. Historial previ de 1776 dies. Possible pèrdua de compte. Requereix trucada de reactivació.,,
28051,Madrid,Bioseguridad,perdut,0.735,1086.44,798.91,287.53,1141,2025-12-01,perdut,baixa,televenda,128.3,1012,27.16,Client sense comprar des de fa 1141 dies. Historial previ de 1526 dies. Possible pèrdua de compte. Requereix trucada de reactivació.,,
12585,Girona,Bioseguridad,perdut,1.0,1086.44,3975.89,0.0,851,2025-12-01,perdut,baixa,televenda,152.8,698,27.16,Client sense comprar des de fa 851 dies. Historial previ de 1768 dies. Possible pèrdua de compte. Requereix trucada de reactivació.,,
1000068248,Barcelona,Bioseguridad,perdut,1.0,1086.44,3202.6,0.0,740,2025-12-01,perdut,baixa,televenda,202.0,538,27.16,Client sense comprar des de fa 740 dies. Historial previ de 1750 dies. Possible pèrdua de compte. Requereix trucada de reactivació.,,
1000070080,Madrid,Bioseguridad,perdut,1.0,1086.44,1225.67,0.0,759,2025-12-01,perdut,baixa,televenda,163.3,595,27.16,Client sense comprar des de fa 759 dies. Historial previ de 1249 dies. Possible pèrdua de compte. Requereix trucada de reactivació.,,
1000080653,Barcelona,Bioseguridad,perdut,1.0,1086.44,1476.56,0.0,1650,2025-12-01,perdut,baixa,televenda,63.5,1586,27.16,Client sense comprar des de fa 1650 dies. Historial previ de 1777 dies. Possible pèrdua de compte. Requereix trucada de reactivació.,,
1000069328,Valencia,Bioseguridad,perdut,1.0,1086.44,9322.53,0.0,369,2025-12-01,perdut,baixa,televenda,79.0,290,27.16,Client sense comprar des de fa 369 dies. Historial previ de 1554 dies. Possible pèrdua de compte. Requereix trucada de reactivació.,,
1000076926,Valencia,Bioseguridad,perdut,1.0,1086.44,1806.76,0.0,910,2025-12-01,perdut,baixa,televenda,155.2,754,27.16,Client sense comprar des de fa 910 dies. Historial previ de 1531 dies. Possible pèrdua de compte. Requereix trucada de reactivació.,,
22137,Almería,Bioseguridad,perdut,1.0,1086.44,1102.33,0.0,794,2025-12-01,perdut,baixa,televenda,341.0,453,27.16,Client sense comprar des de fa 794 dies. Historial previ de 1476 dies. Possible pèrdua de compte. Requereix trucada de reactivació.,,
23839,Madrid,Bioseguridad,perdut,1.0,1086.44,1786.41,0.0,567,2025-12-01,perdut,baixa,televenda,233.6,333,27.16,Client sense comprar des de fa 567 dies. Historial previ de 1735 dies. Possible pèrdua de compte. Requereix trucada de reactivació.,,
30149,Madrid,Bioseguridad,perdut,1.0,1086.44,1149.9,0.0,553,2025-12-01,perdut,baixa,televenda,203.0,350,27.16,Client sense comprar des de fa 553 dies. Historial previ de 1162 dies. Possible pèrdua de compte. Requereix trucada de reactivació.,,
1000077820,Málaga,Bioseguridad,perdut,1.0,1086.44,1267.49,0.0,1250,2025-12-01,perdut,baixa,televenda,144.3,1105,27.16,Client sense comprar des de fa 1250 dies. Historial previ de 1683 dies. Possible pèrdua de compte. Requereix trucada de reactivació.,,
1000080355,Granada,Bioseguridad,perdut,1.0,1086.44,2909.62,0.0,879,2025-12-01,perdut,baixa,televenda,176.2,702,27.16,Client sense comprar des de fa 879 dies. Historial previ de 1760 dies. Possible pèrdua de compte. Requereix trucada de reactivació.,,
23791,Granada,Bioseguridad,perdut,1.0,1086.44,1456.59,0.0,599,2025-12-01,perdut,baixa,televenda,252.8,346,27.16,Client sense comprar des de fa 599 dies. Historial previ de 1610 dies. Possible pèrdua de compte. Requereix trucada de reactivació.,,
4254,Madrid,Bioseguridad,perdut,1.0,1086.44,1800.54,0.0,1033,2025-12-01,perdut,baixa,televenda,117.8,915,27.16,Client sense comprar des de fa 1033 dies. Historial previ de 1740 dies. Possible pèrdua de compte. Requereix trucada de reactivació.,,
1000077835,Sevilla,Bioseguridad,perdut,1.0,1086.44,4083.19,0.0,662,2025-12-01,perdut,baixa,televenda,267.8,394,27.16,Client sense comprar des de fa 662 dies. Historial previ de 1733 dies. Possible pèrdua de compte. Requereix trucada de reactivació.,,
30284,Málaga,Bioseguridad,perdut,1.0,1086.44,3241.98,0.0,1487,2025-12-01,perdut,baixa,televenda,149.0,1338,27.16,Client sense comprar des de fa 1487 dies. Historial previ de 1785 dies. Possible pèrdua de compte. Requereix trucada de reactivació.,,
29805,Sevilla,Bioseguridad,perdut,1.0,1086.44,4883.6,0.0,286,2025-12-01,perdut,baixa,televenda,40.0,245,27.16,Client sense comprar des de fa 286 dies. Historial previ de 1767 dies. Possible pèrdua de compte. Requereix trucada de reactivació.,,
1000044579,Zaragoza,Bioseguridad,perdut,1.0,1086.44,6791.94,0.0,244,2025-12-01,perdut,baixa,televenda,102.1,141,27.16,Client sense comprar des de fa 244 dies. Historial previ de 1776 dies. Possible pèrdua de compte. Requereix trucada de reactivació.,,
30313,Málaga,Bioseguridad,perdut,0.0,1086.44,0.0,1086.44,1420,2025-12-01,perdut,baixa,televenda,,1420,27.16,Client sense comprar des de fa 1420 dies. Historial previ de 1420 dies. Possible pèrdua de compte. Requereix trucada de reactivació.,,
1000069115,Murcia,Bioseguridad,perdut,1.0,1086.44,4477.4,0.0,325,2025-12-01,perdut,baixa,televenda,145.0,180,27.16,Client sense comprar des de fa 325 dies. Historial previ de 1775 dies. Possible pèrdua de compte. Requereix trucada de reactivació.,,
1000077782,Badajoz,Bioseguridad,perdut,1.0,1086.44,3903.6,0.0,391,2025-12-01,perdut,baixa,televenda,122.5,268,27.16,Client sense comprar des de fa 391 dies. Historial previ de 1616 dies. Possible pèrdua de compte. Requereix trucada de reactivació.,,
1000056995,Barcelona,Bioseguridad,perdut,1.0,1086.44,5697.93,0.0,558,2025-12-01,perdut,baixa,televenda,128.3,429,27.16,Client sense comprar des de fa 558 dies. Historial previ de 1713 dies. Possible pèrdua de compte. Requereix trucada de reactivació.,,
23718,Madrid,Bioseguridad,perdut,1.0,1086.44,1112.98,0.0,712,2025-12-01,perdut,baixa,televenda,347.5,364,27.16,Client sense comprar des de fa 712 dies. Historial previ de 1407 dies. Possible pèrdua de compte. Requereix trucada de reactivació.,,
1314,Navarra,Bioseguridad,perdut,1.0,1086.44,1410.55,0.0,1235,2025-12-01,perdut,baixa,televenda,268.0,967,27.16,Client sense comprar des de fa 1235 dies. Historial previ de 1771 dies. Possible pèrdua de compte. Requereix trucada de reactivació.,,
23706,Almería,Bioseguridad,perdut,1.0,1086.44,5102.13,0.0,434,2025-12-01,perdut,baixa,televenda,164.2,269,27.16,Client sense comprar des de fa 434 dies. Historial previ de 1748 dies. Possible pèrdua de compte. Requereix trucada de reactivació.,,
632,Valencia,Bioseguridad,perdut,0.662,1086.44,719.69,366.75,1615,2025-12-01,perdut,baixa,televenda,7.0,1608,27.16,Client sense comprar des de fa 1615 dies. Historial previ de 1622 dies. Possible pèrdua de compte. Requereix trucada de reactivació.,,
1000082331,Alicante,Bioseguridad,perdut,0.583,1086.44,633.78,452.66,1350,2025-12-01,perdut,baixa,televenda,110.0,1240,27.16,Client sense comprar des de fa 1350 dies. Historial previ de 1460 dies. Possible pèrdua de compte. Requereix trucada de reactivació.,,
29367,Barcelona,Bioseguridad,perdut,0.665,1086.44,722.98,363.46,1285,2025-12-01,perdut,baixa,televenda,454.0,831,27.16,Client sense comprar des de fa 1285 dies. Historial previ de 1739 dies. Possible pèrdua de compte. Requereix trucada de reactivació.,,
11890,Castellón,Bioseguridad,perdut,0.967,1086.44,1050.58,35.86,719,2025-12-01,perdut,baixa,televenda,198.5,520,27.16,Client sense comprar des de fa 719 dies. Historial previ de 1116 dies. Possible pèrdua de compte. Requereix trucada de reactivació.,,
30554,Málaga,Bioseguridad,perdut,1.0,1086.44,1690.17,0.0,873,2025-12-01,perdut,baixa,televenda,151.0,722,27.16,Client sense comprar des de fa 873 dies. Historial previ de 1628 dies. Possible pèrdua de compte. Requereix trucada de reactivació.,,
30573,Badajoz,Bioseguridad,perdut,0.0,1086.44,0.0,1086.44,1460,2025-12-01,perdut,baixa,televenda,,1460,27.16,Client sense comprar des de fa 1460 dies. Historial previ de 1460 dies. Possible pèrdua de compte. Requereix trucada de reactivació.,,
11854,,Bioseguridad,perdut,1.0,1086.44,4236.29,0.0,593,2025-12-01,perdut,baixa,televenda,62.9,530,27.16,Client sense comprar des de fa 593 dies. Historial previ de 1725 dies. Possible pèrdua de compte. Requereix trucada de reactivació.,,
30651,Albacete,Bioseguridad,perdut,1.0,1086.44,1232.45,0.0,784,2025-12-01,perdut,baixa,televenda,318.0,466,27.16,Client sense comprar des de fa 784 dies. Historial previ de 1420 dies. Possible pèrdua de compte. Requereix trucada de reactivació.,,
1000070037,Madrid,Bioseguridad,perdut,1.0,1086.44,2820.85,0.0,1190,2025-12-01,perdut,baixa,televenda,210.0,980,27.16,Client sense comprar des de fa 1190 dies. Historial previ de 1610 dies. Possible pèrdua de compte. Requereix trucada de reactivació.,,
1000039979,Pontevedra,Bioseguridad,perdut,0.884,1086.44,960.18,126.26,1123,2025-12-01,perdut,baixa,televenda,204.0,919,27.16,Client sense comprar des de fa 1123 dies. Historial previ de 1735 dies. Possible pèrdua de compte. Requereix trucada de reactivació.,,
1000078086,Valencia,Bioseguridad,perdut,0.0,1086.44,0.0,1086.44,447,2025-12-01,perdut,baixa,televenda,,447,27.16,Client sense comprar des de fa 447 dies. Historial previ de 447 dies. Possible pèrdua de compte. Requereix trucada de reactivació.,,
1000076894,Jaén,Bioseguridad,perdut,1.0,1086.44,1725.18,0.0,1109,2025-12-01,perdut,baixa,televenda,91.2,1017,27.16,Client sense comprar des de fa 1109 dies. Historial previ de 1474 dies. Possible pèrdua de compte. Requereix trucada de reactivació.,,
732,Toledo,Bioseguridad,perdut,1.0,1086.44,4115.97,0.0,294,2025-12-01,perdut,baixa,televenda,137.7,156,27.16,Client sense comprar des de fa 294 dies. Historial previ de 1671 dies. Possible pèrdua de compte. Requereix trucada de reactivació.,,
26694,Almería,Bioseguridad,perdut,0.0,1086.44,0.0,1086.44,1503,2025-12-01,perdut,baixa,televenda,,1503,27.16,Client sense comprar des de fa 1503 dies. Historial previ de 1503 dies. Possible pèrdua de compte. Requereix trucada de reactivació.,,
1000079181,Ciudad Real,Bioseguridad,perdut,0.0,1086.44,0.0,1086.44,1466,2025-12-01,perdut,baixa,televenda,,1466,27.16,Client sense comprar des de fa 1466 dies. Historial previ de 1466 dies. Possible pèrdua de compte. Requereix trucada de reactivació.,,
33327,Granada,Bioseguridad,perdut,1.0,1086.44,1176.2,0.0,1252,2025-12-01,perdut,baixa,televenda,174.5,1077,27.16,Client sense comprar des de fa 1252 dies. Historial previ de 1601 dies. Possible pèrdua de compte. Requereix trucada de reactivació.,,
1000080550,Valencia,Bioseguridad,perdut,0.769,1086.44,835.49,250.95,976,2025-12-01,perdut,baixa,televenda,183.0,793,27.16,Client sense comprar des de fa 976 dies. Historial previ de 1159 dies. Possible pèrdua de compte. Requereix trucada de reactivació.,,
722,Teruel,Bioseguridad,perdut,0.945,1086.44,1026.37,60.07,936,2025-12-01,perdut,baixa,televenda,291.5,644,27.16,Client sense comprar des de fa 936 dies. Historial previ de 1519 dies. Possible pèrdua de compte. Requereix trucada de reactivació.,,
26062,Barcelona,Bioseguridad,perdut,0.531,1086.44,576.38,510.06,1592,2025-12-01,perdut,baixa,televenda,64.0,1528,27.16,Client sense comprar des de fa 1592 dies. Historial previ de 1656 dies. Possible pèrdua de compte. Requereix trucada de reactivació.,,
26574,Granada,Bioseguridad,perdut,1.0,1086.44,1907.05,0.0,816,2025-12-01,perdut,baixa,televenda,395.5,420,27.16,Client sense comprar des de fa 816 dies. Historial previ de 1607 dies. Possible pèrdua de compte. Requereix trucada de reactivació.,,
27245,Cáceres,Bioseguridad,perdut,1.0,1086.44,2104.82,0.0,902,2025-12-01,perdut,baixa,televenda,176.4,725,27.16,Client sense comprar des de fa 902 dies. Historial previ de 1784 dies. Possible pèrdua de compte. Requereix trucada de reactivació.,,
27207,Madrid,Bioseguridad,perdut,1.0,1086.44,2622.95,0.0,391,2025-12-01,perdut,baixa,televenda,166.4,224,27.16,Client sense comprar des de fa 391 dies. Historial previ de 1722 dies. Possible pèrdua de compte. Requereix trucada de reactivació.,,
1000066667,Ciudad Real,Bioseguridad,perdut,1.0,1086.44,1566.36,0.0,859,2025-12-01,perdut,baixa,televenda,220.0,639,27.16,Client sense comprar des de fa 859 dies. Historial previ de 1519 dies. Possible pèrdua de compte. Requereix trucada de reactivació.,,
33847,Barcelona,Bioseguridad,perdut,1.0,1086.44,9844.44,0.0,326,2025-12-01,perdut,baixa,televenda,137.2,188,27.16,Client sense comprar des de fa 326 dies. Historial previ de 1698 dies. Possible pèrdua de compte. Requereix trucada de reactivació.,,
1000065909,Sta.Cruz Tenerife,Bioseguridad,perdut,1.0,1086.44,6204.27,0.0,283,2025-12-01,perdut,baixa,televenda,125.0,158,27.16,Client sense comprar des de fa 283 dies. Historial previ de 1783 dies. Possible pèrdua de compte. Requereix trucada de reactivació.,,
1000066400,,Bioseguridad,perdut,1.0,1086.44,2096.21,0.0,804,2025-12-01,perdut,baixa,televenda,188.6,615,27.16,Client sense comprar des de fa 804 dies. Historial previ de 1747 dies. Possible pèrdua de compte. Requereix trucada de reactivació.,,
3784,Asturias,Bioseguridad,perdut,1.0,1086.44,5146.48,0.0,301,2025-12-01,perdut,baixa,televenda,142.0,159,27.16,Client sense comprar des de fa 301 dies. Historial previ de 1721 dies. Possible pèrdua de compte. Requereix trucada de reactivació.,,
1000065324,Madrid,Bioseguridad,perdut,1.0,1086.44,1446.54,0.0,1250,2025-12-01,perdut,baixa,televenda,225.0,1025,27.16,Client sense comprar des de fa 1250 dies. Historial previ de 1475 dies. Possible pèrdua de compte. Requereix trucada de reactivació.,,
1000079448,Girona,Bioseguridad,perdut,0.702,1086.44,763.17,323.27,1127,2025-12-01,perdut,baixa,televenda,221.0,906,27.16,Client sense comprar des de fa 1127 dies. Historial previ de 1348 dies. Possible pèrdua de compte. Requereix trucada de reactivació.,,
11038,Barcelona,Bioseguridad,perdut,1.0,1086.44,1749.82,0.0,1544,2025-12-01,perdut,baixa,televenda,53.0,1491,27.16,Client sense comprar des de fa 1544 dies. Historial previ de 1756 dies. Possible pèrdua de compte. Requereix trucada de reactivació.,,
22526,Barcelona,Bioseguridad,perdut,1.0,1086.44,6962.07,0.0,677,2025-12-01,perdut,baixa,televenda,135.6,541,27.16,Client sense comprar des de fa 677 dies. Historial previ de 1762 dies. Possible pèrdua de compte. Requereix trucada de reactivació.,,
1000082197,Granada,Bioseguridad,perdut,0.58,1086.44,630.2,456.24,1550,2025-12-01,perdut,baixa,televenda,24.5,1525,27.16,Client sense comprar des de fa 1550 dies. Historial previ de 1599 dies. Possible pèrdua de compte. Requereix trucada de reactivació.,,
1000071606,Madrid,Bioseguridad,perdut,1.0,1086.44,2976.34,0.0,518,2025-12-01,perdut,baixa,televenda,156.4,361,27.16,Client sense comprar des de fa 518 dies. Historial previ de 1613 dies. Possible pèrdua de compte. Requereix trucada de reactivació.,,
1000078392,Vizcaya,Bioseguridad,perdut,1.0,1086.44,1205.58,0.0,1475,2025-12-01,perdut,baixa,televenda,77.0,1398,27.16,Client sense comprar des de fa 1475 dies. Historial previ de 1629 dies. Possible pèrdua de compte. Requereix trucada de reactivació.,,
1000082770,Murcia,Bioseguridad,perdut,0.616,1086.44,669.57,416.87,677,2025-12-01,perdut,baixa,televenda,125.5,551,27.16,Client sense comprar des de fa 677 dies. Historial previ de 928 dies. Possible pèrdua de compte. Requereix trucada de reactivació.,,
26068,Cantabria,Bioseguridad,perdut,1.0,1086.44,11607.98,0.0,431,2025-12-01,perdut,baixa,televenda,101.8,329,27.16,Client sense comprar des de fa 431 dies. Historial previ de 1755 dies. Possible pèrdua de compte. Requereix trucada de reactivació.,,
1000072221,Barcelona,Bioseguridad,perdut,0.0,1086.44,0.0,1086.44,1608,2025-12-01,perdut,baixa,televenda,,1608,27.16,Client sense comprar des de fa 1608 dies. Historial previ de 1608 dies. Possible pèrdua de compte. Requereix trucada de reactivació.,,
1000072225,Zaragoza,Bioseguridad,perdut,1.0,1086.44,1190.03,0.0,1097,2025-12-01,perdut,baixa,televenda,366.0,731,27.16,Client sense comprar des de fa 1097 dies. Historial previ de 1463 dies. Possible pèrdua de compte. Requereix trucada de reactivació.,,
1000077135,Madrid,Bioseguridad,perdut,1.0,1086.44,3923.98,0.0,404,2025-12-01,perdut,baixa,televenda,89.6,314,27.16,Client sense comprar des de fa 404 dies. Historial previ de 1658 dies. Possible pèrdua de compte. Requereix trucada de reactivació.,,
7648,León,Bioseguridad,perdut,1.0,1086.44,3850.87,0.0,552,2025-12-01,perdut,baixa,televenda,154.6,397,27.16,Client sense comprar des de fa 552 dies. Historial previ de 1789 dies. Possible pèrdua de compte. Requereix trucada de reactivació.,,
27852,Madrid,Bioseguridad,perdut,1.0,1086.44,1158.31,0.0,1175,2025-12-01,perdut,baixa,televenda,265.0,910,27.16,Client sense comprar des de fa 1175 dies. Historial previ de 1705 dies. Possible pèrdua de compte. Requereix trucada de reactivació.,,
1000065883,Vizcaya,Bioseguridad,perdut,1.0,1086.44,1800.35,0.0,1441,2025-12-01,perdut,baixa,televenda,20.0,1421,27.16,Client sense comprar des de fa 1441 dies. Historial previ de 1461 dies. Possible pèrdua de compte. Requereix trucada de reactivació.,,
12673,Granada,Bioseguridad,perdut,0.765,1086.44,831.47,254.97,797,2025-12-01,perdut,baixa,televenda,111.5,685,27.16,Client sense comprar des de fa 797 dies. Historial previ de 1020 dies. Possible pèrdua de compte. Requereix trucada de reactivació.,,
1000063305,Madrid,Bioseguridad,perdut,1.0,1086.44,1498.85,0.0,1039,2025-12-01,perdut,baixa,televenda,194.3,844,27.16,Client sense comprar des de fa 1039 dies. Historial previ de 1622 dies. Possible pèrdua de compte. Requereix trucada de reactivació.,,
1000038595,Madrid,Bioseguridad,perdut,1.0,1086.44,2087.49,0.0,1102,2025-12-01,perdut,baixa,televenda,105.2,996,27.16,Client sense comprar des de fa 1102 dies. Historial previ de 1523 dies. Possible pèrdua de compte. Requereix trucada de reactivació.,,
1000080605,Madrid,Bioseguridad,perdut,1.0,1086.44,1894.8,0.0,951,2025-12-01,perdut,baixa,televenda,193.5,757,27.16,Client sense comprar des de fa 951 dies. Historial previ de 1725 dies. Possible pèrdua de compte. Requereix trucada de reactivació.,,
1000081084,Granada,Bioseguridad,perdut,1.0,1086.44,2972.07,0.0,1102,2025-12-01,perdut,baixa,televenda,213.0,889,27.16,Client sense comprar des de fa 1102 dies. Historial previ de 1741 dies. Possible pèrdua de compte. Requereix trucada de reactivació.,,
27776,Almería,Bioseguridad,perdut,0.899,1086.44,976.32,110.12,1378,2025-12-01,perdut,baixa,televenda,300.0,1078,27.16,Client sense comprar des de fa 1378 dies. Historial previ de 1678 dies. Possible pèrdua de compte. Requereix trucada de reactivació.,,
34420,Barcelona,Bioseguridad,perdut,1.0,1086.44,1440.89,0.0,1482,2025-12-01,perdut,baixa,televenda,98.3,1383,27.16,Client sense comprar des de fa 1482 dies. Historial previ de 1777 dies. Possible pèrdua de compte. Requereix trucada de reactivació.,,
22211,Granada,Bioseguridad,perdut,1.0,1086.44,2838.84,0.0,432,2025-12-01,perdut,baixa,televenda,164.6,267,27.16,Client sense comprar des de fa 432 dies. Historial previ de 1749 dies. Possible pèrdua de compte. Requereix trucada de reactivació.,,
12697,Granada,Bioseguridad,perdut,1.0,1086.44,1087.42,0.0,1088,2025-12-01,perdut,baixa,televenda,179.7,908,27.16,Client sense comprar des de fa 1088 dies. Historial previ de 1627 dies. Possible pèrdua de compte. Requereix trucada de reactivació.,,
1000081036,Barcelona,Bioseguridad,perdut,0.961,1086.44,1044.3,42.14,1515,2025-12-01,perdut,baixa,televenda,116.5,1398,27.16,Client sense comprar des de fa 1515 dies. Historial previ de 1748 dies. Possible pèrdua de compte. Requereix trucada de reactivació.,,
12744,Granada,Bioseguridad,perdut,1.0,1086.44,1107.1,0.0,896,2025-12-01,perdut,baixa,televenda,293.0,603,27.16,Client sense comprar des de fa 896 dies. Historial previ de 1775 dies. Possible pèrdua de compte. Requereix trucada de reactivació.,,
1000080513,Málaga,Bioseguridad,perdut,0.875,1086.44,950.26,136.18,916,2025-12-01,perdut,baixa,televenda,356.0,560,27.16,Client sense comprar des de fa 916 dies. Historial previ de 1628 dies. Possible pèrdua de compte. Requereix trucada de reactivació.,,
1000082612,Madrid,Bioseguridad,perdut,1.0,1086.44,1104.94,0.0,619,2025-12-01,perdut,baixa,televenda,310.0,309,27.07,Client sense comprar des de fa 619 dies. Historial previ de 1239 dies. Possible pèrdua de compte. Requereix trucada de reactivació.,,
7412,Madrid,Bioseguridad,perdut,0.31,1667.34,516.44,1150.9,998,2025-12-01,perdut,baixa,televenda,679.0,319,27.04,Client sense comprar des de fa 998 dies. Historial previ de 1677 dies. Possible pèrdua de compte. Requereix trucada de reactivació.,,
1000039922,Madrid,Bioseguridad,perdut,1.0,1086.44,5899.6,0.0,272,2025-12-01,perdut,baixa,televenda,136.2,135,26.93,Client sense comprar des de fa 272 dies. Historial previ de 1770 dies. Possible pèrdua de compte. Requereix trucada de reactivació.,,
2427,Sta.Cruz Tenerife,Bioseguridad,promiscu,0.588,1086.44,638.62,447.82,74,2025-12-01,finestra_captura,mitjana,delegat,413.0,0,26.87,Client PROMISCU d'Bioseguridad en FINESTRA DE CAPTURA. Cicle: 413 dies. Share: 59%. Gap: 448€/any. Moment òptim per contactar.,0.0,2026-11-05
12690,Granada,Anestesia,perdut,0.756,2223.12,1681.52,541.6,397,2025-12-01,perdut,baixa,televenda,267.2,129,26.83,Client sense comprar des de fa 397 dies. Historial previ de 1733 dies. Possible pèrdua de compte. Requereix trucada de reactivació.,,
1000079903,Alicante,Anestesia,perdut,0.77,1802.36,1388.38,413.98,735,2025-12-01,perdut,baixa,televenda,460.5,274,26.81,Client sense comprar des de fa 735 dies. Historial previ de 1656 dies. Possible pèrdua de compte. Requereix trucada de reactivació.,,
29827,Madrid,Bioseguridad,perdut,1.0,1086.44,1802.2,0.0,452,2025-12-01,perdut,baixa,televenda,228.0,224,26.68,Client sense comprar des de fa 452 dies. Historial previ de 908 dies. Possible pèrdua de compte. Requereix trucada de reactivació.,,
1000064990,Barcelona,Bioseguridad,perdut,1.0,1086.44,5317.37,0.0,237,2025-12-01,perdut,baixa,televenda,119.3,117,26.64,Client sense comprar des de fa 237 dies. Historial previ de 1788 dies. Possible pèrdua de compte. Requereix trucada de reactivació.,,
30222,,Bioseguridad,perdut,0.0,1086.44,0.0,1086.44,426,2025-12-01,perdut,baixa,televenda,286.0,140,26.59,Client sense comprar des de fa 426 dies. Historial previ de 712 dies. Possible pèrdua de compte. Requereix trucada de reactivació.,,
1000082761,Sevilla,Anestesia,perdut,1.0,3410.04,7400.5,0.0,194,2025-12-01,perdut,baixa,televenda,148.0,46,26.5,Client sense comprar des de fa 194 dies. Historial previ de 1082 dies. Possible pèrdua de compte. Requereix trucada de reactivació.,,
42849,Las Palmas,Anestesia,perdut,1.0,2223.12,2616.02,0.0,186,2025-12-01,perdut,baixa,televenda,126.0,60,26.47,Client sense comprar des de fa 186 dies. Historial previ de 438 dies. Possible pèrdua de compte. Requereix trucada de reactivació.,,
1000077789,Madrid,Anestesia,perdut,1.0,1802.36,2192.88,0.0,417,2025-12-01,perdut,baixa,televenda,262.5,154,26.43,Client sense comprar des de fa 417 dies. Historial previ de 1467 dies. Possible pèrdua de compte. Requereix trucada de reactivació.,,
21581,Barcelona,Anestesia,perdut,0.071,5683.4,405.84,5277.56,145,2025-12-01,perdut,baixa,televenda,274.0,0,26.39,Client sense comprar des de fa 145 dies. Historial previ de 419 dies. Possible pèrdua de compte. Requereix trucada de reactivació.,,
12520,Granada,Anestesia,perdut,1.0,3410.04,7442.68,0.0,217,2025-12-01,perdut,baixa,televenda,165.4,51,26.29,Client sense comprar des de fa 217 dies. Historial previ de 1540 dies. Possible pèrdua de compte. Requereix trucada de reactivació.,,
38793,Orense,Anestesia,perdut,1.0,2223.12,9193.74,0.0,444,2025-12-01,perdut,baixa,televenda,301.8,142,26.15,Client sense comprar des de fa 444 dies. Historial previ de 1651 dies. Possible pèrdua de compte. Requereix trucada de reactivació.,,
1000079033,Navarra,Bioseguridad,perdut,0.41,879.2,360.22,518.98,1615,2025-12-01,perdut,baixa,televenda,26.0,1589,25.95,Client sense comprar des de fa 1615 dies. Historial previ de 1641 dies. Possible pèrdua de compte. Requereix trucada de reactivació.,,
2432,Sta.Cruz Tenerife,Anestesia,perdut,1.0,1802.36,3960.53,0.0,294,2025-12-01,perdut,baixa,televenda,186.2,107,25.89,Client sense comprar des de fa 294 dies. Historial previ de 1784 dies. Possible pèrdua de compte. Requereix trucada de reactivació.,,
9652,Barcelona,Bioseguridad,perdut,1.0,1086.44,1661.57,0.0,1173,2025-12-01,perdut,baixa,televenda,602.0,571,25.76,Client sense comprar des de fa 1173 dies. Historial previ de 1775 dies. Possible pèrdua de compte. Requereix trucada de reactivació.,,
1000082192,Sevilla,Anestesia,perdut,1.0,4546.72,8926.48,0.0,272,2025-12-01,perdut,baixa,televenda,221.5,50,25.66,Client sense comprar des de fa 272 dies. Historial previ de 1601 dies. Possible pèrdua de compte. Requereix trucada de reactivació.,,
1000079056,Granada,Bioseguridad,perdut,0.76,1086.44,826.17,260.27,767,2025-12-01,perdut,baixa,televenda,395.5,371,25.48,Client sense comprar des de fa 767 dies. Historial previ de 1558 dies. Possible pèrdua de compte. Requereix trucada de reactivació.,,
1000082685,Barcelona,Bioseguridad,perdut,0.067,1086.44,72.69,1013.75,1098,2025-12-01,perdut,baixa,televenda,,1098,25.34,Client sense comprar des de fa 1098 dies. Historial previ de 1098 dies. Possible pèrdua de compte. Requereix trucada de reactivació.,,
1000072689,Zaragoza,Bioseguridad,perdut,0.07,1086.44,75.58,1010.86,773,2025-12-01,perdut,baixa,televenda,,773,25.27,Client sense comprar des de fa 773 dies. Historial previ de 773 dies. Possible pèrdua de compte. Requereix trucada de reactivació.,,
1000061020,Tarragona,Bioseguridad,perdut,0.07,1086.44,75.58,1010.86,907,2025-12-01,perdut,baixa,televenda,,907,25.27,Client sense comprar des de fa 907 dies. Historial previ de 907 dies. Possible pèrdua de compte. Requereix trucada de reactivació.,,
1264,La Rioja,Anestesia,perdut,1.0,1802.36,6993.44,0.0,187,2025-12-01,perdut,baixa,televenda,119.5,67,25.26,Client sense comprar des de fa 187 dies. Historial previ de 1741 dies. Possible pèrdua de compte. Requereix trucada de reactivació.,,
10500,Vizcaya,Anestesia,perdut,1.0,3410.04,3632.33,0.0,382,2025-12-01,perdut,baixa,televenda,294.3,87,25.2,Client sense comprar des de fa 382 dies. Historial previ de 1265 dies. Possible pèrdua de compte. Requereix trucada de reactivació.,,
12755,Granada,Bioseguridad,perdut,0.072,1086.44,78.63,1007.81,544,2025-12-01,perdut,baixa,televenda,,544,25.2,Client sense comprar des de fa 544 dies. Historial previ de 544 dies. Possible pèrdua de compte. Requereix trucada de reactivació.,,
1000081410,Sevilla,Bioseguridad,perdut,0.397,1667.34,661.66,1005.68,923,2025-12-01,perdut,baixa,televenda,,923,25.14,Client sense comprar des de fa 923 dies. Historial previ de 923 dies. Possible pèrdua de compte. Requereix trucada de reactivació.,,
1000064358,Albacete,Bioseguridad,perdut,0.887,1086.44,963.51,122.93,679,2025-12-01,perdut,baixa,televenda,353.0,326,25.08,Client sense comprar des de fa 679 dies. Historial previ de 1385 dies. Possible pèrdua de compte. Requereix trucada de reactivació.,,
1000101936,Murcia,Bioseguridad,promiscu,0.616,1086.44,668.91,417.53,54,2025-12-01,finestra_captura,mitjana,delegat,111.0,0,25.05,Client PROMISCU d'Bioseguridad en FINESTRA DE CAPTURA. Cicle: 111 dies. Share: 62%. Gap: 418€/any. Moment òptim per contactar.,0.0,2026-01-27
1000082716,Madrid,Bioseguridad,perdut,1.0,1667.34,2607.83,0.0,238,2025-12-01,perdut,baixa,televenda,148.2,89,25.04,Client sense comprar des de fa 238 dies. Historial previ de 1127 dies. Possible pèrdua de compte. Requereix trucada de reactivació.,,
41926,Jaén,Bioseguridad,perdut,1.0,1086.44,1546.42,0.0,809,2025-12-01,perdut,baixa,televenda,421.0,388,25.03,Client sense comprar des de fa 809 dies. Historial previ de 1651 dies. Possible pèrdua de compte. Requereix trucada de reactivació.,,
1000077233,Madrid,Bioseguridad,perdut,0.431,879.2,378.81,500.39,1252,2025-12-01,perdut,baixa,televenda,284.0,968,25.02,Client sense comprar des de fa 1252 dies. Historial previ de 1536 dies. Possible pèrdua de compte. Requereix trucada de reactivació.,,
37232,Madrid,Bioseguridad,perdut,0.084,1086.44,90.93,995.51,1264,2025-12-01,perdut,baixa,televenda,,1264,24.89,Client sense comprar des de fa 1264 dies. Historial previ de 1264 dies. Possible pèrdua de compte. Requereix trucada de reactivació.,,
1000078768,Madrid,Bioseguridad,perdut,0.084,1086.44,90.93,995.51,1236,2025-12-01,perdut,baixa,televenda,,1236,24.89,Client sense comprar des de fa 1236 dies. Historial previ de 1236 dies. Possible pèrdua de compte. Requereix trucada de reactivació.,,
33915,Madrid,Bioseguridad,perdut,0.084,1086.44,90.93,995.51,1251,2025-12-01,perdut,baixa,televenda,,1251,24.89,Client sense comprar des de fa 1251 dies. Historial previ de 1251 dies. Possible pèrdua de compte. Requereix trucada de reactivació.,,
42350,Madrid,Bioseguridad,perdut,0.084,1086.44,90.93,995.51,1266,2025-12-01,perdut,baixa,televenda,,1266,24.89,Client sense comprar des de fa 1266 dies. Historial previ de 1266 dies. Possible pèrdua de compte. Requereix trucada de reactivació.,,
1000072731,Madrid,Bioseguridad,perdut,0.084,1086.44,90.93,995.51,1264,2025-12-01,perdut,baixa,televenda,,1264,24.89,Client sense comprar des de fa 1264 dies. Historial previ de 1264 dies. Possible pèrdua de compte. Requereix trucada de reactivació.,,
1000042947,Madrid,Anestesia,perdut,1.0,2223.12,9980.0,0.0,237,2025-12-01,perdut,baixa,televenda,163.2,73,24.86,Client sense comprar des de fa 237 dies. Historial previ de 1706 dies. Possible pèrdua de compte. Requereix trucada de reactivació.,,
35039,Valencia,Bioseguridad,perdut,0.087,1086.44,94.58,991.86,770,2025-12-01,perdut,baixa,televenda,,770,24.8,Client sense comprar des de fa 770 dies. Historial previ de 770 dies. Possible pèrdua de compte. Requereix trucada de reactivació.,,
20534,Madrid,Bioseguridad,perdut,0.087,1086.44,94.58,991.86,999,2025-12-01,perdut,baixa,televenda,,999,24.8,Client sense comprar des de fa 999 dies. Historial previ de 999 dies. Possible pèrdua de compte. Requereix trucada de reactivació.,,
1000077826,Valencia,Anestesia,perdut,1.0,2223.12,4783.57,0.0,133,2025-12-01,perdut,baixa,televenda,92.0,41,24.77,Client sense comprar des de fa 133 dies. Historial previ de 501 dies. Possible pèrdua de compte. Requereix trucada de reactivació.,,
1000082522,Madrid,Anestesia,perdut,1.0,2223.12,6479.78,0.0,290,2025-12-01,perdut,baixa,televenda,200.2,89,24.71,Client sense comprar des de fa 290 dies. Historial previ de 1291 dies. Possible pèrdua de compte. Requereix trucada de reactivació.,,
7735,Vizcaya,Bioseguridad,perdut,1.0,1086.44,3646.98,0.0,818,2025-12-01,perdut,baixa,televenda,429.0,389,24.63,Client sense comprar des de fa 818 dies. Historial previ de 1676 dies. Possible pèrdua de compte. Requereix trucada de reactivació.,,
37467,Sevilla,Bioseguridad,perdut,0.551,1086.44,598.12,488.32,655,2025-12-01,perdut,baixa,televenda,344.0,311,24.56,Client sense comprar des de fa 655 dies. Historial previ de 999 dies. Possible pèrdua de compte. Requereix trucada de reactivació.,,
1000100420,Vizcaya,Bioseguridad,perdut,0.879,1086.44,955.41,131.03,238,2025-12-01,perdut,baixa,televenda,125.0,113,24.55,Client sense comprar des de fa 238 dies. Historial previ de 363 dies. Possible pèrdua de compte. Requereix trucada de reactivació.,,
1000080738,Valladolid,Anestesia,perdut,1.0,2223.12,7946.11,0.0,262,2025-12-01,perdut,baixa,televenda,181.3,80,24.52,Client sense comprar des de fa 262 dies. Historial previ de 1350 dies. Possible pèrdua de compte. Requereix trucada de reactivació.,,
1116,Valencia,Bioseguridad,perdut,0.584,1667.34,973.9,693.44,822,2025-12-01,perdut,baixa,televenda,518.0,304,24.46,Client sense comprar des de fa 822 dies. Historial previ de 1340 dies. Possible pèrdua de compte. Requereix trucada de reactivació.,,
1000077080,A Coruña,Bioseguridad,perdut,0.1,1086.44,109.15,977.29,1342,2025-12-01,perdut,baixa,televenda,,1342,24.43,Client sense comprar des de fa 1342 dies. Historial previ de 1342 dies. Possible pèrdua de compte. Requereix trucada de reactivació.,,
1000100166,Murcia,Anestesia,perdut,1.0,2223.12,4060.64,0.0,171,2025-12-01,perdut,baixa,televenda,118.3,52,24.43,Client sense comprar des de fa 171 dies. Historial previ de 999 dies. Possible pèrdua de compte. Requereix trucada de reactivació.,,
1000078355,Barcelona,Bioseguridad,perdut,0.1,1086.44,109.15,977.29,1344,2025-12-01,perdut,baixa,televenda,,1344,24.43,Client sense comprar des de fa 1344 dies. Historial previ de 1344 dies. Possible pèrdua de compte. Requereix trucada de reactivació.,,
1000080194,Navarra,Anestesia,perdut,0.718,2223.12,1595.19,627.93,558,2025-12-01,perdut,baixa,televenda,387.3,170,24.39,Client sense comprar des de fa 558 dies. Historial previ de 1720 dies. Possible pèrdua de compte. Requereix trucada de reactivació.,,
19864,Granada,Bioseguridad,perdut,1.0,1086.44,8929.85,0.0,244,2025-12-01,perdut,baixa,televenda,128.1,115,24.39,Client sense comprar des de fa 244 dies. Historial previ de 1781 dies. Possible pèrdua de compte. Requereix trucada de reactivació.,,
1000077233,Madrid,Anestesia,perdut,1.0,1802.36,2467.6,0.0,397,2025-12-01,perdut,baixa,televenda,257.6,139,24.31,Client sense comprar des de fa 397 dies. Historial previ de 1685 dies. Possible pèrdua de compte. Requereix trucada de reactivació.,,
1000101184,Zaragoza,Bioseguridad,perdut,0.107,1086.44,115.74,970.7,419,2025-12-01,perdut,baixa,televenda,,419,24.27,Client sense comprar des de fa 419 dies. Historial previ de 419 dies. Possible pèrdua de compte. Requereix trucada de reactivació.,,
34853,Jaén,Anestesia,perdut,1.0,2223.12,4741.15,0.0,458,2025-12-01,perdut,baixa,televenda,318.5,139,24.26,Client sense comprar des de fa 458 dies. Historial previ de 1732 dies. Possible pèrdua de compte. Requereix trucada de reactivació.,,
1000100143,Pontevedra,Anestesia,perdut,0.943,1802.36,1700.28,102.08,263,2025-12-01,perdut,baixa,televenda,171.0,92,24.24,Client sense comprar des de fa 263 dies. Historial previ de 776 dies. Possible pèrdua de compte. Requereix trucada de reactivació.,,
1000100157,Valencia,Bioseguridad,perdut,0.108,1086.44,117.22,969.22,364,2025-12-01,perdut,baixa,televenda,,364,24.23,Client sense comprar des de fa 364 dies. Historial previ de 364 dies. Possible pèrdua de compte. Requereix trucada de reactivació.,,
1000100174,Madrid,Anestesia,perdut,0.558,3410.04,1903.11,1506.93,244,2025-12-01,perdut,baixa,televenda,190.0,54,24.23,Client sense comprar des de fa 244 dies. Historial previ de 1004 dies. Possible pèrdua de compte. Requereix trucada de reactivació.,,
14685,Almería,Bioseguridad,perdut,1.0,1086.44,6419.11,0.0,285,2025-12-01,perdut,baixa,televenda,150.3,134,24.22,Client sense comprar des de fa 285 dies. Historial previ de 1788 dies. Possible pèrdua de compte. Requereix trucada de reactivació.,,
2439,Sta.Cruz Tenerife,Bioseguridad,perdut,0.112,1086.44,121.27,965.17,1329,2025-12-01,perdut,baixa,televenda,,1329,24.13,Client sense comprar des de fa 1329 dies. Historial previ de 1329 dies. Possible pèrdua de compte. Requereix trucada de reactivació.,,
27694,Huelva,Bioseguridad,perdut,0.462,1667.34,770.29,897.05,355,2025-12-01,perdut,baixa,televenda,231.0,124,24.08,Client sense comprar des de fa 355 dies. Historial previ de 1510 dies. Possible pèrdua de compte. Requereix trucada de reactivació.,,
2813,Madrid,Bioseguridad,perdut,0.114,1086.44,123.68,962.76,1407,2025-12-01,perdut,baixa,televenda,,1407,24.07,Client sense comprar des de fa 1407 dies. Historial previ de 1407 dies. Possible pèrdua de compte. Requereix trucada de reactivació.,,
27172,Madrid,Bioseguridad,perdut,0.118,1086.44,128.61,957.83,956,2025-12-01,perdut,baixa,televenda,,956,23.95,Client sense comprar des de fa 956 dies. Historial previ de 956 dies. Possible pèrdua de compte. Requereix trucada de reactivació.,,
1000079214,Madrid,Bioseguridad,perdut,0.118,1086.44,128.61,957.83,1000,2025-12-01,perdut,baixa,televenda,,1000,23.95,Client sense comprar des de fa 1000 dies. Historial previ de 1000 dies. Possible pèrdua de compte. Requereix trucada de reactivació.,,
22193,Valencia,Bioseguridad,perdut,0.88,1086.44,956.54,129.9,712,2025-12-01,perdut,baixa,televenda,378.5,333,23.9,Client sense comprar des de fa 712 dies. Historial previ de 1469 dies. Possible pèrdua de compte. Requereix trucada de reactivació.,,
1000077109,Granada,Anestesia,perdut,1.0,2223.12,2634.01,0.0,444,2025-12-01,perdut,baixa,televenda,310.5,133,23.81,Client sense comprar des de fa 444 dies. Historial previ de 1686 dies. Possible pèrdua de compte. Requereix trucada de reactivació.,,
30607,Barcelona,Bioseguridad,perdut,0.432,1667.34,719.69,947.65,1693,2025-12-01,perdut,baixa,televenda,,1693,23.69,Client sense comprar des de fa 1693 dies. Historial previ de 1693 dies. Possible pèrdua de compte. Requereix trucada de reactivació.,,
1000070086,Las Palmas,Bioseguridad,perdut,0.432,1667.34,719.69,947.65,1532,2025-12-01,perdut,baixa,televenda,,1532,23.69,Client sense comprar des de fa 1532 dies. Historial previ de 1532 dies. Possible pèrdua de compte. Requereix trucada de reactivació.,,
1000065702,Madrid,Anestesia,perdut,1.0,5683.4,6744.89,0.0,273,2025-12-01,perdut,baixa,televenda,234.0,39,23.68,Client sense comprar des de fa 273 dies. Historial previ de 1677 dies. Possible pèrdua de compte. Requereix trucada de reactivació.,,
1000100410,Pontevedra,Bioseguridad,perdut,0.128,1086.44,139.13,947.31,299,2025-12-01,perdut,baixa,televenda,,299,23.68,Client sense comprar des de fa 299 dies. Historial previ de 299 dies. Possible pèrdua de compte. Requereix trucada de reactivació.,,
1000081438,Sta.Cruz Tenerife,Anestesia,perdut,0.669,2223.12,1488.02,735.1,717,2025-12-01,perdut,baixa,televenda,502.5,214,23.67,Client sense comprar des de fa 717 dies. Historial previ de 1722 dies. Possible pèrdua de compte. Requereix trucada de reactivació.,,
42867,Madrid,Anestesia,perdut,0.669,2223.12,1487.29,735.83,325,2025-12-01,perdut,baixa,televenda,228.0,97,23.65,Client sense comprar des de fa 325 dies. Historial previ de 553 dies. Possible pèrdua de compte. Requereix trucada de reactivació.,,
9253,Barcelona,Anestesia,perdut,1.0,1802.36,5663.55,0.0,454,2025-12-01,perdut,baixa,televenda,297.2,156,23.65,Client sense comprar des de fa 454 dies. Historial previ de 1643 dies. Possible pèrdua de compte. Requereix trucada de reactivació.,,
1000100497,Madrid,Bioseguridad,perdut,1.0,1086.44,1184.1,0.0,299,2025-12-01,perdut,baixa,televenda,160.0,139,23.6,Client sense comprar des de fa 299 dies. Historial previ de 619 dies. Possible pèrdua de compte. Requereix trucada de reactivació.,,
1000101787,Murcia,Bioseguridad,promiscu,0.638,1086.44,693.47,392.97,-28,2025-12-01,finestra_captura,mitjana,delegat,150.5,0,23.58,Client PROMISCU d'Bioseguridad en FINESTRA DE CAPTURA. Cicle: 150 dies. Share: 64%. Gap: 393€/any. Moment òptim per contactar.,0.0,2026-05-28
1000081975,Murcia,Bioseguridad,perdut,1.0,1086.44,1542.24,0.0,448,2025-12-01,perdut,baixa,televenda,239.7,208,23.57,Client sense comprar des de fa 448 dies. Historial previ de 1167 dies. Possible pèrdua de compte. Requereix trucada de reactivació.,,
1000069334,Alicante,Bioseguridad,perdut,0.133,1086.44,144.09,942.35,1600,2025-12-01,perdut,baixa,televenda,,1600,23.56,Client sense comprar des de fa 1600 dies. Historial previ de 1600 dies. Possible pèrdua de compte. Requereix trucada de reactivació.,,
1000076691,Barcelona,Bioseguridad,perdut,0.133,1086.44,144.09,942.35,1447,2025-12-01,perdut,baixa,televenda,,1447,23.56,Client sense comprar des de fa 1447 dies. Historial previ de 1447 dies. Possible pèrdua de compte. Requereix trucada de reactivació.,,
33731,Madrid,Bioseguridad,perdut,0.958,2778.9,2663.35,115.55,308,2025-12-01,perdut,baixa,televenda,230.0,78,23.56,Client sense comprar des de fa 308 dies. Historial previ de 998 dies. Possible pèrdua de compte. Requereix trucada de reactivació.,,
1000081242,Málaga,Anestesia,perdut,1.0,1802.36,3156.86,0.0,353,2025-12-01,perdut,baixa,televenda,231.7,121,23.53,Client sense comprar des de fa 353 dies. Historial previ de 1743 dies. Possible pèrdua de compte. Requereix trucada de reactivació.,,
25602,Valencia,Bioseguridad,perdut,0.134,1086.44,145.51,940.93,1350,2025-12-01,perdut,baixa,televenda,,1350,23.52,Client sense comprar des de fa 1350 dies. Historial previ de 1350 dies. Possible pèrdua de compte. Requereix trucada de reactivació.,,
1000080082,Murcia,Bioseguridad,perdut,0.134,1086.44,145.51,940.93,1319,2025-12-01,perdut,baixa,televenda,,1319,23.52,Client sense comprar des de fa 1319 dies. Historial previ de 1319 dies. Possible pèrdua de compte. Requereix trucada de reactivació.,,
7880,Granada,Bioseguridad,perdut,0.134,1086.44,145.51,940.93,1186,2025-12-01,perdut,baixa,televenda,,1186,23.52,Client sense comprar des de fa 1186 dies. Historial previ de 1186 dies. Possible pèrdua de compte. Requereix trucada de reactivació.,,
6495,Burgos,Anestesia,perdut,1.0,2223.12,10387.79,0.0,367,2025-12-01,perdut,baixa,televenda,257.6,109,23.52,Client sense comprar des de fa 367 dies. Historial previ de 1655 dies. Possible pèrdua de compte. Requereix trucada de reactivació.,,
7304,Madrid,Bioseguridad,perdut,0.436,1667.34,726.85,940.49,1347,2025-12-01,perdut,baixa,televenda,,1347,23.51,Client sense comprar des de fa 1347 dies. Historial previ de 1347 dies. Possible pèrdua de compte. Requereix trucada de reactivació.,,
16737,Madrid,Bioseguridad,perdut,0.436,1667.34,726.85,940.49,1407,2025-12-01,perdut,baixa,televenda,,1407,23.51,Client sense comprar des de fa 1407 dies. Historial previ de 1407 dies. Possible pèrdua de compte. Requereix trucada de reactivació.,,
14296,Alicante,Bioseguridad,perdut,0.436,1667.34,727.22,940.12,1370,2025-12-01,perdut,baixa,televenda,,1370,23.5,Client sense comprar des de fa 1370 dies. Historial previ de 1370 dies. Possible pèrdua de compte. Requereix trucada de reactivació.,,
6832,Burgos,Bioseguridad,perdut,0.137,1086.44,149.06,937.38,234,2025-12-01,perdut,baixa,televenda,,234,23.43,Client sense comprar des de fa 234 dies. Historial previ de 234 dies. Possible pèrdua de compte. Requereix trucada de reactivació.,,
8849,Valladolid,Anestesia,perdut,1.0,4546.72,12141.1,0.0,123,2025-12-01,perdut,baixa,televenda,101.9,21,23.42,Client sense comprar des de fa 123 dies. Historial previ de 1754 dies. Possible pèrdua de compte. Requereix trucada de reactivació.,,
41671,Málaga,Bioseguridad,perdut,1.0,1086.44,2037.37,0.0,188,2025-12-01,perdut,baixa,televenda,101.0,87,23.4,Client sense comprar des de fa 188 dies. Historial previ de 592 dies. Possible pèrdua de compte. Requereix trucada de reactivació.,,
1000065497,Asturias,Bioseguridad,perdut,0.139,1086.44,151.16,935.28,735,2025-12-01,perdut,baixa,televenda,,735,23.38,Client sense comprar des de fa 735 dies. Historial previ de 735 dies. Possible pèrdua de compte. Requereix trucada de reactivació.,,
13739,Barcelona,Bioseguridad,perdut,0.139,1086.44,151.32,935.12,998,2025-12-01,perdut,baixa,televenda,,998,23.38,Client sense comprar des de fa 998 dies. Historial previ de 998 dies. Possible pèrdua de compte. Requereix trucada de reactivació.,,
1000100611,Madrid,Bioseguridad,perdut,0.859,1667.34,1432.12,235.22,273,2025-12-01,perdut,baixa,televenda,175.0,98,23.34,Client sense comprar des de fa 273 dies. Historial previ de 623 dies. Possible pèrdua de compte. Requereix trucada de reactivació.,,
11344,Barcelona,Bioseguridad,perdut,0.141,1086.44,153.11,933.33,1767,2025-12-01,perdut,baixa,televenda,,1767,23.33,Client sense comprar des de fa 1767 dies. Historial previ de 1767 dies. Possible pèrdua de compte. Requereix trucada de reactivació.,,
1000057942,Madrid,Bioseguridad,perdut,0.142,1086.44,154.33,932.11,676,2025-12-01,perdut,baixa,televenda,,676,23.3,Client sense comprar des de fa 676 dies. Historial previ de 676 dies. Possible pèrdua de compte. Requereix trucada de reactivació.,,
28828,A Coruña,Bioseguridad,perdut,0.142,1086.44,154.33,932.11,363,2025-12-01,perdut,baixa,televenda,,363,23.3,Client sense comprar des de fa 363 dies. Historial previ de 363 dies. Possible pèrdua de compte. Requereix trucada de reactivació.,,
22615,Valencia,Bioseguridad,perdut,0.71,1086.44,771.68,314.76,412,2025-12-01,perdut,baixa,televenda,222.0,190,23.25,Client sense comprar des de fa 412 dies. Historial previ de 634 dies. Possible pèrdua de compte. Requereix trucada de reactivació.,,
23159,Almería,Bioseguridad,perdut,1.0,1086.44,5544.86,0.0,159,2025-12-01,perdut,baixa,televenda,85.5,73,23.18,Client sense comprar des de fa 159 dies. Historial previ de 1784 dies. Possible pèrdua de compte. Requereix trucada de reactivació.,,
1000079345,Almería,Anestesia,perdut,0.64,2223.12,1423.56,799.56,626,2025-12-01,perdut,baixa,televenda,443.0,183,22.96,Client sense comprar des de fa 626 dies. Historial previ de 1512 dies. Possible pèrdua de compte. Requereix trucada de reactivació.,,
1000057515,Alicante,Anestesia,perdut,1.0,3410.04,8041.75,0.0,307,2025-12-01,perdut,baixa,televenda,241.7,65,22.93,Client sense comprar des de fa 307 dies. Historial previ de 1757 dies. Possible pèrdua de compte. Requereix trucada de reactivació.,,
1000073587,Valencia,Anestesia,perdut,1.0,3410.04,6854.34,0.0,147,2025-12-01,perdut,baixa,televenda,115.6,31,22.87,Client sense comprar des de fa 147 dies. Historial previ de 1765 dies. Possible pèrdua de compte. Requereix trucada de reactivació.,,
31111,Madrid,Bioseguridad,perdut,1.0,1667.34,2891.3,0.0,235,2025-12-01,perdut,baixa,televenda,151.8,83,22.79,Client sense comprar des de fa 235 dies. Historial previ de 1753 dies. Possible pèrdua de compte. Requereix trucada de reactivació.,,
42504,Cáceres,Bioseguridad,perdut,0.454,1667.34,756.24,911.1,997,2025-12-01,perdut,baixa,televenda,,997,22.78,Client sense comprar des de fa 997 dies. Historial previ de 997 dies. Possible pèrdua de compte. Requereix trucada de reactivació.,,
1000080471,Las Palmas,Bioseguridad,perdut,0.166,1086.44,180.11,906.33,1748,2025-12-01,perdut,baixa,televenda,,1748,22.66,Client sense comprar des de fa 1748 dies. Historial previ de 1748 dies. Possible pèrdua de compte. Requereix trucada de reactivació.,,
1000044594,Madrid,Bioseguridad,perdut,0.166,1086.44,180.11,906.33,1756,2025-12-01,perdut,baixa,televenda,,1756,22.66,Client sense comprar des de fa 1756 dies. Historial previ de 1756 dies. Possible pèrdua de compte. Requereix trucada de reactivació.,,
27465,Madrid,Bioseguridad,perdut,0.599,1086.44,650.95,435.49,1118,2025-12-01,perdut,baixa,televenda,610.0,508,22.62,Client sense comprar des de fa 1118 dies. Historial previ de 1728 dies. Possible pèrdua de compte. Requereix trucada de reactivació.,,
22282,Madrid,Bioseguridad,perdut,0.167,1086.44,181.71,904.73,1141,2025-12-01,perdut,baixa,televenda,,1141,22.62,Client sense comprar des de fa 1141 dies. Historial previ de 1141 dies. Possible pèrdua de compte. Requereix trucada de reactivació.,,
41670,Pontevedra,Bioseguridad,perdut,0.167,1086.44,181.71,904.73,1095,2025-12-01,perdut,baixa,televenda,,1095,22.62,Client sense comprar des de fa 1095 dies. Historial previ de 1095 dies. Possible pèrdua de compte. Requereix trucada de reactivació.,,
1000042039,Asturias,Bioseguridad,perdut,0.167,1086.44,181.71,904.73,1103,2025-12-01,perdut,baixa,televenda,,1103,22.62,Client sense comprar des de fa 1103 dies. Historial previ de 1103 dies. Possible pèrdua de compte. Requereix trucada de reactivació.,,
1000079373,Madrid,Bioseguridad,perdut,0.167,1086.44,181.9,904.54,1246,2025-12-01,perdut,baixa,televenda,,1246,22.61,Client sense comprar des de fa 1246 dies. Historial previ de 1246 dies. Possible pèrdua de compte. Requereix trucada de reactivació.,,
36601,Madrid,Bioseguridad,perdut,0.167,1086.44,181.9,904.54,1253,2025-12-01,perdut,baixa,televenda,,1253,22.61,Client sense comprar des de fa 1253 dies. Historial previ de 1253 dies. Possible pèrdua de compte. Requereix trucada de reactivació.,,
11402,Asturias,Anestesia,perdut,1.0,4546.72,5055.08,0.0,146,2025-12-01,perdut,baixa,televenda,121.2,24,22.52,Client sense comprar des de fa 146 dies. Historial previ de 1721 dies. Possible pèrdua de compte. Requereix trucada de reactivació.,,
1000058223,Sta.Cruz Tenerife,Bioseguridad,perdut,1.0,1667.34,3868.28,0.0,286,2025-12-01,perdut,baixa,televenda,185.2,100,22.5,Client sense comprar des de fa 286 dies. Historial previ de 1768 dies. Possible pèrdua de compte. Requereix trucada de reactivació.,,
1000100169,Sevilla,Anestesia,perdut,1.0,3410.04,4642.91,0.0,298,2025-12-01,perdut,baixa,televenda,235.3,62,22.46,Client sense comprar des de fa 298 dies. Historial previ de 1004 dies. Possible pèrdua de compte. Requereix trucada de reactivació.,,
1000060562,Murcia,Bioseguridad,perdut,0.174,1086.44,188.97,897.47,910,2025-12-01,perdut,baixa,televenda,,910,22.44,Client sense comprar des de fa 910 dies. Historial previ de 910 dies. Possible pèrdua de compte. Requereix trucada de reactivació.,,
1000081326,Valencia,Bioseguridad,perdut,0.174,1086.44,188.97,897.47,741,2025-12-01,perdut,baixa,televenda,,741,22.44,Client sense comprar des de fa 741 dies. Historial previ de 741 dies. Possible pèrdua de compte. Requereix trucada de reactivació.,,
1000075521,Jaén,Anestesia,perdut,1.0,2223.12,3037.6,0.0,311,2025-12-01,perdut,baixa,televenda,221.2,89,22.37,Client sense comprar des de fa 311 dies. Historial previ de 1638 dies. Possible pèrdua de compte. Requereix trucada de reactivació.,,
8896,Madrid,Bioseguridad,perdut,0.178,1086.44,192.92,893.52,385,2025-12-01,perdut,baixa,televenda,,385,22.34,Client sense comprar des de fa 385 dies. Historial previ de 385 dies. Possible pèrdua de compte. Requereix trucada de reactivació.,,
1000081992,Barcelona,Bioseguridad,perdut,0.178,1086.44,192.92,893.52,357,2025-12-01,perdut,baixa,televenda,,357,22.34,Client sense comprar des de fa 357 dies. Historial previ de 357 dies. Possible pèrdua de compte. Requereix trucada de reactivació.,,
16779,Madrid,Bioseguridad,perdut,0.181,1086.44,196.6,889.84,663,2025-12-01,perdut,baixa,televenda,,663,22.25,Client sense comprar des de fa 663 dies. Historial previ de 663 dies. Possible pèrdua de compte. Requereix trucada de reactivació.,,
4753,Madrid,Bioseguridad,perdut,1.0,1667.34,2861.25,0.0,363,2025-12-01,perdut,baixa,televenda,236.5,126,22.21,Client sense comprar des de fa 363 dies. Historial previ de 1782 dies. Possible pèrdua de compte. Requereix trucada de reactivació.,,
1000078303,Cantabria,Bioseguridad,perdut,0.183,1086.44,198.76,887.68,294,2025-12-01,perdut,baixa,televenda,,294,22.19,Client sense comprar des de fa 294 dies. Historial previ de 294 dies. Possible pèrdua de compte. Requereix trucada de reactivació.,,
290,Tarragona,Anestesia,perdut,0.954,3410.04,3252.17,157.87,185,2025-12-01,perdut,baixa,televenda,146.3,38,22.14,Client sense comprar des de fa 185 dies. Historial previ de 1648 dies. Possible pèrdua de compte. Requereix trucada de reactivació.,,
1000056820,Madrid,Bioseguridad,perdut,0.186,1086.44,202.53,883.91,280,2025-12-01,perdut,baixa,televenda,,280,22.1,Client sense comprar des de fa 280 dies. Historial previ de 280 dies. Possible pèrdua de compte. Requereix trucada de reactivació.,,
1000078785,Madrid,Anestesia,perdut,1.0,2223.12,3285.91,0.0,364,2025-12-01,perdut,baixa,televenda,260.2,103,22.0,Client sense comprar des de fa 364 dies. Historial previ de 1405 dies. Possible pèrdua de compte. Requereix trucada de reactivació.,,
1000079052,Pontevedra,Bioseguridad,perdut,1.0,879.2,2464.5,0.0,1155,2025-12-01,perdut,baixa,televenda,92.8,1062,21.98,Client sense comprar des de fa 1155 dies. Historial previ de 1526 dies. Possible pèrdua de compte. Requereix trucada de reactivació.,,
8619,Zamora,Bioseguridad,perdut,1.0,879.2,972.08,0.0,1692,2025-12-01,perdut,baixa,televenda,35.0,1657,21.98,Client sense comprar des de fa 1692 dies. Historial previ de 1727 dies. Possible pèrdua de compte. Requereix trucada de reactivació.,,
25972,Toledo,Bioseguridad,perdut,1.0,879.2,1610.72,0.0,990,2025-12-01,perdut,baixa,televenda,133.2,856,21.98,Client sense comprar des de fa 990 dies. Historial previ de 1523 dies. Possible pèrdua de compte. Requereix trucada de reactivació.,,
1000080065,Castellón,Bioseguridad,perdut,1.0,879.2,2528.32,0.0,1350,2025-12-01,perdut,baixa,televenda,158.0,1192,21.98,Client sense comprar des de fa 1350 dies. Historial previ de 1666 dies. Possible pèrdua de compte. Requereix trucada de reactivació.,,
28305,Madrid,Bioseguridad,perdut,1.0,879.2,1170.15,0.0,1470,2025-12-01,perdut,baixa,televenda,13.2,1456,21.98,Client sense comprar des de fa 1470 dies. Historial previ de 1523 dies. Possible pèrdua de compte. Requereix trucada de reactivació.,,
1000100397,Madrid,Bioseguridad,perdut,1.0,879.2,1917.83,0.0,416,2025-12-01,perdut,baixa,televenda,133.3,282,21.98,Client sense comprar des de fa 416 dies. Historial previ de 816 dies. Possible pèrdua de compte. Requereix trucada de reactivació.,,
1000080939,Madrid,Bioseguridad,perdut,1.0,879.2,2924.68,0.0,1011,2025-12-01,perdut,baixa,televenda,186.2,824,21.98,Client sense comprar des de fa 1011 dies. Historial previ de 1756 dies. Possible pèrdua de compte. Requereix trucada de reactivació.,,
1000066989,Madrid,Bioseguridad,perdut,1.0,879.2,1174.11,0.0,1347,2025-12-01,perdut,baixa,televenda,127.0,1220,21.98,Client sense comprar des de fa 1347 dies. Historial previ de 1728 dies. Possible pèrdua de compte. Requereix trucada de reactivació.,,
35481,Zamora,Bioseguridad,perdut,1.0,879.2,1521.2,0.0,1056,2025-12-01,perdut,baixa,televenda,178.5,877,21.98,Client sense comprar des de fa 1056 dies. Historial previ de 1770 dies. Possible pèrdua de compte. Requereix trucada de reactivació.,,
1000080243,Madrid,Bioseguridad,perdut,0.654,879.2,574.99,304.21,1015,2025-12-01,perdut,baixa,televenda,138.0,877,21.98,Client sense comprar des de fa 1015 dies. Historial previ de 1153 dies. Possible pèrdua de compte. Requereix trucada de reactivació.,,
1000041983,Madrid,Bioseguridad,perdut,0.542,879.2,476.4,402.8,676,2025-12-01,perdut,baixa,televenda,213.0,463,21.98,Client sense comprar des de fa 676 dies. Historial previ de 889 dies. Possible pèrdua de compte. Requereix trucada de reactivació.,,
1000078897,Alicante,Bioseguridad,perdut,0.852,879.2,748.79,130.41,864,2025-12-01,perdut,baixa,televenda,233.0,631,21.98,Client sense comprar des de fa 864 dies. Historial previ de 1097 dies. Possible pèrdua de compte. Requereix trucada de reactivació.,,
667,Toledo,Bioseguridad,perdut,1.0,879.2,1319.04,0.0,1273,2025-12-01,perdut,baixa,televenda,234.5,1038,21.98,Client sense comprar des de fa 1273 dies. Historial previ de 1742 dies. Possible pèrdua de compte. Requereix trucada de reactivació.,,
13444,Barcelona,Bioseguridad,perdut,0.578,879.2,508.31,370.89,745,2025-12-01,perdut,baixa,televenda,117.0,628,21.98,Client sense comprar des de fa 745 dies. Historial previ de 1096 dies. Possible pèrdua de compte. Requereix trucada de reactivació.,,
1000077814,Madrid,Bioseguridad,perdut,0.613,879.2,538.79,340.41,768,2025-12-01,perdut,baixa,televenda,246.0,522,21.98,Client sense comprar des de fa 768 dies. Historial previ de 1260 dies. Possible pèrdua de compte. Requereix trucada de reactivació.,,
827,Valencia,Bioseguridad,perdut,0.559,879.2,491.79,387.41,693,2025-12-01,perdut,baixa,televenda,39.0,654,21.98,Client sense comprar des de fa 693 dies. Historial previ de 732 dies. Possible pèrdua de compte. Requereix trucada de reactivació.,,
1000076619,Asturias,Bioseguridad,perdut,1.0,879.2,944.88,0.0,1090,2025-12-01,perdut,baixa,televenda,140.0,950,21.98,Client sense comprar des de fa 1090 dies. Historial previ de 1370 dies. Possible pèrdua de compte. Requereix trucada de reactivació.,,
10793,Zaragoza,Bioseguridad,perdut,1.0,879.2,1707.25,0.0,859,2025-12-01,perdut,baixa,televenda,296.3,562,21.98,Client sense comprar des de fa 859 dies. Historial previ de 1748 dies. Possible pèrdua de compte. Requereix trucada de reactivació.,,
21374,Madrid,Bioseguridad,perdut,1.0,879.2,3508.28,0.0,242,2025-12-01,perdut,baixa,televenda,118.1,123,21.98,Client sense comprar des de fa 242 dies. Historial previ de 1305 dies. Possible pèrdua de compte. Requereix trucada de reactivació.,,
1000061641,Valladolid,Bioseguridad,perdut,1.0,879.2,2169.94,0.0,1083,2025-12-01,perdut,baixa,televenda,217.7,865,21.98,Client sense comprar des de fa 1083 dies. Historial previ de 1736 dies. Possible pèrdua de compte. Requereix trucada de reactivació.,,
39287,Madrid,Bioseguridad,perdut,1.0,879.2,2678.9,0.0,643,2025-12-01,perdut,baixa,televenda,174.5,468,21.98,Client sense comprar des de fa 643 dies. Historial previ de 1690 dies. Possible pèrdua de compte. Requereix trucada de reactivació.,,
1000082022,Madrid,Bioseguridad,perdut,0.0,879.2,0.0,879.2,1721,2025-12-01,perdut,baixa,televenda,,1721,21.98,Client sense comprar des de fa 1721 dies. Historial previ de 1721 dies. Possible pèrdua de compte. Requereix trucada de reactivació.,,
16680,Madrid,Bioseguridad,perdut,1.0,879.2,1940.99,0.0,532,2025-12-01,perdut,baixa,televenda,211.8,320,21.98,Client sense comprar des de fa 532 dies. Historial previ de 1379 dies. Possible pèrdua de compte. Requereix trucada de reactivació.,,
1000073407,Madrid,Bioseguridad,perdut,0.0,879.2,0.0,879.2,1649,2025-12-01,perdut,baixa,televenda,,1649,21.98,Client sense comprar des de fa 1649 dies. Historial previ de 1649 dies. Possible pèrdua de compte. Requereix trucada de reactivació.,,
33158,Madrid,Bioseguridad,perdut,1.0,879.2,900.18,0.0,1501,2025-12-01,perdut,baixa,televenda,199.0,1302,21.98,Client sense comprar des de fa 1501 dies. Historial previ de 1700 dies. Possible pèrdua de compte. Requereix trucada de reactivació.,,
1000067847,Murcia,Bioseguridad,perdut,1.0,879.2,946.01,0.0,684,2025-12-01,perdut,baixa,televenda,155.7,528,21.98,Client sense comprar des de fa 684 dies. Historial previ de 1151 dies. Possible pèrdua de compte. Requereix trucada de reactivació.,,
13219,Barcelona,Bioseguridad,perdut,1.0,879.2,3189.76,0.0,782,2025-12-01,perdut,baixa,televenda,151.7,630,21.98,Client sense comprar des de fa 782 dies. Historial previ de 1692 dies. Possible pèrdua de compte. Requereix trucada de reactivació.,,
1000082535,Lleida,Bioseguridad,perdut,1.0,879.2,1272.74,0.0,1044,2025-12-01,perdut,baixa,televenda,25.5,1018,21.98,Client sense comprar des de fa 1044 dies. Historial previ de 1095 dies. Possible pèrdua de compte. Requereix trucada de reactivació.,,
7410,Barcelona,Bioseguridad,perdut,1.0,879.2,2979.34,0.0,591,2025-12-01,perdut,baixa,televenda,166.0,425,21.98,Client sense comprar des de fa 591 dies. Historial previ de 1753 dies. Possible pèrdua de compte. Requereix trucada de reactivació.,,
4101,La Rioja,Bioseguridad,perdut,0.77,1667.34,1283.26,384.08,615,2025-12-01,perdut,baixa,televenda,402.5,212,21.96,Client sense comprar des de fa 615 dies. Historial previ de 1420 dies. Possible pèrdua de compte. Requereix trucada de reactivació.,,
1000101912,Guadalajara,Bioseguridad,promiscu,0.663,1086.44,720.82,365.62,54,2025-12-01,finestra_captura,mitjana,delegat,176.0,0,21.94,Client PROMISCU d'Bioseguridad en FINESTRA DE CAPTURA. Cicle: 176 dies. Share: 66%. Gap: 366€/any. Moment òptim per contactar.,0.0,2026-04-02
26282,Granada,Bioseguridad,perdut,0.201,1086.44,218.04,868.4,1344,2025-12-01,perdut,baixa,televenda,,1344,21.71,Client sense comprar des de fa 1344 dies. Historial previ de 1344 dies. Possible pèrdua de compte. Requereix trucada de reactivació.,,
3343,Málaga,Bioseguridad,perdut,0.201,1086.44,218.04,868.4,1085,2025-12-01,perdut,baixa,televenda,,1085,21.71,Client sense comprar des de fa 1085 dies. Historial previ de 1085 dies. Possible pèrdua de compte. Requereix trucada de reactivació.,,
29074,Almería,Anestesia,perdut,1.0,2223.12,2563.33,0.0,382,2025-12-01,perdut,baixa,televenda,275.0,107,21.62,Client sense comprar des de fa 382 dies. Historial previ de 1757 dies. Possible pèrdua de compte. Requereix trucada de reactivació.,,
5136,Jaén,Bioseguridad,perdut,0.509,1086.44,553.53,532.91,774,2025-12-01,perdut,baixa,televenda,431.0,343,21.62,Client sense comprar des de fa 774 dies. Historial previ de 1636 dies. Possible pèrdua de compte. Requereix trucada de reactivació.,,
100,Sevilla,Anestesia,perdut,1.0,2223.12,12802.86,0.0,194,2025-12-01,perdut,baixa,televenda,139.5,54,21.52,Client sense comprar des de fa 194 dies. Historial previ de 1728 dies. Possible pèrdua de compte. Requereix trucada de reactivació.,,
2771,Madrid,Anestesia,perdut,0.999,2223.12,2220.07,3.05,172,2025-12-01,perdut,baixa,televenda,124.0,48,21.51,Client sense comprar des de fa 172 dies. Historial previ de 420 dies. Possible pèrdua de compte. Requereix trucada de reactivació.,,
12897,Barcelona,Anestesia,perdut,1.0,2223.12,4590.73,0.0,215,2025-12-01,perdut,baixa,televenda,155.0,60,21.51,Client sense comprar des de fa 215 dies. Historial previ de 1455 dies. Possible pèrdua de compte. Requereix trucada de reactivació.,,
1000100006,Zaragoza,Bioseguridad,perdut,1.0,1086.44,3680.35,0.0,229,2025-12-01,perdut,baixa,televenda,127.6,101,21.5,Client sense comprar des de fa 229 dies. Historial previ de 1505 dies. Possible pèrdua de compte. Requereix trucada de reactivació.,,
1000100015,Zaragoza,Bioseguridad,perdut,0.209,1086.44,226.99,859.45,985,2025-12-01,perdut,baixa,televenda,,985,21.49,Client sense comprar des de fa 985 dies. Historial previ de 985 dies. Possible pèrdua de compte. Requereix trucada de reactivació.,,
1169,Valencia,Bioseguridad,perdut,0.209,1086.44,226.77,859.67,734,2025-12-01,perdut,baixa,televenda,,734,21.49,Client sense comprar des de fa 734 dies. Historial previ de 734 dies. Possible pèrdua de compte. Requereix trucada de reactivació.,,
7497,A Coruña,Bioseguridad,perdut,0.209,1086.44,226.77,859.67,908,2025-12-01,perdut,baixa,televenda,,908,21.49,Client sense comprar des de fa 908 dies. Historial previ de 908 dies. Possible pèrdua de compte. Requereix trucada de reactivació.,,
1000100055,Teruel,Bioseguridad,perdut,0.209,1086.44,226.77,859.67,796,2025-12-01,perdut,baixa,televenda,,796,21.49,Client sense comprar des de fa 796 dies. Historial previ de 796 dies. Possible pèrdua de compte. Requereix trucada de reactivació.,,
13444,Barcelona,Anestesia,perdut,1.0,1802.36,2358.01,0.0,577,2025-12-01,perdut,baixa,televenda,390.3,186,21.47,Client sense comprar des de fa 577 dies. Historial previ de 1748 dies. Possible pèrdua de compte. Requereix trucada de reactivació.,,
1000079403,Madrid,Anestesia,perdut,0.058,4546.72,261.63,4285.09,515,2025-12-01,perdut,baixa,televenda,1094.0,0,21.43,Client sense comprar des de fa 515 dies. Historial previ de 1609 dies. Possible pèrdua de compte. Requereix trucada de reactivació.,,
25651,Alicante,Anestesia,perdut,1.0,2223.12,3616.18,0.0,425,2025-12-01,perdut,baixa,televenda,306.3,118,21.41,Client sense comprar des de fa 425 dies. Historial previ de 1344 dies. Possible pèrdua de compte. Requereix trucada de reactivació.,,
2432,Sta.Cruz Tenerife,Bioseguridad,perdut,1.0,879.2,4290.43,0.0,294,2025-12-01,perdut,baixa,televenda,149.0,145,21.39,Client sense comprar des de fa 294 dies. Historial previ de 1784 dies. Possible pèrdua de compte. Requereix trucada de reactivació.,,
1000069082,Zamora,Anestesia,perdut,1.0,4546.72,6743.82,0.0,139,2025-12-01,perdut,baixa,televenda,117.0,22,21.37,Client sense comprar des de fa 139 dies. Historial previ de 1777 dies. Possible pèrdua de compte. Requereix trucada de reactivació.,,
41813,Tarragona,Anestesia,perdut,1.0,1802.36,3854.36,0.0,199,2025-12-01,perdut,baixa,televenda,135.0,64,21.36,Client sense comprar des de fa 199 dies. Historial previ de 1684 dies. Possible pèrdua de compte. Requereix trucada de reactivació.,,
1641,Navarra,Bioseguridad,perdut,1.0,1086.44,3542.28,0.0,273,2025-12-01,perdut,baixa,televenda,152.9,120,21.32,Client sense comprar des de fa 273 dies. Historial previ de 1649 dies. Possible pèrdua de compte. Requereix trucada de reactivació.,,
22291,A Coruña,Anestesia,perdut,0.639,2223.12,1420.55,802.57,523,2025-12-01,perdut,baixa,televenda,378.0,145,21.32,Client sense comprar des de fa 523 dies. Historial previ de 1657 dies. Possible pèrdua de compte. Requereix trucada de reactivació.,,
2143,Pontevedra,Bioseguridad,perdut,1.0,1086.44,1874.7,0.0,544,2025-12-01,perdut,baixa,televenda,304.8,239,21.3,Client sense comprar des de fa 544 dies. Historial previ de 1763 dies. Possible pèrdua de compte. Requereix trucada de reactivació.,,
1000079001,A Coruña,Bioseguridad,perdut,0.872,1667.34,1453.65,213.69,480,2025-12-01,perdut,baixa,televenda,317.5,162,21.27,Client sense comprar des de fa 480 dies. Historial previ de 1750 dies. Possible pèrdua de compte. Requereix trucada de reactivació.,,
1000100020,Zaragoza,Bioseguridad,perdut,0.217,1086.44,235.91,850.53,460,2025-12-01,perdut,baixa,televenda,,460,21.26,Client sense comprar des de fa 460 dies. Historial previ de 460 dies. Possible pèrdua de compte. Requereix trucada de reactivació.,,
1000070274,Barcelona,Anestesia,perdut,1.0,3410.04,8711.65,0.0,196,2025-12-01,perdut,baixa,televenda,156.5,39,21.24,Client sense comprar des de fa 196 dies. Historial previ de 1761 dies. Possible pèrdua de compte. Requereix trucada de reactivació.,,
1000037704,Madrid,Anestesia,perdut,1.0,1802.36,4669.32,0.0,391,2025-12-01,perdut,baixa,televenda,265.6,125,21.21,Client sense comprar des de fa 391 dies. Historial previ de 1719 dies. Possible pèrdua de compte. Requereix trucada de reactivació.,,
1000079040,Sta.Cruz Tenerife,Anestesia,perdut,1.0,2223.12,5223.14,0.0,356,2025-12-01,perdut,baixa,televenda,257.2,98,21.18,Client sense comprar des de fa 356 dies. Historial previ de 1642 dies. Possible pèrdua de compte. Requereix trucada de reactivació.,,
1000079762,Asturias,Bioseguridad,perdut,0.224,1086.44,243.04,843.4,262,2025-12-01,perdut,baixa,televenda,,262,21.09,Client sense comprar des de fa 262 dies. Historial previ de 262 dies. Possible pèrdua de compte. Requereix trucada de reactivació.,,
1000078817,Valladolid,Bioseguridad,perdut,0.819,1086.44,890.31,196.13,854,2025-12-01,perdut,baixa,televenda,481.0,373,21.06,Client sense comprar des de fa 854 dies. Historial previ de 1335 dies. Possible pèrdua de compte. Requereix trucada de reactivació.,,
1000081623,Valencia,Bioseguridad,perdut,0.226,1086.44,245.64,840.8,858,2025-12-01,perdut,baixa,televenda,,858,21.02,Client sense comprar des de fa 858 dies. Historial previ de 858 dies. Possible pèrdua de compte. Requereix trucada de reactivació.,,
25950,Girona,Anestesia,perdut,1.0,2223.12,4309.72,0.0,277,2025-12-01,perdut,baixa,televenda,201.0,76,21.01,Client sense comprar des de fa 277 dies. Historial previ de 1483 dies. Possible pèrdua de compte. Requereix trucada de reactivació.,,
10927,Vizcaya,Bioseguridad,perdut,1.0,2223.12,18133.21,0.0,165,2025-12-01,perdut,baixa,televenda,119.7,45,20.9,Client sense comprar des de fa 165 dies. Historial previ de 1721 dies. Possible pèrdua de compte. Requereix trucada de reactivació.,,
1000100198,Sevilla,Anestesia,perdut,0.854,2223.12,1899.52,323.6,399,2025-12-01,perdut,baixa,televenda,290.0,109,20.89,Client sense comprar des de fa 399 dies. Historial previ de 979 dies. Possible pèrdua de compte. Requereix trucada de reactivació.,,
12070,A Coruña,Anestesia,perdut,0.467,3410.04,1592.58,1817.46,348,2025-12-01,perdut,baixa,televenda,282.8,65,20.89,Client sense comprar des de fa 348 dies. Historial previ de 1762 dies. Possible pèrdua de compte. Requereix trucada de reactivació.,,
8104,Murcia,Bioseguridad,perdut,1.0,1086.44,1490.99,0.0,362,2025-12-01,perdut,baixa,televenda,204.1,157,20.89,Client sense comprar des de fa 362 dies. Historial previ de 1791 dies. Possible pèrdua de compte. Requereix trucada de reactivació.,,
29437,Granada,Bioseguridad,perdut,1.0,1667.34,6762.3,0.0,201,2025-12-01,perdut,baixa,televenda,133.7,67,20.88,Client sense comprar des de fa 201 dies. Historial previ de 1672 dies. Possible pèrdua de compte. Requereix trucada de reactivació.,,
26789,Barcelona,Bioseguridad,perdut,0.232,1086.44,252.14,834.3,1739,2025-12-01,perdut,baixa,televenda,,1739,20.86,Client sense comprar des de fa 1739 dies. Historial previ de 1739 dies. Possible pèrdua de compte. Requereix trucada de reactivació.,,
7941,Madrid,Bioseguridad,perdut,0.232,1086.44,251.89,834.55,1719,2025-12-01,perdut,baixa,televenda,,1719,20.86,Client sense comprar des de fa 1719 dies. Historial previ de 1719 dies. Possible pèrdua de compte. Requereix trucada de reactivació.,,
1000081598,Valencia,Bioseguridad,perdut,0.566,1667.34,943.66,723.68,685,2025-12-01,perdut,baixa,televenda,,685,20.84,Client sense comprar des de fa 685 dies. Historial previ de 685 dies. Possible pèrdua de compte. Requereix trucada de reactivació.,,
21992,Sevilla,Bioseguridad,perdut,0.647,1667.34,1079.53,587.81,1711,2025-12-01,perdut,baixa,televenda,,1711,20.84,Client sense comprar des de fa 1711 dies. Historial previ de 1711 dies. Possible pèrdua de compte. Requereix trucada de reactivació.,,
17685,Sevilla,Bioseguridad,perdut,0.661,1667.34,1101.76,565.58,314,2025-12-01,perdut,baixa,televenda,,314,20.84,Client sense comprar des de fa 314 dies. Historial previ de 314 dies. Possible pèrdua de compte. Requereix trucada de reactivació.,,
31524,León,Bioseguridad,perdut,0.604,1667.34,1007.56,659.78,1466,2025-12-01,perdut,baixa,televenda,,1466,20.84,Client sense comprar des de fa 1466 dies. Historial previ de 1466 dies. Possible pèrdua de compte. Requereix trucada de reactivació.,,
10285,Burgos,Bioseguridad,perdut,0.566,1667.34,943.66,723.68,619,2025-12-01,perdut,baixa,televenda,,619,20.84,Client sense comprar des de fa 619 dies. Historial previ de 619 dies. Possible pèrdua de compte. Requereix trucada de reactivació.,,
29827,Madrid,Anestesia,perdut,1.0,2223.12,3560.35,0.0,452,2025-12-01,perdut,baixa,televenda,328.2,123,20.83,Client sense comprar des de fa 452 dies. Historial previ de 1765 dies. Possible pèrdua de compte. Requereix trucada de reactivació.,,
5769,Murcia,Bioseguridad,perdut,1.0,1086.44,4444.71,0.0,452,2025-12-01,perdut,baixa,televenda,255.8,196,20.82,Client sense comprar des de fa 452 dies. Historial previ de 1475 dies. Possible pèrdua de compte. Requereix trucada de reactivació.,,
1000100640,Murcia,Bioseguridad,perdut,0.595,1086.44,646.18,440.26,424,2025-12-01,perdut,baixa,televenda,240.0,184,20.82,Client sense comprar des de fa 424 dies. Historial previ de 664 dies. Possible pèrdua de compte. Requereix trucada de reactivació.,,
1000080797,Albacete,Anestesia,perdut,1.0,2223.12,9852.29,0.0,276,2025-12-01,perdut,baixa,televenda,200.3,75,20.81,Client sense comprar des de fa 276 dies. Historial previ de 1678 dies. Possible pèrdua de compte. Requereix trucada de reactivació.,,
40613,Granada,Bioseguridad,perdut,0.234,1086.44,254.4,832.04,1316,2025-12-01,perdut,baixa,televenda,,1316,20.8,Client sense comprar des de fa 1316 dies. Historial previ de 1316 dies. Possible pèrdua de compte. Requereix trucada de reactivació.,,
4012,Lugo,Anestesia,perdut,1.0,2223.12,4953.03,0.0,258,2025-12-01,perdut,baixa,televenda,187.2,70,20.78,Client sense comprar des de fa 258 dies. Historial previ de 1756 dies. Possible pèrdua de compte. Requereix trucada de reactivació.,,
20179,Madrid,Anestesia,perdut,0.091,4546.72,413.26,4133.46,178,2025-12-01,perdut,baixa,televenda,758.0,0,20.67,Client sense comprar des de fa 178 dies. Historial previ de 936 dies. Possible pèrdua de compte. Requereix trucada de reactivació.,,
11736,Ciudad Real,Anestesia,perdut,1.0,2223.12,3707.34,0.0,509,2025-12-01,perdut,baixa,televenda,371.0,138,20.67,Client sense comprar des de fa 509 dies. Historial previ de 1622 dies. Possible pèrdua de compte. Requereix trucada de reactivació.,,
17964,Sevilla,Anestesia,perdut,0.407,2223.12,904.6,1318.52,685,2025-12-01,perdut,baixa,televenda,522.0,163,20.59,Client sense comprar des de fa 685 dies. Historial previ de 1729 dies. Possible pèrdua de compte. Requereix trucada de reactivació.,,
42543,Málaga,Bioseguridad,perdut,0.244,1086.44,264.83,821.61,941,2025-12-01,perdut,baixa,televenda,,941,20.54,Client sense comprar des de fa 941 dies. Historial previ de 941 dies. Possible pèrdua de compte. Requereix trucada de reactivació.,,
1000080873,Badajoz,Bioseguridad,perdut,0.247,1086.44,268.78,817.66,257,2025-12-01,perdut,baixa,televenda,,257,20.44,Client sense comprar des de fa 257 dies. Historial previ de 257 dies. Possible pèrdua de compte. Requereix trucada de reactivació.,,
1000064355,Granada,Bioseguridad,perdut,0.248,1086.44,269.98,816.46,1517,2025-12-01,perdut,baixa,televenda,,1517,20.41,Client sense comprar des de fa 1517 dies. Historial previ de 1517 dies. Possible pèrdua de compte. Requereix trucada de reactivació.,,
33006,Jaén,Bioseguridad,perdut,0.248,1086.44,269.98,816.46,1651,2025-12-01,perdut,baixa,televenda,,1651,20.41,Client sense comprar des de fa 1651 dies. Historial previ de 1651 dies. Possible pèrdua de compte. Requereix trucada de reactivació.,,
1000081748,Girona,Bioseguridad,perdut,0.248,1086.44,269.88,816.56,1482,2025-12-01,perdut,baixa,televenda,,1482,20.41,Client sense comprar des de fa 1482 dies. Historial previ de 1482 dies. Possible pèrdua de compte. Requereix trucada de reactivació.,,
1000065217,Granada,Bioseguridad,perdut,0.248,1086.44,269.98,816.46,1531,2025-12-01,perdut,baixa,televenda,,1531,20.41,Client sense comprar des de fa 1531 dies. Historial previ de 1531 dies. Possible pèrdua de compte. Requereix trucada de reactivació.,,
1000079994,Almería,Bioseguridad,perdut,0.248,1086.44,269.98,816.46,1448,2025-12-01,perdut,baixa,televenda,,1448,20.41,Client sense comprar des de fa 1448 dies. Historial previ de 1448 dies. Possible pèrdua de compte. Requereix trucada de reactivació.,,
23088,Granada,Bioseguridad,perdut,0.248,1086.44,269.98,816.46,1680,2025-12-01,perdut,baixa,televenda,,1680,20.41,Client sense comprar des de fa 1680 dies. Historial previ de 1680 dies. Possible pèrdua de compte. Requereix trucada de reactivació.,,
1000078324,Albacete,Bioseguridad,perdut,0.248,1086.44,269.98,816.46,1498,2025-12-01,perdut,baixa,televenda,,1498,20.41,Client sense comprar des de fa 1498 dies. Historial previ de 1498 dies. Possible pèrdua de compte. Requereix trucada de reactivació.,,
29074,Almería,Bioseguridad,perdut,0.248,1086.44,269.98,816.46,1672,2025-12-01,perdut,baixa,televenda,,1672,20.41,Client sense comprar des de fa 1672 dies. Historial previ de 1672 dies. Possible pèrdua de compte. Requereix trucada de reactivació.,,
1000080212,Almería,Bioseguridad,perdut,0.248,1086.44,269.98,816.46,1460,2025-12-01,perdut,baixa,televenda,,1460,20.41,Client sense comprar des de fa 1460 dies. Historial previ de 1460 dies. Possible pèrdua de compte. Requereix trucada de reactivació.,,
1000081433,Murcia,Bioseguridad,perdut,0.25,1086.44,271.39,815.05,195,2025-12-01,perdut,baixa,televenda,,195,20.38,Client sense comprar des de fa 195 dies. Historial previ de 195 dies. Possible pèrdua de compte. Requereix trucada de reactivació.,,
1000080545,Murcia,Bioseguridad,perdut,0.25,1086.44,271.39,815.05,272,2025-12-01,perdut,baixa,televenda,,272,20.38,Client sense comprar des de fa 272 dies. Historial previ de 272 dies. Possible pèrdua de compte. Requereix trucada de reactivació.,,
1000082070,Murcia,Bioseguridad,perdut,0.25,1086.44,271.39,815.05,319,2025-12-01,perdut,baixa,televenda,,319,20.38,Client sense comprar des de fa 319 dies. Historial previ de 319 dies. Possible pèrdua de compte. Requereix trucada de reactivació.,,
1000100338,Zamora,Bioseguridad,perdut,0.812,1086.44,882.21,204.23,546,2025-12-01,perdut,baixa,televenda,312.0,234,20.37,Client sense comprar des de fa 546 dies. Historial previ de 858 dies. Possible pèrdua de compte. Requereix trucada de reactivació.,,
34856,Jaén,Bioseguridad,perdut,0.251,1086.44,272.64,813.8,1335,2025-12-01,perdut,baixa,televenda,,1335,20.34,Client sense comprar des de fa 1335 dies. Historial previ de 1335 dies. Possible pèrdua de compte. Requereix trucada de reactivació.,,
1000077231,Jaén,Bioseguridad,perdut,0.251,1086.44,272.64,813.8,1299,2025-12-01,perdut,baixa,televenda,,1299,20.34,Client sense comprar des de fa 1299 dies. Historial previ de 1299 dies. Possible pèrdua de compte. Requereix trucada de reactivació.,,
1000080123,Granada,Bioseguridad,perdut,0.251,1086.44,272.64,813.8,1273,2025-12-01,perdut,baixa,televenda,,1273,20.34,Client sense comprar des de fa 1273 dies. Historial previ de 1273 dies. Possible pèrdua de compte. Requereix trucada de reactivació.,,
1000079406,Granada,Bioseguridad,perdut,0.251,1086.44,272.64,813.8,1307,2025-12-01,perdut,baixa,televenda,,1307,20.34,Client sense comprar des de fa 1307 dies. Historial previ de 1307 dies. Possible pèrdua de compte. Requereix trucada de reactivació.,,
40675,Cuenca,Bioseguridad,perdut,0.251,1086.44,272.64,813.8,1116,2025-12-01,perdut,baixa,televenda,,1116,20.34,Client sense comprar des de fa 1116 dies. Historial previ de 1116 dies. Possible pèrdua de compte. Requereix trucada de reactivació.,,
1000076295,Granada,Bioseguridad,perdut,0.251,1086.44,272.64,813.8,1307,2025-12-01,perdut,baixa,televenda,,1307,20.34,Client sense comprar des de fa 1307 dies. Historial previ de 1307 dies. Possible pèrdua de compte. Requereix trucada de reactivació.,,
34141,Salamanca,Anestesia,perdut,1.0,2223.12,5411.42,0.0,318,2025-12-01,perdut,baixa,televenda,232.3,85,20.33,Client sense comprar des de fa 318 dies. Historial previ de 1712 dies. Possible pèrdua de compte. Requereix trucada de reactivació.,,
33270,Zaragoza,Bioseguridad,perdut,1.0,1667.34,7451.7,0.0,132,2025-12-01,perdut,baixa,televenda,88.2,43,20.32,Client sense comprar des de fa 132 dies. Historial previ de 1720 dies. Possible pèrdua de compte. Requereix trucada de reactivació.,,
15573,Ciudad Real,Bioseguridad,perdut,1.0,1086.44,2143.16,0.0,339,2025-12-01,perdut,baixa,televenda,193.8,145,20.32,Client sense comprar des de fa 339 dies. Historial previ de 1502 dies. Possible pèrdua de compte. Requereix trucada de reactivació.,,
12690,Granada,Bioseguridad,perdut,0.533,1086.44,578.61,507.83,1102,2025-12-01,perdut,baixa,televenda,631.0,471,20.27,Client sense comprar des de fa 1102 dies. Historial previ de 1733 dies. Possible pèrdua de compte. Requereix trucada de reactivació.,,
8271,Huesca,Bioseguridad,promiscu,0.617,879.2,542.09,337.11,18,2025-12-01,finestra_captura,mitjana,delegat,1142.0,0,20.23,Client PROMISCU d'Bioseguridad en FINESTRA DE CAPTURA. Cicle: 1142 dies. Share: 62%. Gap: 337€/any. Moment òptim per contactar.,0.0,2028-12-29
1964,Salamanca,Bioseguridad,perdut,1.0,1086.44,1450.52,0.0,650,2025-12-01,perdut,baixa,televenda,372.3,277,20.21,Client sense comprar des de fa 650 dies. Historial previ de 1767 dies. Possible pèrdua de compte. Requereix trucada de reactivació.,,
7880,Granada,Anestesia,perdut,1.0,2223.12,4891.96,0.0,241,2025-12-01,perdut,baixa,televenda,176.6,64,20.14,Client sense comprar des de fa 241 dies. Historial previ de 1477 dies. Possible pèrdua de compte. Requereix trucada de reactivació.,,
1000077887,Murcia,Bioseguridad,perdut,1.0,879.2,2771.86,0.0,319,2025-12-01,perdut,baixa,televenda,166.2,152,20.1,Client sense comprar des de fa 319 dies. Historial previ de 1649 dies. Possible pèrdua de compte. Requereix trucada de reactivació.,,
27046,Ávila,Bioseguridad,perdut,0.086,879.2,75.67,803.53,906,2025-12-01,perdut,baixa,televenda,,906,20.09,Client sense comprar des de fa 906 dies. Historial previ de 906 dies. Possible pèrdua de compte. Requereix trucada de reactivació.,,
1000082035,Barcelona,Bioseguridad,perdut,0.261,1086.44,283.54,802.9,182,2025-12-01,perdut,baixa,televenda,,182,20.07,Client sense comprar des de fa 182 dies. Historial previ de 182 dies. Possible pèrdua de compte. Requereix trucada de reactivació.,,
24860,Madrid,Bioseguridad,perdut,0.261,1086.44,283.55,802.89,822,2025-12-01,perdut,baixa,televenda,,822,20.07,Client sense comprar des de fa 822 dies. Historial previ de 822 dies. Possible pèrdua de compte. Requereix trucada de reactivació.,,
1000082384,Madrid,Bioseguridad,perdut,0.261,1086.44,283.55,802.89,993,2025-12-01,perdut,baixa,televenda,,993,20.07,Client sense comprar des de fa 993 dies. Historial previ de 993 dies. Possible pèrdua de compte. Requereix trucada de reactivació.,,
5194,Jaén,Bioseguridad,perdut,0.261,1086.44,283.55,802.89,762,2025-12-01,perdut,baixa,televenda,,762,20.07,Client sense comprar des de fa 762 dies. Historial previ de 762 dies. Possible pèrdua de compte. Requereix trucada de reactivació.,,
1000063557,Almería,Bioseguridad,perdut,0.261,1086.44,283.55,802.89,1048,2025-12-01,perdut,baixa,televenda,,1048,20.07,Client sense comprar des de fa 1048 dies. Historial previ de 1048 dies. Possible pèrdua de compte. Requereix trucada de reactivació.,,
1000079996,Granada,Anestesia,perdut,0.813,2223.12,1806.87,416.25,574,2025-12-01,perdut,baixa,televenda,421.5,152,20.04,Client sense comprar des de fa 574 dies. Historial previ de 1417 dies. Possible pèrdua de compte. Requereix trucada de reactivació.,,
42329,Barcelona,Anestesia,perdut,0.958,2223.12,2129.12,94.0,276,2025-12-01,perdut,baixa,televenda,203.0,73,19.99,Client sense comprar des de fa 276 dies. Historial previ de 1291 dies. Possible pèrdua de compte. Requereix trucada de reactivació.,,
1000072252,Pontevedra,Bioseguridad,perdut,1.0,1667.34,10196.46,0.0,146,2025-12-01,perdut,baixa,televenda,98.1,47,19.98,Client sense comprar des de fa 146 dies. Historial previ de 1617 dies. Possible pèrdua de compte. Requereix trucada de reactivació.,,
28140,Toledo,Anestesia,perdut,1.0,2223.12,4869.44,0.0,349,2025-12-01,perdut,baixa,televenda,256.2,92,19.96,Client sense comprar des de fa 349 dies. Historial previ de 1630 dies. Possible pèrdua de compte. Requereix trucada de reactivació.,,
1000080735,Alicante,Bioseguridad,perdut,0.265,1086.44,287.88,798.56,1480,2025-12-01,perdut,baixa,televenda,,1480,19.96,Client sense comprar des de fa 1480 dies. Historial previ de 1480 dies. Possible pèrdua de compte. Requereix trucada de reactivació.,,
28685,Pontevedra,Bioseguridad,perdut,0.265,1086.44,287.88,798.56,1508,2025-12-01,perdut,baixa,televenda,,1508,19.96,Client sense comprar des de fa 1508 dies. Historial previ de 1508 dies. Possible pèrdua de compte. Requereix trucada de reactivació.,,
1000079818,Zaragoza,Bioseguridad,perdut,0.265,1086.44,287.88,798.56,1494,2025-12-01,perdut,baixa,televenda,,1494,19.96,Client sense comprar des de fa 1494 dies. Historial previ de 1494 dies. Possible pèrdua de compte. Requereix trucada de reactivació.,,
14913,Barcelona,Bioseguridad,perdut,0.265,1086.44,288.19,798.25,1594,2025-12-01,perdut,baixa,televenda,,1594,19.96,Client sense comprar des de fa 1594 dies. Historial previ de 1594 dies. Possible pèrdua de compte. Requereix trucada de reactivació.,,
21936,A Coruña,Bioseguridad,perdut,0.265,1086.44,287.88,798.56,1720,2025-12-01,perdut,baixa,televenda,,1720,19.96,Client sense comprar des de fa 1720 dies. Historial previ de 1720 dies. Possible pèrdua de compte. Requereix trucada de reactivació.,,
1000079742,Barcelona,Bioseguridad,perdut,0.265,1086.44,287.88,798.56,1607,2025-12-01,perdut,baixa,televenda,,1607,19.96,Client sense comprar des de fa 1607 dies. Historial previ de 1607 dies. Possible pèrdua de compte. Requereix trucada de reactivació.,,
7186,,Bioseguridad,perdut,0.265,1086.44,287.88,798.56,1741,2025-12-01,perdut,baixa,televenda,,1741,19.96,Client sense comprar des de fa 1741 dies. Historial previ de 1741 dies. Possible pèrdua de compte. Requereix trucada de reactivació.,,
1000079254,Granada,Bioseguridad,perdut,0.265,1086.44,287.88,798.56,1769,2025-12-01,perdut,baixa,televenda,,1769,19.96,Client sense comprar des de fa 1769 dies. Historial previ de 1769 dies. Possible pèrdua de compte. Requereix trucada de reactivació.,,
20075,Vizcaya,Bioseguridad,perdut,0.431,1086.44,468.37,618.07,908,2025-12-01,perdut,baixa,televenda,552.0,356,19.93,Client sense comprar des de fa 908 dies. Historial previ de 1460 dies. Possible pèrdua de compte. Requereix trucada de reactivació.,,
9605,Navarra,Bioseguridad,perdut,0.268,1086.44,290.73,795.71,1148,2025-12-01,perdut,baixa,televenda,,1148,19.89,Client sense comprar des de fa 1148 dies. Historial previ de 1148 dies. Possible pèrdua de compte. Requereix trucada de reactivació.,,
41332,Málaga,Bioseguridad,perdut,0.268,1086.44,290.73,795.71,1249,2025-12-01,perdut,baixa,televenda,,1249,19.89,Client sense comprar des de fa 1249 dies. Historial previ de 1249 dies. Possible pèrdua de compte. Requereix trucada de reactivació.,,
18590,Asturias,Bioseguridad,perdut,0.268,1086.44,290.73,795.71,1399,2025-12-01,perdut,baixa,televenda,,1399,19.89,Client sense comprar des de fa 1399 dies. Historial previ de 1399 dies. Possible pèrdua de compte. Requereix trucada de reactivació.,,
1000100330,Madrid,Bioseguridad,perdut,0.27,1086.44,293.06,793.38,623,2025-12-01,perdut,baixa,televenda,,623,19.83,Client sense comprar des de fa 623 dies. Historial previ de 623 dies. Possible pèrdua de compte. Requereix trucada de reactivació.,,
1000080553,Málaga,Bioseguridad,perdut,0.27,1086.44,293.06,793.38,630,2025-12-01,perdut,baixa,televenda,,630,19.83,Client sense comprar des de fa 630 dies. Historial previ de 630 dies. Possible pèrdua de compte. Requereix trucada de reactivació.,,
1000078659,Madrid,Bioseguridad,perdut,0.271,1086.44,294.88,791.56,494,2025-12-01,perdut,baixa,televenda,,494,19.79,Client sense comprar des de fa 494 dies. Historial previ de 494 dies. Possible pèrdua de compte. Requereix trucada de reactivació.,,
15830,Valencia,Bioseguridad,perdut,0.271,1086.44,294.88,791.56,606,2025-12-01,perdut,baixa,televenda,,606,19.79,Client sense comprar des de fa 606 dies. Historial previ de 606 dies. Possible pèrdua de compte. Requereix trucada de reactivació.,,
8670,Pontevedra,Anestesia,perdut,1.0,1802.36,4063.57,0.0,269,2025-12-01,perdut,baixa,televenda,186.8,82,19.78,Client sense comprar des de fa 269 dies. Historial previ de 1763 dies. Possible pèrdua de compte. Requereix trucada de reactivació.,,
12324,Cuenca,Bioseguridad,perdut,0.103,879.2,90.93,788.27,1258,2025-12-01,perdut,baixa,televenda,,1258,19.71,Client sense comprar des de fa 1258 dies. Historial previ de 1258 dies. Possible pèrdua de compte. Requereix trucada de reactivació.,,
1000037704,Madrid,Bioseguridad,perdut,0.103,879.2,90.93,788.27,1260,2025-12-01,perdut,baixa,televenda,,1260,19.71,Client sense comprar des de fa 1260 dies. Historial previ de 1260 dies. Possible pèrdua de compte. Requereix trucada de reactivació.,,
7881,Las Palmas,Anestesia,perdut,1.0,4546.72,6010.35,0.0,123,2025-12-01,perdut,baixa,televenda,104.1,18,19.66,Client sense comprar des de fa 123 dies. Historial previ de 1788 dies. Possible pèrdua de compte. Requereix trucada de reactivació.,,
1000100441,Madrid,Bioseguridad,perdut,0.278,1086.44,301.91,784.53,194,2025-12-01,perdut,baixa,televenda,,194,19.61,Client sense comprar des de fa 194 dies. Historial previ de 194 dies. Possible pèrdua de compte. Requereix trucada de reactivació.,,
1000081040,Valencia,Bioseguridad,perdut,0.278,1086.44,301.91,784.53,306,2025-12-01,perdut,baixa,televenda,,306,19.61,Client sense comprar des de fa 306 dies. Historial previ de 306 dies. Possible pèrdua de compte. Requereix trucada de reactivació.,,
32134,Madrid,Bioseguridad,perdut,0.278,1086.44,302.35,784.09,938,2025-12-01,perdut,baixa,televenda,,938,19.6,Client sense comprar des de fa 938 dies. Historial previ de 938 dies. Possible pèrdua de compte. Requereix trucada de reactivació.,,
5776,Asturias,Bioseguridad,perdut,0.278,1086.44,302.35,784.09,745,2025-12-01,perdut,baixa,televenda,,745,19.6,Client sense comprar des de fa 745 dies. Historial previ de 745 dies. Possible pèrdua de compte. Requereix trucada de reactivació.,,
1000081347,Barcelona,Bioseguridad,perdut,0.278,1086.44,302.35,784.09,963,2025-12-01,perdut,baixa,televenda,,963,19.6,Client sense comprar des de fa 963 dies. Historial previ de 963 dies. Possible pèrdua de compte. Requereix trucada de reactivació.,,
7971,Madrid,Bioseguridad,perdut,0.278,1086.44,302.35,784.09,816,2025-12-01,perdut,baixa,televenda,,816,19.6,Client sense comprar des de fa 816 dies. Historial previ de 816 dies. Possible pèrdua de compte. Requereix trucada de reactivació.,,
1000100043,Valencia,Bioseguridad,perdut,0.278,1086.44,302.35,784.09,853,2025-12-01,perdut,baixa,televenda,,853,19.6,Client sense comprar des de fa 853 dies. Historial previ de 853 dies. Possible pèrdua de compte. Requereix trucada de reactivació.,,
2307,Sta.Cruz Tenerife,Bioseguridad,perdut,0.279,1086.44,302.91,783.53,1208,2025-12-01,perdut,baixa,televenda,,1208,19.59,Client sense comprar des de fa 1208 dies. Historial previ de 1208 dies. Possible pèrdua de compte. Requereix trucada de reactivació.,,
1842,Pontevedra,Bioseguridad,perdut,1.0,1086.44,1919.61,0.0,770,2025-12-01,perdut,baixa,televenda,448.0,322,19.52,Client sense comprar des de fa 770 dies. Historial previ de 1666 dies. Possible pèrdua de compte. Requereix trucada de reactivació.,,
1000058239,Barcelona,Bioseguridad,perdut,0.282,1086.44,305.87,780.57,1736,2025-12-01,perdut,baixa,televenda,,1736,19.51,Client sense comprar des de fa 1736 dies. Historial previ de 1736 dies. Possible pèrdua de compte. Requereix trucada de reactivació.,,
1000081316,Alicante,Bioseguridad,perdut,1.0,1667.34,3615.32,0.0,292,2025-12-01,perdut,baixa,televenda,198.7,93,19.51,Client sense comprar des de fa 292 dies. Historial previ de 888 dies. Possible pèrdua de compte. Requereix trucada de reactivació.,,
11125,Zaragoza,Bioseguridad,perdut,0.287,1086.44,311.9,774.54,873,2025-12-01,perdut,baixa,televenda,,873,19.36,Client sense comprar des de fa 873 dies. Historial previ de 873 dies. Possible pèrdua de compte. Requereix trucada de reactivació.,,
15006,Barcelona,Anestesia,perdut,1.0,2223.12,3267.2,0.0,368,2025-12-01,perdut,baixa,televenda,273.0,95,19.34,Client sense comprar des de fa 368 dies. Historial previ de 1733 dies. Possible pèrdua de compte. Requereix trucada de reactivació.,,
10537,Vizcaya,Bioseguridad,perdut,1.0,1086.44,1929.06,0.0,931,2025-12-01,perdut,baixa,televenda,544.0,387,19.32,Client sense comprar des de fa 931 dies. Historial previ de 1475 dies. Possible pèrdua de compte. Requereix trucada de reactivació.,,
1000038447,Baleares,Bioseguridad,perdut,1.0,1667.34,3045.42,0.0,168,2025-12-01,perdut,baixa,televenda,114.4,53,19.32,Client sense comprar des de fa 168 dies. Historial previ de 1769 dies. Possible pèrdua de compte. Requereix trucada de reactivació.,,
1000037399,Cuenca,Bioseguridad,perdut,0.29,1086.44,314.57,771.87,670,2025-12-01,perdut,baixa,televenda,,670,19.3,Client sense comprar des de fa 670 dies. Historial previ de 670 dies. Possible pèrdua de compte. Requereix trucada de reactivació.,,
2753,Madrid,Anestesia,perdut,1.0,2223.12,5320.67,0.0,241,2025-12-01,perdut,baixa,televenda,178.5,62,19.3,Client sense comprar des de fa 241 dies. Historial previ de 1669 dies. Possible pèrdua de compte. Requereix trucada de reactivació.,,
29060,Barcelona,Anestesia,perdut,1.0,2223.12,8520.71,0.0,167,2025-12-01,perdut,baixa,televenda,123.8,43,19.3,Client sense comprar des de fa 167 dies. Historial previ de 1529 dies. Possible pèrdua de compte. Requereix trucada de reactivació.,,
1000079195,Málaga,Anestesia,perdut,1.0,2223.12,6364.35,0.0,354,2025-12-01,perdut,baixa,televenda,263.0,91,19.23,Client sense comprar des de fa 354 dies. Historial previ de 1406 dies. Possible pèrdua de compte. Requereix trucada de reactivació.,,
5696,Madrid,Anestesia,perdut,0.793,1802.36,1428.82,373.54,622,2025-12-01,perdut,baixa,televenda,436.0,186,19.22,Client sense comprar des de fa 622 dies. Historial previ de 1494 dies. Possible pèrdua de compte. Requereix trucada de reactivació.,,
29172,Navarra,Anestesia,perdut,1.0,2223.12,3136.16,0.0,215,2025-12-01,perdut,baixa,televenda,159.5,55,19.16,Client sense comprar des de fa 215 dies. Historial previ de 1172 dies. Possible pèrdua de compte. Requereix trucada de reactivació.,,
1000080941,Girona,Anestesia,perdut,1.0,2223.12,3776.1,0.0,410,2025-12-01,perdut,baixa,televenda,304.8,105,19.15,Client sense comprar des de fa 410 dies. Historial previ de 1629 dies. Possible pèrdua de compte. Requereix trucada de reactivació.,,
1000080809,Málaga,Bioseguridad,perdut,1.0,1667.34,2486.71,0.0,290,2025-12-01,perdut,baixa,televenda,198.6,91,19.1,Client sense comprar des de fa 290 dies. Historial previ de 1680 dies. Possible pèrdua de compte. Requereix trucada de reactivació.,,
1000072768,Madrid,Bioseguridad,perdut,1.0,1086.44,1719.96,0.0,444,2025-12-01,perdut,baixa,televenda,260.6,183,19.07,Client sense comprar des de fa 444 dies. Historial previ de 1747 dies. Possible pèrdua de compte. Requereix trucada de reactivació.,,
1000080494,Madrid,Bioseguridad,perdut,0.298,1086.44,324.05,762.39,243,2025-12-01,perdut,baixa,televenda,,243,19.06,Client sense comprar des de fa 243 dies. Historial previ de 243 dies. Possible pèrdua de compte. Requereix trucada de reactivació.,,
14774,Barcelona,Bioseguridad,perdut,0.298,1086.44,323.86,762.58,1776,2025-12-01,perdut,baixa,televenda,,1776,19.06,Client sense comprar des de fa 1776 dies. Historial previ de 1776 dies. Possible pèrdua de compte. Requereix trucada de reactivació.,,
2525,Madrid,Bioseguridad,perdut,0.298,1086.44,324.05,762.39,258,2025-12-01,perdut,baixa,televenda,,258,19.06,Client sense comprar des de fa 258 dies. Historial previ de 258 dies. Possible pèrdua de compte. Requereix trucada de reactivació.,,
1000070279,Huelva,Bioseguridad,perdut,0.298,1086.44,324.05,762.39,194,2025-12-01,perdut,baixa,televenda,,194,19.06,Client sense comprar des de fa 194 dies. Historial previ de 194 dies. Possible pèrdua de compte. Requereix trucada de reactivació.,,
37206,Barcelona,Bioseguridad,perdut,0.298,1086.44,323.86,762.58,1607,2025-12-01,perdut,baixa,televenda,,1607,19.06,Client sense comprar des de fa 1607 dies. Historial previ de 1607 dies. Possible pèrdua de compte. Requereix trucada de reactivació.,,
1000065055,Asturias,Bioseguridad,perdut,1.0,1667.34,2425.58,0.0,119,2025-12-01,perdut,baixa,televenda,81.2,37,18.99,Client sense comprar des de fa 119 dies. Historial previ de 850 dies. Possible pèrdua de compte. Requereix trucada de reactivació.,,
1000081213,Barcelona,Bioseguridad,perdut,0.301,1086.44,327.09,759.35,1313,2025-12-01,perdut,baixa,televenda,,1313,18.98,Client sense comprar des de fa 1313 dies. Historial previ de 1313 dies. Possible pèrdua de compte. Requereix trucada de reactivació.,,
12602,Girona,Bioseguridad,perdut,0.301,1086.44,327.09,759.35,1181,2025-12-01,perdut,baixa,televenda,,1181,18.98,Client sense comprar des de fa 1181 dies. Historial previ de 1181 dies. Possible pèrdua de compte. Requereix trucada de reactivació.,,
14156,Ciudad Real,Bioseguridad,perdut,1.0,1667.34,1749.58,0.0,439,2025-12-01,perdut,baixa,televenda,301.7,137,18.93,Client sense comprar des de fa 439 dies. Historial previ de 1344 dies. Possible pèrdua de compte. Requereix trucada de reactivació.,,
40974,Madrid,Bioseguridad,perdut,1.0,879.2,2150.23,0.0,399,2025-12-01,perdut,baixa,televenda,214.5,184,18.85,Client sense comprar des de fa 399 dies. Historial previ de 1686 dies. Possible pèrdua de compte. Requereix trucada de reactivació.,,
22075,Sevilla,Bioseguridad,perdut,0.143,879.2,126.07,753.13,1503,2025-12-01,perdut,baixa,televenda,,1503,18.83,Client sense comprar des de fa 1503 dies. Historial previ de 1503 dies. Possible pèrdua de compte. Requereix trucada de reactivació.,,
1000075403,Zaragoza,Anestesia,perdut,1.0,2223.12,6771.37,0.0,242,2025-12-01,perdut,baixa,televenda,180.1,61,18.82,Client sense comprar des de fa 242 dies. Historial previ de 1683 dies. Possible pèrdua de compte. Requereix trucada de reactivació.,,
1000078562,Sta.Cruz Tenerife,Anestesia,perdut,1.0,2223.12,3649.0,0.0,313,2025-12-01,perdut,baixa,televenda,233.6,79,18.8,Client sense comprar des de fa 313 dies. Historial previ de 1481 dies. Possible pèrdua de compte. Requereix trucada de reactivació.,,
22975,Madrid,Bioseguridad,perdut,1.0,879.2,2004.64,0.0,732,2025-12-01,perdut,baixa,televenda,395.0,337,18.75,Client sense comprar des de fa 732 dies. Historial previ de 1522 dies. Possible pèrdua de compte. Requereix trucada de reactivació.,,
1000081861,Madrid,Bioseguridad,perdut,0.738,1086.44,801.73,284.71,824,2025-12-01,perdut,baixa,televenda,488.0,336,18.7,Client sense comprar des de fa 824 dies. Historial previ de 1312 dies. Possible pèrdua de compte. Requereix trucada de reactivació.,,
28064,Girona,Bioseguridad,perdut,0.313,1086.44,340.12,746.32,745,2025-12-01,perdut,baixa,televenda,,745,18.66,Client sense comprar des de fa 745 dies. Historial previ de 745 dies. Possible pèrdua de compte. Requereix trucada de reactivació.,,
39600,Madrid,Bioseguridad,perdut,1.0,1086.44,5203.45,0.0,312,2025-12-01,perdut,baixa,televenda,185.0,127,18.65,Client sense comprar des de fa 312 dies. Historial previ de 1792 dies. Possible pèrdua de compte. Requereix trucada de reactivació.,,
1000064765,Teruel,Bioseguridad,perdut,1.0,1086.44,3178.74,0.0,438,2025-12-01,perdut,baixa,televenda,259.2,178,18.65,Client sense comprar des de fa 438 dies. Historial previ de 1734 dies. Possible pèrdua de compte. Requereix trucada de reactivació.,,
1000100289,Valencia,Bioseguridad,perdut,0.313,1086.44,340.25,746.19,907,2025-12-01,perdut,baixa,televenda,,907,18.65,Client sense comprar des de fa 907 dies. Historial previ de 907 dies. Possible pèrdua de compte. Requereix trucada de reactivació.,,
8158,Cantabria,Anestesia,perdut,1.0,2223.12,4677.02,0.0,402,2025-12-01,perdut,baixa,televenda,301.0,101,18.65,Client sense comprar des de fa 402 dies. Historial previ de 1606 dies. Possible pèrdua de compte. Requereix trucada de reactivació.,,
40864,Barcelona,Bioseguridad,perdut,0.155,879.2,136.43,742.77,1424,2025-12-01,perdut,baixa,televenda,,1424,18.57,Client sense comprar des de fa 1424 dies. Historial previ de 1424 dies. Possible pèrdua de compte. Requereix trucada de reactivació.,,
9064,Valencia,Anestesia,perdut,1.0,2223.12,6141.47,0.0,293,2025-12-01,perdut,baixa,televenda,219.2,73,18.51,Client sense comprar des de fa 293 dies. Historial previ de 1608 dies. Possible pèrdua de compte. Requereix trucada de reactivació.,,
1000081917,Jaén,Anestesia,perdut,1.0,2223.12,14593.05,0.0,165,2025-12-01,perdut,baixa,televenda,123.3,41,18.48,Client sense comprar des de fa 165 dies. Historial previ de 1768 dies. Possible pèrdua de compte. Requereix trucada de reactivació.,,
1000074005,,Bioseguridad,perdut,1.0,1086.44,1206.63,0.0,507,2025-12-01,perdut,baixa,televenda,301.5,205,18.47,Client sense comprar des de fa 507 dies. Historial previ de 1713 dies. Possible pèrdua de compte. Requereix trucada de reactivació.,,
24487,Sevilla,Anestesia,perdut,1.0,2223.12,3815.4,0.0,237,2025-12-01,perdut,baixa,televenda,177.7,59,18.45,Client sense comprar des de fa 237 dies. Historial previ de 1481 dies. Possible pèrdua de compte. Requereix trucada de reactivació.,,
10832,Zaragoza,Bioseguridad,perdut,1.0,1667.34,1737.73,0.0,406,2025-12-01,perdut,baixa,televenda,281.3,124,18.37,Client sense comprar des de fa 406 dies. Historial previ de 1250 dies. Possible pèrdua de compte. Requereix trucada de reactivació.,,
1000100179,Burgos,Anestesia,perdut,1.0,2223.12,4608.17,0.0,307,2025-12-01,perdut,baixa,televenda,230.3,76,18.34,Client sense comprar des de fa 307 dies. Historial previ de 998 dies. Possible pèrdua de compte. Requereix trucada de reactivació.,,
1817,Pontevedra,Anestesia,perdut,0.981,2223.12,2181.1,42.02,178,2025-12-01,perdut,baixa,televenda,133.5,44,18.32,Client sense comprar des de fa 178 dies. Historial previ de 445 dies. Possible pèrdua de compte. Requereix trucada de reactivació.,,
1000078535,Barcelona,Bioseguridad,perdut,0.596,1086.44,647.16,439.28,888,2025-12-01,perdut,baixa,televenda,531.0,357,18.26,Client sense comprar des de fa 888 dies. Historial previ de 1419 dies. Possible pèrdua de compte. Requereix trucada de reactivació.,,
1000101785,Cantabria,Anestesia,perdut,0.617,2223.12,1370.64,852.48,158,2025-12-01,perdut,baixa,televenda,119.0,39,18.21,Client sense comprar des de fa 158 dies. Historial previ de 277 dies. Possible pèrdua de compte. Requereix trucada de reactivació.,,
1000061222,Cuenca,Anestesia,perdut,1.0,2223.12,3857.4,0.0,244,2025-12-01,perdut,baixa,televenda,183.2,60,18.2,Client sense comprar des de fa 244 dies. Historial previ de 977 dies. Possible pèrdua de compte. Requereix trucada de reactivació.,,
654,Toledo,Bioseguridad,perdut,0.332,1086.44,360.22,726.22,1460,2025-12-01,perdut,baixa,televenda,,1460,18.16,Client sense comprar des de fa 1460 dies. Historial previ de 1460 dies. Possible pèrdua de compte. Requereix trucada de reactivació.,,
1000078233,Madrid,Bioseguridad,perdut,0.332,1086.44,360.22,726.22,1543,2025-12-01,perdut,baixa,televenda,,1543,18.16,Client sense comprar des de fa 1543 dies. Historial previ de 1543 dies. Possible pèrdua de compte. Requereix trucada de reactivació.,,
12509,Granada,Bioseguridad,perdut,0.332,1086.44,360.22,726.22,1747,2025-12-01,perdut,baixa,televenda,,1747,18.16,Client sense comprar des de fa 1747 dies. Historial previ de 1747 dies. Possible pèrdua de compte. Requereix trucada de reactivació.,,
4459,Madrid,Bioseguridad,perdut,0.332,1086.44,360.22,726.22,1650,2025-12-01,perdut,baixa,televenda,,1650,18.16,Client sense comprar des de fa 1650 dies. Historial previ de 1650 dies. Possible pèrdua de compte. Requereix trucada de reactivació.,,
29172,Navarra,Bioseguridad,perdut,0.332,1086.44,360.22,726.22,1559,2025-12-01,perdut,baixa,televenda,,1559,18.16,Client sense comprar des de fa 1559 dies. Historial previ de 1559 dies. Possible pèrdua de compte. Requereix trucada de reactivació.,,
28318,Barcelona,Bioseguridad,perdut,0.332,1086.44,360.22,726.22,1676,2025-12-01,perdut,baixa,televenda,,1676,18.16,Client sense comprar des de fa 1676 dies. Historial previ de 1676 dies. Possible pèrdua de compte. Requereix trucada de reactivació.,,
1000080429,Madrid,Bioseguridad,perdut,0.332,1086.44,360.22,726.22,1518,2025-12-01,perdut,baixa,televenda,,1518,18.16,Client sense comprar des de fa 1518 dies. Historial previ de 1518 dies. Possible pèrdua de compte. Requereix trucada de reactivació.,,
1000082271,Madrid,Bioseguridad,perdut,0.332,1086.44,360.22,726.22,1469,2025-12-01,perdut,baixa,televenda,,1469,18.16,Client sense comprar des de fa 1469 dies. Historial previ de 1469 dies. Possible pèrdua de compte. Requereix trucada de reactivació.,,
40446,Málaga,Anestesia,perdut,0.468,6820.08,3189.42,3630.66,231,2025-12-01,perdut,baixa,televenda,375.8,0,18.15,Client sense comprar des de fa 231 dies. Historial previ de 1734 dies. Possible pèrdua de compte. Requereix trucada de reactivació.,,
1000079875,Castellón,Anestesia,perdut,0.635,1802.36,1143.71,658.65,524,2025-12-01,perdut,baixa,televenda,373.7,150,18.09,Client sense comprar des de fa 524 dies. Historial previ de 1645 dies. Possible pèrdua de compte. Requereix trucada de reactivació.,,
41501,Sta.Cruz Tenerife,Bioseguridad,perdut,0.335,1086.44,363.42,723.02,1343,2025-12-01,perdut,baixa,televenda,,1343,18.08,Client sense comprar des de fa 1343 dies. Historial previ de 1343 dies. Possible pèrdua de compte. Requereix trucada de reactivació.,,
1000075334,Málaga,Anestesia,perdut,1.0,2223.12,7666.21,0.0,322,2025-12-01,perdut,baixa,televenda,242.8,79,18.08,Client sense comprar des de fa 322 dies. Historial previ de 1536 dies. Possible pèrdua de compte. Requereix trucada de reactivació.,,
36208,Madrid,Bioseguridad,perdut,0.335,1086.44,363.8,722.64,1132,2025-12-01,perdut,baixa,televenda,,1132,18.07,Client sense comprar des de fa 1132 dies. Historial previ de 1132 dies. Possible pèrdua de compte. Requereix trucada de reactivació.,,
1000076653,Barcelona,Bioseguridad,perdut,0.335,1086.44,363.8,722.64,1411,2025-12-01,perdut,baixa,televenda,,1411,18.07,Client sense comprar des de fa 1411 dies. Historial previ de 1411 dies. Possible pèrdua de compte. Requereix trucada de reactivació.,,
1000073815,Barcelona,Bioseguridad,perdut,0.179,879.2,157.28,721.92,444,2025-12-01,perdut,baixa,televenda,,444,18.05,Client sense comprar des de fa 444 dies. Historial previ de 444 dies. Possible pèrdua de compte. Requereix trucada de reactivació.,,
1000061222,Cuenca,Bioseguridad,perdut,1.0,1086.44,1706.15,0.0,524,2025-12-01,perdut,baixa,televenda,315.0,209,18.02,Client sense comprar des de fa 524 dies. Historial previ de 1154 dies. Possible pèrdua de compte. Requereix trucada de reactivació.,,
1000056487,Salamanca,Bioseguridad,perdut,0.181,879.2,159.01,720.19,266,2025-12-01,perdut,baixa,televenda,,266,18.0,Client sense comprar des de fa 266 dies. Historial previ de 266 dies. Possible pèrdua de compte. Requereix trucada de reactivació.,,
20140,Sta.Cruz Tenerife,Anestesia,perdut,0.208,4546.72,947.91,3598.81,314,2025-12-01,perdut,baixa,televenda,353.3,0,17.99,Client sense comprar des de fa 314 dies. Historial previ de 1374 dies. Possible pèrdua de compte. Requereix trucada de reactivació.,,
30870,Guadalajara,Bioseguridad,perdut,0.186,879.2,163.72,715.48,1238,2025-12-01,perdut,baixa,televenda,,1238,17.89,Client sense comprar des de fa 1238 dies. Historial previ de 1238 dies. Possible pèrdua de compte. Requereix trucada de reactivació.,,
1000078355,Barcelona,Anestesia,perdut,1.0,2223.12,9620.82,0.0,152,2025-12-01,perdut,baixa,televenda,114.9,37,17.89,Client sense comprar des de fa 152 dies. Historial previ de 1761 dies. Possible pèrdua de compte. Requereix trucada de reactivació.,,
1000041827,Valladolid,Bioseguridad,perdut,1.0,1667.34,6353.09,0.0,220,2025-12-01,perdut,baixa,televenda,154.0,66,17.86,Client sense comprar des de fa 220 dies. Historial previ de 1760 dies. Possible pèrdua de compte. Requereix trucada de reactivació.,,
28057,Madrid,Anestesia,perdut,1.0,2223.12,9790.9,0.0,202,2025-12-01,perdut,baixa,televenda,152.7,49,17.83,Client sense comprar des de fa 202 dies. Historial previ de 1729 dies. Possible pèrdua de compte. Requereix trucada de reactivació.,,
1000100361,Barcelona,Bioseguridad,perdut,0.348,1086.44,377.93,708.51,775,2025-12-01,perdut,baixa,televenda,,775,17.71,Client sense comprar des de fa 775 dies. Historial previ de 775 dies. Possible pèrdua de compte. Requereix trucada de reactivació.,,
1000082719,Sta.Cruz Tenerife,Bioseguridad,perdut,0.348,1086.44,377.93,708.51,923,2025-12-01,perdut,baixa,televenda,,923,17.71,Client sense comprar des de fa 923 dies. Historial previ de 923 dies. Possible pèrdua de compte. Requereix trucada de reactivació.,,
1000058449,Madrid,Bioseguridad,perdut,0.348,1086.44,378.12,708.32,886,2025-12-01,perdut,baixa,televenda,,886,17.71,Client sense comprar des de fa 886 dies. Historial previ de 886 dies. Possible pèrdua de compte. Requereix trucada de reactivació.,,
1000080285,Madrid,Bioseguridad,perdut,0.348,1086.44,378.12,708.32,971,2025-12-01,perdut,baixa,televenda,,971,17.71,Client sense comprar des de fa 971 dies. Historial previ de 971 dies. Possible pèrdua de compte. Requereix trucada de reactivació.,,
1000075276,Toledo,Anestesia,perdut,1.0,2223.12,6429.79,0.0,294,2025-12-01,perdut,baixa,televenda,222.8,71,17.71,Client sense comprar des de fa 294 dies. Historial previ de 1631 dies. Possible pèrdua de compte. Requereix trucada de reactivació.,,
1000081372,Madrid,Bioseguridad,perdut,0.348,1086.44,378.31,708.13,928,2025-12-01,perdut,baixa,televenda,,928,17.7,Client sense comprar des de fa 928 dies. Historial previ de 928 dies. Possible pèrdua de compte. Requereix trucada de reactivació.,,
1000081332,Murcia,Bioseguridad,perdut,0.348,1086.44,378.31,708.13,738,2025-12-01,perdut,baixa,televenda,,738,17.7,Client sense comprar des de fa 738 dies. Historial previ de 738 dies. Possible pèrdua de compte. Requereix trucada de reactivació.,,
1000100246,Barcelona,Bioseguridad,perdut,0.348,1086.44,378.31,708.13,749,2025-12-01,perdut,baixa,televenda,,749,17.7,Client sense comprar des de fa 749 dies. Historial previ de 749 dies. Possible pèrdua de compte. Requereix trucada de reactivació.,,
42387,Vizcaya,Bioseguridad,perdut,0.348,1086.44,378.31,708.13,956,2025-12-01,perdut,baixa,televenda,,956,17.7,Client sense comprar des de fa 956 dies. Historial previ de 956 dies. Possible pèrdua de compte. Requereix trucada de reactivació.,,
11094,Vizcaya,Bioseguridad,perdut,0.348,1086.44,378.31,708.13,798,2025-12-01,perdut,baixa,televenda,,798,17.7,Client sense comprar des de fa 798 dies. Historial previ de 798 dies. Possible pèrdua de compte. Requereix trucada de reactivació.,,
1000100154,A Coruña,Anestesia,perdut,0.588,2223.12,1308.0,915.12,249,2025-12-01,perdut,baixa,televenda,188.5,60,17.69,Client sense comprar des de fa 249 dies. Historial previ de 626 dies. Possible pèrdua de compte. Requereix trucada de reactivació.,,
1000067305,Castellón,Anestesia,perdut,1.0,2223.12,2607.14,0.0,535,2025-12-01,perdut,baixa,televenda,406.0,129,17.66,Client sense comprar des de fa 535 dies. Historial previ de 1347 dies. Possible pèrdua de compte. Requereix trucada de reactivació.,,
14522,Badajoz,Anestesia,perdut,1.0,2223.12,2887.75,0.0,378,2025-12-01,perdut,baixa,televenda,286.5,91,17.65,Client sense comprar des de fa 378 dies. Historial previ de 1524 dies. Possible pèrdua de compte. Requereix trucada de reactivació.,,
1000080480,Pontevedra,Bioseguridad,perdut,0.351,1086.44,380.97,705.47,677,2025-12-01,perdut,baixa,televenda,,677,17.64,Client sense comprar des de fa 677 dies. Historial previ de 677 dies. Possible pèrdua de compte. Requereix trucada de reactivació.,,
1000082082,Sta.Cruz Tenerife,Bioseguridad,perdut,0.468,1086.44,508.71,577.73,539,2025-12-01,perdut,baixa,televenda,334.5,204,17.62,Client sense comprar des de fa 539 dies. Historial previ de 1208 dies. Possible pèrdua de compte. Requereix trucada de reactivació.,,
6495,Burgos,Bioseguridad,perdut,0.355,1086.44,385.84,700.6,557,2025-12-01,perdut,baixa,televenda,,557,17.52,Client sense comprar des de fa 557 dies. Historial previ de 557 dies. Possible pèrdua de compte. Requereix trucada de reactivació.,,
26902,Toledo,Bioseguridad,perdut,0.355,1086.44,385.84,700.6,598,2025-12-01,perdut,baixa,televenda,,598,17.52,Client sense comprar des de fa 598 dies. Historial previ de 598 dies. Possible pèrdua de compte. Requereix trucada de reactivació.,,
1000065616,Cuenca,Bioseguridad,perdut,0.355,1086.44,385.84,700.6,363,2025-12-01,perdut,baixa,televenda,,363,17.52,Client sense comprar des de fa 363 dies. Historial previ de 363 dies. Possible pèrdua de compte. Requereix trucada de reactivació.,,
14773,Barcelona,Bioseguridad,perdut,1.0,1086.44,2707.14,0.0,409,2025-12-01,perdut,baixa,televenda,248.6,160,17.48,Client sense comprar des de fa 409 dies. Historial previ de 1652 dies. Possible pèrdua de compte. Requereix trucada de reactivació.,,
40268,Zaragoza,Bioseguridad,perdut,0.878,1086.44,953.74,132.7,389,2025-12-01,perdut,baixa,televenda,236.3,152,17.47,Client sense comprar des de fa 389 dies. Historial previ de 1098 dies. Possible pèrdua de compte. Requereix trucada de reactivació.,,
1000080379,Madrid,Bioseguridad,perdut,0.207,879.2,181.9,697.3,1237,2025-12-01,perdut,baixa,televenda,,1237,17.43,Client sense comprar des de fa 1237 dies. Historial previ de 1237 dies. Possible pèrdua de compte. Requereix trucada de reactivació.,,
42292,Toledo,Bioseguridad,perdut,0.756,1667.34,1260.07,407.27,180,2025-12-01,perdut,baixa,televenda,126.8,53,17.43,Client sense comprar des de fa 180 dies. Historial previ de 1321 dies. Possible pèrdua de compte. Requereix trucada de reactivació.,,
1000065895,Madrid,Bioseguridad,perdut,0.359,1086.44,389.52,696.92,635,2025-12-01,perdut,baixa,televenda,,635,17.42,Client sense comprar des de fa 635 dies. Historial previ de 635 dies. Possible pèrdua de compte. Requereix trucada de reactivació.,,
42239,Badajoz,Bioseguridad,perdut,0.955,1086.44,1037.24,49.2,445,2025-12-01,perdut,baixa,televenda,271.7,173,17.3,Client sense comprar des de fa 445 dies. Historial previ de 1260 dies. Possible pèrdua de compte. Requereix trucada de reactivació.,,
1000079088,Sevilla,Anestesia,perdut,0.493,6820.08,3360.43,3459.65,566,2025-12-01,perdut,baixa,televenda,521.5,44,17.3,Client sense comprar des de fa 566 dies. Historial previ de 1609 dies. Possible pèrdua de compte. Requereix trucada de reactivació.,,
1000081824,Almería,Bioseguridad,perdut,0.599,1086.44,650.95,435.49,790,2025-12-01,perdut,baixa,televenda,483.0,307,17.26,Client sense comprar des de fa 790 dies. Historial previ de 1273 dies. Possible pèrdua de compte. Requereix trucada de reactivació.,,
42233,Murcia,Bioseguridad,perdut,0.365,1086.44,396.96,689.48,796,2025-12-01,perdut,baixa,televenda,,796,17.24,Client sense comprar des de fa 796 dies. Historial previ de 796 dies. Possible pèrdua de compte. Requereix trucada de reactivació.,,
1000100515,Barcelona,Bioseguridad,perdut,0.366,1086.44,397.52,688.92,263,2025-12-01,perdut,baixa,televenda,,263,17.22,Client sense comprar des de fa 263 dies. Historial previ de 263 dies. Possible pèrdua de compte. Requereix trucada de reactivació.,,
1000075238,Cádiz,Anestesia,perdut,1.0,2223.12,3084.96,0.0,293,2025-12-01,perdut,baixa,televenda,223.2,69,17.18,Client sense comprar des de fa 293 dies. Historial previ de 1186 dies. Possible pèrdua de compte. Requereix trucada de reactivació.,,
11712,Córdoba,Anestesia,perdut,1.0,2223.12,5815.79,0.0,314,2025-12-01,perdut,baixa,televenda,240.0,74,17.14,Client sense comprar des de fa 314 dies. Historial previ de 1754 dies. Possible pèrdua de compte. Requereix trucada de reactivació.,,
1000068599,Sta.Cruz Tenerife,Anestesia,perdut,1.0,4546.72,7617.87,0.0,161,2025-12-01,perdut,baixa,televenda,139.3,21,17.14,Client sense comprar des de fa 161 dies. Historial previ de 1693 dies. Possible pèrdua de compte. Requereix trucada de reactivació.,,
1000100316,Madrid,Bioseguridad,perdut,0.369,1086.44,401.29,685.15,279,2025-12-01,perdut,baixa,televenda,,279,17.13,Client sense comprar des de fa 279 dies. Historial previ de 279 dies. Possible pèrdua de compte. Requereix trucada de reactivació.,,
11664,Orense,Anestesia,perdut,1.0,1802.36,2139.15,0.0,222,2025-12-01,perdut,baixa,televenda,160.5,61,17.13,Client sense comprar des de fa 222 dies. Historial previ de 543 dies. Possible pèrdua de compte. Requereix trucada de reactivació.,,
5067,Gipúzkoa,Anestesia,perdut,1.0,2223.12,4624.37,0.0,426,2025-12-01,perdut,baixa,televenda,325.8,100,17.06,Client sense comprar des de fa 426 dies. Historial previ de 1729 dies. Possible pèrdua de compte. Requereix trucada de reactivació.,,
11760,Ciudad Real,Anestesia,perdut,1.0,6820.08,33045.75,0.0,208,2025-12-01,perdut,baixa,televenda,276.2,0,17.05,Client sense comprar des de fa 208 dies. Historial previ de 1589 dies. Possible pèrdua de compte. Requereix trucada de reactivació.,,
801,Valencia,Bioseguridad,promiscu,0.677,879.2,595.25,283.95,7,2025-12-01,finestra_captura,mitjana,delegat,1329.0,0,17.04,Client PROMISCU d'Bioseguridad en FINESTRA DE CAPTURA. Cicle: 1329 dies. Share: 68%. Gap: 284€/any. Moment òptim per contactar.,0.0,2029-07-15
7586,Valladolid,Bioseguridad,perdut,0.373,1086.44,405.06,681.38,196,2025-12-01,perdut,baixa,televenda,,196,17.03,Client sense comprar des de fa 196 dies. Historial previ de 196 dies. Possible pèrdua de compte. Requereix trucada de reactivació.,,
31317,Almería,Bioseguridad,perdut,0.373,1086.44,405.06,681.38,193,2025-12-01,perdut,baixa,televenda,,193,17.03,Client sense comprar des de fa 193 dies. Historial previ de 193 dies. Possible pèrdua de compte. Requereix trucada de reactivació.,,
1000076950,Burgos,Bioseguridad,perdut,0.373,1086.44,405.06,681.38,235,2025-12-01,perdut,baixa,televenda,,235,17.03,Client sense comprar des de fa 235 dies. Historial previ de 235 dies. Possible pèrdua de compte. Requereix trucada de reactivació.,,
42646,Granada,Anestesia,perdut,1.0,2223.12,2282.55,0.0,150,2025-12-01,perdut,baixa,televenda,114.2,35,17.03,Client sense comprar des de fa 150 dies. Historial previ de 607 dies. Possible pèrdua de compte. Requereix trucada de reactivació.,,
11137,Zaragoza,Bioseguridad,nou,0.922,1086.44,1001.44,85.0,-1,2025-12-01,monitoritzar,baixa,televenda,68.0,0,17.0,Client NOU (67 dies d'historial). Primers pedidos registrats. Fer seguiment de consolidació per assegurar fidelització.,,
1000080831,Madrid,Bioseguridad,perdut,1.0,1086.44,6392.18,0.0,185,2025-12-01,perdut,baixa,televenda,113.6,71,16.98,Client sense comprar des de fa 185 dies. Historial previ de 1775 dies. Possible pèrdua de compte. Requereix trucada de reactivació.,,
30542,Burgos,Bioseguridad,perdut,0.23,879.2,202.53,676.67,235,2025-12-01,perdut,baixa,televenda,,235,16.92,Client sense comprar des de fa 235 dies. Historial previ de 235 dies. Possible pèrdua de compte. Requereix trucada de reactivació.,,
27364,Madrid,Anestesia,perdut,1.0,3410.04,5993.01,0.0,145,2025-12-01,perdut,baixa,televenda,121.0,24,16.91,Client sense comprar des de fa 145 dies. Historial previ de 1718 dies. Possible pèrdua de compte. Requereix trucada de reactivació.,,
1000100486,Palencia,Anestesia,perdut,0.559,2223.12,1243.32,979.8,434,2025-12-01,perdut,baixa,televenda,333.0,101,16.86,Client sense comprar des de fa 434 dies. Historial previ de 767 dies. Possible pèrdua de compte. Requereix trucada de reactivació.,,
41079,Sevilla,Anestesia,perdut,1.0,4546.72,4928.27,0.0,266,2025-12-01,perdut,baixa,televenda,232.0,34,16.66,Client sense comprar des de fa 266 dies. Historial previ de 962 dies. Possible pèrdua de compte. Requereix trucada de reactivació.,,
1000082143,Granada,Anestesia,perdut,1.0,2223.12,8558.53,0.0,161,2025-12-01,perdut,baixa,televenda,123.5,37,16.65,Client sense comprar des de fa 161 dies. Historial previ de 1643 dies. Possible pèrdua de compte. Requereix trucada de reactivació.,,
1000079886,Valladolid,Bioseguridad,perdut,1.0,1086.44,2386.39,0.0,587,2025-12-01,perdut,baixa,televenda,364.0,223,16.64,Client sense comprar des de fa 587 dies. Historial previ de 1679 dies. Possible pèrdua de compte. Requereix trucada de reactivació.,,
1000078324,Albacete,Anestesia,perdut,0.593,2223.12,1317.83,905.29,434,2025-12-01,perdut,baixa,televenda,334.0,100,16.64,Client sense comprar des de fa 434 dies. Historial previ de 768 dies. Possible pèrdua de compte. Requereix trucada de reactivació.,,
22710,Málaga,Bioseguridad,perdut,1.0,1086.44,3859.43,0.0,151,2025-12-01,perdut,baixa,televenda,93.9,57,16.48,Client sense comprar des de fa 151 dies. Historial previ de 1748 dies. Possible pèrdua de compte. Requereix trucada de reactivació.,,
26509,Cuenca,Anestesia,perdut,0.865,2223.12,1923.05,300.07,599,2025-12-01,perdut,baixa,televenda,462.0,137,16.48,Client sense comprar des de fa 599 dies. Historial previ de 1523 dies. Possible pèrdua de compte. Requereix trucada de reactivació.,,
1000077538,Sta.Cruz Tenerife,Bioseguridad,perdut,1.0,1086.44,3029.82,0.0,276,2025-12-01,perdut,baixa,televenda,172.0,104,16.42,Client sense comprar des de fa 276 dies. Historial previ de 1480 dies. Possible pèrdua de compte. Requereix trucada de reactivació.,,
12422,A Coruña,Anestesia,perdut,0.278,4546.72,1263.2,3283.52,131,2025-12-01,perdut,baixa,televenda,301.0,0,16.42,Client sense comprar des de fa 131 dies. Historial previ de 1335 dies. Possible pèrdua de compte. Requereix trucada de reactivació.,,
41409,Madrid,Bioseguridad,perdut,0.398,1086.44,432.25,654.19,1743,2025-12-01,perdut,baixa,televenda,,1743,16.35,Client sense comprar des de fa 1743 dies. Historial previ de 1743 dies. Possible pèrdua de compte. Requereix trucada de reactivació.,,
1000077876,Sta.Cruz Tenerife,Bioseguridad,perdut,0.398,1086.44,432.25,654.19,1474,2025-12-01,perdut,baixa,televenda,,1474,16.35,Client sense comprar des de fa 1474 dies. Historial previ de 1474 dies. Possible pèrdua de compte. Requereix trucada de reactivació.,,
1000067232,Zaragoza,Bioseguridad,perdut,0.258,879.2,226.99,652.21,962,2025-12-01,perdut,baixa,televenda,,962,16.31,Client sense comprar des de fa 962 dies. Historial previ de 962 dies. Possible pèrdua de compte. Requereix trucada de reactivació.,,
34501,Valladolid,Bioseguridad,perdut,0.401,1086.44,436.11,650.33,1260,2025-12-01,perdut,baixa,televenda,,1260,16.26,Client sense comprar des de fa 1260 dies. Historial previ de 1260 dies. Possible pèrdua de compte. Requereix trucada de reactivació.,,
1000079729,Madrid,Anestesia,perdut,0.747,2223.12,1660.31,562.81,402,2025-12-01,perdut,baixa,televenda,311.0,91,16.26,Client sense comprar des de fa 402 dies. Historial previ de 1335 dies. Possible pèrdua de compte. Requereix trucada de reactivació.,,
23463,Valladolid,Anestesia,perdut,1.0,1802.36,3553.73,0.0,272,2025-12-01,perdut,baixa,televenda,199.7,72,16.25,Client sense comprar des de fa 272 dies. Historial previ de 1470 dies. Possible pèrdua de compte. Requereix trucada de reactivació.,,
1963,Salamanca,Anestesia,perdut,1.0,2223.12,4065.68,0.0,292,2025-12-01,perdut,baixa,televenda,226.0,66,16.23,Client sense comprar des de fa 292 dies. Historial previ de 1648 dies. Possible pèrdua de compte. Requereix trucada de reactivació.,,
11014,Madrid,Anestesia,perdut,1.0,2223.12,4091.3,0.0,364,2025-12-01,perdut,baixa,televenda,281.4,82,16.2,Client sense comprar des de fa 364 dies. Historial previ de 1771 dies. Possible pèrdua de compte. Requereix trucada de reactivació.,,
2709,Madrid,Bioseguridad,perdut,1.0,1086.44,7310.86,0.0,180,2025-12-01,perdut,baixa,televenda,112.4,67,16.19,Client sense comprar des de fa 180 dies. Historial previ de 1641 dies. Possible pèrdua de compte. Requereix trucada de reactivació.,,
35590,Sevilla,Anestesia,perdut,1.0,3410.04,12103.84,0.0,157,2025-12-01,perdut,baixa,televenda,131.7,25,16.18,Client sense comprar des de fa 157 dies. Historial previ de 1606 dies. Possible pèrdua de compte. Requereix trucada de reactivació.,,
1000068858,Madrid,Bioseguridad,perdut,1.0,879.2,1162.14,0.0,816,2025-12-01,perdut,baixa,televenda,470.0,346,16.18,Client sense comprar des de fa 816 dies. Historial previ de 1756 dies. Possible pèrdua de compte. Requereix trucada de reactivació.,,
9576,Málaga,Anestesia,perdut,1.0,2223.12,3086.15,0.0,249,2025-12-01,perdut,baixa,televenda,192.4,56,16.18,Client sense comprar des de fa 249 dies. Historial previ de 1788 dies. Possible pèrdua de compte. Requereix trucada de reactivació.,,
1000075368,A Coruña,Anestesia,perdut,1.0,2223.12,3730.48,0.0,343,2025-12-01,perdut,baixa,televenda,265.8,77,16.1,Client sense comprar des de fa 343 dies. Historial previ de 1672 dies. Possible pèrdua de compte. Requereix trucada de reactivació.,,
4725,Madrid,Anestesia,perdut,0.789,1802.36,1421.3,381.06,614,2025-12-01,perdut,baixa,televenda,452.5,161,16.03,Client sense comprar des de fa 614 dies. Historial previ de 1519 dies. Possible pèrdua de compte. Requereix trucada de reactivació.,,
1000079022,Zaragoza,Bioseguridad,perdut,0.479,1086.44,520.36,566.08,930,2025-12-01,perdut,baixa,televenda,594.0,336,16.01,Client sense comprar des de fa 930 dies. Historial previ de 1524 dies. Possible pèrdua de compte. Requereix trucada de reactivació.,,
24597,Asturias,Bioseguridad,perdut,1.0,1667.34,1969.31,0.0,503,2025-12-01,perdut,baixa,televenda,363.5,139,15.94,Client sense comprar des de fa 503 dies. Historial previ de 1230 dies. Possible pèrdua de compte. Requereix trucada de reactivació.,,
34641,,Bioseguridad,perdut,0.414,1086.44,449.9,636.54,1531,2025-12-01,perdut,baixa,televenda,,1531,15.91,Client sense comprar des de fa 1531 dies. Historial previ de 1531 dies. Possible pèrdua de compte. Requereix trucada de reactivació.,,
1000080682,Ciudad Real,Bioseguridad,perdut,0.414,1086.44,449.9,636.54,1460,2025-12-01,perdut,baixa,televenda,,1460,15.91,Client sense comprar des de fa 1460 dies. Historial previ de 1460 dies. Possible pèrdua de compte. Requereix trucada de reactivació.,,
8349,Albacete,Bioseguridad,perdut,1.0,1086.44,1999.17,0.0,558,2025-12-01,perdut,baixa,televenda,352.0,206,15.9,Client sense comprar des de fa 558 dies. Historial previ de 1614 dies. Possible pèrdua de compte. Requereix trucada de reactivació.,,
2771,Madrid,Bioseguridad,perdut,0.418,1086.44,453.98,632.46,1039,2025-12-01,perdut,baixa,televenda,,1039,15.81,Client sense comprar des de fa 1039 dies. Historial previ de 1039 dies. Possible pèrdua de compte. Requereix trucada de reactivació.,,
1000082587,Madrid,Bioseguridad,perdut,0.418,1086.44,454.54,631.9,1258,2025-12-01,perdut,baixa,televenda,,1258,15.8,Client sense comprar des de fa 1258 dies. Historial previ de 1258 dies. Possible pèrdua de compte. Requereix trucada de reactivació.,,
13152,Barcelona,Anestesia,perdut,1.0,1802.36,3002.51,0.0,305,2025-12-01,perdut,baixa,televenda,225.3,79,15.8,Client sense comprar des de fa 305 dies. Historial previ de 1657 dies. Possible pèrdua de compte. Requereix trucada de reactivació.,,
1000079101,León,Anestesia,perdut,1.0,3410.04,5341.98,0.0,493,2025-12-01,perdut,baixa,televenda,415.7,77,15.79,Client sense comprar des de fa 493 dies. Historial previ de 1740 dies. Possible pèrdua de compte. Requereix trucada de reactivació.,,
35506,Huelva,Bioseguridad,perdut,0.422,1086.44,458.98,627.46,1529,2025-12-01,perdut,baixa,televenda,,1529,15.69,Client sense comprar des de fa 1529 dies. Historial previ de 1529 dies. Possible pèrdua de compte. Requereix trucada de reactivació.,,
26119,Navarra,Bioseguridad,perdut,0.422,1086.44,458.98,627.46,1746,2025-12-01,perdut,baixa,televenda,,1746,15.69,Client sense comprar des de fa 1746 dies. Historial previ de 1746 dies. Possible pèrdua de compte. Requereix trucada de reactivació.,,
3161,Málaga,Bioseguridad,perdut,0.287,879.2,252.14,627.06,1608,2025-12-01,perdut,baixa,televenda,,1608,15.68,Client sense comprar des de fa 1608 dies. Historial previ de 1608 dies. Possible pèrdua de compte. Requereix trucada de reactivació.,,
7356,A Coruña,Anestesia,perdut,1.0,3410.04,3784.58,0.0,388,2025-12-01,perdut,baixa,televenda,327.2,60,15.63,Client sense comprar des de fa 388 dies. Historial previ de 1697 dies. Possible pèrdua de compte. Requereix trucada de reactivació.,,
42591,Ciudad Real,Bioseguridad,perdut,0.978,1086.44,1062.22,24.22,91,2025-12-01,perdut,baixa,televenda,57.4,33,15.62,Client sense comprar des de fa 91 dies. Historial previ de 837 dies. Possible pèrdua de compte. Requereix trucada de reactivació.,,
1000081496,Cantabria,Bioseguridad,perdut,1.0,1086.44,4337.0,0.0,458,2025-12-01,perdut,baixa,televenda,291.0,167,15.59,Client sense comprar des de fa 458 dies. Historial previ de 1622 dies. Possible pèrdua de compte. Requereix trucada de reactivació.,,
1000067305,Castellón,Bioseguridad,perdut,1.0,1086.44,2413.09,0.0,655,2025-12-01,perdut,baixa,televenda,417.0,238,15.5,Client sense comprar des de fa 655 dies. Historial previ de 1489 dies. Possible pèrdua de compte. Requereix trucada de reactivació.,,
24539,Granada,Bioseguridad,perdut,0.613,1086.44,666.49,419.95,776,2025-12-01,perdut,baixa,televenda,494.0,282,15.5,Client sense comprar des de fa 776 dies. Historial previ de 1764 dies. Possible pèrdua de compte. Requereix trucada de reactivació.,,
41446,León,Anestesia,perdut,0.887,2223.12,1972.93,250.19,560,2025-12-01,perdut,baixa,televenda,437.5,122,15.5,Client sense comprar des de fa 560 dies. Historial previ de 1435 dies. Possible pèrdua de compte. Requereix trucada de reactivació.,,
188,Sevilla,Bioseguridad,perdut,1.0,1086.44,3361.4,0.0,425,2025-12-01,perdut,baixa,televenda,270.2,154,15.48,Client sense comprar des de fa 425 dies. Historial previ de 1776 dies. Possible pèrdua de compte. Requereix trucada de reactivació.,,
1000100486,Palencia,Bioseguridad,perdut,0.43,1086.44,467.42,619.02,598,2025-12-01,perdut,baixa,televenda,,598,15.48,Client sense comprar des de fa 598 dies. Historial previ de 598 dies. Possible pèrdua de compte. Requereix trucada de reactivació.,,
10494,Vizcaya,Anestesia,perdut,1.0,2223.12,7979.21,0.0,221,2025-12-01,perdut,baixa,televenda,172.5,48,15.47,Client sense comprar des de fa 221 dies. Historial previ de 1601 dies. Possible pèrdua de compte. Requereix trucada de reactivació.,,
41499,Ciudad Real,Bioseguridad,perdut,1.0,1086.44,1640.52,0.0,208,2025-12-01,perdut,baixa,televenda,132.5,75,15.38,Client sense comprar des de fa 208 dies. Historial previ de 1665 dies. Possible pèrdua de compte. Requereix trucada de reactivació.,,
1000080660,Sta.Cruz Tenerife,Anestesia,perdut,0.636,4546.72,2892.14,1654.58,194,2025-12-01,perdut,baixa,televenda,170.3,23,15.35,Client sense comprar des de fa 194 dies. Historial previ de 705 dies. Possible pèrdua de compte. Requereix trucada de reactivació.,,
1000080365,Madrid,Bioseguridad,perdut,1.0,1086.44,3435.94,0.0,241,2025-12-01,perdut,baixa,televenda,154.0,87,15.34,Client sense comprar des de fa 241 dies. Historial previ de 1319 dies. Possible pèrdua de compte. Requereix trucada de reactivació.,,
1000068451,Almería,Bioseguridad,perdut,0.435,1086.44,472.7,613.74,817,2025-12-01,perdut,baixa,televenda,,817,15.34,Client sense comprar des de fa 817 dies. Historial previ de 817 dies. Possible pèrdua de compte. Requereix trucada de reactivació.,,
1000060172,Murcia,Bioseguridad,perdut,0.435,1086.44,472.7,613.74,809,2025-12-01,perdut,baixa,televenda,,809,15.34,Client sense comprar des de fa 809 dies. Historial previ de 809 dies. Possible pèrdua de compte. Requereix trucada de reactivació.,,
1000082676,Madrid,Bioseguridad,perdut,0.435,1086.44,472.7,613.74,734,2025-12-01,perdut,baixa,televenda,,734,15.34,Client sense comprar des de fa 734 dies. Historial previ de 734 dies. Possible pèrdua de compte. Requereix trucada de reactivació.,,
1000100606,Madrid,Bioseguridad,perdut,0.769,1086.44,836.0,250.44,297,2025-12-01,perdut,baixa,televenda,190.0,107,15.3,Client sense comprar des de fa 297 dies. Historial previ de 677 dies. Possible pèrdua de compte. Requereix trucada de reactivació.,,
1000081540,Granada,Bioseguridad,perdut,0.318,1086.44,345.56,740.88,907,2025-12-01,perdut,baixa,televenda,643.0,264,15.21,Client sense comprar des de fa 907 dies. Historial previ de 1550 dies. Possible pèrdua de compte. Requereix trucada de reactivació.,,
1000100138,Murcia,Anestesia,perdut,1.0,2223.12,2904.62,0.0,248,2025-12-01,perdut,baixa,televenda,194.2,53,15.16,Client sense comprar des de fa 248 dies. Historial previ de 1025 dies. Possible pèrdua de compte. Requereix trucada de reactivació.,,
39982,Navarra,Bioseguridad,perdut,1.0,879.2,2977.98,0.0,356,2025-12-01,perdut,baixa,televenda,210.2,145,15.16,Client sense comprar des de fa 356 dies. Historial previ de 1407 dies. Possible pèrdua de compte. Requereix trucada de reactivació.,,
1000100007,Alicante,Anestesia,perdut,1.0,2223.12,6044.93,0.0,304,2025-12-01,perdut,baixa,televenda,238.6,65,15.14,Client sense comprar des de fa 304 dies. Historial previ de 1497 dies. Possible pèrdua de compte. Requereix trucada de reactivació.,,
22813,Madrid,Anestesia,perdut,1.0,2223.12,8531.6,0.0,216,2025-12-01,perdut,baixa,televenda,169.1,46,15.11,Client sense comprar des de fa 216 dies. Historial previ de 1400 dies. Possible pèrdua de compte. Requereix trucada de reactivació.,,
32268,Madrid,Bioseguridad,perdut,1.0,1086.44,4069.95,0.0,206,2025-12-01,perdut,baixa,televenda,132.2,73,15.0,Client sense comprar des de fa 206 dies. Historial previ de 1792 dies. Possible pèrdua de compte. Requereix trucada de reactivació.,,
33274,Vizcaya,Anestesia,perdut,1.0,5683.4,12674.77,0.0,241,2025-12-01,perdut,baixa,televenda,218.0,23,14.99,Client sense comprar des de fa 241 dies. Historial previ de 1767 dies. Possible pèrdua de compte. Requereix trucada de reactivació.,,
1000078634,Sta.Cruz Tenerife,Bioseguridad,perdut,1.0,1086.44,3085.99,0.0,285,2025-12-01,perdut,baixa,televenda,183.9,101,14.92,Client sense comprar des de fa 285 dies. Historial previ de 1756 dies. Possible pèrdua de compte. Requereix trucada de reactivació.,,
1000071997,Las Palmas,Anestesia,perdut,0.128,3410.04,437.0,2973.04,297,2025-12-01,perdut,baixa,televenda,358.8,0,14.87,Client sense comprar des de fa 297 dies. Historial previ de 1732 dies. Possible pèrdua de compte. Requereix trucada de reactivació.,,
33889,Granada,Bioseguridad,perdut,0.327,879.2,287.88,591.32,1487,2025-12-01,perdut,baixa,televenda,,1487,14.78,Client sense comprar des de fa 1487 dies. Historial previ de 1487 dies. Possible pèrdua de compte. Requereix trucada de reactivació.,,
9662,Albacete,Bioseguridad,perdut,0.327,879.2,287.88,591.32,1673,2025-12-01,perdut,baixa,televenda,,1673,14.78,Client sense comprar des de fa 1673 dies. Historial previ de 1673 dies. Possible pèrdua de compte. Requereix trucada de reactivació.,,
1000080600,Murcia,Bioseguridad,perdut,0.331,879.2,290.73,588.47,1369,2025-12-01,perdut,baixa,televenda,,1369,14.71,Client sense comprar des de fa 1369 dies. Historial previ de 1369 dies. Possible pèrdua de compte. Requereix trucada de reactivació.,,
1000101214,Granada,Bioseguridad,perdut,0.333,879.2,293.06,586.14,399,2025-12-01,perdut,baixa,televenda,,399,14.65,Client sense comprar des de fa 399 dies. Historial previ de 399 dies. Possible pèrdua de compte. Requereix trucada de reactivació.,,
11402,Asturias,Bioseguridad,perdut,1.0,2223.12,4574.98,0.0,510,2025-12-01,perdut,baixa,televenda,403.7,106,14.59,Client sense comprar des de fa 510 dies. Historial previ de 1721 dies. Possible pèrdua de compte. Requereix trucada de reactivació.,,
12810,Barcelona,Bioseguridad,perdut,0.464,1086.44,504.32,582.12,1756,2025-12-01,perdut,baixa,televenda,,1756,14.55,Client sense comprar des de fa 1756 dies. Historial previ de 1756 dies. Possible pèrdua de compte. Requereix trucada de reactivació.,,
1000056892,Almería,Bioseguridad,perdut,0.464,1086.44,504.32,582.12,1726,2025-12-01,perdut,baixa,televenda,,1726,14.55,Client sense comprar des de fa 1726 dies. Historial previ de 1726 dies. Possible pèrdua de compte. Requereix trucada de reactivació.,,
29035,Girona,Bioseguridad,perdut,0.469,1086.44,509.05,577.39,1166,2025-12-01,perdut,baixa,televenda,,1166,14.43,Client sense comprar des de fa 1166 dies. Historial previ de 1166 dies. Possible pèrdua de compte. Requereix trucada de reactivació.,,
1778,Pontevedra,Bioseguridad,perdut,0.469,1086.44,509.31,577.13,1175,2025-12-01,perdut,baixa,televenda,,1175,14.43,Client sense comprar des de fa 1175 dies. Historial previ de 1175 dies. Possible pèrdua de compte. Requereix trucada de reactivació.,,
34172,Madrid,Bioseguridad,perdut,0.344,879.2,302.35,576.85,915,2025-12-01,perdut,baixa,televenda,,915,14.42,Client sense comprar des de fa 915 dies. Historial previ de 915 dies. Possible pèrdua de compte. Requereix trucada de reactivació.,,
21083,Pontevedra,Bioseguridad,perdut,0.344,879.2,302.35,576.85,860,2025-12-01,perdut,baixa,televenda,,860,14.42,Client sense comprar des de fa 860 dies. Historial previ de 860 dies. Possible pèrdua de compte. Requereix trucada de reactivació.,,
1000080819,Madrid,Anestesia,perdut,1.0,2223.12,3138.72,0.0,369,2025-12-01,perdut,baixa,televenda,293.0,76,14.42,Client sense comprar des de fa 369 dies. Historial previ de 955 dies. Possible pèrdua de compte. Requereix trucada de reactivació.,,
1000079934,Sta.Cruz Tenerife,Anestesia,perdut,1.0,2223.12,2979.61,0.0,634,2025-12-01,perdut,baixa,televenda,504.0,130,14.34,Client sense comprar des de fa 634 dies. Historial previ de 1642 dies. Possible pèrdua de compte. Requereix trucada de reactivació.,,
12319,Cuenca,Anestesia,perdut,1.0,1802.36,7258.56,0.0,250,2025-12-01,perdut,baixa,televenda,189.1,60,14.29,Client sense comprar des de fa 250 dies. Historial previ de 1763 dies. Possible pèrdua de compte. Requereix trucada de reactivació.,,
1000100591,Valladolid,Bioseguridad,perdut,0.476,1086.44,516.78,569.66,187,2025-12-01,perdut,baixa,televenda,,187,14.24,Client sense comprar des de fa 187 dies. Historial previ de 187 dies. Possible pèrdua de compte. Requereix trucada de reactivació.,,
33731,Madrid,Anestesia,perdut,1.0,5683.4,7787.14,0.0,201,2025-12-01,perdut,baixa,televenda,256.2,0,14.21,Client sense comprar des de fa 201 dies. Historial previ de 1482 dies. Possible pèrdua de compte. Requereix trucada de reactivació.,,
30348,León,Anestesia,perdut,0.877,5683.4,4985.47,697.93,286,2025-12-01,perdut,baixa,televenda,343.2,0,14.21,Client sense comprar des de fa 286 dies. Historial previ de 1659 dies. Possible pèrdua de compte. Requereix trucada de reactivació.,,
1000100610,Pontevedra,Bioseguridad,perdut,0.358,879.2,314.57,564.63,411,2025-12-01,perdut,baixa,televenda,,411,14.12,Client sense comprar des de fa 411 dies. Historial previ de 411 dies. Possible pèrdua de compte. Requereix trucada de reactivació.,,
17316,Baleares,Anestesia,perdut,0.474,1802.36,854.77,947.59,588,2025-12-01,perdut,baixa,televenda,453.0,135,14.12,Client sense comprar des de fa 588 dies. Historial previ de 1494 dies. Possible pèrdua de compte. Requereix trucada de reactivació.,,
39287,Madrid,Anestesia,perdut,1.0,1802.36,4598.15,0.0,194,2025-12-01,perdut,baixa,televenda,147.2,46,14.08,Client sense comprar des de fa 194 dies. Historial previ de 1519 dies. Possible pèrdua de compte. Requereix trucada de reactivació.,,
11667,Madrid,Anestesia,perdut,1.0,3410.04,5313.71,0.0,290,2025-12-01,perdut,baixa,televenda,248.7,41,14.06,Client sense comprar des de fa 290 dies. Historial previ de 1782 dies. Possible pèrdua de compte. Requereix trucada de reactivació.,,
15569,Valladolid,Anestesia,perdut,1.0,2223.12,3021.84,0.0,683,2025-12-01,perdut,baixa,televenda,546.0,137,13.95,Client sense comprar des de fa 683 dies. Historial previ de 1775 dies. Possible pèrdua de compte. Requereix trucada de reactivació.,,
1262,Navarra,Bioseguridad,perdut,0.368,879.2,323.86,555.34,1691,2025-12-01,perdut,baixa,televenda,,1691,13.88,Client sense comprar des de fa 1691 dies. Historial previ de 1691 dies. Possible pèrdua de compte. Requereix trucada de reactivació.,,
1000073509,Alicante,Anestesia,perdut,1.0,3410.04,5771.27,0.0,158,2025-12-01,perdut,baixa,televenda,135.1,22,13.88,Client sense comprar des de fa 158 dies. Historial previ de 1644 dies. Possible pèrdua de compte. Requereix trucada de reactivació.,,
1000075384,Asturias,Anestesia,perdut,1.0,2223.12,5995.61,0.0,322,2025-12-01,perdut,baixa,televenda,257.4,64,13.82,Client sense comprar des de fa 322 dies. Historial previ de 1609 dies. Possible pèrdua de compte. Requereix trucada de reactivació.,,
42332,Madrid,Anestesia,perdut,1.0,2223.12,4537.17,0.0,222,2025-12-01,perdut,baixa,televenda,177.2,44,13.8,Client sense comprar des de fa 222 dies. Historial previ de 1285 dies. Possible pèrdua de compte. Requereix trucada de reactivació.,,
12329,A Coruña,Anestesia,perdut,1.0,4546.72,6227.75,0.0,241,2025-12-01,perdut,baixa,televenda,214.3,26,13.79,Client sense comprar des de fa 241 dies. Historial previ de 1741 dies. Possible pèrdua de compte. Requereix trucada de reactivació.,,
40320,Las Palmas,Anestesia,perdut,1.0,4546.72,7830.57,0.0,140,2025-12-01,perdut,baixa,televenda,124.2,15,13.73,Client sense comprar des de fa 140 dies. Historial previ de 885 dies. Possible pèrdua de compte. Requereix trucada de reactivació.,,
1000081560,Asturias,Bioseguridad,perdut,0.497,1086.44,540.17,546.27,396,2025-12-01,perdut,baixa,televenda,,396,13.66,Client sense comprar des de fa 396 dies. Historial previ de 396 dies. Possible pèrdua de compte. Requereix trucada de reactivació.,,
20472,Badajoz,Bioseguridad,perdut,0.497,1086.44,539.95,546.49,1508,2025-12-01,perdut,baixa,televenda,,1508,13.66,Client sense comprar des de fa 1508 dies. Historial previ de 1508 dies. Possible pèrdua de compte. Requereix trucada de reactivació.,,
25409,Cáceres,Bioseguridad,perdut,1.0,1086.44,5509.01,0.0,171,2025-12-01,perdut,baixa,televenda,113.5,57,13.64,Client sense comprar des de fa 171 dies. Historial previ de 1760 dies. Possible pèrdua de compte. Requereix trucada de reactivació.,,
15396,Pontevedra,Bioseguridad,perdut,0.482,879.2,423.96,455.24,745,2025-12-01,perdut,baixa,televenda,466.0,279,13.63,Client sense comprar des de fa 745 dies. Historial previ de 1211 dies. Possible pèrdua de compte. Requereix trucada de reactivació.,,
1000080751,Cantabria,Bioseguridad,perdut,0.38,879.2,334.22,544.98,563,2025-12-01,perdut,baixa,televenda,,563,13.62,Client sense comprar des de fa 563 dies. Historial previ de 563 dies. Possible pèrdua de compte. Requereix trucada de reactivació.,,
1000052454,Barcelona,Anestesia,perdut,1.0,2223.12,4492.76,0.0,123,2025-12-01,perdut,baixa,televenda,98.2,24,13.59,Client sense comprar des de fa 123 dies. Historial previ de 1792 dies. Possible pèrdua de compte. Requereix trucada de reactivació.,,
21989,Toledo,Bioseguridad,perdut,0.669,1086.44,726.85,359.59,1230,2025-12-01,perdut,baixa,televenda,,1230,13.58,Client sense comprar des de fa 1230 dies. Historial previ de 1230 dies. Possible pèrdua de compte. Requereix trucada de reactivació.,,
42322,Valladolid,Bioseguridad,perdut,0.653,1086.44,709.17,377.27,1165,2025-12-01,perdut,baixa,televenda,,1165,13.58,Client sense comprar des de fa 1165 dies. Historial previ de 1165 dies. Possible pèrdua de compte. Requereix trucada de reactivació.,,
1000062003,Sevilla,Bioseguridad,perdut,0.669,1086.44,726.85,359.59,1369,2025-12-01,perdut,baixa,televenda,,1369,13.58,Client sense comprar des de fa 1369 dies. Historial previ de 1369 dies. Possible pèrdua de compte. Requereix trucada de reactivació.,,
10936,Vizcaya,Bioseguridad,perdut,0.596,1086.44,647.72,438.72,1746,2025-12-01,perdut,baixa,televenda,,1746,13.58,Client sense comprar des de fa 1746 dies. Historial previ de 1746 dies. Possible pèrdua de compte. Requereix trucada de reactivació.,,
1000079894,Vizcaya,Bioseguridad,perdut,0.53,1086.44,575.75,510.69,1505,2025-12-01,perdut,baixa,televenda,,1505,13.58,Client sense comprar des de fa 1505 dies. Historial previ de 1505 dies. Possible pèrdua de compte. Requereix trucada de reactivació.,,
1000082670,Granada,Bioseguridad,perdut,0.836,1086.44,908.7,177.74,1152,2025-12-01,perdut,baixa,televenda,,1152,13.58,Client sense comprar des de fa 1152 dies. Historial previ de 1152 dies. Possible pèrdua de compte. Requereix trucada de reactivació.,,
3930,Lugo,Bioseguridad,perdut,0.596,1086.44,647.72,438.72,1735,2025-12-01,perdut,baixa,televenda,,1735,13.58,Client sense comprar des de fa 1735 dies. Historial previ de 1735 dies. Possible pèrdua de compte. Requereix trucada de reactivació.,,
5748,Granada,Bioseguridad,perdut,0.76,1086.44,825.69,260.75,685,2025-12-01,perdut,baixa,televenda,,685,13.58,Client sense comprar des de fa 685 dies. Historial previ de 685 dies. Possible pèrdua de compte. Requereix trucada de reactivació.,,
1000101576,Alicante,Bioseguridad,perdut,0.717,1086.44,779.03,307.41,371,2025-12-01,perdut,baixa,televenda,,371,13.58,Client sense comprar des de fa 371 dies. Historial previ de 371 dies. Possible pèrdua de compte. Requereix trucada de reactivació.,,
22281,Granada,Bioseguridad,perdut,0.746,1086.44,810.12,276.32,194,2025-12-01,perdut,baixa,televenda,,194,13.58,Client sense comprar des de fa 194 dies. Historial previ de 194 dies. Possible pèrdua de compte. Requereix trucada de reactivació.,,
1000066500,Jaén,Bioseguridad,perdut,0.502,1086.44,545.32,541.12,1299,2025-12-01,perdut,baixa,televenda,,1299,13.58,Client sense comprar des de fa 1299 dies. Historial previ de 1299 dies. Possible pèrdua de compte. Requereix trucada de reactivació.,,
27159,Vizcaya,Bioseguridad,perdut,0.724,1086.44,786.38,300.06,342,2025-12-01,perdut,baixa,televenda,,342,13.58,Client sense comprar des de fa 342 dies. Historial previ de 342 dies. Possible pèrdua de compte. Requereix trucada de reactivació.,,
1000100245,Valladolid,Bioseguridad,perdut,0.627,1086.44,680.94,405.5,936,2025-12-01,perdut,baixa,televenda,,936,13.58,Client sense comprar des de fa 936 dies. Historial previ de 936 dies. Possible pèrdua de compte. Requereix trucada de reactivació.,,
36653,Navarra,Bioseguridad,perdut,0.746,1086.44,810.12,276.32,305,2025-12-01,perdut,baixa,televenda,,305,13.58,Client sense comprar des de fa 305 dies. Historial previ de 305 dies. Possible pèrdua de compte. Requereix trucada de reactivació.,,
37065,Granada,Bioseguridad,perdut,0.663,1086.44,720.06,366.38,1467,2025-12-01,perdut,baixa,televenda,,1467,13.58,Client sense comprar des de fa 1467 dies. Historial previ de 1467 dies. Possible pèrdua de compte. Requereix trucada de reactivació.,,
1000078475,Sta.Cruz Tenerife,Bioseguridad,perdut,0.507,1086.44,550.47,535.97,434,2025-12-01,perdut,baixa,televenda,,434,13.58,Client sense comprar des de fa 434 dies. Historial previ de 434 dies. Possible pèrdua de compte. Requereix trucada de reactivació.,,
1000100500,Madrid,Bioseguridad,perdut,0.539,1086.44,586.11,500.33,404,2025-12-01,perdut,baixa,televenda,,404,13.58,Client sense comprar des de fa 404 dies. Historial previ de 404 dies. Possible pèrdua de compte. Requereix trucada de reactivació.,,
12205,Girona,Bioseguridad,perdut,0.535,1086.44,581.47,504.97,1403,2025-12-01,perdut,baixa,televenda,,1403,13.58,Client sense comprar des de fa 1403 dies. Historial previ de 1403 dies. Possible pèrdua de compte. Requereix trucada de reactivació.,,
14617,Almería,Bioseguridad,perdut,0.502,1086.44,545.32,541.12,1264,2025-12-01,perdut,baixa,televenda,,1264,13.58,Client sense comprar des de fa 1264 dies. Historial previ de 1264 dies. Possible pèrdua de compte. Requereix trucada de reactivació.,,
1000077085,Barcelona,Bioseguridad,perdut,0.596,1086.44,647.72,438.72,1690,2025-12-01,perdut,baixa,televenda,,1690,13.58,Client sense comprar des de fa 1690 dies. Historial previ de 1690 dies. Possible pèrdua de compte. Requereix trucada de reactivació.,,
12425,Granada,Bioseguridad,perdut,1.0,1086.44,1308.78,0.0,1106,2025-12-01,perdut,baixa,televenda,,1106,13.58,Client sense comprar des de fa 1106 dies. Historial previ de 1106 dies. Possible pèrdua de compte. Requereix trucada de reactivació.,,
30661,Vizcaya,Bioseguridad,perdut,1.0,1086.44,1511.72,0.0,728,2025-12-01,perdut,baixa,televenda,,728,13.58,Client sense comprar des de fa 728 dies. Historial previ de 728 dies. Possible pèrdua de compte. Requereix trucada de reactivació.,,
24661,Almería,Bioseguridad,perdut,0.597,1086.44,648.16,438.28,1699,2025-12-01,perdut,baixa,televenda,,1699,13.58,Client sense comprar des de fa 1699 dies. Historial previ de 1699 dies. Possible pèrdua de compte. Requereix trucada de reactivació.,,
7469,Vizcaya,Bioseguridad,perdut,0.994,1086.44,1079.91,6.53,1445,2025-12-01,perdut,baixa,televenda,,1445,13.58,Client sense comprar des de fa 1445 dies. Historial previ de 1445 dies. Possible pèrdua de compte. Requereix trucada de reactivació.,,
31380,Pontevedra,Bioseguridad,perdut,0.796,1086.44,864.54,221.9,1775,2025-12-01,perdut,baixa,televenda,,1775,13.58,Client sense comprar des de fa 1775 dies. Historial previ de 1775 dies. Possible pèrdua de compte. Requereix trucada de reactivació.,,
1000077389,Vizcaya,Bioseguridad,perdut,0.53,1086.44,576.35,510.09,1746,2025-12-01,perdut,baixa,televenda,,1746,13.58,Client sense comprar des de fa 1746 dies. Historial previ de 1746 dies. Possible pèrdua de compte. Requereix trucada de reactivació.,,
12440,Granada,Bioseguridad,perdut,0.669,1086.44,726.85,359.59,1337,2025-12-01,perdut,baixa,televenda,,1337,13.58,Client sense comprar des de fa 1337 dies. Historial previ de 1337 dies. Possible pèrdua de compte. Requereix trucada de reactivació.,,
1000077000,León,Bioseguridad,perdut,0.724,1086.44,786.38,300.06,439,2025-12-01,perdut,baixa,televenda,,439,13.58,Client sense comprar des de fa 439 dies. Historial previ de 439 dies. Possible pèrdua de compte. Requereix trucada de reactivació.,,
42646,Granada,Bioseguridad,perdut,0.724,1086.44,786.38,300.06,459,2025-12-01,perdut,baixa,televenda,,459,13.58,Client sense comprar des de fa 459 dies. Historial previ de 459 dies. Possible pèrdua de compte. Requereix trucada de reactivació.,,
35435,Madrid,Bioseguridad,perdut,1.0,2223.12,3636.82,0.0,179,2025-12-01,perdut,baixa,televenda,143.5,35,13.56,Client sense comprar des de fa 179 dies. Historial previ de 1614 dies. Possible pèrdua de compte. Requereix trucada de reactivació.,,
1000068328,Cádiz,Bioseguridad,perdut,0.875,1086.44,950.45,135.99,763,2025-12-01,perdut,baixa,televenda,509.5,253,13.49,Client sense comprar des de fa 763 dies. Historial previ de 1782 dies. Possible pèrdua de compte. Requereix trucada de reactivació.,,
1000074517,Madrid,Bioseguridad,perdut,1.0,1086.44,7648.1,0.0,94,2025-12-01,perdut,baixa,televenda,62.5,31,13.48,Client sense comprar des de fa 94 dies. Historial previ de 1781 dies. Possible pèrdua de compte. Requereix trucada de reactivació.,,
1000066596,Barcelona,Bioseguridad,perdut,1.0,1667.34,4393.38,0.0,277,2025-12-01,perdut,baixa,televenda,209.4,67,13.34,Client sense comprar des de fa 277 dies. Historial previ de 1743 dies. Possible pèrdua de compte. Requereix trucada de reactivació.,,
32215,Cáceres,Anestesia,perdut,1.0,1802.36,6528.73,0.0,185,2025-12-01,perdut,baixa,televenda,142.6,42,13.28,Client sense comprar des de fa 185 dies. Historial previ de 1468 dies. Possible pèrdua de compte. Requereix trucada de reactivació.,,
1000081074,Murcia,Anestesia,perdut,0.941,2223.12,2090.87,132.25,332,2025-12-01,perdut,baixa,televenda,268.0,64,13.27,Client sense comprar des de fa 332 dies. Historial previ de 1672 dies. Possible pèrdua de compte. Requereix trucada de reactivació.,,
7094,Navarra,Anestesia,perdut,0.227,3410.04,772.45,2637.59,237,2025-12-01,perdut,baixa,televenda,312.8,0,13.19,Client sense comprar des de fa 237 dies. Historial previ de 1488 dies. Possible pèrdua de compte. Requereix trucada de reactivació.,,
40612,Las Palmas,Bioseguridad,perdut,0.403,879.2,353.88,525.32,509,2025-12-01,perdut,baixa,televenda,,509,13.13,Client sense comprar des de fa 509 dies. Historial previ de 509 dies. Possible pèrdua de compte. Requereix trucada de reactivació.,,
5111,León,Anestesia,perdut,1.0,2223.12,5951.28,0.0,353,2025-12-01,perdut,baixa,televenda,285.2,67,13.05,Client sense comprar des de fa 353 dies. Historial previ de 1494 dies. Possible pèrdua de compte. Requereix trucada de reactivació.,,
11516,Sta.Cruz Tenerife,Bioseguridad,perdut,0.409,879.2,359.84,519.36,1659,2025-12-01,perdut,baixa,televenda,,1659,12.98,Client sense comprar des de fa 1659 dies. Historial previ de 1659 dies. Possible pèrdua de compte. Requereix trucada de reactivació.,,
1000080895,Pontevedra,Bioseguridad,perdut,0.41,879.2,360.22,518.98,1508,2025-12-01,perdut,baixa,televenda,,1508,12.97,Client sense comprar des de fa 1508 dies. Historial previ de 1508 dies. Possible pèrdua de compte. Requereix trucada de reactivació.,,
12515,Granada,Anestesia,perdut,1.0,3410.04,7577.71,0.0,144,2025-12-01,perdut,baixa,televenda,124.8,19,12.97,Client sense comprar des de fa 144 dies. Historial previ de 1767 dies. Possible pèrdua de compte. Requereix trucada de reactivació.,,
22959,Málaga,Anestesia,perdut,1.0,2223.12,2391.41,0.0,175,2025-12-01,perdut,baixa,televenda,141.7,33,12.94,Client sense comprar des de fa 175 dies. Historial previ de 1734 dies. Possible pèrdua de compte. Requereix trucada de reactivació.,,
38758,Málaga,Anestesia,perdut,0.243,3410.04,827.08,2582.96,154,2025-12-01,perdut,baixa,televenda,477.5,0,12.91,Client sense comprar des de fa 154 dies. Historial previ de 1109 dies. Possible pèrdua de compte. Requereix trucada de reactivació.,,
2358,Sta.Cruz Tenerife,Anestesia,perdut,1.0,2223.12,2812.78,0.0,292,2025-12-01,perdut,baixa,televenda,237.0,55,12.9,Client sense comprar des de fa 292 dies. Historial previ de 1714 dies. Possible pèrdua de compte. Requereix trucada de reactivació.,,
25122,Madrid,Bioseguridad,perdut,0.414,879.2,363.8,515.4,1145,2025-12-01,perdut,baixa,televenda,,1145,12.88,Client sense comprar des de fa 1145 dies. Historial previ de 1145 dies. Possible pèrdua de compte. Requereix trucada de reactivació.,,
1000080343,Málaga,Bioseguridad,perdut,1.0,1086.44,1990.28,0.0,178,2025-12-01,perdut,baixa,televenda,120.3,57,12.87,Client sense comprar des de fa 178 dies. Historial previ de 539 dies. Possible pèrdua de compte. Requereix trucada de reactivació.,,
583,Valencia,Anestesia,perdut,0.247,3410.04,841.65,2568.39,297,2025-12-01,perdut,baixa,televenda,1054.0,0,12.84,Client sense comprar des de fa 297 dies. Historial previ de 1351 dies. Possible pèrdua de compte. Requereix trucada de reactivació.,,
1000080700,Sevilla,Bioseguridad,perdut,1.0,1667.34,2938.39,0.0,150,2025-12-01,perdut,baixa,televenda,114.5,35,12.74,Client sense comprar des de fa 150 dies. Historial previ de 608 dies. Possible pèrdua de compte. Requereix trucada de reactivació.,,
41501,Sta.Cruz Tenerife,Anestesia,perdut,1.0,2223.12,7687.14,0.0,210,2025-12-01,perdut,baixa,televenda,170.9,39,12.68,Client sense comprar des de fa 210 dies. Historial previ de 1748 dies. Possible pèrdua de compte. Requereix trucada de reactivació.,,
36601,Madrid,Anestesia,perdut,1.0,2223.12,9713.92,0.0,152,2025-12-01,perdut,baixa,televenda,123.8,28,12.57,Client sense comprar des de fa 152 dies. Historial previ de 1762 dies. Possible pèrdua de compte. Requereix trucada de reactivació.,,
367,Sevilla,Bioseguridad,perdut,0.958,1667.34,1596.5,70.84,320,2025-12-01,perdut,baixa,televenda,246.0,74,12.54,Client sense comprar des de fa 320 dies. Historial previ de 566 dies. Possible pèrdua de compte. Requereix trucada de reactivació.,,
1000080509,Madrid,Bioseguridad,perdut,0.43,879.2,378.31,500.89,902,2025-12-01,perdut,baixa,televenda,,902,12.52,Client sense comprar des de fa 902 dies. Historial previ de 902 dies. Possible pèrdua de compte. Requereix trucada de reactivació.,,
38685,Madrid,Bioseguridad,perdut,0.54,1086.44,586.99,499.45,908,2025-12-01,perdut,baixa,televenda,624.0,284,12.36,Client sense comprar des de fa 908 dies. Historial previ de 1532 dies. Possible pèrdua de compte. Requereix trucada de reactivació.,,
8994,Guadalajara,Anestesia,perdut,1.0,2223.12,6013.25,0.0,231,2025-12-01,perdut,baixa,televenda,189.0,42,12.35,Client sense comprar des de fa 231 dies. Historial previ de 1743 dies. Possible pèrdua de compte. Requereix trucada de reactivació.,,
1000082712,Madrid,Bioseguridad,perdut,0.439,879.2,385.84,493.36,599,2025-12-01,perdut,baixa,televenda,,599,12.33,Client sense comprar des de fa 599 dies. Historial previ de 599 dies. Possible pèrdua de compte. Requereix trucada de reactivació.,,
523,Valencia,Bioseguridad,perdut,1.0,1086.44,2136.92,0.0,462,2025-12-01,perdut,baixa,televenda,317.8,144,12.31,Client sense comprar des de fa 462 dies. Historial previ de 1733 dies. Possible pèrdua de compte. Requereix trucada de reactivació.,,
25972,Toledo,Anestesia,perdut,1.0,1802.36,3494.83,0.0,259,2025-12-01,perdut,baixa,televenda,203.4,55,12.18,Client sense comprar des de fa 259 dies. Historial previ de 1683 dies. Possible pèrdua de compte. Requereix trucada de reactivació.,,
35416,Valencia,Anestesia,perdut,1.0,3410.04,5117.03,0.0,178,2025-12-01,perdut,baixa,televenda,155.1,22,12.09,Client sense comprar des de fa 178 dies. Historial previ de 1264 dies. Possible pèrdua de compte. Requereix trucada de reactivació.,,
3709,Asturias,Anestesia,perdut,1.0,3410.04,6214.86,0.0,234,2025-12-01,perdut,baixa,televenda,204.5,29,12.09,Client sense comprar des de fa 234 dies. Historial previ de 1461 dies. Possible pèrdua de compte. Requereix trucada de reactivació.,,
1000061986,Granada,Anestesia,perdut,1.0,1802.36,4990.19,0.0,279,2025-12-01,perdut,baixa,televenda,220.0,59,12.08,Client sense comprar des de fa 279 dies. Historial previ de 1599 dies. Possible pèrdua de compte. Requereix trucada de reactivació.,,
8276,Valladolid,Anestesia,perdut,0.295,3410.04,1005.74,2404.3,181,2025-12-01,perdut,baixa,televenda,338.0,0,12.02,Client sense comprar des de fa 181 dies. Historial previ de 857 dies. Possible pèrdua de compte. Requereix trucada de reactivació.,,
1000081386,,Anestesia,perdut,1.0,3410.04,5205.39,0.0,187,2025-12-01,perdut,baixa,televenda,163.6,23,11.99,Client sense comprar des de fa 187 dies. Historial previ de 1659 dies. Possible pèrdua de compte. Requereix trucada de reactivació.,,
6731,Murcia,Bioseguridad,perdut,1.0,1086.44,3387.33,0.0,298,2025-12-01,perdut,baixa,televenda,206.1,91,11.99,Client sense comprar des de fa 298 dies. Historial previ de 1741 dies. Possible pèrdua de compte. Requereix trucada de reactivació.,,
1000081917,Jaén,Bioseguridad,perdut,1.0,1086.44,5205.05,0.0,203,2025-12-01,perdut,baixa,televenda,140.4,62,11.99,Client sense comprar des de fa 203 dies. Historial previ de 1186 dies. Possible pèrdua de compte. Requereix trucada de reactivació.,,
22193,Valencia,Anestesia,perdut,1.0,2223.12,3959.35,0.0,294,2025-12-01,perdut,baixa,televenda,241.3,52,11.98,Client sense comprar des de fa 294 dies. Historial previ de 1742 dies. Possible pèrdua de compte. Requereix trucada de reactivació.,,
26265,Valencia,Bioseguridad,perdut,0.807,1086.44,876.72,209.72,584,2025-12-01,perdut,baixa,televenda,406.0,178,11.91,Client sense comprar des de fa 584 dies. Historial previ de 1396 dies. Possible pèrdua de compte. Requereix trucada de reactivació.,,
1000059597,Vizcaya,Bioseguridad,perdut,1.0,1086.44,2788.01,0.0,629,2025-12-01,perdut,baixa,televenda,438.0,191,11.84,Client sense comprar des de fa 629 dies. Historial previ de 1505 dies. Possible pèrdua de compte. Requereix trucada de reactivació.,,
32995,Madrid,Bioseguridad,perdut,1.0,1086.44,3257.96,0.0,272,2025-12-01,perdut,baixa,televenda,190.0,82,11.72,Client sense comprar des de fa 272 dies. Historial previ de 1792 dies. Possible pèrdua de compte. Requereix trucada de reactivació.,,
1000078792,Madrid,Anestesia,perdut,1.0,2223.12,2723.27,0.0,242,2025-12-01,perdut,baixa,televenda,199.1,42,11.72,Client sense comprar des de fa 242 dies. Historial previ de 1636 dies. Possible pèrdua de compte. Requereix trucada de reactivació.,,
1000100585,Valencia,Bioseguridad,perdut,0.714,1086.44,775.36,311.08,403,2025-12-01,perdut,baixa,televenda,282.0,121,11.65,Client sense comprar des de fa 403 dies. Historial previ de 685 dies. Possible pèrdua de compte. Requereix trucada de reactivació.,,
1000075177,Badajoz,Bioseguridad,perdut,1.0,1086.44,2689.97,0.0,194,2025-12-01,perdut,baixa,televenda,135.2,58,11.65,Client sense comprar des de fa 194 dies. Historial previ de 1005 dies. Possible pèrdua de compte. Requereix trucada de reactivació.,,
1000100582,Madrid,Bioseguridad,perdut,1.0,1086.44,1594.99,0.0,217,2025-12-01,perdut,baixa,televenda,152.0,65,11.61,Client sense comprar des de fa 217 dies. Historial previ de 369 dies. Possible pèrdua de compte. Requereix trucada de reactivació.,,
26116,Madrid,Anestesia,perdut,0.902,3410.04,3077.3,332.74,285,2025-12-01,perdut,baixa,televenda,250.5,34,11.57,Client sense comprar des de fa 285 dies. Historial previ de 1788 dies. Possible pèrdua de compte. Requereix trucada de reactivació.,,
42889,Cádiz,Anestesia,perdut,0.322,3410.04,1098.25,2311.79,97,2025-12-01,perdut,baixa,televenda,217.0,0,11.56,Client sense comprar des de fa 97 dies. Historial previ de 531 dies. Possible pèrdua de compte. Requereix trucada de reactivació.,,
1000067191,Madrid,Anestesia,perdut,1.0,2223.12,5957.26,0.0,285,2025-12-01,perdut,baixa,televenda,235.7,49,11.56,Client sense comprar des de fa 285 dies. Historial previ de 1699 dies. Possible pèrdua de compte. Requereix trucada de reactivació.,,
14319,Alicante,Anestesia,perdut,0.875,3410.04,2984.29,425.75,487,2025-12-01,perdut,baixa,televenda,428.5,58,11.54,Client sense comprar des de fa 487 dies. Historial previ de 1344 dies. Possible pèrdua de compte. Requereix trucada de reactivació.,,
1000071071,Barcelona,Anestesia,perdut,1.0,2223.12,4262.97,0.0,426,2025-12-01,perdut,baixa,televenda,352.3,73,11.52,Client sense comprar des de fa 426 dies. Historial previ de 1483 dies. Possible pèrdua de compte. Requereix trucada de reactivació.,,
1000081712,Barcelona,Anestesia,perdut,0.328,3410.04,1118.84,2291.2,868,2025-12-01,perdut,baixa,televenda,868.0,0,11.46,Client sense comprar des de fa 868 dies. Historial previ de 1736 dies. Possible pèrdua de compte. Requereix trucada de reactivació.,,
1000082210,Granada,Bioseguridad,perdut,0.957,1086.44,1040.12,46.32,935,2025-12-01,perdut,baixa,televenda,658.0,277,11.43,Client sense comprar des de fa 935 dies. Historial previ de 1593 dies. Possible pèrdua de compte. Requereix trucada de reactivació.,,
11388,Madrid,Bioseguridad,perdut,1.0,1086.44,1530.21,0.0,210,2025-12-01,perdut,baixa,televenda,148.0,62,11.38,Client sense comprar des de fa 210 dies. Historial previ de 802 dies. Possible pèrdua de compte. Requereix trucada de reactivació.,,
1000081553,Zaragoza,Anestesia,perdut,1.0,2223.12,4416.63,0.0,318,2025-12-01,perdut,baixa,televenda,263.7,54,11.38,Client sense comprar des de fa 318 dies. Historial previ de 1109 dies. Possible pèrdua de compte. Requereix trucada de reactivació.,,
3049,Madrid,Anestesia,perdut,1.0,4546.72,12007.28,0.0,159,2025-12-01,perdut,baixa,televenda,159.1,0,11.37,Client sense comprar des de fa 159 dies. Historial previ de 1750 dies. Possible pèrdua de compte. Requereix trucada de reactivació.,,
1000082365,Sevilla,Anestesia,perdut,0.507,4546.72,2304.39,2242.33,126,2025-12-01,perdut,baixa,televenda,552.0,0,11.37,Client sense comprar des de fa 126 dies. Historial previ de 1230 dies. Possible pèrdua de compte. Requereix trucada de reactivació.,,
14849,Barcelona,Anestesia,perdut,0.5,4546.72,2274.3,2272.42,543,2025-12-01,perdut,baixa,televenda,717.0,0,11.37,Client sense comprar des de fa 543 dies. Historial previ de 1260 dies. Possible pèrdua de compte. Requereix trucada de reactivació.,,
20194,Vizcaya,Anestesia,perdut,1.0,4546.72,14814.66,0.0,185,2025-12-01,perdut,baixa,televenda,312.4,0,11.37,Client sense comprar des de fa 185 dies. Historial previ de 1747 dies. Possible pèrdua de compte. Requereix trucada de reactivació.,,
35972,Barcelona,Anestesia,perdut,0.879,4546.72,3994.43,552.29,208,2025-12-01,perdut,baixa,televenda,489.7,0,11.37,Client sense comprar des de fa 208 dies. Historial previ de 1677 dies. Possible pèrdua de compte. Requereix trucada de reactivació.,,
1000070949,Madrid,Anestesia,perdut,1.0,4546.72,7684.31,0.0,132,2025-12-01,perdut,baixa,televenda,327.5,0,11.37,Client sense comprar des de fa 132 dies. Historial previ de 1442 dies. Possible pèrdua de compte. Requereix trucada de reactivació.,,
1000082722,Sta.Cruz Tenerife,Anestesia,perdut,0.673,4546.72,3058.64,1488.08,284,2025-12-01,perdut,baixa,televenda,511.0,0,11.37,Client sense comprar des de fa 284 dies. Historial previ de 795 dies. Possible pèrdua de compte. Requereix trucada de reactivació.,,
32695,A Coruña,Anestesia,perdut,1.0,4546.72,6511.46,0.0,125,2025-12-01,perdut,baixa,televenda,135.1,0,11.37,Client sense comprar des de fa 125 dies. Historial previ de 1746 dies. Possible pèrdua de compte. Requereix trucada de reactivació.,,
5784,Valladolid,Anestesia,perdut,0.64,4546.72,2911.56,1635.16,181,2025-12-01,perdut,baixa,televenda,249.0,0,11.37,Client sense comprar des de fa 181 dies. Historial previ de 430 dies. Possible pèrdua de compte. Requereix trucada de reactivació.,,
32928,Sta.Cruz Tenerife,Anestesia,perdut,1.0,4546.72,8295.63,0.0,221,2025-12-01,perdut,baixa,televenda,212.4,8,11.37,Client sense comprar des de fa 221 dies. Historial previ de 1708 dies. Possible pèrdua de compte. Requereix trucada de reactivació.,,
1000082603,Alicante,Anestesia,perdut,1.0,4546.72,8104.89,0.0,202,2025-12-01,perdut,baixa,televenda,208.8,0,11.37,Client sense comprar des de fa 202 dies. Historial previ de 1246 dies. Possible pèrdua de compte. Requereix trucada de reactivació.,,
1000100917,Valencia,Anestesia,perdut,0.667,4546.72,3034.85,1511.87,172,2025-12-01,perdut,baixa,televenda,165.5,6,11.37,Client sense comprar des de fa 172 dies. Historial previ de 503 dies. Possible pèrdua de compte. Requereix trucada de reactivació.,,
1000082784,Cantabria,Anestesia,perdut,1.0,4546.72,8618.17,0.0,158,2025-12-01,perdut,baixa,televenda,222.5,0,11.37,Client sense comprar des de fa 158 dies. Historial previ de 1048 dies. Possible pèrdua de compte. Requereix trucada de reactivació.,,
1000069705,Madrid,Anestesia,perdut,0.819,4546.72,3725.22,821.5,91,2025-12-01,perdut,baixa,televenda,228.0,0,11.37,Client sense comprar des de fa 91 dies. Historial previ de 1459 dies. Possible pèrdua de compte. Requereix trucada de reactivació.,,
1000100128,Cádiz,Anestesia,perdut,0.919,4546.72,4180.38,366.34,235,2025-12-01,perdut,baixa,televenda,250.3,0,11.37,Client sense comprar des de fa 235 dies. Historial previ de 986 dies. Possible pèrdua de compte. Requereix trucada de reactivació.,,
1000069128,Ciudad Real,Anestesia,perdut,1.0,4546.72,9067.03,0.0,143,2025-12-01,perdut,baixa,televenda,149.8,0,11.37,Client sense comprar des de fa 143 dies. Historial previ de 1341 dies. Possible pèrdua de compte. Requereix trucada de reactivació.,,
1000082499,Castellón,Anestesia,perdut,1.0,4546.72,12843.67,0.0,185,2025-12-01,perdut,baixa,televenda,227.2,0,11.37,Client sense comprar des de fa 185 dies. Historial previ de 1321 dies. Possible pèrdua de compte. Requereix trucada de reactivació.,,
1000100262,Sevilla,Anestesia,perdut,0.763,4546.72,3468.77,1077.95,94,2025-12-01,perdut,baixa,televenda,207.0,0,11.37,Client sense comprar des de fa 94 dies. Historial previ de 508 dies. Possible pèrdua de compte. Requereix trucada de reactivació.,,
46,Sevilla,Anestesia,perdut,1.0,4546.72,5772.46,0.0,186,2025-12-01,perdut,baixa,televenda,301.0,0,11.37,Client sense comprar des de fa 186 dies. Historial previ de 1691 dies. Possible pèrdua de compte. Requereix trucada de reactivació.,,
40582,Barcelona,Anestesia,perdut,1.0,4546.72,15730.58,0.0,133,2025-12-01,perdut,baixa,televenda,141.2,0,11.37,Client sense comprar des de fa 133 dies. Historial previ de 1686 dies. Possible pèrdua de compte. Requereix trucada de reactivació.,,
6029,Madrid,Anestesia,perdut,1.0,4546.72,10539.12,0.0,152,2025-12-01,perdut,baixa,televenda,179.7,0,11.37,Client sense comprar des de fa 152 dies. Historial previ de 1769 dies. Possible pèrdua de compte. Requereix trucada de reactivació.,,
23982,Barcelona,Anestesia,perdut,1.0,4546.72,16581.99,0.0,216,2025-12-01,perdut,baixa,televenda,196.5,19,11.37,Client sense comprar des de fa 216 dies. Historial previ de 1788 dies. Possible pèrdua de compte. Requereix trucada de reactivació.,,
5584,Cantabria,Anestesia,perdut,0.858,4546.72,3900.79,645.93,298,2025-12-01,perdut,baixa,televenda,336.0,0,11.37,Client sense comprar des de fa 298 dies. Historial previ de 1642 dies. Possible pèrdua de compte. Requereix trucada de reactivació.,,
1000082694,Sevilla,Anestesia,perdut,1.0,4546.72,5229.4,0.0,235,2025-12-01,perdut,baixa,televenda,217.7,17,11.37,Client sense comprar des de fa 235 dies. Historial previ de 888 dies. Possible pèrdua de compte. Requereix trucada de reactivació.,,
1000071762,Madrid,Anestesia,perdut,1.0,4546.72,14199.73,0.0,116,2025-12-01,perdut,baixa,televenda,109.4,6,11.37,Client sense comprar des de fa 116 dies. Historial previ de 1757 dies. Possible pèrdua de compte. Requereix trucada de reactivació.,,
1000082247,Zamora,Anestesia,perdut,0.91,4546.72,4137.73,408.99,314,2025-12-01,perdut,baixa,televenda,357.0,0,11.37,Client sense comprar des de fa 314 dies. Historial previ de 1385 dies. Possible pèrdua de compte. Requereix trucada de reactivació.,,
12284,A Coruña,Anestesia,perdut,1.0,4546.72,4733.72,0.0,98,2025-12-01,perdut,baixa,televenda,157.4,0,11.37,Client sense comprar des de fa 98 dies. Historial previ de 1672 dies. Possible pèrdua de compte. Requereix trucada de reactivació.,,
1000081301,Valencia,Bioseguridad,perdut,0.88,1086.44,956.54,129.9,725,2025-12-01,perdut,baixa,televenda,512.0,213,11.3,Client sense comprar des de fa 725 dies. Historial previ de 1749 dies. Possible pèrdua de compte. Requereix trucada de reactivació.,,
28523,Valencia,Anestesia,perdut,1.0,2223.12,3075.13,0.0,606,2025-12-01,perdut,baixa,televenda,503.5,102,11.26,Client sense comprar des de fa 606 dies. Historial previ de 1613 dies. Possible pèrdua de compte. Requereix trucada de reactivació.,,
41080,Toledo,Bioseguridad,perdut,1.0,1086.44,1178.06,0.0,151,2025-12-01,perdut,baixa,televenda,106.8,44,11.19,Client sense comprar des de fa 151 dies. Historial previ de 1539 dies. Possible pèrdua de compte. Requereix trucada de reactivació.,,
41567,Madrid,Anestesia,perdut,1.0,1802.36,1913.03,0.0,252,2025-12-01,perdut,baixa,televenda,201.7,50,11.17,Client sense comprar des de fa 252 dies. Historial previ de 1462 dies. Possible pèrdua de compte. Requereix trucada de reactivació.,,
13607,Barcelona,Bioseguridad,perdut,0.492,879.2,432.25,446.95,1665,2025-12-01,perdut,baixa,televenda,,1665,11.17,Client sense comprar des de fa 1665 dies. Historial previ de 1665 dies. Possible pèrdua de compte. Requereix trucada de reactivació.,,
15999,Madrid,Bioseguridad,perdut,1.0,1086.44,1746.32,0.0,601,2025-12-01,perdut,baixa,televenda,426.0,175,11.16,Client sense comprar des de fa 601 dies. Historial previ de 1453 dies. Possible pèrdua de compte. Requereix trucada de reactivació.,,
1000100416,Toledo,Bioseguridad,perdut,1.0,1086.44,2129.95,0.0,210,2025-12-01,perdut,baixa,televenda,148.8,61,11.14,Client sense comprar des de fa 210 dies. Historial previ de 805 dies. Possible pèrdua de compte. Requereix trucada de reactivació.,,
1000080289,Madrid,Anestesia,perdut,1.0,2223.12,2502.54,0.0,462,2025-12-01,perdut,baixa,televenda,384.5,77,11.13,Client sense comprar des de fa 462 dies. Historial previ de 1231 dies. Possible pèrdua de compte. Requereix trucada de reactivació.,,
20194,Vizcaya,Bioseguridad,perdut,0.0,2223.12,0.0,2223.12,185,2025-12-01,perdut,baixa,televenda,520.7,0,11.12,Client sense comprar des de fa 185 dies. Historial previ de 1747 dies. Possible pèrdua de compte. Requereix trucada de reactivació.,,
35426,Granada,Anestesia,perdut,1.0,2223.12,4566.45,0.0,283,2025-12-01,perdut,baixa,televenda,235.4,47,11.1,Client sense comprar des de fa 283 dies. Historial previ de 1460 dies. Possible pèrdua de compte. Requereix trucada de reactivació.,,
35558,Málaga,Bioseguridad,perdut,0.45,1667.34,749.64,917.7,634,2025-12-01,perdut,baixa,televenda,511.0,123,11.04,Client sense comprar des de fa 634 dies. Historial previ de 1145 dies. Possible pèrdua de compte. Requereix trucada de reactivació.,,
41052,Burgos,Bioseguridad,perdut,0.599,879.2,526.86,352.34,549,2025-12-01,perdut,baixa,televenda,,549,10.99,Client sense comprar des de fa 549 dies. Historial previ de 549 dies. Possible pèrdua de compte. Requereix trucada de reactivació.,,
23103,Alicante,Bioseguridad,perdut,0.667,879.2,586.11,293.09,361,2025-12-01,perdut,baixa,televenda,,361,10.99,Client sense comprar des de fa 361 dies. Historial previ de 361 dies. Possible pèrdua de compte. Requereix trucada de reactivació.,,
20180,Vizcaya,Bioseguridad,perdut,1.0,879.2,1258.2,0.0,454,2025-12-01,perdut,baixa,televenda,,454,10.99,Client sense comprar des de fa 454 dies. Historial previ de 454 dies. Possible pèrdua de compte. Requereix trucada de reactivació.,,
1000078762,Sta.Cruz Tenerife,Bioseguridad,perdut,0.579,879.2,508.81,370.39,1106,2025-12-01,perdut,baixa,televenda,,1106,10.99,Client sense comprar des de fa 1106 dies. Historial previ de 1106 dies. Possible pèrdua de compte. Requereix trucada de reactivació.,,
1000100609,Vizcaya,Bioseguridad,perdut,1.0,879.2,907.02,0.0,426,2025-12-01,perdut,baixa,televenda,,426,10.99,Client sense comprar des de fa 426 dies. Historial previ de 426 dies. Possible pèrdua de compte. Requereix trucada de reactivació.,,
10939,Vizcaya,Bioseguridad,perdut,1.0,879.2,1058.21,0.0,903,2025-12-01,perdut,baixa,televenda,,903,10.99,Client sense comprar des de fa 903 dies. Historial previ de 903 dies. Possible pèrdua de compte. Requereix trucada de reactivació.,,
1000080786,Madrid,Bioseguridad,perdut,0.573,879.2,504.03,375.17,1551,2025-12-01,perdut,baixa,televenda,,1551,10.99,Client sense comprar des de fa 1551 dies. Historial previ de 1551 dies. Possible pèrdua de compte. Requereix trucada de reactivació.,,
1000079173,Murcia,Anestesia,perdut,1.0,2223.12,9463.75,0.0,91,2025-12-01,perdut,baixa,televenda,75.9,15,10.99,Client sense comprar des de fa 91 dies. Historial previ de 1760 dies. Possible pèrdua de compte. Requereix trucada de reactivació.,,
36431,Barcelona,Bioseguridad,perdut,0.548,879.2,482.18,397.02,1760,2025-12-01,perdut,baixa,televenda,,1760,10.99,Client sense comprar des de fa 1760 dies. Historial previ de 1760 dies. Possible pèrdua de compte. Requereix trucada de reactivació.,,
1000081217,Madrid,Bioseguridad,perdut,0.538,879.2,472.95,406.25,1187,2025-12-01,perdut,baixa,televenda,,1187,10.99,Client sense comprar des de fa 1187 dies. Historial previ de 1187 dies. Possible pèrdua de compte. Requereix trucada de reactivació.,,
33816,Sta.Cruz Tenerife,Bioseguridad,perdut,0.819,879.2,719.69,159.51,1561,2025-12-01,perdut,baixa,televenda,,1561,10.99,Client sense comprar des de fa 1561 dies. Historial previ de 1561 dies. Possible pèrdua de compte. Requereix trucada de reactivació.,,
1000101459,Madrid,Bioseguridad,perdut,0.553,879.2,485.98,393.22,404,2025-12-01,perdut,baixa,televenda,,404,10.99,Client sense comprar des de fa 404 dies. Historial previ de 404 dies. Possible pèrdua de compte. Requereix trucada de reactivació.,,
1000080905,Madrid,Bioseguridad,perdut,0.512,879.2,450.09,429.11,1665,2025-12-01,perdut,baixa,televenda,,1665,10.99,Client sense comprar des de fa 1665 dies. Historial previ de 1665 dies. Possible pèrdua de compte. Requereix trucada de reactivació.,,
4725,Madrid,Bioseguridad,perdut,0.553,879.2,485.98,393.22,614,2025-12-01,perdut,baixa,televenda,,614,10.99,Client sense comprar des de fa 614 dies. Historial previ de 614 dies. Possible pèrdua de compte. Requereix trucada de reactivació.,,
39350,Soria,Bioseguridad,perdut,0.662,879.2,582.44,296.76,439,2025-12-01,perdut,baixa,televenda,,439,10.99,Client sense comprar des de fa 439 dies. Historial previ de 439 dies. Possible pèrdua de compte. Requereix trucada de reactivació.,,
22380,Sevilla,Bioseguridad,perdut,1.0,879.2,1162.96,0.0,1271,2025-12-01,perdut,baixa,televenda,,1271,10.99,Client sense comprar des de fa 1271 dies. Historial previ de 1271 dies. Possible pèrdua de compte. Requereix trucada de reactivació.,,
1000060080,Jaén,Bioseguridad,perdut,1.0,1086.44,1185.09,0.0,698,2025-12-01,perdut,baixa,televenda,497.0,201,10.98,Client sense comprar des de fa 698 dies. Historial previ de 1692 dies. Possible pèrdua de compte. Requereix trucada de reactivació.,,
34311,A Coruña,Anestesia,perdut,0.357,3410.04,1218.7,2191.34,178,2025-12-01,perdut,baixa,televenda,460.5,0,10.96,Client sense comprar des de fa 178 dies. Historial previ de 1099 dies. Possible pèrdua de compte. Requereix trucada de reactivació.,,
28536,Barcelona,Bioseguridad,perdut,1.0,1667.34,5013.62,0.0,304,2025-12-01,perdut,baixa,televenda,241.0,63,10.9,Client sense comprar des de fa 304 dies. Historial previ de 1509 dies. Possible pèrdua de compte. Requereix trucada de reactivació.,,
5114,León,Anestesia,perdut,1.0,2223.12,7340.07,0.0,208,2025-12-01,perdut,baixa,televenda,173.7,34,10.88,Client sense comprar des de fa 208 dies. Historial previ de 1771 dies. Possible pèrdua de compte. Requereix trucada de reactivació.,,
1000072361,Valencia,Anestesia,perdut,0.362,3410.04,1235.94,2174.1,208,2025-12-01,perdut,baixa,televenda,220.5,0,10.87,Client sense comprar des de fa 208 dies. Historial previ de 649 dies. Possible pèrdua de compte. Requereix trucada de reactivació.,,
25274,Valladolid,Bioseguridad,perdut,1.0,879.2,2092.4,0.0,406,2025-12-01,perdut,baixa,televenda,272.0,134,10.83,Client sense comprar des de fa 406 dies. Historial previ de 1494 dies. Possible pèrdua de compte. Requereix trucada de reactivació.,,
33680,Jaén,Bioseguridad,perdut,1.0,1086.44,2375.77,0.0,201,2025-12-01,perdut,baixa,televenda,143.8,57,10.76,Client sense comprar des de fa 201 dies. Historial previ de 1783 dies. Possible pèrdua de compte. Requereix trucada de reactivació.,,
1000073682,Madrid,Anestesia,perdut,1.0,2223.12,4263.98,0.0,167,2025-12-01,perdut,baixa,televenda,139.8,27,10.73,Client sense comprar des de fa 167 dies. Historial previ de 1705 dies. Possible pèrdua de compte. Requereix trucada de reactivació.,,
12295,A Coruña,Anestesia,perdut,1.0,3410.04,6830.21,0.0,244,2025-12-01,perdut,baixa,televenda,216.1,27,10.65,Client sense comprar des de fa 244 dies. Historial previ de 1757 dies. Possible pèrdua de compte. Requereix trucada de reactivació.,,
42630,Barcelona,Anestesia,perdut,0.514,3410.04,1753.43,1656.61,209,2025-12-01,perdut,baixa,televenda,186.0,23,10.54,Client sense comprar des de fa 209 dies. Historial previ de 767 dies. Possible pèrdua de compte. Requereix trucada de reactivació.,,
12821,Barcelona,Bioseguridad,perdut,1.0,1086.44,4581.91,0.0,388,2025-12-01,perdut,baixa,televenda,279.2,108,10.51,Client sense comprar des de fa 388 dies. Historial previ de 1784 dies. Possible pèrdua de compte. Requereix trucada de reactivació.,,
1000078424,Madrid,Anestesia,perdut,1.0,2223.12,5649.03,0.0,258,2025-12-01,perdut,baixa,televenda,217.0,41,10.5,Client sense comprar des de fa 258 dies. Historial previ de 1777 dies. Possible pèrdua de compte. Requereix trucada de reactivació.,,
1000077707,Asturias,Bioseguridad,perdut,1.0,1667.34,6821.67,0.0,420,2025-12-01,perdut,baixa,televenda,335.2,84,10.44,Client sense comprar des de fa 420 dies. Historial previ de 1761 dies. Possible pèrdua de compte. Requereix trucada de reactivació.,,
1000079283,Sevilla,Bioseguridad,perdut,1.0,1667.34,4276.01,0.0,196,2025-12-01,perdut,baixa,televenda,156.6,39,10.38,Client sense comprar des de fa 196 dies. Historial previ de 1762 dies. Possible pèrdua de compte. Requereix trucada de reactivació.,,
23004,Barcelona,Anestesia,perdut,1.0,2223.12,3261.19,0.0,294,2025-12-01,perdut,baixa,televenda,247.2,46,10.34,Client sense comprar des de fa 294 dies. Historial previ de 1777 dies. Possible pèrdua de compte. Requereix trucada de reactivació.,,
15421,Alicante,Anestesia,perdut,0.713,3410.04,2432.89,977.15,370,2025-12-01,perdut,baixa,televenda,330.0,40,10.33,Client sense comprar des de fa 370 dies. Historial previ de 1690 dies. Possible pèrdua de compte. Requereix trucada de reactivació.,,
1000076224,A Coruña,Bioseguridad,perdut,1.0,1086.44,3029.25,0.0,284,2025-12-01,perdut,baixa,televenda,205.4,78,10.31,Client sense comprar des de fa 284 dies. Historial previ de 1722 dies. Possible pèrdua de compte. Requereix trucada de reactivació.,,
1000082132,Barcelona,Anestesia,perdut,1.0,2223.12,3539.25,0.0,615,2025-12-01,perdut,baixa,televenda,518.5,96,10.29,Client sense comprar des de fa 615 dies. Historial previ de 1652 dies. Possible pèrdua de compte. Requereix trucada de reactivació.,,
12798,Barcelona,Anestesia,perdut,1.0,3410.04,7406.43,0.0,131,2025-12-01,perdut,baixa,televenda,116.1,14,10.28,Client sense comprar des de fa 131 dies. Historial previ de 1757 dies. Possible pèrdua de compte. Requereix trucada de reactivació.,,
8532,Alicante,Anestesia,perdut,0.399,3410.04,1359.04,2051.0,242,2025-12-01,perdut,baixa,televenda,248.0,0,10.26,Client sense comprar des de fa 242 dies. Historial previ de 738 dies. Possible pèrdua de compte. Requereix trucada de reactivació.,,
1000081921,Vizcaya,Bioseguridad,perdut,1.0,1086.44,1755.3,0.0,384,2025-12-01,perdut,baixa,televenda,278.5,105,10.24,Client sense comprar des de fa 384 dies. Historial previ de 941 dies. Possible pèrdua de compte. Requereix trucada de reactivació.,,
11131,Zaragoza,Anestesia,perdut,1.0,2223.12,8177.35,0.0,182,2025-12-01,perdut,baixa,televenda,153.5,28,10.14,Client sense comprar des de fa 182 dies. Historial previ de 1103 dies. Possible pèrdua de compte. Requereix trucada de reactivació.,,
752,Valencia,Bioseguridad,perdut,0.777,1667.34,1295.81,371.53,927,2025-12-01,perdut,baixa,televenda,746.0,181,10.11,Client sense comprar des de fa 927 dies. Historial previ de 1673 dies. Possible pèrdua de compte. Requereix trucada de reactivació.,,
33270,Zaragoza,Anestesia,perdut,1.0,3410.04,11090.59,0.0,132,2025-12-01,perdut,baixa,televenda,118.0,14,10.11,Client sense comprar des de fa 132 dies. Historial previ de 1784 dies. Possible pèrdua de compte. Requereix trucada de reactivació.,,
27907,Guadalajara,Anestesia,perdut,1.0,2223.12,2908.6,0.0,255,2025-12-01,perdut,baixa,televenda,215.3,39,10.07,Client sense comprar des de fa 255 dies. Historial previ de 1762 dies. Possible pèrdua de compte. Requereix trucada de reactivació.,,
6553,Valencia,Anestesia,perdut,0.41,3410.04,1397.46,2012.58,178,2025-12-01,perdut,baixa,televenda,447.0,0,10.06,Client sense comprar des de fa 178 dies. Historial previ de 1519 dies. Possible pèrdua de compte. Requereix trucada de reactivació.,,
10997,Madrid,Anestesia,perdut,1.0,2223.12,16404.82,0.0,196,2025-12-01,perdut,baixa,televenda,165.7,30,10.06,Client sense comprar des de fa 196 dies. Historial previ de 1687 dies. Possible pèrdua de compte. Requereix trucada de reactivació.,,
1000065721,Las Palmas,Anestesia,perdut,0.916,2223.12,2036.0,187.12,111,2025-12-01,perdut,baixa,televenda,94.0,17,10.05,Client sense comprar des de fa 111 dies. Historial previ de 487 dies. Possible pèrdua de compte. Requereix trucada de reactivació.,,
30934,Murcia,Bioseguridad,perdut,1.0,1086.44,4413.61,0.0,123,2025-12-01,perdut,baixa,televenda,89.9,33,9.97,Client sense comprar des de fa 123 dies. Historial previ de 1742 dies. Possible pèrdua de compte. Requereix trucada de reactivació.,,
1000100432,Madrid,Anestesia,perdut,0.715,1802.36,1288.65,513.71,304,2025-12-01,perdut,baixa,televenda,248.5,55,9.97,Client sense comprar des de fa 304 dies. Historial previ de 801 dies. Possible pèrdua de compte. Requereix trucada de reactivació.,,
1000100642,A Coruña,Anestesia,perdut,0.417,3410.04,1421.94,1988.1,181,2025-12-01,perdut,baixa,televenda,181.5,0,9.94,Client sense comprar des de fa 181 dies. Historial previ de 544 dies. Possible pèrdua de compte. Requereix trucada de reactivació.,,
1000100465,Sta.Cruz Tenerife,Anestesia,perdut,0.42,3410.04,1430.92,1979.12,144,2025-12-01,perdut,baixa,televenda,313.0,0,9.9,Client sense comprar des de fa 144 dies. Historial previ de 770 dies. Possible pèrdua de compte. Requereix trucada de reactivació.,,
1000076807,Valladolid,Bioseguridad,perdut,1.0,1667.34,2593.88,0.0,220,2025-12-01,perdut,baixa,televenda,177.3,42,9.87,Client sense comprar des de fa 220 dies. Historial previ de 752 dies. Possible pèrdua de compte. Requereix trucada de reactivació.,,
1000081851,Madrid,Bioseguridad,perdut,1.0,1086.44,2127.88,0.0,318,2025-12-01,perdut,baixa,televenda,233.5,84,9.77,Client sense comprar des de fa 318 dies. Historial previ de 1719 dies. Possible pèrdua de compte. Requereix trucada de reactivació.,,
1000078695,Barcelona,Bioseguridad,perdut,0.354,1086.44,384.84,701.6,640,2025-12-01,perdut,baixa,televenda,501.0,139,9.73,Client sense comprar des de fa 640 dies. Historial previ de 1642 dies. Possible pèrdua de compte. Requereix trucada de reactivació.,,
1000081916,Almería,Bioseguridad,perdut,1.0,1667.34,6711.49,0.0,196,2025-12-01,perdut,baixa,televenda,158.8,37,9.71,Client sense comprar des de fa 196 dies. Historial previ de 1784 dies. Possible pèrdua de compte. Requereix trucada de reactivació.,,
32226,Alicante,Anestesia,perdut,0.431,3410.04,1470.9,1939.14,178,2025-12-01,perdut,baixa,televenda,480.0,0,9.7,Client sense comprar des de fa 178 dies. Historial previ de 1138 dies. Possible pèrdua de compte. Requereix trucada de reactivació.,,
8271,Huesca,Anestesia,perdut,1.0,1802.36,4556.26,0.0,390,2025-12-01,perdut,baixa,televenda,321.0,69,9.69,Client sense comprar des de fa 390 dies. Historial previ de 1353 dies. Possible pèrdua de compte. Requereix trucada de reactivació.,,
24944,Ciudad Real,Anestesia,perdut,1.0,2223.12,4726.06,0.0,381,2025-12-01,perdut,baixa,televenda,324.8,56,9.58,Client sense comprar des de fa 381 dies. Historial previ de 1680 dies. Possible pèrdua de compte. Requereix trucada de reactivació.,,
14002,Albacete,Bioseguridad,perdut,0.734,1086.44,797.24,289.2,592,2025-12-01,perdut,baixa,televenda,438.0,154,9.55,Client sense comprar des de fa 592 dies. Historial previ de 1468 dies. Possible pèrdua de compte. Requereix trucada de reactivació.,,
1000077638,A Coruña,Anestesia,perdut,1.0,2223.12,3102.04,0.0,405,2025-12-01,perdut,baixa,televenda,346.0,59,9.48,Client sense comprar des de fa 405 dies. Historial previ de 1789 dies. Possible pèrdua de compte. Requereix trucada de reactivació.,,
8389,Madrid,Anestesia,perdut,0.756,2223.12,1681.0,542.12,502,2025-12-01,perdut,baixa,televenda,429.0,73,9.46,Client sense comprar des de fa 502 dies. Historial previ de 1789 dies. Possible pèrdua de compte. Requereix trucada de reactivació.,,
26599,Madrid,Anestesia,perdut,0.718,2223.12,1596.23,626.89,194,2025-12-01,perdut,baixa,televenda,165.3,28,9.41,Client sense comprar des de fa 194 dies. Historial previ de 1186 dies. Possible pèrdua de compte. Requereix trucada de reactivació.,,
17707,Asturias,Bioseguridad,perdut,1.0,1086.44,1522.5,0.0,552,2025-12-01,perdut,baixa,televenda,410.0,142,9.41,Client sense comprar des de fa 552 dies. Historial previ de 1782 dies. Possible pèrdua de compte. Requereix trucada de reactivació.,,
10756,Zaragoza,Bioseguridad,perdut,1.0,1667.34,2667.25,0.0,241,2025-12-01,perdut,baixa,televenda,196.6,44,9.33,Client sense comprar des de fa 241 dies. Historial previ de 1617 dies. Possible pèrdua de compte. Requereix trucada de reactivació.,,
22762,Almería,Bioseguridad,perdut,0.673,2223.12,1495.71,727.41,544,2025-12-01,perdut,baixa,televenda,466.0,78,9.3,Client sense comprar des de fa 544 dies. Historial previ de 1476 dies. Possible pèrdua de compte. Requereix trucada de reactivació.,,
1000067555,Almería,Anestesia,perdut,1.0,2223.12,2836.14,0.0,91,2025-12-01,perdut,baixa,televenda,77.9,13,9.28,Client sense comprar des de fa 91 dies. Historial previ de 636 dies. Possible pèrdua de compte. Requereix trucada de reactivació.,,
9367,Málaga,Anestesia,perdut,0.439,2223.12,976.73,1246.39,581,2025-12-01,perdut,baixa,televenda,505.5,75,9.25,Client sense comprar des de fa 581 dies. Historial previ de 1592 dies. Possible pèrdua de compte. Requereix trucada de reactivació.,,
12500,Granada,Bioseguridad,perdut,1.0,1086.44,4469.17,0.0,280,2025-12-01,perdut,baixa,televenda,208.9,71,9.23,Client sense comprar des de fa 280 dies. Historial previ de 1742 dies. Possible pèrdua de compte. Requereix trucada de reactivació.,,
13146,Barcelona,Anestesia,perdut,1.0,2223.12,3044.85,0.0,566,2025-12-01,perdut,baixa,televenda,485.5,80,9.16,Client sense comprar des de fa 566 dies. Historial previ de 1537 dies. Possible pèrdua de compte. Requereix trucada de reactivació.,,
29035,Girona,Anestesia,perdut,1.0,2223.12,8447.06,0.0,255,2025-12-01,perdut,baixa,televenda,218.6,36,9.15,Client sense comprar des de fa 255 dies. Historial previ de 1785 dies. Possible pèrdua de compte. Requereix trucada de reactivació.,,
1000071166,Asturias,Anestesia,perdut,0.189,2223.12,419.78,1803.34,200,2025-12-01,perdut,baixa,televenda,456.5,0,9.02,Client sense comprar des de fa 200 dies. Historial previ de 1113 dies. Possible pèrdua de compte. Requereix trucada de reactivació.,,
1000078121,Madrid,Anestesia,perdut,1.0,3410.04,5605.1,0.0,189,2025-12-01,perdut,baixa,televenda,170.2,18,9.01,Client sense comprar des de fa 189 dies. Historial previ de 1721 dies. Possible pèrdua de compte. Requereix trucada de reactivació.,,
1000081135,Madrid,Anestesia,perdut,1.0,2223.12,4428.75,0.0,325,2025-12-01,perdut,baixa,televenda,280.0,45,8.93,Client sense comprar des de fa 325 dies. Historial previ de 1445 dies. Possible pèrdua de compte. Requereix trucada de reactivació.,,
14017,Albacete,Anestesia,perdut,0.978,2223.12,2173.25,49.87,629,2025-12-01,perdut,baixa,televenda,542.0,87,8.92,Client sense comprar des de fa 629 dies. Historial previ de 1713 dies. Possible pèrdua de compte. Requereix trucada de reactivació.,,
1000078311,Pontevedra,Bioseguridad,perdut,1.0,1086.44,2244.06,0.0,545,2025-12-01,perdut,baixa,televenda,412.0,133,8.77,Client sense comprar des de fa 545 dies. Historial previ de 1369 dies. Possible pèrdua de compte. Requereix trucada de reactivació.,,
42753,Sevilla,Anestesia,perdut,0.517,3410.04,1763.33,1646.71,236,2025-12-01,perdut,baixa,televenda,214.0,22,8.76,Client sense comprar des de fa 236 dies. Historial previ de 664 dies. Possible pèrdua de compte. Requereix trucada de reactivació.,,
1000038685,Badajoz,Anestesia,perdut,1.0,2223.12,8988.76,0.0,391,2025-12-01,perdut,baixa,televenda,338.0,53,8.71,Client sense comprar des de fa 391 dies. Historial previ de 1743 dies. Possible pèrdua de compte. Requereix trucada de reactivació.,,
15330,Madrid,Bioseguridad,perdut,1.0,879.2,3284.84,0.0,237,2025-12-01,perdut,baixa,televenda,169.3,67,8.7,Client sense comprar des de fa 237 dies. Historial previ de 1253 dies. Possible pèrdua de compte. Requereix trucada de reactivació.,,
1000100925,Teruel,Anestesia,perdut,0.492,3410.04,1676.89,1733.15,125,2025-12-01,perdut,baixa,televenda,114.8,10,8.67,Client sense comprar des de fa 125 dies. Historial previ de 584 dies. Possible pèrdua de compte. Requereix trucada de reactivació.,,
991,Valladolid,Anestesia,perdut,1.0,2223.12,4203.84,0.0,178,2025-12-01,perdut,baixa,televenda,154.0,24,8.66,Client sense comprar des de fa 178 dies. Historial previ de 1718 dies. Possible pèrdua de compte. Requereix trucada de reactivació.,,
1000100605,Alicante,Anestesia,perdut,0.493,3410.04,1679.96,1730.08,150,2025-12-01,perdut,baixa,televenda,262.5,0,8.65,Client sense comprar des de fa 150 dies. Historial previ de 675 dies. Possible pèrdua de compte. Requereix trucada de reactivació.,,
28408,A Coruña,Bioseguridad,perdut,1.0,1086.44,2681.09,0.0,320,2025-12-01,perdut,baixa,televenda,242.2,77,8.64,Client sense comprar des de fa 320 dies. Historial previ de 1531 dies. Possible pèrdua de compte. Requereix trucada de reactivació.,,
1000079014,Segovia,Bioseguridad,perdut,1.0,1086.44,1306.29,0.0,536,2025-12-01,perdut,baixa,televenda,406.5,129,8.62,Client sense comprar des de fa 536 dies. Historial previ de 1349 dies. Possible pèrdua de compte. Requereix trucada de reactivació.,,
778,Valencia,Anestesia,perdut,0.495,3410.04,1687.5,1722.54,241,2025-12-01,perdut,baixa,televenda,386.5,0,8.61,Client sense comprar des de fa 241 dies. Historial previ de 1014 dies. Possible pèrdua de compte. Requereix trucada de reactivació.,,
13416,Barcelona,Anestesia,perdut,1.0,2223.12,10721.23,0.0,98,2025-12-01,perdut,baixa,televenda,84.3,13,8.57,Client sense comprar des de fa 98 dies. Historial previ de 1784 dies. Possible pèrdua de compte. Requereix trucada de reactivació.,,
30232,Madrid,Anestesia,perdut,0.23,2223.12,511.52,1711.6,147,2025-12-01,perdut,baixa,televenda,300.0,0,8.56,Client sense comprar des de fa 147 dies. Historial previ de 1347 dies. Possible pèrdua de compte. Requereix trucada de reactivació.,,
10285,Burgos,Anestesia,perdut,0.784,3410.04,2674.24,735.8,262,2025-12-01,perdut,baixa,televenda,501.0,0,8.53,Client sense comprar des de fa 262 dies. Historial previ de 1765 dies. Possible pèrdua de compte. Requereix trucada de reactivació.,,
1000072067,Alicante,Anestesia,perdut,0.936,3410.04,3192.19,217.85,131,2025-12-01,perdut,baixa,televenda,230.0,0,8.53,Client sense comprar des de fa 131 dies. Historial previ de 591 dies. Possible pèrdua de compte. Requereix trucada de reactivació.,,
1000077215,Valencia,Anestesia,perdut,0.842,3410.04,2872.91,537.13,286,2025-12-01,perdut,baixa,televenda,363.0,0,8.53,Client sense comprar des de fa 286 dies. Historial previ de 1375 dies. Possible pèrdua de compte. Requereix trucada de reactivació.,,
21938,A Coruña,Anestesia,perdut,1.0,3410.04,3795.39,0.0,354,2025-12-01,perdut,baixa,televenda,683.0,0,8.53,Client sense comprar des de fa 354 dies. Historial previ de 1720 dies. Possible pèrdua de compte. Requereix trucada de reactivació.,,
553,Valencia,Anestesia,perdut,1.0,3410.04,4352.29,0.0,244,2025-12-01,perdut,baixa,televenda,277.2,0,8.53,Client sense comprar des de fa 244 dies. Historial previ de 1630 dies. Possible pèrdua de compte. Requereix trucada de reactivació.,,
1000076082,Valencia,Anestesia,perdut,1.0,3410.04,5397.1,0.0,215,2025-12-01,perdut,baixa,televenda,378.0,0,8.53,Client sense comprar des de fa 215 dies. Historial previ de 1349 dies. Possible pèrdua de compte. Requereix trucada de reactivació.,,
1000079153,Salamanca,Anestesia,perdut,1.0,3410.04,8415.82,0.0,222,2025-12-01,perdut,baixa,televenda,231.8,0,8.53,Client sense comprar des de fa 222 dies. Historial previ de 1613 dies. Possible pèrdua de compte. Requereix trucada de reactivació.,,
1000078400,Cáceres,Anestesia,perdut,1.0,3410.04,10875.06,0.0,91,2025-12-01,perdut,baixa,televenda,151.6,0,8.53,Client sense comprar des de fa 91 dies. Historial previ de 1607 dies. Possible pèrdua de compte. Requereix trucada de reactivació.,,
1000076045,Sevilla,Anestesia,perdut,0.928,3410.04,3165.47,244.57,166,2025-12-01,perdut,baixa,televenda,353.0,0,8.53,Client sense comprar des de fa 166 dies. Historial previ de 1225 dies. Possible pèrdua de compte. Requereix trucada de reactivació.,,
367,Sevilla,Anestesia,perdut,1.0,3410.04,4571.87,0.0,203,2025-12-01,perdut,baixa,televenda,304.4,0,8.53,Client sense comprar des de fa 203 dies. Historial previ de 1725 dies. Possible pèrdua de compte. Requereix trucada de reactivació.,,
1000075961,Alicante,Anestesia,perdut,0.751,3410.04,2561.35,848.69,364,2025-12-01,perdut,baixa,televenda,680.5,0,8.53,Client sense comprar des de fa 364 dies. Historial previ de 1725 dies. Possible pèrdua de compte. Requereix trucada de reactivació.,,
813,Valencia,Anestesia,perdut,1.0,3410.04,8309.32,0.0,202,2025-12-01,perdut,baixa,televenda,255.0,0,8.53,Client sense comprar des de fa 202 dies. Historial previ de 1732 dies. Possible pèrdua de compte. Requereix trucada de reactivació.,,
8323,Alicante,Anestesia,perdut,1.0,3410.04,3842.51,0.0,179,2025-12-01,perdut,baixa,televenda,298.4,0,8.53,Client sense comprar des de fa 179 dies. Historial previ de 1671 dies. Possible pèrdua de compte. Requereix trucada de reactivació.,,
1000075475,Asturias,Anestesia,perdut,1.0,3410.04,11239.76,0.0,91,2025-12-01,perdut,baixa,televenda,116.7,0,8.53,Client sense comprar des de fa 91 dies. Historial previ de 1608 dies. Possible pèrdua de compte. Requereix trucada de reactivació.,,
1000075603,Huelva,Anestesia,perdut,1.0,3410.04,15674.86,0.0,161,2025-12-01,perdut,baixa,televenda,147.5,13,8.53,Client sense comprar des de fa 161 dies. Historial previ de 1784 dies. Possible pèrdua de compte. Requereix trucada de reactivació.,,
1000100458,Almería,Anestesia,perdut,1.0,3410.04,5186.28,0.0,131,2025-12-01,perdut,baixa,televenda,219.0,0,8.53,Client sense comprar des de fa 131 dies. Historial previ de 788 dies. Possible pèrdua de compte. Requereix trucada de reactivació.,,
10928,Vizcaya,Anestesia,perdut,1.0,3410.04,5620.13,0.0,173,2025-12-01,perdut,baixa,televenda,378.2,0,8.53,Client sense comprar des de fa 173 dies. Historial previ de 1686 dies. Possible pèrdua de compte. Requereix trucada de reactivació.,,
1000074943,Madrid,Anestesia,perdut,1.0,3410.04,6199.15,0.0,243,2025-12-01,perdut,baixa,televenda,319.0,0,8.53,Client sense comprar des de fa 243 dies. Historial previ de 1519 dies. Possible pèrdua de compte. Requereix trucada de reactivació.,,
1000078744,Barcelona,Anestesia,perdut,0.864,3410.04,2947.44,462.6,262,2025-12-01,perdut,baixa,televenda,320.5,0,8.53,Client sense comprar des de fa 262 dies. Historial previ de 1544 dies. Possible pèrdua de compte. Requereix trucada de reactivació.,,
8742,Burgos,Anestesia,perdut,0.954,3410.04,3253.63,156.41,398,2025-12-01,perdut,baixa,televenda,457.3,0,8.53,Client sense comprar des de fa 398 dies. Historial previ de 1770 dies. Possible pèrdua de compte. Requereix trucada de reactivació.,,
1000079973,Murcia,Anestesia,perdut,1.0,3410.04,3678.17,0.0,159,2025-12-01,perdut,baixa,televenda,431.0,0,8.53,Client sense comprar des de fa 159 dies. Historial previ de 1452 dies. Possible pèrdua de compte. Requereix trucada de reactivació.,,
1000078930,Sevilla,Anestesia,perdut,1.0,3410.04,7346.14,0.0,154,2025-12-01,perdut,baixa,televenda,203.8,0,8.53,Client sense comprar des de fa 154 dies. Historial previ de 1377 dies. Possible pèrdua de compte. Requereix trucada de reactivació.,,
1000101598,Madrid,Anestesia,perdut,0.549,3410.04,1872.63,1537.41,124,2025-12-01,perdut,baixa,televenda,119.5,4,8.53,Client sense comprar des de fa 124 dies. Historial previ de 363 dies. Possible pèrdua de compte. Requereix trucada de reactivació.,,
96,Sevilla,Anestesia,perdut,1.0,3410.04,4291.88,0.0,110,2025-12-01,perdut,baixa,televenda,317.6,0,8.53,Client sense comprar des de fa 110 dies. Historial previ de 1698 dies. Possible pèrdua de compte. Requereix trucada de reactivació.,,
118,Sevilla,Anestesia,perdut,0.701,3410.04,2391.93,1018.11,179,2025-12-01,perdut,baixa,televenda,364.5,0,8.53,Client sense comprar des de fa 179 dies. Historial previ de 1637 dies. Possible pèrdua de compte. Requereix trucada de reactivació.,,
9852,Pontevedra,Anestesia,perdut,1.0,3410.04,3528.67,0.0,103,2025-12-01,perdut,baixa,televenda,413.7,0,8.53,Client sense comprar des de fa 103 dies. Historial previ de 1344 dies. Possible pèrdua de compte. Requereix trucada de reactivació.,,
1000078961,Sevilla,Anestesia,perdut,0.854,3410.04,2911.2,498.84,144,2025-12-01,perdut,baixa,televenda,188.0,0,8.53,Client sense comprar des de fa 144 dies. Historial previ de 896 dies. Possible pèrdua de compte. Requereix trucada de reactivació.,,
9741,La Rioja,Anestesia,perdut,1.0,3410.04,6933.69,0.0,126,2025-12-01,perdut,baixa,televenda,202.6,0,8.53,Client sense comprar des de fa 126 dies. Historial previ de 1747 dies. Possible pèrdua de compte. Requereix trucada de reactivació.,,
1000100985,Alicante,Anestesia,perdut,0.801,3410.04,2730.45,679.59,286,2025-12-01,perdut,baixa,televenda,270.0,16,8.53,Client sense comprar des de fa 286 dies. Historial previ de 556 dies. Possible pèrdua de compte. Requereix trucada de reactivació.,,
1000076652,Barcelona,Anestesia,perdut,1.0,3410.04,3568.48,0.0,368,2025-12-01,perdut,baixa,televenda,490.0,0,8.53,Client sense comprar des de fa 368 dies. Historial previ de 1348 dies. Possible pèrdua de compte. Requereix trucada de reactivació.,,
1000080036,Cádiz,Anestesia,perdut,0.712,3410.04,2428.16,981.88,287,2025-12-01,perdut,baixa,televenda,541.5,0,8.53,Client sense comprar des de fa 287 dies. Historial previ de 1370 dies. Possible pèrdua de compte. Requereix trucada de reactivació.,,
19832,Madrid,Anestesia,perdut,1.0,3410.04,3847.73,0.0,188,2025-12-01,perdut,baixa,televenda,251.8,0,8.53,Client sense comprar des de fa 188 dies. Historial previ de 1699 dies. Possible pèrdua de compte. Requereix trucada de reactivació.,,
1000078813,Zaragoza,Anestesia,perdut,1.0,3410.04,12989.19,0.0,206,2025-12-01,perdut,baixa,televenda,190.0,16,8.53,Client sense comprar des de fa 206 dies. Historial previ de 1726 dies. Possible pèrdua de compte. Requereix trucada de reactivació.,,
1000080032,A Coruña,Anestesia,perdut,0.61,3410.04,2080.82,1329.22,390,2025-12-01,perdut,baixa,televenda,380.3,9,8.53,Client sense comprar des de fa 390 dies. Historial previ de 1531 dies. Possible pèrdua de compte. Requereix trucada de reactivació.,,
1000074383,Barcelona,Anestesia,perdut,1.0,3410.04,14237.84,0.0,145,2025-12-01,perdut,baixa,televenda,148.9,0,8.53,Client sense comprar des de fa 145 dies. Historial previ de 1783 dies. Possible pèrdua de compte. Requereix trucada de reactivació.,,
8447,La Rioja,Anestesia,perdut,0.659,3410.04,2246.39,1163.65,570,2025-12-01,perdut,baixa,televenda,605.5,0,8.53,Client sense comprar des de fa 570 dies. Historial previ de 1781 dies. Possible pèrdua de compte. Requereix trucada de reactivació.,,
1000076807,Valladolid,Anestesia,perdut,1.0,3410.04,6124.08,0.0,220,2025-12-01,perdut,baixa,televenda,241.5,0,8.53,Client sense comprar des de fa 220 dies. Historial previ de 1669 dies. Possible pèrdua de compte. Requereix trucada de reactivació.,,
1000079356,Salamanca,Anestesia,perdut,1.0,3410.04,9936.74,0.0,124,2025-12-01,perdut,baixa,televenda,224.7,0,8.53,Client sense comprar des de fa 124 dies. Historial previ de 1697 dies. Possible pèrdua de compte. Requereix trucada de reactivació.,,
8359,Barcelona,Anestesia,perdut,0.575,3410.04,1960.87,1449.17,256,2025-12-01,perdut,baixa,televenda,339.5,0,8.53,Client sense comprar des de fa 256 dies. Historial previ de 1614 dies. Possible pèrdua de compte. Requereix trucada de reactivació.,,
1000073493,Madrid,Anestesia,perdut,1.0,3410.04,14539.13,0.0,116,2025-12-01,perdut,baixa,televenda,132.6,0,8.53,Client sense comprar des de fa 116 dies. Historial previ de 1707 dies. Possible pèrdua de compte. Requereix trucada de reactivació.,,
1000073487,Valencia,Anestesia,perdut,1.0,3410.04,7664.59,0.0,363,2025-12-01,perdut,baixa,televenda,413.0,0,8.53,Client sense comprar des de fa 363 dies. Historial previ de 1602 dies. Possible pèrdua de compte. Requereix trucada de reactivació.,,
12173,Córdoba,Anestesia,perdut,1.0,3410.04,4714.12,0.0,125,2025-12-01,perdut,baixa,televenda,244.0,0,8.53,Client sense comprar des de fa 125 dies. Historial previ de 1589 dies. Possible pèrdua de compte. Requereix trucada de reactivació.,,
20012,Sta.Cruz Tenerife,Anestesia,perdut,1.0,3410.04,4965.04,0.0,140,2025-12-01,perdut,baixa,televenda,197.2,0,8.53,Client sense comprar des de fa 140 dies. Historial previ de 1718 dies. Possible pèrdua de compte. Requereix trucada de reactivació.,,
1000100327,Sevilla,Anestesia,perdut,1.0,3410.04,5212.04,0.0,130,2025-12-01,perdut,baixa,televenda,149.2,0,8.53,Client sense comprar des de fa 130 dies. Historial previ de 727 dies. Possible pèrdua de compte. Requereix trucada de reactivació.,,
1000076403,Valencia,Anestesia,perdut,1.0,3410.04,4021.47,0.0,343,2025-12-01,perdut,baixa,televenda,376.7,0,8.53,Client sense comprar des de fa 343 dies. Historial previ de 1473 dies. Possible pèrdua de compte. Requereix trucada de reactivació.,,
1000079299,Barcelona,Anestesia,perdut,1.0,3410.04,5247.32,0.0,131,2025-12-01,perdut,baixa,televenda,280.2,0,8.53,Client sense comprar des de fa 131 dies. Historial previ de 1532 dies. Possible pèrdua de compte. Requereix trucada de reactivació.,,
1000073208,Valencia,Anestesia,perdut,1.0,3410.04,4938.46,0.0,250,2025-12-01,perdut,baixa,televenda,364.5,0,8.53,Client sense comprar des de fa 250 dies. Historial previ de 1708 dies. Possible pèrdua de compte. Requereix trucada de reactivació.,,
1000077996,A Coruña,Anestesia,perdut,1.0,3410.04,6261.15,0.0,195,2025-12-01,perdut,baixa,televenda,226.6,0,8.53,Client sense comprar des de fa 195 dies. Historial previ de 1781 dies. Possible pèrdua de compte. Requereix trucada de reactivació.,,
959,Valencia,Anestesia,perdut,1.0,3410.04,7983.43,0.0,178,2025-12-01,perdut,baixa,televenda,263.4,0,8.53,Client sense comprar des de fa 178 dies. Historial previ de 1495 dies. Possible pèrdua de compte. Requereix trucada de reactivació.,,
1000078005,Valencia,Anestesia,perdut,1.0,3410.04,5866.34,0.0,152,2025-12-01,perdut,baixa,televenda,336.2,0,8.53,Client sense comprar des de fa 152 dies. Historial previ de 1497 dies. Possible pèrdua de compte. Requereix trucada de reactivació.,,
171,Sevilla,Anestesia,perdut,1.0,3410.04,4069.0,0.0,202,2025-12-01,perdut,baixa,televenda,508.0,0,8.53,Client sense comprar des de fa 202 dies. Historial previ de 1726 dies. Possible pèrdua de compte. Requereix trucada de reactivació.,,
11559,La Rioja,Anestesia,perdut,1.0,3410.04,6834.31,0.0,137,2025-12-01,perdut,baixa,televenda,217.3,0,8.53,Client sense comprar des de fa 137 dies. Historial previ de 1658 dies. Possible pèrdua de compte. Requereix trucada de reactivació.,,
1000100920,Barcelona,Anestesia,perdut,0.53,3410.04,1807.0,1603.04,146,2025-12-01,perdut,baixa,televenda,251.5,0,8.53,Client sense comprar des de fa 146 dies. Historial previ de 649 dies. Possible pèrdua de compte. Requereix trucada de reactivació.,,
1000079675,Valencia,Anestesia,perdut,1.0,3410.04,5612.79,0.0,284,2025-12-01,perdut,baixa,televenda,302.5,0,8.53,Client sense comprar des de fa 284 dies. Historial previ de 1494 dies. Possible pèrdua de compte. Requereix trucada de reactivació.,,
1000072718,Sevilla,Anestesia,perdut,1.0,3410.04,7166.46,0.0,278,2025-12-01,perdut,baixa,televenda,282.8,0,8.53,Client sense comprar des de fa 278 dies. Historial previ de 1692 dies. Possible pèrdua de compte. Requereix trucada de reactivació.,,
1000077058,Alicante,Anestesia,perdut,1.0,3410.04,4617.19,0.0,234,2025-12-01,perdut,baixa,televenda,277.5,0,8.53,Client sense comprar des de fa 234 dies. Historial previ de 1344 dies. Possible pèrdua de compte. Requereix trucada de reactivació.,,
1000078140,Valencia,Anestesia,perdut,0.691,3410.04,2357.27,1052.77,305,2025-12-01,perdut,baixa,televenda,398.5,0,8.53,Client sense comprar des de fa 305 dies. Historial previ de 1102 dies. Possible pèrdua de compte. Requereix trucada de reactivació.,,
21872,Badajoz,Anestesia,perdut,1.0,3410.04,11261.17,0.0,175,2025-12-01,perdut,baixa,televenda,214.9,0,8.53,Client sense comprar des de fa 175 dies. Historial previ de 1679 dies. Possible pèrdua de compte. Requereix trucada de reactivació.,,
13297,Barcelona,Anestesia,perdut,1.0,3410.04,4319.53,0.0,327,2025-12-01,perdut,baixa,televenda,378.7,0,8.53,Client sense comprar des de fa 327 dies. Historial previ de 1463 dies. Possible pèrdua de compte. Requereix trucada de reactivació.,,
7920,León,Anestesia,perdut,1.0,3410.04,4214.29,0.0,367,2025-12-01,perdut,baixa,televenda,589.0,0,8.53,Client sense comprar des de fa 367 dies. Historial previ de 1545 dies. Possible pèrdua de compte. Requereix trucada de reactivació.,,
1000082001,Vizcaya,Anestesia,perdut,0.688,3410.04,2345.23,1064.81,174,2025-12-01,perdut,baixa,televenda,274.3,0,8.53,Client sense comprar des de fa 174 dies. Historial previ de 997 dies. Possible pèrdua de compte. Requereix trucada de reactivació.,,
7931,Álava,Anestesia,perdut,1.0,3410.04,7243.79,0.0,138,2025-12-01,perdut,baixa,televenda,126.5,11,8.53,Client sense comprar des de fa 138 dies. Historial previ de 1783 dies. Possible pèrdua de compte. Requereix trucada de reactivació.,,
32986,Alicante,Anestesia,perdut,1.0,3410.04,15740.12,0.0,237,2025-12-01,perdut,baixa,televenda,305.4,0,8.53,Client sense comprar des de fa 237 dies. Historial previ de 1764 dies. Possible pèrdua de compte. Requereix trucada de reactivació.,,
7698,Sevilla,Anestesia,perdut,1.0,3410.04,3419.06,0.0,292,2025-12-01,perdut,baixa,televenda,700.0,0,8.53,Client sense comprar des de fa 292 dies. Historial previ de 1692 dies. Possible pèrdua de compte. Requereix trucada de reactivació.,,
1000081101,Huelva,Anestesia,perdut,1.0,3410.04,10710.58,0.0,94,2025-12-01,perdut,baixa,televenda,234.1,0,8.53,Client sense comprar des de fa 94 dies. Historial previ de 1733 dies. Possible pèrdua de compte. Requereix trucada de reactivació.,,
33706,Alicante,Anestesia,perdut,1.0,3410.04,7232.08,0.0,215,2025-12-01,perdut,baixa,televenda,214.0,1,8.53,Client sense comprar des de fa 215 dies. Historial previ de 1713 dies. Possible pèrdua de compte. Requereix trucada de reactivació.,,
1000082234,Pontevedra,Anestesia,perdut,1.0,3410.04,13730.54,0.0,153,2025-12-01,perdut,baixa,televenda,154.9,0,8.53,Client sense comprar des de fa 153 dies. Historial previ de 1547 dies. Possible pèrdua de compte. Requereix trucada de reactivació.,,
1000082689,Madrid,Anestesia,perdut,1.0,3410.04,5221.68,0.0,193,2025-12-01,perdut,baixa,televenda,225.5,0,8.53,Client sense comprar des de fa 193 dies. Historial previ de 1095 dies. Possible pèrdua de compte. Requereix trucada de reactivació.,,
27328,Valencia,Anestesia,perdut,1.0,3410.04,7068.88,0.0,202,2025-12-01,perdut,baixa,televenda,367.2,0,8.53,Client sense comprar des de fa 202 dies. Historial previ de 1671 dies. Possible pèrdua de compte. Requereix trucada de reactivació.,,
34044,Sta.Cruz Tenerife,Anestesia,perdut,1.0,3410.04,5195.02,0.0,157,2025-12-01,perdut,baixa,televenda,200.6,0,8.53,Client sense comprar des de fa 157 dies. Historial previ de 1762 dies. Possible pèrdua de compte. Requereix trucada de reactivació.,,
1000082715,Valencia,Anestesia,perdut,0.901,3410.04,3072.15,337.89,171,2025-12-01,perdut,baixa,televenda,319.7,0,8.53,Client sense comprar des de fa 171 dies. Historial previ de 1130 dies. Possible pèrdua de compte. Requereix trucada de reactivació.,,
7785,Castellón,Anestesia,perdut,1.0,3410.04,7214.86,0.0,199,2025-12-01,perdut,baixa,televenda,241.7,0,8.53,Client sense comprar des de fa 199 dies. Historial previ de 1649 dies. Possible pèrdua de compte. Requereix trucada de reactivació.,,
1000081126,Madrid,Anestesia,perdut,0.999,3410.04,3405.24,4.8,101,2025-12-01,perdut,baixa,televenda,425.3,0,8.53,Client sense comprar des de fa 101 dies. Historial previ de 1377 dies. Possible pèrdua de compte. Requereix trucada de reactivació.,,
1000081143,Madrid,Anestesia,perdut,1.0,3410.04,14875.18,0.0,91,2025-12-01,perdut,baixa,televenda,143.5,0,8.53,Client sense comprar des de fa 91 dies. Historial previ de 1670 dies. Possible pèrdua de compte. Requereix trucada de reactivació.,,
7295,Alicante,Anestesia,perdut,0.867,3410.04,2956.91,453.13,271,2025-12-01,perdut,baixa,televenda,411.0,0,8.53,Client sense comprar des de fa 271 dies. Historial previ de 1504 dies. Possible pèrdua de compte. Requereix trucada de reactivació.,,
1000082157,Vizcaya,Anestesia,perdut,1.0,3410.04,14701.6,0.0,150,2025-12-01,perdut,baixa,televenda,212.4,0,8.53,Client sense comprar des de fa 150 dies. Historial previ de 1637 dies. Possible pèrdua de compte. Requereix trucada de reactivació.,,
42821,Las Palmas,Anestesia,perdut,0.816,3410.04,2783.12,626.92,217,2025-12-01,perdut,baixa,televenda,202.0,15,8.53,Client sense comprar des de fa 217 dies. Historial previ de 621 dies. Possible pèrdua de compte. Requereix trucada de reactivació.,,
1195,Valencia,Anestesia,perdut,0.736,3410.04,2510.19,899.85,585,2025-12-01,perdut,baixa,televenda,547.5,37,8.53,Client sense comprar des de fa 585 dies. Historial previ de 1680 dies. Possible pèrdua de compte. Requereix trucada de reactivació.,,
35135,Valencia,Anestesia,perdut,1.0,3410.04,8620.15,0.0,229,2025-12-01,perdut,baixa,televenda,234.5,0,8.53,Client sense comprar des de fa 229 dies. Historial previ de 1636 dies. Possible pèrdua de compte. Requereix trucada de reactivació.,,
1000082128,Castellón,Anestesia,perdut,0.865,3410.04,2948.74,461.3,543,2025-12-01,perdut,baixa,televenda,557.0,0,8.53,Client sense comprar des de fa 543 dies. Historial previ de 1657 dies. Possible pèrdua de compte. Requereix trucada de reactivació.,,
1000082759,Sta.Cruz Tenerife,Anestesia,perdut,1.0,3410.04,6236.6,0.0,150,2025-12-01,perdut,baixa,televenda,185.6,0,8.53,Client sense comprar des de fa 150 dies. Historial previ de 1078 dies. Possible pèrdua de compte. Requereix trucada de reactivació.,,
1000066398,A Coruña,Anestesia,perdut,1.0,3410.04,9336.43,0.0,139,2025-12-01,perdut,baixa,televenda,133.0,6,8.53,Client sense comprar des de fa 139 dies. Historial previ de 1735 dies. Possible pèrdua de compte. Requereix trucada de reactivació.,,
1000080825,Palencia,Anestesia,perdut,1.0,3410.04,9188.26,0.0,146,2025-12-01,perdut,baixa,televenda,148.7,0,8.53,Client sense comprar des de fa 146 dies. Historial previ de 1782 dies. Possible pèrdua de compte. Requereix trucada de reactivació.,,
25996,Valencia,Anestesia,perdut,1.0,3410.04,5752.36,0.0,208,2025-12-01,perdut,baixa,televenda,246.0,0,8.53,Client sense comprar des de fa 208 dies. Historial previ de 1684 dies. Possible pèrdua de compte. Requereix trucada de reactivació.,,
25957,Madrid,Anestesia,perdut,1.0,3410.04,4226.53,0.0,220,2025-12-01,perdut,baixa,televenda,290.2,0,8.53,Client sense comprar des de fa 220 dies. Historial previ de 1671 dies. Possible pèrdua de compte. Requereix trucada de reactivació.,,
1000082107,Sevilla,Anestesia,perdut,1.0,3410.04,12543.23,0.0,132,2025-12-01,perdut,baixa,televenda,125.7,6,8.53,Client sense comprar des de fa 132 dies. Historial previ de 1263 dies. Possible pèrdua de compte. Requereix trucada de reactivació.,,
35905,Madrid,Anestesia,perdut,1.0,3410.04,7127.02,0.0,241,2025-12-01,perdut,baixa,televenda,236.3,4,8.53,Client sense comprar des de fa 241 dies. Historial previ de 1659 dies. Possible pèrdua de compte. Requereix trucada de reactivació.,,
42734,Córdoba,Anestesia,perdut,0.59,3410.04,2012.74,1397.3,122,2025-12-01,perdut,baixa,televenda,225.0,0,8.53,Client sense comprar des de fa 122 dies. Historial previ de 572 dies. Possible pèrdua de compte. Requereix trucada de reactivació.,,
42727,Almería,Anestesia,perdut,0.549,3410.04,1871.44,1538.6,151,2025-12-01,perdut,baixa,televenda,168.0,0,8.53,Client sense comprar des de fa 151 dies. Historial previ de 487 dies. Possible pèrdua de compte. Requereix trucada de reactivació.,,
32951,Almería,Anestesia,perdut,1.0,3410.04,4237.5,0.0,383,2025-12-01,perdut,baixa,televenda,585.0,0,8.53,Client sense comprar des de fa 383 dies. Historial previ de 1553 dies. Possible pèrdua de compte. Requereix trucada de reactivació.,,
32565,Cantabria,Anestesia,perdut,0.561,3410.04,1911.41,1498.63,544,2025-12-01,perdut,baixa,televenda,515.5,28,8.53,Client sense comprar des de fa 544 dies. Historial previ de 1575 dies. Possible pèrdua de compte. Requereix trucada de reactivació.,,
1000040157,Sta.Cruz Tenerife,Anestesia,perdut,0.661,3410.04,2252.36,1157.68,161,2025-12-01,perdut,baixa,televenda,319.8,0,8.53,Client sense comprar des de fa 161 dies. Historial previ de 1760 dies. Possible pèrdua de compte. Requereix trucada de reactivació.,,
1000082594,Sevilla,Anestesia,perdut,1.0,3410.04,6690.04,0.0,146,2025-12-01,perdut,baixa,televenda,206.6,0,8.53,Client sense comprar des de fa 146 dies. Historial previ de 1179 dies. Possible pèrdua de compte. Requereix trucada de reactivació.,,
1000058229,Valencia,Anestesia,perdut,1.0,3410.04,7471.92,0.0,210,2025-12-01,perdut,baixa,televenda,245.8,0,8.53,Client sense comprar des de fa 210 dies. Historial previ de 1685 dies. Possible pèrdua de compte. Requereix trucada de reactivació.,,
29144,A Coruña,Anestesia,perdut,1.0,3410.04,17043.53,0.0,98,2025-12-01,perdut,baixa,televenda,137.9,0,8.53,Client sense comprar des de fa 98 dies. Historial previ de 1753 dies. Possible pèrdua de compte. Requereix trucada de reactivació.,,
28806,Valencia,Anestesia,perdut,1.0,3410.04,4737.91,0.0,287,2025-12-01,perdut,baixa,televenda,366.0,0,8.53,Client sense comprar des de fa 287 dies. Historial previ de 1385 dies. Possible pèrdua de compte. Requereix trucada de reactivació.,,
1000058120,Madrid,Anestesia,perdut,1.0,3410.04,14515.6,0.0,146,2025-12-01,perdut,baixa,televenda,135.7,10,8.53,Client sense comprar des de fa 146 dies. Historial previ de 1774 dies. Possible pèrdua de compte. Requereix trucada de reactivació.,,
4111,La Rioja,Anestesia,perdut,1.0,3410.04,10858.32,0.0,95,2025-12-01,perdut,baixa,televenda,197.8,0,8.53,Client sense comprar des de fa 95 dies. Historial previ de 1677 dies. Possible pèrdua de compte. Requereix trucada de reactivació.,,
1000057629,Cádiz,Anestesia,perdut,1.0,3410.04,4503.87,0.0,133,2025-12-01,perdut,baixa,televenda,234.9,0,8.53,Client sense comprar des de fa 133 dies. Historial previ de 1777 dies. Possible pèrdua de compte. Requereix trucada de reactivació.,,
29437,Granada,Anestesia,perdut,1.0,3410.04,9188.11,0.0,238,2025-12-01,perdut,baixa,televenda,280.0,0,8.53,Client sense comprar des de fa 238 dies. Historial previ de 1638 dies. Possible pèrdua de compte. Requereix trucada de reactivació.,,
1000080780,Asturias,Anestesia,perdut,1.0,3410.04,8692.08,0.0,158,2025-12-01,perdut,baixa,televenda,293.8,0,8.53,Client sense comprar des de fa 158 dies. Historial previ de 1627 dies. Possible pèrdua de compte. Requereix trucada de reactivació.,,
2245,Cantabria,Anestesia,perdut,0.986,3410.04,3361.43,48.61,140,2025-12-01,perdut,baixa,televenda,227.7,0,8.53,Client sense comprar des de fa 140 dies. Historial previ de 823 dies. Possible pèrdua de compte. Requereix trucada de reactivació.,,
1000059960,Valencia,Anestesia,perdut,1.0,3410.04,3712.52,0.0,196,2025-12-01,perdut,baixa,televenda,191.3,4,8.53,Client sense comprar des de fa 196 dies. Historial previ de 1344 dies. Possible pèrdua de compte. Requereix trucada de reactivació.,,
1000082578,Sta.Cruz Tenerife,Anestesia,perdut,0.657,3410.04,2239.69,1170.35,160,2025-12-01,perdut,baixa,televenda,177.3,0,8.53,Client sense comprar des de fa 160 dies. Historial previ de 1224 dies. Possible pèrdua de compte. Requereix trucada de reactivació.,,
1000080772,Asturias,Anestesia,perdut,0.938,3410.04,3199.44,210.6,201,2025-12-01,perdut,baixa,televenda,360.5,0,8.53,Client sense comprar des de fa 201 dies. Historial previ de 1643 dies. Possible pèrdua de compte. Requereix trucada de reactivació.,,
30347,León,Anestesia,perdut,0.634,3410.04,2160.67,1249.37,192,2025-12-01,perdut,baixa,televenda,560.5,0,8.53,Client sense comprar des de fa 192 dies. Historial previ de 1313 dies. Possible pèrdua de compte. Requereix trucada de reactivació.,,
1000080635,Cantabria,Anestesia,perdut,0.717,3410.04,2445.0,965.04,146,2025-12-01,perdut,baixa,televenda,468.0,0,8.53,Client sense comprar des de fa 146 dies. Historial previ de 614 dies. Possible pèrdua de compte. Requereix trucada de reactivació.,,
28420,Segovia,Anestesia,perdut,1.0,3410.04,8342.72,0.0,158,2025-12-01,perdut,baixa,televenda,184.0,0,8.53,Client sense comprar des de fa 158 dies. Historial previ de 894 dies. Possible pèrdua de compte. Requereix trucada de reactivació.,,
28269,Asturias,Anestesia,perdut,1.0,3410.04,10376.46,0.0,171,2025-12-01,perdut,baixa,televenda,254.5,0,8.53,Client sense comprar des de fa 171 dies. Historial previ de 1698 dies. Possible pèrdua de compte. Requereix trucada de reactivació.,,
1000082349,Madrid,Anestesia,perdut,1.0,3410.04,6834.15,0.0,153,2025-12-01,perdut,baixa,televenda,197.3,0,8.53,Client sense comprar des de fa 153 dies. Historial previ de 1337 dies. Possible pèrdua de compte. Requereix trucada de reactivació.,,
30626,Alicante,Anestesia,perdut,0.723,3410.04,2463.95,946.09,220,2025-12-01,perdut,baixa,televenda,428.3,0,8.53,Client sense comprar des de fa 220 dies. Historial previ de 1505 dies. Possible pèrdua de compte. Requereix trucada de reactivació.,,
1000062151,Castellón,Anestesia,perdut,1.0,3410.04,3524.15,0.0,248,2025-12-01,perdut,baixa,televenda,234.5,13,8.53,Client sense comprar des de fa 248 dies. Historial previ de 1655 dies. Possible pèrdua de compte. Requereix trucada de reactivació.,,
1000042620,Granada,Anestesia,perdut,1.0,3410.04,15472.01,0.0,96,2025-12-01,perdut,baixa,televenda,104.0,0,8.53,Client sense comprar des de fa 96 dies. Historial previ de 1760 dies. Possible pèrdua de compte. Requereix trucada de reactivació.,,
7475,Ciudad Real,Anestesia,perdut,0.889,3410.04,3031.99,378.05,206,2025-12-01,perdut,baixa,televenda,360.7,0,8.53,Client sense comprar des de fa 206 dies. Historial previ de 1288 dies. Possible pèrdua de compte. Requereix trucada de reactivació.,,
1000082322,Alicante,Anestesia,perdut,0.783,3410.04,2669.04,741.0,146,2025-12-01,perdut,baixa,televenda,667.5,0,8.53,Client sense comprar des de fa 146 dies. Historial previ de 1481 dies. Possible pèrdua de compte. Requereix trucada de reactivació.,,
1000080966,Sta.Cruz Tenerife,Anestesia,perdut,1.0,3410.04,5941.86,0.0,199,2025-12-01,perdut,baixa,televenda,210.7,0,8.53,Client sense comprar des de fa 199 dies. Historial previ de 1463 dies. Possible pèrdua de compte. Requereix trucada de reactivació.,,
1000082293,Palencia,Anestesia,perdut,1.0,3410.04,3771.33,0.0,207,2025-12-01,perdut,baixa,televenda,221.6,0,8.53,Client sense comprar des de fa 207 dies. Historial previ de 1315 dies. Possible pèrdua de compte. Requereix trucada de reactivació.,,
32067,Huelva,Anestesia,perdut,1.0,3410.04,4324.99,0.0,182,2025-12-01,perdut,baixa,televenda,444.3,0,8.53,Client sense comprar des de fa 182 dies. Historial previ de 1515 dies. Possible pèrdua de compte. Requereix trucada de reactivació.,,
1000080648,Sevilla,Anestesia,perdut,1.0,3410.04,4634.74,0.0,210,2025-12-01,perdut,baixa,televenda,474.7,0,8.53,Client sense comprar des de fa 210 dies. Historial previ de 1634 dies. Possible pèrdua de compte. Requereix trucada de reactivació.,,
42725,Granada,Anestesia,perdut,0.815,3410.04,2778.43,631.61,91,2025-12-01,perdut,baixa,televenda,120.2,0,8.53,Client sense comprar des de fa 91 dies. Historial previ de 692 dies. Possible pèrdua de compte. Requereix trucada de reactivació.,,
26107,Barcelona,Anestesia,perdut,1.0,3410.04,13090.59,0.0,131,2025-12-01,perdut,baixa,televenda,136.0,0,8.53,Client sense comprar des de fa 131 dies. Historial previ de 1763 dies. Possible pèrdua de compte. Requereix trucada de reactivació.,,
24279,Barcelona,Anestesia,perdut,1.0,3410.04,3985.03,0.0,161,2025-12-01,perdut,baixa,televenda,197.2,0,8.53,Client sense comprar des de fa 161 dies. Historial previ de 1739 dies. Possible pèrdua de compte. Requereix trucada de reactivació.,,
6184,Valencia,Anestesia,perdut,1.0,3410.04,3486.74,0.0,130,2025-12-01,perdut,baixa,televenda,312.2,0,8.53,Client sense comprar des de fa 130 dies. Historial previ de 1691 dies. Possible pèrdua de compte. Requereix trucada de reactivació.,,
3683,Asturias,Anestesia,perdut,0.611,3410.04,2085.02,1325.02,181,2025-12-01,perdut,baixa,televenda,770.0,0,8.53,Client sense comprar des de fa 181 dies. Historial previ de 1721 dies. Possible pèrdua de compte. Requereix trucada de reactivació.,,
1000100037,Alicante,Anestesia,perdut,1.0,3410.04,3933.85,0.0,112,2025-12-01,perdut,baixa,televenda,616.0,0,8.53,Client sense comprar des de fa 112 dies. Historial previ de 1344 dies. Possible pèrdua de compte. Requereix trucada de reactivació.,,
42295,Barcelona,Anestesia,perdut,1.0,3410.04,8296.59,0.0,119,2025-12-01,perdut,baixa,televenda,108.6,10,8.53,Client sense comprar des de fa 119 dies. Historial previ de 1314 dies. Possible pèrdua de compte. Requereix trucada de reactivació.,,
1000100078,Tarragona,Anestesia,perdut,0.758,3410.04,2586.03,824.01,129,2025-12-01,perdut,baixa,televenda,231.8,0,8.53,Client sense comprar des de fa 129 dies. Historial previ de 1056 dies. Possible pèrdua de compte. Requereix trucada de reactivació.,,
1000081327,Navarra,Anestesia,perdut,1.0,3410.04,13475.69,0.0,165,2025-12-01,perdut,baixa,televenda,224.0,0,8.53,Client sense comprar des de fa 165 dies. Historial previ de 1733 dies. Possible pèrdua de compte. Requereix trucada de reactivació.,,
1000081823,Madrid,Anestesia,perdut,1.0,3410.04,5157.44,0.0,166,2025-12-01,perdut,baixa,televenda,179.8,0,8.53,Client sense comprar des de fa 166 dies. Historial previ de 1784 dies. Possible pèrdua de compte. Requereix trucada de reactivació.,,
42113,Málaga,Anestesia,perdut,0.986,3410.04,3361.1,48.94,279,2025-12-01,perdut,baixa,televenda,283.0,0,8.53,Client sense comprar des de fa 279 dies. Historial previ de 1411 dies. Possible pèrdua de compte. Requereix trucada de reactivació.,,
39414,,Anestesia,perdut,1.0,3410.04,7046.85,0.0,130,2025-12-01,perdut,baixa,televenda,272.3,0,8.53,Client sense comprar des de fa 130 dies. Historial previ de 1764 dies. Possible pèrdua de compte. Requereix trucada de reactivació.,,
42083,Valencia,Anestesia,perdut,1.0,3410.04,5048.79,0.0,182,2025-12-01,perdut,baixa,televenda,177.6,4,8.53,Client sense comprar des de fa 182 dies. Historial previ de 1603 dies. Possible pèrdua de compte. Requereix trucada de reactivació.,,
1000100114,Alicante,Anestesia,perdut,1.0,3410.04,4499.91,0.0,220,2025-12-01,perdut,baixa,televenda,272.0,0,8.53,Client sense comprar des de fa 220 dies. Historial previ de 1036 dies. Possible pèrdua de compte. Requereix trucada de reactivació.,,
39878,Asturias,Anestesia,perdut,1.0,3410.04,14453.19,0.0,195,2025-12-01,perdut,baixa,televenda,226.9,0,8.53,Client sense comprar des de fa 195 dies. Historial previ de 1783 dies. Possible pèrdua de compte. Requereix trucada de reactivació.,,
41866,Madrid,Anestesia,perdut,0.549,3410.04,1871.48,1538.56,308,2025-12-01,perdut,baixa,televenda,1362.0,0,8.53,Client sense comprar des de fa 308 dies. Historial previ de 1670 dies. Possible pèrdua de compte. Requereix trucada de reactivació.,,
6682,Barcelona,Anestesia,perdut,0.951,3410.04,3243.38,166.66,124,2025-12-01,perdut,baixa,televenda,585.0,0,8.53,Client sense comprar des de fa 124 dies. Historial previ de 1294 dies. Possible pèrdua de compte. Requereix trucada de reactivació.,,
41789,Murcia,Anestesia,perdut,1.0,3410.04,8748.4,0.0,192,2025-12-01,perdut,baixa,televenda,250.2,0,8.53,Client sense comprar des de fa 192 dies. Historial previ de 1693 dies. Possible pèrdua de compte. Requereix trucada de reactivació.,,
23196,Las Palmas,Anestesia,perdut,1.0,3410.04,6934.28,0.0,182,2025-12-01,perdut,baixa,televenda,191.2,0,8.53,Client sense comprar des de fa 182 dies. Historial previ de 1712 dies. Possible pèrdua de compte. Requereix trucada de reactivació.,,
41658,Madrid,Anestesia,perdut,1.0,3410.04,10930.51,0.0,364,2025-12-01,perdut,baixa,televenda,368.0,0,8.53,Client sense comprar des de fa 364 dies. Historial previ de 1468 dies. Possible pèrdua de compte. Requereix trucada de reactivació.,,
40767,Madrid,Anestesia,perdut,1.0,3410.04,4579.03,0.0,91,2025-12-01,perdut,baixa,televenda,273.8,0,8.53,Client sense comprar des de fa 91 dies. Historial previ de 1734 dies. Possible pèrdua de compte. Requereix trucada de reactivació.,,
1000081598,Valencia,Anestesia,perdut,1.0,3410.04,6219.71,0.0,157,2025-12-01,perdut,baixa,televenda,245.2,0,8.53,Client sense comprar des de fa 157 dies. Historial previ de 1628 dies. Possible pèrdua de compte. Requereix trucada de reactivació.,,
22738,Vizcaya,Anestesia,perdut,1.0,3410.04,5907.02,0.0,321,2025-12-01,perdut,baixa,televenda,365.5,0,8.53,Client sense comprar des de fa 321 dies. Historial previ de 1783 dies. Possible pèrdua de compte. Requereix trucada de reactivació.,,
1000081576,Valencia,Anestesia,perdut,1.0,3410.04,4711.34,0.0,284,2025-12-01,perdut,baixa,televenda,317.3,0,8.53,Client sense comprar des de fa 284 dies. Historial previ de 1236 dies. Possible pèrdua de compte. Requereix trucada de reactivació.,,
41389,Valencia,Anestesia,perdut,1.0,3410.04,8086.04,0.0,123,2025-12-01,perdut,baixa,televenda,231.9,0,8.53,Client sense comprar des de fa 123 dies. Historial previ de 1746 dies. Possible pèrdua de compte. Requereix trucada de reactivació.,,
41349,León,Anestesia,perdut,1.0,3410.04,7538.78,0.0,132,2025-12-01,perdut,baixa,televenda,674.0,0,8.53,Client sense comprar des de fa 132 dies. Historial previ de 1480 dies. Possible pèrdua de compte. Requereix trucada de reactivació.,,
22527,Valladolid,Anestesia,perdut,1.0,3410.04,4438.49,0.0,257,2025-12-01,perdut,baixa,televenda,299.4,0,8.53,Client sense comprar des de fa 257 dies. Historial previ de 1754 dies. Possible pèrdua de compte. Requereix trucada de reactivació.,,
41169,Valladolid,Anestesia,perdut,1.0,3410.04,3667.83,0.0,147,2025-12-01,perdut,baixa,televenda,211.0,0,8.53,Client sense comprar des de fa 147 dies. Historial previ de 780 dies. Possible pèrdua de compte. Requereix trucada de reactivació.,,
37595,Madrid,Anestesia,perdut,1.0,3410.04,8124.76,0.0,143,2025-12-01,perdut,baixa,televenda,221.6,0,8.53,Client sense comprar des de fa 143 dies. Historial previ de 1694 dies. Possible pèrdua de compte. Requereix trucada de reactivació.,,
1000082533,Madrid,Anestesia,perdut,0.782,3410.04,2666.48,743.56,179,2025-12-01,perdut,baixa,televenda,278.5,0,8.53,Client sense comprar des de fa 179 dies. Historial previ de 1293 dies. Possible pèrdua de compte. Requereix trucada de reactivació.,,
42699,Granada,Anestesia,perdut,0.717,3410.04,2445.91,964.13,122,2025-12-01,perdut,baixa,televenda,140.7,0,8.53,Client sense comprar des de fa 122 dies. Historial previ de 544 dies. Possible pèrdua de compte. Requereix trucada de reactivació.,,
1000080417,Madrid,Anestesia,perdut,1.0,3410.04,4878.48,0.0,178,2025-12-01,perdut,baixa,televenda,294.0,0,8.53,Client sense comprar des de fa 178 dies. Historial previ de 1648 dies. Possible pèrdua de compte. Requereix trucada de reactivació.,,
24513,Vizcaya,Anestesia,perdut,1.0,3410.04,10753.68,0.0,216,2025-12-01,perdut,baixa,televenda,386.8,0,8.53,Client sense comprar des de fa 216 dies. Historial previ de 1763 dies. Possible pèrdua de compte. Requereix trucada de reactivació.,,
42526,Barcelona,Anestesia,perdut,0.59,3410.04,2013.08,1396.96,140,2025-12-01,perdut,baixa,televenda,411.0,0,8.53,Client sense comprar des de fa 140 dies. Historial previ de 962 dies. Possible pèrdua de compte. Requereix trucada de reactivació.,,
36506,Madrid,Anestesia,perdut,1.0,3410.04,9919.68,0.0,164,2025-12-01,perdut,baixa,televenda,153.3,10,8.53,Client sense comprar des de fa 164 dies. Historial previ de 1544 dies. Possible pèrdua de compte. Requereix trucada de reactivació.,,
36250,Cuenca,Anestesia,perdut,1.0,3410.04,10884.51,0.0,182,2025-12-01,perdut,baixa,televenda,197.2,0,8.53,Client sense comprar des de fa 182 dies. Historial previ de 1760 dies. Possible pèrdua de compte. Requereix trucada de reactivació.,,
1000080400,Alicante,Anestesia,perdut,0.983,3410.04,3352.87,57.17,194,2025-12-01,perdut,baixa,televenda,647.5,0,8.53,Client sense comprar des de fa 194 dies. Historial previ de 1489 dies. Possible pèrdua de compte. Requereix trucada de reactivació.,,
35962,Salamanca,Anestesia,perdut,1.0,3410.04,11767.91,0.0,175,2025-12-01,perdut,baixa,televenda,217.0,0,8.53,Client sense comprar des de fa 175 dies. Historial previ de 1694 dies. Possible pèrdua de compte. Requereix trucada de reactivació.,,
1000082789,Madrid,Anestesia,perdut,0.688,3410.04,2347.3,1062.74,151,2025-12-01,perdut,baixa,televenda,282.3,0,8.53,Client sense comprar des de fa 151 dies. Historial previ de 998 dies. Possible pèrdua de compte. Requereix trucada de reactivació.,,
36502,A Coruña,Anestesia,perdut,1.0,3410.04,4655.52,0.0,125,2025-12-01,perdut,baixa,televenda,148.3,0,8.53,Client sense comprar des de fa 125 dies. Historial previ de 1756 dies. Possible pèrdua de compte. Requereix trucada de reactivació.,,
36587,Madrid,Anestesia,perdut,1.0,3410.04,5143.95,0.0,187,2025-12-01,perdut,baixa,televenda,264.6,0,8.53,Client sense comprar des de fa 187 dies. Historial previ de 1510 dies. Possible pèrdua de compte. Requereix trucada de reactivació.,,
24533,Cantabria,Anestesia,perdut,1.0,3410.04,8277.51,0.0,157,2025-12-01,perdut,baixa,televenda,400.8,0,8.53,Client sense comprar des de fa 157 dies. Historial previ de 1760 dies. Possible pèrdua de compte. Requereix trucada de reactivació.,,
37409,Madrid,Anestesia,perdut,1.0,3410.04,5741.35,0.0,234,2025-12-01,perdut,baixa,televenda,240.7,0,8.53,Client sense comprar des de fa 234 dies. Historial previ de 1678 dies. Possible pèrdua de compte. Requereix trucada de reactivació.,,
17964,Sevilla,Bioseguridad,perdut,1.0,1086.44,1136.09,0.0,685,2025-12-01,perdut,baixa,televenda,522.0,163,8.48,Client sense comprar des de fa 685 dies. Historial previ de 1729 dies. Possible pèrdua de compte. Requereix trucada de reactivació.,,
23194,Granada,Anestesia,perdut,0.239,2223.12,531.97,1691.15,369,2025-12-01,perdut,baixa,televenda,567.0,0,8.46,Client sense comprar des de fa 369 dies. Historial previ de 936 dies. Possible pèrdua de compte. Requereix trucada de reactivació.,,
21796,Sta.Cruz Tenerife,Anestesia,perdut,1.0,2223.12,3741.9,0.0,235,2025-12-01,perdut,baixa,televenda,204.0,31,8.45,Client sense comprar des de fa 235 dies. Historial previ de 1459 dies. Possible pèrdua de compte. Requereix trucada de reactivació.,,
7602,Barcelona,Anestesia,perdut,1.0,2223.12,5610.63,0.0,175,2025-12-01,perdut,baixa,televenda,151.7,23,8.43,Client sense comprar des de fa 175 dies. Historial previ de 1692 dies. Possible pèrdua de compte. Requereix trucada de reactivació.,,
10888,Vizcaya,Anestesia,perdut,0.245,2223.12,543.91,1679.21,444,2025-12-01,perdut,baixa,televenda,453.0,0,8.4,Client sense comprar des de fa 444 dies. Historial previ de 1350 dies. Possible pèrdua de compte. Requereix trucada de reactivació.,,
15255,Guadalajara,Anestesia,perdut,1.0,2223.12,3525.99,0.0,305,2025-12-01,perdut,baixa,televenda,264.6,40,8.4,Client sense comprar des de fa 305 dies. Historial previ de 1628 dies. Possible pèrdua de compte. Requereix trucada de reactivació.,,
1000082248,Valencia,Bioseguridad,perdut,1.0,3334.68,13756.2,0.0,91,2025-12-01,perdut,baixa,televenda,180.6,0,8.34,Client sense comprar des de fa 91 dies. Historial previ de 1536 dies. Possible pèrdua de compte. Requereix trucada de reactivació.,,
11760,Ciudad Real,Bioseguridad,perdut,1.0,3334.68,7824.1,0.0,116,2025-12-01,perdut,baixa,televenda,126.0,0,8.34,Client sense comprar des de fa 116 dies. Historial previ de 1502 dies. Possible pèrdua de compte. Requereix trucada de reactivació.,,
36972,,Bioseguridad,perdut,0.538,3334.68,1793.25,1541.43,887,2025-12-01,perdut,baixa,televenda,856.0,31,8.34,Client sense comprar des de fa 887 dies. Historial previ de 1743 dies. Possible pèrdua de compte. Requereix trucada de reactivació.,,
1000068622,Sta.Cruz Tenerife,Bioseguridad,perdut,1.0,1086.44,9638.69,0.0,150,2025-12-01,perdut,baixa,televenda,114.5,35,8.3,Client sense comprar des de fa 150 dies. Historial previ de 1753 dies. Possible pèrdua de compte. Requereix trucada de reactivació.,,
1000081084,Granada,Anestesia,perdut,0.867,2223.12,1926.52,296.6,517,2025-12-01,perdut,baixa,televenda,450.0,67,8.27,Client sense comprar des de fa 517 dies. Historial previ de 1417 dies. Possible pèrdua de compte. Requereix trucada de reactivació.,,
37654,Toledo,Bioseguridad,fidel,0.915,1086.44,994.22,92.22,90,2025-12-01,reposicio_pendent,baixa,televenda,80.5,9,8.25,Client FIDEL d'Bioseguridad amb lleuger retard (9 dies). Cicle habitual: 81 dies. Seguiment rutina.,0.14,2025-11-21
2167,Pontevedra,Anestesia,perdut,1.0,2223.12,9064.23,0.0,125,2025-12-01,perdut,baixa,televenda,108.3,16,8.21,Client sense comprar des de fa 125 dies. Historial previ de 1749 dies. Possible pèrdua de compte. Requereix trucada de reactivació.,,
8813,Madrid,Bioseguridad,perdut,1.0,1086.44,7719.89,0.0,152,2025-12-01,perdut,baixa,televenda,116.4,35,8.16,Client sense comprar des de fa 152 dies. Historial previ de 1782 dies. Possible pèrdua de compte. Requereix trucada de reactivació.,,
1000100018,Huesca,Bioseguridad,perdut,1.0,1667.34,1846.79,0.0,418,2025-12-01,perdut,baixa,televenda,349.3,68,8.11,Client sense comprar des de fa 418 dies. Historial previ de 1466 dies. Possible pèrdua de compte. Requereix trucada de reactivació.,,
41977,Málaga,Anestesia,perdut,0.273,2223.12,606.9,1616.22,451,2025-12-01,perdut,baixa,televenda,928.0,0,8.08,Client sense comprar des de fa 451 dies. Historial previ de 1379 dies. Possible pèrdua de compte. Requereix trucada de reactivació.,,
33681,Cuenca,Bioseguridad,perdut,1.0,1086.44,2375.46,0.0,363,2025-12-01,perdut,baixa,televenda,279.6,83,8.06,Client sense comprar des de fa 363 dies. Historial previ de 1761 dies. Possible pèrdua de compte. Requereix trucada de reactivació.,,
14356,Alicante,Anestesia,perdut,0.275,2223.12,612.26,1610.86,133,2025-12-01,perdut,baixa,televenda,510.7,0,8.05,Client sense comprar des de fa 133 dies. Historial previ de 1665 dies. Possible pèrdua de compte. Requereix trucada de reactivació.,,
1000056449,Vizcaya,Anestesia,perdut,1.0,2223.12,12398.66,0.0,285,2025-12-01,perdut,baixa,televenda,248.8,36,8.04,Client sense comprar des de fa 285 dies. Historial previ de 1778 dies. Possible pèrdua de compte. Requereix trucada de reactivació.,,
1000080263,Barcelona,Bioseguridad,perdut,1.0,1667.34,5799.1,0.0,194,2025-12-01,perdut,baixa,televenda,162.3,31,7.96,Client sense comprar des de fa 194 dies. Historial previ de 1655 dies. Possible pèrdua de compte. Requereix trucada de reactivació.,,
36981,Madrid,Bioseguridad,perdut,0.288,2223.12,640.24,1582.88,430,2025-12-01,perdut,baixa,televenda,801.0,0,7.91,Client sense comprar des de fa 430 dies. Historial previ de 1231 dies. Possible pèrdua de compte. Requereix trucada de reactivació.,,
1000100546,Alicante,Bioseguridad,perdut,0.465,1667.34,775.36,891.98,347,2025-12-01,perdut,baixa,televenda,295.0,52,7.86,Client sense comprar des de fa 347 dies. Historial previ de 642 dies. Possible pèrdua de compte. Requereix trucada de reactivació.,,
1000066414,Asturias,Anestesia,perdut,0.295,2223.12,655.73,1567.39,171,2025-12-01,perdut,baixa,televenda,805.0,0,7.84,Client sense comprar des de fa 171 dies. Historial previ de 1781 dies. Possible pèrdua de compte. Requereix trucada de reactivació.,,
35905,Madrid,Bioseguridad,perdut,1.0,1667.34,4487.45,0.0,241,2025-12-01,perdut,baixa,televenda,202.6,38,7.82,Client sense comprar des de fa 241 dies. Historial previ de 1659 dies. Possible pèrdua de compte. Requereix trucada de reactivació.,,
1000080605,Madrid,Anestesia,perdut,1.0,2223.12,4258.26,0.0,326,2025-12-01,perdut,baixa,televenda,285.4,40,7.79,Client sense comprar des de fa 326 dies. Historial previ de 1753 dies. Possible pèrdua de compte. Requereix trucada de reactivació.,,
1000082673,Cuenca,Anestesia,perdut,1.0,2223.12,3102.93,0.0,361,2025-12-01,perdut,baixa,televenda,316.5,44,7.73,Client sense comprar des de fa 361 dies. Historial previ de 994 dies. Possible pèrdua de compte. Requereix trucada de reactivació.,,
1000079899,Asturias,Bioseguridad,perdut,1.0,1086.44,15500.01,0.0,159,2025-12-01,perdut,baixa,televenda,123.3,35,7.71,Client sense comprar des de fa 159 dies. Historial previ de 1762 dies. Possible pèrdua de compte. Requereix trucada de reactivació.,,
1000077080,A Coruña,Anestesia,perdut,0.308,2223.12,684.81,1538.31,136,2025-12-01,perdut,baixa,televenda,603.0,0,7.69,Client sense comprar des de fa 136 dies. Historial previ de 1342 dies. Possible pèrdua de compte. Requereix trucada de reactivació.,,
35220,Jaén,Anestesia,perdut,1.0,2223.12,12030.66,0.0,223,2025-12-01,perdut,baixa,televenda,195.8,27,7.67,Client sense comprar des de fa 223 dies. Historial previ de 1789 dies. Possible pèrdua de compte. Requereix trucada de reactivació.,,
1000037777,Barcelona,Anestesia,perdut,1.0,1802.36,2666.26,0.0,622,2025-12-01,perdut,baixa,televenda,532.0,90,7.62,Client sense comprar des de fa 622 dies. Historial previ de 1686 dies. Possible pèrdua de compte. Requereix trucada de reactivació.,,
40583,Murcia,Anestesia,perdut,0.315,2223.12,701.04,1522.08,803,2025-12-01,perdut,baixa,televenda,810.0,0,7.61,Client sense comprar des de fa 803 dies. Historial previ de 1613 dies. Possible pèrdua de compte. Requereix trucada de reactivació.,,
13298,Barcelona,Anestesia,perdut,1.0,2223.12,3149.37,0.0,623,2025-12-01,perdut,baixa,televenda,548.0,75,7.61,Client sense comprar des de fa 623 dies. Historial previ de 1719 dies. Possible pèrdua de compte. Requereix trucada de reactivació.,,
4773,Madrid,Anestesia,perdut,0.156,1802.36,281.12,1521.24,374,2025-12-01,perdut,baixa,televenda,905.0,0,7.61,Client sense comprar des de fa 374 dies. Historial previ de 1279 dies. Possible pèrdua de compte. Requereix trucada de reactivació.,,
1000080516,Girona,Bioseguridad,perdut,1.0,1086.44,3736.06,0.0,368,2025-12-01,perdut,baixa,televenda,287.2,80,7.56,Client sense comprar des de fa 368 dies. Historial previ de 1517 dies. Possible pèrdua de compte. Requereix trucada de reactivació.,,
1000082785,Badajoz,Bioseguridad,perdut,1.0,1086.44,1542.99,0.0,557,2025-12-01,perdut,baixa,televenda,436.0,121,7.54,Client sense comprar des de fa 557 dies. Historial previ de 993 dies. Possible pèrdua de compte. Requereix trucada de reactivació.,,
1000080943,Huesca,Bioseguridad,perdut,0.82,1667.34,1367.87,299.47,644,2025-12-01,perdut,baixa,televenda,546.0,98,7.48,Client sense comprar des de fa 644 dies. Historial previ de 1736 dies. Possible pèrdua de compte. Requereix trucada de reactivació.,,
26450,Valencia,Anestesia,perdut,1.0,2223.12,6333.18,0.0,145,2025-12-01,perdut,baixa,televenda,127.3,17,7.42,Client sense comprar des de fa 145 dies. Historial previ de 1673 dies. Possible pèrdua de compte. Requereix trucada de reactivació.,,
1000100011,Valencia,Bioseguridad,perdut,0.112,1667.34,187.39,1479.95,567,2025-12-01,perdut,baixa,televenda,829.0,0,7.4,Client sense comprar des de fa 567 dies. Historial previ de 1396 dies. Possible pèrdua de compte. Requereix trucada de reactivació.,,
1000100103,Barcelona,Anestesia,perdut,0.338,2223.12,751.93,1471.19,95,2025-12-01,perdut,baixa,televenda,299.0,0,7.36,Client sense comprar des de fa 95 dies. Historial previ de 693 dies. Possible pèrdua de compte. Requereix trucada de reactivació.,,
1000081789,A Coruña,Anestesia,perdut,1.0,2223.12,4371.39,0.0,266,2025-12-01,perdut,baixa,televenda,234.2,31,7.36,Client sense comprar des de fa 266 dies. Historial previ de 1671 dies. Possible pèrdua de compte. Requereix trucada de reactivació.,,
3343,Málaga,Anestesia,perdut,0.341,2223.12,758.61,1464.51,362,2025-12-01,perdut,baixa,televenda,681.5,0,7.32,Client sense comprar des de fa 362 dies. Historial previ de 1725 dies. Possible pèrdua de compte. Requereix trucada de reactivació.,,
11094,Vizcaya,Anestesia,perdut,0.346,2223.12,768.11,1455.01,745,2025-12-01,perdut,baixa,televenda,716.0,29,7.28,Client sense comprar des de fa 745 dies. Historial previ de 1461 dies. Possible pèrdua de compte. Requereix trucada de reactivació.,,
1000080226,Málaga,Anestesia,perdut,0.347,2223.12,771.28,1451.84,179,2025-12-01,perdut,baixa,televenda,253.5,0,7.26,Client sense comprar des de fa 179 dies. Historial previ de 1700 dies. Possible pèrdua de compte. Requereix trucada de reactivació.,,
1000076224,A Coruña,Anestesia,perdut,0.352,2223.12,781.61,1441.51,223,2025-12-01,perdut,baixa,televenda,325.8,0,7.21,Client sense comprar des de fa 223 dies. Historial previ de 1526 dies. Possible pèrdua de compte. Requereix trucada de reactivació.,,
7670,Murcia,Bioseguridad,perdut,0.872,1086.44,947.43,139.01,655,2025-12-01,perdut,baixa,televenda,518.0,137,7.18,Client sense comprar des de fa 655 dies. Historial previ de 1691 dies. Possible pèrdua de compte. Requereix trucada de reactivació.,,
1000080344,Madrid,Anestesia,perdut,0.361,2223.12,803.22,1419.9,210,2025-12-01,perdut,baixa,televenda,487.0,0,7.1,Client sense comprar des de fa 210 dies. Historial previ de 1671 dies. Possible pèrdua de compte. Requereix trucada de reactivació.,,
1000075930,Soria,Bioseguridad,perdut,1.0,1086.44,1204.12,0.0,305,2025-12-01,perdut,baixa,televenda,241.5,63,7.09,Client sense comprar des de fa 305 dies. Historial previ de 788 dies. Possible pèrdua de compte. Requereix trucada de reactivació.,,
2435,Sta.Cruz Tenerife,Bioseguridad,perdut,0.588,2778.9,1634.02,1144.88,304,2025-12-01,perdut,baixa,televenda,365.0,0,6.95,Client sense comprar des de fa 304 dies. Historial previ de 1764 dies. Possible pèrdua de compte. Requereix trucada de reactivació.,,
1144,Valencia,Bioseguridad,perdut,1.0,2778.9,3886.84,0.0,187,2025-12-01,perdut,baixa,televenda,201.8,0,6.95,Client sense comprar des de fa 187 dies. Historial previ de 1398 dies. Possible pèrdua de compte. Requereix trucada de reactivació.,,
1000101204,Barcelona,Bioseguridad,perdut,0.515,2778.9,1431.46,1347.44,147,2025-12-01,perdut,baixa,televenda,306.0,0,6.95,Client sense comprar des de fa 147 dies. Historial previ de 453 dies. Possible pèrdua de compte. Requereix trucada de reactivació.,,
16266,Cantabria,Anestesia,perdut,1.0,2223.12,7254.24,0.0,273,2025-12-01,perdut,baixa,televenda,242.7,30,6.87,Client sense comprar des de fa 273 dies. Historial previ de 1729 dies. Possible pèrdua de compte. Requereix trucada de reactivació.,,
39350,Soria,Anestesia,perdut,1.0,1802.36,4639.77,0.0,439,2025-12-01,perdut,baixa,televenda,380.7,58,6.87,Client sense comprar des de fa 439 dies. Historial previ de 1581 dies. Possible pèrdua de compte. Requereix trucada de reactivació.,,
1000069310,Madrid,Anestesia,perdut,0.382,2223.12,848.27,1374.85,257,2025-12-01,perdut,baixa,televenda,475.7,0,6.87,Client sense comprar des de fa 257 dies. Historial previ de 1684 dies. Possible pèrdua de compte. Requereix trucada de reactivació.,,
1000100003,Alicante,Anestesia,perdut,1.0,2223.12,5334.01,0.0,292,2025-12-01,perdut,baixa,televenda,260.0,32,6.84,Client sense comprar des de fa 292 dies. Historial previ de 1592 dies. Possible pèrdua de compte. Requereix trucada de reactivació.,,
1000065164,Cantabria,Bioseguridad,perdut,1.0,1086.44,10545.06,0.0,210,2025-12-01,perdut,baixa,televenda,167.5,42,6.81,Client sense comprar des de fa 210 dies. Historial previ de 1550 dies. Possible pèrdua de compte. Requereix trucada de reactivació.,,
29506,Madrid,Bioseguridad,perdut,1.0,1086.44,5797.62,0.0,256,2025-12-01,perdut,baixa,televenda,204.1,51,6.79,Client sense comprar des de fa 256 dies. Historial previ de 1685 dies. Possible pèrdua de compte. Requereix trucada de reactivació.,,
1000100941,Alicante,Anestesia,perdut,0.392,2223.12,871.16,1351.96,164,2025-12-01,perdut,baixa,televenda,228.0,0,6.76,Client sense comprar des de fa 164 dies. Historial previ de 620 dies. Possible pèrdua de compte. Requereix trucada de reactivació.,,
1000077867,Albacete,Bioseguridad,perdut,1.0,1086.44,1872.13,0.0,297,2025-12-01,perdut,baixa,televenda,237.2,59,6.76,Client sense comprar des de fa 297 dies. Historial previ de 1720 dies. Possible pèrdua de compte. Requereix trucada de reactivació.,,
30047,Burgos,Anestesia,perdut,1.0,1802.36,7229.16,0.0,185,2025-12-01,perdut,baixa,televenda,160.6,24,6.73,Client sense comprar des de fa 185 dies. Historial previ de 1791 dies. Possible pèrdua de compte. Requereix trucada de reactivació.,,
11682,Madrid,Bioseguridad,perdut,1.0,879.2,1254.64,0.0,593,2025-12-01,perdut,baixa,televenda,454.5,138,6.67,Client sense comprar des de fa 593 dies. Historial previ de 1502 dies. Possible pèrdua de compte. Requereix trucada de reactivació.,,
1000100652,Vizcaya,Anestesia,perdut,0.401,2223.12,891.66,1331.46,146,2025-12-01,perdut,baixa,televenda,216.0,0,6.66,Client sense comprar des de fa 146 dies. Historial previ de 578 dies. Possible pèrdua de compte. Requereix trucada de reactivació.,,
35230,Sevilla,Anestesia,perdut,0.908,2223.12,2019.31,203.81,385,2025-12-01,perdut,baixa,televenda,343.8,41,6.63,Client sense comprar des de fa 385 dies. Historial previ de 1760 dies. Possible pèrdua de compte. Requereix trucada de reactivació.,,
1000077888,Sta.Cruz Tenerife,Anestesia,perdut,1.0,2223.12,7787.87,0.0,124,2025-12-01,perdut,baixa,televenda,110.7,13,6.53,Client sense comprar des de fa 124 dies. Historial previ de 1784 dies. Possible pèrdua de compte. Requereix trucada de reactivació.,,
27962,Valencia,Anestesia,perdut,1.0,2223.12,8207.16,0.0,144,2025-12-01,perdut,baixa,televenda,128.2,15,6.5,Client sense comprar des de fa 144 dies. Historial previ de 1683 dies. Possible pèrdua de compte. Requereix trucada de reactivació.,,
5501,Lleida,Bioseguridad,perdut,1.0,879.2,8781.43,0.0,187,2025-12-01,perdut,baixa,televenda,144.5,42,6.39,Client sense comprar des de fa 187 dies. Historial previ de 1777 dies. Possible pèrdua de compte. Requereix trucada de reactivació.,,
1000062710,Alicante,Bioseguridad,perdut,1.0,1086.44,1933.35,0.0,186,2025-12-01,perdut,baixa,televenda,150.2,35,6.33,Client sense comprar des de fa 186 dies. Historial previ de 787 dies. Possible pèrdua de compte. Requereix trucada de reactivació.,,
13420,Barcelona,Bioseguridad,perdut,1.0,1086.44,5390.33,0.0,180,2025-12-01,perdut,baixa,televenda,145.8,34,6.33,Client sense comprar des de fa 180 dies. Historial previ de 1784 dies. Possible pèrdua de compte. Requereix trucada de reactivació.,,
39721,Sevilla,Anestesia,perdut,0.432,2223.12,959.34,1263.78,157,2025-12-01,perdut,baixa,televenda,276.0,0,6.32,Client sense comprar des de fa 157 dies. Historial previ de 1537 dies. Possible pèrdua de compte. Requereix trucada de reactivació.,,
1865,Las Palmas,Anestesia,perdut,0.435,2223.12,967.19,1255.93,256,2025-12-01,perdut,baixa,televenda,721.0,0,6.28,Client sense comprar des de fa 256 dies. Historial previ de 1698 dies. Possible pèrdua de compte. Requereix trucada de reactivació.,,
1000077397,Granada,Anestesia,perdut,0.77,1802.36,1388.14,414.22,404,2025-12-01,perdut,baixa,televenda,354.7,49,6.23,Client sense comprar des de fa 404 dies. Historial previ de 1468 dies. Possible pèrdua de compte. Requereix trucada de reactivació.,,
37581,Málaga,Anestesia,perdut,1.0,1802.36,8335.45,0.0,248,2025-12-01,perdut,baixa,televenda,217.4,30,6.22,Client sense comprar des de fa 248 dies. Historial previ de 1770 dies. Possible pèrdua de compte. Requereix trucada de reactivació.,,
1000079589,Zaragoza,Bioseguridad,perdut,1.0,1086.44,3142.51,0.0,396,2025-12-01,perdut,baixa,televenda,322.2,73,6.15,Client sense comprar des de fa 396 dies. Historial previ de 1685 dies. Possible pèrdua de compte. Requereix trucada de reactivació.,,
1000079403,Madrid,Bioseguridad,perdut,1.0,2223.12,5465.49,0.0,161,2025-12-01,perdut,baixa,televenda,144.7,16,6.14,Client sense comprar des de fa 161 dies. Historial previ de 1753 dies. Possible pèrdua de compte. Requereix trucada de reactivació.,,
1000082279,Murcia,Anestesia,perdut,0.952,2223.12,2117.28,105.84,202,2025-12-01,perdut,baixa,televenda,181.8,20,6.11,Client sense comprar des de fa 202 dies. Historial previ de 1293 dies. Possible pèrdua de compte. Requereix trucada de reactivació.,,
1000072282,Madrid,Anestesia,perdut,1.0,2223.12,3268.35,0.0,152,2025-12-01,perdut,baixa,televenda,136.3,15,6.11,Client sense comprar des de fa 152 dies. Historial previ de 1379 dies. Possible pèrdua de compte. Requereix trucada de reactivació.,,
7341,Barcelona,Anestesia,perdut,1.0,2223.12,12283.76,0.0,172,2025-12-01,perdut,baixa,televenda,154.8,17,6.1,Client sense comprar des de fa 172 dies. Historial previ de 1720 dies. Possible pèrdua de compte. Requereix trucada de reactivació.,,
1000042570,Guadalajara,Anestesia,perdut,1.0,2223.12,3195.08,0.0,304,2025-12-01,perdut,baixa,televenda,273.2,30,6.1,Client sense comprar des de fa 304 dies. Historial previ de 1670 dies. Possible pèrdua de compte. Requereix trucada de reactivació.,,
16680,Madrid,Anestesia,perdut,0.327,1802.36,589.25,1213.11,210,2025-12-01,perdut,baixa,televenda,322.0,0,6.07,Client sense comprar des de fa 210 dies. Historial previ de 532 dies. Possible pèrdua de compte. Requereix trucada de reactivació.,,
7670,Murcia,Anestesia,perdut,1.0,2223.12,3577.24,0.0,388,2025-12-01,perdut,baixa,televenda,349.2,38,6.05,Client sense comprar des de fa 388 dies. Historial previ de 1785 dies. Possible pèrdua de compte. Requereix trucada de reactivació.,,
1000058743,A Coruña,Anestesia,perdut,0.456,2223.12,1013.66,1209.46,802,2025-12-01,perdut,baixa,televenda,986.0,0,6.05,Client sense comprar des de fa 802 dies. Historial previ de 1788 dies. Possible pèrdua de compte. Requereix trucada de reactivació.,,
8994,Guadalajara,Bioseguridad,perdut,1.0,1086.44,3506.79,0.0,231,2025-12-01,perdut,baixa,televenda,189.0,42,6.04,Client sense comprar des de fa 231 dies. Historial previ de 1743 dies. Possible pèrdua de compte. Requereix trucada de reactivació.,,
28915,Girona,Anestesia,perdut,1.0,2223.12,11072.32,0.0,195,2025-12-01,perdut,baixa,televenda,175.9,19,6.0,Client sense comprar des de fa 195 dies. Historial previ de 1778 dies. Possible pèrdua de compte. Requereix trucada de reactivació.,,
1000100230,Valladolid,Bioseguridad,perdut,0.813,1086.44,883.35,203.09,511,2025-12-01,perdut,baixa,televenda,419.0,92,5.96,Client sense comprar des de fa 511 dies. Historial previ de 930 dies. Possible pèrdua de compte. Requereix trucada de reactivació.,,
21083,Pontevedra,Anestesia,perdut,0.342,1802.36,615.91,1186.45,101,2025-12-01,perdut,baixa,televenda,777.0,0,5.93,Client sense comprar des de fa 101 dies. Historial previ de 1655 dies. Possible pèrdua de compte. Requereix trucada de reactivació.,,
1000074382,A Coruña,Anestesia,perdut,0.343,1802.36,617.89,1184.47,178,2025-12-01,perdut,baixa,televenda,277.0,0,5.92,Client sense comprar des de fa 178 dies. Historial previ de 732 dies. Possible pèrdua de compte. Requereix trucada de reactivació.,,
1000063808,Murcia,Anestesia,perdut,1.0,2223.12,3651.37,0.0,292,2025-12-01,perdut,baixa,televenda,264.0,28,5.89,Client sense comprar des de fa 292 dies. Historial previ de 1348 dies. Possible pèrdua de compte. Requereix trucada de reactivació.,,
1000078028,Sta.Cruz Tenerife,Anestesia,perdut,0.472,2223.12,1049.39,1173.73,222,2025-12-01,perdut,baixa,televenda,316.7,0,5.87,Client sense comprar des de fa 222 dies. Historial previ de 1172 dies. Possible pèrdua de compte. Requereix trucada de reactivació.,,
1000082287,Granada,Bioseguridad,perdut,1.0,1667.34,5224.74,0.0,122,2025-12-01,perdut,baixa,televenda,106.6,15,5.86,Client sense comprar des de fa 122 dies. Historial previ de 1508 dies. Possible pèrdua de compte. Requereix trucada de reactivació.,,
1000081931,Granada,Anestesia,perdut,1.0,2223.12,5763.51,0.0,189,2025-12-01,perdut,baixa,televenda,170.8,18,5.86,Client sense comprar des de fa 189 dies. Historial previ de 1726 dies. Possible pèrdua de compte. Requereix trucada de reactivació.,,
1000081793,Zaragoza,Anestesia,perdut,0.474,2223.12,1054.7,1168.42,216,2025-12-01,perdut,baixa,televenda,410.7,0,5.84,Client sense comprar des de fa 216 dies. Historial previ de 1448 dies. Possible pèrdua de compte. Requereix trucada de reactivació.,,
1000081831,Madrid,Anestesia,perdut,1.0,2223.12,3140.09,0.0,454,2025-12-01,perdut,baixa,televenda,411.0,43,5.81,Client sense comprar des de fa 454 dies. Historial previ de 1687 dies. Possible pèrdua de compte. Requereix trucada de reactivació.,,
27842,Albacete,Bioseguridad,perdut,1.0,1086.44,1191.44,0.0,250,2025-12-01,perdut,baixa,televenda,206.0,44,5.8,Client sense comprar des de fa 250 dies. Historial previ de 662 dies. Possible pèrdua de compte. Requereix trucada de reactivació.,,
36500,A Coruña,Bioseguridad,perdut,1.0,1667.34,5218.13,0.0,174,2025-12-01,perdut,baixa,televenda,152.5,21,5.74,Client sense comprar des de fa 174 dies. Historial previ de 1699 dies. Possible pèrdua de compte. Requereix trucada de reactivació.,,
4425,Madrid,Anestesia,perdut,0.484,2223.12,1076.29,1146.83,151,2025-12-01,perdut,baixa,televenda,443.0,0,5.73,Client sense comprar des de fa 151 dies. Historial previ de 1480 dies. Possible pèrdua de compte. Requereix trucada de reactivació.,,
1000059887,Alicante,Bioseguridad,perdut,0.696,2223.12,1546.57,676.55,461,2025-12-01,perdut,baixa,televenda,417.3,43,5.73,Client sense comprar des de fa 461 dies. Historial previ de 1713 dies. Possible pèrdua de compte. Requereix trucada de reactivació.,,
1000058015,Madrid,Bioseguridad,perdut,1.0,1086.44,3423.61,0.0,328,2025-12-01,perdut,baixa,televenda,271.0,57,5.71,Client sense comprar des de fa 328 dies. Historial previ de 1412 dies. Possible pèrdua de compte. Requereix trucada de reactivació.,,
1000082472,Madrid,Anestesia,perdut,0.488,2223.12,1085.53,1137.59,178,2025-12-01,perdut,baixa,televenda,582.5,0,5.69,Client sense comprar des de fa 178 dies. Historial previ de 1343 dies. Possible pèrdua de compte. Requereix trucada de reactivació.,,
40892,Madrid,Anestesia,en_risc,0.981,3410.04,3346.77,63.27,4,2025-12-01,risc_fuga,mitjana,televenda,44.4,0,5.69,Client en RISC de fuga (fidel). Share 12m: 98% → Share últims 3m anualitzat: 73% (-26%). Gap: 63€/any. Tendència negativa clara. Intervenir amb urgència.,0.0,
1000079276,Madrid,Anestesia,perdut,0.497,2223.12,1103.89,1119.23,364,2025-12-01,perdut,baixa,televenda,488.0,0,5.6,Client sense comprar des de fa 364 dies. Historial previ de 1340 dies. Possible pèrdua de compte. Requereix trucada de reactivació.,,
1000078307,Salamanca,Anestesia,perdut,1.0,2223.12,10947.23,0.0,209,2025-12-01,perdut,baixa,televenda,189.6,19,5.57,Client sense comprar des de fa 209 dies. Historial previ de 1726 dies. Possible pèrdua de compte. Requereix trucada de reactivació.,,
13594,Burgos,Bioseguridad,perdut,0.602,1086.44,653.53,432.91,623,2025-12-01,perdut,baixa,televenda,517.0,106,5.57,Client sense comprar des de fa 623 dies. Historial previ de 1140 dies. Possible pèrdua de compte. Requereix trucada de reactivació.,,
1000079099,Madrid,Anestesia,perdut,0.948,2223.12,2107.13,115.99,237,2025-12-01,perdut,baixa,televenda,682.0,0,5.56,Client sense comprar des de fa 237 dies. Historial previ de 1601 dies. Possible pèrdua de compte. Requereix trucada de reactivació.,,
1000081305,Albacete,Anestesia,perdut,1.0,2223.12,3974.52,0.0,145,2025-12-01,perdut,baixa,televenda,157.0,0,5.56,Client sense comprar des de fa 145 dies. Historial previ de 1715 dies. Possible pèrdua de compte. Requereix trucada de reactivació.,,
1000081915,Almería,Anestesia,perdut,1.0,2223.12,11738.01,0.0,186,2025-12-01,perdut,baixa,televenda,177.7,8,5.56,Client sense comprar des de fa 186 dies. Historial previ de 1785 dies. Possible pèrdua de compte. Requereix trucada de reactivació.,,
1000081302,Madrid,Anestesia,perdut,1.0,2223.12,2256.75,0.0,139,2025-12-01,perdut,baixa,televenda,773.5,0,5.56,Client sense comprar des de fa 139 dies. Historial previ de 1686 dies. Possible pèrdua de compte. Requereix trucada de reactivació.,,
1000100379,Madrid,Anestesia,perdut,1.0,2223.12,6928.12,0.0,129,2025-12-01,perdut,baixa,televenda,147.0,0,5.56,Client sense comprar des de fa 129 dies. Historial previ de 864 dies. Possible pèrdua de compte. Requereix trucada de reactivació.,,
1000081940,Vizcaya,Anestesia,perdut,1.0,2223.12,2873.08,0.0,164,2025-12-01,perdut,baixa,televenda,536.7,0,5.56,Client sense comprar des de fa 164 dies. Historial previ de 1774 dies. Possible pèrdua de compte. Requereix trucada de reactivació.,,
1000080066,Ciudad Real,Anestesia,perdut,1.0,2223.12,8450.02,0.0,131,2025-12-01,perdut,baixa,televenda,322.0,0,5.56,Client sense comprar des de fa 131 dies. Historial previ de 1741 dies. Possible pèrdua de compte. Requereix trucada de reactivació.,,
1000081181,Asturias,Anestesia,perdut,1.0,2223.12,2643.41,0.0,174,2025-12-01,perdut,baixa,televenda,228.1,0,5.56,Client sense comprar des de fa 174 dies. Historial previ de 1771 dies. Possible pèrdua de compte. Requereix trucada de reactivació.,,
1000080424,Barcelona,Anestesia,perdut,1.0,2223.12,4409.13,0.0,399,2025-12-01,perdut,baixa,televenda,472.0,0,5.56,Client sense comprar des de fa 399 dies. Historial previ de 1343 dies. Possible pèrdua de compte. Requereix trucada de reactivació.,,
1000080049,Almería,Anestesia,perdut,1.0,2223.12,3396.46,0.0,179,2025-12-01,perdut,baixa,televenda,321.8,0,5.56,Client sense comprar des de fa 179 dies. Historial previ de 1788 dies. Possible pèrdua de compte. Requereix trucada de reactivació.,,
1000082034,Madrid,Anestesia,perdut,0.579,2223.12,1288.1,935.02,262,2025-12-01,perdut,baixa,televenda,290.0,0,5.56,Client sense comprar des de fa 262 dies. Historial previ de 1712 dies. Possible pèrdua de compte. Requereix trucada de reactivació.,,
1000100002,Teruel,Anestesia,perdut,1.0,2223.12,4065.92,0.0,264,2025-12-01,perdut,baixa,televenda,294.7,0,5.56,Client sense comprar des de fa 264 dies. Historial previ de 1148 dies. Possible pèrdua de compte. Requereix trucada de reactivació.,,
1000080063,Barcelona,Anestesia,perdut,1.0,2223.12,3621.91,0.0,258,2025-12-01,perdut,baixa,televenda,242.7,15,5.56,Client sense comprar des de fa 258 dies. Historial previ de 1714 dies. Possible pèrdua de compte. Requereix trucada de reactivació.,,
1000081985,Burgos,Anestesia,perdut,1.0,2223.12,9503.49,0.0,137,2025-12-01,perdut,baixa,televenda,321.2,0,5.56,Client sense comprar des de fa 137 dies. Historial previ de 1743 dies. Possible pèrdua de compte. Requereix trucada de reactivació.,,
1000079143,Córdoba,Anestesia,perdut,1.0,2223.12,9035.2,0.0,223,2025-12-01,perdut,baixa,televenda,219.1,3,5.56,Client sense comprar des de fa 223 dies. Historial previ de 1757 dies. Possible pèrdua de compte. Requereix trucada de reactivació.,,
1000080069,Málaga,Anestesia,perdut,1.0,2223.12,18599.9,0.0,109,2025-12-01,perdut,baixa,televenda,147.6,0,5.56,Client sense comprar des de fa 109 dies. Historial previ de 1733 dies. Possible pèrdua de compte. Requereix trucada de reactivació.,,
1000080391,Vizcaya,Anestesia,perdut,1.0,2223.12,6527.01,0.0,146,2025-12-01,perdut,baixa,televenda,172.0,0,5.56,Client sense comprar des de fa 146 dies. Historial previ de 1350 dies. Possible pèrdua de compte. Requereix trucada de reactivació.,,
1000081975,Murcia,Anestesia,perdut,1.0,2223.12,4972.16,0.0,132,2025-12-01,perdut,baixa,televenda,345.0,0,5.56,Client sense comprar des de fa 132 dies. Historial previ de 1167 dies. Possible pèrdua de compte. Requereix trucada de reactivació.,,
1000081952,Sta.Cruz Tenerife,Anestesia,perdut,1.0,2223.12,3440.24,0.0,137,2025-12-01,perdut,baixa,televenda,201.4,0,5.56,Client sense comprar des de fa 137 dies. Historial previ de 1748 dies. Possible pèrdua de compte. Requereix trucada de reactivació.,,
1000079072,Madrid,Anestesia,perdut,0.812,2223.12,1804.61,418.51,481,2025-12-01,perdut,baixa,televenda,473.0,8,5.56,Client sense comprar des de fa 481 dies. Historial previ de 1427 dies. Possible pèrdua de compte. Requereix trucada de reactivació.,,
1000080375,Madrid,Anestesia,perdut,1.0,2223.12,5767.52,0.0,158,2025-12-01,perdut,baixa,televenda,315.2,0,5.56,Client sense comprar des de fa 158 dies. Historial previ de 1419 dies. Possible pèrdua de compte. Requereix trucada de reactivació.,,
477,Sevilla,Anestesia,perdut,1.0,2223.12,4274.62,0.0,153,2025-12-01,perdut,baixa,televenda,270.7,0,5.56,Client sense comprar des de fa 153 dies. Historial previ de 1777 dies. Possible pèrdua de compte. Requereix trucada de reactivació.,,
1000100589,Lugo,Anestesia,perdut,0.989,2223.12,2199.41,23.71,96,2025-12-01,perdut,baixa,televenda,191.3,0,5.56,Client sense comprar des de fa 96 dies. Historial previ de 670 dies. Possible pèrdua de compte. Requereix trucada de reactivació.,,
1000081914,Asturias,Anestesia,perdut,1.0,2223.12,7260.98,0.0,243,2025-12-01,perdut,baixa,televenda,308.4,0,5.56,Client sense comprar des de fa 243 dies. Historial previ de 1785 dies. Possible pèrdua de compte. Requereix trucada de reactivació.,,
1000080192,Pontevedra,Anestesia,perdut,1.0,2223.12,6859.92,0.0,165,2025-12-01,perdut,baixa,televenda,378.5,0,5.56,Client sense comprar des de fa 165 dies. Historial previ de 1679 dies. Possible pèrdua de compte. Requereix trucada de reactivació.,,
1000081686,Girona,Anestesia,perdut,1.0,2223.12,8906.43,0.0,236,2025-12-01,perdut,baixa,televenda,257.0,0,5.56,Client sense comprar des de fa 236 dies. Historial previ de 1778 dies. Possible pèrdua de compte. Requereix trucada de reactivació.,,
1000081682,Madrid,Anestesia,perdut,1.0,2223.12,5527.1,0.0,181,2025-12-01,perdut,baixa,televenda,260.2,0,5.56,Client sense comprar des de fa 181 dies. Historial previ de 1742 dies. Possible pèrdua de compte. Requereix trucada de reactivació.,,
1000100142,León,Anestesia,perdut,1.0,2223.12,5203.07,0.0,101,2025-12-01,perdut,baixa,televenda,172.6,0,5.56,Client sense comprar des de fa 101 dies. Historial previ de 964 dies. Possible pèrdua de compte. Requereix trucada de reactivació.,,
1000080167,Zaragoza,Anestesia,perdut,1.0,2223.12,5445.47,0.0,133,2025-12-01,perdut,baixa,televenda,136.9,0,5.56,Client sense comprar des de fa 133 dies. Historial previ de 1776 dies. Possible pèrdua de compte. Requereix trucada de reactivació.,,
1000081608,Madrid,Anestesia,perdut,1.0,2223.12,4457.63,0.0,293,2025-12-01,perdut,baixa,televenda,272.8,20,5.56,Client sense comprar des de fa 293 dies. Historial previ de 1657 dies. Possible pèrdua de compte. Requereix trucada de reactivació.,,
1000080292,Barcelona,Anestesia,perdut,1.0,2223.12,5650.0,0.0,203,2025-12-01,perdut,baixa,televenda,256.8,0,5.56,Client sense comprar des de fa 203 dies. Historial previ de 1487 dies. Possible pèrdua de compte. Requereix trucada de reactivació.,,
188,Sevilla,Anestesia,perdut,1.0,2223.12,4115.9,0.0,199,2025-12-01,perdut,baixa,televenda,260.7,0,5.56,Client sense comprar des de fa 199 dies. Historial previ de 1763 dies. Possible pèrdua de compte. Requereix trucada de reactivació.,,
1000081602,Valladolid,Anestesia,perdut,0.866,2223.12,1925.13,297.99,202,2025-12-01,perdut,baixa,televenda,541.5,0,5.56,Client sense comprar des de fa 202 dies. Historial previ de 1285 dies. Possible pèrdua de compte. Requereix trucada de reactivació.,,
1000100173,Madrid,Anestesia,perdut,1.0,2223.12,3403.46,0.0,124,2025-12-01,perdut,baixa,televenda,440.0,0,5.56,Client sense comprar des de fa 124 dies. Historial previ de 1004 dies. Possible pèrdua de compte. Requereix trucada de reactivació.,,
1000100338,Zamora,Anestesia,perdut,0.832,2223.12,1848.55,374.57,199,2025-12-01,perdut,baixa,televenda,329.5,0,5.56,Client sense comprar des de fa 199 dies. Historial previ de 858 dies. Possible pèrdua de compte. Requereix trucada de reactivació.,,
149,Sevilla,Anestesia,perdut,0.731,2223.12,1625.24,597.88,222,2025-12-01,perdut,baixa,televenda,302.0,0,5.56,Client sense comprar des de fa 222 dies. Historial previ de 524 dies. Possible pèrdua de compte. Requereix trucada de reactivació.,,
1000081478,Valencia,Anestesia,perdut,1.0,2223.12,3935.2,0.0,354,2025-12-01,perdut,baixa,televenda,493.5,0,5.56,Client sense comprar des de fa 354 dies. Historial previ de 1341 dies. Possible pèrdua de compte. Requereix trucada de reactivació.,,
1000081496,Cantabria,Anestesia,perdut,1.0,2223.12,7416.89,0.0,298,2025-12-01,perdut,baixa,televenda,338.3,0,5.56,Client sense comprar des de fa 298 dies. Historial previ de 1313 dies. Possible pèrdua de compte. Requereix trucada de reactivació.,,
1000081560,Asturias,Anestesia,perdut,1.0,2223.12,11254.12,0.0,178,2025-12-01,perdut,baixa,televenda,229.6,0,5.56,Client sense comprar des de fa 178 dies. Historial previ de 1785 dies. Possible pèrdua de compte. Requereix trucada de reactivació.,,
1000080250,Orense,Anestesia,perdut,1.0,2223.12,9658.33,0.0,167,2025-12-01,perdut,baixa,televenda,176.7,0,5.56,Client sense comprar des de fa 167 dies. Historial previ de 1757 dies. Possible pèrdua de compte. Requereix trucada de reactivació.,,
1036,Valladolid,Anestesia,perdut,1.0,2223.12,2348.13,0.0,95,2025-12-01,perdut,baixa,televenda,401.2,0,5.56,Client sense comprar des de fa 95 dies. Historial previ de 1700 dies. Possible pèrdua de compte. Requereix trucada de reactivació.,,
1000079009,Sta.Cruz Tenerife,Anestesia,perdut,1.0,2223.12,4001.64,0.0,206,2025-12-01,perdut,baixa,televenda,261.7,0,5.56,Client sense comprar des de fa 206 dies. Historial previ de 1776 dies. Possible pèrdua de compte. Requereix trucada de reactivació.,,
1000081529,Madrid,Anestesia,perdut,1.0,2223.12,7716.15,0.0,137,2025-12-01,perdut,baixa,televenda,139.4,0,5.56,Client sense comprar des de fa 137 dies. Historial previ de 1670 dies. Possible pèrdua de compte. Requereix trucada de reactivació.,,
1000081689,Vizcaya,Anestesia,perdut,1.0,2223.12,3676.07,0.0,445,2025-12-01,perdut,baixa,televenda,413.7,31,5.56,Client sense comprar des de fa 445 dies. Historial previ de 1686 dies. Possible pèrdua de compte. Requereix trucada de reactivació.,,
1000080338,Madrid,Anestesia,perdut,0.666,2223.12,1481.39,741.73,283,2025-12-01,perdut,baixa,televenda,456.3,0,5.56,Client sense comprar des de fa 283 dies. Historial previ de 1652 dies. Possible pèrdua de compte. Requereix trucada de reactivació.,,
1000100130,Asturias,Anestesia,perdut,1.0,2223.12,4339.13,0.0,251,2025-12-01,perdut,baixa,televenda,388.5,0,5.56,Client sense comprar des de fa 251 dies. Historial previ de 1028 dies. Possible pèrdua de compte. Requereix trucada de reactivació.,,
1000080148,Badajoz,Anestesia,perdut,1.0,2223.12,4764.36,0.0,210,2025-12-01,perdut,baixa,televenda,392.0,0,5.56,Client sense comprar des de fa 210 dies. Historial previ de 1386 dies. Possible pèrdua de compte. Requereix trucada de reactivació.,,
1000081913,Zaragoza,Anestesia,perdut,1.0,2223.12,3162.1,0.0,144,2025-12-01,perdut,baixa,televenda,509.3,0,5.56,Client sense comprar des de fa 144 dies. Historial previ de 1672 dies. Possible pèrdua de compte. Requereix trucada de reactivació.,,
1000079056,Granada,Anestesia,perdut,1.0,2223.12,6310.64,0.0,139,2025-12-01,perdut,baixa,televenda,193.4,0,5.56,Client sense comprar des de fa 139 dies. Historial previ de 1686 dies. Possible pèrdua de compte. Requereix trucada de reactivació.,,
1000100061,Zaragoza,Anestesia,perdut,0.608,2223.12,1352.33,870.79,236,2025-12-01,perdut,baixa,televenda,442.0,0,5.56,Client sense comprar des de fa 236 dies. Historial previ de 1120 dies. Possible pèrdua de compte. Requereix trucada de reactivació.,,
1000081861,Madrid,Anestesia,perdut,1.0,2223.12,4365.1,0.0,291,2025-12-01,perdut,baixa,televenda,330.5,0,5.56,Client sense comprar des de fa 291 dies. Historial previ de 1613 dies. Possible pèrdua de compte. Requereix trucada de reactivació.,,
1000100316,Madrid,Anestesia,perdut,0.738,2223.12,1639.61,583.51,279,2025-12-01,perdut,baixa,televenda,308.0,0,5.56,Client sense comprar des de fa 279 dies. Historial previ de 895 dies. Possible pèrdua de compte. Requereix trucada de reactivació.,,
2141,Pontevedra,Anestesia,perdut,1.0,2223.12,2280.14,0.0,452,2025-12-01,perdut,baixa,televenda,441.3,10,5.56,Client sense comprar des de fa 452 dies. Historial previ de 1776 dies. Possible pèrdua de compte. Requereix trucada de reactivació.,,
1000080092,Cantabria,Anestesia,perdut,1.0,2223.12,2910.34,0.0,455,2025-12-01,perdut,baixa,televenda,441.0,14,5.56,Client sense comprar des de fa 455 dies. Historial previ de 1778 dies. Possible pèrdua de compte. Requereix trucada de reactivació.,,
1000082783,Madrid,Anestesia,perdut,1.0,2223.12,3009.68,0.0,202,2025-12-01,perdut,baixa,televenda,183.3,18,5.56,Client sense comprar des de fa 202 dies. Historial previ de 752 dies. Possible pèrdua de compte. Requereix trucada de reactivació.,,
1000081818,Madrid,Anestesia,perdut,0.886,2223.12,1969.71,253.41,189,2025-12-01,perdut,baixa,televenda,364.0,0,5.56,Client sense comprar des de fa 189 dies. Historial previ de 1645 dies. Possible pèrdua de compte. Requereix trucada de reactivació.,,
1000080122,Cantabria,Anestesia,perdut,1.0,2223.12,5058.3,0.0,143,2025-12-01,perdut,baixa,televenda,266.5,0,5.56,Client sense comprar des de fa 143 dies. Historial previ de 1742 dies. Possible pèrdua de compte. Requereix trucada de reactivació.,,
1000100112,Madrid,Anestesia,perdut,1.0,2223.12,2759.24,0.0,201,2025-12-01,perdut,baixa,televenda,278.0,0,5.56,Client sense comprar des de fa 201 dies. Historial previ de 1035 dies. Possible pèrdua de compte. Requereix trucada de reactivació.,,
1000081785,Barcelona,Anestesia,perdut,1.0,2223.12,5575.81,0.0,153,2025-12-01,perdut,baixa,televenda,232.8,0,5.56,Client sense comprar des de fa 153 dies. Historial previ de 1550 dies. Possible pèrdua de compte. Requereix trucada de reactivació.,,
1000081756,Almería,Anestesia,perdut,1.0,2223.12,17671.56,0.0,153,2025-12-01,perdut,baixa,televenda,297.0,0,5.56,Client sense comprar des de fa 153 dies. Historial previ de 1638 dies. Possible pèrdua de compte. Requereix trucada de reactivació.,,
1000080133,Jaén,Anestesia,perdut,0.96,2223.12,2134.28,88.84,391,2025-12-01,perdut,baixa,televenda,367.7,23,5.56,Client sense comprar des de fa 391 dies. Historial previ de 1494 dies. Possible pèrdua de compte. Requereix trucada de reactivació.,,
1000100123,Asturias,Anestesia,perdut,1.0,2223.12,2930.23,0.0,265,2025-12-01,perdut,baixa,televenda,256.0,9,5.56,Client sense comprar des de fa 265 dies. Historial previ de 1033 dies. Possible pèrdua de compte. Requereix trucada de reactivació.,,
356,Sevilla,Anestesia,perdut,1.0,2223.12,6848.23,0.0,237,2025-12-01,perdut,baixa,televenda,295.0,0,5.56,Client sense comprar des de fa 237 dies. Historial previ de 1712 dies. Possible pèrdua de compte. Requereix trucada de reactivació.,,
1000081372,Madrid,Anestesia,perdut,1.0,2223.12,6086.75,0.0,95,2025-12-01,perdut,baixa,televenda,186.9,0,5.56,Client sense comprar des de fa 95 dies. Historial previ de 1777 dies. Possible pèrdua de compte. Requereix trucada de reactivació.,,
2437,Sta.Cruz Tenerife,Anestesia,perdut,0.634,2223.12,1410.41,812.71,104,2025-12-01,perdut,baixa,televenda,126.5,0,5.56,Client sense comprar des de fa 104 dies. Historial previ de 1748 dies. Possible pèrdua de compte. Requereix trucada de reactivació.,,
1000082136,Valladolid,Anestesia,perdut,1.0,2223.12,3036.28,0.0,172,2025-12-01,perdut,baixa,televenda,367.8,0,5.56,Client sense comprar des de fa 172 dies. Historial previ de 1643 dies. Possible pèrdua de compte. Requereix trucada de reactivació.,,
1000082781,Barcelona,Anestesia,perdut,1.0,2223.12,3885.25,0.0,168,2025-12-01,perdut,baixa,televenda,441.0,0,5.56,Client sense comprar des de fa 168 dies. Historial previ de 1050 dies. Possible pèrdua de compte. Requereix trucada de reactivació.,,
1000082327,Pontevedra,Anestesia,perdut,1.0,2223.12,2935.67,0.0,308,2025-12-01,perdut,baixa,televenda,388.7,0,5.56,Client sense comprar des de fa 308 dies. Historial previ de 1474 dies. Possible pèrdua de compte. Requereix trucada de reactivació.,,
1000100247,Vizcaya,Anestesia,perdut,1.0,2223.12,3709.91,0.0,416,2025-12-01,perdut,baixa,televenda,507.0,0,5.56,Client sense comprar des de fa 416 dies. Historial previ de 923 dies. Possible pèrdua de compte. Requereix trucada de reactivació.,,
1000082599,Granada,Anestesia,perdut,1.0,2223.12,5492.73,0.0,171,2025-12-01,perdut,baixa,televenda,180.0,0,5.56,Client sense comprar des de fa 171 dies. Historial previ de 1251 dies. Possible pèrdua de compte. Requereix trucada de reactivació.,,
1000080928,Vizcaya,Anestesia,perdut,1.0,2223.12,6547.98,0.0,166,2025-12-01,perdut,baixa,televenda,268.3,0,5.56,Client sense comprar des de fa 166 dies. Historial previ de 1776 dies. Possible pèrdua de compte. Requereix trucada de reactivació.,,
1000100654,Girona,Anestesia,perdut,1.0,2223.12,3767.75,0.0,158,2025-12-01,perdut,baixa,televenda,250.0,0,5.56,Client sense comprar des de fa 158 dies. Historial previ de 658 dies. Possible pèrdua de compte. Requereix trucada de reactivació.,,
1000080735,Alicante,Anestesia,perdut,1.0,2223.12,10513.65,0.0,131,2025-12-01,perdut,baixa,televenda,179.7,0,5.56,Client sense comprar des de fa 131 dies. Historial previ de 1748 dies. Possible pèrdua de compte. Requereix trucada de reactivació.,,
1000082612,Madrid,Anestesia,perdut,1.0,2223.12,2781.37,0.0,150,2025-12-01,perdut,baixa,televenda,216.0,0,5.56,Client sense comprar des de fa 150 dies. Historial previ de 1230 dies. Possible pèrdua de compte. Requereix trucada de reactivació.,,
1000082613,Madrid,Anestesia,perdut,1.0,2223.12,6245.8,0.0,147,2025-12-01,perdut,baixa,televenda,218.2,0,5.56,Client sense comprar des de fa 147 dies. Historial previ de 1238 dies. Possible pèrdua de compte. Requereix trucada de reactivació.,,
1000082652,Girona,Anestesia,perdut,1.0,2223.12,5183.7,0.0,131,2025-12-01,perdut,baixa,televenda,257.8,0,5.56,Client sense comprar des de fa 131 dies. Historial previ de 1162 dies. Possible pèrdua de compte. Requereix trucada de reactivació.,,
1000080666,Badajoz,Anestesia,perdut,0.818,2223.12,1817.75,405.37,565,2025-12-01,perdut,baixa,televenda,596.0,0,5.56,Client sense comprar des de fa 565 dies. Historial previ de 1757 dies. Possible pèrdua de compte. Requereix trucada de reactivació.,,
1000082381,Las Palmas,Anestesia,perdut,0.531,2223.12,1181.18,1041.94,322,2025-12-01,perdut,baixa,televenda,360.7,0,5.56,Client sense comprar des de fa 322 dies. Historial previ de 1404 dies. Possible pèrdua de compte. Requereix trucada de reactivació.,,
1000100559,Barcelona,Anestesia,perdut,1.0,2223.12,2618.86,0.0,196,2025-12-01,perdut,baixa,televenda,430.0,0,5.56,Client sense comprar des de fa 196 dies. Historial previ de 626 dies. Possible pèrdua de compte. Requereix trucada de reactivació.,,
1000080954,Ciudad Real,Anestesia,perdut,1.0,2223.12,10015.44,0.0,251,2025-12-01,perdut,baixa,televenda,322.0,0,5.56,Client sense comprar des de fa 251 dies. Historial previ de 1539 dies. Possible pèrdua de compte. Requereix trucada de reactivació.,,
1000082314,Badajoz,Anestesia,perdut,1.0,2223.12,2509.93,0.0,131,2025-12-01,perdut,baixa,televenda,270.6,0,5.56,Client sense comprar des de fa 131 dies. Historial previ de 1484 dies. Possible pèrdua de compte. Requereix trucada de reactivació.,,
1000082303,Zaragoza,Anestesia,perdut,1.0,2223.12,3084.67,0.0,138,2025-12-01,perdut,baixa,televenda,339.5,0,5.56,Client sense comprar des de fa 138 dies. Historial previ de 1496 dies. Possible pèrdua de compte. Requereix trucada de reactivació.,,
1000082659,Cádiz,Anestesia,perdut,1.0,2223.12,3620.33,0.0,115,2025-12-01,perdut,baixa,televenda,150.0,0,5.56,Client sense comprar des de fa 115 dies. Historial previ de 1165 dies. Possible pèrdua de compte. Requereix trucada de reactivació.,,
1000100949,Alicante,Anestesia,perdut,0.886,2223.12,1970.1,253.02,95,2025-12-01,perdut,baixa,televenda,270.5,0,5.56,Client sense comprar des de fa 95 dies. Historial previ de 636 dies. Possible pèrdua de compte. Requereix trucada de reactivació.,,
1416,Murcia,Anestesia,perdut,0.677,2223.12,1505.03,718.09,419,2025-12-01,perdut,baixa,televenda,433.3,0,5.56,Client sense comprar des de fa 419 dies. Historial previ de 1719 dies. Possible pèrdua de compte. Requereix trucada de reactivació.,,
1000080981,Madrid,Anestesia,perdut,1.0,2223.12,6339.01,0.0,266,2025-12-01,perdut,baixa,televenda,357.0,0,5.56,Client sense comprar des de fa 266 dies. Historial previ de 1694 dies. Possible pèrdua de compte. Requereix trucada de reactivació.,,
1000080911,Sevilla,Anestesia,perdut,0.896,2223.12,1990.95,232.17,265,2025-12-01,perdut,baixa,televenda,630.5,0,5.56,Client sense comprar des de fa 265 dies. Historial previ de 1526 dies. Possible pèrdua de compte. Requereix trucada de reactivació.,,
1000079676,Barcelona,Anestesia,perdut,1.0,2223.12,12815.21,0.0,117,2025-12-01,perdut,baixa,televenda,111.1,5,5.56,Client sense comprar des de fa 117 dies. Historial previ de 1784 dies. Possible pèrdua de compte. Requereix trucada de reactivació.,,
1000079223,Madrid,Anestesia,perdut,1.0,2223.12,3054.05,0.0,150,2025-12-01,perdut,baixa,televenda,294.4,0,5.56,Client sense comprar des de fa 150 dies. Historial previ de 1622 dies. Possible pèrdua de compte. Requereix trucada de reactivació.,,
1000079762,Asturias,Anestesia,perdut,1.0,2223.12,10918.31,0.0,262,2025-12-01,perdut,baixa,televenda,276.2,0,5.56,Client sense comprar des de fa 262 dies. Historial previ de 1643 dies. Possible pèrdua de compte. Requereix trucada de reactivació.,,
1000079812,Valencia,Anestesia,perdut,1.0,2223.12,2983.77,0.0,154,2025-12-01,perdut,baixa,televenda,367.2,0,5.56,Client sense comprar des de fa 154 dies. Historial previ de 1623 dies. Possible pèrdua de compte. Requereix trucada de reactivació.,,
1000082537,Granada,Anestesia,perdut,1.0,2223.12,2287.87,0.0,445,2025-12-01,perdut,baixa,televenda,409.5,35,5.56,Client sense comprar des de fa 445 dies. Historial previ de 1264 dies. Possible pèrdua de compte. Requereix trucada de reactivació.,,
1000082560,Barcelona,Anestesia,perdut,1.0,2223.12,2526.91,0.0,203,2025-12-01,perdut,baixa,televenda,215.0,0,5.56,Client sense comprar des de fa 203 dies. Historial previ de 1278 dies. Possible pèrdua de compte. Requereix trucada de reactivació.,,
1000082577,Granada,Anestesia,perdut,1.0,2223.12,4070.21,0.0,210,2025-12-01,perdut,baixa,televenda,211.2,0,5.56,Client sense comprar des de fa 210 dies. Historial previ de 1266 dies. Possible pèrdua de compte. Requereix trucada de reactivació.,,
1000080831,Madrid,Anestesia,perdut,1.0,2223.12,8499.31,0.0,185,2025-12-01,perdut,baixa,televenda,176.7,8,5.56,Client sense comprar des de fa 185 dies. Historial previ de 1775 dies. Possible pèrdua de compte. Requereix trucada de reactivació.,,
1000082495,Almería,Anestesia,perdut,0.865,2223.12,1922.56,300.56,166,2025-12-01,perdut,baixa,televenda,385.0,0,5.56,Client sense comprar des de fa 166 dies. Historial previ de 1321 dies. Possible pèrdua de compte. Requereix trucada de reactivació.,,
1000100585,Valencia,Anestesia,perdut,0.799,2223.12,1776.3,446.82,188,2025-12-01,perdut,baixa,televenda,248.5,0,5.56,Client sense comprar des de fa 188 dies. Historial previ de 685 dies. Possible pèrdua de compte. Requereix trucada de reactivació.,,
1000080850,Vizcaya,Anestesia,perdut,1.0,2223.12,8170.54,0.0,133,2025-12-01,perdut,baixa,televenda,205.6,0,5.56,Client sense comprar des de fa 133 dies. Historial previ de 1778 dies. Possible pèrdua de compte. Requereix trucada de reactivació.,,
1000082491,Barcelona,Anestesia,perdut,1.0,2223.12,4151.56,0.0,166,2025-12-01,perdut,baixa,televenda,164.3,1,5.56,Client sense comprar des de fa 166 dies. Historial previ de 1316 dies. Possible pèrdua de compte. Requereix trucada de reactivació.,,
1000082384,Madrid,Anestesia,perdut,0.906,2223.12,2013.09,210.03,326,2025-12-01,perdut,baixa,televenda,537.0,0,5.56,Client sense comprar des de fa 326 dies. Historial previ de 1400 dies. Possible pèrdua de compte. Requereix trucada de reactivació.,,
1000082457,Barcelona,Anestesia,perdut,1.0,2223.12,7348.33,0.0,194,2025-12-01,perdut,baixa,televenda,234.8,0,5.56,Client sense comprar des de fa 194 dies. Historial previ de 1368 dies. Possible pèrdua de compte. Requereix trucada de reactivació.,,
1000079862,Almería,Anestesia,perdut,1.0,2223.12,5835.57,0.0,209,2025-12-01,perdut,baixa,televenda,210.7,0,5.56,Client sense comprar des de fa 209 dies. Historial previ de 1684 dies. Possible pèrdua de compte. Requereix trucada de reactivació.,,
2521,Madrid,Anestesia,perdut,1.0,2223.12,8684.63,0.0,159,2025-12-01,perdut,baixa,televenda,168.7,0,5.56,Client sense comprar des de fa 159 dies. Historial previ de 1677 dies. Possible pèrdua de compte. Requereix trucada de reactivació.,,
1000100575,Teruel,Anestesia,perdut,1.0,2223.12,2358.38,0.0,91,2025-12-01,perdut,baixa,televenda,151.2,0,5.56,Client sense comprar des de fa 91 dies. Historial previ de 696 dies. Possible pèrdua de compte. Requereix trucada de reactivació.,,
1000080873,Badajoz,Anestesia,perdut,1.0,2223.12,8431.38,0.0,257,2025-12-01,perdut,baixa,televenda,381.0,0,5.56,Client sense comprar des de fa 257 dies. Historial previ de 1781 dies. Possible pèrdua de compte. Requereix trucada de reactivació.,,
1000082456,Cádiz,Anestesia,perdut,1.0,2223.12,7202.11,0.0,103,2025-12-01,perdut,baixa,televenda,101.6,1,5.56,Client sense comprar des de fa 103 dies. Historial previ de 1322 dies. Possible pèrdua de compte. Requereix trucada de reactivació.,,
1000082414,Burgos,Anestesia,perdut,1.0,2223.12,3267.98,0.0,223,2025-12-01,perdut,baixa,televenda,584.5,0,5.56,Client sense comprar des de fa 223 dies. Historial previ de 1392 dies. Possible pèrdua de compte. Requereix trucada de reactivació.,,
1000082397,Pontevedra,Anestesia,perdut,1.0,2223.12,7254.54,0.0,286,2025-12-01,perdut,baixa,televenda,278.5,7,5.56,Client sense comprar des de fa 286 dies. Historial previ de 1400 dies. Possible pèrdua de compte. Requereix trucada de reactivació.,,
2218,Cantabria,Anestesia,perdut,1.0,2223.12,9055.29,0.0,251,2025-12-01,perdut,baixa,televenda,379.5,0,5.56,Client sense comprar des de fa 251 dies. Historial previ de 1769 dies. Possible pèrdua de compte. Requereix trucada de reactivació.,,
1000080996,Girona,Anestesia,perdut,1.0,2223.12,5098.96,0.0,131,2025-12-01,perdut,baixa,televenda,529.3,0,5.56,Client sense comprar des de fa 131 dies. Historial previ de 1719 dies. Possible pèrdua de compte. Requereix trucada de reactivació.,,
2200,Cantabria,Anestesia,perdut,1.0,2223.12,4674.58,0.0,306,2025-12-01,perdut,baixa,televenda,468.7,0,5.56,Client sense comprar des de fa 306 dies. Historial previ de 1712 dies. Possible pèrdua de compte. Requereix trucada de reactivació.,,
1000080494,Madrid,Anestesia,perdut,1.0,2223.12,4098.24,0.0,194,2025-12-01,perdut,baixa,televenda,227.0,0,5.56,Client sense comprar des de fa 194 dies. Historial previ de 1102 dies. Possible pèrdua de compte. Requereix trucada de reactivació.,,
1000082722,Sta.Cruz Tenerife,Bioseguridad,perdut,1.0,2223.12,4263.59,0.0,140,2025-12-01,perdut,baixa,televenda,162.0,0,5.56,Client sense comprar des de fa 140 dies. Historial previ de 1112 dies. Possible pèrdua de compte. Requereix trucada de reactivació.,,
1000079340,Madrid,Anestesia,perdut,1.0,2223.12,5371.36,0.0,221,2025-12-01,perdut,baixa,televenda,304.0,0,5.56,Client sense comprar des de fa 221 dies. Historial previ de 1741 dies. Possible pèrdua de compte. Requereix trucada de reactivació.,,
1000079994,Almería,Anestesia,perdut,1.0,2223.12,7461.38,0.0,269,2025-12-01,perdut,baixa,televenda,289.0,0,5.56,Client sense comprar des de fa 269 dies. Historial previ de 1714 dies. Possible pèrdua de compte. Requereix trucada de reactivació.,,
1000082142,Salamanca,Anestesia,perdut,1.0,2223.12,12378.62,0.0,165,2025-12-01,perdut,baixa,televenda,295.4,0,5.56,Client sense comprar des de fa 165 dies. Historial previ de 1642 dies. Possible pèrdua de compte. Requereix trucada de reactivació.,,
1000082744,Girona,Anestesia,perdut,1.0,2223.12,2571.01,0.0,186,2025-12-01,perdut,baixa,televenda,458.5,0,5.56,Client sense comprar des de fa 186 dies. Historial previ de 1103 dies. Possible pèrdua de compte. Requereix trucada de reactivació.,,
1000100591,Valladolid,Anestesia,perdut,1.0,2223.12,2372.78,0.0,305,2025-12-01,perdut,baixa,televenda,322.0,0,5.56,Client sense comprar des de fa 305 dies. Historial previ de 627 dies. Possible pèrdua de compte. Requereix trucada de reactivació.,,
1169,Valencia,Anestesia,perdut,0.546,2223.12,1213.01,1010.11,364,2025-12-01,perdut,baixa,televenda,424.7,0,5.56,Client sense comprar des de fa 364 dies. Historial previ de 1638 dies. Possible pèrdua de compte. Requereix trucada de reactivació.,,
2525,Madrid,Anestesia,perdut,1.0,2223.12,5427.58,0.0,185,2025-12-01,perdut,baixa,televenda,248.7,0,5.56,Client sense comprar des de fa 185 dies. Historial previ de 1677 dies. Possible pèrdua de compte. Requereix trucada de reactivació.,,
1000079259,Madrid,Anestesia,perdut,1.0,2223.12,6740.18,0.0,153,2025-12-01,perdut,baixa,televenda,230.7,0,5.56,Client sense comprar des de fa 153 dies. Historial previ de 1768 dies. Possible pèrdua de compte. Requereix trucada de reactivació.,,
1000079954,Barcelona,Anestesia,perdut,1.0,2223.12,3423.13,0.0,326,2025-12-01,perdut,baixa,televenda,355.2,0,5.56,Client sense comprar des de fa 326 dies. Historial previ de 1747 dies. Possible pèrdua de compte. Requereix trucada de reactivació.,,
2439,Sta.Cruz Tenerife,Anestesia,perdut,0.567,2223.12,1259.46,963.66,430,2025-12-01,perdut,baixa,televenda,450.7,0,5.56,Client sense comprar des de fa 430 dies. Historial previ de 1782 dies. Possible pèrdua de compte. Requereix trucada de reactivació.,,
1000081172,Barcelona,Anestesia,perdut,1.0,2223.12,4965.39,0.0,94,2025-12-01,perdut,baixa,televenda,164.8,0,5.56,Client sense comprar des de fa 94 dies. Historial previ de 1742 dies. Possible pèrdua de compte. Requereix trucada de reactivació.,,
1451,Murcia,Anestesia,perdut,1.0,2223.12,3966.53,0.0,235,2025-12-01,perdut,baixa,televenda,251.0,0,5.56,Client sense comprar des de fa 235 dies. Historial previ de 1741 dies. Possible pèrdua de compte. Requereix trucada de reactivació.,,
1000082774,Girona,Anestesia,perdut,1.0,2223.12,3917.56,0.0,259,2025-12-01,perdut,baixa,televenda,266.0,0,5.56,Client sense comprar des de fa 259 dies. Historial previ de 1057 dies. Possible pèrdua de compte. Requereix trucada de reactivació.,,
1000082088,Orense,Anestesia,perdut,1.0,2223.12,4971.57,0.0,146,2025-12-01,perdut,baixa,televenda,153.1,0,5.56,Client sense comprar des de fa 146 dies. Historial previ de 1677 dies. Possible pèrdua de compte. Requereix trucada de reactivació.,,
1000100416,Toledo,Anestesia,perdut,1.0,2223.12,5296.21,0.0,159,2025-12-01,perdut,baixa,televenda,215.3,0,5.56,Client sense comprar des de fa 159 dies. Historial previ de 805 dies. Possible pèrdua de compte. Requereix trucada de reactivació.,,
1000079238,Córdoba,Anestesia,perdut,1.0,2223.12,5793.63,0.0,167,2025-12-01,perdut,baixa,televenda,322.2,0,5.56,Client sense comprar des de fa 167 dies. Historial previ de 1778 dies. Possible pèrdua de compte. Requereix trucada de reactivació.,,
1000082780,Córdoba,Anestesia,perdut,0.868,2223.12,1930.4,292.72,151,2025-12-01,perdut,baixa,televenda,193.0,0,5.56,Client sense comprar des de fa 151 dies. Historial previ de 537 dies. Possible pèrdua de compte. Requereix trucada de reactivació.,,
1000082183,Vizcaya,Anestesia,perdut,0.776,2223.12,1724.46,498.66,223,2025-12-01,perdut,baixa,televenda,464.0,0,5.56,Client sense comprar des de fa 223 dies. Historial previ de 1615 dies. Possible pèrdua de compte. Requereix trucada de reactivació.,,
1000100441,Madrid,Anestesia,perdut,0.781,2223.12,1737.29,485.83,153,2025-12-01,perdut,baixa,televenda,231.0,0,5.56,Client sense comprar des de fa 153 dies. Historial previ de 615 dies. Possible pèrdua de compte. Requereix trucada de reactivació.,,
1000080516,Girona,Anestesia,perdut,1.0,2223.12,2817.84,0.0,165,2025-12-01,perdut,baixa,televenda,375.7,0,5.56,Client sense comprar des de fa 165 dies. Historial previ de 1292 dies. Possible pèrdua de compte. Requereix trucada de reactivació.,,
632,Valencia,Anestesia,perdut,1.0,2223.12,2923.09,0.0,252,2025-12-01,perdut,baixa,televenda,738.5,0,5.56,Client sense comprar des de fa 252 dies. Historial previ de 1729 dies. Possible pèrdua de compte. Requereix trucada de reactivació.,,
1000079388,Granada,Anestesia,perdut,1.0,2223.12,2290.5,0.0,320,2025-12-01,perdut,baixa,televenda,473.3,0,5.56,Client sense comprar des de fa 320 dies. Historial previ de 1740 dies. Possible pèrdua de compte. Requereix trucada de reactivació.,,
1000080625,Barcelona,Anestesia,perdut,1.0,2223.12,5136.26,0.0,180,2025-12-01,perdut,baixa,televenda,321.7,0,5.56,Client sense comprar des de fa 180 dies. Historial previ de 1145 dies. Possible pèrdua de compte. Requereix trucada de reactivació.,,
1000100990,Asturias,Anestesia,perdut,1.0,2223.12,2294.53,0.0,158,2025-12-01,perdut,baixa,televenda,152.0,6,5.56,Client sense comprar des de fa 158 dies. Historial previ de 614 dies. Possible pèrdua de compte. Requereix trucada de reactivació.,,
1000082271,Madrid,Anestesia,perdut,1.0,2223.12,4185.68,0.0,157,2025-12-01,perdut,baixa,televenda,195.1,0,5.56,Client sense comprar des de fa 157 dies. Historial previ de 1523 dies. Possible pèrdua de compte. Requereix trucada de reactivació.,,
1000100471,Vizcaya,Anestesia,perdut,1.0,2223.12,5621.48,0.0,115,2025-12-01,perdut,baixa,televenda,164.8,0,5.56,Client sense comprar des de fa 115 dies. Historial previ de 774 dies. Possible pèrdua de compte. Requereix trucada de reactivació.,,
1000082247,Zamora,Bioseguridad,perdut,1.0,2223.12,2622.99,0.0,103,2025-12-01,perdut,baixa,televenda,427.3,0,5.56,Client sense comprar des de fa 103 dies. Historial previ de 1385 dies. Possible pèrdua de compte. Requereix trucada de reactivació.,,
1000080583,Granada,Anestesia,perdut,0.633,2223.12,1406.81,816.31,444,2025-12-01,perdut,baixa,televenda,661.5,0,5.56,Client sense comprar des de fa 444 dies. Historial previ de 1767 dies. Possible pèrdua de compte. Requereix trucada de reactivació.,,
2376,Sta.Cruz Tenerife,Anestesia,perdut,1.0,2223.12,2775.19,0.0,245,2025-12-01,perdut,baixa,televenda,249.0,0,5.56,Client sense comprar des de fa 245 dies. Historial previ de 1739 dies. Possible pèrdua de compte. Requereix trucada de reactivació.,,
1000082683,Granada,Anestesia,perdut,1.0,2223.12,4271.78,0.0,189,2025-12-01,perdut,baixa,televenda,191.2,0,5.56,Client sense comprar des de fa 189 dies. Historial previ de 1145 dies. Possible pèrdua de compte. Requereix trucada de reactivació.,,
1000079988,León,Anestesia,perdut,1.0,2223.12,6929.05,0.0,115,2025-12-01,perdut,baixa,televenda,229.0,0,5.56,Client sense comprar des de fa 115 dies. Historial previ de 1718 dies. Possible pèrdua de compte. Requereix trucada de reactivació.,,
1000079355,Murcia,Anestesia,perdut,1.0,2223.12,4910.57,0.0,126,2025-12-01,perdut,baixa,televenda,275.0,0,5.56,Client sense comprar des de fa 126 dies. Historial previ de 1776 dies. Possible pèrdua de compte. Requereix trucada de reactivació.,,
1000081118,Madrid,Anestesia,perdut,1.0,2223.12,7627.19,0.0,196,2025-12-01,perdut,baixa,televenda,206.6,0,5.56,Client sense comprar des de fa 196 dies. Historial previ de 1642 dies. Possible pèrdua de compte. Requereix trucada de reactivació.,,
1000079341,Almería,Anestesia,perdut,1.0,2223.12,4795.54,0.0,98,2025-12-01,perdut,baixa,televenda,204.4,0,5.56,Client sense comprar des de fa 98 dies. Historial previ de 1529 dies. Possible pèrdua de compte. Requereix trucada de reactivació.,,
1000082719,Sta.Cruz Tenerife,Anestesia,perdut,0.631,2223.12,1402.28,820.84,319,2025-12-01,perdut,baixa,televenda,804.0,0,5.56,Client sense comprar des de fa 319 dies. Historial previ de 1123 dies. Possible pèrdua de compte. Requereix trucada de reactivació.,,
1000082230,León,Anestesia,perdut,1.0,2223.12,7398.13,0.0,179,2025-12-01,perdut,baixa,televenda,230.3,0,5.56,Client sense comprar des de fa 179 dies. Historial previ de 1561 dies. Possible pèrdua de compte. Requereix trucada de reactivació.,,
1000080539,Guadalajara,Anestesia,perdut,0.65,2223.12,1444.45,778.67,154,2025-12-01,perdut,baixa,televenda,192.0,0,5.56,Client sense comprar des de fa 154 dies. Historial previ de 538 dies. Possible pèrdua de compte. Requereix trucada de reactivació.,,
654,Toledo,Anestesia,perdut,1.0,2223.12,2530.12,0.0,377,2025-12-01,perdut,baixa,televenda,1106.0,0,5.56,Client sense comprar des de fa 377 dies. Historial previ de 1483 dies. Possible pèrdua de compte. Requereix trucada de reactivació.,,
1000080916,Barcelona,Anestesia,perdut,1.0,2223.12,4141.31,0.0,140,2025-12-01,perdut,baixa,televenda,309.0,0,5.56,Client sense comprar des de fa 140 dies. Historial previ de 1685 dies. Possible pèrdua de compte. Requereix trucada de reactivació.,,
1000040718,Girona,Anestesia,perdut,1.0,2223.12,2636.72,0.0,181,2025-12-01,perdut,baixa,televenda,391.2,0,5.56,Client sense comprar des de fa 181 dies. Historial previ de 1746 dies. Possible pèrdua de compte. Requereix trucada de reactivació.,,
1000078969,Pontevedra,Anestesia,perdut,0.665,2223.12,1478.46,744.66,238,2025-12-01,perdut,baixa,televenda,489.0,0,5.56,Client sense comprar des de fa 238 dies. Historial previ de 1216 dies. Possible pèrdua de compte. Requereix trucada de reactivació.,,
7280,Alicante,Anestesia,perdut,1.0,2223.12,3983.07,0.0,327,2025-12-01,perdut,baixa,televenda,574.5,0,5.56,Client sense comprar des de fa 327 dies. Historial previ de 1476 dies. Possible pèrdua de compte. Requereix trucada de reactivació.,,
35615,Sta.Cruz Tenerife,Anestesia,perdut,1.0,2223.12,6491.57,0.0,102,2025-12-01,perdut,baixa,televenda,231.9,0,5.56,Client sense comprar des de fa 102 dies. Historial previ de 1725 dies. Possible pèrdua de compte. Requereix trucada de reactivació.,,
35614,Burgos,Anestesia,perdut,1.0,2223.12,5079.44,0.0,220,2025-12-01,perdut,baixa,televenda,203.5,16,5.56,Client sense comprar des de fa 220 dies. Historial previ de 627 dies. Possible pèrdua de compte. Requereix trucada de reactivació.,,
35570,Granada,Anestesia,perdut,1.0,2223.12,12211.06,0.0,145,2025-12-01,perdut,baixa,televenda,159.8,0,5.56,Client sense comprar des de fa 145 dies. Historial previ de 1743 dies. Possible pèrdua de compte. Requereix trucada de reactivació.,,
35566,Teruel,Anestesia,perdut,1.0,2223.12,7037.66,0.0,272,2025-12-01,perdut,baixa,televenda,275.2,0,5.56,Client sense comprar des de fa 272 dies. Historial previ de 1648 dies. Possible pèrdua de compte. Requereix trucada de reactivació.,,
7192,Salamanca,Anestesia,perdut,1.0,2223.12,7877.9,0.0,139,2025-12-01,perdut,baixa,televenda,227.9,0,5.56,Client sense comprar des de fa 139 dies. Historial previ de 1734 dies. Possible pèrdua de compte. Requereix trucada de reactivació.,,
35514,Pontevedra,Anestesia,perdut,1.0,2223.12,2260.07,0.0,157,2025-12-01,perdut,baixa,televenda,466.7,0,5.56,Client sense comprar des de fa 157 dies. Historial previ de 1557 dies. Possible pèrdua de compte. Requereix trucada de reactivació.,,
34810,Ciudad Real,Anestesia,perdut,1.0,2223.12,5123.88,0.0,283,2025-12-01,perdut,baixa,televenda,347.5,0,5.56,Client sense comprar des de fa 283 dies. Historial previ de 1673 dies. Possible pèrdua de compte. Requereix trucada de reactivació.,,
33246,Barcelona,Anestesia,perdut,1.0,2223.12,3807.47,0.0,361,2025-12-01,perdut,baixa,televenda,542.0,0,5.56,Client sense comprar des de fa 361 dies. Historial previ de 1445 dies. Possible pèrdua de compte. Requereix trucada de reactivació.,,
34729,Valencia,Anestesia,perdut,1.0,2223.12,2562.14,0.0,364,2025-12-01,perdut,baixa,televenda,330.2,33,5.56,Client sense comprar des de fa 364 dies. Historial previ de 1685 dies. Possible pèrdua de compte. Requereix trucada de reactivació.,,
34501,Valladolid,Anestesia,perdut,1.0,2223.12,5680.29,0.0,180,2025-12-01,perdut,baixa,televenda,319.0,0,5.56,Client sense comprar des de fa 180 dies. Historial previ de 1775 dies. Possible pèrdua de compte. Requereix trucada de reactivació.,,
34301,Pontevedra,Anestesia,perdut,1.0,2223.12,9802.11,0.0,122,2025-12-01,perdut,baixa,televenda,145.3,0,5.56,Client sense comprar des de fa 122 dies. Historial previ de 1720 dies. Possible pèrdua de compte. Requereix trucada de reactivació.,,
34212,Ciudad Real,Anestesia,perdut,1.0,2223.12,4716.44,0.0,186,2025-12-01,perdut,baixa,televenda,197.4,0,5.56,Client sense comprar des de fa 186 dies. Historial previ de 1765 dies. Possible pèrdua de compte. Requereix trucada de reactivació.,,
34055,Granada,Anestesia,perdut,0.785,2223.12,1745.78,477.34,208,2025-12-01,perdut,baixa,televenda,363.0,0,5.56,Client sense comprar des de fa 208 dies. Historial previ de 934 dies. Possible pèrdua de compte. Requereix trucada de reactivació.,,
34023,Barcelona,Anestesia,perdut,1.0,2223.12,3259.91,0.0,256,2025-12-01,perdut,baixa,televenda,348.2,0,5.56,Client sense comprar des de fa 256 dies. Historial previ de 1649 dies. Possible pèrdua de compte. Requereix trucada de reactivació.,,
35720,Granada,Anestesia,perdut,1.0,2223.12,3741.73,0.0,150,2025-12-01,perdut,baixa,televenda,244.5,0,5.56,Client sense comprar des de fa 150 dies. Historial previ de 1617 dies. Possible pèrdua de compte. Requereix trucada de reactivació.,,
35896,Baleares,Anestesia,perdut,1.0,2223.12,2949.26,0.0,97,2025-12-01,perdut,baixa,televenda,150.0,0,5.56,Client sense comprar des de fa 97 dies. Historial previ de 1747 dies. Possible pèrdua de compte. Requereix trucada de reactivació.,,
36037,Sevilla,Anestesia,perdut,1.0,2223.12,3083.99,0.0,297,2025-12-01,perdut,baixa,televenda,348.3,0,5.56,Client sense comprar des de fa 297 dies. Historial previ de 1342 dies. Possible pèrdua de compte. Requereix trucada de reactivació.,,
6956,Girona,Anestesia,perdut,1.0,2223.12,4041.75,0.0,290,2025-12-01,perdut,baixa,televenda,269.4,20,5.56,Client sense comprar des de fa 290 dies. Historial previ de 1637 dies. Possible pèrdua de compte. Requereix trucada de reactivació.,,
36419,Barcelona,Anestesia,perdut,1.0,2223.12,12272.71,0.0,209,2025-12-01,perdut,baixa,televenda,192.1,16,5.56,Client sense comprar des de fa 209 dies. Historial previ de 1746 dies. Possible pèrdua de compte. Requereix trucada de reactivació.,,
6928,Barcelona,Anestesia,perdut,0.928,2223.12,2062.85,160.27,252,2025-12-01,perdut,baixa,televenda,605.0,0,5.56,Client sense comprar des de fa 252 dies. Historial previ de 1462 dies. Possible pèrdua de compte. Requereix trucada de reactivació.,,
36608,Barcelona,Anestesia,perdut,1.0,2223.12,15165.51,0.0,125,2025-12-01,perdut,baixa,televenda,129.5,0,5.56,Client sense comprar des de fa 125 dies. Historial previ de 1679 dies. Possible pèrdua de compte. Requereix trucada de reactivació.,,
36752,Barcelona,Anestesia,perdut,1.0,2223.12,8299.6,0.0,157,2025-12-01,perdut,baixa,televenda,179.0,0,5.56,Client sense comprar des de fa 157 dies. Historial previ de 1768 dies. Possible pèrdua de compte. Requereix trucada de reactivació.,,
6715,Barcelona,Anestesia,perdut,1.0,2223.12,5804.88,0.0,270,2025-12-01,perdut,baixa,televenda,295.6,0,5.56,Client sense comprar des de fa 270 dies. Historial previ de 1748 dies. Possible pèrdua de compte. Requereix trucada de reactivació.,,
37111,Navarra,Bioseguridad,perdut,1.0,2223.12,7581.63,0.0,150,2025-12-01,perdut,baixa,televenda,167.4,0,5.56,Client sense comprar des de fa 150 dies. Historial previ de 1657 dies. Possible pèrdua de compte. Requereix trucada de reactivació.,,
37148,Granada,Bioseguridad,perdut,1.0,2223.12,3654.09,0.0,137,2025-12-01,perdut,baixa,televenda,194.6,0,5.56,Client sense comprar des de fa 137 dies. Historial previ de 1694 dies. Possible pèrdua de compte. Requereix trucada de reactivació.,,
37163,Valladolid,Anestesia,perdut,1.0,2223.12,5345.85,0.0,482,2025-12-01,perdut,baixa,televenda,560.5,0,5.56,Client sense comprar des de fa 482 dies. Historial previ de 1603 dies. Possible pèrdua de compte. Requereix trucada de reactivació.,,
37232,Madrid,Anestesia,perdut,1.0,2223.12,3906.73,0.0,318,2025-12-01,perdut,baixa,televenda,367.7,0,5.56,Client sense comprar des de fa 318 dies. Historial previ de 1421 dies. Possible pèrdua de compte. Requereix trucada de reactivació.,,
37311,A Coruña,Anestesia,perdut,1.0,2223.12,3028.09,0.0,172,2025-12-01,perdut,baixa,televenda,537.7,0,5.56,Client sense comprar des de fa 172 dies. Historial previ de 1785 dies. Possible pèrdua de compte. Requereix trucada de reactivació.,,
37351,Lugo,Anestesia,perdut,1.0,2223.12,7096.15,0.0,137,2025-12-01,perdut,baixa,televenda,270.7,0,5.56,Client sense comprar des de fa 137 dies. Historial previ de 1761 dies. Possible pèrdua de compte. Requereix trucada de reactivació.,,
37396,Navarra,Anestesia,perdut,1.0,2223.12,7113.45,0.0,130,2025-12-01,perdut,baixa,televenda,168.8,0,5.56,Client sense comprar des de fa 130 dies. Historial previ de 1649 dies. Possible pèrdua de compte. Requereix trucada de reactivació.,,
37405,Asturias,Anestesia,perdut,1.0,2223.12,5342.34,0.0,354,2025-12-01,perdut,baixa,televenda,436.7,0,5.56,Client sense comprar des de fa 354 dies. Historial previ de 1664 dies. Possible pèrdua de compte. Requereix trucada de reactivació.,,
33915,Madrid,Anestesia,perdut,1.0,2223.12,14099.01,0.0,91,2025-12-01,perdut,baixa,televenda,167.3,0,5.56,Client sense comprar des de fa 91 dies. Historial previ de 1764 dies. Possible pèrdua de compte. Requereix trucada de reactivació.,,
32702,Asturias,Anestesia,perdut,1.0,2223.12,12558.3,0.0,192,2025-12-01,perdut,baixa,televenda,242.0,0,5.56,Client sense comprar des de fa 192 dies. Historial previ de 1644 dies. Possible pèrdua de compte. Requereix trucada de reactivació.,,
37627,Sta.Cruz Tenerife,Anestesia,perdut,1.0,2223.12,7557.5,0.0,124,2025-12-01,perdut,baixa,televenda,147.1,0,5.56,Client sense comprar des de fa 124 dies. Historial previ de 1742 dies. Possible pèrdua de compte. Requereix trucada de reactivació.,,
29229,Zaragoza,Anestesia,perdut,1.0,2223.12,5724.78,0.0,174,2025-12-01,perdut,baixa,televenda,205.0,0,5.56,Client sense comprar des de fa 174 dies. Historial previ de 1609 dies. Possible pèrdua de compte. Requereix trucada de reactivació.,,
29855,Murcia,Anestesia,perdut,1.0,2223.12,8996.8,0.0,139,2025-12-01,perdut,baixa,televenda,249.2,0,5.56,Client sense comprar des de fa 139 dies. Historial previ de 1634 dies. Possible pèrdua de compte. Requereix trucada de reactivació.,,
29768,Madrid,Anestesia,perdut,1.0,2223.12,12628.37,0.0,147,2025-12-01,perdut,baixa,televenda,135.6,11,5.56,Client sense comprar des de fa 147 dies. Historial previ de 1774 dies. Possible pèrdua de compte. Requereix trucada de reactivació.,,
29605,Navarra,Anestesia,perdut,1.0,2223.12,4749.66,0.0,178,2025-12-01,perdut,baixa,televenda,280.6,0,5.56,Client sense comprar des de fa 178 dies. Historial previ de 1581 dies. Possible pèrdua de compte. Requereix trucada de reactivació.,,
29524,Cáceres,Anestesia,perdut,1.0,2223.12,16854.81,0.0,98,2025-12-01,perdut,baixa,televenda,153.3,0,5.56,Client sense comprar des de fa 98 dies. Historial previ de 1784 dies. Possible pèrdua de compte. Requereix trucada de reactivació.,,
29431,Madrid,Anestesia,perdut,1.0,2223.12,2313.01,0.0,290,2025-12-01,perdut,baixa,televenda,337.8,0,5.56,Client sense comprar des de fa 290 dies. Historial previ de 1641 dies. Possible pèrdua de compte. Requereix trucada de reactivació.,,
29404,A Coruña,Anestesia,perdut,1.0,2223.12,3372.87,0.0,290,2025-12-01,perdut,baixa,televenda,711.0,0,5.56,Client sense comprar des de fa 290 dies. Historial previ de 1712 dies. Possible pèrdua de compte. Requereix trucada de reactivació.,,
29190,Gipúzkoa,Anestesia,perdut,1.0,2223.12,2967.04,0.0,119,2025-12-01,perdut,baixa,televenda,515.0,0,5.56,Client sense comprar des de fa 119 dies. Historial previ de 1664 dies. Possible pèrdua de compte. Requereix trucada de reactivació.,,
32014,A Coruña,Bioseguridad,perdut,1.0,2223.12,8008.87,0.0,123,2025-12-01,perdut,baixa,televenda,138.2,0,5.56,Client sense comprar des de fa 123 dies. Historial previ de 1781 dies. Possible pèrdua de compte. Requereix trucada de reactivació.,,
7586,Valladolid,Anestesia,perdut,1.0,2223.12,2437.55,0.0,355,2025-12-01,perdut,baixa,televenda,621.0,0,5.56,Client sense comprar des de fa 355 dies. Historial previ de 976 dies. Possible pèrdua de compte. Requereix trucada de reactivació.,,
29131,Girona,Anestesia,perdut,1.0,2223.12,9989.89,0.0,130,2025-12-01,perdut,baixa,televenda,136.5,0,5.56,Client sense comprar des de fa 130 dies. Historial previ de 1768 dies. Possible pèrdua de compte. Requereix trucada de reactivació.,,
29006,Las Palmas,Anestesia,perdut,1.0,2223.12,2724.72,0.0,283,2025-12-01,perdut,baixa,televenda,288.4,0,5.56,Client sense comprar des de fa 283 dies. Historial previ de 1725 dies. Possible pèrdua de compte. Requereix trucada de reactivació.,,
28828,A Coruña,Anestesia,perdut,1.0,2223.12,3845.21,0.0,180,2025-12-01,perdut,baixa,televenda,172.7,7,5.56,Client sense comprar des de fa 180 dies. Historial previ de 1734 dies. Possible pèrdua de compte. Requereix trucada de reactivació.,,
28768,Ávila,Anestesia,perdut,1.0,2223.12,4504.07,0.0,251,2025-12-01,perdut,baixa,televenda,254.2,0,5.56,Client sense comprar des de fa 251 dies. Historial previ de 1522 dies. Possible pèrdua de compte. Requereix trucada de reactivació.,,
28685,Pontevedra,Anestesia,perdut,0.834,2223.12,1854.64,368.48,262,2025-12-01,perdut,baixa,televenda,415.3,0,5.56,Client sense comprar des de fa 262 dies. Historial previ de 1508 dies. Possible pèrdua de compte. Requereix trucada de reactivació.,,
7543,Valencia,Anestesia,perdut,1.0,2223.12,2895.93,0.0,139,2025-12-01,perdut,baixa,televenda,221.0,0,5.56,Client sense comprar des de fa 139 dies. Historial previ de 802 dies. Possible pèrdua de compte. Requereix trucada de reactivació.,,
30126,Las Palmas,Anestesia,perdut,1.0,2223.12,4145.98,0.0,132,2025-12-01,perdut,baixa,televenda,184.4,0,5.56,Client sense comprar des de fa 132 dies. Historial previ de 1607 dies. Possible pèrdua de compte. Requereix trucada de reactivació.,,
30149,Madrid,Anestesia,perdut,1.0,2223.12,7087.37,0.0,192,2025-12-01,perdut,baixa,televenda,263.2,0,5.56,Client sense comprar des de fa 192 dies. Historial previ de 1771 dies. Possible pèrdua de compte. Requereix trucada de reactivació.,,
30224,Cantabria,Anestesia,perdut,1.0,2223.12,17346.11,0.0,367,2025-12-01,perdut,baixa,televenda,651.5,0,5.56,Client sense comprar des de fa 367 dies. Historial previ de 1670 dies. Possible pèrdua de compte. Requereix trucada de reactivació.,,
7497,A Coruña,Anestesia,perdut,1.0,2223.12,6129.24,0.0,96,2025-12-01,perdut,baixa,televenda,226.0,0,5.56,Client sense comprar des de fa 96 dies. Historial previ de 1452 dies. Possible pèrdua de compte. Requereix trucada de reactivació.,,
30266,Valencia,Anestesia,perdut,1.0,2223.12,11668.5,0.0,151,2025-12-01,perdut,baixa,televenda,212.4,0,5.56,Client sense comprar des de fa 151 dies. Historial previ de 1638 dies. Possible pèrdua de compte. Requereix trucada de reactivació.,,
30313,Málaga,Anestesia,perdut,1.0,2223.12,3829.01,0.0,315,2025-12-01,perdut,baixa,televenda,552.5,0,5.56,Client sense comprar des de fa 315 dies. Historial previ de 1420 dies. Possible pèrdua de compte. Requereix trucada de reactivació.,,
30695,Sevilla,Anestesia,perdut,1.0,2223.12,5331.85,0.0,178,2025-12-01,perdut,baixa,televenda,324.2,0,5.56,Client sense comprar des de fa 178 dies. Historial previ de 1475 dies. Possible pèrdua de compte. Requereix trucada de reactivació.,,
30774,Granada,Anestesia,perdut,0.676,2223.12,1502.74,720.38,364,2025-12-01,perdut,baixa,televenda,471.5,0,5.56,Client sense comprar des de fa 364 dies. Historial previ de 1307 dies. Possible pèrdua de compte. Requereix trucada de reactivació.,,
30910,Murcia,Anestesia,perdut,1.0,2223.12,2944.12,0.0,124,2025-12-01,perdut,baixa,televenda,374.8,0,5.56,Client sense comprar des de fa 124 dies. Historial previ de 1623 dies. Possible pèrdua de compte. Requereix trucada de reactivació.,,
31180,Valencia,Anestesia,perdut,1.0,2223.12,11884.67,0.0,159,2025-12-01,perdut,baixa,televenda,190.7,0,5.56,Client sense comprar des de fa 159 dies. Historial previ de 1494 dies. Possible pèrdua de compte. Requereix trucada de reactivació.,,
31317,Almería,Anestesia,perdut,1.0,2223.12,7776.31,0.0,193,2025-12-01,perdut,baixa,televenda,218.1,0,5.56,Client sense comprar des de fa 193 dies. Historial previ de 1720 dies. Possible pèrdua de compte. Requereix trucada de reactivació.,,
7469,Vizcaya,Anestesia,perdut,1.0,2223.12,2891.09,0.0,157,2025-12-01,perdut,baixa,televenda,509.5,0,5.56,Client sense comprar des de fa 157 dies. Historial previ de 1176 dies. Possible pèrdua de compte. Requereix trucada de reactivació.,,
31478,Málaga,Anestesia,perdut,1.0,2223.12,4389.06,0.0,277,2025-12-01,perdut,baixa,televenda,533.0,0,5.56,Client sense comprar des de fa 277 dies. Historial previ de 1343 dies. Possible pèrdua de compte. Requereix trucada de reactivació.,,
31509,Madrid,Anestesia,perdut,1.0,2223.12,5624.47,0.0,231,2025-12-01,perdut,baixa,televenda,290.6,0,5.56,Client sense comprar des de fa 231 dies. Historial previ de 1684 dies. Possible pèrdua de compte. Requereix trucada de reactivació.,,
31736,La Rioja,Anestesia,perdut,1.0,2223.12,4481.25,0.0,153,2025-12-01,perdut,baixa,televenda,440.7,0,5.56,Client sense comprar des de fa 153 dies. Historial previ de 1475 dies. Possible pèrdua de compte. Requereix trucada de reactivació.,,
31862,Madrid,Anestesia,perdut,1.0,2223.12,7539.31,0.0,185,2025-12-01,perdut,baixa,televenda,200.9,0,5.56,Client sense comprar des de fa 185 dies. Historial previ de 1792 dies. Possible pèrdua de compte. Requereix trucada de reactivació.,,
37533,Madrid,Anestesia,perdut,1.0,2223.12,5006.93,0.0,164,2025-12-01,perdut,baixa,televenda,215.3,0,5.56,Client sense comprar des de fa 164 dies. Historial previ de 1671 dies. Possible pèrdua de compte. Requereix trucada de reactivació.,,
6666,Guadalajara,Anestesia,perdut,1.0,2223.12,3149.98,0.0,201,2025-12-01,perdut,baixa,televenda,279.6,0,5.56,Client sense comprar des de fa 201 dies. Historial previ de 1599 dies. Possible pèrdua de compte. Requereix trucada de reactivació.,,
1000044579,Zaragoza,Anestesia,perdut,1.0,2223.12,8882.98,0.0,129,2025-12-01,perdut,baixa,televenda,138.9,0,5.56,Client sense comprar des de fa 129 dies. Historial previ de 1657 dies. Possible pèrdua de compte. Requereix trucada de reactivació.,,
42407,Barcelona,Anestesia,perdut,1.0,2223.12,2326.29,0.0,91,2025-12-01,perdut,baixa,televenda,237.0,0,5.56,Client sense comprar des de fa 91 dies. Historial previ de 565 dies. Possible pèrdua de compte. Requereix trucada de reactivació.,,
5191,Jaén,Anestesia,perdut,1.0,2223.12,8525.61,0.0,101,2025-12-01,perdut,baixa,televenda,173.7,0,5.56,Client sense comprar des de fa 101 dies. Historial previ de 1664 dies. Possible pèrdua de compte. Requereix trucada de reactivació.,,
5194,Jaén,Anestesia,perdut,0.805,2223.12,1790.3,432.82,545,2025-12-01,perdut,baixa,televenda,686.0,0,5.56,Client sense comprar des de fa 545 dies. Historial previ de 1231 dies. Possible pèrdua de compte. Requereix trucada de reactivació.,,
5300,Huelva,Anestesia,perdut,1.0,2223.12,2588.71,0.0,174,2025-12-01,perdut,baixa,televenda,400.2,0,5.56,Client sense comprar des de fa 174 dies. Historial previ de 1775 dies. Possible pèrdua de compte. Requereix trucada de reactivació.,,
42625,Ciudad Real,Anestesia,perdut,0.947,2223.12,2104.55,118.57,161,2025-12-01,perdut,baixa,televenda,306.0,0,5.56,Client sense comprar des de fa 161 dies. Historial previ de 773 dies. Possible pèrdua de compte. Requereix trucada de reactivació.,,
42543,Málaga,Anestesia,perdut,0.718,2223.12,1597.13,625.99,173,2025-12-01,perdut,baixa,televenda,192.0,0,5.56,Client sense comprar des de fa 173 dies. Historial previ de 941 dies. Possible pèrdua de compte. Requereix trucada de reactivació.,,
42490,Ciudad Real,Anestesia,perdut,1.0,2223.12,3685.65,0.0,91,2025-12-01,perdut,baixa,televenda,125.9,0,5.56,Client sense comprar des de fa 91 dies. Historial previ de 972 dies. Possible pèrdua de compte. Requereix trucada de reactivació.,,
42403,Madrid,Anestesia,perdut,1.0,2223.12,2258.12,0.0,203,2025-12-01,perdut,baixa,televenda,218.7,0,5.56,Client sense comprar des de fa 203 dies. Historial previ de 859 dies. Possible pèrdua de compte. Requereix trucada de reactivació.,,
41670,Pontevedra,Anestesia,perdut,1.0,2223.12,4041.18,0.0,181,2025-12-01,perdut,baixa,televenda,263.7,0,5.56,Client sense comprar des de fa 181 dies. Historial previ de 1763 dies. Possible pèrdua de compte. Requereix trucada de reactivació.,,
42350,Madrid,Anestesia,perdut,1.0,2223.12,3347.52,0.0,280,2025-12-01,perdut,baixa,televenda,276.7,3,5.56,Client sense comprar des de fa 280 dies. Historial previ de 1110 dies. Possible pèrdua de compte. Requereix trucada de reactivació.,,
42233,Murcia,Anestesia,perdut,0.641,2223.12,1424.39,798.73,105,2025-12-01,perdut,baixa,televenda,204.8,0,5.56,Client sense comprar des de fa 105 dies. Historial previ de 924 dies. Possible pèrdua de compte. Requereix trucada de reactivació.,,
5628,Lugo,Anestesia,perdut,1.0,2223.12,7814.38,0.0,207,2025-12-01,perdut,baixa,televenda,212.0,0,5.56,Client sense comprar des de fa 207 dies. Historial previ de 1691 dies. Possible pèrdua de compte. Requereix trucada de reactivació.,,
5665,Girona,Anestesia,perdut,1.0,2223.12,6863.51,0.0,312,2025-12-01,perdut,baixa,televenda,304.5,7,5.56,Client sense comprar des de fa 312 dies. Historial previ de 1530 dies. Possible pèrdua de compte. Requereix trucada de reactivació.,,
41930,Córdoba,Anestesia,perdut,1.0,2223.12,2364.14,0.0,203,2025-12-01,perdut,baixa,televenda,423.7,0,5.56,Client sense comprar des de fa 203 dies. Historial previ de 1474 dies. Possible pèrdua de compte. Requereix trucada de reactivació.,,
41923,Madrid,Anestesia,perdut,1.0,2223.12,2880.82,0.0,178,2025-12-01,perdut,baixa,televenda,282.2,0,5.56,Client sense comprar des de fa 178 dies. Historial previ de 1589 dies. Possible pèrdua de compte. Requereix trucada de reactivació.,,
5136,Jaén,Anestesia,perdut,0.993,2223.12,2207.14,15.98,179,2025-12-01,perdut,baixa,televenda,728.5,0,5.56,Client sense comprar des de fa 179 dies. Historial previ de 1636 dies. Possible pèrdua de compte. Requereix trucada de reactivació.,,
42793,Madrid,Anestesia,perdut,1.0,2223.12,2300.14,0.0,95,2025-12-01,perdut,baixa,televenda,178.0,0,5.56,Client sense comprar des de fa 95 dies. Historial previ de 629 dies. Possible pèrdua de compte. Requereix trucada de reactivació.,,
42933,Girona,Anestesia,perdut,1.0,2223.12,3650.91,0.0,102,2025-12-01,perdut,baixa,televenda,109.7,0,5.56,Client sense comprar des de fa 102 dies. Historial previ de 431 dies. Possible pèrdua de compte. Requereix trucada de reactivació.,,
4832,Gipúzkoa,Anestesia,perdut,1.0,2223.12,3708.86,0.0,124,2025-12-01,perdut,baixa,televenda,197.0,0,5.56,Client sense comprar des de fa 124 dies. Historial previ de 1700 dies. Possible pèrdua de compte. Requereix trucada de reactivació.,,
4656,Madrid,Anestesia,perdut,1.0,2223.12,4544.3,0.0,159,2025-12-01,perdut,baixa,televenda,312.4,0,5.56,Client sense comprar des de fa 159 dies. Historial previ de 1721 dies. Possible pèrdua de compte. Requereix trucada de reactivació.,,
1000037376,Madrid,Anestesia,perdut,1.0,2223.12,13169.3,0.0,96,2025-12-01,perdut,baixa,televenda,108.8,0,5.56,Client sense comprar des de fa 96 dies. Historial previ de 1728 dies. Possible pèrdua de compte. Requereix trucada de reactivació.,,
1000037399,Cuenca,Anestesia,perdut,0.834,2223.12,1853.58,369.54,179,2025-12-01,perdut,baixa,televenda,308.3,0,5.56,Client sense comprar des de fa 179 dies. Historial previ de 1104 dies. Possible pèrdua de compte. Requereix trucada de reactivació.,,
1000037515,Guadalajara,Anestesia,perdut,1.0,2223.12,5096.5,0.0,152,2025-12-01,perdut,baixa,televenda,193.4,0,5.56,Client sense comprar des de fa 152 dies. Historial previ de 1699 dies. Possible pèrdua de compte. Requereix trucada de reactivació.,,
4484,Madrid,Anestesia,perdut,1.0,2223.12,3346.05,0.0,91,2025-12-01,perdut,baixa,televenda,193.9,0,5.56,Client sense comprar des de fa 91 dies. Historial previ de 1642 dies. Possible pèrdua de compte. Requereix trucada de reactivació.,,
1000038775,Cantabria,Anestesia,perdut,1.0,2223.12,4801.28,0.0,235,2025-12-01,perdut,baixa,televenda,242.5,0,5.56,Client sense comprar des de fa 235 dies. Historial previ de 720 dies. Possible pèrdua de compte. Requereix trucada de reactivació.,,
1000039707,León,Anestesia,perdut,1.0,2223.12,6848.84,0.0,193,2025-12-01,perdut,baixa,televenda,182.4,10,5.56,Client sense comprar des de fa 193 dies. Historial previ de 1652 dies. Possible pèrdua de compte. Requereix trucada de reactivació.,,
1000040383,Huelva,Anestesia,perdut,1.0,2223.12,4486.03,0.0,215,2025-12-01,perdut,baixa,televenda,501.3,0,5.56,Client sense comprar des de fa 215 dies. Historial previ de 1719 dies. Possible pèrdua de compte. Requereix trucada de reactivació.,,
1000041136,Madrid,Anestesia,perdut,1.0,2223.12,3597.3,0.0,236,2025-12-01,perdut,baixa,televenda,350.0,0,5.56,Client sense comprar des de fa 236 dies. Historial previ de 1636 dies. Possible pèrdua de compte. Requereix trucada de reactivació.,,
1000041272,Asturias,Anestesia,perdut,1.0,2223.12,3274.42,0.0,210,2025-12-01,perdut,baixa,televenda,291.2,0,5.56,Client sense comprar des de fa 210 dies. Historial previ de 1666 dies. Possible pèrdua de compte. Requereix trucada de reactivació.,,
1000041726,Ciudad Real,Anestesia,perdut,1.0,2223.12,8540.82,0.0,124,2025-12-01,perdut,baixa,televenda,197.0,0,5.56,Client sense comprar des de fa 124 dies. Historial previ de 1700 dies. Possible pèrdua de compte. Requereix trucada de reactivació.,,
1000042016,Girona,Anestesia,perdut,1.0,2223.12,5086.24,0.0,195,2025-12-01,perdut,baixa,televenda,497.0,0,5.56,Client sense comprar des de fa 195 dies. Historial previ de 1686 dies. Possible pèrdua de compte. Requereix trucada de reactivació.,,
1000042820,Barcelona,Anestesia,perdut,1.0,2223.12,5313.56,0.0,194,2025-12-01,perdut,baixa,televenda,338.2,0,5.56,Client sense comprar des de fa 194 dies. Historial previ de 1547 dies. Possible pèrdua de compte. Requereix trucada de reactivació.,,
41814,Almería,Anestesia,perdut,1.0,2223.12,4735.06,0.0,145,2025-12-01,perdut,baixa,televenda,245.0,0,5.56,Client sense comprar des de fa 145 dies. Historial previ de 1615 dies. Possible pèrdua de compte. Requereix trucada de reactivació.,,
5776,Asturias,Anestesia,perdut,0.91,2223.12,2022.67,200.45,242,2025-12-01,perdut,baixa,televenda,426.0,0,5.56,Client sense comprar des de fa 242 dies. Historial previ de 668 dies. Possible pèrdua de compte. Requereix trucada de reactivació.,,
37985,Pontevedra,Anestesia,perdut,1.0,2223.12,6056.19,0.0,147,2025-12-01,perdut,baixa,televenda,250.2,0,5.56,Client sense comprar des de fa 147 dies. Historial previ de 1648 dies. Possible pèrdua de compte. Requereix trucada de reactivació.,,
39302,Madrid,Anestesia,perdut,0.751,2223.12,1668.55,554.57,178,2025-12-01,perdut,baixa,televenda,202.0,0,5.56,Client sense comprar des de fa 178 dies. Historial previ de 784 dies. Possible pèrdua de compte. Requereix trucada de reactivació.,,
40268,Zaragoza,Anestesia,perdut,1.0,2223.12,3473.46,0.0,249,2025-12-01,perdut,baixa,televenda,283.0,0,5.56,Client sense comprar des de fa 249 dies. Historial previ de 1098 dies. Possible pèrdua de compte. Requereix trucada de reactivació.,,
40089,Almería,Anestesia,perdut,1.0,2223.12,4029.13,0.0,182,2025-12-01,perdut,baixa,televenda,204.8,0,5.56,Client sense comprar des de fa 182 dies. Historial previ de 1411 dies. Possible pèrdua de compte. Requereix trucada de reactivació.,,
39860,Sevilla,Anestesia,perdut,0.901,2223.12,2003.8,219.32,236,2025-12-01,perdut,baixa,televenda,725.5,0,5.56,Client sense comprar des de fa 236 dies. Historial previ de 1687 dies. Possible pèrdua de compte. Requereix trucada de reactivació.,,
39723,Gipúzkoa,Anestesia,perdut,1.0,2223.12,3398.91,0.0,136,2025-12-01,perdut,baixa,televenda,175.0,0,5.56,Client sense comprar des de fa 136 dies. Historial previ de 1536 dies. Possible pèrdua de compte. Requereix trucada de reactivació.,,
39653,Madrid,Anestesia,perdut,1.0,2223.12,5325.83,0.0,151,2025-12-01,perdut,baixa,televenda,151.3,0,5.56,Client sense comprar des de fa 151 dies. Historial previ de 1664 dies. Possible pèrdua de compte. Requereix trucada de reactivació.,,
39387,Ciudad Real,Anestesia,perdut,1.0,2223.12,8357.54,0.0,138,2025-12-01,perdut,baixa,televenda,327.4,0,5.56,Client sense comprar des de fa 138 dies. Historial previ de 1775 dies. Possible pèrdua de compte. Requereix trucada de reactivació.,,
39175,Asturias,Anestesia,perdut,1.0,2223.12,9905.18,0.0,157,2025-12-01,perdut,baixa,televenda,226.1,0,5.56,Client sense comprar des de fa 157 dies. Historial previ de 1740 dies. Possible pèrdua de compte. Requereix trucada de reactivació.,,
41570,Granada,Anestesia,perdut,1.0,2223.12,5634.76,0.0,136,2025-12-01,perdut,baixa,televenda,392.7,0,5.56,Client sense comprar des de fa 136 dies. Historial previ de 1314 dies. Possible pèrdua de compte. Requereix trucada de reactivació.,,
39167,Alicante,Anestesia,perdut,1.0,2223.12,12449.01,0.0,126,2025-12-01,perdut,baixa,televenda,206.5,0,5.56,Client sense comprar des de fa 126 dies. Historial previ de 1778 dies. Possible pèrdua de compte. Requereix trucada de reactivació.,,
6421,Barcelona,Anestesia,perdut,1.0,2223.12,9571.39,0.0,164,2025-12-01,perdut,baixa,televenda,264.3,0,5.56,Client sense comprar des de fa 164 dies. Historial previ de 1750 dies. Possible pèrdua de compte. Requereix trucada de reactivació.,,
6479,Murcia,Anestesia,perdut,1.0,2223.12,3738.29,0.0,236,2025-12-01,perdut,baixa,televenda,304.8,0,5.56,Client sense comprar des de fa 236 dies. Historial previ de 1455 dies. Possible pèrdua de compte. Requereix trucada de reactivació.,,
38685,Madrid,Anestesia,perdut,0.995,2223.12,2211.56,11.56,431,2025-12-01,perdut,baixa,televenda,452.5,0,5.56,Client sense comprar des de fa 431 dies. Historial previ de 1336 dies. Possible pèrdua de compte. Requereix trucada de reactivació.,,
38631,Sevilla,Anestesia,perdut,1.0,2223.12,3733.69,0.0,264,2025-12-01,perdut,baixa,televenda,376.0,0,5.56,Client sense comprar des de fa 264 dies. Historial previ de 1392 dies. Possible pèrdua de compte. Requereix trucada de reactivació.,,
6488,Madrid,Anestesia,perdut,1.0,2223.12,2350.89,0.0,200,2025-12-01,perdut,baixa,televenda,239.4,0,5.56,Client sense comprar des de fa 200 dies. Historial previ de 1397 dies. Possible pèrdua de compte. Requereix trucada de reactivació.,,
40371,Asturias,Anestesia,perdut,1.0,2223.12,15050.93,0.0,157,2025-12-01,perdut,baixa,televenda,148.5,8,5.56,Client sense comprar des de fa 157 dies. Historial previ de 1642 dies. Possible pèrdua de compte. Requereix trucada de reactivació.,,
40436,Barcelona,Anestesia,perdut,1.0,2223.12,5249.9,0.0,181,2025-12-01,perdut,baixa,televenda,186.4,0,5.56,Client sense comprar des de fa 181 dies. Historial previ de 1672 dies. Possible pèrdua de compte. Requereix trucada de reactivació.,,
40456,Baleares,Anestesia,perdut,1.0,2223.12,9003.57,0.0,104,2025-12-01,perdut,baixa,televenda,158.8,0,5.56,Client sense comprar des de fa 104 dies. Historial previ de 1692 dies. Possible pèrdua de compte. Requereix trucada de reactivació.,,
40511,Sevilla,Anestesia,perdut,1.0,2223.12,4244.06,0.0,402,2025-12-01,perdut,baixa,televenda,567.5,0,5.56,Client sense comprar des de fa 402 dies. Historial previ de 1537 dies. Possible pèrdua de compte. Requereix trucada de reactivació.,,
40575,Barcelona,Anestesia,perdut,1.0,2223.12,2488.01,0.0,209,2025-12-01,perdut,baixa,televenda,765.5,0,5.56,Client sense comprar des de fa 209 dies. Historial previ de 1740 dies. Possible pèrdua de compte. Requereix trucada de reactivació.,,
40604,Madrid,Anestesia,perdut,1.0,2223.12,5225.04,0.0,133,2025-12-01,perdut,baixa,televenda,231.7,0,5.56,Client sense comprar des de fa 133 dies. Historial previ de 1755 dies. Possible pèrdua de compte. Requereix trucada de reactivació.,,
40610,Cáceres,Anestesia,perdut,1.0,2223.12,8819.33,0.0,196,2025-12-01,perdut,baixa,televenda,243.7,0,5.56,Client sense comprar des de fa 196 dies. Historial previ de 1658 dies. Possible pèrdua de compte. Requereix trucada de reactivació.,,
40638,Córdoba,Anestesia,perdut,1.0,2223.12,11552.65,0.0,279,2025-12-01,perdut,baixa,televenda,305.5,0,5.56,Client sense comprar des de fa 279 dies. Historial previ de 1501 dies. Possible pèrdua de compte. Requereix trucada de reactivació.,,
40908,Huelva,Anestesia,perdut,1.0,2223.12,4468.13,0.0,202,2025-12-01,perdut,baixa,televenda,284.0,0,5.56,Client sense comprar des de fa 202 dies. Historial previ de 1622 dies. Possible pèrdua de compte. Requereix trucada de reactivació.,,
40980,La Rioja,Anestesia,perdut,1.0,2223.12,5880.27,0.0,124,2025-12-01,perdut,baixa,televenda,137.7,0,5.56,Client sense comprar des de fa 124 dies. Historial previ de 1088 dies. Possible pèrdua de compte. Requereix trucada de reactivació.,,
41012,Córdoba,Anestesia,perdut,1.0,2223.12,8548.93,0.0,129,2025-12-01,perdut,baixa,televenda,311.0,0,5.56,Client sense comprar des de fa 129 dies. Historial previ de 1684 dies. Possible pèrdua de compte. Requereix trucada de reactivació.,,
41014,Barcelona,Anestesia,perdut,1.0,2223.12,8050.66,0.0,131,2025-12-01,perdut,baixa,televenda,159.4,0,5.56,Client sense comprar des de fa 131 dies. Historial previ de 1725 dies. Possible pèrdua de compte. Requereix trucada de reactivació.,,
5939,Madrid,Anestesia,perdut,1.0,2223.12,5901.9,0.0,94,2025-12-01,perdut,baixa,televenda,267.2,0,5.56,Client sense comprar des de fa 94 dies. Historial previ de 1697 dies. Possible pèrdua de compte. Requereix trucada de reactivació.,,
5931,Madrid,Anestesia,perdut,0.812,2223.12,1805.38,417.74,174,2025-12-01,perdut,baixa,televenda,783.5,0,5.56,Client sense comprar des de fa 174 dies. Historial previ de 1741 dies. Possible pèrdua de compte. Requereix trucada de reactivació.,,
41140,Barcelona,Anestesia,perdut,1.0,2223.12,5077.23,0.0,95,2025-12-01,perdut,baixa,televenda,209.0,0,5.56,Client sense comprar des de fa 95 dies. Historial previ de 1767 dies. Possible pèrdua de compte. Requereix trucada de reactivació.,,
41235,Valencia,Anestesia,perdut,1.0,2223.12,3279.59,0.0,136,2025-12-01,perdut,baixa,televenda,329.0,0,5.56,Client sense comprar des de fa 136 dies. Historial previ de 1452 dies. Possible pèrdua de compte. Requereix trucada de reactivació.,,
5802,Sta.Cruz Tenerife,Anestesia,perdut,1.0,2223.12,5984.55,0.0,157,2025-12-01,perdut,baixa,televenda,229.3,0,5.56,Client sense comprar des de fa 157 dies. Historial previ de 1762 dies. Possible pèrdua de compte. Requereix trucada de reactivació.,,
28605,Salamanca,Anestesia,perdut,1.0,2223.12,3175.61,0.0,196,2025-12-01,perdut,baixa,televenda,705.5,0,5.56,Client sense comprar des de fa 196 dies. Historial previ de 1607 dies. Possible pèrdua de compte. Requereix trucada de reactivació.,,
7598,Huelva,Anestesia,perdut,1.0,2223.12,7437.38,0.0,122,2025-12-01,perdut,baixa,televenda,491.0,0,5.56,Client sense comprar des de fa 122 dies. Historial previ de 1595 dies. Possible pèrdua de compte. Requereix trucada de reactivació.,,
28462,Sevilla,Anestesia,perdut,1.0,2223.12,4475.45,0.0,194,2025-12-01,perdut,baixa,televenda,376.0,0,5.56,Client sense comprar des de fa 194 dies. Historial previ de 1698 dies. Possible pèrdua de compte. Requereix trucada de reactivació.,,
13810,Cádiz,Anestesia,perdut,1.0,2223.12,5839.02,0.0,206,2025-12-01,perdut,baixa,televenda,253.3,0,5.56,Client sense comprar des de fa 206 dies. Historial previ de 1726 dies. Possible pèrdua de compte. Requereix trucada de reactivació.,,
14519,Badajoz,Anestesia,perdut,1.0,2223.12,4769.91,0.0,102,2025-12-01,perdut,baixa,televenda,311.2,0,5.56,Client sense comprar des de fa 102 dies. Historial previ de 1347 dies. Possible pèrdua de compte. Requereix trucada de reactivació.,,
14063,Álava,Anestesia,perdut,1.0,2223.12,6653.92,0.0,279,2025-12-01,perdut,baixa,televenda,297.0,0,5.56,Client sense comprar des de fa 279 dies. Historial previ de 1764 dies. Possible pèrdua de compte. Requereix trucada de reactivació.,,
13961,Cáceres,Anestesia,perdut,1.0,2223.12,8215.46,0.0,202,2025-12-01,perdut,baixa,televenda,225.0,0,5.56,Client sense comprar des de fa 202 dies. Historial previ de 1552 dies. Possible pèrdua de compte. Requereix trucada de reactivació.,,
13938,Cádiz,Anestesia,perdut,1.0,2223.12,6385.37,0.0,186,2025-12-01,perdut,baixa,televenda,199.0,0,5.56,Client sense comprar des de fa 186 dies. Historial previ de 1778 dies. Possible pèrdua de compte. Requereix trucada de reactivació.,,
13879,Cádiz,Anestesia,perdut,1.0,2223.12,11418.95,0.0,143,2025-12-01,perdut,baixa,televenda,233.3,0,5.56,Client sense comprar des de fa 143 dies. Historial previ de 1776 dies. Possible pèrdua de compte. Requereix trucada de reactivació.,,
13844,Cádiz,Anestesia,perdut,1.0,2223.12,4726.49,0.0,203,2025-12-01,perdut,baixa,televenda,218.9,0,5.56,Client sense comprar des de fa 203 dies. Historial previ de 1735 dies. Possible pèrdua de compte. Requereix trucada de reactivació.,,
13650,Barcelona,Anestesia,perdut,1.0,2223.12,4158.78,0.0,266,2025-12-01,perdut,baixa,televenda,309.8,0,5.56,Client sense comprar des de fa 266 dies. Historial previ de 1505 dies. Possible pèrdua de compte. Requereix trucada de reactivació.,,
12727,Granada,Anestesia,perdut,1.0,2223.12,2425.44,0.0,320,2025-12-01,perdut,baixa,televenda,359.2,0,5.56,Client sense comprar des de fa 320 dies. Historial previ de 1757 dies. Possible pèrdua de compte. Requereix trucada de reactivació.,,
13583,Burgos,Anestesia,perdut,1.0,2223.12,3517.42,0.0,266,2025-12-01,perdut,baixa,televenda,291.2,0,5.56,Client sense comprar des de fa 266 dies. Historial previ de 1722 dies. Possible pèrdua de compte. Requereix trucada de reactivació.,,
13420,Barcelona,Anestesia,perdut,1.0,2223.12,4245.07,0.0,181,2025-12-01,perdut,baixa,televenda,192.6,0,5.56,Client sense comprar des de fa 181 dies. Historial previ de 1529 dies. Possible pèrdua de compte. Requereix trucada de reactivació.,,
13417,Barcelona,Anestesia,perdut,1.0,2223.12,6388.52,0.0,161,2025-12-01,perdut,baixa,televenda,196.8,0,5.56,Client sense comprar des de fa 161 dies. Historial previ de 1735 dies. Possible pèrdua de compte. Requereix trucada de reactivació.,,
13322,Barcelona,Anestesia,perdut,1.0,2223.12,3454.35,0.0,251,2025-12-01,perdut,baixa,televenda,471.3,0,5.56,Client sense comprar des de fa 251 dies. Historial previ de 1665 dies. Possible pèrdua de compte. Requereix trucada de reactivació.,,
12828,Barcelona,Anestesia,perdut,1.0,2223.12,7700.03,0.0,97,2025-12-01,perdut,baixa,televenda,210.1,0,5.56,Client sense comprar des de fa 97 dies. Historial previ de 1778 dies. Possible pèrdua de compte. Requereix trucada de reactivació.,,
12821,Barcelona,Anestesia,perdut,1.0,2223.12,5281.28,0.0,322,2025-12-01,perdut,baixa,televenda,340.2,0,5.56,Client sense comprar des de fa 322 dies. Historial previ de 1683 dies. Possible pèrdua de compte. Requereix trucada de reactivació.,,
14557,Ávila,Anestesia,perdut,1.0,2223.12,3538.35,0.0,255,2025-12-01,perdut,baixa,televenda,331.8,0,5.56,Client sense comprar des de fa 255 dies. Historial previ de 1582 dies. Possible pèrdua de compte. Requereix trucada de reactivació.,,
14837,Barcelona,Anestesia,perdut,1.0,2223.12,3550.72,0.0,250,2025-12-01,perdut,baixa,televenda,308.2,0,5.56,Client sense comprar des de fa 250 dies. Historial previ de 1483 dies. Possible pèrdua de compte. Requereix trucada de reactivació.,,
14918,Barcelona,Anestesia,perdut,1.0,2223.12,3118.13,0.0,273,2025-12-01,perdut,baixa,televenda,340.2,0,5.56,Client sense comprar des de fa 273 dies. Historial previ de 1634 dies. Possible pèrdua de compte. Requereix trucada de reactivació.,,
15264,Cáceres,Anestesia,perdut,1.0,2223.12,3962.25,0.0,161,2025-12-01,perdut,baixa,televenda,726.5,0,5.56,Client sense comprar des de fa 161 dies. Historial previ de 1614 dies. Possible pèrdua de compte. Requereix trucada de reactivació.,,
15577,Vizcaya,Anestesia,perdut,1.0,2223.12,9130.7,0.0,180,2025-12-01,perdut,baixa,televenda,225.1,0,5.56,Client sense comprar des de fa 180 dies. Historial previ de 1756 dies. Possible pèrdua de compte. Requereix trucada de reactivació.,,
15647,Baleares,Anestesia,perdut,1.0,2223.12,4627.62,0.0,137,2025-12-01,perdut,baixa,televenda,163.8,0,5.56,Client sense comprar des de fa 137 dies. Historial previ de 956 dies. Possible pèrdua de compte. Requereix trucada de reactivació.,,
16304,A Coruña,Anestesia,perdut,1.0,2223.12,3864.48,0.0,409,2025-12-01,perdut,baixa,televenda,425.3,0,5.56,Client sense comprar des de fa 409 dies. Historial previ de 1685 dies. Possible pèrdua de compte. Requereix trucada de reactivació.,,
16706,Madrid,Anestesia,perdut,1.0,2223.12,8154.57,0.0,220,2025-12-01,perdut,baixa,televenda,207.0,13,5.56,Client sense comprar des de fa 220 dies. Historial previ de 1669 dies. Possible pèrdua de compte. Requereix trucada de reactivació.,,
16742,Madrid,Anestesia,perdut,0.724,2223.12,1610.2,612.92,187,2025-12-01,perdut,baixa,televenda,219.0,0,5.56,Client sense comprar des de fa 187 dies. Historial previ de 1720 dies. Possible pèrdua de compte. Requereix trucada de reactivació.,,
16754,Barcelona,Anestesia,perdut,1.0,2223.12,4675.74,0.0,150,2025-12-01,perdut,baixa,televenda,380.8,0,5.56,Client sense comprar des de fa 150 dies. Historial previ de 1673 dies. Possible pèrdua de compte. Requereix trucada de reactivació.,,
16816,Madrid,Anestesia,perdut,0.676,2223.12,1503.13,719.99,97,2025-12-01,perdut,baixa,televenda,780.5,0,5.56,Client sense comprar des de fa 97 dies. Historial previ de 1658 dies. Possible pèrdua de compte. Requereix trucada de reactivació.,,
17196,Málaga,Anestesia,perdut,1.0,2223.12,2325.64,0.0,251,2025-12-01,perdut,baixa,televenda,244.0,7,5.56,Client sense comprar des de fa 251 dies. Historial previ de 1715 dies. Possible pèrdua de compte. Requereix trucada de reactivació.,,
17596,Soria,Anestesia,perdut,0.852,2223.12,1894.33,328.79,361,2025-12-01,perdut,baixa,televenda,474.7,0,5.56,Client sense comprar des de fa 361 dies. Historial previ de 1785 dies. Possible pèrdua de compte. Requereix trucada de reactivació.,,
17904,León,Anestesia,perdut,1.0,2223.12,5940.38,0.0,186,2025-12-01,perdut,baixa,televenda,298.2,0,5.56,Client sense comprar des de fa 186 dies. Historial previ de 1677 dies. Possible pèrdua de compte. Requereix trucada de reactivació.,,
19350,Asturias,Anestesia,perdut,1.0,2223.12,3011.52,0.0,270,2025-12-01,perdut,baixa,televenda,286.0,0,5.56,Client sense comprar des de fa 270 dies. Historial previ de 1700 dies. Possible pèrdua de compte. Requereix trucada de reactivació.,,
19776,Lugo,Anestesia,perdut,1.0,2223.12,3295.4,0.0,97,2025-12-01,perdut,baixa,televenda,278.8,0,5.56,Client sense comprar des de fa 97 dies. Historial previ de 1770 dies. Possible pèrdua de compte. Requereix trucada de reactivació.,,
20179,Madrid,Bioseguridad,perdut,0.729,2223.12,1620.8,602.32,202,2025-12-01,perdut,baixa,televenda,530.0,0,5.56,Client sense comprar des de fa 202 dies. Historial previ de 1792 dies. Possible pèrdua de compte. Requereix trucada de reactivació.,,
12755,Granada,Anestesia,perdut,0.732,2223.12,1626.26,596.86,178,2025-12-01,perdut,baixa,televenda,582.0,0,5.56,Client sense comprar des de fa 178 dies. Historial previ de 1342 dies. Possible pèrdua de compte. Requereix trucada de reactivació.,,
12425,Granada,Anestesia,perdut,1.0,2223.12,3092.5,0.0,544,2025-12-01,perdut,baixa,televenda,622.0,0,5.56,Client sense comprar des de fa 544 dies. Historial previ de 1788 dies. Possible pèrdua de compte. Requereix trucada de reactivació.,,
28408,A Coruña,Anestesia,perdut,1.0,2223.12,2292.56,0.0,320,2025-12-01,perdut,baixa,televenda,403.3,0,5.56,Client sense comprar des de fa 320 dies. Historial previ de 1530 dies. Possible pèrdua de compte. Requereix trucada de reactivació.,,
8813,Madrid,Anestesia,perdut,1.0,2223.12,4481.45,0.0,152,2025-12-01,perdut,baixa,televenda,326.0,0,5.56,Client sense comprar des de fa 152 dies. Historial previ de 1782 dies. Possible pèrdua de compte. Requereix trucada de reactivació.,,
10444,Madrid,Anestesia,perdut,1.0,2223.12,5981.46,0.0,188,2025-12-01,perdut,baixa,televenda,193.9,0,5.56,Client sense comprar des de fa 188 dies. Historial previ de 1545 dies. Possible pèrdua de compte. Requereix trucada de reactivació.,,
10401,Sta.Cruz Tenerife,Anestesia,perdut,0.547,2223.12,1216.86,1006.26,188,2025-12-01,perdut,baixa,televenda,203.0,0,5.56,Client sense comprar des de fa 188 dies. Historial previ de 1609 dies. Possible pèrdua de compte. Requereix trucada de reactivació.,,
10234,Las Palmas,Bioseguridad,perdut,0.759,2223.12,1687.13,535.99,124,2025-12-01,perdut,baixa,televenda,735.0,0,5.56,Client sense comprar des de fa 124 dies. Historial previ de 1594 dies. Possible pèrdua de compte. Requereix trucada de reactivació.,,
10006,Alicante,Anestesia,perdut,1.0,2223.12,3058.37,0.0,193,2025-12-01,perdut,baixa,televenda,240.7,0,5.56,Client sense comprar des de fa 193 dies. Historial previ de 1637 dies. Possible pèrdua de compte. Requereix trucada de reactivació.,,
9908,Valladolid,Anestesia,perdut,1.0,2223.12,2467.47,0.0,138,2025-12-01,perdut,baixa,televenda,391.8,0,5.56,Client sense comprar des de fa 138 dies. Historial previ de 1705 dies. Possible pèrdua de compte. Requereix trucada de reactivació.,,
9892,Granada,Anestesia,perdut,1.0,2223.12,2679.96,0.0,146,2025-12-01,perdut,baixa,televenda,208.9,0,5.56,Client sense comprar des de fa 146 dies. Historial previ de 1608 dies. Possible pèrdua de compte. Requereix trucada de reactivació.,,
9754,Madrid,Anestesia,perdut,1.0,2223.12,2869.9,0.0,265,2025-12-01,perdut,baixa,televenda,387.7,0,5.56,Client sense comprar des de fa 265 dies. Historial previ de 1428 dies. Possible pèrdua de compte. Requereix trucada de reactivació.,,
12213,Girona,Anestesia,perdut,1.0,2223.12,5421.75,0.0,234,2025-12-01,perdut,baixa,televenda,283.0,0,5.56,Client sense comprar des de fa 234 dies. Historial previ de 1649 dies. Possible pèrdua de compte. Requereix trucada de reactivació.,,
9546,Madrid,Anestesia,perdut,1.0,2223.12,3193.68,0.0,97,2025-12-01,perdut,baixa,televenda,363.5,0,5.56,Client sense comprar des de fa 97 dies. Historial previ de 1551 dies. Possible pèrdua de compte. Requereix trucada de reactivació.,,
9520,Barcelona,Anestesia,perdut,1.0,2223.12,5089.76,0.0,132,2025-12-01,perdut,baixa,televenda,182.7,0,5.56,Client sense comprar des de fa 132 dies. Historial previ de 1776 dies. Possible pèrdua de compte. Requereix trucada de reactivació.,,
9478,Sevilla,Anestesia,perdut,0.736,2223.12,1637.07,586.05,251,2025-12-01,perdut,baixa,televenda,691.5,0,5.56,Client sense comprar des de fa 251 dies. Historial previ de 1634 dies. Possible pèrdua de compte. Requereix trucada de reactivació.,,
9051,Madrid,Anestesia,perdut,0.987,2223.12,2193.2,29.92,129,2025-12-01,perdut,baixa,televenda,325.4,0,5.56,Client sense comprar des de fa 129 dies. Historial previ de 1756 dies. Possible pèrdua de compte. Requereix trucada de reactivació.,,
8850,Lugo,Anestesia,perdut,1.0,2223.12,7472.9,0.0,185,2025-12-01,perdut,baixa,televenda,255.2,0,5.56,Client sense comprar des de fa 185 dies. Historial previ de 1461 dies. Possible pèrdua de compte. Requereix trucada de reactivació.,,
8896,Madrid,Anestesia,perdut,1.0,2223.12,4253.74,0.0,242,2025-12-01,perdut,baixa,televenda,285.6,0,5.56,Client sense comprar des de fa 242 dies. Historial previ de 1670 dies. Possible pèrdua de compte. Requereix trucada de reactivació.,,
10445,Madrid,Anestesia,perdut,0.701,2223.12,1558.79,664.33,208,2025-12-01,perdut,baixa,televenda,589.0,0,5.56,Client sense comprar des de fa 208 dies. Historial previ de 1386 dies. Possible pèrdua de compte. Requereix trucada de reactivació.,,
10449,Ciudad Real,Anestesia,perdut,1.0,2223.12,11607.2,0.0,123,2025-12-01,perdut,baixa,televenda,276.5,0,5.56,Client sense comprar des de fa 123 dies. Historial previ de 1782 dies. Possible pèrdua de compte. Requereix trucada de reactivació.,,
10451,Madrid,Anestesia,perdut,1.0,2223.12,2230.69,0.0,425,2025-12-01,perdut,baixa,televenda,447.5,0,5.56,Client sense comprar des de fa 425 dies. Historial previ de 1320 dies. Possible pèrdua de compte. Requereix trucada de reactivació.,,
10537,Vizcaya,Anestesia,perdut,1.0,2223.12,4043.36,0.0,257,2025-12-01,perdut,baixa,televenda,291.4,0,5.56,Client sense comprar des de fa 257 dies. Historial previ de 1714 dies. Possible pèrdua de compte. Requereix trucada de reactivació.,,
10699,Vizcaya,Anestesia,perdut,1.0,2223.12,3628.9,0.0,279,2025-12-01,perdut,baixa,televenda,332.0,0,5.56,Client sense comprar des de fa 279 dies. Historial previ de 1607 dies. Possible pèrdua de compte. Requereix trucada de reactivació.,,
10826,Zaragoza,Anestesia,perdut,1.0,2223.12,6405.38,0.0,91,2025-12-01,perdut,baixa,televenda,130.8,0,5.56,Client sense comprar des de fa 91 dies. Historial previ de 1792 dies. Possible pèrdua de compte. Requereix trucada de reactivació.,,
10923,Vizcaya,Anestesia,perdut,0.901,2223.12,2002.48,220.64,221,2025-12-01,perdut,baixa,televenda,278.0,0,5.56,Client sense comprar des de fa 221 dies. Historial previ de 1055 dies. Possible pèrdua de compte. Requereix trucada de reactivació.,,
10994,Valencia,Bioseguridad,perdut,1.0,2223.12,3212.75,0.0,353,2025-12-01,perdut,baixa,televenda,358.3,0,5.56,Client sense comprar des de fa 353 dies. Historial previ de 1428 dies. Possible pèrdua de compte. Requereix trucada de reactivació.,,
10996,Almería,Anestesia,perdut,1.0,2223.12,3380.26,0.0,168,2025-12-01,perdut,baixa,televenda,175.8,0,5.56,Client sense comprar des de fa 168 dies. Historial previ de 1750 dies. Possible pèrdua de compte. Requereix trucada de reactivació.,,
11020,Cantabria,Anestesia,perdut,1.0,2223.12,7210.12,0.0,166,2025-12-01,perdut,baixa,televenda,228.9,0,5.56,Client sense comprar des de fa 166 dies. Historial previ de 1768 dies. Possible pèrdua de compte. Requereix trucada de reactivació.,,
11125,Zaragoza,Anestesia,perdut,1.0,2223.12,4783.98,0.0,181,2025-12-01,perdut,baixa,televenda,363.8,0,5.56,Client sense comprar des de fa 181 dies. Historial previ de 1636 dies. Possible pèrdua de compte. Requereix trucada de reactivació.,,
11378,Burgos,Anestesia,perdut,1.0,2223.12,9155.32,0.0,103,2025-12-01,perdut,baixa,televenda,138.8,0,5.56,Client sense comprar des de fa 103 dies. Historial previ de 1769 dies. Possible pèrdua de compte. Requereix trucada de reactivació.,,
11426,Vizcaya,Anestesia,perdut,1.0,2223.12,10183.05,0.0,150,2025-12-01,perdut,baixa,televenda,316.8,0,5.56,Client sense comprar des de fa 150 dies. Historial previ de 1734 dies. Possible pèrdua de compte. Requereix trucada de reactivació.,,
11728,Córdoba,Anestesia,perdut,1.0,2223.12,4238.83,0.0,305,2025-12-01,perdut,baixa,televenda,306.0,0,5.56,Client sense comprar des de fa 305 dies. Historial previ de 1529 dies. Possible pèrdua de compte. Requereix trucada de reactivació.,,
11829,Ciudad Real,Anestesia,perdut,1.0,2223.12,4448.27,0.0,143,2025-12-01,perdut,baixa,televenda,198.1,0,5.56,Client sense comprar des de fa 143 dies. Historial previ de 1530 dies. Possible pèrdua de compte. Requereix trucada de reactivació.,,
11981,A Coruña,Anestesia,perdut,1.0,2223.12,5059.09,0.0,178,2025-12-01,perdut,baixa,televenda,362.8,0,5.56,Client sense comprar des de fa 178 dies. Historial previ de 1629 dies. Possible pèrdua de compte. Requereix trucada de reactivació.,,
12209,Girona,Anestesia,perdut,1.0,2223.12,7808.3,0.0,179,2025-12-01,perdut,baixa,televenda,319.4,0,5.56,Client sense comprar des de fa 179 dies. Historial previ de 1776 dies. Possible pèrdua de compte. Requereix trucada de reactivació.,,
20265,Madrid,Anestesia,perdut,0.952,2223.12,2116.43,106.69,318,2025-12-01,perdut,baixa,televenda,337.8,0,5.56,Client sense comprar des de fa 318 dies. Historial previ de 1669 dies. Possible pèrdua de compte. Requereix trucada de reactivació.,,
20330,Alicante,Anestesia,perdut,1.0,2223.12,3883.41,0.0,102,2025-12-01,perdut,baixa,televenda,191.9,0,5.56,Client sense comprar des de fa 102 dies. Historial previ de 1637 dies. Possible pèrdua de compte. Requereix trucada de reactivació.,,
20780,León,Anestesia,perdut,1.0,2223.12,5993.35,0.0,130,2025-12-01,perdut,baixa,televenda,302.8,0,5.56,Client sense comprar des de fa 130 dies. Historial previ de 1644 dies. Possible pèrdua de compte. Requereix trucada de reactivació.,,
7919,Madrid,Anestesia,perdut,1.0,2223.12,3980.5,0.0,143,2025-12-01,perdut,baixa,televenda,263.6,0,5.56,Client sense comprar des de fa 143 dies. Historial previ de 1461 dies. Possible pèrdua de compte. Requereix trucada de reactivació.,,
26402,Madrid,Anestesia,perdut,1.0,2223.12,4593.73,0.0,136,2025-12-01,perdut,baixa,televenda,146.6,0,5.56,Client sense comprar des de fa 136 dies. Historial previ de 1749 dies. Possible pèrdua de compte. Requereix trucada de reactivació.,,
26346,Huelva,Bioseguridad,perdut,0.849,2223.12,1888.15,334.97,136,2025-12-01,perdut,baixa,televenda,687.0,0,5.56,Client sense comprar des de fa 136 dies. Historial previ de 1510 dies. Possible pèrdua de compte. Requereix trucada de reactivació.,,
26298,La Rioja,Anestesia,perdut,1.0,2223.12,5771.49,0.0,152,2025-12-01,perdut,baixa,televenda,161.9,0,5.56,Client sense comprar des de fa 152 dies. Historial previ de 1609 dies. Possible pèrdua de compte. Requereix trucada de reactivació.,,
26282,Granada,Anestesia,perdut,1.0,2223.12,5630.41,0.0,180,2025-12-01,perdut,baixa,televenda,379.5,0,5.56,Client sense comprar des de fa 180 dies. Historial previ de 1698 dies. Possible pèrdua de compte. Requereix trucada de reactivació.,,
26221,Madrid,Anestesia,perdut,1.0,2223.12,5187.54,0.0,208,2025-12-01,perdut,baixa,televenda,356.5,0,5.56,Client sense comprar des de fa 208 dies. Historial previ de 1634 dies. Possible pèrdua de compte. Requereix trucada de reactivació.,,
26008,Badajoz,Anestesia,perdut,1.0,2223.12,11170.34,0.0,136,2025-12-01,perdut,baixa,televenda,149.1,0,5.56,Client sense comprar des de fa 136 dies. Historial previ de 1627 dies. Possible pèrdua de compte. Requereix trucada de reactivació.,,
25715,Toledo,Anestesia,perdut,1.0,2223.12,5952.1,0.0,194,2025-12-01,perdut,baixa,televenda,253.5,0,5.56,Client sense comprar des de fa 194 dies. Historial previ de 1715 dies. Possible pèrdua de compte. Requereix trucada de reactivació.,,
21248,Guadalajara,Anestesia,perdut,1.0,2223.12,3687.17,0.0,248,2025-12-01,perdut,baixa,televenda,246.8,1,5.56,Client sense comprar des de fa 248 dies. Historial previ de 1235 dies. Possible pèrdua de compte. Requereix trucada de reactivació.,,
25533,Barcelona,Anestesia,perdut,1.0,2223.12,4321.69,0.0,202,2025-12-01,perdut,baixa,televenda,316.0,0,5.56,Client sense comprar des de fa 202 dies. Historial previ de 1466 dies. Possible pèrdua de compte. Requereix trucada de reactivació.,,
25518,Asturias,Anestesia,perdut,1.0,2223.12,8042.45,0.0,152,2025-12-01,perdut,baixa,televenda,181.8,0,5.56,Client sense comprar des de fa 152 dies. Historial previ de 1788 dies. Possible pèrdua de compte. Requereix trucada de reactivació.,,
25314,Girona,Anestesia,perdut,1.0,2223.12,5191.49,0.0,129,2025-12-01,perdut,baixa,televenda,231.6,0,5.56,Client sense comprar des de fa 129 dies. Historial previ de 1750 dies. Possible pèrdua de compte. Requereix trucada de reactivació.,,
25219,Albacete,Bioseguridad,perdut,0.95,2223.12,2112.3,110.82,152,2025-12-01,perdut,baixa,televenda,252.2,0,5.56,Client sense comprar des de fa 152 dies. Historial previ de 1665 dies. Possible pèrdua de compte. Requereix trucada de reactivació.,,
25211,Madrid,Anestesia,perdut,1.0,2223.12,3010.52,0.0,173,2025-12-01,perdut,baixa,televenda,348.5,0,5.56,Client sense comprar des de fa 173 dies. Historial previ de 1567 dies. Possible pèrdua de compte. Requereix trucada de reactivació.,,
24966,Badajoz,Anestesia,perdut,1.0,2223.12,2818.17,0.0,544,2025-12-01,perdut,baixa,televenda,539.0,5,5.56,Client sense comprar des de fa 544 dies. Historial previ de 1622 dies. Possible pèrdua de compte. Requereix trucada de reactivació.,,
26574,Granada,Anestesia,perdut,1.0,2223.12,3400.94,0.0,167,2025-12-01,perdut,baixa,televenda,681.5,0,5.56,Client sense comprar des de fa 167 dies. Historial previ de 1530 dies. Possible pèrdua de compte. Requereix trucada de reactivació.,,
26766,Sevilla,Anestesia,perdut,1.0,2223.12,6738.56,0.0,243,2025-12-01,perdut,baixa,televenda,288.2,0,5.56,Client sense comprar des de fa 243 dies. Historial previ de 1684 dies. Possible pèrdua de compte. Requereix trucada de reactivació.,,
26789,Barcelona,Anestesia,perdut,1.0,2223.12,9599.39,0.0,150,2025-12-01,perdut,baixa,televenda,144.5,5,5.56,Client sense comprar des de fa 150 dies. Historial previ de 1739 dies. Possible pèrdua de compte. Requereix trucada de reactivació.,,
27059,Málaga,Anestesia,perdut,1.0,2223.12,13395.24,0.0,101,2025-12-01,perdut,baixa,televenda,139.5,0,5.56,Client sense comprar des de fa 101 dies. Historial previ de 1775 dies. Possible pèrdua de compte. Requereix trucada de reactivació.,,
27159,Vizcaya,Anestesia,perdut,1.0,2223.12,4326.82,0.0,201,2025-12-01,perdut,baixa,televenda,221.0,0,5.56,Client sense comprar des de fa 201 dies. Historial previ de 1306 dies. Possible pèrdua de compte. Requereix trucada de reactivació.,,
27193,Valencia,Anestesia,perdut,1.0,2223.12,4939.37,0.0,276,2025-12-01,perdut,baixa,televenda,376.0,0,5.56,Client sense comprar des de fa 276 dies. Historial previ de 1404 dies. Possible pèrdua de compte. Requereix trucada de reactivació.,,
27272,Salamanca,Anestesia,perdut,0.9,2223.12,2000.41,222.71,178,2025-12-01,perdut,baixa,televenda,320.2,0,5.56,Client sense comprar des de fa 178 dies. Historial previ de 1459 dies. Possible pèrdua de compte. Requereix trucada de reactivació.,,
27316,Cuenca,Anestesia,perdut,1.0,2223.12,3070.02,0.0,369,2025-12-01,perdut,baixa,televenda,370.7,0,5.56,Client sense comprar des de fa 369 dies. Historial previ de 1481 dies. Possible pèrdua de compte. Requereix trucada de reactivació.,,
27465,Madrid,Anestesia,perdut,1.0,2223.12,3948.9,0.0,91,2025-12-01,perdut,baixa,televenda,321.8,0,5.56,Client sense comprar des de fa 91 dies. Historial previ de 1700 dies. Possible pèrdua de compte. Requereix trucada de reactivació.,,
27520,León,Anestesia,perdut,1.0,2223.12,5792.09,0.0,139,2025-12-01,perdut,baixa,televenda,431.7,0,5.56,Client sense comprar des de fa 139 dies. Historial previ de 1434 dies. Possible pèrdua de compte. Requereix trucada de reactivació.,,
27567,Granada,Anestesia,perdut,1.0,2223.12,5154.22,0.0,277,2025-12-01,perdut,baixa,televenda,422.7,0,5.56,Client sense comprar des de fa 277 dies. Historial previ de 1545 dies. Possible pèrdua de compte. Requereix trucada de reactivació.,,
27724,Las Palmas,Anestesia,perdut,0.555,2223.12,1232.88,990.24,145,2025-12-01,perdut,baixa,televenda,269.8,0,5.56,Client sense comprar des de fa 145 dies. Historial previ de 1764 dies. Possible pèrdua de compte. Requereix trucada de reactivació.,,
27826,Granada,Anestesia,perdut,1.0,2223.12,3098.48,0.0,285,2025-12-01,perdut,baixa,televenda,304.8,0,5.56,Client sense comprar des de fa 285 dies. Historial previ de 1504 dies. Possible pèrdua de compte. Requereix trucada de reactivació.,,
7648,León,Anestesia,perdut,1.0,2223.12,5313.89,0.0,181,2025-12-01,perdut,baixa,televenda,268.0,0,5.56,Client sense comprar des de fa 181 dies. Historial previ de 1789 dies. Possible pèrdua de compte. Requereix trucada de reactivació.,,
28064,Girona,Anestesia,perdut,1.0,2223.12,4170.45,0.0,158,2025-12-01,perdut,baixa,televenda,221.8,0,5.56,Client sense comprar des de fa 158 dies. Historial previ de 1489 dies. Possible pèrdua de compte. Requereix trucada de reactivació.,,
28105,Granada,Anestesia,perdut,1.0,2223.12,4623.93,0.0,279,2025-12-01,perdut,baixa,televenda,492.0,0,5.56,Client sense comprar des de fa 279 dies. Historial previ de 1755 dies. Possible pèrdua de compte. Requereix trucada de reactivació.,,
28129,Jaén,Anestesia,perdut,1.0,2223.12,2513.27,0.0,444,2025-12-01,perdut,baixa,televenda,449.0,0,5.56,Client sense comprar des de fa 444 dies. Historial previ de 1791 dies. Possible pèrdua de compte. Requereix trucada de reactivació.,,
7971,Madrid,Anestesia,perdut,1.0,2223.12,2227.67,0.0,259,2025-12-01,perdut,baixa,televenda,363.0,0,5.56,Client sense comprar des de fa 259 dies. Historial previ de 1348 dies. Possible pèrdua de compte. Requereix trucada de reactivació.,,
24561,Segovia,Anestesia,perdut,0.558,2223.12,1240.89,982.23,150,2025-12-01,perdut,baixa,televenda,250.5,0,5.56,Client sense comprar des de fa 150 dies. Historial previ de 651 dies. Possible pèrdua de compte. Requereix trucada de reactivació.,,
24539,Granada,Anestesia,perdut,1.0,2223.12,2752.68,0.0,151,2025-12-01,perdut,baixa,televenda,201.6,0,5.56,Client sense comprar des de fa 151 dies. Historial previ de 1764 dies. Possible pèrdua de compte. Requereix trucada de reactivació.,,
22729,Barcelona,Anestesia,perdut,1.0,2223.12,3718.07,0.0,178,2025-12-01,perdut,baixa,televenda,297.2,0,5.56,Client sense comprar des de fa 178 dies. Historial previ de 1664 dies. Possible pèrdua de compte. Requereix trucada de reactivació.,,
21294,Madrid,Anestesia,perdut,0.639,2223.12,1421.68,801.44,376,2025-12-01,perdut,baixa,televenda,653.5,0,5.56,Client sense comprar des de fa 376 dies. Historial previ de 1683 dies. Possible pèrdua de compte. Requereix trucada de reactivació.,,
21405,Cádiz,Anestesia,perdut,0.782,2223.12,1737.67,485.45,285,2025-12-01,perdut,baixa,televenda,347.8,0,5.56,Client sense comprar des de fa 285 dies. Historial previ de 1676 dies. Possible pèrdua de compte. Requereix trucada de reactivació.,,
21547,Madrid,Anestesia,perdut,0.969,2223.12,2153.32,69.8,210,2025-12-01,perdut,baixa,televenda,520.3,0,5.56,Client sense comprar des de fa 210 dies. Historial previ de 1771 dies. Possible pèrdua de compte. Requereix trucada de reactivació.,,
21756,Albacete,Anestesia,perdut,0.928,2223.12,2064.14,158.98,207,2025-12-01,perdut,baixa,televenda,460.0,0,5.56,Client sense comprar des de fa 207 dies. Historial previ de 1127 dies. Possible pèrdua de compte. Requereix trucada de reactivació.,,
21812,Madrid,Anestesia,perdut,1.0,2223.12,6680.06,0.0,175,2025-12-01,perdut,baixa,televenda,265.4,0,5.56,Client sense comprar des de fa 175 dies. Historial previ de 1502 dies. Possible pèrdua de compte. Requereix trucada de reactivació.,,
21989,Toledo,Anestesia,perdut,1.0,2223.12,6843.29,0.0,137,2025-12-01,perdut,baixa,televenda,216.4,0,5.56,Client sense comprar des de fa 137 dies. Historial previ de 1652 dies. Possible pèrdua de compte. Requereix trucada de reactivació.,,
22211,Granada,Anestesia,perdut,1.0,2223.12,4165.17,0.0,152,2025-12-01,perdut,baixa,televenda,247.5,0,5.56,Client sense comprar des de fa 152 dies. Historial previ de 1637 dies. Possible pèrdua de compte. Requereix trucada de reactivació.,,
22281,Granada,Anestesia,perdut,1.0,2223.12,5776.29,0.0,194,2025-12-01,perdut,baixa,televenda,260.2,0,5.56,Client sense comprar des de fa 194 dies. Historial previ de 1755 dies. Possible pèrdua de compte. Requereix trucada de reactivació.,,
22282,Madrid,Anestesia,perdut,1.0,2223.12,3782.55,0.0,151,2025-12-01,perdut,baixa,televenda,179.7,0,5.56,Client sense comprar des de fa 151 dies. Historial previ de 1768 dies. Possible pèrdua de compte. Requereix trucada de reactivació.,,
22405,Asturias,Anestesia,perdut,0.513,2223.12,1141.55,1081.57,140,2025-12-01,perdut,baixa,televenda,1445.0,0,5.56,Client sense comprar des de fa 140 dies. Historial previ de 1585 dies. Possible pèrdua de compte. Requereix trucada de reactivació.,,
22450,Navarra,Anestesia,perdut,1.0,2223.12,7704.44,0.0,257,2025-12-01,perdut,baixa,televenda,255.7,1,5.56,Client sense comprar des de fa 257 dies. Historial previ de 1791 dies. Possible pèrdua de compte. Requereix trucada de reactivació.,,
22675,Granada,Anestesia,perdut,1.0,2223.12,4028.56,0.0,166,2025-12-01,perdut,baixa,televenda,451.0,0,5.56,Client sense comprar des de fa 166 dies. Historial previ de 1519 dies. Possible pèrdua de compte. Requereix trucada de reactivació.,,
22691,Palencia,Anestesia,perdut,0.886,2223.12,1968.97,254.15,405,2025-12-01,perdut,baixa,televenda,544.5,0,5.56,Client sense comprar des de fa 405 dies. Historial previ de 1494 dies. Possible pèrdua de compte. Requereix trucada de reactivació.,,
22703,León,Anestesia,perdut,0.902,2223.12,2004.57,218.55,314,2025-12-01,perdut,baixa,televenda,464.7,0,5.56,Client sense comprar des de fa 314 dies. Historial previ de 1708 dies. Possible pèrdua de compte. Requereix trucada de reactivació.,,
8177,Las Palmas,Bioseguridad,perdut,0.83,2223.12,1844.37,378.75,328,2025-12-01,perdut,baixa,televenda,419.5,0,5.56,Client sense comprar des de fa 328 dies. Historial previ de 1167 dies. Possible pèrdua de compte. Requereix trucada de reactivació.,,
24330,Valladolid,Anestesia,perdut,1.0,2223.12,3221.57,0.0,153,2025-12-01,perdut,baixa,televenda,242.8,0,5.56,Client sense comprar des de fa 153 dies. Historial previ de 1610 dies. Possible pèrdua de compte. Requereix trucada de reactivació.,,
23072,Gipúzkoa,Anestesia,perdut,1.0,2223.12,2386.84,0.0,195,2025-12-01,perdut,baixa,televenda,411.0,0,5.56,Client sense comprar des de fa 195 dies. Historial previ de 1428 dies. Possible pèrdua de compte. Requereix trucada de reactivació.,,
23210,Cuenca,Anestesia,perdut,0.913,2223.12,2030.64,192.48,391,2025-12-01,perdut,baixa,televenda,535.5,0,5.56,Client sense comprar des de fa 391 dies. Historial previ de 1462 dies. Possible pèrdua de compte. Requereix trucada de reactivació.,,
23257,Tarragona,Anestesia,perdut,1.0,2223.12,14481.28,0.0,98,2025-12-01,perdut,baixa,televenda,135.0,0,5.56,Client sense comprar des de fa 98 dies. Historial previ de 1718 dies. Possible pèrdua de compte. Requereix trucada de reactivació.,,
23388,Albacete,Anestesia,perdut,1.0,2223.12,4255.77,0.0,153,2025-12-01,perdut,baixa,televenda,381.2,0,5.56,Client sense comprar des de fa 153 dies. Historial previ de 1678 dies. Possible pèrdua de compte. Requereix trucada de reactivació.,,
23423,Asturias,Anestesia,perdut,1.0,2223.12,9366.31,0.0,175,2025-12-01,perdut,baixa,televenda,187.8,0,5.56,Client sense comprar des de fa 175 dies. Historial previ de 1677 dies. Possible pèrdua de compte. Requereix trucada de reactivació.,,
23429,Lleida,Anestesia,perdut,0.725,2223.12,1612.26,610.86,264,2025-12-01,perdut,baixa,televenda,556.5,0,5.56,Client sense comprar des de fa 264 dies. Historial previ de 1377 dies. Possible pèrdua de compte. Requereix trucada de reactivació.,,
23469,Madrid,Anestesia,perdut,0.572,2223.12,1272.17,950.95,186,2025-12-01,perdut,baixa,televenda,672.5,0,5.56,Client sense comprar des de fa 186 dies. Historial previ de 1531 dies. Possible pèrdua de compte. Requereix trucada de reactivació.,,
23607,Barcelona,Anestesia,perdut,1.0,2223.12,8469.42,0.0,129,2025-12-01,perdut,baixa,televenda,149.7,0,5.56,Client sense comprar des de fa 129 dies. Historial previ de 1776 dies. Possible pèrdua de compte. Requereix trucada de reactivació.,,
23651,Valencia,Anestesia,perdut,1.0,2223.12,8364.12,0.0,215,2025-12-01,perdut,baixa,televenda,256.5,0,5.56,Client sense comprar des de fa 215 dies. Historial previ de 1754 dies. Possible pèrdua de compte. Requereix trucada de reactivació.,,
23706,Almería,Anestesia,perdut,1.0,2223.12,8379.07,0.0,146,2025-12-01,perdut,baixa,televenda,206.7,0,5.56,Client sense comprar des de fa 146 dies. Historial previ de 1386 dies. Possible pèrdua de compte. Requereix trucada de reactivació.,,
23718,Madrid,Anestesia,perdut,0.961,2223.12,2135.48,87.64,286,2025-12-01,perdut,baixa,televenda,419.7,0,5.56,Client sense comprar des de fa 286 dies. Historial previ de 1545 dies. Possible pèrdua de compte. Requereix trucada de reactivació.,,
23733,Ciudad Real,Anestesia,perdut,1.0,2223.12,8006.92,0.0,122,2025-12-01,perdut,baixa,televenda,246.5,0,5.56,Client sense comprar des de fa 122 dies. Historial previ de 1601 dies. Possible pèrdua de compte. Requereix trucada de reactivació.,,
23764,Albacete,Anestesia,perdut,1.0,2223.12,2277.12,0.0,122,2025-12-01,perdut,baixa,televenda,491.3,0,5.56,Client sense comprar des de fa 122 dies. Historial previ de 1596 dies. Possible pèrdua de compte. Requereix trucada de reactivació.,,
23817,Las Palmas,Anestesia,perdut,1.0,2223.12,2759.92,0.0,144,2025-12-01,perdut,baixa,televenda,228.9,0,5.56,Client sense comprar des de fa 144 dies. Historial previ de 1746 dies. Possible pèrdua de compte. Requereix trucada de reactivació.,,
1000042967,Valencia,Anestesia,perdut,1.0,2223.12,5489.0,0.0,157,2025-12-01,perdut,baixa,televenda,399.5,0,5.56,Client sense comprar des de fa 157 dies. Historial previ de 1755 dies. Possible pèrdua de compte. Requereix trucada de reactivació.,,
30,Sevilla,Anestesia,perdut,1.0,2223.12,5221.39,0.0,269,2025-12-01,perdut,baixa,televenda,299.8,0,5.56,Client sense comprar des de fa 269 dies. Historial previ de 1768 dies. Possible pèrdua de compte. Requereix trucada de reactivació.,,
1000072759,Sevilla,Anestesia,perdut,1.0,2223.12,10969.22,0.0,123,2025-12-01,perdut,baixa,televenda,202.5,0,5.56,Client sense comprar des de fa 123 dies. Historial previ de 1743 dies. Possible pèrdua de compte. Requereix trucada de reactivació.,,
1000064902,Navarra,Anestesia,perdut,1.0,2223.12,2923.78,0.0,221,2025-12-01,perdut,baixa,televenda,326.2,0,5.56,Client sense comprar des de fa 221 dies. Historial previ de 1526 dies. Possible pèrdua de compte. Requereix trucada de reactivació.,,
3920,Lugo,Anestesia,perdut,0.698,2223.12,1552.54,670.58,306,2025-12-01,perdut,baixa,televenda,330.7,0,5.56,Client sense comprar des de fa 306 dies. Historial previ de 1298 dies. Possible pèrdua de compte. Requereix trucada de reactivació.,,
3919,Lugo,Anestesia,perdut,0.682,2223.12,1515.77,707.35,459,2025-12-01,perdut,baixa,televenda,514.0,0,5.56,Client sense comprar des de fa 459 dies. Historial previ de 1487 dies. Possible pèrdua de compte. Requereix trucada de reactivació.,,
1000064358,Albacete,Anestesia,perdut,1.0,2223.12,2519.69,0.0,207,2025-12-01,perdut,baixa,televenda,196.2,10,5.56,Client sense comprar des de fa 207 dies. Historial previ de 1384 dies. Possible pèrdua de compte. Requereix trucada de reactivació.,,
1000071765,Barcelona,Anestesia,perdut,1.0,2223.12,6749.98,0.0,166,2025-12-01,perdut,baixa,televenda,198.7,0,5.56,Client sense comprar des de fa 166 dies. Historial previ de 1557 dies. Possible pèrdua de compte. Requereix trucada de reactivació.,,
1000078169,A Coruña,Anestesia,perdut,1.0,2223.12,3150.67,0.0,297,2025-12-01,perdut,baixa,televenda,308.8,0,5.56,Client sense comprar des de fa 297 dies. Historial previ de 1532 dies. Possible pèrdua de compte. Requereix trucada de reactivació.,,
1000078163,Valladolid,Anestesia,perdut,1.0,2223.12,7085.56,0.0,101,2025-12-01,perdut,baixa,televenda,135.7,0,5.56,Client sense comprar des de fa 101 dies. Historial previ de 1594 dies. Possible pèrdua de compte. Requereix trucada de reactivació.,,
1000074511,Cantabria,Anestesia,perdut,1.0,2223.12,9418.81,0.0,153,2025-12-01,perdut,baixa,televenda,297.6,0,5.56,Client sense comprar des de fa 153 dies. Historial previ de 1641 dies. Possible pèrdua de compte. Requereix trucada de reactivació.,,
1000064588,Barcelona,Anestesia,perdut,1.0,2223.12,3832.37,0.0,420,2025-12-01,perdut,baixa,televenda,430.7,0,5.56,Client sense comprar des de fa 420 dies. Historial previ de 1712 dies. Possible pèrdua de compte. Requereix trucada de reactivació.,,
1000064792,Cantabria,Anestesia,perdut,1.0,2223.12,7599.08,0.0,189,2025-12-01,perdut,baixa,televenda,184.4,4,5.56,Client sense comprar des de fa 189 dies. Historial previ de 1664 dies. Possible pèrdua de compte. Requereix trucada de reactivació.,,
1000074347,Madrid,Anestesia,perdut,1.0,2223.12,5544.05,0.0,364,2025-12-01,perdut,baixa,televenda,333.8,30,5.56,Client sense comprar des de fa 364 dies. Historial previ de 1699 dies. Possible pèrdua de compte. Requereix trucada de reactivació.,,
1000065909,Sta.Cruz Tenerife,Anestesia,perdut,1.0,2223.12,2505.91,0.0,346,2025-12-01,perdut,baixa,televenda,410.7,0,5.56,Client sense comprar des de fa 346 dies. Historial previ de 1578 dies. Possible pèrdua de compte. Requereix trucada de reactivació.,,
1000065164,Cantabria,Anestesia,perdut,1.0,2223.12,9328.37,0.0,210,2025-12-01,perdut,baixa,televenda,359.8,0,5.56,Client sense comprar des de fa 210 dies. Historial previ de 1649 dies. Possible pèrdua de compte. Requereix trucada de reactivació.,,
1000065324,Madrid,Anestesia,perdut,1.0,2223.12,8802.54,0.0,96,2025-12-01,perdut,baixa,televenda,123.2,0,5.56,Client sense comprar des de fa 96 dies. Historial previ de 1698 dies. Possible pèrdua de compte. Requereix trucada de reactivació.,,
1000078110,Madrid,Anestesia,perdut,1.0,2223.12,5356.13,0.0,262,2025-12-01,perdut,baixa,televenda,303.0,0,5.56,Client sense comprar des de fa 262 dies. Historial previ de 1777 dies. Possible pèrdua de compte. Requereix trucada de reactivació.,,
3180,Málaga,Anestesia,perdut,1.0,2223.12,5861.07,0.0,188,2025-12-01,perdut,baixa,televenda,213.3,0,5.56,Client sense comprar des de fa 188 dies. Historial previ de 1468 dies. Possible pèrdua de compte. Requereix trucada de reactivació.,,
1000078025,Barcelona,Anestesia,perdut,1.0,2223.12,5281.45,0.0,144,2025-12-01,perdut,baixa,televenda,261.5,0,5.56,Client sense comprar des de fa 144 dies. Historial previ de 1713 dies. Possible pèrdua de compte. Requereix trucada de reactivació.,,
3327,Málaga,Anestesia,perdut,0.59,2223.12,1311.21,911.91,133,2025-12-01,perdut,baixa,televenda,489.3,0,5.56,Client sense comprar des de fa 133 dies. Historial previ de 1601 dies. Possible pèrdua de compte. Requereix trucada de reactivació.,,
2959,Madrid,Anestesia,perdut,1.0,2223.12,3913.53,0.0,171,2025-12-01,perdut,baixa,televenda,355.5,0,5.56,Client sense comprar des de fa 171 dies. Historial previ de 1593 dies. Possible pèrdua de compte. Requereix trucada de reactivació.,,
1000073944,Granada,Anestesia,perdut,1.0,2223.12,7551.61,0.0,145,2025-12-01,perdut,baixa,televenda,408.2,0,5.56,Client sense comprar des de fa 145 dies. Historial previ de 1778 dies. Possible pèrdua de compte. Requereix trucada de reactivació.,,
1000078007,Valencia,Anestesia,perdut,1.0,2223.12,4811.96,0.0,367,2025-12-01,perdut,baixa,televenda,435.3,0,5.56,Client sense comprar des de fa 367 dies. Historial previ de 1673 dies. Possible pèrdua de compte. Requereix trucada de reactivació.,,
2821,Madrid,Anestesia,perdut,1.0,2223.12,4727.99,0.0,144,2025-12-01,perdut,baixa,televenda,145.2,0,5.56,Client sense comprar des de fa 144 dies. Historial previ de 1741 dies. Possible pèrdua de compte. Requereix trucada de reactivació.,,
1000063976,Barcelona,Anestesia,perdut,1.0,2223.12,9761.92,0.0,96,2025-12-01,perdut,baixa,televenda,150.7,0,5.56,Client sense comprar des de fa 96 dies. Historial previ de 1754 dies. Possible pèrdua de compte. Requereix trucada de reactivació.,,
1000063882,Salamanca,Anestesia,perdut,1.0,2223.12,9518.17,0.0,151,2025-12-01,perdut,baixa,televenda,161.7,0,5.56,Client sense comprar des de fa 151 dies. Historial previ de 1768 dies. Possible pèrdua de compte. Requereix trucada de reactivació.,,
1000063557,Almería,Anestesia,perdut,1.0,2223.12,4594.29,0.0,158,2025-12-01,perdut,baixa,televenda,450.3,0,5.56,Client sense comprar des de fa 158 dies. Historial previ de 1509 dies. Possible pèrdua de compte. Requereix trucada de reactivació.,,
1000075602,León,Anestesia,perdut,1.0,2223.12,4416.23,0.0,223,2025-12-01,perdut,baixa,televenda,279.8,0,5.56,Client sense comprar des de fa 223 dies. Historial previ de 1622 dies. Possible pèrdua de compte. Requereix trucada de reactivació.,,
1000078392,Vizcaya,Anestesia,perdut,1.0,2223.12,4825.56,0.0,187,2025-12-01,perdut,baixa,televenda,258.5,0,5.56,Client sense comprar des de fa 187 dies. Historial previ de 1221 dies. Possible pèrdua de compte. Requereix trucada de reactivació.,,
1000061512,Madrid,Anestesia,perdut,1.0,2223.12,4435.89,0.0,210,2025-12-01,perdut,baixa,televenda,503.3,0,5.56,Client sense comprar des de fa 210 dies. Historial previ de 1720 dies. Possible pèrdua de compte. Requereix trucada de reactivació.,,
1000076747,Almería,Anestesia,perdut,0.806,2223.12,1791.4,431.72,243,2025-12-01,perdut,baixa,televenda,1168.0,0,5.56,Client sense comprar des de fa 243 dies. Historial previ de 1411 dies. Possible pèrdua de compte. Requereix trucada de reactivació.,,
1000075293,Madrid,Anestesia,perdut,1.0,2223.12,4408.25,0.0,186,2025-12-01,perdut,baixa,televenda,409.3,0,5.56,Client sense comprar des de fa 186 dies. Historial previ de 1414 dies. Possible pèrdua de compte. Requereix trucada de reactivació.,,
1000061515,Granada,Anestesia,perdut,0.719,2223.12,1598.08,625.04,293,2025-12-01,perdut,baixa,televenda,304.5,0,5.56,Client sense comprar des de fa 293 dies. Historial previ de 902 dies. Possible pèrdua de compte. Requereix trucada de reactivació.,,
1000061575,Barcelona,Anestesia,perdut,1.0,2223.12,4013.52,0.0,165,2025-12-01,perdut,baixa,televenda,400.8,0,5.56,Client sense comprar des de fa 165 dies. Historial previ de 1768 dies. Possible pèrdua de compte. Requereix trucada de reactivació.,,
3933,Lugo,Anestesia,perdut,0.7,2223.12,1555.21,667.91,308,2025-12-01,perdut,baixa,televenda,584.5,0,5.56,Client sense comprar des de fa 308 dies. Historial previ de 1477 dies. Possible pèrdua de compte. Requereix trucada de reactivació.,,
1000075277,Sevilla,Anestesia,perdut,1.0,2223.12,3560.86,0.0,91,2025-12-01,perdut,baixa,televenda,423.5,0,5.56,Client sense comprar des de fa 91 dies. Historial previ de 1785 dies. Possible pèrdua de compte. Requereix trucada de reactivació.,,
1000078347,Madrid,Anestesia,perdut,1.0,2223.12,8941.32,0.0,151,2025-12-01,perdut,baixa,televenda,198.8,0,5.56,Client sense comprar des de fa 151 dies. Historial previ de 1741 dies. Possible pèrdua de compte. Requereix trucada de reactivació.,,
1000062672,A Coruña,Anestesia,perdut,1.0,2223.12,7602.37,0.0,255,2025-12-01,perdut,baixa,televenda,239.3,15,5.56,Client sense comprar des de fa 255 dies. Historial previ de 1691 dies. Possible pèrdua de compte. Requereix trucada de reactivació.,,
1000076769,Valladolid,Anestesia,perdut,1.0,2223.12,2473.87,0.0,284,2025-12-01,perdut,baixa,televenda,466.7,0,5.56,Client sense comprar des de fa 284 dies. Historial previ de 1684 dies. Possible pèrdua de compte. Requereix trucada de reactivació.,,
1000062710,Alicante,Anestesia,perdut,1.0,2223.12,3638.76,0.0,136,2025-12-01,perdut,baixa,televenda,189.9,0,5.56,Client sense comprar des de fa 136 dies. Historial previ de 1655 dies. Possible pèrdua de compte. Requereix trucada de reactivació.,,
1000063304,Valladolid,Anestesia,perdut,0.873,2223.12,1941.08,282.04,252,2025-12-01,perdut,baixa,televenda,503.5,0,5.56,Client sense comprar des de fa 252 dies. Historial previ de 1259 dies. Possible pèrdua de compte. Requereix trucada de reactivació.,,
1000078284,Girona,Anestesia,perdut,1.0,2223.12,3892.63,0.0,381,2025-12-01,perdut,baixa,televenda,606.0,0,5.56,Client sense comprar des de fa 381 dies. Historial previ de 1593 dies. Possible pèrdua de compte. Requereix trucada de reactivació.,,
1000074901,Sta.Cruz Tenerife,Anestesia,perdut,0.845,2223.12,1877.51,345.61,448,2025-12-01,perdut,baixa,televenda,432.7,15,5.56,Client sense comprar des de fa 448 dies. Historial previ de 1746 dies. Possible pèrdua de compte. Requereix trucada de reactivació.,,
1000063305,Madrid,Anestesia,perdut,1.0,2223.12,6526.71,0.0,138,2025-12-01,perdut,baixa,televenda,222.1,0,5.56,Client sense comprar des de fa 138 dies. Historial previ de 1693 dies. Possible pèrdua de compte. Requereix trucada de reactivació.,,
1000078251,Sevilla,Anestesia,perdut,0.543,2223.12,1208.19,1014.93,222,2025-12-01,perdut,baixa,televenda,442.7,0,5.56,Client sense comprar des de fa 222 dies. Historial previ de 1550 dies. Possible pèrdua de compte. Requereix trucada de reactivació.,,
1000063323,Madrid,Anestesia,perdut,1.0,2223.12,4409.3,0.0,153,2025-12-01,perdut,baixa,televenda,181.1,0,5.56,Client sense comprar des de fa 153 dies. Historial previ de 1783 dies. Possible pèrdua de compte. Requereix trucada de reactivació.,,
1000078003,León,Anestesia,perdut,1.0,2223.12,2972.29,0.0,145,2025-12-01,perdut,baixa,televenda,365.5,0,5.56,Client sense comprar des de fa 145 dies. Historial previ de 1607 dies. Possible pèrdua de compte. Requereix trucada de reactivació.,,
1000066625,Girona,Anestesia,perdut,1.0,2223.12,15809.39,0.0,173,2025-12-01,perdut,baixa,televenda,177.4,0,5.56,Client sense comprar des de fa 173 dies. Historial previ de 1770 dies. Possible pèrdua de compte. Requereix trucada de reactivació.,,
1000061020,Tarragona,Anestesia,perdut,1.0,2223.12,5582.88,0.0,145,2025-12-01,perdut,baixa,televenda,227.0,0,5.56,Client sense comprar des de fa 145 dies. Historial previ de 1734 dies. Possible pèrdua de compte. Requereix trucada de reactivació.,,
1000070579,Asturias,Anestesia,perdut,1.0,2223.12,4635.02,0.0,392,2025-12-01,perdut,baixa,televenda,409.3,0,5.56,Client sense comprar des de fa 392 dies. Historial previ de 1620 dies. Possible pèrdua de compte. Requereix trucada de reactivació.,,
1000072594,Madrid,Anestesia,perdut,1.0,2223.12,3197.65,0.0,321,2025-12-01,perdut,baixa,televenda,351.5,0,5.56,Client sense comprar des de fa 321 dies. Historial previ de 1727 dies. Possible pèrdua de compte. Requereix trucada de reactivació.,,
1000069542,Madrid,Anestesia,perdut,1.0,2223.12,2305.0,0.0,111,2025-12-01,perdut,baixa,televenda,262.7,0,5.56,Client sense comprar des de fa 111 dies. Historial previ de 899 dies. Possible pèrdua de compte. Requereix trucada de reactivació.,,
1000072582,Jaén,Anestesia,perdut,1.0,2223.12,9219.39,0.0,185,2025-12-01,perdut,baixa,televenda,204.0,0,5.56,Client sense comprar des de fa 185 dies. Historial previ de 1613 dies. Possible pèrdua de compte. Requereix trucada de reactivació.,,
1000070278,Huelva,Anestesia,perdut,1.0,2223.12,13415.74,0.0,95,2025-12-01,perdut,baixa,televenda,147.7,0,5.56,Client sense comprar des de fa 95 dies. Historial previ de 1720 dies. Possible pèrdua de compte. Requereix trucada de reactivació.,,
1000077453,Huelva,Anestesia,perdut,1.0,2223.12,3560.79,0.0,118,2025-12-01,perdut,baixa,televenda,388.7,0,5.56,Client sense comprar des de fa 118 dies. Historial previ de 1284 dies. Possible pèrdua de compte. Requereix trucada de reactivació.,,
1000077427,Barcelona,Anestesia,perdut,1.0,2223.12,6453.68,0.0,98,2025-12-01,perdut,baixa,televenda,154.4,0,5.56,Client sense comprar des de fa 98 dies. Historial previ de 1642 dies. Possible pèrdua de compte. Requereix trucada de reactivació.,,
1000072481,Barcelona,Anestesia,perdut,1.0,2223.12,8076.79,0.0,124,2025-12-01,perdut,baixa,televenda,147.0,0,5.56,Client sense comprar des de fa 124 dies. Historial previ de 1741 dies. Possible pèrdua de compte. Requereix trucada de reactivació.,,
1000077287,Sevilla,Anestesia,perdut,1.0,2223.12,3569.55,0.0,180,2025-12-01,perdut,baixa,televenda,167.8,12,5.56,Client sense comprar des de fa 180 dies. Historial previ de 1690 dies. Possible pèrdua de compte. Requereix trucada de reactivació.,,
1000077231,Jaén,Anestesia,perdut,0.89,2223.12,1978.88,244.24,367,2025-12-01,perdut,baixa,televenda,385.3,0,5.56,Client sense comprar des de fa 367 dies. Historial previ de 1523 dies. Possible pèrdua de compte. Requereix trucada de reactivació.,,
3534,Málaga,Anestesia,perdut,0.75,2223.12,1667.03,556.09,179,2025-12-01,perdut,baixa,televenda,370.0,0,5.56,Client sense comprar des de fa 179 dies. Historial previ de 1659 dies. Possible pèrdua de compte. Requereix trucada de reactivació.,,
1000066914,Zamora,Anestesia,perdut,1.0,2223.12,9934.84,0.0,208,2025-12-01,perdut,baixa,televenda,255.2,0,5.56,Client sense comprar des de fa 208 dies. Historial previ de 1484 dies. Possible pèrdua de compte. Requereix trucada de reactivació.,,
1000070700,Madrid,Anestesia,perdut,1.0,2223.12,7922.47,0.0,161,2025-12-01,perdut,baixa,televenda,254.8,0,5.56,Client sense comprar des de fa 161 dies. Historial previ de 1690 dies. Possible pèrdua de compte. Requereix trucada de reactivació.,,
1000077196,A Coruña,Anestesia,perdut,0.742,2223.12,1649.41,573.71,200,2025-12-01,perdut,baixa,televenda,575.5,0,5.56,Client sense comprar des de fa 200 dies. Historial previ de 1351 dies. Possible pèrdua de compte. Requereix trucada de reactivació.,,
1000070758,Sevilla,Anestesia,perdut,1.0,2223.12,4058.98,0.0,223,2025-12-01,perdut,baixa,televenda,266.0,0,5.56,Client sense comprar des de fa 223 dies. Historial previ de 1553 dies. Possible pèrdua de compte. Requereix trucada de reactivació.,,
1000070907,Madrid,Anestesia,perdut,1.0,2223.12,4241.54,0.0,249,2025-12-01,perdut,baixa,televenda,229.7,19,5.56,Client sense comprar des de fa 249 dies. Historial previ de 1627 dies. Possible pèrdua de compte. Requereix trucada de reactivació.,,
1000077090,Madrid,Anestesia,perdut,1.0,2223.12,3487.77,0.0,292,2025-12-01,perdut,baixa,televenda,287.2,4,5.56,Client sense comprar des de fa 292 dies. Historial previ de 1728 dies. Possible pèrdua de compte. Requereix trucada de reactivació.,,
1000070961,Sta.Cruz Tenerife,Anestesia,perdut,0.638,2223.12,1417.43,805.69,124,2025-12-01,perdut,baixa,televenda,643.5,0,5.56,Client sense comprar des de fa 124 dies. Historial previ de 1411 dies. Possible pèrdua de compte. Requereix trucada de reactivació.,,
1000071061,Barcelona,Anestesia,perdut,0.777,2223.12,1726.94,496.18,251,2025-12-01,perdut,baixa,televenda,504.0,0,5.56,Client sense comprar des de fa 251 dies. Historial previ de 1763 dies. Possible pèrdua de compte. Requereix trucada de reactivació.,,
1000077085,Barcelona,Anestesia,perdut,1.0,2223.12,5114.09,0.0,207,2025-12-01,perdut,baixa,televenda,288.8,0,5.56,Client sense comprar des de fa 207 dies. Historial previ de 1651 dies. Possible pèrdua de compte. Requereix trucada de reactivació.,,
1000071563,Almería,Anestesia,perdut,1.0,2223.12,8611.67,0.0,249,2025-12-01,perdut,baixa,televenda,326.2,0,5.56,Client sense comprar des de fa 249 dies. Historial previ de 1554 dies. Possible pèrdua de compte. Requereix trucada de reactivació.,,
1000069328,Valencia,Anestesia,perdut,1.0,2223.12,2530.47,0.0,145,2025-12-01,perdut,baixa,televenda,196.7,0,5.56,Client sense comprar des de fa 145 dies. Historial previ de 735 dies. Possible pèrdua de compte. Requereix trucada de reactivació.,,
1000072638,Valladolid,Anestesia,perdut,1.0,2223.12,5526.28,0.0,152,2025-12-01,perdut,baixa,televenda,431.3,0,5.56,Client sense comprar des de fa 152 dies. Historial previ de 1446 dies. Possible pèrdua de compte. Requereix trucada de reactivació.,,
1000077036,Madrid,Anestesia,perdut,1.0,2223.12,3863.06,0.0,140,2025-12-01,perdut,baixa,televenda,231.4,0,5.56,Client sense comprar des de fa 140 dies. Historial previ de 1760 dies. Possible pèrdua de compte. Requereix trucada de reactivació.,,
1000077470,Madrid,Anestesia,perdut,1.0,2223.12,3116.22,0.0,171,2025-12-01,perdut,baixa,televenda,208.3,0,5.56,Client sense comprar des de fa 171 dies. Historial previ de 1421 dies. Possible pèrdua de compte. Requereix trucada de reactivació.,,
1000073653,Badajoz,Anestesia,perdut,1.0,2223.12,5177.89,0.0,440,2025-12-01,perdut,baixa,televenda,412.7,27,5.56,Client sense comprar des de fa 440 dies. Historial previ de 1678 dies. Possible pèrdua de compte. Requereix trucada de reactivació.,,
1000077805,Barcelona,Anestesia,perdut,1.0,2223.12,5107.79,0.0,157,2025-12-01,perdut,baixa,televenda,481.7,0,5.56,Client sense comprar des de fa 157 dies. Historial previ de 1602 dies. Possible pèrdua de compte. Requereix trucada de reactivació.,,
1000067548,Sevilla,Anestesia,perdut,1.0,2223.12,9169.35,0.0,137,2025-12-01,perdut,baixa,televenda,129.4,7,5.56,Client sense comprar des de fa 137 dies. Historial previ de 1690 dies. Possible pèrdua de compte. Requereix trucada de reactivació.,,
1000073234,Huelva,Anestesia,perdut,1.0,2223.12,4130.99,0.0,131,2025-12-01,perdut,baixa,televenda,207.1,0,5.56,Client sense comprar des de fa 131 dies. Historial previ de 1788 dies. Possible pèrdua de compte. Requereix trucada de reactivació.,,
1000077720,Navarra,Anestesia,perdut,1.0,2223.12,6157.66,0.0,95,2025-12-01,perdut,baixa,televenda,186.6,0,5.56,Client sense comprar des de fa 95 dies. Historial previ de 1774 dies. Possible pèrdua de compte. Requereix trucada de reactivació.,,
1000073109,Málaga,Anestesia,perdut,1.0,2223.12,3716.62,0.0,172,2025-12-01,perdut,baixa,televenda,185.8,0,5.56,Client sense comprar des de fa 172 dies. Historial previ de 1287 dies. Possible pèrdua de compte. Requereix trucada de reactivació.,,
1000072976,Sevilla,Anestesia,perdut,1.0,2223.12,14680.36,0.0,172,2025-12-01,perdut,baixa,televenda,159.8,12,5.56,Client sense comprar des de fa 172 dies. Historial previ de 1770 dies. Possible pèrdua de compte. Requereix trucada de reactivació.,,
3685,Asturias,Anestesia,perdut,1.0,2223.12,6834.32,0.0,187,2025-12-01,perdut,baixa,televenda,308.0,0,5.56,Client sense comprar des de fa 187 dies. Historial previ de 1727 dies. Possible pèrdua de compte. Requereix trucada de reactivació.,,
1000077565,Jaén,Anestesia,perdut,1.0,2223.12,7232.59,0.0,264,2025-12-01,perdut,baixa,televenda,316.5,0,5.56,Client sense comprar des de fa 264 dies. Historial previ de 1530 dies. Possible pèrdua de compte. Requereix trucada de reactivació.,,
1000067844,Pontevedra,Anestesia,perdut,1.0,2223.12,4217.67,0.0,252,2025-12-01,perdut,baixa,televenda,274.0,0,5.56,Client sense comprar des de fa 252 dies. Historial previ de 1622 dies. Possible pèrdua de compte. Requereix trucada de reactivació.,,
1000076935,Sta.Cruz Tenerife,Anestesia,perdut,1.0,2223.12,2947.72,0.0,179,2025-12-01,perdut,baixa,televenda,232.7,0,5.56,Client sense comprar des de fa 179 dies. Historial previ de 1575 dies. Possible pèrdua de compte. Requereix trucada de reactivació.,,
1000068328,Cádiz,Anestesia,perdut,1.0,2223.12,5564.27,0.0,186,2025-12-01,perdut,baixa,televenda,411.3,0,5.56,Client sense comprar des de fa 186 dies. Historial previ de 1420 dies. Possible pèrdua de compte. Requereix trucada de reactivació.,,
3386,Murcia,Anestesia,perdut,1.0,2223.12,2831.78,0.0,307,2025-12-01,perdut,baixa,televenda,328.2,0,5.56,Client sense comprar des de fa 307 dies. Historial previ de 1620 dies. Possible pèrdua de compte. Requereix trucada de reactivació.,,
1000068433,Pontevedra,Anestesia,perdut,1.0,2223.12,2615.94,0.0,249,2025-12-01,perdut,baixa,televenda,320.2,0,5.56,Client sense comprar des de fa 249 dies. Historial previ de 1530 dies. Possible pèrdua de compte. Requereix trucada de reactivació.,,
4414,Madrid,Anestesia,perdut,1.0,2223.12,11327.32,0.0,158,2025-12-01,perdut,baixa,televenda,213.3,0,5.56,Client sense comprar des de fa 158 dies. Historial previ de 1651 dies. Possible pèrdua de compte. Requereix trucada de reactivació.,,
1000068451,Almería,Anestesia,perdut,1.0,2223.12,5649.8,0.0,251,2025-12-01,perdut,baixa,televenda,246.3,4,5.56,Client sense comprar des de fa 251 dies. Historial previ de 1729 dies. Possible pèrdua de compte. Requereix trucada de reactivació.,,
1000068717,Toledo,Anestesia,perdut,1.0,2223.12,5523.18,0.0,222,2025-12-01,perdut,baixa,televenda,292.8,0,5.56,Client sense comprar des de fa 222 dies. Historial previ de 1686 dies. Possible pèrdua de compte. Requereix trucada de reactivació.,,
1000076950,Burgos,Anestesia,perdut,1.0,2223.12,4647.44,0.0,144,2025-12-01,perdut,baixa,televenda,199.9,0,5.56,Client sense comprar des de fa 144 dies. Historial previ de 1743 dies. Possible pèrdua de compte. Requereix trucada de reactivació.,,
1000077000,León,Anestesia,perdut,1.0,2223.12,7569.7,0.0,159,2025-12-01,perdut,baixa,televenda,274.6,0,5.56,Client sense comprar des de fa 159 dies. Historial previ de 1532 dies. Possible pèrdua de compte. Requereix trucada de reactivació.,,
1000061370,Madrid,Anestesia,perdut,1.0,2223.12,6924.83,0.0,161,2025-12-01,perdut,baixa,televenda,160.3,0,5.56,Client sense comprar des de fa 161 dies. Historial previ de 1764 dies. Possible pèrdua de compte. Requereix trucada de reactivació.,,
1000074680,Navarra,Anestesia,perdut,1.0,2223.12,5359.46,0.0,187,2025-12-01,perdut,baixa,televenda,195.1,0,5.56,Client sense comprar des de fa 187 dies. Historial previ de 1748 dies. Possible pèrdua de compte. Requereix trucada de reactivació.,,
3478,Málaga,Anestesia,perdut,1.0,2223.12,5401.57,0.0,187,2025-12-01,perdut,baixa,televenda,280.2,0,5.56,Client sense comprar des de fa 187 dies. Historial previ de 1588 dies. Possible pèrdua de compte. Requereix trucada de reactivació.,,
1000076447,Barcelona,Anestesia,perdut,1.0,2223.12,6823.93,0.0,231,2025-12-01,perdut,baixa,televenda,300.8,0,5.56,Client sense comprar des de fa 231 dies. Historial previ de 1735 dies. Possible pèrdua de compte. Requereix trucada de reactivació.,,
1000076506,Pontevedra,Anestesia,perdut,1.0,2223.12,4677.31,0.0,269,2025-12-01,perdut,baixa,televenda,245.2,23,5.56,Client sense comprar des de fa 269 dies. Historial previ de 1740 dies. Possible pèrdua de compte. Requereix trucada de reactivació.,,
1000056409,Córdoba,Anestesia,perdut,1.0,2223.12,7037.69,0.0,257,2025-12-01,perdut,baixa,televenda,490.0,0,5.56,Client sense comprar des de fa 257 dies. Historial previ de 1727 dies. Possible pèrdua de compte. Requereix trucada de reactivació.,,
4083,Asturias,Anestesia,perdut,1.0,2223.12,6049.65,0.0,139,2025-12-01,perdut,baixa,televenda,167.8,0,5.56,Client sense comprar des de fa 139 dies. Historial previ de 1481 dies. Possible pèrdua de compte. Requereix trucada de reactivació.,,
1000076415,Vizcaya,Anestesia,perdut,1.0,2223.12,6240.9,0.0,133,2025-12-01,perdut,baixa,televenda,405.8,0,5.56,Client sense comprar des de fa 133 dies. Historial previ de 1756 dies. Possible pèrdua de compte. Requereix trucada de reactivació.,,
1000076182,Vizcaya,Anestesia,perdut,1.0,2223.12,4154.35,0.0,186,2025-12-01,perdut,baixa,televenda,392.5,0,5.56,Client sense comprar des de fa 186 dies. Historial previ de 1756 dies. Possible pèrdua de compte. Requereix trucada de reactivació.,,
4133,Madrid,Anestesia,perdut,0.56,2223.12,1245.01,978.11,154,2025-12-01,perdut,baixa,televenda,248.4,0,5.56,Client sense comprar des de fa 154 dies. Historial previ de 1396 dies. Possible pèrdua de compte. Requereix trucada de reactivació.,,
1000060529,Almería,Anestesia,perdut,0.853,2223.12,1896.5,326.62,209,2025-12-01,perdut,baixa,televenda,202.0,7,5.56,Client sense comprar des de fa 209 dies. Historial previ de 1421 dies. Possible pèrdua de compte. Requereix trucada de reactivació.,,
1000078455,Albacete,Anestesia,perdut,1.0,2223.12,4557.11,0.0,388,2025-12-01,perdut,baixa,televenda,369.0,19,5.56,Client sense comprar des de fa 388 dies. Historial previ de 1495 dies. Possible pèrdua de compte. Requereix trucada de reactivació.,,
1000078434,Burgos,Anestesia,perdut,1.0,2223.12,4274.23,0.0,105,2025-12-01,perdut,baixa,televenda,421.5,0,5.56,Client sense comprar des de fa 105 dies. Historial previ de 1791 dies. Possible pèrdua de compte. Requereix trucada de reactivació.,,
1000058783,Las Palmas,Anestesia,perdut,1.0,2223.12,5582.29,0.0,222,2025-12-01,perdut,baixa,televenda,306.8,0,5.56,Client sense comprar des de fa 222 dies. Historial previ de 1756 dies. Possible pèrdua de compte. Requereix trucada de reactivació.,,
1000060389,Zaragoza,Anestesia,perdut,1.0,2223.12,4139.35,0.0,96,2025-12-01,perdut,baixa,televenda,160.3,0,5.56,Client sense comprar des de fa 96 dies. Historial previ de 1699 dies. Possible pèrdua de compte. Requereix trucada de reactivació.,,
1000059439,Asturias,Anestesia,perdut,1.0,2223.12,3626.95,0.0,573,2025-12-01,perdut,baixa,televenda,604.5,0,5.56,Client sense comprar des de fa 573 dies. Historial previ de 1782 dies. Possible pèrdua de compte. Requereix trucada de reactivació.,,
1000060080,Jaén,Anestesia,perdut,1.0,2223.12,5589.32,0.0,188,2025-12-01,perdut,baixa,televenda,261.6,0,5.56,Client sense comprar des de fa 188 dies. Historial previ de 1496 dies. Possible pèrdua de compte. Requereix trucada de reactivació.,,
1000057667,Madrid,Anestesia,perdut,1.0,2223.12,4228.3,0.0,266,2025-12-01,perdut,baixa,televenda,246.8,19,5.56,Client sense comprar des de fa 266 dies. Historial previ de 1747 dies. Possible pèrdua de compte. Requereix trucada de reactivació.,,
1000059595,Madrid,Anestesia,perdut,1.0,2223.12,4113.64,0.0,145,2025-12-01,perdut,baixa,televenda,134.2,10,5.56,Client sense comprar des de fa 145 dies. Historial previ de 950 dies. Possible pèrdua de compte. Requereix trucada de reactivació.,,
1000075930,Soria,Anestesia,perdut,1.0,2223.12,15798.82,0.0,143,2025-12-01,perdut,baixa,televenda,197.8,0,5.56,Client sense comprar des de fa 143 dies. Historial previ de 1725 dies. Possible pèrdua de compte. Requereix trucada de reactivació.,,
1000076197,Sta.Cruz Tenerife,Anestesia,perdut,1.0,2223.12,8033.83,0.0,117,2025-12-01,perdut,baixa,televenda,152.4,0,5.56,Client sense comprar des de fa 117 dies. Historial previ de 1641 dies. Possible pèrdua de compte. Requereix trucada de reactivació.,,
1000078498,Melilla,Anestesia,perdut,1.0,2223.12,6099.8,0.0,97,2025-12-01,perdut,baixa,televenda,532.0,0,5.56,Client sense comprar des de fa 97 dies. Historial previ de 1693 dies. Possible pèrdua de compte. Requereix trucada de reactivació.,,
1000076653,Barcelona,Anestesia,perdut,1.0,2223.12,3295.05,0.0,347,2025-12-01,perdut,baixa,televenda,558.0,0,5.56,Client sense comprar des de fa 347 dies. Historial previ de 1463 dies. Possible pèrdua de compte. Requereix trucada de reactivació.,,
1000075784,Madrid,Anestesia,perdut,1.0,2223.12,3773.06,0.0,188,2025-12-01,perdut,baixa,televenda,185.4,2,5.56,Client sense comprar des de fa 188 dies. Historial previ de 1671 dies. Possible pèrdua de compte. Requereix trucada de reactivació.,,
1000076691,Barcelona,Anestesia,perdut,1.0,2223.12,3142.88,0.0,173,2025-12-01,perdut,baixa,televenda,321.0,0,5.56,Client sense comprar des de fa 173 dies. Historial previ de 1778 dies. Possible pèrdua de compte. Requereix trucada de reactivació.,,
1000060562,Murcia,Anestesia,perdut,0.785,2223.12,1745.71,477.41,391,2025-12-01,perdut,baixa,televenda,570.5,0,5.56,Client sense comprar des de fa 391 dies. Historial previ de 1532 dies. Possible pèrdua de compte. Requereix trucada de reactivació.,,
1000078795,León,Anestesia,perdut,1.0,2223.12,4158.24,0.0,192,2025-12-01,perdut,baixa,televenda,215.4,0,5.56,Client sense comprar des de fa 192 dies. Historial previ de 1700 dies. Possible pèrdua de compte. Requereix trucada de reactivació.,,
1000076515,Barcelona,Anestesia,perdut,1.0,2223.12,7283.57,0.0,178,2025-12-01,perdut,baixa,televenda,226.0,0,5.56,Client sense comprar des de fa 178 dies. Historial previ de 1308 dies. Possible pèrdua de compte. Requereix trucada de reactivació.,,
1000058239,Barcelona,Anestesia,perdut,0.797,2223.12,1772.46,450.66,133,2025-12-01,perdut,baixa,televenda,260.0,0,5.56,Client sense comprar des de fa 133 dies. Historial previ de 1173 dies. Possible pèrdua de compte. Requereix trucada de reactivació.,,
2807,Madrid,Anestesia,perdut,1.0,2223.12,5059.92,0.0,294,2025-12-01,perdut,baixa,televenda,333.8,0,5.56,Client sense comprar des de fa 294 dies. Historial previ de 1629 dies. Possible pèrdua de compte. Requereix trucada de reactivació.,,
1000076144,Badajoz,Anestesia,perdut,1.0,2223.12,2460.6,0.0,327,2025-12-01,perdut,baixa,televenda,421.7,0,5.56,Client sense comprar des de fa 327 dies. Historial previ de 1592 dies. Possible pèrdua de compte. Requereix trucada de reactivació.,,
1000078702,A Coruña,Anestesia,perdut,1.0,2223.12,12274.09,0.0,207,2025-12-01,perdut,baixa,televenda,195.1,11,5.56,Client sense comprar des de fa 207 dies. Historial previ de 1768 dies. Possible pèrdua de compte. Requereix trucada de reactivació.,,
1000076472,Madrid,Anestesia,perdut,1.0,2223.12,5301.73,0.0,164,2025-12-01,perdut,baixa,televenda,242.0,0,5.56,Client sense comprar des de fa 164 dies. Historial previ de 1616 dies. Possible pèrdua de compte. Requereix trucada de reactivació.,,
1000076071,Vizcaya,Anestesia,perdut,1.0,2223.12,7663.21,0.0,144,2025-12-01,perdut,baixa,televenda,219.4,0,5.56,Client sense comprar des de fa 144 dies. Historial previ de 1680 dies. Possible pèrdua de compte. Requereix trucada de reactivació.,,
4237,Madrid,Anestesia,perdut,1.0,2223.12,4428.97,0.0,283,2025-12-01,perdut,baixa,televenda,287.6,0,5.56,Client sense comprar des de fa 283 dies. Historial previ de 1721 dies. Possible pèrdua de compte. Requereix trucada de reactivació.,,
1000076111,Sevilla,Anestesia,perdut,1.0,2223.12,4609.08,0.0,171,2025-12-01,perdut,baixa,televenda,249.7,0,5.56,Client sense comprar des de fa 171 dies. Historial previ de 920 dies. Possible pèrdua de compte. Requereix trucada de reactivació.,,
1000078475,Sta.Cruz Tenerife,Anestesia,perdut,1.0,2223.12,3228.97,0.0,178,2025-12-01,perdut,baixa,televenda,170.9,7,5.56,Client sense comprar des de fa 178 dies. Historial previ de 1374 dies. Possible pèrdua de compte. Requereix trucada de reactivació.,,
1000078757,Granada,Anestesia,perdut,1.0,2223.12,6940.85,0.0,272,2025-12-01,perdut,baixa,televenda,381.0,0,5.56,Client sense comprar des de fa 272 dies. Historial previ de 1034 dies. Possible pèrdua de compte. Requereix trucada de reactivació.,,
1000076512,Jaén,Anestesia,perdut,1.0,2223.12,3901.06,0.0,173,2025-12-01,perdut,baixa,televenda,439.0,0,5.56,Client sense comprar des de fa 173 dies. Historial previ de 1490 dies. Possible pèrdua de compte. Requereix trucada de reactivació.,,
1000078917,Madrid,Anestesia,perdut,1.0,2223.12,15324.71,0.0,104,2025-12-01,perdut,baixa,televenda,115.3,0,5.56,Client sense comprar des de fa 104 dies. Historial previ de 1718 dies. Possible pèrdua de compte. Requereix trucada de reactivació.,,
1000078746,Badajoz,Anestesia,perdut,1.0,2223.12,4320.38,0.0,210,2025-12-01,perdut,baixa,televenda,353.7,0,5.56,Client sense comprar des de fa 210 dies. Historial previ de 1271 dies. Possible pèrdua de compte. Requereix trucada de reactivació.,,
1000075628,Madrid,Anestesia,perdut,1.0,2223.12,2763.64,0.0,173,2025-12-01,perdut,baixa,televenda,314.6,0,5.56,Client sense comprar des de fa 173 dies. Historial previ de 1746 dies. Possible pèrdua de compte. Requereix trucada de reactivació.,,
1000037112,Madrid,Bioseguridad,perdut,1.0,1086.44,4588.6,0.0,137,2025-12-01,perdut,baixa,televenda,113.7,23,5.49,Client sense comprar des de fa 137 dies. Historial previ de 1729 dies. Possible pèrdua de compte. Requereix trucada de reactivació.,,
37961,Cádiz,Bioseguridad,perdut,0.346,1667.34,576.44,1090.9,291,2025-12-01,perdut,baixa,televenda,542.0,0,5.45,Client sense comprar des de fa 291 dies. Historial previ de 1375 dies. Possible pèrdua de compte. Requereix trucada de reactivació.,,
1000082014,Madrid,Bioseguridad,perdut,0.352,1667.34,586.77,1080.57,201,2025-12-01,perdut,baixa,televenda,1203.0,0,5.4,Client sense comprar des de fa 201 dies. Historial previ de 1404 dies. Possible pèrdua de compte. Requereix trucada de reactivació.,,
1000073805,Madrid,Anestesia,perdut,0.405,1802.36,730.05,1072.31,266,2025-12-01,perdut,baixa,televenda,524.5,0,5.36,Client sense comprar des de fa 266 dies. Historial previ de 1315 dies. Possible pèrdua de compte. Requereix trucada de reactivació.,,
12382,A Coruña,Bioseguridad,perdut,0.376,1667.34,626.4,1040.94,166,2025-12-01,perdut,baixa,televenda,657.0,0,5.2,Client sense comprar des de fa 166 dies. Historial previ de 823 dies. Possible pèrdua de compte. Requereix trucada de reactivació.,,
33565,Alicante,Bioseguridad,perdut,0.379,1667.34,631.83,1035.51,131,2025-12-01,perdut,baixa,televenda,645.0,0,5.18,Client sense comprar des de fa 131 dies. Historial previ de 776 dies. Possible pèrdua de compte. Requereix trucada de reactivació.,,
1000058426,Toledo,Bioseguridad,perdut,1.0,1667.34,8657.93,0.0,174,2025-12-01,perdut,baixa,televenda,154.5,19,5.13,Client sense comprar des de fa 174 dies. Historial previ de 1719 dies. Possible pèrdua de compte. Requereix trucada de reactivació.,,
1000077490,Madrid,Anestesia,perdut,1.0,1802.36,4042.5,0.0,158,2025-12-01,perdut,baixa,televenda,141.2,16,5.11,Client sense comprar des de fa 158 dies. Historial previ de 1005 dies. Possible pèrdua de compte. Requereix trucada de reactivació.,,
30459,Almería,Bioseguridad,perdut,0.762,1086.44,828.01,258.43,587,2025-12-01,perdut,baixa,televenda,497.0,90,4.92,Client sense comprar des de fa 587 dies. Historial previ de 1581 dies. Possible pèrdua de compte. Requereix trucada de reactivació.,,
8580,Valladolid,Bioseguridad,perdut,0.413,1667.34,687.95,979.39,692,2025-12-01,perdut,baixa,televenda,770.0,0,4.9,Client sense comprar des de fa 692 dies. Historial previ de 1462 dies. Possible pèrdua de compte. Requereix trucada de reactivació.,,
1000059893,Madrid,Bioseguridad,perdut,0.42,1667.34,700.03,967.31,277,2025-12-01,perdut,baixa,televenda,897.0,0,4.84,Client sense comprar des de fa 277 dies. Historial previ de 1174 dies. Possible pèrdua de compte. Requereix trucada de reactivació.,,
23206,Granada,Anestesia,perdut,0.479,1802.36,864.06,938.3,287,2025-12-01,perdut,baixa,televenda,587.0,0,4.69,Client sense comprar des de fa 287 dies. Historial previ de 1461 dies. Possible pèrdua de compte. Requereix trucada de reactivació.,,
26286,Madrid,Bioseguridad,perdut,0.74,879.2,650.83,228.37,382,2025-12-01,perdut,baixa,televenda,315.0,67,4.68,Client sense comprar des de fa 382 dies. Historial previ de 1012 dies. Possible pèrdua de compte. Requereix trucada de reactivació.,,
14635,Ávila,Bioseguridad,perdut,1.0,879.2,7245.16,0.0,173,2025-12-01,perdut,baixa,televenda,142.5,30,4.63,Client sense comprar des de fa 173 dies. Historial previ de 1741 dies. Possible pèrdua de compte. Requereix trucada de reactivació.,,
1000068858,Madrid,Anestesia,perdut,1.0,1802.36,2546.01,0.0,265,2025-12-01,perdut,baixa,televenda,337.0,0,4.51,Client sense comprar des de fa 265 dies. Historial previ de 602 dies. Possible pèrdua de compte. Requereix trucada de reactivació.,,
1000079810,Girona,Anestesia,perdut,1.0,1802.36,5697.97,0.0,158,2025-12-01,perdut,baixa,televenda,319.4,0,4.51,Client sense comprar des de fa 158 dies. Historial previ de 1755 dies. Possible pèrdua de compte. Requereix trucada de reactivació.,,
1000078717,Madrid,Anestesia,perdut,1.0,1802.36,1817.92,0.0,404,2025-12-01,perdut,baixa,televenda,445.0,0,4.51,Client sense comprar des de fa 404 dies. Historial previ de 1739 dies. Possible pèrdua de compte. Requereix trucada de reactivació.,,
1000100558,Madrid,Anestesia,perdut,1.0,1802.36,3191.41,0.0,131,2025-12-01,perdut,baixa,televenda,207.5,0,4.51,Client sense comprar des de fa 131 dies. Historial previ de 546 dies. Possible pèrdua de compte. Requereix trucada de reactivació.,,
1000080323,Salamanca,Anestesia,perdut,1.0,1802.36,2833.9,0.0,133,2025-12-01,perdut,baixa,televenda,381.5,0,4.51,Client sense comprar des de fa 133 dies. Historial previ de 1659 dies. Possible pèrdua de compte. Requereix trucada de reactivació.,,
23103,Alicante,Anestesia,perdut,1.0,1802.36,5226.22,0.0,168,2025-12-01,perdut,baixa,televenda,526.3,0,4.51,Client sense comprar des de fa 168 dies. Historial previ de 1747 dies. Possible pèrdua de compte. Requereix trucada de reactivació.,,
8314,Valladolid,Anestesia,perdut,1.0,1802.36,4309.79,0.0,235,2025-12-01,perdut,baixa,televenda,303.0,0,4.51,Client sense comprar des de fa 235 dies. Historial previ de 1750 dies. Possible pèrdua de compte. Requereix trucada de reactivació.,,
1000041983,Madrid,Anestesia,perdut,0.882,1802.36,1589.79,212.57,417,2025-12-01,perdut,baixa,televenda,458.3,0,4.51,Client sense comprar des de fa 417 dies. Historial previ de 1792 dies. Possible pèrdua de compte. Requereix trucada de reactivació.,,
18661,A Coruña,Anestesia,perdut,0.97,1802.36,1748.07,54.29,152,2025-12-01,perdut,baixa,televenda,323.0,0,4.51,Client sense comprar des de fa 152 dies. Historial previ de 1767 dies. Possible pèrdua de compte. Requereix trucada de reactivació.,,
1000082006,Albacete,Anestesia,perdut,1.0,1802.36,3115.38,0.0,152,2025-12-01,perdut,baixa,televenda,315.4,0,4.51,Client sense comprar des de fa 152 dies. Historial previ de 1729 dies. Possible pèrdua de compte. Requereix trucada de reactivació.,,
29736,Vizcaya,Anestesia,perdut,1.0,1802.36,2986.07,0.0,390,2025-12-01,perdut,baixa,televenda,654.5,0,4.51,Client sense comprar des de fa 390 dies. Historial previ de 1699 dies. Possible pèrdua de compte. Requereix trucada de reactivació.,,
31066,Sta.Cruz Tenerife,Anestesia,perdut,0.656,1802.36,1182.3,620.06,181,2025-12-01,perdut,baixa,televenda,294.8,0,4.51,Client sense comprar des de fa 181 dies. Historial previ de 1655 dies. Possible pèrdua de compte. Requereix trucada de reactivació.,,
6987,Madrid,Anestesia,perdut,1.0,1802.36,2984.07,0.0,165,2025-12-01,perdut,baixa,televenda,339.5,0,4.51,Client sense comprar des de fa 165 dies. Historial previ de 1523 dies. Possible pèrdua de compte. Requereix trucada de reactivació.,,
9269,Zaragoza,Anestesia,perdut,1.0,1802.36,3161.45,0.0,145,2025-12-01,perdut,baixa,televenda,306.8,0,4.51,Client sense comprar des de fa 145 dies. Historial previ de 1679 dies. Possible pèrdua de compte. Requereix trucada de reactivació.,,
30502,Madrid,Anestesia,perdut,1.0,1802.36,2192.41,0.0,364,2025-12-01,perdut,baixa,televenda,461.3,0,4.51,Client sense comprar des de fa 364 dies. Historial previ de 1748 dies. Possible pèrdua de compte. Requereix trucada de reactivació.,,
1000073231,Toledo,Anestesia,perdut,1.0,1802.36,3173.85,0.0,251,2025-12-01,perdut,baixa,televenda,533.0,0,4.51,Client sense comprar des de fa 251 dies. Historial previ de 784 dies. Possible pèrdua de compte. Requereix trucada de reactivació.,,
20881,Salamanca,Anestesia,perdut,0.524,1802.36,943.91,858.45,96,2025-12-01,perdut,baixa,televenda,454.7,0,4.51,Client sense comprar des de fa 96 dies. Historial previ de 1460 dies. Possible pèrdua de compte. Requereix trucada de reactivació.,,
17704,Málaga,Anestesia,perdut,1.0,1802.36,4606.06,0.0,270,2025-12-01,perdut,baixa,televenda,352.0,0,4.51,Client sense comprar des de fa 270 dies. Historial previ de 1678 dies. Possible pèrdua de compte. Requereix trucada de reactivació.,,
17612,Salamanca,Anestesia,perdut,1.0,1802.36,3419.85,0.0,222,2025-12-01,perdut,baixa,televenda,253.0,0,4.51,Client sense comprar des de fa 222 dies. Historial previ de 1487 dies. Possible pèrdua de compte. Requereix trucada de reactivació.,,
23750,Madrid,Anestesia,perdut,1.0,1802.36,3385.02,0.0,91,2025-12-01,perdut,baixa,televenda,305.2,0,4.51,Client sense comprar des de fa 91 dies. Historial previ de 1617 dies. Possible pèrdua de compte. Requereix trucada de reactivació.,,
827,Valencia,Anestesia,perdut,1.0,1802.36,9678.21,0.0,157,2025-12-01,perdut,baixa,televenda,250.8,0,4.51,Client sense comprar des de fa 157 dies. Historial previ de 1662 dies. Possible pèrdua de compte. Requereix trucada de reactivació.,,
1000073640,A Coruña,Anestesia,perdut,1.0,1802.36,2114.35,0.0,319,2025-12-01,perdut,baixa,televenda,338.2,0,4.51,Client sense comprar des de fa 319 dies. Historial previ de 1672 dies. Possible pèrdua de compte. Requereix trucada de reactivació.,,
21189,Barcelona,Anestesia,perdut,1.0,1802.36,3515.77,0.0,319,2025-12-01,perdut,baixa,televenda,485.3,0,4.51,Client sense comprar des de fa 319 dies. Historial previ de 1775 dies. Possible pèrdua de compte. Requereix trucada de reactivació.,,
1000043232,Granada,Anestesia,perdut,1.0,1802.36,2891.09,0.0,103,2025-12-01,perdut,baixa,televenda,549.0,0,4.51,Client sense comprar des de fa 103 dies. Historial previ de 1750 dies. Possible pèrdua de compte. Requereix trucada de reactivació.,,
33158,Madrid,Anestesia,perdut,1.0,1802.36,4330.35,0.0,185,2025-12-01,perdut,baixa,televenda,224.1,0,4.51,Client sense comprar des de fa 185 dies. Historial previ de 1754 dies. Possible pèrdua de compte. Requereix trucada de reactivació.,,
1000056752,Pontevedra,Anestesia,perdut,1.0,1802.36,7856.38,0.0,139,2025-12-01,perdut,baixa,televenda,140.5,0,4.51,Client sense comprar des de fa 139 dies. Historial previ de 1684 dies. Possible pèrdua de compte. Requereix trucada de reactivació.,,
14240,Alicante,Anestesia,perdut,1.0,1802.36,2160.32,0.0,265,2025-12-01,perdut,baixa,televenda,352.0,0,4.51,Client sense comprar des de fa 265 dies. Historial previ de 1673 dies. Possible pèrdua de compte. Requereix trucada de reactivació.,,
1000082484,Madrid,Anestesia,perdut,0.81,1802.36,1459.07,343.29,161,2025-12-01,perdut,baixa,televenda,589.5,0,4.51,Client sense comprar des de fa 161 dies. Historial previ de 1340 dies. Possible pèrdua de compte. Requereix trucada de reactivació.,,
19238,Valladolid,Anestesia,perdut,1.0,1802.36,2610.13,0.0,125,2025-12-01,perdut,baixa,televenda,176.2,0,4.51,Client sense comprar des de fa 125 dies. Historial previ de 1006 dies. Possible pèrdua de compte. Requereix trucada de reactivació.,,
20114,Jaén,Anestesia,perdut,1.0,1802.36,2647.59,0.0,439,2025-12-01,perdut,baixa,televenda,616.0,0,4.51,Client sense comprar des de fa 439 dies. Historial previ de 1671 dies. Possible pèrdua de compte. Requereix trucada de reactivació.,,
15249,Madrid,Anestesia,perdut,1.0,1802.36,2382.97,0.0,299,2025-12-01,perdut,baixa,televenda,311.8,0,4.51,Client sense comprar des de fa 299 dies. Historial previ de 1546 dies. Possible pèrdua de compte. Requereix trucada de reactivació.,,
9640,Madrid,Anestesia,perdut,1.0,1802.36,3196.46,0.0,376,2025-12-01,perdut,baixa,televenda,380.7,0,4.51,Client sense comprar des de fa 376 dies. Historial previ de 1518 dies. Possible pèrdua de compte. Requereix trucada de reactivació.,,
8330,Madrid,Anestesia,perdut,1.0,1802.36,9308.05,0.0,173,2025-12-01,perdut,baixa,televenda,243.7,0,4.51,Client sense comprar des de fa 173 dies. Historial previ de 1635 dies. Possible pèrdua de compte. Requereix trucada de reactivació.,,
4139,Madrid,Anestesia,perdut,1.0,1802.36,2701.31,0.0,173,2025-12-01,perdut,baixa,televenda,265.7,0,4.51,Client sense comprar des de fa 173 dies. Historial previ de 1767 dies. Possible pèrdua de compte. Requereix trucada de reactivació.,,
35159,Pontevedra,Anestesia,perdut,1.0,1802.36,2141.61,0.0,258,2025-12-01,perdut,baixa,televenda,560.0,0,4.51,Client sense comprar des de fa 258 dies. Historial previ de 1378 dies. Possible pèrdua de compte. Requereix trucada de reactivació.,,
28911,Valladolid,Anestesia,perdut,1.0,1802.36,2829.71,0.0,104,2025-12-01,perdut,baixa,televenda,491.7,0,4.51,Client sense comprar des de fa 104 dies. Historial previ de 1579 dies. Possible pèrdua de compte. Requereix trucada de reactivació.,,
1000069410,Madrid,Anestesia,perdut,1.0,1802.36,3242.62,0.0,179,2025-12-01,perdut,baixa,televenda,294.2,0,4.51,Client sense comprar des de fa 179 dies. Historial previ de 1650 dies. Possible pèrdua de compte. Requereix trucada de reactivació.,,
1000037659,Barcelona,Anestesia,perdut,1.0,1802.36,3520.36,0.0,195,2025-12-01,perdut,baixa,televenda,204.9,0,4.51,Client sense comprar des de fa 195 dies. Historial previ de 1629 dies. Possible pèrdua de compte. Requereix trucada de reactivació.,,
14644,Ávila,Anestesia,perdut,1.0,1802.36,6815.19,0.0,259,2025-12-01,perdut,baixa,televenda,283.4,0,4.51,Client sense comprar des de fa 259 dies. Historial previ de 1676 dies. Possible pèrdua de compte. Requereix trucada de reactivació.,,
9662,Albacete,Anestesia,perdut,1.0,1802.36,2137.92,0.0,208,2025-12-01,perdut,baixa,televenda,366.2,0,4.51,Client sense comprar des de fa 208 dies. Historial previ de 1673 dies. Possible pèrdua de compte. Requereix trucada de reactivació.,,
1000037595,La Rioja,Anestesia,perdut,1.0,1802.36,6402.46,0.0,97,2025-12-01,perdut,baixa,televenda,362.5,0,4.51,Client sense comprar des de fa 97 dies. Historial previ de 1547 dies. Possible pèrdua de compte. Requereix trucada de reactivació.,,
29302,Barcelona,Anestesia,perdut,1.0,1802.36,3297.41,0.0,236,2025-12-01,perdut,baixa,televenda,306.5,0,4.51,Client sense comprar des de fa 236 dies. Historial previ de 1462 dies. Possible pèrdua de compte. Requereix trucada de reactivació.,,
1000040689,Valencia,Anestesia,perdut,1.0,1802.36,3412.65,0.0,438,2025-12-01,perdut,baixa,televenda,648.0,0,4.51,Client sense comprar des de fa 438 dies. Historial previ de 1734 dies. Possible pèrdua de compte. Requereix trucada de reactivació.,,
15557,Madrid,Anestesia,perdut,1.0,1802.36,6178.98,0.0,187,2025-12-01,perdut,baixa,televenda,249.7,0,4.51,Client sense comprar des de fa 187 dies. Historial previ de 1685 dies. Possible pèrdua de compte. Requereix trucada de reactivació.,,
1000080411,Madrid,Anestesia,perdut,1.0,1802.36,3396.19,0.0,186,2025-12-01,perdut,baixa,televenda,193.0,0,4.51,Client sense comprar des de fa 186 dies. Historial previ de 1344 dies. Possible pèrdua de compte. Requereix trucada de reactivació.,,
1000100609,Vizcaya,Anestesia,perdut,1.0,1802.36,4073.77,0.0,161,2025-12-01,perdut,baixa,televenda,356.0,0,4.51,Client sense comprar des de fa 161 dies. Historial previ de 517 dies. Possible pèrdua de compte. Requereix trucada de reactivació.,,
2297,Sta.Cruz Tenerife,Anestesia,perdut,0.878,1802.36,1582.45,219.91,182,2025-12-01,perdut,baixa,televenda,192.9,0,4.51,Client sense comprar des de fa 182 dies. Historial previ de 1725 dies. Possible pèrdua de compte. Requereix trucada de reactivació.,,
9709,Madrid,Anestesia,perdut,1.0,1802.36,2133.74,0.0,259,2025-12-01,perdut,baixa,televenda,248.2,10,4.51,Client sense comprar des de fa 259 dies. Historial previ de 1748 dies. Possible pèrdua de compte. Requereix trucada de reactivació.,,
1000068197,Cádiz,Anestesia,perdut,1.0,1802.36,5819.84,0.0,161,2025-12-01,perdut,baixa,televenda,170.8,0,4.51,Client sense comprar des de fa 161 dies. Historial previ de 1698 dies. Possible pèrdua de compte. Requereix trucada de reactivació.,,
1000082468,Vizcaya,Anestesia,perdut,0.846,1802.36,1525.23,277.13,194,2025-12-01,perdut,baixa,televenda,576.5,0,4.51,Client sense comprar des de fa 194 dies. Historial previ de 1347 dies. Possible pèrdua de compte. Requereix trucada de reactivació.,,
7046,Madrid,Anestesia,perdut,0.76,1802.36,1370.64,431.72,444,2025-12-01,perdut,baixa,televenda,543.5,0,4.51,Client sense comprar des de fa 444 dies. Historial previ de 1531 dies. Possible pèrdua de compte. Requereix trucada de reactivació.,,
1000067232,Zaragoza,Anestesia,perdut,0.794,1802.36,1430.52,371.84,353,2025-12-01,perdut,baixa,televenda,333.5,19,4.51,Client sense comprar des de fa 353 dies. Historial previ de 1020 dies. Possible pèrdua de compte. Requereix trucada de reactivació.,,
2121,Pontevedra,Anestesia,perdut,1.0,1802.36,1915.96,0.0,285,2025-12-01,perdut,baixa,televenda,690.0,0,4.51,Client sense comprar des de fa 285 dies. Historial previ de 1665 dies. Possible pèrdua de compte. Requereix trucada de reactivació.,,
1000066944,Madrid,Anestesia,perdut,1.0,1802.36,5721.84,0.0,259,2025-12-01,perdut,baixa,televenda,345.5,0,4.51,Client sense comprar des de fa 259 dies. Historial previ de 1641 dies. Possible pèrdua de compte. Requereix trucada de reactivació.,,
1000081599,Pontevedra,Anestesia,perdut,1.0,1802.36,3274.83,0.0,185,2025-12-01,perdut,baixa,televenda,375.5,0,4.51,Client sense comprar des de fa 185 dies. Historial previ de 1687 dies. Possible pèrdua de compte. Requereix trucada de reactivació.,,
40612,Las Palmas,Anestesia,perdut,0.697,1802.36,1256.72,545.64,509,2025-12-01,perdut,baixa,televenda,543.0,0,4.51,Client sense comprar des de fa 509 dies. Historial previ de 1595 dies. Possible pèrdua de compte. Requereix trucada de reactivació.,,
1056,Valladolid,Anestesia,perdut,0.676,1802.36,1219.13,583.23,383,2025-12-01,perdut,baixa,televenda,550.5,0,4.51,Client sense comprar des de fa 383 dies. Historial previ de 1484 dies. Possible pèrdua de compte. Requereix trucada de reactivació.,,
1000075835,Las Palmas,Anestesia,perdut,1.0,1802.36,2127.99,0.0,105,2025-12-01,perdut,baixa,televenda,115.3,0,4.51,Client sense comprar des de fa 105 dies. Historial previ de 1719 dies. Possible pèrdua de compte. Requereix trucada de reactivació.,,
11601,Sta.Cruz Tenerife,Anestesia,perdut,1.0,1802.36,3625.04,0.0,222,2025-12-01,perdut,baixa,televenda,234.7,0,4.51,Client sense comprar des de fa 222 dies. Historial previ de 1630 dies. Possible pèrdua de compte. Requereix trucada de reactivació.,,
11682,Madrid,Anestesia,perdut,1.0,1802.36,3713.09,0.0,327,2025-12-01,perdut,baixa,televenda,315.2,11,4.51,Client sense comprar des de fa 327 dies. Historial previ de 1588 dies. Possible pèrdua de compte. Requereix trucada de reactivació.,,
1000074688,Pontevedra,Anestesia,perdut,1.0,1802.36,3993.19,0.0,181,2025-12-01,perdut,baixa,televenda,319.0,0,4.51,Client sense comprar des de fa 181 dies. Historial previ de 1776 dies. Possible pèrdua de compte. Requereix trucada de reactivació.,,
1000081239,Alicante,Anestesia,perdut,1.0,1802.36,5566.94,0.0,102,2025-12-01,perdut,baixa,televenda,448.7,0,4.51,Client sense comprar des de fa 102 dies. Historial previ de 1448 dies. Possible pèrdua de compte. Requereix trucada de reactivació.,,
8619,Zamora,Anestesia,perdut,1.0,1802.36,3133.06,0.0,194,2025-12-01,perdut,baixa,televenda,383.2,0,4.51,Client sense comprar des de fa 194 dies. Historial previ de 1727 dies. Possible pèrdua de compte. Requereix trucada de reactivació.,,
12008,A Coruña,Anestesia,perdut,0.875,1802.36,1577.59,224.77,311,2025-12-01,perdut,baixa,televenda,670.5,0,4.51,Client sense comprar des de fa 311 dies. Historial previ de 1652 dies. Possible pèrdua de compte. Requereix trucada de reactivació.,,
12010,A Coruña,Anestesia,perdut,1.0,1802.36,5440.69,0.0,199,2025-12-01,perdut,baixa,televenda,268.8,0,4.51,Client sense comprar des de fa 199 dies. Historial previ de 1543 dies. Possible pèrdua de compte. Requereix trucada de reactivació.,,
1000081217,Madrid,Anestesia,perdut,1.0,1802.36,4432.96,0.0,321,2025-12-01,perdut,baixa,televenda,307.3,13,4.51,Client sense comprar des de fa 321 dies. Historial previ de 1243 dies. Possible pèrdua de compte. Requereix trucada de reactivació.,,
1000079717,Valladolid,Anestesia,perdut,1.0,1802.36,6063.24,0.0,119,2025-12-01,perdut,baixa,televenda,184.2,0,4.51,Client sense comprar des de fa 119 dies. Historial previ de 1777 dies. Possible pèrdua de compte. Requereix trucada de reactivació.,,
26384,Huesca,Anestesia,perdut,1.0,1802.36,1843.99,0.0,208,2025-12-01,perdut,baixa,televenda,779.5,0,4.51,Client sense comprar des de fa 208 dies. Historial previ de 1767 dies. Possible pèrdua de compte. Requereix trucada de reactivació.,,
1000059878,Valencia,Bioseguridad,perdut,1.0,1667.34,2405.87,0.0,441,2025-12-01,perdut,baixa,televenda,397.7,43,4.51,Client sense comprar des de fa 441 dies. Historial previ de 1634 dies. Possible pèrdua de compte. Requereix trucada de reactivació.,,
21517,Baleares,Anestesia,perdut,1.0,1802.36,5858.19,0.0,122,2025-12-01,perdut,baixa,televenda,169.9,0,4.51,Client sense comprar des de fa 122 dies. Historial previ de 1481 dies. Possible pèrdua de compte. Requereix trucada de reactivació.,,
5577,Ceuta,Anestesia,perdut,1.0,1802.36,1822.45,0.0,350,2025-12-01,perdut,baixa,televenda,449.3,0,4.51,Client sense comprar des de fa 350 dies. Historial previ de 1698 dies. Possible pèrdua de compte. Requereix trucada de reactivació.,,
40714,Salamanca,Anestesia,perdut,1.0,1802.36,5146.47,0.0,131,2025-12-01,perdut,baixa,televenda,371.0,0,4.51,Client sense comprar des de fa 131 dies. Historial previ de 1615 dies. Possible pèrdua de compte. Requereix trucada de reactivació.,,
24465,Granada,Anestesia,perdut,0.873,1802.36,1572.74,229.62,283,2025-12-01,perdut,baixa,televenda,369.8,0,4.51,Client sense comprar des de fa 283 dies. Historial previ de 1762 dies. Possible pèrdua de compte. Requereix trucada de reactivació.,,
21582,Murcia,Anestesia,perdut,0.862,1802.36,1554.42,247.94,445,2025-12-01,perdut,baixa,televenda,498.0,0,4.51,Client sense comprar des de fa 445 dies. Historial previ de 1441 dies. Possible pèrdua de compte. Requereix trucada de reactivació.,,
2095,Pontevedra,Anestesia,perdut,1.0,1802.36,2278.82,0.0,221,2025-12-01,perdut,baixa,televenda,311.2,0,4.51,Client sense comprar des de fa 221 dies. Historial previ de 1466 dies. Possible pèrdua de compte. Requereix trucada de reactivació.,,
25129,Madrid,Anestesia,perdut,1.0,1802.36,3854.75,0.0,150,2025-12-01,perdut,baixa,televenda,262.5,0,4.51,Client sense comprar des de fa 150 dies. Historial previ de 1725 dies. Possible pèrdua de compte. Requereix trucada de reactivació.,,
10899,Zamora,Anestesia,perdut,0.583,1802.36,1050.14,752.22,439,2025-12-01,perdut,baixa,televenda,521.5,0,4.51,Client sense comprar des de fa 439 dies. Historial previ de 1482 dies. Possible pèrdua de compte. Requereix trucada de reactivació.,,
10939,Vizcaya,Anestesia,perdut,1.0,1802.36,2165.18,0.0,444,2025-12-01,perdut,baixa,televenda,408.3,35,4.51,Client sense comprar des de fa 444 dies. Historial previ de 1669 dies. Possible pèrdua de compte. Requereix trucada de reactivació.,,
1000081388,Valencia,Anestesia,perdut,0.552,1802.36,994.53,807.83,154,2025-12-01,perdut,baixa,televenda,543.7,0,4.51,Client sense comprar des de fa 154 dies. Historial previ de 1785 dies. Possible pèrdua de compte. Requereix trucada de reactivació.,,
1000060738,Burgos,Anestesia,perdut,1.0,1802.36,4362.91,0.0,210,2025-12-01,perdut,baixa,televenda,365.8,0,4.51,Client sense comprar des de fa 210 dies. Historial previ de 1673 dies. Possible pèrdua de compte. Requereix trucada de reactivació.,,
1000080751,Cantabria,Anestesia,perdut,1.0,1802.36,4666.06,0.0,315,2025-12-01,perdut,baixa,televenda,365.7,0,4.51,Client sense comprar des de fa 315 dies. Historial previ de 1412 dies. Possible pèrdua de compte. Requereix trucada de reactivació.,,
1000079975,Sta.Cruz Tenerife,Anestesia,perdut,1.0,1802.36,2036.04,0.0,396,2025-12-01,perdut,baixa,televenda,380.7,15,4.51,Client sense comprar des de fa 396 dies. Historial previ de 1538 dies. Possible pèrdua de compte. Requereix trucada de reactivació.,,
1000081350,Madrid,Anestesia,perdut,1.0,1802.36,4688.74,0.0,125,2025-12-01,perdut,baixa,televenda,140.4,0,4.51,Client sense comprar des de fa 125 dies. Historial previ de 1669 dies. Possible pèrdua de compte. Requereix trucada de reactivació.,,
25795,Madrid,Anestesia,perdut,1.0,1802.36,4440.52,0.0,195,2025-12-01,perdut,baixa,televenda,447.3,0,4.51,Client sense comprar des de fa 195 dies. Historial previ de 1537 dies. Possible pèrdua de compte. Requereix trucada de reactivació.,,
1000060716,Granada,Anestesia,perdut,0.55,1802.36,992.17,810.19,315,2025-12-01,perdut,baixa,televenda,384.5,0,4.51,Client sense comprar des de fa 315 dies. Historial previ de 1084 dies. Possible pèrdua de compte. Requereix trucada de reactivació.,,
1000061577,Granada,Anestesia,perdut,0.522,1802.36,941.01,861.35,445,2025-12-01,perdut,baixa,televenda,553.5,0,4.51,Client sense comprar des de fa 445 dies. Historial previ de 1552 dies. Possible pèrdua de compte. Requereix trucada de reactivació.,,
10783,Zaragoza,Anestesia,perdut,1.0,1802.36,3547.05,0.0,314,2025-12-01,perdut,baixa,televenda,292.8,21,4.51,Client sense comprar des de fa 314 dies. Historial previ de 1778 dies. Possible pèrdua de compte. Requereix trucada de reactivació.,,
1000061991,Tarragona,Anestesia,perdut,1.0,1802.36,3472.87,0.0,294,2025-12-01,perdut,baixa,televenda,381.5,0,4.51,Client sense comprar des de fa 294 dies. Historial previ de 1057 dies. Possible pèrdua de compte. Requereix trucada de reactivació.,,
1000063281,Jaén,Anestesia,perdut,1.0,1802.36,3825.63,0.0,174,2025-12-01,perdut,baixa,televenda,522.7,0,4.51,Client sense comprar des de fa 174 dies. Historial previ de 1742 dies. Possible pèrdua de compte. Requereix trucada de reactivació.,,
1000101005,Madrid,Anestesia,perdut,0.604,1802.36,1088.82,713.54,124,2025-12-01,perdut,baixa,televenda,238.0,0,4.51,Client sense comprar des de fa 124 dies. Historial previ de 600 dies. Possible pèrdua de compte. Requereix trucada de reactivació.,,
22519,Barcelona,Anestesia,perdut,1.0,1802.36,2063.76,0.0,276,2025-12-01,perdut,baixa,televenda,269.6,6,4.51,Client sense comprar des de fa 276 dies. Historial previ de 1624 dies. Possible pèrdua de compte. Requereix trucada de reactivació.,,
39404,Castellón,Anestesia,perdut,1.0,1802.36,16557.67,0.0,94,2025-12-01,perdut,baixa,televenda,111.1,0,4.51,Client sense comprar des de fa 94 dies. Historial previ de 1761 dies. Possible pèrdua de compte. Requereix trucada de reactivació.,,
13302,Barcelona,Anestesia,perdut,1.0,1802.36,3091.14,0.0,187,2025-12-01,perdut,baixa,televenda,290.5,0,4.51,Client sense comprar des de fa 187 dies. Historial previ de 1349 dies. Possible pèrdua de compte. Requereix trucada de reactivació.,,
1000076624,Valencia,Anestesia,perdut,1.0,1802.36,7563.89,0.0,440,2025-12-01,perdut,baixa,televenda,599.0,0,4.51,Client sense comprar des de fa 440 dies. Historial previ de 1638 dies. Possible pèrdua de compte. Requereix trucada de reactivació.,,
1000074067,Granada,Anestesia,perdut,1.0,1802.36,3611.78,0.0,424,2025-12-01,perdut,baixa,televenda,563.0,0,4.51,Client sense comprar des de fa 424 dies. Historial previ de 1550 dies. Possible pèrdua de compte. Requereix trucada de reactivació.,,
24257,Barcelona,Anestesia,perdut,1.0,1802.36,3710.24,0.0,154,2025-12-01,perdut,baixa,televenda,254.0,0,4.51,Client sense comprar des de fa 154 dies. Historial previ de 662 dies. Possible pèrdua de compte. Requereix trucada de reactivació.,,
1000082701,Pontevedra,Anestesia,perdut,1.0,1802.36,1995.31,0.0,136,2025-12-01,perdut,baixa,televenda,331.7,0,4.51,Client sense comprar des de fa 136 dies. Historial previ de 1131 dies. Possible pèrdua de compte. Requereix trucada de reactivació.,,
1000076790,Asturias,Anestesia,perdut,0.574,1802.36,1033.69,768.67,434,2025-12-01,perdut,baixa,televenda,475.0,0,4.51,Client sense comprar des de fa 434 dies. Historial previ de 1384 dies. Possible pèrdua de compte. Requereix trucada de reactivació.,,
42744,Madrid,Anestesia,perdut,1.0,1802.36,2815.01,0.0,133,2025-12-01,perdut,baixa,televenda,185.3,0,4.51,Client sense comprar des de fa 133 dies. Historial previ de 689 dies. Possible pèrdua de compte. Requereix trucada de reactivació.,,
13048,Barcelona,Anestesia,perdut,1.0,1802.36,3014.97,0.0,210,2025-12-01,perdut,baixa,televenda,281.0,0,4.51,Client sense comprar des de fa 210 dies. Historial previ de 1615 dies. Possible pèrdua de compte. Requereix trucada de reactivació.,,
27592,Valencia,Anestesia,perdut,1.0,1802.36,2305.51,0.0,264,2025-12-01,perdut,baixa,televenda,467.0,0,4.51,Client sense comprar des de fa 264 dies. Historial previ de 1665 dies. Possible pèrdua de compte. Requereix trucada de reactivació.,,
1000075968,Asturias,Anestesia,perdut,1.0,1802.36,2106.85,0.0,313,2025-12-01,perdut,baixa,televenda,294.5,18,4.51,Client sense comprar des de fa 313 dies. Historial previ de 902 dies. Possible pèrdua de compte. Requereix trucada de reactivació.,,
6661,Girona,Anestesia,perdut,1.0,1802.36,5792.52,0.0,192,2025-12-01,perdut,baixa,televenda,249.8,0,4.51,Client sense comprar des de fa 192 dies. Historial previ de 1691 dies. Possible pèrdua de compte. Requereix trucada de reactivació.,,
1000077993,Almería,Anestesia,perdut,1.0,1802.36,6864.33,0.0,270,2025-12-01,perdut,baixa,televenda,270.0,0,4.51,Client sense comprar des de fa 270 dies. Historial previ de 1350 dies. Possible pèrdua de compte. Requereix trucada de reactivació.,,
1000065868,Asturias,Anestesia,perdut,0.776,1802.36,1398.45,403.91,193,2025-12-01,perdut,baixa,televenda,225.4,0,4.51,Client sense comprar des de fa 193 dies. Historial previ de 1771 dies. Possible pèrdua de compte. Requereix trucada de reactivació.,,
1000073690,Alicante,Anestesia,perdut,0.733,1802.36,1320.75,481.61,241,2025-12-01,perdut,baixa,televenda,460.0,0,4.51,Client sense comprar des de fa 241 dies. Historial previ de 1161 dies. Possible pèrdua de compte. Requereix trucada de reactivació.,,
1000077960,Barcelona,Anestesia,perdut,1.0,1802.36,4627.67,0.0,123,2025-12-01,perdut,baixa,televenda,271.2,0,4.51,Client sense comprar des de fa 123 dies. Historial previ de 1750 dies. Possible pèrdua de compte. Requereix trucada de reactivació.,,
1000065933,Barcelona,Anestesia,perdut,1.0,1802.36,5157.45,0.0,364,2025-12-01,perdut,baixa,televenda,433.3,0,4.51,Client sense comprar des de fa 364 dies. Historial previ de 1664 dies. Possible pèrdua de compte. Requereix trucada de reactivació.,,
27897,Murcia,Anestesia,perdut,1.0,1802.36,1887.96,0.0,181,2025-12-01,perdut,baixa,televenda,710.0,0,4.51,Client sense comprar des de fa 181 dies. Historial previ de 1601 dies. Possible pèrdua de compte. Requereix trucada de reactivació.,,
1000081832,Palencia,Anestesia,perdut,1.0,1802.36,2814.46,0.0,277,2025-12-01,perdut,baixa,televenda,659.5,0,4.51,Client sense comprar des de fa 277 dies. Historial previ de 1596 dies. Possible pèrdua de compte. Requereix trucada de reactivació.,,
1000066177,Madrid,Anestesia,perdut,1.0,1802.36,3728.62,0.0,181,2025-12-01,perdut,baixa,televenda,262.0,0,4.51,Client sense comprar des de fa 181 dies. Historial previ de 1753 dies. Possible pèrdua de compte. Requereix trucada de reactivació.,,
21374,Madrid,Anestesia,perdut,0.625,1802.36,1126.35,676.01,147,2025-12-01,perdut,baixa,televenda,769.0,0,4.51,Client sense comprar des de fa 147 dies. Historial previ de 1685 dies. Possible pèrdua de compte. Requereix trucada de reactivació.,,
8562,Madrid,Anestesia,perdut,1.0,1802.36,5930.82,0.0,161,2025-12-01,perdut,baixa,televenda,191.4,0,4.51,Client sense comprar des de fa 161 dies. Historial previ de 1692 dies. Possible pèrdua de compte. Requereix trucada de reactivació.,,
38716,Toledo,Anestesia,perdut,1.0,1802.36,4982.41,0.0,201,2025-12-01,perdut,baixa,televenda,229.8,0,4.51,Client sense comprar des de fa 201 dies. Historial previ de 1120 dies. Possible pèrdua de compte. Requereix trucada de reactivació.,,
1000064411,Girona,Anestesia,perdut,1.0,1802.36,2567.42,0.0,298,2025-12-01,perdut,baixa,televenda,344.0,0,4.51,Client sense comprar des de fa 298 dies. Historial previ de 986 dies. Possible pèrdua de compte. Requereix trucada de reactivació.,,
1000078436,Jaén,Anestesia,perdut,1.0,1802.36,5602.92,0.0,257,2025-12-01,perdut,baixa,televenda,408.3,0,4.51,Client sense comprar des de fa 257 dies. Historial previ de 1482 dies. Possible pèrdua de compte. Requereix trucada de reactivació.,,
6253,Palencia,Anestesia,perdut,1.0,1802.36,3418.25,0.0,243,2025-12-01,perdut,baixa,televenda,220.2,22,4.51,Client sense comprar des de fa 243 dies. Historial previ de 1564 dies. Possible pèrdua de compte. Requereix trucada de reactivació.,,
1000100035,Zaragoza,Anestesia,perdut,1.0,1802.36,6031.99,0.0,161,2025-12-01,perdut,baixa,televenda,177.0,0,4.51,Client sense comprar des de fa 161 dies. Historial previ de 1400 dies. Possible pèrdua de compte. Requereix trucada de reactivació.,,
2244,Cantabria,Bioseguridad,perdut,1.0,879.2,3121.73,0.0,432,2025-12-01,perdut,baixa,televenda,363.0,69,4.18,Client sense comprar des de fa 432 dies. Historial previ de 1158 dies. Possible pèrdua de compte. Requereix trucada de reactivació.,,
21028,Pontevedra,Bioseguridad,perdut,1.0,1667.34,4517.39,0.0,192,2025-12-01,perdut,baixa,televenda,197.1,0,4.17,Client sense comprar des de fa 192 dies. Historial previ de 1769 dies. Possible pèrdua de compte. Requereix trucada de reactivació.,,
1000072718,Sevilla,Bioseguridad,perdut,0.83,1667.34,1383.41,283.93,146,2025-12-01,perdut,baixa,televenda,256.0,0,4.17,Client sense comprar des de fa 146 dies. Historial previ de 658 dies. Possible pèrdua de compte. Requereix trucada de reactivació.,,
1000080093,Alicante,Bioseguridad,perdut,1.0,1667.34,2762.81,0.0,144,2025-12-01,perdut,baixa,televenda,389.0,0,4.17,Client sense comprar des de fa 144 dies. Historial previ de 1700 dies. Possible pèrdua de compte. Requereix trucada de reactivació.,,
1000080138,Valencia,Bioseguridad,perdut,1.0,1667.34,2298.1,0.0,347,2025-12-01,perdut,baixa,televenda,316.0,31,4.17,Client sense comprar des de fa 347 dies. Historial previ de 979 dies. Possible pèrdua de compte. Requereix trucada de reactivació.,,
8131,Madrid,Bioseguridad,perdut,0.789,1667.34,1315.97,351.37,164,2025-12-01,perdut,baixa,televenda,365.0,0,4.17,Client sense comprar des de fa 164 dies. Historial previ de 1259 dies. Possible pèrdua de compte. Requereix trucada de reactivació.,,
1000082795,Vizcaya,Bioseguridad,perdut,1.0,1667.34,2567.77,0.0,220,2025-12-01,perdut,baixa,televenda,393.5,0,4.17,Client sense comprar des de fa 220 dies. Historial previ de 1007 dies. Possible pèrdua de compte. Requereix trucada de reactivació.,,
2975,Madrid,Bioseguridad,perdut,0.676,1667.34,1127.95,539.39,377,2025-12-01,perdut,baixa,televenda,440.5,0,4.17,Client sense comprar des de fa 377 dies. Historial previ de 1258 dies. Possible pèrdua de compte. Requereix trucada de reactivació.,,
1000071825,Cantabria,Bioseguridad,perdut,1.0,1667.34,15372.04,0.0,131,2025-12-01,perdut,baixa,televenda,178.7,0,4.17,Client sense comprar des de fa 131 dies. Historial previ de 1739 dies. Possible pèrdua de compte. Requereix trucada de reactivació.,,
1000075603,Huelva,Bioseguridad,perdut,1.0,1667.34,5237.06,0.0,161,2025-12-01,perdut,baixa,televenda,264.4,0,4.17,Client sense comprar des de fa 161 dies. Historial previ de 1483 dies. Possible pèrdua de compte. Requereix trucada de reactivació.,,
25081,Sta.Cruz Tenerife,Bioseguridad,perdut,1.0,1667.34,6031.82,0.0,131,2025-12-01,perdut,baixa,televenda,204.2,0,4.17,Client sense comprar des de fa 131 dies. Historial previ de 1765 dies. Possible pèrdua de compte. Requereix trucada de reactivació.,,
23943,La Rioja,Bioseguridad,perdut,1.0,1667.34,2451.4,0.0,117,2025-12-01,perdut,baixa,televenda,485.3,0,4.17,Client sense comprar des de fa 117 dies. Historial previ de 1573 dies. Possible pèrdua de compte. Requereix trucada de reactivació.,,
28026,Castellón,Bioseguridad,perdut,0.903,1667.34,1506.07,161.27,650,2025-12-01,perdut,baixa,televenda,1065.0,0,4.17,Client sense comprar des de fa 650 dies. Historial previ de 1715 dies. Possible pèrdua de compte. Requereix trucada de reactivació.,,
2498,Madrid,Bioseguridad,perdut,1.0,1667.34,1749.77,0.0,159,2025-12-01,perdut,baixa,televenda,373.5,0,4.17,Client sense comprar des de fa 159 dies. Historial previ de 906 dies. Possible pèrdua de compte. Requereix trucada de reactivació.,,
25889,Málaga,Bioseguridad,perdut,0.943,1667.34,1572.77,94.57,258,2025-12-01,perdut,baixa,televenda,374.0,0,4.17,Client sense comprar des de fa 258 dies. Historial previ de 1754 dies. Possible pèrdua de compte. Requereix trucada de reactivació.,,
8229,Sevilla,Bioseguridad,perdut,1.0,1667.34,1734.5,0.0,264,2025-12-01,perdut,baixa,televenda,495.0,0,4.17,Client sense comprar des de fa 264 dies. Historial previ de 1749 dies. Possible pèrdua de compte. Requereix trucada de reactivació.,,
23329,Valencia,Bioseguridad,perdut,1.0,1667.34,2352.36,0.0,312,2025-12-01,perdut,baixa,televenda,299.0,13,4.17,Client sense comprar des de fa 312 dies. Historial previ de 910 dies. Possible pèrdua de compte. Requereix trucada de reactivació.,,
1000076744,Valencia,Bioseguridad,perdut,1.0,1667.34,1974.43,0.0,143,2025-12-01,perdut,baixa,televenda,338.0,0,4.17,Client sense comprar des de fa 143 dies. Historial previ de 819 dies. Possible pèrdua de compte. Requereix trucada de reactivació.,,
24684,Zaragoza,Bioseguridad,perdut,1.0,1667.34,2344.82,0.0,210,2025-12-01,perdut,baixa,televenda,372.2,0,4.17,Client sense comprar des de fa 210 dies. Historial previ de 1699 dies. Possible pèrdua de compte. Requereix trucada de reactivació.,,
1000100253,Cádiz,Bioseguridad,perdut,0.925,1667.34,1542.24,125.1,354,2025-12-01,perdut,baixa,televenda,461.0,0,4.17,Client sense comprar des de fa 354 dies. Historial previ de 815 dies. Possible pèrdua de compte. Requereix trucada de reactivació.,,
22547,Madrid,Bioseguridad,perdut,0.804,1667.34,1340.84,326.5,179,2025-12-01,perdut,baixa,televenda,532.3,0,4.17,Client sense comprar des de fa 179 dies. Historial previ de 1776 dies. Possible pèrdua de compte. Requereix trucada de reactivació.,,
26107,Barcelona,Bioseguridad,perdut,1.0,1667.34,3677.95,0.0,307,2025-12-01,perdut,baixa,televenda,348.0,0,4.17,Client sense comprar des de fa 307 dies. Historial previ de 1699 dies. Possible pèrdua de compte. Requereix trucada de reactivació.,,
1000076321,Alicante,Bioseguridad,perdut,1.0,1667.34,3582.42,0.0,146,2025-12-01,perdut,baixa,televenda,250.8,0,4.17,Client sense comprar des de fa 146 dies. Historial previ de 1400 dies. Possible pèrdua de compte. Requereix trucada de reactivació.,,
1000082538,Madrid,Bioseguridad,perdut,0.722,1667.34,1203.31,464.03,243,2025-12-01,perdut,baixa,televenda,441.0,0,4.17,Client sense comprar des de fa 243 dies. Historial previ de 684 dies. Possible pèrdua de compte. Requereix trucada de reactivació.,,
28947,Sevilla,Bioseguridad,perdut,1.0,1667.34,2938.4,0.0,139,2025-12-01,perdut,baixa,televenda,191.6,0,4.17,Client sense comprar des de fa 139 dies. Historial previ de 1480 dies. Possible pèrdua de compte. Requereix trucada de reactivació.,,
28806,Valencia,Bioseguridad,perdut,0.784,1667.34,1306.46,360.88,287,2025-12-01,perdut,baixa,televenda,440.0,0,4.17,Client sense comprar des de fa 287 dies. Historial previ de 1607 dies. Possible pèrdua de compte. Requereix trucada de reactivació.,,
29230,Sta.Cruz Tenerife,Bioseguridad,perdut,1.0,1667.34,2431.48,0.0,182,2025-12-01,perdut,baixa,televenda,312.0,0,4.17,Client sense comprar des de fa 182 dies. Historial previ de 1742 dies. Possible pèrdua de compte. Requereix trucada de reactivació.,,
1000074113,Zaragoza,Bioseguridad,perdut,0.543,1667.34,904.8,762.54,398,2025-12-01,perdut,baixa,televenda,549.0,0,4.17,Client sense comprar des de fa 398 dies. Historial previ de 1496 dies. Possible pèrdua de compte. Requereix trucada de reactivació.,,
24533,Cantabria,Bioseguridad,perdut,1.0,1667.34,2729.69,0.0,185,2025-12-01,perdut,baixa,televenda,267.0,0,4.17,Client sense comprar des de fa 185 dies. Historial previ de 1253 dies. Possible pèrdua de compte. Requereix trucada de reactivació.,,
22738,Vizcaya,Bioseguridad,perdut,1.0,1667.34,3762.73,0.0,321,2025-12-01,perdut,baixa,televenda,557.0,0,4.17,Client sense comprar des de fa 321 dies. Historial previ de 1435 dies. Possible pèrdua de compte. Requereix trucada de reactivació.,,
1000082020,Sevilla,Bioseguridad,perdut,0.958,1667.34,1596.5,70.84,272,2025-12-01,perdut,baixa,televenda,391.0,0,4.17,Client sense comprar des de fa 272 dies. Historial previ de 663 dies. Possible pèrdua de compte. Requereix trucada de reactivació.,,
23153,Cantabria,Bioseguridad,perdut,1.0,1667.34,4425.11,0.0,179,2025-12-01,perdut,baixa,televenda,436.3,0,4.17,Client sense comprar des de fa 179 dies. Historial previ de 1488 dies. Possible pèrdua de compte. Requereix trucada de reactivació.,,
1000082001,Vizcaya,Bioseguridad,perdut,0.628,1667.34,1046.82,620.52,174,2025-12-01,perdut,baixa,televenda,545.0,0,4.17,Client sense comprar des de fa 174 dies. Historial previ de 719 dies. Possible pèrdua de compte. Requereix trucada de reactivació.,,
9810,Las Palmas,Bioseguridad,perdut,1.0,1667.34,3986.97,0.0,164,2025-12-01,perdut,baixa,televenda,198.9,0,4.17,Client sense comprar des de fa 164 dies. Historial previ de 1755 dies. Possible pèrdua de compte. Requereix trucada de reactivació.,,
1000080454,Alicante,Bioseguridad,perdut,1.0,1667.34,3420.55,0.0,207,2025-12-01,perdut,baixa,televenda,242.8,0,4.17,Client sense comprar des de fa 207 dies. Historial previ de 1664 dies. Possible pèrdua de compte. Requereix trucada de reactivació.,,
36860,Teruel,Bioseguridad,perdut,0.961,1667.34,1601.62,65.72,740,2025-12-01,perdut,baixa,televenda,1001.0,0,4.17,Client sense comprar des de fa 740 dies. Historial previ de 1741 dies. Possible pèrdua de compte. Requereix trucada de reactivació.,,
1000081988,Murcia,Bioseguridad,perdut,1.0,1667.34,5218.28,0.0,132,2025-12-01,perdut,baixa,televenda,161.0,0,4.17,Client sense comprar des de fa 132 dies. Historial previ de 1742 dies. Possible pèrdua de compte. Requereix trucada de reactivació.,,
1000077779,Jaén,Bioseguridad,perdut,1.0,1667.34,9634.8,0.0,103,2025-12-01,perdut,baixa,televenda,128.8,0,4.17,Client sense comprar des de fa 103 dies. Historial previ de 1777 dies. Possible pèrdua de compte. Requereix trucada de reactivació.,,
37042,Baleares,Bioseguridad,perdut,1.0,1667.34,4023.58,0.0,101,2025-12-01,perdut,baixa,televenda,164.9,0,4.17,Client sense comprar des de fa 101 dies. Historial previ de 1750 dies. Possible pèrdua de compte. Requereix trucada de reactivació.,,
1000081932,Cádiz,Bioseguridad,perdut,0.606,1667.34,1010.77,656.57,404,2025-12-01,perdut,baixa,televenda,399.0,5,4.17,Client sense comprar des de fa 404 dies. Historial previ de 1601 dies. Possible pèrdua de compte. Requereix trucada de reactivació.,,
1000078961,Sevilla,Bioseguridad,perdut,1.0,1667.34,2764.19,0.0,144,2025-12-01,perdut,baixa,televenda,188.0,0,4.17,Client sense comprar des de fa 144 dies. Historial previ de 896 dies. Possible pèrdua de compte. Requereix trucada de reactivació.,,
1000100925,Teruel,Bioseguridad,perdut,0.564,1667.34,940.05,727.29,125,2025-12-01,perdut,baixa,televenda,279.0,0,4.17,Client sense comprar des de fa 125 dies. Historial previ de 404 dies. Possible pèrdua de compte. Requereix trucada de reactivació.,,
8714,Valencia,Bioseguridad,perdut,1.0,1667.34,8991.12,0.0,136,2025-12-01,perdut,baixa,televenda,164.7,0,4.17,Client sense comprar des de fa 136 dies. Historial previ de 1783 dies. Possible pèrdua de compte. Requereix trucada de reactivació.,,
42529,Jaén,Bioseguridad,perdut,1.0,1667.34,6114.84,0.0,132,2025-12-01,perdut,baixa,televenda,137.7,0,4.17,Client sense comprar des de fa 132 dies. Historial previ de 958 dies. Possible pèrdua de compte. Requereix trucada de reactivació.,,
38625,Álava,Bioseguridad,perdut,1.0,1667.34,2554.39,0.0,258,2025-12-01,perdut,baixa,televenda,315.0,0,4.17,Client sense comprar des de fa 258 dies. Historial previ de 573 dies. Possible pèrdua de compte. Requereix trucada de reactivació.,,
1000078140,Valencia,Bioseguridad,perdut,1.0,1667.34,3062.22,0.0,305,2025-12-01,perdut,baixa,televenda,291.0,14,4.17,Client sense comprar des de fa 305 dies. Historial previ de 1760 dies. Possible pèrdua de compte. Requereix trucada de reactivació.,,
39294,Valladolid,Bioseguridad,perdut,1.0,1667.34,3266.1,0.0,235,2025-12-01,perdut,baixa,televenda,481.3,0,4.17,Client sense comprar des de fa 235 dies. Historial previ de 1679 dies. Possible pèrdua de compte. Requereix trucada de reactivació.,,
12295,A Coruña,Bioseguridad,perdut,1.0,1667.34,5922.37,0.0,166,2025-12-01,perdut,baixa,televenda,176.8,0,4.17,Client sense comprar des de fa 166 dies. Historial previ de 1757 dies. Possible pèrdua de compte. Requereix trucada de reactivació.,,
5430,Lleida,Bioseguridad,perdut,0.524,1667.34,874.33,793.01,349,2025-12-01,perdut,baixa,televenda,1166.0,0,4.17,Client sense comprar des de fa 349 dies. Historial previ de 1515 dies. Possible pèrdua de compte. Requereix trucada de reactivació.,,
433,Sevilla,Bioseguridad,perdut,0.865,1667.34,1442.2,225.14,845,2025-12-01,perdut,baixa,televenda,894.0,0,4.17,Client sense comprar des de fa 845 dies. Historial previ de 1739 dies. Possible pèrdua de compte. Requereix trucada de reactivació.,,
11415,Valencia,Bioseguridad,perdut,0.903,1667.34,1506.07,161.27,545,2025-12-01,perdut,baixa,televenda,1113.0,0,4.17,Client sense comprar des de fa 545 dies. Historial previ de 1658 dies. Possible pèrdua de compte. Requereix trucada de reactivació.,,
40828,Cantabria,Bioseguridad,perdut,1.0,1667.34,4636.59,0.0,186,2025-12-01,perdut,baixa,televenda,267.2,0,4.17,Client sense comprar des de fa 186 dies. Historial previ de 1522 dies. Possible pèrdua de compte. Requereix trucada de reactivació.,,
10500,Vizcaya,Bioseguridad,perdut,1.0,1667.34,2553.64,0.0,684,2025-12-01,perdut,baixa,televenda,819.0,0,4.17,Client sense comprar des de fa 684 dies. Historial previ de 1503 dies. Possible pèrdua de compte. Requereix trucada de reactivació.,,
10519,Vizcaya,Bioseguridad,perdut,1.0,1667.34,3421.71,0.0,440,2025-12-01,perdut,baixa,televenda,553.0,0,4.17,Client sense comprar des de fa 440 dies. Historial previ de 1546 dies. Possible pèrdua de compte. Requereix trucada de reactivació.,,
1000081532,Málaga,Bioseguridad,perdut,0.596,1667.34,994.53,672.81,159,2025-12-01,perdut,baixa,televenda,367.0,0,4.17,Client sense comprar des de fa 159 dies. Historial previ de 1627 dies. Possible pèrdua de compte. Requereix trucada de reactivació.,,
1000080773,Guadalajara,Bioseguridad,perdut,1.0,1667.34,5975.6,0.0,159,2025-12-01,perdut,baixa,televenda,159.7,0,4.17,Client sense comprar des de fa 159 dies. Historial previ de 1756 dies. Possible pèrdua de compte. Requereix trucada de reactivació.,,
10549,Vizcaya,Bioseguridad,perdut,1.0,1667.34,1884.09,0.0,383,2025-12-01,perdut,baixa,televenda,1099.0,0,4.17,Client sense comprar des de fa 383 dies. Historial previ de 1482 dies. Possible pèrdua de compte. Requereix trucada de reactivació.,,
1000081518,Málaga,Bioseguridad,perdut,0.975,1667.34,1625.38,41.96,257,2025-12-01,perdut,baixa,televenda,471.7,0,4.17,Client sense comprar des de fa 257 dies. Historial previ de 1672 dies. Possible pèrdua de compte. Requereix trucada de reactivació.,,
1000078364,Navarra,Bioseguridad,perdut,0.57,1667.34,950.45,716.89,175,2025-12-01,perdut,baixa,televenda,747.0,0,4.17,Client sense comprar des de fa 175 dies. Historial previ de 922 dies. Possible pèrdua de compte. Requereix trucada de reactivació.,,
41460,Málaga,Bioseguridad,perdut,1.0,1667.34,5948.6,0.0,144,2025-12-01,perdut,baixa,televenda,182.8,0,4.17,Client sense comprar des de fa 144 dies. Historial previ de 1789 dies. Possible pèrdua de compte. Requereix trucada de reactivació.,,
5728,Madrid,Bioseguridad,perdut,1.0,1667.34,1732.52,0.0,284,2025-12-01,perdut,baixa,televenda,483.3,0,4.17,Client sense comprar des de fa 284 dies. Historial previ de 1734 dies. Possible pèrdua de compte. Requereix trucada de reactivació.,,
41551,Sta.Cruz Tenerife,Bioseguridad,perdut,0.532,1667.34,886.23,781.11,860,2025-12-01,perdut,baixa,televenda,896.0,0,4.17,Client sense comprar des de fa 860 dies. Historial previ de 1756 dies. Possible pèrdua de compte. Requereix trucada de reactivació.,,
36609,La Rioja,Bioseguridad,perdut,0.66,1667.34,1100.61,566.73,311,2025-12-01,perdut,baixa,televenda,1151.0,0,4.17,Client sense comprar des de fa 311 dies. Historial previ de 1462 dies. Possible pèrdua de compte. Requereix trucada de reactivació.,,
9948,Alicante,Bioseguridad,perdut,1.0,1667.34,8216.35,0.0,161,2025-12-01,perdut,baixa,televenda,146.3,14,4.17,Client sense comprar des de fa 161 dies. Historial previ de 1624 dies. Possible pèrdua de compte. Requereix trucada de reactivació.,,
34726,Asturias,Bioseguridad,perdut,0.98,1667.34,1634.55,32.79,188,2025-12-01,perdut,baixa,televenda,321.3,0,4.17,Client sense comprar des de fa 188 dies. Historial previ de 1152 dies. Possible pèrdua de compte. Requereix trucada de reactivació.,,
35139,Vizcaya,Bioseguridad,perdut,1.0,1667.34,2513.63,0.0,451,2025-12-01,perdut,baixa,televenda,1008.0,0,4.17,Client sense comprar des de fa 451 dies. Historial previ de 1459 dies. Possible pèrdua de compte. Requereix trucada de reactivació.,,
30291,Sevilla,Bioseguridad,perdut,1.0,1667.34,1887.26,0.0,269,2025-12-01,perdut,baixa,televenda,499.3,0,4.17,Client sense comprar des de fa 269 dies. Historial previ de 1767 dies. Possible pèrdua de compte. Requereix trucada de reactivació.,,
30453,Lugo,Bioseguridad,perdut,1.0,1667.34,5572.87,0.0,95,2025-12-01,perdut,baixa,televenda,273.0,0,4.17,Client sense comprar des de fa 95 dies. Historial previ de 1733 dies. Possible pèrdua de compte. Requereix trucada de reactivació.,,
8323,Alicante,Bioseguridad,perdut,1.0,1667.34,2103.77,0.0,444,2025-12-01,perdut,baixa,televenda,547.0,0,4.17,Client sense comprar des de fa 444 dies. Historial previ de 1538 dies. Possible pèrdua de compte. Requereix trucada de reactivació.,,
1000056276,Valencia,Bioseguridad,perdut,0.838,1667.34,1397.17,270.17,385,2025-12-01,perdut,baixa,televenda,522.0,0,4.17,Client sense comprar des de fa 385 dies. Historial previ de 907 dies. Possible pèrdua de compte. Requereix trucada de reactivació.,,
1000082269,Valladolid,Bioseguridad,perdut,1.0,1667.34,5643.68,0.0,161,2025-12-01,perdut,baixa,televenda,367.7,0,4.17,Client sense comprar des de fa 161 dies. Historial previ de 1264 dies. Possible pèrdua de compte. Requereix trucada de reactivació.,,
1000070274,Barcelona,Bioseguridad,perdut,0.854,1667.34,1423.15,244.19,196,2025-12-01,perdut,baixa,televenda,440.3,0,4.17,Client sense comprar des de fa 196 dies. Historial previ de 1517 dies. Possible pèrdua de compte. Requereix trucada de reactivació.,,
1000080966,Sta.Cruz Tenerife,Bioseguridad,perdut,1.0,1667.34,4386.17,0.0,223,2025-12-01,perdut,baixa,televenda,263.0,0,4.17,Client sense comprar des de fa 223 dies. Historial previ de 1538 dies. Possible pèrdua de compte. Requereix trucada de reactivació.,,
34311,A Coruña,Bioseguridad,perdut,1.0,1667.34,2635.4,0.0,178,2025-12-01,perdut,baixa,televenda,218.3,0,4.17,Client sense comprar des de fa 178 dies. Historial previ de 1706 dies. Possible pèrdua de compte. Requereix trucada de reactivació.,,
1000041273,Cuenca,Bioseguridad,perdut,0.586,1667.34,976.76,690.58,250,2025-12-01,perdut,baixa,televenda,847.0,0,4.17,Client sense comprar des de fa 250 dies. Historial previ de 1097 dies. Possible pèrdua de compte. Requereix trucada de reactivació.,,
9527,Zaragoza,Bioseguridad,perdut,1.0,1667.34,2015.42,0.0,445,2025-12-01,perdut,baixa,televenda,436.3,8,4.17,Client sense comprar des de fa 445 dies. Historial previ de 1754 dies. Possible pèrdua de compte. Requereix trucada de reactivació.,,
1000081101,Huelva,Bioseguridad,perdut,1.0,1667.34,8971.5,0.0,94,2025-12-01,perdut,baixa,televenda,107.1,0,4.17,Client sense comprar des de fa 94 dies. Historial previ de 1700 dies. Possible pèrdua de compte. Requereix trucada de reactivació.,,
1000068778,Salamanca,Bioseguridad,perdut,1.0,1667.34,7312.72,0.0,210,2025-12-01,perdut,baixa,televenda,245.7,0,4.17,Client sense comprar des de fa 210 dies. Historial previ de 1684 dies. Possible pèrdua de compte. Requereix trucada de reactivació.,,
1000081028,Valencia,Bioseguridad,perdut,1.0,1667.34,4263.58,0.0,196,2025-12-01,perdut,baixa,televenda,326.2,0,4.17,Client sense comprar des de fa 196 dies. Historial previ de 1501 dies. Possible pèrdua de compte. Requereix trucada de reactivació.,,
41580,Ciudad Real,Bioseguridad,perdut,0.503,1667.34,838.34,829.0,151,2025-12-01,perdut,baixa,televenda,143.9,7,4.17,Client sense comprar des de fa 151 dies. Historial previ de 1302 dies. Possible pèrdua de compte. Requereix trucada de reactivació.,,
35398,Murcia,Bioseguridad,perdut,1.0,1667.34,3856.29,0.0,180,2025-12-01,perdut,baixa,televenda,181.1,0,4.17,Client sense comprar des de fa 180 dies. Historial previ de 1448 dies. Possible pèrdua de compte. Requereix trucada de reactivació.,,
3683,Asturias,Bioseguridad,perdut,1.0,1667.34,2108.51,0.0,683,2025-12-01,perdut,baixa,televenda,1038.0,0,4.17,Client sense comprar des de fa 683 dies. Historial previ de 1721 dies. Possible pèrdua de compte. Requereix trucada de reactivació.,,
1000056963,Valencia,Bioseguridad,perdut,1.0,1667.34,5557.58,0.0,222,2025-12-01,perdut,baixa,televenda,290.8,0,4.17,Client sense comprar des de fa 222 dies. Historial previ de 1676 dies. Possible pèrdua de compte. Requereix trucada de reactivació.,,
1000082097,Madrid,Bioseguridad,perdut,1.0,1667.34,2733.6,0.0,145,2025-12-01,perdut,baixa,televenda,268.6,0,4.17,Client sense comprar des de fa 145 dies. Historial previ de 1488 dies. Possible pèrdua de compte. Requereix trucada de reactivació.,,
35193,Madrid,Bioseguridad,perdut,1.0,1667.34,1887.23,0.0,96,2025-12-01,perdut,baixa,televenda,601.0,0,4.17,Client sense comprar des de fa 96 dies. Historial previ de 1298 dies. Possible pèrdua de compte. Requereix trucada de reactivació.,,
1000081093,Valencia,Bioseguridad,perdut,1.0,1667.34,8269.18,0.0,143,2025-12-01,perdut,baixa,televenda,172.1,0,4.17,Client sense comprar des de fa 143 dies. Historial previ de 1692 dies. Possible pèrdua de compte. Requereix trucada de reactivació.,,
1000100321,Badajoz,Bioseguridad,perdut,1.0,1086.44,3686.59,0.0,91,2025-12-01,perdut,baixa,televenda,78.7,12,4.14,Client sense comprar des de fa 91 dies. Historial previ de 878 dies. Possible pèrdua de compte. Requereix trucada de reactivació.,,
11905,Castellón,Bioseguridad,perdut,0.263,1086.44,285.52,800.92,734,2025-12-01,perdut,baixa,televenda,869.0,0,4.0,Client sense comprar des de fa 734 dies. Historial previ de 1603 dies. Possible pèrdua de compte. Requereix trucada de reactivació.,,
5602,León,Bioseguridad,perdut,1.0,1086.44,5882.98,0.0,367,2025-12-01,perdut,baixa,televenda,322.0,45,3.8,Client sense comprar des de fa 367 dies. Historial previ de 1655 dies. Possible pèrdua de compte. Requereix trucada de reactivació.,,
1000078424,Madrid,Bioseguridad,perdut,1.0,1086.44,2303.65,0.0,258,2025-12-01,perdut,baixa,televenda,227.3,30,3.58,Client sense comprar des de fa 258 dies. Historial previ de 1622 dies. Possible pèrdua de compte. Requereix trucada de reactivació.,,
1000080252,A Coruña,Bioseguridad,perdut,0.355,1086.44,385.72,700.72,605,2025-12-01,perdut,baixa,televenda,563.5,41,3.5,Client sense comprar des de fa 605 dies. Historial previ de 1732 dies. Possible pèrdua de compte. Requereix trucada de reactivació.,,
15484,Madrid,Bioseguridad,perdut,1.0,1086.44,2370.54,0.0,258,2025-12-01,perdut,baixa,televenda,228.2,29,3.45,Client sense comprar des de fa 258 dies. Historial previ de 1627 dies. Possible pèrdua de compte. Requereix trucada de reactivació.,,
519,Valencia,Bioseguridad,perdut,1.0,1086.44,5916.59,0.0,179,2025-12-01,perdut,baixa,televenda,158.8,20,3.42,Client sense comprar des de fa 179 dies. Historial previ de 1767 dies. Possible pèrdua de compte. Requereix trucada de reactivació.,,
21097,Murcia,Bioseguridad,perdut,1.0,1086.44,8286.97,0.0,154,2025-12-01,perdut,baixa,televenda,136.5,17,3.38,Client sense comprar des de fa 154 dies. Historial previ de 1656 dies. Possible pèrdua de compte. Requereix trucada de reactivació.,,
2788,Madrid,Bioseguridad,perdut,1.0,1086.44,1866.48,0.0,363,2025-12-01,perdut,baixa,televenda,323.8,39,3.27,Client sense comprar des de fa 363 dies. Historial previ de 1658 dies. Possible pèrdua de compte. Requereix trucada de reactivació.,,
1000081777,Guadalajara,Bioseguridad,perdut,0.404,1086.44,439.36,647.08,279,2025-12-01,perdut,baixa,televenda,531.0,0,3.24,Client sense comprar des de fa 279 dies. Historial previ de 1341 dies. Possible pèrdua de compte. Requereix trucada de reactivació.,,
39653,Madrid,Bioseguridad,perdut,1.0,1086.44,5199.52,0.0,151,2025-12-01,perdut,baixa,televenda,134.7,16,3.23,Client sense comprar des de fa 151 dies. Historial previ de 1767 dies. Possible pèrdua de compte. Requereix trucada de reactivació.,,
42658,Madrid,Bioseguridad,perdut,0.416,1086.44,451.88,634.56,119,2025-12-01,perdut,baixa,televenda,154.8,0,3.17,Client sense comprar des de fa 119 dies. Historial previ de 738 dies. Possible pèrdua de compte. Requereix trucada de reactivació.,,
24226,Barcelona,Bioseguridad,perdut,1.0,1086.44,2782.77,0.0,320,2025-12-01,perdut,baixa,televenda,286.8,33,3.13,Client sense comprar des de fa 320 dies. Historial previ de 1754 dies. Possible pèrdua de compte. Requereix trucada de reactivació.,,
1000100313,Zaragoza,Bioseguridad,perdut,0.426,1086.44,462.68,623.76,431,2025-12-01,perdut,baixa,televenda,450.0,0,3.12,Client sense comprar des de fa 431 dies. Historial previ de 881 dies. Possible pèrdua de compte. Requereix trucada de reactivació.,,
1000079072,Madrid,Bioseguridad,perdut,1.0,1086.44,1960.46,0.0,304,2025-12-01,perdut,baixa,televenda,272.2,31,3.09,Client sense comprar des de fa 304 dies. Historial previ de 1665 dies. Possible pèrdua de compte. Requereix trucada de reactivació.,,
10711,Zaragoza,Bioseguridad,perdut,0.432,1086.44,469.43,617.01,251,2025-12-01,perdut,baixa,televenda,1097.0,0,3.09,Client sense comprar des de fa 251 dies. Historial previ de 1348 dies. Possible pèrdua de compte. Requereix trucada de reactivació.,,
1000042570,Guadalajara,Bioseguridad,perdut,0.448,1086.44,486.67,599.77,431,2025-12-01,perdut,baixa,televenda,619.5,0,3.0,Client sense comprar des de fa 431 dies. Historial previ de 1670 dies. Possible pèrdua de compte. Requereix trucada de reactivació.,,
43019,Madrid,Bioseguridad,perdut,0.452,1086.44,490.66,595.78,117,2025-12-01,perdut,baixa,televenda,152.0,0,2.98,Client sense comprar des de fa 117 dies. Historial previ de 269 dies. Possible pèrdua de compte. Requereix trucada de reactivació.,,
1000078779,A Coruña,Bioseguridad,perdut,1.0,1086.44,1921.7,0.0,364,2025-12-01,perdut,baixa,televenda,328.0,36,2.98,Client sense comprar des de fa 364 dies. Historial previ de 1676 dies. Possible pèrdua de compte. Requereix trucada de reactivació.,,
6488,Madrid,Bioseguridad,perdut,0.466,1086.44,505.76,580.68,315,2025-12-01,perdut,baixa,televenda,802.0,0,2.9,Client sense comprar des de fa 315 dies. Historial previ de 1117 dies. Possible pèrdua de compte. Requereix trucada de reactivació.,,
1000069407,Madrid,Bioseguridad,perdut,1.0,879.2,2255.52,0.0,326,2025-12-01,perdut,baixa,televenda,288.4,37,2.82,Client sense comprar des de fa 326 dies. Historial previ de 1768 dies. Possible pèrdua de compte. Requereix trucada de reactivació.,,
28629,Madrid,Bioseguridad,perdut,0.49,1086.44,532.7,553.74,285,2025-12-01,perdut,baixa,televenda,266.0,19,2.77,Client sense comprar des de fa 285 dies. Historial previ de 551 dies. Possible pèrdua de compte. Requereix trucada de reactivació.,,
9722,Ciudad Real,Bioseguridad,perdut,1.0,1086.44,1963.94,0.0,306,2025-12-01,perdut,baixa,televenda,612.0,0,2.72,Client sense comprar des de fa 306 dies. Historial previ de 1530 dies. Possible pèrdua de compte. Requereix trucada de reactivació.,,
9520,Barcelona,Bioseguridad,perdut,1.0,1086.44,4110.51,0.0,175,2025-12-01,perdut,baixa,televenda,170.7,4,2.72,Client sense comprar des de fa 175 dies. Historial previ de 1711 dies. Possible pèrdua de compte. Requereix trucada de reactivació.,,
22846,A Coruña,Bioseguridad,perdut,1.0,1086.44,1232.8,0.0,390,2025-12-01,perdut,baixa,televenda,611.5,0,2.72,Client sense comprar des de fa 390 dies. Historial previ de 1613 dies. Possible pèrdua de compte. Requereix trucada de reactivació.,,
10039,Córdoba,Bioseguridad,perdut,1.0,1086.44,2743.04,0.0,146,2025-12-01,perdut,baixa,televenda,299.8,0,2.72,Client sense comprar des de fa 146 dies. Historial previ de 1645 dies. Possible pèrdua de compte. Requereix trucada de reactivació.,,
10533,Vizcaya,Bioseguridad,perdut,0.826,1086.44,897.51,188.93,601,2025-12-01,perdut,baixa,televenda,847.0,0,2.72,Client sense comprar des de fa 601 dies. Historial previ de 1448 dies. Possible pèrdua de compte. Requereix trucada de reactivació.,,
1000100179,Burgos,Bioseguridad,perdut,1.0,1086.44,1551.67,0.0,307,2025-12-01,perdut,baixa,televenda,326.0,0,2.72,Client sense comprar des de fa 307 dies. Historial previ de 959 dies. Possible pèrdua de compte. Requereix trucada de reactivació.,,
22496,Granada,Bioseguridad,perdut,1.0,1086.44,1469.92,0.0,217,2025-12-01,perdut,baixa,televenda,356.3,0,2.72,Client sense comprar des de fa 217 dies. Historial previ de 1286 dies. Possible pèrdua de compte. Requereix trucada de reactivació.,,
1000078661,Almería,Bioseguridad,perdut,1.0,1086.44,2055.08,0.0,173,2025-12-01,perdut,baixa,televenda,221.2,0,2.72,Client sense comprar des de fa 173 dies. Historial previ de 1279 dies. Possible pèrdua de compte. Requereix trucada de reactivació.,,
10826,Zaragoza,Bioseguridad,perdut,0.622,1086.44,675.7,410.74,153,2025-12-01,perdut,baixa,televenda,221.0,0,2.72,Client sense comprar des de fa 153 dies. Historial previ de 374 dies. Possible pèrdua de compte. Requereix trucada de reactivació.,,
9546,Madrid,Bioseguridad,perdut,0.658,1086.44,715.39,371.05,97,2025-12-01,perdut,baixa,televenda,607.5,0,2.72,Client sense comprar des de fa 97 dies. Historial previ de 1312 dies. Possible pèrdua de compte. Requereix trucada de reactivació.,,
1000079099,Madrid,Bioseguridad,perdut,1.0,1086.44,2285.67,0.0,321,2025-12-01,perdut,baixa,televenda,571.0,0,2.72,Client sense comprar des de fa 321 dies. Historial previ de 1463 dies. Possible pèrdua de compte. Requereix trucada de reactivació.,,
369,Soria,Bioseguridad,perdut,1.0,1086.44,1373.75,0.0,403,2025-12-01,perdut,baixa,televenda,413.0,0,2.72,Client sense comprar des de fa 403 dies. Historial previ de 1642 dies. Possible pèrdua de compte. Requereix trucada de reactivació.,,
9561,Granada,Bioseguridad,perdut,1.0,1086.44,1149.8,0.0,427,2025-12-01,perdut,baixa,televenda,983.0,0,2.72,Client sense comprar des de fa 427 dies. Historial previ de 1410 dies. Possible pèrdua de compte. Requereix trucada de reactivació.,,
2784,Madrid,Bioseguridad,perdut,1.0,1086.44,1284.64,0.0,188,2025-12-01,perdut,baixa,televenda,605.0,0,2.72,Client sense comprar des de fa 188 dies. Historial previ de 1398 dies. Possible pèrdua de compte. Requereix trucada de reactivació.,,
22813,Madrid,Bioseguridad,perdut,1.0,1086.44,1449.89,0.0,304,2025-12-01,perdut,baixa,televenda,365.3,0,2.72,Client sense comprar des de fa 304 dies. Historial previ de 1400 dies. Possible pèrdua de compte. Requereix trucada de reactivació.,,
16831,Madrid,Bioseguridad,perdut,1.0,1086.44,1417.53,0.0,305,2025-12-01,perdut,baixa,televenda,370.5,0,2.72,Client sense comprar des de fa 305 dies. Historial previ de 1046 dies. Possible pèrdua de compte. Requereix trucada de reactivació.,,
1000078406,Madrid,Bioseguridad,perdut,1.0,1086.44,4025.12,0.0,151,2025-12-01,perdut,baixa,televenda,175.9,0,2.72,Client sense comprar des de fa 151 dies. Historial previ de 1734 dies. Possible pèrdua de compte. Requereix trucada de reactivació.,,
1000079341,Almería,Bioseguridad,perdut,1.0,1086.44,3141.31,0.0,98,2025-12-01,perdut,baixa,televenda,159.0,0,2.72,Client sense comprar des de fa 98 dies. Historial previ de 1529 dies. Possible pèrdua de compte. Requereix trucada de reactivació.,,
1000076917,Pontevedra,Bioseguridad,perdut,0.845,1086.44,918.11,168.33,220,2025-12-01,perdut,baixa,televenda,1557.0,0,2.72,Client sense comprar des de fa 220 dies. Historial previ de 1777 dies. Possible pèrdua de compte. Requereix trucada de reactivació.,,
20451,Lleida,Bioseguridad,perdut,1.0,1086.44,8815.73,0.0,97,2025-12-01,perdut,baixa,televenda,126.5,0,2.72,Client sense comprar des de fa 97 dies. Historial previ de 1742 dies. Possible pèrdua de compte. Requereix trucada de reactivació.,,
20450,Baleares,Bioseguridad,perdut,1.0,1086.44,1513.23,0.0,642,2025-12-01,perdut,baixa,televenda,778.0,0,2.72,Client sense comprar des de fa 642 dies. Historial previ de 1420 dies. Possible pèrdua de compte. Requereix trucada de reactivació.,,
14017,Albacete,Bioseguridad,perdut,0.571,1086.44,619.99,466.45,629,2025-12-01,perdut,baixa,televenda,875.0,0,2.72,Client sense comprar des de fa 629 dies. Historial previ de 1504 dies. Possible pèrdua de compte. Requereix trucada de reactivació.,,
1000077525,Palencia,Bioseguridad,perdut,1.0,1086.44,1724.71,0.0,144,2025-12-01,perdut,baixa,televenda,450.3,0,2.72,Client sense comprar des de fa 144 dies. Historial previ de 1495 dies. Possible pèrdua de compte. Requereix trucada de reactivació.,,
2821,Madrid,Bioseguridad,perdut,0.871,1086.44,946.02,140.42,144,2025-12-01,perdut,baixa,televenda,320.0,0,2.72,Client sense comprar des de fa 144 dies. Historial previ de 1424 dies. Possible pèrdua de compte. Requereix trucada de reactivació.,,
14557,Ávila,Bioseguridad,perdut,1.0,1086.44,2292.83,0.0,255,2025-12-01,perdut,baixa,televenda,544.5,0,2.72,Client sense comprar des de fa 255 dies. Historial previ de 1344 dies. Possible pèrdua de compte. Requereix trucada de reactivació.,,
14837,Barcelona,Bioseguridad,perdut,1.0,1086.44,3745.91,0.0,172,2025-12-01,perdut,baixa,televenda,255.5,0,2.72,Client sense comprar des de fa 172 dies. Historial previ de 1705 dies. Possible pèrdua de compte. Requereix trucada de reactivació.,,
15006,Barcelona,Bioseguridad,perdut,1.0,1086.44,3186.9,0.0,217,2025-12-01,perdut,baixa,televenda,229.8,0,2.72,Client sense comprar des de fa 217 dies. Historial previ de 1596 dies. Possible pèrdua de compte. Requereix trucada de reactivació.,,
1000100575,Teruel,Bioseguridad,perdut,1.0,1086.44,1820.0,0.0,91,2025-12-01,perdut,baixa,televenda,174.7,0,2.72,Client sense comprar des de fa 91 dies. Historial previ de 615 dies. Possible pèrdua de compte. Requereix trucada de reactivació.,,
1000077453,Huelva,Bioseguridad,perdut,1.0,1086.44,3789.03,0.0,118,2025-12-01,perdut,baixa,televenda,384.5,0,2.72,Client sense comprar des de fa 118 dies. Historial previ de 1656 dies. Possible pèrdua de compte. Requereix trucada de reactivació.,,
1000079602,Murcia,Bioseguridad,perdut,1.0,1086.44,1573.36,0.0,362,2025-12-01,perdut,baixa,televenda,343.2,18,2.72,Client sense comprar des de fa 362 dies. Historial previ de 1735 dies. Possible pèrdua de compte. Requereix trucada de reactivació.,,
15264,Cáceres,Bioseguridad,perdut,0.697,1086.44,757.74,328.7,161,2025-12-01,perdut,baixa,televenda,1286.0,0,2.72,Client sense comprar des de fa 161 dies. Historial previ de 1447 dies. Possible pèrdua de compte. Requereix trucada de reactivació.,,
15504,Almería,Bioseguridad,perdut,1.0,1086.44,1840.85,0.0,444,2025-12-01,perdut,baixa,televenda,410.5,33,2.72,Client sense comprar des de fa 444 dies. Historial previ de 1265 dies. Possible pèrdua de compte. Requereix trucada de reactivació.,,
18936,Madrid,Bioseguridad,perdut,1.0,1086.44,2204.31,0.0,220,2025-12-01,perdut,baixa,televenda,507.0,0,2.72,Client sense comprar des de fa 220 dies. Historial previ de 1741 dies. Possible pèrdua de compte. Requereix trucada de reactivació.,,
16742,Madrid,Bioseguridad,perdut,1.0,1086.44,3332.01,0.0,187,2025-12-01,perdut,baixa,televenda,213.5,0,2.72,Client sense comprar des de fa 187 dies. Historial previ de 1468 dies. Possible pèrdua de compte. Requereix trucada de reactivació.,,
16804,Sevilla,Bioseguridad,perdut,1.0,1086.44,5367.89,0.0,194,2025-12-01,perdut,baixa,televenda,327.8,0,2.72,Client sense comprar des de fa 194 dies. Historial previ de 1505 dies. Possible pèrdua de compte. Requereix trucada de reactivació.,,
16818,Valladolid,Bioseguridad,perdut,1.0,1086.44,1571.13,0.0,157,2025-12-01,perdut,baixa,televenda,289.3,0,2.72,Client sense comprar des de fa 157 dies. Historial previ de 1025 dies. Possible pèrdua de compte. Requereix trucada de reactivació.,,
1000077081,Murcia,Bioseguridad,perdut,1.0,1086.44,1352.4,0.0,304,2025-12-01,perdut,baixa,televenda,458.3,0,2.72,Client sense comprar des de fa 304 dies. Historial previ de 1679 dies. Possible pèrdua de compte. Requereix trucada de reactivació.,,
8389,Madrid,Bioseguridad,perdut,1.0,1086.44,1231.76,0.0,686,2025-12-01,perdut,baixa,televenda,654.0,32,2.72,Client sense comprar des de fa 686 dies. Historial previ de 1340 dies. Possible pèrdua de compte. Requereix trucada de reactivació.,,
13701,Barcelona,Bioseguridad,perdut,0.855,1086.44,928.56,157.88,766,2025-12-01,perdut,baixa,televenda,912.0,0,2.72,Client sense comprar des de fa 766 dies. Historial previ de 1678 dies. Possible pèrdua de compte. Requereix trucada de reactivació.,,
477,Sevilla,Bioseguridad,perdut,1.0,1086.44,2359.23,0.0,153,2025-12-01,perdut,baixa,televenda,381.0,0,2.72,Client sense comprar des de fa 153 dies. Historial previ de 1677 dies. Possible pèrdua de compte. Requereix trucada de reactivació.,,
1000077805,Barcelona,Bioseguridad,perdut,1.0,1086.44,8091.83,0.0,157,2025-12-01,perdut,baixa,televenda,160.6,0,2.72,Client sense comprar des de fa 157 dies. Historial previ de 1763 dies. Possible pèrdua de compte. Requereix trucada de reactivació.,,
1036,Valladolid,Bioseguridad,perdut,0.837,1086.44,908.96,177.48,432,2025-12-01,perdut,baixa,televenda,634.0,0,2.72,Client sense comprar des de fa 432 dies. Historial previ de 1700 dies. Possible pèrdua de compte. Requereix trucada de reactivació.,,
1000079729,Madrid,Bioseguridad,perdut,0.87,1086.44,945.45,140.99,402,2025-12-01,perdut,baixa,televenda,673.5,0,2.72,Client sense comprar des de fa 402 dies. Historial previ de 1749 dies. Possible pèrdua de compte. Requereix trucada de reactivació.,,
1000076767,Sevilla,Bioseguridad,perdut,1.0,1086.44,2139.75,0.0,222,2025-12-01,perdut,baixa,televenda,325.8,0,2.72,Client sense comprar des de fa 222 dies. Historial previ de 1525 dies. Possible pèrdua de compte. Requereix trucada de reactivació.,,
21846,Barcelona,Bioseguridad,perdut,1.0,1086.44,1786.32,0.0,439,2025-12-01,perdut,baixa,televenda,676.0,0,2.72,Client sense comprar des de fa 439 dies. Historial previ de 1791 dies. Possible pèrdua de compte. Requereix trucada de reactivació.,,
11014,Madrid,Bioseguridad,perdut,0.549,1086.44,596.6,489.84,178,2025-12-01,perdut,baixa,televenda,1073.0,0,2.72,Client sense comprar des de fa 178 dies. Historial previ de 1251 dies. Possible pèrdua de compte. Requereix trucada de reactivació.,,
1000101221,Málaga,Bioseguridad,perdut,0.556,1086.44,603.82,482.62,102,2025-12-01,perdut,baixa,televenda,203.0,0,2.72,Client sense comprar des de fa 102 dies. Historial previ de 305 dies. Possible pèrdua de compte. Requereix trucada de reactivació.,,
11041,Asturias,Bioseguridad,perdut,1.0,1086.44,2610.16,0.0,377,2025-12-01,perdut,baixa,televenda,471.3,0,2.72,Client sense comprar des de fa 377 dies. Historial previ de 1791 dies. Possible pèrdua de compte. Requereix trucada de reactivació.,,
2807,Madrid,Bioseguridad,perdut,1.0,1086.44,3362.34,0.0,385,2025-12-01,perdut,baixa,televenda,423.7,0,2.72,Client sense comprar des de fa 385 dies. Historial previ de 1656 dies. Possible pèrdua de compte. Requereix trucada de reactivació.,,
1000079195,Málaga,Bioseguridad,perdut,1.0,1086.44,5707.01,0.0,223,2025-12-01,perdut,baixa,televenda,263.4,0,2.72,Client sense comprar des de fa 223 dies. Historial previ de 1540 dies. Possible pèrdua de compte. Requereix trucada de reactivació.,,
1000101025,Ciudad Real,Bioseguridad,perdut,0.777,1086.44,844.7,241.74,101,2025-12-01,perdut,baixa,televenda,245.0,0,2.72,Client sense comprar des de fa 101 dies. Historial previ de 591 dies. Possible pèrdua de compte. Requereix trucada de reactivació.,,
1000076769,Valladolid,Bioseguridad,perdut,1.0,1086.44,1289.39,0.0,248,2025-12-01,perdut,baixa,televenda,718.0,0,2.72,Client sense comprar des de fa 248 dies. Historial previ de 1684 dies. Possible pèrdua de compte. Requereix trucada de reactivació.,,
1000078007,Valencia,Bioseguridad,perdut,1.0,1086.44,1219.91,0.0,179,2025-12-01,perdut,baixa,televenda,494.0,0,2.72,Client sense comprar des de fa 179 dies. Historial previ de 1167 dies. Possible pèrdua de compte. Requereix trucada de reactivació.,,
12828,Barcelona,Bioseguridad,perdut,1.0,1086.44,7911.31,0.0,97,2025-12-01,perdut,baixa,televenda,129.3,0,2.72,Client sense comprar des de fa 97 dies. Historial previ de 1778 dies. Possible pèrdua de compte. Requereix trucada de reactivació.,,
12897,Barcelona,Bioseguridad,perdut,1.0,1086.44,1132.88,0.0,423,2025-12-01,perdut,baixa,televenda,1032.0,0,2.72,Client sense comprar des de fa 423 dies. Historial previ de 1455 dies. Possible pèrdua de compte. Requereix trucada de reactivació.,,
13031,Barcelona,Bioseguridad,perdut,1.0,1086.44,5557.42,0.0,208,2025-12-01,perdut,baixa,televenda,247.0,0,2.72,Client sense comprar des de fa 208 dies. Historial previ de 1690 dies. Possible pèrdua de compte. Requereix trucada de reactivació.,,
21315,Zaragoza,Bioseguridad,perdut,1.0,1086.44,3940.96,0.0,196,2025-12-01,perdut,baixa,televenda,191.2,4,2.72,Client sense comprar des de fa 196 dies. Historial previ de 1726 dies. Possible pèrdua de compte. Requereix trucada de reactivació.,,
1000100928,Barcelona,Bioseguridad,perdut,1.0,1086.44,1707.34,0.0,153,2025-12-01,perdut,baixa,televenda,245.5,0,2.72,Client sense comprar des de fa 153 dies. Historial previ de 644 dies. Possible pèrdua de compte. Requereix trucada de reactivació.,,
13173,Barcelona,Bioseguridad,perdut,1.0,1086.44,9806.51,0.0,97,2025-12-01,perdut,baixa,televenda,98.8,0,2.72,Client sense comprar des de fa 97 dies. Historial previ de 1777 dies. Possible pèrdua de compte. Requereix trucada de reactivació.,,
13417,Barcelona,Bioseguridad,perdut,1.0,1086.44,1564.53,0.0,220,2025-12-01,perdut,baixa,televenda,235.2,0,2.72,Client sense comprar des de fa 220 dies. Historial previ de 1161 dies. Possible pèrdua de compte. Requereix trucada de reactivació.,,
12209,Girona,Bioseguridad,perdut,1.0,1086.44,2837.21,0.0,298,2025-12-01,perdut,baixa,televenda,295.5,2,2.72,Client sense comprar des de fa 298 dies. Historial previ de 1480 dies. Possible pèrdua de compte. Requereix trucada de reactivació.,,
1000044587,Murcia,Bioseguridad,perdut,1.0,1086.44,1927.81,0.0,208,2025-12-01,perdut,baixa,televenda,287.2,0,2.72,Client sense comprar des de fa 208 dies. Historial previ de 1644 dies. Possible pèrdua de compte. Requereix trucada de reactivació.,,
23200,Madrid,Bioseguridad,perdut,1.0,1086.44,2926.06,0.0,215,2025-12-01,perdut,baixa,televenda,247.2,0,2.72,Client sense comprar des de fa 215 dies. Historial previ de 1698 dies. Possible pèrdua de compte. Requereix trucada de reactivació.,,
1000080531,Málaga,Bioseguridad,perdut,0.782,1086.44,849.59,236.85,370,2025-12-01,perdut,baixa,televenda,507.0,0,2.72,Client sense comprar des de fa 370 dies. Historial previ de 1384 dies. Possible pèrdua de compte. Requereix trucada de reactivació.,,
1000066626,Barcelona,Bioseguridad,perdut,1.0,1086.44,1338.58,0.0,248,2025-12-01,perdut,baixa,televenda,409.3,0,2.72,Client sense comprar des de fa 248 dies. Historial previ de 1476 dies. Possible pèrdua de compte. Requereix trucada de reactivació.,,
37464,Valladolid,Bioseguridad,perdut,1.0,1086.44,9420.69,0.0,91,2025-12-01,perdut,baixa,televenda,84.0,7,2.72,Client sense comprar des de fa 91 dies. Historial previ de 1603 dies. Possible pèrdua de compte. Requereix trucada de reactivació.,,
3745,Asturias,Bioseguridad,perdut,1.0,1086.44,1781.63,0.0,200,2025-12-01,perdut,baixa,televenda,352.3,0,2.72,Client sense comprar des de fa 200 dies. Historial previ de 1257 dies. Possible pèrdua de compte. Requereix trucada de reactivació.,,
1000081914,Asturias,Bioseguridad,perdut,1.0,1086.44,1303.88,0.0,382,2025-12-01,perdut,baixa,televenda,1403.0,0,2.72,Client sense comprar des de fa 382 dies. Historial previ de 1785 dies. Possible pèrdua de compte. Requereix trucada de reactivació.,,
1000081913,Zaragoza,Bioseguridad,perdut,1.0,1086.44,1714.07,0.0,292,2025-12-01,perdut,baixa,televenda,497.3,0,2.72,Client sense comprar des de fa 292 dies. Historial previ de 1784 dies. Possible pèrdua de compte. Requereix trucada de reactivació.,,
1000065584,Sta.Cruz Tenerife,Bioseguridad,perdut,1.0,1086.44,1815.89,0.0,566,2025-12-01,perdut,baixa,televenda,811.0,0,2.72,Client sense comprar des de fa 566 dies. Historial previ de 1377 dies. Possible pèrdua de compte. Requereix trucada de reactivació.,,
38499,Toledo,Bioseguridad,perdut,1.0,1086.44,1273.82,0.0,91,2025-12-01,perdut,baixa,televenda,91.3,0,2.72,Client sense comprar des de fa 91 dies. Historial previ de 1735 dies. Possible pèrdua de compte. Requereix trucada de reactivació.,,
3754,Asturias,Bioseguridad,perdut,1.0,1086.44,2097.43,0.0,406,2025-12-01,perdut,baixa,televenda,631.5,0,2.72,Client sense comprar des de fa 406 dies. Historial previ de 1669 dies. Possible pèrdua de compte. Requereix trucada de reactivació.,,
1000067502,Zaragoza,Bioseguridad,perdut,1.0,1086.44,2312.77,0.0,377,2025-12-01,perdut,baixa,televenda,351.2,25,2.72,Client sense comprar des de fa 377 dies. Historial previ de 1782 dies. Possible pèrdua de compte. Requereix trucada de reactivació.,,
1000081756,Almería,Bioseguridad,perdut,1.0,1086.44,2252.13,0.0,698,2025-12-01,perdut,baixa,televenda,790.0,0,2.72,Client sense comprar des de fa 698 dies. Historial previ de 1488 dies. Possible pèrdua de compte. Requereix trucada de reactivació.,,
1000080576,Valencia,Bioseguridad,perdut,1.0,1086.44,1625.51,0.0,179,2025-12-01,perdut,baixa,televenda,803.0,0,2.72,Client sense comprar des de fa 179 dies. Historial previ de 1785 dies. Possible pèrdua de compte. Requereix trucada de reactivació.,,
1000064359,Murcia,Bioseguridad,perdut,1.0,1086.44,4196.65,0.0,110,2025-12-01,perdut,baixa,televenda,129.1,0,2.72,Client sense comprar des de fa 110 dies. Historial previ de 1272 dies. Possible pèrdua de compte. Requereix trucada de reactivació.,,
39860,Sevilla,Bioseguridad,perdut,1.0,1086.44,2192.01,0.0,236,2025-12-01,perdut,baixa,televenda,309.8,0,2.72,Client sense comprar des de fa 236 dies. Historial previ de 1785 dies. Possible pèrdua de compte. Requereix trucada de reactivació.,,
1000081729,Málaga,Bioseguridad,perdut,1.0,1086.44,2631.48,0.0,215,2025-12-01,perdut,baixa,televenda,201.1,13,2.72,Client sense comprar des de fa 215 dies. Historial previ de 1623 dies. Possible pèrdua de compte. Requereix trucada de reactivació.,,
40196,Barcelona,Bioseguridad,perdut,1.0,1086.44,3892.5,0.0,454,2025-12-01,perdut,baixa,televenda,622.5,0,2.72,Client sense comprar des de fa 454 dies. Historial previ de 1699 dies. Possible pèrdua de compte. Requereix trucada de reactivació.,,
40280,Lugo,Bioseguridad,perdut,1.0,1086.44,2598.21,0.0,297,2025-12-01,perdut,baixa,televenda,296.8,0,2.72,Client sense comprar des de fa 297 dies. Historial previ de 1781 dies. Possible pèrdua de compte. Requereix trucada de reactivació.,,
1000076415,Vizcaya,Bioseguridad,perdut,1.0,1086.44,5844.16,0.0,133,2025-12-01,perdut,baixa,televenda,315.0,0,2.72,Client sense comprar des de fa 133 dies. Historial previ de 1708 dies. Possible pèrdua de compte. Requereix trucada de reactivació.,,
36976,Madrid,Bioseguridad,perdut,0.844,1086.44,917.13,169.31,208,2025-12-01,perdut,baixa,televenda,542.0,0,2.72,Client sense comprar des de fa 208 dies. Historial previ de 1292 dies. Possible pèrdua de compte. Requereix trucada de reactivació.,,
1000063976,Barcelona,Bioseguridad,perdut,0.611,1086.44,663.98,422.46,733,2025-12-01,perdut,baixa,televenda,866.0,0,2.72,Client sense comprar des de fa 733 dies. Historial previ de 1599 dies. Possible pèrdua de compte. Requereix trucada de reactivació.,,
1000082136,Valladolid,Bioseguridad,perdut,0.607,1086.44,659.46,426.98,172,2025-12-01,perdut,baixa,televenda,1170.0,0,2.72,Client sense comprar des de fa 172 dies. Historial previ de 1342 dies. Possible pèrdua de compte. Requereix trucada de reactivació.,,
3637,Asturias,Bioseguridad,perdut,1.0,1086.44,5818.7,0.0,333,2025-12-01,perdut,baixa,televenda,336.2,0,2.72,Client sense comprar des de fa 333 dies. Historial previ de 1678 dies. Possible pèrdua de compte. Requereix trucada de reactivació.,,
34123,Vizcaya,Bioseguridad,perdut,1.0,1086.44,9070.49,0.0,150,2025-12-01,perdut,baixa,televenda,200.9,0,2.72,Client sense comprar des de fa 150 dies. Historial previ de 1757 dies. Possible pèrdua de compte. Requereix trucada de reactivació.,,
34232,Sevilla,Bioseguridad,perdut,1.0,1086.44,1256.06,0.0,248,2025-12-01,perdut,baixa,televenda,346.5,0,2.72,Client sense comprar des de fa 248 dies. Historial previ de 941 dies. Possible pèrdua de compte. Requereix trucada de reactivació.,,
34618,Vizcaya,Bioseguridad,perdut,1.0,1086.44,2371.77,0.0,151,2025-12-01,perdut,baixa,televenda,496.7,0,2.72,Client sense comprar des de fa 151 dies. Historial previ de 1641 dies. Possible pèrdua de compte. Requereix trucada de reactivació.,,
34853,Jaén,Bioseguridad,perdut,1.0,1086.44,4331.51,0.0,144,2025-12-01,perdut,baixa,televenda,270.2,0,2.72,Client sense comprar des de fa 144 dies. Historial previ de 1765 dies. Possible pèrdua de compte. Requereix trucada de reactivació.,,
1000080386,Zaragoza,Bioseguridad,perdut,1.0,1086.44,2571.96,0.0,194,2025-12-01,perdut,baixa,televenda,192.5,1,2.72,Client sense comprar des de fa 194 dies. Historial previ de 1734 dies. Possible pèrdua de compte. Requereix trucada de reactivació.,,
7275,Pontevedra,Bioseguridad,perdut,1.0,1086.44,6779.25,0.0,152,2025-12-01,perdut,baixa,televenda,149.0,3,2.72,Client sense comprar des de fa 152 dies. Historial previ de 1791 dies. Possible pèrdua de compte. Requereix trucada de reactivació.,,
7192,Salamanca,Bioseguridad,perdut,1.0,1086.44,1547.02,0.0,91,2025-12-01,perdut,baixa,televenda,695.0,0,2.72,Client sense comprar des de fa 91 dies. Historial previ de 1481 dies. Possible pèrdua de compte. Requereix trucada de reactivació.,,
1000067685,Asturias,Bioseguridad,perdut,1.0,1086.44,1917.91,0.0,255,2025-12-01,perdut,baixa,televenda,381.5,0,2.72,Client sense comprar des de fa 255 dies. Historial previ de 1781 dies. Possible pèrdua de compte. Requereix trucada de reactivació.,,
1000080391,Vizcaya,Bioseguridad,perdut,1.0,1086.44,3225.4,0.0,325,2025-12-01,perdut,baixa,televenda,607.5,0,2.72,Client sense comprar des de fa 325 dies. Historial previ de 1540 dies. Possible pèrdua de compte. Requereix trucada de reactivació.,,
1451,Murcia,Bioseguridad,perdut,0.827,1086.44,898.35,188.09,147,2025-12-01,perdut,baixa,televenda,306.0,0,2.72,Client sense comprar des de fa 147 dies. Historial previ de 1677 dies. Possible pèrdua de compte. Requereix trucada de reactivació.,,
1000068344,Jaén,Bioseguridad,perdut,0.521,1086.44,566.33,520.11,208,2025-12-01,perdut,baixa,televenda,1211.0,0,2.72,Client sense comprar des de fa 208 dies. Historial previ de 1419 dies. Possible pèrdua de compte. Requereix trucada de reactivació.,,
1000082084,Granada,Bioseguridad,perdut,1.0,1086.44,1508.23,0.0,285,2025-12-01,perdut,baixa,televenda,311.2,0,2.72,Client sense comprar des de fa 285 dies. Historial previ de 1530 dies. Possible pèrdua de compte. Requereix trucada de reactivació.,,
1000080413,Madrid,Bioseguridad,perdut,1.0,1086.44,1158.01,0.0,500,2025-12-01,perdut,baixa,televenda,619.5,0,2.72,Client sense comprar des de fa 500 dies. Historial previ de 1739 dies. Possible pèrdua de compte. Requereix trucada de reactivació.,,
35720,Granada,Bioseguridad,perdut,1.0,1086.44,4899.34,0.0,150,2025-12-01,perdut,baixa,televenda,160.0,0,2.72,Client sense comprar des de fa 150 dies. Historial previ de 1750 dies. Possible pèrdua de compte. Requereix trucada de reactivació.,,
6928,Barcelona,Bioseguridad,perdut,1.0,1086.44,2144.15,0.0,544,2025-12-01,perdut,baixa,televenda,918.0,0,2.72,Client sense comprar des de fa 544 dies. Historial previ de 1462 dies. Possible pèrdua de compte. Requereix trucada de reactivació.,,
40374,Barcelona,Bioseguridad,perdut,1.0,1086.44,1192.2,0.0,763,2025-12-01,perdut,baixa,televenda,756.0,7,2.72,Client sense comprar des de fa 763 dies. Historial previ de 1519 dies. Possible pèrdua de compte. Requereix trucada de reactivació.,,
40511,Sevilla,Bioseguridad,perdut,1.0,1086.44,1506.75,0.0,126,2025-12-01,perdut,baixa,televenda,222.5,0,2.72,Client sense comprar des de fa 126 dies. Historial previ de 571 dies. Possible pèrdua de compte. Requereix trucada de reactivació.,,
33322,A Coruña,Bioseguridad,perdut,1.0,1086.44,1524.91,0.0,563,2025-12-01,perdut,baixa,televenda,595.0,0,2.72,Client sense comprar des de fa 563 dies. Historial previ de 1753 dies. Possible pèrdua de compte. Requereix trucada de reactivació.,,
1000037619,La Rioja,Bioseguridad,perdut,1.0,1086.44,2230.06,0.0,130,2025-12-01,perdut,baixa,televenda,399.7,0,2.72,Client sense comprar des de fa 130 dies. Historial previ de 1329 dies. Possible pèrdua de compte. Requereix trucada de reactivació.,,
1000080797,Albacete,Bioseguridad,perdut,0.779,1086.44,845.91,240.53,196,2025-12-01,perdut,baixa,televenda,1397.0,0,2.72,Client sense comprar des de fa 196 dies. Historial previ de 1593 dies. Possible pèrdua de compte. Requereix trucada de reactivació.,,
1000081179,Teruel,Bioseguridad,perdut,0.831,1086.44,903.15,183.29,565,2025-12-01,perdut,baixa,televenda,583.5,0,2.72,Client sense comprar des de fa 565 dies. Historial previ de 1732 dies. Possible pèrdua de compte. Requereix trucada de reactivació.,,
1000081160,Barcelona,Bioseguridad,perdut,1.0,1086.44,3114.38,0.0,178,2025-12-01,perdut,baixa,televenda,266.0,0,2.72,Client sense comprar des de fa 178 dies. Historial previ de 1774 dies. Possible pèrdua de compte. Requereix trucada de reactivació.,,
2170,Pontevedra,Bioseguridad,perdut,1.0,1086.44,2458.0,0.0,171,2025-12-01,perdut,baixa,televenda,392.8,0,2.72,Client sense comprar des de fa 171 dies. Historial previ de 1742 dies. Possible pèrdua de compte. Requereix trucada de reactivació.,,
1000081135,Madrid,Bioseguridad,perdut,1.0,1086.44,1164.31,0.0,374,2025-12-01,perdut,baixa,televenda,526.0,0,2.72,Client sense comprar des de fa 374 dies. Historial previ de 900 dies. Possible pèrdua de compte. Requereix trucada de reactivació.,,
4872,Huelva,Bioseguridad,perdut,1.0,1086.44,6962.98,0.0,217,2025-12-01,perdut,baixa,televenda,202.7,14,2.72,Client sense comprar des de fa 217 dies. Historial previ de 1636 dies. Possible pèrdua de compte. Requereix trucada de reactivació.,,
4133,Madrid,Bioseguridad,perdut,1.0,1086.44,2998.12,0.0,287,2025-12-01,perdut,baixa,televenda,286.8,0,2.72,Client sense comprar des de fa 287 dies. Historial previ de 1721 dies. Possible pèrdua de compte. Requereix trucada de reactivació.,,
1000056895,Barcelona,Bioseguridad,perdut,1.0,1086.44,3279.31,0.0,200,2025-12-01,perdut,baixa,televenda,229.8,0,2.72,Client sense comprar des de fa 200 dies. Historial previ de 1349 dies. Possible pèrdua de compte. Requereix trucada de reactivació.,,
1000081220,A Coruña,Bioseguridad,perdut,0.935,1086.44,1016.23,70.21,390,2025-12-01,perdut,baixa,televenda,1281.0,0,2.72,Client sense comprar des de fa 390 dies. Historial previ de 1671 dies. Possible pèrdua de compte. Requereix trucada de reactivació.,,
1000080988,Segovia,Bioseguridad,perdut,1.0,1086.44,1807.29,0.0,592,2025-12-01,perdut,baixa,televenda,1007.0,0,2.72,Client sense comprar des de fa 592 dies. Historial previ de 1599 dies. Possible pèrdua de compte. Requereix trucada de reactivació.,,
1000080980,Albacete,Bioseguridad,perdut,0.965,1086.44,1047.88,38.56,278,2025-12-01,perdut,baixa,televenda,594.0,0,2.72,Client sense comprar des de fa 278 dies. Historial previ de 1466 dies. Possible pèrdua de compte. Requereix trucada de reactivació.,,
1000042326,Melilla,Bioseguridad,perdut,1.0,1086.44,3220.57,0.0,173,2025-12-01,perdut,baixa,televenda,312.6,0,2.72,Client sense comprar des de fa 173 dies. Historial previ de 1736 dies. Possible pèrdua de compte. Requereix trucada de reactivació.,,
1000042835,Badajoz,Bioseguridad,perdut,1.0,1086.44,1965.47,0.0,363,2025-12-01,perdut,baixa,televenda,357.0,6,2.72,Client sense comprar des de fa 363 dies. Historial previ de 1791 dies. Possible pèrdua de compte. Requereix trucada de reactivació.,,
1000053136,Girona,Bioseguridad,perdut,1.0,1086.44,2891.81,0.0,250,2025-12-01,perdut,baixa,televenda,289.2,0,2.72,Client sense comprar des de fa 250 dies. Historial previ de 1407 dies. Possible pèrdua de compte. Requereix trucada de reactivació.,,
4425,Madrid,Bioseguridad,perdut,1.0,1086.44,1901.48,0.0,454,2025-12-01,perdut,baixa,televenda,412.7,41,2.72,Client sense comprar des de fa 454 dies. Historial previ de 1692 dies. Possible pèrdua de compte. Requereix trucada de reactivació.,,
1000080916,Barcelona,Bioseguridad,perdut,1.0,1086.44,4242.51,0.0,140,2025-12-01,perdut,baixa,televenda,206.5,0,2.72,Client sense comprar des de fa 140 dies. Historial previ de 1792 dies. Possible pèrdua de compte. Requereix trucada de reactivació.,,
42559,Barcelona,Bioseguridad,perdut,1.0,1086.44,1839.0,0.0,122,2025-12-01,perdut,baixa,televenda,212.0,0,2.72,Client sense comprar des de fa 122 dies. Historial previ de 546 dies. Possible pèrdua de compte. Requereix trucada de reactivació.,,
42490,Ciudad Real,Bioseguridad,perdut,1.0,1086.44,2256.99,0.0,91,2025-12-01,perdut,baixa,televenda,227.0,0,2.72,Client sense comprar des de fa 91 dies. Historial previ de 999 dies. Possible pèrdua de compte. Requereix trucada de reactivació.,,
1909,Las Palmas,Bioseguridad,perdut,1.0,1086.44,5679.56,0.0,140,2025-12-01,perdut,baixa,televenda,203.8,0,2.72,Client sense comprar des de fa 140 dies. Historial previ de 1770 dies. Possible pèrdua de compte. Requereix trucada de reactivació.,,
1000081529,Madrid,Bioseguridad,perdut,1.0,1086.44,2314.83,0.0,195,2025-12-01,perdut,baixa,televenda,288.2,0,2.72,Client sense comprar des de fa 195 dies. Historial previ de 1348 dies. Possible pèrdua de compte. Requereix trucada de reactivació.,,
1000081608,Madrid,Bioseguridad,perdut,0.758,1086.44,823.11,263.33,500,2025-12-01,perdut,baixa,televenda,735.0,0,2.72,Client sense comprar des de fa 500 dies. Historial previ de 1235 dies. Possible pèrdua de compte. Requereix trucada de reactivació.,,
1000081602,Valladolid,Bioseguridad,perdut,1.0,1086.44,4126.56,0.0,202,2025-12-01,perdut,baixa,televenda,301.8,0,2.72,Client sense comprar des de fa 202 dies. Historial previ de 1711 dies. Possible pèrdua de compte. Requereix trucada de reactivació.,,
40617,Málaga,Bioseguridad,perdut,1.0,1086.44,1359.61,0.0,354,2025-12-01,perdut,baixa,televenda,322.5,31,2.72,Client sense comprar des de fa 354 dies. Historial previ de 1644 dies. Possible pèrdua de compte. Requereix trucada de reactivació.,,
40833,Ciudad Real,Bioseguridad,perdut,1.0,1086.44,1625.19,0.0,144,2025-12-01,perdut,baixa,televenda,134.8,9,2.72,Client sense comprar des de fa 144 dies. Historial previ de 1762 dies. Possible pèrdua de compte. Requereix trucada de reactivació.,,
1000081558,Vizcaya,Bioseguridad,perdut,1.0,1086.44,1619.49,0.0,824,2025-12-01,perdut,baixa,televenda,916.0,0,2.72,Client sense comprar des de fa 824 dies. Historial previ de 1740 dies. Possible pèrdua de compte. Requereix trucada de reactivació.,,
1000081553,Zaragoza,Bioseguridad,perdut,1.0,1086.44,5179.66,0.0,150,2025-12-01,perdut,baixa,televenda,161.4,0,2.72,Client sense comprar des de fa 150 dies. Historial previ de 1764 dies. Possible pèrdua de compte. Requereix trucada de reactivació.,,
5939,Madrid,Bioseguridad,perdut,1.0,1086.44,3271.47,0.0,157,2025-12-01,perdut,baixa,televenda,149.8,7,2.72,Client sense comprar des de fa 157 dies. Historial previ de 906 dies. Possible pèrdua de compte. Requereix trucada de reactivació.,,
1000081514,Navarra,Bioseguridad,perdut,1.0,1086.44,10597.15,0.0,104,2025-12-01,perdut,baixa,televenda,98.0,6,2.72,Client sense comprar des de fa 104 dies. Historial previ de 1770 dies. Possible pèrdua de compte. Requereix trucada de reactivació.,,
42403,Madrid,Bioseguridad,perdut,1.0,1086.44,2330.41,0.0,203,2025-12-01,perdut,baixa,televenda,199.0,4,2.72,Client sense comprar des de fa 203 dies. Historial previ de 999 dies. Possible pèrdua de compte. Requereix trucada de reactivació.,,
41536,A Coruña,Bioseguridad,perdut,1.0,1086.44,4550.53,0.0,136,2025-12-01,perdut,baixa,televenda,132.7,3,2.72,Client sense comprar des de fa 136 dies. Historial previ de 1728 dies. Possible pèrdua de compte. Requereix trucada de reactivació.,,
41570,Granada,Bioseguridad,perdut,1.0,1086.44,1536.97,0.0,136,2025-12-01,perdut,baixa,televenda,948.0,0,2.72,Client sense comprar des de fa 136 dies. Historial previ de 1084 dies. Possible pèrdua de compte. Requereix trucada de reactivació.,,
1000060929,Vizcaya,Bioseguridad,perdut,1.0,1086.44,4951.52,0.0,220,2025-12-01,perdut,baixa,televenda,204.3,15,2.72,Client sense comprar des de fa 220 dies. Historial previ de 1650 dies. Possible pèrdua de compte. Requereix trucada de reactivació.,,
41814,Almería,Bioseguridad,perdut,1.0,1086.44,3894.81,0.0,145,2025-12-01,perdut,baixa,televenda,163.3,0,2.72,Client sense comprar des de fa 145 dies. Historial previ de 1615 dies. Possible pèrdua de compte. Requereix trucada de reactivació.,,
41977,Málaga,Bioseguridad,perdut,0.877,1086.44,952.92,133.52,199,2025-12-01,perdut,baixa,televenda,393.3,0,2.72,Client sense comprar des de fa 199 dies. Historial previ de 1379 dies. Possible pèrdua de compte. Requereix trucada de reactivació.,,
42031,Toledo,Bioseguridad,perdut,0.847,1086.44,920.34,166.1,111,2025-12-01,perdut,baixa,televenda,114.2,0,2.72,Client sense comprar des de fa 111 dies. Historial previ de 1482 dies. Possible pèrdua de compte. Requereix trucada de reactivació.,,
5540,León,Bioseguridad,perdut,1.0,1086.44,3210.0,0.0,223,2025-12-01,perdut,baixa,televenda,375.3,0,2.72,Client sense comprar des de fa 223 dies. Historial previ de 1349 dies. Possible pèrdua de compte. Requereix trucada de reactivació.,,
7341,Barcelona,Bioseguridad,perdut,0.813,1086.44,882.75,203.69,293,2025-12-01,perdut,baixa,televenda,510.0,0,2.72,Client sense comprar des de fa 293 dies. Historial previ de 803 dies. Possible pèrdua de compte. Requereix trucada de reactivació.,,
1000081969,Ciudad Real,Bioseguridad,perdut,1.0,1086.44,2700.85,0.0,178,2025-12-01,perdut,baixa,televenda,225.0,0,2.72,Client sense comprar des de fa 178 dies. Historial previ de 1753 dies. Possible pèrdua de compte. Requereix trucada de reactivació.,,
32651,A Coruña,Bioseguridad,perdut,1.0,1086.44,2417.04,0.0,193,2025-12-01,perdut,baixa,televenda,216.2,0,2.72,Client sense comprar des de fa 193 dies. Historial previ de 1490 dies. Possible pèrdua de compte. Requereix trucada de reactivació.,,
27567,Granada,Bioseguridad,perdut,0.783,1086.44,850.63,235.81,277,2025-12-01,perdut,baixa,televenda,493.0,0,2.72,Client sense comprar des de fa 277 dies. Historial previ de 770 dies. Possible pèrdua de compte. Requereix trucada de reactivació.,,
26509,Cuenca,Bioseguridad,perdut,1.0,1086.44,2188.55,0.0,238,2025-12-01,perdut,baixa,televenda,356.0,0,2.72,Client sense comprar des de fa 238 dies. Historial previ de 1662 dies. Possible pèrdua de compte. Requereix trucada de reactivació.,,
26614,Cantabria,Bioseguridad,perdut,1.0,1086.44,6125.11,0.0,122,2025-12-01,perdut,baixa,televenda,736.0,0,2.72,Client sense comprar des de fa 122 dies. Historial previ de 1594 dies. Possible pèrdua de compte. Requereix trucada de reactivació.,,
1000080049,Almería,Bioseguridad,perdut,0.76,1086.44,825.44,261.0,565,2025-12-01,perdut,baixa,televenda,982.0,0,2.72,Client sense comprar des de fa 565 dies. Historial previ de 1547 dies. Possible pèrdua de compte. Requereix trucada de reactivació.,,
1000074004,Castellón,Bioseguridad,perdut,1.0,1086.44,1884.62,0.0,364,2025-12-01,perdut,baixa,televenda,470.3,0,2.72,Client sense comprar des de fa 364 dies. Historial previ de 1775 dies. Possible pèrdua de compte. Requereix trucada de reactivació.,,
1000080063,Barcelona,Bioseguridad,perdut,1.0,1086.44,1879.75,0.0,167,2025-12-01,perdut,baixa,televenda,342.5,0,2.72,Client sense comprar des de fa 167 dies. Historial previ de 1537 dies. Possible pèrdua de compte. Requereix trucada de reactivació.,,
1428,Murcia,Bioseguridad,perdut,1.0,1086.44,1929.84,0.0,234,2025-12-01,perdut,baixa,televenda,252.0,0,2.72,Client sense comprar des de fa 234 dies. Historial previ de 1494 dies. Possible pèrdua de compte. Requereix trucada de reactivació.,,
28057,Madrid,Bioseguridad,perdut,1.0,1086.44,1248.56,0.0,202,2025-12-01,perdut,baixa,televenda,405.0,0,2.72,Client sense comprar des de fa 202 dies. Historial previ de 1417 dies. Possible pèrdua de compte. Requereix trucada de reactivació.,,
26207,Alicante,Bioseguridad,perdut,1.0,1086.44,3961.14,0.0,173,2025-12-01,perdut,baixa,televenda,200.8,0,2.72,Client sense comprar des de fa 173 dies. Historial previ de 1378 dies. Possible pèrdua de compte. Requereix trucada de reactivació.,,
28140,Toledo,Bioseguridad,perdut,1.0,1086.44,5560.41,0.0,175,2025-12-01,perdut,baixa,televenda,181.9,0,2.72,Client sense comprar des de fa 175 dies. Historial previ de 1630 dies. Possible pèrdua de compte. Requereix trucada de reactivació.,,
1000080092,Cantabria,Bioseguridad,perdut,1.0,1086.44,3034.0,0.0,399,2025-12-01,perdut,baixa,televenda,459.7,0,2.72,Client sense comprar des de fa 399 dies. Historial previ de 1778 dies. Possible pèrdua de compte. Requereix trucada de reactivació.,,
28462,Sevilla,Bioseguridad,perdut,0.787,1086.44,854.52,231.92,419,2025-12-01,perdut,baixa,televenda,1177.0,0,2.72,Client sense comprar des de fa 419 dies. Historial previ de 1596 dies. Possible pèrdua de compte. Requereix trucada de reactivació.,,
28472,Murcia,Bioseguridad,perdut,0.606,1086.44,658.67,427.77,454,2025-12-01,perdut,baixa,televenda,798.0,0,2.72,Client sense comprar des de fa 454 dies. Historial previ de 1252 dies. Possible pèrdua de compte. Requereix trucada de reactivació.,,
28763,Málaga,Bioseguridad,perdut,0.896,1086.44,973.05,113.39,353,2025-12-01,perdut,baixa,televenda,425.0,0,2.72,Client sense comprar des de fa 353 dies. Historial previ de 1628 dies. Possible pèrdua de compte. Requereix trucada de reactivació.,,
28985,Murcia,Bioseguridad,perdut,0.547,1086.44,594.22,492.22,209,2025-12-01,perdut,baixa,televenda,1259.0,0,2.72,Client sense comprar des de fa 209 dies. Historial previ de 1468 dies. Possible pèrdua de compte. Requereix trucada de reactivació.,,
1000080001,Guadalajara,Bioseguridad,perdut,0.819,1086.44,890.33,196.11,620,2025-12-01,perdut,baixa,televenda,577.5,42,2.72,Client sense comprar des de fa 620 dies. Historial previ de 1775 dies. Possible pèrdua de compte. Requereix trucada de reactivació.,,
26008,Badajoz,Bioseguridad,perdut,1.0,1086.44,3535.3,0.0,136,2025-12-01,perdut,baixa,televenda,248.5,0,2.72,Client sense comprar des de fa 136 dies. Historial previ de 1627 dies. Possible pèrdua de compte. Requereix trucada de reactivació.,,
1000072638,Valladolid,Bioseguridad,perdut,0.763,1086.44,829.49,256.95,238,2025-12-01,perdut,baixa,televenda,444.5,0,2.72,Client sense comprar des de fa 238 dies. Historial previ de 1127 dies. Possible pèrdua de compte. Requereix trucada de reactivació.,,
8091,Granada,Bioseguridad,perdut,1.0,1086.44,2115.07,0.0,146,2025-12-01,perdut,baixa,televenda,505.3,0,2.72,Client sense comprar des de fa 146 dies. Historial previ de 1662 dies. Possible pèrdua de compte. Requereix trucada de reactivació.,,
1137,Valencia,Bioseguridad,perdut,0.535,1086.44,580.84,505.6,312,2025-12-01,perdut,baixa,televenda,735.0,0,2.72,Client sense comprar des de fa 312 dies. Historial previ de 1047 dies. Possible pèrdua de compte. Requereix trucada de reactivació.,,
23651,Valencia,Bioseguridad,perdut,1.0,1086.44,4157.6,0.0,215,2025-12-01,perdut,baixa,televenda,384.8,0,2.72,Client sense comprar des de fa 215 dies. Historial previ de 1754 dies. Possible pèrdua de compte. Requereix trucada de reactivació.,,
3153,Málaga,Bioseguridad,perdut,1.0,1086.44,3775.12,0.0,250,2025-12-01,perdut,baixa,televenda,285.2,0,2.72,Client sense comprar des de fa 250 dies. Historial previ de 1676 dies. Possible pèrdua de compte. Requereix trucada de reactivació.,,
24195,Barcelona,Bioseguridad,perdut,1.0,1086.44,3681.12,0.0,308,2025-12-01,perdut,baixa,televenda,356.5,0,2.72,Client sense comprar des de fa 308 dies. Historial previ de 1734 dies. Possible pèrdua de compte. Requereix trucada de reactivació.,,
1000100024,Valencia,Bioseguridad,perdut,0.722,1086.44,784.87,301.57,110,2025-12-01,perdut,baixa,televenda,237.0,0,2.72,Client sense comprar des de fa 110 dies. Historial previ de 347 dies. Possible pèrdua de compte. Requereix trucada de reactivació.,,
1000100022,Alicante,Bioseguridad,perdut,1.0,1086.44,2571.75,0.0,348,2025-12-01,perdut,baixa,televenda,511.0,0,2.72,Client sense comprar des de fa 348 dies. Historial previ de 1370 dies. Possible pèrdua de compte. Requereix trucada de reactivació.,,
24487,Sevilla,Bioseguridad,perdut,1.0,1086.44,4139.84,0.0,237,2025-12-01,perdut,baixa,televenda,350.2,0,2.72,Client sense comprar des de fa 237 dies. Historial previ de 1638 dies. Possible pèrdua de compte. Requereix trucada de reactivació.,,
1000075277,Sevilla,Bioseguridad,perdut,1.0,1086.44,6133.1,0.0,91,2025-12-01,perdut,baixa,televenda,259.5,0,2.72,Client sense comprar des de fa 91 dies. Historial previ de 1648 dies. Possible pèrdua de compte. Requereix trucada de reactivació.,,
24561,Segovia,Bioseguridad,perdut,1.0,1086.44,3712.2,0.0,150,2025-12-01,perdut,baixa,televenda,305.2,0,2.72,Client sense comprar des de fa 150 dies. Historial previ de 1676 dies. Possible pèrdua de compte. Requereix trucada de reactivació.,,
24762,Cáceres,Bioseguridad,perdut,1.0,1086.44,1565.98,0.0,206,2025-12-01,perdut,baixa,televenda,596.0,0,2.72,Client sense comprar des de fa 206 dies. Historial previ de 802 dies. Possible pèrdua de compte. Requereix trucada de reactivació.,,
1000075403,Zaragoza,Bioseguridad,perdut,1.0,1086.44,1709.7,0.0,286,2025-12-01,perdut,baixa,televenda,331.8,0,2.72,Client sense comprar des de fa 286 dies. Historial previ de 1613 dies. Possible pèrdua de compte. Requereix trucada de reactivació.,,
25315,Murcia,Bioseguridad,perdut,1.0,1086.44,6243.5,0.0,91,2025-12-01,perdut,baixa,televenda,129.5,0,2.72,Client sense comprar des de fa 91 dies. Historial previ de 1775 dies. Possible pèrdua de compte. Requereix trucada de reactivació.,,
1000075385,Zaragoza,Bioseguridad,perdut,0.974,1086.44,1057.65,28.79,390,2025-12-01,perdut,baixa,televenda,555.5,0,2.72,Client sense comprar des de fa 390 dies. Historial previ de 1501 dies. Possible pèrdua de compte. Requereix trucada de reactivació.,,
25605,Madrid,Bioseguridad,perdut,1.0,1086.44,2232.65,0.0,193,2025-12-01,perdut,baixa,televenda,226.9,0,2.72,Client sense comprar des de fa 193 dies. Historial previ de 1781 dies. Possible pèrdua de compte. Requereix trucada de reactivació.,,
1000082522,Madrid,Bioseguridad,perdut,1.0,1086.44,3229.74,0.0,132,2025-12-01,perdut,baixa,televenda,165.6,0,2.72,Client sense comprar des de fa 132 dies. Historial previ de 1291 dies. Possible pèrdua de compte. Requereix trucada de reactivació.,,
1000073944,Granada,Bioseguridad,perdut,1.0,1086.44,2772.54,0.0,145,2025-12-01,perdut,baixa,televenda,398.5,0,2.72,Client sense comprar des de fa 145 dies. Historial previ de 1739 dies. Possible pèrdua de compte. Requereix trucada de reactivació.,,
1000080167,Zaragoza,Bioseguridad,perdut,1.0,1086.44,1544.76,0.0,133,2025-12-01,perdut,baixa,televenda,172.0,0,2.72,Client sense comprar des de fa 133 dies. Historial previ de 1165 dies. Possible pèrdua de compte. Requereix trucada de reactivació.,,
31888,Madrid,Bioseguridad,perdut,0.829,1086.44,901.03,185.41,203,2025-12-01,perdut,baixa,televenda,381.0,0,2.72,Client sense comprar des de fa 203 dies. Historial previ de 965 dies. Possible pèrdua de compte. Requereix trucada de reactivació.,,
1000071765,Barcelona,Bioseguridad,perdut,1.0,1086.44,3927.45,0.0,166,2025-12-01,perdut,baixa,televenda,317.6,0,2.72,Client sense comprar des de fa 166 dies. Historial previ de 1754 dies. Possible pèrdua de compte. Requereix trucada de reactivació.,,
1000082397,Pontevedra,Bioseguridad,perdut,1.0,1086.44,2127.54,0.0,286,2025-12-01,perdut,baixa,televenda,371.3,0,2.72,Client sense comprar des de fa 286 dies. Historial previ de 1400 dies. Possible pèrdua de compte. Requereix trucada de reactivació.,,
1000082394,Madrid,Bioseguridad,perdut,1.0,1086.44,2613.6,0.0,172,2025-12-01,perdut,baixa,televenda,210.2,0,2.72,Client sense comprar des de fa 172 dies. Historial previ de 1223 dies. Possible pèrdua de compte. Requereix trucada de reactivació.,,
3478,Málaga,Bioseguridad,perdut,1.0,1086.44,7611.8,0.0,112,2025-12-01,perdut,baixa,televenda,139.7,0,2.72,Client sense comprar des de fa 112 dies. Historial previ de 1788 dies. Possible pèrdua de compte. Requereix trucada de reactivació.,,
3505,Melilla,Bioseguridad,perdut,0.524,1086.44,569.0,517.44,293,2025-12-01,perdut,baixa,televenda,965.0,0,2.72,Client sense comprar des de fa 293 dies. Historial previ de 1258 dies. Possible pèrdua de compte. Requereix trucada de reactivació.,,
29669,Barcelona,Bioseguridad,perdut,1.0,1086.44,1841.32,0.0,173,2025-12-01,perdut,baixa,televenda,516.0,0,2.72,Client sense comprar des de fa 173 dies. Historial previ de 1721 dies. Possible pèrdua de compte. Requereix trucada de reactivació.,,
31323,Málaga,Bioseguridad,perdut,1.0,1086.44,2625.16,0.0,168,2025-12-01,perdut,baixa,televenda,461.3,0,2.72,Client sense comprar des de fa 168 dies. Historial previ de 1552 dies. Possible pèrdua de compte. Requereix trucada de reactivació.,,
1000070638,Las Palmas,Bioseguridad,perdut,1.0,1086.44,8604.51,0.0,130,2025-12-01,perdut,baixa,televenda,183.1,0,2.72,Client sense comprar des de fa 130 dies. Historial previ de 1595 dies. Possible pèrdua de compte. Requereix trucada de reactivació.,,
2424,Sta.Cruz Tenerife,Bioseguridad,perdut,1.0,1086.44,1439.31,0.0,277,2025-12-01,perdut,baixa,televenda,916.0,0,2.72,Client sense comprar des de fa 277 dies. Historial previ de 1193 dies. Possible pèrdua de compte. Requereix trucada de reactivació.,,
3386,Murcia,Bioseguridad,perdut,1.0,1086.44,2391.98,0.0,264,2025-12-01,perdut,baixa,televenda,298.2,0,2.72,Client sense comprar des de fa 264 dies. Historial previ de 1755 dies. Possible pèrdua de compte. Requereix trucada de reactivació.,,
1000082479,Asturias,Bioseguridad,perdut,0.577,1086.44,626.4,460.04,195,2025-12-01,perdut,baixa,televenda,564.0,0,2.72,Client sense comprar des de fa 195 dies. Historial previ de 759 dies. Possible pèrdua de compte. Requereix trucada de reactivació.,,
32316,Málaga,Bioseguridad,perdut,1.0,1086.44,3223.5,0.0,175,2025-12-01,perdut,baixa,televenda,161.3,13,2.72,Client sense comprar des de fa 175 dies. Historial previ de 1627 dies. Possible pèrdua de compte. Requereix trucada de reactivació.,,
4773,Madrid,Bioseguridad,perdut,1.0,879.2,3092.62,0.0,195,2025-12-01,perdut,baixa,televenda,237.8,0,2.2,Client sense comprar des de fa 195 dies. Historial previ de 1622 dies. Possible pèrdua de compte. Requereix trucada de reactivació.,,
16819,Barcelona,Bioseguridad,perdut,1.0,879.2,4166.15,0.0,150,2025-12-01,perdut,baixa,televenda,169.8,0,2.2,Client sense comprar des de fa 150 dies. Historial previ de 1678 dies. Possible pèrdua de compte. Requereix trucada de reactivació.,,
1000076356,Madrid,Bioseguridad,perdut,0.671,879.2,590.23,288.97,710,2025-12-01,perdut,baixa,televenda,819.0,0,2.2,Client sense comprar des de fa 710 dies. Historial previ de 1529 dies. Possible pèrdua de compte. Requereix trucada de reactivació.,,
8918,Girona,Bioseguridad,perdut,1.0,879.2,4484.7,0.0,143,2025-12-01,perdut,baixa,televenda,198.4,0,2.2,Client sense comprar des de fa 143 dies. Historial previ de 1532 dies. Possible pèrdua de compte. Requereix trucada de reactivació.,,
23463,Valladolid,Bioseguridad,perdut,1.0,879.2,3514.15,0.0,189,2025-12-01,perdut,baixa,televenda,288.2,0,2.2,Client sense comprar des de fa 189 dies. Historial previ de 1630 dies. Possible pèrdua de compte. Requereix trucada de reactivació.,,
10952,Zamora,Bioseguridad,perdut,1.0,879.2,2060.42,0.0,145,2025-12-01,perdut,baixa,televenda,191.0,0,2.2,Client sense comprar des de fa 145 dies. Historial previ de 1482 dies. Possible pèrdua de compte. Requereix trucada de reactivació.,,
21582,Murcia,Bioseguridad,perdut,1.0,879.2,1821.98,0.0,164,2025-12-01,perdut,baixa,televenda,446.0,0,2.2,Client sense comprar des de fa 164 dies. Historial previ de 1502 dies. Possible pèrdua de compte. Requereix trucada de reactivació.,,
1000060738,Burgos,Bioseguridad,perdut,1.0,879.2,3809.11,0.0,210,2025-12-01,perdut,baixa,televenda,262.3,0,2.2,Client sense comprar des de fa 210 dies. Historial previ de 1784 dies. Possible pèrdua de compte. Requereix trucada de reactivació.,,
30442,Burgos,Bioseguridad,perdut,1.0,879.2,2759.15,0.0,322,2025-12-01,perdut,baixa,televenda,614.5,0,2.2,Client sense comprar des de fa 322 dies. Historial previ de 1551 dies. Possible pèrdua de compte. Requereix trucada de reactivació.,,
1000100035,Zaragoza,Bioseguridad,perdut,1.0,879.2,1371.49,0.0,161,2025-12-01,perdut,baixa,televenda,250.0,0,2.2,Client sense comprar des de fa 161 dies. Historial previ de 1161 dies. Possible pèrdua de compte. Requereix trucada de reactivació.,,
1000100210,Madrid,Bioseguridad,perdut,1.0,879.2,1342.91,0.0,285,2025-12-01,perdut,baixa,televenda,343.0,0,2.2,Client sense comprar des de fa 285 dies. Historial previ de 971 dies. Possible pèrdua de compte. Requereix trucada de reactivació.,,
9640,Madrid,Bioseguridad,perdut,1.0,879.2,2440.36,0.0,206,2025-12-01,perdut,baixa,televenda,372.8,0,2.2,Client sense comprar des de fa 206 dies. Historial previ de 1697 dies. Possible pèrdua de compte. Requereix trucada de reactivació.,,
24257,Barcelona,Bioseguridad,perdut,1.0,879.2,1547.68,0.0,154,2025-12-01,perdut,baixa,televenda,250.5,0,2.2,Client sense comprar des de fa 154 dies. Historial previ de 655 dies. Possible pèrdua de compte. Requereix trucada de reactivació.,,
10483,Vizcaya,Bioseguridad,perdut,1.0,879.2,3929.15,0.0,307,2025-12-01,perdut,baixa,televenda,732.0,0,2.2,Client sense comprar des de fa 307 dies. Historial previ de 1771 dies. Possible pèrdua de compte. Requereix trucada de reactivació.,,
1000081198,Murcia,Bioseguridad,perdut,1.0,879.2,962.82,0.0,262,2025-12-01,perdut,baixa,televenda,379.0,0,2.2,Client sense comprar des de fa 262 dies. Historial previ de 1399 dies. Possible pèrdua de compte. Requereix trucada de reactivació.,,
30047,Burgos,Bioseguridad,perdut,1.0,879.2,1548.74,0.0,185,2025-12-01,perdut,baixa,televenda,535.3,0,2.2,Client sense comprar des de fa 185 dies. Historial previ de 1791 dies. Possible pèrdua de compte. Requereix trucada de reactivació.,,
1056,Valladolid,Bioseguridad,perdut,1.0,879.2,1054.37,0.0,458,2025-12-01,perdut,baixa,televenda,806.0,0,2.2,Client sense comprar des de fa 458 dies. Historial previ de 1264 dies. Possible pèrdua de compte. Requereix trucada de reactivació.,,
1000077789,Madrid,Bioseguridad,perdut,1.0,879.2,943.22,0.0,266,2025-12-01,perdut,baixa,televenda,458.5,0,2.2,Client sense comprar des de fa 266 dies. Historial previ de 1183 dies. Possible pèrdua de compte. Requereix trucada de reactivació.,,
25816,Madrid,Bioseguridad,perdut,1.0,879.2,3235.0,0.0,244,2025-12-01,perdut,baixa,televenda,359.8,0,2.2,Client sense comprar des de fa 244 dies. Historial previ de 1683 dies. Possible pèrdua de compte. Requereix trucada de reactivació.,,
20827,Valladolid,Bioseguridad,perdut,1.0,879.2,956.72,0.0,278,2025-12-01,perdut,baixa,televenda,424.3,0,2.2,Client sense comprar des de fa 278 dies. Historial previ de 1551 dies. Possible pèrdua de compte. Requereix trucada de reactivació.,,
29148,Almería,Bioseguridad,perdut,1.0,879.2,1113.75,0.0,179,2025-12-01,perdut,baixa,televenda,374.5,0,2.2,Client sense comprar des de fa 179 dies. Historial previ de 928 dies. Possible pèrdua de compte. Requereix trucada de reactivació.,,
1000073231,Toledo,Bioseguridad,perdut,1.0,879.2,2356.88,0.0,153,2025-12-01,perdut,baixa,televenda,318.8,0,2.2,Client sense comprar des de fa 153 dies. Historial previ de 1747 dies. Possible pèrdua de compte. Requereix trucada de reactivació.,,
1000080565,Madrid,Bioseguridad,perdut,1.0,879.2,2064.58,0.0,270,2025-12-01,perdut,baixa,televenda,609.5,0,2.2,Client sense comprar des de fa 270 dies. Historial previ de 1489 dies. Possible pèrdua de compte. Requereix trucada de reactivació.,,
12002,A Coruña,Bioseguridad,perdut,1.0,879.2,1136.05,0.0,188,2025-12-01,perdut,baixa,televenda,482.7,0,2.2,Client sense comprar des de fa 188 dies. Historial previ de 1636 dies. Possible pèrdua de compte. Requereix trucada de reactivació.,,
39452,Toledo,Anestesia,fidel,1.0,2223.12,2484.46,0.0,56,2025-12-01,reposicio_endarrerida,mitjana,televenda,29.2,26,0.0,Client FIDEL d'Anestesia amb reposició endarrerida. Cicle habitual: 29 dies. Retard de 26 dies (z=1.8). Contactar per confirmar estat.,1.8,2025-11-04
42909,Toledo,Bioseguridad,fidel,1.0,1086.44,1106.58,0.0,80,2025-12-01,reposicio_pendent,baixa,televenda,41.5,38,0.0,Client FIDEL d'Bioseguridad amb lleuger retard (38 dies). Cicle habitual: 42 dies. Seguiment rutina.,0.8,2025-10-23
1000078493,Badajoz,Anestesia,fidel,1.0,2223.12,7419.32,0.0,80,2025-12-01,reposicio_pendent,baixa,televenda,77.1,2,0.0,Client FIDEL d'Anestesia amb lleuger retard (2 dies). Cicle habitual: 77 dies. Seguiment rutina.,0.07,2025-11-28
38577,Ciudad Real,Bioseguridad,fidel,1.0,1086.44,1206.47,0.0,59,2025-12-01,reposicio_pendent,baixa,televenda,54.7,4,0.0,Client FIDEL d'Bioseguridad amb lleuger retard (4 dies). Cicle habitual: 55 dies. Seguiment rutina.,0.06,2025-11-26
42805,Ciudad Real,Anestesia,fidel,1.0,2223.12,5177.47,0.0,61,2025-12-01,reposicio_pendent,baixa,televenda,57.9,3,0.0,Client FIDEL d'Anestesia amb lleuger retard (3 dies). Cicle habitual: 58 dies. Seguiment rutina.,0.15,2025-11-27
4101,La Rioja,Anestesia,en_risc,1.0,3410.04,6560.32,0.0,-3,2025-12-01,risc_fuga,alta,delegat,124.0,0,0.0,Client en RISC de fuga (fidel). Share 12m: 100% → Share últims 3m anualitzat: 69% (-31%). Gap: 0€/any. Tendència negativa clara. Intervenir amb urgència.,0.0,
31906,Barcelona,Anestesia,fidel,1.0,3410.04,18174.8,0.0,69,2025-12-01,reposicio_pendent,baixa,televenda,61.5,7,0.0,Client FIDEL d'Anestesia amb lleuger retard (7 dies). Cicle habitual: 62 dies. Seguiment rutina.,0.17,2025-11-23
39037,Toledo,Anestesia,fidel,1.0,2223.12,2661.75,0.0,59,2025-12-01,reposicio_pendent,baixa,televenda,53.2,5,0.0,Client FIDEL d'Anestesia amb lleuger retard (5 dies). Cicle habitual: 53 dies. Seguiment rutina.,0.15,2025-11-25
43018,Madrid,Bioseguridad,fidel,1.0,1086.44,1933.86,0.0,48,2025-12-01,reposicio_pendent,baixa,televenda,28.0,20,0.0,Client FIDEL d'Bioseguridad amb lleuger retard (20 dies). Cicle habitual: 28 dies. Seguiment rutina.,1.19,2025-11-11
38760,Ciudad Real,Anestesia,fidel,1.0,2223.12,3314.27,0.0,41,2025-12-01,reposicio_pendent,baixa,televenda,29.5,11,0.0,Client FIDEL d'Anestesia amb lleuger retard (11 dies). Cicle habitual: 30 dies. Seguiment rutina.,0.76,2025-11-19
1000078043,Madrid,Anestesia,fidel,1.0,2223.12,4194.17,0.0,77,2025-12-01,reposicio_pendent,baixa,televenda,55.2,21,0.0,Client FIDEL d'Anestesia amb lleuger retard (21 dies). Cicle habitual: 55 dies. Seguiment rutina.,0.51,2025-11-09
1000079421,Zaragoza,Bioseguridad,fidel,1.0,1086.44,4804.58,0.0,80,2025-12-01,reposicio_pendent,baixa,televenda,78.2,1,0.0,Client FIDEL d'Bioseguridad amb lleuger retard (1 dies). Cicle habitual: 78 dies. Seguiment rutina.,0.02,2025-11-29
37111,Navarra,Anestesia,en_risc,1.0,4546.72,14605.65,0.0,-18,2025-12-01,risc_fuga,alta,delegat,69.0,0,0.0,Client en RISC de fuga (fidel). Share 12m: 100% → Share últims 3m anualitzat: 48% (-52%). Gap: 0€/any. Tendència negativa clara. Intervenir amb urgència.,0.0,
1000081034,Huelva,Anestesia,fidel,1.0,2223.12,4321.56,0.0,88,2025-12-01,reposicio_pendent,baixa,televenda,54.6,33,0.0,Client FIDEL d'Anestesia amb lleuger retard (33 dies). Cicle habitual: 55 dies. Seguiment rutina.,0.53,2025-10-28
42740,Granada,Anestesia,fidel,1.0,3410.04,3884.06,0.0,90,2025-12-01,reposicio_pendent,baixa,televenda,78.0,12,0.0,Client FIDEL d'Anestesia amb lleuger retard (12 dies). Cicle habitual: 78 dies. Seguiment rutina.,0.33,2025-11-19
38577,Ciudad Real,Anestesia,en_risc,1.0,2223.12,2303.8,0.0,59,2025-12-01,risc_fuga,alta,delegat,31.9,27,0.0,Client en RISC de fuga (fidel). Share 12m: 100% → Share últims 3m anualitzat: 62% (-38%). Gap: 0€/any. Tendència negativa clara. Intervenir amb urgència.,1.27,
1000068733,Madrid,Bioseguridad,fidel,1.0,879.2,6437.23,0.0,90,2025-12-01,reposicio_pendent,baixa,televenda,80.0,10,0.0,Client FIDEL d'Bioseguridad amb lleuger retard (10 dies). Cicle habitual: 80 dies. Seguiment rutina.,0.15,2025-11-20
1000056449,Vizcaya,Bioseguridad,nou,1.0,1086.44,1325.08,0.0,-1,2025-12-01,monitoritzar,baixa,televenda,,0,0.0,Client NOU (-1 dies d'historial). Primers pedidos registrats. Fer seguiment de consolidació per assegurar fidelització.,,
38534,Gipúzkoa,Anestesia,fidel,1.0,3410.04,4093.44,0.0,89,2025-12-01,reposicio_pendent,baixa,televenda,87.4,1,0.0,Client FIDEL d'Anestesia amb lleuger retard (1 dies). Cicle habitual: 87 dies. Seguiment rutina.,0.02,2025-11-29
1000042144,Madrid,Bioseguridad,fidel,1.0,879.2,6559.64,0.0,76,2025-12-01,reposicio_pendent,baixa,televenda,68.0,7,0.0,Client FIDEL d'Bioseguridad amb lleuger retard (7 dies). Cicle habitual: 68 dies. Seguiment rutina.,0.29,2025-11-23
15786,Almería,Anestesia,fidel,1.0,1802.36,6482.55,0.0,83,2025-12-01,reposicio_pendent,baixa,televenda,74.3,8,0.0,Client FIDEL d'Anestesia amb lleuger retard (8 dies). Cicle habitual: 74 dies. Seguiment rutina.,0.23,2025-11-22
1000042574,Valladolid,Anestesia,fidel,1.0,3410.04,10556.38,0.0,88,2025-12-01,reposicio_pendent,baixa,televenda,73.4,14,0.0,Client FIDEL d'Anestesia amb lleuger retard (14 dies). Cicle habitual: 73 dies. Seguiment rutina.,0.34,2025-11-16
32501,Las Palmas,Anestesia,fidel,1.0,4546.72,17310.53,0.0,60,2025-12-01,reposicio_pendent,baixa,televenda,40.2,19,0.0,Client FIDEL d'Anestesia amb lleuger retard (19 dies). Cicle habitual: 40 dies. Seguiment rutina.,0.98,2025-11-11
1000076311,Madrid,Anestesia,fidel,1.0,1802.36,10324.09,0.0,88,2025-12-01,reposicio_pendent,baixa,televenda,80.5,7,0.0,Client FIDEL d'Anestesia amb lleuger retard (7 dies). Cicle habitual: 80 dies. Seguiment rutina.,0.22,2025-11-23
38501,Toledo,Bioseguridad,fidel,1.0,1086.44,1563.46,0.0,53,2025-12-01,reposicio_pendent,baixa,televenda,42.2,10,0.0,Client FIDEL d'Bioseguridad amb lleuger retard (10 dies). Cicle habitual: 42 dies. Seguiment rutina.,0.26,2025-11-20
1000102166,Barcelona,Anestesia,nou,1.0,3410.04,4779.83,0.0,-4,2025-12-01,monitoritzar,baixa,televenda,14.5,0,0.0,Client NOU (25 dies d'historial). Primers pedidos registrats. Fer seguiment de consolidació per assegurar fidelització.,,
1000100929,Sta.Cruz Tenerife,Anestesia,fidel,1.0,3410.04,3976.49,0.0,81,2025-12-01,reposicio_pendent,baixa,televenda,79.9,1,0.0,Client FIDEL d'Anestesia amb lleuger retard (1 dies). Cicle habitual: 80 dies. Seguiment rutina.,0.02,2025-11-29
39452,Toledo,Bioseguridad,fidel,1.0,1086.44,1792.57,0.0,90,2025-12-01,risc_fuga,alta,delegat,28.8,61,0.0,"Client FIDEL d'Bioseguridad amb risc de FUGA. Cicle habitual: 29 dies. Porta 90 dies sense comprar (61 dies de retard, z=3.2). Prioritat màxima.",3.23,2025-09-30
42658,Madrid,Anestesia,fidel,1.0,2223.12,2276.0,0.0,62,2025-12-01,reposicio_pendent,baixa,televenda,56.3,5,0.0,Client FIDEL d'Anestesia amb lleuger retard (5 dies). Cicle habitual: 56 dies. Seguiment rutina.,0.13,2025-11-25
1000080570,A Coruña,Anestesia,fidel,1.0,3410.04,5346.95,0.0,62,2025-12-01,reposicio_pendent,baixa,televenda,50.8,11,0.0,Client FIDEL d'Anestesia amb lleuger retard (11 dies). Cicle habitual: 51 dies. Seguiment rutina.,0.55,2025-11-19
38500,Ciudad Real,Bioseguridad,fidel,1.0,1086.44,1764.14,0.0,59,2025-12-01,reposicio_pendent,baixa,televenda,35.9,23,0.0,Client FIDEL d'Bioseguridad amb lleuger retard (23 dies). Cicle habitual: 36 dies. Seguiment rutina.,0.71,2025-11-07
36653,Navarra,Anestesia,fidel,1.0,2223.12,13081.38,0.0,80,2025-12-01,reposicio_pendent,baixa,televenda,65.8,14,0.0,Client FIDEL d'Anestesia amb lleuger retard (14 dies). Cicle habitual: 66 dies. Seguiment rutina.,0.54,2025-11-16
1000071965,Madrid,Bioseguridad,fidel,1.0,1086.44,5559.08,0.0,76,2025-12-01,reposicio_pendent,baixa,televenda,66.9,9,0.0,Client FIDEL d'Bioseguridad amb lleuger retard (9 dies). Cicle habitual: 67 dies. Seguiment rutina.,0.27,2025-11-21
1000074521,Vizcaya,Anestesia,fidel,1.0,2223.12,3410.44,0.0,75,2025-12-01,reposicio_pendent,baixa,televenda,72.0,3,0.0,Client FIDEL d'Anestesia amb lleuger retard (3 dies). Cicle habitual: 72 dies. Seguiment rutina.,0.16,2025-11-28
1000077081,Murcia,Anestesia,fidel,1.0,2223.12,7211.38,0.0,90,2025-12-01,reposicio_pendent,baixa,televenda,83.6,6,0.0,Client FIDEL d'Anestesia amb lleuger retard (6 dies). Cicle habitual: 84 dies. Seguiment rutina.,0.12,2025-11-24
41435,Granada,Bioseguridad,fidel,1.0,2223.12,8721.56,0.0,61,2025-12-01,reposicio_pendent,baixa,televenda,57.3,3,0.0,Client FIDEL d'Bioseguridad amb lleuger retard (3 dies). Cicle habitual: 57 dies. Seguiment rutina.,0.07,2025-11-27
41499,Ciudad Real,Anestesia,fidel,1.0,2223.12,2431.38,0.0,89,2025-12-01,reposicio_pendent,baixa,televenda,65.8,23,0.0,Client FIDEL d'Anestesia amb lleuger retard (23 dies). Cicle habitual: 66 dies. Seguiment rutina.,0.55,2025-11-07
26192,Girona,Bioseguridad,en_risc,1.0,3890.46,4049.4,0.0,-1,2025-12-01,risc_fuga,mitjana,televenda,31.9,0,0.0,Client en RISC de fuga (fidel). Share 12m: 100% → Share últims 3m anualitzat: 73% (-27%). Gap: 0€/any. Tendència negativa clara. Intervenir amb urgència.,0.0,
18442,Madrid,Anestesia,en_risc,1.0,3410.04,4053.33,0.0,-21,2025-12-01,risc_fuga,alta,delegat,79.7,0,0.0,Client en RISC de fuga (fidel). Share 12m: 100% → Share últims 3m anualitzat: 57% (-43%). Gap: 0€/any. Tendència negativa clara. Intervenir amb urgència.,0.0,
7000,Barcelona,Anestesia,fidel,1.0,6820.08,8824.35,0.0,73,2025-12-01,reposicio_pendent,baixa,televenda,48.8,24,0.0,Client FIDEL d'Anestesia amb lleuger retard (24 dies). Cicle habitual: 49 dies. Seguiment rutina.,0.99,2025-11-06
28215,Madrid,Anestesia,fidel,1.0,2223.12,2449.77,0.0,59,2025-12-01,reposicio_pendent,baixa,televenda,48.6,10,0.0,Client FIDEL d'Anestesia amb lleuger retard (10 dies). Cicle habitual: 49 dies. Seguiment rutina.,0.44,2025-11-20
1000078194,Madrid,Bioseguridad,nou,1.0,1086.44,1395.1,0.0,-3,2025-12-01,monitoritzar,baixa,televenda,6.0,0,0.0,Client NOU (3 dies d'historial). Primers pedidos registrats. Fer seguiment de consolidació per assegurar fidelització.,,
41836,Ciudad Real,Anestesia,fidel,1.0,3410.04,3694.59,0.0,55,2025-12-01,reposicio_pendent,baixa,televenda,40.2,14,0.0,Client FIDEL d'Anestesia amb lleuger retard (14 dies). Cicle habitual: 40 dies. Seguiment rutina.,0.13,2025-11-16
42160,Madrid,Anestesia,en_risc,1.0,2223.12,2410.8,0.0,88,2025-12-01,risc_fuga,alta,delegat,55.0,33,0.0,Client en RISC de fuga (fidel). Share 12m: 100% → Share últims 3m anualitzat: 69% (-31%). Gap: 0€/any. Tendència negativa clara. Intervenir amb urgència.,0.83,
1000081988,Murcia,Anestesia,fidel,1.0,3410.04,8520.58,0.0,83,2025-12-01,reposicio_pendent,baixa,televenda,61.4,21,0.0,Client FIDEL d'Anestesia amb lleuger retard (21 dies). Cicle habitual: 61 dies. Seguiment rutina.,0.67,2025-11-09
42220,Madrid,Bioseguridad,fidel,1.0,1086.44,1231.15,0.0,59,2025-12-01,reposicio_pendent,baixa,televenda,45.1,13,0.0,Client FIDEL d'Bioseguridad amb lleuger retard (13 dies). Cicle habitual: 45 dies. Seguiment rutina.,0.24,2025-11-17
10536,Vizcaya,Bioseguridad,nou,1.0,1086.44,1101.76,0.0,14,2025-12-01,monitoritzar,baixa,televenda,,0,0.0,Client NOU (14 dies d'historial). Primers pedidos registrats. Fer seguiment de consolidació per assegurar fidelització.,,
1000070938,Madrid,Anestesia,fidel,1.0,3410.04,6698.43,0.0,66,2025-12-01,reposicio_pendent,baixa,televenda,48.1,17,0.0,Client FIDEL d'Anestesia amb lleuger retard (17 dies). Cicle habitual: 48 dies. Seguiment rutina.,0.56,2025-11-13
1000081723,Madrid,Bioseguridad,fidel,1.0,1086.44,2126.64,0.0,89,2025-12-01,reposicio_pendent,baixa,televenda,84.2,4,0.0,Client FIDEL d'Bioseguridad amb lleuger retard (4 dies). Cicle habitual: 84 dies. Seguiment rutina.,0.1,2025-11-26
8704,Madrid,Anestesia,fidel,1.0,5683.4,7650.14,0.0,83,2025-12-01,reposicio_pendent,baixa,televenda,78.4,4,0.0,Client FIDEL d'Anestesia amb lleuger retard (4 dies). Cicle habitual: 78 dies. Seguiment rutina.,0.08,2025-11-26
42494,Albacete,Bioseguridad,en_risc,1.0,1086.44,1168.18,0.0,45,2025-12-01,risc_fuga,mitjana,televenda,67.8,0,0.0,Client en RISC de fuga (fidel). Share 12m: 100% → Share últims 3m anualitzat: 73% (-27%). Gap: 0€/any. Tendència negativa clara. Intervenir amb urgència.,0.0,
37652,Toledo,Bioseguridad,fidel,1.0,1086.44,1454.84,0.0,87,2025-12-01,reposicio_pendent,baixa,televenda,70.6,16,0.0,Client FIDEL d'Bioseguridad amb lleuger retard (16 dies). Cicle habitual: 71 dies. Seguiment rutina.,0.19,2025-11-14
6656,Madrid,Anestesia,fidel,1.0,2223.12,3458.02,0.0,53,2025-12-01,reposicio_pendent,baixa,televenda,34.8,18,0.0,Client FIDEL d'Anestesia amb lleuger retard (18 dies). Cicle habitual: 35 dies. Seguiment rutina.,1.37,2025-11-12
42552,Tarragona,Anestesia,fidel,1.0,3410.04,22899.93,0.0,68,2025-12-01,reposicio_pendent,baixa,televenda,65.3,2,0.0,Client FIDEL d'Anestesia amb lleuger retard (2 dies). Cicle habitual: 65 dies. Seguiment rutina.,0.04,2025-11-28
24622,Cádiz,Bioseguridad,fidel,1.0,3334.68,5845.32,0.0,54,2025-12-01,reposicio_pendent,baixa,televenda,51.0,3,0.0,Client FIDEL d'Bioseguridad amb lleuger retard (3 dies). Cicle habitual: 51 dies. Seguiment rutina.,0.14,2025-11-28
6625,Baleares,Anestesia,en_risc,1.0,4546.72,5597.94,0.0,73,2025-12-01,risc_fuga,alta,delegat,113.0,0,0.0,Client en RISC de fuga (fidel). Share 12m: 100% → Share últims 3m anualitzat: 67% (-33%). Gap: 0€/any. Tendència negativa clara. Intervenir amb urgència.,0.0,
1000101706,Alicante,Anestesia,fidel,1.0,3410.04,5276.44,0.0,80,2025-12-01,reposicio_pendent,baixa,televenda,75.0,5,0.0,Client FIDEL d'Anestesia amb lleuger retard (5 dies). Cicle habitual: 75 dies. Seguiment rutina.,0.1,2025-11-26
37656,Toledo,Bioseguridad,en_risc,1.0,1086.44,1166.17,0.0,59,2025-12-01,risc_fuga,alta,delegat,38.3,20,0.0,Client en RISC de fuga (fidel). Share 12m: 100% → Share últims 3m anualitzat: 60% (-40%). Gap: 0€/any. Tendència negativa clara. Intervenir amb urgència.,0.81,
